accident_id,datetime,annee,mois,jour,heure,minute,departement,commune_insee,adresse,latitude,longitude,luminosite,agglomeration,intersection,meteo,collision,nb_vehicules,nb_usagers,nb_indemnes,nb_tues,nb_blesses_hosp,nb_blesses_legers,age_cond_1,age_cond_2,veh_type_cond_1,veh_type_cond_2,lum_code,agg_code,int_code,atm_code,col_code
201500000275,0015-12-20 15:00:00,15,12,20,15,0,620,443,,50.44234,2.64424,Plein jour,Hors agglomération,Hors intersection,Normale,Trois véhicules et plus - collisions multiples,,,,,,,,,,,1,1,1,1,5
201500000276,0015-01-02 15:00:00,15,1,2,15,0,620,21,,50.50713,1.85031,Plein jour,Hors agglomération,Hors intersection,Temps éblouissant,Autre collision,,,,,,,,,,,1,1,1,7,6
201500000277,0015-03-16 12:00:00,15,3,16,12,0,620,312,,50.49719,1.8174,Plein jour,Hors agglomération,Intersection en X,Normale,Deux véhicules - côté,,,,,,,,,,,1,1,2,1,3
201500000278,0015-04-19 11:45:00,15,4,19,11,45,620,870,,50.42552,1.71953,Plein jour,Hors agglomération,Hors intersection,Normale,Deux véhicules - côté,,,,,,,,,,,1,1,1,1,3
201500000279,0015-07-05 23:45:00,15,7,5,23,45,620,102,,50.64922,1.90464,Nuit sans éclairage public,Hors agglomération,Hors intersection,Normale,Deux véhicules - côté,,,,,,,,,,,3,1,1,1,3
201500000280,0015-07-10 15:45:00,15,7,10,15,45,620,176,ROUTE DEPARTEMENTALE 939,50.49908,1.69532,Plein jour,En agglomération,Hors intersection,Normale,Deux véhicules - côté,,,,,,,,,,,1,2,1,1,3
201500000281,0015-08-19 23:45:00,15,8,19,23,45,620,466,,50.49787,1.892,Nuit sans éclairage public,Hors agglomération,Hors intersection,Pluie légère,Autre collision,,,,,,,,,,,3,1,1,2,6
201500000282,0015-10-14 11:45:00,15,10,14,11,45,620,545,RUE PRINCIPALE,50.54656,1.93539,Plein jour,En agglomération,Hors intersection,Normale,Autre collision,,,,,,,,,,,1,2,1,1,6
201500000283,0015-01-30 01:45:00,15,1,30,1,45,620,201,route de widehem,50.56563,1.62163,Nuit sans éclairage public,En agglomération,Hors intersection,Normale,Autre collision,,,,,,,,,,,3,2,1,1,6
201500000284,0015-07-03 20:30:00,15,7,3,20,30,620,318,bd de l'impératrice,50.51596,1.63366,Plein jour,En agglomération,Hors intersection,Normale,Deux véhicules - côté,,,,,,,,,,,1,2,1,1,3
201500000285,0015-08-26 15:15:00,15,8,26,15,15,620,241,,50.56454,1.72606,Plein jour,Hors agglomération,Hors intersection,Normale,Deux véhicules - frontale,,,,,,,,,,,1,1,1,1,1
201500000286,0015-09-30 15:30:00,15,9,30,15,30,620,318,boulevard Descellers,50.51828,1.63042,Plein jour,En agglomération,Hors intersection,Normale,Deux véhicules - arrière,,,,,,,,,,,1,2,1,1,2
201500000287,0015-10-01 13:45:00,15,10,1,13,45,620,318,boulevard Lefèvre,50.51659,1.64229,Plein jour,En agglomération,Hors intersection,Normale,Autre collision,,,,,,,,,,,1,2,1,1,6
201500000288,0015-10-16 12:00:00,15,10,16,12,0,620,318,rue des berceaux,50.51529,1.64226,Plein jour,En agglomération,Hors intersection,Pluie légère,Autre collision,,,,,,,,,,,1,2,1,2,6
201500000289,0015-10-28 09:15:00,15,10,28,9,15,620,201,,50.54921,1.61872,Plein jour,Hors agglomération,Hors intersection,Pluie légère,Autre collision,,,,,,,,,,,1,1,1,2,6
201500000290,0015-02-08 15:00:00,15,2,8,15,0,620,745,RUE DE MARENLA,50.46706,1.90137,Plein jour,En agglomération,Hors intersection,Normale,Autre collision,,,,,,,,,,,1,2,1,1,6
201500000291,0015-02-12 16:45:00,15,2,12,16,45,620,783,656 rue du haut,50.34599,1.85577,Plein jour,En agglomération,Hors intersection,Normale,Autre collision,,,,,,,,,,,1,2,1,1,6
201500000292,0015-05-15 18:00:00,15,5,15,18,0,620,257,chemin de fruges,50.49363,2.06265,Plein jour,En agglomération,Hors intersection,Pluie légère,Sans collision,,,,,,,,,,,1,2,1,2,7
201500000293,0015-05-24 14:45:00,15,5,24,14,45,620,871,rue principale,50.42787,2.02298,Plein jour,En agglomération,Intersection en T,Normale,Deux véhicules - frontale,,,,,,,,,,,1,2,3,1,1
201500000294,0015-06-28 11:45:00,15,6,28,11,45,620,481,,50.28172,1.9809,Plein jour,Hors agglomération,Hors intersection,Normale,Autre collision,,,,,,,,,,,1,1,1,1,6
201500000295,0015-10-06 17:30:00,15,10,6,17,30,620,204,rue jean jacques,50.39558,1.86705,Plein jour,En agglomération,Hors intersection,Normale,Deux véhicules - frontale,,,,,,,,,,,1,2,1,1,1
201500000296,0015-10-26 17:00:00,15,10,26,17,0,620,743,,50.35228,2.03456,Crépuscule ou aube,Hors agglomération,Hors intersection,Normale,Deux véhicules - côté,,,,,,,,,,,2,1,1,1,3
201500000297,0015-11-05 21:30:00,15,11,5,21,30,620,359,,50.44296,2.07908,Nuit sans éclairage public,Hors agglomération,Hors intersection,Pluie légère,Autre collision,,,,,,,,,,,3,1,1,2,6
201500000298,0015-02-03 17:30:00,15,2,3,17,30,620,431,12 rue gaillot,50.65706,2.2173,Crépuscule ou aube,En agglomération,Hors intersection,Normale,Autre collision,,,,,,,,,,,2,2,1,1,6
201500000299,0015-05-28 09:00:00,15,5,28,9,0,620,313,,50.58725,2.32988,Plein jour,Hors agglomération,Hors intersection,Normale,Deux véhicules - côté,,,,,,,,,,,1,1,1,1,3
201500000300,0015-06-11 08:30:00,15,6,11,8,30,620,14,,50.63815,2.39665,Plein jour,Hors agglomération,Intersection en T,Temps éblouissant,Autre collision,,,,,,,,,,,1,1,3,7,6
201500000301,0015-06-13 18:45:00,15,6,13,18,45,620,543,,50.61636,2.30404,Plein jour,Hors agglomération,Intersection en X,Normale,Deux véhicules - côté,,,,,,,,,,,1,1,2,1,3
201500000302,0015-06-18 18:45:00,15,6,18,18,45,620,875,rue pottier,50.70905,2.3411,Plein jour,En agglomération,Hors intersection,Normale,Deux véhicules - frontale,,,,,,,,,,,1,2,1,1,1
201500000303,0015-07-02 17:00:00,15,7,2,17,0,620,14,rue du doyen,50.63973,2.39581,Plein jour,En agglomération,Hors intersection,Normale,Deux véhicules - frontale,,,,,,,,,,,1,2,1,1,1
201500000304,0015-08-03 08:00:00,15,8,3,8,0,620,811,GRAND RUE,50.6354,2.26013,Plein jour,En agglomération,Hors intersection,Normale,Deux véhicules - côté,,,,,,,,,,,1,2,1,1,3
201500000305,0015-10-21 18:30:00,15,10,21,18,30,620,811,rue de nielles,50.62989,2.244,Crépuscule ou aube,En agglomération,Autre intersection,Pluie légère,Autre collision,,,,,,,,,,,2,2,9,2,6
201500000306,0015-07-25 19:00:00,15,7,25,19,0,620,38,,50.88619,1.97221,Plein jour,Hors agglomération,Hors intersection,Normale,Deux véhicules - frontale,,,,,,,,,,,1,1,1,1,1
201500000307,0015-05-08 22:15:00,15,5,8,22,15,620,57,,50.86433,2.07823,Nuit sans éclairage public,Hors agglomération,Hors intersection,Normale,Deux véhicules - frontale,,,,,,,,,,,3,1,1,1,1
201500000308,0015-08-02 16:30:00,15,8,2,16,30,620,618,894 rue de l'industrie,50.82041,2.08602,Plein jour,En agglomération,Hors intersection,Normale,Autre collision,,,,,,,,,,,1,2,1,1,6
201500000309,0015-08-02 20:30:00,15,8,2,20,30,620,38,,50.86693,2.00656,Plein jour,Hors agglomération,Hors intersection,Normale,Autre collision,,,,,,,,,,,1,1,1,1,6
201500000310,0015-02-15 21:00:00,15,2,15,21,0,620,325,rue d'arras,50.59904,2.10126,Nuit sans éclairage public,En agglomération,Hors intersection,Brouillard / fumée,Sans collision,,,,,,,,,,,3,2,1,5,7
201500000311,0015-09-23 15:15:00,15,9,23,15,15,620,485,,50.55301,2.25889,Plein jour,En agglomération,Hors intersection,Normale,Deux véhicules - arrière,,,,,,,,,,,1,2,1,1,2
201500000312,0015-05-12 09:00:00,15,5,12,9,0,620,267,,50.57347,2.15389,Plein jour,Hors agglomération,Hors intersection,Normale,Autre collision,,,,,,,,,,,1,1,1,1,6
201500000313,0015-07-06 16:00:00,15,7,6,16,0,620,696,,50.58057,2.17973,Crépuscule ou aube,En agglomération,Hors intersection,Normale,Deux véhicules - côté,,,,,,,,,,,2,2,1,1,3
201500000314,0015-08-07 05:45:00,15,8,7,5,45,620,265,,50.64778,2.21786,Crépuscule ou aube,Hors agglomération,Hors intersection,Normale,Autre collision,,,,,,,,,,,2,1,1,1,6
201500000315,0015-02-17 14:00:00,15,2,17,14,0,620,245,,50.70374,1.99927,Plein jour,Hors agglomération,Hors intersection,Normale,Deux véhicules - frontale,,,,,,,,,,,1,1,1,1,1
201500000316,0015-02-26 14:00:00,15,2,26,14,0,620,467,RD 104,50.40535,2.20519,Plein jour,En agglomération,Hors intersection,Pluie légère,Deux véhicules - frontale,,,,,,,,,,,1,2,1,2,1
201500000317,0015-03-09 12:00:00,15,3,9,12,0,620,655,,50.38884,2.23798,Plein jour,Hors agglomération,Hors intersection,Normale,Autre collision,,,,,,,,,,,1,1,1,1,6
201500000318,0015-05-15 19:00:00,15,5,15,19,0,620,282,,50.38871,2.18571,Plein jour,Hors agglomération,Hors intersection,Normale,Deux véhicules - frontale,,,,,,,,,,,1,1,1,1,1
201500000319,0015-05-17 06:00:00,15,5,17,6,0,620,767,place maréchal Leclerc,50.38248,2.33674,Crépuscule ou aube,En agglomération,Place,Normale,Autre collision,,,,,,,,,,,2,2,7,1,6
201500000320,0015-06-18 19:15:00,15,6,18,19,15,620,868,RD98,50.34854,2.12994,Plein jour,En agglomération,Hors intersection,Normale,Deux véhicules - côté,,,,,,,,,,,1,2,1,1,3
201500000321,0015-06-26 12:00:00,15,6,26,12,0,620,451,,50.4766,2.27821,Plein jour,Hors agglomération,Autre intersection,Normale,Deux véhicules - frontale,,,,,,,,,,,1,1,9,1,1
201500000322,0015-07-13 15:00:00,15,7,13,15,0,620,740,,50.48132,2.36323,Plein jour,Hors agglomération,Hors intersection,Pluie légère,Deux véhicules - frontale,,,,,,,,,,,1,1,1,2,1
201500000323,0015-07-15 08:45:00,15,7,15,8,45,620,686,,50.37554,2.30313,Plein jour,Hors agglomération,Hors intersection,Pluie légère,Autre collision,,,,,,,,,,,1,1,1,2,6
201500000324,0015-01-17 06:45:00,15,1,17,6,45,620,784,,50.20546,2.53875,Crépuscule ou aube,Hors agglomération,Hors intersection,Autre,Autre collision,,,,,,,,,,,2,1,1,9,6
201500000325,0015-02-10 17:15:00,15,2,10,17,15,620,45,,50.34289,2.592,Plein jour,Hors agglomération,Intersection en X,Normale,Deux véhicules - côté,,,,,,,,,,,1,1,2,1,3
201500000326,0015-06-01 19:30:00,15,6,1,19,30,620,63,,50.28194,2.51549,Plein jour,Hors agglomération,Hors intersection,Normale,Autre collision,,,,,,,,,,,1,1,1,1,6
201500000327,0015-07-03 19:30:00,15,7,3,19,30,620,399,rue d'ARRAS (PK25),50.30631,2.60575,Plein jour,En agglomération,Hors intersection,Normale,Autre collision,,,,,,,,,,,1,2,1,1,6
201500000328,0015-07-08 14:30:00,15,7,8,14,30,620,84,Rue de l'égalité,50.24991,2.54923,Plein jour,En agglomération,Intersection en T,Normale,Deux véhicules - côté,,,,,,,,,,,1,2,3,1,3
201500000329,0015-07-17 15:15:00,15,7,17,15,15,620,785,rue bosquet à genièvre,50.34841,2.5606,Plein jour,En agglomération,Intersection en X,Normale,Deux véhicules - côté,,,,,,,,,,,1,2,2,1,3
201500000330,0015-08-05 09:30:00,15,8,5,9,30,620,820,,50.35631,2.47707,Plein jour,Hors agglomération,Hors intersection,Normale,Deux véhicules - arrière,,,,,,,,,,,1,1,1,1,2
201500000331,0015-09-27 15:00:00,15,9,27,15,0,620,45,,50.34432,2.58517,Plein jour,Hors agglomération,Hors intersection,Normale,Deux véhicules - arrière,,,,,,,,,,,1,1,1,1,2
201500000332,0015-10-15 19:00:00,15,10,15,19,0,620,785,,50.35302,2.55348,Nuit sans éclairage public,Hors agglomération,Hors intersection,Pluie légère,Deux véhicules - frontale,,,,,,,,,,,3,1,1,2,1
201500000333,0015-11-08 16:45:00,15,11,8,16,45,620,45,rue Leona Ocre,50.35016,2.58092,Plein jour,En agglomération,Hors intersection,Normale,Autre collision,,,,,,,,,,,1,2,1,1,6
201500000334,0015-05-24 09:45:00,15,5,24,9,45,620,45,,50.343,2.59147,Plein jour,Hors agglomération,Hors intersection,Normale,Deux véhicules - côté,,,,,,,,,,,1,1,1,1,3
201500000335,0015-03-06 16:30:00,15,3,6,16,30,620,577,,50.2965,2.21323,Plein jour,Hors agglomération,Hors intersection,Normale,Sans collision,,,,,,,,,,,1,1,1,1,7
201500000336,0015-06-03 19:15:00,15,6,3,19,15,620,361,,50.27692,2.29557,Plein jour,En agglomération,Hors intersection,Normale,Autre collision,,,,,,,,,,,1,2,1,1,6
201500000337,0015-08-17 18:45:00,15,8,17,18,45,620,283,,50.32485,2.28239,Plein jour,Hors agglomération,Hors intersection,Normale,Deux véhicules - côté,,,,,,,,,,,1,1,1,1,3
201500000338,0015-10-26 11:30:00,15,10,26,11,30,620,361,53 rue de doullens,50.27482,2.29206,Plein jour,En agglomération,Hors intersection,Normale,Autre collision,,,,,,,,,,,1,2,1,1,6
201500000339,0015-11-28 09:30:00,15,11,28,9,30,620,859,,50.23572,2.22997,Plein jour,Hors agglomération,Hors intersection,Normale,Deux véhicules - frontale,,,,,,,,,,,1,1,1,1,1
201500000340,0015-01-04 21:45:00,15,1,4,21,45,800,16,rond point rue lamarack,50.00293,2.65187,Nuit avec éclairage allumé,En agglomération,Giratoire,Normale,Deux véhicules - côté,,,,,,,,,,,5,2,6,1,3
201500000341,0015-02-04 14:30:00,15,2,4,14,30,800,16,60  rue de Birmingham,50.00321,2.65126,Plein jour,En agglomération,Hors intersection,Normale,Autre collision,,,,,,,,,,,1,2,1,1,6
201500000342,0015-03-18 16:30:00,15,3,18,16,30,800,16,RUE DU PONT BLANC,49.99955,2.64815,Plein jour,Hors agglomération,Hors intersection,Normale,Sans collision,,,,,,,,,,,1,1,1,1,7
201500000343,0015-05-06 07:45:00,15,5,6,7,45,800,16,Rue des Déportés,49.99383,2.65245,Plein jour,En agglomération,Hors intersection,Normale,Autre collision,,,,,,,,,,,1,2,1,1,6
201500000344,0015-05-29 16:45:00,15,5,29,16,45,800,16,RUE DE BIRMINGHAM,50.00323,2.651,Plein jour,Hors agglomération,Hors intersection,Normale,Autre collision,,,,,,,,,,,1,1,1,1,6
201500000345,0015-07-27 18:00:00,15,7,27,18,0,800,206,,50.0193,2.72739,Plein jour,Hors agglomération,Hors intersection,Pluie légère,Sans collision,,,,,,,,,,,1,1,1,2,7
201500000346,0015-08-01 03:45:00,15,8,1,3,45,800,468,D929,49.98152,2.57948,Nuit sans éclairage public,Hors agglomération,Autre intersection,Normale,Autre collision,,,,,,,,,,,3,1,9,1,6
201500000347,0015-08-22 18:45:00,15,8,22,18,45,800,47,,50.02543,2.66815,Plein jour,Hors agglomération,Hors intersection,Normale,Sans collision,,,,,,,,,,,1,1,1,1,7
201500000348,0015-10-30 11:30:00,15,10,30,11,30,800,16,"66, RUE JEAN JAURES",49.99797,2.65018,Plein jour,En agglomération,Hors intersection,Normale,Deux véhicules - frontale,,,,,,,,,,,1,2,1,1,1
201500000349,0015-11-14 13:15:00,15,11,14,13,15,800,16,"42, Rue des illieux",50.00423,2.65417,Plein jour,En agglomération,Hors intersection,Normale,Autre collision,,,,,,,,,,,1,2,1,1,6
201500000350,0015-12-14 07:45:00,15,12,14,7,45,800,16,Rue Victor Hugo,50.001,2.64931,Crépuscule ou aube,En agglomération,Intersection en T,Normale,Deux véhicules - côté,,,,,,,,,,,2,2,3,1,3
201500000351,0015-06-28 17:30:00,15,6,28,17,30,20,237,,,,Plein jour,Hors agglomération,Hors intersection,Normale,Deux véhicules - frontale,,,,,,,,,,,1,1,1,1,1
201500000352,0015-08-07 12:30:00,15,8,7,12,30,20,238,,,,Plein jour,Hors agglomération,Intersection en X,Normale,Deux véhicules - côté,,,,,,,,,,,1,1,2,1,3
201500000353,0015-06-02 12:15:00,15,6,2,12,15,20,464,,,,Plein jour,Hors agglomération,Hors intersection,Normale,Deux véhicules - frontale,,,,,,,,,,,1,1,1,1,1
201500000354,0015-06-05 22:45:00,15,6,5,22,45,20,610,,,,Nuit sans éclairage public,Hors agglomération,Hors intersection,Normale,Deux véhicules - côté,,,,,,,,,,,3,1,1,1,3
201500000355,0015-09-06 19:00:00,15,9,6,19,0,20,37,,,,Plein jour,Hors agglomération,Intersection en X,Normale,Deux véhicules - arrière,,,,,,,,,,,1,1,2,1,2
201500000356,0015-01-26 17:45:00,15,1,26,17,45,20,651,,,,Nuit sans éclairage public,Hors agglomération,Hors intersection,Pluie légère,Trois véhicules et plus - en chaîne,,,,,,,,,,,3,1,1,2,4
201500000357,0015-02-23 11:30:00,15,2,23,11,30,20,788,,,,Plein jour,Hors agglomération,Intersection en X,Pluie légère,Deux véhicules - côté,,,,,,,,,,,1,1,2,2,3
201500000358,0015-05-18 18:30:00,15,5,18,18,30,20,74,5 rue de charmes,,,Plein jour,En agglomération,Hors intersection,Normale,Autre collision,,,,,,,,,,,1,2,1,1,6
201500000359,0015-07-05 18:20:00,15,7,5,18,20,20,86,rue d'arblincourt,,,Plein jour,Hors agglomération,Hors intersection,Normale,Sans collision,,,,,,,,,,,1,1,1,1,7
201500000360,0015-07-22 16:15:00,15,7,22,16,15,20,41,rue de la république,,,Plein jour,En agglomération,Hors intersection,Normale,Trois véhicules et plus - en chaîne,,,,,,,,,,,1,2,1,1,4
201500000361,0015-08-08 20:15:00,15,8,8,20,15,20,139,,,,Crépuscule ou aube,Hors agglomération,Hors intersection,Normale,Sans collision,,,,,,,,,,,2,1,1,1,7
201500000362,0015-08-27 14:45:00,15,8,27,14,45,20,461,,,,Plein jour,Hors agglomération,Hors intersection,Pluie forte,Deux véhicules - frontale,,,,,,,,,,,1,1,1,3,1
201500000363,0015-09-25 09:45:00,15,9,25,9,45,20,173,,,,Plein jour,Hors agglomération,Intersection en X,Normale,Deux véhicules - arrière,,,,,,,,,,,1,1,2,1,2
201500000364,0015-09-21 10:45:00,15,9,21,10,45,20,74,Croisement D55-D554,,,Plein jour,En agglomération,Intersection en X,Normale,Deux véhicules - côté,,,,,,,,,,,1,2,2,1,3
201500000365,0015-11-09 12:00:00,15,11,9,12,0,20,746,,,,Plein jour,Hors agglomération,Hors intersection,Normale,Autre collision,,,,,,,,,,,1,1,1,1,6
201500000366,0015-12-18 18:30:00,15,12,18,18,30,20,807,,,,Nuit sans éclairage public,Hors agglomération,Hors intersection,Normale,Autre collision,,,,,,,,,,,3,1,1,1,6
201500000367,0015-06-17 18:45:00,15,6,17,18,45,20,541,,,,Plein jour,Hors agglomération,Hors intersection,Normale,Sans collision,,,,,,,,,,,1,1,1,1,7
201500000368,0015-07-26 06:30:00,15,7,26,6,30,20,453,les hautes rives,,,Plein jour,En agglomération,Hors intersection,Brouillard / fumée,Autre collision,,,,,,,,,,,1,2,1,5,6
201500000369,0015-08-19 21:15:00,15,8,19,21,15,20,803,,,,Nuit sans éclairage public,Hors agglomération,Intersection en X,Normale,Deux véhicules - arrière,,,,,,,,,,,3,1,2,1,2
201500000370,0015-09-05 05:15:00,15,9,5,5,15,20,106,,,,Nuit sans éclairage public,Hors agglomération,Hors intersection,Normale,Autre collision,,,,,,,,,,,3,1,1,1,6
201500000371,0015-09-15 16:00:00,15,9,15,16,0,20,778,,,,Plein jour,Hors agglomération,Hors intersection,Vent fort / tempête,Autre collision,,,,,,,,,,,1,1,1,6,6
201500000372,0015-10-31 15:30:00,15,10,31,15,30,20,696,7 rue aubigny,49.49771,3.81862,Plein jour,En agglomération,Hors intersection,Normale,Sans collision,,,,,,,,,,,1,2,1,1,7
201500000373,0015-01-17 01:30:00,15,1,17,1,30,20,301,5 rue de Marcilly,49.52836,3.46436,Nuit sans éclairage public,En agglomération,Hors intersection,Normale,Autre collision,,,,,,,,,,,3,2,1,1,6
201500000374,0015-06-21 02:15:00,15,6,21,2,15,20,363,,,,Nuit avec éclairage allumé,En agglomération,Intersection en T,Normale,Deux véhicules - côté,,,,,,,,,,,5,2,3,1,3
201500000375,0015-06-22 16:00:00,15,6,22,16,0,20,707,,,,Plein jour,Hors agglomération,Hors intersection,Pluie forte,Deux véhicules - côté,,,,,,,,,,,1,1,1,3,3
201500000376,0015-08-21 10:00:00,15,8,21,10,0,20,217,,,,Plein jour,Hors agglomération,Intersection en T,Normale,Deux véhicules - côté,,,,,,,,,,,1,1,3,1,3
201500000377,0015-10-04 17:00:00,15,10,4,17,0,20,318,,,,Plein jour,Hors agglomération,Hors intersection,Normale,Sans collision,,,,,,,,,,,1,1,1,1,7
201500000378,0015-03-26 23:15:00,15,3,26,23,15,20,720,,49.59457,3.91967,Nuit sans éclairage public,Hors agglomération,Hors intersection,Pluie légère,Autre collision,,,,,,,,,,,3,1,1,2,6
201500000379,0015-07-26 20:45:00,15,7,26,20,45,20,498,bois des broches,,,Plein jour,En agglomération,Hors intersection,Normale,Autre collision,,,,,,,,,,,1,2,1,1,6
201500000380,0015-09-28 11:00:00,15,9,28,11,0,20,720,,,,Plein jour,En agglomération,Intersection à plus de 4 branches,Temps éblouissant,Deux véhicules - frontale,,,,,,,,,,,1,2,5,7,1
201500000381,0015-11-01 07:15:00,15,11,1,7,15,20,705,,,,Plein jour,Hors agglomération,Hors intersection,Brouillard / fumée,Autre collision,,,,,,,,,,,1,1,1,5,6
201500000382,0015-01-30 19:30:00,15,1,30,19,30,20,645,,,,Nuit sans éclairage public,Hors agglomération,Hors intersection,Normale,Deux véhicules - frontale,,,,,,,,,,,3,1,1,1,1
201500000383,0015-03-30 17:45:00,15,3,30,17,45,20,94,,,,Plein jour,Hors agglomération,Hors intersection,Normale,Deux véhicules - côté,,,,,,,,,,,1,1,1,1,3
201500000384,0015-04-06 07:45:00,15,4,6,7,45,20,645,,,,Plein jour,Hors agglomération,Hors intersection,Normale,Autre collision,,,,,,,,,,,1,1,1,1,6
201500000385,0015-04-21 07:15:00,15,4,21,7,15,20,465,,49.05431,3.20058,Plein jour,Hors agglomération,Autre intersection,Normale,Deux véhicules - frontale,,,,,,,,,,,1,1,9,1,1
201500000386,0015-07-11 17:15:00,15,7,11,17,15,20,748,,,,Plein jour,Hors agglomération,Hors intersection,Normale,Autre collision,,,,,,,,,,,1,1,1,1,6
201500000387,0015-08-12 11:00:00,15,8,12,11,0,20,290,48 av. gal de Gaulle,,,Plein jour,En agglomération,Hors intersection,Normale,Autre collision,,,,,,,,,,,1,2,1,1,6
201500000388,0015-11-07 18:45:00,15,11,7,18,45,20,42,,,,Nuit sans éclairage public,Hors agglomération,Hors intersection,Normale,Deux véhicules - frontale,,,,,,,,,,,3,1,1,1,1
201500000389,0015-01-06 15:00:00,15,1,6,15,0,20,163,rue Emile Morlot,48.97712,3.28837,Plein jour,En agglomération,Hors intersection,Normale,Deux véhicules - côté,,,,,,,,,,,1,2,1,1,3
201500000390,0015-01-14 12:25:00,15,1,14,12,25,20,186,,,,Plein jour,Hors agglomération,Hors intersection,Pluie forte,Autre collision,,,,,,,,,,,1,1,1,3,6
201500000391,0015-07-05 15:00:00,15,7,5,15,0,20,443,Route de Torcy,,,Plein jour,En agglomération,Hors intersection,Normale,Deux véhicules - frontale,,,,,,,,,,,1,2,1,1,1
201500000392,0015-08-16 12:30:00,15,8,16,12,30,20,798,,,,Plein jour,Hors agglomération,Intersection en T,Normale,Deux véhicules - côté,,,,,,,,,,,1,1,3,1,3
201500000393,0015-12-16 14:45:00,15,12,16,14,45,20,163,12 avenue Fernand Drouet,,,Plein jour,En agglomération,Hors intersection,Temps couvert,Autre collision,,,,,,,,,,,1,2,1,8,6
201500000394,0015-06-09 14:30:00,15,6,9,14,30,20,699,,,,Plein jour,Hors agglomération,Intersection en X,Normale,Deux véhicules - côté,,,,,,,,,,,1,1,2,1,3
201500000395,0015-08-22 23:45:00,15,8,22,23,45,20,220,,,,Nuit sans éclairage public,Hors agglomération,Hors intersection,Normale,Sans collision,,,,,,,,,,,3,1,1,1,7
201500000396,0015-08-30 14:00:00,15,8,30,14,0,20,137,,,,Plein jour,Hors agglomération,Hors intersection,Normale,Deux véhicules - frontale,,,,,,,,,,,1,1,1,1,1
201500000397,0015-01-15 15:00:00,15,1,15,15,0,20,658,,,,Plein jour,Hors agglomération,Hors intersection,Pluie forte,Deux véhicules - côté,,,,,,,,,,,1,1,1,3,3
201500000398,0015-05-28 21:00:00,15,5,28,21,0,20,359,,,,Plein jour,Hors agglomération,Hors intersection,Normale,Deux véhicules - côté,,,,,,,,,,,1,1,1,1,3
201500000399,0015-07-16 18:30:00,15,7,16,18,30,20,420,,,,Plein jour,Hors agglomération,Hors intersection,Normale,Deux véhicules - frontale,,,,,,,,,,,1,1,1,1,1
201500000400,0015-12-01 08:00:00,15,12,1,8,0,20,481,,,,Plein jour,Hors agglomération,Hors intersection,Temps couvert,Deux véhicules - frontale,,,,,,,,,,,1,1,1,8,1
201500000401,0015-12-28 10:45:00,15,12,28,10,45,20,25,,,,Plein jour,Hors agglomération,Hors intersection,Normale,Autre collision,,,,,,,,,,,1,1,1,1,6
201500000402,0015-02-13 00:30:00,15,2,13,0,30,20,709,,,,Nuit sans éclairage public,Hors agglomération,Hors intersection,Brouillard / fumée,Sans collision,,,,,,,,,,,3,1,1,5,7
201500000403,0015-07-23 15:30:00,15,7,23,15,30,20,112,,,,Plein jour,En agglomération,Intersection en X,Normale,Deux véhicules - côté,,,,,,,,,,,1,2,2,1,3
201500000404,0015-07-23 14:00:00,15,7,23,14,0,20,95,,,,Plein jour,Hors agglomération,Hors intersection,Normale,Deux véhicules - frontale,,,,,,,,,,,1,1,1,1,1
201500000405,0015-08-07 16:30:00,15,8,7,16,30,20,618,,,,Plein jour,Hors agglomération,Hors intersection,Normale,Autre collision,,,,,,,,,,,1,1,1,1,6
201500000406,0015-10-31 16:30:00,15,10,31,16,30,20,635,,,,Crépuscule ou aube,En agglomération,Hors intersection,Temps éblouissant,Autre collision,,,,,,,,,,,2,2,1,7,6
201500000407,0015-12-09 14:45:00,15,12,9,14,45,20,95,RUE SAURET ROBERT,49.98672,3.45046,Plein jour,En agglomération,Hors intersection,Normale,Autre collision,,,,,,,,,,,1,2,1,1,6
201500000408,0015-05-20 11:30:00,15,5,20,11,30,20,287,55 RUE DE PARIS,,,Plein jour,En agglomération,Hors intersection,Normale,Autre collision,,,,,,,,,,,1,2,1,1,6
201500000409,0015-05-28 18:00:00,15,5,28,18,0,20,532,,,,Plein jour,Hors agglomération,Intersection en X,Normale,Deux véhicules - frontale,,,,,,,,,,,1,1,2,1,1
201500000410,0015-01-07 16:30:00,15,1,7,16,30,20,520,,,,Plein jour,Hors agglomération,Hors intersection,Normale,Deux véhicules - frontale,,,,,,,,,,,1,1,1,1,1
201500000411,0015-01-09 13:45:00,15,1,9,13,45,20,210,Route de vouziers,,,Plein jour,En agglomération,Hors intersection,Normale,Deux véhicules - arrière,,,,,,,,,,,1,2,1,1,2