accident_id,datetime,annee,mois,jour,heure,minute,departement,commune_insee,adresse,latitude,longitude,luminosite,agglomeration,intersection,meteo,collision,nb_vehicules,nb_usagers,nb_indemnes,nb_tues,nb_blesses_hosp,nb_blesses_legers,age_cond_1,age_cond_2,veh_type_cond_1,veh_type_cond_2,lum_code,agg_code,int_code,atm_code,col_code
201500000412,0015-04-07 23:45:00,15,4,7,23,45,20,54,,,,Nuit sans éclairage public,Hors agglomération,Hors intersection,Normale,Autre collision,,,,,,,,,,,3,1,1,1,6
201500000413,0015-04-23 07:15:00,15,4,23,7,15,20,633,,,,Plein jour,Hors agglomération,Intersection en Y,Normale,Deux véhicules - frontale,,,,,,,,,,,1,1,4,1,1
201500000414,0015-05-04 17:15:00,15,5,4,17,15,20,167,route de brunelle,49.38055,3.52309,Plein jour,Hors agglomération,Hors intersection,Pluie légère,Deux véhicules - frontale,,,,,,,,,,,1,1,1,2,1
201500000415,0015-06-08 08:30:00,15,6,8,8,30,20,589,,,,Plein jour,Hors agglomération,Intersection en X,Normale,Deux véhicules - arrière,,,,,,,,,,,1,1,2,1,2
201500000416,0015-06-14 04:45:00,15,6,14,4,45,20,54,,,,Crépuscule ou aube,Hors agglomération,Hors intersection,Normale,Deux véhicules - frontale,,,,,,,,,,,2,1,1,1,1
201500000417,0015-09-04 15:30:00,15,9,4,15,30,20,589,,,,Plein jour,Hors agglomération,Intersection en X,Normale,Deux véhicules - côté,,,,,,,,,,,1,1,2,1,3
201500000418,0015-10-18 09:00:00,15,10,18,9,0,20,523,,,,Plein jour,Hors agglomération,Hors intersection,Normale,Deux véhicules - frontale,,,,,,,,,,,1,1,1,1,1
201500000419,0015-12-03 18:00:00,15,12,3,18,0,20,54,,,,Nuit sans éclairage public,Hors agglomération,Hors intersection,Normale,Deux véhicules - arrière,,,,,,,,,,,3,1,1,1,2
201500000420,0015-12-04 09:30:00,15,12,4,9,30,20,758,avenue jean jaurès,,,Plein jour,En agglomération,Hors intersection,Normale,Autre collision,,,,,,,,,,,1,2,1,1,6
201500000421,0015-12-12 05:30:00,15,12,12,5,30,20,54,,,,Nuit sans éclairage public,Hors agglomération,Hors intersection,Pluie légère,Deux véhicules - frontale,,,,,,,,,,,3,1,1,2,1
201500000422,0015-04-08 21:30:00,15,4,8,21,30,20,185,,,,Nuit sans éclairage public,Hors agglomération,Hors intersection,Normale,Sans collision,,,,,,,,,,,3,1,1,1,7
201500000423,0015-02-16 12:00:00,15,2,16,12,0,20,558,,,,Plein jour,Hors agglomération,Hors intersection,Brouillard / fumée,Deux véhicules - frontale,,,,,,,,,,,1,1,1,5,1
201500000424,0015-03-20 19:15:00,15,3,20,19,15,20,403,,,,Nuit sans éclairage public,Hors agglomération,Hors intersection,Normale,Sans collision,,,,,,,,,,,3,1,1,1,7
201500000425,0015-05-16 07:45:00,15,5,16,7,45,20,308,,,,Plein jour,Hors agglomération,Intersection en X,Normale,Deux véhicules - côté,,,,,,,,,,,1,1,2,1,3
201500000426,0015-07-12 07:00:00,15,7,12,7,0,20,681,,,,Plein jour,Hors agglomération,Hors intersection,Normale,Sans collision,,,,,,,,,,,1,1,1,1,7
201500000427,0015-09-13 18:30:00,15,9,13,18,30,20,558,,,,Plein jour,Hors agglomération,Hors intersection,Pluie légère,Autre collision,,,,,,,,,,,1,1,1,2,6
201500000428,0015-10-29 17:45:00,15,10,29,17,45,20,379,,,,Crépuscule ou aube,Hors agglomération,Intersection en X,Normale,Deux véhicules - côté,,,,,,,,,,,2,1,2,1,3
201500000429,0015-02-16 15:00:00,15,2,16,15,0,20,361,rue Jean Moulin,,,Plein jour,En agglomération,Hors intersection,Normale,Autre collision,,,,,,,,,,,1,2,1,1,6
201500000430,0015-03-14 19:45:00,15,3,14,19,45,20,381,74 RUE CHARLES DE GAULLE,49.92044,4.08369,Nuit avec éclairage allumé,En agglomération,Hors intersection,Normale,Autre collision,,,,,,,,,,,5,2,1,1,6
201500000431,0015-03-24 17:00:00,15,3,24,17,0,20,381,rue albert 1er,49.92454,4.09082,Plein jour,En agglomération,Hors intersection,Normale,Autre collision,,,,,,,,,,,1,2,1,1,6
201500000432,0015-09-15 19:15:00,15,9,15,19,15,20,130,,,,Plein jour,Hors agglomération,Hors intersection,Normale,Deux véhicules - côté,,,,,,,,,,,1,1,1,1,3
201500000433,0015-10-02 10:00:00,15,10,2,10,0,20,495,,,,Plein jour,Hors agglomération,Hors intersection,Normale,Autre collision,,,,,,,,,,,1,1,1,1,6
201500000434,0015-10-13 17:15:00,15,10,13,17,15,20,381,51 Rue Albert 1er,,,Plein jour,En agglomération,Hors intersection,Normale,Autre collision,,,,,,,,,,,1,2,1,1,6
201500000435,0015-02-08 17:30:00,15,2,8,17,30,600,315,,49.45908,1.9332,Plein jour,Hors agglomération,Hors intersection,Normale,Sans collision,,,,,,,,,,,1,1,1,1,7
201500000436,0015-04-17 12:30:00,15,4,17,12,30,600,628,,49.41968,2.15318,Plein jour,Hors agglomération,Hors intersection,Normale,Trois véhicules et plus - collisions multiples,,,,,,,,,,,1,1,1,1,5
201500000437,0015-06-16 13:00:00,15,6,16,13,0,600,277,,49.42127,2.04231,Plein jour,Hors agglomération,Hors intersection,Normale,Deux véhicules - frontale,,,,,,,,,,,1,1,1,1,1
201500000438,0015-06-22 03:45:00,15,6,22,3,45,600,243,,49.49435,2.14754,Nuit sans éclairage public,Hors agglomération,Hors intersection,Normale,Autre collision,,,,,,,,,,,3,1,1,1,6
201500000439,0015-08-28 20:00:00,15,8,28,20,0,600,609,,49.46223,1.97735,Plein jour,Hors agglomération,Hors intersection,Normale,Deux véhicules - côté,,,,,,,,,,,1,1,1,1,3
201500000440,0015-09-05 01:00:00,15,9,5,1,0,600,9,RUE BOULET,49.40927,2.13559,Nuit avec éclairage allumé,En agglomération,Hors intersection,Normale,Autre collision,,,,,,,,,,,5,2,1,1,6
201500000441,0015-02-13 12:15:00,15,2,13,12,15,600,591,,49.41969,1.98848,Plein jour,Hors agglomération,Hors intersection,Normale,Deux véhicules - frontale,,,,,,,,,,,1,1,1,1,1
201500000442,0015-04-03 11:45:00,15,4,3,11,45,600,652,,49.30406,2.06072,Plein jour,Hors agglomération,Hors intersection,Normale,Sans collision,,,,,,,,,,,1,1,1,1,7
201500000443,0015-05-15 16:00:00,15,5,15,16,0,600,681,chemin communal 1,49.39842,1.94846,Plein jour,En agglomération,Hors intersection,Normale,Deux véhicules - frontale,,,,,,,,,,,1,2,1,1,1
201500000444,0015-06-01 18:30:00,15,6,1,18,30,600,616,,49.35566,1.7678,Plein jour,Hors agglomération,Hors intersection,Normale,Deux véhicules - côté,,,,,,,,,,,1,1,1,1,3
201500000445,0015-06-18 20:30:00,15,6,18,20,30,600,30,,49.38045,2.10255,Plein jour,Hors agglomération,Hors intersection,Normale,Trois véhicules et plus - en chaîne,,,,,,,,,,,1,1,1,1,4
201500000446,0015-07-06 08:15:00,15,7,6,8,15,600,187,,49.44468,1.82177,Plein jour,Hors agglomération,Hors intersection,Normale,Autre collision,,,,,,,,,,,1,1,1,1,6
201500000447,0015-08-01 18:30:00,15,8,1,18,30,600,220,"RN31, hameau les landron",49.441,1.87043,Plein jour,En agglomération,Hors intersection,Normale,Deux véhicules - côté,,,,,,,,,,,1,2,1,1,3
201500000448,0015-11-08 19:15:00,15,11,8,19,15,600,315,rue jehan legendre-d 22,49.47045,1.89899,Nuit avec éclairage allumé,En agglomération,Hors intersection,Normale,Deux véhicules - frontale,,,,,,,,,,,5,2,1,1,1
201500000449,0015-04-05 10:30:00,15,4,5,10,30,600,412,,49.18709,1.78655,Plein jour,Hors agglomération,Hors intersection,Normale,Sans collision,,,,,,,,,,,1,1,1,1,7
201500000450,0015-05-30 09:00:00,15,5,30,9,0,600,300,,49.30606,1.94162,Plein jour,Hors agglomération,Hors intersection,Normale,Deux véhicules - frontale,,,,,,,,,,,1,1,1,1,1
201500000451,0015-06-09 09:00:00,15,6,9,9,0,600,38,,49.28873,1.96341,Plein jour,Hors agglomération,Autre intersection,Normale,Deux véhicules - frontale,,,,,,,,,,,1,1,9,1,1
201500000452,0015-06-30 07:45:00,15,6,30,7,45,600,95,,49.24619,1.71239,Plein jour,Hors agglomération,Hors intersection,Normale,Deux véhicules - côté,,,,,,,,,,,1,1,1,1,3
201500000453,0015-08-10 12:15:00,15,8,10,12,15,600,644,,49.28726,1.81959,Plein jour,Hors agglomération,Hors intersection,Normale,Sans collision,,,,,,,,,,,1,1,1,1,7
201500000454,0015-09-03 23:00:00,15,9,3,23,0,600,644,D981,49.28751,1.80166,Nuit avec éclairage allumé,En agglomération,Giratoire,Normale,Autre collision,,,,,,,,,,,5,2,6,1,6
201500000455,0015-10-22 18:45:00,15,10,22,18,45,600,211,,49.31508,1.77466,Nuit avec éclairage non allumé,En agglomération,Hors intersection,Normale,Deux véhicules - côté,,,,,,,,,,,4,2,1,1,3
201500000456,0015-01-01 15:30:00,15,1,1,15,30,600,590,,49.53112,2.00311,Plein jour,Hors agglomération,Hors intersection,Normale,Autre collision,,,,,,,,,,,1,1,1,1,6
201500000457,0015-01-28 00:45:00,15,1,28,0,45,600,347,,49.72523,1.7591,Nuit sans éclairage public,Hors agglomération,Hors intersection,Normale,Autre collision,,,,,,,,,,,3,1,1,1,6
201500000458,0015-07-12 15:15:00,15,7,12,15,15,600,245,,49.64549,1.72195,Plein jour,Hors agglomération,Hors intersection,Normale,Autre collision,,,,,,,,,,,1,1,1,1,6
201500000459,0015-08-02 13:30:00,15,8,2,13,30,600,387,RD901,49.57419,1.95618,Plein jour,En agglomération,Giratoire,Normale,Autre collision,,,,,,,,,,,1,2,6,1,6
201500000460,0015-08-13 08:45:00,15,8,13,8,45,600,98,,49.65202,1.75709,Plein jour,Hors agglomération,Hors intersection,Normale,Autre collision,,,,,,,,,,,1,1,1,1,6
201500000461,0015-01-15 05:30:00,15,1,15,5,30,600,162,,49.2734,2.10657,Nuit sans éclairage public,Hors agglomération,Hors intersection,Vent fort / tempête,Deux véhicules - frontale,,,,,,,,,,,3,1,1,6,1
201500000462,0015-04-16 12:00:00,15,4,16,12,0,600,395,RUE LEDRU ROLLIN,49.23075,2.13792,Plein jour,En agglomération,Hors intersection,Normale,Sans collision,,,,,,,,,,,1,2,1,1,7
201500000463,0015-08-04 10:30:00,15,8,4,10,30,600,452,,49.20796,2.05084,Plein jour,Hors agglomération,Hors intersection,Normale,Autre collision,,,,,,,,,,,1,1,1,1,6
201500000464,0015-12-12 19:00:00,15,12,12,19,0,600,10,,49.20929,2.12332,Nuit sans éclairage public,Hors agglomération,Hors intersection,Pluie légère,Deux véhicules - frontale,,,,,,,,,,,3,1,1,2,1
201500000465,0015-01-17 07:00:00,15,1,17,7,0,600,469,,49.26531,2.20388,Nuit sans éclairage public,Hors agglomération,Hors intersection,Brouillard / fumée,Deux véhicules - côté,,,,,,,,,,,3,1,1,5,3
201500000466,0015-02-21 17:00:00,15,2,21,17,0,600,462,23 rue du Larris,49.33288,2.203,Plein jour,En agglomération,Hors intersection,Normale,Trois véhicules et plus - collisions multiples,,,,,,,,,,,1,2,1,1,5
201500000467,0015-04-09 18:00:00,15,4,9,18,0,600,462,Rue de Calais,49.33401,2.19832,Plein jour,En agglomération,Hors intersection,Normale,Deux véhicules - frontale,,,,,,,,,,,1,2,1,1,1
201500000468,0015-05-01 12:00:00,15,5,1,12,0,600,575,,49.29014,2.1973,Plein jour,En agglomération,Hors intersection,Normale,Autre collision,,,,,,,,,,,1,2,1,1,6
201500000469,0015-06-24 11:00:00,15,6,24,11,0,600,462,31 Rue de Paris,49.32598,2.20129,Plein jour,En agglomération,Hors intersection,Normale,Autre collision,,,,,,,,,,,1,2,1,1,6
201500000470,0015-07-19 08:30:00,15,7,19,8,30,600,575,,49.29946,2.19733,Plein jour,Hors agglomération,Hors intersection,Normale,Sans collision,,,,,,,,,,,1,1,1,1,7
201500000471,0015-08-18 13:30:00,15,8,18,13,30,600,504,RD 1001 - Hameau de Roye,49.35379,2.17772,Plein jour,En agglomération,Hors intersection,Normale,Trois véhicules et plus - collisions multiples,,,,,,,,,,,1,2,1,1,5
201500000472,0015-09-15 19:15:00,15,9,15,19,15,600,65,rue du Maréchal Joffre,49.3502,2.22916,Crépuscule ou aube,En agglomération,Hors intersection,Normale,Deux véhicules - frontale,,,,,,,,,,,2,2,1,1,1
201500000473,0015-10-01 14:15:00,15,10,1,14,15,600,330,Rue Madame,49.2961,2.15942,Plein jour,En agglomération,Intersection en X,Normale,Deux véhicules - côté,,,,,,,,,,,1,2,2,1,3
201500000474,0015-11-19 12:45:00,15,11,19,12,45,600,433,rue de la mare d'Orville,49.25671,2.19668,Plein jour,Hors agglomération,Hors intersection,Pluie légère,Autre collision,,,,,,,,,,,1,1,1,2,6
201500000475,0015-12-14 12:45:00,15,12,14,12,45,600,462,,49.33334,2.19866,Plein jour,Hors agglomération,Hors intersection,Temps couvert,Autre collision,,,,,,,,,,,1,1,1,8,6
201500000476,0015-12-15 16:15:00,15,12,15,16,15,600,135,,49.29892,2.25533,Plein jour,Hors agglomération,Hors intersection,Temps couvert,Deux véhicules - frontale,,,,,,,,,,,1,1,1,8,1
201500000477,0015-08-17 17:00:00,15,8,17,17,0,600,454,,49.40107,2.33927,Plein jour,Hors agglomération,Hors intersection,Normale,Deux véhicules - arrière,,,,,,,,,,,1,1,1,1,2
201500000478,0015-01-16 07:45:00,15,1,16,7,45,600,520,,49.50622,2.30355,Crépuscule ou aube,Hors agglomération,Hors intersection,Temps couvert,Deux véhicules - frontale,,,,,,,,,,,2,1,1,8,1
201500000479,0015-02-01 19:00:00,15,2,1,19,0,600,104,,49.62489,2.2653,Nuit sans éclairage public,Hors agglomération,Hors intersection,Pluie légère,Sans collision,,,,,,,,,,,3,1,1,2,7
201500000480,0015-04-05 07:00:00,15,4,5,7,0,600,58,,49.60092,2.32146,Crépuscule ou aube,Hors agglomération,Hors intersection,Normale,Deux véhicules - frontale,,,,,,,,,,,2,1,1,1,1
201500000481,0015-06-21 17:45:00,15,6,21,17,45,600,549,Rue de l'argilière,49.58169,2.08844,Plein jour,Hors agglomération,Hors intersection,Normale,Autre collision,,,,,,,,,,,1,1,1,1,6
201500000482,0015-09-16 13:30:00,15,9,16,13,30,600,457,,49.52943,2.19208,Plein jour,Hors agglomération,Hors intersection,Temps éblouissant,Deux véhicules - frontale,,,,,,,,,,,1,1,1,7,1
201500000483,0015-10-14 13:30:00,15,10,14,13,30,600,627,,49.63005,2.3554,Plein jour,Hors agglomération,Hors intersection,Normale,Deux véhicules - frontale,,,,,,,,,,,1,1,1,1,1
201500000484,0015-01-17 12:30:00,15,1,17,12,30,600,360,Rue Victor Hugo,49.32776,2.46063,Plein jour,En agglomération,Hors intersection,Normale,Autre collision,,,,,,,,,,,1,2,1,1,6
201500000485,0015-04-20 10:00:00,15,4,20,10,0,600,524,route de mouy,49.32324,2.44442,Plein jour,En agglomération,Autre intersection,Autre,Trois véhicules et plus - collisions multiples,,,,,,,,,,,1,2,9,9,5
201500000486,0015-04-19 11:15:00,15,4,19,11,15,600,360,,49.32925,2.46802,Plein jour,Hors agglomération,Autre intersection,Normale,Deux véhicules - côté,,,,,,,,,,,1,1,9,1,3
201500000487,0015-06-07 14:15:00,15,6,7,14,15,600,360,RUELLE MONHOMME,49.33071,2.4583,Plein jour,En agglomération,Hors intersection,Normale,Deux véhicules - frontale,,,,,,,,,,,1,2,1,1,1
201500000488,0015-07-09 10:00:00,15,7,9,10,0,600,360,44 rue Pasteur,49.33093,2.46117,Plein jour,En agglomération,Hors intersection,Normale,Autre collision,,,,,,,,,,,1,2,1,1,6
201500000489,0015-08-03 22:00:00,15,8,3,22,0,600,360,avenue Louis Aragon,49.33148,2.45605,Nuit avec éclairage allumé,En agglomération,Hors intersection,Normale,Autre collision,,,,,,,,,,,5,2,1,1,6
201500000490,0015-09-10 23:45:00,15,9,10,23,45,600,360,538 rue Michelet,49.32884,2.47229,Nuit avec éclairage allumé,En agglomération,Hors intersection,Normale,Autre collision,,,,,,,,,,,5,2,1,1,6
201500000491,0015-10-26 20:15:00,15,10,26,20,15,600,463,,49.27387,2.48627,Crépuscule ou aube,Hors agglomération,Hors intersection,Temps couvert,Autre collision,,,,,,,,,,,2,1,1,8,6
201500000492,0015-12-23 09:00:00,15,12,23,9,0,600,360,,49.34077,2.47737,Plein jour,Hors agglomération,Hors intersection,Normale,Deux véhicules - frontale,,,,,,,,,,,1,1,1,1,1
201500000493,0015-03-17 10:15:00,15,3,17,10,15,600,439,Chemi de la Grenouillere,49.31214,2.32798,Plein jour,En agglomération,Passage à niveau,Temps éblouissant,Deux véhicules - frontale,,,,,,,,,,,1,2,8,7,1
201500000494,0015-03-25 08:45:00,15,3,25,8,45,600,116,,49.30113,2.34453,Plein jour,Hors agglomération,Autre intersection,Temps couvert,Deux véhicules - côté,,,,,,,,,,,1,1,9,8,3
201500000495,0015-05-26 17:00:00,15,5,26,17,0,600,15,rue de l'église,49.32834,2.32737,Plein jour,En agglomération,Hors intersection,Normale,Sans collision,,,,,,,,,,,1,2,1,1,7
201500000496,0015-05-27 10:00:00,15,5,27,10,0,600,439,RUE DE LA REPUBLIQUE,49.32141,2.32301,Plein jour,En agglomération,Intersection en X,Normale,Deux véhicules - frontale,,,,,,,,,,,1,2,2,1,1
201500000497,0015-10-30 18:15:00,15,10,30,18,15,600,116,D929,49.33314,2.33534,Plein jour,En agglomération,Hors intersection,Normale,Deux véhicules - frontale,,,,,,,,,,,1,2,1,1,1
201500000498,0015-11-13 07:45:00,15,11,13,7,45,600,116,,49.29336,2.35764,Crépuscule ou aube,Hors agglomération,Hors intersection,Pluie légère,Deux véhicules - frontale,,,,,,,,,,,2,1,1,2,1
201500000499,0015-11-25 18:15:00,15,11,25,18,15,600,116,CD 12,49.29836,2.34651,Nuit sans éclairage public,En agglomération,Hors intersection,Pluie légère,Autre collision,,,,,,,,,,,3,2,1,2,6
201500000500,0015-11-28 17:30:00,15,11,28,17,30,600,116,RD12,49.2964,2.34735,Nuit avec éclairage non allumé,En agglomération,Hors intersection,Pluie légère,Autre collision,,,,,,,,,,,4,2,1,2,6
201500000501,0015-12-01 20:45:00,15,12,1,20,45,600,638,"361, rue d'en haut",49.35791,2.33,Nuit avec éclairage allumé,En agglomération,Hors intersection,Normale,Deux véhicules - côté,,,,,,,,,,,5,2,1,1,3
201500000502,0015-12-09 14:00:00,15,12,9,14,0,600,551,,49.28532,2.381,Plein jour,Hors agglomération,Hors intersection,Temps couvert,Autre collision,,,,,,,,,,,1,1,1,8,6
201500000503,0015-06-17 11:15:00,15,6,17,11,15,600,581,,49.50232,2.41044,Plein jour,Hors agglomération,Hors intersection,Normale,Trois véhicules et plus - collisions multiples,,,,,,,,,,,1,1,1,1,5
201500000504,0015-07-04 05:00:00,15,7,4,5,0,600,495,,49.53523,2.46129,Crépuscule ou aube,Hors agglomération,Hors intersection,Normale,Deux véhicules - frontale,,,,,,,,,,,2,1,1,1,1
201500000505,0015-07-04 11:00:00,15,7,4,11,0,600,468,rue de beauvais,49.49979,2.37213,Plein jour,En agglomération,Hors intersection,Normale,Autre collision,,,,,,,,,,,1,2,1,1,6
201500000506,0015-08-14 04:45:00,15,8,14,4,45,600,522,,49.55429,2.42524,Nuit avec éclairage allumé,Hors agglomération,Intersection en X,Normale,Deux véhicules - côté,,,,,,,,,,,5,1,2,1,3
201500000507,0015-12-03 06:45:00,15,12,3,6,45,600,177,,49.45656,2.5831,Crépuscule ou aube,Hors agglomération,Intersection en X,Normale,Deux véhicules - côté,,,,,,,,,,,2,1,2,1,3
201500000508,0015-05-07 12:30:00,15,5,7,12,30,600,156,23 rue de La Poste,49.43926,2.84293,Plein jour,En agglomération,Hors intersection,Normale,Deux véhicules - frontale,,,,,,,,,,,1,2,1,1,1
201500000509,0015-10-01 02:00:00,15,10,1,2,0,600,323,Ile Jean Lenoble,49.45609,2.86171,Nuit sans éclairage public,Hors agglomération,Hors intersection,Normale,Autre collision,,,,,,,,,,,3,1,1,1,6
201500000510,0015-01-25 03:15:00,15,1,25,3,15,600,338,,49.36748,2.77688,Nuit sans éclairage public,Hors agglomération,Hors intersection,Normale,Autre collision,,,,,,,,,,,3,1,1,1,6
201500000511,0015-01-26 22:30:00,15,1,26,22,30,600,579,,49.34648,2.93013,Nuit sans éclairage public,Hors agglomération,Hors intersection,Normale,Autre collision,,,,,,,,,,,3,1,1,1,6
201500000512,0015-06-03 05:15:00,15,6,3,5,15,600,369,,49.33137,2.71993,Nuit sans éclairage public,Hors agglomération,Hors intersection,Normale,Deux véhicules - côté,,,,,,,,,,,3,1,1,1,3
201500000513,0015-07-18 17:45:00,15,7,18,17,45,600,491,,49.36715,2.99471,Plein jour,Hors agglomération,Hors intersection,Normale,Autre collision,,,,,,,,,,,1,1,1,1,6
201500000514,0015-07-23 07:45:00,15,7,23,7,45,600,402,,49.35794,2.76122,Plein jour,Hors agglomération,Hors intersection,Normale,Deux véhicules - arrière,,,,,,,,,,,1,1,1,1,2
201500000515,0015-11-16 12:00:00,15,11,16,12,0,600,491,48 rue J-A Chauret,49.35099,2.98555,Plein jour,En agglomération,Hors intersection,Pluie légère,Sans collision,,,,,,,,,,,1,2,1,2,7
201500000516,0015-05-22 16:00:00,15,5,22,16,0,600,125,,49.40154,2.70649,Plein jour,Hors agglomération,Hors intersection,Temps éblouissant,Sans collision,,,,,,,,,,,1,1,1,7,7
201500000517,0015-08-15 08:30:00,15,8,15,8,30,600,441,,49.40334,2.67145,Crépuscule ou aube,Hors agglomération,Hors intersection,Pluie légère,Autre collision,,,,,,,,,,,2,1,1,2,6
201500000518,0015-08-15 19:30:00,15,8,15,19,30,600,24,,49.40312,2.67592,Plein jour,Hors agglomération,Hors intersection,Normale,Deux véhicules - côté,,,,,,,,,,,1,1,1,1,3
201500000519,0015-04-18 05:00:00,15,4,18,5,0,600,37,,49.58444,3.087,Nuit sans éclairage public,Hors agglomération,Hors intersection,Normale,Deux véhicules - côté,,,,,,,,,,,3,1,1,1,3
201500000520,0015-04-20 12:15:00,15,4,20,12,15,600,53,,49.65704,2.87303,Plein jour,Hors agglomération,Intersection en X,Normale,Deux véhicules - côté,,,,,,,,,,,1,1,2,1,3
201500000521,0015-06-26 05:00:00,15,6,26,5,0,570,76,GN 49.479  6.29,,,Plein jour,Hors agglomération,Hors intersection,Normale,Autre collision,,,,,,,,,,,1,1,1,1,6
201500000522,0015-08-06 20:00:00,15,8,6,20,0,570,323,GN 49.404 6.137,,,Plein jour,Hors agglomération,Hors intersection,Normale,Sans collision,,,,,,,,,,,1,1,1,1,7
201500000523,0015-10-13 23:15:00,15,10,13,23,15,570,76,RD1/RD64A-49.4776.29,,,Nuit avec éclairage allumé,En agglomération,Hors intersection,Normale,Autre collision,,,,,,,,,,,5,2,1,1,6
201500000524,0015-11-20 16:15:00,15,11,20,16,15,570,323,35 rue DE GAULLE,49.40614,6.15086,Plein jour,En agglomération,Hors intersection,Pluie légère,Autre collision,,,,,,,,,,,1,2,1,2,6
201500000525,0015-12-16 16:00:00,15,12,16,16,0,570,124,route de Thionville,,,Crépuscule ou aube,En agglomération,Hors intersection,Pluie légère,Autre collision,,,,,,,,,,,2,2,1,2,6
201500000526,0015-12-17 17:45:00,15,12,17,17,45,570,323,rue general de gaulle,,,Nuit avec éclairage allumé,En agglomération,Autre intersection,Normale,Autre collision,,,,,,,,,,,5,2,9,1,6
201500000527,0015-01-09 08:45:00,15,1,9,8,45,600,28,,49.21447,2.55764,Crépuscule ou aube,Hors agglomération,Hors intersection,Temps couvert,Trois véhicules et plus - collisions multiples,,,,,,,,,,,2,1,1,8,5
201500000528,0015-03-12 20:30:00,15,3,12,20,30,600,612,rue de l'epee,49.20022,2.57842,Nuit avec éclairage allumé,En agglomération,Hors intersection,Normale,Autre collision,,,,,,,,,,,5,2,1,1,6
201500000529,0015-06-07 05:15:00,15,6,7,5,15,600,612,,49.22532,2.58526,Crépuscule ou aube,Hors agglomération,Hors intersection,Normale,Autre collision,,,,,,,,,,,2,1,1,1,6
201500000530,0015-06-10 11:45:00,15,6,10,11,45,600,612,AVENUE ALBERT 1 ER,49.20365,2.5947,Plein jour,En agglomération,Hors intersection,Normale,Deux véhicules - frontale,,,,,,,,,,,1,2,1,1,1
201500000531,0015-07-01 20:15:00,15,7,1,20,15,600,612,,49.23647,2.585,Crépuscule ou aube,Hors agglomération,Hors intersection,Normale,Deux véhicules - côté,,,,,,,,,,,2,1,1,1,3
201500000532,0015-01-13 15:30:00,15,1,13,15,30,600,450,,49.21258,2.2907,Plein jour,Hors agglomération,Giratoire,Temps couvert,Sans collision,,,,,,,,,,,1,1,6,8,7
201500000533,0015-02-07 16:45:00,15,2,7,16,45,600,139,ROUTE DE BEAUMONT,49.16093,2.25646,Plein jour,En agglomération,Hors intersection,Temps éblouissant,Autre collision,,,,,,,,,,,1,2,1,7,6
201500000534,0015-05-23 08:15:00,15,5,23,8,15,600,139,,49.18228,2.23475,Plein jour,Hors agglomération,Hors intersection,Normale,Deux véhicules - côté,,,,,,,,,,,1,1,1,1,3
201500000535,0015-07-17 15:30:00,15,7,17,15,30,600,139,,49.17406,2.23156,Plein jour,Hors agglomération,Hors intersection,Normale,Deux véhicules - frontale,,,,,,,,,,,1,1,1,1,1
201500000536,0015-08-21 19:15:00,15,8,21,19,15,600,139,,49.16152,2.23582,Plein jour,Hors agglomération,Hors intersection,Normale,Deux véhicules - frontale,,,,,,,,,,,1,1,1,1,1
201500000537,0015-09-07 17:15:00,15,9,7,17,15,600,398,,49.17106,2.28652,Plein jour,Hors agglomération,Hors intersection,Normale,Deux véhicules - frontale,,,,,,,,,,,1,1,1,1,1
201500000538,0015-10-09 19:00:00,15,10,9,19,0,600,450,,49.22672,2.29721,Crépuscule ou aube,Hors agglomération,Hors intersection,Normale,Deux véhicules - frontale,,,,,,,,,,,2,1,1,1,1
201500000539,0015-09-26 07:00:00,15,9,26,7,0,600,517,,49.22813,2.22668,Crépuscule ou aube,Hors agglomération,Hors intersection,Normale,Deux véhicules - frontale,,,,,,,,,,,2,1,1,1,1
201500000540,0015-10-28 16:45:00,15,10,28,16,45,600,139,Zone commerciale LECLERC,49.15823,2.25529,Plein jour,En agglomération,Hors intersection,Normale,Autre collision,,,,,,,,,,,1,2,1,1,6
201500000541,0015-01-02 13:30:00,15,1,2,13,30,600,141,RD924A,49.19306,2.48297,Plein jour,En agglomération,Hors intersection,Normale,Deux véhicules - frontale,,,,,,,,,,,1,2,1,1,1
201500000542,0015-04-12 09:30:00,15,4,12,9,30,600,282,RUE BLANCHE,49.18687,2.41411,Plein jour,En agglomération,Hors intersection,Normale,Autre collision,,,,,,,,,,,1,2,1,1,6
201500000543,0015-05-02 02:00:00,15,5,2,2,0,600,589,,49.22285,2.4677,Nuit sans éclairage public,Hors agglomération,Giratoire,Normale,Sans collision,,,,,,,,,,,3,1,6,1,7
201500000544,0015-07-06 19:45:00,15,7,6,19,45,600,346,3ème av - av beaumont,49.16771,2.42309,Plein jour,En agglomération,Giratoire,Normale,Deux véhicules - côté,,,,,,,,,,,1,2,6,1,3
201500000545,0015-07-18 15:30:00,15,7,18,15,30,600,282,,49.20898,2.45151,Plein jour,Hors agglomération,Hors intersection,Normale,Deux véhicules - frontale,,,,,,,,,,,1,1,1,1,1