accident_id,datetime,annee,mois,jour,heure,minute,departement,commune_insee,adresse,latitude,longitude,luminosite,agglomeration,intersection,meteo,collision,nb_vehicules,nb_usagers,nb_indemnes,nb_tues,nb_blesses_hosp,nb_blesses_legers,age_cond_1,age_cond_2,veh_type_cond_1,veh_type_cond_2,lum_code,agg_code,int_code,atm_code,col_code
201500001335,0015-12-10 19:00:00,15,12,10,19,0,140,456,RD613 PK49+500,49.1184,-0.17692,Nuit avec éclairage allumé,En agglomération,Hors intersection,Normale,Autre collision,,,,,,,,,,,5,2,1,1,6
201500001336,0015-06-07 11:35:00,15,6,7,11,35,140,166,,49.2912,-0.28261,Plein jour,En agglomération,Intersection en X,Normale,Deux véhicules - côté,,,,,,,,,,,1,2,2,1,3
201500001337,0015-11-01 17:45:00,15,11,1,17,45,140,530,,,,Plein jour,Hors agglomération,Hors intersection,Normale,Deux véhicules - frontale,,,,,,,,,,,1,1,1,1,1
201500001338,0015-05-29 08:45:00,15,5,29,8,45,140,752,RUE DES MOUETTES,49.0809,-0.64621,Plein jour,En agglomération,Intersection en T,Normale,Deux véhicules - côté,,,,,,,,,,,1,2,3,1,3
201500001339,0015-08-21 14:15:00,15,8,21,14,15,140,449,D217,49.1152,-0.60219,Plein jour,En agglomération,Intersection en X,Normale,Deux véhicules - côté,,,,,,,,,,,1,2,2,1,3
201500001340,0015-09-25 17:15:00,15,9,25,17,15,140,37,,49.0714,-0.5574,Plein jour,Hors agglomération,Hors intersection,Normale,Autre collision,,,,,,,,,,,1,1,1,1,6
201500001341,0015-12-27 15:45:00,15,12,27,15,45,140,353,,49.0796,-0.55631,Plein jour,Hors agglomération,Hors intersection,Normale,Deux véhicules - frontale,,,,,,,,,,,1,1,1,1,1
201500001342,0015-04-17 21:15:00,15,4,17,21,15,140,328,,49.2193,-0.23983,Nuit sans éclairage public,Hors agglomération,Hors intersection,Normale,Deux véhicules - arrière,,,,,,,,,,,3,1,1,1,2
201500001343,0015-05-01 16:45:00,15,5,1,16,45,140,698,,49.2046,-0.21756,Plein jour,Hors agglomération,Hors intersection,Normale,Autre collision,,,,,,,,,,,1,1,1,1,6
201500001344,0015-06-22 20:15:00,15,6,22,20,15,140,530,,49.234,-0.26862,Plein jour,Hors agglomération,Hors intersection,Temps éblouissant,Deux véhicules - frontale,,,,,,,,,,,1,1,1,7,1
201500001345,0015-08-16 17:45:00,15,8,16,17,45,140,698,,49.1983,-0.20778,Plein jour,Hors agglomération,Hors intersection,Normale,Autre collision,,,,,,,,,,,1,1,1,1,6
201500001346,0015-09-01 10:15:00,15,9,1,10,15,140,640,,49.161,-0.17395,Plein jour,Hors agglomération,Intersection en Y,Normale,Deux véhicules - arrière,,,,,,,,,,,1,1,4,1,2
201500001347,0015-10-20 15:30:00,15,10,20,15,30,140,46,,49.2308,-0.21643,Plein jour,Hors agglomération,Hors intersection,Normale,Deux véhicules - côté,,,,,,,,,,,1,1,1,1,3
201500001348,0015-11-06 23:30:00,15,11,6,23,30,140,666,,49.174,-0.25295,Nuit sans éclairage public,Hors agglomération,Hors intersection,Normale,Deux véhicules - arrière,,,,,,,,,,,3,1,1,1,2
201500001349,0015-12-15 17:30:00,15,12,15,17,30,140,712,"RUE DE ROUEN, LA POSTE",49.1822,-0.18235,Nuit avec éclairage allumé,En agglomération,Hors intersection,Pluie légère,Autre collision,,,,,,,,,,,5,2,1,2,6
201500001350,0015-02-16 14:15:00,15,2,16,14,15,140,47,RTE DE VAUX SUR AURE,49.2859,-0.70389,Plein jour,En agglomération,Hors intersection,Pluie légère,Deux véhicules - côté,,,,,,,,,,,1,2,1,2,3
201500001351,0015-04-25 11:30:00,15,4,25,11,30,140,47,59 AVENUE GEORGES CLÉMEN,49.2762,-0.69436,Plein jour,En agglomération,Hors intersection,Normale,Autre collision,,,,,,,,,,,1,2,1,1,6
201500001352,0015-05-17 18:00:00,15,5,17,18,0,140,322,,49.2535,-0.70985,Plein jour,Hors agglomération,Hors intersection,Normale,Autre collision,,,,,,,,,,,1,1,1,1,6
201500001353,0015-05-31 10:45:00,15,5,31,10,45,140,680,,49.2991,-0.73166,Plein jour,Hors agglomération,Intersection en X,Normale,Deux véhicules - côté,,,,,,,,,,,1,1,2,1,3
201500001354,0015-06-29 10:45:00,15,6,29,10,45,140,732,,,,Plein jour,Hors agglomération,Hors intersection,Normale,Autre collision,,,,,,,,,,,1,1,1,1,6
201500001355,0015-06-26 14:00:00,15,6,26,14,0,140,680,,49.306,-0.73853,Plein jour,Hors agglomération,Hors intersection,Normale,Autre collision,,,,,,,,,,,1,1,1,1,6
201500001356,0015-07-17 15:45:00,15,7,17,15,45,140,47,,,,Plein jour,Hors agglomération,Hors intersection,Pluie forte,Deux véhicules - côté,,,,,,,,,,,1,1,1,3,3
201500001357,0015-08-03 15:15:00,15,8,3,15,15,140,47,BOULEVARD EINDHOVEN,,,Plein jour,En agglomération,Hors intersection,Normale,Autre collision,,,,,,,,,,,1,2,1,1,6
201500001358,0015-09-22 12:00:00,15,9,22,12,0,140,322,,49.2461,-0.70775,Plein jour,Hors agglomération,Hors intersection,Normale,Deux véhicules - frontale,,,,,,,,,,,1,1,1,1,1
201500001359,0015-10-10 01:00:00,15,10,10,1,0,140,700,,,,Nuit sans éclairage public,Hors agglomération,Hors intersection,Normale,Autre collision,,,,,,,,,,,3,1,1,1,6
201500001360,0015-12-15 17:30:00,15,12,15,17,30,140,47,RUE MONTFIQUET,,,Nuit avec éclairage allumé,En agglomération,Hors intersection,Pluie légère,Autre collision,,,,,,,,,,,5,2,1,2,6
201500001361,0015-12-17 09:45:00,15,12,17,9,45,140,47,PLACE QUEBEC,,,Plein jour,En agglomération,Place,Normale,Autre collision,,,,,,,,,,,1,2,7,1,6
201500001362,0015-02-27 19:45:00,15,2,27,19,45,140,439,,49.3168,-1.02001,Nuit sans éclairage public,Hors agglomération,Hors intersection,Temps couvert,Deux véhicules - côté,,,,,,,,,,,3,1,1,8,3
201500001363,0015-03-06 17:45:00,15,3,6,17,45,140,342,RUE DU DOCTEUR BOUTROIS,49.3201,-1.09884,Plein jour,En agglomération,Hors intersection,Normale,Autre collision,,,,,,,,,,,1,2,1,1,6
201500001364,0015-03-28 16:00:00,15,3,28,16,0,140,551,,49.3261,-0.82401,Plein jour,Hors agglomération,Intersection en X,Pluie légère,Deux véhicules - côté,,,,,,,,,,,1,1,2,2,3
201500001365,0015-05-03 21:30:00,15,5,3,21,30,140,136,,49.3465,-1.07665,Nuit sans éclairage public,Hors agglomération,Hors intersection,Normale,Autre collision,,,,,,,,,,,3,1,1,1,6
201500001366,0015-06-30 22:00:00,15,6,30,22,0,140,705,,49.2325,-0.93503,Crépuscule ou aube,Hors agglomération,Hors intersection,Normale,Autre collision,,,,,,,,,,,2,1,1,1,6
201500001367,0015-07-29 20:45:00,15,7,29,20,45,140,103,D5 - RUE DE BAYEUX,49.2453,-0.86312,Plein jour,En agglomération,Intersection en T,Normale,Deux véhicules - frontale,,,,,,,,,,,1,2,3,1,1
201500001368,0015-08-05 17:45:00,15,8,5,17,45,140,551,,49.3261,-0.82401,Plein jour,Hors agglomération,Intersection en X,Normale,Deux véhicules - côté,,,,,,,,,,,1,1,2,1,3
201500001369,0015-12-01 13:30:00,15,12,1,13,30,140,551,,49.3286,-0.8241,Plein jour,Hors agglomération,Hors intersection,Normale,Autre collision,,,,,,,,,,,1,1,1,1,6
201500001370,0015-12-12 23:15:00,15,12,12,23,15,140,312,RD 113,49.3777,-1.04762,Nuit avec éclairage allumé,En agglomération,Hors intersection,Pluie légère,Autre collision,,,,,,,,,,,5,2,1,2,6
201500001371,0015-02-06 08:15:00,15,2,6,8,15,140,88,CD 658,48.9585,-0.23009,Plein jour,En agglomération,Intersection en X,Normale,Deux véhicules - côté,,,,,,,,,,,1,2,2,1,3
201500001372,0015-04-01 14:45:00,15,4,1,14,45,140,53,,48.8878,-0.07996,Plein jour,Hors agglomération,Hors intersection,Normale,Sans collision,,,,,,,,,,,1,1,1,1,7
201500001373,0015-06-26 19:30:00,15,6,26,19,30,140,498,,48.883,-0.09284,Plein jour,Hors agglomération,Hors intersection,Normale,Sans collision,,,,,,,,,,,1,1,1,1,7
201500001374,0015-10-16 17:15:00,15,10,16,17,15,140,753,,48.9442,-0.26503,Plein jour,Hors agglomération,Hors intersection,Temps couvert,Deux véhicules - côté,,,,,,,,,,,1,1,1,8,3
201500001375,0015-10-30 17:45:00,15,10,30,17,45,140,258,RUE TRINITÉ,,,Crépuscule ou aube,En agglomération,Autre intersection,Normale,Trois véhicules et plus - collisions multiples,,,,,,,,,,,2,2,9,1,5
201500001376,0015-10-13 17:00:00,15,10,13,17,0,140,258,RUE SAINT JEAN,,,Plein jour,En agglomération,Hors intersection,Normale,Autre collision,,,,,,,,,,,1,2,1,1,6
201500001377,0015-12-06 20:00:00,15,12,6,20,0,140,501,,48.8851,-0.40671,Nuit sans éclairage public,Hors agglomération,Hors intersection,Normale,Autre collision,,,,,,,,,,,3,1,1,1,6
201500001378,0015-02-21 18:15:00,15,2,21,18,15,140,689,,48.9765,-0.47467,Plein jour,Hors agglomération,Hors intersection,Normale,Trois véhicules et plus - collisions multiples,,,,,,,,,,,1,1,1,1,5
201500001379,0015-12-11 06:45:00,15,12,11,6,45,140,703,,48.9605,-0.31033,Crépuscule ou aube,En agglomération,Hors intersection,Normale,Autre collision,,,,,,,,,,,2,2,1,1,6
201500001380,0015-01-05 07:30:00,15,1,5,7,30,140,201,CD 613 - ROUTE DE PARIS,49.1184,0.0165,Crépuscule ou aube,En agglomération,Hors intersection,Normale,Autre collision,,,,,,,,,,,2,2,1,1,6
201500001381,0015-01-18 03:45:00,15,1,18,3,45,140,82,,49.1334,0.12114,Nuit sans éclairage public,Hors agglomération,Hors intersection,Normale,Autre collision,,,,,,,,,,,3,1,1,1,6
201500001382,0015-01-28 08:00:00,15,1,28,8,0,140,431,AVENUE JEAN JAUR?S,49.0729,-0.07597,Nuit avec éclairage allumé,En agglomération,Hors intersection,Normale,Autre collision,,,,,,,,,,,5,2,1,1,6
201500001383,0015-02-21 20:00:00,15,2,21,20,0,140,431,RUE JULES GUESDE,49.0786,-0.06142,Nuit avec éclairage allumé,En agglomération,Intersection en X,Neige / grêle,Deux véhicules - côté,,,,,,,,,,,5,2,2,4,3
201500001384,0015-03-12 18:45:00,15,3,12,18,45,140,81,ROUTE DEPARTEMENTALE 154,49.0221,0.05164,Crépuscule ou aube,En agglomération,Hors intersection,Normale,Deux véhicules - frontale,,,,,,,,,,,2,2,1,1,1
201500001385,0015-04-18 16:30:00,15,4,18,16,30,140,362,,49.0658,0.14219,Plein jour,Hors agglomération,Hors intersection,Normale,Autre collision,,,,,,,,,,,1,1,1,1,6
201500001386,0015-05-15 21:30:00,15,5,15,21,30,140,697,,48.9944,-0.01972,Crépuscule ou aube,Hors agglomération,Hors intersection,Normale,Sans collision,,,,,,,,,,,2,1,1,1,7
201500001387,0015-06-07 19:00:00,15,6,7,19,0,140,337,,49.1248,0.10135,Plein jour,Hors agglomération,Hors intersection,Normale,Autre collision,,,,,,,,,,,1,1,1,1,6
201500001388,0015-08-13 15:00:00,15,8,13,15,0,140,431,,49.0829,-0.0864,Plein jour,Hors agglomération,Hors intersection,Pluie forte,Autre collision,,,,,,,,,,,1,1,1,3,6
201500001389,0015-08-13 17:50:00,15,8,13,17,50,140,654,ROUTE DE CAEN,49.0251,-0.04538,Plein jour,Hors agglomération,Intersection en T,Normale,Deux véhicules - côté,,,,,,,,,,,1,1,3,1,3
201500001390,0015-09-09 21:30:00,15,9,9,21,30,140,208,,49.1112,-0.10889,Nuit sans éclairage public,Hors agglomération,Hors intersection,Normale,Sans collision,,,,,,,,,,,3,1,1,1,7
201500001391,0015-09-11 22:15:00,15,9,11,22,15,140,697,,48.9692,0.06778,Nuit sans éclairage public,Hors agglomération,Hors intersection,Normale,Autre collision,,,,,,,,,,,3,1,1,1,6
201500001392,0015-12-24 06:30:00,15,12,24,6,30,140,345,,,,Nuit sans éclairage public,Hors agglomération,Hors intersection,Normale,Sans collision,,,,,,,,,,,3,1,1,1,7
201500001393,0015-11-24 10:30:00,15,11,24,10,30,140,403,,,,Plein jour,Hors agglomération,Autre intersection,Pluie légère,Deux véhicules - côté,,,,,,,,,,,1,1,9,2,3
201500001394,0015-12-10 09:20:00,15,12,10,9,20,140,478,,49.0123,0.40933,Plein jour,Hors agglomération,Intersection en X,Temps couvert,Autre collision,,,,,,,,,,,1,1,2,8,6
201500001395,0015-03-18 16:30:00,15,3,18,16,30,140,41,,49.3938,0.19039,Plein jour,Hors agglomération,Hors intersection,Normale,Deux véhicules - frontale,,,,,,,,,,,1,1,1,1,1
201500001396,0015-03-25 07:00:00,15,3,25,7,0,140,32,,49.286,0.29865,Crépuscule ou aube,Hors agglomération,Hors intersection,Neige / grêle,Deux véhicules - frontale,,,,,,,,,,,2,1,1,4,1
201500001397,0015-04-10 19:30:00,15,4,10,19,30,140,102,,49.2297,0.21748,Plein jour,En agglomération,Hors intersection,Normale,Deux véhicules - côté,,,,,,,,,,,1,2,1,1,3
201500001398,0015-05-30 20:00:00,15,5,30,20,0,140,534,,49.2641,0.14221,Plein jour,Hors agglomération,Hors intersection,Normale,Autre collision,,,,,,,,,,,1,1,1,1,6
201500001399,0015-07-04 14:45:00,15,7,4,14,45,140,528,,49.327,0.2961,Plein jour,En agglomération,Intersection en X,Normale,Deux véhicules - côté,,,,,,,,,,,1,2,2,1,3
201500001400,0015-07-17 00:30:00,15,7,17,0,30,140,644,,49.1906,0.30112,Nuit sans éclairage public,Hors agglomération,Hors intersection,Normale,Autre collision,,,,,,,,,,,3,1,1,1,6
201500001401,0015-07-26 03:00:00,15,7,26,3,0,140,86,,49.3393,0.12506,Nuit sans éclairage public,Hors agglomération,Hors intersection,Normale,Deux véhicules - frontale,,,,,,,,,,,3,1,1,1,1
201500001402,0015-07-26 15:45:00,15,7,26,15,45,140,399,,49.2654,0.21096,Plein jour,Hors agglomération,Hors intersection,Normale,Deux véhicules - frontale,,,,,,,,,,,1,1,1,1,1
201500001403,0015-08-06 11:30:00,15,8,6,11,30,140,131,,49.3179,0.13407,Plein jour,En agglomération,Hors intersection,Normale,Deux véhicules - frontale,,,,,,,,,,,1,2,1,1,1
201500001404,0015-12-03 21:45:00,15,12,3,21,45,140,514,,49.2723,0.16757,Nuit sans éclairage public,Hors agglomération,Intersection en T,Temps couvert,Deux véhicules - frontale,,,,,,,,,,,3,1,3,8,1
201500001405,0015-06-24 19:30:00,15,6,24,19,30,140,660,CHEMIN DE L'ÉGLISE,49.2912,-0.00184,Plein jour,En agglomération,Passage à niveau,Normale,Autre collision,,,,,,,,,,,1,2,8,1,6
201500001406,0015-07-04 19:30:00,15,7,4,19,30,140,93,CD45 BRANVILLE,49.2739,0.02193,Plein jour,En agglomération,Hors intersection,Normale,Deux véhicules - frontale,,,,,,,,,,,1,2,1,1,1
201500001407,0015-07-16 12:15:00,15,7,16,12,15,140,316,,49.2639,-0.04287,Plein jour,Hors agglomération,Intersection en X,Normale,Deux véhicules - frontale,,,,,,,,,,,1,1,2,1,1
201500001408,0015-07-29 13:00:00,15,7,29,13,0,140,494,,49.2717,-0.10376,Plein jour,Hors agglomération,Intersection en T,Normale,Deux véhicules - côté,,,,,,,,,,,1,1,3,1,3
201500001409,0015-08-23 17:00:00,15,8,23,17,0,140,126,,49.1412,0.0617,Plein jour,Hors agglomération,Intersection en X,Normale,Deux véhicules - côté,,,,,,,,,,,1,1,2,1,3
201500001410,0015-09-12 08:30:00,15,9,12,8,30,140,335,CD78,49.1695,-0.05328,Crépuscule ou aube,En agglomération,Hors intersection,Pluie légère,Deux véhicules - côté,,,,,,,,,,,2,2,1,2,3
201500001411,0015-09-30 07:00:00,15,9,30,7,0,140,473,,49.1162,0.02989,Crépuscule ou aube,Hors agglomération,Hors intersection,Normale,Deux véhicules - frontale,,,,,,,,,,,2,1,1,1,1
201500001412,0015-10-06 17:15:00,15,10,6,17,15,140,645,,49.2981,0.02319,Plein jour,Hors agglomération,Intersection en T,Temps couvert,Deux véhicules - côté,,,,,,,,,,,1,1,3,8,3
201500001413,0015-10-30 21:30:00,15,10,30,21,30,140,229,ROUTE DU MESNIL DA,,,Nuit avec éclairage allumé,En agglomération,Autre intersection,Normale,Deux véhicules - côté,,,,,,,,,,,5,2,9,1,3
201500001414,0015-11-13 09:00:00,15,11,13,9,0,140,305,,49.2753,-0.0596,Plein jour,Hors agglomération,Hors intersection,Normale,Trois véhicules et plus - collisions multiples,,,,,,,,,,,1,1,1,1,5
201500001415,0015-05-22 13:10:00,15,5,22,13,10,140,618,,48.9009,-0.89708,Plein jour,Hors agglomération,Hors intersection,Normale,Deux véhicules - frontale,,,,,,,,,,,1,1,1,1,1
201500001416,0015-02-05 08:15:00,15,2,5,8,15,140,54,,48.8989,-0.95493,Plein jour,Hors agglomération,Hors intersection,Autre,Autre collision,,,,,,,,,,,1,1,1,9,6
201500001417,0015-03-12 02:45:00,15,3,12,2,45,140,513,,48.9579,-1.04895,Nuit sans éclairage public,Hors agglomération,Hors intersection,Brouillard / fumée,Autre collision,,,,,,,,,,,3,1,1,5,6
201500001418,0015-04-14 19:15:00,15,4,14,19,15,140,584,,,,Plein jour,Hors agglomération,Hors intersection,Temps éblouissant,Deux véhicules - côté,,,,,,,,,,,1,1,1,7,3
201500001419,0015-06-24 18:00:00,15,6,24,18,0,140,187,,48.8597,-0.90647,Plein jour,Hors agglomération,Hors intersection,Normale,Autre collision,,,,,,,,,,,1,1,1,1,6
201500001420,0015-08-26 18:30:00,15,8,26,18,30,140,658,,48.8444,-1.05585,Plein jour,En agglomération,Hors intersection,Pluie légère,Deux véhicules - frontale,,,,,,,,,,,1,2,1,2,1
201500001421,0015-09-05 00:30:00,15,9,5,0,30,140,717,,48.8005,-0.81006,Nuit sans éclairage public,Hors agglomération,Hors intersection,Normale,Autre collision,,,,,,,,,,,3,1,1,1,6
201500001422,0015-11-25 19:00:00,15,11,25,19,0,140,762,RUE DE CAEN,,,Nuit avec éclairage allumé,En agglomération,Intersection en X,Pluie légère,Deux véhicules - côté,,,,,,,,,,,5,2,2,2,3
201500001423,0015-12-11 07:30:00,15,12,11,7,30,140,762,,48.8626,-0.88664,Nuit sans éclairage public,Hors agglomération,Hors intersection,Normale,Autre collision,,,,,,,,,,,3,1,1,1,6
201500001424,0015-04-23 16:45:00,15,4,23,16,45,140,27,,49.0059,-0.61383,Plein jour,Hors agglomération,Intersection en T,Normale,Deux véhicules - arrière,,,,,,,,,,,1,1,3,1,2
201500001425,0015-05-09 15:30:00,15,5,9,15,30,140,129,,48.9451,-0.93065,Plein jour,Hors agglomération,Intersection en X,Normale,Deux véhicules - côté,,,,,,,,,,,1,1,2,1,3
201500001426,0015-05-10 11:00:00,15,5,10,11,0,140,443,,48.9435,-0.75151,Plein jour,Hors agglomération,Hors intersection,Normale,Deux véhicules - côté,,,,,,,,,,,1,1,1,1,3
201500001427,0015-07-10 17:00:00,15,7,10,17,0,140,618,,48.9133,-0.90732,Plein jour,Hors agglomération,Hors intersection,Normale,Deux véhicules - côté,,,,,,,,,,,1,1,1,1,3
201500001428,0015-08-31 12:45:00,15,8,31,12,45,140,27,,,,Plein jour,Hors agglomération,Hors intersection,Pluie légère,Deux véhicules - côté,,,,,,,,,,,1,1,1,2,3
201500001429,0015-09-21 18:45:00,15,9,21,18,45,140,129,,,,Plein jour,Hors agglomération,Hors intersection,Temps couvert,Trois véhicules et plus - collisions multiples,,,,,,,,,,,1,1,1,8,5
201500001430,0015-05-27 19:00:00,15,5,27,19,0,140,629,,49.0072,-0.88903,Plein jour,Hors agglomération,Intersection en T,Normale,Deux véhicules - côté,,,,,,,,,,,1,1,3,1,3
201500001431,0015-03-05 11:30:00,15,3,5,11,30,140,174,,48.8506,-0.55045,Plein jour,En agglomération,Intersection en T,Temps éblouissant,Autre collision,,,,,,,,,,,1,2,3,7,6
201500001432,0015-09-07 07:00:00,15,9,7,7,0,140,572,,,,Crépuscule ou aube,Hors agglomération,Hors intersection,Normale,Trois véhicules et plus - en chaîne,,,,,,,,,,,2,1,1,1,4
201500001433,0015-10-13 18:00:00,15,10,13,18,0,140,174,ROND POINT DE LA VICTOIR,,,Plein jour,En agglomération,Autre intersection,Normale,Autre collision,,,,,,,,,,,1,2,9,1,6
201500001434,0015-06-27 15:15:00,15,6,27,15,15,140,658,,,,Plein jour,Hors agglomération,Hors intersection,Normale,Deux véhicules - côté,,,,,,,,,,,1,1,1,1,3
201500001435,0015-07-27 23:30:00,15,7,27,23,30,500,458,LES PONTS D'OUVE,49.3209,-1.26493,Nuit sans éclairage public,Hors agglomération,Hors intersection,Normale,Autre collision,,,,,,,,,,,3,1,1,1,6
201500001436,0015-10-03 14:00:00,15,10,3,14,0,500,99,ROUTE AMERICAINE,49.3104,-1.26232,Plein jour,Hors agglomération,Intersection en X,Normale,Deux véhicules - côté,,,,,,,,,,,1,1,2,1,3
201500001437,0015-11-01 14:30:00,15,11,1,14,30,500,23,ROUTE DE BAUPTE,49.3021,-1.33909,Plein jour,Hors agglomération,Hors intersection,Normale,Deux véhicules - côté,,,,,,,,,,,1,1,1,1,3
201500001438,0015-12-28 15:00:00,15,12,28,15,0,500,468,PLACE DE LA VAUTERIE,49.2201,-1.10227,Plein jour,En agglomération,Hors intersection,Normale,Autre collision,,,,,,,,,,,1,2,1,1,6
201500001439,0015-06-17 07:45:00,15,6,17,7,45,500,110,COTE DES ROCS,49.1854,-0.96036,Plein jour,Hors agglomération,Hors intersection,Normale,Deux véhicules - côté,,,,,,,,,,,1,1,1,1,3
201500001440,0015-08-18 12:45:00,15,8,18,12,45,500,455,RUE DU PONT DE LA PIERRE,49.1973,-1.02797,Plein jour,Hors agglomération,Hors intersection,Normale,Autre collision,,,,,,,,,,,1,1,1,1,6
201500001441,0015-11-25 18:45:00,15,11,25,18,45,500,446,HOTEL GODARD,49.1301,-1.02644,Nuit sans éclairage public,Hors agglomération,Intersection en X,Pluie forte,Deux véhicules - côté,,,,,,,,,,,3,1,2,3,3
201500001442,0015-01-11 10:15:00,15,1,11,10,15,500,159,RUE DES TISSERANDS,49.0455,-1.22147,Plein jour,En agglomération,Hors intersection,Temps couvert,Autre collision,,,,,,,,,,,1,2,1,8,6
201500001443,0015-02-04 23:15:00,15,2,4,23,15,500,180,LE GRAND CHEMIN,48.9983,-1.08845,Nuit sans éclairage public,Hors agglomération,Hors intersection,Normale,Autre collision,,,,,,,,,,,3,1,1,1,6
201500001444,0015-04-04 18:15:00,15,4,4,18,15,500,313,LA CROIX À LA MAIN,49.0282,-1.14439,Nuit sans éclairage public,En agglomération,Intersection en T,Brouillard / fumée,Autre collision,,,,,,,,,,,3,2,3,5,6
201500001445,0015-04-13 16:30:00,15,4,13,16,30,500,637,ROUTE D'HAMBYE,48.9602,-1.16767,Plein jour,En agglomération,Hors intersection,Normale,Autre collision,,,,,,,,,,,1,2,1,1,6
201500001446,0015-05-23 16:45:00,15,5,23,16,45,500,295,,48.9568,-1.20077,Plein jour,Hors agglomération,Intersection en X,Normale,Deux véhicules - arrière,,,,,,,,,,,1,1,2,1,2
201500001447,0015-06-09 10:30:00,15,6,9,10,30,500,637,LA TOURNERIE,48.9547,-1.16857,Plein jour,Hors agglomération,Hors intersection,Normale,Deux véhicules - côté,,,,,,,,,,,1,1,1,1,3
201500001448,0015-07-03 11:30:00,15,7,3,11,30,500,637,LA BRETONNIERE,48.9591,-1.18682,Plein jour,Hors agglomération,Hors intersection,Normale,Deux véhicules - frontale,,,,,,,,,,,1,1,1,1,1
201500001449,0015-08-18 19:30:00,15,8,18,19,30,500,592,R ST PIERRE ET MIQUELON,48.9724,-1.05953,Plein jour,En agglomération,Autre intersection,Normale,Deux véhicules - côté,,,,,,,,,,,1,2,9,1,3
201500001450,0015-05-18 07:20:00,15,5,18,7,20,940,54,R DE BARCELONE,48.7311,2.37036,Plein jour,Hors agglomération,Hors intersection,Normale,Trois véhicules et plus - en chaîne,,,,,,,,,,,1,1,1,1,4
201500001451,0015-06-25 12:00:00,15,6,25,12,0,940,54,AV DE L'UNION,48.7292,2.36738,Plein jour,En agglomération,Hors intersection,Normale,Deux véhicules - arrière,,,,,,,,,,,1,2,1,1,2
201500001452,0015-07-01 16:30:00,15,7,1,16,30,940,54,R DE SEVILLE,48.7302,2.37125,Plein jour,En agglomération,Hors intersection,Normale,Trois véhicules et plus - en chaîne,,,,,,,,,,,1,2,1,1,4
201500001453,0015-07-03 07:50:00,15,7,3,7,50,940,54,AV DE L'UNION,48.735,2.36649,Plein jour,En agglomération,Hors intersection,Normale,Trois véhicules et plus - en chaîne,,,,,,,,,,,1,2,1,1,4
201500001454,0015-07-06 07:00:00,15,7,6,7,0,940,54,AV DE L'OUEST,48.7294,2.35963,Plein jour,Hors agglomération,Hors intersection,Normale,Autre collision,,,,,,,,,,,1,1,1,1,6
201500001455,0015-02-16 10:00:00,15,2,16,10,0,500,444,LES CHAMPS,49.0468,-0.96303,Plein jour,Hors agglomération,Intersection en X,Normale,Deux véhicules - côté,,,,,,,,,,,1,1,2,1,3
201500001456,0015-07-09 10:10:00,15,7,9,10,10,940,54,PARKING P1,48.7285,2.36703,Plein jour,En agglomération,Hors intersection,Normale,Deux véhicules - arrière,,,,,,,,,,,1,2,1,1,2
201500001457,0015-07-11 20:45:00,15,7,11,20,45,940,54,R DU MUSÉE,48.731,2.36967,Nuit avec éclairage non allumé,En agglomération,Hors intersection,Normale,Deux véhicules - arrière,,,,,,,,,,,4,2,1,1,2
201500001458,0015-07-19 23:00:00,15,7,19,23,0,940,54,A106,48.7354,2.36586,Nuit avec éclairage allumé,Hors agglomération,Hors intersection,Normale,Deux véhicules - arrière,,,,,,,,,,,5,1,1,1,2
201500001459,0015-07-31 15:30:00,15,7,31,15,30,940,54,AV DU SUD,48.7282,2.36551,Plein jour,En agglomération,Hors intersection,Normale,Autre collision,,,,,,,,,,,1,2,1,1,6
201500001460,0015-08-27 20:25:00,15,8,27,20,25,940,54,AV DE PARIS,48.7397,2.36432,Nuit avec éclairage allumé,Hors agglomération,Hors intersection,Pluie forte,Sans collision,,,,,,,,,,,5,1,1,3,7
201500001461,0015-08-29 13:00:00,15,8,29,13,0,940,54,AV DE L'UNION,48.7327,2.36197,Plein jour,Hors agglomération,Hors intersection,Normale,Deux véhicules - côté,,,,,,,,,,,1,1,1,1,3
201500001462,0015-09-12 09:00:00,15,9,12,9,0,940,54,AV DU SUD,48.73,2.36616,Plein jour,Hors agglomération,Hors intersection,Pluie légère,Trois véhicules et plus - collisions multiples,,,,,,,,,,,1,1,1,2,5
201500001463,0015-09-15 18:25:00,15,9,15,18,25,940,54,AV DE L'AEROPORT,48.735,2.36556,Plein jour,Hors agglomération,Hors intersection,Normale,Trois véhicules et plus - en chaîne,,,,,,,,,,,1,1,1,1,4
201500001464,0015-09-17 08:40:00,15,9,17,8,40,940,54,DEVAUX/AMSERTAM,48.7391,2.36966,Plein jour,En agglomération,Intersection en X,Normale,Deux véhicules - frontale,,,,,,,,,,,1,2,2,1,1
201500001465,0015-10-22 12:00:00,15,10,22,12,0,940,54,2  AV DU MARECHAL DEVAUX,48.7428,2.36942,Plein jour,En agglomération,Hors intersection,Pluie légère,Deux véhicules - côté,,,,,,,,,,,1,2,1,2,3
201500001466,0015-04-10 07:30:00,15,4,10,7,30,500,32,LA HOUESLIERE,49.097,-1.02674,Crépuscule ou aube,Hors agglomération,Hors intersection,Temps éblouissant,Autre collision,,,,,,,,,,,2,1,1,7,6