accident_id,datetime,annee,mois,jour,heure,minute,departement,commune_insee,adresse,latitude,longitude,luminosite,agglomeration,intersection,meteo,collision,nb_vehicules,nb_usagers,nb_indemnes,nb_tues,nb_blesses_hosp,nb_blesses_legers,age_cond_1,age_cond_2,veh_type_cond_1,veh_type_cond_2,lum_code,agg_code,int_code,atm_code,col_code
201500001467,0015-06-24 08:15:00,15,6,24,8,15,500,601,ROUTE DE ST LO,49.0418,-0.98642,Plein jour,En agglomération,Hors intersection,Normale,Deux véhicules - frontale,,,,,,,,,,,1,2,1,1,1
201500001468,0015-09-28 18:45:00,15,9,28,18,45,500,224,LES HAIES,48.9985,-0.93327,Plein jour,Hors agglomération,Intersection en X,Normale,Deux véhicules - côté,,,,,,,,,,,1,1,2,1,3
201500001469,0015-11-05 21:40:00,15,11,5,21,40,940,54,AV DE L'OUEST,48.7287,2.36563,Nuit avec éclairage allumé,En agglomération,Hors intersection,Temps couvert,Trois véhicules et plus - en chaîne,,,,,,,,,,,5,2,1,8,4
201500001470,0015-12-26 05:48:00,15,12,26,5,48,940,54,R MARCEL ALBERT,48.7387,2.36512,Crépuscule ou aube,En agglomération,Hors intersection,Normale,Autre collision,,,,,,,,,,,2,2,1,1,6
201500001471,0015-12-14 20:00:00,15,12,14,20,0,940,54,R DES TRANSPORTEURS,48.7285,2.35994,Nuit avec éclairage allumé,En agglomération,Hors intersection,Normale,Autre collision,,,,,,,,,,,5,2,1,1,6
201500001472,0015-09-11 18:00:00,15,9,11,18,0,500,616,R DES MARES/BD PASTEUR,48.6779,-1.36126,Plein jour,En agglomération,Intersection en T,Normale,Deux véhicules - côté,,,,,,,,,,,1,2,3,1,3
201500001473,0015-10-09 11:00:00,15,10,9,11,0,500,406,LA LANSONNIERE,48.7186,-1.3256,Plein jour,Hors agglomération,Hors intersection,Normale,Autre collision,,,,,,,,,,,1,1,1,1,6
201500001474,0015-10-29 19:45:00,15,10,29,19,45,500,612,LA VAQUERIE,48.6718,-1.41252,Nuit sans éclairage public,Hors agglomération,Hors intersection,Pluie légère,Autre collision,,,,,,,,,,,3,1,1,2,6
201500001475,0015-11-17 17:45:00,15,11,17,17,45,500,516,BOULEVARD DES VANIERS,48.6749,-1.35456,Nuit sans éclairage public,En agglomération,Hors intersection,Normale,Autre collision,,,,,,,,,,,3,2,1,1,6
201500001476,0015-11-19 18:15:00,15,11,19,18,15,500,25,RUE DU GENERAL DE GAULLE,48.6876,-1.36516,Plein jour,En agglomération,Hors intersection,Normale,Sans collision,,,,,,,,,,,1,2,1,1,7
201500001477,0015-12-18 07:30:00,15,12,18,7,30,500,288,L'ENCLOS,48.6803,-1.39477,Nuit sans éclairage public,Hors agglomération,Hors intersection,Temps couvert,Autre collision,,,,,,,,,,,3,1,1,8,6
201500001478,0015-01-17 15:30:00,15,1,17,15,30,500,281,RUE SAINT JACQUES,48.7937,-1.39908,Plein jour,Hors agglomération,Autre intersection,Normale,Autre collision,,,,,,,,,,,1,1,9,1,6
201500001479,0015-03-06 11:15:00,15,3,6,11,15,500,276,LA VALLEE,48.7175,-1.40708,Plein jour,Hors agglomération,Intersection en T,Normale,Deux véhicules - arrière,,,,,,,,,,,1,1,3,1,2
201500001480,0015-04-05 06:45:00,15,4,5,6,45,500,565,,48.7506,-1.47089,Crépuscule ou aube,Hors agglomération,Giratoire,Normale,Autre collision,,,,,,,,,,,2,1,6,1,6
201500001481,0015-04-21 21:00:00,15,4,21,21,0,500,541,LES PAS,48.8367,-1.47501,Plein jour,Hors agglomération,Hors intersection,Normale,Autre collision,,,,,,,,,,,1,1,1,1,6
201500001482,0015-05-03 19:30:00,15,5,3,19,30,500,247,VILLAGE LE MESLIER,48.807,-1.40156,Plein jour,Hors agglomération,Hors intersection,Temps couvert,Deux véhicules - côté,,,,,,,,,,,1,1,1,8,3
201500001483,0015-06-27 18:15:00,15,6,27,18,15,500,38,LE SCION,48.8336,-1.3802,Plein jour,Hors agglomération,Giratoire,Normale,Deux véhicules - côté,,,,,,,,,,,1,1,6,1,3
201500001484,0015-07-10 11:45:00,15,7,10,11,45,500,66,ROUTE DU BOISLEREY,48.7756,-1.54683,Plein jour,Hors agglomération,Hors intersection,Normale,Deux véhicules - frontale,,,,,,,,,,,1,1,1,1,1
201500001485,0015-08-04 17:45:00,15,8,4,17,45,500,167,RUE DES FORGES,48.7115,-1.49693,Plein jour,En agglomération,Hors intersection,Normale,Autre collision,,,,,,,,,,,1,2,1,1,6
201500001486,0015-08-27 18:15:00,15,8,27,18,15,500,38,LE PONT NEUF,48.8364,-1.35431,Plein jour,Hors agglomération,Hors intersection,Pluie légère,Deux véhicules - frontale,,,,,,,,,,,1,1,1,2,1
201500001487,0015-09-02 21:00:00,15,9,2,21,0,500,447,LA HUBERDIERE,48.7985,-1.52158,Crépuscule ou aube,Hors agglomération,Hors intersection,Normale,Deux véhicules - côté,,,,,,,,,,,2,1,1,1,3
201500001488,0015-09-12 02:15:00,15,9,12,2,15,500,276,LE HAUT PONT FOULT,48.7451,-1.41325,Nuit sans éclairage public,Hors agglomération,Hors intersection,Normale,Autre collision,,,,,,,,,,,3,1,1,1,6
201500001489,0015-09-20 03:45:00,15,9,20,3,45,500,406,LE PARC,48.7583,-1.29045,Nuit sans éclairage public,Hors agglomération,Hors intersection,Normale,Sans collision,,,,,,,,,,,3,1,1,1,7
201500001490,0015-11-10 07:45:00,15,11,10,7,45,500,361,LES GOSNEELS,48.7673,-1.36396,Crépuscule ou aube,Hors agglomération,Hors intersection,Temps couvert,Trois véhicules et plus - collisions multiples,,,,,,,,,,,2,1,1,8,5
201500001491,0015-11-28 14:00:00,15,11,28,14,0,500,276,LA CROIX DU GROS CHENE,48.7485,-1.40631,Plein jour,Hors agglomération,Intersection en X,Normale,Deux véhicules - côté,,,,,,,,,,,1,1,2,1,3
201500001492,0015-02-28 19:00:00,15,2,28,19,0,500,168,LE CLOS LEGER,48.6166,-1.26685,Nuit sans éclairage public,Hors agglomération,Hors intersection,Pluie forte,Autre collision,,,,,,,,,,,3,1,1,3,6
201500001493,0015-03-19 09:00:00,15,3,19,9,0,500,410,ROUTE DU MT SAINT MICHEL,48.6053,-1.51122,Plein jour,Hors agglomération,Hors intersection,Normale,Deux véhicules - frontale,,,,,,,,,,,1,1,1,1,1
201500001494,0015-05-29 16:45:00,15,5,29,16,45,500,630,LA CROIX AUX PRETRES,48.5294,-1.3948,Plein jour,Hors agglomération,Intersection en X,Normale,Autre collision,,,,,,,,,,,1,1,2,1,6
201500001495,0015-08-12 21:45:00,15,8,12,21,45,500,146,LE BOURG,48.6281,-1.40926,Nuit avec éclairage allumé,En agglomération,Hors intersection,Temps couvert,Deux véhicules - arrière,,,,,,,,,,,5,2,1,8,2
201500001496,0015-01-23 12:15:00,15,1,23,12,15,500,158,LA PONTERIE,48.7221,-1.11501,Plein jour,Hors agglomération,Hors intersection,Normale,Deux véhicules - frontale,,,,,,,,,,,1,1,1,1,1
201500001497,0015-04-10 20:45:00,15,4,10,20,45,500,74,LE PONT DE PIERRE,48.7146,-1.17902,Crépuscule ou aube,Hors agglomération,Hors intersection,Pluie légère,Deux véhicules - frontale,,,,,,,,,,,2,1,1,2,1
201500001498,0015-06-10 18:00:00,15,6,10,18,0,500,74,LE PONT ROULLAND,48.7221,-1.15071,Plein jour,Hors agglomération,Intersection en T,Normale,Deux véhicules - arrière,,,,,,,,,,,1,1,3,1,2
201500001499,0015-08-01 11:15:00,15,8,1,11,15,500,453,LE GUERIANT,48.832,-1.20275,Plein jour,Hors agglomération,Intersection en T,Normale,Deux véhicules - côté,,,,,,,,,,,1,1,3,1,3
201500001500,0015-08-15 17:15:00,15,8,15,17,15,500,118,,48.8337,-1.31946,Plein jour,En agglomération,Hors intersection,Normale,Autre collision,,,,,,,,,,,1,2,1,1,6
201500001501,0015-08-25 09:00:00,15,8,25,9,0,500,525,L'AUBRIERE,48.7644,-1.00625,Plein jour,Hors agglomération,Hors intersection,Pluie légère,Deux véhicules - frontale,,,,,,,,,,,1,1,1,2,1
201500001502,0015-09-28 17:45:00,15,9,28,17,45,500,453,AV EMILE LECHARPENTIER,48.8318,-1.17251,Plein jour,Hors agglomération,Intersection en X,Temps éblouissant,Deux véhicules - côté,,,,,,,,,,,1,1,2,7,3
201500001503,0015-12-24 12:30:00,15,12,24,12,30,500,453,,48.8483,-1.20893,Plein jour,En agglomération,Intersection en X,Pluie forte,Deux véhicules - côté,,,,,,,,,,,1,2,2,3,3
201500001504,0015-01-11 10:30:00,15,1,11,10,30,500,41,LE CHATEAU,49.6709,-1.8541,Plein jour,Hors agglomération,Hors intersection,Temps éblouissant,Trois véhicules et plus - collisions multiples,,,,,,,,,,,1,1,1,7,5
201500001505,0015-05-05 06:45:00,15,5,5,6,45,500,1,ROUTE DES PELLES,49.601,-1.745,Plein jour,Hors agglomération,Intersection en X,Pluie légère,Deux véhicules - côté,,,,,,,,,,,1,1,2,2,3
201500001506,0015-06-30 13:15:00,15,6,30,13,15,500,643,ROUTE DE LES PIEUX,49.5655,-1.73259,Plein jour,En agglomération,Hors intersection,Normale,Deux véhicules - frontale,,,,,,,,,,,1,2,1,1,1
201500001507,0015-02-11 14:15:00,15,2,11,14,15,500,369,LE BOURG,49.4899,-1.54781,Plein jour,En agglomération,Hors intersection,Normale,Deux véhicules - côté,,,,,,,,,,,1,2,1,1,3
201500001508,0015-07-20 20:45:00,15,7,20,20,45,500,418,,49.4951,-1.67094,Plein jour,Hors agglomération,Hors intersection,Pluie légère,Deux véhicules - côté,,,,,,,,,,,1,1,1,2,3
201500001509,0015-07-24 15:00:00,15,7,24,15,0,500,402,ROND POINT DE LA MAIRIE,49.5133,-1.80833,Plein jour,En agglomération,Hors intersection,Pluie forte,Autre collision,,,,,,,,,,,1,2,1,3,6
201500001510,0015-08-04 11:15:00,15,8,4,11,15,500,31,PLACE DE LA MAIRIE,49.3821,-1.75576,Plein jour,En agglomération,Hors intersection,Normale,Autre collision,,,,,,,,,,,1,2,1,1,6
201500001511,0015-10-25 13:00:00,15,10,25,13,0,500,184,ROUTE DU CHATEAU,49.5282,-1.87362,Plein jour,En agglomération,Intersection en T,Normale,Deux véhicules - frontale,,,,,,,,,,,1,2,3,1,1
201500001512,0015-11-30 12:00:00,15,11,30,12,0,500,82,ROUTE DE BARNEVILLE,49.4665,-1.63739,Plein jour,En agglomération,Hors intersection,Vent fort / tempête,Autre collision,,,,,,,,,,,1,2,1,6,6
201500001513,0015-05-18 19:00:00,15,5,18,19,0,500,400,PLACE DU GENERAL DE GAUL,49.3791,-1.42185,Plein jour,En agglomération,Place,Normale,Autre collision,,,,,,,,,,,1,2,7,1,6
201500001514,0015-06-29 22:30:00,15,6,29,22,30,500,509,LA VIENVILLE,49.3998,-1.20041,Plein jour,Hors agglomération,Hors intersection,Normale,Autre collision,,,,,,,,,,,1,1,1,1,6
201500001515,0015-01-14 09:15:00,15,1,14,9,15,500,595,ROUTE DE SAINT PIERRE,49.6033,-1.47076,Plein jour,Hors agglomération,Hors intersection,Temps couvert,Autre collision,,,,,,,,,,,1,1,1,8,6
201500001516,0015-02-28 05:15:00,15,2,28,5,15,500,150,LE LASNIER,49.5503,-1.31855,Nuit sans éclairage public,Hors agglomération,Hors intersection,Temps couvert,Sans collision,,,,,,,,,,,3,1,1,8,7
201500001517,0015-05-20 20:15:00,15,5,20,20,15,500,615,LE GENESTEL,49.4972,-1.46004,Plein jour,Hors agglomération,Hors intersection,Normale,Deux véhicules - côté,,,,,,,,,,,1,1,1,1,3
201500001518,0015-06-02 08:00:00,15,6,2,8,0,500,615,BOULEVARD FELIX BUHOT,49.5101,-1.47457,Plein jour,En agglomération,Hors intersection,Pluie légère,Autre collision,,,,,,,,,,,1,2,1,2,6
201500001519,0015-09-17 19:00:00,15,9,17,19,0,500,87,HAMEAU AUX PETITS,49.5589,-1.63001,Plein jour,Hors agglomération,Hors intersection,Normale,Trois véhicules et plus - collisions multiples,,,,,,,,,,,1,1,1,1,5
201500001520,0015-11-10 13:15:00,15,11,10,13,15,500,196,,49.6848,-1.28207,Plein jour,Hors agglomération,Hors intersection,Normale,Autre collision,,,,,,,,,,,1,1,1,1,6
201500001521,0015-12-12 12:15:00,15,12,12,12,15,500,588,LE MONT VALOGNES,49.5464,-1.49017,Plein jour,Hors agglomération,Hors intersection,Normale,Deux véhicules - frontale,,,,,,,,,,,1,1,1,1,1
201500001522,0015-12-22 19:30:00,15,12,22,19,30,500,395,,49.6102,-1.2927,Nuit sans éclairage public,Hors agglomération,Hors intersection,Vent fort / tempête,Deux véhicules - arrière,,,,,,,,,,,3,1,1,6,2
201500001523,0015-01-30 09:45:00,15,1,30,9,45,500,345,ROUTE DE PERIERS,49.0988,-1.41725,Plein jour,Hors agglomération,Hors intersection,Neige / grêle,Autre collision,,,,,,,,,,,1,1,1,4,6
201500001524,0015-02-01 11:45:00,15,2,1,11,45,500,44,,49.0658,-1.34308,Plein jour,Hors agglomération,Hors intersection,Pluie légère,Autre collision,,,,,,,,,,,1,1,1,2,6
201500001525,0015-06-20 00:01:00,15,6,20,0,1,500,58,RUE DU SENEQUET,49.08,-1.58704,Nuit sans éclairage public,Hors agglomération,Hors intersection,Normale,Sans collision,,,,,,,,,,,3,1,1,1,7
201500001526,0015-08-07 03:00:00,15,8,7,3,0,500,111,,49.0312,-1.28056,Nuit sans éclairage public,Hors agglomération,Hors intersection,Normale,Sans collision,,,,,,,,,,,3,1,1,1,7
201500001527,0015-11-08 06:15:00,15,11,8,6,15,500,58,LA CLERQUERIE,49.0828,-1.53844,Nuit sans éclairage public,Hors agglomération,Hors intersection,Normale,Autre collision,,,,,,,,,,,3,1,1,1,6
201500001528,0015-11-12 19:15:00,15,11,12,19,15,500,111,LE BOURG,49.026,-1.28354,Nuit avec éclairage allumé,En agglomération,Intersection en T,Normale,Deux véhicules - frontale,,,,,,,,,,,5,2,3,1,1
201500001529,0015-12-13 19:00:00,15,12,13,19,0,500,389,LES FORGES DURAND,49.0179,-1.39205,Nuit sans éclairage public,En agglomération,Intersection en Y,Normale,Autre collision,,,,,,,,,,,3,2,4,1,6
201500001530,0015-02-03 13:30:00,15,2,3,13,30,500,266,HOTEL AU GENDRE,48.924,-1.41587,Plein jour,Hors agglomération,Intersection en X,Normale,Deux véhicules - côté,,,,,,,,,,,1,1,2,1,3
201500001531,0015-05-09 16:00:00,15,5,9,16,0,500,8,ROUTE DES DEUX PONTS,48.8495,-1.51897,Plein jour,Hors agglomération,Hors intersection,Normale,Deux véhicules - côté,,,,,,,,,,,1,1,1,1,3
201500001532,0015-05-13 12:15:00,15,5,13,12,15,500,255,,48.9942,-1.46388,Plein jour,Hors agglomération,Intersection en T,Normale,Deux véhicules - côté,,,,,,,,,,,1,1,3,1,3
201500001533,0015-05-16 17:15:00,15,5,16,17,15,500,76,RUE BRISELANCE,48.8996,-1.50928,Plein jour,En agglomération,Hors intersection,Normale,Deux véhicules - frontale,,,,,,,,,,,1,2,1,1,1
201500001534,0015-07-16 23:30:00,15,7,16,23,30,500,252,LE BULOT,48.8695,-1.44117,Nuit sans éclairage public,Hors agglomération,Hors intersection,Normale,Autre collision,,,,,,,,,,,3,1,1,1,6
201500001535,0015-08-06 09:00:00,15,8,6,9,0,500,252,LE CASTILLON,48.8853,-1.47385,Plein jour,Hors agglomération,Hors intersection,Pluie légère,Autre collision,,,,,,,,,,,1,1,1,2,6
201500001536,0015-09-01 18:45:00,15,9,1,18,45,500,388,RUE DES FORGES,48.9986,-1.45979,Plein jour,Hors agglomération,Hors intersection,Temps éblouissant,Autre collision,,,,,,,,,,,1,1,1,7,6
201500001537,0015-09-16 11:00:00,15,9,16,11,0,500,626,LA GAULERIE,48.8964,-1.37868,Plein jour,Hors agglomération,Intersection en X,Normale,Deux véhicules - côté,,,,,,,,,,,1,1,2,1,3
201500001538,0015-10-04 16:15:00,15,10,4,16,15,500,197,,48.9095,-1.33363,Plein jour,Hors agglomération,Hors intersection,Normale,Trois véhicules et plus - collisions multiples,,,,,,,,,,,1,1,1,1,5
201500001539,0015-10-16 09:00:00,15,10,16,9,0,500,252,RUE DE  LA LIBERATION,48.8695,-1.43093,Plein jour,En agglomération,Intersection en X,Pluie légère,Deux véhicules - côté,,,,,,,,,,,1,2,2,2,3
201500001540,0015-11-22 05:00:00,15,11,22,5,0,500,549,ROUTE DU BOCAGE,48.8363,-1.44383,Nuit sans éclairage public,Hors agglomération,Hors intersection,Normale,Autre collision,,,,,,,,,,,3,1,1,1,6
201500001541,0015-11-26 19:45:00,15,11,26,19,45,500,231,,48.9762,-1.56141,Nuit avec éclairage allumé,Hors agglomération,Hors intersection,Normale,Autre collision,,,,,,,,,,,5,1,1,1,6
201500001542,0015-12-03 13:15:00,15,12,3,13,15,500,255,RUE DE LA SIENNE,48.9911,-1.46739,Plein jour,Hors agglomération,Autre intersection,Normale,Deux véhicules - frontale,,,,,,,,,,,1,1,9,1,1
201500001543,0015-12-09 10:45:00,15,12,9,10,45,500,109,LA PARONNE,48.9114,-1.45036,Plein jour,Hors agglomération,Hors intersection,Normale,Trois véhicules et plus - collisions multiples,,,,,,,,,,,1,1,1,1,5
201500001544,0015-04-12 14:00:00,15,4,12,14,0,500,364,,49.1221,-1.48915,Plein jour,Hors agglomération,Intersection en X,Normale,Deux véhicules - côté,,,,,,,,,,,1,1,2,1,3
201500001545,0015-01-24 04:45:00,15,1,24,4,45,500,267,,49.2122,-1.52871,Nuit avec éclairage allumé,En agglomération,Giratoire,Pluie forte,Autre collision,,,,,,,,,,,5,2,6,3,6
201500001546,0015-02-27 21:45:00,15,2,27,21,45,500,267,,49.2092,-1.5009,Crépuscule ou aube,Hors agglomération,Intersection en T,Normale,Autre collision,,,,,,,,,,,2,1,3,1,6
201500001547,0015-04-19 12:15:00,15,4,19,12,15,500,415,,49.3151,-1.47118,Plein jour,Hors agglomération,Hors intersection,Normale,Sans collision,,,,,,,,,,,1,1,1,1,7
201500001548,0015-04-23 16:45:00,15,4,23,16,45,500,328,LA BAILHACHERIE,49.2057,-1.43668,Plein jour,Hors agglomération,Intersection en X,Normale,Deux véhicules - côté,,,,,,,,,,,1,1,2,1,3
201500001549,0015-05-09 17:30:00,15,5,9,17,30,500,403,R. FERDINAND DESPLANQUES,49.1672,-1.59673,Plein jour,En agglomération,Intersection en X,Normale,Deux véhicules - côté,,,,,,,,,,,1,2,2,1,3
201500001550,0015-07-04 21:45:00,15,7,4,21,45,500,181,L'ANTILLERE,49.1419,-1.33357,Plein jour,Hors agglomération,Hors intersection,Normale,Autre collision,,,,,,,,,,,1,1,1,1,6
201500001551,0015-07-04 20:00:00,15,7,4,20,0,500,528,LES CLOUTIERS,49.3153,-1.57964,Plein jour,Hors agglomération,Hors intersection,Normale,Autre collision,,,,,,,,,,,1,1,1,1,6
201500001552,0015-07-10 07:30:00,15,7,10,7,30,500,343,LA HURIE,49.2857,-1.59607,Crépuscule ou aube,Hors agglomération,Hors intersection,Normale,Autre collision,,,,,,,,,,,2,1,1,1,6
201500001553,0015-10-14 09:45:00,15,10,14,9,45,500,550,LE HAUT BOURG,49.1241,-1.4145,Crépuscule ou aube,Hors agglomération,Hors intersection,Normale,Autre collision,,,,,,,,,,,2,1,1,1,6
201500001554,0015-11-20 17:30:00,15,11,20,17,30,500,558,AV DES COTES DES ISLES,49.2938,-1.55473,Crépuscule ou aube,En agglomération,Hors intersection,Normale,Deux véhicules - côté,,,,,,,,,,,2,2,1,1,3
201500001555,0015-01-26 10:15:00,15,1,26,10,15,500,582,ROUTE DE CLERISSON,48.7239,-0.93017,Plein jour,En agglomération,Intersection en X,Pluie légère,Deux véhicules - côté,,,,,,,,,,,1,2,2,2,3
201500001556,0015-02-06 17:00:00,15,2,6,17,0,500,200,LES VIEUX GUES,48.6709,-0.84493,Plein jour,Hors agglomération,Hors intersection,Normale,Autre collision,,,,,,,,,,,1,1,1,1,6
201500001557,0015-02-03 06:00:00,15,2,3,6,0,500,494,,48.6082,-0.90841,Nuit avec éclairage allumé,En agglomération,Hors intersection,Normale,Autre collision,,,,,,,,,,,5,2,1,1,6
201500001558,0015-04-06 14:00:00,15,4,6,14,0,500,456,LES GIGANNIERES,48.6622,-0.87113,Plein jour,Hors agglomération,Hors intersection,Temps éblouissant,Autre collision,,,,,,,,,,,1,1,1,7,6
201500001559,0015-05-18 08:15:00,15,5,18,8,15,500,494,LA MARETTE,48.6017,-0.90303,Plein jour,Hors agglomération,Hors intersection,Normale,Autre collision,,,,,,,,,,,1,1,1,1,6
201500001560,0015-08-02 15:00:00,15,8,2,15,0,500,88,LE GRAND MOULIN,48.732,-0.96925,Plein jour,Hors agglomération,Hors intersection,Normale,Autre collision,,,,,,,,,,,1,1,1,1,6
201500001561,0015-02-02 11:45:00,15,2,2,11,45,500,274,,48.5648,-1.09484,Plein jour,Hors agglomération,Hors intersection,Normale,Trois véhicules et plus - en chaîne,,,,,,,,,,,1,1,1,1,4
201500001562,0015-02-24 20:30:00,15,2,24,20,30,500,256,,48.5943,-1.23061,Nuit sans éclairage public,Hors agglomération,Intersection en X,Normale,Deux véhicules - côté,,,,,,,,,,,3,1,2,1,3
201500001563,0015-01-11 19:08:00,15,1,11,19,8,10,53,"23, CHALLES (ALLEE)",46.21083,5.23659,Nuit avec éclairage allumé,En agglomération,Hors intersection,Normale,Autre collision,,,,,,,,,,,5,2,1,1,6
201500001564,0015-01-14 14:25:00,15,1,14,14,25,10,451,RD1083,46.24581,5.27021,Plein jour,Hors agglomération,Hors intersection,Normale,Deux véhicules - frontale,,,,,,,,,,,1,1,1,1,1
201500001565,0015-03-25 15:35:00,15,3,25,15,35,10,53,"1, BIBLIOTHEQUE ( RUE DE",46.20639,5.2269,Plein jour,En agglomération,Place,Pluie légère,Autre collision,,,,,,,,,,,1,2,7,2,6
201500001566,0015-01-17 14:55:00,15,1,17,14,55,10,53,"14, CHALLES (ALLEE)",46.20616,5.23014,Plein jour,En agglomération,Hors intersection,Normale,Autre collision,,,,,,,,,,,1,2,1,1,6
201500001567,0015-04-04 17:35:00,15,4,4,17,35,10,53,"0, MOUTHIER ( RUE LOUIS)",46.18488,5.23802,Plein jour,En agglomération,Intersection en T,Pluie légère,Deux véhicules - frontale,,,,,,,,,,,1,2,3,2,1
201500001568,0015-01-19 16:40:00,15,1,19,16,40,10,53,1 ECOLE NORMALE (RUE DE),46.19597,5.21665,Crépuscule ou aube,En agglomération,Intersection en T,Pluie légère,Autre collision,,,,,,,,,,,2,2,3,2,6
201500001569,0015-04-07 06:40:00,15,4,7,6,40,10,53,"110, BROU ( BD N?68 A 18",46.2008,5.23278,Crépuscule ou aube,En agglomération,Hors intersection,Normale,Deux véhicules - côté,,,,,,,,,,,2,2,1,1,3
201500001570,0015-01-19 17:45:00,15,1,19,17,45,10,53,"18, LALANDE ( RUE)",46.20372,5.22332,Nuit avec éclairage allumé,En agglomération,Hors intersection,Pluie légère,Autre collision,,,,,,,,,,,5,2,1,2,6
201500001571,0015-04-09 09:10:00,15,4,9,9,10,10,53,HUGO ( BD VICTOR) PAIR,,,Plein jour,En agglomération,Intersection en X,Temps éblouissant,Autre collision,,,,,,,,,,,1,2,2,7,6
201500001572,0015-01-21 07:15:00,15,1,21,7,15,10,53,AVENUE DE LYON,46.19296,5.21327,Nuit avec éclairage allumé,En agglomération,Hors intersection,Pluie légère,Autre collision,,,,,,,,,,,5,2,1,2,6
201500001573,0015-04-10 13:44:00,15,4,10,13,44,10,53,SEMARD ( AVENUE PIERRE),46.19771,5.21624,Plein jour,En agglomération,Hors intersection,Normale,Autre collision,,,,,,,,,,,1,2,1,1,6
201500001574,0015-01-26 12:20:00,15,1,26,12,20,10,53,8 MAI 1945 ( BD DU),46.19516,5.23004,Plein jour,En agglomération,Hors intersection,Pluie légère,Autre collision,,,,,,,,,,,1,2,1,2,6
201500001575,0015-04-10 14:10:00,15,4,10,14,10,10,451,PARIS (ROUTE DE),,,Plein jour,En agglomération,Giratoire,Normale,Deux véhicules - côté,,,,,,,,,,,1,2,6,1,3
201500001576,0015-01-31 08:30:00,15,1,31,8,30,10,53,TERRASSON ( RUE PIERRE),46.19011,5.2296,Plein jour,En agglomération,Giratoire,Pluie légère,Deux véhicules - côté,,,,,,,,,,,1,2,6,2,3
201500001577,0015-04-14 14:55:00,15,4,14,14,55,10,289,"923, LYON ( AVE DE) A PA",,,Plein jour,En agglomération,Hors intersection,Normale,Autre collision,,,,,,,,,,,1,2,1,1,6
201500001578,0015-02-03 08:05:00,15,2,3,8,5,10,53,HUCHET ( BOULEVARD EMILE,46.19541,5.22524,Crépuscule ou aube,En agglomération,Intersection en X,Brouillard / fumée,Autre collision,,,,,,,,,,,2,2,2,5,6
201500001579,0015-04-15 17:00:00,15,4,15,17,0,10,53,"11, JOLIOT CURIE ( BOULE",,,Plein jour,En agglomération,Hors intersection,Normale,Deux véhicules - côté,,,,,,,,,,,1,2,1,1,3
201500001580,0015-02-03 06:55:00,15,2,3,6,55,10,53,MERCIER (AVENUE AMEDEE D,,,Crépuscule ou aube,Hors agglomération,Autre intersection,Temps couvert,Autre collision,,,,,,,,,,,2,1,9,8,6
201500001581,0015-04-17 12:30:00,15,4,17,12,30,10,53,"05, JOLIOT CURIE ( BOULE",,,Plein jour,En agglomération,Hors intersection,Normale,Autre collision,,,,,,,,,,,1,2,1,1,6
201500001582,0015-02-04 07:25:00,15,2,4,7,25,10,53,HERRIOT ( BOULEVARD EDOU,,,Nuit avec éclairage allumé,En agglomération,Intersection en T,Normale,Autre collision,,,,,,,,,,,5,2,3,1,6
201500001583,0015-04-18 17:30:00,15,4,18,17,30,10,53,"1, DE GAULLE ( BD GAL) I",46.19995,5.24117,Plein jour,En agglomération,Hors intersection,Normale,Sans collision,,,,,,,,,,,1,2,1,1,7
201500001584,0015-02-12 13:50:00,15,2,12,13,50,10,53,Ave ARSENE D'ARSONVAL,46.21611,5.22045,Plein jour,En agglomération,Hors intersection,Normale,Deux véhicules - frontale,,,,,,,,,,,1,2,1,1,1
201500001585,0015-04-21 16:10:00,15,4,21,16,10,10,344,"snr, DOMBES (AVENUE DE L",,,Plein jour,Hors agglomération,Intersection en X,Normale,Deux véhicules - côté,,,,,,,,,,,1,1,2,1,3
201500001586,0015-04-21 12:25:00,15,4,21,12,25,10,53,"SANS, POMPIDOU ( ROND PO",46.20741,5.22893,Plein jour,En agglomération,Giratoire,Normale,Deux véhicules - côté,,,,,,,,,,,1,2,6,1,3
201500001587,0015-02-16 08:30:00,15,2,16,8,30,10,451,Route de Meillonnas,,,Plein jour,Hors agglomération,Hors intersection,Brouillard / fumée,Deux véhicules - frontale,,,,,,,,,,,1,1,1,5,1
201500001588,0015-02-20 19:10:00,15,2,20,19,10,10,53,"18, MAGINOT ( AVENUE ) D",,,Nuit avec éclairage allumé,En agglomération,Autre intersection,Normale,Autre collision,,,,,,,,,,,5,2,9,1,6
201500001589,0015-04-28 09:37:00,15,4,28,9,37,10,53,"55, LOEZE ( RUE DE )",46.20198,5.24858,Plein jour,En agglomération,Autre intersection,Normale,Autre collision,,,,,,,,,,,1,2,9,1,6
201500001590,0015-04-28 12:00:00,15,4,28,12,0,10,53,"sans, HERRIOT ( BOULEVAR",,,Plein jour,En agglomération,Intersection en T,Normale,Deux véhicules - frontale,,,,,,,,,,,1,2,3,1,1
201500001591,0015-02-25 14:20:00,15,2,25,14,20,10,451,PARIS (ROUTE DE),46.22629,5.20532,Plein jour,Hors agglomération,Hors intersection,Normale,Trois véhicules et plus - en chaîne,,,,,,,,,,,1,1,1,1,4
201500001592,0015-03-02 17:20:00,15,3,2,17,20,10,451,SOURCE (RUE DE LA),46.21485,5.2126,Crépuscule ou aube,En agglomération,Intersection en Y,Normale,Deux véhicules - côté,,,,,,,,,,,2,2,4,1,3
201500001593,0015-05-05 13:00:00,15,5,5,13,0,10,53,"SANS, LEVRIER ( BD ANDRE",46.20969,5.23015,Plein jour,En agglomération,Intersection en X,Normale,Deux véhicules - côté,,,,,,,,,,,1,2,2,1,3