accident_id,datetime,annee,mois,jour,heure,minute,departement,commune_insee,adresse,latitude,longitude,luminosite,agglomeration,intersection,meteo,collision,nb_vehicules,nb_usagers,nb_indemnes,nb_tues,nb_blesses_hosp,nb_blesses_legers,age_cond_1,age_cond_2,veh_type_cond_1,veh_type_cond_2,lum_code,agg_code,int_code,atm_code,col_code
201500001594,0015-03-03 12:35:00,15,3,3,12,35,10,53,"0, KENNEDY BVD J  - IMPA",,,Plein jour,En agglomération,Intersection en X,Normale,Deux véhicules - côté,,,,,,,,,,,1,2,2,1,3
201500001595,0015-05-11 23:15:00,15,5,11,23,15,10,53,"snr, BROU ( BD N°68 A 18",46.20206,5.23175,Nuit avec éclairage allumé,En agglomération,Intersection en X,Normale,Deux véhicules - côté,,,,,,,,,,,5,2,2,1,3
201500001596,0015-03-09 12:00:00,15,3,9,12,0,10,53,ALBERT 1ER (RUE),46.20666,5.23309,Plein jour,En agglomération,Intersection en X,Normale,Deux véhicules - côté,,,,,,,,,,,1,2,2,1,3
201500001597,0015-05-26 17:10:00,15,5,26,17,10,10,53,"12, SEMARD ( AVENUE PIER",46.2002,5.21545,Plein jour,En agglomération,Intersection en X,Normale,Autre collision,,,,,,,,,,,1,2,2,1,6
201500001598,0015-03-10 08:05:00,15,3,10,8,5,10,344,TREVOUX (AVENUE DE),,,Plein jour,En agglomération,Hors intersection,Normale,Trois véhicules et plus - collisions multiples,,,,,,,,,,,1,2,1,1,5
201500001599,0015-05-29 13:50:00,15,5,29,13,50,10,53,"2 TER, BERT (AVENUE PAUL",46.20195,5.22072,Plein jour,En agglomération,Intersection en X,Normale,Deux véhicules - côté,,,,,,,,,,,1,2,2,1,3
201500001600,0015-03-17 07:20:00,15,3,17,7,20,10,451,"SANS, GREFFETS ( ROUTE D",46.24992,5.20585,Plein jour,Hors agglomération,Intersection en X,Normale,Deux véhicules - côté,,,,,,,,,,,1,1,2,1,3
201500001601,0015-06-02 08:10:00,15,6,2,8,10,10,53,"4, LITTRE ( RUE)",46.20286,5.22836,Plein jour,En agglomération,Hors intersection,Normale,Deux véhicules - arrière,,,,,,,,,,,1,2,1,1,2
201500001602,0015-01-26 15:30:00,15,1,26,15,30,610,394,,48.29151,0.58735,Plein jour,Hors agglomération,Hors intersection,Pluie légère,Deux véhicules - frontale,,,,,,,,,,,1,1,1,2,1
201500001603,0015-06-03 13:15:00,15,6,3,13,15,10,344,"47, MONTBELIARDE (RUE DE",46.21459,5.20387,Plein jour,En agglomération,Hors intersection,Normale,Autre collision,,,,,,,,,,,1,2,1,1,6
201500001604,0015-06-08 17:25:00,15,6,8,17,25,10,53,"10, HUGO ( BD VICTOR) PA",,,Plein jour,En agglomération,Intersection en T,Normale,Autre collision,,,,,,,,,,,1,2,3,1,6
201500001605,0015-06-13 19:45:00,15,6,13,19,45,10,344,"338, CHARPINE (RUE DE LA",46.19786,5.20338,Plein jour,En agglomération,Hors intersection,Normale,Deux véhicules - arrière,,,,,,,,,,,1,2,1,1,2
201500001606,0015-06-24 14:25:00,15,6,24,14,25,10,53,KENNEDY BVD J  - IMPAIR,,,Plein jour,En agglomération,Intersection en X,Normale,Deux véhicules - côté,,,,,,,,,,,1,2,2,1,3
201500001607,0015-06-26 07:40:00,15,6,26,7,40,10,451,STRASBOURG (ROUTE DE),,,Plein jour,Hors agglomération,Hors intersection,Normale,Trois véhicules et plus - collisions multiples,,,,,,,,,,,1,1,1,1,5
201500001608,0015-06-26 10:48:00,15,6,26,10,48,10,53,SEILLON ( ROUTE DE),46.17666,5.23423,Plein jour,Hors agglomération,Intersection en X,Normale,Deux véhicules - côté,,,,,,,,,,,1,1,2,1,3
201500001609,0015-07-01 12:45:00,15,7,1,12,45,10,53,"12, PAQUERETTES ( CHEMIN",46.2176,5.22767,Plein jour,En agglomération,Giratoire,Temps éblouissant,Deux véhicules - côté,,,,,,,,,,,1,2,6,7,3
201500001610,0015-07-02 16:35:00,15,7,2,16,35,10,53,MONTHOLON (RUE) IMPAIR,46.1989,5.21049,Plein jour,Hors agglomération,Intersection en T,Normale,Deux véhicules - côté,,,,,,,,,,,1,1,3,1,3
201500001611,0015-07-06 19:10:00,15,7,6,19,10,10,53,"5, CLAVAGRY ( RUE)",46.20418,5.22411,Plein jour,En agglomération,Hors intersection,Normale,Autre collision,,,,,,,,,,,1,2,1,1,6
201500001612,0015-07-09 16:53:00,15,7,9,16,53,10,289,"2375, LYON ( AVE DE) A P",46.1731,5.19831,Plein jour,En agglomération,Hors intersection,Normale,Deux véhicules - frontale,,,,,,,,,,,1,2,1,1,1
201500001613,0015-07-18 09:45:00,15,7,18,9,45,10,53,2 av du champ de foire,46.2074,5.22914,Plein jour,En agglomération,Giratoire,Normale,Autre collision,,,,,,,,,,,1,2,6,1,6
201500001614,0015-07-23 12:50:00,15,7,23,12,50,10,53,"sans, LEVRIER (BD ANDRE)",,,Plein jour,En agglomération,Intersection en X,Normale,Deux véhicules - côté,,,,,,,,,,,1,2,2,1,3
201500001615,0015-07-23 23:15:00,15,7,23,23,15,10,451,"436, GELIERE ( CHEMIN DE",46.2441,5.21939,Nuit avec éclairage allumé,En agglomération,Intersection en X,Normale,Deux véhicules - côté,,,,,,,,,,,5,2,2,1,3
201500001616,0015-08-02 13:30:00,15,8,2,13,30,10,53,"snr, CROIX BLANCHE ( RUE",46.21034,5.25867,Plein jour,En agglomération,Intersection en T,Normale,Autre collision,,,,,,,,,,,1,2,3,1,6
201500001617,0015-08-04 15:45:00,15,8,4,15,45,10,289,"SANS, FORET DE SEILLON (",,,Plein jour,Hors agglomération,Intersection en X,Normale,Deux véhicules - côté,,,,,,,,,,,1,1,2,1,3
201500001618,0015-08-28 13:35:00,15,8,28,13,35,10,53,"snr, KENNEDY BVD J  - IM",,,Plein jour,En agglomération,Intersection à plus de 4 branches,Normale,Autre collision,,,,,,,,,,,1,2,5,1,6
201500001619,0015-08-29 09:00:00,15,8,29,9,0,10,289,"snr, SAINT ROCH (CHEMIN",46.19303,5.22361,Plein jour,Hors agglomération,Intersection en T,Normale,Deux véhicules - arrière,,,,,,,,,,,1,1,3,1,2
201500001620,0015-09-04 18:30:00,15,9,4,18,30,10,451,STRASBOURG (ROUTE DE),,,Plein jour,Hors agglomération,Intersection en X,Normale,Deux véhicules - côté,,,,,,,,,,,1,1,2,1,3
201500001621,0015-09-16 09:25:00,15,9,16,9,25,10,53,LAC ( route du ),46.19224,5.27112,Plein jour,Hors agglomération,Hors intersection,Pluie légère,Sans collision,,,,,,,,,,,1,1,1,2,7
201500001622,0015-09-16 12:45:00,15,9,16,12,45,10,53,"SNR, ALSACE LORRAINE (AV",46.2041,5.22417,Plein jour,En agglomération,Intersection en X,Normale,Deux véhicules - côté,,,,,,,,,,,1,2,2,1,3
201500001623,0015-09-19 20:55:00,15,9,19,20,55,10,53,"snr, SAINT ROCH (RUE)",46.1936,5.22508,Nuit avec éclairage allumé,En agglomération,Giratoire,Pluie légère,Deux véhicules - côté,,,,,,,,,,,5,2,6,2,3
201500001624,0015-09-22 07:35:00,15,9,22,7,35,10,53,"snr, LAC ( route du )",46.19222,5.271,Plein jour,Hors agglomération,Hors intersection,Normale,Sans collision,,,,,,,,,,,1,1,1,1,7
201500001625,0015-09-23 11:22:00,15,9,23,11,22,10,53,"sans, KENNEDY BVD J  - P",,,Plein jour,En agglomération,Intersection à plus de 4 branches,Temps couvert,Deux véhicules - côté,,,,,,,,,,,1,2,5,8,3
201500001626,0015-09-28 17:10:00,15,9,28,17,10,10,53,"245, HUIT MAI 1945 ( BD",46.1956,5.2369,Plein jour,En agglomération,Intersection en X,Normale,Autre collision,,,,,,,,,,,1,2,2,1,6
201500001627,0015-09-29 17:44:00,15,9,29,17,44,10,53,"18, MONTESQUIEU (RUE)",46.18933,5.22715,Plein jour,En agglomération,Hors intersection,Normale,Deux véhicules - côté,,,,,,,,,,,1,2,1,1,3
201500001628,0015-10-01 17:20:00,15,10,1,17,20,10,53,MERCIER (AVENUE AMEDEE D,,,Plein jour,En agglomération,Intersection en X,Normale,Trois véhicules et plus - collisions multiples,,,,,,,,,,,1,2,2,1,5
201500001629,0015-10-02 08:00:00,15,10,2,8,0,10,53,"11, MAGINOT ( AVENUE ) D",46.20795,5.22759,Plein jour,En agglomération,Intersection en X,Normale,Deux véhicules - arrière,,,,,,,,,,,1,2,2,1,2
201500001630,0015-10-07 22:20:00,15,10,7,22,20,10,53,VERNE (AVENUE JEAN MARIE,46.19543,5.22519,Nuit avec éclairage allumé,En agglomération,Intersection en X,Pluie légère,Deux véhicules - côté,,,,,,,,,,,5,2,2,2,3
201500001631,0015-10-09 21:35:00,15,10,9,21,35,10,53,"55, JAURES (AVENUE JEAN",46.1977,5.21675,Nuit avec éclairage allumé,En agglomération,Hors intersection,Normale,Deux véhicules - arrière,,,,,,,,,,,5,2,1,1,2
201500001632,0015-10-10 10:05:00,15,10,10,10,5,10,53,TEYSSONNIERE ( RUE DU CO,46.1969,5.21461,Plein jour,En agglomération,Intersection en T,Brouillard / fumée,Autre collision,,,,,,,,,,,1,2,3,5,6
201500001633,0015-10-15 14:10:00,15,10,15,14,10,10,53,MARBOZ (route de - PAIRS,46.2284,5.22936,Plein jour,En agglomération,Giratoire,Pluie légère,Deux véhicules - arrière,,,,,,,,,,,1,2,6,2,2
201500001634,0015-10-21 14:09:00,15,10,21,14,9,10,344,"SANS, TREVOUX (AVENUE DE",46.1984,5.17531,Plein jour,Hors agglomération,Intersection en T,Normale,Deux véhicules - côté,,,,,,,,,,,1,1,3,1,3
201500001635,0015-10-25 14:25:00,15,10,25,14,25,10,53,SEMARD (AVENUE PIERRE),46.20052,5.21534,Plein jour,En agglomération,Autre intersection,Normale,Deux véhicules - côté,,,,,,,,,,,1,2,9,1,3
201500001636,0015-11-03 19:05:00,15,11,3,19,5,10,53,"47, MAGINOT AVENUE ) DE",46.21056,5.22275,Nuit avec éclairage allumé,En agglomération,Intersection en T,Normale,Deux véhicules - côté,,,,,,,,,,,5,2,3,1,3
201500001637,0015-11-06 14:55:00,15,11,6,14,55,10,289,"snr, BOULEAUX ( CHEMIN D",46.17672,5.23421,Plein jour,Hors agglomération,Intersection en X,Normale,Deux véhicules - côté,,,,,,,,,,,1,1,2,1,3
201500001638,0015-11-07 19:30:00,15,11,7,19,30,10,53,"SANS, JOLIOT CURIE ( BOU",46.20799,5.23588,Nuit avec éclairage allumé,En agglomération,Intersection à plus de 4 branches,Normale,Deux véhicules - arrière,,,,,,,,,,,5,2,5,1,2
201500001639,0015-11-22 14:50:00,15,11,22,14,50,10,53,bd Paul Valery,46.1951,5.22951,Plein jour,En agglomération,Giratoire,Temps couvert,Deux véhicules - côté,,,,,,,,,,,1,2,6,8,3
201500001640,0015-11-25 17:20:00,15,11,25,17,20,10,53,"64, MERCIER (AVENUE AMED",46.20274,5.24511,Nuit avec éclairage allumé,En agglomération,Giratoire,Pluie forte,Autre collision,,,,,,,,,,,5,2,6,3,6
201500001641,0015-12-11 18:38:00,15,12,11,18,38,10,53,"04, CHAMP DE FOIRE ( AVE",46.2071,5.22983,Nuit avec éclairage allumé,En agglomération,Intersection en T,Normale,Deux véhicules - côté,,,,,,,,,,,5,2,3,1,3
201500001642,0015-12-13 18:35:00,15,12,13,18,35,10,53,"SANS, NEUVE ( PLACE)",46.20547,5.22686,Nuit avec éclairage allumé,En agglomération,Place,Normale,Autre collision,,,,,,,,,,,5,2,7,1,6
201500001643,0015-12-16 10:35:00,15,12,16,10,35,10,53,ROBIN (RUE CHARLES),,,Plein jour,En agglomération,Intersection en X,Normale,Deux véhicules - côté,,,,,,,,,,,1,2,2,1,3
201500001644,0015-12-22 23:40:00,15,12,22,23,40,10,53,VERNE (AVENUE JEAN MARIE,46.19714,5.22554,Nuit avec éclairage allumé,En agglomération,Hors intersection,Normale,Sans collision,,,,,,,,,,,5,2,1,1,7
201500001645,0015-09-28 15:45:00,15,9,28,15,45,610,382,,48.45795,-0.06074,Plein jour,En agglomération,Hors intersection,Normale,Deux véhicules - frontale,,,,,,,,,,,1,2,1,1,1
201500001646,0015-11-06 12:15:00,15,11,6,12,15,610,213,,48.47516,-0.11831,Plein jour,Hors agglomération,Hors intersection,Pluie légère,Deux véhicules - frontale,,,,,,,,,,,1,1,1,2,1
201500001647,0015-01-06 18:00:00,15,1,6,18,0,610,284,,48.60119,0.31826,Nuit sans éclairage public,Hors agglomération,Hors intersection,Brouillard / fumée,Deux véhicules - frontale,,,,,,,,,,,3,1,1,5,1
201500001648,0015-01-13 06:00:00,15,1,13,6,0,610,249,,48.65386,0.03949,Nuit sans éclairage public,Hors agglomération,Hors intersection,Normale,Deux véhicules - frontale,,,,,,,,,,,3,1,1,1,1
201500001649,0015-01-26 14:45:00,15,1,26,14,45,610,294,,48.63519,0.08027,Plein jour,Hors agglomération,Hors intersection,Normale,Autre collision,,,,,,,,,,,1,1,1,1,6
201500001650,0015-03-08 20:30:00,15,3,8,20,30,610,412,,48.47989,0.39225,Nuit sans éclairage public,Hors agglomération,Hors intersection,Normale,Deux véhicules - frontale,,,,,,,,,,,3,1,1,1,1
201500001651,0015-03-27 17:30:00,15,3,27,17,30,610,156,Carrefour D42 et D326,48.5412,0.24643,Plein jour,En agglomération,Intersection en Y,Normale,Autre collision,,,,,,,,,,,1,2,4,1,6
201500001652,0015-05-06 08:30:00,15,5,6,8,30,610,464,8 rue du 8 mai 1945,48.59552,0.17049,Plein jour,En agglomération,Hors intersection,Pluie légère,Trois véhicules et plus - en chaîne,,,,,,,,,,,1,2,1,2,4
201500001653,0015-08-01 10:00:00,15,8,1,10,0,610,249,,48.65983,0.02469,Plein jour,Hors agglomération,Intersection en Y,Normale,Deux véhicules - côté,,,,,,,,,,,1,1,4,1,3
201500001654,0015-08-16 17:45:00,15,8,16,17,45,610,258,,48.50689,0.3789,Plein jour,Hors agglomération,Hors intersection,Normale,Autre collision,,,,,,,,,,,1,1,1,1,6
201500001655,0015-09-20 19:30:00,15,9,20,19,30,610,166,,48.63735,0.41051,Plein jour,Hors agglomération,Intersection en X,Normale,Deux véhicules - côté,,,,,,,,,,,1,1,2,1,3
201500001656,0015-11-23 10:15:00,15,11,23,10,15,610,481,,48.63296,0.39655,Plein jour,Hors agglomération,Intersection en T,Normale,Deux véhicules - côté,,,,,,,,,,,1,1,3,1,3
201500001657,0015-12-14 14:30:00,15,12,14,14,30,610,415,,48.50783,0.32788,Plein jour,Hors agglomération,Hors intersection,Normale,Sans collision,,,,,,,,,,,1,1,1,1,7
201500001658,0015-01-05 19:15:00,15,1,5,19,15,610,283,,48.80027,-0.09908,Nuit sans éclairage public,Hors agglomération,Hors intersection,Brouillard / fumée,Deux véhicules - frontale,,,,,,,,,,,3,1,1,5,1
201500001659,0015-02-15 06:00:00,15,2,15,6,0,610,474,,48.77639,0.07002,Nuit sans éclairage public,Hors agglomération,Hors intersection,Brouillard / fumée,Sans collision,,,,,,,,,,,3,1,1,5,7
201500001660,0015-03-03 17:15:00,15,3,3,17,15,610,371,,48.68024,-0.1721,Plein jour,Hors agglomération,Intersection en T,Normale,Deux véhicules - arrière,,,,,,,,,,,1,1,3,1,2
201500001661,0015-07-09 16:45:00,15,7,9,16,45,610,344,,48.63062,-0.21613,Plein jour,Hors agglomération,Hors intersection,Normale,Autre collision,,,,,,,,,,,1,1,1,1,6
201500001662,0015-08-13 19:15:00,15,8,13,19,15,610,339,,48.77279,-0.24908,Plein jour,Hors agglomération,Hors intersection,Pluie légère,Deux véhicules - frontale,,,,,,,,,,,1,1,1,2,1
201500001663,0015-09-23 17:45:00,15,9,23,17,45,610,199,,48.78631,0.16158,Plein jour,Hors agglomération,Intersection en X,Normale,Deux véhicules - côté,,,,,,,,,,,1,1,2,1,3
201500001664,0015-09-16 13:30:00,15,9,16,13,30,610,83,,48.80212,0.12239,Plein jour,Hors agglomération,Hors intersection,Normale,Autre collision,,,,,,,,,,,1,1,1,1,6
201500001665,0015-02-01 02:45:00,15,2,1,2,45,610,460,,48.89442,0.33807,Nuit sans éclairage public,En agglomération,Place,Pluie légère,Autre collision,,,,,,,,,,,3,2,7,2,6
201500001666,0015-02-07 18:30:00,15,2,7,18,30,610,108,,48.79593,0.35916,Crépuscule ou aube,Hors agglomération,Intersection en X,Normale,Deux véhicules - côté,,,,,,,,,,,2,1,2,1,3
201500001667,0015-02-10 17:45:00,15,2,10,17,45,610,310,,48.68603,0.21146,Nuit sans éclairage public,Hors agglomération,Hors intersection,Normale,Sans collision,,,,,,,,,,,3,1,1,1,7
201500001668,0015-04-26 19:15:00,15,4,26,19,15,610,493,,48.81809,0.36818,Crépuscule ou aube,Hors agglomération,Hors intersection,Pluie forte,Sans collision,,,,,,,,,,,2,1,1,3,7
201500001669,0015-05-09 08:45:00,15,5,9,8,45,610,103,,48.82902,0.33399,Plein jour,Hors agglomération,Hors intersection,Normale,Deux véhicules - frontale,,,,,,,,,,,1,1,1,1,1
201500001670,0015-06-12 20:00:00,15,6,12,20,0,610,131,,48.7632,0.24505,Plein jour,Hors agglomération,Hors intersection,Normale,Deux véhicules - frontale,,,,,,,,,,,1,1,1,1,1
201500001671,0015-07-12 12:00:00,15,7,12,12,0,610,385,,48.79472,0.34433,Plein jour,Hors agglomération,Intersection en X,Normale,Deux véhicules - arrière,,,,,,,,,,,1,1,2,1,2
201500001672,0015-09-05 19:00:00,15,9,5,19,0,610,110,,48.72558,0.17404,Plein jour,Hors agglomération,Hors intersection,Pluie forte,Autre collision,,,,,,,,,,,1,1,1,3,6
201500001673,0015-10-08 12:00:00,15,10,8,12,0,610,508,10 Avenue des Canadiens,48.92138,0.19925,Plein jour,En agglomération,Hors intersection,Normale,Deux véhicules - frontale,,,,,,,,,,,1,2,1,1,1
201500001674,0015-05-09 18:15:00,15,5,9,18,15,610,201,,48.61047,-0.63094,Plein jour,Hors agglomération,Hors intersection,Normale,Sans collision,,,,,,,,,,,1,1,1,1,7
201500001675,0015-06-09 06:45:00,15,6,9,6,45,610,421,,48.54562,-0.71017,Plein jour,Hors agglomération,Intersection en X,Normale,Deux véhicules - frontale,,,,,,,,,,,1,1,2,1,1
201500001676,0015-09-22 20:15:00,15,9,22,20,15,610,369,,48.66043,-0.60656,Nuit sans éclairage public,Hors agglomération,Hors intersection,Normale,Deux véhicules - arrière,,,,,,,,,,,3,1,1,1,2
201500001677,0015-09-28 18:15:00,15,9,28,18,15,610,145,Rue de la gare,48.59058,-0.65817,Plein jour,En agglomération,Hors intersection,Temps éblouissant,Autre collision,,,,,,,,,,,1,2,1,7,6
201500001678,0015-10-26 18:00:00,15,10,26,18,0,610,75,,48.51489,-0.64194,Crépuscule ou aube,Hors agglomération,Intersection en T,Normale,Trois véhicules et plus - collisions multiples,,,,,,,,,,,2,1,3,1,5
201500001679,0015-11-06 19:45:00,15,11,6,19,45,610,163,La Collinière,48.66182,-0.05135,Nuit sans éclairage public,En agglomération,Intersection en T,Pluie légère,Deux véhicules - côté,,,,,,,,,,,3,2,3,2,3
201500001680,0015-12-06 14:15:00,15,12,6,14,15,610,75,,48.47465,-0.62542,Plein jour,Hors agglomération,Intersection en X,Temps couvert,Deux véhicules - frontale,,,,,,,,,,,1,1,2,8,1
201500001681,0015-12-21 13:45:00,15,12,21,13,45,610,369,,48.64859,-0.61932,Plein jour,Hors agglomération,Hors intersection,Normale,Trois véhicules et plus - collisions multiples,,,,,,,,,,,1,1,1,1,5
201500001682,0015-12-26 16:30:00,15,12,26,16,30,610,163,RUE DE BRIOUZE,48.66472,-0.51595,Crépuscule ou aube,En agglomération,Intersection en T,Normale,Deux véhicules - frontale,,,,,,,,,,,2,2,3,1,1
201500001683,0015-03-22 15:00:00,15,3,22,15,0,610,463,,48.62746,-0.42775,Plein jour,Hors agglomération,Hors intersection,Normale,Autre collision,,,,,,,,,,,1,1,1,1,6
201500001684,0015-04-01 10:15:00,15,4,1,10,15,610,168,,48.5903,-0.35938,Plein jour,En agglomération,Intersection en X,Temps couvert,Deux véhicules - côté,,,,,,,,,,,1,2,2,8,3
201500001685,0015-07-10 13:15:00,15,7,10,13,15,610,63,grande rue,48.69722,-0.36888,Plein jour,En agglomération,Intersection en T,Normale,Deux véhicules - côté,,,,,,,,,,,1,2,3,1,3
201500001686,0015-07-20 16:30:00,15,7,20,16,30,610,96,,48.53097,-0.46244,Plein jour,Hors agglomération,Hors intersection,Normale,Deux véhicules - frontale,,,,,,,,,,,1,1,1,1,1
201500001687,0015-08-10 08:15:00,15,8,10,8,15,610,168,D 916,48.59131,-0.36628,Plein jour,En agglomération,Intersection en X,Normale,Autre collision,,,,,,,,,,,1,2,2,1,6
201500001688,0015-09-25 23:00:00,15,9,25,23,0,610,332,,48.70499,-0.34063,Nuit sans éclairage public,Hors agglomération,Hors intersection,Normale,Deux véhicules - frontale,,,,,,,,,,,3,1,1,1,1
201500001689,0015-10-14 18:30:00,15,10,14,18,30,610,431,16 rue de la forge,48.58399,-0.41679,Crépuscule ou aube,En agglomération,Hors intersection,Pluie légère,Autre collision,,,,,,,,,,,2,2,1,2,6
201500001690,0015-11-23 08:45:00,15,11,23,8,45,610,463,,48.63546,-0.39352,Plein jour,Hors agglomération,Intersection en X,Normale,Deux véhicules - côté,,,,,,,,,,,1,1,2,1,3
201500001691,0015-11-24 10:45:00,15,11,24,10,45,610,168,,48.56148,-0.39562,Crépuscule ou aube,Hors agglomération,Intersection à plus de 4 branches,Pluie légère,Deux véhicules - côté,,,,,,,,,,,2,1,5,2,3
201500001692,0015-12-31 14:15:00,15,12,31,14,15,610,94,28 Rue des brousses,48.70527,-0.58637,Plein jour,En agglomération,Hors intersection,Normale,Deux véhicules - côté,,,,,,,,,,,1,2,1,1,3
201500001693,0015-01-30 13:15:00,15,1,30,13,15,610,94,,48.69584,-0.60572,Plein jour,Hors agglomération,Hors intersection,Normale,Sans collision,,,,,,,,,,,1,1,1,1,7
201500001694,0015-03-08 00:30:00,15,3,8,0,30,610,513,,48.71369,-0.77344,Nuit sans éclairage public,Hors agglomération,Hors intersection,Normale,Sans collision,,,,,,,,,,,3,1,1,1,7
201500001695,0015-06-05 18:30:00,15,6,5,18,30,610,486,,48.75412,-0.73432,Plein jour,Hors agglomération,Hors intersection,Normale,Deux véhicules - côté,,,,,,,,,,,1,1,1,1,3
201500001696,0015-06-30 15:30:00,15,6,30,15,30,610,443,,48.73512,-0.63935,Plein jour,Hors agglomération,Hors intersection,Normale,Autre collision,,,,,,,,,,,1,1,1,1,6
201500001697,0015-09-24 14:10:00,15,9,24,14,10,610,69,,48.8447,-0.4503,Plein jour,Hors agglomération,Intersection en X,Pluie légère,Deux véhicules - côté,,,,,,,,,,,1,1,2,2,3
201500001698,0015-10-22 20:15:00,15,10,22,20,15,610,486,,48.76849,-0.74196,Nuit sans éclairage public,Hors agglomération,Hors intersection,Normale,Deux véhicules - frontale,,,,,,,,,,,3,1,1,1,1
201500001699,0015-10-31 23:15:00,15,10,31,23,15,610,221,,48.74405,-0.47446,Nuit sans éclairage public,Hors agglomération,Hors intersection,Normale,Deux véhicules - frontale,,,,,,,,,,,3,1,1,1,1
201500001700,0015-12-17 14:15:00,15,12,17,14,15,610,70,,48.81274,-0.60123,Plein jour,Hors agglomération,Hors intersection,Normale,Autre collision,,,,,,,,,,,1,1,1,1,6
201500001701,0015-12-30 19:30:00,15,12,30,19,30,610,7,,48.77383,-0.5096,Nuit sans éclairage public,Hors agglomération,Hors intersection,Normale,Autre collision,,,,,,,,,,,3,1,1,1,6
201500001702,0015-03-05 17:00:00,15,3,5,17,0,610,414,27 RUE DE LA POUDRIERE,48.51351,0.54691,Plein jour,En agglomération,Hors intersection,Normale,Autre collision,,,,,,,,,,,1,2,1,1,6
201500001703,0015-03-12 13:15:00,15,3,12,13,15,610,97,,48.47635,0.67031,Plein jour,Hors agglomération,Hors intersection,Normale,Deux véhicules - frontale,,,,,,,,,,,1,1,1,1,1
201500001704,0015-05-26 12:00:00,15,5,26,12,0,610,293,Rue Pierre Boucher,48.52197,0.54543,Plein jour,En agglomération,Hors intersection,Normale,Autre collision,,,,,,,,,,,1,2,1,1,6
201500001705,0015-06-22 10:00:00,15,6,22,10,0,610,293,58 rue des déportés,48.51817,0.54897,Plein jour,En agglomération,Hors intersection,Normale,Autre collision,,,,,,,,,,,1,2,1,1,6
201500001706,0015-07-17 18:45:00,15,7,17,18,45,610,438,,48.5906,0.48175,Plein jour,Hors agglomération,Hors intersection,Normale,Deux véhicules - arrière,,,,,,,,,,,1,1,1,1,2
201500001707,0015-07-28 16:45:00,15,7,28,16,45,610,450,,48.46614,0.41498,Plein jour,Hors agglomération,Hors intersection,Pluie légère,Deux véhicules - frontale,,,,,,,,,,,1,1,1,2,1
201500001708,0015-10-30 01:40:00,15,10,30,1,40,610,475,,48.6391,0.58321,Nuit sans éclairage public,Hors agglomération,Hors intersection,Normale,Autre collision,,,,,,,,,,,3,1,1,1,6
201500001709,0015-11-02 18:45:00,15,11,2,18,45,610,255,rue catinat,48.44933,0.62077,Nuit avec éclairage allumé,En agglomération,Hors intersection,Normale,Deux véhicules - côté,,,,,,,,,,,5,2,1,1,3
201500001710,0015-12-12 18:45:00,15,12,12,18,45,610,229,,48.51286,0.59782,Nuit sans éclairage public,Hors agglomération,Hors intersection,Normale,Autre collision,,,,,,,,,,,3,1,1,1,6
201500001711,0015-07-12 06:15:00,15,7,12,6,15,610,246,,48.26916,0.77149,Crépuscule ou aube,Hors agglomération,Hors intersection,Normale,Autre collision,,,,,,,,,,,2,1,1,1,6
201500001712,0015-09-19 15:00:00,15,9,19,15,0,610,5,,48.35658,0.55895,Plein jour,Hors agglomération,Hors intersection,Normale,Deux véhicules - frontale,,,,,,,,,,,1,1,1,1,1
201500001713,0015-09-21 23:30:00,15,9,21,23,30,610,426,,48.35273,0.52247,Nuit sans éclairage public,Hors agglomération,Hors intersection,Pluie forte,Autre collision,,,,,,,,,,,3,1,1,3,6
201500001714,0015-12-17 18:15:00,15,12,17,18,15,610,337,,48.32839,0.73077,Nuit sans éclairage public,Hors agglomération,Intersection en X,Normale,Deux véhicules - frontale,,,,,,,,,,,3,1,2,1,1
201500001715,0015-01-10 19:00:00,15,1,10,19,0,610,457,RUE DE SAINT EVROULT,48.78844,0.58239,Nuit avec éclairage allumé,En agglomération,Giratoire,Pluie légère,Autre collision,,,,,,,,,,,5,2,6,2,6
201500001716,0015-04-29 12:00:00,15,4,29,12,0,610,506,,48.85814,0.45767,Plein jour,En agglomération,Hors intersection,Normale,Sans collision,,,,,,,,,,,1,2,1,1,7
201500001717,0015-05-30 12:00:00,15,5,30,12,0,610,208,,48.68022,0.69843,Plein jour,Hors agglomération,Hors intersection,Normale,Sans collision,,,,,,,,,,,1,1,1,1,7
201500001718,0015-06-20 18:15:00,15,6,20,18,15,610,456,,48.7785,0.66269,Plein jour,Hors agglomération,Hors intersection,Normale,Sans collision,,,,,,,,,,,1,1,1,1,7
201500001719,0015-08-08 22:00:00,15,8,8,22,0,610,432,,48.75916,0.67476,Nuit sans éclairage public,Hors agglomération,Giratoire,Normale,Autre collision,,,,,,,,,,,3,1,6,1,6
201500001720,0015-08-16 12:00:00,15,8,16,12,0,610,456,Lieu-dit Anglures,48.76105,0.64136,Plein jour,En agglomération,Giratoire,Normale,Deux véhicules - côté,,,,,,,,,,,1,2,6,1,3
201500001721,0015-09-18 17:00:00,15,9,18,17,0,610,440,,48.72763,0.62145,Plein jour,Hors agglomération,Hors intersection,Pluie légère,Sans collision,,,,,,,,,,,1,1,1,2,7