accident_id,datetime,annee,mois,jour,heure,minute,departement,commune_insee,adresse,latitude,longitude,luminosite,agglomeration,intersection,meteo,collision,nb_vehicules,nb_usagers,nb_indemnes,nb_tues,nb_blesses_hosp,nb_blesses_legers,age_cond_1,age_cond_2,veh_type_cond_1,veh_type_cond_2,lum_code,agg_code,int_code,atm_code,col_code
201500001851,0015-09-27 18:00:00,15,9,27,18,0,440,131,,47.10924,-2.04815,Plein jour,Hors agglomération,Hors intersection,Normale,Deux véhicules - côté,,,,,,,,,,,1,1,1,1,3
201500001852,0015-10-05 09:45:00,15,10,5,9,45,440,40,,47.12502,-1.92406,Plein jour,Hors agglomération,Hors intersection,Normale,Deux véhicules - frontale,,,,,,,,,,,1,1,1,1,1
201500001853,0015-10-06 12:00:00,15,10,6,12,0,440,164,la carrouère,47.07449,-1.88965,Plein jour,Hors agglomération,Intersection en X,Pluie légère,Deux véhicules - frontale,,,,,,,,,,,1,1,2,2,1
201500001854,0015-10-17 22:45:00,15,10,17,22,45,440,164,,47.08405,-1.85948,Nuit sans éclairage public,Hors agglomération,Hors intersection,Normale,Deux véhicules - frontale,,,,,,,,,,,3,1,1,1,1
201500001855,0015-12-02 08:15:00,15,12,2,8,15,440,131,,,,Crépuscule ou aube,Hors agglomération,Hors intersection,Normale,Deux véhicules - frontale,,,,,,,,,,,2,1,1,1,1
201500001856,0015-01-12 07:45:00,15,1,12,7,45,440,116,Boulevard Dumesnildot,47.2868,-2.02772,Nuit avec éclairage allumé,En agglomération,Hors intersection,Normale,Deux véhicules - côté,,,,,,,,,,,5,2,1,1,3
201500001857,0015-04-22 13:00:00,15,4,22,13,0,440,38,la lande des vents,47.18929,-1.99054,Plein jour,Hors agglomération,Hors intersection,Normale,Deux véhicules - frontale,,,,,,,,,,,1,1,1,1,1
201500001858,0015-05-29 04:30:00,15,5,29,4,30,440,154,,47.20007,-2.14774,Nuit sans éclairage public,Hors agglomération,Hors intersection,Normale,Deux véhicules - arrière,,,,,,,,,,,3,1,1,1,2
201500001859,0015-06-20 12:15:00,15,6,20,12,15,440,192,la ville en bois,47.27648,-2.01167,Plein jour,Hors agglomération,Intersection en T,Normale,Deux véhicules - côté,,,,,,,,,,,1,1,3,1,3
201500001860,0015-06-24 20:30:00,15,6,24,20,30,440,61,le grand patureau,47.25448,-1.93142,Plein jour,Hors agglomération,Hors intersection,Normale,Autre collision,,,,,,,,,,,1,1,1,1,6
201500001861,0015-07-05 16:15:00,15,7,5,16,15,440,182,,47.17884,-2.14509,Plein jour,Hors agglomération,Hors intersection,Normale,Trois véhicules et plus - collisions multiples,,,,,,,,,,,1,1,1,1,5
201500001862,0015-08-20 18:15:00,15,8,20,18,15,440,154,Avenue Raymond Poincare,47.2567,-2.16026,Plein jour,En agglomération,Intersection en T,Normale,Deux véhicules - côté,,,,,,,,,,,1,2,3,1,3
201500001863,0015-09-09 10:00:00,15,9,9,10,0,440,46,le petit perret,47.27663,-2.07953,Plein jour,Hors agglomération,Hors intersection,Normale,Trois véhicules et plus - en chaîne,,,,,,,,,,,1,1,1,1,4
201500001864,0015-10-01 21:00:00,15,10,1,21,0,440,61,,,,Nuit sans éclairage public,Hors agglomération,Intersection en X,Normale,Deux véhicules - côté,,,,,,,,,,,3,1,2,1,3
201500001865,0015-10-04 20:45:00,15,10,4,20,45,440,61,,47.2526,-1.95715,Nuit sans éclairage public,Hors agglomération,Hors intersection,Pluie légère,Autre collision,,,,,,,,,,,3,1,1,2,6
201500001866,0015-10-31 04:00:00,15,10,31,4,0,440,192,la grande voirie,47.25126,-1.98771,Nuit sans éclairage public,Hors agglomération,Hors intersection,Normale,Autre collision,,,,,,,,,,,3,1,1,1,6
201500001867,0015-12-16 09:15:00,15,12,16,9,15,440,46,,,,Plein jour,Hors agglomération,Hors intersection,Pluie légère,Trois véhicules et plus - collisions multiples,,,,,,,,,,,1,1,1,2,5
201500001868,0015-02-17 16:45:00,15,2,17,16,45,440,87,les petites loges,46.96747,-1.82471,Crépuscule ou aube,Hors agglomération,Hors intersection,Normale,Autre collision,,,,,,,,,,,2,1,1,1,6
201500001869,0015-03-02 12:15:00,15,3,2,12,15,440,186,rue de bel air,47.10627,-1.81335,Plein jour,En agglomération,Hors intersection,Normale,Deux véhicules - frontale,,,,,,,,,,,1,2,1,1,1
201500001870,0015-04-27 17:30:00,15,4,27,17,30,440,87,l'ouche tison,47.02303,-1.82154,Plein jour,Hors agglomération,Hors intersection,Normale,Autre collision,,,,,,,,,,,1,1,1,1,6
201500001871,0015-05-02 12:15:00,15,5,2,12,15,440,119,l'etoile,46.99311,-1.76115,Plein jour,Hors agglomération,Hors intersection,Pluie forte,Autre collision,,,,,,,,,,,1,1,1,3,6
201500001872,0015-05-08 09:15:00,15,5,8,9,15,440,90,,46.99635,-1.69225,Plein jour,Hors agglomération,Hors intersection,Normale,Autre collision,,,,,,,,,,,1,1,1,1,6
201500001873,0015-06-08 18:30:00,15,6,8,18,30,440,145,la chaussée de retz,47.19385,-1.85107,Plein jour,Hors agglomération,Intersection en X,Normale,Deux véhicules - côté,,,,,,,,,,,1,1,2,1,3
201500001874,0015-06-26 02:15:00,15,6,26,2,15,440,178,rue de la colombe,47.11066,-1.73534,Nuit sans éclairage public,En agglomération,Hors intersection,Normale,Deux véhicules - frontale,,,,,,,,,,,3,2,1,1,1
201500001875,0015-07-04 19:15:00,15,7,4,19,15,440,181,l'hermitage,,,Plein jour,Hors agglomération,Intersection en X,Normale,Deux véhicules - côté,,,,,,,,,,,1,1,2,1,3
201500001876,0015-08-30 17:15:00,15,8,30,17,15,440,119,beauséjour,46.99298,-1.76471,Plein jour,Hors agglomération,Hors intersection,Normale,Deux véhicules - frontale,,,,,,,,,,,1,1,1,1,1
201500001877,0015-12-18 20:00:00,15,12,18,20,0,440,119,,,,Nuit sans éclairage public,Hors agglomération,Hors intersection,Normale,Deux véhicules - frontale,,,,,,,,,,,3,1,1,1,1
201500001878,0015-05-22 08:15:00,15,5,22,8,15,440,47,rue des  alouettes,47.21323,-1.74526,Plein jour,En agglomération,Hors intersection,Normale,Deux véhicules - frontale,,,,,,,,,,,1,2,1,1,1
201500001879,0015-07-07 09:15:00,15,7,7,9,15,440,47,les haies,47.25629,-1.72139,Plein jour,Hors agglomération,Intersection en X,Normale,Deux véhicules - côté,,,,,,,,,,,1,1,2,1,3
201500001880,0015-08-28 16:15:00,15,8,28,16,15,440,47,,47.2459,-1.72881,Plein jour,Hors agglomération,Hors intersection,Normale,Deux véhicules - frontale,,,,,,,,,,,1,1,1,1,1
201500001881,0015-09-27 05:30:00,15,9,27,5,30,440,194,la guillocherie,47.25645,-1.68912,Nuit sans éclairage public,Hors agglomération,Hors intersection,Normale,Autre collision,,,,,,,,,,,3,1,1,1,6
201500001882,0015-10-08 11:30:00,15,10,8,11,30,440,47,Rue du Stade,47.21802,-1.68261,Plein jour,En agglomération,Giratoire,Normale,Deux véhicules - côté,,,,,,,,,,,1,2,6,1,3
201500001883,0015-10-14 07:30:00,15,10,14,7,30,440,47,,47.2328,-1.70481,Crépuscule ou aube,Hors agglomération,Hors intersection,Normale,Deux véhicules - frontale,,,,,,,,,,,2,1,1,1,1
201500001884,0015-12-02 15:30:00,15,12,2,15,30,440,47,rue Henri Gautier,,,Plein jour,En agglomération,Giratoire,Normale,Deux véhicules - côté,,,,,,,,,,,1,2,6,1,3
201500001885,0015-01-02 15:30:00,15,1,2,15,30,440,183,CD 52 - face au n 6,47.3896,-2.43556,Plein jour,En agglomération,Hors intersection,Normale,Deux véhicules - frontale,,,,,,,,,,,1,2,1,1,1
201500001886,0015-01-10 04:00:00,15,1,10,4,0,440,69,,47.31495,-2.40839,Nuit sans éclairage public,Hors agglomération,Hors intersection,Pluie légère,Autre collision,,,,,,,,,,,3,1,1,2,6
201500001887,0015-01-10 18:30:00,15,1,10,18,30,440,183,theleac,47.40379,-2.41544,Nuit sans éclairage public,Hors agglomération,Hors intersection,Pluie légère,Autre collision,,,,,,,,,,,3,1,1,2,6
201500001888,0015-01-19 11:00:00,15,1,19,11,0,440,72,Boulevard de brière,47.453,-2.313,Plein jour,En agglomération,Hors intersection,Temps éblouissant,Autre collision,,,,,,,,,,,1,2,1,7,6
201500001889,0015-04-02 07:30:00,15,4,2,7,30,440,69,rte de st lyphard,47.34216,-2.40542,Plein jour,Hors agglomération,Hors intersection,Normale,Deux véhicules - côté,,,,,,,,,,,1,1,1,1,3
201500001890,0015-04-07 16:15:00,15,4,7,16,15,440,183,,47.38937,-2.42601,Plein jour,En agglomération,Intersection en T,Normale,Deux véhicules - côté,,,,,,,,,,,1,2,3,1,3
201500001891,0015-04-08 08:15:00,15,4,8,8,15,440,69,rd pt de la brière,47.34134,-2.42761,Plein jour,En agglomération,Giratoire,Normale,Deux véhicules - côté,,,,,,,,,,,1,2,6,1,3
201500001892,0015-05-15 13:45:00,15,5,15,13,45,440,69,rte de sandun,47.33402,-2.38504,Plein jour,Hors agglomération,Hors intersection,Normale,Sans collision,,,,,,,,,,,1,1,1,1,7
201500001893,0015-05-27 19:00:00,15,5,27,19,0,440,49,17 rue aristide briand,47.28698,-2.5052,Plein jour,En agglomération,Hors intersection,Normale,Deux véhicules - côté,,,,,,,,,,,1,2,1,1,3
201500001894,0015-06-09 07:30:00,15,6,9,7,30,440,175,les quatre routes,47.36016,-2.37408,Plein jour,Hors agglomération,Intersection en X,Normale,Deux véhicules - côté,,,,,,,,,,,1,1,2,1,3
201500001895,0015-06-12 16:15:00,15,6,12,16,15,440,69,rue des patis,47.3273,-2.41292,Plein jour,En agglomération,Giratoire,Normale,Deux véhicules - côté,,,,,,,,,,,1,2,6,1,3
201500001896,0015-07-04 16:00:00,15,7,4,16,0,440,69,clis,47.33674,-2.46729,Plein jour,Hors agglomération,Hors intersection,Normale,Deux véhicules - frontale,,,,,,,,,,,1,1,1,1,1
201500001897,0015-07-21 12:00:00,15,7,21,12,0,440,69,avenue de la briere,47.335,-2.427,Plein jour,En agglomération,Hors intersection,Pluie légère,Autre collision,,,,,,,,,,,1,2,1,2,6
201500001898,0015-07-25 22:30:00,15,7,25,22,30,440,97,route de guerande,47.3799,-2.45991,Nuit sans éclairage public,En agglomération,Hors intersection,Normale,Deux véhicules - frontale,,,,,,,,,,,3,2,1,1,1
201500001899,0015-07-15 14:15:00,15,7,15,14,15,440,69,rd pt du parc,47.34137,-2.42732,Plein jour,Hors agglomération,Giratoire,Normale,Deux véhicules - côté,,,,,,,,,,,1,1,6,1,3
201500001900,0015-08-05 19:15:00,15,8,5,19,15,440,151,,47.33681,-2.333,Plein jour,Hors agglomération,Intersection en T,Normale,Deux véhicules - côté,,,,,,,,,,,1,1,3,1,3
201500001901,0015-08-15 16:45:00,15,8,15,16,45,440,97,,47.3988,-2.48492,Plein jour,Hors agglomération,Hors intersection,Normale,Autre collision,,,,,,,,,,,1,1,1,1,6
201500001902,0015-09-05 16:00:00,15,9,5,16,0,440,69,route des marais,47.326,-2.46614,Plein jour,Hors agglomération,Hors intersection,Normale,Deux véhicules - frontale,,,,,,,,,,,1,1,1,1,1
201500001903,0015-09-09 04:45:00,15,9,9,4,45,440,72,pompas,47.40862,-2.35188,Nuit sans éclairage public,Hors agglomération,Hors intersection,Normale,Autre collision,,,,,,,,,,,3,1,1,1,6
201500001904,0015-09-09 13:30:00,15,9,9,13,30,440,30,le haut de ranretz,47.44654,-2.26458,Plein jour,Hors agglomération,Hors intersection,Normale,Deux véhicules - arrière,,,,,,,,,,,1,1,1,1,2
201500001905,0015-09-18 06:45:00,15,9,18,6,45,440,69,bd du général DE GAULLE,47.33011,-2.43543,Crépuscule ou aube,En agglomération,Hors intersection,Temps couvert,Autre collision,,,,,,,,,,,2,2,1,8,6
201500001906,0015-09-29 09:00:00,15,9,29,9,0,440,125,lieu dit Kervin,47.37221,-2.52693,Plein jour,En agglomération,Hors intersection,Temps éblouissant,Deux véhicules - côté,,,,,,,,,,,1,2,1,7,3
201500001907,0015-10-29 16:45:00,15,10,29,16,45,440,72,le gassun,47.42783,-2.33485,Plein jour,Hors agglomération,Hors intersection,Temps couvert,Trois véhicules et plus - en chaîne,,,,,,,,,,,1,1,1,8,4
201500001908,0015-11-23 22:00:00,15,11,23,22,0,440,211,,,,Nuit avec éclairage allumé,Hors agglomération,Hors intersection,Normale,Autre collision,,,,,,,,,,,5,1,1,1,6
201500001909,0015-04-23 18:45:00,15,4,23,18,45,440,210,route de prézégat,47.2932,-2.21577,Plein jour,En agglomération,Hors intersection,Normale,Autre collision,,,,,,,,,,,1,2,1,1,6
201500001910,0015-04-24 04:15:00,15,4,24,4,15,440,52,route de crossac,47.36881,-2.11862,Nuit sans éclairage public,Hors agglomération,Hors intersection,Normale,Autre collision,,,,,,,,,,,3,1,1,1,6
201500001911,0015-06-05 12:45:00,15,6,5,12,45,440,103,bd henri gautier,47.31536,-2.16916,Plein jour,Hors agglomération,Hors intersection,Normale,Autre collision,,,,,,,,,,,1,1,1,1,6
201500001912,0015-06-19 08:00:00,15,6,19,8,0,440,103,BD HENRI GAUTHIER,47.31,-2.159,Plein jour,En agglomération,Hors intersection,Normale,Deux véhicules - arrière,,,,,,,,,,,1,2,1,1,2
201500001913,0015-09-20 12:00:00,15,9,20,12,0,440,210,route des ormeaux,47.321,-2.22,Plein jour,En agglomération,Hors intersection,Normale,Deux véhicules - frontale,,,,,,,,,,,1,2,1,1,1
201500001914,0015-09-29 18:45:00,15,9,29,18,45,440,103,,47.30684,-2.17921,Plein jour,Hors agglomération,Hors intersection,Normale,Deux véhicules - côté,,,,,,,,,,,1,1,1,1,3
201500001915,0015-10-27 07:45:00,15,10,27,7,45,440,52,Rue Parscau du Plessis,47.32255,-2.06143,Plein jour,En agglomération,Hors intersection,Pluie légère,Sans collision,,,,,,,,,,,1,2,1,2,7
201500001916,0015-10-27 17:00:00,15,10,27,17,0,440,168,,47.3662,-2.18874,Plein jour,Hors agglomération,Hors intersection,Normale,Trois véhicules et plus - collisions multiples,,,,,,,,,,,1,1,1,1,5
201500001917,0015-12-25 20:45:00,15,12,25,20,45,440,210,,,,Nuit sans éclairage public,Hors agglomération,Hors intersection,Temps couvert,Deux véhicules - frontale,,,,,,,,,,,3,1,1,8,1
201500001918,0015-01-07 11:15:00,15,1,7,11,15,440,161,,47.52136,-2.02152,Plein jour,Hors agglomération,Hors intersection,Normale,Deux véhicules - arrière,,,,,,,,,,,1,1,1,1,2
201500001919,0015-07-05 18:45:00,15,7,5,18,45,440,129,la lande de malabri,47.46105,-2.14846,Plein jour,Hors agglomération,Hors intersection,Normale,Autre collision,,,,,,,,,,,1,1,1,1,6
201500001920,0015-08-10 15:00:00,15,8,10,15,0,440,50,5 rue de l'ancienne gare,47.40939,-2.16773,Plein jour,En agglomération,Hors intersection,Normale,Deux véhicules - arrière,,,,,,,,,,,1,2,1,1,2
201500001921,0015-08-18 20:00:00,15,8,18,20,0,440,68,rue de la houssaie,47.48684,-1.9268,Plein jour,En agglomération,Hors intersection,Normale,Deux véhicules - côté,,,,,,,,,,,1,2,1,1,3
201500001922,0015-09-20 01:00:00,15,9,20,1,0,440,189,10 rue des sapins,47.44681,-2.19093,Nuit sans éclairage public,En agglomération,Hors intersection,Normale,Autre collision,,,,,,,,,,,3,2,1,1,6
201500001923,0015-10-17 15:00:00,15,10,17,15,0,440,68,la croix de fer,47.51092,-1.95805,Plein jour,Hors agglomération,Intersection en X,Temps éblouissant,Deux véhicules - côté,,,,,,,,,,,1,1,2,7,3
201500001924,0015-12-13 14:30:00,15,12,13,14,30,440,129,Carrefour M. SAMBRON,,,Plein jour,En agglomération,Intersection en X,Normale,Deux véhicules - côté,,,,,,,,,,,1,2,2,1,3
201500001925,0015-04-09 17:00:00,15,4,9,17,0,440,158,Le pavillon,47.28756,-1.81552,Plein jour,Hors agglomération,Hors intersection,Normale,Trois véhicules et plus - collisions multiples,,,,,,,,,,,1,1,1,1,5
201500001926,0015-09-08 17:00:00,15,9,8,17,0,440,217,la pinelière,47.32909,-1.72677,Plein jour,Hors agglomération,Intersection en T,Normale,Deux véhicules - côté,,,,,,,,,,,1,1,3,1,3
201500001927,0015-10-22 23:00:00,15,10,22,23,0,440,217,le bezier,47.31917,-1.75948,Nuit sans éclairage public,Hors agglomération,Hors intersection,Normale,Autre collision,,,,,,,,,,,3,1,1,1,6
201500001928,0015-11-20 07:15:00,15,11,20,7,15,440,158,LA TEROUSAIS RD 381,,,Nuit avec éclairage allumé,En agglomération,Hors intersection,Pluie légère,Deux véhicules - côté,,,,,,,,,,,5,2,1,2,3
201500001929,0015-12-02 18:00:00,15,12,2,18,0,440,194,,,,Crépuscule ou aube,Hors agglomération,Hors intersection,Normale,Deux véhicules - frontale,,,,,,,,,,,2,1,1,1,1
201500001930,0015-12-07 08:15:00,15,12,7,8,15,440,217,,,,Plein jour,Hors agglomération,Hors intersection,Normale,Deux véhicules - frontale,,,,,,,,,,,1,1,1,1,1
201500001931,0015-12-12 07:30:00,15,12,12,7,30,440,217,,,,Nuit sans éclairage public,Hors agglomération,Hors intersection,Brouillard / fumée,Trois véhicules et plus - collisions multiples,,,,,,,,,,,3,1,1,5,5
201500001932,0015-01-20 07:15:00,15,1,20,7,15,440,139,,47.46372,-1.96234,Nuit avec éclairage allumé,En agglomération,Hors intersection,Normale,Autre collision,,,,,,,,,,,5,2,1,1,6
201500001933,0015-09-03 08:45:00,15,9,3,8,45,440,25,place de l'église,47.41272,-1.96909,Plein jour,En agglomération,Hors intersection,Normale,Autre collision,,,,,,,,,,,1,2,1,1,6
201500001934,0015-01-10 20:45:00,15,1,10,20,45,490,55,,47.51818,-0.57007,Nuit sans éclairage public,Hors agglomération,Hors intersection,Pluie légère,Deux véhicules - frontale,,,,,,,,,,,3,1,1,2,1
201500001935,0015-01-13 16:30:00,15,1,13,16,30,490,20,rue du landreau,47.47217,-0.6198,Plein jour,En agglomération,Intersection en X,Normale,Deux véhicules - frontale,,,,,,,,,,,1,2,2,1,1
201500001936,0015-02-13 17:30:00,15,2,13,17,30,490,20,,47.48312,-0.63216,Plein jour,Hors agglomération,Giratoire,Temps éblouissant,Autre collision,,,,,,,,,,,1,1,6,7,6
201500001937,0015-03-04 18:30:00,15,3,4,18,30,490,20,,47.45925,-0.65332,Crépuscule ou aube,Hors agglomération,Intersection en T,Temps éblouissant,Deux véhicules - côté,,,,,,,,,,,2,1,3,7,3
201500001938,0015-03-24 04:30:00,15,3,24,4,30,490,20,,47.46649,-0.61991,Nuit avec éclairage non allumé,Hors agglomération,Giratoire,Temps couvert,Deux véhicules - côté,,,,,,,,,,,4,1,6,8,3
201500001939,0015-10-06 16:00:00,15,10,6,16,0,490,35,,47.42269,-0.61168,Plein jour,Hors agglomération,Hors intersection,Pluie légère,Trois véhicules et plus - collisions multiples,,,,,,,,,,,1,1,1,2,5
201500001940,0015-05-28 18:45:00,15,5,28,18,45,490,201,4 rue Victor lassalle,47.4046,-0.26975,Plein jour,En agglomération,Hors intersection,Normale,Autre collision,,,,,,,,,,,1,2,1,1,6
201500001941,0015-06-28 04:30:00,15,6,28,4,30,490,106,,47.45936,-0.35183,Nuit sans éclairage public,Hors agglomération,Hors intersection,Normale,Autre collision,,,,,,,,,,,3,1,1,1,6
201500001942,0015-07-15 16:30:00,15,7,15,16,30,490,106,,47.47475,-0.32609,Plein jour,Hors agglomération,Hors intersection,Normale,Trois véhicules et plus - collisions multiples,,,,,,,,,,,1,1,1,1,5
201500001943,0015-09-02 11:15:00,15,9,2,11,15,490,21,,47.44425,-0.24705,Plein jour,Hors agglomération,Hors intersection,Normale,Deux véhicules - frontale,,,,,,,,,,,1,1,1,1,1
201500001944,0015-03-09 00:15:00,15,3,9,0,15,490,50,,47.36255,-0.448,Nuit sans éclairage public,Hors agglomération,Hors intersection,Normale,Autre collision,,,,,,,,,,,3,1,1,1,6
201500001945,0015-03-22 15:00:00,15,3,22,15,0,490,318,chaloche,47.40146,-0.42713,Plein jour,Hors agglomération,Hors intersection,Normale,Sans collision,,,,,,,,,,,1,1,1,1,7
201500001946,0015-04-25 20:45:00,15,4,25,20,45,490,317,,47.38864,-0.32784,Crépuscule ou aube,Hors agglomération,Hors intersection,Normale,Deux véhicules - frontale,,,,,,,,,,,2,1,1,1,1
201500001947,0015-08-05 07:30:00,15,8,5,7,30,490,66,le petit pineau,47.2707,-0.58143,Plein jour,Hors agglomération,Hors intersection,Normale,Sans collision,,,,,,,,,,,1,1,1,1,7
201500001948,0015-08-21 17:00:00,15,8,21,17,0,490,133,,47.24262,-0.49184,Plein jour,Hors agglomération,Hors intersection,Normale,Deux véhicules - frontale,,,,,,,,,,,1,1,1,1,1
201500001949,0015-11-15 17:15:00,15,11,15,17,15,490,308,,,,Plein jour,Hors agglomération,Hors intersection,Normale,Deux véhicules - frontale,,,,,,,,,,,1,1,1,1,1
201500001950,0015-11-27 00:15:00,15,11,27,0,15,490,78,,47.33452,-0.42651,Nuit sans éclairage public,Hors agglomération,Hors intersection,Brouillard / fumée,Deux véhicules - frontale,,,,,,,,,,,3,1,1,5,1
201500001951,0015-10-13 08:00:00,15,10,13,8,0,490,247,,47.37196,-0.68515,Plein jour,Hors agglomération,Hors intersection,Normale,Deux véhicules - côté,,,,,,,,,,,1,1,1,1,3
201500001952,0015-03-21 16:30:00,15,3,21,16,30,490,307,,47.41441,-0.31156,Plein jour,Hors agglomération,Intersection en X,Normale,Deux véhicules - côté,,,,,,,,,,,1,1,2,1,3
201500001953,0015-02-28 16:30:00,15,2,28,16,30,490,284,Les Landes,47.42328,-0.82378,Plein jour,Hors agglomération,Hors intersection,Normale,Deux véhicules - frontale,,,,,,,,,,,1,1,1,1,1
201500001954,0015-03-04 19:15:00,15,3,4,19,15,490,265,La Brouarderie,47.34714,-0.67743,Plein jour,Hors agglomération,Hors intersection,Normale,Autre collision,,,,,,,,,,,1,1,1,1,6
201500001955,0015-06-28 20:00:00,15,6,28,20,0,490,244,rue des Mauges,47.3559,-0.85937,Plein jour,En agglomération,Hors intersection,Normale,Deux véhicules - côté,,,,,,,,,,,1,2,1,1,3
201500001956,0015-07-06 14:45:00,15,7,6,14,45,490,289,Les Grès,47.45107,-0.67332,Plein jour,Hors agglomération,Hors intersection,Normale,Sans collision,,,,,,,,,,,1,1,1,1,7
201500001957,0015-10-13 08:15:00,15,10,13,8,15,490,160,,47.41132,-0.9297,Plein jour,Hors agglomération,Hors intersection,Normale,Trois véhicules et plus - collisions multiples,,,,,,,,,,,1,1,1,1,5
201500001958,0015-10-29 14:15:00,15,10,29,14,15,490,212,,47.3729,-0.83686,Plein jour,Hors agglomération,Intersection en X,Normale,Deux véhicules - côté,,,,,,,,,,,1,1,2,1,3
201500001959,0015-11-14 16:30:00,15,11,14,16,30,490,295,Bellenoue,47.31374,-0.81805,Plein jour,Hors agglomération,Giratoire,Normale,Autre collision,,,,,,,,,,,1,1,6,1,6
201500001960,0015-11-28 11:15:00,15,11,28,11,15,490,212,RUE D ANJOU,47.39104,-0.86175,Plein jour,En agglomération,Hors intersection,Normale,Deux véhicules - côté,,,,,,,,,,,1,2,1,1,3
201500001961,0015-12-22 13:00:00,15,12,22,13,0,490,244,60 RUE DE LA LOIRE,47.36211,-0.85968,Plein jour,En agglomération,Hors intersection,Normale,Deux véhicules - arrière,,,,,,,,,,,1,2,1,1,2
201500001962,0015-12-18 05:45:00,15,12,18,5,45,490,306,,47.42719,-0.72203,Nuit sans éclairage public,Hors agglomération,Giratoire,Pluie légère,Sans collision,,,,,,,,,,,3,1,6,2,7
201500001963,0015-01-06 15:45:00,15,1,6,15,45,490,127,,47.67158,-0.24218,Crépuscule ou aube,En agglomération,Autre intersection,Normale,Autre collision,,,,,,,,,,,2,2,9,1,6
201500001964,0015-03-17 16:15:00,15,3,17,16,15,490,127,La Poterie,47.68872,-0.27392,Plein jour,Hors agglomération,Hors intersection,Normale,Autre collision,,,,,,,,,,,1,1,1,1,6
201500001965,0015-05-11 17:00:00,15,5,11,17,0,490,185,Rue de la perraudière,47.52463,-0.2759,Plein jour,Hors agglomération,Hors intersection,Normale,Deux véhicules - frontale,,,,,,,,,,,1,1,1,1,1
201500001966,0015-08-30 13:45:00,15,8,30,13,45,490,257,rue de chalou,47.6571,-0.20595,Plein jour,En agglomération,Hors intersection,Pluie forte,Deux véhicules - côté,,,,,,,,,,,1,2,1,3,3
201500001967,0015-09-04 16:30:00,15,9,4,16,30,490,174,La Bourdaizière,47.62732,-0.30394,Plein jour,Hors agglomération,Hors intersection,Normale,Deux véhicules - frontale,,,,,,,,,,,1,1,1,1,1
201500001968,0015-12-14 13:30:00,15,12,14,13,30,490,163,,47.56117,-0.25062,Plein jour,Hors agglomération,Intersection en X,Normale,Deux véhicules - côté,,,,,,,,,,,1,1,2,1,3
201500001969,0015-04-21 20:30:00,15,4,21,20,30,490,165,,47.16764,-0.87474,Plein jour,Hors agglomération,Hors intersection,Normale,Deux véhicules - côté,,,,,,,,,,,1,1,1,1,3
201500001970,0015-06-28 22:00:00,15,6,28,22,0,490,151,,47.17561,-1.11993,Crépuscule ou aube,Hors agglomération,Hors intersection,Normale,Sans collision,,,,,,,,,,,2,1,1,1,7
201500001971,0015-07-19 08:00:00,15,7,19,8,0,490,243,La Branlardière,47.24666,-0.82929,Plein jour,Hors agglomération,Hors intersection,Normale,Sans collision,,,,,,,,,,,1,1,1,1,7
201500001972,0015-08-20 19:00:00,15,8,20,19,0,490,162,,47.20959,-0.86285,Plein jour,Hors agglomération,Hors intersection,Normale,Deux véhicules - frontale,,,,,,,,,,,1,1,1,1,1
201500001973,0015-08-26 12:30:00,15,8,26,12,30,490,162,Le Cormier,47.20862,-0.88096,Plein jour,Hors agglomération,Intersection en X,Normale,Deux véhicules - arrière,,,,,,,,,,,1,1,2,1,2
201500001974,0015-01-19 07:45:00,15,1,19,7,45,490,192,,47.0123,-0.75001,Crépuscule ou aube,Hors agglomération,Hors intersection,Normale,Deux véhicules - côté,,,,,,,,,,,2,1,1,1,3
201500001975,0015-02-24 07:10:00,15,2,24,7,10,490,281,La croix aux boeufs,47.15688,-0.75729,Crépuscule ou aube,Hors agglomération,Hors intersection,Normale,Deux véhicules - côté,,,,,,,,,,,2,1,1,1,3
201500001976,0015-02-27 15:00:00,15,2,27,15,0,490,300,,47.26027,-0.73085,Plein jour,Hors agglomération,Hors intersection,Normale,Sans collision,,,,,,,,,,,1,1,1,1,7
201500001977,0015-04-20 14:30:00,15,4,20,14,30,490,111,,47.1759,-0.66849,Plein jour,Hors agglomération,Hors intersection,Normale,Deux véhicules - côté,,,,,,,,,,,1,1,1,1,3
201500001978,0015-05-16 16:15:00,15,5,16,16,15,490,351,La Reinerie,47.13497,-0.68178,Plein jour,Hors agglomération,Hors intersection,Pluie légère,Autre collision,,,,,,,,,,,1,1,1,2,6
201500001979,0015-05-22 18:15:00,15,5,22,18,15,490,281,La maison neuve,47.18592,-0.79096,Plein jour,Hors agglomération,Intersection en X,Normale,Deux véhicules - côté,,,,,,,,,,,1,1,2,1,3
201500001980,0015-06-08 18:30:00,15,6,8,18,30,490,74,,47.20242,-0.79505,Plein jour,Hors agglomération,Hors intersection,Normale,Deux véhicules - arrière,,,,,,,,,,,1,1,1,1,2