accident_id,datetime,annee,mois,jour,heure,minute,departement,commune_insee,adresse,latitude,longitude,luminosite,agglomeration,intersection,meteo,collision,nb_vehicules,nb_usagers,nb_indemnes,nb_tues,nb_blesses_hosp,nb_blesses_legers,age_cond_1,age_cond_2,veh_type_cond_1,veh_type_cond_2,lum_code,agg_code,int_code,atm_code,col_code
201500002111,0015-06-02 17:00:00,15,6,2,17,0,530,155,,48.31123,-0.8776,Plein jour,Hors agglomération,Hors intersection,Normale,Deux véhicules - frontale,,,,,,,,,,,1,1,1,1,1
201500002112,0015-06-06 02:45:00,15,6,6,2,45,530,107,,48.42853,-0.80681,Nuit sans éclairage public,Hors agglomération,Hors intersection,Normale,Autre collision,,,,,,,,,,,3,1,1,1,6
201500002113,0015-06-27 09:45:00,15,6,27,9,45,530,155,,48.31235,-0.86636,Plein jour,Hors agglomération,Hors intersection,Normale,Sans collision,,,,,,,,,,,1,1,1,1,7
201500002114,0015-07-30 10:00:00,15,7,30,10,0,530,71,,48.38801,-0.8518,Plein jour,Hors agglomération,Intersection en Y,Normale,Deux véhicules - frontale,,,,,,,,,,,1,1,4,1,1
201500002115,0015-08-10 10:45:00,15,8,10,10,45,530,96,38 boulevard DUVIVIER,48.29599,-0.93225,Plein jour,En agglomération,Hors intersection,Normale,Autre collision,,,,,,,,,,,1,2,1,1,6
201500002116,0015-08-27 07:30:00,15,8,27,7,30,530,64,,48.35681,-0.76651,Crépuscule ou aube,Hors agglomération,Hors intersection,Pluie forte,Deux véhicules - frontale,,,,,,,,,,,2,1,1,3,1
201500002117,0015-09-27 11:45:00,15,9,27,11,45,530,126,,48.348,-1.028,Plein jour,Hors agglomération,Hors intersection,Normale,Sans collision,,,,,,,,,,,1,1,1,1,7
201500002118,0015-12-27 06:15:00,15,12,27,6,15,530,269,,48.28076,-0.81507,Nuit sans éclairage public,Hors agglomération,Hors intersection,Normale,Sans collision,,,,,,,,,,,3,1,1,1,7
201500002119,0015-08-24 10:15:00,15,8,24,10,15,530,114,,48.34382,-0.41469,Plein jour,Hors agglomération,Hors intersection,Pluie forte,Sans collision,,,,,,,,,,,1,1,1,3,7
201500002120,0015-08-21 15:15:00,15,8,21,15,15,530,51,,48.35335,-0.4921,Plein jour,Hors agglomération,Intersection en X,Normale,Deux véhicules - côté,,,,,,,,,,,1,1,2,1,3
201500002121,0015-10-07 15:30:00,15,10,7,15,30,530,3,,48.38887,-0.61846,Plein jour,Hors agglomération,Hors intersection,Normale,Deux véhicules - côté,,,,,,,,,,,1,1,1,1,3
201500002122,0015-11-15 07:30:00,15,11,15,7,30,530,55,,48.41277,-0.57754,Crépuscule ou aube,Hors agglomération,Hors intersection,Normale,Autre collision,,,,,,,,,,,2,1,1,1,6
201500002123,0015-06-11 10:45:00,15,6,11,10,45,530,121,Grande rue,48.41802,-0.33613,Plein jour,En agglomération,Hors intersection,Normale,Deux véhicules - frontale,,,,,,,,,,,1,2,1,1,1
201500002124,0015-06-13 15:15:00,15,6,13,15,15,530,13,,48.3273,-0.22844,Plein jour,Hors agglomération,Hors intersection,Normale,Deux véhicules - côté,,,,,,,,,,,1,1,1,1,3
201500002125,0015-07-04 15:00:00,15,7,4,15,0,530,246,rue des moulins,48.40117,-0.09454,Plein jour,En agglomération,Hors intersection,Normale,Autre collision,,,,,,,,,,,1,2,1,1,6
201500002126,0015-07-14 15:15:00,15,7,14,15,15,530,164,,48.49301,-0.32802,Plein jour,Hors agglomération,Hors intersection,Normale,Trois véhicules et plus - collisions multiples,,,,,,,,,,,1,1,1,1,5
201500002127,0015-08-07 15:15:00,15,8,7,15,15,530,164,,48.49312,-0.32944,Plein jour,Hors agglomération,Hors intersection,Normale,Autre collision,,,,,,,,,,,1,1,1,1,6
201500002128,0015-08-16 21:45:00,15,8,16,21,45,530,185,,48.46171,-0.25376,Nuit sans éclairage public,Hors agglomération,Hors intersection,Normale,Autre collision,,,,,,,,,,,3,1,1,1,6
201500002129,0015-10-02 17:45:00,15,10,2,17,45,530,246,,48.40996,-0.06126,Plein jour,Hors agglomération,Hors intersection,Normale,Deux véhicules - côté,,,,,,,,,,,1,1,1,1,3
201500002130,0015-10-06 14:15:00,15,10,6,14,15,530,185,,48.4585,-0.20733,Plein jour,En agglomération,Intersection en T,Normale,Deux véhicules - côté,,,,,,,,,,,1,2,3,1,3
201500002131,0015-12-15 17:15:00,15,12,15,17,15,530,185,103 rue aristide Briand,48.45936,-0.20114,Nuit avec éclairage allumé,En agglomération,Hors intersection,Pluie forte,Autre collision,,,,,,,,,,,5,2,1,3,6
201500002132,0015-12-19 19:00:00,15,12,19,19,0,530,271,,48.34031,-0.27175,Nuit sans éclairage public,Hors agglomération,Hors intersection,Normale,Deux véhicules - frontale,,,,,,,,,,,3,1,1,1,1
201500002133,0015-04-11 21:28:00,15,4,11,21,28,10,283,"51, NICOD ( RUE DU 43/22",,,Nuit avec éclairage allumé,En agglomération,Intersection en X,Normale,Deux véhicules - côté,,,,,,,,,,,5,2,2,1,3
201500002134,0015-05-11 01:25:00,15,5,11,1,25,10,283,"06, SACCO VANZETTI",46.25443,5.65791,Nuit avec éclairage allumé,En agglomération,Hors intersection,Normale,Sans collision,,,,,,,,,,,5,2,1,1,7
201500002135,0015-09-20 17:45:00,15,9,20,17,45,10,283,"3, JEAN MOULIN (AVENUE)",,,Plein jour,En agglomération,Hors intersection,Normale,Autre collision,,,,,,,,,,,1,2,1,1,6
201500002136,0015-10-09 18:08:00,15,10,9,18,8,10,283,ROOSEVELT (AVENUE PRESID,,,Plein jour,En agglomération,Intersection en X,Normale,Deux véhicules - côté,,,,,,,,,,,1,2,2,1,3
201500002137,0015-10-18 21:55:00,15,10,18,21,55,10,283,"32, FRANCE (RUE A. DU 1/",,,Nuit avec éclairage allumé,En agglomération,Hors intersection,Normale,Deux véhicules - côté,,,,,,,,,,,5,2,1,1,3
201500002138,0015-11-13 04:50:00,15,11,13,4,50,10,31,GROISSIAT ( ROUTE DE ),46.2376,5.62108,Nuit sans éclairage public,Hors agglomération,Intersection en T,Normale,Deux véhicules - côté,,,,,,,,,,,3,1,3,1,3
201500002139,0015-11-15 17:15:00,15,11,15,17,15,10,283,"25, FORGE (ROUTE DE LA)",,,Crépuscule ou aube,Hors agglomération,Hors intersection,Normale,Autre collision,,,,,,,,,,,2,1,1,1,6
201500002140,0015-02-07 08:00:00,15,2,7,8,0,720,42,,,,Plein jour,Hors agglomération,Hors intersection,Normale,Deux véhicules - frontale,,,,,,,,,,,1,1,1,1,1
201500002141,0015-04-19 04:15:00,15,4,19,4,15,720,64,RUE HENRI FRAIN,47.86,0.747,Nuit sans éclairage public,En agglomération,Hors intersection,Normale,Autre collision,,,,,,,,,,,3,2,1,1,6
201500002142,0015-10-22 07:00:00,15,10,22,7,0,720,42,,47.959,0.621,Nuit sans éclairage public,Hors agglomération,Hors intersection,Pluie légère,Deux véhicules - frontale,,,,,,,,,,,3,1,1,2,1
201500002143,0015-11-07 23:00:00,15,11,7,23,0,720,118,,,,Nuit sans éclairage public,Hors agglomération,Hors intersection,Pluie légère,Autre collision,,,,,,,,,,,3,1,1,2,6
201500002144,0015-01-24 11:45:00,15,1,24,11,45,720,386,,48.013,0.263,Plein jour,Hors agglomération,Hors intersection,Normale,Deux véhicules - frontale,,,,,,,,,,,1,1,1,1,1
201500002145,0015-03-07 09:00:00,15,3,7,9,0,720,54,,48.032,0.367,Plein jour,Hors agglomération,Hors intersection,Normale,Deux véhicules - arrière,,,,,,,,,,,1,1,1,1,2
201500002146,0015-03-28 18:30:00,15,3,28,18,30,720,129,,,,Plein jour,Hors agglomération,Hors intersection,Normale,Autre collision,,,,,,,,,,,1,1,1,1,6
201500002147,0015-03-31 17:00:00,15,3,31,17,0,720,300,D323 Route de Paris,,,Plein jour,En agglomération,Hors intersection,Normale,Autre collision,,,,,,,,,,,1,2,1,1,6
201500002148,0015-05-05 20:30:00,15,5,5,20,30,720,54,,48.016,0.318,Plein jour,Hors agglomération,Giratoire,Normale,Autre collision,,,,,,,,,,,1,1,6,1,6
201500002149,0015-06-03 16:45:00,15,6,3,16,45,720,300,d323  route du mans,,,Plein jour,En agglomération,Hors intersection,Normale,Deux véhicules - frontale,,,,,,,,,,,1,2,1,1,1
201500002150,0015-10-10 12:00:00,15,10,10,12,0,720,358,,,,Plein jour,Hors agglomération,Hors intersection,Normale,Deux véhicules - frontale,,,,,,,,,,,1,1,1,1,1
201500002151,0015-12-01 07:45:00,15,12,1,7,45,720,271,,,,Crépuscule ou aube,Hors agglomération,Hors intersection,Normale,Deux véhicules - frontale,,,,,,,,,,,2,1,1,1,1
201500002152,0015-12-30 03:15:00,15,12,30,3,15,720,300,,,,Nuit sans éclairage public,Hors agglomération,Hors intersection,Normale,Autre collision,,,,,,,,,,,3,1,1,1,6
201500002153,0015-04-13 19:15:00,15,4,13,19,15,720,338,,,,Plein jour,Hors agglomération,Intersection en Y,Normale,Deux véhicules - côté,,,,,,,,,,,1,1,4,1,3
201500002154,0015-05-19 22:30:00,15,5,19,22,30,720,310,,,,Nuit sans éclairage public,Hors agglomération,Hors intersection,Normale,Autre collision,,,,,,,,,,,3,1,1,1,6
201500002155,0015-05-19 22:45:00,15,5,19,22,45,720,290,rue de STE JAMME SUR SAR,,,Nuit sans éclairage public,En agglomération,Hors intersection,Normale,Deux véhicules - frontale,,,,,,,,,,,3,2,1,1,1
201500002156,0015-09-12 14:15:00,15,9,12,14,15,720,328,,,,Plein jour,Hors agglomération,Hors intersection,Temps couvert,Deux véhicules - frontale,,,,,,,,,,,1,1,1,8,1
201500002157,0015-12-04 14:15:00,15,12,4,14,15,720,340,,,,Plein jour,Hors agglomération,Hors intersection,Temps couvert,Deux véhicules - frontale,,,,,,,,,,,1,1,1,8,1
201500002158,0015-01-20 13:15:00,15,1,20,13,15,720,168,R2SIDENCE ROBERT SCHUMMA,,,Plein jour,En agglomération,Autre intersection,Normale,Deux véhicules - côté,,,,,,,,,,,1,2,9,1,3
201500002159,0015-02-24 15:15:00,15,2,24,15,15,720,230,,,,Plein jour,Hors agglomération,Hors intersection,Normale,Trois véhicules et plus - collisions multiples,,,,,,,,,,,1,1,1,1,5
201500002160,0015-03-27 17:00:00,15,3,27,17,0,720,257,,48.01,0.152,Plein jour,Hors agglomération,Hors intersection,Temps couvert,Sans collision,,,,,,,,,,,1,1,1,8,7
201500002161,0015-05-10 17:00:00,15,5,10,17,0,720,146,,47.9,0.132,Plein jour,Hors agglomération,Hors intersection,Normale,Deux véhicules - frontale,,,,,,,,,,,1,1,1,1,1
201500002162,0015-06-08 16:30:00,15,6,8,16,30,720,149,,,,Plein jour,Hors agglomération,Hors intersection,Normale,Deux véhicules - frontale,,,,,,,,,,,1,1,1,1,1
201500002163,0015-06-15 16:30:00,15,6,15,16,30,720,253,,,,Plein jour,Hors agglomération,Hors intersection,Normale,Deux véhicules - frontale,,,,,,,,,,,1,1,1,1,1
201500002164,0015-06-25 17:30:00,15,6,25,17,30,720,280,,,,Plein jour,Hors agglomération,Hors intersection,Normale,Deux véhicules - côté,,,,,,,,,,,1,1,1,1,3
201500002165,0015-07-25 22:15:00,15,7,25,22,15,720,131,,,,Nuit sans éclairage public,Hors agglomération,Hors intersection,Normale,Deux véhicules - côté,,,,,,,,,,,3,1,1,1,3
201500002166,0015-08-22 01:15:00,15,8,22,1,15,720,249,,48.038,0.057,Nuit sans éclairage public,Hors agglomération,Hors intersection,Normale,Autre collision,,,,,,,,,,,3,1,1,1,6
201500002167,0015-08-23 16:15:00,15,8,23,16,15,720,219,,48.071,-0.03,Plein jour,Hors agglomération,Hors intersection,Normale,Autre collision,,,,,,,,,,,1,1,1,1,6
201500002168,0015-09-02 11:15:00,15,9,2,11,15,720,346,,,,Plein jour,Hors agglomération,Hors intersection,Normale,Deux véhicules - frontale,,,,,,,,,,,1,1,1,1,1
201500002169,0015-09-07 15:45:00,15,9,7,15,45,720,257,,47.996,0.146,Plein jour,Hors agglomération,Hors intersection,Normale,Autre collision,,,,,,,,,,,1,1,1,1,6
201500002170,0015-09-11 14:45:00,15,9,11,14,45,720,70,,,,Plein jour,Hors agglomération,Hors intersection,Normale,Deux véhicules - frontale,,,,,,,,,,,1,1,1,1,1
201500002171,0015-10-15 19:45:00,15,10,15,19,45,720,253,,,,Nuit sans éclairage public,Hors agglomération,Hors intersection,Normale,Deux véhicules - frontale,,,,,,,,,,,3,1,1,1,1
201500002172,0015-11-02 22:15:00,15,11,2,22,15,720,73,,48.028,0.064,Nuit sans éclairage public,Hors agglomération,Hors intersection,Normale,Deux véhicules - frontale,,,,,,,,,,,3,1,1,1,1
201500002173,0015-11-04 08:15:00,15,11,4,8,15,720,113,,48.039,0.076,Plein jour,Hors agglomération,Hors intersection,Normale,Deux véhicules - frontale,,,,,,,,,,,1,1,1,1,1
201500002174,0015-03-09 21:15:00,15,3,9,21,15,720,154,,47.694,-0.037,Nuit avec éclairage allumé,Hors agglomération,Hors intersection,Normale,Autre collision,,,,,,,,,,,5,1,1,1,6
201500002175,0015-04-16 18:15:00,15,4,16,18,15,720,185,,47.713,-0.002,Plein jour,Hors agglomération,Hors intersection,Normale,Autre collision,,,,,,,,,,,1,1,1,1,6
201500002176,0015-04-28 01:00:00,15,4,28,1,0,720,154,,,,Nuit sans éclairage public,Hors agglomération,Hors intersection,Normale,Autre collision,,,,,,,,,,,3,1,1,1,6
201500002177,0015-05-15 02:15:00,15,5,15,2,15,720,22,,47.76,-0.168,Nuit sans éclairage public,Hors agglomération,Hors intersection,Normale,Deux véhicules - arrière,,,,,,,,,,,3,1,1,1,2
201500002178,0015-05-21 07:45:00,15,5,21,7,45,720,154,,47.692,-0.044,Plein jour,Hors agglomération,Hors intersection,Normale,Deux véhicules - frontale,,,,,,,,,,,1,1,1,1,1
201500002179,0015-07-20 13:45:00,15,7,20,13,45,720,84,,47.753,0.005,Plein jour,Hors agglomération,Hors intersection,Normale,Sans collision,,,,,,,,,,,1,1,1,1,7
201500002180,0015-10-05 17:45:00,15,10,5,17,45,720,154,allée de chenonceaux,47.708,-0.085,Plein jour,En agglomération,Hors intersection,Temps couvert,Deux véhicules - côté,,,,,,,,,,,1,2,1,8,3
201500002181,0015-01-15 17:45:00,15,1,15,17,45,720,71,,,,Nuit sans éclairage public,Hors agglomération,Hors intersection,Pluie légère,Deux véhicules - frontale,,,,,,,,,,,3,1,1,2,1
201500002182,0015-05-08 06:00:00,15,5,8,6,0,720,71,13 avenue de Tours,47.695,0.426,Crépuscule ou aube,En agglomération,Hors intersection,Normale,Autre collision,,,,,,,,,,,2,2,1,1,6
201500002183,0015-08-26 16:15:00,15,8,26,16,15,720,173,,47.71084,0.40547,Plein jour,Hors agglomération,Hors intersection,Normale,Deux véhicules - côté,,,,,,,,,,,1,1,1,1,3
201500002184,0015-11-18 14:45:00,15,11,18,14,45,720,71,16 avenue jean jaurès,47.698,0.417,Plein jour,En agglomération,Intersection en T,Normale,Deux véhicules - côté,,,,,,,,,,,1,2,3,1,3
201500002185,0015-11-24 17:45:00,15,11,24,17,45,720,28,,47.756,0.368,Nuit sans éclairage public,Hors agglomération,Hors intersection,Temps couvert,Sans collision,,,,,,,,,,,3,1,1,8,7
201500002186,0015-02-07 05:45:00,15,2,7,5,45,720,228,,47.849,-0.186,Nuit sans éclairage public,Hors agglomération,Hors intersection,Normale,Sans collision,,,,,,,,,,,3,1,1,1,7
201500002187,0015-02-15 05:45:00,15,2,15,5,45,720,100,,,,Nuit avec éclairage non allumé,Hors agglomération,Hors intersection,Pluie légère,Autre collision,,,,,,,,,,,4,1,1,2,6
201500002188,0015-04-27 07:00:00,15,4,27,7,0,720,22,,47.782,-0.182,Crépuscule ou aube,Hors agglomération,Hors intersection,Normale,Autre collision,,,,,,,,,,,2,1,1,1,6
201500002189,0015-04-27 12:15:00,15,4,27,12,15,720,59,,47.913,-0.192,Plein jour,Hors agglomération,Hors intersection,Normale,Deux véhicules - frontale,,,,,,,,,,,1,1,1,1,1
201500002190,0015-05-28 15:45:00,15,5,28,15,45,720,195,,47.821,-0.03,Plein jour,Hors agglomération,Hors intersection,Normale,Autre collision,,,,,,,,,,,1,1,1,1,6
201500002191,0015-10-24 05:15:00,15,10,24,5,15,720,100,L'ESPERANCE,47.801,-0.029,Nuit sans éclairage public,En agglomération,Hors intersection,Normale,Autre collision,,,,,,,,,,,3,2,1,1,6
201500002192,0015-11-08 22:00:00,15,11,8,22,0,720,9,,,,Nuit sans éclairage public,Hors agglomération,Hors intersection,Normale,Deux véhicules - frontale,,,,,,,,,,,3,1,1,1,1
201500002193,0015-11-11 18:15:00,15,11,11,18,15,720,293,,47.87,0.001,Nuit sans éclairage public,Hors agglomération,Hors intersection,Normale,Trois véhicules et plus - collisions multiples,,,,,,,,,,,3,1,1,1,5
201500002194,0015-11-30 12:45:00,15,11,30,12,45,720,223,,47.822,-0.09,Plein jour,Hors agglomération,Hors intersection,Pluie légère,Deux véhicules - frontale,,,,,,,,,,,1,1,1,2,1
201500002195,0015-01-15 10:00:00,15,1,15,10,0,720,191,,,,Plein jour,Hors agglomération,Hors intersection,Vent fort / tempête,Autre collision,,,,,,,,,,,1,1,1,6,6
201500002196,0015-02-03 16:45:00,15,2,3,16,45,720,330,,,,Plein jour,Hors agglomération,Hors intersection,Normale,Autre collision,,,,,,,,,,,1,1,1,1,6
201500002197,0015-03-04 08:45:00,15,3,4,8,45,720,191,,47.773,0.276,Plein jour,Hors agglomération,Hors intersection,Normale,Deux véhicules - frontale,,,,,,,,,,,1,1,1,1,1
201500002198,0015-03-02 14:30:00,15,3,2,14,30,720,226,RD32/RD31,,,Plein jour,En agglomération,Giratoire,Normale,Deux véhicules - côté,,,,,,,,,,,1,2,6,1,3
201500002199,0015-03-13 15:15:00,15,3,13,15,15,720,13,,47.667,0.234,Plein jour,Hors agglomération,Hors intersection,Pluie légère,Deux véhicules - côté,,,,,,,,,,,1,1,1,2,3
201500002200,0015-04-24 14:00:00,15,4,24,14,0,720,135,,,,Plein jour,Hors agglomération,Hors intersection,Normale,Autre collision,,,,,,,,,,,1,1,1,1,6
201500002201,0015-05-31 20:30:00,15,5,31,20,30,720,191,,,,Crépuscule ou aube,Hors agglomération,Hors intersection,Pluie légère,Autre collision,,,,,,,,,,,2,1,1,2,6
201500002202,0015-05-28 18:45:00,15,5,28,18,45,720,191,avenue de la liberté,,,Plein jour,En agglomération,Hors intersection,Normale,Deux véhicules - frontale,,,,,,,,,,,1,2,1,1,1
201500002203,0015-06-06 18:15:00,15,6,6,18,15,720,357,,,,Plein jour,Hors agglomération,Hors intersection,Normale,Deux véhicules - frontale,,,,,,,,,,,1,1,1,1,1
201500002204,0015-06-08 11:45:00,15,6,8,11,45,720,226,3 route d'yvré le polin,,,Plein jour,En agglomération,Hors intersection,Normale,Deux véhicules - côté,,,,,,,,,,,1,2,1,1,3
201500002205,0015-06-20 06:00:00,15,6,20,6,0,720,117,,,,Crépuscule ou aube,Hors agglomération,Hors intersection,Normale,Autre collision,,,,,,,,,,,2,1,1,1,6
201500002206,0015-09-24 06:45:00,15,9,24,6,45,720,175,,,,Nuit sans éclairage public,Hors agglomération,Hors intersection,Normale,Autre collision,,,,,,,,,,,3,1,1,1,6
201500002207,0015-09-28 11:00:00,15,9,28,11,0,720,51,,,,Plein jour,Hors agglomération,Autre intersection,Normale,Trois véhicules et plus - collisions multiples,,,,,,,,,,,1,1,9,1,5
201500002208,0015-10-13 17:15:00,15,10,13,17,15,720,51,,,,Plein jour,Hors agglomération,Hors intersection,Normale,Trois véhicules et plus - en chaîne,,,,,,,,,,,1,1,1,1,4
201500002209,0015-10-21 16:15:00,15,10,21,16,15,720,191,,,,Plein jour,Hors agglomération,Hors intersection,Normale,Autre collision,,,,,,,,,,,1,1,1,1,6
201500002210,0015-11-12 04:30:00,15,11,12,4,30,720,226,29 rue principale,,,Nuit sans éclairage public,En agglomération,Giratoire,Brouillard / fumée,Autre collision,,,,,,,,,,,3,2,6,5,6
201500002211,0015-12-22 11:45:00,15,12,22,11,45,720,243,,,,Plein jour,Hors agglomération,Intersection en Y,Normale,Deux véhicules - frontale,,,,,,,,,,,1,1,4,1,1
201500002212,0015-07-03 14:45:00,15,7,3,14,45,720,232,,,,Plein jour,Hors agglomération,Hors intersection,Normale,Deux véhicules - frontale,,,,,,,,,,,1,1,1,1,1
201500002213,0015-07-11 15:15:00,15,7,11,15,15,720,336,avenue de l'europe,,,Plein jour,En agglomération,Intersection en X,Normale,Deux véhicules - côté,,,,,,,,,,,1,2,2,1,3
201500002214,0015-07-20 16:45:00,15,7,20,16,45,720,378,,,,Plein jour,Hors agglomération,Intersection en X,Normale,Deux véhicules - côté,,,,,,,,,,,1,1,2,1,3
201500002215,0015-11-28 18:00:00,15,11,28,18,0,720,264,,,,Crépuscule ou aube,Hors agglomération,Hors intersection,Normale,Autre collision,,,,,,,,,,,2,1,1,1,6
201500002216,0015-12-03 17:30:00,15,12,3,17,30,720,264,AVENUE F  NICOLAY,,,Nuit avec éclairage non allumé,En agglomération,Giratoire,Normale,Autre collision,,,,,,,,,,,4,2,6,1,6
201500002217,0015-04-23 22:45:00,15,4,23,22,45,720,112,,,,Nuit sans éclairage public,Hors agglomération,Hors intersection,Normale,Sans collision,,,,,,,,,,,3,1,1,1,7
201500002218,0015-04-27 18:30:00,15,4,27,18,30,720,48,,,,Plein jour,Hors agglomération,Hors intersection,Normale,Autre collision,,,,,,,,,,,1,1,1,1,6
201500002219,0015-07-18 17:15:00,15,7,18,17,15,720,88,,,,Plein jour,Hors agglomération,Hors intersection,Normale,Deux véhicules - frontale,,,,,,,,,,,1,1,1,1,1
201500002220,0015-07-23 07:30:00,15,7,23,7,30,720,180,D311-AV DE L'EUROPE,,,Plein jour,En agglomération,Autre intersection,Normale,Sans collision,,,,,,,,,,,1,2,9,1,7
201500002221,0015-08-05 16:30:00,15,8,5,16,30,720,276,2 AV VERON DE FORBONAIS,,,Plein jour,En agglomération,Giratoire,Normale,Deux véhicules - côté,,,,,,,,,,,1,2,6,1,3
201500002222,0015-08-16 07:30:00,15,8,16,7,30,720,104,,,,Plein jour,Hors agglomération,Hors intersection,Normale,Trois véhicules et plus - collisions multiples,,,,,,,,,,,1,1,1,1,5
201500002223,0015-08-28 08:45:00,15,8,28,8,45,720,192,,,,Plein jour,Hors agglomération,Hors intersection,Normale,Sans collision,,,,,,,,,,,1,1,1,1,7
201500002224,0015-10-20 10:00:00,15,10,20,10,0,720,316,,,,Plein jour,Hors agglomération,Hors intersection,Normale,Deux véhicules - côté,,,,,,,,,,,1,1,1,1,3
201500002225,0015-12-11 18:00:00,15,12,11,18,0,720,270,,,,Nuit sans éclairage public,Hors agglomération,Hors intersection,Pluie légère,Deux véhicules - frontale,,,,,,,,,,,3,1,1,2,1
201500002226,0015-03-07 12:45:00,15,3,7,12,45,720,6,CD55  face rue tisserand,,,Plein jour,En agglomération,Hors intersection,Normale,Deux véhicules - frontale,,,,,,,,,,,1,2,1,1,1
201500002227,0015-03-21 10:30:00,15,3,21,10,30,720,215,CD 311 Rue Francis Caris,,,Plein jour,En agglomération,Hors intersection,Normale,Trois véhicules et plus - en chaîne,,,,,,,,,,,1,2,1,1,4
201500002228,0015-04-04 18:00:00,15,4,4,18,0,720,337,,,,Plein jour,Hors agglomération,Hors intersection,Temps couvert,Autre collision,,,,,,,,,,,1,1,1,8,6
201500002229,0015-04-23 21:00:00,15,4,23,21,0,720,273,,,,Nuit sans éclairage public,Hors agglomération,Hors intersection,Normale,Deux véhicules - frontale,,,,,,,,,,,3,1,1,1,1
201500002230,0015-05-07 18:15:00,15,5,7,18,15,720,2,,,,Plein jour,Hors agglomération,Hors intersection,Normale,Deux véhicules - côté,,,,,,,,,,,1,1,1,1,3
201500002231,0015-05-17 16:15:00,15,5,17,16,15,720,294,,,,Plein jour,Hors agglomération,Hors intersection,Normale,Sans collision,,,,,,,,,,,1,1,1,1,7
201500002232,0015-05-20 14:00:00,15,5,20,14,0,720,29,rue tertre de chaligné,,,Plein jour,En agglomération,Hors intersection,Pluie légère,Deux véhicules - frontale,,,,,,,,,,,1,2,1,2,1
201500002233,0015-06-20 09:00:00,15,6,20,9,0,720,11,,,,Plein jour,Hors agglomération,Intersection en X,Normale,Deux véhicules - côté,,,,,,,,,,,1,1,2,1,3
201500002234,0015-07-01 08:30:00,15,7,1,8,30,720,199,,,,Plein jour,Hors agglomération,Hors intersection,Normale,Deux véhicules - frontale,,,,,,,,,,,1,1,1,1,1
201500002235,0015-08-02 04:15:00,15,8,2,4,15,720,282,,,,Nuit sans éclairage public,Hors agglomération,Hors intersection,Normale,Autre collision,,,,,,,,,,,3,1,1,1,6
201500002236,0015-09-19 10:45:00,15,9,19,10,45,720,6,rue d'Alençon,,,Plein jour,En agglomération,Giratoire,Pluie forte,Autre collision,,,,,,,,,,,1,2,6,3,6
201500002237,0015-11-07 09:45:00,15,11,7,9,45,720,141,,,,Plein jour,Hors agglomération,Hors intersection,Normale,Deux véhicules - frontale,,,,,,,,,,,1,1,1,1,1
201500002238,0015-11-24 07:45:00,15,11,24,7,45,720,6,route du Mans,,,Nuit avec éclairage allumé,En agglomération,Hors intersection,Pluie légère,Deux véhicules - frontale,,,,,,,,,,,5,2,1,2,1
201500002239,0015-12-29 11:00:00,15,12,29,11,0,720,29,,,,Plein jour,Hors agglomération,Hors intersection,Temps éblouissant,Autre collision,,,,,,,,,,,1,1,1,7,6
201500002240,0015-05-27 10:00:00,15,5,27,10,0,850,127,LA RAISINIERE,46.42402,-1.5161,Plein jour,Hors agglomération,Hors intersection,Normale,Deux véhicules - côté,,,,,,,,,,,1,1,1,1,3
201500002241,0015-04-29 18:15:00,15,4,29,18,15,850,23,LA CROIX GATE,46.53982,-1.16864,Plein jour,Hors agglomération,Hors intersection,Normale,Deux véhicules - arrière,,,,,,,,,,,1,1,1,1,2
201500002242,0015-05-19 17:45:00,15,5,19,17,45,850,135,41 RUE E. DE LA BOULAYE,46.53301,-1.21621,Plein jour,Hors agglomération,Hors intersection,Normale,Deux véhicules - côté,,,,,,,,,,,1,1,1,1,3
201500002243,0015-06-12 11:30:00,15,6,12,11,30,850,213,LA MOLLERIE,46.63281,-1.33261,Plein jour,Hors agglomération,Hors intersection,Pluie légère,Deux véhicules - côté,,,,,,,,,,,1,1,1,2,3
201500002244,0015-06-18 23:15:00,15,6,18,23,15,850,93,LA BRUNIERE,46.66411,-1.26882,Nuit sans éclairage public,Hors agglomération,Hors intersection,Normale,Sans collision,,,,,,,,,,,3,1,1,1,7
201500002245,0015-08-18 16:15:00,15,8,18,16,15,850,61,,,,Plein jour,Hors agglomération,Intersection en X,Normale,Deux véhicules - frontale,,,,,,,,,,,1,1,2,1,1
201500002246,0015-09-24 13:15:00,15,9,24,13,15,850,61,,46.579,-1.281,Plein jour,Hors agglomération,Hors intersection,Normale,Deux véhicules - frontale,,,,,,,,,,,1,1,1,1,1
201500002247,0015-10-19 23:00:00,15,10,19,23,0,850,175,,46.605,-1.188,Nuit sans éclairage public,Hors agglomération,Hors intersection,Normale,Autre collision,,,,,,,,,,,3,1,1,1,6