accident_id,datetime,annee,mois,jour,heure,minute,departement,commune_insee,adresse,latitude,longitude,luminosite,agglomeration,intersection,meteo,collision,nb_vehicules,nb_usagers,nb_indemnes,nb_tues,nb_blesses_hosp,nb_blesses_legers,age_cond_1,age_cond_2,veh_type_cond_1,veh_type_cond_2,lum_code,agg_code,int_code,atm_code,col_code
201500002638,0015-04-16 09:00:00,15,4,16,9,0,240,290,LA BABÉE,44.7535,0.87435,Plein jour,Hors agglomération,Hors intersection,Normale,Deux véhicules - frontale,,,,,,,,,,,1,1,1,1,1
201500002639,0015-05-10 17:30:00,15,5,10,17,30,240,68,ROUTE DE BERGERAC,44.8458,0.89681,Plein jour,Hors agglomération,Hors intersection,Normale,Trois véhicules et plus - en chaîne,,,,,,,,,,,1,1,1,1,4
201500002640,0015-05-31 17:00:00,15,5,31,17,0,240,80,,44.6841,0.99004,Plein jour,Hors agglomération,Hors intersection,Normale,Sans collision,,,,,,,,,,,1,1,1,1,7
201500002641,0015-03-07 18:00:00,15,3,7,18,0,240,23,LES FONTENILLES,44.8363,0.68884,Plein jour,Hors agglomération,Hors intersection,Normale,Autre collision,,,,,,,,,,,1,1,1,1,6
201500002642,0015-11-03 17:45:00,15,11,3,17,45,240,223,BD DE LA RÉSISTANCE,44.8364,0.73613,Crépuscule ou aube,En agglomération,Hors intersection,Pluie légère,Sans collision,,,,,,,,,,,2,2,1,2,7
201500002643,0015-05-14 11:15:00,15,5,14,11,15,240,194,AVENUE DE LA RÉPUBLIQUE,44.83663,0.33274,Plein jour,En agglomération,Hors intersection,Normale,Deux véhicules - arrière,,,,,,,,,,,1,2,1,1,2
201500002644,0015-06-24 11:00:00,15,6,24,11,0,240,225,RD 936,44.8427,0.38018,Plein jour,En agglomération,Hors intersection,Normale,Deux véhicules - frontale,,,,,,,,,,,1,2,1,1,1
201500002645,0015-08-01 14:30:00,15,8,1,14,30,240,274,POULVERE,44.8048,0.49209,Plein jour,Hors agglomération,Intersection en X,Normale,Deux véhicules - côté,,,,,,,,,,,1,1,2,1,3
201500002646,0015-08-19 07:45:00,15,8,19,7,45,240,274,LE CAILLOU,44.802,0.492,Plein jour,Hors agglomération,Hors intersection,Normale,Autre collision,,,,,,,,,,,1,1,1,1,6
201500002647,0015-10-18 14:30:00,15,10,18,14,30,240,282,,44.7221,0.55542,Plein jour,Hors agglomération,Hors intersection,Pluie légère,Deux véhicules - côté,,,,,,,,,,,1,1,1,2,3
201500002648,0015-10-16 08:00:00,15,10,16,8,0,240,167,ROUTE DES COTES,44.6755,0.39702,Plein jour,En agglomération,Autre intersection,Normale,Deux véhicules - frontale,,,,,,,,,,,1,2,9,1,1
201500002649,0015-12-10 17:00:00,15,12,10,17,0,240,274,,44.8111,0.47453,Crépuscule ou aube,Hors agglomération,Hors intersection,Normale,Deux véhicules - arrière,,,,,,,,,,,2,1,1,1,2
201500002650,0015-06-22 11:30:00,15,6,22,11,30,240,335,LES CÔTEAUX,44.8502,0.20419,Plein jour,Hors agglomération,Hors intersection,Normale,Deux véhicules - arrière,,,,,,,,,,,1,1,1,1,2
201500002651,0015-12-27 17:45:00,15,12,27,17,45,240,370,RUE DU PERICOU,44.8458,0.16224,Crépuscule ou aube,En agglomération,Hors intersection,Normale,Deux véhicules - frontale,,,,,,,,,,,2,2,1,1,1
201500002652,0015-10-04 17:30:00,15,10,4,17,30,240,498,LE BOURG,45.5432,0.81497,Plein jour,En agglomération,Intersection en T,Pluie légère,Deux véhicules - frontale,,,,,,,,,,,1,2,3,2,1
201500002653,0015-10-08 07:30:00,15,10,8,7,30,240,458,MERIGNAC,45.5463,0.63989,Plein jour,Hors agglomération,Hors intersection,Normale,Autre collision,,,,,,,,,,,1,1,1,1,6
201500002654,0015-02-08 11:30:00,15,2,8,11,30,240,227,LA BASSE MERLE,45.3661,1.12672,Plein jour,Hors agglomération,Hors intersection,Normale,Autre collision,,,,,,,,,,,1,1,1,1,6
201500002655,0015-04-05 06:45:00,15,4,5,6,45,240,8,LA POUGE,45.4414,1.14372,Crépuscule ou aube,Hors agglomération,Hors intersection,Normale,Autre collision,,,,,,,,,,,2,1,1,1,6
201500002656,0015-07-25 20:45:00,15,7,25,20,45,240,95,LE MAS,45.5132,0.93402,Crépuscule ou aube,Hors agglomération,Hors intersection,Normale,Deux véhicules - frontale,,,,,,,,,,,2,1,1,1,1
201500002657,0015-08-02 11:30:00,15,8,2,11,30,240,218,,45.496,1.065,Plein jour,Hors agglomération,Hors intersection,Normale,Autre collision,,,,,,,,,,,1,1,1,1,6
201500002658,0015-09-05 08:15:00,15,9,5,8,15,240,519,LA POMELIE,45.463,1.134,Plein jour,Hors agglomération,Hors intersection,Normale,Autre collision,,,,,,,,,,,1,1,1,1,6
201500002659,0015-11-01 10:45:00,15,11,1,10,45,240,453,,45.4628,0.8688,Plein jour,Hors agglomération,Hors intersection,Temps éblouissant,Deux véhicules - frontale,,,,,,,,,,,1,1,1,7,1
201500002660,0015-12-04 09:30:00,15,12,4,9,30,240,8,L'HEPITAL,45.4308,1.14225,Plein jour,Hors agglomération,Hors intersection,Normale,Autre collision,,,,,,,,,,,1,1,1,1,6
201500002661,0015-07-13 23:30:00,15,7,13,23,30,240,352,GAYET,45.2333,0.32174,Nuit sans éclairage public,Hors agglomération,Hors intersection,Normale,Sans collision,,,,,,,,,,,3,1,1,1,7
201500002662,0015-07-26 11:45:00,15,7,26,11,45,240,178,,45.2315,0.26324,Plein jour,Hors agglomération,Intersection en X,Normale,Deux véhicules - côté,,,,,,,,,,,1,1,2,1,3
201500002663,0015-10-31 16:00:00,15,10,31,16,0,240,90,,45.3041,0.4159,Plein jour,Hors agglomération,Hors intersection,Normale,Sans collision,,,,,,,,,,,1,1,1,1,7
201500002664,0015-11-03 15:45:00,15,11,3,15,45,240,352,RUE DE VERDUN,45.245,0.33379,Plein jour,En agglomération,Hors intersection,Temps couvert,Deux véhicules - frontale,,,,,,,,,,,1,2,1,8,1
201500002665,0015-11-08 15:00:00,15,11,8,15,0,240,482,,45.3023,0.27516,Plein jour,Hors agglomération,Hors intersection,Normale,Autre collision,,,,,,,,,,,1,1,1,1,6
201500002666,0015-11-08 23:00:00,15,11,8,23,0,240,586,,45.2815,0.34943,Nuit sans éclairage public,Hors agglomération,Hors intersection,Normale,Deux véhicules - frontale,,,,,,,,,,,3,1,1,1,1
201500002667,0015-11-29 21:00:00,15,11,29,21,0,240,352,BD FRANÇOIS MITTERAND,45.2494,0.33539,Nuit avec éclairage allumé,En agglomération,Intersection en X,Normale,Deux véhicules - côté,,,,,,,,,,,5,2,2,1,3
201500002668,0015-03-15 20:15:00,15,3,15,20,15,240,264,ROUTE DU MOULIN NEUF,45.0138,0.09641,Nuit sans éclairage public,Hors agglomération,Hors intersection,Normale,Deux véhicules - côté,,,,,,,,,,,3,1,1,1,3
201500002669,0015-04-11 19:30:00,15,4,11,19,30,240,449,BÉNÉVENT,45.021,0.25099,Plein jour,Hors agglomération,Intersection en X,Normale,Deux véhicules - côté,,,,,,,,,,,1,1,2,1,3
201500002670,0015-04-13 12:30:00,15,4,13,12,30,240,418,RUE DU CENTRE,45.1374,0.44774,Plein jour,En agglomération,Hors intersection,Normale,Autre collision,,,,,,,,,,,1,2,1,1,6
201500002671,0015-05-02 22:15:00,15,5,2,22,15,240,294,RUE ANDRE MALRAUX,45.0215,0.16626,Nuit avec éclairage allumé,En agglomération,Hors intersection,Pluie légère,Autre collision,,,,,,,,,,,5,2,1,2,6
201500002672,0015-05-12 12:15:00,15,5,12,12,15,240,436,,45.0403,0.25763,Plein jour,En agglomération,Hors intersection,Normale,Deux véhicules - frontale,,,,,,,,,,,1,2,1,1,1
201500002673,0015-06-30 08:00:00,15,6,30,8,0,240,294,RUE THIERS,45.0099,0.16022,Plein jour,En agglomération,Hors intersection,Normale,Autre collision,,,,,,,,,,,1,2,1,1,6
201500002674,0015-07-15 00:45:00,15,7,15,0,45,240,380,LE BOURG,45.0776,0.20973,Nuit avec éclairage allumé,En agglomération,Hors intersection,Normale,Sans collision,,,,,,,,,,,5,2,1,1,7
201500002675,0015-08-02 06:45:00,15,8,2,6,45,240,299,ROUTE DE BOST,45.0338,0.37202,Plein jour,En agglomération,Hors intersection,Normale,Sans collision,,,,,,,,,,,1,2,1,1,7
201500002676,0015-10-10 21:45:00,15,10,10,21,45,240,294,RUE LABORDE/VERDUN,45.009,0.16041,Nuit avec éclairage allumé,En agglomération,Intersection en X,Normale,Deux véhicules - côté,,,,,,,,,,,5,2,2,1,3
201500002677,0015-07-30 17:15:00,15,7,30,17,15,240,159,LONDEIX,45.1213,0.208,Plein jour,Hors agglomération,Hors intersection,Normale,Deux véhicules - frontale,,,,,,,,,,,1,1,1,1,1
201500002678,0015-10-31 19:15:00,15,10,31,19,15,240,118,LA PLANCHE,45.2128,0.104,Nuit sans éclairage public,Hors agglomération,Hors intersection,Normale,Autre collision,,,,,,,,,,,3,1,1,1,6
201500002679,0015-05-22 14:15:00,15,5,22,14,15,240,577,LA PIERRE DU DIABLE,44.852,1.20452,Plein jour,Hors agglomération,Hors intersection,Normale,Autre collision,,,,,,,,,,,1,1,1,1,6
201500002680,0015-06-03 17:15:00,15,6,3,17,15,240,255,LA RIGAUDIE,44.9522,1.11203,Plein jour,Hors agglomération,Hors intersection,Normale,Deux véhicules - frontale,,,,,,,,,,,1,1,1,1,1
201500002681,0015-06-21 22:15:00,15,6,21,22,15,240,50,PEYREPLATE,44.9444,1.40728,Crépuscule ou aube,Hors agglomération,Hors intersection,Normale,Autre collision,,,,,,,,,,,2,1,1,1,6
201500002682,0015-11-19 10:30:00,15,11,19,10,30,240,366,,44.9085,1.13997,Plein jour,Hors agglomération,Hors intersection,Pluie légère,Autre collision,,,,,,,,,,,1,1,1,2,6
201500002683,0015-11-21 09:00:00,15,11,21,9,0,240,355,LE GAILLARDOU,44.8167,1.21398,Plein jour,Hors agglomération,Hors intersection,Normale,Deux véhicules - frontale,,,,,,,,,,,1,1,1,1,1
201500002684,0015-02-17 11:15:00,15,2,17,11,15,240,35,FONGALOP,44.72634,0.9608,Plein jour,Hors agglomération,Hors intersection,Normale,Sans collision,,,,,,,,,,,1,1,1,1,7
201500002685,0015-02-22 17:30:00,15,2,22,17,30,240,375,,44.7249,1.26798,Plein jour,Hors agglomération,Hors intersection,Normale,Deux véhicules - côté,,,,,,,,,,,1,1,1,1,3
201500002686,0015-04-10 15:45:00,15,4,10,15,45,240,86,LA CHAPELLE PECHAUD,44.778,1.11704,Plein jour,En agglomération,Hors intersection,Normale,Deux véhicules - frontale,,,,,,,,,,,1,2,1,1,1
201500002687,0015-05-17 08:00:00,15,5,17,8,0,240,91,LE BOURG,44.7977,1.2041,Plein jour,En agglomération,Giratoire,Normale,Deux véhicules - côté,,,,,,,,,,,1,2,6,1,3
201500002688,0015-05-19 17:30:00,15,5,19,17,30,240,152,,44.8218,1.22683,Plein jour,Hors agglomération,Hors intersection,Normale,Deux véhicules - frontale,,,,,,,,,,,1,1,1,1,1
201500002689,0015-03-23 07:30:00,15,3,23,7,30,240,510,LE TIRADOU,44.8365,1.11369,Plein jour,En agglomération,Hors intersection,Normale,Autre collision,,,,,,,,,,,1,2,1,1,6
201500002690,0015-04-09 18:45:00,15,4,9,18,45,240,142,SAINT-GEORGES,44.8716,0.98793,Plein jour,Hors agglomération,Hors intersection,Normale,Deux véhicules - frontale,,,,,,,,,,,1,1,1,1,1
201500002691,0015-04-18 17:00:00,15,4,18,17,0,240,67,,44.9371,0.90745,Plein jour,Hors agglomération,Hors intersection,Normale,Sans collision,,,,,,,,,,,1,1,1,1,7
201500002692,0015-05-10 19:45:00,15,5,10,19,45,240,41,,44.8484,1.07966,Plein jour,Hors agglomération,Hors intersection,Normale,Deux véhicules - arrière,,,,,,,,,,,1,1,1,1,2
201500002693,0015-07-15 02:45:00,15,7,15,2,45,240,172,LES EYMARIES,44.9307,0.998,Nuit avec éclairage allumé,Hors agglomération,Hors intersection,Normale,Autre collision,,,,,,,,,,,5,1,1,1,6
201500002694,0015-07-18 09:45:00,15,7,18,9,45,240,67,LA CLUZE,44.9085,0.94167,Plein jour,Hors agglomération,Intersection en X,Normale,Deux véhicules - côté,,,,,,,,,,,1,1,2,1,3
201500002695,0015-07-24 18:45:00,15,7,24,18,45,240,356,LA MÉNIQUE,45.0406,0.98237,Plein jour,En agglomération,Intersection en T,Normale,Deux véhicules - côté,,,,,,,,,,,1,2,3,1,3
201500002696,0015-01-01 05:15:00,15,1,1,5,15,240,326,LA ROUSSERIE,44.9854,1.07784,Nuit sans éclairage public,Hors agglomération,Hors intersection,Normale,Sans collision,,,,,,,,,,,3,1,1,1,7
201500002697,0015-03-24 01:45:00,15,3,24,1,45,240,14,LE PIGEONNIER,45.0814,1.18743,Nuit sans éclairage public,Hors agglomération,Hors intersection,Normale,Autre collision,,,,,,,,,,,3,1,1,1,6
201500002698,0015-07-25 01:45:00,15,7,25,1,45,240,30,ROUTE DE LAGE,45.1483,1.23921,Nuit sans éclairage public,Hors agglomération,Hors intersection,Normale,Sans collision,,,,,,,,,,,3,1,1,1,7
201500002699,0015-08-02 17:15:00,15,8,2,17,15,240,547,PONT DE L'EUROPE,45.1296,1.31196,Plein jour,En agglomération,Hors intersection,Normale,Deux véhicules - arrière,,,,,,,,,,,1,2,1,1,2
201500002700,0015-12-02 08:00:00,15,12,2,8,0,400,273,,43.53589,-1.42592,Plein jour,Hors agglomération,Hors intersection,Normale,Deux véhicules - frontale,,,,,,,,,,,1,1,1,1,1
201500002701,0015-02-13 13:45:00,15,2,13,13,45,400,250,,43.92029,-0.44777,Plein jour,Hors agglomération,Hors intersection,Normale,Trois véhicules et plus - collisions multiples,,,,,,,,,,,1,1,1,1,5
201500002702,0015-03-14 07:30:00,15,3,14,7,30,400,58,,44.08832,-0.47124,Crépuscule ou aube,Hors agglomération,Hors intersection,Normale,Autre collision,,,,,,,,,,,2,1,1,1,6
201500002703,0015-04-12 18:30:00,15,4,12,18,30,400,169,,44.20664,-0.16185,Plein jour,Hors agglomération,Hors intersection,Normale,Autre collision,,,,,,,,,,,1,1,1,1,6
201500002704,0015-05-12 05:15:00,15,5,12,5,15,400,297,,44.16384,-0.53787,Nuit sans éclairage public,Hors agglomération,Hors intersection,Brouillard / fumée,Sans collision,,,,,,,,,,,3,1,1,5,7
201500002705,0015-08-11 16:30:00,15,8,11,16,30,400,320,,43.96392,-0.52988,Plein jour,Hors agglomération,Hors intersection,Normale,Autre collision,,,,,,,,,,,1,1,1,1,6
201500002706,0015-09-26 11:30:00,15,9,26,11,30,400,56,CD 651,44.0438,-0.53562,Plein jour,En agglomération,Hors intersection,Normale,Deux véhicules - côté,,,,,,,,,,,1,2,1,1,3
201500002707,0015-11-15 08:15:00,15,11,15,8,15,400,105,,44.07961,-0.67592,Crépuscule ou aube,Hors agglomération,Hors intersection,Brouillard / fumée,Deux véhicules - frontale,,,,,,,,,,,2,1,1,5,1
201500002708,0015-12-06 16:15:00,15,12,6,16,15,400,81,,44.01513,-0.52697,Plein jour,Hors agglomération,Hors intersection,Normale,Autre collision,,,,,,,,,,,1,1,1,1,6
201500002709,0015-12-08 20:45:00,15,12,8,20,45,400,234,,43.96041,-0.32848,Nuit sans éclairage public,Hors agglomération,Hors intersection,Pluie légère,Deux véhicules - frontale,,,,,,,,,,,3,1,1,2,1
201500002710,0015-12-10 12:45:00,15,12,10,12,45,400,250,,43.94237,-0.4039,Plein jour,Hors agglomération,Hors intersection,Normale,Autre collision,,,,,,,,,,,1,1,1,1,6
201500002711,0015-12-19 05:30:00,15,12,19,5,30,400,245,,44.0455,-0.32161,Nuit sans éclairage public,Hors agglomération,Hors intersection,Normale,Autre collision,,,,,,,,,,,3,1,1,1,6
201500002712,0015-01-15 07:30:00,15,1,15,7,30,400,142,,43.83729,-1.02877,Nuit sans éclairage public,Hors agglomération,Autre intersection,Normale,Sans collision,,,,,,,,,,,3,1,9,1,7
201500002713,0015-01-31 14:15:00,15,1,31,14,15,400,230,,43.76954,-0.95873,Plein jour,Hors agglomération,Hors intersection,Neige / grêle,Sans collision,,,,,,,,,,,1,1,1,4,7
201500002714,0015-02-23 11:30:00,15,2,23,11,30,400,309,,43.78826,-0.72207,Plein jour,Hors agglomération,Hors intersection,Pluie légère,Deux véhicules - frontale,,,,,,,,,,,1,1,1,2,1
201500002715,0015-03-25 07:45:00,15,3,25,7,45,400,313,,43.8312,-0.82574,Crépuscule ou aube,Hors agglomération,Hors intersection,Normale,Deux véhicules - arrière,,,,,,,,,,,2,1,1,1,2
201500002716,0015-03-31 14:45:00,15,3,31,14,45,400,243,,43.95501,-0.98469,Plein jour,Hors agglomération,Hors intersection,Pluie forte,Sans collision,,,,,,,,,,,1,1,1,3,7
201500002717,0015-05-31 01:30:00,15,5,31,1,30,400,230,,,,Nuit sans éclairage public,Hors agglomération,Hors intersection,Normale,Autre collision,,,,,,,,,,,3,1,1,1,6
201500002718,0015-09-07 19:00:00,15,9,7,19,0,400,230,,43.76258,-0.96815,Plein jour,Hors agglomération,Hors intersection,Normale,Deux véhicules - arrière,,,,,,,,,,,1,1,1,1,2
201500002719,0015-12-29 09:45:00,15,12,29,9,45,400,31,,43.82658,-0.85284,Crépuscule ou aube,Hors agglomération,Hors intersection,Brouillard / fumée,Deux véhicules - arrière,,,,,,,,,,,2,1,1,5,2
201500002720,0015-01-13 18:30:00,15,1,13,18,30,400,123,,43.83305,-1.10206,Nuit sans éclairage public,Hors agglomération,Hors intersection,Normale,Deux véhicules - frontale,,,,,,,,,,,3,1,1,1,1
201500002721,0015-04-19 17:00:00,15,4,19,17,0,400,123,,43.81898,-1.09079,Crépuscule ou aube,Hors agglomération,Hors intersection,Normale,Autre collision,,,,,,,,,,,2,1,1,1,6
201500002722,0015-05-10 03:30:00,15,5,10,3,30,400,277,,43.67309,-1.03437,Nuit sans éclairage public,Hors agglomération,Hors intersection,Normale,Sans collision,,,,,,,,,,,3,1,1,1,7
201500002723,0015-05-18 18:30:00,15,5,18,18,30,400,202,ROUTE D'ORTHEZ,43.69333,-1.01079,Crépuscule ou aube,En agglomération,Hors intersection,Normale,Autre collision,,,,,,,,,,,2,2,1,1,6
201500002724,0015-10-02 20:30:00,15,10,2,20,30,400,244,,43.70487,-1.17339,Nuit sans éclairage public,Hors agglomération,Hors intersection,Normale,Deux véhicules - côté,,,,,,,,,,,3,1,1,1,3
201500002725,0015-10-29 18:15:00,15,10,29,18,15,400,202,,43.70258,-1.01937,Crépuscule ou aube,Hors agglomération,Hors intersection,Normale,Deux véhicules - frontale,,,,,,,,,,,2,1,1,1,1
201500002726,0015-11-06 19:20:00,15,11,6,19,20,400,283,,43.73897,-1.01839,Nuit sans éclairage public,Hors agglomération,Hors intersection,Normale,Deux véhicules - frontale,,,,,,,,,,,3,1,1,1,1
201500002727,0015-01-14 07:45:00,15,1,14,7,45,400,36,,43.62415,-1.37978,Crépuscule ou aube,Hors agglomération,Intersection en T,Normale,Deux véhicules - côté,,,,,,,,,,,2,1,3,1,3
201500002728,0015-08-21 14:00:00,15,8,21,14,0,400,65,37 Bd du Docteur Junqua,43.64176,-1.42694,Plein jour,En agglomération,Hors intersection,Normale,Autre collision,,,,,,,,,,,1,2,1,1,6
201500002729,0015-08-23 03:30:00,15,8,23,3,30,400,296,route d'Yrache,43.68061,-1.37168,Nuit sans éclairage public,En agglomération,Hors intersection,Pluie légère,Autre collision,,,,,,,,,,,3,2,1,2,6
201500002730,0015-09-26 11:00:00,15,9,26,11,0,400,133,RD810 - LABENNE,43.58397,-1.43151,Plein jour,En agglomération,Hors intersection,Normale,Sans collision,,,,,,,,,,,1,2,1,1,7
201500002731,0015-11-10 22:15:00,15,11,10,22,15,400,296,,43.6768,-1.41812,Nuit sans éclairage public,Hors agglomération,Hors intersection,Normale,Deux véhicules - frontale,,,,,,,,,,,3,1,1,1,1
201500002732,0015-06-16 18:15:00,15,6,16,18,15,400,150,,43.8653,-1.32666,Plein jour,Hors agglomération,Intersection en X,Normale,Deux véhicules - côté,,,,,,,,,,,1,1,2,1,3
201500002733,0015-08-21 15:15:00,15,8,21,15,15,400,123,,43.82608,-1.09651,Plein jour,Hors agglomération,Hors intersection,Normale,Trois véhicules et plus - collisions multiples,,,,,,,,,,,1,1,1,1,5
201500002734,0015-02-26 14:45:00,15,2,26,14,45,400,201,,43.74457,-0.72559,Plein jour,Hors agglomération,Hors intersection,Pluie légère,Autre collision,,,,,,,,,,,1,1,1,2,6
201500002735,0015-04-17 00:15:00,15,4,17,0,15,400,2,,43.60101,-0.76896,Nuit sans éclairage public,Hors agglomération,Hors intersection,Normale,Sans collision,,,,,,,,,,,3,1,1,1,7
201500002736,0015-04-24 19:00:00,15,4,24,19,0,400,205,,43.71845,-0.81646,Plein jour,Hors agglomération,Hors intersection,Normale,Deux véhicules - côté,,,,,,,,,,,1,1,1,1,3
201500002737,0015-07-02 19:45:00,15,7,2,19,45,400,194,,43.7039,-0.8466,Plein jour,Hors agglomération,Hors intersection,Normale,Sans collision,,,,,,,,,,,1,1,1,1,7
201500002738,0015-11-27 18:00:00,15,11,27,18,0,400,126,route du bastarot,43.70529,-0.94094,Nuit avec éclairage allumé,En agglomération,Intersection en X,Pluie légère,Trois véhicules et plus - collisions multiples,,,,,,,,,,,5,2,2,2,5
201500002739,0015-11-27 19:45:00,15,11,27,19,45,400,228,,43.63879,-0.83613,Nuit sans éclairage public,Hors agglomération,Hors intersection,Pluie légère,Autre collision,,,,,,,,,,,3,1,1,2,6
201500002740,0015-02-05 19:00:00,15,2,5,19,0,400,183,,43.64445,-0.94441,Nuit sans éclairage public,Hors agglomération,Hors intersection,Normale,Deux véhicules - frontale,,,,,,,,,,,3,1,1,1,1
201500002741,0015-04-06 13:30:00,15,4,6,13,30,400,118,,43.56716,-0.93727,Plein jour,Hors agglomération,Hors intersection,Normale,Autre collision,,,,,,,,,,,1,1,1,1,6
201500002742,0015-04-25 05:30:00,15,4,25,5,30,400,132,,43.54904,-1.01542,Nuit sans éclairage public,Hors agglomération,Hors intersection,Pluie légère,Autre collision,,,,,,,,,,,3,1,1,2,6
201500002743,0015-05-02 19:45:00,15,5,2,19,45,400,231,,43.58192,-1.15659,Plein jour,Hors agglomération,Hors intersection,Normale,Autre collision,,,,,,,,,,,1,1,1,1,6
201500002744,0015-06-20 16:15:00,15,6,20,16,15,400,34,511 route moulin à vent,43.59236,-1.11676,Plein jour,En agglomération,Hors intersection,Normale,Deux véhicules - frontale,,,,,,,,,,,1,2,1,1,1
201500002745,0015-06-22 11:00:00,15,6,22,11,0,400,132,,43.54155,-1.01467,Plein jour,Hors agglomération,Hors intersection,Normale,Autre collision,,,,,,,,,,,1,1,1,1,6
201500002746,0015-07-16 12:45:00,15,7,16,12,45,400,206,,43.51899,-1.10667,Plein jour,Hors agglomération,Hors intersection,Normale,Deux véhicules - côté,,,,,,,,,,,1,1,1,1,3
201500002747,0015-07-28 10:30:00,15,7,28,10,30,400,120,,43.54078,-1.12794,Plein jour,Hors agglomération,Hors intersection,Normale,Deux véhicules - frontale,,,,,,,,,,,1,1,1,1,1
201500002748,0015-08-24 10:15:00,15,8,24,10,15,400,224,3 rue gambetta,43.54425,-1.10541,Plein jour,En agglomération,Hors intersection,Normale,Autre collision,,,,,,,,,,,1,2,1,1,6
201500002749,0015-09-23 16:45:00,15,9,23,16,45,400,224,"D817, PK 16+800",43.5503,-1.12312,Plein jour,En agglomération,Hors intersection,Normale,Deux véhicules - côté,,,,,,,,,,,1,2,1,1,3
201500002750,0015-09-30 07:00:00,15,9,30,7,0,400,233,,43.61688,-1.01693,Crépuscule ou aube,Hors agglomération,Hors intersection,Normale,Sans collision,,,,,,,,,,,2,1,1,1,7
201500002751,0015-10-27 18:45:00,15,10,27,18,45,400,77,,43.54476,-1.07644,Nuit sans éclairage public,Hors agglomération,Hors intersection,Pluie légère,Deux véhicules - côté,,,,,,,,,,,3,1,1,2,3
201500002752,0015-10-31 23:15:00,15,10,31,23,15,400,254,,43.54003,-1.04418,Nuit sans éclairage public,Hors agglomération,Hors intersection,Brouillard / fumée,Sans collision,,,,,,,,,,,3,1,1,5,7
201500002753,0015-11-01 13:30:00,15,11,1,13,30,400,212,RD 817,43.55747,-1.14596,Plein jour,Hors agglomération,Hors intersection,Normale,Deux véhicules - arrière,,,,,,,,,,,1,1,1,1,2
201500002754,0015-11-19 20:30:00,15,11,19,20,30,400,95,,43.60736,-0.90941,Nuit sans éclairage public,Hors agglomération,Giratoire,Normale,Autre collision,,,,,,,,,,,3,1,6,1,6
201500002755,0015-12-25 00:45:00,15,12,25,0,45,400,231,,43.57616,-1.16218,Nuit sans éclairage public,Hors agglomération,Hors intersection,Normale,Autre collision,,,,,,,,,,,3,1,1,1,6
201500002756,0015-04-03 14:00:00,15,4,3,14,0,400,310,,43.76788,-1.30649,Plein jour,Hors agglomération,Hors intersection,Normale,Sans collision,,,,,,,,,,,1,1,1,1,7
201500002757,0015-06-27 17:15:00,15,6,27,17,15,400,284,"RD 810, 325 rte de bayon",43.65652,-1.31366,Plein jour,En agglomération,Intersection en X,Temps éblouissant,Deux véhicules - côté,,,,,,,,,,,1,2,2,7,3
201500002758,0015-07-14 16:30:00,15,7,14,16,30,400,181,,43.82432,-1.37209,Plein jour,Hors agglomération,Hors intersection,Normale,Deux véhicules - côté,,,,,,,,,,,1,1,1,1,3
201500002759,0015-07-30 18:30:00,15,7,30,18,30,400,21,,43.79916,-1.3087,Plein jour,Hors agglomération,Hors intersection,Normale,Sans collision,,,,,,,,,,,1,1,1,1,7
201500002760,0015-10-11 19:45:00,15,10,11,19,45,400,284,avenue d'aspremont,43.65885,-1.3003,Crépuscule ou aube,En agglomération,Intersection en T,Normale,Deux véhicules - frontale,,,,,,,,,,,2,2,3,1,1
201500002761,0015-10-29 19:45:00,15,10,29,19,45,400,261,,43.67361,-1.26699,Nuit sans éclairage public,Hors agglomération,Hors intersection,Normale,Autre collision,,,,,,,,,,,3,1,1,1,6
201500002762,0015-11-02 07:55:00,15,11,2,7,55,400,310,,43.73734,-1.29521,Plein jour,Hors agglomération,Hors intersection,Normale,Deux véhicules - frontale,,,,,,,,,,,1,1,1,1,1
201500002763,0015-05-19 22:45:00,15,5,19,22,45,400,273,,43.52424,-1.40891,Nuit avec éclairage allumé,Hors agglomération,Hors intersection,Pluie légère,Autre collision,,,,,,,,,,,5,1,1,2,6
201500002764,0015-05-27 16:30:00,15,5,27,16,30,400,312,28 allée des érables,43.54631,-1.48868,Plein jour,En agglomération,Hors intersection,Normale,Deux véhicules - côté,,,,,,,,,,,1,2,1,1,3
201500002765,0015-12-21 13:30:00,15,12,21,13,30,400,312,,43.52158,-1.4646,Plein jour,En agglomération,Hors intersection,Normale,Deux véhicules - frontale,,,,,,,,,,,1,2,1,1,1
201500002766,0015-02-28 17:45:00,15,2,28,17,45,400,332,Rue Felix Arnaudin,44.32779,-0.95127,Plein jour,En agglomération,Hors intersection,Pluie légère,Autre collision,,,,,,,,,,,1,2,1,2,6
201500002767,0015-03-03 13:15:00,15,3,3,13,15,400,46,RD652 route de bordeaux,44.4143,-1.15389,Plein jour,En agglomération,Hors intersection,Pluie légère,Deux véhicules - frontale,,,,,,,,,,,1,2,1,2,1
201500002768,0015-03-23 08:15:00,15,3,23,8,15,400,46,,44.42885,-1.13574,Plein jour,Hors agglomération,Hors intersection,Normale,Sans collision,,,,,,,,,,,1,1,1,1,7