accident_id,datetime,annee,mois,jour,heure,minute,departement,commune_insee,adresse,latitude,longitude,luminosite,agglomeration,intersection,meteo,collision,nb_vehicules,nb_usagers,nb_indemnes,nb_tues,nb_blesses_hosp,nb_blesses_legers,age_cond_1,age_cond_2,veh_type_cond_1,veh_type_cond_2,lum_code,agg_code,int_code,atm_code,col_code
201500002769,0015-04-17 07:15:00,15,4,17,7,15,400,217,,44.33894,-0.9968,Plein jour,Hors agglomération,Hors intersection,Pluie légère,Trois véhicules et plus - collisions multiples,,,,,,,,,,,1,1,1,2,5
201500002770,0015-04-27 19:45:00,15,4,27,19,45,400,287,,44.46291,-1.06979,Plein jour,Hors agglomération,Hors intersection,Normale,Autre collision,,,,,,,,,,,1,1,1,1,6
201500002771,0015-05-21 17:15:00,15,5,21,17,15,400,332,,44.33064,-0.97938,Plein jour,Hors agglomération,Hors intersection,Normale,Sans collision,,,,,,,,,,,1,1,1,1,7
201500002772,0015-07-07 21:00:00,15,7,7,21,0,400,46,,44.46012,-1.09427,Nuit sans éclairage public,Hors agglomération,Hors intersection,Normale,Sans collision,,,,,,,,,,,3,1,1,1,7
201500002773,0015-10-19 07:30:00,15,10,19,7,30,400,332,,44.35524,-0.95172,Crépuscule ou aube,Hors agglomération,Hors intersection,Normale,Autre collision,,,,,,,,,,,2,1,1,1,6
201500002774,0015-01-20 22:45:00,15,1,20,22,45,400,197,rue Nelson Gaston,44.02784,-0.90972,Nuit avec éclairage allumé,En agglomération,Hors intersection,Normale,Autre collision,,,,,,,,,,,5,2,1,1,6
201500002775,0015-06-07 15:00:00,15,6,7,15,0,400,6,,44.0298,-0.78141,Crépuscule ou aube,Hors agglomération,Hors intersection,Normale,Sans collision,,,,,,,,,,,2,1,1,1,7
201500002776,0015-07-07 07:30:00,15,7,7,7,30,400,163,,44.20248,-0.94287,Crépuscule ou aube,Hors agglomération,Hors intersection,Temps éblouissant,Sans collision,,,,,,,,,,,2,1,1,7,7
201500002777,0015-08-02 07:30:00,15,8,2,7,30,400,197,rue lucette moreau,44.21207,-0.92185,Plein jour,En agglomération,Hors intersection,Normale,Sans collision,,,,,,,,,,,1,2,1,1,7
201500002778,0015-10-21 07:45:00,15,10,21,7,45,400,107,336 rue du Lavoir,44.01547,-0.9264,Nuit avec éclairage non allumé,En agglomération,Hors intersection,Brouillard / fumée,Autre collision,,,,,,,,,,,4,2,1,5,6
201500002779,0015-01-07 02:30:00,15,1,7,2,30,400,8,"RD 651, Route de Belhade",44.37381,-0.64749,Nuit sans éclairage public,En agglomération,Hors intersection,Brouillard / fumée,Autre collision,,,,,,,,,,,3,2,1,5,6
201500002780,0015-01-29 01:00:00,15,1,29,1,0,400,200,Le Bourg,44.36028,-0.76184,Nuit sans éclairage public,En agglomération,Hors intersection,Pluie légère,Autre collision,,,,,,,,,,,3,2,1,2,6
201500002781,0015-02-27 12:30:00,15,2,27,12,30,400,200,,44.34788,-0.77027,Plein jour,Hors agglomération,Hors intersection,Normale,Deux véhicules - frontale,,,,,,,,,,,1,1,1,1,1
201500002782,0015-05-11 18:45:00,15,5,11,18,45,400,246,,44.12634,-0.68801,Plein jour,Hors agglomération,Hors intersection,Normale,Autre collision,,,,,,,,,,,1,1,1,1,6
201500002783,0015-07-21 16:30:00,15,7,21,16,30,400,171,,44.42444,-0.65839,Plein jour,Hors agglomération,Hors intersection,Normale,Sans collision,,,,,,,,,,,1,1,1,1,7
201500002784,0015-07-30 10:45:00,15,7,30,10,45,400,200,,44.357,-0.79295,Plein jour,Hors agglomération,Hors intersection,Normale,Sans collision,,,,,,,,,,,1,1,1,1,7
201500002785,0015-08-26 15:00:00,15,8,26,15,0,400,85,,44.22805,-0.82806,Plein jour,Hors agglomération,Hors intersection,Normale,Autre collision,,,,,,,,,,,1,1,1,1,6
201500002786,0015-09-16 12:00:00,15,9,16,12,0,400,85,,44.21383,-0.87374,Plein jour,Hors agglomération,Hors intersection,Vent fort / tempête,Autre collision,,,,,,,,,,,1,1,1,6,6
201500002787,0015-09-30 20:45:00,15,9,30,20,45,400,156,,44.2594,-0.85281,Nuit sans éclairage public,Hors agglomération,Hors intersection,Normale,Autre collision,,,,,,,,,,,3,1,1,1,6
201500002788,0015-08-18 11:15:00,15,8,18,11,15,400,182,,44.07233,-1.15579,Plein jour,Hors agglomération,Hors intersection,Normale,Autre collision,,,,,,,,,,,1,1,1,1,6
201500002789,0015-10-30 22:00:00,15,10,30,22,0,400,184,,44.20451,-1.22431,Nuit avec éclairage allumé,En agglomération,Hors intersection,Normale,Deux véhicules - côté,,,,,,,,,,,5,2,1,1,3
201500002790,0015-01-24 23:45:00,15,1,24,23,45,400,119,,43.65061,-0.61097,Nuit sans éclairage public,Hors agglomération,Hors intersection,Normale,Deux véhicules - frontale,,,,,,,,,,,3,1,1,1,1
201500002791,0015-01-28 12:15:00,15,1,28,12,15,400,253,,43.64857,-0.66501,Plein jour,Hors agglomération,Intersection en X,Normale,Deux véhicules - côté,,,,,,,,,,,1,1,2,1,3
201500002792,0015-05-01 12:15:00,15,5,1,12,15,400,98,,43.70224,-0.53393,Plein jour,Hors agglomération,Hors intersection,Pluie légère,Autre collision,,,,,,,,,,,1,1,1,2,6
201500002793,0015-05-10 10:00:00,15,5,10,10,0,400,119,rue thiers,43.65352,-0.59412,Plein jour,En agglomération,Hors intersection,Normale,Autre collision,,,,,,,,,,,1,2,1,1,6
201500002794,0015-05-30 16:15:00,15,5,30,16,15,400,196,,43.72684,-0.49208,Plein jour,Hors agglomération,Hors intersection,Normale,Autre collision,,,,,,,,,,,1,1,1,1,6
201500002795,0015-08-22 08:00:00,15,8,22,8,0,400,119,,43.64675,-0.61482,Plein jour,Hors agglomération,Hors intersection,Normale,Autre collision,,,,,,,,,,,1,1,1,1,6
201500002796,0015-09-08 23:00:00,15,9,8,23,0,400,282,,43.74629,-0.54669,Nuit sans éclairage public,Hors agglomération,Hors intersection,Normale,Autre collision,,,,,,,,,,,3,1,1,1,6
201500002797,0015-09-16 08:45:00,15,9,16,8,45,400,191,,43.75269,-0.6005,Plein jour,Hors agglomération,Hors intersection,Temps couvert,Deux véhicules - frontale,,,,,,,,,,,1,1,1,8,1
201500002798,0015-12-13 02:00:00,15,12,13,2,0,400,138,,43.61109,-0.5952,Nuit sans éclairage public,Hors agglomération,Hors intersection,Normale,Autre collision,,,,,,,,,,,3,1,1,1,6
201500002799,0015-12-16 16:30:00,15,12,16,16,30,400,282,,43.75516,-0.58382,Plein jour,Hors agglomération,Hors intersection,Normale,Autre collision,,,,,,,,,,,1,1,1,1,6
201500002800,0015-01-20 17:45:00,15,1,20,17,45,400,146,,43.64056,-0.29528,Plein jour,Hors agglomération,Hors intersection,Normale,Autre collision,,,,,,,,,,,1,1,1,1,6
201500002801,0015-01-27 15:45:00,15,1,27,15,45,400,1,,43.69071,-0.24975,Plein jour,Hors agglomération,Hors intersection,Temps couvert,Deux véhicules - côté,,,,,,,,,,,1,1,1,8,3
201500002802,0015-03-08 16:00:00,15,3,8,16,0,400,22,,43.6698,-0.33193,Plein jour,Hors agglomération,Intersection en X,Normale,Deux véhicules - frontale,,,,,,,,,,,1,1,2,1,1
201500002803,0015-04-06 17:00:00,15,4,6,17,0,400,70,,43.82513,-0.34024,Plein jour,Hors agglomération,Intersection en X,Normale,Deux véhicules - côté,,,,,,,,,,,1,1,2,1,3
201500002804,0015-07-02 15:00:00,15,7,2,15,0,400,1,avenue des Pyrénées,43.70007,-0.26429,Plein jour,En agglomération,Hors intersection,Normale,Autre collision,,,,,,,,,,,1,2,1,1,6
201500002805,0015-07-23 13:45:00,15,7,23,13,45,400,22,,43.66977,-0.33194,Plein jour,Hors agglomération,Intersection en X,Normale,Trois véhicules et plus - collisions multiples,,,,,,,,,,,1,1,2,1,5
201500002806,0015-09-08 18:00:00,15,9,8,18,0,400,1,52 avenue du 4 septembre,43.70442,-0.255,Plein jour,En agglomération,Hors intersection,Normale,Deux véhicules - côté,,,,,,,,,,,1,2,1,1,3
201500002807,0015-08-18 09:45:00,15,8,18,9,45,400,22,,43.66491,-0.36641,Plein jour,Hors agglomération,Intersection en X,Normale,Deux véhicules - côté,,,,,,,,,,,1,1,2,1,3
201500002808,0015-09-26 19:30:00,15,9,26,19,30,400,226,,43.56991,-0.39465,Crépuscule ou aube,Hors agglomération,Hors intersection,Temps éblouissant,Deux véhicules - frontale,,,,,,,,,,,2,1,1,7,1
201500002809,0015-10-03 15:30:00,15,10,3,15,30,400,1,rue du jardin public,43.69976,-0.262,Plein jour,En agglomération,Hors intersection,Normale,Deux véhicules - frontale,,,,,,,,,,,1,2,1,1,1
201500002810,0015-10-12 17:15:00,15,10,12,17,15,400,270,,43.67052,-0.39119,Plein jour,Hors agglomération,Hors intersection,Pluie légère,Deux véhicules - frontale,,,,,,,,,,,1,1,1,2,1
201500002811,0015-11-06 09:45:00,15,11,6,9,45,400,286,,43.65073,-0.52573,Plein jour,Hors agglomération,Hors intersection,Normale,Deux véhicules - côté,,,,,,,,,,,1,1,1,1,3
201500002812,0015-12-12 11:45:00,15,12,12,11,45,400,119,RUE ST GIRONS,43.65695,-0.59519,Plein jour,En agglomération,Hors intersection,Normale,Deux véhicules - côté,,,,,,,,,,,1,2,1,1,3
201500002813,0015-01-04 20:00:00,15,1,4,20,0,400,218,carrefour CD36 et CD37,43.94903,0.01053,Nuit avec éclairage allumé,En agglomération,Hors intersection,Normale,Sans collision,,,,,,,,,,,5,2,1,1,7
201500002814,0015-05-12 17:45:00,15,5,12,17,45,400,331,,43.87917,-0.34502,Plein jour,Hors agglomération,Intersection en X,Normale,Deux véhicules - côté,,,,,,,,,,,1,1,2,1,3
201500002815,0015-06-10 13:30:00,15,6,10,13,30,400,267,,44.0032,-0.20346,Plein jour,Hors agglomération,Hors intersection,Normale,Deux véhicules - côté,,,,,,,,,,,1,1,1,1,3
201500002816,0015-08-08 04:15:00,15,8,8,4,15,400,102,,43.99428,0.01587,Nuit sans éclairage public,Hors agglomération,Hors intersection,Normale,Autre collision,,,,,,,,,,,3,1,1,1,6
201500002817,0015-08-10 01:15:00,15,8,10,1,15,400,161,,44.09251,-0.02061,Nuit sans éclairage public,Hors agglomération,Hors intersection,Normale,Autre collision,,,,,,,,,,,3,1,1,1,6
201500002818,0015-08-14 08:30:00,15,8,14,8,30,400,331,AVENUE DE L ARMAGNAC,43.89192,-0.30392,Plein jour,En agglomération,Hors intersection,Temps couvert,Autre collision,,,,,,,,,,,1,2,1,8,6
201500002819,0015-10-06 11:30:00,15,10,6,11,30,400,331,,43.90109,-0.30534,Plein jour,Hors agglomération,Intersection en T,Normale,Autre collision,,,,,,,,,,,1,1,3,1,6
201500002820,0015-10-27 19:00:00,15,10,27,19,0,400,255,,43.88637,-0.33906,Nuit sans éclairage public,Hors agglomération,Hors intersection,Pluie forte,Trois véhicules et plus - collisions multiples,,,,,,,,,,,3,1,1,3,5
201500002821,0015-12-15 08:45:00,15,12,15,8,45,400,331,,43.8923,-0.2767,Plein jour,Hors agglomération,Hors intersection,Normale,Autre collision,,,,,,,,,,,1,1,1,1,6
201500002822,0015-01-07 10:30:00,15,1,7,10,30,470,91,,44.1673,0.5857,Plein jour,Hors agglomération,Hors intersection,Autre,Deux véhicules - frontale,,,,,,,,,,,1,1,1,9,1
201500002823,0015-01-27 16:45:00,15,1,27,16,45,470,91,,,,Plein jour,Hors agglomération,Hors intersection,Normale,Autre collision,,,,,,,,,,,1,1,1,1,6
201500002824,0015-02-12 05:30:00,15,2,12,5,30,470,100,,44.2379,0.61731,Nuit sans éclairage public,Hors agglomération,Hors intersection,Normale,Deux véhicules - frontale,,,,,,,,,,,3,1,1,1,1
201500002825,0015-02-28 16:00:00,15,2,28,16,0,470,137,,44.1124,0.52585,Plein jour,Hors agglomération,Hors intersection,Normale,Deux véhicules - frontale,,,,,,,,,,,1,1,1,1,1
201500002826,0015-04-28 17:15:00,15,4,28,17,15,470,19,,44.2358,0.69452,Plein jour,Hors agglomération,Hors intersection,Normale,Sans collision,,,,,,,,,,,1,1,1,1,7
201500002827,0015-06-13 17:00:00,15,6,13,17,0,470,19,LDT TASTEBI,44.2408,0.70358,Plein jour,Hors agglomération,Hors intersection,Temps couvert,Deux véhicules - frontale,,,,,,,,,,,1,1,1,8,1
201500002828,0015-07-21 19:15:00,15,7,21,19,15,470,300,,44.21,0.529,Plein jour,Hors agglomération,Hors intersection,Normale,Deux véhicules - côté,,,,,,,,,,,1,1,1,1,3
201500002829,0015-07-25 08:30:00,15,7,25,8,30,470,15,,44.0498,0.67111,Plein jour,Hors agglomération,Hors intersection,Normale,Autre collision,,,,,,,,,,,1,1,1,1,6
201500002830,0015-09-12 16:45:00,15,9,12,16,45,470,91,,44.1666,0.58877,Plein jour,Hors agglomération,Hors intersection,Temps couvert,Autre collision,,,,,,,,,,,1,1,1,8,6
201500002831,0015-09-21 10:00:00,15,9,21,10,0,470,69,,44.2335,0.54974,Plein jour,Hors agglomération,Hors intersection,Normale,Deux véhicules - frontale,,,,,,,,,,,1,1,1,1,1
201500002832,0015-10-05 09:45:00,15,10,5,9,45,470,100,,,,Plein jour,Hors agglomération,Intersection en T,Pluie légère,Deux véhicules - frontale,,,,,,,,,,,1,1,3,2,1
201500002833,0015-10-11 16:00:00,15,10,11,16,0,470,100,,44.249,0.605,Plein jour,Hors agglomération,Hors intersection,Normale,Sans collision,,,,,,,,,,,1,1,1,1,7
201500002834,0015-10-17 22:30:00,15,10,17,22,30,470,137,lieu-dit latoute,,,Nuit sans éclairage public,Hors agglomération,Hors intersection,Normale,Autre collision,,,,,,,,,,,3,1,1,1,6
201500002835,0015-11-13 18:30:00,15,11,13,18,30,470,137,LIEU-DIT TERRADE,44.1043,0.54963,Nuit sans éclairage public,Hors agglomération,Hors intersection,Normale,Sans collision,,,,,,,,,,,3,1,1,1,7
201500002836,0015-11-14 07:30:00,15,11,14,7,30,470,69,sortie GIRATOIRE CAMELAT,44.2196,0.57935,Crépuscule ou aube,Hors agglomération,Giratoire,Normale,Deux véhicules - côté,,,,,,,,,,,2,1,6,1,3
201500002837,0015-05-11 22:45:00,15,5,11,22,45,470,196,,44.3345,0.32297,Nuit sans éclairage public,Hors agglomération,Hors intersection,Normale,Deux véhicules - frontale,,,,,,,,,,,3,1,1,1,1
201500002838,0015-04-24 20:30:00,15,4,24,20,30,470,269,,,,Nuit sans éclairage public,Hors agglomération,Hors intersection,Normale,Autre collision,,,,,,,,,,,3,1,1,1,6
201500002839,0015-08-09 07:15:00,15,8,9,7,15,470,171,,44.3138,0.73026,Crépuscule ou aube,Hors agglomération,Hors intersection,Pluie légère,Autre collision,,,,,,,,,,,2,1,1,2,6
201500002840,0015-08-15 19:45:00,15,8,15,19,45,470,269,,44.1764,0.76204,Plein jour,Hors agglomération,Hors intersection,Normale,Autre collision,,,,,,,,,,,1,1,1,1,6
201500002841,0015-01-14 12:30:00,15,1,14,12,30,470,157,BOULEVARD ULYSSE CASSE,44.5038,0.16413,Plein jour,En agglomération,Intersection en X,Normale,Autre collision,,,,,,,,,,,1,2,2,1,6
201500002842,0015-01-28 20:00:00,15,1,28,20,0,470,157,,44.5114,0.20077,Nuit sans éclairage public,Hors agglomération,Intersection en X,Pluie forte,Deux véhicules - côté,,,,,,,,,,,3,1,2,3,3
201500002843,0015-04-15 23:00:00,15,4,15,23,0,470,157,rue des erables,44.499,0.173,Nuit sans éclairage public,En agglomération,Hors intersection,Normale,Autre collision,,,,,,,,,,,3,2,1,1,6
201500002844,0015-05-22 07:00:00,15,5,22,7,0,470,56,,44.548,0.14,Plein jour,Hors agglomération,Intersection en X,Normale,Deux véhicules - côté,,,,,,,,,,,1,1,2,1,3
201500002845,0015-07-13 08:45:00,15,7,13,8,45,470,157,,,,Plein jour,Hors agglomération,Hors intersection,Normale,Deux véhicules - frontale,,,,,,,,,,,1,1,1,1,1
201500002846,0015-08-17 18:00:00,15,8,17,18,0,470,24,,44.5188,0.12786,Plein jour,En agglomération,Passage à niveau,Normale,Deux véhicules - côté,,,,,,,,,,,1,2,8,1,3
201500002847,0015-08-24 07:45:00,15,8,24,7,45,470,157,,44.4888,0.14788,Plein jour,Hors agglomération,Hors intersection,Normale,Deux véhicules - côté,,,,,,,,,,,1,1,1,1,3
201500002848,0015-09-12 10:15:00,15,9,12,10,15,470,157,D132/av Condorcet,44.5112,0.20029,Plein jour,Hors agglomération,Intersection en X,Temps couvert,Deux véhicules - côté,,,,,,,,,,,1,1,2,8,3
201500002849,0015-09-24 16:15:00,15,9,24,16,15,470,326,LA GAZELLE,44.5054,0.27251,Plein jour,Hors agglomération,Intersection en T,Normale,Deux véhicules - côté,,,,,,,,,,,1,1,3,1,3
201500002850,0015-10-01 09:00:00,15,10,1,9,0,470,157,,,,Plein jour,Hors agglomération,Hors intersection,Normale,Autre collision,,,,,,,,,,,1,1,1,1,6
201500002851,0015-11-21 12:45:00,15,11,21,12,45,470,157,LIEU-DIT LA GRAVE,44.4632,0.13924,Plein jour,En agglomération,Intersection en X,Normale,Deux véhicules - côté,,,,,,,,,,,1,2,2,1,3
201500002852,0015-12-03 07:30:00,15,12,3,7,30,470,157,AVENUE JEAN JAURÈS,44.5037,0.15316,Crépuscule ou aube,En agglomération,Hors intersection,Brouillard / fumée,Deux véhicules - arrière,,,,,,,,,,,2,2,1,5,2
201500002853,0015-01-27 16:00:00,15,1,27,16,0,470,86,,44.6691,0.18687,Plein jour,Hors agglomération,Hors intersection,Normale,Deux véhicules - frontale,,,,,,,,,,,1,1,1,1,1
201500002854,0015-03-15 04:00:00,15,3,15,4,0,470,303,,,,Nuit sans éclairage public,Hors agglomération,Hors intersection,Normale,Autre collision,,,,,,,,,,,3,1,1,1,6
201500002855,0015-05-31 07:45:00,15,5,31,7,45,470,226,,44.6155,0.33905,Plein jour,Hors agglomération,Hors intersection,Normale,Sans collision,,,,,,,,,,,1,1,1,1,7
201500002856,0015-06-08 23:45:00,15,6,8,23,45,470,271,,44.6593,0.1898,Nuit sans éclairage public,Hors agglomération,Hors intersection,Normale,Deux véhicules - arrière,,,,,,,,,,,3,1,1,1,2
201500002857,0015-05-25 20:30:00,15,5,25,20,30,470,108,,44.501,0.098,Plein jour,Hors agglomération,Hors intersection,Normale,Autre collision,,,,,,,,,,,1,1,1,1,6
201500002858,0015-06-25 19:45:00,15,6,25,19,45,470,165,,44.4994,0.07471,Plein jour,Hors agglomération,Intersection en T,Temps éblouissant,Deux véhicules - côté,,,,,,,,,,,1,1,3,7,3
201500002859,0015-06-26 10:15:00,15,6,26,10,15,470,165,,44.4848,0.05775,Plein jour,Hors agglomération,Intersection en X,Normale,Deux véhicules - côté,,,,,,,,,,,1,1,2,1,3
201500002860,0015-10-25 08:45:00,15,10,25,8,45,470,114,,44.389,0.159,Plein jour,Hors agglomération,Hors intersection,Normale,Autre collision,,,,,,,,,,,1,1,1,1,6
201500002861,0015-11-22 00:45:00,15,11,22,0,45,470,233,44 AV. GÉNÉRAL DE GAULLE,44.5312,0.09184,Nuit avec éclairage allumé,En agglomération,Hors intersection,Normale,Autre collision,,,,,,,,,,,5,2,1,1,6
201500002862,0015-12-31 15:00:00,15,12,31,15,0,470,95,LIEU-DIT PETIT MAYNE,44.4234,0.28797,Plein jour,En agglomération,Hors intersection,Temps couvert,Sans collision,,,,,,,,,,,1,2,1,8,7
201500002863,0015-01-12 16:45:00,15,1,12,16,45,470,310,AVENUE DE BEAUREGARD,44.3981,0.30513,Plein jour,En agglomération,Hors intersection,Normale,Autre collision,,,,,,,,,,,1,2,1,1,6
201500002864,0015-02-20 17:45:00,15,2,20,17,45,470,95,LE CHALET,44.4299,0.29337,Crépuscule ou aube,Hors agglomération,Hors intersection,Pluie légère,Deux véhicules - frontale,,,,,,,,,,,2,1,1,2,1
201500002865,0015-07-24 13:45:00,15,7,24,13,45,470,317,,44.4414,0.40861,Plein jour,Hors agglomération,Hors intersection,Normale,Sans collision,,,,,,,,,,,1,1,1,1,7
201500002866,0015-08-04 18:30:00,15,8,4,18,30,470,310,,,,Plein jour,En agglomération,Hors intersection,Normale,Autre collision,,,,,,,,,,,1,2,1,1,6
201500002867,0015-08-17 17:00:00,15,8,17,17,0,470,310,,44.3921,0.3058,Plein jour,En agglomération,Intersection en X,Normale,Autre collision,,,,,,,,,,,1,2,2,1,6
201500002868,0015-11-28 15:00:00,15,11,28,15,0,470,310,AV DE GAULLE/RUEGAMBETTA,44.3905,0.3088,Plein jour,En agglomération,Intersection en X,Normale,Autre collision,,,,,,,,,,,1,2,2,1,6
201500002869,0015-05-06 17:45:00,15,5,6,17,45,470,220,LIEU DIT BEROY,44.352,0.24464,Plein jour,En agglomération,Intersection en X,Normale,Deux véhicules - côté,,,,,,,,,,,1,2,2,1,3
201500002870,0015-06-04 07:45:00,15,6,4,7,45,470,320,RD120/VC1,44.3184,0.20024,Plein jour,Hors agglomération,Intersection en X,Normale,Deux véhicules - côté,,,,,,,,,,,1,1,2,1,3
201500002871,0015-07-19 21:45:00,15,7,19,21,45,470,52,,44.2992,0.09793,Crépuscule ou aube,Hors agglomération,Intersection en Y,Normale,Deux véhicules - frontale,,,,,,,,,,,2,1,4,1,1
201500002872,0015-09-05 19:00:00,15,9,5,19,0,470,214,,44.3115,0.25322,Crépuscule ou aube,Hors agglomération,Hors intersection,Normale,Autre collision,,,,,,,,,,,2,1,1,1,6
201500002873,0015-09-26 13:15:00,15,9,26,13,15,470,12,LDT CAPITAINE,44.2792,0.16667,Plein jour,Hors agglomération,Intersection en X,Normale,Deux véhicules - côté,,,,,,,,,,,1,1,2,1,3
201500002874,0015-11-09 17:00:00,15,11,9,17,0,470,250,CARREFOUR D8/D642,44.2895,0.32456,Plein jour,Hors agglomération,Intersection en X,Normale,Deux véhicules - côté,,,,,,,,,,,1,1,2,1,3
201500002875,0015-04-27 06:45:00,15,4,27,6,45,470,228,,,,Crépuscule ou aube,Hors agglomération,Giratoire,Pluie forte,Sans collision,,,,,,,,,,,2,1,6,3,7
201500002876,0015-07-16 00:01:00,15,7,16,0,1,470,237,,44.351,0.64172,Nuit sans éclairage public,Hors agglomération,Hors intersection,Normale,Sans collision,,,,,,,,,,,3,1,1,1,7
201500002877,0015-08-03 10:30:00,15,8,3,10,30,470,146,,44.4301,0.68346,Plein jour,Hors agglomération,Hors intersection,Normale,Sans collision,,,,,,,,,,,1,1,1,1,7
201500002878,0015-11-21 20:45:00,15,11,21,20,45,470,146,LIEU-DIT BELLE VUE,44.4436,0.68254,Nuit sans éclairage public,Hors agglomération,Hors intersection,Normale,Autre collision,,,,,,,,,,,3,1,1,1,6
201500002879,0015-02-02 07:45:00,15,2,2,7,45,470,48,,44.5691,0.62506,Nuit sans éclairage public,Hors agglomération,Hors intersection,Temps couvert,Autre collision,,,,,,,,,,,3,1,1,8,6
201500002880,0015-02-04 11:15:00,15,2,4,11,15,470,324,,,,Plein jour,Hors agglomération,Intersection en T,Normale,Deux véhicules - côté,,,,,,,,,,,1,1,3,1,3
201500002881,0015-03-18 10:45:00,15,3,18,10,45,470,324,AVENUE FRANCIS BORDES,44.639,0.74195,Plein jour,En agglomération,Hors intersection,Normale,Autre collision,,,,,,,,,,,1,2,1,1,6
201500002882,0015-07-11 01:00:00,15,7,11,1,0,470,240,LIEU DIT JEAN DE MICHOU,44.6137,0.74427,Nuit sans éclairage public,En agglomération,Hors intersection,Normale,Sans collision,,,,,,,,,,,3,2,1,1,7
201500002883,0015-01-15 14:45:00,15,1,15,14,45,470,36,,44.4415,0.97176,Plein jour,Hors agglomération,Hors intersection,Normale,Autre collision,,,,,,,,,,,1,1,1,1,6
201500002884,0015-01-18 05:15:00,15,1,18,5,15,470,70,,44.4772,0.90954,Nuit sans éclairage public,Hors agglomération,Hors intersection,Normale,Sans collision,,,,,,,,,,,3,1,1,1,7
201500002885,0015-07-14 22:15:00,15,7,14,22,15,470,314,Carrefour D 243 / D 246,44.4166,0.89309,Crépuscule ou aube,Hors agglomération,Intersection en X,Normale,Deux véhicules - côté,,,,,,,,,,,2,1,2,1,3
201500002886,0015-12-16 13:45:00,15,12,16,13,45,470,64,LIEU-DIT RIVEMPLE,44.385,0.90948,Plein jour,Hors agglomération,Hors intersection,Normale,Sans collision,,,,,,,,,,,1,1,1,1,7
201500002887,0015-03-22 16:00:00,15,3,22,16,0,470,252,,44.423,0.617,Plein jour,Hors agglomération,Hors intersection,Normale,Autre collision,,,,,,,,,,,1,1,1,1,6
201500002888,0015-07-03 01:45:00,15,7,3,1,45,470,309,LIEU DIT VILLENEUVE,44.504,0.45411,Nuit sans éclairage public,En agglomération,Hors intersection,Normale,Autre collision,,,,,,,,,,,3,2,1,1,6
201500002889,0015-10-19 14:00:00,15,10,19,14,0,470,239,,,,Plein jour,Hors agglomération,Hors intersection,Normale,Autre collision,,,,,,,,,,,1,1,1,1,6
201500002890,0015-10-26 17:00:00,15,10,26,17,0,470,309,,,,Plein jour,Hors agglomération,Hors intersection,Normale,Deux véhicules - côté,,,,,,,,,,,1,1,1,1,3
201500002891,0015-11-15 14:15:00,15,11,15,14,15,470,306,,44.389,0.4899,Plein jour,Hors agglomération,Hors intersection,Normale,Deux véhicules - frontale,,,,,,,,,,,1,1,1,1,1
201500002892,0015-12-14 13:30:00,15,12,14,13,30,470,49,LIEU-DI ROQUES,44.4325,0.64843,Plein jour,Hors agglomération,Hors intersection,Normale,Deux véhicules - frontale,,,,,,,,,,,1,1,1,1,1
201500002893,0015-12-26 11:15:00,15,12,26,11,15,470,252,LIEU-DIT LACOMBE,44.4134,0.58383,Plein jour,Hors agglomération,Hors intersection,Normale,Sans collision,,,,,,,,,,,1,1,1,1,7
201500002894,0015-12-26 10:00:00,15,12,26,10,0,470,324,D2BDPAISANCE/PLSTMICHEL,44.635,0.74372,Plein jour,En agglomération,Intersection en Y,Temps éblouissant,Deux véhicules - frontale,,,,,,,,,,,1,2,4,7,1
201500002895,0015-03-29 17:15:00,15,3,29,17,15,640,230,RD 24,43.22842,-0.42102,Plein jour,Hors agglomération,Hors intersection,Normale,Deux véhicules - frontale,,,,,,,,,,,1,1,1,1,1
201500002896,0015-04-22 15:15:00,15,4,22,15,15,640,67,,43.25264,-0.29566,Plein jour,En agglomération,Giratoire,Normale,Deux véhicules - côté,,,,,,,,,,,1,2,6,1,3
201500002897,0015-06-17 08:45:00,15,6,17,8,45,640,376,,43.26745,-0.3003,Plein jour,Hors agglomération,Hors intersection,Normale,Deux véhicules - côté,,,,,,,,,,,1,1,1,1,3
201500002898,0015-07-18 11:30:00,15,7,18,11,30,640,230,,43.20329,-0.41478,Plein jour,Hors agglomération,Hors intersection,Temps couvert,Deux véhicules - côté,,,,,,,,,,,1,1,1,8,3
201500002899,0015-09-14 08:45:00,15,9,14,8,45,640,230,RD 934,43.17323,-0.39442,Plein jour,Hors agglomération,Hors intersection,Pluie forte,Deux véhicules - côté,,,,,,,,,,,1,1,1,3,3
201500002900,0015-10-02 18:00:00,15,10,2,18,0,640,230,ROUTE D'OLORON,43.22215,-0.39666,Plein jour,Hors agglomération,Hors intersection,Normale,Trois véhicules et plus - collisions multiples,,,,,,,,,,,1,1,1,1,5
201500002901,0015-10-06 18:15:00,15,10,6,18,15,640,67,RD 937,43.25832,-0.30242,Plein jour,En agglomération,Hors intersection,Pluie forte,Sans collision,,,,,,,,,,,1,2,1,3,7
201500002902,0015-08-11 18:00:00,15,8,11,18,0,640,27,ROUTE FONTAINE DU BEDAT,43.40174,-0.29286,Plein jour,En agglomération,Hors intersection,Normale,Deux véhicules - frontale,,,,,,,,,,,1,2,1,1,1