accident_id,datetime,annee,mois,jour,heure,minute,departement,commune_insee,adresse,latitude,longitude,luminosite,agglomeration,intersection,meteo,collision,nb_vehicules,nb_usagers,nb_indemnes,nb_tues,nb_blesses_hosp,nb_blesses_legers,age_cond_1,age_cond_2,veh_type_cond_1,veh_type_cond_2,lum_code,agg_code,int_code,atm_code,col_code
201500003432,0015-07-21 17:30:00,15,7,21,17,30,190,202,MARTIGNAC,45.2292,1.59327,Plein jour,Hors agglomération,Hors intersection,Normale,Deux véhicules - frontale,,,,,,,,,,,1,1,1,1,1
201500003433,0015-10-04 19:45:00,15,10,4,19,45,190,72,LA BACCALERIE,45.2299,1.50604,Nuit sans éclairage public,Hors agglomération,Hors intersection,Pluie légère,Deux véhicules - frontale,,,,,,,,,,,3,1,1,2,1
201500003434,0015-10-01 13:00:00,15,10,1,13,0,190,72,LA BACCALERIE,45.2299,1.50602,Plein jour,Hors agglomération,Hors intersection,Normale,Sans collision,,,,,,,,,,,1,1,1,1,7
201500003435,0015-12-01 19:00:00,15,12,1,19,0,190,243,BOIS DU CROS,45.3756,1.35013,Nuit sans éclairage public,Hors agglomération,Hors intersection,Normale,Deux véhicules - frontale,,,,,,,,,,,3,1,1,1,1
201500003436,0015-12-25 17:15:00,15,12,25,17,15,190,11,LE MAS,45.4223,1.34938,Crépuscule ou aube,Hors agglomération,Hors intersection,Normale,Deux véhicules - frontale,,,,,,,,,,,2,1,1,1,1
201500003437,0015-01-28 09:45:00,15,1,28,9,45,190,253,LE BOURG,45.2758,1.27722,Plein jour,En agglomération,Hors intersection,Temps couvert,Autre collision,,,,,,,,,,,1,2,1,8,6
201500003438,0015-02-12 18:00:00,15,2,12,18,0,190,288,MEILHAC,45.3004,1.44654,Plein jour,Hors agglomération,Hors intersection,Normale,Autre collision,,,,,,,,,,,1,1,1,1,6
201500003439,0015-09-06 08:45:00,15,9,6,8,45,190,288,CEYRAT,45.3029,1.41753,Plein jour,En agglomération,Intersection en X,Normale,Deux véhicules - côté,,,,,,,,,,,1,2,2,1,3
201500003440,0015-11-08 08:30:00,15,11,8,8,30,190,182,LE ROC,45.2304,1.38329,Plein jour,Hors agglomération,Hors intersection,Normale,Deux véhicules - frontale,,,,,,,,,,,1,1,1,1,1
201500003441,0015-06-03 09:00:00,15,6,3,9,0,190,80,PLACE DE L'EGLISE,45.6612,2.45121,Plein jour,En agglomération,Hors intersection,Normale,Autre collision,,,,,,,,,,,1,2,1,1,6
201500003442,0015-03-17 17:15:00,15,3,17,17,15,190,113,CHANTEGRIL,45.4223,2.34365,Plein jour,Hors agglomération,Hors intersection,Temps couvert,Autre collision,,,,,,,,,,,1,1,1,8,6
201500003443,0015-04-04 12:15:00,15,4,4,12,15,190,252,MAISON NEUVE,45.429,2.45573,Plein jour,Hors agglomération,Hors intersection,Normale,Autre collision,,,,,,,,,,,1,1,1,1,6
201500003444,0015-04-23 00:45:00,15,4,23,0,45,190,28,195 RUE DES NADAUDS,45.4058,2.5037,Nuit avec éclairage allumé,En agglomération,Hors intersection,Normale,Autre collision,,,,,,,,,,,5,2,1,1,6
201500003445,0015-10-22 20:15:00,15,10,22,20,15,190,226,LE PONT,45.6258,2.03743,Nuit sans éclairage public,Hors agglomération,Hors intersection,Pluie légère,Autre collision,,,,,,,,,,,3,1,1,2,6
201500003446,0015-02-02 20:30:00,15,2,2,20,30,230,32,,46.35933,2.22717,Nuit sans éclairage public,Hors agglomération,Hors intersection,Normale,Autre collision,,,,,,,,,,,3,1,1,1,6
201500003447,0015-03-26 14:00:00,15,3,26,14,0,230,25,,46.31992,1.86803,Plein jour,Hors agglomération,Hors intersection,Temps couvert,Autre collision,,,,,,,,,,,1,1,1,8,6
201500003448,0015-02-05 08:45:00,15,2,5,8,45,230,45,,46.188,2.44,Plein jour,Hors agglomération,Hors intersection,Temps couvert,Deux véhicules - frontale,,,,,,,,,,,1,1,1,8,1
201500003449,0015-10-22 09:30:00,15,10,22,9,30,230,100,"42, grande rue",,,Plein jour,En agglomération,Hors intersection,Pluie légère,Autre collision,,,,,,,,,,,1,2,1,2,6
201500003450,0015-11-30 08:45:00,15,11,30,8,45,230,93,,46.197,2.227,Plein jour,Hors agglomération,Hors intersection,Normale,Deux véhicules - côté,,,,,,,,,,,1,1,1,1,3
201500003451,0015-01-31 19:15:00,15,1,31,19,15,230,176,rue maurice giboin,46.241,1.477,Nuit avec éclairage non allumé,En agglomération,Hors intersection,Normale,Autre collision,,,,,,,,,,,4,2,1,1,6
201500003452,0015-05-25 20:45:00,15,5,25,20,45,230,176,AV du général LECLERC,46.23932,1.49164,Plein jour,En agglomération,Hors intersection,Normale,Sans collision,,,,,,,,,,,1,2,1,1,7
201500003453,0015-07-12 17:35:00,15,7,12,17,35,230,47,,46.15705,1.55797,Plein jour,Hors agglomération,Hors intersection,Normale,Sans collision,,,,,,,,,,,1,1,1,1,7
201500003454,0015-08-09 19:15:00,15,8,9,19,15,230,141,,46.287,1.67,Plein jour,Hors agglomération,Hors intersection,Normale,Autre collision,,,,,,,,,,,1,1,1,1,6
201500003455,0015-02-26 20:00:00,15,2,26,20,0,230,179,,45.95652,2.25206,Nuit sans éclairage public,Hors agglomération,Hors intersection,Pluie forte,Autre collision,,,,,,,,,,,3,1,1,3,6
201500003456,0015-03-29 17:15:00,15,3,29,17,15,230,61,,46.09838,2.17694,Plein jour,Hors agglomération,Hors intersection,Pluie légère,Autre collision,,,,,,,,,,,1,1,1,2,6
201500003457,0015-10-05 10:15:00,15,10,5,10,15,230,113,,45.991,2.342,Plein jour,Hors agglomération,Hors intersection,Pluie légère,Autre collision,,,,,,,,,,,1,1,1,2,6
201500003458,0015-06-07 15:30:00,15,6,7,15,30,230,30,"2, rue de Verdun",45.95361,1.75558,Plein jour,En agglomération,Hors intersection,Normale,Sans collision,,,,,,,,,,,1,2,1,1,7
201500003459,0015-01-09 14:00:00,15,1,9,14,0,310,82,,,,Plein jour,Hors agglomération,Hors intersection,Normale,Deux véhicules - arrière,,,,,,,,,,,1,1,1,1,2
201500003460,0015-02-09 09:15:00,15,2,9,9,15,310,44,Rue saint jean,,,Plein jour,En agglomération,Hors intersection,Normale,Autre collision,,,,,,,,,,,1,2,1,1,6
201500003461,0015-03-15 11:30:00,15,3,15,11,30,310,3,route de la sauné,43.56206,1.58536,Plein jour,Hors agglomération,Intersection en T,Temps couvert,Deux véhicules - côté,,,,,,,,,,,1,1,3,8,3
201500003462,0015-03-17 17:15:00,15,3,17,17,15,310,228,430 ROUTE DES COTEAUX,43.69295,1.58402,Plein jour,En agglomération,Hors intersection,Normale,Autre collision,,,,,,,,,,,1,2,1,1,6
201500003463,0015-04-04 17:00:00,15,4,4,17,0,310,573,,,,Plein jour,Hors agglomération,Hors intersection,Normale,Deux véhicules - frontale,,,,,,,,,,,1,1,1,1,1
201500003464,0015-05-28 18:15:00,15,5,28,18,15,310,44,,43.60965,1.49422,Plein jour,Hors agglomération,Hors intersection,Normale,Autre collision,,,,,,,,,,,1,1,1,1,6
201500003465,0015-07-16 07:30:00,15,7,16,7,30,310,271,,43.551,1.683,Plein jour,Hors agglomération,Intersection en X,Normale,Deux véhicules - frontale,,,,,,,,,,,1,1,2,1,1
201500003466,0015-07-23 08:00:00,15,7,23,8,0,310,573,rue du Grand Faubourg,43.65556,1.6602,Plein jour,En agglomération,Hors intersection,Normale,Deux véhicules - frontale,,,,,,,,,,,1,2,1,1,1
201500003467,0015-08-05 11:45:00,15,8,5,11,45,310,445,,43.57454,1.54839,Plein jour,Hors agglomération,Hors intersection,Normale,Deux véhicules - frontale,,,,,,,,,,,1,1,1,1,1
201500003468,0015-11-03 08:00:00,15,11,3,8,0,310,573,,43.664,1.69443,Plein jour,Hors agglomération,Hors intersection,Normale,Autre collision,,,,,,,,,,,1,1,1,1,6
201500003469,0015-11-14 15:00:00,15,11,14,15,0,310,163,,,,Plein jour,Hors agglomération,Hors intersection,Normale,Deux véhicules - côté,,,,,,,,,,,1,1,1,1,3
201500003470,0015-11-18 19:45:00,15,11,18,19,45,310,184,,,,Nuit sans éclairage public,Hors agglomération,Hors intersection,Normale,Autre collision,,,,,,,,,,,3,1,1,1,6
201500003471,0015-12-19 13:00:00,15,12,19,13,0,310,184,,43.58603,1.56627,Plein jour,Hors agglomération,Hors intersection,Temps éblouissant,Deux véhicules - frontale,,,,,,,,,,,1,1,1,7,1
201500003472,0015-05-07 18:45:00,15,5,7,18,45,310,25,,43.487,1.447,Plein jour,Hors agglomération,Hors intersection,Normale,Deux véhicules - frontale,,,,,,,,,,,1,1,1,1,1
201500003473,0015-06-09 05:45:00,15,6,9,5,45,310,48,,43.45152,1.62709,Crépuscule ou aube,Hors agglomération,Hors intersection,Normale,Autre collision,,,,,,,,,,,2,1,1,1,6
201500003474,0015-07-23 14:00:00,15,7,23,14,0,310,429,RUE JANE DIEULAFOY,43.49024,1.51585,Plein jour,En agglomération,Intersection en T,Normale,Deux véhicules - côté,,,,,,,,,,,1,2,3,1,3
201500003475,0015-10-28 20:30:00,15,10,28,20,30,310,113,AVENUE DE TOULOUSE,43.51621,1.49844,Nuit avec éclairage allumé,En agglomération,Hors intersection,Normale,Sans collision,,,,,,,,,,,5,2,1,1,7
201500003476,0015-02-28 11:00:00,15,2,28,11,0,310,587,route de fronton,43.76359,1.40727,Plein jour,Hors agglomération,Intersection en Y,Normale,Deux véhicules - côté,,,,,,,,,,,1,1,4,1,3
201500003477,0015-03-22 16:45:00,15,3,22,16,45,310,311,D 630/D 15,43.81856,1.54208,Plein jour,Hors agglomération,Intersection en T,Pluie légère,Deux véhicules - côté,,,,,,,,,,,1,1,3,2,3
201500003478,0015-04-11 19:15:00,15,4,11,19,15,310,584,route de bondigoux,43.85502,1.51396,Plein jour,Hors agglomération,Hors intersection,Normale,Autre collision,,,,,,,,,,,1,1,1,1,6
201500003479,0015-05-04 09:15:00,15,5,4,9,15,310,79,2158 route de fronton,43.79687,1.40651,Plein jour,Hors agglomération,Hors intersection,Normale,Autre collision,,,,,,,,,,,1,1,1,1,6
201500003480,0015-07-01 13:45:00,15,7,1,13,45,310,584,allée Charles de Gaulle,43.86293,1.5061,Plein jour,En agglomération,Hors intersection,Temps éblouissant,Deux véhicules - côté,,,,,,,,,,,1,2,1,7,3
201500003481,0015-07-06 19:15:00,15,7,6,19,15,310,579,203 route de bessieres,43.75561,1.49213,Plein jour,En agglomération,Hors intersection,Normale,Autre collision,,,,,,,,,,,1,2,1,1,6
201500003482,0015-08-29 02:00:00,15,8,29,2,0,310,584,,,,Nuit sans éclairage public,Hors agglomération,Hors intersection,Normale,Autre collision,,,,,,,,,,,3,1,1,1,6
201500003483,0015-08-30 17:45:00,15,8,30,17,45,310,202,675 route de fabas,43.84488,1.37833,Plein jour,En agglomération,Hors intersection,Normale,Deux véhicules - côté,,,,,,,,,,,1,2,1,1,3
201500003484,0015-12-17 08:00:00,15,12,17,8,0,310,118,,43.7888,1.34475,Crépuscule ou aube,Hors agglomération,Giratoire,Normale,Autre collision,,,,,,,,,,,2,1,6,1,6
201500003485,0015-05-19 16:30:00,15,5,19,16,30,310,356,"38, route de Toulouse",43.68917,1.23486,Plein jour,En agglomération,Hors intersection,Normale,Trois véhicules et plus - collisions multiples,,,,,,,,,,,1,2,1,1,5
201500003486,0015-08-28 17:45:00,15,8,28,17,45,310,507,,43.6891,1.23518,Plein jour,En agglomération,Hors intersection,Normale,Deux véhicules - arrière,,,,,,,,,,,1,2,1,1,2
201500003487,0015-09-12 11:30:00,15,9,12,11,30,310,232,avenue du 8 mai 1945,43.76382,1.29298,Plein jour,En agglomération,Hors intersection,Normale,Autre collision,,,,,,,,,,,1,2,1,1,6
201500003488,0015-09-28 16:15:00,15,9,28,16,15,310,232,avenue du 8 mai 1945,43.76359,1.29267,Plein jour,En agglomération,Hors intersection,Temps éblouissant,Autre collision,,,,,,,,,,,1,2,1,7,6
201500003489,0015-09-27 18:00:00,15,9,27,18,0,310,232,Cours Valmy,43.77047,1.29019,Plein jour,En agglomération,Hors intersection,Normale,Autre collision,,,,,,,,,,,1,2,1,1,6
201500003490,0015-03-10 18:45:00,15,3,10,18,45,310,291,,,,Plein jour,Hors agglomération,Hors intersection,Normale,Sans collision,,,,,,,,,,,1,1,1,1,7
201500003491,0015-03-25 23:45:00,15,3,25,23,45,310,291,,,,Nuit sans éclairage public,Hors agglomération,Hors intersection,Normale,Autre collision,,,,,,,,,,,3,1,1,1,6
201500003492,0015-05-04 08:30:00,15,5,4,8,30,310,417,AVENUE ST EXUPERY,43.61286,1.26428,Plein jour,En agglomération,Hors intersection,Normale,Deux véhicules - frontale,,,,,,,,,,,1,2,1,1,1
201500003493,0015-06-11 16:45:00,15,6,11,16,45,310,291,,43.58687,1.22337,Plein jour,Hors agglomération,Hors intersection,Temps couvert,Trois véhicules et plus - collisions multiples,,,,,,,,,,,1,1,1,8,5
201500003494,0015-07-06 21:15:00,15,7,6,21,15,310,417,,43.60536,1.28893,Plein jour,Hors agglomération,Hors intersection,Normale,Deux véhicules - frontale,,,,,,,,,,,1,1,1,1,1
201500003495,0015-08-16 17:45:00,15,8,16,17,45,310,417,,,,Plein jour,Hors agglomération,Hors intersection,Normale,Trois véhicules et plus - en chaîne,,,,,,,,,,,1,1,1,1,4
201500003496,0015-09-18 08:15:00,15,9,18,8,15,310,417,Route de Lévignac RD24,,,Plein jour,En agglomération,Hors intersection,Normale,Deux véhicules - côté,,,,,,,,,,,1,2,1,1,3
201500003497,0015-09-26 16:30:00,15,9,26,16,30,310,277,,43.6207,1.18986,Plein jour,Hors agglomération,Hors intersection,Normale,Autre collision,,,,,,,,,,,1,1,1,1,6
201500003498,0015-11-27 10:00:00,15,11,27,10,0,310,417,route de Mondonville,,,Plein jour,En agglomération,Hors intersection,Normale,Deux véhicules - frontale,,,,,,,,,,,1,2,1,1,1
201500003499,0015-06-25 21:30:00,15,6,25,21,30,310,420,Place du Gal BERDOULAT,43.51008,1.38874,Crépuscule ou aube,En agglomération,Hors intersection,Normale,Deux véhicules - frontale,,,,,,,,,,,2,2,1,1,1
201500003500,0015-08-02 07:30:00,15,8,2,7,30,310,433,route de francazal,43.53258,1.38823,Plein jour,Hors agglomération,Hors intersection,Normale,Autre collision,,,,,,,,,,,1,1,1,1,6
201500003501,0015-10-25 18:45:00,15,10,25,18,45,310,433,,,,Nuit sans éclairage public,Hors agglomération,Hors intersection,Normale,Autre collision,,,,,,,,,,,3,1,1,1,6
201500003502,0015-02-26 19:00:00,15,2,26,19,0,310,446,RD 813,43.54924,1.47942,Nuit sans éclairage public,En agglomération,Hors intersection,Pluie légère,Autre collision,,,,,,,,,,,3,2,1,2,6
201500003503,0015-03-01 13:15:00,15,3,1,13,15,310,446,rond point louise weiss,43.55436,1.47675,Plein jour,En agglomération,Hors intersection,Pluie légère,Deux véhicules - côté,,,,,,,,,,,1,2,1,2,3
201500003504,0015-03-10 17:45:00,15,3,10,17,45,310,506,,,,Plein jour,Hors agglomération,Intersection en T,Normale,Deux véhicules - côté,,,,,,,,,,,1,1,3,1,3
201500003505,0015-05-06 12:15:00,15,5,6,12,15,310,446,1 avenue émile zola,43.54089,1.48349,Plein jour,En agglomération,Giratoire,Normale,Autre collision,,,,,,,,,,,1,2,6,1,6
201500003506,0015-07-10 17:45:00,15,7,10,17,45,310,254,rue d'occitanie,43.52911,1.53093,Plein jour,En agglomération,Giratoire,Normale,Sans collision,,,,,,,,,,,1,2,6,1,7
201500003507,0015-03-05 23:30:00,15,3,5,23,30,310,490,,43.75323,1.36384,Nuit sans éclairage public,Hors agglomération,Hors intersection,Normale,Deux véhicules - frontale,,,,,,,,,,,3,1,1,1,1
201500003508,0015-03-25 16:45:00,15,3,25,16,45,310,136,route de labastide,43.74679,1.4358,Crépuscule ou aube,Hors agglomération,Hors intersection,Normale,Autre collision,,,,,,,,,,,2,1,1,1,6
201500003509,0015-07-02 13:00:00,15,7,2,13,0,310,182,19 avenue des sports,43.67926,1.39568,Plein jour,En agglomération,Hors intersection,Normale,Autre collision,,,,,,,,,,,1,2,1,1,6
201500003510,0015-07-11 19:45:00,15,7,11,19,45,310,293,route de la plage,,,Plein jour,En agglomération,Hors intersection,Normale,Trois véhicules et plus - collisions multiples,,,,,,,,,,,1,2,1,1,5
201500003511,0015-07-29 10:15:00,15,7,29,10,15,310,182,54 route de paris,43.67327,1.40967,Plein jour,En agglomération,Hors intersection,Normale,Deux véhicules - arrière,,,,,,,,,,,1,2,1,1,2
201500003512,0015-08-16 01:00:00,15,8,16,1,0,310,490,,43.72155,1.38382,Plein jour,Hors agglomération,Intersection en X,Normale,Deux véhicules - frontale,,,,,,,,,,,1,1,2,1,1
201500003513,0015-10-28 07:30:00,15,10,28,7,30,310,182,chemin du bergeron,43.69327,1.40196,Plein jour,Hors agglomération,Intersection en T,Normale,Deux véhicules - côté,,,,,,,,,,,1,1,3,1,3
201500003514,0015-11-30 18:30:00,15,11,30,18,30,310,136,route de Villemur,43.75081,1.43262,Nuit avec éclairage allumé,En agglomération,Hors intersection,Normale,Deux véhicules - frontale,,,,,,,,,,,5,2,1,1,1
201500003515,0015-12-24 09:30:00,15,12,24,9,30,310,293,rd63 - route de la plage,43.71062,1.39049,Plein jour,En agglomération,Giratoire,Normale,Sans collision,,,,,,,,,,,1,2,6,1,7
201500003516,0015-12-28 22:15:00,15,12,28,22,15,310,490,,,,Nuit sans éclairage public,Hors agglomération,Hors intersection,Normale,Deux véhicules - frontale,,,,,,,,,,,3,1,1,1,1
201500003517,0015-02-08 03:30:00,15,2,8,3,30,310,94,route de paulhac,43.77838,1.61389,Nuit sans éclairage public,Hors agglomération,Hors intersection,Normale,Autre collision,,,,,,,,,,,3,1,1,1,6
201500003518,0015-04-10 12:30:00,15,4,10,12,30,310,561,51 route de BESSIERES,43.66356,1.47102,Plein jour,En agglomération,Hors intersection,Normale,Deux véhicules - frontale,,,,,,,,,,,1,2,1,1,1
201500003519,0015-05-15 22:45:00,15,5,15,22,45,310,117,,,,Nuit sans éclairage public,Hors agglomération,Hors intersection,Normale,Autre collision,,,,,,,,,,,3,1,1,1,6
201500003520,0015-08-04 18:00:00,15,8,4,18,0,310,459,532 route de montpitol,43.7274,1.6337,Plein jour,En agglomération,Hors intersection,Normale,Deux véhicules - côté,,,,,,,,,,,1,2,1,1,3
201500003521,0015-08-17 19:30:00,15,8,17,19,30,310,117,route de toulouse,43.67699,1.52995,Plein jour,Hors agglomération,Hors intersection,Normale,Deux véhicules - côté,,,,,,,,,,,1,1,1,1,3
201500003522,0015-08-23 15:00:00,15,8,23,15,0,310,94,route de Paulhac,43.77902,1.62429,Plein jour,En agglomération,Hors intersection,Temps couvert,Sans collision,,,,,,,,,,,1,2,1,8,7
201500003523,0015-08-26 18:30:00,15,8,26,18,30,310,561,route de Bessières,43.65597,1.4705,Plein jour,En agglomération,Hors intersection,Normale,Deux véhicules - côté,,,,,,,,,,,1,2,1,1,3
201500003524,0015-08-27 09:15:00,15,8,27,9,15,310,66,D630,43.79997,1.60741,Plein jour,En agglomération,Hors intersection,Normale,Autre collision,,,,,,,,,,,1,2,1,1,6
201500003525,0015-09-01 12:45:00,15,9,1,12,45,310,488,rue des roses/des roses,43.66621,1.50502,Plein jour,En agglomération,Intersection en T,Normale,Deux véhicules - côté,,,,,,,,,,,1,2,3,1,3
201500003526,0015-09-19 20:45:00,15,9,19,20,45,310,273,CHEMIN DE BOUZIGUES,43.68416,1.49586,Nuit avec éclairage allumé,En agglomération,Hors intersection,Normale,Sans collision,,,,,,,,,,,5,2,1,1,7
201500003527,0015-10-14 07:30:00,15,10,14,7,30,310,561,Rond point,,,Crépuscule ou aube,En agglomération,Giratoire,Normale,Deux véhicules - côté,,,,,,,,,,,2,2,6,1,3
201500003528,0015-12-17 07:00:00,15,12,17,7,0,310,561,route de lavaur,43.63375,1.4913,Crépuscule ou aube,En agglomération,Hors intersection,Normale,Deux véhicules - frontale,,,,,,,,,,,2,2,1,1,1
201500003529,0015-01-17 19:45:00,15,1,17,19,45,310,395,,43.47,1.268,Nuit sans éclairage public,Hors agglomération,Hors intersection,Normale,Trois véhicules et plus - collisions multiples,,,,,,,,,,,3,1,1,1,5
201500003530,0015-07-24 18:00:00,15,7,24,18,0,310,287,,,,Plein jour,Hors agglomération,Hors intersection,Normale,Autre collision,,,,,,,,,,,1,1,1,1,6
201500003531,0015-09-22 08:30:00,15,9,22,8,30,310,395,Avenue Henri Peyrusse,43.45205,1.3282,Plein jour,En agglomération,Hors intersection,Temps couvert,Autre collision,,,,,,,,,,,1,2,1,8,6
201500003532,0015-10-01 16:45:00,15,10,1,16,45,310,165,885 route de muret,,,Plein jour,En agglomération,Hors intersection,Normale,Deux véhicules - côté,,,,,,,,,,,1,2,1,1,3
201500003533,0015-12-16 15:00:00,15,12,16,15,0,310,395,05 quater avenue d ox,43.4622,1.32098,Plein jour,En agglomération,Hors intersection,Normale,Deux véhicules - arrière,,,,,,,,,,,1,2,1,1,2
201500003534,0015-02-06 07:45:00,15,2,6,7,45,310,330,la côte blanche,43.31896,1.43921,Crépuscule ou aube,Hors agglomération,Hors intersection,Neige / grêle,Autre collision,,,,,,,,,,,2,1,1,4,6
201500003535,0015-03-13 08:45:00,15,3,13,8,45,310,332,,,,Plein jour,Hors agglomération,Hors intersection,Pluie légère,Deux véhicules - frontale,,,,,,,,,,,1,1,1,2,1
201500003536,0015-04-03 20:15:00,15,4,3,20,15,310,33,,43.35862,1.49037,Crépuscule ou aube,Hors agglomération,Hors intersection,Normale,Deux véhicules - côté,,,,,,,,,,,2,1,1,1,3
201500003537,0015-04-05 15:15:00,15,4,5,15,15,310,173,,,,Plein jour,Hors agglomération,Hors intersection,Normale,Autre collision,,,,,,,,,,,1,1,1,1,6
201500003538,0015-04-21 15:30:00,15,4,21,15,30,310,264,,43.33601,1.39819,Plein jour,Hors agglomération,Hors intersection,Normale,Deux véhicules - côté,,,,,,,,,,,1,1,1,1,3
201500003539,0015-05-11 09:15:00,15,5,11,9,15,310,100,,,,Plein jour,Hors agglomération,Hors intersection,Normale,Sans collision,,,,,,,,,,,1,1,1,1,7
201500003540,0015-05-17 00:01:00,15,5,17,0,1,310,345,,,,Nuit sans éclairage public,Hors agglomération,Giratoire,Normale,Autre collision,,,,,,,,,,,3,1,6,1,6
201500003541,0015-06-14 19:30:00,15,6,14,19,30,310,574,,43.439,1.42275,Plein jour,En agglomération,Hors intersection,Normale,Deux véhicules - frontale,,,,,,,,,,,1,2,1,1,1
201500003542,0015-05-31 13:15:00,15,5,31,13,15,310,345,,,,Plein jour,Hors agglomération,Hors intersection,Normale,Deux véhicules - arrière,,,,,,,,,,,1,1,1,1,2
201500003543,0015-06-06 18:30:00,15,6,6,18,30,310,128,,,,Plein jour,Hors agglomération,Hors intersection,Normale,Deux véhicules - frontale,,,,,,,,,,,1,1,1,1,1
201500003544,0015-06-25 19:00:00,15,6,25,19,0,310,206,,,,Plein jour,Hors agglomération,Hors intersection,Normale,Deux véhicules - frontale,,,,,,,,,,,1,1,1,1,1
201500003545,0015-07-17 12:30:00,15,7,17,12,30,310,574,ave de lagardelle,43.42916,1.4215,Plein jour,Hors agglomération,Hors intersection,Normale,Autre collision,,,,,,,,,,,1,1,1,1,6
201500003546,0015-07-27 16:45:00,15,7,27,16,45,310,33,pont de l'ariège,,,Plein jour,En agglomération,Hors intersection,Normale,Trois véhicules et plus - collisions multiples,,,,,,,,,,,1,2,1,1,5
201500003547,0015-08-24 19:30:00,15,8,24,19,30,310,100,,,,Plein jour,Hors agglomération,Hors intersection,Normale,Autre collision,,,,,,,,,,,1,1,1,1,6
201500003548,0015-08-31 06:00:00,15,8,31,6,0,310,33,,,,Nuit sans éclairage public,Hors agglomération,Hors intersection,Normale,Deux véhicules - frontale,,,,,,,,,,,3,1,1,1,1
201500003549,0015-09-15 06:45:00,15,9,15,6,45,310,145,,,,Nuit sans éclairage public,Hors agglomération,Hors intersection,Normale,Autre collision,,,,,,,,,,,3,1,1,1,6
201500003550,0015-10-18 18:30:00,15,10,18,18,30,310,33,,,,Plein jour,Hors agglomération,Hors intersection,Normale,Autre collision,,,,,,,,,,,1,1,1,1,6
201500003551,0015-01-04 12:00:00,15,1,4,12,0,310,303,12 GRAND RUE,43.35531,1.23936,Plein jour,En agglomération,Hors intersection,Pluie légère,Autre collision,,,,,,,,,,,1,2,1,2,6
201500003552,0015-01-10 15:15:00,15,1,10,15,15,310,107,route de l arize,43.29878,1.21962,Plein jour,En agglomération,Hors intersection,Normale,Deux véhicules - côté,,,,,,,,,,,1,2,1,1,3
201500003553,0015-02-16 11:15:00,15,2,16,11,15,310,52,,,,Plein jour,Hors agglomération,Hors intersection,Normale,Sans collision,,,,,,,,,,,1,1,1,1,7
201500003554,0015-04-08 19:30:00,15,4,8,19,30,310,517,43 rt de la méditerranée,43.3287,1.32958,Plein jour,Hors agglomération,Hors intersection,Normale,Deux véhicules - arrière,,,,,,,,,,,1,1,1,1,2
201500003555,0015-04-24 15:45:00,15,4,24,15,45,310,303,route du lançon,43.34983,1.23266,Plein jour,Hors agglomération,Intersection en X,Temps éblouissant,Deux véhicules - arrière,,,,,,,,,,,1,1,2,7,2
201500003556,0015-06-09 08:45:00,15,6,9,8,45,310,365,,,,Plein jour,Hors agglomération,Hors intersection,Normale,Autre collision,,,,,,,,,,,1,1,1,1,6
201500003557,0015-07-05 08:45:00,15,7,5,8,45,310,517,,43.33138,1.36575,Plein jour,Hors agglomération,Hors intersection,Normale,Sans collision,,,,,,,,,,,1,1,1,1,7
201500003558,0015-07-05 18:00:00,15,7,5,18,0,310,71,RD15/RD75,,,Plein jour,Hors agglomération,Intersection en X,Normale,Deux véhicules - côté,,,,,,,,,,,1,1,2,1,3
201500003559,0015-09-20 18:30:00,15,9,20,18,30,310,365,,,,Plein jour,Hors agglomération,Hors intersection,Temps éblouissant,Sans collision,,,,,,,,,,,1,1,1,7,7
201500003560,0015-09-24 10:30:00,15,9,24,10,30,310,375,,43.21911,1.27071,Plein jour,Hors agglomération,Hors intersection,Normale,Deux véhicules - frontale,,,,,,,,,,,1,1,1,1,1
201500003561,0015-10-02 14:00:00,15,10,2,14,0,310,455,,,,Plein jour,Hors agglomération,Hors intersection,Normale,Autre collision,,,,,,,,,,,1,1,1,1,6
201500003562,0015-10-18 18:00:00,15,10,18,18,0,310,375,,,,Plein jour,Hors agglomération,Hors intersection,Normale,Autre collision,,,,,,,,,,,1,1,1,1,6
201500003563,0015-10-17 00:30:00,15,10,17,0,30,310,107,,43.312,1.198,Nuit sans éclairage public,Hors agglomération,Hors intersection,Normale,Sans collision,,,,,,,,,,,3,1,1,1,7
201500003564,0015-10-24 11:45:00,15,10,24,11,45,310,334,,43.36356,1.32528,Plein jour,Hors agglomération,Hors intersection,Temps éblouissant,Autre collision,,,,,,,,,,,1,1,1,7,6
201500003565,0015-10-29 11:30:00,15,10,29,11,30,310,107,AVENUE VINCENT AURIOL,43.30457,1.22878,Plein jour,En agglomération,Hors intersection,Normale,Deux véhicules - côté,,,,,,,,,,,1,2,1,1,3