accident_id,datetime,annee,mois,jour,heure,minute,departement,commune_insee,adresse,latitude,longitude,luminosite,agglomeration,intersection,meteo,collision,nb_vehicules,nb_usagers,nb_indemnes,nb_tues,nb_blesses_hosp,nb_blesses_legers,age_cond_1,age_cond_2,veh_type_cond_1,veh_type_cond_2,lum_code,agg_code,int_code,atm_code,col_code
201500003566,0015-11-06 08:30:00,15,11,6,8,30,310,286,,,,Plein jour,Hors agglomération,Intersection en X,Normale,Deux véhicules - côté,,,,,,,,,,,1,1,2,1,3
201500003567,0015-12-18 19:00:00,15,12,18,19,0,310,107,,,,Nuit sans éclairage public,Hors agglomération,Hors intersection,Normale,Autre collision,,,,,,,,,,,3,1,1,1,6
201500003568,0015-03-12 17:45:00,15,3,12,17,45,310,349,lieudit les  baylacs,43.22485,1.04758,Plein jour,Hors agglomération,Hors intersection,Normale,Deux véhicules - frontale,,,,,,,,,,,1,1,1,1,1
201500003569,0015-03-28 15:00:00,15,3,28,15,0,310,229,D 626 B,43.32253,1.07654,Plein jour,Hors agglomération,Hors intersection,Normale,Autre collision,,,,,,,,,,,1,1,1,1,6
201500003570,0015-04-12 02:30:00,15,4,12,2,30,310,229,,,,Nuit sans éclairage public,Hors agglomération,Hors intersection,Normale,Autre collision,,,,,,,,,,,3,1,1,1,6
201500003571,0015-05-09 19:00:00,15,5,9,19,0,310,135,ch de bourdou,43.22468,1.08676,Plein jour,En agglomération,Hors intersection,Normale,Autre collision,,,,,,,,,,,1,2,1,1,6
201500003572,0015-06-25 08:00:00,15,6,25,8,0,310,193,quartier benque,43.27302,1.06906,Plein jour,En agglomération,Intersection en T,Temps éblouissant,Deux véhicules - frontale,,,,,,,,,,,1,2,3,7,1
201500003573,0015-06-25 21:45:00,15,6,25,21,45,310,425,,,,Crépuscule ou aube,Hors agglomération,Hors intersection,Normale,Deux véhicules - frontale,,,,,,,,,,,2,1,1,1,1
201500003574,0015-06-30 14:15:00,15,6,30,14,15,310,425,lieu dit la goutorbe,43.16422,1.11913,Plein jour,En agglomération,Hors intersection,Normale,Autre collision,,,,,,,,,,,1,2,1,1,6
201500003575,0015-07-26 07:00:00,15,7,26,7,0,310,324,Avenue de Palaminy,43.19722,1.02103,Plein jour,En agglomération,Passage à niveau,Normale,Sans collision,,,,,,,,,,,1,2,8,1,7
201500003576,0015-08-10 09:00:00,15,8,10,9,0,310,135,PLACE DES MARTYRS DE LA,43.20673,1.0863,Plein jour,En agglomération,Hors intersection,Temps éblouissant,Autre collision,,,,,,,,,,,1,2,1,7,6
201500003577,0015-12-05 18:00:00,15,12,5,18,0,310,135,avenue de Toulouse,43.21941,1.08501,Nuit avec éclairage allumé,En agglomération,Hors intersection,Normale,Deux véhicules - côté,,,,,,,,,,,5,2,1,1,3
201500003578,0015-01-12 10:15:00,15,1,12,10,15,310,499,2679 rte de lamasquère,43.50348,1.20478,Plein jour,Hors agglomération,Hors intersection,Normale,Deux véhicules - arrière,,,,,,,,,,,1,1,1,1,2
201500003579,0015-01-14 09:45:00,15,1,14,9,45,310,187,,43.52738,1.25126,Plein jour,Hors agglomération,Hors intersection,Normale,Deux véhicules - côté,,,,,,,,,,,1,1,1,1,3
201500003580,0015-03-06 20:45:00,15,3,6,20,45,310,424,,43.53587,1.30484,Nuit sans éclairage public,Hors agglomération,Hors intersection,Normale,Deux véhicules - frontale,,,,,,,,,,,3,1,1,1,1
201500003581,0015-03-27 19:45:00,15,3,27,19,45,310,187,rte de Tarbes/ave19 mars,43.5343,1.22833,Crépuscule ou aube,En agglomération,Intersection en X,Normale,Deux véhicules - frontale,,,,,,,,,,,2,2,2,1,1
201500003582,0015-03-27 16:30:00,15,3,27,16,30,310,424,rue de gascogne,43.5667,1.28807,Plein jour,En agglomération,Hors intersection,Normale,Deux véhicules - côté,,,,,,,,,,,1,2,1,1,3
201500003583,0015-04-03 07:30:00,15,4,3,7,30,310,424,ch peyrette/RD 24,,,Plein jour,Hors agglomération,Intersection en Y,Normale,Deux véhicules - frontale,,,,,,,,,,,1,1,4,1,1
201500003584,0015-04-20 23:45:00,15,4,20,23,45,310,424,27 rue des mésanges,43.55585,1.30428,Nuit avec éclairage allumé,En agglomération,Hors intersection,Normale,Autre collision,,,,,,,,,,,5,2,1,1,6
201500003585,0015-06-07 05:30:00,15,6,7,5,30,310,499,2053 ROUTE DE LAMASQUERE,43.50466,1.19731,Crépuscule ou aube,En agglomération,Hors intersection,Normale,Autre collision,,,,,,,,,,,2,2,1,1,6
201500003586,0015-08-14 23:45:00,15,8,14,23,45,310,424,30bis route de colomiers,43.58557,1.27981,Nuit avec éclairage non allumé,En agglomération,Hors intersection,Normale,Autre collision,,,,,,,,,,,4,2,1,1,6
201500003587,0015-09-11 19:15:00,15,9,11,19,15,310,424,rue del guindouillé,43.57017,1.29907,Plein jour,En agglomération,Hors intersection,Normale,Deux véhicules - côté,,,,,,,,,,,1,2,1,1,3
201500003588,0015-01-12 10:30:00,15,1,12,10,30,310,390,,,,Plein jour,Hors agglomération,Hors intersection,Temps éblouissant,Autre collision,,,,,,,,,,,1,1,1,7,6
201500003589,0015-01-21 08:00:00,15,1,21,8,0,310,167,rue longue,43.04907,0.73877,Plein jour,En agglomération,Intersection en X,Normale,Deux véhicules - côté,,,,,,,,,,,1,2,2,1,3
201500003590,0015-01-21 11:45:00,15,1,21,11,45,310,523,boulevard jean jaures,43.10415,0.96034,Plein jour,En agglomération,Hors intersection,Normale,Sans collision,,,,,,,,,,,1,2,1,1,7
201500003591,0015-02-08 01:00:00,15,2,8,1,0,310,31,,,,Nuit sans éclairage public,Hors agglomération,Hors intersection,Normale,Autre collision,,,,,,,,,,,3,1,1,1,6
201500003592,0015-03-03 09:00:00,15,3,3,9,0,310,246,,,,Plein jour,Hors agglomération,Hors intersection,Normale,Deux véhicules - frontale,,,,,,,,,,,1,1,1,1,1
201500003593,0015-04-27 23:45:00,15,4,27,23,45,310,390,,,,Nuit sans éclairage public,Hors agglomération,Hors intersection,Pluie légère,Autre collision,,,,,,,,,,,3,1,1,2,6
201500003594,0015-11-11 15:45:00,15,11,11,15,45,310,537,,,,Plein jour,Hors agglomération,Hors intersection,Temps éblouissant,Autre collision,,,,,,,,,,,1,1,1,7,6
201500003595,0015-11-20 13:00:00,15,11,20,13,0,310,238,,43.06373,0.60136,Plein jour,Hors agglomération,Hors intersection,Normale,Autre collision,,,,,,,,,,,1,1,1,1,6
201500003596,0015-11-21 20:00:00,15,11,21,20,0,310,408,,,,Nuit sans éclairage public,Hors agglomération,Hors intersection,Pluie légère,Autre collision,,,,,,,,,,,3,1,1,2,6
201500003597,0015-12-02 03:30:00,15,12,2,3,30,310,390,,,,Nuit sans éclairage public,Hors agglomération,Hors intersection,Normale,Autre collision,,,,,,,,,,,3,1,1,1,6
201500003598,0015-12-30 17:00:00,15,12,30,17,0,310,500,,42.76872,0.61856,Plein jour,Hors agglomération,Hors intersection,Temps couvert,Deux véhicules - frontale,,,,,,,,,,,1,1,1,8,1
201500003599,0015-01-13 11:30:00,15,1,13,11,30,310,244,Route de MONTAUBAN,42.80481,0.60836,Plein jour,En agglomération,Hors intersection,Normale,Deux véhicules - côté,,,,,,,,,,,1,2,1,1,3
201500003600,0015-02-20 20:00:00,15,2,20,20,0,310,85,d 44J LE MOURTIS,42.9124,0.76924,Nuit sans éclairage public,En agglomération,Hors intersection,Temps couvert,Autre collision,,,,,,,,,,,3,2,1,8,6
201500003601,0015-04-12 17:30:00,15,4,12,17,30,310,394,route de luchon,42.81539,0.59733,Plein jour,En agglomération,Hors intersection,Normale,Autre collision,,,,,,,,,,,1,2,1,1,6
201500003602,0015-06-01 22:30:00,15,6,1,22,30,310,244,route de salles,42.81719,0.60634,Nuit sans éclairage public,Hors agglomération,Hors intersection,Normale,Autre collision,,,,,,,,,,,3,1,1,1,6
201500003603,0015-07-19 13:45:00,15,7,19,13,45,310,42,54 avenue Maréchal FOCH,42.79315,0.59251,Plein jour,En agglomération,Hors intersection,Normale,Deux véhicules - côté,,,,,,,,,,,1,2,1,1,3
201500003604,0015-08-28 02:15:00,15,8,28,2,15,310,471,Lande de dessous,42.90587,0.6912,Nuit avec éclairage allumé,En agglomération,Hors intersection,Normale,Autre collision,,,,,,,,,,,5,2,1,1,6
201500003605,0015-11-15 12:30:00,15,11,15,12,30,310,42,,42.7269,0.63262,Plein jour,Hors agglomération,Hors intersection,Normale,Sans collision,,,,,,,,,,,1,1,1,1,7
201500003606,0015-12-30 13:45:00,15,12,30,13,45,310,42,ave Rémy COMET,42.80519,0.60001,Plein jour,En agglomération,Giratoire,Temps éblouissant,Autre collision,,,,,,,,,,,1,2,6,7,6
201500003607,0015-01-18 10:00:00,15,1,18,10,0,310,121,RD.03,,,Plein jour,En agglomération,Hors intersection,Normale,Autre collision,,,,,,,,,,,1,2,1,1,6
201500003608,0015-12-28 10:00:00,15,12,28,10,0,310,1,,,,Plein jour,Hors agglomération,Hors intersection,Normale,Autre collision,,,,,,,,,,,1,1,1,1,6
201500003609,0015-02-15 17:45:00,15,2,15,17,45,310,5,,,,Crépuscule ou aube,Hors agglomération,Hors intersection,Pluie forte,Autre collision,,,,,,,,,,,2,1,1,3,6
201500003610,0015-04-17 18:00:00,15,4,17,18,0,310,251,Le village,43.33488,0.93801,Plein jour,En agglomération,Autre intersection,Normale,Deux véhicules - côté,,,,,,,,,,,1,2,9,1,3
201500003611,0015-05-25 15:45:00,15,5,25,15,45,310,385,,43.22625,0.62637,Plein jour,Hors agglomération,Hors intersection,Normale,Autre collision,,,,,,,,,,,1,1,1,1,6
201500003612,0015-08-29 03:15:00,15,8,29,3,15,310,28,Route de Boulogne,,,Nuit avec éclairage allumé,En agglomération,Autre intersection,Normale,Autre collision,,,,,,,,,,,5,2,9,1,6
201500003613,0015-09-02 09:45:00,15,9,2,9,45,310,80,,,,Plein jour,Hors agglomération,Hors intersection,Normale,Sans collision,,,,,,,,,,,1,1,1,1,7
201500003614,0015-09-13 19:00:00,15,9,13,19,0,310,428,,,,Plein jour,Hors agglomération,Hors intersection,Normale,Sans collision,,,,,,,,,,,1,1,1,1,7
201500003615,0015-11-25 18:15:00,15,11,25,18,15,310,307,,43.34007,0.70418,Nuit sans éclairage public,Hors agglomération,Hors intersection,Pluie légère,Autre collision,,,,,,,,,,,3,1,1,2,6
201500003616,0015-04-26 18:00:00,15,4,26,18,0,310,237,,,,Plein jour,Hors agglomération,Hors intersection,Pluie forte,Autre collision,,,,,,,,,,,1,1,1,3,6
201500003617,0015-05-02 18:00:00,15,5,2,18,0,310,315,La verdure D117,43.08899,0.95116,Plein jour,En agglomération,Hors intersection,Normale,Autre collision,,,,,,,,,,,1,2,1,1,6
201500003618,0015-09-09 10:45:00,15,9,9,10,45,310,167,route de cabanac,,,Plein jour,Hors agglomération,Hors intersection,Normale,Autre collision,,,,,,,,,,,1,1,1,1,6
201500003619,0015-09-26 11:15:00,15,9,26,11,15,310,314,,43.15492,0.95187,Plein jour,Hors agglomération,Hors intersection,Normale,Deux véhicules - côté,,,,,,,,,,,1,1,1,1,3
201500003620,0015-10-11 13:45:00,15,10,11,13,45,310,20,RD5 PK 3.7,,,Plein jour,En agglomération,Hors intersection,Normale,Autre collision,,,,,,,,,,,1,2,1,1,6
201500003621,0015-10-31 14:15:00,15,10,31,14,15,310,208,barrahite,43.06024,0.85397,Plein jour,Hors agglomération,Hors intersection,Normale,Trois véhicules et plus - collisions multiples,,,,,,,,,,,1,1,1,1,5
201500003622,0015-05-07 17:45:00,15,5,7,17,45,310,374,,43.41702,1.63987,Plein jour,Hors agglomération,Intersection en X,Normale,Deux véhicules - côté,,,,,,,,,,,1,1,2,1,3
201500003623,0015-05-30 21:30:00,15,5,30,21,30,310,105,,,,Crépuscule ou aube,Hors agglomération,Intersection en X,Normale,Deux véhicules - côté,,,,,,,,,,,2,1,2,1,3
201500003624,0015-07-13 21:15:00,15,7,13,21,15,310,304,,,,Crépuscule ou aube,Hors agglomération,Hors intersection,Normale,Autre collision,,,,,,,,,,,2,1,1,1,6
201500003625,0015-08-17 14:45:00,15,8,17,14,45,310,571,,43.58142,1.76598,Plein jour,Hors agglomération,Intersection en X,Normale,Deux véhicules - côté,,,,,,,,,,,1,1,2,1,3
201500003626,0015-08-18 16:30:00,15,8,18,16,30,310,566,ch embechou/ch viterbe,43.4297,1.76838,Plein jour,Hors agglomération,Intersection en X,Normale,Deux véhicules - côté,,,,,,,,,,,1,1,2,1,3
201500003627,0015-08-29 03:45:00,15,8,29,3,45,310,582,,,,Plein jour,Hors agglomération,Hors intersection,Normale,Autre collision,,,,,,,,,,,1,1,1,1,6
201500003628,0015-09-15 13:45:00,15,9,15,13,45,310,560,,43.43214,1.73914,Plein jour,Hors agglomération,Autre intersection,Normale,Deux véhicules - frontale,,,,,,,,,,,1,1,9,1,1
201500003629,0015-11-05 16:00:00,15,11,5,16,0,310,582,8 avenue de carcassonne,43.39477,1.72142,Plein jour,En agglomération,Hors intersection,Normale,Autre collision,,,,,,,,,,,1,2,1,1,6
201500003630,0015-11-21 13:15:00,15,11,21,13,15,310,495,,,,Plein jour,Hors agglomération,Hors intersection,Vent fort / tempête,Autre collision,,,,,,,,,,,1,1,1,6,6
201500003631,0015-12-22 15:15:00,15,12,22,15,15,310,495,,,,Plein jour,Hors agglomération,Hors intersection,Normale,Deux véhicules - côté,,,,,,,,,,,1,1,1,1,3
201500003632,0015-10-03 20:15:00,15,10,3,20,15,310,249,,43.47366,1.66979,Nuit sans éclairage public,Hors agglomération,Hors intersection,Normale,Autre collision,,,,,,,,,,,3,1,1,1,6
201500003633,0015-11-08 16:00:00,15,11,8,16,0,310,381,,43.435,1.568,Plein jour,Hors agglomération,Hors intersection,Normale,Sans collision,,,,,,,,,,,1,1,1,1,7
201500003634,0015-04-28 17:15:00,15,4,28,17,15,310,384,rte lautier/donneville,43.48845,1.569,Plein jour,En agglomération,Intersection en X,Normale,Deux véhicules - côté,,,,,,,,,,,1,2,2,1,3
201500003635,0015-06-20 10:45:00,15,6,20,10,45,310,192,,43.50743,1.60642,Plein jour,Hors agglomération,Intersection en T,Normale,Deux véhicules - côté,,,,,,,,,,,1,1,3,1,3
201500003636,0015-07-05 22:15:00,15,7,5,22,15,310,48,CH DE MONTESSERRE,43.45189,1.62574,Nuit avec éclairage allumé,Hors agglomération,Intersection en T,Normale,Autre collision,,,,,,,,,,,5,1,3,1,6
201500003637,0015-03-18 20:15:00,15,3,18,20,15,310,451,,,,Nuit avec éclairage allumé,Hors agglomération,Hors intersection,Normale,Deux véhicules - arrière,,,,,,,,,,,5,1,1,1,2
201500003638,0015-06-28 01:30:00,15,6,28,1,30,310,451,Route de TOULOUSE,,,Nuit avec éclairage allumé,En agglomération,Hors intersection,Normale,Autre collision,,,,,,,,,,,5,2,1,1,6
201500003639,0015-07-07 08:30:00,15,7,7,8,30,310,570,,,,Plein jour,Hors agglomération,Intersection en T,Normale,Deux véhicules - côté,,,,,,,,,,,1,1,3,1,3
201500003640,0015-04-05 18:00:00,15,4,5,18,0,90,82,,43.00108,1.34718,Plein jour,Hors agglomération,Hors intersection,Normale,Autre collision,,,,,,,,,,,1,1,1,1,6
201500003641,0015-06-27 14:15:00,15,6,27,14,15,90,82,,42.99732,1.32932,Plein jour,Hors agglomération,Hors intersection,Normale,Deux véhicules - frontale,,,,,,,,,,,1,1,1,1,1
201500003642,0015-09-18 07:15:00,15,9,18,7,15,90,246,,42.9946,1.29694,Plein jour,Hors agglomération,Hors intersection,Normale,Deux véhicules - frontale,,,,,,,,,,,1,1,1,1,1
201500003643,0015-11-22 13:15:00,15,11,22,13,15,90,167,Avenue des pyrénées,43.27519,1.34764,Plein jour,En agglomération,Hors intersection,Normale,Sans collision,,,,,,,,,,,1,2,1,1,7
201500003644,0015-03-01 13:45:00,15,3,1,13,45,90,215,,42.91271,1.78189,Plein jour,Hors agglomération,Hors intersection,Pluie légère,Sans collision,,,,,,,,,,,1,1,1,2,7
201500003645,0015-03-12 14:45:00,15,3,12,14,45,90,160,Avenue Jean Jaur?s,42.92884,1.84293,Plein jour,En agglomération,Hors intersection,Temps éblouissant,Autre collision,,,,,,,,,,,1,2,1,7,6
201500003646,0015-04-10 20:45:00,15,4,10,20,45,90,281,village,42.97617,1.80848,Nuit sans éclairage public,En agglomération,Hors intersection,Normale,Sans collision,,,,,,,,,,,3,2,1,1,7
201500003647,0015-09-06 07:30:00,15,9,6,7,30,90,43,d620,42.95714,1.90106,Plein jour,En agglomération,Hors intersection,Normale,Autre collision,,,,,,,,,,,1,2,1,1,6
201500003648,0015-10-08 10:15:00,15,10,8,10,15,90,160,19 rue Jacquard,42.92754,1.84377,Crépuscule ou aube,En agglomération,Hors intersection,Pluie légère,Deux véhicules - côté,,,,,,,,,,,2,2,1,2,3
201500003649,0015-10-19 13:45:00,15,10,19,13,45,90,160,,42.892,1.792,Plein jour,Hors agglomération,Hors intersection,Normale,Autre collision,,,,,,,,,,,1,1,1,1,6
201500003650,0015-03-10 00:30:00,15,3,10,0,30,90,45,chemin de pradieres,42.87012,1.56736,Nuit sans éclairage public,En agglomération,Hors intersection,Normale,Sans collision,,,,,,,,,,,3,2,1,1,7
201500003651,0015-03-13 18:45:00,15,3,13,18,45,90,15,,42.86251,1.60493,Nuit sans éclairage public,Hors agglomération,Hors intersection,Pluie légère,Autre collision,,,,,,,,,,,3,1,1,2,6
201500003652,0015-05-12 17:45:00,15,5,12,17,45,90,272,,42.9162,1.64863,Plein jour,Hors agglomération,Hors intersection,Normale,Sans collision,,,,,,,,,,,1,1,1,1,7
201500003653,0015-10-10 15:30:00,15,10,10,15,30,90,143,,42.78311,1.54464,Plein jour,Hors agglomération,Hors intersection,Normale,Autre collision,,,,,,,,,,,1,1,1,1,6
201500003654,0015-10-24 19:15:00,15,10,24,19,15,90,306,,42.85373,1.59855,Nuit avec éclairage allumé,Hors agglomération,Hors intersection,Normale,Deux véhicules - frontale,,,,,,,,,,,5,1,1,1,1
201500003655,0015-01-30 07:45:00,15,1,30,7,45,90,264,AVENUE DES ECOLIERS,43.0149,1.61061,Nuit avec éclairage allumé,En agglomération,Hors intersection,Pluie forte,Deux véhicules - frontale,,,,,,,,,,,5,2,1,3,1
201500003656,0015-02-13 20:30:00,15,2,13,20,30,90,238,CD119/CD30,,,Nuit avec éclairage allumé,En agglomération,Intersection en X,Normale,Deux véhicules - côté,,,,,,,,,,,5,2,2,1,3
201500003657,0015-06-25 08:15:00,15,6,25,8,15,90,60,,43.17029,1.60331,Plein jour,Hors agglomération,Hors intersection,Temps éblouissant,Deux véhicules - arrière,,,,,,,,,,,1,1,1,7,2
201500003658,0015-07-28 19:15:00,15,7,28,19,15,90,60,11 route de toulouse,43.16396,1.60037,Plein jour,En agglomération,Hors intersection,Normale,Autre collision,,,,,,,,,,,1,2,1,1,6
201500003659,0015-11-08 11:00:00,15,11,8,11,0,90,238,,43.09266,1.70017,Plein jour,Hors agglomération,Hors intersection,Normale,Deux véhicules - frontale,,,,,,,,,,,1,1,1,1,1
201500003660,0015-11-13 07:45:00,15,11,13,7,45,90,265,Avenue des PYRENEES,43.09185,1.62657,Plein jour,En agglomération,Hors intersection,Normale,Deux véhicules - côté,,,,,,,,,,,1,2,1,1,3
201500003661,0015-12-12 22:45:00,15,12,12,22,45,90,238,D119,43.089,1.719,Nuit avec éclairage allumé,En agglomération,Hors intersection,Normale,Deux véhicules - frontale,,,,,,,,,,,5,2,1,1,1
201500003662,0015-12-16 17:30:00,15,12,16,17,30,90,312,,43.10207,1.64284,Crépuscule ou aube,En agglomération,Hors intersection,Normale,Deux véhicules - frontale,,,,,,,,,,,2,2,1,1,1
201500003663,0015-04-19 16:45:00,15,4,19,16,45,90,167,avenue de toulouse,43.28072,1.34749,Plein jour,En agglomération,Hors intersection,Temps couvert,Autre collision,,,,,,,,,,,1,2,1,8,6
201500003664,0015-07-08 19:00:00,15,7,8,19,0,90,167,rue de l'abbaye,43.27588,1.34682,Plein jour,En agglomération,Hors intersection,Normale,Sans collision,,,,,,,,,,,1,2,1,1,7
201500003665,0015-07-18 14:30:00,15,7,18,14,30,90,61,,43.1241,1.34469,Plein jour,Hors agglomération,Intersection en T,Normale,Deux véhicules - côté,,,,,,,,,,,1,1,3,1,3
201500003666,0015-07-19 17:00:00,15,7,19,17,0,90,79,D26 lieu dit La ville,43.15159,1.39113,Plein jour,En agglomération,Hors intersection,Normale,Deux véhicules - côté,,,,,,,,,,,1,2,1,1,3
201500003667,0015-07-23 10:00:00,15,7,23,10,0,90,79,,43.15957,1.3728,Plein jour,Hors agglomération,Hors intersection,Normale,Deux véhicules - côté,,,,,,,,,,,1,1,1,1,3
201500003668,0015-08-07 14:15:00,15,8,7,14,15,90,38,,43.17934,1.30054,Plein jour,Hors agglomération,Hors intersection,Normale,Sans collision,,,,,,,,,,,1,1,1,1,7
201500003669,0015-04-26 15:15:00,15,4,26,15,15,90,224,,43.10816,1.45493,Plein jour,Hors agglomération,Hors intersection,Pluie forte,Sans collision,,,,,,,,,,,1,1,1,3,7
201500003670,0015-07-12 20:15:00,15,7,12,20,15,90,224,D919 - PR 26+200,,,Plein jour,En agglomération,Hors intersection,Normale,Sans collision,,,,,,,,,,,1,2,1,1,7
201500003671,0015-07-18 04:45:00,15,7,18,4,45,90,277,,43.23507,1.38485,Nuit sans éclairage public,Hors agglomération,Hors intersection,Normale,Autre collision,,,,,,,,,,,3,1,1,1,6
201500003672,0015-07-25 16:30:00,15,7,25,16,30,90,167,,43.30137,1.33457,Plein jour,Hors agglomération,Hors intersection,Normale,Deux véhicules - frontale,,,,,,,,,,,1,1,1,1,1
201500003673,0015-11-08 01:00:00,15,11,8,1,0,90,105,,43.15657,1.28588,Nuit sans éclairage public,Hors agglomération,Hors intersection,Normale,Sans collision,,,,,,,,,,,3,1,1,1,7
201500003674,0015-09-21 09:30:00,15,9,21,9,30,90,150,,43.05462,1.92797,Plein jour,Hors agglomération,Hors intersection,Normale,Deux véhicules - frontale,,,,,,,,,,,1,1,1,1,1
201500003675,0015-04-23 20:45:00,15,4,23,20,45,90,185,rue des Tertiaires,43.25027,1.67988,Crépuscule ou aube,En agglomération,Hors intersection,Normale,Deux véhicules - côté,,,,,,,,,,,2,2,1,1,3
201500003676,0015-06-06 23:30:00,15,6,6,23,30,90,282,,43.23092,1.56585,Nuit sans éclairage public,Hors agglomération,Hors intersection,Pluie forte,Autre collision,,,,,,,,,,,3,1,1,3,6
201500003677,0015-09-13 10:15:00,15,9,13,10,15,90,282,,43.23939,1.62228,Plein jour,Hors agglomération,Hors intersection,Temps couvert,Deux véhicules - arrière,,,,,,,,,,,1,1,1,8,2
201500003678,0015-12-18 00:01:00,15,12,18,0,1,90,282,,43.20416,1.60892,Nuit sans éclairage public,Hors agglomération,Giratoire,Normale,Autre collision,,,,,,,,,,,3,1,6,1,6
201500003679,0015-04-06 11:45:00,15,4,6,11,45,90,261,Bd du Gal DE GAULLE,42.98063,1.14964,Plein jour,En agglomération,Hors intersection,Normale,Autre collision,,,,,,,,,,,1,2,1,1,6
201500003680,0015-04-25 18:00:00,15,4,25,18,0,90,289,,43.02109,1.09861,Plein jour,Hors agglomération,Hors intersection,Normale,Deux véhicules - frontale,,,,,,,,,,,1,1,1,1,1
201500003681,0015-05-07 16:30:00,15,5,7,16,30,90,214,,42.95648,1.08399,Plein jour,Hors agglomération,Autre intersection,Normale,Deux véhicules - côté,,,,,,,,,,,1,1,9,1,3
201500003682,0015-05-22 18:30:00,15,5,22,18,30,90,268,route de toulouse,43.00324,1.13027,Plein jour,En agglomération,Hors intersection,Normale,Autre collision,,,,,,,,,,,1,2,1,1,6
201500003683,0015-06-27 11:30:00,15,6,27,11,30,90,209,,43.02769,1.16392,Plein jour,Hors agglomération,Hors intersection,Temps couvert,Deux véhicules - frontale,,,,,,,,,,,1,1,1,8,1
201500003684,0015-08-20 17:45:00,15,8,20,17,45,90,209,,42.99747,1.15995,Plein jour,Hors agglomération,Hors intersection,Normale,Deux véhicules - frontale,,,,,,,,,,,1,1,1,1,1
201500003685,0015-09-02 13:45:00,15,9,2,13,45,90,214,,42.95575,1.08283,Plein jour,Hors agglomération,Hors intersection,Normale,Deux véhicules - frontale,,,,,,,,,,,1,1,1,1,1
201500003686,0015-12-26 11:45:00,15,12,26,11,45,90,261,avenue François camel,42.98613,1.14326,Plein jour,En agglomération,Autre intersection,Normale,Autre collision,,,,,,,,,,,1,2,9,1,6
201500003687,0015-01-05 16:45:00,15,1,5,16,45,90,299,,42.91326,1.19556,Plein jour,Hors agglomération,Hors intersection,Normale,Deux véhicules - arrière,,,,,,,,,,,1,1,1,1,2
201500003688,0015-02-18 19:30:00,15,2,18,19,30,90,5,,42.89409,1.24811,Nuit sans éclairage public,Hors agglomération,Hors intersection,Normale,Autre collision,,,,,,,,,,,3,1,1,1,6
201500003689,0015-07-21 10:45:00,15,7,21,10,45,90,57,Route de St Girons,42.89843,1.31234,Plein jour,En agglomération,Hors intersection,Normale,Deux véhicules - côté,,,,,,,,,,,1,2,1,1,3
201500003690,0015-01-01 00:15:00,15,1,1,0,15,20,168,"37, GERBROIS (RUE DE)",,,Nuit avec éclairage allumé,En agglomération,Intersection en T,Brouillard / fumée,Deux véhicules - frontale,,,,,,,,,,,5,2,3,5,1
201500003691,0015-01-15 15:50:00,15,1,15,15,50,20,168,avenue de soissons,49.05341,3.39681,Plein jour,En agglomération,Intersection en T,Pluie légère,Autre collision,,,,,,,,,,,1,2,3,2,6
201500003692,0015-04-21 15:02:00,15,4,21,15,2,20,168,EXPRESS (VOIE) 01,49.03843,3.38029,Plein jour,En agglomération,Hors intersection,Normale,Autre collision,,,,,,,,,,,1,2,1,1,6
201500003693,0015-07-31 19:45:00,15,7,31,19,45,20,168,,,,Plein jour,Hors agglomération,Hors intersection,Normale,Autre collision,,,,,,,,,,,1,1,1,1,6
201500003694,0015-10-29 21:19:00,15,10,29,21,19,20,168,,,,Nuit sans éclairage public,Hors agglomération,Hors intersection,Normale,Deux véhicules - arrière,,,,,,,,,,,3,1,1,1,2
201500003695,0015-11-27 21:15:00,15,11,27,21,15,20,168,,49.06122,3.39477,Nuit avec éclairage allumé,En agglomération,Giratoire,Pluie forte,Autre collision,,,,,,,,,,,5,2,6,3,6
201500003696,0015-12-09 13:45:00,15,12,9,13,45,20,168,,,,Plein jour,En agglomération,Intersection en T,Normale,Deux véhicules - arrière,,,,,,,,,,,1,2,3,1,2
201500003697,0015-05-04 11:30:00,15,5,4,11,30,120,120,RD 28,44.3888,2.8254,Plein jour,Hors agglomération,Hors intersection,Normale,Deux véhicules - frontale,,,,,,,,,,,1,1,1,1,1
201500003698,0015-10-20 16:00:00,15,10,20,16,0,120,202,CARREFOUR 902 - LA VACAR,44.0798,2.53642,Plein jour,Hors agglomération,Hors intersection,Normale,Deux véhicules - arrière,,,,,,,,,,,1,1,1,1,2
201500003699,0015-01-31 18:00:00,15,1,31,18,0,120,56,,44.2842,2.42687,Plein jour,Hors agglomération,Hors intersection,Neige / grêle,Deux véhicules - frontale,,,,,,,,,,,1,1,1,4,1