accident_id,datetime,annee,mois,jour,heure,minute,departement,commune_insee,adresse,latitude,longitude,luminosite,agglomeration,intersection,meteo,collision,nb_vehicules,nb_usagers,nb_indemnes,nb_tues,nb_blesses_hosp,nb_blesses_legers,age_cond_1,age_cond_2,veh_type_cond_1,veh_type_cond_2,lum_code,agg_code,int_code,atm_code,col_code
201500003833,0015-02-12 11:00:00,15,2,12,11,0,320,385,,43.8657,0.74778,Plein jour,Hors agglomération,Hors intersection,Normale,Sans collision,,,,,,,,,,,1,1,1,1,7
201500003834,0015-03-10 14:00:00,15,3,10,14,0,320,82,,43.9624,0.62917,Plein jour,Hors agglomération,Intersection en X,Normale,Deux véhicules - côté,,,,,,,,,,,1,1,2,1,3
201500003835,0015-04-15 20:45:00,15,4,15,20,45,320,132,RUE NOEL CADEOT,43.8444,0.66634,Crépuscule ou aube,En agglomération,Intersection en X,Normale,Deux véhicules - côté,,,,,,,,,,,2,2,2,1,3
201500003836,0015-06-13 15:30:00,15,6,13,15,30,320,395,,43.987,0.67747,Plein jour,Hors agglomération,Hors intersection,Normale,Deux véhicules - frontale,,,,,,,,,,,1,1,1,1,1
201500003837,0015-06-29 08:00:00,15,6,29,8,0,320,132,37 ALLÉES A. BRIAND,43.8464,0.66541,Plein jour,En agglomération,Hors intersection,Normale,Autre collision,,,,,,,,,,,1,2,1,1,6
201500003838,0015-07-10 00:45:00,15,7,10,0,45,320,457,,43.8614,0.69598,Nuit sans éclairage public,Hors agglomération,Hors intersection,Normale,Sans collision,,,,,,,,,,,3,1,1,1,7
201500003839,0015-07-31 17:45:00,15,7,31,17,45,320,329,,43.8073,0.59794,Plein jour,Hors agglomération,Hors intersection,Normale,Autre collision,,,,,,,,,,,1,1,1,1,6
201500003840,0015-08-16 11:30:00,15,8,16,11,30,320,188,,43.882,0.57738,Plein jour,Hors agglomération,Hors intersection,Normale,Deux véhicules - frontale,,,,,,,,,,,1,1,1,1,1
201500003841,0015-08-20 12:00:00,15,8,20,12,0,320,370,,43.8911,0.77257,Plein jour,En agglomération,Hors intersection,Normale,Sans collision,,,,,,,,,,,1,2,1,1,7
201500003842,0015-10-10 02:15:00,15,10,10,2,15,320,253,RD525,43.9912,0.76413,Nuit sans éclairage public,En agglomération,Hors intersection,Normale,Autre collision,,,,,,,,,,,3,2,1,1,6
201500003843,0015-11-21 17:45:00,15,11,21,17,45,320,306,,43.8713,0.65811,Nuit sans éclairage public,Hors agglomération,Hors intersection,Temps couvert,Deux véhicules - côté,,,,,,,,,,,3,1,1,8,3
201500003844,0015-11-26 18:30:00,15,11,26,18,30,320,68,,43.8312,0.74958,Nuit sans éclairage public,Hors agglomération,Intersection en X,Normale,Deux véhicules - côté,,,,,,,,,,,3,1,2,1,3
201500003845,0015-12-12 02:45:00,15,12,12,2,45,320,457,,43.8644,0.71165,Nuit sans éclairage public,Hors agglomération,Hors intersection,Normale,Autre collision,,,,,,,,,,,3,1,1,1,6
201500003846,0015-01-12 07:30:00,15,1,12,7,30,320,254,,43.5402,0.45458,Nuit sans éclairage public,Hors agglomération,Intersection en X,Normale,Autre collision,,,,,,,,,,,3,1,2,1,6
201500003847,0015-03-10 08:30:00,15,3,10,8,30,320,256,,43.515,0.40736,Plein jour,En agglomération,Hors intersection,Normale,Autre collision,,,,,,,,,,,1,2,1,1,6
201500003848,0015-06-26 10:45:00,15,6,26,10,45,320,256,,43.5257,0.41672,Plein jour,Hors agglomération,Hors intersection,Normale,Deux véhicules - côté,,,,,,,,,,,1,1,1,1,3
201500003849,0015-07-16 09:30:00,15,7,16,9,30,320,256,,43.5338,0.42041,Plein jour,Hors agglomération,Intersection en T,Normale,Autre collision,,,,,,,,,,,1,1,3,1,6
201500003850,0015-08-29 21:15:00,15,8,29,21,15,320,389,,43.4991,0.39243,Nuit sans éclairage public,Hors agglomération,Hors intersection,Normale,Autre collision,,,,,,,,,,,3,1,1,1,6
201500003851,0015-10-16 14:15:00,15,10,16,14,15,320,252,,43.4245,0.318,Plein jour,Hors agglomération,Intersection en T,Normale,Deux véhicules - côté,,,,,,,,,,,1,1,3,1,3
201500003852,0015-11-18 04:45:00,15,11,18,4,45,320,20,,43.4378,0.28621,Nuit sans éclairage public,Hors agglomération,Hors intersection,Normale,Autre collision,,,,,,,,,,,3,1,1,1,6
201500003853,0015-11-26 07:45:00,15,11,26,7,45,320,389,,43.4951,0.38085,Plein jour,Hors agglomération,Hors intersection,Normale,Deux véhicules - frontale,,,,,,,,,,,1,1,1,1,1
201500003854,0015-12-04 07:15:00,15,12,4,7,15,320,67,,43.3514,0.59633,Plein jour,Hors agglomération,Intersection en X,Normale,Deux véhicules - côté,,,,,,,,,,,1,1,2,1,3
201500003855,0015-12-17 11:30:00,15,12,17,11,30,320,426,PLACE CARNOT,43.492,0.59211,Plein jour,En agglomération,Hors intersection,Normale,Autre collision,,,,,,,,,,,1,2,1,1,6
201500003856,0015-01-17 21:15:00,15,1,17,21,15,320,167,,43.4616,0.32092,Nuit sans éclairage public,Hors agglomération,Hors intersection,Normale,Autre collision,,,,,,,,,,,3,1,1,1,6
201500003857,0015-01-21 14:00:00,15,1,21,14,0,320,205,,43.5289,0.20149,Plein jour,Hors agglomération,Hors intersection,Normale,Deux véhicules - arrière,,,,,,,,,,,1,1,1,1,2
201500003858,0015-01-25 05:00:00,15,1,25,5,0,320,233,,43.5262,0.17487,Nuit sans éclairage public,Hors agglomération,Hors intersection,Normale,Sans collision,,,,,,,,,,,3,1,1,1,7
201500003859,0015-03-21 16:45:00,15,3,21,16,45,320,252,,43.4325,0.32946,Plein jour,Hors agglomération,Hors intersection,Pluie légère,Autre collision,,,,,,,,,,,1,1,1,2,6
201500003860,0015-04-27 17:00:00,15,4,27,17,0,320,252,,43.424,0.29584,Plein jour,Hors agglomération,Hors intersection,Pluie forte,Deux véhicules - frontale,,,,,,,,,,,1,1,1,3,1
201500003861,0015-08-07 10:30:00,15,8,7,10,30,320,285,,43.5905,0.37455,Plein jour,Hors agglomération,Hors intersection,Normale,Autre collision,,,,,,,,,,,1,1,1,1,6
201500003862,0015-10-09 17:45:00,15,10,9,17,45,320,362,,43.5755,0.07486,Plein jour,Hors agglomération,Intersection en Y,Normale,Autre collision,,,,,,,,,,,1,1,4,1,6
201500003863,0015-02-07 22:30:00,15,2,7,22,30,320,319,RUE ADOUR,43.6054,0.0455,Nuit avec éclairage allumé,En agglomération,Intersection en X,Normale,Sans collision,,,,,,,,,,,5,2,2,1,7
201500003864,0015-04-06 01:15:00,15,4,6,1,15,320,1,,43.6962,0.07666,Nuit sans éclairage public,Hors agglomération,Hors intersection,Normale,Autre collision,,,,,,,,,,,3,1,1,1,6
201500003865,0015-04-24 19:45:00,15,4,24,19,45,320,424,,43.6307,-0.2717,Plein jour,Hors agglomération,Intersection en X,Normale,Trois véhicules et plus - collisions multiples,,,,,,,,,,,1,1,2,1,5
201500003866,0015-10-03 09:30:00,15,10,3,9,30,320,408,,43.8266,-0.03673,Plein jour,Hors agglomération,Intersection en X,Normale,Deux véhicules - côté,,,,,,,,,,,1,1,2,1,3
201500003867,0015-11-01 19:30:00,15,11,1,19,30,320,344,PONT DE L'ADOUR,43.6649,-0.08112,Nuit avec éclairage allumé,En agglomération,Hors intersection,Normale,Autre collision,,,,,,,,,,,5,2,1,1,6
201500003868,0015-11-03 10:15:00,15,11,3,10,15,460,221,,44.62273,2.02499,Plein jour,Hors agglomération,Hors intersection,Normale,Deux véhicules - frontale,,,,,,,,,,,1,1,1,1,1
201500003869,0015-01-03 12:15:00,15,1,3,12,15,460,105,,44.40458,1.52392,Plein jour,Hors agglomération,Hors intersection,Pluie légère,Sans collision,,,,,,,,,,,1,1,1,2,7
201500003870,0015-06-04 04:30:00,15,6,4,4,30,460,202,,44.28415,1.50492,Nuit sans éclairage public,Hors agglomération,Hors intersection,Normale,Deux véhicules - arrière,,,,,,,,,,,3,1,1,1,2
201500003871,0015-08-14 11:30:00,15,8,14,11,30,460,138,,44.66234,1.5682,Plein jour,Hors agglomération,Autre intersection,Pluie forte,Trois véhicules et plus - en chaîne,,,,,,,,,,,1,1,9,3,4
201500003872,0015-08-31 14:45:00,15,8,31,14,45,460,210,,,1.51487,Plein jour,Hors agglomération,Hors intersection,Pluie légère,Autre collision,,,,,,,,,,,1,1,1,2,6
201500003873,0015-05-02 18:00:00,15,5,2,18,0,460,13,,,,Plein jour,Hors agglomération,Hors intersection,Pluie légère,Autre collision,,,,,,,,,,,1,1,1,2,6
201500003874,0015-08-18 17:30:00,15,8,18,17,30,460,263,,44.36261,1.22666,Plein jour,Hors agglomération,Hors intersection,Normale,Deux véhicules - frontale,,,,,,,,,,,1,1,1,1,1
201500003875,0015-11-04 14:45:00,15,11,4,14,45,460,91,,44.37525,1.61167,Plein jour,Hors agglomération,Hors intersection,Normale,Deux véhicules - frontale,,,,,,,,,,,1,1,1,1,1
201500003876,0015-11-18 18:30:00,15,11,18,18,30,460,197,,44.36317,1.45124,Nuit sans éclairage public,Hors agglomération,Hors intersection,Temps couvert,Deux véhicules - arrière,,,,,,,,,,,3,1,1,8,2
201500003877,0015-08-15 21:00:00,15,8,15,21,0,460,335,,44.39902,1.29513,Crépuscule ou aube,En agglomération,Intersection en X,Normale,Deux véhicules - côté,,,,,,,,,,,2,2,2,1,3
201500003878,0015-08-29 09:30:00,15,8,29,9,30,460,88,,44.47972,1.35686,Plein jour,Hors agglomération,Intersection en T,Normale,Deux véhicules - côté,,,,,,,,,,,1,1,3,1,3
201500003879,0015-08-31 15:30:00,15,8,31,15,30,460,335,,,,Plein jour,Hors agglomération,Hors intersection,Pluie légère,Deux véhicules - frontale,,,,,,,,,,,1,1,1,2,1
201500003880,0015-01-06 18:15:00,15,1,6,18,15,460,102,,,,Nuit avec éclairage allumé,Hors agglomération,Autre intersection,Normale,Autre collision,,,,,,,,,,,5,1,9,1,6
201500003881,0015-01-24 16:45:00,15,1,24,16,45,460,102,Bd du Colonel Teuli?,44.61012,2.03716,Plein jour,En agglomération,Hors intersection,Neige / grêle,Deux véhicules - frontale,,,,,,,,,,,1,2,1,4,1
201500003882,0015-05-07 17:00:00,15,5,7,17,0,460,102,,44.591,2.0004,Plein jour,Hors agglomération,Hors intersection,Normale,Deux véhicules - frontale,,,,,,,,,,,1,1,1,1,1
201500003883,0015-06-06 14:15:00,15,6,6,14,15,460,174,,44.65183,2.10589,Plein jour,Hors agglomération,Autre intersection,Normale,Deux véhicules - côté,,,,,,,,,,,1,1,9,1,3
201500003884,0015-10-01 22:00:00,15,10,1,22,0,460,266,,44.61731,2.12175,Nuit sans éclairage public,Hors agglomération,Hors intersection,Normale,Autre collision,,,,,,,,,,,3,1,1,1,6
201500003885,0015-06-11 11:00:00,15,6,11,11,0,460,45,,44.50107,1.85056,Plein jour,Hors agglomération,Hors intersection,Normale,Deux véhicules - frontale,,,,,,,,,,,1,1,1,1,1
201500003886,0015-02-16 19:00:00,15,2,16,19,0,460,155,,44.46821,1.78444,Nuit sans éclairage public,Hors agglomération,Hors intersection,Normale,Autre collision,,,,,,,,,,,3,1,1,1,6
201500003887,0015-03-18 07:30:00,15,3,18,7,30,460,132,Le buzat,44.74276,1.79161,Plein jour,En agglomération,Hors intersection,Normale,Deux véhicules - frontale,,,,,,,,,,,1,2,1,1,1
201500003888,0015-04-02 17:30:00,15,4,2,17,30,460,170,,44.78595,1.90136,Plein jour,En agglomération,Hors intersection,Normale,Autre collision,,,,,,,,,,,1,2,1,1,6
201500003889,0015-04-07 09:30:00,15,4,7,9,30,460,90,,44.67116,1.78414,Plein jour,Hors agglomération,Hors intersection,Normale,Autre collision,,,,,,,,,,,1,1,1,1,6
201500003890,0015-08-08 06:30:00,15,8,8,6,30,460,57,,44.67502,2.02682,Nuit sans éclairage public,Hors agglomération,Hors intersection,Normale,Autre collision,,,,,,,,,,,3,1,1,1,6
201500003891,0015-09-08 09:15:00,15,9,8,9,15,460,183,,,,Plein jour,Hors agglomération,Hors intersection,Normale,Autre collision,,,,,,,,,,,1,1,1,1,6
201500003892,0015-10-25 08:45:00,15,10,25,8,45,460,279,,,,Nuit sans éclairage public,Hors agglomération,Hors intersection,Normale,Autre collision,,,,,,,,,,,3,1,1,1,6
201500003893,0015-12-05 17:30:00,15,12,5,17,30,460,243,,44.73391,1.84859,Plein jour,Hors agglomération,Hors intersection,Normale,Autre collision,,,,,,,,,,,1,1,1,1,6
201500003894,0015-03-01 17:45:00,15,3,1,17,45,460,251,,44.85807,1.89343,Plein jour,Hors agglomération,Intersection en X,Pluie légère,Deux véhicules - côté,,,,,,,,,,,1,1,2,2,3
201500003895,0015-03-30 11:30:00,15,3,30,11,30,460,29,32 av de la R?publique,44.92706,1.84556,Plein jour,En agglomération,Hors intersection,Pluie légère,Deux véhicules - arrière,,,,,,,,,,,1,2,1,2,2
201500003896,0015-06-27 12:30:00,15,6,27,12,30,460,251,,44.8537,1.90591,Plein jour,Hors agglomération,Hors intersection,Normale,Deux véhicules - frontale,,,,,,,,,,,1,1,1,1,1
201500003897,0015-10-10 18:15:00,15,10,10,18,15,460,177,,44.88181,1.79955,Plein jour,Hors agglomération,Hors intersection,Normale,Sans collision,,,,,,,,,,,1,1,1,1,7
201500003898,0015-10-16 16:45:00,15,10,16,16,45,460,311,,44.87723,2.00419,Plein jour,Hors agglomération,Intersection en T,Normale,Deux véhicules - côté,,,,,,,,,,,1,1,3,1,3
201500003899,0015-12-03 22:00:00,15,12,3,22,0,460,122,,44.90814,1.74353,Nuit sans éclairage public,Hors agglomération,Hors intersection,Normale,Sans collision,,,,,,,,,,,3,1,1,1,7
201500003900,0015-02-15 18:00:00,15,2,15,18,0,460,200,,44.60641,1.20205,Crépuscule ou aube,Hors agglomération,Hors intersection,Temps couvert,Autre collision,,,,,,,,,,,2,1,1,8,6
201500003901,0015-04-05 10:30:00,15,4,5,10,30,460,66,,44.63252,1.21996,Plein jour,Hors agglomération,Intersection en T,Normale,Deux véhicules - côté,,,,,,,,,,,1,1,3,1,3
201500003902,0015-05-16 18:30:00,15,5,16,18,30,460,334,PROBLME PR 75+500,44.74598,1.44737,Plein jour,Hors agglomération,Hors intersection,Normale,Deux véhicules - frontale,,,,,,,,,,,1,1,1,1,1
201500003903,0015-06-25 11:00:00,15,6,25,11,0,460,316,,,,Plein jour,Hors agglomération,Intersection en X,Normale,Deux véhicules - frontale,,,,,,,,,,,1,1,2,1,1
201500003904,0015-06-26 21:00:00,15,6,26,21,0,460,215,,44.78896,1.47155,Crépuscule ou aube,Hors agglomération,Hors intersection,Normale,Deux véhicules - frontale,,,,,,,,,,,2,1,1,1,1
201500003905,0015-08-08 13:15:00,15,8,8,13,15,460,209,,44.83904,1.46094,Plein jour,Hors agglomération,Hors intersection,Pluie forte,Deux véhicules - frontale,,,,,,,,,,,1,1,1,3,1
201500003906,0015-03-30 08:30:00,15,3,30,8,30,460,304,,,,Plein jour,Hors agglomération,Hors intersection,Pluie légère,Deux véhicules - frontale,,,,,,,,,,,1,1,1,2,1
201500003907,0015-07-12 08:30:00,15,7,12,8,30,460,265,,,,Plein jour,Hors agglomération,Hors intersection,Normale,Deux véhicules - frontale,,,,,,,,,,,1,1,1,1,1
201500003908,0015-09-10 15:15:00,15,9,10,15,15,460,265,le bourg,,,Plein jour,En agglomération,Intersection en T,Normale,Deux véhicules - côté,,,,,,,,,,,1,2,3,1,3
201500003909,0015-10-08 06:30:00,15,10,8,6,30,460,83,Le Bourg,45.02485,1.51953,Nuit avec éclairage allumé,En agglomération,Hors intersection,Normale,Deux véhicules - côté,,,,,,,,,,,5,2,1,1,3
201500003910,0015-02-20 20:45:00,15,2,20,20,45,650,19,,,,Nuit sans éclairage public,Hors agglomération,Hors intersection,Normale,Trois véhicules et plus - en chaîne,,,,,,,,,,,3,1,1,1,4
201500003911,0015-04-19 17:45:00,15,4,19,17,45,650,401,,43.1783,0.10238,Plein jour,Hors agglomération,Hors intersection,Normale,Trois véhicules et plus - collisions multiples,,,,,,,,,,,1,1,1,1,5
201500003912,0015-05-17 14:30:00,15,5,17,14,30,650,2,,43.1564,-0.02005,Plein jour,Hors agglomération,Passage à niveau,Normale,Deux véhicules - côté,,,,,,,,,,,1,1,8,1,3
201500003913,0015-07-06 15:15:00,15,7,6,15,15,650,366,,43.1164,-0.07444,Plein jour,Hors agglomération,Hors intersection,Normale,Autre collision,,,,,,,,,,,1,1,1,1,6
201500003914,0015-07-27 15:45:00,15,7,27,15,45,650,292,,43.2477,-0.10784,Plein jour,Hors agglomération,Hors intersection,Normale,Deux véhicules - arrière,,,,,,,,,,,1,1,1,1,2
201500003915,0015-08-23 05:15:00,15,8,23,5,15,650,401,,43.195,0.109,Nuit sans éclairage public,Hors agglomération,Hors intersection,Temps couvert,Autre collision,,,,,,,,,,,3,1,1,8,6
201500003916,0015-11-01 15:30:00,15,11,1,15,30,650,280,RD 940,43.1353,-0.08248,Plein jour,En agglomération,Hors intersection,Normale,Deux véhicules - côté,,,,,,,,,,,1,2,1,1,3
201500003917,0015-11-06 14:30:00,15,11,6,14,30,650,340,route de Rabastens,43.271,0.10625,Plein jour,En agglomération,Hors intersection,Temps éblouissant,Deux véhicules - côté,,,,,,,,,,,1,2,1,7,3
201500003918,0015-12-29 18:00:00,15,12,29,18,0,650,344,,43.1865,-0.05156,Nuit sans éclairage public,Hors agglomération,Hors intersection,Normale,Autre collision,,,,,,,,,,,3,1,1,1,6
201500003919,0015-02-02 19:45:00,15,2,2,19,45,650,126,,,,Nuit sans éclairage public,Hors agglomération,Hors intersection,Normale,Deux véhicules - frontale,,,,,,,,,,,3,1,1,1,1
201500003920,0015-04-10 00:01:00,15,4,10,0,1,650,274,,43.245,0.39581,Nuit sans éclairage public,Hors agglomération,Hors intersection,Normale,Autre collision,,,,,,,,,,,3,1,1,1,6
201500003921,0015-05-09 12:30:00,15,5,9,12,30,650,129,,43.2877,0.53798,Plein jour,Hors agglomération,Hors intersection,Normale,Autre collision,,,,,,,,,,,1,1,1,1,6
201500003922,0015-05-20 16:45:00,15,5,20,16,45,650,187,,43.2147,0.47221,Plein jour,Hors agglomération,Hors intersection,Pluie forte,Trois véhicules et plus - collisions multiples,,,,,,,,,,,1,1,1,3,5
201500003923,0015-05-31 17:00:00,15,5,31,17,0,650,183,,43.2218,0.40875,Plein jour,Hors agglomération,Hors intersection,Temps éblouissant,Sans collision,,,,,,,,,,,1,1,1,7,7
201500003924,0015-09-19 11:45:00,15,9,19,11,45,650,184,,43.1675,0.39744,Plein jour,Hors agglomération,Hors intersection,Normale,Autre collision,,,,,,,,,,,1,1,1,1,6
201500003925,0015-10-16 11:00:00,15,10,16,11,0,650,373,,43.2998,0.45372,Plein jour,Hors agglomération,Intersection en X,Normale,Deux véhicules - côté,,,,,,,,,,,1,1,2,1,3
201500003926,0015-08-02 08:45:00,15,8,2,8,45,650,121,,43.36,0.06926,Plein jour,Hors agglomération,Hors intersection,Normale,Autre collision,,,,,,,,,,,1,1,1,1,6
201500003927,0015-08-07 16:45:00,15,8,7,16,45,650,460,,43.3787,0.06704,Plein jour,Hors agglomération,Hors intersection,Normale,Deux véhicules - frontale,,,,,,,,,,,1,1,1,1,1
201500003928,0015-11-12 17:15:00,15,11,12,17,15,650,174,,43.5034,0.03639,Plein jour,Hors agglomération,Hors intersection,Normale,Autre collision,,,,,,,,,,,1,1,1,1,6
201500003929,0015-12-10 16:00:00,15,12,10,16,0,650,121,,43.35901,0.0693,Plein jour,Hors agglomération,Giratoire,Normale,Deux véhicules - côté,,,,,,,,,,,1,1,6,1,3
201500003930,0015-02-10 03:30:00,15,2,10,3,30,650,409,,43.383,8.333,Nuit sans éclairage public,Hors agglomération,Hors intersection,Normale,Autre collision,,,,,,,,,,,3,1,1,1,6
201500003931,0015-03-17 14:30:00,15,3,17,14,30,650,337,,43.2485,0.2906,Plein jour,Hors agglomération,Hors intersection,Normale,Autre collision,,,,,,,,,,,1,1,1,1,6
201500003932,0015-07-16 09:00:00,15,7,16,9,0,650,409,,43.3861,0.11217,Plein jour,Hors agglomération,Intersection en X,Normale,Trois véhicules et plus - collisions multiples,,,,,,,,,,,1,1,2,1,5
201500003933,0015-08-07 17:45:00,15,8,7,17,45,650,367,,43.1685,0.21529,Plein jour,Hors agglomération,Hors intersection,Normale,Sans collision,,,,,,,,,,,1,1,1,1,7
201500003934,0015-09-10 10:15:00,15,9,10,10,15,650,447,,43.1692,0.2405,Plein jour,Hors agglomération,Hors intersection,Temps couvert,Deux véhicules - frontale,,,,,,,,,,,1,1,1,8,1
201500003935,0015-02-08 06:00:00,15,2,8,6,0,650,7,01 place de la paix,,,Nuit avec éclairage allumé,En agglomération,Hors intersection,Normale,Autre collision,,,,,,,,,,,5,2,1,1,6
201500003936,0015-08-18 15:45:00,15,8,18,15,45,650,330,,43.4324,0.04651,Plein jour,Hors agglomération,Hors intersection,Normale,Deux véhicules - frontale,,,,,,,,,,,1,1,1,1,1
201500003937,0015-07-31 09:15:00,15,7,31,9,15,650,164,,43.1011,0.02833,Plein jour,Hors agglomération,Hors intersection,Pluie légère,Deux véhicules - frontale,,,,,,,,,,,1,1,1,2,1
201500003938,0015-08-08 04:15:00,15,8,8,4,15,650,40,Chemin de la Marcotte,43.0753,-0.04742,Nuit sans éclairage public,En agglomération,Hors intersection,Normale,Autre collision,,,,,,,,,,,3,2,1,1,6
201500003939,0015-08-11 11:45:00,15,8,11,11,45,650,32,,42.9605,-0.21119,Plein jour,Hors agglomération,Hors intersection,Normale,Deux véhicules - côté,,,,,,,,,,,1,1,1,1,3
201500003940,0015-08-30 13:00:00,15,8,30,13,0,650,349,,43.0372,-0.00188,Plein jour,Hors agglomération,Hors intersection,Normale,Autre collision,,,,,,,,,,,1,1,1,1,6
201500003941,0015-12-29 14:30:00,15,12,29,14,30,650,395,D 937,43.1025,-0.17038,Plein jour,En agglomération,Hors intersection,Normale,Deux véhicules - frontale,,,,,,,,,,,1,2,1,1,1
201500003942,0015-07-16 12:30:00,15,7,16,12,30,650,481,,42.8972,0.10449,Plein jour,Hors agglomération,Hors intersection,Temps éblouissant,Sans collision,,,,,,,,,,,1,1,1,7,7
201500003943,0015-08-02 15:45:00,15,8,2,15,45,650,295,,42.8334,7e-05,Plein jour,Hors agglomération,Hors intersection,Normale,Deux véhicules - frontale,,,,,,,,,,,1,1,1,1,1
201500003944,0015-08-13 21:30:00,15,8,13,21,30,650,145,,42.927,-0.04181,Nuit sans éclairage public,Hors agglomération,Hors intersection,Normale,Deux véhicules - frontale,,,,,,,,,,,3,1,1,1,1
201500003945,0015-09-05 16:00:00,15,9,5,16,0,650,145,,42.9288,-0.04279,Plein jour,Hors agglomération,Hors intersection,Normale,Autre collision,,,,,,,,,,,1,1,1,1,6
201500003946,0015-02-21 17:45:00,15,2,21,17,45,650,123,,,,Plein jour,Hors agglomération,Hors intersection,Neige / grêle,Deux véhicules - frontale,,,,,,,,,,,1,1,1,4,1
201500003947,0015-07-01 18:00:00,15,7,1,18,0,650,123,,43.00036,0.19795,Plein jour,Hors agglomération,Intersection en T,Normale,Deux véhicules - frontale,,,,,,,,,,,1,1,3,1,1
201500003948,0015-07-24 16:30:00,15,7,24,16,30,650,59,39 rue de la république,43.0665,0.14793,Plein jour,En agglomération,Intersection en T,Normale,Autre collision,,,,,,,,,,,1,2,3,1,6
201500003949,0015-08-01 16:30:00,15,8,1,16,30,650,198,,43.0576,0.17975,Plein jour,Hors agglomération,Hors intersection,Normale,Sans collision,,,,,,,,,,,1,1,1,1,7
201500003950,0015-08-16 03:30:00,15,8,16,3,30,650,320,,43.1316,0.10296,Nuit sans éclairage public,Hors agglomération,Hors intersection,Normale,Autre collision,,,,,,,,,,,3,1,1,1,6
201500003951,0015-08-16 16:00:00,15,8,16,16,0,650,42,,43.0373,0.1687,Plein jour,Hors agglomération,Hors intersection,Normale,Deux véhicules - arrière,,,,,,,,,,,1,1,1,1,2
201500003952,0015-09-03 12:00:00,15,9,3,12,0,650,59,,42.909,0.15121,Plein jour,Hors agglomération,Intersection en X,Brouillard / fumée,Autre collision,,,,,,,,,,,1,1,2,5,6
201500003953,0015-10-08 21:15:00,15,10,8,21,15,650,16,,43.1175,0.11993,Nuit sans éclairage public,Hors agglomération,Hors intersection,Temps couvert,Autre collision,,,,,,,,,,,3,1,1,8,6
201500003954,0015-10-10 16:00:00,15,10,10,16,0,650,320,chemin de la passade,43.1155,0.09401,Plein jour,Hors agglomération,Intersection en X,Normale,Autre collision,,,,,,,,,,,1,1,2,1,6
201500003955,0015-10-11 00:45:00,15,10,11,0,45,650,59,12 rue Jean Baqué,43.0705,0.15341,Nuit avec éclairage allumé,En agglomération,Intersection en Y,Normale,Autre collision,,,,,,,,,,,5,2,4,1,6
201500003956,0015-01-30 20:30:00,15,1,30,20,30,650,96,,43.1106,0.24476,Nuit sans éclairage public,Hors agglomération,Hors intersection,Pluie forte,Sans collision,,,,,,,,,,,3,1,1,3,7
201500003957,0015-09-28 18:00:00,15,9,28,18,0,650,231,RD929,43.0566,0.37083,Plein jour,En agglomération,Hors intersection,Normale,Autre collision,,,,,,,,,,,1,2,1,1,6
201500003958,0015-12-27 14:45:00,15,12,27,14,45,650,127,,43.1041,0.33932,Plein jour,Hors agglomération,Hors intersection,Normale,Deux véhicules - frontale,,,,,,,,,,,1,1,1,1,1
201500003959,0015-06-06 17:00:00,15,6,6,17,0,650,363,,43.11839,0.42813,Plein jour,En agglomération,Intersection en X,Normale,Deux véhicules - côté,,,,,,,,,,,1,2,2,1,3
201500003960,0015-01-15 22:00:00,15,1,15,22,0,650,31,,42.91318,0.35885,Nuit sans éclairage public,Hors agglomération,Hors intersection,Normale,Sans collision,,,,,,,,,,,3,1,1,1,7
201500003961,0015-12-15 14:30:00,15,12,15,14,30,810,79,,43.86,2.188,Plein jour,Hors agglomération,Hors intersection,Normale,Deux véhicules - côté,,,,,,,,,,,1,1,1,1,3
201500003962,0015-12-01 18:45:00,15,12,1,18,45,810,2,,43.524,2.301,Nuit sans éclairage public,Hors agglomération,Hors intersection,Brouillard / fumée,Autre collision,,,,,,,,,,,3,1,1,5,6
201500003963,0015-07-24 14:45:00,15,7,24,14,45,810,232,,,,Plein jour,Hors agglomération,Hors intersection,Normale,Deux véhicules - côté,,,,,,,,,,,1,1,1,1,3
201500003964,0015-12-06 15:30:00,15,12,6,15,30,810,156,passage à niveau n°11,,,Plein jour,En agglomération,Passage à niveau,Normale,Autre collision,,,,,,,,,,,1,2,8,1,6
201500003965,0015-04-12 18:15:00,15,4,12,18,15,810,97,,43.895,2.22,Plein jour,Hors agglomération,Hors intersection,Normale,Deux véhicules - frontale,,,,,,,,,,,1,1,1,1,1
201500003966,0015-04-26 12:15:00,15,4,26,12,15,810,295,,43.856,2.354,Plein jour,Hors agglomération,Hors intersection,Normale,Deux véhicules - frontale,,,,,,,,,,,1,1,1,1,1
201500003967,0015-12-28 17:30:00,15,12,28,17,30,810,96,,43.918,2.417,Crépuscule ou aube,Hors agglomération,Hors intersection,Vent fort / tempête,Autre collision,,,,,,,,,,,2,1,1,6,6