accident_id,datetime,annee,mois,jour,heure,minute,departement,commune_insee,adresse,latitude,longitude,luminosite,agglomeration,intersection,meteo,collision,nb_vehicules,nb_usagers,nb_indemnes,nb_tues,nb_blesses_hosp,nb_blesses_legers,age_cond_1,age_cond_2,veh_type_cond_1,veh_type_cond_2,lum_code,agg_code,int_code,atm_code,col_code
201500004529,0015-08-28 14:00:00,15,8,28,14,0,10,389,,,,Plein jour,Hors agglomération,Hors intersection,Normale,Deux véhicules - côté,,,,,,,,,,,1,1,1,1,3
201500004530,0015-09-05 20:15:00,15,9,5,20,15,10,351,24 route de valeins,,,Nuit avec éclairage allumé,En agglomération,Hors intersection,Normale,Autre collision,,,,,,,,,,,5,2,1,1,6
201500004531,0015-10-27 18:30:00,15,10,27,18,30,10,263,2120 route de Macon,,,Nuit avec éclairage allumé,En agglomération,Hors intersection,Pluie forte,Deux véhicules - côté,,,,,,,,,,,5,2,1,3,3
201500004532,0015-11-17 22:45:00,15,11,17,22,45,10,225,,,,Nuit sans éclairage public,Hors agglomération,Hors intersection,Autre,Autre collision,,,,,,,,,,,3,1,1,9,6
201500004533,0015-11-27 13:15:00,15,11,27,13,15,10,167,,,,Plein jour,Hors agglomération,Intersection en X,Normale,Deux véhicules - côté,,,,,,,,,,,1,1,2,1,3
201500004534,0015-01-26 17:15:00,15,1,26,17,15,70,289,,,,Crépuscule ou aube,Hors agglomération,Hors intersection,Normale,Deux véhicules - frontale,,,,,,,,,,,2,1,1,1,1
201500004535,0015-02-02 08:30:00,15,2,2,8,30,70,230,,,,Plein jour,Hors agglomération,Hors intersection,Normale,Deux véhicules - côté,,,,,,,,,,,1,1,1,1,3
201500004536,0015-03-04 08:30:00,15,3,4,8,30,70,343,,,,Crépuscule ou aube,Hors agglomération,Hors intersection,Normale,Autre collision,,,,,,,,,,,2,1,1,1,6
201500004537,0015-03-13 09:15:00,15,3,13,9,15,70,289,,,,Plein jour,Hors agglomération,Giratoire,Normale,Deux véhicules - frontale,,,,,,,,,,,1,1,6,1,1
201500004538,0015-05-14 10:30:00,15,5,14,10,30,70,139,,44.775,4.339,Plein jour,Hors agglomération,Hors intersection,Normale,Deux véhicules - frontale,,,,,,,,,,,1,1,1,1,1
201500004539,0015-11-21 01:30:00,15,11,21,1,30,70,122,,44.542,4.354,Nuit sans éclairage public,Hors agglomération,Hors intersection,Normale,Autre collision,,,,,,,,,,,3,1,1,1,6
201500004540,0015-01-09 16:00:00,15,1,9,16,0,70,191,,,,Plein jour,Hors agglomération,Hors intersection,Normale,Deux véhicules - arrière,,,,,,,,,,,1,1,1,1,2
201500004541,0015-01-18 11:45:00,15,1,18,11,45,70,264,,,,Plein jour,Hors agglomération,Autre intersection,Normale,Trois véhicules et plus - collisions multiples,,,,,,,,,,,1,1,9,1,5
201500004542,0015-04-11 17:15:00,15,4,11,17,15,70,264,intersection RD86-RD201,,,Plein jour,En agglomération,Hors intersection,Normale,Deux véhicules - côté,,,,,,,,,,,1,2,1,1,3
201500004543,0015-07-30 12:45:00,15,7,30,12,45,70,264,,,,Plein jour,Hors agglomération,Hors intersection,Normale,Deux véhicules - côté,,,,,,,,,,,1,1,1,1,3
201500004544,0015-08-22 13:00:00,15,8,22,13,0,70,259,,,,Plein jour,Hors agglomération,Hors intersection,Normale,Deux véhicules - arrière,,,,,,,,,,,1,1,1,1,2
201500004545,0015-08-20 17:15:00,15,8,20,17,15,70,264,,,,Plein jour,Hors agglomération,Hors intersection,Normale,Deux véhicules - arrière,,,,,,,,,,,1,1,1,1,2
201500004546,0015-01-04 17:00:00,15,1,4,17,0,70,167,,,,Plein jour,Hors agglomération,Hors intersection,Normale,Sans collision,,,,,,,,,,,1,1,1,1,7
201500004547,0015-04-09 16:30:00,15,4,9,16,30,70,278,,,,Plein jour,Hors agglomération,Hors intersection,Normale,Deux véhicules - frontale,,,,,,,,,,,1,1,1,1,1
201500004548,0015-05-10 12:45:00,15,5,10,12,45,70,96,pont de moulinas,,,Plein jour,En agglomération,Autre intersection,Normale,Sans collision,,,,,,,,,,,1,2,9,1,7
201500004549,0015-08-28 02:15:00,15,8,28,2,15,70,167,chemin du CFD,,,Nuit sans éclairage public,En agglomération,Hors intersection,Normale,Sans collision,,,,,,,,,,,3,2,1,1,7
201500004550,0015-09-12 10:30:00,15,9,12,10,30,70,295,Route du collège,,,Plein jour,En agglomération,Hors intersection,Pluie légère,Autre collision,,,,,,,,,,,1,2,1,2,6
201500004551,0015-08-14 19:00:00,15,8,14,19,0,70,20,,,,Plein jour,Hors agglomération,Hors intersection,Temps éblouissant,Autre collision,,,,,,,,,,,1,1,1,7,6
201500004552,0015-09-09 14:15:00,15,9,9,14,15,70,319,,,,Plein jour,Hors agglomération,Hors intersection,Normale,Deux véhicules - frontale,,,,,,,,,,,1,1,1,1,1
201500004553,0015-01-02 10:00:00,15,1,2,10,0,70,242,,,,Plein jour,Hors agglomération,Hors intersection,Normale,Autre collision,,,,,,,,,,,1,1,1,1,6
201500004554,0015-04-11 22:45:00,15,4,11,22,45,70,241,,,,Nuit sans éclairage public,Hors agglomération,Hors intersection,Normale,Deux véhicules - frontale,,,,,,,,,,,3,1,1,1,1
201500004555,0015-12-27 13:45:00,15,12,27,13,45,70,287,,,,Plein jour,Hors agglomération,Hors intersection,Temps couvert,Deux véhicules - frontale,,,,,,,,,,,1,1,1,8,1
201500004556,0015-02-07 19:00:00,15,2,7,19,0,70,237,,,,Nuit sans éclairage public,Hors agglomération,Hors intersection,Normale,Autre collision,,,,,,,,,,,3,1,1,1,6
201500004557,0015-05-27 17:30:00,15,5,27,17,30,70,194,,,,Plein jour,Hors agglomération,Intersection en T,Normale,Deux véhicules - côté,,,,,,,,,,,1,1,3,1,3
201500004558,0015-06-18 16:30:00,15,6,18,16,30,70,349,,44.805,4.786,Plein jour,Hors agglomération,Hors intersection,Normale,Deux véhicules - frontale,,,,,,,,,,,1,1,1,1,1
201500004559,0015-06-20 07:00:00,15,6,20,7,0,70,260,,,,Plein jour,Hors agglomération,Hors intersection,Normale,Deux véhicules - frontale,,,,,,,,,,,1,1,1,1,1
201500004560,0015-06-24 10:30:00,15,6,24,10,30,70,22,,,,Plein jour,Hors agglomération,Hors intersection,Normale,Trois véhicules et plus - collisions multiples,,,,,,,,,,,1,1,1,1,5
201500004561,0015-08-19 18:00:00,15,8,19,18,0,70,240,,,,Plein jour,Hors agglomération,Intersection en T,Normale,Deux véhicules - côté,,,,,,,,,,,1,1,3,1,3
201500004562,0015-08-21 14:15:00,15,8,21,14,15,70,22,,44.693,4.772,Plein jour,Hors agglomération,Hors intersection,Normale,Autre collision,,,,,,,,,,,1,1,1,1,6
201500004563,0015-09-05 18:15:00,15,9,5,18,15,70,255,,,,Plein jour,Hors agglomération,Hors intersection,Normale,Autre collision,,,,,,,,,,,1,1,1,1,6
201500004564,0015-09-17 17:30:00,15,9,17,17,30,70,181,RUE MARCEL NICOLAS,,,Plein jour,En agglomération,Giratoire,Normale,Autre collision,,,,,,,,,,,1,2,6,1,6
201500004565,0015-10-04 03:45:00,15,10,4,3,45,70,27,"Les Agrions, D86E",,,Nuit avec éclairage allumé,En agglomération,Hors intersection,Pluie légère,Autre collision,,,,,,,,,,,5,2,1,2,6
201500004566,0015-10-09 17:15:00,15,10,9,17,15,70,181,avenue Marcel Nicolas,44.76,4.747,Crépuscule ou aube,En agglomération,Hors intersection,Normale,Autre collision,,,,,,,,,,,2,2,1,1,6
201500004567,0015-11-07 09:15:00,15,11,7,9,15,70,349,rue Albert Camus,,,Plein jour,En agglomération,Hors intersection,Temps éblouissant,Autre collision,,,,,,,,,,,1,2,1,7,6
201500004568,0015-11-25 19:15:00,15,11,25,19,15,70,198,,,,Nuit sans éclairage public,Hors agglomération,Hors intersection,Pluie légère,Deux véhicules - côté,,,,,,,,,,,3,1,1,2,3
201500004569,0015-12-19 17:45:00,15,12,19,17,45,70,181,,,,Nuit sans éclairage public,Hors agglomération,Hors intersection,Normale,Deux véhicules - frontale,,,,,,,,,,,3,1,1,1,1
201500004570,0015-04-24 02:00:00,15,4,24,2,0,70,171,,,,Nuit sans éclairage public,Hors agglomération,Hors intersection,Normale,Sans collision,,,,,,,,,,,3,1,1,1,7
201500004571,0015-08-09 04:30:00,15,8,9,4,30,70,117,Notre Dame de LABLACHERE,,,Nuit sans éclairage public,En agglomération,Hors intersection,Normale,Deux véhicules - frontale,,,,,,,,,,,3,2,1,1,1
201500004572,0015-07-06 11:30:00,15,7,6,11,30,70,142,,,,Plein jour,Hors agglomération,Autre intersection,Normale,Deux véhicules - côté,,,,,,,,,,,1,1,9,1,3
201500004573,0015-11-10 13:45:00,15,11,10,13,45,70,322,,,,Plein jour,Hors agglomération,Hors intersection,Normale,Autre collision,,,,,,,,,,,1,1,1,1,6
201500004574,0015-11-10 09:45:00,15,11,10,9,45,70,127,avenue de la gare,,,Plein jour,En agglomération,Hors intersection,Temps éblouissant,Autre collision,,,,,,,,,,,1,2,1,7,6
201500004575,0015-11-17 10:00:00,15,11,17,10,0,70,161,rue de Pourcheyrolles,,,Plein jour,En agglomération,Hors intersection,Normale,Autre collision,,,,,,,,,,,1,2,1,1,6
201500004576,0015-11-25 15:45:00,15,11,25,15,45,70,322,,,,Plein jour,Hors agglomération,Hors intersection,Pluie légère,Autre collision,,,,,,,,,,,1,1,1,2,6
201500004577,0015-05-24 04:00:00,15,5,24,4,0,70,127,,,,Nuit sans éclairage public,Hors agglomération,Hors intersection,Normale,Autre collision,,,,,,,,,,,3,1,1,1,6
201500004578,0015-01-19 05:30:00,15,1,19,5,30,70,61,,,,Nuit sans éclairage public,Hors agglomération,Hors intersection,Temps couvert,Autre collision,,,,,,,,,,,3,1,1,8,6
201500004579,0015-06-16 16:15:00,15,6,16,16,15,70,201,,,,Plein jour,Hors agglomération,Hors intersection,Normale,Deux véhicules - côté,,,,,,,,,,,1,1,1,1,3
201500004580,0015-07-19 11:15:00,15,7,19,11,15,70,291,,,,Plein jour,En agglomération,Hors intersection,Normale,Deux véhicules - frontale,,,,,,,,,,,1,2,1,1,1
201500004581,0015-08-05 09:45:00,15,8,5,9,45,70,330,,,,Plein jour,Hors agglomération,Hors intersection,Normale,Sans collision,,,,,,,,,,,1,1,1,1,7
201500004582,0015-08-11 01:30:00,15,8,11,1,30,70,304,,,,Nuit sans éclairage public,Hors agglomération,Hors intersection,Normale,Autre collision,,,,,,,,,,,3,1,1,1,6
201500004583,0015-05-23 13:45:00,15,5,23,13,45,70,31,,,,Plein jour,Hors agglomération,Hors intersection,Normale,Deux véhicules - côté,,,,,,,,,,,1,1,1,1,3
201500004584,0015-07-02 14:15:00,15,7,2,14,15,70,28,,,,Plein jour,Hors agglomération,Hors intersection,Normale,Deux véhicules - côté,,,,,,,,,,,1,1,1,1,3
201500004585,0015-07-09 16:15:00,15,7,9,16,15,70,31,,,,Nuit sans éclairage public,Hors agglomération,Hors intersection,Normale,Autre collision,,,,,,,,,,,3,1,1,1,6
201500004586,0015-01-05 13:30:00,15,1,5,13,30,70,97,LA VINSONNE,,,Plein jour,En agglomération,Hors intersection,Normale,Deux véhicules - arrière,,,,,,,,,,,1,2,1,1,2
201500004587,0015-01-17 12:00:00,15,1,17,12,0,70,324,place rampon,,,Plein jour,En agglomération,Place,Normale,Sans collision,,,,,,,,,,,1,2,7,1,7
201500004588,0015-01-25 19:15:00,15,1,25,19,15,70,152,,,,Nuit sans éclairage public,Hors agglomération,Hors intersection,Normale,Autre collision,,,,,,,,,,,3,1,1,1,6
201500004589,0015-03-08 15:30:00,15,3,8,15,30,70,40,,,,Plein jour,Hors agglomération,Autre intersection,Normale,Trois véhicules et plus - en chaîne,,,,,,,,,,,1,1,9,1,4
201500004590,0015-03-08 17:15:00,15,3,8,17,15,70,169,,,,Plein jour,Hors agglomération,Hors intersection,Normale,Sans collision,,,,,,,,,,,1,1,1,1,7
201500004591,0015-10-02 19:15:00,15,10,2,19,15,70,217,,,,Crépuscule ou aube,Hors agglomération,Hors intersection,Pluie légère,Deux véhicules - côté,,,,,,,,,,,2,1,1,2,3
201500004592,0015-03-18 15:00:00,15,3,18,15,0,70,56,,,,Plein jour,Hors agglomération,Hors intersection,Normale,Autre collision,,,,,,,,,,,1,1,1,1,6
201500004593,0015-06-27 09:30:00,15,6,27,9,30,70,78,route de Lyon,,,Plein jour,En agglomération,Hors intersection,Normale,Trois véhicules et plus - en chaîne,,,,,,,,,,,1,2,1,1,4
201500004594,0015-08-22 21:15:00,15,8,22,21,15,70,10,rue auguste bravais,,,Nuit avec éclairage allumé,En agglomération,Hors intersection,Normale,Deux véhicules - côté,,,,,,,,,,,5,2,1,1,3
201500004595,0015-10-27 13:15:00,15,10,27,13,15,70,228,,,,Plein jour,Hors agglomération,Hors intersection,Normale,Autre collision,,,,,,,,,,,1,1,1,1,6
201500004596,0015-12-16 18:45:00,15,12,16,18,45,70,78,ROUTE DES ALPES,,,Nuit sans éclairage public,En agglomération,Hors intersection,Normale,Autre collision,,,,,,,,,,,3,2,1,1,6
201500004597,0015-12-27 05:30:00,15,12,27,5,30,70,313,,,,Nuit sans éclairage public,Hors agglomération,Hors intersection,Brouillard / fumée,Autre collision,,,,,,,,,,,3,1,1,5,6
201500004598,0015-03-16 17:00:00,15,3,16,17,0,70,12,,,,Plein jour,Hors agglomération,Hors intersection,Normale,Deux véhicules - arrière,,,,,,,,,,,1,1,1,1,2
201500004599,0015-07-03 20:30:00,15,7,3,20,30,70,1,lieu dit BROLLES,,,Crépuscule ou aube,En agglomération,Hors intersection,Normale,Autre collision,,,,,,,,,,,2,2,1,1,6
201500004600,0015-07-10 17:30:00,15,7,10,17,30,70,222,,,,Plein jour,Hors agglomération,Hors intersection,Normale,Deux véhicules - côté,,,,,,,,,,,1,1,1,1,3
201500004601,0015-09-27 11:45:00,15,9,27,11,45,70,215,,,,Plein jour,Hors agglomération,Hors intersection,Normale,Sans collision,,,,,,,,,,,1,1,1,1,7
201500004602,0015-10-06 10:45:00,15,10,6,10,45,70,64,,,,Plein jour,Hors agglomération,Hors intersection,Pluie légère,Autre collision,,,,,,,,,,,1,1,1,2,6
201500004603,0015-11-15 19:00:00,15,11,15,19,0,70,1,Lieu-dit BROLLES,,,Nuit avec éclairage allumé,En agglomération,Hors intersection,Normale,Autre collision,,,,,,,,,,,5,2,1,1,6
201500004604,0015-12-22 11:45:00,15,12,22,11,45,70,212,,,,Plein jour,Hors agglomération,Hors intersection,Normale,Deux véhicules - frontale,,,,,,,,,,,1,1,1,1,1
201500004605,0015-11-10 18:00:00,15,11,10,18,0,70,338,allée de prat,,,Nuit sans éclairage public,En agglomération,Hors intersection,Normale,Autre collision,,,,,,,,,,,3,2,1,1,6
201500004606,0015-01-06 16:15:00,15,1,6,16,15,70,236,,,,Crépuscule ou aube,Hors agglomération,Hors intersection,Normale,Deux véhicules - frontale,,,,,,,,,,,2,1,1,1,1
201500004607,0015-01-23 07:15:00,15,1,23,7,15,70,188,,,,Nuit sans éclairage public,Hors agglomération,Hors intersection,Pluie légère,Autre collision,,,,,,,,,,,3,1,1,2,6
201500004608,0015-02-24 19:00:00,15,2,24,19,0,260,108,AV DES TROIS BECS,,,Nuit avec éclairage allumé,En agglomération,Hors intersection,Normale,Autre collision,,,,,,,,,,,5,2,1,1,6
201500004609,0015-03-31 14:15:00,15,3,31,14,15,260,35,LE VILLAGE,,,Plein jour,En agglomération,Hors intersection,Normale,Deux véhicules - côté,,,,,,,,,,,1,2,1,1,3
201500004610,0015-04-09 16:30:00,15,4,9,16,30,260,20,LE CHATELARD,,,Plein jour,Hors agglomération,Intersection en T,Normale,Deux véhicules - frontale,,,,,,,,,,,1,1,3,1,1
201500004611,0015-04-11 11:30:00,15,4,11,11,30,260,108,GYMNASE ESPACE SOUBEYRAN,44.7241,5.0238,Plein jour,En agglomération,Place,Normale,Autre collision,,,,,,,,,,,1,2,7,1,6
201500004612,0015-04-10 17:15:00,15,4,10,17,15,260,108,BD CHARLES   ARMORIN,,,Plein jour,En agglomération,Hors intersection,Normale,Deux véhicules - côté,,,,,,,,,,,1,2,1,1,3
201500004613,0015-05-08 20:30:00,15,5,8,20,30,260,125,CALENDRE SUD,,,Crépuscule ou aube,Hors agglomération,Hors intersection,Normale,Deux véhicules - frontale,,,,,,,,,,,2,1,1,1,1
201500004614,0015-05-14 23:45:00,15,5,14,23,45,260,20,PANPARI,,,Nuit sans éclairage public,Hors agglomération,Intersection en T,Pluie légère,Deux véhicules - côté,,,,,,,,,,,3,1,3,2,3
201500004615,0015-08-02 17:45:00,15,8,2,17,45,260,108,LES BLACHES,,,Plein jour,Hors agglomération,Hors intersection,Normale,Deux véhicules - frontale,,,,,,,,,,,1,1,1,1,1
201500004616,0015-08-24 16:00:00,15,8,24,16,0,260,166,LES FIERRES,,,Plein jour,Hors agglomération,Hors intersection,Pluie légère,Deux véhicules - côté,,,,,,,,,,,1,1,1,2,3
201500004617,0015-08-01 10:00:00,15,8,1,10,0,260,113,CHARMAGE ET ST LAURENT,,,Plein jour,Hors agglomération,Hors intersection,Normale,Deux véhicules - arrière,,,,,,,,,,,1,1,1,1,2
201500004618,0015-03-01 13:45:00,15,3,1,13,45,260,290,LES BERARDS,,,Plein jour,Hors agglomération,Hors intersection,Pluie légère,Autre collision,,,,,,,,,,,1,1,1,2,6
201500004619,0015-09-06 17:00:00,15,9,6,17,0,260,364,COL DE PRONCEL,,,Plein jour,Hors agglomération,Hors intersection,Normale,Autre collision,,,,,,,,,,,1,1,1,1,6
201500004620,0015-05-14 12:15:00,15,5,14,12,15,260,40,RD 93,,,Plein jour,Hors agglomération,Hors intersection,Normale,Sans collision,,,,,,,,,,,1,1,1,1,7
201500004621,0015-03-19 20:45:00,15,3,19,20,45,260,220,ROUTE DE MONTELIMAR,,,Nuit sans éclairage public,Hors agglomération,Hors intersection,Normale,Autre collision,,,,,,,,,,,3,1,1,1,6
201500004622,0015-08-11 17:15:00,15,8,11,17,15,260,220,EOUPE,,,Plein jour,Hors agglomération,Hors intersection,Normale,Autre collision,,,,,,,,,,,1,1,1,1,6
201500004623,0015-11-03 17:55:00,15,11,3,17,55,20,691,,49.83726,3.30431,Plein jour,En agglomération,Hors intersection,Normale,Autre collision,,,,,,,,,,,1,2,1,1,6
201500004624,0015-11-24 11:00:00,15,11,24,11,0,20,691,,49.84701,3.27051,Plein jour,En agglomération,Hors intersection,Pluie forte,Deux véhicules - arrière,,,,,,,,,,,1,2,1,3,2
201500004625,0015-12-11 18:45:00,15,12,11,18,45,20,691,102 av ch de gaulle,49.84543,3.3004,Nuit avec éclairage allumé,En agglomération,Hors intersection,Pluie légère,Autre collision,,,,,,,,,,,5,2,1,2,6
201500004626,0015-01-29 03:55:00,15,1,29,3,55,20,691,PLACE DUFOUR DENELLE,49.84414,3.27778,Nuit avec éclairage allumé,En agglomération,Hors intersection,Normale,Deux véhicules - côté,,,,,,,,,,,5,2,1,1,3
201500004627,0015-02-05 09:45:00,15,2,5,9,45,20,691,"42 - 44, KENNEDY (RUE DU",49.85302,3.28326,Plein jour,En agglomération,Hors intersection,Normale,Autre collision,,,,,,,,,,,1,2,1,1,6
201500004628,0015-03-22 16:30:00,15,3,22,16,30,20,691,chemin de la tombelle,49.83893,3.26385,Plein jour,En agglomération,Intersection en T,Normale,Deux véhicules - côté,,,,,,,,,,,1,2,3,1,3
201500004629,0015-03-30 14:35:00,15,3,30,14,35,20,691,"32, RICHELIEU (BD)",49.85188,3.28451,Plein jour,En agglomération,Intersection en X,Normale,Autre collision,,,,,,,,,,,1,2,2,1,6
201500004630,0015-04-02 09:45:00,15,4,2,9,45,20,691,"127, LECLERC (RUE DU GL)",49.83812,3.3027,Plein jour,En agglomération,Hors intersection,Pluie légère,Autre collision,,,,,,,,,,,1,2,1,2,6
201500004631,0015-06-10 14:35:00,15,6,10,14,35,20,691,17 bd victor hugo,49.84343,3.27899,Plein jour,En agglomération,Intersection à plus de 4 branches,Normale,Deux véhicules - arrière,,,,,,,,,,,1,2,5,1,2
201500004632,0015-09-20 07:08:00,15,9,20,7,8,20,691,,49.84787,3.26649,Crépuscule ou aube,En agglomération,Hors intersection,Normale,Autre collision,,,,,,,,,,,2,2,1,1,6
201500004633,0015-11-06 05:56:00,15,11,6,5,56,20,691,,49.84283,3.33725,Nuit sans éclairage public,Hors agglomération,Intersection en T,Pluie légère,Autre collision,,,,,,,,,,,3,1,3,2,6
201500004634,0015-11-10 17:05:00,15,11,10,17,5,20,691,,49.83544,3.31942,Plein jour,En agglomération,Hors intersection,Normale,Autre collision,,,,,,,,,,,1,2,1,1,6
201500004635,0015-09-18 17:15:00,15,9,18,17,15,20,691,"88, POMPIDOU DE 1 A 111",49.85624,3.28893,Plein jour,En agglomération,Hors intersection,Pluie légère,Autre collision,,,,,,,,,,,1,2,1,2,6
201500004636,0015-08-19 19:45:00,15,8,19,19,45,260,329,LA TRAVERSE,,,Plein jour,Hors agglomération,Hors intersection,Normale,Deux véhicules - côté,,,,,,,,,,,1,1,1,1,3
201500004637,0015-11-12 18:00:00,15,11,12,18,0,260,63,PLAINE DE COST,,,Nuit sans éclairage public,Hors agglomération,Hors intersection,Normale,Deux véhicules - côté,,,,,,,,,,,3,1,1,1,3
201500004638,0015-02-02 14:45:00,15,2,2,14,45,260,369,BOURROUX,,,Plein jour,Hors agglomération,Hors intersection,Normale,Autre collision,,,,,,,,,,,1,1,1,1,6
201500004639,0015-04-06 11:15:00,15,4,6,11,15,260,162,ROUTE DE HAUTERIVES,,,Plein jour,Hors agglomération,Hors intersection,Normale,Deux véhicules - côté,,,,,,,,,,,1,1,1,1,3
201500004640,0015-01-29 06:00:00,15,1,29,6,0,260,311,ROUTE DE LARPS,,,Nuit sans éclairage public,En agglomération,Hors intersection,Temps couvert,Deux véhicules - frontale,,,,,,,,,,,3,2,1,8,1
201500004641,0015-07-04 14:30:00,15,7,4,14,30,260,320,CAMPAVERT,,,Plein jour,Hors agglomération,Hors intersection,Normale,Autre collision,,,,,,,,,,,1,1,1,1,6
201500004642,0015-11-21 13:15:00,15,11,21,13,15,260,311,LES CHAUX DE CHOLET,,,Plein jour,Hors agglomération,Hors intersection,Neige / grêle,Sans collision,,,,,,,,,,,1,1,1,4,7
201500004643,0015-03-24 16:30:00,15,3,24,16,30,260,10,RUE DU BUIS,45.2716,4.8947,Plein jour,En agglomération,Hors intersection,Normale,Sans collision,,,,,,,,,,,1,2,1,1,7
201500004644,0015-12-07 10:45:00,15,12,7,10,45,380,405,,,,Plein jour,Hors agglomération,Hors intersection,Brouillard / fumée,Trois véhicules et plus - collisions multiples,,,,,,,,,,,1,1,1,5,5
201500004645,0015-12-18 16:45:00,15,12,18,16,45,380,381,,,,Crépuscule ou aube,Hors agglomération,Hors intersection,Normale,Deux véhicules - arrière,,,,,,,,,,,2,1,1,1,2
201500004646,0015-02-08 12:00:00,15,2,8,12,0,20,243,"5, BRAYE (RUE DE )",49.40754,3.36271,Plein jour,Hors agglomération,Hors intersection,Normale,Autre collision,,,,,,,,,,,1,1,1,1,6
201500004647,0015-02-14 13:55:00,15,2,14,13,55,20,722,PRESLES ( BOULEVARD,49.37355,3.30707,Plein jour,En agglomération,Intersection en T,Pluie légère,Deux véhicules - côté,,,,,,,,,,,1,2,3,2,3
201500004648,0015-02-07 10:50:00,15,2,7,10,50,20,722,"19, PARADIS ( RUE DU)",49.3825,3.31016,Plein jour,En agglomération,Intersection en X,Normale,Deux véhicules - côté,,,,,,,,,,,1,2,2,1,3
201500004649,0015-01-16 21:30:00,15,1,16,21,30,20,722,"17, PRESLES ( BOULEVARD",49.37501,3.30854,Nuit avec éclairage allumé,En agglomération,Hors intersection,Pluie légère,Trois véhicules et plus - collisions multiples,,,,,,,,,,,5,2,1,2,5
201500004650,0015-02-28 22:21:00,15,2,28,22,21,20,722,"16, COMMERCE ( RUE DU )",49.38215,3.32783,Nuit avec éclairage allumé,En agglomération,Intersection en X,Normale,Deux véhicules - côté,,,,,,,,,,,5,2,2,1,3
201500004651,0015-03-19 12:15:00,15,3,19,12,15,20,722,"40, PASLY ( AVENUE DE )",49.38499,3.31113,Plein jour,En agglomération,Intersection en X,Temps couvert,Deux véhicules - côté,,,,,,,,,,,1,2,2,8,3
201500004652,0015-06-20 11:30:00,15,6,20,11,30,20,243,ROUTE NATIONALE 2,,,Plein jour,Hors agglomération,Hors intersection,Normale,Trois véhicules et plus - collisions multiples,,,,,,,,,,,1,1,1,1,5
201500004653,0015-06-20 23:45:00,15,6,20,23,45,20,64,"77, JACQUIN ( RUE )",49.35723,3.32672,Nuit avec éclairage allumé,En agglomération,Hors intersection,Pluie légère,Autre collision,,,,,,,,,,,5,2,1,2,6
201500004654,0015-07-22 09:44:00,15,7,22,9,44,20,722,,49.38191,3.321,Plein jour,En agglomération,Intersection en T,Normale,Trois véhicules et plus - collisions multiples,,,,,,,,,,,1,2,3,1,5
201500004655,0015-08-20 16:30:00,15,8,20,16,30,20,722,"2, TOUR DE VILLE (BOULEV",49.37052,3.32504,Plein jour,En agglomération,Autre intersection,Normale,Deux véhicules - frontale,,,,,,,,,,,1,2,9,1,1
201500004656,0015-07-26 22:50:00,15,7,26,22,50,20,722,"19, PRESLES ( ROUTE DE )",49.36839,3.30482,Plein jour,En agglomération,Hors intersection,Normale,Autre collision,,,,,,,,,,,1,2,1,1,6
201500004657,0015-09-12 16:00:00,15,9,12,16,0,20,243,ROUTE NATIONALE 2,,,Plein jour,Hors agglomération,Hors intersection,Pluie forte,Deux véhicules - côté,,,,,,,,,,,1,1,1,3,3
201500004658,0015-09-24 10:05:00,15,9,24,10,5,20,722,,49.37554,3.33045,Plein jour,En agglomération,Hors intersection,Temps éblouissant,Deux véhicules - côté,,,,,,,,,,,1,2,1,7,3
201500004659,0015-09-23 18:45:00,15,9,23,18,45,20,722,,49.38065,3.32711,Plein jour,En agglomération,Intersection en T,Temps éblouissant,Autre collision,,,,,,,,,,,1,2,3,7,6
201500004660,0015-10-10 15:38:00,15,10,10,15,38,20,722,12 rue st christophe,49.38207,3.32337,Plein jour,En agglomération,Hors intersection,Normale,Autre collision,,,,,,,,,,,1,2,1,1,6
201500004661,0015-12-08 18:10:00,15,12,8,18,10,20,722,pont du mail,49.38435,3.32996,Nuit avec éclairage non allumé,En agglomération,Hors intersection,Pluie forte,Autre collision,,,,,,,,,,,4,2,1,3,6
201500004662,0015-12-11 13:45:00,15,12,11,13,45,20,722,"47, PARIS ( AVENUE DE)",49.37711,3.31578,Plein jour,En agglomération,Intersection en X,Pluie légère,Trois véhicules et plus - collisions multiples,,,,,,,,,,,1,2,2,2,5
201500004663,0015-01-27 12:00:00,15,1,27,12,0,380,422,,45.165,5.849,Plein jour,Hors agglomération,Hors intersection,Pluie légère,Deux véhicules - frontale,,,,,,,,,,,1,1,1,2,1
201500004664,0015-03-10 15:00:00,15,3,10,15,0,380,547,4 avenue aristide berg?s,45.235,5.896,Plein jour,En agglomération,Hors intersection,Normale,Autre collision,,,,,,,,,,,1,2,1,1,6
201500004665,0015-05-12 19:15:00,15,5,12,19,15,380,175,,45.273,5.92,Plein jour,En agglomération,Hors intersection,Normale,Deux véhicules - côté,,,,,,,,,,,1,2,1,1,3
201500004666,0015-07-23 09:30:00,15,7,23,9,30,380,538,5 place de la liberté,,,Plein jour,En agglomération,Hors intersection,Normale,Deux véhicules - côté,,,,,,,,,,,1,2,1,1,3