accident_id,datetime,annee,mois,jour,heure,minute,departement,commune_insee,adresse,latitude,longitude,luminosite,agglomeration,intersection,meteo,collision,nb_vehicules,nb_usagers,nb_indemnes,nb_tues,nb_blesses_hosp,nb_blesses_legers,age_cond_1,age_cond_2,veh_type_cond_1,veh_type_cond_2,lum_code,agg_code,int_code,atm_code,col_code
201500004939,0015-01-14 08:00:00,15,1,14,8,0,420,23,,45.29837,4.54091,Plein jour,Hors agglomération,Hors intersection,Normale,Deux véhicules - frontale,,,,,,,,,,,1,1,1,1,1
201500004940,0015-01-13 17:15:00,15,1,13,17,15,420,172,,45.39332,4.42164,Plein jour,Hors agglomération,Hors intersection,Temps couvert,Deux véhicules - frontale,,,,,,,,,,,1,1,1,8,1
201500004941,0015-02-21 12:30:00,15,2,21,12,30,420,172,,45.36627,4.45348,Plein jour,Hors agglomération,Hors intersection,Neige / grêle,Deux véhicules - frontale,,,,,,,,,,,1,1,1,4,1
201500004942,0015-04-12 10:00:00,15,4,12,10,0,420,23,PLACE DE LA BASCULE,45.29611,4.55941,Plein jour,En agglomération,Place,Normale,Autre collision,,,,,,,,,,,1,2,7,1,6
201500004943,0015-04-12 17:45:00,15,4,12,17,45,420,246,,45.29248,4.62205,Plein jour,Hors agglomération,Hors intersection,Temps éblouissant,Sans collision,,,,,,,,,,,1,1,1,7,7
201500004944,0015-05-09 10:45:00,15,5,9,10,45,420,23,,45.30296,4.54077,Plein jour,Hors agglomération,Hors intersection,Temps couvert,Sans collision,,,,,,,,,,,1,1,1,8,7
201500004945,0015-06-06 17:45:00,15,6,6,17,45,420,310,,45.34202,4.55363,Plein jour,Hors agglomération,Hors intersection,Normale,Sans collision,,,,,,,,,,,1,1,1,1,7
201500004946,0015-06-16 21:00:00,15,6,16,21,0,420,115,,45.31721,4.35168,Crépuscule ou aube,Hors agglomération,Hors intersection,Normale,Autre collision,,,,,,,,,,,2,1,1,1,6
201500004947,0015-06-25 16:45:00,15,6,25,16,45,420,224,,45.33965,4.3795,Plein jour,Hors agglomération,Hors intersection,Normale,Deux véhicules - arrière,,,,,,,,,,,1,1,1,1,2
201500004948,0015-06-26 13:15:00,15,6,26,13,15,420,224,,45.33506,4.42364,Plein jour,Hors agglomération,Hors intersection,Normale,Autre collision,,,,,,,,,,,1,1,1,1,6
201500004949,0015-06-28 15:30:00,15,6,28,15,30,420,224,,45.36915,4.42216,Plein jour,Hors agglomération,Hors intersection,Normale,Sans collision,,,,,,,,,,,1,1,1,1,7
201500004950,0015-07-04 11:15:00,15,7,4,11,15,420,139,,45.3069,4.42643,Plein jour,Hors agglomération,Hors intersection,Temps éblouissant,Deux véhicules - frontale,,,,,,,,,,,1,1,1,7,1
201500004951,0015-07-03 17:45:00,15,7,3,17,45,420,17,,45.37228,4.50472,Plein jour,Hors agglomération,Hors intersection,Normale,Autre collision,,,,,,,,,,,1,1,1,1,6
201500004952,0015-07-24 09:00:00,15,7,24,9,0,420,224,,45.3453,4.48302,Plein jour,Hors agglomération,Hors intersection,Autre,Deux véhicules - frontale,,,,,,,,,,,1,1,1,9,1
201500004953,0015-08-03 15:30:00,15,8,3,15,30,420,329,,45.32039,4.49883,Plein jour,Hors agglomération,Intersection en X,Normale,Deux véhicules - frontale,,,,,,,,,,,1,1,2,1,1
201500004954,0015-08-16 14:00:00,15,8,16,14,0,420,280,,45.27745,4.44112,Plein jour,Hors agglomération,Intersection en X,Normale,Deux véhicules - côté,,,,,,,,,,,1,1,2,1,3
201500004955,0015-09-05 16:15:00,15,9,5,16,15,420,287,,45.26268,4.47867,Plein jour,Hors agglomération,Hors intersection,Normale,Deux véhicules - frontale,,,,,,,,,,,1,1,1,1,1
201500004956,0015-09-18 09:00:00,15,9,18,9,0,420,329,,45.31845,4.50847,Plein jour,Hors agglomération,Hors intersection,Normale,Sans collision,,,,,,,,,,,1,1,1,1,7
201500004957,0015-09-18 12:00:00,15,9,18,12,0,420,329,,45.32149,4.49449,Plein jour,Hors agglomération,Hors intersection,Normale,Deux véhicules - côté,,,,,,,,,,,1,1,1,1,3
201500004958,0015-09-24 21:15:00,15,9,24,21,15,420,172,,45.39216,4.42874,Nuit sans éclairage public,Hors agglomération,Hors intersection,Normale,Deux véhicules - frontale,,,,,,,,,,,3,1,1,1,1
201500004959,0015-10-10 17:45:00,15,10,10,17,45,420,224,,45.3677,4.4367,Plein jour,Hors agglomération,Hors intersection,Normale,Autre collision,,,,,,,,,,,1,1,1,1,6
201500004960,0015-10-31 18:45:00,15,10,31,18,45,420,23,,45.29669,4.56093,Nuit avec éclairage allumé,Hors agglomération,Hors intersection,Normale,Deux véhicules - frontale,,,,,,,,,,,5,1,1,1,1
201500004961,0015-05-31 11:15:00,15,5,31,11,15,420,302,rd106,45.48862,4.45006,Plein jour,En agglomération,Giratoire,Normale,Deux véhicules - côté,,,,,,,,,,,1,2,6,1,3
201500004962,0015-06-06 10:30:00,15,6,6,10,30,420,97,,45.52265,4.29376,Plein jour,Hors agglomération,Giratoire,Normale,Sans collision,,,,,,,,,,,1,1,6,1,7
201500004963,0015-06-14 08:30:00,15,6,14,8,30,420,92,rue de verdun,45.48582,4.37945,Plein jour,En agglomération,Hors intersection,Normale,Autre collision,,,,,,,,,,,1,2,1,1,6
201500004964,0015-07-11 23:00:00,15,7,11,23,0,420,208,la boucharotte,45.53655,4.47485,Nuit sans éclairage public,En agglomération,Hors intersection,Normale,Autre collision,,,,,,,,,,,3,2,1,1,6
201500004965,0015-08-07 08:15:00,15,8,7,8,15,420,208,,45.52604,4.4625,Plein jour,Hors agglomération,Hors intersection,Temps éblouissant,Deux véhicules - arrière,,,,,,,,,,,1,1,1,7,2
201500004966,0015-11-06 16:45:00,15,11,6,16,45,420,208,,45.52569,4.46114,Plein jour,Hors agglomération,Hors intersection,Normale,Deux véhicules - frontale,,,,,,,,,,,1,1,1,1,1
201500004967,0015-11-06 18:45:00,15,11,6,18,45,420,97,,45.49358,4.3219,Nuit sans éclairage public,Hors agglomération,Hors intersection,Normale,Deux véhicules - frontale,,,,,,,,,,,3,1,1,1,1
201500004968,0015-01-21 16:45:00,15,1,21,16,45,420,179,,45.67046,4.0419,Plein jour,Hors agglomération,Hors intersection,Pluie légère,Autre collision,,,,,,,,,,,1,1,1,2,6
201500004969,0015-02-12 15:30:00,15,2,12,15,30,420,299,,45.60128,4.09302,Plein jour,Hors agglomération,Giratoire,Normale,Deux véhicules - côté,,,,,,,,,,,1,1,6,1,3
201500004970,0015-04-07 12:45:00,15,4,7,12,45,420,147,rond point beauregard,45.60906,4.05506,Plein jour,En agglomération,Giratoire,Normale,Deux véhicules - frontale,,,,,,,,,,,1,2,6,1,1
201500004971,0015-04-15 15:45:00,15,4,15,15,45,420,147,3 avenue de St ETIENNE,45.60077,4.07129,Plein jour,En agglomération,Autre intersection,Normale,Autre collision,,,,,,,,,,,1,2,9,1,6
201500004972,0015-04-23 18:30:00,15,4,23,18,30,420,285,,45.55405,4.13773,Plein jour,Hors agglomération,Hors intersection,Temps éblouissant,Autre collision,,,,,,,,,,,1,1,1,7,6
201500004973,0015-04-24 13:45:00,15,4,24,13,45,420,147,AVENUE PAUL CEZANNE,45.61192,4.0555,Plein jour,En agglomération,Hors intersection,Normale,Deux véhicules - côté,,,,,,,,,,,1,2,1,1,3
201500004974,0015-05-21 01:45:00,15,5,21,1,45,420,151,,45.65676,4.13356,Nuit avec éclairage non allumé,Hors agglomération,Hors intersection,Normale,Sans collision,,,,,,,,,,,4,1,1,1,7
201500004975,0015-06-05 09:30:00,15,6,5,9,30,420,147,14 boulevard duguet,45.60982,4.06812,Plein jour,En agglomération,Hors intersection,Normale,Autre collision,,,,,,,,,,,1,2,1,1,6
201500004976,0015-06-29 14:15:00,15,6,29,14,15,420,147,57 rue de la République,45.60625,4.07472,Plein jour,En agglomération,Hors intersection,Normale,Deux véhicules - arrière,,,,,,,,,,,1,2,1,1,2
201500004977,0015-07-24 11:15:00,15,7,24,11,15,420,147,53 rue de la république,45.60624,4.07463,Plein jour,En agglomération,Hors intersection,Normale,Deux véhicules - arrière,,,,,,,,,,,1,2,1,1,2
201500004978,0015-09-12 09:45:00,15,9,12,9,45,420,87,,45.59993,4.0479,Plein jour,Hors agglomération,Hors intersection,Normale,Deux véhicules - frontale,,,,,,,,,,,1,1,1,1,1
201500004979,0015-09-30 11:00:00,15,9,30,11,0,420,37,,45.68713,4.07083,Plein jour,Hors agglomération,Hors intersection,Normale,Autre collision,,,,,,,,,,,1,1,1,1,6
201500004980,0015-11-07 02:30:00,15,11,7,2,30,420,46,,45.62818,4.06152,Nuit sans éclairage public,Hors agglomération,Hors intersection,Normale,Deux véhicules - frontale,,,,,,,,,,,3,1,1,1,1
201500004981,0015-11-24 08:45:00,15,11,24,8,45,420,285,,45.57924,4.11095,Plein jour,Hors agglomération,Hors intersection,Normale,Deux véhicules - arrière,,,,,,,,,,,1,1,1,1,2
201500004982,0015-01-11 06:00:00,15,1,11,6,0,420,324,D54 Rte Montagne du soir,45.56126,4.26479,Nuit sans éclairage public,En agglomération,Hors intersection,Pluie légère,Sans collision,,,,,,,,,,,3,2,1,2,7
201500004983,0015-01-23 15:45:00,15,1,23,15,45,420,22,Rue des Essarts,45.52364,4.21787,Plein jour,En agglomération,Hors intersection,Pluie légère,Autre collision,,,,,,,,,,,1,2,1,2,6
201500004984,0015-02-08 08:30:00,15,2,8,8,30,420,324,,45.55835,4.2396,Plein jour,Hors agglomération,Hors intersection,Normale,Autre collision,,,,,,,,,,,1,1,1,1,6
201500004985,0015-03-28 18:00:00,15,3,28,18,0,420,304,,45.53171,4.19889,Plein jour,Hors agglomération,Hors intersection,Normale,Deux véhicules - côté,,,,,,,,,,,1,1,1,1,3
201500004986,0015-04-04 15:00:00,15,4,4,15,0,420,304,,45.53592,4.15013,Plein jour,Hors agglomération,Intersection en X,Normale,Deux véhicules - côté,,,,,,,,,,,1,1,2,1,3
201500004987,0015-04-18 19:00:00,15,4,18,19,0,420,5,,45.52988,4.25147,Plein jour,En agglomération,Intersection en X,Normale,Deux véhicules - côté,,,,,,,,,,,1,2,2,1,3
201500004988,0015-05-31 16:00:00,15,5,31,16,0,420,22,26 allée des mirabelles,45.52778,4.20772,Plein jour,En agglomération,Hors intersection,Normale,Autre collision,,,,,,,,,,,1,2,1,1,6
201500004989,0015-07-01 16:15:00,15,7,1,16,15,420,304,rue du Verneuil,45.53471,4.19047,Plein jour,En agglomération,Hors intersection,Normale,Deux véhicules - côté,,,,,,,,,,,1,2,1,1,3
201500004990,0015-07-07 08:00:00,15,7,7,8,0,420,5,avenue Hélène BOUCHER,45.54056,4.2855,Plein jour,En agglomération,Hors intersection,Normale,Deux véhicules - côté,,,,,,,,,,,1,2,1,1,3
201500004991,0015-07-20 19:15:00,15,7,20,19,15,420,5,avenue de saint etienne,45.52567,4.27262,Plein jour,En agglomération,Hors intersection,Normale,Autre collision,,,,,,,,,,,1,2,1,1,6
201500004992,0015-08-12 10:30:00,15,8,12,10,30,420,304,Côte STE AGATHE,45.53297,4.19665,Plein jour,En agglomération,Hors intersection,Normale,Deux véhicules - côté,,,,,,,,,,,1,2,1,1,3
201500004993,0015-09-09 18:30:00,15,9,9,18,30,420,324,,45.55919,4.24298,Plein jour,Hors agglomération,Hors intersection,Temps éblouissant,Deux véhicules - frontale,,,,,,,,,,,1,1,1,7,1
201500004994,0015-09-10 06:30:00,15,9,10,6,30,420,304,,45.549,4.2069,Crépuscule ou aube,Hors agglomération,Hors intersection,Normale,Deux véhicules - arrière,,,,,,,,,,,2,1,1,1,2
201500004995,0015-09-21 13:15:00,15,9,21,13,15,420,5,avenue jean mermoz,45.53424,4.28805,Plein jour,En agglomération,Hors intersection,Normale,Deux véhicules - frontale,,,,,,,,,,,1,2,1,1,1
201500004996,0015-10-01 13:30:00,15,10,1,13,30,420,22,avenue de St Marcellin,45.51878,4.20645,Plein jour,En agglomération,Hors intersection,Normale,Sans collision,,,,,,,,,,,1,2,1,1,7
201500004997,0015-12-06 06:45:00,15,12,6,6,45,420,5,,,,Crépuscule ou aube,Hors agglomération,Hors intersection,Normale,Deux véhicules - frontale,,,,,,,,,,,2,1,1,1,1
201500004998,0015-12-11 18:30:00,15,12,11,18,30,420,75,,,,Nuit sans éclairage public,Hors agglomération,Hors intersection,Normale,Deux véhicules - frontale,,,,,,,,,,,3,1,1,1,1
201500004999,0015-01-06 11:15:00,15,1,6,11,15,420,19,Rue de Lyon,45.74468,4.00499,Plein jour,En agglomération,Hors intersection,Normale,Autre collision,,,,,,,,,,,1,2,1,1,6
201500005000,0015-01-08 07:00:00,15,1,8,7,0,420,291,,45.8232,3.8679,Crépuscule ou aube,Hors agglomération,Hors intersection,Normale,Deux véhicules - côté,,,,,,,,,,,2,1,1,1,3
201500005001,0015-03-01 19:00:00,15,3,1,19,0,420,247,,45.7468,3.84706,Nuit sans éclairage public,Hors agglomération,Hors intersection,Pluie légère,Sans collision,,,,,,,,,,,3,1,1,2,7
201500005002,0015-03-28 15:30:00,15,3,28,15,30,420,221,Le Bourg,45.76807,4.12936,Plein jour,En agglomération,Hors intersection,Normale,Autre collision,,,,,,,,,,,1,2,1,1,6
201500005003,0015-04-18 20:45:00,15,4,18,20,45,420,159,,45.825,3.77137,Crépuscule ou aube,Hors agglomération,Hors intersection,Normale,Autre collision,,,,,,,,,,,2,1,1,1,6
201500005004,0015-04-24 16:00:00,15,4,24,16,0,420,150,,45.71795,4.07374,Plein jour,Hors agglomération,Hors intersection,Normale,Deux véhicules - frontale,,,,,,,,,,,1,1,1,1,1
201500005005,0015-04-25 18:45:00,15,4,25,18,45,420,119,,45.75083,3.97746,Plein jour,Hors agglomération,Hors intersection,Normale,Deux véhicules - frontale,,,,,,,,,,,1,1,1,1,1
201500005006,0015-04-25 19:15:00,15,4,25,19,15,420,227,,45.70245,3.95623,Plein jour,Hors agglomération,Hors intersection,Normale,Deux véhicules - frontale,,,,,,,,,,,1,1,1,1,1
201500005007,0015-05-16 03:30:00,15,5,16,3,30,420,313,,45.72725,4.0213,Nuit sans éclairage public,Hors agglomération,Hors intersection,Temps couvert,Deux véhicules - frontale,,,,,,,,,,,3,1,1,8,1
201500005008,0015-05-28 14:00:00,15,5,28,14,0,420,205,,45.67574,3.98689,Plein jour,Hors agglomération,Hors intersection,Normale,Deux véhicules - côté,,,,,,,,,,,1,1,1,1,3
201500005009,0015-06-10 07:45:00,15,6,10,7,45,420,109,Le bourg,45.77696,3.93068,Plein jour,En agglomération,Hors intersection,Normale,Trois véhicules et plus - collisions multiples,,,,,,,,,,,1,2,1,1,5
201500005010,0015-06-28 02:45:00,15,6,28,2,45,420,227,,45.69525,3.90231,Nuit sans éclairage public,Hors agglomération,Hors intersection,Normale,Sans collision,,,,,,,,,,,3,1,1,1,7
201500005011,0015-07-03 19:45:00,15,7,3,19,45,420,195,,45.74056,3.96669,Plein jour,Hors agglomération,Hors intersection,Normale,Autre collision,,,,,,,,,,,1,1,1,1,6
201500005012,0015-07-09 14:45:00,15,7,9,14,45,420,313,,45.73098,4.01302,Plein jour,Hors agglomération,Hors intersection,Normale,Deux véhicules - côté,,,,,,,,,,,1,1,1,1,3
201500005013,0015-07-13 00:15:00,15,7,13,0,15,420,205,,45.65852,3.89458,Nuit sans éclairage public,Hors agglomération,Hors intersection,Normale,Autre collision,,,,,,,,,,,3,1,1,1,6
201500005014,0015-09-06 19:00:00,15,9,6,19,0,420,34,Le Pont d'Ambert,45.85535,3.72873,Plein jour,Hors agglomération,Hors intersection,Normale,Deux véhicules - côté,,,,,,,,,,,1,1,1,1,3
201500005015,0015-09-10 07:45:00,15,9,10,7,45,420,313,,45.73387,4.00858,Plein jour,Hors agglomération,Hors intersection,Normale,Deux véhicules - arrière,,,,,,,,,,,1,1,1,1,2
201500005016,0015-09-10 17:15:00,15,9,10,17,15,420,136,,45.71357,3.98081,Plein jour,Hors agglomération,Hors intersection,Normale,Deux véhicules - arrière,,,,,,,,,,,1,1,1,1,2
201500005017,0015-09-14 14:00:00,15,9,14,14,0,420,288,,45.77048,4.00451,Plein jour,Hors agglomération,Intersection en X,Normale,Deux véhicules - côté,,,,,,,,,,,1,1,2,1,3
201500005018,0015-09-20 14:30:00,15,9,20,14,30,420,9,,45.76753,4.02853,Plein jour,Hors agglomération,Hors intersection,Normale,Sans collision,,,,,,,,,,,1,1,1,1,7
201500005019,0015-09-27 07:30:00,15,9,27,7,30,420,238,,45.78084,3.79711,Plein jour,Hors agglomération,Hors intersection,Normale,Autre collision,,,,,,,,,,,1,1,1,1,6
201500005020,0015-10-10 16:00:00,15,10,10,16,0,420,205,,45.65818,3.94552,Plein jour,Hors agglomération,Intersection en Y,Normale,Deux véhicules - frontale,,,,,,,,,,,1,1,4,1,1
201500005021,0015-10-11 20:15:00,15,10,11,20,15,420,245,,45.8135,3.80725,Nuit sans éclairage public,Hors agglomération,Intersection en T,Normale,Deux véhicules - côté,,,,,,,,,,,3,1,3,1,3
201500005022,0015-11-03 15:30:00,15,11,3,15,30,420,19,rue de lyon,45.74194,4.00659,Plein jour,En agglomération,Hors intersection,Normale,Autre collision,,,,,,,,,,,1,2,1,1,6
201500005023,0015-11-21 16:45:00,15,11,21,16,45,420,245,,45.75662,3.79019,Crépuscule ou aube,Hors agglomération,Hors intersection,Brouillard / fumée,Deux véhicules - frontale,,,,,,,,,,,2,1,1,5,1
201500005024,0015-12-12 12:15:00,15,12,12,12,15,420,134,,45.68262,4.03678,Plein jour,Hors agglomération,Hors intersection,Normale,Autre collision,,,,,,,,,,,1,1,1,1,6
201500005025,0015-12-15 08:00:00,15,12,15,8,0,420,219,lieu dit Villedieu,45.73796,4.12868,Crépuscule ou aube,Hors agglomération,Hors intersection,Temps couvert,Trois véhicules et plus - collisions multiples,,,,,,,,,,,2,1,1,8,5
201500005026,0015-02-07 00:30:00,15,2,7,0,30,420,94,,45.7417,4.20024,Nuit sans éclairage public,Hors agglomération,Hors intersection,Normale,Deux véhicules - frontale,,,,,,,,,,,3,1,1,1,1
201500005027,0015-02-20 03:15:00,15,2,20,3,15,420,319,,45.6992,4.30106,Nuit sans éclairage public,Hors agglomération,Hors intersection,Normale,Sans collision,,,,,,,,,,,3,1,1,1,7
201500005028,0015-02-20 16:30:00,15,2,20,16,30,420,251,,45.68356,4.25892,Plein jour,Hors agglomération,Hors intersection,Normale,Deux véhicules - frontale,,,,,,,,,,,1,1,1,1,1
201500005029,0015-03-25 11:45:00,15,3,25,11,45,420,319,,45.71168,4.2922,Plein jour,Hors agglomération,Hors intersection,Normale,Deux véhicules - frontale,,,,,,,,,,,1,1,1,1,1
201500005030,0015-04-21 08:15:00,15,4,21,8,15,420,94,Rue du Palatin,45.72335,4.22354,Plein jour,En agglomération,Hors intersection,Normale,Deux véhicules - côté,,,,,,,,,,,1,2,1,1,3
201500005031,0015-04-26 03:45:00,15,4,26,3,45,420,202,Lieu dit La Poste,45.72142,4.34387,Nuit avec éclairage allumé,En agglomération,Hors intersection,Pluie légère,Autre collision,,,,,,,,,,,5,2,1,2,6
201500005032,0015-05-02 11:45:00,15,5,2,11,45,420,261,,45.7502,4.39897,Plein jour,Hors agglomération,Hors intersection,Normale,Deux véhicules - côté,,,,,,,,,,,1,1,1,1,3
201500005033,0015-05-06 08:00:00,15,5,6,8,0,420,88,,45.79776,4.20822,Plein jour,Hors agglomération,Hors intersection,Normale,Trois véhicules et plus - collisions multiples,,,,,,,,,,,1,1,1,1,5
201500005034,0015-06-19 20:30:00,15,6,19,20,30,420,94,Rue Victor Hugo,45.74285,4.22505,Plein jour,En agglomération,Hors intersection,Normale,Autre collision,,,,,,,,,,,1,2,1,1,6
201500005035,0015-06-20 14:00:00,15,6,20,14,0,420,94,4 route de civens,45.75042,4.22603,Plein jour,En agglomération,Hors intersection,Normale,Deux véhicules - côté,,,,,,,,,,,1,2,1,1,3
201500005036,0015-08-10 00:01:00,15,8,10,0,1,420,94,,45.73928,4.25767,Nuit sans éclairage public,Hors agglomération,Hors intersection,Normale,Trois véhicules et plus - collisions multiples,,,,,,,,,,,3,1,1,1,5
201500005037,0015-08-30 11:15:00,15,8,30,11,15,420,296,,45.73975,4.29256,Plein jour,Hors agglomération,Hors intersection,Normale,Autre collision,,,,,,,,,,,1,1,1,1,6
201500005038,0015-10-03 20:45:00,15,10,3,20,45,420,296,,45.73499,4.27617,Nuit sans éclairage public,Hors agglomération,Hors intersection,Pluie légère,Sans collision,,,,,,,,,,,3,1,1,2,7
201500005039,0015-10-11 19:15:00,15,10,11,19,15,420,175,Rue Poliacus,45.79833,4.23179,Nuit avec éclairage allumé,En agglomération,Intersection en T,Normale,Deux véhicules - côté,,,,,,,,,,,5,2,3,1,3
201500005040,0015-10-16 12:15:00,15,10,16,12,15,420,94,Place Carnot,45.74353,4.22275,Plein jour,En agglomération,Hors intersection,Normale,Autre collision,,,,,,,,,,,1,2,1,1,6
201500005041,0015-10-27 09:00:00,15,10,27,9,0,420,94,rue gambetta (rd107),45.74392,4.22595,Plein jour,En agglomération,Hors intersection,Normale,Autre collision,,,,,,,,,,,1,2,1,1,6
201500005042,0015-12-07 07:45:00,15,12,7,7,45,420,66,,,,Plein jour,Hors agglomération,Intersection en X,Normale,Deux véhicules - côté,,,,,,,,,,,1,1,2,1,3
201500005043,0015-04-13 17:00:00,15,4,13,17,0,420,6,,45.41233,3.98528,Plein jour,Hors agglomération,Hors intersection,Normale,Sans collision,,,,,,,,,,,1,1,1,1,7
201500005044,0015-06-24 16:30:00,15,6,24,16,30,420,192,,45.37717,4.08857,Plein jour,Hors agglomération,Hors intersection,Normale,Sans collision,,,,,,,,,,,1,1,1,1,7
201500005045,0015-08-19 14:15:00,15,8,19,14,15,420,6,,45.38321,3.99767,Plein jour,Hors agglomération,Hors intersection,Normale,Autre collision,,,,,,,,,,,1,1,1,1,6
201500005046,0015-08-20 20:15:00,15,8,20,20,15,420,204,Boulevard de l'industrie,45.42689,4.06637,Plein jour,En agglomération,Hors intersection,Normale,Autre collision,,,,,,,,,,,1,2,1,1,6
201500005047,0015-09-30 18:30:00,15,9,30,18,30,420,228,,45.55153,4.09391,Plein jour,Hors agglomération,Hors intersection,Normale,Autre collision,,,,,,,,,,,1,1,1,1,6
201500005048,0015-10-04 12:15:00,15,10,4,12,15,420,318,,45.3874,3.8998,Plein jour,Hors agglomération,Intersection en X,Normale,Deux véhicules - côté,,,,,,,,,,,1,1,2,1,3
201500005049,0015-10-23 08:30:00,15,10,23,8,30,420,6,,45.38442,4.00014,Plein jour,Hors agglomération,Hors intersection,Pluie légère,Sans collision,,,,,,,,,,,1,1,1,2,7
201500005050,0015-10-24 17:00:00,15,10,24,17,0,420,204,boulevard du haut forez,45.42197,4.06334,Plein jour,En agglomération,Hors intersection,Normale,Autre collision,,,,,,,,,,,1,2,1,1,6
201500005051,0015-10-25 16:45:00,15,10,25,16,45,420,318,,45.41098,3.97124,Plein jour,Hors agglomération,Hors intersection,Temps couvert,Sans collision,,,,,,,,,,,1,1,1,8,7
201500005052,0015-02-14 19:00:00,15,2,14,19,0,420,62,route de saint galmier,,,Nuit sans éclairage public,En agglomération,Hors intersection,Normale,Deux véhicules - frontale,,,,,,,,,,,3,2,1,1,1
201500005053,0015-03-17 15:00:00,15,3,17,15,0,420,323,avenue irénée Laurent,45.5733,4.30151,Plein jour,En agglomération,Hors intersection,Normale,Deux véhicules - côté,,,,,,,,,,,1,2,1,1,3
201500005054,0015-05-20 08:45:00,15,5,20,8,45,420,135,,45.65955,4.23033,Plein jour,Hors agglomération,Hors intersection,Normale,Deux véhicules - côté,,,,,,,,,,,1,1,1,1,3
201500005055,0015-06-02 18:15:00,15,6,2,18,15,420,222,Rue Anoine Ravel,45.59141,4.31452,Plein jour,En agglomération,Hors intersection,Normale,Deux véhicules - côté,,,,,,,,,,,1,2,1,1,3
201500005056,0015-07-08 16:45:00,15,7,8,16,45,420,323,Avenue Planchet,45.56283,4.28994,Plein jour,En agglomération,Intersection en T,Normale,Deux véhicules - côté,,,,,,,,,,,1,2,3,1,3
201500005057,0015-07-29 18:15:00,15,7,29,18,15,420,108,,45.59467,4.18541,Plein jour,Hors agglomération,Hors intersection,Pluie légère,Deux véhicules - côté,,,,,,,,,,,1,1,1,2,3
201500005058,0015-08-21 16:00:00,15,8,21,16,0,420,336,,45.68077,4.336,Plein jour,Hors agglomération,Hors intersection,Normale,Sans collision,,,,,,,,,,,1,1,1,1,7
201500005059,0015-08-25 21:30:00,15,8,25,21,30,420,222,43 route de bellegarde,45.60698,4.31271,Nuit avec éclairage allumé,En agglomération,Hors intersection,Normale,Trois véhicules et plus - collisions multiples,,,,,,,,,,,5,2,1,1,5
201500005060,0015-08-25 17:45:00,15,8,25,17,45,420,20,,45.63798,4.20608,Plein jour,Hors agglomération,Giratoire,Temps éblouissant,Deux véhicules - côté,,,,,,,,,,,1,1,6,7,3
201500005061,0015-08-28 16:15:00,15,8,28,16,15,420,222,route de cuzieu,45.59754,4.29571,Plein jour,En agglomération,Hors intersection,Normale,Deux véhicules - côté,,,,,,,,,,,1,2,1,1,3
201500005062,0015-09-01 13:30:00,15,9,1,13,30,420,149,150 Avenue du Pont,45.64386,4.22937,Plein jour,En agglomération,Hors intersection,Pluie légère,Autre collision,,,,,,,,,,,1,2,1,2,6
201500005063,0015-09-13 14:00:00,15,9,13,14,0,420,149,269 rue du geyser,45.64188,4.23686,Plein jour,En agglomération,Hors intersection,Normale,Deux véhicules - côté,,,,,,,,,,,1,2,1,1,3
201500005064,0015-09-24 09:00:00,15,9,24,9,0,420,13,Avenue des Farges,45.64664,4.29541,Plein jour,En agglomération,Hors intersection,Normale,Deux véhicules - côté,,,,,,,,,,,1,2,1,1,3
201500005065,0015-11-04 19:30:00,15,11,4,19,30,420,264,,45.59048,4.35121,Nuit sans éclairage public,Hors agglomération,Hors intersection,Normale,Autre collision,,,,,,,,,,,3,1,1,1,6
201500005066,0015-11-24 10:30:00,15,11,24,10,30,420,149,4 Avenue des Sources,45.64409,4.23139,Plein jour,En agglomération,Hors intersection,Normale,Autre collision,,,,,,,,,,,1,2,1,1,6
201500005067,0015-12-09 18:00:00,15,12,9,18,0,420,149,route de saint etienne,,,Crépuscule ou aube,En agglomération,Hors intersection,Normale,Sans collision,,,,,,,,,,,2,2,1,1,7
201500005068,0015-12-21 19:45:00,15,12,21,19,45,420,323,D1082,,,Nuit avec éclairage allumé,En agglomération,Hors intersection,Temps couvert,Autre collision,,,,,,,,,,,5,2,1,8,6
201500005069,0015-03-08 10:30:00,15,3,8,10,30,420,132,,45.38173,4.72884,Plein jour,Hors agglomération,Hors intersection,Normale,Autre collision,,,,,,,,,,,1,1,1,1,6
201500005070,0015-04-08 07:30:00,15,4,8,7,30,420,168,D19,45.44453,4.68312,Plein jour,En agglomération,Hors intersection,Normale,Deux véhicules - côté,,,,,,,,,,,1,2,1,1,3
201500005071,0015-04-16 22:15:00,15,4,16,22,15,420,132,,45.38902,4.74486,Nuit avec éclairage allumé,Hors agglomération,Hors intersection,Pluie légère,Deux véhicules - frontale,,,,,,,,,,,5,1,1,2,1