accident_id,datetime,annee,mois,jour,heure,minute,departement,commune_insee,adresse,latitude,longitude,luminosite,agglomeration,intersection,meteo,collision,nb_vehicules,nb_usagers,nb_indemnes,nb_tues,nb_blesses_hosp,nb_blesses_legers,age_cond_1,age_cond_2,veh_type_cond_1,veh_type_cond_2,lum_code,agg_code,int_code,atm_code,col_code
201500005072,0015-04-23 09:00:00,15,4,23,9,0,420,129,Rd 503 Lieu dit Les Barg,45.35948,4.67982,Plein jour,En agglomération,Autre intersection,Normale,Deux véhicules - côté,,,,,,,,,,,1,2,9,1,3
201500005073,0015-04-28 14:00:00,15,4,28,14,0,420,56,lieu dit les prairies,45.41464,4.73608,Plein jour,En agglomération,Hors intersection,Temps éblouissant,Deux véhicules - frontale,,,,,,,,,,,1,2,1,7,1
201500005074,0015-04-26 10:45:00,15,4,26,10,45,420,168,,45.41569,4.70788,Plein jour,Hors agglomération,Hors intersection,Normale,Trois véhicules et plus - en chaîne,,,,,,,,,,,1,1,1,1,4
201500005075,0015-05-11 15:15:00,15,5,11,15,15,420,56,,45.41808,4.70845,Plein jour,Hors agglomération,Hors intersection,Normale,Deux véhicules - côté,,,,,,,,,,,1,1,1,1,3
201500005076,0015-07-06 16:30:00,15,7,6,16,30,420,265,985 rue des granges,45.43966,4.73466,Plein jour,En agglomération,Hors intersection,Normale,Deux véhicules - frontale,,,,,,,,,,,1,2,1,1,1
201500005077,0015-07-24 18:00:00,15,7,24,18,0,420,56,,45.41216,4.7374,Plein jour,Hors agglomération,Hors intersection,Normale,Deux véhicules - frontale,,,,,,,,,,,1,1,1,1,1
201500005078,0015-08-30 16:30:00,15,8,30,16,30,420,168,,45.44081,4.65913,Plein jour,Hors agglomération,Hors intersection,Normale,Deux véhicules - côté,,,,,,,,,,,1,1,1,1,3
201500005079,0015-09-25 06:45:00,15,9,25,6,45,420,56,D7 PK34+300,45.4154,4.73503,Plein jour,En agglomération,Hors intersection,Normale,Deux véhicules - frontale,,,,,,,,,,,1,2,1,1,1
201500005080,0015-09-29 11:00:00,15,9,29,11,0,420,168,ALLEE DE LA CHARTREUSE,45.41786,4.68515,Plein jour,En agglomération,Hors intersection,Normale,Autre collision,,,,,,,,,,,1,2,1,1,6
201500005081,0015-11-25 16:30:00,15,11,25,16,30,420,272,Rd 1086,45.38501,4.74713,Plein jour,En agglomération,Hors intersection,Pluie forte,Deux véhicules - côté,,,,,,,,,,,1,2,1,3,3
201500005082,0015-12-04 12:15:00,15,12,4,12,15,420,191,,45.644,4.142,Plein jour,Hors agglomération,Hors intersection,Temps couvert,Deux véhicules - arrière,,,,,,,,,,,1,1,1,8,2
201500005083,0015-12-17 00:30:00,15,12,17,0,30,420,132,,45.006,4.01199,Nuit avec éclairage allumé,Hors agglomération,Hors intersection,Normale,Sans collision,,,,,,,,,,,5,1,1,1,7
201500005084,0015-01-09 07:00:00,15,1,9,7,0,420,145,,46.03513,4.201,Crépuscule ou aube,Hors agglomération,Hors intersection,Autre,Autre collision,,,,,,,,,,,2,1,1,9,6
201500005085,0015-01-12 13:30:00,15,1,12,13,30,420,120,,45.99226,3.99702,Plein jour,Hors agglomération,Intersection en X,Normale,Deux véhicules - côté,,,,,,,,,,,1,1,2,1,3
201500005086,0015-01-30 17:45:00,15,1,30,17,45,420,338,,46.07429,4.09883,Crépuscule ou aube,Hors agglomération,Giratoire,Pluie légère,Sans collision,,,,,,,,,,,2,1,6,2,7
201500005087,0015-03-15 15:45:00,15,3,15,15,45,420,239,,45.96249,3.97877,Plein jour,Hors agglomération,Intersection en X,Normale,Deux véhicules - côté,,,,,,,,,,,1,1,2,1,3
201500005088,0015-04-01 17:45:00,15,4,1,17,45,420,69,,45.97198,4.04187,Plein jour,Hors agglomération,Hors intersection,Normale,Sans collision,,,,,,,,,,,1,1,1,1,7
201500005089,0015-04-08 08:00:00,15,4,8,8,0,420,332,rue bombée,45.99118,4.03653,Plein jour,En agglomération,Hors intersection,Temps éblouissant,Autre collision,,,,,,,,,,,1,2,1,7,6
201500005090,0015-06-05 19:00:00,15,6,5,19,0,420,166,,46.00299,4.10039,Plein jour,Hors agglomération,Hors intersection,Normale,Deux véhicules - frontale,,,,,,,,,,,1,1,1,1,1
201500005091,0015-08-29 09:30:00,15,8,29,9,30,420,162,,46.01534,3.97737,Plein jour,Hors agglomération,Hors intersection,Normale,Sans collision,,,,,,,,,,,1,1,1,1,7
201500005092,0015-11-27 07:30:00,15,11,27,7,30,420,239,,45.99011,3.99408,Crépuscule ou aube,Hors agglomération,Hors intersection,Normale,Deux véhicules - frontale,,,,,,,,,,,2,1,1,1,1
201500005093,0015-12-26 16:45:00,15,12,26,16,45,420,338,,,,Plein jour,Hors agglomération,Hors intersection,Normale,Autre collision,,,,,,,,,,,1,1,1,1,6
201500005094,0015-01-10 15:30:00,15,1,10,15,30,420,289,Rue des ?coles,45.94718,4.20969,Plein jour,En agglomération,Hors intersection,Temps éblouissant,Autre collision,,,,,,,,,,,1,2,1,7,6
201500005095,0015-02-24 16:15:00,15,2,24,16,15,420,11,rue du four ? chaux,45.81774,4.19555,Plein jour,En agglomération,Giratoire,Normale,Deux véhicules - frontale,,,,,,,,,,,1,2,6,1,1
201500005096,0015-06-19 15:45:00,15,6,19,15,45,420,334,,45.85227,4.32252,Plein jour,Hors agglomération,Hors intersection,Normale,Sans collision,,,,,,,,,,,1,1,1,1,7
201500005097,0015-07-04 06:30:00,15,7,4,6,30,420,293,,46.0066,4.27244,Plein jour,Hors agglomération,Hors intersection,Normale,Autre collision,,,,,,,,,,,1,1,1,1,6
201500005098,0015-08-08 20:00:00,15,8,8,20,0,420,181,,46.00034,4.23351,Crépuscule ou aube,Hors agglomération,Hors intersection,Pluie légère,Autre collision,,,,,,,,,,,2,1,1,2,6
201500005099,0015-11-30 08:15:00,15,11,30,8,15,420,277,,45.92762,4.10739,Nuit sans éclairage public,Hors agglomération,Hors intersection,Normale,Sans collision,,,,,,,,,,,3,1,1,1,7
201500005100,0015-12-04 13:30:00,15,12,4,13,30,420,98,,45.574,4.464,Plein jour,Hors agglomération,Hors intersection,Normale,Autre collision,,,,,,,,,,,1,1,1,1,6
201500005101,0015-01-06 18:00:00,15,1,6,18,0,420,26,28 avenue de verdun,46.14977,4.08413,Nuit avec éclairage allumé,En agglomération,Hors intersection,Pluie légère,Deux véhicules - côté,,,,,,,,,,,5,2,1,2,3
201500005102,0015-01-08 21:30:00,15,1,8,21,30,420,112,,46.11421,4.26312,Nuit sans éclairage public,Hors agglomération,Hors intersection,Pluie légère,Deux véhicules - frontale,,,,,,,,,,,3,1,1,2,1
201500005103,0015-02-14 18:00:00,15,2,14,18,0,420,16,,46.14616,4.03913,Crépuscule ou aube,Hors agglomération,Hors intersection,Temps couvert,Sans collision,,,,,,,,,,,2,1,1,8,7
201500005104,0015-05-12 18:30:00,15,5,12,18,30,420,141,,46.14917,4.25029,Plein jour,Hors agglomération,Hors intersection,Normale,Autre collision,,,,,,,,,,,1,1,1,1,6
201500005105,0015-05-22 17:15:00,15,5,22,17,15,420,300,,46.11101,4.29056,Plein jour,Hors agglomération,Intersection en X,Normale,Deux véhicules - côté,,,,,,,,,,,1,1,2,1,3
201500005106,0015-06-09 10:45:00,15,6,9,10,45,420,267,,46.15223,4.1562,Plein jour,Hors agglomération,Intersection en T,Normale,Deux véhicules - frontale,,,,,,,,,,,1,1,3,1,1
201500005107,0015-06-15 08:30:00,15,6,15,8,30,420,52,,46.16673,4.1588,Plein jour,Hors agglomération,Hors intersection,Normale,Autre collision,,,,,,,,,,,1,1,1,1,6
201500005108,0015-07-18 18:45:00,15,7,18,18,45,420,14,,46.17803,4.41457,Plein jour,Hors agglomération,Hors intersection,Pluie forte,Autre collision,,,,,,,,,,,1,1,1,3,6
201500005109,0015-08-03 18:15:00,15,8,3,18,15,420,26,rue de la liberation,46.14667,4.08211,Plein jour,En agglomération,Hors intersection,Normale,Autre collision,,,,,,,,,,,1,2,1,1,6
201500005110,0015-10-23 19:45:00,15,10,23,19,45,420,215,,46.19271,4.20598,Nuit sans éclairage public,Hors agglomération,Hors intersection,Normale,Autre collision,,,,,,,,,,,3,1,1,1,6
201500005111,0015-08-30 16:45:00,15,8,30,16,45,420,173,,45.82048,4.06884,Plein jour,Hors agglomération,Hors intersection,Normale,Deux véhicules - arrière,,,,,,,,,,,1,1,1,1,2
201500005112,0015-04-22 12:30:00,15,4,22,12,30,420,230,,45.8237,4.0171,Plein jour,Hors agglomération,Hors intersection,Normale,Autre collision,,,,,,,,,,,1,1,1,1,6
201500005113,0015-06-27 11:15:00,15,6,27,11,15,420,76,impasse du pressoir,45.90672,3.92568,Plein jour,En agglomération,Hors intersection,Normale,Deux véhicules - frontale,,,,,,,,,,,1,2,1,1,1
201500005114,0015-01-03 05:15:00,15,1,3,5,15,730,239,,45.78935,5.95691,Nuit avec éclairage allumé,Hors agglomération,Hors intersection,Brouillard / fumée,Autre collision,,,,,,,,,,,5,1,1,5,6
201500005115,0015-05-17 18:45:00,15,5,17,18,45,730,8,,,,Plein jour,Hors agglomération,Hors intersection,Normale,Autre collision,,,,,,,,,,,1,1,1,1,6
201500005116,0015-07-14 14:45:00,15,7,14,14,45,730,59,Route de Paris,45.75036,5.88187,Plein jour,Hors agglomération,Hors intersection,Normale,Deux véhicules - frontale,,,,,,,,,,,1,1,1,1,1
201500005117,0015-07-31 22:50:00,15,7,31,22,50,730,103,Place de l horloge,45.6601,5.9209,Nuit avec éclairage allumé,Hors agglomération,Place,Normale,Autre collision,,,,,,,,,,,5,1,7,1,6
201500005118,0015-10-01 11:30:00,15,10,1,11,30,730,301,route du chef lieu,45.70784,5.95689,Plein jour,En agglomération,Hors intersection,Normale,Deux véhicules - arrière,,,,,,,,,,,1,2,1,1,2
201500005119,0015-10-16 23:45:00,15,10,16,23,45,730,10,,45.76952,5.93938,Nuit sans éclairage public,Hors agglomération,Hors intersection,Normale,Trois véhicules et plus - collisions multiples,,,,,,,,,,,3,1,1,1,5
201500005120,0015-08-06 14:15:00,15,8,6,14,15,730,30,Rue du Champ de Mars,45.56313,5.97999,Plein jour,Hors agglomération,Intersection en T,Temps éblouissant,Deux véhicules - côté,,,,,,,,,,,1,1,3,7,3
201500005121,0015-10-14 20:30:00,15,10,14,20,30,730,97,,45.57453,5.99984,Nuit sans éclairage public,Hors agglomération,Hors intersection,Temps couvert,Autre collision,,,,,,,,,,,3,1,1,8,6
201500005122,0015-05-16 18:30:00,15,5,16,18,30,730,234,Lieu-dit charmillon,45.68531,6.05949,Plein jour,Hors agglomération,Hors intersection,Normale,Sans collision,,,,,,,,,,,1,1,1,1,7
201500005123,0015-06-10 15:15:00,15,6,10,15,15,730,81,,45.69,6.13199,Plein jour,En agglomération,Hors intersection,Normale,Deux véhicules - arrière,,,,,,,,,,,1,2,1,1,2
201500005124,0015-08-16 02:15:00,15,8,16,2,15,730,4,,45.61293,6.09321,Nuit sans éclairage public,Hors agglomération,Hors intersection,Pluie forte,Sans collision,,,,,,,,,,,3,1,1,3,7
201500005125,0015-09-24 17:15:00,15,9,24,17,15,730,5,,45.67391,6.098,Plein jour,En agglomération,Hors intersection,Normale,Autre collision,,,,,,,,,,,1,2,1,1,6
201500005126,0015-10-13 18:15:00,15,10,13,18,15,730,5,,45.6369,6.08293,Crépuscule ou aube,Hors agglomération,Hors intersection,Pluie légère,Autre collision,,,,,,,,,,,2,1,1,2,6
201500005127,0015-05-25 18:30:00,15,5,25,18,30,730,42,,45.72113,5.79679,Plein jour,Hors agglomération,Hors intersection,Normale,Sans collision,,,,,,,,,,,1,1,1,1,7
201500005128,0015-01-14 17:30:00,15,1,14,17,30,730,270,,45.55438,6.16219,Crépuscule ou aube,Hors agglomération,Intersection en T,Pluie forte,Trois véhicules et plus - collisions multiples,,,,,,,,,,,2,1,3,3,5
201500005129,0015-04-23 19:15:00,15,4,23,19,15,730,159,,45.45027,6.0492,Plein jour,Hors agglomération,Hors intersection,Normale,Deux véhicules - frontale,,,,,,,,,,,1,1,1,1,1
201500005130,0015-04-25 10:00:00,15,4,25,10,0,730,171,,45.50202,6.06796,Plein jour,Hors agglomération,Intersection en T,Normale,Deux véhicules - côté,,,,,,,,,,,1,1,3,1,3
201500005131,0015-08-23 02:45:00,15,8,23,2,45,730,276,,45.4935,6.11151,Nuit sans éclairage public,Hors agglomération,Hors intersection,Normale,Autre collision,,,,,,,,,,,3,1,1,1,6
201500005132,0015-10-27 20:00:00,15,10,27,20,0,730,96,,45.51253,6.08954,Nuit sans éclairage public,Hors agglomération,Hors intersection,Pluie légère,Autre collision,,,,,,,,,,,3,1,1,2,6
201500005133,0015-12-10 18:00:00,15,12,10,18,0,730,171,,45.49693,6.0548,Nuit avec éclairage allumé,En agglomération,Giratoire,Pluie légère,Autre collision,,,,,,,,,,,5,2,6,2,6
201500005134,0015-12-18 18:15:00,15,12,18,18,15,730,151,,45.5114,6.00665,Nuit avec éclairage allumé,Hors agglomération,Intersection en Y,Normale,Trois véhicules et plus - collisions multiples,,,,,,,,,,,5,1,4,1,5
201500005135,0015-01-22 01:45:00,15,1,22,1,45,730,51,CHEMIN DE LA PLAISSE,45.6393,5.85897,Nuit avec éclairage allumé,En agglomération,Hors intersection,Normale,Autre collision,,,,,,,,,,,5,2,1,1,6
201500005136,0015-02-03 18:00:00,15,2,3,18,0,730,179,avenue Costa de BEAUREGA,45.59043,5.88155,Nuit avec éclairage allumé,En agglomération,Hors intersection,Normale,Deux véhicules - côté,,,,,,,,,,,5,2,1,1,3
201500005137,0015-03-11 11:45:00,15,3,11,11,45,730,179,AVENUE DE SAINT EXUPERY,45.6001,5.87322,Plein jour,En agglomération,Intersection en T,Normale,Autre collision,,,,,,,,,,,1,2,3,1,6
201500005138,0015-03-30 19:30:00,15,3,30,19,30,730,179,,45.59709,5.87745,Nuit avec éclairage non allumé,Hors agglomération,Hors intersection,Pluie forte,Autre collision,,,,,,,,,,,4,1,1,3,6
201500005139,0015-06-28 18:15:00,15,6,28,18,15,730,50,,45.67,5.85482,Plein jour,Hors agglomération,Intersection en Y,Normale,Trois véhicules et plus - en chaîne,,,,,,,,,,,1,1,4,1,4
201500005140,0015-08-21 17:45:00,15,8,21,17,45,730,50,,45.67533,5.85315,Plein jour,Hors agglomération,Autre intersection,Normale,Deux véhicules - côté,,,,,,,,,,,1,1,9,1,3
201500005141,0015-08-30 18:45:00,15,8,30,18,45,730,326,,45.52449,5.85388,Plein jour,Hors agglomération,Hors intersection,Normale,Autre collision,,,,,,,,,,,1,1,1,1,6
201500005142,0015-09-20 14:00:00,15,9,20,14,0,730,179,,45.64033,5.86728,Plein jour,Hors agglomération,Hors intersection,Normale,Trois véhicules et plus - collisions multiples,,,,,,,,,,,1,1,1,1,5
201500005143,0015-09-20 16:15:00,15,9,20,16,15,730,51,,45.6479,5.86471,Plein jour,Hors agglomération,Intersection en T,Normale,Deux véhicules - côté,,,,,,,,,,,1,1,3,1,3
201500005144,0015-09-24 19:20:00,15,9,24,19,20,730,179,Rond point de l erier,45.59747,5.88479,Crépuscule ou aube,En agglomération,Giratoire,Normale,Deux véhicules - côté,,,,,,,,,,,2,2,6,1,3
201500005145,0015-10-19 07:15:00,15,10,19,7,15,730,51,,45.65115,5.86631,Crépuscule ou aube,Hors agglomération,Hors intersection,Normale,Deux véhicules - frontale,,,,,,,,,,,2,1,1,1,1
201500005146,0015-12-31 18:45:00,15,12,31,18,45,730,50,,45.6807,5.85107,Nuit sans éclairage public,Hors agglomération,Hors intersection,Normale,Deux véhicules - frontale,,,,,,,,,,,3,1,1,1,1
201500005147,0015-01-25 08:15:00,15,1,25,8,15,730,58,,45.52641,5.73234,Crépuscule ou aube,Hors agglomération,Hors intersection,Normale,Deux véhicules - frontale,,,,,,,,,,,2,1,1,1,1
201500005148,0015-03-21 11:30:00,15,3,21,11,30,730,204,,45.52838,5.691,Plein jour,Hors agglomération,Hors intersection,Pluie légère,Deux véhicules - frontale,,,,,,,,,,,1,1,1,2,1
201500005149,0015-11-29 18:00:00,15,11,29,18,0,730,219,,45.55024,5.77932,Nuit avec éclairage allumé,Hors agglomération,Hors intersection,Pluie légère,Deux véhicules - frontale,,,,,,,,,,,5,1,1,2,1
201500005150,0015-03-23 15:30:00,15,3,23,15,30,730,297,,45.62988,6.32653,Plein jour,Hors agglomération,Hors intersection,Normale,Deux véhicules - côté,,,,,,,,,,,1,1,1,1,3
201500005151,0015-08-16 17:30:00,15,8,16,17,30,730,162,,45.60266,6.27913,Plein jour,Hors agglomération,Hors intersection,Pluie forte,Autre collision,,,,,,,,,,,1,1,1,3,6
201500005152,0015-10-21 16:15:00,15,10,21,16,15,730,196,,45.71592,6.40792,Plein jour,Hors agglomération,Hors intersection,Normale,Deux véhicules - frontale,,,,,,,,,,,1,1,1,1,1
201500005153,0015-10-24 11:30:00,15,10,24,11,30,730,297,,45.6538,6.32044,Plein jour,Hors agglomération,Hors intersection,Normale,Deux véhicules - frontale,,,,,,,,,,,1,1,1,1,1
201500005154,0015-10-31 16:00:00,15,10,31,16,0,730,154,,45.66775,6.33826,Plein jour,Hors agglomération,Hors intersection,Normale,Deux véhicules - frontale,,,,,,,,,,,1,1,1,1,1
201500005155,0015-11-29 09:45:00,15,11,29,9,45,730,129,,45.59653,6.24229,Plein jour,Hors agglomération,Hors intersection,Pluie légère,Autre collision,,,,,,,,,,,1,1,1,2,6
201500005156,0015-06-06 09:00:00,15,6,6,9,0,730,6,,,,Plein jour,Hors agglomération,Hors intersection,Normale,Deux véhicules - côté,,,,,,,,,,,1,1,1,1,3
201500005157,0015-09-19 12:15:00,15,9,19,12,15,730,142,station de Vallandry,,,Plein jour,En agglomération,Hors intersection,Normale,Sans collision,,,,,,,,,,,1,2,1,1,7
201500005158,0015-05-31 17:30:00,15,5,31,17,30,730,34,,45.69798,6.61799,Plein jour,Hors agglomération,Hors intersection,Normale,Sans collision,,,,,,,,,,,1,1,1,1,7
201500005159,0015-06-14 09:30:00,15,6,14,9,30,730,34,,45.7083,6.57831,Plein jour,Hors agglomération,Hors intersection,Normale,Sans collision,,,,,,,,,,,1,1,1,1,7
201500005160,0015-06-27 11:15:00,15,6,27,11,15,730,132,,45.75588,6.59526,Plein jour,Hors agglomération,Hors intersection,Normale,Deux véhicules - frontale,,,,,,,,,,,1,1,1,1,1
201500005161,0015-12-02 15:15:00,15,12,2,15,15,730,211,,45.71747,6.44707,Plein jour,Hors agglomération,Intersection en Y,Normale,Deux véhicules - côté,,,,,,,,,,,1,1,4,1,3
201500005162,0015-01-02 06:15:00,15,1,2,6,15,730,54,Lieu-dit le Berard,45.59289,6.76842,Nuit sans éclairage public,Hors agglomération,Hors intersection,Normale,Sans collision,,,,,,,,,,,3,1,1,1,7
201500005163,0015-03-01 07:00:00,15,3,1,7,0,730,285,,45.6182,6.80747,Crépuscule ou aube,Hors agglomération,Hors intersection,Neige / grêle,Deux véhicules - frontale,,,,,,,,,,,2,1,1,4,1
201500005164,0015-03-20 18:00:00,15,3,20,18,0,730,285,RD1090 - Route du Col d,45.62099,6.80607,Plein jour,En agglomération,Hors intersection,Temps couvert,Autre collision,,,,,,,,,,,1,2,1,8,6
201500005165,0015-06-06 16:00:00,15,6,6,16,0,730,54,,45.6683,6.77428,Plein jour,Hors agglomération,Hors intersection,Normale,Sans collision,,,,,,,,,,,1,1,1,1,7
201500005166,0015-06-25 22:45:00,15,6,25,22,45,730,77,,45.59245,6.73425,Nuit sans éclairage public,Hors agglomération,Autre intersection,Normale,Sans collision,,,,,,,,,,,3,1,9,1,7
201500005167,0015-11-28 18:45:00,15,11,28,18,45,730,285,,45.62567,6.78195,Nuit sans éclairage public,Hors agglomération,Hors intersection,Normale,Deux véhicules - frontale,,,,,,,,,,,3,1,1,1,1
201500005168,0015-12-06 11:30:00,15,12,6,11,30,730,285,,,,Plein jour,Hors agglomération,Hors intersection,Normale,Autre collision,,,,,,,,,,,1,1,1,1,6
201500005169,0015-12-24 13:45:00,15,12,24,13,45,730,54,avenue du centenaire,45.61648,6.76888,Plein jour,En agglomération,Hors intersection,Temps éblouissant,Autre collision,,,,,,,,,,,1,2,1,7,6
201500005170,0015-01-10 20:45:00,15,1,10,20,45,730,15,d90a route de mussilon,45.40005,6.56538,Nuit avec éclairage allumé,En agglomération,Hors intersection,Normale,Deux véhicules - frontale,,,,,,,,,,,5,2,1,1,1
201500005171,0015-04-10 14:45:00,15,4,10,14,45,730,201,,45.4324,6.6923,Plein jour,Hors agglomération,Hors intersection,Normale,Deux véhicules - arrière,,,,,,,,,,,1,1,1,1,2
201500005172,0015-05-23 13:00:00,15,5,23,13,0,730,71,,45.4589,6.7443,Plein jour,Hors agglomération,Hors intersection,Temps couvert,Autre collision,,,,,,,,,,,1,1,1,8,6
201500005173,0015-12-27 11:00:00,15,12,27,11,0,730,55,65 rue de la Poste,45.44279,6.64677,Plein jour,En agglomération,Place,Temps éblouissant,Autre collision,,,,,,,,,,,1,2,7,7,6
201500005174,0015-12-30 10:45:00,15,12,30,10,45,730,15,route de l'altiport,,,Plein jour,En agglomération,Hors intersection,Normale,Autre collision,,,,,,,,,,,1,2,1,1,6
201500005175,0015-03-16 02:15:00,15,3,16,2,15,730,321,,45.46087,6.5457,Nuit sans éclairage public,Hors agglomération,Hors intersection,Normale,Sans collision,,,,,,,,,,,3,1,1,1,7
201500005176,0015-05-17 14:30:00,15,5,17,14,30,730,187,,45.55197,6.46922,Plein jour,Hors agglomération,Hors intersection,Normale,Autre collision,,,,,,,,,,,1,1,1,1,6
201500005177,0015-10-17 20:00:00,15,10,17,20,0,730,181,,45.48498,6.54253,Nuit sans éclairage public,Hors agglomération,Hors intersection,Normale,Deux véhicules - frontale,,,,,,,,,,,3,1,1,1,1
201500005178,0015-12-01 16:30:00,15,12,1,16,30,730,321,,45.46313,6.53769,Plein jour,Hors agglomération,Hors intersection,Normale,Deux véhicules - frontale,,,,,,,,,,,1,1,1,1,1
201500005179,0015-01-10 05:30:00,15,1,10,5,30,730,261,Le Noiray,45.20971,6.54833,Nuit sans éclairage public,En agglomération,Hors intersection,Normale,Sans collision,,,,,,,,,,,3,2,1,1,7
201500005180,0015-03-24 21:15:00,15,3,24,21,15,730,116,,45.21205,6.30679,Nuit avec éclairage allumé,Hors agglomération,Hors intersection,Normale,Autre collision,,,,,,,,,,,5,1,1,1,6
201500005181,0015-03-25 18:30:00,15,3,25,18,30,730,242,,45.19454,6.28395,Crépuscule ou aube,Hors agglomération,Hors intersection,Neige / grêle,Autre collision,,,,,,,,,,,2,1,1,4,6
201500005182,0015-03-28 16:00:00,15,3,28,16,0,730,248,Quai Jules Poncet,45.2756,6.35564,Plein jour,En agglomération,Giratoire,Normale,Deux véhicules - côté,,,,,,,,,,,1,2,6,1,3
201500005183,0015-06-26 11:00:00,15,6,26,11,0,730,116,,45.23985,6.31561,Plein jour,Hors agglomération,Hors intersection,Normale,Deux véhicules - frontale,,,,,,,,,,,1,1,1,1,1
201500005184,0015-07-19 07:00:00,15,7,19,7,0,730,248,,45.27105,6.33666,Plein jour,Hors agglomération,Hors intersection,Normale,Sans collision,,,,,,,,,,,1,1,1,1,7
201500005185,0015-08-29 15:00:00,15,8,29,15,0,730,306,,45.08378,6.42768,Plein jour,Hors agglomération,Hors intersection,Normale,Deux véhicules - frontale,,,,,,,,,,,1,1,1,1,1
201500005186,0015-11-30 10:15:00,15,11,30,10,15,730,248,,,,Plein jour,Hors agglomération,Hors intersection,Normale,Deux véhicules - arrière,,,,,,,,,,,1,1,1,1,2
201500005187,0015-04-18 14:00:00,15,4,18,14,0,730,19,,45.4921,6.3062,Plein jour,Hors agglomération,Hors intersection,Normale,Deux véhicules - frontale,,,,,,,,,,,1,1,1,1,1
201500005188,0015-07-21 12:15:00,15,7,21,12,15,730,235,PLACE DE LA MADELEINE,45.41619,6.36245,Plein jour,En agglomération,Intersection en Y,Normale,Deux véhicules - côté,,,,,,,,,,,1,2,4,1,3
201500005189,0015-07-25 11:00:00,15,7,25,11,0,730,278,route de la lauzière,45.39557,6.2679,Plein jour,En agglomération,Hors intersection,Normale,Deux véhicules - frontale,,,,,,,,,,,1,2,1,1,1
201500005190,0015-04-22 14:45:00,15,4,22,14,45,730,290,,45.27356,6.81319,Plein jour,Hors agglomération,Hors intersection,Normale,Deux véhicules - frontale,,,,,,,,,,,1,1,1,1,1
201500005191,0015-07-05 10:45:00,15,7,5,10,45,730,143,,45.27634,6.90703,Plein jour,Hors agglomération,Hors intersection,Normale,Trois véhicules et plus - collisions multiples,,,,,,,,,,,1,1,1,1,5
201500005192,0015-12-04 08:15:00,15,12,4,8,15,730,223,,45.20066,6.59408,Plein jour,Hors agglomération,Hors intersection,Neige / grêle,Autre collision,,,,,,,,,,,1,1,1,4,6
201500005193,0015-01-16 20:30:00,15,1,16,20,30,740,104,139 rte Marceau dessous,,,Nuit avec éclairage allumé,En agglomération,Hors intersection,Pluie légère,Autre collision,,,,,,,,,,,5,2,1,2,6
201500005194,0015-04-04 03:30:00,15,4,4,3,30,740,234,,,,Nuit sans éclairage public,Hors agglomération,Hors intersection,Pluie forte,Autre collision,,,,,,,,,,,3,1,1,3,6
201500005195,0015-06-02 19:15:00,15,6,2,19,15,740,104,ROUTE DU PONT MONNET,,,Plein jour,Hors agglomération,Intersection en Y,Temps éblouissant,Deux véhicules - frontale,,,,,,,,,,,1,1,4,7,1
201500005196,0015-06-07 10:00:00,15,6,7,10,0,740,275,,,,Plein jour,Hors agglomération,Hors intersection,Normale,Trois véhicules et plus - en chaîne,,,,,,,,,,,1,1,1,1,4
201500005197,0015-06-21 18:45:00,15,6,21,18,45,740,242,,,,Plein jour,Hors agglomération,Hors intersection,Normale,Deux véhicules - côté,,,,,,,,,,,1,1,1,1,3
201500005198,0015-06-24 18:00:00,15,6,24,18,0,740,167,,,,Plein jour,Hors agglomération,Intersection en X,Temps éblouissant,Deux véhicules - arrière,,,,,,,,,,,1,1,2,7,2
201500005199,0015-06-29 15:45:00,15,6,29,15,45,740,135,,,,Plein jour,Hors agglomération,Hors intersection,Temps éblouissant,Deux véhicules - frontale,,,,,,,,,,,1,1,1,7,1
201500005200,0015-07-01 20:10:00,15,7,1,20,10,740,275,BALMETTE,,,Crépuscule ou aube,Hors agglomération,Hors intersection,Normale,Deux véhicules - arrière,,,,,,,,,,,2,1,1,1,2
201500005201,0015-07-03 15:15:00,15,7,3,15,15,740,104,,,,Plein jour,Hors agglomération,Hors intersection,Temps éblouissant,Trois véhicules et plus - collisions multiples,,,,,,,,,,,1,1,1,7,5
201500005202,0015-07-18 15:30:00,15,7,18,15,30,740,148,,,,Plein jour,Hors agglomération,Hors intersection,Normale,Sans collision,,,,,,,,,,,1,1,1,1,7
201500005203,0015-08-08 17:15:00,15,8,8,17,15,740,267,688 ROUTE DE LA PLANCHE,,,Plein jour,Hors agglomération,Hors intersection,Normale,Deux véhicules - frontale,,,,,,,,,,,1,1,1,1,1
201500005204,0015-08-29 19:15:00,15,8,29,19,15,740,123,,,,Plein jour,Hors agglomération,Hors intersection,Normale,Sans collision,,,,,,,,,,,1,1,1,1,7
201500005205,0015-09-21 22:00:00,15,9,21,22,0,740,267,ROUTE D'ALBERTVILLE,,,Nuit avec éclairage allumé,Hors agglomération,Hors intersection,Normale,Sans collision,,,,,,,,,,,5,1,1,1,7