accident_id,datetime,annee,mois,jour,heure,minute,departement,commune_insee,adresse,latitude,longitude,luminosite,agglomeration,intersection,meteo,collision,nb_vehicules,nb_usagers,nb_indemnes,nb_tues,nb_blesses_hosp,nb_blesses_legers,age_cond_1,age_cond_2,veh_type_cond_1,veh_type_cond_2,lum_code,agg_code,int_code,atm_code,col_code
201500005348,0015-11-03 10:00:00,15,11,3,10,0,630,146,,,,Plein jour,Hors agglomération,Hors intersection,Temps couvert,Deux véhicules - frontale,,,,,,,,,,,1,1,1,8,1
201500005349,0015-11-05 07:00:00,15,11,5,7,0,630,34,,,,Crépuscule ou aube,Hors agglomération,Hors intersection,Normale,Deux véhicules - côté,,,,,,,,,,,2,1,1,1,3
201500005350,0015-11-07 22:15:00,15,11,7,22,15,630,453,30 avenue Jacques Duclos,,,Nuit avec éclairage allumé,En agglomération,Hors intersection,Normale,Autre collision,,,,,,,,,,,5,2,1,1,6
201500005351,0015-11-10 18:15:00,15,11,10,18,15,630,297,,,,Crépuscule ou aube,Hors agglomération,Hors intersection,Normale,Deux véhicules - arrière,,,,,,,,,,,2,1,1,1,2
201500005352,0015-11-21 12:15:00,15,11,21,12,15,630,45,,,,Plein jour,Hors agglomération,Hors intersection,Normale,Deux véhicules - côté,,,,,,,,,,,1,1,1,1,3
201500005353,0015-12-27 17:15:00,15,12,27,17,15,630,368,lieu-dit CONTOURNAT,,,Nuit sans éclairage public,En agglomération,Hors intersection,Normale,Deux véhicules - côté,,,,,,,,,,,3,2,1,1,3
201500005354,0015-03-31 21:15:00,15,3,31,21,15,630,192,,45.559,2.673,Nuit sans éclairage public,Hors agglomération,Hors intersection,Normale,Autre collision,,,,,,,,,,,3,1,1,1,6
201500005355,0015-05-24 17:15:00,15,5,24,17,15,630,192,,,,Plein jour,Hors agglomération,Hors intersection,Normale,Sans collision,,,,,,,,,,,1,1,1,1,7
201500005356,0015-10-25 12:15:00,15,10,25,12,15,630,397,,45.633,2.694,Plein jour,Hors agglomération,Hors intersection,Normale,Autre collision,,,,,,,,,,,1,1,1,1,6
201500005357,0015-11-08 15:30:00,15,11,8,15,30,630,279,,,,Plein jour,Hors agglomération,Hors intersection,Temps éblouissant,Deux véhicules - arrière,,,,,,,,,,,1,1,1,7,2
201500005358,0015-05-06 07:45:00,15,5,6,7,45,630,417,,45.83508,3.0466,Plein jour,Hors agglomération,Intersection en X,Normale,Deux véhicules - côté,,,,,,,,,,,1,1,2,1,3
201500005359,0015-09-30 17:45:00,15,9,30,17,45,630,417,,45.833,3.048,Plein jour,Hors agglomération,Hors intersection,Normale,Deux véhicules - frontale,,,,,,,,,,,1,1,1,1,1
201500005360,0015-11-25 08:45:00,15,11,25,8,45,630,417,,,,Plein jour,Hors agglomération,Hors intersection,Pluie légère,Sans collision,,,,,,,,,,,1,1,1,2,7
201500005361,0015-01-02 19:45:00,15,1,2,19,45,630,213,route de lussat,45.8374,3.2613,Nuit avec éclairage allumé,En agglomération,Intersection en X,Temps couvert,Deux véhicules - côté,,,,,,,,,,,5,2,2,8,3
201500005362,0015-01-28 12:15:00,15,1,28,12,15,630,284,72 avenue besserve,45.79515,3.25834,Plein jour,En agglomération,Hors intersection,Normale,Deux véhicules - frontale,,,,,,,,,,,1,2,1,1,1
201500005363,0015-03-04 19:00:00,15,3,4,19,0,630,200,,,,Nuit sans éclairage public,Hors agglomération,Hors intersection,Normale,Deux véhicules - côté,,,,,,,,,,,3,1,1,1,3
201500005364,0015-04-13 08:15:00,15,4,13,8,15,630,200,,,,Plein jour,Hors agglomération,Hors intersection,Temps éblouissant,Deux véhicules - arrière,,,,,,,,,,,1,1,1,7,2
201500005365,0015-05-30 04:00:00,15,5,30,4,0,630,284,,45.7897,3.22489,Nuit sans éclairage public,En agglomération,Hors intersection,Normale,Sans collision,,,,,,,,,,,3,2,1,1,7
201500005366,0015-08-14 18:45:00,15,8,14,18,45,630,204,,,,Plein jour,Hors agglomération,Hors intersection,Temps couvert,Deux véhicules - frontale,,,,,,,,,,,1,1,1,8,1
201500005367,0015-09-12 12:45:00,15,9,12,12,45,630,200,,,,Plein jour,Hors agglomération,Hors intersection,Pluie forte,Deux véhicules - côté,,,,,,,,,,,1,1,1,3,3
201500005368,0015-01-17 15:45:00,15,1,17,15,45,630,274,,,,Plein jour,Hors agglomération,Hors intersection,Normale,Deux véhicules - côté,,,,,,,,,,,1,1,1,1,3
201500005369,0015-08-03 05:45:00,15,8,3,5,45,630,399,,45.659,2.636,Crépuscule ou aube,Hors agglomération,Hors intersection,Normale,Sans collision,,,,,,,,,,,2,1,1,1,7
201500005370,0015-09-25 11:15:00,15,9,25,11,15,630,451,,45.657,2.855,Plein jour,Hors agglomération,Hors intersection,Normale,Sans collision,,,,,,,,,,,1,1,1,1,7
201500005371,0015-10-27 20:30:00,15,10,27,20,30,630,257,,45.741,2.868,Nuit avec éclairage allumé,Hors agglomération,Hors intersection,Normale,Autre collision,,,,,,,,,,,5,1,1,1,6
201500005372,0015-12-25 10:15:00,15,12,25,10,15,630,71,,45.746,2.953,Plein jour,Hors agglomération,Hors intersection,Normale,Sans collision,,,,,,,,,,,1,1,1,1,7
201500005373,0015-02-03 15:00:00,15,2,3,15,0,630,282,,45.625,3.152,Plein jour,Hors agglomération,Hors intersection,Normale,Autre collision,,,,,,,,,,,1,1,1,1,6
201500005374,0015-03-13 19:45:00,15,3,13,19,45,630,396,,,,Nuit sans éclairage public,Hors agglomération,Hors intersection,Pluie légère,Autre collision,,,,,,,,,,,3,1,1,2,6
201500005375,0015-05-03 01:00:00,15,5,3,1,0,630,214,,,,Nuit sans éclairage public,Hors agglomération,Hors intersection,Pluie forte,Deux véhicules - frontale,,,,,,,,,,,3,1,1,3,1
201500005376,0015-06-09 10:00:00,15,6,9,10,0,630,214,,45.67254,3.20803,Plein jour,Hors agglomération,Intersection en X,Normale,Deux véhicules - côté,,,,,,,,,,,1,1,2,1,3
201500005377,0015-06-14 19:30:00,15,6,14,19,30,630,457,,45.66248,3.21145,Plein jour,En agglomération,Intersection en X,Pluie légère,Deux véhicules - frontale,,,,,,,,,,,1,2,2,2,1
201500005378,0015-06-26 12:30:00,15,6,26,12,30,630,457,Chemin Four de Lachaux,45.64063,3.24275,Plein jour,En agglomération,Intersection en X,Normale,Deux véhicules - côté,,,,,,,,,,,1,2,2,1,3
201500005379,0015-07-04 23:15:00,15,7,4,23,15,630,26,,45.687,2.97,Nuit sans éclairage public,Hors agglomération,Hors intersection,Normale,Deux véhicules - côté,,,,,,,,,,,3,1,1,1,3
201500005380,0015-08-27 14:00:00,15,8,27,14,0,630,280,,45.646,3.286,Plein jour,Hors agglomération,Autre intersection,Normale,Deux véhicules - côté,,,,,,,,,,,1,1,9,1,3
201500005381,0015-10-22 19:45:00,15,10,22,19,45,630,26,D213 VERNEUGE,45.67251,2.97362,Nuit avec éclairage non allumé,En agglomération,Hors intersection,Pluie légère,Autre collision,,,,,,,,,,,4,2,1,2,6
201500005382,0015-10-10 21:15:00,15,10,10,21,15,630,455,,45.676,3.183,Nuit sans éclairage public,Hors agglomération,Hors intersection,Normale,Autre collision,,,,,,,,,,,3,1,1,1,6
201500005383,0015-12-02 07:00:00,15,12,2,7,0,630,227,,45.686,3.216,Nuit sans éclairage public,Hors agglomération,Hors intersection,Normale,Deux véhicules - côté,,,,,,,,,,,3,1,1,1,3
201500005384,0015-12-05 06:15:00,15,12,5,6,15,630,227,AVENUE DE LA GARE,,,Nuit avec éclairage allumé,En agglomération,Hors intersection,Normale,Autre collision,,,,,,,,,,,5,2,1,1,6
201500005385,0015-02-22 16:45:00,15,2,22,16,45,630,3,route de chadernolles,45.542,3.75,Plein jour,En agglomération,Hors intersection,Normale,Deux véhicules - côté,,,,,,,,,,,1,2,1,1,3
201500005386,0015-03-12 17:00:00,15,3,12,17,0,630,3,,45.526,3.757,Plein jour,Hors agglomération,Hors intersection,Normale,Autre collision,,,,,,,,,,,1,1,1,1,6
201500005387,0015-03-19 08:00:00,15,3,19,8,0,630,211,,,,Plein jour,Hors agglomération,Hors intersection,Brouillard / fumée,Trois véhicules et plus - collisions multiples,,,,,,,,,,,1,1,1,5,5
201500005388,0015-04-28 17:15:00,15,4,28,17,15,630,3,,45.588,3.734,Plein jour,Hors agglomération,Hors intersection,Normale,Deux véhicules - arrière,,,,,,,,,,,1,1,1,1,2
201500005389,0015-06-14 09:00:00,15,6,14,9,0,630,211,,45.48,3.764,Plein jour,Hors agglomération,Hors intersection,Normale,Autre collision,,,,,,,,,,,1,1,1,1,6
201500005390,0015-07-23 15:45:00,15,7,23,15,45,630,179,,45.63734,3.7286,Plein jour,Hors agglomération,Hors intersection,Normale,Deux véhicules - frontale,,,,,,,,,,,1,1,1,1,1
201500005391,0015-10-16 10:45:00,15,10,16,10,45,630,10,,45.4286,3.72078,Plein jour,Hors agglomération,Hors intersection,Temps couvert,Deux véhicules - frontale,,,,,,,,,,,1,1,1,8,1
201500005392,0015-10-03 13:30:00,15,10,3,13,30,630,258,La Chapelette,45.68,3.634,Plein jour,En agglomération,Hors intersection,Pluie forte,Autre collision,,,,,,,,,,,1,2,1,3,6
201500005393,0015-01-31 11:45:00,15,1,31,11,45,630,412,,,,Plein jour,Hors agglomération,Hors intersection,Neige / grêle,Autre collision,,,,,,,,,,,1,1,1,4,6
201500005394,0015-10-11 15:00:00,15,10,11,15,0,630,319,,45.574,3.885,Plein jour,Hors agglomération,Hors intersection,Normale,Sans collision,,,,,,,,,,,1,1,1,1,7
201500005395,0015-06-14 15:45:00,15,6,14,15,45,630,314,,45.589,3.628,Plein jour,Hors agglomération,Hors intersection,Pluie forte,Trois véhicules et plus - collisions multiples,,,,,,,,,,,1,1,1,3,5
201500005396,0015-03-31 21:15:00,15,3,31,21,15,630,178,Boulevard Albert Buisson,45.54616,3.24895,Plein jour,En agglomération,Intersection en X,Normale,Deux véhicules - côté,,,,,,,,,,,1,2,2,1,3
201500005397,0015-04-14 15:00:00,15,4,14,15,0,630,261,,,,Plein jour,Hors agglomération,Hors intersection,Normale,Deux véhicules - frontale,,,,,,,,,,,1,1,1,1,1
201500005398,0015-07-20 11:30:00,15,7,20,11,30,630,121,D797 - ZA Pérache,45.6093,3.2211,Plein jour,En agglomération,Hors intersection,Normale,Deux véhicules - arrière,,,,,,,,,,,1,2,1,1,2
201500005399,0015-10-10 13:45:00,15,10,10,13,45,630,178,avenue kennedy,45.5513,3.25,Plein jour,En agglomération,Intersection en T,Normale,Deux véhicules - côté,,,,,,,,,,,1,2,3,1,3
201500005400,0015-11-24 13:30:00,15,11,24,13,30,630,342,,45.5512,3.1088,Plein jour,En agglomération,Hors intersection,Normale,Sans collision,,,,,,,,,,,1,2,1,1,7
201500005401,0015-12-06 13:45:00,15,12,6,13,45,630,178,chemin des vigeires,45.54519,3.26877,Plein jour,En agglomération,Hors intersection,Normale,Sans collision,,,,,,,,,,,1,2,1,1,7
201500005402,0015-05-29 14:45:00,15,5,29,14,45,630,38,,,,Plein jour,Hors agglomération,Hors intersection,Vent fort / tempête,Sans collision,,,,,,,,,,,1,1,1,6,7
201500005403,0015-07-12 10:00:00,15,7,12,10,0,630,117,,,,Plein jour,Hors agglomération,Hors intersection,Temps éblouissant,Deux véhicules - frontale,,,,,,,,,,,1,1,1,7,1
201500005404,0015-07-19 17:30:00,15,7,19,17,30,630,77,,,,Plein jour,Hors agglomération,Hors intersection,Normale,Deux véhicules - arrière,,,,,,,,,,,1,1,1,1,2
201500005405,0015-08-26 19:15:00,15,8,26,19,15,630,38,Rue de la Croix de Combe,45.50945,2.93817,Plein jour,En agglomération,Hors intersection,Normale,Deux véhicules - frontale,,,,,,,,,,,1,2,1,1,1
201500005406,0015-09-04 15:15:00,15,9,4,15,15,630,383,,,,Plein jour,Hors agglomération,Hors intersection,Normale,Deux véhicules - arrière,,,,,,,,,,,1,1,1,1,2
201500005407,0015-10-01 16:00:00,15,10,1,16,0,630,77,,,,Plein jour,Hors agglomération,Hors intersection,Normale,Autre collision,,,,,,,,,,,1,1,1,1,6
201500005408,0015-11-18 13:30:00,15,11,18,13,30,630,144,Route de St Genès,,,Plein jour,En agglomération,Hors intersection,Normale,Autre collision,,,,,,,,,,,1,2,1,1,6
201500005409,0015-12-31 22:30:00,15,12,31,22,30,630,182,,45.43,3.335,Nuit sans éclairage public,Hors agglomération,Hors intersection,Brouillard / fumée,Autre collision,,,,,,,,,,,3,1,1,5,6
201500005410,0015-01-09 11:15:00,15,1,9,11,15,630,423,,,,Plein jour,Hors agglomération,Hors intersection,Temps couvert,Deux véhicules - frontale,,,,,,,,,,,1,1,1,8,1
201500005411,0015-02-15 11:45:00,15,2,15,11,45,630,366,,,,Plein jour,Hors agglomération,Hors intersection,Normale,Sans collision,,,,,,,,,,,1,1,1,1,7
201500005412,0015-05-03 14:00:00,15,5,3,14,0,630,22,25 avenue des dunes,45.43804,3.30656,Plein jour,En agglomération,Hors intersection,Normale,Autre collision,,,,,,,,,,,1,2,1,1,6
201500005413,0015-06-19 13:00:00,15,6,19,13,0,630,415,,45.554,3.36,Plein jour,Hors agglomération,Hors intersection,Normale,Deux véhicules - frontale,,,,,,,,,,,1,1,1,1,1
201500005414,0015-07-04 10:30:00,15,7,4,10,30,630,50,rue des Sarailleres,45.41357,3.32005,Plein jour,En agglomération,Autre intersection,Normale,Deux véhicules - côté,,,,,,,,,,,1,2,9,1,3
201500005415,0015-07-17 18:15:00,15,7,17,18,15,630,50,Avenue de Charbonnier,45.41466,3.31956,Plein jour,En agglomération,Giratoire,Normale,Deux véhicules - côté,,,,,,,,,,,1,2,6,1,3
201500005416,0015-11-07 10:15:00,15,11,7,10,15,630,367,,,,Crépuscule ou aube,Hors agglomération,Hors intersection,Normale,Deux véhicules - frontale,,,,,,,,,,,2,1,1,1,1
201500005417,0015-11-11 15:45:00,15,11,11,15,45,630,444,,45.5285,3.3111,Plein jour,Hors agglomération,Intersection en T,Normale,Deux véhicules - frontale,,,,,,,,,,,1,1,3,1,1
201500005418,0015-12-27 19:00:00,15,12,27,19,0,630,29,,,,Nuit sans éclairage public,Hors agglomération,Hors intersection,Normale,Autre collision,,,,,,,,,,,3,1,1,1,6
201500005419,0015-04-15 01:45:00,15,4,15,1,45,630,203,,,,Nuit sans éclairage public,Hors agglomération,Hors intersection,Normale,Autre collision,,,,,,,,,,,3,1,1,1,6
201500005420,0015-10-31 16:30:00,15,10,31,16,30,630,203,,45.8451,3.0449,Plein jour,Hors agglomération,Hors intersection,Normale,Sans collision,,,,,,,,,,,1,1,1,1,7
201500005421,0015-02-19 07:00:00,15,2,19,7,0,630,68,,45.951,3.159,Crépuscule ou aube,Hors agglomération,Hors intersection,Normale,Deux véhicules - côté,,,,,,,,,,,2,1,1,1,3
201500005422,0015-06-07 03:45:00,15,6,7,3,45,630,379,16 rue des jardins,45.9932,3.13236,Nuit avec éclairage allumé,En agglomération,Hors intersection,Normale,Autre collision,,,,,,,,,,,5,2,1,1,6
201500005423,0015-06-12 00:45:00,15,6,12,0,45,630,116,,,,Nuit sans éclairage public,Hors agglomération,Giratoire,Normale,Autre collision,,,,,,,,,,,3,1,6,1,6
201500005424,0015-06-20 17:30:00,15,6,20,17,30,630,235,,,,Plein jour,Hors agglomération,Hors intersection,Normale,Deux véhicules - côté,,,,,,,,,,,1,1,1,1,3
201500005425,0015-07-01 07:30:00,15,7,1,7,30,630,12,,,,Plein jour,En agglomération,Hors intersection,Temps éblouissant,Deux véhicules - frontale,,,,,,,,,,,1,2,1,7,1
201500005426,0015-07-12 06:00:00,15,7,12,6,0,630,235,lavaur,,,Plein jour,Hors agglomération,Hors intersection,Normale,Sans collision,,,,,,,,,,,1,1,1,1,7
201500005427,0015-07-14 18:15:00,15,7,14,18,15,630,432,,45.967,3.259,Plein jour,Hors agglomération,Hors intersection,Normale,Trois véhicules et plus - collisions multiples,,,,,,,,,,,1,1,1,1,5
201500005428,0015-12-11 23:00:00,15,12,11,23,0,630,13,,45.984,3.177,Nuit sans éclairage public,Hors agglomération,Hors intersection,Normale,Sans collision,,,,,,,,,,,3,1,1,1,7
201500005429,0015-04-18 00:15:00,15,4,18,0,15,630,148,,45.892,3.192,Nuit sans éclairage public,Hors agglomération,Hors intersection,Normale,Autre collision,,,,,,,,,,,3,1,1,1,6
201500005430,0015-06-24 19:00:00,15,6,24,19,0,630,295,,46.025,3.366,Plein jour,Hors agglomération,Hors intersection,Temps éblouissant,Deux véhicules - arrière,,,,,,,,,,,1,1,1,7,2
201500005431,0015-08-11 11:45:00,15,8,11,11,45,630,89,,45.877,3.231,Plein jour,Hors agglomération,Hors intersection,Normale,Deux véhicules - côté,,,,,,,,,,,1,1,1,1,3
201500005432,0015-09-20 10:15:00,15,9,20,10,15,630,295,,46.009,3.358,Plein jour,Hors agglomération,Hors intersection,Normale,Trois véhicules et plus - collisions multiples,,,,,,,,,,,1,1,1,1,5
201500005433,0015-11-01 02:30:00,15,11,1,2,30,630,443,,45.944,3.196,Nuit sans éclairage public,Hors agglomération,Hors intersection,Normale,Sans collision,,,,,,,,,,,3,1,1,1,7
201500005434,0015-08-29 12:00:00,15,8,29,12,0,630,339,,,,Plein jour,Hors agglomération,Hors intersection,Normale,Sans collision,,,,,,,,,,,1,1,1,1,7
201500005435,0015-12-18 22:00:00,15,12,18,22,0,630,238,,,,Nuit sans éclairage public,Hors agglomération,Hors intersection,Normale,Autre collision,,,,,,,,,,,3,1,1,1,6
201500005436,0015-05-30 18:45:00,15,5,30,18,45,630,338,rue du puit du manoir,46.16498,2.8394,Plein jour,En agglomération,Intersection en X,Normale,Deux véhicules - côté,,,,,,,,,,,1,2,2,1,3
201500005437,0015-07-20 17:30:00,15,7,20,17,30,630,419,,,,Plein jour,Hors agglomération,Hors intersection,Normale,Deux véhicules - côté,,,,,,,,,,,1,1,1,1,3
201500005438,0015-08-19 10:15:00,15,8,19,10,15,630,338,RD 2144,,,Plein jour,Hors agglomération,Hors intersection,Normale,Deux véhicules - frontale,,,,,,,,,,,1,1,1,1,1
201500005439,0015-10-28 18:15:00,15,10,28,18,15,630,338,88 rue des Bayons,46.162,2.8441,Nuit avec éclairage allumé,En agglomération,Hors intersection,Pluie légère,Autre collision,,,,,,,,,,,5,2,1,2,6
201500005440,0015-02-18 03:00:00,15,2,18,3,0,630,151,,,,Nuit sans éclairage public,Hors agglomération,Hors intersection,Normale,Autre collision,,,,,,,,,,,3,1,1,1,6
201500005441,0015-03-14 18:45:00,15,3,14,18,45,630,430,22 Avenue Ernest GRANGE,45.86024,3.54083,Plein jour,En agglomération,Hors intersection,Normale,Deux véhicules - frontale,,,,,,,,,,,1,2,1,1,1
201500005442,0015-04-13 09:00:00,15,4,13,9,0,630,430,Av BERANGER/VOLTAIRE,45.85211,3.54157,Plein jour,En agglomération,Intersection en X,Normale,Trois véhicules et plus - collisions multiples,,,,,,,,,,,1,2,2,1,5
201500005443,0015-04-22 02:30:00,15,4,22,2,30,630,430,,45.86651,3.52616,Nuit sans éclairage public,Hors agglomération,Hors intersection,Normale,Sans collision,,,,,,,,,,,3,1,1,1,7
201500005444,0015-05-12 19:45:00,15,5,12,19,45,630,430,,,,Crépuscule ou aube,Hors agglomération,Hors intersection,Normale,Deux véhicules - côté,,,,,,,,,,,2,1,1,1,3
201500005445,0015-05-18 13:00:00,15,5,18,13,0,630,430,58 rue Zamehoff,45.86199,3.5499,Plein jour,En agglomération,Hors intersection,Normale,Autre collision,,,,,,,,,,,1,2,1,1,6
201500005446,0015-06-04 08:15:00,15,6,4,8,15,630,267,à 30m RD 64,45.90598,3.63342,Plein jour,Hors agglomération,Hors intersection,Normale,Deux véhicules - frontale,,,,,,,,,,,1,1,1,1,1
201500005447,0015-06-26 16:30:00,15,6,26,16,30,630,138,,,,Plein jour,Hors agglomération,Hors intersection,Normale,Deux véhicules - frontale,,,,,,,,,,,1,1,1,1,1
201500005448,0015-07-04 03:00:00,15,7,4,3,0,630,393,rue Jean Jaures,45.88458,3.59214,Nuit avec éclairage allumé,En agglomération,Hors intersection,Normale,Autre collision,,,,,,,,,,,5,2,1,1,6
201500005449,0015-02-14 12:00:00,15,2,14,12,0,630,131,,,,Plein jour,Hors agglomération,Hors intersection,Normale,Sans collision,,,,,,,,,,,1,1,1,1,7
201500005450,0015-06-09 23:00:00,15,6,9,23,0,630,469,,,,Nuit sans éclairage public,Hors agglomération,Hors intersection,Normale,Deux véhicules - côté,,,,,,,,,,,3,1,1,1,3
201500005451,0015-06-05 13:45:00,15,6,5,13,45,630,195,ave du général DE GAULLE,,,Plein jour,En agglomération,Hors intersection,Normale,Deux véhicules - frontale,,,,,,,,,,,1,2,1,1,1
201500005452,0015-08-17 15:15:00,15,8,17,15,15,630,469,,45.791,3.602,Plein jour,Hors agglomération,Hors intersection,Normale,Sans collision,,,,,,,,,,,1,1,1,1,7
201500005453,0015-09-25 11:45:00,15,9,25,11,45,630,249,,,,Plein jour,Hors agglomération,Hors intersection,Normale,Trois véhicules et plus - collisions multiples,,,,,,,,,,,1,1,1,1,5
201500005454,0015-04-04 03:15:00,15,4,4,3,15,630,210,,,,Nuit sans éclairage public,Hors agglomération,Hors intersection,Normale,Sans collision,,,,,,,,,,,3,1,1,1,7
201500005455,0015-06-26 17:15:00,15,6,26,17,15,630,180,,45.865,3.309,Plein jour,Hors agglomération,Hors intersection,Normale,Deux véhicules - arrière,,,,,,,,,,,1,1,1,1,2
201500005456,0015-11-07 13:45:00,15,11,7,13,45,630,210,,,,Plein jour,Hors agglomération,Intersection en X,Normale,Deux véhicules - côté,,,,,,,,,,,1,1,2,1,3
201500005457,0015-12-28 00:15:00,15,12,28,0,15,630,271,,,,Nuit sans éclairage public,Hors agglomération,Hors intersection,Normale,Autre collision,,,,,,,,,,,3,1,1,1,6
201500005458,0015-01-05 09:30:00,15,1,5,9,30,30,290,2 place Jean Thomas,46.633,3.307,Plein jour,En agglomération,Hors intersection,Normale,Autre collision,,,,,,,,,,,1,2,1,1,6
201500005459,0015-02-22 17:00:00,15,2,22,17,0,30,15,,,,Crépuscule ou aube,Hors agglomération,Hors intersection,Neige / grêle,Sans collision,,,,,,,,,,,2,1,1,4,7
201500005460,0015-08-24 16:45:00,15,8,24,16,45,30,121,,46.617,3.366,Plein jour,Hors agglomération,Hors intersection,Vent fort / tempête,Deux véhicules - frontale,,,,,,,,,,,1,1,1,6,1
201500005461,0015-09-06 13:00:00,15,9,6,13,0,30,229,4 rue Jean Moulin,,,Plein jour,En agglomération,Hors intersection,Normale,Deux véhicules - côté,,,,,,,,,,,1,2,1,1,3
201500005462,0015-10-07 10:15:00,15,10,7,10,15,30,286,,,,Plein jour,Hors agglomération,Hors intersection,Normale,Deux véhicules - arrière,,,,,,,,,,,1,1,1,1,2
201500005463,0015-01-24 13:00:00,15,1,24,13,0,30,146,,,,Plein jour,Hors agglomération,Hors intersection,Neige / grêle,Autre collision,,,,,,,,,,,1,1,1,4,6
201500005464,0015-02-02 18:45:00,15,2,2,18,45,30,320,,,,Nuit sans éclairage public,Hors agglomération,Hors intersection,Normale,Trois véhicules et plus - en chaîne,,,,,,,,,,,3,1,1,1,4
201500005465,0015-07-31 17:00:00,15,7,31,17,0,30,155,,46.773,2.928,Plein jour,Hors agglomération,Hors intersection,Normale,Deux véhicules - frontale,,,,,,,,,,,1,1,1,1,1
201500005466,0015-01-16 18:15:00,15,1,16,18,15,30,265,,,,Nuit sans éclairage public,Hors agglomération,Hors intersection,Normale,Deux véhicules - arrière,,,,,,,,,,,3,1,1,1,2
201500005467,0015-02-17 13:30:00,15,2,17,13,30,30,102,,,,Plein jour,En agglomération,Autre intersection,Normale,Autre collision,,,,,,,,,,,1,2,9,1,6
201500005468,0015-03-05 12:00:00,15,3,5,12,0,30,102,CD480/CD779,,,Plein jour,En agglomération,Intersection en X,Normale,Deux véhicules - frontale,,,,,,,,,,,1,2,2,1,1
201500005469,0015-04-20 07:30:00,15,4,20,7,30,30,102,rue de vichy,,,Plein jour,En agglomération,Hors intersection,Normale,Deux véhicules - frontale,,,,,,,,,,,1,2,1,1,1
201500005470,0015-07-01 12:30:00,15,7,1,12,30,30,300,,,,Plein jour,Hors agglomération,Hors intersection,Normale,Autre collision,,,,,,,,,,,1,1,1,1,6
201500005471,0015-07-24 06:30:00,15,7,24,6,30,30,265,,,,Crépuscule ou aube,Hors agglomération,Hors intersection,Normale,Deux véhicules - frontale,,,,,,,,,,,2,1,1,1,1
201500005472,0015-07-25 08:00:00,15,7,25,8,0,30,177,,,,Plein jour,Hors agglomération,Hors intersection,Normale,Autre collision,,,,,,,,,,,1,1,1,1,6
201500005473,0015-09-09 21:30:00,15,9,9,21,30,30,300,,,,Nuit sans éclairage public,Hors agglomération,Hors intersection,Normale,Autre collision,,,,,,,,,,,3,1,1,1,6
201500005474,0015-10-30 11:30:00,15,10,30,11,30,30,102,,,,Plein jour,Hors agglomération,Hors intersection,Normale,Deux véhicules - arrière,,,,,,,,,,,1,1,1,1,2
201500005475,0015-12-14 13:45:00,15,12,14,13,45,30,102,,,,Plein jour,Hors agglomération,Hors intersection,Normale,Autre collision,,,,,,,,,,,1,1,1,1,6
201500005476,0015-06-17 19:45:00,15,6,17,19,45,30,156,,,,Plein jour,Hors agglomération,Hors intersection,Normale,Deux véhicules - côté,,,,,,,,,,,1,1,1,1,3
201500005477,0015-08-02 17:45:00,15,8,2,17,45,30,283,,46.833,3.033,Plein jour,Hors agglomération,Hors intersection,Normale,Deux véhicules - côté,,,,,,,,,,,1,1,1,1,3
201500005478,0015-08-28 20:00:00,15,8,28,20,0,30,74,,,,Plein jour,Hors agglomération,Hors intersection,Normale,Sans collision,,,,,,,,,,,1,1,1,1,7
201500005479,0015-09-24 15:30:00,15,9,24,15,30,30,25,,,,Plein jour,Hors agglomération,Hors intersection,Normale,Deux véhicules - côté,,,,,,,,,,,1,1,1,1,3
201500005480,0015-11-17 16:30:00,15,11,17,16,30,30,74,,46.569,3.607,Plein jour,Hors agglomération,Hors intersection,Normale,Sans collision,,,,,,,,,,,1,1,1,1,7
201500005481,0015-12-07 19:00:00,15,12,7,19,0,30,119,,,,Nuit sans éclairage public,Hors agglomération,Hors intersection,Normale,Autre collision,,,,,,,,,,,3,1,1,1,6
201500005482,0015-12-13 11:15:00,15,12,13,11,15,30,120,,,,Plein jour,Hors agglomération,Hors intersection,Normale,Deux véhicules - frontale,,,,,,,,,,,1,1,1,1,1
201500005483,0015-12-18 18:00:00,15,12,18,18,0,30,283,,,,Nuit sans éclairage public,Hors agglomération,Hors intersection,Normale,Sans collision,,,,,,,,,,,3,1,1,1,7
201500005484,0015-01-14 17:45:00,15,1,14,17,45,30,254,,,,Crépuscule ou aube,Hors agglomération,Hors intersection,Normale,Trois véhicules et plus - en chaîne,,,,,,,,,,,2,1,1,1,4
201500005485,0015-02-03 19:15:00,15,2,3,19,15,30,319,,,,Nuit sans éclairage public,Hors agglomération,Hors intersection,Normale,Deux véhicules - frontale,,,,,,,,,,,3,1,1,1,1
201500005486,0015-03-03 06:45:00,15,3,3,6,45,30,148,,,,Crépuscule ou aube,Hors agglomération,Hors intersection,Normale,Trois véhicules et plus - collisions multiples,,,,,,,,,,,2,1,1,1,5