accident_id,datetime,annee,mois,jour,heure,minute,departement,commune_insee,adresse,latitude,longitude,luminosite,agglomeration,intersection,meteo,collision,nb_vehicules,nb_usagers,nb_indemnes,nb_tues,nb_blesses_hosp,nb_blesses_legers,age_cond_1,age_cond_2,veh_type_cond_1,veh_type_cond_2,lum_code,agg_code,int_code,atm_code,col_code
201500005487,0015-04-18 02:15:00,15,4,18,2,15,30,227,,,,Nuit sans éclairage public,Hors agglomération,Hors intersection,Pluie légère,Sans collision,,,,,,,,,,,3,1,1,2,7
201500005488,0015-06-11 17:30:00,15,6,11,17,30,30,254,,,,Plein jour,Hors agglomération,Hors intersection,Pluie légère,Trois véhicules et plus - collisions multiples,,,,,,,,,,,1,1,1,2,5
201500005489,0015-07-09 17:00:00,15,7,9,17,0,30,254,,,,Plein jour,Hors agglomération,Autre intersection,Normale,Deux véhicules - côté,,,,,,,,,,,1,1,9,1,3
201500005490,0015-08-30 04:45:00,15,8,30,4,45,30,83,,,,Nuit sans éclairage public,Hors agglomération,Autre intersection,Normale,Autre collision,,,,,,,,,,,3,1,9,1,6
201500005491,0015-09-24 08:00:00,15,9,24,8,0,30,53,,,,Plein jour,Hors agglomération,Hors intersection,Normale,Deux véhicules - côté,,,,,,,,,,,1,1,1,1,3
201500005492,0015-09-28 07:00:00,15,9,28,7,0,30,134,,,,Plein jour,Hors agglomération,Hors intersection,Normale,Autre collision,,,,,,,,,,,1,1,1,1,6
201500005493,0015-10-27 11:15:00,15,10,27,11,15,30,254,RUE CHAMP FEUILLET,,,Plein jour,En agglomération,Hors intersection,Normale,Deux véhicules - frontale,,,,,,,,,,,1,2,1,1,1
201500005494,0015-11-29 14:30:00,15,11,29,14,30,30,254,,,,Plein jour,Hors agglomération,Intersection en X,Normale,Deux véhicules - côté,,,,,,,,,,,1,1,2,1,3
201500005495,0015-12-20 22:30:00,15,12,20,22,30,30,59,,,,Nuit sans éclairage public,Hors agglomération,Hors intersection,Normale,Autre collision,,,,,,,,,,,3,1,1,1,6
201500005496,0015-01-23 11:15:00,15,1,23,11,15,30,99,,46.375,3.028,Plein jour,Hors agglomération,Hors intersection,Brouillard / fumée,Autre collision,,,,,,,,,,,1,1,1,5,6
201500005497,0015-02-14 02:00:00,15,2,14,2,0,30,247,,46.598,3.126,Nuit sans éclairage public,Hors agglomération,Hors intersection,Normale,Autre collision,,,,,,,,,,,3,1,1,1,6
201500005498,0015-03-31 13:30:00,15,3,31,13,30,30,275,,46.517,3.16,Plein jour,Hors agglomération,Hors intersection,Vent fort / tempête,Autre collision,,,,,,,,,,,1,1,1,6,6
201500005499,0015-04-03 12:15:00,15,4,3,12,15,30,169,,46.406,3.251,Plein jour,Hors agglomération,Hors intersection,Normale,Autre collision,,,,,,,,,,,1,1,1,1,6
201500005500,0015-05-21 23:00:00,15,5,21,23,0,30,69,,46.462,3.148,Nuit sans éclairage public,Hors agglomération,Hors intersection,Normale,Autre collision,,,,,,,,,,,3,1,1,1,6
201500005501,0015-06-11 11:30:00,15,6,11,11,30,30,99,,,,Plein jour,Hors agglomération,Hors intersection,Normale,Deux véhicules - frontale,,,,,,,,,,,1,1,1,1,1
201500005502,0015-05-30 17:45:00,15,5,30,17,45,30,212,9 rue de la Prade,,,Plein jour,En agglomération,Hors intersection,Normale,Deux véhicules - frontale,,,,,,,,,,,1,2,1,1,1
201500005503,0015-08-30 10:15:00,15,8,30,10,15,30,128,,,,Plein jour,Hors agglomération,Hors intersection,Normale,Autre collision,,,,,,,,,,,1,1,1,1,6
201500005504,0015-09-12 15:00:00,15,9,12,15,0,30,279,,46.267,2.528,Plein jour,Hors agglomération,Hors intersection,Pluie légère,Sans collision,,,,,,,,,,,1,1,1,2,7
201500005505,0015-10-05 11:15:00,15,10,5,11,15,30,305,,46.381,2.681,Plein jour,Hors agglomération,Hors intersection,Pluie légère,Sans collision,,,,,,,,,,,1,1,1,2,7
201500005506,0015-12-01 23:45:00,15,12,1,23,45,30,55,,46.427,2.476,Nuit sans éclairage public,Hors agglomération,Hors intersection,Normale,Sans collision,,,,,,,,,,,3,1,1,1,7
201500005507,0015-12-19 18:15:00,15,12,19,18,15,30,288,,46.369,2.387,Nuit sans éclairage public,Hors agglomération,Hors intersection,Normale,Autre collision,,,,,,,,,,,3,1,1,1,6
201500005508,0015-05-12 10:30:00,15,5,12,10,30,30,244,,,,Plein jour,Hors agglomération,Intersection en X,Normale,Deux véhicules - côté,,,,,,,,,,,1,1,2,1,3
201500005509,0015-06-20 03:00:00,15,6,20,3,0,30,206,,,,Nuit sans éclairage public,Hors agglomération,Hors intersection,Normale,Sans collision,,,,,,,,,,,3,1,1,1,7
201500005510,0015-08-10 12:45:00,15,8,10,12,45,30,314,,,,Plein jour,Hors agglomération,Hors intersection,Normale,Autre collision,,,,,,,,,,,1,1,1,1,6
201500005511,0015-07-22 17:00:00,15,7,22,17,0,30,106,,,,Plein jour,Hors agglomération,Hors intersection,Normale,Deux véhicules - frontale,,,,,,,,,,,1,1,1,1,1
201500005512,0015-10-07 11:30:00,15,10,7,11,30,30,52,,,,Plein jour,Hors agglomération,Hors intersection,Pluie légère,Autre collision,,,,,,,,,,,1,1,1,2,6
201500005513,0015-12-02 12:45:00,15,12,2,12,45,30,82,intersection RD37 - RD45,,,Plein jour,En agglomération,Hors intersection,Temps éblouissant,Deux véhicules - côté,,,,,,,,,,,1,2,1,7,3
201500005514,0015-01-03 18:15:00,15,1,3,18,15,30,27,28 route Nationale,,,Nuit avec éclairage allumé,En agglomération,Hors intersection,Pluie légère,Autre collision,,,,,,,,,,,5,2,1,2,6
201500005515,0015-02-21 10:45:00,15,2,21,10,45,30,315,01  avenue f?lix Mioche,,,Plein jour,En agglomération,Hors intersection,Normale,Deux véhicules - frontale,,,,,,,,,,,1,2,1,1,1
201500005516,0015-07-25 03:15:00,15,7,25,3,15,30,315,RUE DU 08 MAI 1945,,,Nuit avec éclairage non allumé,En agglomération,Hors intersection,Normale,Autre collision,,,,,,,,,,,4,2,1,1,6
201500005517,0015-10-05 05:30:00,15,10,5,5,30,30,243,,,,Nuit sans éclairage public,Hors agglomération,Hors intersection,Pluie légère,Deux véhicules - côté,,,,,,,,,,,3,1,1,2,3
201500005518,0015-12-03 08:45:00,15,12,3,8,45,30,186,,,,Plein jour,Hors agglomération,Hors intersection,Temps éblouissant,Autre collision,,,,,,,,,,,1,1,1,7,6
201500005519,0015-12-29 22:15:00,15,12,29,22,15,30,315,rue emile guillaumin,,,Nuit sans éclairage public,En agglomération,Hors intersection,Autre,Autre collision,,,,,,,,,,,3,2,1,9,6
201500005520,0015-12-30 16:45:00,15,12,30,16,45,30,186,32 boulevard de tourret,,,Plein jour,En agglomération,Hors intersection,Normale,Deux véhicules - frontale,,,,,,,,,,,1,2,1,1,1
201500005521,0015-01-07 19:30:00,15,1,7,19,30,30,273,,,,Nuit sans éclairage public,Hors agglomération,Hors intersection,Pluie forte,Sans collision,,,,,,,,,,,3,1,1,3,7
201500005522,0015-09-08 17:30:00,15,9,8,17,30,30,110,,,,Plein jour,Hors agglomération,Hors intersection,Normale,Sans collision,,,,,,,,,,,1,1,1,1,7
201500005523,0015-03-11 12:45:00,15,3,11,12,45,30,182,,46.101,3.243,Plein jour,Hors agglomération,Hors intersection,Normale,Deux véhicules - frontale,,,,,,,,,,,1,1,1,1,1
201500005524,0015-05-11 15:00:00,15,5,11,15,0,30,22,,,,Plein jour,Hors agglomération,Hors intersection,Normale,Deux véhicules - frontale,,,,,,,,,,,1,1,1,1,1
201500005525,0015-05-30 10:15:00,15,5,30,10,15,30,268,,,,Plein jour,Hors agglomération,Hors intersection,Normale,Deux véhicules - arrière,,,,,,,,,,,1,1,1,1,2
201500005526,0015-08-23 15:00:00,15,8,23,15,0,30,182,,,,Plein jour,Hors agglomération,Hors intersection,Normale,Deux véhicules - côté,,,,,,,,,,,1,1,1,1,3
201500005527,0015-11-05 10:00:00,15,11,5,10,0,30,107,7 rue du pont neuf,,,Plein jour,En agglomération,Hors intersection,Temps éblouissant,Autre collision,,,,,,,,,,,1,2,1,7,6
201500005528,0015-04-13 16:45:00,15,4,13,16,45,30,28,intersection D907 D173,,,Plein jour,En agglomération,Hors intersection,Normale,Deux véhicules - frontale,,,,,,,,,,,1,2,1,1,1
201500005529,0015-08-30 22:15:00,15,8,30,22,15,30,17,,,,Nuit sans éclairage public,Hors agglomération,Hors intersection,Normale,Sans collision,,,,,,,,,,,3,1,1,1,7
201500005530,0015-07-11 18:30:00,15,7,11,18,30,30,138,,,,Plein jour,Hors agglomération,Hors intersection,Normale,Autre collision,,,,,,,,,,,1,1,1,1,6
201500005531,0015-07-05 16:45:00,15,7,5,16,45,30,71,,,,Plein jour,Hors agglomération,Hors intersection,Normale,Autre collision,,,,,,,,,,,1,1,1,1,6
201500005532,0015-03-17 15:30:00,15,3,17,15,30,30,8,,46.06,3.573,Plein jour,Hors agglomération,Hors intersection,Normale,Sans collision,,,,,,,,,,,1,1,1,1,7
201500005533,0015-05-13 14:30:00,15,5,13,14,30,30,165,,,,Plein jour,Hors agglomération,Hors intersection,Normale,Deux véhicules - côté,,,,,,,,,,,1,1,1,1,3
201500005534,0015-05-24 15:15:00,15,5,24,15,15,30,165,,46.145,3.65,Plein jour,Hors agglomération,Hors intersection,Normale,Sans collision,,,,,,,,,,,1,1,1,1,7
201500005535,0015-05-25 16:45:00,15,5,25,16,45,30,165,D7,46.081,3.666,Plein jour,En agglomération,Hors intersection,Pluie légère,Deux véhicules - frontale,,,,,,,,,,,1,2,1,2,1
201500005536,0015-03-12 17:00:00,15,3,12,17,0,30,235,,,,Plein jour,Hors agglomération,Hors intersection,Normale,Deux véhicules - frontale,,,,,,,,,,,1,1,1,1,1
201500005537,0015-05-14 17:15:00,15,5,14,17,15,30,298,94 avenue de chazeuil,,,Plein jour,En agglomération,Hors intersection,Normale,Deux véhicules - frontale,,,,,,,,,,,1,2,1,1,1
201500005538,0015-05-25 00:01:00,15,5,25,0,1,30,298,,46.335,3.389,Nuit avec éclairage allumé,En agglomération,Hors intersection,Normale,Sans collision,,,,,,,,,,,5,2,1,1,7
201500005539,0015-07-31 09:15:00,15,7,31,9,15,30,298,,46.322,3.396,Plein jour,En agglomération,Hors intersection,Normale,Autre collision,,,,,,,,,,,1,2,1,1,6
201500005540,0015-10-07 16:45:00,15,10,7,16,45,30,215,,,,Plein jour,Hors agglomération,Intersection en X,Normale,Deux véhicules - côté,,,,,,,,,,,1,1,2,1,3
201500005541,0015-02-16 17:15:00,15,2,16,17,15,150,267,,44.937,2.341,Plein jour,Hors agglomération,Hors intersection,Temps éblouissant,Trois véhicules et plus - collisions multiples,,,,,,,,,,,1,1,1,7,5
201500005542,0015-04-05 19:45:00,15,4,5,19,45,150,165,"RD 7, le bourg",45.026,2.139,Plein jour,En agglomération,Hors intersection,Normale,Autre collision,,,,,,,,,,,1,2,1,1,6
201500005543,0015-04-08 14:45:00,15,4,8,14,45,150,221,,44.89,2.351,Plein jour,Hors agglomération,Hors intersection,Normale,Deux véhicules - frontale,,,,,,,,,,,1,1,1,1,1
201500005544,0015-08-08 19:00:00,15,8,8,19,0,150,221,,44.887,2.347,Plein jour,Hors agglomération,Hors intersection,Pluie légère,Autre collision,,,,,,,,,,,1,1,1,2,6
201500005545,0015-02-11 14:15:00,15,2,11,14,15,150,184,,,,Plein jour,Hors agglomération,Hors intersection,Normale,Deux véhicules - côté,,,,,,,,,,,1,1,1,1,3
201500005546,0015-07-15 18:15:00,15,7,15,18,15,150,194,,,,Plein jour,Hors agglomération,Hors intersection,Normale,Deux véhicules - frontale,,,,,,,,,,,1,1,1,1,1
201500005547,0015-07-17 15:15:00,15,7,17,15,15,150,194,,,,Plein jour,Hors agglomération,Hors intersection,Normale,Deux véhicules - frontale,,,,,,,,,,,1,1,1,1,1
201500005548,0015-07-25 17:45:00,15,7,25,17,45,150,122,,,,Plein jour,Hors agglomération,Hors intersection,Normale,Autre collision,,,,,,,,,,,1,1,1,1,6
201500005549,0015-11-14 14:15:00,15,11,14,14,15,150,196,,44.863,2.293,Plein jour,Hors agglomération,Hors intersection,Normale,Deux véhicules - frontale,,,,,,,,,,,1,1,1,1,1
201500005550,0015-07-13 12:30:00,15,7,13,12,30,150,260,CD141,44.652,2.399,Plein jour,En agglomération,Hors intersection,Normale,Deux véhicules - arrière,,,,,,,,,,,1,2,1,1,2
201500005551,0015-05-03 15:30:00,15,5,3,15,30,150,118,,,,Plein jour,Hors agglomération,Hors intersection,Normale,Autre collision,,,,,,,,,,,1,1,1,1,6
201500005552,0015-05-22 15:45:00,15,5,22,15,45,150,258,19 Avenue Emile Duclaux,,,Plein jour,En agglomération,Hors intersection,Normale,Trois véhicules et plus - collisions multiples,,,,,,,,,,,1,2,1,1,5
201500005553,0015-07-08 16:45:00,15,7,8,16,45,150,236,,,,Plein jour,Hors agglomération,Hors intersection,Normale,Deux véhicules - côté,,,,,,,,,,,1,1,1,1,3
201500005554,0015-10-22 19:45:00,15,10,22,19,45,150,255,Route du Carladès,44.897,2.52,Nuit avec éclairage allumé,En agglomération,Hors intersection,Temps couvert,Deux véhicules - frontale,,,,,,,,,,,5,2,1,8,1
201500005555,0015-07-15 19:15:00,15,7,15,19,15,150,63,,45.155,2.389,Plein jour,Hors agglomération,Hors intersection,Normale,Autre collision,,,,,,,,,,,1,1,1,1,6
201500005556,0015-01-03 09:30:00,15,1,3,9,30,150,124,le bourg,45.3,2.584,Plein jour,En agglomération,Hors intersection,Temps couvert,Autre collision,,,,,,,,,,,1,2,1,8,6
201500005557,0015-07-04 11:30:00,15,7,4,11,30,150,40,,45.391,2.819,Plein jour,Hors agglomération,Hors intersection,Normale,Deux véhicules - frontale,,,,,,,,,,,1,1,1,1,1
201500005558,0015-05-24 11:00:00,15,5,24,11,0,150,202,,45.103,2.403,Plein jour,Hors agglomération,Hors intersection,Normale,Autre collision,,,,,,,,,,,1,1,1,1,6
201500005559,0015-06-28 11:00:00,15,6,28,11,0,150,219,,45.148,2.506,Plein jour,Hors agglomération,Hors intersection,Normale,Deux véhicules - côté,,,,,,,,,,,1,1,1,1,3
201500005560,0015-08-17 16:15:00,15,8,17,16,15,150,219,,,,Plein jour,Hors agglomération,Hors intersection,Normale,Sans collision,,,,,,,,,,,1,1,1,1,7
201500005561,0015-08-29 15:00:00,15,8,29,15,0,150,66,,,,Plein jour,Hors agglomération,Hors intersection,Normale,Deux véhicules - côté,,,,,,,,,,,1,1,1,1,3
201500005562,0015-04-07 15:00:00,15,4,7,15,0,150,250,,45.376,2.506,Plein jour,Hors agglomération,Hors intersection,Normale,Sans collision,,,,,,,,,,,1,1,1,1,7
201500005563,0015-05-24 16:00:00,15,5,24,16,0,150,38,,45.376,2.581,Plein jour,Hors agglomération,Hors intersection,Normale,Sans collision,,,,,,,,,,,1,1,1,1,7
201500005564,0015-06-19 17:15:00,15,6,19,17,15,150,265,,,,Plein jour,Hors agglomération,Hors intersection,Normale,Deux véhicules - arrière,,,,,,,,,,,1,1,1,1,2
201500005565,0015-07-03 21:45:00,15,7,3,21,45,150,38,,,,Nuit sans éclairage public,Hors agglomération,Hors intersection,Normale,Sans collision,,,,,,,,,,,3,1,1,1,7
201500005566,0015-08-08 17:45:00,15,8,8,17,45,150,19,,45.315,2.409,Plein jour,Hors agglomération,Hors intersection,Pluie légère,Deux véhicules - frontale,,,,,,,,,,,1,1,1,2,1
201500005567,0015-10-23 20:45:00,15,10,23,20,45,150,37,CD15,,,Nuit avec éclairage allumé,En agglomération,Hors intersection,Normale,Autre collision,,,,,,,,,,,5,2,1,1,6
201500005568,0015-01-08 09:30:00,15,1,8,9,30,150,188,,45.016,3.119,Plein jour,Hors agglomération,Hors intersection,Brouillard / fumée,Autre collision,,,,,,,,,,,1,1,1,5,6
201500005569,0015-01-19 18:15:00,15,1,19,18,15,150,187,rue marcellin boudet,,,Nuit avec éclairage allumé,En agglomération,Giratoire,Pluie légère,Autre collision,,,,,,,,,,,5,2,6,2,6
201500005570,0015-01-20 15:45:00,15,1,20,15,45,150,195,,,,Plein jour,Hors agglomération,Hors intersection,Normale,Deux véhicules - côté,,,,,,,,,,,1,1,1,1,3
201500005571,0015-05-06 12:15:00,15,5,6,12,15,150,187,,,,Plein jour,Hors agglomération,Hors intersection,Temps éblouissant,Deux véhicules - côté,,,,,,,,,,,1,1,1,7,3
201500005572,0015-08-09 21:30:00,15,8,9,21,30,150,231,,45.124,3.028,Crépuscule ou aube,Hors agglomération,Hors intersection,Temps couvert,Deux véhicules - frontale,,,,,,,,,,,2,1,1,8,1
201500005573,0015-08-16 08:00:00,15,8,16,8,0,150,187,D926,45.036,3.085,Plein jour,En agglomération,Hors intersection,Normale,Deux véhicules - arrière,,,,,,,,,,,1,2,1,1,2
201500005574,0015-10-17 15:00:00,15,10,17,15,0,150,187,15 avenue du cdt Delorme,45.039,3.1,Plein jour,En agglomération,Hors intersection,Normale,Sans collision,,,,,,,,,,,1,2,1,1,7
201500005575,0015-12-02 08:00:00,15,12,2,8,0,150,187,,45.045,3.081,Crépuscule ou aube,Hors agglomération,Hors intersection,Brouillard / fumée,Autre collision,,,,,,,,,,,2,1,1,5,6
201500005576,0015-02-04 11:45:00,15,2,4,11,45,150,127,,45.22,3.105,Plein jour,Hors agglomération,Hors intersection,Temps couvert,Deux véhicules - côté,,,,,,,,,,,1,1,1,8,3
201500005577,0015-07-29 11:00:00,15,7,29,11,0,150,69,,45.181,3.105,Plein jour,Hors agglomération,Hors intersection,Temps éblouissant,Sans collision,,,,,,,,,,,1,1,1,7,7
201500005578,0015-05-13 15:30:00,15,5,13,15,30,150,213,,,,Plein jour,Hors agglomération,Hors intersection,Normale,Deux véhicules - frontale,,,,,,,,,,,1,1,1,1,1
201500005579,0015-05-23 16:30:00,15,5,23,16,30,150,1,,,,Plein jour,Hors agglomération,Hors intersection,Normale,Sans collision,,,,,,,,,,,1,1,1,1,7
201500005580,0015-06-28 19:45:00,15,6,28,19,45,150,61,,,,Plein jour,Hors agglomération,Hors intersection,Normale,Deux véhicules - frontale,,,,,,,,,,,1,1,1,1,1
201500005581,0015-07-18 16:15:00,15,7,18,16,15,150,25,,,,Plein jour,Hors agglomération,Hors intersection,Normale,Sans collision,,,,,,,,,,,1,1,1,1,7
201500005582,0015-11-26 15:30:00,15,11,26,15,30,150,155,,,,Plein jour,Hors agglomération,Hors intersection,Neige / grêle,Deux véhicules - frontale,,,,,,,,,,,1,1,1,4,1
201500005583,0015-03-12 13:30:00,15,3,12,13,30,430,154,COL DU RAYOL,44.7845,3.88476,Plein jour,Hors agglomération,Hors intersection,Normale,Deux véhicules - frontale,,,,,,,,,,,1,1,1,1,1
201500005584,0015-05-07 14:15:00,15,5,7,14,15,430,215,FONT CROZE,44.8098,3.88022,Plein jour,Hors agglomération,Hors intersection,Normale,Deux véhicules - arrière,,,,,,,,,,,1,1,1,1,2
201500005585,0015-09-24 11:15:00,15,9,24,11,15,430,77,RD 49,44.8937,3.84819,Plein jour,En agglomération,Hors intersection,Normale,Autre collision,,,,,,,,,,,1,2,1,1,6
201500005586,0015-10-05 10:45:00,15,10,5,10,45,430,77,RN88/RD49 BOURG,44.8929,3.84896,Plein jour,En agglomération,Hors intersection,Normale,Autre collision,,,,,,,,,,,1,2,1,1,6
201500005587,0015-10-10 04:45:00,15,10,10,4,45,430,39,TRAVERSEE DE BIZAC,44.9453,3.84775,Nuit avec éclairage allumé,Hors agglomération,Hors intersection,Brouillard / fumée,Autre collision,,,,,,,,,,,5,1,1,5,6
201500005588,0015-10-25 11:45:00,15,10,25,11,45,430,39,"LIEU-DIT ""LE CHOMEIL""",,,Plein jour,Hors agglomération,Hors intersection,Normale,Sans collision,,,,,,,,,,,1,1,1,1,7
201500005589,0015-12-20 17:00:00,15,12,20,17,0,430,42,LE BOURG,44.9215,3.80852,Crépuscule ou aube,En agglomération,Intersection en Y,Temps couvert,Deux véhicules - frontale,,,,,,,,,,,2,2,4,8,1
201500005590,0015-05-11 13:05:00,15,5,11,13,5,430,189,X,45.283,3.88371,Plein jour,Hors agglomération,Hors intersection,Normale,Autre collision,,,,,,,,,,,1,1,1,1,6
201500005591,0015-08-28 18:15:00,15,8,28,18,15,430,80,RD9 RUE ST ROCH,45.33,3.84699,Plein jour,En agglomération,Intersection en T,Temps éblouissant,Deux véhicules - frontale,,,,,,,,,,,1,2,3,7,1
201500005592,0015-07-16 15:45:00,15,7,16,15,45,430,150,X,,,Plein jour,Hors agglomération,Hors intersection,Normale,Sans collision,,,,,,,,,,,1,1,1,1,7
201500005593,0015-08-08 14:00:00,15,8,8,14,0,430,253,X,44.9689,4.30024,Plein jour,Hors agglomération,Hors intersection,Temps couvert,Autre collision,,,,,,,,,,,1,1,1,8,6
201500005594,0015-08-10 10:15:00,15,8,10,10,15,430,78,"LIEU-DIT ""LES BOURGERES""",45.0285,3.94482,Plein jour,Hors agglomération,Hors intersection,Pluie légère,Autre collision,,,,,,,,,,,1,1,1,2,6
201500005595,0015-08-13 16:00:00,15,8,13,16,0,430,78,"LIEU-DIT ""LES BRUGERES""",45.0289,3.94451,Plein jour,Hors agglomération,Hors intersection,Pluie légère,Autre collision,,,,,,,,,,,1,1,1,2,6
201500005596,0015-08-19 16:45:00,15,8,19,16,45,430,115,LES ASTIERS,44.9831,4.06013,Plein jour,Hors agglomération,Hors intersection,Normale,Autre collision,,,,,,,,,,,1,1,1,1,6
201500005597,0015-08-21 15:45:00,15,8,21,15,45,430,218,"LIEU-DIT ""SUMENE""",45.0369,4.04739,Plein jour,Hors agglomération,Intersection en T,Normale,Deux véhicules - côté,,,,,,,,,,,1,1,3,1,3
201500005598,0015-08-29 15:15:00,15,8,29,15,15,430,115,"LIEU-DIT ""LES CROUZETS""",44.9605,4.06609,Plein jour,Hors agglomération,Hors intersection,Normale,Autre collision,,,,,,,,,,,1,1,1,1,6
201500005599,0015-10-04 08:30:00,15,10,4,8,30,430,253,"LIEU-DIT ""LE CROSDO""",,,Plein jour,Hors agglomération,Hors intersection,Temps éblouissant,Sans collision,,,,,,,,,,,1,1,1,7,7
201500005600,0015-11-24 13:30:00,15,11,24,13,30,430,218,LA PARAVENT,45.035,4.03239,Plein jour,Hors agglomération,Hors intersection,Normale,Autre collision,,,,,,,,,,,1,1,1,1,6
201500005601,0015-12-07 08:15:00,15,12,7,8,15,430,150,"LIEU-DIT""LES COMBES""",,,Plein jour,Hors agglomération,Hors intersection,Normale,Autre collision,,,,,,,,,,,1,1,1,1,6
201500005602,0015-01-08 20:15:00,15,1,8,20,15,430,152,VERS LE PANORAMA,45.0701,3.84836,Nuit sans éclairage public,Hors agglomération,Hors intersection,Temps couvert,Deux véhicules - côté,,,,,,,,,,,3,1,1,8,3
201500005603,0015-01-10 14:00:00,15,1,10,14,0,430,217,NOLHAC,,,Plein jour,Hors agglomération,Hors intersection,Normale,Autre collision,,,,,,,,,,,1,1,1,1,6
201500005604,0015-04-06 13:00:00,15,4,6,13,0,430,230,LE CROS DE LA GARE,45.1477,3.92054,Plein jour,Hors agglomération,Intersection en T,Normale,Autre collision,,,,,,,,,,,1,1,3,1,6
201500005605,0015-05-02 09:30:00,15,5,2,9,30,430,61,LES ACACIAS,45.0971,3.89823,Plein jour,Hors agglomération,Hors intersection,Normale,Autre collision,,,,,,,,,,,1,1,1,1,6
201500005606,0015-07-25 18:00:00,15,7,25,18,0,430,254,ROUTE DE NINIROLLES,,,Plein jour,Hors agglomération,Hors intersection,Temps éblouissant,Deux véhicules - frontale,,,,,,,,,,,1,1,1,7,1
201500005607,0015-08-30 00:45:00,15,8,30,0,45,430,122,CONNAC,45.1314,3.75282,Nuit sans éclairage public,En agglomération,Hors intersection,Normale,Autre collision,,,,,,,,,,,3,2,1,1,6
201500005608,0015-09-19 04:45:00,15,9,19,4,45,430,152,AVENUE DE MONDON,45.0504,3.87485,Nuit avec éclairage allumé,En agglomération,Hors intersection,Normale,Autre collision,,,,,,,,,,,5,2,1,1,6
201500005609,0015-11-16 16:00:00,15,11,16,16,0,430,61,VALLEE DE LA LOIRE,45.107,3.89648,Plein jour,Hors agglomération,Hors intersection,Normale,Autre collision,,,,,,,,,,,1,1,1,1,6
201500005610,0015-08-11 15:45:00,15,8,11,15,45,430,117,PLAINE DES CHIROUZES,45.2496,3.43517,Plein jour,Hors agglomération,Hors intersection,Normale,Deux véhicules - frontale,,,,,,,,,,,1,1,1,1,1
201500005611,0015-11-09 17:10:00,15,11,9,17,10,430,40,RUE JULES VALLES,,,Crépuscule ou aube,En agglomération,Intersection en T,Temps éblouissant,Deux véhicules - côté,,,,,,,,,,,2,2,3,7,3
201500005612,0015-12-15 14:00:00,15,12,15,14,0,430,40,AVENUE LEON BLUM,,,Plein jour,En agglomération,Intersection en T,Normale,Deux véhicules - côté,,,,,,,,,,,1,2,3,1,3
201500005613,0015-04-23 13:45:00,15,4,23,13,45,430,132,X,45.1323,3.48395,Plein jour,Hors agglomération,Hors intersection,Normale,Deux véhicules - frontale,,,,,,,,,,,1,1,1,1,1
201500005614,0015-08-15 04:45:00,15,8,15,4,45,430,70,X,45.1639,3.44374,Nuit sans éclairage public,Hors agglomération,Hors intersection,Normale,Sans collision,,,,,,,,,,,3,1,1,1,7
201500005615,0015-12-06 14:30:00,15,12,6,14,30,430,222,LA BRIZETTE,45.1963,3.46076,Plein jour,Hors agglomération,Intersection en X,Normale,Deux véhicules - côté,,,,,,,,,,,1,1,2,1,3
201500005616,0015-12-17 12:20:00,15,12,17,12,20,430,234,10 RTE DE SAUGUES,44.9661,3.54216,Plein jour,Hors agglomération,Intersection en Y,Normale,Deux véhicules - côté,,,,,,,,,,,1,1,4,1,3
201500005617,0015-01-15 14:45:00,15,1,15,14,45,430,99,CD 5 ET CD 146,45.3884,3.30438,Plein jour,En agglomération,Intersection en X,Temps éblouissant,Deux véhicules - côté,,,,,,,,,,,1,2,2,7,3
201500005618,0015-02-20 09:00:00,15,2,20,9,0,430,38,N102 ARVANT,45.3643,3.3094,Plein jour,En agglomération,Hors intersection,Temps éblouissant,Autre collision,,,,,,,,,,,1,2,1,7,6
201500005619,0015-05-20 12:49:00,15,5,20,12,49,430,123,VERS AIRE DE LORLANGES,45.3323,3.27045,Plein jour,Hors agglomération,Hors intersection,Normale,Autre collision,,,,,,,,,,,1,1,1,1,6
201500005620,0015-05-23 18:30:00,15,5,23,18,30,430,88,,45.3039,3.2494,Plein jour,Hors agglomération,Hors intersection,Normale,Deux véhicules - côté,,,,,,,,,,,1,1,1,1,3
201500005621,0015-06-12 21:15:00,15,6,12,21,15,430,16,"LIEU-DIT ""LA TAUPE""",45.3872,3.34119,Crépuscule ou aube,Hors agglomération,Hors intersection,Normale,Autre collision,,,,,,,,,,,2,1,1,1,6
201500005622,0015-08-25 17:15:00,15,8,25,17,15,430,258,"LIEU DIT ""LA TAUPE""",45.3873,3.34017,Plein jour,Hors agglomération,Intersection en T,Normale,Deux véhicules - côté,,,,,,,,,,,1,1,3,1,3
201500005623,0015-09-09 16:30:00,15,9,9,16,30,430,120,X,45.3839,3.27877,Plein jour,Hors agglomération,Hors intersection,Normale,Autre collision,,,,,,,,,,,1,1,1,1,6
201500005624,0015-10-01 18:45:00,15,10,1,18,45,430,185,RUE DE BELGIQUE,,,Plein jour,En agglomération,Intersection en T,Normale,Deux véhicules - côté,,,,,,,,,,,1,2,3,1,3
201500005625,0015-11-05 22:45:00,15,11,5,22,45,430,16,VERS LE PONT D'AUZON,45.3888,3.36318,Nuit sans éclairage public,Hors agglomération,Intersection en Y,Normale,Deux véhicules - côté,,,,,,,,,,,3,1,4,1,3