accident_id,datetime,annee,mois,jour,heure,minute,departement,commune_insee,adresse,latitude,longitude,luminosite,agglomeration,intersection,meteo,collision,nb_vehicules,nb_usagers,nb_indemnes,nb_tues,nb_blesses_hosp,nb_blesses_legers,age_cond_1,age_cond_2,veh_type_cond_1,veh_type_cond_2,lum_code,agg_code,int_code,atm_code,col_code
201500005895,0015-11-04 18:00:00,15,11,4,18,0,30,310,"53, GAMBETTA (BOULEVARD)",46.12813,3.42774,Crépuscule ou aube,En agglomération,Intersection en T,Normale,Autre collision,,,,,,,,,,,2,2,3,1,6
201500005896,0015-11-18 16:00:00,15,11,18,16,0,30,310,"0, BARTINS (RUE DES)",46.13649,3.43123,Plein jour,En agglomération,Intersection en X,Normale,Deux véhicules - côté,,,,,,,,,,,1,2,2,1,3
201500005897,0015-11-28 21:50:00,15,11,28,21,50,30,310,"14, THIERS (RUE DE)",46.1187,3.43546,Nuit avec éclairage allumé,En agglomération,Hors intersection,Normale,Autre collision,,,,,,,,,,,5,2,1,1,6
201500005898,0015-12-11 17:40:00,15,12,11,17,40,30,23,"0, BURLOT (RUE JEAN-BAPT",46.11639,3.40395,Nuit sans éclairage public,En agglomération,Hors intersection,Normale,Deux véhicules - frontale,,,,,,,,,,,3,2,1,1,1
201500005899,0015-12-04 18:20:00,15,12,4,18,20,30,23,AUBERGER (AVENUE FERNAND,46.11466,3.4118,Nuit avec éclairage allumé,En agglomération,Hors intersection,Normale,Autre collision,,,,,,,,,,,5,2,1,1,6
201500005900,0015-12-14 11:05:00,15,12,14,11,5,30,310,"0, MUTUALITE (BOULEVARD",,,Plein jour,En agglomération,Intersection en T,Normale,Autre collision,,,,,,,,,,,1,2,3,1,6
201500005901,0015-12-24 02:55:00,15,12,24,2,55,30,95,"13, MARCHE AU BLE (RUE D",46.13207,3.4549,Nuit avec éclairage allumé,En agglomération,Hors intersection,Normale,Autre collision,,,,,,,,,,,5,2,1,1,6
201500005902,0015-12-22 18:45:00,15,12,22,18,45,30,310,"35, CELESTINS (AVENUE DE",46.1223,3.42768,Nuit avec éclairage allumé,En agglomération,Hors intersection,Normale,Autre collision,,,,,,,,,,,5,2,1,1,6
201500005903,0015-12-26 11:05:00,15,12,26,11,5,30,95,"0, BICENTENAIRE (BOULEVA",46.14134,3.44883,Plein jour,En agglomération,Hors intersection,Normale,Trois véhicules et plus - collisions multiples,,,,,,,,,,,1,2,1,1,5
201500005904,0015-01-22 07:45:00,15,1,22,7,45,540,413,,49.22083,5.83264,Crépuscule ou aube,Hors agglomération,Hors intersection,Normale,Sans collision,,,,,,,,,,,2,1,1,1,7
201500005905,0015-03-20 17:00:00,15,3,20,17,0,540,249,,49.09377,5.84611,Plein jour,Hors agglomération,Hors intersection,Normale,Deux véhicules - frontale,,,,,,,,,,,1,1,1,1,1
201500005906,0015-04-02 17:15:00,15,4,2,17,15,540,353,,49.10413,5.87709,Plein jour,Hors agglomération,Hors intersection,Normale,Autre collision,,,,,,,,,,,1,1,1,1,6
201500005907,0015-04-16 23:00:00,15,4,16,23,0,540,82,,49.16272,5.82273,Nuit sans éclairage public,Hors agglomération,Hors intersection,Normale,Deux véhicules - frontale,,,,,,,,,,,3,1,1,1,1
201500005908,0015-06-27 18:45:00,15,6,27,18,45,540,93,2 Rue de la chapelle,49.124,5.815,Plein jour,En agglomération,Hors intersection,Normale,Sans collision,,,,,,,,,,,1,2,1,1,7
201500005909,0015-07-04 22:45:00,15,7,4,22,45,540,171,,49.15214,5.94252,Plein jour,Hors agglomération,Hors intersection,Normale,Sans collision,,,,,,,,,,,1,1,1,1,7
201500005910,0015-07-09 10:00:00,15,7,9,10,0,540,478,rd13A/Le Chateau,49.12264,5.97866,Plein jour,Hors agglomération,Intersection en X,Normale,Deux véhicules - côté,,,,,,,,,,,1,1,2,1,3
201500005911,0015-07-20 19:45:00,15,7,20,19,45,540,477,,49.02175,5.91232,Plein jour,Hors agglomération,Hors intersection,Normale,Deux véhicules - côté,,,,,,,,,,,1,1,1,1,3
201500005912,0015-08-23 14:45:00,15,8,23,14,45,540,171,,49.151,5.919,Plein jour,Hors agglomération,Hors intersection,Pluie légère,Sans collision,,,,,,,,,,,1,1,1,2,7
201500005913,0015-12-23 18:15:00,15,12,23,18,15,540,581,,49.117,5.883,Nuit sans éclairage public,Hors agglomération,Hors intersection,Normale,Autre collision,,,,,,,,,,,3,1,1,1,6
201500005914,0015-02-19 13:45:00,15,2,19,13,45,540,96,,49.435,5.871,Plein jour,Hors agglomération,Hors intersection,Normale,Sans collision,,,,,,,,,,,1,1,1,1,7
201500005915,0015-04-23 18:15:00,15,4,23,18,15,540,533,43 rue marx raty,49.32531,5.92584,Plein jour,En agglomération,Hors intersection,Normale,Deux véhicules - côté,,,,,,,,,,,1,2,1,1,3
201500005916,0015-05-17 18:45:00,15,5,17,18,45,540,598,,49.35228,5.76643,Plein jour,Hors agglomération,Intersection en T,Normale,Deux véhicules - côté,,,,,,,,,,,1,1,3,1,3
201500005917,0015-05-30 17:00:00,15,5,30,17,0,540,69,,49.376,5.907,Plein jour,Hors agglomération,Hors intersection,Normale,Deux véhicules - frontale,,,,,,,,,,,1,1,1,1,1
201500005918,0015-09-21 10:30:00,15,9,21,10,30,540,425,08/05/1945,49.528,5.306,Plein jour,En agglomération,Hors intersection,Normale,Autre collision,,,,,,,,,,,1,2,1,1,6
201500005919,0015-05-15 08:00:00,15,5,15,8,0,540,269,,48.61309,6.3713,Plein jour,Hors agglomération,Autre intersection,Normale,Deux véhicules - frontale,,,,,,,,,,,1,1,9,1,1
201500005920,0015-06-04 17:45:00,15,6,4,17,45,540,125,,,,Plein jour,Hors agglomération,Passage à niveau,Normale,Deux véhicules - côté,,,,,,,,,,,1,1,8,1,3
201500005921,0015-12-18 12:15:00,15,12,18,12,15,540,83,,,,Plein jour,Hors agglomération,Hors intersection,Normale,Autre collision,,,,,,,,,,,1,1,1,1,6
201500005922,0015-12-24 14:45:00,15,12,24,14,45,540,83,,,,Plein jour,Hors agglomération,Hors intersection,Normale,Autre collision,,,,,,,,,,,1,1,1,1,6
201500005923,0015-09-05 16:15:00,15,9,5,16,15,540,393,,48.493,6.586,Plein jour,Hors agglomération,Hors intersection,Normale,Sans collision,,,,,,,,,,,1,1,1,1,7
201500005924,0015-02-12 08:45:00,15,2,12,8,45,540,222,,48.504,6.502,Plein jour,Hors agglomération,Hors intersection,Brouillard / fumée,Autre collision,,,,,,,,,,,1,1,1,5,6
201500005925,0015-03-27 20:15:00,15,3,27,20,15,540,76,30 avenue pierre semard,48.5562,6.398,Nuit avec éclairage allumé,En agglomération,Hors intersection,Normale,Sans collision,,,,,,,,,,,5,2,1,1,7
201500005926,0015-05-04 13:45:00,15,5,4,13,45,540,222,,48.51915,6.47869,Plein jour,Hors agglomération,Hors intersection,Normale,Deux véhicules - frontale,,,,,,,,,,,1,1,1,1,1
201500005927,0015-08-20 20:00:00,15,8,20,20,0,540,595,,48.53509,6.46122,Crépuscule ou aube,Hors agglomération,Hors intersection,Normale,Deux véhicules - côté,,,,,,,,,,,2,1,1,1,3
201500005928,0015-09-26 00:30:00,15,9,26,0,30,540,152,25 Rue du Mchal Leclerc,48.559,6.387,Nuit avec éclairage allumé,En agglomération,Hors intersection,Normale,Sans collision,,,,,,,,,,,5,2,1,1,7
201500005929,0015-11-24 17:45:00,15,11,24,17,45,540,152,ROUTE DE BLAINVILLE,48.567,6.367,Nuit sans éclairage public,En agglomération,Hors intersection,Pluie légère,Autre collision,,,,,,,,,,,3,2,1,2,6
201500005930,0015-12-13 13:15:00,15,12,13,13,15,540,565,,48.559,6.324,Plein jour,Hors agglomération,Hors intersection,Normale,Sans collision,,,,,,,,,,,1,1,1,1,7
201500005931,0015-12-29 07:15:00,15,12,29,7,15,540,565,,48.577,6.353,Nuit sans éclairage public,Hors agglomération,Autre intersection,Normale,Deux véhicules - frontale,,,,,,,,,,,3,1,9,1,1
201500005932,0015-04-05 10:30:00,15,4,5,10,30,540,40,Rue Marechal foch,48.4975,6.89692,Plein jour,En agglomération,Hors intersection,Normale,Autre collision,,,,,,,,,,,1,2,1,1,6
201500005933,0015-05-09 07:45:00,15,5,9,7,45,540,129,,48.583,6.981,Plein jour,Hors agglomération,Hors intersection,Normale,Autre collision,,,,,,,,,,,1,1,1,1,6
201500005934,0015-09-07 16:15:00,15,9,7,16,15,540,406,,48.543,6.724,Plein jour,Hors agglomération,Hors intersection,Normale,Autre collision,,,,,,,,,,,1,1,1,1,6
201500005935,0015-11-05 20:30:00,15,11,5,20,30,540,230,,48.60635,6.85592,Nuit sans éclairage public,Hors agglomération,Hors intersection,Normale,Autre collision,,,,,,,,,,,3,1,1,1,6
201500005936,0015-11-21 01:15:00,15,11,21,1,15,540,39,,48.45148,6.73221,Nuit sans éclairage public,Hors agglomération,Hors intersection,Temps couvert,Sans collision,,,,,,,,,,,3,1,1,8,7
201500005937,0015-02-05 07:00:00,15,2,5,7,0,540,135,,48.511,5.883,Nuit sans éclairage public,Hors agglomération,Hors intersection,Autre,Autre collision,,,,,,,,,,,3,1,1,9,6
201500005938,0015-04-03 16:45:00,15,4,3,16,45,540,46,,48.53163,5.86653,Plein jour,Hors agglomération,Hors intersection,Pluie légère,Autre collision,,,,,,,,,,,1,1,1,2,6
201500005939,0015-06-14 20:30:00,15,6,14,20,30,540,223,,48.55429,5.99926,Plein jour,Hors agglomération,Intersection en Y,Normale,Deux véhicules - côté,,,,,,,,,,,1,1,4,1,3
201500005940,0015-06-30 12:15:00,15,6,30,12,15,540,232,,48.68918,5.99257,Plein jour,Hors agglomération,Hors intersection,Normale,Deux véhicules - côté,,,,,,,,,,,1,1,1,1,3
201500005941,0015-06-28 00:45:00,15,6,28,0,45,540,414,,,,Nuit sans éclairage public,Hors agglomération,Hors intersection,Normale,Autre collision,,,,,,,,,,,3,1,1,1,6
201500005942,0015-08-02 21:30:00,15,8,2,21,30,540,494,,48.477,5.936,Nuit sans éclairage public,Hors agglomération,Hors intersection,Normale,Autre collision,,,,,,,,,,,3,1,1,1,6
201500005943,0015-08-16 23:30:00,15,8,16,23,30,540,73,rue Nicolas Chenin,48.62631,5.91316,Nuit avec éclairage allumé,En agglomération,Hors intersection,Normale,Autre collision,,,,,,,,,,,5,2,1,1,6
201500005944,0015-09-11 19:15:00,15,9,11,19,15,540,105,,48.557,5.851,Plein jour,Hors agglomération,Hors intersection,Normale,Autre collision,,,,,,,,,,,1,1,1,1,6
201500005945,0015-09-14 13:15:00,15,9,14,13,15,540,80,,48.601,5.842,Plein jour,Hors agglomération,Hors intersection,Pluie forte,Autre collision,,,,,,,,,,,1,1,1,3,6
201500005946,0015-11-15 06:30:00,15,11,15,6,30,540,405,,48.559,5.952,Nuit sans éclairage public,Hors agglomération,Hors intersection,Normale,Deux véhicules - frontale,,,,,,,,,,,3,1,1,1,1
201500005947,0015-12-12 14:00:00,15,12,12,14,0,540,242,ROUTE DE L'EGLISE,48.176,5.601,Plein jour,En agglomération,Hors intersection,Normale,Autre collision,,,,,,,,,,,1,2,1,1,6
201500005948,0015-01-20 18:00:00,15,1,20,18,0,540,466,,48.7817,5.86173,Nuit sans éclairage public,Hors agglomération,Hors intersection,Normale,Trois véhicules et plus - en chaîne,,,,,,,,,,,3,1,1,1,4
201500005949,0015-02-24 16:15:00,15,2,24,16,15,540,208,,,,Plein jour,Hors agglomération,Hors intersection,Normale,Sans collision,,,,,,,,,,,1,1,1,1,7
201500005950,0015-03-13 18:00:00,15,3,13,18,0,540,584,,,,Plein jour,Hors agglomération,Hors intersection,Normale,Autre collision,,,,,,,,,,,1,1,1,1,6
201500005951,0015-03-22 21:15:00,15,3,22,21,15,540,584,,48.74558,5.9473,Crépuscule ou aube,Hors agglomération,Intersection en X,Normale,Deux véhicules - frontale,,,,,,,,,,,2,1,2,1,1
201500005952,0015-03-27 07:30:00,15,3,27,7,30,540,490,,48.79181,6.03809,Plein jour,Hors agglomération,Hors intersection,Normale,Deux véhicules - arrière,,,,,,,,,,,1,1,1,1,2
201500005953,0015-04-10 16:15:00,15,4,10,16,15,540,490,,48.80509,6.02918,Plein jour,Hors agglomération,Hors intersection,Normale,Deux véhicules - côté,,,,,,,,,,,1,1,1,1,3
201500005954,0015-05-10 12:45:00,15,5,10,12,45,540,225,R.petite suisse Lorraine,48.8339,6.01361,Plein jour,En agglomération,Hors intersection,Normale,Deux véhicules - côté,,,,,,,,,,,1,2,1,1,3
201500005955,0015-05-31 02:45:00,15,5,31,2,45,540,7,,48.74227,6.04996,Nuit sans éclairage public,Hors agglomération,Hors intersection,Normale,Autre collision,,,,,,,,,,,3,1,1,1,6
201500005956,0015-08-07 17:30:00,15,8,7,17,30,540,584,,48.71282,5.96491,Plein jour,Hors agglomération,Hors intersection,Normale,Autre collision,,,,,,,,,,,1,1,1,1,6
201500005957,0015-08-19 13:45:00,15,8,19,13,45,540,340,,48.8918,5.96191,Plein jour,Hors agglomération,Hors intersection,Normale,Trois véhicules et plus - collisions multiples,,,,,,,,,,,1,1,1,1,5
201500005958,0015-12-15 18:45:00,15,12,15,18,45,540,557,,48.701,6.053,Nuit sans éclairage public,Hors agglomération,Hors intersection,Pluie légère,Deux véhicules - côté,,,,,,,,,,,3,1,1,2,3
201500005959,0015-02-07 16:15:00,15,2,7,16,15,550,378,,,,Plein jour,Hors agglomération,Hors intersection,Normale,Autre collision,,,,,,,,,,,1,1,1,1,6
201500005960,0015-04-15 20:00:00,15,4,15,20,0,550,178,,,,Plein jour,Hors agglomération,Hors intersection,Normale,Autre collision,,,,,,,,,,,1,1,1,1,6
201500005961,0015-04-16 17:00:00,15,4,16,17,0,550,177,,,,Plein jour,Hors agglomération,Intersection en X,Normale,Deux véhicules - côté,,,,,,,,,,,1,1,2,1,3
201500005962,0015-05-04 19:00:00,15,5,4,19,0,550,427,,,,Plein jour,Hors agglomération,Hors intersection,Normale,Sans collision,,,,,,,,,,,1,1,1,1,7
201500005963,0015-07-14 13:45:00,15,7,14,13,45,550,101,,,,Plein jour,Hors agglomération,Hors intersection,Normale,Autre collision,,,,,,,,,,,1,1,1,1,6
201500005964,0015-10-09 15:45:00,15,10,9,15,45,550,366,,,,Plein jour,Hors agglomération,Hors intersection,Normale,Deux véhicules - frontale,,,,,,,,,,,1,1,1,1,1
201500005965,0015-12-21 16:15:00,15,12,21,16,15,550,11,40 grande rue,,,Plein jour,En agglomération,Hors intersection,Temps éblouissant,Autre collision,,,,,,,,,,,1,2,1,7,6
201500005966,0015-02-10 22:00:00,15,2,10,22,0,550,326,,,,Nuit sans éclairage public,Hors agglomération,Hors intersection,Normale,Autre collision,,,,,,,,,,,3,1,1,1,6
201500005967,0015-02-01 12:30:00,15,2,1,12,30,550,315,,,,Plein jour,Hors agglomération,Hors intersection,Neige / grêle,Autre collision,,,,,,,,,,,1,1,1,4,6
201500005968,0015-03-04 10:45:00,15,3,4,10,45,550,519,rue de la gare,48.721,5.28653,Plein jour,En agglomération,Intersection en T,Normale,Deux véhicules - frontale,,,,,,,,,,,1,2,3,1,1
201500005969,0015-05-26 21:00:00,15,5,26,21,0,550,470,,,,Crépuscule ou aube,Hors agglomération,Hors intersection,Normale,Sans collision,,,,,,,,,,,2,1,1,1,7
201500005970,0015-07-20 18:45:00,15,7,20,18,45,550,10,1 rue Paquet,,,Plein jour,En agglomération,Hors intersection,Normale,Deux véhicules - côté,,,,,,,,,,,1,2,1,1,3
201500005971,0015-09-06 18:00:00,15,9,6,18,0,550,296,,,,Plein jour,Hors agglomération,Hors intersection,Normale,Autre collision,,,,,,,,,,,1,1,1,1,6
201500005972,0015-09-18 19:30:00,15,9,18,19,30,550,61,24 rue de Ménil,,,Plein jour,En agglomération,Hors intersection,Normale,Deux véhicules - frontale,,,,,,,,,,,1,2,1,1,1
201500005973,0015-10-18 18:15:00,15,10,18,18,15,550,335,,,,Plein jour,Hors agglomération,Hors intersection,Normale,Deux véhicules - frontale,,,,,,,,,,,1,1,1,1,1
201500005974,0015-10-21 06:45:00,15,10,21,6,45,550,466,,,,Nuit sans éclairage public,Hors agglomération,Hors intersection,Normale,Sans collision,,,,,,,,,,,3,1,1,1,7
201500005975,0015-11-07 10:45:00,15,11,7,10,45,550,221,47/49 rue L. bompard,,,Plein jour,En agglomération,Hors intersection,Normale,Autre collision,,,,,,,,,,,1,2,1,1,6
201500005976,0015-04-05 17:45:00,15,4,5,17,45,550,184,,,,Plein jour,Hors agglomération,Hors intersection,Normale,Autre collision,,,,,,,,,,,1,1,1,1,6
201500005977,0015-04-10 18:45:00,15,4,10,18,45,550,288,rue nationale,,,Plein jour,En agglomération,Giratoire,Normale,Sans collision,,,,,,,,,,,1,2,6,1,7
201500005978,0015-04-21 16:30:00,15,4,21,16,30,550,122,PLACE CHARLES DE GAULLE,,,Plein jour,En agglomération,Hors intersection,Temps éblouissant,Autre collision,,,,,,,,,,,1,2,1,7,6
201500005979,0015-12-05 21:30:00,15,12,5,21,30,550,553,,48.771,5.6,Nuit sans éclairage public,Hors agglomération,Hors intersection,Normale,Sans collision,,,,,,,,,,,3,1,1,1,7
201500005980,0015-12-09 17:15:00,15,12,9,17,15,550,122,rue grosdidier,,,Nuit avec éclairage allumé,En agglomération,Hors intersection,Normale,Autre collision,,,,,,,,,,,5,2,1,1,6
201500005981,0015-12-25 10:15:00,15,12,25,10,15,550,122,avenue des tilleuls,,,Plein jour,En agglomération,Hors intersection,Temps éblouissant,Autre collision,,,,,,,,,,,1,2,1,7,6
201500005982,0015-06-17 05:45:00,15,6,17,5,45,550,312,,48.92671,5.52421,Plein jour,Hors agglomération,Hors intersection,Normale,Deux véhicules - frontale,,,,,,,,,,,1,1,1,1,1
201500005983,0015-08-19 14:00:00,15,8,19,14,0,550,159,,48.942,5.493,Plein jour,Hors agglomération,Hors intersection,Normale,Autre collision,,,,,,,,,,,1,1,1,1,6
201500005984,0015-12-25 23:15:00,15,12,25,23,15,550,463,,48.901,5.448,Nuit sans éclairage public,Hors agglomération,Hors intersection,Normale,Sans collision,,,,,,,,,,,3,1,1,1,7
201500005985,0015-02-06 03:15:00,15,2,6,3,15,550,533,,,,Nuit sans éclairage public,Hors agglomération,Hors intersection,Neige / grêle,Sans collision,,,,,,,,,,,3,1,1,4,7
201500005986,0015-04-26 03:00:00,15,4,26,3,0,550,59,,,,Nuit sans éclairage public,Hors agglomération,Hors intersection,Normale,Autre collision,,,,,,,,,,,3,1,1,1,6
201500005987,0015-09-01 22:45:00,15,9,1,22,45,550,573,,48.685,5.624,Plein jour,Hors agglomération,Hors intersection,Pluie forte,Deux véhicules - frontale,,,,,,,,,,,1,1,1,3,1
201500005988,0015-10-09 14:15:00,15,10,9,14,15,550,472,,,,Plein jour,Hors agglomération,Hors intersection,Normale,Deux véhicules - frontale,,,,,,,,,,,1,1,1,1,1
201500005989,0015-04-27 06:15:00,15,4,27,6,15,550,351,RD 643 lieu dit TIVOLI,,,Crépuscule ou aube,En agglomération,Hors intersection,Normale,Deux véhicules - frontale,,,,,,,,,,,2,2,1,1,1
201500005990,0015-09-15 13:30:00,15,9,15,13,30,550,351,,,,Plein jour,Hors agglomération,Hors intersection,Pluie légère,Deux véhicules - côté,,,,,,,,,,,1,1,1,2,3
201500005991,0015-01-16 17:45:00,15,1,16,17,45,550,347,16 rue de Verdun,,,Nuit avec éclairage allumé,En agglomération,Hors intersection,Pluie légère,Autre collision,,,,,,,,,,,5,2,1,2,6
201500005992,0015-03-18 18:15:00,15,3,18,18,15,550,73,,,,Crépuscule ou aube,Hors agglomération,Hors intersection,Normale,Trois véhicules et plus - collisions multiples,,,,,,,,,,,2,1,1,1,5
201500005993,0015-06-23 17:00:00,15,6,23,17,0,550,154,,49.092,5.421,Plein jour,Hors agglomération,Hors intersection,Normale,Deux véhicules - frontale,,,,,,,,,,,1,1,1,1,1
201500005994,0015-06-30 17:00:00,15,6,30,17,0,550,537,,49.213,5.487,Plein jour,Hors agglomération,Intersection en X,Normale,Deux véhicules - côté,,,,,,,,,,,1,1,2,1,3
201500005995,0015-01-07 11:30:00,15,1,7,11,30,550,117,11 ROUTE DE VARENNES,,,Plein jour,En agglomération,Hors intersection,Temps couvert,Autre collision,,,,,,,,,,,1,2,1,8,6
201500005996,0015-01-10 18:45:00,15,1,10,18,45,550,346,rue d'Argonne,,,Nuit sans éclairage public,En agglomération,Hors intersection,Pluie légère,Autre collision,,,,,,,,,,,3,2,1,2,6
201500005997,0015-05-12 14:45:00,15,5,12,14,45,550,65,,,,Plein jour,Hors agglomération,Hors intersection,Normale,Autre collision,,,,,,,,,,,1,1,1,1,6
201500005998,0015-04-13 14:30:00,15,4,13,14,30,550,181,Rue Nouvelle,49.0,5.0,Plein jour,En agglomération,Hors intersection,Normale,Autre collision,,,,,,,,,,,1,2,1,1,6
201500005999,0015-04-14 14:00:00,15,4,14,14,0,550,461,Rue de la chaussée,,,Plein jour,En agglomération,Hors intersection,Normale,Autre collision,,,,,,,,,,,1,2,1,1,6
201500006000,0015-04-16 15:30:00,15,4,16,15,30,550,515,,,,Plein jour,Hors agglomération,Hors intersection,Normale,Autre collision,,,,,,,,,,,1,1,1,1,6
201500006001,0015-05-06 17:45:00,15,5,6,17,45,550,244,,49.18109,5.60916,Plein jour,Hors agglomération,Hors intersection,Pluie forte,Autre collision,,,,,,,,,,,1,1,1,3,6
201500006002,0015-07-19 20:15:00,15,7,19,20,15,550,317,Chemin du Gué,49.1124,5.59706,Plein jour,En agglomération,Hors intersection,Normale,Autre collision,,,,,,,,,,,1,2,1,1,6
201500006003,0015-09-11 06:45:00,15,9,11,6,45,550,2,route nationale,,,Crépuscule ou aube,En agglomération,Hors intersection,Normale,Trois véhicules et plus - collisions multiples,,,,,,,,,,,2,2,1,1,5
201500006004,0015-12-28 08:00:00,15,12,28,8,0,550,198,,,,Crépuscule ou aube,Hors agglomération,Hors intersection,Brouillard / fumée,Autre collision,,,,,,,,,,,2,1,1,5,6
201500006005,0015-01-30 18:30:00,15,1,30,18,30,880,388,,48.13135,6.37786,Nuit sans éclairage public,Hors agglomération,Hors intersection,Neige / grêle,Deux véhicules - côté,,,,,,,,,,,3,1,1,4,3
201500006006,0015-03-25 11:15:00,15,3,25,11,15,880,178,,48.17598,6.40937,Plein jour,Hors agglomération,Hors intersection,Temps couvert,Autre collision,,,,,,,,,,,1,1,1,8,6
201500006007,0015-05-06 08:15:00,15,5,6,8,15,880,134,,48.14149,6.4831,Plein jour,Hors agglomération,Hors intersection,Normale,Deux véhicules - frontale,,,,,,,,,,,1,1,1,1,1
201500006008,0015-06-12 16:00:00,15,6,12,16,0,880,134,475 rue de la papeterie,48.13699,6.47288,Plein jour,En agglomération,Hors intersection,Normale,Autre collision,,,,,,,,,,,1,2,1,1,6
201500006009,0015-12-23 16:00:00,15,12,23,16,0,880,136,,48.2281,6.45426,Crépuscule ou aube,Hors agglomération,Hors intersection,Temps couvert,Trois véhicules et plus - collisions multiples,,,,,,,,,,,2,1,1,8,5
201500006010,0015-06-10 10:00:00,15,6,10,10,0,880,78,1 rue gambetta,48.20872,6.72158,Plein jour,En agglomération,Hors intersection,Normale,Autre collision,,,,,,,,,,,1,2,1,1,6
201500006011,0015-06-18 15:45:00,15,6,18,15,45,880,91,,48.17934,6.59294,Plein jour,Hors agglomération,Hors intersection,Normale,Autre collision,,,,,,,,,,,1,1,1,1,6
201500006012,0015-11-07 14:00:00,15,11,7,14,0,880,78,,48.20199,6.72191,Plein jour,Hors agglomération,Hors intersection,Temps éblouissant,Deux véhicules - côté,,,,,,,,,,,1,1,1,7,3
201500006013,0015-01-10 11:00:00,15,1,10,11,0,880,513,,48.35048,6.31824,Plein jour,Hors agglomération,Intersection en T,Pluie légère,Deux véhicules - côté,,,,,,,,,,,1,1,3,2,3
201500006014,0015-01-20 21:15:00,15,1,20,21,15,880,513,,48.33463,6.32539,Nuit avec éclairage allumé,Hors agglomération,Hors intersection,Normale,Sans collision,,,,,,,,,,,5,1,1,1,7
201500006015,0015-06-10 18:30:00,15,6,10,18,30,880,70,Grande rue,48.33446,6.2331,Plein jour,En agglomération,Intersection en T,Normale,Deux véhicules - côté,,,,,,,,,,,1,2,3,1,3
201500006016,0015-09-20 18:15:00,15,9,20,18,15,880,90,,48.36809,6.27523,Plein jour,Hors agglomération,Intersection en T,Normale,Deux véhicules - frontale,,,,,,,,,,,1,1,3,1,1
201500006017,0015-09-26 15:30:00,15,9,26,15,30,880,90,,48.36463,6.29001,Plein jour,Hors agglomération,Hors intersection,Normale,Autre collision,,,,,,,,,,,1,1,1,1,6
201500006018,0015-09-28 18:15:00,15,9,28,18,15,880,513,,48.35051,6.31855,Crépuscule ou aube,Hors agglomération,Intersection en X,Normale,Deux véhicules - côté,,,,,,,,,,,2,1,2,1,3
201500006019,0015-09-29 16:15:00,15,9,29,16,15,880,513,,48.35051,6.31855,Plein jour,Hors agglomération,Intersection en X,Normale,Deux véhicules - côté,,,,,,,,,,,1,1,2,1,3
201500006020,0015-11-02 15:00:00,15,11,2,15,0,880,327,,48.32254,6.36168,Plein jour,Hors agglomération,Hors intersection,Normale,Deux véhicules - arrière,,,,,,,,,,,1,1,1,1,2
201500006021,0015-11-12 14:45:00,15,11,12,14,45,880,90,,48.37224,6.29285,Plein jour,En agglomération,Hors intersection,Normale,Autre collision,,,,,,,,,,,1,2,1,1,6
201500006022,0015-04-16 15:30:00,15,4,16,15,30,880,61,,48.07961,5.94462,Plein jour,Hors agglomération,Hors intersection,Normale,Autre collision,,,,,,,,,,,1,1,1,1,6
201500006023,0015-05-02 18:45:00,15,5,2,18,45,880,421,,48.00629,5.30147,Plein jour,Hors agglomération,Hors intersection,Pluie légère,Autre collision,,,,,,,,,,,1,1,1,2,6
201500006024,0015-07-07 14:45:00,15,7,7,14,45,880,162,,48.16322,6.05458,Plein jour,Hors agglomération,Hors intersection,Normale,Deux véhicules - côté,,,,,,,,,,,1,1,1,1,3
201500006025,0015-08-28 16:45:00,15,8,28,16,45,880,310,Chemin de la Courtine,48.0307,5.98037,Plein jour,En agglomération,Autre intersection,Pluie légère,Autre collision,,,,,,,,,,,1,2,9,2,6
201500006026,0015-10-17 16:30:00,15,10,17,16,30,880,475,,48.09377,5.74491,Plein jour,Hors agglomération,Hors intersection,Normale,Autre collision,,,,,,,,,,,1,1,1,1,6
201500006027,0015-11-09 05:45:00,15,11,9,5,45,880,124,,48.06729,6.08322,Nuit sans éclairage public,Hors agglomération,Hors intersection,Normale,Autre collision,,,,,,,,,,,3,1,1,1,6
201500006028,0015-02-28 23:00:00,15,2,28,23,0,880,410,,48.38173,6.78538,Nuit sans éclairage public,Hors agglomération,Hors intersection,Temps couvert,Autre collision,,,,,,,,,,,3,1,1,8,6
201500006029,0015-06-07 18:30:00,15,6,7,18,30,880,77,,48.35126,6.708,Plein jour,Hors agglomération,Hors intersection,Normale,Deux véhicules - arrière,,,,,,,,,,,1,1,1,1,2
201500006030,0015-07-21 14:30:00,15,7,21,14,30,880,395,,48.35619,6.89308,Plein jour,Hors agglomération,Hors intersection,Normale,Deux véhicules - frontale,,,,,,,,,,,1,1,1,1,1