accident_id,datetime,annee,mois,jour,heure,minute,departement,commune_insee,adresse,latitude,longitude,luminosite,agglomeration,intersection,meteo,collision,nb_vehicules,nb_usagers,nb_indemnes,nb_tues,nb_blesses_hosp,nb_blesses_legers,age_cond_1,age_cond_2,veh_type_cond_1,veh_type_cond_2,lum_code,agg_code,int_code,atm_code,col_code
201500006031,0015-08-30 18:15:00,15,8,30,18,15,880,251,50 Rue de la Colline des,48.32491,6.72674,Plein jour,Hors agglomération,Hors intersection,Normale,Deux véhicules - côté,,,,,,,,,,,1,1,1,1,3
201500006032,0015-10-13 12:30:00,15,10,13,12,30,880,8,,48.37583,6.67783,Plein jour,Hors agglomération,Hors intersection,Normale,Deux véhicules - frontale,,,,,,,,,,,1,1,1,1,1
201500006033,0015-01-13 15:15:00,15,1,13,15,15,880,327,38  rue de l'Eglise,48.30688,6.38354,Plein jour,En agglomération,Hors intersection,Normale,Autre collision,,,,,,,,,,,1,2,1,1,6
201500006034,0015-01-24 22:45:00,15,1,24,22,45,880,454,,48.2642,6.54797,Nuit sans éclairage public,Hors agglomération,Hors intersection,Normale,Deux véhicules - frontale,,,,,,,,,,,3,1,1,1,1
201500006035,0015-01-31 07:15:00,15,1,31,7,15,880,465,cd 46,48.25736,6.53396,Crépuscule ou aube,En agglomération,Hors intersection,Neige / grêle,Sans collision,,,,,,,,,,,2,2,1,4,7
201500006036,0015-02-14 19:45:00,15,2,14,19,45,880,454,RD46,48.25718,6.53392,Nuit avec éclairage allumé,En agglomération,Hors intersection,Pluie légère,Deux véhicules - frontale,,,,,,,,,,,5,2,1,2,1
201500006037,0015-02-21 19:15:00,15,2,21,19,15,880,94,19 avenue leon  Lejeau,48.31995,6.4024,Nuit avec éclairage allumé,En agglomération,Hors intersection,Temps couvert,Sans collision,,,,,,,,,,,5,2,1,8,7
201500006038,0015-02-28 04:45:00,15,2,28,4,45,880,327,,48.29404,6.37707,Nuit sans éclairage public,Hors agglomération,Hors intersection,Normale,Autre collision,,,,,,,,,,,3,1,1,1,6
201500006039,0015-03-28 07:45:00,15,3,28,7,45,880,327,,48.32322,6.36021,Plein jour,Hors agglomération,Hors intersection,Normale,Autre collision,,,,,,,,,,,1,1,1,1,6
201500006040,0015-04-23 22:30:00,15,4,23,22,30,880,204,,48.24257,6.44582,Nuit sans éclairage public,Hors agglomération,Hors intersection,Normale,Autre collision,,,,,,,,,,,3,1,1,1,6
201500006041,0015-05-01 20:45:00,15,5,1,20,45,880,327,Face Z.I. Innothéra,48.3169,6.36889,Nuit sans éclairage public,Hors agglomération,Hors intersection,Pluie légère,Deux véhicules - frontale,,,,,,,,,,,3,1,1,2,1
201500006042,0015-05-24 16:30:00,15,5,24,16,30,880,465,rue lorraine,48.26213,6.40812,Plein jour,En agglomération,Giratoire,Normale,Sans collision,,,,,,,,,,,1,2,6,1,7
201500006043,0015-07-31 18:30:00,15,7,31,18,30,880,497,,48.29569,6.41561,Plein jour,Hors agglomération,Hors intersection,Normale,Autre collision,,,,,,,,,,,1,1,1,1,6
201500006044,0015-08-02 13:45:00,15,8,2,13,45,880,247,16 rue Marie Jules,48.27384,6.39318,Plein jour,En agglomération,Hors intersection,Temps éblouissant,Deux véhicules - côté,,,,,,,,,,,1,2,1,7,3
201500006045,0015-09-07 17:35:00,15,9,7,17,35,880,40,,48.26208,6.47634,Plein jour,Hors agglomération,Hors intersection,Normale,Sans collision,,,,,,,,,,,1,1,1,1,7
201500006046,0015-10-14 20:15:00,15,10,14,20,15,880,200,route de mazeley,48.23149,6.33796,Nuit avec éclairage allumé,En agglomération,Intersection en X,Normale,Deux véhicules - côté,,,,,,,,,,,5,2,2,1,3
201500006047,0015-11-23 01:30:00,15,11,23,1,30,880,379,,48.35008,6.5035,Nuit sans éclairage public,Hors agglomération,Hors intersection,Normale,Autre collision,,,,,,,,,,,3,1,1,1,6
201500006048,0015-12-24 19:00:00,15,12,24,19,0,880,313,,48.33472,6.41966,Plein jour,Hors agglomération,Hors intersection,Normale,Deux véhicules - frontale,,,,,,,,,,,1,1,1,1,1
201500006049,0015-01-22 20:00:00,15,1,22,20,0,880,225,444 routes d'arches,48.09826,6.49576,Nuit avec éclairage allumé,En agglomération,Hors intersection,Pluie légère,Deux véhicules - frontale,,,,,,,,,,,5,2,1,2,1
201500006050,0015-09-06 07:00:00,15,9,6,7,0,880,134,,48.14232,6.47225,Crépuscule ou aube,En agglomération,Hors intersection,Normale,Autre collision,,,,,,,,,,,2,2,1,1,6
201500006051,0015-09-06 05:30:00,15,9,6,5,30,880,530,,48.04177,6.41286,Crépuscule ou aube,Hors agglomération,Hors intersection,Normale,Autre collision,,,,,,,,,,,2,1,1,1,6
201500006052,0015-12-06 02:15:00,15,12,6,2,15,880,225,,48.0679,6.48383,Nuit sans éclairage public,Hors agglomération,Hors intersection,Normale,Autre collision,,,,,,,,,,,3,1,1,1,6
201500006053,0015-12-31 05:00:00,15,12,31,5,0,880,530,,48.0515,6.37644,Nuit sans éclairage public,Hors agglomération,Hors intersection,Temps couvert,Autre collision,,,,,,,,,,,3,1,1,8,6
201500006054,0015-03-18 14:45:00,15,3,18,14,45,880,321,PLACE ALBERT VOILQUIN,48.35688,5.6921,Plein jour,En agglomération,Place,Normale,Autre collision,,,,,,,,,,,1,2,7,1,6
201500006055,0015-04-08 18:15:00,15,4,8,18,15,880,460,rue du moulin,48.40391,5.73335,Plein jour,En agglomération,Intersection en T,Temps éblouissant,Deux véhicules - côté,,,,,,,,,,,1,2,3,7,3
201500006056,0015-04-18 04:30:00,15,4,18,4,30,880,74,,48.36472,5.48547,Nuit sans éclairage public,Hors agglomération,Hors intersection,Normale,Autre collision,,,,,,,,,,,3,1,1,1,6
201500006057,0015-08-19 23:30:00,15,8,19,23,30,880,241,,48.29698,5.89217,Nuit sans éclairage public,Hors agglomération,Hors intersection,Normale,Deux véhicules - frontale,,,,,,,,,,,3,1,1,1,1
201500006058,0015-09-09 10:00:00,15,9,9,10,0,880,321,division Leclerc,48.36322,5.69398,Plein jour,En agglomération,Hors intersection,Normale,Trois véhicules et plus - en chaîne,,,,,,,,,,,1,2,1,1,4
201500006059,0015-09-21 12:45:00,15,9,21,12,45,880,321,1 avenue de Herringen,48.35863,5.69261,Plein jour,En agglomération,Hors intersection,Normale,Autre collision,,,,,,,,,,,1,2,1,1,6
201500006060,0015-05-11 14:00:00,15,5,11,14,0,210,652,,47.22498,4.6213,Plein jour,Hors agglomération,Hors intersection,Normale,Sans collision,,,,,,,,,,,1,1,1,1,7
201500006061,0015-01-09 19:30:00,15,1,9,19,30,880,304,Rue Victor Hugo,48.30597,6.13389,Nuit avec éclairage allumé,En agglomération,Intersection en X,Normale,Autre collision,,,,,,,,,,,5,2,2,1,6
201500006062,0015-03-01 21:45:00,15,3,1,21,45,880,525,,48.27466,6.15428,Nuit sans éclairage public,Hors agglomération,Hors intersection,Normale,Deux véhicules - frontale,,,,,,,,,,,3,1,1,1,1
201500006063,0015-03-29 15:30:00,15,3,29,15,30,880,237,,48.21748,6.28453,Plein jour,Hors agglomération,Autre intersection,Normale,Deux véhicules - frontale,,,,,,,,,,,1,1,9,1,1
201500006064,0015-04-06 14:45:00,15,4,6,14,45,880,368,,48.30796,6.59883,Plein jour,Hors agglomération,Intersection en X,Normale,Deux véhicules - frontale,,,,,,,,,,,1,1,2,1,1
201500006065,0015-04-09 08:00:00,15,4,9,8,0,880,6,428 Rue du Menil,48.34558,6.13909,Plein jour,En agglomération,Hors intersection,Normale,Deux véhicules - côté,,,,,,,,,,,1,2,1,1,3
201500006066,0015-06-15 09:45:00,15,6,15,9,45,880,508,,48.18657,6.20038,Plein jour,Hors agglomération,Hors intersection,Pluie légère,Sans collision,,,,,,,,,,,1,1,1,2,7
201500006067,0015-12-24 10:45:00,15,12,24,10,45,880,304,rue GERMINI,48.30707,6.13385,Plein jour,En agglomération,Intersection en X,Normale,Autre collision,,,,,,,,,,,1,2,2,1,6
201500006068,0015-05-06 13:30:00,15,5,6,13,30,880,524,,48.1765,5.71925,Plein jour,Hors agglomération,Hors intersection,Normale,Deux véhicules - arrière,,,,,,,,,,,1,1,1,1,2
201500006069,0015-05-30 19:00:00,15,5,30,19,0,880,285,,48.21725,5.90093,Plein jour,Hors agglomération,Hors intersection,Normale,Autre collision,,,,,,,,,,,1,1,1,1,6
201500006070,0015-08-26 21:15:00,15,8,26,21,15,880,332,,48.20127,5.93208,Nuit sans éclairage public,Hors agglomération,Hors intersection,Normale,Deux véhicules - frontale,,,,,,,,,,,3,1,1,1,1
201500006071,0015-12-17 18:45:00,15,12,17,18,45,880,516,,48.19162,5.92468,Nuit avec éclairage non allumé,Hors agglomération,Hors intersection,Normale,Deux véhicules - arrière,,,,,,,,,,,4,1,1,1,2
201500006072,0015-04-25 14:30:00,15,4,25,14,30,880,464,,48.10674,6.69002,Plein jour,Hors agglomération,Hors intersection,Normale,Deux véhicules - côté,,,,,,,,,,,1,1,1,1,3
201500006073,0015-06-23 11:15:00,15,6,23,11,15,880,487,,47.92181,6.46781,Plein jour,Hors agglomération,Hors intersection,Normale,Trois véhicules et plus - collisions multiples,,,,,,,,,,,1,1,1,1,5
201500006074,0015-10-18 14:45:00,15,10,18,14,45,880,487,Route des Scieries,47.96809,6.48754,Plein jour,Hors agglomération,Hors intersection,Normale,Deux véhicules - côté,,,,,,,,,,,1,1,1,1,3
201500006075,0015-03-07 16:15:00,15,3,7,16,15,880,447,,47.9561,6.74445,Plein jour,Hors agglomération,Hors intersection,Normale,Deux véhicules - côté,,,,,,,,,,,1,1,1,1,3
201500006076,0015-03-28 09:30:00,15,3,28,9,30,880,75,,48.01302,6.94747,Plein jour,Hors agglomération,Hors intersection,Pluie légère,Sans collision,,,,,,,,,,,1,1,1,2,7
201500006077,0015-05-30 09:15:00,15,5,30,9,15,880,486,Rue du Général DE GAULE,48.00912,6.71653,Plein jour,En agglomération,Hors intersection,Normale,Autre collision,,,,,,,,,,,1,2,1,1,6
201500006078,0015-07-21 17:45:00,15,7,21,17,45,880,116,,47.98082,6.83339,Plein jour,Hors agglomération,Hors intersection,Normale,Autre collision,,,,,,,,,,,1,1,1,1,6
201500006079,0015-10-05 08:30:00,15,10,5,8,30,880,447,avenue Jules Ferry,47.94822,6.77323,Nuit avec éclairage allumé,En agglomération,Place,Pluie forte,Autre collision,,,,,,,,,,,5,2,7,3,6
201500006080,0015-12-17 17:30:00,15,12,17,17,30,880,75,01 quai des iranées,48.00353,6.87477,Crépuscule ou aube,En agglomération,Hors intersection,Normale,Autre collision,,,,,,,,,,,2,2,1,1,6
201500006081,0015-02-23 10:15:00,15,2,23,10,15,880,426,,47.85737,6.82166,Plein jour,Hors agglomération,Hors intersection,Neige / grêle,Trois véhicules et plus - en chaîne,,,,,,,,,,,1,1,1,4,4
201500006082,0015-03-08 15:45:00,15,3,8,15,45,880,170,,47.91041,6.70206,Plein jour,Hors agglomération,Hors intersection,Normale,Deux véhicules - côté,,,,,,,,,,,1,1,1,1,3
201500006083,0015-05-01 03:00:00,15,5,1,3,0,880,426,16 rue d'Alsace,47.86378,6.82648,Nuit avec éclairage allumé,En agglomération,Hors intersection,Pluie forte,Autre collision,,,,,,,,,,,5,2,1,3,6
201500006084,0015-07-06 17:30:00,15,7,6,17,30,880,170,,47.89689,6.73182,Plein jour,Hors agglomération,Hors intersection,Temps éblouissant,Deux véhicules - frontale,,,,,,,,,,,1,1,1,7,1
201500006085,0015-08-12 17:30:00,15,8,12,17,30,880,302,,47.91359,6.79831,Plein jour,Hors agglomération,Hors intersection,Normale,Autre collision,,,,,,,,,,,1,1,1,1,6
201500006086,0015-09-01 22:30:00,15,9,1,22,30,880,408,,47.90707,6.69597,Nuit sans éclairage public,Hors agglomération,Giratoire,Normale,Sans collision,,,,,,,,,,,3,1,6,1,7
201500006087,0015-03-08 17:45:00,15,3,8,17,45,880,386,,48.26051,6.99199,Plein jour,Hors agglomération,Hors intersection,Normale,Sans collision,,,,,,,,,,,1,1,1,1,7
201500006088,0015-04-06 22:15:00,15,4,6,22,15,880,182,,48.29128,7.05851,Nuit sans éclairage public,Hors agglomération,Hors intersection,Normale,Sans collision,,,,,,,,,,,3,1,1,1,7
201500006089,0015-11-07 03:00:00,15,11,7,3,0,880,445,,48.25148,6.95726,Nuit sans éclairage public,Hors agglomération,Hors intersection,Pluie forte,Deux véhicules - côté,,,,,,,,,,,3,1,1,3,3
201500006090,0015-12-13 03:15:00,15,12,13,3,15,880,375,,48.26425,7.04873,Nuit sans éclairage public,Hors agglomération,Hors intersection,Normale,Autre collision,,,,,,,,,,,3,1,1,1,6
201500006091,0015-01-06 17:45:00,15,1,6,17,45,880,9,1042 rue de saint die,48.20085,6.94543,Plein jour,En agglomération,Hors intersection,Normale,Deux véhicules - frontale,,,,,,,,,,,1,2,1,1,1
201500006092,0015-05-10 11:00:00,15,5,10,11,0,880,9,Route départementale 415,48.19154,6.95118,Plein jour,En agglomération,Hors intersection,Normale,Deux véhicules - côté,,,,,,,,,,,1,2,1,1,3
201500006093,0015-05-23 17:30:00,15,5,23,17,30,880,349,,48.12855,7.02882,Plein jour,Hors agglomération,Hors intersection,Normale,Sans collision,,,,,,,,,,,1,1,1,1,7
201500006094,0015-06-12 10:00:00,15,6,12,10,0,880,9,,48.17249,6.92609,Plein jour,Hors agglomération,Hors intersection,Normale,Deux véhicules - arrière,,,,,,,,,,,1,1,1,1,2
201500006095,0015-09-06 18:30:00,15,9,6,18,30,880,198,,48.10352,6.90613,Plein jour,Hors agglomération,Hors intersection,Normale,Deux véhicules - côté,,,,,,,,,,,1,1,1,1,3
201500006096,0015-09-12 10:00:00,15,9,12,10,0,880,181,"2, rue du génral Ingold",48.18381,7.00273,Plein jour,En agglomération,Hors intersection,Normale,Deux véhicules - arrière,,,,,,,,,,,1,2,1,1,2
201500006097,0015-10-09 16:00:00,15,10,9,16,0,880,218,,48.142,6.82228,Plein jour,Hors agglomération,Hors intersection,Normale,Autre collision,,,,,,,,,,,1,1,1,1,6
201500006098,0015-12-16 20:15:00,15,12,16,20,15,880,423,rue de l'église,48.21539,6.94477,Nuit avec éclairage non allumé,En agglomération,Hors intersection,Pluie légère,Deux véhicules - frontale,,,,,,,,,,,4,2,1,2,1
201500006099,0015-12-22 17:15:00,15,12,22,17,15,880,492,,48.05708,7.01062,Nuit sans éclairage public,Hors agglomération,Hors intersection,Temps couvert,Deux véhicules - frontale,,,,,,,,,,,3,1,1,8,1
201500006100,0015-04-22 23:30:00,15,4,22,23,30,880,196,,48.07332,6.82639,Nuit sans éclairage public,Hors agglomération,Hors intersection,Normale,Autre collision,,,,,,,,,,,3,1,1,1,6
201500006101,0015-06-10 21:30:00,15,6,10,21,30,880,196,,48.06441,6.86272,Crépuscule ou aube,Hors agglomération,Hors intersection,Normale,Autre collision,,,,,,,,,,,2,1,1,1,6
201500006102,0015-07-06 16:15:00,15,7,6,16,15,880,196,,48.07206,6.86343,Plein jour,Hors agglomération,Hors intersection,Normale,Autre collision,,,,,,,,,,,1,1,1,1,6
201500006103,0015-09-20 18:30:00,15,9,20,18,30,880,531,,48.0547,7.00512,Crépuscule ou aube,Hors agglomération,Hors intersection,Normale,Deux véhicules - côté,,,,,,,,,,,2,1,1,1,3
201500006104,0015-01-06 10:00:00,15,1,6,10,0,880,245,,48.35015,6.94543,Plein jour,Hors agglomération,Hors intersection,Normale,Sans collision,,,,,,,,,,,1,1,1,1,7
201500006105,0015-01-29 17:45:00,15,1,29,17,45,880,451,,48.39101,6.98014,Nuit avec éclairage allumé,En agglomération,Hors intersection,Pluie légère,Autre collision,,,,,,,,,,,5,2,1,2,6
201500006106,0015-03-13 07:00:00,15,3,13,7,0,880,328,,48.32163,6.84722,Plein jour,Hors agglomération,Intersection en X,Normale,Deux véhicules - côté,,,,,,,,,,,1,1,2,1,3
201500006107,0015-04-18 17:45:00,15,4,18,17,45,880,33,Col d'Hermanpaire,48.36126,7.02766,Plein jour,Hors agglomération,Hors intersection,Normale,Sans collision,,,,,,,,,,,1,1,1,1,7
201500006108,0015-07-14 22:45:00,15,7,14,22,45,880,372,paul langevin,48.4038,6.84504,Nuit sans éclairage public,En agglomération,Hors intersection,Normale,Autre collision,,,,,,,,,,,3,2,1,1,6
201500006109,0015-01-13 18:30:00,15,1,13,18,30,670,28,Rue du Moulin,,,Plein jour,En agglomération,Intersection en T,Normale,Deux véhicules - côté,,,,,,,,,,,1,2,3,1,3
201500006110,0015-05-06 18:45:00,15,5,6,18,45,670,28,1 F rue du Piémont,,,Plein jour,En agglomération,Hors intersection,Normale,Sans collision,,,,,,,,,,,1,2,1,1,7
201500006111,0015-05-24 04:30:00,15,5,24,4,30,670,246,"PV,SENS BENFELD-SELESTAT",,,Nuit avec éclairage allumé,Hors agglomération,Hors intersection,Normale,Autre collision,,,,,,,,,,,5,1,1,1,6
201500006112,0015-06-20 10:45:00,15,6,20,10,45,670,412,,,,Plein jour,Hors agglomération,Hors intersection,Normale,Sans collision,,,,,,,,,,,1,1,1,1,7
201500006113,0015-07-27 10:15:00,15,7,27,10,15,670,397,intersection rue de frie,,,Plein jour,En agglomération,Hors intersection,Normale,Deux véhicules - côté,,,,,,,,,,,1,2,1,1,3
201500006114,0015-08-17 19:15:00,15,8,17,19,15,670,146,,,,Plein jour,Hors agglomération,Hors intersection,Normale,Deux véhicules - frontale,,,,,,,,,,,1,1,1,1,1
201500006115,0015-10-11 03:45:00,15,10,11,3,45,670,464,,,,Nuit sans éclairage public,Hors agglomération,Hors intersection,Normale,Autre collision,,,,,,,,,,,3,1,1,1,6
201500006116,0015-10-21 22:00:00,15,10,21,22,0,670,216,7 rue du 1erdécembre,,,Nuit avec éclairage allumé,En agglomération,Hors intersection,Normale,Deux véhicules - côté,,,,,,,,,,,5,2,1,1,3
201500006117,0015-11-01 08:00:00,15,11,1,8,0,670,28,,,,Crépuscule ou aube,Hors agglomération,Hors intersection,Brouillard / fumée,Autre collision,,,,,,,,,,,2,1,1,5,6
201500006118,0015-11-26 07:00:00,15,11,26,7,0,670,28,rue de Strasbourg,,,Nuit avec éclairage allumé,En agglomération,Hors intersection,Pluie légère,Autre collision,,,,,,,,,,,5,2,1,2,6
201500006119,0015-05-19 08:15:00,15,5,19,8,15,670,268,,,,Plein jour,Hors agglomération,Hors intersection,Normale,Deux véhicules - frontale,,,,,,,,,,,1,1,1,1,1
201500006120,0015-09-13 05:15:00,15,9,13,5,15,670,131,,,,Nuit avec éclairage allumé,En agglomération,Hors intersection,Pluie légère,Autre collision,,,,,,,,,,,5,2,1,2,6
201500006121,0015-12-04 08:00:00,15,12,4,8,0,670,131,14 rue Fusiliers Marins,,,Plein jour,En agglomération,Hors intersection,Normale,Deux véhicules - côté,,,,,,,,,,,1,2,1,1,3
201500006122,0015-12-07 15:45:00,15,12,7,15,45,670,378,RUE DU COIN DES LIEVRES,,,Plein jour,En agglomération,Hors intersection,Normale,Autre collision,,,,,,,,,,,1,2,1,1,6
201500006123,0015-01-13 18:30:00,15,1,13,18,30,670,130,45 RUE DU PRINTEMPS,,,Nuit avec éclairage allumé,En agglomération,Hors intersection,Normale,Deux véhicules - frontale,,,,,,,,,,,5,2,1,1,1
201500006124,0015-01-21 08:30:00,15,1,21,8,30,670,526,,,,Plein jour,Hors agglomération,Hors intersection,Normale,Deux véhicules - frontale,,,,,,,,,,,1,1,1,1,1
201500006125,0015-01-27 06:45:00,15,1,27,6,45,670,130,,,,Nuit sans éclairage public,Hors agglomération,Hors intersection,Normale,Sans collision,,,,,,,,,,,3,1,1,1,7
201500006126,0015-02-13 15:15:00,15,2,13,15,15,670,130,,,,Plein jour,Hors agglomération,Giratoire,Normale,Deux véhicules - frontale,,,,,,,,,,,1,1,6,1,1
201500006127,0015-03-22 15:00:00,15,3,22,15,0,670,130,25 avenue de la gare,,,Plein jour,En agglomération,Autre intersection,Normale,Deux véhicules - côté,,,,,,,,,,,1,2,9,1,3
201500006128,0015-05-19 08:00:00,15,5,19,8,0,670,130,avenue de la gare,,,Plein jour,En agglomération,Hors intersection,Temps couvert,Autre collision,,,,,,,,,,,1,2,1,8,6
201500006129,0015-06-07 17:00:00,15,6,7,17,0,670,130,cd426 montée pont sncf,,,Plein jour,En agglomération,Hors intersection,Normale,Autre collision,,,,,,,,,,,1,2,1,1,6
201500006130,0015-06-27 12:30:00,15,6,27,12,30,670,154,,,,Plein jour,En agglomération,Intersection en T,Normale,Deux véhicules - frontale,,,,,,,,,,,1,2,3,1,1
201500006131,0015-07-21 10:00:00,15,7,21,10,0,670,130,rue Mercière,,,Plein jour,En agglomération,Hors intersection,Normale,Deux véhicules - côté,,,,,,,,,,,1,2,1,1,3
201500006132,0015-08-16 16:15:00,15,8,16,16,15,670,130,,,,Plein jour,Hors agglomération,Hors intersection,Normale,Deux véhicules - frontale,,,,,,,,,,,1,1,1,1,1
201500006133,0015-09-03 10:00:00,15,9,3,10,0,670,130,,,,Plein jour,Hors agglomération,Autre intersection,Normale,Autre collision,,,,,,,,,,,1,1,9,1,6
201500006134,0015-09-07 07:45:00,15,9,7,7,45,670,130,16 RUE OBERLIN,,,Plein jour,En agglomération,Hors intersection,Normale,Deux véhicules - côté,,,,,,,,,,,1,2,1,1,3
201500006135,0015-09-15 12:00:00,15,9,15,12,0,670,130,39 rue du printemps,,,Plein jour,En agglomération,Hors intersection,Normale,Deux véhicules - côté,,,,,,,,,,,1,2,1,1,3
201500006136,0015-10-08 16:15:00,15,10,8,16,15,670,336,RUE DU RIED,,,Plein jour,En agglomération,Hors intersection,Normale,Autre collision,,,,,,,,,,,1,2,1,1,6
201500006137,0015-10-30 22:30:00,15,10,30,22,30,670,526,rue du 20 novembre,,,Nuit avec éclairage allumé,En agglomération,Autre intersection,Normale,Deux véhicules - frontale,,,,,,,,,,,5,2,9,1,1
201500006138,0015-12-06 18:45:00,15,12,6,18,45,670,130,,,,Nuit sans éclairage public,Hors agglomération,Autre intersection,Normale,Deux véhicules - frontale,,,,,,,,,,,3,1,9,1,1
201500006139,0015-01-02 20:45:00,15,1,2,20,45,670,348,,,,Nuit sans éclairage public,Hors agglomération,Hors intersection,Temps couvert,Autre collision,,,,,,,,,,,3,1,1,8,6
201500006140,0015-01-16 17:45:00,15,1,16,17,45,670,348,rue du Gal Leclerc,,,Nuit avec éclairage allumé,En agglomération,Hors intersection,Pluie légère,Autre collision,,,,,,,,,,,5,2,1,2,6
201500006141,0015-03-25 07:30:00,15,3,25,7,30,670,348,RD322,,,Plein jour,En agglomération,Hors intersection,Normale,Deux véhicules - côté,,,,,,,,,,,1,2,1,1,3
201500006142,0015-05-19 09:15:00,15,5,19,9,15,670,248,,,,Plein jour,Hors agglomération,Autre intersection,Normale,Deux véhicules - côté,,,,,,,,,,,1,1,9,1,3
201500006143,0015-06-06 16:30:00,15,6,6,16,30,670,348,41 RUE GENERAL LECLERC,,,Plein jour,En agglomération,Hors intersection,Normale,Deux véhicules - frontale,,,,,,,,,,,1,2,1,1,1
201500006144,0015-06-21 14:00:00,15,6,21,14,0,670,348,,,,Plein jour,Hors agglomération,Hors intersection,Normale,Autre collision,,,,,,,,,,,1,1,1,1,6
201500006145,0015-06-29 22:00:00,15,6,29,22,0,670,286,267 rue principale,,,Nuit avec éclairage allumé,En agglomération,Hors intersection,Normale,Autre collision,,,,,,,,,,,5,2,1,1,6
201500006146,0015-09-16 15:30:00,15,9,16,15,30,670,248,,,,Plein jour,Hors agglomération,Hors intersection,Normale,Deux véhicules - côté,,,,,,,,,,,1,1,1,1,3
201500006147,0015-11-18 14:15:00,15,11,18,14,15,670,348,,,,Plein jour,Hors agglomération,Hors intersection,Normale,Deux véhicules - frontale,,,,,,,,,,,1,1,1,1,1
201500006148,0015-12-08 10:15:00,15,12,8,10,15,670,348,,,,Plein jour,Hors agglomération,Hors intersection,Brouillard / fumée,Sans collision,,,,,,,,,,,1,1,1,5,7
201500006149,0015-12-15 14:30:00,15,12,15,14,30,670,348,2 rue des bonnes gens,,,Plein jour,En agglomération,Hors intersection,Normale,Deux véhicules - arrière,,,,,,,,,,,1,2,1,1,2
201500006150,0015-01-06 08:15:00,15,1,6,8,15,670,331,,,,Crépuscule ou aube,Hors agglomération,Hors intersection,Brouillard / fumée,Deux véhicules - frontale,,,,,,,,,,,2,1,1,5,1
201500006151,0015-03-13 14:15:00,15,3,13,14,15,670,540,,,,Plein jour,Hors agglomération,Hors intersection,Normale,Sans collision,,,,,,,,,,,1,1,1,1,7
201500006152,0015-06-09 12:00:00,15,6,9,12,0,670,87,,,,Plein jour,Hors agglomération,Intersection en X,Normale,Deux véhicules - frontale,,,,,,,,,,,1,1,2,1,1
201500006153,0015-07-13 17:45:00,15,7,13,17,45,670,203,,,,Plein jour,Hors agglomération,Hors intersection,Normale,Deux véhicules - frontale,,,,,,,,,,,1,1,1,1,1
201500006154,0015-07-17 17:00:00,15,7,17,17,0,670,359,,,,Plein jour,Hors agglomération,Hors intersection,Normale,Deux véhicules - arrière,,,,,,,,,,,1,1,1,1,2
201500006155,0015-10-26 04:45:00,15,10,26,4,45,670,87,,,,Nuit sans éclairage public,Hors agglomération,Hors intersection,Normale,Deux véhicules - frontale,,,,,,,,,,,3,1,1,1,1
201500006156,0015-12-18 13:15:00,15,12,18,13,15,670,458,Rue du château d'eau,,,Plein jour,En agglomération,Hors intersection,Normale,Autre collision,,,,,,,,,,,1,2,1,1,6
201500006157,0015-06-09 22:30:00,15,6,9,22,30,670,46,,,,Nuit sans éclairage public,Hors agglomération,Hors intersection,Normale,Deux véhicules - arrière,,,,,,,,,,,3,1,1,1,2
201500006158,0015-06-10 12:15:00,15,6,10,12,15,670,46,,,,Plein jour,Hors agglomération,Giratoire,Normale,Sans collision,,,,,,,,,,,1,1,6,1,7
201500006159,0015-10-16 18:30:00,15,10,16,18,30,670,449,89 rue principale,,,Crépuscule ou aube,En agglomération,Hors intersection,Normale,Deux véhicules - côté,,,,,,,,,,,2,2,1,1,3
201500006160,0015-04-29 13:30:00,15,4,29,13,30,670,188,,,,Plein jour,Hors agglomération,Hors intersection,Normale,Autre collision,,,,,,,,,,,1,1,1,1,6
201500006161,0015-06-05 10:00:00,15,6,5,10,0,670,80,,,,Plein jour,Hors agglomération,Hors intersection,Normale,Deux véhicules - arrière,,,,,,,,,,,1,1,1,1,2
201500006162,0015-09-06 06:00:00,15,9,6,6,0,670,128,rue de la Gare,,,Crépuscule ou aube,En agglomération,Hors intersection,Temps couvert,Autre collision,,,,,,,,,,,2,2,1,8,6
201500006163,0015-09-12 01:45:00,15,9,12,1,45,670,168,,,,Nuit sans éclairage public,Hors agglomération,Hors intersection,Temps couvert,Sans collision,,,,,,,,,,,3,1,1,8,7
201500006164,0015-11-03 08:45:00,15,11,3,8,45,670,300,Rue henri MECK,,,Plein jour,En agglomération,Autre intersection,Normale,Autre collision,,,,,,,,,,,1,2,9,1,6
201500006165,0015-11-08 14:00:00,15,11,8,14,0,670,127,,,,Plein jour,Hors agglomération,Hors intersection,Temps éblouissant,Deux véhicules - frontale,,,,,,,,,,,1,1,1,7,1