accident_id,datetime,annee,mois,jour,heure,minute,departement,commune_insee,adresse,latitude,longitude,luminosite,agglomeration,intersection,meteo,collision,nb_vehicules,nb_usagers,nb_indemnes,nb_tues,nb_blesses_hosp,nb_blesses_legers,age_cond_1,age_cond_2,veh_type_cond_1,veh_type_cond_2,lum_code,agg_code,int_code,atm_code,col_code
201500006572,0015-06-07 14:30:00,15,6,7,14,30,100,19,,48.403,4.371,Plein jour,Hors agglomération,Intersection en X,Normale,Deux véhicules - côté,,,,,,,,,,,1,1,2,1,3
201500006573,0015-06-14 15:00:00,15,6,14,15,0,100,287,RD 11,48.367,4.361,Plein jour,En agglomération,Hors intersection,Normale,Deux véhicules - arrière,,,,,,,,,,,1,2,1,1,2
201500006574,0015-08-01 21:30:00,15,8,1,21,30,100,287,,48.358,4.344,Nuit sans éclairage public,Hors agglomération,Hors intersection,Normale,Sans collision,,,,,,,,,,,3,1,1,1,7
201500006575,0015-10-05 18:30:00,15,10,5,18,30,100,287,rue de la chapelle,48.3634,4.32801,Plein jour,En agglomération,Hors intersection,Pluie légère,Trois véhicules et plus - en chaîne,,,,,,,,,,,1,2,1,2,4
201500006576,0015-01-05 21:00:00,15,1,5,21,0,100,33,,48.23597,4.70293,Nuit avec éclairage allumé,En agglomération,Hors intersection,Normale,Autre collision,,,,,,,,,,,5,2,1,1,6
201500006577,0015-01-18 06:45:00,15,1,18,6,45,100,33,RD13/rue de courcelles,48.23188,4.71878,Nuit avec éclairage allumé,En agglomération,Hors intersection,Normale,Sans collision,,,,,,,,,,,5,2,1,1,7
201500006578,0015-01-25 14:00:00,15,1,25,14,0,100,426,,,,Plein jour,Hors agglomération,Hors intersection,Pluie légère,Deux véhicules - frontale,,,,,,,,,,,1,1,1,2,1
201500006579,0015-04-01 08:00:00,15,4,1,8,0,100,423,,48.23581,4.39135,Plein jour,Hors agglomération,Hors intersection,Normale,Sans collision,,,,,,,,,,,1,1,1,1,7
201500006580,0015-04-07 07:15:00,15,4,7,7,15,100,76,,48.09152,4.69919,Crépuscule ou aube,Hors agglomération,Hors intersection,Normale,Autre collision,,,,,,,,,,,2,1,1,1,6
201500006581,0015-06-08 17:00:00,15,6,8,17,0,100,50,RD 396 ( PK 31+900 ),48.27644,4.61403,Plein jour,En agglomération,Hors intersection,Normale,Deux véhicules - frontale,,,,,,,,,,,1,2,1,1,1
201500006582,0015-06-27 19:15:00,15,6,27,19,15,100,11,,48.25289,4.75641,Plein jour,Hors agglomération,Hors intersection,Normale,Sans collision,,,,,,,,,,,1,1,1,1,7
201500006583,0015-07-14 17:30:00,15,7,14,17,30,100,401,,48.23571,4.46887,Plein jour,En agglomération,Autre intersection,Normale,Deux véhicules - arrière,,,,,,,,,,,1,2,9,1,2
201500006584,0015-07-26 05:30:00,15,7,26,5,30,100,215,,48.23524,4.51718,Crépuscule ou aube,Hors agglomération,Hors intersection,Normale,Autre collision,,,,,,,,,,,2,1,1,1,6
201500006585,0015-08-02 02:45:00,15,8,2,2,45,100,384,,48.30952,4.60391,Nuit sans éclairage public,Hors agglomération,Hors intersection,Normale,Sans collision,,,,,,,,,,,3,1,1,1,7
201500006586,0015-08-06 18:30:00,15,8,6,18,30,100,401,,48.22636,4.43847,Plein jour,Hors agglomération,Hors intersection,Normale,Sans collision,,,,,,,,,,,1,1,1,1,7
201500006587,0015-10-21 19:00:00,15,10,21,19,0,100,440,,48.238,4.7658,Nuit sans éclairage public,Hors agglomération,Hors intersection,Normale,Sans collision,,,,,,,,,,,3,1,1,1,7
201500006588,0015-10-21 18:15:00,15,10,21,18,15,100,102,RD 13,,,Nuit sans éclairage public,En agglomération,Hors intersection,Normale,Deux véhicules - côté,,,,,,,,,,,3,2,1,1,3
201500006589,0015-10-23 17:15:00,15,10,23,17,15,100,33,,48.224,4.7385,Plein jour,Hors agglomération,Hors intersection,Pluie légère,Deux véhicules - frontale,,,,,,,,,,,1,1,1,2,1
201500006590,0015-10-27 18:45:00,15,10,27,18,45,100,217,,48.2511,4.5655,Nuit sans éclairage public,Hors agglomération,Hors intersection,Normale,Trois véhicules et plus - collisions multiples,,,,,,,,,,,3,1,1,1,5
201500006591,0015-12-31 12:30:00,15,12,31,12,30,100,401,,48.2383,4.4869,Plein jour,Hors agglomération,Hors intersection,Normale,Deux véhicules - côté,,,,,,,,,,,1,1,1,1,3
201500006592,0015-10-22 23:00:00,15,10,22,23,0,100,283,,48.416,4.387,Nuit sans éclairage public,Hors agglomération,Hors intersection,Pluie légère,Deux véhicules - arrière,,,,,,,,,,,3,1,1,2,2
201500006593,0015-11-07 16:30:00,15,11,7,16,30,100,228,,48.356,4.438,Plein jour,Hors agglomération,Hors intersection,Normale,Deux véhicules - frontale,,,,,,,,,,,1,1,1,1,1
201500006594,0015-01-05 17:00:00,15,1,5,17,0,100,295,Grand'rue,48.076,4.372,Crépuscule ou aube,En agglomération,Hors intersection,Temps couvert,Sans collision,,,,,,,,,,,2,2,1,8,7
201500006595,0015-05-01 16:15:00,15,5,1,16,15,100,437,,48.147,4.288,Plein jour,Hors agglomération,Hors intersection,Pluie légère,Deux véhicules - frontale,,,,,,,,,,,1,1,1,2,1
201500006596,0015-05-16 15:30:00,15,5,16,15,30,100,29,,48.02366,4.35357,Plein jour,Hors agglomération,Hors intersection,Normale,Autre collision,,,,,,,,,,,1,1,1,1,6
201500006597,0015-05-25 14:45:00,15,5,25,14,45,100,438,,48.14,4.599,Plein jour,Hors agglomération,Hors intersection,Temps couvert,Sans collision,,,,,,,,,,,1,1,1,8,7
201500006598,0015-06-30 09:15:00,15,6,30,9,15,100,55,,48.12489,4.36449,Plein jour,Hors agglomération,Hors intersection,Normale,Deux véhicules - côté,,,,,,,,,,,1,1,1,1,3
201500006599,0015-07-04 13:45:00,15,7,4,13,45,100,25,,48.003,4.31,Plein jour,Hors agglomération,Hors intersection,Temps éblouissant,Deux véhicules - frontale,,,,,,,,,,,1,1,1,7,1
201500006600,0015-07-25 17:45:00,15,7,25,17,45,100,437,chemin des contours,,,Plein jour,En agglomération,Hors intersection,Normale,Autre collision,,,,,,,,,,,1,2,1,1,6
201500006601,0015-08-01 15:45:00,15,8,1,15,45,100,317,,48.00615,4.39516,Plein jour,Hors agglomération,Hors intersection,Normale,Deux véhicules - côté,,,,,,,,,,,1,1,1,1,3
201500006602,0015-08-30 00:15:00,15,8,30,0,15,100,399,11 rue du rue,48.17642,4.18245,Nuit avec éclairage allumé,En agglomération,Hors intersection,Normale,Autre collision,,,,,,,,,,,5,2,1,1,6
201500006603,0015-11-18 17:30:00,15,11,18,17,30,100,317,rue du général de gaulle,47.9927,4.36891,Nuit avec éclairage allumé,En agglomération,Hors intersection,Normale,Deux véhicules - côté,,,,,,,,,,,5,2,1,1,3
201500006604,0015-06-03 08:45:00,15,6,3,8,45,100,153,,,,Plein jour,Hors agglomération,Intersection en X,Normale,Deux véhicules - frontale,,,,,,,,,,,1,1,2,1,1
201500006605,0015-06-28 05:45:00,15,6,28,5,45,100,298,,48.52936,3.59744,Crépuscule ou aube,Hors agglomération,Hors intersection,Normale,Autre collision,,,,,,,,,,,2,1,1,1,6
201500006606,0015-07-19 14:15:00,15,7,19,14,15,100,268,Champ bordant la RD 619,48.48378,3.51156,Plein jour,Hors agglomération,Hors intersection,Normale,Autre collision,,,,,,,,,,,1,1,1,1,6
201500006607,0015-07-21 17:45:00,15,7,21,17,45,100,334,,48.49605,3.5334,Plein jour,Hors agglomération,Hors intersection,Normale,Deux véhicules - frontale,,,,,,,,,,,1,1,1,1,1
201500006608,0015-09-12 20:45:00,15,9,12,20,45,100,339,,48.40027,3.77496,Nuit avec éclairage allumé,Hors agglomération,Hors intersection,Normale,Autre collision,,,,,,,,,,,5,1,1,1,6
201500006609,0015-09-21 15:30:00,15,9,21,15,30,100,370,,48.41311,3.53887,Plein jour,En agglomération,Hors intersection,Normale,Autre collision,,,,,,,,,,,1,2,1,1,6
201500006610,0015-10-24 15:00:00,15,10,24,15,0,100,420,4 route du chateau,48.5891,3.5548,Plein jour,En agglomération,Hors intersection,Normale,Autre collision,,,,,,,,,,,1,2,1,1,6
201500006611,0015-11-10 12:30:00,15,11,10,12,30,100,268,11 Rue Jean Jaurès,48.49484,0.50567,Plein jour,En agglomération,Hors intersection,Normale,Autre collision,,,,,,,,,,,1,2,1,1,6
201500006612,0015-12-18 14:15:00,15,12,18,14,15,100,277,,48.27352,3.67027,Plein jour,Hors agglomération,Hors intersection,Temps couvert,Autre collision,,,,,,,,,,,1,1,1,8,6
201500006613,0015-12-28 08:45:00,15,12,28,8,45,100,20,1 RUE DES CLAUSEAUX,48.43641,3.56459,Plein jour,En agglomération,Hors intersection,Normale,Sans collision,,,,,,,,,,,1,2,1,1,7
201500006614,0015-07-16 21:30:00,15,7,16,21,30,100,323,avenue jules jacquemin,,,Plein jour,En agglomération,Hors intersection,Normale,Autre collision,,,,,,,,,,,1,2,1,1,6
201500006615,0015-10-10 08:45:00,15,10,10,8,45,100,157,15 RUE SAINT JACQUES,48.4408,3.6514,Crépuscule ou aube,En agglomération,Hors intersection,Brouillard / fumée,Autre collision,,,,,,,,,,,2,2,1,5,6
201500006616,0015-02-24 11:30:00,15,2,24,11,30,520,274,,47.98105,4.894,Plein jour,Hors agglomération,Intersection en X,Normale,Deux véhicules - côté,,,,,,,,,,,1,1,2,1,3
201500006617,0015-05-26 09:00:00,15,5,26,9,0,520,165,,47.9593,4.88035,Plein jour,Hors agglomération,Hors intersection,Normale,Deux véhicules - frontale,,,,,,,,,,,1,1,1,1,1
201500006618,0015-07-06 19:15:00,15,7,6,19,15,520,469,,48.05681,5.05321,Plein jour,Hors agglomération,Hors intersection,Normale,Deux véhicules - frontale,,,,,,,,,,,1,1,1,1,1
201500006619,0015-07-20 18:15:00,15,7,20,18,15,520,69,,48.0929,4.95742,Plein jour,Hors agglomération,Hors intersection,Normale,Deux véhicules - frontale,,,,,,,,,,,1,1,1,1,1
201500006620,0015-07-31 12:30:00,15,7,31,12,30,520,193,,48.13862,5.06211,Plein jour,Hors agglomération,Hors intersection,Normale,Autre collision,,,,,,,,,,,1,1,1,1,6
201500006621,0015-09-26 20:45:00,15,9,26,20,45,520,274,,47.96397,4.82211,Nuit sans éclairage public,Hors agglomération,Hors intersection,Normale,Deux véhicules - frontale,,,,,,,,,,,3,1,1,1,1
201500006622,0015-12-08 16:00:00,15,12,8,16,0,520,423,,48.26122,5.32923,Plein jour,Hors agglomération,Intersection en T,Temps éblouissant,Deux véhicules - côté,,,,,,,,,,,1,1,3,7,3
201500006623,0015-02-07 02:15:00,15,2,7,2,15,520,287,,48.11994,5.57761,Nuit sans éclairage public,Hors agglomération,Hors intersection,Neige / grêle,Sans collision,,,,,,,,,,,3,1,1,4,7
201500006624,0015-02-27 07:00:00,15,2,27,7,0,520,74,parking du CAT Breuvanne,48.09693,5.60273,Crépuscule ou aube,En agglomération,Hors intersection,Pluie forte,Autre collision,,,,,,,,,,,2,2,1,3,6
201500006625,0015-04-30 14:00:00,15,4,30,14,0,520,353,,48.04038,5.37676,Plein jour,Hors agglomération,Hors intersection,Normale,Deux véhicules - côté,,,,,,,,,,,1,1,1,1,3
201500006626,0015-05-13 15:00:00,15,5,13,15,0,520,353,,48.04768,5.35992,Plein jour,Hors agglomération,Hors intersection,Normale,Deux véhicules - frontale,,,,,,,,,,,1,1,1,1,1
201500006627,0015-05-17 13:45:00,15,5,17,13,45,520,488,,47.98163,5.2675,Plein jour,Hors agglomération,Autre intersection,Normale,Sans collision,,,,,,,,,,,1,1,9,1,7
201500006628,0015-06-20 18:30:00,15,6,20,18,30,520,320,Le village,48.05391,5.59034,Plein jour,En agglomération,Hors intersection,Normale,Sans collision,,,,,,,,,,,1,2,1,1,7
201500006629,0015-10-17 15:45:00,15,10,17,15,45,520,353,Rue Ambroise Paré -,48.03325,5.35006,Plein jour,En agglomération,Hors intersection,Normale,Deux véhicules - frontale,,,,,,,,,,,1,2,1,1,1
201500006630,0015-11-29 00:45:00,15,11,29,0,45,520,50,42 rue d'Ageville,48.08833,5.30033,Nuit avec éclairage allumé,En agglomération,Hors intersection,Pluie légère,Autre collision,,,,,,,,,,,5,2,1,2,6
201500006631,0015-03-06 19:15:00,15,3,6,19,15,520,211,,48.28532,5.13525,Nuit avec éclairage non allumé,Hors agglomération,Hors intersection,Normale,Autre collision,,,,,,,,,,,4,1,1,1,6
201500006632,0015-04-10 15:30:00,15,4,10,15,30,520,260,Mail + Tél gend. confirm,48.21165,5.12463,Plein jour,Hors agglomération,Giratoire,Temps éblouissant,Sans collision,,,,,,,,,,,1,1,6,7,7
201500006633,0015-05-13 19:00:00,15,5,13,19,0,520,211,,48.28825,5.12406,Plein jour,Hors agglomération,Hors intersection,Normale,Deux véhicules - côté,,,,,,,,,,,1,1,1,1,3
201500006634,0015-07-16 07:15:00,15,7,16,7,15,520,251,1 rue des Acacias RD 109,48.13551,5.08446,Plein jour,En agglomération,Hors intersection,Normale,Deux véhicules - frontale,,,,,,,,,,,1,2,1,1,1
201500006635,0015-01-27 12:00:00,15,1,27,12,0,520,269,rue diderot/milieu,47.8617,5.33381,Plein jour,En agglomération,Hors intersection,Normale,Autre collision,,,,,,,,,,,1,2,1,1,6
201500006636,0015-05-31 15:15:00,15,5,31,15,15,520,541,Mail 12/09/2015,47.97677,5.35453,Plein jour,Hors agglomération,Hors intersection,Normale,Sans collision,,,,,,,,,,,1,1,1,1,7
201500006637,0015-05-31 18:00:00,15,5,31,18,0,520,307,,47.92831,5.21325,Plein jour,Hors agglomération,Hors intersection,Normale,Autre collision,,,,,,,,,,,1,1,1,1,6
201500006638,0015-06-25 12:00:00,15,6,25,12,0,520,37,Mail23/09 25+800 en +200,47.90856,5.40144,Plein jour,Hors agglomération,Hors intersection,Normale,Trois véhicules et plus - collisions multiples,,,,,,,,,,,1,1,1,1,5
201500006639,0015-07-13 20:15:00,15,7,13,20,15,520,307,,47.91749,5.17864,Plein jour,Hors agglomération,Hors intersection,Normale,Sans collision,,,,,,,,,,,1,1,1,1,7
201500006640,0015-07-20 22:00:00,15,7,20,22,0,520,307,,47.91472,5.20513,Nuit sans éclairage public,Hors agglomération,Hors intersection,Normale,Autre collision,,,,,,,,,,,3,1,1,1,6
201500006641,0015-07-25 19:00:00,15,7,25,19,0,520,269,avenue de la collinière,47.87046,5.32762,Plein jour,En agglomération,Hors intersection,Normale,Deux véhicules - côté,,,,,,,,,,,1,2,1,1,3
201500006642,0015-12-15 03:00:00,15,12,15,3,0,520,269,,47.87073,5.30615,Nuit sans éclairage public,Hors agglomération,Hors intersection,Normale,Autre collision,,,,,,,,,,,3,1,1,1,6
201500006643,0015-05-23 22:15:00,15,5,23,22,15,520,162,,47.96978,5.61321,Nuit sans éclairage public,Hors agglomération,Hors intersection,Normale,Sans collision,,,,,,,,,,,3,1,1,1,7
201500006644,0015-06-05 09:30:00,15,6,5,9,30,520,332,,48.02392,5.61612,Plein jour,Hors agglomération,Intersection en X,Normale,Deux véhicules - côté,,,,,,,,,,,1,1,2,1,3
201500006645,0015-08-29 22:45:00,15,8,29,22,45,520,332,Rue Hubert COLLOT,48.00255,5.49876,Nuit sans éclairage public,En agglomération,Hors intersection,Normale,Autre collision,,,,,,,,,,,3,2,1,1,6
201500006646,0015-10-05 20:15:00,15,10,5,20,15,520,60,avenue général De Gaulle,47.95481,5.73395,Nuit avec éclairage allumé,En agglomération,Hors intersection,Pluie légère,Deux véhicules - côté,,,,,,,,,,,5,2,1,2,3
201500006647,0015-01-18 02:45:00,15,1,18,2,45,520,119,,47.81805,5.48835,Nuit sans éclairage public,Hors agglomération,Hors intersection,Autre,Deux véhicules - frontale,,,,,,,,,,,3,1,1,9,1
201500006648,0015-05-29 17:15:00,15,5,29,17,15,520,43,rue de la fontaine eau,47.72324,5.54648,Plein jour,En agglomération,Hors intersection,Normale,Autre collision,,,,,,,,,,,1,2,1,1,6
201500006649,0015-06-19 16:30:00,15,6,19,16,30,520,93,rue de Langres,47.80563,5.42428,Plein jour,En agglomération,Hors intersection,Normale,Trois véhicules et plus - collisions multiples,,,,,,,,,,,1,2,1,1,5
201500006650,0015-11-07 13:30:00,15,11,7,13,30,520,374,,47.78006,5.40213,Plein jour,Hors agglomération,Passage à niveau,Temps éblouissant,Deux véhicules - frontale,,,,,,,,,,,1,1,8,7,1
201500006651,0015-10-14 10:00:00,15,10,14,10,0,520,119,,47.81653,5.49643,Plein jour,Hors agglomération,Intersection en X,Normale,Deux véhicules - frontale,,,,,,,,,,,1,1,2,1,1
201500006652,0015-05-26 09:00:00,15,5,26,9,0,520,405,,47.6841,5.26574,Plein jour,Hors agglomération,Hors intersection,Normale,Deux véhicules - côté,,,,,,,,,,,1,1,1,1,3
201500006653,0015-07-14 11:30:00,15,7,14,11,30,520,16,,47.85289,5.00934,Plein jour,Hors agglomération,Hors intersection,Normale,Autre collision,,,,,,,,,,,1,1,1,1,6
201500006654,0015-07-17 17:45:00,15,7,17,17,45,520,145,1 RUE LHUILLIER,47.69163,5.45836,Plein jour,En agglomération,Hors intersection,Normale,Deux véhicules - frontale,,,,,,,,,,,1,2,1,1,1
201500006655,0015-11-27 07:45:00,15,11,27,7,45,520,384,,47.79439,5.22158,Plein jour,Hors agglomération,Hors intersection,Brouillard / fumée,Autre collision,,,,,,,,,,,1,1,1,5,6
201500006656,0015-05-31 17:15:00,15,5,31,17,15,520,331,2 bis rue du Pâtis,48.47336,4.77299,Plein jour,En agglomération,Hors intersection,Normale,Autre collision,,,,,,,,,,,1,2,1,1,6
201500006657,0015-07-14 14:45:00,15,7,14,14,45,520,294,,48.54155,4.90782,Plein jour,Hors agglomération,Hors intersection,Normale,Sans collision,,,,,,,,,,,1,1,1,1,7
201500006658,0015-11-21 07:45:00,15,11,21,7,45,520,235,,48.64633,4.87339,Crépuscule ou aube,Hors agglomération,Intersection en T,Temps couvert,Deux véhicules - côté,,,,,,,,,,,2,1,3,8,3
201500006659,0015-02-01 20:00:00,15,2,1,20,0,520,212,,48.38672,5.15342,Nuit sans éclairage public,Hors agglomération,Hors intersection,Pluie forte,Sans collision,,,,,,,,,,,3,1,1,3,7
201500006660,0015-03-31 11:45:00,15,3,31,11,45,520,175,3 route de Vaux sur Sain,48.36259,5.15557,Plein jour,En agglomération,Hors intersection,Normale,Autre collision,,,,,,,,,,,1,2,1,1,6
201500006661,0015-04-30 15:00:00,15,4,30,15,0,520,212,,48.40116,5.1143,Plein jour,Hors agglomération,Hors intersection,Normale,Autre collision,,,,,,,,,,,1,1,1,1,6
201500006662,0015-07-04 12:45:00,15,7,4,12,45,520,511,,48.37393,5.20169,Plein jour,Hors agglomération,Hors intersection,Temps éblouissant,Deux véhicules - frontale,,,,,,,,,,,1,1,1,7,1
201500006663,0015-07-11 13:45:00,15,7,11,13,45,520,118,,48.47464,5.12592,Plein jour,Hors agglomération,Hors intersection,Normale,Deux véhicules - côté,,,,,,,,,,,1,1,1,1,3
201500006664,0015-07-14 20:45:00,15,7,14,20,45,520,302,3 rue du haut pré,48.49437,5.06688,Plein jour,En agglomération,Hors intersection,Normale,Sans collision,,,,,,,,,,,1,2,1,1,7
201500006665,0015-08-02 18:30:00,15,8,2,18,30,520,265,carrefour CD335  CD116,48.56129,5.05376,Plein jour,En agglomération,Intersection en T,Normale,Deux véhicules - côté,,,,,,,,,,,1,2,3,1,3
201500006666,0015-08-12 00:30:00,15,8,12,0,30,520,250,,48.43406,5.1533,Nuit sans éclairage public,Hors agglomération,Hors intersection,Normale,Deux véhicules - frontale,,,,,,,,,,,3,1,1,1,1
201500006667,0015-09-11 17:45:00,15,9,11,17,45,520,250,,48.4288,5.15843,Plein jour,Hors agglomération,Hors intersection,Normale,Deux véhicules - frontale,,,,,,,,,,,1,1,1,1,1
201500006668,0015-10-01 14:30:00,15,10,1,14,30,520,181,,48.4646,5.29854,Plein jour,Hors agglomération,Hors intersection,Normale,Deux véhicules - frontale,,,,,,,,,,,1,1,1,1,1
201500006669,0015-10-24 19:00:00,15,10,24,19,0,520,265,46 rue Charles BURGEAT,48.54337,5.08952,Nuit avec éclairage allumé,En agglomération,Hors intersection,Autre,Deux véhicules - arrière,,,,,,,,,,,5,2,1,9,2
201500006670,0015-09-11 22:30:00,15,9,11,22,30,520,359,,48.383,4.815,Nuit sans éclairage public,Hors agglomération,Hors intersection,Normale,Sans collision,,,,,,,,,,,3,1,1,1,7
201500006671,0015-12-04 07:30:00,15,12,4,7,30,520,149,pas de Permis pas obliga,48.41151,4.9476,Crépuscule ou aube,Hors agglomération,Hors intersection,Pluie légère,Autre collision,,,,,,,,,,,2,1,1,2,6
201500006672,0015-07-02 11:45:00,15,7,2,11,45,210,514,,,,Plein jour,Hors agglomération,Hors intersection,Normale,Autre collision,,,,,,,,,,,1,1,1,1,6
201500006673,0015-03-13 16:15:00,15,3,13,16,15,210,555,,47.41395,5.14821,Plein jour,Hors agglomération,Hors intersection,Normale,Autre collision,,,,,,,,,,,1,1,1,1,6
201500006674,0015-03-18 23:30:00,15,3,18,23,30,210,21,,47.35696,5.21055,Nuit sans éclairage public,Hors agglomération,Hors intersection,Normale,Sans collision,,,,,,,,,,,3,1,1,1,7
201500006675,0015-01-20 07:15:00,15,1,20,7,15,210,609,,47.20978,5.2763,Nuit sans éclairage public,Hors agglomération,Hors intersection,Normale,Trois véhicules et plus - collisions multiples,,,,,,,,,,,3,1,1,1,5
201500006676,0015-03-20 17:15:00,15,3,20,17,15,210,371,,47.16452,5.33696,Plein jour,Hors agglomération,Hors intersection,Normale,Sans collision,,,,,,,,,,,1,1,1,1,7
201500006677,0015-07-16 08:45:00,15,7,16,8,45,210,38,Rue Claude Matrat,47.18845,5.39009,Plein jour,En agglomération,Intersection en X,Temps éblouissant,Deux véhicules - côté,,,,,,,,,,,1,2,2,7,3
201500006678,0015-08-16 10:15:00,15,8,16,10,15,210,701,,47.16252,5.40333,Plein jour,Hors agglomération,Hors intersection,Normale,Autre collision,,,,,,,,,,,1,1,1,1,6
201500006679,0015-09-03 15:15:00,15,9,3,15,15,210,28,rue de la saone,47.23053,5.37239,Plein jour,En agglomération,Hors intersection,Normale,Deux véhicules - frontale,,,,,,,,,,,1,2,1,1,1
201500006680,0015-10-30 18:15:00,15,10,30,18,15,210,38,rue rempart des soupirs,47.19422,5.38362,Crépuscule ou aube,En agglomération,Hors intersection,Normale,Deux véhicules - frontale,,,,,,,,,,,2,2,1,1,1
201500006681,0015-11-06 22:15:00,15,11,6,22,15,210,38,,,,Nuit sans éclairage public,Hors agglomération,Hors intersection,Normale,Autre collision,,,,,,,,,,,3,1,1,1,6
201500006682,0015-11-14 21:15:00,15,11,14,21,15,210,331,,47.17112,5.38262,Nuit sans éclairage public,Hors agglomération,Hors intersection,Normale,Autre collision,,,,,,,,,,,3,1,1,1,6
201500006683,0015-06-05 19:30:00,15,6,5,19,30,210,292,ROUTE DE LABERGEMENT FOI,47.2454,5.22844,Plein jour,En agglomération,Intersection en X,Normale,Deux véhicules - frontale,,,,,,,,,,,1,2,2,1,1
201500006684,0015-06-14 05:15:00,15,6,14,5,15,210,352,"1, rue de la première ar",47.22021,5.2506,Plein jour,En agglomération,Hors intersection,Normale,Sans collision,,,,,,,,,,,1,2,1,1,7
201500006685,0015-06-25 08:15:00,15,6,25,8,15,210,292,route de Beire le Fort,47.23177,5.24168,Plein jour,En agglomération,Autre intersection,Normale,Deux véhicules - frontale,,,,,,,,,,,1,2,9,1,1
201500006686,0015-07-13 18:45:00,15,7,13,18,45,210,126,D109,47.28026,5.22279,Plein jour,En agglomération,Giratoire,Normale,Deux véhicules - frontale,,,,,,,,,,,1,2,6,1,1
201500006687,0015-08-05 08:30:00,15,8,5,8,30,210,106,,47.23856,5.10662,Plein jour,Hors agglomération,Hors intersection,Brouillard / fumée,Deux véhicules - arrière,,,,,,,,,,,1,1,1,5,2
201500006688,0015-11-10 16:30:00,15,11,10,16,30,210,292,12 rue bernard laureau,47.24109,5.21902,Plein jour,En agglomération,Hors intersection,Temps éblouissant,Autre collision,,,,,,,,,,,1,2,1,7,6
201500006689,0015-11-18 21:30:00,15,11,18,21,30,210,106,cd968,47.24054,5.10421,Nuit avec éclairage allumé,En agglomération,Hors intersection,Normale,Deux véhicules - côté,,,,,,,,,,,5,2,1,1,3
201500006690,0015-03-22 13:00:00,15,3,22,13,0,210,390,41 rue des champforeys,47.27651,5.00127,Plein jour,En agglomération,Hors intersection,Normale,Deux véhicules - frontale,,,,,,,,,,,1,2,1,1,1
201500006691,0015-03-25 05:45:00,15,3,25,5,45,210,390,,47.2798,5.00708,Nuit avec éclairage allumé,En agglomération,Giratoire,Pluie légère,Deux véhicules - côté,,,,,,,,,,,5,2,6,2,3
201500006692,0015-05-07 13:30:00,15,5,7,13,30,210,390,bd charles de gaulle,47.28123,5.01681,Plein jour,En agglomération,Giratoire,Normale,Autre collision,,,,,,,,,,,1,2,6,1,6
201500006693,0015-07-03 21:15:00,15,7,3,21,15,210,458,route de DIJON,47.2,5.082,Crépuscule ou aube,En agglomération,Hors intersection,Normale,Sans collision,,,,,,,,,,,2,2,1,1,7
201500006694,0015-07-24 18:45:00,15,7,24,18,45,210,265,,47.25726,4.99356,Plein jour,Hors agglomération,Giratoire,Pluie légère,Sans collision,,,,,,,,,,,1,1,6,2,7
201500006695,0015-07-24 18:00:00,15,7,24,18,0,210,390,route de beaune,47.27234,5.00233,Plein jour,En agglomération,Autre intersection,Normale,Deux véhicules - côté,,,,,,,,,,,1,2,9,1,3
201500006696,0015-09-06 10:15:00,15,9,6,10,15,210,295,,47.22268,4.94976,Plein jour,Hors agglomération,Hors intersection,Normale,Deux véhicules - arrière,,,,,,,,,,,1,1,1,1,2
201500006697,0015-10-01 11:00:00,15,10,1,11,0,210,586,,47.22298,5.04901,Plein jour,Hors agglomération,Autre intersection,Normale,Deux véhicules - côté,,,,,,,,,,,1,1,9,1,3
201500006698,0015-10-04 01:15:00,15,10,4,1,15,210,265,,47.24975,4.99008,Nuit sans éclairage public,Hors agglomération,Hors intersection,Temps couvert,Deux véhicules - arrière,,,,,,,,,,,3,1,1,8,2
201500006699,0015-10-19 17:15:00,15,10,19,17,15,210,481,,47.26212,5.0226,Plein jour,Hors agglomération,Hors intersection,Normale,Deux véhicules - frontale,,,,,,,,,,,1,1,1,1,1
201500006700,0015-10-23 00:01:00,15,10,23,0,1,210,625,,47.20216,4.81024,Nuit sans éclairage public,Hors agglomération,Hors intersection,Pluie légère,Autre collision,,,,,,,,,,,3,1,1,2,6
201500006701,0015-11-11 09:30:00,15,11,11,9,30,210,263,,47.25882,5.03466,Plein jour,Hors agglomération,Giratoire,Normale,Deux véhicules - côté,,,,,,,,,,,1,1,6,1,3
201500006702,0015-11-15 11:15:00,15,11,15,11,15,210,295,,47.217,5.071,Crépuscule ou aube,Hors agglomération,Hors intersection,Brouillard / fumée,Deux véhicules - côté,,,,,,,,,,,2,1,1,5,3
201500006703,0015-11-25 10:15:00,15,11,25,10,15,210,295,,47.233,4.991,Plein jour,Hors agglomération,Hors intersection,Normale,Autre collision,,,,,,,,,,,1,1,1,1,6