accident_id,datetime,annee,mois,jour,heure,minute,departement,commune_insee,adresse,latitude,longitude,luminosite,agglomeration,intersection,meteo,collision,nb_vehicules,nb_usagers,nb_indemnes,nb_tues,nb_blesses_hosp,nb_blesses_legers,age_cond_1,age_cond_2,veh_type_cond_1,veh_type_cond_2,lum_code,agg_code,int_code,atm_code,col_code
201500006704,0015-06-12 18:30:00,15,6,12,18,30,210,562,RUE DE LA LEVEE DE LOUTR,47.57884,5.40753,Plein jour,En agglomération,Hors intersection,Normale,Autre collision,,,,,,,,,,,1,2,1,1,6
201500006705,0015-04-09 17:15:00,15,4,9,17,15,210,599,18 rue de la Patnée,47.58803,5.18418,Plein jour,En agglomération,Hors intersection,Normale,Autre collision,,,,,,,,,,,1,2,1,1,6
201500006706,0015-07-08 15:00:00,15,7,8,15,0,210,665,Voie communale,47.64448,5.14796,Plein jour,Hors agglomération,Hors intersection,Normale,Autre collision,,,,,,,,,,,1,1,1,1,6
201500006707,0015-08-10 20:30:00,15,8,10,20,30,210,361,,47.49553,5.24269,Plein jour,Hors agglomération,Hors intersection,Pluie légère,Autre collision,,,,,,,,,,,1,1,1,2,6
201500006708,0015-08-16 15:30:00,15,8,16,15,30,210,638,Intersection D974/D120,47.52433,5.18223,Plein jour,En agglomération,Hors intersection,Normale,Deux véhicules - frontale,,,,,,,,,,,1,2,1,1,1
201500006709,0015-08-27 13:00:00,15,8,27,13,0,210,245,,47.4589,5.06952,Plein jour,Hors agglomération,Hors intersection,Normale,Trois véhicules et plus - collisions multiples,,,,,,,,,,,1,1,1,1,5
201500006710,0015-02-03 13:15:00,15,2,3,13,15,210,37,,46.98711,4.74129,Plein jour,Hors agglomération,Hors intersection,Normale,Deux véhicules - frontale,,,,,,,,,,,1,1,1,1,1
201500006711,0015-02-20 14:45:00,15,2,20,14,45,210,712,,46.99194,4.79367,Plein jour,Hors agglomération,Hors intersection,Normale,Deux véhicules - frontale,,,,,,,,,,,1,1,1,1,1
201500006712,0015-02-24 07:00:00,15,2,24,7,0,210,54,,47.05213,4.79056,Crépuscule ou aube,Hors agglomération,Hors intersection,Autre,Sans collision,,,,,,,,,,,2,1,1,9,7
201500006713,0015-02-24 09:00:00,15,2,24,9,0,210,54,,47.04313,4.80034,Crépuscule ou aube,Hors agglomération,Hors intersection,Temps couvert,Sans collision,,,,,,,,,,,2,1,1,8,7
201500006714,0015-03-12 16:45:00,15,3,12,16,45,210,461,Rue de la Liberté,46.95002,4.62877,Plein jour,En agglomération,Intersection en T,Normale,Deux véhicules - côté,,,,,,,,,,,1,2,3,1,3
201500006715,0015-03-29 16:00:00,15,3,29,16,0,210,712,la chapelle - RD 973,47.00151,4.78772,Plein jour,En agglomération,Hors intersection,Pluie légère,Sans collision,,,,,,,,,,,1,2,1,2,7
201500006716,0015-05-31 16:00:00,15,5,31,16,0,210,527,,46.94894,4.67109,Plein jour,Hors agglomération,Hors intersection,Normale,Sans collision,,,,,,,,,,,1,1,1,1,7
201500006717,0015-09-06 18:15:00,15,9,6,18,15,210,150,,46.92573,4.73939,Plein jour,Hors agglomération,Hors intersection,Normale,Deux véhicules - frontale,,,,,,,,,,,1,1,1,1,1
201500006718,0015-09-14 17:00:00,15,9,14,17,0,210,492,,47.0004,4.78638,Plein jour,Hors agglomération,Hors intersection,Pluie forte,Deux véhicules - côté,,,,,,,,,,,1,1,1,3,3
201500006719,0015-09-22 05:45:00,15,9,22,5,45,210,461,route d'autun,46.9524,4.63298,Crépuscule ou aube,En agglomération,Hors intersection,Normale,Deux véhicules - côté,,,,,,,,,,,2,2,1,1,3
201500006720,0015-09-28 09:00:00,15,9,28,9,0,210,541,,46.95264,4.7171,Plein jour,Hors agglomération,Intersection en T,Normale,Deux véhicules - frontale,,,,,,,,,,,1,1,3,1,1
201500006721,0015-10-31 00:01:00,15,10,31,0,1,210,411,,46.98074,4.93303,Nuit sans éclairage public,Hors agglomération,Hors intersection,Brouillard / fumée,Sans collision,,,,,,,,,,,3,1,1,5,7
201500006722,0015-04-22 21:15:00,15,4,22,21,15,210,9,,47.18272,4.4107,Nuit sans éclairage public,Hors agglomération,Hors intersection,Normale,Deux véhicules - frontale,,,,,,,,,,,3,1,1,1,1
201500006723,0015-06-01 15:00:00,15,6,1,15,0,210,360,,47.09249,4.67504,Plein jour,Hors agglomération,Hors intersection,Normale,Deux véhicules - frontale,,,,,,,,,,,1,1,1,1,1
201500006724,0015-07-07 14:00:00,15,7,7,14,0,210,9,,47.17745,4.41803,Plein jour,Hors agglomération,Hors intersection,Autre,Sans collision,,,,,,,,,,,1,1,1,9,7
201500006725,0015-07-25 05:30:00,15,7,25,5,30,210,210,,47.24904,4.56546,Crépuscule ou aube,Hors agglomération,Hors intersection,Vent fort / tempête,Sans collision,,,,,,,,,,,2,1,1,6,7
201500006726,0015-08-30 14:15:00,15,8,30,14,15,210,715,,47.09033,4.37028,Plein jour,Hors agglomération,Hors intersection,Normale,Deux véhicules - frontale,,,,,,,,,,,1,1,1,1,1
201500006727,0015-11-01 15:30:00,15,11,1,15,30,210,567,,47.11451,4.5065,Plein jour,Hors agglomération,Intersection en X,Normale,Deux véhicules - côté,,,,,,,,,,,1,1,2,1,3
201500006728,0015-11-06 18:45:00,15,11,6,18,45,210,128,,47.26771,4.47752,Nuit sans éclairage public,Hors agglomération,Hors intersection,Pluie légère,Deux véhicules - frontale,,,,,,,,,,,3,1,1,2,1
201500006729,0015-12-06 17:15:00,15,12,6,17,15,210,634,D33 hameau de Pont d'Ouc,47.16682,4.70167,Nuit avec éclairage allumé,En agglomération,Autre intersection,Temps couvert,Autre collision,,,,,,,,,,,5,2,9,8,6
201500006730,0015-04-26 13:00:00,15,4,26,13,0,210,564,,47.13199,5.09314,Plein jour,Hors agglomération,Hors intersection,Normale,Deux véhicules - frontale,,,,,,,,,,,1,1,1,1,1
201500006731,0015-06-30 08:45:00,15,6,30,8,45,210,464,rue sonoys,47.13637,4.95005,Plein jour,En agglomération,Hors intersection,Normale,Autre collision,,,,,,,,,,,1,2,1,1,6
201500006732,0015-09-19 11:45:00,15,9,19,11,45,210,464,,47.12281,4.94609,Plein jour,Hors agglomération,Intersection en X,Normale,Deux véhicules - côté,,,,,,,,,,,1,1,2,1,3
201500006733,0015-12-20 16:30:00,15,12,20,16,30,210,22,,47.07638,5.02742,Plein jour,Hors agglomération,Hors intersection,Normale,Deux véhicules - côté,,,,,,,,,,,1,1,1,1,3
201500006734,0015-07-25 10:30:00,15,7,25,10,30,210,103,Place Hotel de Villle,47.13324,5.21555,Plein jour,Hors agglomération,Hors intersection,Normale,Autre collision,,,,,,,,,,,1,1,1,1,6
201500006735,0015-10-11 05:30:00,15,10,11,5,30,210,356,39 route de SEURRE,47.08521,5.25224,Nuit sans éclairage public,En agglomération,Hors intersection,Normale,Autre collision,,,,,,,,,,,3,2,1,1,6
201500006736,0015-06-06 17:30:00,15,6,6,17,30,210,435,,47.90315,4.55587,Plein jour,Hors agglomération,Hors intersection,Normale,Deux véhicules - arrière,,,,,,,,,,,1,1,1,1,2
201500006737,0015-11-12 18:00:00,15,11,12,18,0,210,78,,47.85798,4.42944,Crépuscule ou aube,Hors agglomération,Hors intersection,Normale,Deux véhicules - frontale,,,,,,,,,,,2,1,1,1,1
201500006738,0015-12-02 18:00:00,15,12,2,18,0,210,201,2 Rue place de l'église,47.75027,4.49275,Nuit avec éclairage allumé,En agglomération,Hors intersection,Normale,Autre collision,,,,,,,,,,,5,2,1,1,6
201500006739,0015-12-23 18:30:00,15,12,23,18,30,210,252,,47.69976,4.42602,Nuit sans éclairage public,Hors agglomération,Hors intersection,Normale,Autre collision,,,,,,,,,,,3,1,1,1,6
201500006740,0015-12-26 14:30:00,15,12,26,14,30,210,700,,47.93126,4.53726,Plein jour,Hors agglomération,Hors intersection,Normale,Deux véhicules - côté,,,,,,,,,,,1,1,1,1,3
201500006741,0015-02-13 00:15:00,15,2,13,0,15,210,326,,47.62066,4.61521,Nuit sans éclairage public,Hors agglomération,Hors intersection,Normale,Autre collision,,,,,,,,,,,3,1,1,1,6
201500006742,0015-02-13 16:45:00,15,2,13,16,45,210,43,,47.59811,4.66615,Plein jour,Hors agglomération,Hors intersection,Normale,Deux véhicules - côté,,,,,,,,,,,1,1,1,1,3
201500006743,0015-08-08 02:30:00,15,8,8,2,30,210,250,,47.75276,4.79165,Nuit sans éclairage public,Hors agglomération,Hors intersection,Pluie légère,Autre collision,,,,,,,,,,,3,1,1,2,6
201500006744,0015-05-12 14:15:00,15,5,12,14,15,210,425,RUE PIERRE MENDES FRANCE,,,Plein jour,En agglomération,Intersection en T,Normale,Deux véhicules - côté,,,,,,,,,,,1,2,3,1,3
201500006745,0015-07-05 23:45:00,15,7,5,23,45,210,603,,,,Nuit sans éclairage public,Hors agglomération,Hors intersection,Normale,Autre collision,,,,,,,,,,,3,1,1,1,6
201500006746,0015-07-23 12:15:00,15,7,23,12,15,210,425,Allée de corcelotte,47.61739,4.33231,Plein jour,En agglomération,Hors intersection,Normale,Autre collision,,,,,,,,,,,1,2,1,1,6
201500006747,0015-07-27 10:15:00,15,7,27,10,15,210,272,,47.45511,4.33818,Plein jour,Hors agglomération,Hors intersection,Normale,Deux véhicules - frontale,,,,,,,,,,,1,1,1,1,1
201500006748,0015-09-27 16:15:00,15,9,27,16,15,210,429,,47.58258,4.33539,Plein jour,Hors agglomération,Hors intersection,Normale,Deux véhicules - frontale,,,,,,,,,,,1,1,1,1,1
201500006749,0015-10-31 08:15:00,15,10,31,8,15,210,26,,47.71509,4.28547,Plein jour,Hors agglomération,Hors intersection,Temps éblouissant,Deux véhicules - côté,,,,,,,,,,,1,1,1,7,3
201500006750,0015-11-30 10:15:00,15,11,30,10,15,210,425,Place Gambetta,47.11445,4.50648,Plein jour,En agglomération,Hors intersection,Normale,Autre collision,,,,,,,,,,,1,2,1,1,6
201500006751,0015-12-09 18:15:00,15,12,9,18,15,210,603,23 rue de la liberté,47.49164,4.33568,Nuit avec éclairage allumé,En agglomération,Hors intersection,Normale,Autre collision,,,,,,,,,,,5,2,1,1,6
201500006752,0015-12-17 13:45:00,15,12,17,13,45,210,425,20 bis Quai Bouhey,47.61931,4.33815,Plein jour,En agglomération,Hors intersection,Normale,Autre collision,,,,,,,,,,,1,2,1,1,6
201500006753,0015-01-16 12:15:00,15,1,16,12,15,210,395,,47.38991,4.58048,Plein jour,Hors agglomération,Hors intersection,Brouillard / fumée,Autre collision,,,,,,,,,,,1,1,1,5,6
201500006754,0015-05-09 15:45:00,15,5,9,15,45,210,500,,47.51002,4.47388,Plein jour,Hors agglomération,Hors intersection,Normale,Deux véhicules - côté,,,,,,,,,,,1,1,1,1,3
201500006755,0015-10-04 06:45:00,15,10,4,6,45,210,288,,47.546,4.635,Nuit sans éclairage public,Hors agglomération,Hors intersection,Normale,Autre collision,,,,,,,,,,,3,1,1,1,6
201500006756,0015-10-19 12:00:00,15,10,19,12,0,210,271,,47.48961,4.4934,Plein jour,Hors agglomération,Hors intersection,Normale,Trois véhicules et plus - collisions multiples,,,,,,,,,,,1,1,1,1,5
201500006757,0015-01-04 12:00:00,15,1,4,12,0,210,584,,47.423,4.266,Plein jour,Hors agglomération,Hors intersection,Normale,Deux véhicules - côté,,,,,,,,,,,1,1,1,1,3
201500006758,0015-01-31 11:15:00,15,1,31,11,15,210,232,,47.39589,4.25018,Plein jour,Hors agglomération,Hors intersection,Temps couvert,Autre collision,,,,,,,,,,,1,1,1,8,6
201500006759,0015-02-21 17:15:00,15,2,21,17,15,210,83,,47.18642,4.26362,Plein jour,Hors agglomération,Hors intersection,Temps couvert,Autre collision,,,,,,,,,,,1,1,1,8,6
201500006760,0015-05-24 15:00:00,15,5,24,15,0,210,584,,47.381,4.17999,Plein jour,Hors agglomération,Hors intersection,Normale,Autre collision,,,,,,,,,,,1,1,1,1,6
201500006761,0015-06-13 15:45:00,15,6,13,15,45,210,417,,47.30683,4.36313,Plein jour,Hors agglomération,Hors intersection,Temps éblouissant,Deux véhicules - frontale,,,,,,,,,,,1,1,1,7,1
201500006762,0015-07-03 14:00:00,15,7,3,14,0,210,101,,47.402,4.439,Plein jour,Hors agglomération,Hors intersection,Normale,Deux véhicules - côté,,,,,,,,,,,1,1,1,1,3
201500006763,0015-12-13 17:45:00,15,12,13,17,45,210,615,,47.21504,4.34383,Nuit sans éclairage public,Hors agglomération,Hors intersection,Normale,Deux véhicules - arrière,,,,,,,,,,,3,1,1,1,2
201500006764,0015-12-14 14:30:00,15,12,14,14,30,210,83,Rue de Chaillot,47.196,4.243,Plein jour,En agglomération,Place,Temps éblouissant,Autre collision,,,,,,,,,,,1,2,7,7,6
201500006765,0015-12-19 08:15:00,15,12,19,8,15,210,434,,47.35744,4.28411,Plein jour,Hors agglomération,Hors intersection,Normale,Sans collision,,,,,,,,,,,1,1,1,1,7
201500006766,0015-01-14 15:00:00,15,1,14,15,0,210,611,,47.32034,4.72213,Plein jour,Hors agglomération,Hors intersection,Neige / grêle,Deux véhicules - frontale,,,,,,,,,,,1,1,1,4,1
201500006767,0015-01-17 21:45:00,15,1,17,21,45,210,33,,47.2932,4.66049,Nuit sans éclairage public,Hors agglomération,Hors intersection,Neige / grêle,Sans collision,,,,,,,,,,,3,1,1,4,7
201500006768,0015-02-09 12:45:00,15,2,9,12,45,210,485,,47.33724,4.96557,Plein jour,Hors agglomération,Hors intersection,Normale,Autre collision,,,,,,,,,,,1,1,1,1,6
201500006769,0015-06-15 00:45:00,15,6,15,0,45,210,300,rue du moulin thibel,,,Nuit avec éclairage allumé,En agglomération,Hors intersection,Pluie légère,Autre collision,,,,,,,,,,,5,2,1,2,6
201500006770,0015-01-01 02:30:00,15,1,1,2,30,580,95,avenue de Verdun,,,Nuit avec éclairage allumé,En agglomération,Hors intersection,Pluie légère,Autre collision,,,,,,,,,,,5,2,1,2,6
201500006771,0015-02-21 11:45:00,15,2,21,11,45,580,95,boulevard voltaire,,,Plein jour,En agglomération,Hors intersection,Normale,Deux véhicules - côté,,,,,,,,,,,1,2,1,1,3
201500006772,0015-08-27 13:45:00,15,8,27,13,45,580,95,rue de vauzzlles,,,Plein jour,En agglomération,Hors intersection,Normale,Autre collision,,,,,,,,,,,1,2,1,1,6
201500006773,0015-09-16 12:30:00,15,9,16,12,30,580,151,29 avenue Jean Baptiste,,,Plein jour,En agglomération,Hors intersection,Temps couvert,Autre collision,,,,,,,,,,,1,2,1,8,6
201500006774,0015-10-13 18:30:00,15,10,13,18,30,580,95,10 boulevard voltaire,,,Plein jour,En agglomération,Hors intersection,Normale,Autre collision,,,,,,,,,,,1,2,1,1,6
201500006775,0015-12-15 18:00:00,15,12,15,18,0,580,151,40 av de la République,,,Nuit avec éclairage allumé,En agglomération,Hors intersection,Pluie légère,Autre collision,,,,,,,,,,,5,2,1,2,6
201500006776,0015-12-26 11:45:00,15,12,26,11,45,580,241,,,,Plein jour,Hors agglomération,Hors intersection,Normale,Autre collision,,,,,,,,,,,1,1,1,1,6
201500006777,0015-01-25 20:30:00,15,1,25,20,30,580,51,,,,Nuit avec éclairage allumé,Hors agglomération,Hors intersection,Normale,Autre collision,,,,,,,,,,,5,1,1,1,6
201500006778,0015-04-01 23:30:00,15,4,1,23,30,580,51,,,,Nuit sans éclairage public,Hors agglomération,Hors intersection,Normale,Sans collision,,,,,,,,,,,3,1,1,1,7
201500006779,0015-04-19 12:30:00,15,4,19,12,30,580,160,,,,Plein jour,Hors agglomération,Hors intersection,Normale,Deux véhicules - côté,,,,,,,,,,,1,1,1,1,3
201500006780,0015-05-12 15:15:00,15,5,12,15,15,580,117,rue DUFAUD,,,Plein jour,En agglomération,Hors intersection,Normale,Autre collision,,,,,,,,,,,1,2,1,1,6
201500006781,0015-05-13 12:30:00,15,5,13,12,30,580,160,,,,Plein jour,Hors agglomération,Hors intersection,Normale,Deux véhicules - côté,,,,,,,,,,,1,1,1,1,3
201500006782,0015-07-28 21:45:00,15,7,28,21,45,580,117,17 Rue Gambetta,,,Nuit avec éclairage allumé,En agglomération,Hors intersection,Normale,Autre collision,,,,,,,,,,,5,2,1,1,6
201500006783,0015-10-03 18:15:00,15,10,3,18,15,580,160,,,,Plein jour,Hors agglomération,Hors intersection,Temps couvert,Deux véhicules - frontale,,,,,,,,,,,1,1,1,8,1
201500006784,0015-03-09 16:45:00,15,3,9,16,45,580,112,,,,Plein jour,Hors agglomération,Hors intersection,Normale,Autre collision,,,,,,,,,,,1,1,1,1,6
201500006785,0015-05-07 17:15:00,15,5,7,17,15,580,247,,,,Plein jour,Hors agglomération,Hors intersection,Normale,Autre collision,,,,,,,,,,,1,1,1,1,6
201500006786,0015-06-10 18:30:00,15,6,10,18,30,580,278,,,,Plein jour,Hors agglomération,Hors intersection,Normale,Autre collision,,,,,,,,,,,1,1,1,1,6
201500006787,0015-07-02 16:00:00,15,7,2,16,0,580,134,18 rue PVC,,,Plein jour,En agglomération,Hors intersection,Normale,Autre collision,,,,,,,,,,,1,2,1,1,6
201500006788,0015-09-08 13:00:00,15,9,8,13,0,580,273,,,,Plein jour,Hors agglomération,Hors intersection,Normale,Deux véhicules - frontale,,,,,,,,,,,1,1,1,1,1
201500006789,0015-10-04 08:30:00,15,10,4,8,30,580,278,Autoroute A77 PK 162,,,Plein jour,En agglomération,Hors intersection,Normale,Autre collision,,,,,,,,,,,1,2,1,1,6
201500006790,0015-11-25 18:45:00,15,11,25,18,45,580,238,,,,Nuit sans éclairage public,Hors agglomération,Hors intersection,Pluie légère,Sans collision,,,,,,,,,,,3,1,1,2,7
201500006791,0015-06-07 18:00:00,15,6,7,18,0,580,294,,,,Plein jour,Hors agglomération,Intersection en X,Normale,Deux véhicules - frontale,,,,,,,,,,,1,1,2,1,1
201500006792,0015-10-18 12:15:00,15,10,18,12,15,580,138,,,,Plein jour,Hors agglomération,Hors intersection,Normale,Deux véhicules - frontale,,,,,,,,,,,1,1,1,1,1
201500006793,0015-02-25 07:45:00,15,2,25,7,45,580,267,,,,Plein jour,Hors agglomération,Hors intersection,Brouillard / fumée,Autre collision,,,,,,,,,,,1,1,1,5,6
201500006794,0015-04-09 19:30:00,15,4,9,19,30,580,223,,,,Plein jour,Hors agglomération,Hors intersection,Normale,Autre collision,,,,,,,,,,,1,1,1,1,6
201500006795,0015-08-05 22:00:00,15,8,5,22,0,580,30,fleury,,,Nuit sans éclairage public,En agglomération,Hors intersection,Normale,Deux véhicules - frontale,,,,,,,,,,,3,2,1,1,1
201500006796,0015-10-04 16:30:00,15,10,4,16,30,580,65,Place Pierre Paul Saury,,,Plein jour,En agglomération,Hors intersection,Normale,Autre collision,,,,,,,,,,,1,2,1,1,6
201500006797,0015-08-15 11:45:00,15,8,15,11,45,580,62,,,,Plein jour,Hors agglomération,Hors intersection,Temps couvert,Autre collision,,,,,,,,,,,1,1,1,8,6
201500006798,0015-09-08 19:30:00,15,9,8,19,30,580,142,,,,Nuit sans éclairage public,Hors agglomération,Hors intersection,Normale,Sans collision,,,,,,,,,,,3,1,1,1,7
201500006799,0015-03-21 12:00:00,15,3,21,12,0,580,79,route armes,,,Plein jour,En agglomération,Hors intersection,Pluie légère,Autre collision,,,,,,,,,,,1,2,1,2,6
201500006800,0015-04-15 15:45:00,15,4,15,15,45,580,200,Le bourg,,,Plein jour,En agglomération,Hors intersection,Normale,Autre collision,,,,,,,,,,,1,2,1,1,6
201500006801,0015-07-11 21:00:00,15,7,11,21,0,580,79,,47.583,3.083,Plein jour,Hors agglomération,Hors intersection,Normale,Autre collision,,,,,,,,,,,1,1,1,1,6
201500006802,0015-11-19 04:45:00,15,11,19,4,45,580,79,RUE DU 08 MAI 1945 CD977,,,Nuit sans éclairage public,En agglomération,Hors intersection,Pluie légère,Autre collision,,,,,,,,,,,3,2,1,2,6
201500006803,0015-05-10 19:00:00,15,5,10,19,0,580,145,47 rue de la maladrerie,,,Plein jour,En agglomération,Hors intersection,Normale,Autre collision,,,,,,,,,,,1,2,1,1,6
201500006804,0015-06-13 17:00:00,15,6,13,17,0,580,180,,,,Plein jour,Hors agglomération,Hors intersection,Normale,Deux véhicules - côté,,,,,,,,,,,1,1,1,1,3
201500006805,0015-09-28 11:15:00,15,9,28,11,15,580,83,278 Grande rue,,,Plein jour,En agglomération,Hors intersection,Normale,Autre collision,,,,,,,,,,,1,2,1,1,6
201500006806,0015-07-04 15:15:00,15,7,4,15,15,580,304,,,,Plein jour,Hors agglomération,Hors intersection,Temps couvert,Sans collision,,,,,,,,,,,1,1,1,8,7
201500006807,0015-01-13 15:15:00,15,1,13,15,15,580,86,rue de donzy,,,Plein jour,En agglomération,Intersection en Y,Normale,Deux véhicules - frontale,,,,,,,,,,,1,2,4,1,1
201500006808,0015-03-14 09:30:00,15,3,14,9,30,580,86,,,,Plein jour,Hors agglomération,Hors intersection,Normale,Deux véhicules - côté,,,,,,,,,,,1,1,1,1,3
201500006809,0015-07-04 10:00:00,15,7,4,10,0,580,270,,,,Plein jour,Hors agglomération,Hors intersection,Normale,Autre collision,,,,,,,,,,,1,1,1,1,6
201500006810,0015-08-18 13:00:00,15,8,18,13,0,580,251,,,,Plein jour,Hors agglomération,Hors intersection,Normale,Sans collision,,,,,,,,,,,1,1,1,1,7
201500006811,0015-10-13 00:01:00,15,10,13,0,1,580,36,,,,Nuit sans éclairage public,Hors agglomération,Hors intersection,Normale,Sans collision,,,,,,,,,,,3,1,1,1,7
201500006812,0015-04-14 15:30:00,15,4,14,15,30,580,59,rue de la promenade des,47.0,3.0,Plein jour,En agglomération,Hors intersection,Normale,Deux véhicules - côté,,,,,,,,,,,1,2,1,1,3
201500006813,0015-05-10 15:15:00,15,5,10,15,15,580,279,D 977 Petit Sichamps,,,Plein jour,En agglomération,Hors intersection,Normale,Autre collision,,,,,,,,,,,1,2,1,1,6
201500006814,0015-06-30 09:30:00,15,6,30,9,30,580,59,,,,Plein jour,Hors agglomération,Hors intersection,Normale,Autre collision,,,,,,,,,,,1,1,1,1,6
201500006815,0015-08-02 16:30:00,15,8,2,16,30,580,295,,,,Plein jour,Hors agglomération,Hors intersection,Normale,Autre collision,,,,,,,,,,,1,1,1,1,6
201500006816,0015-08-05 15:45:00,15,8,5,15,45,580,122,,,,Plein jour,Hors agglomération,Hors intersection,Normale,Sans collision,,,,,,,,,,,1,1,1,1,7
201500006817,0015-08-21 11:45:00,15,8,21,11,45,580,61,,,,Plein jour,Hors agglomération,Hors intersection,Normale,Deux véhicules - côté,,,,,,,,,,,1,1,1,1,3
201500006818,0015-09-01 10:15:00,15,9,1,10,15,580,59,,47.185,3.065,Plein jour,Hors agglomération,Intersection en T,Pluie forte,Deux véhicules - côté,,,,,,,,,,,1,1,3,3,3
201500006819,0015-05-02 15:00:00,15,5,2,15,0,580,27,,,,Plein jour,Hors agglomération,Hors intersection,Pluie légère,Deux véhicules - frontale,,,,,,,,,,,1,1,1,2,1
201500006820,0015-01-14 08:30:00,15,1,14,8,30,710,250,,46.3724,4.80588,Plein jour,Hors agglomération,Intersection en X,Normale,Deux véhicules - côté,,,,,,,,,,,1,1,2,1,3
201500006821,0015-01-26 01:45:00,15,1,26,1,45,710,210,,46.28801,4.7525,Nuit sans éclairage public,Hors agglomération,Hors intersection,Pluie légère,Autre collision,,,,,,,,,,,3,1,1,2,6
201500006822,0015-03-02 01:40:00,15,3,2,1,40,710,574,,46.38462,4.73809,Nuit sans éclairage public,Hors agglomération,Hors intersection,Pluie forte,Sans collision,,,,,,,,,,,3,1,1,3,7
201500006823,0015-04-11 15:45:00,15,4,11,15,45,710,250,,46.37341,4.78813,Plein jour,Hors agglomération,Hors intersection,Normale,Deux véhicules - côté,,,,,,,,,,,1,1,1,1,3
201500006824,0015-05-22 20:45:00,15,5,22,20,45,710,360,,46.32705,4.7567,Plein jour,Hors agglomération,Hors intersection,Normale,Deux véhicules - côté,,,,,,,,,,,1,1,1,1,3
201500006825,0015-06-03 08:30:00,15,6,3,8,30,710,448,,,,Plein jour,Hors agglomération,Hors intersection,Normale,Trois véhicules et plus - en chaîne,,,,,,,,,,,1,1,1,1,4
201500006826,0015-06-25 14:00:00,15,6,25,14,0,710,250,,46.37195,4.8094,Plein jour,Hors agglomération,Hors intersection,Normale,Trois véhicules et plus - collisions multiples,,,,,,,,,,,1,1,1,1,5
201500006827,0015-10-06 15:00:00,15,10,6,15,0,710,556,,46.2728,4.79878,Plein jour,En agglomération,Hors intersection,Normale,Deux véhicules - côté,,,,,,,,,,,1,2,1,1,3
201500006828,0015-10-31 12:15:00,15,10,31,12,15,710,526,route de la roche,,,Plein jour,En agglomération,Hors intersection,Normale,Deux véhicules - frontale,,,,,,,,,,,1,2,1,1,1
201500006829,0015-10-31 14:00:00,15,10,31,14,0,710,250,carrefour de MORANCHIN,,,Plein jour,En agglomération,Hors intersection,Normale,Deux véhicules - côté,,,,,,,,,,,1,2,1,1,3
201500006830,0015-11-16 09:30:00,15,11,16,9,30,710,299,,,,Plein jour,Hors agglomération,Hors intersection,Normale,Deux véhicules - arrière,,,,,,,,,,,1,1,1,1,2
201500006831,0015-11-16 15:15:00,15,11,16,15,15,710,299,,,,Plein jour,Hors agglomération,Hors intersection,Normale,Trois véhicules et plus - en chaîne,,,,,,,,,,,1,1,1,1,4
201500006832,0015-02-13 20:00:00,15,2,13,20,0,710,372,,46.18633,4.7317,Nuit sans éclairage public,Hors agglomération,Hors intersection,Normale,Deux véhicules - côté,,,,,,,,,,,3,1,1,1,3
201500006833,0015-05-04 16:00:00,15,5,4,16,0,710,150,RD 906,,,Plein jour,En agglomération,Hors intersection,Normale,Deux véhicules - frontale,,,,,,,,,,,1,2,1,1,1
201500006834,0015-05-29 09:00:00,15,5,29,9,0,710,481,rue des morels,,,Plein jour,En agglomération,Hors intersection,Normale,Autre collision,,,,,,,,,,,1,2,1,1,6
201500006835,0015-06-02 08:45:00,15,6,2,8,45,710,481,,46.19789,4.76366,Plein jour,Hors agglomération,Hors intersection,Normale,Deux véhicules - côté,,,,,,,,,,,1,1,1,1,3
201500006836,0015-07-03 22:30:00,15,7,3,22,30,710,150,,,,Nuit avec éclairage allumé,En agglomération,Intersection en X,Normale,Deux véhicules - côté,,,,,,,,,,,5,2,2,1,3
201500006837,0015-07-04 16:00:00,15,7,4,16,0,710,372,Rue des guillattes,46.19045,4.73643,Plein jour,En agglomération,Hors intersection,Normale,Autre collision,,,,,,,,,,,1,2,1,1,6
201500006838,0015-07-07 13:30:00,15,7,7,13,30,710,90,,,,Plein jour,Hors agglomération,Intersection en X,Normale,Deux véhicules - côté,,,,,,,,,,,1,1,2,1,3
201500006839,0015-08-08 00:30:00,15,8,8,0,30,710,372,maison blanche,46.1826,4.74962,Nuit avec éclairage allumé,En agglomération,Hors intersection,Normale,Autre collision,,,,,,,,,,,5,2,1,1,6
201500006840,0015-09-06 00:45:00,15,9,6,0,45,710,90,,46.1989,4.76425,Nuit sans éclairage public,Hors agglomération,Hors intersection,Normale,Deux véhicules - arrière,,,,,,,,,,,3,1,1,1,2
201500006841,0015-09-09 15:45:00,15,9,9,15,45,710,90,,,,Plein jour,Hors agglomération,Intersection en X,Normale,Deux véhicules - côté,,,,,,,,,,,1,1,2,1,3