accident_id,datetime,annee,mois,jour,heure,minute,departement,commune_insee,adresse,latitude,longitude,luminosite,agglomeration,intersection,meteo,collision,nb_vehicules,nb_usagers,nb_indemnes,nb_tues,nb_blesses_hosp,nb_blesses_legers,age_cond_1,age_cond_2,veh_type_cond_1,veh_type_cond_2,lum_code,agg_code,int_code,atm_code,col_code
201500006842,0015-11-03 18:30:00,15,11,3,18,30,710,90,,,,Nuit sans éclairage public,Hors agglomération,Hors intersection,Pluie légère,Autre collision,,,,,,,,,,,3,1,1,2,6
201500006843,0015-05-02 12:00:00,15,5,2,12,0,710,546,les angerolles,46.32861,4.54299,Plein jour,Hors agglomération,Hors intersection,Normale,Autre collision,,,,,,,,,,,1,1,1,1,6
201500006844,0015-05-10 01:30:00,15,5,10,1,30,710,545,,,,Nuit sans éclairage public,Hors agglomération,Hors intersection,Normale,Autre collision,,,,,,,,,,,3,1,1,1,6
201500006845,0015-05-16 10:00:00,15,5,16,10,0,710,289,Les berlières,46.30861,4.4918,Plein jour,En agglomération,Hors intersection,Normale,Deux véhicules - côté,,,,,,,,,,,1,2,1,1,3
201500006846,0015-06-10 10:00:00,15,6,10,10,0,710,137,,,,Plein jour,Hors agglomération,Hors intersection,Normale,Sans collision,,,,,,,,,,,1,1,1,1,7
201500006847,0015-06-27 08:00:00,15,6,27,8,0,710,30,,,,Plein jour,Hors agglomération,Hors intersection,Normale,Autre collision,,,,,,,,,,,1,1,1,1,6
201500006848,0015-04-01 18:45:00,15,4,1,18,45,710,305,,46.46522,4.888,Plein jour,Hors agglomération,Intersection en X,Normale,Deux véhicules - côté,,,,,,,,,,,1,1,2,1,3
201500006849,0015-04-30 22:00:00,15,4,30,22,0,710,584,Rue du 8 mai 1945,,,Nuit avec éclairage allumé,En agglomération,Hors intersection,Pluie légère,Autre collision,,,,,,,,,,,5,2,1,2,6
201500006850,0015-07-14 18:45:00,15,7,14,18,45,710,543,chemin de halage,46.57502,4.91209,Plein jour,En agglomération,Hors intersection,Normale,Autre collision,,,,,,,,,,,1,2,1,1,6
201500006851,0015-02-11 15:45:00,15,2,11,15,45,710,313,,,,Plein jour,Hors agglomération,Hors intersection,Normale,Autre collision,,,,,,,,,,,1,1,1,1,6
201500006852,0015-02-17 08:15:00,15,2,17,8,15,710,14,avenue charles de gaulle,46.95185,4.29719,Plein jour,En agglomération,Hors intersection,Normale,Autre collision,,,,,,,,,,,1,2,1,1,6
201500006853,0015-04-15 11:45:00,15,4,15,11,45,710,14,Rue de Paris,46.95795,4.2972,Plein jour,En agglomération,Autre intersection,Normale,Deux véhicules - côté,,,,,,,,,,,1,2,9,1,3
201500006854,0015-04-21 16:00:00,15,4,21,16,0,710,14,rue de l Arbalete,46.94981,4.29938,Plein jour,En agglomération,Hors intersection,Normale,Autre collision,,,,,,,,,,,1,2,1,1,6
201500006855,0015-05-14 14:30:00,15,5,14,14,30,710,14,avenue de la république,46.95796,4.30069,Plein jour,En agglomération,Autre intersection,Normale,Autre collision,,,,,,,,,,,1,2,9,1,6
201500006856,0015-07-14 08:45:00,15,7,14,8,45,710,14,25 route de Beaune,46.95634,4.3156,Plein jour,En agglomération,Intersection en T,Normale,Deux véhicules - frontale,,,,,,,,,,,1,2,3,1,1
201500006857,0015-08-04 06:00:00,15,8,4,6,0,710,14,,46.97793,4.30909,Crépuscule ou aube,En agglomération,Hors intersection,Pluie légère,Autre collision,,,,,,,,,,,2,2,1,2,6
201500006858,0015-09-18 17:00:00,15,9,18,17,0,710,438,,47.02473,4.40535,Plein jour,Hors agglomération,Hors intersection,Normale,Autre collision,,,,,,,,,,,1,1,1,1,6
201500006859,0015-10-04 08:15:00,15,10,4,8,15,710,509,,,,Crépuscule ou aube,Hors agglomération,Hors intersection,Temps couvert,Sans collision,,,,,,,,,,,2,1,1,8,7
201500006860,0015-11-02 00:30:00,15,11,2,0,30,710,15,5 rue des ailleres,46.95087,4.40679,Nuit sans éclairage public,En agglomération,Hors intersection,Brouillard / fumée,Autre collision,,,,,,,,,,,3,2,1,5,6
201500006861,0015-11-11 22:30:00,15,11,11,22,30,710,14,,46.92544,4.36706,Nuit sans éclairage public,Hors agglomération,Hors intersection,Brouillard / fumée,Autre collision,,,,,,,,,,,3,1,1,5,6
201500006862,0015-11-14 18:00:00,15,11,14,18,0,710,14,,,,Nuit sans éclairage public,Hors agglomération,Hors intersection,Normale,Deux véhicules - côté,,,,,,,,,,,3,1,1,1,3
201500006863,0015-12-03 14:15:00,15,12,3,14,15,710,190,,46.99576,4.50802,Plein jour,Hors agglomération,Intersection en X,Temps couvert,Deux véhicules - côté,,,,,,,,,,,1,1,2,8,3
201500006864,0015-01-31 19:30:00,15,1,31,19,30,710,46,,,,Nuit sans éclairage public,Hors agglomération,Hors intersection,Pluie légère,Autre collision,,,,,,,,,,,3,1,1,2,6
201500006865,0015-03-13 10:30:00,15,3,13,10,30,710,192,RD 297,,,Plein jour,En agglomération,Hors intersection,Normale,Deux véhicules - côté,,,,,,,,,,,1,2,1,1,3
201500006866,0015-07-20 18:00:00,15,7,20,18,0,710,62,,46.91127,4.21416,Plein jour,Hors agglomération,Hors intersection,Temps éblouissant,Sans collision,,,,,,,,,,,1,1,1,7,7
201500006867,0015-02-08 00:30:00,15,2,8,0,30,710,378,,,,Nuit sans éclairage public,Hors agglomération,Hors intersection,Normale,Sans collision,,,,,,,,,,,3,1,1,1,7
201500006868,0015-04-30 08:30:00,15,4,30,8,30,710,422,,,,Plein jour,Hors agglomération,Hors intersection,Normale,Deux véhicules - frontale,,,,,,,,,,,1,1,1,1,1
201500006869,0015-06-19 19:00:00,15,6,19,19,0,710,430,route de barizey,46.80053,4.69399,Plein jour,Hors agglomération,Hors intersection,Normale,Deux véhicules - frontale,,,,,,,,,,,1,1,1,1,1
201500006870,0015-06-22 16:30:00,15,6,22,16,30,710,225,,,,Plein jour,Hors agglomération,Hors intersection,Normale,Deux véhicules - frontale,,,,,,,,,,,1,1,1,1,1
201500006871,0015-07-28 16:00:00,15,7,28,16,0,710,520,ROUTE DU VAL DE SAONE,46.74249,4.8454,Plein jour,En agglomération,Hors intersection,Normale,Deux véhicules - côté,,,,,,,,,,,1,2,1,1,3
201500006872,0015-09-19 19:00:00,15,9,19,19,0,710,277,,,,Crépuscule ou aube,Hors agglomération,Hors intersection,Normale,Autre collision,,,,,,,,,,,2,1,1,1,6
201500006873,0015-12-19 10:15:00,15,12,19,10,15,710,404,avenue de bourgogne,46.75324,4.70664,Plein jour,En agglomération,Hors intersection,Temps couvert,Deux véhicules - côté,,,,,,,,,,,1,2,1,8,3
201500006874,0015-12-21 09:30:00,15,12,21,9,30,710,324,,,,Plein jour,Hors agglomération,Hors intersection,Normale,Autre collision,,,,,,,,,,,1,1,1,1,6
201500006875,0015-03-31 09:00:00,15,3,31,9,0,710,117,,,,Plein jour,Hors agglomération,Hors intersection,Normale,Deux véhicules - frontale,,,,,,,,,,,1,1,1,1,1
201500006876,0015-04-15 09:45:00,15,4,15,9,45,710,189,RD 978 - rue Guérin,46.7539,4.89809,Plein jour,En agglomération,Autre intersection,Normale,Deux véhicules - côté,,,,,,,,,,,1,2,9,1,3
201500006877,0015-06-25 15:00:00,15,6,25,15,0,710,420,,,,Plein jour,Hors agglomération,Hors intersection,Normale,Deux véhicules - côté,,,,,,,,,,,1,1,1,1,3
201500006878,0015-08-20 12:00:00,15,8,20,12,0,710,4,,46.80003,4.97348,Plein jour,Hors agglomération,Hors intersection,Normale,Sans collision,,,,,,,,,,,1,1,1,1,7
201500006879,0015-08-26 15:00:00,15,8,26,15,0,710,138,,,,Plein jour,Hors agglomération,Hors intersection,Normale,Deux véhicules - arrière,,,,,,,,,,,1,1,1,1,2
201500006880,0015-09-02 16:30:00,15,9,2,16,30,710,138,,,,Plein jour,Hors agglomération,Hors intersection,Normale,Autre collision,,,,,,,,,,,1,1,1,1,6
201500006881,0015-10-18 14:30:00,15,10,18,14,30,710,117,,46.78792,4.89678,Plein jour,Hors agglomération,Hors intersection,Normale,Sans collision,,,,,,,,,,,1,1,1,1,7
201500006882,0015-10-31 11:00:00,15,10,31,11,0,710,131,,,,Plein jour,Hors agglomération,Hors intersection,Brouillard / fumée,Deux véhicules - frontale,,,,,,,,,,,1,1,1,5,1
201500006883,0015-11-19 14:45:00,15,11,19,14,45,710,167,,,,Plein jour,Hors agglomération,Hors intersection,Temps couvert,Autre collision,,,,,,,,,,,1,1,1,8,6
201500006884,0015-12-06 05:15:00,15,12,6,5,15,710,398,30 rue des mourillons,46.76185,4.98892,Nuit avec éclairage allumé,En agglomération,Hors intersection,Normale,Autre collision,,,,,,,,,,,5,2,1,1,6
201500006885,0015-05-07 15:45:00,15,5,7,15,45,710,512,rue du lieutenant bonnet,46.64055,4.86625,Plein jour,En agglomération,Intersection en X,Normale,Deux véhicules - côté,,,,,,,,,,,1,2,2,1,3
201500006886,0015-05-29 11:30:00,15,5,29,11,30,710,52,en boirie,46.58048,4.88239,Plein jour,En agglomération,Hors intersection,Normale,Deux véhicules - côté,,,,,,,,,,,1,2,1,1,3
201500006887,0015-06-06 05:45:00,15,6,6,5,45,710,328,vincelles,46.6302,4.82436,Crépuscule ou aube,En agglomération,Hors intersection,Normale,Autre collision,,,,,,,,,,,2,2,1,1,6
201500006888,0015-07-20 16:15:00,15,7,20,16,15,710,555,,46.68925,4.87347,Plein jour,Hors agglomération,Hors intersection,Normale,Deux véhicules - frontale,,,,,,,,,,,1,1,1,1,1
201500006889,0015-08-30 18:15:00,15,8,30,18,15,710,512,rue du 4 septembre,46.64467,4.87131,Plein jour,En agglomération,Hors intersection,Normale,Deux véhicules - arrière,,,,,,,,,,,1,2,1,1,2
201500006890,0015-12-08 21:15:00,15,12,8,21,15,710,555,,46.70434,4.86764,Nuit sans éclairage public,Hors agglomération,Hors intersection,Pluie légère,Deux véhicules - côté,,,,,,,,,,,3,1,1,2,3
201500006891,0015-12-18 17:30:00,15,12,18,17,30,710,512,place de la mairie,46.63767,4.86955,Nuit sans éclairage public,En agglomération,Hors intersection,Normale,Autre collision,,,,,,,,,,,3,2,1,1,6
201500006892,0015-11-21 19:15:00,15,11,21,19,15,710,82,,,,Nuit sans éclairage public,Hors agglomération,Hors intersection,Pluie légère,Trois véhicules et plus - collisions multiples,,,,,,,,,,,3,1,1,2,5
201500006893,0015-11-27 14:00:00,15,11,27,14,0,710,564,,46.45775,4.38315,Plein jour,Hors agglomération,Hors intersection,Brouillard / fumée,Sans collision,,,,,,,,,,,1,1,1,5,7
201500006894,0015-02-13 08:45:00,15,2,13,8,45,710,120,,,,Plein jour,Hors agglomération,Hors intersection,Normale,Deux véhicules - frontale,,,,,,,,,,,1,1,1,1,1
201500006895,0015-07-29 13:00:00,15,7,29,13,0,710,483,,,,Plein jour,Hors agglomération,Hors intersection,Pluie légère,Autre collision,,,,,,,,,,,1,1,1,2,6
201500006896,0015-09-08 16:45:00,15,9,8,16,45,710,110,,,,Plein jour,Hors agglomération,Intersection en X,Normale,Deux véhicules - côté,,,,,,,,,,,1,1,2,1,3
201500006897,0015-09-14 12:15:00,15,9,14,12,15,710,120,monnay,46.19917,4.34066,Plein jour,En agglomération,Hors intersection,Temps couvert,Autre collision,,,,,,,,,,,1,2,1,8,6
201500006898,0015-04-15 08:30:00,15,4,15,8,30,710,176,lotissement des Peuplier,46.4837,3.98098,Plein jour,En agglomération,Hors intersection,Normale,Deux véhicules - frontale,,,,,,,,,,,1,2,1,1,1
201500006899,0015-07-04 14:30:00,15,7,4,14,30,710,176,76 avenue De Gaulle,46.48428,3.98739,Plein jour,En agglomération,Hors intersection,Temps éblouissant,Autre collision,,,,,,,,,,,1,2,1,7,6
201500006900,0015-07-29 11:30:00,15,7,29,11,30,710,325,,46.49127,3.96627,Plein jour,Hors agglomération,Hors intersection,Normale,Autre collision,,,,,,,,,,,1,1,1,1,6
201500006901,0015-12-12 15:15:00,15,12,12,15,15,710,176,Av. Europe,46.47499,4.00391,Plein jour,En agglomération,Hors intersection,Normale,Autre collision,,,,,,,,,,,1,2,1,1,6
201500006902,0015-01-09 09:00:00,15,1,9,9,0,710,12,narbots,46.25374,4.01354,Nuit sans éclairage public,Hors agglomération,Hors intersection,Pluie légère,Autre collision,,,,,,,,,,,3,1,1,2,6
201500006903,0015-02-26 22:15:00,15,2,26,22,15,710,291,,46.21028,4.01588,Nuit sans éclairage public,Hors agglomération,Hors intersection,Pluie légère,Autre collision,,,,,,,,,,,3,1,1,2,6
201500006904,0015-04-11 13:30:00,15,4,11,13,30,710,291,Le bourg,,,Plein jour,En agglomération,Hors intersection,Normale,Autre collision,,,,,,,,,,,1,2,1,1,6
201500006905,0015-06-06 17:15:00,15,6,6,17,15,710,275,54 Rue de Borchamp,46.26903,4.04133,Plein jour,En agglomération,Hors intersection,Normale,Deux véhicules - côté,,,,,,,,,,,1,2,1,1,3
201500006906,0015-06-30 11:45:00,15,6,30,11,45,710,238,grande rue,,,Plein jour,En agglomération,Hors intersection,Normale,Autre collision,,,,,,,,,,,1,2,1,1,6
201500006907,0015-09-17 15:15:00,15,9,17,15,15,710,11,,,,Plein jour,Hors agglomération,Hors intersection,Normale,Deux véhicules - frontale,,,,,,,,,,,1,1,1,1,1
201500006908,0015-12-06 15:00:00,15,12,6,15,0,710,238,,46.22384,4.06043,Plein jour,Hors agglomération,Hors intersection,Normale,Deux véhicules - côté,,,,,,,,,,,1,1,1,1,3
201500006909,0015-02-12 18:15:00,15,2,12,18,15,710,439,,,,Crépuscule ou aube,Hors agglomération,Hors intersection,Normale,Deux véhicules - côté,,,,,,,,,,,2,1,1,1,3
201500006910,0015-04-19 06:15:00,15,4,19,6,15,710,232,la redoute,,,Plein jour,Hors agglomération,Hors intersection,Normale,Autre collision,,,,,,,,,,,1,1,1,1,6
201500006911,0015-05-27 15:30:00,15,5,27,15,30,710,342,,46.46942,4.10744,Plein jour,Hors agglomération,Hors intersection,Normale,Autre collision,,,,,,,,,,,1,1,1,1,6
201500006912,0015-06-02 15:45:00,15,6,2,15,45,710,588,,,,Plein jour,Hors agglomération,Hors intersection,Normale,Autre collision,,,,,,,,,,,1,1,1,1,6
201500006913,0015-06-06 19:15:00,15,6,6,19,15,710,354,,46.3668,4.16457,Plein jour,Hors agglomération,Hors intersection,Normale,Sans collision,,,,,,,,,,,1,1,1,1,7
201500006914,0015-10-14 16:00:00,15,10,14,16,0,710,342,Rue Michel Anguier,46.46106,4.11238,Plein jour,En agglomération,Hors intersection,Normale,Autre collision,,,,,,,,,,,1,2,1,1,6
201500006915,0015-12-26 16:30:00,15,12,26,16,30,710,342,,46.46518,4.10861,Plein jour,En agglomération,Hors intersection,Normale,Deux véhicules - côté,,,,,,,,,,,1,2,1,1,3
201500006916,0015-05-15 09:45:00,15,5,15,9,45,710,47,,46.62299,3.76909,Plein jour,Hors agglomération,Hors intersection,Normale,Deux véhicules - frontale,,,,,,,,,,,1,1,1,1,1
201500006917,0015-06-02 11:45:00,15,6,2,11,45,710,346,,,,Plein jour,Hors agglomération,Hors intersection,Normale,Deux véhicules - côté,,,,,,,,,,,1,1,1,1,3
201500006918,0015-06-03 09:00:00,15,6,3,9,0,710,356,Le bourg,,,Plein jour,En agglomération,Hors intersection,Normale,Deux véhicules - frontale,,,,,,,,,,,1,2,1,1,1
201500006919,0015-06-15 10:30:00,15,6,15,10,30,710,330,,,,Plein jour,Hors agglomération,Hors intersection,Pluie légère,Deux véhicules - côté,,,,,,,,,,,1,1,1,2,3
201500006920,0015-06-22 23:00:00,15,6,22,23,0,710,542,,,,Nuit sans éclairage public,Hors agglomération,Hors intersection,Normale,Autre collision,,,,,,,,,,,3,1,1,1,6
201500006921,0015-08-26 16:45:00,15,8,26,16,45,710,340,,,,Plein jour,Hors agglomération,Hors intersection,Normale,Deux véhicules - frontale,,,,,,,,,,,1,1,1,1,1
201500006922,0015-08-26 17:45:00,15,8,26,17,45,710,490,,46.50493,4.12922,Plein jour,Hors agglomération,Hors intersection,Normale,Deux véhicules - frontale,,,,,,,,,,,1,1,1,1,1
201500006923,0015-10-05 05:15:00,15,10,5,5,15,710,340,,,,Nuit sans éclairage public,Hors agglomération,Hors intersection,Brouillard / fumée,Deux véhicules - frontale,,,,,,,,,,,3,1,1,5,1
201500006924,0015-10-30 16:15:00,15,10,30,16,15,710,346,,,,Plein jour,Hors agglomération,Hors intersection,Normale,Deux véhicules - côté,,,,,,,,,,,1,1,1,1,3
201500006925,0015-11-26 14:30:00,15,11,26,14,30,710,281,,,,Plein jour,Hors agglomération,Hors intersection,Normale,Deux véhicules - côté,,,,,,,,,,,1,1,1,1,3
201500006926,0015-11-26 15:45:00,15,11,26,15,45,710,565,,46.62538,4.08537,Plein jour,Hors agglomération,Hors intersection,Normale,Deux véhicules - côté,,,,,,,,,,,1,1,1,1,3
201500006927,0015-12-19 09:45:00,15,12,19,9,45,710,542,,,,Nuit sans éclairage public,Hors agglomération,Hors intersection,Temps couvert,Trois véhicules et plus - collisions multiples,,,,,,,,,,,3,1,1,8,5
201500006928,0015-03-18 10:30:00,15,3,18,10,30,710,56,,46.6456,5.16399,Plein jour,Hors agglomération,Intersection en T,Normale,Deux véhicules - côté,,,,,,,,,,,1,1,3,1,3
201500006929,0015-06-04 14:15:00,15,6,4,14,15,710,56,,,,Plein jour,Hors agglomération,Hors intersection,Temps éblouissant,Deux véhicules - frontale,,,,,,,,,,,1,1,1,7,1
201500006930,0015-07-05 19:00:00,15,7,5,19,0,710,157,,,,Plein jour,Hors agglomération,Hors intersection,Normale,Trois véhicules et plus - collisions multiples,,,,,,,,,,,1,1,1,1,5
201500006931,0015-07-14 05:15:00,15,7,14,5,15,710,209,,46.54694,5.28174,Crépuscule ou aube,Hors agglomération,Hors intersection,Normale,Sans collision,,,,,,,,,,,2,1,1,1,7
201500006932,0015-04-03 15:15:00,15,4,3,15,15,710,261,rue des carles,46.59099,4.99921,Plein jour,En agglomération,Hors intersection,Normale,Deux véhicules - côté,,,,,,,,,,,1,2,1,1,3
201500006933,0015-11-02 17:45:00,15,11,2,17,45,710,261,,,,Plein jour,Hors agglomération,Hors intersection,Brouillard / fumée,Autre collision,,,,,,,,,,,1,1,1,5,6
201500006934,0015-03-29 04:00:00,15,3,29,4,0,710,538,,,,Nuit sans éclairage public,Hors agglomération,Hors intersection,Normale,Autre collision,,,,,,,,,,,3,1,1,1,6
201500006935,0015-04-24 09:45:00,15,4,24,9,45,710,419,,46.75903,5.23412,Plein jour,Hors agglomération,Hors intersection,Normale,Deux véhicules - arrière,,,,,,,,,,,1,1,1,1,2
201500006936,0015-06-25 14:00:00,15,6,25,14,0,710,516,,46.76451,5.22811,Plein jour,Hors agglomération,Hors intersection,Normale,Sans collision,,,,,,,,,,,1,1,1,1,7
201500006937,0015-07-25 14:30:00,15,7,25,14,30,710,364,,46.82803,5.16957,Plein jour,Hors agglomération,Hors intersection,Normale,Autre collision,,,,,,,,,,,1,1,1,1,6
201500006938,0015-08-12 21:15:00,15,8,12,21,15,710,254,,46.9268,5.24835,Nuit avec éclairage allumé,En agglomération,Hors intersection,Normale,Deux véhicules - frontale,,,,,,,,,,,5,2,1,1,1
201500006939,0015-01-28 18:30:00,15,1,28,18,30,710,187,,,,Nuit sans éclairage public,Hors agglomération,Hors intersection,Pluie légère,Trois véhicules et plus - collisions multiples,,,,,,,,,,,3,1,1,2,5
201500006940,0015-02-15 03:30:00,15,2,15,3,30,710,412,,,,Nuit sans éclairage public,Hors agglomération,Hors intersection,Normale,Autre collision,,,,,,,,,,,3,1,1,1,6
201500006941,0015-03-28 22:00:00,15,3,28,22,0,710,436,,,,Nuit sans éclairage public,Hors agglomération,Hors intersection,Pluie légère,Autre collision,,,,,,,,,,,3,1,1,2,6
201500006942,0015-04-22 16:00:00,15,4,22,16,0,710,390,les goubeaux,46.71402,4.31363,Plein jour,Hors agglomération,Hors intersection,Temps éblouissant,Autre collision,,,,,,,,,,,1,1,1,7,6
201500006943,0015-08-23 19:15:00,15,8,23,19,15,710,282,,,,Plein jour,Hors agglomération,Hors intersection,Pluie légère,Deux véhicules - frontale,,,,,,,,,,,1,1,1,2,1
201500006944,0015-11-06 17:45:00,15,11,6,17,45,710,310,Avenue de la Libération,46.74545,4.47097,Nuit avec éclairage allumé,En agglomération,Hors intersection,Normale,Autre collision,,,,,,,,,,,5,2,1,1,6
201500006945,0015-01-02 13:30:00,15,1,2,13,30,890,341,,47.71902,3.7602,Plein jour,Hors agglomération,Hors intersection,Brouillard / fumée,Trois véhicules et plus - en chaîne,,,,,,,,,,,1,1,1,5,4
201500006946,0015-02-22 10:15:00,15,2,22,10,15,890,438,,47.80084,3.645,Plein jour,Hors agglomération,Hors intersection,Brouillard / fumée,Deux véhicules - arrière,,,,,,,,,,,1,1,1,5,2
201500006947,0015-03-01 10:30:00,15,3,1,10,30,890,53,,47.87505,3.47769,Plein jour,Hors agglomération,Hors intersection,Pluie légère,Deux véhicules - arrière,,,,,,,,,,,1,1,1,2,2
201500006948,0015-03-03 00:45:00,15,3,3,0,45,890,133,,47.9791,3.19206,Nuit sans éclairage public,Hors agglomération,Hors intersection,Normale,Deux véhicules - arrière,,,,,,,,,,,3,1,1,1,2
201500006949,0015-05-22 15:45:00,15,5,22,15,45,890,484,,47.91119,3.32873,Plein jour,Hors agglomération,Hors intersection,Normale,Deux véhicules - arrière,,,,,,,,,,,1,1,1,1,2
201500006950,0015-06-06 18:00:00,15,6,6,18,0,890,484,,47.91025,3.30334,Plein jour,Hors agglomération,Hors intersection,Normale,Deux véhicules - arrière,,,,,,,,,,,1,1,1,1,2
201500006951,0015-09-19 08:45:00,15,9,19,8,45,890,484,,47.91139,3.32179,Plein jour,Hors agglomération,Hors intersection,Normale,Sans collision,,,,,,,,,,,1,1,1,1,7
201500006952,0015-10-22 00:01:00,15,10,22,0,1,890,24,,47.83191,3.62231,Nuit sans éclairage public,Hors agglomération,Hors intersection,Normale,Deux véhicules - arrière,,,,,,,,,,,3,1,1,1,2
201500006953,0015-10-31 15:45:00,15,10,31,15,45,890,313,,47.97384,3.19886,Plein jour,Hors agglomération,Hors intersection,Normale,Autre collision,,,,,,,,,,,1,1,1,1,6
201500006954,0015-11-02 23:00:00,15,11,2,23,0,890,24,,47.83058,3.6229,Nuit sans éclairage public,Hors agglomération,Hors intersection,Normale,Trois véhicules et plus - collisions multiples,,,,,,,,,,,3,1,1,1,5
201500006955,0015-01-02 17:30:00,15,1,2,17,30,890,261,,48.24682,3.54392,Nuit sans éclairage public,Hors agglomération,Autre intersection,Brouillard / fumée,Autre collision,,,,,,,,,,,3,1,9,5,6
201500006956,0015-01-30 02:15:00,15,1,30,2,15,890,298,,48.05891,3.10858,Nuit sans éclairage public,Hors agglomération,Hors intersection,Neige / grêle,Autre collision,,,,,,,,,,,3,1,1,4,6
201500006957,0015-02-03 12:30:00,15,2,3,12,30,890,136,,48.24738,3.26801,Plein jour,Hors agglomération,Hors intersection,Normale,Autre collision,,,,,,,,,,,1,1,1,1,6
201500006958,0015-02-22 14:15:00,15,2,22,14,15,890,172,,48.2349,3.42438,Plein jour,Hors agglomération,Hors intersection,Normale,Deux véhicules - frontale,,,,,,,,,,,1,1,1,1,1
201500006959,0015-05-08 13:00:00,15,5,8,13,0,890,350,,48.02694,3.1301,Plein jour,Hors agglomération,Hors intersection,Normale,Trois véhicules et plus - collisions multiples,,,,,,,,,,,1,1,1,1,5
201500006960,0015-07-20 07:15:00,15,7,20,7,15,890,466,,48.18786,3.18374,Plein jour,Hors agglomération,Hors intersection,Normale,Deux véhicules - arrière,,,,,,,,,,,1,1,1,1,2
201500006961,0015-08-29 15:45:00,15,8,29,15,45,890,342,,48.24199,3.26204,Plein jour,Hors agglomération,Hors intersection,Normale,Deux véhicules - arrière,,,,,,,,,,,1,1,1,1,2
201500006962,0015-10-18 02:15:00,15,10,18,2,15,890,80,,48.26948,3.29281,Nuit sans éclairage public,Hors agglomération,Hors intersection,Temps couvert,Autre collision,,,,,,,,,,,3,1,1,8,6
201500006963,0015-10-20 07:45:00,15,10,20,7,45,890,380,,48.06478,3.10955,Crépuscule ou aube,Hors agglomération,Hors intersection,Brouillard / fumée,Autre collision,,,,,,,,,,,2,1,1,5,6
201500006964,0015-11-09 08:30:00,15,11,9,8,30,890,459,,48.1243,3.14256,Plein jour,Hors agglomération,Hors intersection,Normale,Deux véhicules - arrière,,,,,,,,,,,1,1,1,1,2
201500006965,0015-11-25 17:15:00,15,11,25,17,15,890,380,,48.06078,3.10366,Crépuscule ou aube,Hors agglomération,Hors intersection,Pluie forte,Autre collision,,,,,,,,,,,2,1,1,3,6
201500006966,0015-02-20 23:45:00,15,2,20,23,45,890,438,,47.81122,3.6115,Nuit sans éclairage public,Hors agglomération,Hors intersection,Pluie forte,Autre collision,,,,,,,,,,,3,1,1,3,6
201500006967,0015-02-19 16:00:00,15,2,19,16,0,890,295,,47.81896,3.53929,Plein jour,En agglomération,Hors intersection,Temps éblouissant,Deux véhicules - arrière,,,,,,,,,,,1,2,1,7,2
201500006968,0015-04-25 15:15:00,15,4,25,15,15,890,102,,47.75919,3.50503,Plein jour,En agglomération,Hors intersection,Normale,Deux véhicules - frontale,,,,,,,,,,,1,2,1,1,1
201500006969,0015-12-19 17:15:00,15,12,19,17,15,890,13,,47.8492,3.50291,Nuit sans éclairage public,Hors agglomération,Hors intersection,Normale,Deux véhicules - frontale,,,,,,,,,,,3,1,1,1,1
201500006970,0015-06-30 20:30:00,15,6,30,20,30,890,155,,47.72043,3.61171,Plein jour,Hors agglomération,Intersection en Y,Normale,Deux véhicules - côté,,,,,,,,,,,1,1,4,1,3
201500006971,0015-12-23 11:45:00,15,12,23,11,45,890,256,,47.66766,3.5148,Plein jour,Hors agglomération,Hors intersection,Temps couvert,Sans collision,,,,,,,,,,,1,1,1,8,7
201500006972,0015-01-25 09:00:00,15,1,25,9,0,890,76,,48.03835,3.65325,Plein jour,Hors agglomération,Hors intersection,Autre,Autre collision,,,,,,,,,,,1,1,1,9,6
201500006973,0015-02-02 09:30:00,15,2,2,9,30,890,345,rue charles de gaulle,48.00434,3.72413,Plein jour,En agglomération,Hors intersection,Pluie légère,Deux véhicules - côté,,,,,,,,,,,1,2,1,2,3
201500006974,0015-02-16 18:00:00,15,2,16,18,0,890,76,Rue de la Gondonnerie,48.02287,3.66681,Crépuscule ou aube,En agglomération,Intersection en T,Normale,Deux véhicules - côté,,,,,,,,,,,2,2,3,1,3
201500006975,0015-03-14 11:00:00,15,3,14,11,0,890,439,26 rue de la sauniere,47.98428,3.73189,Plein jour,En agglomération,Hors intersection,Normale,Autre collision,,,,,,,,,,,1,2,1,1,6
201500006976,0015-07-24 15:00:00,15,7,24,15,0,890,345,avenue du général lecler,48.00207,3.72851,Plein jour,En agglomération,Hors intersection,Normale,Autre collision,,,,,,,,,,,1,2,1,1,6
201500006977,0015-09-13 14:15:00,15,9,13,14,15,890,345,,47.99974,3.71448,Plein jour,Hors agglomération,Hors intersection,Temps couvert,Deux véhicules - frontale,,,,,,,,,,,1,1,1,8,1