accident_id,datetime,annee,mois,jour,heure,minute,departement,commune_insee,adresse,latitude,longitude,luminosite,agglomeration,intersection,meteo,collision,nb_vehicules,nb_usagers,nb_indemnes,nb_tues,nb_blesses_hosp,nb_blesses_legers,age_cond_1,age_cond_2,veh_type_cond_1,veh_type_cond_2,lum_code,agg_code,int_code,atm_code,col_code
201500006978,0015-12-11 17:15:00,15,12,11,17,15,890,345,,48.00511,3.67494,Nuit avec éclairage allumé,Hors agglomération,Intersection en T,Normale,Trois véhicules et plus - collisions multiples,,,,,,,,,,,5,1,3,1,5
201500006979,0015-12-13 05:15:00,15,12,13,5,15,890,69,,,,Crépuscule ou aube,En agglomération,Hors intersection,Pluie légère,Autre collision,,,,,,,,,,,2,2,1,2,6
201500006980,0015-05-15 10:30:00,15,5,15,10,30,890,68,,47.80942,3.83093,Plein jour,Hors agglomération,Hors intersection,Normale,Deux véhicules - côté,,,,,,,,,,,1,1,1,1,3
201500006981,0015-05-21 09:45:00,15,5,21,9,45,890,34,,47.81308,3.70636,Plein jour,Hors agglomération,Hors intersection,Normale,Sans collision,,,,,,,,,,,1,1,1,1,7
201500006982,0015-07-25 16:15:00,15,7,25,16,15,890,463,,47.85375,3.63751,Plein jour,Hors agglomération,Hors intersection,Normale,Deux véhicules - arrière,,,,,,,,,,,1,1,1,1,2
201500006983,0015-08-02 06:15:00,15,8,2,6,15,890,201,,47.89995,3.65702,Crépuscule ou aube,Hors agglomération,Hors intersection,Normale,Autre collision,,,,,,,,,,,2,1,1,1,6
201500006984,0015-09-12 00:45:00,15,9,12,0,45,890,77,,47.73867,3.60582,Nuit sans éclairage public,Hors agglomération,Hors intersection,Normale,Autre collision,,,,,,,,,,,3,1,1,1,6
201500006985,0015-09-29 15:45:00,15,9,29,15,45,890,263,rue de sommeville,,,Plein jour,En agglomération,Hors intersection,Normale,Deux véhicules - frontale,,,,,,,,,,,1,2,1,1,1
201500006986,0015-10-10 00:01:00,15,10,10,0,1,890,265,,47.86449,3.64929,Nuit sans éclairage public,Hors agglomération,Hors intersection,Normale,Autre collision,,,,,,,,,,,3,1,1,1,6
201500006987,0015-10-13 10:00:00,15,10,13,10,0,890,2,,47.71747,3.90998,Plein jour,Hors agglomération,Intersection en T,Normale,Deux véhicules - côté,,,,,,,,,,,1,1,3,1,3
201500006988,0015-10-19 07:15:00,15,10,19,7,15,890,263,,47.82926,3.58279,Nuit avec éclairage allumé,Hors agglomération,Hors intersection,Brouillard / fumée,Deux véhicules - côté,,,,,,,,,,,5,1,1,5,3
201500006989,0015-11-22 13:15:00,15,11,22,13,15,890,198,,47.87993,3.54737,Plein jour,Hors agglomération,Hors intersection,Normale,Autre collision,,,,,,,,,,,1,1,1,1,6
201500006990,0015-02-10 14:15:00,15,2,10,14,15,890,408,,47.752,3.11647,Plein jour,Hors agglomération,Hors intersection,Normale,Autre collision,,,,,,,,,,,1,1,1,1,6
201500006991,0015-05-06 17:15:00,15,5,6,17,15,890,73,,47.78757,3.08549,Plein jour,Hors agglomération,Hors intersection,Normale,Autre collision,,,,,,,,,,,1,1,1,1,6
201500006992,0015-05-18 17:45:00,15,5,18,17,45,890,419,AVENUE GAL DE GAULLE,47.72405,3.31165,Plein jour,En agglomération,Hors intersection,Normale,Trois véhicules et plus - collisions multiples,,,,,,,,,,,1,2,1,1,5
201500006993,0015-06-18 10:30:00,15,6,18,10,30,890,419,02 rue Paul DEFRANCE,47.73492,3.29625,Plein jour,En agglomération,Hors intersection,Normale,Autre collision,,,,,,,,,,,1,2,1,1,6
201500006994,0015-07-05 19:00:00,15,7,5,19,0,890,420,,47.57526,3.17998,Plein jour,Hors agglomération,Hors intersection,Normale,Autre collision,,,,,,,,,,,1,1,1,1,6
201500006995,0015-07-10 14:15:00,15,7,10,14,15,890,273,,47.60512,3.21538,Plein jour,Hors agglomération,Hors intersection,Normale,Deux véhicules - frontale,,,,,,,,,,,1,1,1,1,1
201500006996,0015-08-12 09:30:00,15,8,12,9,30,890,325,,47.66038,3.10481,Plein jour,Hors agglomération,Hors intersection,Normale,Deux véhicules - arrière,,,,,,,,,,,1,1,1,1,2
201500006997,0015-08-27 18:00:00,15,8,27,18,0,890,419,RD 950 - Avenue du Gl De,47.72167,3.31328,Plein jour,En agglomération,Hors intersection,Normale,Deux véhicules - frontale,,,,,,,,,,,1,2,1,1,1
201500006998,0015-09-17 08:00:00,15,9,17,8,0,890,46,RD22,47.6953,2.9372,Plein jour,Hors agglomération,Hors intersection,Normale,Deux véhicules - côté,,,,,,,,,,,1,1,1,1,3
201500006999,0015-10-05 17:00:00,15,10,5,17,0,890,147,,47.75097,3.25894,Plein jour,Hors agglomération,Hors intersection,Pluie forte,Trois véhicules et plus - en chaîne,,,,,,,,,,,1,1,1,3,4
201500007000,0015-10-22 11:15:00,15,10,22,11,15,890,179,,47.64714,3.2989,Plein jour,Hors agglomération,Hors intersection,Pluie légère,Autre collision,,,,,,,,,,,1,1,1,2,6
201500007001,0015-10-30 09:30:00,15,10,30,9,30,890,419,,47.71195,3.32592,Plein jour,Hors agglomération,Hors intersection,Normale,Autre collision,,,,,,,,,,,1,1,1,1,6
201500007002,0015-11-01 03:45:00,15,11,1,3,45,890,344,,47.68738,3.11145,Nuit sans éclairage public,Hors agglomération,Hors intersection,Normale,Autre collision,,,,,,,,,,,3,1,1,1,6
201500007003,0015-11-10 23:15:00,15,11,10,23,15,890,419,,47.73366,3.31238,Nuit sans éclairage public,Hors agglomération,Hors intersection,Normale,Autre collision,,,,,,,,,,,3,1,1,1,6
201500007004,0015-11-14 15:30:00,15,11,14,15,30,890,150,,47.814,3.363,Plein jour,En agglomération,Hors intersection,Normale,Deux véhicules - frontale,,,,,,,,,,,1,2,1,1,1
201500007005,0015-11-27 18:30:00,15,11,27,18,30,890,367,,47.62322,3.24836,Nuit sans éclairage public,Hors agglomération,Hors intersection,Brouillard / fumée,Deux véhicules - côté,,,,,,,,,,,3,1,1,5,3
201500007006,0015-11-30 18:00:00,15,11,30,18,0,890,416,,47.57097,3.28683,Nuit sans éclairage public,Hors agglomération,Hors intersection,Pluie légère,Deux véhicules - côté,,,,,,,,,,,3,1,1,2,3
201500007007,0015-12-12 10:45:00,15,12,12,10,45,890,254,,47.67863,3.13654,Plein jour,Hors agglomération,Hors intersection,Temps couvert,Deux véhicules - arrière,,,,,,,,,,,1,1,1,8,2
201500007008,0015-12-14 12:00:00,15,12,14,12,0,890,272,,47.71342,3.35458,Plein jour,Hors agglomération,Hors intersection,Normale,Deux véhicules - frontale,,,,,,,,,,,1,1,1,1,1
201500007009,0015-05-02 14:45:00,15,5,2,14,45,890,232,,47.56501,3.88731,Plein jour,Hors agglomération,Hors intersection,Pluie forte,Deux véhicules - frontale,,,,,,,,,,,1,1,1,3,1
201500007010,0015-07-26 17:30:00,15,7,26,17,30,890,44,,47.53788,3.76753,Plein jour,Hors agglomération,Intersection en X,Autre,Deux véhicules - arrière,,,,,,,,,,,1,1,2,9,2
201500007011,0015-08-08 17:45:00,15,8,8,17,45,890,159,,47.51866,3.90809,Plein jour,Hors agglomération,Hors intersection,Normale,Deux véhicules - frontale,,,,,,,,,,,1,1,1,1,1
201500007012,0015-08-10 09:15:00,15,8,10,9,15,890,349,,,,Plein jour,Hors agglomération,Hors intersection,Normale,Autre collision,,,,,,,,,,,1,1,1,1,6
201500007013,0015-10-23 10:15:00,15,10,23,10,15,890,306,,47.49238,3.87553,Plein jour,Hors agglomération,Hors intersection,Normale,Deux véhicules - frontale,,,,,,,,,,,1,1,1,1,1
201500007014,0015-11-03 13:00:00,15,11,3,13,0,890,159,,47.51321,3.90888,Plein jour,Hors agglomération,Hors intersection,Pluie légère,Deux véhicules - frontale,,,,,,,,,,,1,1,1,2,1
201500007015,0015-04-30 14:15:00,15,4,30,14,15,890,206,,47.97764,3.38592,Plein jour,En agglomération,Giratoire,Pluie légère,Deux véhicules - côté,,,,,,,,,,,1,2,6,2,3
201500007016,0015-05-11 07:45:00,15,5,11,7,45,890,206,avenue de Mayen,47.98079,3.41535,Plein jour,En agglomération,Hors intersection,Normale,Deux véhicules - côté,,,,,,,,,,,1,2,1,1,3
201500007017,0015-09-23 11:30:00,15,9,23,11,30,890,206,RUE DES SOEURS LECOQ,,,Plein jour,En agglomération,Hors intersection,Normale,Trois véhicules et plus - en chaîne,,,,,,,,,,,1,2,1,1,4
201500007018,0015-09-13 03:00:00,15,9,13,3,0,890,167,,,,Nuit sans éclairage public,Hors agglomération,Hors intersection,Temps couvert,Sans collision,,,,,,,,,,,3,1,1,8,7
201500007019,0015-11-05 10:45:00,15,11,5,10,45,890,3,Boulevard du nord,47.87628,3.34991,Plein jour,En agglomération,Hors intersection,Normale,Autre collision,,,,,,,,,,,1,2,1,1,6
201500007020,0015-03-26 20:15:00,15,3,26,20,15,890,257,,,,Nuit avec éclairage allumé,En agglomération,Hors intersection,Pluie légère,Deux véhicules - frontale,,,,,,,,,,,5,2,1,2,1
201500007021,0015-04-04 19:15:00,15,4,4,19,15,890,257,rue paul bert,47.95918,3.50469,Nuit avec éclairage allumé,En agglomération,Hors intersection,Normale,Deux véhicules - côté,,,,,,,,,,,5,2,1,1,3
201500007022,0015-04-23 17:45:00,15,4,23,17,45,890,85,,47.95,3.504,Plein jour,Hors agglomération,Hors intersection,Normale,Autre collision,,,,,,,,,,,1,1,1,1,6
201500007023,0015-06-11 14:30:00,15,6,11,14,30,890,257,57 rue Ramon,47.96586,3.50488,Plein jour,En agglomération,Hors intersection,Normale,Autre collision,,,,,,,,,,,1,2,1,1,6
201500007024,0015-09-12 18:00:00,15,9,12,18,0,890,257,Rue de la Liberté,47.96481,3.51026,Plein jour,En agglomération,Hors intersection,Normale,Deux véhicules - côté,,,,,,,,,,,1,2,1,1,3
201500007025,0015-09-16 07:30:00,15,9,16,7,30,890,257,Avenue du Port,47.96253,3.50438,Plein jour,En agglomération,Hors intersection,Pluie légère,Deux véhicules - côté,,,,,,,,,,,1,2,1,2,3
201500007026,0015-09-30 12:15:00,15,9,30,12,15,890,56,,47.99124,3.46113,Plein jour,Hors agglomération,Hors intersection,Normale,Deux véhicules - frontale,,,,,,,,,,,1,1,1,1,1
201500007027,0015-10-10 19:45:00,15,10,10,19,45,890,257,,47.95589,3.49979,Nuit avec éclairage allumé,En agglomération,Hors intersection,Normale,Deux véhicules - côté,,,,,,,,,,,5,2,1,1,3
201500007028,0015-11-15 17:00:00,15,11,15,17,0,890,156,,47.99693,3.57718,Plein jour,En agglomération,Hors intersection,Normale,Autre collision,,,,,,,,,,,1,2,1,1,6
201500007029,0015-11-17 10:45:00,15,11,17,10,45,890,156,,47.98933,3.59503,Plein jour,Hors agglomération,Hors intersection,Normale,Autre collision,,,,,,,,,,,1,1,1,1,6
201500007030,0015-12-01 15:00:00,15,12,1,15,0,890,257,Pierre et Marie CURIE,47.96169,3.50424,Plein jour,En agglomération,Giratoire,Normale,Deux véhicules - côté,,,,,,,,,,,1,2,6,1,3
201500007031,0015-12-10 09:30:00,15,12,10,9,30,890,257,12 Avenue du Port,47.96066,3.50473,Plein jour,En agglomération,Hors intersection,Brouillard / fumée,Autre collision,,,,,,,,,,,1,2,1,5,6
201500007032,0015-09-05 16:30:00,15,9,5,16,30,890,111,,,,Plein jour,Hors agglomération,Hors intersection,Normale,Deux véhicules - frontale,,,,,,,,,,,1,1,1,1,1
201500007033,0015-09-16 16:15:00,15,9,16,16,15,890,195,,48.15544,3.26959,Plein jour,Hors agglomération,Intersection en Y,Normale,Autre collision,,,,,,,,,,,1,1,4,1,6
201500007034,0015-10-10 08:00:00,15,10,10,8,0,890,240,,48.20212,3.3679,Plein jour,Hors agglomération,Hors intersection,Normale,Autre collision,,,,,,,,,,,1,1,1,1,6
201500007035,0015-03-26 17:45:00,15,3,26,17,45,890,189,,48.28233,3.23973,Plein jour,Hors agglomération,Hors intersection,Pluie légère,Deux véhicules - frontale,,,,,,,,,,,1,1,1,2,1
201500007036,0015-06-05 15:30:00,15,6,5,15,30,890,414,,48.29996,3.33863,Plein jour,Hors agglomération,Hors intersection,Temps éblouissant,Deux véhicules - frontale,,,,,,,,,,,1,1,1,7,1
201500007037,0015-07-31 17:15:00,15,7,31,17,15,890,124,26 GRANDE RUE,,,Plein jour,En agglomération,Hors intersection,Normale,Autre collision,,,,,,,,,,,1,2,1,1,6
201500007038,0015-08-29 13:30:00,15,8,29,13,30,890,309,,,,Plein jour,Hors agglomération,Hors intersection,Normale,Deux véhicules - frontale,,,,,,,,,,,1,1,1,1,1
201500007039,0015-10-02 15:15:00,15,10,2,15,15,890,414,,48.29818,3.40657,Plein jour,Hors agglomération,Hors intersection,Normale,Trois véhicules et plus - collisions multiples,,,,,,,,,,,1,1,1,1,5
201500007040,0015-01-20 11:45:00,15,1,20,11,45,890,370,rue de la republique,48.17924,3.09371,Plein jour,En agglomération,Hors intersection,Normale,Deux véhicules - frontale,,,,,,,,,,,1,2,1,1,1
201500007041,0015-04-06 21:15:00,15,4,6,21,15,890,126,,48.11889,3.09413,Nuit sans éclairage public,Hors agglomération,Hors intersection,Normale,Sans collision,,,,,,,,,,,3,1,1,1,7
201500007042,0015-04-09 08:45:00,15,4,9,8,45,890,450,,48.22464,3.15642,Plein jour,Hors agglomération,Intersection en X,Normale,Deux véhicules - côté,,,,,,,,,,,1,1,2,1,3
201500007043,0015-07-11 22:00:00,15,7,11,22,0,890,54,,48.22771,3.12671,Crépuscule ou aube,Hors agglomération,Hors intersection,Normale,Sans collision,,,,,,,,,,,2,1,1,1,7
201500007044,0015-12-31 17:45:00,15,12,31,17,45,890,180,,,,Crépuscule ou aube,Hors agglomération,Hors intersection,Normale,Sans collision,,,,,,,,,,,2,1,1,1,7
201500007045,0015-02-21 22:30:00,15,2,21,22,30,890,464,,48.09916,3.28985,Nuit sans éclairage public,Hors agglomération,Hors intersection,Normale,Autre collision,,,,,,,,,,,3,1,1,1,6
201500007046,0015-03-21 16:15:00,15,3,21,16,15,890,60,,48.06808,3.26339,Plein jour,Hors agglomération,Hors intersection,Normale,Autre collision,,,,,,,,,,,1,1,1,1,6
201500007047,0015-04-01 16:45:00,15,4,1,16,45,890,464,Faubourg de l'espérance,48.07983,3.29919,Plein jour,En agglomération,Hors intersection,Normale,Deux véhicules - frontale,,,,,,,,,,,1,2,1,1,1
201500007048,0015-04-30 14:15:00,15,4,30,14,15,890,388,,47.93249,3.21525,Plein jour,Hors agglomération,Hors intersection,Pluie légère,Deux véhicules - frontale,,,,,,,,,,,1,1,1,2,1
201500007049,0015-05-23 15:45:00,15,5,23,15,45,890,298,,48.05768,3.1312,Plein jour,Hors agglomération,Hors intersection,Normale,Deux véhicules - côté,,,,,,,,,,,1,1,1,1,3
201500007050,0015-05-29 11:00:00,15,5,29,11,0,890,51,,48.11031,3.36106,Plein jour,Hors agglomération,Hors intersection,Normale,Deux véhicules - frontale,,,,,,,,,,,1,1,1,1,1
201500007051,0015-06-21 00:30:00,15,6,21,0,30,890,94,rue étienne crozier,48.08865,3.23124,Nuit sans éclairage public,En agglomération,Hors intersection,Normale,Autre collision,,,,,,,,,,,3,2,1,1,6
201500007052,0015-07-03 16:45:00,15,7,3,16,45,890,464,,48.06668,3.29093,Plein jour,Hors agglomération,Hors intersection,Normale,Deux véhicules - arrière,,,,,,,,,,,1,1,1,1,2
201500007053,0015-07-12 11:00:00,15,7,12,11,0,890,464,faubourg saint laurent,48.08322,3.28889,Plein jour,En agglomération,Hors intersection,Normale,Autre collision,,,,,,,,,,,1,2,1,1,6
201500007054,0015-07-16 16:30:00,15,7,16,16,30,890,327,,48.09631,3.28045,Plein jour,Hors agglomération,Hors intersection,Normale,Trois véhicules et plus - collisions multiples,,,,,,,,,,,1,1,1,1,5
201500007055,0015-08-29 20:00:00,15,8,29,20,0,890,348,RUE DES HUGUENOTS,48.02999,3.29706,Crépuscule ou aube,En agglomération,Hors intersection,Normale,Autre collision,,,,,,,,,,,2,2,1,1,6
201500007056,0015-09-06 07:00:00,15,9,6,7,0,890,464,D272,48.08968,3.28664,Crépuscule ou aube,En agglomération,Hors intersection,Normale,Deux véhicules - côté,,,,,,,,,,,2,2,1,1,3
201500007057,0015-09-21 21:45:00,15,9,21,21,45,890,63,,47.98386,3.27524,Nuit sans éclairage public,Hors agglomération,Hors intersection,Normale,Autre collision,,,,,,,,,,,3,1,1,1,6
201500007058,0015-04-19 03:45:00,15,4,19,3,45,890,17,37 GRANDE RUE,47.75677,4.10842,Nuit sans éclairage public,En agglomération,Hors intersection,Normale,Autre collision,,,,,,,,,,,3,2,1,1,6
201500007059,0015-01-16 17:15:00,15,1,16,17,15,250,112,voie des marni?res,,,Nuit sans éclairage public,En agglomération,Hors intersection,Pluie forte,Autre collision,,,,,,,,,,,3,2,1,3,6
201500007060,0015-02-14 11:45:00,15,2,14,11,45,250,56,"56, rue Mirabeau",,,Plein jour,En agglomération,Hors intersection,Normale,Autre collision,,,,,,,,,,,1,2,1,1,6
201500007061,0015-03-28 02:15:00,15,3,28,2,15,250,417,57 grande rue,47.217,6.239,Nuit avec éclairage allumé,En agglomération,Hors intersection,Normale,Autre collision,,,,,,,,,,,5,2,1,1,6
201500007062,0015-07-09 07:30:00,15,7,9,7,30,250,245,Lieu dit Les Rochets,47.189,6.059,Plein jour,En agglomération,Hors intersection,Temps éblouissant,Deux véhicules - frontale,,,,,,,,,,,1,2,1,7,1
201500007063,0015-08-30 21:45:00,15,8,30,21,45,250,410,,47.228,6.078,Nuit sans éclairage public,Hors agglomération,Hors intersection,Normale,Deux véhicules - frontale,,,,,,,,,,,3,1,1,1,1
201500007064,0015-10-24 09:00:00,15,10,24,9,0,250,27,,47.18252,6.00555,Plein jour,Hors agglomération,Hors intersection,Normale,Autre collision,,,,,,,,,,,1,1,1,1,6
201500007065,0015-11-11 17:15:00,15,11,11,17,15,250,78,,47.24667,6.25989,Plein jour,Hors agglomération,Hors intersection,Normale,Deux véhicules - frontale,,,,,,,,,,,1,1,1,1,1
201500007066,0015-01-13 18:30:00,15,1,13,18,30,250,558,ROUTE DE BESANCON,,,Nuit avec éclairage allumé,En agglomération,Hors intersection,Normale,Deux véhicules - côté,,,,,,,,,,,5,2,1,1,3
201500007067,0015-05-26 10:15:00,15,5,26,10,15,250,199,,47.002,6.07,Plein jour,Hors agglomération,Hors intersection,Brouillard / fumée,Autre collision,,,,,,,,,,,1,1,1,5,6
201500007068,0015-07-31 11:15:00,15,7,31,11,15,250,630,chemin des portes,47.101,6.251,Plein jour,En agglomération,Hors intersection,Normale,Deux véhicules - côté,,,,,,,,,,,1,2,1,1,3
201500007069,0015-08-07 14:15:00,15,8,7,14,15,250,535,,,,Plein jour,Hors agglomération,Hors intersection,Normale,Deux véhicules - côté,,,,,,,,,,,1,1,1,1,3
201500007070,0015-11-12 15:30:00,15,11,12,15,30,250,558,,47.171,6.112,Plein jour,Hors agglomération,Hors intersection,Normale,Deux véhicules - frontale,,,,,,,,,,,1,1,1,1,1
201500007071,0015-11-18 17:45:00,15,11,18,17,45,250,15,grande rue,47.03769,6.07126,Nuit avec éclairage allumé,En agglomération,Hors intersection,Normale,Autre collision,,,,,,,,,,,5,2,1,1,6
201500007072,0015-03-02 15:15:00,15,3,2,15,15,250,287,route de Besan?on,,,Plein jour,En agglomération,Hors intersection,Normale,Deux véhicules - côté,,,,,,,,,,,1,2,1,1,3
201500007073,0015-03-15 12:00:00,15,3,15,12,0,250,154,,47.111,5.894,Plein jour,Hors agglomération,Hors intersection,Normale,Deux véhicules - frontale,,,,,,,,,,,1,1,1,1,1
201500007074,0015-03-26 07:45:00,15,3,26,7,45,250,149,,47.138,5.923,Plein jour,Hors agglomération,Hors intersection,Normale,Autre collision,,,,,,,,,,,1,1,1,1,6
201500007075,0015-04-03 07:00:00,15,4,3,7,0,250,527,,47.193,5.833,Crépuscule ou aube,Hors agglomération,Hors intersection,Brouillard / fumée,Trois véhicules et plus - collisions multiples,,,,,,,,,,,2,1,1,5,5
201500007076,0015-05-07 15:30:00,15,5,7,15,30,250,287,,47.196,5.895,Plein jour,Hors agglomération,Hors intersection,Normale,Sans collision,,,,,,,,,,,1,1,1,1,7
201500007077,0015-05-24 06:15:00,15,5,24,6,15,250,488,,47.016,5.854,Crépuscule ou aube,Hors agglomération,Hors intersection,Normale,Autre collision,,,,,,,,,,,2,1,1,1,6
201500007078,0015-06-13 21:15:00,15,6,13,21,15,250,502,13 rue du bas des Hous,,,Plein jour,En agglomération,Hors intersection,Normale,Autre collision,,,,,,,,,,,1,2,1,1,6
201500007079,0015-07-02 22:45:00,15,7,2,22,45,250,21,,,,Nuit avec éclairage allumé,En agglomération,Hors intersection,Normale,Deux véhicules - arrière,,,,,,,,,,,5,2,1,1,2
201500007080,0015-07-07 07:45:00,15,7,7,7,45,250,154,rue charles prillard,47.111,5.889,Plein jour,En agglomération,Hors intersection,Temps éblouissant,Deux véhicules - frontale,,,,,,,,,,,1,2,1,7,1
201500007081,0015-08-15 11:45:00,15,8,15,11,45,250,527,,,,Plein jour,Hors agglomération,Hors intersection,Pluie légère,Autre collision,,,,,,,,,,,1,1,1,2,6
201500007082,0015-09-11 07:00:00,15,9,11,7,0,250,2,,47.122,5.881,Crépuscule ou aube,Hors agglomération,Hors intersection,Normale,Autre collision,,,,,,,,,,,2,1,1,1,6
201500007083,0015-12-23 03:45:00,15,12,23,3,45,250,84,,47.15535,5.90117,Nuit sans éclairage public,En agglomération,Hors intersection,Normale,Sans collision,,,,,,,,,,,3,2,1,1,7
201500007084,0015-02-24 15:45:00,15,2,24,15,45,250,428,RD 437,,,Plein jour,En agglomération,Hors intersection,Normale,Deux véhicules - côté,,,,,,,,,,,1,2,1,1,3
201500007085,0015-03-15 19:00:00,15,3,15,19,0,250,207,,,,Nuit sans éclairage public,Hors agglomération,Hors intersection,Normale,Deux véhicules - côté,,,,,,,,,,,3,1,1,1,3
201500007086,0015-04-02 18:00:00,15,4,2,18,0,250,350,,47.459,6.681,Plein jour,Hors agglomération,Hors intersection,Pluie forte,Deux véhicules - côté,,,,,,,,,,,1,1,1,3,3
201500007087,0015-04-25 16:00:00,15,4,25,16,0,250,632,rue du pont,,,Plein jour,En agglomération,Passage à niveau,Pluie légère,Deux véhicules - frontale,,,,,,,,,,,1,2,8,2,1
201500007088,0015-05-09 11:45:00,15,5,9,11,45,250,632,,,,Plein jour,Hors agglomération,Hors intersection,Temps couvert,Sans collision,,,,,,,,,,,1,1,1,8,7
201500007089,0015-07-30 21:30:00,15,7,30,21,30,250,608,,,,Crépuscule ou aube,Hors agglomération,Autre intersection,Normale,Sans collision,,,,,,,,,,,2,1,9,1,7
201500007090,0015-12-02 18:45:00,15,12,2,18,45,250,43,,47.48633,6.77307,Nuit sans éclairage public,Hors agglomération,Hors intersection,Normale,Trois véhicules et plus - collisions multiples,,,,,,,,,,,3,1,1,1,5
201500007091,0015-12-28 18:15:00,15,12,28,18,15,250,469,,,,Nuit sans éclairage public,Hors agglomération,Hors intersection,Autre,Deux véhicules - côté,,,,,,,,,,,3,1,1,9,3
201500007092,0015-02-10 13:15:00,15,2,10,13,15,250,228,rue oehmichem,47.518,6.87,Plein jour,En agglomération,Hors intersection,Normale,Deux véhicules - frontale,,,,,,,,,,,1,2,1,1,1
201500007093,0015-04-10 16:45:00,15,4,10,16,45,250,228,,47.512,6.864,Plein jour,Hors agglomération,Intersection en T,Normale,Deux véhicules - côté,,,,,,,,,,,1,1,3,1,3
201500007094,0015-05-24 20:00:00,15,5,24,20,0,250,196,rue de dampierre,47.484,6.895,Plein jour,En agglomération,Hors intersection,Normale,Deux véhicules - frontale,,,,,,,,,,,1,2,1,1,1
201500007095,0015-05-31 05:15:00,15,5,31,5,15,250,71,,47.444,6.845,Crépuscule ou aube,Hors agglomération,Hors intersection,Normale,Autre collision,,,,,,,,,,,2,1,1,1,6
201500007096,0015-09-20 12:30:00,15,9,20,12,30,250,196,,,,Plein jour,Hors agglomération,Hors intersection,Pluie forte,Autre collision,,,,,,,,,,,1,1,1,3,6
201500007097,0015-10-03 14:00:00,15,10,3,14,0,250,196,,47.489,6.9,Plein jour,Hors agglomération,Hors intersection,Normale,Deux véhicules - côté,,,,,,,,,,,1,1,1,1,3
201500007098,0015-11-05 19:30:00,15,11,5,19,30,250,190,,47.51,6.914,Nuit avec éclairage allumé,En agglomération,Hors intersection,Normale,Deux véhicules - côté,,,,,,,,,,,5,2,1,1,3
201500007099,0015-01-17 20:45:00,15,1,17,20,45,250,193,,47.229,6.865,Nuit avec éclairage allumé,Hors agglomération,Hors intersection,Autre,Deux véhicules - frontale,,,,,,,,,,,5,1,1,9,1
201500007100,0015-05-07 18:45:00,15,5,7,18,45,250,356,,47.263,6.803,Plein jour,Hors agglomération,Hors intersection,Normale,Autre collision,,,,,,,,,,,1,1,1,1,6
201500007101,0015-05-16 14:15:00,15,5,16,14,15,250,588,,,,Plein jour,Hors agglomération,Hors intersection,Normale,Sans collision,,,,,,,,,,,1,1,1,1,7
201500007102,0015-05-24 12:00:00,15,5,24,12,0,250,238,,,,Plein jour,Hors agglomération,Hors intersection,Normale,Deux véhicules - frontale,,,,,,,,,,,1,1,1,1,1
201500007103,0015-06-03 09:45:00,15,6,3,9,45,250,356,rue du Général de Gaulle,,,Plein jour,En agglomération,Hors intersection,Normale,Autre collision,,,,,,,,,,,1,2,1,1,6
201500007104,0015-07-06 17:45:00,15,7,6,17,45,250,193,,47.23,6.866,Plein jour,Hors agglomération,Hors intersection,Normale,Sans collision,,,,,,,,,,,1,1,1,1,7
201500007105,0015-08-10 17:15:00,15,8,10,17,15,250,255,8 Rue Ulysse Robert,47.16791,6.82782,Plein jour,En agglomération,Hors intersection,Temps couvert,Deux véhicules - frontale,,,,,,,,,,,1,2,1,8,1
201500007106,0015-09-11 02:30:00,15,9,11,2,30,250,571,,,,Nuit sans éclairage public,Hors agglomération,Hors intersection,Normale,Sans collision,,,,,,,,,,,3,1,1,1,7
201500007107,0015-11-14 15:30:00,15,11,14,15,30,250,91,,47.27478,6.81551,Plein jour,Hors agglomération,Hors intersection,Normale,Deux véhicules - côté,,,,,,,,,,,1,1,1,1,3
201500007108,0015-12-05 10:45:00,15,12,5,10,45,250,356,35 rue du gal de gaulle,47.25319,6.80162,Plein jour,En agglomération,Hors intersection,Normale,Autre collision,,,,,,,,,,,1,2,1,1,6
201500007109,0015-02-23 15:30:00,15,2,23,15,30,250,519,,,,Plein jour,Hors agglomération,Hors intersection,Pluie légère,Deux véhicules - frontale,,,,,,,,,,,1,1,1,2,1
201500007110,0015-03-16 07:00:00,15,3,16,7,0,250,370,,,,Crépuscule ou aube,Hors agglomération,Hors intersection,Normale,Sans collision,,,,,,,,,,,2,1,1,1,7
201500007111,0015-03-19 10:15:00,15,3,19,10,15,250,463,16 rue de montbeliard,,,Plein jour,En agglomération,Hors intersection,Normale,Autre collision,,,,,,,,,,,1,2,1,1,6
201500007112,0015-03-23 15:00:00,15,3,23,15,0,250,519,,,,Plein jour,Hors agglomération,Hors intersection,Normale,Autre collision,,,,,,,,,,,1,1,1,1,6