accident_id,datetime,annee,mois,jour,heure,minute,departement,commune_insee,adresse,latitude,longitude,luminosite,agglomeration,intersection,meteo,collision,nb_vehicules,nb_usagers,nb_indemnes,nb_tues,nb_blesses_hosp,nb_blesses_legers,age_cond_1,age_cond_2,veh_type_cond_1,veh_type_cond_2,lum_code,agg_code,int_code,atm_code,col_code
201500007113,0015-04-04 16:45:00,15,4,4,16,45,250,519,,,,Plein jour,Hors agglomération,Hors intersection,Pluie forte,Sans collision,,,,,,,,,,,1,1,1,3,7
201500007114,0015-07-19 21:45:00,15,7,19,21,45,250,370,,,,Plein jour,Hors agglomération,Hors intersection,Normale,Trois véhicules et plus - collisions multiples,,,,,,,,,,,1,1,1,1,5
201500007115,0015-07-31 14:15:00,15,7,31,14,15,250,387,,,,Plein jour,Hors agglomération,Hors intersection,Normale,Deux véhicules - côté,,,,,,,,,,,1,1,1,1,3
201500007116,0015-08-02 17:30:00,15,8,2,17,30,250,463,,,,Plein jour,Hors agglomération,Hors intersection,Normale,Trois véhicules et plus - en chaîne,,,,,,,,,,,1,1,1,1,4
201500007117,0015-01-14 17:30:00,15,1,14,17,30,250,411,AVENUE CHARLES DE GAULLE,47.055,6.601,Crépuscule ou aube,En agglomération,Hors intersection,Pluie légère,Autre collision,,,,,,,,,,,2,2,1,2,6
201500007118,0015-03-29 21:00:00,15,3,29,21,0,250,181,RD 50,,,Nuit sans éclairage public,En agglomération,Hors intersection,Pluie forte,Deux véhicules - côté,,,,,,,,,,,3,2,1,3,3
201500007119,0015-04-22 11:45:00,15,4,22,11,45,250,32,,,,Plein jour,Hors agglomération,Hors intersection,Normale,Deux véhicules - arrière,,,,,,,,,,,1,1,1,1,2
201500007120,0015-04-27 01:15:00,15,4,27,1,15,250,313,,,,Nuit sans éclairage public,Hors agglomération,Hors intersection,Pluie forte,Autre collision,,,,,,,,,,,3,1,1,3,6
201500007121,0015-04-30 13:30:00,15,4,30,13,30,250,47,,,,Plein jour,Hors agglomération,Hors intersection,Normale,Deux véhicules - côté,,,,,,,,,,,1,1,1,1,3
201500007122,0015-05-29 18:00:00,15,5,29,18,0,250,47,,,,Plein jour,Hors agglomération,Hors intersection,Normale,Deux véhicules - frontale,,,,,,,,,,,1,1,1,1,1
201500007123,0015-06-14 18:15:00,15,6,14,18,15,250,574,,47.472,6.434,Plein jour,Hors agglomération,Hors intersection,Normale,Deux véhicules - frontale,,,,,,,,,,,1,1,1,1,1
201500007124,0015-06-14 09:00:00,15,6,14,9,0,250,590,,47.289,6.436,Plein jour,Hors agglomération,Hors intersection,Normale,Sans collision,,,,,,,,,,,1,1,1,1,7
201500007125,0015-08-08 15:45:00,15,8,8,15,45,250,492,,,,Plein jour,Hors agglomération,Hors intersection,Normale,Autre collision,,,,,,,,,,,1,1,1,1,6
201500007126,0015-12-31 20:10:00,15,12,31,20,10,250,47,,47.345,6.38,Nuit sans éclairage public,Hors agglomération,Hors intersection,Pluie légère,Sans collision,,,,,,,,,,,3,1,1,2,7
201500007127,0015-01-06 18:15:00,15,1,6,18,15,250,372,,47.459,6.599,Nuit sans éclairage public,Hors agglomération,Hors intersection,Normale,Deux véhicules - côté,,,,,,,,,,,3,1,1,1,3
201500007128,0015-02-14 10:15:00,15,2,14,10,15,250,595,,47.342,6.601,Plein jour,Hors agglomération,Hors intersection,Temps éblouissant,Deux véhicules - frontale,,,,,,,,,,,1,1,1,7,1
201500007129,0015-03-25 21:30:00,15,3,25,21,30,250,315,Rue quai de la saline,47.453,6.586,Nuit avec éclairage allumé,En agglomération,Hors intersection,Pluie légère,Deux véhicules - frontale,,,,,,,,,,,5,2,1,2,1
201500007130,0015-08-14 19:00:00,15,8,14,19,0,250,83,,47.5,6.496,Plein jour,Hors agglomération,Hors intersection,Temps couvert,Deux véhicules - frontale,,,,,,,,,,,1,1,1,8,1
201500007131,0015-09-15 19:30:00,15,9,15,19,30,250,530,,47.303,6.612,Crépuscule ou aube,Hors agglomération,Hors intersection,Temps couvert,Autre collision,,,,,,,,,,,2,1,1,8,6
201500007132,0015-10-04 04:45:00,15,10,4,4,45,250,232,,47.489,6.62,Nuit sans éclairage public,Hors agglomération,Hors intersection,Autre,Autre collision,,,,,,,,,,,3,1,1,9,6
201500007133,0015-11-09 08:00:00,15,11,9,8,0,250,246,,47.419,6.475,Plein jour,Hors agglomération,Hors intersection,Normale,Autre collision,,,,,,,,,,,1,1,1,1,6
201500007134,0015-11-12 22:30:00,15,11,12,22,30,250,19,grande rue,47.449,6.568,Nuit sans éclairage public,En agglomération,Autre intersection,Brouillard / fumée,Sans collision,,,,,,,,,,,3,2,9,5,7
201500007135,0015-12-11 19:15:00,15,12,11,19,15,250,394,Rue de Lougres,47.48576,6.66719,Nuit avec éclairage allumé,En agglomération,Hors intersection,Normale,Deux véhicules - côté,,,,,,,,,,,5,2,1,1,3
201500007136,0015-07-11 19:00:00,15,7,11,19,0,250,163,,,,Plein jour,Hors agglomération,Hors intersection,Normale,Deux véhicules - frontale,,,,,,,,,,,1,1,1,1,1
201500007137,0015-12-22 18:15:00,15,12,22,18,15,250,508,,47.31898,6.24648,Nuit sans éclairage public,Hors agglomération,Hors intersection,Autre,Deux véhicules - côté,,,,,,,,,,,3,1,1,9,3
201500007138,0015-01-05 05:00:00,15,1,5,5,0,250,262,,,,Nuit sans éclairage public,Hors agglomération,Hors intersection,Autre,Trois véhicules et plus - collisions multiples,,,,,,,,,,,3,1,1,9,5
201500007139,0015-01-11 03:45:00,15,1,11,3,45,250,453,,,,Nuit sans éclairage public,Hors agglomération,Hors intersection,Pluie forte,Autre collision,,,,,,,,,,,3,1,1,3,6
201500007140,0015-03-25 18:15:00,15,3,25,18,15,250,222,,47.149,6.27,Nuit sans éclairage public,Hors agglomération,Hors intersection,Pluie légère,Deux véhicules - côté,,,,,,,,,,,3,1,1,2,3
201500007141,0015-04-16 13:30:00,15,4,16,13,30,250,578,11 grande rue,47.1488,6.33527,Plein jour,En agglomération,Hors intersection,Normale,Autre collision,,,,,,,,,,,1,2,1,1,6
201500007142,0015-07-14 02:15:00,15,7,14,2,15,250,453,,,,Nuit sans éclairage public,Hors agglomération,Hors intersection,Normale,Sans collision,,,,,,,,,,,3,1,1,1,7
201500007143,0015-12-04 20:45:00,15,12,4,20,45,250,432,,47.13249,6.5373,Nuit sans éclairage public,Hors agglomération,Hors intersection,Normale,Deux véhicules - frontale,,,,,,,,,,,3,1,1,1,1
201500007144,0015-12-08 15:45:00,15,12,8,15,45,250,262,,47.13395,6.58515,Plein jour,Hors agglomération,Hors intersection,Normale,Deux véhicules - frontale,,,,,,,,,,,1,1,1,1,1
201500007145,0015-04-09 12:15:00,15,4,9,12,15,250,157,,,,Plein jour,Hors agglomération,Hors intersection,Normale,Trois véhicules et plus - collisions multiples,,,,,,,,,,,1,1,1,1,5
201500007146,0015-04-21 15:45:00,15,4,21,15,45,250,462,,,,Plein jour,Hors agglomération,Hors intersection,Normale,Deux véhicules - frontale,,,,,,,,,,,1,1,1,1,1
201500007147,0015-04-27 13:15:00,15,4,27,13,15,250,334,,,,Plein jour,Hors agglomération,Hors intersection,Pluie légère,Deux véhicules - frontale,,,,,,,,,,,1,1,1,2,1
201500007148,0015-07-11 20:30:00,15,7,11,20,30,250,334,,,,Plein jour,Hors agglomération,Hors intersection,Normale,Autre collision,,,,,,,,,,,1,1,1,1,6
201500007149,0015-02-06 12:45:00,15,2,6,12,45,250,131,,,,Plein jour,Hors agglomération,Hors intersection,Vent fort / tempête,Deux véhicules - arrière,,,,,,,,,,,1,1,1,6,2
201500007150,0015-02-21 13:30:00,15,2,21,13,30,250,405,,,,Plein jour,Hors agglomération,Hors intersection,Temps couvert,Deux véhicules - côté,,,,,,,,,,,1,1,1,8,3
201500007151,0015-02-27 00:01:00,15,2,27,0,1,250,318,,,,Nuit sans éclairage public,Hors agglomération,Hors intersection,Normale,Autre collision,,,,,,,,,,,3,1,1,1,6
201500007152,0015-03-23 18:15:00,15,3,23,18,15,250,320,14 grande rue,46.78,6.285,Plein jour,En agglomération,Intersection en X,Normale,Deux véhicules - frontale,,,,,,,,,,,1,2,2,1,1
201500007153,0015-04-08 15:30:00,15,4,8,15,30,250,318,30 rue jules césar,,,Plein jour,En agglomération,Hors intersection,Normale,Autre collision,,,,,,,,,,,1,2,1,1,6
201500007154,0015-05-10 08:30:00,15,5,10,8,30,250,494,rue du haut fourneau,46.749,6.298,Plein jour,En agglomération,Hors intersection,Normale,Deux véhicules - frontale,,,,,,,,,,,1,2,1,1,1
201500007155,0015-07-11 17:45:00,15,7,11,17,45,250,96,,46.756,6.255,Plein jour,Hors agglomération,Hors intersection,Normale,Sans collision,,,,,,,,,,,1,1,1,1,7
201500007156,0015-07-17 06:45:00,15,7,17,6,45,250,320,,46.803,6.274,Plein jour,Hors agglomération,Hors intersection,Normale,Deux véhicules - frontale,,,,,,,,,,,1,1,1,1,1
201500007157,0015-07-18 15:30:00,15,7,18,15,30,250,362,170 rue princiaple,46.82801,6.29081,Plein jour,En agglomération,Hors intersection,Normale,Deux véhicules - côté,,,,,,,,,,,1,2,1,1,3
201500007158,0015-09-02 13:00:00,15,9,2,13,0,250,320,,46.792,6.279,Plein jour,Hors agglomération,Hors intersection,Normale,Deux véhicules - côté,,,,,,,,,,,1,1,1,1,3
201500007159,0015-11-14 16:45:00,15,11,14,16,45,250,380,RUE DU VILLAGE,46.781,6.374,Plein jour,En agglomération,Hors intersection,Normale,Autre collision,,,,,,,,,,,1,2,1,1,6
201500007160,0015-03-18 14:30:00,15,3,18,14,30,250,522,rue principale,47.217,6.717,Plein jour,En agglomération,Hors intersection,Normale,Deux véhicules - frontale,,,,,,,,,,,1,2,1,1,1
201500007161,0015-04-21 06:15:00,15,4,21,6,15,250,321,,,,Plein jour,Hors agglomération,Autre intersection,Normale,Deux véhicules - côté,,,,,,,,,,,1,1,9,1,3
201500007162,0015-06-06 14:30:00,15,6,6,14,30,250,160,LIEUX DIT REMONOT CD 437,,,Plein jour,En agglomération,Hors intersection,Normale,Deux véhicules - frontale,,,,,,,,,,,1,2,1,1,1
201500007163,0015-06-27 18:00:00,15,6,27,18,0,250,411,,,,Plein jour,En agglomération,Hors intersection,Normale,Deux véhicules - côté,,,,,,,,,,,1,2,1,1,3
201500007164,0015-06-30 16:30:00,15,6,30,16,30,250,403,rue de Chinard,,,Plein jour,En agglomération,Hors intersection,Normale,Sans collision,,,,,,,,,,,1,2,1,1,7
201500007165,0015-07-17 17:45:00,15,7,17,17,45,250,160,,47.034,6.543,Plein jour,Hors agglomération,Hors intersection,Normale,Deux véhicules - côté,,,,,,,,,,,1,1,1,1,3
201500007166,0015-08-10 08:45:00,15,8,10,8,45,250,411,,,,Plein jour,Hors agglomération,Hors intersection,Pluie légère,Deux véhicules - frontale,,,,,,,,,,,1,1,1,2,1
201500007167,0015-08-23 05:15:00,15,8,23,5,15,250,389,,,,Plein jour,Hors agglomération,Hors intersection,Normale,Autre collision,,,,,,,,,,,1,1,1,1,6
201500007168,0015-09-16 18:15:00,15,9,16,18,15,250,248,Rue des fruitières,,,Plein jour,En agglomération,Hors intersection,Normale,Deux véhicules - côté,,,,,,,,,,,1,2,1,1,3
201500007169,0015-10-08 19:45:00,15,10,8,19,45,250,271,,,,Nuit sans éclairage public,Hors agglomération,Hors intersection,Normale,Deux véhicules - frontale,,,,,,,,,,,3,1,1,1,1
201500007170,0015-10-24 23:15:00,15,10,24,23,15,250,512,4 et 7 rue clemenceau,47.157,6.726,Nuit avec éclairage allumé,En agglomération,Hors intersection,Normale,Deux véhicules - côté,,,,,,,,,,,5,2,1,1,3
201500007171,0015-12-27 05:30:00,15,12,27,5,30,250,62,,,,Nuit sans éclairage public,Hors agglomération,Hors intersection,Normale,Sans collision,,,,,,,,,,,3,1,1,1,7
201500007172,0015-02-11 11:40:00,15,2,11,11,40,40,70,"19, ST J CHRYSOSTOME (BD",44.09658,6.2398,Plein jour,En agglomération,Hors intersection,Normale,Autre collision,,,,,,,,,,,1,2,1,1,6
201500007173,0015-03-06 06:50:00,15,3,6,6,50,40,70,"8, EVECHE (PL. DE)",44.09277,6.23793,Crépuscule ou aube,En agglomération,Hors intersection,Normale,Autre collision,,,,,,,,,,,2,2,1,1,6
201500007174,0015-02-21 07:10:00,15,2,21,7,10,40,70,"4, TAMPINET (RUE DU )",44.0912,6.2314,Nuit avec éclairage allumé,En agglomération,Hors intersection,Pluie légère,Autre collision,,,,,,,,,,,5,2,1,2,6
201500007175,0015-05-15 18:40:00,15,5,15,18,40,40,70,", FRERES MAHOUDEAUX",44.1073,6.23036,Plein jour,En agglomération,Intersection en T,Normale,Autre collision,,,,,,,,,,,1,2,3,1,6
201500007176,0015-06-02 10:20:00,15,6,2,10,20,40,70,"8, RUE DU SOUVENIR FRANC",44.09724,6.24324,Plein jour,En agglomération,Hors intersection,Normale,Autre collision,,,,,,,,,,,1,2,1,1,6
201500007177,0015-07-07 19:05:00,15,7,7,19,5,40,70,"7, MARCHE (PL. DU)",44.09228,6.23657,Plein jour,En agglomération,Hors intersection,Normale,Deux véhicules - côté,,,,,,,,,,,1,2,1,1,3
201500007178,0015-08-09 11:00:00,15,8,9,11,0,40,70,Route de Nice,44.07703,6.20967,Plein jour,En agglomération,Hors intersection,Normale,Deux véhicules - frontale,,,,,,,,,,,1,2,1,1,1
201500007179,0015-09-23 13:10:00,15,9,23,13,10,40,70,"21, HUGO (BD..V)",44.095,6.23546,Plein jour,En agglomération,Intersection en T,Normale,Deux véhicules - arrière,,,,,,,,,,,1,2,3,1,2
201500007180,0015-09-30 09:40:00,15,9,30,9,40,40,70,GAMBETTA (BD),44.0907,6.23088,Plein jour,En agglomération,Hors intersection,Normale,Autre collision,,,,,,,,,,,1,2,1,1,6
201500007181,0015-11-16 17:50:00,15,11,16,17,50,40,70,DEMONTZEY (AV.),44.09564,6.23026,Nuit avec éclairage allumé,En agglomération,Hors intersection,Normale,Autre collision,,,,,,,,,,,5,2,1,1,6
201500007182,0015-11-16 18:18:00,15,11,16,18,18,40,70,MUTUALITE (rue de la),44.0949,6.2395,Nuit avec éclairage allumé,En agglomération,Hors intersection,Normale,Autre collision,,,,,,,,,,,5,2,1,1,6
201500007183,0015-11-28 13:00:00,15,11,28,13,0,40,70,", BARLES (ROUTE DE)",44.12096,6.234,Plein jour,Hors agglomération,Hors intersection,Normale,Deux véhicules - arrière,,,,,,,,,,,1,1,1,1,2
201500007184,0015-12-15 17:05:00,15,12,15,17,5,40,70,DEMONTZEY (AV.),44.09191,6.23102,Crépuscule ou aube,En agglomération,Hors intersection,Normale,Autre collision,,,,,,,,,,,2,2,1,1,6
201500007185,0015-12-24 12:05:00,15,12,24,12,5,40,70,"32, GASSENDI (BD)",44.09205,6.23366,Plein jour,En agglomération,Hors intersection,Normale,Autre collision,,,,,,,,,,,1,2,1,1,6
201500007186,0015-03-04 16:45:00,15,3,4,16,45,390,306,Rue du Jura,,,Plein jour,En agglomération,Hors intersection,Normale,Trois véhicules et plus - collisions multiples,,,,,,,,,,,1,2,1,1,5
201500007187,0015-03-07 07:15:00,15,3,7,7,15,390,171,,,,Crépuscule ou aube,Hors agglomération,Hors intersection,Normale,Sans collision,,,,,,,,,,,2,1,1,1,7
201500007188,0015-08-26 09:00:00,15,8,26,9,0,390,61,,,,Plein jour,Hors agglomération,Hors intersection,Normale,Deux véhicules - côté,,,,,,,,,,,1,1,1,1,3
201500007189,0015-09-18 08:45:00,15,9,18,8,45,390,61,,,,Plein jour,Hors agglomération,Hors intersection,Temps couvert,Autre collision,,,,,,,,,,,1,1,1,8,6
201500007190,0015-10-13 17:00:00,15,10,13,17,0,390,164,16 rue neuve,,,Plein jour,En agglomération,Hors intersection,Normale,Autre collision,,,,,,,,,,,1,2,1,1,6
201500007191,0015-03-22 18:15:00,15,3,22,18,15,390,397,Route des lacs,,,Plein jour,En agglomération,Hors intersection,Normale,Autre collision,,,,,,,,,,,1,2,1,1,6
201500007192,0015-04-21 07:00:00,15,4,21,7,0,390,253,,,,Plein jour,Hors agglomération,Hors intersection,Normale,Autre collision,,,,,,,,,,,1,1,1,1,6
201500007193,0015-06-03 18:15:00,15,6,3,18,15,390,45,,,,Plein jour,Hors agglomération,Intersection en Y,Temps éblouissant,Deux véhicules - frontale,,,,,,,,,,,1,1,4,7,1
201500007194,0015-10-24 10:45:00,15,10,24,10,45,390,397,5 B pl. colonel Varrroz,,,Plein jour,En agglomération,Place,Normale,Autre collision,,,,,,,,,,,1,2,7,1,6
201500007195,0015-03-03 08:15:00,15,3,3,8,15,390,199,,,,Plein jour,Hors agglomération,Hors intersection,Normale,Autre collision,,,,,,,,,,,1,1,1,1,6
201500007196,0015-05-10 04:30:00,15,5,10,4,30,390,456,15 grande rue,,,Nuit avec éclairage allumé,En agglomération,Hors intersection,Normale,Autre collision,,,,,,,,,,,5,2,1,1,6
201500007197,0015-05-11 10:15:00,15,5,11,10,15,390,279,,,,Plein jour,Hors agglomération,Hors intersection,Normale,Deux véhicules - côté,,,,,,,,,,,1,1,1,1,3
201500007198,0015-05-27 20:45:00,15,5,27,20,45,390,104,,,,Crépuscule ou aube,Hors agglomération,Intersection en T,Normale,Deux véhicules - côté,,,,,,,,,,,2,1,3,1,3
201500007199,0015-06-03 07:15:00,15,6,3,7,15,390,229,Rue du Champ du Prince,,,Plein jour,Hors agglomération,Hors intersection,Normale,Deux véhicules - frontale,,,,,,,,,,,1,1,1,1,1
201500007200,0015-06-20 17:15:00,15,6,20,17,15,390,482,,,,Plein jour,Hors agglomération,Hors intersection,Normale,Autre collision,,,,,,,,,,,1,1,1,1,6
201500007201,0015-07-04 09:30:00,15,7,4,9,30,390,489,,,,Plein jour,Hors agglomération,Intersection en T,Normale,Deux véhicules - côté,,,,,,,,,,,1,1,3,1,3
201500007202,0015-07-23 19:15:00,15,7,23,19,15,390,574,351 Grande rue,,,Plein jour,En agglomération,Intersection en Y,Normale,Deux véhicules - frontale,,,,,,,,,,,1,2,4,1,1
201500007203,0015-09-02 21:30:00,15,9,2,21,30,390,489,,,,Nuit sans éclairage public,Hors agglomération,Hors intersection,Pluie légère,Deux véhicules - arrière,,,,,,,,,,,3,1,1,2,2
201500007204,0015-10-07 09:30:00,15,10,7,9,30,390,379,,,,Plein jour,Hors agglomération,Hors intersection,Normale,Deux véhicules - arrière,,,,,,,,,,,1,1,1,1,2
201500007205,0015-10-09 20:05:00,15,10,9,20,5,390,191,,,,Nuit sans éclairage public,Hors agglomération,Hors intersection,Normale,Deux véhicules - frontale,,,,,,,,,,,3,1,1,1,1
201500007206,0015-11-14 16:00:00,15,11,14,16,0,390,310,,,,Plein jour,Hors agglomération,Hors intersection,Normale,Autre collision,,,,,,,,,,,1,1,1,1,6
201500007207,0015-12-14 10:15:00,15,12,14,10,15,390,482,,,,Plein jour,Hors agglomération,Hors intersection,Normale,Sans collision,,,,,,,,,,,1,1,1,1,7
201500007208,0015-06-06 17:30:00,15,6,6,17,30,390,35,Chemin de Bel Air,,,Plein jour,Hors agglomération,Hors intersection,Normale,Sans collision,,,,,,,,,,,1,1,1,1,7
201500007209,0015-07-20 17:45:00,15,7,20,17,45,390,395,,,,Plein jour,Hors agglomération,Autre intersection,Normale,Deux véhicules - frontale,,,,,,,,,,,1,1,9,1,1
201500007210,0015-07-31 18:30:00,15,7,31,18,30,390,389,,,,Plein jour,Hors agglomération,Hors intersection,Normale,Sans collision,,,,,,,,,,,1,1,1,1,7
201500007211,0015-10-05 15:30:00,15,10,5,15,30,390,437,rue du vieux pont,,,Plein jour,En agglomération,Hors intersection,Temps couvert,Deux véhicules - frontale,,,,,,,,,,,1,2,1,8,1
201500007212,0015-05-17 15:30:00,15,5,17,15,30,390,227,,,,Plein jour,Hors agglomération,Hors intersection,Normale,Autre collision,,,,,,,,,,,1,1,1,1,6
201500007213,0015-09-19 10:15:00,15,9,19,10,15,390,129,,,,Plein jour,Hors agglomération,Hors intersection,Pluie légère,Deux véhicules - frontale,,,,,,,,,,,1,1,1,2,1
201500007214,0015-11-10 10:45:00,15,11,10,10,45,390,129,,,,Plein jour,Hors agglomération,Hors intersection,Normale,Deux véhicules - frontale,,,,,,,,,,,1,1,1,1,1
201500007215,0015-01-18 02:15:00,15,1,18,2,15,390,434,5 rue travot,46.837,5.71,Nuit avec éclairage allumé,En agglomération,Hors intersection,Normale,Autre collision,,,,,,,,,,,5,2,1,1,6
201500007216,0015-09-19 10:15:00,15,9,19,10,15,390,13,,46.901,5.737,Plein jour,Hors agglomération,Hors intersection,Normale,Sans collision,,,,,,,,,,,1,1,1,1,7
201500007217,0015-10-08 19:45:00,15,10,8,19,45,390,434,10 AVENUE DE LA GARE,46.851,5.701,Nuit avec éclairage allumé,En agglomération,Hors intersection,Normale,Autre collision,,,,,,,,,,,5,2,1,1,6
201500007218,0015-10-09 17:30:00,15,10,9,17,30,390,434,rue Roger Thyrode,46.85,5.696,Plein jour,En agglomération,Hors intersection,Normale,Deux véhicules - côté,,,,,,,,,,,1,2,1,1,3
201500007219,0015-12-02 18:00:00,15,12,2,18,0,390,434,rue roger thirode,46.846,5.695,Nuit avec éclairage allumé,En agglomération,Hors intersection,Normale,Deux véhicules - frontale,,,,,,,,,,,5,2,1,1,1
201500007220,0015-12-15 10:00:00,15,12,15,10,0,390,355,,46.951,5.776,Plein jour,Hors agglomération,Hors intersection,Normale,Sans collision,,,,,,,,,,,1,1,1,1,7
201500007221,0015-01-29 14:00:00,15,1,29,14,0,390,206,route du Val d Amour,,,Plein jour,En agglomération,Intersection en T,Pluie légère,Deux véhicules - côté,,,,,,,,,,,1,2,3,2,3
201500007222,0015-02-22 05:30:00,15,2,22,5,30,390,176,,,,Nuit sans éclairage public,Hors agglomération,Hors intersection,Pluie légère,Autre collision,,,,,,,,,,,3,1,1,2,6
201500007223,0015-04-08 15:45:00,15,4,8,15,45,390,315,,,,Plein jour,Hors agglomération,Hors intersection,Normale,Trois véhicules et plus - collisions multiples,,,,,,,,,,,1,1,1,1,5
201500007224,0015-08-08 11:15:00,15,8,8,11,15,390,500,rue Préval,,,Plein jour,En agglomération,Hors intersection,Pluie forte,Deux véhicules - frontale,,,,,,,,,,,1,2,1,3,1
201500007225,0015-10-02 16:30:00,15,10,2,16,30,390,403,,,,Plein jour,Hors agglomération,Hors intersection,Normale,Deux véhicules - frontale,,,,,,,,,,,1,1,1,1,1
201500007226,0015-10-14 19:45:00,15,10,14,19,45,390,500,29 rue de la République,,,Nuit avec éclairage allumé,En agglomération,Hors intersection,Pluie légère,Autre collision,,,,,,,,,,,5,2,1,2,6
201500007227,0015-10-25 23:00:00,15,10,25,23,0,390,133,,,,Nuit sans éclairage public,Hors agglomération,Hors intersection,Normale,Sans collision,,,,,,,,,,,3,1,1,1,7
201500007228,0015-12-02 17:15:00,15,12,2,17,15,390,370,,,,Nuit avec éclairage allumé,En agglomération,Intersection en X,Normale,Deux véhicules - côté,,,,,,,,,,,5,2,2,1,3
201500007229,0015-01-16 14:30:00,15,1,16,14,30,390,526,,47.061,5.691,Plein jour,Hors agglomération,Hors intersection,Pluie forte,Trois véhicules et plus - collisions multiples,,,,,,,,,,,1,1,1,3,5
201500007230,0015-06-03 17:30:00,15,6,3,17,30,390,526,59 avenue de la paix,,,Plein jour,En agglomération,Hors intersection,Normale,Autre collision,,,,,,,,,,,1,2,1,1,6
201500007231,0015-06-05 06:15:00,15,6,5,6,15,390,526,,,,Plein jour,Hors agglomération,Hors intersection,Normale,Deux véhicules - frontale,,,,,,,,,,,1,1,1,1,1
201500007232,0015-07-07 00:15:00,15,7,7,0,15,390,99,,,,Nuit sans éclairage public,Hors agglomération,Intersection en X,Normale,Deux véhicules - frontale,,,,,,,,,,,3,1,2,1,1
201500007233,0015-10-16 16:45:00,15,10,16,16,45,390,30,,,,Crépuscule ou aube,Hors agglomération,Hors intersection,Temps couvert,Deux véhicules - côté,,,,,,,,,,,2,1,1,8,3
201500007234,0015-02-26 19:15:00,15,2,26,19,15,390,211,18 route des hays,,,Nuit avec éclairage allumé,En agglomération,Hors intersection,Normale,Deux véhicules - frontale,,,,,,,,,,,5,2,1,1,1
201500007235,0015-04-01 18:15:00,15,4,1,18,15,390,448,18 RUE DE LA CHAPELLE,,,Plein jour,En agglomération,Hors intersection,Normale,Deux véhicules - arrière,,,,,,,,,,,1,2,1,1,2
201500007236,0015-11-27 18:15:00,15,11,27,18,15,390,546,,,,Nuit sans éclairage public,Hors agglomération,Intersection en X,Normale,Deux véhicules - côté,,,,,,,,,,,3,1,2,1,3
201500007237,0015-04-18 14:30:00,15,4,18,14,30,390,335,,,,Plein jour,Hors agglomération,Hors intersection,Normale,Sans collision,,,,,,,,,,,1,1,1,1,7
201500007238,0015-06-29 00:50:00,15,6,29,0,50,390,451,,,,Nuit sans éclairage public,Hors agglomération,Giratoire,Normale,Sans collision,,,,,,,,,,,3,1,6,1,7
201500007239,0015-03-07 19:30:00,15,3,7,19,30,390,286,,46.635,5.326,Nuit sans éclairage public,Hors agglomération,Hors intersection,Normale,Deux véhicules - frontale,,,,,,,,,,,3,1,1,1,1
201500007240,0015-03-27 10:45:00,15,3,27,10,45,390,286,,,,Plein jour,Hors agglomération,Hors intersection,Temps couvert,Deux véhicules - arrière,,,,,,,,,,,1,1,1,8,2
201500007241,0015-04-19 14:45:00,15,4,19,14,45,390,478,,,,Plein jour,Hors agglomération,Hors intersection,Normale,Autre collision,,,,,,,,,,,1,1,1,1,6
201500007242,0015-05-23 15:45:00,15,5,23,15,45,390,579,,,,Plein jour,Hors agglomération,Hors intersection,Normale,Deux véhicules - frontale,,,,,,,,,,,1,1,1,1,1
201500007243,0015-07-01 07:15:00,15,7,1,7,15,390,478,place de l'abbaye,,,Plein jour,En agglomération,Hors intersection,Normale,Deux véhicules - frontale,,,,,,,,,,,1,2,1,1,1
201500007244,0015-08-01 06:30:00,15,8,1,6,30,390,68,,,,Nuit sans éclairage public,Hors agglomération,Hors intersection,Pluie forte,Autre collision,,,,,,,,,,,3,1,1,3,6
201500007245,0015-09-07 10:15:00,15,9,7,10,15,390,106,,,,Plein jour,Hors agglomération,Hors intersection,Normale,Deux véhicules - frontale,,,,,,,,,,,1,1,1,1,1
201500007246,0015-10-03 13:45:00,15,10,3,13,45,390,184,,,,Plein jour,Hors agglomération,Hors intersection,Temps couvert,Sans collision,,,,,,,,,,,1,1,1,8,7
201500007247,0015-11-01 05:30:00,15,11,1,5,30,390,269,,,,Nuit sans éclairage public,Hors agglomération,Hors intersection,Brouillard / fumée,Autre collision,,,,,,,,,,,3,1,1,5,6
201500007248,0015-11-23 14:00:00,15,11,23,14,0,390,478,09 avenue de BELFORT,,,Plein jour,En agglomération,Hors intersection,Normale,Autre collision,,,,,,,,,,,1,2,1,1,6
201500007249,0015-12-24 10:15:00,15,12,24,10,15,390,478,Chemin de Cutturra,,,Plein jour,Hors agglomération,Hors intersection,Normale,Autre collision,,,,,,,,,,,1,1,1,1,6
201500007250,0015-04-25 03:45:00,15,4,25,3,45,390,470,,,,Nuit sans éclairage public,Hors agglomération,Hors intersection,Pluie légère,Sans collision,,,,,,,,,,,3,1,1,2,7