accident_id,datetime,annee,mois,jour,heure,minute,departement,commune_insee,adresse,latitude,longitude,luminosite,agglomeration,intersection,meteo,collision,nb_vehicules,nb_usagers,nb_indemnes,nb_tues,nb_blesses_hosp,nb_blesses_legers,age_cond_1,age_cond_2,veh_type_cond_1,veh_type_cond_2,lum_code,agg_code,int_code,atm_code,col_code
201500007814,0015-05-20 07:45:00,15,5,20,7,45,60,90,RD 9,,,Plein jour,En agglomération,Giratoire,Normale,Deux véhicules - côté,,,,,,,,,,,1,2,6,1,3
201500007815,0015-05-19 16:30:00,15,5,19,16,30,60,90,,,,Plein jour,Hors agglomération,Hors intersection,Normale,Deux véhicules - frontale,,,,,,,,,,,1,1,1,1,1
201500007816,0015-06-08 14:15:00,15,6,8,14,15,60,79,Avenue de CANNES,,,Plein jour,En agglomération,Hors intersection,Normale,Deux véhicules - côté,,,,,,,,,,,1,2,1,1,3
201500007817,0015-07-17 03:30:00,15,7,17,3,30,60,79,boulevard Emile Carbon,,,Nuit avec éclairage allumé,En agglomération,Hors intersection,Normale,Autre collision,,,,,,,,,,,5,2,1,1,6
201500007818,0015-06-26 16:45:00,15,6,26,16,45,60,79,,,,Plein jour,Hors agglomération,Hors intersection,Normale,Deux véhicules - frontale,,,,,,,,,,,1,1,1,1,1
201500007819,0015-06-27 01:15:00,15,6,27,1,15,60,79,,,,Nuit avec éclairage allumé,Hors agglomération,Hors intersection,Normale,Autre collision,,,,,,,,,,,5,1,1,1,6
201500007820,0015-07-24 18:45:00,15,7,24,18,45,60,138,,,,Plein jour,Hors agglomération,Hors intersection,Normale,Autre collision,,,,,,,,,,,1,1,1,1,6
201500007821,0015-09-18 18:15:00,15,9,18,18,15,60,79,,,,Plein jour,Hors agglomération,Intersection en T,Normale,Deux véhicules - frontale,,,,,,,,,,,1,1,3,1,1
201500007822,0015-09-19 16:45:00,15,9,19,16,45,60,79,avenue paul ricard,,,Plein jour,En agglomération,Hors intersection,Normale,Autre collision,,,,,,,,,,,1,2,1,1,6
201500007823,0015-09-21 16:15:00,15,9,21,16,15,60,108,,,,Plein jour,Hors agglomération,Hors intersection,Normale,Deux véhicules - arrière,,,,,,,,,,,1,1,1,1,2
201500007824,0015-10-06 16:30:00,15,10,6,16,30,60,79,avenue maréchal juin,,,Plein jour,En agglomération,Autre intersection,Normale,Autre collision,,,,,,,,,,,1,2,9,1,6
201500007825,0015-11-01 07:30:00,15,11,1,7,30,60,90,830 avenue de grasse,,,Crépuscule ou aube,En agglomération,Hors intersection,Normale,Autre collision,,,,,,,,,,,2,2,1,1,6
201500007826,0015-12-08 18:15:00,15,12,8,18,15,60,108,,,,Nuit avec éclairage allumé,En agglomération,Hors intersection,Normale,Trois véhicules et plus - en chaîne,,,,,,,,,,,5,2,1,1,4
201500007827,0015-01-10 14:15:00,15,1,10,14,15,60,87,,43.88294,6.83227,Plein jour,Hors agglomération,Hors intersection,Normale,Sans collision,,,,,,,,,,,1,1,1,1,7
201500007828,0015-04-13 12:00:00,15,4,13,12,0,60,134,,,,Plein jour,Hors agglomération,Hors intersection,Normale,Deux véhicules - frontale,,,,,,,,,,,1,1,1,1,1
201500007829,0015-05-09 14:45:00,15,5,9,14,45,60,3,,,,Plein jour,Hors agglomération,Hors intersection,Normale,Deux véhicules - frontale,,,,,,,,,,,1,1,1,1,1
201500007830,0015-05-30 03:30:00,15,5,30,3,30,60,58,7 route de la fontaine,,,Nuit avec éclairage allumé,En agglomération,Hors intersection,Normale,Autre collision,,,,,,,,,,,5,2,1,1,6
201500007831,0015-07-23 15:00:00,15,7,23,15,0,60,134,,,,Plein jour,Hors agglomération,Hors intersection,Pluie légère,Autre collision,,,,,,,,,,,1,1,1,2,6
201500007832,0015-07-25 00:01:00,15,7,25,0,1,60,3,,,,Nuit sans éclairage public,Hors agglomération,Hors intersection,Normale,Deux véhicules - côté,,,,,,,,,,,3,1,1,1,3
201500007833,0015-08-16 01:00:00,15,8,16,1,0,60,134,,,,Nuit sans éclairage public,Hors agglomération,Hors intersection,Normale,Sans collision,,,,,,,,,,,3,1,1,1,7
201500007834,0015-10-10 22:00:00,15,10,10,22,0,60,3,,,,Nuit sans éclairage public,Hors agglomération,Hors intersection,Normale,Autre collision,,,,,,,,,,,3,1,1,1,6
201500007835,0015-10-15 14:00:00,15,10,15,14,0,60,58,RD 6085 Pk 19+350,,,Plein jour,En agglomération,Hors intersection,Normale,Deux véhicules - frontale,,,,,,,,,,,1,2,1,1,1
201500007836,0015-10-30 08:45:00,15,10,30,8,45,60,58,,,,Nuit avec éclairage allumé,Hors agglomération,Hors intersection,Normale,Sans collision,,,,,,,,,,,5,1,1,1,7
201500007837,0015-04-15 12:00:00,15,4,15,12,0,60,157,996 Av Rhin et Danube,43.72534,7.09476,Plein jour,En agglomération,Hors intersection,Normale,Autre collision,,,,,,,,,,,1,2,1,1,6
201500007838,0015-04-28 15:15:00,15,4,28,15,15,60,157,"1119, route de La Colle",,,Plein jour,En agglomération,Hors intersection,Normale,Deux véhicules - côté,,,,,,,,,,,1,2,1,1,3
201500007839,0015-09-06 00:45:00,15,9,6,0,45,60,65,Route de St Laurent,,,Nuit avec éclairage allumé,En agglomération,Hors intersection,Normale,Deux véhicules - frontale,,,,,,,,,,,5,2,1,1,1
201500007840,0015-11-07 09:15:00,15,11,7,9,15,60,157,,,,Nuit sans éclairage public,Hors agglomération,Hors intersection,Normale,Deux véhicules - frontale,,,,,,,,,,,3,1,1,1,1
201500007841,0015-11-05 17:30:00,15,11,5,17,30,60,157,avenue Emile Hugues,,,Nuit avec éclairage allumé,En agglomération,Hors intersection,Normale,Deux véhicules - côté,,,,,,,,,,,5,2,1,1,3
201500007842,0015-11-30 18:30:00,15,11,30,18,30,60,122,2020 rte de St jeannet,,,Nuit avec éclairage non allumé,En agglomération,Hors intersection,Normale,Deux véhicules - frontale,,,,,,,,,,,4,2,1,1,1
201500007843,0015-02-12 16:15:00,15,2,12,16,15,60,6,D414,43.78251,7.24513,Plein jour,En agglomération,Hors intersection,Normale,Deux véhicules - côté,,,,,,,,,,,1,2,1,1,3
201500007844,0015-03-04 20:00:00,15,3,4,20,0,60,34,,,,Nuit avec éclairage allumé,Hors agglomération,Giratoire,Pluie légère,Autre collision,,,,,,,,,,,5,1,6,2,6
201500007845,0015-03-11 08:45:00,15,3,11,8,45,60,33,,,,Plein jour,Hors agglomération,Hors intersection,Normale,Deux véhicules - frontale,,,,,,,,,,,1,1,1,1,1
201500007846,0015-03-27 13:00:00,15,3,27,13,0,60,33,zac de la grave,,,Plein jour,En agglomération,Hors intersection,Normale,Deux véhicules - frontale,,,,,,,,,,,1,2,1,1,1
201500007847,0015-12-11 15:45:00,15,12,11,15,45,60,126,,,,Plein jour,Hors agglomération,Hors intersection,Normale,Deux véhicules - frontale,,,,,,,,,,,1,1,1,1,1
201500007848,0015-05-07 16:00:00,15,5,7,16,0,60,23,,,,Plein jour,Hors agglomération,Hors intersection,Normale,Autre collision,,,,,,,,,,,1,1,1,1,6
201500007849,0015-06-20 16:00:00,15,6,20,16,0,60,163,,44.105,7.587,Plein jour,Hors agglomération,Hors intersection,Normale,Sans collision,,,,,,,,,,,1,1,1,1,7
201500007850,0015-04-28 10:00:00,15,4,28,10,0,60,59,,,,Plein jour,En agglomération,Hors intersection,Normale,Deux véhicules - frontale,,,,,,,,,,,1,2,1,1,1
201500007851,0015-05-16 15:15:00,15,5,16,15,15,60,59,,,,Plein jour,Hors agglomération,Hors intersection,Normale,Deux véhicules - arrière,,,,,,,,,,,1,1,1,1,2
201500007852,0015-08-02 20:15:00,15,8,2,20,15,60,59,,43.727,7.368,Plein jour,Hors agglomération,Hors intersection,Normale,Deux véhicules - frontale,,,,,,,,,,,1,1,1,1,1
201500007853,0015-08-04 18:45:00,15,8,4,18,45,60,59,avenue de Verdun,,,Plein jour,En agglomération,Hors intersection,Normale,Autre collision,,,,,,,,,,,1,2,1,1,6
201500007854,0015-08-09 17:15:00,15,8,9,17,15,60,150,,43.75,7.4,Plein jour,Hors agglomération,Hors intersection,Normale,Deux véhicules - côté,,,,,,,,,,,1,1,1,1,3
201500007855,0015-09-03 14:30:00,15,9,3,14,30,60,150,Chemin des Révoires,,,Plein jour,En agglomération,Hors intersection,Normale,Deux véhicules - frontale,,,,,,,,,,,1,2,1,1,1
201500007856,0015-10-08 03:30:00,15,10,8,3,30,60,59,,,,Nuit avec éclairage allumé,Hors agglomération,Hors intersection,Normale,Autre collision,,,,,,,,,,,5,1,1,1,6
201500007857,0015-10-30 12:30:00,15,10,30,12,30,60,83,RD2566,,,Plein jour,En agglomération,Hors intersection,Normale,Trois véhicules et plus - collisions multiples,,,,,,,,,,,1,2,1,1,5
201500007858,0015-09-06 16:15:00,15,9,6,16,15,60,146,,,,Plein jour,Hors agglomération,Hors intersection,Normale,Deux véhicules - frontale,,,,,,,,,,,1,1,1,1,1
201500007859,0015-03-09 13:15:00,15,3,9,13,15,60,101,,44.039,6.978,Plein jour,Hors agglomération,Hors intersection,Normale,Sans collision,,,,,,,,,,,1,1,1,1,7
201500007860,0015-05-08 11:00:00,15,5,8,11,0,60,71,,,,Plein jour,Hors agglomération,Hors intersection,Normale,Autre collision,,,,,,,,,,,1,1,1,1,6
201500007861,0015-05-08 16:30:00,15,5,8,16,30,60,56,,,,Plein jour,Hors agglomération,Hors intersection,Normale,Deux véhicules - frontale,,,,,,,,,,,1,1,1,1,1
201500007862,0015-07-26 18:15:00,15,7,26,18,15,60,160,,,,Plein jour,Hors agglomération,Hors intersection,Normale,Sans collision,,,,,,,,,,,1,1,1,1,7
201500007863,0015-09-08 12:15:00,15,9,8,12,15,60,56,,44.233,6.751,Plein jour,Hors agglomération,Hors intersection,Normale,Sans collision,,,,,,,,,,,1,1,1,1,7
201500007864,0015-03-03 12:45:00,15,3,3,12,45,60,66,,43.837,7.188,Plein jour,Hors agglomération,Hors intersection,Normale,Autre collision,,,,,,,,,,,1,1,1,1,6
201500007865,0015-05-27 11:45:00,15,5,27,11,45,60,47,,,,Plein jour,Hors agglomération,Hors intersection,Normale,Deux véhicules - frontale,,,,,,,,,,,1,1,1,1,1
201500007866,0015-01-27 08:15:00,15,1,27,8,15,60,120,,44.24639,6.93362,Plein jour,Hors agglomération,Hors intersection,Normale,Autre collision,,,,,,,,,,,1,1,1,1,6
201500007867,0015-03-18 07:30:00,15,3,18,7,30,60,102,,,,Plein jour,Hors agglomération,Hors intersection,Normale,Deux véhicules - frontale,,,,,,,,,,,1,1,1,1,1
201500007868,0015-04-12 14:00:00,15,4,12,14,0,830,4,,,,Plein jour,Hors agglomération,Hors intersection,Normale,Deux véhicules - frontale,,,,,,,,,,,1,1,1,1,1
201500007869,0015-06-30 15:30:00,15,6,30,15,30,830,4,,,,Plein jour,Hors agglomération,Hors intersection,Normale,Deux véhicules - côté,,,,,,,,,,,1,1,1,1,3
201500007870,0015-11-12 12:30:00,15,11,12,12,30,830,4,,,,Plein jour,Hors agglomération,Hors intersection,Normale,Trois véhicules et plus - collisions multiples,,,,,,,,,,,1,1,1,1,5
201500007871,0015-11-13 10:45:00,15,11,13,10,45,830,4,35 avenue gambetta,43.46288,6.47802,Plein jour,En agglomération,Hors intersection,Normale,Autre collision,,,,,,,,,,,1,2,1,1,6
201500007872,0015-11-15 16:15:00,15,11,15,16,15,830,86,,,,Plein jour,Hors agglomération,Hors intersection,Normale,Deux véhicules - frontale,,,,,,,,,,,1,1,1,1,1
201500007873,0015-12-19 11:30:00,15,12,19,11,30,830,86,,,,Plein jour,Hors agglomération,Hors intersection,Normale,Autre collision,,,,,,,,,,,1,1,1,1,6
201500007874,0015-01-03 07:15:00,15,1,3,7,15,830,28,,,,Crépuscule ou aube,Hors agglomération,Hors intersection,Normale,Autre collision,,,,,,,,,,,2,1,1,1,6
201500007875,0015-04-11 10:00:00,15,4,11,10,0,830,28,route de bargemon,,,Plein jour,En agglomération,Hors intersection,Normale,Deux véhicules - frontale,,,,,,,,,,,1,2,1,1,1
201500007876,0015-04-22 17:30:00,15,4,22,17,30,830,38,,,,Plein jour,Hors agglomération,Hors intersection,Normale,Deux véhicules - côté,,,,,,,,,,,1,1,1,1,3
201500007877,0015-05-28 17:45:00,15,5,28,17,45,830,41,,,,Plein jour,Hors agglomération,Hors intersection,Normale,Deux véhicules - frontale,,,,,,,,,,,1,1,1,1,1
201500007878,0015-06-07 00:01:00,15,6,7,0,1,830,56,,,,Nuit avec éclairage allumé,Hors agglomération,Hors intersection,Normale,Autre collision,,,,,,,,,,,5,1,1,1,6
201500007879,0015-06-06 14:30:00,15,6,6,14,30,830,56,,,,Plein jour,Hors agglomération,Hors intersection,Normale,Autre collision,,,,,,,,,,,1,1,1,1,6
201500007880,0015-06-07 13:15:00,15,6,7,13,15,830,40,,43.8039,6.5971,Plein jour,Hors agglomération,Hors intersection,Normale,Sans collision,,,,,,,,,,,1,1,1,1,7
201500007881,0015-09-10 18:15:00,15,9,10,18,15,830,38,,,,Plein jour,Hors agglomération,Hors intersection,Normale,Deux véhicules - frontale,,,,,,,,,,,1,1,1,1,1
201500007882,0015-11-04 09:00:00,15,11,4,9,0,830,82,,,,Plein jour,Hors agglomération,Hors intersection,Normale,Autre collision,,,,,,,,,,,1,1,1,1,6
201500007883,0015-01-18 18:30:00,15,1,18,18,30,830,138,,,,Nuit sans éclairage public,Hors agglomération,Hors intersection,Normale,Autre collision,,,,,,,,,,,3,1,1,1,6
201500007884,0015-01-19 09:00:00,15,1,19,9,0,830,133,,,,Plein jour,Hors agglomération,Hors intersection,Normale,Deux véhicules - frontale,,,,,,,,,,,1,1,1,1,1
201500007885,0015-02-15 13:30:00,15,2,15,13,30,830,138,,,,Plein jour,Hors agglomération,Hors intersection,Pluie légère,Autre collision,,,,,,,,,,,1,1,1,2,6
201500007886,0015-03-06 17:30:00,15,3,6,17,30,830,81,,,,Plein jour,Hors agglomération,Hors intersection,Normale,Deux véhicules - côté,,,,,,,,,,,1,1,1,1,3
201500007887,0015-04-26 16:15:00,15,4,26,16,15,830,81,,,,Plein jour,Hors agglomération,Hors intersection,Normale,Autre collision,,,,,,,,,,,1,1,1,1,6
201500007888,0015-05-01 09:15:00,15,5,1,9,15,830,138,,,,Plein jour,Hors agglomération,Hors intersection,Normale,Deux véhicules - côté,,,,,,,,,,,1,1,1,1,3
201500007889,0015-05-08 23:00:00,15,5,8,23,0,830,29,,,,Nuit avec éclairage allumé,Hors agglomération,Hors intersection,Normale,Deux véhicules - frontale,,,,,,,,,,,5,1,1,1,1
201500007890,0015-06-11 08:15:00,15,6,11,8,15,830,81,,,,Plein jour,Hors agglomération,Hors intersection,Normale,Autre collision,,,,,,,,,,,1,1,1,1,6
201500007891,0015-07-08 12:45:00,15,7,8,12,45,830,80,,43.67972,6.69639,Plein jour,Hors agglomération,Hors intersection,Normale,Deux véhicules - frontale,,,,,,,,,,,1,1,1,1,1
201500007892,0015-08-15 09:15:00,15,8,15,9,15,830,81,,,,Plein jour,Hors agglomération,Hors intersection,Normale,Deux véhicules - arrière,,,,,,,,,,,1,1,1,1,2
201500007893,0015-08-28 18:00:00,15,8,28,18,0,830,133,,,,Plein jour,Hors agglomération,Hors intersection,Normale,Deux véhicules - côté,,,,,,,,,,,1,1,1,1,3
201500007894,0015-09-16 20:30:00,15,9,16,20,30,830,138,,,,Nuit sans éclairage public,Hors agglomération,Hors intersection,Normale,Deux véhicules - frontale,,,,,,,,,,,3,1,1,1,1
201500007895,0015-09-23 01:15:00,15,9,23,1,15,830,81,,,,Nuit sans éclairage public,Hors agglomération,Hors intersection,Normale,Autre collision,,,,,,,,,,,3,1,1,1,6
201500007896,0015-11-16 14:45:00,15,11,16,14,45,830,55,,,,Plein jour,Hors agglomération,Hors intersection,Normale,Deux véhicules - frontale,,,,,,,,,,,1,1,1,1,1
201500007897,0015-12-02 09:00:00,15,12,2,9,0,830,55,,43.60774,6.68065,Plein jour,Hors agglomération,Hors intersection,Normale,Deux véhicules - arrière,,,,,,,,,,,1,1,1,1,2
201500007898,0015-06-25 17:45:00,15,6,25,17,45,830,81,,,,Plein jour,Hors agglomération,Hors intersection,Normale,Deux véhicules - côté,,,,,,,,,,,1,1,1,1,3
201500007899,0015-04-11 23:15:00,15,4,11,23,15,830,3,,,,Nuit sans éclairage public,Hors agglomération,Hors intersection,Normale,Autre collision,,,,,,,,,,,3,1,1,1,6
201500007900,0015-10-05 13:45:00,15,10,5,13,45,830,58,,43.53822,6.39299,Plein jour,Hors agglomération,Hors intersection,Normale,Autre collision,,,,,,,,,,,1,1,1,1,6
201500007901,0015-01-14 16:30:00,15,1,14,16,30,830,73,,,,Plein jour,Hors agglomération,Hors intersection,Normale,Deux véhicules - arrière,,,,,,,,,,,1,1,1,1,2
201500007902,0015-01-30 09:00:00,15,1,30,9,0,830,92,,,,Crépuscule ou aube,Hors agglomération,Hors intersection,Temps couvert,Deux véhicules - frontale,,,,,,,,,,,2,1,1,8,1
201500007903,0015-01-30 20:30:00,15,1,30,20,30,830,92,Avenue st roch,43.498,6.369,Nuit avec éclairage allumé,En agglomération,Hors intersection,Normale,Autre collision,,,,,,,,,,,5,2,1,1,6
201500007904,0015-02-11 11:30:00,15,2,11,11,30,830,92,,,,Plein jour,Hors agglomération,Hors intersection,Normale,Deux véhicules - frontale,,,,,,,,,,,1,1,1,1,1
201500007905,0015-02-16 17:15:00,15,2,16,17,15,830,92,,,,Plein jour,Hors agglomération,Hors intersection,Normale,Sans collision,,,,,,,,,,,1,1,1,1,7
201500007906,0015-02-16 16:00:00,15,2,16,16,0,830,73,,,,Plein jour,Hors agglomération,Hors intersection,Normale,Sans collision,,,,,,,,,,,1,1,1,1,7
201500007907,0015-03-02 09:00:00,15,3,2,9,0,830,73,,,,Nuit sans éclairage public,Hors agglomération,Hors intersection,Normale,Deux véhicules - côté,,,,,,,,,,,3,1,1,1,3
201500007908,0015-03-15 19:15:00,15,3,15,19,15,830,57,,,,Nuit avec éclairage allumé,Hors agglomération,Hors intersection,Pluie forte,Deux véhicules - côté,,,,,,,,,,,5,1,1,3,3
201500007909,0015-03-15 18:15:00,15,3,15,18,15,830,73,,43.657,6.322,Crépuscule ou aube,Hors agglomération,Hors intersection,Pluie légère,Deux véhicules - côté,,,,,,,,,,,2,1,1,2,3
201500007910,0015-06-07 16:45:00,15,6,7,16,45,830,57,,,,Plein jour,Hors agglomération,Hors intersection,Normale,Deux véhicules - côté,,,,,,,,,,,1,1,1,1,3
201500007911,0015-06-14 17:45:00,15,6,14,17,45,830,73,,,,Plein jour,Hors agglomération,Hors intersection,Normale,Sans collision,,,,,,,,,,,1,1,1,1,7
201500007912,0015-06-20 12:00:00,15,6,20,12,0,830,31,,,,Plein jour,Hors agglomération,Hors intersection,Normale,Deux véhicules - côté,,,,,,,,,,,1,1,1,1,3
201500007913,0015-09-05 01:15:00,15,9,5,1,15,830,18,Face Collège de BESSE,43.34807,6.17052,Nuit avec éclairage allumé,En agglomération,Hors intersection,Normale,Sans collision,,,,,,,,,,,5,2,1,1,7
201500007914,0015-11-09 07:30:00,15,11,9,7,30,830,18,,,,Crépuscule ou aube,Hors agglomération,Hors intersection,Normale,Trois véhicules et plus - en chaîne,,,,,,,,,,,2,1,1,1,4
201500007915,0015-11-15 11:15:00,15,11,15,11,15,830,73,,43.389,6.319,Plein jour,Hors agglomération,Hors intersection,Normale,Autre collision,,,,,,,,,,,1,1,1,1,6
201500007916,0015-11-26 20:30:00,15,11,26,20,30,830,67,,,,Nuit sans éclairage public,Hors agglomération,Hors intersection,Normale,Autre collision,,,,,,,,,,,3,1,1,1,6
201500007917,0015-01-20 09:00:00,15,1,20,9,0,830,128,,,,Plein jour,Hors agglomération,Hors intersection,Normale,Sans collision,,,,,,,,,,,1,1,1,1,7
201500007918,0015-05-27 09:45:00,15,5,27,9,45,830,139,,43.592,6.287,Plein jour,Hors agglomération,Hors intersection,Normale,Deux véhicules - frontale,,,,,,,,,,,1,1,1,1,1
201500007919,0015-05-28 15:30:00,15,5,28,15,30,830,14,Grand Rue,,,Plein jour,En agglomération,Autre intersection,Normale,Deux véhicules - côté,,,,,,,,,,,1,2,9,1,3
201500007920,0015-08-19 23:45:00,15,8,19,23,45,830,121,649 RTE d'entrecasteaux,,,Nuit sans éclairage public,En agglomération,Hors intersection,Normale,Autre collision,,,,,,,,,,,3,2,1,1,6
201500007921,0015-10-26 10:30:00,15,10,26,10,30,830,7,,,,Plein jour,Hors agglomération,Hors intersection,Normale,Deux véhicules - frontale,,,,,,,,,,,1,1,1,1,1
201500007922,0015-02-04 18:30:00,15,2,4,18,30,830,23,Route de Nice,43.676,6.133,Nuit avec éclairage allumé,En agglomération,Hors intersection,Pluie légère,Autre collision,,,,,,,,,,,5,2,1,2,6
201500007923,0015-02-17 08:15:00,15,2,17,8,15,830,23,56 rue Barbaroux,43.40847,6.06412,Plein jour,En agglomération,Hors intersection,Pluie légère,Deux véhicules - arrière,,,,,,,,,,,1,2,1,2,2
201500007924,0015-05-19 10:00:00,15,5,19,10,0,830,23,Chemin du Luc,,,Plein jour,En agglomération,Hors intersection,Normale,Deux véhicules - côté,,,,,,,,,,,1,2,1,1,3
201500007925,0015-06-02 18:00:00,15,6,2,18,0,830,37,,,,Plein jour,Hors agglomération,Hors intersection,Normale,Autre collision,,,,,,,,,,,1,1,1,1,6
201500007926,0015-06-04 14:45:00,15,6,4,14,45,830,23,,,,Plein jour,Hors agglomération,Hors intersection,Normale,Deux véhicules - frontale,,,,,,,,,,,1,1,1,1,1
201500007927,0015-06-30 23:45:00,15,6,30,23,45,830,23,,,,Nuit sans éclairage public,Hors agglomération,Hors intersection,Normale,Deux véhicules - frontale,,,,,,,,,,,3,1,1,1,1
201500007928,0015-07-15 09:00:00,15,7,15,9,0,830,23,,,,Plein jour,Hors agglomération,Hors intersection,Normale,Deux véhicules - côté,,,,,,,,,,,1,1,1,1,3
201500007929,0015-07-27 10:30:00,15,7,27,10,30,830,23,,,,Plein jour,Hors agglomération,Hors intersection,Normale,Deux véhicules - côté,,,,,,,,,,,1,1,1,1,3
201500007930,0015-08-14 16:30:00,15,8,14,16,30,830,23,,43.39536,6.14632,Plein jour,Hors agglomération,Hors intersection,Normale,Deux véhicules - frontale,,,,,,,,,,,1,1,1,1,1
201500007931,0015-08-14 15:45:00,15,8,14,15,45,830,23,,43.37756,6.08491,Plein jour,Hors agglomération,Intersection en T,Normale,Deux véhicules - frontale,,,,,,,,,,,1,1,3,1,1
201500007932,0015-08-15 09:45:00,15,8,15,9,45,830,23,ROUTE PRE DE PAQUES,43.4082,6.05691,Plein jour,En agglomération,Hors intersection,Normale,Autre collision,,,,,,,,,,,1,2,1,1,6
201500007933,0015-12-04 09:45:00,15,12,4,9,45,830,23,Route Dufort - Rue Dufor,43.41211,6.06205,Plein jour,En agglomération,Intersection en X,Normale,Deux véhicules - côté,,,,,,,,,,,1,2,2,1,3
201500007934,0015-03-07 15:45:00,15,3,7,15,45,830,25,,,,Plein jour,Hors agglomération,Hors intersection,Normale,Deux véhicules - arrière,,,,,,,,,,,1,1,1,1,2
201500007935,0015-04-01 22:15:00,15,4,1,22,15,830,32,,,,Plein jour,Hors agglomération,Hors intersection,Normale,Deux véhicules - arrière,,,,,,,,,,,1,1,1,1,2
201500007936,0015-05-22 09:30:00,15,5,22,9,30,830,145,,,,Plein jour,Hors agglomération,Hors intersection,Normale,Deux véhicules - frontale,,,,,,,,,,,1,1,1,1,1
201500007937,0015-07-07 12:30:00,15,7,7,12,30,830,51,,43.48422,6.25709,Plein jour,Hors agglomération,Hors intersection,Normale,Deux véhicules - côté,,,,,,,,,,,1,1,1,1,3
201500007938,0015-07-29 22:15:00,15,7,29,22,15,830,12,,43.5338,6.01034,Nuit sans éclairage public,Hors agglomération,Hors intersection,Normale,Sans collision,,,,,,,,,,,3,1,1,1,7
201500007939,0015-09-12 07:30:00,15,9,12,7,30,830,135,,,,Plein jour,Hors agglomération,Hors intersection,Normale,Deux véhicules - frontale,,,,,,,,,,,1,1,1,1,1
201500007940,0015-09-27 00:30:00,15,9,27,0,30,830,145,"8, pl de la libération",43.59765,5.96042,Nuit avec éclairage allumé,Hors agglomération,Hors intersection,Normale,Sans collision,,,,,,,,,,,5,1,1,1,7
201500007941,0015-09-27 10:30:00,15,9,27,10,30,830,95,,,,Plein jour,Hors agglomération,Hors intersection,Normale,Sans collision,,,,,,,,,,,1,1,1,1,7
201500007942,0015-11-28 14:45:00,15,11,28,14,45,830,46,,,,Plein jour,Hors agglomération,Hors intersection,Normale,Deux véhicules - côté,,,,,,,,,,,1,1,1,1,3
201500007943,0015-01-11 11:15:00,15,1,11,11,15,830,104,,,,Plein jour,Hors agglomération,Hors intersection,Normale,Sans collision,,,,,,,,,,,1,1,1,1,7
201500007944,0015-03-01 16:45:00,15,3,1,16,45,830,6,,,,Plein jour,Hors agglomération,Hors intersection,Normale,Deux véhicules - côté,,,,,,,,,,,1,1,1,1,3
201500007945,0015-05-02 04:30:00,15,5,2,4,30,830,66,,,,Nuit sans éclairage public,Hors agglomération,Hors intersection,Normale,Autre collision,,,,,,,,,,,3,1,1,1,6
201500007946,0015-05-24 20:30:00,15,5,24,20,30,830,6,,,,Nuit sans éclairage public,Hors agglomération,Hors intersection,Normale,Autre collision,,,,,,,,,,,3,1,1,1,6
201500007947,0015-06-08 11:15:00,15,6,8,11,15,830,150,chemin de  clappe,43.73485,5.79845,Plein jour,En agglomération,Hors intersection,Normale,Autre collision,,,,,,,,,,,1,2,1,1,6
201500007948,0015-06-09 14:45:00,15,6,9,14,45,830,113,,,,Plein jour,Hors agglomération,Hors intersection,Normale,Deux véhicules - frontale,,,,,,,,,,,1,1,1,1,1
201500007949,0015-07-14 17:30:00,15,7,14,17,30,830,104,,43.63754,5.79817,Plein jour,Hors agglomération,Hors intersection,Normale,Trois véhicules et plus - collisions multiples,,,,,,,,,,,1,1,1,1,5
201500007950,0015-07-19 19:15:00,15,7,19,19,15,830,146,,43.66755,5.99367,Plein jour,Hors agglomération,Hors intersection,Normale,Autre collision,,,,,,,,,,,1,1,1,1,6
201500007951,0015-07-21 14:15:00,15,7,21,14,15,830,104,,,,Plein jour,Hors agglomération,Hors intersection,Normale,Sans collision,,,,,,,,,,,1,1,1,1,7
201500007952,0015-09-07 19:15:00,15,9,7,19,15,830,66,,,,Plein jour,Hors agglomération,Hors intersection,Normale,Autre collision,,,,,,,,,,,1,1,1,1,6
201500007953,0015-01-11 00:30:00,15,1,11,0,30,830,108,,,,Nuit sans éclairage public,Hors agglomération,Hors intersection,Normale,Autre collision,,,,,,,,,,,3,1,1,1,6
201500007954,0015-02-15 17:30:00,15,2,15,17,30,830,88,,,,Plein jour,Hors agglomération,Intersection en X,Pluie forte,Deux véhicules - côté,,,,,,,,,,,1,1,2,3,3
201500007955,0015-02-17 08:00:00,15,2,17,8,0,830,59,,,,Plein jour,Hors agglomération,Hors intersection,Normale,Deux véhicules - frontale,,,,,,,,,,,1,1,1,1,1
201500007956,0015-03-26 17:00:00,15,3,26,17,0,830,59,,,,Plein jour,Hors agglomération,Hors intersection,Normale,Deux véhicules - arrière,,,,,,,,,,,1,1,1,1,2
201500007957,0015-05-26 10:30:00,15,5,26,10,30,830,88,,,,Plein jour,Hors agglomération,Hors intersection,Normale,Trois véhicules et plus - collisions multiples,,,,,,,,,,,1,1,1,1,5