accident_id,datetime,annee,mois,jour,heure,minute,departement,commune_insee,adresse,latitude,longitude,luminosite,agglomeration,intersection,meteo,collision,nb_vehicules,nb_usagers,nb_indemnes,nb_tues,nb_blesses_hosp,nb_blesses_legers,age_cond_1,age_cond_2,veh_type_cond_1,veh_type_cond_2,lum_code,agg_code,int_code,atm_code,col_code
201500008228,0015-07-08 07:00:00,15,7,8,7,0,340,294,,43.72453,4.12718,Plein jour,Hors agglomération,Hors intersection,Normale,Sans collision,,,,,,,,,,,1,1,1,1,7
201500008229,0015-07-12 13:00:00,15,7,12,13,0,340,288,avenue de la mer,43.7289,4.10716,Plein jour,En agglomération,Hors intersection,Normale,Deux véhicules - côté,,,,,,,,,,,1,2,1,1,3
201500008230,0015-07-28 14:45:00,15,7,28,14,45,340,145,RD 61,43.65598,4.13828,Plein jour,En agglomération,Hors intersection,Normale,Deux véhicules - frontale,,,,,,,,,,,1,2,1,1,1
201500008231,0015-08-15 12:30:00,15,8,15,12,30,340,151,boulevard victor hugo,43.66299,4.18031,Plein jour,En agglomération,Hors intersection,Normale,Deux véhicules - frontale,,,,,,,,,,,1,2,1,1,1
201500008232,0015-09-04 10:30:00,15,9,4,10,30,340,145,RN 113,43.67891,4.14327,Plein jour,En agglomération,Hors intersection,Normale,Deux véhicules - côté,,,,,,,,,,,1,2,1,1,3
201500008233,0015-09-23 09:30:00,15,9,23,9,30,340,145,Bd de la République,,,Plein jour,En agglomération,Hors intersection,Normale,Deux véhicules - côté,,,,,,,,,,,1,2,1,1,3
201500008234,0015-10-06 07:00:00,15,10,6,7,0,340,296,,43.76,4.056,Crépuscule ou aube,Hors agglomération,Autre intersection,Pluie légère,Autre collision,,,,,,,,,,,2,1,9,2,6
201500008235,0015-11-18 17:30:00,15,11,18,17,30,340,151,,43.61328,4.11136,Crépuscule ou aube,Hors agglomération,Hors intersection,Normale,Deux véhicules - côté,,,,,,,,,,,2,1,1,1,3
201500008236,0015-11-30 18:00:00,15,11,30,18,0,340,145,route de la mer,43.68222,4.15196,Nuit avec éclairage non allumé,En agglomération,Hors intersection,Normale,Autre collision,,,,,,,,,,,4,2,1,1,6
201500008237,0015-12-18 00:01:00,15,12,18,0,1,340,33,d610,43.75583,4.07608,Nuit sans éclairage public,En agglomération,Hors intersection,Normale,Autre collision,,,,,,,,,,,3,2,1,1,6
201500008238,0015-12-31 00:15:00,15,12,31,0,15,340,151,,43.58602,4.10429,Nuit sans éclairage public,Hors agglomération,Hors intersection,Normale,Deux véhicules - frontale,,,,,,,,,,,3,1,1,1,1
201500008239,0015-02-07 14:45:00,15,2,7,14,45,340,154,route de lunel - CD 24,43.62647,4.03078,Plein jour,En agglomération,Hors intersection,Normale,Deux véhicules - frontale,,,,,,,,,,,1,2,1,1,1
201500008240,0015-02-14 07:30:00,15,2,14,7,30,340,176,,43.63571,4.05574,Crépuscule ou aube,Hors agglomération,Hors intersection,Pluie légère,Autre collision,,,,,,,,,,,2,1,1,2,6
201500008241,0015-04-15 19:15:00,15,4,15,19,15,340,154,,43.05,3.65,Plein jour,Hors agglomération,Hors intersection,Normale,Deux véhicules - côté,,,,,,,,,,,1,1,1,1,3
201500008242,0015-04-20 20:30:00,15,4,20,20,30,340,240,,43.64373,3.98877,Nuit sans éclairage public,Hors agglomération,Hors intersection,Normale,Deux véhicules - arrière,,,,,,,,,,,3,1,1,1,2
201500008243,0015-04-25 04:45:00,15,4,25,4,45,340,154,,43.643,4.086,Nuit sans éclairage public,Hors agglomération,Hors intersection,Pluie légère,Autre collision,,,,,,,,,,,3,1,1,2,6
201500008244,0015-05-06 15:15:00,15,5,6,15,15,340,240,RD 112,43.63771,3.99421,Plein jour,Hors agglomération,Hors intersection,Normale,Deux véhicules - côté,,,,,,,,,,,1,1,1,1,3
201500008245,0015-07-13 13:45:00,15,7,13,13,45,340,154,,43.59284,3.93882,Plein jour,Hors agglomération,Intersection en Y,Normale,Deux véhicules - côté,,,,,,,,,,,1,1,4,1,3
201500008246,0015-08-23 21:30:00,15,8,23,21,30,340,154,,43.59308,3.9402,Nuit avec éclairage allumé,Hors agglomération,Hors intersection,Pluie légère,Deux véhicules - arrière,,,,,,,,,,,5,1,1,2,2
201500008247,0015-09-22 00:30:00,15,9,22,0,30,340,154,,43.59591,3.95248,Nuit sans éclairage public,Hors agglomération,Hors intersection,Normale,Sans collision,,,,,,,,,,,3,1,1,1,7
201500008248,0015-09-25 11:45:00,15,9,25,11,45,340,154,,43.61754,3.98284,Plein jour,Hors agglomération,Hors intersection,Normale,Deux véhicules - côté,,,,,,,,,,,1,1,1,1,3
201500008249,0015-11-23 16:00:00,15,11,23,16,0,340,154,route des cabanes,43.59913,4.01274,Plein jour,En agglomération,Hors intersection,Normale,Autre collision,,,,,,,,,,,1,2,1,1,6
201500008250,0015-01-13 23:10:00,15,1,13,23,10,340,276,,43.77674,3.87059,Nuit sans éclairage public,Hors agglomération,Hors intersection,Normale,Autre collision,,,,,,,,,,,3,1,1,1,6
201500008251,0015-02-28 16:00:00,15,2,28,16,0,340,276,,43.79249,3.8754,Plein jour,Hors agglomération,Hors intersection,Normale,Deux véhicules - frontale,,,,,,,,,,,1,1,1,1,1
201500008252,0015-09-21 12:00:00,15,9,21,12,0,340,297,,43.85148,3.9116,Plein jour,Hors agglomération,Hors intersection,Normale,Autre collision,,,,,,,,,,,1,1,1,1,6
201500008253,0015-10-03 16:45:00,15,10,3,16,45,340,48,,43.78043,4.04664,Plein jour,Hors agglomération,Hors intersection,Pluie légère,Deux véhicules - frontale,,,,,,,,,,,1,1,1,2,1
201500008254,0015-11-21 05:45:00,15,11,21,5,45,340,131,,43.83465,3.89516,Nuit sans éclairage public,Hors agglomération,Hors intersection,Normale,Autre collision,,,,,,,,,,,3,1,1,1,6
201500008255,0015-12-16 07:15:00,15,12,16,7,15,340,297,,43.85432,3.92871,Crépuscule ou aube,Hors agglomération,Hors intersection,Brouillard / fumée,Deux véhicules - frontale,,,,,,,,,,,2,1,1,5,1
201500008256,0015-12-20 02:30:00,15,12,20,2,30,340,66,,43.76281,3.77919,Nuit sans éclairage public,Hors agglomération,Hors intersection,Normale,Autre collision,,,,,,,,,,,3,1,1,1,6
201500008257,0015-01-06 10:00:00,15,1,6,10,0,340,28,avenue jean jaures,43.61273,3.1525,Plein jour,En agglomération,Hors intersection,Normale,Autre collision,,,,,,,,,,,1,2,1,1,6
201500008258,0015-03-14 00:01:00,15,3,14,0,1,340,119,,43.57985,3.14058,Nuit sans éclairage public,Hors agglomération,Hors intersection,Normale,Autre collision,,,,,,,,,,,3,1,1,1,6
201500008259,0015-05-17 15:45:00,15,5,17,15,45,340,55,,43.67876,2.974,Plein jour,Hors agglomération,Hors intersection,Normale,Deux véhicules - frontale,,,,,,,,,,,1,1,1,1,1
201500008260,0015-05-19 10:45:00,15,5,19,10,45,340,200,,43.60734,3.27297,Plein jour,Hors agglomération,Hors intersection,Normale,Autre collision,,,,,,,,,,,1,1,1,1,6
201500008261,0015-09-04 16:00:00,15,9,4,16,0,340,126,15 avenue maréchal Foch,43.58887,3.08316,Plein jour,En agglomération,Hors intersection,Normale,Autre collision,,,,,,,,,,,1,2,1,1,6
201500008262,0015-05-20 13:30:00,15,5,20,13,30,340,52,route de maureilhan,43.33078,3.04924,Plein jour,En agglomération,Hors intersection,Normale,Autre collision,,,,,,,,,,,1,2,1,1,6
201500008263,0015-06-19 14:00:00,15,6,19,14,0,340,81,chemin de rouyre,43.31093,3.14216,Plein jour,En agglomération,Hors intersection,Normale,Deux véhicules - frontale,,,,,,,,,,,1,2,1,1,1
201500008264,0015-06-26 08:30:00,15,6,26,8,30,340,161,,43.32889,3.11125,Plein jour,Hors agglomération,Hors intersection,Normale,Deux véhicules - côté,,,,,,,,,,,1,1,1,1,3
201500008265,0015-08-05 08:45:00,15,8,5,8,45,340,161,,43.32627,3.10094,Plein jour,Hors agglomération,Hors intersection,Normale,Autre collision,,,,,,,,,,,1,1,1,1,6
201500008266,0015-09-02 09:00:00,15,9,2,9,0,340,161,avenue des cités,43.33338,3.12687,Plein jour,En agglomération,Hors intersection,Normale,Sans collision,,,,,,,,,,,1,2,1,1,7
201500008267,0015-09-20 19:30:00,15,9,20,19,30,340,183,,43.27653,3.08712,Plein jour,Hors agglomération,Hors intersection,Normale,Deux véhicules - arrière,,,,,,,,,,,1,1,1,1,2
201500008268,0015-10-03 18:45:00,15,10,3,18,45,340,161,rue de lezigno,43.33561,3.13381,Plein jour,En agglomération,Hors intersection,Normale,Sans collision,,,,,,,,,,,1,2,1,1,7
201500008269,0015-10-01 14:30:00,15,10,1,14,30,340,225,,43.36497,3.08608,Plein jour,Hors agglomération,Hors intersection,Normale,Sans collision,,,,,,,,,,,1,1,1,1,7
201500008270,0015-01-12 13:30:00,15,1,12,13,30,340,74,Boulevard de l'orb,43.45122,3.05061,Plein jour,En agglomération,Hors intersection,Normale,Deux véhicules - arrière,,,,,,,,,,,1,2,1,1,2
201500008271,0015-02-02 13:00:00,15,2,2,13,0,340,178,,43.45681,3.11845,Plein jour,Hors agglomération,Hors intersection,Normale,Sans collision,,,,,,,,,,,1,1,1,1,7
201500008272,0015-02-05 13:15:00,15,2,5,13,15,340,74,rue raoul bayou,43.44949,3.04405,Plein jour,En agglomération,Hors intersection,Vent fort / tempête,Autre collision,,,,,,,,,,,1,2,1,6,6
201500008273,0015-03-14 17:00:00,15,3,14,17,0,340,140,rue Paul Riquet,43.38143,3.17079,Plein jour,En agglomération,Hors intersection,Normale,Autre collision,,,,,,,,,,,1,2,1,1,6
201500008274,0015-03-15 10:00:00,15,3,15,10,0,340,92,,43.34236,2.94671,Plein jour,Hors agglomération,Hors intersection,Pluie légère,Autre collision,,,,,,,,,,,1,1,1,2,6
201500008275,0015-03-22 12:00:00,15,3,22,12,0,340,69,,43.40311,3.09251,Plein jour,Hors agglomération,Hors intersection,Normale,Deux véhicules - frontale,,,,,,,,,,,1,1,1,1,1
201500008276,0015-05-25 15:15:00,15,5,25,15,15,340,74,,43.43642,3.08644,Plein jour,Hors agglomération,Hors intersection,Normale,Autre collision,,,,,,,,,,,1,1,1,1,6
201500008277,0015-06-27 17:45:00,15,6,27,17,45,340,223,,43.45075,3.19097,Plein jour,Hors agglomération,Hors intersection,Normale,Sans collision,,,,,,,,,,,1,1,1,1,7
201500008278,0015-07-18 19:15:00,15,7,18,19,15,340,69,,43.40328,3.09251,Plein jour,Hors agglomération,Hors intersection,Normale,Deux véhicules - frontale,,,,,,,,,,,1,1,1,1,1
201500008279,0015-07-18 22:45:00,15,7,18,22,45,340,258,,43.44268,3.1866,Nuit sans éclairage public,Hors agglomération,Hors intersection,Normale,Autre collision,,,,,,,,,,,3,1,1,1,6
201500008280,0015-07-26 08:15:00,15,7,26,8,15,340,100,,43.45553,2.89593,Plein jour,Hors agglomération,Hors intersection,Normale,Deux véhicules - frontale,,,,,,,,,,,1,1,1,1,1
201500008281,0015-08-02 01:30:00,15,8,2,1,30,340,74,,43.43794,3.08417,Nuit sans éclairage public,Hors agglomération,Hors intersection,Normale,Autre collision,,,,,,,,,,,3,1,1,1,6
201500008282,0015-08-08 19:15:00,15,8,8,19,15,340,70,,43.41522,2.97419,Plein jour,Hors agglomération,Hors intersection,Pluie légère,Trois véhicules et plus - collisions multiples,,,,,,,,,,,1,1,1,2,5
201500008283,0015-09-01 16:30:00,15,9,1,16,30,340,100,,43.45574,2.89601,Plein jour,Hors agglomération,Hors intersection,Normale,Deux véhicules - frontale,,,,,,,,,,,1,1,1,1,1
201500008284,0015-11-14 14:00:00,15,11,14,14,0,340,147,,43.49089,3.19055,Plein jour,Hors agglomération,Intersection en T,Normale,Trois véhicules et plus - collisions multiples,,,,,,,,,,,1,1,3,1,5
201500008285,0015-07-03 16:15:00,15,7,3,16,15,340,190,,43.27455,2.77805,Plein jour,Hors agglomération,Hors intersection,Normale,Deux véhicules - frontale,,,,,,,,,,,1,1,1,1,1
201500008286,0015-01-27 17:30:00,15,1,27,17,30,340,162,,43.48681,3.47055,Crépuscule ou aube,Hors agglomération,Hors intersection,Normale,Autre collision,,,,,,,,,,,2,1,1,1,6
201500008287,0015-02-22 15:15:00,15,2,22,15,15,340,162,,43.47888,3.46416,Plein jour,Hors agglomération,Hors intersection,Normale,Autre collision,,,,,,,,,,,1,1,1,1,6
201500008288,0015-03-20 21:45:00,15,3,20,21,45,340,166,avenue de beziers,43.39586,3.36725,Nuit avec éclairage allumé,En agglomération,Hors intersection,Normale,Deux véhicules - frontale,,,,,,,,,,,5,2,1,1,1
201500008289,0015-04-14 10:30:00,15,4,14,10,30,340,9,,43.4895,3.34972,Plein jour,Hors agglomération,Hors intersection,Normale,Autre collision,,,,,,,,,,,1,1,1,1,6
201500008290,0015-04-25 15:00:00,15,4,25,15,0,340,162,,,,Plein jour,Hors agglomération,Hors intersection,Pluie légère,Trois véhicules et plus - collisions multiples,,,,,,,,,,,1,1,1,2,5
201500008291,0015-06-10 10:00:00,15,6,10,10,0,340,199,19 aveniue de verdun,43.45572,3.42339,Plein jour,En agglomération,Autre intersection,Normale,Autre collision,,,,,,,,,,,1,2,9,1,6
201500008292,0015-08-20 16:45:00,15,8,20,16,45,340,166,d18 avenue de beziers,43.39739,3.36164,Plein jour,En agglomération,Intersection en X,Normale,Deux véhicules - côté,,,,,,,,,,,1,2,2,1,3
201500008293,0015-09-22 14:00:00,15,9,22,14,0,340,63,,43.49816,3.37926,Plein jour,Hors agglomération,Hors intersection,Normale,Autre collision,,,,,,,,,,,1,1,1,1,6
201500008294,0015-11-13 09:15:00,15,11,13,9,15,340,162,,43.48055,3.47204,Plein jour,Hors agglomération,Hors intersection,Normale,Deux véhicules - côté,,,,,,,,,,,1,1,1,1,3
201500008295,0015-12-11 20:00:00,15,12,11,20,0,340,199,route de tourbes,43.45188,3.40661,Nuit avec éclairage allumé,En agglomération,Hors intersection,Normale,Deux véhicules - frontale,,,,,,,,,,,5,2,1,1,1
201500008296,0015-12-22 10:45:00,15,12,22,10,45,340,199,avenue de Verdun,43.45454,3.4218,Plein jour,En agglomération,Hors intersection,Normale,Autre collision,,,,,,,,,,,1,2,1,1,6
201500008297,0015-01-27 10:15:00,15,1,27,10,15,340,293,,43.56609,2.72115,Plein jour,Hors agglomération,Hors intersection,Brouillard / fumée,Deux véhicules - frontale,,,,,,,,,,,1,1,1,5,1
201500008298,0015-04-12 10:45:00,15,4,12,10,45,340,86,,43.47876,2.66833,Plein jour,Hors agglomération,Hors intersection,Normale,Autre collision,,,,,,,,,,,1,1,1,1,6
201500008299,0015-04-18 15:45:00,15,4,18,15,45,340,284,D,43.48112,2.7677,Plein jour,Hors agglomération,Hors intersection,Normale,Autre collision,,,,,,,,,,,1,1,1,1,6
201500008300,0015-08-08 15:00:00,15,8,8,15,0,340,293,,43.59892,2.7151,Plein jour,Hors agglomération,Hors intersection,Pluie légère,Trois véhicules et plus - collisions multiples,,,,,,,,,,,1,1,1,2,5
201500008301,0015-11-30 10:15:00,15,11,30,10,15,340,284,26 grand rue,43.48867,2.75948,Plein jour,En agglomération,Hors intersection,Normale,Autre collision,,,,,,,,,,,1,2,1,1,6
201500008302,0015-02-15 13:15:00,15,2,15,13,15,340,109,,43.52453,3.24908,Plein jour,Hors agglomération,Hors intersection,Pluie légère,Autre collision,,,,,,,,,,,1,1,1,2,6
201500008303,0015-03-28 18:45:00,15,3,28,18,45,340,214,,43.48236,3.28943,Plein jour,Hors agglomération,Intersection en X,Normale,Deux véhicules - côté,,,,,,,,,,,1,1,2,1,3
201500008304,0015-05-27 15:45:00,15,5,27,15,45,340,147,,43.45306,3.20827,Plein jour,Hors agglomération,Hors intersection,Normale,Deux véhicules - frontale,,,,,,,,,,,1,1,1,1,1
201500008305,0015-06-20 14:00:00,15,6,20,14,0,340,214,,43.46159,3.26911,Plein jour,Hors agglomération,Hors intersection,Normale,Autre collision,,,,,,,,,,,1,1,1,1,6
201500008306,0015-07-28 03:30:00,15,7,28,3,30,340,300,,43.43608,3.29898,Nuit avec éclairage allumé,Hors agglomération,Hors intersection,Normale,Autre collision,,,,,,,,,,,5,1,1,1,6
201500008307,0015-08-22 02:15:00,15,8,22,2,15,340,214,,43.46431,3.26833,Nuit sans éclairage public,Hors agglomération,Hors intersection,Normale,Autre collision,,,,,,,,,,,3,1,1,1,6
201500008308,0015-09-04 17:00:00,15,9,4,17,0,340,25,(,43.41008,3.23907,Plein jour,Hors agglomération,Hors intersection,Normale,Deux véhicules - côté,,,,,,,,,,,1,1,1,1,3
201500008309,0015-10-15 12:00:00,15,10,15,12,0,340,300,,43.43114,3.31439,Plein jour,Hors agglomération,Hors intersection,Normale,Autre collision,,,,,,,,,,,1,1,1,1,6
201500008310,0015-10-16 17:30:00,15,10,16,17,30,340,1,RUE RONSARD,43.44565,3.29593,Plein jour,En agglomération,Hors intersection,Normale,Deux véhicules - frontale,,,,,,,,,,,1,2,1,1,1
201500008311,0015-12-18 13:15:00,15,12,18,13,15,340,139,,43.42621,3.24816,Plein jour,Hors agglomération,Hors intersection,Normale,Deux véhicules - frontale,,,,,,,,,,,1,1,1,1,1
201500008312,0015-01-04 18:30:00,15,1,4,18,30,340,209,,43.3135,3.34003,Nuit sans éclairage public,Hors agglomération,Hors intersection,Normale,Sans collision,,,,,,,,,,,3,1,1,1,7
201500008313,0015-01-15 07:30:00,15,1,15,7,30,340,209,,43.31311,3.3305,Nuit sans éclairage public,Hors agglomération,Hors intersection,Temps couvert,Sans collision,,,,,,,,,,,3,1,1,8,7
201500008314,0015-02-04 13:30:00,15,2,4,13,30,340,298,chemin de la gouronne,43.2962,3.25091,Plein jour,En agglomération,Hors intersection,Temps couvert,Deux véhicules - côté,,,,,,,,,,,1,2,1,8,3
201500008315,0015-02-08 06:30:00,15,2,8,6,30,340,209,,43.31312,3.33039,Nuit sans éclairage public,Hors agglomération,Hors intersection,Normale,Autre collision,,,,,,,,,,,3,1,1,1,6
201500008316,0015-02-25 19:30:00,15,2,25,19,30,340,209,,43.522,3.563,Nuit sans éclairage public,Hors agglomération,Hors intersection,Normale,Deux véhicules - côté,,,,,,,,,,,3,1,1,1,3
201500008317,0015-03-29 12:15:00,15,3,29,12,15,340,135,,43.28164,3.16254,Plein jour,Hors agglomération,Hors intersection,Normale,Deux véhicules - frontale,,,,,,,,,,,1,1,1,1,1
201500008318,0015-04-18 21:15:00,15,4,18,21,15,340,135,,43.25827,3.15988,Nuit sans éclairage public,Hors agglomération,Hors intersection,Normale,Deux véhicules - frontale,,,,,,,,,,,3,1,1,1,1
201500008319,0015-04-24 17:30:00,15,4,24,17,30,340,299,,43.29526,3.29147,Plein jour,Hors agglomération,Hors intersection,Normale,Autre collision,,,,,,,,,,,1,1,1,1,6
201500008320,0015-05-03 05:30:00,15,5,3,5,30,340,299,,43.496,3.487,Nuit sans éclairage public,Hors agglomération,Hors intersection,Normale,Autre collision,,,,,,,,,,,3,1,1,1,6
201500008321,0015-07-28 14:45:00,15,7,28,14,45,340,209,",",43.31325,3.33402,Plein jour,Hors agglomération,Hors intersection,Normale,Deux véhicules - arrière,,,,,,,,,,,1,1,1,1,2
201500008322,0015-08-13 09:30:00,15,8,13,9,30,340,329,Avenue de VALRAS,43.26926,3.22038,Plein jour,En agglomération,Hors intersection,Pluie légère,Deux véhicules - frontale,,,,,,,,,,,1,2,1,2,1
201500008323,0015-09-04 09:15:00,15,9,4,9,15,340,299,,,,Plein jour,Hors agglomération,Hors intersection,Normale,Deux véhicules - frontale,,,,,,,,,,,1,1,1,1,1
201500008324,0015-09-18 07:00:00,15,9,18,7,0,340,209,,43.31342,3.33978,Nuit sans éclairage public,Hors agglomération,Hors intersection,Normale,Sans collision,,,,,,,,,,,3,1,1,1,7
201500008325,0015-04-02 09:00:00,15,4,2,9,0,340,142,Parking allée mitterand,43.72485,3.32176,Plein jour,En agglomération,Hors intersection,Normale,Autre collision,,,,,,,,,,,1,2,1,1,6
201500008326,0015-06-05 18:30:00,15,6,5,18,30,340,268,Route du Viala,43.7135,3.42183,Plein jour,En agglomération,Hors intersection,Normale,Deux véhicules - côté,,,,,,,,,,,1,2,1,1,3
201500008327,0015-08-17 12:45:00,15,8,17,12,45,340,186,,43.65094,3.315,Plein jour,Hors agglomération,Hors intersection,Normale,Deux véhicules - côté,,,,,,,,,,,1,1,1,1,3
201500008328,0015-09-07 18:00:00,15,9,7,18,0,340,267,,43.70592,3.55699,Plein jour,Hors agglomération,Hors intersection,Normale,Autre collision,,,,,,,,,,,1,1,1,1,6
201500008329,0015-09-20 10:00:00,15,9,20,10,0,340,114,63 avenue Pierre MENDES,43.65041,3.5458,Plein jour,En agglomération,Hors intersection,Normale,Deux véhicules - frontale,,,,,,,,,,,1,2,1,1,1
201500008330,0015-01-28 06:45:00,15,1,28,6,45,340,31,,43.33805,3.44777,Nuit sans éclairage public,Hors agglomération,Hors intersection,Normale,Deux véhicules - frontale,,,,,,,,,,,3,1,1,1,1
201500008331,0015-03-03 15:30:00,15,3,3,15,30,340,150,route de Bessan,43.35552,3.5205,Plein jour,En agglomération,Hors intersection,Normale,Autre collision,,,,,,,,,,,1,2,1,1,6
201500008332,0015-03-12 03:45:00,15,3,12,3,45,340,332,,43.30805,3.4275,Nuit sans éclairage public,Hors agglomération,Hors intersection,Normale,Autre collision,,,,,,,,,,,3,1,1,1,6
201500008333,0015-03-20 17:00:00,15,3,20,17,0,340,31,22 AVENUE DU 08 MAI 1945,43.36218,3.4244,Plein jour,En agglomération,Hors intersection,Normale,Autre collision,,,,,,,,,,,1,2,1,1,6
201500008334,0015-03-20 17:15:00,15,3,20,17,15,340,31,,43.30016,3.43479,Plein jour,Hors agglomération,Hors intersection,Normale,Autre collision,,,,,,,,,,,1,1,1,1,6
201500008335,0015-03-29 18:15:00,15,3,29,18,15,340,150,avenue de l'industrie,43.35721,3.52235,Plein jour,En agglomération,Giratoire,Normale,Deux véhicules - côté,,,,,,,,,,,1,2,6,1,3
201500008336,0015-04-24 09:30:00,15,4,24,9,30,340,332,,43.3143,3.36446,Plein jour,Hors agglomération,Hors intersection,Normale,Deux véhicules - côté,,,,,,,,,,,1,1,1,1,3
201500008337,0015-07-14 16:45:00,15,7,14,16,45,340,150,AVENUE DE LA GARE,43.31806,3.53571,Plein jour,En agglomération,Autre intersection,Normale,Deux véhicules - frontale,,,,,,,,,,,1,2,9,1,1
201500008338,0015-08-13 19:15:00,15,8,13,19,15,340,101,,43.3711,3.49693,Plein jour,Hors agglomération,Giratoire,Normale,Deux véhicules - côté,,,,,,,,,,,1,1,6,1,3
201500008339,0015-08-15 13:45:00,15,8,15,13,45,340,150,Avenue du Soleil,43.32125,3.53753,Plein jour,En agglomération,Hors intersection,Normale,Deux véhicules - frontale,,,,,,,,,,,1,2,1,1,1
201500008340,0015-08-16 14:30:00,15,8,16,14,30,340,31,,43.36874,3.41436,Plein jour,Hors agglomération,Hors intersection,Normale,Deux véhicules - côté,,,,,,,,,,,1,1,1,1,3
201500008341,0015-09-11 21:45:00,15,9,11,21,45,340,150,,43.35642,3.85171,Nuit sans éclairage public,Hors agglomération,Hors intersection,Normale,Sans collision,,,,,,,,,,,3,1,1,1,7
201500008342,0015-09-29 13:15:00,15,9,29,13,15,340,166,,43.35193,3.35438,Plein jour,Hors agglomération,Hors intersection,Pluie légère,Autre collision,,,,,,,,,,,1,1,1,2,6
201500008343,0015-11-20 12:15:00,15,11,20,12,15,340,101,,43.41228,3.4454,Plein jour,Hors agglomération,Hors intersection,Normale,Sans collision,,,,,,,,,,,1,1,1,1,7
201500008344,0015-01-15 17:30:00,15,1,15,17,30,340,165,,43.51333,3.67777,Plein jour,Hors agglomération,Hors intersection,Normale,Trois véhicules et plus - collisions multiples,,,,,,,,,,,1,1,1,1,5
201500008345,0015-12-03 16:45:00,15,12,3,16,45,340,113,,43.51264,3.72545,Plein jour,Hors agglomération,Hors intersection,Normale,Deux véhicules - frontale,,,,,,,,,,,1,1,1,1,1
201500008346,0015-12-26 21:30:00,15,12,26,21,30,340,23,avenue de la gare,43.44123,3.68367,Nuit avec éclairage allumé,En agglomération,Hors intersection,Normale,Deux véhicules - frontale,,,,,,,,,,,5,2,1,1,1
201500008347,0015-01-04 18:15:00,15,1,4,18,15,340,157,,43.42259,3.54965,Nuit sans éclairage public,Hors agglomération,Hors intersection,Normale,Autre collision,,,,,,,,,,,3,1,1,1,6
201500008348,0015-01-15 21:00:00,15,1,15,21,0,340,157,,43.43972,3.5769,Nuit sans éclairage public,Hors agglomération,Giratoire,Pluie légère,Sans collision,,,,,,,,,,,3,1,6,2,7
201500008349,0015-04-21 16:30:00,15,4,21,16,30,340,213,,43.47366,3.68747,Plein jour,Hors agglomération,Autre intersection,Normale,Autre collision,,,,,,,,,,,1,1,9,1,6
201500008350,0015-06-09 17:30:00,15,6,9,17,30,340,143,,43.44365,3.63206,Plein jour,Hors agglomération,Intersection en X,Normale,Deux véhicules - côté,,,,,,,,,,,1,1,2,1,3
201500008351,0015-08-12 11:00:00,15,8,12,11,0,340,157,1 route de PEZENAS,43.42755,3.60494,Plein jour,En agglomération,Giratoire,Normale,Autre collision,,,,,,,,,,,1,2,6,1,6
201500008352,0015-08-26 11:45:00,15,8,26,11,45,340,157,1 route de Montpellier,43.40275,3.60967,Plein jour,En agglomération,Hors intersection,Normale,Deux véhicules - côté,,,,,,,,,,,1,2,1,1,3
201500008353,0015-09-19 18:00:00,15,9,19,18,0,340,157,route carrefour market),43.43053,3.60803,Plein jour,En agglomération,Hors intersection,Temps éblouissant,Deux véhicules - côté,,,,,,,,,,,1,2,1,7,3
201500008354,0015-10-09 08:30:00,15,10,9,8,30,340,157,chemin des costes,43.43895,3.58713,Plein jour,En agglomération,Hors intersection,Normale,Deux véhicules - frontale,,,,,,,,,,,1,2,1,1,1
201500008355,0015-11-05 08:00:00,15,11,5,8,0,340,213,,43.47442,3.67844,Plein jour,Hors agglomération,Intersection en T,Normale,Deux véhicules - côté,,,,,,,,,,,1,1,3,1,3
201500008356,0015-12-05 07:00:00,15,12,5,7,0,340,213,,43.47957,3.69532,Crépuscule ou aube,Hors agglomération,Hors intersection,Normale,Sans collision,,,,,,,,,,,2,1,1,1,7
201500008357,0015-03-06 17:45:00,15,3,6,17,45,110,410,,43.26426,2.42276,Plein jour,Hors agglomération,Hors intersection,Normale,Autre collision,,,,,,,,,,,1,1,1,1,6
201500008358,0015-04-06 16:30:00,15,4,6,16,30,110,367,,43.39306,2.11904,Plein jour,Hors agglomération,Hors intersection,Normale,Deux véhicules - frontale,,,,,,,,,,,1,1,1,1,1
201500008359,0015-04-12 18:30:00,15,4,12,18,30,110,89,Lotissement la promenade,43.32716,2.12135,Plein jour,En agglomération,Hors intersection,Normale,Autre collision,,,,,,,,,,,1,2,1,1,6
201500008360,0015-04-26 12:00:00,15,4,26,12,0,110,99,,43.28789,2.40429,Plein jour,Hors agglomération,Hors intersection,Normale,Sans collision,,,,,,,,,,,1,1,1,1,7