accident_id,datetime,annee,mois,jour,heure,minute,departement,commune_insee,adresse,latitude,longitude,luminosite,agglomeration,intersection,meteo,collision,nb_vehicules,nb_usagers,nb_indemnes,nb_tues,nb_blesses_hosp,nb_blesses_legers,age_cond_1,age_cond_2,veh_type_cond_1,veh_type_cond_2,lum_code,agg_code,int_code,atm_code,col_code
201500008909,0015-01-06 13:15:00,15,1,6,13,15,202,135,,,,Plein jour,Hors agglomération,Hors intersection,Normale,Deux véhicules - frontale,,,,,,,,,,,1,1,1,1,1
201500008910,0015-01-25 17:15:00,15,1,25,17,15,202,251,Lieu dit Casamozza,,,Plein jour,En agglomération,Hors intersection,Normale,Deux véhicules - arrière,,,,,,,,,,,1,2,1,1,2
201500008911,0015-01-25 21:15:00,15,1,25,21,15,202,342,,,,Nuit sans éclairage public,Hors agglomération,Hors intersection,Normale,Autre collision,,,,,,,,,,,3,1,1,1,6
201500008912,0015-03-10 12:00:00,15,3,10,12,0,202,123,avenue du 9 septembre,,,Plein jour,En agglomération,Hors intersection,Normale,Deux véhicules - arrière,,,,,,,,,,,1,2,1,1,2
201500008913,0015-04-08 17:15:00,15,4,8,17,15,202,342,Travo,,,Plein jour,En agglomération,Hors intersection,Normale,Trois véhicules et plus - collisions multiples,,,,,,,,,,,1,2,1,1,5
201500008914,0015-08-02 00:15:00,15,8,2,0,15,202,251,Morta,,,Nuit avec éclairage allumé,En agglomération,Autre intersection,Normale,Deux véhicules - frontale,,,,,,,,,,,5,2,9,1,1
201500008915,0015-08-31 08:15:00,15,8,31,8,15,202,342,,,,Plein jour,Hors agglomération,Hors intersection,Normale,Deux véhicules - frontale,,,,,,,,,,,1,1,1,1,1
201500008916,0015-09-03 14:30:00,15,9,3,14,30,202,123,,,,Plein jour,Hors agglomération,Hors intersection,Normale,Sans collision,,,,,,,,,,,1,1,1,1,7
201500008917,0015-06-29 13:45:00,15,6,29,13,45,202,87,,,,Plein jour,Hors agglomération,Hors intersection,Normale,Deux véhicules - frontale,,,,,,,,,,,1,1,1,1,1
201500008918,0015-07-17 03:15:00,15,7,17,3,15,202,307,PUNTICCHIU,,,Nuit avec éclairage allumé,En agglomération,Hors intersection,Normale,Deux véhicules - côté,,,,,,,,,,,5,2,1,1,3
201500008919,0015-08-08 08:30:00,15,8,8,8,30,202,303,,,,Plein jour,Hors agglomération,Hors intersection,Normale,Sans collision,,,,,,,,,,,1,1,1,1,7
201500008920,0015-10-20 12:15:00,15,10,20,12,15,202,87,,,,Plein jour,Hors agglomération,Hors intersection,Normale,Sans collision,,,,,,,,,,,1,1,1,1,7
201500008921,0015-11-10 13:00:00,15,11,10,13,0,202,347,,,,Plein jour,Hors agglomération,Hors intersection,Normale,Autre collision,,,,,,,,,,,1,1,1,1,6
201500008922,0015-03-04 19:15:00,15,3,4,19,15,202,242,,,,Crépuscule ou aube,Hors agglomération,Giratoire,Pluie légère,Autre collision,,,,,,,,,,,2,1,6,2,6
201500008923,0015-06-18 18:45:00,15,6,18,18,45,202,207,parking Hyper U,,,Plein jour,En agglomération,Autre intersection,Normale,Autre collision,,,,,,,,,,,1,2,9,1,6
201500008924,0015-06-25 18:45:00,15,6,25,18,45,202,207,rue des muriers,,,Plein jour,En agglomération,Giratoire,Normale,Autre collision,,,,,,,,,,,1,2,6,1,6
201500008925,0015-08-15 11:00:00,15,8,15,11,0,202,318,,,,Plein jour,Hors agglomération,Hors intersection,Normale,Deux véhicules - côté,,,,,,,,,,,1,1,1,1,3
201500008926,0015-10-08 14:30:00,15,10,8,14,30,202,319,Lieu dit Valle Longhe,,,Plein jour,En agglomération,Hors intersection,Normale,Autre collision,,,,,,,,,,,1,2,1,1,6
201500008927,0015-10-22 16:45:00,15,10,22,16,45,202,343,,,,Plein jour,Hors agglomération,Hors intersection,Normale,Deux véhicules - frontale,,,,,,,,,,,1,1,1,1,1
201500008928,0015-12-16 10:30:00,15,12,16,10,30,202,318,,,,Plein jour,Hors agglomération,Hors intersection,Normale,Deux véhicules - frontale,,,,,,,,,,,1,1,1,1,1
201500008929,0015-03-16 19:00:00,15,3,16,19,0,50,23,,44.90976,6.66503,Crépuscule ou aube,Hors agglomération,Hors intersection,Normale,Sans collision,,,,,,,,,,,2,1,1,1,7
201500008930,0015-01-20 02:15:00,15,1,20,2,15,50,23,"21, GRENOBLE (ROUTE DE)",44.90545,6.63555,Nuit avec éclairage allumé,En agglomération,Hors intersection,Neige / grêle,Autre collision,,,,,,,,,,,5,2,1,4,6
201500008931,0015-01-30 07:27:00,15,1,30,7,27,50,23,GAP (ROUTE DE   RN94,44.89246,6.6294,Crépuscule ou aube,Hors agglomération,Hors intersection,Neige / grêle,Deux véhicules - frontale,,,,,,,,,,,2,1,1,4,1
201500008932,0015-05-24 12:25:00,15,5,24,12,25,50,23,PUY ST PIERRE (ROUTE DE),44.89281,6.62867,Plein jour,En agglomération,Intersection en Y,Normale,Deux véhicules - côté,,,,,,,,,,,1,2,4,1,3
201500008933,0015-03-05 08:55:00,15,3,5,8,55,50,23,DAUPHINE (AVENUE DU),44.905,6.62814,Plein jour,En agglomération,Hors intersection,Normale,Trois véhicules et plus - collisions multiples,,,,,,,,,,,1,2,1,1,5
201500008934,0015-06-17 15:50:00,15,6,17,15,50,50,23,MOULIN (RUE JEAN),44.89108,6.62901,Plein jour,En agglomération,Intersection en T,Normale,Deux véhicules - côté,,,,,,,,,,,1,2,3,1,3
201500008935,0015-07-05 09:00:00,15,7,5,9,0,50,23,"4, REPUBLIQUE (AVENUE DE",44.89665,6.63479,Plein jour,En agglomération,Giratoire,Normale,Autre collision,,,,,,,,,,,1,2,6,1,6
201500008936,0015-07-08 14:47:00,15,7,8,14,47,50,23,SAVOIE (AVENUE DE),44.90365,6.62851,Plein jour,En agglomération,Autre intersection,Normale,Deux véhicules - arrière,,,,,,,,,,,1,2,9,1,2
201500008937,0015-07-08 10:10:00,15,7,8,10,10,50,23,FONTENIL (ROUTE DU),44.90176,6.64609,Plein jour,Hors agglomération,Intersection en T,Normale,Autre collision,,,,,,,,,,,1,1,3,1,6
201500008938,0015-09-28 13:15:00,15,9,28,13,15,50,23,"44, LIBERATION (AVENUE D",44.9006,6.64066,Plein jour,En agglomération,Intersection en T,Normale,Deux véhicules - côté,,,,,,,,,,,1,2,3,1,3
201500008939,0015-11-01 16:30:00,15,11,1,16,30,50,23,GRENOBLE (ROUTE DE),44.91655,6.62239,Plein jour,En agglomération,Intersection en Y,Normale,Deux véhicules - côté,,,,,,,,,,,1,2,4,1,3
201500008940,0015-10-30 11:50:00,15,10,30,11,50,50,23,DE GAULLE (AVENUE DU GEN,44.89566,6.63299,Plein jour,En agglomération,Hors intersection,Normale,Autre collision,,,,,,,,,,,1,2,1,1,6
201500008941,0015-12-14 14:00:00,15,12,14,14,0,50,23,PASTEUR (RUE),44.8949,6.63666,Plein jour,En agglomération,Giratoire,Normale,Autre collision,,,,,,,,,,,1,2,6,1,6
201500008942,0015-12-29 17:25:00,15,12,29,17,25,50,23,SAVOIE (AVENUE DE),44.90843,6.62705,Crépuscule ou aube,En agglomération,Hors intersection,Normale,Deux véhicules - côté,,,,,,,,,,,2,2,1,1,3
201500008943,0015-03-15 14:45:00,15,3,15,14,45,50,61,EMILE DIDIER ( AV ),44.56484,6.09082,Plein jour,En agglomération,Hors intersection,Normale,Deux véhicules - arrière,,,,,,,,,,,1,2,1,1,2
201500008944,0015-03-19 11:50:00,15,3,19,11,50,50,61,MARSEILLE ( ROUTE ),44.50376,6.04382,Plein jour,Hors agglomération,Intersection en X,Normale,Deux véhicules - côté,,,,,,,,,,,1,1,2,1,3
201500008945,0015-04-03 17:00:00,15,4,3,17,0,50,61,GEORGES POMPIDOU ( BD),44.55488,6.07554,Plein jour,En agglomération,Intersection en Y,Normale,Deux véhicules - côté,,,,,,,,,,,1,2,4,1,3
201500008946,0015-04-28 17:30:00,15,4,28,17,30,50,61,PARKING POSTE AL DAUDET,44.5489,6.06511,Plein jour,En agglomération,Hors intersection,Normale,Autre collision,,,,,,,,,,,1,2,1,1,6
201500008947,0015-05-11 12:35:00,15,5,11,12,35,50,61,RN 94,44.57479,6.11089,Plein jour,Hors agglomération,Hors intersection,Normale,Deux véhicules - frontale,,,,,,,,,,,1,1,1,1,1
201500008948,0015-05-11 17:15:00,15,5,11,17,15,50,61,BURE (AVENUE DE ),44.56946,6.08657,Plein jour,En agglomération,Hors intersection,Normale,Deux véhicules - côté,,,,,,,,,,,1,2,1,1,3
201500008949,0015-05-13 11:10:00,15,5,13,11,10,50,61,CHARLES AUROUZE ( RUE ),44.56471,6.07902,Plein jour,En agglomération,Hors intersection,Normale,Deux véhicules - arrière,,,,,,,,,,,1,2,1,1,2
201500008950,0015-05-20 11:05:00,15,5,20,11,5,50,61,JEAN JAURES ( AVENUE ),44.55626,6.07631,Plein jour,En agglomération,Hors intersection,Normale,Autre collision,,,,,,,,,,,1,2,1,1,6
201500008951,0015-06-04 13:00:00,15,6,4,13,0,50,61,GEORGES POMPIDOU ( BD),44.55999,6.08441,Plein jour,En agglomération,Intersection en X,Normale,Deux véhicules - côté,,,,,,,,,,,1,2,2,1,3
201500008952,0015-06-22 00:25:00,15,6,22,0,25,50,61,Route de Colombis,44.52643,6.08993,Nuit sans éclairage public,Hors agglomération,Hors intersection,Normale,Sans collision,,,,,,,,,,,3,1,1,1,7
201500008953,0015-06-27 11:29:00,15,6,27,11,29,50,61,RUE ALPHONSE DAUDET,44.54975,6.06517,Plein jour,En agglomération,Intersection en T,Normale,Deux véhicules - côté,,,,,,,,,,,1,2,3,1,3
201500008954,0015-07-10 13:00:00,15,7,10,13,0,50,61,GARE ( AVENUE DE LA ),44.56311,6.08618,Plein jour,En agglomération,Hors intersection,Normale,Autre collision,,,,,,,,,,,1,2,1,1,6
201500008955,0015-08-05 16:00:00,15,8,5,16,0,50,61,RN 85,44.59491,6.08064,Plein jour,Hors agglomération,Hors intersection,Normale,Deux véhicules - côté,,,,,,,,,,,1,1,1,1,3
201500008956,0015-09-11 17:10:00,15,9,11,17,10,50,61,COMMANDANT DUMONT ( AVEN,44.5627,6.08392,Plein jour,En agglomération,Hors intersection,Normale,Autre collision,,,,,,,,,,,1,2,1,1,6
201500008957,0015-09-18 14:25:00,15,9,18,14,25,50,61,EYSSAGNIERES ( ROUTE DES,44.54485,6.05333,Plein jour,En agglomération,Hors intersection,Normale,Deux véhicules - frontale,,,,,,,,,,,1,2,1,1,1
201500008958,0015-09-18 17:35:00,15,9,18,17,35,50,61,GEORGES POMPIDOU ( BD),44.55982,6.08435,Plein jour,En agglomération,Intersection en X,Normale,Deux véhicules - côté,,,,,,,,,,,1,2,2,1,3
201500008959,0015-09-02 15:25:00,15,9,2,15,25,50,61,FAUVINS ( ROUTE  DES ),44.56352,6.09149,Plein jour,En agglomération,Hors intersection,Normale,Autre collision,,,,,,,,,,,1,2,1,1,6
201500008960,0015-10-01 20:10:00,15,10,1,20,10,50,61,EMBRUN ( AVENUE D'),44.56856,6.09992,Nuit avec éclairage allumé,En agglomération,Intersection en T,Normale,Deux véhicules - côté,,,,,,,,,,,5,2,3,1,3
201500008961,0015-10-10 16:40:00,15,10,10,16,40,50,61,EYSSAGNIERES ( ROUTE DES,44.54524,6.05344,Plein jour,En agglomération,Giratoire,Normale,Deux véhicules - côté,,,,,,,,,,,1,2,6,1,3
201500008962,0015-11-10 18:22:00,15,11,10,18,22,50,61,VALSERRES ( RUE DE ),44.54432,6.08818,Crépuscule ou aube,En agglomération,Intersection en Y,Normale,Autre collision,,,,,,,,,,,2,2,4,1,6
201500008963,0015-11-06 16:10:00,15,11,6,16,10,50,61,DESCENTE ( ROUTE DE LA ),44.57615,6.08257,Plein jour,En agglomération,Hors intersection,Normale,Deux véhicules - côté,,,,,,,,,,,1,2,1,1,3
201500008964,0015-11-18 07:56:00,15,11,18,7,56,50,61,COMMANDANT DUMONT ( AVEN,44.56874,6.08328,Crépuscule ou aube,En agglomération,Intersection en T,Normale,Deux véhicules - côté,,,,,,,,,,,2,2,3,1,3
201500008965,0015-11-26 17:17:00,15,11,26,17,17,50,61,MARECHAL FOCH ( AVENUE D,44.56289,6.0861,Crépuscule ou aube,En agglomération,Intersection en T,Normale,Autre collision,,,,,,,,,,,2,2,3,1,6
201500008966,0015-12-04 18:20:00,15,12,4,18,20,50,61,EYSSAGNIERES ( ROUTE DES,44.54827,6.05458,Crépuscule ou aube,En agglomération,Intersection en T,Normale,Deux véhicules - côté,,,,,,,,,,,2,2,3,1,3
201500008967,0015-12-24 01:19:00,15,12,24,1,19,50,61,RN 85,44.56205,6.08391,Nuit avec éclairage allumé,En agglomération,Giratoire,Normale,Trois véhicules et plus - collisions multiples,,,,,,,,,,,5,2,6,1,5
201500008968,0015-12-28 17:37:00,15,12,28,17,37,50,61,RN 85,44.51765,6.05175,Nuit sans éclairage public,Hors agglomération,Hors intersection,Normale,Trois véhicules et plus - collisions multiples,,,,,,,,,,,3,1,1,1,5
201500008969,0015-01-07 20:10:00,15,1,7,20,10,50,61,EMILE DIDIER ( AV ),44.56416,6.08919,Nuit avec éclairage allumé,En agglomération,Hors intersection,Normale,Autre collision,,,,,,,,,,,5,2,1,1,6
201500008970,0015-02-07 16:18:00,15,2,7,16,18,50,61,SILOS ( RUE DES ),44.56679,6.08951,Plein jour,En agglomération,Hors intersection,Normale,Autre collision,,,,,,,,,,,1,2,1,1,6
201500008971,0015-03-05 16:30:00,15,3,5,16,30,50,61,JEAN JAURES ( AVENUE ),44.5496,6.06818,Plein jour,En agglomération,Hors intersection,Normale,Trois véhicules et plus - en chaîne,,,,,,,,,,,1,2,1,1,4
201500008972,0015-03-09 17:00:00,15,3,9,17,0,50,61,FRANCOIS MITTERAND (AVEN,44.54565,6.06315,Plein jour,En agglomération,Giratoire,Normale,Deux véhicules - côté,,,,,,,,,,,1,2,6,1,3
201500008973,0015-03-11 17:03:00,15,3,11,17,3,50,61,GUILLAUME FAREL ( AVENUE,44.55991,6.07539,Plein jour,En agglomération,Hors intersection,Normale,Autre collision,,,,,,,,,,,1,2,1,1,6
201500008974,0015-12-15 18:45:00,15,12,15,18,45,780,291,,,,Nuit sans éclairage public,Hors agglomération,Hors intersection,Pluie forte,Sans collision,,,,,,,,,,,3,1,1,3,7
201500008975,0015-04-12 18:30:00,15,4,12,18,30,780,255,rue du dauphiné,,,Plein jour,En agglomération,Hors intersection,Normale,Autre collision,,,,,,,,,,,1,2,1,1,6
201500008976,0015-04-20 20:15:00,15,4,20,20,15,780,147,,49.036,1.832,Plein jour,Hors agglomération,Hors intersection,Normale,Deux véhicules - côté,,,,,,,,,,,1,1,1,1,3
201500008977,0015-07-19 07:00:00,15,7,19,7,0,780,255,Rue des Coutumes,,,Crépuscule ou aube,En agglomération,Hors intersection,Normale,Autre collision,,,,,,,,,,,2,2,1,1,6
201500008978,0015-08-21 17:45:00,15,8,21,17,45,780,89,Rue Edgar Degas,,,Plein jour,En agglomération,Hors intersection,Normale,Deux véhicules - côté,,,,,,,,,,,1,2,1,1,3
201500008979,0015-09-26 08:30:00,15,9,26,8,30,780,89,Rue Valère Haegeman,,,Plein jour,En agglomération,Hors intersection,Normale,Autre collision,,,,,,,,,,,1,2,1,1,6
201500008980,0015-10-12 15:30:00,15,10,12,15,30,780,147,,,,Plein jour,Hors agglomération,Hors intersection,Normale,Autre collision,,,,,,,,,,,1,1,1,1,6
201500008981,0015-12-24 11:45:00,15,12,24,11,45,780,89,Rue Pasteur,,,Plein jour,En agglomération,Hors intersection,Temps couvert,Sans collision,,,,,,,,,,,1,2,1,8,7
201500008982,0015-01-02 17:45:00,15,1,2,17,45,780,107,,,,Nuit sans éclairage public,Hors agglomération,Hors intersection,Normale,Deux véhicules - frontale,,,,,,,,,,,3,1,1,1,1
201500008983,0015-04-05 15:45:00,15,4,5,15,45,780,324,,,,Plein jour,Hors agglomération,Hors intersection,Normale,Deux véhicules - arrière,,,,,,,,,,,1,1,1,1,2
201500008984,0015-07-03 11:00:00,15,7,3,11,0,780,444,,48.939,1.558,Plein jour,Hors agglomération,Intersection en X,Normale,Deux véhicules - côté,,,,,,,,,,,1,1,2,1,3
201500008985,0015-12-06 00:30:00,15,12,6,0,30,780,413,7 route nationale,48.907,1.551,Nuit avec éclairage allumé,En agglomération,Hors intersection,Normale,Autre collision,,,,,,,,,,,5,2,1,1,6
201500008986,0015-01-13 07:00:00,15,1,13,7,0,780,202,,49.051,1.755,Nuit sans éclairage public,Hors agglomération,Hors intersection,Normale,Deux véhicules - côté,,,,,,,,,,,3,1,1,1,3
201500008987,0015-04-12 09:15:00,15,4,12,9,15,780,113,rue du vexin,49.035,1.82,Plein jour,En agglomération,Hors intersection,Normale,Deux véhicules - côté,,,,,,,,,,,1,2,1,1,3
201500008988,0015-08-07 23:15:00,15,8,7,23,15,780,202,,,,Nuit sans éclairage public,Hors agglomération,Hors intersection,Normale,Autre collision,,,,,,,,,,,3,1,1,1,6
201500008989,0015-10-16 08:30:00,15,10,16,8,30,780,246,,,,Plein jour,Hors agglomération,Hors intersection,Normale,Trois véhicules et plus - collisions multiples,,,,,,,,,,,1,1,1,1,5
201500008990,0015-03-25 16:00:00,15,3,25,16,0,780,90,,,,Plein jour,Hors agglomération,Hors intersection,Normale,Deux véhicules - arrière,,,,,,,,,,,1,1,1,1,2
201500008991,0015-05-25 17:15:00,15,5,25,17,15,780,90,Rue Saulnier,,,Plein jour,En agglomération,Hors intersection,Normale,Autre collision,,,,,,,,,,,1,2,1,1,6
201500008992,0015-06-04 18:15:00,15,6,4,18,15,780,90,,,,Plein jour,Hors agglomération,Intersection en T,Normale,Deux véhicules - frontale,,,,,,,,,,,1,1,3,1,1
201500008993,0015-06-15 08:00:00,15,6,15,8,0,780,206,,,,Plein jour,Hors agglomération,Intersection en T,Normale,Deux véhicules - côté,,,,,,,,,,,1,1,3,1,3
201500008994,0015-09-10 12:45:00,15,9,10,12,45,780,140,route de verneuil,,,Plein jour,En agglomération,Hors intersection,Normale,Deux véhicules - frontale,,,,,,,,,,,1,2,1,1,1
201500008995,0015-10-10 20:00:00,15,10,10,20,0,780,206,rue de la république,,,Nuit avec éclairage allumé,En agglomération,Intersection en X,Normale,Deux véhicules - côté,,,,,,,,,,,5,2,2,1,3
201500008996,0015-01-09 15:00:00,15,1,9,15,0,780,263,Avenue de Neuville,48.777,1.679,Plein jour,En agglomération,Hors intersection,Temps éblouissant,Deux véhicules - côté,,,,,,,,,,,1,2,1,7,3
201500008997,0015-03-02 18:15:00,15,3,2,18,15,780,263,,,,Plein jour,Hors agglomération,Hors intersection,Normale,Deux véhicules - côté,,,,,,,,,,,1,1,1,1,3
201500008998,0015-03-27 06:15:00,15,3,27,6,15,780,520,,,,Crépuscule ou aube,Hors agglomération,Hors intersection,Normale,Deux véhicules - frontale,,,,,,,,,,,2,1,1,1,1
201500008999,0015-04-28 11:30:00,15,4,28,11,30,780,310,64 rue de paris,,,Plein jour,En agglomération,Hors intersection,Normale,Autre collision,,,,,,,,,,,1,2,1,1,6
201500009000,0015-05-16 17:45:00,15,5,16,17,45,780,263,,,,Plein jour,Hors agglomération,Hors intersection,Normale,Autre collision,,,,,,,,,,,1,1,1,1,6
201500009001,0015-07-01 13:00:00,15,7,1,13,0,780,310,06 ROUTE DE BU,,,Plein jour,En agglomération,Hors intersection,Normale,Deux véhicules - arrière,,,,,,,,,,,1,2,1,1,2
201500009002,0015-07-15 22:15:00,15,7,15,22,15,780,381,,,,Nuit sans éclairage public,Hors agglomération,Hors intersection,Normale,Autre collision,,,,,,,,,,,3,1,1,1,6
201500009003,0015-08-04 19:15:00,15,8,4,19,15,780,310,,,,Plein jour,Hors agglomération,Hors intersection,Temps éblouissant,Sans collision,,,,,,,,,,,1,1,1,7,7
201500009004,0015-09-16 19:15:00,15,9,16,19,15,780,381,rue de la république,,,Plein jour,En agglomération,Giratoire,Normale,Deux véhicules - côté,,,,,,,,,,,1,2,6,1,3
201500009005,0015-12-17 12:00:00,15,12,17,12,0,780,381,,,,Plein jour,Hors agglomération,Hors intersection,Normale,Deux véhicules - arrière,,,,,,,,,,,1,1,1,1,2
201500009006,0015-01-25 11:00:00,15,1,25,11,0,780,380,chaussee saint vincent,,,Plein jour,En agglomération,Hors intersection,Normale,Deux véhicules - côté,,,,,,,,,,,1,2,1,1,3
201500009007,0015-08-26 20:30:00,15,8,26,20,30,780,305,,,,Crépuscule ou aube,Hors agglomération,Hors intersection,Pluie légère,Sans collision,,,,,,,,,,,2,1,1,2,7
201500009008,0015-09-30 13:00:00,15,9,30,13,0,780,368,,,,Plein jour,Hors agglomération,Hors intersection,Normale,Trois véhicules et plus - collisions multiples,,,,,,,,,,,1,1,1,1,5
201500009009,0015-10-03 11:00:00,15,10,3,11,0,780,380,Chaussee saint vincent,,,Plein jour,En agglomération,Hors intersection,Temps éblouissant,Autre collision,,,,,,,,,,,1,2,1,7,6
201500009010,0015-12-08 18:30:00,15,12,8,18,30,780,451,68 rue Saint-Blaise,,,Nuit avec éclairage allumé,En agglomération,Hors intersection,Pluie légère,Deux véhicules - frontale,,,,,,,,,,,5,2,1,2,1
201500009011,0015-01-05 01:45:00,15,1,5,1,45,780,557,RD 906,,,Nuit avec éclairage non allumé,En agglomération,Hors intersection,Brouillard / fumée,Autre collision,,,,,,,,,,,4,2,1,5,6
201500009012,0015-10-09 18:00:00,15,10,9,18,0,780,307,,,,Plein jour,Hors agglomération,Hors intersection,Normale,Autre collision,,,,,,,,,,,1,1,1,1,6
201500009013,0015-08-03 08:30:00,15,8,3,8,30,780,3,,48.511,1.826,Plein jour,Hors agglomération,Hors intersection,Normale,Autre collision,,,,,,,,,,,1,1,1,1,6
201500009014,0015-12-07 12:00:00,15,12,7,12,0,780,506,,48.515,1.796,Plein jour,Hors agglomération,Hors intersection,Normale,Deux véhicules - frontale,,,,,,,,,,,1,1,1,1,1
201500009015,0015-07-21 19:15:00,15,7,21,19,15,780,575,av Guy de Coubertin,,,Plein jour,En agglomération,Hors intersection,Normale,Deux véhicules - arrière,,,,,,,,,,,1,2,1,1,2
201500009016,0015-10-28 13:45:00,15,10,28,13,45,780,575,route de versaill,48.708,2.077,Plein jour,En agglomération,Hors intersection,Normale,Deux véhicules - arrière,,,,,,,,,,,1,2,1,1,2
201500009017,0015-10-31 13:15:00,15,10,31,13,15,780,548,,,,Plein jour,Hors agglomération,Hors intersection,Normale,Deux véhicules - frontale,,,,,,,,,,,1,1,1,1,1
201500009018,0015-11-15 15:30:00,15,11,15,15,30,780,548,,,,Plein jour,Hors agglomération,Hors intersection,Normale,Trois véhicules et plus - collisions multiples,,,,,,,,,,,1,1,1,1,5
201500009019,0015-11-28 11:30:00,15,11,28,11,30,780,575,RUE VICTOR HUGO,,,Plein jour,En agglomération,Hors intersection,Normale,Deux véhicules - côté,,,,,,,,,,,1,2,1,1,3
201500009020,0015-01-04 05:15:00,15,1,4,5,15,780,389,48 rue L?on cr?t?,48.797,1.813,Nuit avec éclairage allumé,En agglomération,Hors intersection,Normale,Autre collision,,,,,,,,,,,5,2,1,1,6
201500009021,0015-05-25 17:45:00,15,5,25,17,45,780,443,,48.811,1.867,Plein jour,Hors agglomération,Autre intersection,Normale,Deux véhicules - arrière,,,,,,,,,,,1,1,9,1,2
201500009022,0015-09-19 20:30:00,15,9,19,20,30,780,289,,,,Nuit sans éclairage public,Hors agglomération,Hors intersection,Normale,Deux véhicules - frontale,,,,,,,,,,,3,1,1,1,1
201500009023,0015-10-06 15:30:00,15,10,6,15,30,780,389,,48.805,1.841,Plein jour,Hors agglomération,Hors intersection,Normale,Deux véhicules - frontale,,,,,,,,,,,1,1,1,1,1
201500009024,0015-10-09 07:15:00,15,10,9,7,15,780,389,30 avenue Léon Creté,48.791,1.813,Nuit avec éclairage allumé,En agglomération,Hors intersection,Normale,Deux véhicules - frontale,,,,,,,,,,,5,2,1,1,1
201500009025,0015-11-04 14:30:00,15,11,4,14,30,780,443,,48.814,1.878,Plein jour,Hors agglomération,Hors intersection,Normale,Deux véhicules - frontale,,,,,,,,,,,1,1,1,1,1
201500009026,0015-11-02 07:15:00,15,11,2,7,15,780,389,,48.806,1.816,Crépuscule ou aube,Hors agglomération,Hors intersection,Brouillard / fumée,Trois véhicules et plus - en chaîne,,,,,,,,,,,2,1,1,5,4
201500009027,0015-12-23 11:00:00,15,12,23,11,0,780,653,CD76,48.823,1.818,Plein jour,En agglomération,Hors intersection,Normale,Autre collision,,,,,,,,,,,1,2,1,1,6
201500009028,0015-12-22 10:00:00,15,12,22,10,0,780,576,,48.76,1.882,Plein jour,Hors agglomération,Hors intersection,Normale,Deux véhicules - frontale,,,,,,,,,,,1,1,1,1,1
201500009029,0015-09-02 15:15:00,15,9,2,15,15,780,62,cote de Neauphle,,,Plein jour,En agglomération,Hors intersection,Normale,Deux véhicules - arrière,,,,,,,,,,,1,2,1,1,2
201500009030,0015-11-04 18:15:00,15,11,4,18,15,780,321,,,,Nuit sans éclairage public,Hors agglomération,Hors intersection,Normale,Deux véhicules - côté,,,,,,,,,,,3,1,1,1,3
201500009031,0015-11-15 16:45:00,15,11,15,16,45,780,62,,48.854,1.85,Plein jour,Hors agglomération,Hors intersection,Normale,Autre collision,,,,,,,,,,,1,1,1,1,6
201500009032,0015-12-10 12:30:00,15,12,10,12,30,780,683,route de saint germain,,,Plein jour,En agglomération,Hors intersection,Temps couvert,Autre collision,,,,,,,,,,,1,2,1,8,6
201500009033,0015-04-04 10:00:00,15,4,4,10,0,780,349,,48.557,1.985,Plein jour,Hors agglomération,Hors intersection,Normale,Deux véhicules - frontale,,,,,,,,,,,1,1,1,1,1
201500009034,0015-04-18 12:00:00,15,4,18,12,0,780,537,,,,Plein jour,Hors agglomération,Hors intersection,Normale,Sans collision,,,,,,,,,,,1,1,1,1,7
201500009035,0015-07-05 08:00:00,15,7,5,8,0,780,601,,,,Plein jour,Hors agglomération,Hors intersection,Normale,Deux véhicules - frontale,,,,,,,,,,,1,1,1,1,1
201500009036,0015-07-07 18:30:00,15,7,7,18,30,780,120,,,,Plein jour,Hors agglomération,Hors intersection,Normale,Deux véhicules - frontale,,,,,,,,,,,1,1,1,1,1
201500009037,0015-07-20 21:00:00,15,7,20,21,0,780,601,,,,Plein jour,Hors agglomération,Hors intersection,Normale,Sans collision,,,,,,,,,,,1,1,1,1,7
201500009038,0015-08-14 23:30:00,15,8,14,23,30,780,537,,,,Nuit sans éclairage public,Hors agglomération,Hors intersection,Pluie légère,Deux véhicules - frontale,,,,,,,,,,,3,1,1,2,1
201500009039,0015-08-31 17:45:00,15,8,31,17,45,780,120,,,,Plein jour,Hors agglomération,Hors intersection,Normale,Sans collision,,,,,,,,,,,1,1,1,1,7
201500009040,0015-11-18 15:00:00,15,11,18,15,0,780,601,,,,Plein jour,Hors agglomération,Hors intersection,Temps couvert,Deux véhicules - arrière,,,,,,,,,,,1,1,1,8,2
201500009041,0015-12-04 13:15:00,15,12,4,13,15,780,87,,,,Plein jour,Hors agglomération,Hors intersection,Normale,Deux véhicules - frontale,,,,,,,,,,,1,1,1,1,1
201500009042,0015-07-23 13:15:00,15,7,23,13,15,910,235,RD 445,,,Plein jour,En agglomération,Giratoire,Normale,Deux véhicules - côté,,,,,,,,,,,1,2,6,1,3
201500009043,0015-01-01 01:00:00,15,1,1,1,0,910,659,route de Villoison,,,Nuit avec éclairage allumé,En agglomération,Hors intersection,Normale,Autre collision,,,,,,,,,,,5,2,1,1,6