accident_id,datetime,annee,mois,jour,heure,minute,departement,commune_insee,adresse,latitude,longitude,luminosite,agglomeration,intersection,meteo,collision,nb_vehicules,nb_usagers,nb_indemnes,nb_tues,nb_blesses_hosp,nb_blesses_legers,age_cond_1,age_cond_2,veh_type_cond_1,veh_type_cond_2,lum_code,agg_code,int_code,atm_code,col_code
201500009176,0015-10-26 23:45:00,15,10,26,23,45,770,103,,,,Nuit sans éclairage public,Hors agglomération,Hors intersection,Brouillard / fumée,Autre collision,,,,,,,,,,,3,1,1,5,6
201500009177,0015-01-29 17:30:00,15,1,29,17,30,770,145,N36,,,Plein jour,Hors agglomération,Hors intersection,Pluie légère,Deux véhicules - côté,,,,,,,,,,,1,1,1,2,3
201500009178,0015-03-21 14:30:00,15,3,21,14,30,770,534,D319XVC,48.6473,2.77488,Plein jour,Hors agglomération,Intersection en X,Normale,Deux véhicules - côté,,,,,,,,,,,1,1,2,1,3
201500009179,0015-04-18 18:30:00,15,4,18,18,30,770,493,rue de la gare,,,Plein jour,En agglomération,Hors intersection,Temps éblouissant,Deux véhicules - côté,,,,,,,,,,,1,2,1,7,3
201500009180,0015-04-30 18:45:00,15,4,30,18,45,770,7,D32,48.65341,2.85089,Plein jour,Hors agglomération,Hors intersection,Pluie forte,Autre collision,,,,,,,,,,,1,1,1,3,6
201500009181,0015-08-22 13:15:00,15,8,22,13,15,770,4,D619,48.62217,2.8311,Plein jour,Hors agglomération,Hors intersection,Temps éblouissant,Deux véhicules - côté,,,,,,,,,,,1,1,1,7,3
201500009182,0015-09-18 08:15:00,15,9,18,8,15,770,222,,,,Plein jour,Hors agglomération,Hors intersection,Normale,Deux véhicules - frontale,,,,,,,,,,,1,1,1,1,1
201500009183,0015-11-10 08:15:00,15,11,10,8,15,770,493,rue  jules guesde,48.6453,2.83043,Plein jour,En agglomération,Hors intersection,Normale,Autre collision,,,,,,,,,,,1,2,1,1,6
201500009184,0015-11-20 20:30:00,15,11,20,20,30,770,107,Av  du Général Leclerc,48.67136,2.84629,Nuit sans éclairage public,En agglomération,Hors intersection,Pluie légère,Autre collision,,,,,,,,,,,3,2,1,2,6
201500009185,0015-12-12 13:45:00,15,12,12,13,45,770,493,,48.6219,2.8373,Plein jour,Hors agglomération,Hors intersection,Normale,Sans collision,,,,,,,,,,,1,1,1,1,7
201500009186,0015-12-17 18:15:00,15,12,17,18,15,770,107,,,,Nuit sans éclairage public,Hors agglomération,Hors intersection,Normale,Deux véhicules - frontale,,,,,,,,,,,3,1,1,1,1
201500009187,0015-05-07 18:45:00,15,5,7,18,45,770,317,rue de Bombon,48.937,2.462,Plein jour,En agglomération,Hors intersection,Normale,Deux véhicules - frontale,,,,,,,,,,,1,2,1,1,1
201500009188,0015-06-04 14:00:00,15,6,4,14,0,770,211,D56,48.57445,3.01202,Plein jour,Hors agglomération,Hors intersection,Normale,Sans collision,,,,,,,,,,,1,1,1,1,7
201500009189,0015-08-05 14:15:00,15,8,5,14,15,770,191,,48.5561,2.92829,Plein jour,Hors agglomération,Hors intersection,Normale,Deux véhicules - frontale,,,,,,,,,,,1,1,1,1,1
201500009190,0015-09-14 05:45:00,15,9,14,5,45,770,317,,,,Nuit sans éclairage public,Hors agglomération,Hors intersection,Normale,Autre collision,,,,,,,,,,,3,1,1,1,6
201500009191,0015-11-30 20:30:00,15,11,30,20,30,770,211,,,,Nuit sans éclairage public,Hors agglomération,Hors intersection,Normale,Autre collision,,,,,,,,,,,3,1,1,1,6
201500009192,0015-04-24 22:30:00,15,4,24,22,30,770,177,D21,48.79723,2.72752,Nuit sans éclairage public,Hors agglomération,Hors intersection,Normale,Trois véhicules et plus - collisions multiples,,,,,,,,,,,3,1,1,1,5
201500009193,0015-05-31 05:00:00,15,5,31,5,0,770,104,4 route de liverdy,48.71054,2.80322,Nuit avec éclairage allumé,Hors agglomération,Hors intersection,Normale,Autre collision,,,,,,,,,,,5,1,1,1,6
201500009194,0015-09-21 18:45:00,15,9,21,18,45,770,470,,,,Plein jour,Hors agglomération,Hors intersection,Normale,Deux véhicules - frontale,,,,,,,,,,,1,1,1,1,1
201500009195,0015-01-02 19:30:00,15,1,2,19,30,770,128,D436 X D934,48.88408,2.8554,Nuit avec éclairage allumé,Hors agglomération,Intersection en T,Normale,Deux véhicules - frontale,,,,,,,,,,,5,1,3,1,1
201500009196,0015-07-31 05:30:00,15,7,31,5,30,770,141,,,,Crépuscule ou aube,Hors agglomération,Hors intersection,Normale,Deux véhicules - frontale,,,,,,,,,,,2,1,1,1,1
201500009197,0015-08-19 07:15:00,15,8,19,7,15,770,142,,48.8457,2.94637,Plein jour,Hors agglomération,Hors intersection,Normale,Sans collision,,,,,,,,,,,1,1,1,1,7
201500009198,0015-08-27 22:30:00,15,8,27,22,30,770,142,,,,Nuit sans éclairage public,Hors agglomération,Hors intersection,Pluie forte,Autre collision,,,,,,,,,,,3,1,1,3,6
201500009199,0015-12-06 18:00:00,15,12,6,18,0,770,49,,,,Nuit avec éclairage allumé,Hors agglomération,Hors intersection,Normale,Sans collision,,,,,,,,,,,5,1,1,1,7
201500009200,0015-12-14 17:30:00,15,12,14,17,30,770,443,rue de Meaux,,,Nuit avec éclairage allumé,En agglomération,Autre intersection,Normale,Autre collision,,,,,,,,,,,5,2,9,1,6
201500009201,0015-03-08 12:15:00,15,3,8,12,15,770,398,D222 X D6,48.8597,3.28701,Plein jour,Hors agglomération,Intersection en T,Normale,Deux véhicules - côté,,,,,,,,,,,1,1,3,1,3
201500009202,0015-06-05 17:15:00,15,6,5,17,15,770,385,D222,48.85584,3.26939,Plein jour,Hors agglomération,Hors intersection,Normale,Deux véhicules - arrière,,,,,,,,,,,1,1,1,1,2
201500009203,0015-07-10 19:45:00,15,7,10,19,45,770,182,avenue des Etats-Unis,48.78091,3.29918,Crépuscule ou aube,En agglomération,Hors intersection,Normale,Deux véhicules - côté,,,,,,,,,,,2,2,1,1,3
201500009204,0015-07-16 11:00:00,15,7,16,11,0,770,182,D215 X AERODROME,48.7661,3.27887,Plein jour,Hors agglomération,Intersection en T,Normale,Deux véhicules - frontale,,,,,,,,,,,1,1,3,1,1
201500009205,0015-08-31 15:45:00,15,8,31,15,45,770,30,,48.861,3.312,Plein jour,Hors agglomération,Hors intersection,Normale,Sans collision,,,,,,,,,,,1,1,1,1,7
201500009206,0015-10-25 00:15:00,15,10,25,0,15,770,398,D31,48.86783,3.30045,Nuit sans éclairage public,Hors agglomération,Hors intersection,Normale,Sans collision,,,,,,,,,,,3,1,1,1,7
201500009207,0015-11-16 01:15:00,15,11,16,1,15,770,406,,,,Nuit avec éclairage allumé,Hors agglomération,Hors intersection,Normale,Autre collision,,,,,,,,,,,5,1,1,1,6
201500009208,0015-04-09 22:00:00,15,4,9,22,0,770,448,RD 603,,,Nuit avec éclairage allumé,Hors agglomération,Hors intersection,Normale,Deux véhicules - côté,,,,,,,,,,,5,1,1,1,3
201500009209,0015-05-23 12:15:00,15,5,23,12,15,770,183,Avenue Marcel PERRIN,48.569,3.217,Plein jour,En agglomération,Hors intersection,Normale,Deux véhicules - côté,,,,,,,,,,,1,2,1,1,3
201500009210,0015-05-24 04:00:00,15,5,24,4,0,770,300,D19,48.93665,2.98761,Nuit sans éclairage public,Hors agglomération,Hors intersection,Normale,Autre collision,,,,,,,,,,,3,1,1,1,6
201500009211,0015-05-30 21:45:00,15,5,30,21,45,770,265,,,,Crépuscule ou aube,Hors agglomération,Hors intersection,Normale,Autre collision,,,,,,,,,,,2,1,1,1,6
201500009212,0015-06-01 17:15:00,15,6,1,17,15,770,78,D603,48.99602,3.15378,Plein jour,Hors agglomération,Hors intersection,Normale,Autre collision,,,,,,,,,,,1,1,1,1,6
201500009213,0015-06-01 20:00:00,15,6,1,20,0,770,440,rue de metz,48.579,3.138,Plein jour,En agglomération,Hors intersection,Normale,Deux véhicules - frontale,,,,,,,,,,,1,2,1,1,1
201500009214,0015-07-11 08:00:00,15,7,11,8,0,770,401,D603,49.01002,3.16496,Plein jour,Hors agglomération,Hors intersection,Normale,Deux véhicules - frontale,,,,,,,,,,,1,1,1,1,1
201500009215,0015-08-26 12:30:00,15,8,26,12,30,770,265,,,,Plein jour,Hors agglomération,Hors intersection,Normale,Trois véhicules et plus - collisions multiples,,,,,,,,,,,1,1,1,1,5
201500009216,0015-10-10 00:01:00,15,10,10,0,1,770,183,boulevard Clemenceau,48.94533,3.12603,Nuit avec éclairage allumé,En agglomération,Hors intersection,Normale,Autre collision,,,,,,,,,,,5,2,1,1,6
201500009217,0015-10-22 20:45:00,15,10,22,20,45,770,238,D19,48.89148,3.06576,Nuit sans éclairage public,Hors agglomération,Hors intersection,Pluie légère,Autre collision,,,,,,,,,,,3,1,1,2,6
201500009218,0015-11-02 15:15:00,15,11,2,15,15,770,448,rue de la haute borne,48.9446,3.11277,Plein jour,En agglomération,Hors intersection,Normale,Autre collision,,,,,,,,,,,1,2,1,1,6
201500009219,0015-12-30 18:15:00,15,12,30,18,15,770,219,,48.837,2.96842,Nuit sans éclairage public,Hors agglomération,Hors intersection,Normale,Deux véhicules - côté,,,,,,,,,,,3,1,1,1,3
201500009220,0015-04-19 18:45:00,15,4,19,18,45,770,277,D143,48.73052,2.89573,Plein jour,Hors agglomération,Hors intersection,Normale,Trois véhicules et plus - collisions multiples,,,,,,,,,,,1,1,1,1,5
201500009221,0015-05-11 08:00:00,15,5,11,8,0,770,176,D216 RUE DES ORMES,48.80015,2.99247,Plein jour,En agglomération,Hors intersection,Normale,Deux véhicules - côté,,,,,,,,,,,1,2,1,1,3
201500009222,0015-07-21 18:00:00,15,7,21,18,0,770,508,,,,Plein jour,Hors agglomération,Hors intersection,Normale,Trois véhicules et plus - collisions multiples,,,,,,,,,,,1,1,1,1,5
201500009223,0015-08-28 23:30:00,15,8,28,23,30,770,144,,48.767,2.9,Nuit sans éclairage public,Hors agglomération,Intersection en X,Normale,Deux véhicules - côté,,,,,,,,,,,3,1,2,1,3
201500009224,0015-08-29 15:30:00,15,8,29,15,30,770,508,ROUTE DE PARIS,48.81734,2.82048,Plein jour,Hors agglomération,Hors intersection,Normale,Sans collision,,,,,,,,,,,1,1,1,1,7
201500009225,0015-09-08 21:00:00,15,9,8,21,0,770,508,D231,48.8198,2.84192,Nuit sans éclairage public,Hors agglomération,Hors intersection,Normale,Sans collision,,,,,,,,,,,3,1,1,1,7
201500009226,0015-09-29 21:30:00,15,9,29,21,30,770,318,D216 (SUD) X D231,48.77622,2.89851,Nuit sans éclairage public,Hors agglomération,Intersection en T,Normale,Deux véhicules - côté,,,,,,,,,,,3,1,3,1,3
201500009227,0015-10-31 20:00:00,15,10,31,20,0,770,318,,48.7781,2.86572,Nuit sans éclairage public,Hors agglomération,Hors intersection,Normale,Deux véhicules - côté,,,,,,,,,,,3,1,1,1,3
201500009228,0015-12-26 03:30:00,15,12,26,3,30,770,144,D231,48.77151,2.90761,Nuit sans éclairage public,Hors agglomération,Hors intersection,Normale,Deux véhicules - arrière,,,,,,,,,,,3,1,1,1,2
201500009229,0015-03-28 12:15:00,15,3,28,12,15,770,402,,,,Plein jour,Hors agglomération,Hors intersection,Pluie légère,Sans collision,,,,,,,,,,,1,1,1,2,7
201500009230,0015-09-16 14:45:00,15,9,16,14,45,770,472,,,,Plein jour,Hors agglomération,Hors intersection,Pluie forte,Deux véhicules - frontale,,,,,,,,,,,1,1,1,3,1
201500009231,0015-10-06 07:30:00,15,10,6,7,30,770,402,,,,Nuit sans éclairage public,Hors agglomération,Hors intersection,Pluie forte,Sans collision,,,,,,,,,,,3,1,1,3,7
201500009232,0015-11-03 16:00:00,15,11,3,16,0,770,411,rue des épochettes,48.84657,3.15138,Plein jour,En agglomération,Intersection en X,Normale,Deux véhicules - côté,,,,,,,,,,,1,2,2,1,3
201500009233,0015-01-08 17:00:00,15,1,8,17,0,770,31,RUE DE BERNAY-VILBERT,48.681,2.92926,Crépuscule ou aube,Hors agglomération,Hors intersection,Pluie légère,Autre collision,,,,,,,,,,,2,1,1,2,6
201500009234,0015-01-26 14:30:00,15,1,26,14,30,770,264,,48.7138,2.96028,Plein jour,Hors agglomération,Intersection en X,Pluie légère,Deux véhicules - côté,,,,,,,,,,,1,1,2,2,3
201500009235,0015-01-27 10:45:00,15,1,27,10,45,770,192,,,,Plein jour,Hors agglomération,Hors intersection,Pluie légère,Deux véhicules - arrière,,,,,,,,,,,1,1,1,2,2
201500009236,0015-03-03 10:00:00,15,3,3,10,0,770,192,D144 X D144A,48.67904,2.83509,Plein jour,Hors agglomération,Intersection en X,Normale,Deux véhicules - frontale,,,,,,,,,,,1,1,2,1,1
201500009237,0015-04-01 08:30:00,15,4,1,8,30,770,192,N36,48.70989,2.83957,Plein jour,Hors agglomération,Hors intersection,Normale,Trois véhicules et plus - en chaîne,,,,,,,,,,,1,1,1,1,4
201500009238,0015-04-27 09:00:00,15,4,27,9,0,770,360,D402,48.74677,3.00276,Plein jour,Hors agglomération,Hors intersection,Pluie légère,Deux véhicules - frontale,,,,,,,,,,,1,1,1,2,1
201500009239,0015-07-12 02:00:00,15,7,12,2,0,770,393,square de la cite,48.67934,2.96785,Nuit avec éclairage allumé,En agglomération,Hors intersection,Normale,Autre collision,,,,,,,,,,,5,2,1,1,6
201500009240,0015-08-02 08:45:00,15,8,2,8,45,770,192,,,,Plein jour,Hors agglomération,Hors intersection,Normale,Deux véhicules - côté,,,,,,,,,,,1,1,1,1,3
201500009241,0015-09-19 03:30:00,15,9,19,3,30,770,486,,,,Nuit sans éclairage public,Hors agglomération,Hors intersection,Pluie légère,Deux véhicules - arrière,,,,,,,,,,,3,1,1,2,2
201500009242,0015-09-22 19:45:00,15,9,22,19,45,770,486,Hameau le jariel,,,Crépuscule ou aube,En agglomération,Hors intersection,Pluie légère,Sans collision,,,,,,,,,,,2,2,1,2,7
201500009243,0015-12-14 17:15:00,15,12,14,17,15,770,393,N4,,,Nuit sans éclairage public,Hors agglomération,Hors intersection,Normale,Sans collision,,,,,,,,,,,3,1,1,1,7
201500009244,0015-05-14 19:30:00,15,5,14,19,30,770,178,D118A X RUE DE L'EGLISE,48.2319,2.68456,Plein jour,En agglomération,Intersection en X,Normale,Deux véhicules - frontale,,,,,,,,,,,1,2,2,1,1
201500009245,0015-03-21 10:00:00,15,3,21,10,0,770,56,D4,48.23127,2.52229,Plein jour,Hors agglomération,Hors intersection,Normale,Deux véhicules - côté,,,,,,,,,,,1,1,1,1,3
201500009246,0015-04-26 16:45:00,15,4,26,16,45,770,328,D152,48.30724,2.44218,Plein jour,Hors agglomération,Hors intersection,Normale,Deux véhicules - frontale,,,,,,,,,,,1,1,1,1,1
201500009247,0015-04-27 09:30:00,15,4,27,9,30,770,3,D36,48.27113,2.52391,Plein jour,Hors agglomération,Hors intersection,Temps couvert,Deux véhicules - frontale,,,,,,,,,,,1,1,1,8,1
201500009248,0015-05-28 09:45:00,15,5,28,9,45,770,328,D63A1,48.31081,2.41969,Plein jour,En agglomération,Hors intersection,Normale,Deux véhicules - côté,,,,,,,,,,,1,2,1,1,3
201500009249,0015-06-04 09:15:00,15,6,4,9,15,770,471,D410,48.32841,2.44875,Plein jour,Hors agglomération,Hors intersection,Normale,Sans collision,,,,,,,,,,,1,1,1,1,7
201500009250,0015-06-21 21:30:00,15,6,21,21,30,770,60,,,,Plein jour,Hors agglomération,Hors intersection,Normale,Deux véhicules - arrière,,,,,,,,,,,1,1,1,1,2
201500009251,0015-06-24 08:15:00,15,6,24,8,15,770,477,D152 X D63,48.34304,2.60155,Plein jour,En agglomération,Intersection en X,Normale,Deux véhicules - arrière,,,,,,,,,,,1,2,2,1,2
201500009252,0015-08-04 18:30:00,15,8,4,18,30,770,477,,48.3328,2.59127,Plein jour,Hors agglomération,Hors intersection,Normale,Trois véhicules et plus - en chaîne,,,,,,,,,,,1,1,1,1,4
201500009253,0015-01-17 16:45:00,15,1,17,16,45,770,27,D403,48.1441,2.48122,Plein jour,Hors agglomération,Hors intersection,Normale,Deux véhicules - arrière,,,,,,,,,,,1,1,1,1,2
201500009254,0015-01-29 19:30:00,15,1,29,19,30,770,340,,48.2991,2.77013,Nuit sans éclairage public,Hors agglomération,Hors intersection,Pluie légère,Sans collision,,,,,,,,,,,3,1,1,2,7
201500009255,0015-01-15 09:00:00,15,1,15,9,0,770,35,D28,48.22052,2.9891,Plein jour,Hors agglomération,Hors intersection,Normale,Autre collision,,,,,,,,,,,1,1,1,1,6
201500009256,0015-04-04 08:15:00,15,4,4,8,15,770,370,D225,48.24727,2.77464,Plein jour,Hors agglomération,Hors intersection,Temps couvert,Autre collision,,,,,,,,,,,1,1,1,8,6
201500009257,0015-04-18 15:30:00,15,4,18,15,30,770,168,D58 X D30,48.18099,2.85363,Plein jour,Hors agglomération,Intersection en T,Normale,Deux véhicules - frontale,,,,,,,,,,,1,1,3,1,1
201500009258,0015-05-17 15:15:00,15,5,17,15,15,770,161,,,,Plein jour,Hors agglomération,Hors intersection,Normale,Sans collision,,,,,,,,,,,1,1,1,1,7
201500009259,0015-07-04 09:45:00,15,7,4,9,45,770,465,D92 X D123,48.27404,2.93228,Plein jour,Hors agglomération,Intersection en X,Normale,Deux véhicules - côté,,,,,,,,,,,1,1,2,1,3
201500009260,0015-07-24 19:30:00,15,7,24,19,30,770,261,,,,Plein jour,Hors agglomération,Hors intersection,Normale,Deux véhicules - arrière,,,,,,,,,,,1,1,1,1,2
201500009261,0015-08-21 16:15:00,15,8,21,16,15,770,184,2 rue tripier,48.31243,2.91897,Plein jour,En agglomération,Hors intersection,Normale,Autre collision,,,,,,,,,,,1,2,1,1,6
201500009262,0015-09-05 12:45:00,15,9,5,12,45,770,50,,,,Plein jour,Hors agglomération,Hors intersection,Normale,Autre collision,,,,,,,,,,,1,1,1,1,6
201500009263,0015-10-04 07:15:00,15,10,4,7,15,770,115,,,,Nuit sans éclairage public,Hors agglomération,Hors intersection,Normale,Trois véhicules et plus - collisions multiples,,,,,,,,,,,3,1,1,1,5
201500009264,0015-10-27 15:30:00,15,10,27,15,30,770,489,,48.213,2.965,Plein jour,Hors agglomération,Hors intersection,Normale,Autre collision,,,,,,,,,,,1,1,1,1,6
201500009265,0015-01-18 21:45:00,15,1,18,21,45,770,153,D41B,49.04608,2.6883,Nuit sans éclairage public,Hors agglomération,Hors intersection,Normale,Deux véhicules - frontale,,,,,,,,,,,3,1,1,1,1
201500009266,0015-06-01 14:00:00,15,6,1,14,0,770,153,,,,Plein jour,Hors agglomération,Hors intersection,Normale,Deux véhicules - frontale,,,,,,,,,,,1,1,1,1,1
201500009267,0015-06-15 10:15:00,15,6,15,10,15,770,392,N2 FIN VOIE ACCELERATION,49.07697,2.724,Plein jour,Hors agglomération,Autre intersection,Normale,Deux véhicules - arrière,,,,,,,,,,,1,1,9,1,2
201500009268,0015-06-27 14:00:00,15,6,27,14,0,770,153,PLACE DES PRIEURS,49.05449,2.67711,Plein jour,En agglomération,Place,Normale,Autre collision,,,,,,,,,,,1,2,7,1,6
201500009269,0015-07-21 16:30:00,15,7,21,16,30,770,153,d404,,,Plein jour,En agglomération,Hors intersection,Normale,Deux véhicules - côté,,,,,,,,,,,1,2,1,1,3
201500009270,0015-08-10 10:15:00,15,8,10,10,15,770,322,Avenue des 22 arpents,,,Plein jour,En agglomération,Hors intersection,Normale,Deux véhicules - côté,,,,,,,,,,,1,2,1,1,3
201500009271,0015-09-18 16:30:00,15,9,18,16,30,770,323,D26 route de Paris,,,Plein jour,En agglomération,Hors intersection,Pluie légère,Autre collision,,,,,,,,,,,1,2,1,2,6
201500009272,0015-01-25 19:00:00,15,1,25,19,0,770,94,RN 3  X RD 27(E/O),48.9576,2.80186,Nuit sans éclairage public,Hors agglomération,Intersection en X,Normale,Deux véhicules - côté,,,,,,,,,,,3,1,2,1,3
201500009273,0015-02-14 13:45:00,15,2,14,13,45,770,196,RN3,,,Plein jour,Hors agglomération,Hors intersection,Temps couvert,Autre collision,,,,,,,,,,,1,1,1,8,6
201500009274,0015-04-22 14:45:00,15,4,22,14,45,770,171,,48.887,2.804,Plein jour,Hors agglomération,Hors intersection,Normale,Trois véhicules et plus - collisions multiples,,,,,,,,,,,1,1,1,1,5
201500009275,0015-04-27 17:30:00,15,4,27,17,30,770,315,36 rue des Champs forts,48.89017,2.82041,Plein jour,En agglomération,Hors intersection,Normale,Sans collision,,,,,,,,,,,1,2,1,1,7
201500009276,0015-08-18 09:15:00,15,8,18,9,15,770,196,,,,Plein jour,Hors agglomération,Hors intersection,Normale,Deux véhicules - frontale,,,,,,,,,,,1,1,1,1,1
201500009277,0015-10-09 20:15:00,15,10,9,20,15,770,5,rue cecilia kellermann,48.9302,2.71954,Nuit avec éclairage allumé,En agglomération,Hors intersection,Normale,Deux véhicules - frontale,,,,,,,,,,,5,2,1,1,1
201500009278,0015-11-03 16:30:00,15,11,3,16,30,770,5,D404,48.91722,2.6978,Plein jour,Hors agglomération,Hors intersection,Normale,Deux véhicules - frontale,,,,,,,,,,,1,1,1,1,1
201500009279,0015-12-02 17:15:00,15,12,2,17,15,770,5,,,,Nuit sans éclairage public,Hors agglomération,Hors intersection,Normale,Trois véhicules et plus - collisions multiples,,,,,,,,,,,3,1,1,1,5
201500009280,0015-12-23 14:30:00,15,12,23,14,30,770,196,N3,,,Plein jour,Hors agglomération,Hors intersection,Normale,Deux véhicules - arrière,,,,,,,,,,,1,1,1,1,2
201500009281,0015-12-31 07:00:00,15,12,31,7,0,770,382,,48.89768,2.8907,Crépuscule ou aube,Hors agglomération,Hors intersection,Normale,Deux véhicules - frontale,,,,,,,,,,,2,1,1,1,1
201500009282,0015-02-05 17:30:00,15,2,5,17,30,770,460,D3,48.99549,3.06337,Nuit sans éclairage public,Hors agglomération,Hors intersection,Autre,Deux véhicules - frontale,,,,,,,,,,,3,1,1,9,1
201500009283,0015-02-16 07:00:00,15,2,16,7,0,770,343,D17,49.03728,3.06822,Crépuscule ou aube,Hors agglomération,Hors intersection,Brouillard / fumée,Deux véhicules - côté,,,,,,,,,,,2,1,1,5,3
201500009284,0015-06-28 11:00:00,15,6,28,11,0,770,476,,,,Plein jour,Hors agglomération,Hors intersection,Normale,Deux véhicules - frontale,,,,,,,,,,,1,1,1,1,1
201500009285,0015-07-10 21:00:00,15,7,10,21,0,770,235,D3,48.983,3.07216,Plein jour,Hors agglomération,Hors intersection,Normale,Autre collision,,,,,,,,,,,1,1,1,1,6
201500009286,0015-08-25 17:45:00,15,8,25,17,45,770,283,D405,49.08012,3.03071,Plein jour,Hors agglomération,Hors intersection,Pluie légère,Deux véhicules - frontale,,,,,,,,,,,1,1,1,2,1
201500009287,0015-09-20 06:00:00,15,9,20,6,0,770,483,,,,Crépuscule ou aube,Hors agglomération,Hors intersection,Normale,Autre collision,,,,,,,,,,,2,1,1,1,6
201500009288,0015-10-12 21:15:00,15,10,12,21,15,770,257,avenue de la Gare,49.02439,3.02793,Nuit avec éclairage allumé,En agglomération,Intersection en T,Normale,Deux véhicules - frontale,,,,,,,,,,,5,2,3,1,1
201500009289,0015-12-17 17:30:00,15,12,17,17,30,770,476,D146A3,49.05897,2.96265,Nuit sans éclairage public,Hors agglomération,Intersection en X,Pluie légère,Deux véhicules - côté,,,,,,,,,,,3,1,2,2,3
201500009290,0015-04-16 16:00:00,15,4,16,16,0,770,430,D9E1,49.08171,2.77201,Plein jour,Hors agglomération,Hors intersection,Normale,Deux véhicules - frontale,,,,,,,,,,,1,1,1,1,1
201500009291,0015-05-01 23:30:00,15,5,1,23,30,770,173,D401 LIEU-DIT BRUNOY,49.03578,2.91934,Nuit sans éclairage public,Hors agglomération,Hors intersection,Normale,Deux véhicules - frontale,,,,,,,,,,,3,1,1,1,1
201500009292,0015-06-20 16:00:00,15,6,20,16,0,770,274,D38 X D401 BORNE BLANCHE,49.03309,2.89668,Plein jour,Hors agglomération,Intersection en X,Normale,Trois véhicules et plus - collisions multiples,,,,,,,,,,,1,1,2,1,5
201500009293,0015-06-30 19:30:00,15,6,30,19,30,770,273,,,,Plein jour,Hors agglomération,Hors intersection,Temps éblouissant,Deux véhicules - frontale,,,,,,,,,,,1,1,1,7,1
201500009294,0015-07-16 15:00:00,15,7,16,15,0,770,430,13 rue du tillet,49.07334,2.79615,Plein jour,En agglomération,Hors intersection,Normale,Autre collision,,,,,,,,,,,1,2,1,1,6
201500009295,0015-08-07 14:15:00,15,8,7,14,15,770,437,,,,Plein jour,Hors agglomération,Hors intersection,Normale,Deux véhicules - frontale,,,,,,,,,,,1,1,1,1,1
201500009296,0015-08-22 18:45:00,15,8,22,18,45,770,193,,,,Plein jour,Hors agglomération,Hors intersection,Normale,Sans collision,,,,,,,,,,,1,1,1,1,7
201500009297,0015-08-25 07:45:00,15,8,25,7,45,770,344,,,,Plein jour,Hors agglomération,Hors intersection,Normale,Deux véhicules - frontale,,,,,,,,,,,1,1,1,1,1
201500009298,0015-09-12 17:15:00,15,9,12,17,15,770,273,,,,Plein jour,Hors agglomération,Hors intersection,Pluie légère,Deux véhicules - frontale,,,,,,,,,,,1,1,1,2,1
201500009299,0015-10-13 07:15:00,15,10,13,7,15,770,77,,,,Crépuscule ou aube,Hors agglomération,Intersection en T,Normale,Deux véhicules - côté,,,,,,,,,,,2,1,3,1,3
201500009300,0015-10-15 15:45:00,15,10,15,15,45,770,233,,,,Plein jour,Hors agglomération,Hors intersection,Normale,Sans collision,,,,,,,,,,,1,1,1,1,7
201500009301,0015-10-20 18:00:00,15,10,20,18,0,770,308,,,,Plein jour,Hors agglomération,Hors intersection,Normale,Sans collision,,,,,,,,,,,1,1,1,1,7
201500009302,0015-11-01 17:00:00,15,11,1,17,0,770,77,,,,Plein jour,Hors agglomération,Hors intersection,Normale,Sans collision,,,,,,,,,,,1,1,1,1,7
201500009303,0015-12-27 20:30:00,15,12,27,20,30,770,77,,,,Nuit sans éclairage public,Hors agglomération,Hors intersection,Normale,Deux véhicules - frontale,,,,,,,,,,,3,1,1,1,1
201500009304,0015-01-13 10:45:00,15,1,13,10,45,770,444,N 4,48.69222,3.39154,Plein jour,Hors agglomération,Hors intersection,Normale,Deux véhicules - frontale,,,,,,,,,,,1,1,1,1,1
201500009305,0015-02-19 07:45:00,15,2,19,7,45,770,197,N4 X RUE DE LA FONTAINE,48.69253,3.21511,Crépuscule ou aube,Hors agglomération,Intersection en Y,Autre,Trois véhicules et plus - collisions multiples,,,,,,,,,,,2,1,4,9,5
201500009306,0015-03-31 19:00:00,15,3,31,19,0,770,530,D403,48.59366,3.36007,Plein jour,Hors agglomération,Hors intersection,Normale,Autre collision,,,,,,,,,,,1,1,1,1,6
201500009307,0015-04-02 17:00:00,15,4,2,17,0,770,32,,,,Plein jour,En agglomération,Hors intersection,Pluie légère,Deux véhicules - frontale,,,,,,,,,,,1,2,1,2,1
201500009308,0015-06-16 23:15:00,15,6,16,23,15,770,416,D209,48.62002,3.10265,Nuit sans éclairage public,Hors agglomération,Hors intersection,Normale,Deux véhicules - frontale,,,,,,,,,,,3,1,1,1,1
201500009309,0015-06-27 16:30:00,15,6,27,16,30,770,109,D231 MAIS. FOREST.FAYS,48.62786,3.18825,Plein jour,Hors agglomération,Hors intersection,Normale,Deux véhicules - frontale,,,,,,,,,,,1,1,1,1,1