accident_id,datetime,annee,mois,jour,heure,minute,departement,commune_insee,adresse,latitude,longitude,luminosite,agglomeration,intersection,meteo,collision,nb_vehicules,nb_usagers,nb_indemnes,nb_tues,nb_blesses_hosp,nb_blesses_legers,age_cond_1,age_cond_2,veh_type_cond_1,veh_type_cond_2,lum_code,agg_code,int_code,atm_code,col_code
201500009440,0015-12-13 14:30:00,15,12,13,14,30,180,241,,,,Plein jour,Hors agglomération,Hors intersection,Brouillard / fumée,Autre collision,,,,,,,,,,,1,1,1,5,6
201500009441,0015-08-18 16:45:00,15,8,18,16,45,180,197,,46.71813,2.52116,Plein jour,En agglomération,Hors intersection,Normale,Autre collision,,,,,,,,,,,1,2,1,1,6
201500009442,0015-10-09 16:00:00,15,10,9,16,0,180,197,,,,Plein jour,Hors agglomération,Intersection en X,Normale,Autre collision,,,,,,,,,,,1,1,2,1,6
201500009443,0015-09-17 16:45:00,15,9,17,16,45,180,216,,46.71076,2.13087,Plein jour,Hors agglomération,Hors intersection,Temps couvert,Deux véhicules - frontale,,,,,,,,,,,1,1,1,8,1
201500009444,0015-10-22 14:45:00,15,10,22,14,45,180,152,,,,Plein jour,Hors agglomération,Hors intersection,Pluie légère,Autre collision,,,,,,,,,,,1,1,1,2,6
201500009445,0015-12-14 09:45:00,15,12,14,9,45,180,59,place du marché,46.64225,2.28192,Plein jour,En agglomération,Hors intersection,Normale,Autre collision,,,,,,,,,,,1,2,1,1,6
201500009446,0015-03-08 14:00:00,15,3,8,14,0,180,248,3 rue de la mairie,46.95143,2.43651,Plein jour,En agglomération,Hors intersection,Normale,Autre collision,,,,,,,,,,,1,2,1,1,6
201500009447,0015-09-17 11:30:00,15,9,17,11,30,180,180,,,,Plein jour,Hors agglomération,Hors intersection,Normale,Autre collision,,,,,,,,,,,1,1,1,1,6
201500009448,0015-09-12 14:30:00,15,9,12,14,30,180,108,,,,Plein jour,Hors agglomération,Hors intersection,Pluie légère,Deux véhicules - frontale,,,,,,,,,,,1,1,1,2,1
201500009449,0015-05-09 03:15:00,15,5,9,3,15,180,185,,,,Nuit sans éclairage public,Hors agglomération,Hors intersection,Pluie légère,Autre collision,,,,,,,,,,,3,1,1,2,6
201500009450,0015-05-11 14:30:00,15,5,11,14,30,180,149,,,,Plein jour,Hors agglomération,Intersection en X,Normale,Deux véhicules - côté,,,,,,,,,,,1,1,2,1,3
201500009451,0015-12-08 07:30:00,15,12,8,7,30,180,140,route de vatan,,,Crépuscule ou aube,En agglomération,Hors intersection,Normale,Deux véhicules - côté,,,,,,,,,,,2,2,1,1,3
201500009452,0015-04-15 07:30:00,15,4,15,7,30,180,28,route dépertementale 60,,,Crépuscule ou aube,En agglomération,Giratoire,Temps éblouissant,Deux véhicules - côté,,,,,,,,,,,2,2,6,7,3
201500009453,0015-09-02 07:30:00,15,9,2,7,30,180,96,rue gabriel VERNET,47.17924,2.15678,Plein jour,En agglomération,Passage à niveau,Normale,Deux véhicules - côté,,,,,,,,,,,1,2,8,1,3
201500009454,0015-12-22 12:15:00,15,12,22,12,15,180,281,,,,Plein jour,Hors agglomération,Intersection en T,Normale,Deux véhicules - arrière,,,,,,,,,,,1,1,3,1,2
201500009455,0015-12-29 13:15:00,15,12,29,13,15,180,5,,,,Plein jour,Hors agglomération,Intersection en X,Temps éblouissant,Deux véhicules - côté,,,,,,,,,,,1,1,2,7,3
201500009456,0015-04-25 19:30:00,15,4,25,19,30,180,55,,47.00326,2.15487,Plein jour,Hors agglomération,Hors intersection,Normale,Sans collision,,,,,,,,,,,1,1,1,1,7
201500009457,0015-05-14 07:30:00,15,5,14,7,30,180,157,Route de la Chapelle,47.03673,2.27829,Plein jour,En agglomération,Place,Temps couvert,Autre collision,,,,,,,,,,,1,2,7,8,6
201500009458,0015-05-23 16:30:00,15,5,23,16,30,180,207,AVENUE GABRIEL DORDAIN,46.99305,2.24658,Plein jour,En agglomération,Hors intersection,Normale,Autre collision,,,,,,,,,,,1,2,1,1,6
201500009459,0015-07-20 15:45:00,15,7,20,15,45,180,55,Avenue du 8 mai 1945,,,Plein jour,En agglomération,Hors intersection,Normale,Deux véhicules - arrière,,,,,,,,,,,1,2,1,1,2
201500009460,0015-10-11 02:30:00,15,10,11,2,30,180,133,Rue du 19 mars 1962,46.96256,2.25075,Nuit sans éclairage public,En agglomération,Hors intersection,Normale,Autre collision,,,,,,,,,,,3,2,1,1,6
201500009461,0015-10-25 19:30:00,15,10,25,19,30,180,285,,47.0256,2.21023,Nuit sans éclairage public,Hors agglomération,Intersection en X,Normale,Deux véhicules - côté,,,,,,,,,,,3,1,2,1,3
201500009462,0015-12-06 07:15:00,15,12,6,7,15,180,133,,46.941,2.263,Crépuscule ou aube,Hors agglomération,Hors intersection,Normale,Autre collision,,,,,,,,,,,2,1,1,1,6
201500009463,0015-12-18 11:15:00,15,12,18,11,15,180,133,,,,Plein jour,Hors agglomération,Hors intersection,Normale,Autre collision,,,,,,,,,,,1,1,1,1,6
201500009464,0015-04-04 19:00:00,15,4,4,19,0,180,145,,,,Plein jour,Hors agglomération,Hors intersection,Pluie légère,Autre collision,,,,,,,,,,,1,1,1,2,6
201500009465,0015-05-23 12:00:00,15,5,23,12,0,180,162,,,,Plein jour,Hors agglomération,Hors intersection,Normale,Autre collision,,,,,,,,,,,1,1,1,1,6
201500009466,0015-06-17 14:00:00,15,6,17,14,0,180,109,rue des dauphines,,,Plein jour,En agglomération,Intersection à plus de 4 branches,Temps éblouissant,Deux véhicules - côté,,,,,,,,,,,1,2,5,7,3
201500009467,0015-07-23 23:45:00,15,7,23,23,45,180,166,,,,Nuit sans éclairage public,Hors agglomération,Hors intersection,Normale,Deux véhicules - arrière,,,,,,,,,,,3,1,1,1,2
201500009468,0015-03-04 08:00:00,15,3,4,8,0,280,388,,48.40253,1.45711,Plein jour,Hors agglomération,Hors intersection,Normale,Trois véhicules et plus - collisions multiples,,,,,,,,,,,1,1,1,1,5
201500009469,0015-03-12 13:45:00,15,3,12,13,45,280,6,,48.4519,1.41736,Plein jour,Hors agglomération,Hors intersection,Normale,Deux véhicules - frontale,,,,,,,,,,,1,1,1,1,1
201500009470,0015-04-08 18:30:00,15,4,8,18,30,280,337,,48.41742,1.3459,Plein jour,Hors agglomération,Hors intersection,Temps éblouissant,Autre collision,,,,,,,,,,,1,1,1,7,6
201500009471,0015-04-23 07:30:00,15,4,23,7,30,280,48,,48.30139,1.42331,Plein jour,Hors agglomération,Hors intersection,Temps éblouissant,Deux véhicules - arrière,,,,,,,,,,,1,1,1,7,2
201500009472,0015-05-08 20:45:00,15,5,8,20,45,280,358,,48.4954,1.49665,Crépuscule ou aube,Hors agglomération,Hors intersection,Normale,Autre collision,,,,,,,,,,,2,1,1,1,6
201500009473,0015-05-30 11:30:00,15,5,30,11,30,280,388,,48.36659,1.44532,Plein jour,Hors agglomération,Hors intersection,Normale,Deux véhicules - frontale,,,,,,,,,,,1,1,1,1,1
201500009474,0015-06-01 07:30:00,15,6,1,7,30,280,201,,,,Plein jour,Hors agglomération,Hors intersection,Normale,Deux véhicules - frontale,,,,,,,,,,,1,1,1,1,1
201500009475,0015-06-04 05:45:00,15,6,4,5,45,280,6,,48.43675,1.42414,Plein jour,Hors agglomération,Hors intersection,Normale,Deux véhicules - frontale,,,,,,,,,,,1,1,1,1,1
201500009476,0015-07-06 16:00:00,15,7,6,16,0,280,162,,48.3052,1.48408,Plein jour,Hors agglomération,Hors intersection,Normale,Deux véhicules - côté,,,,,,,,,,,1,1,1,1,3
201500009477,0015-07-15 09:45:00,15,7,15,9,45,280,24,rue des orvilles,48.411,1.46265,Plein jour,En agglomération,Giratoire,Normale,Deux véhicules - côté,,,,,,,,,,,1,2,6,1,3
201500009478,0015-07-21 03:45:00,15,7,21,3,45,280,173,,,,Nuit sans éclairage public,Hors agglomération,Hors intersection,Normale,Autre collision,,,,,,,,,,,3,1,1,1,6
201500009479,0015-08-20 12:15:00,15,8,20,12,15,280,301,,,,Plein jour,Hors agglomération,Hors intersection,Normale,Deux véhicules - arrière,,,,,,,,,,,1,1,1,1,2
201500009480,0015-09-04 18:30:00,15,9,4,18,30,280,6,,,,Plein jour,Hors agglomération,Intersection en X,Normale,Deux véhicules - frontale,,,,,,,,,,,1,1,2,1,1
201500009481,0015-09-09 22:45:00,15,9,9,22,45,280,358,,48.50109,1.50375,Nuit sans éclairage public,Hors agglomération,Hors intersection,Normale,Sans collision,,,,,,,,,,,3,1,1,1,7
201500009482,0015-09-21 14:45:00,15,9,21,14,45,280,388,,48.39291,1.45209,Plein jour,Hors agglomération,Hors intersection,Normale,Deux véhicules - côté,,,,,,,,,,,1,1,1,1,3
201500009483,0015-09-23 18:00:00,15,9,23,18,0,280,388,,48.39382,1.45255,Plein jour,Hors agglomération,Intersection en T,Normale,Deux véhicules - frontale,,,,,,,,,,,1,1,3,1,1
201500009484,0015-10-29 20:30:00,15,10,29,20,30,280,380,,48.41514,1.57963,Nuit avec éclairage allumé,Hors agglomération,Hors intersection,Normale,Sans collision,,,,,,,,,,,5,1,1,1,7
201500009485,0015-10-30 22:00:00,15,10,30,22,0,280,48,RUE DE TOURS - LE TEMPLE,48.32673,1.43218,Nuit avec éclairage allumé,En agglomération,Hors intersection,Normale,Autre collision,,,,,,,,,,,5,2,1,1,6
201500009486,0015-12-21 16:30:00,15,12,21,16,30,280,173,,48.46766,1.56946,Plein jour,Hors agglomération,Hors intersection,Normale,Deux véhicules - arrière,,,,,,,,,,,1,1,1,1,2
201500009487,0015-05-18 04:45:00,15,5,18,4,45,280,154,,48.48353,1.29212,Nuit sans éclairage public,Hors agglomération,Hors intersection,Normale,Sans collision,,,,,,,,,,,3,1,1,1,7
201500009488,0015-06-17 08:15:00,15,6,17,8,15,280,324,,48.50512,1.24033,Plein jour,Hors agglomération,Intersection en X,Normale,Deux véhicules - côté,,,,,,,,,,,1,1,2,1,3
201500009489,0015-08-30 12:30:00,15,8,30,12,30,280,89,BD KENNEDY/POINT DU JOUR,,,Plein jour,En agglomération,Intersection en X,Normale,Deux véhicules - côté,,,,,,,,,,,1,2,2,1,3
201500009490,0015-08-14 14:15:00,15,8,14,14,15,280,290,,48.407,1.288,Plein jour,Hors agglomération,Hors intersection,Normale,Deux véhicules - côté,,,,,,,,,,,1,1,1,1,3
201500009491,0015-10-23 00:45:00,15,10,23,0,45,280,360,,48.61218,1.28612,Nuit sans éclairage public,Hors agglomération,Hors intersection,Temps couvert,Autre collision,,,,,,,,,,,3,1,1,8,6
201500009492,0015-05-23 07:15:00,15,5,23,7,15,280,84,,48.555,1.552,Plein jour,Hors agglomération,Hors intersection,Normale,Deux véhicules - frontale,,,,,,,,,,,1,1,1,1,1
201500009493,0015-06-06 16:15:00,15,6,6,16,15,280,196,,48.308,1.189,Plein jour,Hors agglomération,Intersection en X,Normale,Deux véhicules - côté,,,,,,,,,,,1,1,2,1,3
201500009494,0015-03-17 17:45:00,15,3,17,17,45,280,140,,48.60235,1.68193,Plein jour,En agglomération,Hors intersection,Normale,Autre collision,,,,,,,,,,,1,2,1,1,6
201500009495,0015-03-20 07:30:00,15,3,20,7,30,280,207,,48.36616,1.86743,Plein jour,En agglomération,Intersection en Y,Normale,Deux véhicules - frontale,,,,,,,,,,,1,2,4,1,1
201500009496,0015-03-30 08:30:00,15,3,30,8,30,280,363,,48.40095,1.91646,Plein jour,Hors agglomération,Intersection en X,Normale,Deux véhicules - côté,,,,,,,,,,,1,1,2,1,3
201500009497,0015-05-19 00:30:00,15,5,19,0,30,280,227,,48.59585,1.59697,Nuit sans éclairage public,Hors agglomération,Hors intersection,Temps couvert,Autre collision,,,,,,,,,,,3,1,1,8,6
201500009498,0015-06-07 03:30:00,15,6,7,3,30,280,52,16 RUE DE MAINTENON,48.56367,1.51267,Nuit avec éclairage allumé,En agglomération,Hors intersection,Normale,Autre collision,,,,,,,,,,,5,2,1,1,6
201500009499,0015-06-27 19:00:00,15,6,27,19,0,280,227,,,,Plein jour,Hors agglomération,Hors intersection,Normale,Deux véhicules - côté,,,,,,,,,,,1,1,1,1,3
201500009500,0015-06-30 21:30:00,15,6,30,21,30,280,379,,48.521,1.58,Crépuscule ou aube,Hors agglomération,Hors intersection,Temps éblouissant,Autre collision,,,,,,,,,,,2,1,1,7,6
201500009501,0015-07-19 17:15:00,15,7,19,17,15,280,191,17 ruisseau de la Vienne,48.60758,1.64251,Plein jour,En agglomération,Hors intersection,Normale,Autre collision,,,,,,,,,,,1,2,1,1,6
201500009502,0015-07-19 16:45:00,15,7,19,16,45,280,73,,48.47727,1.64356,Plein jour,Hors agglomération,Hors intersection,Normale,Deux véhicules - frontale,,,,,,,,,,,1,1,1,1,1
201500009503,0015-07-22 12:30:00,15,7,22,12,30,280,74,,48.42,1.799,Plein jour,Hors agglomération,Intersection en X,Normale,Deux véhicules - côté,,,,,,,,,,,1,1,2,1,3
201500009504,0015-07-27 17:30:00,15,7,27,17,30,280,227,,48.599,1.594,Plein jour,Hors agglomération,Hors intersection,Normale,Deux véhicules - côté,,,,,,,,,,,1,1,1,1,3
201500009505,0015-08-15 00:30:00,15,8,15,0,30,280,168,rue de germonval,48.538,1.707,Nuit avec éclairage allumé,En agglomération,Hors intersection,Pluie légère,Sans collision,,,,,,,,,,,5,2,1,2,7
201500009506,0015-09-04 11:30:00,15,9,4,11,30,280,15,,48.47179,1.77241,Plein jour,Hors agglomération,Hors intersection,Normale,Autre collision,,,,,,,,,,,1,1,1,1,6
201500009507,0015-10-09 12:15:00,15,10,9,12,15,280,140,route de gallardon,48.59736,1.67739,Plein jour,En agglomération,Hors intersection,Normale,Deux véhicules - arrière,,,,,,,,,,,1,2,1,1,2
201500009508,0015-12-15 16:15:00,15,12,15,16,15,280,168,place du jeu de paume,48.52483,1.69084,Crépuscule ou aube,En agglomération,Hors intersection,Pluie forte,Autre collision,,,,,,,,,,,2,2,1,3,6
201500009509,0015-12-31 12:15:00,15,12,31,12,15,280,135,,48.59318,1.7036,Plein jour,Hors agglomération,Hors intersection,Normale,Deux véhicules - frontale,,,,,,,,,,,1,1,1,1,1
201500009510,0015-03-11 20:30:00,15,3,11,20,30,280,199,Rue de la MADELEINE,48.20256,1.87679,Nuit avec éclairage allumé,En agglomération,Hors intersection,Normale,Deux véhicules - frontale,,,,,,,,,,,5,2,1,1,1
201500009511,0015-03-19 07:30:00,15,3,19,7,30,280,319,,48.27222,1.97491,Crépuscule ou aube,Hors agglomération,Hors intersection,Normale,Deux véhicules - frontale,,,,,,,,,,,2,1,1,1,1
201500009512,0015-05-10 19:15:00,15,5,10,19,15,280,406,,48.23725,1.68075,Plein jour,Hors agglomération,Hors intersection,Normale,Sans collision,,,,,,,,,,,1,1,1,1,7
201500009513,0015-05-26 19:15:00,15,5,26,19,15,280,32,,48.31408,1.63255,Plein jour,Hors agglomération,Intersection en X,Normale,Deux véhicules - côté,,,,,,,,,,,1,1,2,1,3
201500009514,0015-05-29 17:15:00,15,5,29,17,15,280,391,rue nationale,,,Plein jour,En agglomération,Hors intersection,Normale,Deux véhicules - côté,,,,,,,,,,,1,2,1,1,3
201500009515,0015-06-07 19:15:00,15,6,7,19,15,280,391,09 rue de la Fontaine,48.19984,1.93535,Plein jour,En agglomération,Hors intersection,Normale,Autre collision,,,,,,,,,,,1,2,1,1,6
201500009516,0015-06-28 19:00:00,15,6,28,19,0,280,47,,48.31406,1.67915,Plein jour,Hors agglomération,Hors intersection,Temps éblouissant,Sans collision,,,,,,,,,,,1,1,1,7,7
201500009517,0015-06-28 17:30:00,15,6,28,17,30,280,391,,,,Plein jour,Hors agglomération,Hors intersection,Normale,Autre collision,,,,,,,,,,,1,1,1,1,6
201500009518,0015-07-14 20:45:00,15,7,14,20,45,280,320,,48.25076,1.58438,Plein jour,Hors agglomération,Hors intersection,Normale,Autre collision,,,,,,,,,,,1,1,1,1,6
201500009519,0015-07-25 10:15:00,15,7,25,10,15,280,319,,48.28675,1.98064,Plein jour,Hors agglomération,Hors intersection,Temps couvert,Deux véhicules - frontale,,,,,,,,,,,1,1,1,8,1
201500009520,0015-09-01 11:45:00,15,9,1,11,45,280,311,RUE DE LA MOTTE,48.21026,1.86322,Plein jour,En agglomération,Hors intersection,Pluie légère,Autre collision,,,,,,,,,,,1,2,1,2,6
201500009521,0015-09-13 10:30:00,15,9,13,10,30,280,391,,48.18854,1.91966,Plein jour,Hors agglomération,Hors intersection,Pluie forte,Autre collision,,,,,,,,,,,1,1,1,3,6
201500009522,0015-09-14 15:00:00,15,9,14,15,0,280,391,,48.18855,1.91969,Plein jour,Hors agglomération,Hors intersection,Vent fort / tempête,Trois véhicules et plus - en chaîne,,,,,,,,,,,1,1,1,6,4
201500009523,0015-09-21 14:15:00,15,9,21,14,15,280,411,,48.2212,1.56026,Plein jour,Hors agglomération,Hors intersection,Normale,Autre collision,,,,,,,,,,,1,1,1,1,6
201500009524,0015-10-16 16:30:00,15,10,16,16,30,280,199,rue de la madeleine,48.20173,1.87935,Plein jour,En agglomération,Hors intersection,Normale,Autre collision,,,,,,,,,,,1,2,1,1,6
201500009525,0015-02-09 13:00:00,15,2,9,13,0,280,103,,47.98971,1.25348,Plein jour,Hors agglomération,Hors intersection,Normale,Trois véhicules et plus - collisions multiples,,,,,,,,,,,1,1,1,1,5
201500009526,0015-02-21 06:00:00,15,2,21,6,0,280,88,,48.09886,1.29845,Crépuscule ou aube,Hors agglomération,Hors intersection,Temps couvert,Sans collision,,,,,,,,,,,2,1,1,8,7
201500009527,0015-02-24 08:30:00,15,2,24,8,30,280,356,,48.07745,1.17013,Plein jour,Hors agglomération,Hors intersection,Pluie légère,Deux véhicules - côté,,,,,,,,,,,1,1,1,2,3
201500009528,0015-02-25 13:15:00,15,2,25,13,15,280,83,18 rue nationale,47.97138,1.32593,Plein jour,En agglomération,Hors intersection,Normale,Autre collision,,,,,,,,,,,1,2,1,1,6
201500009529,0015-03-20 06:15:00,15,3,20,6,15,280,340,,48.02966,1.26239,Crépuscule ou aube,Hors agglomération,Hors intersection,Normale,Autre collision,,,,,,,,,,,2,1,1,1,6
201500009530,0015-04-20 18:30:00,15,4,20,18,30,280,12,,48.15209,1.08261,Plein jour,Hors agglomération,Hors intersection,Normale,Deux véhicules - arrière,,,,,,,,,,,1,1,1,1,2
201500009531,0015-04-26 10:00:00,15,4,26,10,0,280,88,rue des champdé,48.06762,1.33502,Plein jour,En agglomération,Hors intersection,Temps couvert,Deux véhicules - côté,,,,,,,,,,,1,2,1,8,3
201500009532,0015-06-09 10:45:00,15,6,9,10,45,280,88,49 rue de la république,48.0708,1.33365,Plein jour,En agglomération,Hors intersection,Normale,Deux véhicules - arrière,,,,,,,,,,,1,2,1,1,2
201500009533,0015-06-09 18:30:00,15,6,9,18,30,280,224,,48.0549,1.40834,Plein jour,Hors agglomération,Hors intersection,Normale,Deux véhicules - frontale,,,,,,,,,,,1,1,1,1,1
201500009534,0015-06-13 20:45:00,15,6,13,20,45,280,204,,,,Crépuscule ou aube,Hors agglomération,Hors intersection,Normale,Sans collision,,,,,,,,,,,2,1,1,1,7
201500009535,0015-06-19 20:30:00,15,6,19,20,30,280,88,Rue Albert Einsrein,48.08044,1.34619,Plein jour,En agglomération,Intersection en T,Normale,Deux véhicules - côté,,,,,,,,,,,1,2,3,1,3
201500009536,0015-09-16 17:30:00,15,9,16,17,30,280,75,,48.05131,1.29263,Plein jour,Hors agglomération,Hors intersection,Pluie forte,Deux véhicules - frontale,,,,,,,,,,,1,1,1,3,1
201500009537,0015-09-17 15:15:00,15,9,17,15,15,280,204,,48.05589,1.1749,Plein jour,Hors agglomération,Intersection en X,Pluie légère,Deux véhicules - côté,,,,,,,,,,,1,1,2,2,3
201500009538,0015-09-24 17:30:00,15,9,24,17,30,280,106,route du vieu moulin,48.11532,1.4402,Plein jour,En agglomération,Hors intersection,Normale,Deux véhicules - côté,,,,,,,,,,,1,2,1,1,3
201500009539,0015-10-27 07:15:00,15,10,27,7,15,280,132,,48.09656,1.36877,Crépuscule ou aube,Hors agglomération,Hors intersection,Normale,Deux véhicules - frontale,,,,,,,,,,,2,1,1,1,1
201500009540,0015-11-30 07:30:00,15,11,30,7,30,280,389,,48.05824,1.34918,Crépuscule ou aube,Hors agglomération,Hors intersection,Normale,Sans collision,,,,,,,,,,,2,1,1,1,7
201500009541,0015-12-13 16:15:00,15,12,13,16,15,280,88,Place du 18 octobre,,,Nuit avec éclairage allumé,En agglomération,Hors intersection,Normale,Autre collision,,,,,,,,,,,5,2,1,1,6
201500009542,0015-12-23 17:45:00,15,12,23,17,45,280,205,,,,Plein jour,Hors agglomération,Hors intersection,Normale,Deux véhicules - arrière,,,,,,,,,,,1,1,1,1,2
201500009543,0015-04-08 16:30:00,15,4,8,16,30,280,287,,48.14349,1.66452,Plein jour,Hors agglomération,Hors intersection,Normale,Autre collision,,,,,,,,,,,1,1,1,1,6
201500009544,0015-04-15 17:00:00,15,4,15,17,0,280,306,,48.219,1.47,Plein jour,Hors agglomération,Hors intersection,Normale,Sans collision,,,,,,,,,,,1,1,1,1,7
201500009545,0015-05-10 20:00:00,15,5,10,20,0,280,382,,48.079,1.752,Plein jour,Hors agglomération,Hors intersection,Normale,Sans collision,,,,,,,,,,,1,1,1,1,7
201500009546,0015-05-22 17:00:00,15,5,22,17,0,280,51,,48.149,1.482,Plein jour,Hors agglomération,Hors intersection,Normale,Autre collision,,,,,,,,,,,1,1,1,1,6
201500009547,0015-06-21 20:30:00,15,6,21,20,30,280,283,,,,Plein jour,Hors agglomération,Intersection en X,Normale,Deux véhicules - frontale,,,,,,,,,,,1,1,2,1,1
201500009548,0015-07-16 03:30:00,15,7,16,3,30,280,121,,48.11694,1.85931,Nuit sans éclairage public,Hors agglomération,Hors intersection,Normale,Autre collision,,,,,,,,,,,3,1,1,1,6
201500009549,0015-10-05 13:45:00,15,10,5,13,45,280,176,,48.23645,1.48986,Plein jour,Hors agglomération,Hors intersection,Pluie forte,Deux véhicules - frontale,,,,,,,,,,,1,1,1,3,1
201500009550,0015-10-22 07:30:00,15,10,22,7,30,280,51,boulevard des Flandres,48.18043,1.39857,Crépuscule ou aube,En agglomération,Hors intersection,Pluie légère,Deux véhicules - côté,,,,,,,,,,,2,2,1,2,3
201500009551,0015-12-14 18:00:00,15,12,14,18,0,280,176,,48.2657,1.4856,Nuit sans éclairage public,Hors agglomération,Hors intersection,Normale,Deux véhicules - frontale,,,,,,,,,,,3,1,1,1,1
201500009552,0015-04-11 11:15:00,15,4,11,11,15,280,424,RUE EMILE DELAVALLEE,48.20867,1.18615,Plein jour,En agglomération,Hors intersection,Normale,Autre collision,,,,,,,,,,,1,2,1,1,6
201500009553,0015-04-21 10:15:00,15,4,21,10,15,280,41,,48.33115,1.28754,Plein jour,Hors agglomération,Hors intersection,Normale,Autre collision,,,,,,,,,,,1,1,1,1,6
201500009554,0015-07-16 10:45:00,15,7,16,10,45,280,182,,48.16642,1.23774,Plein jour,Hors agglomération,Hors intersection,Normale,Deux véhicules - arrière,,,,,,,,,,,1,1,1,1,2
201500009555,0015-10-09 09:15:00,15,10,9,9,15,280,66,,48.23642,1.23367,Plein jour,Hors agglomération,Hors intersection,Normale,Autre collision,,,,,,,,,,,1,1,1,1,6
201500009556,0015-10-16 12:30:00,15,10,16,12,30,280,225,,48.34326,1.29508,Plein jour,Hors agglomération,Hors intersection,Pluie légère,Deux véhicules - frontale,,,,,,,,,,,1,1,1,2,1
201500009557,0015-12-06 18:45:00,15,12,6,18,45,280,61,,48.20889,1.17414,Nuit avec éclairage allumé,En agglomération,Intersection en X,Normale,Deux véhicules - côté,,,,,,,,,,,5,2,2,1,3
201500009558,0015-04-01 14:45:00,15,4,1,14,45,280,170,,48.71204,1.26979,Plein jour,Hors agglomération,Hors intersection,Normale,Autre collision,,,,,,,,,,,1,1,1,1,6
201500009559,0015-06-25 14:45:00,15,6,25,14,45,280,136,rue Jean MOULIN,48.012,1.024,Plein jour,En agglomération,Hors intersection,Temps éblouissant,Deux véhicules - frontale,,,,,,,,,,,1,2,1,7,1
201500009560,0015-07-06 12:30:00,15,7,6,12,30,280,170,,,,Plein jour,Hors agglomération,Hors intersection,Normale,Sans collision,,,,,,,,,,,1,1,1,1,7
201500009561,0015-07-21 08:30:00,15,7,21,8,30,280,348,rue des ajoncs,48.75959,1.19325,Plein jour,En agglomération,Hors intersection,Normale,Deux véhicules - frontale,,,,,,,,,,,1,2,1,1,1
201500009562,0015-08-08 16:00:00,15,8,8,16,0,280,239,,,,Plein jour,Hors agglomération,Hors intersection,Normale,Autre collision,,,,,,,,,,,1,1,1,1,6
201500009563,0015-08-14 23:30:00,15,8,14,23,30,280,359,Rue de la gare PN 35,48.013,-1.04099,Nuit sans éclairage public,En agglomération,Passage à niveau,Pluie forte,Autre collision,,,,,,,,,,,3,2,8,3,6
201500009564,0015-08-28 12:45:00,15,8,28,12,45,280,143,,,,Plein jour,Hors agglomération,Intersection en X,Normale,Deux véhicules - côté,,,,,,,,,,,1,1,2,1,3
201500009565,0015-09-05 14:15:00,15,9,5,14,15,280,405,,48.7435,1.2914,Plein jour,Hors agglomération,Intersection en X,Normale,Deux véhicules - côté,,,,,,,,,,,1,1,2,1,3
201500009566,0015-09-12 20:00:00,15,9,12,20,0,280,170,,48.012,1.006,Crépuscule ou aube,Hors agglomération,Hors intersection,Normale,Autre collision,,,,,,,,,,,2,1,1,1,6
201500009567,0015-09-16 13:30:00,15,9,16,13,30,280,124,,,,Plein jour,Hors agglomération,Hors intersection,Normale,Autre collision,,,,,,,,,,,1,1,1,1,6
201500009568,0015-11-09 18:45:00,15,11,9,18,45,280,369,rte de DREUX morvilette,48.64145,1.27954,Nuit avec éclairage allumé,En agglomération,Hors intersection,Normale,Autre collision,,,,,,,,,,,5,2,1,1,6
201500009569,0015-06-10 19:45:00,15,6,10,19,45,280,371,RUE DE SOREL,48.85556,1.40691,Crépuscule ou aube,En agglomération,Hors intersection,Normale,Autre collision,,,,,,,,,,,2,2,1,1,6
201500009570,0015-06-29 16:00:00,15,6,29,16,0,280,347,,48.82231,1.56166,Plein jour,Hors agglomération,Hors intersection,Normale,Deux véhicules - frontale,,,,,,,,,,,1,1,1,1,1
201500009571,0015-07-02 14:15:00,15,7,2,14,15,280,187,,,,Plein jour,Hors agglomération,Hors intersection,Normale,Sans collision,,,,,,,,,,,1,1,1,1,7
201500009572,0015-08-24 18:30:00,15,8,24,18,30,280,1,,48.77706,1.46229,Plein jour,Hors agglomération,Hors intersection,Pluie légère,Autre collision,,,,,,,,,,,1,1,1,2,6
201500009573,0015-11-14 09:00:00,15,11,14,9,0,280,347,,48.82741,1.56492,Plein jour,Hors agglomération,Hors intersection,Normale,Trois véhicules et plus - collisions multiples,,,,,,,,,,,1,1,1,1,5
201500009574,0015-11-15 20:00:00,15,11,15,20,0,280,1,,48.77677,1.40122,Nuit sans éclairage public,Hors agglomération,Hors intersection,Normale,Sans collision,,,,,,,,,,,3,1,1,1,7
201500009575,0015-01-16 20:30:00,15,1,16,20,30,280,151,,48.69723,1.04451,Nuit sans éclairage public,Hors agglomération,Hors intersection,Normale,Deux véhicules - côté,,,,,,,,,,,3,1,1,1,3