accident_id,datetime,annee,mois,jour,heure,minute,departement,commune_insee,adresse,latitude,longitude,luminosite,agglomeration,intersection,meteo,collision,nb_vehicules,nb_usagers,nb_indemnes,nb_tues,nb_blesses_hosp,nb_blesses_legers,age_cond_1,age_cond_2,veh_type_cond_1,veh_type_cond_2,lum_code,agg_code,int_code,atm_code,col_code
201500010106,0015-03-26 13:15:00,15,3,26,13,15,60,29,"00, CLEMENCEAU (RUE GEOR",,,Plein jour,En agglomération,Hors intersection,Normale,Deux véhicules - côté,,,,,,,,,,,1,2,1,1,3
201500010107,0015-03-26 16:20:00,15,3,26,16,20,60,29,ANTIBES (RUE D'),,,Plein jour,En agglomération,Hors intersection,Normale,Autre collision,,,,,,,,,,,1,2,1,1,6
201500010108,0015-03-27 09:05:00,15,3,27,9,5,60,29,RIVAGE (BOULEVARD DU),,,Plein jour,Hors agglomération,Hors intersection,Normale,Deux véhicules - côté,,,,,,,,,,,1,1,1,1,3
201500010109,0015-03-27 23:15:00,15,3,27,23,15,60,29,CROISETTE (BOULEVARD DE,,,Nuit avec éclairage allumé,En agglomération,Hors intersection,Normale,Autre collision,,,,,,,,,,,5,2,1,1,6
201500010110,0015-03-29 20:10:00,15,3,29,20,10,60,29,"181, GRASSE (AVENUE DE)",,,Nuit avec éclairage allumé,En agglomération,Hors intersection,Normale,Deux véhicules - côté,,,,,,,,,,,5,2,1,1,3
201500010111,0015-03-31 13:10:00,15,3,31,13,10,60,29,BUDIN (RUE DR),,,Plein jour,En agglomération,Hors intersection,Normale,Autre collision,,,,,,,,,,,1,2,1,1,6
201500010112,0015-04-02 14:45:00,15,4,2,14,45,60,30,"00, CACTUS (RUE DES)",43.57452,6.99976,Plein jour,En agglomération,Hors intersection,Normale,Deux véhicules - arrière,,,,,,,,,,,1,2,1,1,2
201500010113,0015-04-04 11:30:00,15,4,4,11,30,60,30,"290, CAMPON (RUE",43.57197,7.01358,Plein jour,En agglomération,Hors intersection,Normale,Autre collision,,,,,,,,,,,1,2,1,1,6
201500010114,0015-04-07 10:15:00,15,4,7,10,15,60,29,"55, POESIE (AVENUE PIERR",43.55335,6.96339,Plein jour,En agglomération,Hors intersection,Normale,Deux véhicules - arrière,,,,,,,,,,,1,2,1,1,2
201500010115,0015-04-08 08:20:00,15,4,8,8,20,60,29,"26, VERCORS (AVENUE DU)",43.55572,6.97326,Plein jour,En agglomération,Hors intersection,Normale,Autre collision,,,,,,,,,,,1,2,1,1,6
201500010116,0015-04-09 13:55:00,15,4,9,13,55,60,29,LEADER (BOULEVARD),,,Plein jour,En agglomération,Hors intersection,Normale,Autre collision,,,,,,,,,,,1,2,1,1,6
201500010117,0015-04-14 02:50:00,15,4,14,2,50,60,30,"61, VALBONNE (ROUTE  DE)",43.57943,7.01384,Nuit avec éclairage allumé,En agglomération,Hors intersection,Normale,Sans collision,,,,,,,,,,,5,2,1,1,7
201500010118,0015-04-15 16:30:00,15,4,15,16,30,60,29,HADDAD SIMON (RUE),43.5552,7.02321,Plein jour,En agglomération,Hors intersection,Normale,Autre collision,,,,,,,,,,,1,2,1,1,6
201500010119,0015-04-22 18:35:00,15,4,22,18,35,60,29,BORDE (AVENUE DE LA)(BOC,,,Plein jour,En agglomération,Hors intersection,Normale,Autre collision,,,,,,,,,,,1,2,1,1,6
201500010120,0015-04-25 13:00:00,15,4,25,13,0,60,29,"00, DIX HUIT JUIN (PLACE",43.55397,7.01708,Plein jour,En agglomération,Hors intersection,Normale,Deux véhicules - arrière,,,,,,,,,,,1,2,1,1,2
201500010121,0015-04-15 17:00:00,15,4,15,17,0,60,29,MIDI (BOULEVARD DU),,,Plein jour,En agglomération,Hors intersection,Normale,Autre collision,,,,,,,,,,,1,2,1,1,6
201500010122,0015-04-28 17:37:00,15,4,28,17,37,60,29,"00, ALSACE ( BOULEVARD D",43.55436,7.01987,Plein jour,En agglomération,Hors intersection,Normale,Deux véhicules - côté,,,,,,,,,,,1,2,1,1,3
201500010123,0015-04-29 13:35:00,15,4,29,13,35,60,29,CROISETTE (BOULEVARD DE,43.55139,7.01751,Plein jour,En agglomération,Hors intersection,Normale,Autre collision,,,,,,,,,,,1,2,1,1,6
201500010124,0015-04-30 19:15:00,15,4,30,19,15,60,29,"24, PICAUD (AVENUE DR) B",,,Plein jour,En agglomération,Hors intersection,Normale,Autre collision,,,,,,,,,,,1,2,1,1,6
201500010125,0015-05-06 09:33:00,15,5,6,9,33,60,29,LEADER (BOULEVARD),,,Plein jour,En agglomération,Hors intersection,Normale,Autre collision,,,,,,,,,,,1,2,1,1,6
201500010126,0015-05-07 07:55:00,15,5,7,7,55,60,30,"4, NOIRCARME (RUE LIEUTE",,,Plein jour,En agglomération,Hors intersection,Normale,Sans collision,,,,,,,,,,,1,2,1,1,7
201500010127,0015-05-09 13:50:00,15,5,9,13,50,60,29,COTEAUX (AVENUE DES),,,Plein jour,En agglomération,Hors intersection,Normale,Deux véhicules - côté,,,,,,,,,,,1,2,1,1,3
201500010128,0015-05-10 09:50:00,15,5,10,9,50,60,29,"18, MIDI (BOULEVARD DU)",,,Plein jour,En agglomération,Hors intersection,Normale,Deux véhicules - côté,,,,,,,,,,,1,2,1,1,3
201500010129,0015-05-06 13:00:00,15,5,6,13,0,60,29,"71, JUIN (AVENUE MARECHA",,,Plein jour,En agglomération,Hors intersection,Normale,Deux véhicules - arrière,,,,,,,,,,,1,2,1,1,2
201500010130,0015-05-13 18:21:00,15,5,13,18,21,60,29,"170, VALLAURIS (AVENUE D",,,Plein jour,En agglomération,Hors intersection,Normale,Autre collision,,,,,,,,,,,1,2,1,1,6
201500010131,0015-05-14 15:49:00,15,5,14,15,49,60,29,"24, PICAUD (AVENUE DR) B",,,Plein jour,En agglomération,Hors intersection,Normale,Autre collision,,,,,,,,,,,1,2,1,1,6
201500010132,0015-05-14 17:25:00,15,5,14,17,25,60,29,"26, PICAUD (AVENUE DR) B",,,Plein jour,En agglomération,Hors intersection,Normale,Autre collision,,,,,,,,,,,1,2,1,1,6
201500010133,0015-05-17 20:08:00,15,5,17,20,8,60,29,TONNER (AVENUE FRANCIS),,,Plein jour,En agglomération,Hors intersection,Normale,Autre collision,,,,,,,,,,,1,2,1,1,6
201500010134,0015-05-19 07:15:00,15,5,19,7,15,60,30,"06, MOULIN (BOULEVARD JE",,,Plein jour,En agglomération,Hors intersection,Normale,Sans collision,,,,,,,,,,,1,2,1,1,7
201500010135,0015-05-19 08:25:00,15,5,19,8,25,60,29,MUSSET (RUE ALFRED DE),,,Plein jour,En agglomération,Hors intersection,Normale,Sans collision,,,,,,,,,,,1,2,1,1,7
201500010136,0015-05-19 15:23:00,15,5,19,15,23,60,29,ANCIENS COMBATTANTS D'AF,,,Plein jour,En agglomération,Hors intersection,Normale,Autre collision,,,,,,,,,,,1,2,1,1,6
201500010137,0015-05-20 09:09:00,15,5,20,9,9,60,30,DOUMER (BOULEVARD PAUL),,,Plein jour,En agglomération,Hors intersection,Normale,Deux véhicules - côté,,,,,,,,,,,1,2,1,1,3
201500010138,0015-05-21 15:35:00,15,5,21,15,35,60,29,JUIN (AVENUE MARECHAL),,,Plein jour,En agglomération,Hors intersection,Normale,Autre collision,,,,,,,,,,,1,2,1,1,6
201500010139,0015-05-11 17:23:00,15,5,11,17,23,60,29,REPUBLIQUE (BOULEVARD DE,,,Plein jour,En agglomération,Hors intersection,Normale,Deux véhicules - côté,,,,,,,,,,,1,2,1,1,3
201500010140,0015-05-26 08:35:00,15,5,26,8,35,60,30,"26, MOULIN (BOULEVARD JE",,,Plein jour,En agglomération,Hors intersection,Normale,Deux véhicules - côté,,,,,,,,,,,1,2,1,1,3
201500010141,0015-05-26 23:15:00,15,5,26,23,15,60,29,"20, CLEMENCEAU (RUE GEOR",,,Nuit avec éclairage allumé,En agglomération,Hors intersection,Normale,Autre collision,,,,,,,,,,,5,2,1,1,6
201500010142,0015-05-27 08:05:00,15,5,27,8,5,60,30,SADI CARNOT (BOULEVARD),,,Plein jour,En agglomération,Hors intersection,Normale,Deux véhicules - côté,,,,,,,,,,,1,2,1,1,3
201500010143,0015-05-29 07:56:00,15,5,29,7,56,60,29,"151, JUIN (AVENUE MARECH",,,Plein jour,En agglomération,Hors intersection,Normale,Autre collision,,,,,,,,,,,1,2,1,1,6
201500010144,0015-05-30 18:57:00,15,5,30,18,57,60,29,CEDRE (AVENUE DU),,,Plein jour,En agglomération,Hors intersection,Normale,Autre collision,,,,,,,,,,,1,2,1,1,6
201500010145,0015-06-01 12:45:00,15,6,1,12,45,60,29,"42, JUIN (AVENUE MARECHA",,,Plein jour,En agglomération,Hors intersection,Normale,Deux véhicules - côté,,,,,,,,,,,1,2,1,1,3
201500010146,0015-06-02 08:25:00,15,6,2,8,25,60,30,CAUVIN (RUE GENERAL),,,Plein jour,En agglomération,Hors intersection,Normale,Autre collision,,,,,,,,,,,1,2,1,1,6
201500010147,0015-06-02 14:50:00,15,6,2,14,50,60,29,"00, CLEMENCEAU (RUE GEOR",,,Plein jour,En agglomération,Hors intersection,Normale,Deux véhicules - côté,,,,,,,,,,,1,2,1,1,3
201500010148,0015-06-04 14:34:00,15,6,4,14,34,60,30,SADI CARNOT (BOULEVARD),,,Plein jour,En agglomération,Hors intersection,Normale,Sans collision,,,,,,,,,,,1,2,1,1,7
201500010149,0015-06-04 17:45:00,15,6,4,17,45,60,29,"77, JOURDAN (AVENUE MICH",,,Plein jour,En agglomération,Hors intersection,Normale,Sans collision,,,,,,,,,,,1,2,1,1,7
201500010150,0015-06-07 09:31:00,15,6,7,9,31,60,29,"62, CROIX DES GARDES (AV",,,Plein jour,En agglomération,Hors intersection,Normale,Deux véhicules - frontale,,,,,,,,,,,1,2,1,1,1
201500010151,0015-06-07 17:01:00,15,6,7,17,1,60,30,"76, ROOSEVELT (AVENUE FR",,,Plein jour,En agglomération,Hors intersection,Normale,Deux véhicules - arrière,,,,,,,,,,,1,2,1,1,2
201500010152,0015-06-08 10:02:00,15,6,8,10,2,60,30,"50, CAMPON (RUE",,,Plein jour,En agglomération,Hors intersection,Normale,Trois véhicules et plus - en chaîne,,,,,,,,,,,1,2,1,1,4
201500010153,0015-06-08 18:02:00,15,6,8,18,2,60,29,"29, CARNOT (BOULEVARD)",,,Plein jour,En agglomération,Hors intersection,Normale,Sans collision,,,,,,,,,,,1,2,1,1,7
201500010154,0015-06-09 18:13:00,15,6,9,18,13,60,29,"175, JOURDAN (AVENUE MIC",,,Plein jour,En agglomération,Hors intersection,Normale,Deux véhicules - côté,,,,,,,,,,,1,2,1,1,3
201500010155,0015-06-11 12:09:00,15,6,11,12,9,60,30,CARNOT (BOULEVARD),,,Plein jour,En agglomération,Hors intersection,Normale,Deux véhicules - côté,,,,,,,,,,,1,2,1,1,3
201500010156,0015-06-11 23:20:00,15,6,11,23,20,60,29,CARNOT (BOULEVARD),,,Nuit avec éclairage allumé,En agglomération,Hors intersection,Normale,Autre collision,,,,,,,,,,,5,2,1,1,6
201500010157,0015-06-13 11:30:00,15,6,13,11,30,60,30,"3/5, DOUMER (BOULEVARD P",,,Plein jour,En agglomération,Hors intersection,Normale,Autre collision,,,,,,,,,,,1,2,1,1,6
201500010158,0015-06-16 17:22:00,15,6,16,17,22,60,29,"14, CROISETTE (BOULEVARD",,,Plein jour,En agglomération,Hors intersection,Normale,Sans collision,,,,,,,,,,,1,2,1,1,7
201500010159,0015-06-21 12:20:00,15,6,21,12,20,60,30,"00, FERRY (RUE JULES)",,,Plein jour,En agglomération,Hors intersection,Normale,Autre collision,,,,,,,,,,,1,2,1,1,6
201500010160,0015-06-22 03:05:00,15,6,22,3,5,60,29,PANTIERO (PROMENADE DE L,,,Nuit avec éclairage allumé,En agglomération,Hors intersection,Normale,Sans collision,,,,,,,,,,,5,2,1,1,7
201500010161,0015-06-24 09:30:00,15,6,24,9,30,60,30,"73, DOUMER (BOULEVARD PA",,,Plein jour,En agglomération,Hors intersection,Normale,Autre collision,,,,,,,,,,,1,2,1,1,6
201500010162,0015-06-24 07:36:00,15,6,24,7,36,60,29,"00, RIOU (BOULEVARD DU)",,,Plein jour,En agglomération,Hors intersection,Normale,Deux véhicules - côté,,,,,,,,,,,1,2,1,1,3
201500010163,0015-06-24 19:33:00,15,6,24,19,33,60,29,MIDI (BOULEVARD DU),,,Plein jour,En agglomération,Hors intersection,Normale,Autre collision,,,,,,,,,,,1,2,1,1,6
201500010164,0015-06-26 15:10:00,15,6,26,15,10,60,29,"52, TONNER (AVENUE FRANC",,,Plein jour,En agglomération,Hors intersection,Normale,Sans collision,,,,,,,,,,,1,2,1,1,7
201500010165,0015-06-26 12:15:00,15,6,26,12,15,60,29,"260, JOURDAN (AVENUE MIC",,,Plein jour,En agglomération,Hors intersection,Normale,Deux véhicules - côté,,,,,,,,,,,1,2,1,1,3
201500010166,0015-06-28 19:10:00,15,6,28,19,10,60,29,"74, JOURDAN (AVENUE MICH",,,Plein jour,En agglomération,Hors intersection,Normale,Deux véhicules - côté,,,,,,,,,,,1,2,1,1,3
201500010167,0015-06-27 04:30:00,15,6,27,4,30,60,29,"15, BROUSSAILLES (AVENUE",,,Nuit avec éclairage allumé,En agglomération,Hors intersection,Normale,Deux véhicules - côté,,,,,,,,,,,5,2,1,1,3
201500010168,0015-06-29 09:40:00,15,6,29,9,40,60,29,"159, TONNER (AVENUE FRAN",,,Plein jour,En agglomération,Hors intersection,Normale,Autre collision,,,,,,,,,,,1,2,1,1,6
201500010169,0015-06-29 13:53:00,15,6,29,13,53,60,29,CROISETTE (BOULEVARD DE,,,Plein jour,En agglomération,Intersection en X,Normale,Deux véhicules - côté,,,,,,,,,,,1,2,2,1,3
201500010170,0015-07-05 19:06:00,15,7,5,19,6,60,29,MIDI (BOULEVARD DU),,,Plein jour,En agglomération,Hors intersection,Normale,Autre collision,,,,,,,,,,,1,2,1,1,6
201500010171,0015-07-08 14:30:00,15,7,8,14,30,60,30,"00, CARIMAI (RUE)",,,Plein jour,En agglomération,Hors intersection,Temps éblouissant,Deux véhicules - côté,,,,,,,,,,,1,2,1,7,3
201500010172,0015-07-11 18:37:00,15,7,11,18,37,60,29,"20, MIDI (BOULEVARD DU)",,,Plein jour,En agglomération,Hors intersection,Normale,Deux véhicules - arrière,,,,,,,,,,,1,2,1,1,2
201500010173,0015-07-11 19:52:00,15,7,11,19,52,60,29,"5, FIESOLE (AVENUE)",,,Plein jour,En agglomération,Hors intersection,Normale,Sans collision,,,,,,,,,,,1,2,1,1,7
201500010174,0015-07-14 11:50:00,15,7,14,11,50,60,30,"111, SADI CARNOT (BOULEV",,,Plein jour,En agglomération,Hors intersection,Temps éblouissant,Sans collision,,,,,,,,,,,1,2,1,7,7
201500010175,0015-07-14 22:25:00,15,7,14,22,25,60,29,"156, LEADER (BOULEVARD)",,,Nuit avec éclairage allumé,En agglomération,Hors intersection,Normale,Deux véhicules - côté,,,,,,,,,,,5,2,1,1,3
201500010176,0015-07-14 23:16:00,15,7,14,23,16,60,29,"18, MIDI (BOULEVARD DU)",,,Nuit avec éclairage allumé,En agglomération,Hors intersection,Normale,Sans collision,,,,,,,,,,,5,2,1,1,7
201500010177,0015-07-15 12:21:00,15,7,15,12,21,60,29,"52, BACHAGA SAID BOUALAM",,,Plein jour,En agglomération,Hors intersection,Normale,Deux véhicules - côté,,,,,,,,,,,1,2,1,1,3
201500010178,0015-07-16 23:55:00,15,7,16,23,55,60,29,MIDI (BOULEVARD DU),,,Nuit avec éclairage allumé,En agglomération,Hors intersection,Normale,Deux véhicules - côté,,,,,,,,,,,5,2,1,1,3
201500010179,0015-07-16 12:30:00,15,7,16,12,30,60,29,"18, MIDI (BOULEVARD DU)",,,Plein jour,En agglomération,Hors intersection,Normale,Deux véhicules - côté,,,,,,,,,,,1,2,1,1,3
201500010180,0015-07-16 17:30:00,15,7,16,17,30,60,30,"28, MERMOZ (AVENUE JEAN)",,,Plein jour,En agglomération,Hors intersection,Normale,Deux véhicules - frontale,,,,,,,,,,,1,2,1,1,1
201500010181,0015-07-16 23:50:00,15,7,16,23,50,60,29,"32, LORRAINE (BOULEVARD",,,Nuit avec éclairage allumé,En agglomération,Hors intersection,Normale,Deux véhicules - côté,,,,,,,,,,,5,2,1,1,3
201500010182,0015-07-17 00:25:00,15,7,17,0,25,60,29,VALLAURIS (AVENUE DE),,,Nuit avec éclairage allumé,En agglomération,Hors intersection,Normale,Deux véhicules - côté,,,,,,,,,,,5,2,1,1,3
201500010183,0015-07-18 13:58:00,15,7,18,13,58,60,29,"26, MIDI (BOULEVARD DU)",,,Plein jour,En agglomération,Hors intersection,Normale,Sans collision,,,,,,,,,,,1,2,1,1,7
201500010184,0015-07-20 21:58:00,15,7,20,21,58,60,29,"13, LEADER (BOULEVARD)",,,Nuit avec éclairage allumé,En agglomération,Hors intersection,Normale,Deux véhicules - côté,,,,,,,,,,,5,2,1,1,3
201500010185,0015-07-21 17:31:00,15,7,21,17,31,60,30,LACOUR (AVENUE),,,Plein jour,En agglomération,Hors intersection,Normale,Deux véhicules - côté,,,,,,,,,,,1,2,1,1,3
201500010186,0015-07-22 10:31:00,15,7,22,10,31,60,30,"92, CARNOT (BOULEVARD)",,,Plein jour,En agglomération,Hors intersection,Normale,Deux véhicules - côté,,,,,,,,,,,1,2,1,1,3
201500010187,0015-07-23 17:00:00,15,7,23,17,0,60,30,MASSENA (RUE) CANNET,,,Plein jour,En agglomération,Hors intersection,Normale,Deux véhicules - arrière,,,,,,,,,,,1,2,1,1,2
201500010188,0015-07-25 13:00:00,15,7,25,13,0,60,30,SERRA CAPEOU (RUE),,,Plein jour,En agglomération,Hors intersection,Temps éblouissant,Autre collision,,,,,,,,,,,1,2,1,7,6
201500010189,0015-07-29 09:50:00,15,7,29,9,50,60,29,MIDI (BOULEVARD DU),,,Plein jour,En agglomération,Hors intersection,Normale,Autre collision,,,,,,,,,,,1,2,1,1,6
201500010190,0015-07-29 15:20:00,15,7,29,15,20,60,29,"00, CROISETTE (BOULEVARD",,,Plein jour,En agglomération,Hors intersection,Normale,Autre collision,,,,,,,,,,,1,2,1,1,6
201500010191,0015-08-01 15:00:00,15,8,1,15,0,60,29,ANDRE (RUE CDT),,,Plein jour,En agglomération,Hors intersection,Normale,Autre collision,,,,,,,,,,,1,2,1,1,6
201500010192,0015-08-12 12:00:00,15,8,12,12,0,60,29,BROUSSAILLES (AVENUE DES,,,Plein jour,En agglomération,Intersection en T,Normale,Autre collision,,,,,,,,,,,1,2,3,1,6
201500010193,0015-08-12 12:50:00,15,8,12,12,50,60,29,"4, ESTEREL (AVENUE DE L'",43.55613,7.04341,Plein jour,En agglomération,Hors intersection,Normale,Deux véhicules - côté,,,,,,,,,,,1,2,1,1,3
201500010194,0015-08-14 11:25:00,15,8,14,11,25,60,29,COUVERTURE VOIE FERREE,,,Plein jour,En agglomération,Intersection en T,Normale,Deux véhicules - côté,,,,,,,,,,,1,2,3,1,3
201500010195,0015-08-15 18:30:00,15,8,15,18,30,60,29,MIDI (BOULEVARD DU),,,Plein jour,En agglomération,Hors intersection,Normale,Deux véhicules - côté,,,,,,,,,,,1,2,1,1,3
201500010196,0015-08-15 22:00:00,15,8,15,22,0,60,29,"90, CARNOT (BOULEVARD)",,,Nuit avec éclairage non allumé,En agglomération,Hors intersection,Normale,Autre collision,,,,,,,,,,,4,2,1,1,6
201500010197,0015-08-21 17:13:00,15,8,21,17,13,60,29,"00, RIVAGE (BOULEVARD DU",,,Plein jour,En agglomération,Hors intersection,Normale,Deux véhicules - arrière,,,,,,,,,,,1,2,1,1,2
201500010198,0015-08-22 23:00:00,15,8,22,23,0,60,29,CARNOT (BOULEVARD),,,Nuit avec éclairage allumé,En agglomération,Intersection en X,Normale,Autre collision,,,,,,,,,,,5,2,2,1,6
201500010199,0015-08-17 10:32:00,15,8,17,10,32,60,29,"22, TONNER (AVENUE FRANC",,,Plein jour,En agglomération,Hors intersection,Normale,Deux véhicules - côté,,,,,,,,,,,1,2,1,1,3
201500010200,0015-08-24 18:30:00,15,8,24,18,30,60,29,GRASSE (AVENUE DE),,,Plein jour,En agglomération,Hors intersection,Pluie forte,Autre collision,,,,,,,,,,,1,2,1,3,6
201500010201,0015-08-17 11:39:00,15,8,17,11,39,60,29,BRET (AVENUE DU CDT),,,Plein jour,En agglomération,Hors intersection,Normale,Autre collision,,,,,,,,,,,1,2,1,1,6
201500010202,0015-08-31 01:00:00,15,8,31,1,0,60,29,ANTIBES (RUE D'),,,Nuit avec éclairage allumé,En agglomération,Intersection en T,Normale,Autre collision,,,,,,,,,,,5,2,3,1,6
201500010203,0015-08-31 08:41:00,15,8,31,8,41,60,29,LORRAINE (BOULEVARD DE),,,Plein jour,En agglomération,Hors intersection,Normale,Deux véhicules - arrière,,,,,,,,,,,1,2,1,1,2
201500010204,0015-08-31 11:50:00,15,8,31,11,50,60,29,"60, PICAUD (AVENUE DU DO",,,Plein jour,En agglomération,Hors intersection,Normale,Autre collision,,,,,,,,,,,1,2,1,1,6
201500010205,0015-08-31 18:00:00,15,8,31,18,0,60,29,PICAUD (AVENUE DR) BOCCA,,,Plein jour,En agglomération,Hors intersection,Normale,Deux véhicules - arrière,,,,,,,,,,,1,2,1,1,2
201500010206,0015-09-01 16:22:00,15,9,1,16,22,60,29,"83, CARNOT (BOULEVARD)",,,Plein jour,En agglomération,Hors intersection,Normale,Sans collision,,,,,,,,,,,1,2,1,1,7
201500010207,0015-09-06 01:20:00,15,9,6,1,20,60,29,"32, MIDI (BOULEVARD DU)",,,Nuit avec éclairage allumé,En agglomération,Hors intersection,Normale,Deux véhicules - frontale,,,,,,,,,,,5,2,1,1,1
201500010208,0015-09-06 17:56:00,15,9,6,17,56,60,29,"233, JOURDAN (AVENUE MIC",,,Plein jour,En agglomération,Hors intersection,Normale,Deux véhicules - arrière,,,,,,,,,,,1,2,1,1,2
201500010209,0015-09-07 20:30:00,15,9,7,20,30,60,30,"69A, ROOSEVELT (AVENUE F",,,Nuit avec éclairage allumé,En agglomération,Hors intersection,Normale,Autre collision,,,,,,,,,,,5,2,1,1,6
201500010210,0015-09-07 21:44:00,15,9,7,21,44,60,29,POESIE (AVENUE PIERRE),,,Nuit avec éclairage allumé,En agglomération,Hors intersection,Normale,Deux véhicules - côté,,,,,,,,,,,5,2,1,1,3
201500010211,0015-09-08 08:59:00,15,9,8,8,59,60,30,"43, MERIMEE (RUE PROSPER",,,Plein jour,En agglomération,Hors intersection,Normale,Deux véhicules - arrière,,,,,,,,,,,1,2,1,1,2
201500010212,0015-09-08 13:55:00,15,9,8,13,55,60,30,FOUR A CHAUX (BD DU),,,Plein jour,En agglomération,Hors intersection,Normale,Deux véhicules - arrière,,,,,,,,,,,1,2,1,1,2
201500010213,0015-09-08 14:00:00,15,9,8,14,0,60,29,CLEMENCEAU (RUE GEORGES),,,Plein jour,En agglomération,Hors intersection,Normale,Deux véhicules - côté,,,,,,,,,,,1,2,1,1,3
201500010214,0015-09-14 21:00:00,15,9,14,21,0,60,29,"00, PICAUD (AVENUE DU DO",,,Nuit avec éclairage allumé,En agglomération,Hors intersection,Normale,Deux véhicules - arrière,,,,,,,,,,,5,2,1,1,2
201500010215,0015-09-18 09:36:00,15,9,18,9,36,60,30,SADI CARNOT (BOULEVARD),,,Plein jour,En agglomération,Hors intersection,Normale,Sans collision,,,,,,,,,,,1,2,1,1,7
201500010216,0015-09-18 14:06:00,15,9,18,14,6,60,29,"109, CARNOT (BOULEVARD)",,,Plein jour,En agglomération,Hors intersection,Temps éblouissant,Sans collision,,,,,,,,,,,1,2,1,7,7
201500010217,0015-09-20 08:35:00,15,9,20,8,35,60,29,MIDI (BOULEVARD DU),,,Plein jour,En agglomération,Hors intersection,Normale,Deux véhicules - côté,,,,,,,,,,,1,2,1,1,3
201500010218,0015-09-22 10:55:00,15,9,22,10,55,60,29,"00, LEADER (BOULEVARD)",,,Plein jour,En agglomération,Hors intersection,Normale,Autre collision,,,,,,,,,,,1,2,1,1,6
201500010219,0015-09-26 18:16:00,15,9,26,18,16,60,29,"00, JOURDAN (AVENUE MICH",,,Plein jour,En agglomération,Hors intersection,Normale,Deux véhicules - côté,,,,,,,,,,,1,2,1,1,3
201500010220,0015-09-26 22:30:00,15,9,26,22,30,60,29,"00, FERRAGE (BOULEVARD D",,,Nuit avec éclairage allumé,En agglomération,Hors intersection,Normale,Deux véhicules - arrière,,,,,,,,,,,5,2,1,1,2
201500010221,0015-10-03 07:40:00,15,10,3,7,40,60,29,"00, COUBERTIN (AVENUE PI",,,Plein jour,En agglomération,Hors intersection,Normale,Deux véhicules - côté,,,,,,,,,,,1,2,1,1,3
201500010222,0015-10-14 18:45:00,15,10,14,18,45,60,29,"00, MIDI (BOULEVARD DU)",,,Crépuscule ou aube,En agglomération,Hors intersection,Normale,Autre collision,,,,,,,,,,,2,2,1,1,6
201500010223,0015-10-21 12:30:00,15,10,21,12,30,60,30,"110, SADI CARNOT (BOULEV",,,Plein jour,En agglomération,Hors intersection,Normale,Autre collision,,,,,,,,,,,1,2,1,1,6
201500010224,0015-10-21 16:30:00,15,10,21,16,30,60,29,"25, PICAUD (AVENUE DU DO",,,Plein jour,En agglomération,Hors intersection,Normale,Deux véhicules - côté,,,,,,,,,,,1,2,1,1,3
201500010225,0015-10-27 13:38:00,15,10,27,13,38,60,29,FERRAGE (BOULEVARD DE LA,,,Plein jour,En agglomération,Hors intersection,Normale,Deux véhicules - arrière,,,,,,,,,,,1,2,1,1,2
201500010226,0015-10-27 20:00:00,15,10,27,20,0,60,29,"13, BROUSSAILLES (AVENUE",,,Nuit avec éclairage allumé,En agglomération,Hors intersection,Normale,Autre collision,,,,,,,,,,,5,2,1,1,6
201500010227,0015-10-29 18:14:00,15,10,29,18,14,60,29,"53, PICAUD (AVENUE DR) B",,,Nuit avec éclairage allumé,En agglomération,Hors intersection,Normale,Autre collision,,,,,,,,,,,5,2,1,1,6
201500010228,0015-11-01 16:25:00,15,11,1,16,25,60,29,MIDI (BOULEVARD DU),,,Plein jour,En agglomération,Hors intersection,Normale,Autre collision,,,,,,,,,,,1,2,1,1,6
201500010229,0015-11-09 08:10:00,15,11,9,8,10,60,29,PICAUD (AVENUE DU DOCTEU,,,Plein jour,En agglomération,Hors intersection,Normale,Deux véhicules - côté,,,,,,,,,,,1,2,1,1,3
201500010230,0015-11-12 08:45:00,15,11,12,8,45,60,29,HIBERT (BOULEVARD JEAN),,,Plein jour,En agglomération,Hors intersection,Normale,Deux véhicules - côté,,,,,,,,,,,1,2,1,1,3
201500010231,0015-11-15 19:07:00,15,11,15,19,7,60,29,"00, ANCIENS COMBATTANTS",,,Nuit avec éclairage allumé,En agglomération,Hors intersection,Normale,Deux véhicules - arrière,,,,,,,,,,,5,2,1,1,2
201500010232,0015-11-19 15:41:00,15,11,19,15,41,60,29,"00, HIBERT (BOULEVARD JE",,,Plein jour,En agglomération,Hors intersection,Normale,Deux véhicules - côté,,,,,,,,,,,1,2,1,1,3
201500010233,0015-11-24 10:05:00,15,11,24,10,5,60,29,PICAUD (AVENUE DR) BOCCA,,,Plein jour,En agglomération,Hors intersection,Normale,Autre collision,,,,,,,,,,,1,2,1,1,6
201500010234,0015-11-25 18:23:00,15,11,25,18,23,60,29,"21, CARNOT (BOULEVARD)",,,Nuit avec éclairage allumé,En agglomération,Hors intersection,Normale,Sans collision,,,,,,,,,,,5,2,1,1,7
201500010235,0015-11-27 15:15:00,15,11,27,15,15,60,29,"76, TONNER (AVENUE FRANC",,,Plein jour,En agglomération,Hors intersection,Normale,Autre collision,,,,,,,,,,,1,2,1,1,6
201500010236,0015-11-27 19:30:00,15,11,27,19,30,60,29,"00, CROISETTE (BOULEVARD",,,Nuit avec éclairage allumé,En agglomération,Hors intersection,Normale,Deux véhicules - côté,,,,,,,,,,,5,2,1,1,3
201500010237,0015-12-02 10:35:00,15,12,2,10,35,60,29,"15, MONTE-CARLO (AVENUE)",,,Plein jour,En agglomération,Hors intersection,Normale,Autre collision,,,,,,,,,,,1,2,1,1,6
201500010238,0015-12-03 08:20:00,15,12,3,8,20,60,29,DE GAULLE (PLACE DU GENE,,,Plein jour,En agglomération,Hors intersection,Normale,Sans collision,,,,,,,,,,,1,2,1,1,7
201500010239,0015-12-03 17:45:00,15,12,3,17,45,60,29,COUBERTIN (AVENUE PIERRE,,,Crépuscule ou aube,En agglomération,Intersection en X,Normale,Deux véhicules - arrière,,,,,,,,,,,2,2,2,1,2