accident_id,datetime,annee,mois,jour,heure,minute,departement,commune_insee,adresse,latitude,longitude,luminosite,agglomeration,intersection,meteo,collision,nb_vehicules,nb_usagers,nb_indemnes,nb_tues,nb_blesses_hosp,nb_blesses_legers,age_cond_1,age_cond_2,veh_type_cond_1,veh_type_cond_2,lum_code,agg_code,int_code,atm_code,col_code
201500010240,0015-12-07 12:15:00,15,12,7,12,15,60,29,"41, PICAUD (AVENUE DR) B",,,Plein jour,En agglomération,Hors intersection,Normale,Deux véhicules - arrière,,,,,,,,,,,1,2,1,1,2
201500010241,0015-12-09 11:30:00,15,12,9,11,30,60,29,NOUVEAU (RUE LOUIS),,,Plein jour,En agglomération,Intersection en T,Normale,Autre collision,,,,,,,,,,,1,2,3,1,6
201500010242,0015-12-12 19:30:00,15,12,12,19,30,60,30,"42, CAMPELIERES (CHEMIN",,,Nuit avec éclairage allumé,En agglomération,Hors intersection,Normale,Deux véhicules - côté,,,,,,,,,,,5,2,1,1,3
201500010243,0015-12-12 13:49:00,15,12,12,13,49,60,29,MIDI (BOULEVARD DU),,,Plein jour,En agglomération,Hors intersection,Normale,Deux véhicules - arrière,,,,,,,,,,,1,2,1,1,2
201500010244,0015-12-11 17:55:00,15,12,11,17,55,60,30,REPUBLIQUE (RUE DE LA),,,Nuit avec éclairage allumé,En agglomération,Hors intersection,Normale,Autre collision,,,,,,,,,,,5,2,1,1,6
201500010245,0015-12-13 21:20:00,15,12,13,21,20,60,29,"82, ROUBINE (AVENUE DE L",,,Nuit avec éclairage allumé,En agglomération,Hors intersection,Normale,Autre collision,,,,,,,,,,,5,2,1,1,6
201500010246,0015-12-17 07:15:00,15,12,17,7,15,60,29,JOURDAN (AVENUE MICHEL),,,Crépuscule ou aube,En agglomération,Intersection en X,Normale,Deux véhicules - côté,,,,,,,,,,,2,2,2,1,3
201500010247,0015-12-21 08:30:00,15,12,21,8,30,60,29,"15TER, RIOU (BOULEVARD D",,,Plein jour,En agglomération,Hors intersection,Normale,Autre collision,,,,,,,,,,,1,2,1,1,6
201500010248,0015-12-23 03:50:00,15,12,23,3,50,60,29,"67, CROISETTE (BOULEVARD",,,Nuit avec éclairage allumé,En agglomération,Hors intersection,Normale,Autre collision,,,,,,,,,,,5,2,1,1,6
201500010249,0015-12-25 16:40:00,15,12,25,16,40,60,29,ALSACE ( BOULEVARD D'),,,Plein jour,En agglomération,Hors intersection,Normale,Deux véhicules - côté,,,,,,,,,,,1,2,1,1,3
201500010250,0015-12-28 11:00:00,15,12,28,11,0,60,29,JUIN (AVENUE MARECHAL),,,Plein jour,En agglomération,Hors intersection,Normale,Autre collision,,,,,,,,,,,1,2,1,1,6
201500010251,0015-12-30 18:59:00,15,12,30,18,59,60,29,"31, JOURDAN (AVENUE MICH",,,Crépuscule ou aube,En agglomération,Hors intersection,Normale,Autre collision,,,,,,,,,,,2,2,1,1,6
201500010252,0015-03-21 00:10:00,15,3,21,0,10,60,69,"60, VICTOR HUGO  (BD)",,,Nuit avec éclairage allumé,En agglomération,Hors intersection,Normale,Sans collision,,,,,,,,,,,5,2,1,1,7
201500010253,0015-01-02 18:35:00,15,1,2,18,35,60,69,"188, DRAGUIGNAN (ROUTE D",43.64416,6.89861,Nuit avec éclairage allumé,Hors agglomération,Hors intersection,Normale,Sans collision,,,,,,,,,,,5,1,1,1,7
201500010254,0015-03-23 17:00:00,15,3,23,17,0,60,69,"54, CAPUCINS (CHEMIN ET",,,Plein jour,En agglomération,Hors intersection,Normale,Autre collision,,,,,,,,,,,1,2,1,1,6
201500010255,0015-01-03 21:35:00,15,1,3,21,35,60,69,"44, SCHLEY (BOULEVARD)",43.65997,6.90204,Nuit avec éclairage allumé,Hors agglomération,Hors intersection,Normale,Autre collision,,,,,,,,,,,5,1,1,1,6
201500010256,0015-03-31 16:10:00,15,3,31,16,10,60,69,"39, SIDI BRAHIM (AVENUE)",,,Plein jour,En agglomération,Hors intersection,Normale,Trois véhicules et plus - en chaîne,,,,,,,,,,,1,2,1,1,4
201500010257,0015-01-06 16:40:00,15,1,6,16,40,60,69,"137, CHEVREFEUILLES (CHE",43.6299,6.92529,Plein jour,En agglomération,Hors intersection,Normale,Autre collision,,,,,,,,,,,1,2,1,1,6
201500010258,0015-04-02 00:01:00,15,4,2,0,1,60,69,"54, CHEVREFEUILLES (CHEM",43.63728,6.92402,Nuit avec éclairage allumé,En agglomération,Intersection en Y,Normale,Sans collision,,,,,,,,,,,5,2,4,1,7
201500010259,0015-01-14 14:05:00,15,1,14,14,5,60,69,"42 BIS, SIDI BRAHIM (AVE",43.6495,6.9328,Plein jour,En agglomération,Hors intersection,Normale,Autre collision,,,,,,,,,,,1,2,1,1,6
201500010260,0015-04-02 07:50:00,15,4,2,7,50,60,69,"6, CARNOT (BOULEVARD ET",43.6564,6.92263,Plein jour,En agglomération,Hors intersection,Normale,Autre collision,,,,,,,,,,,1,2,1,1,6
201500010261,0015-01-16 09:15:00,15,1,16,9,15,60,69,"143, TOURACHE (CHEMIN DE",43.6238,6.93338,Plein jour,En agglomération,Hors intersection,Pluie légère,Sans collision,,,,,,,,,,,1,2,1,2,7
201500010262,0015-04-04 15:15:00,15,4,4,15,15,60,69,"5, RENOIR (AVENUE AUGUST",43.67979,6.94867,Plein jour,En agglomération,Hors intersection,Pluie légère,Deux véhicules - frontale,,,,,,,,,,,1,2,1,2,1
201500010263,0015-01-16 10:35:00,15,1,16,10,35,60,69,"120, PASTEUR (BOULEVARD)",43.6647,6.90375,Plein jour,Hors agglomération,Hors intersection,Pluie légère,Autre collision,,,,,,,,,,,1,1,1,2,6
201500010264,0015-01-16 14:55:00,15,1,16,14,55,60,69,COMTESSES (CHEMIN ET TRA,,,Plein jour,En agglomération,Hors intersection,Pluie légère,Autre collision,,,,,,,,,,,1,2,1,2,6
201500010265,0015-04-05 00:15:00,15,4,5,0,15,60,69,CHEVREFEUILLES (CHEMIN D,43.63875,6.92192,Nuit avec éclairage allumé,En agglomération,Hors intersection,Pluie légère,Deux véhicules - côté,,,,,,,,,,,5,2,1,2,3
201500010266,0015-01-19 07:55:00,15,1,19,7,55,60,69,"0, SIDI BRAHIM (AVENUE)",,,Nuit avec éclairage allumé,En agglomération,Hors intersection,Pluie légère,Autre collision,,,,,,,,,,,5,2,1,2,6
201500010267,0015-04-07 17:00:00,15,4,7,17,0,60,69,"74, DRAGONNIERE (CHEMIN",43.67415,6.95523,Plein jour,En agglomération,Hors intersection,Normale,Deux véhicules - frontale,,,,,,,,,,,1,2,1,1,1
201500010268,0015-04-07 10:30:00,15,4,7,10,30,60,69,CRESP (COURS HONORE),43.65722,6.92081,Plein jour,En agglomération,Hors intersection,Normale,Deux véhicules - arrière,,,,,,,,,,,1,2,1,1,2
201500010269,0015-01-22 15:15:00,15,1,22,15,15,60,69,"21, CAPUCINS (CHEMIN ET",43.6532,6.92903,Plein jour,En agglomération,Hors intersection,Normale,Deux véhicules - frontale,,,,,,,,,,,1,2,1,1,1
201500010270,0015-01-23 09:30:00,15,1,23,9,30,60,69,"15, SAINT ANTOINE (PLACE",,,Plein jour,En agglomération,Hors intersection,Normale,Autre collision,,,,,,,,,,,1,2,1,1,6
201500010271,0015-04-08 07:40:00,15,4,8,7,40,60,69,"X, CASTORS (CHEMIN DES)",43.64153,6.93288,Plein jour,En agglomération,Hors intersection,Normale,Deux véhicules - côté,,,,,,,,,,,1,2,1,1,3
201500010272,0015-04-08 09:00:00,15,4,8,9,0,60,69,DRAGUIGNAN (ROUTE DE) -,43.64317,6.90377,Plein jour,En agglomération,Hors intersection,Normale,Deux véhicules - côté,,,,,,,,,,,1,2,1,1,3
201500010273,0015-01-23 16:30:00,15,1,23,16,30,60,69,"16, LECLERC (BOULEVARD D",43.6499,6.91885,Crépuscule ou aube,En agglomération,Hors intersection,Normale,Deux véhicules - frontale,,,,,,,,,,,2,2,1,1,1
201500010274,0015-01-24 09:15:00,15,1,24,9,15,60,69,"x, PAGNOL (BOULEVARD MAR",,,Plein jour,En agglomération,Hors intersection,Normale,Deux véhicules - côté,,,,,,,,,,,1,2,1,1,3
201500010275,0015-04-08 12:09:00,15,4,8,12,9,60,69,"76, DE LATTRE DE TASSIGN",43.64851,6.92954,Plein jour,Hors agglomération,Hors intersection,Normale,Sans collision,,,,,,,,,,,1,1,1,1,7
201500010276,0015-04-09 09:00:00,15,4,9,9,0,60,69,"31, CAUVIN (AVENUE LOUIS",43.64171,6.95961,Plein jour,En agglomération,Place,Normale,Autre collision,,,,,,,,,,,1,2,7,1,6
201500010277,0015-01-25 20:25:00,15,1,25,20,25,60,69,"58, DRAGUIGNAN (ROUTE DE",43.6426,6.90773,Nuit avec éclairage allumé,En agglomération,Hors intersection,Normale,Deux véhicules - arrière,,,,,,,,,,,5,2,1,1,2
201500010278,0015-01-31 10:45:00,15,1,31,10,45,60,69,"131, CANNES (ROUTE DE)",43.63667,6.95121,Plein jour,En agglomération,Hors intersection,Normale,Trois véhicules et plus - en chaîne,,,,,,,,,,,1,2,1,1,4
201500010279,0015-04-11 08:05:00,15,4,11,8,5,60,69,"164, PEGOMAS (ROUTE DE)",43.63184,6.93149,Plein jour,En agglomération,Hors intersection,Normale,Sans collision,,,,,,,,,,,1,2,1,1,7
201500010280,0015-01-31 18:00:00,15,1,31,18,0,60,69,"2, SAINT EXUPERY (AVENUE",43.66006,6.93015,Nuit avec éclairage allumé,En agglomération,Hors intersection,Normale,Deux véhicules - arrière,,,,,,,,,,,5,2,1,1,2
201500010281,0015-04-13 07:40:00,15,4,13,7,40,60,69,"X, CAPUCINS (CHEMIN ET I",43.65279,6.92984,Plein jour,En agglomération,Hors intersection,Normale,Sans collision,,,,,,,,,,,1,2,1,1,7
201500010282,0015-02-02 16:50:00,15,2,2,16,50,60,69,"x, SEMARD (AVENUE PIERRE",,,Plein jour,En agglomération,Hors intersection,Normale,Autre collision,,,,,,,,,,,1,2,1,1,6
201500010283,0015-04-14 08:20:00,15,4,14,8,20,60,69,"56, CASTORS (CHEMIN DES)",43.64135,6.9331,Plein jour,En agglomération,Autre intersection,Normale,Sans collision,,,,,,,,,,,1,2,9,1,7
201500010284,0015-02-04 15:20:00,15,2,4,15,20,60,69,NAPOLEON (ROUTE),,,Plein jour,Hors agglomération,Hors intersection,Pluie légère,Autre collision,,,,,,,,,,,1,1,1,2,6
201500010285,0015-04-14 14:30:00,15,4,14,14,30,60,69,"34, GAMBETTA (BOULEVARD",43.66088,6.92537,Plein jour,En agglomération,Hors intersection,Normale,Deux véhicules - côté,,,,,,,,,,,1,2,1,1,3
201500010286,0015-02-06 08:50:00,15,2,6,8,50,60,69,"46, POMPIDOU (AVENUE GEO",,,Plein jour,En agglomération,Hors intersection,Temps couvert,Deux véhicules - arrière,,,,,,,,,,,1,2,1,8,2
201500010287,0015-04-15 19:00:00,15,4,15,19,0,60,69,"12, SAINT MATHIEU (ROUTE",43.65603,6.93017,Crépuscule ou aube,En agglomération,Hors intersection,Normale,Autre collision,,,,,,,,,,,2,2,1,1,6
201500010288,0015-02-10 07:30:00,15,2,10,7,30,60,69,"x, CHASSEURS ALPINS (RON",,,Plein jour,En agglomération,Giratoire,Normale,Deux véhicules - arrière,,,,,,,,,,,1,2,6,1,2
201500010289,0015-04-16 16:00:00,15,4,16,16,0,60,69,"78, ROUQUIER (BOULEVARD",,,Plein jour,Hors agglomération,Hors intersection,Normale,Deux véhicules - arrière,,,,,,,,,,,1,1,1,1,2
201500010290,0015-02-10 16:20:00,15,2,10,16,20,60,69,MARIGARDE (ROUTE DE LA),,,Plein jour,En agglomération,Hors intersection,Normale,Trois véhicules et plus - en chaîne,,,,,,,,,,,1,2,1,1,4
201500010291,0015-04-16 17:25:00,15,4,16,17,25,60,69,"x, CANNES (ROUTE DE)  -R",,,Plein jour,Hors agglomération,Hors intersection,Normale,Sans collision,,,,,,,,,,,1,1,1,1,7
201500010292,0015-02-11 18:05:00,15,2,11,18,5,60,69,"18, ONZE NOVEMBRE (RUE D",,,Nuit avec éclairage allumé,En agglomération,Hors intersection,Normale,Deux véhicules - côté,,,,,,,,,,,5,2,1,1,3
201500010293,0015-04-19 18:00:00,15,4,19,18,0,60,69,"17, CANNES (ROUTE DE)  -",,,Plein jour,En agglomération,Hors intersection,Normale,Deux véhicules - côté,,,,,,,,,,,1,2,1,1,3
201500010294,0015-02-11 20:20:00,15,2,11,20,20,60,69,"X, SIDI BRAHIM (AVENUE)",,,Nuit avec éclairage allumé,En agglomération,Hors intersection,Normale,Deux véhicules - arrière,,,,,,,,,,,5,2,1,1,2
201500010295,0015-04-20 10:30:00,15,4,20,10,30,60,69,"X, ASPRES (CHEMIN D')",43.59303,6.95912,Plein jour,Hors agglomération,Hors intersection,Normale,Autre collision,,,,,,,,,,,1,1,1,1,6
201500010296,0015-02-13 13:15:00,15,2,13,13,15,60,69,"23, MARIGARDE (ROUTE DE",,,Plein jour,En agglomération,Hors intersection,Temps couvert,Deux véhicules - frontale,,,,,,,,,,,1,2,1,8,1
201500010297,0015-04-20 14:30:00,15,4,20,14,30,60,69,", MISTRAL (AVENUE ET PLA",43.64315,6.91442,Plein jour,En agglomération,Hors intersection,Normale,Deux véhicules - arrière,,,,,,,,,,,1,2,1,1,2
201500010298,0015-02-16 17:20:00,15,2,16,17,20,60,69,"43, ORME (CHEMIN DE L')",,,Plein jour,En agglomération,Hors intersection,Normale,Deux véhicules - arrière,,,,,,,,,,,1,2,1,1,2
201500010299,0015-04-21 16:00:00,15,4,21,16,0,60,69,"x, SAINT MATHIEU (ROUTE",,,Plein jour,En agglomération,Hors intersection,Normale,Deux véhicules - frontale,,,,,,,,,,,1,2,1,1,1
201500010300,0015-02-19 15:10:00,15,2,19,15,10,60,69,"4, MARIGARDE (ROUTE DE L",,,Plein jour,En agglomération,Hors intersection,Normale,Deux véhicules - arrière,,,,,,,,,,,1,2,1,1,2
201500010301,0015-04-22 10:15:00,15,4,22,10,15,60,69,"x, FRAGONARD (BOULEVARD",,,Plein jour,En agglomération,Hors intersection,Normale,Deux véhicules - côté,,,,,,,,,,,1,2,1,1,3
201500010302,0015-02-22 09:45:00,15,2,22,9,45,60,69,"222, DRAGUIGNAN (ROUTE D",,,Plein jour,En agglomération,Hors intersection,Normale,Autre collision,,,,,,,,,,,1,2,1,1,6
201500010303,0015-04-22 19:25:00,15,4,22,19,25,60,69,"24, SIDI BRAHIM (AVENUE)",,,Plein jour,En agglomération,Hors intersection,Normale,Deux véhicules - côté,,,,,,,,,,,1,2,1,1,3
201500010304,0015-02-22 11:00:00,15,2,22,11,0,60,69,"174, SAINT MATHIEU (ROUT",,,Plein jour,En agglomération,Hors intersection,Normale,Deux véhicules - frontale,,,,,,,,,,,1,2,1,1,1
201500010305,0015-04-27 09:05:00,15,4,27,9,5,60,69,"222, DRAGUIGNAN (ROUTE D",,,Plein jour,En agglomération,Hors intersection,Pluie forte,Trois véhicules et plus - collisions multiples,,,,,,,,,,,1,2,1,3,5
201500010306,0015-02-24 12:15:00,15,2,24,12,15,60,69,"X, MARCEL PAGNOL (AVENUE",,,Plein jour,En agglomération,Intersection en T,Normale,Deux véhicules - côté,,,,,,,,,,,1,2,3,1,3
201500010307,0015-04-27 10:40:00,15,4,27,10,40,60,69,Pénétrante,,,Plein jour,En agglomération,Hors intersection,Pluie légère,Autre collision,,,,,,,,,,,1,2,1,2,6
201500010308,0015-02-24 16:15:00,15,2,24,16,15,60,69,"53, RENOIR (AVENUE AUGUS",,,Plein jour,En agglomération,Hors intersection,Normale,Sans collision,,,,,,,,,,,1,2,1,1,7
201500010309,0015-05-07 13:40:00,15,5,7,13,40,60,69,"66, VICTOR HUGO  (BD)",,,Plein jour,En agglomération,Hors intersection,Normale,Autre collision,,,,,,,,,,,1,2,1,1,6
201500010310,0015-02-26 18:50:00,15,2,26,18,50,60,69,"73, SIDI BRAHIM (AVENUE)",,,Nuit sans éclairage public,En agglomération,Hors intersection,Normale,Autre collision,,,,,,,,,,,3,2,1,1,6
201500010311,0015-05-11 10:10:00,15,5,11,10,10,60,69,"53, SIDI BRAHIM (AVENUE)",,,Plein jour,En agglomération,Giratoire,Normale,Autre collision,,,,,,,,,,,1,2,6,1,6
201500010312,0015-03-08 03:36:00,15,3,8,3,36,60,69,"10, NAPOLEON (ROUTE)",43.65846,6.92032,Nuit avec éclairage allumé,En agglomération,Hors intersection,Normale,Sans collision,,,,,,,,,,,5,2,1,1,7
201500010313,0015-05-11 17:50:00,15,5,11,17,50,60,69,Rd point des Quatre Chem,,,Plein jour,En agglomération,Hors intersection,Normale,Deux véhicules - arrière,,,,,,,,,,,1,2,1,1,2
201500010314,0015-03-09 15:40:00,15,3,9,15,40,60,69,"8, NAPOLEON (ROUTE)",,,Plein jour,Hors agglomération,Hors intersection,Normale,Deux véhicules - frontale,,,,,,,,,,,1,1,1,1,1
201500010315,0015-05-11 17:40:00,15,5,11,17,40,60,69,PEGOMAS (ROUTE DE),,,Plein jour,Hors agglomération,Hors intersection,Normale,Sans collision,,,,,,,,,,,1,1,1,1,7
201500010316,0015-03-05 15:20:00,15,3,5,15,20,60,69,"1, CLEMENCEAU (BOULEVARD",,,Plein jour,En agglomération,Hors intersection,Normale,Autre collision,,,,,,,,,,,1,2,1,1,6
201500010317,0015-05-12 18:15:00,15,5,12,18,15,60,69,MARIGARDE (ROUTE DE LA),,,Plein jour,Hors agglomération,Hors intersection,Normale,Trois véhicules et plus - en chaîne,,,,,,,,,,,1,1,1,1,4
201500010318,0015-03-11 08:15:00,15,3,11,8,15,60,69,"61, SIDI BRAHIM (AVENUE)",,,Plein jour,En agglomération,Intersection en T,Normale,Deux véhicules - côté,,,,,,,,,,,1,2,3,1,3
201500010319,0015-05-15 08:15:00,15,5,15,8,15,60,69,"109, PLASCASSIER (route",,,Plein jour,En agglomération,Hors intersection,Normale,Deux véhicules - frontale,,,,,,,,,,,1,2,1,1,1
201500010320,0015-03-11 19:25:00,15,3,11,19,25,60,69,"320, DRAGUIGNAN (ROUTE D",,,Nuit avec éclairage allumé,En agglomération,Hors intersection,Normale,Sans collision,,,,,,,,,,,5,2,1,1,7
201500010321,0015-05-18 11:50:00,15,5,18,11,50,60,69,"X, VINGT QUATRE AOUT - P",,,Plein jour,En agglomération,Hors intersection,Normale,Sans collision,,,,,,,,,,,1,2,1,1,7
201500010322,0015-03-13 15:15:00,15,3,13,15,15,60,69,"25, DE LATTRE DE TASSIGN",,,Plein jour,En agglomération,Hors intersection,Normale,Sans collision,,,,,,,,,,,1,2,1,1,7
201500010323,0015-05-19 09:45:00,15,5,19,9,45,60,69,"22, PALAIS DE JUSTICE (R",,,Plein jour,En agglomération,Hors intersection,Normale,Sans collision,,,,,,,,,,,1,2,1,1,7
201500010324,0015-03-13 17:50:00,15,3,13,17,50,60,69,ORME (CHEMIN DE L'),,,Plein jour,En agglomération,Hors intersection,Normale,Deux véhicules - côté,,,,,,,,,,,1,2,1,1,3
201500010325,0015-05-19 12:00:00,15,5,19,12,0,60,69,"103, PAOUTE (ROUTE ET TR",,,Plein jour,En agglomération,Intersection en T,Normale,Deux véhicules - côté,,,,,,,,,,,1,2,3,1,3
201500010326,0015-03-13 22:40:00,15,3,13,22,40,60,69,"8, JEAN XXIII (AVENUE)",,,Nuit avec éclairage allumé,En agglomération,Hors intersection,Normale,Sans collision,,,,,,,,,,,5,2,1,1,7
201500010327,0015-05-19 21:50:00,15,5,19,21,50,60,69,"47, DE LATTRE DE TASSIGN",,,Nuit avec éclairage allumé,En agglomération,Hors intersection,Normale,Autre collision,,,,,,,,,,,5,2,1,1,6
201500010328,0015-03-15 21:45:00,15,3,15,21,45,60,69,"1, DE LATTRE DE TASSIGNY",,,Nuit avec éclairage allumé,En agglomération,Hors intersection,Normale,Autre collision,,,,,,,,,,,5,2,1,1,6
201500010329,0015-05-21 09:55:00,15,5,21,9,55,60,69,"7, AURIBEAU (ROUTE D') -",,,Plein jour,En agglomération,Hors intersection,Normale,Autre collision,,,,,,,,,,,1,2,1,1,6
201500010330,0015-03-18 13:10:00,15,3,18,13,10,60,69,"116, CANNES (ROUTE DE)",,,Plein jour,En agglomération,Hors intersection,Normale,Sans collision,,,,,,,,,,,1,2,1,1,7
201500010331,0015-05-23 09:50:00,15,5,23,9,50,60,69,"X, CHIRIS (AVENUE, IMPAS",43.65658,6.93026,Plein jour,En agglomération,Hors intersection,Normale,Deux véhicules - arrière,,,,,,,,,,,1,2,1,1,2
201500010332,0015-05-21 10:45:00,15,5,21,10,45,60,69,"60, VICTOR HUGO  (BD)",,,Plein jour,En agglomération,Hors intersection,Normale,Deux véhicules - arrière,,,,,,,,,,,1,2,1,1,2
201500010333,0015-03-22 10:50:00,15,3,22,10,50,60,69,"216, DRAGUIGNAN (ROUTE D",,,Plein jour,En agglomération,Hors intersection,Pluie légère,Deux véhicules - frontale,,,,,,,,,,,1,2,1,2,1
201500010334,0015-05-28 15:00:00,15,5,28,15,0,60,69,AURIBEAU (ROUTE D') -D60,,,Plein jour,En agglomération,Hors intersection,Normale,Autre collision,,,,,,,,,,,1,2,1,1,6
201500010335,0015-03-22 14:50:00,15,3,22,14,50,60,69,"38, VICTORIA (AVENUE ET",,,Plein jour,En agglomération,Hors intersection,Pluie légère,Autre collision,,,,,,,,,,,1,2,1,2,6
201500010336,0015-05-29 07:00:00,15,5,29,7,0,60,69,"252, PLASCASSIER - MOULI",,,Plein jour,Hors agglomération,Hors intersection,Normale,Autre collision,,,,,,,,,,,1,1,1,1,6
201500010337,0015-05-29 14:00:00,15,5,29,14,0,60,69,"113, SCHLEY (BOULEVARD)",,,Plein jour,Hors agglomération,Hors intersection,Normale,Deux véhicules - côté,,,,,,,,,,,1,1,1,1,3
201500010338,0015-06-03 12:40:00,15,6,3,12,40,60,69,"48, DE LATTRE DE TASSIGN",43.6486,6.92575,Plein jour,En agglomération,Hors intersection,Normale,Deux véhicules - arrière,,,,,,,,,,,1,2,1,1,2
201500010339,0015-06-04 14:20:00,15,6,4,14,20,60,69,"169, DRAGUIGNAN (ROUTE D",,,Plein jour,En agglomération,Hors intersection,Normale,Deux véhicules - frontale,,,,,,,,,,,1,2,1,1,1
201500010340,0015-06-04 12:05:00,15,6,4,12,5,60,69,"150, RENOIR (AVENUE AUGU",,,Plein jour,En agglomération,Hors intersection,Normale,Deux véhicules - côté,,,,,,,,,,,1,2,1,1,3
201500010341,0015-06-03 14:30:00,15,6,3,14,30,60,69,"X, LIONS (AVENUE HONORE)",,,Plein jour,En agglomération,Hors intersection,Normale,Deux véhicules - arrière,,,,,,,,,,,1,2,1,1,2
201500010342,0015-06-05 20:30:00,15,6,5,20,30,60,69,Place César Ossola,,,Crépuscule ou aube,En agglomération,Hors intersection,Normale,Autre collision,,,,,,,,,,,2,2,1,1,6
201500010343,0015-06-08 11:00:00,15,6,8,11,0,60,69,"49, MARIGARDE (ROUTE DE",,,Plein jour,En agglomération,Hors intersection,Normale,Autre collision,,,,,,,,,,,1,2,1,1,6
201500010344,0015-06-09 12:30:00,15,6,9,12,30,60,69,FOUX (PLACE DE LA),,,Plein jour,En agglomération,Giratoire,Normale,Deux véhicules - frontale,,,,,,,,,,,1,2,6,1,1
201500010345,0015-06-11 21:50:00,15,6,11,21,50,60,69,DRAGUIGNAN (ROUTE DE) -,,,Nuit avec éclairage allumé,En agglomération,Hors intersection,Normale,Sans collision,,,,,,,,,,,5,2,1,1,7
201500010346,0015-06-12 04:30:00,15,6,12,4,30,60,69,PEGOMAS (ROUTE DE),,,Plein jour,Hors agglomération,Hors intersection,Normale,Sans collision,,,,,,,,,,,1,1,1,1,7
201500010347,0015-06-12 10:25:00,15,6,12,10,25,60,69,ORME (CHEMIN DE L'),,,Plein jour,En agglomération,Hors intersection,Pluie légère,Sans collision,,,,,,,,,,,1,2,1,2,7
201500010348,0015-06-16 16:30:00,15,6,16,16,30,60,69,"x, ORME (CHEMIN DE L')",,,Plein jour,En agglomération,Hors intersection,Pluie légère,Sans collision,,,,,,,,,,,1,2,1,2,7
201500010349,0015-06-18 14:15:00,15,6,18,14,15,60,69,"64, CANNES (ROUTE DE)  -",43.64147,6.94443,Plein jour,En agglomération,Hors intersection,Normale,Deux véhicules - frontale,,,,,,,,,,,1,2,1,1,1
201500010350,0015-06-20 10:50:00,15,6,20,10,50,60,69,"x, PEGOMAS (ROUTE DE)",43.6414,6.93697,Plein jour,En agglomération,Hors intersection,Pluie légère,Deux véhicules - arrière,,,,,,,,,,,1,2,1,2,2
201500010351,0015-06-20 16:15:00,15,6,20,16,15,60,69,"x, PEGOMAS (ROUTE DE)",43.6231,6.92612,Plein jour,En agglomération,Hors intersection,Normale,Deux véhicules - frontale,,,,,,,,,,,1,2,1,1,1
201500010352,0015-06-20 15:30:00,15,6,20,15,30,60,69,"x, SIDI BRAHIM (AVENUE)",43.64976,6.9316,Plein jour,En agglomération,Giratoire,Normale,Deux véhicules - côté,,,,,,,,,,,1,2,6,1,3
201500010353,0015-06-26 14:25:00,15,6,26,14,25,60,69,"X, VINGT QUATRE AOUT (PL",43.6401,6.97893,Plein jour,En agglomération,Hors intersection,Normale,Sans collision,,,,,,,,,,,1,2,1,1,7
201500010354,0015-06-27 22:50:00,15,6,27,22,50,60,69,"77, BASSES MOULIERES (CH",43.6332,6.91721,Nuit avec éclairage allumé,En agglomération,Hors intersection,Normale,Sans collision,,,,,,,,,,,5,2,1,1,7
201500010355,0015-06-30 18:00:00,15,6,30,18,0,60,69,"245, PEGOMAS (ROUTE DE)",43.6254,6.92744,Plein jour,En agglomération,Intersection en T,Normale,Deux véhicules - côté,,,,,,,,,,,1,2,3,1,3
201500010356,0015-07-05 20:15:00,15,7,5,20,15,60,69,"28, VICTOR HUGO  (BD)",43.6545,6.91872,Plein jour,En agglomération,Hors intersection,Normale,Autre collision,,,,,,,,,,,1,2,1,1,6
201500010357,0015-07-07 11:30:00,15,7,7,11,30,60,69,"1, PAGNOL (BOULEVARD MAR",,,Plein jour,En agglomération,Hors intersection,Normale,Deux véhicules - arrière,,,,,,,,,,,1,2,1,1,2
201500010358,0015-07-09 19:30:00,15,7,9,19,30,60,69,"77, CHENES (CHEMIN DES)",43.63737,3.0,Plein jour,En agglomération,Hors intersection,Normale,Autre collision,,,,,,,,,,,1,2,1,1,6
201500010359,0015-07-16 02:45:00,15,7,16,2,45,60,69,"25, DE LATTRE DE TASSIGN",43.64905,6.92393,Nuit avec éclairage allumé,En agglomération,Hors intersection,Normale,Autre collision,,,,,,,,,,,5,2,1,1,6
201500010360,0015-07-16 15:35:00,15,7,16,15,35,60,69,"8, PAOUTE (ROUTE ET TRAV",,,Plein jour,En agglomération,Hors intersection,Normale,Deux véhicules - frontale,,,,,,,,,,,1,2,1,1,1
201500010361,0015-07-22 22:00:00,15,7,22,22,0,60,69,"101, SAINT LAURENT (AVEN",,,Nuit avec éclairage allumé,En agglomération,Hors intersection,Normale,Deux véhicules - frontale,,,,,,,,,,,5,2,1,1,1
201500010362,0015-07-23 06:00:00,15,7,23,6,0,60,69,"x, PEGOMAS (ROUTE DE)",43.63162,6.93184,Crépuscule ou aube,En agglomération,Hors intersection,Normale,Autre collision,,,,,,,,,,,2,2,1,1,6
201500010363,0015-07-23 14:12:00,15,7,23,14,12,60,69,"20, SEMARD (AVENUE PIERR",43.6558,6.92442,Plein jour,En agglomération,Hors intersection,Normale,Deux véhicules - frontale,,,,,,,,,,,1,2,1,1,1
201500010364,0015-07-25 19:05:00,15,7,25,19,5,60,69,MARIGARDE (ROUTE DE LA),43.6551,6.94197,Plein jour,En agglomération,Hors intersection,Normale,Deux véhicules - frontale,,,,,,,,,,,1,2,1,1,1
201500010365,0015-07-27 11:20:00,15,7,27,11,20,60,69,"67, LIBERATION (AVENUE D",,,Plein jour,En agglomération,Hors intersection,Normale,Deux véhicules - frontale,,,,,,,,,,,1,2,1,1,1
201500010366,0015-07-26 19:20:00,15,7,26,19,20,60,69,"141, KENNEDY (BOULEVARD",43.6677,6.92903,Plein jour,Hors agglomération,Hors intersection,Normale,Deux véhicules - frontale,,,,,,,,,,,1,1,1,1,1
201500010367,0015-07-27 19:40:00,15,7,27,19,40,60,69,"28, POMPIDOU (AVENUE GEO",43.6484,6.93542,Plein jour,En agglomération,Hors intersection,Normale,Deux véhicules - côté,,,,,,,,,,,1,2,1,1,3
201500010368,0015-07-29 08:30:00,15,7,29,8,30,60,69,"X, LIBERATION (AVENUE DE",,,Plein jour,En agglomération,Hors intersection,Normale,Sans collision,,,,,,,,,,,1,2,1,1,7