accident_id,datetime,annee,mois,jour,heure,minute,departement,commune_insee,adresse,latitude,longitude,luminosite,agglomeration,intersection,meteo,collision,nb_vehicules,nb_usagers,nb_indemnes,nb_tues,nb_blesses_hosp,nb_blesses_legers,age_cond_1,age_cond_2,veh_type_cond_1,veh_type_cond_2,lum_code,agg_code,int_code,atm_code,col_code
201500010369,0015-07-29 08:30:00,15,7,29,8,30,60,69,"X, LIBERATION (AVENUE DE",43.64914,6.91745,Plein jour,En agglomération,Hors intersection,Normale,Sans collision,,,,,,,,,,,1,2,1,1,7
201500010370,0015-07-30 12:08:00,15,7,30,12,8,60,69,"1, PAGNOL (BOULEVARD MAR",43.64518,6.94139,Plein jour,En agglomération,Hors intersection,Normale,Deux véhicules - arrière,,,,,,,,,,,1,2,1,1,2
201500010371,0015-07-30 14:30:00,15,7,30,14,30,60,69,CABRIS (ROUTE DE),43.66752,6.88782,Plein jour,En agglomération,Hors intersection,Normale,Sans collision,,,,,,,,,,,1,2,1,1,7
201500010372,0015-08-02 04:15:00,15,8,2,4,15,60,69,MISTRAL (AVENUE ET PLACE,43.6417,6.91164,Nuit avec éclairage allumé,En agglomération,Giratoire,Normale,Sans collision,,,,,,,,,,,5,2,6,1,7
201500010373,0015-08-04 14:45:00,15,8,4,14,45,60,69,"x, CLEMENCEAU (BOULEVARD",43.66457,6.91932,Plein jour,En agglomération,Autre intersection,Normale,Deux véhicules - côté,,,,,,,,,,,1,2,9,1,3
201500010374,0015-08-10 19:55:00,15,8,10,19,55,60,69,"120, LIBERATION (AVENUE",43.64215,6.91201,Plein jour,En agglomération,Hors intersection,Normale,Trois véhicules et plus - collisions multiples,,,,,,,,,,,1,2,1,1,5
201500010375,0015-08-10 17:30:00,15,8,10,17,30,60,69,"x, CAMPEROUSSE (CHEMIN D",43.38164,7.116,Plein jour,Hors agglomération,Hors intersection,Normale,Deux véhicules - arrière,,,,,,,,,,,1,1,1,1,2
201500010376,0015-08-12 22:55:00,15,8,12,22,55,60,69,"24, HUGO (BOULEVARD ET T",43.65447,6.91873,Nuit avec éclairage allumé,En agglomération,Hors intersection,Normale,Deux véhicules - côté,,,,,,,,,,,5,2,1,1,3
201500010377,0015-08-14 15:25:00,15,8,14,15,25,60,69,"PR57, Pénétrante",,,Plein jour,Hors agglomération,Hors intersection,Pluie légère,Autre collision,,,,,,,,,,,1,1,1,2,6
201500010378,0015-08-14 17:25:00,15,8,14,17,25,60,69,"102, JEAN XXIII (AVENUE)",43.663,6.9395,Plein jour,En agglomération,Hors intersection,Pluie légère,Autre collision,,,,,,,,,,,1,2,1,2,6
201500010379,0015-08-17 01:00:00,15,8,17,1,0,60,69,AURIBEAU (ROUTE D') -D60,,,Nuit avec éclairage allumé,En agglomération,Hors intersection,Normale,Deux véhicules - frontale,,,,,,,,,,,5,2,1,1,1
201500010380,0015-08-17 15:35:00,15,8,17,15,35,60,69,"X, SANTON (CHEMIN DU)",,,Plein jour,En agglomération,Giratoire,Normale,Deux véhicules - côté,,,,,,,,,,,1,2,6,1,3
201500010381,0015-08-19 18:15:00,15,8,19,18,15,60,69,"29, BELLETRUD (BOULEVARD",,,Plein jour,En agglomération,Hors intersection,Normale,Sans collision,,,,,,,,,,,1,2,1,1,7
201500010382,0015-08-23 10:45:00,15,8,23,10,45,60,69,"61, BASTIDES (CHEMIN DES",43.63923,6.92779,Plein jour,En agglomération,Hors intersection,Temps couvert,Deux véhicules - frontale,,,,,,,,,,,1,2,1,8,1
201500010383,0015-08-24 11:50:00,15,8,24,11,50,60,69,"4, JEU DE BALLON (BOULEV",43.65693,6.92022,Plein jour,En agglomération,Hors intersection,Normale,Autre collision,,,,,,,,,,,1,2,1,1,6
201500010384,0015-08-24 18:25:00,15,8,24,18,25,60,69,"306, CANNES (ROUTE DE)",,,Plein jour,En agglomération,Hors intersection,Pluie légère,Trois véhicules et plus - en chaîne,,,,,,,,,,,1,2,1,2,4
201500010385,0015-08-26 19:40:00,15,8,26,19,40,60,69,"73, JEAN XXIII (AVENUE)",,,Plein jour,En agglomération,Hors intersection,Normale,Sans collision,,,,,,,,,,,1,2,1,1,7
201500010386,0015-08-27 14:00:00,15,8,27,14,0,60,69,"x, CASTELARAS (CHEMIN DU",,,Plein jour,En agglomération,Hors intersection,Normale,Deux véhicules - frontale,,,,,,,,,,,1,2,1,1,1
201500010387,0015-08-27 16:20:00,15,8,27,16,20,60,69,PAOUTE (ROUTE ET TRAVERS,,,Plein jour,En agglomération,Hors intersection,Normale,Deux véhicules - arrière,,,,,,,,,,,1,2,1,1,2
201500010388,0015-08-28 18:05:00,15,8,28,18,5,60,69,"5, PEGOMAS (ROUTE DE)",43.64477,6.93966,Plein jour,En agglomération,Hors intersection,Normale,Autre collision,,,,,,,,,,,1,2,1,1,6
201500010389,0015-08-30 21:00:00,15,8,30,21,0,60,69,"45, SCHLEY (BOULEVARD)",43.6585,6.90308,Crépuscule ou aube,Hors agglomération,Hors intersection,Normale,Sans collision,,,,,,,,,,,2,1,1,1,7
201500010390,0015-09-02 20:25:00,15,9,2,20,25,60,69,"12, CANNES (ROUTE DE)  -",43.64468,6.94195,Nuit avec éclairage allumé,En agglomération,Hors intersection,Normale,Sans collision,,,,,,,,,,,5,2,1,1,7
201500010391,0015-09-03 10:30:00,15,9,3,10,30,60,69,"x, PLAN (ROUTE DU) -D304",,,Plein jour,En agglomération,Hors intersection,Normale,Autre collision,,,,,,,,,,,1,2,1,1,6
201500010392,0015-09-03 11:30:00,15,9,3,11,30,60,69,"144, CANNES (ROUTE DE)",,,Plein jour,En agglomération,Hors intersection,Normale,Sans collision,,,,,,,,,,,1,2,1,1,7
201500010393,0015-09-07 07:30:00,15,9,7,7,30,60,69,"132, LIBERATION (AVENUE",43.64093,6.91048,Plein jour,En agglomération,Hors intersection,Normale,Deux véhicules - frontale,,,,,,,,,,,1,2,1,1,1
201500010394,0015-09-07 23:10:00,15,9,7,23,10,60,69,"38, VICTORIA (AVENUE ET",43.6633,6.92953,Nuit avec éclairage allumé,En agglomération,Hors intersection,Normale,Autre collision,,,,,,,,,,,5,2,1,1,6
201500010395,0015-09-08 17:50:00,15,9,8,17,50,60,69,MAURES ET DES ADRETS (CH,,,Plein jour,En agglomération,Intersection en T,Normale,Deux véhicules - côté,,,,,,,,,,,1,2,3,1,3
201500010396,0015-09-10 18:20:00,15,9,10,18,20,60,69,"144, SEMARD - LA GARE (A",43.6534,6.92514,Plein jour,En agglomération,Hors intersection,Normale,Deux véhicules - arrière,,,,,,,,,,,1,2,1,1,2
201500010397,0015-09-09 20:20:00,15,9,9,20,20,60,69,"41, VALBONNE (ROUTE)",,,Plein jour,En agglomération,Hors intersection,Normale,Sans collision,,,,,,,,,,,1,2,1,1,7
201500010398,0015-09-16 08:10:00,15,9,16,8,10,60,69,"x, SIDI BRAHIM (AVENUE)",43.64938,6.9333,Plein jour,En agglomération,Intersection en T,Normale,Deux véhicules - côté,,,,,,,,,,,1,2,3,1,3
201500010399,0015-09-16 13:15:00,15,9,16,13,15,60,69,"144, SEMARD (AVENUE PIER",43.65621,6.93001,Plein jour,En agglomération,Hors intersection,Temps couvert,Deux véhicules - arrière,,,,,,,,,,,1,2,1,8,2
201500010400,0015-09-17 17:20:00,15,9,17,17,20,60,69,"x, ORME (CHEMIN DE L')",43.64534,6.94493,Plein jour,En agglomération,Giratoire,Temps couvert,Deux véhicules - arrière,,,,,,,,,,,1,2,6,8,2
201500010401,0015-09-18 13:45:00,15,9,18,13,45,60,69,"17, TASSIGNY (AVENUE DEL",,,Plein jour,En agglomération,Hors intersection,Normale,Trois véhicules et plus - collisions multiples,,,,,,,,,,,1,2,1,1,5
201500010402,0015-09-19 23:00:00,15,9,19,23,0,60,69,"115, CANNES (ROUTE DE)",43.638,6.95081,Nuit avec éclairage allumé,En agglomération,Hors intersection,Normale,Trois véhicules et plus - collisions multiples,,,,,,,,,,,5,2,1,1,5
201500010403,0015-09-21 17:45:00,15,9,21,17,45,60,69,"x, SIDI BRAHIM (AVENUE)",43.64715,6.94009,Plein jour,En agglomération,Hors intersection,Normale,Sans collision,,,,,,,,,,,1,2,1,1,7
201500010404,0015-09-21 20:20:00,15,9,21,20,20,60,69,"62, CHENES (CHEMIN DES)",43.64038,6.91828,Nuit avec éclairage allumé,En agglomération,Hors intersection,Normale,Deux véhicules - côté,,,,,,,,,,,5,2,1,1,3
201500010405,0015-09-22 08:00:00,15,9,22,8,0,60,69,Route de PLASCASSIER,43.65327,6.94863,Plein jour,En agglomération,Hors intersection,Normale,Deux véhicules - frontale,,,,,,,,,,,1,2,1,1,1
201500010406,0015-09-23 07:50:00,15,9,23,7,50,60,69,"2, PAGNOL (BOULEVARD MAR",43.64525,6.9409,Plein jour,En agglomération,Hors intersection,Normale,Deux véhicules - côté,,,,,,,,,,,1,2,1,1,3
201500010407,0015-09-23 18:40:00,15,9,23,18,40,60,69,"216, SAINT MATHIEU (ROUT",43.65973,6.95296,Plein jour,En agglomération,Hors intersection,Temps éblouissant,Deux véhicules - frontale,,,,,,,,,,,1,2,1,7,1
201500010408,0015-09-28 13:30:00,15,9,28,13,30,60,69,"87, CANNES (ROUTE DE)  -",43.64046,6.94821,Plein jour,En agglomération,Hors intersection,Normale,Deux véhicules - arrière,,,,,,,,,,,1,2,1,1,2
201500010409,0015-09-29 16:15:00,15,9,29,16,15,60,69,"30, DRAGONNIERE (CHEMIN",43.67807,6.9574,Plein jour,En agglomération,Hors intersection,Normale,Deux véhicules - frontale,,,,,,,,,,,1,2,1,1,1
201500010410,0015-09-30 02:25:00,15,9,30,2,25,60,69,"x, NAPOLEON (ROUTE)",,,Nuit sans éclairage public,Hors agglomération,Hors intersection,Normale,Sans collision,,,,,,,,,,,3,1,1,1,7
201500010411,0015-10-01 16:25:00,15,10,1,16,25,60,69,"x, HALTE (ROND-POINT)",43.64187,6.91129,Plein jour,En agglomération,Hors intersection,Normale,Deux véhicules - arrière,,,,,,,,,,,1,2,1,1,2
201500010412,0015-10-02 09:30:00,15,10,2,9,30,60,69,"59, ORME (CHEMIN DE L')",,,Plein jour,Hors agglomération,Hors intersection,Normale,Autre collision,,,,,,,,,,,1,1,1,1,6
201500010413,0015-10-02 15:20:00,15,10,2,15,20,60,69,Pénétrante,43.63148,6.94705,Plein jour,Hors agglomération,Hors intersection,Pluie forte,Autre collision,,,,,,,,,,,1,1,1,3,6
201500010414,0015-10-06 18:15:00,15,10,6,18,15,60,69,"x, COPERNIC (AVENUE NICO",43.66464,6.91582,Plein jour,Hors agglomération,Hors intersection,Normale,Sans collision,,,,,,,,,,,1,1,1,1,7
201500010415,0015-10-09 18:55:00,15,10,9,18,55,60,69,NAPOLEON (ROUTE),43.67514,6.90003,Crépuscule ou aube,Hors agglomération,Hors intersection,Normale,Autre collision,,,,,,,,,,,2,1,1,1,6
201500010416,0015-10-12 16:45:00,15,10,12,16,45,60,69,"x, AUTRANT (BOULEVARD DU",43.66219,6.93427,Plein jour,En agglomération,Hors intersection,Pluie légère,Deux véhicules - arrière,,,,,,,,,,,1,2,1,2,2
201500010417,0015-10-13 18:30:00,15,10,13,18,30,60,69,Place César Ossola,43.65827,6.9258,Crépuscule ou aube,En agglomération,Hors intersection,Normale,Deux véhicules - côté,,,,,,,,,,,2,2,1,1,3
201500010418,0015-10-13 19:05:00,15,10,13,19,5,60,69,"17, SANTON (CHEMIN DU)",,,Crépuscule ou aube,En agglomération,Hors intersection,Normale,Sans collision,,,,,,,,,,,2,2,1,1,7
201500010419,0015-10-16 16:15:00,15,10,16,16,15,60,69,"6, MIRABEAU (RUE)",43.65746,6.9233,Plein jour,En agglomération,Hors intersection,Normale,Autre collision,,,,,,,,,,,1,2,1,1,6
201500010420,0015-10-16 17:10:00,15,10,16,17,10,60,69,"132, LIBERATION (AVENUE",43.64098,6.91045,Plein jour,En agglomération,Hors intersection,Normale,Autre collision,,,,,,,,,,,1,2,1,1,6
201500010421,0015-10-18 17:55:00,15,10,18,17,55,60,69,PASTEUR (BOULEVARD),43.66633,6.90186,Plein jour,Hors agglomération,Hors intersection,Brouillard / fumée,Autre collision,,,,,,,,,,,1,1,1,5,6
201500010422,0015-10-19 06:20:00,15,10,19,6,20,60,69,"x, PEGOMAS (ROUTE DE)",43.6448,6.93975,Nuit avec éclairage allumé,En agglomération,Intersection en T,Temps couvert,Deux véhicules - côté,,,,,,,,,,,5,2,3,8,3
201500010423,0015-10-15 14:30:00,15,10,15,14,30,60,69,"x, SAINT MARC - LE PLAN",,,Plein jour,En agglomération,Hors intersection,Normale,Deux véhicules - côté,,,,,,,,,,,1,2,1,1,3
201500010424,0015-10-23 19:10:00,15,10,23,19,10,60,69,"61, DRAGUIGNAN (ROUTE DE",43.64276,6.90798,Nuit sans éclairage public,En agglomération,Hors intersection,Normale,Trois véhicules et plus - en chaîne,,,,,,,,,,,3,2,1,1,4
201500010425,0015-10-24 01:05:00,15,10,24,1,5,60,69,"23, BAUDOIN (AVENUE YVES",43.6578,6.91889,Nuit avec éclairage allumé,En agglomération,Hors intersection,Normale,Autre collision,,,,,,,,,,,5,2,1,1,6
201500010426,0015-10-24 21:50:00,15,10,24,21,50,60,69,"98, DE LATTRE DE TASSIGN",43.6491,6.92339,Nuit avec éclairage allumé,En agglomération,Intersection en X,Normale,Deux véhicules - côté,,,,,,,,,,,5,2,2,1,3
201500010427,0015-10-25 08:00:00,15,10,25,8,0,60,69,"1, SEMARD (AVENUE PIERRE",43.65436,6.92159,Plein jour,En agglomération,Hors intersection,Normale,Autre collision,,,,,,,,,,,1,2,1,1,6
201500010428,0015-10-28 08:40:00,15,10,28,8,40,60,69,"X, SEMARD (AVENUE PIERRE",43.65621,6.9306,Plein jour,En agglomération,Hors intersection,Pluie légère,Deux véhicules - côté,,,,,,,,,,,1,2,1,2,3
201500010429,0015-10-28 15:15:00,15,10,28,15,15,60,69,"110, PASTEUR (BOULEVARD)",43.66608,6.90068,Plein jour,Hors agglomération,Hors intersection,Pluie forte,Autre collision,,,,,,,,,,,1,1,1,3,6
201500010430,0015-10-29 10:00:00,15,10,29,10,0,60,69,"52, TASSIGNY (AVENUE DEL",43.6481,6.92709,Plein jour,En agglomération,Hors intersection,Normale,Trois véhicules et plus - en chaîne,,,,,,,,,,,1,2,1,1,4
201500010431,0015-11-03 13:15:00,15,11,3,13,15,60,69,"222, DRAGUIGNAN (ROUTE D",,,Plein jour,En agglomération,Hors intersection,Pluie légère,Autre collision,,,,,,,,,,,1,2,1,2,6
201500010432,0015-11-04 03:50:00,15,11,4,3,50,60,69,"x, DRAGUIGNAN (ROUTE DE)",,,Nuit avec éclairage allumé,En agglomération,Hors intersection,Normale,Deux véhicules - frontale,,,,,,,,,,,5,2,1,1,1
201500010433,0015-11-04 09:00:00,15,11,4,9,0,60,69,"x, THIERS (AVENUE)",43.66126,6.92267,Plein jour,En agglomération,Autre intersection,Normale,Deux véhicules - côté,,,,,,,,,,,1,2,9,1,3
201500010434,0015-11-04 09:30:00,15,11,4,9,30,60,69,"x, RENOIR (AVENUE AUGUST",43.68136,6.96713,Plein jour,En agglomération,Hors intersection,Normale,Deux véhicules - frontale,,,,,,,,,,,1,2,1,1,1
201500010435,0015-11-05 08:50:00,15,11,5,8,50,60,69,"X, AURIBEAU (ROUTE D') -",43.63646,6.91083,Plein jour,En agglomération,Hors intersection,Normale,Sans collision,,,,,,,,,,,1,2,1,1,7
201500010436,0015-11-06 17:45:00,15,11,6,17,45,60,69,MOULIN DE BRUN (CHEMIN E,43.65375,6.94431,Nuit avec éclairage allumé,En agglomération,Hors intersection,Normale,Deux véhicules - arrière,,,,,,,,,,,5,2,1,1,2
201500010437,0015-11-08 06:15:00,15,11,8,6,15,60,69,"222, DRAGUIGNAN (ROUTE D",43.64524,6.89466,Crépuscule ou aube,En agglomération,Hors intersection,Normale,Sans collision,,,,,,,,,,,2,2,1,1,7
201500010438,0015-11-09 10:10:00,15,11,9,10,10,60,69,"4, CAPUCINS (CHEMIN ET I",,,Plein jour,En agglomération,Hors intersection,Normale,Autre collision,,,,,,,,,,,1,2,1,1,6
201500010439,0015-11-10 10:30:00,15,11,10,10,30,60,69,"213, PEGOMAS (ROUTE DE)",43.62864,6.92865,Plein jour,En agglomération,Hors intersection,Normale,Deux véhicules - frontale,,,,,,,,,,,1,2,1,1,1
201500010440,0015-11-13 07:55:00,15,11,13,7,55,60,69,"42, PAGNOL (BOULEVARD MA",43.64488,6.94609,Plein jour,En agglomération,Hors intersection,Normale,Deux véhicules - arrière,,,,,,,,,,,1,2,1,1,2
201500010441,0015-11-13 08:20:00,15,11,13,8,20,60,69,"x, ROUQUIER (BOULEVARD E",,,Plein jour,En agglomération,Hors intersection,Normale,Autre collision,,,,,,,,,,,1,2,1,1,6
201500010442,0015-11-13 15:40:00,15,11,13,15,40,60,69,"X, SIDI BRAHIM (AVENUE)",43.64957,6.93168,Plein jour,En agglomération,Giratoire,Normale,Trois véhicules et plus - collisions multiples,,,,,,,,,,,1,2,6,1,5
201500010443,0015-11-17 08:56:00,15,11,17,8,56,60,69,"x, RIOU BLANQUET (AVENUE",43.6654,6.93521,Plein jour,En agglomération,Hors intersection,Temps couvert,Sans collision,,,,,,,,,,,1,2,1,8,7
201500010444,0015-11-17 17:45:00,15,11,17,17,45,60,69,"x, PEGOMAS (ROUTE DE)",,,Crépuscule ou aube,En agglomération,Hors intersection,Normale,Deux véhicules - frontale,,,,,,,,,,,2,2,1,1,1
201500010445,0015-11-18 20:00:00,15,11,18,20,0,60,69,"50, PEGOMAS (ROUTE DE)",43.64184,6.93767,Nuit avec éclairage allumé,En agglomération,Hors intersection,Normale,Deux véhicules - frontale,,,,,,,,,,,5,2,1,1,1
201500010446,0015-11-24 15:00:00,15,11,24,15,0,60,69,"15, LECLERC (BOULEVARD D",43.65023,6.92006,Plein jour,En agglomération,Hors intersection,Normale,Autre collision,,,,,,,,,,,1,2,1,1,6
201500010447,0015-11-25 09:10:00,15,11,25,9,10,60,69,"48, RIOU BLANQUET (AVENU",,,Plein jour,En agglomération,Hors intersection,Normale,Sans collision,,,,,,,,,,,1,2,1,1,7
201500010448,0015-11-27 08:30:00,15,11,27,8,30,60,69,"76, VICTOR HUGO  (BD)",,,Plein jour,En agglomération,Hors intersection,Normale,Autre collision,,,,,,,,,,,1,2,1,1,6
201500010449,0015-11-29 01:35:00,15,11,29,1,35,60,69,"1, VICTORIA (AVENUE ET T",,,Nuit avec éclairage allumé,En agglomération,Hors intersection,Normale,Sans collision,,,,,,,,,,,5,2,1,1,7
201500010450,0015-11-30 09:45:00,15,11,30,9,45,60,69,"14, CIGALES (CHEMIN DES)",43.63404,6.90813,Plein jour,En agglomération,Hors intersection,Normale,Sans collision,,,,,,,,,,,1,2,1,1,7
201500010451,0015-11-30 17:15:00,15,11,30,17,15,60,69,"44, MOUANS (ROUTE DE)",43.6358,6.97378,Nuit sans éclairage public,En agglomération,Hors intersection,Normale,Autre collision,,,,,,,,,,,3,2,1,1,6
201500010452,0015-12-01 07:15:00,15,12,1,7,15,60,69,"144, SEMARD - LA GARE (A",43.65364,6.9252,Crépuscule ou aube,En agglomération,Hors intersection,Normale,Sans collision,,,,,,,,,,,2,2,1,1,7
201500010453,0015-12-01 11:35:00,15,12,1,11,35,60,69,"1, CRESP (COURS HONORE)",43.65692,6.92022,Plein jour,En agglomération,Hors intersection,Normale,Sans collision,,,,,,,,,,,1,2,1,1,7
201500010454,0015-12-02 09:40:00,15,12,2,9,40,60,69,"x, SIDI BRAHIM (AVENUE)",43.6487,6.93657,Plein jour,En agglomération,Hors intersection,Normale,Autre collision,,,,,,,,,,,1,2,1,1,6
201500010455,0015-12-02 22:00:00,15,12,2,22,0,60,69,"x, PEGOMAS (ROUTE DE)",,,Nuit avec éclairage allumé,En agglomération,Hors intersection,Normale,Sans collision,,,,,,,,,,,5,2,1,1,7
201500010456,0015-12-03 13:45:00,15,12,3,13,45,60,69,"x, PEGOMAS (ROUTE DE)",43.64157,6.93647,Plein jour,En agglomération,Hors intersection,Normale,Deux véhicules - côté,,,,,,,,,,,1,2,1,1,3
201500010457,0015-12-05 18:00:00,15,12,5,18,0,60,69,"89, DRAGUIGNAN (ROUTE DE",,,Nuit avec éclairage allumé,En agglomération,Hors intersection,Pluie légère,Sans collision,,,,,,,,,,,5,2,1,2,7
201500010458,0015-12-07 13:55:00,15,12,7,13,55,60,69,"24, JEU DE BALLON (BOULE",43.65758,6.92109,Plein jour,En agglomération,Hors intersection,Pluie légère,Sans collision,,,,,,,,,,,1,2,1,2,7
201500010459,0015-12-08 07:50:00,15,12,8,7,50,60,69,"143, AURIBEAU (ROUTE D')",,,Crépuscule ou aube,En agglomération,Hors intersection,Temps couvert,Deux véhicules - frontale,,,,,,,,,,,2,2,1,8,1
201500010460,0015-12-08 08:20:00,15,12,8,8,20,60,69,"249, PEGOMAS (ROUTE DE)",,,Plein jour,Hors agglomération,Hors intersection,Temps couvert,Autre collision,,,,,,,,,,,1,1,1,8,6
201500010461,0015-12-14 09:10:00,15,12,14,9,10,60,69,"209, PLASCASSIER (route",43.67146,6.98889,Plein jour,En agglomération,Hors intersection,Normale,Trois véhicules et plus - collisions multiples,,,,,,,,,,,1,2,1,1,5
201500010462,0015-12-16 15:15:00,15,12,16,15,15,60,69,"150, DRAGUIGNAN (ROUTE D",43.64513,6.90124,Plein jour,En agglomération,Hors intersection,Normale,Trois véhicules et plus - en chaîne,,,,,,,,,,,1,2,1,1,4
201500010463,0015-12-17 18:20:00,15,12,17,18,20,60,69,"52, SIDI BRAHIM (AVENUE)",,,Nuit avec éclairage allumé,En agglomération,Hors intersection,Normale,Deux véhicules - arrière,,,,,,,,,,,5,2,1,1,2
201500010464,0015-12-19 19:10:00,15,12,19,19,10,60,69,"X, MARIGARDE (ROUTE DE L",43.65499,6.39653,Nuit avec éclairage allumé,En agglomération,Giratoire,Normale,Autre collision,,,,,,,,,,,5,2,6,1,6
201500010465,0015-12-21 20:40:00,15,12,21,20,40,60,69,"103, LIBERATION (AVENUE",43.64202,6.91147,Nuit avec éclairage allumé,En agglomération,Hors intersection,Normale,Autre collision,,,,,,,,,,,5,2,1,1,6
201500010466,0015-12-22 21:49:00,15,12,22,21,49,60,69,"15, LIBERATION (AVENUE D",43.64788,6.91661,Nuit avec éclairage allumé,En agglomération,Hors intersection,Normale,Sans collision,,,,,,,,,,,5,2,1,1,7
201500010467,0015-12-24 12:50:00,15,12,24,12,50,60,69,CANNES (ROUTE DE)  -RD 6,43.63177,6.95669,Plein jour,Hors agglomération,Hors intersection,Normale,Trois véhicules et plus - en chaîne,,,,,,,,,,,1,1,1,1,4
201500010468,0015-12-25 21:45:00,15,12,25,21,45,60,69,"3, PLAN (ROUTE DU) -D304",43.65313,6.94566,Nuit avec éclairage allumé,En agglomération,Hors intersection,Normale,Deux véhicules - arrière,,,,,,,,,,,5,2,1,1,2
201500010469,0015-12-26 14:50:00,15,12,26,14,50,60,69,JEU DE BALLON (BOULEVARD,43.66018,6.92249,Plein jour,En agglomération,Giratoire,Normale,Sans collision,,,,,,,,,,,1,2,6,1,7
201500010470,0015-12-28 07:30:00,15,12,28,7,30,60,69,"18, DE GAULLE (AVENUE DU",43.65533,6.91729,Crépuscule ou aube,En agglomération,Hors intersection,Normale,Sans collision,,,,,,,,,,,2,2,1,1,7
201500010471,0015-12-30 13:15:00,15,12,30,13,15,60,69,"132, ROUQUIER (BOULEVARD",43.63429,6.93941,Plein jour,En agglomération,Hors intersection,Normale,Trois véhicules et plus - en chaîne,,,,,,,,,,,1,2,1,1,4
201500010472,0015-06-17 07:25:00,15,6,17,7,25,60,83,"2, BOSANO (RUE LIEUTENAN",43.46,7.3,Plein jour,En agglomération,Intersection en T,Normale,Autre collision,,,,,,,,,,,1,2,3,1,6
201500010473,0015-06-24 14:39:00,15,6,24,14,39,60,104,"112, AZUR (AVENUE DE LA",43.7631,7.4547,Plein jour,En agglomération,Hors intersection,Normale,Deux véhicules - frontale,,,,,,,,,,,1,2,1,1,1
201500010474,0015-07-05 02:50:00,15,7,5,2,50,60,83,"53, BONAPARTE (QUAI)",43.7784,7.5072,Nuit avec éclairage allumé,En agglomération,Hors intersection,Normale,Autre collision,,,,,,,,,,,5,2,1,1,6
201500010475,0015-12-30 08:05:00,15,12,30,8,5,60,83,"12, IBANEZ (AVENUE BLASC",43.7856,7.5077,Crépuscule ou aube,En agglomération,Hors intersection,Normale,Autre collision,,,,,,,,,,,2,2,1,1,6
201500010476,0015-07-07 22:55:00,15,7,7,22,55,60,83,"73, CERNUSCHI (AVENUE)",43.7755,7.4812,Nuit avec éclairage allumé,En agglomération,Giratoire,Normale,Deux véhicules - côté,,,,,,,,,,,5,2,6,1,3
201500010477,0015-07-03 19:00:00,15,7,3,19,0,60,104,AZUR (AVENUE DE LA COTE,43.76253,7.45519,Plein jour,Hors agglomération,Hors intersection,Normale,Autre collision,,,,,,,,,,,1,1,1,1,6
201500010478,0015-07-09 21:30:00,15,7,9,21,30,60,83,"29, CERNUSCHI (AVENUE)",43.771,7.492,Crépuscule ou aube,En agglomération,Intersection en T,Normale,Deux véhicules - côté,,,,,,,,,,,2,2,3,1,3
201500010479,0015-12-13 14:50:00,15,12,13,14,50,60,104,JAURES (AVENUE JEAN),43.7577,7.4431,Plein jour,En agglomération,Hors intersection,Normale,Deux véhicules - arrière,,,,,,,,,,,1,2,1,1,2
201500010480,0015-12-31 00:01:00,15,12,31,0,1,60,104,"8, MONLEON (AVENUE SYLVI",,,Nuit avec éclairage allumé,En agglomération,Giratoire,Normale,Deux véhicules - côté,,,,,,,,,,,5,2,6,1,3
201500010481,0015-07-10 15:25:00,15,7,10,15,25,60,83,"01, MADONE (AVENUE DE LA",43.76967,7.49247,Plein jour,En agglomération,Intersection en X,Normale,Deux véhicules - côté,,,,,,,,,,,1,2,2,1,3
201500010482,0015-07-19 17:45:00,15,7,19,17,45,60,83,"7, MADONE (AVENUE DE LA)",43.76885,7.49115,Plein jour,En agglomération,Intersection en X,Normale,Deux véhicules - côté,,,,,,,,,,,1,2,2,1,3
201500010483,0015-07-16 10:35:00,15,7,16,10,35,60,83,"1684, SOLEIL (PROMENADE",43.7744,7.506,Plein jour,En agglomération,Hors intersection,Normale,Autre collision,,,,,,,,,,,1,2,1,1,6
201500010484,0015-07-24 01:10:00,15,7,24,1,10,60,104,"1, FRANCE (AVENUE DE)",,,Nuit avec éclairage allumé,En agglomération,Intersection en T,Normale,Sans collision,,,,,,,,,,,5,2,3,1,7
201500010485,0015-08-01 17:15:00,15,8,1,17,15,60,104,"1, MONLEON (AVENUE SYLVI",,,Plein jour,Hors agglomération,Hors intersection,Normale,Deux véhicules - côté,,,,,,,,,,,1,1,1,1,3
201500010486,0015-08-25 13:45:00,15,8,25,13,45,60,104,"79, AZUR (AVENUE DE LA C",43.76323,7.44793,Plein jour,En agglomération,Hors intersection,Normale,Deux véhicules - frontale,,,,,,,,,,,1,2,1,1,1
201500010487,0015-08-31 08:30:00,15,8,31,8,30,60,83,"01, CARNOT (AVENUE)",43.771,7.4944,Plein jour,En agglomération,Intersection en T,Normale,Autre collision,,,,,,,,,,,1,2,3,1,6
201500010488,0015-09-10 23:30:00,15,9,10,23,30,60,12,"88, GUYNEMER (BOULEVARD)",43.752,7.4268,Nuit avec éclairage allumé,En agglomération,Hors intersection,Normale,Deux véhicules - frontale,,,,,,,,,,,5,2,1,1,1
201500010489,0015-09-12 01:20:00,15,9,12,1,20,60,104,"01, CHEMINS (CARREFOUR D",43.7602,7.4522,Nuit avec éclairage allumé,En agglomération,Giratoire,Normale,Autre collision,,,,,,,,,,,5,2,6,1,6
201500010490,0015-09-13 01:20:00,15,9,13,1,20,60,104,"188, VERDUN (AVENUE DE,",43.7613,7.4744,Nuit avec éclairage allumé,En agglomération,Hors intersection,Normale,Sans collision,,,,,,,,,,,5,2,1,1,7
201500010491,0015-08-21 06:40:00,15,8,21,6,40,60,104,"200, VERDUN (AVENUE DE,",43.76037,7.47959,Plein jour,En agglomération,Hors intersection,Normale,Deux véhicules - arrière,,,,,,,,,,,1,2,1,1,2
201500010492,0015-08-13 19:12:00,15,8,13,19,12,60,83,"23, GARAVAN (BOULEVARD,",,,Plein jour,En agglomération,Hors intersection,Normale,Deux véhicules - frontale,,,,,,,,,,,1,2,1,1,1