accident_id,datetime,annee,mois,jour,heure,minute,departement,commune_insee,adresse,latitude,longitude,luminosite,agglomeration,intersection,meteo,collision,nb_vehicules,nb_usagers,nb_indemnes,nb_tues,nb_blesses_hosp,nb_blesses_legers,age_cond_1,age_cond_2,veh_type_cond_1,veh_type_cond_2,lum_code,agg_code,int_code,atm_code,col_code
201500010493,0015-09-28 17:40:00,15,9,28,17,40,60,104,"850, AGERBOL (AVENUE D')",,,Plein jour,En agglomération,Hors intersection,Normale,Deux véhicules - frontale,,,,,,,,,,,1,2,1,1,1
201500010494,0015-10-02 21:10:00,15,10,2,21,10,60,83,CAREI (VAL DU),,,Nuit avec éclairage allumé,En agglomération,Hors intersection,Pluie légère,Sans collision,,,,,,,,,,,5,2,1,2,7
201500010495,0015-09-28 08:44:00,15,9,28,8,44,60,83,"22, ACACIAS (AVENUE DES)",43.7793,7.4798,Plein jour,En agglomération,Hors intersection,Normale,Deux véhicules - côté,,,,,,,,,,,1,2,1,1,3
201500010496,0015-10-05 13:20:00,15,10,5,13,20,60,104,"166, CURIE (AVENUE PIERR",43.7477,7.4365,Plein jour,En agglomération,Hors intersection,Normale,Trois véhicules et plus - collisions multiples,,,,,,,,,,,1,2,1,1,5
201500010497,0015-09-24 21:05:00,15,9,24,21,5,60,83,"32, REPUBLIQUE (RUE DE L",43.7751,7.4935,Nuit avec éclairage allumé,En agglomération,Intersection en X,Normale,Autre collision,,,,,,,,,,,5,2,2,1,6
201500010498,0015-09-22 12:00:00,15,9,22,12,0,60,83,"54, CAREI (VAL DU)",43.7862,7.4877,Plein jour,En agglomération,Hors intersection,Normale,Autre collision,,,,,,,,,,,1,2,1,1,6
201500010499,0015-10-09 21:37:00,15,10,9,21,37,60,83,"58, ACACIAS (AVENUE DES)",43.7825,7.48,Nuit avec éclairage allumé,En agglomération,Hors intersection,Normale,Deux véhicules - côté,,,,,,,,,,,5,2,1,1,3
201500010500,0015-10-12 08:00:00,15,10,12,8,0,60,83,"01, RIVIERA (AVENUE)",43.7764,7.4862,Plein jour,En agglomération,Hors intersection,Normale,Deux véhicules - côté,,,,,,,,,,,1,2,1,1,3
201500010501,0015-10-17 17:55:00,15,10,17,17,55,60,12,"01, PRINCE RAINIER III (",43.7765,7.4795,Plein jour,En agglomération,Intersection en T,Normale,Deux véhicules - côté,,,,,,,,,,,1,2,3,1,3
201500010502,0015-10-20 02:16:00,15,10,20,2,16,60,83,"1573, SOLEIL (PROMENADE",43.7743,7.5033,Nuit avec éclairage allumé,En agglomération,Hors intersection,Normale,Trois véhicules et plus - collisions multiples,,,,,,,,,,,5,2,1,1,5
201500010503,0015-10-27 13:10:00,15,10,27,13,10,60,104,"1, VARAVILLA (AVENUE)",43.7525,7.4322,Plein jour,En agglomération,Hors intersection,Normale,Deux véhicules - frontale,,,,,,,,,,,1,2,1,1,1
201500010504,0015-10-23 19:37:00,15,10,23,19,37,60,12,"18, DOUMER PROLONGEE (AV",43.4422,7.2453,Nuit avec éclairage allumé,En agglomération,Intersection en T,Normale,Deux véhicules - côté,,,,,,,,,,,5,2,3,1,3
201500010505,0015-11-09 08:20:00,15,11,9,8,20,60,83,"46, GORBIO (ROUTE DE)",43.7749,7.468,Plein jour,En agglomération,Hors intersection,Normale,Autre collision,,,,,,,,,,,1,2,1,1,6
201500010506,0015-10-22 11:33:00,15,10,22,11,33,60,104,"22, DOUMER (AVENUE PAUL)",43.7582,7.4665,Plein jour,En agglomération,Hors intersection,Normale,Deux véhicules - frontale,,,,,,,,,,,1,2,1,1,1
201500010507,0015-11-23 19:25:00,15,11,23,19,25,60,104,"25 BIS, VOYAGE (AVENUE N",,,Nuit avec éclairage allumé,En agglomération,Hors intersection,Normale,Autre collision,,,,,,,,,,,5,2,1,1,6
201500010508,0015-11-29 01:40:00,15,11,29,1,40,60,83,"01, DE GAULLE (AVENUE GE",43.7708,7.4943,Nuit avec éclairage allumé,En agglomération,Hors intersection,Normale,Deux véhicules - arrière,,,,,,,,,,,5,2,1,1,2
201500010509,0015-11-30 17:20:00,15,11,30,17,20,60,104,"33, JAURES (AVENUE JEAN)",43.7582,7.4645,Crépuscule ou aube,En agglomération,Hors intersection,Normale,Trois véhicules et plus - collisions multiples,,,,,,,,,,,2,2,1,1,5
201500010510,0015-12-03 16:55:00,15,12,3,16,55,60,83,"1, ASTRID (PROMENADE REI",43.78494,7.52299,Plein jour,En agglomération,Hors intersection,Normale,Sans collision,,,,,,,,,,,1,2,1,1,7
201500010511,0015-11-28 11:05:00,15,11,28,11,5,60,83,"COTY (COURS RENE, SENS M",,,Plein jour,En agglomération,Giratoire,Normale,Deux véhicules - côté,,,,,,,,,,,1,2,6,1,3
201500010512,0015-11-26 14:10:00,15,11,26,14,10,60,83,"01, SOLEIL (PROMENADE DU",43.7717,7.4968,Plein jour,En agglomération,Intersection en T,Normale,Deux véhicules - côté,,,,,,,,,,,1,2,3,1,3
201500010513,0015-12-05 08:25:00,15,12,5,8,25,60,83,"19, FRANCE (AVENUE PORTE",43.7848,7.515,Plein jour,En agglomération,Hors intersection,Normale,Deux véhicules - côté,,,,,,,,,,,1,2,1,1,3
201500010514,0015-12-06 00:40:00,15,12,6,0,40,60,83,GREVILLE (RUE HENRI),43.7763,7.4973,Nuit avec éclairage allumé,En agglomération,Autre intersection,Pluie légère,Trois véhicules et plus - en chaîne,,,,,,,,,,,5,2,9,2,4
201500010515,0015-12-13 14:38:00,15,12,13,14,38,60,104,"53, JAURES (AVENUE JEAN)",,,Plein jour,En agglomération,Hors intersection,Normale,Deux véhicules - arrière,,,,,,,,,,,1,2,1,1,2
201500010516,0015-12-22 22:40:00,15,12,22,22,40,60,104,"133, VERDUN (AVENUE DE,",43.761,7.4681,Nuit avec éclairage allumé,Hors agglomération,Intersection en X,Normale,Deux véhicules - côté,,,,,,,,,,,5,1,2,1,3
201500010517,0015-12-23 09:40:00,15,12,23,9,40,60,83,"21, ASTRID (PROMENADE RE",,,Plein jour,En agglomération,Autre intersection,Normale,Deux véhicules - côté,,,,,,,,,,,1,2,9,1,3
201500010518,0015-11-18 12:00:00,15,11,18,12,0,60,12,"1, PRINCE RAINIER III (A",,,Plein jour,Hors agglomération,Intersection en X,Normale,Deux véhicules - côté,,,,,,,,,,,1,1,2,1,3
201500010519,0015-12-24 19:10:00,15,12,24,19,10,60,104,"123, VERDUN (AVENUE DE,",,,Nuit sans éclairage public,En agglomération,Hors intersection,Normale,Autre collision,,,,,,,,,,,3,2,1,1,6
201500010520,0015-01-03 21:45:00,15,1,3,21,45,60,83,"2, CARNOT (AVENUE)",43.77105,7.49488,Nuit avec éclairage allumé,En agglomération,Hors intersection,Normale,Deux véhicules - côté,,,,,,,,,,,5,2,1,1,3
201500010521,0015-01-03 11:45:00,15,1,3,11,45,60,104,"47 BIS, SCHUMANN (PROMEN",43.76212,7.48472,Plein jour,En agglomération,Intersection en T,Normale,Autre collision,,,,,,,,,,,1,2,3,1,6
201500010522,0015-01-06 22:25:00,15,1,6,22,25,60,104,AZUR (AVENUE DE LA COTE,43.7627,7.45397,Nuit avec éclairage allumé,En agglomération,Hors intersection,Normale,Trois véhicules et plus - collisions multiples,,,,,,,,,,,5,2,1,1,5
201500010523,0015-01-06 12:00:00,15,1,6,12,0,60,104,"99, CURIE (AVENUE PIERRE",43.76176,7.46311,Plein jour,En agglomération,Hors intersection,Normale,Deux véhicules - côté,,,,,,,,,,,1,2,1,1,3
201500010524,0015-01-12 13:00:00,15,1,12,13,0,60,12,"CORNICHE (MOYENNE, N? 1",,,Plein jour,En agglomération,Intersection en Y,Normale,Deux véhicules - arrière,,,,,,,,,,,1,2,4,1,2
201500010525,0015-01-21 16:20:00,15,1,21,16,20,60,83,"63, CERNUSCHI (AVENUE)",43.7742,7.48942,Plein jour,En agglomération,Intersection en X,Pluie légère,Deux véhicules - côté,,,,,,,,,,,1,2,2,2,3
201500010526,0015-01-25 11:15:00,15,1,25,11,15,60,12,"CORNICHE (MOYENNE, N? 1",,,Plein jour,En agglomération,Hors intersection,Temps éblouissant,Autre collision,,,,,,,,,,,1,2,1,7,6
201500010527,0015-01-22 19:30:00,15,1,22,19,30,60,83,DELATTRE DE TASSIGNY (AL,,,Nuit avec éclairage allumé,En agglomération,Hors intersection,Normale,Autre collision,,,,,,,,,,,5,2,1,1,6
201500010528,0015-01-28 22:50:00,15,1,28,22,50,60,83,"14, GORBIO (ROUTE DE)",43.76767,7.48433,Nuit avec éclairage allumé,En agglomération,Hors intersection,Normale,Autre collision,,,,,,,,,,,5,2,1,1,6
201500010529,0015-01-31 11:15:00,15,1,31,11,15,60,104,"21, FRANCE (AVENUE DE)",43.75334,7.44351,Plein jour,En agglomération,Hors intersection,Normale,Deux véhicules - côté,,,,,,,,,,,1,2,1,1,3
201500010530,0015-02-12 13:30:00,15,2,12,13,30,60,83,"COTY (COURS RENE, SENS M",,,Plein jour,En agglomération,Hors intersection,Normale,Deux véhicules - arrière,,,,,,,,,,,1,2,1,1,2
201500010531,0015-02-27 12:33:00,15,2,27,12,33,60,83,"1, PASTEUR (RUE)",,,Plein jour,En agglomération,Intersection en T,Normale,Deux véhicules - arrière,,,,,,,,,,,1,2,3,1,2
201500010532,0015-03-07 10:50:00,15,3,7,10,50,60,104,"39, DOUMER (AVENUE PAUL)",,,Plein jour,En agglomération,Hors intersection,Normale,Sans collision,,,,,,,,,,,1,2,1,1,7
201500010533,0015-02-12 14:10:00,15,2,12,14,10,60,83,"8, DE GAULLE (AVENUE GEN",,,Plein jour,En agglomération,Intersection en X,Normale,Deux véhicules - côté,,,,,,,,,,,1,2,2,1,3
201500010534,0015-03-07 20:20:00,15,3,7,20,20,60,83,CABROLLES (ROUTE DES),,,Nuit sans éclairage public,Hors agglomération,Hors intersection,Normale,Autre collision,,,,,,,,,,,3,1,1,1,6
201500010535,0015-03-11 19:20:00,15,3,11,19,20,60,83,"SOLEIL (PROMENADE DU, N?",,,Nuit avec éclairage allumé,En agglomération,Hors intersection,Normale,Deux véhicules - frontale,,,,,,,,,,,5,2,1,1,1
201500010536,0015-03-17 05:25:00,15,3,17,5,25,60,83,DELATTRE DE TASSIGNY (AL,,,Nuit avec éclairage allumé,En agglomération,Hors intersection,Pluie légère,Autre collision,,,,,,,,,,,5,2,1,2,6
201500010537,0015-02-11 11:30:00,15,2,11,11,30,60,83,"SOLEIL (PROMENADE DU, N?",,,Plein jour,En agglomération,Intersection en T,Normale,Deux véhicules - côté,,,,,,,,,,,1,2,3,1,3
201500010538,0015-03-28 15:20:00,15,3,28,15,20,60,83,"39, ACACIAS (AVENUE DES)",,,Plein jour,En agglomération,Hors intersection,Normale,Deux véhicules - côté,,,,,,,,,,,1,2,1,1,3
201500010539,0015-03-29 18:48:00,15,3,29,18,48,60,83,"21, ASTRID (PROMENADE RE",,,Plein jour,En agglomération,Autre intersection,Normale,Deux véhicules - côté,,,,,,,,,,,1,2,9,1,3
201500010540,0015-04-05 01:30:00,15,4,5,1,30,60,12,"CORNICHE (MOYENNE, N° 1",,,Nuit avec éclairage allumé,En agglomération,Hors intersection,Pluie forte,Deux véhicules - frontale,,,,,,,,,,,5,2,1,3,1
201500010541,0015-03-24 09:25:00,15,3,24,9,25,60,104,"1, VOYAGE (AVENUE NOTRE",,,Plein jour,En agglomération,Intersection en Y,Normale,Deux véhicules - côté,,,,,,,,,,,1,2,4,1,3
201500010542,0015-04-19 21:35:00,15,4,19,21,35,60,83,DELATTRE DE TASSIGNY AL,,,Nuit avec éclairage allumé,En agglomération,Intersection en X,Normale,Deux véhicules - côté,,,,,,,,,,,5,2,2,1,3
201500010543,0015-04-17 00:10:00,15,4,17,0,10,60,104,"217-219, BRIAND (AVENUE",43.76492,7.48291,Nuit avec éclairage allumé,En agglomération,Hors intersection,Pluie légère,Sans collision,,,,,,,,,,,5,2,1,2,7
201500010544,0015-05-02 15:05:00,15,5,2,15,5,60,83,"20, BRIAND (AVENUE ARSIT",,,Plein jour,En agglomération,Hors intersection,Normale,Deux véhicules - frontale,,,,,,,,,,,1,2,1,1,1
201500010545,0015-04-07 07:20:00,15,4,7,7,20,60,83,SAINT ROMAN (AVENUE),43.80449,7.48746,Plein jour,En agglomération,Hors intersection,Normale,Autre collision,,,,,,,,,,,1,2,1,1,6
201500010546,0015-05-05 23:42:00,15,5,5,23,42,60,83,POMPIDOU (ESPLANADE GEOR,,,Nuit avec éclairage allumé,En agglomération,Hors intersection,Normale,Deux véhicules - arrière,,,,,,,,,,,5,2,1,1,2
201500010547,0015-05-08 00:15:00,15,5,8,0,15,60,83,SOSPEL (ROUTE DE ),,,Nuit sans éclairage public,Hors agglomération,Hors intersection,Normale,Deux véhicules - frontale,,,,,,,,,,,3,1,1,1,1
201500010548,0015-05-02 10:10:00,15,5,2,10,10,60,12,"14, CURIE (RUE PIERRE)",,,Plein jour,En agglomération,Hors intersection,Normale,Deux véhicules - côté,,,,,,,,,,,1,2,1,1,3
201500010549,0015-05-20 09:20:00,15,5,20,9,20,60,104,FRANCE (AVENUE DE),,,Plein jour,En agglomération,Intersection en T,Normale,Deux véhicules - côté,,,,,,,,,,,1,2,3,1,3
201500010550,0015-05-03 11:50:00,15,5,3,11,50,60,83,"25, VERDUN (AVENUE DE)",,,Plein jour,En agglomération,Hors intersection,Normale,Autre collision,,,,,,,,,,,1,2,1,1,6
201500010551,0015-06-02 21:05:00,15,6,2,21,5,60,83,DE GAULLE (AVENUE GENERA,,,Crépuscule ou aube,En agglomération,Intersection en X,Normale,Autre collision,,,,,,,,,,,2,2,2,1,6
201500010552,0015-06-10 16:23:00,15,6,10,16,23,60,83,"1, MADONE (AVENUE DE LA)",,,Plein jour,En agglomération,Hors intersection,Normale,Deux véhicules - côté,,,,,,,,,,,1,2,1,1,3
201500010553,0015-06-05 08:25:00,15,6,5,8,25,60,83,"COTY (COURS RENE, SENS M",,,Plein jour,En agglomération,Hors intersection,Normale,Deux véhicules - côté,,,,,,,,,,,1,2,1,1,3
201500010554,0015-03-03 13:45:00,15,3,3,13,45,60,12,"62, FOCH (AVENUE MARECHA",,,Plein jour,En agglomération,Hors intersection,Normale,Sans collision,,,,,,,,,,,1,2,1,1,7
201500010555,0015-06-03 21:25:00,15,6,3,21,25,60,104,JAURES (AVENUE JEAN),,,Nuit avec éclairage allumé,En agglomération,Hors intersection,Normale,Sans collision,,,,,,,,,,,5,2,1,1,7
201500010556,0015-01-02 21:10:00,15,1,2,21,10,60,88,"0, BELLET (AV. DE)",43.69173,7.24457,Nuit avec éclairage allumé,En agglomération,Hors intersection,Normale,Deux véhicules - arrière,,,,,,,,,,,5,2,1,1,2
201500010557,0015-01-03 20:30:00,15,1,3,20,30,60,88,"08, CIMIEZ (BD) JUSQU'AU",43.7068,7.2698,Nuit avec éclairage allumé,En agglomération,Hors intersection,Normale,Deux véhicules - frontale,,,,,,,,,,,5,2,1,1,1
201500010558,0015-01-04 11:10:00,15,1,4,11,10,60,88,TURIN (RTE DE),,,Plein jour,En agglomération,Hors intersection,Normale,Autre collision,,,,,,,,,,,1,2,1,1,6
201500010559,0015-01-05 07:45:00,15,1,5,7,45,60,88,CARABACEL (BD),43.70427,7.27364,Plein jour,En agglomération,Intersection en T,Normale,Deux véhicules - côté,,,,,,,,,,,1,2,3,1,3
201500010560,0015-03-16 16:45:00,15,3,16,16,45,60,88,"0, TUNNEL DU PAILLON",,,Plein jour,En agglomération,Hors intersection,Pluie légère,Autre collision,,,,,,,,,,,1,2,1,2,6
201500010561,0015-01-05 09:55:00,15,1,5,9,55,60,88,MARNE (AV. DE LA),43.7249,7.27092,Plein jour,En agglomération,Hors intersection,Normale,Deux véhicules - côté,,,,,,,,,,,1,2,1,1,3
201500010562,0015-03-17 14:50:00,15,3,17,14,50,60,88,"101, LYAUTEY (AV. DU MAL",,,Plein jour,En agglomération,Hors intersection,Pluie légère,Autre collision,,,,,,,,,,,1,2,1,2,6
201500010563,0015-01-05 17:30:00,15,1,5,17,30,60,88,"0, ROBINI (AV. DR VICTOR",43.68314,7.20286,Nuit avec éclairage allumé,En agglomération,Giratoire,Normale,Deux véhicules - côté,,,,,,,,,,,5,2,6,1,3
201500010564,0015-03-17 15:50:00,15,3,17,15,50,60,88,"59, QUAI DES ETATS UNIS",,,Plein jour,En agglomération,Hors intersection,Normale,Trois véhicules et plus - en chaîne,,,,,,,,,,,1,2,1,1,4
201500010565,0015-01-05 18:30:00,15,1,5,18,30,60,88,"0, VILLERMONT (AV.)",43.70821,7.26497,Nuit avec éclairage allumé,En agglomération,Intersection en X,Normale,Deux véhicules - côté,,,,,,,,,,,5,2,2,1,3
201500010566,0015-01-06 13:00:00,15,1,6,13,0,60,88,"127, LYAUTEY (AV. DU MAL",43.71913,7.2831,Plein jour,En agglomération,Hors intersection,Normale,Autre collision,,,,,,,,,,,1,2,1,1,6
201500010567,0015-03-17 16:20:00,15,3,17,16,20,60,88,"140, BELLET (RTE DE)",,,Plein jour,En agglomération,Hors intersection,Normale,Autre collision,,,,,,,,,,,1,2,1,1,6
201500010568,0015-03-17 17:06:00,15,3,17,17,6,60,88,"41, NAPOLEON III (BD)",43.41141,7.13375,Plein jour,En agglomération,Hors intersection,Normale,Autre collision,,,,,,,,,,,1,2,1,1,6
201500010569,0015-01-08 10:00:00,15,1,8,10,0,60,88,"89, ANGLAIS PROMENADE",43.6919,7.24889,Plein jour,En agglomération,Hors intersection,Normale,Trois véhicules et plus - collisions multiples,,,,,,,,,,,1,2,1,1,5
201500010570,0015-01-09 13:00:00,15,1,9,13,0,60,88,"0, SAQUI (AV. JOSEPH)",,,Plein jour,En agglomération,Intersection en Y,Normale,Deux véhicules - côté,,,,,,,,,,,1,2,4,1,3
201500010571,0015-03-18 12:35:00,15,3,18,12,35,60,88,"19 BIS, RAYBAUD JOSEPH",,,Plein jour,En agglomération,Hors intersection,Normale,Deux véhicules - côté,,,,,,,,,,,1,2,1,1,3
201500010572,0015-01-09 13:00:00,15,1,9,13,0,60,88,"75, HOPITAL DE CIMIEZ",,,Plein jour,En agglomération,Hors intersection,Normale,Deux véhicules - arrière,,,,,,,,,,,1,2,1,1,2
201500010573,0015-03-17 17:30:00,15,3,17,17,30,60,159,"0, CORNE D OR (BOULEVARD",,,Plein jour,En agglomération,Hors intersection,Normale,Autre collision,,,,,,,,,,,1,2,1,1,6
201500010574,0015-01-10 05:00:00,15,1,10,5,0,60,88,"0, MEDECIN (AV. JEAN)",,,Nuit avec éclairage allumé,En agglomération,Intersection en X,Normale,Deux véhicules - côté,,,,,,,,,,,5,2,2,1,3
201500010575,0015-03-19 07:55:00,15,3,19,7,55,60,88,"64, ARSON (RUE)",,,Plein jour,En agglomération,Intersection en X,Normale,Deux véhicules - côté,,,,,,,,,,,1,2,2,1,3
201500010576,0015-03-19 11:54:00,15,3,19,11,54,60,88,"10 bis, MATISSE (AV. HEN",43.40298,7.13014,Plein jour,En agglomération,Hors intersection,Normale,Autre collision,,,,,,,,,,,1,2,1,1,6
201500010577,0015-01-10 12:15:00,15,1,10,12,15,60,88,"417, PESSICART (A PARTIR",43.7287,7.23759,Plein jour,En agglomération,Hors intersection,Normale,Deux véhicules - arrière,,,,,,,,,,,1,2,1,1,2
201500010578,0015-03-20 07:20:00,15,3,20,7,20,60,88,"63, CESSOLE (BD DE) (JUS",43.4301,7.15107,Plein jour,En agglomération,Intersection en T,Normale,Deux véhicules - côté,,,,,,,,,,,1,2,3,1,3
201500010579,0015-01-10 20:00:00,15,1,10,20,0,60,88,"57, MATISSE (AV. HENRI)",43.675,7.21093,Nuit avec éclairage allumé,En agglomération,Hors intersection,Normale,Autre collision,,,,,,,,,,,5,2,1,1,6
201500010580,0015-01-12 07:15:00,15,1,12,7,15,60,88,"28, SOLA (BD PIERRE)",,,Plein jour,En agglomération,Intersection en X,Normale,Deux véhicules - côté,,,,,,,,,,,1,2,2,1,3
201500010581,0015-03-21 09:30:00,15,3,21,9,30,60,88,"85, GROSSO (A PARTIR DU",,,Plein jour,En agglomération,Hors intersection,Normale,Trois véhicules et plus - en chaîne,,,,,,,,,,,1,2,1,1,4
201500010582,0015-01-13 14:00:00,15,1,13,14,0,60,159,"0, NAPOLEON III (BOULEVA",,,Plein jour,En agglomération,Hors intersection,Normale,Trois véhicules et plus - collisions multiples,,,,,,,,,,,1,2,1,1,5
201500010583,0015-03-22 08:55:00,15,3,22,8,55,60,88,HUGO (BD VICTOR),,,Plein jour,En agglomération,Intersection en X,Pluie légère,Deux véhicules - côté,,,,,,,,,,,1,2,2,2,3
201500010584,0015-01-13 15:05:00,15,1,13,15,5,60,88,"0, CIMIEZ (BD) A PARTIR",,,Plein jour,En agglomération,Hors intersection,Normale,Deux véhicules - frontale,,,,,,,,,,,1,2,1,1,1
201500010585,0015-03-23 16:15:00,15,3,23,16,15,60,88,"187, CALIFORNIE (AV.) (D",,,Plein jour,En agglomération,Hors intersection,Normale,Deux véhicules - côté,,,,,,,,,,,1,2,1,1,3
201500010586,0015-03-23 17:30:00,15,3,23,17,30,60,88,"175, SAINT-PIERRE DE FER",,,Plein jour,En agglomération,Hors intersection,Normale,Deux véhicules - frontale,,,,,,,,,,,1,2,1,1,1
201500010587,0015-01-14 13:30:00,15,1,14,13,30,60,88,"328, MERCANTOUR BD M6202",43.6929,7.19437,Plein jour,En agglomération,Hors intersection,Normale,Deux véhicules - arrière,,,,,,,,,,,1,2,1,1,2
201500010588,0015-03-24 14:30:00,15,3,24,14,30,60,88,"0, LYAUTEY (AV. DU MAL)",,,Plein jour,En agglomération,Hors intersection,Temps couvert,Deux véhicules - arrière,,,,,,,,,,,1,2,1,8,2
201500010589,0015-01-15 14:55:00,15,1,15,14,55,60,88,"89, ANGLAIS PROMENADE",43.6919,7.24894,Plein jour,En agglomération,Hors intersection,Normale,Autre collision,,,,,,,,,,,1,2,1,1,6
201500010590,0015-03-24 18:50:00,15,3,24,18,50,60,88,"187, CALIFORNIE (AV.) (D",43.40555,7.13555,Nuit avec éclairage allumé,En agglomération,Hors intersection,Pluie forte,Deux véhicules - côté,,,,,,,,,,,5,2,1,3,3
201500010591,0015-01-16 12:00:00,15,1,16,12,0,60,88,"43, ANGLAIS (DU N? 1 AU",43.6939,7.25661,Plein jour,En agglomération,Hors intersection,Temps couvert,Deux véhicules - côté,,,,,,,,,,,1,2,1,8,3
201500010592,0015-03-25 20:09:00,15,3,25,20,9,60,88,"63, ANGLAIS (DU N° 45 AU",,,Nuit avec éclairage allumé,En agglomération,Hors intersection,Normale,Sans collision,,,,,,,,,,,5,2,1,1,7
201500010593,0015-01-16 18:45:00,15,1,16,18,45,60,88,"16, DELFINO (BD GENERAL)",43.7054,7.28452,Nuit avec éclairage allumé,En agglomération,Hors intersection,Temps couvert,Autre collision,,,,,,,,,,,5,2,1,8,6
201500010594,0015-01-18 17:45:00,15,1,18,17,45,60,88,ARENE (AV. PAUL),,,Nuit avec éclairage allumé,En agglomération,Hors intersection,Normale,Deux véhicules - frontale,,,,,,,,,,,5,2,1,1,1
201500010595,0015-03-25 22:35:00,15,3,25,22,35,60,88,"39, MADELEINE (BD DE LA)",43.41468,7.14296,Nuit avec éclairage allumé,En agglomération,Hors intersection,Normale,Deux véhicules - côté,,,,,,,,,,,5,2,1,1,3
201500010596,0015-03-26 12:05:00,15,3,26,12,5,60,88,"6, LEONARD (R. EMILE)",,,Plein jour,En agglomération,Hors intersection,Normale,Autre collision,,,,,,,,,,,1,2,1,1,6
201500010597,0015-01-19 08:42:00,15,1,19,8,42,60,88,"47, MONZIE (R. ANATOLE D",43.7373,7.30155,Plein jour,En agglomération,Hors intersection,Pluie légère,Autre collision,,,,,,,,,,,1,2,1,2,6
201500010598,0015-03-25 19:35:00,15,3,25,19,35,60,88,"80, GAMBETTA (A PARTIR D",43.4212,7.1522,Nuit avec éclairage allumé,En agglomération,Hors intersection,Normale,Autre collision,,,,,,,,,,,5,2,1,1,6
201500010599,0015-01-19 09:00:00,15,1,19,9,0,60,88,"344, ANGLAIS (DU N? 265",43.6702,7.22276,Plein jour,En agglomération,Hors intersection,Pluie forte,Trois véhicules et plus - en chaîne,,,,,,,,,,,1,2,1,3,4
201500010600,0015-03-26 20:05:00,15,3,26,20,5,60,88,"81, GAMBETTA (A PARTIR D",,,Nuit avec éclairage allumé,En agglomération,Hors intersection,Normale,Autre collision,,,,,,,,,,,5,2,1,1,6
201500010601,0015-01-19 10:50:00,15,1,19,10,50,60,88,"43, DIABLES BLEUS (AV. D",43.7083,7.29223,Plein jour,En agglomération,Intersection en X,Pluie légère,Autre collision,,,,,,,,,,,1,2,2,2,6
201500010602,0015-03-28 15:45:00,15,3,28,15,45,60,88,"30, SAINT-JEAN BAPTISTE",,,Plein jour,En agglomération,Hors intersection,Normale,Autre collision,,,,,,,,,,,1,2,1,1,6
201500010603,0015-01-19 19:00:00,15,1,19,19,0,60,88,"285, ANGLAIS (DU N? 265",43.6804,7.23094,Nuit avec éclairage allumé,En agglomération,Hors intersection,Normale,Autre collision,,,,,,,,,,,5,2,1,1,6
201500010604,0015-01-20 22:25:00,15,1,20,22,25,60,88,"0, REINE-JEANNE (R.)",,,Nuit avec éclairage non allumé,En agglomération,Hors intersection,Normale,Autre collision,,,,,,,,,,,4,2,1,1,6
201500010605,0015-03-29 13:00:00,15,3,29,13,0,60,159,"1, LIBERATION (CARREFOUR",,,Plein jour,En agglomération,Hors intersection,Normale,Deux véhicules - côté,,,,,,,,,,,1,2,1,1,3
201500010606,0015-01-21 10:00:00,15,1,21,10,0,60,88,CIMIEZ (BD) A PARTIR DU,,,Plein jour,En agglomération,Hors intersection,Pluie légère,Deux véhicules - côté,,,,,,,,,,,1,2,1,2,3
201500010607,0015-03-27 17:00:00,15,3,27,17,0,60,88,"0, SAETONE (PL.)",43.42145,7.15524,Plein jour,En agglomération,Hors intersection,Normale,Autre collision,,,,,,,,,,,1,2,1,1,6
201500010608,0015-03-30 10:05:00,15,3,30,10,5,60,88,ARSON (RUE),,,Plein jour,En agglomération,Intersection en X,Normale,Deux véhicules - côté,,,,,,,,,,,1,2,2,1,3
201500010609,0015-01-22 16:20:00,15,1,22,16,20,60,88,"8, MACCARANI (R.)",43.6983,7.26459,Plein jour,En agglomération,Hors intersection,Normale,Deux véhicules - côté,,,,,,,,,,,1,2,1,1,3
201500010610,0015-03-30 11:40:00,15,3,30,11,40,60,88,"33, HOTEL DES POSTES (R.",43.41593,7.16188,Plein jour,En agglomération,Intersection en X,Normale,Sans collision,,,,,,,,,,,1,2,2,1,7
201500010611,0015-01-22 17:20:00,15,1,22,17,20,60,88,"30, BORNALA (AV. DE LA)",43.6948,7.23744,Nuit avec éclairage allumé,En agglomération,Hors intersection,Normale,Autre collision,,,,,,,,,,,5,2,1,1,6
201500010612,0015-01-24 05:10:00,15,1,24,5,10,60,88,"0, GAMBETTA (A PARTIR DU",,,Nuit avec éclairage allumé,En agglomération,Hors intersection,Normale,Deux véhicules - côté,,,,,,,,,,,5,2,1,1,3
201500010613,0015-03-30 16:02:00,15,3,30,16,2,60,88,"0, CORNIGLION MOLINIER (",,,Plein jour,En agglomération,Hors intersection,Normale,Deux véhicules - arrière,,,,,,,,,,,1,2,1,1,2
201500010614,0015-01-24 14:20:00,15,1,24,14,20,60,88,"0, POMPIDOU (BD GEORGES)",,,Plein jour,En agglomération,Hors intersection,Normale,Deux véhicules - arrière,,,,,,,,,,,1,2,1,1,2
201500010615,0015-03-30 17:21:00,15,3,30,17,21,60,88,"5, DEVOLUY (RUE PIERRE)",,,Plein jour,En agglomération,Hors intersection,Normale,Autre collision,,,,,,,,,,,1,2,1,1,6
201500010616,0015-03-31 21:00:00,15,3,31,21,0,60,88,"289, PESSICART (DU 272/2",,,Nuit avec éclairage allumé,En agglomération,Hors intersection,Normale,Deux véhicules - arrière,,,,,,,,,,,5,2,1,1,2
201500010617,0015-01-24 18:45:00,15,1,24,18,45,60,88,"57, BISCHOFFSHEIM (BD)",43.7102,7.29466,Nuit avec éclairage allumé,En agglomération,Hors intersection,Normale,Deux véhicules - côté,,,,,,,,,,,5,2,1,1,3
201500010618,0015-03-31 20:35:00,15,3,31,20,35,60,88,ALBERTI (RUE),,,Nuit avec éclairage allumé,En agglomération,Intersection en T,Normale,Deux véhicules - côté,,,,,,,,,,,5,2,3,1,3