accident_id,datetime,annee,mois,jour,heure,minute,departement,commune_insee,adresse,latitude,longitude,luminosite,agglomeration,intersection,meteo,collision,nb_vehicules,nb_usagers,nb_indemnes,nb_tues,nb_blesses_hosp,nb_blesses_legers,age_cond_1,age_cond_2,veh_type_cond_1,veh_type_cond_2,lum_code,agg_code,int_code,atm_code,col_code
201500010619,0015-01-24 19:10:00,15,1,24,19,10,60,88,"107, ANGLAIS (DU N? 45 A",43.69114,7.24669,Nuit avec éclairage allumé,En agglomération,Hors intersection,Normale,Deux véhicules - frontale,,,,,,,,,,,5,2,1,1,1
201500010620,0015-01-25 15:30:00,15,1,25,15,30,60,88,"0, DUFY (RUE RAOUL)",,,Plein jour,En agglomération,Hors intersection,Normale,Deux véhicules - côté,,,,,,,,,,,1,2,1,1,3
201500010621,0015-04-01 14:10:00,15,4,1,14,10,60,88,"58, GRENOBLE (ROUTE DE)",43.67095,7.20879,Plein jour,En agglomération,Hors intersection,Normale,Trois véhicules et plus - en chaîne,,,,,,,,,,,1,2,1,1,4
201500010622,0015-04-02 08:40:00,15,4,2,8,40,60,88,"114, LANTERNE (AV. DE LA",43.68366,7.2219,Plein jour,En agglomération,Hors intersection,Normale,Deux véhicules - côté,,,,,,,,,,,1,2,1,1,3
201500010623,0015-01-26 17:00:00,15,1,26,17,0,60,88,"22, GORBELLA (BD)",43.7199,7.25669,Plein jour,En agglomération,Autre intersection,Normale,Autre collision,,,,,,,,,,,1,2,9,1,6
201500010624,0015-04-02 16:15:00,15,4,2,16,15,60,159,CORNE D OR (BOULEVARD DE,43.70771,7.30744,Plein jour,En agglomération,Hors intersection,Normale,Autre collision,,,,,,,,,,,1,2,1,1,6
201500010625,0015-01-28 09:30:00,15,1,28,9,30,60,88,"75, CANTA GALET (RTE DE)",43.6983,7.22914,Plein jour,En agglomération,Hors intersection,Normale,Autre collision,,,,,,,,,,,1,2,1,1,6
201500010626,0015-01-28 21:40:00,15,1,28,21,40,60,88,"0, ALBERTI (RUE)",,,Nuit avec éclairage allumé,En agglomération,Intersection en X,Normale,Deux véhicules - côté,,,,,,,,,,,5,2,2,1,3
201500010627,0015-04-03 03:01:00,15,4,3,3,1,60,88,MASSENA (PLACE),43.0,7.0,Nuit avec éclairage allumé,En agglomération,Autre intersection,Normale,Deux véhicules - côté,,,,,,,,,,,5,2,9,1,3
201500010628,0015-01-29 20:58:00,15,1,29,20,58,60,88,"213, ANGLAIS (DU N? 114",43.68605,7.23703,Nuit avec éclairage allumé,En agglomération,Hors intersection,Pluie légère,Deux véhicules - côté,,,,,,,,,,,5,2,1,2,3
201500010629,0015-04-04 13:15:00,15,4,4,13,15,60,88,"1, BORRIGLIONE (JUSQU'AU",43.71309,7.26175,Plein jour,En agglomération,Intersection en X,Normale,Deux véhicules - côté,,,,,,,,,,,1,2,2,1,3
201500010630,0015-01-30 16:00:00,15,1,30,16,0,60,88,"0, GRENOBLE (ROUTE DE)",,,Plein jour,En agglomération,Hors intersection,Normale,Deux véhicules - arrière,,,,,,,,,,,1,2,1,1,2
201500010631,0015-04-07 17:00:00,15,4,7,17,0,60,88,"203, MADELEINE (BD DE LA",,,Plein jour,En agglomération,Hors intersection,Normale,Autre collision,,,,,,,,,,,1,2,1,1,6
201500010632,0015-04-07 18:05:00,15,4,7,18,5,60,88,"169, MADELEINE (AV. DE L",,,Plein jour,En agglomération,Hors intersection,Normale,Deux véhicules - côté,,,,,,,,,,,1,2,1,1,3
201500010633,0015-01-30 23:00:00,15,1,30,23,0,60,159,"25, CORNE D OR BD (M6007",43.7071,7.30411,Nuit avec éclairage allumé,En agglomération,Hors intersection,Normale,Deux véhicules - frontale,,,,,,,,,,,5,2,1,1,1
201500010634,0015-01-31 02:50:00,15,1,31,2,50,60,88,"33, LEPANTE (R. DE)",43.70636,7.2686,Nuit avec éclairage allumé,En agglomération,Intersection en X,Normale,Deux véhicules - côté,,,,,,,,,,,5,2,2,1,3
201500010635,0015-04-08 16:55:00,15,4,8,16,55,60,88,"41, TURIN (RTE DE)",43.71171,7.28492,Plein jour,En agglomération,Intersection en X,Normale,Deux véhicules - côté,,,,,,,,,,,1,2,2,1,3
201500010636,0015-02-01 11:55:00,15,2,1,11,55,60,88,"14, PRINCE-DE-GALLES (BD",,,Plein jour,En agglomération,Intersection en X,Normale,Deux véhicules - côté,,,,,,,,,,,1,2,2,1,3
201500010637,0015-04-08 18:00:00,15,4,8,18,0,60,88,"0, TURIN (RTE DE)",,,Plein jour,En agglomération,Intersection en X,Normale,Deux véhicules - côté,,,,,,,,,,,1,2,2,1,3
201500010638,0015-02-02 20:06:00,15,2,2,20,6,60,88,"122, CARNOT (BD)",,,Nuit avec éclairage allumé,En agglomération,Hors intersection,Normale,Deux véhicules - côté,,,,,,,,,,,5,2,1,1,3
201500010639,0015-02-02 20:25:00,15,2,2,20,25,60,88,"0, GORBELLA (BD DE)",,,Nuit avec éclairage allumé,En agglomération,Hors intersection,Normale,Deux véhicules - côté,,,,,,,,,,,5,2,1,1,3
201500010640,0015-04-10 00:01:00,15,4,10,0,1,60,88,REPUBLIQUE (AV. DE LA),43.7059,7.28303,Nuit avec éclairage allumé,En agglomération,Intersection en T,Normale,Deux véhicules - côté,,,,,,,,,,,5,2,3,1,3
201500010641,0015-02-03 01:30:00,15,2,3,1,30,60,88,"58, GORBELLA (BD DE)",,,Nuit avec éclairage allumé,En agglomération,Hors intersection,Normale,Autre collision,,,,,,,,,,,5,2,1,1,6
201500010642,0015-04-10 17:10:00,15,4,10,17,10,60,88,"15, SEMARD (BD PIERRE)",43.72031,7.29172,Plein jour,En agglomération,Hors intersection,Normale,Deux véhicules - côté,,,,,,,,,,,1,2,1,1,3
201500010643,0015-02-04 10:00:00,15,2,4,10,0,60,88,"32, BORRIGLIONE (JUSQU'A",,,Plein jour,En agglomération,Intersection en X,Pluie légère,Deux véhicules - côté,,,,,,,,,,,1,2,2,2,3
201500010644,0015-04-10 17:38:00,15,4,10,17,38,60,88,"vpm2950, VOIE RAPIDE",,,Plein jour,En agglomération,Hors intersection,Normale,Deux véhicules - arrière,,,,,,,,,,,1,2,1,1,2
201500010645,0015-02-04 18:10:00,15,2,4,18,10,60,88,"38, RAY (AV. DU)",,,Nuit avec éclairage allumé,En agglomération,Hors intersection,Pluie légère,Autre collision,,,,,,,,,,,5,2,1,2,6
201500010646,0015-04-12 15:15:00,15,4,12,15,15,60,88,"0, MADELEINE (BD DE LA)",,,Plein jour,En agglomération,Hors intersection,Normale,Deux véhicules - côté,,,,,,,,,,,1,2,1,1,3
201500010647,0015-02-04 19:15:00,15,2,4,19,15,60,88,FLANDRES-DUNKERQUE (TRAV,,,Nuit avec éclairage allumé,En agglomération,Intersection en X,Pluie forte,Deux véhicules - côté,,,,,,,,,,,5,2,2,3,3
201500010648,0015-04-12 17:00:00,15,4,12,17,0,60,88,"37, ANGLAIS (DU N° 1 AU",43.41381,7.15233,Plein jour,En agglomération,Hors intersection,Normale,Deux véhicules - arrière,,,,,,,,,,,1,2,1,1,2
201500010649,0015-02-04 23:15:00,15,2,4,23,15,60,88,"19, ASSALIT (RUE)",,,Nuit avec éclairage allumé,En agglomération,Intersection en X,Normale,Deux véhicules - côté,,,,,,,,,,,5,2,2,1,3
201500010650,0015-04-12 17:30:00,15,4,12,17,30,60,88,VOIE RAPIDE,,,Plein jour,En agglomération,Hors intersection,Normale,Autre collision,,,,,,,,,,,1,2,1,1,6
201500010651,0015-02-04 23:52:00,15,2,4,23,52,60,88,"0, LEPANTE (R. DE)",,,Nuit avec éclairage allumé,En agglomération,Intersection en X,Normale,Deux véhicules - côté,,,,,,,,,,,5,2,2,1,3
201500010652,0015-04-12 02:48:00,15,4,12,2,48,60,159,"1150, NAPOLEON III (Bld)",43.70403,7.32212,Nuit avec éclairage allumé,En agglomération,Intersection en T,Normale,Deux véhicules - côté,,,,,,,,,,,5,2,3,1,3
201500010653,0015-02-05 11:20:00,15,2,5,11,20,60,88,ANGLAIS (DU N? 265 AU N?,,,Plein jour,En agglomération,Hors intersection,Pluie légère,Deux véhicules - arrière,,,,,,,,,,,1,2,1,2,2
201500010654,0015-04-10 17:45:00,15,4,10,17,45,60,88,"50, SMOLETT (R.)",43.42079,7.17194,Plein jour,Hors agglomération,Intersection en X,Normale,Autre collision,,,,,,,,,,,1,1,2,1,6
201500010655,0015-02-05 18:55:00,15,2,5,18,55,60,88,"290, FABRON (AV. DE) (A",,,Nuit avec éclairage allumé,En agglomération,Hors intersection,Pluie légère,Deux véhicules - côté,,,,,,,,,,,5,2,1,2,3
201500010656,0015-04-15 08:45:00,15,4,15,8,45,60,88,"46, CALIFORNIE (AV.) (DU",43.68994,7.24163,Plein jour,En agglomération,Hors intersection,Normale,Deux véhicules - côté,,,,,,,,,,,1,2,1,1,3
201500010657,0015-02-06 12:25:00,15,2,6,12,25,60,88,"0, CLUVIER (RUE)",,,Plein jour,En agglomération,Intersection en T,Normale,Trois véhicules et plus - collisions multiples,,,,,,,,,,,1,2,3,1,5
201500010658,0015-04-15 19:10:00,15,4,15,19,10,60,88,CAL DE SPAGNOL SOUBRAN (,43.69613,7.20422,Plein jour,Hors agglomération,Hors intersection,Normale,Deux véhicules - frontale,,,,,,,,,,,1,1,1,1,1
201500010659,0015-02-06 16:50:00,15,2,6,16,50,60,88,"29, MADELEINE (AV. DE LA",,,Crépuscule ou aube,En agglomération,Hors intersection,Pluie légère,Trois véhicules et plus - en chaîne,,,,,,,,,,,2,2,1,2,4
201500010660,0015-04-16 14:20:00,15,4,16,14,20,60,88,"0, JOFFRE (R. MARECHAL)",,,Plein jour,En agglomération,Hors intersection,Normale,Deux véhicules - côté,,,,,,,,,,,1,2,1,1,3
201500010661,0015-02-06 17:05:00,15,2,6,17,5,60,88,"1, VIRENQUE (MONTEE CLAI",,,Crépuscule ou aube,En agglomération,Hors intersection,Pluie légère,Autre collision,,,,,,,,,,,2,2,1,2,6
201500010662,0015-04-14 17:50:00,15,4,14,17,50,60,88,DUBOUCHAGE (BD),,,Plein jour,En agglomération,Hors intersection,Normale,Deux véhicules - côté,,,,,,,,,,,1,2,1,1,3
201500010663,0015-02-06 18:10:00,15,2,6,18,10,60,88,"0, VOIE RAPIDE",,,Nuit avec éclairage allumé,En agglomération,Hors intersection,Normale,Deux véhicules - arrière,,,,,,,,,,,5,2,1,1,2
201500010664,0015-04-17 14:00:00,15,4,17,14,0,60,88,"20, ARSON (RUE)",43.4201,7.17121,Plein jour,En agglomération,Hors intersection,Normale,Autre collision,,,,,,,,,,,1,2,1,1,6
201500010665,0015-02-07 20:50:00,15,2,7,20,50,60,88,"119, BISCHOFFSHEIM (BD)",,,Nuit avec éclairage allumé,En agglomération,Intersection en T,Normale,Deux véhicules - côté,,,,,,,,,,,5,2,3,1,3
201500010666,0015-04-17 16:50:00,15,4,17,16,50,60,88,ANGLAIS (DU N° 45 AU N°,,,Plein jour,En agglomération,Hors intersection,Normale,Autre collision,,,,,,,,,,,1,2,1,1,6
201500010667,0015-02-08 01:04:00,15,2,8,1,4,60,88,"49, DELFINO (BD GENERAL)",,,Nuit avec éclairage allumé,En agglomération,Hors intersection,Normale,Deux véhicules - arrière,,,,,,,,,,,5,2,1,1,2
201500010668,0015-04-17 18:50:00,15,4,17,18,50,60,88,"52 BIS, BRANCOLAR (AV.)",43.71938,7.26561,Plein jour,En agglomération,Intersection en T,Normale,Deux véhicules - côté,,,,,,,,,,,1,2,3,1,3
201500010669,0015-02-08 19:30:00,15,2,8,19,30,60,88,"0, DESAMBROIS (AV.)",,,Nuit avec éclairage allumé,En agglomération,Intersection en X,Normale,Deux véhicules - côté,,,,,,,,,,,5,2,2,1,3
201500010670,0015-04-18 12:53:00,15,4,18,12,53,60,88,ABBAYE (MONTEE DE L'),43.7256,7.28476,Plein jour,En agglomération,Hors intersection,Normale,Deux véhicules - côté,,,,,,,,,,,1,2,1,1,3
201500010671,0015-02-09 16:35:00,15,2,9,16,35,60,88,"34, RAIMBALDI (BD)",,,Plein jour,En agglomération,Intersection en T,Normale,Autre collision,,,,,,,,,,,1,2,3,1,6
201500010672,0015-04-18 14:29:00,15,4,18,14,29,60,88,"0, RAYBAUD JOSEPH",,,Plein jour,En agglomération,Intersection en Y,Temps couvert,Deux véhicules - côté,,,,,,,,,,,1,2,4,8,3
201500010673,0015-02-09 17:45:00,15,2,9,17,45,60,88,"59, VINAIGRIER (CH. DU)",,,Plein jour,En agglomération,Hors intersection,Normale,Deux véhicules - côté,,,,,,,,,,,1,2,1,1,3
201500010674,0015-04-20 05:45:00,15,4,20,5,45,60,88,"1, RICOLFI (R. HUMBERT)",,,Nuit avec éclairage allumé,En agglomération,Hors intersection,Normale,Trois véhicules et plus - collisions multiples,,,,,,,,,,,5,2,1,1,5
201500010675,0015-02-11 09:30:00,15,2,11,9,30,60,88,"48, GARNIER (BD JOSEPH)",,,Plein jour,En agglomération,Hors intersection,Normale,Autre collision,,,,,,,,,,,1,2,1,1,6
201500010676,0015-04-20 05:52:00,15,4,20,5,52,60,88,"124, CALIFORNIE (AV.) (D",43.68621,7.23621,Nuit avec éclairage allumé,En agglomération,Hors intersection,Normale,Deux véhicules - côté,,,,,,,,,,,5,2,1,1,3
201500010677,0015-02-11 10:30:00,15,2,11,10,30,60,88,"0, PERTINAX (R.)",,,Plein jour,En agglomération,Intersection en X,Normale,Deux véhicules - côté,,,,,,,,,,,1,2,2,1,3
201500010678,0015-04-20 15:45:00,15,4,20,15,45,60,88,"123, ANGLAIS (DU N° 114",43.41252,7.14397,Plein jour,En agglomération,Hors intersection,Normale,Deux véhicules - arrière,,,,,,,,,,,1,2,1,1,2
201500010679,0015-02-12 07:40:00,15,2,12,7,40,60,88,"8, EUGENIE (BD IMPERATRI",,,Plein jour,En agglomération,Hors intersection,Normale,Deux véhicules - arrière,,,,,,,,,,,1,2,1,1,2
201500010680,0015-04-21 17:15:00,15,4,21,17,15,60,88,"40, STE-MARGUERITE (AV.)",43.6783,7.21999,Plein jour,En agglomération,Intersection en T,Normale,Autre collision,,,,,,,,,,,1,2,3,1,6
201500010681,0015-02-12 07:45:00,15,2,12,7,45,60,88,"48, SAINTE-ROSALIE (CORN",,,Plein jour,En agglomération,Hors intersection,Normale,Autre collision,,,,,,,,,,,1,2,1,1,6
201500010682,0015-04-23 01:30:00,15,4,23,1,30,60,88,"123, OLIVIERS (CORNICHE",,,Nuit avec éclairage allumé,En agglomération,Hors intersection,Normale,Autre collision,,,,,,,,,,,5,2,1,1,6
201500010683,0015-02-13 14:30:00,15,2,13,14,30,60,88,"2, CIAUDO (RUE DU DOCTEU",,,Plein jour,En agglomération,Intersection en T,Normale,Deux véhicules - côté,,,,,,,,,,,1,2,3,1,3
201500010684,0015-04-23 10:15:00,15,4,23,10,15,60,88,"04, FAURE (AV. FELIX)",43.69862,7.27489,Plein jour,En agglomération,Hors intersection,Normale,Autre collision,,,,,,,,,,,1,2,1,1,6
201500010685,0015-02-13 16:30:00,15,2,13,16,30,60,88,"0, ANGLAIS (A PARTIR DU",,,Plein jour,En agglomération,Hors intersection,Pluie forte,Autre collision,,,,,,,,,,,1,2,1,3,6
201500010686,0015-04-23 14:30:00,15,4,23,14,30,60,88,"2, JOLY (CORNICHE ANDRE",43.70049,7.28919,Plein jour,En agglomération,Hors intersection,Normale,Deux véhicules - côté,,,,,,,,,,,1,2,1,1,3
201500010687,0015-02-13 19:55:00,15,2,13,19,55,60,88,"0, DIGUE DES FRANCAIS (T",,,Nuit avec éclairage allumé,En agglomération,Intersection en X,Pluie forte,Trois véhicules et plus - collisions multiples,,,,,,,,,,,5,2,2,3,5
201500010688,0015-04-24 07:30:00,15,4,24,7,30,60,88,"11, PEGURIER (R. AUGUSTE",43.67413,7.22451,Plein jour,En agglomération,Hors intersection,Normale,Deux véhicules - frontale,,,,,,,,,,,1,2,1,1,1
201500010689,0015-02-13 22:20:00,15,2,13,22,20,60,88,"2, GRENOBLE (ROUTE DE)",,,Nuit avec éclairage allumé,En agglomération,Hors intersection,Pluie forte,Deux véhicules - côté,,,,,,,,,,,5,2,1,3,3
201500010690,0015-04-24 01:25:00,15,4,24,1,25,60,88,THIERS (AV.),43.70467,7.26314,Nuit avec éclairage allumé,En agglomération,Hors intersection,Normale,Sans collision,,,,,,,,,,,5,2,1,1,7
201500010691,0015-02-13 15:35:00,15,2,13,15,35,60,88,"47, CALIFORNIE (AV.) (A",,,Plein jour,En agglomération,Hors intersection,Pluie légère,Autre collision,,,,,,,,,,,1,2,1,2,6
201500010692,0015-04-24 12:45:00,15,4,24,12,45,60,88,EIFFEL (AV. GUSTAVE),,,Plein jour,En agglomération,Hors intersection,Normale,Deux véhicules - côté,,,,,,,,,,,1,2,1,1,3
201500010693,0015-02-13 22:50:00,15,2,13,22,50,60,88,"15, CESSOLE (BD DE) (A P",,,Nuit avec éclairage allumé,En agglomération,Hors intersection,Pluie légère,Trois véhicules et plus - collisions multiples,,,,,,,,,,,5,2,1,2,5
201500010694,0015-04-24 22:05:00,15,4,24,22,5,60,88,"99, ARIANE (BD DE L')",43.7353,7.30195,Nuit avec éclairage allumé,En agglomération,Hors intersection,Normale,Autre collision,,,,,,,,,,,5,2,1,1,6
201500010695,0015-02-14 20:20:00,15,2,14,20,20,60,88,"0, LYAUTEY (AV. DU MAL)",,,Nuit avec éclairage allumé,En agglomération,Intersection en X,Pluie légère,Deux véhicules - côté,,,,,,,,,,,5,2,2,2,3
201500010696,0015-04-25 06:45:00,15,4,25,6,45,60,88,"1, VOIE RAPIDE",43.67339,7.22166,Plein jour,En agglomération,Hors intersection,Normale,Deux véhicules - arrière,,,,,,,,,,,1,2,1,1,2
201500010697,0015-02-15 18:20:00,15,2,15,18,20,60,88,"107, GROSSO (A PARTIR DU",,,Nuit avec éclairage non allumé,En agglomération,Hors intersection,Pluie forte,Autre collision,,,,,,,,,,,4,2,1,3,6
201500010698,0015-04-25 09:50:00,15,4,25,9,50,60,88,"1, DIGUE DES FRANCAIS (T",,,Plein jour,En agglomération,Hors intersection,Pluie légère,Deux véhicules - côté,,,,,,,,,,,1,2,1,2,3
201500010699,0015-02-16 11:35:00,15,2,16,11,35,60,88,"42, TRACHEL (RUE)",,,Plein jour,En agglomération,Hors intersection,Normale,Trois véhicules et plus - en chaîne,,,,,,,,,,,1,2,1,1,4
201500010700,0015-04-27 17:50:00,15,4,27,17,50,60,88,"20, BAUDELAIRE (RUE CHAR",43.43404,7.15293,Plein jour,En agglomération,Hors intersection,Normale,Autre collision,,,,,,,,,,,1,2,1,1,6
201500010701,0015-02-18 14:00:00,15,2,18,14,0,60,88,RAYBAUD JOSEPH,,,Plein jour,En agglomération,Hors intersection,Normale,Deux véhicules - côté,,,,,,,,,,,1,2,1,1,3
201500010702,0015-04-28 09:00:00,15,4,28,9,0,60,88,"162, BESSET (AV.) (A PAR",43.72483,7.24744,Plein jour,En agglomération,Hors intersection,Normale,Deux véhicules - frontale,,,,,,,,,,,1,2,1,1,1
201500010703,0015-02-18 16:50:00,15,2,18,16,50,60,88,GRENOBLE (ROUTE DE),,,Plein jour,En agglomération,Giratoire,Normale,Deux véhicules - côté,,,,,,,,,,,1,2,6,1,3
201500010704,0015-04-28 08:55:00,15,4,28,8,55,60,88,"0, MATISSE (AV. HENRI)",,,Plein jour,En agglomération,Intersection en T,Normale,Deux véhicules - côté,,,,,,,,,,,1,2,3,1,3
201500010705,0015-02-18 18:50:00,15,2,18,18,50,60,88,"82, CESSOLE (BD DE) (JUS",,,Nuit avec éclairage allumé,En agglomération,Intersection en T,Normale,Deux véhicules - côté,,,,,,,,,,,5,2,3,1,3
201500010706,0015-04-28 12:05:00,15,4,28,12,5,60,88,"566, GRENOBLE (ROUTE DE)",,,Plein jour,En agglomération,Hors intersection,Normale,Deux véhicules - arrière,,,,,,,,,,,1,2,1,1,2
201500010707,0015-02-19 19:00:00,15,2,19,19,0,60,88,"63, ARIANE (BD DE L')",,,Nuit avec éclairage allumé,En agglomération,Hors intersection,Normale,Deux véhicules - côté,,,,,,,,,,,5,2,1,1,3
201500010708,0015-04-28 21:57:00,15,4,28,21,57,60,88,", DIABLES BLEUS (AV. DES",,,Nuit avec éclairage allumé,En agglomération,Hors intersection,Normale,Deux véhicules - côté,,,,,,,,,,,5,2,1,1,3
201500010709,0015-04-30 13:40:00,15,4,30,13,40,60,88,"199, ANGLAIS (DU N° 114",43.68643,7.23784,Plein jour,En agglomération,Hors intersection,Normale,Deux véhicules - arrière,,,,,,,,,,,1,2,1,1,2
201500010710,0015-02-20 15:08:00,15,2,20,15,8,60,88,"52, RAY (AV. DU)",43.72562,7.25557,Plein jour,En agglomération,Intersection en X,Normale,Autre collision,,,,,,,,,,,1,2,2,1,6
201500010711,0015-02-21 01:40:00,15,2,21,1,40,60,88,"0, RD 6202",,,Nuit avec éclairage allumé,En agglomération,Hors intersection,Normale,Autre collision,,,,,,,,,,,5,2,1,1,6
201500010712,0015-05-02 17:26:00,15,5,2,17,26,60,88,", EL-NOUZAH (RUE)",,,Plein jour,En agglomération,Hors intersection,Normale,Trois véhicules et plus - collisions multiples,,,,,,,,,,,1,2,1,1,5
201500010713,0015-02-21 10:00:00,15,2,21,10,0,60,159,"73, BELLAVISTA (AVENUE)",,,Plein jour,Hors agglomération,Hors intersection,Pluie forte,Deux véhicules - frontale,,,,,,,,,,,1,1,1,3,1
201500010714,0015-05-03 11:10:00,15,5,3,11,10,60,88,"110, OLIVIERS (CORNICHE",,,Plein jour,En agglomération,Hors intersection,Normale,Autre collision,,,,,,,,,,,1,2,1,1,6
201500010715,0015-02-21 11:30:00,15,2,21,11,30,60,88,"0, RAIBERTI (R.)",,,Plein jour,En agglomération,Hors intersection,Normale,Autre collision,,,,,,,,,,,1,2,1,1,6
201500010716,0015-05-03 03:00:00,15,5,3,3,0,60,88,NAPOLEON III (PONT),,,Nuit avec éclairage allumé,En agglomération,Hors intersection,Normale,Autre collision,,,,,,,,,,,5,2,1,1,6
201500010717,0015-02-21 13:30:00,15,2,21,13,30,60,88,"0, BLANQUI (PL. AUGUSTE)",,,Plein jour,En agglomération,Hors intersection,Pluie légère,Autre collision,,,,,,,,,,,1,2,1,2,6
201500010718,0015-05-03 12:15:00,15,5,3,12,15,60,88,"62, DUNANT (AV. HENRI)",,,Plein jour,En agglomération,Hors intersection,Normale,Deux véhicules - arrière,,,,,,,,,,,1,2,1,1,2
201500010719,0015-02-21 16:55:00,15,2,21,16,55,60,88,"34, SEMARD (BD PIERRE)",,,Plein jour,En agglomération,Intersection en T,Pluie forte,Deux véhicules - côté,,,,,,,,,,,1,2,3,3,3
201500010720,0015-05-04 08:45:00,15,5,4,8,45,60,88,"80, MATISSE (AV. HENRI)",,,Plein jour,En agglomération,Hors intersection,Normale,Deux véhicules - frontale,,,,,,,,,,,1,2,1,1,1
201500010721,0015-02-21 19:20:00,15,2,21,19,20,60,88,CARABACEL (BD),,,Nuit avec éclairage allumé,En agglomération,Intersection en T,Pluie légère,Autre collision,,,,,,,,,,,5,2,3,2,6
201500010722,0015-05-04 11:20:00,15,5,4,11,20,60,88,"11, RAY (AV. DU)",,,Plein jour,En agglomération,Intersection en T,Normale,Deux véhicules - frontale,,,,,,,,,,,1,2,3,1,1
201500010723,0015-02-22 11:45:00,15,2,22,11,45,60,88,ANGLAIS (DU N? 265 AU N?,,,Plein jour,En agglomération,Hors intersection,Normale,Deux véhicules - côté,,,,,,,,,,,1,2,1,1,3
201500010724,0015-05-02 23:10:00,15,5,2,23,10,60,88,"59, GAMBETTA (JUSQU'AU N",,,Nuit avec éclairage allumé,En agglomération,Hors intersection,Normale,Deux véhicules - côté,,,,,,,,,,,5,2,1,1,3
201500010725,0015-02-23 08:50:00,15,2,23,8,50,60,88,"2, TZAREWITCH (BD DU)",,,Plein jour,En agglomération,Hors intersection,Normale,Deux véhicules - côté,,,,,,,,,,,1,2,1,1,3
201500010726,0015-05-04 17:34:00,15,5,4,17,34,60,88,"borne 118, VOIE RAPIDE",,,Plein jour,En agglomération,Hors intersection,Normale,Trois véhicules et plus - collisions multiples,,,,,,,,,,,1,2,1,1,5
201500010727,0015-02-24 00:01:00,15,2,24,0,1,60,88,"0, MEDECIN (AV. JEAN)",,,Nuit avec éclairage allumé,En agglomération,Intersection en X,Normale,Deux véhicules - côté,,,,,,,,,,,5,2,2,1,3
201500010728,0015-05-05 17:10:00,15,5,5,17,10,60,88,"64, MATISSE (AV. HENRI)",,,Plein jour,En agglomération,Hors intersection,Normale,Sans collision,,,,,,,,,,,1,2,1,1,7
201500010729,0015-02-24 10:30:00,15,2,24,10,30,60,88,"43, ANGLAIS (DU N? 1 AU",,,Plein jour,En agglomération,Hors intersection,Temps couvert,Deux véhicules - arrière,,,,,,,,,,,1,2,1,8,2
201500010730,0015-05-07 09:20:00,15,5,7,9,20,60,88,"4, TOUR (R. ET PL. DE LA",,,Plein jour,En agglomération,Hors intersection,Normale,Autre collision,,,,,,,,,,,1,2,1,1,6
201500010731,0015-02-24 18:00:00,15,2,24,18,0,60,159,BELLAVISTA (AVENUE),,,Plein jour,En agglomération,Hors intersection,Normale,Deux véhicules - côté,,,,,,,,,,,1,2,1,1,3
201500010732,0015-05-07 11:45:00,15,5,7,11,45,60,88,"62, CASSIN (BD RENE)",,,Plein jour,En agglomération,Hors intersection,Normale,Deux véhicules - côté,,,,,,,,,,,1,2,1,1,3
201500010733,0015-02-24 18:20:00,15,2,24,18,20,60,88,"0, DUBOUCHAGE (BD)",,,Nuit sans éclairage public,En agglomération,Intersection en X,Normale,Deux véhicules - côté,,,,,,,,,,,3,2,2,1,3
201500010734,0015-05-07 21:52:00,15,5,7,21,52,60,88,"29/30, ANGLAIS (DU N° 1",43.4142,7.15521,Nuit avec éclairage allumé,En agglomération,Hors intersection,Normale,Deux véhicules - côté,,,,,,,,,,,5,2,1,1,3
201500010735,0015-02-25 10:35:00,15,2,25,10,35,60,88,"2, MALAUSSENA (AV.)",,,Plein jour,En agglomération,Intersection en X,Normale,Deux véhicules - côté,,,,,,,,,,,1,2,2,1,3
201500010736,0015-05-08 08:50:00,15,5,8,8,50,60,159,"9, CORNE D OR (BOULEVARD",,,Plein jour,En agglomération,Hors intersection,Normale,Deux véhicules - côté,,,,,,,,,,,1,2,1,1,3
201500010737,0015-02-25 11:00:00,15,2,25,11,0,60,88,"8, PHOCEENS (AV. DES)",,,Plein jour,En agglomération,Hors intersection,Normale,Deux véhicules - côté,,,,,,,,,,,1,2,1,1,3
201500010738,0015-05-08 14:30:00,15,5,8,14,30,60,88,"70, ANGLAIS (DU N° 45 AU",,,Plein jour,En agglomération,Hors intersection,Normale,Deux véhicules - côté,,,,,,,,,,,1,2,1,1,3
201500010739,0015-02-26 01:30:00,15,2,26,1,30,60,88,"77, CARNOT (BD)",,,Nuit avec éclairage non allumé,En agglomération,Hors intersection,Normale,Deux véhicules - frontale,,,,,,,,,,,4,2,1,1,1
201500010740,0015-05-09 09:41:00,15,5,9,9,41,60,88,"0, MICHEL ANGE (AV.) (JU",,,Plein jour,En agglomération,Hors intersection,Normale,Autre collision,,,,,,,,,,,1,2,1,1,6
201500010741,0015-02-27 11:15:00,15,2,27,11,15,60,88,"78, CORNICHE FLEURIE (AV",,,Plein jour,En agglomération,Intersection en T,Normale,Trois véhicules et plus - collisions multiples,,,,,,,,,,,1,2,3,1,5
201500010742,0015-05-09 10:50:00,15,5,9,10,50,60,88,"06, VERANY (BD J.B.)",,,Plein jour,En agglomération,Passage à niveau,Normale,Autre collision,,,,,,,,,,,1,2,8,1,6
201500010743,0015-02-27 17:00:00,15,2,27,17,0,60,88,"90, ROQUEBILLIERE (R. DE",,,Plein jour,En agglomération,Hors intersection,Normale,Autre collision,,,,,,,,,,,1,2,1,1,6
201500010744,0015-05-09 18:00:00,15,5,9,18,0,60,88,"34, BORNALA (AV. DE LA)",,,Plein jour,En agglomération,Hors intersection,Normale,Autre collision,,,,,,,,,,,1,2,1,1,6
201500010745,0015-02-27 17:15:00,15,2,27,17,15,60,88,"10, FLIREY (AV. DE)",,,Plein jour,En agglomération,Hors intersection,Normale,Autre collision,,,,,,,,,,,1,2,1,1,6
201500010746,0015-05-10 04:20:00,15,5,10,4,20,60,88,"203, STE MARGUERITE (AV.",,,Nuit avec éclairage allumé,En agglomération,Hors intersection,Normale,Deux véhicules - côté,,,,,,,,,,,5,2,1,1,3