accident_id,datetime,annee,mois,jour,heure,minute,departement,commune_insee,adresse,latitude,longitude,luminosite,agglomeration,intersection,meteo,collision,nb_vehicules,nb_usagers,nb_indemnes,nb_tues,nb_blesses_hosp,nb_blesses_legers,age_cond_1,age_cond_2,veh_type_cond_1,veh_type_cond_2,lum_code,agg_code,int_code,atm_code,col_code
201500010747,0015-02-27 23:34:00,15,2,27,23,34,60,88,"139, ST LAMBERT A PARTIR",,,Nuit avec éclairage allumé,En agglomération,Hors intersection,Normale,Autre collision,,,,,,,,,,,5,2,1,1,6
201500010748,0015-05-10 18:34:00,15,5,10,18,34,60,88,VOIE RAPIDE,43.40212,7.13145,Plein jour,En agglomération,Hors intersection,Normale,Deux véhicules - arrière,,,,,,,,,,,1,2,1,1,2
201500010749,0015-02-28 01:00:00,15,2,28,1,0,60,88,"77, ANGLAIS (DU N? 45 AU",,,Nuit avec éclairage allumé,En agglomération,Hors intersection,Normale,Autre collision,,,,,,,,,,,5,2,1,1,6
201500010750,0015-05-11 15:05:00,15,5,11,15,5,60,88,"132, LANTERNE (AV. DE LA",43.4104,7.13096,Plein jour,En agglomération,Hors intersection,Normale,Deux véhicules - côté,,,,,,,,,,,1,2,1,1,3
201500010751,0015-03-02 10:30:00,15,3,2,10,30,60,88,TURIN (RTE DE),,,Plein jour,En agglomération,Hors intersection,Normale,Deux véhicules - côté,,,,,,,,,,,1,2,1,1,3
201500010752,0015-05-12 07:55:00,15,5,12,7,55,60,88,"66, BRAILLE (BD LOUIS)",,,Plein jour,En agglomération,Hors intersection,Normale,Autre collision,,,,,,,,,,,1,2,1,1,6
201500010753,0015-03-02 17:35:00,15,3,2,17,35,60,88,"192, CALIFORNIE (AV.) (D",,,Plein jour,En agglomération,Intersection à plus de 4 branches,Normale,Deux véhicules - côté,,,,,,,,,,,1,2,5,1,3
201500010754,0015-05-12 13:50:00,15,5,12,13,50,60,88,"69, DAUPHINE (AV.)",,,Plein jour,En agglomération,Hors intersection,Normale,Deux véhicules - frontale,,,,,,,,,,,1,2,1,1,1
201500010755,0015-03-03 12:45:00,15,3,3,12,45,60,88,"85, CESSOLE (BD DE) (JUS",,,Plein jour,En agglomération,Hors intersection,Normale,Deux véhicules - côté,,,,,,,,,,,1,2,1,1,3
201500010756,0015-05-12 14:30:00,15,5,12,14,30,60,88,"37, CARABACEL (BD)",,,Plein jour,En agglomération,Hors intersection,Normale,Autre collision,,,,,,,,,,,1,2,1,1,6
201500010757,0015-03-04 11:40:00,15,3,4,11,40,60,88,"27, CESSOLE (BD DE) (JUS",,,Plein jour,En agglomération,Intersection en T,Normale,Deux véhicules - frontale,,,,,,,,,,,1,2,3,1,1
201500010758,0015-05-13 01:10:00,15,5,13,1,10,60,88,ANGLAIS (DU N° 45 AU N°,,,Nuit avec éclairage allumé,En agglomération,Hors intersection,Normale,Deux véhicules - arrière,,,,,,,,,,,5,2,1,1,2
201500010759,0015-03-04 18:15:00,15,3,4,18,15,60,88,"43, PAPE JEAN XXIII (BD)",,,Nuit sans éclairage public,En agglomération,Hors intersection,Normale,Autre collision,,,,,,,,,,,3,2,1,1,6
201500010760,0015-05-13 08:50:00,15,5,13,8,50,60,88,"3, SAPPIA (AV. HENRI)",,,Plein jour,En agglomération,Hors intersection,Normale,Autre collision,,,,,,,,,,,1,2,1,1,6
201500010761,0015-03-05 17:10:00,15,3,5,17,10,60,88,"8, FAURE (AV. FELIX)",,,Plein jour,En agglomération,Hors intersection,Normale,Deux véhicules - côté,,,,,,,,,,,1,2,1,1,3
201500010762,0015-05-13 13:45:00,15,5,13,13,45,60,88,"1, VOIE RAPIDE",,,Plein jour,En agglomération,Hors intersection,Normale,Trois véhicules et plus - en chaîne,,,,,,,,,,,1,2,1,1,4
201500010763,0015-03-05 19:15:00,15,3,5,19,15,60,88,"0, MATISSE (AV. HENRI)",,,Nuit avec éclairage allumé,En agglomération,Hors intersection,Normale,Trois véhicules et plus - en chaîne,,,,,,,,,,,5,2,1,1,4
201500010764,0015-03-06 01:15:00,15,3,6,1,15,60,88,"37, CARLONE (BD)",,,Nuit avec éclairage allumé,En agglomération,Intersection en T,Normale,Autre collision,,,,,,,,,,,5,2,3,1,6
201500010765,0015-05-14 02:20:00,15,5,14,2,20,60,88,"274, CALIFORNIE (AV.) (A",,,Nuit avec éclairage allumé,En agglomération,Hors intersection,Normale,Sans collision,,,,,,,,,,,5,2,1,1,7
201500010766,0015-03-06 08:00:00,15,3,6,8,0,60,88,"0, ALBERTI (RUE)",,,Plein jour,En agglomération,Intersection en X,Normale,Deux véhicules - côté,,,,,,,,,,,1,2,2,1,3
201500010767,0015-05-14 15:45:00,15,5,14,15,45,60,88,"13, FALICON (BD COMTE DE",43.72867,7.25547,Plein jour,En agglomération,Hors intersection,Normale,Autre collision,,,,,,,,,,,1,2,1,1,6
201500010768,0015-03-06 15:25:00,15,3,6,15,25,60,88,MALRAUX (VOIE ET TUNNEL),,,Plein jour,En agglomération,Hors intersection,Normale,Deux véhicules - arrière,,,,,,,,,,,1,2,1,1,2
201500010769,0015-05-15 12:05:00,15,5,15,12,5,60,88,"6, STE-MARGUERITE (AV.)",,,Plein jour,En agglomération,Hors intersection,Normale,Deux véhicules - frontale,,,,,,,,,,,1,2,1,1,1
201500010770,0015-03-07 20:38:00,15,3,7,20,38,60,88,"108, GAMBETTA (A PARTIR",,,Nuit avec éclairage allumé,En agglomération,Hors intersection,Normale,Deux véhicules - côté,,,,,,,,,,,5,2,1,1,3
201500010771,0015-05-15 17:50:00,15,5,15,17,50,60,88,"13, CITE DE L'EAU FRAICH",,,Plein jour,En agglomération,Hors intersection,Normale,Autre collision,,,,,,,,,,,1,2,1,1,6
201500010772,0015-03-07 21:30:00,15,3,7,21,30,60,88,"0, GUYNEMER (PL.)",,,Nuit avec éclairage allumé,En agglomération,Hors intersection,Normale,Deux véhicules - côté,,,,,,,,,,,5,2,1,1,3
201500010773,0015-05-15 18:30:00,15,5,15,18,30,60,88,VERNIER (R.),,,Plein jour,En agglomération,Hors intersection,Normale,Deux véhicules - frontale,,,,,,,,,,,1,2,1,1,1
201500010774,0015-03-08 07:40:00,15,3,8,7,40,60,88,"40, EUGENIE (BD IMPERATR",,,Plein jour,En agglomération,Hors intersection,Normale,Trois véhicules et plus - collisions multiples,,,,,,,,,,,1,2,1,1,5
201500010775,0015-05-16 16:45:00,15,5,16,16,45,60,88,"0, THIERS (AV.)",,,Plein jour,Hors agglomération,Hors intersection,Normale,Autre collision,,,,,,,,,,,1,1,1,1,6
201500010776,0015-03-08 16:40:00,15,3,8,16,40,60,88,"153, CESSOLE (BD DE) (A",,,Plein jour,En agglomération,Hors intersection,Normale,Autre collision,,,,,,,,,,,1,2,1,1,6
201500010777,0015-05-16 16:50:00,15,5,16,16,50,60,88,"12, FAURE (AV. FELIX)",,,Plein jour,En agglomération,Intersection en X,Normale,Autre collision,,,,,,,,,,,1,2,2,1,6
201500010778,0015-03-09 08:15:00,15,3,9,8,15,60,88,"263, ANGLAIS (DU N° 114",,,Plein jour,En agglomération,Hors intersection,Normale,Trois véhicules et plus - en chaîne,,,,,,,,,,,1,2,1,1,4
201500010779,0015-03-09 09:00:00,15,3,9,9,0,60,88,"63, ANGLAIS (DU N° 45 AU",,,Plein jour,En agglomération,Hors intersection,Normale,Deux véhicules - côté,,,,,,,,,,,1,2,1,1,3
201500010780,0015-03-10 08:00:00,15,3,10,8,0,60,88,PENETRANTE DU PAILLON,,,Plein jour,En agglomération,Hors intersection,Normale,Trois véhicules et plus - en chaîne,,,,,,,,,,,1,2,1,1,4
201500010781,0015-05-17 13:30:00,15,5,17,13,30,60,88,"5, ILE-DE-BEAUTE (PL. DE",43.69859,7.28559,Plein jour,En agglomération,Hors intersection,Normale,Deux véhicules - côté,,,,,,,,,,,1,2,1,1,3
201500010782,0015-03-10 22:10:00,15,3,10,22,10,60,88,"97, PASTEUR (BD)",,,Nuit avec éclairage allumé,En agglomération,Intersection en T,Normale,Deux véhicules - côté,,,,,,,,,,,5,2,3,1,3
201500010783,0015-05-17 17:00:00,15,5,17,17,0,60,88,"181, GRENOBLE (ROUTE DE)",,,Plein jour,En agglomération,Autre intersection,Normale,Deux véhicules - côté,,,,,,,,,,,1,2,9,1,3
201500010784,0015-03-11 07:55:00,15,3,11,7,55,60,88,"35, THIERS (AV.)",,,Plein jour,En agglomération,Hors intersection,Normale,Deux véhicules - arrière,,,,,,,,,,,1,2,1,1,2
201500010785,0015-05-17 19:20:00,15,5,17,19,20,60,88,"12, SAINT-JEAN D'ANGELY",,,Plein jour,En agglomération,Hors intersection,Normale,Autre collision,,,,,,,,,,,1,2,1,1,6
201500010786,0015-03-11 10:15:00,15,3,11,10,15,60,88,COMBOUL (AV. RAYMOND),,,Plein jour,En agglomération,Intersection en Y,Normale,Deux véhicules - côté,,,,,,,,,,,1,2,4,1,3
201500010787,0015-05-18 08:30:00,15,5,18,8,30,60,88,"5, ROBINI (AV. DR VICTOR",,,Plein jour,En agglomération,Hors intersection,Normale,Deux véhicules - côté,,,,,,,,,,,1,2,1,1,3
201500010788,0015-03-11 19:00:00,15,3,11,19,0,60,88,"301, TERRON (CH. DE)",,,Nuit avec éclairage allumé,En agglomération,Hors intersection,Normale,Autre collision,,,,,,,,,,,5,2,1,1,6
201500010789,0015-05-18 11:10:00,15,5,18,11,10,60,88,"2, ALLEGRE (AV. JEAN)",,,Plein jour,En agglomération,Hors intersection,Normale,Autre collision,,,,,,,,,,,1,2,1,1,6
201500010790,0015-03-12 12:15:00,15,3,12,12,15,60,88,"0, ANGLAIS (DU N° 114 AU",,,Plein jour,En agglomération,Hors intersection,Normale,Deux véhicules - côté,,,,,,,,,,,1,2,1,1,3
201500010791,0015-05-18 16:30:00,15,5,18,16,30,60,88,GRENOBLE (ROUTE DE),,,Plein jour,En agglomération,Intersection en X,Normale,Deux véhicules - côté,,,,,,,,,,,1,2,2,1,3
201500010792,0015-03-12 17:10:00,15,3,12,17,10,60,159,"0, BELLAVISTA (AVENUE)",,,Plein jour,En agglomération,Hors intersection,Normale,Deux véhicules - côté,,,,,,,,,,,1,2,1,1,3
201500010793,0015-05-18 19:20:00,15,5,18,19,20,60,88,"205, MADELEINE (BD DE LA",,,Plein jour,En agglomération,Passage à niveau,Normale,Autre collision,,,,,,,,,,,1,2,8,1,6
201500010794,0015-03-12 18:55:00,15,3,12,18,55,60,88,"0, POMPIDOU (BD GEORGES)",,,Nuit avec éclairage allumé,En agglomération,Hors intersection,Normale,Deux véhicules - côté,,,,,,,,,,,5,2,1,1,3
201500010795,0015-05-19 08:20:00,15,5,19,8,20,60,88,"282, SAINT-ANTOINE (RTE",,,Plein jour,En agglomération,Intersection en Y,Normale,Deux véhicules - frontale,,,,,,,,,,,1,2,4,1,1
201500010796,0015-03-13 19:10:00,15,3,13,19,10,60,88,"247, ANGLAIS (DU N° 114",,,Nuit avec éclairage allumé,En agglomération,Hors intersection,Normale,Trois véhicules et plus - collisions multiples,,,,,,,,,,,5,2,1,1,5
201500010797,0015-05-19 12:10:00,15,5,19,12,10,60,88,"26, VERANY (BD J.B.)",,,Plein jour,En agglomération,Intersection en X,Normale,Deux véhicules - côté,,,,,,,,,,,1,2,2,1,3
201500010798,0015-03-13 21:15:00,15,3,13,21,15,60,88,"34, ANGLAIS (DU N° 1 AU",,,Nuit avec éclairage allumé,En agglomération,Hors intersection,Normale,Deux véhicules - arrière,,,,,,,,,,,5,2,1,1,2
201500010799,0015-05-19 18:05:00,15,5,19,18,5,60,88,"2, PLATANES (AV. DES)",,,Plein jour,En agglomération,Hors intersection,Normale,Autre collision,,,,,,,,,,,1,2,1,1,6
201500010800,0015-03-14 10:00:00,15,3,14,10,0,60,88,"47, RAYNAUD (BD AUGUSTE)",,,Plein jour,En agglomération,Hors intersection,Normale,Autre collision,,,,,,,,,,,1,2,1,1,6
201500010801,0015-05-20 08:45:00,15,5,20,8,45,60,88,"0, GRINDA (AV. EDOUARD)",,,Plein jour,En agglomération,Hors intersection,Normale,Deux véhicules - côté,,,,,,,,,,,1,2,1,1,3
201500010802,0015-03-14 21:30:00,15,3,14,21,30,60,88,"101, GAMBETTA (A PARTIR",,,Nuit avec éclairage allumé,En agglomération,Hors intersection,Normale,Deux véhicules - arrière,,,,,,,,,,,5,2,1,1,2
201500010803,0015-05-20 20:05:00,15,5,20,20,5,60,88,"0, ARIANE (BD DE L')",,,Plein jour,En agglomération,Place,Normale,Deux véhicules - côté,,,,,,,,,,,1,2,7,1,3
201500010804,0015-03-15 09:15:00,15,3,15,9,15,60,88,"00, GOUNOD (RUE)",,,Plein jour,En agglomération,Intersection en X,Normale,Deux véhicules - côté,,,,,,,,,,,1,2,2,1,3
201500010805,0015-05-20 20:15:00,15,5,20,20,15,60,88,VOIE RAPIDE,,,Plein jour,En agglomération,Autre intersection,Normale,Deux véhicules - côté,,,,,,,,,,,1,2,9,1,3
201500010806,0015-05-20 20:20:00,15,5,20,20,20,60,88,"0, ANGLAIS PLAGE (DU 265",,,Crépuscule ou aube,En agglomération,Hors intersection,Normale,Deux véhicules - frontale,,,,,,,,,,,2,2,1,1,1
201500010807,0015-05-21 12:00:00,15,5,21,12,0,60,159,"503, BELLAVISTA (AVENUE)",,,Plein jour,En agglomération,Hors intersection,Normale,Autre collision,,,,,,,,,,,1,2,1,1,6
201500010808,0015-05-20 20:20:00,15,5,20,20,20,60,159,"56, PRINCESSE GRACE DE M",,,Crépuscule ou aube,En agglomération,Hors intersection,Normale,Deux véhicules - côté,,,,,,,,,,,2,2,1,1,3
201500010809,0015-05-21 21:00:00,15,5,21,21,0,60,88,"0, GASSIN (R. COLONEL)",,,Crépuscule ou aube,En agglomération,Intersection en X,Normale,Deux véhicules - frontale,,,,,,,,,,,2,2,2,1,1
201500010810,0015-05-22 02:20:00,15,5,22,2,20,60,88,RD 6202,,,Nuit avec éclairage allumé,En agglomération,Hors intersection,Normale,Deux véhicules - frontale,,,,,,,,,,,5,2,1,1,1
201500010811,0015-05-22 14:10:00,15,5,22,14,10,60,88,"218, ANGLAIS (DU N° 114",,,Plein jour,En agglomération,Hors intersection,Normale,Deux véhicules - arrière,,,,,,,,,,,1,2,1,1,2
201500010812,0015-05-23 06:45:00,15,5,23,6,45,60,159,BASSE CORNICHE,,,Plein jour,En agglomération,Hors intersection,Normale,Autre collision,,,,,,,,,,,1,2,1,1,6
201500010813,0015-05-23 10:00:00,15,5,23,10,0,60,88,LYAUTEY (AV. DU MAL),,,Plein jour,En agglomération,Hors intersection,Normale,Autre collision,,,,,,,,,,,1,2,1,1,6
201500010814,0015-05-23 18:15:00,15,5,23,18,15,60,88,"25, CANAVESE (RUE JEAN)",,,Plein jour,En agglomération,Hors intersection,Normale,Autre collision,,,,,,,,,,,1,2,1,1,6
201500010815,0015-05-25 10:30:00,15,5,25,10,30,60,88,"36, DELFINO (BD GENERAL)",,,Plein jour,En agglomération,Hors intersection,Normale,Autre collision,,,,,,,,,,,1,2,1,1,6
201500010816,0015-05-25 17:45:00,15,5,25,17,45,60,88,"0, ROBINI (AV. DR VICTOR",,,Plein jour,En agglomération,Hors intersection,Normale,Deux véhicules - frontale,,,,,,,,,,,1,2,1,1,1
201500010817,0015-05-26 07:50:00,15,5,26,7,50,60,88,RIMIEZ (AV. DE),,,Plein jour,En agglomération,Hors intersection,Normale,Deux véhicules - arrière,,,,,,,,,,,1,2,1,1,2
201500010818,0015-05-27 06:39:00,15,5,27,6,39,60,88,"0, COTY (PONT RENE)",,,Plein jour,En agglomération,Hors intersection,Normale,Deux véhicules - côté,,,,,,,,,,,1,2,1,1,3
201500010819,0015-05-27 12:40:00,15,5,27,12,40,60,88,"0, DEFLY (RUE)",,,Plein jour,En agglomération,Hors intersection,Normale,Autre collision,,,,,,,,,,,1,2,1,1,6
201500010820,0015-05-27 13:55:00,15,5,27,13,55,60,88,"0, JOFFRE (R. MARECHAL)",,,Plein jour,En agglomération,Hors intersection,Normale,Deux véhicules - côté,,,,,,,,,,,1,2,1,1,3
201500010821,0015-05-27 15:40:00,15,5,27,15,40,60,88,"1, GOUNOD (RUE)",,,Plein jour,En agglomération,Hors intersection,Normale,Trois véhicules et plus - en chaîne,,,,,,,,,,,1,2,1,1,4
201500010822,0015-05-28 00:59:00,15,5,28,0,59,60,88,JAURES (BD JEAN),,,Nuit avec éclairage allumé,En agglomération,Hors intersection,Normale,Deux véhicules - côté,,,,,,,,,,,5,2,1,1,3
201500010823,0015-05-28 09:40:00,15,5,28,9,40,60,88,GORBELLA (BD DE),,,Plein jour,En agglomération,Hors intersection,Normale,Autre collision,,,,,,,,,,,1,2,1,1,6
201500010824,0015-05-28 12:00:00,15,5,28,12,0,60,88,VOIE RAPIDE,,,Plein jour,En agglomération,Hors intersection,Normale,Deux véhicules - côté,,,,,,,,,,,1,2,1,1,3
201500010825,0015-05-28 13:10:00,15,5,28,13,10,60,88,"75, BESSET (AV.) (A PART",,,Plein jour,En agglomération,Intersection en T,Normale,Autre collision,,,,,,,,,,,1,2,3,1,6
201500010826,0015-05-28 16:05:00,15,5,28,16,5,60,88,"0, ROQUEBILLIERE (R. DE)",,,Plein jour,En agglomération,Intersection en X,Normale,Autre collision,,,,,,,,,,,1,2,2,1,6
201500010827,0015-05-28 16:45:00,15,5,28,16,45,60,88,"49, CALIFORNIE (AV.) (DU",,,Plein jour,En agglomération,Hors intersection,Normale,Deux véhicules - arrière,,,,,,,,,,,1,2,1,1,2
201500010828,0015-05-30 01:40:00,15,5,30,1,40,60,88,"0, VOIE RAPIDE",,,Nuit avec éclairage allumé,En agglomération,Hors intersection,Normale,Autre collision,,,,,,,,,,,5,2,1,1,6
201500010829,0015-05-30 08:00:00,15,5,30,8,0,60,88,"34, VERNIER (R.)",,,Plein jour,En agglomération,Hors intersection,Normale,Deux véhicules - frontale,,,,,,,,,,,1,2,1,1,1
201500010830,0015-05-30 09:45:00,15,5,30,9,45,60,88,"63, GRENOBLE (ROUTE DE)",,,Plein jour,En agglomération,Hors intersection,Normale,Deux véhicules - arrière,,,,,,,,,,,1,2,1,1,2
201500010831,0015-05-31 00:20:00,15,5,31,0,20,60,88,"39, GAMBETTA (JUSQU'AU N",,,Nuit avec éclairage allumé,En agglomération,Hors intersection,Normale,Autre collision,,,,,,,,,,,5,2,1,1,6
201500010832,0015-05-31 14:35:00,15,5,31,14,35,60,88,LEPANTE (R. DE),,,Plein jour,En agglomération,Intersection en X,Normale,Deux véhicules - côté,,,,,,,,,,,1,2,2,1,3
201500010833,0015-05-31 20:38:00,15,5,31,20,38,60,88,NORMANDIE (AV. DE),,,Crépuscule ou aube,En agglomération,Intersection en X,Normale,Deux véhicules - côté,,,,,,,,,,,2,2,2,1,3
201500010834,0015-06-01 13:45:00,15,6,1,13,45,60,88,"742, GRENOBLE (ROUTE DE)",,,Plein jour,Hors agglomération,Hors intersection,Normale,Autre collision,,,,,,,,,,,1,1,1,1,6
201500010835,0015-06-02 09:15:00,15,6,2,9,15,60,88,VERANY (BD J.B.),,,Plein jour,En agglomération,Hors intersection,Normale,Trois véhicules et plus - collisions multiples,,,,,,,,,,,1,2,1,1,5
201500010836,0015-06-02 09:10:00,15,6,2,9,10,60,88,"53, CAP DE CROIX (AV. ET",,,Plein jour,En agglomération,Hors intersection,Normale,Deux véhicules - côté,,,,,,,,,,,1,2,1,1,3
201500010837,0015-06-02 11:45:00,15,6,2,11,45,60,88,"47, ANGLAIS (DU N° 45 AU",,,Plein jour,En agglomération,Intersection en T,Normale,Deux véhicules - côté,,,,,,,,,,,1,2,3,1,3
201500010838,0015-06-02 14:45:00,15,6,2,14,45,60,88,"281, CALIFORNIE (AV.) (A",,,Plein jour,En agglomération,Hors intersection,Normale,Deux véhicules - frontale,,,,,,,,,,,1,2,1,1,1
201500010839,0015-06-02 18:10:00,15,6,2,18,10,60,88,"05, MARSHALL (PL. GENERA",,,Plein jour,En agglomération,Intersection en X,Normale,Deux véhicules - frontale,,,,,,,,,,,1,2,2,1,1
201500010840,0015-06-02 19:00:00,15,6,2,19,0,60,88,CHURCHILL (BD WINSTON),,,Plein jour,En agglomération,Intersection en T,Normale,Deux véhicules - côté,,,,,,,,,,,1,2,3,1,3
201500010841,0015-06-02 23:09:00,15,6,2,23,9,60,88,"60, ESTIENNE -D'ORVES (A",,,Nuit avec éclairage allumé,En agglomération,Hors intersection,Normale,Autre collision,,,,,,,,,,,5,2,1,1,6
201500010842,0015-06-03 23:10:00,15,6,3,23,10,60,88,"76, JOLY (CORNICHE ANDRE",,,Nuit avec éclairage allumé,En agglomération,Intersection en X,Normale,Deux véhicules - frontale,,,,,,,,,,,5,2,2,1,1
201500010843,0015-06-04 07:25:00,15,6,4,7,25,60,88,"81, RAYBAUD JOSEPH",,,Plein jour,En agglomération,Hors intersection,Normale,Deux véhicules - côté,,,,,,,,,,,1,2,1,1,3
201500010844,0015-06-04 12:00:00,15,6,4,12,0,60,88,"0, SAINT-PHILIPPE (PL.)",,,Plein jour,En agglomération,Hors intersection,Normale,Deux véhicules - frontale,,,,,,,,,,,1,2,1,1,1
201500010845,0015-06-04 13:00:00,15,6,4,13,0,60,88,"211, ANGLAIS (DU N° 114",,,Plein jour,En agglomération,Hors intersection,Normale,Trois véhicules et plus - en chaîne,,,,,,,,,,,1,2,1,1,4
201500010846,0015-06-04 15:10:00,15,6,4,15,10,60,88,"10, COMBATTANTS D'AFN (R",,,Plein jour,En agglomération,Hors intersection,Normale,Deux véhicules - arrière,,,,,,,,,,,1,2,1,1,2
201500010847,0015-06-04 19:00:00,15,6,4,19,0,60,88,"8, CARLONE (BD)",,,Plein jour,En agglomération,Hors intersection,Normale,Deux véhicules - côté,,,,,,,,,,,1,2,1,1,3
201500010848,0015-06-04 20:10:00,15,6,4,20,10,60,88,"0, BORRIGLIONE (A PARTIR",,,Plein jour,En agglomération,Intersection en X,Normale,Deux véhicules - côté,,,,,,,,,,,1,2,2,1,3
201500010849,0015-06-05 08:45:00,15,6,5,8,45,60,88,"13, GAMBETTA (JUSQU'AU N",,,Plein jour,En agglomération,Hors intersection,Normale,Deux véhicules - côté,,,,,,,,,,,1,2,1,1,3
201500010850,0015-06-05 14:35:00,15,6,5,14,35,60,88,FLEURS (AV. DES),,,Plein jour,En agglomération,Intersection en X,Normale,Sans collision,,,,,,,,,,,1,2,2,1,7
201500010851,0015-06-05 17:15:00,15,6,5,17,15,60,88,"0, VOIE RAPIDE",,,Plein jour,En agglomération,Hors intersection,Normale,Deux véhicules - côté,,,,,,,,,,,1,2,1,1,3
201500010852,0015-06-05 17:05:00,15,6,5,17,5,60,88,"127, ANGLAIS (DU N° 114",,,Plein jour,En agglomération,Hors intersection,Normale,Deux véhicules - arrière,,,,,,,,,,,1,2,1,1,2
201500010853,0015-06-07 02:10:00,15,6,7,2,10,60,88,"0, TUNNEL DU PAILLON",,,Nuit avec éclairage allumé,En agglomération,Hors intersection,Normale,Autre collision,,,,,,,,,,,5,2,1,1,6
201500010854,0015-06-06 18:45:00,15,6,6,18,45,60,88,"179, ANGLAIS (DU N° 114",,,Plein jour,En agglomération,Hors intersection,Normale,Trois véhicules et plus - collisions multiples,,,,,,,,,,,1,2,1,1,5
201500010855,0015-06-08 08:45:00,15,6,8,8,45,60,88,"0, DELFINO (BD GENERAL)",43.70407,7.28856,Plein jour,En agglomération,Hors intersection,Normale,Deux véhicules - arrière,,,,,,,,,,,1,2,1,1,2
201500010856,0015-06-07 06:15:00,15,6,7,6,15,60,88,"0, NAPOLEON III (PONT)",43.39542,7.12112,Crépuscule ou aube,Hors agglomération,Hors intersection,Normale,Autre collision,,,,,,,,,,,2,1,1,1,6
201500010857,0015-06-09 15:50:00,15,6,9,15,50,60,88,"0, ROSSINI (R.)",43.70015,7.26241,Plein jour,En agglomération,Hors intersection,Normale,Deux véhicules - côté,,,,,,,,,,,1,2,1,1,3
201500010858,0015-06-09 17:15:00,15,6,9,17,15,60,88,"37, ANGLAIS (DU N° 1 AU",43.69421,7.25708,Plein jour,En agglomération,Intersection en X,Normale,Autre collision,,,,,,,,,,,1,2,2,1,6
201500010859,0015-06-09 17:45:00,15,6,9,17,45,60,88,"1, VOIE RAPIDE",,,Plein jour,En agglomération,Hors intersection,Normale,Trois véhicules et plus - en chaîne,,,,,,,,,,,1,2,1,1,4
201500010860,0015-06-10 09:55:00,15,6,10,9,55,60,88,"150, CORNICHE FLEURIE (A",43.69542,7.29244,Plein jour,En agglomération,Hors intersection,Normale,Deux véhicules - frontale,,,,,,,,,,,1,2,1,1,1
201500010861,0015-06-10 12:50:00,15,6,10,12,50,60,88,"32, CIMIEZ (BD) A PARTIR",,,Plein jour,En agglomération,Hors intersection,Normale,Deux véhicules - frontale,,,,,,,,,,,1,2,1,1,1
201500010862,0015-06-10 13:45:00,15,6,10,13,45,60,88,"6, CARABACEL (BD)",43.70318,7.27698,Plein jour,En agglomération,Hors intersection,Normale,Autre collision,,,,,,,,,,,1,2,1,1,6
201500010863,0015-06-10 14:15:00,15,6,10,14,15,60,88,RIPERT (EMILE),,,Plein jour,En agglomération,Intersection en X,Normale,Deux véhicules - côté,,,,,,,,,,,1,2,2,1,3
201500010864,0015-06-10 19:00:00,15,6,10,19,0,60,88,"11, MATISSE (AV. HENRI)",,,Plein jour,En agglomération,Hors intersection,Normale,Deux véhicules - arrière,,,,,,,,,,,1,2,1,1,2
201500010865,0015-06-09 23:47:00,15,6,9,23,47,60,88,"00, DANTE (RUE)",,,Nuit avec éclairage allumé,En agglomération,Hors intersection,Normale,Autre collision,,,,,,,,,,,5,2,1,1,6
201500010866,0015-06-12 00:35:00,15,6,12,0,35,60,88,"0, RIQUIER (BD DE)",43.70119,7.28806,Nuit avec éclairage allumé,En agglomération,Intersection en X,Normale,Deux véhicules - côté,,,,,,,,,,,5,2,2,1,3
201500010867,0015-06-12 15:00:00,15,6,12,15,0,60,88,MONTREAL (BD DE),,,Plein jour,En agglomération,Hors intersection,Normale,Deux véhicules - côté,,,,,,,,,,,1,2,1,1,3
201500010868,0015-06-12 18:45:00,15,6,12,18,45,60,88,"308, STE MARGUERITE (AV.",43.69448,7.1999,Plein jour,En agglomération,Intersection en T,Normale,Deux véhicules - côté,,,,,,,,,,,1,2,3,1,3
201500010869,0015-06-13 07:00:00,15,6,13,7,0,60,88,"1, BOTTERO (RUE)",,,Plein jour,En agglomération,Intersection en T,Normale,Deux véhicules - côté,,,,,,,,,,,1,2,3,1,3
201500010870,0015-06-13 17:50:00,15,6,13,17,50,60,88,COMBOUL (AV. RAYMOND),43.70942,7.26565,Plein jour,En agglomération,Hors intersection,Normale,Deux véhicules - côté,,,,,,,,,,,1,2,1,1,3
201500010871,0015-06-13 22:40:00,15,6,13,22,40,60,88,"38, ANGLAIS (DU N° 1 AU",,,Nuit avec éclairage non allumé,En agglomération,Hors intersection,Normale,Trois véhicules et plus - en chaîne,,,,,,,,,,,4,2,1,1,4
201500010872,0015-06-15 09:40:00,15,6,15,9,40,60,88,"8, VOIE ROMAINE (AV. DE",43.72333,7.28588,Plein jour,En agglomération,Intersection en X,Normale,Autre collision,,,,,,,,,,,1,2,2,1,6
201500010873,0015-06-15 12:15:00,15,6,15,12,15,60,88,"61, QUAI DES ETATS UNIS",,,Plein jour,En agglomération,Hors intersection,Normale,Autre collision,,,,,,,,,,,1,2,1,1,6
201500010874,0015-06-16 14:00:00,15,6,16,14,0,60,88,"3 bis, SEYTOUR (R. MARTI",43.69996,7.28221,Plein jour,En agglomération,Hors intersection,Normale,Autre collision,,,,,,,,,,,1,2,1,1,6
201500010875,0015-06-17 09:40:00,15,6,17,9,40,60,88,"247, ANGLAIS (DU N° 114",,,Plein jour,En agglomération,Hors intersection,Normale,Sans collision,,,,,,,,,,,1,2,1,1,7
201500010876,0015-06-17 10:35:00,15,6,17,10,35,60,88,"6, DANTE (RUE)",43.69595,7.25512,Plein jour,En agglomération,Hors intersection,Normale,Deux véhicules - côté,,,,,,,,,,,1,2,1,1,3
201500010877,0015-06-17 13:15:00,15,6,17,13,15,60,88,"81, BAREL (BD VIRGILE)",,,Plein jour,En agglomération,Hors intersection,Normale,Autre collision,,,,,,,,,,,1,2,1,1,6
201500010878,0015-06-21 12:20:00,15,6,21,12,20,60,88,ANGLAIS (DU N° 1 AU N° 4,,,Plein jour,En agglomération,Hors intersection,Normale,Autre collision,,,,,,,,,,,1,2,1,1,6