accident_id,datetime,annee,mois,jour,heure,minute,departement,commune_insee,adresse,latitude,longitude,luminosite,agglomeration,intersection,meteo,collision,nb_vehicules,nb_usagers,nb_indemnes,nb_tues,nb_blesses_hosp,nb_blesses_legers,age_cond_1,age_cond_2,veh_type_cond_1,veh_type_cond_2,lum_code,agg_code,int_code,atm_code,col_code
201500010879,0015-06-21 13:00:00,15,6,21,13,0,60,88,"0, RAYNAUD (BD AUGUSTE)",43.71463,7.25856,Plein jour,En agglomération,Hors intersection,Normale,Deux véhicules - côté,,,,,,,,,,,1,2,1,1,3
201500010880,0015-06-21 18:10:00,15,6,21,18,10,60,88,"139, LANTERNE (AV. DE LA",,,Plein jour,En agglomération,Hors intersection,Normale,Deux véhicules - côté,,,,,,,,,,,1,2,1,1,3
201500010881,0015-06-22 14:45:00,15,6,22,14,45,60,88,VERNIER (R.),,,Plein jour,En agglomération,Hors intersection,Normale,Deux véhicules - frontale,,,,,,,,,,,1,2,1,1,1
201500010882,0015-06-22 16:00:00,15,6,22,16,0,60,88,"49, OBSERVATOIRE (R. PRI",,,Plein jour,En agglomération,Hors intersection,Normale,Deux véhicules - frontale,,,,,,,,,,,1,2,1,1,1
201500010883,0015-06-23 14:45:00,15,6,23,14,45,60,88,"24, CESSOLE (BD DE) (JUS",43.71213,7.25543,Plein jour,En agglomération,Hors intersection,Normale,Deux véhicules - frontale,,,,,,,,,,,1,2,1,1,1
201500010884,0015-06-23 15:50:00,15,6,23,15,50,60,88,VOIE RAPIDE,43.70564,7.26275,Plein jour,En agglomération,Hors intersection,Normale,Deux véhicules - côté,,,,,,,,,,,1,2,1,1,3
201500010885,0015-06-24 08:28:00,15,6,24,8,28,60,88,"40 bis, GORBELLA (BD DE)",,,Plein jour,En agglomération,Hors intersection,Normale,Autre collision,,,,,,,,,,,1,2,1,1,6
201500010886,0015-06-24 10:30:00,15,6,24,10,30,60,88,"96, CASSIN (BD RENE)",43.66984,7.21772,Plein jour,En agglomération,Hors intersection,Normale,Trois véhicules et plus - en chaîne,,,,,,,,,,,1,2,1,1,4
201500010887,0015-06-25 16:50:00,15,6,25,16,50,60,88,BERLIOZ (RUE),,,Plein jour,En agglomération,Intersection en X,Normale,Deux véhicules - côté,,,,,,,,,,,1,2,2,1,3
201500010888,0015-06-26 05:30:00,15,6,26,5,30,60,88,"39, CALIFORNIE (AV.) (DU",43.69011,7.24213,Crépuscule ou aube,En agglomération,Hors intersection,Normale,Autre collision,,,,,,,,,,,2,2,1,1,6
201500010889,0015-06-26 09:10:00,15,6,26,9,10,60,88,CORNIGLION MOLINIER (BD),,,Plein jour,En agglomération,Hors intersection,Normale,Deux véhicules - arrière,,,,,,,,,,,1,2,1,1,2
201500010890,0015-06-26 11:10:00,15,6,26,11,10,60,88,"116-130, PASTEUR (BD)",43.71366,7.27966,Plein jour,En agglomération,Hors intersection,Normale,Sans collision,,,,,,,,,,,1,2,1,1,7
201500010891,0015-06-26 15:00:00,15,6,26,15,0,60,88,"7, PASTORELLI (R.)",,,Plein jour,En agglomération,Intersection en X,Normale,Autre collision,,,,,,,,,,,1,2,2,1,6
201500010892,0015-06-26 22:57:00,15,6,26,22,57,60,88,"93, VALROSE (AV. )",,,Nuit avec éclairage allumé,En agglomération,Hors intersection,Normale,Autre collision,,,,,,,,,,,5,2,1,1,6
201500010893,0015-06-27 07:50:00,15,6,27,7,50,60,88,"35, EGLISE ST PANCRACE (",,,Plein jour,En agglomération,Hors intersection,Normale,Deux véhicules - frontale,,,,,,,,,,,1,2,1,1,1
201500010894,0015-06-28 22:30:00,15,6,28,22,30,60,88,"0, HUGO (BD VICTOR)",,,Nuit avec éclairage allumé,En agglomération,Intersection en X,Normale,Deux véhicules - côté,,,,,,,,,,,5,2,2,1,3
201500010895,0015-06-29 11:15:00,15,6,29,11,15,60,88,"64, BESSET (AV.) (A PART",,,Plein jour,En agglomération,Hors intersection,Normale,Deux véhicules - côté,,,,,,,,,,,1,2,1,1,3
201500010896,0015-06-29 23:05:00,15,6,29,23,5,60,88,FABRON (AV. DE) (JUSQU'A,,,Nuit avec éclairage allumé,En agglomération,Intersection en X,Normale,Deux véhicules - frontale,,,,,,,,,,,5,2,2,1,1
201500010897,0015-06-30 08:35:00,15,6,30,8,35,60,88,"33, ARSON (RUE)",,,Plein jour,En agglomération,Intersection en X,Normale,Trois véhicules et plus - collisions multiples,,,,,,,,,,,1,2,2,1,5
201500010898,0015-06-30 10:45:00,15,6,30,10,45,60,88,"28, LANTERNE (AV. DE LA)",,,Plein jour,En agglomération,Hors intersection,Normale,Autre collision,,,,,,,,,,,1,2,1,1,6
201500010899,0015-06-30 11:30:00,15,6,30,11,30,60,88,"0, GUTENBERG (R.)",43.7095,7.2585,Plein jour,En agglomération,Hors intersection,Normale,Autre collision,,,,,,,,,,,1,2,1,1,6
201500010900,0015-07-01 21:30:00,15,7,1,21,30,60,88,HUGO (BD VICTOR),,,Crépuscule ou aube,En agglomération,Intersection en X,Normale,Deux véhicules - côté,,,,,,,,,,,2,2,2,1,3
201500010901,0015-07-02 06:25:00,15,7,2,6,25,60,88,PASSY (R. FREDERIC),,,Plein jour,En agglomération,Hors intersection,Normale,Deux véhicules - côté,,,,,,,,,,,1,2,1,1,3
201500010902,0015-07-02 11:45:00,15,7,2,11,45,60,88,"245, ANGLAIS (DU N° 114",,,Plein jour,En agglomération,Hors intersection,Normale,Autre collision,,,,,,,,,,,1,2,1,1,6
201500010903,0015-07-02 14:45:00,15,7,2,14,45,60,88,"320, TURIN (RTE DE)",43.73144,7.2893,Plein jour,En agglomération,Giratoire,Normale,Autre collision,,,,,,,,,,,1,2,6,1,6
201500010904,0015-07-03 08:07:00,15,7,3,8,7,60,88,"19, VALOMBROSE (AV. DE)",,,Plein jour,En agglomération,Hors intersection,Normale,Deux véhicules - frontale,,,,,,,,,,,1,2,1,1,1
201500010905,0015-07-03 07:55:00,15,7,3,7,55,60,88,"1, GRENOBLE (ROUTE DE)",43.68397,7.19847,Plein jour,En agglomération,Intersection en T,Normale,Autre collision,,,,,,,,,,,1,2,3,1,6
201500010906,0015-07-03 16:00:00,15,7,3,16,0,60,88,"5, PELLOS (R. FRANCOIS)",43.71053,7.26479,Plein jour,En agglomération,Hors intersection,Normale,Deux véhicules - côté,,,,,,,,,,,1,2,1,1,3
201500010907,0015-07-04 00:10:00,15,7,4,0,10,60,88,"0, SMOLETT (R.)",,,Nuit avec éclairage allumé,En agglomération,Intersection en X,Normale,Deux véhicules - côté,,,,,,,,,,,5,2,2,1,3
201500010908,0015-07-04 16:00:00,15,7,4,16,0,60,88,"107, ANGLAIS (DU N° 114",43.69092,7.24663,Plein jour,En agglomération,Hors intersection,Normale,Deux véhicules - arrière,,,,,,,,,,,1,2,1,1,2
201500010909,0015-07-05 09:40:00,15,7,5,9,40,60,88,"37, MATISSE (AV. HENRI)",,,Plein jour,En agglomération,Hors intersection,Normale,Autre collision,,,,,,,,,,,1,2,1,1,6
201500010910,0015-07-05 23:02:00,15,7,5,23,2,60,88,"57, MATISSE (AV. HENRI)",,,Nuit avec éclairage allumé,Hors agglomération,Hors intersection,Normale,Deux véhicules - côté,,,,,,,,,,,5,1,1,1,3
201500010911,0015-07-06 10:40:00,15,7,6,10,40,60,88,"0, ARMEE DES ALPES (BD D",43.70829,7.2928,Plein jour,En agglomération,Intersection en X,Normale,Deux véhicules - côté,,,,,,,,,,,1,2,2,1,3
201500010912,0015-07-06 20:36:00,15,7,6,20,36,60,88,"59, ETATS UNIS (QUAI DES",,,Crépuscule ou aube,En agglomération,Hors intersection,Normale,Deux véhicules - frontale,,,,,,,,,,,2,2,1,1,1
201500010913,0015-07-06 19:00:00,15,7,6,19,0,60,88,"3, MADELEINE (BD DE LA)",,,Plein jour,En agglomération,Hors intersection,Normale,Deux véhicules - arrière,,,,,,,,,,,1,2,1,1,2
201500010914,0015-07-07 12:50:00,15,7,7,12,50,60,88,"63, MADELEINE (BD DE LA)",43.69826,7.24028,Plein jour,En agglomération,Hors intersection,Normale,Deux véhicules - côté,,,,,,,,,,,1,2,1,1,3
201500010915,0015-03-29 00:25:00,15,3,29,0,25,60,88,"0, ROQUEBILLIERE (R. DE)",,,Nuit avec éclairage allumé,Hors agglomération,Hors intersection,Normale,Deux véhicules - côté,,,,,,,,,,,5,1,1,1,3
201500010916,0015-07-07 18:00:00,15,7,7,18,0,60,88,CASSIN (BD RENE),43.67009,7.22112,Plein jour,En agglomération,Hors intersection,Normale,Autre collision,,,,,,,,,,,1,2,1,1,6
201500010917,0015-07-08 19:35:00,15,7,8,19,35,60,88,"0, VALOMBROSE (AV. DE)",43.72552,7.2793,Plein jour,En agglomération,Hors intersection,Normale,Autre collision,,,,,,,,,,,1,2,1,1,6
201500010918,0015-07-08 20:00:00,15,7,8,20,0,60,88,GILLY (R. JULES),,,Crépuscule ou aube,En agglomération,Hors intersection,Normale,Autre collision,,,,,,,,,,,2,2,1,1,6
201500010919,0015-07-09 13:00:00,15,7,9,13,0,60,88,"102, SAINT-PIERRE DE FER",43.70715,,Plein jour,En agglomération,Hors intersection,Normale,Autre collision,,,,,,,,,,,1,2,1,1,6
201500010920,0015-07-09 21:00:00,15,7,9,21,0,60,159,"23, CORNE D OR (BOULEVAR",43.70704,7.30401,Crépuscule ou aube,En agglomération,Hors intersection,Normale,Deux véhicules - frontale,,,,,,,,,,,2,2,1,1,1
201500010921,0015-07-10 01:40:00,15,7,10,1,40,60,88,"198, ANGLAIS (DU N° 114",43.68652,7.23793,Nuit avec éclairage allumé,En agglomération,Hors intersection,Normale,Deux véhicules - côté,,,,,,,,,,,5,2,1,1,3
201500010922,0015-07-10 08:30:00,15,7,10,8,30,60,88,"45bis, GAMBETTA (JUSQU'A",43.69909,7.25609,Plein jour,En agglomération,Intersection en X,Normale,Deux véhicules - côté,,,,,,,,,,,1,2,2,1,3
201500010923,0015-07-10 11:00:00,15,7,10,11,0,60,88,TURIN (RTE DE),,,Plein jour,En agglomération,Intersection en X,Normale,Deux véhicules - arrière,,,,,,,,,,,1,2,2,1,2
201500010924,0015-07-10 20:45:00,15,7,10,20,45,60,88,"0, CORNICHE FLEURIE (AV.",43.69535,7.2922,Plein jour,En agglomération,Hors intersection,Normale,Deux véhicules - côté,,,,,,,,,,,1,2,1,1,3
201500010925,0015-07-11 00:26:00,15,7,11,0,26,60,88,"0, CASSIN (BD RENE)",43.67184,7.22356,Nuit avec éclairage allumé,En agglomération,Hors intersection,Normale,Deux véhicules - côté,,,,,,,,,,,5,2,1,1,3
201500010926,0015-07-11 07:00:00,15,7,11,7,0,60,88,"0, CARABACEL (BD)",43.70393,7.27467,Plein jour,En agglomération,Intersection en T,Normale,Deux véhicules - côté,,,,,,,,,,,1,2,3,1,3
201500010927,0015-07-09 20:30:00,15,7,9,20,30,60,88,MICHEL (R. JULES),,,Plein jour,En agglomération,Intersection en X,Normale,Deux véhicules - frontale,,,,,,,,,,,1,2,2,1,1
201500010928,0015-07-11 10:00:00,15,7,11,10,0,60,88,"148, CALIFORNIE (AV.) (D",,,Plein jour,En agglomération,Hors intersection,Normale,Deux véhicules - côté,,,,,,,,,,,1,2,1,1,3
201500010929,0015-07-11 23:50:00,15,7,11,23,50,60,88,"189, MADELEINE (BD DE LA",43.70633,7.23229,Nuit avec éclairage allumé,En agglomération,Hors intersection,Normale,Deux véhicules - arrière,,,,,,,,,,,5,2,1,1,2
201500010930,0015-07-12 20:52:00,15,7,12,20,52,60,88,"272, CALIFORNIE (AV.) (A",,,Nuit avec éclairage allumé,En agglomération,Hors intersection,Normale,Autre collision,,,,,,,,,,,5,2,1,1,6
201500010931,0015-07-14 16:15:00,15,7,14,16,15,60,88,"0, PARIS (R. DE)",43.70476,7.26735,Plein jour,En agglomération,Intersection en X,Normale,Deux véhicules - côté,,,,,,,,,,,1,2,2,1,3
201500010932,0015-07-15 16:15:00,15,7,15,16,15,60,88,"22, QUAI LUNEL",,,Plein jour,En agglomération,Hors intersection,Normale,Deux véhicules - arrière,,,,,,,,,,,1,2,1,1,2
201500010933,0015-07-15 17:20:00,15,7,15,17,20,60,88,"71, ROQUEBILLIERE (R. DE",43.7139,7.2891,Plein jour,En agglomération,Hors intersection,Normale,Deux véhicules - arrière,,,,,,,,,,,1,2,1,1,2
201500010934,0015-07-16 14:30:00,15,7,16,14,30,60,88,SAINT-PHILIPPE (PL.),,,Plein jour,En agglomération,Place,Normale,Deux véhicules - côté,,,,,,,,,,,1,2,7,1,3
201500010935,0015-07-16 14:40:00,15,7,16,14,40,60,88,"16, JOLY (CORNICHE ANDRE",43.69947,7.29386,Plein jour,En agglomération,Hors intersection,Normale,Deux véhicules - arrière,,,,,,,,,,,1,2,1,1,2
201500010936,0015-07-17 01:10:00,15,7,17,1,10,60,88,"120, SAINT-PIERRE DE FER",43.71523,7.23856,Nuit avec éclairage allumé,En agglomération,Hors intersection,Normale,Autre collision,,,,,,,,,,,5,2,1,1,6
201500010937,0015-07-17 11:20:00,15,7,17,11,20,60,88,"0, GRENOBLE (ROUTE DE)",43.74765,7.1888,Plein jour,En agglomération,Giratoire,Normale,Deux véhicules - côté,,,,,,,,,,,1,2,6,1,3
201500010938,0015-07-17 20:20:00,15,7,17,20,20,60,88,"199, ANGLAIS (DU N° 114",43.68856,7.24092,Plein jour,Hors agglomération,Hors intersection,Normale,Deux véhicules - côté,,,,,,,,,,,1,1,1,1,3
201500010939,0015-07-18 12:35:00,15,7,18,12,35,60,88,"0, LAUVETTE (CITE DE LA)",43.74267,7.30836,Plein jour,Hors agglomération,Intersection en Y,Normale,Deux véhicules - frontale,,,,,,,,,,,1,1,4,1,1
201500010940,0015-07-18 14:50:00,15,7,18,14,50,60,88,"0, ANGLAIS (DU N° 1 AU N",,,Plein jour,En agglomération,Hors intersection,Normale,Deux véhicules - arrière,,,,,,,,,,,1,2,1,1,2
201500010941,0015-07-18 18:15:00,15,7,18,18,15,60,159,"1125, NAPOLEON III (BOUL",43.70353,7.32309,Plein jour,En agglomération,Hors intersection,Normale,Deux véhicules - arrière,,,,,,,,,,,1,2,1,1,2
201500010942,0015-07-19 10:40:00,15,7,19,10,40,60,88,RAY (AV. DU),43.72439,7.2578,Plein jour,En agglomération,Hors intersection,Normale,Autre collision,,,,,,,,,,,1,2,1,1,6
201500010943,0015-07-19 12:30:00,15,7,19,12,30,60,88,"183, PESSICART (JUSQU'AU",43.71458,7.25082,Plein jour,En agglomération,Hors intersection,Normale,Deux véhicules - frontale,,,,,,,,,,,1,2,1,1,1
201500010944,0015-07-21 01:35:00,15,7,21,1,35,60,88,"0, SAINT-AUGUSTIN (AV. D",43.67526,7.22721,Nuit avec éclairage allumé,En agglomération,Intersection en T,Normale,Deux véhicules - côté,,,,,,,,,,,5,2,3,1,3
201500010945,0015-07-21 11:55:00,15,7,21,11,55,60,88,"0, TUNNEL ET VOIE MALRAU",43.70724,7.27615,Plein jour,En agglomération,Hors intersection,Normale,Autre collision,,,,,,,,,,,1,2,1,1,6
201500010946,0015-07-21 18:00:00,15,7,21,18,0,60,88,"0, VOIE RAPIDE",43.69812,7.24814,Plein jour,En agglomération,Autre intersection,Normale,Deux véhicules - côté,,,,,,,,,,,1,2,9,1,3
201500010947,0015-07-21 23:51:00,15,7,21,23,51,60,88,"11, GAMBETTA (JUSQU'AU N",43.6949,7.25618,Nuit avec éclairage allumé,En agglomération,Hors intersection,Normale,Sans collision,,,,,,,,,,,5,2,1,1,7
201500010948,0015-07-22 07:45:00,15,7,22,7,45,60,159,"57, GENERAL LECLER (AVEN",43.70436,7.30305,Plein jour,En agglomération,Hors intersection,Normale,Autre collision,,,,,,,,,,,1,2,1,1,6
201500010949,0015-07-23 09:15:00,15,7,23,9,15,60,88,"4, QUAI PAPACINO",43.69807,7.28355,Plein jour,En agglomération,Hors intersection,Normale,Deux véhicules - frontale,,,,,,,,,,,1,2,1,1,1
201500010950,0015-07-25 02:54:00,15,7,25,2,54,60,88,"35, BARLA (RUE)",43.70077,7.28677,Nuit avec éclairage allumé,En agglomération,Intersection en X,Normale,Deux véhicules - côté,,,,,,,,,,,5,2,2,1,3
201500010951,0015-07-25 15:00:00,15,7,25,15,0,60,88,"30, ALBERTI (RUE)",43.70093,7.27107,Plein jour,En agglomération,Intersection en X,Normale,Deux véhicules - côté,,,,,,,,,,,1,2,2,1,3
201500010952,0015-07-25 17:40:00,15,7,25,17,40,60,88,"122, CARNOT (BD)",43.69193,7.29389,Plein jour,En agglomération,Hors intersection,Normale,Autre collision,,,,,,,,,,,1,2,1,1,6
201500010953,0015-07-26 02:40:00,15,7,26,2,40,60,88,"115, ANGLAIS (N° 113)",43.69063,7.24501,Nuit avec éclairage allumé,En agglomération,Hors intersection,Normale,Deux véhicules - arrière,,,,,,,,,,,5,2,1,1,2
201500010954,0015-07-27 13:40:00,15,7,27,13,40,60,88,"119, PASTEUR (BD)",43.71306,7.27917,Plein jour,En agglomération,Hors intersection,Normale,Deux véhicules - côté,,,,,,,,,,,1,2,1,1,3
201500010955,0015-07-27 17:40:00,15,7,27,17,40,60,88,"155, ANGLAIS (DU N° 114",43.68883,7.24108,Plein jour,En agglomération,Hors intersection,Normale,Deux véhicules - arrière,,,,,,,,,,,1,2,1,1,2
201500010956,0015-07-28 07:50:00,15,7,28,7,50,60,88,"0, BLANCON (RUE PIERRE)",43.70569,7.28815,Plein jour,En agglomération,Intersection en X,Normale,Autre collision,,,,,,,,,,,1,2,2,1,6
201500010957,0015-07-28 11:15:00,15,7,28,11,15,60,88,"18, MIRON (R.)",43.70617,7.26686,Plein jour,En agglomération,Intersection en X,Normale,Deux véhicules - côté,,,,,,,,,,,1,2,2,1,3
201500010958,0015-07-28 13:20:00,15,7,28,13,20,60,88,"109, SAINT-AUGUSTIN (AV.",43.67034,7.21689,Plein jour,En agglomération,Hors intersection,Normale,Deux véhicules - côté,,,,,,,,,,,1,2,1,1,3
201500010959,0015-07-28 19:45:00,15,7,28,19,45,60,88,"183, RIMIEZ (AV. DE)",,,Plein jour,Hors agglomération,Hors intersection,Normale,Deux véhicules - côté,,,,,,,,,,,1,1,1,1,3
201500010960,0015-07-29 09:45:00,15,7,29,9,45,60,88,"232, RD 6202",43.68085,7.20028,Plein jour,En agglomération,Hors intersection,Normale,Sans collision,,,,,,,,,,,1,2,1,1,7
201500010961,0015-07-29 11:40:00,15,7,29,11,40,60,88,"69, GORBELLA (BD DE)",43.7194,7.25661,Plein jour,En agglomération,Hors intersection,Normale,Autre collision,,,,,,,,,,,1,2,1,1,6
201500010962,0015-07-28 17:40:00,15,7,28,17,40,60,88,"0, ARIANE (BD DE L')",43.73896,7.30791,Plein jour,En agglomération,Hors intersection,Normale,Deux véhicules - côté,,,,,,,,,,,1,2,1,1,3
201500010963,0015-07-29 20:10:00,15,7,29,20,10,60,88,"0, GARIBALDI (PL.)",43.70052,7.28029,Plein jour,En agglomération,Hors intersection,Normale,Autre collision,,,,,,,,,,,1,2,1,1,6
201500010964,0015-07-29 20:05:00,15,7,29,20,5,60,159,"11, ALBERT 1ER (AVENUE)",43.70398,7.31093,Plein jour,En agglomération,Hors intersection,Normale,Deux véhicules - côté,,,,,,,,,,,1,2,1,1,3
201500010965,0015-07-30 15:40:00,15,7,30,15,40,60,88,"1, JOFFRE (R. MARECHAL)",43.69861,7.26395,Plein jour,En agglomération,Intersection en X,Normale,Deux véhicules - côté,,,,,,,,,,,1,2,2,1,3
201500010966,0015-07-31 14:45:00,15,7,31,14,45,60,88,"273, GRENOBLE (ROUTE DE)",,,Plein jour,En agglomération,Hors intersection,Normale,Deux véhicules - arrière,,,,,,,,,,,1,2,1,1,2
201500010967,0015-08-01 19:08:00,15,8,1,19,8,60,88,"6, BARLA (RUE)",43.70241,7.28107,Plein jour,En agglomération,Hors intersection,Normale,Autre collision,,,,,,,,,,,1,2,1,1,6
201500010968,0015-08-02 12:15:00,15,8,2,12,15,60,88,"65, CREMAT (CH. DE)",43.71453,7.19579,Plein jour,En agglomération,Hors intersection,Normale,Deux véhicules - frontale,,,,,,,,,,,1,2,1,1,1
201500010969,0015-08-04 02:45:00,15,8,4,2,45,60,88,"0, KARR (R. ALPHONSE)",43.42022,7.15507,Nuit avec éclairage allumé,En agglomération,Intersection en X,Normale,Deux véhicules - côté,,,,,,,,,,,5,2,2,1,3
201500010970,0015-08-04 19:20:00,15,8,4,19,20,60,88,"0, RAYNAUD (BD AUGUSTE)",43.71689,7.25699,Plein jour,En agglomération,Hors intersection,Normale,Deux véhicules - côté,,,,,,,,,,,1,2,1,1,3
201500010971,0015-08-05 08:50:00,15,8,5,8,50,60,159,"1723, MOYENNE CORNICHE",43.71644,7.33288,Plein jour,En agglomération,Hors intersection,Normale,Deux véhicules - côté,,,,,,,,,,,1,2,1,1,3
201500010972,0015-08-05 18:50:00,15,8,5,18,50,60,88,QUAI DES ETATS UNIS,43.69511,7.27148,Plein jour,En agglomération,Hors intersection,Normale,Autre collision,,,,,,,,,,,1,2,1,1,6
201500010973,0015-08-05 01:55:00,15,8,5,1,55,60,88,"0, ANGLAIS (A PARTIR DU",43.3953,7.1212,Nuit avec éclairage allumé,En agglomération,Hors intersection,Normale,Autre collision,,,,,,,,,,,5,2,1,1,6
201500010974,0015-08-06 22:35:00,15,8,6,22,35,60,88,"4, AUNE (RUE FRANCOIS)",43.69881,7.25538,Nuit avec éclairage allumé,En agglomération,Intersection en X,Normale,Deux véhicules - côté,,,,,,,,,,,5,2,2,1,3
201500010975,0015-08-07 12:20:00,15,8,7,12,20,60,159,"1005, NAPOLEON III (BOUL",43.70359,7.32278,Plein jour,En agglomération,Hors intersection,Normale,Deux véhicules - côté,,,,,,,,,,,1,2,1,1,3
201500010976,0015-08-07 15:00:00,15,8,7,15,0,60,88,"81, RAYBAUD JOSEPH",,,Plein jour,En agglomération,Autre intersection,Normale,Deux véhicules - côté,,,,,,,,,,,1,2,9,1,3
201500010977,0015-08-08 23:30:00,15,8,8,23,30,60,88,"9, PARIS (R. DE)",43.70622,7.26856,Nuit avec éclairage allumé,En agglomération,Intersection en X,Normale,Deux véhicules - côté,,,,,,,,,,,5,2,2,1,3
201500010978,0015-08-09 10:29:00,15,8,9,10,29,60,88,"8, GLORIA (AV.)",,,Plein jour,En agglomération,Hors intersection,Normale,Autre collision,,,,,,,,,,,1,2,1,1,6
201500010979,0015-08-09 16:45:00,15,8,9,16,45,60,88,"1, NAPOLEON III (PONT)",43.66411,7.19962,Plein jour,En agglomération,Hors intersection,Normale,Deux véhicules - côté,,,,,,,,,,,1,2,1,1,3
201500010980,0015-08-10 00:40:00,15,8,10,0,40,60,88,"0, GAMBETTA (JUSQU'AU N°",,,Nuit avec éclairage allumé,En agglomération,Hors intersection,Normale,Deux véhicules - frontale,,,,,,,,,,,5,2,1,1,1
201500010981,0015-08-10 01:30:00,15,8,10,1,30,60,88,"75, JOLY (CORNICHE ANDRE",,,Nuit avec éclairage allumé,En agglomération,Hors intersection,Normale,Autre collision,,,,,,,,,,,5,2,1,1,6
201500010982,0015-08-10 21:55:00,15,8,10,21,55,60,88,ANGLAIS (A PARTIR DU N°,,,Nuit avec éclairage allumé,Hors agglomération,Hors intersection,Normale,Deux véhicules - côté,,,,,,,,,,,5,1,1,1,3
201500010983,0015-08-12 02:50:00,15,8,12,2,50,60,88,ANGLAIS (DU N° 1 AU N° 4,43.69539,7.26539,Nuit avec éclairage allumé,En agglomération,Hors intersection,Normale,Autre collision,,,,,,,,,,,5,2,1,1,6
201500010984,0015-08-12 04:20:00,15,8,12,4,20,60,88,"1, CHATEAUNEUF (RUE)",,,Nuit avec éclairage allumé,En agglomération,Hors intersection,Normale,Autre collision,,,,,,,,,,,5,2,1,1,6
201500010985,0015-08-12 11:50:00,15,8,12,11,50,60,88,"11, RAY (AV. DU)",43.72118,7.26076,Plein jour,En agglomération,Hors intersection,Normale,Deux véhicules - côté,,,,,,,,,,,1,2,1,1,3
201500010986,0015-08-12 15:30:00,15,8,12,15,30,60,88,"37, ANGLAIS (DU N° 1 AU",,,Plein jour,En agglomération,Hors intersection,Normale,Deux véhicules - côté,,,,,,,,,,,1,2,1,1,3
201500010987,0015-08-12 23:50:00,15,8,12,23,50,60,88,GARIGLIANO (PONTS),,,Nuit avec éclairage allumé,En agglomération,Intersection en T,Normale,Sans collision,,,,,,,,,,,5,2,3,1,7
201500010988,0015-08-13 09:25:00,15,8,13,9,25,60,88,FIGHIERA (R. DU DOCTEUR),43.7107,7.28938,Plein jour,En agglomération,Intersection en X,Normale,Deux véhicules - côté,,,,,,,,,,,1,2,2,1,3
201500010989,0015-08-13 09:20:00,15,8,13,9,20,60,88,VERANY (BD J.B.),,,Plein jour,En agglomération,Intersection en X,Normale,Deux véhicules - côté,,,,,,,,,,,1,2,2,1,3
201500010990,0015-08-13 22:10:00,15,8,13,22,10,60,88,DIABLES BLEUS (AV. DES),,,Nuit avec éclairage allumé,En agglomération,Intersection en X,Normale,Deux véhicules - côté,,,,,,,,,,,5,2,2,1,3
201500010991,0015-08-15 08:15:00,15,8,15,8,15,60,88,"51, MATISSE (AV. HENRI)",,,Plein jour,En agglomération,Hors intersection,Normale,Deux véhicules - frontale,,,,,,,,,,,1,2,1,1,1
201500010992,0015-08-16 22:10:00,15,8,16,22,10,60,88,ANGLAIS (N° 113),,,Nuit avec éclairage allumé,En agglomération,Hors intersection,Normale,Autre collision,,,,,,,,,,,5,2,1,1,6
201500010993,0015-08-17 07:20:00,15,8,17,7,20,60,159,"25, PRINCESSE GRACE DE M",,,Plein jour,Hors agglomération,Hors intersection,Normale,Deux véhicules - arrière,,,,,,,,,,,1,1,1,1,2
201500010994,0015-08-17 02:50:00,15,8,17,2,50,60,88,"25, ANGLAIS PLAGE (N°1 A",,,Nuit avec éclairage allumé,En agglomération,Hors intersection,Normale,Deux véhicules - arrière,,,,,,,,,,,5,2,1,1,2
201500010995,0015-08-18 16:15:00,15,8,18,16,15,60,88,"222, TURIN (RTE DE)",,,Plein jour,Hors agglomération,Hors intersection,Normale,Deux véhicules - côté,,,,,,,,,,,1,1,1,1,3
201500010996,0015-08-19 17:00:00,15,8,19,17,0,60,88,BEAUMONT (RUE),,,Plein jour,En agglomération,Intersection en X,Normale,Deux véhicules - côté,,,,,,,,,,,1,2,2,1,3
201500010997,0015-08-19 18:45:00,15,8,19,18,45,60,88,"211, CALIFORNIE (AV.) (A",,,Plein jour,En agglomération,Hors intersection,Normale,Autre collision,,,,,,,,,,,1,2,1,1,6
201500010998,0015-08-20 13:15:00,15,8,20,13,15,60,88,"155, SAINT-LAMBERT (AV.)",,,Plein jour,En agglomération,Hors intersection,Normale,Deux véhicules - frontale,,,,,,,,,,,1,2,1,1,1
201500010999,0015-08-20 18:30:00,15,8,20,18,30,60,88,"267, ANGLAIS (DU N° 265",,,Plein jour,En agglomération,Hors intersection,Normale,Deux véhicules - arrière,,,,,,,,,,,1,2,1,1,2
201500011000,0015-08-20 20:50:00,15,8,20,20,50,60,159,"14, FRANCOIS FERRY (CHEM",,,Crépuscule ou aube,En agglomération,Hors intersection,Normale,Autre collision,,,,,,,,,,,2,2,1,1,6
201500011001,0015-08-21 05:35:00,15,8,21,5,35,60,88,GOUNOD (RUE),,,Nuit avec éclairage allumé,En agglomération,Hors intersection,Normale,Autre collision,,,,,,,,,,,5,2,1,1,6
201500011002,0015-08-23 22:14:00,15,8,23,22,14,60,88,"24, MEYERBEER (RUE ET PA",,,Nuit avec éclairage allumé,Hors agglomération,Hors intersection,Pluie légère,Autre collision,,,,,,,,,,,5,1,1,2,6
201500011003,0015-08-24 15:50:00,15,8,24,15,50,60,88,FRANKLIN (PL.),,,Plein jour,En agglomération,Intersection en X,Normale,Deux véhicules - côté,,,,,,,,,,,1,2,2,1,3
201500011004,0015-08-24 17:00:00,15,8,24,17,0,60,88,"590, GRENOBLE (ROUTE DE)",,,Plein jour,En agglomération,Hors intersection,Pluie légère,Autre collision,,,,,,,,,,,1,2,1,2,6
201500011005,0015-08-24 17:20:00,15,8,24,17,20,60,88,"590, RD 6202",43.72743,7.18566,Plein jour,En agglomération,Hors intersection,Pluie légère,Deux véhicules - frontale,,,,,,,,,,,1,2,1,2,1
201500011006,0015-08-25 08:15:00,15,8,25,8,15,60,88,"000, NAPOLEON III (BD)",,,Plein jour,En agglomération,Hors intersection,Normale,Deux véhicules - arrière,,,,,,,,,,,1,2,1,1,2