accident_id,datetime,annee,mois,jour,heure,minute,departement,commune_insee,adresse,latitude,longitude,luminosite,agglomeration,intersection,meteo,collision,nb_vehicules,nb_usagers,nb_indemnes,nb_tues,nb_blesses_hosp,nb_blesses_legers,age_cond_1,age_cond_2,veh_type_cond_1,veh_type_cond_2,lum_code,agg_code,int_code,atm_code,col_code
201500011669,0015-09-03 14:15:00,15,9,3,14,15,300,60,,43.7832,4.4075,Plein jour,Hors agglomération,Hors intersection,Normale,Deux véhicules - arrière,,,,,,,,,,,1,1,1,1,2
201500011670,0015-09-10 14:15:00,15,9,10,14,15,340,294,,43.70281,4.1166,Plein jour,Hors agglomération,Hors intersection,Normale,Deux véhicules - arrière,,,,,,,,,,,1,1,1,1,2
201500011671,0015-10-10 06:45:00,15,10,10,6,45,300,34,,43.72815,4.49972,Crépuscule ou aube,Hors agglomération,Hors intersection,Normale,Trois véhicules et plus - en chaîne,,,,,,,,,,,2,1,1,1,4
201500011672,0015-11-02 10:15:00,15,11,2,10,15,300,123,,43.72604,4.17868,Plein jour,Hors agglomération,Hors intersection,Normale,Autre collision,,,,,,,,,,,1,1,1,1,6
201500011673,0015-11-30 21:00:00,15,11,30,21,0,340,294,,43.70117,4.11512,Nuit sans éclairage public,Hors agglomération,Hors intersection,Normale,Deux véhicules - frontale,,,,,,,,,,,3,1,1,1,1
201500011674,0015-12-05 07:30:00,15,12,5,7,30,300,344,,43.74953,4.23345,Nuit sans éclairage public,Hors agglomération,Hors intersection,Normale,Deux véhicules - arrière,,,,,,,,,,,3,1,1,1,2
201500011675,0015-02-18 15:00:00,15,2,18,15,0,110,262,,43.17619,3.03377,Plein jour,Hors agglomération,Hors intersection,Normale,Deux véhicules - arrière,,,,,,,,,,,1,1,1,1,2
201500011676,0015-05-22 19:30:00,15,5,22,19,30,110,262,,43.15915,2.93449,Plein jour,Hors agglomération,Hors intersection,Normale,Autre collision,,,,,,,,,,,1,1,1,1,6
201500011677,0015-07-18 03:15:00,15,7,18,3,15,110,379,,43.06125,2.93712,Nuit sans éclairage public,Hors agglomération,Hors intersection,Normale,Deux véhicules - frontale,,,,,,,,,,,3,1,1,1,1
201500011678,0015-07-25 20:00:00,15,7,25,20,0,110,188,,42.94953,2.9709,Plein jour,Hors agglomération,Hors intersection,Normale,Deux véhicules - arrière,,,,,,,,,,,1,1,1,1,2
201500011679,0015-09-18 13:45:00,15,9,18,13,45,110,262,,42.91344,2.20314,Plein jour,Hors agglomération,Hors intersection,Normale,Autre collision,,,,,,,,,,,1,1,1,1,6
201500011680,0015-12-04 18:00:00,15,12,4,18,0,110,14,,43.17963,3.04131,Nuit sans éclairage public,Hors agglomération,Hors intersection,Normale,Trois véhicules et plus - en chaîne,,,,,,,,,,,3,1,1,1,4
201500011681,0015-12-14 19:15:00,15,12,14,19,15,110,40,,43.1546,2.88641,Nuit sans éclairage public,Hors agglomération,Hors intersection,Temps couvert,Deux véhicules - frontale,,,,,,,,,,,3,1,1,8,1
201500011682,0015-01-14 10:30:00,15,1,14,10,30,370,156,ROUTE DE CONNEUIL,,,Plein jour,Hors agglomération,Hors intersection,Pluie forte,Deux véhicules - côté,,,,,,,,,,,1,1,1,3,3
201500011683,0015-01-19 12:45:00,15,1,19,12,45,370,273,,,,Plein jour,Hors agglomération,Hors intersection,Pluie légère,Trois véhicules et plus - collisions multiples,,,,,,,,,,,1,1,1,2,5
201500011684,0015-07-03 05:15:00,15,7,3,5,15,370,75,,,,Nuit sans éclairage public,Hors agglomération,Hors intersection,Normale,Autre collision,,,,,,,,,,,3,1,1,1,6
201500011685,0015-07-04 02:00:00,15,7,4,2,0,370,141,,,,Nuit sans éclairage public,Hors agglomération,Hors intersection,Normale,Autre collision,,,,,,,,,,,3,1,1,1,6
201500011686,0015-07-06 23:15:00,15,7,6,23,15,370,15,GRANDE RUE,,,Nuit avec éclairage allumé,En agglomération,Hors intersection,Normale,Deux véhicules - côté,,,,,,,,,,,5,2,1,1,3
201500011687,0015-07-12 02:00:00,15,7,12,2,0,370,75,LA FOSSE ROUGE,,,Nuit sans éclairage public,Hors agglomération,Hors intersection,Normale,Deux véhicules - frontale,,,,,,,,,,,3,1,1,1,1
201500011688,0015-07-15 23:15:00,15,7,15,23,15,370,156,QUAI ALBERT BAILLET,,,Nuit avec éclairage allumé,En agglomération,Hors intersection,Normale,Autre collision,,,,,,,,,,,5,2,1,1,6
201500011689,0015-08-02 10:45:00,15,8,2,10,45,370,8,,,,Plein jour,Hors agglomération,Hors intersection,Normale,Deux véhicules - frontale,,,,,,,,,,,1,1,1,1,1
201500011690,0015-09-03 08:30:00,15,9,3,8,30,370,96,,,,Plein jour,Hors agglomération,Hors intersection,Normale,Deux véhicules - frontale,,,,,,,,,,,1,1,1,1,1
201500011691,0015-09-29 17:45:00,15,9,29,17,45,370,141,,,,Plein jour,Hors agglomération,Hors intersection,Normale,Autre collision,,,,,,,,,,,1,1,1,1,6
201500011692,0015-11-12 07:30:00,15,11,12,7,30,370,225,,,,Crépuscule ou aube,Hors agglomération,Hors intersection,Temps couvert,Deux véhicules - arrière,,,,,,,,,,,2,1,1,8,2
201500011693,0015-11-22 19:15:00,15,11,22,19,15,370,253,,,,Nuit sans éclairage public,Hors agglomération,Hors intersection,Normale,Autre collision,,,,,,,,,,,3,1,1,1,6
201500011694,0015-12-04 17:45:00,15,12,4,17,45,370,15,LA RIGAUDIERE,,,Plein jour,Hors agglomération,Hors intersection,Normale,Deux véhicules - frontale,,,,,,,,,,,1,1,1,1,1
201500011695,0015-12-28 17:00:00,15,12,28,17,0,370,273,rue bernadette delprat,,,Plein jour,En agglomération,Hors intersection,Normale,Deux véhicules - côté,,,,,,,,,,,1,2,1,1,3
201500011696,0015-02-15 04:30:00,15,2,15,4,30,450,93,,48.01564,1.87789,Nuit sans éclairage public,Hors agglomération,Hors intersection,Pluie légère,Autre collision,,,,,,,,,,,3,1,1,2,6
201500011697,0015-03-13 15:45:00,15,3,13,15,45,450,203,,47.84262,1.67687,Plein jour,Hors agglomération,Hors intersection,Temps couvert,Autre collision,,,,,,,,,,,1,1,1,8,6
201500011698,0015-04-05 11:45:00,15,4,5,11,45,450,317,,47.78058,1.59201,Plein jour,Hors agglomération,Hors intersection,Normale,Deux véhicules - côté,,,,,,,,,,,1,1,1,1,3
201500011699,0015-04-27 21:45:00,15,4,27,21,45,450,302,,47.96614,1.85618,Nuit sans éclairage public,Hors agglomération,Hors intersection,Normale,Autre collision,,,,,,,,,,,3,1,1,1,6
201500011700,0015-05-02 07:15:00,15,5,2,7,15,280,276,,48.29106,1.86062,Crépuscule ou aube,Hors agglomération,Hors intersection,Normale,Autre collision,,,,,,,,,,,2,1,1,1,6
201500011701,0015-05-30 18:00:00,15,5,30,18,0,450,175,,47.75698,1.85569,Plein jour,Hors agglomération,Hors intersection,Normale,Autre collision,,,,,,,,,,,1,1,1,1,6
201500011702,0015-06-05 05:30:00,15,6,5,5,30,450,167,,47.86972,1.72443,Plein jour,Hors agglomération,Hors intersection,Normale,Autre collision,,,,,,,,,,,1,1,1,1,6
201500011703,0015-06-12 10:00:00,15,6,12,10,0,450,93,,48.01419,1.87811,Plein jour,Hors agglomération,Hors intersection,Normale,Autre collision,,,,,,,,,,,1,1,1,1,6
201500011704,0015-07-10 00:45:00,15,7,10,0,45,450,202,A10 // BT INSERTION,47.81769,1.63669,Nuit sans éclairage public,Hors agglomération,Hors intersection,Normale,Deux véhicules - arrière,,,,,,,,,,,3,1,1,1,2
201500011705,0015-07-12 05:30:00,15,7,12,5,30,450,302,,47.94594,1.84851,Crépuscule ou aube,Hors agglomération,Hors intersection,Normale,Deux véhicules - côté,,,,,,,,,,,2,1,1,1,3
201500011706,0015-08-04 05:45:00,15,8,4,5,45,450,24,,47.82555,1.65214,Crépuscule ou aube,Hors agglomération,Hors intersection,Temps couvert,Autre collision,,,,,,,,,,,2,1,1,8,6
201500011707,0015-08-21 14:45:00,15,8,21,14,45,280,311,,,,Plein jour,Hors agglomération,Hors intersection,Normale,Deux véhicules - côté,,,,,,,,,,,1,1,1,1,3
201500011708,0015-08-27 07:15:00,15,8,27,7,15,450,203,,47.85034,1.68813,Crépuscule ou aube,Hors agglomération,Hors intersection,Pluie forte,Deux véhicules - côté,,,,,,,,,,,2,1,1,3,3
201500011709,0015-09-05 15:45:00,15,9,5,15,45,280,164,,48.2704,1.85548,Plein jour,Hors agglomération,Place,Normale,Autre collision,,,,,,,,,,,1,1,7,1,6
201500011710,0015-10-04 03:00:00,15,10,4,3,0,450,93,,48.02076,1.84202,Nuit sans éclairage public,Hors agglomération,Hors intersection,Normale,Autre collision,,,,,,,,,,,3,1,1,1,6
201500011711,0015-10-13 10:15:00,15,10,13,10,15,450,8,,48.06796,1.84754,Plein jour,Hors agglomération,Hors intersection,Normale,Deux véhicules - arrière,,,,,,,,,,,1,1,1,1,2
201500011712,0015-10-17 13:45:00,15,10,17,13,45,450,67,,47.89811,1.79341,Plein jour,Hors agglomération,Hors intersection,Normale,Autre collision,,,,,,,,,,,1,1,1,1,6
201500011713,0015-11-22 18:15:00,15,11,22,18,15,450,169,,47.91036,1.84932,Nuit avec éclairage non allumé,Hors agglomération,Hors intersection,Normale,Trois véhicules et plus - collisions multiples,,,,,,,,,,,4,1,1,1,5
201500011714,0015-12-16 08:15:00,15,12,16,8,15,450,75,,47.89948,1.83667,Crépuscule ou aube,Hors agglomération,Hors intersection,Temps couvert,Autre collision,,,,,,,,,,,2,1,1,8,6
201500011715,0015-12-22 12:30:00,15,12,22,12,30,280,392,,48.23396,1.84948,Plein jour,Hors agglomération,Hors intersection,Normale,Autre collision,,,,,,,,,,,1,1,1,1,6
201500011716,0015-08-22 15:30:00,15,8,22,15,30,730,296,,45.48428,6.92697,Plein jour,Hors agglomération,Hors intersection,Normale,Trois véhicules et plus - en chaîne,,,,,,,,,,,1,1,1,1,4
201500011717,0015-05-08 11:00:00,15,5,8,11,0,130,114,,,,Plein jour,Hors agglomération,Hors intersection,Normale,Deux véhicules - côté,,,,,,,,,,,1,1,1,1,3
201500011718,0015-05-24 17:45:00,15,5,24,17,45,130,32,,,,Plein jour,Hors agglomération,Hors intersection,Normale,Deux véhicules - frontale,,,,,,,,,,,1,1,1,1,1
201500011719,0015-06-05 18:30:00,15,6,5,18,30,130,114,,,,Plein jour,En agglomération,Hors intersection,Normale,Deux véhicules - côté,,,,,,,,,,,1,2,1,1,3
201500011720,0015-06-30 15:45:00,15,6,30,15,45,130,32,***,,,Plein jour,Hors agglomération,Hors intersection,Normale,Deux véhicules - frontale,,,,,,,,,,,1,1,1,1,1
201500011721,0015-10-03 05:30:00,15,10,3,5,30,130,37,,,,Nuit sans éclairage public,Hors agglomération,Hors intersection,Normale,Trois véhicules et plus - collisions multiples,,,,,,,,,,,3,1,1,1,5
201500011722,0015-10-02 16:45:00,15,10,2,16,45,130,114,,,,Plein jour,Hors agglomération,Intersection en T,Temps couvert,Deux véhicules - côté,,,,,,,,,,,1,1,3,8,3
201500011723,0015-07-07 13:45:00,15,7,7,13,45,670,405,,,,Plein jour,Hors agglomération,Hors intersection,Normale,Deux véhicules - frontale,,,,,,,,,,,1,1,1,1,1
201500011724,0015-07-26 23:30:00,15,7,26,23,30,670,472,ROUTE DE ROUNTZENHEIM,,,Nuit avec éclairage allumé,En agglomération,Hors intersection,Normale,Deux véhicules - frontale,,,,,,,,,,,5,2,1,1,1
201500011725,0015-09-21 08:30:00,15,9,21,8,30,560,222,route de KERFROLO,47.84352,-2.7378,Plein jour,En agglomération,Hors intersection,Temps éblouissant,Deux véhicules - frontale,,,,,,,,,,,1,2,1,7,1
201500011726,0015-05-10 15:45:00,15,5,10,15,45,210,436,,47.03491,5.06744,Plein jour,Hors agglomération,Hors intersection,Normale,Sans collision,,,,,,,,,,,1,1,1,1,7
201500011727,0015-07-04 07:30:00,15,7,4,7,30,210,506,,47.10055,4.94916,Plein jour,Hors agglomération,Hors intersection,Normale,Deux véhicules - arrière,,,,,,,,,,,1,1,1,1,2
201500011728,0015-08-13 14:45:00,15,8,13,14,45,210,606,,47.05665,4.92832,Plein jour,Hors agglomération,Hors intersection,Normale,Autre collision,,,,,,,,,,,1,1,1,1,6
201500011729,0015-08-23 04:00:00,15,8,23,4,0,210,606,,47.07431,4.92414,Nuit sans éclairage public,Hors agglomération,Hors intersection,Normale,Deux véhicules - arrière,,,,,,,,,,,3,1,1,1,2
201500011730,0015-09-20 21:30:00,15,9,20,21,30,210,42,,47.04214,5.04923,Nuit sans éclairage public,Hors agglomération,Hors intersection,Normale,Trois véhicules et plus - en chaîne,,,,,,,,,,,3,1,1,1,4
201500011731,0015-12-18 12:15:00,15,12,18,12,15,210,606,,47.0636,4.91466,Plein jour,Hors agglomération,Hors intersection,Normale,Deux véhicules - arrière,,,,,,,,,,,1,1,1,1,2
201500011732,0015-01-16 07:00:00,15,1,16,7,0,730,239,,,,Nuit sans éclairage public,Hors agglomération,Hors intersection,Pluie légère,Sans collision,,,,,,,,,,,3,1,1,2,7
201500011733,0015-05-15 11:30:00,15,5,15,11,30,730,184,,45.57735,5.79898,Plein jour,Hors agglomération,Hors intersection,Normale,Deux véhicules - arrière,,,,,,,,,,,1,1,1,1,2
201500011734,0015-06-02 06:15:00,15,6,2,6,15,730,329,,,,Crépuscule ou aube,Hors agglomération,Hors intersection,Pluie légère,Autre collision,,,,,,,,,,,2,1,1,2,6
201500011735,0015-10-03 20:30:00,15,10,3,20,30,730,25,,,,Nuit sans éclairage public,Hors agglomération,Hors intersection,Pluie forte,Sans collision,,,,,,,,,,,3,1,1,3,7
201500011736,0015-11-27 17:45:00,15,11,27,17,45,730,179,,,,Nuit avec éclairage allumé,Hors agglomération,Hors intersection,Normale,Autre collision,,,,,,,,,,,5,1,1,1,6
201500011737,0015-11-30 07:30:00,15,11,30,7,30,730,104,,,,Plein jour,Hors agglomération,Hors intersection,Normale,Deux véhicules - arrière,,,,,,,,,,,1,1,1,1,2
201500011738,0015-04-05 06:45:00,15,4,5,6,45,740,2,,,,Nuit sans éclairage public,Hors agglomération,Hors intersection,Normale,Autre collision,,,,,,,,,,,3,1,1,1,6
201500011739,0015-09-20 22:45:00,15,9,20,22,45,740,2,,,,Nuit sans éclairage public,Hors agglomération,Hors intersection,Normale,Sans collision,,,,,,,,,,,3,1,1,1,7
201500011740,0015-11-18 18:15:00,15,11,18,18,15,740,245,,,,Nuit avec éclairage allumé,Hors agglomération,Hors intersection,Normale,Deux véhicules - arrière,,,,,,,,,,,5,1,1,1,2
201500011741,0015-01-15 10:45:00,15,1,15,10,45,380,118,,,,Plein jour,Hors agglomération,Hors intersection,Normale,Deux véhicules - arrière,,,,,,,,,,,1,1,1,1,2
201500011742,0015-03-25 21:45:00,15,3,25,21,45,380,565,,45.25985,5.63756,Nuit sans éclairage public,Hors agglomération,Hors intersection,Pluie légère,Autre collision,,,,,,,,,,,3,1,1,2,6
201500011743,0015-06-27 19:00:00,15,6,27,19,0,380,565,,,,Plein jour,Hors agglomération,Hors intersection,Normale,Autre collision,,,,,,,,,,,1,1,1,1,6
201500011744,0015-07-10 16:00:00,15,7,10,16,0,380,257,,,,Plein jour,Hors agglomération,Hors intersection,Normale,Trois véhicules et plus - collisions multiples,,,,,,,,,,,1,1,1,1,5
201500011745,0015-07-16 08:30:00,15,7,16,8,30,380,565,,,,Plein jour,Hors agglomération,Hors intersection,Normale,Autre collision,,,,,,,,,,,1,1,1,1,6
201500011746,0015-07-19 09:15:00,15,7,19,9,15,380,508,,,,Plein jour,Hors agglomération,Hors intersection,Normale,Sans collision,,,,,,,,,,,1,1,1,1,7
201500011747,0015-08-08 07:15:00,15,8,8,7,15,380,118,,45.38392,5.4757,Plein jour,Hors agglomération,Hors intersection,Normale,Sans collision,,,,,,,,,,,1,1,1,1,7
201500011748,0015-08-09 10:45:00,15,8,9,10,45,380,481,,,,Plein jour,Hors agglomération,Hors intersection,Pluie légère,Sans collision,,,,,,,,,,,1,1,1,2,7
201500011749,0015-09-22 07:00:00,15,9,22,7,0,380,65,,,,Plein jour,Hors agglomération,Hors intersection,Normale,Trois véhicules et plus - collisions multiples,,,,,,,,,,,1,1,1,1,5
201500011750,0015-09-24 16:00:00,15,9,24,16,0,380,565,,45.26831,5.6282,Plein jour,Hors agglomération,Autre intersection,Normale,Autre collision,,,,,,,,,,,1,1,9,1,6
201500011751,0015-10-23 16:15:00,15,10,23,16,15,380,481,,,,Plein jour,Hors agglomération,Hors intersection,Normale,Autre collision,,,,,,,,,,,1,1,1,1,6
201500011752,0015-11-12 13:45:00,15,11,12,13,45,380,481,,45.55557,5.3562,Plein jour,Hors agglomération,Hors intersection,Normale,Autre collision,,,,,,,,,,,1,1,1,1,6
201500011753,0015-08-17 14:15:00,15,8,17,14,15,550,166,,49.018,5.585,Plein jour,Hors agglomération,Hors intersection,Normale,Deux véhicules - arrière,,,,,,,,,,,1,1,1,1,2
201500011754,0015-03-12 15:50:00,15,3,12,15,50,80,346,WARNECOURT ROUTE,49.75,4.69262,Plein jour,En agglomération,Autre intersection,Normale,Trois véhicules et plus - en chaîne,,,,,,,,,,,1,2,9,1,4
201500011755,0015-09-10 12:05:00,15,9,10,12,5,80,105,"1, JAUBERT",49.7606,4.71945,Plein jour,En agglomération,Hors intersection,Normale,Autre collision,,,,,,,,,,,1,2,1,1,6
201500011756,0015-03-26 13:20:00,15,3,26,13,20,80,105,COMTES DE RETHEL (RUE DE,49.76022,4.71726,Plein jour,En agglomération,Hors intersection,Normale,Deux véhicules - côté,,,,,,,,,,,1,2,1,1,3
201500011757,0015-10-03 14:00:00,15,10,3,14,0,80,105,"1, GAILLY G. AVENUE",49.7761,4.71567,Plein jour,En agglomération,Autre intersection,Normale,Autre collision,,,,,,,,,,,1,2,9,1,6
201500011758,0015-04-24 16:40:00,15,4,24,16,40,80,180,"104, MARNE AVENUE",49.7331,4.719,Plein jour,En agglomération,Hors intersection,Normale,Deux véhicules - côté,,,,,,,,,,,1,2,1,1,3
201500011759,0015-11-17 18:00:00,15,11,17,18,0,80,105,", WARCQ",49.76416,4.69747,Nuit avec éclairage allumé,En agglomération,Intersection en T,Pluie forte,Autre collision,,,,,,,,,,,5,2,3,3,6
201500011760,0015-06-06 23:05:00,15,6,6,23,5,80,105,DE GAULLE AVENUE,49.768,4.71549,Nuit avec éclairage allumé,Hors agglomération,Hors intersection,Normale,Trois véhicules et plus - en chaîne,,,,,,,,,,,5,1,1,1,4
201500011761,0015-11-20 17:30:00,15,11,20,17,30,80,105,HOTEL DE VILLE PLACE,49.75975,4.71909,Nuit avec éclairage allumé,En agglomération,Intersection en X,Normale,Autre collision,,,,,,,,,,,5,2,2,1,6
201500011762,0015-11-28 19:25:00,15,11,28,19,25,80,105,"SANS, BOIS FORTANT (RUE",49.752,4.7156,Nuit avec éclairage allumé,En agglomération,Intersection en X,Normale,Deux véhicules - côté,,,,,,,,,,,5,2,2,1,3
201500011763,0015-06-11 19:30:00,15,6,11,19,30,80,105,"2, LAFRANCHEVILLE ROUT",49.74026,4.72509,Plein jour,En agglomération,Intersection en T,Normale,Deux véhicules - arrière,,,,,,,,,,,1,2,3,1,2
201500011764,0015-07-01 11:20:00,15,7,1,11,20,80,105,NIVELET E.,49.77717,4.70494,Plein jour,En agglomération,Hors intersection,Normale,Autre collision,,,,,,,,,,,1,2,1,1,6
201500011765,0015-09-24 18:45:00,15,9,24,18,45,80,105,KROMPRINZ CHEMIN,49.7943,4.71756,Plein jour,Hors agglomération,Hors intersection,Normale,Autre collision,,,,,,,,,,,1,1,1,1,6
201500011766,0015-08-19 12:55:00,15,8,19,12,55,80,105,"SANS, PAQUIS RUE",49.78249,4.72366,Plein jour,En agglomération,Hors intersection,Normale,Autre collision,,,,,,,,,,,1,2,1,1,6
201500011767,0015-12-14 12:55:00,15,12,14,12,55,80,105,"39, DE GAULLE AVENUE",49.7676,4.71618,Plein jour,En agglomération,Hors intersection,Normale,Deux véhicules - frontale,,,,,,,,,,,1,2,1,1,1
201500011768,0015-07-31 14:54:00,15,7,31,14,54,80,105,ANDRE LEBON (RUE),49.7479,4.72416,Plein jour,En agglomération,Hors intersection,Normale,Autre collision,,,,,,,,,,,1,2,1,1,6
201500011769,0015-11-04 18:05:00,15,11,4,18,5,80,105,"2, GONZAGUE",49.77457,4.71683,Crépuscule ou aube,En agglomération,Hors intersection,Normale,Autre collision,,,,,,,,,,,2,2,1,1,6
201500011770,0015-01-04 18:30:00,15,1,4,18,30,80,105,"2, RUE DE HARAR",,,Nuit avec éclairage allumé,En agglomération,Intersection en X,Normale,Autre collision,,,,,,,,,,,5,2,2,1,6
201500011771,0015-01-06 18:30:00,15,1,6,18,30,80,105,"58, ROUSSEAU J.J.",,,Nuit avec éclairage allumé,En agglomération,Hors intersection,Normale,Sans collision,,,,,,,,,,,5,2,1,1,7
201500011772,0015-06-28 09:30:00,15,6,28,9,30,240,354,D674/AVENUE DU PÉRIGORD,45.1546,0.00978,Plein jour,En agglomération,Intersection en T,Normale,Deux véhicules - frontale,,,,,,,,,,,1,2,3,1,1
201500011773,0015-01-16 16:30:00,15,1,16,16,30,240,523,LES PLAGUETTES,44.8124,0.31883,Plein jour,Hors agglomération,Hors intersection,Pluie légère,Autre collision,,,,,,,,,,,1,1,1,2,6
201500011774,0015-01-26 08:30:00,15,1,26,8,30,140,555,,49.3055,0.29517,Plein jour,Hors agglomération,Hors intersection,Pluie légère,Autre collision,,,,,,,,,,,1,1,1,2,6
201500011775,0015-02-21 12:45:00,15,2,21,12,45,140,555,,49.3106,0.30211,Plein jour,Hors agglomération,Hors intersection,Neige / grêle,Deux véhicules - arrière,,,,,,,,,,,1,1,1,4,2
201500011776,0015-04-15 17:15:00,15,4,15,17,15,140,514,,49.2939,0.20569,Plein jour,Hors agglomération,Hors intersection,Normale,Deux véhicules - arrière,,,,,,,,,,,1,1,1,1,2
201500011777,0015-07-09 04:50:00,15,7,9,4,50,140,555,,49.3051,0.29433,Nuit sans éclairage public,Hors agglomération,Hors intersection,Normale,Autre collision,,,,,,,,,,,3,1,1,1,6
201500011778,0015-07-17 18:50:00,15,7,17,18,50,140,301,,49.1672,-0.28284,Plein jour,Hors agglomération,Hors intersection,Pluie légère,Deux véhicules - arrière,,,,,,,,,,,1,1,1,2,2
201500011779,0015-08-01 09:55:00,15,8,1,9,55,140,301,,49.167,-0.28621,Plein jour,Hors agglomération,Hors intersection,Normale,Trois véhicules et plus - collisions multiples,,,,,,,,,,,1,1,1,1,5
201500011780,0015-08-05 15:00:00,15,8,5,15,0,140,301,,,,Plein jour,Hors agglomération,Hors intersection,Normale,Trois véhicules et plus - en chaîne,,,,,,,,,,,1,1,1,1,4
201500011781,0015-08-21 12:30:00,15,8,21,12,30,140,185,,49.305,0.1768,Plein jour,Hors agglomération,Hors intersection,Normale,Trois véhicules et plus - en chaîne,,,,,,,,,,,1,1,1,1,4
201500011782,0015-09-26 18:00:00,15,9,26,18,0,140,55,,49.2599,0.11188,Plein jour,Hors agglomération,Hors intersection,Normale,Deux véhicules - arrière,,,,,,,,,,,1,1,1,1,2
201500011783,0015-11-18 17:15:00,15,11,18,17,15,140,555,,,,Crépuscule ou aube,Hors agglomération,Hors intersection,Normale,Deux véhicules - arrière,,,,,,,,,,,2,1,1,1,2
201500011784,0015-12-09 21:30:00,15,12,9,21,30,140,12,,,,Nuit sans éclairage public,Hors agglomération,Hors intersection,Normale,Deux véhicules - arrière,,,,,,,,,,,3,1,1,1,2
201500011785,0015-01-19 20:15:00,15,1,19,20,15,130,58,102Avenue Vall?e desBaux,43.72037,4.80736,Nuit avec éclairage allumé,En agglomération,Hors intersection,Pluie légère,Deux véhicules - côté,,,,,,,,,,,5,2,1,2,3
201500011786,0015-06-15 15:30:00,15,6,15,15,30,130,65,,43.68105,4.89144,Plein jour,Hors agglomération,Intersection en T,Normale,Deux véhicules - côté,,,,,,,,,,,1,1,3,1,3
201500011787,0015-08-28 01:00:00,15,8,28,1,0,130,38,***,,,Nuit sans éclairage public,Hors agglomération,Hors intersection,Normale,Sans collision,,,,,,,,,,,3,1,1,1,7
201500011788,0015-09-07 21:00:00,15,9,7,21,0,130,38,Avenue de Tarascon,,,Nuit avec éclairage allumé,En agglomération,Hors intersection,Normale,Deux véhicules - côté,,,,,,,,,,,5,2,1,1,3
201500011789,0015-02-17 10:30:00,15,2,17,10,30,440,45,la basse moisonnais,47.31608,-1.81365,Plein jour,Hors agglomération,Hors intersection,Normale,Deux véhicules - côté,,,,,,,,,,,1,1,1,1,3
201500011790,0015-07-07 10:45:00,15,7,7,10,45,440,26,marquis de maubreuil,47.29745,-1.48781,Plein jour,En agglomération,Hors intersection,Normale,Deux véhicules - côté,,,,,,,,,,,1,2,1,1,3
201500011791,0015-11-07 00:45:00,15,11,7,0,45,440,172,D723,47.2658,-1.4878,Nuit avec éclairage allumé,En agglomération,Hors intersection,Normale,Trois véhicules et plus - en chaîne,,,,,,,,,,,5,2,1,1,4
201500011792,0015-08-26 16:15:00,15,8,26,16,15,270,297,,48.81662,1.04498,Plein jour,Hors agglomération,Hors intersection,Pluie légère,Sans collision,,,,,,,,,,,1,1,1,2,7
201500011793,0015-11-06 04:00:00,15,11,6,4,0,270,378,,48.78888,1.19524,Nuit sans éclairage public,Hors agglomération,Hors intersection,Normale,Deux véhicules - arrière,,,,,,,,,,,3,1,1,1,2
201500011794,0015-02-01 15:30:00,15,2,1,15,30,690,27,rue louis vernay,,,Plein jour,En agglomération,Hors intersection,Normale,Deux véhicules - frontale,,,,,,,,,,,1,2,1,1,1
201500011795,0015-02-05 10:15:00,15,2,5,10,15,690,43,parking maison de retrai,,,Plein jour,En agglomération,Autre intersection,Normale,Autre collision,,,,,,,,,,,1,2,9,1,6
201500011796,0015-03-30 14:15:00,15,3,30,14,15,690,27,,45.665,4.753,Plein jour,Hors agglomération,Intersection en Y,Normale,Trois véhicules et plus - collisions multiples,,,,,,,,,,,1,1,4,1,5
201500011797,0015-07-05 13:45:00,15,7,5,13,45,690,43,,,,Plein jour,Hors agglomération,Hors intersection,Normale,Deux véhicules - frontale,,,,,,,,,,,1,1,1,1,1
201500011798,0015-10-21 10:00:00,15,10,21,10,0,690,27,12 rue Diot,,,Plein jour,En agglomération,Hors intersection,Normale,Autre collision,,,,,,,,,,,1,2,1,1,6
201500011799,0015-03-29 15:30:00,15,3,29,15,30,690,50,,,,Plein jour,Hors agglomération,Hors intersection,Pluie légère,Deux véhicules - côté,,,,,,,,,,,1,1,1,2,3
201500011800,0015-06-02 14:45:00,15,6,2,14,45,690,9,RD306 PK 28+800,,,Plein jour,En agglomération,Hors intersection,Normale,Deux véhicules - côté,,,,,,,,,,,1,2,1,1,3
201500011801,0015-01-28 18:45:00,15,1,28,18,45,290,212,rue des cloitres,48.38155,-4.61401,Crépuscule ou aube,En agglomération,Hors intersection,Normale,Deux véhicules - frontale,,,,,,,,,,,2,2,1,1,1
201500011802,0015-02-10 15:00:00,15,2,10,15,0,290,130,route de Kerfily,48.3698,-4.6572,Plein jour,En agglomération,Hors intersection,Normale,Deux véhicules - frontale,,,,,,,,,,,1,2,1,1,1
201500011803,0015-03-22 04:30:00,15,3,22,4,30,290,69,Rue de Milizac,48.427,-4.55982,Nuit avec éclairage non allumé,En agglomération,Hors intersection,Normale,Autre collision,,,,,,,,,,,4,2,1,1,6