accident_id,datetime,annee,mois,jour,heure,minute,departement,commune_insee,adresse,latitude,longitude,luminosite,agglomeration,intersection,meteo,collision,nb_vehicules,nb_usagers,nb_indemnes,nb_tues,nb_blesses_hosp,nb_blesses_legers,age_cond_1,age_cond_2,veh_type_cond_1,veh_type_cond_2,lum_code,agg_code,int_code,atm_code,col_code
201500011937,0015-07-12 11:15:00,15,7,12,11,15,130,38,**,,,Plein jour,Hors agglomération,Hors intersection,Normale,Deux véhicules - frontale,,,,,,,,,,,1,1,1,1,1
201500011938,0015-07-25 11:45:00,15,7,25,11,45,130,78,AVENUE DU PORT,,,Plein jour,En agglomération,Hors intersection,Normale,Autre collision,,,,,,,,,,,1,2,1,1,6
201500011939,0015-10-18 05:45:00,15,10,18,5,45,130,10,,,,Nuit sans éclairage public,Hors agglomération,Hors intersection,Pluie légère,Deux véhicules - frontale,,,,,,,,,,,3,1,1,2,1
201500011940,0015-11-29 11:15:00,15,11,29,11,15,130,97,sens Fos/Martigues,,,Plein jour,Hors agglomération,Hors intersection,Normale,Autre collision,,,,,,,,,,,1,1,1,1,6
201500011941,0015-01-26 19:15:00,15,1,26,19,15,910,105,route de boissy,48.569,2.173,Nuit avec éclairage allumé,En agglomération,Hors intersection,Temps couvert,Autre collision,,,,,,,,,,,5,2,1,8,6
201500011942,0015-02-15 07:30:00,15,2,15,7,30,910,85,RN20,48.543,2.21,Plein jour,Hors agglomération,Hors intersection,Normale,Deux véhicules - arrière,,,,,,,,,,,1,1,1,1,2
201500011943,0015-04-21 23:00:00,15,4,21,23,0,910,105,40 route de Dourdan,,,Nuit avec éclairage allumé,En agglomération,Hors intersection,Normale,Autre collision,,,,,,,,,,,5,2,1,1,6
201500011944,0015-04-02 16:30:00,15,4,2,16,30,380,486,1 rue de la liberté,45.17158,5.69686,Plein jour,En agglomération,Intersection en X,Temps couvert,Deux véhicules - côté,,,,,,,,,,,1,2,2,8,3
201500011945,0015-05-07 20:30:00,15,5,7,20,30,380,486,"4, Rue de la Chaumière",,,Plein jour,En agglomération,Hors intersection,Normale,Deux véhicules - côté,,,,,,,,,,,1,2,1,1,3
201500011946,0015-06-05 15:00:00,15,6,5,15,0,380,485,avenue du vercors,45.17631,5.68693,Plein jour,En agglomération,Giratoire,Normale,Deux véhicules - côté,,,,,,,,,,,1,2,6,1,3
201500011947,0015-08-23 11:15:00,15,8,23,11,15,380,486,Av de Claix/r de la lune,45.14733,5.6777,Plein jour,En agglomération,Intersection en X,Normale,Deux véhicules - frontale,,,,,,,,,,,1,2,2,1,1
201500011948,0015-09-20 18:30:00,15,9,20,18,30,380,433,inter voie du tram,45.16839,5.63922,Plein jour,Hors agglomération,Intersection en Y,Normale,Deux véhicules - frontale,,,,,,,,,,,1,1,4,1,1
201500011949,0015-09-21 15:30:00,15,9,21,15,30,380,433,,45.16839,5.63922,Plein jour,Hors agglomération,Hors intersection,Normale,Deux véhicules - côté,,,,,,,,,,,1,1,1,1,3
201500011950,0015-10-06 08:30:00,15,10,6,8,30,380,485,avenue de Belledonne,45.16824,5.6787,Plein jour,En agglomération,Intersection en Y,Temps couvert,Deux véhicules - arrière,,,,,,,,,,,1,2,4,8,2
201500011951,0015-02-08 14:15:00,15,2,8,14,15,380,173,,45.04263,6.12821,Plein jour,Hors agglomération,Hors intersection,Normale,Trois véhicules et plus - collisions multiples,,,,,,,,,,,1,1,1,1,5
201500011952,0015-03-31 16:15:00,15,3,31,16,15,380,289,,,,Plein jour,Hors agglomération,Hors intersection,Normale,Autre collision,,,,,,,,,,,1,1,1,1,6
201500011953,0015-06-28 14:00:00,15,6,28,14,0,380,285,,,,Plein jour,Hors agglomération,Hors intersection,Normale,Deux véhicules - frontale,,,,,,,,,,,1,1,1,1,1
201500011954,0015-07-18 13:00:00,15,7,18,13,0,380,375,,44.9529,6.18322,Plein jour,Hors agglomération,Hors intersection,Normale,Autre collision,,,,,,,,,,,1,1,1,1,6
201500011955,0015-08-26 12:00:00,15,8,26,12,0,380,285,,,,Plein jour,Hors agglomération,Hors intersection,Normale,Autre collision,,,,,,,,,,,1,1,1,1,6
201500011956,0015-09-15 20:15:00,15,9,15,20,15,380,285,,,,Nuit sans éclairage public,Hors agglomération,Hors intersection,Normale,Deux véhicules - frontale,,,,,,,,,,,3,1,1,1,1
201500011957,0015-10-01 00:45:00,15,10,1,0,45,380,212,,45.0825,5.89702,Nuit sans éclairage public,Hors agglomération,Hors intersection,Normale,Autre collision,,,,,,,,,,,3,1,1,1,6
201500011958,0015-10-25 01:30:00,15,10,25,1,30,380,212,,45.10073,5.91775,Nuit sans éclairage public,Hors agglomération,Hors intersection,Normale,Autre collision,,,,,,,,,,,3,1,1,1,6
201500011959,0015-10-31 07:45:00,15,10,31,7,45,380,191,,,,Plein jour,Hors agglomération,Hors intersection,Normale,Autre collision,,,,,,,,,,,1,1,1,1,6
201500011960,0015-12-03 10:45:00,15,12,3,10,45,380,52,,,,Plein jour,Hors agglomération,Hors intersection,Normale,Sans collision,,,,,,,,,,,1,1,1,1,7
201500011961,0015-04-19 07:30:00,15,4,19,7,30,510,572,A4,49.04653,4.65651,Plein jour,Hors agglomération,Hors intersection,Normale,Autre collision,,,,,,,,,,,1,1,1,1,6
201500011962,0015-04-22 15:30:00,15,4,22,15,30,570,762,,,,Plein jour,Hors agglomération,Hors intersection,Normale,Trois véhicules et plus - en chaîne,,,,,,,,,,,1,1,1,1,4
201500011963,0015-05-10 18:00:00,15,5,10,18,0,570,606,,,,Plein jour,Hors agglomération,Autre intersection,Normale,Autre collision,,,,,,,,,,,1,1,9,1,6
201500011964,0015-07-08 17:15:00,15,7,8,17,15,570,204,,,,Plein jour,Hors agglomération,Hors intersection,Normale,Trois véhicules et plus - en chaîne,,,,,,,,,,,1,1,1,1,4
201500011965,0015-10-12 09:00:00,15,10,12,9,0,570,484,,,,Plein jour,Hors agglomération,Hors intersection,Normale,Deux véhicules - arrière,,,,,,,,,,,1,1,1,1,2
201500011966,0015-11-07 00:15:00,15,11,7,0,15,570,332,,,,Nuit sans éclairage public,Hors agglomération,Hors intersection,Pluie légère,Trois véhicules et plus - collisions multiples,,,,,,,,,,,3,1,1,2,5
201500011967,0015-12-27 15:15:00,15,12,27,15,15,570,695,,,,Plein jour,Hors agglomération,Hors intersection,Normale,Autre collision,,,,,,,,,,,1,1,1,1,6
201500011968,0015-02-17 16:15:00,15,2,17,16,15,860,66,,,,Plein jour,Hors agglomération,Hors intersection,Normale,Autre collision,,,,,,,,,,,1,1,1,1,6
201500011969,0015-04-10 05:45:00,15,4,10,5,45,860,92,,,,Nuit avec éclairage allumé,Hors agglomération,Giratoire,Normale,Sans collision,,,,,,,,,,,5,1,6,1,7
201500011970,0015-04-12 16:00:00,15,4,12,16,0,860,280,,,,Plein jour,Hors agglomération,Hors intersection,Normale,Deux véhicules - arrière,,,,,,,,,,,1,1,1,1,2
201500011971,0015-06-04 12:45:00,15,6,4,12,45,860,158,,,,Plein jour,Hors agglomération,Hors intersection,Normale,Autre collision,,,,,,,,,,,1,1,1,1,6
201500011972,0015-06-04 18:15:00,15,6,4,18,15,860,174,,,,Plein jour,Hors agglomération,Hors intersection,Normale,Autre collision,,,,,,,,,,,1,1,1,1,6
201500011973,0015-06-07 16:45:00,15,6,7,16,45,860,146,,,,Plein jour,Hors agglomération,Hors intersection,Normale,Autre collision,,,,,,,,,,,1,1,1,1,6
201500011974,0015-07-18 16:15:00,15,7,18,16,15,860,7,,,,Plein jour,Hors agglomération,Hors intersection,Normale,Autre collision,,,,,,,,,,,1,1,1,1,6
201500011975,0015-10-05 09:30:00,15,10,5,9,30,860,7,,46.882,0.517,Plein jour,Hors agglomération,Hors intersection,Pluie forte,Autre collision,,,,,,,,,,,1,1,1,3,6
201500011976,0015-11-20 19:15:00,15,11,20,19,15,860,66,,,,Nuit sans éclairage public,Hors agglomération,Hors intersection,Pluie légère,Autre collision,,,,,,,,,,,3,1,1,2,6
201500011977,0015-12-14 12:15:00,15,12,14,12,15,450,315,D 948/R SECHOY/EPINETTES,47.76042,2.37411,Plein jour,En agglomération,Intersection en X,Normale,Trois véhicules et plus - collisions multiples,,,,,,,,,,,1,2,2,1,5
201500011978,0015-01-29 07:30:00,15,1,29,7,30,170,331,,45.47684,-0.58662,Nuit sans éclairage public,Hors agglomération,Hors intersection,Pluie forte,Autre collision,,,,,,,,,,,3,1,1,3,6
201500011979,0015-10-21 16:30:00,15,10,21,16,30,170,241,,45.20981,-0.15557,Plein jour,Hors agglomération,Hors intersection,Normale,Deux véhicules - côté,,,,,,,,,,,1,1,1,1,3
201500011980,0015-10-30 14:30:00,15,10,30,14,30,170,113,,45.10162,-0.15735,Plein jour,Hors agglomération,Hors intersection,Normale,Autre collision,,,,,,,,,,,1,1,1,1,6
201500011981,0015-11-26 19:00:00,15,11,26,19,0,170,328,,45.48,-0.715,Nuit avec éclairage allumé,Hors agglomération,Hors intersection,Normale,Trois véhicules et plus - collisions multiples,,,,,,,,,,,5,1,1,1,5
201500011982,0015-12-09 12:15:00,15,12,9,12,15,790,322,,46.6171,-0.28291,Plein jour,Hors agglomération,Hors intersection,Normale,Deux véhicules - arrière,,,,,,,,,,,1,1,1,1,2
201500011983,0015-09-24 18:15:00,15,9,24,18,15,280,83,,47.97594,1.32697,Plein jour,Hors agglomération,Hors intersection,Normale,Deux véhicules - frontale,,,,,,,,,,,1,1,1,1,1
201500011984,0015-01-24 08:15:00,15,1,24,8,15,360,97,,47.0227,1.78679,Plein jour,Hors agglomération,Hors intersection,Autre,Autre collision,,,,,,,,,,,1,1,1,9,6
201500011985,0015-02-22 17:15:00,15,2,22,17,15,360,202,,46.8263,1.63923,Plein jour,Hors agglomération,Hors intersection,Normale,Trois véhicules et plus - en chaîne,,,,,,,,,,,1,1,1,1,4
201500011986,0015-05-23 02:30:00,15,5,23,2,30,360,63,,46.8479,1.69464,Nuit sans éclairage public,Hors agglomération,Hors intersection,Normale,Deux véhicules - frontale,,,,,,,,,,,3,1,1,1,1
201500011987,0015-07-11 09:45:00,15,7,11,9,45,360,63,,46.8455,1.68831,Plein jour,Hors agglomération,Hors intersection,Normale,Sans collision,,,,,,,,,,,1,1,1,1,7
201500011988,0015-09-06 09:45:00,15,9,6,9,45,360,230,,47.0331,1.79144,Plein jour,Hors agglomération,Hors intersection,Normale,Trois véhicules et plus - collisions multiples,,,,,,,,,,,1,1,1,1,5
201500011989,0015-10-13 04:30:00,15,10,13,4,30,370,151,,,,Nuit sans éclairage public,Hors agglomération,Hors intersection,Normale,Deux véhicules - frontale,,,,,,,,,,,3,1,1,1,1
201500011990,0015-02-01 14:30:00,15,2,1,14,30,490,298,,47.44289,-0.74191,Plein jour,Hors agglomération,Hors intersection,Neige / grêle,Sans collision,,,,,,,,,,,1,1,1,4,7
201500011991,0015-02-06 12:00:00,15,2,6,12,0,490,222,,47.33763,-0.54799,Plein jour,Hors agglomération,Hors intersection,Normale,Deux véhicules - côté,,,,,,,,,,,1,1,1,1,3
201500011992,0015-03-10 00:45:00,15,3,10,0,45,490,68,,47.43535,-0.85857,Nuit sans éclairage public,Hors agglomération,Hors intersection,Normale,Autre collision,,,,,,,,,,,3,1,1,1,6
201500011993,0015-03-31 15:25:00,15,3,31,15,25,490,266,,47.4382,-0.76666,Plein jour,Hors agglomération,Hors intersection,Normale,Autre collision,,,,,,,,,,,1,1,1,1,6
201500011994,0015-06-19 19:45:00,15,6,19,19,45,490,129,,47.50013,-0.51346,Plein jour,Hors agglomération,Hors intersection,Normale,Autre collision,,,,,,,,,,,1,1,1,1,6
201500011995,0015-07-12 08:30:00,15,7,12,8,30,490,294,,47.47966,-0.6689,Plein jour,Hors agglomération,Hors intersection,Normale,Autre collision,,,,,,,,,,,1,1,1,1,6
201500011996,0015-07-18 14:30:00,15,7,18,14,30,490,321,,47.42441,-0.93935,Crépuscule ou aube,Hors agglomération,Hors intersection,Normale,Sans collision,,,,,,,,,,,2,1,1,1,7
201500011997,0015-08-08 19:15:00,15,8,8,19,15,490,7,,47.49081,-0.54016,Plein jour,Hors agglomération,Hors intersection,Normale,Deux véhicules - arrière,,,,,,,,,,,1,1,1,1,2
201500011998,0015-09-07 14:00:00,15,9,7,14,0,490,129,,47.49841,-0.51793,Plein jour,Hors agglomération,Hors intersection,Normale,Deux véhicules - arrière,,,,,,,,,,,1,1,1,1,2
201500011999,0015-09-18 08:45:00,15,9,18,8,45,490,306,,47.42717,-0.69084,Plein jour,Hors agglomération,Hors intersection,Normale,Deux véhicules - côté,,,,,,,,,,,1,1,1,1,3
201500012000,0015-08-02 12:45:00,15,8,2,12,45,20,227,,,,Plein jour,Hors agglomération,Hors intersection,Normale,Autre collision,,,,,,,,,,,1,1,1,1,6
201500012001,0015-07-10 13:45:00,15,7,10,13,45,90,55,,42.85605,1.09203,Plein jour,Hors agglomération,Hors intersection,Normale,Sans collision,,,,,,,,,,,1,1,1,1,7
201500012002,0015-08-20 14:00:00,15,8,20,14,0,90,219,route d'Augstrou,42.93586,0.94237,Plein jour,En agglomération,Intersection en T,Normale,Autre collision,,,,,,,,,,,1,2,3,1,6
201500012003,0015-08-25 21:30:00,15,8,25,21,30,90,25,rte de LUCHON,42.93618,0.97186,Nuit avec éclairage allumé,En agglomération,Hors intersection,Normale,Autre collision,,,,,,,,,,,5,2,1,1,6
201500012004,0015-01-09 11:45:00,15,1,9,11,45,60,150,,43.74631,7.37998,Plein jour,Hors agglomération,Hors intersection,Normale,Deux véhicules - arrière,,,,,,,,,,,1,1,1,1,2
201500012005,0015-01-12 09:30:00,15,1,12,9,30,60,123,,43.6682,7.19717,Plein jour,Hors agglomération,Hors intersection,Normale,Deux véhicules - arrière,,,,,,,,,,,1,1,1,1,2
201500012006,0015-10-01 18:30:00,15,10,1,18,30,60,83,,,,Crépuscule ou aube,Hors agglomération,Hors intersection,Pluie légère,Trois véhicules et plus - en chaîne,,,,,,,,,,,2,1,1,2,4
201500012007,0015-02-18 07:15:00,15,2,18,7,15,60,67,,43.78233,7.45062,Plein jour,Hors agglomération,Hors intersection,Normale,Deux véhicules - arrière,,,,,,,,,,,1,1,1,1,2
201500012008,0015-03-01 11:15:00,15,3,1,11,15,60,113,,,,Plein jour,Hors agglomération,Hors intersection,Normale,Deux véhicules - arrière,,,,,,,,,,,1,1,1,1,2
201500012009,0015-03-05 00:30:00,15,3,5,0,30,60,83,,,,Nuit sans éclairage public,Hors agglomération,Autre intersection,Normale,Deux véhicules - frontale,,,,,,,,,,,3,1,9,1,1
201500012010,0015-03-17 07:15:00,15,3,17,7,15,60,59,,,,Plein jour,Hors agglomération,Hors intersection,Pluie légère,Deux véhicules - arrière,,,,,,,,,,,1,1,1,2,2
201500012011,0015-03-31 16:45:00,15,3,31,16,45,60,88,,,,Plein jour,Hors agglomération,Hors intersection,Normale,Deux véhicules - côté,,,,,,,,,,,1,1,1,1,3
201500012012,0015-04-16 06:15:00,15,4,16,6,15,60,88,,,,Nuit avec éclairage allumé,Hors agglomération,Hors intersection,Normale,Sans collision,,,,,,,,,,,5,1,1,1,7
201500012013,0015-04-27 10:15:00,15,4,27,10,15,60,150,,,,Plein jour,Hors agglomération,Hors intersection,Brouillard / fumée,Deux véhicules - frontale,,,,,,,,,,,1,1,1,5,1
201500012014,0015-05-19 16:45:00,15,5,19,16,45,60,88,,,,Plein jour,Hors agglomération,Hors intersection,Normale,Deux véhicules - arrière,,,,,,,,,,,1,1,1,1,2
201500012015,0015-07-13 06:30:00,15,7,13,6,30,60,67,,,,Plein jour,Hors agglomération,Hors intersection,Normale,Deux véhicules - arrière,,,,,,,,,,,1,1,1,1,2
201500012016,0015-08-01 10:00:00,15,8,1,10,0,60,88,,,,Plein jour,Hors agglomération,Hors intersection,Normale,Deux véhicules - côté,,,,,,,,,,,1,1,1,1,3
201500012017,0015-08-04 18:45:00,15,8,4,18,45,60,88,,,,Plein jour,Hors agglomération,Hors intersection,Normale,Deux véhicules - arrière,,,,,,,,,,,1,1,1,1,2
201500012018,0015-09-02 21:30:00,15,9,2,21,30,60,88,,,,Nuit avec éclairage allumé,Hors agglomération,Hors intersection,Normale,Sans collision,,,,,,,,,,,5,1,1,1,7
201500012019,0015-09-13 18:45:00,15,9,13,18,45,60,83,,,,Plein jour,Hors agglomération,Hors intersection,Normale,Autre collision,,,,,,,,,,,1,1,1,1,6
201500012020,0015-09-17 13:30:00,15,9,17,13,30,60,150,,,,Plein jour,Hors agglomération,Hors intersection,Normale,Trois véhicules et plus - collisions multiples,,,,,,,,,,,1,1,1,1,5
201500012021,0015-10-26 15:00:00,15,10,26,15,0,60,88,,,,Plein jour,Hors agglomération,Hors intersection,Normale,Deux véhicules - côté,,,,,,,,,,,1,1,1,1,3
201500012022,0015-10-29 17:00:00,15,10,29,17,0,60,88,,,,Plein jour,Hors agglomération,Hors intersection,Normale,Trois véhicules et plus - collisions multiples,,,,,,,,,,,1,1,1,1,5
201500012023,0015-11-23 09:30:00,15,11,23,9,30,60,88,,,,Plein jour,Hors agglomération,Hors intersection,Normale,Deux véhicules - arrière,,,,,,,,,,,1,1,1,1,2
201500012024,0015-12-01 07:45:00,15,12,1,7,45,60,150,,,,Plein jour,Hors agglomération,Hors intersection,Normale,Deux véhicules - frontale,,,,,,,,,,,1,1,1,1,1
201500012025,0015-12-11 00:30:00,15,12,11,0,30,60,149,,,,Nuit sans éclairage public,Hors agglomération,Hors intersection,Normale,Deux véhicules - arrière,,,,,,,,,,,3,1,1,1,2
201500012026,0015-12-12 00:45:00,15,12,12,0,45,60,149,,,,Nuit sans éclairage public,Hors agglomération,Hors intersection,Normale,Autre collision,,,,,,,,,,,3,1,1,1,6
201500012027,0015-12-15 21:00:00,15,12,15,21,0,60,88,,,,Nuit avec éclairage allumé,Hors agglomération,Autre intersection,Normale,Deux véhicules - arrière,,,,,,,,,,,5,1,9,1,2
201500012028,0015-03-22 00:15:00,15,3,22,0,15,570,747,,,,Nuit sans éclairage public,Hors agglomération,Hors intersection,Normale,Autre collision,,,,,,,,,,,3,1,1,1,6
201500012029,0015-04-27 09:45:00,15,4,27,9,45,570,80,,,,Plein jour,Hors agglomération,Hors intersection,Pluie légère,Sans collision,,,,,,,,,,,1,1,1,2,7
201500012030,0015-05-12 02:30:00,15,5,12,2,30,570,761,,,,Nuit sans éclairage public,Hors agglomération,Hors intersection,Normale,Autre collision,,,,,,,,,,,3,1,1,1,6
201500012031,0015-05-27 15:30:00,15,5,27,15,30,670,201,,,,Plein jour,Hors agglomération,Hors intersection,Normale,Trois véhicules et plus - en chaîne,,,,,,,,,,,1,1,1,1,4
201500012032,0015-09-03 20:45:00,15,9,3,20,45,670,70,,,,Crépuscule ou aube,Hors agglomération,Hors intersection,Normale,Deux véhicules - arrière,,,,,,,,,,,2,1,1,1,2
201500012033,0015-11-14 07:00:00,15,11,14,7,0,570,80,,,,Crépuscule ou aube,Hors agglomération,Hors intersection,Normale,Autre collision,,,,,,,,,,,2,1,1,1,6
201500012034,0015-11-28 20:30:00,15,11,28,20,30,670,201,,,,Nuit sans éclairage public,Hors agglomération,Hors intersection,Normale,Autre collision,,,,,,,,,,,3,1,1,1,6
201500012035,0015-01-16 00:30:00,15,1,16,0,30,900,11,,,,Nuit sans éclairage public,Hors agglomération,Hors intersection,Normale,Trois véhicules et plus - collisions multiples,,,,,,,,,,,3,1,1,1,5
201500012036,0015-02-01 14:30:00,15,2,1,14,30,900,67,,,,Plein jour,Hors agglomération,Hors intersection,Normale,Autre collision,,,,,,,,,,,1,1,1,1,6
201500012037,0015-02-21 23:00:00,15,2,21,23,0,680,218,,,,Nuit sans éclairage public,Hors agglomération,Hors intersection,Normale,Deux véhicules - côté,,,,,,,,,,,3,1,1,1,3
201500012038,0015-07-27 19:45:00,15,7,27,19,45,680,59,,,,Plein jour,Hors agglomération,Hors intersection,Normale,Deux véhicules - côté,,,,,,,,,,,1,1,1,1,3
201500012039,0015-10-22 09:00:00,15,10,22,9,0,680,85,,,,Plein jour,Hors agglomération,Hors intersection,Normale,Deux véhicules - arrière,,,,,,,,,,,1,1,1,1,2
201500012040,0015-01-10 19:45:00,15,1,10,19,45,670,117,"PV, SENS STRASBG/PARIS",,,Nuit sans éclairage public,Hors agglomération,Hors intersection,Pluie légère,Deux véhicules - frontale,,,,,,,,,,,3,1,1,2,1
201500012041,0015-03-06 13:30:00,15,3,6,13,30,670,460,,,,Plein jour,Hors agglomération,Hors intersection,Normale,Sans collision,,,,,,,,,,,1,1,1,1,7
201500012042,0015-03-15 00:01:00,15,3,15,0,1,670,67,,,,Nuit sans éclairage public,Hors agglomération,Hors intersection,Normale,Trois véhicules et plus - collisions multiples,,,,,,,,,,,3,1,1,1,5
201500012043,0015-06-27 20:30:00,15,6,27,20,30,670,67,,,,Plein jour,Hors agglomération,Hors intersection,Normale,Autre collision,,,,,,,,,,,1,1,1,1,6
201500012044,0015-07-16 13:30:00,15,7,16,13,30,670,460,,,,Plein jour,Hors agglomération,Hors intersection,Normale,Deux véhicules - arrière,,,,,,,,,,,1,1,1,1,2
201500012045,0015-07-17 16:00:00,15,7,17,16,0,670,33,"PV,SENS HAGUENAU-STRASBG",,,Plein jour,Hors agglomération,Hors intersection,Normale,Autre collision,,,,,,,,,,,1,1,1,1,6
201500012046,0015-01-17 19:45:00,15,1,17,19,45,620,286,,,,Nuit sans éclairage public,Hors agglomération,Hors intersection,Normale,Deux véhicules - arrière,,,,,,,,,,,3,1,1,1,2
201500012047,0015-11-18 17:45:00,15,11,18,17,45,620,73,,,,Nuit sans éclairage public,Hors agglomération,Hors intersection,Normale,Deux véhicules - arrière,,,,,,,,,,,3,1,1,1,2
201500012048,0015-04-03 14:00:00,15,4,3,14,0,140,578,,49.336,0.22795,Plein jour,Hors agglomération,Intersection en T,Pluie forte,Trois véhicules et plus - collisions multiples,,,,,,,,,,,1,1,3,3,5
201500012049,0015-06-18 17:45:00,15,6,18,17,45,140,578,,49.3781,0.12953,Plein jour,Hors agglomération,Hors intersection,Normale,Deux véhicules - arrière,,,,,,,,,,,1,1,1,1,2
201500012050,0015-03-26 07:15:00,15,3,26,7,15,440,52,,47.337,-2.019,Crépuscule ou aube,Hors agglomération,Hors intersection,Pluie légère,Trois véhicules et plus - collisions multiples,,,,,,,,,,,2,1,1,2,5
201500012051,0015-08-28 10:45:00,15,8,28,10,45,440,69,,47.34833,-2.4429,Plein jour,Hors agglomération,Intersection en X,Normale,Deux véhicules - côté,,,,,,,,,,,1,1,2,1,3
201500012052,0015-01-01 09:30:00,15,1,1,9,30,490,64,,47.6955,-0.70919,Plein jour,Hors agglomération,Hors intersection,Normale,Deux véhicules - côté,,,,,,,,,,,1,1,1,1,3
201500012053,0015-05-18 08:15:00,15,5,18,8,15,490,367,rue du commerce,47.59964,-0.83837,Plein jour,En agglomération,Hors intersection,Temps éblouissant,Autre collision,,,,,,,,,,,1,2,1,7,6
201500012054,0015-06-08 16:30:00,15,6,8,16,30,530,204,,48.47293,-0.26066,Plein jour,Hors agglomération,Hors intersection,Normale,Deux véhicules - frontale,,,,,,,,,,,1,1,1,1,1
201500012055,0015-07-09 10:45:00,15,7,9,10,45,530,177,,48.32766,-1.04526,Plein jour,Hors agglomération,Hors intersection,Normale,Deux véhicules - côté,,,,,,,,,,,1,1,1,1,3
201500012056,0015-10-27 18:15:00,15,10,27,18,15,530,164,,48.49183,-0.31284,Nuit sans éclairage public,Hors agglomération,Hors intersection,Pluie légère,Deux véhicules - frontale,,,,,,,,,,,3,1,1,2,1
201500012057,0015-11-03 17:15:00,15,11,3,17,15,530,121,,48.40921,-0.36137,Plein jour,Hors agglomération,Hors intersection,Normale,Deux véhicules - côté,,,,,,,,,,,1,1,1,1,3
201500012058,0015-12-07 07:15:00,15,12,7,7,15,530,269,,48.30864,-0.79207,Crépuscule ou aube,Hors agglomération,Hors intersection,Normale,Deux véhicules - frontale,,,,,,,,,,,2,1,1,1,1
201500012059,0015-12-15 16:00:00,15,12,15,16,0,530,202,,48.4036,-0.96533,Plein jour,Hors agglomération,Hors intersection,Pluie forte,Deux véhicules - frontale,,,,,,,,,,,1,1,1,3,1
201500012060,0015-01-25 19:15:00,15,1,25,19,15,620,282,,50.38827,2.1818,Nuit sans éclairage public,Hors agglomération,Hors intersection,Normale,Trois véhicules et plus - collisions multiples,,,,,,,,,,,3,1,1,1,5
201500012061,0015-08-29 02:00:00,15,8,29,2,0,620,621,,50.86925,2.01397,Nuit sans éclairage public,Hors agglomération,Hors intersection,Normale,Deux véhicules - frontale,,,,,,,,,,,3,1,1,1,1
201500012062,0015-10-23 17:00:00,15,10,23,17,0,270,107,,49.374,0.62,Plein jour,Hors agglomération,Hors intersection,Normale,Deux véhicules - côté,,,,,,,,,,,1,1,1,1,3
201500012063,0015-11-05 08:30:00,15,11,5,8,30,270,467,Rue République,49.35719,0.51606,Plein jour,En agglomération,Intersection en X,Normale,Deux véhicules - côté,,,,,,,,,,,1,2,2,1,3
201500012064,0015-11-06 16:00:00,15,11,6,16,0,270,470,D 321 rue Grande,49.3321,1.28776,Plein jour,En agglomération,Hors intersection,Pluie légère,Autre collision,,,,,,,,,,,1,2,1,2,6
201500012065,0015-12-01 16:00:00,15,12,1,16,0,270,320,,49.24224,0.87593,Plein jour,Hors agglomération,Hors intersection,Normale,Trois véhicules et plus - collisions multiples,,,,,,,,,,,1,1,1,1,5
201500012066,0015-05-29 09:15:00,15,5,29,9,15,170,140,D.734 -Rte Treuil,45.91007,-1.26453,Plein jour,En agglomération,Hors intersection,Normale,Deux véhicules - côté,,,,,,,,,,,1,2,1,1,3
201500012067,0015-12-07 16:30:00,15,12,7,16,30,170,184,,45.77432,-0.93624,Plein jour,Hors agglomération,Hors intersection,Normale,Trois véhicules et plus - collisions multiples,,,,,,,,,,,1,1,1,1,5
201500012068,0015-10-26 14:45:00,15,10,26,14,45,90,32,,42.69225,1.82671,Plein jour,Hors agglomération,Hors intersection,Normale,Sans collision,,,,,,,,,,,1,1,1,1,7
201500012069,0015-05-07 12:00:00,15,5,7,12,0,180,245,,,,Plein jour,Hors agglomération,Hors intersection,Normale,Deux véhicules - arrière,,,,,,,,,,,1,1,1,1,2
201500012070,0015-05-28 01:45:00,15,5,28,1,45,180,91,,,,Nuit sans éclairage public,Hors agglomération,Hors intersection,Normale,Autre collision,,,,,,,,,,,3,1,1,1,6
201500012071,0015-07-10 18:00:00,15,7,10,18,0,180,129,,,,Plein jour,Hors agglomération,Hors intersection,Normale,Sans collision,,,,,,,,,,,1,1,1,1,7
201500012072,0015-07-22 09:15:00,15,7,22,9,15,180,33,,,,Plein jour,Hors agglomération,Hors intersection,Normale,Sans collision,,,,,,,,,,,1,1,1,1,7
201500012073,0015-05-21 16:30:00,15,5,21,16,30,280,147,,48.53343,1.24073,Plein jour,Hors agglomération,Intersection en X,Normale,Deux véhicules - côté,,,,,,,,,,,1,1,2,1,3
201500012074,0015-12-22 14:30:00,15,12,22,14,30,420,3,,,,Plein jour,Hors agglomération,Hors intersection,Normale,Deux véhicules - arrière,,,,,,,,,,,1,1,1,1,2
201500012075,0015-02-13 22:45:00,15,2,13,22,45,670,101,"PV, RUE SAINT-JEAN",,,Nuit avec éclairage allumé,En agglomération,Hors intersection,Brouillard / fumée,Autre collision,,,,,,,,,,,5,2,1,5,6