accident_id,datetime,annee,mois,jour,heure,minute,departement,commune_insee,adresse,latitude,longitude,luminosite,agglomeration,intersection,meteo,collision,nb_vehicules,nb_usagers,nb_indemnes,nb_tues,nb_blesses_hosp,nb_blesses_legers,age_cond_1,age_cond_2,veh_type_cond_1,veh_type_cond_2,lum_code,agg_code,int_code,atm_code,col_code
201500012215,0015-08-31 17:30:00,15,8,31,17,30,740,56,,,,Plein jour,Hors agglomération,Hors intersection,Normale,Deux véhicules - arrière,,,,,,,,,,,1,1,1,1,2
201500012216,0015-02-13 23:15:00,15,2,13,23,15,460,328,,44.37498,1.73906,Nuit sans éclairage public,Hors agglomération,Hors intersection,Pluie légère,Sans collision,,,,,,,,,,,3,1,1,2,7
201500012217,0015-03-09 15:30:00,15,3,9,15,30,460,303,,44.57017,1.67557,Plein jour,Hors agglomération,Hors intersection,Normale,Deux véhicules - frontale,,,,,,,,,,,1,1,1,1,1
201500012218,0015-04-04 10:30:00,15,4,4,10,30,460,276,Le bourg,44.46922,1.74797,Plein jour,En agglomération,Hors intersection,Temps couvert,Sans collision,,,,,,,,,,,1,2,1,8,7
201500012219,0015-08-03 15:15:00,15,8,3,15,15,460,212,,44.56864,1.66996,Plein jour,Hors agglomération,Autre intersection,Normale,Deux véhicules - frontale,,,,,,,,,,,1,1,9,1,1
201500012220,0015-08-05 16:15:00,15,8,5,16,15,460,331,,44.47999,1.5662,Plein jour,Hors agglomération,Hors intersection,Normale,Autre collision,,,,,,,,,,,1,1,1,1,6
201500012221,0015-10-27 12:00:00,15,10,27,12,0,460,77,,44.52394,1.55516,Plein jour,Hors agglomération,Hors intersection,Normale,Sans collision,,,,,,,,,,,1,1,1,1,7
201500012222,0015-11-07 08:15:00,15,11,7,8,15,460,275,,44.56546,1.55519,Plein jour,Hors agglomération,Hors intersection,Normale,Autre collision,,,,,,,,,,,1,1,1,1,6
201500012223,0015-12-13 08:15:00,15,12,13,8,15,460,92,,44.44478,1.58881,Plein jour,Hors agglomération,Hors intersection,Normale,Autre collision,,,,,,,,,,,1,1,1,1,6
201500012224,0015-02-11 20:45:00,15,2,11,20,45,690,86,,,,Nuit sans éclairage public,Hors agglomération,Hors intersection,Normale,Autre collision,,,,,,,,,,,3,1,1,1,6
201500012225,0015-05-15 17:00:00,15,5,15,17,0,690,17,,,,Plein jour,Hors agglomération,Hors intersection,Pluie forte,Deux véhicules - frontale,,,,,,,,,,,1,1,1,3,1
201500012226,0015-07-03 19:30:00,15,7,3,19,30,690,86,,,,Plein jour,Hors agglomération,Autre intersection,Normale,Deux véhicules - côté,,,,,,,,,,,1,1,9,1,3
201500012227,0015-07-10 11:15:00,15,7,10,11,15,690,157,,45.879,4.495,Plein jour,Hors agglomération,Hors intersection,Normale,Autre collision,,,,,,,,,,,1,1,1,1,6
201500012228,0015-07-26 15:30:00,15,7,26,15,30,690,200,,45.884,4.471,Plein jour,Hors agglomération,Hors intersection,Normale,Autre collision,,,,,,,,,,,1,1,1,1,6
201500012229,0015-09-01 16:15:00,15,9,1,16,15,690,86,,45.852,4.653,Plein jour,Hors agglomération,Hors intersection,Normale,Autre collision,,,,,,,,,,,1,1,1,1,6
201500012230,0015-10-05 00:15:00,15,10,5,0,15,690,32,,,,Nuit sans éclairage public,Hors agglomération,Hors intersection,Normale,Autre collision,,,,,,,,,,,3,1,1,1,6
201500012231,0015-10-23 07:45:00,15,10,23,7,45,690,208,,,,Nuit sans éclairage public,Hors agglomération,Hors intersection,Normale,Sans collision,,,,,,,,,,,3,1,1,1,7
201500012232,0015-02-21 14:45:00,15,2,21,14,45,720,65,,,,Plein jour,Hors agglomération,Hors intersection,Neige / grêle,Deux véhicules - frontale,,,,,,,,,,,1,1,1,4,1
201500012233,0015-03-04 15:15:00,15,3,4,15,15,720,70,,48.017,-0.137,Plein jour,Hors agglomération,Hors intersection,Normale,Deux véhicules - côté,,,,,,,,,,,1,1,1,1,3
201500012234,0015-03-19 19:45:00,15,3,19,19,45,720,278,,,,Nuit sans éclairage public,Hors agglomération,Hors intersection,Normale,Trois véhicules et plus - collisions multiples,,,,,,,,,,,3,1,1,1,5
201500012235,0015-03-30 11:30:00,15,3,30,11,30,720,70,,,,Plein jour,Hors agglomération,Hors intersection,Normale,Autre collision,,,,,,,,,,,1,1,1,1,6
201500012236,0015-05-07 09:00:00,15,5,7,9,0,720,73,,,,Plein jour,Hors agglomération,Hors intersection,Temps éblouissant,Trois véhicules et plus - collisions multiples,,,,,,,,,,,1,1,1,7,5
201500012237,0015-05-18 00:01:00,15,5,18,0,1,720,237,,,,Nuit sans éclairage public,Hors agglomération,Hors intersection,Normale,Autre collision,,,,,,,,,,,3,1,1,1,6
201500012238,0015-05-29 07:15:00,15,5,29,7,15,720,346,,,,Plein jour,Hors agglomération,Hors intersection,Normale,Deux véhicules - frontale,,,,,,,,,,,1,1,1,1,1
201500012239,0015-06-10 13:30:00,15,6,10,13,30,720,364,,,,Plein jour,Hors agglomération,Hors intersection,Autre,Trois véhicules et plus - collisions multiples,,,,,,,,,,,1,1,1,9,5
201500012240,0015-08-05 21:30:00,15,8,5,21,30,720,336,,,,Crépuscule ou aube,Hors agglomération,Hors intersection,Normale,Trois véhicules et plus - collisions multiples,,,,,,,,,,,2,1,1,1,5
201500012241,0015-08-10 09:45:00,15,8,10,9,45,720,61,,,,Plein jour,Hors agglomération,Hors intersection,Normale,Autre collision,,,,,,,,,,,1,1,1,1,6
201500012242,0015-12-21 18:15:00,15,12,21,18,15,720,253,,,,Nuit sans éclairage public,Hors agglomération,Hors intersection,Pluie légère,Deux véhicules - côté,,,,,,,,,,,3,1,1,2,3
201500012243,0015-06-10 16:00:00,15,6,10,16,0,680,278,,47.77725,7.4067,Plein jour,Hors agglomération,Hors intersection,Normale,Sans collision,,,,,,,,,,,1,1,1,1,7
201500012244,0015-07-15 20:00:00,15,7,15,20,0,680,42,,47.62905,7.50528,Plein jour,Hors agglomération,Hors intersection,Normale,Deux véhicules - côté,,,,,,,,,,,1,1,1,1,3
201500012245,0015-08-02 09:30:00,15,8,2,9,30,680,278,,47.77166,7.41135,Plein jour,Hors agglomération,Hors intersection,Normale,Deux véhicules - arrière,,,,,,,,,,,1,1,1,1,2
201500012246,0015-09-13 04:30:00,15,9,13,4,30,680,309,,47.65953,7.48473,Nuit sans éclairage public,Hors agglomération,Hors intersection,Normale,Deux véhicules - arrière,,,,,,,,,,,3,1,1,1,2
201500012247,0015-12-16 10:15:00,15,12,16,10,15,680,297,,47.60019,7.53712,Plein jour,Hors agglomération,Hors intersection,Pluie légère,Deux véhicules - arrière,,,,,,,,,,,1,1,1,2,2
201500012248,0015-01-09 15:45:00,15,1,9,15,45,530,218,,48.22267,-0.36629,Plein jour,Hors agglomération,Hors intersection,Normale,Sans collision,,,,,,,,,,,1,1,1,1,7
201500012249,0015-01-16 18:45:00,15,1,16,18,45,530,7,,48.07531,-0.61577,Nuit sans éclairage public,Hors agglomération,Hors intersection,Normale,Deux véhicules - arrière,,,,,,,,,,,3,1,1,1,2
201500012250,0015-05-12 05:45:00,15,5,12,5,45,530,262,,48.06531,-0.53897,Crépuscule ou aube,Hors agglomération,Hors intersection,Normale,Sans collision,,,,,,,,,,,2,1,1,1,7
201500012251,0015-05-14 05:00:00,15,5,14,5,0,530,267,,48.05254,-0.46874,Nuit sans éclairage public,Hors agglomération,Hors intersection,Normale,Autre collision,,,,,,,,,,,3,1,1,1,6
201500012252,0015-06-05 00:30:00,15,6,5,0,30,530,34,,48.0958,-0.69338,Nuit sans éclairage public,Hors agglomération,Hors intersection,Normale,Sans collision,,,,,,,,,,,3,1,1,1,7
201500012253,0015-06-13 18:45:00,15,6,13,18,45,530,262,,48.06447,-0.53516,Plein jour,Hors agglomération,Hors intersection,Normale,Sans collision,,,,,,,,,,,1,1,1,1,7
201500012254,0015-08-17 23:15:00,15,8,17,23,15,530,264,,48.02555,-0.33661,Nuit sans éclairage public,Hors agglomération,Hors intersection,Normale,Deux véhicules - arrière,,,,,,,,,,,3,1,1,1,2
201500012255,0015-11-05 17:30:00,15,11,5,17,30,530,267,,48.04153,-0.48437,Plein jour,Hors agglomération,Hors intersection,Pluie légère,Deux véhicules - côté,,,,,,,,,,,1,1,1,2,3
201500012256,0015-01-23 07:45:00,15,1,23,7,45,440,35,,47.2752,-1.5409,Nuit sans éclairage public,Hors agglomération,Hors intersection,Normale,Sans collision,,,,,,,,,,,3,1,1,1,7
201500012257,0015-07-06 09:30:00,15,7,6,9,30,440,179,,47.32714,-1.47714,Plein jour,Hors agglomération,Hors intersection,Normale,Trois véhicules et plus - collisions multiples,,,,,,,,,,,1,1,1,1,5
201500012258,0015-07-31 14:00:00,15,7,31,14,0,440,93,,47.48591,-1.14729,Plein jour,Hors agglomération,Intersection en X,Normale,Deux véhicules - côté,,,,,,,,,,,1,1,2,1,3
201500012259,0015-08-26 08:30:00,15,8,26,8,30,440,82,,47.39461,-1.38144,Plein jour,Hors agglomération,Hors intersection,Normale,Deux véhicules - côté,,,,,,,,,,,1,1,1,1,3
201500012260,0015-10-19 14:00:00,15,10,19,14,0,440,163,,47.42017,-1.1086,Plein jour,Hors agglomération,Hors intersection,Normale,Autre collision,,,,,,,,,,,1,1,1,1,6
201500012261,0015-06-30 19:15:00,15,6,30,19,15,470,186,,44.217,0.435,Plein jour,Hors agglomération,Hors intersection,Normale,Deux véhicules - arrière,,,,,,,,,,,1,1,1,1,2
201500012262,0015-10-03 07:00:00,15,10,3,7,0,470,186,A62,,,Crépuscule ou aube,Hors agglomération,Hors intersection,Pluie légère,Autre collision,,,,,,,,,,,2,1,1,2,6
201500012263,0015-12-07 08:30:00,15,12,7,8,30,470,267,A62,44.272,0.2755,Nuit sans éclairage public,Hors agglomération,Hors intersection,Normale,Deux véhicules - arrière,,,,,,,,,,,3,1,1,1,2
201500012264,0015-03-07 18:15:00,15,3,7,18,15,820,27,,43.8957,1.31675,Plein jour,Hors agglomération,Hors intersection,Normale,Deux véhicules - arrière,,,,,,,,,,,1,1,1,1,2
201500012265,0015-03-21 00:45:00,15,3,21,0,45,820,123,,43.9286,1.30806,Nuit sans éclairage public,Hors agglomération,Autre intersection,Autre,Sans collision,,,,,,,,,,,3,1,9,9,7
201500012266,0015-05-21 01:15:00,15,5,21,1,15,820,25,,,,Nuit sans éclairage public,Hors agglomération,Hors intersection,Normale,Trois véhicules et plus - collisions multiples,,,,,,,,,,,3,1,1,1,5
201500012267,0015-07-02 21:30:00,15,7,2,21,30,820,121,,,,Crépuscule ou aube,Hors agglomération,Hors intersection,Normale,Trois véhicules et plus - collisions multiples,,,,,,,,,,,2,1,1,1,5
201500012268,0015-08-13 18:00:00,15,8,13,18,0,820,2,,,,Plein jour,Hors agglomération,Hors intersection,Pluie forte,Autre collision,,,,,,,,,,,1,1,1,3,6
201500012269,0015-08-05 08:45:00,15,8,5,8,45,201,348,,42.15149,8.75506,Plein jour,Hors agglomération,Hors intersection,Normale,Deux véhicules - arrière,,,,,,,,,,,1,1,1,1,2
201500012270,0015-11-07 08:15:00,15,11,7,8,15,201,48,,,,Plein jour,Hors agglomération,Hors intersection,Normale,Sans collision,,,,,,,,,,,1,1,1,1,7
201500012271,0015-12-15 08:00:00,15,12,15,8,0,201,348,,,,Crépuscule ou aube,Hors agglomération,Hors intersection,Temps couvert,Autre collision,,,,,,,,,,,2,1,1,8,6
201500012272,0015-03-31 11:45:00,15,3,31,11,45,390,233,,,,Plein jour,Hors agglomération,Autre intersection,Pluie légère,Deux véhicules - côté,,,,,,,,,,,1,1,9,2,3
201500012273,0015-06-05 14:15:00,15,6,5,14,15,390,405,,,,Plein jour,Hors agglomération,Hors intersection,Normale,Deux véhicules - côté,,,,,,,,,,,1,1,1,1,3
201500012274,0015-06-08 10:30:00,15,6,8,10,30,390,188,,,,Plein jour,Hors agglomération,Giratoire,Normale,Deux véhicules - arrière,,,,,,,,,,,1,1,6,1,2
201500012275,0015-11-27 14:00:00,15,11,27,14,0,390,387,03 route nationale,47.191,5.938,Plein jour,En agglomération,Hors intersection,Normale,Deux véhicules - frontale,,,,,,,,,,,1,2,1,1,1
201500012276,0015-01-27 10:15:00,15,1,27,10,15,380,397,10 aveneu de l'?glise,45.246,5.83045,Plein jour,En agglomération,Hors intersection,Pluie légère,Autre collision,,,,,,,,,,,1,2,1,2,6
201500012277,0015-03-13 16:30:00,15,3,13,16,30,380,229,avenue de Verdun,45.21211,5.7749,Plein jour,En agglomération,Hors intersection,Normale,Deux véhicules - arrière,,,,,,,,,,,1,2,1,1,2
201500012278,0015-05-27 19:45:00,15,5,27,19,45,380,126,Int ch des batteries,45.2332,5.7511,Plein jour,Hors agglomération,Intersection en T,Normale,Deux véhicules - frontale,,,,,,,,,,,1,1,3,1,1
201500012279,0015-06-27 21:30:00,15,6,27,21,30,380,471,les jonquilles,45.26608,5.77283,Crépuscule ou aube,Hors agglomération,Hors intersection,Normale,Sans collision,,,,,,,,,,,2,1,1,1,7
201500012280,0015-07-10 13:15:00,15,7,10,13,15,380,249,,45.22992,5.82352,Plein jour,Hors agglomération,Hors intersection,Normale,Deux véhicules - frontale,,,,,,,,,,,1,1,1,1,1
201500012281,0015-07-15 20:00:00,15,7,15,20,0,380,229,2-4 boulevard des Alpes,,,Plein jour,En agglomération,Hors intersection,Normale,Autre collision,,,,,,,,,,,1,2,1,1,6
201500012282,0015-07-19 12:15:00,15,7,19,12,15,380,229,rond point Grésivaudan,,,Plein jour,En agglomération,Giratoire,Normale,Autre collision,,,,,,,,,,,1,2,6,1,6
201500012283,0015-07-23 18:30:00,15,7,23,18,30,380,140,270 rue Léo Ferré,,,Plein jour,En agglomération,Hors intersection,Normale,Autre collision,,,,,,,,,,,1,2,1,1,6
201500012284,0015-09-21 17:00:00,15,9,21,17,0,380,229,D521A,,,Plein jour,En agglomération,Hors intersection,Temps éblouissant,Autre collision,,,,,,,,,,,1,2,1,7,6
201500012285,0015-10-14 07:30:00,15,10,14,7,30,380,249,,,,Plein jour,Hors agglomération,Hors intersection,Normale,Deux véhicules - frontale,,,,,,,,,,,1,1,1,1,1
201500012286,0015-11-11 16:15:00,15,11,11,16,15,380,397,route de Chambéry,,,Plein jour,En agglomération,Hors intersection,Normale,Deux véhicules - côté,,,,,,,,,,,1,2,1,1,3
201500012287,0015-12-08 08:45:00,15,12,8,8,45,380,229,02 chemin du vieux chêne,,,Plein jour,En agglomération,Hors intersection,Normale,Deux véhicules - côté,,,,,,,,,,,1,2,1,1,3
201500012288,0015-02-07 08:15:00,15,2,7,8,15,60,85,avenue notre dame de vie,43.60307,7.0029,Plein jour,En agglomération,Hors intersection,Normale,Deux véhicules - frontale,,,,,,,,,,,1,2,1,1,1
201500012289,0015-03-03 10:15:00,15,3,3,10,15,60,85,,,,Plein jour,Hors agglomération,Giratoire,Normale,Sans collision,,,,,,,,,,,1,1,6,1,7
201500012290,0015-03-16 14:15:00,15,3,16,14,15,60,85,AVENUE DES JUYETTES,,,Plein jour,En agglomération,Giratoire,Autre,Deux véhicules - côté,,,,,,,,,,,1,2,6,9,3
201500012291,0015-04-29 21:45:00,15,4,29,21,45,60,85,,,,Nuit sans éclairage public,Hors agglomération,Hors intersection,Normale,Autre collision,,,,,,,,,,,3,1,1,1,6
201500012292,0015-05-09 15:45:00,15,5,9,15,45,60,85,Blanchisserie,,,Plein jour,En agglomération,Intersection en X,Normale,Deux véhicules - frontale,,,,,,,,,,,1,2,2,1,1
201500012293,0015-05-20 20:00:00,15,5,20,20,0,60,85,725 avenue tournamy,,,Plein jour,En agglomération,Hors intersection,Normale,Deux véhicules - frontale,,,,,,,,,,,1,2,1,1,1
201500012294,0015-05-29 13:30:00,15,5,29,13,30,60,85,667 avenue saint martin,,,Plein jour,En agglomération,Passage à niveau,Normale,Autre collision,,,,,,,,,,,1,2,8,1,6
201500012295,0015-06-05 09:30:00,15,6,5,9,30,60,85,,,,Plein jour,Hors agglomération,Hors intersection,Normale,Sans collision,,,,,,,,,,,1,1,1,1,7
201500012296,0015-06-01 17:45:00,15,6,1,17,45,60,85,rd point de la victoire,,,Plein jour,En agglomération,Giratoire,Normale,Deux véhicules - côté,,,,,,,,,,,1,2,6,1,3
201500012297,0015-07-07 18:00:00,15,7,7,18,0,60,85,,,,Plein jour,Hors agglomération,Hors intersection,Normale,Deux véhicules - arrière,,,,,,,,,,,1,1,1,1,2
201500012298,0015-08-02 09:15:00,15,8,2,9,15,60,85,avenue du golf,,,Plein jour,En agglomération,Hors intersection,Normale,Deux véhicules - côté,,,,,,,,,,,1,2,1,1,3
201500012299,0015-08-08 15:30:00,15,8,8,15,30,60,85,avenue maréchal juin,,,Plein jour,En agglomération,Hors intersection,Normale,Autre collision,,,,,,,,,,,1,2,1,1,6
201500012300,0015-12-16 21:00:00,15,12,16,21,0,60,85,2292 av Maréchal JUIN,,,Nuit avec éclairage allumé,En agglomération,Hors intersection,Normale,Deux véhicules - côté,,,,,,,,,,,5,2,1,1,3
201500012301,0015-01-06 16:30:00,15,1,6,16,30,780,189,,,,Plein jour,Hors agglomération,Hors intersection,Temps couvert,Deux véhicules - frontale,,,,,,,,,,,1,1,1,8,1
201500012302,0015-01-16 23:30:00,15,1,16,23,30,780,466,,48.929,1.992,Nuit sans éclairage public,Hors agglomération,Hors intersection,Pluie légère,Deux véhicules - frontale,,,,,,,,,,,3,1,1,2,1
201500012303,0015-04-18 13:00:00,15,4,18,13,0,780,466,RD153,,,Plein jour,En agglomération,Hors intersection,Normale,Deux véhicules - arrière,,,,,,,,,,,1,2,1,1,2
201500012304,0015-07-01 14:00:00,15,7,1,14,0,780,466,route de vernouillet,,,Plein jour,En agglomération,Hors intersection,Normale,Deux véhicules - côté,,,,,,,,,,,1,2,1,1,3
201500012305,0015-07-03 16:45:00,15,7,3,16,45,780,466,,,,Plein jour,Hors agglomération,Hors intersection,Normale,Deux véhicules - côté,,,,,,,,,,,1,1,1,1,3
201500012306,0015-01-14 13:00:00,15,1,14,13,0,330,122,,44.6999,-0.70311,Plein jour,Hors agglomération,Hors intersection,Normale,Deux véhicules - frontale,,,,,,,,,,,1,1,1,1,1
201500012307,0015-03-04 18:45:00,15,3,4,18,45,330,122,7 chemin bellemer,44.7723,-0.69733,Crépuscule ou aube,En agglomération,Autre intersection,Temps éblouissant,Autre collision,,,,,,,,,,,2,2,9,7,6
201500012308,0015-04-08 16:00:00,15,4,8,16,0,330,90,RD14 E3,44.76525,-0.6685,Plein jour,Hors agglomération,Intersection en T,Normale,Deux véhicules - côté,,,,,,,,,,,1,1,3,1,3
201500012309,0015-04-11 03:15:00,15,4,11,3,15,330,122,,44.67451,-0.729,Nuit sans éclairage public,Hors agglomération,Autre intersection,Normale,Autre collision,,,,,,,,,,,3,1,9,1,6
201500012310,0015-06-11 13:00:00,15,6,11,13,0,330,122,,44.74594,-0.76608,Plein jour,Hors agglomération,Hors intersection,Normale,Autre collision,,,,,,,,,,,1,1,1,1,6
201500012311,0015-06-24 03:30:00,15,6,24,3,30,330,122,Avenue du Baron Hausmann,44.74308,-0.65785,Nuit sans éclairage public,En agglomération,Hors intersection,Normale,Deux véhicules - arrière,,,,,,,,,,,3,2,1,1,2
201500012312,0015-12-07 15:30:00,15,12,7,15,30,330,122,avenue de Guitayne,44.765,-0.676,Plein jour,En agglomération,Hors intersection,Autre,Deux véhicules - côté,,,,,,,,,,,1,2,1,9,3
201500012313,0015-11-01 17:30:00,15,11,1,17,30,660,38,avenue des templiers,42.6552,2.83925,Plein jour,En agglomération,Intersection en T,Normale,Deux véhicules - côté,,,,,,,,,,,1,2,3,1,3
201500012314,0015-01-25 14:00:00,15,1,25,14,0,670,112,,,,Plein jour,Hors agglomération,Hors intersection,Normale,Autre collision,,,,,,,,,,,1,1,1,1,6
201500012315,0015-03-02 02:00:00,15,3,2,2,0,670,462,,,,Nuit sans éclairage public,Hors agglomération,Hors intersection,Pluie légère,Deux véhicules - arrière,,,,,,,,,,,3,1,1,2,2
201500012316,0015-04-28 11:45:00,15,4,28,11,45,670,239,,,,Plein jour,Hors agglomération,Hors intersection,Normale,Deux véhicules - frontale,,,,,,,,,,,1,1,1,1,1
201500012317,0015-05-06 09:45:00,15,5,6,9,45,670,115,,,,Plein jour,Hors agglomération,Hors intersection,Normale,Autre collision,,,,,,,,,,,1,1,1,1,6
201500012318,0015-05-27 13:45:00,15,5,27,13,45,670,481,,,,Plein jour,Hors agglomération,Hors intersection,Normale,Trois véhicules et plus - en chaîne,,,,,,,,,,,1,1,1,1,4
201500012319,0015-06-04 10:40:00,15,6,4,10,40,670,73,,,,Plein jour,Hors agglomération,Hors intersection,Normale,Autre collision,,,,,,,,,,,1,1,1,1,6
201500012320,0015-07-22 14:45:00,15,7,22,14,45,670,101,"PV,SENS MOLSHEIM/STRASBG",,,Plein jour,Hors agglomération,Hors intersection,Normale,Deux véhicules - arrière,,,,,,,,,,,1,1,1,1,2
201500012321,0015-08-11 13:00:00,15,8,11,13,0,670,462,,,,Plein jour,Hors agglomération,Autre intersection,Normale,Deux véhicules - arrière,,,,,,,,,,,1,1,9,1,2
201500012322,0015-11-04 18:00:00,15,11,4,18,0,670,73,,,,Nuit sans éclairage public,Hors agglomération,Hors intersection,Normale,Trois véhicules et plus - collisions multiples,,,,,,,,,,,3,1,1,1,5
201500012323,0015-11-21 12:30:00,15,11,21,12,30,670,10,rue du Maréchal Joffre,,,Plein jour,En agglomération,Hors intersection,Normale,Autre collision,,,,,,,,,,,1,2,1,1,6
201500012324,0015-12-08 11:45:00,15,12,8,11,45,670,239,,,,Plein jour,Hors agglomération,Hors intersection,Normale,Deux véhicules - frontale,,,,,,,,,,,1,1,1,1,1
201500012325,0015-04-13 14:30:00,15,4,13,14,30,790,231,,46.36976,-0.21921,Plein jour,Hors agglomération,Hors intersection,Normale,Autre collision,,,,,,,,,,,1,1,1,1,6
201500012326,0015-06-28 16:30:00,15,6,28,16,30,790,189,,46.40434,-0.15305,Plein jour,Hors agglomération,Hors intersection,Normale,Deux véhicules - arrière,,,,,,,,,,,1,1,1,1,2
201500012327,0015-10-05 09:00:00,15,10,5,9,0,790,276,,46.38864,-0.20034,Plein jour,Hors agglomération,Hors intersection,Pluie forte,Deux véhicules - arrière,,,,,,,,,,,1,1,1,3,2
201500012328,0015-10-21 16:15:00,15,10,21,16,15,790,283,,46.36392,-0.2598,Plein jour,Hors agglomération,Hors intersection,Normale,Deux véhicules - arrière,,,,,,,,,,,1,1,1,1,2
201500012329,0015-11-27 22:00:00,15,11,27,22,0,790,316,,46.41671,-0.11159,Nuit sans éclairage public,Hors agglomération,Hors intersection,Pluie légère,Deux véhicules - arrière,,,,,,,,,,,3,1,1,2,2
201500012330,0015-01-18 17:15:00,15,1,18,17,15,170,50,,45.47894,-0.61936,Plein jour,Hors agglomération,Hors intersection,Normale,Autre collision,,,,,,,,,,,1,1,1,1,6
201500012331,0015-03-07 05:30:00,15,3,7,5,30,330,321,,,,Crépuscule ou aube,Hors agglomération,Hors intersection,Normale,Deux véhicules - arrière,,,,,,,,,,,2,1,1,1,2
201500012332,0015-08-07 17:00:00,15,8,7,17,0,170,50,,45.45667,-0.61661,Plein jour,Hors agglomération,Hors intersection,Normale,Sans collision,,,,,,,,,,,1,1,1,1,7
201500012333,0015-08-14 20:00:00,15,8,14,20,0,330,351,,45.2125,-0.50517,Plein jour,Hors agglomération,Hors intersection,Normale,Autre collision,,,,,,,,,,,1,1,1,1,6
201500012334,0015-10-07 07:45:00,15,10,7,7,45,170,236,,,,Crépuscule ou aube,Hors agglomération,Hors intersection,Normale,Autre collision,,,,,,,,,,,2,1,1,1,6
201500012335,0015-06-10 13:00:00,15,6,10,13,0,201,139,,41.63825,9.33585,Plein jour,Hors agglomération,Giratoire,Normale,Deux véhicules - côté,,,,,,,,,,,1,1,6,1,3
201500012336,0015-07-14 06:45:00,15,7,14,6,45,201,269,rt 10,,,Plein jour,En agglomération,Hors intersection,Normale,Deux véhicules - côté,,,,,,,,,,,1,2,1,1,3
201500012337,0015-08-16 16:00:00,15,8,16,16,0,201,269,,41.80673,9.39831,Plein jour,Hors agglomération,Hors intersection,Normale,Trois véhicules et plus - collisions multiples,,,,,,,,,,,1,1,1,1,5
201500012338,0015-09-13 18:30:00,15,9,13,18,30,201,139,route de Pinarello,41.68695,9.36556,Plein jour,En agglomération,Hors intersection,Normale,Deux véhicules - côté,,,,,,,,,,,1,2,1,1,3
201500012339,0015-01-10 10:30:00,15,1,10,10,30,740,67,456 ROUTE DU CREVON,,,Plein jour,Hors agglomération,Hors intersection,Normale,Sans collision,,,,,,,,,,,1,1,1,1,7
201500012340,0015-02-09 17:45:00,15,2,9,17,45,740,186,,,,Plein jour,Hors agglomération,Hors intersection,Temps éblouissant,Autre collision,,,,,,,,,,,1,1,1,7,6
201500012341,0015-03-12 13:45:00,15,3,12,13,45,740,268,ROUTE QUITAL/GRAND CHENE,,,Plein jour,Hors agglomération,Intersection en T,Normale,Deux véhicules - frontale,,,,,,,,,,,1,1,3,1,1
201500012342,0015-06-27 10:30:00,15,6,27,10,30,740,268,CHEMIN DU CHAMP DE L'ALE,,,Plein jour,Hors agglomération,Intersection en T,Normale,Deux véhicules - côté,,,,,,,,,,,1,1,3,1,3
201500012343,0015-07-12 14:15:00,15,7,12,14,15,740,268,140 AV D'AIX LES BAINS,,,Plein jour,En agglomération,Hors intersection,Normale,Deux véhicules - côté,,,,,,,,,,,1,2,1,1,3
201500012344,0015-08-22 23:45:00,15,8,22,23,45,740,67,,,,Nuit sans éclairage public,Hors agglomération,Giratoire,Normale,Sans collision,,,,,,,,,,,3,1,6,1,7
201500012345,0015-11-10 09:00:00,15,11,10,9,0,740,268,Rue du Val Vert,,,Plein jour,En agglomération,Giratoire,Normale,Autre collision,,,,,,,,,,,1,2,6,1,6
201500012346,0015-12-01 14:30:00,15,12,1,14,30,740,268,GIRATOIRE AV DES REGAINS,,,Plein jour,En agglomération,Giratoire,Normale,Autre collision,,,,,,,,,,,1,2,6,1,6
201500012347,0015-12-08 05:30:00,15,12,8,5,30,740,268,LE TREIGE,,,Nuit sans éclairage public,En agglomération,Hors intersection,Brouillard / fumée,Deux véhicules - arrière,,,,,,,,,,,3,2,1,5,2
201500012348,0015-04-11 04:45:00,15,4,11,4,45,690,288,,,,Nuit sans éclairage public,Hors agglomération,Hors intersection,Normale,Deux véhicules - frontale,,,,,,,,,,,3,1,1,1,1
201500012349,0015-07-10 14:45:00,15,7,10,14,45,10,142,,,,Plein jour,Hors agglomération,Hors intersection,Normale,Deux véhicules - arrière,,,,,,,,,,,1,1,1,1,2
201500012350,0015-10-09 07:45:00,15,10,9,7,45,10,89,,,,Crépuscule ou aube,Hors agglomération,Hors intersection,Normale,Deux véhicules - côté,,,,,,,,,,,2,1,1,1,3
201500012351,0015-10-12 09:45:00,15,10,12,9,45,690,280,,,,Plein jour,Hors agglomération,Hors intersection,Normale,Deux véhicules - arrière,,,,,,,,,,,1,1,1,1,2
201500012352,0015-12-04 22:15:00,15,12,4,22,15,380,557,,,,Nuit sans éclairage public,Hors agglomération,Hors intersection,Brouillard / fumée,Trois véhicules et plus - collisions multiples,,,,,,,,,,,3,1,1,5,5
201500012353,0015-12-24 05:30:00,15,12,24,5,30,10,32,,,,Nuit sans éclairage public,Hors agglomération,Hors intersection,Normale,Trois véhicules et plus - collisions multiples,,,,,,,,,,,3,1,1,1,5