accident_id,datetime,annee,mois,jour,heure,minute,departement,commune_insee,adresse,latitude,longitude,luminosite,agglomeration,intersection,meteo,collision,nb_vehicules,nb_usagers,nb_indemnes,nb_tues,nb_blesses_hosp,nb_blesses_legers,age_cond_1,age_cond_2,veh_type_cond_1,veh_type_cond_2,lum_code,agg_code,int_code,atm_code,col_code
201500012354,0015-03-20 07:15:00,15,3,20,7,15,370,194,,,,Crépuscule ou aube,Hors agglomération,Hors intersection,Normale,Deux véhicules - arrière,,,,,,,,,,,2,1,1,1,2
201500012355,0015-11-27 18:00:00,15,11,27,18,0,370,27,LES VALLEES,,,Nuit sans éclairage public,Hors agglomération,Hors intersection,Pluie légère,Deux véhicules - frontale,,,,,,,,,,,3,1,1,2,1
201500012356,0015-01-09 16:30:00,15,1,9,16,30,420,279,,45.47158,4.2707,Plein jour,Hors agglomération,Hors intersection,Normale,Deux véhicules - côté,,,,,,,,,,,1,1,1,1,3
201500012357,0015-01-18 17:00:00,15,1,18,17,0,420,279,route de st-c?me,45.50956,4.2384,Nuit avec éclairage non allumé,En agglomération,Hors intersection,Normale,Autre collision,,,,,,,,,,,4,2,1,1,6
201500012358,0015-02-11 08:00:00,15,2,11,8,0,420,256,,45.48645,4.14893,Plein jour,Hors agglomération,Hors intersection,Normale,Deux véhicules - frontale,,,,,,,,,,,1,1,1,1,1
201500012359,0015-04-10 18:30:00,15,4,10,18,30,420,279,58 route de bonson,45.50397,4.24985,Plein jour,En agglomération,Intersection en X,Normale,Deux véhicules - côté,,,,,,,,,,,1,2,2,1,3
201500012360,0015-05-10 04:00:00,15,5,10,4,0,420,256,,45.48287,4.15103,Nuit sans éclairage public,Hors agglomération,Hors intersection,Normale,Autre collision,,,,,,,,,,,3,1,1,1,6
201500012361,0015-07-06 17:15:00,15,7,6,17,15,420,279,avenue mellet mandard,45.50199,4.25468,Plein jour,En agglomération,Hors intersection,Normale,Autre collision,,,,,,,,,,,1,2,1,1,6
201500012362,0015-09-27 22:15:00,15,9,27,22,15,420,256,,45.49227,4.15954,Nuit sans éclairage public,Hors agglomération,Hors intersection,Normale,Deux véhicules - côté,,,,,,,,,,,3,1,1,1,3
201500012363,0015-10-28 17:30:00,15,10,28,17,30,420,279,,45.48717,4.24318,Nuit sans éclairage public,En agglomération,Hors intersection,Normale,Deux véhicules - côté,,,,,,,,,,,3,2,1,1,3
201500012364,0015-11-06 13:45:00,15,11,6,13,45,420,169,,45.44507,4.11301,Plein jour,Hors agglomération,Hors intersection,Normale,Deux véhicules - côté,,,,,,,,,,,1,1,1,1,3
201500012365,0015-11-16 16:30:00,15,11,16,16,30,420,279,,45.49987,4.24285,Plein jour,En agglomération,Hors intersection,Normale,Autre collision,,,,,,,,,,,1,2,1,1,6
201500012366,0015-11-26 08:00:00,15,11,26,8,0,420,42,,45.47786,4.242,Plein jour,Hors agglomération,Hors intersection,Temps couvert,Deux véhicules - côté,,,,,,,,,,,1,1,1,8,3
201500012367,0015-12-19 15:45:00,15,12,19,15,45,420,279,route de BONSON,,,Plein jour,En agglomération,Hors intersection,Normale,Deux véhicules - côté,,,,,,,,,,,1,2,1,1,3
201500012368,0015-09-07 15:30:00,15,9,7,15,30,760,276,R DE NEUFCHATEL,49.61834,1.53838,Plein jour,En agglomération,Intersection en T,Normale,Sans collision,,,,,,,,,,,1,2,3,1,7
201500012369,0015-02-18 20:30:00,15,2,18,20,30,910,135,D153,,,Nuit avec éclairage allumé,Hors agglomération,Hors intersection,Normale,Autre collision,,,,,,,,,,,5,1,1,1,6
201500012370,0015-03-20 17:00:00,15,3,20,17,0,910,244,RD 191,,,Plein jour,Hors agglomération,Hors intersection,Temps éblouissant,Deux véhicules - côté,,,,,,,,,,,1,1,1,7,3
201500012371,0015-04-04 09:00:00,15,4,4,9,0,910,45,RD 191,,,Plein jour,Hors agglomération,Hors intersection,Normale,Deux véhicules - frontale,,,,,,,,,,,1,1,1,1,1
201500012372,0015-06-07 11:30:00,15,6,7,11,30,910,649,RD 26,48.55,2.356,Plein jour,Hors agglomération,Hors intersection,Normale,Trois véhicules et plus - collisions multiples,,,,,,,,,,,1,1,1,1,5
201500012373,0015-06-16 17:30:00,15,6,16,17,30,910,244,RD 191,,,Plein jour,Hors agglomération,Hors intersection,Normale,Deux véhicules - frontale,,,,,,,,,,,1,1,1,1,1
201500012374,0015-06-26 01:00:00,15,6,26,1,0,910,135,Route de Chevanne,48.526,2.44,Nuit sans éclairage public,Hors agglomération,Hors intersection,Normale,Autre collision,,,,,,,,,,,3,1,1,1,6
201500012375,0015-09-04 17:30:00,15,9,4,17,30,910,37,RD 74,,,Plein jour,Hors agglomération,Hors intersection,Temps couvert,Sans collision,,,,,,,,,,,1,1,1,8,7
201500012376,0015-09-29 17:45:00,15,9,29,17,45,910,159,RUE ST MARTIN,,,Plein jour,En agglomération,Giratoire,Normale,Deux véhicules - côté,,,,,,,,,,,1,2,6,1,3
201500012377,0015-11-25 10:45:00,15,11,25,10,45,910,45,RD191,,,Plein jour,Hors agglomération,Hors intersection,Pluie légère,Sans collision,,,,,,,,,,,1,1,1,2,7
201500012378,0015-05-09 18:15:00,15,5,9,18,15,510,333,D9,49.14593,4.09583,Plein jour,Hors agglomération,Hors intersection,Normale,Sans collision,,,,,,,,,,,1,1,1,1,7
201500012379,0015-06-28 15:15:00,15,6,28,15,15,510,571,D944,49.14429,4.21949,Plein jour,Hors agglomération,Hors intersection,Normale,Deux véhicules - frontale,,,,,,,,,,,1,1,1,1,1
201500012380,0015-07-16 17:30:00,15,7,16,17,30,510,115,D951/VC,49.19464,4.01302,Plein jour,Hors agglomération,Intersection en T,Normale,Deux véhicules - côté,,,,,,,,,,,1,1,3,1,3
201500012381,0015-07-19 10:00:00,15,7,19,10,0,510,428,D944,49.12467,4.24217,Plein jour,Hors agglomération,Hors intersection,Normale,Deux véhicules - frontale,,,,,,,,,,,1,1,1,1,1
201500012382,0015-08-03 02:45:00,15,8,3,2,45,510,333,D9,49.16481,4.08796,Nuit sans éclairage public,Hors agglomération,Hors intersection,Normale,Autre collision,,,,,,,,,,,3,1,1,1,6
201500012383,0015-09-26 23:30:00,15,9,26,23,30,510,447,D37,49.18412,4.28731,Nuit sans éclairage public,Hors agglomération,Hors intersection,Normale,Sans collision,,,,,,,,,,,3,1,1,1,7
201500012384,0015-08-02 12:45:00,15,8,2,12,45,310,157,rue de la vieille église,43.53341,1.34388,Plein jour,En agglomération,Hors intersection,Normale,Deux véhicules - frontale,,,,,,,,,,,1,2,1,1,1
201500012385,0015-11-20 09:15:00,15,11,20,9,15,310,157,97 rte de Tournefeuille,43.55832,1.33466,Plein jour,En agglomération,Hors intersection,Normale,Autre collision,,,,,,,,,,,1,2,1,1,6
201500012386,0015-12-30 10:30:00,15,12,30,10,30,310,157,Place de l'Eglise,,,Plein jour,En agglomération,Hors intersection,Temps éblouissant,Autre collision,,,,,,,,,,,1,2,1,7,6
201500012387,0015-01-04 08:45:00,15,1,4,8,45,60,152,,,,Plein jour,Hors agglomération,Hors intersection,Temps couvert,Sans collision,,,,,,,,,,,1,1,1,8,7
201500012388,0015-12-29 09:15:00,15,12,29,9,15,60,152,,,,Plein jour,Hors agglomération,Hors intersection,Temps couvert,Autre collision,,,,,,,,,,,1,1,1,8,6
201500012389,0015-02-07 10:30:00,15,2,7,10,30,60,152,,43.6064,7.05411,Plein jour,Hors agglomération,Hors intersection,Normale,Sans collision,,,,,,,,,,,1,1,1,1,7
201500012390,0015-02-02 11:45:00,15,2,2,11,45,60,152,290 rue F. DOSTOIEVSKI,43.61423,7.05851,Plein jour,En agglomération,Hors intersection,Temps éblouissant,Deux véhicules - frontale,,,,,,,,,,,1,2,1,7,1
201500012391,0015-02-11 08:45:00,15,2,11,8,45,60,18,Route de la Mer,43.62447,7.10354,Plein jour,En agglomération,Hors intersection,Temps éblouissant,Deux véhicules - frontale,,,,,,,,,,,1,2,1,7,1
201500012392,0015-03-23 17:15:00,15,3,23,17,15,60,152,,,,Plein jour,Hors agglomération,Hors intersection,Normale,Deux véhicules - côté,,,,,,,,,,,1,1,1,1,3
201500012393,0015-03-28 08:15:00,15,3,28,8,15,60,152,,,,Plein jour,Hors agglomération,Hors intersection,Normale,Autre collision,,,,,,,,,,,1,1,1,1,6
201500012394,0015-03-26 10:15:00,15,3,26,10,15,60,152,route des dolines,,,Plein jour,En agglomération,Hors intersection,Normale,Deux véhicules - côté,,,,,,,,,,,1,2,1,1,3
201500012395,0015-04-10 09:30:00,15,4,10,9,30,60,152,11 boulevard CARNOT,43.64245,7.00848,Plein jour,En agglomération,Hors intersection,Normale,Sans collision,,,,,,,,,,,1,2,1,1,7
201500012396,0015-04-26 06:15:00,15,4,26,6,15,60,152,,,,Crépuscule ou aube,Hors agglomération,Hors intersection,Normale,Autre collision,,,,,,,,,,,2,1,1,1,6
201500012397,0015-05-08 21:30:00,15,5,8,21,30,60,18,Route des Chappes,,,Nuit sans éclairage public,En agglomération,Hors intersection,Normale,Autre collision,,,,,,,,,,,3,2,1,1,6
201500012398,0015-05-27 14:15:00,15,5,27,14,15,60,152,,,,Plein jour,Hors agglomération,Hors intersection,Normale,Deux véhicules - frontale,,,,,,,,,,,1,1,1,1,1
201500012399,0015-06-19 05:45:00,15,6,19,5,45,60,152,,,,Crépuscule ou aube,Hors agglomération,Hors intersection,Normale,Autre collision,,,,,,,,,,,2,1,1,1,6
201500012400,0015-07-31 21:00:00,15,7,31,21,0,60,152,,,,Plein jour,Hors agglomération,Hors intersection,Normale,Deux véhicules - frontale,,,,,,,,,,,1,1,1,1,1
201500012401,0015-08-20 12:30:00,15,8,20,12,30,60,152,,,,Plein jour,Hors agglomération,Hors intersection,Normale,Deux véhicules - frontale,,,,,,,,,,,1,1,1,1,1
201500012402,0015-08-21 17:15:00,15,8,21,17,15,60,18,,,,Plein jour,En agglomération,Hors intersection,Normale,Deux véhicules - frontale,,,,,,,,,,,1,2,1,1,1
201500012403,0015-10-12 07:15:00,15,10,12,7,15,60,152,route des Dolines,,,Nuit sans éclairage public,En agglomération,Hors intersection,Normale,Autre collision,,,,,,,,,,,3,2,1,1,6
201500012404,0015-10-25 01:30:00,15,10,25,1,30,60,152,avenue Maurice Donat,,,Nuit sans éclairage public,En agglomération,Hors intersection,Normale,Autre collision,,,,,,,,,,,3,2,1,1,6
201500012405,0015-10-23 15:00:00,15,10,23,15,0,60,18,14 Chemin Neuf - RD 4,,,Plein jour,En agglomération,Hors intersection,Temps éblouissant,Deux véhicules - côté,,,,,,,,,,,1,2,1,7,3
201500012406,0015-04-20 08:45:00,15,4,20,8,45,690,33,,45.8686,4.88203,Plein jour,Hors agglomération,Hors intersection,Normale,Deux véhicules - frontale,,,,,,,,,,,1,1,1,1,1
201500012407,0015-05-07 19:00:00,15,5,7,19,0,690,88,Quai Jean Baptiste,45.8289,4.8536,Plein jour,En agglomération,Hors intersection,Normale,Autre collision,,,,,,,,,,,1,2,1,1,6
201500012408,0015-02-08 15:15:00,15,2,8,15,15,690,244,Route de Paris,45.768,4.769,Plein jour,En agglomération,Hors intersection,Normale,Deux véhicules - côté,,,,,,,,,,,1,2,1,1,3
201500012409,0015-02-09 17:15:00,15,2,9,17,15,690,244,"150, Rue Joliot Curie",,,Plein jour,En agglomération,Hors intersection,Normale,Deux véhicules - arrière,,,,,,,,,,,1,2,1,1,2
201500012410,0015-02-12 07:45:00,15,2,12,7,45,690,244,175 ROUTE DE SAINT BEL,,,Plein jour,En agglomération,Hors intersection,Normale,Autre collision,,,,,,,,,,,1,2,1,1,6
201500012411,0015-03-10 20:15:00,15,3,10,20,15,690,244,Rue F?lix Finat Duclos,45.762,4.758,Nuit avec éclairage allumé,En agglomération,Hors intersection,Normale,Trois véhicules et plus - collisions multiples,,,,,,,,,,,5,2,1,1,5
201500012412,0015-03-19 10:45:00,15,3,19,10,45,690,244,13 CONSTELLATION,45.753,4.805,Plein jour,En agglomération,Hors intersection,Normale,Deux véhicules - arrière,,,,,,,,,,,1,2,1,1,2
201500012413,0015-04-13 08:15:00,15,4,13,8,15,690,244,rue joliot curie,,,Plein jour,En agglomération,Hors intersection,Normale,Deux véhicules - côté,,,,,,,,,,,1,2,1,1,3
201500012414,0015-04-18 23:15:00,15,4,18,23,15,690,244,,,,Nuit avec éclairage allumé,Hors agglomération,Hors intersection,Normale,Deux véhicules - côté,,,,,,,,,,,5,1,1,1,3
201500012415,0015-04-23 18:00:00,15,4,23,18,0,690,244,17 avenue victor hugo,45.774,4.789,Plein jour,En agglomération,Hors intersection,Normale,Deux véhicules - côté,,,,,,,,,,,1,2,1,1,3
201500012416,0015-05-21 09:00:00,15,5,21,9,0,690,244,Chemin Finat Duclos,,,Plein jour,En agglomération,Hors intersection,Normale,Deux véhicules - côté,,,,,,,,,,,1,2,1,1,3
201500012417,0015-08-31 19:30:00,15,8,31,19,30,690,244,Route de Brignais,,,Plein jour,En agglomération,Hors intersection,Normale,Deux véhicules - côté,,,,,,,,,,,1,2,1,1,3
201500012418,0015-10-23 08:30:00,15,10,23,8,30,690,244,46 avenue victor hugo,45.77,4.785,Plein jour,En agglomération,Hors intersection,Normale,Deux véhicules - côté,,,,,,,,,,,1,2,1,1,3
201500012419,0015-11-14 22:30:00,15,11,14,22,30,690,244,rue joliot curie,45.7526,4.77065,Nuit avec éclairage allumé,En agglomération,Intersection en X,Normale,Deux véhicules - côté,,,,,,,,,,,5,2,2,1,3
201500012420,0015-11-30 06:45:00,15,11,30,6,45,690,244,Avenue Victor HUGO,,,Nuit avec éclairage allumé,En agglomération,Hors intersection,Normale,Deux véhicules - frontale,,,,,,,,,,,5,2,1,1,1
201500012421,0015-12-16 18:15:00,15,12,16,18,15,690,44,Avenue Lamartine,,,Nuit avec éclairage allumé,En agglomération,Hors intersection,Brouillard / fumée,Deux véhicules - côté,,,,,,,,,,,5,2,1,5,3
201500012422,0015-01-22 07:30:00,15,1,22,7,30,380,378,,,,Nuit avec éclairage allumé,Hors agglomération,Hors intersection,Pluie légère,Autre collision,,,,,,,,,,,5,1,1,2,6
201500012423,0015-02-17 18:00:00,15,2,17,18,0,380,378,,,,Crépuscule ou aube,Hors agglomération,Hors intersection,Normale,Deux véhicules - côté,,,,,,,,,,,2,1,1,1,3
201500012424,0015-02-21 14:15:00,15,2,21,14,15,380,19,,,,Plein jour,Hors agglomération,Hors intersection,Normale,Deux véhicules - arrière,,,,,,,,,,,1,1,1,1,2
201500012425,0015-04-24 18:45:00,15,4,24,18,45,380,378,route de glay,,,Plein jour,En agglomération,Hors intersection,Normale,Deux véhicules - frontale,,,,,,,,,,,1,2,1,1,1
201500012426,0015-06-03 11:30:00,15,6,3,11,30,380,114,Route d'Auberives,,,Plein jour,En agglomération,Intersection en X,Normale,Deux véhicules - côté,,,,,,,,,,,1,2,2,1,3
201500012427,0015-07-12 08:00:00,15,7,12,8,0,380,448,rue du village CD 37,,,Plein jour,En agglomération,Hors intersection,Normale,Deux véhicules - frontale,,,,,,,,,,,1,2,1,1,1
201500012428,0015-10-06 00:01:00,15,10,6,0,1,380,378,,,,Nuit sans éclairage public,Hors agglomération,Hors intersection,Temps couvert,Autre collision,,,,,,,,,,,3,1,1,8,6
201500012429,0015-01-17 16:15:00,15,1,17,16,15,740,282,,,,Plein jour,Hors agglomération,Hors intersection,Neige / grêle,Autre collision,,,,,,,,,,,1,1,1,4,6
201500012430,0015-05-29 21:45:00,15,5,29,21,45,740,11,AVENUE DU PETIT PORT,,,Nuit avec éclairage allumé,En agglomération,Intersection en T,Pluie forte,Autre collision,,,,,,,,,,,5,2,3,3,6
201500012431,0015-07-21 19:30:00,15,7,21,19,30,740,299,ROUTE D'ANNECY,,,Plein jour,En agglomération,Hors intersection,Normale,Deux véhicules - arrière,,,,,,,,,,,1,2,1,1,2
201500012432,0015-09-02 19:30:00,15,9,2,19,30,740,11,,,,Plein jour,Hors agglomération,Hors intersection,Normale,Sans collision,,,,,,,,,,,1,1,1,1,7
201500012433,0015-12-01 19:15:00,15,12,1,19,15,740,11,ROUTE DU PETIT PORT,,,Nuit avec éclairage allumé,En agglomération,Hors intersection,Normale,Autre collision,,,,,,,,,,,5,2,1,1,6
201500012434,0015-12-27 17:45:00,15,12,27,17,45,340,116,,43.63576,3.75875,Nuit sans éclairage public,Hors agglomération,Giratoire,Normale,Deux véhicules - arrière,,,,,,,,,,,3,1,6,1,2
201500012435,0015-01-27 08:15:00,15,1,27,8,15,340,320,,43.64114,3.72576,Plein jour,Hors agglomération,Hors intersection,Normale,Deux véhicules - frontale,,,,,,,,,,,1,1,1,1,1
201500012436,0015-02-20 20:45:00,15,2,20,20,45,340,153,,43.73876,3.78597,Nuit sans éclairage public,Hors agglomération,Hors intersection,Temps couvert,Autre collision,,,,,,,,,,,3,1,1,8,6
201500012437,0015-07-09 20:30:00,15,7,9,20,30,340,82,,43.6625,3.77015,Plein jour,Hors agglomération,Hors intersection,Normale,Sans collision,,,,,,,,,,,1,1,1,1,7
201500012438,0015-09-21 13:30:00,15,9,21,13,30,340,82,,43.66399,3.79619,Plein jour,Hors agglomération,Hors intersection,Normale,Autre collision,,,,,,,,,,,1,1,1,1,6
201500012439,0015-10-20 17:30:00,15,10,20,17,30,340,153,,43.7329,3.82144,Crépuscule ou aube,Hors agglomération,Hors intersection,Normale,Deux véhicules - arrière,,,,,,,,,,,2,1,1,1,2
201500012440,0015-11-30 18:15:00,15,11,30,18,15,340,255,,43.67752,3.82095,Nuit sans éclairage public,Hors agglomération,Hors intersection,Normale,Deux véhicules - frontale,,,,,,,,,,,3,1,1,1,1
201500012441,0015-12-28 17:45:00,15,12,28,17,45,340,116,403 rue de la valsiere,43.64961,3.83312,Nuit avec éclairage allumé,En agglomération,Hors intersection,Normale,Deux véhicules - frontale,,,,,,,,,,,5,2,1,1,1
201500012442,0015-03-07 05:00:00,15,3,7,5,0,10,29,,,,Nuit sans éclairage public,Hors agglomération,Hors intersection,Normale,Sans collision,,,,,,,,,,,3,1,1,1,7
201500012443,0015-03-07 16:30:00,15,3,7,16,30,10,304,,,,Plein jour,Hors agglomération,Hors intersection,Normale,Deux véhicules - arrière,,,,,,,,,,,1,1,1,1,2
201500012444,0015-04-06 06:15:00,15,4,6,6,15,10,151,,,,Nuit sans éclairage public,Hors agglomération,Hors intersection,Normale,Autre collision,,,,,,,,,,,3,1,1,1,6
201500012445,0015-04-06 17:15:00,15,4,6,17,15,10,115,,46.25673,5.05062,Plein jour,Hors agglomération,Hors intersection,Normale,Deux véhicules - côté,,,,,,,,,,,1,1,1,1,3
201500012446,0015-05-07 08:45:00,15,5,7,8,45,10,451,,46.25344,5.25328,Plein jour,Hors agglomération,Hors intersection,Normale,Sans collision,,,,,,,,,,,1,1,1,1,7
201500012447,0015-06-29 14:30:00,15,6,29,14,30,10,422,,,,Plein jour,Hors agglomération,Hors intersection,Normale,Trois véhicules et plus - collisions multiples,,,,,,,,,,,1,1,1,1,5
201500012448,0015-07-06 07:15:00,15,7,6,7,15,10,69,,,,Plein jour,Hors agglomération,Hors intersection,Normale,Deux véhicules - arrière,,,,,,,,,,,1,1,1,1,2
201500012449,0015-07-11 10:30:00,15,7,11,10,30,10,232,,,,Plein jour,Hors agglomération,Hors intersection,Normale,Autre collision,,,,,,,,,,,1,1,1,1,6
201500012450,0015-08-03 17:45:00,15,8,3,17,45,10,29,,,,Plein jour,Hors agglomération,Hors intersection,Normale,Deux véhicules - arrière,,,,,,,,,,,1,1,1,1,2
201500012451,0015-09-06 08:00:00,15,9,6,8,0,10,304,,,,Plein jour,Hors agglomération,Hors intersection,Normale,Autre collision,,,,,,,,,,,1,1,1,1,6
201500012452,0015-09-12 12:15:00,15,9,12,12,15,10,115,,,,Plein jour,Hors agglomération,Intersection en X,Temps couvert,Deux véhicules - côté,,,,,,,,,,,1,1,2,8,3
201500012453,0015-10-03 15:15:00,15,10,3,15,15,10,38,,,,Plein jour,Hors agglomération,Hors intersection,Pluie légère,Sans collision,,,,,,,,,,,1,1,1,2,7
201500012454,0015-11-20 18:30:00,15,11,20,18,30,10,24,,,,Nuit sans éclairage public,Hors agglomération,Hors intersection,Pluie forte,Deux véhicules - côté,,,,,,,,,,,3,1,1,3,3
201500012455,0015-12-22 06:30:00,15,12,22,6,30,10,151,,,,Nuit sans éclairage public,Hors agglomération,Hors intersection,Normale,Trois véhicules et plus - en chaîne,,,,,,,,,,,3,1,1,1,4
201500012456,0015-03-30 19:30:00,15,3,30,19,30,780,233,,,,Plein jour,Hors agglomération,Hors intersection,Normale,Trois véhicules et plus - en chaîne,,,,,,,,,,,1,1,1,1,4
201500012457,0015-06-01 16:30:00,15,6,1,16,30,780,152,10 Allée de la Fontaine,,,Plein jour,En agglomération,Hors intersection,Normale,Deux véhicules - frontale,,,,,,,,,,,1,2,1,1,1
201500012458,0015-06-06 17:30:00,15,6,6,17,30,780,571,,,,Plein jour,Hors agglomération,Hors intersection,Normale,Deux véhicules - frontale,,,,,,,,,,,1,1,1,1,1
201500012459,0015-07-03 18:15:00,15,7,3,18,15,780,233,RD307,,,Plein jour,En agglomération,Hors intersection,Normale,Autre collision,,,,,,,,,,,1,2,1,1,6
201500012460,0015-09-05 12:30:00,15,9,5,12,30,780,233,,,,Plein jour,Hors agglomération,Hors intersection,Normale,Deux véhicules - frontale,,,,,,,,,,,1,1,1,1,1
201500012461,0015-09-19 14:00:00,15,9,19,14,0,780,233,,,,Plein jour,Hors agglomération,Hors intersection,Temps éblouissant,Autre collision,,,,,,,,,,,1,1,1,7,6
201500012462,0015-10-22 17:00:00,15,10,22,17,0,780,518,,,,Plein jour,Hors agglomération,Hors intersection,Pluie légère,Sans collision,,,,,,,,,,,1,1,1,2,7
201500012463,0015-03-22 07:15:00,15,3,22,7,15,130,118,,,,Plein jour,Hors agglomération,Hors intersection,Pluie légère,Trois véhicules et plus - collisions multiples,,,,,,,,,,,1,1,1,2,5
201500012464,0015-06-25 18:00:00,15,6,25,18,0,130,37,avenue maréchal foch,,,Plein jour,En agglomération,Hors intersection,Normale,Autre collision,,,,,,,,,,,1,2,1,1,6
201500012465,0015-10-29 11:15:00,15,10,29,11,15,130,118,avenue de la republique,,,Plein jour,En agglomération,Autre intersection,Normale,Autre collision,,,,,,,,,,,1,2,9,1,6
201500012466,0015-12-07 07:45:00,15,12,7,7,45,130,112,CD 20,,,Plein jour,En agglomération,Giratoire,Normale,Autre collision,,,,,,,,,,,1,2,6,1,6
201500012467,0015-12-17 08:45:00,15,12,17,8,45,130,37,départementale 113,,,Plein jour,En agglomération,Autre intersection,Normale,Deux véhicules - côté,,,,,,,,,,,1,2,9,1,3
201500012468,0015-01-31 18:30:00,15,1,31,18,30,950,353,RN1,49.0856,2.3125,Nuit sans éclairage public,Hors agglomération,Hors intersection,Pluie légère,Deux véhicules - arrière,,,,,,,,,,,3,1,1,2,2
201500012469,0015-05-27 15:30:00,15,5,27,15,30,950,353,RN1,,,Plein jour,En agglomération,Hors intersection,Normale,Deux véhicules - côté,,,,,,,,,,,1,2,1,1,3
201500012470,0015-07-10 23:30:00,15,7,10,23,30,950,61,RD 44,49.0598,2.2571,Nuit sans éclairage public,Hors agglomération,Hors intersection,Normale,Trois véhicules et plus - collisions multiples,,,,,,,,,,,3,1,1,1,5
201500012471,0015-09-17 16:30:00,15,9,17,16,30,950,678,R DE FREPILLON,49.0613,2.2187,Plein jour,Hors agglomération,Hors intersection,Pluie légère,Sans collision,,,,,,,,,,,1,1,1,2,7
201500012472,0015-07-27 16:00:00,15,7,27,16,0,90,159,,42.77052,1.73272,Plein jour,Hors agglomération,Hors intersection,Normale,Deux véhicules - frontale,,,,,,,,,,,1,1,1,1,1
201500012473,0015-11-19 14:15:00,15,11,19,14,15,90,139,,42.60633,1.81544,Plein jour,Hors agglomération,Hors intersection,Normale,Deux véhicules - côté,,,,,,,,,,,1,1,1,1,3
201500012474,0015-02-19 14:15:00,15,2,19,14,15,350,210,avenue pinault,48.1477,-1.77949,Plein jour,En agglomération,Hors intersection,Normale,Trois véhicules et plus - collisions multiples,,,,,,,,,,,1,2,1,1,5
201500012475,0015-05-03 11:00:00,15,5,3,11,0,350,189,,48.14565,-1.699,Plein jour,Hors agglomération,Hors intersection,Pluie légère,Sans collision,,,,,,,,,,,1,1,1,2,7
201500012476,0015-06-19 11:30:00,15,6,19,11,30,560,5,rue des embruns,47.54833,-2.90818,Plein jour,En agglomération,Hors intersection,Normale,Autre collision,,,,,,,,,,,1,2,1,1,6
201500012477,0015-06-24 17:00:00,15,6,24,17,0,560,240,Rue du Motenno,47.54949,-2.72079,Plein jour,En agglomération,Hors intersection,Normale,Autre collision,,,,,,,,,,,1,2,1,1,6
201500012478,0015-07-25 02:00:00,15,7,25,2,0,560,251,,,,Nuit sans éclairage public,Hors agglomération,Hors intersection,Temps couvert,Sans collision,,,,,,,,,,,3,1,1,8,7
201500012479,0015-08-01 12:15:00,15,8,1,12,15,560,214,AVENUE RAYMOND MARCELLIN,47.50987,-2.83821,Plein jour,En agglomération,Hors intersection,Normale,Autre collision,,,,,,,,,,,1,2,1,1,6
201500012480,0015-12-22 10:45:00,15,12,22,10,45,560,248,,47.59398,-2.62309,Plein jour,Hors agglomération,Hors intersection,Pluie forte,Deux véhicules - frontale,,,,,,,,,,,1,1,1,3,1
201500012481,0015-12-26 19:15:00,15,12,26,19,15,560,214,,47.50517,-2.81944,Nuit sans éclairage public,Hors agglomération,Hors intersection,Normale,Deux véhicules - frontale,,,,,,,,,,,3,1,1,1,1
201500012482,0015-02-23 23:45:00,15,2,23,23,45,420,20,,45.6176,4.20421,Nuit sans éclairage public,Hors agglomération,Hors intersection,Normale,Sans collision,,,,,,,,,,,3,1,1,1,7
201500012483,0015-06-16 08:30:00,15,6,16,8,30,420,38,,45.63896,4.18982,Plein jour,Hors agglomération,Hors intersection,Pluie légère,Deux véhicules - côté,,,,,,,,,,,1,1,1,2,3
201500012484,0015-06-21 23:45:00,15,6,21,23,45,420,130,,45.66729,4.16721,Nuit sans éclairage public,Hors agglomération,Hors intersection,Normale,Deux véhicules - arrière,,,,,,,,,,,3,1,1,1,2
201500012485,0015-07-13 14:00:00,15,7,13,14,0,420,155,,45.81662,4.11401,Plein jour,Hors agglomération,Hors intersection,Normale,Autre collision,,,,,,,,,,,1,1,1,1,6
201500012486,0015-11-16 23:00:00,15,11,16,23,0,420,38,,45.6489,4.18037,Nuit sans éclairage public,Hors agglomération,Hors intersection,Brouillard / fumée,Trois véhicules et plus - en chaîne,,,,,,,,,,,3,1,1,5,4
201500012487,0015-02-21 15:45:00,15,2,21,15,45,420,4,,45.85835,4.03578,Plein jour,Hors agglomération,Hors intersection,Normale,Sans collision,,,,,,,,,,,1,1,1,1,7
201500012488,0015-12-31 03:00:00,15,12,31,3,0,420,255,,45.87597,3.86262,Nuit sans éclairage public,Hors agglomération,Hors intersection,Normale,Autre collision,,,,,,,,,,,3,1,1,1,6
201500012489,0015-04-14 09:00:00,15,4,14,9,0,780,300,,,,Plein jour,Hors agglomération,Hors intersection,Normale,Deux véhicules - arrière,,,,,,,,,,,1,1,1,1,2