accident_id,datetime,annee,mois,jour,heure,minute,departement,commune_insee,adresse,latitude,longitude,luminosite,agglomeration,intersection,meteo,collision,nb_vehicules,nb_usagers,nb_indemnes,nb_tues,nb_blesses_hosp,nb_blesses_legers,age_cond_1,age_cond_2,veh_type_cond_1,veh_type_cond_2,lum_code,agg_code,int_code,atm_code,col_code
201500012490,0015-06-27 09:15:00,15,6,27,9,15,780,597,,,,Plein jour,Hors agglomération,Hors intersection,Normale,Deux véhicules - arrière,,,,,,,,,,,1,1,1,1,2
201500012491,0015-07-03 20:30:00,15,7,3,20,30,780,439,,,,Plein jour,Hors agglomération,Hors intersection,Normale,Sans collision,,,,,,,,,,,1,1,1,1,7
201500012492,0015-12-30 14:15:00,15,12,30,14,15,780,505,,,,Plein jour,Hors agglomération,Hors intersection,Normale,Autre collision,,,,,,,,,,,1,1,1,1,6
201500012493,0015-02-15 15:30:00,15,2,15,15,30,880,440,,48.26673,5.8633,Plein jour,Hors agglomération,Hors intersection,Normale,Autre collision,,,,,,,,,,,1,1,1,1,6
201500012494,0015-10-19 12:30:00,15,10,19,12,30,880,123,,48.10147,5.6459,Plein jour,Hors agglomération,Hors intersection,Normale,Deux véhicules - arrière,,,,,,,,,,,1,1,1,1,2
201500012495,0015-11-20 23:45:00,15,11,20,23,45,880,390,,48.13998,5.68166,Nuit sans éclairage public,Hors agglomération,Hors intersection,Pluie légère,Deux véhicules - arrière,,,,,,,,,,,3,1,1,2,2
201500012496,0015-06-03 14:45:00,15,6,3,14,45,380,553,Bd de VILLEFONTAINE,,,Plein jour,En agglomération,Hors intersection,Normale,Deux véhicules - côté,,,,,,,,,,,1,2,1,1,3
201500012497,0015-10-07 13:15:00,15,10,7,13,15,380,553,impasse du Ru,,,Plein jour,En agglomération,Hors intersection,Normale,Autre collision,,,,,,,,,,,1,2,1,1,6
201500012498,0015-10-17 15:45:00,15,10,17,15,45,380,553,26 chaussée du parc,,,Plein jour,En agglomération,Hors intersection,Normale,Autre collision,,,,,,,,,,,1,2,1,1,6
201500012499,0015-05-10 11:00:00,15,5,10,11,0,130,59,***,,,Plein jour,Hors agglomération,Hors intersection,Normale,Deux véhicules - arrière,,,,,,,,,,,1,1,1,1,2
201500012500,0015-06-15 08:00:00,15,6,15,8,0,130,1,***,,,Plein jour,Hors agglomération,Hors intersection,Normale,Trois véhicules et plus - en chaîne,,,,,,,,,,,1,1,1,1,4
201500012501,0015-06-13 17:30:00,15,6,13,17,30,130,113,***,,,Plein jour,Hors agglomération,Hors intersection,Pluie forte,Autre collision,,,,,,,,,,,1,1,1,3,6
201500012502,0015-10-14 17:00:00,15,10,14,17,0,130,113,**,,,Plein jour,Hors agglomération,Hors intersection,Normale,Deux véhicules - frontale,,,,,,,,,,,1,1,1,1,1
201500012503,0015-11-15 05:00:00,15,11,15,5,0,130,113,,,,Nuit sans éclairage public,Hors agglomération,Hors intersection,Normale,Autre collision,,,,,,,,,,,3,1,1,1,6
201500012504,0015-12-10 17:15:00,15,12,10,17,15,130,1,,,,Plein jour,Hors agglomération,Hors intersection,Temps couvert,Trois véhicules et plus - collisions multiples,,,,,,,,,,,1,1,1,8,5
201500012505,0015-12-20 07:15:00,15,12,20,7,15,130,113,,,,Nuit sans éclairage public,Hors agglomération,Hors intersection,Normale,Autre collision,,,,,,,,,,,3,1,1,1,6
201500012506,0015-05-28 06:00:00,15,5,28,6,0,180,140,,,,Crépuscule ou aube,Hors agglomération,Hors intersection,Normale,Autre collision,,,,,,,,,,,2,1,1,1,6
201500012507,0015-07-08 06:45:00,15,7,8,6,45,180,96,,,,Plein jour,Hors agglomération,Hors intersection,Normale,Autre collision,,,,,,,,,,,1,1,1,1,6
201500012508,0015-07-22 07:15:00,15,7,22,7,15,180,279,,,,Plein jour,Hors agglomération,Hors intersection,Normale,Deux véhicules - arrière,,,,,,,,,,,1,1,1,1,2
201500012509,0015-08-19 06:30:00,15,8,19,6,30,180,140,,,,Crépuscule ou aube,Hors agglomération,Hors intersection,Normale,Autre collision,,,,,,,,,,,2,1,1,1,6
201500012510,0015-10-25 00:45:00,15,10,25,0,45,180,96,,,,Nuit sans éclairage public,Hors agglomération,Hors intersection,Normale,Deux véhicules - arrière,,,,,,,,,,,3,1,1,1,2
201500012511,0015-12-28 10:30:00,15,12,28,10,30,180,141,,,,Plein jour,Hors agglomération,Hors intersection,Normale,Autre collision,,,,,,,,,,,1,1,1,1,6
201500012512,0015-01-06 07:45:00,15,1,6,7,45,340,333,,43.4831,3.77276,Crépuscule ou aube,Hors agglomération,Hors intersection,Normale,Trois véhicules et plus - collisions multiples,,,,,,,,,,,2,1,1,1,5
201500012513,0015-01-09 18:30:00,15,1,9,18,30,340,333,,43.48889,3.77268,Nuit sans éclairage public,Hors agglomération,Hors intersection,Normale,Trois véhicules et plus - en chaîne,,,,,,,,,,,3,1,1,1,4
201500012514,0015-10-05 11:15:00,15,10,5,11,15,340,333,RD 612,43.48424,3.77261,Plein jour,Hors agglomération,Hors intersection,Normale,Deux véhicules - frontale,,,,,,,,,,,1,1,1,1,1
201500012515,0015-04-15 15:45:00,15,4,15,15,45,340,337,,,,Plein jour,Hors agglomération,Hors intersection,Normale,Deux véhicules - frontale,,,,,,,,,,,1,1,1,1,1
201500012516,0015-06-06 15:00:00,15,6,6,15,0,340,333,,43.49877,3.79545,Plein jour,Hors agglomération,Hors intersection,Normale,Deux véhicules - côté,,,,,,,,,,,1,1,1,1,3
201500012517,0015-08-20 02:00:00,15,8,20,2,0,340,333,,43.46451,3.81771,Nuit sans éclairage public,Hors agglomération,Hors intersection,Normale,Deux véhicules - frontale,,,,,,,,,,,3,1,1,1,1
201500012518,0015-08-30 13:45:00,15,8,30,13,45,340,333,,43.4913,3.7422,Plein jour,Hors agglomération,Autre intersection,Normale,Deux véhicules - arrière,,,,,,,,,,,1,1,9,1,2
201500012519,0015-08-31 19:30:00,15,8,31,19,30,340,337,,43.819,3.29,Plein jour,Hors agglomération,Hors intersection,Normale,Deux véhicules - côté,,,,,,,,,,,1,1,1,1,3
201500012520,0015-09-23 11:15:00,15,9,23,11,15,340,333,,43.47766,3.77166,Plein jour,Hors agglomération,Hors intersection,Normale,Deux véhicules - côté,,,,,,,,,,,1,1,1,1,3
201500012521,0015-11-01 03:30:00,15,11,1,3,30,340,159,,43.51799,3.8087,Nuit sans éclairage public,Hors agglomération,Intersection en X,Normale,Deux véhicules - côté,,,,,,,,,,,3,1,2,1,3
201500012522,0015-11-03 08:30:00,15,11,3,8,30,340,337,,43.53897,3.87738,Crépuscule ou aube,Hors agglomération,Hors intersection,Pluie forte,Deux véhicules - frontale,,,,,,,,,,,2,1,1,3,1
201500012523,0015-01-05 17:30:00,15,1,5,17,30,10,181,,,,Plein jour,Hors agglomération,Hors intersection,Normale,Autre collision,,,,,,,,,,,1,1,1,1,6
201500012524,0015-02-04 18:15:00,15,2,4,18,15,10,14,,,,Nuit sans éclairage public,Hors agglomération,Hors intersection,Normale,Autre collision,,,,,,,,,,,3,1,1,1,6
201500012525,0015-02-10 07:15:00,15,2,10,7,15,10,303,,,,Crépuscule ou aube,Hors agglomération,Hors intersection,Normale,Deux véhicules - arrière,,,,,,,,,,,2,1,1,1,2
201500012526,0015-03-26 15:30:00,15,3,26,15,30,10,274,,,,Plein jour,Hors agglomération,Hors intersection,Normale,Sans collision,,,,,,,,,,,1,1,1,1,7
201500012527,0015-03-30 00:01:00,15,3,30,0,1,10,274,,,,Nuit sans éclairage public,Hors agglomération,Hors intersection,Pluie légère,Autre collision,,,,,,,,,,,3,1,1,2,6
201500012528,0015-05-29 18:00:00,15,5,29,18,0,10,67,,,,Plein jour,Hors agglomération,Autre intersection,Normale,Deux véhicules - arrière,,,,,,,,,,,1,1,9,1,2
201500012529,0015-05-29 19:15:00,15,5,29,19,15,10,273,,,,Plein jour,Hors agglomération,Hors intersection,Normale,Deux véhicules - arrière,,,,,,,,,,,1,1,1,1,2
201500012530,0015-06-02 14:15:00,15,6,2,14,15,10,181,,,,Plein jour,Hors agglomération,Hors intersection,Normale,Autre collision,,,,,,,,,,,1,1,1,1,6
201500012531,0015-07-15 16:30:00,15,7,15,16,30,10,269,,,,Plein jour,Hors agglomération,Hors intersection,Normale,Deux véhicules - côté,,,,,,,,,,,1,1,1,1,3
201500012532,0015-10-30 07:00:00,15,10,30,7,0,10,67,,,,Plein jour,Hors agglomération,Hors intersection,Normale,Sans collision,,,,,,,,,,,1,1,1,1,7
201500012533,0015-11-20 11:15:00,15,11,20,11,15,10,373,,,,Plein jour,Hors agglomération,Hors intersection,Pluie légère,Autre collision,,,,,,,,,,,1,1,1,2,6
201500012534,0015-11-21 16:30:00,15,11,21,16,30,10,63,,,,Plein jour,Hors agglomération,Hors intersection,Neige / grêle,Deux véhicules - arrière,,,,,,,,,,,1,1,1,4,2
201500012535,0015-12-26 15:30:00,15,12,26,15,30,10,228,,,,Plein jour,Hors agglomération,Hors intersection,Normale,Deux véhicules - arrière,,,,,,,,,,,1,1,1,1,2
201500012536,0015-05-05 08:05:00,15,5,5,8,5,140,685,,49.247,-0.4674,Plein jour,Hors agglomération,Hors intersection,Pluie forte,Deux véhicules - frontale,,,,,,,,,,,1,1,1,3,1
201500012537,0015-01-20 13:30:00,15,1,20,13,30,130,51,,,,Plein jour,Hors agglomération,Hors intersection,Pluie légère,Trois véhicules et plus - collisions multiples,,,,,,,,,,,1,1,1,2,5
201500012538,0015-03-25 19:45:00,15,3,25,19,45,130,29,,,,Nuit avec éclairage allumé,Hors agglomération,Giratoire,Normale,Autre collision,,,,,,,,,,,5,1,6,1,6
201500012539,0015-04-21 17:15:00,15,4,21,17,15,130,51,,,,Plein jour,Hors agglomération,Hors intersection,Normale,Deux véhicules - côté,,,,,,,,,,,1,1,1,1,3
201500012540,0015-06-07 22:15:00,15,6,7,22,15,130,44,***,,,Nuit sans éclairage public,Hors agglomération,Hors intersection,Normale,Sans collision,,,,,,,,,,,3,1,1,1,7
201500012541,0015-07-29 15:45:00,15,7,29,15,45,130,51,,,,Plein jour,Hors agglomération,Giratoire,Normale,Deux véhicules - côté,,,,,,,,,,,1,1,6,1,3
201500012542,0015-08-02 10:00:00,15,8,2,10,0,130,8,RD 68,,,Plein jour,En agglomération,Hors intersection,Temps éblouissant,Deux véhicules - frontale,,,,,,,,,,,1,2,1,7,1
201500012543,0015-08-22 19:30:00,15,8,22,19,30,130,44,*/*,,,Plein jour,Hors agglomération,Hors intersection,Normale,Deux véhicules - côté,,,,,,,,,,,1,1,1,1,3
201500012544,0015-09-02 19:30:00,15,9,2,19,30,130,69,,43.63027,5.14937,Plein jour,Hors agglomération,Intersection en X,Normale,Deux véhicules - côté,,,,,,,,,,,1,1,2,1,3
201500012545,0015-10-01 15:15:00,15,10,1,15,15,130,44,,,,Plein jour,Hors agglomération,Hors intersection,Normale,Deux véhicules - côté,,,,,,,,,,,1,1,1,1,3
201500012546,0015-10-04 04:00:00,15,10,4,4,0,130,69,,,,Nuit sans éclairage public,Hors agglomération,Hors intersection,Brouillard / fumée,Sans collision,,,,,,,,,,,3,1,1,5,7
201500012547,0015-10-04 17:45:00,15,10,4,17,45,130,51,,,,Plein jour,Hors agglomération,Hors intersection,Normale,Deux véhicules - frontale,,,,,,,,,,,1,1,1,1,1
201500012548,0015-10-11 16:30:00,15,10,11,16,30,130,69,,,,Plein jour,Hors agglomération,Hors intersection,Normale,Sans collision,,,,,,,,,,,1,1,1,1,7
201500012549,0015-10-13 19:45:00,15,10,13,19,45,130,51,chemin de la cadeniere,,,Nuit sans éclairage public,En agglomération,Hors intersection,Normale,Autre collision,,,,,,,,,,,3,2,1,1,6
201500012550,0015-10-14 12:45:00,15,10,14,12,45,130,29,**,,,Plein jour,Hors agglomération,Hors intersection,Normale,Deux véhicules - frontale,,,,,,,,,,,1,1,1,1,1
201500012551,0015-11-28 17:15:00,15,11,28,17,15,130,44,,,,Crépuscule ou aube,Hors agglomération,Hors intersection,Normale,Trois véhicules et plus - collisions multiples,,,,,,,,,,,2,1,1,1,5
201500012552,0015-12-12 03:15:00,15,12,12,3,15,130,51,,,,Nuit sans éclairage public,Hors agglomération,Hors intersection,Brouillard / fumée,Sans collision,,,,,,,,,,,3,1,1,5,7
201500012553,0015-01-07 07:45:00,15,1,7,7,45,30,21,,,,Crépuscule ou aube,Hors agglomération,Hors intersection,Pluie légère,Deux véhicules - arrière,,,,,,,,,,,2,1,1,2,2
201500012554,0015-03-13 11:00:00,15,3,13,11,0,30,21,,46.125,3.121,Plein jour,Hors agglomération,Hors intersection,Temps couvert,Deux véhicules - arrière,,,,,,,,,,,1,1,1,8,2
201500012555,0015-04-26 16:00:00,15,4,26,16,0,30,186,,,,Plein jour,Hors agglomération,Hors intersection,Pluie forte,Autre collision,,,,,,,,,,,1,1,1,3,6
201500012556,0015-05-09 23:00:00,15,5,9,23,0,30,277,,,,Nuit sans éclairage public,Hors agglomération,Hors intersection,Normale,Sans collision,,,,,,,,,,,3,1,1,1,7
201500012557,0015-06-11 20:45:00,15,6,11,20,45,30,270,,,,Plein jour,Hors agglomération,Hors intersection,Normale,Deux véhicules - arrière,,,,,,,,,,,1,1,1,1,2
201500012558,0015-06-26 06:45:00,15,6,26,6,45,30,277,,46.294,3.043,Crépuscule ou aube,Hors agglomération,Hors intersection,Normale,Autre collision,,,,,,,,,,,2,1,1,1,6
201500012559,0015-08-17 17:00:00,15,8,17,17,0,30,243,,46.319,2.995,Plein jour,Hors agglomération,Hors intersection,Normale,Sans collision,,,,,,,,,,,1,1,1,1,7
201500012560,0015-10-11 15:15:00,15,10,11,15,15,30,186,,,,Plein jour,Hors agglomération,Hors intersection,Normale,Sans collision,,,,,,,,,,,1,1,1,1,7
201500012561,0015-10-28 12:45:00,15,10,28,12,45,30,118,,46.083,3.124,Plein jour,Hors agglomération,Hors intersection,Normale,Sans collision,,,,,,,,,,,1,1,1,1,7
201500012562,0015-12-01 13:30:00,15,12,1,13,30,30,277,,46.284,3.049,Plein jour,Hors agglomération,Hors intersection,Normale,Deux véhicules - arrière,,,,,,,,,,,1,1,1,1,2
201500012563,0015-02-15 14:00:00,15,2,15,14,0,630,35,,45.963,3.104,Plein jour,Hors agglomération,Hors intersection,Neige / grêle,Sans collision,,,,,,,,,,,1,1,1,4,7
201500012564,0015-04-18 20:15:00,15,4,18,20,15,630,300,,45.892,3.152,Crépuscule ou aube,Hors agglomération,Hors intersection,Normale,Deux véhicules - arrière,,,,,,,,,,,2,1,1,1,2
201500012565,0015-04-26 18:00:00,15,4,26,18,0,630,82,Aire des volcan / A71,46.059,3.11256,Plein jour,Hors agglomération,Hors intersection,Normale,Deux véhicules - côté,,,,,,,,,,,1,1,1,1,3
201500012566,0015-06-03 19:30:00,15,6,3,19,30,630,113,,,,Plein jour,Hors agglomération,Hors intersection,Normale,Autre collision,,,,,,,,,,,1,1,1,1,6
201500012567,0015-07-17 12:00:00,15,7,17,12,0,630,113,,45.81,3.147,Plein jour,Hors agglomération,Hors intersection,Normale,Autre collision,,,,,,,,,,,1,1,1,1,6
201500012568,0015-10-12 15:30:00,15,10,12,15,30,630,327,,45.936,3.135,Plein jour,Hors agglomération,Hors intersection,Normale,Deux véhicules - arrière,,,,,,,,,,,1,1,1,1,2
201500012569,0015-11-06 22:45:00,15,11,6,22,45,630,135,,,,Nuit sans éclairage public,Hors agglomération,Hors intersection,Normale,Autre collision,,,,,,,,,,,3,1,1,1,6
201500012570,0015-11-22 20:45:00,15,11,22,20,45,630,116,,,,Nuit sans éclairage public,Hors agglomération,Hors intersection,Normale,Deux véhicules - côté,,,,,,,,,,,3,1,1,1,3
201500012571,0015-11-26 22:00:00,15,11,26,22,0,630,300,,,,Nuit sans éclairage public,Hors agglomération,Hors intersection,Pluie légère,Deux véhicules - côté,,,,,,,,,,,3,1,1,2,3
201500012572,0015-12-15 15:30:00,15,12,15,15,30,630,327,,,,Plein jour,Hors agglomération,Hors intersection,Temps couvert,Deux véhicules - arrière,,,,,,,,,,,1,1,1,8,2
201500012573,0015-05-24 17:45:00,15,5,24,17,45,60,84,,,,Plein jour,Hors agglomération,Hors intersection,Normale,Deux véhicules - frontale,,,,,,,,,,,1,1,1,1,1
201500012574,0015-12-06 11:30:00,15,12,6,11,30,60,84,,,,Plein jour,Hors agglomération,Hors intersection,Normale,Autre collision,,,,,,,,,,,1,1,1,1,6
201500012575,0015-03-02 06:30:00,15,3,2,6,30,490,188,,47.59497,-0.31599,Nuit sans éclairage public,Hors agglomération,Hors intersection,Normale,Trois véhicules et plus - collisions multiples,,,,,,,,,,,3,1,1,1,5
201500012576,0015-07-09 22:30:00,15,7,9,22,30,490,127,,47.66528,-0.26656,Nuit sans éclairage public,Hors agglomération,Hors intersection,Normale,Autre collision,,,,,,,,,,,3,1,1,1,6
201500012577,0015-07-12 13:45:00,15,7,12,13,45,490,127,,47.66673,-0.26519,Plein jour,Hors agglomération,Hors intersection,Normale,Sans collision,,,,,,,,,,,1,1,1,1,7
201500012578,0015-11-23 10:15:00,15,11,23,10,15,490,18,Le lion blanc - montpoll,47.58449,-0.11658,Plein jour,Hors agglomération,Hors intersection,Temps couvert,Sans collision,,,,,,,,,,,1,1,1,8,7
201500012579,0015-11-24 10:00:00,15,11,24,10,0,490,377,,47.52166,-0.42766,Plein jour,Hors agglomération,Hors intersection,Pluie légère,Autre collision,,,,,,,,,,,1,1,1,2,6
201500012580,0015-12-29 11:00:00,15,12,29,11,0,490,110,,47.54001,-0.34157,Plein jour,Hors agglomération,Hors intersection,Normale,Trois véhicules et plus - en chaîne,,,,,,,,,,,1,1,1,1,4
201500012581,0015-02-01 10:00:00,15,2,1,10,0,400,168,,43.74951,-1.22409,Plein jour,Hors agglomération,Hors intersection,Neige / grêle,Autre collision,,,,,,,,,,,1,1,1,4,6
201500012582,0015-02-09 19:30:00,15,2,9,19,30,400,36,,43.62346,-1.40126,Nuit sans éclairage public,Hors agglomération,Hors intersection,Normale,Autre collision,,,,,,,,,,,3,1,1,1,6
201500012583,0015-05-20 12:45:00,15,5,20,12,45,400,168,,43.80169,-1.20297,Plein jour,Hors agglomération,Hors intersection,Normale,Autre collision,,,,,,,,,,,1,1,1,1,6
201500012584,0015-02-23 15:15:00,15,2,23,15,15,400,197,,44.06355,-0.89185,Plein jour,Hors agglomération,Hors intersection,Normale,Sans collision,,,,,,,,,,,1,1,1,1,7
201500012585,0015-01-08 09:30:00,15,1,8,9,30,630,4,Avenue de la gare,,,Plein jour,En agglomération,Hors intersection,Normale,Autre collision,,,,,,,,,,,1,2,1,1,6
201500012586,0015-08-20 09:00:00,15,8,20,9,0,630,4,La Croix mallet,45.93,2.819,Plein jour,En agglomération,Hors intersection,Normale,Autre collision,,,,,,,,,,,1,2,1,1,6
201500012587,0015-12-14 08:45:00,15,12,14,8,45,630,4,,,,Crépuscule ou aube,Hors agglomération,Autre intersection,Autre,Sans collision,,,,,,,,,,,2,1,9,9,7
201500012588,0015-05-13 13:45:00,15,5,13,13,45,100,387,MAROTS (RUE DES),48.30744,4.04411,Plein jour,En agglomération,Place,Normale,Autre collision,,,,,,,,,,,1,2,7,1,6
201500012589,0015-11-24 12:30:00,15,11,24,12,30,100,387,JARDINS (RUE DES),48.2976,4.05867,Plein jour,En agglomération,Intersection en X,Normale,Deux véhicules - côté,,,,,,,,,,,1,2,2,1,3
201500012590,0015-12-08 23:25:00,15,12,8,23,25,100,387,JEAN XXIII (RUE),48.3038,4.06149,Nuit avec éclairage allumé,En agglomération,Intersection en T,Normale,Deux véhicules - côté,,,,,,,,,,,5,2,3,1,3
201500012591,0015-12-21 22:30:00,15,12,21,22,30,100,387,"56, CHARMILLES (MAIL DES",48.30036,4.08744,Nuit avec éclairage allumé,En agglomération,Hors intersection,Normale,Autre collision,,,,,,,,,,,5,2,1,1,6
201500012592,0015-12-21 08:58:00,15,12,21,8,58,100,362,RD 660,48.29036,3.9935,Plein jour,Hors agglomération,Hors intersection,Normale,Deux véhicules - frontale,,,,,,,,,,,1,1,1,1,1
201500012593,0015-05-30 18:34:00,15,5,30,18,34,100,387,"13, GEORGES POMPIDOU (RU",48.28718,4.07928,Plein jour,En agglomération,Hors intersection,Normale,Deux véhicules - arrière,,,,,,,,,,,1,2,1,1,2
201500012594,0015-05-27 11:48:00,15,5,27,11,48,100,387,"15, PASTEUR (RUE)",48.2993,4.0658,Plein jour,En agglomération,Hors intersection,Normale,Autre collision,,,,,,,,,,,1,2,1,1,6
201500012595,0015-10-12 07:25:00,15,10,12,7,25,100,343,rue de la Coopérative,48.1619,4.52823,Plein jour,En agglomération,Giratoire,Normale,Deux véhicules - côté,,,,,,,,,,,1,2,6,1,3
201500012596,0015-06-01 09:14:00,15,6,1,9,14,100,333,"27, ECHENILLY (RUE)",48.2803,4.0453,Plein jour,En agglomération,Hors intersection,Normale,Deux véhicules - arrière,,,,,,,,,,,1,2,1,1,2
201500012597,0015-12-23 17:30:00,15,12,23,17,30,100,297,DANTON (RUE),48.3245,4.10525,Nuit sans éclairage public,En agglomération,Hors intersection,Normale,Autre collision,,,,,,,,,,,3,2,1,1,6
201500012598,0015-06-07 06:15:00,15,6,7,6,15,100,362,SAVIPOL (ZI),48.2925,4.01742,Plein jour,En agglomération,Hors intersection,Normale,Autre collision,,,,,,,,,,,1,2,1,1,6
201500012599,0015-06-17 22:14:00,15,6,17,22,14,100,387,PALAIS DE JUSTICE (RUE D,48.29656,4.07064,Nuit avec éclairage allumé,En agglomération,Hors intersection,Normale,Autre collision,,,,,,,,,,,5,2,1,1,6
201500012600,0015-07-03 21:15:00,15,7,3,21,15,100,333,AUXERRE (ROUTE),,,Plein jour,Hors agglomération,Hors intersection,Normale,Deux véhicules - côté,,,,,,,,,,,1,1,1,1,3
201500012601,0015-07-17 08:07:00,15,7,17,8,7,100,387,VOULDY (CHAUSSEE DU),48.289,4.09,Plein jour,En agglomération,Giratoire,Normale,Deux véhicules - côté,,,,,,,,,,,1,2,6,1,3
201500012602,0015-08-05 11:19:00,15,8,5,11,19,100,325,GABRIEL DEHEURLES (RUE),48.2634,4.0488,Plein jour,En agglomération,Hors intersection,Normale,Autre collision,,,,,,,,,,,1,2,1,1,6
201500012603,0015-08-07 17:15:00,15,8,7,17,15,100,81,ROCADE OUEST (RD 610),48.3202,4.02288,Plein jour,Hors agglomération,Hors intersection,Normale,Deux véhicules - côté,,,,,,,,,,,1,1,1,1,3
201500012604,0015-08-27 22:02:00,15,8,27,22,2,100,387,"04, LIEUTENANT PIERRE MU",48.3036,4.06069,Nuit sans éclairage public,En agglomération,Hors intersection,Temps couvert,Deux véhicules - frontale,,,,,,,,,,,3,2,1,8,1
201500012605,0015-09-08 16:37:00,15,9,8,16,37,100,387,WOOD ET WEST (RUE),48.2949,4.08169,Plein jour,En agglomération,Hors intersection,Normale,Deux véhicules - arrière,,,,,,,,,,,1,2,1,1,2
201500012606,0015-09-09 18:21:00,15,9,9,18,21,100,357,GENERAL DE GAULLE (RUE D,48.3026,4.10163,Plein jour,En agglomération,Hors intersection,Normale,Deux véhicules - arrière,,,,,,,,,,,1,2,1,1,2
201500012607,0015-12-25 08:39:00,15,12,25,8,39,100,333,ADOLPHE THIERS (RUE),48.17056,4.0,Plein jour,En agglomération,Intersection en T,Normale,Deux véhicules - côté,,,,,,,,,,,1,2,3,1,3
201500012608,0015-09-11 15:41:00,15,9,11,15,41,100,357,ROCADE SUD,48.28561,4.13738,Plein jour,Hors agglomération,Hors intersection,Normale,Deux véhicules - arrière,,,,,,,,,,,1,1,1,1,2
201500012609,0015-09-15 20:35:00,15,9,15,20,35,100,387,FRANCOIS SERQUEIL (RUE),,,Plein jour,En agglomération,Hors intersection,Normale,Autre collision,,,,,,,,,,,1,2,1,1,6
201500012610,0015-09-19 18:21:00,15,9,19,18,21,100,387,THENARD (RUE),48.27369,4.08416,Plein jour,En agglomération,Intersection en T,Normale,Deux véhicules - arrière,,,,,,,,,,,1,2,3,1,2
201500012611,0015-10-09 12:42:00,15,10,9,12,42,100,343,MAILLE (RUE),48.27411,4.08652,Plein jour,En agglomération,Hors intersection,Normale,Deux véhicules - côté,,,,,,,,,,,1,2,1,1,3
201500012612,0015-09-08 16:53:00,15,9,8,16,53,100,387,DAMPIERRE (QUAI),48.2989,4.07761,Plein jour,En agglomération,Hors intersection,Normale,Autre collision,,,,,,,,,,,1,2,1,1,6
201500012613,0015-11-05 15:04:00,15,11,5,15,4,100,357,"8, EMILE ZOLA (RUE)",48.3,4.10555,Plein jour,En agglomération,Hors intersection,Normale,Autre collision,,,,,,,,,,,1,2,1,1,6
201500012614,0015-08-29 18:00:00,15,8,29,18,0,100,387,ROBERT SCHUMANN (RUE),48.3071,4.09544,Plein jour,En agglomération,Hors intersection,Normale,Deux véhicules - côté,,,,,,,,,,,1,2,1,1,3
201500012615,0015-11-10 17:27:00,15,11,10,17,27,100,297,GEORGES CLEMENCEAU (RUE),48.31786,4.09285,Crépuscule ou aube,En agglomération,Intersection en T,Normale,Deux véhicules - côté,,,,,,,,,,,2,2,3,1,3
201500012616,0015-11-14 19:15:00,15,11,14,19,15,100,387,BLANQUI (RUE),48.3058,4.05377,Crépuscule ou aube,En agglomération,Hors intersection,Normale,Deux véhicules - frontale,,,,,,,,,,,2,2,1,1,1
201500012617,0015-11-12 11:45:00,15,11,12,11,45,100,387,THENARD (RUE),48.2685,4.0861,Plein jour,En agglomération,Giratoire,Normale,Deux véhicules - côté,,,,,,,,,,,1,2,6,1,3
201500012618,0015-01-27 07:55:00,15,1,27,7,55,100,321,PIERRE GIRY (RUE),,,Crépuscule ou aube,Hors agglomération,Hors intersection,Normale,Deux véhicules - frontale,,,,,,,,,,,2,1,1,1,1
201500012619,0015-01-19 12:17:00,15,1,19,12,17,100,265,LAMARTINE (RUE),48.30086,4.03969,Plein jour,En agglomération,Hors intersection,Autre,Autre collision,,,,,,,,,,,1,2,1,9,6
201500012620,0015-01-20 19:40:00,15,1,20,19,40,100,387,CHARMILLES (MAIL DES),,,Nuit avec éclairage allumé,En agglomération,Hors intersection,Normale,Deux véhicules - arrière,,,,,,,,,,,5,2,1,1,2
201500012621,0015-02-11 11:50:00,15,2,11,11,50,100,297,3 rue Pierre Curie,48.31827,4.09326,Plein jour,En agglomération,Hors intersection,Normale,Autre collision,,,,,,,,,,,1,2,1,1,6
201500012622,0015-02-14 17:56:00,15,2,14,17,56,100,387,ROBERT SCHUMANN (RUE),,,Plein jour,En agglomération,Hors intersection,Normale,Deux véhicules - arrière,,,,,,,,,,,1,2,1,1,2
201500012623,0015-02-20 17:20:00,15,2,20,17,20,100,357,ROCADE EST (RD 610),,,Plein jour,Hors agglomération,Hors intersection,Pluie légère,Deux véhicules - arrière,,,,,,,,,,,1,1,1,2,2
201500012624,0015-02-20 18:08:00,15,2,20,18,8,100,387,LOMBARDS (AVENUE),,,Nuit avec éclairage allumé,En agglomération,Intersection en X,Pluie légère,Deux véhicules - côté,,,,,,,,,,,5,2,2,2,3
201500012625,0015-01-16 19:07:00,15,1,16,19,7,100,387,", EDOUARD HERRIOT (RUE)",,,Nuit avec éclairage allumé,En agglomération,Intersection en T,Normale,Deux véhicules - côté,,,,,,,,,,,5,2,3,1,3
201500012626,0015-01-28 11:40:00,15,1,28,11,40,100,387,JULES GUESDE (RUE),,,Plein jour,En agglomération,Autre intersection,Normale,Autre collision,,,,,,,,,,,1,2,9,1,6
201500012627,0015-02-27 09:16:00,15,2,27,9,16,100,387,GEORGES POMPIDOU (RUE),,,Plein jour,En agglomération,Hors intersection,Normale,Deux véhicules - arrière,,,,,,,,,,,1,2,1,1,2