accident_id,datetime,annee,mois,jour,heure,minute,departement,commune_insee,adresse,latitude,longitude,luminosite,agglomeration,intersection,meteo,collision,nb_vehicules,nb_usagers,nb_indemnes,nb_tues,nb_blesses_hosp,nb_blesses_legers,age_cond_1,age_cond_2,veh_type_cond_1,veh_type_cond_2,lum_code,agg_code,int_code,atm_code,col_code
201500012628,0015-03-07 19:26:00,15,3,7,19,26,100,343,PROVIDENCE (RUE DE LA),48.28349,4.09238,Nuit avec éclairage allumé,En agglomération,Autre intersection,Normale,Deux véhicules - frontale,,,,,,,,,,,5,2,9,1,1
201500012629,0015-03-15 20:00:00,15,3,15,20,0,100,343,SAPINS (AVENUE),48.27391,4.09284,Nuit avec éclairage allumé,En agglomération,Giratoire,Normale,Deux véhicules - côté,,,,,,,,,,,5,2,6,1,3
201500012630,0015-03-09 20:28:00,15,3,9,20,28,100,325,2 Route d'Auxerre,48.26277,4.03704,Crépuscule ou aube,En agglomération,Hors intersection,Normale,Deux véhicules - côté,,,,,,,,,,,2,2,1,1,3
201500012631,0015-03-06 05:48:00,15,3,6,5,48,100,321,"50, JEAN JAURES (RUE)",48.28722,4.02897,Crépuscule ou aube,En agglomération,Hors intersection,Normale,Autre collision,,,,,,,,,,,2,2,1,1,6
201500012632,0015-04-06 15:47:00,15,4,6,15,47,100,265,MONT SAINT LOUP (RUE),48.30317,4.03367,Plein jour,En agglomération,Hors intersection,Normale,Deux véhicules - arrière,,,,,,,,,,,1,2,1,1,2
201500012633,0015-04-07 17:23:00,15,4,7,17,23,100,387,QUINZE VINGT (RUE),48.29691,4.07141,Plein jour,En agglomération,Intersection en X,Normale,Deux véhicules - côté,,,,,,,,,,,1,2,2,1,3
201500012634,0015-04-08 09:08:00,15,4,8,9,8,100,387,REPUBLIQUE (RUE DE LA ),48.29879,4.07342,Plein jour,En agglomération,Intersection en X,Normale,Autre collision,,,,,,,,,,,1,2,2,1,6
201500012635,0015-04-13 17:14:00,15,4,13,17,14,100,357,"63, GENERAL DE GAULLE (R",48.29812,4.11961,Plein jour,En agglomération,Hors intersection,Normale,Autre collision,,,,,,,,,,,1,2,1,1,6
201500012636,0015-03-24 09:27:00,15,3,24,9,27,100,387,CARNOT (RUE),48.29503,4.06737,Plein jour,En agglomération,Giratoire,Pluie légère,Deux véhicules - côté,,,,,,,,,,,1,2,6,2,3
201500012637,0015-03-04 11:50:00,15,3,4,11,50,100,387,"127bis, PREIZE (RUE DE)",48.30767,4.06851,Plein jour,En agglomération,Hors intersection,Normale,Autre collision,,,,,,,,,,,1,2,1,1,6
201500012638,0015-05-17 02:23:00,15,5,17,2,23,100,333,ROCADE OUEST (RD 610),48.2879,4.03974,Nuit sans éclairage public,Hors agglomération,Hors intersection,Normale,Autre collision,,,,,,,,,,,3,1,1,1,6
201500012639,0015-04-27 14:37:00,15,4,27,14,37,100,343,Bd de Dijon,48.26519,4.09052,Plein jour,En agglomération,Intersection en T,Pluie légère,Deux véhicules - côté,,,,,,,,,,,1,2,3,2,3
201500012640,0015-04-08 19:30:00,15,4,8,19,30,100,387,GENERAL CHARLES DELESTRA,,,Plein jour,En agglomération,Autre intersection,Normale,Autre collision,,,,,,,,,,,1,2,9,1,6
201500012641,0015-04-25 21:27:00,15,4,25,21,27,100,387,"30, Bd Jules Guesde",48.29086,4.08249,Nuit avec éclairage allumé,En agglomération,Hors intersection,Normale,Autre collision,,,,,,,,,,,5,2,1,1,6
201500012642,0015-06-10 09:39:00,15,6,10,9,39,100,362,"131 TER, GENERAL GALLIEN",48.29237,4.04225,Plein jour,En agglomération,Hors intersection,Normale,Deux véhicules - côté,,,,,,,,,,,1,2,1,1,3
201500012643,0015-11-12 19:00:00,15,11,12,19,0,670,152,,,,Nuit sans éclairage public,Hors agglomération,Hors intersection,Normale,Deux véhicules - arrière,,,,,,,,,,,3,1,1,1,2
201500012644,0015-01-06 07:00:00,15,1,6,7,0,670,361,,,,Nuit sans éclairage public,Hors agglomération,Hors intersection,Autre,Deux véhicules - frontale,,,,,,,,,,,3,1,1,9,1
201500012645,0015-02-02 12:00:00,15,2,2,12,0,670,343,,,,Plein jour,Hors agglomération,Hors intersection,Temps couvert,Deux véhicules - frontale,,,,,,,,,,,1,1,1,8,1
201500012646,0015-07-06 08:00:00,15,7,6,8,0,670,471,7 rue du Chemin de Fer,,,Plein jour,En agglomération,Hors intersection,Normale,Deux véhicules - frontale,,,,,,,,,,,1,2,1,1,1
201500012647,0015-07-24 18:30:00,15,7,24,18,30,670,389,,,,Plein jour,Hors agglomération,Hors intersection,Normale,Deux véhicules - frontale,,,,,,,,,,,1,1,1,1,1
201500012648,0015-08-29 01:15:00,15,8,29,1,15,670,471,ROUTE DE BISCHWILLER,,,Nuit avec éclairage allumé,En agglomération,Autre intersection,Normale,Deux véhicules - frontale,,,,,,,,,,,5,2,9,1,1
201500012649,0015-09-01 17:00:00,15,9,1,17,0,670,309,24 rue du gal leclerc,,,Plein jour,En agglomération,Hors intersection,Pluie légère,Autre collision,,,,,,,,,,,1,2,1,2,6
201500012650,0015-10-15 13:15:00,15,10,15,13,15,670,471,,,,Plein jour,En agglomération,Hors intersection,Normale,Deux véhicules - côté,,,,,,,,,,,1,2,1,1,3
201500012651,0015-10-13 14:45:00,15,10,13,14,45,670,309,rte de brumath,,,Plein jour,En agglomération,Autre intersection,Normale,Deux véhicules - frontale,,,,,,,,,,,1,2,9,1,1
201500012652,0015-11-14 12:30:00,15,11,14,12,30,670,389,,,,Plein jour,Hors agglomération,Hors intersection,Normale,Deux véhicules - côté,,,,,,,,,,,1,1,1,1,3
201500012653,0015-12-15 11:45:00,15,12,15,11,45,910,679,RD36,48.734,2.127,Plein jour,Hors agglomération,Giratoire,Temps couvert,Sans collision,,,,,,,,,,,1,1,6,8,7
201500012654,0015-01-25 11:30:00,15,1,25,11,30,60,105,,,,Plein jour,Hors agglomération,Hors intersection,Normale,Deux véhicules - frontale,,,,,,,,,,,1,1,1,1,1
201500012655,0015-05-28 15:30:00,15,5,28,15,30,60,38,,43.654,6.974,Plein jour,Hors agglomération,Hors intersection,Normale,Deux véhicules - frontale,,,,,,,,,,,1,1,1,1,1
201500012656,0015-06-04 10:15:00,15,6,4,10,15,60,148,,,,Plein jour,Hors agglomération,Intersection en T,Normale,Deux véhicules - côté,,,,,,,,,,,1,1,3,1,3
201500012657,0015-12-28 04:00:00,15,12,28,4,0,60,148,,,,Nuit sans éclairage public,Hors agglomération,Hors intersection,Normale,Sans collision,,,,,,,,,,,3,1,1,1,7
201500012658,0015-05-18 08:45:00,15,5,18,8,45,650,429,,43.4906,0.01154,Plein jour,Hors agglomération,Hors intersection,Normale,Deux véhicules - frontale,,,,,,,,,,,1,1,1,1,1
201500012659,0015-02-25 13:30:00,15,2,25,13,30,20,697,,,,Plein jour,Hors agglomération,Hors intersection,Normale,Autre collision,,,,,,,,,,,1,1,1,1,6
201500012660,0015-05-26 15:15:00,15,5,26,15,15,20,559,,,,Plein jour,Hors agglomération,Hors intersection,Normale,Sans collision,,,,,,,,,,,1,1,1,1,7
201500012661,0015-06-14 15:45:00,15,6,14,15,45,20,638,,,,Plein jour,Hors agglomération,Hors intersection,Normale,Autre collision,,,,,,,,,,,1,1,1,1,6
201500012662,0015-01-30 08:15:00,15,1,30,8,15,380,530,rue blaize pascal,,,Plein jour,En agglomération,Hors intersection,Pluie légère,Deux véhicules - côté,,,,,,,,,,,1,2,1,2,3
201500012663,0015-03-16 07:45:00,15,3,16,7,45,380,530,,,,Plein jour,Hors agglomération,Hors intersection,Normale,Deux véhicules - frontale,,,,,,,,,,,1,1,1,1,1
201500012664,0015-05-07 08:30:00,15,5,7,8,30,380,193,RUE PASTEUR,,,Plein jour,En agglomération,Hors intersection,Normale,Deux véhicules - côté,,,,,,,,,,,1,2,1,1,3
201500012665,0015-05-20 18:15:00,15,5,20,18,15,380,530,,,,Plein jour,Hors agglomération,Hors intersection,Normale,Trois véhicules et plus - collisions multiples,,,,,,,,,,,1,1,1,1,5
201500012666,0015-05-24 17:15:00,15,5,24,17,15,380,193,rue A Rimbaud/Verlaine,45.61768,5.23661,Plein jour,En agglomération,Intersection en T,Normale,Deux véhicules - arrière,,,,,,,,,,,1,2,3,1,2
201500012667,0015-06-27 11:45:00,15,6,27,11,45,380,193,VOIE GALLO ROMAINE,45.59638,5.21367,Plein jour,En agglomération,Hors intersection,Normale,Deux véhicules - frontale,,,,,,,,,,,1,2,1,1,1
201500012668,0015-06-30 08:45:00,15,6,30,8,45,380,193,rue du cardo,,,Plein jour,En agglomération,Hors intersection,Normale,Autre collision,,,,,,,,,,,1,2,1,1,6
201500012669,0015-11-05 13:45:00,15,11,5,13,45,30,158,,46.495,2.662,Plein jour,Hors agglomération,Hors intersection,Normale,Deux véhicules - arrière,,,,,,,,,,,1,1,1,1,2
201500012670,0015-12-26 11:30:00,15,12,26,11,30,30,27,,46.352,2.849,Plein jour,Hors agglomération,Hors intersection,Normale,Autre collision,,,,,,,,,,,1,1,1,1,6
201500012671,0015-03-07 14:45:00,15,3,7,14,45,210,638,,47.53418,5.19906,Plein jour,Hors agglomération,Hors intersection,Normale,Autre collision,,,,,,,,,,,1,1,1,1,6
201500012672,0015-01-12 05:00:00,15,1,12,5,0,40,112,,,,Nuit sans éclairage public,Hors agglomération,Hors intersection,Normale,Autre collision,,,,,,,,,,,3,1,1,1,6
201500012673,0015-01-18 19:00:00,15,1,18,19,0,40,106,,,,Nuit sans éclairage public,Hors agglomération,Hors intersection,Normale,Deux véhicules - frontale,,,,,,,,,,,3,1,1,1,1
201500012674,0015-02-09 06:30:00,15,2,9,6,30,40,91,,,,Nuit sans éclairage public,Hors agglomération,Hors intersection,Normale,Sans collision,,,,,,,,,,,3,1,1,1,7
201500012675,0015-04-21 10:15:00,15,4,21,10,15,40,149,,,,Plein jour,Hors agglomération,Hors intersection,Normale,Deux véhicules - arrière,,,,,,,,,,,1,1,1,1,2
201500012676,0015-06-18 09:30:00,15,6,18,9,30,130,113,Avenue des Logissons,,,Plein jour,En agglomération,Hors intersection,Normale,Deux véhicules - côté,,,,,,,,,,,1,2,1,1,3
201500012677,0015-06-21 09:30:00,15,6,21,9,30,130,113,,,,Plein jour,Hors agglomération,Hors intersection,Normale,Deux véhicules - côté,,,,,,,,,,,1,1,1,1,3
201500012678,0015-06-22 20:00:00,15,6,22,20,0,130,113,avenue des galavards,,,Plein jour,En agglomération,Hors intersection,Normale,Deux véhicules - côté,,,,,,,,,,,1,2,1,1,3
201500012679,0015-06-25 17:30:00,15,6,25,17,30,130,80,,,,Plein jour,Hors agglomération,Hors intersection,Normale,Deux véhicules - frontale,,,,,,,,,,,1,1,1,1,1
201500012680,0015-08-14 11:00:00,15,8,14,11,0,130,80,22 DES ANCIENS COMBATTAN,43.66356,5.43852,Plein jour,En agglomération,Hors intersection,Normale,Deux véhicules - frontale,,,,,,,,,,,1,2,1,1,1
201500012681,0015-09-16 16:00:00,15,9,16,16,0,130,80,,,,Plein jour,Hors agglomération,Hors intersection,Normale,Deux véhicules - côté,,,,,,,,,,,1,1,1,1,3
201500012682,0015-10-17 06:00:00,15,10,17,6,0,130,113,,,,Nuit sans éclairage public,Hors agglomération,Hors intersection,Normale,Autre collision,,,,,,,,,,,3,1,1,1,6
201500012683,0015-11-01 07:45:00,15,11,1,7,45,130,80,,,,Plein jour,Hors agglomération,Hors intersection,Temps éblouissant,Deux véhicules - côté,,,,,,,,,,,1,1,1,7,3
201500012684,0015-01-04 08:45:00,15,1,4,8,45,730,82,,,,Plein jour,Hors agglomération,Hors intersection,Pluie légère,Sans collision,,,,,,,,,,,1,1,1,2,7
201500012685,0015-01-17 08:30:00,15,1,17,8,30,730,220,,,,Plein jour,Hors agglomération,Hors intersection,Neige / grêle,Deux véhicules - frontale,,,,,,,,,,,1,1,1,4,1
201500012686,0015-02-28 16:45:00,15,2,28,16,45,730,241,,,,Plein jour,Hors agglomération,Hors intersection,Temps couvert,Sans collision,,,,,,,,,,,1,1,1,8,7
201500012687,0015-08-15 06:30:00,15,8,15,6,30,730,82,,,,Crépuscule ou aube,Hors agglomération,Hors intersection,Temps couvert,Autre collision,,,,,,,,,,,2,1,1,8,6
201500012688,0015-12-23 15:00:00,15,12,23,15,0,730,118,,,,Plein jour,Hors agglomération,Hors intersection,Normale,Sans collision,,,,,,,,,,,1,1,1,1,7
201500012689,0015-03-14 07:00:00,15,3,14,7,0,260,57,CHAMBOIS,,,Plein jour,Hors agglomération,Hors intersection,Pluie légère,Autre collision,,,,,,,,,,,1,1,1,2,6
201500012690,0015-05-13 11:45:00,15,5,13,11,45,260,34,,,,Plein jour,Hors agglomération,Hors intersection,Normale,Autre collision,,,,,,,,,,,1,1,1,1,6
201500012691,0015-08-26 21:30:00,15,8,26,21,30,260,57,BEAUREGARD,,,Nuit avec éclairage allumé,Hors agglomération,Hors intersection,Normale,Deux véhicules - frontale,,,,,,,,,,,5,1,1,1,1
201500012692,0015-09-22 11:45:00,15,9,22,11,45,380,416,,,,Plein jour,Hors agglomération,Autre intersection,Pluie forte,Autre collision,,,,,,,,,,,1,1,9,3,6
201500012693,0015-11-07 18:30:00,15,11,7,18,30,380,394,,45.10112,5.23634,Nuit sans éclairage public,Hors agglomération,Hors intersection,Normale,Autre collision,,,,,,,,,,,3,1,1,1,6
201500012694,0015-11-21 12:45:00,15,11,21,12,45,380,33,,,,Plein jour,Hors agglomération,Hors intersection,Neige / grêle,Autre collision,,,,,,,,,,,1,1,1,4,6
201500012695,0015-02-18 07:45:00,15,2,18,7,45,350,352,,48.07158,-1.60412,Crépuscule ou aube,Hors agglomération,Hors intersection,Autre,Deux véhicules - frontale,,,,,,,,,,,2,1,1,9,1
201500012696,0015-04-10 08:15:00,15,4,10,8,15,350,352,,,,Plein jour,Hors agglomération,Hors intersection,Temps éblouissant,Deux véhicules - frontale,,,,,,,,,,,1,1,1,7,1
201500012697,0015-04-19 13:15:00,15,4,19,13,15,350,32,Rond point RD 82 / RD 39,47.99651,-1.61612,Plein jour,En agglomération,Giratoire,Normale,Deux véhicules - côté,,,,,,,,,,,1,2,6,1,3
201500012698,0015-06-23 19:00:00,15,6,23,19,0,350,206,,48.045,-1.65592,Plein jour,Hors agglomération,Hors intersection,Normale,Deux véhicules - côté,,,,,,,,,,,1,1,1,1,3
201500012699,0015-06-27 23:30:00,15,6,27,23,30,350,352,,48.06768,-1.62131,Nuit avec éclairage non allumé,En agglomération,Hors intersection,Normale,Autre collision,,,,,,,,,,,4,2,1,1,6
201500012700,0015-09-05 09:30:00,15,9,5,9,30,350,352,avenue de la chalotais,48.04492,-1.6047,Plein jour,En agglomération,Giratoire,Normale,Deux véhicules - frontale,,,,,,,,,,,1,2,6,1,1
201500012701,0015-02-14 03:30:00,15,2,14,3,30,670,463,"PV,SENS LAUTERBG/STRASBG",,,Nuit sans éclairage public,Hors agglomération,Hors intersection,Brouillard / fumée,Autre collision,,,,,,,,,,,3,1,1,5,6
201500012702,0015-03-24 20:45:00,15,3,24,20,45,670,237,,,,Nuit sans éclairage public,Hors agglomération,Hors intersection,Normale,Deux véhicules - côté,,,,,,,,,,,3,1,1,1,3
201500012703,0015-06-04 21:30:00,15,6,4,21,30,670,205,,,,Crépuscule ou aube,Hors agglomération,Autre intersection,Normale,Deux véhicules - arrière,,,,,,,,,,,2,1,9,1,2
201500012704,0015-11-08 12:00:00,15,11,8,12,0,670,205,,,,Plein jour,Hors agglomération,Hors intersection,Normale,Autre collision,,,,,,,,,,,1,1,1,1,6
201500012705,0015-07-20 18:00:00,15,7,20,18,0,620,203,,50.84625,1.90318,Plein jour,Hors agglomération,Intersection en X,Normale,Deux véhicules - côté,,,,,,,,,,,1,1,2,1,3
201500012706,0015-10-23 20:45:00,15,10,23,20,45,620,432,90 rue du Coq,50.76932,1.91057,Nuit avec éclairage allumé,En agglomération,Hors intersection,Normale,Autre collision,,,,,,,,,,,5,2,1,1,6
201500012707,0015-02-01 06:29:00,15,2,1,6,29,110,69,MAGINOT ANDRE -AVENUE-,43.21525,2.37439,Nuit sans éclairage public,En agglomération,Hors intersection,Normale,Deux véhicules - arrière,,,,,,,,,,,3,2,1,1,2
201500012708,0015-02-09 16:34:00,15,2,9,16,34,110,69,ROCADE OUEST,43.22265,2.32528,Plein jour,Hors agglomération,Hors intersection,Normale,Trois véhicules et plus - collisions multiples,,,,,,,,,,,1,1,1,1,5
201500012709,0015-02-20 10:08:00,15,2,20,10,8,110,69,BUNAU VARILLA -AV-,43.21134,2.34197,Plein jour,En agglomération,Hors intersection,Normale,Trois véhicules et plus - collisions multiples,,,,,,,,,,,1,2,1,1,5
201500012710,0015-02-21 19:35:00,15,2,21,19,35,110,69,GOUT HENRI -AVENUE N? PA,43.211,2.33789,Nuit avec éclairage allumé,En agglomération,Hors intersection,Normale,Autre collision,,,,,,,,,,,5,2,1,1,6
201500012711,0015-03-27 00:59:00,15,3,27,0,59,110,69,ALBERT TOMEY,43.21344,2.35041,Nuit sans éclairage public,En agglomération,Intersection en X,Normale,Deux véhicules - côté,,,,,,,,,,,3,2,2,1,3
201500012712,0015-03-03 21:10:00,15,3,3,21,10,110,69,BRINGER JEAN -ET IMPASSE,43.21532,2.35312,Nuit sans éclairage public,En agglomération,Hors intersection,Normale,Autre collision,,,,,,,,,,,3,2,1,1,6
201500012713,0015-03-07 06:54:00,15,3,7,6,54,110,69,COLOMB CHRISTOPHE -PONT,43.23353,2.36235,Crépuscule ou aube,Hors agglomération,Hors intersection,Normale,Deux véhicules - frontale,,,,,,,,,,,2,1,1,1,1
201500012714,0015-03-20 14:09:00,15,3,20,14,9,110,69,"R D 113, SENS TOULOUSE/",43.21377,2.38572,Plein jour,Hors agglomération,Hors intersection,Normale,Sans collision,,,,,,,,,,,1,1,1,1,7
201500012715,0015-03-07 01:40:00,15,3,7,1,40,110,69,"2, MUSSET ALFRED-DE -ET",43.22119,2.3445,Nuit sans éclairage public,En agglomération,Hors intersection,Normale,Autre collision,,,,,,,,,,,3,2,1,1,6
201500012716,0015-03-07 20:56:00,15,3,7,20,56,110,69,JEAN BRINGER,43.21189,2.35344,Crépuscule ou aube,En agglomération,Intersection en X,Normale,Deux véhicules - côté,,,,,,,,,,,2,2,2,1,3
201500012717,0015-03-10 12:20:00,15,3,10,12,20,110,69,COLLINES -BD-,43.20411,2.38639,Plein jour,Hors agglomération,Hors intersection,Normale,Deux véhicules - côté,,,,,,,,,,,1,1,1,1,3
201500012718,0015-04-13 20:21:00,15,4,13,20,21,110,69,ROCADE SUD RD 342,43.20602,2.38914,Crépuscule ou aube,Hors agglomération,Hors intersection,Normale,Sans collision,,,,,,,,,,,2,1,1,1,7
201500012719,0015-04-05 19:08:00,15,4,5,19,8,110,69,BLUM APRES LE 1429,43.22522,2.34497,Crépuscule ou aube,En agglomération,Giratoire,Normale,Deux véhicules - frontale,,,,,,,,,,,2,2,6,1,1
201500012720,0015-04-18 23:00:00,15,4,18,23,0,110,69,BERRIAC -ROUTE DE-,43.21053,2.38911,Nuit sans éclairage public,Hors agglomération,Hors intersection,Normale,Sans collision,,,,,,,,,,,3,1,1,1,7
201500012721,0015-04-20 20:20:00,15,4,20,20,20,110,69,SARRAUT OMER BD -IMPAIRS,43.21029,2.35655,Crépuscule ou aube,En agglomération,Hors intersection,Normale,Sans collision,,,,,,,,,,,2,2,1,1,7
201500012722,0015-04-23 16:45:00,15,4,23,16,45,110,69,"R N 113, SENS TOULOUSE/",43.22772,2.32924,Plein jour,Hors agglomération,Hors intersection,Normale,Deux véhicules - arrière,,,,,,,,,,,1,1,1,1,2
201500012723,0015-04-30 18:45:00,15,4,30,18,45,110,69,JOLIOT CURIE -CITE-,43.21619,2.36275,Plein jour,En agglomération,Hors intersection,Normale,Deux véhicules - frontale,,,,,,,,,,,1,2,1,1,1
201500012724,0015-04-30 14:25:00,15,4,30,14,25,110,69,IENA -ALLEE D'- N° PAIRS,43.21474,2.34513,Plein jour,En agglomération,Hors intersection,Normale,Deux véhicules - arrière,,,,,,,,,,,1,2,1,1,2
201500012725,0015-05-26 08:40:00,15,5,26,8,40,110,69,REILLE -CHEMIN DE LA - I,43.22756,2.34478,Plein jour,En agglomération,Hors intersection,Normale,Sans collision,,,,,,,,,,,1,2,1,1,7
201500012726,0015-05-11 18:10:00,15,5,11,18,10,110,69,HUGO VICTOR,43.21343,2.34903,Plein jour,En agglomération,Hors intersection,Normale,Autre collision,,,,,,,,,,,1,2,1,1,6
201500012727,0015-05-02 07:37:00,15,5,2,7,37,110,69,CHARTRAN,43.2126,2.35129,Plein jour,En agglomération,Hors intersection,Normale,Autre collision,,,,,,,,,,,1,2,1,1,6
201500012728,0015-05-28 14:45:00,15,5,28,14,45,110,69,CHARCOT JEAN BAPTISTE,43.2122,2.32922,Plein jour,En agglomération,Hors intersection,Normale,Deux véhicules - frontale,,,,,,,,,,,1,2,1,1,1
201500012729,0015-05-27 15:00:00,15,5,27,15,0,110,69,GOUT HENRI -AVENUE N° PA,43.21086,2.34116,Plein jour,En agglomération,Hors intersection,Normale,Autre collision,,,,,,,,,,,1,2,1,1,6
201500012730,0015-06-24 07:36:00,15,6,24,7,36,110,69,MADELEINE -CHEMIN DE LA,43.22231,2.39143,Plein jour,Hors agglomération,Giratoire,Normale,Deux véhicules - côté,,,,,,,,,,,1,1,6,1,3
201500012731,0015-06-16 14:08:00,15,6,16,14,8,110,69,VARSOVIE -BD-,43.21526,2.34774,Plein jour,En agglomération,Hors intersection,Normale,Sans collision,,,,,,,,,,,1,2,1,1,7
201500012732,0015-06-29 22:03:00,15,6,29,22,3,110,69,DUPLEIX JOSEPH FRANCOIS,43.21129,2.32632,Crépuscule ou aube,En agglomération,Intersection en T,Normale,Deux véhicules - côté,,,,,,,,,,,2,2,3,1,3
201500012733,0015-06-24 19:51:00,15,6,24,19,51,110,69,MONTREAL -ROUTE DE -,43.21346,2.2852,Plein jour,Hors agglomération,Hors intersection,Normale,Deux véhicules - côté,,,,,,,,,,,1,1,1,1,3
201500012734,0015-06-03 16:28:00,15,6,3,16,28,110,69,BOUFFET HENRY,43.21026,2.30482,Plein jour,En agglomération,Hors intersection,Normale,Autre collision,,,,,,,,,,,1,2,1,1,6
201500012735,0015-06-11 12:39:00,15,6,11,12,39,110,69,BRAM -ROUTE DE-,43.22926,2.28057,Plein jour,Hors agglomération,Hors intersection,Normale,Trois véhicules et plus - en chaîne,,,,,,,,,,,1,1,1,1,4
201500012736,0015-06-30 16:08:00,15,6,30,16,8,110,69,BLUM APRES LE 2050,43.22368,2.34589,Plein jour,En agglomération,Hors intersection,Normale,Deux véhicules - côté,,,,,,,,,,,1,2,1,1,3
201500012737,0015-06-16 05:02:00,15,6,16,5,2,110,69,ROCADE OUEST,43.20902,2.31145,Plein jour,Hors agglomération,Hors intersection,Normale,Sans collision,,,,,,,,,,,1,1,1,1,7
201500012738,0015-07-20 16:31:00,15,7,20,16,31,110,69,LAVALETTE -ROUTE DE-,43.18842,2.2899,Plein jour,Hors agglomération,Hors intersection,Normale,Sans collision,,,,,,,,,,,1,1,1,1,7
201500012739,0015-06-17 21:30:00,15,6,17,21,30,110,69,BERRIAC -ROUTE DE-,43.2094,2.38286,Crépuscule ou aube,Hors agglomération,Hors intersection,Normale,Deux véhicules - côté,,,,,,,,,,,2,1,1,1,3
201500012740,0015-06-19 18:24:00,15,6,19,18,24,110,69,CROUZAT PHILIPPINE -AV E,43.18866,2.30934,Plein jour,Hors agglomération,Hors intersection,Normale,Deux véhicules - côté,,,,,,,,,,,1,1,1,1,3
201500012741,0015-06-23 16:57:00,15,6,23,16,57,110,69,MONTREAL -ROUTE DE -,43.21265,2.26654,Plein jour,Hors agglomération,Hors intersection,Normale,Deux véhicules - côté,,,,,,,,,,,1,1,1,1,3
201500012742,0015-06-26 18:41:00,15,6,26,18,41,110,69,LECLERC AV. DU GENERAL I,43.20919,2.36826,Plein jour,En agglomération,Hors intersection,Normale,Sans collision,,,,,,,,,,,1,2,1,1,7
201500012743,0015-06-26 15:40:00,15,6,26,15,40,110,69,ROCADE SUD RD 342,43.22875,2.3389,Plein jour,Hors agglomération,Hors intersection,Normale,Deux véhicules - arrière,,,,,,,,,,,1,1,1,1,2
201500012744,0015-06-28 13:20:00,15,6,28,13,20,110,69,ROCADE SUD RD 342,43.19238,2.33634,Plein jour,Hors agglomération,Hors intersection,Normale,Deux véhicules - côté,,,,,,,,,,,1,1,1,1,3
201500012745,0015-07-04 04:48:00,15,7,4,4,48,110,69,COLOMB CHRISTOPHE -PONT,43.222,2.33794,Crépuscule ou aube,Hors agglomération,Hors intersection,Normale,Deux véhicules - frontale,,,,,,,,,,,2,1,1,1,1
201500012746,0015-08-16 06:15:00,15,8,16,6,15,110,69,ROCADE OUEST,43.20678,2.31178,Nuit avec éclairage allumé,Hors agglomération,Hors intersection,Normale,Autre collision,,,,,,,,,,,5,1,1,1,6
201500012747,0015-07-21 13:48:00,15,7,21,13,48,110,69,LAURIERS -DES-,43.22188,2.35906,Plein jour,En agglomération,Hors intersection,Normale,Autre collision,,,,,,,,,,,1,2,1,1,6
201500012748,0015-07-22 10:25:00,15,7,22,10,25,110,69,JUIN MARECHAL,43.21176,2.37448,Plein jour,En agglomération,Hors intersection,Normale,Deux véhicules - frontale,,,,,,,,,,,1,2,1,1,1
201500012749,0015-07-30 12:02:00,15,7,30,12,2,110,69,BOUFFET HENRY,43.21064,2.30369,Plein jour,Hors agglomération,Hors intersection,Normale,Deux véhicules - côté,,,,,,,,,,,1,1,1,1,3
201500012750,0015-07-27 18:22:00,15,7,27,18,22,110,69,GAMBETTA SQUARE -PAIR-,43.21186,2.35544,Plein jour,En agglomération,Hors intersection,Normale,Autre collision,,,,,,,,,,,1,2,1,1,6
201500012751,0015-08-12 08:24:00,15,8,12,8,24,110,69,DUPLEIX JOSEPH FRANCOIS,43.21143,2.3265,Plein jour,En agglomération,Intersection en T,Normale,Deux véhicules - côté,,,,,,,,,,,1,2,3,1,3
201500012752,0015-08-21 15:25:00,15,8,21,15,25,110,69,"7, SAUZEDE JULES",43.21112,2.34958,Plein jour,En agglomération,Intersection en X,Normale,Deux véhicules - côté,,,,,,,,,,,1,2,2,1,3
201500012753,0015-08-10 05:31:00,15,8,10,5,31,110,69,ROCADE OUEST,43.22514,2.32944,Nuit sans éclairage public,Hors agglomération,Hors intersection,Normale,Sans collision,,,,,,,,,,,3,1,1,1,7
201500012754,0015-08-04 18:20:00,15,8,4,18,20,110,69,CAVAYERE -ROUTE DE LA -,43.18636,2.40958,Plein jour,Hors agglomération,Hors intersection,Normale,Autre collision,,,,,,,,,,,1,1,1,1,6
201500012755,0015-08-03 16:18:00,15,8,3,16,18,110,69,ROCADE SUD RD 342,43.20552,2.38872,Plein jour,Hors agglomération,Hors intersection,Normale,Deux véhicules - côté,,,,,,,,,,,1,1,1,1,3
201500012756,0015-09-16 23:00:00,15,9,16,23,0,110,69,ROCADE OUEST,43.21525,2.32276,Nuit sans éclairage public,Hors agglomération,Hors intersection,Normale,Trois véhicules et plus - collisions multiples,,,,,,,,,,,3,1,1,1,5
201500012757,0015-08-26 15:55:00,15,8,26,15,55,110,69,RD 6161,43.2032,2.37375,Plein jour,Hors agglomération,Hors intersection,Normale,Deux véhicules - arrière,,,,,,,,,,,1,1,1,1,2
201500012758,0015-09-05 12:52:00,15,9,5,12,52,110,69,COLLINES -BD-,43.19803,2.39586,Plein jour,Hors agglomération,Intersection en X,Normale,Deux véhicules - côté,,,,,,,,,,,1,1,2,1,3
201500012759,0015-09-08 19:35:00,15,9,8,19,35,110,69,R N 113 sens NARBONNE/TO,43.23273,2.32112,Crépuscule ou aube,Hors agglomération,Hors intersection,Normale,Autre collision,,,,,,,,,,,2,1,1,1,6