accident_id,datetime,annee,mois,jour,heure,minute,departement,commune_insee,adresse,latitude,longitude,luminosite,agglomeration,intersection,meteo,collision,nb_vehicules,nb_usagers,nb_indemnes,nb_tues,nb_blesses_hosp,nb_blesses_legers,age_cond_1,age_cond_2,veh_type_cond_1,veh_type_cond_2,lum_code,agg_code,int_code,atm_code,col_code
201500012760,0015-10-05 16:13:00,15,10,5,16,13,110,69,ROCADE OUEST,43.20598,2.38917,Plein jour,Hors agglomération,Hors intersection,Normale,Deux véhicules - frontale,,,,,,,,,,,1,1,1,1,1
201500012761,0015-10-09 13:25:00,15,10,9,13,25,110,69,MINERVOISE -ROUTE-,43.21857,2.354,Plein jour,En agglomération,Hors intersection,Normale,Autre collision,,,,,,,,,,,1,2,1,1,6
201500012762,0015-10-11 04:35:00,15,10,11,4,35,110,69,ROCADE SUD RD 342,43.2004,2.39289,Plein jour,Hors agglomération,Hors intersection,Normale,Sans collision,,,,,,,,,,,1,1,1,1,7
201500012763,0015-09-26 10:43:00,15,9,26,10,43,110,69,BOUFFET HENRY,43.20886,2.30864,Plein jour,Hors agglomération,Hors intersection,Normale,Autre collision,,,,,,,,,,,1,1,1,1,6
201500012764,0015-09-27 18:30:00,15,9,27,18,30,110,69,FERNANDEL,43.22673,2.35981,Plein jour,En agglomération,Hors intersection,Normale,Sans collision,,,,,,,,,,,1,2,1,1,7
201500012765,0015-10-06 16:45:00,15,10,6,16,45,110,69,RIVOLI  -BD ET IMPASSE-,43.22577,2.34881,Plein jour,En agglomération,Hors intersection,Normale,Deux véhicules - côté,,,,,,,,,,,1,2,1,1,3
201500012766,0015-11-03 13:55:00,15,11,3,13,55,110,69,3VERDUN,43.21267,2.3547,Plein jour,En agglomération,Hors intersection,Normale,Autre collision,,,,,,,,,,,1,2,1,1,6
201500012767,0015-10-20 17:58:00,15,10,20,17,58,110,69,"36, MARTY ANTOINE",43.21629,2.35693,Plein jour,En agglomération,Intersection en X,Normale,Deux véhicules - côté,,,,,,,,,,,1,2,2,1,3
201500012768,0015-10-23 19:30:00,15,10,23,19,30,110,69,BRAM -ROUTE DE-,43.22336,2.2955,Crépuscule ou aube,Hors agglomération,Hors intersection,Normale,Deux véhicules - frontale,,,,,,,,,,,2,1,1,1,1
201500012769,0015-10-30 07:43:00,15,10,30,7,43,110,69,BUNAU VARILLA -AV-,43.21005,2.33983,Plein jour,En agglomération,Hors intersection,Normale,Deux véhicules - côté,,,,,,,,,,,1,2,1,1,3
201500012770,0015-11-02 19:04:00,15,11,2,19,4,110,69,ROCADE NORD RD 6113,43.22536,2.37832,Crépuscule ou aube,Hors agglomération,Hors intersection,Vent fort / tempête,Deux véhicules - frontale,,,,,,,,,,,2,1,1,6,1
201500012771,0015-11-04 14:20:00,15,11,4,14,20,110,69,BUFFON RUE A PARTIR DU 5,43.22265,2.35446,Plein jour,En agglomération,Hors intersection,Normale,Deux véhicules - côté,,,,,,,,,,,1,2,1,1,3
201500012772,0015-11-19 04:04:00,15,11,19,4,4,110,69,BARBES BD IMPAIR,43.21032,2.3482,Nuit avec éclairage allumé,En agglomération,Hors intersection,Normale,Deux véhicules - frontale,,,,,,,,,,,5,2,1,1,1
201500012773,0015-11-24 17:16:00,15,11,24,17,16,110,69,VERGES MICHEL,43.21485,2.3675,Crépuscule ou aube,En agglomération,Hors intersection,Normale,Autre collision,,,,,,,,,,,2,2,1,1,6
201500012774,0015-01-02 19:30:00,15,1,2,19,30,110,69,CHARLEMAGNE -ROND POINT,43.19434,2.36196,Nuit sans éclairage public,Hors agglomération,Hors intersection,Normale,Autre collision,,,,,,,,,,,3,1,1,1,6
201500012775,0015-02-04 07:48:00,15,2,4,7,48,110,69,ROCADE SUD RD 342,43.20428,2.38295,Crépuscule ou aube,En agglomération,Hors intersection,Normale,Deux véhicules - frontale,,,,,,,,,,,2,2,1,1,1
201500012776,0015-01-10 18:20:00,15,1,10,18,20,110,69,ROCADE OUEST,43.22801,2.33557,Nuit sans éclairage public,Hors agglomération,Hors intersection,Normale,Autre collision,,,,,,,,,,,3,1,1,1,6
201500012777,0015-11-14 10:25:00,15,11,14,10,25,110,69,GOUT HENRI -AV. Nø IMPAI,43.21075,2.34319,Plein jour,En agglomération,Intersection en T,Normale,Trois véhicules et plus - collisions multiples,,,,,,,,,,,1,2,3,1,5
201500012778,0015-01-19 13:38:00,15,1,19,13,38,110,69,MAGINOT ANDRE -AVENUE-,43.21525,2.37442,Plein jour,En agglomération,Hors intersection,Normale,Deux véhicules - côté,,,,,,,,,,,1,2,1,1,3
201500012779,0015-12-18 17:50:00,15,12,18,17,50,110,69,"46, MARTY ANTOINE",43.21632,2.35615,Nuit avec éclairage allumé,En agglomération,Hors intersection,Normale,Deux véhicules - frontale,,,,,,,,,,,5,2,1,1,1
201500012780,0015-12-23 14:45:00,15,12,23,14,45,110,69,MOULIN JEAN -AVENUE-,43.2089,2.37601,Plein jour,En agglomération,Hors intersection,Normale,Trois véhicules et plus - collisions multiples,,,,,,,,,,,1,2,1,1,5
201500012781,0015-01-30 15:20:00,15,1,30,15,20,110,69,MONTREAL -ROUTE DE -,43.21356,2.281,Plein jour,Hors agglomération,Hors intersection,Normale,Deux véhicules - arrière,,,,,,,,,,,1,1,1,1,2
201500012782,0015-10-14 18:24:00,15,10,14,18,24,110,69,MONTREAL -ROUTE DE -,43.21249,2.26572,Plein jour,Hors agglomération,Intersection en X,Normale,Deux véhicules - côté,,,,,,,,,,,1,1,2,1,3
201500012783,0015-12-11 23:50:00,15,12,11,23,50,110,69,ROCADE RD 6161,43.1942,2.34805,Nuit sans éclairage public,Hors agglomération,Hors intersection,Normale,Trois véhicules et plus - collisions multiples,,,,,,,,,,,3,1,1,1,5
201500012784,0015-12-09 18:50:00,15,12,9,18,50,110,69,LANGEVIN PAUL - PAIRS AP,43.22453,2.3366,Crépuscule ou aube,En agglomération,Hors intersection,Normale,Deux véhicules - frontale,,,,,,,,,,,2,2,1,1,1
201500012785,0015-04-13 00:15:00,15,4,13,0,15,310,516,,,,Nuit sans éclairage public,Hors agglomération,Hors intersection,Normale,Trois véhicules et plus - collisions multiples,,,,,,,,,,,3,1,1,1,5
201500012786,0015-07-19 16:00:00,15,7,19,16,0,310,91,,,,Plein jour,Hors agglomération,Hors intersection,Normale,Deux véhicules - côté,,,,,,,,,,,1,1,1,1,3
201500012787,0015-09-20 16:30:00,15,9,20,16,30,310,117,,43.66469,1.5532,Plein jour,Hors agglomération,Hors intersection,Normale,Deux véhicules - arrière,,,,,,,,,,,1,1,1,1,2
201500012788,0015-10-01 07:00:00,15,10,1,7,0,310,341,route des platanes,,,Nuit sans éclairage public,Hors agglomération,Hors intersection,Normale,Trois véhicules et plus - collisions multiples,,,,,,,,,,,3,1,1,1,5
201500012789,0015-10-02 05:45:00,15,10,2,5,45,310,516,,,,Nuit sans éclairage public,Hors agglomération,Hors intersection,Normale,Deux véhicules - arrière,,,,,,,,,,,3,1,1,1,2
201500012790,0015-04-28 03:15:00,15,4,28,3,15,660,101,,42.62375,2.78636,Nuit sans éclairage public,Hors agglomération,Hors intersection,Normale,Sans collision,,,,,,,,,,,3,1,1,1,7
201500012791,0015-04-22 08:15:00,15,4,22,8,15,770,480,A5,,,Plein jour,Hors agglomération,Hors intersection,Normale,Sans collision,,,,,,,,,,,1,1,1,1,7
201500012792,0015-05-12 04:45:00,15,5,12,4,45,770,295,A5,,,Nuit sans éclairage public,Hors agglomération,Hors intersection,Normale,Deux véhicules - arrière,,,,,,,,,,,3,1,1,1,2
201500012793,0015-06-20 06:15:00,15,6,20,6,15,770,453,A5,,,Crépuscule ou aube,Hors agglomération,Hors intersection,Normale,Sans collision,,,,,,,,,,,2,1,1,1,7
201500012794,0015-08-21 13:00:00,15,8,21,13,0,770,453,,,,Plein jour,Hors agglomération,Hors intersection,Normale,Sans collision,,,,,,,,,,,1,1,1,1,7
201500012795,0015-03-16 17:15:00,15,3,16,17,15,110,262,BERRE (RUE DE LA),43.18704,2.98525,Plein jour,En agglomération,Hors intersection,Normale,Autre collision,,,,,,,,,,,1,2,1,1,6
201500012796,0015-03-20 04:00:00,15,3,20,4,0,110,262,NAUTIQUE (CHEMIN DE LA),43.14381,3.00352,Nuit avec éclairage allumé,En agglomération,Intersection en Y,Normale,Autre collision,,,,,,,,,,,5,2,4,1,6
201500012797,0015-03-24 11:35:00,15,3,24,11,35,110,262,RD 6009 NARBONNE - PERPI,43.19378,2.98296,Plein jour,En agglomération,Giratoire,Temps couvert,Autre collision,,,,,,,,,,,1,2,6,8,6
201500012798,0015-03-24 11:50:00,15,3,24,11,50,110,262,"64, ARMISSAN ROUTE D')",43.18734,3.01723,Plein jour,En agglomération,Intersection en T,Temps couvert,Deux véhicules - côté,,,,,,,,,,,1,2,3,8,3
201500012799,0015-03-25 08:00:00,15,3,25,8,0,110,262,PYRENEES (PLACE ET AVENU,43.183,2.99835,Plein jour,En agglomération,Giratoire,Normale,Autre collision,,,,,,,,,,,1,2,6,1,6
201500012800,0015-03-26 08:50:00,15,3,26,8,50,110,262,"7, ROUZAUD (RUE HENRI)",43.18207,3.01215,Plein jour,En agglomération,Hors intersection,Normale,Autre collision,,,,,,,,,,,1,2,1,1,6
201500012801,0015-03-16 02:20:00,15,3,16,2,20,110,262,"36, VALLIERE (QUAI)",43.18014,3.00925,Nuit avec éclairage allumé,En agglomération,Hors intersection,Temps couvert,Deux véhicules - frontale,,,,,,,,,,,5,2,1,8,1
201500012802,0015-04-03 14:35:00,15,4,3,14,35,110,262,"0, MISTRAL (BOULEVARD FR",43.18825,3.00419,Plein jour,En agglomération,Hors intersection,Normale,Deux véhicules - frontale,,,,,,,,,,,1,2,1,1,1
201500012803,0015-04-11 05:15:00,15,4,11,5,15,110,262,RD 6009 NARBONNE - BEZIE,43.1771,2.97165,Nuit avec éclairage allumé,Hors agglomération,Hors intersection,Normale,Autre collision,,,,,,,,,,,5,1,1,1,6
201500012804,0015-04-12 20:25:00,15,4,12,20,25,110,262,"12, VALMY (RUE DE)",43.18561,3.01172,Crépuscule ou aube,En agglomération,Hors intersection,Normale,Autre collision,,,,,,,,,,,2,2,1,1,6
201500012805,0015-04-12 08:35:00,15,4,12,8,35,110,262,LECLERC (AVENUE DU GENER,43.17576,2.99356,Plein jour,En agglomération,Intersection en T,Normale,Deux véhicules - arrière,,,,,,,,,,,1,2,3,1,2
201500012806,0015-04-15 11:25:00,15,4,15,11,25,110,262,ALGER (RUE D'),43.18573,3.01005,Plein jour,En agglomération,Intersection en X,Normale,Deux véhicules - côté,,,,,,,,,,,1,2,2,1,3
201500012807,0015-04-15 18:20:00,15,4,15,18,20,110,262,"21, MIRABEAU (COURS)",43.18247,3.00393,Plein jour,En agglomération,Hors intersection,Normale,Autre collision,,,,,,,,,,,1,2,1,1,6
201500012808,0015-04-21 14:05:00,15,4,21,14,5,110,262,RD 6009 NARBONNE - BEZIE,43.19435,2.99406,Plein jour,En agglomération,Hors intersection,Normale,Sans collision,,,,,,,,,,,1,2,1,1,7
201500012809,0015-04-23 17:10:00,15,4,23,17,10,110,262,"40, 1848 (BOULEVARD)",43.19158,3.01524,Plein jour,En agglomération,Hors intersection,Normale,Deux véhicules - côté,,,,,,,,,,,1,2,1,1,3
201500012810,0015-04-20 19:03:00,15,4,20,19,3,110,262,"70, BORDEAUX (AVENUE DE)",43.18181,2.98497,Plein jour,En agglomération,Hors intersection,Normale,Deux véhicules - frontale,,,,,,,,,,,1,2,1,1,1
201500012811,0015-04-24 00:15:00,15,4,24,0,15,110,262,RD 6009 NARBONNE - BEZIE,43.1454,2.97575,Nuit avec éclairage allumé,Hors agglomération,Giratoire,Normale,Deux véhicules - côté,,,,,,,,,,,5,1,6,1,3
201500012812,0015-04-27 14:00:00,15,4,27,14,0,110,262,VALLIERE (QUAI),43.18067,3.0076,Plein jour,En agglomération,Hors intersection,Normale,Autre collision,,,,,,,,,,,1,2,1,1,6
201500012813,0015-05-15 10:39:00,15,5,15,10,39,110,262,"0, 1848 (BOULEVARD)",43.19171,3.01492,Plein jour,En agglomération,Intersection en T,Normale,Deux véhicules - frontale,,,,,,,,,,,1,2,3,1,1
201500012814,0015-05-21 14:50:00,15,5,21,14,50,110,262,"0, LECLERC (AVENUE DU GE",43.17565,2.99345,Plein jour,En agglomération,Hors intersection,Normale,Deux véhicules - arrière,,,,,,,,,,,1,2,1,1,2
201500012815,0015-05-14 20:00:00,15,5,14,20,0,110,262,"0, SALVAYRE (RUE DE)",43.1856,2.98623,Plein jour,En agglomération,Hors intersection,Normale,Autre collision,,,,,,,,,,,1,2,1,1,6
201500012816,0015-05-20 10:45:00,15,5,20,10,45,110,262,RD 6009 NARBONNE - BEZIE,43.18027,2.96748,Plein jour,En agglomération,Hors intersection,Vent fort / tempête,Deux véhicules - frontale,,,,,,,,,,,1,2,1,6,1
201500012817,0015-05-24 11:20:00,15,5,24,11,20,110,262,BOURGET (RUE DU),43.18023,2.99939,Plein jour,En agglomération,Intersection en T,Normale,Deux véhicules - côté,,,,,,,,,,,1,2,3,1,3
201500012818,0015-05-29 15:05:00,15,5,29,15,5,110,262,"0, BOURGET (RUE DU)",43.18021,3.00078,Plein jour,En agglomération,Hors intersection,Normale,Deux véhicules - frontale,,,,,,,,,,,1,2,1,1,1
201500012819,0015-05-26 16:15:00,15,5,26,16,15,110,262,BLUM (SQUARE THERESE LEO,43.18751,3.00756,Plein jour,Hors agglomération,Giratoire,Normale,Autre collision,,,,,,,,,,,1,1,6,1,6
201500012820,0015-06-11 13:55:00,15,6,11,13,55,110,262,"5, MIRABEAU (COURS)",43.1875,3.00756,Plein jour,En agglomération,Hors intersection,Normale,Autre collision,,,,,,,,,,,1,2,1,1,6
201500012821,0015-06-17 11:50:00,15,6,17,11,50,110,262,"26, 1848 (BOULEVARD)",43.19265,3.01231,Plein jour,En agglomération,Intersection en T,Normale,Deux véhicules - côté,,,,,,,,,,,1,2,3,1,3
201500012822,0015-06-21 23:20:00,15,6,21,23,20,110,262,FERROUL (BOULEVARD DU DO,43.18081,3.00506,Nuit avec éclairage allumé,En agglomération,Hors intersection,Normale,Deux véhicules - arrière,,,,,,,,,,,5,2,1,1,2
201500012823,0015-06-24 12:15:00,15,6,24,12,15,110,262,CUXAC (ROUTE DE),43.19179,3.00373,Plein jour,En agglomération,Hors intersection,Normale,Sans collision,,,,,,,,,,,1,2,1,1,7
201500012824,0015-06-29 18:48:00,15,6,29,18,48,110,262,RD 032 NARBONNE / GRUISS,43.1764,3.02473,Plein jour,En agglomération,Hors intersection,Normale,Deux véhicules - frontale,,,,,,,,,,,1,2,1,1,1
201500012825,0015-07-06 14:20:00,15,7,6,14,20,110,262,"23, SEMBAT (BOULEVARD MA",43.18793,3.00541,Plein jour,En agglomération,Hors intersection,Normale,Autre collision,,,,,,,,,,,1,2,1,1,6
201500012826,0015-07-09 06:55:00,15,7,9,6,55,110,262,SERMET (AVENUE ELIE),43.18668,3.01257,Plein jour,En agglomération,Hors intersection,Normale,Autre collision,,,,,,,,,,,1,2,1,1,6
201500012827,0015-07-07 17:05:00,15,7,7,17,5,110,262,RD 6009 NARBONNE - BEZIE,43.18265,2.9679,Plein jour,En agglomération,Hors intersection,Normale,Deux véhicules - frontale,,,,,,,,,,,1,2,1,1,1
201500012828,0015-07-13 14:10:00,15,7,13,14,10,110,262,RD 6009 NARBONNE - PERPI,43.19384,2.9844,Plein jour,En agglomération,Hors intersection,Normale,Deux véhicules - arrière,,,,,,,,,,,1,2,1,1,2
201500012829,0015-07-10 18:00:00,15,7,10,18,0,110,262,RD 6113 NARBONNE - CARCA,43.18108,2.95577,Plein jour,En agglomération,Hors intersection,Normale,Deux véhicules - arrière,,,,,,,,,,,1,2,1,1,2
201500012830,0015-07-19 15:00:00,15,7,19,15,0,110,262,RD 6009 NARBONNE - PERPI,43.20097,3.01777,Plein jour,Hors agglomération,Hors intersection,Normale,Deux véhicules - frontale,,,,,,,,,,,1,1,1,1,1
201500012831,0015-07-22 11:50:00,15,7,22,11,50,110,262,RD 6009 NARBONNE - PERPI,43.14995,2.97851,Plein jour,Hors agglomération,Hors intersection,Normale,Deux véhicules - arrière,,,,,,,,,,,1,1,1,1,2
201500012832,0015-07-22 15:25:00,15,7,22,15,25,110,262,KENNEDY (AVENUE DU PRESI,43.18541,3.00991,Plein jour,En agglomération,Hors intersection,Normale,Deux véhicules - arrière,,,,,,,,,,,1,2,1,1,2
201500012833,0015-08-04 15:01:00,15,8,4,15,1,110,262,"0, JONQUIERES (RUE ET CH",43.16412,2.98009,Plein jour,En agglomération,Hors intersection,Normale,Autre collision,,,,,,,,,,,1,2,1,1,6
201500012834,0015-08-04 13:20:00,15,8,4,13,20,110,262,"0, MARCORIGNAN (ROUTE DE",43.18994,2.98551,Plein jour,En agglomération,Hors intersection,Normale,Deux véhicules - côté,,,,,,,,,,,1,2,1,1,3
201500012835,0015-08-04 05:45:00,15,8,4,5,45,110,262,"0, LECLERC (AVENUE DU GE",43.17491,2.99279,Crépuscule ou aube,En agglomération,Hors intersection,Normale,Sans collision,,,,,,,,,,,2,2,1,1,7
201500012836,0015-08-22 23:19:00,15,8,22,23,19,110,262,LECLERC (AVENUE DU GENER,43.18051,2.99671,Nuit avec éclairage allumé,En agglomération,Intersection en T,Normale,Deux véhicules - côté,,,,,,,,,,,5,2,3,1,3
201500012837,0015-08-20 19:30:00,15,8,20,19,30,110,262,HUBERT MOULY (AVENUE),43.1799,3.01883,Plein jour,En agglomération,Giratoire,Normale,Autre collision,,,,,,,,,,,1,2,6,1,6
201500012838,0015-08-17 01:00:00,15,8,17,1,0,110,262,VIEU (RUE PAUL),43.18267,2.9918,Nuit avec éclairage allumé,En agglomération,Intersection en T,Normale,Deux véhicules - côté,,,,,,,,,,,5,2,3,1,3
201500012839,0015-08-04 13:20:00,15,8,4,13,20,110,262,"0, CARNOT (AVENUE)",43.1955,3.01143,Plein jour,En agglomération,Hors intersection,Normale,Trois véhicules et plus - collisions multiples,,,,,,,,,,,1,2,1,1,5
201500012840,0015-08-20 12:30:00,15,8,20,12,30,110,262,"18, LACROIX (BOULEVARD D",43.18019,3.0019,Plein jour,Hors agglomération,Hors intersection,Normale,Sans collision,,,,,,,,,,,1,1,1,1,7
201500012841,0015-08-17 11:55:00,15,8,17,11,55,110,262,BARBES (RUE),43.18513,2.99524,Plein jour,En agglomération,Intersection en X,Normale,Deux véhicules - côté,,,,,,,,,,,1,2,2,1,3
201500012842,0015-08-11 15:35:00,15,8,11,15,35,110,262,"18, LACROIX (BOULEVARD D",43.18021,3.00181,Plein jour,En agglomération,Hors intersection,Normale,Deux véhicules - arrière,,,,,,,,,,,1,2,1,1,2
201500012843,0015-08-10 10:30:00,15,8,10,10,30,110,262,CREISSEL (BOULEVARD DE),43.17563,3.02861,Plein jour,En agglomération,Intersection en X,Normale,Deux véhicules - côté,,,,,,,,,,,1,2,2,1,3
201500012844,0015-09-03 07:50:00,15,9,3,7,50,110,262,JONQUIERES (RUE ET CHEMI,43.16301,2.9789,Plein jour,En agglomération,Hors intersection,Normale,Sans collision,,,,,,,,,,,1,2,1,1,7
201500012845,0015-09-03 12:00:00,15,9,3,12,0,110,262,"18, POMPIDOR (AVENUE)",43.1831,2.97917,Plein jour,En agglomération,Hors intersection,Normale,Autre collision,,,,,,,,,,,1,2,1,1,6
201500012846,0015-08-19 23:30:00,15,8,19,23,30,110,262,KENNEDY (AVENUE DU PRESI,43.18423,3.01249,Nuit avec éclairage allumé,En agglomération,Intersection en X,Normale,Deux véhicules - frontale,,,,,,,,,,,5,2,2,1,1
201500012847,0015-09-17 08:42:00,15,9,17,8,42,110,262,"0, CROIX SUD (AVENUE DE)",43.15714,2.98359,Plein jour,En agglomération,Intersection en T,Normale,Deux véhicules - côté,,,,,,,,,,,1,2,3,1,3
201500012848,0015-09-21 18:52:00,15,9,21,18,52,110,262,"0, ELYSIQUES (VOIES DES)",43.18486,2.97862,Plein jour,En agglomération,Hors intersection,Normale,Autre collision,,,,,,,,,,,1,2,1,1,6
201500012849,0015-09-14 23:45:00,15,9,14,23,45,110,262,ETANGS  (AVENUE DES),43.15521,2.99659,Nuit sans éclairage public,En agglomération,Hors intersection,Normale,Autre collision,,,,,,,,,,,3,2,1,1,6
201500012850,0015-09-27 10:45:00,15,9,27,10,45,110,262,BALISTE (BOULEVARD DE),43.1919,3.02819,Plein jour,En agglomération,Giratoire,Normale,Autre collision,,,,,,,,,,,1,2,6,1,6
201500012851,0015-09-25 08:30:00,15,9,25,8,30,110,262,"0, BOURGET (RUE DU)",43.18037,2.99792,Plein jour,En agglomération,Hors intersection,Normale,Autre collision,,,,,,,,,,,1,2,1,1,6
201500012852,0015-09-28 11:50:00,15,9,28,11,50,110,262,CARNOT (AVENUE),43.20051,3.01906,Plein jour,En agglomération,Giratoire,Normale,Deux véhicules - arrière,,,,,,,,,,,1,2,6,1,2
201500012853,0015-09-29 12:13:00,15,9,29,12,13,110,262,"26, CARNOT (AVENUE)",43.19221,3.00811,Crépuscule ou aube,En agglomération,Intersection en T,Pluie légère,Deux véhicules - côté,,,,,,,,,,,2,2,3,2,3
201500012854,0015-10-01 08:35:00,15,10,1,8,35,110,262,RD 6009 NARBONNE - BEZIE,43.19737,3.00088,Plein jour,En agglomération,Hors intersection,Normale,Deux véhicules - frontale,,,,,,,,,,,1,2,1,1,1
201500012855,0015-10-06 15:25:00,15,10,6,15,25,110,262,RD 6009 NARBONNE - PERPI,43.15643,2.98144,Plein jour,En agglomération,Hors intersection,Normale,Deux véhicules - arrière,,,,,,,,,,,1,2,1,1,2
201500012856,0015-10-07 09:00:00,15,10,7,9,0,110,262,ESCOUTE (QUAI DE L'),43.18504,2.99948,Plein jour,En agglomération,Intersection en T,Normale,Autre collision,,,,,,,,,,,1,2,3,1,6
201500012857,0015-10-11 16:20:00,15,10,11,16,20,110,262,"8, PYRENEES (PLACE ET AV",43.18352,2.99776,Plein jour,En agglomération,Hors intersection,Normale,Autre collision,,,,,,,,,,,1,2,1,1,6
201500012858,0015-11-30 13:35:00,15,11,30,13,35,110,262,VIEU (RUE PAUL),43.18372,2.99637,Plein jour,En agglomération,Hors intersection,Normale,Autre collision,,,,,,,,,,,1,2,1,1,6
201500012859,0015-10-14 17:50:00,15,10,14,17,50,110,262,"4, MISTRAL (BOULEVARD FR",43.18522,3.00077,Plein jour,En agglomération,Hors intersection,Normale,Autre collision,,,,,,,,,,,1,2,1,1,6
201500012860,0015-10-16 10:00:00,15,10,16,10,0,110,262,"6, HUGO (QUAI ET PASSERE",43.18183,3.00716,Plein jour,En agglomération,Hors intersection,Normale,Autre collision,,,,,,,,,,,1,2,1,1,6
201500012861,0015-10-19 17:15:00,15,10,19,17,15,110,262,"56, MISTRAL (BOULEVARD F",43.18852,3.00451,Plein jour,En agglomération,Hors intersection,Normale,Autre collision,,,,,,,,,,,1,2,1,1,6
201500012862,0015-10-17 23:15:00,15,10,17,23,15,110,262,ESPAGNE (AVENUE D'),43.16574,2.98735,Nuit avec éclairage allumé,En agglomération,Hors intersection,Normale,Deux véhicules - frontale,,,,,,,,,,,5,2,1,1,1
201500012863,0015-10-31 09:05:00,15,10,31,9,5,110,262,RACINE (RUE),43.17719,2.99798,Plein jour,En agglomération,Intersection en X,Normale,Deux véhicules - côté,,,,,,,,,,,1,2,2,1,3
201500012864,0015-11-02 19:15:00,15,11,2,19,15,110,262,ELYSIQUES (VOIES DES),43.18572,2.98291,Crépuscule ou aube,En agglomération,Giratoire,Normale,Deux véhicules - côté,,,,,,,,,,,2,2,6,1,3
201500012865,0015-11-02 18:05:00,15,11,2,18,5,110,262,RD 6009 NARBONNE - BEZIE,43.1674,2.98437,Nuit sans éclairage public,En agglomération,Hors intersection,Pluie forte,Deux véhicules - arrière,,,,,,,,,,,3,2,1,3,2
201500012866,0015-11-03 16:20:00,15,11,3,16,20,110,262,RD 6009 NARBONNE - PERPI,43.20059,3.01244,Plein jour,En agglomération,Giratoire,Normale,Deux véhicules - frontale,,,,,,,,,,,1,2,6,1,1
201500012867,0015-11-06 09:00:00,15,11,6,9,0,110,262,MAZAGRAN (RUE DE),43.17764,2.99625,Plein jour,En agglomération,Intersection en X,Normale,Deux véhicules - côté,,,,,,,,,,,1,2,2,1,3
201500012868,0015-11-03 19:05:00,15,11,3,19,5,110,262,DE GAULLE (BOULEVARD DU,43.18368,3.00823,Nuit avec éclairage allumé,En agglomération,Hors intersection,Normale,Sans collision,,,,,,,,,,,5,2,1,1,7
201500012869,0015-11-18 13:10:00,15,11,18,13,10,110,262,"55, 1848 (BOULEVARD)",43.19085,3.01717,Plein jour,En agglomération,Intersection en T,Normale,Deux véhicules - frontale,,,,,,,,,,,1,2,3,1,1
201500012870,0015-11-30 18:00:00,15,11,30,18,0,110,262,MAYOLLE (BOULEVARD DE LA,43.17503,3.00363,Plein jour,En agglomération,Giratoire,Normale,Deux véhicules - côté,,,,,,,,,,,1,2,6,1,3
201500012871,0015-12-04 10:00:00,15,12,4,10,0,110,262,"27, PYRENEES (PLACE ET A",43.18351,2.99779,Plein jour,En agglomération,Autre intersection,Normale,Deux véhicules - arrière,,,,,,,,,,,1,2,9,1,2
201500012872,0015-12-05 20:10:00,15,12,5,20,10,110,262,RD 6009 NARBONNE - PERPI,43.13912,2.97121,Nuit avec éclairage allumé,En agglomération,Intersection en T,Normale,Deux véhicules - côté,,,,,,,,,,,5,2,3,1,3
201500012873,0015-12-11 21:00:00,15,12,11,21,0,110,262,ESPAGNE (AVENUE D'),43.17357,2.99201,Nuit avec éclairage allumé,En agglomération,Hors intersection,Normale,Deux véhicules - arrière,,,,,,,,,,,5,2,1,1,2
201500012874,0015-12-03 07:55:00,15,12,3,7,55,110,262,MISTRAL (BOULEVARD FREDE,43.18855,3.00449,Plein jour,En agglomération,Hors intersection,Normale,Autre collision,,,,,,,,,,,1,2,1,1,6
201500012875,0015-11-15 09:10:00,15,11,15,9,10,110,262,"11, RUSSEC (IMPASSE DU)",43.18859,2.98073,Plein jour,En agglomération,Hors intersection,Normale,Autre collision,,,,,,,,,,,1,2,1,1,6
201500012876,0015-01-02 19:12:00,15,1,2,19,12,110,262,"0, ESPAGNE (AVENUE D')",43.17205,2.99065,Crépuscule ou aube,En agglomération,Hors intersection,Normale,Trois véhicules et plus - collisions multiples,,,,,,,,,,,2,2,1,1,5
201500012877,0015-01-06 19:10:00,15,1,6,19,10,110,262,RD 6113 NARBONNE - CARCA,43.18092,2.96588,Nuit sans éclairage public,Hors agglomération,Hors intersection,Normale,Deux véhicules - côté,,,,,,,,,,,3,1,1,1,3
201500012878,0015-02-18 19:00:00,15,2,18,19,0,110,262,"0, LUNES (ROUTE DE)",43.17512,3.00587,Crépuscule ou aube,En agglomération,Hors intersection,Normale,Deux véhicules - frontale,,,,,,,,,,,2,2,1,1,1
201500012879,0015-02-10 18:30:00,15,2,10,18,30,110,262,"28, GAMBETTA (BOULEVARD)",43.18342,3.0081,Crépuscule ou aube,En agglomération,Hors intersection,Temps couvert,Autre collision,,,,,,,,,,,2,2,1,8,6
201500012880,0015-02-17 13:40:00,15,2,17,13,40,110,262,"1, CROIX SUD (AVENUE DE)",43.15869,2.98619,Plein jour,En agglomération,Intersection en X,Normale,Deux véhicules - côté,,,,,,,,,,,1,2,2,1,3
201500012881,0015-12-16 17:50:00,15,12,16,17,50,110,262,LECLERC (AVENUE DU GENER,43.17518,2.99304,Nuit avec éclairage allumé,En agglomération,Hors intersection,Normale,Autre collision,,,,,,,,,,,5,2,1,1,6
201500012882,0015-02-25 10:40:00,15,2,25,10,40,110,262,"0, JUIN (AVENUE MAREHAL)",43.18117,3.01432,Plein jour,En agglomération,Hors intersection,Normale,Autre collision,,,,,,,,,,,1,2,1,1,6
201500012883,0015-01-14 09:54:00,15,1,14,9,54,110,262,"0, JONQUIERES (RUE ET CH",43.16649,2.98198,Plein jour,En agglomération,Hors intersection,Normale,Deux véhicules - côté,,,,,,,,,,,1,2,1,1,3