accident_id,datetime,annee,mois,jour,heure,minute,departement,commune_insee,adresse,latitude,longitude,luminosite,agglomeration,intersection,meteo,collision,nb_vehicules,nb_usagers,nb_indemnes,nb_tues,nb_blesses_hosp,nb_blesses_legers,age_cond_1,age_cond_2,veh_type_cond_1,veh_type_cond_2,lum_code,agg_code,int_code,atm_code,col_code
201500012884,0015-01-29 08:55:00,15,1,29,8,55,110,262,"6, MISTRAL (BOULEVARD FR",43.1876,3.00357,Plein jour,En agglomération,Hors intersection,Normale,Deux véhicules - arrière,,,,,,,,,,,1,2,1,1,2
201500012885,0015-02-25 13:55:00,15,2,25,13,55,110,262,"0, SALVAYRE (RUE DE)",43.18561,2.98723,Plein jour,En agglomération,Hors intersection,Normale,Autre collision,,,,,,,,,,,1,2,1,1,6
201500012886,0015-02-25 17:30:00,15,2,25,17,30,110,262,"0, CROIX SUD (AVENUE DE)",43.15871,2.98621,Plein jour,En agglomération,Hors intersection,Normale,Deux véhicules - côté,,,,,,,,,,,1,2,1,1,3
201500012887,0015-03-09 17:00:00,15,3,9,17,0,110,262,CONSTELLATIONS (AVENUE D,43.14517,2.97436,Plein jour,En agglomération,Hors intersection,Normale,Autre collision,,,,,,,,,,,1,2,1,1,6
201500012888,0015-03-14 15:15:00,15,3,14,15,15,110,262,"0, LECLERC (AVENUE DU GE",43.17812,2.99501,Plein jour,En agglomération,Hors intersection,Normale,Autre collision,,,,,,,,,,,1,2,1,1,6
201500012889,0015-04-13 07:30:00,15,4,13,7,30,950,504,A16,49.1038,2.2639,Plein jour,Hors agglomération,Hors intersection,Normale,Autre collision,,,,,,,,,,,1,1,1,1,6
201500012890,0015-07-06 19:20:00,15,7,6,19,20,950,134,A16,49.1398,2.2519,Plein jour,Hors agglomération,Hors intersection,Normale,Deux véhicules - côté,,,,,,,,,,,1,1,1,1,3
201500012891,0015-09-23 16:30:00,15,9,23,16,30,600,57,,49.43017,2.1307,Plein jour,Hors agglomération,Hors intersection,Temps couvert,Deux véhicules - frontale,,,,,,,,,,,1,1,1,8,1
201500012892,0015-01-06 14:30:00,15,1,6,14,30,130,91,,,,Plein jour,Hors agglomération,Hors intersection,Normale,Deux véhicules - côté,,,,,,,,,,,1,1,1,1,3
201500012893,0015-04-24 15:00:00,15,4,24,15,0,130,91,,,,Plein jour,Hors agglomération,Hors intersection,Normale,Deux véhicules - arrière,,,,,,,,,,,1,1,1,1,2
201500012894,0015-06-11 18:15:00,15,6,11,18,15,130,50,avenue henri barbusse,,,Plein jour,En agglomération,Hors intersection,Normale,Deux véhicules - côté,,,,,,,,,,,1,2,1,1,3
201500012895,0015-08-07 16:00:00,15,8,7,16,0,130,91,Place de la République,,,Plein jour,En agglomération,Hors intersection,Normale,Autre collision,,,,,,,,,,,1,2,1,1,6
201500012896,0015-09-05 14:45:00,15,9,5,14,45,130,50,chemin de vallon rouge,,,Plein jour,En agglomération,Hors intersection,Normale,Autre collision,,,,,,,,,,,1,2,1,1,6
201500012897,0015-11-08 11:45:00,15,11,8,11,45,130,50,,,,Plein jour,Hors agglomération,Autre intersection,Normale,Deux véhicules - côté,,,,,,,,,,,1,1,9,1,3
201500012898,0015-07-08 19:30:00,15,7,8,19,30,300,169,,43.75738,4.34029,Plein jour,Hors agglomération,Hors intersection,Normale,Deux véhicules - arrière,,,,,,,,,,,1,1,1,1,2
201500012899,0015-08-20 11:30:00,15,8,20,11,30,300,344,,43.73511,4.23562,Plein jour,Hors agglomération,Giratoire,Normale,Deux véhicules - côté,,,,,,,,,,,1,1,6,1,3
201500012900,0015-08-23 18:00:00,15,8,23,18,0,300,333,,43.75007,4.26871,Plein jour,Hors agglomération,Hors intersection,Pluie forte,Deux véhicules - frontale,,,,,,,,,,,1,1,1,3,1
201500012901,0015-10-26 17:15:00,15,10,26,17,15,300,333,,43.74742,4.26387,Crépuscule ou aube,Hors agglomération,Hors intersection,Normale,Deux véhicules - frontale,,,,,,,,,,,2,1,1,1,1
201500012902,0015-11-11 13:45:00,15,11,11,13,45,300,344,,43.73553,4.23494,Plein jour,Hors agglomération,Hors intersection,Normale,Deux véhicules - frontale,,,,,,,,,,,1,1,1,1,1
201500012903,0015-11-24 09:45:00,15,11,24,9,45,300,344,,43.73555,4.23487,Plein jour,Hors agglomération,Hors intersection,Normale,Deux véhicules - frontale,,,,,,,,,,,1,1,1,1,1
201500012904,0015-11-28 02:45:00,15,11,28,2,45,300,20,,43.74287,4.29599,Nuit sans éclairage public,Hors agglomération,Hors intersection,Normale,Sans collision,,,,,,,,,,,3,1,1,1,7
201500012905,0015-01-10 13:15:00,15,1,10,13,15,850,92,,46.4365,-0.83389,Plein jour,Hors agglomération,Hors intersection,Pluie légère,Autre collision,,,,,,,,,,,1,1,1,2,6
201500012906,0015-02-02 11:45:00,15,2,2,11,45,310,324,,,,Plein jour,Hors agglomération,Hors intersection,Normale,Autre collision,,,,,,,,,,,1,1,1,1,6
201500012907,0015-04-24 22:15:00,15,4,24,22,15,310,476,,,,Nuit sans éclairage public,Hors agglomération,Hors intersection,Normale,Sans collision,,,,,,,,,,,3,1,1,1,7
201500012908,0015-06-25 21:00:00,15,6,25,21,0,310,395,,,,Crépuscule ou aube,Hors agglomération,Hors intersection,Normale,Autre collision,,,,,,,,,,,2,1,1,1,6
201500012909,0015-09-17 07:00:00,15,9,17,7,0,310,433,,,,Crépuscule ou aube,Hors agglomération,Hors intersection,Pluie forte,Deux véhicules - arrière,,,,,,,,,,,2,1,1,3,2
201500012910,0015-10-09 17:00:00,15,10,9,17,0,310,395,,,,Plein jour,Hors agglomération,Hors intersection,Normale,Deux véhicules - côté,,,,,,,,,,,1,1,1,1,3
201500012911,0015-01-15 21:30:00,15,1,15,21,30,760,543,,49.60314,0.48674,Nuit sans éclairage public,Hors agglomération,Hors intersection,Normale,Sans collision,,,,,,,,,,,3,1,1,1,7
201500012912,0015-01-21 16:15:00,15,1,21,16,15,140,536,,,,Plein jour,Hors agglomération,Autre intersection,Normale,Autre collision,,,,,,,,,,,1,1,9,1,6
201500012913,0015-01-21 19:45:00,15,1,21,19,45,760,684,,49.48304,0.44219,Nuit avec éclairage allumé,Hors agglomération,Hors intersection,Normale,Trois véhicules et plus - collisions multiples,,,,,,,,,,,5,1,1,1,5
201500012914,0015-01-22 13:30:00,15,1,22,13,30,140,333,,49.4142,0.26936,Plein jour,Hors agglomération,Hors intersection,Normale,Autre collision,,,,,,,,,,,1,1,1,1,6
201500012915,0015-01-25 18:45:00,15,1,25,18,45,760,384,AV DU MARECHAL LECLERC,49.5198,0.52845,Nuit avec éclairage allumé,En agglomération,Intersection en X,Normale,Deux véhicules - côté,,,,,,,,,,,5,2,2,1,3
201500012916,0015-02-05 09:00:00,15,2,5,9,0,760,657,,49.48263,0.33071,Plein jour,Hors agglomération,Hors intersection,Pluie légère,Autre collision,,,,,,,,,,,1,1,1,2,6
201500012917,0015-04-29 23:00:00,15,4,29,23,0,760,657,,49.47997,0.33779,Nuit sans éclairage public,Hors agglomération,Hors intersection,Normale,Autre collision,,,,,,,,,,,3,1,1,1,6
201500012918,0015-05-13 20:00:00,15,5,13,20,0,140,536,,49.4395,0.27289,Crépuscule ou aube,Hors agglomération,Hors intersection,Normale,Deux véhicules - arrière,,,,,,,,,,,2,1,1,1,2
201500012919,0015-06-07 09:00:00,15,6,7,9,0,140,536,,49.4258,0.27478,Plein jour,Hors agglomération,Hors intersection,Normale,Autre collision,,,,,,,,,,,1,1,1,1,6
201500012920,0015-06-14 11:30:00,15,6,14,11,30,760,489,,49.47261,0.27097,Plein jour,Hors agglomération,Hors intersection,Normale,Deux véhicules - arrière,,,,,,,,,,,1,1,1,1,2
201500012921,0015-07-31 13:00:00,15,7,31,13,0,760,533,,49.49035,0.26724,Plein jour,Hors agglomération,Hors intersection,Normale,Autre collision,,,,,,,,,,,1,1,1,1,6
201500012922,0015-10-25 15:45:00,15,10,25,15,45,760,489,RTE INDUSTRIELLE,49.47825,0.26673,Plein jour,Hors agglomération,Hors intersection,Normale,Deux véhicules - arrière,,,,,,,,,,,1,1,1,1,2
201500012923,0015-11-01 08:00:00,15,11,1,8,0,760,305,,49.49735,0.22843,Plein jour,Hors agglomération,Hors intersection,Normale,Deux véhicules - arrière,,,,,,,,,,,1,1,1,1,2
201500012924,0015-11-22 13:00:00,15,11,22,13,0,760,657,,49.48707,0.3689,Plein jour,Hors agglomération,Hors intersection,Normale,Autre collision,,,,,,,,,,,1,1,1,1,6
201500012925,0015-07-13 13:15:00,15,7,13,13,15,202,281,,,,Plein jour,Hors agglomération,Hors intersection,Normale,Autre collision,,,,,,,,,,,1,1,1,1,6
201500012926,0015-01-30 06:15:00,15,1,30,6,15,310,457,,,,Nuit sans éclairage public,Hors agglomération,Hors intersection,Pluie forte,Trois véhicules et plus - en chaîne,,,,,,,,,,,3,1,1,3,4
201500012927,0015-02-02 14:30:00,15,2,2,14,30,310,324,,,,Plein jour,Hors agglomération,Hors intersection,Normale,Autre collision,,,,,,,,,,,1,1,1,1,6
201500012928,0015-09-07 09:30:00,15,9,7,9,30,310,324,,,,Plein jour,Hors agglomération,Hors intersection,Normale,Autre collision,,,,,,,,,,,1,1,1,1,6
201500012929,0015-09-12 08:30:00,15,9,12,8,30,310,430,,43.10466,0.59821,Plein jour,Hors agglomération,Hors intersection,Normale,Autre collision,,,,,,,,,,,1,1,1,1,6
201500012930,0015-07-29 15:30:00,15,7,29,15,30,490,112,RD347,47.19523,-0.12567,Plein jour,En agglomération,Intersection en X,Normale,Deux véhicules - côté,,,,,,,,,,,1,2,2,1,3
201500012931,0015-12-11 10:00:00,15,12,11,10,0,490,123,,47.22054,-0.1559,Plein jour,Hors agglomération,Hors intersection,Brouillard / fumée,Trois véhicules et plus - collisions multiples,,,,,,,,,,,1,1,1,5,5
201500012932,0015-04-24 21:30:00,15,4,24,21,30,740,241,,,,Nuit sans éclairage public,Hors agglomération,Hors intersection,Normale,Deux véhicules - frontale,,,,,,,,,,,3,1,1,1,1
201500012933,0015-05-14 04:50:00,15,5,14,4,50,740,241,,,,Nuit sans éclairage public,En agglomération,Hors intersection,Normale,Autre collision,,,,,,,,,,,3,2,1,1,6
201500012934,0015-10-05 17:00:00,15,10,5,17,0,740,164,471 RUE DE L'INDUSTRIE,,,Plein jour,En agglomération,Intersection en T,Pluie forte,Deux véhicules - côté,,,,,,,,,,,1,2,3,3,3
201500012935,0015-12-20 21:15:00,15,12,20,21,15,740,304,LES MARAIS DES TATTES,,,Nuit sans éclairage public,Hors agglomération,Hors intersection,Normale,Deux véhicules - frontale,,,,,,,,,,,3,1,1,1,1
201500012936,0015-12-22 14:45:00,15,12,22,14,45,740,162,ALLEE DU SALEVE,,,Plein jour,En agglomération,Intersection en T,Normale,Deux véhicules - côté,,,,,,,,,,,1,2,3,1,3
201500012937,0015-11-04 09:15:00,15,11,4,9,15,10,275,33 PORTE DU GRAND LYON,45.82275,4.92177,Plein jour,En agglomération,Hors intersection,Normale,Deux véhicules - côté,,,,,,,,,,,1,2,1,1,3
201500012938,0015-02-06 21:30:00,15,2,6,21,30,800,507,,,,Nuit sans éclairage public,Hors agglomération,Hors intersection,Normale,Deux véhicules - arrière,,,,,,,,,,,3,1,1,1,2
201500012939,0015-06-08 09:00:00,15,6,8,9,0,800,160,,,,Plein jour,Hors agglomération,Hors intersection,Normale,Trois véhicules et plus - en chaîne,,,,,,,,,,,1,1,1,1,4
201500012940,0015-06-15 17:45:00,15,6,15,17,45,800,724,,,,Plein jour,Hors agglomération,Autre intersection,Normale,Deux véhicules - frontale,,,,,,,,,,,1,1,9,1,1
201500012941,0015-07-11 16:00:00,15,7,11,16,0,800,114,,,,Plein jour,Hors agglomération,Hors intersection,Normale,Sans collision,,,,,,,,,,,1,1,1,1,7
201500012942,0015-07-16 13:45:00,15,7,16,13,45,800,131,,,,Plein jour,Hors agglomération,Hors intersection,Temps éblouissant,Trois véhicules et plus - collisions multiples,,,,,,,,,,,1,1,1,7,5
201500012943,0015-08-20 15:15:00,15,8,20,15,15,800,670,,,,Plein jour,Hors agglomération,Autre intersection,Normale,Autre collision,,,,,,,,,,,1,1,9,1,6
201500012944,0015-08-30 21:00:00,15,8,30,21,0,800,702,A29 Rocade Sud,,,Crépuscule ou aube,Hors agglomération,Hors intersection,Normale,Deux véhicules - frontale,,,,,,,,,,,2,1,1,1,1
201500012945,0015-09-29 06:00:00,15,9,29,6,0,800,717,Autoroute A1,,,Nuit sans éclairage public,Hors agglomération,Hors intersection,Normale,Autre collision,,,,,,,,,,,3,1,1,1,6
201500012946,0015-11-02 04:45:00,15,11,2,4,45,800,670,,,,Nuit sans éclairage public,Hors agglomération,Hors intersection,Brouillard / fumée,Trois véhicules et plus - collisions multiples,,,,,,,,,,,3,1,1,5,5
201500012947,0015-11-05 18:45:00,15,11,5,18,45,800,160,,,,Nuit sans éclairage public,Hors agglomération,Hors intersection,Normale,Deux véhicules - arrière,,,,,,,,,,,3,1,1,1,2
201500012948,0015-02-01 17:15:00,15,2,1,17,15,800,1,,,,Plein jour,Hors agglomération,Hors intersection,Pluie légère,Deux véhicules - côté,,,,,,,,,,,1,1,1,2,3
201500012949,0015-05-24 09:45:00,15,5,24,9,45,730,252,,45.729,6.471,Plein jour,Hors agglomération,Hors intersection,Normale,Autre collision,,,,,,,,,,,1,1,1,1,6
201500012950,0015-04-28 08:15:00,15,4,28,8,15,390,310,,,,Plein jour,Hors agglomération,Autre intersection,Autre,Deux véhicules - côté,,,,,,,,,,,1,1,9,9,3
201500012951,0015-06-01 20:30:00,15,6,1,20,30,710,198,,,,Crépuscule ou aube,Hors agglomération,Hors intersection,Normale,Sans collision,,,,,,,,,,,2,1,1,1,7
201500012952,0015-06-17 16:30:00,15,6,17,16,30,390,492,,,,Plein jour,Hors agglomération,Hors intersection,Temps couvert,Deux véhicules - frontale,,,,,,,,,,,1,1,1,8,1
201500012953,0015-07-10 02:00:00,15,7,10,2,0,710,157,,,,Nuit sans éclairage public,Hors agglomération,Autre intersection,Normale,Deux véhicules - frontale,,,,,,,,,,,3,1,9,1,1
201500012954,0015-05-15 18:40:00,15,5,15,18,40,120,89,61 RUE CAYRADE,44.5581,2.25426,Plein jour,En agglomération,Hors intersection,Normale,Deux véhicules - frontale,,,,,,,,,,,1,2,1,1,1
201500012955,0015-04-29 00:20:00,15,4,29,0,20,120,13,PISCINE (AVENUE DE LA),44.5269,2.26137,Nuit avec éclairage allumé,En agglomération,Hors intersection,Normale,Autre collision,,,,,,,,,,,5,2,1,1,6
201500012956,0015-06-30 15:05:00,15,6,30,15,5,120,89,PLACE DECAZES,44.5549,2.25772,Plein jour,En agglomération,Intersection en T,Normale,Deux véhicules - côté,,,,,,,,,,,1,2,3,1,3
201500012957,0015-08-23 03:30:00,15,8,23,3,30,120,89,"FACE 1484, ALFARIC PROSP",44.5733,2.25769,Nuit avec éclairage allumé,En agglomération,Hors intersection,Normale,Autre collision,,,,,,,,,,,5,2,1,1,6
201500012958,0015-10-17 23:40:00,15,10,17,23,40,120,89,"30B, VICTOR HUGO (AVENUE",,,Nuit avec éclairage allumé,En agglomération,Hors intersection,Normale,Autre collision,,,,,,,,,,,5,2,1,1,6
201500012959,0015-11-06 16:55:00,15,11,6,16,55,120,83,"2, FRANCE ANATOLE",44.5259,2.28155,Plein jour,En agglomération,Intersection en T,Normale,Deux véhicules - côté,,,,,,,,,,,1,2,3,1,3
201500012960,0015-12-13 19:25:00,15,12,13,19,25,120,89,", ABRAHAM G. (PLACE)",,,Nuit avec éclairage allumé,En agglomération,Hors intersection,Normale,Deux véhicules - côté,,,,,,,,,,,5,2,1,1,3
201500012961,0015-05-27 07:40:00,15,5,27,7,40,120,145,"1354, AIGOUAL (AVENUE DE",44.1028,3.09113,Plein jour,En agglomération,Hors intersection,Normale,Deux véhicules - arrière,,,,,,,,,,,1,2,1,1,2
201500012962,0015-08-28 18:50:00,15,8,28,18,50,120,145,D911,44.1138,3.07923,Plein jour,Hors agglomération,Hors intersection,Normale,Autre collision,,,,,,,,,,,1,1,1,1,6
201500012963,0015-01-10 09:35:00,15,1,10,9,35,120,145,"2, AVENUE DE VERDUN",44.0964,3.07246,Plein jour,En agglomération,Hors intersection,Normale,Deux véhicules - frontale,,,,,,,,,,,1,2,1,1,1
201500012964,0015-06-23 17:21:00,15,6,23,17,21,120,145,GABRIAC JEAN (BOULEVARD),,,Plein jour,Hors agglomération,Hors intersection,Normale,Deux véhicules - côté,,,,,,,,,,,1,1,1,1,3
201500012965,0015-02-16 20:58:00,15,2,16,20,58,120,145,39 RUE DU BARRY,44.0998,3.07373,Nuit avec éclairage allumé,En agglomération,Intersection en T,Normale,Deux véhicules - côté,,,,,,,,,,,5,2,3,1,3
201500012966,0015-06-24 13:00:00,15,6,24,13,0,120,145,QUAI SULLY CHALIES,44.0949,3.07707,Plein jour,En agglomération,Hors intersection,Normale,Deux véhicules - côté,,,,,,,,,,,1,2,1,1,3
201500012967,0015-02-23 14:55:00,15,2,23,14,55,120,145,CUREPLAT (ROND POINT),44.1018,3.08575,Plein jour,En agglomération,Giratoire,Normale,Deux véhicules - côté,,,,,,,,,,,1,2,6,1,3
201500012968,0015-09-23 18:10:00,15,9,23,18,10,120,145,"02, GABRIAC JEAN (BOULEV",,,Plein jour,En agglomération,Hors intersection,Temps éblouissant,Autre collision,,,,,,,,,,,1,2,1,7,6
201500012969,0015-03-04 17:55:00,15,3,4,17,55,120,145,"1, BAD SALZUFLEN (BOULEV",44.0927,3.06398,Plein jour,En agglomération,Giratoire,Normale,Deux véhicules - arrière,,,,,,,,,,,1,2,6,1,2
201500012970,0015-09-25 21:10:00,15,9,25,21,10,120,145,LARZAC (BOULEVARD DU),,,Nuit sans éclairage public,Hors agglomération,Hors intersection,Normale,Deux véhicules - frontale,,,,,,,,,,,3,1,1,1,1
201500012971,0015-03-20 16:20:00,15,3,20,16,20,120,145,"21, JAURES JEAN (AVENUE)",44.1015,3.07946,Plein jour,En agglomération,Place,Pluie légère,Deux véhicules - côté,,,,,,,,,,,1,2,7,2,3
201500012972,0015-10-18 07:20:00,15,10,18,7,20,120,145,D991 ( VALLEE DE LA DOUR,44.1013,3.11744,Nuit sans éclairage public,Hors agglomération,Hors intersection,Pluie légère,Sans collision,,,,,,,,,,,3,1,1,2,7
201500012973,0015-10-24 21:00:00,15,10,24,21,0,120,145,PAULELE,,,Nuit avec éclairage non allumé,En agglomération,Hors intersection,Normale,Deux véhicules - côté,,,,,,,,,,,4,2,1,1,3
201500012974,0015-11-10 11:00:00,15,11,10,11,0,120,145,"15, JAURES JEAN (AV)",,,Plein jour,En agglomération,Hors intersection,Normale,Autre collision,,,,,,,,,,,1,2,1,1,6
201500012975,0015-11-30 15:55:00,15,11,30,15,55,120,145,CALES (AVENUE DE),44.0888,3.06029,Plein jour,En agglomération,Intersection en Y,Normale,Deux véhicules - frontale,,,,,,,,,,,1,2,4,1,1
201500012976,0015-12-03 14:00:00,15,12,3,14,0,120,145,"25, MARTEL EDOUARD ALFRE",,,Plein jour,En agglomération,Hors intersection,Normale,Deux véhicules - côté,,,,,,,,,,,1,2,1,1,3
201500012977,0015-12-28 19:40:00,15,12,28,19,40,120,145,CAVALERIE (COTE DE LA ),,,Nuit sans éclairage public,Hors agglomération,Hors intersection,Normale,Deux véhicules - côté,,,,,,,,,,,3,1,1,1,3
201500012978,0015-02-26 15:45:00,15,2,26,15,45,120,202,GIRATOIRE DES MOUTIERS,44.3636,2.57435,Plein jour,En agglomération,Hors intersection,Pluie légère,Autre collision,,,,,,,,,,,1,2,1,2,6
201500012979,0015-03-20 23:30:00,15,3,20,23,30,120,202,RD 840 - AV DECAZEVILLE,44.3731,2.54618,Nuit avec éclairage allumé,En agglomération,Hors intersection,Normale,Autre collision,,,,,,,,,,,5,2,1,1,6
201500012980,0015-03-02 18:00:00,15,3,2,18,0,120,176,VIGNES (ROUTE DES),44.3637,2.60747,Plein jour,En agglomération,Hors intersection,Normale,Deux véhicules - côté,,,,,,,,,,,1,2,1,1,3
201500012981,0015-03-26 16:00:00,15,3,26,16,0,120,176,GLYCINES (AVENUE DES),44.3677,2.5905,Plein jour,En agglomération,Hors intersection,Normale,Autre collision,,,,,,,,,,,1,2,1,1,6
201500012982,0015-04-16 12:30:00,15,4,16,12,30,120,202,GINESTE (AVENUE DE LA),44.3616,2.56844,Plein jour,En agglomération,Hors intersection,Normale,Autre collision,,,,,,,,,,,1,2,1,1,6
201500012983,0015-03-05 16:45:00,15,3,5,16,45,120,176,D901(ROUTE DE CONQUE),44.4058,2.55757,Plein jour,Hors agglomération,Intersection en X,Normale,Deux véhicules - côté,,,,,,,,,,,1,1,2,1,3
201500012984,0015-05-14 01:15:00,15,5,14,1,15,120,176,RN 88,44.3733,2.58814,Nuit avec éclairage non allumé,En agglomération,Hors intersection,Normale,Autre collision,,,,,,,,,,,4,2,1,1,6
201500012985,0015-05-14 17:00:00,15,5,14,17,0,120,176,VABRE (AVENUE DE),44.3696,2.5697,Plein jour,En agglomération,Intersection en X,Normale,Deux véhicules - côté,,,,,,,,,,,1,2,2,1,3
201500012986,0015-05-20 09:00:00,15,5,20,9,0,120,202,MOYRAZES (ROUTE DE),44.3517,2.5562,Plein jour,Hors agglomération,Hors intersection,Temps couvert,Autre collision,,,,,,,,,,,1,1,1,8,6
201500012987,0015-05-25 14:55:00,15,5,25,14,55,120,202,BOSCARY MONSSERVIN (AVEN,44.3609,2.5604,Plein jour,En agglomération,Hors intersection,Normale,Deux véhicules - arrière,,,,,,,,,,,1,2,1,1,2
201500012988,0015-05-30 13:45:00,15,5,30,13,45,120,176,JOEL PILON (RUE),44.3937,2.60135,Plein jour,En agglomération,Hors intersection,Normale,Sans collision,,,,,,,,,,,1,2,1,1,7
201500012989,0015-06-04 14:00:00,15,6,4,14,0,120,176,ROUTE DE CANTARANNE,44.361,2.6045,Plein jour,Hors agglomération,Hors intersection,Normale,Autre collision,,,,,,,,,,,1,1,1,1,6
201500012990,0015-06-12 09:25:00,15,6,12,9,25,120,202,"08, GAMBETTA (BOULEVARD)",44.35,2.5732,Plein jour,En agglomération,Hors intersection,Normale,Autre collision,,,,,,,,,,,1,2,1,1,6
201500012991,0015-07-15 14:40:00,15,7,15,14,40,120,202,BAMBERG (AVENUE  DE),44.361,2.5891,Plein jour,En agglomération,Hors intersection,Normale,Deux véhicules - côté,,,,,,,,,,,1,2,1,1,3
201500012992,0015-07-29 17:00:00,15,7,29,17,0,120,176,RN 88,44.3705,2.64846,Plein jour,Hors agglomération,Hors intersection,Pluie légère,Sans collision,,,,,,,,,,,1,1,1,2,7
201500012993,0015-08-03 16:30:00,15,8,3,16,30,120,176,SAINT MARC (GIRATOIRE,44.374,2.59195,Plein jour,En agglomération,Giratoire,Normale,Deux véhicules - côté,,,,,,,,,,,1,2,6,1,3
201500012994,0015-08-05 18:40:00,15,8,5,18,40,120,202,AUVERGNE (GIRATOIRE DE L,44.3654,2.5637,Plein jour,En agglomération,Giratoire,Normale,Autre collision,,,,,,,,,,,1,2,6,1,6
201500012995,0015-08-11 17:45:00,15,8,11,17,45,120,202,MOYRAZES (ROUTE DE),44.3527,2.5536,Plein jour,Hors agglomération,Intersection en T,Normale,Trois véhicules et plus - collisions multiples,,,,,,,,,,,1,1,3,1,5
201500012996,0015-10-23 15:00:00,15,10,23,15,0,120,176,ESPALION (ROUTE D'),44.3758,2.59249,Plein jour,En agglomération,Hors intersection,Normale,Trois véhicules et plus - en chaîne,,,,,,,,,,,1,2,1,1,4
201500012997,0015-11-04 13:30:00,15,11,4,13,30,120,146,BANOCRES (COTE DE),,,Plein jour,En agglomération,Hors intersection,Normale,Sans collision,,,,,,,,,,,1,2,1,1,7
201500012998,0015-11-14 17:30:00,15,11,14,17,30,120,176,ROQUES (ROUTE DE LA),,,Crépuscule ou aube,En agglomération,Hors intersection,Normale,Trois véhicules et plus - en chaîne,,,,,,,,,,,2,2,1,1,4
201500012999,0015-11-23 07:55:00,15,11,23,7,55,120,202,VICTOR HUGO (AVENUE),,,Plein jour,En agglomération,Hors intersection,Normale,Sans collision,,,,,,,,,,,1,2,1,1,7
201500013000,0015-11-30 17:05:00,15,11,30,17,5,120,202,GINESTE (AVENUE DE LA),,,Plein jour,En agglomération,Hors intersection,Normale,Autre collision,,,,,,,,,,,1,2,1,1,6
201500013001,0015-12-09 18:05:00,15,12,9,18,5,120,202,"01, SAINT CYRICE (RUE)",,,Plein jour,En agglomération,Hors intersection,Normale,Deux véhicules - arrière,,,,,,,,,,,1,2,1,1,2
201500013002,0015-12-16 15:15:00,15,12,16,15,15,120,176,ROQUE (GIRATOIRE DE LA),,,Plein jour,En agglomération,Giratoire,Normale,Autre collision,,,,,,,,,,,1,2,6,1,6
201500013003,0015-12-18 09:00:00,15,12,18,9,0,120,202,RD 994,,,Plein jour,Hors agglomération,Hors intersection,Normale,Trois véhicules et plus - collisions multiples,,,,,,,,,,,1,1,1,1,5
201500013004,0015-12-26 11:40:00,15,12,26,11,40,120,202,"25, 122IEME R.I. (BOULEV",,,Plein jour,En agglomération,Hors intersection,Normale,Sans collision,,,,,,,,,,,1,2,1,1,7
201500013005,0015-03-30 22:30:00,15,3,30,22,30,460,145,,,,Nuit sans éclairage public,Hors agglomération,Hors intersection,Pluie légère,Deux véhicules - arrière,,,,,,,,,,,3,1,1,2,2
201500013006,0015-01-01 15:15:00,15,1,1,15,15,450,40,,47.61418,2.81671,Plein jour,Hors agglomération,Hors intersection,Normale,Autre collision,,,,,,,,,,,1,1,1,1,6
201500013007,0015-01-11 09:15:00,15,1,11,9,15,450,345,,47.96703,2.67262,Plein jour,Hors agglomération,Hors intersection,Normale,Autre collision,,,,,,,,,,,1,1,1,1,6
201500013008,0015-02-08 21:30:00,15,2,8,21,30,450,345,,47.97967,2.67216,Nuit sans éclairage public,Hors agglomération,Hors intersection,Normale,Autre collision,,,,,,,,,,,3,1,1,1,6
201500013009,0015-02-21 16:15:00,15,2,21,16,15,450,73,,48.0332,2.96858,Plein jour,Hors agglomération,Hors intersection,Neige / grêle,Trois véhicules et plus - en chaîne,,,,,,,,,,,1,1,1,4,4
201500013010,0015-06-01 13:45:00,15,6,1,13,45,450,155,,47.69465,2.73984,Plein jour,Hors agglomération,Hors intersection,Normale,Autre collision,,,,,,,,,,,1,1,1,1,6
201500013011,0015-06-16 14:00:00,15,6,16,14,0,450,247,,47.70807,2.74054,Plein jour,Hors agglomération,Hors intersection,Normale,Autre collision,,,,,,,,,,,1,1,1,1,6
201500013012,0015-07-08 07:45:00,15,7,8,7,45,450,53,,47.63502,2.77779,Plein jour,Hors agglomération,Hors intersection,Normale,Autre collision,,,,,,,,,,,1,1,1,1,6
201500013013,0015-08-16 07:15:00,15,8,16,7,15,450,189,,48.04423,2.89964,Plein jour,Hors agglomération,Hors intersection,Normale,Autre collision,,,,,,,,,,,1,1,1,1,6
201500013014,0015-09-17 15:15:00,15,9,17,15,15,450,222,,48.12645,2.71238,Plein jour,Hors agglomération,Hors intersection,Pluie forte,Autre collision,,,,,,,,,,,1,1,1,3,6
201500013015,0015-10-28 16:30:00,15,10,28,16,30,450,36,,47.77071,2.71284,Plein jour,Hors agglomération,Hors intersection,Normale,Deux véhicules - arrière,,,,,,,,,,,1,1,1,1,2
201500013016,0015-02-14 09:45:00,15,2,14,9,45,190,2,SENS BORDEAUX - CLERMONT,45.5785,2.38969,Plein jour,Hors agglomération,Hors intersection,Neige / grêle,Sans collision,,,,,,,,,,,1,1,1,4,7