accident_id,datetime,annee,mois,jour,heure,minute,departement,commune_insee,adresse,latitude,longitude,luminosite,agglomeration,intersection,meteo,collision,nb_vehicules,nb_usagers,nb_indemnes,nb_tues,nb_blesses_hosp,nb_blesses_legers,age_cond_1,age_cond_2,veh_type_cond_1,veh_type_cond_2,lum_code,agg_code,int_code,atm_code,col_code
201500013146,0015-03-25 08:10:00,15,3,25,8,10,130,4,RUE ROUBINE DU ROY,,,Plein jour,Hors agglomération,Hors intersection,Pluie légère,Autre collision,,,,,,,,,,,1,1,1,2,6
201500013147,0015-02-14 16:20:00,15,2,14,16,20,130,4,"14, DOCTEUR JOSEPH IMBER",43.66838,4.63032,Plein jour,En agglomération,Intersection en X,Temps couvert,Deux véhicules - côté,,,,,,,,,,,1,2,2,8,3
201500013148,0015-04-04 15:50:00,15,4,4,15,50,130,4,"10, AV DE LA PREM DIV FR",,,Plein jour,En agglomération,Hors intersection,Normale,Deux véhicules - arrière,,,,,,,,,,,1,2,1,1,2
201500013149,0015-04-06 21:05:00,15,4,6,21,5,130,4,RPT LIEUT. COLONEL ANDRE,43.66748,4.63532,Nuit avec éclairage allumé,En agglomération,Giratoire,Normale,Deux véhicules - côté,,,,,,,,,,,5,2,6,1,3
201500013150,0015-05-01 22:30:00,15,5,1,22,30,130,4,18-20 AV LAFAYETTE,43.67077,4.63547,Nuit avec éclairage allumé,En agglomération,Intersection en T,Normale,Deux véhicules - côté,,,,,,,,,,,5,2,3,1,3
201500013151,0015-03-01 17:35:00,15,3,1,17,35,130,4,97 Av du Président S,43.66955,4.61996,Plein jour,En agglomération,Giratoire,Normale,Deux véhicules - arrière,,,,,,,,,,,1,2,6,1,2
201500013152,0015-05-07 00:05:00,15,5,7,0,5,130,4,RTE N570 AVIGNON STES MA,,,Nuit sans éclairage public,Hors agglomération,Hors intersection,Normale,Autre collision,,,,,,,,,,,3,1,1,1,6
201500013153,0015-03-12 09:10:00,15,3,12,9,10,130,4,"7 BIS, LICES BOULEVARD D",43.67521,4.62904,Plein jour,En agglomération,Hors intersection,Normale,Sans collision,,,,,,,,,,,1,2,1,1,7
201500013154,0015-05-19 22:40:00,15,5,19,22,40,130,4,RTE N113 MARSEILLE A BOR,,,Nuit sans éclairage public,Hors agglomération,Hors intersection,Normale,Deux véhicules - arrière,,,,,,,,,,,3,1,1,1,2
201500013155,0015-05-29 21:05:00,15,5,29,21,5,130,4,AV STALINGRAD,,,Crépuscule ou aube,En agglomération,Hors intersection,Normale,Deux véhicules - côté,,,,,,,,,,,2,2,1,1,3
201500013156,0015-06-15 13:55:00,15,6,15,13,55,130,4,"100, AV DE CAMARGUE",43.67388,4.60771,Plein jour,En agglomération,Hors intersection,Normale,Deux véhicules - arrière,,,,,,,,,,,1,2,1,1,2
201500013157,0015-06-15 18:20:00,15,6,15,18,20,130,4,RPT GUY MOCQUET RD 570,,,Plein jour,Hors agglomération,Hors intersection,Normale,Sans collision,,,,,,,,,,,1,1,1,1,7
201500013158,0015-06-20 19:03:00,15,6,20,19,3,130,4,"8, RUE COPERNIC",43.69822,4.63388,Plein jour,En agglomération,Intersection en T,Normale,Autre collision,,,,,,,,,,,1,2,3,1,6
201500013159,0015-06-10 11:40:00,15,6,10,11,40,130,4,Rue de la Roubine du Roy,43.67944,4.6348,Plein jour,En agglomération,Intersection en Y,Normale,Sans collision,,,,,,,,,,,1,2,4,1,7
201500013160,0015-06-28 20:50:00,15,6,28,20,50,130,4,"45, RTE DE CRAU",43.67153,4.64206,Plein jour,En agglomération,Intersection en X,Normale,Deux véhicules - côté,,,,,,,,,,,1,2,2,1,3
201500013161,0015-07-04 04:23:00,15,7,4,4,23,130,4,RUE ANATOLE FRANCE,,,Nuit avec éclairage allumé,En agglomération,Hors intersection,Normale,Autre collision,,,,,,,,,,,5,2,1,1,6
201500013162,0015-07-10 08:20:00,15,7,10,8,20,130,4,RTE DES SAINTES MARIES,,,Plein jour,Hors agglomération,Hors intersection,Normale,Deux véhicules - arrière,,,,,,,,,,,1,1,1,1,2
201500013163,0015-07-08 05:55:00,15,7,8,5,55,130,4,"3325, RTE DE LA CRAU RAP",43.64858,4.69013,Plein jour,Hors agglomération,Autre intersection,Normale,Autre collision,,,,,,,,,,,1,1,9,1,6
201500013164,0015-08-10 11:10:00,15,8,10,11,10,130,4,BD DES LICES,,,Plein jour,En agglomération,Hors intersection,Normale,Autre collision,,,,,,,,,,,1,2,1,1,6
201500013165,0015-08-24 13:40:00,15,8,24,13,40,130,4,RUE JEAN CHARCOT,43.67053,4.622,Plein jour,En agglomération,Intersection en T,Normale,Sans collision,,,,,,,,,,,1,2,3,1,7
201500013166,0015-08-31 09:10:00,15,8,31,9,10,130,4,RUE JEAN GIONO,43.67925,4.63576,Plein jour,En agglomération,Hors intersection,Normale,Deux véhicules - côté,,,,,,,,,,,1,2,1,1,3
201500013167,0015-09-08 19:40:00,15,9,8,19,40,130,4,AV DOC ROBERT MOREL,,,Plein jour,Hors agglomération,Hors intersection,Normale,Autre collision,,,,,,,,,,,1,1,1,1,6
201500013168,0015-09-23 15:50:00,15,9,23,15,50,130,4,"01, CHE SEVERIN",43.67846,4.60701,Plein jour,En agglomération,Giratoire,Normale,Deux véhicules - arrière,,,,,,,,,,,1,2,6,1,2
201500013169,0015-09-26 17:30:00,15,9,26,17,30,130,4,AV MARECHAL JUIN,,,Plein jour,En agglomération,Autre intersection,Normale,Autre collision,,,,,,,,,,,1,2,9,1,6
201500013170,0015-10-12 09:30:00,15,10,12,9,30,130,4,35 CH DE L'ESTIVAGE,43.6614,4.64107,Plein jour,En agglomération,Intersection en X,Temps couvert,Deux véhicules - côté,,,,,,,,,,,1,2,2,8,3
201500013171,0015-10-16 21:15:00,15,10,16,21,15,130,4,"13, RTE DE CRAU",43.67309,4.64035,Nuit avec éclairage allumé,En agglomération,Hors intersection,Normale,Autre collision,,,,,,,,,,,5,2,1,1,6
201500013172,0015-10-09 17:00:00,15,10,9,17,0,130,4,RN 572 RTE DE ST GILLES*,,,Plein jour,Hors agglomération,Hors intersection,Normale,Autre collision,,,,,,,,,,,1,1,1,1,6
201500013173,0015-10-19 19:30:00,15,10,19,19,30,130,4,RTE DE TARASCON,,,Nuit sans éclairage public,Hors agglomération,Hors intersection,Normale,Autre collision,,,,,,,,,,,3,1,1,1,6
201500013174,0015-10-25 00:20:00,15,10,25,0,20,130,4,RTE D EYGUIERES,,,Nuit sans éclairage public,Hors agglomération,Hors intersection,Normale,Deux véhicules - côté,,,,,,,,,,,3,1,1,1,3
201500013175,0015-11-07 03:50:00,15,11,7,3,50,130,4,RPT DE LA RESISTANCE,,,Nuit avec éclairage allumé,En agglomération,Giratoire,Brouillard / fumée,Autre collision,,,,,,,,,,,5,2,6,5,6
201500013176,0015-11-15 14:40:00,15,11,15,14,40,130,4,"14BIS, RUE ETIENNE DOLET",43.67202,4.64497,Plein jour,En agglomération,Hors intersection,Normale,Autre collision,,,,,,,,,,,1,2,1,1,6
201500013177,0015-12-10 00:48:00,15,12,10,0,48,130,4,QUAI DES PLATANES,,,Nuit avec éclairage allumé,En agglomération,Autre intersection,Normale,Autre collision,,,,,,,,,,,5,2,9,1,6
201500013178,0015-03-16 13:30:00,15,3,16,13,30,130,70,"445, VOLTAIRE (BOULEVARD",43.28273,5.53037,Plein jour,En agglomération,Hors intersection,Temps couvert,Deux véhicules - arrière,,,,,,,,,,,1,2,1,8,2
201500013179,0015-03-18 18:40:00,15,3,18,18,40,130,5,"15, VERDUN (AVENUE DE)",43.28865,5.57356,Crépuscule ou aube,En agglomération,Hors intersection,Normale,Sans collision,,,,,,,,,,,2,2,1,1,7
201500013180,0015-03-19 18:45:00,15,3,19,18,45,130,5,REPUBLIQUE (RUE DE LA),43.29118,5.56967,Crépuscule ou aube,En agglomération,Intersection en T,Normale,Trois véhicules et plus - en chaîne,,,,,,,,,,,2,2,3,1,4
201500013181,0015-03-21 18:05:00,15,3,21,18,5,130,5,"1, NATIONALE 8",,,Plein jour,En agglomération,Hors intersection,Pluie légère,Deux véhicules - côté,,,,,,,,,,,1,2,1,2,3
201500013182,0015-03-22 17:40:00,15,3,22,17,40,130,70,"2, QUEIRADE (CHEMIN DE L",43.27905,5.52936,Plein jour,En agglomération,Hors intersection,Normale,Autre collision,,,,,,,,,,,1,2,1,1,6
201500013183,0015-03-24 16:00:00,15,3,24,16,0,130,5,"ALLEE 1/2, AUCHAN ( CENT",43.29419,5.59364,Plein jour,En agglomération,Hors intersection,Pluie légère,Autre collision,,,,,,,,,,,1,2,1,2,6
201500013184,0015-03-29 17:20:00,15,3,29,17,20,130,5,"2685, RN 96 (ROUTE NATIO",43.32313,5.58944,Plein jour,Hors agglomération,Hors intersection,Normale,Autre collision,,,,,,,,,,,1,1,1,1,6
201500013185,0015-03-28 10:15:00,15,3,28,10,15,130,70,"200, VOLTAIRE (BOULEVARD",43.2812,5.51947,Plein jour,En agglomération,Hors intersection,Normale,Deux véhicules - côté,,,,,,,,,,,1,2,1,1,3
201500013186,0015-04-02 08:30:00,15,4,2,8,30,130,5,"185, DIX NEUF MARS 1962",43.28848,5.57095,Plein jour,En agglomération,Hors intersection,Normale,Deux véhicules - côté,,,,,,,,,,,1,2,1,1,3
201500013187,0015-04-02 08:45:00,15,4,2,8,45,130,5,"0, RN 8",,,Plein jour,En agglomération,Hors intersection,Normale,Trois véhicules et plus - en chaîne,,,,,,,,,,,1,2,1,1,4
201500013188,0015-04-05 10:40:00,15,4,5,10,40,130,70,"1, GARE (BOULEVARD DE LA",43.35714,5.36707,Plein jour,En agglomération,Autre intersection,Normale,Deux véhicules - côté,,,,,,,,,,,1,2,9,1,3
201500013189,0015-04-09 16:30:00,15,4,9,16,30,130,5,"1, ARC (AVENUE JEANNE D'",43.29445,5.56706,Plein jour,En agglomération,Intersection en T,Normale,Deux véhicules - côté,,,,,,,,,,,1,2,3,1,3
201500013190,0015-04-09 17:40:00,15,4,9,17,40,130,70,"72, ROUSSEAU (BOULEVARD",43.27605,5.52512,Plein jour,En agglomération,Hors intersection,Normale,Deux véhicules - arrière,,,,,,,,,,,1,2,1,1,2
201500013191,0015-04-11 11:45:00,15,4,11,11,45,130,5,"0, CEINTURE DE CAMPS MAJ",43.2953,5.58431,Plein jour,En agglomération,Hors intersection,Normale,Deux véhicules - côté,,,,,,,,,,,1,2,1,1,3
201500013192,0015-04-17 16:05:00,15,4,17,16,5,130,5,22**MERMOZ (RUE JEAN),43.28608,5.57561,Plein jour,En agglomération,Hors intersection,Normale,Deux véhicules - arrière,,,,,,,,,,,1,2,1,1,2
201500013193,0015-04-18 09:00:00,15,4,18,9,0,130,5,"1, DE ROUX (RUE COLONEL)",43.29498,5.56809,Plein jour,En agglomération,Autre intersection,Temps éblouissant,Autre collision,,,,,,,,,,,1,2,9,7,6
201500013194,0015-04-20 08:45:00,15,4,20,8,45,130,5,EOURES (ROUTE D'),43.29762,5.56588,Plein jour,En agglomération,Hors intersection,Normale,Deux véhicules - arrière,,,,,,,,,,,1,2,1,1,2
201500013195,0015-04-26 16:40:00,15,4,26,16,40,130,5,"0, AVELANEDE (CHEMIN DE",43.28632,5.58726,Plein jour,Hors agglomération,Intersection en X,Normale,Autre collision,,,,,,,,,,,1,1,2,1,6
201500013196,0015-04-26 18:45:00,15,4,26,18,45,130,5,"2550, RN 96 (ROUTE NATIO",43.32496,5.5925,Plein jour,Hors agglomération,Hors intersection,Pluie légère,Sans collision,,,,,,,,,,,1,1,1,2,7
201500013197,0015-04-30 09:30:00,15,4,30,9,30,130,70,Chemin de Saint-Lambert,43.28575,5.51416,Plein jour,En agglomération,Intersection en T,Normale,Deux véhicules - côté,,,,,,,,,,,1,2,3,1,3
201500013198,0015-04-30 11:00:00,15,4,30,11,0,130,5,"1760, CD 2 (CAMP MAJOR)",43.28817,5.54039,Plein jour,Hors agglomération,Hors intersection,Normale,Deux véhicules - côté,,,,,,,,,,,1,1,1,1,3
201500013199,0015-03-20 19:10:00,15,3,20,19,10,130,5,"335, ANGLADE (CHEMIN DE",43.3093,5.58726,Nuit sans éclairage public,Hors agglomération,Hors intersection,Normale,Deux véhicules - frontale,,,,,,,,,,,3,1,1,1,1
201500013200,0015-04-30 16:30:00,15,4,30,16,30,130,5,"3, MANOUCHIAN (AVENUE)",43.2863,5.5485,Plein jour,En agglomération,Hors intersection,Normale,Sans collision,,,,,,,,,,,1,2,1,1,7
201500013201,0015-05-05 11:50:00,15,5,5,11,50,130,5,MISTRAL (AVENUE DU),43.28871,5.59613,Plein jour,Hors agglomération,Intersection en T,Normale,Deux véhicules - côté,,,,,,,,,,,1,1,3,1,3
201500013202,0015-05-05 14:55:00,15,5,5,14,55,130,5,CANIERS (AVENUE*DES),43.28439,5.59404,Plein jour,En agglomération,Hors intersection,Normale,Deux véhicules - arrière,,,,,,,,,,,1,2,1,1,2
201500013203,0015-05-06 12:52:00,15,5,6,12,52,130,5,RD 559 A (ROUTE DE LA,43.28301,5.58373,Plein jour,En agglomération,Hors intersection,Normale,Deux véhicules - côté,,,,,,,,,,,1,2,1,1,3
201500013204,0015-05-11 11:30:00,15,5,11,11,30,130,5,"0, PAIX (AVENUE DE LA )",43.27895,5.55136,Plein jour,En agglomération,Hors intersection,Normale,Deux véhicules - côté,,,,,,,,,,,1,2,1,1,3
201500013205,0015-05-12 14:10:00,15,5,12,14,10,130,5,"26, SALENGRO (AVENUE ROG",43.29913,5.56923,Plein jour,En agglomération,Intersection en T,Normale,Deux véhicules - frontale,,,,,,,,,,,1,2,3,1,1
201500013206,0015-05-12 17:05:00,15,5,12,17,5,130,5,"20, JEU DE BALLON (RUE D",43.29163,5.57112,Plein jour,En agglomération,Hors intersection,Normale,Autre collision,,,,,,,,,,,1,2,1,1,6
201500013207,0015-05-13 08:15:00,15,5,13,8,15,130,5,"70, REPUBLIQUE (RUE DE L",43.29115,5.56968,Plein jour,Hors agglomération,Hors intersection,Normale,Sans collision,,,,,,,,,,,1,1,1,1,7
201500013208,0015-05-13 17:45:00,15,5,13,17,45,130,5,LIGNIERES (AVENUE DES),43.29447,5.55815,Plein jour,En agglomération,Giratoire,Normale,Autre collision,,,,,,,,,,,1,2,6,1,6
201500013209,0015-05-13 20:20:00,15,5,13,20,20,130,5,"., CD 2 (CAMP MAJOR)",43.28806,5.52269,Plein jour,En agglomération,Hors intersection,Normale,Deux véhicules - arrière,,,,,,,,,,,1,2,1,1,2
201500013210,0015-05-15 10:50:00,15,5,15,10,50,130,5,AVELANEDE (CHEMIN DE L'),43.28769,5.58714,Plein jour,Hors agglomération,Intersection en T,Normale,Deux véhicules - arrière,,,,,,,,,,,1,1,3,1,2
201500013211,0015-05-17 17:00:00,15,5,17,17,0,130,5,NAPOLLON (ROUTE DE),43.32325,5.58961,Plein jour,Hors agglomération,Hors intersection,Normale,Trois véhicules et plus - collisions multiples,,,,,,,,,,,1,1,1,1,5
201500013212,0015-05-18 06:50:00,15,5,18,6,50,130,5,"929, PALUDS (AVENUE DES)",43.29033,5.59588,Plein jour,En agglomération,Hors intersection,Normale,Deux véhicules - frontale,,,,,,,,,,,1,2,1,1,1
201500013213,0015-05-18 17:43:00,15,5,18,17,43,130,5,"2500 D96, 13400 Aubagne",43.32477,5.59224,Plein jour,Hors agglomération,Intersection en T,Normale,Deux véhicules - côté,,,,,,,,,,,1,1,3,1,3
201500013214,0015-05-19 16:50:00,15,5,19,16,50,130,70,"8, ROBION (CHEMIN NOEL)",43.2845,5.51644,Plein jour,En agglomération,Hors intersection,Normale,Deux véhicules - côté,,,,,,,,,,,1,2,1,1,3
201500013215,0015-05-21 10:50:00,15,5,21,10,50,130,5,"1, REPUBLIQUE (RUE DE LA",43.29628,5.37408,Plein jour,En agglomération,Hors intersection,Normale,Deux véhicules - frontale,,,,,,,,,,,1,2,1,1,1
201500013216,0015-05-22 10:00:00,15,5,22,10,0,130,5,RASTEGUE (COURS BARTHELE,43.29275,5.56775,Plein jour,Hors agglomération,Hors intersection,Normale,Deux véhicules - côté,,,,,,,,,,,1,1,1,1,3
201500013217,0015-05-23 14:10:00,15,5,23,14,10,130,5,SOULAT (SQUARE*MARCEL),43.29574,5.56575,Plein jour,En agglomération,Hors intersection,Normale,Autre collision,,,,,,,,,,,1,2,1,1,6
201500013218,0015-05-24 17:20:00,15,5,24,17,20,130,5,chemin des petits melets,43.31253,5.60284,Plein jour,Hors agglomération,Intersection en T,Normale,Deux véhicules - côté,,,,,,,,,,,1,1,3,1,3
201500013219,0015-05-28 17:25:00,15,5,28,17,25,130,5,Chemin de l'Avelanède,43.29487,5.59085,Plein jour,En agglomération,Hors intersection,Normale,Autre collision,,,,,,,,,,,1,2,1,1,6
201500013220,0015-05-26 14:30:00,15,5,26,14,30,130,5,RN 96 (ROUTE NATIONALE ),43.32581,5.59397,Plein jour,Hors agglomération,Intersection en T,Normale,Deux véhicules - côté,,,,,,,,,,,1,1,3,1,3
201500013221,0015-05-29 15:00:00,15,5,29,15,0,130,5,EOURES (ROUTE D'),43.29487,5.59085,Plein jour,En agglomération,Hors intersection,Normale,Autre collision,,,,,,,,,,,1,2,1,1,6
201500013222,0015-05-31 15:30:00,15,5,31,15,30,130,70,JAS DES CANDOLLES,43.28082,5.50969,Plein jour,En agglomération,Hors intersection,Normale,Autre collision,,,,,,,,,,,1,2,1,1,6
201500013223,0015-06-01 10:15:00,15,6,1,10,15,130,70,GARE (BOULEVARD DE LA),43.28376,5.51503,Plein jour,En agglomération,Intersection en T,Normale,Deux véhicules - côté,,,,,,,,,,,1,2,3,1,3
201500013224,0015-06-01 13:20:00,15,6,1,13,20,130,5,"33, VERDUN (AVENUE DE)",43.2878,5.57891,Plein jour,En agglomération,Intersection en T,Normale,Deux véhicules - arrière,,,,,,,,,,,1,2,3,1,2
201500013225,0015-06-01 21:40:00,15,6,1,21,40,130,5,"25, VERDUN (AVENUE DE)",43.28789,5.57803,Crépuscule ou aube,En agglomération,Intersection en T,Normale,Deux véhicules - côté,,,,,,,,,,,2,2,3,1,3
201500013226,0015-06-02 09:32:00,15,6,2,9,32,130,5,SALENGRO (AVENUE ROGER),43.29638,5.56871,Plein jour,En agglomération,Giratoire,Normale,Deux véhicules - côté,,,,,,,,,,,1,2,6,1,3
201500013227,0015-06-03 07:15:00,15,6,3,7,15,130,5,,43.2983,5.59058,Plein jour,En agglomération,Hors intersection,Normale,Deux véhicules - côté,,,,,,,,,,,1,2,1,1,3
201500013228,0015-06-03 11:50:00,15,6,3,11,50,130,70,"206, VOLTAIRE (BOULEVARD",43.28121,5.5196,Plein jour,En agglomération,Hors intersection,Normale,Autre collision,,,,,,,,,,,1,2,1,1,6
201500013229,0015-06-05 18:45:00,15,6,5,18,45,130,5,RN 8,43.2843,5.54602,Plein jour,En agglomération,Hors intersection,Normale,Deux véhicules - frontale,,,,,,,,,,,1,2,1,1,1
201500013230,0015-06-08 08:45:00,15,6,8,8,45,130,70,COLOMBES (ALLEE DES),43.28366,5.51354,Plein jour,En agglomération,Hors intersection,Normale,Deux véhicules - arrière,,,,,,,,,,,1,2,1,1,2
201500013231,0015-06-04 19:00:00,15,6,4,19,0,130,5,3170 Route de la Légion,43.28808,5.52334,Plein jour,En agglomération,Intersection en T,Normale,Deux véhicules - côté,,,,,,,,,,,1,2,3,1,3
201500013232,0015-06-15 13:46:00,15,6,15,13,46,130,5,"19, PALUDS (Z.I. *** )",43.29462,5.59081,Plein jour,En agglomération,Hors intersection,Normale,Autre collision,,,,,,,,,,,1,2,1,1,6
201500013233,0015-06-16 08:10:00,15,6,16,8,10,130,5,"0, BOYER (AVENUE ANTIDE)",43.29425,5.55869,Plein jour,En agglomération,Hors intersection,Normale,Deux véhicules - arrière,,,,,,,,,,,1,2,1,1,2
201500013234,0015-06-08 07:30:00,15,6,8,7,30,130,5,Ancien Chemin de Saint-J,43.30868,5.60809,Plein jour,Hors agglomération,Intersection en X,Normale,Deux véhicules - côté,,,,,,,,,,,1,1,2,1,3
201500013235,0015-06-17 11:05:00,15,6,17,11,5,130,5,RN 8,,,Plein jour,Hors agglomération,Hors intersection,Normale,Deux véhicules - arrière,,,,,,,,,,,1,1,1,1,2
201500013236,0015-06-17 16:00:00,15,6,17,16,0,130,70,VOLTAIRE (BOULEVARD),,,Plein jour,En agglomération,Hors intersection,Normale,Autre collision,,,,,,,,,,,1,2,1,1,6
201500013237,0015-06-20 17:50:00,15,6,20,17,50,130,5,TAMARIS (BOULEVARD DES),43.27783,5.53263,Plein jour,En agglomération,Hors intersection,Normale,Autre collision,,,,,,,,,,,1,2,1,1,6
201500013238,0015-06-21 18:30:00,15,6,21,18,30,130,5,"6, RASTEGUE (COURS BARTH",43.29279,5.56874,Plein jour,En agglomération,Hors intersection,Normale,Deux véhicules - arrière,,,,,,,,,,,1,2,1,1,2
201500013239,0015-06-23 18:50:00,15,6,23,18,50,130,5,Route de la Ciotat,43.26715,5.58784,Plein jour,Hors agglomération,Hors intersection,Normale,Deux véhicules - côté,,,,,,,,,,,1,1,1,1,3
201500013240,0015-06-26 17:45:00,15,6,26,17,45,130,5,"2295, RN 96 (ROUTE NATIO",43.32358,5.59018,Plein jour,Hors agglomération,Hors intersection,Normale,Deux véhicules - arrière,,,,,,,,,,,1,1,1,1,2
201500013241,0015-06-26 16:55:00,15,6,26,16,55,130,5,CANIERS (AVENUE DES),43.28928,5.59362,Plein jour,Hors agglomération,Hors intersection,Normale,Deux véhicules - côté,,,,,,,,,,,1,1,1,1,3
201500013242,0015-06-28 21:40:00,15,6,28,21,40,130,5,"22, SALENGRO (AVENUE ROG",43.29861,5.56914,Nuit avec éclairage allumé,En agglomération,Intersection en T,Normale,Deux véhicules - côté,,,,,,,,,,,5,2,3,1,3
201500013243,0015-06-30 08:20:00,15,6,30,8,20,130,5,NATIONALE 8,43.28718,5.58378,Plein jour,En agglomération,Hors intersection,Normale,Autre collision,,,,,,,,,,,1,2,1,1,6
201500013244,0015-06-30 18:25:00,15,6,30,18,25,130,5,"355,PROMENADE BLANCARD**",43.2962,5.56137,Plein jour,En agglomération,Hors intersection,Normale,Deux véhicules - arrière,,,,,,,,,,,1,2,1,1,2
201500013245,0015-06-30 19:30:00,15,6,30,19,30,130,5,"0, AVELANEDE (CHEMIN DE",43.28765,5.58718,Plein jour,En agglomération,Autre intersection,Normale,Autre collision,,,,,,,,,,,1,2,9,1,6
201500013246,0015-07-02 08:50:00,15,7,2,8,50,130,5,CAMP DE SARLIER ROUTE DE,43.29815,5.59695,Plein jour,En agglomération,Giratoire,Normale,Deux véhicules - arrière,,,,,,,,,,,1,2,6,1,2
201500013247,0015-07-03 14:05:00,15,7,3,14,5,130,5,"21, DELFIEU (AVENUE LOUL",43.29254,5.56544,Plein jour,En agglomération,Hors intersection,Normale,Deux véhicules - arrière,,,,,,,,,,,1,2,1,1,2
201500013248,0015-07-03 16:30:00,15,7,3,16,30,130,70,"52, ROUSSEAU (BOULEVARD",43.27688,5.52254,Plein jour,En agglomération,Hors intersection,Normale,Deux véhicules - arrière,,,,,,,,,,,1,2,1,1,2
201500013249,0015-07-11 08:20:00,15,7,11,8,20,130,70,"139, VOLTAIRE (BOULEVARD",43.28142,5.51617,Plein jour,En agglomération,Hors intersection,Normale,Deux véhicules - frontale,,,,,,,,,,,1,2,1,1,1
201500013250,0015-07-10 16:20:00,15,7,10,16,20,130,5,"965, RN 96 (ROUTE NATION",43.31089,5.57704,Plein jour,En agglomération,Hors intersection,Normale,Autre collision,,,,,,,,,,,1,2,1,1,6
201500013251,0015-07-14 15:55:00,15,7,14,15,55,130,5,"0, PALUDS (Z.I. DES )",43.29294,5.58962,Plein jour,Hors agglomération,Hors intersection,Normale,Deux véhicules - côté,,,,,,,,,,,1,1,1,1,3
201500013252,0015-07-17 17:20:00,15,7,17,17,20,130,5,.5358F MANOUCHIAN,43.28525,5.54875,Plein jour,En agglomération,Hors intersection,Normale,Deux véhicules - côté,,,,,,,,,,,1,2,1,1,3
201500013253,0015-07-20 17:30:00,15,7,20,17,30,130,70,"2, ANTONETTI (AVENUE)",43.28708,5.51282,Plein jour,Hors agglomération,Hors intersection,Normale,Trois véhicules et plus - en chaîne,,,,,,,,,,,1,1,1,1,4
201500013254,0015-07-23 10:30:00,15,7,23,10,30,130,5,"0, VALLEE (CHEMIN DE LA)",,,Plein jour,Hors agglomération,Hors intersection,Normale,Autre collision,,,,,,,,,,,1,1,1,1,6
201500013255,0015-07-23 17:50:00,15,7,23,17,50,130,5,"1, GEMENOS (ROUTE DE CD2",43.29783,5.58874,Plein jour,Hors agglomération,Giratoire,Normale,Deux véhicules - côté,,,,,,,,,,,1,1,6,1,3
201500013256,0015-07-29 08:20:00,15,7,29,8,20,130,5,"22, VERDUN (AVENUE DE)",43.28772,5.58132,Plein jour,En agglomération,Hors intersection,Temps éblouissant,Deux véhicules - arrière,,,,,,,,,,,1,2,1,7,2
201500013257,0015-08-01 18:50:00,15,8,1,18,50,130,70,ROUSSEAU (BOULEVARD JEAN,,,Plein jour,En agglomération,Hors intersection,Normale,Autre collision,,,,,,,,,,,1,2,1,1,6
201500013258,0015-08-02 04:50:00,15,8,2,4,50,130,5,"410, RN 8",43.28311,5.59697,Nuit avec éclairage allumé,En agglomération,Hors intersection,Normale,Sans collision,,,,,,,,,,,5,2,1,1,7
201500013259,0015-08-06 09:35:00,15,8,6,9,35,130,5,10-14SALENGRO (AV. ROGER,43.2976,5.56898,Plein jour,En agglomération,Hors intersection,Normale,Autre collision,,,,,,,,,,,1,2,1,1,6
201500013260,0015-08-07 22:00:00,15,8,7,22,0,130,5,"385, MERMOZ (RUE JEAN)",43.28593,5.57617,Nuit avec éclairage allumé,En agglomération,Hors intersection,Normale,Deux véhicules - côté,,,,,,,,,,,5,2,1,1,3
201500013261,0015-08-10 16:45:00,15,8,10,16,45,130,5,CANIERS (AVENUE DES),43.28603,5.59446,Plein jour,En agglomération,Hors intersection,Normale,Deux véhicules - arrière,,,,,,,,,,,1,2,1,1,2
201500013262,0015-08-10 16:30:00,15,8,10,16,30,130,5,BAUMONE (AVENUE DE LA ),43.29484,5.59499,Plein jour,En agglomération,Hors intersection,Normale,Autre collision,,,,,,,,,,,1,2,1,1,6
201500013263,0015-08-11 14:30:00,15,8,11,14,30,130,5,RD 8N,43.28626,5.58736,Plein jour,En agglomération,Intersection en T,Normale,Deux véhicules - frontale,,,,,,,,,,,1,2,3,1,1
201500013264,0015-08-12 11:50:00,15,8,12,11,50,130,5,"644, NAPOLLON (ROUTE DE)",43.31107,5.5771,Plein jour,En agglomération,Hors intersection,Normale,Deux véhicules - arrière,,,,,,,,,,,1,2,1,1,2
201500013265,0015-01-02 22:05:00,15,1,2,22,5,130,5,"D, PEBRE D'AIL (RUE DU )",43.28292,5.55496,Nuit avec éclairage allumé,En agglomération,Hors intersection,Normale,Autre collision,,,,,,,,,,,5,2,1,1,6
201500013266,0015-08-12 12:35:00,15,8,12,12,35,130,5,RD8N,43.28359,5.59397,Plein jour,Hors agglomération,Giratoire,Normale,Sans collision,,,,,,,,,,,1,1,6,1,7
201500013267,0015-08-17 10:50:00,15,8,17,10,50,130,5,VERDUN (AVENUE DE),43.28902,5.57291,Plein jour,En agglomération,Intersection en T,Normale,Deux véhicules - côté,,,,,,,,,,,1,2,3,1,3
201500013268,0015-08-25 10:15:00,15,8,25,10,15,130,5,SALENGRO (AVENUE ROGER),43.3039,5.57232,Plein jour,En agglomération,Giratoire,Normale,Trois véhicules et plus - en chaîne,,,,,,,,,,,1,2,6,1,4
201500013269,0015-08-14 11:00:00,15,8,14,11,0,130,70,"1, GARE (BOULEVARD DE LA",43.28193,5.51504,Plein jour,En agglomération,Intersection en X,Normale,Deux véhicules - côté,,,,,,,,,,,1,2,2,1,3
201500013270,0015-08-24 18:15:00,15,8,24,18,15,130,5,38 Avenue Roger Salengro,43.30308,5.57165,Plein jour,Hors agglomération,Hors intersection,Normale,Deux véhicules - arrière,,,,,,,,,,,1,1,1,1,2
201500013271,0015-08-27 08:20:00,15,8,27,8,20,130,70,"196, VOLTAIRE (BOULEVARD",43.2812,5.51911,Plein jour,En agglomération,Hors intersection,Normale,Deux véhicules - arrière,,,,,,,,,,,1,2,1,1,2