accident_id,datetime,annee,mois,jour,heure,minute,departement,commune_insee,adresse,latitude,longitude,luminosite,agglomeration,intersection,meteo,collision,nb_vehicules,nb_usagers,nb_indemnes,nb_tues,nb_blesses_hosp,nb_blesses_legers,age_cond_1,age_cond_2,veh_type_cond_1,veh_type_cond_2,lum_code,agg_code,int_code,atm_code,col_code
201500013272,0015-08-30 11:30:00,15,8,30,11,30,130,5,SALENGRO (AVENUE ROGER),43.29773,5.56899,Plein jour,En agglomération,Intersection en T,Normale,Deux véhicules - côté,,,,,,,,,,,1,2,3,1,3
201500013273,0015-08-30 14:20:00,15,8,30,14,20,130,5,"0, BONNES NOUVELLES (CH.",43.29167,5.59027,Plein jour,Hors agglomération,Hors intersection,Normale,Deux véhicules - côté,,,,,,,,,,,1,1,1,1,3
201500013274,0015-08-31 10:30:00,15,8,31,10,30,130,5,VERDUN (AVENUE DE),43.28778,5.58117,Plein jour,En agglomération,Intersection en X,Normale,Deux véhicules - côté,,,,,,,,,,,1,2,2,1,3
201500013275,0015-09-08 20:45:00,15,9,8,20,45,130,70,"12, VOLTAIRE (BOULEVARD)",43.28264,5.52998,Nuit avec éclairage allumé,En agglomération,Intersection en T,Normale,Deux véhicules - côté,,,,,,,,,,,5,2,3,1,3
201500013276,0015-09-09 13:25:00,15,9,9,13,25,130,5,"5, MANOUCHIAN (AVENUE)",43.2871,5.5484,Plein jour,En agglomération,Hors intersection,Normale,Trois véhicules et plus - collisions multiples,,,,,,,,,,,1,2,1,1,5
201500013277,0015-09-10 15:40:00,15,9,10,15,40,130,5,"4, REPUBLIQUE (RUE DE LA",43.29261,5.56769,Plein jour,En agglomération,Giratoire,Normale,Autre collision,,,,,,,,,,,1,2,6,1,6
201500013278,0015-09-11 10:03:00,15,9,11,10,3,130,5,BARTHELEMY (RUE DU DR),43.29566,5.56807,Plein jour,En agglomération,Autre intersection,Normale,Autre collision,,,,,,,,,,,1,2,9,1,6
201500013279,0015-09-11 14:00:00,15,9,11,14,0,130,5,216 CANIERS (AVENUE DES),43.28639,5.59452,Plein jour,En agglomération,Giratoire,Normale,Deux véhicules - côté,,,,,,,,,,,1,2,6,1,3
201500013280,0015-09-12 09:15:00,15,9,12,9,15,130,5,RN 396 (ROUTE NATIONALE),43.30876,5.60799,Plein jour,Hors agglomération,Intersection en X,Normale,Deux véhicules - côté,,,,,,,,,,,1,1,2,1,3
201500013281,0015-09-12 15:30:00,15,9,12,15,30,130,5,"0, AVELANEDE (CHEMIN DE",43.29629,5.59021,Plein jour,En agglomération,Giratoire,Normale,Deux véhicules - côté,,,,,,,,,,,1,2,6,1,3
201500013282,0015-09-16 17:10:00,15,9,16,17,10,130,5,RN 8,43.28402,5.54316,Plein jour,En agglomération,Autre intersection,Normale,Autre collision,,,,,,,,,,,1,2,9,1,6
201500013283,0015-09-21 10:30:00,15,9,21,10,30,130,5,"0, GOUMS (AVENUE DES)",43.29281,5.56264,Plein jour,En agglomération,Hors intersection,Normale,Autre collision,,,,,,,,,,,1,2,1,1,6
201500013284,0015-09-21 12:50:00,15,9,21,12,50,130,5,,43.3197,5.58501,Plein jour,En agglomération,Hors intersection,Normale,Trois véhicules et plus - en chaîne,,,,,,,,,,,1,2,1,1,4
201500013285,0015-09-22 18:15:00,15,9,22,18,15,130,5,CD 2 (CAMP MAJOR),,,Plein jour,En agglomération,Hors intersection,Normale,Deux véhicules - côté,,,,,,,,,,,1,2,1,1,3
201500013286,0015-01-03 13:30:00,15,1,3,13,30,130,5,"2520, CD 2 (CAMP MAJOR)",,,Plein jour,En agglomération,Intersection en X,Normale,Deux véhicules - côté,,,,,,,,,,,1,2,2,1,3
201500013287,0015-09-14 11:00:00,15,9,14,11,0,130,5,"0, RN 96 (ROUTE NATIONAL",,,Plein jour,En agglomération,Hors intersection,Normale,Deux véhicules - côté,,,,,,,,,,,1,2,1,1,3
201500013288,0015-09-23 17:30:00,15,9,23,17,30,130,5,"80, REPUBLIQUE (RUE DE L",43.29025,5.57128,Plein jour,En agglomération,Hors intersection,Normale,Autre collision,,,,,,,,,,,1,2,1,1,6
201500013289,0015-09-24 12:30:00,15,9,24,12,30,130,5,31 Route de la Ciotat,43.28735,5.57929,Plein jour,En agglomération,Intersection en X,Normale,Deux véhicules - frontale,,,,,,,,,,,1,2,2,1,1
201500013290,0015-09-25 16:05:00,15,9,25,16,5,130,5,RN 396 (ROUTE NATIONALE),43.30867,5.60809,Plein jour,Hors agglomération,Intersection en X,Normale,Deux véhicules - côté,,,,,,,,,,,1,1,2,1,3
201500013291,0015-09-25 11:30:00,15,9,25,11,30,130,5,"0, RN 396 (ROUTE NATIONA",43.30868,5.60809,Plein jour,Hors agglomération,Intersection en X,Normale,Deux véhicules - frontale,,,,,,,,,,,1,1,2,1,1
201500013292,0015-09-26 17:00:00,15,9,26,17,0,130,5,"1945, GEMENOS (ROUTE DE",43.28772,5.53763,Plein jour,En agglomération,Intersection en T,Normale,Deux véhicules - côté,,,,,,,,,,,1,2,3,1,3
201500013293,0015-10-03 09:30:00,15,10,3,9,30,130,5,"1460, CD 2 (CAMP MAJOR)",43.28816,5.54301,Plein jour,En agglomération,Hors intersection,Pluie légère,Autre collision,,,,,,,,,,,1,2,1,2,6
201500013294,0015-10-04 04:00:00,15,10,4,4,0,130,5,FARIGOULES (BOULEVARD DE,43.27919,5.53045,Nuit avec éclairage allumé,En agglomération,Intersection en T,Temps couvert,Autre collision,,,,,,,,,,,5,2,3,8,6
201500013295,0015-01-03 18:05:00,15,1,3,18,5,130,5,"1, ROBION (TRAVERSE NOEL",43.28455,5.52352,Nuit avec éclairage non allumé,En agglomération,Intersection en T,Normale,Deux véhicules - côté,,,,,,,,,,,4,2,3,1,3
201500013296,0015-10-05 20:50:00,15,10,5,20,50,130,5,"0, RN 396 (ROUTE NATIONA",43.31514,5.60076,Nuit avec éclairage allumé,Hors agglomération,Intersection en T,Normale,Deux véhicules - arrière,,,,,,,,,,,5,1,3,1,2
201500013297,0015-10-05 20:00:00,15,10,5,20,0,130,70,"128, VOLTAIRE (BOULEVARD",43.28165,5.51526,Nuit avec éclairage allumé,En agglomération,Hors intersection,Normale,Deux véhicules - arrière,,,,,,,,,,,5,2,1,1,2
201500013298,0015-10-08 07:15:00,15,10,8,7,15,130,5,"0, CANIERS (AVENUE DES)",,,Crépuscule ou aube,En agglomération,Hors intersection,Normale,Trois véhicules et plus - en chaîne,,,,,,,,,,,2,2,1,1,4
201500013299,0015-10-08 10:15:00,15,10,8,10,15,130,5,"155, LENCHE (RUE DE )",43.29043,5.59951,Plein jour,En agglomération,Hors intersection,Normale,Deux véhicules - côté,,,,,,,,,,,1,2,1,1,3
201500013300,0015-10-10 13:10:00,15,10,10,13,10,130,5,"1, CHEMIN DE FER (TRAVER",43.28735,5.5451,Plein jour,En agglomération,Hors intersection,Normale,Deux véhicules - arrière,,,,,,,,,,,1,2,1,1,2
201500013301,0015-10-10 19:50:00,15,10,10,19,50,130,5,THUILIERE (CHEMIN DE LA,43.29599,5.54761,Nuit sans éclairage public,Hors agglomération,Intersection en X,Normale,Deux véhicules - frontale,,,,,,,,,,,3,1,2,1,1
201500013302,0015-10-13 13:55:00,15,10,13,13,55,130,5,"308, GASTINE (AVENUE DES",43.29108,5.56485,Plein jour,En agglomération,Intersection en T,Normale,Deux véhicules - frontale,,,,,,,,,,,1,2,3,1,1
201500013303,0015-10-14 12:20:00,15,10,14,12,20,130,5,PASTRE (AVENUE),43.29692,5.59238,Plein jour,En agglomération,Autre intersection,Normale,Autre collision,,,,,,,,,,,1,2,9,1,6
201500013304,0015-10-16 15:20:00,15,10,16,15,20,130,5,PASTRE (AVENUE),43.29194,5.59408,Plein jour,En agglomération,Hors intersection,Normale,Autre collision,,,,,,,,,,,1,2,1,1,6
201500013305,0015-10-23 12:10:00,15,10,23,12,10,130,5,LAGUNAS (AVENUE SIMON),43.29395,5.56368,Plein jour,En agglomération,Hors intersection,Normale,Deux véhicules - arrière,,,,,,,,,,,1,2,1,1,2
201500013306,0015-10-25 09:30:00,15,10,25,9,30,130,5,"0, VERDUN (AVENUE DE)",43.28784,5.58157,Plein jour,En agglomération,Intersection en T,Normale,Trois véhicules et plus - collisions multiples,,,,,,,,,,,1,2,3,1,5
201500013307,0015-10-26 18:05:00,15,10,26,18,5,130,5,"550, DOUARD (AVENUE DU)",43.28636,5.59517,Crépuscule ou aube,Hors agglomération,Hors intersection,Normale,Autre collision,,,,,,,,,,,2,1,1,1,6
201500013308,0015-10-27 09:00:00,15,10,27,9,0,130,5,AUBES (CHEMIN DES*,43.30697,5.58728,Plein jour,En agglomération,Hors intersection,Normale,Deux véhicules - arrière,,,,,,,,,,,1,2,1,1,2
201500013309,0015-10-30 19:35:00,15,10,30,19,35,130,5,"7, PERRUSSONNE (CHEMIN D",43.28428,5.54596,Nuit avec éclairage allumé,En agglomération,Hors intersection,Normale,Deux véhicules - frontale,,,,,,,,,,,5,2,1,1,1
201500013310,0015-11-02 09:30:00,15,11,2,9,30,130,5,"0, CONDAMINE (TRAVERSE D",43.31992,5.58533,Plein jour,Hors agglomération,Intersection en T,Normale,Deux véhicules - côté,,,,,,,,,,,1,1,3,1,3
201500013311,0015-11-05 08:00:00,15,11,5,8,0,130,5,"0, CEINTURE DE CAMPS MAJ",43.29643,5.58345,Plein jour,En agglomération,Giratoire,Normale,Deux véhicules - côté,,,,,,,,,,,1,2,6,1,3
201500013312,0015-01-04 05:05:00,15,1,4,5,5,130,5,RD 43 C,43.30157,5.59153,Nuit avec éclairage allumé,Hors agglomération,Intersection en T,Normale,Deux véhicules - côté,,,,,,,,,,,5,1,3,1,3
201500013313,0015-11-05 08:10:00,15,11,5,8,10,130,5,RN 96 (ROUTE NATIONALE ),43.30623,5.57374,Plein jour,Hors agglomération,Hors intersection,Normale,Deux véhicules - côté,,,,,,,,,,,1,1,1,1,3
201500013314,0015-11-05 12:45:00,15,11,5,12,45,130,5,***BAUMONE (AVENUE DE LA,43.29702,5.59394,Plein jour,Hors agglomération,Hors intersection,Normale,Autre collision,,,,,,,,,,,1,1,1,1,6
201500013315,0015-11-09 08:45:00,15,11,9,8,45,130,5,BOYER (AVENUE ANTIDE),43.29488,5.56214,Plein jour,En agglomération,Hors intersection,Normale,Autre collision,,,,,,,,,,,1,2,1,1,6
201500013316,0015-11-09 13:05:00,15,11,9,13,5,130,5,NATIONALE 8 DE PARIS A T,43.28663,5.58578,Plein jour,Hors agglomération,Intersection en T,Normale,Deux véhicules - côté,,,,,,,,,,,1,1,3,1,3
201500013317,0015-11-09 18:45:00,15,11,9,18,45,130,5,"17, GOUMS (AVENUE DES)",43.29273,5.56392,Nuit avec éclairage allumé,En agglomération,Hors intersection,Normale,Autre collision,,,,,,,,,,,5,2,1,1,6
201500013318,0015-11-12 20:00:00,15,11,12,20,0,130,5,"19, VOLTAIRE (COURS)",43.29518,5.56817,Nuit avec éclairage allumé,En agglomération,Hors intersection,Normale,Autre collision,,,,,,,,,,,5,2,1,1,6
201500013319,0015-11-13 11:00:00,15,11,13,11,0,130,5,CAMP DE SARLIER ROUTE,,,Plein jour,En agglomération,Hors intersection,Normale,Deux véhicules - arrière,,,,,,,,,,,1,2,1,1,2
201500013320,0015-11-13 14:45:00,15,11,13,14,45,130,5,"1895, GEMENOS (ROUTE DE",43.29833,5.59589,Plein jour,En agglomération,Hors intersection,Normale,Deux véhicules - arrière,,,,,,,,,,,1,2,1,1,2
201500013321,0015-11-18 15:15:00,15,11,18,15,15,130,5,"895, RN 96 (ROUTE NATION",43.31423,5.57886,Plein jour,En agglomération,Hors intersection,Normale,Autre collision,,,,,,,,,,,1,2,1,1,6
201500013322,0015-11-20 17:30:00,15,11,20,17,30,130,70,287**VOLTAIRE (BOULEVARD,43.28211,5.52629,Nuit avec éclairage allumé,En agglomération,Hors intersection,Normale,Deux véhicules - côté,,,,,,,,,,,5,2,1,1,3
201500013323,0015-11-22 11:30:00,15,11,22,11,30,130,70,"26, GARE (BOULEVARD DE L",43.28347,5.51505,Plein jour,En agglomération,Hors intersection,Normale,Autre collision,,,,,,,,,,,1,2,1,1,6
201500013324,0015-11-24 15:30:00,15,11,24,15,30,130,5,VALLEE (CHEMIN DE LA),,,Plein jour,En agglomération,Hors intersection,Normale,Deux véhicules - côté,,,,,,,,,,,1,2,1,1,3
201500013325,0015-11-28 21:00:00,15,11,28,21,0,130,5,"22 D8N, 13400 Aubagne, F",43.28323,5.53319,Nuit avec éclairage allumé,En agglomération,Hors intersection,Normale,Deux véhicules - côté,,,,,,,,,,,5,2,1,1,3
201500013326,0015-11-28 15:45:00,15,11,28,15,45,130,5,"660, COURONNE DES PINS (",43.27467,5.55918,Plein jour,En agglomération,Hors intersection,Normale,Deux véhicules - côté,,,,,,,,,,,1,2,1,1,3
201500013327,0015-11-30 13:30:00,15,11,30,13,30,130,5,CD 2 (CAMP MAJOR),43.29239,5.55584,Plein jour,En agglomération,Intersection en T,Normale,Deux véhicules - côté,,,,,,,,,,,1,2,3,1,3
201500013328,0015-11-30 15:00:00,15,11,30,15,0,130,5,"0, CD 2 (CAMP MAJOR)",,,Plein jour,En agglomération,Hors intersection,Normale,Deux véhicules - arrière,,,,,,,,,,,1,2,1,1,2
201500013329,0015-12-07 07:45:00,15,12,7,7,45,130,5,"301, LONGUELANCE (CHEMIN",43.30974,5.57489,Plein jour,Hors agglomération,Hors intersection,Normale,Deux véhicules - frontale,,,,,,,,,,,1,1,1,1,1
201500013330,0015-12-08 15:00:00,15,12,8,15,0,130,70,"256, VOLTAIRE (BOULEVARD",43.28126,5.52004,Plein jour,En agglomération,Hors intersection,Normale,Deux véhicules - côté,,,,,,,,,,,1,2,1,1,3
201500013331,0015-12-09 07:00:00,15,12,9,7,0,130,70,"196BIS, VOLTAIRE (BOULEV",43.28122,5.51915,Nuit avec éclairage allumé,En agglomération,Hors intersection,Normale,Deux véhicules - côté,,,,,,,,,,,5,2,1,1,3
201500013332,0015-12-09 12:20:00,15,12,9,12,20,130,5,", NATIONALE 8 DE PARIS A",43.28358,5.59421,Plein jour,En agglomération,Giratoire,Normale,Trois véhicules et plus - en chaîne,,,,,,,,,,,1,2,6,1,4
201500013333,0015-12-10 09:30:00,15,12,10,9,30,130,5,"0, VERDUN (AVENUE DE)",,,Plein jour,En agglomération,Hors intersection,Normale,Trois véhicules et plus - en chaîne,,,,,,,,,,,1,2,1,1,4
201500013334,0015-12-11 14:45:00,15,12,11,14,45,130,5,RN 396 (ROUTE NATIONALE),43.30867,5.60815,Plein jour,Hors agglomération,Intersection en X,Normale,Deux véhicules - frontale,,,,,,,,,,,1,1,2,1,1
201500013335,0015-12-22 16:10:00,15,12,22,16,10,130,5,RN 8,43.28443,5.547,Plein jour,En agglomération,Hors intersection,Normale,Deux véhicules - côté,,,,,,,,,,,1,2,1,1,3
201500013336,0015-12-30 10:00:00,15,12,30,10,0,130,5,"1, CIOTAT (ROUTE DE LA R",43.28566,5.58128,Plein jour,En agglomération,Hors intersection,Normale,Autre collision,,,,,,,,,,,1,2,1,1,6
201500013337,0015-01-06 13:30:00,15,1,6,13,30,130,5,"14, GOUMS (AVENUE DES)",43.29176,5.5614,Plein jour,En agglomération,Autre intersection,Normale,Deux véhicules - côté,,,,,,,,,,,1,2,9,1,3
201500013338,0015-01-07 12:05:00,15,1,7,12,5,130,5,"200, MANOUCHIAN (AVENUE)",43.28692,5.54843,Plein jour,En agglomération,Hors intersection,Normale,Deux véhicules - arrière,,,,,,,,,,,1,2,1,1,2
201500013339,0015-01-08 11:50:00,15,1,8,11,50,130,5,RD 43 C,43.30157,5.59143,Plein jour,En agglomération,Intersection en X,Normale,Deux véhicules - côté,,,,,,,,,,,1,2,2,1,3
201500013340,0015-01-08 17:15:00,15,1,8,17,15,130,5,RN 8,43.28438,5.54644,Crépuscule ou aube,En agglomération,Intersection en T,Normale,Deux véhicules - côté,,,,,,,,,,,2,2,3,1,3
201500013341,0015-01-08 19:00:00,15,1,8,19,0,130,5,"2495, CD 2 (CAMP MAJOR)",43.28715,5.53157,Nuit sans éclairage public,Hors agglomération,Hors intersection,Normale,Deux véhicules - côté,,,,,,,,,,,3,1,1,1,3
201500013342,0015-01-19 19:50:00,15,1,19,19,50,130,5,"773, PALUDS (AVENUE DES)",43.28964,5.5976,Nuit avec éclairage non allumé,En agglomération,Hors intersection,Pluie légère,Autre collision,,,,,,,,,,,4,2,1,2,6
201500013343,0015-01-21 09:00:00,15,1,21,9,0,130,5,NAPOLLON (EMBRANCHEMENT),,,Plein jour,En agglomération,Hors intersection,Pluie forte,Trois véhicules et plus - en chaîne,,,,,,,,,,,1,2,1,3,4
201500013344,0015-03-10 20:00:00,15,3,10,20,0,130,5,"1047, 21 AOUT 1944 (AVEN",43.28581,5.55559,Nuit avec éclairage allumé,En agglomération,Hors intersection,Normale,Deux véhicules - arrière,,,,,,,,,,,5,2,1,1,2
201500013345,0015-01-29 10:45:00,15,1,29,10,45,130,5,"3315, CD 2 (CAMP MAJOR)",43.28792,5.52142,Plein jour,Hors agglomération,Hors intersection,Normale,Deux véhicules - côté,,,,,,,,,,,1,1,1,1,3
201500013346,0015-01-29 11:45:00,15,1,29,11,45,130,5,"2, GANTEAUME (BOULEVARD",43.28814,5.57387,Plein jour,En agglomération,Hors intersection,Normale,Deux véhicules - arrière,,,,,,,,,,,1,2,1,1,2
201500013347,0015-01-29 16:25:00,15,1,29,16,25,130,5,8 rue nationale 96,43.30342,5.57185,Plein jour,En agglomération,Hors intersection,Pluie légère,Deux véhicules - côté,,,,,,,,,,,1,2,1,2,3
201500013348,0015-01-29 20:10:00,15,1,29,20,10,130,5,"729, PALUDS (AVENUE DES)",43.28945,5.59801,Nuit avec éclairage allumé,En agglomération,Hors intersection,Pluie légère,Deux véhicules - arrière,,,,,,,,,,,5,2,1,2,2
201500013349,0015-01-31 13:30:00,15,1,31,13,30,130,5,"33, VERDUN (AVENUE DE)",43.28779,5.57897,Plein jour,En agglomération,Intersection en T,Normale,Deux véhicules - côté,,,,,,,,,,,1,2,3,1,3
201500013350,0015-02-05 08:00:00,15,2,5,8,0,130,5,RN 8,43.2836,5.594,Plein jour,Hors agglomération,Giratoire,Normale,Sans collision,,,,,,,,,,,1,1,6,1,7
201500013351,0015-02-10 09:00:00,15,2,10,9,0,130,5,RD 43 C,,,Plein jour,Hors agglomération,Hors intersection,Normale,Deux véhicules - frontale,,,,,,,,,,,1,1,1,1,1
201500013352,0015-02-11 11:30:00,15,2,11,11,30,130,5,CHARREL (ZAC DU),,,Plein jour,En agglomération,Hors intersection,Normale,Sans collision,,,,,,,,,,,1,2,1,1,7
201500013353,0015-02-22 06:45:00,15,2,22,6,45,130,5,"10, RD 43 C",43.30562,5.59222,Plein jour,Hors agglomération,Intersection en T,Normale,Deux véhicules - côté,,,,,,,,,,,1,1,3,1,3
201500013354,0015-02-24 11:20:00,15,2,24,11,20,130,5,GEMENOS (ROUTE DE CD2),43.2933,5.5564,Plein jour,En agglomération,Hors intersection,Normale,Deux véhicules - arrière,,,,,,,,,,,1,2,1,1,2
201500013355,0015-02-27 19:20:00,15,2,27,19,20,130,5,"14, VERDUN (AVENUE DE)",43.28871,5.57339,Nuit avec éclairage allumé,En agglomération,Hors intersection,Normale,Autre collision,,,,,,,,,,,5,2,1,1,6
201500013356,0015-03-04 07:40:00,15,3,4,7,40,130,5,"0, GEMENOS (ROUTE DE CD2",43.29475,5.57441,Plein jour,En agglomération,Hors intersection,Normale,Deux véhicules - arrière,,,,,,,,,,,1,2,1,1,2
201500013357,0015-03-05 10:45:00,15,3,5,10,45,130,5,"0, RD 559 A (ROUTE DE LA",,,Plein jour,En agglomération,Hors intersection,Normale,Sans collision,,,,,,,,,,,1,2,1,1,7
201500013358,0015-03-06 18:50:00,15,3,6,18,50,130,5,AVELANEDE (CHEMIN DE L'),43.2864,5.587,Nuit avec éclairage non allumé,En agglomération,Hors intersection,Normale,Deux véhicules - arrière,,,,,,,,,,,4,2,1,1,2
201500013359,0015-03-07 14:55:00,15,3,7,14,55,130,5,"135, PAGNOL (AVENUE MARC",43.29641,5.57004,Plein jour,En agglomération,Hors intersection,Normale,Deux véhicules - côté,,,,,,,,,,,1,2,1,1,3
201500013360,0015-03-08 01:50:00,15,3,8,1,50,130,5,"12, RASTEGUE (COURS BART",,,Nuit avec éclairage allumé,En agglomération,Hors intersection,Normale,Autre collision,,,,,,,,,,,5,2,1,1,6
201500013361,0015-03-11 17:25:00,15,3,11,17,25,130,5,"1047, 21 AOUT 1944 (AVEN",43.28581,5.55559,Plein jour,En agglomération,Hors intersection,Normale,Deux véhicules - côté,,,,,,,,,,,1,2,1,1,3
201500013362,0015-03-13 08:40:00,15,3,13,8,40,130,70,"5, ROUSSEAU (BOULEVARD J",43.28121,5.51622,Plein jour,En agglomération,Hors intersection,Normale,Autre collision,,,,,,,,,,,1,2,1,1,6
201500013363,0015-01-06 14:15:00,15,1,6,14,15,130,28,"145, MISTRAL (AVENUE DU)",43.20776,5.60024,Plein jour,Hors agglomération,Hors intersection,Normale,Deux véhicules - côté,,,,,,,,,,,1,1,1,1,3
201500013364,0015-03-16 07:30:00,15,3,16,7,30,130,28,726 Avenue Guillaume Dul,43.19219,5.60916,Plein jour,En agglomération,Giratoire,Normale,Deux véhicules - côté,,,,,,,,,,,1,2,6,1,3
201500013365,0015-01-09 12:28:00,15,1,9,12,28,130,28,CD 141 ( CH PUITS DE BRU,43.18683,5.6005,Plein jour,En agglomération,Hors intersection,Normale,Deux véhicules - arrière,,,,,,,,,,,1,2,1,1,2
201500013366,0015-03-19 13:15:00,15,3,19,13,15,130,28,FRANCE (BOULEVARD ANATOL,43.17715,5.61069,Plein jour,En agglomération,Intersection en T,Normale,Deux véhicules - côté,,,,,,,,,,,1,2,3,1,3
201500013367,0015-01-19 12:20:00,15,1,19,12,20,130,28,Rond-point de la locomot,43.19204,5.60479,Plein jour,En agglomération,Hors intersection,Pluie forte,Deux véhicules - côté,,,,,,,,,,,1,2,1,3,3
201500013368,0015-03-18 21:30:00,15,3,18,21,30,130,28,Rond-point DE LATTRE DE,43.18964,5.60356,Nuit avec éclairage allumé,En agglomération,Giratoire,Normale,Deux véhicules - côté,,,,,,,,,,,5,2,6,1,3
201500013369,0015-01-20 09:15:00,15,1,20,9,15,130,28,"ns, Rond Point DULAC/ROV",43.19259,5.60935,Plein jour,En agglomération,Giratoire,Pluie légère,Deux véhicules - arrière,,,,,,,,,,,1,2,6,2,2
201500013370,0015-03-31 09:00:00,15,3,31,9,0,130,28,WILSON (AVENUE PRESIDENT,43.1799,5.61189,Plein jour,En agglomération,Intersection en T,Normale,Deux véhicules - côté,,,,,,,,,,,1,2,3,1,3
201500013371,0015-01-26 09:00:00,15,1,26,9,0,130,28,"130, GASSION (AVENUE FER",43.18365,5.60602,Plein jour,En agglomération,Hors intersection,Normale,Deux véhicules - arrière,,,,,,,,,,,1,2,1,1,2
201500013372,0015-04-01 12:00:00,15,4,1,12,0,130,28,DULAC (AVENUE GUILLAUME),43.19617,5.61289,Plein jour,En agglomération,Hors intersection,Normale,Sans collision,,,,,,,,,,,1,2,1,1,7
201500013373,0015-01-28 12:15:00,15,1,28,12,15,130,28,"1526, BODIN (AVENUE EMIL",43.19691,5.59754,Plein jour,Hors agglomération,Hors intersection,Normale,Deux véhicules - côté,,,,,,,,,,,1,1,1,1,3
201500013374,0015-04-03 13:00:00,15,4,3,13,0,130,28,"2333, BODIN (AVENUE EMIL",43.1995,5.58969,Plein jour,En agglomération,Hors intersection,Normale,Deux véhicules - frontale,,,,,,,,,,,1,2,1,1,1
201500013375,0015-01-28 15:30:00,15,1,28,15,30,130,28,"263,*SUBILIA (AVENUE ERN",43.18412,5.60958,Plein jour,En agglomération,Hors intersection,Normale,Deux véhicules - côté,,,,,,,,,,,1,2,1,1,3
201500013376,0015-04-03 22:20:00,15,4,3,22,20,130,28,"273, BEAU RIVAGE (BOULEV",,,Nuit avec éclairage allumé,En agglomération,Hors intersection,Normale,Sans collision,,,,,,,,,,,5,2,1,1,7
201500013377,0015-01-28 16:50:00,15,1,28,16,50,130,28,LAVAUX (BOULEVARD DE),43.19872,5.62641,Plein jour,En agglomération,Intersection en X,Normale,Deux véhicules - côté,,,,,,,,,,,1,2,2,1,3
201500013378,0015-04-06 12:25:00,15,4,6,12,25,130,28,"08, PAIX (AVENUE DE LA)",43.1811,5.60931,Plein jour,En agglomération,Hors intersection,Normale,Autre collision,,,,,,,,,,,1,2,1,1,6
201500013379,0015-01-31 12:30:00,15,1,31,12,30,130,28,DELACOUR (AVENUE EMILE),,,Plein jour,En agglomération,Autre intersection,Normale,Deux véhicules - arrière,,,,,,,,,,,1,2,9,1,2
201500013380,0015-04-07 17:25:00,15,4,7,17,25,130,28,"39-41, CROZET (AVENUE LO",43.17817,5.60093,Plein jour,En agglomération,Intersection en T,Normale,Deux véhicules - côté,,,,,,,,,,,1,2,3,1,3
201500013381,0015-02-02 07:35:00,15,2,2,7,35,130,28,Rond-point DE LATTRE DE,43.18987,5.60359,Crépuscule ou aube,En agglomération,Hors intersection,Normale,Deux véhicules - côté,,,,,,,,,,,2,2,1,1,3
201500013382,0015-04-08 10:20:00,15,4,8,10,20,130,28,"337, CANNEDOU (CHEMIN RA",,,Plein jour,En agglomération,Hors intersection,Normale,Deux véhicules - côté,,,,,,,,,,,1,2,1,1,3
201500013383,0015-02-04 13:40:00,15,2,4,13,40,130,28,CD.559,43.18845,5.65244,Plein jour,En agglomération,Hors intersection,Temps couvert,Deux véhicules - arrière,,,,,,,,,,,1,2,1,8,2
201500013384,0015-04-08 13:00:00,15,4,8,13,0,130,28,BODIN (AVENUE EMILE),43.19438,5.59987,Plein jour,Hors agglomération,Intersection en T,Normale,Deux véhicules - côté,,,,,,,,,,,1,1,3,1,3
201500013385,0015-02-10 20:15:00,15,2,10,20,15,130,28,BODIN (AVENUE EMILE),43.19222,5.60903,Nuit avec éclairage allumé,En agglomération,Giratoire,Normale,Deux véhicules - côté,,,,,,,,,,,5,2,6,1,3
201500013386,0015-04-10 14:45:00,15,4,10,14,45,130,28,Rond Point DULAC/ROVARCH,43.19219,5.60913,Plein jour,En agglomération,Giratoire,Normale,Deux véhicules - arrière,,,,,,,,,,,1,2,6,1,2
201500013387,0015-02-11 11:55:00,15,2,11,11,55,130,28,"8-10, LAMARTINE (BOULEVA",43.17877,5.60863,Plein jour,En agglomération,Hors intersection,Normale,Autre collision,,,,,,,,,,,1,2,1,1,6
201500013388,0015-04-10 18:00:00,15,4,10,18,0,130,28,"23, SUBILIA (AVENUE!ERNE",43.18356,5.61036,Plein jour,En agglomération,Hors intersection,Normale,Deux véhicules - côté,,,,,,,,,,,1,2,1,1,3
201500013389,0015-02-15 18:25:00,15,2,15,18,25,130,28,PUITS DE BRUNET (CHEMIN,43.18432,5.59951,Nuit avec éclairage allumé,En agglomération,Giratoire,Pluie forte,Deux véhicules - côté,,,,,,,,,,,5,2,6,3,3
201500013390,0015-04-11 16:30:00,15,4,11,16,30,130,28,PLAINES BARONNES*(CHEMIN,43.18734,5.65824,Plein jour,Hors agglomération,Hors intersection,Normale,Sans collision,,,,,,,,,,,1,1,1,1,7
201500013391,0015-02-23 15:00:00,15,2,23,15,0,130,28,"806, RIPERT (AVENUE EMIL",43.18946,5.61674,Plein jour,En agglomération,Intersection en T,Normale,Deux véhicules - côté,,,,,,,,,,,1,2,3,1,3
201500013392,0015-04-13 13:35:00,15,4,13,13,35,130,28,"4, WILSON (AVENUE PRESID",43.18189,5.61415,Plein jour,En agglomération,Hors intersection,Normale,Deux véhicules - côté,,,,,,,,,,,1,2,1,1,3
201500013393,0015-02-24 08:45:00,15,2,24,8,45,130,28,LAVAUX (BOULEVARD DE),43.18956,5.62848,Plein jour,En agglomération,Giratoire,Normale,Deux véhicules - arrière,,,,,,,,,,,1,2,6,1,2
201500013394,0015-04-14 08:50:00,15,4,14,8,50,130,28,PEUPLIERS (CHEMIN DES),43.20944,5.62839,Plein jour,Hors agglomération,Giratoire,Normale,Deux véhicules - côté,,,,,,,,,,,1,1,6,1,3
201500013395,0015-03-03 01:05:00,15,3,3,1,5,130,28,ROUMANILLE (AVENUE JOSEP,43.20355,5.6259,Nuit avec éclairage allumé,En agglomération,Hors intersection,Normale,Sans collision,,,,,,,,,,,5,2,1,1,7