accident_id,datetime,annee,mois,jour,heure,minute,departement,commune_insee,adresse,latitude,longitude,luminosite,agglomeration,intersection,meteo,collision,nb_vehicules,nb_usagers,nb_indemnes,nb_tues,nb_blesses_hosp,nb_blesses_legers,age_cond_1,age_cond_2,veh_type_cond_1,veh_type_cond_2,lum_code,agg_code,int_code,atm_code,col_code
201500013518,0015-04-21 06:25:00,15,4,21,6,25,130,54,"21, COMBATTANT A.F.N.",,,Crépuscule ou aube,En agglomération,Intersection en T,Normale,Deux véhicules - côté,,,,,,,,,,,2,2,3,1,3
201500013519,0015-01-25 02:50:00,15,1,25,2,50,130,43,ROVE  AVENUE DU,43.38427,5.21904,Nuit avec éclairage allumé,Hors agglomération,Hors intersection,Normale,Deux véhicules - côté,,,,,,,,,,,5,1,1,1,3
201500013520,0015-04-17 20:00:00,15,4,17,20,0,130,54,JUIN  AVE MARECHAL,,,Plein jour,En agglomération,Hors intersection,Normale,Deux véhicules - arrière,,,,,,,,,,,1,2,1,1,2
201500013521,0015-01-30 11:25:00,15,1,30,11,25,130,43,POUSARAQUE  AVENUE DE LA,,,Plein jour,En agglomération,Hors intersection,Normale,Deux véhicules - frontale,,,,,,,,,,,1,2,1,1,1
201500013522,0015-04-28 10:05:00,15,4,28,10,5,130,54,PLAGE  ROUTE DE LA,43.42693,5.21013,Plein jour,En agglomération,Intersection en T,Normale,Deux véhicules - côté,,,,,,,,,,,1,2,3,1,3
201500013523,0015-02-02 18:45:00,15,2,2,18,45,130,54,BEUGONS  CHEMIN DES,,,Nuit sans éclairage public,En agglomération,Hors intersection,Temps couvert,Deux véhicules - frontale,,,,,,,,,,,3,2,1,8,1
201500013524,0015-05-02 23:50:00,15,5,2,23,50,130,54,"35, LIBERATION  AVE DE L",43.41946,5.21791,Nuit avec éclairage allumé,En agglomération,Intersection en X,Normale,Deux véhicules - côté,,,,,,,,,,,5,2,2,1,3
201500013525,0015-02-14 00:50:00,15,2,14,0,50,130,102,RICHAUDS  AVENUE DES,43.41923,5.25135,Nuit avec éclairage allumé,En agglomération,Giratoire,Pluie légère,Deux véhicules - côté,,,,,,,,,,,5,2,6,2,3
201500013526,0015-05-17 08:40:00,15,5,17,8,40,130,54,"0, ESTEOU  CHEMIN DE L'",,,Plein jour,En agglomération,Hors intersection,Normale,Autre collision,,,,,,,,,,,1,2,1,1,6
201500013527,0015-02-19 17:55:00,15,2,19,17,55,130,43,POUSARAQUE  AVENUE DE LA,,,Crépuscule ou aube,En agglomération,Hors intersection,Normale,Deux véhicules - côté,,,,,,,,,,,2,2,1,1,3
201500013528,0015-06-03 07:25:00,15,6,3,7,25,130,54,MIRABEAU  CRS,43.41562,5.2167,Plein jour,Hors agglomération,Intersection en T,Normale,Deux véhicules - côté,,,,,,,,,,,1,1,3,1,3
201500013529,0015-02-22 22:00:00,15,2,22,22,0,130,102,"164, BD DES REGANATS",,,Nuit sans éclairage public,En agglomération,Hors intersection,Normale,Autre collision,,,,,,,,,,,3,2,1,1,6
201500013530,0015-06-11 20:55:00,15,6,11,20,55,130,54,SALAN  AVE GENERAL,43.40369,5.21704,Crépuscule ou aube,En agglomération,Intersection en X,Normale,Deux véhicules - côté,,,,,,,,,,,2,2,2,1,3
201500013531,0015-03-10 15:50:00,15,3,10,15,50,130,54,"59, COMBATTANT A.F.N.",43.40204,5.25604,Plein jour,En agglomération,Hors intersection,Normale,Autre collision,,,,,,,,,,,1,2,1,1,6
201500013532,0015-06-23 19:25:00,15,6,23,19,25,130,102,FERRISSE  BLD ROBERT,43.41891,5.24415,Plein jour,En agglomération,Intersection en T,Normale,Deux véhicules - frontale,,,,,,,,,,,1,2,3,1,1
201500013533,0015-06-26 13:00:00,15,6,26,13,0,130,54,DE GAULLE  AVE GAL DE,,,Plein jour,En agglomération,Hors intersection,Normale,Autre collision,,,,,,,,,,,1,2,1,1,6
201500013534,0015-06-26 20:15:00,15,6,26,20,15,130,54,LIBERATION  AVE DE LA,,,Plein jour,En agglomération,Hors intersection,Normale,Deux véhicules - arrière,,,,,,,,,,,1,2,1,1,2
201500013535,0015-06-26 22:45:00,15,6,26,22,45,130,43,FERNANDEL  AVENUE,,,Nuit avec éclairage non allumé,Hors agglomération,Hors intersection,Normale,Deux véhicules - arrière,,,,,,,,,,,4,1,1,1,2
201500013536,0015-07-02 20:30:00,15,7,2,20,30,130,43,"9, GRANETTES  RUE DES",43.39483,5.23961,Plein jour,En agglomération,Intersection en T,Normale,Deux véhicules - côté,,,,,,,,,,,1,2,3,1,3
201500013537,0015-07-17 14:30:00,15,7,17,14,30,130,102,"1078, ABBADIE  BLD",43.41317,5.24908,Plein jour,En agglomération,Hors intersection,Normale,Deux véhicules - frontale,,,,,,,,,,,1,2,1,1,1
201500013538,0015-07-26 09:30:00,15,7,26,9,30,130,43,ROVE  AVENUE DU,,,Plein jour,Hors agglomération,Hors intersection,Normale,Deux véhicules - arrière,,,,,,,,,,,1,1,1,1,2
201500013539,0015-07-31 11:50:00,15,7,31,11,50,130,102,DUNANT  AVENUE HENRI,43.40502,5.25878,Plein jour,En agglomération,Intersection en T,Normale,Deux véhicules - côté,,,,,,,,,,,1,2,3,1,3
201500013540,0015-08-06 16:05:00,15,8,6,16,5,130,102,JUIN  AVENUE MARECHAL,,,Plein jour,Hors agglomération,Hors intersection,Normale,Deux véhicules - frontale,,,,,,,,,,,1,1,1,1,1
201500013541,0015-09-09 17:10:00,15,9,9,17,10,130,54,"51, PYTHAGORE  RUE",43.40945,5.20395,Plein jour,En agglomération,Hors intersection,Normale,Deux véhicules - frontale,,,,,,,,,,,1,2,1,1,1
201500013542,0015-09-15 08:40:00,15,9,15,8,40,130,102,"37, MOULIN  BLD JEAN",43.41147,5.25141,Plein jour,En agglomération,Hors intersection,Normale,Trois véhicules et plus - en chaîne,,,,,,,,,,,1,2,1,1,4
201500013543,0015-09-17 17:00:00,15,9,17,17,0,130,54,GARROS  RUE ROLAND,,,Plein jour,En agglomération,Hors intersection,Normale,Autre collision,,,,,,,,,,,1,2,1,1,6
201500013544,0015-09-17 10:55:00,15,9,17,10,55,130,54,CORRAO  AVENUE ROLAND,,,Plein jour,En agglomération,Hors intersection,Pluie légère,Autre collision,,,,,,,,,,,1,2,1,2,6
201500013545,0015-09-22 09:40:00,15,9,22,9,40,130,43,"1184, MITTERAND  AV. FRA",43.39762,5.25457,Plein jour,Hors agglomération,Hors intersection,Normale,Deux véhicules - arrière,,,,,,,,,,,1,1,1,1,2
201500013546,0015-10-01 14:05:00,15,10,1,14,5,130,102,SYBILLES  RUE DES,43.41591,5.27207,Plein jour,En agglomération,Intersection en T,Normale,Trois véhicules et plus - collisions multiples,,,,,,,,,,,1,2,3,1,5
201500013547,0015-10-02 15:15:00,15,10,2,15,15,130,54,"19, DE GAULLE  AVE GAL D",,,Plein jour,En agglomération,Hors intersection,Normale,Autre collision,,,,,,,,,,,1,2,1,1,6
201500013548,0015-10-06 04:55:00,15,10,6,4,55,130,43,"1221, FRANCOIS MITTERAND",43.39789,5.25518,Nuit sans éclairage public,Hors agglomération,Hors intersection,Normale,Autre collision,,,,,,,,,,,3,1,1,1,6
201500013549,0015-10-09 11:45:00,15,10,9,11,45,130,54,"39, COMBATTANT A.F.N.",43.40693,5.22183,Plein jour,En agglomération,Hors intersection,Normale,Autre collision,,,,,,,,,,,1,2,1,1,6
201500013550,0015-10-13 16:55:00,15,10,13,16,55,130,102,RAUMARTIN  AVENUE DU,,,Plein jour,En agglomération,Hors intersection,Normale,Deux véhicules - côté,,,,,,,,,,,1,2,1,1,3
201500013551,0015-10-13 19:50:00,15,10,13,19,50,130,54,CD9,,,Nuit sans éclairage public,Hors agglomération,Giratoire,Normale,Deux véhicules - côté,,,,,,,,,,,3,1,6,1,3
201500013552,0015-10-19 12:50:00,15,10,19,12,50,130,54,HUIT MAI 1945  AVE DU,,,Plein jour,Hors agglomération,Hors intersection,Normale,Deux véhicules - arrière,,,,,,,,,,,1,1,1,1,2
201500013553,0015-10-24 17:45:00,15,10,24,17,45,130,54,POULIDOR  RUE RAYMOND,43.42309,5.20796,Plein jour,En agglomération,Hors intersection,Normale,Deux véhicules - côté,,,,,,,,,,,1,2,1,1,3
201500013554,0015-10-29 16:00:00,15,10,29,16,0,130,54,FIGUERAS  RUE DE,43.42111,5.20777,Plein jour,En agglomération,Intersection en X,Normale,Deux véhicules - côté,,,,,,,,,,,1,2,2,1,3
201500013555,0015-11-05 18:25:00,15,11,5,18,25,130,43,FERNANDEL  AVENUE,,,Nuit sans éclairage public,Hors agglomération,Hors intersection,Normale,Trois véhicules et plus - en chaîne,,,,,,,,,,,3,1,1,1,4
201500013556,0015-11-13 21:50:00,15,11,13,21,50,130,43,POUSARAQUE  AV DE LA,43.38792,5.2298,Nuit avec éclairage allumé,En agglomération,Intersection en T,Normale,Deux véhicules - côté,,,,,,,,,,,5,2,3,1,3
201500013557,0015-11-24 17:56:00,15,11,24,17,56,130,43,,,,Crépuscule ou aube,En agglomération,Hors intersection,Normale,Trois véhicules et plus - en chaîne,,,,,,,,,,,2,2,1,1,4
201500013558,0015-11-26 12:14:00,15,11,26,12,14,130,102,ROMETTES (PARC D'ACTIVIT,,,Plein jour,Hors agglomération,Hors intersection,Normale,Deux véhicules - frontale,,,,,,,,,,,1,1,1,1,1
201500013559,0015-12-01 15:40:00,15,12,1,15,40,130,54,HUIT MAI 1945  AVE DU,,,Plein jour,En agglomération,Hors intersection,Normale,Trois véhicules et plus - en chaîne,,,,,,,,,,,1,2,1,1,4
201500013560,0015-12-06 16:30:00,15,12,6,16,30,130,102,HUIT MAI 45  AVENUE DU,43.41862,5.22951,Plein jour,En agglomération,Giratoire,Pluie légère,Deux véhicules - côté,,,,,,,,,,,1,2,6,2,3
201500013561,0015-12-07 19:45:00,15,12,7,19,45,130,54,COMBATTANT A.F.N.,,,Nuit avec éclairage non allumé,En agglomération,Intersection en T,Normale,Autre collision,,,,,,,,,,,4,2,3,1,6
201500013562,0015-12-10 17:35:00,15,12,10,17,35,130,54,MARTIGUES  RTE DE,,,Nuit sans éclairage public,Hors agglomération,Hors intersection,Normale,Deux véhicules - côté,,,,,,,,,,,3,1,1,1,3
201500013563,0015-12-13 10:05:00,15,12,13,10,5,130,54,DUBOS  RUE RENE,,,Plein jour,En agglomération,Hors intersection,Normale,Deux véhicules - frontale,,,,,,,,,,,1,2,1,1,1
201500013564,0015-12-31 23:40:00,15,12,31,23,40,130,55,"178, FRANCOISE DUPARC (B",43.30933,5.40298,Nuit avec éclairage allumé,En agglomération,Hors intersection,Normale,Autre collision,,,,,,,,,,,5,2,1,1,6
201500013565,0015-03-12 09:30:00,15,3,12,9,30,130,55,ITALIE (RUE D'),,,Plein jour,En agglomération,Intersection en X,Normale,Deux véhicules - côté,,,,,,,,,,,1,2,2,1,3
201500013566,0015-01-02 19:20:00,15,1,2,19,20,130,55,"00, RPT DE MAZARGUES",43.2506,5.40345,Nuit avec éclairage allumé,En agglomération,Giratoire,Normale,Autre collision,,,,,,,,,,,5,2,6,1,6
201500013567,0015-03-17 14:15:00,15,3,17,14,15,130,55,2 boulevard les peuplier,43.33727,5.3917,Plein jour,En agglomération,Hors intersection,Normale,Deux véhicules - côté,,,,,,,,,,,1,2,1,1,3
201500013568,0015-03-17 14:45:00,15,3,17,14,45,130,55,"229, CHATEAU GOMBERT (AV",43.34612,5.42572,Plein jour,En agglomération,Hors intersection,Normale,Trois véhicules et plus - collisions multiples,,,,,,,,,,,1,2,1,1,5
201500013569,0015-03-17 15:20:00,15,3,17,15,20,130,55,"37, SAINT LOUIS (AVENUE",43.34406,5.35945,Plein jour,En agglomération,Intersection en X,Normale,Sans collision,,,,,,,,,,,1,2,2,1,7
201500013570,0015-03-13 10:35:00,15,3,13,10,35,130,55,ALBERT COHEN (RUE),43.36134,5.33725,Plein jour,En agglomération,Intersection en X,Normale,Deux véhicules - côté,,,,,,,,,,,1,2,2,1,3
201500013571,0015-03-17 12:00:00,15,3,17,12,0,130,55,"70, JOSEPH AIGUIER (CHEM",43.25086,5.41339,Plein jour,En agglomération,Hors intersection,Normale,Autre collision,,,,,,,,,,,1,2,1,1,6
201500013572,0015-04-13 07:55:00,15,4,13,7,55,130,55,DUNKERQUE  (BOULEVARD DE,43.30838,5.36822,Plein jour,En agglomération,Hors intersection,Normale,Autre collision,,,,,,,,,,,1,2,1,1,6
201500013573,0015-03-17 16:10:00,15,3,17,16,10,130,55,"18, GASTON CREMIEUX (RUE",43.27932,5.37962,Plein jour,En agglomération,Hors intersection,Normale,Deux véhicules - côté,,,,,,,,,,,1,2,1,1,3
201500013574,0015-12-27 15:30:00,15,12,27,15,30,130,55,SAINT PIERRE (RUE),,,Plein jour,En agglomération,Hors intersection,Normale,Deux véhicules - côté,,,,,,,,,,,1,2,1,1,3
201500013575,0015-03-18 14:30:00,15,3,18,14,30,130,75,"23, JEAN GIONO (AVE)",43.34592,5.45486,Plein jour,En agglomération,Hors intersection,Normale,Trois véhicules et plus - en chaîne,,,,,,,,,,,1,2,1,1,4
201500013576,0015-12-03 13:45:00,15,12,3,13,45,130,55,"22, LONGCHAMP (BOULEVARD",43.3011,5.38779,Plein jour,En agglomération,Hors intersection,Normale,Sans collision,,,,,,,,,,,1,2,1,1,7
201500013577,0015-03-18 17:30:00,15,3,18,17,30,130,55,"63, ROBERT SCHUMANN (AVE",43.30427,5.36693,Plein jour,En agglomération,Hors intersection,Normale,Deux véhicules - frontale,,,,,,,,,,,1,2,1,1,1
201500013578,0015-03-18 19:40:00,15,3,18,19,40,130,55,"221, CHATEAU GOMBERT (AN",43.34579,5.42482,Plein jour,En agglomération,Hors intersection,Normale,Deux véhicules - côté,,,,,,,,,,,1,2,1,1,3
201500013579,0015-04-30 07:25:00,15,4,30,7,25,130,55,"601, SAINT PIERRE (RUE)",43.29063,5.42342,Plein jour,En agglomération,Hors intersection,Normale,Deux véhicules - arrière,,,,,,,,,,,1,2,1,1,2
201500013580,0015-03-14 10:42:00,15,3,14,10,42,130,55,ROUET (RUE DU),43.27545,5.39593,Plein jour,En agglomération,Intersection en X,Normale,Deux véhicules - côté,,,,,,,,,,,1,2,2,1,3
201500013581,0015-03-18 15:45:00,15,3,18,15,45,130,55,"36, LOUIS SALVATOR (BOUL",43.29116,5.38303,Plein jour,En agglomération,Intersection en T,Normale,Deux véhicules - côté,,,,,,,,,,,1,2,3,1,3
201500013582,0015-12-31 11:30:00,15,12,31,11,30,130,55,"41, TURCAT MERY ALLE (A",43.28088,5.38884,Plein jour,En agglomération,Hors intersection,Normale,Autre collision,,,,,,,,,,,1,2,1,1,6
201500013583,0015-03-17 13:55:00,15,3,17,13,55,130,55,"42, BRUYS (RUE DE)",43.29461,5.38897,Plein jour,En agglomération,Intersection en X,Normale,Deux véhicules - côté,,,,,,,,,,,1,2,2,1,3
201500013584,0015-03-19 05:50:00,15,3,19,5,50,130,55,PEINTRES*ROUX (AVENUE DE,,,Crépuscule ou aube,En agglomération,Hors intersection,Normale,Deux véhicules - arrière,,,,,,,,,,,2,2,1,1,2
201500013585,0015-03-19 07:23:00,15,3,19,7,23,130,55,"300, SAINTE MARGUERITE (",43.26175,5.41441,Plein jour,En agglomération,Intersection en T,Normale,Deux véhicules - arrière,,,,,,,,,,,1,2,3,1,2
201500013586,0015-03-19 10:45:00,15,3,19,10,45,130,55,"38, LESSEPS (RUE DE)",43.32025,5.37169,Plein jour,En agglomération,Hors intersection,Normale,Deux véhicules - côté,,,,,,,,,,,1,2,1,1,3
201500013587,0015-03-16 08:50:00,15,3,16,8,50,130,55,"75, RABATAU (BOULEVARD)",43.27553,5.39603,Plein jour,En agglomération,Hors intersection,Normale,Deux véhicules - côté,,,,,,,,,,,1,2,1,1,3
201500013588,0015-03-16 06:50:00,15,3,16,6,50,130,55,"31, VOLTAIRE    IMPAIRS",43.30279,5.38462,Plein jour,En agglomération,Hors intersection,Normale,Deux véhicules - côté,,,,,,,,,,,1,2,1,1,3
201500013589,0015-03-19 16:15:00,15,3,19,16,15,130,2,"495, VALLON VERT (AVENUE",43.33638,5.45976,Plein jour,En agglomération,Hors intersection,Normale,Autre collision,,,,,,,,,,,1,2,1,1,6
201500013590,0015-03-19 17:45:00,15,3,19,17,45,130,55,"74, LODI (RUE DE)",43.28925,5.38734,Plein jour,En agglomération,Autre intersection,Normale,Autre collision,,,,,,,,,,,1,2,9,1,6
201500013591,0015-03-20 08:15:00,15,3,20,8,15,130,55,"06, LANTHIER (RUE)",43.30791,5.37208,Plein jour,En agglomération,Hors intersection,Pluie légère,Autre collision,,,,,,,,,,,1,2,1,2,6
201500013592,0015-03-20 13:50:00,15,3,20,13,50,130,55,"34, FRANCOISE DUPARC (BO",43.30193,5.40054,Plein jour,En agglomération,Intersection en X,Normale,Deux véhicules - côté,,,,,,,,,,,1,2,2,1,3
201500013593,0015-03-20 17:25:00,15,3,20,17,25,130,55,"8, BLANCARDE (BOULEVARD)",43.30267,5.39736,Plein jour,En agglomération,Hors intersection,Normale,Deux véhicules - côté,,,,,,,,,,,1,2,1,1,3
201500013594,0015-03-20 22:50:00,15,3,20,22,50,130,75,"01, FR?D?RIC CHEVILLON (",43.34747,5.46376,Nuit avec éclairage allumé,En agglomération,Intersection en X,Normale,Deux véhicules - côté,,,,,,,,,,,5,2,2,1,3
201500013595,0015-03-21 01:20:00,15,3,21,1,20,130,55,"03, CAILLOLS (AVENUE DES",43.2862,5.47694,Nuit avec éclairage allumé,En agglomération,Hors intersection,Normale,Autre collision,,,,,,,,,,,5,2,1,1,6
201500013596,0015-03-19 18:00:00,15,3,19,18,0,130,55,"82, MICHELET (BOULEVARD)",43.267,5.39441,Crépuscule ou aube,En agglomération,Hors intersection,Normale,Deux véhicules - côté,,,,,,,,,,,2,2,1,1,3
201500013597,0015-03-16 12:15:00,15,3,16,12,15,130,55,"230, MORGIOU (CHEMIN DE)",43.23431,5.41165,Plein jour,En agglomération,Hors intersection,Normale,Deux véhicules - arrière,,,,,,,,,,,1,2,1,1,2
201500013598,0015-03-20 13:55:00,15,3,20,13,55,130,55,"259, CAPELETTE (AVENUE D",43.27923,5.41175,Plein jour,En agglomération,Hors intersection,Normale,Deux véhicules - côté,,,,,,,,,,,1,2,1,1,3
201500013599,0015-03-21 05:52:00,15,3,21,5,52,130,55,"70, CANEBIERE     1 A 79",43.29762,5.38109,Nuit avec éclairage allumé,En agglomération,Intersection en X,Normale,Deux véhicules - côté,,,,,,,,,,,5,2,2,1,3
201500013600,0015-03-21 21:40:00,15,3,21,21,40,130,55,"69, LIBERATION (BOULEVAR",43.30027,5.38888,Nuit avec éclairage allumé,En agglomération,Autre intersection,Pluie légère,Deux véhicules - frontale,,,,,,,,,,,5,2,9,2,1
201500013601,0015-03-22 03:15:00,15,3,22,3,15,130,55,"145, L?ON LACHAMP (ROUTE",43.24892,5.44214,Nuit avec éclairage allumé,En agglomération,Hors intersection,Pluie légère,Deux véhicules - côté,,,,,,,,,,,5,2,1,2,3
201500013602,0015-03-20 13:40:00,15,3,20,13,40,130,55,"62, HAIFA (AVENUE)",43.25023,5.3888,Plein jour,En agglomération,Giratoire,Normale,Deux véhicules - frontale,,,,,,,,,,,1,2,6,1,1
201500013603,0015-03-17 11:45:00,15,3,17,11,45,130,2,"00, ETIENNE CUCCA-CD908",,,Plein jour,Hors agglomération,Hors intersection,Temps couvert,Autre collision,,,,,,,,,,,1,1,1,8,6
201500013604,0015-06-03 09:20:00,15,6,3,9,20,130,2,"00, ETIENNE CUCCA-CD908",,,Plein jour,Hors agglomération,Hors intersection,Temps couvert,Autre collision,,,,,,,,,,,1,1,1,8,6
201500013605,0015-03-17 12:20:00,15,3,17,12,20,130,55,"37, CAILLOLS (AVENUE DES",43.3038,5.42634,Plein jour,En agglomération,Hors intersection,Normale,Autre collision,,,,,,,,,,,1,2,1,1,6
201500013606,0015-03-16 18:00:00,15,3,16,18,0,130,55,"232, ROMAIN ROLLAND (BOU",43.27397,5.41428,Plein jour,En agglomération,Hors intersection,Pluie légère,Autre collision,,,,,,,,,,,1,2,1,2,6
201500013607,0015-12-15 19:15:00,15,12,15,19,15,130,55,"62, LIEUTAUD (COURS)",43.2925,5.38262,Nuit avec éclairage allumé,En agglomération,Intersection en T,Normale,Deux véhicules - frontale,,,,,,,,,,,5,2,3,1,1
201500013608,0015-01-02 16:30:00,15,1,2,16,30,130,55,"226, BD ROMAIN ROLLAND",43.2742,5.41465,Plein jour,En agglomération,Hors intersection,Normale,Autre collision,,,,,,,,,,,1,2,1,1,6
201500013609,0015-03-23 15:30:00,15,3,23,15,30,130,55,"03, MAISON BLANCHE (TRAV",43.32854,5.37489,Plein jour,En agglomération,Hors intersection,Normale,Deux véhicules - frontale,,,,,,,,,,,1,2,1,1,1
201500013610,0015-03-19 09:00:00,15,3,19,9,0,130,55,"44, VALLON DE L (CHEMIN)",43.28222,5.36337,Plein jour,En agglomération,Intersection en T,Normale,Deux véhicules - côté,,,,,,,,,,,1,2,3,1,3
201500013611,0015-03-23 10:30:00,15,3,23,10,30,130,55,"51, LIBERTE (BOULEVARD D",43.30218,5.38339,Plein jour,En agglomération,Intersection en X,Normale,Deux véhicules - frontale,,,,,,,,,,,1,2,2,1,1
201500013612,0015-01-11 14:15:00,15,1,11,14,15,130,55,"02, ALL DE LA MONTAGNETT",43.34857,5.37295,Plein jour,En agglomération,Hors intersection,Normale,Sans collision,,,,,,,,,,,1,2,1,1,7
201500013613,0015-03-23 11:45:00,15,3,23,11,45,130,55,"87, PARIS (BOULEVARD DE)",43.3092,5.37055,Plein jour,En agglomération,Hors intersection,Normale,Deux véhicules - côté,,,,,,,,,,,1,2,1,1,3
201500013614,0015-03-23 19:50:00,15,3,23,19,50,130,55,"17, MILLIERE (BOULEVARD",43.28369,5.49372,Nuit avec éclairage allumé,En agglomération,Hors intersection,Normale,Autre collision,,,,,,,,,,,5,2,1,1,6
201500013615,0015-03-18 15:00:00,15,3,18,15,0,130,55,"20, COLBERT (RUE)",43.29929,5.37382,Plein jour,En agglomération,Passage à niveau,Normale,Autre collision,,,,,,,,,,,1,2,8,1,6
201500013616,0015-03-24 16:00:00,15,3,24,16,0,130,55,PINS (ALLEE DES),43.25376,5.41534,Plein jour,En agglomération,Hors intersection,Temps couvert,Deux véhicules - côté,,,,,,,,,,,1,2,1,8,3
201500013617,0015-03-24 18:30:00,15,3,24,18,30,130,55,"79, ROMAIN ROLLAND (BOUL",43.27905,5.4227,Crépuscule ou aube,En agglomération,Hors intersection,Normale,Deux véhicules - côté,,,,,,,,,,,2,2,1,1,3
201500013618,0015-01-02 20:20:00,15,1,2,20,20,130,55,"45, TRA DE LA MONTRE",43.29404,5.4751,Nuit avec éclairage allumé,En agglomération,Hors intersection,Normale,Deux véhicules - frontale,,,,,,,,,,,5,2,1,1,1
201500013619,0015-03-24 19:15:00,15,3,24,19,15,130,55,"74, CLOVIS HUGUES (RUE)",43.31102,5.38462,Nuit avec éclairage allumé,En agglomération,Hors intersection,Normale,Autre collision,,,,,,,,,,,5,2,1,1,6
201500013620,0015-03-25 09:35:00,15,3,25,9,35,130,55,"384, MICHELET (BOULEVARD",43.25505,5.40093,Plein jour,En agglomération,Hors intersection,Pluie légère,Deux véhicules - arrière,,,,,,,,,,,1,2,1,2,2
201500013621,0015-03-25 12:00:00,15,3,25,12,0,130,55,"300, PRADO (AVENUE)",43.2729,5.39076,Plein jour,En agglomération,Intersection en T,Pluie légère,Deux véhicules - côté,,,,,,,,,,,1,2,3,2,3
201500013622,0015-01-03 18:49:00,15,1,3,18,49,130,55,"343, BD ROMAIN ROLLAND",43.27124,5.40903,Nuit avec éclairage allumé,En agglomération,Hors intersection,Normale,Deux véhicules - frontale,,,,,,,,,,,5,2,1,1,1
201500013623,0015-03-22 11:50:00,15,3,22,11,50,130,55,"10, MENDES FRANCE (AVENU",,,Plein jour,En agglomération,Hors intersection,Normale,Autre collision,,,,,,,,,,,1,2,1,1,6
201500013624,0015-03-19 20:10:00,15,3,19,20,10,130,55,"00, ROLAND DORGELES (BO",43.34728,5.37838,Nuit avec éclairage allumé,En agglomération,Intersection en X,Normale,Deux véhicules - côté,,,,,,,,,,,5,2,2,1,3
201500013625,0015-03-25 16:15:00,15,3,25,16,15,130,55,"150, CANEBIERE     70 A",43.29866,5.3841,Plein jour,En agglomération,Hors intersection,Normale,Autre collision,,,,,,,,,,,1,2,1,1,6
201500013626,0015-03-25 12:14:00,15,3,25,12,14,130,55,"278, OLIVES (AVENUE DES)",43.32352,5.44542,Plein jour,En agglomération,Place,Normale,Deux véhicules - frontale,,,,,,,,,,,1,2,7,1,1
201500013627,0015-03-25 21:30:00,15,3,25,21,30,130,55,"337, CORNICHE KENNEDY",43.27294,5.36295,Nuit avec éclairage non allumé,En agglomération,Hors intersection,Normale,Deux véhicules - côté,,,,,,,,,,,4,2,1,1,3
201500013628,0015-03-26 07:50:00,15,3,26,7,50,130,55,"280, MICHELET (BOULEVARD",43.26182,5.39733,Plein jour,En agglomération,Hors intersection,Normale,Deux véhicules - arrière,,,,,,,,,,,1,2,1,1,2
201500013629,0015-03-26 09:40:00,15,3,26,9,40,130,55,"105, CAMILLE PELLETAN (A",43.30662,5.37353,Plein jour,En agglomération,Hors intersection,Normale,Autre collision,,,,,,,,,,,1,2,1,1,6
201500013630,0015-01-05 09:00:00,15,1,5,9,0,130,55,"01, PCE DU DOCTEUR VAUTH",,,Plein jour,En agglomération,Hors intersection,Normale,Autre collision,,,,,,,,,,,1,2,1,1,6
201500013631,0015-01-06 10:50:00,15,1,6,10,50,130,55,"00, CV DE LA MILLIERE A",,,Plein jour,En agglomération,Intersection en X,Normale,Deux véhicules - côté,,,,,,,,,,,1,2,2,1,3
201500013632,0015-03-26 18:05:00,15,3,26,18,5,130,55,"20, PIERRE PUGET (COURS)",43.29042,5.37577,Plein jour,En agglomération,Intersection en X,Normale,Autre collision,,,,,,,,,,,1,2,2,1,6
201500013633,0015-01-05 16:30:00,15,1,5,16,30,130,55,"25, PRO DU GRAND LARGE",43.2413,5.36341,Plein jour,En agglomération,Hors intersection,Normale,Deux véhicules - frontale,,,,,,,,,,,1,2,1,1,1
201500013634,0015-01-04 14:30:00,15,1,4,14,30,130,55,"121, AVE DE SAINT JULIEN",43.30709,5.42299,Plein jour,En agglomération,Hors intersection,Normale,Deux véhicules - arrière,,,,,,,,,,,1,2,1,1,2
201500013635,0015-03-26 21:30:00,15,3,26,21,30,130,55,"83, CAPELETTE (AVENUE DE",43.28229,5.40308,Nuit avec éclairage allumé,En agglomération,Intersection en T,Normale,Deux véhicules - côté,,,,,,,,,,,5,2,3,1,3
201500013636,0015-01-05 14:20:00,15,1,5,14,20,130,55,"00, AVE DE MONTOLIVET",43.31355,5.41307,Plein jour,En agglomération,Intersection en T,Normale,Deux véhicules - côté,,,,,,,,,,,1,2,3,1,3
201500013637,0015-03-26 13:15:00,15,3,26,13,15,130,55,"16, MICHELET (BOULEVARD)",43.27156,5.39159,Plein jour,En agglomération,Hors intersection,Normale,Deux véhicules - frontale,,,,,,,,,,,1,2,1,1,1
201500013638,0015-03-27 08:20:00,15,3,27,8,20,130,55,"63, AUDIENCE (RUE DE L')",43.29611,5.48662,Plein jour,En agglomération,Intersection en X,Normale,Autre collision,,,,,,,,,,,1,2,2,1,6
201500013639,0015-01-06 18:10:00,15,1,6,18,10,130,55,"07, SQ SIDI BRAHIM",43.29741,5.39847,Nuit avec éclairage allumé,En agglomération,Hors intersection,Normale,Autre collision,,,,,,,,,,,5,2,1,1,6
201500013640,0015-03-27 10:00:00,15,3,27,10,0,130,55,"6, HUVEAUNE (BOULEVARD D",43.27451,5.40872,Plein jour,Hors agglomération,Hors intersection,Normale,Autre collision,,,,,,,,,,,1,1,1,1,6
201500013641,0015-01-05 18:40:00,15,1,5,18,40,130,55,AVE RAIMU,,,Nuit avec éclairage allumé,En agglomération,Hors intersection,Normale,Autre collision,,,,,,,,,,,5,2,1,1,6