accident_id,datetime,annee,mois,jour,heure,minute,departement,commune_insee,adresse,latitude,longitude,luminosite,agglomeration,intersection,meteo,collision,nb_vehicules,nb_usagers,nb_indemnes,nb_tues,nb_blesses_hosp,nb_blesses_legers,age_cond_1,age_cond_2,veh_type_cond_1,veh_type_cond_2,lum_code,agg_code,int_code,atm_code,col_code
201500013889,0015-02-08 01:35:00,15,2,8,1,35,130,55,"0, RUE AVIATEUR LE BRIX",,,Nuit avec éclairage allumé,En agglomération,Hors intersection,Normale,Autre collision,,,,,,,,,,,5,2,1,1,6
201500013890,0015-04-19 18:05:00,15,4,19,18,5,130,55,"215, CHAVE (BOULEVARD)",43.29587,5.40051,Plein jour,En agglomération,Hors intersection,Temps couvert,Autre collision,,,,,,,,,,,1,2,1,8,6
201500013891,0015-11-19 10:30:00,15,11,19,10,30,130,55,ORGUES (RUE DES),43.29984,5.3993,Plein jour,Hors agglomération,Hors intersection,Normale,Autre collision,,,,,,,,,,,1,1,1,1,6
201500013892,0015-04-19 17:30:00,15,4,19,17,30,130,55,"1, ALEX. FLEMING (BOULEV",43.31489,5.38791,Plein jour,En agglomération,Hors intersection,Pluie légère,Trois véhicules et plus - collisions multiples,,,,,,,,,,,1,2,1,2,5
201500013893,0015-04-19 20:40:00,15,4,19,20,40,130,55,CLOT BEY (AVENUE),43.2623,5.3878,Nuit avec éclairage allumé,En agglomération,Intersection en T,Normale,Deux véhicules - côté,,,,,,,,,,,5,2,3,1,3
201500013894,0015-01-26 04:00:00,15,1,26,4,0,130,55,"234, AVE DES OLIVES",43.32438,5.44294,Nuit avec éclairage allumé,En agglomération,Hors intersection,Normale,Sans collision,,,,,,,,,,,5,2,1,1,7
201500013895,0015-04-07 16:30:00,15,4,7,16,30,130,55,"57, CABOT (BOULEVARD)",43.25855,5.41746,Plein jour,En agglomération,Hors intersection,Normale,Autre collision,,,,,,,,,,,1,2,1,1,6
201500013896,0015-04-19 16:05:00,15,4,19,16,5,130,55,"112, PONT DE VIVAUX (BOU",43.2816,5.42702,Plein jour,En agglomération,Intersection en X,Normale,Deux véhicules - côté,,,,,,,,,,,1,2,2,1,3
201500013897,0015-04-20 09:00:00,15,4,20,9,0,130,55,"2, PAUL PEYTRAL (BOULEVA",43.29056,5.37994,Plein jour,En agglomération,Place,Normale,Autre collision,,,,,,,,,,,1,2,7,1,6
201500013898,0015-02-02 14:00:00,15,2,2,14,0,130,55,"626, RUE SAINT PIERRE",43.29011,5.42581,Plein jour,En agglomération,Intersection en T,Normale,Autre collision,,,,,,,,,,,1,2,3,1,6
201500013899,0015-04-20 09:00:00,15,4,20,9,0,130,55,"213, KADDOUZ (CHEMIN)",43.31736,5.43816,Plein jour,En agglomération,Hors intersection,Normale,Autre collision,,,,,,,,,,,1,2,1,1,6
201500013900,0015-01-24 10:20:00,15,1,24,10,20,130,55,"417, AVE DE SAINT ANTOIN",43.38411,5.3585,Plein jour,En agglomération,Hors intersection,Normale,Autre collision,,,,,,,,,,,1,2,1,1,6
201500013901,0015-04-09 12:26:00,15,4,9,12,26,130,55,"00, CORDERIE (BOULEVARD",,,Plein jour,En agglomération,Hors intersection,Normale,Deux véhicules - arrière,,,,,,,,,,,1,2,1,1,2
201500013902,0015-04-20 21:30:00,15,4,20,21,30,130,55,LOUIS ASTRUC (RUE),43.294,5.39577,Nuit avec éclairage allumé,En agglomération,Intersection en X,Normale,Deux véhicules - côté,,,,,,,,,,,5,2,2,1,3
201500013903,0015-04-19 23:35:00,15,4,19,23,35,130,55,"51, BOUYALA D'ARNAUD (BO",43.29759,5.44092,Nuit avec éclairage allumé,En agglomération,Hors intersection,Normale,Deux véhicules - côté,,,,,,,,,,,5,2,1,1,3
201500013904,0015-01-24 16:20:00,15,1,24,16,20,130,55,"35, AVE DE LA CROIX ROUG",43.33105,5.43178,Plein jour,En agglomération,Hors intersection,Normale,Autre collision,,,,,,,,,,,1,2,1,1,6
201500013905,0015-04-15 11:30:00,15,4,15,11,30,130,55,"246, MADRAGUE VILLE (RUE",43.33247,5.35889,Plein jour,En agglomération,Intersection en T,Normale,Autre collision,,,,,,,,,,,1,2,3,1,6
201500013906,0015-01-03 13:15:00,15,1,3,13,15,130,55,"35, RUE ADOLPHE THIERS",43.29744,5.38537,Plein jour,En agglomération,Hors intersection,Normale,Autre collision,,,,,,,,,,,1,2,1,1,6
201500013907,0015-04-09 16:10:00,15,4,9,16,10,130,55,"19, ANDR? POGGIOLI (RUE)",43.29352,5.38525,Plein jour,En agglomération,Hors intersection,Normale,Sans collision,,,,,,,,,,,1,2,1,1,7
201500013908,0015-04-21 14:20:00,15,4,21,14,20,130,55,"7, GAROUTTE (BOULEVARD)",43.30526,5.41302,Plein jour,En agglomération,Hors intersection,Normale,Deux véhicules - côté,,,,,,,,,,,1,2,1,1,3
201500013909,0015-04-02 18:30:00,15,4,2,18,30,130,55,"2, JULES CANTINI (AVENUE",43.27757,5.39896,Plein jour,En agglomération,Intersection à plus de 4 branches,Normale,Deux véhicules - côté,,,,,,,,,,,1,2,5,1,3
201500013910,0015-04-21 20:30:00,15,4,21,20,30,130,75,"00, FRÉDÉRIC CHEVILLON (",43.34747,5.46376,Plein jour,En agglomération,Intersection en X,Normale,Deux véhicules - côté,,,,,,,,,,,1,2,2,1,3
201500013911,0015-01-19 09:30:00,15,1,19,9,30,130,55,"779, AVE DE MAZARGUES",43.24822,5.39904,Plein jour,En agglomération,Hors intersection,Pluie légère,Autre collision,,,,,,,,,,,1,2,1,2,6
201500013912,0015-01-07 11:30:00,15,1,7,11,30,130,55,"160, AVE DES PEINTRES RO",43.30024,5.47693,Plein jour,En agglomération,Hors intersection,Normale,Autre collision,,,,,,,,,,,1,2,1,1,6
201500013913,0015-04-21 22:05:00,15,4,21,22,5,130,55,STRASBOURG (BOULEVARD),,,Nuit avec éclairage allumé,Hors agglomération,Hors intersection,Normale,Deux véhicules - côté,,,,,,,,,,,5,1,1,1,3
201500013914,0015-01-20 21:30:00,15,1,20,21,30,130,55,"00, CHE DE LA COLLINE SA",,,Nuit avec éclairage allumé,En agglomération,Hors intersection,Normale,Autre collision,,,,,,,,,,,5,2,1,1,6
201500013915,0015-04-10 11:10:00,15,4,10,11,10,130,55,NATIONAL (BOULEVARD),43.31433,5.37338,Plein jour,En agglomération,Hors intersection,Normale,Autre collision,,,,,,,,,,,1,2,1,1,6
201500013916,0015-04-21 19:00:00,15,4,21,19,0,130,55,"1, CAP JANET (CHEMIN)",43.34081,5.3523,Plein jour,En agglomération,Hors intersection,Normale,Deux véhicules - côté,,,,,,,,,,,1,2,1,1,3
201500013917,0015-03-24 10:40:00,15,3,24,10,40,130,55,FLORIAN (AVENUE),43.28177,5.42752,Plein jour,Hors agglomération,Hors intersection,Normale,Deux véhicules - frontale,,,,,,,,,,,1,1,1,1,1
201500013918,0015-04-22 07:50:00,15,4,22,7,50,130,55,BAILLE (BOULEVARD),43.29011,5.39931,Plein jour,En agglomération,Hors intersection,Normale,Autre collision,,,,,,,,,,,1,2,1,1,6
201500013919,0015-01-28 11:30:00,15,1,28,11,30,130,55,"34, BD DU REDON",43.25621,5.41982,Plein jour,En agglomération,Hors intersection,Normale,Sans collision,,,,,,,,,,,1,2,1,1,7
201500013920,0015-04-22 21:35:00,15,4,22,21,35,130,55,"20, GAILLARD (BOULEVARD)",43.31283,5.41798,Nuit avec éclairage allumé,En agglomération,Intersection en X,Normale,Deux véhicules - côté,,,,,,,,,,,5,2,2,1,3
201500013921,0015-01-29 13:30:00,15,1,29,13,30,130,55,RUE LOUIS REGIS,,,Plein jour,En agglomération,Hors intersection,Pluie légère,Autre collision,,,,,,,,,,,1,2,1,2,6
201500013922,0015-04-17 08:20:00,15,4,17,8,20,130,55,"00, NOTRE DAME (BOULEVAR",,,Plein jour,En agglomération,Hors intersection,Normale,Deux véhicules - côté,,,,,,,,,,,1,2,1,1,3
201500013923,0015-01-28 12:30:00,15,1,28,12,30,130,55,"00, AVE DE LA VISTE",,,Plein jour,En agglomération,Hors intersection,Normale,Deux véhicules - frontale,,,,,,,,,,,1,2,1,1,1
201500013924,0015-04-08 15:00:00,15,4,8,15,0,130,55,"39, GRIGNAN (RUE)     12",43.29218,5.37718,Plein jour,En agglomération,Hors intersection,Normale,Deux véhicules - arrière,,,,,,,,,,,1,2,1,1,2
201500013925,0015-04-23 08:35:00,15,4,23,8,35,130,55,"86, FAUVETTES (BOULEVARD",43.31723,5.43859,Plein jour,En agglomération,Hors intersection,Normale,Deux véhicules - arrière,,,,,,,,,,,1,2,1,1,2
201500013926,0015-04-22 10:30:00,15,4,22,10,30,130,55,"23, NOEL COLL (AVENUE)",43.28415,5.44399,Plein jour,En agglomération,Hors intersection,Normale,Deux véhicules - arrière,,,,,,,,,,,1,2,1,1,2
201500013927,0015-04-23 08:15:00,15,4,23,8,15,130,55,"20, MERLAN (AVENUE)",43.33327,5.40727,Plein jour,Hors agglomération,Hors intersection,Normale,Autre collision,,,,,,,,,,,1,1,1,1,6
201500013928,0015-01-19 08:00:00,15,1,19,8,0,130,55,"14, BD DE LA FABRIQUE",43.25353,5.39521,Plein jour,En agglomération,Hors intersection,Pluie forte,Deux véhicules - arrière,,,,,,,,,,,1,2,1,3,2
201500013929,0015-04-23 15:45:00,15,4,23,15,45,130,55,"4, GUEIDON (BOULEVARD)",43.32158,5.42053,Plein jour,En agglomération,Hors intersection,Normale,Deux véhicules - arrière,,,,,,,,,,,1,2,1,1,2
201500013930,0015-01-28 11:55:00,15,1,28,11,55,130,55,"220, RUE CHARLES KADDOUZ",43.31733,5.43816,Plein jour,En agglomération,Hors intersection,Normale,Deux véhicules - arrière,,,,,,,,,,,1,2,1,1,2
201500013931,0015-04-23 18:15:00,15,4,23,18,15,130,55,"13, STRASBOURG (BOULEVAR",43.3072,5.37528,Plein jour,En agglomération,Hors intersection,Normale,Deux véhicules - côté,,,,,,,,,,,1,2,1,1,3
201500013932,0015-01-23 21:00:00,15,1,23,21,0,130,55,"75, BD PIERRE MENARD",43.29103,5.44176,Nuit avec éclairage allumé,En agglomération,Giratoire,Normale,Autre collision,,,,,,,,,,,5,2,6,1,6
201500013933,0015-01-28 08:50:00,15,1,28,8,50,130,55,"58, MTE DE SAINT MENET",43.29353,5.49391,Plein jour,En agglomération,Hors intersection,Normale,Trois véhicules et plus - en chaîne,,,,,,,,,,,1,2,1,1,4
201500013934,0015-04-23 20:00:00,15,4,23,20,0,130,55,HENRI BEYLE (RUE),,,Plein jour,En agglomération,Hors intersection,Normale,Autre collision,,,,,,,,,,,1,2,1,1,6
201500013935,0015-01-27 19:20:00,15,1,27,19,20,130,55,"171, AVE DES OLIVES",43.32576,5.44096,Nuit avec éclairage allumé,En agglomération,Hors intersection,Normale,Autre collision,,,,,,,,,,,5,2,1,1,6
201500013936,0015-04-11 15:50:00,15,4,11,15,50,130,55,"178, MAR?CHAL JUIN (BOUL",43.30942,5.40301,Plein jour,En agglomération,Hors intersection,Normale,Trois véhicules et plus - en chaîne,,,,,,,,,,,1,2,1,1,4
201500013937,0015-04-24 07:50:00,15,4,24,7,50,130,55,"4, ARENC (QUAI D')",,,Plein jour,En agglomération,Hors intersection,Normale,Deux véhicules - côté,,,,,,,,,,,1,2,1,1,3
201500013938,0015-01-23 09:15:00,15,1,23,9,15,130,55,"00, BD ROLAND DORGELES",,,Plein jour,En agglomération,Hors intersection,Normale,Deux véhicules - arrière,,,,,,,,,,,1,2,1,1,2
201500013939,0015-01-28 21:15:00,15,1,28,21,15,130,55,"00, BD DES BASSINS DE RA",43.32683,5.35835,Nuit avec éclairage allumé,En agglomération,Intersection en X,Normale,Deux véhicules - côté,,,,,,,,,,,5,2,2,1,3
201500013940,0015-04-24 07:30:00,15,4,24,7,30,130,55,"155, BAILLE (BOULEVARD)",43.28963,5.39753,Plein jour,Hors agglomération,Hors intersection,Normale,Autre collision,,,,,,,,,,,1,1,1,1,6
201500013941,0015-04-17 16:20:00,15,4,17,16,20,130,55,"172, SAINT MARCEL (BOULE",43.2876,5.46503,Plein jour,En agglomération,Intersection en T,Normale,Autre collision,,,,,,,,,,,1,2,3,1,6
201500013942,0015-01-22 08:30:00,15,1,22,8,30,130,55,"01, RUE JACQUES PICON",,,Plein jour,En agglomération,Hors intersection,Normale,Autre collision,,,,,,,,,,,1,2,1,1,6
201500013943,0015-04-24 07:45:00,15,4,24,7,45,130,55,"218, BAILLE (BOULEVARD)",43.28937,5.39656,Plein jour,En agglomération,Hors intersection,Normale,Deux véhicules - côté,,,,,,,,,,,1,2,1,1,3
201500013944,0015-04-24 09:40:00,15,4,24,9,40,130,55,"10, JEANNE D'ARC (BOULEV",43.29408,5.39923,Plein jour,En agglomération,Hors intersection,Normale,Autre collision,,,,,,,,,,,1,2,1,1,6
201500013945,0015-01-26 14:50:00,15,1,26,14,50,130,55,"01, RUE DU ROI RENE",43.24598,5.4183,Plein jour,En agglomération,Intersection en T,Normale,Autre collision,,,,,,,,,,,1,2,3,1,6
201500013946,0015-04-24 16:10:00,15,4,24,16,10,130,55,"38, MARÉCHAL FOCH (AVENU",43.2998,5.40076,Plein jour,En agglomération,Intersection en X,Normale,Deux véhicules - côté,,,,,,,,,,,1,2,2,1,3
201500013947,0015-01-27 14:40:00,15,1,27,14,40,130,55,"19, CRS JOSEPH THIERRY",43.30074,5.38667,Plein jour,En agglomération,Hors intersection,Normale,Autre collision,,,,,,,,,,,1,2,1,1,6
201500013948,0015-04-24 17:30:00,15,4,24,17,30,130,55,RUFFI (RUE DE),43.3116,5.37134,Plein jour,En agglomération,Intersection en X,Normale,Deux véhicules - côté,,,,,,,,,,,1,2,2,1,3
201500013949,0015-01-26 14:00:00,15,1,26,14,0,130,55,"02, RUE BAPTISTIN FOUQUE",43.28674,5.35604,Plein jour,En agglomération,Hors intersection,Normale,Sans collision,,,,,,,,,,,1,2,1,1,7
201500013950,0015-01-20 08:45:00,15,1,20,8,45,130,55,"66, BD NOTRE DAME",43.28727,5.37366,Plein jour,En agglomération,Hors intersection,Pluie légère,Autre collision,,,,,,,,,,,1,2,1,2,6
201500013951,0015-04-24 19:00:00,15,4,24,19,0,130,55,"1, PLOMBIERES (BOULEVARD",,,Plein jour,En agglomération,Hors intersection,Normale,Trois véhicules et plus - collisions multiples,,,,,,,,,,,1,2,1,1,5
201500013952,0015-01-26 17:50:00,15,1,26,17,50,130,55,"72, AVE DE LA CAPELETTE",43.28196,5.40374,Nuit avec éclairage allumé,En agglomération,Hors intersection,Normale,Autre collision,,,,,,,,,,,5,2,1,1,6
201500013953,0015-04-17 13:00:00,15,4,17,13,0,130,55,LOUIS MALOSSE (AVENUE),,,Plein jour,En agglomération,Hors intersection,Normale,Deux véhicules - frontale,,,,,,,,,,,1,2,1,1,1
201500013954,0015-04-25 05:50:00,15,4,25,5,50,130,55,POMME (BOULEVARD DE LA ),,,Plein jour,En agglomération,Hors intersection,Normale,Autre collision,,,,,,,,,,,1,2,1,1,6
201500013955,0015-04-25 05:30:00,15,4,25,5,30,130,55,"124, LYON (RUE DE)",43.30017,5.4199,Nuit avec éclairage allumé,En agglomération,Hors intersection,Pluie légère,Autre collision,,,,,,,,,,,5,2,1,2,6
201500013956,0015-02-13 05:30:00,15,2,13,5,30,130,55,"02, CRS LIEUTAUD",43.29615,5.38143,Nuit avec éclairage allumé,En agglomération,Hors intersection,Normale,Autre collision,,,,,,,,,,,5,2,1,1,6
201500013957,0015-04-21 07:45:00,15,4,21,7,45,130,55,"26, PIERRE ROCHE (RUE)",43.30935,5.40312,Plein jour,En agglomération,Hors intersection,Normale,Deux véhicules - côté,,,,,,,,,,,1,2,1,1,3
201500013958,0015-02-13 11:20:00,15,2,13,11,20,130,55,"134, BD MICHELET",43.26591,5.39531,Plein jour,En agglomération,Hors intersection,Temps couvert,Trois véhicules et plus - collisions multiples,,,,,,,,,,,1,2,1,8,5
201500013959,0015-04-21 09:05:00,15,4,21,9,5,130,55,"58, COMMANDERIE (CHEMIN)",43.34098,5.36272,Plein jour,En agglomération,Hors intersection,Normale,Sans collision,,,,,,,,,,,1,2,1,1,7
201500013960,0015-02-14 07:00:00,15,2,14,7,0,130,55,"01, RPT VERRERIE LAFFON",43.3124,5.46489,Crépuscule ou aube,En agglomération,Giratoire,Temps couvert,Autre collision,,,,,,,,,,,2,2,6,8,6
201500013961,0015-04-26 22:20:00,15,4,26,22,20,130,55,"27, DÉSIRÉ BIANCO (AVENU",43.28737,5.4252,Nuit avec éclairage allumé,En agglomération,Hors intersection,Normale,Autre collision,,,,,,,,,,,5,2,1,1,6
201500013962,0015-01-13 09:15:00,15,1,13,9,15,130,55,"247, CHE DE LA MADRAGUE",43.33309,5.35864,Plein jour,En agglomération,Intersection en X,Normale,Autre collision,,,,,,,,,,,1,2,2,1,6
201500013963,0015-04-27 00:20:00,15,4,27,0,20,130,55,ARMENY (RUE D'),43.29919,5.3751,Nuit avec éclairage allumé,En agglomération,Intersection en X,Normale,Deux véhicules - côté,,,,,,,,,,,5,2,2,1,3
201500013964,0015-01-18 09:15:00,15,1,18,9,15,130,55,"35, CHE DE SAINT JOSEPH",43.34254,5.38619,Plein jour,En agglomération,Hors intersection,Normale,Autre collision,,,,,,,,,,,1,2,1,1,6
201500013965,0015-01-15 07:20:00,15,1,15,7,20,130,55,"148, CHE DE LA MADRAGUE",43.32749,5.3602,Nuit avec éclairage allumé,En agglomération,Hors intersection,Normale,Autre collision,,,,,,,,,,,5,2,1,1,6
201500013966,0015-04-25 19:15:00,15,4,25,19,15,130,55,"99, PARADIS (RUE)",43.28931,5.37855,Plein jour,En agglomération,Hors intersection,Normale,Deux véhicules - arrière,,,,,,,,,,,1,2,1,1,2
201500013967,0015-04-19 13:45:00,15,4,19,13,45,130,55,"55, DAMES (BOULEVARD DES",43.30313,5.36637,Plein jour,En agglomération,Intersection en X,Pluie légère,Deux véhicules - côté,,,,,,,,,,,1,2,2,2,3
201500013968,0015-01-16 16:05:00,15,1,16,16,5,130,55,"00, AVE DES OLIVES",,,Plein jour,En agglomération,Hors intersection,Normale,Autre collision,,,,,,,,,,,1,2,1,1,6
201500013969,0015-01-16 14:20:00,15,1,16,14,20,130,55,"00, BD NATIONAL",,,Plein jour,En agglomération,Hors intersection,Normale,Autre collision,,,,,,,,,,,1,2,1,1,6
201500013970,0015-04-02 16:00:00,15,4,2,16,0,130,55,"15, BERCEAU (RUE)",43.28819,5.3952,Plein jour,En agglomération,Intersection en T,Normale,Autre collision,,,,,,,,,,,1,2,3,1,6
201500013971,0015-04-21 14:30:00,15,4,21,14,30,130,55,"35, EVECHE (RUE DE L')",43.30188,5.36714,Plein jour,En agglomération,Intersection en X,Normale,Deux véhicules - côté,,,,,,,,,,,1,2,2,1,3
201500013972,0015-01-20 18:10:00,15,1,20,18,10,130,55,"222, AVE DES CAILLOLS",43.30322,5.4425,Nuit avec éclairage allumé,En agglomération,Hors intersection,Pluie légère,Deux véhicules - frontale,,,,,,,,,,,5,2,1,2,1
201500013973,0015-04-16 06:10:00,15,4,16,6,10,130,55,"68, JOLIETTE (RUE DE LA)",43.30292,5.36983,Nuit avec éclairage allumé,En agglomération,Intersection en X,Normale,Deux véhicules - frontale,,,,,,,,,,,5,2,2,1,1
201500013974,0015-01-09 12:10:00,15,1,9,12,10,130,55,"01, RPT PIERRE PARAF",43.32998,5.38782,Plein jour,En agglomération,Giratoire,Normale,Autre collision,,,,,,,,,,,1,2,6,1,6
201500013975,0015-04-09 10:20:00,15,4,9,10,20,130,55,", SAINTE MARGUERITE (BOU",43.26831,5.40586,Plein jour,En agglomération,Hors intersection,Normale,Trois véhicules et plus - en chaîne,,,,,,,,,,,1,2,1,1,4
201500013976,0015-04-12 02:10:00,15,4,12,2,10,130,55,"151, MICHELET (BOULEVARD",43.26526,5.39539,Nuit avec éclairage allumé,En agglomération,Hors intersection,Normale,Autre collision,,,,,,,,,,,5,2,1,1,6
201500013977,0015-02-17 13:40:00,15,2,17,13,40,130,55,"56, BD MICHELET",43.26542,5.39532,Plein jour,En agglomération,Hors intersection,Normale,Autre collision,,,,,,,,,,,1,2,1,1,6
201500013978,0015-11-17 21:30:00,15,11,17,21,30,130,55,LYON (RUE DE),43.32865,5.36574,Nuit avec éclairage allumé,En agglomération,Intersection en X,Normale,Deux véhicules - côté,,,,,,,,,,,5,2,2,1,3
201500013979,0015-04-27 21:00:00,15,4,27,21,0,130,55,"91, LA PELOUQUE (CHEMIN)",43.36448,5.33761,Nuit avec éclairage allumé,En agglomération,Hors intersection,Temps couvert,Deux véhicules - côté,,,,,,,,,,,5,2,1,8,3
201500013980,0015-01-24 17:25:00,15,1,24,17,25,130,55,RPT PIERRE PARAF,43.33012,5.38903,Nuit avec éclairage allumé,En agglomération,Hors intersection,Normale,Deux véhicules - arrière,,,,,,,,,,,5,2,1,1,2
201500013981,0015-04-14 13:40:00,15,4,14,13,40,130,55,LE CHATELIER,,,Plein jour,En agglomération,Hors intersection,Normale,Deux véhicules - côté,,,,,,,,,,,1,2,1,1,3
201500013982,0015-04-21 18:00:00,15,4,21,18,0,130,55,"271, CORNICHE KENNEDY",43.27926,5.35343,Plein jour,En agglomération,Hors intersection,Normale,Deux véhicules - arrière,,,,,,,,,,,1,2,1,1,2
201500013983,0015-01-29 11:30:00,15,1,29,11,30,130,55,"01, BD MICHELET",43.27036,5.39251,Plein jour,En agglomération,Intersection en X,Normale,Autre collision,,,,,,,,,,,1,2,2,1,6
201500013984,0015-04-21 15:30:00,15,4,21,15,30,130,55,"12, BRIFFAUT (RUE)",43.29467,5.39575,Plein jour,En agglomération,Intersection en T,Normale,Deux véhicules - côté,,,,,,,,,,,1,2,3,1,3
201500013985,0015-02-02 20:10:00,15,2,2,20,10,130,55,"08, RUE DU BOSQUET",43.29988,5.39966,Nuit avec éclairage allumé,Hors agglomération,Intersection en T,Normale,Deux véhicules - côté,,,,,,,,,,,5,1,3,1,3
201500013986,0015-04-14 15:35:00,15,4,14,15,35,130,55,"94, LIEUTAUD (COURS)",43.29159,5.38292,Plein jour,En agglomération,Hors intersection,Normale,Deux véhicules - côté,,,,,,,,,,,1,2,1,1,3
201500013987,0015-02-03 10:50:00,15,2,3,10,50,130,55,"191, BD DE LA VALBARELLE",,,Plein jour,En agglomération,Hors intersection,Pluie légère,Trois véhicules et plus - collisions multiples,,,,,,,,,,,1,2,1,2,5
201500013988,0015-04-08 16:02:00,15,4,8,16,2,130,55,"52, CANEBIERE     1 A 79",43.29703,5.37949,Plein jour,En agglomération,Hors intersection,Normale,Sans collision,,,,,,,,,,,1,2,1,1,7
201500013989,0015-02-02 19:27:00,15,2,2,19,27,130,55,"43, CHE DE LA GRAVE",43.34976,5.45079,Nuit avec éclairage allumé,En agglomération,Hors intersection,Normale,Sans collision,,,,,,,,,,,5,2,1,1,7
201500013990,0015-04-23 17:30:00,15,4,23,17,30,130,55,SIGNORET (TRAVERSE),,,Plein jour,En agglomération,Hors intersection,Normale,Autre collision,,,,,,,,,,,1,2,1,1,6
201500013991,0015-01-25 10:00:00,15,1,25,10,0,130,55,"23, BD NOTRE DAME DE SAN",43.33981,5.4066,Plein jour,En agglomération,Hors intersection,Normale,Autre collision,,,,,,,,,,,1,2,1,1,6
201500013992,0015-01-29 15:10:00,15,1,29,15,10,130,55,"93, BD DE STRASBOURG",43.3094,5.37897,Plein jour,En agglomération,Hors intersection,Pluie forte,Sans collision,,,,,,,,,,,1,2,1,3,7
201500013993,0015-04-28 15:15:00,15,4,28,15,15,130,55,"14, SAINT JUST (AVENUE D",43.31294,5.40196,Plein jour,En agglomération,Hors intersection,Normale,Deux véhicules - côté,,,,,,,,,,,1,2,1,1,3
201500013994,0015-04-26 18:20:00,15,4,26,18,20,130,55,"95, SAKAKINI (BOULEVARD)",43.29395,5.40167,Plein jour,En agglomération,Hors intersection,Normale,Deux véhicules - côté,,,,,,,,,,,1,2,1,1,3
201500013995,0015-01-29 21:45:00,15,1,29,21,45,130,55,"56, BD DE LA CORDERIE",43.29036,5.36972,Nuit avec éclairage allumé,En agglomération,Hors intersection,Pluie légère,Deux véhicules - frontale,,,,,,,,,,,5,2,1,2,1
201500013996,0015-04-28 09:15:00,15,4,28,9,15,130,55,"47, SAKAKINI (BOULEVARD)",43.29649,5.4003,Plein jour,En agglomération,Hors intersection,Normale,Deux véhicules - côté,,,,,,,,,,,1,2,1,1,3
201500013997,0015-02-03 07:45:00,15,2,3,7,45,130,55,"181, AVE DE LA CAPELETTE",43.28055,5.40795,Plein jour,En agglomération,Hors intersection,Normale,Autre collision,,,,,,,,,,,1,2,1,1,6
201500013998,0015-04-29 08:00:00,15,4,29,8,0,130,55,"02, VITON (AVENUE)",43.26185,5.40466,Plein jour,En agglomération,Intersection en X,Normale,Autre collision,,,,,,,,,,,1,2,2,1,6
201500013999,0015-01-16 02:30:00,15,1,16,2,30,130,55,"140, AVE DES CHARTREUX",43.30801,5.40011,Nuit avec éclairage allumé,En agglomération,Intersection en T,Normale,Deux véhicules - côté,,,,,,,,,,,5,2,3,1,3
201500014000,0015-04-18 09:50:00,15,4,18,9,50,130,55,MIREILLE LAUZE (BOULEVAR,43.2823,5.40437,Plein jour,En agglomération,Hors intersection,Normale,Deux véhicules - côté,,,,,,,,,,,1,2,1,1,3
201500014001,0015-04-29 16:05:00,15,4,29,16,5,130,55,"164, PLOMBIERES (BOULEVA",43.3187,5.37955,Plein jour,En agglomération,Hors intersection,Normale,Deux véhicules - côté,,,,,,,,,,,1,2,1,1,3
201500014002,0015-02-07 02:30:00,15,2,7,2,30,130,75,"55, L'ENJOLRAS (AVE DE)",43.33952,5.45475,Nuit avec éclairage allumé,En agglomération,Hors intersection,Normale,Sans collision,,,,,,,,,,,5,2,1,1,7
201500014003,0015-04-29 20:10:00,15,4,29,20,10,130,55,LUCIEN ROLMER (RUE),43.30456,5.37607,Crépuscule ou aube,En agglomération,Intersection en X,Normale,Deux véhicules - côté,,,,,,,,,,,2,2,2,1,3
201500014004,0015-02-12 09:30:00,15,2,12,9,30,130,55,"04, RUE LACEPEDE",43.30435,5.39754,Plein jour,En agglomération,Hors intersection,Normale,Autre collision,,,,,,,,,,,1,2,1,1,6
201500014005,0015-04-29 22:15:00,15,4,29,22,15,130,55,"139, ROSE (AVENUE DE LA)",43.32834,5.42556,Nuit avec éclairage allumé,En agglomération,Hors intersection,Normale,Deux véhicules - arrière,,,,,,,,,,,5,2,1,1,2
201500014006,0015-01-18 09:25:00,15,1,18,9,25,130,55,"267, AVE DU PRADO",43.27388,5.39085,Plein jour,En agglomération,Hors intersection,Normale,Autre collision,,,,,,,,,,,1,2,1,1,6
201500014007,0015-04-29 18:15:00,15,4,29,18,15,130,75,"146, FREDERIC MISTRAL (A",43.35186,5.47572,Plein jour,En agglomération,Hors intersection,Normale,Deux véhicules - arrière,,,,,,,,,,,1,2,1,1,2
201500014008,0015-02-03 05:40:00,15,2,3,5,40,130,55,"04, BD DU MARECHAL JUIN",43.31266,5.40485,Nuit avec éclairage allumé,En agglomération,Hors intersection,Normale,Deux véhicules - arrière,,,,,,,,,,,5,2,1,1,2
201500014009,0015-01-16 11:00:00,15,1,16,11,0,130,55,"04, RUE VERDILLON",43.27662,5.42087,Plein jour,En agglomération,Hors intersection,Pluie légère,Sans collision,,,,,,,,,,,1,2,1,2,7
201500014010,0015-04-23 16:45:00,15,4,23,16,45,130,55,"00, ALPHONSE ALLAIS (RUE",,,Plein jour,En agglomération,Hors intersection,Normale,Deux véhicules - frontale,,,,,,,,,,,1,2,1,1,1
201500014011,0015-01-17 19:20:00,15,1,17,19,20,130,75,"123BIS, MARIUS PINATEL (",43.34813,5.47131,Nuit avec éclairage allumé,En agglomération,Hors intersection,Normale,Deux véhicules - arrière,,,,,,,,,,,5,2,1,1,2
201500014012,0015-04-30 11:35:00,15,4,30,11,35,130,55,"23, MAUVESTIS (RUE DES)",43.29994,5.36892,Plein jour,Hors agglomération,Intersection en X,Normale,Autre collision,,,,,,,,,,,1,1,2,1,6