accident_id,datetime,annee,mois,jour,heure,minute,departement,commune_insee,adresse,latitude,longitude,luminosite,agglomeration,intersection,meteo,collision,nb_vehicules,nb_usagers,nb_indemnes,nb_tues,nb_blesses_hosp,nb_blesses_legers,age_cond_1,age_cond_2,veh_type_cond_1,veh_type_cond_2,lum_code,agg_code,int_code,atm_code,col_code
201500014013,0015-01-19 07:00:00,15,1,19,7,0,130,55,"42, BD DE PARIS",43.30741,5.3716,Nuit avec éclairage allumé,En agglomération,Hors intersection,Pluie forte,Autre collision,,,,,,,,,,,5,2,1,3,6
201500014014,0015-04-30 16:20:00,15,4,30,16,20,130,55,"40, FRANÇOISE DUPARC (BO",43.30231,5.40074,Plein jour,En agglomération,Hors intersection,Normale,Deux véhicules - arrière,,,,,,,,,,,1,2,1,1,2
201500014015,0015-04-30 14:50:00,15,4,30,14,50,130,55,"274, POILUS (AVENUE DES)",43.31669,5.46081,Plein jour,En agglomération,Hors intersection,Normale,Deux véhicules - côté,,,,,,,,,,,1,2,1,1,3
201500014016,0015-01-19 09:40:00,15,1,19,9,40,130,55,"158, AVE DE LA CAPELETTE",43.28056,5.40786,Plein jour,En agglomération,Hors intersection,Pluie légère,Autre collision,,,,,,,,,,,1,2,1,2,6
201500014017,0015-05-01 01:20:00,15,5,1,1,20,130,55,TERRUSSE (RUE),43.29637,5.39151,Nuit avec éclairage allumé,En agglomération,Intersection en X,Normale,Deux véhicules - côté,,,,,,,,,,,5,2,2,1,3
201500014018,0015-01-23 12:45:00,15,1,23,12,45,130,55,"304, BD DE SAINT MARCEL",43.28624,5.47328,Plein jour,En agglomération,Hors intersection,Normale,Autre collision,,,,,,,,,,,1,2,1,1,6
201500014019,0015-05-01 02:15:00,15,5,1,2,15,130,55,ALEX. FLEMING (BOULEVARD,,,Nuit avec éclairage allumé,En agglomération,Hors intersection,Normale,Autre collision,,,,,,,,,,,5,2,1,1,6
201500014020,0015-01-26 11:50:00,15,1,26,11,50,130,55,"14, AVE ALEXANDRE ANSALD",43.33201,5.40416,Plein jour,En agglomération,Hors intersection,Normale,Deux véhicules - arrière,,,,,,,,,,,1,2,1,1,2
201500014021,0015-04-30 12:30:00,15,4,30,12,30,130,55,"00, SAINT JOSEPH (CHEMIN",,,Plein jour,En agglomération,Hors intersection,Normale,Autre collision,,,,,,,,,,,1,2,1,1,6
201500014022,0015-01-26 12:20:00,15,1,26,12,20,130,55,"00, AVE JEAN PAUL SARTRE",,,Plein jour,En agglomération,Hors intersection,Normale,Deux véhicules - arrière,,,,,,,,,,,1,2,1,1,2
201500014023,0015-01-27 20:00:00,15,1,27,20,0,130,55,"220, AVE DU PRADO",43.2763,5.38879,Nuit avec éclairage allumé,En agglomération,Hors intersection,Normale,Autre collision,,,,,,,,,,,5,2,1,1,6
201500014024,0015-04-17 18:30:00,15,4,17,18,30,130,55,"79, ROMAIN ROLLAND (BOUL",43.27906,5.42271,Plein jour,En agglomération,Hors intersection,Normale,Deux véhicules - côté,,,,,,,,,,,1,2,1,1,3
201500014025,0015-04-30 18:45:00,15,4,30,18,45,130,55,LYON (RUE DE),,,Plein jour,En agglomération,Hors intersection,Normale,Deux véhicules - arrière,,,,,,,,,,,1,2,1,1,2
201500014026,0015-01-31 13:30:00,15,1,31,13,30,130,55,"27, BD GAY LUSSAC",43.33426,5.37465,Plein jour,En agglomération,Hors intersection,Normale,Autre collision,,,,,,,,,,,1,2,1,1,6
201500014027,0015-01-01 03:06:00,15,1,1,3,6,130,55,"60, BD VOLTAIRE",43.30347,5.38595,Nuit avec éclairage allumé,En agglomération,Intersection en X,Normale,Deux véhicules - côté,,,,,,,,,,,5,2,2,1,3
201500014028,0015-05-01 12:54:00,15,5,1,12,54,130,55,"94, CHARTREUX*(AVENUE DE",43.30575,5.39944,Plein jour,En agglomération,Hors intersection,Normale,Autre collision,,,,,,,,,,,1,2,1,1,6
201500014029,0015-04-30 14:15:00,15,4,30,14,15,130,55,"85, BAILLE (BOULEVARD)",43.28753,5.3898,Plein jour,Hors agglomération,Hors intersection,Normale,Deux véhicules - côté,,,,,,,,,,,1,1,1,1,3
201500014030,0015-05-01 14:20:00,15,5,1,14,20,130,55,"30, PIERRE ROCHE (RUE)",43.30931,5.40346,Plein jour,En agglomération,Intersection en X,Pluie légère,Deux véhicules - côté,,,,,,,,,,,1,2,2,2,3
201500014031,0015-04-26 11:00:00,15,4,26,11,0,130,55,route de la viste,43.35745,5.35753,Plein jour,En agglomération,Intersection en T,Normale,Deux véhicules - côté,,,,,,,,,,,1,2,3,1,3
201500014032,0015-01-27 11:55:00,15,1,27,11,55,130,55,"151, RTE DES TROIS LUCS",43.30395,5.47433,Plein jour,En agglomération,Hors intersection,Normale,Sans collision,,,,,,,,,,,1,2,1,1,7
201500014033,0015-05-01 17:20:00,15,5,1,17,20,130,55,HENRI BARNIER (BOULEVARD,,,Plein jour,Hors agglomération,Hors intersection,Normale,Deux véhicules - côté,,,,,,,,,,,1,1,1,1,3
201500014034,0015-02-06 23:00:00,15,2,6,23,0,130,55,"80, BD ALBE",43.31375,5.40661,Nuit avec éclairage allumé,En agglomération,Giratoire,Normale,Deux véhicules - côté,,,,,,,,,,,5,2,6,1,3
201500014035,0015-02-24 06:14:00,15,2,24,6,14,130,55,"00, RTE LEON LACHAMP",,,Nuit avec éclairage allumé,Hors agglomération,Hors intersection,Normale,Deux véhicules - frontale,,,,,,,,,,,5,1,1,1,1
201500014036,0015-04-09 07:50:00,15,4,9,7,50,130,55,"23, ALGER (RUE D')",43.28928,5.38836,Plein jour,En agglomération,Intersection en X,Normale,Deux véhicules - côté,,,,,,,,,,,1,2,2,1,3
201500014037,0015-02-03 13:06:00,15,2,3,13,6,130,55,"22, AVE DU PRADO",43.28436,5.38458,Plein jour,En agglomération,Hors intersection,Pluie légère,Autre collision,,,,,,,,,,,1,2,1,2,6
201500014038,0015-05-01 21:20:00,15,5,1,21,20,130,55,FRÉDÉRIC SAUVAGE (BOULEV,43.33068,5.37166,Nuit avec éclairage allumé,En agglomération,Intersection en T,Pluie légère,Deux véhicules - côté,,,,,,,,,,,5,2,3,2,3
201500014039,0015-02-02 12:25:00,15,2,2,12,25,130,55,"46, RUE LONGUE DES CAPUC",43.29841,5.37898,Plein jour,En agglomération,Hors intersection,Normale,Autre collision,,,,,,,,,,,1,2,1,1,6
201500014040,0015-05-02 08:00:00,15,5,2,8,0,130,55,"00, MORGIOU (CHEMIN DE)",,,Plein jour,Hors agglomération,Hors intersection,Normale,Deux véhicules - frontale,,,,,,,,,,,1,1,1,1,1
201500014041,0015-05-02 17:30:00,15,5,2,17,30,130,55,"1, DÉSIRÉ BIANCO (AVENUE",43.28676,5.42527,Plein jour,En agglomération,Hors intersection,Normale,Autre collision,,,,,,,,,,,1,2,1,1,6
201500014042,0015-02-04 15:30:00,15,2,4,15,30,130,55,"00, AVE DU CAP PINEDE RO",,,Plein jour,En agglomération,Hors intersection,Pluie légère,Autre collision,,,,,,,,,,,1,2,1,2,6
201500014043,0015-05-02 22:15:00,15,5,2,22,15,130,55,"95, GEORGES ESTRANGIN (B",43.27666,5.37182,Nuit avec éclairage allumé,En agglomération,Hors intersection,Normale,Autre collision,,,,,,,,,,,5,2,1,1,6
201500014044,0015-01-31 18:30:00,15,1,31,18,30,130,55,"02, CRS PIERRE PUGET",43.29052,5.37794,Nuit avec éclairage allumé,En agglomération,Hors intersection,Normale,Autre collision,,,,,,,,,,,5,2,1,1,6
201500014045,0015-05-03 00:45:00,15,5,3,0,45,130,55,"146, TOULON (AVENUE DE)",43.28473,5.3927,Nuit avec éclairage allumé,En agglomération,Hors intersection,Normale,Autre collision,,,,,,,,,,,5,2,1,1,6
201500014046,0015-05-01 17:00:00,15,5,1,17,0,130,55,"75, CORNICHE KENNEDY",43.28933,5.35482,Plein jour,En agglomération,Hors intersection,Normale,Sans collision,,,,,,,,,,,1,2,1,1,7
201500014047,0015-01-24 18:25:00,15,1,24,18,25,130,55,"26, BD CAMILLE FLAMMARIO",43.30427,5.38875,Nuit avec éclairage allumé,En agglomération,Hors intersection,Vent fort / tempête,Autre collision,,,,,,,,,,,5,2,1,6,6
201500014048,0015-05-03 05:30:00,15,5,3,5,30,130,55,"245, ROUCAS BLAN (CHEMIN",43.28015,5.3687,Nuit avec éclairage allumé,En agglomération,Hors intersection,Normale,Sans collision,,,,,,,,,,,5,2,1,1,7
201500014049,0015-01-28 19:30:00,15,1,28,19,30,130,55,"62, BD DE SAINTE MARGUER",43.26846,5.40495,Nuit avec éclairage allumé,En agglomération,Hors intersection,Normale,Autre collision,,,,,,,,,,,5,2,1,1,6
201500014050,0015-05-03 21:45:00,15,5,3,21,45,130,55,"4, SAINT ANTOINE (CHEMIN",43.3496,5.37527,Nuit avec éclairage allumé,En agglomération,Intersection en X,Normale,Deux véhicules - côté,,,,,,,,,,,5,2,2,1,3
201500014051,0015-01-29 13:45:00,15,1,29,13,45,130,55,"00, RUE MARCEL SEMBAT",43.30161,5.38166,Plein jour,En agglomération,Intersection en X,Pluie légère,Deux véhicules - côté,,,,,,,,,,,1,2,2,2,3
201500014052,0015-01-12 12:10:00,15,1,12,12,10,130,55,"57, BD DE LA VALBARELLE",43.28726,5.44642,Plein jour,En agglomération,Hors intersection,Normale,Sans collision,,,,,,,,,,,1,2,1,1,7
201500014053,0015-04-13 16:00:00,15,4,13,16,0,130,55,"00, ROGER SALENGRO (AVEN",,,Plein jour,En agglomération,Hors intersection,Normale,Deux véhicules - côté,,,,,,,,,,,1,2,1,1,3
201500014054,0015-05-04 12:10:00,15,5,4,12,10,130,55,"246, LYON (RUE DE)",43.33233,5.36449,Plein jour,En agglomération,Hors intersection,Normale,Autre collision,,,,,,,,,,,1,2,1,1,6
201500014055,0015-04-29 17:30:00,15,4,29,17,30,130,2,ETIENNE CUCCA-CD908 (AVE,,,Plein jour,Hors agglomération,Hors intersection,Normale,Sans collision,,,,,,,,,,,1,1,1,1,7
201500014056,0015-01-28 08:50:00,15,1,28,8,50,130,55,"13, CHE DE SAINT ANTOINE",43.35497,5.3359,Plein jour,En agglomération,Hors intersection,Normale,Deux véhicules - arrière,,,,,,,,,,,1,2,1,1,2
201500014057,0015-02-02 15:30:00,15,2,2,15,30,130,55,"0, BD ROLAND DORGELES",,,Plein jour,En agglomération,Hors intersection,Normale,Autre collision,,,,,,,,,,,1,2,1,1,6
201500014058,0015-05-04 17:25:00,15,5,4,17,25,130,55,"322, PIERRE DOIZE  (RUE)",43.27087,5.425,Plein jour,En agglomération,Hors intersection,Normale,Autre collision,,,,,,,,,,,1,2,1,1,6
201500014059,0015-01-31 13:20:00,15,1,31,13,20,130,55,BD ROLAND DORGELES,43.34733,5.3784,Plein jour,En agglomération,Intersection en X,Normale,Autre collision,,,,,,,,,,,1,2,2,1,6
201500014060,0015-05-04 16:50:00,15,5,4,16,50,130,55,"27, CORSE (AVENUE DE LA)",43.28946,5.36404,Plein jour,En agglomération,Intersection en T,Normale,Deux véhicules - côté,,,,,,,,,,,1,2,3,1,3
201500014061,0015-01-30 08:35:00,15,1,30,8,35,130,55,"28, CHE DE CHATEAU GOMBE",43.33571,5.42077,Plein jour,En agglomération,Hors intersection,Normale,Autre collision,,,,,,,,,,,1,2,1,1,6
201500014062,0015-05-05 08:00:00,15,5,5,8,0,130,55,LÉON LACHAMP (ROUTE),43.23988,5.45581,Plein jour,Hors agglomération,Hors intersection,Normale,Sans collision,,,,,,,,,,,1,1,1,1,7
201500014063,0015-01-30 14:00:00,15,1,30,14,0,130,55,"61, BD JOURDAN",43.33361,5.39609,Plein jour,En agglomération,Intersection en T,Normale,Sans collision,,,,,,,,,,,1,2,3,1,7
201500014064,0015-05-04 19:30:00,15,5,4,19,30,130,55,"281, CORNICHE KENNEDY",43.27754,5.35623,Plein jour,Hors agglomération,Hors intersection,Normale,Autre collision,,,,,,,,,,,1,1,1,1,6
201500014065,0015-01-31 10:05:00,15,1,31,10,5,130,55,"67, RUE DE LA JOLIETTE",43.3029,5.36982,Plein jour,En agglomération,Intersection en X,Normale,Deux véhicules - côté,,,,,,,,,,,1,2,2,1,3
201500014066,0015-05-05 15:00:00,15,5,5,15,0,130,55,"47, MARÉCHAL DE LATTRE (",43.24817,5.40617,Plein jour,En agglomération,Hors intersection,Normale,Deux véhicules - arrière,,,,,,,,,,,1,2,1,1,2
201500014067,0015-01-06 07:30:00,15,1,6,7,30,130,55,"130, CHE DE LA MADRAGUE",43.32624,5.36103,Plein jour,En agglomération,Intersection en T,Normale,Deux véhicules - côté,,,,,,,,,,,1,2,3,1,3
201500014068,0015-04-12 12:30:00,15,4,12,12,30,130,55,"11, NICOLAS APPERT (RUE)",43.33953,5.41818,Plein jour,En agglomération,Hors intersection,Normale,Deux véhicules - arrière,,,,,,,,,,,1,2,1,1,2
201500014069,0015-02-03 14:30:00,15,2,3,14,30,130,55,"11, RUE DE LA BOISERAIE",43.29835,5.42138,Plein jour,En agglomération,Hors intersection,Pluie légère,Sans collision,,,,,,,,,,,1,2,1,2,7
201500014070,0015-05-06 09:10:00,15,5,6,9,10,130,55,"02, DANIEL CASANOVA (BOU",43.32103,5.37475,Plein jour,Hors agglomération,Hors intersection,Normale,Deux véhicules - arrière,,,,,,,,,,,1,1,1,1,2
201500014071,0015-01-26 15:15:00,15,1,26,15,15,130,55,"67, BD CAMILLE FLAMMARIO",43.30618,5.39391,Plein jour,En agglomération,Hors intersection,Normale,Autre collision,,,,,,,,,,,1,2,1,1,6
201500014072,0015-05-06 09:38:00,15,5,6,9,38,130,55,MAZARGUES (AVENUE DE),43.26772,5.38927,Plein jour,En agglomération,Intersection en T,Normale,Deux véhicules - arrière,,,,,,,,,,,1,2,3,1,2
201500014073,0015-05-06 11:00:00,15,5,6,11,0,130,55,SAINT JEAN (AVENUE DE),43.29644,5.36608,Plein jour,En agglomération,Intersection en X,Normale,Deux véhicules - côté,,,,,,,,,,,1,2,2,1,3
201500014074,0015-04-09 08:30:00,15,4,9,8,30,130,55,"01, MAGUY ROUBAUD (RUE)",43.2727,5.40085,Plein jour,En agglomération,Hors intersection,Normale,Deux véhicules - côté,,,,,,,,,,,1,2,1,1,3
201500014075,0015-04-30 16:50:00,15,4,30,16,50,130,55,"136, L ARMEE D AFRIQUE (",43.28822,5.41045,Plein jour,En agglomération,Hors intersection,Normale,Trois véhicules et plus - collisions multiples,,,,,,,,,,,1,2,1,1,5
201500014076,0015-02-01 13:50:00,15,2,1,13,50,130,2,"00, VALLON VERT (AVENUE",,,Plein jour,En agglomération,Hors intersection,Normale,Autre collision,,,,,,,,,,,1,2,1,1,6
201500014077,0015-05-06 12:45:00,15,5,6,12,45,130,55,"74, LOUIS REGIS (RUE)",43.28855,5.50105,Plein jour,En agglomération,Hors intersection,Normale,Deux véhicules - côté,,,,,,,,,,,1,2,1,1,3
201500014078,0015-02-27 06:45:00,15,2,27,6,45,130,55,AVE JEAN PAUL SARTRE,,,Nuit avec éclairage allumé,En agglomération,Hors intersection,Pluie légère,Trois véhicules et plus - collisions multiples,,,,,,,,,,,5,2,1,2,5
201500014079,0015-05-07 09:35:00,15,5,7,9,35,130,55,"92, BAILLE (BOULEVARD)",43.28766,5.39036,Plein jour,En agglomération,Hors intersection,Normale,Trois véhicules et plus - en chaîne,,,,,,,,,,,1,2,1,1,4
201500014080,0015-02-27 06:05:00,15,2,27,6,5,130,55,"87, RUE AUGUSTIN AUBERT",43.26508,5.40374,Nuit avec éclairage allumé,En agglomération,Hors intersection,Pluie légère,Sans collision,,,,,,,,,,,5,2,1,2,7
201500014081,0015-05-07 08:30:00,15,5,7,8,30,130,55,"02, OCTROI (PLACE GARE D",43.28153,5.42578,Plein jour,En agglomération,Hors intersection,Normale,Deux véhicules - côté,,,,,,,,,,,1,2,1,1,3
201500014082,0015-05-07 07:30:00,15,5,7,7,30,130,55,"138, ROSE (AVENUE DE LA)",43.32808,5.42508,Plein jour,En agglomération,Hors intersection,Normale,Autre collision,,,,,,,,,,,1,2,1,1,6
201500014083,0015-02-09 13:15:00,15,2,9,13,15,130,55,"182, BD RABATAU",43.28127,5.3995,Plein jour,En agglomération,Hors intersection,Normale,Autre collision,,,,,,,,,,,1,2,1,1,6
201500014084,0015-05-07 11:40:00,15,5,7,11,40,130,55,"93, RABATAU (BOULEVARD)",43.27658,5.39766,Plein jour,En agglomération,Hors intersection,Normale,Deux véhicules - arrière,,,,,,,,,,,1,2,1,1,2
201500014085,0015-02-11 21:45:00,15,2,11,21,45,130,55,"00, RUE COLBERT",43.29926,5.37413,Nuit avec éclairage allumé,En agglomération,Intersection en X,Normale,Autre collision,,,,,,,,,,,5,2,2,1,6
201500014086,0015-05-07 11:20:00,15,5,7,11,20,130,55,"237, LIBERATION (BOULEVA",43.30279,5.39664,Plein jour,En agglomération,Intersection à plus de 4 branches,Normale,Deux véhicules - frontale,,,,,,,,,,,1,2,5,1,1
201500014087,0015-02-10 15:30:00,15,2,10,15,30,130,55,RUE DE PONTEVES,,,Plein jour,En agglomération,Hors intersection,Normale,Autre collision,,,,,,,,,,,1,2,1,1,6
201500014088,0015-05-07 13:50:00,15,5,7,13,50,130,55,"250, LYON (RUE DE)",43.33237,5.36448,Plein jour,En agglomération,Hors intersection,Normale,Deux véhicules - côté,,,,,,,,,,,1,2,1,1,3
201500014089,0015-05-06 19:00:00,15,5,6,19,0,130,55,"398, SAINT ANTOINE (AVEN",43.38086,5.3576,Plein jour,En agglomération,Hors intersection,Normale,Autre collision,,,,,,,,,,,1,2,1,1,6
201500014090,0015-02-09 16:30:00,15,2,9,16,30,130,55,AVE DU MARCHE NATIONAL,,,Plein jour,En agglomération,Hors intersection,Normale,Deux véhicules - arrière,,,,,,,,,,,1,2,1,1,2
201500014091,0015-05-07 16:25:00,15,5,7,16,25,130,55,"01, ALBERT EINSTEIN (RUE",43.33679,5.43491,Plein jour,En agglomération,Hors intersection,Normale,Deux véhicules - côté,,,,,,,,,,,1,2,1,1,3
201500014092,0015-01-30 16:00:00,15,1,30,16,0,130,55,"27, RUE COUTELLERIE",43.29677,5.37253,Plein jour,En agglomération,Intersection en T,Normale,Deux véhicules - côté,,,,,,,,,,,1,2,3,1,3
201500014093,0015-05-07 16:45:00,15,5,7,16,45,130,55,"1, ARNAVAUX (AVENUE DES)",43.33196,5.38199,Plein jour,En agglomération,Hors intersection,Normale,Deux véhicules - frontale,,,,,,,,,,,1,2,1,1,1
201500014094,0015-01-21 09:50:00,15,1,21,9,50,130,55,"306, RUE ALBERT EINSTEIN",43.3465,5.44893,Plein jour,En agglomération,Hors intersection,Pluie forte,Deux véhicules - côté,,,,,,,,,,,1,2,1,3,3
201500014095,0015-05-08 20:15:00,15,5,8,20,15,130,55,"75, EDMOND JALOUX (RUE)",43.32923,5.38429,Plein jour,En agglomération,Hors intersection,Normale,Autre collision,,,,,,,,,,,1,2,1,1,6
201500014096,0015-02-11 10:45:00,15,2,11,10,45,130,55,"363, RUE DE LYON",43.33888,5.36222,Plein jour,En agglomération,Intersection en T,Normale,Deux véhicules - côté,,,,,,,,,,,1,2,3,1,3
201500014097,0015-05-06 14:00:00,15,5,6,14,0,130,55,"431, SAINT PIERRE (RUE)",43.2917,5.41259,Plein jour,Hors agglomération,Hors intersection,Normale,Deux véhicules - côté,,,,,,,,,,,1,1,1,1,3
201500014098,0015-02-14 13:15:00,15,2,14,13,15,130,55,"571, AVE DE MAZARGUES",43.25356,5.39453,Plein jour,En agglomération,Hors intersection,Pluie forte,Deux véhicules - arrière,,,,,,,,,,,1,2,1,3,2
201500014099,0015-05-08 20:30:00,15,5,8,20,30,130,55,"BAT B, LAVOISIER (BOULEV",43.34014,5.37017,Plein jour,En agglomération,Hors intersection,Normale,Sans collision,,,,,,,,,,,1,2,1,1,7
201500014100,0015-01-30 15:00:00,15,1,30,15,0,130,55,"55, BD RABATAU",43.27495,5.39514,Plein jour,En agglomération,Hors intersection,Normale,Autre collision,,,,,,,,,,,1,2,1,1,6
201500014101,0015-05-08 22:20:00,15,5,8,22,20,130,55,ATHENES (BOULEVARD D'),,,Nuit avec éclairage allumé,En agglomération,Autre intersection,Normale,Deux véhicules - frontale,,,,,,,,,,,5,2,9,1,1
201500014102,0015-02-12 14:45:00,15,2,12,14,45,130,55,"66, BD PERIER",43.27912,5.38312,Plein jour,En agglomération,Hors intersection,Normale,Autre collision,,,,,,,,,,,1,2,1,1,6
201500014103,0015-05-08 20:15:00,15,5,8,20,15,130,55,"15, RIVE NEUVE (QUAI DE)",43.29321,5.37063,Nuit avec éclairage allumé,En agglomération,Hors intersection,Normale,Deux véhicules - frontale,,,,,,,,,,,5,2,1,1,1
201500014104,0015-02-14 06:00:00,15,2,14,6,0,130,55,"03, BD RABATAU",43.27274,5.39167,Nuit avec éclairage allumé,En agglomération,Hors intersection,Pluie légère,Autre collision,,,,,,,,,,,5,2,1,2,6
201500014105,0015-05-09 11:30:00,15,5,9,11,30,130,55,"00, EDOUARD VAILLANT (RU",,,Plein jour,En agglomération,Hors intersection,Normale,Deux véhicules - frontale,,,,,,,,,,,1,2,1,1,1
201500014106,0015-05-09 00:05:00,15,5,9,0,5,130,55,"05, JEAN MOULIN (BOULEVA",43.29174,5.40056,Nuit avec éclairage allumé,En agglomération,Hors intersection,Normale,Deux véhicules - arrière,,,,,,,,,,,5,2,1,1,2
201500014107,0015-02-11 15:00:00,15,2,11,15,0,130,55,"42, RUE CAISSERIE",43.29684,5.3671,Plein jour,En agglomération,Hors intersection,Normale,Autre collision,,,,,,,,,,,1,2,1,1,6
201500014108,0015-01-24 12:00:00,15,1,24,12,0,130,55,"135, CHE SAINT JEAN DU D",43.29404,5.41178,Plein jour,En agglomération,Hors intersection,Normale,Sans collision,,,,,,,,,,,1,2,1,1,7
201500014109,0015-05-09 13:30:00,15,5,9,13,30,130,55,"323, MICHELET (BOULEVARD",43.25863,5.39914,Plein jour,En agglomération,Intersection en T,Normale,Deux véhicules - côté,,,,,,,,,,,1,2,3,1,3
201500014110,0015-05-09 13:30:00,15,5,9,13,30,130,55,"35, TROIS LUCS (AVENUE D",43.31084,5.46758,Plein jour,En agglomération,Hors intersection,Normale,Deux véhicules - frontale,,,,,,,,,,,1,2,1,1,1
201500014111,0015-02-07 18:40:00,15,2,7,18,40,130,55,"1840, CHE DU LANCIER",,,Nuit avec éclairage allumé,En agglomération,Hors intersection,Normale,Autre collision,,,,,,,,,,,5,2,1,1,6
201500014112,0015-02-09 06:00:00,15,2,9,6,0,130,55,"191, AVE DE MAZARGUES",43.26484,5.39145,Nuit avec éclairage allumé,En agglomération,Hors intersection,Normale,Sans collision,,,,,,,,,,,5,2,1,1,7
201500014113,0015-05-09 14:45:00,15,5,9,14,45,130,55,"137, ROUET (RUE DU)",43.27925,5.39154,Plein jour,En agglomération,Hors intersection,Normale,Autre collision,,,,,,,,,,,1,2,1,1,6
201500014114,0015-02-04 14:15:00,15,2,4,14,15,130,55,"02, PCE DE LA GARE DE L'",43.28153,5.42578,Plein jour,En agglomération,Hors intersection,Pluie légère,Sans collision,,,,,,,,,,,1,2,1,2,7
201500014115,0015-05-09 14:30:00,15,5,9,14,30,130,55,"40, DÉSIRÉ BIANCO (AVENU",43.28871,5.42561,Plein jour,En agglomération,Hors intersection,Normale,Deux véhicules - côté,,,,,,,,,,,1,2,1,1,3
201500014116,0015-01-30 08:00:00,15,1,30,8,0,130,55,"09, BD FERDINAND DE LESS",43.31971,5.36952,Plein jour,En agglomération,Hors intersection,Normale,Autre collision,,,,,,,,,,,1,2,1,1,6
201500014117,0015-05-10 05:40:00,15,5,10,5,40,130,55,"000, ALEX. FLEMING (BOUL",,,Nuit sans éclairage public,Hors agglomération,Hors intersection,Normale,Autre collision,,,,,,,,,,,3,1,1,1,6
201500014118,0015-04-18 11:00:00,15,4,18,11,0,130,55,"88, MAZARGUES (AVENUE DE",43.26749,5.38938,Plein jour,En agglomération,Intersection en T,Normale,Autre collision,,,,,,,,,,,1,2,3,1,6
201500014119,0015-02-08 04:50:00,15,2,8,4,50,130,55,"234, AVE DES OLIVES",43.32404,5.44305,Nuit avec éclairage allumé,En agglomération,Hors intersection,Normale,Sans collision,,,,,,,,,,,5,2,1,1,7
201500014120,0015-05-10 12:40:00,15,5,10,12,40,130,55,"01, MERLAN (AVENUE)",43.33137,5.40571,Plein jour,En agglomération,Hors intersection,Normale,Deux véhicules - côté,,,,,,,,,,,1,2,1,1,3
201500014121,0015-02-03 19:15:00,15,2,3,19,15,130,55,BD BARRY,43.32017,5.41486,Nuit avec éclairage allumé,En agglomération,Giratoire,Pluie forte,Deux véhicules - côté,,,,,,,,,,,5,2,6,3,3
201500014122,0015-05-10 17:30:00,15,5,10,17,30,130,55,DOCTEUR LÉON PERRIN (RUE,43.31413,5.38718,Plein jour,En agglomération,Hors intersection,Normale,Deux véhicules - arrière,,,,,,,,,,,1,2,1,1,2
201500014123,0015-02-06 14:00:00,15,2,6,14,0,130,55,"12, RUE STANISLAS TORREN",43.28914,5.37759,Plein jour,En agglomération,Hors intersection,Normale,Deux véhicules - arrière,,,,,,,,,,,1,2,1,1,2
201500014124,0015-05-02 16:35:00,15,5,2,16,35,130,55,"20, FRANCOISE DUPARC (BO",43.30114,5.40078,Plein jour,En agglomération,Hors intersection,Normale,Autre collision,,,,,,,,,,,1,2,1,1,6
201500014125,0015-02-09 21:10:00,15,2,9,21,10,130,55,"34, BD FRANCOISE DUPARC",43.30193,5.40071,Nuit avec éclairage allumé,En agglomération,Intersection en T,Normale,Deux véhicules - côté,,,,,,,,,,,5,2,3,1,3
201500014126,0015-05-11 06:00:00,15,5,11,6,0,130,55,"18, JEAN BARBIERI (BOULE",43.34946,5.35775,Plein jour,En agglomération,Hors intersection,Normale,Autre collision,,,,,,,,,,,1,2,1,1,6
201500014127,0015-02-08 11:50:00,15,2,8,11,50,130,55,"04, PCE DAVIEL",43.29778,5.36948,Plein jour,En agglomération,Hors intersection,Normale,Autre collision,,,,,,,,,,,1,2,1,1,6
201500014128,0015-05-11 08:30:00,15,5,11,8,30,130,55,"02, MONTREDON (AVENUE DE",43.24531,5.37302,Plein jour,En agglomération,Hors intersection,Normale,Deux véhicules - arrière,,,,,,,,,,,1,2,1,1,2
201500014129,0015-01-15 11:25:00,15,1,15,11,25,130,55,"08, RUE DE LORGUES",43.29987,5.39968,Plein jour,En agglomération,Intersection en X,Normale,Deux véhicules - côté,,,,,,,,,,,1,2,2,1,3
201500014130,0015-05-11 07:58:00,15,5,11,7,58,130,55,"274, LITTORAL (CHEMIN DU",43.34055,5.34863,Plein jour,En agglomération,Hors intersection,Normale,Deux véhicules - arrière,,,,,,,,,,,1,2,1,1,2
201500014131,0015-02-10 06:40:00,15,2,10,6,40,130,55,"00, BD DE PARIS",43.31373,5.36796,Nuit avec éclairage allumé,En agglomération,Intersection en T,Normale,Deux véhicules - côté,,,,,,,,,,,5,2,3,1,3
201500014132,0015-05-04 19:20:00,15,5,4,19,20,130,2,"00, SAINT JEAN (CHEMIN",43.32364,5.49213,Plein jour,En agglomération,Intersection en T,Normale,Deux véhicules - arrière,,,,,,,,,,,1,2,3,1,2
201500014133,0015-02-06 07:30:00,15,2,6,7,30,130,55,"05, RUE VILLENEUVE",43.29972,5.38227,Plein jour,En agglomération,Intersection en X,Normale,Deux véhicules - côté,,,,,,,,,,,1,2,2,1,3
201500014134,0015-05-11 12:30:00,15,5,11,12,30,130,55,"202, MADRAGUE VILLE (RUE",43.33019,5.35898,Plein jour,En agglomération,Hors intersection,Normale,Trois véhicules et plus - collisions multiples,,,,,,,,,,,1,2,1,1,5
201500014135,0015-02-06 12:20:00,15,2,6,12,20,130,55,"524, AVE DE MAZARGUES",,,Plein jour,En agglomération,Hors intersection,Temps couvert,Autre collision,,,,,,,,,,,1,2,1,8,6
201500014136,0015-05-11 11:00:00,15,5,11,11,0,130,55,"33, CALLELONGUE (ALLEE)",43.25462,5.3892,Plein jour,Hors agglomération,Hors intersection,Normale,Autre collision,,,,,,,,,,,1,1,1,1,6