accident_id,datetime,annee,mois,jour,heure,minute,departement,commune_insee,adresse,latitude,longitude,luminosite,agglomeration,intersection,meteo,collision,nb_vehicules,nb_usagers,nb_indemnes,nb_tues,nb_blesses_hosp,nb_blesses_legers,age_cond_1,age_cond_2,veh_type_cond_1,veh_type_cond_2,lum_code,agg_code,int_code,atm_code,col_code
201500014137,0015-10-20 13:30:00,15,10,20,13,30,130,55,"34, LIBERATION (BOULEVAR",43.2998,5.38755,Plein jour,En agglomération,Hors intersection,Normale,Deux véhicules - côté,,,,,,,,,,,1,2,1,1,3
201500014138,0015-05-11 16:15:00,15,5,11,16,15,130,55,ALEX ANSALDI (RUE),43.33101,5.40642,Plein jour,En agglomération,Intersection en T,Normale,Deux véhicules - côté,,,,,,,,,,,1,2,3,1,3
201500014139,0015-05-11 15:27:00,15,5,11,15,27,130,55,CABOT (BOULEVARD),43.25889,5.41707,Plein jour,En agglomération,Hors intersection,Normale,Autre collision,,,,,,,,,,,1,2,1,1,6
201500014140,0015-05-12 08:15:00,15,5,12,8,15,130,55,"302, NATIONAL (BOULEVARD",43.31213,5.37676,Plein jour,En agglomération,Hors intersection,Normale,Autre collision,,,,,,,,,,,1,2,1,1,6
201500014141,0015-05-12 15:55:00,15,5,12,15,55,130,55,"219, ROUET (RUE DU)",43.27564,5.39566,Plein jour,En agglomération,Hors intersection,Normale,Deux véhicules - côté,,,,,,,,,,,1,2,1,1,3
201500014142,0015-03-05 18:20:00,15,3,5,18,20,130,55,"200, COR PRESIDENT JOHN",43.26888,5.36908,Crépuscule ou aube,En agglomération,Hors intersection,Normale,Autre collision,,,,,,,,,,,2,2,1,1,6
201500014143,0015-05-08 02:50:00,15,5,8,2,50,130,55,"573, PRADO (AVENUE)",43.26273,5.37644,Nuit avec éclairage allumé,En agglomération,Hors intersection,Normale,Deux véhicules - arrière,,,,,,,,,,,5,2,1,1,2
201500014144,0015-05-13 01:00:00,15,5,13,1,0,130,55,Avenue Alexandre Fleming,43.3138,5.40597,Nuit avec éclairage allumé,En agglomération,Intersection à plus de 4 branches,Normale,Deux véhicules - côté,,,,,,,,,,,5,2,5,1,3
201500014145,0015-05-13 03:00:00,15,5,13,3,0,130,55,"26, LAFAYETTE (RUE)",43.3016,5.38166,Nuit avec éclairage allumé,En agglomération,Intersection en X,Normale,Deux véhicules - côté,,,,,,,,,,,5,2,2,1,3
201500014146,0015-05-12 11:00:00,15,5,12,11,0,130,55,"19, MERLAN (AVENUE)",43.33296,5.4071,Plein jour,En agglomération,Hors intersection,Normale,Deux véhicules - arrière,,,,,,,,,,,1,2,1,1,2
201500014147,0015-11-14 10:05:00,15,11,14,10,5,130,55,"319, CORNICHE KENNEDY",43.2745,5.36139,Plein jour,En agglomération,Hors intersection,Normale,Autre collision,,,,,,,,,,,1,2,1,1,6
201500014148,0015-05-11 12:15:00,15,5,11,12,15,130,55,"425, ROMAIN ROLLAND (BOU",43.26934,5.4049,Plein jour,En agglomération,Hors intersection,Normale,Deux véhicules - côté,,,,,,,,,,,1,2,1,1,3
201500014149,0015-05-13 11:15:00,15,5,13,11,15,130,55,"215, PRADO (AVENUE)",43.27619,5.38957,Plein jour,Hors agglomération,Hors intersection,Normale,Deux véhicules - frontale,,,,,,,,,,,1,1,1,1,1
201500014150,0015-05-12 15:30:00,15,5,12,15,30,130,55,"3603, BAUDILLONS (TRAVER",,,Plein jour,En agglomération,Hors intersection,Normale,Autre collision,,,,,,,,,,,1,2,1,1,6
201500014151,0015-05-07 15:10:00,15,5,7,15,10,130,55,"255, VALLON DE L (CHEMIN",43.27599,5.36092,Plein jour,En agglomération,Hors intersection,Normale,Trois véhicules et plus - collisions multiples,,,,,,,,,,,1,2,1,1,5
201500014152,0015-05-13 14:15:00,15,5,13,14,15,130,55,"191, BAILLE (BOULEVARD)",43.29011,5.39933,Plein jour,En agglomération,Hors intersection,Normale,Deux véhicules - arrière,,,,,,,,,,,1,2,1,1,2
201500014153,0015-05-13 16:20:00,15,5,13,16,20,130,55,"1, SABLIER (BOULEVARD DU",43.25341,5.38207,Plein jour,En agglomération,Hors intersection,Normale,Trois véhicules et plus - en chaîne,,,,,,,,,,,1,2,1,1,4
201500014154,0015-03-09 10:40:00,15,3,9,10,40,130,55,"211, BD MICHELET",43.26283,5.39677,Plein jour,En agglomération,Hors intersection,Normale,Autre collision,,,,,,,,,,,1,2,1,1,6
201500014155,0015-05-13 19:30:00,15,5,13,19,30,130,55,"1, HENRI BARNIER (BOULEV",43.37316,5.35507,Plein jour,En agglomération,Hors intersection,Normale,Trois véhicules et plus - en chaîne,,,,,,,,,,,1,2,1,1,4
201500014156,0015-03-09 21:31:00,15,3,9,21,31,130,55,"0, RUE BRETEUIL",43.29025,5.37585,Nuit avec éclairage allumé,En agglomération,Intersection en X,Normale,Deux véhicules - côté,,,,,,,,,,,5,2,2,1,3
201500014157,0015-01-13 07:45:00,15,1,13,7,45,130,55,"161, RUE FRANCOIS MAURIA",43.26788,5.4267,Plein jour,En agglomération,Intersection en T,Normale,Deux véhicules - côté,,,,,,,,,,,1,2,3,1,3
201500014158,0015-05-13 19:00:00,15,5,13,19,0,130,55,CAPELETTE (AVENUE DE LA),43.28332,5.40122,Plein jour,En agglomération,Hors intersection,Normale,Deux véhicules - frontale,,,,,,,,,,,1,2,1,1,1
201500014159,0015-02-03 08:40:00,15,2,3,8,40,130,55,"134, BD DE STRASBOURG",43.30976,5.37956,Plein jour,En agglomération,Hors intersection,Normale,Deux véhicules - frontale,,,,,,,,,,,1,2,1,1,1
201500014160,0015-05-13 19:25:00,15,5,13,19,25,130,55,"67, PLOMBIERES (BOULEVAR",43.31593,5.38451,Plein jour,En agglomération,Hors intersection,Normale,Deux véhicules - arrière,,,,,,,,,,,1,2,1,1,2
201500014161,0015-05-14 03:28:00,15,5,14,3,28,130,55,"22, PIERRE PUGET (COURS)",43.29041,5.37577,Nuit avec éclairage allumé,En agglomération,Intersection en X,Normale,Deux véhicules - côté,,,,,,,,,,,5,2,2,1,3
201500014162,0015-01-30 18:00:00,15,1,30,18,0,130,55,"00, BD NATIONAL",,,Nuit sans éclairage public,En agglomération,Intersection en T,Normale,Deux véhicules - côté,,,,,,,,,,,3,2,3,1,3
201500014163,0015-04-26 16:25:00,15,4,26,16,25,130,55,"51, FORTUNÉ JOURDAN (RUE",43.31144,5.38752,Plein jour,En agglomération,Hors intersection,Normale,Deux véhicules - côté,,,,,,,,,,,1,2,1,1,3
201500014164,0015-04-21 15:00:00,15,4,21,15,0,130,55,"00, VILLAGE (RUE DE)",,,Plein jour,En agglomération,Hors intersection,Normale,Deux véhicules - arrière,,,,,,,,,,,1,2,1,1,2
201500014165,0015-02-01 18:00:00,15,2,1,18,0,130,75,"01, JULES ROLLANDIN (BD)",,,Nuit avec éclairage allumé,En agglomération,Intersection en X,Normale,Autre collision,,,,,,,,,,,5,2,2,1,6
201500014166,0015-02-09 12:00:00,15,2,9,12,0,130,55,"69, BD SAKAKINI",43.29577,5.40043,Plein jour,En agglomération,Intersection en X,Normale,Autre collision,,,,,,,,,,,1,2,2,1,6
201500014167,0015-05-14 17:00:00,15,5,14,17,0,130,55,"285, PRADO (AVENUE)",43.27279,5.39115,Plein jour,En agglomération,Giratoire,Normale,Deux véhicules - côté,,,,,,,,,,,1,2,6,1,3
201500014168,0015-05-14 18:50:00,15,5,14,18,50,130,55,PLOMBIERES (BOULEVARD DE,43.31502,5.38799,Plein jour,En agglomération,Hors intersection,Normale,Deux véhicules - arrière,,,,,,,,,,,1,2,1,1,2
201500014169,0015-05-14 23:45:00,15,5,14,23,45,130,55,CRIMEE (RUE DE),43.30904,5.3784,Nuit avec éclairage allumé,En agglomération,Intersection en T,Normale,Deux véhicules - côté,,,,,,,,,,,5,2,3,1,3
201500014170,0015-05-08 14:40:00,15,5,8,14,40,130,55,"17, BERCEAU (RUE)",43.28807,5.39527,Plein jour,En agglomération,Autre intersection,Normale,Deux véhicules - côté,,,,,,,,,,,1,2,9,1,3
201500014171,0015-05-15 14:10:00,15,5,15,14,10,130,55,"3, BERNARD (RUE)",43.30199,5.51433,Plein jour,En agglomération,Hors intersection,Normale,Autre collision,,,,,,,,,,,1,2,1,1,6
201500014172,0015-05-16 00:30:00,15,5,16,0,30,130,55,"719, MAZARGUES (AVENUE D",43.24927,5.397,Nuit avec éclairage allumé,En agglomération,Hors intersection,Normale,Deux véhicules - arrière,,,,,,,,,,,5,2,1,1,2
201500014173,0015-01-14 19:15:00,15,1,14,19,15,130,55,"138, AVE JULES CANTINI",43.28054,5.39353,Nuit avec éclairage allumé,En agglomération,Hors intersection,Normale,Autre collision,,,,,,,,,,,5,2,1,1,6
201500014174,0015-04-17 10:50:00,15,4,17,10,50,130,55,"171, MADRAGUE VILLE (RUE",43.32798,5.35973,Plein jour,En agglomération,Hors intersection,Normale,Deux véhicules - côté,,,,,,,,,,,1,2,1,1,3
201500014175,0015-05-16 16:00:00,15,5,16,16,0,130,55,"03, BASILE BARRELIER (BO",43.33877,5.39118,Plein jour,En agglomération,Hors intersection,Normale,Deux véhicules - frontale,,,,,,,,,,,1,2,1,1,1
201500014176,0015-02-05 02:45:00,15,2,5,2,45,130,55,"148, AVE PIERRE MENDES F",43.25684,5.37648,Nuit avec éclairage allumé,En agglomération,Hors intersection,Pluie forte,Autre collision,,,,,,,,,,,5,2,1,3,6
201500014177,0015-05-17 08:55:00,15,5,17,8,55,130,55,", ALEX ANSALDI (RUE)",43.33065,5.40499,Plein jour,En agglomération,Hors intersection,Normale,Trois véhicules et plus - collisions multiples,,,,,,,,,,,1,2,1,1,5
201500014178,0015-04-21 18:35:00,15,4,21,18,35,130,55,"01, HENRI BARNIER (BOULE",43.3733,5.35467,Plein jour,En agglomération,Hors intersection,Normale,Trois véhicules et plus - en chaîne,,,,,,,,,,,1,2,1,1,4
201500014179,0015-02-05 07:45:00,15,2,5,7,45,130,55,"315, COR PRESIDENT JOHN",43.27547,5.35987,Plein jour,En agglomération,Hors intersection,Normale,Deux véhicules - frontale,,,,,,,,,,,1,2,1,1,1
201500014180,0015-02-03 16:30:00,15,2,3,16,30,130,55,"00, CHE DE PALAMA",43.35306,5.43802,Plein jour,En agglomération,Intersection en T,Pluie forte,Deux véhicules - frontale,,,,,,,,,,,1,2,3,3,1
201500014181,0015-05-17 07:15:00,15,5,17,7,15,130,55,"677, MAZARGUES (AVENUE D",43.25012,5.39597,Plein jour,En agglomération,Intersection en T,Normale,Deux véhicules - côté,,,,,,,,,,,1,2,3,1,3
201500014182,0015-01-30 05:30:00,15,1,30,5,30,130,55,"540, CHE DE LA MADRAGUE",43.34709,5.35539,Nuit avec éclairage allumé,En agglomération,Hors intersection,Autre,Autre collision,,,,,,,,,,,5,2,1,9,6
201500014183,0015-05-17 08:45:00,15,5,17,8,45,130,2,"2, ETIENNE CUCCA-CD908 (",43.36334,5.49583,Plein jour,Hors agglomération,Hors intersection,Normale,Deux véhicules - côté,,,,,,,,,,,1,1,1,1,3
201500014184,0015-02-03 11:50:00,15,2,3,11,50,130,55,"26, BD CHARLES MORETTI",43.3258,5.37877,Plein jour,En agglomération,Hors intersection,Pluie légère,Autre collision,,,,,,,,,,,1,2,1,2,6
201500014185,0015-05-16 18:30:00,15,5,16,18,30,130,55,"47, RIVE NEUVE (QUAI)",43.29236,5.36623,Plein jour,En agglomération,Hors intersection,Normale,Deux véhicules - côté,,,,,,,,,,,1,2,1,1,3
201500014186,0015-02-02 20:30:00,15,2,2,20,30,130,55,"000, BD ALPHONSE SOLEIRO",43.28211,5.50031,Nuit avec éclairage allumé,En agglomération,Intersection en X,Normale,Deux véhicules - côté,,,,,,,,,,,5,2,2,1,3
201500014187,0015-05-17 04:20:00,15,5,17,4,20,130,55,"17, MAZARGUES (AVENUE DE",43.26951,5.38868,Nuit avec éclairage allumé,En agglomération,Hors intersection,Normale,Autre collision,,,,,,,,,,,5,2,1,1,6
201500014188,0015-05-13 13:15:00,15,5,13,13,15,130,55,"28, LIBERATION (BOULEVAR",43.29968,5.38716,Plein jour,En agglomération,Hors intersection,Normale,Deux véhicules - côté,,,,,,,,,,,1,2,1,1,3
201500014189,0015-02-05 09:00:00,15,2,5,9,0,130,55,"194, BD DU REDON",43.24947,5.42263,Plein jour,En agglomération,Intersection en T,Normale,Deux véhicules - côté,,,,,,,,,,,1,2,3,1,3
201500014190,0015-01-09 08:00:00,15,1,9,8,0,130,55,"263, BD ROMAIN ROLLAND",43.2736,5.41354,Plein jour,En agglomération,Hors intersection,Pluie légère,Trois véhicules et plus - en chaîne,,,,,,,,,,,1,2,1,2,4
201500014191,0015-05-18 16:20:00,15,5,18,16,20,130,55,"28, MALAVAL (RUE)",43.30532,5.37222,Plein jour,En agglomération,Hors intersection,Normale,Autre collision,,,,,,,,,,,1,2,1,1,6
201500014192,0015-02-07 12:40:00,15,2,7,12,40,130,55,"67, AVE DES PEINTRES ROU",43.30769,5.46801,Plein jour,En agglomération,Hors intersection,Normale,Autre collision,,,,,,,,,,,1,2,1,1,6
201500014193,0015-05-18 16:45:00,15,5,18,16,45,130,55,"71, SAINT ANTOINE (CHEMI",43.35415,5.37114,Plein jour,Hors agglomération,Hors intersection,Normale,Deux véhicules - arrière,,,,,,,,,,,1,1,1,1,2
201500014194,0015-05-18 19:15:00,15,5,18,19,15,130,55,"448, MICHELET (BOULEVARD",43.2527,5.40221,Plein jour,En agglomération,Hors intersection,Normale,Autre collision,,,,,,,,,,,1,2,1,1,6
201500014195,0015-05-18 23:19:00,15,5,18,23,19,130,55,"47, AVIATEUR LE BRIX (RU",43.2598,5.40225,Nuit avec éclairage allumé,En agglomération,Intersection en T,Normale,Deux véhicules - côté,,,,,,,,,,,5,2,3,1,3
201500014196,0015-05-18 11:20:00,15,5,18,11,20,130,55,"26, SAINT JOSEPH (CHEMIN",,,Plein jour,En agglomération,Hors intersection,Normale,Deux véhicules - côté,,,,,,,,,,,1,2,1,1,3
201500014197,0015-05-18 11:00:00,15,5,18,11,0,130,55,"232, ROMAIN ROLLAND (BOU",43.27375,5.41388,Plein jour,En agglomération,Intersection en T,Normale,Autre collision,,,,,,,,,,,1,2,3,1,6
201500014198,0015-01-30 14:30:00,15,1,30,14,30,130,55,"163, BD DE SAINT MARCEL",43.28766,5.46479,Plein jour,En agglomération,Hors intersection,Normale,Autre collision,,,,,,,,,,,1,2,1,1,6
201500014199,0015-05-18 19:00:00,15,5,18,19,0,130,55,"245, MICHELET (BOULEVARD",43.2609,5.39813,Plein jour,En agglomération,Hors intersection,Normale,Deux véhicules - côté,,,,,,,,,,,1,2,1,1,3
201500014200,0015-02-06 06:50:00,15,2,6,6,50,130,55,BD PIERRE MENARD,,,Nuit avec éclairage allumé,En agglomération,Hors intersection,Temps couvert,Autre collision,,,,,,,,,,,5,2,1,8,6
201500014201,0015-05-18 16:20:00,15,5,18,16,20,130,55,"12, MERIMEE",43.32701,5.39583,Plein jour,En agglomération,Intersection en T,Normale,Deux véhicules - côté,,,,,,,,,,,1,2,3,1,3
201500014202,0015-02-04 10:00:00,15,2,4,10,0,130,55,"LAC/200, PIERRE CHEVALIE",,,Plein jour,En agglomération,Hors intersection,Pluie légère,Sans collision,,,,,,,,,,,1,2,1,2,7
201500014203,0015-05-19 16:00:00,15,5,19,16,0,130,55,"141, LYON (RUE DE)",43.32954,5.36543,Plein jour,En agglomération,Autre intersection,Normale,Autre collision,,,,,,,,,,,1,2,9,1,6
201500014204,0015-02-03 18:15:00,15,2,3,18,15,130,55,"35, RPT TINO ROSSI",,,Nuit sans éclairage public,En agglomération,Hors intersection,Pluie légère,Autre collision,,,,,,,,,,,3,2,1,2,6
201500014205,0015-05-19 23:11:00,15,5,19,23,11,130,55,"41, TAPIS VERT (RUE)",43.29873,5.37933,Nuit avec éclairage allumé,En agglomération,Hors intersection,Normale,Autre collision,,,,,,,,,,,5,2,1,1,6
201500014206,0015-02-06 22:20:00,15,2,6,22,20,130,55,"06, RUE ROGER BRUN",43.28672,5.39036,Nuit avec éclairage allumé,En agglomération,Intersection en X,Normale,Deux véhicules - côté,,,,,,,,,,,5,2,2,1,3
201500014207,0015-05-19 18:30:00,15,5,19,18,30,130,55,"11, BERNARD CADENAT (PLA",43.31242,5.38705,Plein jour,En agglomération,Hors intersection,Normale,Autre collision,,,,,,,,,,,1,2,1,1,6
201500014208,0015-02-04 21:30:00,15,2,4,21,30,130,55,"000, BD SCHLOESING",,,Nuit avec éclairage allumé,En agglomération,Hors intersection,Pluie légère,Autre collision,,,,,,,,,,,5,2,1,2,6
201500014209,0015-05-15 11:00:00,15,5,15,11,0,130,55,"04, CHARTREUX (AVENUE DE",43.30299,5.39714,Plein jour,Hors agglomération,Hors intersection,Normale,Autre collision,,,,,,,,,,,1,1,1,1,6
201500014210,0015-05-13 18:30:00,15,5,13,18,30,130,55,"00, ALEX. FLEMING (BOULE",,,Plein jour,En agglomération,Hors intersection,Normale,Deux véhicules - frontale,,,,,,,,,,,1,2,1,1,1
201500014211,0015-02-02 05:30:00,15,2,2,5,30,130,55,"236, AVE DES OLIVES",43.32433,5.4431,Nuit sans éclairage public,En agglomération,Hors intersection,Autre,Autre collision,,,,,,,,,,,3,2,1,9,6
201500014212,0015-05-20 13:50:00,15,5,20,13,50,130,55,METRO (BOULEVARD DU),43.33447,5.42874,Plein jour,En agglomération,Hors intersection,Normale,Autre collision,,,,,,,,,,,1,2,1,1,6
201500014213,0015-01-31 12:45:00,15,1,31,12,45,130,55,"03, CHE DU VALLON VERT",43.33482,5.45091,Plein jour,En agglomération,Hors intersection,Normale,Autre collision,,,,,,,,,,,1,2,1,1,6
201500014214,0015-05-19 12:20:00,15,5,19,12,20,130,55,"104, LIBERATION (BOULEVA",43.30108,5.39129,Plein jour,En agglomération,Intersection en X,Normale,Autre collision,,,,,,,,,,,1,2,2,1,6
201500014215,0015-05-20 09:15:00,15,5,20,9,15,130,55,"1, AUGUSTIN AUBERT (RUE)",43.26675,5.40286,Plein jour,En agglomération,Intersection à plus de 4 branches,Normale,Deux véhicules - frontale,,,,,,,,,,,1,2,5,1,1
201500014216,0015-05-20 11:50:00,15,5,20,11,50,130,75,"70, FRÉDÉRIC CHEVILLON (",43.34762,5.46392,Plein jour,En agglomération,Hors intersection,Normale,Autre collision,,,,,,,,,,,1,2,1,1,6
201500014217,0015-05-20 17:10:00,15,5,20,17,10,130,55,BAILLE (BOULEVARD),43.28986,5.39843,Plein jour,En agglomération,Hors intersection,Normale,Autre collision,,,,,,,,,,,1,2,1,1,6
201500014218,0015-05-20 16:15:00,15,5,20,16,15,130,55,PRADO (AVENUE),43.26486,5.37976,Plein jour,En agglomération,Hors intersection,Normale,Autre collision,,,,,,,,,,,1,2,1,1,6
201500014219,0015-05-20 21:05:00,15,5,20,21,5,130,55,"40, DÉSIRÉ BIANCO (AVENU",43.2884,5.42524,Nuit avec éclairage allumé,En agglomération,Intersection en Y,Vent fort / tempête,Deux véhicules - côté,,,,,,,,,,,5,2,4,6,3
201500014220,0015-05-21 07:30:00,15,5,21,7,30,130,55,"1, ROLAND DORGELES (BOUL",43.34806,5.37689,Plein jour,En agglomération,Intersection en X,Normale,Deux véhicules - côté,,,,,,,,,,,1,2,2,1,3
201500014221,0015-05-21 12:04:00,15,5,21,12,4,130,55,"135, SAINTE THERESE (BOU",43.2938,5.40959,Plein jour,En agglomération,Hors intersection,Normale,Autre collision,,,,,,,,,,,1,2,1,1,6
201500014222,0015-05-20 14:50:00,15,5,20,14,50,130,55,"02, GUSTAVE GANAY (BOULE",43.26549,5.39687,Plein jour,En agglomération,Hors intersection,Normale,Trois véhicules et plus - en chaîne,,,,,,,,,,,1,2,1,1,4
201500014223,0015-03-08 00:25:00,15,3,8,0,25,130,55,CHE DE LA STATION DU,43.33177,5.38701,Nuit avec éclairage allumé,En agglomération,Intersection en X,Normale,Autre collision,,,,,,,,,,,5,2,2,1,6
201500014224,0015-05-21 15:15:00,15,5,21,15,15,130,55,HORACE BERTIN (RUE),43.29573,5.39076,Plein jour,En agglomération,Intersection en X,Normale,Deux véhicules - côté,,,,,,,,,,,1,2,2,1,3
201500014225,0015-05-21 12:00:00,15,5,21,12,0,130,55,"14, MARÉCHAL DE LATTRE (",43.24964,5.40482,Plein jour,En agglomération,Hors intersection,Normale,Deux véhicules - côté,,,,,,,,,,,1,2,1,1,3
201500014226,0015-05-17 01:50:00,15,5,17,1,50,130,55,"15, BAILLE (BOULEVARD)",43.28642,5.38563,Nuit avec éclairage allumé,En agglomération,Intersection en X,Normale,Deux véhicules - côté,,,,,,,,,,,5,2,2,1,3
201500014227,0015-05-15 13:00:00,15,5,15,13,0,130,55,"76, NATIONAL (BOULEVARD)",43.30586,5.38373,Plein jour,Hors agglomération,Hors intersection,Normale,Autre collision,,,,,,,,,,,1,1,1,1,6
201500014228,0015-05-21 19:00:00,15,5,21,19,0,130,55,TOURETTE (QUAI DE LA),43.29978,5.36365,Plein jour,En agglomération,Hors intersection,Normale,Deux véhicules - côté,,,,,,,,,,,1,2,1,1,3
201500014229,0015-05-16 06:30:00,15,5,16,6,30,130,55,SAKAKINI (BOULEVARD),43.29375,5.40132,Plein jour,En agglomération,Intersection en T,Normale,Autre collision,,,,,,,,,,,1,2,3,1,6
201500014230,0015-05-22 13:00:00,15,5,22,13,0,130,55,"297, ROMAIN ROLLAND (BOU",43.27249,5.41125,Plein jour,En agglomération,Intersection en T,Normale,Deux véhicules - frontale,,,,,,,,,,,1,2,3,1,1
201500014231,0015-01-29 18:15:00,15,1,29,18,15,130,55,"21, BD PERIER",43.27964,5.38574,Nuit avec éclairage allumé,En agglomération,Hors intersection,Normale,Autre collision,,,,,,,,,,,5,2,1,1,6
201500014232,0015-05-22 17:15:00,15,5,22,17,15,130,55,"52, LYON (RUE DE)",43.32511,5.36699,Plein jour,En agglomération,Hors intersection,Normale,Deux véhicules - côté,,,,,,,,,,,1,2,1,1,3
201500014233,0015-02-11 07:15:00,15,2,11,7,15,130,55,AVE GEORGES BRAQUES,,,Nuit avec éclairage allumé,En agglomération,Hors intersection,Normale,Sans collision,,,,,,,,,,,5,2,1,1,7
201500014234,0015-05-22 16:35:00,15,5,22,16,35,130,55,"149, PRADO (AVENUE)",43.27891,5.38803,Plein jour,En agglomération,Hors intersection,Normale,Autre collision,,,,,,,,,,,1,2,1,1,6
201500014235,0015-02-03 16:35:00,15,2,3,16,35,130,2,"721, VATERSTETTEN (AVENU",43.35586,5.48662,Plein jour,En agglomération,Hors intersection,Pluie légère,Autre collision,,,,,,,,,,,1,2,1,2,6
201500014236,0015-05-19 11:00:00,15,5,19,11,0,130,55,"25, RAYMOND TEISSERE (RU",43.27278,5.39958,Plein jour,En agglomération,Hors intersection,Normale,Deux véhicules - côté,,,,,,,,,,,1,2,1,1,3
201500014237,0015-01-30 19:30:00,15,1,30,19,30,130,55,"72, CHE DU MERLAN A LA R",43.33006,5.41317,Nuit avec éclairage allumé,En agglomération,Hors intersection,Normale,Autre collision,,,,,,,,,,,5,2,1,1,6
201500014238,0015-05-23 02:24:00,15,5,23,2,24,130,55,"130, LYON (RUE DE)",43.3275,5.36616,Nuit avec éclairage allumé,En agglomération,Hors intersection,Normale,Sans collision,,,,,,,,,,,5,2,1,1,7
201500014239,0015-05-22 10:20:00,15,5,22,10,20,130,55,"02, ATHENES (BOULEVARD D",43.29946,5.38099,Plein jour,En agglomération,Hors intersection,Normale,Trois véhicules et plus - collisions multiples,,,,,,,,,,,1,2,1,1,5
201500014240,0015-02-11 14:40:00,15,2,11,14,40,130,2,"154, 7EME TIRAILLEURS AL",43.33824,5.47782,Plein jour,En agglomération,Hors intersection,Normale,Deux véhicules - arrière,,,,,,,,,,,1,2,1,1,2
201500014241,0015-05-23 05:20:00,15,5,23,5,20,130,55,"71, MARÉCHAL DE LATTRE (",43.24645,5.40836,Nuit avec éclairage allumé,En agglomération,Hors intersection,Normale,Autre collision,,,,,,,,,,,5,2,1,1,6
201500014242,0015-05-23 04:00:00,15,5,23,4,0,130,55,"64, TELLENE (BOULEVARD)",43.28524,5.3673,Nuit avec éclairage allumé,En agglomération,Hors intersection,Normale,Autre collision,,,,,,,,,,,5,2,1,1,6
201500014243,0015-05-23 16:05:00,15,5,23,16,5,130,55,"32, SCHLOESING (BOULEVAR",43.27248,5.40103,Plein jour,En agglomération,Hors intersection,Normale,Deux véhicules - côté,,,,,,,,,,,1,2,1,1,3
201500014244,0015-01-28 10:30:00,15,1,28,10,30,130,55,"57, BD ROMAIN ROLLAND",43.27971,5.4242,Plein jour,En agglomération,Hors intersection,Normale,Autre collision,,,,,,,,,,,1,2,1,1,6
201500014245,0015-05-23 17:05:00,15,5,23,17,5,130,55,3 ROSTAND (AVENUE),43.3117,5.37738,Plein jour,En agglomération,Intersection en T,Normale,Deux véhicules - côté,,,,,,,,,,,1,2,3,1,3
201500014246,0015-05-23 20:45:00,15,5,23,20,45,130,55,"192, ROUET (RUE DU)",43.27557,5.39574,Nuit avec éclairage allumé,En agglomération,Hors intersection,Normale,Deux véhicules - frontale,,,,,,,,,,,5,2,1,1,1
201500014247,0015-02-09 18:50:00,15,2,9,18,50,130,55,"57, BD ROMAIN ROLLAND",43.27971,5.42425,Nuit avec éclairage allumé,En agglomération,Hors intersection,Normale,Autre collision,,,,,,,,,,,5,2,1,1,6
201500014248,0015-05-24 00:05:00,15,5,24,0,5,130,55,"76, LODI (RUE DE)",43.28918,5.38734,Nuit avec éclairage allumé,Hors agglomération,Intersection en X,Normale,Deux véhicules - côté,,,,,,,,,,,5,1,2,1,3
201500014249,0015-02-12 07:50:00,15,2,12,7,50,130,55,"206, BD PAUL CLAUDEL",43.26798,5.41843,Plein jour,En agglomération,Intersection en T,Normale,Deux véhicules - frontale,,,,,,,,,,,1,2,3,1,1
201500014250,0015-05-23 18:20:00,15,5,23,18,20,130,55,"26, COMMANDANT FINAT DUC",43.33048,5.38607,Plein jour,Hors agglomération,Hors intersection,Normale,Autre collision,,,,,,,,,,,1,1,1,1,6
201500014251,0015-02-07 14:00:00,15,2,7,14,0,130,2,"01, QUATRE SAISONS (ROUT",43.3311,5.48862,Plein jour,En agglomération,Hors intersection,Normale,Deux véhicules - arrière,,,,,,,,,,,1,2,1,1,2
201500014252,0015-05-24 06:35:00,15,5,24,6,35,130,55,"6, LOUIS BOTINELLY (RUE)",43.29797,5.40592,Crépuscule ou aube,En agglomération,Hors intersection,Normale,Autre collision,,,,,,,,,,,2,2,1,1,6
201500014253,0015-05-15 09:37:00,15,5,15,9,37,130,55,"172, CANEBIERE     70 A",43.29896,5.38493,Plein jour,Hors agglomération,Hors intersection,Normale,Deux véhicules - côté,,,,,,,,,,,1,1,1,1,3
201500014254,0015-05-24 12:30:00,15,5,24,12,30,130,55,SAINT LOUIS (AVENUE DE),,,Plein jour,En agglomération,Intersection en T,Normale,Deux véhicules - côté,,,,,,,,,,,1,2,3,1,3
201500014255,0015-05-13 10:30:00,15,5,13,10,30,130,55,"10, REPUBLIQUE (RUE DE L",43.29694,5.37366,Plein jour,En agglomération,Intersection en X,Normale,Deux véhicules - côté,,,,,,,,,,,1,2,2,1,3
201500014256,0015-03-13 19:00:00,15,3,13,19,0,130,55,"285, BD ROMAIN ROLLAND",43.27287,5.41192,Nuit avec éclairage allumé,En agglomération,Hors intersection,Normale,Autre collision,,,,,,,,,,,5,2,1,1,6
201500014257,0015-05-24 09:20:00,15,5,24,9,20,130,55,"230, SAINT ANTOINE (CHEM",43.37362,5.35583,Plein jour,En agglomération,Hors intersection,Normale,Deux véhicules - côté,,,,,,,,,,,1,2,1,1,3
201500014258,0015-02-08 15:00:00,15,2,8,15,0,130,55,"00, RUE DE CRIMEE",43.30903,5.3784,Plein jour,En agglomération,Intersection en X,Normale,Deux véhicules - côté,,,,,,,,,,,1,2,2,1,3
201500014259,0015-05-13 13:45:00,15,5,13,13,45,130,55,"80, FRANÇOISE DUPARC (BO",43.3046,5.40103,Plein jour,En agglomération,Hors intersection,Normale,Deux véhicules - arrière,,,,,,,,,,,1,2,1,1,2