accident_id,datetime,annee,mois,jour,heure,minute,departement,commune_insee,adresse,latitude,longitude,luminosite,agglomeration,intersection,meteo,collision,nb_vehicules,nb_usagers,nb_indemnes,nb_tues,nb_blesses_hosp,nb_blesses_legers,age_cond_1,age_cond_2,veh_type_cond_1,veh_type_cond_2,lum_code,agg_code,int_code,atm_code,col_code
201500014507,0015-06-15 18:15:00,15,6,15,18,15,130,55,458**MARIUS DIOULOUFET (,43.33437,5.4377,Plein jour,En agglomération,Hors intersection,Normale,Deux véhicules - arrière,,,,,,,,,,,1,2,1,1,2
201500014508,0015-06-16 23:00:00,15,6,16,23,0,130,55,JEAN MOULIN (BOULEVA,43.28624,5.39912,Nuit avec éclairage allumé,En agglomération,Intersection en X,Pluie légère,Deux véhicules - côté,,,,,,,,,,,5,2,2,2,3
201500014509,0015-05-17 21:00:00,15,5,17,21,0,130,55,"19, SAINTE MARTHE (CHEMI",43.31858,5.39029,Crépuscule ou aube,En agglomération,Hors intersection,Normale,Autre collision,,,,,,,,,,,2,2,1,1,6
201500014510,0015-03-15 08:10:00,15,3,15,8,10,130,55,"12, RUE EMILE DUCLAUX",43.29669,5.4021,Plein jour,En agglomération,Intersection en X,Pluie légère,Deux véhicules - côté,,,,,,,,,,,1,2,2,2,3
201500014511,0015-02-19 15:00:00,15,2,19,15,0,130,55,"226, CHE DE SAINT ANTOIN",43.36181,5.36374,Plein jour,En agglomération,Hors intersection,Normale,Autre collision,,,,,,,,,,,1,2,1,1,6
201500014512,0015-06-16 22:46:00,15,6,16,22,46,130,55,"127, MERLAN (AVENUE DU)",43.34226,5.40796,Nuit avec éclairage allumé,En agglomération,Hors intersection,Pluie légère,Deux véhicules - côté,,,,,,,,,,,5,2,1,2,3
201500014513,0015-06-16 18:30:00,15,6,16,18,30,130,55,"24, SAINT MARCEL (BOULEV",43.28866,5.45695,Plein jour,En agglomération,Hors intersection,Pluie légère,Deux véhicules - côté,,,,,,,,,,,1,2,1,2,3
201500014514,0015-06-17 07:15:00,15,6,17,7,15,130,55,"130, RABATAU (BOULEVARD)",43.27851,5.39924,Plein jour,Hors agglomération,Hors intersection,Normale,Trois véhicules et plus - collisions multiples,,,,,,,,,,,1,1,1,1,5
201500014515,0015-06-17 08:25:00,15,6,17,8,25,130,55,SAINTE MARTHE**CHEMIN DE,43.33322,5.39047,Plein jour,En agglomération,Hors intersection,Normale,Deux véhicules - arrière,,,,,,,,,,,1,2,1,1,2
201500014516,0015-06-17 12:15:00,15,6,17,12,15,130,55,"59, CAPELETTE (AVENUE DE",43.28321,5.40158,Plein jour,En agglomération,Hors intersection,Normale,Deux véhicules - frontale,,,,,,,,,,,1,2,1,1,1
201500014517,0015-06-17 15:35:00,15,6,17,15,35,130,106,"2, TUBIE (ROUTE DE)",43.40877,5.36628,Plein jour,En agglomération,Hors intersection,Temps éblouissant,Autre collision,,,,,,,,,,,1,2,1,7,6
201500014518,0015-06-17 15:35:00,15,6,17,15,35,130,55,"10, LACEPEDE (RUE)",43.30448,5.39772,Plein jour,En agglomération,Hors intersection,Normale,Sans collision,,,,,,,,,,,1,2,1,1,7
201500014519,0015-06-17 20:25:00,15,6,17,20,25,130,55,"55, BOURRELY (CHEMIN*DES",43.37995,5.362,Plein jour,En agglomération,Hors intersection,Normale,Deux véhicules - côté,,,,,,,,,,,1,2,1,1,3
201500014520,0015-06-17 20:40:00,15,6,17,20,40,130,55,"135, SAINT PIERRE (RUE)",43.29195,5.39369,Crépuscule ou aube,En agglomération,Intersection en T,Normale,Deux véhicules - arrière,,,,,,,,,,,2,2,3,1,2
201500014521,0015-03-05 13:30:00,15,3,5,13,30,130,55,"139, AVE DE SAINT LOUIS",43.3479,5.359,Plein jour,En agglomération,Hors intersection,Normale,Autre collision,,,,,,,,,,,1,2,1,1,6
201500014522,0015-06-17 12:20:00,15,6,17,12,20,130,55,"34, AVENUE DU VALLON D'O",43.38512,5.36212,Plein jour,En agglomération,Hors intersection,Normale,Deux véhicules - côté,,,,,,,,,,,1,2,1,1,3
201500014523,0015-06-18 06:40:00,15,6,18,6,40,130,55,"04, HENRI BARNIER *BOULE",43.37336,5.35408,Plein jour,En agglomération,Hors intersection,Normale,Deux véhicules - arrière,,,,,,,,,,,1,2,1,1,2
201500014524,0015-05-30 16:30:00,15,5,30,16,30,130,55,"94, GIRARDIN (RUE)",43.28954,5.35757,Plein jour,En agglomération,Hors intersection,Normale,Deux véhicules - côté,,,,,,,,,,,1,2,1,1,3
201500014525,0015-06-18 15:30:00,15,6,18,15,30,130,55,"73, SAINT MARCEL (BOULEV",43.28882,5.46136,Plein jour,En agglomération,Intersection en T,Normale,Deux véhicules - arrière,,,,,,,,,,,1,2,3,1,2
201500014526,0015-06-18 15:50:00,15,6,18,15,50,130,55,"261, MICHELET (BOULEVARD",43.26067,5.39797,Plein jour,En agglomération,Hors intersection,Normale,Deux véhicules - côté,,,,,,,,,,,1,2,1,1,3
201500014527,0015-06-19 01:30:00,15,6,19,1,30,130,55,"195, SAINTE MARGUERITE (",43.26484,5.40944,Nuit avec éclairage allumé,En agglomération,Intersection en X,Normale,Deux véhicules - côté,,,,,,,,,,,5,2,2,1,3
201500014528,0015-06-19 02:25:00,15,6,19,2,25,130,55,"25, DUGOMMIER (BOULEVARD",43.29872,5.38091,Nuit avec éclairage allumé,En agglomération,Hors intersection,Normale,Autre collision,,,,,,,,,,,5,2,1,1,6
201500014529,0015-06-16 10:25:00,15,6,16,10,25,130,55,CASSIN (RUE),43.31631,5.37326,Plein jour,En agglomération,Hors intersection,Normale,Deux véhicules - côté,,,,,,,,,,,1,2,1,1,3
201500014530,0015-03-07 16:30:00,15,3,7,16,30,130,55,"67, RUE D ENDOUME",43.2876,5.36601,Plein jour,En agglomération,Hors intersection,Normale,Autre collision,,,,,,,,,,,1,2,1,1,6
201500014531,0015-06-19 15:15:00,15,6,19,15,15,130,55,"11, PLOMBIERES (BOULEVAR",43.31497,5.38759,Plein jour,En agglomération,Hors intersection,Normale,Deux véhicules - côté,,,,,,,,,,,1,2,1,1,3
201500014532,0015-02-28 13:30:00,15,2,28,13,30,130,55,"110, BD DE SAINT LOUP",43.28275,5.43217,Plein jour,En agglomération,Hors intersection,Normale,Autre collision,,,,,,,,,,,1,2,1,1,6
201500014533,0015-06-19 16:00:00,15,6,19,16,0,130,55,LUMINY (AVENUE DE),,,Plein jour,En agglomération,Hors intersection,Normale,Deux véhicules - arrière,,,,,,,,,,,1,2,1,1,2
201500014534,0015-03-15 03:30:00,15,3,15,3,30,130,55,MICHELET (BOULEVARD),,,Nuit avec éclairage allumé,Hors agglomération,Hors intersection,Normale,Deux véhicules - côté,,,,,,,,,,,5,1,1,1,3
201500014535,0015-03-14 20:40:00,15,3,14,20,40,130,55,"95, COR PRESIDENT JOHN F",43.28863,5.35356,Nuit avec éclairage allumé,En agglomération,Hors intersection,Pluie légère,Deux véhicules - arrière,,,,,,,,,,,5,2,1,2,2
201500014536,0015-06-19 20:20:00,15,6,19,20,20,130,55,SAINT LOUIS (AVENUE DE),43.34514,5.35934,Plein jour,Hors agglomération,Hors intersection,Normale,Autre collision,,,,,,,,,,,1,1,1,1,6
201500014537,0015-06-20 00:20:00,15,6,20,0,20,130,55,"24, GARIBALDI (BOULEVARD",43.29648,5.38133,Nuit avec éclairage allumé,En agglomération,Hors intersection,Normale,Autre collision,,,,,,,,,,,5,2,1,1,6
201500014538,0015-06-19 10:00:00,15,6,19,10,0,130,55,"82, NATIONALE (RUE)",43.29925,5.38018,Plein jour,En agglomération,Hors intersection,Normale,Sans collision,,,,,,,,,,,1,2,1,1,7
201500014539,0015-06-08 10:09:00,15,6,8,10,9,130,55,"0, GÉNÉRAL LECLERC (RUE)",,,Plein jour,En agglomération,Hors intersection,Normale,Deux véhicules - arrière,,,,,,,,,,,1,2,1,1,2
201500014540,0015-02-27 11:35:00,15,2,27,11,35,130,55,"00, BD JEAN MOULIN",,,Plein jour,En agglomération,Hors intersection,Normale,Trois véhicules et plus - en chaîne,,,,,,,,,,,1,2,1,1,4
201500014541,0015-06-18 19:10:00,15,6,18,19,10,130,55,"38-40, DÉSIRÉ BIANCO (AV",43.28769,5.42519,Plein jour,En agglomération,Hors intersection,Normale,Deux véhicules - côté,,,,,,,,,,,1,2,1,1,3
201500014542,0015-02-28 10:42:00,15,2,28,10,42,130,55,"59, AVE DE LA CAPELETTE",43.28311,5.4017,Plein jour,En agglomération,Intersection en T,Normale,Deux véhicules - côté,,,,,,,,,,,1,2,3,1,3
201500014543,0015-06-19 08:30:00,15,6,19,8,30,130,55,"5, SIPHON (TRAVERSE DU)",43.30969,5.39627,Plein jour,En agglomération,Hors intersection,Normale,Autre collision,,,,,,,,,,,1,2,1,1,6
201500014544,0015-03-07 13:00:00,15,3,7,13,0,130,55,"39, RUE DIEUDE",43.29241,5.38214,Plein jour,En agglomération,Intersection en X,Normale,Deux véhicules - côté,,,,,,,,,,,1,2,2,1,3
201500014545,0015-06-20 04:20:00,15,6,20,4,20,130,55,43-45 CONSOLAT (RUE),43.30061,5.38835,Plein jour,En agglomération,Intersection en X,Normale,Deux véhicules - côté,,,,,,,,,,,1,2,2,1,3
201500014546,0015-03-04 07:50:00,15,3,4,7,50,130,55,"72, AVE DES CAILLOLS",43.30353,5.42996,Plein jour,En agglomération,Hors intersection,Normale,Deux véhicules - arrière,,,,,,,,,,,1,2,1,1,2
201500014547,0015-06-10 07:00:00,15,6,10,7,0,130,55,"02, EUGENE PIERRE (BOULE",43.29881,5.39048,Crépuscule ou aube,En agglomération,Intersection en T,Pluie légère,Deux véhicules - frontale,,,,,,,,,,,2,2,3,2,1
201500014548,0015-03-03 20:55:00,15,3,3,20,55,130,55,AVE JEAN PAUL SARTRE,,,Nuit avec éclairage allumé,En agglomération,Hors intersection,Normale,Autre collision,,,,,,,,,,,5,2,1,1,6
201500014549,0015-06-20 18:10:00,15,6,20,18,10,130,55,"00, ANTONIN ARTAUD (PLAC",,,Plein jour,En agglomération,Hors intersection,Normale,Autre collision,,,,,,,,,,,1,2,1,1,6
201500014550,0015-03-11 17:15:00,15,3,11,17,15,130,55,"0280, VSN MICHELET CONTR",43.26179,5.39715,Plein jour,En agglomération,Hors intersection,Normale,Autre collision,,,,,,,,,,,1,2,1,1,6
201500014551,0015-06-20 19:50:00,15,6,20,19,50,130,55,"99, MAZARGUES (AVENUE DE",43.26766,5.39315,Plein jour,En agglomération,Hors intersection,Normale,Deux véhicules - côté,,,,,,,,,,,1,2,1,1,3
201500014552,0015-06-20 17:00:00,15,6,20,17,0,130,2,"Allée des Termes,",,,Plein jour,En agglomération,Hors intersection,Normale,Autre collision,,,,,,,,,,,1,2,1,1,6
201500014553,0015-03-06 14:50:00,15,3,6,14,50,130,55,"00, BD FERDINAND DE LESS",43.31968,5.37119,Plein jour,En agglomération,Intersection en T,Normale,Deux véhicules - côté,,,,,,,,,,,1,2,3,1,3
201500014554,0015-06-21 14:30:00,15,6,21,14,30,130,55,"339, MADRAGUE VILLE (RUE",43.33767,5.3578,Plein jour,En agglomération,Hors intersection,Normale,Deux véhicules - arrière,,,,,,,,,,,1,2,1,1,2
201500014555,0015-03-02 13:45:00,15,3,2,13,45,130,55,AVE JEAN PAUL SARTRE,,,Plein jour,En agglomération,Hors intersection,Normale,Autre collision,,,,,,,,,,,1,2,1,1,6
201500014556,0015-06-21 23:45:00,15,6,21,23,45,130,55,"142, CANEBIERE  81 A F",43.29859,5.38387,Nuit avec éclairage allumé,En agglomération,Autre intersection,Normale,Autre collision,,,,,,,,,,,5,2,9,1,6
201500014557,0015-03-01 19:15:00,15,3,1,19,15,130,55,"243, BD NATIONAL",43.31074,5.37854,Nuit avec éclairage allumé,En agglomération,Hors intersection,Normale,Autre collision,,,,,,,,,,,5,2,1,1,6
201500014558,0015-06-22 01:00:00,15,6,22,1,0,130,55,"2, CARGO RHIN FIDELI (RU",43.32699,5.35594,Nuit sans éclairage public,En agglomération,Hors intersection,Normale,Deux véhicules - côté,,,,,,,,,,,3,2,1,1,3
201500014559,0015-03-05 10:30:00,15,3,5,10,30,130,55,"68, BD DU CAPITAINE GEZE",43.33146,5.37556,Plein jour,En agglomération,Hors intersection,Normale,Autre collision,,,,,,,,,,,1,2,1,1,6
201500014560,0015-06-09 11:35:00,15,6,9,11,35,130,55,"2, 24 AVRIL 15 (AVENUE D",43.30763,5.42556,Plein jour,En agglomération,Hors intersection,Normale,Deux véhicules - côté,,,,,,,,,,,1,2,1,1,3
201500014561,0015-06-20 13:30:00,15,6,20,13,30,130,55,"289, ALBERT EINSTEIN ***",43.34596,5.44848,Plein jour,En agglomération,Hors intersection,Normale,Deux véhicules - côté,,,,,,,,,,,1,2,1,1,3
201500014562,0015-03-02 10:30:00,15,3,2,10,30,130,55,"00, CHE DU ROY D' ESPAGN",,,Plein jour,En agglomération,Hors intersection,Normale,Autre collision,,,,,,,,,,,1,2,1,1,6
201500014563,0015-06-16 09:45:00,15,6,16,9,45,130,55,"102, LIBERATION (BOULEVA",43.30109,5.39136,Plein jour,En agglomération,Hors intersection,Normale,Deux véhicules - côté,,,,,,,,,,,1,2,1,1,3
201500014564,0015-03-07 08:20:00,15,3,7,8,20,130,55,"26, AVE ANDRE ZENATTI",43.24705,5.38291,Plein jour,En agglomération,Intersection en X,Normale,Deux véhicules - côté,,,,,,,,,,,1,2,2,1,3
201500014565,0015-06-22 07:00:00,15,6,22,7,0,130,55,"00, HAMBOURG (BOULEVARD)",43.25095,5.38822,Plein jour,En agglomération,Hors intersection,Normale,Autre collision,,,,,,,,,,,1,2,1,1,6
201500014566,0015-02-13 12:40:00,15,2,13,12,40,130,55,"28, RUE DU DOCTEUR ESCAT",43.28348,5.38235,Plein jour,En agglomération,Intersection en T,Normale,Deux véhicules - arrière,,,,,,,,,,,1,2,3,1,2
201500014567,0015-06-22 08:10:00,15,6,22,8,10,130,55,MENDES FRANCE (AVENUE),43.25338,5.37607,Plein jour,En agglomération,Intersection en T,Normale,Deux véhicules - côté,,,,,,,,,,,1,2,3,1,3
201500014568,0015-03-13 19:50:00,15,3,13,19,50,130,55,"222, RUE SAINT PIERRE",43.29255,5.40066,Nuit avec éclairage allumé,En agglomération,Hors intersection,Normale,Trois véhicules et plus - en chaîne,,,,,,,,,,,5,2,1,1,4
201500014569,0015-06-16 11:50:00,15,6,16,11,50,130,55,"12, MILLIE MATHYS (AVENU",43.36525,5.34801,Plein jour,En agglomération,Hors intersection,Normale,Deux véhicules - côté,,,,,,,,,,,1,2,1,1,3
201500014570,0015-02-26 11:30:00,15,2,26,11,30,130,55,"147, BD BAILLE",43.28943,5.39656,Plein jour,En agglomération,Hors intersection,Normale,Autre collision,,,,,,,,,,,1,2,1,1,6
201500014571,0015-06-22 13:10:00,15,6,22,13,10,130,55,CLOT BEY (AVENUE),43.26029,5.387,Plein jour,Hors agglomération,Hors intersection,Normale,Deux véhicules - arrière,,,,,,,,,,,1,1,1,1,2
201500014572,0015-03-02 15:00:00,15,3,2,15,0,130,55,"58, AVE DES BUTRIS",43.29904,5.45285,Plein jour,En agglomération,Hors intersection,Normale,Deux véhicules - côté,,,,,,,,,,,1,2,1,1,3
201500014573,0015-06-22 13:50:00,15,6,22,13,50,130,55,"152, MICHELET (BOULEVARD",43.26513,5.39546,Plein jour,En agglomération,Intersection en X,Normale,Deux véhicules - côté,,,,,,,,,,,1,2,2,1,3
201500014574,0015-03-07 10:15:00,15,3,7,10,15,130,55,"110, CHE DE LA COLLINE S",43.2507,5.41547,Plein jour,En agglomération,Hors intersection,Normale,Autre collision,,,,,,,,,,,1,2,1,1,6
201500014575,0015-06-22 16:50:00,15,6,22,16,50,130,55,"8, JEAN ROUBIN (CHEMIN)",43.24598,5.4183,Plein jour,En agglomération,Intersection en T,Normale,Deux véhicules - côté,,,,,,,,,,,1,2,3,1,3
201500014576,0015-02-11 12:00:00,15,2,11,12,0,130,55,"00, PCE DE LA GARE DE LA",43.29609,5.40621,Plein jour,En agglomération,Intersection en T,Normale,Autre collision,,,,,,,,,,,1,2,3,1,6
201500014577,0015-06-22 17:40:00,15,6,22,17,40,130,55,"10, RUE MATHILDE",43.33408,5.36138,Plein jour,En agglomération,Hors intersection,Normale,Deux véhicules - arrière,,,,,,,,,,,1,2,1,1,2
201500014578,0015-06-23 09:40:00,15,6,23,9,40,130,55,"3, FONDERE (RUE)",43.30185,5.39855,Plein jour,En agglomération,Hors intersection,Normale,Autre collision,,,,,,,,,,,1,2,1,1,6
201500014579,0015-03-07 19:15:00,15,3,7,19,15,130,55,"04, RUE CARNAVALET",43.26201,5.4022,Nuit avec éclairage allumé,En agglomération,Hors intersection,Normale,Autre collision,,,,,,,,,,,5,2,1,1,6
201500014580,0015-06-23 10:30:00,15,6,23,10,30,130,55,"04, CORINTHE (AVENUE DE)",43.28468,5.3905,Plein jour,En agglomération,Hors intersection,Normale,Autre collision,,,,,,,,,,,1,2,1,1,6
201500014581,0015-06-11 17:50:00,15,6,11,17,50,130,55,"400, LITTORAL (CHEMIN DU",43.34796,5.34395,Plein jour,En agglomération,Giratoire,Normale,Deux véhicules - côté,,,,,,,,,,,1,2,6,1,3
201500014582,0015-06-15 17:15:00,15,6,15,17,15,130,55,"00, LITTORAL (CHEMIN DU)",43.35832,5.32637,Plein jour,Hors agglomération,Hors intersection,Normale,Deux véhicules - côté,,,,,,,,,,,1,1,1,1,3
201500014583,0015-06-24 07:40:00,15,6,24,7,40,130,55,"10, OCEAN (BOULEVARD***",43.24156,5.3985,Plein jour,En agglomération,Hors intersection,Normale,Autre collision,,,,,,,,,,,1,2,1,1,6
201500014584,0015-03-04 14:30:00,15,3,4,14,30,130,55,AVE DES AYGALADES,,,Plein jour,En agglomération,Hors intersection,Normale,Deux véhicules - arrière,,,,,,,,,,,1,2,1,1,2
201500014585,0015-06-24 09:30:00,15,6,24,9,30,130,55,"29, ROGER SCHIAFFINI (RU",43.31152,5.38602,Plein jour,En agglomération,Intersection en X,Normale,Autre collision,,,,,,,,,,,1,2,2,1,6
201500014586,0015-03-10 09:00:00,15,3,10,9,0,130,55,"358, RUE SAINT PIERRE",43.29173,5.40896,Plein jour,En agglomération,Intersection en T,Normale,Deux véhicules - côté,,,,,,,,,,,1,2,3,1,3
201500014587,0015-06-04 15:30:00,15,6,4,15,30,130,55,"181, CAPELETTE (AVENUE D",43.28053,5.408,Plein jour,Hors agglomération,Hors intersection,Normale,Deux véhicules - côté,,,,,,,,,,,1,1,1,1,3
201500014588,0015-03-10 13:55:00,15,3,10,13,55,130,55,"216, RUE PARADIS",43.28337,5.38103,Plein jour,En agglomération,Hors intersection,Normale,Autre collision,,,,,,,,,,,1,2,1,1,6
201500014589,0015-06-20 13:10:00,15,6,20,13,10,130,55,"260, HENRI BARNIER (BOUL",43.36439,5.34222,Plein jour,En agglomération,Hors intersection,Normale,Deux véhicules - arrière,,,,,,,,,,,1,2,1,1,2
201500014590,0015-01-30 11:15:00,15,1,30,11,15,130,55,"16, PCE DES MARSEILLAISE",43.30183,5.38167,Plein jour,En agglomération,Hors intersection,Normale,Deux véhicules - arrière,,,,,,,,,,,1,2,1,1,2
201500014591,0015-06-24 14:45:00,15,6,24,14,45,130,55,"243, PARIS (BOULEVARD DE",43.3116,5.36926,Plein jour,En agglomération,Hors intersection,Normale,Autre collision,,,,,,,,,,,1,2,1,1,6
201500014592,0015-03-13 08:05:00,15,3,13,8,5,130,55,"51, AVE ANDRE ZENATTI",43.24635,5.38763,Plein jour,En agglomération,Hors intersection,Normale,Deux véhicules - arrière,,,,,,,,,,,1,2,1,1,2
201500014593,0015-06-24 19:45:00,15,6,24,19,45,130,55,CLUE (CHEMIN DE LA),43.30961,5.50168,Plein jour,Hors agglomération,Hors intersection,Normale,Deux véhicules - arrière,,,,,,,,,,,1,1,1,1,2
201500014594,0015-06-24 19:20:00,15,6,24,19,20,130,55,"31, PAUL COXE (RUE)",43.34668,5.37826,Plein jour,En agglomération,Hors intersection,Normale,Autre collision,,,,,,,,,,,1,2,1,1,6
201500014595,0015-06-24 19:45:00,15,6,24,19,45,130,55,"20-22, CORSE (AVENUE DE",43.2895,5.36444,Plein jour,En agglomération,Intersection en X,Normale,Deux véhicules - frontale,,,,,,,,,,,1,2,2,1,1
201500014596,0015-03-12 22:15:00,15,3,12,22,15,130,55,"00, BD DU REDON",43.25417,5.42082,Nuit avec éclairage allumé,En agglomération,Intersection en T,Normale,Deux véhicules - côté,,,,,,,,,,,5,2,3,1,3
201500014597,0015-06-24 20:30:00,15,6,24,20,30,130,55,"17, POMPIDOU (PROMENADE)",43.26677,5.3726,Crépuscule ou aube,En agglomération,Hors intersection,Normale,Deux véhicules - arrière,,,,,,,,,,,2,2,1,1,2
201500014598,0015-03-13 12:15:00,15,3,13,12,15,130,55,"01, BD DUGOMMIER",43.29762,5.38098,Plein jour,En agglomération,Hors intersection,Normale,Autre collision,,,,,,,,,,,1,2,1,1,6
201500014599,0015-06-24 22:20:00,15,6,24,22,20,130,55,"00, PRADO (AVENUE)",43.28195,5.38563,Nuit avec éclairage allumé,Hors agglomération,Intersection en X,Normale,Deux véhicules - arrière,,,,,,,,,,,5,1,2,1,2
201500014600,0015-03-10 21:48:00,15,3,10,21,48,130,55,"258, AVE DU PRADO",43.27441,5.39022,Nuit avec éclairage allumé,En agglomération,Hors intersection,Pluie légère,Autre collision,,,,,,,,,,,5,2,1,2,6
201500014601,0015-06-24 21:20:00,15,6,24,21,20,130,55,"32, FENOUIL (BOULEVARD)",43.36262,5.32083,Plein jour,En agglomération,Intersection en T,Normale,Deux véhicules - côté,,,,,,,,,,,1,2,3,1,3
201500014602,0015-02-05 21:30:00,15,2,5,21,30,130,55,"03, BD CHARLES NEDELEC",43.30246,5.37715,Nuit avec éclairage allumé,En agglomération,Hors intersection,Normale,Autre collision,,,,,,,,,,,5,2,1,1,6
201500014603,0015-06-02 08:00:00,15,6,2,8,0,130,55,"21, COMMANDANT GUILBAUD",43.26686,5.40377,Plein jour,En agglomération,Hors intersection,Normale,Autre collision,,,,,,,,,,,1,2,1,1,6
201500014604,0015-02-18 08:10:00,15,2,18,8,10,130,55,"07, RUE DE LA GUADELOUPE",43.28176,5.37452,Plein jour,En agglomération,Hors intersection,Normale,Autre collision,,,,,,,,,,,1,2,1,1,6
201500014605,0015-05-31 12:00:00,15,5,31,12,0,130,55,"32, MIREILLE LAUZE (BOU",43.28239,5.40562,Plein jour,En agglomération,Hors intersection,Normale,Deux véhicules - côté,,,,,,,,,,,1,2,1,1,3
201500014606,0015-06-25 15:00:00,15,6,25,15,0,130,55,Rue Daumier,43.27886,5.38806,Plein jour,En agglomération,Intersection en T,Normale,Deux véhicules - côté,,,,,,,,,,,1,2,3,1,3
201500014607,0015-03-13 19:30:00,15,3,13,19,30,130,55,"17, RUE AVIATEUR LE BRIX",43.26254,5.40466,Nuit avec éclairage allumé,En agglomération,Hors intersection,Normale,Autre collision,,,,,,,,,,,5,2,1,1,6
201500014608,0015-06-26 22:45:00,15,6,26,22,45,130,55,"50, MIRES (RUE)",43.3116,5.37133,Nuit avec éclairage allumé,Hors agglomération,Intersection en X,Normale,Deux véhicules - côté,,,,,,,,,,,5,1,2,1,3
201500014609,0015-06-24 04:10:00,15,6,24,4,10,130,55,"174, COLGATE*(TRAVERSE)",43.23249,5.40383,Nuit avec éclairage allumé,En agglomération,Hors intersection,Normale,Autre collision,,,,,,,,,,,5,2,1,1,6
201500014610,0015-06-25 11:00:00,15,6,25,11,0,130,55,"29, BAILLE (BOULEVARD)",43.2868,5.38689,Plein jour,En agglomération,Intersection en T,Normale,Autre collision,,,,,,,,,,,1,2,3,1,6
201500014611,0015-03-06 07:10:00,15,3,6,7,10,130,55,"14, RUE STANISLAS TORREN",43.28898,5.37765,Crépuscule ou aube,En agglomération,Intersection en X,Normale,Deux véhicules - côté,,,,,,,,,,,2,2,2,1,3
201500014612,0015-06-26 06:50:00,15,6,26,6,50,130,55,"72, 24 AVRIL 15 (AVENUE",43.308,5.43202,Plein jour,En agglomération,Intersection en T,Normale,Autre collision,,,,,,,,,,,1,2,3,1,6
201500014613,0015-06-17 17:00:00,15,6,17,17,0,130,55,"10, REPUBLIQUE (RUE DE L",43.29694,5.37366,Plein jour,En agglomération,Intersection en X,Normale,Deux véhicules - côté,,,,,,,,,,,1,2,2,1,3
201500014614,0015-02-22 10:25:00,15,2,22,10,25,130,55,"13, AVE DE LA POINTE ROU",43.2486,5.37509,Plein jour,Hors agglomération,Hors intersection,Normale,Autre collision,,,,,,,,,,,1,1,1,1,6
201500014615,0015-06-26 10:15:00,15,6,26,10,15,130,55,"36, ACCOULES (MONTEE DES",43.29772,5.36672,Plein jour,En agglomération,Hors intersection,Normale,Autre collision,,,,,,,,,,,1,2,1,1,6
201500014616,0015-02-24 11:40:00,15,2,24,11,40,130,55,"121, CHE DE GIBBES",43.32412,5.38212,Plein jour,En agglomération,Intersection en T,Normale,Autre collision,,,,,,,,,,,1,2,3,1,6
201500014617,0015-06-10 09:05:00,15,6,10,9,5,130,55,"94, JEAN LOMBARD (AVENUE",43.28893,5.4326,Plein jour,En agglomération,Hors intersection,Normale,Deux véhicules - côté,,,,,,,,,,,1,2,1,1,3
201500014618,0015-05-26 20:00:00,15,5,26,20,0,130,55,JENNY HELIA (AVENUE),43.36644,5.35561,Crépuscule ou aube,En agglomération,Hors intersection,Normale,Deux véhicules - côté,,,,,,,,,,,2,2,1,1,3
201500014619,0015-03-13 20:00:00,15,3,13,20,0,130,55,"01, CHE DU PASSET",43.36133,5.33722,Nuit avec éclairage allumé,En agglomération,Intersection en X,Normale,Deux véhicules - côté,,,,,,,,,,,5,2,2,1,3
201500014620,0015-06-27 00:10:00,15,6,27,0,10,130,55,"105, MARÉCHAL DE LATTRE",43.24552,5.41254,Nuit sans éclairage public,En agglomération,Hors intersection,Normale,Deux véhicules - côté,,,,,,,,,,,3,2,1,1,3
201500014621,0015-06-27 01:55:00,15,6,27,1,55,130,55,"40, CAMOINS (AVENUE DES)",43.30507,5.5121,Nuit avec éclairage allumé,En agglomération,Hors intersection,Normale,Deux véhicules - frontale,,,,,,,,,,,5,2,1,1,1
201500014622,0015-03-16 07:50:00,15,3,16,7,50,130,55,"34, BD DU CAPITAINE GEZE",43.33025,5.37004,Plein jour,En agglomération,Hors intersection,Normale,Autre collision,,,,,,,,,,,1,2,1,1,6
201500014623,0015-06-27 01:30:00,15,6,27,1,30,130,55,"41, CAMOINS (AVENUE DES)",43.30522,5.51188,Nuit avec éclairage allumé,En agglomération,Hors intersection,Normale,Sans collision,,,,,,,,,,,5,2,1,1,7
201500014624,0015-06-27 08:20:00,15,6,27,8,20,130,55,"58, MAZARGUES",43.2685,5.38875,Plein jour,En agglomération,Hors intersection,Normale,Deux véhicules - côté,,,,,,,,,,,1,2,1,1,3
201500014625,0015-06-27 16:10:00,15,6,27,16,10,130,55,"2, LANCIER (CHEMIN DU)",43.24915,5.39674,Plein jour,En agglomération,Hors intersection,Normale,Autre collision,,,,,,,,,,,1,2,1,1,6
201500014626,0015-03-14 18:00:00,15,3,14,18,0,130,55,"87, BD CHARLES LIVON",43.29196,5.3583,Plein jour,En agglomération,Hors intersection,Normale,Autre collision,,,,,,,,,,,1,2,1,1,6
201500014627,0015-06-27 06:30:00,15,6,27,6,30,130,55,"122, CORNICHE KENNEDY",43.28287,5.35051,Plein jour,En agglomération,Hors intersection,Normale,Sans collision,,,,,,,,,,,1,2,1,1,7
201500014628,0015-06-27 05:40:00,15,6,27,5,40,130,55,"01, JEAN QUEILLAU (RUE)",43.33489,5.3853,Nuit avec éclairage allumé,En agglomération,Hors intersection,Normale,Sans collision,,,,,,,,,,,5,2,1,1,7
201500014629,0015-06-10 08:20:00,15,6,10,8,20,130,55,"103, SAKAKINI (BOULEVARD",43.29269,5.40141,Plein jour,En agglomération,Intersection en T,Normale,Trois véhicules et plus - en chaîne,,,,,,,,,,,1,2,3,1,4
201500014630,0015-04-24 13:30:00,15,4,24,13,30,130,55,"129, MAZARGUES (AVENUE D",43.26616,5.38999,Plein jour,En agglomération,Hors intersection,Normale,Deux véhicules - arrière,,,,,,,,,,,1,2,1,1,2