accident_id,datetime,annee,mois,jour,heure,minute,departement,commune_insee,adresse,latitude,longitude,luminosite,agglomeration,intersection,meteo,collision,nb_vehicules,nb_usagers,nb_indemnes,nb_tues,nb_blesses_hosp,nb_blesses_legers,age_cond_1,age_cond_2,veh_type_cond_1,veh_type_cond_2,lum_code,agg_code,int_code,atm_code,col_code
201500014631,0015-06-28 13:30:00,15,6,28,13,30,130,55,SALVADOR ALLENDE (RUE),43.32998,5.3965,Plein jour,En agglomération,Hors intersection,Normale,Trois véhicules et plus - en chaîne,,,,,,,,,,,1,2,1,1,4
201500014632,0015-02-01 14:00:00,15,2,1,14,0,130,55,"24, BD DU METRO",,,Plein jour,En agglomération,Hors intersection,Normale,Autre collision,,,,,,,,,,,1,2,1,1,6
201500014633,0015-06-28 19:00:00,15,6,28,19,0,130,55,"59, SAINT PAUL (AVENUE)",43.32824,5.40689,Plein jour,En agglomération,Hors intersection,Normale,Deux véhicules - arrière,,,,,,,,,,,1,2,1,1,2
201500014634,0015-06-29 00:30:00,15,6,29,0,30,130,2,"517-566, ETIENNE CUCCA",43.36184,5.49389,Nuit avec éclairage allumé,En agglomération,Hors intersection,Normale,Sans collision,,,,,,,,,,,5,2,1,1,7
201500014635,0015-06-22 17:00:00,15,6,22,17,0,130,55,"25, SUD PERE LO (RUE",,,Plein jour,En agglomération,Hors intersection,Normale,Autre collision,,,,,,,,,,,1,2,1,1,6
201500014636,0015-06-29 09:30:00,15,6,29,9,30,130,55,"6, HUVEAUNE (BOULEVARD D",43.27092,5.4041,Plein jour,En agglomération,Hors intersection,Normale,Autre collision,,,,,,,,,,,1,2,1,1,6
201500014637,0015-06-29 09:00:00,15,6,29,9,0,130,55,"1, ROGER BRUN (RUE)",43.28672,5.39036,Plein jour,En agglomération,Intersection en X,Normale,Deux véhicules - côté,,,,,,,,,,,1,2,2,1,3
201500014638,0015-03-10 12:40:00,15,3,10,12,40,130,55,"43, RUE PIERRE BERANGER",43.31145,5.44639,Plein jour,En agglomération,Hors intersection,Normale,Sans collision,,,,,,,,,,,1,2,1,1,7
201500014639,0015-06-29 11:00:00,15,6,29,11,0,130,55,"2, PROVENCE (RUE DE)",43.30149,5.39602,Plein jour,En agglomération,Intersection en T,Normale,Autre collision,,,,,,,,,,,1,2,3,1,6
201500014640,0015-06-17 13:20:00,15,6,17,13,20,130,55,"61, MORGIOU (CHEMIN DE)",43.24295,5.4063,Plein jour,En agglomération,Hors intersection,Normale,Deux véhicules - frontale,,,,,,,,,,,1,2,1,1,1
201500014641,0015-06-25 08:00:00,15,6,25,8,0,130,55,"24, ALBERT EINSTEIN (RUE",,,Plein jour,En agglomération,Intersection en T,Normale,Deux véhicules - côté,,,,,,,,,,,1,2,3,1,3
201500014642,0015-06-26 09:45:00,15,6,26,9,45,130,55,"27, DÉSIRÉ BIANCO ***",43.28873,5.4256,Plein jour,En agglomération,Hors intersection,Normale,Deux véhicules - côté,,,,,,,,,,,1,2,1,1,3
201500014643,0015-06-29 13:38:00,15,6,29,13,38,130,55,"230, CHARLES KADDOUZ (RU",43.3177,5.43869,Plein jour,En agglomération,Hors intersection,Normale,Deux véhicules - côté,,,,,,,,,,,1,2,1,1,3
201500014644,0015-03-13 14:10:00,15,3,13,14,10,130,55,"116, AVE DES POILUS",43.32395,5.45612,Plein jour,En agglomération,Hors intersection,Normale,Autre collision,,,,,,,,,,,1,2,1,1,6
201500014645,0015-06-29 16:45:00,15,6,29,16,45,130,55,"129-131, FRANCOISE DUPAR",43.30737,5.40144,Plein jour,En agglomération,Intersection en T,Normale,Deux véhicules - arrière,,,,,,,,,,,1,2,3,1,2
201500014646,0015-03-14 05:25:00,15,3,14,5,25,130,55,AVE DE MAZARGUES,43.25012,5.39597,Crépuscule ou aube,En agglomération,Intersection en X,Normale,Sans collision,,,,,,,,,,,2,2,2,1,7
201500014647,0015-06-29 18:50:00,15,6,29,18,50,130,55,"48, PAUL CLAUDEL (BOULEV",43.26852,5.40914,Plein jour,Hors agglomération,Intersection en X,Normale,Deux véhicules - frontale,,,,,,,,,,,1,1,2,1,1
201500014648,0015-03-11 16:30:00,15,3,11,16,30,130,55,"176, BD MICHELET",43.26375,5.39623,Plein jour,En agglomération,Intersection en T,Normale,Autre collision,,,,,,,,,,,1,2,3,1,6
201500014649,0015-06-30 01:30:00,15,6,30,1,30,130,55,"141 , CHARLES SUSINI",43.34095,5.41131,Nuit avec éclairage allumé,En agglomération,Hors intersection,Normale,Deux véhicules - arrière,,,,,,,,,,,5,2,1,1,2
201500014650,0015-06-30 08:11:00,15,6,30,8,11,130,55,93-97 St JEAN DU DESERT,43.29564,5.43336,Plein jour,Hors agglomération,Hors intersection,Normale,Deux véhicules - côté,,,,,,,,,,,1,1,1,1,3
201500014651,0015-06-29 19:00:00,15,6,29,19,0,130,55,"130, MADRAGUE VILLE (RUE",43.32694,5.36063,Plein jour,En agglomération,Hors intersection,Normale,Deux véhicules - côté,,,,,,,,,,,1,2,1,1,3
201500014652,0015-06-30 15:40:00,15,6,30,15,40,130,55,DAMES (BOULEVARD DES),43.30309,5.36664,Plein jour,En agglomération,Intersection en X,Normale,Deux véhicules - côté,,,,,,,,,,,1,2,2,1,3
201500014653,0015-06-30 22:30:00,15,6,30,22,30,130,55,"29, VINCENT DELPUECH (BO",43.28297,5.3907,Crépuscule ou aube,En agglomération,Hors intersection,Normale,Autre collision,,,,,,,,,,,2,2,1,1,6
201500014654,0015-03-15 13:40:00,15,3,15,13,40,130,55,"00, BD ROMAIN ROLLAND",43.27592,5.4174,Plein jour,En agglomération,Intersection en X,Normale,Trois véhicules et plus - collisions multiples,,,,,,,,,,,1,2,2,1,5
201500014655,0015-06-30 20:30:00,15,6,30,20,30,130,55,"17, MONTREDON (AVENUE DE",43.24482,5.37261,Crépuscule ou aube,En agglomération,Hors intersection,Normale,Deux véhicules - arrière,,,,,,,,,,,2,2,1,1,2
201500014656,0015-03-12 12:00:00,15,3,12,12,0,130,55,"85, RTE DES CAMOINS",43.29748,5.49674,Plein jour,En agglomération,Hors intersection,Normale,Autre collision,,,,,,,,,,,1,2,1,1,6
201500014657,0015-07-01 02:15:00,15,7,1,2,15,130,55,"94-98, RABATAU",43.27652,5.39763,Nuit avec éclairage allumé,En agglomération,Hors intersection,Normale,Deux véhicules - arrière,,,,,,,,,,,5,2,1,1,2
201500014658,0015-07-25 10:30:00,15,7,25,10,30,130,55,"458, LYON (RUE DE)",43.34205,5.35998,Plein jour,En agglomération,Hors intersection,Normale,Autre collision,,,,,,,,,,,1,2,1,1,6
201500014659,0015-07-01 09:20:00,15,7,1,9,20,130,55,"87, SAINT JULIEN (AVENUE",43.30656,5.42091,Plein jour,En agglomération,Hors intersection,Normale,Autre collision,,,,,,,,,,,1,2,1,1,6
201500014660,0015-07-01 20:30:00,15,7,1,20,30,130,55,"00, BELGES (QUAI DES)",43.29528,5.37442,Plein jour,En agglomération,Intersection en T,Normale,Deux véhicules - côté,,,,,,,,,,,1,2,3,1,3
201500014661,0015-07-01 03:15:00,15,7,1,3,15,130,55,"14, PIERRE BERANGER (RUE",43.31157,5.4443,Nuit avec éclairage allumé,En agglomération,Hors intersection,Normale,Autre collision,,,,,,,,,,,5,2,1,1,6
201500014662,0015-07-02 00:45:00,15,7,2,0,45,130,55,"174, CORNICHE KENNEDY",43.27959,5.35353,Nuit avec éclairage allumé,En agglomération,Hors intersection,Normale,Autre collision,,,,,,,,,,,5,2,1,1,6
201500014663,0015-06-30 16:30:00,15,6,30,16,30,130,55,"22, MERLAN (AVENUE)",43.33223,5.40674,Plein jour,En agglomération,Hors intersection,Normale,Deux véhicules - frontale,,,,,,,,,,,1,2,1,1,1
201500014664,0015-07-01 12:30:00,15,7,1,12,30,130,75,"15, ANDRE MALRAUX (BD)",43.34713,5.46164,Plein jour,En agglomération,Intersection en T,Normale,Deux véhicules - côté,,,,,,,,,,,1,2,3,1,3
201500014665,0015-07-02 13:30:00,15,7,2,13,30,130,55,144 PEINTRES ROUX,43.30168,5.47541,Plein jour,En agglomération,Hors intersection,Normale,Deux véhicules - arrière,,,,,,,,,,,1,2,1,1,2
201500014666,0015-07-02 13:20:00,15,7,2,13,20,130,55,"26, BRIANCON (BOULEVARD)",43.31814,5.3703,Plein jour,En agglomération,Hors intersection,Normale,Deux véhicules - côté,,,,,,,,,,,1,2,1,1,3
201500014667,0015-07-01 16:20:00,15,7,1,16,20,130,55,"40, LIBERTE (BOULEVARD D",43.30133,5.38332,Plein jour,En agglomération,Hors intersection,Normale,Deux véhicules - côté,,,,,,,,,,,1,2,1,1,3
201500014668,0015-07-02 19:55:00,15,7,2,19,55,130,55,"50, BUREL (BOULEVARD ET",43.31728,5.38325,Plein jour,En agglomération,Hors intersection,Normale,Trois véhicules et plus - en chaîne,,,,,,,,,,,1,2,1,1,4
201500014669,0015-01-01 06:15:00,15,1,1,6,15,130,55,"158, VOI LA CANEBIERE",43.29876,5.38436,Nuit avec éclairage allumé,En agglomération,Hors intersection,Normale,Sans collision,,,,,,,,,,,5,2,1,1,7
201500014670,0015-06-30 04:05:00,15,6,30,4,5,130,55,"52-54, LIBERATION",43.30019,5.38873,Nuit sans éclairage public,En agglomération,Intersection en X,Normale,Deux véhicules - côté,,,,,,,,,,,3,2,2,1,3
201500014671,0015-03-04 12:10:00,15,3,4,12,10,130,55,"58, BD NOTRE DAME",43.2878,5.37347,Plein jour,En agglomération,Intersection en T,Normale,Deux véhicules - côté,,,,,,,,,,,1,2,3,1,3
201500014672,0015-07-01 15:15:00,15,7,1,15,15,130,55,"110, ALEX. FLEMING",43.31656,5.39873,Plein jour,En agglomération,Hors intersection,Normale,Deux véhicules - arrière,,,,,,,,,,,1,2,1,1,2
201500014673,0015-07-02 13:10:00,15,7,2,13,10,130,55,"18-20, PROVENCE",43.30173,5.39715,Plein jour,En agglomération,Hors intersection,Normale,Autre collision,,,,,,,,,,,1,2,1,1,6
201500014674,0015-07-03 06:45:00,15,7,3,6,45,130,55,"00, RUE DES TILLEULS",,,Plein jour,Hors agglomération,Hors intersection,Normale,Autre collision,,,,,,,,,,,1,1,1,1,6
201500014675,0015-07-02 16:25:00,15,7,2,16,25,130,55,"233, PAUL CLAUDEL (BOULE",43.26891,5.42012,Plein jour,En agglomération,Hors intersection,Normale,Deux véhicules - frontale,,,,,,,,,,,1,2,1,1,1
201500014676,0015-06-26 09:45:00,15,6,26,9,45,130,55,"36, RABATAU (BOULEVARD)",43.27422,5.39405,Plein jour,En agglomération,Hors intersection,Normale,Deux véhicules - côté,,,,,,,,,,,1,2,1,1,3
201500014677,0015-05-30 05:00:00,15,5,30,5,0,130,55,"00, LITTORAL (CHEMIN DU)",,,Crépuscule ou aube,Hors agglomération,Hors intersection,Normale,Deux véhicules - côté,,,,,,,,,,,2,1,1,1,3
201500014678,0015-07-03 14:45:00,15,7,3,14,45,130,55,CHEMIN DU MERLAN A LA RO,,,Plein jour,En agglomération,Hors intersection,Normale,Autre collision,,,,,,,,,,,1,2,1,1,6
201500014679,0015-07-03 14:45:00,15,7,3,14,45,130,55,"01, BELGES (QUAI DES)",43.29509,5.37446,Plein jour,En agglomération,Hors intersection,Normale,Autre collision,,,,,,,,,,,1,2,1,1,6
201500014680,0015-07-03 16:15:00,15,7,3,16,15,130,55,"7, JEAN BOUIN (AVENUE)",43.26719,5.40315,Plein jour,En agglomération,Hors intersection,Normale,Deux véhicules - côté,,,,,,,,,,,1,2,1,1,3
201500014681,0015-03-14 18:30:00,15,3,14,18,30,130,55,"00, AVE ALEXANDRE FLEMIN",43.31592,5.40074,Crépuscule ou aube,En agglomération,Intersection en T,Pluie légère,Autre collision,,,,,,,,,,,2,2,3,2,6
201500014682,0015-07-03 16:15:00,15,7,3,16,15,130,55,"01, BARA (BOULEVARD)",43.35182,5.43897,Plein jour,En agglomération,Hors intersection,Normale,Deux véhicules - côté,,,,,,,,,,,1,2,1,1,3
201500014683,0015-07-03 17:40:00,15,7,3,17,40,130,55,"101, MICHELET (BOULEVARD",43.26748,5.39441,Plein jour,Hors agglomération,Hors intersection,Normale,Autre collision,,,,,,,,,,,1,1,1,1,6
201500014684,0015-07-03 17:30:00,15,7,3,17,30,130,55,LE CHATELIER,43.34911,5.37526,Plein jour,En agglomération,Hors intersection,Normale,Deux véhicules - côté,,,,,,,,,,,1,2,1,1,3
201500014685,0015-07-03 18:30:00,15,7,3,18,30,130,55,BASILE BARRELIER (BOULEV,,,Plein jour,En agglomération,Hors intersection,Normale,Trois véhicules et plus - en chaîne,,,,,,,,,,,1,2,1,1,4
201500014686,0015-06-27 03:00:00,15,6,27,3,0,130,55,"00, MIREILLE LAUZE (BOUL",43.28359,5.41748,Nuit avec éclairage allumé,En agglomération,Hors intersection,Normale,Deux véhicules - côté,,,,,,,,,,,5,2,1,1,3
201500014687,0015-07-03 19:15:00,15,7,3,19,15,130,55,"13, BOISERAIE (RUE)",43.29794,5.4216,Plein jour,En agglomération,Hors intersection,Normale,Deux véhicules - arrière,,,,,,,,,,,1,2,1,1,2
201500014688,0015-07-03 23:10:00,15,7,3,23,10,130,55,"94, BAILLE**BOULEVARD)",43.28769,5.39043,Nuit sans éclairage public,En agglomération,Hors intersection,Normale,Deux véhicules - frontale,,,,,,,,,,,3,2,1,1,1
201500014689,0015-07-02 19:10:00,15,7,2,19,10,130,2,ETIENNE CUCCA-CD908 (AVE,,,Plein jour,Hors agglomération,Hors intersection,Normale,Sans collision,,,,,,,,,,,1,1,1,1,7
201500014690,0015-07-04 06:00:00,15,7,4,6,0,130,55,"65, AUDIENCE (RUE DE L')",43.29593,5.48715,Nuit avec éclairage allumé,En agglomération,Hors intersection,Normale,Deux véhicules - arrière,,,,,,,,,,,5,2,1,1,2
201500014691,0015-07-03 16:15:00,15,7,3,16,15,130,55,"88, MAZARGUES (AVENUE DE",43.26748,5.38937,Plein jour,En agglomération,Intersection en T,Normale,Autre collision,,,,,,,,,,,1,2,3,1,6
201500014692,0015-07-04 13:45:00,15,7,4,13,45,130,55,"138, VALBARELLE (BOULEVA",43.2882,5.45076,Plein jour,En agglomération,Hors intersection,Normale,Deux véhicules - frontale,,,,,,,,,,,1,2,1,1,1
201500014693,0015-07-04 12:35:00,15,7,4,12,35,130,55,"48, PAUL CLAUDEL (BOULEV",43.26849,5.40907,Plein jour,En agglomération,Hors intersection,Normale,Deux véhicules - frontale,,,,,,,,,,,1,2,1,1,1
201500014694,0015-07-04 14:28:00,15,7,4,14,28,130,55,"73, JEAN LOMBARD (AVENUE",43.289,5.4336,Plein jour,En agglomération,Intersection en T,Normale,Deux véhicules - côté,,,,,,,,,,,1,2,3,1,3
201500014695,0015-03-13 12:05:00,15,3,13,12,5,130,55,"01, RUE DU REMPART",43.28867,5.36551,Plein jour,En agglomération,Hors intersection,Normale,Autre collision,,,,,,,,,,,1,2,1,1,6
201500014696,0015-07-04 19:00:00,15,7,4,19,0,130,55,SAINTE MARTHE (CHEMIN DE,43.32139,5.38964,Crépuscule ou aube,En agglomération,Hors intersection,Normale,Deux véhicules - frontale,,,,,,,,,,,2,2,1,1,1
201500014697,0015-07-04 19:30:00,15,7,4,19,30,130,55,"321, JEAN QUEILLAU",43.33448,5.38528,Plein jour,En agglomération,Hors intersection,Normale,Deux véhicules - côté,,,,,,,,,,,1,2,1,1,3
201500014698,0015-06-22 11:50:00,15,6,22,11,50,130,55,"376, LYON (RUE DE)",43.33849,5.36234,Plein jour,En agglomération,Autre intersection,Normale,Autre collision,,,,,,,,,,,1,2,9,1,6
201500014699,0015-07-05 09:30:00,15,7,5,9,30,130,55,"540, MADRAGUE VILLE (RUE",43.34705,5.35538,Plein jour,En agglomération,Hors intersection,Normale,Deux véhicules - arrière,,,,,,,,,,,1,2,1,1,2
201500014700,0015-06-30 11:30:00,15,6,30,11,30,130,55,Col de la Gineste,43.23712,5.503,Plein jour,Hors agglomération,Hors intersection,Normale,Autre collision,,,,,,,,,,,1,1,1,1,6
201500014701,0015-06-12 20:40:00,15,6,12,20,40,130,55,"295, CHAVE (BOULEVARD)",43.29617,5.40523,Plein jour,En agglomération,Hors intersection,Pluie forte,Deux véhicules - côté,,,,,,,,,,,1,2,1,3,3
201500014702,0015-07-05 20:15:00,15,7,5,20,15,130,55,"2, LINOTS (RUE)",43.31386,5.40718,Plein jour,En agglomération,Hors intersection,Normale,Sans collision,,,,,,,,,,,1,2,1,1,7
201500014703,0015-07-05 14:14:00,15,7,5,14,14,130,55,ALLAUCH A AUBAGNE (ROUTE,43.3115,5.49972,Plein jour,En agglomération,Hors intersection,Normale,Autre collision,,,,,,,,,,,1,2,1,1,6
201500014704,0015-07-06 16:00:00,15,7,6,16,0,130,55,"37BIS, MORETTI (BOULEVAR",43.32498,5.38241,Plein jour,En agglomération,Hors intersection,Normale,Deux véhicules - côté,,,,,,,,,,,1,2,1,1,3
201500014705,0015-06-30 18:20:00,15,6,30,18,20,130,55,"44, ITALIE (RUE D')",43.28884,5.3829,Plein jour,En agglomération,Intersection en X,Normale,Deux véhicules - côté,,,,,,,,,,,1,2,2,1,3
201500014706,0015-07-06 16:50:00,15,7,6,16,50,130,55,"69, CANEBIERE     1 A 79",43.29712,5.37968,Plein jour,En agglomération,Intersection en Y,Normale,Autre collision,,,,,,,,,,,1,2,4,1,6
201500014707,0015-07-03 03:30:00,15,7,3,3,30,130,55,"25, COLLET (BOULEVARD DU",43.25105,5.37943,Nuit avec éclairage allumé,En agglomération,Hors intersection,Normale,Sans collision,,,,,,,,,,,5,2,1,1,7
201500014708,0015-07-07 11:30:00,15,7,7,11,30,130,55,"40, SABLIERE (ROUTE DE L",43.29231,5.47938,Plein jour,En agglomération,Hors intersection,Normale,Autre collision,,,,,,,,,,,1,2,1,1,6
201500014709,0015-07-06 19:00:00,15,7,6,19,0,130,55,"00, ESTAQUE PLAGE",43.35988,5.31592,Plein jour,En agglomération,Hors intersection,Normale,Deux véhicules - côté,,,,,,,,,,,1,2,1,1,3
201500014710,0015-07-07 21:40:00,15,7,7,21,40,130,55,"41, CANEBIERE    30 A 68",43.29628,5.37734,Nuit avec éclairage allumé,En agglomération,Hors intersection,Normale,Deux véhicules - frontale,,,,,,,,,,,5,2,1,1,1
201500014711,0015-07-07 17:00:00,15,7,7,17,0,130,55,"50, ANATOLE DE LA FORGE",43.33643,5.39717,Plein jour,En agglomération,Hors intersection,Normale,Deux véhicules - côté,,,,,,,,,,,1,2,1,1,3
201500014712,0015-07-07 11:00:00,15,7,7,11,0,130,55,"00, QUATRE SEPT (PLACE D",43.28858,5.35902,Plein jour,En agglomération,Hors intersection,Normale,Deux véhicules - arrière,,,,,,,,,,,1,2,1,1,2
201500014713,0015-06-25 07:50:00,15,6,25,7,50,130,55,"02, VINCENT VAN GOGH (RU",43.29897,5.42939,Plein jour,En agglomération,Hors intersection,Normale,Deux véhicules - frontale,,,,,,,,,,,1,2,1,1,1
201500014714,0015-02-27 16:50:00,15,2,27,16,50,130,55,"142, AVE DE TOULON",43.28473,5.39214,Plein jour,En agglomération,Intersection en X,Normale,Deux véhicules - côté,,,,,,,,,,,1,2,2,1,3
201500014715,0015-06-20 11:40:00,15,6,20,11,40,130,55,"34, SCHLOESING ***",43.27364,5.40045,Plein jour,En agglomération,Hors intersection,Normale,Deux véhicules - arrière,,,,,,,,,,,1,2,1,1,2
201500014716,0015-07-07 10:10:00,15,7,7,10,10,130,55,"96, CAMOINS (AVENUE DES)",43.30507,5.51212,Plein jour,En agglomération,Hors intersection,Normale,Deux véhicules - côté,,,,,,,,,,,1,2,1,1,3
201500014717,0015-07-08 09:00:00,15,7,8,9,0,130,55,"2, SAINTE CECILE (RUE)",43.28673,5.39037,Plein jour,En agglomération,Intersection en X,Normale,Deux véhicules - côté,,,,,,,,,,,1,2,2,1,3
201500014718,0015-07-08 14:40:00,15,7,8,14,40,130,55,"0, SAINTE MARGUERITE (BO",43.26745,5.40784,Plein jour,En agglomération,Hors intersection,Normale,Deux véhicules - frontale,,,,,,,,,,,1,2,1,1,1
201500014719,0015-07-08 21:00:00,15,7,8,21,0,130,55,"391, ROMAIN ROLLAND (BOU",43.27058,5.40743,Plein jour,En agglomération,Hors intersection,Vent fort / tempête,Sans collision,,,,,,,,,,,1,2,1,6,7
201500014720,0015-06-13 12:10:00,15,6,13,12,10,130,55,"00, LIBERATION (BOULEVAR",43.30092,5.39082,Plein jour,En agglomération,Hors intersection,Normale,Autre collision,,,,,,,,,,,1,2,1,1,6
201500014721,0015-07-09 13:40:00,15,7,9,13,40,130,55,"118, ROGER SALENGRO (AVE",43.31472,5.37042,Plein jour,En agglomération,Hors intersection,Normale,Autre collision,,,,,,,,,,,1,2,1,1,6
201500014722,0015-07-09 18:40:00,15,7,9,18,40,130,55,"2, BAILLE (BOULEVARD)",43.28634,5.38568,Plein jour,En agglomération,Hors intersection,Normale,Autre collision,,,,,,,,,,,1,2,1,1,6
201500014723,0015-07-09 20:45:00,15,7,9,20,45,130,55,ADOLPHE THIERS (RUE),43.29906,5.38529,Crépuscule ou aube,En agglomération,Intersection en X,Normale,Autre collision,,,,,,,,,,,2,2,2,1,6
201500014724,0015-06-22 00:30:00,15,6,22,0,30,130,55,"20, ATHENES (BOULEVARD D",43.30042,5.38068,Nuit avec éclairage allumé,En agglomération,Intersection en X,Normale,Deux véhicules - côté,,,,,,,,,,,5,2,2,1,3
201500014725,0015-07-10 06:50:00,15,7,10,6,50,130,55,"121, POMME (BOULEVARD DE",43.2934,5.45441,Plein jour,En agglomération,Hors intersection,Normale,Autre collision,,,,,,,,,,,1,2,1,1,6
201500014726,0015-01-23 17:00:00,15,1,23,17,0,130,55,"370, RUE PARADIS",43.27823,5.38321,Crépuscule ou aube,En agglomération,Intersection en T,Normale,Autre collision,,,,,,,,,,,2,2,3,1,6
201500014727,0015-07-10 18:00:00,15,7,10,18,0,130,55,"2, BONNEVEINE (AVENUE)",43.25433,5.3811,Plein jour,En agglomération,Hors intersection,Normale,Autre collision,,,,,,,,,,,1,2,1,1,6
201500014728,0015-02-26 10:20:00,15,2,26,10,20,130,55,"00, BD CHAVE",43.29561,5.39789,Plein jour,En agglomération,Intersection en T,Normale,Autre collision,,,,,,,,,,,1,2,3,1,6
201500014729,0015-07-10 17:40:00,15,7,10,17,40,130,55,"27, JEAN MOULIN (BOULEVA",43.28787,5.40048,Plein jour,En agglomération,Hors intersection,Normale,Deux véhicules - arrière,,,,,,,,,,,1,2,1,1,2
201500014730,0015-07-24 17:00:00,15,7,24,17,0,130,55,"65, LIBERATION (BOULEVAR",43.30021,5.38872,Plein jour,En agglomération,Intersection en T,Normale,Autre collision,,,,,,,,,,,1,2,3,1,6
201500014731,0015-02-15 19:45:00,15,2,15,19,45,130,55,AVE DE SAINT MENET*,,,Nuit avec éclairage allumé,En agglomération,Hors intersection,Pluie légère,Sans collision,,,,,,,,,,,5,2,1,2,7
201500014732,0015-07-09 15:30:00,15,7,9,15,30,130,106,"00, BEDOULE (CHEMIN DE L",,,Plein jour,En agglomération,Hors intersection,Normale,Deux véhicules - côté,,,,,,,,,,,1,2,1,1,3
201500014733,0015-06-26 04:50:00,15,6,26,4,50,130,55,"123, MILLIERE (BOULEVARD",43.28349,5.4997,Nuit avec éclairage allumé,En agglomération,Hors intersection,Normale,Deux véhicules - côté,,,,,,,,,,,5,2,1,1,3
201500014734,0015-07-08 08:35:00,15,7,8,8,35,130,55,"20, MARCHE D'IN (AVENUE)",43.33966,5.37999,Plein jour,En agglomération,Hors intersection,Normale,Autre collision,,,,,,,,,,,1,2,1,1,6
201500014735,0015-07-11 15:10:00,15,7,11,15,10,130,55,"53, BARBES (BOULEVARD)",43.32581,5.37496,Plein jour,En agglomération,Intersection en X,Normale,Trois véhicules et plus - collisions multiples,,,,,,,,,,,1,2,2,1,5
201500014736,0015-07-11 19:40:00,15,7,11,19,40,130,55,"14, ROGER SALENGRO (AVEN",43.31892,5.36768,Plein jour,En agglomération,Place,Normale,Deux véhicules - côté,,,,,,,,,,,1,2,7,1,3
201500014737,0015-07-11 22:45:00,15,7,11,22,45,130,55,MENDES FRANCE (AVENUE,43.26181,5.37486,Nuit avec éclairage allumé,En agglomération,Hors intersection,Normale,Sans collision,,,,,,,,,,,5,2,1,1,7
201500014738,0015-07-11 21:21:00,15,7,11,21,21,130,55,ROGER BRUN (RUE),,,Crépuscule ou aube,En agglomération,Intersection en X,Normale,Deux véhicules - côté,,,,,,,,,,,2,2,2,1,3
201500014739,0015-07-09 17:00:00,15,7,9,17,0,130,55,"93, BLANCARDE (BOULEVARD",43.30308,5.40245,Plein jour,En agglomération,Intersection en Y,Normale,Deux véhicules - côté,,,,,,,,,,,1,2,4,1,3
201500014740,0015-02-28 17:15:00,15,2,28,17,15,130,55,"00, BD CHARLES LIVON",,,Crépuscule ou aube,En agglomération,Hors intersection,Normale,Deux véhicules - arrière,,,,,,,,,,,2,2,1,1,2
201500014741,0015-07-06 17:20:00,15,7,6,17,20,130,55,"54, ROLAND DORGELES (BOU",43.34791,5.37731,Plein jour,En agglomération,Hors intersection,Normale,Deux véhicules - côté,,,,,,,,,,,1,2,1,1,3
201500014742,0015-07-07 10:10:00,15,7,7,10,10,130,55,"128, LITTORAL**CHEMIN DU",43.33632,5.35344,Plein jour,En agglomération,Hors intersection,Normale,Deux véhicules - côté,,,,,,,,,,,1,2,1,1,3
201500014743,0015-07-02 08:30:00,15,7,2,8,30,130,2,"12, PROVENCE (AVENUE DE)",43.33152,5.48628,Plein jour,En agglomération,Hors intersection,Normale,Deux véhicules - frontale,,,,,,,,,,,1,2,1,1,1
201500014744,0015-02-06 12:05:00,15,2,6,12,5,130,55,"20, AVE JEAN LOMBARD",,,Plein jour,En agglomération,Hors intersection,Normale,Deux véhicules - arrière,,,,,,,,,,,1,2,1,1,2
201500014745,0015-07-12 14:30:00,15,7,12,14,30,130,55,"246, LYON (RUE DE)",,,Plein jour,En agglomération,Hors intersection,Normale,Deux véhicules - côté,,,,,,,,,,,1,2,1,1,3
201500014746,0015-07-12 19:20:00,15,7,12,19,20,130,55,"00, LÉON LACHAMP (ROUTE)",,,Plein jour,Hors agglomération,Hors intersection,Normale,Deux véhicules - frontale,,,,,,,,,,,1,1,1,1,1
201500014747,0015-06-26 06:55:00,15,6,26,6,55,130,55,"17bis, PINS (ALLEE DES)",43.25393,5.41982,Nuit avec éclairage allumé,En agglomération,Hors intersection,Normale,Deux véhicules - côté,,,,,,,,,,,5,2,1,1,3
201500014748,0015-03-14 08:00:00,15,3,14,8,0,130,55,"221, AVE DES CHARTREUX",43.31236,5.40136,Plein jour,En agglomération,Hors intersection,Normale,Sans collision,,,,,,,,,,,1,2,1,1,7
201500014749,0015-07-13 16:00:00,15,7,13,16,0,130,55,"09, PROVENCE (RUE DE)",43.30163,5.39647,Plein jour,En agglomération,Hors intersection,Normale,Sans collision,,,,,,,,,,,1,2,1,1,7
201500014750,0015-06-01 15:30:00,15,6,1,15,30,130,55,"41, AGUILLON (BOULEVARD)",43.26564,5.41122,Plein jour,En agglomération,Hors intersection,Normale,Autre collision,,,,,,,,,,,1,2,1,1,6
201500014751,0015-07-14 01:50:00,15,7,14,1,50,130,55,"94, SAINT ANTOINE (AVENU",43.37055,5.35623,Nuit avec éclairage allumé,En agglomération,Hors intersection,Normale,Deux véhicules - côté,,,,,,,,,,,5,2,1,1,3
201500014752,0015-07-14 01:30:00,15,7,14,1,30,130,55,"45, LÉON GAMBETTA (ALLEE",43.29906,5.38342,Nuit avec éclairage allumé,En agglomération,Hors intersection,Normale,Deux véhicules - frontale,,,,,,,,,,,5,2,1,1,1
201500014753,0015-07-14 19:30:00,15,7,14,19,30,130,55,"0, ALEX DELABRE (BOULEVA",43.21933,5.34536,Plein jour,En agglomération,Hors intersection,Normale,Autre collision,,,,,,,,,,,1,2,1,1,6
201500014754,0015-07-14 22:30:00,15,7,14,22,30,130,55,"00, MILLIE MATHYS (AVENU",43.36519,5.34785,Nuit avec éclairage allumé,Hors agglomération,Hors intersection,Normale,Deux véhicules - côté,,,,,,,,,,,5,1,1,1,3