accident_id,datetime,annee,mois,jour,heure,minute,departement,commune_insee,adresse,latitude,longitude,luminosite,agglomeration,intersection,meteo,collision,nb_vehicules,nb_usagers,nb_indemnes,nb_tues,nb_blesses_hosp,nb_blesses_legers,age_cond_1,age_cond_2,veh_type_cond_1,veh_type_cond_2,lum_code,agg_code,int_code,atm_code,col_code
201500014755,0015-07-14 23:35:00,15,7,14,23,35,130,55,"66/68, CANEBIERE     1 A",43.2962,5.37714,Nuit avec éclairage allumé,En agglomération,Hors intersection,Normale,Autre collision,,,,,,,,,,,5,2,1,1,6
201500014756,0015-07-14 20:25:00,15,7,14,20,25,130,55,TROIS LUCS (AVENUE DES),43.31022,5.4636,Crépuscule ou aube,En agglomération,Intersection en X,Normale,Deux véhicules - côté,,,,,,,,,,,2,2,2,1,3
201500014757,0015-07-07 20:10:00,15,7,7,20,10,130,55,"43, LIEUTAUD (COURS)",43.2925,5.38262,Crépuscule ou aube,En agglomération,Intersection en T,Normale,Deux véhicules - côté,,,,,,,,,,,2,2,3,1,3
201500014758,0015-07-14 18:30:00,15,7,14,18,30,130,55,"29-33, GRAND VALLA",43.31,5.46695,Plein jour,En agglomération,Hors intersection,Normale,Deux véhicules - frontale,,,,,,,,,,,1,2,1,1,1
201500014759,0015-07-12 03:24:00,15,7,12,3,24,130,55,"354, POILUS (AVENUE DES)",43.31002,5.46691,Nuit avec éclairage allumé,En agglomération,Hors intersection,Normale,Sans collision,,,,,,,,,,,5,2,1,1,7
201500014760,0015-06-18 09:00:00,15,6,18,9,0,130,55,"108, CORDERIE (BOULEVARD",43.29009,5.36777,Plein jour,En agglomération,Hors intersection,Normale,Deux véhicules - côté,,,,,,,,,,,1,2,1,1,3
201500014761,0015-07-15 16:30:00,15,7,15,16,30,130,55,"2, BREMOND**RUE)",43.32,5.4085,Plein jour,En agglomération,Hors intersection,Normale,Deux véhicules - arrière,,,,,,,,,,,1,2,1,1,2
201500014762,0015-07-15 18:50:00,15,7,15,18,50,130,55,"163, PLOMBIERES (RUE DE)",43.31846,5.37956,Plein jour,En agglomération,Hors intersection,Normale,Deux véhicules - frontale,,,,,,,,,,,1,2,1,1,1
201500014763,0015-07-08 16:15:00,15,7,8,16,15,130,55,"17, HUILES (PLACE AUX)",43.29299,5.37182,Plein jour,En agglomération,Place,Normale,Autre collision,,,,,,,,,,,1,2,7,1,6
201500014764,0015-06-25 19:45:00,15,6,25,19,45,130,55,63-65 DRAGON (RUE),43.28754,5.37709,Crépuscule ou aube,En agglomération,Hors intersection,Normale,Autre collision,,,,,,,,,,,2,2,1,1,6
201500014765,0015-07-09 11:50:00,15,7,9,11,50,130,55,"36, CORSE (AVENUE DE LA)",43.28898,5.36132,Plein jour,En agglomération,Hors intersection,Normale,Autre collision,,,,,,,,,,,1,2,1,1,6
201500014766,0015-05-27 09:10:00,15,5,27,9,10,130,55,"109, CLOT BEY (AVENUE)",43.25808,5.38351,Plein jour,En agglomération,Hors intersection,Normale,Sans collision,,,,,,,,,,,1,2,1,1,7
201500014767,0015-07-16 16:30:00,15,7,16,16,30,130,55,"71, PEINTRES ROUX (AVENU",43.30721,5.46848,Plein jour,En agglomération,Hors intersection,Normale,Deux véhicules - côté,,,,,,,,,,,1,2,1,1,3
201500014768,0015-07-16 22:45:00,15,7,16,22,45,130,55,"12, PARIS (BOULEVARD DE)",43.30579,5.37251,Nuit avec éclairage allumé,En agglomération,Hors intersection,Normale,Autre collision,,,,,,,,,,,5,2,1,1,6
201500014769,0015-07-17 00:30:00,15,7,17,0,30,130,55,"35, CROIX ROUGE (AVENUE)",43.33104,5.43177,Nuit avec éclairage allumé,En agglomération,Hors intersection,Normale,Deux véhicules - frontale,,,,,,,,,,,5,2,1,1,1
201500014770,0015-07-16 16:00:00,15,7,16,16,0,130,106,"39, 8 MAI 1945 (AVENUE D",43.38715,5.35929,Plein jour,En agglomération,Hors intersection,Normale,Deux véhicules - côté,,,,,,,,,,,1,2,1,1,3
201500014771,0015-07-17 08:45:00,15,7,17,8,45,130,55,"17, CAMILLE PELLETAN (AV",43.30316,5.374,Plein jour,En agglomération,Hors intersection,Normale,Trois véhicules et plus - collisions multiples,,,,,,,,,,,1,2,1,1,5
201500014772,0015-07-17 14:00:00,15,7,17,14,0,130,55,"118, SAINT LOUIS ***",43.34687,5.35916,Plein jour,En agglomération,Hors intersection,Normale,Deux véhicules - arrière,,,,,,,,,,,1,2,1,1,2
201500014773,0015-07-17 02:00:00,15,7,17,2,0,130,55,"39, POMPIDOU (PROMENADE)",43.2657,5.37307,Nuit avec éclairage allumé,En agglomération,Hors intersection,Normale,Autre collision,,,,,,,,,,,5,2,1,1,6
201500014774,0015-07-17 23:45:00,15,7,17,23,45,130,55,"519, LITTORAL (CHEMIN DU",43.35452,5.33356,Nuit avec éclairage allumé,En agglomération,Hors intersection,Normale,Autre collision,,,,,,,,,,,5,2,1,1,6
201500014775,0015-07-16 17:30:00,15,7,16,17,30,130,55,"00, SAINT MENET (AVENUE",43.23716,5.50325,Plein jour,En agglomération,Hors intersection,Normale,Deux véhicules - arrière,,,,,,,,,,,1,2,1,1,2
201500014776,0015-07-18 10:00:00,15,7,18,10,0,130,55,"4, ARMENY (RUE D')",43.29097,5.38006,Plein jour,En agglomération,Hors intersection,Normale,Autre collision,,,,,,,,,,,1,2,1,1,6
201500014777,0015-07-17 19:30:00,15,7,17,19,30,130,55,"399, CORNICHE KENNEDY",43.26893,5.36846,Plein jour,En agglomération,Hors intersection,Normale,Deux véhicules - côté,,,,,,,,,,,1,2,1,1,3
201500014778,0015-07-18 12:35:00,15,7,18,12,35,130,55,JEAN MOULIN (BOULEVA,43.29007,5.39984,Plein jour,En agglomération,Intersection en X,Normale,Deux véhicules - côté,,,,,,,,,,,1,2,2,1,3
201500014779,0015-07-19 07:00:00,15,7,19,7,0,130,2,"1032,*7 RMENT DE TIRAILL",43.33837,5.46712,Plein jour,En agglomération,Hors intersection,Normale,Deux véhicules - côté,,,,,,,,,,,1,2,1,1,3
201500014780,0015-07-19 04:34:00,15,7,19,4,34,130,55,"1, VALDONNE (AVENUE DE)",43.32766,5.41845,Nuit avec éclairage allumé,En agglomération,Giratoire,Normale,Autre collision,,,,,,,,,,,5,2,6,1,6
201500014781,0015-07-19 23:10:00,15,7,19,23,10,130,55,"78, JULES CANTINI (AVENU",43.28236,5.39019,Nuit avec éclairage allumé,En agglomération,Hors intersection,Normale,Deux véhicules - arrière,,,,,,,,,,,5,2,1,1,2
201500014782,0015-07-19 23:30:00,15,7,19,23,30,130,55,"102, LIEUTAUD (COURS)",43.29085,5.3832,Nuit avec éclairage allumé,En agglomération,Hors intersection,Normale,Autre collision,,,,,,,,,,,5,2,1,1,6
201500014783,0015-07-20 00:25:00,15,7,20,0,25,130,55,"50, 24 AVRIL 15 (AVENUE",43.30784,5.42967,Nuit sans éclairage public,En agglomération,Hors intersection,Normale,Deux véhicules - arrière,,,,,,,,,,,3,2,1,1,2
201500014784,0015-07-19 19:30:00,15,7,19,19,30,130,55,"113, ENCO DE BOT (ROUTE)",43.31954,5.47046,Plein jour,Hors agglomération,Hors intersection,Normale,Deux véhicules - frontale,,,,,,,,,,,1,1,1,1,1
201500014785,0015-06-25 15:15:00,15,6,25,15,15,130,55,24 Rue d'Italie,43.28958,5.38239,Plein jour,En agglomération,Intersection en X,Normale,Deux véhicules - côté,,,,,,,,,,,1,2,2,1,3
201500014786,0015-07-15 03:30:00,15,7,15,3,30,130,55,"327, CORNICHE KENNEDY",43.2703,5.36443,Nuit avec éclairage allumé,En agglomération,Hors intersection,Normale,Autre collision,,,,,,,,,,,5,2,1,1,6
201500014787,0015-07-13 17:50:00,15,7,13,17,50,130,55,"01, SAINT PIERRE (RUE)",43.29397,5.38668,Plein jour,En agglomération,Hors intersection,Normale,Autre collision,,,,,,,,,,,1,2,1,1,6
201500014788,0015-07-21 17:00:00,15,7,21,17,0,130,55,1-7 Av. de la  VISTE,43.36559,5.35681,Plein jour,En agglomération,Hors intersection,Normale,Deux véhicules - côté,,,,,,,,,,,1,2,1,1,3
201500014789,0015-07-21 19:05:00,15,7,21,19,5,130,55,"66, MAURIAC (RUE)",43.27455,5.41826,Plein jour,En agglomération,Hors intersection,Normale,Deux véhicules - frontale,,,,,,,,,,,1,2,1,1,1
201500014790,0015-07-20 15:40:00,15,7,20,15,40,130,55,ARNAVON (AVENUE),43.33098,5.37978,Plein jour,En agglomération,Hors intersection,Normale,Deux véhicules - arrière,,,,,,,,,,,1,2,1,1,2
201500014791,0015-07-21 17:22:00,15,7,21,17,22,130,106,"255, 8 MAI 1945 (AVENUE",43.28784,5.46515,Plein jour,En agglomération,Hors intersection,Normale,Autre collision,,,,,,,,,,,1,2,1,1,6
201500014792,0015-06-12 09:30:00,15,6,12,9,30,130,55,"75, FRANCOISE DUPARC (BO",43.30473,5.40086,Plein jour,En agglomération,Hors intersection,Normale,Deux véhicules - arrière,,,,,,,,,,,1,2,1,1,2
201500014793,0015-07-21 16:00:00,15,7,21,16,0,130,55,"100, SAINT JEROME (AVENU",43.33367,5.4202,Plein jour,En agglomération,Intersection en T,Normale,Deux véhicules - frontale,,,,,,,,,,,1,2,3,1,1
201500014794,0015-07-22 15:15:00,15,7,22,15,15,130,55,CHEMIN DU MERLAN A LA RO,43.33112,5.40618,Plein jour,En agglomération,Intersection en T,Normale,Deux véhicules - côté,,,,,,,,,,,1,2,3,1,3
201500014795,0015-07-22 16:20:00,15,7,22,16,20,130,55,"114, LOUBON (RUE)",43.31281,5.38351,Plein jour,En agglomération,Hors intersection,Normale,Deux véhicules - arrière,,,,,,,,,,,1,2,1,1,2
201500014796,0015-07-22 14:15:00,15,7,22,14,15,130,55,MENDES FRANCE (AVENUE),,,Plein jour,Hors agglomération,Hors intersection,Normale,Deux véhicules - arrière,,,,,,,,,,,1,1,1,1,2
201500014797,0015-07-16 19:15:00,15,7,16,19,15,130,55,GARDIANS (RUE),43.33353,5.39628,Plein jour,En agglomération,Intersection en T,Normale,Deux véhicules - frontale,,,,,,,,,,,1,2,3,1,1
201500014798,0015-03-13 07:20:00,15,3,13,7,20,130,55,"83, BD DE STRASBOURG",43.30903,5.3784,Plein jour,En agglomération,Intersection en X,Normale,Autre collision,,,,,,,,,,,1,2,2,1,6
201500014799,0015-07-22 17:20:00,15,7,22,17,20,130,55,"43, TURCAT MERY ALLÉE (A",43.28104,5.38913,Plein jour,En agglomération,Hors intersection,Normale,Autre collision,,,,,,,,,,,1,2,1,1,6
201500014800,0015-03-01 23:30:00,15,3,1,23,30,130,55,"60, AVE DE LA CROIX ROUG",43.33182,5.43399,Nuit avec éclairage allumé,Hors agglomération,Hors intersection,Pluie légère,Autre collision,,,,,,,,,,,5,1,1,2,6
201500014801,0015-07-22 17:45:00,15,7,22,17,45,130,55,"68, JOLIETTE (RUE DE LA)",43.30291,5.36982,Plein jour,En agglomération,Intersection en T,Normale,Deux véhicules - côté,,,,,,,,,,,1,2,3,1,3
201500014802,0015-07-22 19:45:00,15,7,22,19,45,130,55,MADRAGUE VILLE (RUE),43.32243,5.36426,Plein jour,En agglomération,Hors intersection,Normale,Autre collision,,,,,,,,,,,1,2,1,1,6
201500014803,0015-07-23 15:50:00,15,7,23,15,50,130,55,"29, PONT DE VIVAUX (BOUL",43.2798,5.41835,Plein jour,En agglomération,Intersection en T,Normale,Deux véhicules - côté,,,,,,,,,,,1,2,3,1,3
201500014804,0015-07-23 16:00:00,15,7,23,16,0,130,55,"109, CHARLES KADDOUZ (RU",43.31312,5.43117,Plein jour,En agglomération,Hors intersection,Normale,Deux véhicules - côté,,,,,,,,,,,1,2,1,1,3
201500014805,0015-07-23 23:00:00,15,7,23,23,0,130,55,"00, ANTHOINE (RUE D')",43.31646,5.3684,Nuit avec éclairage allumé,En agglomération,Intersection en X,Normale,Deux véhicules - côté,,,,,,,,,,,5,2,2,1,3
201500014806,0015-07-24 09:30:00,15,7,24,9,30,130,55,"57, JEAN MERMOZ (RUE)",43.27562,5.38679,Plein jour,En agglomération,Hors intersection,Normale,Deux véhicules - arrière,,,,,,,,,,,1,2,1,1,2
201500014807,0015-07-17 13:15:00,15,7,17,13,15,130,55,"467, LITTORAL (CHEMIN DU",43.35264,5.33797,Plein jour,En agglomération,Hors intersection,Normale,Sans collision,,,,,,,,,,,1,2,1,1,7
201500014808,0015-07-24 21:35:00,15,7,24,21,35,130,55,"322, ROMAIN ROLLAND (BOU",43.27133,5.40911,Nuit avec éclairage allumé,En agglomération,Hors intersection,Normale,Deux véhicules - arrière,,,,,,,,,,,5,2,1,1,2
201500014809,0015-06-12 21:50:00,15,6,12,21,50,130,55,"26, RIVE NEUVE (QUAI)",43.29294,5.36922,Crépuscule ou aube,En agglomération,Hors intersection,Pluie légère,Deux véhicules - côté,,,,,,,,,,,2,2,1,2,3
201500014810,0015-07-24 13:40:00,15,7,24,13,40,130,55,JOLIETTE (PLACE DE LA),43.30476,5.36582,Plein jour,En agglomération,Hors intersection,Normale,Autre collision,,,,,,,,,,,1,2,1,1,6
201500014811,0015-07-14 11:30:00,15,7,14,11,30,130,55,"77, PLOMBIERES (BOULEVAR",43.31608,5.38402,Plein jour,En agglomération,Intersection en T,Normale,Deux véhicules - côté,,,,,,,,,,,1,2,3,1,3
201500014812,0015-07-13 11:36:00,15,7,13,11,36,130,55,"20, DÉSIRÉ BIANCO (AVENU",43.28737,5.42519,Plein jour,En agglomération,Hors intersection,Normale,Deux véhicules - frontale,,,,,,,,,,,1,2,1,1,1
201500014813,0015-01-21 15:45:00,15,1,21,15,45,130,55,"01, RUE SERY",43.31366,5.38812,Plein jour,En agglomération,Hors intersection,Normale,Autre collision,,,,,,,,,,,1,2,1,1,6
201500014814,0015-07-19 20:00:00,15,7,19,20,0,130,55,RAMPE SAINT MAURICE,43.29102,5.36349,Plein jour,En agglomération,Hors intersection,Normale,Autre collision,,,,,,,,,,,1,2,1,1,6
201500014815,0015-07-25 22:00:00,15,7,25,22,0,130,55,"143, CAPELETTE (AVENUE D",43.28112,5.40602,Nuit avec éclairage allumé,Hors agglomération,Intersection en X,Normale,Deux véhicules - frontale,,,,,,,,,,,5,1,2,1,1
201500014816,0015-07-25 08:15:00,15,7,25,8,15,130,55,"441, PRADO (AVENUE)",43.26674,5.38271,Plein jour,En agglomération,Intersection en X,Normale,Deux véhicules - côté,,,,,,,,,,,1,2,2,1,3
201500014817,0015-07-26 06:25:00,15,7,26,6,25,130,55,"86, SAINTE MARGUERITE (B",43.26828,5.40606,Crépuscule ou aube,En agglomération,Intersection en Y,Normale,Autre collision,,,,,,,,,,,2,2,4,1,6
201500014818,0015-07-26 10:55:00,15,7,26,10,55,130,55,"1, CAMOINS (AVENUE DES)",43.3074,5.50876,Plein jour,Hors agglomération,Hors intersection,Normale,Deux véhicules - arrière,,,,,,,,,,,1,1,1,1,2
201500014819,0015-07-26 14:50:00,15,7,26,14,50,130,55,"350, PRADO (AVENUE)",43.2711,5.38878,Plein jour,En agglomération,Hors intersection,Normale,Trois véhicules et plus - en chaîne,,,,,,,,,,,1,2,1,1,4
201500014820,0015-07-26 01:40:00,15,7,26,1,40,130,55,LÉON LACHAMP (ROUTE),43.24887,5.45249,Nuit sans éclairage public,Hors agglomération,Hors intersection,Normale,Sans collision,,,,,,,,,,,3,1,1,1,7
201500014821,0015-07-26 03:30:00,15,7,26,3,30,130,55,"00, FRANÇOISE DUPARC (BO",43.30943,5.40281,Nuit avec éclairage allumé,En agglomération,Intersection en X,Normale,Deux véhicules - côté,,,,,,,,,,,5,2,2,1,3
201500014822,0015-07-26 02:25:00,15,7,26,2,25,130,55,"24, NEUVE SAINT (RUE)",43.29284,5.36868,Nuit avec éclairage allumé,En agglomération,Intersection en X,Normale,Deux véhicules - côté,,,,,,,,,,,5,2,2,1,3
201500014823,0015-05-26 21:00:00,15,5,26,21,0,130,55,"4, PONT DE VIVAUX (BOULE",43.28152,5.426,Nuit avec éclairage allumé,En agglomération,Hors intersection,Normale,Autre collision,,,,,,,,,,,5,2,1,1,6
201500014824,0015-07-27 14:32:00,15,7,27,14,32,130,55,"231, MARÉCHAL DE LATTRE",43.24478,5.42663,Plein jour,En agglomération,Hors intersection,Normale,Deux véhicules - arrière,,,,,,,,,,,1,2,1,1,2
201500014825,0015-07-27 15:30:00,15,7,27,15,30,130,55,LAVANDIN (AVENUE),43.33978,5.42628,Plein jour,En agglomération,Hors intersection,Normale,Sans collision,,,,,,,,,,,1,2,1,1,7
201500014826,0015-02-20 17:00:00,15,2,20,17,0,130,55,"204, AVE DES CHARTREUX",43.31149,5.40115,Plein jour,En agglomération,Hors intersection,Normale,Autre collision,,,,,,,,,,,1,2,1,1,6
201500014827,0015-07-27 17:25:00,15,7,27,17,25,130,55,"17, SOUDE (AVENUE DE LA)",43.24484,5.39943,Plein jour,En agglomération,Hors intersection,Normale,Trois véhicules et plus - collisions multiples,,,,,,,,,,,1,2,1,1,5
201500014828,0015-03-15 14:15:00,15,3,15,14,15,130,55,"26, RUE DU PROGRES",43.29711,5.39143,Plein jour,En agglomération,Intersection en X,Normale,Autre collision,,,,,,,,,,,1,2,2,1,6
201500014829,0015-07-27 23:25:00,15,7,27,23,25,130,55,"6, OCTROI (PLACE GARE DE",43.28153,5.42578,Nuit avec éclairage allumé,En agglomération,Hors intersection,Normale,Autre collision,,,,,,,,,,,5,2,1,1,6
201500014830,0015-06-28 06:00:00,15,6,28,6,0,130,55,CARGO RHIN FIDELI (RUE),,,Plein jour,En agglomération,Hors intersection,Normale,Deux véhicules - arrière,,,,,,,,,,,1,2,1,1,2
201500014831,0015-07-27 09:15:00,15,7,27,9,15,130,55,"18, SABLIERE (ROUTE DE L",43.29231,5.47938,Plein jour,En agglomération,Hors intersection,Normale,Autre collision,,,,,,,,,,,1,2,1,1,6
201500014832,0015-07-28 07:20:00,15,7,28,7,20,130,55,"21, ORANGE (RUE D')",43.3128,5.38627,Plein jour,En agglomération,Hors intersection,Normale,Autre collision,,,,,,,,,,,1,2,1,1,6
201500014833,0015-07-27 15:45:00,15,7,27,15,45,130,55,DÉSIRÉ BIANCO (AVENUE),43.28676,5.42527,Plein jour,En agglomération,Hors intersection,Normale,Deux véhicules - côté,,,,,,,,,,,1,2,1,1,3
201500014834,0015-07-28 13:42:00,15,7,28,13,42,130,55,"35, SCHLOESING (BOULEVAR",43.27409,5.40018,Plein jour,Hors agglomération,Hors intersection,Normale,Deux véhicules - arrière,,,,,,,,,,,1,1,1,1,2
201500014835,0015-07-27 14:30:00,15,7,27,14,30,130,55,"70, CANEBIERE     70 A F",43.29763,5.38113,Plein jour,En agglomération,Hors intersection,Normale,Deux véhicules - côté,,,,,,,,,,,1,2,1,1,3
201500014836,0015-07-28 16:15:00,15,7,28,16,15,130,55,"187, MENDES FRANCE (AVEN",43.25231,5.37581,Plein jour,En agglomération,Hors intersection,Normale,Deux véhicules - arrière,,,,,,,,,,,1,2,1,1,2
201500014837,0015-07-28 17:45:00,15,7,28,17,45,130,55,"77B, VISTE (AVENUE DE*LA",43.35767,5.35746,Plein jour,En agglomération,Hors intersection,Normale,Deux véhicules - arrière,,,,,,,,,,,1,2,1,1,2
201500014838,0015-07-27 21:20:00,15,7,27,21,20,130,55,"24, LAZARET (QUAI DU)",43.31023,5.36707,Plein jour,En agglomération,Hors intersection,Normale,Deux véhicules - arrière,,,,,,,,,,,1,2,1,1,2
201500014839,0015-07-28 23:00:00,15,7,28,23,0,130,55,"47, RIVE NEUVE (QUAI)",43.29235,5.36616,Nuit avec éclairage allumé,En agglomération,Hors intersection,Normale,Deux véhicules - côté,,,,,,,,,,,5,2,1,1,3
201500014840,0015-07-28 22:50:00,15,7,28,22,50,130,55,"263, SAINT MARCEL (BOULE",43.28631,5.47008,Nuit avec éclairage allumé,En agglomération,Intersection en T,Normale,Deux véhicules - côté,,,,,,,,,,,5,2,3,1,3
201500014841,0015-07-28 20:00:00,15,7,28,20,0,130,55,"24, PLOMBIERES (BOULEVAR",43.31523,5.38687,Crépuscule ou aube,En agglomération,Hors intersection,Normale,Autre collision,,,,,,,,,,,2,2,1,1,6
201500014842,0015-07-28 15:00:00,15,7,28,15,0,130,55,"00, BELGES (QUAI DES)",,,Plein jour,En agglomération,Hors intersection,Normale,Trois véhicules et plus - en chaîne,,,,,,,,,,,1,2,1,1,4
201500014843,0015-07-28 18:50:00,15,7,28,18,50,130,55,"83, MENDES FRANCE (AVENU",43.26034,5.37536,Plein jour,En agglomération,Hors intersection,Normale,Deux véhicules - frontale,,,,,,,,,,,1,2,1,1,1
201500014844,0015-07-29 12:00:00,15,7,29,12,0,130,55,"373, PARADIS *RUE)",43.27688,5.38376,Plein jour,En agglomération,Hors intersection,Normale,Autre collision,,,,,,,,,,,1,2,1,1,6
201500014845,0015-06-06 22:30:00,15,6,6,22,30,130,55,"00, JULES CANTINI (AVENU",43.28371,5.38782,Nuit avec éclairage allumé,En agglomération,Intersection en X,Normale,Deux véhicules - côté,,,,,,,,,,,5,2,2,1,3
201500014846,0015-07-29 23:45:00,15,7,29,23,45,130,55,"30, SCHLOESING (BOULEVAR",43.27324,5.40056,Nuit avec éclairage allumé,En agglomération,Hors intersection,Normale,Deux véhicules - arrière,,,,,,,,,,,5,2,1,1,2
201500014847,0015-07-30 06:45:00,15,7,30,6,45,130,2,"18, CLEMENT, JULES BARTH",43.33268,5.46388,Plein jour,En agglomération,Intersection en T,Normale,Deux véhicules - côté,,,,,,,,,,,1,2,3,1,3
201500014848,0015-07-30 07:45:00,15,7,30,7,45,130,55,SAINT JULIEN ***,43.30525,5.41685,Plein jour,En agglomération,Hors intersection,Normale,Deux véhicules - frontale,,,,,,,,,,,1,2,1,1,1
201500014849,0015-07-25 09:00:00,15,7,25,9,0,130,2,863 JEAN GIONO (AVENUE),43.33257,5.4839,Plein jour,En agglomération,Hors intersection,Normale,Deux véhicules - côté,,,,,,,,,,,1,2,1,1,3
201500014850,0015-07-30 18:30:00,15,7,30,18,30,130,55,LOUBON (RUE),43.31285,5.38284,Plein jour,En agglomération,Hors intersection,Normale,Autre collision,,,,,,,,,,,1,2,1,1,6
201500014851,0015-07-30 20:15:00,15,7,30,20,15,130,55,"20, OLIVES (AVENUE DES)",43.32931,5.43055,Plein jour,En agglomération,Hors intersection,Normale,Deux véhicules - côté,,,,,,,,,,,1,2,1,1,3
201500014852,0015-07-30 22:40:00,15,7,30,22,40,130,55,"60, CAPITAINE GEZE (BOUL",43.33145,5.37512,Nuit sans éclairage public,En agglomération,Hors intersection,Normale,Trois véhicules et plus - collisions multiples,,,,,,,,,,,3,2,1,1,5
201500014853,0015-07-31 00:57:00,15,7,31,0,57,130,55,"113, CANEBIERE ***",43.29813,5.38256,Nuit avec éclairage allumé,En agglomération,Hors intersection,Normale,Sans collision,,,,,,,,,,,5,2,1,1,7
201500014854,0015-07-29 19:30:00,15,7,29,19,30,130,55,"84, MONTE CRISTO (RUE)",43.29958,5.39635,Plein jour,Hors agglomération,Hors intersection,Normale,Deux véhicules - côté,,,,,,,,,,,1,1,1,1,3
201500014855,0015-07-30 17:00:00,15,7,30,17,0,130,55,"03, PIERRE DRAVET (RUE)",43.29021,5.39869,Plein jour,En agglomération,Hors intersection,Normale,Autre collision,,,,,,,,,,,1,2,1,1,6
201500014856,0015-07-30 12:20:00,15,7,30,12,20,130,55,BARQUIERE (AVENUE DE LA),43.24553,5.39816,Plein jour,En agglomération,Intersection en T,Normale,Deux véhicules - côté,,,,,,,,,,,1,2,3,1,3
201500014857,0015-07-31 09:00:00,15,7,31,9,0,130,55,114 PRADO (ROND-POINT),43.27262,5.39104,Plein jour,En agglomération,Hors intersection,Normale,Deux véhicules - arrière,,,,,,,,,,,1,2,1,1,2
201500014858,0015-01-22 08:00:00,15,1,22,8,0,130,55,"01, AVE DES CAILLOLS",43.30405,5.42474,Plein jour,En agglomération,Hors intersection,Normale,Autre collision,,,,,,,,,,,1,2,1,1,6
201500014859,0015-07-31 16:30:00,15,7,31,16,30,130,55,"114, SAINT MARCEL (BOULE",43.28841,5.46262,Plein jour,En agglomération,Hors intersection,Normale,Autre collision,,,,,,,,,,,1,2,1,1,6
201500014860,0015-07-31 20:00:00,15,7,31,20,0,130,55,EISSERO (RUE DE L'),43.35656,5.36001,Plein jour,En agglomération,Hors intersection,Normale,Sans collision,,,,,,,,,,,1,2,1,1,7
201500014861,0015-07-31 18:23:00,15,7,31,18,23,130,55,"177, MENDES FRANCE (AVEN",43.25393,5.37617,Plein jour,En agglomération,Hors intersection,Normale,Deux véhicules - frontale,,,,,,,,,,,1,2,1,1,1
201500014862,0015-07-31 23:15:00,15,7,31,23,15,130,55,"562, PRADO (AVENUE)",43.26393,5.37759,Nuit avec éclairage allumé,En agglomération,Hors intersection,Normale,Autre collision,,,,,,,,,,,5,2,1,1,6
201500014863,0015-08-01 00:30:00,15,8,1,0,30,130,55,"01, RIVE NEUVE (QUAI DE)",43.294,5.37376,Nuit avec éclairage allumé,En agglomération,Hors intersection,Pluie légère,Autre collision,,,,,,,,,,,5,2,1,2,6
201500014864,0015-08-01 19:10:00,15,8,1,19,10,130,55,CHUTES LAVIE (AVENUE),43.3135,5.39701,Plein jour,En agglomération,Giratoire,Normale,Deux véhicules - arrière,,,,,,,,,,,1,2,6,1,2
201500014865,0015-08-01 22:30:00,15,8,1,22,30,130,55,11 SCHLOESING (BOULEVA,43.27619,5.39951,Nuit avec éclairage allumé,En agglomération,Hors intersection,Normale,Autre collision,,,,,,,,,,,5,2,1,1,6
201500014866,0015-08-01 22:48:00,15,8,1,22,48,130,55,"724, LITTORAL (CHEMIN DU",43.3583,5.31883,Nuit avec éclairage allumé,En agglomération,Hors intersection,Normale,Deux véhicules - arrière,,,,,,,,,,,5,2,1,1,2
201500014867,0015-08-01 23:45:00,15,8,1,23,45,130,55,"155, VISTE (AVENUE DE LA",43.36235,5.35726,Nuit avec éclairage allumé,En agglomération,Hors intersection,Normale,Deux véhicules - côté,,,,,,,,,,,5,2,1,1,3
201500014868,0015-07-19 15:40:00,15,7,19,15,40,130,55,"10, ATHENES (BOULEVARD D",43.2997,5.3808,Plein jour,En agglomération,Intersection en X,Normale,Deux véhicules - frontale,,,,,,,,,,,1,2,2,1,1
201500014869,0015-08-02 13:20:00,15,8,2,13,20,130,55,"11, LYON (RUE DE)",43.32327,5.36762,Plein jour,En agglomération,Autre intersection,Normale,Autre collision,,,,,,,,,,,1,2,9,1,6
201500014870,0015-08-02 14:10:00,15,8,2,14,10,130,55,"375, PRADO (AVENUE)",43.2693,5.38633,Plein jour,En agglomération,Hors intersection,Normale,Autre collision,,,,,,,,,,,1,2,1,1,6
201500014871,0015-08-02 12:15:00,15,8,2,12,15,130,55,"61, ROGER CHIEUSSE (BOUL",43.36292,5.31649,Plein jour,En agglomération,Intersection en Y,Normale,Autre collision,,,,,,,,,,,1,2,4,1,6
201500014872,0015-07-28 03:57:00,15,7,28,3,57,130,55,"0, AUGUSTIN AUBERT (RUE)",43.26655,5.40289,Nuit avec éclairage allumé,En agglomération,Hors intersection,Normale,Autre collision,,,,,,,,,,,5,2,1,1,6
201500014873,0015-08-02 21:20:00,15,8,2,21,20,130,55,"1, ROMAIN ROLLAND (BOULE",43.28036,5.42614,Nuit avec éclairage allumé,En agglomération,Hors intersection,Normale,Deux véhicules - côté,,,,,,,,,,,5,2,1,1,3
201500014874,0015-07-28 09:30:00,15,7,28,9,30,130,55,"108, ALEX. FLEMING (BOUL",43.31653,5.39695,Plein jour,En agglomération,Hors intersection,Normale,Deux véhicules - arrière,,,,,,,,,,,1,2,1,1,2
201500014875,0015-07-21 04:40:00,15,7,21,4,40,130,55,"95, SAKAKINI (BOULEVARD)",43.29375,5.40134,Nuit avec éclairage allumé,En agglomération,Intersection en X,Normale,Deux véhicules - frontale,,,,,,,,,,,5,2,2,1,1