accident_id,datetime,annee,mois,jour,heure,minute,departement,commune_insee,adresse,latitude,longitude,luminosite,agglomeration,intersection,meteo,collision,nb_vehicules,nb_usagers,nb_indemnes,nb_tues,nb_blesses_hosp,nb_blesses_legers,age_cond_1,age_cond_2,veh_type_cond_1,veh_type_cond_2,lum_code,agg_code,int_code,atm_code,col_code
201500014876,0015-08-03 08:50:00,15,8,3,8,50,130,55,"2, PONT DE VIVAUX (BOUL",43.28161,5.42704,Plein jour,En agglomération,Intersection en X,Normale,Deux véhicules - côté,,,,,,,,,,,1,2,2,1,3
201500014877,0015-08-03 13:50:00,15,8,3,13,50,130,55,"21, ALEX. FLEMING (BOULE",43.31521,5.40285,Plein jour,En agglomération,Hors intersection,Normale,Autre collision,,,,,,,,,,,1,2,1,1,6
201500014878,0015-08-03 21:10:00,15,8,3,21,10,130,55,"153, MARÉCHAL JUIN",43.31009,5.40313,Crépuscule ou aube,En agglomération,Hors intersection,Normale,Deux véhicules - côté,,,,,,,,,,,2,2,1,1,3
201500014879,0015-08-03 20:30:00,15,8,3,20,30,130,55,"91, CHEMIN DU MERLAN A L",43.33064,5.4112,Plein jour,En agglomération,Hors intersection,Normale,Autre collision,,,,,,,,,,,1,2,1,1,6
201500014880,0015-08-03 19:00:00,15,8,3,19,0,130,55,"40, LIBERTE (BOULEVARD D",43.30135,5.38332,Plein jour,Hors agglomération,Hors intersection,Normale,Trois véhicules et plus - en chaîne,,,,,,,,,,,1,1,1,1,4
201500014881,0015-07-30 17:10:00,15,7,30,17,10,130,55,"1, PALAMA (CHEMIN DE)",43.35203,5.43753,Plein jour,En agglomération,Intersection en T,Normale,Deux véhicules - côté,,,,,,,,,,,1,2,3,1,3
201500014882,0015-07-31 09:30:00,15,7,31,9,30,130,55,"247, MADRAGUE VILLE (RUE",43.33322,5.35856,Plein jour,En agglomération,Hors intersection,Normale,Deux véhicules - côté,,,,,,,,,,,1,2,1,1,3
201500014883,0015-08-04 18:30:00,15,8,4,18,30,130,55,"127, RABELAIS (RUE)",43.35921,5.33278,Plein jour,En agglomération,Intersection en X,Normale,Autre collision,,,,,,,,,,,1,2,2,1,6
201500014884,0015-08-04 22:25:00,15,8,4,22,25,130,55,PIERRE PUGET (COURS),43.29041,5.37577,Nuit avec éclairage allumé,En agglomération,Intersection en X,Normale,Deux véhicules - côté,,,,,,,,,,,5,2,2,1,3
201500014885,0015-08-04 22:00:00,15,8,4,22,0,130,55,"34/36, MAURIAC (RUE)",43.27662,5.41694,Nuit avec éclairage allumé,En agglomération,Hors intersection,Normale,Deux véhicules - arrière,,,,,,,,,,,5,2,1,1,2
201500014886,0015-03-03 15:30:00,15,3,3,15,30,130,55,"252, BD BAILLE",43.2898,5.39824,Plein jour,En agglomération,Hors intersection,Normale,Autre collision,,,,,,,,,,,1,2,1,1,6
201500014887,0015-08-04 21:45:00,15,8,4,21,45,130,55,"130, MORGIOU (CHEMIN DE)",43.23966,5.40736,Nuit avec éclairage allumé,En agglomération,Hors intersection,Normale,Autre collision,,,,,,,,,,,5,2,1,1,6
201500014888,0015-08-05 05:45:00,15,8,5,5,45,130,55,FLORIAN ( ROND POINT),43.28568,5.42509,Crépuscule ou aube,En agglomération,Giratoire,Normale,Autre collision,,,,,,,,,,,2,2,6,1,6
201500014889,0015-08-04 15:20:00,15,8,4,15,20,130,55,"19, DELPHES (AVENUE DE)",43.28422,5.38796,Plein jour,En agglomération,Hors intersection,Normale,Deux véhicules - côté,,,,,,,,,,,1,2,1,1,3
201500014890,0015-08-04 16:45:00,15,8,4,16,45,130,55,"29, TOUSSAINT (RUE)",43.31389,5.38304,Plein jour,En agglomération,Hors intersection,Normale,Deux véhicules - côté,,,,,,,,,,,1,2,1,1,3
201500014891,0015-08-06 14:00:00,15,8,6,14,0,130,55,"151, ESTAQUE PLAGE",43.36199,5.30888,Plein jour,En agglomération,Hors intersection,Normale,Autre collision,,,,,,,,,,,1,2,1,1,6
201500014892,0015-08-06 16:15:00,15,8,6,16,15,130,55,"391, ROMAIN ROLLAND (BOU",43.27036,5.40693,Plein jour,En agglomération,Hors intersection,Normale,Sans collision,,,,,,,,,,,1,2,1,1,7
201500014893,0015-08-06 16:15:00,15,8,6,16,15,130,55,"1, JEAN CRISTOFOL (RUE)",43.30992,5.37974,Plein jour,En agglomération,Hors intersection,Normale,Autre collision,,,,,,,,,,,1,2,1,1,6
201500014894,0015-08-06 20:50:00,15,8,6,20,50,130,55,"61, SAINT JUST (AVENUE D",43.31713,5.40501,Nuit avec éclairage allumé,En agglomération,Hors intersection,Normale,Autre collision,,,,,,,,,,,5,2,1,1,6
201500014895,0015-02-17 08:45:00,15,2,17,8,45,130,55,"15, VON FUTUR COLLEGE ST",,,Plein jour,En agglomération,Hors intersection,Pluie forte,Deux véhicules - frontale,,,,,,,,,,,1,2,1,3,1
201500014896,0015-08-06 23:45:00,15,8,6,23,45,130,55,"77, PLOMBIERES (BOULEVAR",43.31608,5.38401,Nuit avec éclairage allumé,En agglomération,Intersection en T,Normale,Deux véhicules - côté,,,,,,,,,,,5,2,3,1,3
201500014897,0015-08-05 19:30:00,15,8,5,19,30,130,55,"25, LACEPEDE (RUE)",43.30513,5.39881,Plein jour,En agglomération,Hors intersection,Normale,Autre collision,,,,,,,,,,,1,2,1,1,6
201500014898,0015-08-07 07:20:00,15,8,7,7,20,130,55,"66, REPUBLIQUE (RUE DE L",43.30126,5.37016,Plein jour,En agglomération,Hors intersection,Normale,Sans collision,,,,,,,,,,,1,2,1,1,7
201500014899,0015-08-06 19:30:00,15,8,6,19,30,130,55,"26, VERTUS (RUE DES)",43.29098,5.39212,Plein jour,En agglomération,Intersection en X,Normale,Deux véhicules - arrière,,,,,,,,,,,1,2,2,1,2
201500014900,0015-08-01 18:30:00,15,8,1,18,30,130,55,SABLIERE (ROUTE DE LA),,,Plein jour,En agglomération,Hors intersection,Normale,Autre collision,,,,,,,,,,,1,2,1,1,6
201500014901,0015-08-07 10:45:00,15,8,7,10,45,130,55,"185, MONTOLIVET (AVENUE",43.31234,5.41149,Plein jour,En agglomération,Intersection en T,Normale,Deux véhicules - côté,,,,,,,,,,,1,2,3,1,3
201500014902,0015-08-07 12:10:00,15,8,7,12,10,130,55,ANTOINE MAILLE (RUE),43.2855,5.39421,Plein jour,Hors agglomération,Hors intersection,Normale,Deux véhicules - côté,,,,,,,,,,,1,1,1,1,3
201500014903,0015-08-07 12:00:00,15,8,7,12,0,130,55,"00, PRADO (ROND-POINT)",43.27271,5.39118,Plein jour,En agglomération,Hors intersection,Normale,Deux véhicules - côté,,,,,,,,,,,1,2,1,1,3
201500014904,0015-08-03 09:30:00,15,8,3,9,30,130,55,"37, CAILLOLS (AVENUE DES",43.30381,5.42636,Plein jour,En agglomération,Hors intersection,Normale,Deux véhicules - arrière,,,,,,,,,,,1,2,1,1,2
201500014905,0015-08-07 22:15:00,15,8,7,22,15,130,55,"00, VOLTAIRE    PAIRS (B",43.30242,5.38384,Nuit avec éclairage allumé,En agglomération,Hors intersection,Normale,Deux véhicules - côté,,,,,,,,,,,5,2,1,1,3
201500014906,0015-08-07 20:30:00,15,8,7,20,30,130,55,"2, LA FOURRAGERE (AVENUE",43.29993,5.43095,Plein jour,En agglomération,Hors intersection,Normale,Autre collision,,,,,,,,,,,1,2,1,1,6
201500014907,0015-06-25 12:55:00,15,6,25,12,55,130,55,"64, HAIFA (AVENUE)",43.25203,5.39097,Plein jour,En agglomération,Giratoire,Normale,Autre collision,,,,,,,,,,,1,2,6,1,6
201500014908,0015-08-08 09:00:00,15,8,8,9,0,130,55,"21, MAZARGUES (AVENUE DE",43.26909,5.38841,Plein jour,En agglomération,Intersection en T,Normale,Autre collision,,,,,,,,,,,1,2,3,1,6
201500014909,0015-08-08 19:10:00,15,8,8,19,10,130,55,ROMAIN ROLLAND (BOULEVAR,43.274,5.41438,Plein jour,En agglomération,Hors intersection,Normale,Autre collision,,,,,,,,,,,1,2,1,1,6
201500014910,0015-08-09 00:15:00,15,8,9,0,15,130,55,"375, PRADO (AVENUE)",43.2693,5.38634,Nuit avec éclairage allumé,En agglomération,Hors intersection,Normale,Deux véhicules - côté,,,,,,,,,,,5,2,1,1,3
201500014911,0015-08-09 03:00:00,15,8,9,3,0,130,55,"249, LÉON LACHAMP (ROUTE",43.24655,5.45508,Nuit sans éclairage public,Hors agglomération,Hors intersection,Normale,Sans collision,,,,,,,,,,,3,1,1,1,7
201500014912,0015-07-21 09:15:00,15,7,21,9,15,130,55,"06, DELPHES (AVENUE DE)",43.28503,5.38813,Plein jour,En agglomération,Hors intersection,Normale,Deux véhicules - côté,,,,,,,,,,,1,2,1,1,3
201500014913,0015-08-09 11:50:00,15,8,9,11,50,130,55,"162, COMMANDERIE (CHEMIN",43.34636,5.36159,Plein jour,En agglomération,Hors intersection,Normale,Autre collision,,,,,,,,,,,1,2,1,1,6
201500014914,0015-08-09 18:50:00,15,8,9,18,50,130,55,"432, MICHELET (BOULEVARD",43.253,5.40205,Crépuscule ou aube,En agglomération,Intersection en T,Normale,Autre collision,,,,,,,,,,,2,2,3,1,6
201500014915,0015-08-10 07:20:00,15,8,10,7,20,130,55,PARIS (BOULEVARD DE),43.30989,5.37019,Plein jour,En agglomération,Intersection en T,Normale,Deux véhicules - côté,,,,,,,,,,,1,2,3,1,3
201500014916,0015-08-10 11:05:00,15,8,10,11,5,130,55,"40, BORROMEES ***",43.30056,5.43421,Plein jour,En agglomération,Hors intersection,Normale,Autre collision,,,,,,,,,,,1,2,1,1,6
201500014917,0015-08-06 10:30:00,15,8,6,10,30,130,55,"68, SAINTE (RUE)",43.29171,5.37183,Plein jour,En agglomération,Intersection en X,Normale,Deux véhicules - côté,,,,,,,,,,,1,2,2,1,3
201500014918,0015-08-10 16:00:00,15,8,10,16,0,130,55,"219, CHATEAU GOMBERT CHE",43.34578,5.42482,Plein jour,En agglomération,Intersection en T,Normale,Deux véhicules - côté,,,,,,,,,,,1,2,3,1,3
201500014919,0015-08-06 07:15:00,15,8,6,7,15,130,55,"1, CARGO RHIN FIDELI (RU",43.32735,5.35533,Plein jour,En agglomération,Hors intersection,Normale,Deux véhicules - côté,,,,,,,,,,,1,2,1,1,3
201500014920,0015-08-10 21:20:00,15,8,10,21,20,130,55,"3, DUGOMMIER (BOULEVARD)",43.29791,5.38095,Nuit avec éclairage allumé,En agglomération,Hors intersection,Normale,Deux véhicules - arrière,,,,,,,,,,,5,2,1,1,2
201500014921,0015-08-11 00:50:00,15,8,11,0,50,130,55,153 MARÉCHAL JUIN 153,43.30944,5.40289,Nuit avec éclairage allumé,En agglomération,Hors intersection,Normale,Autre collision,,,,,,,,,,,5,2,1,1,6
201500014922,0015-08-10 22:30:00,15,8,10,22,30,130,55,"11, FALQUE (RUE)",43.28444,5.38314,Nuit avec éclairage allumé,En agglomération,Intersection en T,Normale,Deux véhicules - côté,,,,,,,,,,,5,2,3,1,3
201500014923,0015-08-10 23:05:00,15,8,10,23,5,130,55,BONNIOT (BOULEVARD),43.31515,5.44739,Nuit avec éclairage allumé,En agglomération,Intersection en X,Normale,Deux véhicules - côté,,,,,,,,,,,5,2,2,1,3
201500014924,0015-08-04 11:15:00,15,8,4,11,15,130,55,"44, LÉO LAGRANGE (RUE)",43.32788,5.37777,Plein jour,En agglomération,Hors intersection,Normale,Autre collision,,,,,,,,,,,1,2,1,1,6
201500014925,0015-08-11 12:00:00,15,8,11,12,0,130,55,"450, LYON (RUE DE)",43.34094,5.36077,Plein jour,En agglomération,Hors intersection,Normale,Autre collision,,,,,,,,,,,1,2,1,1,6
201500014926,0015-08-11 11:25:00,15,8,11,11,25,130,106,"17, NELSON MANDELA (AVEN",43.40973,5.3689,Plein jour,En agglomération,Hors intersection,Normale,Sans collision,,,,,,,,,,,1,2,1,1,7
201500014927,0015-08-10 19:10:00,15,8,10,19,10,130,55,"141, ESTAQUE PLAGE",43.3599,5.31,Plein jour,En agglomération,Hors intersection,Normale,Deux véhicules - arrière,,,,,,,,,,,1,2,1,1,2
201500014928,0015-08-11 14:30:00,15,8,11,14,30,130,55,"32, MONTAIGNE (RUE)",43.30435,5.41413,Plein jour,En agglomération,Intersection en Y,Normale,Deux véhicules - côté,,,,,,,,,,,1,2,4,1,3
201500014929,0015-07-19 01:20:00,15,7,19,1,20,130,55,"213, CHAVE (BOULEVARD)",43.29583,5.39986,Nuit avec éclairage allumé,En agglomération,Hors intersection,Normale,Autre collision,,,,,,,,,,,5,2,1,1,6
201500014930,0015-08-01 01:00:00,15,8,1,1,0,130,55,"1, CHUTES LAVI (AVENUE)",43.30834,5.39647,Nuit avec éclairage allumé,En agglomération,Giratoire,Normale,Sans collision,,,,,,,,,,,5,2,6,1,7
201500014931,0015-08-11 22:50:00,15,8,11,22,50,130,55,"00, SCHLOESING (BOULEVAR",43.27631,5.39947,Nuit avec éclairage allumé,En agglomération,Hors intersection,Normale,Deux véhicules - côté,,,,,,,,,,,5,2,1,1,3
201500014932,0015-03-12 08:30:00,15,3,12,8,30,130,55,"16, ALL LEON GAMBETTA",43.2991,5.38187,Plein jour,En agglomération,Hors intersection,Normale,Autre collision,,,,,,,,,,,1,2,1,1,6
201500014933,0015-08-12 01:45:00,15,8,12,1,45,130,55,"132, PRADO**",43.27942,5.38775,Nuit avec éclairage allumé,En agglomération,Hors intersection,Normale,Sans collision,,,,,,,,,,,5,2,1,1,7
201500014934,0015-08-04 20:00:00,15,8,4,20,0,130,55,"1, BELSUNCE (COURS)",43.29906,5.3757,Plein jour,En agglomération,Hors intersection,Normale,Autre collision,,,,,,,,,,,1,2,1,1,6
201500014935,0015-08-07 10:30:00,15,8,7,10,30,130,55,"1, ROMAIN ROLLAND (BOULE",43.28098,5.42696,Plein jour,En agglomération,Hors intersection,Normale,Deux véhicules - côté,,,,,,,,,,,1,2,1,1,3
201500014936,0015-08-11 11:00:00,15,8,11,11,0,130,55,"418, MICHELET *BOULEVARD",43.25338,5.40169,Plein jour,En agglomération,Hors intersection,Normale,Deux véhicules - côté,,,,,,,,,,,1,2,1,1,3
201500014937,0015-07-31 16:00:00,15,7,31,16,0,130,55,"14, SAINT SAENS (RUE)",43.29386,5.37549,Plein jour,En agglomération,Hors intersection,Normale,Deux véhicules - côté,,,,,,,,,,,1,2,1,1,3
201500014938,0015-08-12 20:15:00,15,8,12,20,15,130,55,TOPAZE (RUE),43.33487,5.40995,Plein jour,En agglomération,Hors intersection,Normale,Deux véhicules - côté,,,,,,,,,,,1,2,1,1,3
201500014939,0015-08-12 20:45:00,15,8,12,20,45,130,55,"505, PRADO (AVENUE)",43.26551,5.38044,Crépuscule ou aube,En agglomération,Hors intersection,Normale,Autre collision,,,,,,,,,,,2,2,1,1,6
201500014940,0015-08-04 19:15:00,15,8,4,19,15,130,55,"9, SALVADOR ALLENDE (RUE",43.35668,5.48625,Plein jour,En agglomération,Hors intersection,Normale,Deux véhicules - côté,,,,,,,,,,,1,2,1,1,3
201500014941,0015-08-13 11:00:00,15,8,13,11,0,130,55,"00, RODOCANACHI (BOULEVA",,,Plein jour,En agglomération,Autre intersection,Normale,Autre collision,,,,,,,,,,,1,2,9,1,6
201500014942,0015-07-02 18:40:00,15,7,2,18,40,130,55,"33, ROLAND DORGELES (BOU",43.34722,5.37839,Plein jour,En agglomération,Hors intersection,Normale,Autre collision,,,,,,,,,,,1,2,1,1,6
201500014943,0015-08-07 16:30:00,15,8,7,16,30,130,75,FRÉDÉRIC CHEVILLON,43.34747,5.46375,Plein jour,En agglomération,Intersection en X,Normale,Deux véhicules - côté,,,,,,,,,,,1,2,2,1,3
201500014944,0015-08-13 04:00:00,15,8,13,4,0,130,55,347  CORNICHE KENNEDY,43.27175,5.36268,Nuit avec éclairage allumé,En agglomération,Hors intersection,Normale,Autre collision,,,,,,,,,,,5,2,1,1,6
201500014945,0015-08-14 00:05:00,15,8,14,0,5,130,55,LITTORAL (CHEMIN DU),43.3487,5.34313,Nuit avec éclairage allumé,En agglomération,Hors intersection,Normale,Deux véhicules - côté,,,,,,,,,,,5,2,1,1,3
201500014946,0015-08-14 08:20:00,15,8,14,8,20,130,55,"2, DANIEL CASANOVA (BOUL",43.32089,5.37475,Plein jour,En agglomération,Hors intersection,Normale,Deux véhicules - arrière,,,,,,,,,,,1,2,1,1,2
201500014947,0015-08-14 12:00:00,15,8,14,12,0,130,55,"93, SAKAKINI (BOULEVARD)",43.29412,5.40159,Plein jour,En agglomération,Hors intersection,Normale,Autre collision,,,,,,,,,,,1,2,1,1,6
201500014948,0015-08-05 10:15:00,15,8,5,10,15,130,55,"5, VINCENT ANDREU (AVENU",43.28815,5.45053,Plein jour,En agglomération,Intersection en T,Normale,Autre collision,,,,,,,,,,,1,2,3,1,6
201500014949,0015-08-14 14:15:00,15,8,14,14,15,130,55,"2, JOSEPH AIGUIER (CHEMI",43.2594,5.40256,Plein jour,En agglomération,Hors intersection,Normale,Autre collision,,,,,,,,,,,1,2,1,1,6
201500014950,0015-08-14 14:20:00,15,8,14,14,20,130,55,"114, ROMAIN ROLLAND (BOU",43.27769,5.42063,Plein jour,En agglomération,Hors intersection,Normale,Autre collision,,,,,,,,,,,1,2,1,1,6
201500014951,0015-08-14 22:15:00,15,8,14,22,15,130,55,"68, CAPITAINE GEZE (BOUL",43.33146,5.37556,Nuit avec éclairage allumé,En agglomération,Hors intersection,Normale,Deux véhicules - frontale,,,,,,,,,,,5,2,1,1,1
201500014952,0015-08-15 04:15:00,15,8,15,4,15,130,55,"36, PRADO (AVENUE DU)",43.28384,5.38458,Nuit avec éclairage allumé,Hors agglomération,Hors intersection,Normale,Deux véhicules - frontale,,,,,,,,,,,5,1,1,1,1
201500014953,0015-08-15 05:30:00,15,8,15,5,30,130,55,"150, VALBARELLE (BOULEVA",43.28835,5.45158,Crépuscule ou aube,En agglomération,Hors intersection,Normale,Autre collision,,,,,,,,,,,2,2,1,1,6
201500014954,0015-08-16 01:30:00,15,8,16,1,30,130,55,"19, GÉNÉRAL LECLERC (RUE",43.30443,5.37608,Nuit avec éclairage allumé,En agglomération,Intersection en X,Normale,Deux véhicules - côté,,,,,,,,,,,5,2,2,1,3
201500014955,0015-08-16 07:10:00,15,8,16,7,10,130,2,JEAN GIONO (AVENUE),43.33246,5.48409,Plein jour,En agglomération,Hors intersection,Normale,Autre collision,,,,,,,,,,,1,2,1,1,6
201500014956,0015-08-15 17:00:00,15,8,15,17,0,130,55,"581, PRADO (AVENUE)",43.26248,5.37573,Plein jour,En agglomération,Hors intersection,Normale,Deux véhicules - côté,,,,,,,,,,,1,2,1,1,3
201500014957,0015-08-10 05:45:00,15,8,10,5,45,130,55,"338, SAINT PIERRE (RUE)",43.29178,5.40773,Nuit avec éclairage allumé,En agglomération,Hors intersection,Normale,Deux véhicules - arrière,,,,,,,,,,,5,2,1,1,2
201500014958,0015-08-11 12:10:00,15,8,11,12,10,130,55,"00, PARADIS (RUE)",43.28425,5.38029,Plein jour,En agglomération,Intersection en X,Normale,Deux véhicules - frontale,,,,,,,,,,,1,2,2,1,1
201500014959,0015-08-16 04:30:00,15,8,16,4,30,130,55,"56, BUTRIS (TRAVERSE DES",43.29915,5.4536,Crépuscule ou aube,En agglomération,Hors intersection,Normale,Deux véhicules - côté,,,,,,,,,,,2,2,1,1,3
201500014960,0015-08-16 07:40:00,15,8,16,7,40,130,55,"00, CROIX ROUGE (AVENUE)",43.33508,5.44535,Plein jour,En agglomération,Hors intersection,Normale,Sans collision,,,,,,,,,,,1,2,1,1,7
201500014961,0015-08-16 10:05:00,15,8,16,10,5,130,55,"1, FRANKLIN ROOSEVELT (C",43.29912,5.38558,Plein jour,En agglomération,Hors intersection,Normale,Deux véhicules - frontale,,,,,,,,,,,1,2,1,1,1
201500014962,0015-08-16 13:00:00,15,8,16,13,0,130,55,"62, ANTOINE DEL BELLO (R",43.28193,5.4119,Plein jour,En agglomération,Hors intersection,Normale,Deux véhicules - côté,,,,,,,,,,,1,2,1,1,3
201500014963,0015-08-16 04:45:00,15,8,16,4,45,130,55,"18, COLBERT (RUE)    IMP",43.29926,5.37412,Nuit avec éclairage allumé,En agglomération,Intersection en X,Normale,Deux véhicules - côté,,,,,,,,,,,5,2,2,1,3
201500014964,0015-03-11 12:20:00,15,3,11,12,20,130,55,"34, BD DU CAPITAINE GEZE",43.33025,5.37006,Plein jour,En agglomération,Hors intersection,Normale,Deux véhicules - frontale,,,,,,,,,,,1,2,1,1,1
201500014965,0015-08-11 07:45:00,15,8,11,7,45,130,55,CAMAS (RUE DU),43.29887,5.39129,Plein jour,En agglomération,Intersection en X,Normale,Deux véhicules - frontale,,,,,,,,,,,1,2,2,1,1
201500014966,0015-08-17 08:00:00,15,8,17,8,0,130,55,", ALEX. FLEMING (BOULE",43.31651,5.39639,Plein jour,En agglomération,Hors intersection,Normale,Trois véhicules et plus - collisions multiples,,,,,,,,,,,1,2,1,1,5
201500014967,0015-07-29 17:00:00,15,7,29,17,0,130,55,"66, LIEUTAUD (COURS)",43.29253,5.38259,Plein jour,En agglomération,Autre intersection,Normale,Deux véhicules - arrière,,,,,,,,,,,1,2,9,1,2
201500014968,0015-08-17 09:50:00,15,8,17,9,50,130,55,"23, JOLIETTE (QUAI DE LA",43.30479,5.36536,Plein jour,En agglomération,Intersection en T,Normale,Deux véhicules - côté,,,,,,,,,,,1,2,3,1,3
201500014969,0015-08-17 12:30:00,15,8,17,12,30,130,55,"66, SAINT MARCEL (BOULEV",43.28877,5.45962,Plein jour,En agglomération,Hors intersection,Normale,Autre collision,,,,,,,,,,,1,2,1,1,6
201500014970,0015-08-17 20:24:00,15,8,17,20,24,130,55,PRADO (ROND-POINT),43.27268,5.39152,Crépuscule ou aube,En agglomération,Hors intersection,Normale,Deux véhicules - côté,,,,,,,,,,,2,2,1,1,3
201500014971,0015-08-17 22:15:00,15,8,17,22,15,130,55,"2, MIRABEAU (BOULEVARD)",43.31453,5.37052,Nuit avec éclairage allumé,En agglomération,Intersection en X,Normale,Deux véhicules - côté,,,,,,,,,,,5,2,2,1,3
201500014972,0015-08-17 22:00:00,15,8,17,22,0,130,55,"10, BOISERAIE (RUE)",43.29847,5.42128,Nuit avec éclairage non allumé,En agglomération,Hors intersection,Normale,Autre collision,,,,,,,,,,,4,2,1,1,6
201500014973,0015-08-12 20:00:00,15,8,12,20,0,130,55,72-76 ROUET,43.28228,5.38833,Plein jour,En agglomération,Hors intersection,Normale,Deux véhicules - frontale,,,,,,,,,,,1,2,1,1,1
201500014974,0015-08-15 00:30:00,15,8,15,0,30,130,55,"156, PLOMBIERES (BOULEVA",43.31831,5.38008,Nuit avec éclairage allumé,En agglomération,Hors intersection,Normale,Deux véhicules - arrière,,,,,,,,,,,5,2,1,1,2
201500014975,0015-08-17 10:55:00,15,8,17,10,55,130,55,116 LIEUTAUD (COURS),43.28973,5.38376,Plein jour,En agglomération,Hors intersection,Normale,Deux véhicules - côté,,,,,,,,,,,1,2,1,1,3
201500014976,0015-08-07 15:25:00,15,8,7,15,25,130,55,"56, VOLTAIRE    PAIRS (B",43.30309,5.38519,Plein jour,En agglomération,Hors intersection,Normale,Sans collision,,,,,,,,,,,1,2,1,1,7
201500014977,0015-08-19 14:15:00,15,8,19,14,15,130,55,"130, MADRAGUE VILLE (RUE",43.32696,5.3606,Plein jour,En agglomération,Hors intersection,Normale,Deux véhicules - arrière,,,,,,,,,,,1,2,1,1,2
201500014978,0015-08-19 21:20:00,15,8,19,21,20,130,55,"1, MONTAIGNE (RUE)",43.30431,5.41438,Nuit avec éclairage allumé,En agglomération,Hors intersection,Normale,Deux véhicules - côté,,,,,,,,,,,5,2,1,1,3
201500014979,0015-08-20 01:08:00,15,8,20,1,8,130,55,"45, BRETEUIL (RUE)",43.29042,5.37577,Nuit avec éclairage allumé,En agglomération,Intersection en T,Normale,Autre collision,,,,,,,,,,,5,2,3,1,6
201500014980,0015-07-27 08:30:00,15,7,27,8,30,130,55,"10, SAKAKINI (BOULEVARD)",43.29509,5.40063,Plein jour,En agglomération,Hors intersection,Normale,Autre collision,,,,,,,,,,,1,2,1,1,6
201500014981,0015-08-19 18:00:00,15,8,19,18,0,130,55,"64, ALL DE LA GRANDE BAS",43.29661,5.43814,Plein jour,En agglomération,Hors intersection,Normale,Deux véhicules - frontale,,,,,,,,,,,1,2,1,1,1
201500014982,0015-08-20 13:50:00,15,8,20,13,50,130,55,33-3 LAROUSSE (BOULEVARD,43.33046,5.37824,Plein jour,En agglomération,Hors intersection,Normale,Sans collision,,,,,,,,,,,1,2,1,1,7
201500014983,0015-08-20 19:20:00,15,8,20,19,20,130,55,"58, CAPELETTE (AVENUE DE",43.28235,5.40494,Plein jour,En agglomération,Hors intersection,Normale,Autre collision,,,,,,,,,,,1,2,1,1,6
201500014984,0015-08-17 07:50:00,15,8,17,7,50,130,55,"81, PRADO (AVENUE DU)",43.28179,5.38641,Plein jour,En agglomération,Hors intersection,Normale,Deux véhicules - arrière,,,,,,,,,,,1,2,1,1,2
201500014985,0015-08-21 23:20:00,15,8,21,23,20,130,55,"1, ARNAVAUX (AVENUE DES)",43.33252,5.38079,Nuit avec éclairage allumé,En agglomération,Hors intersection,Normale,Deux véhicules - arrière,,,,,,,,,,,5,2,1,1,2
201500014986,0015-08-21 23:55:00,15,8,21,23,55,130,55,"1, MILLIERE (BOULEVARD",43.28349,5.49938,Nuit avec éclairage allumé,En agglomération,Intersection en T,Normale,Deux véhicules - côté,,,,,,,,,,,5,2,3,1,3
201500014987,0015-08-22 01:00:00,15,8,22,1,0,130,55,"337, CORNICHE KENNEDY",43.27346,5.36267,Nuit avec éclairage allumé,En agglomération,Hors intersection,Normale,Autre collision,,,,,,,,,,,5,2,1,1,6
201500014988,0015-08-21 17:35:00,15,8,21,17,35,130,55,"00, CORNICHE KENNEDY",43.27381,5.36234,Plein jour,En agglomération,Hors intersection,Normale,Deux véhicules - arrière,,,,,,,,,,,1,2,1,1,2
201500014989,0015-08-23 02:30:00,15,8,23,2,30,130,55,"101, MICHELET (BOULEVARD",43.26732,5.39399,Nuit avec éclairage allumé,En agglomération,Hors intersection,Normale,Deux véhicules - arrière,,,,,,,,,,,5,2,1,1,2
201500014990,0015-08-23 00:30:00,15,8,23,0,30,130,55,"9 TER, GAVOTTE (RUE DE L",43.37291,5.35522,Nuit avec éclairage allumé,En agglomération,Hors intersection,Normale,Autre collision,,,,,,,,,,,5,2,1,1,6
201500014991,0015-08-23 16:15:00,15,8,23,16,15,130,55,"6, ROGER BRUN ***",43.28665,5.39047,Plein jour,En agglomération,Hors intersection,Normale,Autre collision,,,,,,,,,,,1,2,1,1,6
201500014992,0015-08-22 12:10:00,15,8,22,12,10,130,55,ALEX. FLEMING (BOULEVARD,43.31656,5.39843,Plein jour,Hors agglomération,Hors intersection,Normale,Trois véhicules et plus - en chaîne,,,,,,,,,,,1,1,1,1,4
201500014993,0015-08-24 08:45:00,15,8,24,8,45,130,55,"139, MADRAGUE VILLE ****",43.3268,5.36071,Plein jour,En agglomération,Hors intersection,Normale,Deux véhicules - côté,,,,,,,,,,,1,2,1,1,3
201500014994,0015-08-24 21:40:00,15,8,24,21,40,130,55,"341, SAINT ANTOINE (AVEN",43.3797,5.35721,Nuit avec éclairage allumé,En agglomération,Hors intersection,Normale,Deux véhicules - côté,,,,,,,,,,,5,2,1,1,3
201500014995,0015-08-24 15:10:00,15,8,24,15,10,130,55,"15, JEAN MARTIN (RUE)",43.29381,5.40302,Plein jour,En agglomération,Intersection en T,Normale,Deux véhicules - côté,,,,,,,,,,,1,2,3,1,3
201500014996,0015-08-25 16:30:00,15,8,25,16,30,130,55,"55, CADE (TRAVERSE)",43.33764,5.39693,Plein jour,En agglomération,Hors intersection,Normale,Autre collision,,,,,,,,,,,1,2,1,1,6
201500014997,0015-08-25 13:20:00,15,8,25,13,20,130,55,"161, TOULON (AVENUE DE)",43.28488,5.39448,Plein jour,En agglomération,Hors intersection,Normale,Autre collision,,,,,,,,,,,1,2,1,1,6
201500014998,0015-08-25 20:40:00,15,8,25,20,40,130,55,"237, OLIVES (AVENUE DES)",43.32378,5.44472,Crépuscule ou aube,En agglomération,Hors intersection,Normale,Deux véhicules - côté,,,,,,,,,,,2,2,1,1,3