accident_id,datetime,annee,mois,jour,heure,minute,departement,commune_insee,adresse,latitude,longitude,luminosite,agglomeration,intersection,meteo,collision,nb_vehicules,nb_usagers,nb_indemnes,nb_tues,nb_blesses_hosp,nb_blesses_legers,age_cond_1,age_cond_2,veh_type_cond_1,veh_type_cond_2,lum_code,agg_code,int_code,atm_code,col_code
201500015121,0015-09-17 07:20:00,15,9,17,7,20,130,55,"52, PERIER (BOULEVARD)",43.27932,5.38409,Plein jour,En agglomération,Intersection en T,Normale,Deux véhicules - arrière,,,,,,,,,,,1,2,3,1,2
201500015122,0015-09-11 12:00:00,15,9,11,12,0,130,55,"40, RIVE NEUVE (QUAI)",43.29253,5.36697,Plein jour,En agglomération,Hors intersection,Normale,Deux véhicules - côté,,,,,,,,,,,1,2,1,1,3
201500015123,0015-09-17 11:30:00,15,9,17,11,30,130,55,"00, JEAN BOUIN (AVENUE)",43.2672,5.40316,Plein jour,En agglomération,Hors intersection,Pluie légère,Deux véhicules - arrière,,,,,,,,,,,1,2,1,2,2
201500015124,0015-09-14 08:10:00,15,9,14,8,10,130,75,"98, FREDERIC MISTRAL (AV",43.3511,5.47179,Plein jour,En agglomération,Intersection en T,Normale,Deux véhicules - côté,,,,,,,,,,,1,2,3,1,3
201500015125,0015-09-17 18:41:00,15,9,17,18,41,130,55,"26, ANDRE ZENATTI (AVENU",43.2469,5.38328,Plein jour,En agglomération,Hors intersection,Normale,Autre collision,,,,,,,,,,,1,2,1,1,6
201500015126,0015-08-01 18:50:00,15,8,1,18,50,130,55,"39, CORDERIE (BOULEVARD",43.28986,5.3663,Plein jour,En agglomération,Intersection en X,Normale,Autre collision,,,,,,,,,,,1,2,2,1,6
201500015127,0015-09-17 08:50:00,15,9,17,8,50,130,55,"15, BOURDET (MAURICE) (B",43.30308,5.37917,Plein jour,En agglomération,Hors intersection,Normale,Deux véhicules - côté,,,,,,,,,,,1,2,1,1,3
201500015128,0015-09-17 11:45:00,15,9,17,11,45,130,55,"00, FRAIS VALLON (AVENUE",43.32512,5.4234,Plein jour,En agglomération,Hors intersection,Normale,Deux véhicules - côté,,,,,,,,,,,1,2,1,1,3
201500015129,0015-09-18 04:40:00,15,9,18,4,40,130,55,"00, BOUYALA D'ARNAUD (BO",43.29626,5.44467,Nuit avec éclairage allumé,En agglomération,Hors intersection,Normale,Sans collision,,,,,,,,,,,5,2,1,1,7
201500015130,0015-09-18 07:50:00,15,9,18,7,50,130,55,"32, SCHLOESING (BOULEVAR",43.27133,5.40182,Plein jour,En agglomération,Hors intersection,Normale,Deux véhicules - arrière,,,,,,,,,,,1,2,1,1,2
201500015131,0015-09-18 09:00:00,15,9,18,9,0,130,55,"160, POILUS (AVENUE DES)",43.32181,5.4575,Plein jour,En agglomération,Hors intersection,Normale,Deux véhicules - côté,,,,,,,,,,,1,2,1,1,3
201500015132,0015-09-18 12:40:00,15,9,18,12,40,130,55,"22, ST MENET (CHEMIN)",43.28919,5.49657,Plein jour,En agglomération,Hors intersection,Normale,Trois véhicules et plus - collisions multiples,,,,,,,,,,,1,2,1,1,5
201500015133,0015-09-18 15:15:00,15,9,18,15,15,130,55,"192, ROUET (RUE DU)",43.27574,5.39552,Plein jour,En agglomération,Intersection en T,Normale,Deux véhicules - côté,,,,,,,,,,,1,2,3,1,3
201500015134,0015-01-24 13:00:00,15,1,24,13,0,130,55,"00, RUE ELEMIR BOURGES",,,Plein jour,En agglomération,Hors intersection,Normale,Autre collision,,,,,,,,,,,1,2,1,1,6
201500015135,0015-09-18 15:00:00,15,9,18,15,0,130,55,"1, MONTEE DES (RUE)",43.30546,5.41026,Plein jour,En agglomération,Hors intersection,Normale,Deux véhicules - côté,,,,,,,,,,,1,2,1,1,3
201500015136,0015-09-18 19:00:00,15,9,18,19,0,130,55,"85,*POMPIDOU (PROMENADE)",43.26329,5.374,Plein jour,En agglomération,Hors intersection,Normale,Deux véhicules - arrière,,,,,,,,,,,1,2,1,1,2
201500015137,0015-09-18 15:05:00,15,9,18,15,5,130,55,FRÉDÉRIC MISTRAL (AVENUE,43.3234,5.4493,Plein jour,En agglomération,Hors intersection,Normale,Deux véhicules - arrière,,,,,,,,,,,1,2,1,1,2
201500015138,0015-09-19 13:30:00,15,9,19,13,30,130,55,"01, STRASBOURG (PLACE)",43.30645,5.37348,Plein jour,En agglomération,Intersection en T,Normale,Autre collision,,,,,,,,,,,1,2,3,1,6
201500015139,0015-09-19 13:00:00,15,9,19,13,0,130,55,"103, CAPELETTE (AVENUE D",43.28188,5.40405,Plein jour,En agglomération,Hors intersection,Normale,Deux véhicules - côté,,,,,,,,,,,1,2,1,1,3
201500015140,0015-09-19 15:15:00,15,9,19,15,15,130,55,FORTUNÉ CHAILLAN (RUE),43.36037,5.3638,Plein jour,En agglomération,Intersection en X,Normale,Deux véhicules - côté,,,,,,,,,,,1,2,2,1,3
201500015141,0015-09-19 17:30:00,15,9,19,17,30,130,55,"02, DESAIX (RUE)",43.30863,5.37443,Plein jour,En agglomération,Hors intersection,Normale,Autre collision,,,,,,,,,,,1,2,1,1,6
201500015142,0015-09-19 22:10:00,15,9,19,22,10,130,55,"280, BARASSE",43.28382,5.49263,Nuit avec éclairage allumé,En agglomération,Hors intersection,Normale,Deux véhicules - côté,,,,,,,,,,,5,2,1,1,3
201500015143,0015-08-21 16:40:00,15,8,21,16,40,130,55,"63, JEAN MOULIN (BOULEVA",43.2855,5.39882,Plein jour,En agglomération,Hors intersection,Normale,Deux véhicules - arrière,,,,,,,,,,,1,2,1,1,2
201500015144,0015-09-08 13:40:00,15,9,8,13,40,130,55,"16, ROGER BRUN (RUE)",43.28657,5.39067,Plein jour,Hors agglomération,Hors intersection,Normale,Autre collision,,,,,,,,,,,1,1,1,1,6
201500015145,0015-09-20 19:50:00,15,9,20,19,50,130,55,"35, LA FOURRAGERE (AVENU",43.30168,5.43095,Crépuscule ou aube,En agglomération,Hors intersection,Normale,Deux véhicules - côté,,,,,,,,,,,2,2,1,1,3
201500015146,0015-09-21 10:30:00,15,9,21,10,30,130,55,ALBERT COHEN (RUE),43.36184,5.33676,Plein jour,En agglomération,Hors intersection,Normale,Deux véhicules - frontale,,,,,,,,,,,1,2,1,1,1
201500015147,0015-09-21 13:45:00,15,9,21,13,45,130,55,"93, RABATAU (BOULEVARD)",43.27657,5.39764,Plein jour,En agglomération,Hors intersection,Normale,Deux véhicules - côté,,,,,,,,,,,1,2,1,1,3
201500015148,0015-09-21 14:10:00,15,9,21,14,10,130,55,"36, ROUET (RUE DU)",43.28396,5.38586,Plein jour,En agglomération,Hors intersection,Normale,Autre collision,,,,,,,,,,,1,2,1,1,6
201500015149,0015-09-18 09:30:00,15,9,18,9,30,130,55,"9, ARMENY (RUE D')",43.29073,5.37904,Plein jour,En agglomération,Intersection en T,Normale,Deux véhicules - arrière,,,,,,,,,,,1,2,3,1,2
201500015150,0015-09-21 14:30:00,15,9,21,14,30,130,55,"293, ROMAIN ROLLAND (BOU",43.27261,5.41147,Plein jour,En agglomération,Hors intersection,Normale,Deux véhicules - frontale,,,,,,,,,,,1,2,1,1,1
201500015151,0015-09-21 18:40:00,15,9,21,18,40,130,55,"7, EMMANUEL EYDOUX (RUE)",43.36276,5.3354,Plein jour,En agglomération,Hors intersection,Normale,Deux véhicules - frontale,,,,,,,,,,,1,2,1,1,1
201500015152,0015-09-21 21:30:00,15,9,21,21,30,130,55,"20, LOUIS FRANGIN (RUE)",43.29436,5.40648,Nuit avec éclairage allumé,En agglomération,Hors intersection,Normale,Autre collision,,,,,,,,,,,5,2,1,1,6
201500015153,0015-09-21 07:15:00,15,9,21,7,15,130,55,"52, LIEUTAUD (COURS)",43.29347,5.3823,Plein jour,En agglomération,Intersection en T,Normale,Deux véhicules - côté,,,,,,,,,,,1,2,3,1,3
201500015154,0015-09-22 17:00:00,15,9,22,17,0,130,55,"00, LUMINY (AVENUE DE)",43.23559,5.43581,Plein jour,En agglomération,Hors intersection,Normale,Deux véhicules - côté,,,,,,,,,,,1,2,1,1,3
201500015155,0015-09-22 12:30:00,15,9,22,12,30,130,55,"205, ROUET (RUE DU)",43.27643,5.39451,Plein jour,En agglomération,Hors intersection,Normale,Autre collision,,,,,,,,,,,1,2,1,1,6
201500015156,0015-09-18 10:45:00,15,9,18,10,45,130,55,"70, FÉLIX PYAT (RUE)",43.31526,5.37481,Plein jour,En agglomération,Hors intersection,Normale,Deux véhicules - côté,,,,,,,,,,,1,2,1,1,3
201500015157,0015-08-17 17:00:00,15,8,17,17,0,130,55,"91, BAILLE (BOULEVARD)",43.2876,5.39006,Plein jour,En agglomération,Intersection en X,Normale,Autre collision,,,,,,,,,,,1,2,2,1,6
201500015158,0015-09-05 09:45:00,15,9,5,9,45,130,55,"15, REPUBLIQUE (RUE DE L",43.29789,5.37282,Plein jour,En agglomération,Hors intersection,Normale,Deux véhicules - arrière,,,,,,,,,,,1,2,1,1,2
201500015159,0015-09-22 14:40:00,15,9,22,14,40,130,55,"29, SABLIERE (ROUTE DE L",43.29231,5.47938,Plein jour,En agglomération,Hors intersection,Normale,Deux véhicules - côté,,,,,,,,,,,1,2,1,1,3
201500015160,0015-09-12 08:30:00,15,9,12,8,30,130,55,"0, CARGO RHIN FIDELI (RU",,,Plein jour,En agglomération,Hors intersection,Normale,Deux véhicules - arrière,,,,,,,,,,,1,2,1,1,2
201500015161,0015-09-22 18:00:00,15,9,22,18,0,130,55,"03, MICHELET (BOULEVARD)",43.27197,5.39165,Plein jour,En agglomération,Intersection en X,Normale,Trois véhicules et plus - collisions multiples,,,,,,,,,,,1,2,2,1,5
201500015162,0015-08-18 19:00:00,15,8,18,19,0,130,55,"47, ROGER SALENGRO ***",43.31187,5.37227,Plein jour,En agglomération,Hors intersection,Normale,Autre collision,,,,,,,,,,,1,2,1,1,6
201500015163,0015-09-18 02:20:00,15,9,18,2,20,130,55,"1, JEAN MOULIN (BOULEVAR",43.28973,5.40008,Nuit avec éclairage allumé,En agglomération,Hors intersection,Normale,Deux véhicules - arrière,,,,,,,,,,,5,2,1,1,2
201500015164,0015-09-22 17:10:00,15,9,22,17,10,130,55,"244, SAINT PIERRE (RUE)",43.29262,5.40129,Plein jour,En agglomération,Intersection en X,Normale,Deux véhicules - côté,,,,,,,,,,,1,2,2,1,3
201500015165,0015-09-22 18:05:00,15,9,22,18,5,130,55,"12, PAUL COXE (RUE)",43.34834,5.37611,Plein jour,En agglomération,Hors intersection,Normale,Autre collision,,,,,,,,,,,1,2,1,1,6
201500015166,0015-09-15 18:15:00,15,9,15,18,15,130,55,"9, SAKAKINI (BOULEVARD)",43.29865,5.40098,Crépuscule ou aube,En agglomération,Hors intersection,Normale,Deux véhicules - arrière,,,,,,,,,,,2,2,1,1,2
201500015167,0015-09-09 16:40:00,15,9,9,16,40,130,55,"13, PASTEUR (AVENUE)",43.29146,5.35902,Plein jour,En agglomération,Intersection en T,Normale,Deux véhicules - frontale,,,,,,,,,,,1,2,3,1,1
201500015168,0015-09-23 10:00:00,15,9,23,10,0,130,55,"16, CAMILLE PELLETAN (AV",43.30304,5.37407,Plein jour,En agglomération,Hors intersection,Normale,Autre collision,,,,,,,,,,,1,2,1,1,6
201500015169,0015-09-23 10:45:00,15,9,23,10,45,130,55,"37, MENDES FRANCE (AVENU",43.2577,5.37612,Plein jour,En agglomération,Hors intersection,Vent fort / tempête,Autre collision,,,,,,,,,,,1,2,1,6,6
201500015170,0015-09-23 09:40:00,15,9,23,9,40,130,55,"92, SAKAKINI (BOULEVARD)",43.29451,5.40139,Plein jour,En agglomération,Hors intersection,Normale,Deux véhicules - côté,,,,,,,,,,,1,2,1,1,3
201500015171,0015-09-14 10:05:00,15,9,14,10,5,130,55,"52, CAMILLE PELLETAN (AV",43.30418,5.37342,Plein jour,En agglomération,Hors intersection,Normale,Deux véhicules - arrière,,,,,,,,,,,1,2,1,1,2
201500015172,0015-09-23 11:25:00,15,9,23,11,25,130,55,"39, JEAN LOMBARD (AVENUE",43.28893,5.42908,Plein jour,En agglomération,Intersection en T,Normale,Deux véhicules - côté,,,,,,,,,,,1,2,3,1,3
201500015173,0015-09-23 15:00:00,15,9,23,15,0,130,55,"1, CAP PINEDE (Avenue)",43.3278,5.36245,Plein jour,Hors agglomération,Hors intersection,Normale,Deux véhicules - côté,,,,,,,,,,,1,1,1,1,3
201500015174,0015-09-06 12:30:00,15,9,6,12,30,130,55,"150, CAP PINEDE (Avenue)",43.32876,5.36587,Plein jour,En agglomération,Hors intersection,Normale,Sans collision,,,,,,,,,,,1,2,1,1,7
201500015175,0015-09-24 12:40:00,15,9,24,12,40,130,55,"145, LOUBON (RUE)",43.31308,5.38579,Plein jour,En agglomération,Intersection en Y,Normale,Deux véhicules - côté,,,,,,,,,,,1,2,4,1,3
201500015176,0015-09-24 14:00:00,15,9,24,14,0,130,55,"109, RABATAU (BOULEVARD)",43.27693,5.39811,Plein jour,En agglomération,Hors intersection,Normale,Deux véhicules - frontale,,,,,,,,,,,1,2,1,1,1
201500015177,0015-09-24 14:40:00,15,9,24,14,40,130,55,"458, SAINT ANTOINE (AVEN",43.38309,5.35828,Plein jour,En agglomération,Autre intersection,Normale,Deux véhicules - côté,,,,,,,,,,,1,2,9,1,3
201500015178,0015-09-24 21:35:00,15,9,24,21,35,130,55,104-106 Rue d'Italie,43.28659,5.38441,Nuit avec éclairage allumé,En agglomération,Hors intersection,Normale,Deux véhicules - frontale,,,,,,,,,,,5,2,1,1,1
201500015179,0015-09-25 00:10:00,15,9,25,0,10,130,55,"36, GARLABAN (AVENUE DE)",43.29884,5.42107,Nuit avec éclairage allumé,En agglomération,Intersection en T,Normale,Autre collision,,,,,,,,,,,5,2,3,1,6
201500015180,0015-09-23 14:15:00,15,9,23,14,15,130,55,"139, MIREILLE LAUZE (BOU",43.2835,5.41455,Plein jour,En agglomération,Hors intersection,Normale,Autre collision,,,,,,,,,,,1,2,1,1,6
201500015181,0015-09-23 18:05:00,15,9,23,18,5,130,55,"38, SAINTE (RUE)",43.29232,5.37451,Plein jour,En agglomération,Hors intersection,Normale,Autre collision,,,,,,,,,,,1,2,1,1,6
201500015182,0015-09-24 19:00:00,15,9,24,19,0,130,2,"00, AUBAGNENS (AVENUE DE",43.32739,5.48177,Plein jour,En agglomération,Hors intersection,Normale,Autre collision,,,,,,,,,,,1,2,1,1,6
201500015183,0015-08-27 11:45:00,15,8,27,11,45,130,55,"141, CORNICHE KENNEDY",43.28668,5.35164,Plein jour,En agglomération,Hors intersection,Normale,Autre collision,,,,,,,,,,,1,2,1,1,6
201500015184,0015-09-25 12:30:00,15,9,25,12,30,130,55,ROLAND DORGELES (BOULEVA,43.3481,5.37677,Plein jour,En agglomération,Hors intersection,Normale,Deux véhicules - arrière,,,,,,,,,,,1,2,1,1,2
201500015185,0015-09-25 13:15:00,15,9,25,13,15,130,55,PEYPIN (RUE DE),43.32634,5.42148,Plein jour,En agglomération,Hors intersection,Normale,Deux véhicules - côté,,,,,,,,,,,1,2,1,1,3
201500015186,0015-09-26 02:15:00,15,9,26,2,15,130,55,"212, CHAVE (BOULEVARD)",43.29566,5.39849,Nuit avec éclairage allumé,En agglomération,Hors intersection,Normale,Autre collision,,,,,,,,,,,5,2,1,1,6
201500015187,0015-09-25 11:50:00,15,9,25,11,50,130,55,22 ANDRE ZENATTI (AVENU,43.24685,5.38341,Plein jour,En agglomération,Hors intersection,Normale,Deux véhicules - arrière,,,,,,,,,,,1,2,1,1,2
201500015188,0015-08-21 10:00:00,15,8,21,10,0,130,55,"57-59, PARIS (BOULEVARD",43.308,5.37124,Plein jour,En agglomération,Hors intersection,Normale,Autre collision,,,,,,,,,,,1,2,1,1,6
201500015189,0015-09-23 14:20:00,15,9,23,14,20,130,55,"21, ITALIE (RUE D')",43.29016,5.38196,Plein jour,En agglomération,Intersection en X,Normale,Deux véhicules - côté,,,,,,,,,,,1,2,2,1,3
201500015190,0015-09-26 10:25:00,15,9,26,10,25,130,55,"17, REPUBLIQUE (RUE DE L",43.29775,5.37294,Plein jour,En agglomération,Autre intersection,Normale,Deux véhicules - côté,,,,,,,,,,,1,2,9,1,3
201500015191,0015-09-26 11:15:00,15,9,26,11,15,130,55,"280, MIREILLE LAUZE (BOU",43.28492,5.42169,Plein jour,En agglomération,Hors intersection,Normale,Deux véhicules - arrière,,,,,,,,,,,1,2,1,1,2
201500015192,0015-09-26 09:45:00,15,9,26,9,45,130,55,"56, FRANKLIN ROOSEVELT (",43.29891,5.38905,Plein jour,En agglomération,Intersection en X,Normale,Deux véhicules - frontale,,,,,,,,,,,1,2,2,1,1
201500015193,0015-09-26 14:30:00,15,9,26,14,30,130,55,"12, MILLIE MATHYS (AVENU",43.36524,5.34798,Plein jour,En agglomération,Hors intersection,Normale,Deux véhicules - côté,,,,,,,,,,,1,2,1,1,3
201500015194,0015-09-26 17:25:00,15,9,26,17,25,130,55,77 Avenue Alexandre Ansa,43.33068,5.40476,Plein jour,En agglomération,Intersection en Y,Normale,Deux véhicules - côté,,,,,,,,,,,1,2,4,1,3
201500015195,0015-09-26 16:00:00,15,9,26,16,0,130,55,323 MICHELET (BOULEVARD,43.25889,5.399,Plein jour,En agglomération,Intersection en X,Normale,Trois véhicules et plus - collisions multiples,,,,,,,,,,,1,2,2,1,5
201500015196,0015-09-27 05:00:00,15,9,27,5,0,130,55,Chde Saint-Antoine À Sai,43.34969,5.3752,Nuit avec éclairage allumé,En agglomération,Hors intersection,Normale,Sans collision,,,,,,,,,,,5,2,1,1,7
201500015197,0015-09-27 14:15:00,15,9,27,14,15,130,55,"23, JEAN JAURES (PLACE)",43.29568,5.38747,Plein jour,En agglomération,Hors intersection,Normale,Deux véhicules - côté,,,,,,,,,,,1,2,1,1,3
201500015198,0015-09-27 17:15:00,15,9,27,17,15,130,2,ALLAUCH A PICHAURIS (CHE,43.36524,5.54278,Plein jour,Hors agglomération,Hors intersection,Normale,Autre collision,,,,,,,,,,,1,1,1,1,6
201500015199,0015-09-27 19:55:00,15,9,27,19,55,130,55,"57, PASTEUR (AVENUE)",43.28902,5.35937,Crépuscule ou aube,En agglomération,Place,Normale,Autre collision,,,,,,,,,,,2,2,7,1,6
201500015200,0015-09-27 20:43:00,15,9,27,20,43,130,55,"13, SAINT JULIEN (AVENUE",43.30444,5.41455,Nuit avec éclairage allumé,En agglomération,Intersection en T,Normale,Deux véhicules - frontale,,,,,,,,,,,5,2,3,1,1
201500015201,0015-09-25 14:55:00,15,9,25,14,55,130,55,"42, JULES CANTINI (AVENU",43.28388,5.38744,Plein jour,En agglomération,Intersection en X,Normale,Autre collision,,,,,,,,,,,1,2,2,1,6
201500015202,0015-09-28 06:45:00,15,9,28,6,45,130,55,"000, MAZARGUES (ROND-POI",43.25086,5.40372,Crépuscule ou aube,En agglomération,Hors intersection,Temps couvert,Deux véhicules - côté,,,,,,,,,,,2,2,1,8,3
201500015203,0015-09-28 13:30:00,15,9,28,13,30,130,55,"39, PLOMBIERES (BOULEVAR",43.31543,5.38607,Plein jour,En agglomération,Hors intersection,Normale,Deux véhicules - côté,,,,,,,,,,,1,2,1,1,3
201500015204,0015-09-28 16:00:00,15,9,28,16,0,130,55,"111, SAINT JEROME (AVENU",43.33249,5.41976,Plein jour,En agglomération,Hors intersection,Normale,Autre collision,,,,,,,,,,,1,2,1,1,6
201500015205,0015-02-19 21:40:00,15,2,19,21,40,130,55,"108, BD LOUIS VILLECROZE",43.32161,5.39202,Nuit avec éclairage allumé,En agglomération,Hors intersection,Normale,Autre collision,,,,,,,,,,,5,2,1,1,6
201500015206,0015-09-28 15:50:00,15,9,28,15,50,130,55,"102, CONDORCET (RUE)",43.35773,5.33882,Plein jour,En agglomération,Hors intersection,Normale,Deux véhicules - côté,,,,,,,,,,,1,2,1,1,3
201500015207,0015-09-17 07:00:00,15,9,17,7,0,130,55,"125, ITALIE (RUE D')",43.29016,5.38326,Plein jour,En agglomération,Intersection en X,Normale,Deux véhicules - côté,,,,,,,,,,,1,2,2,1,3
201500015208,0015-09-28 14:20:00,15,9,28,14,20,130,55,ALBERT EINSTEIN (RUE),43.34512,5.44767,Plein jour,En agglomération,Intersection en T,Normale,Deux véhicules - côté,,,,,,,,,,,1,2,3,1,3
201500015209,0015-09-28 20:00:00,15,9,28,20,0,130,55,"00, REDON (BOULEVARD DU)",43.25108,5.42203,Nuit avec éclairage allumé,En agglomération,Hors intersection,Normale,Deux véhicules - côté,,,,,,,,,,,5,2,1,1,3
201500015210,0015-09-28 21:35:00,15,9,28,21,35,130,55,"155, MADRAGUE DE MONTRED",43.23414,5.35896,Nuit avec éclairage allumé,En agglomération,Hors intersection,Normale,Deux véhicules - arrière,,,,,,,,,,,5,2,1,1,2
201500015211,0015-02-09 21:00:00,15,2,9,21,0,130,55,"01, AVE DE LATTRE DE TAS",43.24549,5.41213,Nuit avec éclairage allumé,En agglomération,Intersection en T,Normale,Autre collision,,,,,,,,,,,5,2,3,1,6
201500015212,0015-09-28 15:45:00,15,9,28,15,45,130,75,6* JULES ROLLANDIN (BD),43.34817,5.46247,Plein jour,En agglomération,Hors intersection,Normale,Autre collision,,,,,,,,,,,1,2,1,1,6
201500015213,0015-09-28 17:50:00,15,9,28,17,50,130,55,"2, MERIMEE",43.32701,5.39583,Plein jour,En agglomération,Intersection en T,Normale,Deux véhicules - frontale,,,,,,,,,,,1,2,3,1,1
201500015214,0015-09-28 19:30:00,15,9,28,19,30,130,55,"282, MIREILLE LAUZE (BOU",43.28493,5.42211,Nuit avec éclairage allumé,En agglomération,Hors intersection,Temps couvert,Deux véhicules - côté,,,,,,,,,,,5,2,1,8,3
201500015215,0015-09-29 08:00:00,15,9,29,8,0,130,55,"210, CAILLOLS (AVENUE DE",43.30388,5.44032,Plein jour,En agglomération,Hors intersection,Normale,Deux véhicules - frontale,,,,,,,,,,,1,2,1,1,1
201500015216,0015-09-12 14:10:00,15,9,12,14,10,130,55,"39, BELGES (QUAI DES)",43.29432,5.3745,Plein jour,En agglomération,Intersection en T,Normale,Autre collision,,,,,,,,,,,1,2,3,1,6
201500015217,0015-09-25 12:00:00,15,9,25,12,0,130,55,"135, SAINTE MARTHE (CHEM",43.32556,5.38811,Plein jour,En agglomération,Hors intersection,Normale,Autre collision,,,,,,,,,,,1,2,1,1,6
201500015218,0015-09-29 18:00:00,15,9,29,18,0,130,55,"236, MORGIOU (CHEMIN DE)",43.23424,5.4117,Plein jour,En agglomération,Hors intersection,Normale,Deux véhicules - côté,,,,,,,,,,,1,2,1,1,3
201500015219,0015-09-29 20:40:00,15,9,29,20,40,130,55,NATIONALE (RUE),43.30541,5.38414,Nuit avec éclairage allumé,En agglomération,Hors intersection,Normale,Autre collision,,,,,,,,,,,5,2,1,1,6
201500015220,0015-09-28 15:40:00,15,9,28,15,40,130,55,"51, LE CHATELIER",43.34758,5.36316,Plein jour,En agglomération,Hors intersection,Normale,Trois véhicules et plus - en chaîne,,,,,,,,,,,1,2,1,1,4
201500015221,0015-09-28 18:00:00,15,9,28,18,0,130,2,"611, QUATRE SAISONS (ROU",43.32621,5.49131,Plein jour,Hors agglomération,Hors intersection,Temps couvert,Autre collision,,,,,,,,,,,1,1,1,8,6
201500015222,0015-09-29 10:45:00,15,9,29,10,45,130,55,"100, LIEUTAUD (COURS)",43.29401,5.38183,Plein jour,En agglomération,Passage à niveau,Normale,Autre collision,,,,,,,,,,,1,2,8,1,6
201500015223,0015-09-30 16:45:00,15,9,30,16,45,130,55,MICHELET (BOULEVARD),43.26143,5.39755,Plein jour,En agglomération,Hors intersection,Normale,Autre collision,,,,,,,,,,,1,2,1,1,6
201500015224,0015-10-01 17:15:00,15,10,1,17,15,130,55,"22, FLAMMARION (BOULEVAR",43.30415,5.3878,Plein jour,En agglomération,Hors intersection,Normale,Deux véhicules - frontale,,,,,,,,,,,1,2,1,1,1
201500015225,0015-09-29 16:30:00,15,9,29,16,30,130,55,"23, CAMAS (RUE DU)",43.29791,5.39311,Plein jour,En agglomération,Hors intersection,Normale,Autre collision,,,,,,,,,,,1,2,1,1,6
201500015226,0015-09-30 15:30:00,15,9,30,15,30,130,55,"29, PONT DE VIVAUX (BOUL",43.27975,5.41816,Plein jour,En agglomération,Hors intersection,Normale,Deux véhicules - côté,,,,,,,,,,,1,2,1,1,3
201500015227,0015-09-30 17:45:00,15,9,30,17,45,130,55,"82, VALBARELLE (BOULEVAR",43.28856,5.45281,Plein jour,En agglomération,Hors intersection,Normale,Deux véhicules - arrière,,,,,,,,,,,1,2,1,1,2
201500015228,0015-10-01 09:20:00,15,10,1,9,20,130,55,"60, RAYMOND TEISSERE (RU",43.27077,5.40051,Plein jour,En agglomération,Hors intersection,Normale,Deux véhicules - côté,,,,,,,,,,,1,2,1,1,3
201500015229,0015-10-01 13:40:00,15,10,1,13,40,130,55,"458, LYON (RUE DE)",43.34141,5.36043,Plein jour,En agglomération,Hors intersection,Normale,Deux véhicules - côté,,,,,,,,,,,1,2,1,1,3
201500015230,0015-10-01 14:45:00,15,10,1,14,45,130,55,"47, ROGER SALENGRO (AVEN",43.31184,5.3723,Plein jour,En agglomération,Hors intersection,Normale,Deux véhicules - côté,,,,,,,,,,,1,2,1,1,3
201500015231,0015-10-01 13:30:00,15,10,1,13,30,130,55,"77, REDON (BOULEVARD DU)",43.25503,5.42026,Plein jour,En agglomération,Hors intersection,Normale,Deux véhicules - côté,,,,,,,,,,,1,2,1,1,3
201500015232,0015-10-01 14:00:00,15,10,1,14,0,130,55,"85, CAPELETTE (AVENUE DE",43.28229,5.40308,Plein jour,En agglomération,Intersection en T,Normale,Deux véhicules - côté,,,,,,,,,,,1,2,3,1,3
201500015233,0015-10-02 06:35:00,15,10,2,6,35,130,55,"4, SAINT ANTOINE (CHEMIN",43.34973,5.37509,Nuit avec éclairage allumé,Hors agglomération,Hors intersection,Normale,Autre collision,,,,,,,,,,,5,1,1,1,6
201500015234,0015-09-26 09:50:00,15,9,26,9,50,130,55,"98, ROME (RUE DE)",43.29118,5.38079,Plein jour,En agglomération,Intersection en X,Normale,Deux véhicules - côté,,,,,,,,,,,1,2,2,1,3
201500015235,0015-10-02 07:55:00,15,10,2,7,55,130,55,"127, WILLIAM BOOTH (AVEN",43.29531,5.44542,Plein jour,En agglomération,Giratoire,Pluie légère,Deux véhicules - côté,,,,,,,,,,,1,2,6,2,3
201500015236,0015-10-02 08:25:00,15,10,2,8,25,130,55,"25, NOTRE DAME (CHEMIN)",43.33611,5.42861,Plein jour,Hors agglomération,Hors intersection,Normale,Autre collision,,,,,,,,,,,1,1,1,1,6
201500015237,0015-10-01 19:30:00,15,10,1,19,30,130,55,"264, SAINT PIERRE (RUE)",43.29248,5.40132,Nuit avec éclairage allumé,En agglomération,Intersection en X,Normale,Deux véhicules - côté,,,,,,,,,,,5,2,2,1,3
201500015238,0015-09-26 18:50:00,15,9,26,18,50,130,55,"31, PRADO (AVENUE DU)",43.2839,5.38488,Plein jour,En agglomération,Hors intersection,Normale,Autre collision,,,,,,,,,,,1,2,1,1,6
201500015239,0015-09-25 14:45:00,15,9,25,14,45,130,55,"FACE 06, PRADO (AVENUE D",43.28529,5.38377,Plein jour,En agglomération,Hors intersection,Normale,Autre collision,,,,,,,,,,,1,2,1,1,6
201500015240,0015-10-02 12:45:00,15,10,2,12,45,130,55,"44, DUNKERQUE  (BOULEVAR",43.30942,5.36853,Plein jour,En agglomération,Hors intersection,Normale,Deux véhicules - arrière,,,,,,,,,,,1,2,1,1,2
201500015241,0015-10-02 15:10:00,15,10,2,15,10,130,55,ALEX ANSALDI (RUE),43.33385,5.40226,Plein jour,En agglomération,Hors intersection,Normale,Deux véhicules - côté,,,,,,,,,,,1,2,1,1,3
201500015242,0015-10-02 18:35:00,15,10,2,18,35,130,55,"779, MAZARGUES (AVENUE D",43.24822,5.39901,Plein jour,En agglomération,Hors intersection,Normale,Autre collision,,,,,,,,,,,1,2,1,1,6
201500015243,0015-10-02 20:00:00,15,10,2,20,0,130,55,"222, MADRAGUE DE MONTRED",43.23109,5.35492,Nuit avec éclairage allumé,En agglomération,Intersection en T,Normale,Deux véhicules - côté,,,,,,,,,,,5,2,3,1,3