accident_id,datetime,annee,mois,jour,heure,minute,departement,commune_insee,adresse,latitude,longitude,luminosite,agglomeration,intersection,meteo,collision,nb_vehicules,nb_usagers,nb_indemnes,nb_tues,nb_blesses_hosp,nb_blesses_legers,age_cond_1,age_cond_2,veh_type_cond_1,veh_type_cond_2,lum_code,agg_code,int_code,atm_code,col_code
201500015365,0015-10-15 15:00:00,15,10,15,15,0,130,55,ROUET (RUE DU),,,Plein jour,En agglomération,Hors intersection,Normale,Autre collision,,,,,,,,,,,1,2,1,1,6
201500015366,0015-10-21 12:30:00,15,10,21,12,30,130,55,"67, PLOMBIERES (BOULEVAR",43.31593,5.38449,Plein jour,En agglomération,Hors intersection,Normale,Deux véhicules - arrière,,,,,,,,,,,1,2,1,1,2
201500015367,0015-10-21 10:50:00,15,10,21,10,50,130,55,"01, LYON (RUE DE)",43.32861,5.36576,Plein jour,En agglomération,Giratoire,Normale,Deux véhicules - côté,,,,,,,,,,,1,2,6,1,3
201500015368,0015-10-21 08:15:00,15,10,21,8,15,130,55,"27, JEAN MOULIN**BOULEVA",43.28887,5.40026,Plein jour,En agglomération,Hors intersection,Normale,Deux véhicules - arrière,,,,,,,,,,,1,2,1,1,2
201500015369,0015-10-22 10:45:00,15,10,22,10,45,130,55,"00, HENRI TOMASI (RUE)",43.24592,5.40776,Plein jour,En agglomération,Intersection en T,Normale,Deux véhicules - côté,,,,,,,,,,,1,2,3,1,3
201500015370,0015-10-21 19:25:00,15,10,21,19,25,130,55,"182, MILLIERE (BOULEVARD",43.28336,5.5037,Nuit avec éclairage allumé,En agglomération,Hors intersection,Normale,Deux véhicules - arrière,,,,,,,,,,,5,2,1,1,2
201500015371,0015-08-11 19:00:00,15,8,11,19,0,130,55,"1, SAINTE-CECILE (RUE)",43.28671,5.39036,Plein jour,En agglomération,Intersection en X,Normale,Deux véhicules - côté,,,,,,,,,,,1,2,2,1,3
201500015372,0015-10-22 15:40:00,15,10,22,15,40,130,55,"00, MARCHE D'IN (AVENUE)",43.33937,5.38063,Plein jour,En agglomération,Hors intersection,Normale,Deux véhicules - arrière,,,,,,,,,,,1,2,1,1,2
201500015373,0015-06-19 17:30:00,15,6,19,17,30,130,55,"1, JOSEPH CLERISSY (RUE)",,,Plein jour,En agglomération,Hors intersection,Normale,Trois véhicules et plus - collisions multiples,,,,,,,,,,,1,2,1,1,5
201500015374,0015-10-23 10:00:00,15,10,23,10,0,130,55,"85, TOULON (AVENUE DE)",43.2849,5.39054,Plein jour,En agglomération,Hors intersection,Normale,Deux véhicules - frontale,,,,,,,,,,,1,2,1,1,1
201500015375,0015-08-12 15:25:00,15,8,12,15,25,130,55,"70, LIBERATION**BOULEVAR",43.30044,5.38943,Plein jour,En agglomération,Hors intersection,Normale,Trois véhicules et plus - collisions multiples,,,,,,,,,,,1,2,1,1,5
201500015376,0015-10-23 14:10:00,15,10,23,14,10,130,55,"360, POILUS (AVENUE DES)",43.31337,5.46349,Plein jour,En agglomération,Hors intersection,Normale,Autre collision,,,,,,,,,,,1,2,1,1,6
201500015377,0015-10-23 14:30:00,15,10,23,14,30,130,55,"3, PLOMBIERES (BOULEVARD",43.31492,5.38767,Plein jour,En agglomération,Autre intersection,Normale,Autre collision,,,,,,,,,,,1,2,9,1,6
201500015378,0015-10-23 16:00:00,15,10,23,16,0,130,55,"00, HENRI FRENAY (ROND-P",43.2544,5.37639,Plein jour,En agglomération,Hors intersection,Normale,Deux véhicules - arrière,,,,,,,,,,,1,2,1,1,2
201500015379,0015-10-23 16:45:00,15,10,23,16,45,130,55,"231, PIERRE DOIZE  (RUE)",43.27192,5.42782,Plein jour,En agglomération,Hors intersection,Normale,Autre collision,,,,,,,,,,,1,2,1,1,6
201500015380,0015-10-23 17:50:00,15,10,23,17,50,130,55,"112, TELLENE (BOULEVARD)",43.28476,5.36886,Plein jour,En agglomération,Hors intersection,Normale,Deux véhicules - frontale,,,,,,,,,,,1,2,1,1,1
201500015381,0015-10-23 19:00:00,15,10,23,19,0,130,55,"23, LÉON GAMBETTA (ALLEE",43.2991,5.38232,Nuit avec éclairage allumé,En agglomération,Hors intersection,Normale,Autre collision,,,,,,,,,,,5,2,1,1,6
201500015382,0015-10-15 18:00:00,15,10,15,18,0,130,55,"00, POMME (BOULEVARD DE",43.29164,5.44852,Plein jour,En agglomération,Hors intersection,Normale,Autre collision,,,,,,,,,,,1,2,1,1,6
201500015383,0015-10-23 11:10:00,15,10,23,11,10,130,55,"23, AMPERE (BOULEVARD)",43.3393,5.37256,Plein jour,En agglomération,Giratoire,Normale,Autre collision,,,,,,,,,,,1,2,6,1,6
201500015384,0015-10-24 11:00:00,15,10,24,11,0,130,55,"47, SAKAKINI (BOULEVARD)",43.29598,5.4003,Plein jour,En agglomération,Hors intersection,Normale,Autre collision,,,,,,,,,,,1,2,1,1,6
201500015385,0015-10-23 16:30:00,15,10,23,16,30,130,55,"61, SAINTE MARGUERITE (B",43.26848,5.40489,Plein jour,En agglomération,Hors intersection,Normale,Trois véhicules et plus - collisions multiples,,,,,,,,,,,1,2,1,1,5
201500015386,0015-10-24 19:57:00,15,10,24,19,57,130,55,"232, SAINT LOUP (BOULEVA",43.28486,5.43908,Crépuscule ou aube,En agglomération,Hors intersection,Normale,Deux véhicules - arrière,,,,,,,,,,,2,2,1,1,2
201500015387,0015-02-24 15:50:00,15,2,24,15,50,130,55,"02, RUE ALFRED CURTEL",43.2804,5.40832,Plein jour,En agglomération,Hors intersection,Normale,Deux véhicules - frontale,,,,,,,,,,,1,2,1,1,1
201500015388,0015-10-24 18:45:00,15,10,24,18,45,130,55,"90, LA FOURRAGERE (AVENU",43.29966,5.43045,Crépuscule ou aube,En agglomération,Hors intersection,Normale,Deux véhicules - côté,,,,,,,,,,,2,2,1,1,3
201500015389,0015-10-25 23:00:00,15,10,25,23,0,130,2,"00, JEAN GIONO (AVENUE)",,,Plein jour,Hors agglomération,Hors intersection,Normale,Sans collision,,,,,,,,,,,1,1,1,1,7
201500015390,0015-10-25 20:15:00,15,10,25,20,15,130,2,7 RMENT DE TIRAILLEURS,43.33826,5.47672,Nuit avec éclairage allumé,En agglomération,Intersection en T,Normale,Deux véhicules - côté,,,,,,,,,,,5,2,3,1,3
201500015391,0015-10-26 13:40:00,15,10,26,13,40,130,55,"74, MILLIERE (BOULEVARD",43.2832,5.49698,Plein jour,En agglomération,Hors intersection,Normale,Deux véhicules - frontale,,,,,,,,,,,1,2,1,1,1
201500015392,0015-10-26 13:57:00,15,10,26,13,57,130,55,SAINT ANTOINE (CHEMIN DE,43.35213,5.37303,Plein jour,En agglomération,Intersection en T,Normale,Deux véhicules - arrière,,,,,,,,,,,1,2,3,1,2
201500015393,0015-10-26 17:00:00,15,10,26,17,0,130,55,LÉON LACHAMP*(ROUTE),,,Plein jour,Hors agglomération,Hors intersection,Normale,Autre collision,,,,,,,,,,,1,1,1,1,6
201500015394,0015-10-26 18:45:00,15,10,26,18,45,130,55,"236, MAZARGUES (AVENUE D",43.2637,5.39248,Crépuscule ou aube,En agglomération,Hors intersection,Normale,Deux véhicules - côté,,,,,,,,,,,2,2,1,1,3
201500015395,0015-10-27 22:00:00,15,10,27,22,0,130,55,"1, LÉON BANCAL (RUE)",43.28874,5.4809,Nuit avec éclairage allumé,En agglomération,Hors intersection,Normale,Deux véhicules - arrière,,,,,,,,,,,5,2,1,1,2
201500015396,0015-10-28 08:15:00,15,10,28,8,15,130,55,"122, CANAL (TRAVERSE DU)",43.31085,5.44483,Plein jour,En agglomération,Hors intersection,Normale,Deux véhicules - frontale,,,,,,,,,,,1,2,1,1,1
201500015397,0015-10-25 19:00:00,15,10,25,19,0,130,55,"76, LODI (RUE DE)",43.28889,5.38768,Nuit avec éclairage allumé,En agglomération,Intersection en T,Normale,Deux véhicules - côté,,,,,,,,,,,5,2,3,1,3
201500015398,0015-10-27 12:05:00,15,10,27,12,5,130,106,"94A, 8 MAI 1945 (AVENUE",43.39913,5.36788,Plein jour,En agglomération,Hors intersection,Normale,Autre collision,,,,,,,,,,,1,2,1,1,6
201500015399,0015-10-11 08:35:00,15,10,11,8,35,130,55,"105, REDON (BOULEVARD DU",43.25236,5.42197,Plein jour,En agglomération,Giratoire,Normale,Sans collision,,,,,,,,,,,1,2,6,1,7
201500015400,0015-10-27 18:35:00,15,10,27,18,35,130,55,"16, ROMAIN ROLLAND (BOUL",43.28015,5.4255,Nuit avec éclairage allumé,En agglomération,Hors intersection,Normale,Autre collision,,,,,,,,,,,5,2,1,1,6
201500015401,0015-10-28 15:40:00,15,10,28,15,40,130,106,"00, TUBIE (ROUTE DE)",43.4072,5.36408,Plein jour,En agglomération,Hors intersection,Normale,Trois véhicules et plus - en chaîne,,,,,,,,,,,1,2,1,1,4
201500015402,0015-10-28 15:25:00,15,10,28,15,25,130,55,"422, AVENUE DU PRADO",43.26864,5.38488,Plein jour,En agglomération,Hors intersection,Temps éblouissant,Autre collision,,,,,,,,,,,1,2,1,7,6
201500015403,0015-10-28 19:20:00,15,10,28,19,20,130,55,"14, MERIMEE",43.32782,5.39686,Nuit avec éclairage allumé,En agglomération,Hors intersection,Normale,Deux véhicules - côté,,,,,,,,,,,5,2,1,1,3
201500015404,0015-10-29 00:20:00,15,10,29,0,20,130,55,"171, COMMANDANT ROLLAND",43.26698,5.37591,Nuit avec éclairage allumé,En agglomération,Hors intersection,Normale,Sans collision,,,,,,,,,,,5,2,1,1,7
201500015405,0015-10-01 13:15:00,15,10,1,13,15,130,55,"339, AVENUE DU PRADO",43.27074,5.38859,Plein jour,En agglomération,Hors intersection,Normale,Autre collision,,,,,,,,,,,1,2,1,1,6
201500015406,0015-10-23 18:30:00,15,10,23,18,30,130,55,"128, TIMONE (AVENUE DE L",43.28629,5.40696,Crépuscule ou aube,En agglomération,Hors intersection,Normale,Trois véhicules et plus - en chaîne,,,,,,,,,,,2,2,1,1,4
201500015407,0015-10-29 12:05:00,15,10,29,12,5,130,55,"14, BOURRELY (CHEMIN DES",43.37459,5.35709,Plein jour,Hors agglomération,Intersection en T,Normale,Deux véhicules - côté,,,,,,,,,,,1,1,3,1,3
201500015408,0015-06-24 17:30:00,15,6,24,17,30,130,55,"09, HAMBOURG (BOULEVARD)",43.25416,5.38262,Plein jour,En agglomération,Hors intersection,Normale,Deux véhicules - côté,,,,,,,,,,,1,2,1,1,3
201500015409,0015-10-28 15:45:00,15,10,28,15,45,130,55,"150, CAMOINS (AVENUE DES",43.3065,5.51006,Plein jour,En agglomération,Hors intersection,Normale,Autre collision,,,,,,,,,,,1,2,1,1,6
201500015410,0015-10-04 15:05:00,15,10,4,15,5,130,55,"5, SAINT JUST (AVENUE DE",43.31268,5.40165,Plein jour,En agglomération,Hors intersection,Normale,Deux véhicules - arrière,,,,,,,,,,,1,2,1,1,2
201500015411,0015-10-27 16:20:00,15,10,27,16,20,130,55,"219, LIBERATION (BOULEVA",43.30237,5.39546,Plein jour,En agglomération,Intersection en T,Normale,Deux véhicules - frontale,,,,,,,,,,,1,2,3,1,1
201500015412,0015-10-30 13:45:00,15,10,30,13,45,130,55,"00, ROBERT SCHUMANN (AVE",43.29991,5.3657,Plein jour,En agglomération,Intersection en T,Normale,Trois véhicules et plus - en chaîne,,,,,,,,,,,1,2,3,1,4
201500015413,0015-10-30 12:30:00,15,10,30,12,30,130,55,"693, MAZARGUES (AVENUE D",43.24966,5.39645,Plein jour,En agglomération,Hors intersection,Normale,Autre collision,,,,,,,,,,,1,2,1,1,6
201500015414,0015-10-30 18:30:00,15,10,30,18,30,130,55,"00, ROBERT BOUVIER (ROND",43.2526,5.42193,Nuit avec éclairage allumé,En agglomération,Hors intersection,Normale,Sans collision,,,,,,,,,,,5,2,1,1,7
201500015415,0015-02-09 15:00:00,15,2,9,15,0,130,55,"00, BD VIDAL",,,Plein jour,En agglomération,Intersection à plus de 4 branches,Normale,Autre collision,,,,,,,,,,,1,2,5,1,6
201500015416,0015-10-29 12:45:00,15,10,29,12,45,130,55,"250, SAINT PIERRE (RUE)",43.29212,5.40178,Plein jour,En agglomération,Hors intersection,Normale,Deux véhicules - frontale,,,,,,,,,,,1,2,1,1,1
201500015417,0015-10-31 05:45:00,15,10,31,5,45,130,55,"152, MICHELET (BOULEVARD",43.26521,5.39541,Nuit avec éclairage allumé,En agglomération,Autre intersection,Normale,Deux véhicules - côté,,,,,,,,,,,5,2,9,1,3
201500015418,0015-10-31 17:00:00,15,10,31,17,0,130,55,JEAN PAUL SARTRE**AVENUE,43.32455,5.42114,Plein jour,En agglomération,Hors intersection,Temps éblouissant,Trois véhicules et plus - en chaîne,,,,,,,,,,,1,2,1,7,4
201500015419,0015-10-31 02:45:00,15,10,31,2,45,130,55,"246, OLIVES (AVENUE DES)",43.32416,5.44359,Nuit avec éclairage allumé,En agglomération,Hors intersection,Normale,Autre collision,,,,,,,,,,,5,2,1,1,6
201500015420,0015-02-27 21:50:00,15,2,27,21,50,130,55,"118, AVE DES PEINTRES RO",43.30346,5.47339,Nuit avec éclairage allumé,En agglomération,Hors intersection,Normale,Autre collision,,,,,,,,,,,5,2,1,1,6
201500015421,0015-07-10 05:20:00,15,7,10,5,20,130,55,"33, MARÉCHAL JUIN (BOULE",43.31141,5.40368,Nuit avec éclairage allumé,En agglomération,Hors intersection,Normale,Sans collision,,,,,,,,,,,5,2,1,1,7
201500015422,0015-09-07 10:00:00,15,9,7,10,0,130,55,"15, BOURRELY (CHEMIN DES",43.37584,5.35827,Plein jour,En agglomération,Hors intersection,Normale,Autre collision,,,,,,,,,,,1,2,1,1,6
201500015423,0015-09-09 08:35:00,15,9,9,8,35,130,55,"00, CAPELETTE (AVENUE DE",43.28176,5.40388,Plein jour,Hors agglomération,Hors intersection,Normale,Deux véhicules - arrière,,,,,,,,,,,1,1,1,1,2
201500015424,0015-02-20 20:40:00,15,2,20,20,40,130,55,"55, CRS LIEUTAUD",43.29103,5.38313,Nuit avec éclairage allumé,En agglomération,Hors intersection,Normale,Deux véhicules - frontale,,,,,,,,,,,5,2,1,1,1
201500015425,0015-10-27 10:50:00,15,10,27,10,50,130,55,"429, SAINT PIERRE (RUE)",43.29168,5.41251,Plein jour,En agglomération,Hors intersection,Normale,Deux véhicules - côté,,,,,,,,,,,1,2,1,1,3
201500015426,0015-10-31 18:30:00,15,10,31,18,30,130,55,"443, MADRAGUE VILLE (RUE",43.34191,5.35215,Plein jour,En agglomération,Hors intersection,Normale,Deux véhicules - arrière,,,,,,,,,,,1,2,1,1,2
201500015427,0015-11-01 19:00:00,15,11,1,19,0,130,55,"187, SAINTE MARTHE (CHEM",43.32994,5.38783,Nuit avec éclairage allumé,En agglomération,Hors intersection,Normale,Deux véhicules - côté,,,,,,,,,,,5,2,1,1,3
201500015428,0015-10-28 10:45:00,15,10,28,10,45,130,55,OCTROI (PLACE GARE DE L',43.28143,5.42571,Plein jour,En agglomération,Place,Pluie forte,Deux véhicules - côté,,,,,,,,,,,1,2,7,3,3
201500015429,0015-11-02 10:10:00,15,11,2,10,10,130,55,"323, MICHELET (BOULEVARD",43.25871,5.39937,Plein jour,En agglomération,Hors intersection,Normale,Deux véhicules - arrière,,,,,,,,,,,1,2,1,1,2
201500015430,0015-10-15 17:45:00,15,10,15,17,45,130,55,"00, COLBERT (RUE)    IMP",43.29938,5.3723,Plein jour,En agglomération,Hors intersection,Normale,Autre collision,,,,,,,,,,,1,2,1,1,6
201500015431,0015-11-02 14:20:00,15,11,2,14,20,130,55,"73, AUDIENCE (RUE DE L')",43.29555,5.48867,Plein jour,Hors agglomération,Giratoire,Normale,Sans collision,,,,,,,,,,,1,1,6,1,7
201500015432,0015-10-29 09:25:00,15,10,29,9,25,130,55,"127, ENDOUME (RUE D')",43.28635,5.36318,Plein jour,En agglomération,Hors intersection,Normale,Autre collision,,,,,,,,,,,1,2,1,1,6
201500015433,0015-10-22 12:10:00,15,10,22,12,10,130,55,"385, SAINT PIERRE (RUE)",43.29163,5.40972,Plein jour,En agglomération,Hors intersection,Normale,Deux véhicules - côté,,,,,,,,,,,1,2,1,1,3
201500015434,0015-11-02 15:08:00,15,11,2,15,8,130,55,"132, VALBARELLE (BOULEVA",43.28815,5.45053,Plein jour,En agglomération,Intersection en T,Normale,Deux véhicules - côté,,,,,,,,,,,1,2,3,1,3
201500015435,0015-10-22 17:10:00,15,10,22,17,10,130,55,"150, LIEUTAUD (COURS)",43.28817,5.38457,Plein jour,En agglomération,Hors intersection,Normale,Autre collision,,,,,,,,,,,1,2,1,1,6
201500015436,0015-11-02 17:30:00,15,11,2,17,30,130,55,PEINTRES ROUX (AVENUE DE,43.30401,5.47259,Crépuscule ou aube,Hors agglomération,Hors intersection,Normale,Deux véhicules - frontale,,,,,,,,,,,2,1,1,1,1
201500015437,0015-11-02 22:45:00,15,11,2,22,45,130,55,CABOT (BOULEVARD),43.25866,5.41735,Plein jour,Hors agglomération,Intersection en T,Normale,Deux véhicules - côté,,,,,,,,,,,1,1,3,1,3
201500015438,0015-11-02 10:30:00,15,11,2,10,30,130,55,"153, RABATAU (BOULEVARD)",43.27716,5.39855,Plein jour,En agglomération,Hors intersection,Normale,Autre collision,,,,,,,,,,,1,2,1,1,6
201500015439,0015-11-03 15:00:00,15,11,3,15,0,130,55,"61, PIERRE ALBRAND (RUE)",43.30856,5.3703,Plein jour,En agglomération,Intersection en T,Normale,Autre collision,,,,,,,,,,,1,2,3,1,6
201500015440,0015-11-03 15:35:00,15,11,3,15,35,130,55,"56, TONKIN  (TRAVERSE DU",43.27703,5.41363,Plein jour,En agglomération,Intersection en X,Normale,Deux véhicules - côté,,,,,,,,,,,1,2,2,1,3
201500015441,0015-11-03 16:10:00,15,11,3,16,10,130,55,"30, CHE DE LA COLLINE SA",43.25296,5.41419,Plein jour,En agglomération,Hors intersection,Normale,Autre collision,,,,,,,,,,,1,2,1,1,6
201500015442,0015-11-03 21:12:00,15,11,3,21,12,130,55,"232, MADRAGUE VILLE (RUE",43.33184,5.359,Nuit avec éclairage allumé,En agglomération,Hors intersection,Normale,Deux véhicules - côté,,,,,,,,,,,5,2,1,1,3
201500015443,0015-11-03 22:10:00,15,11,3,22,10,130,55,MICHELET (BOULEVARD),43.26123,5.39795,Nuit avec éclairage allumé,Hors agglomération,Hors intersection,Normale,Sans collision,,,,,,,,,,,5,1,1,1,7
201500015444,0015-11-03 18:40:00,15,11,3,18,40,130,55,BD FERDINAND DE LESSEPS,43.32039,5.37296,Nuit avec éclairage allumé,En agglomération,Autre intersection,Normale,Deux véhicules - côté,,,,,,,,,,,5,2,9,1,3
201500015445,0015-10-30 16:45:00,15,10,30,16,45,130,55,"155, AVE DE LA FIGONE",43.30343,5.43762,Plein jour,En agglomération,Intersection en T,Normale,Deux véhicules - frontale,,,,,,,,,,,1,2,3,1,1
201500015446,0015-11-04 15:30:00,15,11,4,15,30,130,55,"104, ALEX. FLEMING (BOUL",43.31653,5.39697,Plein jour,En agglomération,Hors intersection,Normale,Trois véhicules et plus - en chaîne,,,,,,,,,,,1,2,1,1,4
201500015447,0015-11-04 15:15:00,15,11,4,15,15,130,55,"7, RAIMU (avenue)",,,Plein jour,En agglomération,Hors intersection,Normale,Deux véhicules - frontale,,,,,,,,,,,1,2,1,1,1
201500015448,0015-11-04 18:30:00,15,11,4,18,30,130,55,"59, PEYSSONNEL ****",43.30971,5.37144,Nuit avec éclairage allumé,En agglomération,Hors intersection,Normale,Deux véhicules - frontale,,,,,,,,,,,5,2,1,1,1
201500015449,0015-11-04 17:00:00,15,11,4,17,0,130,55,LIEUTAUD (COURS),43.2891,5.3841,Plein jour,En agglomération,Intersection en X,Normale,Deux véhicules - côté,,,,,,,,,,,1,2,2,1,3
201500015450,0015-11-04 21:50:00,15,11,4,21,50,130,55,"70, SAKAKINI (BOULEVARD)",43.29517,5.4008,Nuit avec éclairage allumé,En agglomération,Hors intersection,Normale,Deux véhicules - arrière,,,,,,,,,,,5,2,1,1,2
201500015451,0015-11-05 08:26:00,15,11,5,8,26,130,55,PLOMBIERES (BOULEVARD DE,43.31601,5.38472,Plein jour,En agglomération,Hors intersection,Normale,Autre collision,,,,,,,,,,,1,2,1,1,6
201500015452,0015-11-05 08:05:00,15,11,5,8,5,130,55,"255, OLIVES (AVENUE DES)",43.32346,5.44563,Plein jour,En agglomération,Hors intersection,Normale,Autre collision,,,,,,,,,,,1,2,1,1,6
201500015453,0015-11-05 11:50:00,15,11,5,11,50,130,55,"9, BERTHELOT (RUE)",43.3377,5.39204,Plein jour,En agglomération,Intersection en T,Normale,Autre collision,,,,,,,,,,,1,2,3,1,6
201500015454,0015-11-03 10:20:00,15,11,3,10,20,130,55,"00, LÉON GAMBETTA (ALLEE",43.29907,5.38434,Plein jour,En agglomération,Hors intersection,Normale,Autre collision,,,,,,,,,,,1,2,1,1,6
201500015455,0015-11-05 13:30:00,15,11,5,13,30,130,55,"365, MAZARGUES (AVENUE D",43.25967,5.39409,Plein jour,En agglomération,Hors intersection,Normale,Deux véhicules - côté,,,,,,,,,,,1,2,1,1,3
201500015456,0015-09-25 09:00:00,15,9,25,9,0,130,55,"162, BARASSE",43.28465,5.4848,Plein jour,En agglomération,Hors intersection,Normale,Autre collision,,,,,,,,,,,1,2,1,1,6
201500015457,0015-11-05 22:00:00,15,11,5,22,0,130,55,"12, MOUTON*(BOULEVARD)",43.33246,5.39285,Plein jour,Hors agglomération,Hors intersection,Normale,Trois véhicules et plus - en chaîne,,,,,,,,,,,1,1,1,1,4
201500015458,0015-11-05 14:00:00,15,11,5,14,0,130,55,"80, JULES MOULET (RUE)",43.28573,5.37361,Plein jour,En agglomération,Hors intersection,Normale,Deux véhicules - arrière,,,,,,,,,,,1,2,1,1,2
201500015459,0015-11-05 14:45:00,15,11,5,14,45,130,55,"425, ROMAIN ROLLAND (BOU",43.26934,5.4049,Plein jour,En agglomération,Hors intersection,Normale,Deux véhicules - côté,,,,,,,,,,,1,2,1,1,3
201500015460,0015-11-06 07:50:00,15,11,6,7,50,130,55,"555, SAINT PIERRE (RUE)",43.29048,5.42084,Plein jour,En agglomération,Hors intersection,Normale,Deux véhicules - côté,,,,,,,,,,,1,2,1,1,3
201500015461,0015-11-06 08:30:00,15,11,6,8,30,130,55,"00, BAILLE (BOULEVARD)",,,Plein jour,En agglomération,Hors intersection,Normale,Deux véhicules - côté,,,,,,,,,,,1,2,1,1,3
201500015462,0015-11-02 11:00:00,15,11,2,11,0,130,2,"0, ETIENNE CUCCA-CD908 (",,,Plein jour,En agglomération,Hors intersection,Normale,Sans collision,,,,,,,,,,,1,2,1,1,7
201500015463,0015-11-06 16:30:00,15,11,6,16,30,130,55,SAINT PAUL (AVENUE),43.32782,5.40701,Plein jour,En agglomération,Hors intersection,Normale,Autre collision,,,,,,,,,,,1,2,1,1,6
201500015464,0015-11-06 15:45:00,15,11,6,15,45,130,55,"161, LIEUTAUD (COURS)",43.28686,5.38528,Plein jour,En agglomération,Hors intersection,Normale,Autre collision,,,,,,,,,,,1,2,1,1,6
201500015465,0015-11-06 15:00:00,15,11,6,15,0,130,55,"379, SAINT ANTOINE A SAI",43.36787,5.36259,Plein jour,En agglomération,Hors intersection,Normale,Deux véhicules - frontale,,,,,,,,,,,1,2,1,1,1
201500015466,0015-11-06 20:00:00,15,11,6,20,0,130,55,"1, LOUIS BONNEFON (PLACE",43.25428,5.38173,Nuit avec éclairage allumé,En agglomération,Giratoire,Normale,Deux véhicules - côté,,,,,,,,,,,5,2,6,1,3
201500015467,0015-11-07 01:40:00,15,11,7,1,40,130,55,"2, SAINTE CECILE (RUE)",43.28671,5.39036,Nuit avec éclairage allumé,En agglomération,Intersection en X,Normale,Deux véhicules - côté,,,,,,,,,,,5,2,2,1,3
201500015468,0015-11-05 18:30:00,15,11,5,18,30,130,55,CHARLES SUSINI (TRAVERSE,43.33983,5.41331,Nuit avec éclairage allumé,En agglomération,Hors intersection,Normale,Deux véhicules - frontale,,,,,,,,,,,5,2,1,1,1
201500015469,0015-11-07 06:10:00,15,11,7,6,10,130,55,"09, LITTORAL (CHEMIN DU)",43.33924,5.34817,Nuit avec éclairage allumé,En agglomération,Hors intersection,Normale,Deux véhicules - arrière,,,,,,,,,,,5,2,1,1,2
201500015470,0015-11-08 06:40:00,15,11,8,6,40,130,55,"225, DANIEL CASANOVA (BO",43.32936,5.37586,Nuit avec éclairage allumé,En agglomération,Hors intersection,Normale,Autre collision,,,,,,,,,,,5,2,1,1,6
201500015471,0015-11-08 06:30:00,15,11,8,6,30,130,55,"2, RABATAU (BOULEVARD)",43.27314,5.39231,Nuit avec éclairage allumé,En agglomération,Hors intersection,Normale,Deux véhicules - arrière,,,,,,,,,,,5,2,1,1,2
201500015472,0015-11-07 13:45:00,15,11,7,13,45,130,55,"30, BARRAL (BOULEVARD)",43.26473,5.3935,Plein jour,En agglomération,Hors intersection,Normale,Deux véhicules - côté,,,,,,,,,,,1,2,1,1,3
201500015473,0015-11-08 08:50:00,15,11,8,8,50,130,55,"66, CORNICHE KENNEDY",43.28918,5.35455,Plein jour,En agglomération,Intersection en Y,Normale,Autre collision,,,,,,,,,,,1,2,4,1,6
201500015474,0015-11-08 15:30:00,15,11,8,15,30,130,55,"146, DANIEL CASANOVA (BO",43.32737,5.37501,Plein jour,En agglomération,Hors intersection,Normale,Autre collision,,,,,,,,,,,1,2,1,1,6
201500015475,0015-11-08 18:15:00,15,11,8,18,15,130,55,"253, ROMAIN ROLLAND (BOU",43.27397,5.41443,Nuit avec éclairage allumé,En agglomération,Hors intersection,Normale,Deux véhicules - frontale,,,,,,,,,,,5,2,1,1,1
201500015476,0015-11-08 21:00:00,15,11,8,21,0,130,55,"22, LIEUTAUD (COURS)",43.29467,5.38181,Nuit avec éclairage allumé,En agglomération,Hors intersection,Normale,Autre collision,,,,,,,,,,,5,2,1,1,6
201500015477,0015-11-08 16:30:00,15,11,8,16,30,130,55,"529, MADRAGUE VILLE (RUE",43.34626,5.35491,Plein jour,En agglomération,Hors intersection,Normale,Autre collision,,,,,,,,,,,1,2,1,1,6
201500015478,0015-11-09 00:15:00,15,11,9,0,15,130,55,SAKAKINI (BOULEVARD),43.29581,5.40029,Nuit avec éclairage allumé,En agglomération,Intersection en X,Normale,Deux véhicules - côté,,,,,,,,,,,5,2,2,1,3
201500015479,0015-11-04 08:50:00,15,11,4,8,50,130,55,"222, CAILLOLS (AVENUE DE",43.30339,5.442,Plein jour,En agglomération,Hors intersection,Autre,Autre collision,,,,,,,,,,,1,2,1,9,6
201500015480,0015-11-09 13:15:00,15,11,9,13,15,130,55,"38, VACON (RUE)      27",43.29479,5.37702,Plein jour,En agglomération,Hors intersection,Normale,Autre collision,,,,,,,,,,,1,2,1,1,6
201500015481,0015-11-09 13:20:00,15,11,9,13,20,130,55,SAINT ANTOINE A SAINT JO,43.35295,5.37222,Plein jour,En agglomération,Hors intersection,Normale,Deux véhicules - arrière,,,,,,,,,,,1,2,1,1,2
201500015482,0015-11-10 09:20:00,15,11,10,9,20,130,55,"212, CHATEAU GOMBERT CHE",43.34558,5.4245,Plein jour,En agglomération,Hors intersection,Normale,Deux véhicules - arrière,,,,,,,,,,,1,2,1,1,2
201500015483,0015-11-10 09:15:00,15,11,10,9,15,130,55,"02, SAINT BRUNO (RUE)",43.30578,5.40155,Plein jour,En agglomération,Intersection en X,Normale,Deux véhicules - frontale,,,,,,,,,,,1,2,2,1,1
201500015484,0015-10-05 17:30:00,15,10,5,17,30,130,55,"1, CESAR BOY (AVENUE)",43.29662,5.48334,Plein jour,En agglomération,Hors intersection,Normale,Autre collision,,,,,,,,,,,1,2,1,1,6
201500015485,0015-11-10 17:15:00,15,11,10,17,15,130,55,"00, LITTORAL (CHEMIN DU)",43.33929,5.34816,Crépuscule ou aube,En agglomération,Hors intersection,Normale,Deux véhicules - côté,,,,,,,,,,,2,2,1,1,3