accident_id,datetime,annee,mois,jour,heure,minute,departement,commune_insee,adresse,latitude,longitude,luminosite,agglomeration,intersection,meteo,collision,nb_vehicules,nb_usagers,nb_indemnes,nb_tues,nb_blesses_hosp,nb_blesses_legers,age_cond_1,age_cond_2,veh_type_cond_1,veh_type_cond_2,lum_code,agg_code,int_code,atm_code,col_code
201500015606,0015-11-30 10:00:00,15,11,30,10,0,130,55,"488, PARADIS (RUE)",43.27344,5.38521,Plein jour,En agglomération,Hors intersection,Normale,Autre collision,,,,,,,,,,,1,2,1,1,6
201500015607,0015-11-30 11:30:00,15,11,30,11,30,130,55,"23, AVIATEUR LE BRIX (RU",43.26187,5.40411,Plein jour,En agglomération,Hors intersection,Normale,Autre collision,,,,,,,,,,,1,2,1,1,6
201500015608,0015-11-30 12:35:00,15,11,30,12,35,130,55,ESCAD.NORMA,,,Plein jour,En agglomération,Hors intersection,Normale,Autre collision,,,,,,,,,,,1,2,1,1,6
201500015609,0015-11-30 12:30:00,15,11,30,12,30,130,55,"14, GASTON CREMIEUX**RUE",43.27921,5.37977,Plein jour,En agglomération,Hors intersection,Normale,Autre collision,,,,,,,,,,,1,2,1,1,6
201500015610,0015-11-27 12:40:00,15,11,27,12,40,130,55,"71, BRETEUIL (RUE)",43.28893,5.3764,Plein jour,En agglomération,Hors intersection,Normale,Deux véhicules - arrière,,,,,,,,,,,1,2,1,1,2
201500015611,0015-11-30 14:45:00,15,11,30,14,45,130,55,STRASBOURG (BOULEVARD),43.30635,5.37416,Plein jour,En agglomération,Hors intersection,Normale,Autre collision,,,,,,,,,,,1,2,1,1,6
201500015612,0015-11-30 13:10:00,15,11,30,13,10,130,55,"66, PARANGON (TRAVERSE)",43.24247,5.37968,Plein jour,En agglomération,Intersection en T,Normale,Deux véhicules - côté,,,,,,,,,,,1,2,3,1,3
201500015613,0015-11-30 18:00:00,15,11,30,18,0,130,55,"02, MENDES FRANCE (AVENU",43.24904,5.37508,Nuit avec éclairage allumé,En agglomération,Intersection en T,Normale,Deux véhicules - côté,,,,,,,,,,,5,2,3,1,3
201500015614,0015-11-30 16:00:00,15,11,30,16,0,130,55,"335, SAINT ANTOINE (AVEN",43.37939,5.35686,Plein jour,En agglomération,Hors intersection,Normale,Trois véhicules et plus - collisions multiples,,,,,,,,,,,1,2,1,1,5
201500015615,0015-11-30 18:35:00,15,11,30,18,35,130,55,"42, EMMANUEL EYDOUX (RUE",43.36203,5.32967,Nuit avec éclairage allumé,En agglomération,Hors intersection,Normale,Deux véhicules - côté,,,,,,,,,,,5,2,1,1,3
201500015616,0015-11-30 22:55:00,15,11,30,22,55,130,55,"00, JEAN MOULIN (BOULEVA",43.28872,5.40012,Nuit avec éclairage allumé,En agglomération,Intersection en T,Normale,Deux véhicules - côté,,,,,,,,,,,5,2,3,1,3
201500015617,0015-11-30 11:30:00,15,11,30,11,30,130,55,"00, JEAN DE BERNARDY (RU",43.3029,5.38987,Plein jour,En agglomération,Intersection en X,Normale,Deux véhicules - côté,,,,,,,,,,,1,2,2,1,3
201500015618,0015-12-01 09:00:00,15,12,1,9,0,130,55,"00, JEAN COMPADIEU (AVEN",43.32214,5.43107,Plein jour,En agglomération,Intersection en Y,Normale,Deux véhicules - frontale,,,,,,,,,,,1,2,4,1,1
201500015619,0015-11-30 19:55:00,15,11,30,19,55,130,55,"150, TREILLE (ROUTE DE L",43.31198,5.51223,Nuit avec éclairage allumé,En agglomération,Hors intersection,Normale,Deux véhicules - frontale,,,,,,,,,,,5,2,1,1,1
201500015620,0015-12-01 16:25:00,15,12,1,16,25,130,55,"141, PRADO (AVENUE DU)",43.27931,5.38779,Crépuscule ou aube,En agglomération,Hors intersection,Normale,Deux véhicules - arrière,,,,,,,,,,,2,2,1,1,2
201500015621,0015-12-01 15:50:00,15,12,1,15,50,130,55,JEAN PAUL SARTRE (AVENUE,43.32461,5.42097,Plein jour,En agglomération,Hors intersection,Normale,Trois véhicules et plus - en chaîne,,,,,,,,,,,1,2,1,1,4
201500015622,0015-12-01 14:20:00,15,12,1,14,20,130,55,"20, CHATEAU GOMBERT CHEM",43.33505,5.42065,Plein jour,En agglomération,Hors intersection,Normale,Deux véhicules - côté,,,,,,,,,,,1,2,1,1,3
201500015623,0015-12-01 16:35:00,15,12,1,16,35,130,55,"50, BOUYALA D'ARNAUD (BO",43.29799,5.44049,Plein jour,En agglomération,Hors intersection,Normale,Autre collision,,,,,,,,,,,1,2,1,1,6
201500015624,0015-12-01 16:30:00,15,12,1,16,30,130,55,"3, CARTONNERIE (BOULEVAR",43.29265,5.45795,Plein jour,En agglomération,Hors intersection,Normale,Deux véhicules - arrière,,,,,,,,,,,1,2,1,1,2
201500015625,0015-12-02 01:02:00,15,12,2,1,2,130,55,TUNNEL PRADO SUD,43.27398,5.39364,Nuit avec éclairage allumé,En agglomération,Hors intersection,Normale,Sans collision,,,,,,,,,,,5,2,1,1,7
201500015626,0015-11-26 20:00:00,15,11,26,20,0,130,55,"00, PROVIDENCE (RUE DE L",43.29894,5.37828,Nuit avec éclairage allumé,En agglomération,Hors intersection,Normale,Autre collision,,,,,,,,,,,5,2,1,1,6
201500015627,0015-12-02 17:20:00,15,12,2,17,20,130,55,"75, CAPELETTE (AVENUE DE",43.28266,5.40243,Nuit avec éclairage non allumé,En agglomération,Hors intersection,Normale,Deux véhicules - côté,,,,,,,,,,,4,2,1,1,3
201500015628,0015-12-03 07:30:00,15,12,3,7,30,130,106,"13, 8 MAI 1945 (AVENUE D",43.3862,5.3589,Plein jour,En agglomération,Hors intersection,Normale,Deux véhicules - côté,,,,,,,,,,,1,2,1,1,3
201500015629,0015-12-03 10:28:00,15,12,3,10,28,130,55,"00, MARCEL ACHILLE (BOUL",,,Plein jour,En agglomération,Hors intersection,Normale,Deux véhicules - frontale,,,,,,,,,,,1,2,1,1,1
201500015630,0015-12-03 11:10:00,15,12,3,11,10,130,55,"121, CAPELETTE (AVENUE D",43.28145,5.40499,Plein jour,En agglomération,Intersection en T,Normale,Deux véhicules - côté,,,,,,,,,,,1,2,3,1,3
201500015631,0015-12-03 13:45:00,15,12,3,13,45,130,55,"43, LE PELLETIE (RUE)",43.36261,5.321,Plein jour,En agglomération,Hors intersection,Normale,Autre collision,,,,,,,,,,,1,2,1,1,6
201500015632,0015-12-03 15:45:00,15,12,3,15,45,130,55,"24, LOUBON (RUE)",43.31181,5.37894,Plein jour,En agglomération,Hors intersection,Normale,Autre collision,,,,,,,,,,,1,2,1,1,6
201500015633,0015-11-15 17:50:00,15,11,15,17,50,130,55,"220, BAILLE (BOULEVARD)",43.2894,5.39671,Nuit avec éclairage allumé,Hors agglomération,Hors intersection,Normale,Deux véhicules - côté,,,,,,,,,,,5,1,1,1,3
201500015634,0015-11-28 10:30:00,15,11,28,10,30,130,55,"90, GOUFFE (COURS)",43.28523,5.39077,Plein jour,En agglomération,Intersection en X,Normale,Deux véhicules - côté,,,,,,,,,,,1,2,2,1,3
201500015635,0015-12-04 09:20:00,15,12,4,9,20,130,55,"93, BARRY (BOULEVARD)",43.31982,5.41286,Plein jour,En agglomération,Hors intersection,Normale,Deux véhicules - côté,,,,,,,,,,,1,2,1,1,3
201500015636,0015-12-04 16:40:00,15,12,4,16,40,130,55,"5, RABATAU (BOULEVARD)",43.27306,5.39214,Crépuscule ou aube,En agglomération,Hors intersection,Normale,Deux véhicules - côté,,,,,,,,,,,2,2,1,1,3
201500015637,0015-12-04 21:30:00,15,12,4,21,30,130,55,"2-4, JOBIN (RUE)",43.31029,5.38957,Nuit avec éclairage allumé,En agglomération,Hors intersection,Normale,Deux véhicules - frontale,,,,,,,,,,,5,2,1,1,1
201500015638,0015-12-04 11:00:00,15,12,4,11,0,130,55,"35, DSIR BIANCO (AVENU",43.29011,5.4258,Plein jour,En agglomération,Intersection en T,Normale,Deux véhicules - frontale,,,,,,,,,,,1,2,3,1,1
201500015639,0015-12-03 15:50:00,15,12,3,15,50,130,55,"46, AIX (RUE D')",43.30082,5.3753,Plein jour,En agglomération,Hors intersection,Normale,Sans collision,,,,,,,,,,,1,2,1,1,7
201500015640,0015-12-05 14:47:00,15,12,5,14,47,130,2,ETIENNE CUCCA-CD908 (AVE,43.36771,5.52459,Plein jour,En agglomération,Hors intersection,Pluie légère,Autre collision,,,,,,,,,,,1,2,1,2,6
201500015641,0015-12-04 19:40:00,15,12,4,19,40,130,55,"54, EUGENE PIERRE (BOULE",43.29619,5.3907,Crépuscule ou aube,En agglomération,Hors intersection,Normale,Autre collision,,,,,,,,,,,2,2,1,1,6
201500015642,0015-12-05 19:45:00,15,12,5,19,45,130,55,"35, CAPELETTE (AVENUE DE",43.28356,5.40105,Nuit avec éclairage allumé,En agglomération,Hors intersection,Normale,Deux véhicules - arrière,,,,,,,,,,,5,2,1,1,2
201500015643,0015-12-06 00:10:00,15,12,6,0,10,130,55,"318, REDON (BOULEVARD DU",43.24546,5.42647,Nuit avec éclairage allumé,En agglomération,Hors intersection,Temps couvert,Sans collision,,,,,,,,,,,5,2,1,8,7
201500015644,0015-12-06 02:15:00,15,12,6,2,15,130,55,"242, ROMAIN ROLLAND (BOU",43.27362,5.41356,Nuit avec éclairage allumé,En agglomération,Hors intersection,Normale,Deux véhicules - côté,,,,,,,,,,,5,2,1,1,3
201500015645,0015-11-30 10:10:00,15,11,30,10,10,130,55,"258, PRADO (AVENUE DU)",43.27462,5.3898,Plein jour,En agglomération,Hors intersection,Normale,Autre collision,,,,,,,,,,,1,2,1,1,6
201500015646,0015-12-04 20:10:00,15,12,4,20,10,130,55,"83, MONTREDON (AVENUE DE",43.24262,5.3695,Nuit avec éclairage allumé,En agglomération,Hors intersection,Normale,Deux véhicules - frontale,,,,,,,,,,,5,2,1,1,1
201500015647,0015-12-06 06:45:00,15,12,6,6,45,130,55,"00, FLORIAN ( ROND POINT",43.28539,5.42525,Crépuscule ou aube,En agglomération,Hors intersection,Pluie légère,Deux véhicules - arrière,,,,,,,,,,,2,2,1,2,2
201500015648,0015-12-06 06:45:00,15,12,6,6,45,130,55,"00, SAINTE MARGUERITE (B",43.26874,5.40404,Nuit avec éclairage allumé,En agglomération,Intersection en X,Normale,Deux véhicules - frontale,,,,,,,,,,,5,2,2,1,1
201500015649,0015-12-05 18:55:00,15,12,5,18,55,130,55,"00, MARCHAL FOCH (AVENU",43.29694,5.40492,Nuit avec éclairage allumé,En agglomération,Hors intersection,Normale,Autre collision,,,,,,,,,,,5,2,1,1,6
201500015650,0015-12-05 14:00:00,15,12,5,14,0,130,55,"00, ATHENES (BOULEVARD D",43.30021,5.38069,Plein jour,En agglomération,Hors intersection,Normale,Deux véhicules - côté,,,,,,,,,,,1,2,1,1,3
201500015651,0015-11-28 14:45:00,15,11,28,14,45,130,55,SAINT ANTOINE A SAINT JO,43.37075,5.35982,Plein jour,Hors agglomération,Hors intersection,Normale,Autre collision,,,,,,,,,,,1,1,1,1,6
201500015652,0015-12-07 07:50:00,15,12,7,7,50,130,55,"287, PRADO (AVENUE DU)",43.28301,5.38535,Crépuscule ou aube,En agglomération,Giratoire,Normale,Deux véhicules - arrière,,,,,,,,,,,2,2,6,1,2
201500015653,0015-12-06 15:45:00,15,12,6,15,45,130,55,"96, VISTE (AVENUE DE LA)",43.35831,5.35755,Plein jour,En agglomération,Intersection en T,Pluie légère,Deux véhicules - côté,,,,,,,,,,,1,2,3,2,3
201500015654,0015-12-07 15:45:00,15,12,7,15,45,130,55,ROLAND DORGELES (BOULEVA,,,Crépuscule ou aube,En agglomération,Hors intersection,Normale,Trois véhicules et plus - en chaîne,,,,,,,,,,,2,2,1,1,4
201500015655,0015-12-07 17:30:00,15,12,7,17,30,130,55,"2, EVECHE (RUE DE L')",43.29779,5.3658,Crépuscule ou aube,En agglomération,Hors intersection,Normale,Autre collision,,,,,,,,,,,2,2,1,1,6
201500015656,0015-07-04 19:30:00,15,7,4,19,30,130,55,"178, FRANOISE DUPARC (B",43.30941,5.40289,Plein jour,En agglomération,Intersection en X,Normale,Deux véhicules - côté,,,,,,,,,,,1,2,2,1,3
201500015657,0015-12-03 07:00:00,15,12,3,7,0,130,75,"95, FRDRIC CHEVILLON (",43.34802,5.46454,Nuit avec éclairage allumé,En agglomération,Hors intersection,Normale,Deux véhicules - arrière,,,,,,,,,,,5,2,1,1,2
201500015658,0015-12-08 08:10:00,15,12,8,8,10,130,55,"152, CAMOINS (AVENUE DES",43.30647,5.5101,Plein jour,En agglomération,Hors intersection,Normale,Autre collision,,,,,,,,,,,1,2,1,1,6
201500015659,0015-12-08 12:14:00,15,12,8,12,14,130,55,"210, 24 AVRIL 15 (AVENUE",43.30846,5.43714,Plein jour,En agglomération,Hors intersection,Normale,Deux véhicules - côté,,,,,,,,,,,1,2,1,1,3
201500015660,0015-12-08 16:45:00,15,12,8,16,45,130,55,"54, PIOT (BOULEVARD)",43.24179,5.37317,Nuit avec éclairage allumé,En agglomération,Intersection en X,Pluie légère,Autre collision,,,,,,,,,,,5,2,2,2,6
201500015661,0015-12-08 17:30:00,15,12,8,17,30,130,55,"310, CHATEAU GOMBERT CHE",43.34957,5.43128,Nuit avec éclairage allumé,Hors agglomération,Hors intersection,Normale,Deux véhicules - côté,,,,,,,,,,,5,1,1,1,3
201500015662,0015-12-08 21:00:00,15,12,8,21,0,130,55,"22, PLOMBIERES (BOULEVAR",43.31522,5.38694,Nuit avec éclairage allumé,En agglomération,Hors intersection,Pluie légère,Autre collision,,,,,,,,,,,5,2,1,2,6
201500015663,0015-12-09 08:00:00,15,12,9,8,0,130,55,"169, CAILLOLS (AVENUE DE",43.30374,5.44001,Plein jour,En agglomération,Hors intersection,Normale,Deux véhicules - arrière,,,,,,,,,,,1,2,1,1,2
201500015664,0015-12-08 11:00:00,15,12,8,11,0,130,55,"87, MIREILLE LAUZE (BOUL",43.28285,5.40872,Plein jour,En agglomération,Intersection en T,Normale,Autre collision,,,,,,,,,,,1,2,3,1,6
201500015665,0015-12-09 12:10:00,15,12,9,12,10,130,55,MAZARGUES (AVENUE DE),43.25654,5.39401,Plein jour,En agglomération,Hors intersection,Normale,Deux véhicules - côté,,,,,,,,,,,1,2,1,1,3
201500015666,0015-12-04 12:00:00,15,12,4,12,0,130,55,"337, ROMAIN ROLLAND (BOU",43.27123,5.40902,Plein jour,En agglomération,Intersection en X,Normale,Deux véhicules - côté,,,,,,,,,,,1,2,2,1,3
201500015667,0015-12-09 19:50:00,15,12,9,19,50,130,55,"164, CAPELETTE (AVENUE D",43.28047,5.40817,Nuit avec éclairage allumé,En agglomération,Hors intersection,Normale,Autre collision,,,,,,,,,,,5,2,1,1,6
201500015668,0015-12-10 10:45:00,15,12,10,10,45,130,55,"1, PROVENCE (RUE DE)",43.30152,5.39605,Plein jour,En agglomération,Intersection en T,Normale,Autre collision,,,,,,,,,,,1,2,3,1,6
201500015669,0015-12-10 14:00:00,15,12,10,14,0,130,55,"20, CESAR BOY (AVENUE)",43.29653,5.4832,Plein jour,En agglomération,Hors intersection,Normale,Autre collision,,,,,,,,,,,1,2,1,1,6
201500015670,0015-12-10 15:20:00,15,12,10,15,20,130,55,"492, PARADIS (RUE)",43.27331,5.38528,Plein jour,Hors agglomération,Hors intersection,Normale,Deux véhicules - côté,,,,,,,,,,,1,1,1,1,3
201500015671,0015-12-10 13:40:00,15,12,10,13,40,130,55,"00, MIREILLE LAUZE (BOUL",43.28337,5.41285,Plein jour,En agglomération,Hors intersection,Normale,Deux véhicules - arrière,,,,,,,,,,,1,2,1,1,2
201500015672,0015-12-10 14:20:00,15,12,10,14,20,130,55,"36, POMME (BOULEVARD DE",43.29185,5.44671,Plein jour,En agglomération,Hors intersection,Normale,Deux véhicules - frontale,,,,,,,,,,,1,2,1,1,1
201500015673,0015-12-10 17:15:00,15,12,10,17,15,130,55,"00, SABLIERE (ROUTE DE L",,,Crépuscule ou aube,En agglomération,Hors intersection,Normale,Deux véhicules - côté,,,,,,,,,,,2,2,1,1,3
201500015674,0015-11-21 18:00:00,15,11,21,18,0,130,55,"66, SAKAKINI (BOULEVARD)",43.29574,5.40016,Plein jour,En agglomération,Hors intersection,Normale,Sans collision,,,,,,,,,,,1,2,1,1,7
201500015675,0015-12-11 06:00:00,15,12,11,6,0,130,55,"00, MENARD (PIERRE) (BOU",43.29074,5.44118,Nuit avec éclairage allumé,En agglomération,Hors intersection,Normale,Deux véhicules - côté,,,,,,,,,,,5,2,1,1,3
201500015676,0015-11-27 20:30:00,15,11,27,20,30,130,55,"54, LIBERATION**BOULEVAR",43.30007,5.3883,Nuit avec éclairage allumé,En agglomération,Hors intersection,Normale,Deux véhicules - côté,,,,,,,,,,,5,2,1,1,3
201500015677,0015-12-10 14:10:00,15,12,10,14,10,130,55,"00, ALAIN SAVARY (ROND-P",43.24605,5.39443,Plein jour,En agglomération,Hors intersection,Normale,Deux véhicules - côté,,,,,,,,,,,1,2,1,1,3
201500015678,0015-12-11 10:58:00,15,12,11,10,58,130,55,"75, ALEX ANSALDI (RUE)",43.33068,5.40468,Plein jour,Hors agglomération,Intersection en T,Normale,Deux véhicules - côté,,,,,,,,,,,1,1,3,1,3
201500015679,0015-12-07 08:45:00,15,12,7,8,45,130,55,"00, PIERRE DOIZE  (RUE)",43.27152,5.42646,Plein jour,Hors agglomération,Hors intersection,Normale,Deux véhicules - frontale,,,,,,,,,,,1,1,1,1,1
201500015680,0015-12-01 11:40:00,15,12,1,11,40,130,55,"75, CORNICHE KENNEDY",43.2892,5.35464,Plein jour,En agglomération,Intersection en T,Normale,Autre collision,,,,,,,,,,,1,2,3,1,6
201500015681,0015-12-07 12:30:00,15,12,7,12,30,130,55,"47, LIEUTAUD (COURS)",43.29401,5.38217,Plein jour,En agglomération,Autre intersection,Normale,Deux véhicules - frontale,,,,,,,,,,,1,2,9,1,1
201500015682,0015-12-11 14:30:00,15,12,11,14,30,130,55,"3, RABATAU (BOULEVARD)",43.27307,5.39215,Plein jour,En agglomération,Hors intersection,Normale,Autre collision,,,,,,,,,,,1,2,1,1,6
201500015683,0015-12-11 15:00:00,15,12,11,15,0,130,55,"2, MILLIERE (BOULEVARD D",43.28381,5.49287,Plein jour,En agglomération,Hors intersection,Normale,Deux véhicules - frontale,,,,,,,,,,,1,2,1,1,1
201500015684,0015-12-11 21:15:00,15,12,11,21,15,130,55,"626, SAINT PIERRE (RUE)",43.29021,5.42557,Nuit avec éclairage allumé,En agglomération,Hors intersection,Normale,Deux véhicules - côté,,,,,,,,,,,5,2,1,1,3
201500015685,0015-12-12 00:45:00,15,12,12,0,45,130,55,"1, FLORIAN ( ROND POINT)",43.2859,5.42541,Nuit avec éclairage allumé,En agglomération,Giratoire,Normale,Deux véhicules - côté,,,,,,,,,,,5,2,6,1,3
201500015686,0015-12-10 14:00:00,15,12,10,14,0,130,55,"26, GARIBALDI (BOULEVARD",43.29661,5.3813,Plein jour,En agglomération,Hors intersection,Normale,Autre collision,,,,,,,,,,,1,2,1,1,6
201500015687,0015-12-10 19:00:00,15,12,10,19,0,130,55,"24, ESPERANDIEU (RUE)",43.30299,5.39359,Nuit avec éclairage allumé,En agglomération,Hors intersection,Normale,Autre collision,,,,,,,,,,,5,2,1,1,6
201500015688,0015-12-11 20:30:00,15,12,11,20,30,130,55,"73, LON GAMBETTA (ALLEE",43.29907,5.38466,Nuit avec éclairage allumé,En agglomération,Hors intersection,Normale,Autre collision,,,,,,,,,,,5,2,1,1,6
201500015689,0015-11-28 14:00:00,15,11,28,14,0,130,55,"147, BAILLE (BOULEVARD)",43.28935,5.39645,Plein jour,En agglomération,Hors intersection,Normale,Deux véhicules - arrière,,,,,,,,,,,1,2,1,1,2
201500015690,0015-11-25 06:05:00,15,11,25,6,5,130,55,"00, BLANCARDE (BOULEVARD",43.30282,5.39951,Nuit avec éclairage allumé,En agglomération,Intersection en X,Normale,Deux véhicules - côté,,,,,,,,,,,5,2,2,1,3
201500015691,0015-12-12 08:55:00,15,12,12,8,55,130,55,"33, BD FERDINAND DE LESS",43.32045,5.37328,Plein jour,En agglomération,Hors intersection,Normale,Autre collision,,,,,,,,,,,1,2,1,1,6
201500015692,0015-12-10 19:00:00,15,12,10,19,0,130,55,"2, LUCIEN ROLMER (RUE)",43.30494,5.37614,Nuit avec éclairage allumé,Hors agglomération,Hors intersection,Normale,Deux véhicules - côté,,,,,,,,,,,5,1,1,1,3
201500015693,0015-12-06 14:00:00,15,12,6,14,0,130,55,"03 B, FLAMMARION (BOULEV",43.30406,5.38717,Plein jour,En agglomération,Intersection en X,Normale,Deux véhicules - côté,,,,,,,,,,,1,2,2,1,3
201500015694,0015-10-14 16:30:00,15,10,14,16,30,130,55,ALEX. FLEMING (BOULEVARD,43.31591,5.40074,Plein jour,En agglomération,Hors intersection,Normale,Autre collision,,,,,,,,,,,1,2,1,1,6
201500015695,0015-12-12 14:40:00,15,12,12,14,40,130,55,"49, VALENTINE (ROUTE DE",43.28909,5.46892,Plein jour,En agglomération,Hors intersection,Normale,Deux véhicules - arrière,,,,,,,,,,,1,2,1,1,2
201500015696,0015-12-12 20:00:00,15,12,12,20,0,130,55,"17, SAINT JEAN DU DESERT",43.30143,5.43738,Nuit avec éclairage non allumé,En agglomération,Hors intersection,Normale,Autre collision,,,,,,,,,,,4,2,1,1,6
201500015697,0015-12-12 22:30:00,15,12,12,22,30,130,55,"89, POMPIDOU (PROMENADE)",43.26305,5.37415,Nuit sans éclairage public,En agglomération,Hors intersection,Normale,Deux véhicules - arrière,,,,,,,,,,,3,2,1,1,2
201500015698,0015-12-12 22:15:00,15,12,12,22,15,130,55,"00, MARCHAL JUIN (BOULE",43.31141,5.40353,Nuit avec éclairage allumé,En agglomération,Hors intersection,Normale,Autre collision,,,,,,,,,,,5,2,1,1,6
201500015699,0015-12-13 01:40:00,15,12,13,1,40,130,55,"220, MAZARGUES (AVENUE D",43.26371,5.39249,Nuit avec éclairage allumé,En agglomération,Hors intersection,Normale,Sans collision,,,,,,,,,,,5,2,1,1,7
201500015700,0015-11-30 06:30:00,15,11,30,6,30,130,55,"264, SAINT PIERRE (RUE)",43.29181,5.4028,Nuit avec éclairage allumé,En agglomération,Hors intersection,Normale,Autre collision,,,,,,,,,,,5,2,1,1,6
201500015701,0015-12-13 07:05:00,15,12,13,7,5,130,55,"00, MARCHAL JUIN (BOULE",43.31112,5.40344,Crépuscule ou aube,En agglomération,Hors intersection,Normale,Autre collision,,,,,,,,,,,2,2,1,1,6
201500015702,0015-12-13 15:00:00,15,12,13,15,0,130,55,"00, ROQUEFAVOUR (AVENUE)",43.36854,5.36004,Plein jour,En agglomération,Hors intersection,Normale,Deux véhicules - arrière,,,,,,,,,,,1,2,1,1,2
201500015703,0015-12-13 18:20:00,15,12,13,18,20,130,55,"00, SAINT JULIEN (AVENUE",43.3076,5.4254,Nuit avec éclairage allumé,En agglomération,Hors intersection,Pluie légère,Deux véhicules - côté,,,,,,,,,,,5,2,1,2,3
201500015704,0015-12-13 22:15:00,15,12,13,22,15,130,55,"27, FOLLEREAU (BOULEVARD",43.29265,5.44581,Nuit avec éclairage allumé,Hors agglomération,Hors intersection,Pluie légère,Deux véhicules - côté,,,,,,,,,,,5,1,1,2,3
201500015705,0015-12-13 20:30:00,15,12,13,20,30,130,55,LITTORAL (CHEMIN DU),43.33929,5.34816,Nuit avec éclairage allumé,Hors agglomération,Hors intersection,Autre,Autre collision,,,,,,,,,,,5,1,1,9,6
201500015706,0015-12-13 20:00:00,15,12,13,20,0,130,55,"25, FRANOISE DUPARC (BO",43.30147,5.40058,Nuit avec éclairage allumé,En agglomération,Hors intersection,Normale,Deux véhicules - arrière,,,,,,,,,,,5,2,1,1,2
201500015707,0015-12-14 08:50:00,15,12,14,8,50,130,55,"00, FLORIAN ( ROND POINT",43.28547,5.42576,Plein jour,En agglomération,Hors intersection,Normale,Deux véhicules - côté,,,,,,,,,,,1,2,1,1,3
201500015708,0015-12-14 11:20:00,15,12,14,11,20,130,55,"22, FAUCHIER (RUE)",43.30432,5.37108,Plein jour,En agglomération,Intersection en X,Normale,Deux véhicules - frontale,,,,,,,,,,,1,2,2,1,1
201500015709,0015-12-10 11:30:00,15,12,10,11,30,130,55,"433, SAINT ANTOINE A SAI",43.36957,5.36116,Plein jour,En agglomération,Hors intersection,Normale,Deux véhicules - côté,,,,,,,,,,,1,2,1,1,3
201500015710,0015-12-14 16:20:00,15,12,14,16,20,130,55,"76, SAINT MARCEL (BOULEV",43.28878,5.46024,Plein jour,En agglomération,Hors intersection,Normale,Trois véhicules et plus - collisions multiples,,,,,,,,,,,1,2,1,1,5
201500015711,0015-12-14 19:40:00,15,12,14,19,40,130,55,"20, PIERRE DOIZE  (RUE)",43.28144,5.42975,Nuit avec éclairage allumé,En agglomération,Hors intersection,Normale,Deux véhicules - côté,,,,,,,,,,,5,2,1,1,3
201500015712,0015-12-14 11:50:00,15,12,14,11,50,130,55,"00, HENRI MARTINET (ROND",43.29769,5.47918,Plein jour,En agglomération,Hors intersection,Normale,Deux véhicules - arrière,,,,,,,,,,,1,2,1,1,2
201500015713,0015-12-15 07:45:00,15,12,15,7,45,130,55,"00, SAINT MENET (AVENUE",43.28819,5.50334,Crépuscule ou aube,En agglomération,Hors intersection,Normale,Deux véhicules - arrière,,,,,,,,,,,2,2,1,1,2
201500015714,0015-12-15 08:20:00,15,12,15,8,20,130,55,"112, CALLELONGUE (RUE)",43.25582,5.39244,Plein jour,Hors agglomération,Hors intersection,Normale,Autre collision,,,,,,,,,,,1,1,1,1,6
201500015715,0015-11-26 16:00:00,15,11,26,16,0,130,55,NOTRE DAME (PLACE),43.29234,5.38347,Plein jour,En agglomération,Intersection en X,Normale,Deux véhicules - côté,,,,,,,,,,,1,2,2,1,3
201500015716,0015-12-09 13:00:00,15,12,9,13,0,130,55,"242, PEINTRES ROUX (AVEN",43.30065,5.47684,Plein jour,En agglomération,Autre intersection,Normale,Deux véhicules - côté,,,,,,,,,,,1,2,9,1,3
201500015717,0015-12-10 08:05:00,15,12,10,8,5,130,55,"22, MELCHIOR GUINOT (RUE",43.30979,5.36998,Plein jour,En agglomération,Hors intersection,Normale,Deux véhicules - côté,,,,,,,,,,,1,2,1,1,3
201500015718,0015-12-15 18:00:00,15,12,15,18,0,130,55,CHATEAU GOMBERT CHEMIN,,,Nuit avec éclairage allumé,En agglomération,Hors intersection,Normale,Autre collision,,,,,,,,,,,5,2,1,1,6
201500015719,0015-12-15 16:00:00,15,12,15,16,0,130,55,"232, SAINTE MARGUERITE (",43.26359,5.4107,Plein jour,En agglomération,Intersection en X,Normale,Deux véhicules - côté,,,,,,,,,,,1,2,2,1,3
201500015720,0015-12-15 20:20:00,15,12,15,20,20,130,55,MENARD (PIERRE) (BOULEVA,43.29089,5.44284,Nuit avec éclairage allumé,En agglomération,Intersection en T,Temps couvert,Deux véhicules - côté,,,,,,,,,,,5,2,3,8,3
201500015721,0015-12-15 23:55:00,15,12,15,23,55,130,55,"57, EDMOND ROSTAND (RUE)",43.28474,5.38183,Nuit avec éclairage allumé,En agglomération,Intersection en X,Normale,Deux véhicules - côté,,,,,,,,,,,5,2,2,1,3
201500015722,0015-12-15 18:00:00,15,12,15,18,0,130,55,"37, DAMES (BOULEVARD DES",43.30257,5.36887,Nuit avec éclairage allumé,En agglomération,Intersection en X,Normale,Autre collision,,,,,,,,,,,5,2,2,1,6
201500015723,0015-12-16 05:50:00,15,12,16,5,50,130,55,"00, FLORIAN ( ROND POINT",43.28511,5.4259,Nuit avec éclairage allumé,En agglomération,Hors intersection,Normale,Deux véhicules - côté,,,,,,,,,,,5,2,1,1,3
201500015724,0015-12-16 04:54:00,15,12,16,4,54,130,55,"1, LA PUGETTE (BOULEVARD",43.26866,5.40143,Nuit avec éclairage allumé,En agglomération,Hors intersection,Normale,Autre collision,,,,,,,,,,,5,2,1,1,6
201500015725,0015-12-15 16:00:00,15,12,15,16,0,130,55,"33, ARGILE (CHEMIN DE L'",43.28187,5.39531,Plein jour,En agglomération,Hors intersection,Normale,Autre collision,,,,,,,,,,,1,2,1,1,6