accident_id,datetime,annee,mois,jour,heure,minute,departement,commune_insee,adresse,latitude,longitude,luminosite,agglomeration,intersection,meteo,collision,nb_vehicules,nb_usagers,nb_indemnes,nb_tues,nb_blesses_hosp,nb_blesses_legers,age_cond_1,age_cond_2,veh_type_cond_1,veh_type_cond_2,lum_code,agg_code,int_code,atm_code,col_code
201500015981,0015-07-22 12:50:00,15,7,22,12,50,130,108,VOLTAIRE (FAUBOURG),43.80816,4.66291,Plein jour,En agglomération,Hors intersection,Normale,Autre collision,,,,,,,,,,,1,2,1,1,6
201500015982,0015-07-25 18:35:00,15,7,25,18,35,300,32,LIBERTE QUAI DE,,,Plein jour,En agglomération,Hors intersection,Normale,Autre collision,,,,,,,,,,,1,2,1,1,6
201500015983,0015-07-31 08:44:00,15,7,31,8,44,130,108,RD 99 ROUTE DE SAINT REM,43.7968,4.69018,Plein jour,En agglomération,Hors intersection,Normale,Deux véhicules - côté,,,,,,,,,,,1,2,1,1,3
201500015984,0015-08-03 21:00:00,15,8,3,21,0,130,108,RD 970 ROUTE D'AVIGNON,43.82626,4.70193,Crépuscule ou aube,Hors agglomération,Hors intersection,Normale,Sans collision,,,,,,,,,,,2,1,1,1,7
201500015985,0015-08-11 09:55:00,15,8,11,9,55,130,108,ROI RENE (BOULEVARD),,,Plein jour,En agglomération,Hors intersection,Normale,Deux véhicules - arrière,,,,,,,,,,,1,2,1,1,2
201500015986,0015-08-15 01:43:00,15,8,15,1,43,130,108,"572, ARLES (PETITE ROUTE",43.79487,4.66478,Nuit sans éclairage public,Hors agglomération,Hors intersection,Normale,Autre collision,,,,,,,,,,,3,1,1,1,6
201500015987,0015-08-15 04:25:00,15,8,15,4,25,130,108,RD 970 ROUTE D'AVIGNON,43.81329,4.67083,Nuit sans éclairage public,Hors agglomération,Hors intersection,Normale,Sans collision,,,,,,,,,,,3,1,1,1,7
201500015988,0015-08-16 13:06:00,15,8,16,13,6,300,32,FOURQUES ROUTE DE,43.7925,4.63039,Plein jour,En agglomération,Giratoire,Normale,Deux véhicules - côté,,,,,,,,,,,1,2,6,1,3
201500015989,0015-08-16 01:50:00,15,8,16,1,50,300,32,SAINT GILLES ROUTE DE,43.80529,4.61968,Nuit avec éclairage allumé,En agglomération,Hors intersection,Normale,Sans collision,,,,,,,,,,,5,2,1,1,7
201500015990,0015-08-15 14:50:00,15,8,15,14,50,130,108,RD 970 ROUTE D'AVIGNON,,,Plein jour,Hors agglomération,Hors intersection,Normale,Sans collision,,,,,,,,,,,1,1,1,1,7
201500015991,0015-08-25 08:30:00,15,8,25,8,30,130,108,ARLES (PETITE ROUTE D AR,43.7707,4.66855,Plein jour,Hors agglomération,Hors intersection,Normale,Deux véhicules - frontale,,,,,,,,,,,1,1,1,1,1
201500015992,0015-08-28 07:50:00,15,8,28,7,50,130,108,RD 970 ROUTE D'AVIGNON,43.82164,4.68834,Plein jour,Hors agglomération,Hors intersection,Normale,Sans collision,,,,,,,,,,,1,1,1,1,7
201500015993,0015-08-28 18:57:00,15,8,28,18,57,300,32,BRUNETTES CHEMIN DES,,,Plein jour,Hors agglomération,Intersection en X,Normale,Deux véhicules - côté,,,,,,,,,,,1,1,2,1,3
201500015994,0015-08-28 21:00:00,15,8,28,21,0,300,32,D 90,,,Crépuscule ou aube,Hors agglomération,Hors intersection,Normale,Deux véhicules - côté,,,,,,,,,,,2,1,1,1,3
201500015995,0015-09-01 17:15:00,15,9,1,17,15,130,108,ARISTIDE BRIAND (COURS),43.80392,4.65594,Plein jour,Hors agglomération,Giratoire,Normale,Deux véhicules - côté,,,,,,,,,,,1,1,6,1,3
201500015996,0015-09-04 14:35:00,15,9,4,14,35,130,108,RD 970 ROUTE D'AVIGNON,,,Plein jour,Hors agglomération,Hors intersection,Normale,Sans collision,,,,,,,,,,,1,1,1,1,7
201500015997,0015-09-04 17:00:00,15,9,4,17,0,300,32,FOUSSAT CHEMIN DE,43.79766,4.61924,Plein jour,Hors agglomération,Intersection en X,Normale,Deux véhicules - côté,,,,,,,,,,,1,1,2,1,3
201500015998,0015-09-06 01:30:00,15,9,6,1,30,300,32,NIMES ROUTE DE CD 999,43.80468,4.65439,Nuit sans éclairage public,En agglomération,Autre intersection,Normale,Deux véhicules - côté,,,,,,,,,,,3,2,9,1,3
201500015999,0015-09-08 12:50:00,15,9,8,12,50,300,32,GENERAL DE GAULLE QUAI,,,Plein jour,En agglomération,Hors intersection,Normale,Deux véhicules - frontale,,,,,,,,,,,1,2,1,1,1
201500016000,0015-09-10 08:45:00,15,9,10,8,45,300,32,JEAN MOULIN ( RUE ),43.80951,4.63812,Plein jour,Hors agglomération,Hors intersection,Normale,Deux véhicules - côté,,,,,,,,,,,1,1,1,1,3
201500016001,0015-09-15 12:01:00,15,9,15,12,1,130,108,ITAM (BOULEVARD),43.80272,4.65812,Plein jour,En agglomération,Hors intersection,Normale,Autre collision,,,,,,,,,,,1,2,1,1,6
201500016002,0015-09-17 19:20:00,15,9,17,19,20,300,32,ANCIENS COMBATTANTS AFRI,43.80972,4.64311,Plein jour,En agglomération,Intersection en T,Normale,Deux véhicules - côté,,,,,,,,,,,1,2,3,1,3
201500016003,0015-09-18 19:10:00,15,9,18,19,10,130,108,CD 35 ROUTE DE BOULBON,43.84625,4.67802,Plein jour,Hors agglomération,Intersection en Y,Normale,Deux véhicules - côté,,,,,,,,,,,1,1,4,1,3
201500016004,0015-10-01 09:45:00,15,10,1,9,45,300,32,"47, FARCIENNES AVENUE DE",43.81146,4.63345,Plein jour,En agglomération,Hors intersection,Normale,Deux véhicules - arrière,,,,,,,,,,,1,2,1,1,2
201500016005,0015-10-03 11:50:00,15,10,3,11,50,300,32,BEAUVOIR CHEMIN DE,,,Plein jour,Hors agglomération,Hors intersection,Normale,Autre collision,,,,,,,,,,,1,1,1,1,6
201500016006,0015-10-07 16:00:00,15,10,7,16,0,130,108,CHATEAU GAILLARD (Avenue,,,Plein jour,En agglomération,Hors intersection,Normale,Deux véhicules - côté,,,,,,,,,,,1,2,1,1,3
201500016007,0015-10-17 11:30:00,15,10,17,11,30,130,108,ITAM (BOULEVARD),43.80651,4.65886,Plein jour,Hors agglomération,Hors intersection,Normale,Autre collision,,,,,,,,,,,1,1,1,1,6
201500016008,0015-10-22 13:20:00,15,10,22,13,20,300,32,ILE DU PILET CHEMIN DE L,,,Plein jour,Hors agglomération,Hors intersection,Vent fort / tempête,Sans collision,,,,,,,,,,,1,1,1,6,7
201500016009,0015-10-23 11:00:00,15,10,23,11,0,300,32,FOURQUES ROUTE DE,43.79277,4.63011,Plein jour,Hors agglomération,Giratoire,Normale,Sans collision,,,,,,,,,,,1,1,6,1,7
201500016010,0015-11-02 18:05:00,15,11,2,18,5,300,32,"52, FARCIENNES AVENUE DE",43.81331,4.62608,Plein jour,En agglomération,Hors intersection,Normale,Deux véhicules - frontale,,,,,,,,,,,1,2,1,1,1
201500016011,0015-11-10 16:40:00,15,11,10,16,40,300,32,FOURQUES ROUTE DE,43.79303,4.63027,Plein jour,Hors agglomération,Giratoire,Normale,Deux véhicules - frontale,,,,,,,,,,,1,1,6,1,1
201500016012,0015-11-10 19:30:00,15,11,10,19,30,300,32,SAINT GILLES ROUTE DE,,,Nuit sans éclairage public,Hors agglomération,Hors intersection,Normale,Deux véhicules - frontale,,,,,,,,,,,3,1,1,1,1
201500016013,0015-11-13 21:30:00,15,11,13,21,30,130,108,RD 570 N ROUTE D ARLES,,,Nuit sans éclairage public,Hors agglomération,Hors intersection,Normale,Deux véhicules - frontale,,,,,,,,,,,3,1,1,1,1
201500016014,0015-11-15 02:50:00,15,11,15,2,50,300,32,saint gilles route RD38,,,Nuit sans éclairage public,Hors agglomération,Hors intersection,Normale,Sans collision,,,,,,,,,,,3,1,1,1,7
201500016015,0015-11-25 17:00:00,15,11,25,17,0,300,32,BEAUVOIR CHEMIN DE,,,Plein jour,Hors agglomération,Hors intersection,Normale,Sans collision,,,,,,,,,,,1,1,1,1,7
201500016016,0015-01-04 16:00:00,15,1,4,16,0,130,117,"FACE 29, MOULIN ( AVENUE",43.45632,5.24688,Plein jour,En agglomération,Hors intersection,Normale,Sans collision,,,,,,,,,,,1,2,1,1,7
201500016017,0015-03-20 08:40:00,15,3,20,8,40,130,117,ROND POINT DE PIERRE PLA,43.44629,5.24806,Plein jour,En agglomération,Giratoire,Pluie légère,Deux véhicules - côté,,,,,,,,,,,1,2,6,2,3
201500016018,0015-01-05 14:05:00,15,1,5,14,5,130,117,ROUTE NATIONALE 113-L'AN,,,Plein jour,Hors agglomération,Hors intersection,Normale,Trois véhicules et plus - collisions multiples,,,,,,,,,,,1,1,1,1,5
201500016019,0015-03-21 01:15:00,15,3,21,1,15,130,117,MARSEILLE ( AVENUE DE ),,,Nuit avec éclairage allumé,En agglomération,Hors intersection,Normale,Deux véhicules - frontale,,,,,,,,,,,5,2,1,1,1
201500016020,0015-01-06 10:15:00,15,1,6,10,15,130,117,ZI ESTROUBLANS RN 113,,,Plein jour,Hors agglomération,Hors intersection,Normale,Deux véhicules - arrière,,,,,,,,,,,1,1,1,1,2
201500016021,0015-03-21 15:00:00,15,3,21,15,0,130,71,PLAN DE CAMPAGNE (AVE. D,,,Plein jour,Hors agglomération,Hors intersection,Pluie légère,Deux véhicules - arrière,,,,,,,,,,,1,1,1,2,2
201500016022,0015-01-07 09:15:00,15,1,7,9,15,130,19,D9,,,Plein jour,Hors agglomération,Hors intersection,Normale,Deux véhicules - arrière,,,,,,,,,,,1,1,1,1,2
201500016023,0015-03-23 17:40:00,15,3,23,17,40,130,117,CD 9 ESTROUBLANS,43.42771,5.25678,Plein jour,En agglomération,Intersection en T,Normale,Sans collision,,,,,,,,,,,1,2,3,1,7
201500016024,0015-03-23 19:40:00,15,3,23,19,40,130,117,"00, STADIUM (CD9)",,,Nuit sans éclairage public,Hors agglomération,Hors intersection,Normale,Autre collision,,,,,,,,,,,3,1,1,1,6
201500016025,0015-01-10 17:10:00,15,1,10,17,10,130,117,SALYENS ( AVENUE DES ),43.44204,5.253,Crépuscule ou aube,En agglomération,Intersection en T,Normale,Deux véhicules - côté,,,,,,,,,,,2,2,3,1,3
201500016026,0015-03-19 14:00:00,15,3,19,14,0,130,71,PETITS CADENAUX ( CHEMIN,43.38217,5.34244,Plein jour,En agglomération,Autre intersection,Normale,Deux véhicules - côté,,,,,,,,,,,1,2,9,1,3
201500016027,0015-01-13 08:40:00,15,1,13,8,40,130,117,"36, ATHENES (RUE D')",43.43967,5.23958,Plein jour,Hors agglomération,Hors intersection,Temps couvert,Deux véhicules - côté,,,,,,,,,,,1,1,1,8,3
201500016028,0015-03-24 10:00:00,15,3,24,10,0,130,71,TOTAL (RN 113 - LE TUNNE,,,Plein jour,Hors agglomération,Hors intersection,Normale,Deux véhicules - frontale,,,,,,,,,,,1,1,1,1,1
201500016029,0015-01-13 09:00:00,15,1,13,9,0,130,71,"18, VELAUX (CHEMIN)",43.41248,5.35063,Plein jour,Hors agglomération,Intersection en T,Normale,Sans collision,,,,,,,,,,,1,1,3,1,7
201500016030,0015-01-16 12:25:00,15,1,16,12,25,130,71,ROUTE NATIONALE 113 - AG,,,Plein jour,Hors agglomération,Hors intersection,Temps couvert,Deux véhicules - arrière,,,,,,,,,,,1,1,1,8,2
201500016031,0015-06-09 11:25:00,15,6,9,11,25,130,117,CARREFOUR (PARKING CENTR,43.43311,5.26065,Plein jour,En agglomération,Hors intersection,Normale,Deux véhicules - côté,,,,,,,,,,,1,2,1,1,3
201500016032,0015-01-16 13:00:00,15,1,16,13,0,130,117,CHEMIN DEPARTEMENTAL 9 (,,,Plein jour,Hors agglomération,Hors intersection,Pluie légère,Autre collision,,,,,,,,,,,1,1,1,2,6
201500016033,0015-03-25 15:35:00,15,3,25,15,35,130,117,CD 9 ESTROUBLANS,,,Plein jour,Hors agglomération,Hors intersection,Temps couvert,Deux véhicules - arrière,,,,,,,,,,,1,1,1,8,2
201500016034,0015-01-16 19:45:00,15,1,16,19,45,130,117,LA BASTIDE BLANCHE CD 9,,,Nuit sans éclairage public,Hors agglomération,Hors intersection,Pluie légère,Sans collision,,,,,,,,,,,3,1,1,2,7
201500016035,0015-04-01 15:00:00,15,4,1,15,0,130,71,ROUTE NATIONALE 368 (PLA,,,Plein jour,Hors agglomération,Hors intersection,Normale,Sans collision,,,,,,,,,,,1,1,1,1,7
201500016036,0015-01-19 19:45:00,15,1,19,19,45,130,117,"14, BRUXELLES (RUE DE)",43.42534,5.24391,Nuit sans éclairage public,Hors agglomération,Hors intersection,Pluie légère,Autre collision,,,,,,,,,,,3,1,1,2,6
201500016037,0015-03-28 21:45:00,15,3,28,21,45,130,71,QUICK (CD6),,,Nuit avec éclairage allumé,En agglomération,Hors intersection,Normale,Deux véhicules - frontale,,,,,,,,,,,5,2,1,1,1
201500016038,0015-01-19 21:00:00,15,1,19,21,0,130,117,"2, CASILE ( BOULEVARD AL",,,Nuit avec éclairage allumé,En agglomération,Hors intersection,Pluie légère,Trois véhicules et plus - collisions multiples,,,,,,,,,,,5,2,1,2,5
201500016039,0015-04-04 11:00:00,15,4,4,11,0,130,117,MARSEILLE ( AVENUE DE ),43.43251,5.26504,Plein jour,En agglomération,Hors intersection,Normale,Deux véhicules - arrière,,,,,,,,,,,1,2,1,1,2
201500016040,0015-01-23 09:00:00,15,1,23,9,0,130,71,D 543,,,Plein jour,Hors agglomération,Hors intersection,Normale,Deux véhicules - arrière,,,,,,,,,,,1,1,1,1,2
201500016041,0015-04-04 15:30:00,15,4,4,15,30,130,71,QUICK (CD6),,,Plein jour,En agglomération,Hors intersection,Normale,Deux véhicules - côté,,,,,,,,,,,1,2,1,1,3
201500016042,0015-01-31 03:06:00,15,1,31,3,6,130,71,"02, PAS DE LA MUE ( CHEM",43.42564,5.30514,Nuit avec éclairage allumé,En agglomération,Hors intersection,Normale,Autre collision,,,,,,,,,,,5,2,1,1,6
201500016043,0015-04-05 17:45:00,15,4,5,17,45,130,117,"25, 8 MAI 1945 (AVENUE)",43.42466,5.2778,Plein jour,En agglomération,Hors intersection,Normale,Sans collision,,,,,,,,,,,1,2,1,1,7
201500016044,0015-02-02 16:30:00,15,2,2,16,30,130,71,ROUTE NATIONALE 113 - MO,,,Plein jour,Hors agglomération,Hors intersection,Normale,Deux véhicules - arrière,,,,,,,,,,,1,1,1,1,2
201500016045,0015-04-07 11:00:00,15,4,7,11,0,130,117,MOULIN ( AVENUE JEAN),43.45468,5.2439,Plein jour,En agglomération,Intersection en T,Normale,Autre collision,,,,,,,,,,,1,2,3,1,6
201500016046,0015-02-04 06:30:00,15,2,4,6,30,130,117,CHEMIN DEPARTEMENTAL CD,,,Nuit sans éclairage public,Hors agglomération,Hors intersection,Normale,Autre collision,,,,,,,,,,,3,1,1,1,6
201500016047,0015-04-07 13:30:00,15,4,7,13,30,130,19,CD6,,,Plein jour,Hors agglomération,Hors intersection,Normale,Deux véhicules - arrière,,,,,,,,,,,1,1,1,1,2
201500016048,0015-02-03 11:30:00,15,2,3,11,30,130,71,ROUTE NATIONALE 113 - AG,43.41716,5.2891,Plein jour,En agglomération,Intersection en X,Normale,Deux véhicules - côté,,,,,,,,,,,1,2,2,1,3
201500016049,0015-04-08 17:25:00,15,4,8,17,25,130,117,CD 9 ESTROUBLANS,,,Plein jour,Hors agglomération,Intersection en Y,Normale,Trois véhicules et plus - en chaîne,,,,,,,,,,,1,1,4,1,4
201500016050,0015-02-05 08:20:00,15,2,5,8,20,130,117,EUROPE (AVENUE DE L'),,,Crépuscule ou aube,En agglomération,Hors intersection,Neige / grêle,Deux véhicules - arrière,,,,,,,,,,,2,2,1,4,2
201500016051,0015-04-06 14:00:00,15,4,6,14,0,130,19,D9,,,Plein jour,Hors agglomération,Hors intersection,Normale,Sans collision,,,,,,,,,,,1,1,1,1,7
201500016052,0015-02-05 07:30:00,15,2,5,7,30,130,117,ROUTE NATIONALE 113 - CA,,,Plein jour,En agglomération,Hors intersection,Neige / grêle,Deux véhicules - arrière,,,,,,,,,,,1,2,1,4,2
201500016053,0015-12-29 22:00:00,15,12,29,22,0,130,71,RD 543 .....?,,,Nuit sans éclairage public,Hors agglomération,Hors intersection,Normale,Deux véhicules - côté,,,,,,,,,,,3,1,1,1,3
201500016054,0015-04-04 12:20:00,15,4,4,12,20,130,19,D60 A,,,Plein jour,Hors agglomération,Hors intersection,Normale,Deux véhicules - frontale,,,,,,,,,,,1,1,1,1,1
201500016055,0015-02-05 11:45:00,15,2,5,11,45,130,117,CHEMIN DEPARTEMENTAL 9 (,43.42827,5.26183,Plein jour,En agglomération,Intersection en X,Normale,Deux véhicules - arrière,,,,,,,,,,,1,2,2,1,2
201500016056,0015-04-14 16:30:00,15,4,14,16,30,130,19,D9,,,Plein jour,Hors agglomération,Hors intersection,Normale,Autre collision,,,,,,,,,,,1,1,1,1,6
201500016057,0015-02-07 15:30:00,15,2,7,15,30,130,71,"01, CD 6",,,Plein jour,En agglomération,Hors intersection,Normale,Trois véhicules et plus - collisions multiples,,,,,,,,,,,1,2,1,1,5
201500016058,0015-04-18 10:00:00,15,4,18,10,0,130,19,ROUTE D'APT,43.4524,5.3588,Plein jour,Hors agglomération,Intersection en T,Normale,Deux véhicules - côté,,,,,,,,,,,1,1,3,1,3
201500016059,0015-02-10 08:30:00,15,2,10,8,30,130,117,ANCIENS COMBAT. INDOCHIN,,,Plein jour,En agglomération,Hors intersection,Normale,Deux véhicules - arrière,,,,,,,,,,,1,2,1,1,2
201500016060,0015-04-21 17:30:00,15,4,21,17,30,130,71,ROUTE NATIONALE 368 (VIL,,,Plein jour,Hors agglomération,Autre intersection,Normale,Autre collision,,,,,,,,,,,1,1,9,1,6
201500016061,0015-02-10 09:40:00,15,2,10,9,40,130,71,ROUTE NATIONALE 368 (VIL,43.40801,5.30391,Plein jour,En agglomération,Intersection en Y,Normale,Deux véhicules - côté,,,,,,,,,,,1,2,4,1,3
201500016062,0015-04-22 11:00:00,15,4,22,11,0,130,117,"X, SEIGLES ( ALLEE DES )",43.4226,5.28144,Plein jour,En agglomération,Intersection en X,Normale,Deux véhicules - côté,,,,,,,,,,,1,2,2,1,3
201500016063,0015-02-11 09:30:00,15,2,11,9,30,130,19,RUE MARIE-PIERRE KOENING,,,Plein jour,En agglomération,Hors intersection,Normale,Deux véhicules - arrière,,,,,,,,,,,1,2,1,1,2
201500016064,0015-04-22 11:50:00,15,4,22,11,50,130,19,D8,43.44782,5.36695,Plein jour,En agglomération,Intersection en T,Normale,Deux véhicules - frontale,,,,,,,,,,,1,2,3,1,1
201500016065,0015-02-12 08:56:00,15,2,12,8,56,130,19,D9,,,Plein jour,Hors agglomération,Hors intersection,Normale,Deux véhicules - arrière,,,,,,,,,,,1,1,1,1,2
201500016066,0015-04-23 10:30:00,15,4,23,10,30,130,71,QUICK (CD6),,,Plein jour,Hors agglomération,Hors intersection,Normale,Deux véhicules - arrière,,,,,,,,,,,1,1,1,1,2
201500016067,0015-02-16 18:40:00,15,2,16,18,40,130,55,"159, FRANCOIS MITTERAND",43.38532,5.34551,Plein jour,En agglomération,Intersection en Y,Normale,Deux véhicules - frontale,,,,,,,,,,,1,2,4,1,1
201500016068,0015-04-24 17:15:00,15,4,24,17,15,130,117,STADIUM (CD9),,,Plein jour,Hors agglomération,Hors intersection,Normale,Deux véhicules - arrière,,,,,,,,,,,1,1,1,1,2
201500016069,0015-02-17 10:30:00,15,2,17,10,30,130,117,CHEMIN DEPARTEMENTAL 9 (,,,Plein jour,Hors agglomération,Hors intersection,Normale,Sans collision,,,,,,,,,,,1,1,1,1,7
201500016070,0015-04-24 23:05:00,15,4,24,23,5,130,71,"00, QUICK (CD6)",,,Nuit avec éclairage allumé,Hors agglomération,Hors intersection,Normale,Deux véhicules - frontale,,,,,,,,,,,5,1,1,1,1
201500016071,0015-02-22 07:45:00,15,2,22,7,45,130,117,PADOVANI ( AVE ),43.43702,5.25684,Plein jour,En agglomération,Intersection en T,Normale,Deux véhicules - côté,,,,,,,,,,,1,2,3,1,3
201500016072,0015-04-28 17:33:00,15,4,28,17,33,130,71,CHEMIN DEPARTEMENTAL 6 (,,,Plein jour,Hors agglomération,Hors intersection,Normale,Trois véhicules et plus - en chaîne,,,,,,,,,,,1,1,1,1,4
201500016073,0015-02-24 11:50:00,15,2,24,11,50,130,117,CHEMIN DEPARTEMENTAL CD,,,Plein jour,Hors agglomération,Hors intersection,Normale,Autre collision,,,,,,,,,,,1,1,1,1,6
201500016074,0015-04-28 18:00:00,15,4,28,18,0,130,55,"130, FRANCOIS MITTERAND",,,Plein jour,Hors agglomération,Hors intersection,Normale,Deux véhicules - arrière,,,,,,,,,,,1,1,1,1,2
201500016075,0015-02-24 12:10:00,15,2,24,12,10,130,71,PLAN DE CAMPAGNE,,,Plein jour,Hors agglomération,Autre intersection,Normale,Deux véhicules - côté,,,,,,,,,,,1,1,9,1,3
201500016076,0015-04-30 09:50:00,15,4,30,9,50,130,117,"00, MARSEILLE ( AVENUE D",43.43817,5.26231,Plein jour,En agglomération,Intersection en T,Normale,Deux véhicules - arrière,,,,,,,,,,,1,2,3,1,2
201500016077,0015-02-23 17:00:00,15,2,23,17,0,130,19,AVENUE DU PLAN DE CAMPAG,,,Plein jour,En agglomération,Hors intersection,Normale,Sans collision,,,,,,,,,,,1,2,1,1,7
201500016078,0015-05-01 11:30:00,15,5,1,11,30,130,71,"1, CASTELET ( RUE DU )",43.41976,5.33765,Plein jour,En agglomération,Intersection en X,Normale,Deux véhicules - frontale,,,,,,,,,,,1,2,2,1,1
201500016079,0015-02-25 14:00:00,15,2,25,14,0,130,71,MUGUET ( BOULEVARD DU ),43.38206,5.34129,Plein jour,En agglomération,Autre intersection,Normale,Autre collision,,,,,,,,,,,1,2,9,1,6
201500016080,0015-05-04 14:10:00,15,5,4,14,10,130,71,"223, MITTERRAND (AVENUE",43.40058,5.34041,Plein jour,En agglomération,Hors intersection,Normale,Deux véhicules - arrière,,,,,,,,,,,1,2,1,1,2
201500016081,0015-02-27 13:50:00,15,2,27,13,50,130,71,"36, CAPITAINE DE CORVETT",43.39841,5.33538,Plein jour,En agglomération,Hors intersection,Normale,Autre collision,,,,,,,,,,,1,2,1,1,6
201500016082,0015-05-08 18:20:00,15,5,8,18,20,130,117,ROUTE NATIONALE 113-L'AN,43.41929,5.27226,Plein jour,Hors agglomération,Hors intersection,Normale,Sans collision,,,,,,,,,,,1,1,1,1,7
201500016083,0015-03-02 23:40:00,15,3,2,23,40,130,117,MARSEILLE ( AVENUE DE ),,,Nuit avec éclairage allumé,En agglomération,Hors intersection,Normale,Autre collision,,,,,,,,,,,5,2,1,1,6
201500016084,0015-05-09 20:00:00,15,5,9,20,0,130,117,ROUTE NATIONALE 113 - AG,,,Plein jour,En agglomération,Hors intersection,Normale,Deux véhicules - arrière,,,,,,,,,,,1,2,1,1,2
201500016085,0015-05-02 17:30:00,15,5,2,17,30,130,19,AVENUE CHARLES GOUNOD,,,Plein jour,En agglomération,Hors intersection,Normale,Sans collision,,,,,,,,,,,1,2,1,1,7
201500016086,0015-03-07 06:20:00,15,3,7,6,20,130,71,TOTAL (RN 113 - LE TUNNE,43.42083,5.26922,Nuit avec éclairage allumé,En agglomération,Hors intersection,Normale,Autre collision,,,,,,,,,,,5,2,1,1,6
201500016087,0015-05-12 06:30:00,15,5,12,6,30,130,71,ROUTE NATIONALE 113 - RE,43.41306,5.30148,Crépuscule ou aube,Hors agglomération,Hors intersection,Normale,Sans collision,,,,,,,,,,,2,1,1,1,7
201500016088,0015-05-12 16:10:00,15,5,12,16,10,130,71,MITTERRAND (AVENUE FRANC,,,Plein jour,En agglomération,Hors intersection,Normale,Deux véhicules - côté,,,,,,,,,,,1,2,1,1,3
201500016089,0015-03-08 08:50:00,15,3,8,8,50,130,71,"17, CAPELANE ( BOULEVARD",43.41821,5.29707,Plein jour,En agglomération,Hors intersection,Normale,Autre collision,,,,,,,,,,,1,2,1,1,6
201500016090,0015-03-10 18:00:00,15,3,10,18,0,130,71,ANNE-MARIE ( BOULEVARD ),,,Plein jour,En agglomération,Hors intersection,Normale,Deux véhicules - arrière,,,,,,,,,,,1,2,1,1,2
201500016091,0015-05-13 18:20:00,15,5,13,18,20,130,19,"1, AVENUE DU PLAN DE CAM",43.40944,5.32266,Plein jour,En agglomération,Hors intersection,Normale,Autre collision,,,,,,,,,,,1,2,1,1,6
201500016092,0015-03-10 19:00:00,15,3,10,19,0,130,117,DROITS DE L'HOMME (AVENU,,,Crépuscule ou aube,En agglomération,Hors intersection,Normale,Deux véhicules - arrière,,,,,,,,,,,2,2,1,1,2
201500016093,0015-05-15 16:00:00,15,5,15,16,0,130,117,MONNET (AVENUE JEAN),,,Plein jour,En agglomération,Hors intersection,Normale,Sans collision,,,,,,,,,,,1,2,1,1,7
201500016094,0015-03-11 16:10:00,15,3,11,16,10,130,117,BAOU (QUARTIER DU PONT D,,,Plein jour,Hors agglomération,Hors intersection,Normale,Deux véhicules - arrière,,,,,,,,,,,1,1,1,1,2
201500016095,0015-05-16 09:20:00,15,5,16,9,20,130,71,"12, DE LATTRE DE TASSIGN",43.41795,5.29057,Plein jour,En agglomération,Hors intersection,Normale,Deux véhicules - frontale,,,,,,,,,,,1,2,1,1,1
201500016096,0015-03-11 17:45:00,15,3,11,17,45,130,71,ROUTE NATIONALE 113 - MO,43.40187,5.33551,Plein jour,Hors agglomération,Giratoire,Normale,Deux véhicules - côté,,,,,,,,,,,1,1,6,1,3
201500016097,0015-05-20 17:30:00,15,5,20,17,30,130,117,"X, BRETELLE DE SORTIE A7",,,Plein jour,En agglomération,Hors intersection,Normale,Deux véhicules - arrière,,,,,,,,,,,1,2,1,1,2
201500016098,0015-03-12 06:10:00,15,3,12,6,10,130,117,"30, LONDRES (AVENUE DE)",,,Crépuscule ou aube,En agglomération,Hors intersection,Normale,Deux véhicules - côté,,,,,,,,,,,2,2,1,1,3
201500016099,0015-05-24 12:00:00,15,5,24,12,0,130,71,"218, MITTERRAND (AVENUE",43.3952,5.34356,Plein jour,Hors agglomération,Hors intersection,Normale,Deux véhicules - arrière,,,,,,,,,,,1,1,1,1,2
201500016100,0015-03-13 20:33:00,15,3,13,20,33,130,117,LIDL (MAGASIN) AV. VICTO,43.44269,5.245,Nuit avec éclairage allumé,En agglomération,Hors intersection,Normale,Sans collision,,,,,,,,,,,5,2,1,1,7
201500016101,0015-05-27 10:00:00,15,5,27,10,0,130,117,D55F,,,Plein jour,Hors agglomération,Hors intersection,Normale,Deux véhicules - côté,,,,,,,,,,,1,1,1,1,3
201500016102,0015-05-28 08:30:00,15,5,28,8,30,130,71,PINCHINADES ( CHEMIN DES,,,Plein jour,En agglomération,Hors intersection,Normale,Deux véhicules - côté,,,,,,,,,,,1,2,1,1,3
201500016103,0015-05-28 19:30:00,15,5,28,19,30,130,117,"1, ROME  (AVENUE DE)",43.42772,5.25659,Plein jour,En agglomération,Intersection en Y,Normale,Autre collision,,,,,,,,,,,1,2,4,1,6
201500016104,0015-05-28 08:15:00,15,5,28,8,15,130,117,GLACIERE ( RUE DE LA ),43.42324,5.24108,Plein jour,En agglomération,Intersection en X,Normale,Deux véhicules - côté,,,,,,,,,,,1,2,2,1,3
201500016105,0015-05-29 12:35:00,15,5,29,12,35,130,117,"29, 8 MAI 1945 (AVENUE)",43.42425,5.27761,Plein jour,En agglomération,Hors intersection,Normale,Deux véhicules - côté,,,,,,,,,,,1,2,1,1,3
201500016106,0015-05-29 15:55:00,15,5,29,15,55,130,117,DROITS DE L'HOMME (AVENU,,,Plein jour,En agglomération,Hors intersection,Normale,Deux véhicules - arrière,,,,,,,,,,,1,2,1,1,2
201500016107,0015-05-30 19:45:00,15,5,30,19,45,130,19,,,,Plein jour,Hors agglomération,Hors intersection,Normale,Autre collision,,,,,,,,,,,1,1,1,1,6
201500016108,0015-06-01 16:50:00,15,6,1,16,50,130,71,VELAUX (CHEMIN),43.40957,5.3516,Plein jour,Hors agglomération,Hors intersection,Normale,Autre collision,,,,,,,,,,,1,1,1,1,6
201500016109,0015-06-01 09:00:00,15,6,1,9,0,130,71,ROUTE NATIONALE 113 - MO,,,Plein jour,Hors agglomération,Hors intersection,Normale,Deux véhicules - arrière,,,,,,,,,,,1,1,1,1,2