accident_id,datetime,annee,mois,jour,heure,minute,departement,commune_insee,adresse,latitude,longitude,luminosite,agglomeration,intersection,meteo,collision,nb_vehicules,nb_usagers,nb_indemnes,nb_tues,nb_blesses_hosp,nb_blesses_legers,age_cond_1,age_cond_2,veh_type_cond_1,veh_type_cond_2,lum_code,agg_code,int_code,atm_code,col_code
201500016110,0015-06-03 17:50:00,15,6,3,17,50,130,71,ROUTE NATIONALE 113 - VI,,,Plein jour,Hors agglomération,Hors intersection,Normale,Deux véhicules - côté,,,,,,,,,,,1,1,1,1,3
201500016111,0015-06-03 18:45:00,15,6,3,18,45,130,71,VELODROME (CD06),,,Plein jour,Hors agglomération,Hors intersection,Normale,Deux véhicules - frontale,,,,,,,,,,,1,1,1,1,1
201500016112,0015-06-04 09:00:00,15,6,4,9,0,130,19,CD6,,,Plein jour,Hors agglomération,Hors intersection,Normale,Deux véhicules - côté,,,,,,,,,,,1,1,1,1,3
201500016113,0015-06-04 18:00:00,15,6,4,18,0,130,117,GELU  ( AVENUE VICTOR ),,,Plein jour,En agglomération,Hors intersection,Normale,Deux véhicules - arrière,,,,,,,,,,,1,2,1,1,2
201500016114,0015-06-06 19:15:00,15,6,6,19,15,130,117,STADIUM (CD9),,,Plein jour,Hors agglomération,Hors intersection,Normale,Deux véhicules - arrière,,,,,,,,,,,1,1,1,1,2
201500016115,0015-06-07 13:30:00,15,6,7,13,30,130,117,RD 113 -,43.44949,5.23786,Plein jour,Hors agglomération,Hors intersection,Normale,Sans collision,,,,,,,,,,,1,1,1,1,7
201500016116,0015-06-09 17:55:00,15,6,9,17,55,130,71,"88, MITTERRAND (AVENUE F",43.38004,5.34981,Plein jour,En agglomération,Hors intersection,Normale,Autre collision,,,,,,,,,,,1,2,1,1,6
201500016117,0015-06-10 17:45:00,15,6,10,17,45,130,117,ROME  (AVENUE DE),43.43901,5.24436,Plein jour,En agglomération,Hors intersection,Normale,Deux véhicules - côté,,,,,,,,,,,1,2,1,1,3
201500016118,0015-06-11 09:50:00,15,6,11,9,50,130,71,PLAN DES PENNE ( CHEMIN,,,Plein jour,Hors agglomération,Hors intersection,Normale,Deux véhicules - frontale,,,,,,,,,,,1,1,1,1,1
201500016119,0015-06-11 09:20:00,15,6,11,9,20,130,117,ROUTE DEPARTEMENTALE 20,,,Plein jour,Hors agglomération,Hors intersection,Normale,Autre collision,,,,,,,,,,,1,1,1,1,6
201500016120,0015-06-11 17:35:00,15,6,11,17,35,130,117,ROUTE NATIONALE 113 - CA,,,Plein jour,Hors agglomération,Hors intersection,Normale,Deux véhicules - côté,,,,,,,,,,,1,1,1,1,3
201500016121,0015-06-15 14:00:00,15,6,15,14,0,130,117,ROUTE NATIONALE 113-L'AN,,,Plein jour,Hors agglomération,Hors intersection,Normale,Deux véhicules - arrière,,,,,,,,,,,1,1,1,1,2
201500016122,0015-06-22 16:30:00,15,6,22,16,30,130,117,GLACIERE ( RUE DE LA ),43.42324,5.24108,Plein jour,Hors agglomération,Intersection en X,Normale,Deux véhicules - côté,,,,,,,,,,,1,1,2,1,3
201500016123,0015-06-23 19:20:00,15,6,23,19,20,130,117,ROUTE NATIONALE 113 - AG,43.46448,5.23199,Plein jour,Hors agglomération,Hors intersection,Normale,Deux véhicules - arrière,,,,,,,,,,,1,1,1,1,2
201500016124,0015-06-29 16:45:00,15,6,29,16,45,130,71,ROUTE NATIONALE 113 - AG,43.41586,5.29544,Plein jour,Hors agglomération,Intersection en T,Normale,Deux véhicules - côté,,,,,,,,,,,1,1,3,1,3
201500016125,0015-06-29 02:30:00,15,6,29,2,30,130,19,AVENUE DE PROVENCE,,,Nuit sans éclairage public,En agglomération,Hors intersection,Normale,Sans collision,,,,,,,,,,,3,2,1,1,7
201500016126,0015-07-02 10:50:00,15,7,2,10,50,130,71,1337 D113,43.41094,5.30984,Plein jour,En agglomération,Hors intersection,Normale,Deux véhicules - côté,,,,,,,,,,,1,2,1,1,3
201500016127,0015-07-02 18:50:00,15,7,2,18,50,130,117,D20E,43.42324,5.24108,Plein jour,Hors agglomération,Intersection en X,Normale,Deux véhicules - côté,,,,,,,,,,,1,1,2,1,3
201500016128,0015-07-03 18:00:00,15,7,3,18,0,130,71,ROUTE NATIONALE 113 - VI,,,Plein jour,En agglomération,Hors intersection,Normale,Deux véhicules - côté,,,,,,,,,,,1,2,1,1,3
201500016129,0015-07-10 14:00:00,15,7,10,14,0,130,102,ROUTE NATIONALE 113-L'AN,,,Plein jour,Hors agglomération,Hors intersection,Normale,Deux véhicules - frontale,,,,,,,,,,,1,1,1,1,1
201500016130,0015-07-11 19:30:00,15,7,11,19,30,130,71,VELAUX (CHEMIN),,,Plein jour,En agglomération,Hors intersection,Normale,Deux véhicules - arrière,,,,,,,,,,,1,2,1,1,2
201500016131,0015-07-13 18:30:00,15,7,13,18,30,130,117,SALYENS ( AVENUE DES ),,,Plein jour,En agglomération,Hors intersection,Normale,Deux véhicules - arrière,,,,,,,,,,,1,2,1,1,2
201500016132,0015-07-16 06:50:00,15,7,16,6,50,130,71,ROUTE NATIONALE 113 - AG,,,Plein jour,Hors agglomération,Autre intersection,Normale,Deux véhicules - côté,,,,,,,,,,,1,1,9,1,3
201500016133,0015-07-16 14:00:00,15,7,16,14,0,130,117,GLACIERE ( RUE DE LA ),43.42324,5.24108,Plein jour,En agglomération,Intersection en T,Normale,Deux véhicules - côté,,,,,,,,,,,1,2,3,1,3
201500016134,0015-07-17 22:10:00,15,7,17,22,10,130,71,RN 113 -,43.41095,5.30984,Nuit avec éclairage allumé,En agglomération,Hors intersection,Normale,Deux véhicules - frontale,,,,,,,,,,,5,2,1,1,1
201500016135,0015-07-18 16:00:00,15,7,18,16,0,130,117,DE LATTRE DE TASSIGNY (,,,Plein jour,En agglomération,Hors intersection,Normale,Deux véhicules - côté,,,,,,,,,,,1,2,1,1,3
201500016136,0015-07-23 17:40:00,15,7,23,17,40,130,117,STADIUM (CD9),,,Plein jour,Hors agglomération,Hors intersection,Normale,Autre collision,,,,,,,,,,,1,1,1,1,6
201500016137,0015-07-24 10:25:00,15,7,24,10,25,130,71,ROUTE NATIONALE 113 - AG,43.41704,5.28912,Plein jour,Hors agglomération,Autre intersection,Normale,Deux véhicules - côté,,,,,,,,,,,1,1,9,1,3
201500016138,0015-07-23 18:00:00,15,7,23,18,0,130,19,D9,,,Plein jour,Hors agglomération,Hors intersection,Normale,Deux véhicules - arrière,,,,,,,,,,,1,1,1,1,2
201500016139,0015-07-27 23:00:00,15,7,27,23,0,130,71,ROUTE NATIONALE 113 - AG,43.41643,5.27892,Nuit sans éclairage public,Hors agglomération,Intersection en T,Normale,Deux véhicules - frontale,,,,,,,,,,,3,1,3,1,1
201500016140,0015-07-29 17:30:00,15,7,29,17,30,130,19,ROUTE D'APT,,,Plein jour,Hors agglomération,Hors intersection,Normale,Deux véhicules - arrière,,,,,,,,,,,1,1,1,1,2
201500016141,0015-07-31 07:40:00,15,7,31,7,40,130,117,ROUTE NATIONALE 113   CA,,,Plein jour,Hors agglomération,Hors intersection,Normale,Trois véhicules et plus - collisions multiples,,,,,,,,,,,1,1,1,1,5
201500016142,0015-08-01 13:30:00,15,8,1,13,30,130,117,ROUTE NATIONALE 113 - AG,43.45242,5.23646,Plein jour,En agglomération,Intersection en T,Normale,Deux véhicules - côté,,,,,,,,,,,1,2,3,1,3
201500016143,0015-08-02 19:40:00,15,8,2,19,40,130,117,ROUTE NATIONALE 113 - CA,,,Plein jour,Hors agglomération,Hors intersection,Normale,Deux véhicules - côté,,,,,,,,,,,1,1,1,1,3
201500016144,0015-08-02 18:45:00,15,8,2,18,45,130,19,D9,,,Plein jour,Hors agglomération,Hors intersection,Normale,Trois véhicules et plus - en chaîne,,,,,,,,,,,1,1,1,1,4
201500016145,0015-08-05 11:15:00,15,8,5,11,15,130,71,ROUTE NATIONALE 113 - AG,43.40856,5.32793,Plein jour,Hors agglomération,Intersection en T,Normale,Deux véhicules - côté,,,,,,,,,,,1,1,3,1,3
201500016146,0015-08-06 15:15:00,15,8,6,15,15,130,117,ROUTE NATIONALE 113 - AG,43.45944,5.23288,Plein jour,En agglomération,Giratoire,Normale,Sans collision,,,,,,,,,,,1,2,6,1,7
201500016147,0015-08-08 16:30:00,15,8,8,16,30,130,117,MORFELDEN WALLDORF (AVE,43.4579,5.2419,Plein jour,En agglomération,Intersection en T,Normale,Deux véhicules - côté,,,,,,,,,,,1,2,3,1,3
201500016148,0015-08-10 10:00:00,15,8,10,10,0,130,117,MARSEILLE ( AVENUE DE ),,,Plein jour,En agglomération,Hors intersection,Normale,Deux véhicules - arrière,,,,,,,,,,,1,2,1,1,2
201500016149,0015-08-10 16:00:00,15,8,10,16,0,130,117,BERLIN (RUE DE),,,Plein jour,Hors agglomération,Hors intersection,Normale,Sans collision,,,,,,,,,,,1,1,1,1,7
201500016150,0015-08-10 10:15:00,15,8,10,10,15,130,117,PAGNOL ( BOULEVARD MARCE,,,Plein jour,En agglomération,Autre intersection,Normale,Autre collision,,,,,,,,,,,1,2,9,1,6
201500016151,0015-08-10 20:25:00,15,8,10,20,25,130,117,"45, 8 MAI 1945 (AVENUE)",43.42384,5.27609,Crépuscule ou aube,En agglomération,Hors intersection,Normale,Deux véhicules - côté,,,,,,,,,,,2,2,1,1,3
201500016152,0015-08-13 11:00:00,15,8,13,11,0,130,19,AVENUE MARCEL MATTEODA,,,Plein jour,Hors agglomération,Hors intersection,Normale,Autre collision,,,,,,,,,,,1,1,1,1,6
201500016153,0015-08-12 18:15:00,15,8,12,18,15,130,117,EUROPE (AVENUE DE L'),,,Plein jour,En agglomération,Hors intersection,Normale,Autre collision,,,,,,,,,,,1,2,1,1,6
201500016154,0015-08-14 15:30:00,15,8,14,15,30,130,117,DE LATTRE DE TASSIGNY (,43.4233,5.28372,Plein jour,Hors agglomération,Intersection en X,Normale,Deux véhicules - côté,,,,,,,,,,,1,1,2,1,3
201500016155,0015-08-15 16:00:00,15,8,15,16,0,130,117,"XX, SALYENS **AVENUE DES",,,Plein jour,En agglomération,Hors intersection,Normale,Deux véhicules - arrière,,,,,,,,,,,1,2,1,1,2
201500016156,0015-08-16 23:50:00,15,8,16,23,50,130,117,SALYENS ( AVENUE DES ),,,Nuit avec éclairage allumé,En agglomération,Hors intersection,Normale,Sans collision,,,,,,,,,,,5,2,1,1,7
201500016157,0015-08-20 10:00:00,15,8,20,10,0,130,117,KAOLIN ( RUE DU ),43.42255,5.27146,Plein jour,En agglomération,Intersection en T,Normale,Deux véhicules - côté,,,,,,,,,,,1,2,3,1,3
201500016158,0015-08-21 16:30:00,15,8,21,16,30,130,19,AVENUE RENE CASSIN,,,Plein jour,Hors agglomération,Hors intersection,Normale,Autre collision,,,,,,,,,,,1,1,1,1,6
201500016159,0015-08-28 06:30:00,15,8,28,6,30,130,19,D9,,,Plein jour,Hors agglomération,Hors intersection,Normale,Sans collision,,,,,,,,,,,1,1,1,1,7
201500016160,0015-08-29 10:50:00,15,8,29,10,50,130,71,"3570, ROUTE NATIONALE 36",43.4026,5.27513,Plein jour,Hors agglomération,Hors intersection,Normale,Trois véhicules et plus - collisions multiples,,,,,,,,,,,1,1,1,1,5
201500016161,0015-07-30 05:45:00,15,7,30,5,45,130,117,ROUCAS ( CORNICHE DU ),,,Nuit avec éclairage allumé,En agglomération,Hors intersection,Normale,Sans collision,,,,,,,,,,,5,2,1,1,7
201500016162,0015-08-31 13:00:00,15,8,31,13,0,130,117,STADIUM (CD9),,,Plein jour,Hors agglomération,Hors intersection,Normale,Sans collision,,,,,,,,,,,1,1,1,1,7
201500016163,0015-09-01 18:15:00,15,9,1,18,15,130,19,"545, ROUTE DE RANS",43.42983,5.38265,Plein jour,En agglomération,Hors intersection,Normale,Deux véhicules - arrière,,,,,,,,,,,1,2,1,1,2
201500016164,0015-09-02 16:15:00,15,9,2,16,15,130,117,CD 9 ESTROUBLANS,43.42664,5.26337,Plein jour,Hors agglomération,Intersection en Y,Normale,Deux véhicules - arrière,,,,,,,,,,,1,1,4,1,2
201500016165,0015-09-01 17:20:00,15,9,1,17,20,130,71,"2057, ROUTE NATIONALE 11",43.40755,5.29545,Plein jour,Hors agglomération,Hors intersection,Normale,Trois véhicules et plus - en chaîne,,,,,,,,,,,1,1,1,1,4
201500016166,0015-09-03 12:20:00,15,9,3,12,20,130,71,CHEMIN DEPARTEMENTAL 6 (,,,Plein jour,Hors agglomération,Hors intersection,Normale,Autre collision,,,,,,,,,,,1,1,1,1,6
201500016167,0015-09-07 18:00:00,15,9,7,18,0,130,117,STADIUM (CD9),,,Plein jour,Hors agglomération,Hors intersection,Normale,Sans collision,,,,,,,,,,,1,1,1,1,7
201500016168,0015-09-08 19:10:00,15,9,8,19,10,130,19,D60,,,Plein jour,Hors agglomération,Hors intersection,Normale,Deux véhicules - frontale,,,,,,,,,,,1,1,1,1,1
201500016169,0015-09-08 21:00:00,15,9,8,21,0,130,117,ROUTE NATIONALE 113 - CA,,,Nuit sans éclairage public,Hors agglomération,Hors intersection,Normale,Sans collision,,,,,,,,,,,3,1,1,1,7
201500016170,0015-09-10 06:40:00,15,9,10,6,40,130,117,28 Boulevard de l'Europe,43.43596,5.24206,Crépuscule ou aube,En agglomération,Hors intersection,Normale,Deux véhicules - côté,,,,,,,,,,,2,2,1,1,3
201500016171,0015-09-10 07:30:00,15,9,10,7,30,130,71,PLAN DES PENNE ( CHEMIN,,,Plein jour,Hors agglomération,Hors intersection,Normale,Deux véhicules - côté,,,,,,,,,,,1,1,1,1,3
201500016172,0015-09-10 14:00:00,15,9,10,14,0,130,71,CD 6,,,Plein jour,Hors agglomération,Hors intersection,Normale,Deux véhicules - côté,,,,,,,,,,,1,1,1,1,3
201500016173,0015-09-11 18:05:00,15,9,11,18,5,130,71,ROUTE NATIONALE 368 (VIL,,,Plein jour,En agglomération,Hors intersection,Normale,Deux véhicules - arrière,,,,,,,,,,,1,2,1,1,2
201500016174,0015-09-04 11:30:00,15,9,4,11,30,130,54,rond point des lavandes,43.42324,5.23714,Plein jour,Hors agglomération,Giratoire,Normale,Deux véhicules - frontale,,,,,,,,,,,1,1,6,1,1
201500016175,0015-09-18 07:50:00,15,9,18,7,50,130,71,ROUTE NATIONALE 113 - RE,,,Plein jour,Hors agglomération,Hors intersection,Normale,Deux véhicules - arrière,,,,,,,,,,,1,1,1,1,2
201500016176,0015-09-19 13:56:00,15,9,19,13,56,130,71,RD 543,43.41851,5.36649,Plein jour,Hors agglomération,Intersection en X,Normale,Deux véhicules - frontale,,,,,,,,,,,1,1,2,1,1
201500016177,0015-09-23 10:45:00,15,9,23,10,45,130,19,ROUTE DES QUINSOUN,,,Plein jour,Hors agglomération,Hors intersection,Normale,Deux véhicules - frontale,,,,,,,,,,,1,1,1,1,1
201500016178,0015-09-24 17:30:00,15,9,24,17,30,130,71,"14, MITTERRAND (AVENUE F",43.37708,5.35287,Plein jour,En agglomération,Hors intersection,Normale,Deux véhicules - arrière,,,,,,,,,,,1,2,1,1,2
201500016179,0015-09-24 23:30:00,15,9,24,23,30,130,117,ROUTE NATIONALE 113-L'AN,,,Nuit avec éclairage allumé,Hors agglomération,Hors intersection,Normale,Deux véhicules - arrière,,,,,,,,,,,5,1,1,1,2
201500016180,0015-09-24 19:45:00,15,9,24,19,45,130,117,EUROPE (Boulevard DE L'),43.42122,5.26666,Crépuscule ou aube,En agglomération,Intersection en X,Normale,Deux véhicules - côté,,,,,,,,,,,2,2,2,1,3
201500016181,0015-09-25 12:15:00,15,9,25,12,15,130,117,GLACIERE ( RUE DE LA ),43.42323,5.24108,Plein jour,En agglomération,Intersection en X,Normale,Deux véhicules - arrière,,,,,,,,,,,1,2,2,1,2
201500016182,0015-09-25 15:00:00,15,9,25,15,0,130,117,GLACIERE ( RUE DE LA ),43.42324,5.24108,Plein jour,En agglomération,Intersection en T,Normale,Deux véhicules - côté,,,,,,,,,,,1,2,3,1,3
201500016183,0015-09-27 05:15:00,15,9,27,5,15,130,117,CHEMIN DEPARTEMENTAL 9 (,,,Nuit sans éclairage public,Hors agglomération,Hors intersection,Normale,Autre collision,,,,,,,,,,,3,1,1,1,6
201500016184,0015-09-27 13:05:00,15,9,27,13,5,130,117,SEYSSAUD*( RUE RENE ),,,Plein jour,Hors agglomération,Hors intersection,Normale,Deux véhicules - frontale,,,,,,,,,,,1,1,1,1,1
201500016185,0015-09-28 11:00:00,15,9,28,11,0,130,71,PTT GAVOTTE (RN 113),,,Plein jour,Hors agglomération,Hors intersection,Normale,Deux véhicules - arrière,,,,,,,,,,,1,1,1,1,2
201500016186,0015-09-29 13:25:00,15,9,29,13,25,130,19,D9,43.45873,5.3327,Plein jour,En agglomération,Intersection en T,Normale,Deux véhicules - frontale,,,,,,,,,,,1,2,3,1,1
201500016187,0015-09-30 18:00:00,15,9,30,18,0,130,117,ROUTE NATIONALE 113-L'AN,,,Plein jour,Hors agglomération,Hors intersection,Normale,Deux véhicules - arrière,,,,,,,,,,,1,1,1,1,2
201500016188,0015-10-02 16:50:00,15,10,2,16,50,130,117,SALYENS ( AVENUE DES ),,,Plein jour,En agglomération,Hors intersection,Normale,Autre collision,,,,,,,,,,,1,2,1,1,6
201500016189,0015-10-02 21:00:00,15,10,2,21,0,130,117,"0, EUROCOPTER CD 20",43.43766,5.23512,Nuit sans éclairage public,Hors agglomération,Hors intersection,Normale,Sans collision,,,,,,,,,,,3,1,1,1,7
201500016190,0015-10-02 10:55:00,15,10,2,10,55,130,117,GLACIERE ( RUE DE LA ),43.42324,5.24109,Plein jour,En agglomération,Intersection en X,Normale,Deux véhicules - côté,,,,,,,,,,,1,2,2,1,3
201500016191,0015-10-02 12:00:00,15,10,2,12,0,130,71,PLAN DE CAMPAGNE (AVE. D,,,Plein jour,Hors agglomération,Hors intersection,Normale,Deux véhicules - côté,,,,,,,,,,,1,1,1,1,3
201500016192,0015-10-05 13:25:00,15,10,5,13,25,130,71,VAL SEC ( CHEMIN DE ),,,Plein jour,En agglomération,Hors intersection,Normale,Autre collision,,,,,,,,,,,1,2,1,1,6
201500016193,0015-10-06 19:06:00,15,10,6,19,6,130,117,RHIN DANUBE ( AVENUE ),,,Crépuscule ou aube,En agglomération,Hors intersection,Normale,Autre collision,,,,,,,,,,,2,2,1,1,6
201500016194,0015-10-08 12:35:00,15,10,8,12,35,130,117,CHEMIN DEPARTEMENTAL 9 (,,,Plein jour,En agglomération,Hors intersection,Normale,Deux véhicules - frontale,,,,,,,,,,,1,2,1,1,1
201500016195,0015-10-08 19:25:00,15,10,8,19,25,130,117,ROUTE DEPARTEMENTALE 20,43.42324,5.24108,Crépuscule ou aube,Hors agglomération,Intersection en T,Normale,Deux véhicules - côté,,,,,,,,,,,2,1,3,1,3
201500016196,0015-10-10 01:00:00,15,10,10,1,0,130,117,CD 9 ESTROUBLANS,43.427,5.2532,Nuit avec éclairage allumé,Hors agglomération,Hors intersection,Normale,Deux véhicules - arrière,,,,,,,,,,,5,1,1,1,2
201500016197,0015-10-08 14:05:00,15,10,8,14,5,130,19,CD6,,,Plein jour,En agglomération,Hors intersection,Normale,Deux véhicules - côté,,,,,,,,,,,1,2,1,1,3
201500016198,0015-10-12 11:10:00,15,10,12,11,10,130,71,ROUTE NATIONALE 113 - AG,,,Plein jour,Hors agglomération,Autre intersection,Pluie légère,Deux véhicules - côté,,,,,,,,,,,1,1,9,2,3
201500016199,0015-10-19 08:30:00,15,10,19,8,30,130,19,ROUTE D'APT,,,Plein jour,Hors agglomération,Hors intersection,Pluie légère,Deux véhicules - frontale,,,,,,,,,,,1,1,1,2,1
201500016200,0015-10-19 06:00:00,15,10,19,6,0,130,117,CHEMIN DEPARTEMENTAL CD,,,Nuit sans éclairage public,En agglomération,Hors intersection,Normale,Autre collision,,,,,,,,,,,3,2,1,1,6
201500016201,0015-10-19 10:30:00,15,10,19,10,30,130,117,CD 9 ESTROUBLANS,43.427,5.2532,Plein jour,Hors agglomération,Hors intersection,Temps couvert,Autre collision,,,,,,,,,,,1,1,1,8,6
201500016202,0015-10-23 09:45:00,15,10,23,9,45,130,71,PLAN DE CAMPAGNE,,,Plein jour,En agglomération,Giratoire,Normale,Deux véhicules - côté,,,,,,,,,,,1,2,6,1,3
201500016203,0015-10-23 13:00:00,15,10,23,13,0,130,117,EUROCOPTER CD 20,,,Plein jour,Hors agglomération,Hors intersection,Normale,Deux véhicules - frontale,,,,,,,,,,,1,1,1,1,1
201500016204,0015-10-24 12:30:00,15,10,24,12,30,130,71,ROUTE NATIONALE 368 (VIL,,,Plein jour,En agglomération,Giratoire,Normale,Deux véhicules - côté,,,,,,,,,,,1,2,6,1,3
201500016205,0015-10-26 12:50:00,15,10,26,12,50,130,71,"489, ROUTE NATIONALE 368",43.40832,5.31381,Plein jour,Hors agglomération,Hors intersection,Normale,Deux véhicules - arrière,,,,,,,,,,,1,1,1,1,2
201500016206,0015-10-26 16:25:00,15,10,26,16,25,130,117,LONDRES (AVENUE DE),43.42732,5.2357,Plein jour,Hors agglomération,Intersection en X,Normale,Deux véhicules - côté,,,,,,,,,,,1,1,2,1,3
201500016207,0015-10-29 18:00:00,15,10,29,18,0,130,117,PADOVANI ( AVE ),,,Crépuscule ou aube,En agglomération,Hors intersection,Normale,Autre collision,,,,,,,,,,,2,2,1,1,6
201500016208,0015-10-29 16:45:00,15,10,29,16,45,130,117,DAUDET ( AVENUE ALPHONSE,43.456,5.24283,Plein jour,En agglomération,Giratoire,Normale,Deux véhicules - frontale,,,,,,,,,,,1,2,6,1,1
201500016209,0015-10-30 13:30:00,15,10,30,13,30,130,71,ROUTE NATIONALE 113 - AG,,,Plein jour,Hors agglomération,Hors intersection,Normale,Deux véhicules - arrière,,,,,,,,,,,1,1,1,1,2
201500016210,0015-10-31 07:55:00,15,10,31,7,55,130,117,DROITS DE L'HOMME (ROND,,,Plein jour,En agglomération,Giratoire,Normale,Autre collision,,,,,,,,,,,1,2,6,1,6
201500016211,0015-10-31 14:50:00,15,10,31,14,50,130,117,GLACIERE ( RUE ***,43.42323,5.24109,Plein jour,Hors agglomération,Intersection en X,Normale,Deux véhicules - côté,,,,,,,,,,,1,1,2,1,3
201500016212,0015-11-02 09:30:00,15,11,2,9,30,130,71,RIGONS ( CHEMIN DES ),,,Plein jour,Hors agglomération,Hors intersection,Normale,Deux véhicules - côté,,,,,,,,,,,1,1,1,1,3
201500016213,0015-11-03 09:00:00,15,11,3,9,0,130,117,BAOU (QUARTIER DU PONT D,,,Plein jour,Hors agglomération,Hors intersection,Temps couvert,Sans collision,,,,,,,,,,,1,1,1,8,7
201500016214,0015-11-03 10:00:00,15,11,3,10,0,130,117,CD 9 ESTROUBLANS,43.427,5.2532,Plein jour,Hors agglomération,Hors intersection,Temps couvert,Sans collision,,,,,,,,,,,1,1,1,8,7
201500016215,0015-11-04 21:10:00,15,11,4,21,10,130,117,MARSEILLE ( AVENUE DE ),43.45215,5.25127,Nuit avec éclairage allumé,Hors agglomération,Intersection en T,Normale,Deux véhicules - frontale,,,,,,,,,,,5,1,3,1,1
201500016216,0015-11-05 08:20:00,15,11,5,8,20,130,71,POURRANQUE ( CHEMIN DE L,,,Plein jour,Hors agglomération,Hors intersection,Normale,Deux véhicules - arrière,,,,,,,,,,,1,1,1,1,2
201500016217,0015-11-05 10:30:00,15,11,5,10,30,130,117,DROITS DE L'HOMME (AVENU,,,Plein jour,En agglomération,Hors intersection,Normale,Deux véhicules - arrière,,,,,,,,,,,1,2,1,1,2
201500016218,0015-11-05 11:30:00,15,11,5,11,30,130,71,"489, ROUTE NATIONALE 368",43.40835,5.31406,Plein jour,En agglomération,Hors intersection,Normale,Deux véhicules - côté,,,,,,,,,,,1,2,1,1,3
201500016219,0015-11-05 18:45:00,15,11,5,18,45,130,117,CD 9 ESTROUBLANS,43.427,5.2532,Nuit avec éclairage allumé,Hors agglomération,Hors intersection,Normale,Deux véhicules - arrière,,,,,,,,,,,5,1,1,1,2
201500016220,0015-11-06 21:15:00,15,11,6,21,15,130,71,RIGONS ( CHEMIN DES ),,,Nuit avec éclairage allumé,En agglomération,Giratoire,Normale,Deux véhicules - arrière,,,,,,,,,,,5,2,6,1,2
201500016221,0015-11-06 07:45:00,15,11,6,7,45,130,117,RHIN DANUBE * AVENUE ),43.42459,5.27175,Plein jour,En agglomération,Hors intersection,Normale,Autre collision,,,,,,,,,,,1,2,1,1,6
201500016222,0015-11-07 19:20:00,15,11,7,19,20,130,19,AVENUE DE PROVENCE,,,Nuit avec éclairage allumé,En agglomération,Hors intersection,Normale,Autre collision,,,,,,,,,,,5,2,1,1,6
201500016223,0015-11-03 21:25:00,15,11,3,21,25,130,117,"00, ROUTE NATIONALE 113-",,,Nuit sans éclairage public,Hors agglomération,Hors intersection,Normale,Trois véhicules et plus - en chaîne,,,,,,,,,,,3,1,1,1,4
201500016224,0015-11-12 07:00:00,15,11,12,7,0,130,117,CD 9 ESTROUBLANS,43.427,5.2532,Crépuscule ou aube,Hors agglomération,Hors intersection,Normale,Deux véhicules - frontale,,,,,,,,,,,2,1,1,1,1
201500016225,0015-11-16 14:00:00,15,11,16,14,0,130,117,ANCIENS COMBATTANTS D'IN,43.44433,5.24585,Plein jour,En agglomération,Hors intersection,Normale,Deux véhicules - arrière,,,,,,,,,,,1,2,1,1,2
201500016226,0015-11-18 07:00:00,15,11,18,7,0,130,117,EUROPE (AVENUE DE L'),43.43434,5.24264,Plein jour,En agglomération,Giratoire,Normale,Deux véhicules - côté,,,,,,,,,,,1,2,6,1,3
201500016227,0015-11-19 11:30:00,15,11,19,11,30,130,71,"6, MITTERRAND (AVENUE FR",43.37498,5.35403,Plein jour,En agglomération,Hors intersection,Normale,Trois véhicules et plus - en chaîne,,,,,,,,,,,1,2,1,1,4
201500016228,0015-11-20 06:15:00,15,11,20,6,15,130,117,LONDRES (AVENUE DE),43.42689,5.23472,Plein jour,Hors agglomération,Intersection en X,Normale,Deux véhicules - frontale,,,,,,,,,,,1,1,2,1,1
201500016229,0015-11-15 11:35:00,15,11,15,11,35,130,19,D9,43.47846,5.35608,Plein jour,Hors agglomération,Giratoire,Normale,Deux véhicules - côté,,,,,,,,,,,1,1,6,1,3
201500016230,0015-11-21 10:00:00,15,11,21,10,0,130,117,LA BASTIDE BLANCHE CD 9,43.42775,5.26745,Plein jour,Hors agglomération,Hors intersection,Normale,Autre collision,,,,,,,,,,,1,1,1,1,6
201500016231,0015-11-25 09:00:00,15,11,25,9,0,130,71,"Route de Calas, 13170 Le",43.42002,5.36667,Plein jour,En agglomération,Giratoire,Normale,Deux véhicules - côté,,,,,,,,,,,1,2,6,1,3
201500016232,0015-11-18 17:15:00,15,11,18,17,15,130,117,LONDRES (AVENUE DE),43.42693,5.23472,Plein jour,En agglomération,Intersection en T,Normale,Deux véhicules - côté,,,,,,,,,,,1,2,3,1,3
201500016233,0015-11-26 09:45:00,15,11,26,9,45,130,117,GLACIERE ( RUE DE LA ),43.42324,5.24108,Plein jour,En agglomération,Intersection en T,Normale,Deux véhicules - côté,,,,,,,,,,,1,2,3,1,3
201500016234,0015-11-26 15:40:00,15,11,26,15,40,130,117,SALYENS ( AVENUE DES ),,,Plein jour,En agglomération,Hors intersection,Vent fort / tempête,Autre collision,,,,,,,,,,,1,2,1,6,6
201500016235,0015-11-26 16:45:00,15,11,26,16,45,130,19,CD6,,,Plein jour,En agglomération,Hors intersection,Normale,Deux véhicules - côté,,,,,,,,,,,1,2,1,1,3
201500016236,0015-11-27 07:40:00,15,11,27,7,40,130,117,"54, EUROPE ( AVENUE DE L",43.42792,5.24966,Crépuscule ou aube,En agglomération,Hors intersection,Normale,Deux véhicules - arrière,,,,,,,,,,,2,2,1,1,2
201500016237,0015-11-30 19:50:00,15,11,30,19,50,130,117,SALYENS ( AVENUE DES ),43.43924,5.25563,Nuit avec éclairage allumé,En agglomération,Intersection en X,Normale,Deux véhicules - côté,,,,,,,,,,,5,2,2,1,3
201500016238,0015-12-01 09:00:00,15,12,1,9,0,130,117,ROUTE NATIONALE 113-L'AN,,,Plein jour,Hors agglomération,Hors intersection,Normale,Deux véhicules - arrière,,,,,,,,,,,1,1,1,1,2