accident_id,datetime,annee,mois,jour,heure,minute,departement,commune_insee,adresse,latitude,longitude,luminosite,agglomeration,intersection,meteo,collision,nb_vehicules,nb_usagers,nb_indemnes,nb_tues,nb_blesses_hosp,nb_blesses_legers,age_cond_1,age_cond_2,veh_type_cond_1,veh_type_cond_2,lum_code,agg_code,int_code,atm_code,col_code
201500016499,0015-04-19 02:30:00,15,4,19,2,30,80,239,RD925,49.39676,4.39349,Nuit avec éclairage allumé,Hors agglomération,Hors intersection,Normale,Autre collision,,,,,,,,,,,5,1,1,1,6
201500016500,0015-10-15 20:30:00,15,10,15,20,30,80,39,,49.45748,4.07928,Nuit avec éclairage non allumé,En agglomération,Hors intersection,Pluie légère,Autre collision,,,,,,,,,,,4,2,1,2,6
201500016501,0015-02-15 15:15:00,15,2,15,15,15,80,192,,,,Plein jour,Hors agglomération,Hors intersection,Normale,Autre collision,,,,,,,,,,,1,1,1,1,6
201500016502,0015-03-20 10:15:00,15,3,20,10,15,80,449,,49.6958,4.51823,Plein jour,Hors agglomération,Hors intersection,Normale,Deux véhicules - côté,,,,,,,,,,,1,1,1,1,3
201500016503,0015-04-02 08:15:00,15,4,2,8,15,80,415,,49.5859,4.38443,Plein jour,Hors agglomération,Hors intersection,Pluie légère,Autre collision,,,,,,,,,,,1,1,1,2,6
201500016504,0015-10-11 20:45:00,15,10,11,20,45,80,363,rue victor hugo,49.94241,4.63753,Nuit avec éclairage allumé,En agglomération,Hors intersection,Normale,Autre collision,,,,,,,,,,,5,2,1,1,6
201500016505,0015-07-22 12:00:00,15,7,22,12,0,80,226,,50.1015,4.74071,Plein jour,Hors agglomération,Intersection à plus de 4 branches,Normale,Deux véhicules - côté,,,,,,,,,,,1,1,5,1,3
201500016506,0015-08-09 05:30:00,15,8,9,5,30,80,156,,49.978,4.38072,Nuit avec éclairage allumé,Hors agglomération,Hors intersection,Normale,Autre collision,,,,,,,,,,,5,1,1,1,6
201500016507,0015-02-06 15:30:00,15,2,6,15,30,80,67,2 rue de la Croisette,49.62364,5.18859,Plein jour,En agglomération,Hors intersection,Normale,Autre collision,,,,,,,,,,,1,2,1,1,6
201500016508,0015-02-22 18:30:00,15,2,22,18,30,80,145,,,,Crépuscule ou aube,Hors agglomération,Hors intersection,Normale,Autre collision,,,,,,,,,,,2,1,1,1,6
201500016509,0015-03-18 16:15:00,15,3,18,16,15,80,34,,49.60876,5.04821,Plein jour,Hors agglomération,Intersection en T,Normale,Deux véhicules - arrière,,,,,,,,,,,1,1,3,1,2
201500016510,0015-08-28 11:00:00,15,8,28,11,0,80,9,,49.6299,4.05131,Plein jour,Hors agglomération,Hors intersection,Normale,Deux véhicules - frontale,,,,,,,,,,,1,1,1,1,1
201500016511,0015-11-04 02:00:00,15,11,4,2,0,80,289,,49.67265,5.14729,Nuit sans éclairage public,Hors agglomération,Hors intersection,Normale,Autre collision,,,,,,,,,,,3,1,1,1,6
201500016512,0015-11-22 23:30:00,15,11,22,23,30,80,53,Rue Henri Dunant,49.67623,4.98701,Nuit avec éclairage allumé,En agglomération,Hors intersection,Normale,Autre collision,,,,,,,,,,,5,2,1,1,6
201500016513,0015-11-29 18:00:00,15,11,29,18,0,80,90,,49.6447,5.18611,Nuit sans éclairage public,Hors agglomération,Intersection en Y,Pluie légère,Deux véhicules - frontale,,,,,,,,,,,3,1,4,2,1
201500016514,0015-07-20 14:15:00,15,7,20,14,15,80,391,,49.7441,4.93152,Plein jour,Hors agglomération,Hors intersection,Pluie légère,Deux véhicules - frontale,,,,,,,,,,,1,1,1,2,1
201500016515,0015-05-19 18:00:00,15,5,19,18,0,80,142,D24,49.69531,4.87471,Plein jour,En agglomération,Hors intersection,Normale,Autre collision,,,,,,,,,,,1,2,1,1,6
201500016516,0015-05-19 17:15:00,15,5,19,17,15,80,488,,49.72655,4.83559,Plein jour,Hors agglomération,Hors intersection,Normale,Deux véhicules - côté,,,,,,,,,,,1,1,1,1,3
201500016517,0015-06-28 05:45:00,15,6,28,5,45,80,357,rue de Raucourt,49.64942,4.99264,Crépuscule ou aube,En agglomération,Hors intersection,Normale,Autre collision,,,,,,,,,,,2,2,1,1,6
201500016518,0015-08-28 10:30:00,15,8,28,10,30,80,170,,49.74793,4.94767,Plein jour,En agglomération,Hors intersection,Normale,Autre collision,,,,,,,,,,,1,2,1,1,6
201500016519,0015-11-12 13:30:00,15,11,12,13,30,80,142,,49.69827,4.86477,Plein jour,En agglomération,Hors intersection,Normale,Autre collision,,,,,,,,,,,1,2,1,1,6
201500016520,0015-11-24 15:00:00,15,11,24,15,0,80,114,,49.64,4.86788,Plein jour,Hors agglomération,Hors intersection,Temps couvert,Autre collision,,,,,,,,,,,1,1,1,8,6
201500016521,0015-02-08 08:30:00,15,2,8,8,30,80,410,,49.3453,4.57322,Plein jour,Hors agglomération,Hors intersection,Autre,Autre collision,,,,,,,,,,,1,1,1,9,6
201500016522,0015-05-31 12:00:00,15,5,31,12,0,80,407,,49.26444,4.7341,Plein jour,Hors agglomération,Intersection en X,Normale,Deux véhicules - côté,,,,,,,,,,,1,1,2,1,3
201500016523,0015-07-07 07:30:00,15,7,7,7,30,80,431,,49.35595,4.66339,Plein jour,Hors agglomération,Hors intersection,Temps éblouissant,Sans collision,,,,,,,,,,,1,1,1,7,7
201500016524,0015-07-27 09:00:00,15,7,27,9,0,80,410,,49.3375,4.56526,Plein jour,Hors agglomération,Intersection en T,Normale,Deux véhicules - côté,,,,,,,,,,,1,1,3,1,3
201500016525,0015-08-16 16:45:00,15,8,16,16,45,80,490,83 rue bournizet,49.39667,4.69113,Plein jour,En agglomération,Hors intersection,Normale,Deux véhicules - arrière,,,,,,,,,,,1,2,1,1,2
201500016526,0015-11-14 19:00:00,15,11,14,19,0,80,490,Rue Chervin,49.4042,4.70198,Nuit avec éclairage allumé,En agglomération,Hors intersection,Pluie légère,Autre collision,,,,,,,,,,,5,2,1,2,6
201500016527,0015-11-23 13:30:00,15,11,23,13,30,80,271,,49.2644,4.65942,Plein jour,Hors agglomération,Autre intersection,Normale,Sans collision,,,,,,,,,,,1,1,9,1,7
201500016528,0015-11-29 05:45:00,15,11,29,5,45,80,490,Rue BOURNIZET,49.39579,4.68401,Nuit avec éclairage allumé,En agglomération,Hors intersection,Pluie légère,Autre collision,,,,,,,,,,,5,2,1,2,6
201500016529,0015-12-10 08:15:00,15,12,10,8,15,80,398,,49.4621,4.57677,Plein jour,Hors agglomération,Intersection en T,Normale,Deux véhicules - côté,,,,,,,,,,,1,1,3,1,3
201500016530,0015-12-12 10:15:00,15,12,12,10,15,80,97,,49.3205,4.7243,Plein jour,Hors agglomération,Hors intersection,Pluie légère,Sans collision,,,,,,,,,,,1,1,1,2,7
201500016531,0015-07-24 13:00:00,15,7,24,13,0,80,89,,49.4313,4.96307,Plein jour,Hors agglomération,Hors intersection,Normale,Deux véhicules - frontale,,,,,,,,,,,1,1,1,1,1
201500016532,0015-11-09 17:15:00,15,11,9,17,15,80,412,Rue neuve,49.3105,4.84157,Plein jour,En agglomération,Hors intersection,Normale,Deux véhicules - côté,,,,,,,,,,,1,2,1,1,3
201500016533,0015-01-04 12:30:00,15,1,4,12,30,520,58,,48.2209,5.14241,Plein jour,Hors agglomération,Hors intersection,Temps couvert,Autre collision,,,,,,,,,,,1,1,1,8,6
201500016534,0015-01-16 07:45:00,15,1,16,7,45,520,60,rue des capucins,47.95663,5.74818,Nuit avec éclairage allumé,En agglomération,Hors intersection,Pluie légère,Autre collision,,,,,,,,,,,5,2,1,2,6
201500016535,0015-05-13 08:15:00,15,5,13,8,15,520,332,,47.99362,5.54675,Plein jour,Hors agglomération,Hors intersection,Normale,Deux véhicules - arrière,,,,,,,,,,,1,1,1,1,2
201500016536,0015-05-24 19:30:00,15,5,24,19,30,520,60,,47.94087,5.72709,Plein jour,Hors agglomération,Hors intersection,Normale,Deux véhicules - frontale,,,,,,,,,,,1,1,1,1,1
201500016537,0015-06-11 20:15:00,15,6,11,20,15,520,242,,47.83132,5.51764,Plein jour,Hors agglomération,Hors intersection,Normale,Autre collision,,,,,,,,,,,1,1,1,1,6
201500016538,0015-07-20 14:30:00,15,7,20,14,30,520,242,,47.82282,5.5745,Plein jour,Hors agglomération,Hors intersection,Normale,Deux véhicules - frontale,,,,,,,,,,,1,1,1,1,1
201500016539,0015-08-09 16:00:00,15,8,9,16,0,520,400,route de BEAUCHARMOY /RD,48.008,5.649,Plein jour,En agglomération,Hors intersection,Normale,Autre collision,,,,,,,,,,,1,2,1,1,6
201500016540,0015-10-20 21:15:00,15,10,20,21,15,520,135,,47.90662,5.64405,Nuit sans éclairage public,Hors agglomération,Hors intersection,Brouillard / fumée,Autre collision,,,,,,,,,,,3,1,1,5,6
201500016541,0015-01-18 16:15:00,15,1,18,16,15,140,1,"1880, CD 140",49.388,0.27607,Plein jour,Hors agglomération,Hors intersection,Pluie légère,Deux véhicules - côté,,,,,,,,,,,1,1,1,2,3
201500016542,0015-01-21 08:05:00,15,1,21,8,5,140,536,MONTSAINT (CHARRIERE),49.4086,0.25147,Crépuscule ou aube,En agglomération,Hors intersection,Temps couvert,Trois véhicules et plus - en chaîne,,,,,,,,,,,2,2,1,8,4
201500016543,0015-04-28 10:15:00,15,4,28,10,15,140,333,LEPAULMIER (QUAI),,,Plein jour,En agglomération,Hors intersection,Normale,Autre collision,,,,,,,,,,,1,2,1,1,6
201500016544,0015-05-08 19:00:00,15,5,8,19,0,140,333,"102, SAINT LEONARD (RUE)",49.4169,0.24033,Plein jour,En agglomération,Hors intersection,Normale,Autre collision,,,,,,,,,,,1,2,1,1,6
201500016545,0015-05-13 10:12:00,15,5,13,10,12,140,333,TOUR (QUAI DE LA),,,Plein jour,En agglomération,Hors intersection,Normale,Autre collision,,,,,,,,,,,1,2,1,1,6
201500016546,0015-05-12 15:45:00,15,5,12,15,45,140,333,BUQUET (CHEMIN DU),49.4006,0.24072,Plein jour,En agglomération,Hors intersection,Normale,Deux véhicules - côté,,,,,,,,,,,1,2,1,1,3
201500016547,0015-06-05 10:00:00,15,6,5,10,0,140,304,CD 579,49.3824,0.24471,Plein jour,Hors agglomération,Intersection en X,Normale,Deux véhicules - côté,,,,,,,,,,,1,1,2,1,3
201500016548,0015-06-30 17:40:00,15,6,30,17,40,140,333,"16, LEPAULMIER (QUAI)",49.4187,0.23687,Plein jour,En agglomération,Hors intersection,Temps éblouissant,Deux véhicules - arrière,,,,,,,,,,,1,2,1,7,2
201500016549,0015-07-06 19:17:00,15,7,6,19,17,140,333,NORMAND (AVENUE AUGUSTIN,49.4166,0.25943,Plein jour,Hors agglomération,Intersection en T,Normale,Deux véhicules - côté,,,,,,,,,,,1,1,3,1,3
201500016550,0015-07-15 09:25:00,15,7,15,9,25,140,333,"6, MANUEL (COURS ALBERT)",,,Plein jour,En agglomération,Hors intersection,Normale,Autre collision,,,,,,,,,,,1,2,1,1,6
201500016551,0015-08-02 10:50:00,15,8,2,10,50,140,333,"102, SAINT LEONARD (RUE)",,,Plein jour,En agglomération,Hors intersection,Normale,Autre collision,,,,,,,,,,,1,2,1,1,6
201500016552,0015-09-20 17:00:00,15,9,20,17,0,140,536,"10, EGLISE (PLACE DE L')",49.4077,0.27326,Plein jour,En agglomération,Intersection en T,Normale,Deux véhicules - frontale,,,,,,,,,,,1,2,3,1,1
201500016553,0015-09-20 17:30:00,15,9,20,17,30,140,333,"62, MANUEL (COURS ALBERT",49.4113,0.22663,Plein jour,En agglomération,Hors intersection,Normale,Deux véhicules - arrière,,,,,,,,,,,1,2,1,1,2
201500016554,0015-11-07 19:50:00,15,11,7,19,50,140,536,"2, FRANCS (RUE DES 4)",,,Nuit avec éclairage allumé,En agglomération,Giratoire,Normale,Autre collision,,,,,,,,,,,5,2,6,1,6
201500016555,0015-11-08 15:50:00,15,11,8,15,50,140,243,CD513,49.4249,0.21544,Plein jour,Hors agglomération,Hors intersection,Normale,Deux véhicules - arrière,,,,,,,,,,,1,1,1,1,2
201500016556,0015-11-15 12:35:00,15,11,15,12,35,140,304,CD  579,,,Plein jour,Hors agglomération,Hors intersection,Normale,Deux véhicules - côté,,,,,,,,,,,1,1,1,1,3
201500016557,0015-11-30 17:30:00,15,11,30,17,30,140,304,CD 579,,,Nuit avec éclairage allumé,Hors agglomération,Intersection en X,Normale,Deux véhicules - côté,,,,,,,,,,,5,1,2,1,3
201500016558,0015-12-30 14:55:00,15,12,30,14,55,140,333,JEAN DE VIENNE (COURS),,,Plein jour,En agglomération,Hors intersection,Normale,Deux véhicules - arrière,,,,,,,,,,,1,2,1,1,2
201500016559,0015-04-24 20:00:00,15,4,24,20,0,520,216,,47.79311,5.03329,Plein jour,Hors agglomération,Hors intersection,Normale,Deux véhicules - frontale,,,,,,,,,,,1,1,1,1,1
201500016560,0015-04-10 15:30:00,15,4,10,15,30,520,265,,48.5581,5.05056,Plein jour,Hors agglomération,Hors intersection,Normale,Sans collision,,,,,,,,,,,1,1,1,1,7
201500016561,0015-01-15 17:45:00,15,1,15,17,45,520,512,etrangeère,48.46087,5.13288,Plein jour,Hors agglomération,Hors intersection,Normale,Autre collision,,,,,,,,,,,1,1,1,1,6
201500016562,0015-07-11 14:30:00,15,7,11,14,30,520,250,rue de la Madeleine,48.4447,5.15019,Plein jour,En agglomération,Hors intersection,Normale,Deux véhicules - côté,,,,,,,,,,,1,2,1,1,3
201500016563,0015-06-08 18:00:00,15,6,8,18,0,520,502,,48.48102,4.99995,Plein jour,Hors agglomération,Intersection en X,Normale,Deux véhicules - côté,,,,,,,,,,,1,1,2,1,3
201500016564,0015-09-11 08:30:00,15,9,11,8,30,520,550,rue Charle de Gaulle,48.50272,4.95695,Plein jour,En agglomération,Intersection en X,Normale,Deux véhicules - côté,,,,,,,,,,,1,2,2,1,3
201500016565,0015-05-16 10:00:00,15,5,16,10,0,480,16,,,,Plein jour,Hors agglomération,Hors intersection,Normale,Deux véhicules - frontale,,,,,,,,,,,1,1,1,1,1
201500016566,0015-06-16 06:30:00,15,6,16,6,30,480,16,,,,Crépuscule ou aube,Hors agglomération,Hors intersection,Normale,Deux véhicules - frontale,,,,,,,,,,,2,1,1,1,1
201500016567,0015-06-20 18:30:00,15,6,20,18,30,480,53,,,,Plein jour,Hors agglomération,Hors intersection,Temps éblouissant,Autre collision,,,,,,,,,,,1,1,1,7,6
201500016568,0015-08-15 02:45:00,15,8,15,2,45,480,16,,,,Nuit sans éclairage public,Hors agglomération,Hors intersection,Normale,Autre collision,,,,,,,,,,,3,1,1,1,6
201500016569,0015-09-16 17:45:00,15,9,16,17,45,480,14,,,,Plein jour,Hors agglomération,Hors intersection,Normale,Sans collision,,,,,,,,,,,1,1,1,1,7
201500016570,0015-06-04 09:15:00,15,6,4,9,15,480,43,,,,Plein jour,Hors agglomération,Hors intersection,Normale,Deux véhicules - arrière,,,,,,,,,,,1,1,1,1,2
201500016571,0015-10-18 17:30:00,15,10,18,17,30,480,105,RUE DES SORBIERS,,,Plein jour,En agglomération,Hors intersection,Normale,Autre collision,,,,,,,,,,,1,2,1,1,6
201500016572,0015-11-06 15:00:00,15,11,6,15,0,480,80,BOULEVARD DE GAULLE,,,Plein jour,En agglomération,Hors intersection,Normale,Autre collision,,,,,,,,,,,1,2,1,1,6
201500016573,0015-11-11 13:45:00,15,11,11,13,45,480,105,D26,,,Plein jour,En agglomération,Hors intersection,Normale,Sans collision,,,,,,,,,,,1,2,1,1,7
201500016574,0015-07-26 12:30:00,15,7,26,12,30,480,116,,,,Plein jour,Hors agglomération,Hors intersection,Normale,Sans collision,,,,,,,,,,,1,1,1,1,7
201500016575,0015-08-09 10:30:00,15,8,9,10,30,480,162,,,,Plein jour,Hors agglomération,Hors intersection,Normale,Autre collision,,,,,,,,,,,1,1,1,1,6
201500016576,0015-08-17 14:00:00,15,8,17,14,0,480,75,,44.387,3.567,Plein jour,Hors agglomération,Hors intersection,Normale,Deux véhicules - côté,,,,,,,,,,,1,1,1,1,3
201500016577,0015-04-18 15:00:00,15,4,18,15,0,480,168,,,,Plein jour,Hors agglomération,Hors intersection,Normale,Deux véhicules - côté,,,,,,,,,,,1,1,1,1,3
201500016578,0015-05-10 17:15:00,15,5,10,17,15,480,17,,,,Plein jour,Hors agglomération,Giratoire,Normale,Deux véhicules - côté,,,,,,,,,,,1,1,6,1,3
201500016579,0015-08-05 17:15:00,15,8,5,17,15,480,107,,,,Plein jour,Hors agglomération,Hors intersection,Normale,Sans collision,,,,,,,,,,,1,1,1,1,7
201500016580,0015-08-07 17:15:00,15,8,7,17,15,480,18,,,,Plein jour,Hors agglomération,Hors intersection,Normale,Deux véhicules - frontale,,,,,,,,,,,1,1,1,1,1
201500016581,0015-09-07 10:15:00,15,9,7,10,15,480,32,,,,Plein jour,Hors agglomération,Hors intersection,Normale,Autre collision,,,,,,,,,,,1,1,1,1,6
201500016582,0015-10-09 23:30:00,15,10,9,23,30,480,103,,,,Nuit sans éclairage public,Hors agglomération,Hors intersection,Normale,Deux véhicules - frontale,,,,,,,,,,,3,1,1,1,1
201500016583,0015-11-09 10:45:00,15,11,9,10,45,480,55,,,,Plein jour,Hors agglomération,Hors intersection,Normale,Deux véhicules - frontale,,,,,,,,,,,1,1,1,1,1
201500016584,0015-12-18 09:00:00,15,12,18,9,0,480,103,,,,Plein jour,Hors agglomération,Hors intersection,Normale,Deux véhicules - frontale,,,,,,,,,,,1,1,1,1,1
201500016585,0015-01-30 12:15:00,15,1,30,12,15,480,140,,44.813,3.275,Plein jour,Hors agglomération,Hors intersection,Pluie légère,Deux véhicules - côté,,,,,,,,,,,1,1,1,2,3
201500016586,0015-06-28 17:30:00,15,6,28,17,30,300,27,,44.06739,4.03371,Plein jour,Hors agglomération,Hors intersection,Normale,Deux véhicules - côté,,,,,,,,,,,1,1,1,1,3
201500016587,0015-05-02 15:15:00,15,5,2,15,15,370,99,,,,Plein jour,Hors agglomération,Hors intersection,Pluie forte,Deux véhicules - côté,,,,,,,,,,,1,1,1,3,3
201500016588,0015-03-03 09:45:00,15,3,3,9,45,370,47,LANGENNERIE,,,Plein jour,Hors agglomération,Hors intersection,Pluie légère,Autre collision,,,,,,,,,,,1,1,1,2,6
201500016589,0015-03-06 19:30:00,15,3,6,19,30,370,167,D938,,,Nuit avec éclairage allumé,En agglomération,Intersection en X,Normale,Trois véhicules et plus - collisions multiples,,,,,,,,,,,5,2,2,1,5
201500016590,0015-03-28 15:00:00,15,3,28,15,0,370,206,5 ROUTE DES BONSHOMMES,,,Plein jour,En agglomération,Hors intersection,Normale,Autre collision,,,,,,,,,,,1,2,1,1,6
201500016591,0015-06-29 07:00:00,15,6,29,7,0,370,139,LA BERNNERIE,,,Plein jour,Hors agglomération,Intersection en X,Normale,Deux véhicules - arrière,,,,,,,,,,,1,1,2,1,2
201500016592,0015-06-29 12:15:00,15,6,29,12,15,370,55,RUE DES SABLES:DU STADE,,,Plein jour,En agglomération,Intersection en T,Normale,Deux véhicules - frontale,,,,,,,,,,,1,2,3,1,1
201500016593,0015-07-25 16:45:00,15,7,25,16,45,370,217,,,,Plein jour,Hors agglomération,Hors intersection,Normale,Autre collision,,,,,,,,,,,1,1,1,1,6
201500016594,0015-07-31 20:50:00,15,7,31,20,50,370,182,RUE DU LAVOIR,,,Crépuscule ou aube,En agglomération,Hors intersection,Normale,Sans collision,,,,,,,,,,,2,2,1,1,7
201500016595,0015-12-12 13:00:00,15,12,12,13,0,370,13,,,,Plein jour,Hors agglomération,Hors intersection,Temps couvert,Sans collision,,,,,,,,,,,1,1,1,8,7
201500016596,0015-02-11 17:00:00,15,2,11,17,0,370,156,A  APPENWEIER/D ESTREE,,,Plein jour,En agglomération,Giratoire,Normale,Deux véhicules - côté,,,,,,,,,,,1,2,6,1,3
201500016597,0015-04-13 08:45:00,15,4,13,8,45,370,267,,,,Plein jour,Hors agglomération,Hors intersection,Normale,Deux véhicules - frontale,,,,,,,,,,,1,1,1,1,1
201500016598,0015-04-22 15:30:00,15,4,22,15,30,370,79,CARREFOUR  RD 81/RD 40,,,Plein jour,En agglomération,Intersection en X,Normale,Deux véhicules - côté,,,,,,,,,,,1,2,2,1,3
201500016599,0015-06-23 06:45:00,15,6,23,6,45,370,267,VERETZ,,,Plein jour,Hors agglomération,Intersection en X,Normale,Deux véhicules - frontale,,,,,,,,,,,1,1,2,1,1
201500016600,0015-10-03 17:30:00,15,10,3,17,30,370,156,AV GABRIELLE D ESTREE,,,Plein jour,En agglomération,Hors intersection,Normale,Sans collision,,,,,,,,,,,1,2,1,1,7
201500016601,0015-06-30 11:45:00,15,6,30,11,45,370,63,35  RUE DE LA REPUBLIQUE,,,Plein jour,En agglomération,Hors intersection,Normale,Sans collision,,,,,,,,,,,1,2,1,1,7
201500016602,0015-09-06 17:30:00,15,9,6,17,30,370,281,,,,Plein jour,Hors agglomération,Hors intersection,Normale,Deux véhicules - frontale,,,,,,,,,,,1,1,1,1,1
201500016603,0015-10-28 10:45:00,15,10,28,10,45,370,179,LA COUDRIERE,,,Plein jour,Hors agglomération,Hors intersection,Normale,Trois véhicules et plus - collisions multiples,,,,,,,,,,,1,1,1,1,5
201500016604,0015-02-19 20:50:00,15,2,19,20,50,140,366,"53, PONT MORTAIN (RUE)",49.1436,0.2268,Nuit avec éclairage allumé,En agglomération,Intersection en X,Pluie forte,Deux véhicules - côté,,,,,,,,,,,5,2,2,3,3
201500016605,0015-01-06 10:30:00,15,1,6,10,30,140,69,"12, JEAN XXIII (AVENUE)",49.1412,0.25256,Plein jour,En agglomération,Hors intersection,Normale,Deux véhicules - côté,,,,,,,,,,,1,2,1,1,3
201500016606,0015-02-21 23:50:00,15,2,21,23,50,140,487,R.D 579,49.1828,0.22718,Nuit sans éclairage public,Hors agglomération,Hors intersection,Pluie légère,Autre collision,,,,,,,,,,,3,1,1,2,6
201500016607,0015-01-13 09:00:00,15,1,13,9,0,140,366,"66, HERBET FOURNET (BOUL",49.1537,0.22764,Plein jour,En agglomération,Hors intersection,Pluie légère,Deux véhicules - arrière,,,,,,,,,,,1,2,1,2,2
201500016608,0015-02-22 01:45:00,15,2,22,1,45,140,487,R.D 579,49.1828,0.22718,Nuit sans éclairage public,Hors agglomération,Hors intersection,Pluie légère,Autre collision,,,,,,,,,,,3,1,1,2,6
201500016609,0015-01-31 07:55:00,15,1,31,7,55,140,574,"47, D 511",49.1353,0.20603,Crépuscule ou aube,En agglomération,Hors intersection,Neige / grêle,Autre collision,,,,,,,,,,,2,2,1,4,6
201500016610,0015-03-19 19:45:00,15,3,19,19,45,140,366,GEORGES POMPIDOU (AVENUE,49.1351,0.22348,Crépuscule ou aube,En agglomération,Hors intersection,Pluie légère,Deux véhicules - arrière,,,,,,,,,,,2,2,1,2,2
201500016611,0015-01-31 08:00:00,15,1,31,8,0,140,574,"101, D 511",49.129,0.19854,Crépuscule ou aube,En agglomération,Hors intersection,Neige / grêle,Autre collision,,,,,,,,,,,2,2,1,4,6
201500016612,0015-03-24 16:00:00,15,3,24,16,0,140,366,"68, HENRY CHERON (RUE)",49.1452,0.2239,Plein jour,En agglomération,Hors intersection,Normale,Deux véhicules - côté,,,,,,,,,,,1,2,1,1,3
201500016613,0015-02-05 23:40:00,15,2,5,23,40,140,366,"8, GEORGES POMPIDOU (AVE",49.1379,0.2233,Nuit avec éclairage allumé,En agglomération,Hors intersection,Normale,Autre collision,,,,,,,,,,,5,2,1,1,6
201500016614,0015-03-26 16:00:00,15,3,26,16,0,140,366,"85, VICTOR HUGO (AVENUE)",49.144,0.22861,Plein jour,En agglomération,Intersection en T,Normale,Deux véhicules - côté,,,,,,,,,,,1,2,3,1,3
201500016615,0015-02-08 16:25:00,15,2,8,16,25,140,366,"97, HENRY CHERON (RUE)",49.145,0.22352,Plein jour,En agglomération,Hors intersection,Normale,Autre collision,,,,,,,,,,,1,2,1,1,6
201500016616,0015-03-28 15:05:00,15,3,28,15,5,140,574,"0, ASSEMONT (D.182 HEMIN",49.1355,0.2142,Plein jour,Hors agglomération,Hors intersection,Normale,Deux véhicules - frontale,,,,,,,,,,,1,1,1,1,1
201500016617,0015-04-23 14:30:00,15,4,23,14,30,140,487,"0, MANERBE (ROUTE)",49.1777,0.1886,Plein jour,Hors agglomération,Hors intersection,Normale,Sans collision,,,,,,,,,,,1,1,1,1,7
201500016618,0015-04-25 14:25:00,15,4,25,14,25,140,366,"24, CARNOT (BOULEVARD)",49.1479,0.22496,Plein jour,En agglomération,Intersection en X,Normale,Trois véhicules et plus - collisions multiples,,,,,,,,,,,1,2,2,1,5
201500016619,0015-04-28 12:00:00,15,4,28,12,0,140,366,"29, FOURNET (RUE)",49.1381,0.22721,Plein jour,En agglomération,Intersection en T,Normale,Deux véhicules - côté,,,,,,,,,,,1,2,3,1,3
201500016620,0015-04-27 13:40:00,15,4,27,13,40,140,366,ESPERANCE (CARREFOUR DE,49.1444,0.26312,Plein jour,En agglomération,Giratoire,Normale,Deux véhicules - côté,,,,,,,,,,,1,2,6,1,3
201500016621,0015-05-12 17:40:00,15,5,12,17,40,140,574,"710, DIVES (D.45 ROUTE D",49.155,0.19854,Plein jour,Hors agglomération,Hors intersection,Normale,Deux véhicules - côté,,,,,,,,,,,1,1,1,1,3
201500016622,0015-05-15 23:00:00,15,5,15,23,0,140,574,"3335, DIVES (D.45 ROUTE",49.1751,0.18444,Nuit sans éclairage public,Hors agglomération,Hors intersection,Normale,Autre collision,,,,,,,,,,,3,1,1,1,6
201500016623,0015-05-16 17:55:00,15,5,16,17,55,140,366,"22, HENRY CHERON (RUE)",49.1461,0.22819,Plein jour,En agglomération,Intersection en X,Normale,Deux véhicules - côté,,,,,,,,,,,1,2,2,1,3
201500016624,0015-05-24 00:50:00,15,5,24,0,50,140,366,"29, VICTOR HUGO (AVENUE)",49.1447,0.228,Nuit avec éclairage allumé,En agglomération,Hors intersection,Normale,Autre collision,,,,,,,,,,,5,2,1,1,6
201500016625,0015-05-26 12:00:00,15,5,26,12,0,140,574,,49.1395,0.20459,Plein jour,En agglomération,Hors intersection,Normale,Autre collision,,,,,,,,,,,1,2,1,1,6
201500016626,0015-05-28 16:25:00,15,5,28,16,25,140,366,"30, ROGER AINI (RUE)",49.1436,0.24773,Plein jour,En agglomération,Hors intersection,Normale,Autre collision,,,,,,,,,,,1,2,1,1,6
201500016627,0015-06-03 18:00:00,15,6,3,18,0,140,366,"7, SAINTE ANNE (BOULEVAR",49.1429,0.22663,Plein jour,En agglomération,Hors intersection,Normale,Autre collision,,,,,,,,,,,1,2,1,1,6
201500016628,0015-06-12 13:45:00,15,6,12,13,45,140,574,"890, ASSEMONT (D.182 HEM",49.1365,0.2151,Plein jour,Hors agglomération,Intersection en X,Pluie légère,Autre collision,,,,,,,,,,,1,1,2,2,6
201500016629,0015-06-29 16:40:00,15,6,29,16,40,140,366,"1, HENRI PAPIN",49.1415,0.21358,Plein jour,En agglomération,Intersection en T,Normale,Deux véhicules - arrière,,,,,,,,,,,1,2,3,1,2
201500016630,0015-07-02 17:45:00,15,7,2,17,45,140,366,ESPERANCE (CARREFOUR DE,49.1444,0.26312,Plein jour,En agglomération,Giratoire,Normale,Deux véhicules - arrière,,,,,,,,,,,1,2,6,1,2
201500016631,0015-07-11 15:50:00,15,7,11,15,50,140,487,R.D 579,49.1915,0.22819,Plein jour,Hors agglomération,Hors intersection,Normale,Deux véhicules - frontale,,,,,,,,,,,1,1,1,1,1
201500016632,0015-07-24 19:30:00,15,7,24,19,30,140,366,"28, SIX JUIN (AVENUE DU)",,,Plein jour,En agglomération,Giratoire,Normale,Deux véhicules - côté,,,,,,,,,,,1,2,6,1,3
201500016633,0015-07-28 10:10:00,15,7,28,10,10,140,366,"31, ERNEST MANCHON (RUE)",49.1559,0.2191,Plein jour,En agglomération,Intersection en X,Normale,Deux véhicules - frontale,,,,,,,,,,,1,2,2,1,1