accident_id,datetime,annee,mois,jour,heure,minute,departement,commune_insee,adresse,latitude,longitude,luminosite,agglomeration,intersection,meteo,collision,nb_vehicules,nb_usagers,nb_indemnes,nb_tues,nb_blesses_hosp,nb_blesses_legers,age_cond_1,age_cond_2,veh_type_cond_1,veh_type_cond_2,lum_code,agg_code,int_code,atm_code,col_code
201500017842,0015-06-07 14:45:00,15,6,7,14,45,440,108,la levrauderie,47.11698,-1.22725,Plein jour,Hors agglomération,Hors intersection,Normale,Deux véhicules - frontale,,,,,,,,,,,1,1,1,1,1
201500017843,0015-08-30 11:15:00,15,8,30,11,15,440,29,la troniere,47.26711,-1.35575,Plein jour,Hors agglomération,Hors intersection,Normale,Deux véhicules - côté,,,,,,,,,,,1,1,1,1,3
201500017844,0015-10-03 08:15:00,15,10,3,8,15,440,29,64 route de la loire,47.26846,-1.35588,Crépuscule ou aube,Hors agglomération,Hors intersection,Normale,Autre collision,,,,,,,,,,,2,1,1,1,6
201500017845,0015-04-22 14:00:00,15,4,22,14,0,440,130,le malabrit,47.10454,-1.54926,Plein jour,Hors agglomération,Hors intersection,Temps éblouissant,Trois véhicules et plus - collisions multiples,,,,,,,,,,,1,1,1,7,5
201500017846,0015-05-20 09:30:00,15,5,20,9,30,440,130,viais,47.11289,-1.53694,Plein jour,Hors agglomération,Hors intersection,Normale,Deux véhicules - frontale,,,,,,,,,,,1,1,1,1,1
201500017847,0015-06-25 12:00:00,15,6,25,12,0,440,24,,47.1753,-1.6939,Plein jour,Hors agglomération,Hors intersection,Normale,Deux véhicules - côté,,,,,,,,,,,1,1,1,1,3
201500017848,0015-10-11 20:00:00,15,10,11,20,0,440,81,le retail,46.87274,-1.56604,Nuit sans éclairage public,Hors agglomération,Hors intersection,Normale,Deux véhicules - côté,,,,,,,,,,,3,1,1,1,3
201500017849,0015-07-11 19:15:00,15,7,11,19,15,250,58,Route de Lyon,,,Plein jour,En agglomération,Hors intersection,Normale,Deux véhicules - frontale,,,,,,,,,,,1,2,1,1,1
201500017850,0015-04-11 11:45:00,15,4,11,11,45,250,545,,47.035,6.136,Plein jour,Hors agglomération,Hors intersection,Temps couvert,Deux véhicules - côté,,,,,,,,,,,1,1,1,8,3
201500017851,0015-03-02 13:45:00,15,3,2,13,45,250,424,,,,Plein jour,Hors agglomération,Hors intersection,Pluie légère,Deux véhicules - frontale,,,,,,,,,,,1,1,1,2,1
201500017852,0015-05-15 00:01:00,15,5,15,0,1,250,262,,,,Nuit sans éclairage public,Hors agglomération,Hors intersection,Pluie légère,Sans collision,,,,,,,,,,,3,1,1,2,7
201500017853,0015-06-20 22:15:00,15,6,20,22,15,250,578,10 avenue du gl burney,47.14984,6.33913,Crépuscule ou aube,En agglomération,Hors intersection,Normale,Autre collision,,,,,,,,,,,2,2,1,1,6
201500017854,0015-06-24 19:45:00,15,6,24,19,45,250,301,,47.16482,6.57263,Plein jour,Hors agglomération,Hors intersection,Normale,Sans collision,,,,,,,,,,,1,1,1,1,7
201500017855,0015-09-20 10:45:00,15,9,20,10,45,250,262,,,,Plein jour,Hors agglomération,Hors intersection,Temps couvert,Sans collision,,,,,,,,,,,1,1,1,8,7
201500017856,0015-10-07 07:30:00,15,10,7,7,30,250,222,,47.15114,6.24536,Plein jour,Hors agglomération,Intersection en X,Temps couvert,Deux véhicules - frontale,,,,,,,,,,,1,1,2,8,1
201500017857,0015-08-06 18:15:00,15,8,6,18,15,250,378,,,,Plein jour,Hors agglomération,Hors intersection,Normale,Sans collision,,,,,,,,,,,1,1,1,1,7
201500017858,0015-03-15 20:30:00,15,3,15,20,30,250,293,,,,Nuit avec éclairage allumé,Hors agglomération,Hors intersection,Normale,Autre collision,,,,,,,,,,,5,1,1,1,6
201500017859,0015-03-22 15:45:00,15,3,22,15,45,250,110,,,,Plein jour,Hors agglomération,Hors intersection,Normale,Autre collision,,,,,,,,,,,1,1,1,1,6
201500017860,0015-04-26 02:15:00,15,4,26,2,15,250,29,,,,Nuit sans éclairage public,Hors agglomération,Hors intersection,Normale,Autre collision,,,,,,,,,,,3,1,1,1,6
201500017861,0015-06-24 11:45:00,15,6,24,11,45,250,440,,,,Plein jour,Hors agglomération,Hors intersection,Normale,Autre collision,,,,,,,,,,,1,1,1,1,6
201500017862,0015-07-06 09:00:00,15,7,6,9,0,250,282,,,,Plein jour,Hors agglomération,Hors intersection,Normale,Deux véhicules - frontale,,,,,,,,,,,1,1,1,1,1
201500017863,0015-12-14 19:00:00,15,12,14,19,0,250,157,,46.87691,6.40599,Nuit sans éclairage public,Hors agglomération,Hors intersection,Pluie légère,Autre collision,,,,,,,,,,,3,1,1,2,6
201500017864,0015-04-30 18:45:00,15,4,30,18,45,250,121,,,,Crépuscule ou aube,Hors agglomération,Hors intersection,Pluie légère,Deux véhicules - côté,,,,,,,,,,,2,1,1,2,3
201500017865,0015-06-25 10:45:00,15,6,25,10,45,250,308,,,,Plein jour,Hors agglomération,Hors intersection,Normale,Sans collision,,,,,,,,,,,1,1,1,1,7
201500017866,0015-07-01 17:15:00,15,7,1,17,15,250,308,,,,Plein jour,Hors agglomération,Hors intersection,Normale,Autre collision,,,,,,,,,,,1,1,1,1,6
201500017867,0015-04-29 15:15:00,15,4,29,15,15,250,160,,47.034,6.556,Plein jour,Hors agglomération,Hors intersection,Normale,Deux véhicules - frontale,,,,,,,,,,,1,1,1,1,1
201500017868,0015-10-24 15:30:00,15,10,24,15,30,250,411,1 rue de la glapiney,47.053,6.593,Plein jour,En agglomération,Hors intersection,Normale,Deux véhicules - côté,,,,,,,,,,,1,2,1,1,3
201500017869,0015-12-24 00:01:00,15,12,24,0,1,250,321,rue du lac,47.06506,6.6795,Nuit avec éclairage allumé,En agglomération,Hors intersection,Autre,Autre collision,,,,,,,,,,,5,2,1,9,6
201500017870,0015-06-13 20:45:00,15,6,13,20,45,390,154,Rue du Stade,,,Crépuscule ou aube,En agglomération,Hors intersection,Normale,Autre collision,,,,,,,,,,,2,2,1,1,6
201500017871,0015-03-31 14:45:00,15,3,31,14,45,390,397,,,,Plein jour,Hors agglomération,Hors intersection,Pluie légère,Deux véhicules - frontale,,,,,,,,,,,1,1,1,2,1
201500017872,0015-02-11 18:15:00,15,2,11,18,15,390,173,95 grande rue,,,Crépuscule ou aube,En agglomération,Hors intersection,Normale,Autre collision,,,,,,,,,,,2,2,1,1,6
201500017873,0015-09-29 17:00:00,15,9,29,17,0,390,25,Route de Bois Laurent,,,Plein jour,Hors agglomération,Hors intersection,Normale,Autre collision,,,,,,,,,,,1,1,1,1,6
201500017874,0015-02-03 13:00:00,15,2,3,13,0,390,355,,,,Plein jour,Hors agglomération,Hors intersection,Normale,Deux véhicules - frontale,,,,,,,,,,,1,1,1,1,1
201500017875,0015-08-16 04:30:00,15,8,16,4,30,390,13,,46.93,5.764,Nuit sans éclairage public,Hors agglomération,Hors intersection,Autre,Autre collision,,,,,,,,,,,3,1,1,9,6
201500017876,0015-08-28 12:45:00,15,8,28,12,45,390,13,,46.901,5.74,Plein jour,Hors agglomération,Hors intersection,Normale,Deux véhicules - frontale,,,,,,,,,,,1,1,1,1,1
201500017877,0015-08-09 18:00:00,15,8,9,18,0,390,434,,,,Plein jour,Hors agglomération,Hors intersection,Pluie forte,Sans collision,,,,,,,,,,,1,1,1,3,7
201500017878,0015-11-18 10:00:00,15,11,18,10,0,390,13,Place de la Liberté,46.907,5.773,Plein jour,En agglomération,Place,Temps éblouissant,Autre collision,,,,,,,,,,,1,2,7,7,6
201500017879,0015-05-09 14:30:00,15,5,9,14,30,390,500,"3, hameau de Blégny",,,Plein jour,En agglomération,Hors intersection,Normale,Sans collision,,,,,,,,,,,1,2,1,1,7
201500017880,0015-06-25 16:00:00,15,6,25,16,0,390,315,Rue de l'église,,,Plein jour,En agglomération,Hors intersection,Normale,Autre collision,,,,,,,,,,,1,2,1,1,6
201500017881,0015-03-22 22:45:00,15,3,22,22,45,390,30,,,,Nuit sans éclairage public,Hors agglomération,Hors intersection,Temps couvert,Deux véhicules - frontale,,,,,,,,,,,3,1,1,8,1
201500017882,0015-06-04 13:15:00,15,6,4,13,15,390,412,D468,,,Plein jour,En agglomération,Hors intersection,Normale,Autre collision,,,,,,,,,,,1,2,1,1,6
201500017883,0015-05-29 18:45:00,15,5,29,18,45,390,502,,,,Plein jour,Hors agglomération,Intersection en T,Normale,Deux véhicules - côté,,,,,,,,,,,1,1,3,1,3
201500017884,0015-08-04 09:45:00,15,8,4,9,45,390,128,,46.972,5.384,Plein jour,Hors agglomération,Hors intersection,Pluie légère,Autre collision,,,,,,,,,,,1,1,1,2,6
201500017885,0015-08-18 07:30:00,15,8,18,7,30,390,160,,,,Plein jour,Hors agglomération,Intersection en X,Normale,Deux véhicules - côté,,,,,,,,,,,1,1,2,1,3
201500017886,0015-11-24 17:50:00,15,11,24,17,50,390,365,Place Jules Grévy,,,Nuit avec éclairage allumé,En agglomération,Place,Temps couvert,Autre collision,,,,,,,,,,,5,2,7,8,6
201500017887,0015-08-08 09:45:00,15,8,8,9,45,390,528,D459,,,Plein jour,Hors agglomération,Hors intersection,Pluie légère,Deux véhicules - frontale,,,,,,,,,,,1,1,1,2,1
201500017888,0015-05-29 23:00:00,15,5,29,23,0,390,184,,,,Nuit sans éclairage public,Hors agglomération,Hors intersection,Normale,Autre collision,,,,,,,,,,,3,1,1,1,6
201500017889,0015-03-18 20:00:00,15,3,18,20,0,390,258,,46.518,5.874,Nuit avec éclairage allumé,Hors agglomération,Hors intersection,Normale,Deux véhicules - côté,,,,,,,,,,,5,1,1,1,3
201500017890,0015-11-04 19:00:00,15,11,4,19,0,390,494,,46.596,5.918,Nuit sans éclairage public,Hors agglomération,Hors intersection,Normale,Deux véhicules - frontale,,,,,,,,,,,3,1,1,1,1
201500017891,0015-03-05 13:30:00,15,3,5,13,30,220,232,Bel-Air,48.62243,-2.83739,Plein jour,Hors agglomération,Hors intersection,Normale,Deux véhicules - côté,,,,,,,,,,,1,1,1,1,3
201500017892,0015-03-18 14:00:00,15,3,18,14,0,220,55,Boulevard du littoral,48.63609,-2.83264,Plein jour,En agglomération,Hors intersection,Normale,Deux véhicules - côté,,,,,,,,,,,1,2,1,1,3
201500017893,0015-04-16 17:30:00,15,4,16,17,30,220,222,rue rené cassin,48.67206,-2.93165,Plein jour,En agglomération,Intersection en X,Normale,Deux véhicules - côté,,,,,,,,,,,1,2,2,1,3
201500017894,0015-05-16 04:00:00,15,5,16,4,0,220,55,,48.63423,-2.82505,Nuit sans éclairage public,Hors agglomération,Hors intersection,Normale,Autre collision,,,,,,,,,,,3,1,1,1,6
201500017895,0015-05-19 18:00:00,15,5,19,18,0,220,222,,48.66769,-2.94624,Plein jour,Hors agglomération,Hors intersection,Normale,Trois véhicules et plus - collisions multiples,,,,,,,,,,,1,1,1,1,5
201500017896,0015-05-27 10:15:00,15,5,27,10,15,220,7,,48.59961,-2.82602,Plein jour,Hors agglomération,Hors intersection,Normale,Autre collision,,,,,,,,,,,1,1,1,1,6
201500017897,0015-01-17 07:15:00,15,1,17,7,15,220,136,,48.15259,-2.75505,Nuit sans éclairage public,Hors agglomération,Hors intersection,Autre,Autre collision,,,,,,,,,,,3,1,1,9,6
201500017898,0015-03-06 16:45:00,15,3,6,16,45,220,155,la charlerie,48.22264,-2.73856,Plein jour,Hors agglomération,Intersection en T,Normale,Deux véhicules - côté,,,,,,,,,,,1,1,3,1,3
201500017899,0015-05-21 17:00:00,15,5,21,17,0,220,75,,48.16231,-2.87993,Plein jour,Hors agglomération,Intersection en X,Normale,Deux véhicules - arrière,,,,,,,,,,,1,1,2,1,2
201500017900,0015-05-22 14:30:00,15,5,22,14,30,220,136,,48.17832,-2.77863,Plein jour,Hors agglomération,Intersection en X,Normale,Deux véhicules - côté,,,,,,,,,,,1,1,2,1,3
201500017901,0015-06-08 09:45:00,15,6,8,9,45,220,376,la croix oriac,48.22524,-2.807,Plein jour,Hors agglomération,Hors intersection,Normale,Deux véhicules - frontale,,,,,,,,,,,1,1,1,1,1
201500017902,0015-06-15 13:00:00,15,6,15,13,0,220,136,,48.17455,-2.75427,Plein jour,En agglomération,Intersection en T,Normale,Deux véhicules - côté,,,,,,,,,,,1,2,3,1,3
201500017903,0015-06-17 09:15:00,15,6,17,9,15,220,260,le roz,48.22839,-2.92454,Plein jour,Hors agglomération,Hors intersection,Normale,Deux véhicules - frontale,,,,,,,,,,,1,1,1,1,1
201500017904,0015-01-13 11:30:00,15,1,13,11,30,220,371,lez trois moineaux,48.19663,-2.33788,Plein jour,Hors agglomération,Hors intersection,Normale,Autre collision,,,,,,,,,,,1,1,1,1,6
201500017905,0015-03-03 15:30:00,15,3,3,15,30,220,288,,48.07044,-2.64125,Plein jour,Hors agglomération,Intersection en T,Normale,Deux véhicules - côté,,,,,,,,,,,1,1,3,1,3
201500017906,0015-03-21 15:00:00,15,3,21,15,0,220,183,,48.17729,-2.59399,Plein jour,En agglomération,Place,Temps couvert,Autre collision,,,,,,,,,,,1,2,7,8,6
201500017907,0015-04-07 07:00:00,15,4,7,7,0,220,147,,48.19501,-2.37371,Crépuscule ou aube,Hors agglomération,Hors intersection,Brouillard / fumée,Trois véhicules et plus - collisions multiples,,,,,,,,,,,2,1,1,5,5
201500017908,0015-06-26 10:00:00,15,6,26,10,0,220,147,Les Gautrais,48.19611,-2.36178,Plein jour,Hors agglomération,Intersection en T,Normale,Deux véhicules - côté,,,,,,,,,,,1,1,3,1,3
201500017909,0015-08-25 12:15:00,15,8,25,12,15,220,66,place de la mairie,48.30027,-2.51888,Plein jour,En agglomération,Hors intersection,Normale,Autre collision,,,,,,,,,,,1,2,1,1,6
201500017910,0015-09-06 02:15:00,15,9,6,2,15,220,371,,48.15829,-2.29361,Nuit sans éclairage public,Hors agglomération,Intersection en X,Normale,Deux véhicules - côté,,,,,,,,,,,3,1,2,1,3
201500017911,0015-09-10 18:30:00,15,9,10,18,30,220,66,,48.30421,-2.46929,Plein jour,Hors agglomération,Hors intersection,Normale,Autre collision,,,,,,,,,,,1,1,1,1,6
201500017912,0015-10-11 23:15:00,15,10,11,23,15,220,62,la croix de l'etaloir,48.19873,-2.48051,Nuit sans éclairage public,Hors agglomération,Hors intersection,Normale,Deux véhicules - frontale,,,,,,,,,,,3,1,1,1,1
201500017913,0015-10-30 12:15:00,15,10,30,12,15,220,147,lieu dit la croix pinson,48.2004,-2.41004,Plein jour,En agglomération,Hors intersection,Normale,Autre collision,,,,,,,,,,,1,2,1,1,6
201500017914,0015-12-12 07:00:00,15,12,12,7,0,220,66,le champ ratel,48.36286,-2.49741,Nuit sans éclairage public,Hors agglomération,Hors intersection,Pluie légère,Deux véhicules - frontale,,,,,,,,,,,3,1,1,2,1
201500017915,0015-12-18 20:45:00,15,12,18,20,45,220,255,le pont querra,48.18001,-2.62616,Nuit sans éclairage public,Hors agglomération,Hors intersection,Pluie légère,Deux véhicules - côté,,,,,,,,,,,3,1,1,2,3
201500017916,0015-01-19 09:45:00,15,1,19,9,45,220,100,la source,48.2812,-2.66397,Plein jour,Hors agglomération,Hors intersection,Neige / grêle,Autre collision,,,,,,,,,,,1,1,1,4,6
201500017917,0015-02-08 09:30:00,15,2,8,9,30,220,203,Malabry,48.33568,-2.79994,Plein jour,Hors agglomération,Hors intersection,Normale,Autre collision,,,,,,,,,,,1,1,1,1,6
201500017918,0015-03-04 13:45:00,15,3,4,13,45,220,79,Le Bas Guerlan,48.40837,-2.65251,Plein jour,Hors agglomération,Intersection en T,Normale,Deux véhicules - côté,,,,,,,,,,,1,1,3,1,3
201500017919,0015-05-10 14:45:00,15,5,10,14,45,220,203,,48.3402,-2.76306,Plein jour,Hors agglomération,Intersection en Y,Normale,Sans collision,,,,,,,,,,,1,1,4,1,7
201500017920,0015-05-10 19:15:00,15,5,10,19,15,220,184,la noe guenite,48.33939,-2.64251,Plein jour,Hors agglomération,Intersection en X,Normale,Trois véhicules et plus - collisions multiples,,,,,,,,,,,1,1,2,1,5
201500017921,0015-06-08 03:20:00,15,6,8,3,20,220,219,RUE D ENFER,48.28039,-2.70074,Nuit sans éclairage public,En agglomération,Intersection en T,Normale,Deux véhicules - côté,,,,,,,,,,,3,2,3,1,3
201500017922,0015-06-15 13:00:00,15,6,15,13,0,220,153,rue neuve,48.36231,-2.62991,Plein jour,En agglomération,Hors intersection,Normale,Deux véhicules - frontale,,,,,,,,,,,1,2,1,1,1
201500017923,0015-06-20 16:00:00,15,6,20,16,0,220,203,la croix tertret,48.34152,-2.74775,Plein jour,Hors agglomération,Hors intersection,Normale,Sans collision,,,,,,,,,,,1,1,1,1,7
201500017924,0015-07-01 16:45:00,15,7,1,16,45,220,258,l'esperance,48.44735,-2.64352,Plein jour,Hors agglomération,Hors intersection,Normale,Trois véhicules et plus - en chaîne,,,,,,,,,,,1,1,1,1,4
201500017925,0015-10-03 16:15:00,15,10,3,16,15,220,258,,48.41544,-2.6256,Plein jour,Hors agglomération,Intersection en T,Normale,Deux véhicules - côté,,,,,,,,,,,1,1,3,1,3
201500017926,0015-10-16 18:00:00,15,10,16,18,0,220,219,fanton,48.30394,-2.70253,Plein jour,Hors agglomération,Intersection en T,Normale,Deux véhicules - côté,,,,,,,,,,,1,1,3,1,3
201500017927,0015-02-07 19:15:00,15,2,7,19,15,220,274,,48.36584,-2.00409,Nuit sans éclairage public,Hors agglomération,Intersection en X,Normale,Deux véhicules - côté,,,,,,,,,,,3,1,2,1,3
201500017928,0015-03-08 11:15:00,15,3,8,11,15,220,327,Rue du Domaine,48.49575,-2.02691,Plein jour,En agglomération,Intersection en T,Normale,Deux véhicules - côté,,,,,,,,,,,1,2,3,1,3
201500017929,0015-03-11 16:15:00,15,3,11,16,15,220,259,Avenue de l'aublette,48.44759,-2.08648,Plein jour,En agglomération,Intersection en Y,Normale,Deux véhicules - côté,,,,,,,,,,,1,2,4,1,3
201500017930,0015-03-27 15:45:00,15,3,27,15,45,220,213,,48.53348,-2.03287,Plein jour,Hors agglomération,Hors intersection,Normale,Deux véhicules - frontale,,,,,,,,,,,1,1,1,1,1
201500017931,0015-04-03 19:00:00,15,4,3,19,0,220,35,,48.44478,-1.97557,Plein jour,Hors agglomération,Intersection en X,Pluie légère,Deux véhicules - côté,,,,,,,,,,,1,1,2,2,3
201500017932,0015-04-06 17:30:00,15,4,6,17,30,220,339,,48.48148,-2.04284,Plein jour,Hors agglomération,Intersection en T,Temps éblouissant,Deux véhicules - frontale,,,,,,,,,,,1,1,3,7,1
201500017933,0015-05-02 08:45:00,15,5,2,8,45,220,50,45 RUE DU CLOS DU HETRE,48.45741,-2.0525,Plein jour,En agglomération,Hors intersection,Pluie légère,Autre collision,,,,,,,,,,,1,2,1,2,6
201500017934,0015-05-06 16:45:00,15,5,6,16,45,220,259,les périaux,48.45117,-2.09738,Plein jour,Hors agglomération,Intersection en T,Normale,Deux véhicules - côté,,,,,,,,,,,1,1,3,1,3
201500017935,0015-05-17 17:15:00,15,5,17,17,15,220,123,rue de la cochaie,48.43537,-2.06679,Plein jour,En agglomération,Intersection en T,Normale,Deux véhicules - côté,,,,,,,,,,,1,2,3,1,3
201500017936,0015-06-06 15:00:00,15,6,6,15,0,220,213,D12,48.52459,-2.00491,Plein jour,En agglomération,Hors intersection,Normale,Autre collision,,,,,,,,,,,1,2,1,1,6
201500017937,0015-06-07 04:15:00,15,6,7,4,15,220,299,,48.47407,-1.98656,Nuit avec éclairage non allumé,Hors agglomération,Intersection en Y,Normale,Autre collision,,,,,,,,,,,4,1,4,1,6
201500017938,0015-07-11 01:30:00,15,7,11,1,30,220,339,,48.4738,-2.06081,Nuit sans éclairage public,Hors agglomération,Intersection en X,Normale,Deux véhicules - côté,,,,,,,,,,,3,1,2,1,3
201500017939,0015-07-31 16:15:00,15,7,31,16,15,220,56,le clos besso,48.37182,-1.98572,Plein jour,Hors agglomération,Hors intersection,Normale,Sans collision,,,,,,,,,,,1,1,1,1,7
201500017940,0015-03-05 16:45:00,15,3,5,16,45,220,269,kerigomar,48.67244,-3.22538,Plein jour,Hors agglomération,Hors intersection,Normale,Sans collision,,,,,,,,,,,1,1,1,1,7
201500017941,0015-03-07 21:00:00,15,3,7,21,0,220,293,Lot de Coat Mohan,48.65276,-3.10179,Nuit avec éclairage non allumé,En agglomération,Place,Normale,Autre collision,,,,,,,,,,,4,2,7,1,6
201500017942,0015-06-09 12:30:00,15,6,9,12,30,220,95,kERMARIA,48.64345,-3.19053,Plein jour,Hors agglomération,Intersection en X,Normale,Deux véhicules - côté,,,,,,,,,,,1,1,2,1,3
201500017943,0015-09-26 15:30:00,15,9,26,15,30,220,4,avenue pierre Perron,48.63101,-3.30239,Plein jour,En agglomération,Intersection en X,Normale,Deux véhicules - côté,,,,,,,,,,,1,2,2,1,3
201500017944,0015-10-17 18:30:00,15,10,17,18,30,220,212,kerbry,48.68235,-3.21236,Crépuscule ou aube,Hors agglomération,Hors intersection,Normale,Deux véhicules - arrière,,,,,,,,,,,2,1,1,1,2
201500017945,0015-10-16 14:00:00,15,10,16,14,0,220,164,le quinquis,48.59606,-3.32157,Plein jour,Hors agglomération,Hors intersection,Normale,Sans collision,,,,,,,,,,,1,1,1,1,7
201500017946,0015-05-26 19:15:00,15,5,26,19,15,220,320,,48.36421,-3.33195,Plein jour,Hors agglomération,Intersection en Y,Normale,Deux véhicules - frontale,,,,,,,,,,,1,1,4,1,1
201500017947,0015-11-11 13:45:00,15,11,11,13,45,220,328,kerbournet,48.40813,-3.38567,Plein jour,Hors agglomération,Hors intersection,Normale,Autre collision,,,,,,,,,,,1,1,1,1,6
201500017948,0015-11-18 11:30:00,15,11,18,11,30,220,135,45 rue du manaty,48.57928,-3.3349,Plein jour,Hors agglomération,Hors intersection,Normale,Deux véhicules - frontale,,,,,,,,,,,1,1,1,1,1
201500017949,0015-12-22 12:00:00,15,12,22,12,0,220,88,kerambouler,48.3952,-3.20263,Plein jour,Hors agglomération,Hors intersection,Pluie forte,Sans collision,,,,,,,,,,,1,1,1,3,7
201500017950,0015-08-24 15:30:00,15,8,24,15,30,220,158,,48.17233,-2.9832,Plein jour,Hors agglomération,Hors intersection,Pluie légère,Sans collision,,,,,,,,,,,1,1,1,2,7
201500017951,0015-12-07 09:00:00,15,12,7,9,0,220,313,Le bourg D63,48.30996,-2.95405,Nuit sans éclairage public,En agglomération,Hors intersection,Pluie légère,Deux véhicules - frontale,,,,,,,,,,,3,2,1,2,1
201500017952,0015-04-20 19:00:00,15,4,20,19,0,220,351,tachen ar croaz,48.2946,-3.51992,Plein jour,Hors agglomération,Hors intersection,Normale,Deux véhicules - côté,,,,,,,,,,,1,1,1,1,3
201500017953,0015-04-26 11:45:00,15,4,26,11,45,220,344,le queff,48.29838,-3.5026,Plein jour,Hors agglomération,Hors intersection,Normale,Deux véhicules - frontale,,,,,,,,,,,1,1,1,1,1
201500017954,0015-06-20 15:45:00,15,6,20,15,45,220,29,,48.35275,-3.08391,Plein jour,Hors agglomération,Hors intersection,Normale,Sans collision,,,,,,,,,,,1,1,1,1,7
201500017955,0015-07-13 08:00:00,15,7,13,8,0,220,229,,48.27969,-3.28561,Plein jour,Hors agglomération,Hors intersection,Pluie légère,Autre collision,,,,,,,,,,,1,1,1,2,6
201500017956,0015-01-16 19:00:00,15,1,16,19,0,220,238,,48.58273,-3.56663,Nuit sans éclairage public,Hors agglomération,Intersection en X,Pluie forte,Deux véhicules - côté,,,,,,,,,,,3,1,2,3,3
201500017957,0015-02-07 19:15:00,15,2,7,19,15,220,349,,48.70363,-3.55597,Nuit sans éclairage public,Hors agglomération,Intersection en X,Normale,Deux véhicules - frontale,,,,,,,,,,,3,1,2,1,1
201500017958,0015-02-16 17:30:00,15,2,16,17,30,220,194,Rue Bleuets/Rue Pleuven,48.66221,-3.63218,Plein jour,En agglomération,Intersection en X,Pluie légère,Trois véhicules et plus - collisions multiples,,,,,,,,,,,1,2,2,2,5
201500017959,0015-03-15 13:45:00,15,3,15,13,45,220,387,Le Losser,48.65036,-3.42695,Plein jour,Hors agglomération,Hors intersection,Normale,Autre collision,,,,,,,,,,,1,1,1,1,6
201500017960,0015-04-04 03:45:00,15,4,4,3,45,220,226,le pontol,48.70373,-3.49923,Nuit sans éclairage public,Hors agglomération,Intersection en T,Pluie légère,Deux véhicules - côté,,,,,,,,,,,3,1,3,2,3
201500017961,0015-04-11 18:00:00,15,4,11,18,0,220,226,,48.66607,-3.51161,Plein jour,Hors agglomération,Intersection en X,Normale,Deux véhicules - côté,,,,,,,,,,,1,1,2,1,3
201500017962,0015-05-21 14:15:00,15,5,21,14,15,220,194,,48.66866,-3.59824,Plein jour,Hors agglomération,Intersection en T,Normale,Deux véhicules - côté,,,,,,,,,,,1,1,3,1,3
201500017963,0015-06-09 15:15:00,15,6,9,15,15,220,387,le run,48.64918,-3.44636,Plein jour,Hors agglomération,Hors intersection,Normale,Deux véhicules - arrière,,,,,,,,,,,1,1,1,1,2
201500017964,0015-08-01 19:00:00,15,8,1,19,0,220,226,rue de la lieue de greve,48.67951,-3.52623,Plein jour,En agglomération,Intersection en T,Normale,Deux véhicules - côté,,,,,,,,,,,1,2,3,1,3
201500017965,0015-08-12 10:15:00,15,8,12,10,15,220,226,,48.66605,-3.51158,Plein jour,Hors agglomération,Intersection en T,Normale,Deux véhicules - frontale,,,,,,,,,,,1,1,3,1,1
201500017966,0015-12-26 05:15:00,15,12,26,5,15,220,194,D786,48.66922,-3.60806,Nuit sans éclairage public,En agglomération,Hors intersection,Pluie légère,Autre collision,,,,,,,,,,,3,2,1,2,6
201500017967,0015-01-20 18:10:00,15,1,20,18,10,220,199,la croix neuve,48.78168,-3.18414,Nuit avec éclairage allumé,Hors agglomération,Intersection en X,Pluie légère,Deux véhicules - côté,,,,,,,,,,,5,1,2,2,3
201500017968,0015-02-19 10:00:00,15,2,19,10,0,220,28,Goas Quemper,48.79069,-3.32087,Plein jour,Hors agglomération,Hors intersection,Normale,Deux véhicules - frontale,,,,,,,,,,,1,1,1,1,1
201500017969,0015-05-18 19:45:00,15,5,18,19,45,220,195,rue de l'Armor,48.84473,-3.13672,Plein jour,En agglomération,Hors intersection,Normale,Deux véhicules - arrière,,,,,,,,,,,1,2,1,1,2
201500017970,0015-06-21 19:45:00,15,6,21,19,45,220,111,,48.83774,-3.10454,Plein jour,Hors agglomération,Hors intersection,Normale,Autre collision,,,,,,,,,,,1,1,1,1,6
201500017971,0015-07-08 13:30:00,15,7,8,13,30,220,199,Ld Polmor,48.78613,-3.14804,Plein jour,Hors agglomération,Hors intersection,Pluie légère,Deux véhicules - frontale,,,,,,,,,,,1,1,1,2,1
201500017972,0015-09-18 17:15:00,15,9,18,17,15,220,347,Traou Meur,48.78373,-3.21257,Plein jour,Hors agglomération,Hors intersection,Normale,Deux véhicules - arrière,,,,,,,,,,,1,1,1,1,2
201500017973,0015-09-19 11:45:00,15,9,19,11,45,220,199,LE PLANDRY,48.79506,-3.13914,Plein jour,Hors agglomération,Hors intersection,Normale,Deux véhicules - côté,,,,,,,,,,,1,1,1,1,3
201500017974,0015-09-26 16:00:00,15,9,26,16,0,220,34,An Thy,48.69381,-3.34899,Plein jour,Hors agglomération,Hors intersection,Normale,Deux véhicules - frontale,,,,,,,,,,,1,1,1,1,1