accident_id,datetime,annee,mois,jour,heure,minute,departement,commune_insee,adresse,latitude,longitude,luminosite,agglomeration,intersection,meteo,collision,nb_vehicules,nb_usagers,nb_indemnes,nb_tues,nb_blesses_hosp,nb_blesses_legers,age_cond_1,age_cond_2,veh_type_cond_1,veh_type_cond_2,lum_code,agg_code,int_code,atm_code,col_code
201500018110,0015-04-09 14:00:00,15,4,9,14,0,410,296,,47.603,2.061,Plein jour,Hors agglomération,Hors intersection,Normale,Autre collision,,,,,,,,,,,1,1,1,1,6
201500018111,0015-05-17 18:30:00,15,5,17,18,30,410,106,21 avenue Emile Morin,47.604,2.025,Plein jour,En agglomération,Hors intersection,Normale,Autre collision,,,,,,,,,,,1,2,1,1,6
201500018112,0015-05-25 01:00:00,15,5,25,1,0,410,285,,47.623,1.756,Nuit avec éclairage non allumé,En agglomération,Hors intersection,Normale,Autre collision,,,,,,,,,,,4,2,1,1,6
201500018113,0015-05-26 14:30:00,15,5,26,14,30,410,249,rue du champ de foire,47.459,2.182,Plein jour,En agglomération,Hors intersection,Normale,Deux véhicules - côté,,,,,,,,,,,1,2,1,1,3
201500018114,0015-06-14 20:30:00,15,6,14,20,30,410,232,49 route de Pierrefitte,47.43203,2.05586,Plein jour,En agglomération,Hors intersection,Normale,Autre collision,,,,,,,,,,,1,2,1,1,6
201500018115,0015-07-12 05:30:00,15,7,12,5,30,410,296,,47.62771,2.04584,Crépuscule ou aube,Hors agglomération,Hors intersection,Normale,Autre collision,,,,,,,,,,,2,1,1,1,6
201500018116,0015-07-23 08:30:00,15,7,23,8,30,410,152,,47.54294,1.6636,Plein jour,Hors agglomération,Intersection en X,Normale,Deux véhicules - côté,,,,,,,,,,,1,1,2,1,3
201500018117,0015-07-24 16:30:00,15,7,24,16,30,410,232,,47.45067,2.04355,Plein jour,Hors agglomération,Hors intersection,Temps couvert,Deux véhicules - frontale,,,,,,,,,,,1,1,1,8,1
201500018118,0015-07-26 23:00:00,15,7,26,23,0,410,297,,47.63452,1.86708,Nuit sans éclairage public,Hors agglomération,Hors intersection,Temps couvert,Sans collision,,,,,,,,,,,3,1,1,8,7
201500018119,0015-07-29 07:15:00,15,7,29,7,15,410,152,,47.54292,1.66366,Plein jour,Hors agglomération,Intersection en X,Normale,Deux véhicules - côté,,,,,,,,,,,1,1,2,1,3
201500018120,0015-08-06 15:15:00,15,8,6,15,15,410,232,rue du marché,47.42624,2.05253,Plein jour,En agglomération,Hors intersection,Normale,Autre collision,,,,,,,,,,,1,2,1,1,6
201500018121,0015-10-24 17:45:00,15,10,24,17,45,410,296,,47.66608,2.04888,Plein jour,Hors agglomération,Hors intersection,Temps couvert,Autre collision,,,,,,,,,,,1,1,1,8,6
201500018122,0015-12-01 18:00:00,15,12,1,18,0,410,125,,47.47127,1.92515,Nuit sans éclairage public,Hors agglomération,Hors intersection,Normale,Deux véhicules - frontale,,,,,,,,,,,3,1,1,1,1
201500018123,0015-12-14 09:00:00,15,12,14,9,0,410,106,Rue de la FOSSE AUX LOUP,47.59256,2.03135,Plein jour,En agglomération,Hors intersection,Normale,Autre collision,,,,,,,,,,,1,2,1,1,6
201500018124,0015-12-18 17:15:00,15,12,18,17,15,410,251,,47.66028,2.21642,Nuit sans éclairage public,Hors agglomération,Hors intersection,Pluie légère,Autre collision,,,,,,,,,,,3,1,1,2,6
201500018125,0015-03-06 17:00:00,15,3,6,17,0,410,143,,47.996,0.88,Plein jour,Hors agglomération,Hors intersection,Normale,Autre collision,,,,,,,,,,,1,1,1,1,6
201500018126,0015-04-09 14:15:00,15,4,9,14,15,410,75,,48.033,1.095,Plein jour,Hors agglomération,Hors intersection,Normale,Autre collision,,,,,,,,,,,1,1,1,1,6
201500018127,0015-05-06 15:15:00,15,5,6,15,15,410,175,,47.888,1.175,Plein jour,Hors agglomération,Hors intersection,Normale,Sans collision,,,,,,,,,,,1,1,1,1,7
201500018128,0015-05-10 10:45:00,15,5,10,10,45,410,5,,48.068,0.953,Plein jour,Hors agglomération,Hors intersection,Normale,Sans collision,,,,,,,,,,,1,1,1,1,7
201500018129,0015-05-22 16:15:00,15,5,22,16,15,410,53,,48.0,0.928,Plein jour,Hors agglomération,Hors intersection,Normale,Deux véhicules - côté,,,,,,,,,,,1,1,1,1,3
201500018130,0015-07-16 19:15:00,15,7,16,19,15,410,73,,47.89158,1.04613,Plein jour,Hors agglomération,Hors intersection,Normale,Deux véhicules - côté,,,,,,,,,,,1,1,1,1,3
201500018131,0015-08-08 04:30:00,15,8,8,4,30,410,209,,47.83676,1.08666,Crépuscule ou aube,Hors agglomération,Hors intersection,Normale,Autre collision,,,,,,,,,,,2,1,1,1,6
201500018132,0015-08-22 18:15:00,15,8,22,18,15,410,197,,48.05371,0.91924,Plein jour,Hors agglomération,Intersection en X,Temps éblouissant,Deux véhicules - côté,,,,,,,,,,,1,1,2,7,3
201500018133,0015-09-27 16:30:00,15,9,27,16,30,410,193,,47.9564,1.0376,Plein jour,Hors agglomération,Hors intersection,Normale,Deux véhicules - côté,,,,,,,,,,,1,1,1,1,3
201500018134,0015-10-11 14:00:00,15,10,11,14,0,410,235,chemin du pree du suchet,47.92344,0.84647,Plein jour,En agglomération,Hors intersection,Normale,Deux véhicules - frontale,,,,,,,,,,,1,2,1,1,1
201500018135,0015-10-12 10:30:00,15,10,12,10,30,410,60,rue poterie,47.97442,0.89196,Plein jour,En agglomération,Hors intersection,Normale,Trois véhicules et plus - collisions multiples,,,,,,,,,,,1,2,1,1,5
201500018136,0015-10-12 08:45:00,15,10,12,8,45,410,275,,47.91244,1.07197,Crépuscule ou aube,Hors agglomération,Hors intersection,Normale,Deux véhicules - frontale,,,,,,,,,,,2,1,1,1,1
201500018137,0015-10-19 10:00:00,15,10,19,10,0,410,186,,47.85697,1.04277,Plein jour,Hors agglomération,Intersection en X,Normale,Deux véhicules - côté,,,,,,,,,,,1,1,2,1,3
201500018138,0015-04-16 17:15:00,15,4,16,17,15,470,4,,44.2962,0.33199,Plein jour,Hors agglomération,Hors intersection,Normale,Deux véhicules - côté,,,,,,,,,,,1,1,1,1,3
201500018139,0015-06-09 03:15:00,15,6,9,3,15,470,140,,44.2751,0.63004,Nuit sans éclairage public,Hors agglomération,Hors intersection,Normale,Autre collision,,,,,,,,,,,3,1,1,1,6
201500018140,0015-06-08 17:15:00,15,6,8,17,15,470,190,LDT FERRAN,44.343,0.51363,Plein jour,Hors agglomération,Intersection en X,Normale,Deux véhicules - côté,,,,,,,,,,,1,1,2,1,3
201500018141,0015-08-13 21:15:00,15,8,13,21,15,470,66,,44.2402,0.46656,Plein jour,Hors agglomération,Hors intersection,Normale,Autre collision,,,,,,,,,,,1,1,1,1,6
201500018142,0015-09-05 17:45:00,15,9,5,17,45,470,249,INTESECTION D930-D213,44.2469,0.38994,Plein jour,En agglomération,Intersection en T,Normale,Deux véhicules - frontale,,,,,,,,,,,1,2,3,1,1
201500018143,0015-09-23 00:15:00,15,9,23,0,15,470,140,LDT DIT BINSOU,44.2795,0.63505,Nuit sans éclairage public,Hors agglomération,Hors intersection,Pluie légère,Autre collision,,,,,,,,,,,3,1,1,2,6
201500018144,0015-10-11 10:00:00,15,10,11,10,0,470,125,lieu-dit Belle Roque,,,Plein jour,Hors agglomération,Hors intersection,Normale,Autre collision,,,,,,,,,,,1,1,1,1,6
201500018145,0015-04-24 09:15:00,15,4,24,9,15,470,217,,,,Plein jour,Hors agglomération,Hors intersection,Normale,Autre collision,,,,,,,,,,,1,1,1,1,6
201500018146,0015-07-24 08:45:00,15,7,24,8,45,470,25,,44.2689,0.91642,Plein jour,Hors agglomération,Hors intersection,Normale,Deux véhicules - côté,,,,,,,,,,,1,1,1,1,3
201500018147,0015-02-14 11:45:00,15,2,14,11,45,470,301,LDT PARDY,44.5297,0.2909,Plein jour,Hors agglomération,Hors intersection,Pluie légère,Deux véhicules - arrière,,,,,,,,,,,1,1,1,2,2
201500018148,0015-08-03 10:00:00,15,8,3,10,0,470,168,,44.6008,0.36063,Plein jour,En agglomération,Hors intersection,Normale,Autre collision,,,,,,,,,,,1,2,1,1,6
201500018149,0015-09-23 14:45:00,15,9,23,14,45,470,86,,44.6688,0.18692,Plein jour,Hors agglomération,Intersection en X,Normale,Deux véhicules - côté,,,,,,,,,,,1,1,2,1,3
201500018150,0015-09-24 07:45:00,15,9,24,7,45,470,232,RUE DE LA CHARBONNIERE,44.5211,0.37764,Crépuscule ou aube,En agglomération,Intersection en X,Normale,Deux véhicules - frontale,,,,,,,,,,,2,2,2,1,1
201500018151,0015-06-09 07:15:00,15,6,9,7,15,470,285,LDT BORDENEUVE,44.4179,0.12514,Plein jour,Hors agglomération,Hors intersection,Normale,Deux véhicules - frontale,,,,,,,,,,,1,1,1,1,1
201500018152,0015-06-24 21:15:00,15,6,24,21,15,470,310,BDDEGAULLE/MAL JOFFRE,44.391,0.30755,Plein jour,En agglomération,Intersection en T,Normale,Deux véhicules - côté,,,,,,,,,,,1,2,3,1,3
201500018153,0015-08-22 12:15:00,15,8,22,12,15,470,46,,44.3827,0.23775,Plein jour,Hors agglomération,Intersection en X,Normale,Deux véhicules - côté,,,,,,,,,,,1,1,2,1,3
201500018154,0015-09-30 10:00:00,15,9,30,10,0,470,285,AU BOURG,44.4371,0.11129,Plein jour,En agglomération,Hors intersection,Normale,Deux véhicules - frontale,,,,,,,,,,,1,2,1,1,1
201500018155,0015-02-18 20:30:00,15,2,18,20,30,470,143,62 AV GENERAL DE GAULE,44.1782,0.29659,Nuit avec éclairage allumé,En agglomération,Hors intersection,Normale,Autre collision,,,,,,,,,,,5,2,1,1,6
201500018156,0015-08-23 18:45:00,15,8,23,18,45,470,58,,,,Plein jour,Hors agglomération,Hors intersection,Normale,Deux véhicules - côté,,,,,,,,,,,1,1,1,1,3
201500018157,0015-08-31 16:30:00,15,8,31,16,30,470,78,,44.29,0.28385,Plein jour,Hors agglomération,Hors intersection,Pluie forte,Deux véhicules - frontale,,,,,,,,,,,1,1,1,3,1
201500018158,0015-02-27 00:15:00,15,2,27,0,15,470,124,,,,Nuit sans éclairage public,Hors agglomération,Hors intersection,Pluie forte,Autre collision,,,,,,,,,,,3,1,1,3,6
201500018159,0015-05-08 19:15:00,15,5,8,19,15,470,324,,44.6333,0.72827,Plein jour,Hors agglomération,Hors intersection,Normale,Sans collision,,,,,,,,,,,1,1,1,1,7
201500018160,0015-11-11 11:16:00,15,11,11,11,16,470,179,LIEU-DIT LE MEME/PN 355,44.5009,0.93946,Plein jour,Hors agglomération,Passage à niveau,Normale,Deux véhicules - côté,,,,,,,,,,,1,1,8,1,3
201500018161,0015-03-13 16:30:00,15,3,13,16,30,470,252,ROUTE DE BORDEAUX,44.3966,0.58308,Plein jour,En agglomération,Hors intersection,Normale,Deux véhicules - arrière,,,,,,,,,,,1,2,1,1,2
201500018162,0015-01-04 13:45:00,15,1,4,13,45,120,56,BRUNHAC,44.2783,2.46262,Plein jour,Hors agglomération,Hors intersection,Temps couvert,Trois véhicules et plus - en chaîne,,,,,,,,,,,1,1,1,8,4
201500018163,0015-01-10 16:40:00,15,1,10,16,40,120,133,11 AVENUE DE RODEZ,44.294,2.55893,Plein jour,En agglomération,Hors intersection,Pluie légère,Autre collision,,,,,,,,,,,1,2,1,2,6
201500018164,0015-02-07 14:15:00,15,2,7,14,15,120,162,,44.317,2.39437,Plein jour,Hors agglomération,Hors intersection,Normale,Deux véhicules - frontale,,,,,,,,,,,1,1,1,1,1
201500018165,0015-03-06 19:20:00,15,3,6,19,20,120,264,RD 68,44.4122,2.60559,Nuit sans éclairage public,Hors agglomération,Intersection en T,Normale,Trois véhicules et plus - collisions multiples,,,,,,,,,,,3,1,3,1,5
201500018166,0015-03-15 00:20:00,15,3,15,0,20,120,90,DRUELLE,44.3695,2.49541,Nuit sans éclairage public,Hors agglomération,Hors intersection,Pluie légère,Autre collision,,,,,,,,,,,3,1,1,2,6
201500018167,0015-04-21 07:45:00,15,4,21,7,45,120,56,877 AVENUE DE RODEZ,44.2769,2.44744,Plein jour,En agglomération,Hors intersection,Normale,Deux véhicules - côté,,,,,,,,,,,1,2,1,1,3
201500018168,0015-07-19 16:35:00,15,7,19,16,35,120,56,VORS - D 570,44.2886,2.45275,Plein jour,Hors agglomération,Hors intersection,Normale,Deux véhicules - frontale,,,,,,,,,,,1,1,1,1,1
201500018169,0015-07-29 11:40:00,15,7,29,11,40,120,133,AVENUE DE RODEZ,44.2945,2.55887,Plein jour,En agglomération,Hors intersection,Normale,Autre collision,,,,,,,,,,,1,2,1,1,6
201500018170,0015-08-09 12:30:00,15,8,9,12,30,120,1,,44.3432,2.69771,Plein jour,Hors agglomération,Hors intersection,Temps couvert,Deux véhicules - frontale,,,,,,,,,,,1,1,1,8,1
201500018171,0015-08-29 00:40:00,15,8,29,0,40,120,264,ROUTE DE FLARS,44.4039,2.58805,Nuit sans éclairage public,Hors agglomération,Hors intersection,Normale,Sans collision,,,,,,,,,,,3,1,1,1,7
201500018172,0015-09-26 18:00:00,15,9,26,18,0,120,185,RD 911 - PR 44+000,44.2749,2.75222,Plein jour,Hors agglomération,Hors intersection,Normale,Sans collision,,,,,,,,,,,1,1,1,1,7
201500018173,0015-09-27 03:50:00,15,9,27,3,50,120,56,LES SILOS,44.2717,2.41368,Nuit sans éclairage public,Hors agglomération,Hors intersection,Normale,Deux véhicules - frontale,,,,,,,,,,,3,1,1,1,1
201500018174,0015-10-03 21:30:00,15,10,3,21,30,120,137,,,,Nuit sans éclairage public,Hors agglomération,Hors intersection,Normale,Autre collision,,,,,,,,,,,3,1,1,1,6
201500018175,0015-10-06 15:25:00,15,10,6,15,25,120,297,D 56 - FRAYSSINHES,44.327,2.69018,Plein jour,Hors agglomération,Hors intersection,Normale,Deux véhicules - frontale,,,,,,,,,,,1,1,1,1,1
201500018176,0015-10-13 18:55:00,15,10,13,18,55,120,102,RD 62,44.2957,2.60032,Crépuscule ou aube,Hors agglomération,Hors intersection,Temps couvert,Trois véhicules et plus - en chaîne,,,,,,,,,,,2,1,1,8,4
201500018177,0015-05-02 19:00:00,15,5,2,19,0,120,254,CANDOULET,44.4129,2.55095,Plein jour,Hors agglomération,Hors intersection,Normale,Deux véhicules - côté,,,,,,,,,,,1,1,1,1,3
201500018178,0015-05-14 18:00:00,15,5,14,18,0,120,254,COUGOUSSE,44.4508,2.47618,Plein jour,Hors agglomération,Hors intersection,Temps couvert,Sans collision,,,,,,,,,,,1,1,1,8,7
201500018179,0015-06-13 16:25:00,15,6,13,16,25,120,142,RD 994,44.3992,2.36568,Plein jour,Hors agglomération,Hors intersection,Normale,Deux véhicules - côté,,,,,,,,,,,1,1,1,1,3
201500018180,0015-06-20 20:15:00,15,6,20,20,15,120,138,RD 962,44.4747,2.45297,Crépuscule ou aube,Hors agglomération,Hors intersection,Normale,Autre collision,,,,,,,,,,,2,1,1,1,6
201500018181,0015-07-02 18:00:00,15,7,2,18,0,120,288,NUCES,44.4307,2.44434,Plein jour,Hors agglomération,Hors intersection,Normale,Trois véhicules et plus - collisions multiples,,,,,,,,,,,1,1,1,1,5
201500018182,0015-07-03 17:30:00,15,7,3,17,30,120,218,,44.5242,2.39878,Plein jour,Hors agglomération,Hors intersection,Normale,Autre collision,,,,,,,,,,,1,1,1,1,6
201500018183,0015-08-26 18:50:00,15,8,26,18,50,120,223,RD 111 - CARMENSAC,44.793,2.72987,Plein jour,Hors agglomération,Hors intersection,Normale,Autre collision,,,,,,,,,,,1,1,1,1,6
201500018184,0015-03-17 09:20:00,15,3,17,9,20,120,70,INTERSECTION VC1-VC2,44.1655,3.10165,Plein jour,Hors agglomération,Intersection en T,Normale,Deux véhicules - frontale,,,,,,,,,,,1,1,3,1,1
201500018185,0015-08-30 12:35:00,15,8,30,12,35,120,2,RD 809,44.1456,3.09878,Plein jour,Hors agglomération,Hors intersection,Normale,Deux véhicules - côté,,,,,,,,,,,1,1,1,1,3
201500018186,0015-08-28 18:50:00,15,8,28,18,50,120,307,RD 199,44.1846,2.83273,Plein jour,Hors agglomération,Hors intersection,Normale,Sans collision,,,,,,,,,,,1,1,1,1,7
201500018187,0015-01-11 05:35:00,15,1,11,5,35,120,208,RD 999 - VAILHAUZY,43.9526,2.9214,Nuit sans éclairage public,Hors agglomération,Hors intersection,Pluie légère,Autre collision,,,,,,,,,,,3,1,1,2,6
201500018188,0015-01-28 10:00:00,15,1,28,10,0,120,208,AV JULES BOURGOUGNON,43.9576,2.88128,Plein jour,En agglomération,Hors intersection,Normale,Autre collision,,,,,,,,,,,1,2,1,1,6
201500018189,0015-03-01 14:20:00,15,3,1,14,20,120,129,,44.0811,2.70165,Plein jour,Hors agglomération,Hors intersection,Pluie légère,Sans collision,,,,,,,,,,,1,1,1,2,7
201500018190,0015-05-05 08:00:00,15,5,5,8,0,120,44,,43.8001,2.93208,Crépuscule ou aube,Hors agglomération,Hors intersection,Normale,Autre collision,,,,,,,,,,,2,1,1,1,6
201500018191,0015-07-09 14:45:00,15,7,9,14,45,120,154,RD 999,43.8816,2.80638,Plein jour,Hors agglomération,Hors intersection,Normale,Deux véhicules - frontale,,,,,,,,,,,1,1,1,1,1
201500018192,0015-07-17 17:00:00,15,7,17,17,0,120,195,RD 999,43.872,2.76302,Plein jour,Hors agglomération,Hors intersection,Normale,Autre collision,,,,,,,,,,,1,1,1,1,6
201500018193,0015-03-20 15:30:00,15,3,20,15,30,120,301,BOIS DE FUMAT,44.4282,2.0381,Plein jour,Hors agglomération,Hors intersection,Normale,Deux véhicules - arrière,,,,,,,,,,,1,1,1,1,2
201500018194,0015-04-17 17:00:00,15,4,17,17,0,120,257,,44.5557,2.02515,Plein jour,Hors agglomération,Hors intersection,Pluie légère,Autre collision,,,,,,,,,,,1,1,1,2,6
201500018195,0015-07-11 17:00:00,15,7,11,17,0,490,20,RUE DU LANDREAU,47.4722,-0.61982,Plein jour,En agglomération,Intersection en X,Normale,Deux véhicules - côté,,,,,,,,,,,1,2,2,1,3
201500018196,0015-06-26 03:15:00,15,6,26,3,15,490,223,,47.38894,-0.54398,Nuit sans éclairage public,Hors agglomération,Hors intersection,Normale,Autre collision,,,,,,,,,,,3,1,1,1,6
201500018197,0015-11-04 14:45:00,15,11,4,14,45,490,120,22 route de moze,47.37744,-0.60248,Plein jour,En agglomération,Hors intersection,Pluie légère,Deux véhicules - côté,,,,,,,,,,,1,2,1,2,3
201500018198,0015-11-23 12:15:00,15,11,23,12,15,490,318,,47.36381,-0.44026,Plein jour,Hors agglomération,Hors intersection,Normale,Deux véhicules - frontale,,,,,,,,,,,1,1,1,1,1
201500018199,0015-07-23 11:00:00,15,7,23,11,0,490,42,Champ ferré,47.46501,-0.40124,Plein jour,Hors agglomération,Hors intersection,Normale,Deux véhicules - arrière,,,,,,,,,,,1,1,1,1,2
201500018200,0015-09-26 18:15:00,15,9,26,18,15,490,377,,47.53045,-0.41984,Plein jour,Hors agglomération,Hors intersection,Normale,Trois véhicules et plus - collisions multiples,,,,,,,,,,,1,1,1,1,5
201500018201,0015-10-30 23:15:00,15,10,30,23,15,490,323,La lieue,47.49917,-0.48949,Nuit sans éclairage public,Hors agglomération,Hors intersection,Normale,Autre collision,,,,,,,,,,,3,1,1,1,6
201500018202,0015-10-31 15:00:00,15,10,31,15,0,490,4,,47.46783,-0.37902,Plein jour,Hors agglomération,Hors intersection,Temps éblouissant,Deux véhicules - frontale,,,,,,,,,,,1,1,1,7,1
201500018203,0015-01-19 18:15:00,15,1,19,18,15,490,212,rue nationale,47.38617,-0.86183,Nuit avec éclairage allumé,En agglomération,Intersection en X,Normale,Deux véhicules - côté,,,,,,,,,,,5,2,2,1,3
201500018204,0015-05-28 08:15:00,15,5,28,8,15,490,295,,47.33459,-0.82634,Plein jour,Hors agglomération,Hors intersection,Normale,Autre collision,,,,,,,,,,,1,1,1,1,6
201500018205,0015-08-12 17:15:00,15,8,12,17,15,490,283,,47.431,-0.77088,Plein jour,Hors agglomération,Hors intersection,Normale,Deux véhicules - frontale,,,,,,,,,,,1,1,1,1,1
201500018206,0015-05-10 10:30:00,15,5,10,10,30,490,83,L'Aupairé,47.31205,-0.94084,Plein jour,Hors agglomération,Hors intersection,Normale,Deux véhicules - frontale,,,,,,,,,,,1,1,1,1,1
201500018207,0015-06-19 13:30:00,15,6,19,13,30,490,240,7 Rue François Guerif,47.06764,-0.63453,Plein jour,En agglomération,Hors intersection,Normale,Deux véhicules - frontale,,,,,,,,,,,1,2,1,1,1
201500018208,0015-06-25 23:00:00,15,6,25,23,0,490,373,RD960,47.13783,-0.57457,Nuit sans éclairage public,Hors agglomération,Hors intersection,Normale,Deux véhicules - arrière,,,,,,,,,,,3,1,1,1,2
201500018209,0015-06-26 21:45:00,15,6,26,21,45,490,373,rue de la Martinière,47.14738,-0.53306,Crépuscule ou aube,En agglomération,Hors intersection,Normale,Deux véhicules - côté,,,,,,,,,,,2,2,1,1,3
201500018210,0015-10-17 18:00:00,15,10,17,18,0,490,232,La Trémoullière,47.1233,-0.429,Plein jour,Hors agglomération,Intersection en X,Normale,Deux véhicules - côté,,,,,,,,,,,1,1,2,1,3
201500018211,0015-06-25 23:00:00,15,6,25,23,0,490,215,"Rue de la société, Trézé",47.10817,-0.08105,Nuit sans éclairage public,Hors agglomération,Hors intersection,Normale,Sans collision,,,,,,,,,,,3,1,1,1,7
201500018212,0015-10-19 12:45:00,15,10,19,12,45,490,215,Champagne,47.11382,-0.12271,Plein jour,Hors agglomération,Hors intersection,Temps éblouissant,Deux véhicules - côté,,,,,,,,,,,1,1,1,7,3
201500018213,0015-01-27 09:15:00,15,1,27,9,15,490,77,,47.6684,-0.82168,Plein jour,Hors agglomération,Hors intersection,Normale,Autre collision,,,,,,,,,,,1,1,1,1,6
201500018214,0015-02-21 23:00:00,15,2,21,23,0,490,103,La Cochinière,47.71022,-1.0037,Nuit sans éclairage public,Hors agglomération,Hors intersection,Normale,Deux véhicules - frontale,,,,,,,,,,,3,1,1,1,1
201500018215,0015-03-17 09:45:00,15,3,17,9,45,490,8,La Pilletais,47.59878,-0.99664,Plein jour,Hors agglomération,Hors intersection,Normale,Deux véhicules - frontale,,,,,,,,,,,1,1,1,1,1
201500018216,0015-05-02 22:45:00,15,5,2,22,45,490,248,,47.76954,-1.16466,Nuit sans éclairage public,Hors agglomération,Hors intersection,Pluie légère,Deux véhicules - frontale,,,,,,,,,,,3,1,1,2,1
201500018217,0015-05-07 23:30:00,15,5,7,23,30,490,8,rue des fours à chaux,47.57136,-0.97224,Nuit avec éclairage allumé,En agglomération,Hors intersection,Normale,Autre collision,,,,,,,,,,,5,2,1,1,6
201500018218,0015-05-27 09:00:00,15,5,27,9,0,490,8,,47.61078,-0.97908,Plein jour,Hors agglomération,Hors intersection,Normale,Deux véhicules - frontale,,,,,,,,,,,1,1,1,1,1
201500018219,0015-09-03 21:15:00,15,9,3,21,15,490,61,,47.61597,-1.03697,Nuit sans éclairage public,Hors agglomération,Hors intersection,Normale,Deux véhicules - frontale,,,,,,,,,,,3,1,1,1,1
201500018220,0015-10-22 16:15:00,15,10,22,16,15,490,248,La promenade,47.74575,-1.20467,Plein jour,Hors agglomération,Hors intersection,Normale,Sans collision,,,,,,,,,,,1,1,1,1,7
201500018221,0015-10-28 17:45:00,15,10,28,17,45,490,61,,47.63246,-1.06558,Crépuscule ou aube,Hors agglomération,Hors intersection,Pluie légère,Sans collision,,,,,,,,,,,2,1,1,2,7
201500018222,0015-06-11 17:45:00,15,6,11,17,45,490,294,Route de la chaussée,47.4829,-0.68943,Plein jour,En agglomération,Hors intersection,Normale,Deux véhicules - côté,,,,,,,,,,,1,2,1,1,3
201500018223,0015-06-17 17:30:00,15,6,17,17,30,490,294,,47.48823,-0.67056,Plein jour,Hors agglomération,Hors intersection,Normale,Deux véhicules - frontale,,,,,,,,,,,1,1,1,1,1
201500018224,0015-12-25 08:00:00,15,12,25,8,0,490,249,l'isle,47.54738,-0.80866,Crépuscule ou aube,En agglomération,Hors intersection,Normale,Autre collision,,,,,,,,,,,2,2,1,1,6
201500018225,0015-11-21 12:00:00,15,11,21,12,0,490,80,04 rue nationale,47.67912,-0.48769,Plein jour,En agglomération,Hors intersection,Pluie légère,Autre collision,,,,,,,,,,,1,2,1,2,6
201500018226,0015-12-18 18:30:00,15,12,18,18,30,490,51,,47.69976,-0.45407,Nuit sans éclairage public,Hors agglomération,Hors intersection,Autre,Autre collision,,,,,,,,,,,3,1,1,9,6
201500018227,0015-01-15 19:15:00,15,1,15,19,15,550,167,02 rue de l'Ile,,,Nuit avec éclairage allumé,En agglomération,Hors intersection,Pluie légère,Autre collision,,,,,,,,,,,5,2,1,2,6
201500018228,0015-01-03 20:15:00,15,1,3,20,15,550,8,,49.26609,5.66277,Nuit sans éclairage public,Hors agglomération,Intersection en T,Pluie forte,Deux véhicules - arrière,,,,,,,,,,,3,1,3,3,2
201500018229,0015-02-12 20:15:00,15,2,12,20,15,550,198,,49.188,5.061,Nuit avec éclairage allumé,Hors agglomération,Giratoire,Brouillard / fumée,Sans collision,,,,,,,,,,,5,1,6,5,7
201500018230,0015-10-07 21:15:00,15,10,7,21,15,550,63,,,,Nuit sans éclairage public,Hors agglomération,Hors intersection,Normale,Trois véhicules et plus - collisions multiples,,,,,,,,,,,3,1,1,1,5
201500018231,0015-10-03 17:15:00,15,10,3,17,15,550,279,Route de Wiseppe,,,Plein jour,En agglomération,Hors intersection,Normale,Sans collision,,,,,,,,,,,1,2,1,1,7
201500018232,0015-07-07 16:45:00,15,7,7,16,45,610,213,,48.47656,-0.1525,Plein jour,Hors agglomération,Intersection en T,Normale,Trois véhicules et plus - collisions multiples,,,,,,,,,,,1,1,3,1,5
201500018233,0015-05-31 02:15:00,15,5,31,2,15,610,166,,48.65487,0.37489,Nuit sans éclairage public,Hors agglomération,Hors intersection,Normale,Autre collision,,,,,,,,,,,3,1,1,1,6
201500018234,0015-06-28 13:30:00,15,6,28,13,30,610,301,,48.54568,0.16632,Plein jour,Hors agglomération,Hors intersection,Normale,Deux véhicules - côté,,,,,,,,,,,1,1,1,1,3
201500018235,0015-07-12 06:00:00,15,7,12,6,0,610,64,,48.64237,0.32188,Crépuscule ou aube,Hors agglomération,Hors intersection,Normale,Sans collision,,,,,,,,,,,2,1,1,1,7
201500018236,0015-12-20 05:15:00,15,12,20,5,15,610,417,,48.70427,0.02504,Nuit sans éclairage public,Hors agglomération,Hors intersection,Normale,Autre collision,,,,,,,,,,,3,1,1,1,6
201500018237,0015-08-25 09:30:00,15,8,25,9,30,610,496,,48.74907,0.02227,Plein jour,Hors agglomération,Intersection en X,Normale,Deux véhicules - côté,,,,,,,,,,,1,1,2,1,3
201500018238,0015-09-27 01:00:00,15,9,27,1,0,610,179,,48.73845,-0.24693,Nuit sans éclairage public,Hors agglomération,Hors intersection,Normale,Autre collision,,,,,,,,,,,3,1,1,1,6
201500018239,0015-11-02 18:30:00,15,11,2,18,30,610,505,,48.79512,0.01272,Nuit sans éclairage public,Hors agglomération,Hors intersection,Normale,Autre collision,,,,,,,,,,,3,1,1,1,6
201500018240,0015-01-07 11:45:00,15,1,7,11,45,610,181,,48.80126,0.3101,Plein jour,Hors agglomération,Hors intersection,Temps couvert,Sans collision,,,,,,,,,,,1,1,1,8,7