accident_id,datetime,annee,mois,jour,heure,minute,departement,commune_insee,adresse,latitude,longitude,luminosite,agglomeration,intersection,meteo,collision,nb_vehicules,nb_usagers,nb_indemnes,nb_tues,nb_blesses_hosp,nb_blesses_legers,age_cond_1,age_cond_2,veh_type_cond_1,veh_type_cond_2,lum_code,agg_code,int_code,atm_code,col_code
201500018241,0015-07-10 18:45:00,15,7,10,18,45,610,201,,48.60335,-0.06791,Plein jour,Hors agglomération,Intersection en X,Normale,Trois véhicules et plus - collisions multiples,,,,,,,,,,,1,1,2,1,5
201500018242,0015-09-01 15:45:00,15,9,1,15,45,610,324,,48.53163,-0.74116,Plein jour,Hors agglomération,Hors intersection,Normale,Deux véhicules - frontale,,,,,,,,,,,1,1,1,1,1
201500018243,0015-11-20 18:00:00,15,11,20,18,0,610,75,,48.5149,-0.64195,Nuit sans éclairage public,Hors agglomération,Intersection en T,Temps couvert,Deux véhicules - côté,,,,,,,,,,,3,1,3,8,3
201500018244,0015-07-01 18:30:00,15,7,1,18,30,610,69,,48.71921,-0.41456,Plein jour,Hors agglomération,Intersection en Y,Normale,Deux véhicules - frontale,,,,,,,,,,,1,1,4,1,1
201500018245,0015-07-10 16:15:00,15,7,10,16,15,610,44,,48.84674,-0.50103,Plein jour,Hors agglomération,Hors intersection,Normale,Deux véhicules - frontale,,,,,,,,,,,1,1,1,1,1
201500018246,0015-06-19 06:30:00,15,6,19,6,30,610,63,,48.71921,-0.41456,Crépuscule ou aube,Hors agglomération,Intersection en X,Normale,Deux véhicules - frontale,,,,,,,,,,,2,1,2,1,1
201500018247,0015-10-09 10:30:00,15,10,9,10,30,610,63,,48.69002,-0.38125,Plein jour,Hors agglomération,Intersection en T,Normale,Deux véhicules - côté,,,,,,,,,,,1,1,3,1,3
201500018248,0015-10-23 08:00:00,15,10,23,8,0,610,186,,48.51388,-0.47618,Crépuscule ou aube,Hors agglomération,Hors intersection,Normale,Autre collision,,,,,,,,,,,2,1,1,1,6
201500018249,0015-12-06 03:40:00,15,12,6,3,40,610,439,,48.49374,-0.36528,Nuit sans éclairage public,Hors agglomération,Hors intersection,Normale,Deux véhicules - arrière,,,,,,,,,,,3,1,1,1,2
201500018250,0015-09-29 08:45:00,15,9,29,8,45,610,476,,48.38686,0.41604,Plein jour,Hors agglomération,Hors intersection,Normale,Sans collision,,,,,,,,,,,1,1,1,1,7
201500018251,0015-03-07 23:45:00,15,3,7,23,45,610,422,,48.696,0.63245,Nuit sans éclairage public,Hors agglomération,Hors intersection,Normale,Sans collision,,,,,,,,,,,3,1,1,1,7
201500018252,0015-03-07 15:15:00,15,3,7,15,15,610,440,,48.73073,0.64954,Plein jour,Hors agglomération,Intersection en T,Normale,Trois véhicules et plus - collisions multiples,,,,,,,,,,,1,1,3,1,5
201500018253,0015-06-06 12:10:00,15,6,6,12,10,610,342,AVENUE BRESNARD,48.75429,0.58989,Plein jour,En agglomération,Intersection en T,Temps éblouissant,Deux véhicules - côté,,,,,,,,,,,1,2,3,7,3
201500018254,0015-10-19 22:00:00,15,10,19,22,0,610,423,LE BOURG,48.78883,0.67853,Nuit sans éclairage public,En agglomération,Hors intersection,Normale,Sans collision,,,,,,,,,,,3,2,1,1,7
201500018255,0015-12-14 10:00:00,15,12,14,10,0,610,456,,48.79414,0.63331,Plein jour,Hors agglomération,Hors intersection,Normale,Sans collision,,,,,,,,,,,1,1,1,1,7
201500018256,0015-06-06 12:00:00,15,6,6,12,0,610,409,,48.36492,0.65067,Plein jour,Hors agglomération,Intersection en X,Normale,Deux véhicules - arrière,,,,,,,,,,,1,1,2,1,2
201500018257,0015-07-18 06:15:00,15,7,18,6,15,610,471,,48.39384,0.60542,Nuit sans éclairage public,Hors agglomération,Hors intersection,Normale,Autre collision,,,,,,,,,,,3,1,1,1,6
201500018258,0015-10-31 15:15:00,15,10,31,15,15,610,207,,48.31759,0.50465,Plein jour,Hors agglomération,Intersection en Y,Normale,Deux véhicules - côté,,,,,,,,,,,1,1,4,1,3
201500018259,0015-01-21 12:15:00,15,1,21,12,15,800,533,,50.06148,1.40607,Plein jour,En agglomération,Hors intersection,Normale,Autre collision,,,,,,,,,,,1,2,1,1,6
201500018260,0015-01-26 16:45:00,15,1,26,16,45,760,644,,50.00548,1.37114,Plein jour,Hors agglomération,Hors intersection,Normale,Autre collision,,,,,,,,,,,1,1,1,1,6
201500018261,0015-04-21 09:30:00,15,4,21,9,30,760,255,route du TREPORT,50.04917,1.40625,Plein jour,En agglomération,Hors intersection,Temps éblouissant,Deux véhicules - arrière,,,,,,,,,,,1,2,1,7,2
201500018262,0015-05-19 17:15:00,15,5,19,17,15,760,255,"66bis, BD VICTOR HUGO",50.04778,1.41486,Plein jour,En agglomération,Hors intersection,Normale,Autre collision,,,,,,,,,,,1,2,1,1,6
201500018263,0015-06-28 17:45:00,15,6,28,17,45,760,374,,50.0025,1.5159,Plein jour,Hors agglomération,Intersection en X,Normale,Deux véhicules - côté,,,,,,,,,,,1,1,2,1,3
201500018264,0015-08-15 15:00:00,15,8,15,15,0,760,207,Place René Delorière,49.95991,1.39951,Plein jour,En agglomération,Hors intersection,Normale,Deux véhicules - côté,,,,,,,,,,,1,2,1,1,3
201500018265,0015-08-24 15:00:00,15,8,24,15,0,760,704,,49.9507,1.24814,Plein jour,Hors agglomération,Hors intersection,Normale,Autre collision,,,,,,,,,,,1,1,1,1,6
201500018266,0015-08-28 19:30:00,15,8,28,19,30,760,255,CHS DE PICARDIE,50.05483,1.42308,Plein jour,En agglomération,Hors intersection,Normale,Deux véhicules - côté,,,,,,,,,,,1,2,1,1,3
201500018267,0015-08-28 15:00:00,15,8,28,15,0,800,533,avenue Pierre et Marie C,50.06287,1.40203,Plein jour,En agglomération,Hors intersection,Normale,Deux véhicules - frontale,,,,,,,,,,,1,2,1,1,1
201500018268,0015-08-30 17:00:00,15,8,30,17,0,760,711,route de dieppe,50.05106,1.36742,Plein jour,En agglomération,Hors intersection,Normale,Sans collision,,,,,,,,,,,1,2,1,1,7
201500018269,0015-10-01 09:00:00,15,10,1,9,0,760,711,"10, R DU DOCTEUR PEPIN",50.05975,1.37654,Plein jour,En agglomération,Hors intersection,Normale,Autre collision,,,,,,,,,,,1,2,1,1,6
201500018270,0015-10-02 14:30:00,15,10,2,14,30,760,255,"7, R DU BRIQUET",50.03352,1.3982,Plein jour,En agglomération,Hors intersection,Normale,Autre collision,,,,,,,,,,,1,2,1,1,6
201500018271,0015-11-29 01:30:00,15,11,29,1,30,800,533,Rue des canadiens(n°73),50.06425,1.38526,Nuit sans éclairage public,En agglomération,Hors intersection,Normale,Autre collision,,,,,,,,,,,3,2,1,1,6
201500018272,0015-12-09 17:45:00,15,12,9,17,45,760,192,,50.02217,1.32547,Nuit sans éclairage public,Hors agglomération,Hors intersection,Normale,Trois véhicules et plus - collisions multiples,,,,,,,,,,,3,1,1,1,5
201500018273,0015-12-16 12:15:00,15,12,16,12,15,760,255,R DES CANADIENS,50.03875,1.42355,Plein jour,En agglomération,Hors intersection,Pluie légère,Deux véhicules - frontale,,,,,,,,,,,1,2,1,2,1
201500018274,0015-05-20 19:15:00,15,5,20,19,15,760,591,,49.4466,1.20288,Plein jour,Hors agglomération,Hors intersection,Normale,Deux véhicules - côté,,,,,,,,,,,1,1,1,1,3
201500018275,0015-05-23 17:15:00,15,5,23,17,15,760,673,,49.46165,1.26058,Plein jour,Hors agglomération,Hors intersection,Normale,Deux véhicules - frontale,,,,,,,,,,,1,1,1,1,1
201500018276,0015-06-27 10:45:00,15,6,27,10,45,760,248,,49.58013,1.27645,Plein jour,Hors agglomération,Hors intersection,Normale,Autre collision,,,,,,,,,,,1,1,1,1,6
201500018277,0015-08-02 14:30:00,15,8,2,14,30,760,560,,49.4216,1.17361,Plein jour,Hors agglomération,Hors intersection,Normale,Autre collision,,,,,,,,,,,1,1,1,1,6
201500018278,0015-10-27 11:00:00,15,10,27,11,0,760,248,,49.58641,1.34065,Plein jour,Hors agglomération,Intersection en X,Normale,Deux véhicules - côté,,,,,,,,,,,1,1,2,1,3
201500018279,0015-05-29 11:30:00,15,5,29,11,30,630,395,,,,Plein jour,Hors agglomération,Hors intersection,Normale,Deux véhicules - frontale,,,,,,,,,,,1,1,1,1,1
201500018280,0015-11-02 18:15:00,15,11,2,18,15,630,302,,45.706,3.147,Crépuscule ou aube,Hors agglomération,Hors intersection,Normale,Deux véhicules - frontale,,,,,,,,,,,2,1,1,1,1
201500018281,0015-11-30 02:15:00,15,11,30,2,15,630,188,246Route de Vic le Comte,45.66719,3.25845,Nuit sans éclairage public,En agglomération,Hors intersection,Normale,Autre collision,,,,,,,,,,,3,2,1,1,6
201500018282,0015-08-07 05:45:00,15,8,7,5,45,630,3,boulevard Sully,45.54937,3.7396,Crépuscule ou aube,En agglomération,Intersection en X,Normale,Deux véhicules - frontale,,,,,,,,,,,2,2,2,1,1
201500018283,0015-08-08 18:30:00,15,8,8,18,30,630,3,,,,Plein jour,Hors agglomération,Hors intersection,Pluie légère,Autre collision,,,,,,,,,,,1,1,1,2,6
201500018284,0015-12-16 13:30:00,15,12,16,13,30,630,3,30 ALLEE HENRI POURRAT,45.5557,3.73,Plein jour,En agglomération,Hors intersection,Temps couvert,Deux véhicules - frontale,,,,,,,,,,,1,2,1,8,1
201500018285,0015-12-20 10:15:00,15,12,20,10,15,630,3,RUE DU 19 MARS 1962,45.55037,3.74453,Plein jour,En agglomération,Hors intersection,Temps couvert,Sans collision,,,,,,,,,,,1,2,1,8,7
201500018286,0015-10-17 14:45:00,15,10,17,14,45,630,86,,45.656,3.63,Plein jour,Hors agglomération,Hors intersection,Temps couvert,Deux véhicules - côté,,,,,,,,,,,1,1,1,8,3
201500018287,0015-10-22 14:30:00,15,10,22,14,30,630,258,,45.683,3.63,Plein jour,Hors agglomération,Hors intersection,Pluie légère,Autre collision,,,,,,,,,,,1,1,1,2,6
201500018288,0015-02-04 19:15:00,15,2,4,19,15,630,172,,,,Nuit sans éclairage public,Hors agglomération,Hors intersection,Neige / grêle,Deux véhicules - frontale,,,,,,,,,,,3,1,1,4,1
201500018289,0015-02-07 23:30:00,15,2,7,23,30,630,234,RD996 - rte des moulins,45.58653,3.09861,Nuit sans éclairage public,En agglomération,Hors intersection,Autre,Deux véhicules - côté,,,,,,,,,,,3,2,1,9,3
201500018290,0015-02-28 10:30:00,15,2,28,10,30,630,178,47 ave de la lib?ration,45.5382,3.2506,Plein jour,En agglomération,Autre intersection,Normale,Autre collision,,,,,,,,,,,1,2,9,1,6
201500018291,0015-03-07 20:45:00,15,3,7,20,45,630,178,Boulevard Albert Buisson,45.54456,3.24682,Nuit avec éclairage allumé,En agglomération,Intersection en T,Normale,Deux véhicules - côté,,,,,,,,,,,5,2,3,1,3
201500018292,0015-05-21 15:45:00,15,5,21,15,45,630,422,,,,Plein jour,Hors agglomération,Hors intersection,Normale,Deux véhicules - frontale,,,,,,,,,,,1,1,1,1,1
201500018293,0015-05-23 22:30:00,15,5,23,22,30,630,54,,,,Nuit sans éclairage public,Hors agglomération,Hors intersection,Normale,Autre collision,,,,,,,,,,,3,1,1,1,6
201500018294,0015-05-18 07:45:00,15,5,18,7,45,630,178,sur le pont sncf,45.5515,3.2533,Plein jour,En agglomération,Hors intersection,Normale,Autre collision,,,,,,,,,,,1,2,1,1,6
201500018295,0015-06-17 20:30:00,15,6,17,20,30,630,234,,,,Crépuscule ou aube,Hors agglomération,Hors intersection,Normale,Deux véhicules - frontale,,,,,,,,,,,2,1,1,1,1
201500018296,0015-06-28 17:15:00,15,6,28,17,15,630,380,,,,Plein jour,Hors agglomération,Hors intersection,Normale,Sans collision,,,,,,,,,,,1,1,1,1,7
201500018297,0015-09-07 00:30:00,15,9,7,0,30,630,178,plan d'eau du mas,45.55146,3.27537,Nuit sans éclairage public,Hors agglomération,Hors intersection,Normale,Sans collision,,,,,,,,,,,3,1,1,1,7
201500018298,0015-09-22 10:30:00,15,9,22,10,30,630,275,,45.553,3.1786,Plein jour,Hors agglomération,Hors intersection,Normale,Autre collision,,,,,,,,,,,1,1,1,1,6
201500018299,0015-12-04 18:30:00,15,12,4,18,30,630,275,,,,Nuit avec éclairage allumé,En agglomération,Hors intersection,Normale,Deux véhicules - frontale,,,,,,,,,,,5,2,1,1,1
201500018300,0015-08-31 16:30:00,15,8,31,16,30,630,352,,45.455,3.196,Plein jour,Hors agglomération,Hors intersection,Normale,Sans collision,,,,,,,,,,,1,1,1,1,7
201500018301,0015-09-09 08:00:00,15,9,9,8,0,630,52,21 place de la Républiqu,45.4677,3.2643,Plein jour,En agglomération,Hors intersection,Normale,Deux véhicules - arrière,,,,,,,,,,,1,2,1,1,2
201500018302,0015-09-17 22:30:00,15,9,17,22,30,630,9,,45.42,3.168,Nuit sans éclairage public,Hors agglomération,Hors intersection,Pluie légère,Sans collision,,,,,,,,,,,3,1,1,2,7
201500018303,0015-04-30 07:45:00,15,4,30,7,45,630,47,avenue alsace lorraine,45.593,2.744,Plein jour,En agglomération,Hors intersection,Normale,Autre collision,,,,,,,,,,,1,2,1,1,6
201500018304,0015-05-21 09:30:00,15,5,21,9,30,630,236,,,,Plein jour,Hors agglomération,Hors intersection,Normale,Sans collision,,,,,,,,,,,1,1,1,1,7
201500018305,0015-09-26 11:30:00,15,9,26,11,30,630,236,,45.598,2.833,Plein jour,Hors agglomération,Hors intersection,Normale,Deux véhicules - frontale,,,,,,,,,,,1,1,1,1,1
201500018306,0015-07-20 09:00:00,15,7,20,9,0,630,148,,45.903,3.216,Plein jour,Hors agglomération,Intersection en Y,Normale,Deux véhicules - frontale,,,,,,,,,,,1,1,4,1,1
201500018307,0015-03-25 15:15:00,15,3,25,15,15,630,283,,,,Plein jour,Hors agglomération,Hors intersection,Normale,Sans collision,,,,,,,,,,,1,1,1,1,7
201500018308,0015-04-12 18:15:00,15,4,12,18,15,630,460,,45.953,2.651,Plein jour,Hors agglomération,Hors intersection,Normale,Autre collision,,,,,,,,,,,1,1,1,1,6
201500018309,0015-05-27 14:30:00,15,5,27,14,30,630,170,,45.84317,3.5499,Plein jour,Hors agglomération,Hors intersection,Normale,Deux véhicules - arrière,,,,,,,,,,,1,1,1,1,2
201500018310,0015-09-04 18:30:00,15,9,4,18,30,630,283,,,,Plein jour,Hors agglomération,Hors intersection,Normale,Autre collision,,,,,,,,,,,1,1,1,1,6
201500018311,0015-11-27 00:01:00,15,11,27,0,1,630,381,,45.865,2.898,Nuit sans éclairage public,Hors agglomération,Hors intersection,Normale,Sans collision,,,,,,,,,,,3,1,1,1,7
201500018312,0015-03-12 19:00:00,15,3,12,19,0,630,130,,,,Nuit sans éclairage public,Hors agglomération,Hors intersection,Temps couvert,Sans collision,,,,,,,,,,,3,1,1,8,7
201500018313,0015-09-05 20:15:00,15,9,5,20,15,630,338,HLM LES CHAPELLES BAT I,46.16274,2.84077,Crépuscule ou aube,En agglomération,Autre intersection,Normale,Deux véhicules - côté,,,,,,,,,,,2,2,9,1,3
201500018314,0015-11-03 09:30:00,15,11,3,9,30,630,338,ROND POINT SUD,,,Plein jour,En agglomération,Giratoire,Normale,Deux véhicules - arrière,,,,,,,,,,,1,2,6,1,2
201500018315,0015-06-08 19:00:00,15,6,8,19,0,630,72,12 route de clermont,45.87934,3.69496,Plein jour,En agglomération,Hors intersection,Normale,Autre collision,,,,,,,,,,,1,2,1,1,6
201500018316,0015-01-08 18:45:00,15,1,8,18,45,630,195,rue saint taurin,45.8294,3.3812,Nuit avec éclairage allumé,En agglomération,Hors intersection,Normale,Autre collision,,,,,,,,,,,5,2,1,1,6
201500018317,0015-02-27 18:00:00,15,2,27,18,0,630,125,,,,Crépuscule ou aube,Hors agglomération,Hors intersection,Normale,Deux véhicules - frontale,,,,,,,,,,,2,1,1,1,1
201500018318,0015-07-23 11:15:00,15,7,23,11,15,630,195,11 rue maréchal leclerc,45.8273,3.3793,Plein jour,En agglomération,Hors intersection,Normale,Autre collision,,,,,,,,,,,1,2,1,1,6
201500018319,0015-08-30 16:00:00,15,8,30,16,0,630,16,,45.714,3.592,Plein jour,Hors agglomération,Hors intersection,Normale,Autre collision,,,,,,,,,,,1,1,1,1,6
201500018320,0015-12-04 14:45:00,15,12,4,14,45,630,265,,,,Plein jour,Hors agglomération,Hors intersection,Normale,Autre collision,,,,,,,,,,,1,1,1,1,6
201500018321,0015-10-27 14:00:00,15,10,27,14,0,630,291,rue Duchassein,45.9617,3.4791,Plein jour,En agglomération,Hors intersection,Normale,Sans collision,,,,,,,,,,,1,2,1,1,7
201500018322,0015-12-24 23:00:00,15,12,24,23,0,630,210,,45.923,3.349,Nuit sans éclairage public,Hors agglomération,Hors intersection,Normale,Autre collision,,,,,,,,,,,3,1,1,1,6
201500018323,0015-06-10 18:15:00,15,6,10,18,15,890,117,,47.67711,3.46718,Plein jour,Hors agglomération,Autre intersection,Normale,Autre collision,,,,,,,,,,,1,1,9,1,6
201500018324,0015-07-15 17:00:00,15,7,15,17,0,890,237,,47.58622,3.65516,Plein jour,Hors agglomération,Hors intersection,Normale,Autre collision,,,,,,,,,,,1,1,1,1,6
201500018325,0015-09-15 12:00:00,15,9,15,12,0,890,252,,47.65858,3.4726,Plein jour,Hors agglomération,Hors intersection,Normale,Autre collision,,,,,,,,,,,1,1,1,1,6
201500018326,0015-12-22 12:00:00,15,12,22,12,0,890,119,RN 151 / CD 39,47.52743,3.54147,Plein jour,En agglomération,Hors intersection,Normale,Deux véhicules - côté,,,,,,,,,,,1,2,1,1,3
201500018327,0015-01-23 13:30:00,15,1,23,13,30,890,263,,47.83954,3.55146,Plein jour,Hors agglomération,Hors intersection,Normale,Deux véhicules - frontale,,,,,,,,,,,1,1,1,1,1
201500018328,0015-05-25 00:01:00,15,5,25,0,1,890,227,porte de varennes,47.89988,3.76156,Nuit avec éclairage allumé,En agglomération,Hors intersection,Normale,Autre collision,,,,,,,,,,,5,2,1,1,6
201500018329,0015-05-30 23:30:00,15,5,30,23,30,890,2,,47.72115,3.87592,Nuit sans éclairage public,Hors agglomération,Hors intersection,Normale,Autre collision,,,,,,,,,,,3,1,1,1,6
201500018330,0015-06-03 20:45:00,15,6,3,20,45,890,263,,47.86446,3.57906,Plein jour,Hors agglomération,Hors intersection,Normale,Deux véhicules - côté,,,,,,,,,,,1,1,1,1,3
201500018331,0015-04-26 00:15:00,15,4,26,0,15,890,61,,47.99209,3.83064,Nuit sans éclairage public,Hors agglomération,Hors intersection,Normale,Autre collision,,,,,,,,,,,3,1,1,1,6
201500018332,0015-06-10 18:30:00,15,6,10,18,30,890,292,,47.96111,3.82403,Plein jour,En agglomération,Hors intersection,Temps éblouissant,Deux véhicules - côté,,,,,,,,,,,1,2,1,7,3
201500018333,0015-06-25 18:30:00,15,6,25,18,30,890,345,rue Pierre de Coubertin,48.00259,3.7198,Plein jour,En agglomération,Hors intersection,Normale,Autre collision,,,,,,,,,,,1,2,1,1,6
201500018334,0015-08-11 14:45:00,15,8,11,14,45,890,345,,48.01089,3.75118,Plein jour,Hors agglomération,Hors intersection,Normale,Sans collision,,,,,,,,,,,1,1,1,1,7
201500018335,0015-12-20 19:15:00,15,12,20,19,15,890,345,,48.01288,3.75336,Nuit sans éclairage public,Hors agglomération,Hors intersection,Normale,Deux véhicules - frontale,,,,,,,,,,,3,1,1,1,1
201500018336,0015-03-15 04:30:00,15,3,15,4,30,890,25,Avenue pepinster,47.49358,3.90275,Nuit avec éclairage allumé,En agglomération,Giratoire,Normale,Autre collision,,,,,,,,,,,5,2,6,1,6
201500018337,0015-03-24 13:00:00,15,3,24,13,0,890,145,,47.42708,3.83892,Plein jour,Hors agglomération,Hors intersection,Normale,Deux véhicules - frontale,,,,,,,,,,,1,1,1,1,1
201500018338,0015-08-22 01:00:00,15,8,22,1,0,890,176,,47.4172,3.73383,Nuit sans éclairage public,Hors agglomération,Hors intersection,Normale,Autre collision,,,,,,,,,,,3,1,1,1,6
201500018339,0015-09-13 23:30:00,15,9,13,23,30,890,21,,47.47356,3.75651,Nuit sans éclairage public,Hors agglomération,Hors intersection,Pluie légère,Deux véhicules - frontale,,,,,,,,,,,3,1,1,2,1
201500018340,0015-12-27 17:30:00,15,12,27,17,30,890,25,rue carnot,47.49198,3.90978,Nuit avec éclairage allumé,En agglomération,Hors intersection,Normale,Autre collision,,,,,,,,,,,5,2,1,1,6
201500018341,0015-04-30 18:00:00,15,4,30,18,0,890,279,,47.6923,4.02134,Plein jour,Hors agglomération,Hors intersection,Pluie légère,Deux véhicules - côté,,,,,,,,,,,1,1,1,2,3
201500018342,0015-01-19 19:00:00,15,1,19,19,0,890,138,,47.93605,3.07948,Nuit sans éclairage public,Hors agglomération,Intersection en T,Neige / grêle,Trois véhicules et plus - collisions multiples,,,,,,,,,,,3,1,3,4,5
201500018343,0015-04-16 17:15:00,15,4,16,17,15,890,3,,47.86857,3.31122,Plein jour,Hors agglomération,Hors intersection,Normale,Deux véhicules - côté,,,,,,,,,,,1,1,1,1,3
201500018344,0015-04-21 10:45:00,15,4,21,10,45,890,317,,47.88754,3.12232,Plein jour,Hors agglomération,Hors intersection,Normale,Deux véhicules - arrière,,,,,,,,,,,1,1,1,1,2
201500018345,0015-04-22 16:30:00,15,4,22,16,30,890,384,,47.91419,3.34741,Plein jour,Hors agglomération,Hors intersection,Normale,Deux véhicules - arrière,,,,,,,,,,,1,1,1,1,2
201500018346,0015-06-30 12:00:00,15,6,30,12,0,890,304,,47.82916,3.41773,Plein jour,Hors agglomération,Intersection en X,Normale,Deux véhicules - côté,,,,,,,,,,,1,1,2,1,3
201500018347,0015-08-07 12:00:00,15,8,7,12,0,890,473,RD 178,,,Plein jour,En agglomération,Hors intersection,Normale,Autre collision,,,,,,,,,,,1,2,1,1,6
201500018348,0015-08-25 12:30:00,15,8,25,12,30,890,294,,47.85819,3.15996,Plein jour,Hors agglomération,Hors intersection,Normale,Sans collision,,,,,,,,,,,1,1,1,1,7
201500018349,0015-10-02 20:15:00,15,10,2,20,15,890,384,,47.92818,3.36705,Nuit sans éclairage public,Hors agglomération,Hors intersection,Normale,Deux véhicules - frontale,,,,,,,,,,,3,1,1,1,1
201500018350,0015-02-01 07:00:00,15,2,1,7,0,890,298,,48.05625,3.13513,Nuit sans éclairage public,Hors agglomération,Hors intersection,Pluie légère,Autre collision,,,,,,,,,,,3,1,1,2,6
201500018351,0015-10-16 09:30:00,15,10,16,9,30,710,264,,,,Plein jour,Hors agglomération,Hors intersection,Normale,Deux véhicules - côté,,,,,,,,,,,1,1,1,1,3
201500018352,0015-11-20 14:30:00,15,11,20,14,30,710,137,rue de la digue,,,Plein jour,En agglomération,Hors intersection,Normale,Autre collision,,,,,,,,,,,1,2,1,1,6
201500018353,0015-02-20 20:45:00,15,2,20,20,45,710,543,,,,Nuit sans éclairage public,Hors agglomération,Hors intersection,Normale,Autre collision,,,,,,,,,,,3,1,1,1,6
201500018354,0015-12-08 11:00:00,15,12,8,11,0,710,543,Avenue Mréchal Leclerc,46.56086,4.9101,Plein jour,En agglomération,Hors intersection,Normale,Sans collision,,,,,,,,,,,1,2,1,1,7
201500018355,0015-02-13 22:30:00,15,2,13,22,30,710,493,,,,Nuit sans éclairage public,Hors agglomération,Hors intersection,Pluie forte,Autre collision,,,,,,,,,,,3,1,1,3,6
201500018356,0015-02-16 08:45:00,15,2,16,8,45,710,190,Rue Jean BOUVERI,46.98678,4.52719,Plein jour,En agglomération,Hors intersection,Brouillard / fumée,Deux véhicules - côté,,,,,,,,,,,1,2,1,5,3
201500018357,0015-02-26 07:45:00,15,2,26,7,45,710,530,,46.98942,4.48395,Plein jour,Hors agglomération,Hors intersection,Normale,Deux véhicules - frontale,,,,,,,,,,,1,1,1,1,1
201500018358,0015-03-11 13:30:00,15,3,11,13,30,710,14,Rue de Parpas,46.95188,4.29214,Plein jour,En agglomération,Autre intersection,Temps éblouissant,Deux véhicules - côté,,,,,,,,,,,1,2,9,7,3
201500018359,0015-03-27 08:30:00,15,3,27,8,30,710,14,route de Saulieu,46.96616,4.29405,Plein jour,En agglomération,Hors intersection,Normale,Deux véhicules - frontale,,,,,,,,,,,1,2,1,1,1
201500018360,0015-04-19 01:45:00,15,4,19,1,45,710,530,9 rue du reuil d Eze,47.00591,4.46767,Nuit sans éclairage public,En agglomération,Hors intersection,Normale,Autre collision,,,,,,,,,,,3,2,1,1,6
201500018361,0015-05-10 16:15:00,15,5,10,16,15,710,20,,47.10121,4.3401,Plein jour,Hors agglomération,Hors intersection,Normale,Deux véhicules - côté,,,,,,,,,,,1,1,1,1,3
201500018362,0015-05-15 20:45:00,15,5,15,20,45,710,184,,47.01744,4.32756,Crépuscule ou aube,Hors agglomération,Hors intersection,Normale,Deux véhicules - frontale,,,,,,,,,,,2,1,1,1,1
201500018363,0015-06-09 17:45:00,15,6,9,17,45,710,14,place du champ de mars,46.95017,4.29875,Plein jour,En agglomération,Hors intersection,Normale,Deux véhicules - côté,,,,,,,,,,,1,2,1,1,3
201500018364,0015-06-15 07:45:00,15,6,15,7,45,710,493,,,,Plein jour,Hors agglomération,Hors intersection,Pluie forte,Autre collision,,,,,,,,,,,1,1,1,3,6
201500018365,0015-07-09 06:15:00,15,7,9,6,15,710,527,,,,Crépuscule ou aube,Hors agglomération,Hors intersection,Normale,Sans collision,,,,,,,,,,,2,1,1,1,7
201500018366,0015-07-12 11:45:00,15,7,12,11,45,710,266,,47.06727,4.24947,Plein jour,Hors agglomération,Hors intersection,Normale,Sans collision,,,,,,,,,,,1,1,1,1,7
201500018367,0015-08-29 21:45:00,15,8,29,21,45,710,14,Rue de la Grange Vertu,46.95283,4.29427,Nuit avec éclairage non allumé,En agglomération,Hors intersection,Normale,Deux véhicules - frontale,,,,,,,,,,,4,2,1,1,1
201500018368,0015-09-22 19:15:00,15,9,22,19,15,710,493,,,,Crépuscule ou aube,Hors agglomération,Hors intersection,Normale,Sans collision,,,,,,,,,,,2,1,1,1,7
201500018369,0015-10-09 22:15:00,15,10,9,22,15,710,368,,,,Nuit avec éclairage allumé,En agglomération,Hors intersection,Normale,Autre collision,,,,,,,,,,,5,2,1,1,6
201500018370,0015-11-20 13:45:00,15,11,20,13,45,710,14,rue de la grange vertu,46.95283,4.29427,Plein jour,En agglomération,Intersection en X,Pluie forte,Autre collision,,,,,,,,,,,1,2,2,3,6
201500018371,0015-12-09 14:30:00,15,12,9,14,30,710,9,,,,Plein jour,Hors agglomération,Hors intersection,Normale,Deux véhicules - côté,,,,,,,,,,,1,1,1,1,3
201500018372,0015-09-30 15:15:00,15,9,30,15,15,710,347,,,,Plein jour,En agglomération,Hors intersection,Normale,Autre collision,,,,,,,,,,,1,2,1,1,6
201500018373,0015-11-14 19:45:00,15,11,14,19,45,710,73,,46.84225,4.81387,Nuit sans éclairage public,Hors agglomération,Hors intersection,Normale,Trois véhicules et plus - en chaîne,,,,,,,,,,,3,1,1,1,4
201500018374,0015-06-04 18:30:00,15,6,4,18,30,710,482,,46.84655,4.32025,Plein jour,Hors agglomération,Hors intersection,Normale,Deux véhicules - côté,,,,,,,,,,,1,1,1,1,3