accident_id,datetime,annee,mois,jour,heure,minute,departement,commune_insee,adresse,latitude,longitude,luminosite,agglomeration,intersection,meteo,collision,nb_vehicules,nb_usagers,nb_indemnes,nb_tues,nb_blesses_hosp,nb_blesses_legers,age_cond_1,age_cond_2,veh_type_cond_1,veh_type_cond_2,lum_code,agg_code,int_code,atm_code,col_code
201500018642,0015-04-14 15:00:00,15,4,14,15,0,800,186,,49.80393,2.81145,Plein jour,Hors agglomération,Intersection en T,Normale,Deux véhicules - frontale,,,,,,,,,,,1,1,3,1,1
201500018643,0015-06-30 21:15:00,15,6,30,21,15,800,58,,49.87274,2.65652,Plein jour,Hors agglomération,Hors intersection,Normale,Deux véhicules - arrière,,,,,,,,,,,1,1,1,1,2
201500018644,0015-07-30 17:00:00,15,7,30,17,0,800,647,,49.78821,2.83162,Plein jour,Hors agglomération,Intersection en X,Normale,Trois véhicules et plus - en chaîne,,,,,,,,,,,1,1,2,1,4
201500018645,0015-08-16 19:15:00,15,8,16,19,15,800,781,,49.84733,2.68819,Plein jour,Hors agglomération,Hors intersection,Normale,Autre collision,,,,,,,,,,,1,1,1,1,6
201500018646,0015-10-14 04:30:00,15,10,14,4,30,800,617,,49.74688,2.74663,Nuit sans éclairage public,Hors agglomération,Intersection en X,Normale,Deux véhicules - côté,,,,,,,,,,,3,1,2,1,3
201500018647,0015-10-24 06:45:00,15,10,24,6,45,800,781,,49.84281,2.6947,Nuit sans éclairage public,Hors agglomération,Hors intersection,Normale,Deux véhicules - côté,,,,,,,,,,,3,1,1,1,3
201500018648,0015-11-16 13:45:00,15,11,16,13,45,800,186,,49.8237,2.79067,Plein jour,Hors agglomération,Hors intersection,Normale,Deux véhicules - frontale,,,,,,,,,,,1,1,1,1,1
201500018649,0015-11-19 19:00:00,15,11,19,19,0,800,58,D1029 / VC,49.87242,2.63612,Nuit sans éclairage public,Hors agglomération,Hors intersection,Pluie légère,Deux véhicules - côté,,,,,,,,,,,3,1,1,2,3
201500018650,0015-11-30 20:00:00,15,11,30,20,0,800,288,Avenue ZAC Hte Picardie,49.86524,2.83061,Nuit avec éclairage allumé,Hors agglomération,Hors intersection,Pluie légère,Autre collision,,,,,,,,,,,5,1,1,2,6
201500018651,0015-12-16 13:30:00,15,12,16,13,30,800,353,D1017,49.85623,2.87948,Plein jour,Hors agglomération,Hors intersection,Temps couvert,Deux véhicules - côté,,,,,,,,,,,1,1,1,8,3
201500018652,0015-01-11 03:15:00,15,1,11,3,15,800,410,"9,BD DE LA LIBERTE",49.74054,3.07427,Nuit avec éclairage allumé,En agglomération,Hors intersection,Normale,Autre collision,,,,,,,,,,,5,2,1,1,6
201500018653,0015-01-23 21:30:00,15,1,23,21,30,800,410,,49.75691,3.06101,Nuit sans éclairage public,Hors agglomération,Hors intersection,Normale,Autre collision,,,,,,,,,,,3,1,1,1,6
201500018654,0015-01-25 05:00:00,15,1,25,5,0,800,474,,49.81758,2.89787,Nuit sans éclairage public,Hors agglomération,Hors intersection,Autre,Autre collision,,,,,,,,,,,3,1,1,9,6
201500018655,0015-01-30 09:00:00,15,1,30,9,0,800,410,"49, RUE SALVATOR ALLENDE",49.75141,3.06699,Plein jour,En agglomération,Hors intersection,Neige / grêle,Autre collision,,,,,,,,,,,1,2,1,4,6
201500018656,0015-03-06 12:30:00,15,3,6,12,30,800,579,"80,Rue de Paris",49.72987,3.06736,Plein jour,En agglomération,Hors intersection,Normale,Deux véhicules - côté,,,,,,,,,,,1,2,1,1,3
201500018657,0015-04-16 09:00:00,15,4,16,9,0,800,811,rue de nesle,49.77192,2.98272,Plein jour,En agglomération,Hors intersection,Normale,Autre collision,,,,,,,,,,,1,2,1,1,6
201500018658,0015-09-13 18:15:00,15,9,13,18,15,800,410,40 rue de Verdun,49.74292,3.08272,Plein jour,En agglomération,Hors intersection,Pluie légère,Deux véhicules - frontale,,,,,,,,,,,1,2,1,2,1
201500018659,0015-09-25 15:00:00,15,9,25,15,0,800,442,CARR D930 / D17,49.74194,3.01755,Plein jour,Hors agglomération,Intersection en X,Normale,Deux véhicules - côté,,,,,,,,,,,1,1,2,1,3
201500018660,0015-10-14 17:00:00,15,10,14,17,0,800,684,,49.7558,2.94971,Plein jour,Hors agglomération,Hors intersection,Pluie forte,Deux véhicules - frontale,,,,,,,,,,,1,1,1,3,1
201500018661,0015-01-17 01:15:00,15,1,17,1,15,600,547,,49.33586,2.49691,Nuit sans éclairage public,Hors agglomération,Hors intersection,Pluie légère,Sans collision,,,,,,,,,,,3,1,1,2,7
201500018662,0015-01-31 08:15:00,15,1,31,8,15,600,102,,49.30806,2.53983,Crépuscule ou aube,Hors agglomération,Hors intersection,Autre,Autre collision,,,,,,,,,,,2,1,1,9,6
201500018663,0015-06-17 17:30:00,15,6,17,17,30,600,587,80 rue de Paris,49.33482,2.60427,Plein jour,En agglomération,Hors intersection,Normale,Sans collision,,,,,,,,,,,1,2,1,1,7
201500018664,0015-07-15 20:00:00,15,7,15,20,0,600,539,,49.29746,2.51891,Plein jour,Hors agglomération,Hors intersection,Normale,Deux véhicules - frontale,,,,,,,,,,,1,1,1,1,1
201500018665,0015-09-16 13:15:00,15,9,16,13,15,600,562,,49.36649,2.55737,Plein jour,Hors agglomération,Hors intersection,Pluie légère,Autre collision,,,,,,,,,,,1,1,1,2,6
201500018666,0015-09-16 09:00:00,15,9,16,9,0,190,274,FIN A89,45.1908,1.48601,Plein jour,Hors agglomération,Hors intersection,Normale,Sans collision,,,,,,,,,,,1,1,1,1,7
201500018667,0015-05-30 05:00:00,15,5,30,5,0,202,346,Lieu dit Torra,,,Crépuscule ou aube,En agglomération,Hors intersection,Normale,Autre collision,,,,,,,,,,,2,2,1,1,6
201500018668,0015-08-17 14:30:00,15,8,17,14,30,202,318,,,,Plein jour,Hors agglomération,Hors intersection,Normale,Deux véhicules - arrière,,,,,,,,,,,1,1,1,1,2
201500018669,0015-07-03 14:30:00,15,7,3,14,30,202,121,,42.401,8.692,Plein jour,Hors agglomération,Hors intersection,Normale,Sans collision,,,,,,,,,,,1,1,1,1,7
201500018670,0015-11-30 06:45:00,15,11,30,6,45,202,50,,42.553,8.789,Crépuscule ou aube,Hors agglomération,Hors intersection,Normale,Sans collision,,,,,,,,,,,2,1,1,1,7
201500018671,0015-12-18 10:00:00,15,12,18,10,0,202,50,,,,Plein jour,Hors agglomération,Hors intersection,Normale,Deux véhicules - arrière,,,,,,,,,,,1,1,1,1,2
201500018672,0015-05-30 10:15:00,15,5,30,10,15,202,168,,,,Plein jour,Hors agglomération,Hors intersection,Normale,Autre collision,,,,,,,,,,,1,1,1,1,6
201500018673,0015-03-22 10:30:00,15,3,22,10,30,202,342,,,,Plein jour,Hors agglomération,Hors intersection,Pluie légère,Deux véhicules - côté,,,,,,,,,,,1,1,1,2,3
201500018674,0015-05-13 13:45:00,15,5,13,13,45,202,342,RT 10,,,Plein jour,En agglomération,Hors intersection,Normale,Autre collision,,,,,,,,,,,1,2,1,1,6
201500018675,0015-05-29 16:00:00,15,5,29,16,0,202,123,avenue du 09 septembre,,,Plein jour,En agglomération,Hors intersection,Normale,Deux véhicules - côté,,,,,,,,,,,1,2,1,1,3
201500018676,0015-12-17 21:00:00,15,12,17,21,0,202,251,,,,Nuit sans éclairage public,Hors agglomération,Hors intersection,Normale,Autre collision,,,,,,,,,,,3,1,1,1,6
201500018677,0015-01-20 15:00:00,15,1,20,15,0,310,541,ROND POINT GIMENELLS,43.67283,1.3666,Plein jour,En agglomération,Giratoire,Normale,Deux véhicules - côté,,,,,,,,,,,1,2,6,1,3
201500018678,0015-06-08 08:30:00,15,6,8,8,30,310,150,,43.65783,1.33849,Plein jour,Hors agglomération,Hors intersection,Normale,Deux véhicules - côté,,,,,,,,,,,1,1,1,1,3
201500018679,0015-08-25 15:15:00,15,8,25,15,15,310,351,,43.66929,1.28035,Plein jour,En agglomération,Hors intersection,Normale,Autre collision,,,,,,,,,,,1,2,1,1,6
201500018680,0015-09-04 15:45:00,15,9,4,15,45,310,150,RD 63 E,,,Plein jour,En agglomération,Intersection en X,Normale,Deux véhicules - frontale,,,,,,,,,,,1,2,2,1,1
201500018681,0015-09-17 08:45:00,15,9,17,8,45,310,541,,,,Plein jour,Hors agglomération,Hors intersection,Pluie légère,Trois véhicules et plus - collisions multiples,,,,,,,,,,,1,1,1,2,5
201500018682,0015-10-31 01:30:00,15,10,31,1,30,310,351,,,,Nuit sans éclairage public,Hors agglomération,Hors intersection,Normale,Deux véhicules - frontale,,,,,,,,,,,3,1,1,1,1
201500018683,0015-12-11 17:30:00,15,12,11,17,30,310,541,allée des tricheries,43.68234,1.36604,Crépuscule ou aube,En agglomération,Hors intersection,Normale,Autre collision,,,,,,,,,,,2,2,1,1,6
201500018684,0015-04-27 14:30:00,15,4,27,14,30,201,48,,,,Plein jour,Hors agglomération,Hors intersection,Temps couvert,Deux véhicules - frontale,,,,,,,,,,,1,1,1,8,1
201500018685,0015-06-20 16:00:00,15,6,20,16,0,201,258,,42.20659,8.80237,Plein jour,Hors agglomération,Hors intersection,Temps couvert,Autre collision,,,,,,,,,,,1,1,1,8,6
201500018686,0015-05-12 14:30:00,15,5,12,14,30,201,17,,41.99286,8.76316,Plein jour,Hors agglomération,Intersection en T,Normale,Deux véhicules - arrière,,,,,,,,,,,1,1,3,1,2
201500018687,0015-01-31 09:00:00,15,1,31,9,0,201,163,,,,Nuit avec éclairage non allumé,Hors agglomération,Hors intersection,Normale,Deux véhicules - frontale,,,,,,,,,,,4,1,1,1,1
201500018688,0015-02-10 09:30:00,15,2,10,9,30,201,139,,41.6597,9.31629,Plein jour,Hors agglomération,Hors intersection,Normale,Sans collision,,,,,,,,,,,1,1,1,1,7
201500018689,0015-10-26 12:45:00,15,10,26,12,45,201,139,,41.66614,9.30659,Plein jour,Hors agglomération,Hors intersection,Pluie légère,Deux véhicules - frontale,,,,,,,,,,,1,1,1,2,1
201500018690,0015-12-22 17:00:00,15,12,22,17,0,201,92,,,,Crépuscule ou aube,Hors agglomération,Hors intersection,Normale,Autre collision,,,,,,,,,,,2,1,1,1,6
201500018691,0015-04-11 16:00:00,15,4,11,16,0,201,64,,41.84909,8.96856,Plein jour,Hors agglomération,Hors intersection,Normale,Sans collision,,,,,,,,,,,1,1,1,1,7
201500018692,0015-05-01 17:00:00,15,5,1,17,0,201,26,Le village,41.876,9.004,Plein jour,En agglomération,Hors intersection,Normale,Deux véhicules - côté,,,,,,,,,,,1,2,1,1,3
201500018693,0015-01-22 21:15:00,15,1,22,21,15,790,86,,46.4188,-0.33285,Nuit sans éclairage public,Hors agglomération,Hors intersection,Normale,Autre collision,,,,,,,,,,,3,1,1,1,6
201500018694,0015-04-12 17:00:00,15,4,12,17,0,790,101,,46.48033,-0.57951,Plein jour,Hors agglomération,Hors intersection,Normale,Deux véhicules - côté,,,,,,,,,,,1,1,1,1,3
201500018695,0015-06-05 22:45:00,15,6,5,22,45,790,32,,46.4697,-0.51598,Nuit sans éclairage public,Hors agglomération,Hors intersection,Normale,Sans collision,,,,,,,,,,,3,1,1,1,7
201500018696,0015-06-20 12:36:00,15,6,20,12,36,790,66,"LD ""MONTPLAISIR""",46.46614,-0.37051,Plein jour,Hors agglomération,Hors intersection,Normale,Deux véhicules - frontale,,,,,,,,,,,1,1,1,1,1
201500018697,0015-06-20 16:15:00,15,6,20,16,15,790,133,,46.44321,-0.40456,Plein jour,Hors agglomération,Intersection en X,Normale,Sans collision,,,,,,,,,,,1,1,2,1,7
201500018698,0015-09-14 23:00:00,15,9,14,23,0,790,109,,46.24506,-0.03262,Nuit sans éclairage public,Hors agglomération,Hors intersection,Pluie légère,Autre collision,,,,,,,,,,,3,1,1,2,6
201500018699,0015-10-01 08:00:00,15,10,1,8,0,790,320,43 LE BOIS DE LA SEPPE,46.46373,-0.46165,Plein jour,En agglomération,Hors intersection,Temps éblouissant,Sans collision,,,,,,,,,,,1,2,1,7,7
201500018700,0015-12-05 02:15:00,15,12,5,2,15,790,86,,46.42829,-0.31933,Nuit sans éclairage public,Hors agglomération,Hors intersection,Normale,Autre collision,,,,,,,,,,,3,1,1,1,6
201500018701,0015-01-08 07:45:00,15,1,8,7,45,790,31,,46.18324,-0.47393,Nuit avec éclairage allumé,Hors agglomération,Hors intersection,Normale,Autre collision,,,,,,,,,,,5,1,1,1,6
201500018702,0015-03-04 19:15:00,15,3,4,19,15,790,355,,46.30949,-0.36149,Crépuscule ou aube,Hors agglomération,Hors intersection,Normale,Deux véhicules - côté,,,,,,,,,,,2,1,1,1,3
201500018703,0015-04-03 13:15:00,15,4,3,13,15,790,33,,46.1245,-0.49374,Plein jour,Hors agglomération,Intersection en Y,Normale,Deux véhicules - arrière,,,,,,,,,,,1,1,4,1,2
201500018704,0015-04-16 16:20:00,15,4,16,16,20,790,3,LD PIED BLANC,46.2707,-0.44704,Plein jour,En agglomération,Intersection en X,Normale,Deux véhicules - côté,,,,,,,,,,,1,2,2,1,3
201500018705,0015-04-21 07:15:00,15,4,21,7,15,790,170,,46.1824,-0.6337,Plein jour,Hors agglomération,Hors intersection,Normale,Autre collision,,,,,,,,,,,1,1,1,1,6
201500018706,0015-05-30 22:15:00,15,5,30,22,15,790,34,,46.29242,-0.5107,Nuit sans éclairage public,Hors agglomération,Hors intersection,Normale,Sans collision,,,,,,,,,,,3,1,1,1,7
201500018707,0015-07-11 22:15:00,15,7,11,22,15,790,334,,46.16814,-0.55805,Nuit sans éclairage public,Hors agglomération,Hors intersection,Normale,Autre collision,,,,,,,,,,,3,1,1,1,6
201500018708,0015-07-25 15:15:00,15,7,25,15,15,790,298,,46.24695,-0.4934,Plein jour,Hors agglomération,Hors intersection,Normale,Deux véhicules - frontale,,,,,,,,,,,1,1,1,1,1
201500018709,0015-10-24 15:00:00,15,10,24,15,0,790,130,,46.2707,-0.52763,Plein jour,Hors agglomération,Hors intersection,Normale,Autre collision,,,,,,,,,,,1,1,1,1,6
201500018710,0015-12-04 07:30:00,15,12,4,7,30,790,130,,46.25131,-0.55329,Crépuscule ou aube,Hors agglomération,Hors intersection,Temps couvert,Deux véhicules - arrière,,,,,,,,,,,2,1,1,8,2
201500018711,0015-12-08 09:15:00,15,12,8,9,15,790,130,rue René Cassin,46.25438,-0.53981,Plein jour,En agglomération,Hors intersection,Normale,Autre collision,,,,,,,,,,,1,2,1,1,6
201500018712,0015-12-11 21:30:00,15,12,11,21,30,790,130,,46.24331,-0.57221,Nuit sans éclairage public,Hors agglomération,Hors intersection,Normale,Autre collision,,,,,,,,,,,3,1,1,1,6
201500018713,0015-01-26 16:25:00,15,1,26,16,25,790,30,,46.25829,-0.161,Plein jour,Hors agglomération,Hors intersection,Normale,Autre collision,,,,,,,,,,,1,1,1,1,6
201500018714,0015-04-26 09:05:00,15,4,26,9,5,790,264,"LD ""LA CORBILLIERE""",46.22656,-0.08334,Plein jour,Hors agglomération,Hors intersection,Temps couvert,Autre collision,,,,,,,,,,,1,1,1,8,6
201500018715,0015-06-25 21:15:00,15,6,25,21,15,790,217,,46.31297,-0.19665,Plein jour,Hors agglomération,Hors intersection,Normale,Deux véhicules - frontale,,,,,,,,,,,1,1,1,1,1
201500018716,0015-07-04 19:15:00,15,7,4,19,15,790,174,2 RUE FOUCAUDERIE,46.22566,-0.1444,Plein jour,En agglomération,Hors intersection,Normale,Autre collision,,,,,,,,,,,1,2,1,1,6
201500018717,0015-07-09 09:45:00,15,7,9,9,45,790,174,ROUTE DE LA ROCHE,46.23519,-0.15069,Plein jour,En agglomération,Giratoire,Normale,Deux véhicules - côté,,,,,,,,,,,1,2,6,1,3
201500018718,0015-08-02 03:45:00,15,8,2,3,45,790,57,18 RTE DE VERNOUX-COULON,46.15366,-0.22806,Nuit avec éclairage allumé,En agglomération,Hors intersection,Normale,Autre collision,,,,,,,,,,,5,2,1,1,6
201500018719,0015-10-14 11:15:00,15,10,14,11,15,790,126,,46.16778,-0.36337,Plein jour,Hors agglomération,Intersection en X,Normale,Deux véhicules - côté,,,,,,,,,,,1,1,2,1,3
201500018720,0015-10-18 00:20:00,15,10,18,0,20,790,111,"LD ""CHINETROTTE""",46.10418,-0.26503,Nuit sans éclairage public,Hors agglomération,Hors intersection,Normale,Autre collision,,,,,,,,,,,3,1,1,1,6
201500018721,0015-01-11 06:26:00,15,1,11,6,26,790,48,"LD ""LES GUIBERTIERES""",46.37477,-0.28115,Nuit avec éclairage non allumé,Hors agglomération,Hors intersection,Normale,Autre collision,,,,,,,,,,,4,1,1,1,6
201500018722,0015-03-08 12:00:00,15,3,8,12,0,790,319,,46.34001,-0.15758,Plein jour,Hors agglomération,Intersection en X,Normale,Trois véhicules et plus - en chaîne,,,,,,,,,,,1,1,2,1,4
201500018723,0015-03-10 12:30:00,15,3,10,12,30,790,23,,46.37656,-0.00891,Plein jour,Hors agglomération,Hors intersection,Normale,Autre collision,,,,,,,,,,,1,1,1,1,6
201500018724,0015-04-05 15:40:00,15,4,5,15,40,790,184,,46.3496,-0.12949,Plein jour,Hors agglomération,Hors intersection,Normale,Sans collision,,,,,,,,,,,1,1,1,1,7
201500018725,0015-04-26 05:50:00,15,4,26,5,50,790,319,,46.37274,-0.18313,Nuit sans éclairage public,Hors agglomération,Hors intersection,Temps couvert,Sans collision,,,,,,,,,,,3,1,1,8,7
201500018726,0015-06-06 21:10:00,15,6,6,21,10,790,48,104 AVENUE DE PARIS,46.36352,-0.29728,Plein jour,En agglomération,Hors intersection,Normale,Deux véhicules - côté,,,,,,,,,,,1,2,1,1,3
201500018727,0015-06-30 10:30:00,15,6,30,10,30,790,246,"LD ""FAYE""",46.39407,-0.14813,Plein jour,Hors agglomération,Hors intersection,Normale,Deux véhicules - frontale,,,,,,,,,,,1,1,1,1,1
201500018728,0015-09-12 08:30:00,15,9,12,8,30,790,189,LD GATEBOT,46.42279,-0.16636,Plein jour,Hors agglomération,Hors intersection,Temps couvert,Trois véhicules et plus - en chaîne,,,,,,,,,,,1,1,1,8,4
201500018729,0015-10-14 15:00:00,15,10,14,15,0,790,270,RUE DENFERT ROCHEREAU,46.61401,-0.23151,Plein jour,En agglomération,Hors intersection,Normale,Autre collision,,,,,,,,,,,1,2,1,1,6
201500018730,0015-10-31 19:20:00,15,10,31,19,20,790,319,,46.34002,-0.1576,Nuit sans éclairage public,Hors agglomération,Intersection en X,Normale,Deux véhicules - côté,,,,,,,,,,,3,1,2,1,3
201500018731,0015-01-18 06:45:00,15,1,18,6,45,790,261,,46.75968,-0.6216,Nuit sans éclairage public,Hors agglomération,Hors intersection,Normale,Autre collision,,,,,,,,,,,3,1,1,1,6
201500018732,0015-01-17 10:45:00,15,1,17,10,45,790,79,RUE CARDINAL SOURDIS,46.91869,-0.74368,Plein jour,En agglomération,Intersection en X,Normale,Trois véhicules et plus - en chaîne,,,,,,,,,,,1,2,2,1,4
201500018733,0015-03-14 16:30:00,15,3,14,16,30,790,183,,46.83252,-0.73376,Plein jour,Hors agglomération,Hors intersection,Normale,Sans collision,,,,,,,,,,,1,1,1,1,7
201500018734,0015-04-15 09:30:00,15,4,15,9,30,790,103,,46.79073,-0.06121,Plein jour,Hors agglomération,Hors intersection,Normale,Deux véhicules - frontale,,,,,,,,,,,1,1,1,1,1
201500018735,0015-05-23 12:30:00,15,5,23,12,30,790,79,10 RUE CNAL DE SOURDIS,46.9224,-0.74383,Plein jour,En agglomération,Intersection en T,Normale,Deux véhicules - côté,,,,,,,,,,,1,2,3,1,3
201500018736,0015-08-21 11:00:00,15,8,21,11,0,790,195,rue Saint Hubert,,,Plein jour,En agglomération,Intersection en T,Normale,Deux véhicules - frontale,,,,,,,,,,,1,2,3,1,1
201500018737,0015-10-24 19:30:00,15,10,24,19,30,790,79,R DE LA VALLEE DE LOUIN,46.91791,-0.74853,Nuit avec éclairage allumé,En agglomération,Giratoire,Normale,Deux véhicules - côté,,,,,,,,,,,5,2,6,1,3
201500018738,0015-10-25 08:00:00,15,10,25,8,0,790,103,,46.7885,-0.60801,Crépuscule ou aube,Hors agglomération,Hors intersection,Normale,Sans collision,,,,,,,,,,,2,1,1,1,7
201500018739,0015-12-17 17:30:00,15,12,17,17,30,790,195,59 AV SAINT-HUBERT,46.94782,-0.59432,Nuit avec éclairage allumé,En agglomération,Autre intersection,Normale,Autre collision,,,,,,,,,,,5,2,9,1,6
201500018740,0015-01-05 07:45:00,15,1,5,7,45,790,161,,46.943,-0.20359,Crépuscule ou aube,Hors agglomération,Intersection en X,Brouillard / fumée,Deux véhicules - côté,,,,,,,,,,,2,1,2,5,3
201500018741,0015-02-08 12:15:00,15,2,8,12,15,790,244,,47.02879,-0.14917,Plein jour,Hors agglomération,Intersection en X,Vent fort / tempête,Deux véhicules - côté,,,,,,,,,,,1,1,2,6,3
201500018742,0015-02-22 01:15:00,15,2,22,1,15,790,265,RUE DES CHAMPS RABY,46.99111,-0.13887,Nuit sans éclairage public,En agglomération,Hors intersection,Normale,Autre collision,,,,,,,,,,,3,2,1,1,6
201500018743,0015-07-09 15:45:00,15,7,9,15,45,790,134,,46.85599,-0.20879,Plein jour,Hors agglomération,Hors intersection,Normale,Trois véhicules et plus - collisions multiples,,,,,,,,,,,1,1,1,1,5
201500018744,0015-08-28 21:30:00,15,8,28,21,30,790,277,,47.09792,-0.16884,Nuit sans éclairage public,Hors agglomération,Intersection en X,Normale,Deux véhicules - côté,,,,,,,,,,,3,1,2,1,3
201500018745,0015-11-15 16:10:00,15,11,15,16,10,790,171,"LD ""LE BUISSON RIGNE""",46.93212,-0.26744,Plein jour,Hors agglomération,Passage à niveau,Normale,Deux véhicules - côté,,,,,,,,,,,1,1,8,1,3
201500018746,0015-11-16 17:35:00,15,11,16,17,35,790,299,,46.89614,-0.19267,Nuit sans éclairage public,Hors agglomération,Hors intersection,Pluie légère,Deux véhicules - arrière,,,,,,,,,,,3,1,1,2,2
201500018747,0015-11-29 01:30:00,15,11,29,1,30,790,13,ROUTE DE THOUARS,46.98591,-0.44592,Nuit sans éclairage public,En agglomération,Hors intersection,Pluie légère,Sans collision,,,,,,,,,,,3,2,1,2,7
201500018748,0015-12-05 10:30:00,15,12,5,10,30,790,132,LE MOULIN DES LANDES,47.05068,-0.41655,Plein jour,Hors agglomération,Hors intersection,Normale,Deux véhicules - frontale,,,,,,,,,,,1,1,1,1,1
201500018749,0015-12-06 11:30:00,15,12,6,11,30,790,265,,47.00854,-0.16043,Plein jour,Hors agglomération,Hors intersection,Normale,Sans collision,,,,,,,,,,,1,1,1,1,7
201500018750,0015-12-23 17:35:00,15,12,23,17,35,790,43,RUE EMILE ZOLA,47.07589,-0.26888,Nuit avec éclairage allumé,En agglomération,Hors intersection,Normale,Autre collision,,,,,,,,,,,5,2,1,1,6
201500018751,0015-12-30 05:30:00,15,12,30,5,30,790,157,LD MAGE,47.02305,-0.19699,Nuit sans éclairage public,Hors agglomération,Hors intersection,Normale,Autre collision,,,,,,,,,,,3,1,1,1,6
201500018752,0015-01-06 13:20:00,15,1,6,13,20,790,347,,46.69451,-0.27566,Plein jour,Hors agglomération,Intersection en Y,Normale,Deux véhicules - arrière,,,,,,,,,,,1,1,4,1,2
201500018753,0015-07-09 09:05:00,15,7,9,9,5,790,347,,46.681,0.22066,Plein jour,Hors agglomération,Intersection en T,Normale,Deux véhicules - côté,,,,,,,,,,,1,1,3,1,3
201500018754,0015-02-15 19:20:00,15,2,15,19,20,790,345,"LD ""LE GRAND BEAUCHAMP""",46.52054,-0.30666,Nuit sans éclairage public,Hors agglomération,Hors intersection,Normale,Autre collision,,,,,,,,,,,3,1,1,1,6
201500018755,0015-04-10 05:00:00,15,4,10,5,0,790,8,,46.74104,-0.30336,Nuit sans éclairage public,Hors agglomération,Hors intersection,Normale,Trois véhicules et plus - collisions multiples,,,,,,,,,,,3,1,1,1,5
201500018756,0015-06-01 17:25:00,15,6,1,17,25,790,202,BD GEORGES CLEMENCEAU,46.64218,-0.26038,Plein jour,En agglomération,Hors intersection,Normale,Autre collision,,,,,,,,,,,1,2,1,1,6
201500018757,0015-06-05 12:15:00,15,6,5,12,15,790,339,,46.5966,-0.04183,Plein jour,Hors agglomération,Intersection à plus de 4 branches,Normale,Deux véhicules - côté,,,,,,,,,,,1,1,5,1,3
201500018758,0015-07-06 07:40:00,15,7,6,7,40,790,339,,46.60542,-0.02201,Plein jour,Hors agglomération,Intersection en Y,Normale,Sans collision,,,,,,,,,,,1,1,4,1,7
201500018759,0015-07-09 17:45:00,15,7,9,17,45,790,202,,46.64737,-0.21031,Plein jour,Hors agglomération,Hors intersection,Normale,Sans collision,,,,,,,,,,,1,1,1,1,7
201500018760,0015-10-16 16:00:00,15,10,16,16,0,790,213,"LD ""SAINTE-MARIE""",46.61401,-0.23151,Plein jour,Hors agglomération,Hors intersection,Normale,Deux véhicules - côté,,,,,,,,,,,1,1,1,1,3
201500018761,0015-10-31 17:00:00,15,10,31,17,0,790,92,,46.49704,-0.17767,Plein jour,Hors agglomération,Intersection en X,Normale,Deux véhicules - côté,,,,,,,,,,,1,1,2,1,3
201500018762,0015-11-24 21:15:00,15,11,24,21,15,790,322,,46.63865,-0.28054,Nuit sans éclairage public,Hors agglomération,Hors intersection,Normale,Autre collision,,,,,,,,,,,3,1,1,1,6
201500018763,0015-03-28 16:00:00,15,3,28,16,0,790,167,"LD ""RETOURNAY""",46.86343,-0.01853,Plein jour,Hors agglomération,Hors intersection,Normale,Sans collision,,,,,,,,,,,1,1,1,1,7
201500018764,0015-03-30 20:30:00,15,3,30,20,30,790,5,,46.8331,-0.12364,Crépuscule ou aube,Hors agglomération,Hors intersection,Normale,Sans collision,,,,,,,,,,,2,1,1,1,7
201500018765,0015-04-26 07:00:00,15,4,26,7,0,790,208,,46.64855,-0.18858,Crépuscule ou aube,Hors agglomération,Hors intersection,Pluie forte,Autre collision,,,,,,,,,,,2,1,1,3,6
201500018766,0015-06-30 08:30:00,15,6,30,8,30,790,260,,46.87888,-0.05021,Plein jour,En agglomération,Hors intersection,Normale,Deux véhicules - frontale,,,,,,,,,,,1,2,1,1,1
201500018767,0015-09-05 17:00:00,15,9,5,17,0,790,120,,46.66024,-0.07239,Plein jour,Hors agglomération,Hors intersection,Normale,Deux véhicules - frontale,,,,,,,,,,,1,1,1,1,1
201500018768,0015-10-19 16:45:00,15,10,19,16,45,790,208,"LD ""LE CHALET""",46.64834,-0.19329,Plein jour,Hors agglomération,Hors intersection,Normale,Deux véhicules - frontale,,,,,,,,,,,1,1,1,1,1
201500018769,0015-11-25 18:15:00,15,11,25,18,15,790,22,5 RUE SAINT-HILAIRE,46.85469,-0.14309,Nuit sans éclairage public,En agglomération,Hors intersection,Pluie légère,Autre collision,,,,,,,,,,,3,2,1,2,6
201500018770,0015-03-05 14:30:00,15,3,5,14,30,790,342,"LD ""LE BOURG NEUF""",46.6347,-0.52366,Plein jour,Hors agglomération,Hors intersection,Normale,Autre collision,,,,,,,,,,,1,1,1,1,6
201500018771,0015-07-10 10:00:00,15,7,10,10,0,790,342,,46.5825,-0.52358,Plein jour,Hors agglomération,Intersection en X,Normale,Deux véhicules - côté,,,,,,,,,,,1,1,2,1,3
201500018772,0015-08-08 15:45:00,15,8,8,15,45,790,311,61 ROUTE DE VENDEE,46.60924,-0.42427,Plein jour,En agglomération,Hors intersection,Normale,Autre collision,,,,,,,,,,,1,2,1,1,6