accident_id,datetime,annee,mois,jour,heure,minute,departement,commune_insee,adresse,latitude,longitude,luminosite,agglomeration,intersection,meteo,collision,nb_vehicules,nb_usagers,nb_indemnes,nb_tues,nb_blesses_hosp,nb_blesses_legers,age_cond_1,age_cond_2,veh_type_cond_1,veh_type_cond_2,lum_code,agg_code,int_code,atm_code,col_code
201500018773,0015-10-08 00:30:00,15,10,8,0,30,790,179,,46.74768,-0.61422,Nuit sans éclairage public,Hors agglomération,Hors intersection,Normale,Autre collision,,,,,,,,,,,3,1,1,1,6
201500018774,0015-12-13 20:00:00,15,12,13,20,0,790,69,"LD ""LE VERDON""",46.78175,-0.47834,Nuit sans éclairage public,Hors agglomération,Hors intersection,Normale,Autre collision,,,,,,,,,,,3,1,1,1,6
201500018775,0015-01-23 17:45:00,15,1,23,17,45,760,517,,49.52215,1.13623,Plein jour,Hors agglomération,Intersection en X,Normale,Deux véhicules - côté,,,,,,,,,,,1,1,2,1,3
201500018776,0015-04-19 18:15:00,15,4,19,18,15,760,452,"61, R WINSTON CHURCHILL",49.55364,1.07456,Plein jour,En agglomération,Intersection en X,Normale,Deux véhicules - côté,,,,,,,,,,,1,2,2,1,3
201500018777,0015-08-19 12:00:00,15,8,19,12,0,760,377,route de neufchatel,49.49798,1.15177,Plein jour,En agglomération,Giratoire,Normale,Deux véhicules - côté,,,,,,,,,,,1,2,6,1,3
201500018778,0015-03-25 08:15:00,15,3,25,8,15,760,482,RUE DU CHATEAU,49.85594,1.02138,Plein jour,En agglomération,Hors intersection,Normale,Deux véhicules - frontale,,,,,,,,,,,1,2,1,1,1
201500018779,0015-07-05 19:00:00,15,7,5,19,0,760,136,,49.81963,0.9405,Plein jour,Hors agglomération,Hors intersection,Normale,Sans collision,,,,,,,,,,,1,1,1,1,7
201500018780,0015-07-10 08:30:00,15,7,10,8,30,760,136,,49.81449,0.95068,Plein jour,En agglomération,Intersection en X,Temps éblouissant,Deux véhicules - côté,,,,,,,,,,,1,2,2,7,3
201500018781,0015-07-25 19:15:00,15,7,25,19,15,760,34,,49.72429,1.09239,Plein jour,Hors agglomération,Intersection en Y,Normale,Deux véhicules - frontale,,,,,,,,,,,1,1,4,1,1
201500018782,0015-07-21 20:15:00,15,7,21,20,15,760,321,Rue des pierres,49.77474,1.22193,Plein jour,Hors agglomération,Intersection en X,Normale,Deux véhicules - côté,,,,,,,,,,,1,1,2,1,3
201500018783,0015-10-18 13:45:00,15,10,18,13,45,760,700,,49.68171,1.03311,Plein jour,Hors agglomération,Hors intersection,Normale,Sans collision,,,,,,,,,,,1,1,1,1,7
201500018784,0015-12-27 19:15:00,15,12,27,19,15,760,18,,49.70878,0.96482,Nuit sans éclairage public,En agglomération,Hors intersection,Normale,Autre collision,,,,,,,,,,,3,2,1,1,6
201500018785,0015-01-11 18:00:00,15,1,11,18,0,760,470,,49.6826,0.59697,Nuit sans éclairage public,Hors agglomération,Hors intersection,Vent fort / tempête,Deux véhicules - arrière,,,,,,,,,,,3,1,1,6,2
201500018786,0015-01-12 14:45:00,15,1,12,14,45,760,607,,49.67443,0.5953,Plein jour,Hors agglomération,Hors intersection,Normale,Autre collision,,,,,,,,,,,1,1,1,1,6
201500018787,0015-02-22 10:45:00,15,2,22,10,45,760,593,"26, R PRINCIPALE",49.57193,0.4189,Plein jour,En agglomération,Hors intersection,Normale,Autre collision,,,,,,,,,,,1,2,1,1,6
201500018788,0015-04-14 15:30:00,15,4,14,15,30,760,525,,49.64052,0.62199,Plein jour,Hors agglomération,Hors intersection,Temps éblouissant,Deux véhicules - frontale,,,,,,,,,,,1,1,1,7,1
201500018789,0015-09-26 10:00:00,15,9,26,10,0,760,471,,49.47728,0.62576,Plein jour,Hors agglomération,Hors intersection,Normale,Deux véhicules - frontale,,,,,,,,,,,1,1,1,1,1
201500018790,0015-12-29 12:45:00,15,12,29,12,45,760,258,R CHARLES DE GAULLE,49.65339,0.59977,Plein jour,En agglomération,Intersection en T,Normale,Deux véhicules - frontale,,,,,,,,,,,1,2,3,1,1
201500018791,0015-09-26 12:30:00,15,9,26,12,30,760,454,Intersection CD 36 et 7,49.74919,1.55151,Plein jour,En agglomération,Intersection en X,Normale,Deux véhicules - côté,,,,,,,,,,,1,2,2,1,3
201500018792,0015-05-05 22:45:00,15,5,5,22,45,760,101,,49.90383,1.60929,Nuit sans éclairage public,Hors agglomération,Hors intersection,Normale,Autre collision,,,,,,,,,,,3,1,1,1,6
201500018793,0015-05-21 16:45:00,15,5,21,16,45,760,612,,49.83198,1.6682,Plein jour,Hors agglomération,Hors intersection,Normale,Autre collision,,,,,,,,,,,1,1,1,1,6
201500018794,0015-08-05 16:30:00,15,8,5,16,30,760,527,,49.80152,1.65717,Plein jour,Hors agglomération,Hors intersection,Normale,Deux véhicules - côté,,,,,,,,,,,1,1,1,1,3
201500018795,0015-10-07 20:30:00,15,10,7,20,30,760,35,route de picardie,49.76554,1.75577,Nuit avec éclairage allumé,En agglomération,Hors intersection,Normale,Autre collision,,,,,,,,,,,5,2,1,1,6
201500018796,0015-09-27 20:15:00,15,9,27,20,15,760,621,,49.64685,1.30093,Crépuscule ou aube,Hors agglomération,Hors intersection,Normale,Autre collision,,,,,,,,,,,2,1,1,1,6
201500018797,0015-09-21 06:45:00,15,9,21,6,45,760,631,,49.51471,0.86154,Nuit sans éclairage public,Hors agglomération,Intersection en X,Normale,Deux véhicules - côté,,,,,,,,,,,3,1,2,1,3
201500018798,0015-11-12 08:15:00,15,11,12,8,15,760,559,,49.5792,0.62832,Plein jour,Hors agglomération,Intersection en X,Pluie légère,Deux véhicules - côté,,,,,,,,,,,1,1,2,2,3
201500018799,0015-12-04 18:00:00,15,12,4,18,0,760,88,,49.47062,0.88944,Nuit sans éclairage public,Hors agglomération,Giratoire,Normale,Autre collision,,,,,,,,,,,3,1,6,1,6
201500018800,0015-07-25 04:45:00,15,7,25,4,45,760,325,,49.66144,0.83144,Nuit sans éclairage public,Hors agglomération,Hors intersection,Pluie légère,Autre collision,,,,,,,,,,,3,1,1,2,6
201500018801,0015-09-13 00:30:00,15,9,13,0,30,760,219,R PIERRE LAMOTTE,49.72144,0.78345,Nuit avec éclairage allumé,En agglomération,Intersection en X,Normale,Deux véhicules - côté,,,,,,,,,,,5,2,2,1,3
201500018802,0015-09-19 15:30:00,15,9,19,15,30,760,542,rue de l'espoir,49.73005,0.74461,Plein jour,En agglomération,Intersection en X,Normale,Deux véhicules - frontale,,,,,,,,,,,1,2,2,1,1
201500018803,0015-10-18 18:00:00,15,10,18,18,0,760,325,,49.65884,0.83314,Plein jour,Hors agglomération,Hors intersection,Pluie légère,Deux véhicules - frontale,,,,,,,,,,,1,1,1,2,1
201500018804,0015-01-11 16:15:00,15,1,11,16,15,760,695,,49.66314,0.5142,Plein jour,Hors agglomération,Hors intersection,Vent fort / tempête,Autre collision,,,,,,,,,,,1,1,1,6,6
201500018805,0015-01-29 18:15:00,15,1,29,18,15,670,448,170 Grand-rue,,,Nuit avec éclairage allumé,En agglomération,Hors intersection,Pluie légère,Autre collision,,,,,,,,,,,5,2,1,2,6
201500018806,0015-03-23 21:00:00,15,3,23,21,0,670,414,,,,Nuit sans éclairage public,Hors agglomération,Hors intersection,Normale,Deux véhicules - frontale,,,,,,,,,,,3,1,1,1,1
201500018807,0015-04-17 12:30:00,15,4,17,12,30,670,76,PV,,,Plein jour,Hors agglomération,Hors intersection,Temps couvert,Autre collision,,,,,,,,,,,1,1,1,8,6
201500018808,0015-05-09 10:15:00,15,5,9,10,15,670,448,GRAND'RUE,,,Plein jour,En agglomération,Hors intersection,Normale,Deux véhicules - côté,,,,,,,,,,,1,2,1,1,3
201500018809,0015-05-13 10:15:00,15,5,13,10,15,670,414,15 rue des jardins,,,Plein jour,En agglomération,Hors intersection,Normale,Deux véhicules - arrière,,,,,,,,,,,1,2,1,1,2
201500018810,0015-06-12 09:00:00,15,6,12,9,0,670,59,,,,Plein jour,Hors agglomération,Hors intersection,Normale,Autre collision,,,,,,,,,,,1,1,1,1,6
201500018811,0015-07-01 10:30:00,15,7,1,10,30,670,306,"PV,SENS LUTZELH.-SCHIRM.",,,Plein jour,Hors agglomération,Hors intersection,Temps éblouissant,Deux véhicules - frontale,,,,,,,,,,,1,1,1,7,1
201500018812,0015-07-06 01:15:00,15,7,6,1,15,670,424,8 route de colroy,,,Nuit avec éclairage non allumé,En agglomération,Hors intersection,Normale,Autre collision,,,,,,,,,,,4,2,1,1,6
201500018813,0015-08-20 01:00:00,15,8,20,1,0,670,325,,,,Nuit sans éclairage public,Hors agglomération,Hors intersection,Normale,Sans collision,,,,,,,,,,,3,1,1,1,7
201500018814,0015-08-21 19:30:00,15,8,21,19,30,670,27,,,,Plein jour,Hors agglomération,Hors intersection,Normale,Deux véhicules - côté,,,,,,,,,,,1,1,1,1,3
201500018815,0015-11-28 20:30:00,15,11,28,20,30,670,342,52 rue de molsheim,,,Nuit avec éclairage allumé,En agglomération,Hors intersection,Normale,Autre collision,,,,,,,,,,,5,2,1,1,6
201500018816,0015-06-14 14:45:00,15,6,14,14,45,670,13,,,,Plein jour,Hors agglomération,Hors intersection,Normale,Sans collision,,,,,,,,,,,1,1,1,1,7
201500018817,0015-06-21 02:30:00,15,6,21,2,30,670,105,7 RUE DU GENERAL LECLERC,,,Nuit sans éclairage public,En agglomération,Hors intersection,Normale,Sans collision,,,,,,,,,,,3,2,1,1,7
201500018818,0015-10-05 01:45:00,15,10,5,1,45,670,88,19 RUE DE LA FONTAINE,,,Nuit avec éclairage allumé,En agglomération,Hors intersection,Normale,Autre collision,,,,,,,,,,,5,2,1,1,6
201500018819,0015-10-10 15:15:00,15,10,10,15,15,670,401,,,,Plein jour,Hors agglomération,Hors intersection,Normale,Autre collision,,,,,,,,,,,1,1,1,1,6
201500018820,0015-06-07 22:00:00,15,6,7,22,0,670,19,,,,Nuit sans éclairage public,Hors agglomération,Hors intersection,Normale,Deux véhicules - arrière,,,,,,,,,,,3,1,1,1,2
201500018821,0015-05-21 15:15:00,15,5,21,15,15,670,443,,,,Plein jour,Hors agglomération,Giratoire,Normale,Deux véhicules - côté,,,,,,,,,,,1,1,6,1,3
201500018822,0015-08-09 16:00:00,15,8,9,16,0,670,69,,48.918,8.03299,Plein jour,Hors agglomération,Hors intersection,Normale,Sans collision,,,,,,,,,,,1,1,1,1,7
201500018823,0015-12-07 19:00:00,15,12,7,19,0,780,505,,,,Nuit sans éclairage public,Hors agglomération,Hors intersection,Normale,Autre collision,,,,,,,,,,,3,1,1,1,6
201500018824,0015-07-12 15:30:00,15,7,12,15,30,770,11,D52A,48.21988,2.60575,Plein jour,En agglomération,Hors intersection,Normale,Deux véhicules - côté,,,,,,,,,,,1,2,1,1,3
201500018825,0015-09-02 16:30:00,15,9,2,16,30,770,297,,,,Plein jour,Hors agglomération,Hors intersection,Normale,Sans collision,,,,,,,,,,,1,1,1,1,7
201500018826,0015-09-03 17:30:00,15,9,3,17,30,770,45,,,,Plein jour,Hors agglomération,Hors intersection,Normale,Autre collision,,,,,,,,,,,1,1,1,1,6
201500018827,0015-04-18 20:45:00,15,4,18,20,45,770,263,D77,48.47142,3.18464,Crépuscule ou aube,Hors agglomération,Hors intersection,Normale,Sans collision,,,,,,,,,,,2,1,1,1,7
201500018828,0015-05-10 10:15:00,15,5,10,10,15,770,51,D412 ROUTE DE SENS,48.4148,3.23398,Plein jour,En agglomération,Hors intersection,Normale,Autre collision,,,,,,,,,,,1,2,1,1,6
201500018829,0015-05-21 15:30:00,15,5,21,15,30,770,452,D403 X D77B,48.47591,3.14617,Plein jour,Hors agglomération,Intersection en X,Normale,Deux véhicules - côté,,,,,,,,,,,1,1,2,1,3
201500018830,0015-08-15 15:45:00,15,8,15,15,45,770,311,,,,Plein jour,Hors agglomération,Hors intersection,Normale,Autre collision,,,,,,,,,,,1,1,1,1,6
201500018831,0015-10-03 18:00:00,15,10,3,18,0,770,311,,,,Plein jour,Hors agglomération,Hors intersection,Normale,Deux véhicules - frontale,,,,,,,,,,,1,1,1,1,1
201500018832,0015-05-10 23:45:00,15,5,10,23,45,740,299,,,,Nuit avec éclairage allumé,Hors agglomération,Hors intersection,Normale,Autre collision,,,,,,,,,,,5,1,1,1,6
201500018833,0015-07-05 05:10:00,15,7,5,5,10,740,198,,,,Nuit avec éclairage non allumé,Hors agglomération,Hors intersection,Normale,Autre collision,,,,,,,,,,,4,1,1,1,6
201500018834,0015-07-26 06:45:00,15,7,26,6,45,740,137,275 ROUTE DES AIRES,,,Plein jour,Hors agglomération,Hors intersection,Normale,Autre collision,,,,,,,,,,,1,1,1,1,6
201500018835,0015-08-20 17:15:00,15,8,20,17,15,740,137,,,,Plein jour,En agglomération,Hors intersection,Normale,Deux véhicules - frontale,,,,,,,,,,,1,2,1,1,1
201500018836,0015-09-29 17:30:00,15,9,29,17,30,740,11,Martyrs de la résistance,,,Plein jour,En agglomération,Giratoire,Normale,Deux véhicules - frontale,,,,,,,,,,,1,2,6,1,1
201500018837,0015-10-07 12:30:00,15,10,7,12,30,740,11,,,,Plein jour,Hors agglomération,Hors intersection,Temps couvert,Deux véhicules - frontale,,,,,,,,,,,1,1,1,8,1
201500018838,0015-10-20 14:45:00,15,10,20,14,45,740,11,AVENUE DES CARRES,,,Plein jour,En agglomération,Autre intersection,Normale,Autre collision,,,,,,,,,,,1,2,9,1,6
201500018839,0015-09-06 10:30:00,15,9,6,10,30,740,97,1158 RTE D'AIX LES BAINS,,,Plein jour,Hors agglomération,Intersection en Y,Normale,Deux véhicules - côté,,,,,,,,,,,1,1,4,1,3
201500018840,0015-03-22 12:00:00,15,3,22,12,0,740,278,99 Avenue des lacs,46.074,6.551,Plein jour,En agglomération,Hors intersection,Normale,Autre collision,,,,,,,,,,,1,2,1,1,6
201500018841,0015-04-18 11:15:00,15,4,18,11,15,740,174,"Lieu dit ""LA CULAZ""",,,Plein jour,Hors agglomération,Hors intersection,Normale,Deux véhicules - frontale,,,,,,,,,,,1,1,1,1,1
201500018842,0015-04-20 17:15:00,15,4,20,17,15,740,311,ROUTE DU FER A CHEVAL,,,Plein jour,Hors agglomération,Hors intersection,Normale,Deux véhicules - arrière,,,,,,,,,,,1,1,1,1,2
201500018843,0015-06-01 17:15:00,15,6,1,17,15,740,205,LIEU DIT LATRAZ,,,Plein jour,Hors agglomération,Hors intersection,Normale,Deux véhicules - frontale,,,,,,,,,,,1,1,1,1,1
201500018844,0015-07-09 09:15:00,15,7,9,9,15,740,164,271 AVENUE DU VIEUX PONT,,,Plein jour,En agglomération,Intersection en X,Normale,Deux véhicules - côté,,,,,,,,,,,1,2,2,1,3
201500018845,0015-07-14 05:30:00,15,7,14,5,30,740,241,1539 ROUTE DE CORMAND,,,Plein jour,En agglomération,Hors intersection,Normale,Autre collision,,,,,,,,,,,1,2,1,1,6
201500018846,0015-07-18 20:20:00,15,7,18,20,20,740,312,RD 1205,,,Plein jour,Hors agglomération,Hors intersection,Normale,Sans collision,,,,,,,,,,,1,1,1,1,7
201500018847,0015-07-21 08:00:00,15,7,21,8,0,740,205,ROUTE DES CHENEVRIERS,,,Plein jour,En agglomération,Hors intersection,Normale,Deux véhicules - côté,,,,,,,,,,,1,2,1,1,3
201500018848,0015-08-30 16:45:00,15,8,30,16,45,740,164,ROUTE DE MORSULLAZ,,,Plein jour,En agglomération,Hors intersection,Normale,Deux véhicules - côté,,,,,,,,,,,1,2,1,1,3
201500018849,0015-10-28 15:45:00,15,10,28,15,45,740,311,,,,Plein jour,Hors agglomération,Hors intersection,Pluie légère,Deux véhicules - frontale,,,,,,,,,,,1,1,1,2,1
201500018850,0015-06-13 14:00:00,15,6,13,14,0,740,183,RUE DE LA FRUITIERE,,,Plein jour,En agglomération,Giratoire,Normale,Deux véhicules - côté,,,,,,,,,,,1,2,6,1,3
201500018851,0015-08-01 02:45:00,15,8,1,2,45,740,183,LIEU DIT LE MAILLET,,,Nuit sans éclairage public,Hors agglomération,Hors intersection,Normale,Sans collision,,,,,,,,,,,3,1,1,1,7
201500018852,0015-01-19 19:00:00,15,1,19,19,0,740,128,ROUTE DE CHEZ RADELET,,,Plein jour,En agglomération,Intersection en T,Neige / grêle,Deux véhicules - frontale,,,,,,,,,,,1,2,3,4,1
201500018853,0015-03-21 13:00:00,15,3,21,13,0,740,162,ROUTE DES TROIS VALLEES,,,Plein jour,Hors agglomération,Hors intersection,Pluie légère,Deux véhicules - frontale,,,,,,,,,,,1,1,1,2,1
201500018854,0015-05-06 06:45:00,15,5,6,6,45,740,229,ROUTE DE DRAILLANT,,,Crépuscule ou aube,En agglomération,Hors intersection,Normale,Deux véhicules - frontale,,,,,,,,,,,2,2,1,1,1
201500018855,0015-06-01 18:00:00,15,6,1,18,0,740,128,,46.152,6.34,Plein jour,Hors agglomération,Intersection en T,Normale,Deux véhicules - frontale,,,,,,,,,,,1,1,3,1,1
201500018856,0015-08-08 01:00:00,15,8,8,1,0,740,128,395 ROUTE  DE MALAN,,,Nuit avec éclairage allumé,En agglomération,Intersection en Y,Normale,Autre collision,,,,,,,,,,,5,2,4,1,6
201500018857,0015-09-25 16:30:00,15,9,25,16,30,740,211,1963 ROUTE DE LA ROCHE,,,Plein jour,En agglomération,Intersection en X,Normale,Deux véhicules - côté,,,,,,,,,,,1,2,2,1,3
201500018858,0015-09-26 20:30:00,15,9,26,20,30,740,211,,,,Nuit sans éclairage public,Hors agglomération,Hors intersection,Normale,Autre collision,,,,,,,,,,,3,1,1,1,6
201500018859,0015-10-15 18:00:00,15,10,15,18,0,740,211,ROUTE DE LA ROCHE,,,Plein jour,En agglomération,Hors intersection,Pluie légère,Deux véhicules - frontale,,,,,,,,,,,1,2,1,2,1
201500018860,0015-10-24 19:30:00,15,10,24,19,30,740,262,,,,Crépuscule ou aube,Hors agglomération,Hors intersection,Normale,Autre collision,,,,,,,,,,,2,1,1,1,6
201500018861,0015-11-05 08:15:00,15,11,5,8,15,740,128,27 RTE  VALLEE DU GIFFRE,,,Plein jour,Hors agglomération,Hors intersection,Normale,Deux véhicules - côté,,,,,,,,,,,1,1,1,1,3
201500018862,0015-07-16 08:30:00,15,7,16,8,30,740,96,CHEMIN DES MOULINS,,,Plein jour,En agglomération,Hors intersection,Normale,Autre collision,,,,,,,,,,,1,2,1,1,6
201500018863,0015-09-26 18:45:00,15,9,26,18,45,740,259,ROUTE DE LA MURAZ,,,Crépuscule ou aube,Hors agglomération,Hors intersection,Normale,Sans collision,,,,,,,,,,,2,1,1,1,7
201500018864,0015-02-17 19:15:00,15,2,17,19,15,740,109,,,,Nuit sans éclairage public,Hors agglomération,Intersection en T,Temps couvert,Trois véhicules et plus - collisions multiples,,,,,,,,,,,3,1,3,8,5
201500018865,0015-11-09 06:30:00,15,11,9,6,30,740,100,,,,Nuit sans éclairage public,Hors agglomération,Hors intersection,Normale,Deux véhicules - frontale,,,,,,,,,,,3,1,1,1,1
201500018866,0015-12-09 18:15:00,15,12,9,18,15,740,178,,,,Nuit sans éclairage public,Hors agglomération,Hors intersection,Normale,Deux véhicules - arrière,,,,,,,,,,,3,1,1,1,2
201500018867,0015-06-26 08:00:00,15,6,26,8,0,740,50,,46.219,6.434,Plein jour,Hors agglomération,Intersection en T,Normale,Deux véhicules - côté,,,,,,,,,,,1,1,3,1,3
201500018868,0015-08-06 14:40:00,15,8,6,14,40,740,236,,,,Plein jour,Hors agglomération,Hors intersection,Normale,Trois véhicules et plus - collisions multiples,,,,,,,,,,,1,1,1,1,5
201500018869,0015-03-17 10:00:00,15,3,17,10,0,740,208,AV LA PLAINE/ RUE CENTRE,,,Plein jour,En agglomération,Intersection en Y,Temps éblouissant,Deux véhicules - côté,,,,,,,,,,,1,2,4,7,3
201500018870,0015-08-18 04:00:00,15,8,18,4,0,740,103,ROUTE DU FAYET,,,Nuit avec éclairage non allumé,En agglomération,Giratoire,Normale,Sans collision,,,,,,,,,,,4,2,6,1,7
201500018871,0015-04-26 15:30:00,15,4,26,15,30,590,666,ROUTE DE ST OMER,,,Plein jour,En agglomération,Hors intersection,Normale,Autre collision,,,,,,,,,,,1,2,1,1,6
201500018872,0015-02-18 17:00:00,15,2,18,17,0,250,427,,47.277,5.888,Plein jour,Hors agglomération,Hors intersection,Normale,Autre collision,,,,,,,,,,,1,1,1,1,6
201500018873,0015-02-22 15:45:00,15,2,22,15,45,250,326,7 Grande Rue,47.24,5.778,Plein jour,En agglomération,Hors intersection,Normale,Autre collision,,,,,,,,,,,1,2,1,1,6
201500018874,0015-04-11 17:15:00,15,4,11,17,15,250,212,,,,Plein jour,Hors agglomération,Hors intersection,Normale,Trois véhicules et plus - collisions multiples,,,,,,,,,,,1,1,1,1,5
201500018875,0015-04-20 10:15:00,15,4,20,10,15,250,371,grande rue,47.245,5.87,Plein jour,En agglomération,Intersection en T,Normale,Deux véhicules - côté,,,,,,,,,,,1,2,3,1,3
201500018876,0015-05-02 16:45:00,15,5,2,16,45,250,133,,47.314,5.994,Plein jour,Hors agglomération,Hors intersection,Pluie légère,Deux véhicules - côté,,,,,,,,,,,1,1,1,2,3
201500018877,0015-06-18 18:45:00,15,6,18,18,45,250,133,,47.318,5.997,Plein jour,Hors agglomération,Hors intersection,Pluie forte,Deux véhicules - côté,,,,,,,,,,,1,1,1,3,3
201500018878,0015-07-26 18:00:00,15,7,26,18,0,250,482,,,,Plein jour,Hors agglomération,Hors intersection,Pluie légère,Trois véhicules et plus - collisions multiples,,,,,,,,,,,1,1,1,2,5
201500018879,0015-08-29 21:45:00,15,8,29,21,45,250,225,2 grande rue,47.23613,5.74369,Nuit sans éclairage public,En agglomération,Hors intersection,Normale,Sans collision,,,,,,,,,,,3,2,1,1,7
201500018880,0015-08-31 12:15:00,15,8,31,12,15,250,212,,,,Plein jour,En agglomération,Hors intersection,Normale,Deux véhicules - arrière,,,,,,,,,,,1,2,1,1,2
201500018881,0015-09-20 17:45:00,15,9,20,17,45,250,35,,47.325,5.958,Plein jour,Hors agglomération,Hors intersection,Normale,Deux véhicules - frontale,,,,,,,,,,,1,1,1,1,1
201500018882,0015-10-27 19:45:00,15,10,27,19,45,250,30,,47.266,5.864,Nuit sans éclairage public,Hors agglomération,Hors intersection,Normale,Deux véhicules - frontale,,,,,,,,,,,3,1,1,1,1
201500018883,0015-11-08 18:45:00,15,11,8,18,45,250,542,,,,Nuit sans éclairage public,Hors agglomération,Hors intersection,Normale,Deux véhicules - arrière,,,,,,,,,,,3,1,1,1,2
201500018884,0015-03-20 08:45:00,15,3,20,8,45,560,22,,,,Plein jour,Hors agglomération,Hors intersection,Normale,Sans collision,,,,,,,,,,,1,1,1,1,7
201500018885,0015-06-15 16:45:00,15,6,15,16,45,560,164,,47.65848,-2.81824,Plein jour,Hors agglomération,Hors intersection,Normale,Deux véhicules - côté,,,,,,,,,,,1,1,1,1,3
201500018886,0015-08-26 18:30:00,15,8,26,18,30,560,67,loperhet,,,Plein jour,En agglomération,Hors intersection,Temps couvert,Deux véhicules - frontale,,,,,,,,,,,1,2,1,8,1
201500018887,0015-11-09 06:30:00,15,11,9,6,30,560,67,,47.7215,-2.87191,Nuit sans éclairage public,Hors agglomération,Hors intersection,Brouillard / fumée,Autre collision,,,,,,,,,,,3,1,1,5,6
201500018888,0015-02-17 15:45:00,15,2,17,15,45,560,64,,,,Plein jour,Hors agglomération,Hors intersection,Normale,Trois véhicules et plus - collisions multiples,,,,,,,,,,,1,1,1,1,5
201500018889,0015-07-13 18:15:00,15,7,13,18,15,560,61,LE MOULIN,,,Plein jour,En agglomération,Hors intersection,Normale,Autre collision,,,,,,,,,,,1,2,1,1,6
201500018890,0015-01-26 14:15:00,15,1,26,14,15,560,52,,,,Plein jour,Hors agglomération,Intersection en T,Normale,Deux véhicules - côté,,,,,,,,,,,1,1,3,1,3
201500018891,0015-03-03 15:45:00,15,3,3,15,45,560,155,,,,Plein jour,Hors agglomération,Hors intersection,Normale,Deux véhicules - arrière,,,,,,,,,,,1,1,1,1,2
201500018892,0015-04-30 17:00:00,15,4,30,17,0,560,2,,,,Plein jour,Hors agglomération,Hors intersection,Pluie légère,Trois véhicules et plus - en chaîne,,,,,,,,,,,1,1,1,2,4
201500018893,0015-08-23 17:00:00,15,8,23,17,0,560,2,,,,Plein jour,Hors agglomération,Hors intersection,Normale,Deux véhicules - frontale,,,,,,,,,,,1,1,1,1,1
201500018894,0015-09-21 20:00:00,15,9,21,20,0,560,2,,,,Crépuscule ou aube,Hors agglomération,Hors intersection,Pluie légère,Trois véhicules et plus - collisions multiples,,,,,,,,,,,2,1,1,2,5
201500018895,0015-12-23 20:45:00,15,12,23,20,45,560,212,RUE DE CAMBONY,47.54555,-2.15427,Nuit avec éclairage allumé,En agglomération,Hors intersection,Pluie légère,Autre collision,,,,,,,,,,,5,2,1,2,6
201500018896,0015-02-09 14:15:00,15,2,9,14,15,560,231,,,,Plein jour,Hors agglomération,Hors intersection,Temps éblouissant,Deux véhicules - arrière,,,,,,,,,,,1,1,1,7,2
201500018897,0015-08-08 09:00:00,15,8,8,9,0,560,247,,,,Plein jour,Hors agglomération,Hors intersection,Normale,Autre collision,,,,,,,,,,,1,1,1,1,6
201500018898,0015-08-16 06:15:00,15,8,16,6,15,560,184,,,,Crépuscule ou aube,Hors agglomération,Hors intersection,Normale,Sans collision,,,,,,,,,,,2,1,1,1,7
201500018899,0015-10-26 19:00:00,15,10,26,19,0,560,15,,,,Nuit sans éclairage public,Hors agglomération,Hors intersection,Normale,Trois véhicules et plus - collisions multiples,,,,,,,,,,,3,1,1,1,5
201500018900,0015-03-13 11:15:00,15,3,13,11,15,560,251,,47.6575,-2.65806,Plein jour,Hors agglomération,Hors intersection,Normale,Deux véhicules - frontale,,,,,,,,,,,1,1,1,1,1
201500018901,0015-04-19 17:45:00,15,4,19,17,45,560,248,,,,Plein jour,Hors agglomération,Hors intersection,Normale,Deux véhicules - côté,,,,,,,,,,,1,1,1,1,3
201500018902,0015-02-19 12:00:00,15,2,19,12,0,560,34,56 aVENUE DES dRUIDES,47.5732,-3.07528,Plein jour,En agglomération,Hors intersection,Normale,Sans collision,,,,,,,,,,,1,2,1,1,7
201500018903,0015-02-23 07:30:00,15,2,23,7,30,560,168,d781,,,Crépuscule ou aube,En agglomération,Hors intersection,Pluie forte,Deux véhicules - frontale,,,,,,,,,,,2,2,1,3,1
201500018904,0015-03-04 08:45:00,15,3,4,8,45,560,186,,47.49281,-3.12228,Plein jour,En agglomération,Giratoire,Temps éblouissant,Autre collision,,,,,,,,,,,1,2,6,7,6
201500018905,0015-03-09 08:30:00,15,3,9,8,30,560,258,rue des resistants,,,Plein jour,En agglomération,Giratoire,Normale,Autre collision,,,,,,,,,,,1,2,6,1,6
201500018906,0015-07-25 00:15:00,15,7,25,0,15,560,168,,47.59103,-3.1325,Nuit sans éclairage public,Hors agglomération,Hors intersection,Normale,Deux véhicules - arrière,,,,,,,,,,,3,1,1,1,2
201500018907,0015-07-25 17:00:00,15,7,25,17,0,560,186,,47.48042,-3.1172,Plein jour,Hors agglomération,Hors intersection,Normale,Deux véhicules - côté,,,,,,,,,,,1,1,1,1,3
201500018908,0015-07-28 15:00:00,15,7,28,15,0,560,34,Avenue de Kermario,47.57314,-3.06969,Plein jour,En agglomération,Intersection en X,Pluie légère,Deux véhicules - côté,,,,,,,,,,,1,2,2,2,3
201500018909,0015-08-01 23:30:00,15,8,1,23,30,560,34,Avenue des druides,47.57427,-3.07699,Nuit avec éclairage allumé,En agglomération,Hors intersection,Normale,Deux véhicules - côté,,,,,,,,,,,5,2,1,1,3