accident_id,datetime,annee,mois,jour,heure,minute,departement,commune_insee,adresse,latitude,longitude,luminosite,agglomeration,intersection,meteo,collision,nb_vehicules,nb_usagers,nb_indemnes,nb_tues,nb_blesses_hosp,nb_blesses_legers,age_cond_1,age_cond_2,veh_type_cond_1,veh_type_cond_2,lum_code,agg_code,int_code,atm_code,col_code
201500019544,0015-02-16 20:05:00,15,2,16,20,5,170,306,"., LOTI PIERRE",45.62451,-1.02969,Nuit avec éclairage allumé,En agglomération,Hors intersection,Normale,Autre collision,,,,,,,,,,,5,2,1,1,6
201500019545,0015-05-15 10:20:00,15,5,15,10,20,170,306,"04, BRIAND  ARISTIDE  (B",45.62496,-1.02939,Plein jour,En agglomération,Hors intersection,Normale,Autre collision,,,,,,,,,,,1,2,1,1,6
201500019546,0015-02-17 08:33:00,15,2,17,8,33,170,306,"., CHEVREUILS (DES)",45.6414,-1.04449,Plein jour,En agglomération,Intersection en T,Normale,Deux véhicules - arrière,,,,,,,,,,,1,2,3,1,2
201500019547,0015-05-16 11:50:00,15,5,16,11,50,170,306,"4, REUTIN (BD FELIX)",45.63594,-1.02726,Plein jour,En agglomération,Hors intersection,Normale,Autre collision,,,,,,,,,,,1,2,1,1,6
201500019548,0015-02-20 07:45:00,15,2,20,7,45,170,306,"176, ROCHEFORT (DE)  (AV",45.64652,-1.02442,Crépuscule ou aube,En agglomération,Hors intersection,Normale,Autre collision,,,,,,,,,,,2,2,1,1,6
201500019549,0015-05-20 18:00:00,15,5,20,18,0,170,461,"., COURLAY (AVENUE DE)",45.64974,-1.0682,Plein jour,En agglomération,Giratoire,Normale,Deux véhicules - arrière,,,,,,,,,,,1,2,6,1,2
201500019550,0015-02-25 09:17:00,15,2,25,9,17,170,333,"., TILLEULS (AVENUE DES)",45.60369,-0.99337,Plein jour,En agglomération,Hors intersection,Normale,Deux véhicules - arrière,,,,,,,,,,,1,2,1,1,2
201500019551,0015-05-25 10:12:00,15,5,25,10,12,170,306,"., BAILLET (BD COLONEL R",45.62852,-1.04094,Plein jour,En agglomération,Intersection en T,Normale,Deux véhicules - côté,,,,,,,,,,,1,2,3,1,3
201500019552,0015-02-28 12:22:00,15,2,28,12,22,170,306,LAVOISIER (ANTOINE DE),45.63012,-0.99344,Plein jour,En agglomération,Hors intersection,Pluie forte,Autre collision,,,,,,,,,,,1,2,1,3,6
201500019553,0015-06-02 08:05:00,15,6,2,8,5,170,333,"., EXPRESS (voie)",45.61624,-0.98781,Crépuscule ou aube,Hors agglomération,Hors intersection,Normale,Deux véhicules - arrière,,,,,,,,,,,2,1,1,1,2
201500019554,0015-03-04 15:55:00,15,3,4,15,55,170,306,"8, LOTI PIERRE",45.62445,-1.02968,Plein jour,En agglomération,Hors intersection,Normale,Autre collision,,,,,,,,,,,1,2,1,1,6
201500019555,0015-06-06 17:00:00,15,6,6,17,0,170,306,"., LAVOISIER (ANTOINE DE",45.62961,-0.99391,Plein jour,En agglomération,Intersection à plus de 4 branches,Normale,Deux véhicules - frontale,,,,,,,,,,,1,2,5,1,1
201500019556,0015-03-10 07:57:00,15,3,10,7,57,170,306,LOTI PIERRE,45.62452,-1.02971,Crépuscule ou aube,En agglomération,Intersection en T,Normale,Deux véhicules - côté,,,,,,,,,,,2,2,3,1,3
201500019557,0015-06-15 16:14:00,15,6,15,16,14,170,306,BOUCHET LOUIS (AVENUE),45.62857,-0.99517,Plein jour,En agglomération,Hors intersection,Normale,Deux véhicules - frontale,,,,,,,,,,,1,2,1,1,1
201500019558,0015-06-19 20:05:00,15,6,19,20,5,170,306,"16, METADIER (DOCTEUR PA",45.62213,-1.03367,Crépuscule ou aube,En agglomération,Hors intersection,Normale,Autre collision,,,,,,,,,,,2,2,1,1,6
201500019559,0015-06-23 00:20:00,15,6,23,0,20,170,306,"5, PROVIDENCE (DE LA)",45.62787,-1.02803,Nuit avec éclairage allumé,En agglomération,Hors intersection,Normale,Autre collision,,,,,,,,,,,5,2,1,1,6
201500019560,0015-06-24 18:15:00,15,6,24,18,15,170,333,CORMORANS (AVENUE DES),45.61158,-1.00468,Plein jour,En agglomération,Intersection en X,Normale,Deux véhicules - côté,,,,,,,,,,,1,2,2,1,3
201500019561,0015-06-27 11:35:00,15,6,27,11,35,170,306,AMPERE,45.62959,-1.00895,Plein jour,En agglomération,Intersection en T,Normale,Deux véhicules - côté,,,,,,,,,,,1,2,3,1,3
201500019562,0015-06-30 07:52:00,15,6,30,7,52,170,380,BERNEZAC (AVENUE DE),45.65042,-1.06966,Plein jour,Hors agglomération,Intersection en X,Normale,Deux véhicules - frontale,,,,,,,,,,,1,1,2,1,1
201500019563,0015-07-03 08:55:00,15,7,3,8,55,170,306,AQUITAINE (ALIENOR D') (,45.61311,-0.99905,Plein jour,En agglomération,Hors intersection,Pluie légère,Deux véhicules - arrière,,,,,,,,,,,1,2,1,2,2
201500019564,0015-07-04 11:35:00,15,7,4,11,35,170,380,GRANDE COTE (AVENUE DE L,45.64662,-1.10285,Plein jour,Hors agglomération,Hors intersection,Normale,Sans collision,,,,,,,,,,,1,1,1,1,7
201500019565,0015-07-05 14:30:00,15,7,5,14,30,170,380,EXPRESS (VOIE),45.64883,-1.04764,Plein jour,Hors agglomération,Hors intersection,Normale,Deux véhicules - côté,,,,,,,,,,,1,1,1,1,3
201500019566,0015-07-10 15:01:00,15,7,10,15,1,170,306,BOUCHET LOUIS (AVENUE),45.62941,-0.99371,Plein jour,En agglomération,Intersection en X,Normale,Deux véhicules - côté,,,,,,,,,,,1,2,2,1,3
201500019567,0015-07-10 19:40:00,15,7,10,19,40,170,306,BOUCHET LOUIS (AVENUE),45.63196,-0.98556,Plein jour,En agglomération,Intersection en X,Normale,Deux véhicules - côté,,,,,,,,,,,1,2,2,1,3
201500019568,0015-07-12 19:00:00,15,7,12,19,0,170,380,DE GAULLE ( AVENUE CHARL,45.65578,-1.08762,Plein jour,En agglomération,Intersection en T,Normale,Deux véhicules - arrière,,,,,,,,,,,1,2,3,1,2
201500019569,0015-07-13 17:32:00,15,7,13,17,32,170,306,"107, REGAZZONI (AVENUE C",45.6365,-1.03788,Plein jour,En agglomération,Hors intersection,Normale,Deux véhicules - côté,,,,,,,,,,,1,2,1,1,3
201500019570,0015-07-14 03:07:00,15,7,14,3,7,170,380,"20, VERDUN (AVENUE DE)",45.65482,-1.07849,Nuit avec éclairage allumé,En agglomération,Hors intersection,Normale,Autre collision,,,,,,,,,,,5,2,1,1,6
201500019571,0015-07-15 12:15:00,15,7,15,12,15,170,333,"13, PLAGE (AVENUE DE LA)",45.59579,-0.98902,Plein jour,En agglomération,Intersection en X,Normale,Deux véhicules - côté,,,,,,,,,,,1,2,2,1,3
201500019572,0015-07-19 20:20:00,15,7,19,20,20,170,380,"29, SOURCE (AVENUE DE LA",45.65261,-1.07614,Crépuscule ou aube,En agglomération,Hors intersection,Normale,Sans collision,,,,,,,,,,,2,2,1,1,7
201500019573,0015-07-20 12:15:00,15,7,20,12,15,170,306,BOUCHET LOUIS (AVENUE),45.62522,-1.00106,Plein jour,En agglomération,Hors intersection,Normale,Autre collision,,,,,,,,,,,1,2,1,1,6
201500019574,0015-07-23 13:56:00,15,7,23,13,56,170,333,"., DE LATTRE DE TASSIGNY",45.61086,-1.00907,Plein jour,En agglomération,Intersection en T,Normale,Deux véhicules - côté,,,,,,,,,,,1,2,3,1,3
201500019575,0015-07-24 21:55:00,15,7,24,21,55,170,306,"23, PONTAILLAC (DE) (AVE",45.62086,-1.03658,Crépuscule ou aube,En agglomération,Intersection en T,Normale,Deux véhicules - côté,,,,,,,,,,,2,2,3,1,3
201500019576,0015-07-27 06:40:00,15,7,27,6,40,170,306,"2, AQUITAINE (ALIENOR D'",45.62285,-1.01025,Plein jour,En agglomération,Hors intersection,Normale,Deux véhicules - côté,,,,,,,,,,,1,2,1,1,3
201500019577,0015-07-30 17:00:00,15,7,30,17,0,170,461,EXPRESS (VOIE),45.64378,-1.04112,Plein jour,Hors agglomération,Hors intersection,Normale,Deux véhicules - côté,,,,,,,,,,,1,1,1,1,3
201500019578,0015-07-31 09:55:00,15,7,31,9,55,170,306,BROCHET (DU) (ALLEE),45.63617,-1.0411,Plein jour,En agglomération,Hors intersection,Normale,Deux véhicules - frontale,,,,,,,,,,,1,2,1,1,1
201500019579,0015-08-01 02:35:00,15,8,1,2,35,170,333,"., BETEILLE JOSEPH (AVEN",45.6,-0.98976,Nuit sans éclairage public,En agglomération,Hors intersection,Normale,Autre collision,,,,,,,,,,,3,2,1,1,6
201500019580,0015-08-01 10:30:00,15,8,1,10,30,170,306,"., LOTI PIERRE",45.62692,-1.03157,Plein jour,En agglomération,Hors intersection,Normale,Autre collision,,,,,,,,,,,1,2,1,1,6
201500019581,0015-08-01 20:20:00,15,8,1,20,20,170,306,"30, GARNIER (BD FREDERIC",45.62116,-1.01926,Crépuscule ou aube,En agglomération,Hors intersection,Normale,Deux véhicules - frontale,,,,,,,,,,,2,2,1,1,1
201500019582,0015-08-04 20:34:00,15,8,4,20,34,170,380,"., SOURCE (AVENUE DE LA)",45.65082,-1.07033,Crépuscule ou aube,En agglomération,Hors intersection,Normale,Autre collision,,,,,,,,,,,2,2,1,1,6
201500019583,0015-08-08 17:47:00,15,8,8,17,47,170,306,"., BRANLY EDOUARD",45.63009,-0.99493,Plein jour,En agglomération,Intersection en T,Normale,Deux véhicules - côté,,,,,,,,,,,1,2,3,1,3
201500019584,0015-08-10 15:30:00,15,8,10,15,30,170,306,"02, BILLOIS HENRI",45.62819,-1.0097,Plein jour,En agglomération,Intersection en T,Normale,Deux véhicules - côté,,,,,,,,,,,1,2,3,1,3
201500019585,0015-08-10 15:30:00,15,8,10,15,30,170,306,"49, PARIS (DE) (AVENUE)",45.62764,-1.05114,Plein jour,En agglomération,Intersection en T,Normale,Deux véhicules - côté,,,,,,,,,,,1,2,3,1,3
201500019586,0015-08-13 01:10:00,15,8,13,1,10,170,333,"12, SAUJON (DE)",45.60389,-0.98333,Nuit avec éclairage allumé,En agglomération,Hors intersection,Pluie forte,Sans collision,,,,,,,,,,,5,2,1,3,7
201500019587,0015-08-14 18:40:00,15,8,14,18,40,170,306,"19, ESPADON (RUE DE L')",45.63923,-1.03747,Plein jour,En agglomération,Hors intersection,Normale,Sans collision,,,,,,,,,,,1,2,1,1,7
201500019588,0015-08-15 05:22:00,15,8,15,5,22,170,306,EXPRESS (VOIE),45.63675,-1.01769,Nuit sans éclairage public,Hors agglomération,Hors intersection,Normale,Sans collision,,,,,,,,,,,3,1,1,1,7
201500019589,0015-08-15 07:50:00,15,8,15,7,50,170,461,"2, MALAKOFF (AVENUE)",45.64504,-1.06022,Plein jour,En agglomération,Hors intersection,Normale,Autre collision,,,,,,,,,,,1,2,1,1,6
201500019590,0015-08-17 19:20:00,15,8,17,19,20,170,306,HEDDE (AVENUE DANIEL),45.63477,-1.02898,Plein jour,En agglomération,Hors intersection,Normale,Deux véhicules - côté,,,,,,,,,,,1,2,1,1,3
201500019591,0015-08-19 16:35:00,15,8,19,16,35,170,380,"123, GRANDE COTE (AVENUE",45.64826,-1.11465,Plein jour,En agglomération,Hors intersection,Normale,Deux véhicules - côté,,,,,,,,,,,1,2,1,1,3
201500019592,0015-08-27 20:40:00,15,8,27,20,40,170,306,LAMY (BD FRANCK),45.62819,-1.0171,Crépuscule ou aube,En agglomération,Giratoire,Normale,Deux véhicules - côté,,,,,,,,,,,2,2,6,1,3
201500019593,0015-08-28 12:20:00,15,8,28,12,20,170,306,ECLUSE (DE L'),45.62531,-1.026,Plein jour,En agglomération,Intersection en X,Normale,Autre collision,,,,,,,,,,,1,2,2,1,6
201500019594,0015-09-01 00:45:00,15,9,1,0,45,170,306,PONTAILLAC (DE) (AVENUE),45.62561,-1.04967,Nuit avec éclairage allumé,En agglomération,Hors intersection,Normale,Autre collision,,,,,,,,,,,5,2,1,1,6
201500019595,0015-09-03 01:13:00,15,9,3,1,13,170,461,"130, COTE DE BEAUTE (BOU",45.63662,-1.07025,Nuit avec éclairage allumé,En agglomération,Hors intersection,Normale,Autre collision,,,,,,,,,,,5,2,1,1,6
201500019596,0015-09-05 23:20:00,15,9,5,23,20,170,306,"., LAVOISIER (ANTOINE DE",45.37523,-0.59376,Nuit avec éclairage allumé,En agglomération,Hors intersection,Normale,Sans collision,,,,,,,,,,,5,2,1,1,7
201500019597,0015-09-29 15:24:00,15,9,29,15,24,170,306,"61, PONTAILLAC (DE) (AVE",45.62188,-1.0391,Plein jour,En agglomération,Hors intersection,Normale,Deux véhicules - arrière,,,,,,,,,,,1,2,1,1,2
201500019598,0015-10-08 08:50:00,15,10,8,8,50,170,306,"120, DOUMER  (PORTIQUE)",45.63006,-1.03017,Plein jour,En agglomération,Hors intersection,Normale,Deux véhicules - arrière,,,,,,,,,,,1,2,1,1,2
201500019599,0015-10-13 13:25:00,15,10,13,13,25,170,306,"., HEDDE (AVENUE DANIEL)",45.63617,-1.02853,Plein jour,En agglomération,Giratoire,Normale,Autre collision,,,,,,,,,,,1,2,6,1,6
201500019600,0015-10-13 15:05:00,15,10,13,15,5,170,306,"05, PAPIN DENIS",45.37557,-0.5935,Plein jour,En agglomération,Hors intersection,Normale,Autre collision,,,,,,,,,,,1,2,1,1,6
201500019601,0015-10-16 09:25:00,15,10,16,9,25,170,306,"., QUEBEC (AVENUE)",45.6327,-0.98125,Plein jour,En agglomération,Hors intersection,Normale,Deux véhicules - arrière,,,,,,,,,,,1,2,1,1,2
201500019602,0015-10-16 16:50:00,15,10,16,16,50,170,333,"., FREGATES (AVENUE DES)",45.6125,-0.99247,Plein jour,En agglomération,Intersection en T,Normale,Deux véhicules - côté,,,,,,,,,,,1,2,3,1,3
201500019603,0015-10-19 12:10:00,15,10,19,12,10,170,306,"., CORDOUAN (DE) (BD)",45.62453,-1.03913,Plein jour,En agglomération,Hors intersection,Normale,Autre collision,,,,,,,,,,,1,2,1,1,6
201500019604,0015-10-21 11:44:00,15,10,21,11,44,170,306,"84, GARNIER (BD FREDERIC",45.6184,-0.98397,Plein jour,En agglomération,Hors intersection,Normale,Autre collision,,,,,,,,,,,1,2,1,1,6
201500019605,0015-10-28 18:15:00,15,10,28,18,15,170,306,ROCHEFORT (DE)  (AVENUE),45.6366,-1.02854,Nuit avec éclairage allumé,En agglomération,Intersection en X,Normale,Autre collision,,,,,,,,,,,5,2,2,1,6
201500019606,0015-10-29 15:03:00,15,10,29,15,3,170,306,BAILLET (BD COLONEL ROBE,45.62893,-1.0401,Plein jour,En agglomération,Hors intersection,Normale,Deux véhicules - arrière,,,,,,,,,,,1,2,1,1,2
201500019607,0015-11-01 18:35:00,15,11,1,18,35,170,333,"., MAUDET (DU DOCTEUR)",45.60388,-1.00395,Crépuscule ou aube,En agglomération,Intersection en X,Normale,Deux véhicules - côté,,,,,,,,,,,2,2,2,1,3
201500019608,0015-06-01 06:15:00,15,6,1,6,15,400,80,,43.76138,-0.27352,Plein jour,Hors agglomération,Hors intersection,Normale,Deux véhicules - frontale,,,,,,,,,,,1,1,1,1,1
201500019609,0015-01-11 23:45:00,15,1,11,23,45,270,613,,49.10203,0.50698,Nuit sans éclairage public,Hors agglomération,Hors intersection,Autre,Autre collision,,,,,,,,,,,3,1,1,9,6
201500019610,0015-03-28 15:15:00,15,3,28,15,15,270,125,,49.19458,0.77017,Plein jour,Hors agglomération,Hors intersection,Pluie légère,Autre collision,,,,,,,,,,,1,1,1,2,6
201500019611,0015-06-05 14:15:00,15,6,5,14,15,270,125,,49.20266,0.76984,Plein jour,Hors agglomération,Hors intersection,Normale,Autre collision,,,,,,,,,,,1,1,1,1,6
201500019612,0015-07-16 21:00:00,15,7,16,21,0,270,148,,48.98799,0.44185,Plein jour,Hors agglomération,Hors intersection,Normale,Autre collision,,,,,,,,,,,1,1,1,1,6
201500019613,0015-10-23 15:15:00,15,10,23,15,15,270,95,,49.22213,0.74719,Plein jour,Hors agglomération,Hors intersection,Normale,Deux véhicules - arrière,,,,,,,,,,,1,1,1,1,2
201500019614,0015-10-27 10:15:00,15,10,27,10,15,270,49,,49.00345,0.69742,Plein jour,Hors agglomération,Hors intersection,Normale,Sans collision,,,,,,,,,,,1,1,1,1,7
201500019615,0015-09-12 16:00:00,15,9,12,16,0,610,352,,48.81049,-0.12643,Plein jour,Hors agglomération,Hors intersection,Normale,Autre collision,,,,,,,,,,,1,1,1,1,6
201500019616,0015-12-17 04:30:00,15,12,17,4,30,610,306,,48.6578,0.22464,Nuit sans éclairage public,Hors agglomération,Hors intersection,Normale,Autre collision,,,,,,,,,,,3,1,1,1,6
201500019617,0015-01-04 10:15:00,15,1,4,10,15,170,415,"86, JEAN RUE DU DOCTEUR",45.74029,-0.62065,Plein jour,En agglomération,Intersection en T,Normale,Deux véhicules - côté,,,,,,,,,,,1,2,3,1,3
201500019618,0015-04-03 16:30:00,15,4,3,16,30,170,415,route nationale 141,45.74579,-0.59022,Plein jour,En agglomération,Hors intersection,Normale,Autre collision,,,,,,,,,,,1,2,1,1,6
201500019619,0015-11-27 10:35:00,15,11,27,10,35,170,415,SAINTONGE PONT A RUE GAU,45.44275,-0.38037,Plein jour,En agglomération,Hors intersection,Normale,Autre collision,,,,,,,,,,,1,2,1,1,6
201500019620,0015-01-17 04:05:00,15,1,17,4,5,170,415,route nationale 141,45.73021,-0.62566,Nuit sans éclairage public,Hors agglomération,Hors intersection,Normale,Autre collision,,,,,,,,,,,3,1,1,1,6
201500019621,0015-04-08 18:02:00,15,4,8,18,2,170,415,"1, PICHAUDERIE LIEU-DIT",45.75426,-0.6078,Plein jour,En agglomération,Hors intersection,Normale,Autre collision,,,,,,,,,,,1,2,1,1,6
201500019622,0015-12-02 18:00:00,15,12,2,18,0,170,415,"01, SAINTONGE PONT A RUE",45.44265,-0.37376,Crépuscule ou aube,En agglomération,Hors intersection,Normale,Deux véhicules - arrière,,,,,,,,,,,2,2,1,1,2
201500019623,0015-01-25 18:40:00,15,1,25,18,40,170,415,route nationale 141,45.73649,-0.60561,Crépuscule ou aube,Hors agglomération,Hors intersection,Normale,Autre collision,,,,,,,,,,,2,1,1,1,6
201500019624,0015-12-12 19:05:00,15,12,12,19,5,170,415,VOIVILLE OUEST ROND POIN,45.44243,-0.39429,Plein jour,Hors agglomération,Hors intersection,Normale,Deux véhicules - frontale,,,,,,,,,,,1,1,1,1,1
201500019625,0015-03-04 09:14:00,15,3,4,9,14,170,415,"1, LECLERC COURS DU MARE",45.74872,-0.6442,Plein jour,En agglomération,Hors intersection,Normale,Autre collision,,,,,,,,,,,1,2,1,1,6
201500019626,0015-01-28 16:15:00,15,1,28,16,15,170,415,GABILLONNERIE LIEU-DIT L,45.78311,-0.6629,Plein jour,Hors agglomération,Hors intersection,Normale,Autre collision,,,,,,,,,,,1,1,1,1,6
201500019627,0015-03-10 14:00:00,15,3,10,14,0,170,415,"85, GAMBETTA 2 A 72 ET 5",45.74668,-0.62453,Plein jour,En agglomération,Hors intersection,Normale,Autre collision,,,,,,,,,,,1,2,1,1,6
201500019628,0015-12-13 17:30:00,15,12,13,17,30,170,415,"39, JOURDAN AVENUE",45.44432,-0.36481,Crépuscule ou aube,En agglomération,Intersection en T,Normale,Deux véhicules - arrière,,,,,,,,,,,2,2,3,1,2
201500019629,0015-01-31 20:50:00,15,1,31,20,50,170,415,VOIVILLE EST ROND POINT,45.74027,-0.65898,Nuit sans éclairage public,Hors agglomération,Hors intersection,Normale,Autre collision,,,,,,,,,,,3,1,1,1,6
201500019630,0015-03-18 15:30:00,15,3,18,15,30,170,415,"1, 4 SEPTEMBRE 1944 RUE",45.74365,-0.6559,Plein jour,En agglomération,Hors intersection,Normale,Autre collision,,,,,,,,,,,1,2,1,1,6
201500019631,0015-01-31 21:45:00,15,1,31,21,45,170,415,VOIVILLE OUEST ROND POIN,45.74038,-0.66236,Nuit sans éclairage public,Hors agglomération,Giratoire,Normale,Autre collision,,,,,,,,,,,3,1,6,1,6
201500019632,0015-03-20 20:50:00,15,3,20,20,50,170,415,"1, BOIS DES MOUNIERS RUE",45.73934,-0.67278,Crépuscule ou aube,En agglomération,Hors intersection,Normale,Autre collision,,,,,,,,,,,2,2,1,1,6
201500019633,0015-02-05 11:05:00,15,2,5,11,5,170,415,"1, JEAN RUE DU DOCTEUR",45.73796,-0.6165,Plein jour,En agglomération,Intersection en X,Normale,Autre collision,,,,,,,,,,,1,2,2,1,6
201500019634,0015-03-23 17:30:00,15,3,23,17,30,170,415,"1, ABBAYE PLACE DE L'",45.74457,-0.62435,Plein jour,En agglomération,Hors intersection,Normale,Autre collision,,,,,,,,,,,1,2,1,1,6
201500019635,0015-02-06 18:25:00,15,2,6,18,25,170,415,"6, APOTRES DE LA LIBERTE",45.74017,-0.64201,Crépuscule ou aube,En agglomération,Hors intersection,Normale,Autre collision,,,,,,,,,,,2,2,1,1,6
201500019636,0015-03-31 07:45:00,15,3,31,7,45,170,415,"20, NATIONAL 1 A 67 ET 2",45.7471,-0.63167,Nuit avec éclairage allumé,En agglomération,Hors intersection,Normale,Autre collision,,,,,,,,,,,5,2,1,1,6
201500019637,0015-02-11 11:30:00,15,2,11,11,30,170,415,"1, METAIRIE CHEMIN DE LA",45.76029,-0.63786,Plein jour,Hors agglomération,Giratoire,Normale,Autre collision,,,,,,,,,,,1,1,6,1,6
201500019638,0015-03-31 12:10:00,15,3,31,12,10,170,415,"1, TERREFORT AVENUE DE",45.74225,-0.59888,Plein jour,Hors agglomération,Hors intersection,Normale,Autre collision,,,,,,,,,,,1,1,1,1,6
201500019639,0015-02-13 21:40:00,15,2,13,21,40,170,415,"1, VOIVILLE EST ROND POI",45.74033,-0.66,Nuit sans éclairage public,En agglomération,Hors intersection,Normale,Autre collision,,,,,,,,,,,3,2,1,1,6
201500019640,0015-04-11 05:45:00,15,4,11,5,45,170,415,"98, GAMBETTA 74 A 162 ET",45.74658,-0.62277,Plein jour,Hors agglomération,Hors intersection,Normale,Autre collision,,,,,,,,,,,1,1,1,1,6
201500019641,0015-02-27 13:10:00,15,2,27,13,10,170,415,SAINTONGE A10 A ROCADE O,45.74017,-0.6621,Plein jour,Hors agglomération,Hors intersection,Normale,Autre collision,,,,,,,,,,,1,1,1,1,6
201500019642,0015-04-12 17:38:00,15,4,12,17,38,170,415,"1, DE GAULLE COURS CHARL",45.74314,-0.6258,Plein jour,En agglomération,Hors intersection,Normale,Autre collision,,,,,,,,,,,1,2,1,1,6
201500019643,0015-04-13 19:15:00,15,4,13,19,15,170,415,"15, LEMERCIER COURS",45.74748,-0.63845,Plein jour,En agglomération,Hors intersection,Normale,Autre collision,,,,,,,,,,,1,2,1,1,6
201500019644,0015-04-16 09:40:00,15,4,16,9,40,170,415,141,45.74579,-0.59017,Plein jour,Hors agglomération,Intersection en T,Normale,Autre collision,,,,,,,,,,,1,1,3,1,6
201500019645,0015-04-30 06:45:00,15,4,30,6,45,170,415,"1, ARC DE TRIOMPHE",45.74591,-0.62873,Nuit avec éclairage allumé,En agglomération,Intersection en T,Normale,Autre collision,,,,,,,,,,,5,2,3,1,6
201500019646,0015-04-30 17:00:00,15,4,30,17,0,170,415,"92, LORMONT RUE DE",45.75424,-0.61417,Plein jour,Hors agglomération,Hors intersection,Temps couvert,Autre collision,,,,,,,,,,,1,1,1,8,6
201500019647,0015-05-21 17:30:00,15,5,21,17,30,170,415,"1, ABATTOIR RUE DE L'",45.75294,-0.63105,Plein jour,Hors agglomération,Giratoire,Normale,Deux véhicules - côté,,,,,,,,,,,1,1,6,1,3
201500019648,0015-05-27 11:05:00,15,5,27,11,5,170,415,"44, GAMBETTA 2 A 72 ET 5",45.74691,-0.62844,Plein jour,En agglomération,Giratoire,Normale,Deux véhicules - côté,,,,,,,,,,,1,2,6,1,3
201500019649,0015-05-28 16:00:00,15,5,28,16,0,170,415,"24, NATIONAL 1 A 67 ET 2",45.74714,-0.63239,Plein jour,En agglomération,Hors intersection,Normale,Autre collision,,,,,,,,,,,1,2,1,1,6
201500019650,0015-06-06 09:55:00,15,6,6,9,55,170,415,141,45.7265,-0.63583,Plein jour,Hors agglomération,Hors intersection,Normale,Deux véhicules - arrière,,,,,,,,,,,1,1,1,1,2
201500019651,0015-06-08 16:50:00,15,6,8,16,50,170,415,"., RETAUD ROUTE DE",45.73711,-0.65748,Plein jour,Hors agglomération,Giratoire,Normale,Deux véhicules - côté,,,,,,,,,,,1,1,6,1,3
201500019652,0015-06-08 19:45:00,15,6,8,19,45,170,415,"., CENTRE LECLERC ST GEO",45.74754,-0.675,Plein jour,Hors agglomération,Hors intersection,Normale,Autre collision,,,,,,,,,,,1,1,1,1,6
201500019653,0015-06-28 08:45:00,15,6,28,8,45,170,415,"5, GAMBETTA 2 A 72 ET 5",45.74691,-0.6284,Plein jour,Hors agglomération,Giratoire,Normale,Deux véhicules - côté,,,,,,,,,,,1,1,6,1,3
201500019654,0015-07-02 13:40:00,15,7,2,13,40,170,415,"1, CHAMP DE TIR RUE DU",45.74633,-0.67476,Plein jour,Hors agglomération,Hors intersection,Normale,Autre collision,,,,,,,,,,,1,1,1,1,6
201500019655,0015-07-05 17:30:00,15,7,5,17,30,170,415,"1, SAINTONGE IMPASSE DE",45.74077,-0.62793,Plein jour,Hors agglomération,Hors intersection,Normale,Autre collision,,,,,,,,,,,1,1,1,1,6
201500019656,0015-07-06 13:15:00,15,7,6,13,15,170,415,Route Nationale 137,45.74222,-0.66111,Plein jour,Hors agglomération,Hors intersection,Normale,Autre collision,,,,,,,,,,,1,1,1,1,6
201500019657,0015-07-06 17:00:00,15,7,6,17,0,170,415,CENTRE LECLERC ST GEORGE,45.74684,-0.67398,Plein jour,En agglomération,Hors intersection,Normale,Autre collision,,,,,,,,,,,1,2,1,1,6
201500019658,0015-07-12 18:55:00,15,7,12,18,55,170,415,SAINTONGE A10 A ROCADE O,45.74957,-0.66113,Plein jour,Hors agglomération,Hors intersection,Normale,Autre collision,,,,,,,,,,,1,1,1,1,6
201500019659,0015-07-14 12:10:00,15,7,14,12,10,170,415,"1, PALISSY RUE",45.74153,-0.6387,Plein jour,En agglomération,Hors intersection,Normale,Deux véhicules - arrière,,,,,,,,,,,1,2,1,1,2
201500019660,0015-07-17 19:20:00,15,7,17,19,20,170,415,Route Départementale 728,45.74677,-0.69789,Plein jour,Hors agglomération,Hors intersection,Normale,Autre collision,,,,,,,,,,,1,1,1,1,6
201500019661,0015-07-21 16:25:00,15,7,21,16,25,170,415,"1, TOMBOUCTOU AVENUE DE",45.73894,-0.65362,Plein jour,En agglomération,Intersection à plus de 4 branches,Normale,Autre collision,,,,,,,,,,,1,2,5,1,6
201500019662,0015-07-22 21:00:00,15,7,22,21,0,170,415,"1, COTE DE BEAUTE RUE DE",45.7468,-0.66929,Plein jour,Hors agglomération,Hors intersection,Normale,Autre collision,,,,,,,,,,,1,1,1,1,6
201500019663,0015-07-27 16:40:00,15,7,27,16,40,170,415,"1, SAINTONGE RUELLE  DE",45.74506,-0.62731,Plein jour,Hors agglomération,Hors intersection,Normale,Autre collision,,,,,,,,,,,1,1,1,1,6
201500019664,0015-07-28 17:35:00,15,7,28,17,35,170,415,"2, REVERSEAUX 2 A 46 ET",45.74629,-0.63795,Plein jour,En agglomération,Hors intersection,Normale,Autre collision,,,,,,,,,,,1,2,1,1,6
201500019665,0015-08-04 10:20:00,15,8,4,10,20,170,415,"., COTE DE BEAUTE RUE DE",45.74531,-0.66961,Plein jour,Hors agglomération,Intersection à plus de 4 branches,Normale,Deux véhicules - côté,,,,,,,,,,,1,1,5,1,3
201500019666,0015-08-05 17:25:00,15,8,5,17,25,170,415,"51, LECLERC COURS DU MAR",45.75068,-0.64817,Plein jour,En agglomération,Hors intersection,Normale,Autre collision,,,,,,,,,,,1,2,1,1,6
201500019667,0015-08-22 10:55:00,15,8,22,10,55,170,415,"., Route Nationale 150",45.72434,-0.65121,Plein jour,Hors agglomération,Hors intersection,Normale,Deux véhicules - arrière,,,,,,,,,,,1,1,1,1,2