accident_id,datetime,annee,mois,jour,heure,minute,departement,commune_insee,adresse,latitude,longitude,luminosite,agglomeration,intersection,meteo,collision,nb_vehicules,nb_usagers,nb_indemnes,nb_tues,nb_blesses_hosp,nb_blesses_legers,age_cond_1,age_cond_2,veh_type_cond_1,veh_type_cond_2,lum_code,agg_code,int_code,atm_code,col_code
201500019668,0015-09-09 14:23:00,15,9,9,14,23,170,415,"05, JARDIN PUBLIC RUE DU",45.44399,-0.37402,Plein jour,En agglomération,Hors intersection,Normale,Autre collision,,,,,,,,,,,1,2,1,1,6
201500019669,0015-09-22 19:25:00,15,9,22,19,25,170,415,"01, PLEIADE RUE DE LA",45.43499,-0.38277,Plein jour,En agglomération,Hors intersection,Normale,Autre collision,,,,,,,,,,,1,2,1,1,6
201500019670,0015-09-23 16:52:00,15,9,23,16,52,170,415,"1, YSER 1 A 35 QUAI DE L",45.74695,-0.63047,Plein jour,En agglomération,Hors intersection,Normale,Deux véhicules - arrière,,,,,,,,,,,1,2,1,1,2
201500019671,0015-09-28 09:10:00,15,9,28,9,10,170,415,"01, CHERMIGNAC RUE DE",45.4256,-0.3908,Plein jour,Hors agglomération,Hors intersection,Normale,Deux véhicules - arrière,,,,,,,,,,,1,1,1,1,2
201500019672,0015-09-29 17:50:00,15,9,29,17,50,170,415,"01, COTE DE BEAUTE RUE D",45.4445,-0.4009,Plein jour,Hors agglomération,Intersection en T,Normale,Deux véhicules - côté,,,,,,,,,,,1,1,3,1,3
201500019673,0015-10-06 16:08:00,15,10,6,16,8,170,415,"68, REVERSEAUX 48 A FIN",45.4436,-0.38236,Plein jour,En agglomération,Hors intersection,Normale,Deux véhicules - arrière,,,,,,,,,,,1,2,1,1,2
201500019674,0015-10-14 13:25:00,15,10,14,13,25,170,415,BOIFFIERS RUE DES,45.43539,-0.38542,Plein jour,En agglomération,Intersection en T,Normale,Deux véhicules - côté,,,,,,,,,,,1,2,3,1,3
201500019675,0015-10-22 16:15:00,15,10,22,16,15,170,415,"04, GAMBETTA 2 A 72 ET 5",45.44491,-0.37414,Plein jour,En agglomération,Hors intersection,Normale,Autre collision,,,,,,,,,,,1,2,1,1,6
201500019676,0015-10-25 02:15:00,15,10,25,2,15,170,415,"01, GEMOZAC AVENUE DE",45.43274,-0.38248,Nuit avec éclairage allumé,Hors agglomération,Giratoire,Normale,Autre collision,,,,,,,,,,,5,1,6,1,6
201500019677,0015-10-27 17:30:00,15,10,27,17,30,170,415,"01, SAINTONGE PONT A RUE",45.44266,-0.37407,Plein jour,En agglomération,Hors intersection,Pluie forte,Deux véhicules - arrière,,,,,,,,,,,1,2,1,3,2
201500019678,0015-10-28 15:35:00,15,10,28,15,35,170,415,KENNEDY AVENUE JOHN FITZ,45.4351,-0.38424,Plein jour,En agglomération,Hors intersection,Normale,Deux véhicules - frontale,,,,,,,,,,,1,2,1,1,1
201500019679,0015-10-28 17:45:00,15,10,28,17,45,170,415,"01, SAINTONGE BLANCHARD",45.44347,-0.40076,Plein jour,Hors agglomération,Intersection en T,Normale,Trois véhicules et plus - collisions multiples,,,,,,,,,,,1,1,3,1,5
201500019680,0015-11-20 17:15:00,15,11,20,17,15,170,415,"143, DOUMER ROCADE COTE",45.44457,-0.40099,Plein jour,Hors agglomération,Intersection en T,Normale,Deux véhicules - côté,,,,,,,,,,,1,1,3,1,3
201500019681,0015-12-02 15:50:00,15,12,2,15,50,170,415,Route Nationale 137,45.4313,-0.38146,Plein jour,Hors agglomération,Hors intersection,Normale,Deux véhicules - côté,,,,,,,,,,,1,1,1,1,3
201500019682,0015-01-08 18:15:00,15,1,8,18,15,370,160,,,,Nuit sans éclairage public,Hors agglomération,Hors intersection,Normale,Autre collision,,,,,,,,,,,3,1,1,1,6
201500019683,0015-08-21 14:45:00,15,8,21,14,45,370,170,,,,Plein jour,Hors agglomération,Hors intersection,Normale,Autre collision,,,,,,,,,,,1,1,1,1,6
201500019684,0015-09-15 17:00:00,15,9,15,17,0,370,194,,,,Plein jour,Hors agglomération,Hors intersection,Normale,Trois véhicules et plus - en chaîne,,,,,,,,,,,1,1,1,1,4
201500019685,0015-09-29 17:00:00,15,9,29,17,0,370,166,,,,Plein jour,Hors agglomération,Hors intersection,Normale,Autre collision,,,,,,,,,,,1,1,1,1,6
201500019686,0015-10-19 08:00:00,15,10,19,8,0,370,204,,,,Plein jour,Hors agglomération,Hors intersection,Normale,Autre collision,,,,,,,,,,,1,1,1,1,6
201500019687,0015-02-20 17:40:00,15,2,20,17,40,340,270,,43.58599,3.83787,Plein jour,Hors agglomération,Hors intersection,Normale,Deux véhicules - côté,,,,,,,,,,,1,1,1,1,3
201500019688,0015-03-05 18:15:00,15,3,5,18,15,340,270,RD 612 - Route de SETE,43.58023,3.84816,Plein jour,En agglomération,Hors intersection,Normale,Deux véhicules - côté,,,,,,,,,,,1,2,1,1,3
201500019689,0015-04-02 07:45:00,15,4,2,7,45,340,270,rue Théophraste Rénaudot,43.573,3.84948,Plein jour,En agglomération,Hors intersection,Normale,Deux véhicules - frontale,,,,,,,,,,,1,2,1,1,1
201500019690,0015-05-03 05:30:00,15,5,3,5,30,340,95,,43.52439,3.73715,Crépuscule ou aube,Hors agglomération,Hors intersection,Normale,Autre collision,,,,,,,,,,,2,1,1,1,6
201500019691,0015-05-08 08:45:00,15,5,8,8,45,340,270,,43.56084,3.84933,Plein jour,Hors agglomération,Hors intersection,Normale,Deux véhicules - côté,,,,,,,,,,,1,1,1,1,3
201500019692,0015-06-18 07:45:00,15,6,18,7,45,340,270,Route de béziers,43.57354,3.81856,Plein jour,En agglomération,Hors intersection,Normale,Deux véhicules - côté,,,,,,,,,,,1,2,1,1,3
201500019693,0015-07-16 23:15:00,15,7,16,23,15,340,95,,43.56149,3.77156,Nuit sans éclairage public,Hors agglomération,Hors intersection,Normale,Autre collision,,,,,,,,,,,3,1,1,1,6
201500019694,0015-09-14 06:45:00,15,9,14,6,45,340,270,RD612,43.5643,3.85014,Crépuscule ou aube,En agglomération,Hors intersection,Normale,Deux véhicules - frontale,,,,,,,,,,,2,2,1,1,1
201500019695,0015-09-15 10:45:00,15,9,15,10,45,340,270,RD 613 -RUE DES COTEAUX,43.57817,3.83541,Plein jour,En agglomération,Hors intersection,Normale,Autre collision,,,,,,,,,,,1,2,1,1,6
201500019696,0015-09-28 08:30:00,15,9,28,8,30,340,95,chemin des létagnes,43.54641,3.77317,Plein jour,En agglomération,Hors intersection,Normale,Deux véhicules - côté,,,,,,,,,,,1,2,1,1,3
201500019697,0015-10-31 12:15:00,15,10,31,12,15,340,270,,43.56055,3.84934,Plein jour,Hors agglomération,Hors intersection,Normale,Deux véhicules - arrière,,,,,,,,,,,1,1,1,1,2
201500019698,0015-11-21 12:45:00,15,11,21,12,45,340,270,D612 - ROUTE DE SETE,,,Plein jour,En agglomération,Hors intersection,Normale,Autre collision,,,,,,,,,,,1,2,1,1,6
201500019699,0015-12-17 07:45:00,15,12,17,7,45,340,295,,43.56486,3.80376,Crépuscule ou aube,Hors agglomération,Intersection en T,Temps couvert,Trois véhicules et plus - collisions multiples,,,,,,,,,,,2,1,3,8,5
201500019700,0015-01-04 15:00:00,15,1,4,15,0,660,141,AVENUE DU STADE,42.74646,2.92138,Plein jour,En agglomération,Hors intersection,Temps éblouissant,Autre collision,,,,,,,,,,,1,2,1,7,6
201500019701,0015-09-04 00:30:00,15,9,4,0,30,660,141,Route de PERPIGNAN,42.73826,2.90718,Nuit avec éclairage allumé,En agglomération,Hors intersection,Normale,Autre collision,,,,,,,,,,,5,2,1,1,6
201500019702,0015-02-08 09:30:00,15,2,8,9,30,300,141,,,,Plein jour,Hors agglomération,Hors intersection,Normale,Deux véhicules - côté,,,,,,,,,,,1,1,1,1,3
201500019703,0015-02-19 15:00:00,15,2,19,15,0,300,141,,44.08444,4.70503,Plein jour,Hors agglomération,Hors intersection,Normale,Deux véhicules - frontale,,,,,,,,,,,1,1,1,1,1
201500019704,0015-04-10 08:30:00,15,4,10,8,30,300,331,Rue du Baron Le Roy,44.10736,4.58661,Plein jour,En agglomération,Hors intersection,Normale,Autre collision,,,,,,,,,,,1,2,1,1,6
201500019705,0015-04-29 12:45:00,15,4,29,12,45,300,331,,44.11748,4.59413,Plein jour,Hors agglomération,Intersection en T,Normale,Deux véhicules - côté,,,,,,,,,,,1,1,3,1,3
201500019706,0015-04-30 18:15:00,15,4,30,18,15,300,331,rue de la Glaciere CD9,44.10628,4.59207,Plein jour,En agglomération,Hors intersection,Normale,Deux véhicules - frontale,,,,,,,,,,,1,2,1,1,1
201500019707,0015-05-11 09:30:00,15,5,11,9,30,300,141,rue de la gare,44.0971,4.69849,Plein jour,En agglomération,Hors intersection,Normale,Autre collision,,,,,,,,,,,1,2,1,1,6
201500019708,0015-06-19 23:30:00,15,6,19,23,30,300,331,,44.10267,4.58477,Nuit sans éclairage public,Hors agglomération,Hors intersection,Normale,Sans collision,,,,,,,,,,,3,1,1,1,7
201500019709,0015-07-07 14:30:00,15,7,7,14,30,300,92,,44.09406,4.59692,Plein jour,Hors agglomération,Hors intersection,Normale,Deux véhicules - côté,,,,,,,,,,,1,1,1,1,3
201500019710,0015-08-08 07:15:00,15,8,8,7,15,300,331,,44.11527,4.58523,Plein jour,Hors agglomération,Hors intersection,Normale,Deux véhicules - frontale,,,,,,,,,,,1,1,1,1,1
201500019711,0015-08-23 19:30:00,15,8,23,19,30,300,127,,44.07154,4.58136,Plein jour,Hors agglomération,Hors intersection,Pluie forte,Deux véhicules - frontale,,,,,,,,,,,1,1,1,3,1
201500019712,0015-08-30 07:00:00,15,8,30,7,0,300,141,,44.11412,4.69018,Plein jour,Hors agglomération,Hors intersection,Normale,Deux véhicules - frontale,,,,,,,,,,,1,1,1,1,1
201500019713,0015-09-03 08:30:00,15,9,3,8,30,300,331,,44.11562,4.61523,Plein jour,Hors agglomération,Hors intersection,Temps couvert,Autre collision,,,,,,,,,,,1,1,1,8,6
201500019714,0015-09-21 18:15:00,15,9,21,18,15,300,92,ancienne rte cavillargue,44.0916,4.58975,Plein jour,En agglomération,Hors intersection,Normale,Deux véhicules - côté,,,,,,,,,,,1,2,1,1,3
201500019715,0015-09-29 15:45:00,15,9,29,15,45,300,191,,44.12398,4.6811,Plein jour,Hors agglomération,Hors intersection,Normale,Deux véhicules - arrière,,,,,,,,,,,1,1,1,1,2
201500019716,0015-09-29 18:15:00,15,9,29,18,15,300,292,chemin de mégier,,,Plein jour,En agglomération,Hors intersection,Normale,Sans collision,,,,,,,,,,,1,2,1,1,7
201500019717,0015-11-14 14:15:00,15,11,14,14,15,300,141,,44.08875,4.70495,Plein jour,En agglomération,Hors intersection,Normale,Deux véhicules - frontale,,,,,,,,,,,1,2,1,1,1
201500019718,0015-12-09 18:15:00,15,12,9,18,15,300,331,,44.13443,4.60484,Nuit avec éclairage allumé,Hors agglomération,Hors intersection,Normale,Deux véhicules - frontale,,,,,,,,,,,5,1,1,1,1
201500019719,0015-01-11 07:15:00,15,1,11,7,15,410,294,02 avenue des rondaizes,47.81,0.993,Crépuscule ou aube,En agglomération,Hors intersection,Normale,Deux véhicules - frontale,,,,,,,,,,,2,2,1,1,1
201500019720,0015-02-25 15:45:00,15,2,25,15,45,410,278,,47.652,0.953,Plein jour,Hors agglomération,Hors intersection,Temps couvert,Deux véhicules - côté,,,,,,,,,,,1,1,1,8,3
201500019721,0015-04-08 12:30:00,15,4,8,12,30,410,149,55 rue villeneuve,47.752,0.874,Plein jour,En agglomération,Hors intersection,Normale,Autre collision,,,,,,,,,,,1,2,1,1,6
201500019722,0015-04-29 10:45:00,15,4,29,10,45,410,199,,47.7,1.002,Plein jour,Hors agglomération,Hors intersection,Normale,Deux véhicules - côté,,,,,,,,,,,1,1,1,1,3
201500019723,0015-05-15 21:45:00,15,5,15,21,45,410,265,,47.791,0.788,Nuit sans éclairage public,Hors agglomération,Hors intersection,Normale,Sans collision,,,,,,,,,,,3,1,1,1,7
201500019724,0015-05-21 17:15:00,15,5,21,17,15,410,78,,47.901,0.922,Plein jour,Hors agglomération,Hors intersection,Normale,Deux véhicules - côté,,,,,,,,,,,1,1,1,1,3
201500019725,0015-08-01 11:45:00,15,8,1,11,45,410,149,,47.77076,0.83142,Plein jour,Hors agglomération,Hors intersection,Temps éblouissant,Sans collision,,,,,,,,,,,1,1,1,7,7
201500019726,0015-10-21 08:45:00,15,10,21,8,45,410,238,,47.86567,0.85485,Crépuscule ou aube,Hors agglomération,Hors intersection,Normale,Autre collision,,,,,,,,,,,2,1,1,1,6
201500019727,0015-11-06 22:45:00,15,11,6,22,45,410,225,RUE Saint Etienne,47.72453,0.82323,Nuit sans éclairage public,En agglomération,Hors intersection,Normale,Autre collision,,,,,,,,,,,3,2,1,1,6
201500019728,0015-11-15 14:30:00,15,11,15,14,30,410,113,,47.74202,0.89742,Plein jour,Hors agglomération,Hors intersection,Normale,Deux véhicules - frontale,,,,,,,,,,,1,1,1,1,1
201500019729,0015-12-20 08:30:00,15,12,20,8,30,410,87,,47.81478,0.86142,Crépuscule ou aube,Hors agglomération,Hors intersection,Normale,Autre collision,,,,,,,,,,,2,1,1,1,6
201500019730,0015-03-28 13:30:00,15,3,28,13,30,770,436,D66 X D55 (LA VANNE),48.80188,3.21134,Plein jour,En agglomération,Intersection en X,Temps couvert,Deux véhicules - côté,,,,,,,,,,,1,2,2,8,3
201500019731,0015-06-04 18:15:00,15,6,4,18,15,770,182,D934,,,Plein jour,En agglomération,Hors intersection,Normale,Deux véhicules - côté,,,,,,,,,,,1,2,1,1,3
201500019732,0015-06-15 10:45:00,15,6,15,10,45,770,97,,,,Plein jour,Hors agglomération,Hors intersection,Normale,Sans collision,,,,,,,,,,,1,1,1,1,7
201500019733,0015-06-30 17:00:00,15,6,30,17,0,770,314,,,,Plein jour,Hors agglomération,Hors intersection,Normale,Sans collision,,,,,,,,,,,1,1,1,1,7
201500019734,0015-09-03 06:45:00,15,9,3,6,45,770,314,,,,Crépuscule ou aube,Hors agglomération,Hors intersection,Normale,Sans collision,,,,,,,,,,,2,1,1,1,7
201500019735,0015-09-17 08:15:00,15,9,17,8,15,770,240,,,,Plein jour,Hors agglomération,Hors intersection,Pluie légère,Autre collision,,,,,,,,,,,1,1,1,2,6
201500019736,0015-10-05 16:45:00,15,10,5,16,45,770,398,,,,Plein jour,Hors agglomération,Intersection en X,Pluie forte,Deux véhicules - côté,,,,,,,,,,,1,1,2,3,3
201500019737,0015-10-06 12:00:00,15,10,6,12,0,770,287,RUE DU VEZIER,48.78935,3.43011,Plein jour,En agglomération,Hors intersection,Normale,Autre collision,,,,,,,,,,,1,2,1,1,6
201500019738,0015-02-03 13:30:00,15,2,3,13,30,620,172,,50.19328,2.81825,Plein jour,Hors agglomération,Hors intersection,Normale,Autre collision,,,,,,,,,,,1,1,1,1,6
201500019739,0015-03-21 11:45:00,15,3,21,11,45,620,151,place du 08 mai,50.21,2.78156,Plein jour,En agglomération,Intersection en X,Normale,Deux véhicules - côté,,,,,,,,,,,1,2,2,1,3
201500019740,0015-08-16 01:00:00,15,8,16,1,0,620,559,,50.20463,3.11118,Nuit sans éclairage public,Hors agglomération,Hors intersection,Normale,Autre collision,,,,,,,,,,,3,1,1,1,6
201500019741,0015-09-04 12:45:00,15,9,4,12,45,620,259,10 rue du moulin,50.19778,2.87854,Plein jour,En agglomération,Hors intersection,Normale,Sans collision,,,,,,,,,,,1,2,1,1,7
201500019742,0015-01-18 00:01:00,15,1,18,0,1,620,579,,50.18237,2.66696,Nuit sans éclairage public,Hors agglomération,Hors intersection,Normale,Autre collision,,,,,,,,,,,3,1,1,1,6
201500019743,0015-09-06 13:45:00,15,9,6,13,45,620,272,rue d'Ayette,50.17481,2.72395,Plein jour,En agglomération,Hors intersection,Normale,Deux véhicules - frontale,,,,,,,,,,,1,2,1,1,1
201500019744,0015-04-01 10:30:00,15,4,1,10,30,620,195,,50.60458,2.58725,Crépuscule ou aube,Hors agglomération,Hors intersection,Temps couvert,Autre collision,,,,,,,,,,,2,1,1,8,6
201500019745,0015-06-19 01:15:00,15,6,19,1,15,620,176,rue Saint Roch,50.49935,1.70559,Nuit sans éclairage public,En agglomération,Hors intersection,Normale,Autre collision,,,,,,,,,,,3,2,1,1,6
201500019746,0015-10-11 16:30:00,15,10,11,16,30,620,447,Rue d'Arras,50.37414,2.04005,Plein jour,En agglomération,Hors intersection,Normale,Autre collision,,,,,,,,,,,1,2,1,1,6
201500019747,0015-11-14 22:45:00,15,11,14,22,45,620,783,rue du haut,50.34904,1.84953,Nuit sans éclairage public,En agglomération,Hors intersection,Pluie légère,Deux véhicules - côté,,,,,,,,,,,3,2,1,2,3
201500019748,0015-04-23 21:45:00,15,4,23,21,45,620,553,,50.46627,2.40318,Crépuscule ou aube,Hors agglomération,Hors intersection,Normale,Autre collision,,,,,,,,,,,2,1,1,1,6
201500019749,0015-06-12 17:15:00,15,6,12,17,15,620,416,,50.33499,2.31452,Plein jour,En agglomération,Hors intersection,Normale,Autre collision,,,,,,,,,,,1,2,1,1,6
201500019750,0015-08-02 06:00:00,15,8,2,6,0,620,835,Rue de ST POL,50.4462,2.37905,Crépuscule ou aube,En agglomération,Hors intersection,Normale,Autre collision,,,,,,,,,,,2,2,1,1,6
201500019751,0015-08-11 12:45:00,15,8,11,12,45,620,767,85 RUE DE CANTERAINE,50.37397,2.33266,Plein jour,En agglomération,Hors intersection,Normale,Autre collision,,,,,,,,,,,1,2,1,1,6
201500019752,0015-09-30 12:30:00,15,9,30,12,30,620,719,,50.40278,2.12824,Plein jour,En agglomération,Intersection en X,Normale,Deux véhicules - côté,,,,,,,,,,,1,2,2,1,3
201500019753,0015-11-05 08:30:00,15,11,5,8,30,620,647,,50.3788,2.09937,Plein jour,Hors agglomération,Hors intersection,Normale,Deux véhicules - frontale,,,,,,,,,,,1,1,1,1,1
201500019754,0015-11-23 16:30:00,15,11,23,16,30,620,580,,50.40301,2.43915,Plein jour,Hors agglomération,Hors intersection,Normale,Autre collision,,,,,,,,,,,1,1,1,1,6
201500019755,0015-01-06 15:15:00,15,1,6,15,15,440,187,,47.19274,-2.02382,Plein jour,Hors agglomération,Hors intersection,Pluie légère,Autre collision,,,,,,,,,,,1,1,1,2,6
201500019756,0015-01-17 08:00:00,15,1,17,8,0,440,21,,47.0575,-1.97426,Crépuscule ou aube,Hors agglomération,Hors intersection,Normale,Deux véhicules - frontale,,,,,,,,,,,2,1,1,1,1
201500019757,0015-01-23 14:45:00,15,1,23,14,45,440,133,,47.12608,-1.76246,Plein jour,Hors agglomération,Hors intersection,Normale,Deux véhicules - frontale,,,,,,,,,,,1,1,1,1,1
201500019758,0015-03-23 11:45:00,15,3,23,11,45,440,154,,47.21792,-2.1513,Plein jour,Hors agglomération,Hors intersection,Normale,Deux véhicules - arrière,,,,,,,,,,,1,1,1,1,2
201500019759,0015-08-05 11:15:00,15,8,5,11,15,440,187,le chatelier,47.19874,-2.03343,Plein jour,Hors agglomération,Intersection en T,Normale,Deux véhicules - arrière,,,,,,,,,,,1,1,3,1,2
201500019760,0015-08-26 10:00:00,15,8,26,10,0,440,38,RD5 rue d'ARTHON,47.15027,-1.98466,Plein jour,En agglomération,Hors intersection,Normale,Deux véhicules - frontale,,,,,,,,,,,1,2,1,1,1
201500019761,0015-01-07 21:10:00,15,1,7,21,10,370,226,,,,Nuit sans éclairage public,En agglomération,Hors intersection,Temps couvert,Sans collision,,,,,,,,,,,3,2,1,8,7
201500019762,0015-01-13 11:00:00,15,1,13,11,0,370,154,ALLEE DES PINS,,,Plein jour,Hors agglomération,Intersection en T,Pluie légère,Deux véhicules - côté,,,,,,,,,,,1,1,3,2,3
201500019763,0015-01-14 14:15:00,15,1,14,14,15,370,216,,,,Plein jour,Hors agglomération,Hors intersection,Normale,Deux véhicules - arrière,,,,,,,,,,,1,1,1,1,2
201500019764,0015-01-20 18:45:00,15,1,20,18,45,370,261,,,,Nuit avec éclairage allumé,Hors agglomération,Hors intersection,Normale,Deux véhicules - frontale,,,,,,,,,,,5,1,1,1,1
201500019765,0015-02-04 12:45:00,15,2,4,12,45,370,83,Rue nationale,,,Plein jour,En agglomération,Hors intersection,Normale,Autre collision,,,,,,,,,,,1,2,1,1,6
201500019766,0015-02-06 07:15:00,15,2,6,7,15,370,192,,,,Nuit sans éclairage public,Hors agglomération,Hors intersection,Normale,Deux véhicules - côté,,,,,,,,,,,3,1,1,1,3
201500019767,0015-03-07 14:45:00,15,3,7,14,45,370,154,RUE DES EPINETTES,,,Plein jour,En agglomération,Hors intersection,Normale,Deux véhicules - arrière,,,,,,,,,,,1,2,1,1,2
201500019768,0015-05-14 03:40:00,15,5,14,3,40,370,208,SORTIE 22,,,Nuit avec éclairage allumé,Hors agglomération,Hors intersection,Normale,Autre collision,,,,,,,,,,,5,1,1,1,6
201500019769,0015-06-28 22:30:00,15,6,28,22,30,370,216,,,,Nuit sans éclairage public,Hors agglomération,Hors intersection,Normale,Autre collision,,,,,,,,,,,3,1,1,1,6
201500019770,0015-07-09 15:30:00,15,7,9,15,30,370,228,,,,Plein jour,Hors agglomération,Hors intersection,Normale,Sans collision,,,,,,,,,,,1,1,1,1,7
201500019771,0015-08-14 15:00:00,15,8,14,15,0,370,278,,,,Plein jour,Hors agglomération,Hors intersection,Normale,Trois véhicules et plus - en chaîne,,,,,,,,,,,1,1,1,1,4
201500019772,0015-08-16 12:30:00,15,8,16,12,30,370,272,,,,Plein jour,Hors agglomération,Hors intersection,Normale,Autre collision,,,,,,,,,,,1,1,1,1,6
201500019773,0015-08-30 19:15:00,15,8,30,19,15,370,50,,,,Plein jour,Hors agglomération,Hors intersection,Normale,Autre collision,,,,,,,,,,,1,1,1,1,6
201500019774,0015-11-03 17:30:00,15,11,3,17,30,370,226,,,,Crépuscule ou aube,Hors agglomération,Hors intersection,Temps couvert,Autre collision,,,,,,,,,,,2,1,1,8,6
201500019775,0015-11-13 19:00:00,15,11,13,19,0,370,278,,,,Nuit sans éclairage public,Hors agglomération,Hors intersection,Normale,Trois véhicules et plus - collisions multiples,,,,,,,,,,,3,1,1,1,5
201500019776,0015-11-23 09:00:00,15,11,23,9,0,370,272,,,,Plein jour,Hors agglomération,Hors intersection,Brouillard / fumée,Autre collision,,,,,,,,,,,1,1,1,5,6
201500019777,0015-02-14 15:15:00,15,2,14,15,15,210,310,,47.32533,4.59044,Plein jour,Hors agglomération,Hors intersection,Pluie forte,Deux véhicules - frontale,,,,,,,,,,,1,1,1,3,1
201500019778,0015-05-03 17:15:00,15,5,3,17,15,210,81,,47.36772,4.77506,Plein jour,Hors agglomération,Intersection en X,Pluie légère,Deux véhicules - frontale,,,,,,,,,,,1,1,2,2,1
201500019779,0015-06-11 10:15:00,15,6,11,10,15,210,661,Rue des trois ponts,47.31846,4.91035,Plein jour,En agglomération,Hors intersection,Normale,Deux véhicules - côté,,,,,,,,,,,1,2,1,1,3
201500019780,0015-09-15 13:15:00,15,9,15,13,15,210,223,,47.35291,4.98347,Plein jour,Hors agglomération,Intersection en X,Normale,Deux véhicules - côté,,,,,,,,,,,1,1,2,1,3
201500019781,0015-01-05 13:30:00,15,1,5,13,30,830,130,,43.175,6.059,Plein jour,Hors agglomération,Intersection en X,Normale,Deux véhicules - côté,,,,,,,,,,,1,1,2,1,3
201500019782,0015-01-30 14:30:00,15,1,30,14,30,830,54,,43.15398,6.04118,Plein jour,Hors agglomération,Hors intersection,Normale,Trois véhicules et plus - en chaîne,,,,,,,,,,,1,1,1,1,4
201500019783,0015-03-01 09:15:00,15,3,1,9,15,830,130,1060 Av des Senes,43.193,6.026,Plein jour,Hors agglomération,Hors intersection,Normale,Deux véhicules - frontale,,,,,,,,,,,1,1,1,1,1
201500019784,0015-06-20 12:15:00,15,6,20,12,15,830,54,,,,Plein jour,Hors agglomération,Hors intersection,Normale,Deux véhicules - côté,,,,,,,,,,,1,1,1,1,3
201500019785,0015-07-04 04:00:00,15,7,4,4,0,830,54,618 RN 97,43.15786,6.04048,Nuit avec éclairage allumé,En agglomération,Hors intersection,Normale,Autre collision,,,,,,,,,,,5,2,1,1,6
201500019786,0015-08-08 18:15:00,15,8,8,18,15,830,54,rue saint lazare,,,Plein jour,En agglomération,Hors intersection,Normale,Deux véhicules - côté,,,,,,,,,,,1,2,1,1,3
201500019787,0015-08-09 11:30:00,15,8,9,11,30,830,130,RP de l'enclos,,,Plein jour,En agglomération,Giratoire,Normale,Deux véhicules - côté,,,,,,,,,,,1,2,6,1,3
201500019788,0015-09-11 12:15:00,15,9,11,12,15,830,130,Ave Général MAGNAN,43.1941,6.04205,Plein jour,En agglomération,Giratoire,Normale,Deux véhicules - côté,,,,,,,,,,,1,2,6,1,3
201500019789,0015-10-18 01:45:00,15,10,18,1,45,830,131,,,,Nuit avec éclairage allumé,En agglomération,Hors intersection,Normale,Deux véhicules - frontale,,,,,,,,,,,5,2,1,1,1
201500019790,0015-11-08 18:30:00,15,11,8,18,30,830,54,382 Rue Jean Aicard,43.169,6.038,Nuit avec éclairage allumé,En agglomération,Hors intersection,Normale,Sans collision,,,,,,,,,,,5,2,1,1,7
201500019791,0015-11-18 13:00:00,15,11,18,13,0,830,131,RD 554,,,Plein jour,En agglomération,Hors intersection,Normale,Autre collision,,,,,,,,,,,1,2,1,1,6
201500019792,0015-11-21 19:55:00,15,11,21,19,55,830,54,,43.15399,6.04118,Nuit avec éclairage allumé,Hors agglomération,Hors intersection,Normale,Deux véhicules - frontale,,,,,,,,,,,5,1,1,1,1
201500019793,0015-06-23 16:00:00,15,6,23,16,0,870,202,CARREFOUR MONUMENT MORTS,45.8964,1.10581,Plein jour,En agglomération,Intersection en X,Normale,Deux véhicules - côté,,,,,,,,,,,1,2,2,1,3
201500019794,0015-03-06 06:00:00,15,3,6,6,0,202,9,,,,Crépuscule ou aube,Hors agglomération,Hors intersection,Vent fort / tempête,Autre collision,,,,,,,,,,,2,1,1,6,6
201500019795,0015-05-07 16:00:00,15,5,7,16,0,202,9,CARREFOUR RN 198 RN 200,,,Plein jour,En agglomération,Hors intersection,Normale,Deux véhicules - côté,,,,,,,,,,,1,2,1,1,3
201500019796,0015-06-13 05:15:00,15,6,13,5,15,202,143,,,,Crépuscule ou aube,Hors agglomération,Hors intersection,Normale,Autre collision,,,,,,,,,,,2,1,1,1,6
201500019797,0015-07-28 07:45:00,15,7,28,7,45,202,9,,,,Plein jour,Hors agglomération,Intersection en T,Normale,Deux véhicules - côté,,,,,,,,,,,1,1,3,1,3
201500019798,0015-08-27 16:00:00,15,8,27,16,0,202,320,,42.153,9.493,Plein jour,Hors agglomération,Hors intersection,Normale,Sans collision,,,,,,,,,,,1,1,1,1,7
201500019799,0015-09-05 12:45:00,15,9,5,12,45,202,124,,,,Plein jour,Hors agglomération,Hors intersection,Normale,Sans collision,,,,,,,,,,,1,1,1,1,7
201500019800,0015-09-23 10:30:00,15,9,23,10,30,202,143,,,,Plein jour,Hors agglomération,Hors intersection,Normale,Deux véhicules - frontale,,,,,,,,,,,1,1,1,1,1
201500019801,0015-12-03 18:00:00,15,12,3,18,0,202,9,Carrefour RT 10 - RT 50,,,Nuit avec éclairage allumé,En agglomération,Hors intersection,Normale,Deux véhicules - côté,,,,,,,,,,,5,2,1,1,3
201500019802,0015-02-15 17:00:00,15,2,15,17,0,470,244,BELLEVUE,44.3836,0.16524,Plein jour,Hors agglomération,Hors intersection,Normale,Sans collision,,,,,,,,,,,1,1,1,1,7