accident_id,datetime,annee,mois,jour,heure,minute,departement,commune_insee,adresse,latitude,longitude,luminosite,agglomeration,intersection,meteo,collision,nb_vehicules,nb_usagers,nb_indemnes,nb_tues,nb_blesses_hosp,nb_blesses_legers,age_cond_1,age_cond_2,veh_type_cond_1,veh_type_cond_2,lum_code,agg_code,int_code,atm_code,col_code
201500020065,0015-05-17 18:00:00,15,5,17,18,0,830,19,avenue lou mistraou,,,Plein jour,En agglomération,Hors intersection,Normale,Autre collision,,,,,,,,,,,1,2,1,1,6
201500020066,0015-05-29 21:15:00,15,5,29,21,15,830,19,,,,Nuit avec éclairage allumé,Hors agglomération,Hors intersection,Normale,Trois véhicules et plus - collisions multiples,,,,,,,,,,,5,1,1,1,5
201500020067,0015-06-11 18:15:00,15,6,11,18,15,830,19,bvd de la plage,43.12451,6.35715,Plein jour,En agglomération,Intersection en X,Normale,Deux véhicules - côté,,,,,,,,,,,1,2,2,1,3
201500020068,0015-06-16 18:30:00,15,6,16,18,30,830,19,,,,Plein jour,Hors agglomération,Hors intersection,Temps couvert,Sans collision,,,,,,,,,,,1,1,1,8,7
201500020069,0015-06-15 08:15:00,15,6,15,8,15,830,19,chemin des renoncules,43.15024,6.31217,Plein jour,En agglomération,Hors intersection,Normale,Deux véhicules - côté,,,,,,,,,,,1,2,1,1,3
201500020070,0015-07-07 14:30:00,15,7,7,14,30,830,19,boulevard du port,43.12265,6.36252,Plein jour,En agglomération,Hors intersection,Normale,Autre collision,,,,,,,,,,,1,2,1,1,6
201500020071,0015-07-07 20:15:00,15,7,7,20,15,830,70,,43.17351,6.44586,Crépuscule ou aube,Hors agglomération,Hors intersection,Normale,Deux véhicules - frontale,,,,,,,,,,,2,1,1,1,1
201500020072,0015-07-15 17:45:00,15,7,15,17,45,830,70,,43.15151,6.42477,Plein jour,Hors agglomération,Hors intersection,Normale,Trois véhicules et plus - collisions multiples,,,,,,,,,,,1,1,1,1,5
201500020073,0015-07-19 17:00:00,15,7,19,17,0,830,70,,43.14521,6.38752,Plein jour,Hors agglomération,Hors intersection,Normale,Deux véhicules - frontale,,,,,,,,,,,1,1,1,1,1
201500020074,0015-07-24 18:15:00,15,7,24,18,15,830,70,quai baptistin pin,43.13811,6.37288,Plein jour,En agglomération,Hors intersection,Normale,Deux véhicules - côté,,,,,,,,,,,1,2,1,1,3
201500020075,0015-08-03 12:15:00,15,8,3,12,15,830,19,,,,Plein jour,Hors agglomération,Hors intersection,Normale,Sans collision,,,,,,,,,,,1,1,1,1,7
201500020076,0015-08-12 10:45:00,15,8,12,10,45,830,19,,,,Plein jour,Hors agglomération,Hors intersection,Normale,Deux véhicules - côté,,,,,,,,,,,1,1,1,1,3
201500020077,0015-08-26 16:30:00,15,8,26,16,30,830,19,,,,Plein jour,Hors agglomération,Hors intersection,Normale,Deux véhicules - côté,,,,,,,,,,,1,1,1,1,3
201500020078,0015-09-25 18:30:00,15,9,25,18,30,830,19,,,,Plein jour,Hors agglomération,Hors intersection,Normale,Deux véhicules - côté,,,,,,,,,,,1,1,1,1,3
201500020079,0015-12-25 18:00:00,15,12,25,18,0,830,19,boulevard du soleil,,,Nuit avec éclairage allumé,En agglomération,Hors intersection,Normale,Deux véhicules - frontale,,,,,,,,,,,5,2,1,1,1
201500020080,0015-06-21 16:45:00,15,6,21,16,45,600,380,5 rue julia muzard,49.13112,3.07916,Plein jour,En agglomération,Hors intersection,Normale,Autre collision,,,,,,,,,,,1,2,1,1,6
201500020081,0015-08-05 22:15:00,15,8,5,22,15,600,176,,49.24587,2.87951,Crépuscule ou aube,Hors agglomération,Hors intersection,Normale,Sans collision,,,,,,,,,,,2,1,1,1,7
201500020082,0015-08-28 14:15:00,15,8,28,14,15,600,358,,49.18578,2.89728,Plein jour,Hors agglomération,Hors intersection,Normale,Autre collision,,,,,,,,,,,1,1,1,1,6
201500020083,0015-11-05 09:00:00,15,11,5,9,0,600,430,,49.32968,2.89446,Plein jour,Hors agglomération,Hors intersection,Normale,Sans collision,,,,,,,,,,,1,1,1,1,7
201500020084,0015-11-16 14:15:00,15,11,16,14,15,600,203,,49.23239,2.86701,Plein jour,Hors agglomération,Hors intersection,Normale,Deux véhicules - frontale,,,,,,,,,,,1,1,1,1,1
201500020085,0015-12-04 17:00:00,15,12,4,17,0,600,92,,49.13599,3.01205,Nuit sans éclairage public,Hors agglomération,Hors intersection,Normale,Deux véhicules - côté,,,,,,,,,,,3,1,1,1,3
201500020086,0015-07-12 11:30:00,15,7,12,11,30,910,86,D31,48.609,2.375,Plein jour,Hors agglomération,Hors intersection,Normale,Autre collision,,,,,,,,,,,1,1,1,1,6
201500020087,0015-03-17 13:15:00,15,3,17,13,15,910,86,rue des Bordes,,,Plein jour,En agglomération,Intersection en T,Normale,Deux véhicules - frontale,,,,,,,,,,,1,2,3,1,1
201500020088,0015-03-21 16:15:00,15,3,21,16,15,910,86,D31,,,Plein jour,Hors agglomération,Giratoire,Normale,Sans collision,,,,,,,,,,,1,1,6,1,7
201500020089,0015-04-10 15:45:00,15,4,10,15,45,910,659,,,,Plein jour,Hors agglomération,Giratoire,Normale,Deux véhicules - arrière,,,,,,,,,,,1,1,6,1,2
201500020090,0015-04-20 08:30:00,15,4,20,8,30,910,648,RD 26,,,Plein jour,Hors agglomération,Autre intersection,Normale,Deux véhicules - frontale,,,,,,,,,,,1,1,9,1,1
201500020091,0015-05-14 15:30:00,15,5,14,15,30,910,649,RD 31,,,Plein jour,Hors agglomération,Hors intersection,Pluie forte,Deux véhicules - côté,,,,,,,,,,,1,1,1,3,3
201500020092,0015-08-14 18:45:00,15,8,14,18,45,910,235,rue du bois des chaqueux,,,Plein jour,En agglomération,Hors intersection,Pluie forte,Trois véhicules et plus - collisions multiples,,,,,,,,,,,1,2,1,3,5
201500020093,0015-06-07 07:30:00,15,6,7,7,30,910,648,RD 26,,,Plein jour,Hors agglomération,Hors intersection,Normale,Sans collision,,,,,,,,,,,1,1,1,1,7
201500020094,0015-03-16 08:10:00,15,3,16,8,10,190,31,"117, POMPIDOU (AVENUE GE",45.1579,1.55462,Plein jour,En agglomération,Intersection en T,Normale,Deux véhicules - frontale,,,,,,,,,,,1,2,3,1,1
201500020095,0015-01-03 05:35:00,15,1,3,5,35,190,31,"24, ILE DU ROI (RUE DE L",45.1639,1.5192,Nuit avec éclairage allumé,En agglomération,Hors intersection,Normale,Autre collision,,,,,,,,,,,5,2,1,1,6
201500020096,0015-03-22 19:25:00,15,3,22,19,25,190,31,"1, RONSARD (AVENUE)",45.1481,1.54159,Crépuscule ou aube,En agglomération,Intersection en T,Normale,Deux véhicules - côté,,,,,,,,,,,2,2,3,1,3
201500020097,0015-01-03 18:20:00,15,1,3,18,20,190,31,"39, GRIVEL (BOULEVARD AM",45.1567,1.54027,Nuit avec éclairage allumé,En agglomération,Hors intersection,Pluie légère,Autre collision,,,,,,,,,,,5,2,1,2,6
201500020098,0015-01-05 18:25:00,15,1,5,18,25,190,31,TAURISSON (RUE LOUIS),45.1433,1.48307,Nuit sans éclairage public,En agglomération,Hors intersection,Normale,Autre collision,,,,,,,,,,,3,2,1,1,6
201500020099,0015-03-26 07:45:00,15,3,26,7,45,190,31,"2, DE JOUVENEL (BOULEVAR",45.1586,1.52354,Plein jour,En agglomération,Hors intersection,Normale,Autre collision,,,,,,,,,,,1,2,1,1,6
201500020100,0015-03-26 18:15:00,15,3,26,18,15,190,31,"47, PARIS (AVENUE DE)",45.1632,1.53245,Plein jour,En agglomération,Hors intersection,Pluie légère,Autre collision,,,,,,,,,,,1,2,1,2,6
201500020101,0015-01-08 18:30:00,15,1,8,18,30,190,31,"44, ALSACE LORRAINE (AVE",45.1551,1.53754,Nuit avec éclairage allumé,En agglomération,Hors intersection,Pluie légère,Deux véhicules - arrière,,,,,,,,,,,5,2,1,2,2
201500020102,0015-01-09 21:55:00,15,1,9,21,55,190,31,BOURZAT (AVENUE),45.1556,1.52807,Nuit avec éclairage allumé,En agglomération,Hors intersection,Pluie forte,Autre collision,,,,,,,,,,,5,2,1,3,6
201500020103,0015-03-30 08:35:00,15,3,30,8,35,190,31,"00, CHAUMEIL (RUE PIERRE",45.1551,1.49945,Plein jour,En agglomération,Intersection en T,Pluie légère,Autre collision,,,,,,,,,,,1,2,3,2,6
201500020104,0015-03-31 18:05:00,15,3,31,18,5,190,31,"10, MAILLARD (AVENUE)",45.1656,1.53824,Plein jour,En agglomération,Hors intersection,Normale,Deux véhicules - arrière,,,,,,,,,,,1,2,1,1,2
201500020105,0015-01-14 14:05:00,15,1,14,14,5,190,31,DELMAS (RUE COLONEL JEAN,45.1546,1.53458,Plein jour,En agglomération,Hors intersection,Normale,Autre collision,,,,,,,,,,,1,2,1,1,6
201500020106,0015-01-16 15:00:00,15,1,16,15,0,190,31,"73, ALSACE LORRAINE (AVE",45.153,1.53954,Plein jour,En agglomération,Hors intersection,Pluie légère,Deux véhicules - arrière,,,,,,,,,,,1,2,1,2,2
201500020107,0015-04-10 08:00:00,15,4,10,8,0,190,31,"00, BOUDY (RUE NOEL)  A",45.1575,1.51642,Plein jour,En agglomération,Hors intersection,Normale,Autre collision,,,,,,,,,,,1,2,1,1,6
201500020108,0015-01-19 14:30:00,15,1,19,14,30,190,31,BRUNE (BOULEVARD),45.1536,1.53671,Plein jour,En agglomération,Hors intersection,Normale,Autre collision,,,,,,,,,,,1,2,1,1,6
201500020109,0015-04-10 17:05:00,15,4,10,17,5,190,31,"3, QUINZE AOUT 1944 (COU",45.1611,1.53067,Plein jour,En agglomération,Hors intersection,Normale,Autre collision,,,,,,,,,,,1,2,1,1,6
201500020110,0015-01-20 17:35:00,15,1,20,17,35,190,31,VAUJOUR (RUE COLONEL),45.1595,1.50017,Plein jour,En agglomération,Intersection en T,Normale,Deux véhicules - côté,,,,,,,,,,,1,2,3,1,3
201500020111,0015-04-11 14:40:00,15,4,11,14,40,190,31,"63, SEMARD (AVENUE PIERR",45.1559,1.51815,Plein jour,En agglomération,Hors intersection,Normale,Trois véhicules et plus - en chaîne,,,,,,,,,,,1,2,1,1,4
201500020112,0015-04-16 15:50:00,15,4,16,15,50,190,31,"77, FOCH (AVENUE MARECHA",45.1637,1.53989,Plein jour,En agglomération,Hors intersection,Normale,Deux véhicules - arrière,,,,,,,,,,,1,2,1,1,2
201500020113,0015-01-24 19:10:00,15,1,24,19,10,190,31,MOULIN (BOULEVARD JEAN),45.163,1.49954,Nuit sans éclairage public,Hors agglomération,Hors intersection,Normale,Sans collision,,,,,,,,,,,3,1,1,1,7
201500020114,0015-01-24 20:15:00,15,1,24,20,15,190,31,JUIN (RUE MARECHAL),45.167,1.51197,Nuit avec éclairage allumé,En agglomération,Hors intersection,Normale,Sans collision,,,,,,,,,,,5,2,1,1,7
201500020115,0015-04-21 21:10:00,15,4,21,21,10,190,31,"1, BLANC (BOULEVARD LOUI",45.1553,1.52713,Nuit avec éclairage allumé,En agglomération,Hors intersection,Normale,Autre collision,,,,,,,,,,,5,2,1,1,6
201500020116,0015-05-05 21:30:00,15,5,5,21,30,190,31,"52, QUINTEL (RUE GERMAIN",45.1465,1.51587,Nuit avec éclairage allumé,En agglomération,Hors intersection,Normale,Autre collision,,,,,,,,,,,5,2,1,1,6
201500020117,0015-02-18 13:55:00,15,2,18,13,55,190,31,DUBOUSQUET LABORDERIE (R,45.1623,1.53116,Plein jour,En agglomération,Intersection en T,Normale,Deux véhicules - côté,,,,,,,,,,,1,2,3,1,3
201500020118,0015-05-06 21:15:00,15,5,6,21,15,190,31,"104, COMBE (BOULEVARD RO",45.1692,1.50064,Nuit avec éclairage allumé,En agglomération,Hors intersection,Normale,Autre collision,,,,,,,,,,,5,2,1,1,6
201500020119,0015-02-20 21:05:00,15,2,20,21,5,190,31,VEZERE (ROND POINT DE LA,45.1466,1.48251,Plein jour,En agglomération,Hors intersection,Normale,Autre collision,,,,,,,,,,,1,2,1,1,6
201500020120,0015-02-27 06:00:00,15,2,27,6,0,190,31,"10, CHAPELLE (RUE HENRI)",45.1682,1.51218,Crépuscule ou aube,En agglomération,Intersection en T,Normale,Sans collision,,,,,,,,,,,2,2,3,1,7
201500020121,0015-05-13 12:30:00,15,5,13,12,30,190,31,"01, VERLHAC (BOULEVARD D",45.1682,1.53703,Plein jour,En agglomération,Hors intersection,Normale,Deux véhicules - frontale,,,,,,,,,,,1,2,1,1,1
201500020122,0015-05-13 16:05:00,15,5,13,16,5,190,31,"1, CARIVEN (CARREFOUR)",45.1651,1.532,Plein jour,En agglomération,Giratoire,Normale,Deux véhicules - côté,,,,,,,,,,,1,2,6,1,3
201500020123,0015-02-28 09:45:00,15,2,28,9,45,190,31,"24, TOURNY (QUAI)",45.1634,1.53564,Plein jour,En agglomération,Hors intersection,Normale,Autre collision,,,,,,,,,,,1,2,1,1,6
201500020124,0015-05-16 08:45:00,15,5,16,8,45,190,31,"1, BIZAC (CARREFOUR RENE",45.1607,1.53488,Plein jour,En agglomération,Intersection en X,Normale,Deux véhicules - côté,,,,,,,,,,,1,2,2,1,3
201500020125,0015-03-06 17:25:00,15,3,6,17,25,190,31,"00, MARSALES (RUE JEAN)",45.1532,1.50486,Plein jour,En agglomération,Hors intersection,Normale,Deux véhicules - arrière,,,,,,,,,,,1,2,1,1,2
201500020126,0015-05-19 20:30:00,15,5,19,20,30,190,31,"3, ONZE NOVEMBRE 1918 (A",45.1608,1.53568,Plein jour,En agglomération,Hors intersection,Normale,Deux véhicules - côté,,,,,,,,,,,1,2,1,1,3
201500020127,0015-03-06 21:55:00,15,3,6,21,55,190,31,"02, FERRIER (RUE)",45.1644,1.53678,Nuit avec éclairage allumé,En agglomération,Hors intersection,Normale,Autre collision,,,,,,,,,,,5,2,1,1,6
201500020128,0015-03-11 15:50:00,15,3,11,15,50,190,31,"55, SEMARD AVENUE PIERRE",45.1544,1.51225,Plein jour,En agglomération,Intersection en X,Normale,Deux véhicules - côté,,,,,,,,,,,1,2,2,1,3
201500020129,0015-05-21 02:30:00,15,5,21,2,30,190,31,"140, QUEUILLE (AVENUE HE",45.1775,1.52764,Nuit avec éclairage allumé,En agglomération,Hors intersection,Normale,Sans collision,,,,,,,,,,,5,2,1,1,7
201500020130,0015-05-24 00:15:00,15,5,24,0,15,190,31,"37, BRUNE (BOULEVARD)",45.1535,1.53676,Nuit avec éclairage allumé,En agglomération,Hors intersection,Normale,Autre collision,,,,,,,,,,,5,2,1,1,6
201500020131,0015-05-27 16:50:00,15,5,27,16,50,190,31,"29, RIVET (AVENUE JEAN C",45.1501,1.49623,Plein jour,En agglomération,Hors intersection,Normale,Deux véhicules - arrière,,,,,,,,,,,1,2,1,1,2
201500020132,0015-05-28 18:00:00,15,5,28,18,0,190,31,"95, ROUSSEAU (AVENUE JEA",45.1492,1.51203,Plein jour,En agglomération,Hors intersection,Normale,Trois véhicules et plus - en chaîne,,,,,,,,,,,1,2,1,1,4
201500020133,0015-06-01 12:15:00,15,6,1,12,15,190,31,"5, BRAMEFOND (CHEMIN)",45.1483,1.52815,Plein jour,Hors agglomération,Hors intersection,Normale,Deux véhicules - frontale,,,,,,,,,,,1,1,1,1,1
201500020134,0015-06-04 09:30:00,15,6,4,9,30,190,31,CLEMENCEAU (BOULEVARD),45.1536,1.5315,Plein jour,En agglomération,Intersection en X,Normale,Autre collision,,,,,,,,,,,1,2,2,1,6
201500020135,0015-06-04 11:00:00,15,6,4,11,0,190,31,PASTEUR (AVENUE),45.1688,1.53114,Plein jour,En agglomération,Intersection en T,Normale,Deux véhicules - côté,,,,,,,,,,,1,2,3,1,3
201500020136,0015-06-05 18:25:00,15,6,5,18,25,190,31,"12, DIX HUIT JUIN 1940",45.158,1.49397,Plein jour,En agglomération,Hors intersection,Normale,Trois véhicules et plus - en chaîne,,,,,,,,,,,1,2,1,1,4
201500020137,0015-06-06 04:15:00,15,6,6,4,15,190,31,"72, ILE DU ROI (RUE DE L",45.1622,1.51517,Nuit avec éclairage allumé,En agglomération,Hors intersection,Normale,Autre collision,,,,,,,,,,,5,2,1,1,6
201500020138,0015-06-08 16:15:00,15,6,8,16,15,190,31,"73, ALSACE LORRAINE (AVE",45.153,1.53945,Plein jour,En agglomération,Hors intersection,Normale,Trois véhicules et plus - en chaîne,,,,,,,,,,,1,2,1,1,4
201500020139,0015-06-11 16:30:00,15,6,11,16,30,190,31,"61, PARIS (AVENUE DE)",45.1638,1.53205,Plein jour,En agglomération,Hors intersection,Normale,Deux véhicules - arrière,,,,,,,,,,,1,2,1,1,2
201500020140,0015-06-13 17:55:00,15,6,13,17,55,190,31,"00, CARIVEN (CARREFOUR)",45.1652,1.53123,Plein jour,En agglomération,Intersection en X,Normale,Deux véhicules - côté,,,,,,,,,,,1,2,2,1,3
201500020141,0015-06-15 00:05:00,15,6,15,0,5,190,31,"20, RIBOT (AVENUE)",45.1651,1.51769,Nuit avec éclairage allumé,En agglomération,Hors intersection,Normale,Sans collision,,,,,,,,,,,5,2,1,1,7
201500020142,0015-06-16 18:45:00,15,6,16,18,45,190,31,"00, DUBOIS (BOULEVARD CA",45.1631,1.54056,Plein jour,En agglomération,Autre intersection,Normale,Deux véhicules - arrière,,,,,,,,,,,1,2,9,1,2
201500020143,0015-06-17 12:15:00,15,6,17,12,15,190,31,"02, DE JOUVENEL (BOULEVA",45.1581,1.52365,Plein jour,En agglomération,Autre intersection,Normale,Autre collision,,,,,,,,,,,1,2,9,1,6
201500020144,0015-06-24 12:45:00,15,6,24,12,45,190,31,"6, MARSALES (RUE JEAN)",45.1538,1.50475,Plein jour,En agglomération,Intersection en X,Normale,Deux véhicules - côté,,,,,,,,,,,1,2,2,1,3
201500020145,0015-06-26 14:10:00,15,6,26,14,10,190,31,"32B, ROOSEVELT (AVENUE D",45.1581,1.52547,Plein jour,En agglomération,Hors intersection,Normale,Deux véhicules - côté,,,,,,,,,,,1,2,1,1,3
201500020146,0015-06-29 00:45:00,15,6,29,0,45,190,31,"170, RIBOT (AVENUE)",45.1649,1.50257,Nuit avec éclairage allumé,En agglomération,Intersection en T,Normale,Deux véhicules - côté,,,,,,,,,,,5,2,3,1,3
201500020147,0015-06-29 16:35:00,15,6,29,16,35,190,31,"0, CARDINAL (PONT)",45.163,1.53245,Plein jour,En agglomération,Hors intersection,Normale,Autre collision,,,,,,,,,,,1,2,1,1,6
201500020148,0015-06-30 19:00:00,15,6,30,19,0,190,31,"07, MIGINIAC (RUE LOUIS)",45.1759,1.54592,Plein jour,En agglomération,Intersection en T,Normale,Deux véhicules - côté,,,,,,,,,,,1,2,3,1,3
201500020149,0015-07-01 08:10:00,15,7,1,8,10,190,31,"00, POUYADE (AVENUE GENE",45.1455,1.47516,Plein jour,En agglomération,Giratoire,Normale,Sans collision,,,,,,,,,,,1,2,6,1,7
201500020150,0015-07-06 13:55:00,15,7,6,13,55,190,31,"14, SAUTET (RUE HENRI)",45.1598,1.51726,Plein jour,En agglomération,Intersection en X,Normale,Deux véhicules - côté,,,,,,,,,,,1,2,2,1,3
201500020151,0015-07-08 09:10:00,15,7,8,9,10,190,31,"1, CHAMPOLLION (RUE)",45.1672,1.54234,Plein jour,En agglomération,Giratoire,Normale,Deux véhicules - arrière,,,,,,,,,,,1,2,6,1,2
201500020152,0015-07-17 08:45:00,15,7,17,8,45,190,31,"00, VERLHAC (BOULEVARD D",45.1679,1.53417,Plein jour,En agglomération,Hors intersection,Normale,Deux véhicules - côté,,,,,,,,,,,1,2,1,1,3
201500020153,0015-07-17 11:45:00,15,7,17,11,45,190,31,"02, GOUDOUX (RUE JEAN)",45.1562,1.50392,Plein jour,En agglomération,Intersection en T,Normale,Autre collision,,,,,,,,,,,1,2,3,1,6
201500020154,0015-07-19 20:20:00,15,7,19,20,20,190,31,"00, KOENIG (BOULEVARD GE",45.1594,1.53074,Plein jour,En agglomération,Hors intersection,Normale,Autre collision,,,,,,,,,,,1,2,1,1,6
201500020155,0015-07-20 14:30:00,15,7,20,14,30,190,31,"120, POMPIDOU (AVENUE GE",45.1576,1.55043,Plein jour,En agglomération,Intersection en T,Normale,Deux véhicules - côté,,,,,,,,,,,1,2,3,1,3
201500020156,0015-07-24 00:30:00,15,7,24,0,30,190,31,"25, KOENIG (BOULEVARD GE",45.1594,1.53074,Nuit avec éclairage allumé,En agglomération,Hors intersection,Normale,Sans collision,,,,,,,,,,,5,2,1,1,7
201500020157,0015-07-24 08:25:00,15,7,24,8,25,190,31,"05, RIVET (AVENUE JEAN C",45.1482,1.48898,Plein jour,En agglomération,Hors intersection,Normale,Deux véhicules - arrière,,,,,,,,,,,1,2,1,1,2
201500020158,0015-07-24 20:20:00,15,7,24,20,20,190,31,"00, DIX HUIT JUIN 1940 (",45.158,1.494,Plein jour,En agglomération,Hors intersection,Normale,Sans collision,,,,,,,,,,,1,2,1,1,7
201500020159,0015-07-31 16:00:00,15,7,31,16,0,190,31,"66, QUEUILLE (AVENUE HEN",45.1702,1.53095,Plein jour,En agglomération,Hors intersection,Normale,Autre collision,,,,,,,,,,,1,2,1,1,6
201500020160,0015-08-01 08:20:00,15,8,1,8,20,190,31,ZOLA (AVENUE EMILE),45.1557,1.52457,Plein jour,En agglomération,Intersection en X,Normale,Deux véhicules - côté,,,,,,,,,,,1,2,2,1,3
201500020161,0015-08-08 12:05:00,15,8,8,12,5,190,31,"04, QUATORZE JUILLET (AV",45.1615,1.53408,Plein jour,En agglomération,Hors intersection,Pluie légère,Deux véhicules - arrière,,,,,,,,,,,1,2,1,2,2
201500020162,0015-08-11 12:35:00,15,8,11,12,35,190,31,"17, TURENNE (RUE DE)",45.1551,1.5313,Plein jour,En agglomération,Intersection en T,Normale,Deux véhicules - côté,,,,,,,,,,,1,2,3,1,3
201500020163,0015-08-14 07:40:00,15,8,14,7,40,190,31,LES ESCROSES,45.1227,1.55458,Plein jour,Hors agglomération,Hors intersection,Pluie forte,Deux véhicules - frontale,,,,,,,,,,,1,1,1,3,1
201500020164,0015-08-23 13:55:00,15,8,23,13,55,190,31,"1, CARIVEN (CARREFOUR)",45.1651,1.53213,Plein jour,En agglomération,Giratoire,Pluie légère,Deux véhicules - arrière,,,,,,,,,,,1,2,6,2,2
201500020165,0015-08-27 15:55:00,15,8,27,15,55,190,31,"46, SEMARD (AVENUE PIERR",45.1563,1.51955,Plein jour,En agglomération,Hors intersection,Normale,Deux véhicules - côté,,,,,,,,,,,1,2,1,1,3
201500020166,0015-09-04 12:25:00,15,9,4,12,25,190,31,"00, ALVITRE (AVENUE ABBE",45.1523,1.50427,Plein jour,En agglomération,Hors intersection,Normale,Autre collision,,,,,,,,,,,1,2,1,1,6
201500020167,0015-09-07 07:55:00,15,9,7,7,55,190,31,"32, PARIS (AVENUE DE)",45.1638,1.5323,Plein jour,En agglomération,Intersection en X,Normale,Deux véhicules - frontale,,,,,,,,,,,1,2,2,1,1
201500020168,0015-09-04 19:15:00,15,9,4,19,15,190,31,"00, RIBOT (AVENUE)",45.1646,1.50277,Plein jour,En agglomération,Intersection en X,Normale,Deux véhicules - frontale,,,,,,,,,,,1,2,2,1,1
201500020169,0015-09-05 17:20:00,15,9,5,17,20,190,31,"00, MARSALES (RUE JEAN)",45.1538,1.50473,Plein jour,En agglomération,Intersection en T,Normale,Deux véhicules - côté,,,,,,,,,,,1,2,3,1,3
201500020170,0015-09-10 15:50:00,15,9,10,15,50,190,31,"25, MOULIN (BOULEVARD JE",45.1606,1.50329,Plein jour,En agglomération,Intersection en X,Normale,Deux véhicules - côté,,,,,,,,,,,1,2,2,1,3
201500020171,0015-09-11 08:45:00,15,9,11,8,45,190,31,"00, ROLLAND (RUE ROMAIN)",45.1598,1.51391,Plein jour,En agglomération,Intersection en T,Normale,Deux véhicules - côté,,,,,,,,,,,1,2,3,1,3
201500020172,0015-09-15 16:15:00,15,9,15,16,15,190,31,"02, DE JOUVENEL (BOULEVA",45.1588,1.52348,Plein jour,En agglomération,Intersection en T,Normale,Deux véhicules - côté,,,,,,,,,,,1,2,3,1,3
201500020173,0015-09-19 16:45:00,15,9,19,16,45,190,31,"3, SOURIE (RUE ARMAND)",45.145,1.47055,Plein jour,En agglomération,Hors intersection,Normale,Autre collision,,,,,,,,,,,1,2,1,1,6
201500020174,0015-09-21 09:40:00,15,9,21,9,40,190,31,"1, DELESSERT (RUE BENJAM",45.1621,1.53649,Plein jour,En agglomération,Hors intersection,Normale,Deux véhicules - arrière,,,,,,,,,,,1,2,1,1,2
201500020175,0015-09-21 13:50:00,15,9,21,13,50,190,31,"1, COURTELINE (RUE)",45.1518,1.54201,Plein jour,En agglomération,Hors intersection,Normale,Deux véhicules - côté,,,,,,,,,,,1,2,1,1,3
201500020176,0015-09-26 08:50:00,15,9,26,8,50,190,31,"102, RIBOT (AVENUE)",45.1647,1.50942,Plein jour,En agglomération,Hors intersection,Normale,Deux véhicules - arrière,,,,,,,,,,,1,2,1,1,2
201500020177,0015-09-29 16:30:00,15,9,29,16,30,190,31,"04, BESSON (RUE PROFESSE",45.1601,1.52847,Plein jour,En agglomération,Hors intersection,Normale,Autre collision,,,,,,,,,,,1,2,1,1,6
201500020178,0015-10-03 13:30:00,15,10,3,13,30,190,31,"75, SEMARD (AVENUE PIERR",45.1557,1.5171,Plein jour,En agglomération,Intersection en T,Normale,Deux véhicules - côté,,,,,,,,,,,1,2,3,1,3
201500020179,0015-10-03 17:25:00,15,10,3,17,25,190,31,"15, LAGRANGE (AVENUE LEO",45.1599,1.54573,Plein jour,En agglomération,Hors intersection,Pluie légère,Deux véhicules - arrière,,,,,,,,,,,1,2,1,2,2
201500020180,0015-10-05 08:30:00,15,10,5,8,30,190,31,"23, BRIGOULEIX (RUE MART",45.1688,1.5163,Plein jour,En agglomération,Hors intersection,Normale,Sans collision,,,,,,,,,,,1,2,1,1,7
201500020181,0015-10-05 18:50:00,15,10,5,18,50,190,31,"145, POMPIDOU (AVENUE GE",45.158,1.55578,Plein jour,En agglomération,Hors intersection,Temps éblouissant,Autre collision,,,,,,,,,,,1,2,1,7,6
201500020182,0015-10-06 11:20:00,15,10,6,11,20,190,31,"113, ROUSSEAU (AVENUE JE",45.1485,1.51008,Plein jour,En agglomération,Hors intersection,Normale,Deux véhicules - côté,,,,,,,,,,,1,2,1,1,3
201500020183,0015-10-06 16:30:00,15,10,6,16,30,190,31,"16, DIX HUIT JUIN 1940 (",45.1585,1.49487,Plein jour,En agglomération,Hors intersection,Normale,Sans collision,,,,,,,,,,,1,2,1,1,7
201500020184,0015-10-07 16:35:00,15,10,7,16,35,190,31,"40, TOULZAC (RUE JEAN BA",45.1584,1.50379,Plein jour,En agglomération,Hors intersection,Normale,Autre collision,,,,,,,,,,,1,2,1,1,6
201500020185,0015-10-11 16:25:00,15,10,11,16,25,190,31,MAILLARD (CITE),45.1665,1.54147,Plein jour,En agglomération,Hors intersection,Temps éblouissant,Deux véhicules - côté,,,,,,,,,,,1,2,1,7,3
201500020186,0015-10-13 02:35:00,15,10,13,2,35,190,31,"2, RIVET (AVENUE JEAN CH",45.1514,1.50126,Nuit avec éclairage allumé,En agglomération,Hors intersection,Normale,Autre collision,,,,,,,,,,,5,2,1,1,6
201500020187,0015-10-13 18:10:00,15,10,13,18,10,190,31,"1, BRUNE (BOULEVARD)",45.1534,1.53292,Plein jour,En agglomération,Intersection en X,Normale,Deux véhicules - côté,,,,,,,,,,,1,2,2,1,3
201500020188,0015-10-15 09:55:00,15,10,15,9,55,190,31,"95, KENNEDY (AVENUE JOHN",45.1667,1.5453,Plein jour,En agglomération,Intersection en T,Normale,Deux véhicules - arrière,,,,,,,,,,,1,2,3,1,2
201500020189,0015-10-17 19:30:00,15,10,17,19,30,190,31,"00, RIVET (AVENUE JEAN C",45.1506,1.49818,Nuit avec éclairage allumé,En agglomération,Hors intersection,Normale,Deux véhicules - arrière,,,,,,,,,,,5,2,1,1,2
201500020190,0015-10-20 14:40:00,15,10,20,14,40,190,31,"00, FOCH (AVENUE MARECHA",45.1632,1.53755,Plein jour,En agglomération,Intersection en T,Normale,Deux véhicules - côté,,,,,,,,,,,1,2,3,1,3