accident_id,datetime,annee,mois,jour,heure,minute,departement,commune_insee,adresse,latitude,longitude,luminosite,agglomeration,intersection,meteo,collision,nb_vehicules,nb_usagers,nb_indemnes,nb_tues,nb_blesses_hosp,nb_blesses_legers,age_cond_1,age_cond_2,veh_type_cond_1,veh_type_cond_2,lum_code,agg_code,int_code,atm_code,col_code
201500020191,0015-10-21 13:30:00,15,10,21,13,30,190,31,"58, SEMARD (AVENUE PIERR",45.156,1.51843,Plein jour,En agglomération,Hors intersection,Normale,Deux véhicules - frontale,,,,,,,,,,,1,2,1,1,1
201500020192,0015-10-22 13:00:00,15,10,22,13,0,190,31,"114, ZOLA (AVENUE EMILE)",45.1533,1.51955,Plein jour,En agglomération,Hors intersection,Pluie légère,Sans collision,,,,,,,,,,,1,2,1,2,7
201500020193,0015-10-26 19:50:00,15,10,26,19,50,190,31,"124, QUEUILLE (AVENUE HE",45.1763,1.52779,Nuit avec éclairage allumé,En agglomération,Hors intersection,Normale,Deux véhicules - arrière,,,,,,,,,,,5,2,1,1,2
201500020194,0015-10-30 10:30:00,15,10,30,10,30,190,31,"1, FRATERNITE (ROND-POIN",45.166,1.54181,Plein jour,En agglomération,Giratoire,Normale,Deux véhicules - arrière,,,,,,,,,,,1,2,6,1,2
201500020195,0015-11-01 16:40:00,15,11,1,16,40,190,31,"1, FRATERNITE (ROND-POIN",45.1661,1.54149,Plein jour,En agglomération,Giratoire,Normale,Autre collision,,,,,,,,,,,1,2,6,1,6
201500020196,0015-11-07 04:36:00,15,11,7,4,36,190,31,"6, RIBOT (AVENUE)",45.1614,1.51939,Nuit avec éclairage allumé,En agglomération,Hors intersection,Normale,Sans collision,,,,,,,,,,,5,2,1,1,7
201500020197,0015-11-10 12:15:00,15,11,10,12,15,190,31,"1, GERMAIN (BOULEVARD DU",45.1574,1.52378,Plein jour,En agglomération,Intersection en X,Normale,Deux véhicules - côté,,,,,,,,,,,1,2,2,1,3
201500020198,0015-11-11 22:40:00,15,11,11,22,40,190,31,"12, COURTELINE (RUE)",45.1549,1.55326,Nuit avec éclairage allumé,En agglomération,Intersection en T,Normale,Deux véhicules - côté,,,,,,,,,,,5,2,3,1,3
201500020199,0015-11-18 18:35:00,15,11,18,18,35,190,31,"18, BRUNE (BOULEVARD)",45.1532,1.53462,Crépuscule ou aube,En agglomération,Hors intersection,Pluie légère,Autre collision,,,,,,,,,,,2,2,1,2,6
201500020200,0015-11-21 12:50:00,15,11,21,12,50,190,31,COURBATERE (ROND-POINT R,45.1589,1.51176,Plein jour,En agglomération,Giratoire,Normale,Deux véhicules - côté,,,,,,,,,,,1,2,6,1,3
201500020201,0015-11-25 15:10:00,15,11,25,15,10,190,31,"5, BERTHELOT (RUE MARCEL",45.1554,1.53462,Plein jour,En agglomération,Hors intersection,Pluie légère,Autre collision,,,,,,,,,,,1,2,1,2,6
201500020202,0015-11-28 16:15:00,15,11,28,16,15,190,31,MAZAUD (LIEU-DIT),45.1437,1.47355,Plein jour,En agglomération,Hors intersection,Normale,Autre collision,,,,,,,,,,,1,2,1,1,6
201500020203,0015-11-28 17:40:00,15,11,28,17,40,190,31,"0, BUGEAUD (AVENUE MAREC",45.1615,1.5408,Crépuscule ou aube,En agglomération,Intersection en X,Normale,Deux véhicules - côté,,,,,,,,,,,2,2,2,1,3
201500020204,0015-12-01 19:40:00,15,12,1,19,40,190,31,"2, BROSSOLETTE  BOULEVAR",45.167,1.54223,Crépuscule ou aube,En agglomération,Hors intersection,Normale,Deux véhicules - arrière,,,,,,,,,,,2,2,1,1,2
201500020205,0015-12-06 18:00:00,15,12,6,18,0,190,31,"00, MARBEAU (BOULEVARD D",45.1546,1.53007,Nuit avec éclairage allumé,Hors agglomération,Intersection en X,Normale,Deux véhicules - côté,,,,,,,,,,,5,1,2,1,3
201500020206,0015-12-07 10:00:00,15,12,7,10,0,190,31,"00, CARNOT (RUE)",45.1593,1.53068,Plein jour,En agglomération,Autre intersection,Normale,Autre collision,,,,,,,,,,,1,2,9,1,6
201500020207,0015-12-10 11:10:00,15,12,10,11,10,190,31,"5, DORMOY (BOULEVARD MAR",45.1677,1.54029,Plein jour,Hors agglomération,Intersection en T,Normale,Deux véhicules - côté,,,,,,,,,,,1,1,3,1,3
201500020208,0015-12-10 16:30:00,15,12,10,16,30,190,31,"7, TOULZAC (RUE)",45.1606,1.53294,Plein jour,En agglomération,Hors intersection,Normale,Autre collision,,,,,,,,,,,1,2,1,1,6
201500020209,0015-12-13 17:45:00,15,12,13,17,45,190,31,"116, ZOLA (AVENUE EMILE)",45.1533,1.51951,Crépuscule ou aube,En agglomération,Intersection en T,Normale,Deux véhicules - frontale,,,,,,,,,,,2,2,3,1,1
201500020210,0015-12-17 12:00:00,15,12,17,12,0,190,31,"1, AUZEL (RUE EDMOND)",45.1456,1.49052,Plein jour,En agglomération,Intersection en T,Normale,Autre collision,,,,,,,,,,,1,2,3,1,6
201500020211,0015-12-18 11:20:00,15,12,18,11,20,190,31,"15, ROOSEVELT (AVENUE DU",45.1582,1.52664,Plein jour,En agglomération,Intersection en T,Normale,Deux véhicules - côté,,,,,,,,,,,1,2,3,1,3
201500020212,0015-12-18 11:55:00,15,12,18,11,55,190,31,"00, MARSALES (RUE JEAN)",45.1526,1.50533,Plein jour,En agglomération,Hors intersection,Normale,Deux véhicules - arrière,,,,,,,,,,,1,2,1,1,2
201500020213,0015-12-20 15:45:00,15,12,20,15,45,190,31,"25, RIVET (AVENUE JEAN C",45.1502,1.49682,Plein jour,En agglomération,Hors intersection,Normale,Deux véhicules - frontale,,,,,,,,,,,1,2,1,1,1
201500020214,0015-12-23 14:50:00,15,12,23,14,50,190,31,"29, RIVET (AVENUE JEAN C",45.1501,1.49613,Plein jour,En agglomération,Hors intersection,Normale,Deux véhicules - côté,,,,,,,,,,,1,2,1,1,3
201500020215,0015-12-26 05:15:00,15,12,26,5,15,190,31,"4, ILE DU ROI (RUE DE L'",45.164,1.52087,Nuit avec éclairage allumé,En agglomération,Hors intersection,Normale,Deux véhicules - arrière,,,,,,,,,,,5,2,1,1,2
201500020216,0015-12-29 16:15:00,15,12,29,16,15,190,31,"15, DIX HUIT JUIN 1940 (",45.1589,1.49593,Plein jour,En agglomération,Hors intersection,Normale,Deux véhicules - côté,,,,,,,,,,,1,2,1,1,3
201500020217,0015-05-31 10:30:00,15,5,31,10,30,680,343,Rue d'ENSISHEIM,47.87498,7.31973,Plein jour,En agglomération,Intersection en T,Normale,Trois véhicules et plus - collisions multiples,,,,,,,,,,,1,2,3,1,5
201500020218,0015-05-31 19:15:00,15,5,31,19,15,680,315,,,,Plein jour,Hors agglomération,Hors intersection,Normale,Deux véhicules - frontale,,,,,,,,,,,1,1,1,1,1
201500020219,0015-06-04 15:00:00,15,6,4,15,0,680,88,,,,Plein jour,Hors agglomération,Hors intersection,Temps éblouissant,Deux véhicules - côté,,,,,,,,,,,1,1,1,7,3
201500020220,0015-06-26 11:00:00,15,6,26,11,0,680,260,,47.88189,7.26795,Plein jour,Hors agglomération,Hors intersection,Normale,Deux véhicules - arrière,,,,,,,,,,,1,1,1,1,2
201500020221,0015-11-09 15:30:00,15,11,9,15,30,680,43,,,,Plein jour,Hors agglomération,Hors intersection,Normale,Deux véhicules - côté,,,,,,,,,,,1,1,1,1,3
201500020222,0015-11-21 00:45:00,15,11,21,0,45,680,203,,,,Nuit sans éclairage public,Hors agglomération,Hors intersection,Pluie légère,Autre collision,,,,,,,,,,,3,1,1,2,6
201500020223,0015-09-20 11:15:00,15,9,20,11,15,590,260,142 route de uxem,,,Plein jour,En agglomération,Hors intersection,Normale,Deux véhicules - frontale,,,,,,,,,,,1,2,1,1,1
201500020224,0015-09-20 22:30:00,15,9,20,22,30,590,499,,,,Nuit sans éclairage public,Hors agglomération,Hors intersection,Pluie légère,Sans collision,,,,,,,,,,,3,1,1,2,7
201500020225,0015-06-29 17:45:00,15,6,29,17,45,590,107,,,,Plein jour,Hors agglomération,Hors intersection,Normale,Deux véhicules - arrière,,,,,,,,,,,1,1,1,1,2
201500020226,0015-07-15 00:01:00,15,7,15,0,1,590,260,Route d'Uxem,51.03673,2.50316,Nuit sans éclairage public,Hors agglomération,Hors intersection,Normale,Trois véhicules et plus - collisions multiples,,,,,,,,,,,3,1,1,1,5
201500020227,0015-08-25 17:15:00,15,8,25,17,15,590,260,rue de la Jockstraete,,,Plein jour,En agglomération,Hors intersection,Temps couvert,Autre collision,,,,,,,,,,,1,2,1,8,6
201500020228,0015-08-19 15:45:00,15,8,19,15,45,590,448,les cinq chemins,,,Plein jour,En agglomération,Giratoire,Normale,Deux véhicules - frontale,,,,,,,,,,,1,2,6,1,1
201500020229,0015-09-21 11:45:00,15,9,21,11,45,590,668,rue des crevettes,,,Plein jour,En agglomération,Hors intersection,Normale,Autre collision,,,,,,,,,,,1,2,1,1,6
201500020230,0015-11-06 11:45:00,15,11,6,11,45,590,107,avenue de la liberté,,,Plein jour,En agglomération,Hors intersection,Normale,Autre collision,,,,,,,,,,,1,2,1,1,6
201500020231,0015-07-03 07:35:00,15,7,3,7,35,190,272,LA LUNADE (BD),45.2654,1.78211,Plein jour,En agglomération,Intersection en X,Normale,Deux véhicules - côté,,,,,,,,,,,1,2,2,1,3
201500020232,0015-08-09 11:20:00,15,8,9,11,20,190,272,31 WINSTON CHURCHILL,45.2589,1.75691,Plein jour,En agglomération,Hors intersection,Normale,Autre collision,,,,,,,,,,,1,2,1,1,6
201500020233,0015-09-19 02:15:00,15,9,19,2,15,190,272,"6, HENRI DE BOURNAZEL",45.2682,1.76817,Nuit avec éclairage allumé,En agglomération,Intersection en T,Pluie légère,Autre collision,,,,,,,,,,,5,2,3,2,6
201500020234,0015-12-24 18:20:00,15,12,24,18,20,190,272,"38, ALSACE LORRAINE (AVE",45.2593,1.7538,Nuit avec éclairage allumé,En agglomération,Hors intersection,Normale,Autre collision,,,,,,,,,,,5,2,1,1,6
201500020235,0015-12-05 16:00:00,15,12,5,16,0,190,272,D1089,45.2594,1.78584,Plein jour,Hors agglomération,Hors intersection,Temps éblouissant,Deux véhicules - arrière,,,,,,,,,,,1,1,1,7,2
201500020236,0015-02-10 10:58:00,15,2,10,10,58,190,272,"11, WINSTON CHURCHILL (A",45.2595,1.7562,Plein jour,En agglomération,Intersection en T,Normale,Autre collision,,,,,,,,,,,1,2,3,1,6
201500020237,0015-02-14 19:20:00,15,2,14,19,20,190,272,"1, DR VALETTE (RUE)",45.2592,1.75284,Nuit avec éclairage allumé,En agglomération,Hors intersection,Pluie légère,Autre collision,,,,,,,,,,,5,2,1,2,6
201500020238,0015-02-26 10:25:00,15,2,26,10,25,190,272,"35, DR AIME AUDUBERT",45.2509,1.76547,Plein jour,En agglomération,Hors intersection,Pluie légère,Sans collision,,,,,,,,,,,1,2,1,2,7
201500020239,0015-02-02 07:30:00,15,2,2,7,30,190,275,SARSONNE (BOULEVARD DE L,45.5496,2.30889,Crépuscule ou aube,En agglomération,Hors intersection,Neige / grêle,Sans collision,,,,,,,,,,,2,2,1,4,7
201500020240,0015-03-23 19:40:00,15,3,23,19,40,190,275,BLUM (BOULEVARD LEON),45.5515,2.3151,Nuit avec éclairage allumé,En agglomération,Intersection en X,Pluie légère,Deux véhicules - côté,,,,,,,,,,,5,2,2,2,3
201500020241,0015-04-28 16:35:00,15,4,28,16,35,190,275,"5, R.D. 1089 SUD",45.5312,2.29895,Plein jour,Hors agglomération,Hors intersection,Normale,Deux véhicules - frontale,,,,,,,,,,,1,1,1,1,1
201500020242,0015-03-03 17:35:00,15,3,3,17,35,190,275,"0, THIERS (AVENUE)",45.5465,2.30837,Plein jour,En agglomération,Intersection en X,Normale,Deux véhicules - arrière,,,,,,,,,,,1,2,2,1,2
201500020243,0015-05-19 17:15:00,15,5,19,17,15,190,275,R.D. 1089 SUD,45.5216,2.28207,Plein jour,Hors agglomération,Hors intersection,Normale,Deux véhicules - frontale,,,,,,,,,,,1,1,1,1,1
201500020244,0015-06-10 17:30:00,15,6,10,17,30,190,275,GIRAUD (BOULEVARD VICTOR,45.5435,2.30767,Plein jour,En agglomération,Intersection en Y,Normale,Deux véhicules - arrière,,,,,,,,,,,1,2,4,1,2
201500020245,0015-06-12 07:26:00,15,6,12,7,26,190,275,"1, SARSONNE (BOULEVARD D",45.5539,2.31334,Plein jour,En agglomération,Intersection en T,Temps couvert,Deux véhicules - frontale,,,,,,,,,,,1,2,3,8,1
201500020246,0015-06-21 10:00:00,15,6,21,10,0,190,275,"31, MAS ROUGE (RUE DU)",45.5529,2.32283,Plein jour,En agglomération,Hors intersection,Normale,Autre collision,,,,,,,,,,,1,2,1,1,6
201500020247,0015-07-21 00:25:00,15,7,21,0,25,190,275,"6, PRAIRIE (RUE DE LA)",45.5476,2.3122,Nuit avec éclairage allumé,En agglomération,Intersection en X,Normale,Deux véhicules - côté,,,,,,,,,,,5,2,2,1,3
201500020248,0015-08-19 14:45:00,15,8,19,14,45,190,275,LES GRAVADES,45.5735,2.34019,Plein jour,Hors agglomération,Hors intersection,Normale,Sans collision,,,,,,,,,,,1,1,1,1,7
201500020249,0015-10-28 17:39:00,15,10,28,17,39,190,275,"4 BIS, TURGOT (AVENUE) N",45.5452,2.30389,Crépuscule ou aube,En agglomération,Hors intersection,Temps couvert,Autre collision,,,,,,,,,,,2,2,1,8,6
201500020250,0015-11-10 19:05:00,15,11,10,19,5,190,275,"FACE 8, SEMARD (AVENUE P",45.5559,2.31472,Nuit avec éclairage allumé,En agglomération,Intersection en T,Normale,Autre collision,,,,,,,,,,,5,2,3,1,6
201500020251,0015-07-02 10:15:00,15,7,2,10,15,680,254,,47.72716,7.53135,Plein jour,Hors agglomération,Intersection en X,Normale,Sans collision,,,,,,,,,,,1,1,2,1,7
201500020252,0015-08-19 21:30:00,15,8,19,21,30,680,144,,47.76886,7.49913,Nuit sans éclairage public,Hors agglomération,Hors intersection,Normale,Sans collision,,,,,,,,,,,3,1,1,1,7
201500020253,0015-09-05 10:00:00,15,9,5,10,0,680,300,,47.77415,7.38021,Plein jour,Hors agglomération,Intersection en X,Normale,Deux véhicules - frontale,,,,,,,,,,,1,1,2,1,1
201500020254,0015-09-26 19:15:00,15,9,26,19,15,680,20,RD4 bis,47.82505,7.51711,Nuit avec éclairage allumé,En agglomération,Intersection en T,Normale,Deux véhicules - côté,,,,,,,,,,,5,2,3,1,3
201500020255,0015-12-19 20:45:00,15,12,19,20,45,680,20,intersection D4bis/D468,47.82437,7.51355,Nuit avec éclairage allumé,En agglomération,Intersection en X,Normale,Deux véhicules - côté,,,,,,,,,,,5,2,2,1,3
201500020256,0015-03-13 08:10:00,15,3,13,8,10,210,54,VEROTTES (RUE DES),47.02352,4.83122,Plein jour,En agglomération,Intersection en X,Normale,Deux véhicules - côté,,,,,,,,,,,1,2,2,1,3
201500020257,0015-04-23 15:35:00,15,4,23,15,35,210,54,"8, FOCH (BOULEVARD MAREC",47.02724,4.83649,Plein jour,Hors agglomération,Hors intersection,Normale,Autre collision,,,,,,,,,,,1,1,1,1,6
201500020258,0015-04-20 19:27:00,15,4,20,19,27,210,54,HERMINETTE (RUE DE L'),,,Plein jour,En agglomération,Intersection en X,Normale,Deux véhicules - côté,,,,,,,,,,,1,2,2,1,3
201500020259,0015-05-07 00:25:00,15,5,7,0,25,210,54,"455, BEAUNE (ROUTE DE)",47.03546,4.86422,Nuit avec éclairage allumé,Hors agglomération,Place,Normale,Autre collision,,,,,,,,,,,5,1,7,1,6
201500020260,0015-05-10 11:30:00,15,5,10,11,30,210,54,CHALLANGES (ROUTE DE),,,Plein jour,En agglomération,Intersection en X,Normale,Deux véhicules - côté,,,,,,,,,,,1,2,2,1,3
201500020261,0015-05-18 17:25:00,15,5,18,17,25,210,54,SAINT-JACQUES (RUE DU MO,47.02018,4.83684,Plein jour,En agglomération,Intersection en T,Normale,Autre collision,,,,,,,,,,,1,2,3,1,6
201500020262,0015-06-07 18:28:00,15,6,7,18,28,210,54,ROCADE EST,47.01715,4.85662,Plein jour,En agglomération,Intersection en X,Normale,Deux véhicules - côté,,,,,,,,,,,1,2,2,1,3
201500020263,0015-06-03 07:40:00,15,6,3,7,40,210,54,ROCADE EST,47.01717,4.85659,Plein jour,En agglomération,Intersection en X,Normale,Deux véhicules - côté,,,,,,,,,,,1,2,2,1,3
201500020264,0015-05-12 17:05:00,15,5,12,17,5,210,54,EIFFEL (RUE GUSTAVE),47.03889,4.84495,Plein jour,En agglomération,Intersection en X,Normale,Trois véhicules et plus - collisions multiples,,,,,,,,,,,1,2,2,1,5
201500020265,0015-07-02 20:50:00,15,7,2,20,50,210,54,PASTEUR (RUE),47.02825,4.84594,Plein jour,En agglomération,Intersection en T,Normale,Deux véhicules - côté,,,,,,,,,,,1,2,3,1,3
201500020266,0015-07-15 08:45:00,15,7,15,8,45,210,54,PASTEUR (RUE),,,Plein jour,En agglomération,Intersection en X,Normale,Deux véhicules - arrière,,,,,,,,,,,1,2,2,1,2
201500020267,0015-08-21 17:10:00,15,8,21,17,10,210,54,LORRAINE (RUE DE),,,Plein jour,En agglomération,Intersection en X,Normale,Autre collision,,,,,,,,,,,1,2,2,1,6
201500020268,0015-09-07 20:10:00,15,9,7,20,10,210,54,SABLIERE (RUE DE LA),,,Plein jour,En agglomération,Intersection en X,Normale,Deux véhicules - côté,,,,,,,,,,,1,2,2,1,3
201500020269,0015-09-09 11:30:00,15,9,9,11,30,210,54,"57, JAFFELIN (AVENUE CHA",47.02486,4.82755,Plein jour,En agglomération,Hors intersection,Normale,Autre collision,,,,,,,,,,,1,2,1,1,6
201500020270,0015-09-18 17:21:00,15,9,18,17,21,210,54,BLANCHES FLEURS (RUE DES,47.03538,4.83802,Plein jour,En agglomération,Hors intersection,Normale,Autre collision,,,,,,,,,,,1,2,1,1,6
201500020271,0015-10-06 09:50:00,15,10,6,9,50,210,54,"07, SAINT-JACQUES (BOULE",47.02055,4.83843,Plein jour,En agglomération,Hors intersection,Pluie forte,Sans collision,,,,,,,,,,,1,2,1,3,7
201500020272,0015-10-19 17:20:00,15,10,19,17,20,210,54,"30, FOCH (BOULEVARD MARE",47.02603,4.83373,Plein jour,En agglomération,Hors intersection,Temps éblouissant,Autre collision,,,,,,,,,,,1,2,1,7,6
201500020273,0015-11-26 15:05:00,15,11,26,15,5,210,54,"27, CLEMENCEAU (BOULEVAR",47.02472,4.83304,Plein jour,En agglomération,Hors intersection,Normale,Deux véhicules - frontale,,,,,,,,,,,1,2,1,1,1
201500020274,0015-01-21 15:45:00,15,1,21,15,45,210,54,CHAFFOTTE (RUE),47.02066,4.84731,Plein jour,En agglomération,Intersection en X,Temps couvert,Deux véhicules - côté,,,,,,,,,,,1,2,2,8,3
201500020275,0015-01-30 17:51:00,15,1,30,17,51,210,54,71 VIGNOLLES-UNIVERSITE,47.027,4.86477,Crépuscule ou aube,En agglomération,Hors intersection,Pluie légère,Autre collision,,,,,,,,,,,2,2,1,2,6
201500020276,0015-02-06 15:05:00,15,2,6,15,5,210,54,FOCH (BOULEVARD MARECHAL,47.02777,4.83742,Plein jour,En agglomération,Hors intersection,Normale,Autre collision,,,,,,,,,,,1,2,1,1,6
201500020277,0015-02-07 12:08:00,15,2,7,12,8,210,54,"46, SEURRE (ROUTE DE)",47.01895,4.85893,Plein jour,En agglomération,Hors intersection,Normale,Autre collision,,,,,,,,,,,1,2,1,1,6
201500020278,0015-01-07 18:32:00,15,1,7,18,32,210,355,GEORGES POMPIDOU (VOIE),47.29385,5.0631,Nuit avec éclairage allumé,En agglomération,Hors intersection,Brouillard / fumée,Deux véhicules - arrière,,,,,,,,,,,5,2,1,5,2
201500020279,0015-03-17 00:35:00,15,3,17,0,35,210,231,PARC (DU) (PASSAGE),,,Nuit avec éclairage allumé,En agglomération,Intersection en T,Normale,Autre collision,,,,,,,,,,,5,2,3,1,6
201500020280,0015-02-12 13:45:00,15,2,12,13,45,210,231,"17, VOLTAIRE (BOULEVARD)",47.31662,5.0511,Plein jour,En agglomération,Intersection en T,Normale,Deux véhicules - côté,,,,,,,,,,,1,2,3,1,3
201500020281,0015-03-20 16:09:00,15,3,20,16,9,210,278,AHUY (D') (ROUTE),,,Plein jour,En agglomération,Giratoire,Normale,Deux véhicules - côté,,,,,,,,,,,1,2,6,1,3
201500020282,0015-02-19 09:23:00,15,2,19,9,23,210,231,EDME PIOT (RUE),,,Plein jour,En agglomération,Intersection en T,Normale,Deux véhicules - côté,,,,,,,,,,,1,2,3,1,3
201500020283,0015-03-20 17:40:00,15,3,20,17,40,210,231,DEVOSGE (RUE),,,Plein jour,En agglomération,Place,Normale,Deux véhicules - frontale,,,,,,,,,,,1,2,7,1,1
201500020284,0015-03-27 09:32:00,15,3,27,9,32,210,166,"5 BIS, FRERES MONTGOLFIE",47.29159,5.0194,Plein jour,En agglomération,Hors intersection,Normale,Deux véhicules - frontale,,,,,,,,,,,1,2,1,1,1
201500020285,0015-03-29 21:53:00,15,3,29,21,53,210,231,CHAMPAGNE (DE) (BOULEVAR,47.32881,5.0558,Nuit avec éclairage allumé,En agglomération,Intersection en X,Pluie légère,Deux véhicules - côté,,,,,,,,,,,5,2,2,2,3
201500020286,0015-04-08 08:01:00,15,4,8,8,1,210,231,MARTYRS DE LA RESISTANCE,,,Plein jour,En agglomération,Intersection en X,Normale,Deux véhicules - côté,,,,,,,,,,,1,2,2,1,3
201500020287,0015-04-13 08:04:00,15,4,13,8,4,210,231,"79, PASCAL (BOULEVARD)",47.33954,5.04566,Plein jour,En agglomération,Intersection en X,Normale,Autre collision,,,,,,,,,,,1,2,2,1,6
201500020288,0015-04-15 17:05:00,15,4,15,17,5,210,231,"3, BUFFON (RUE)",47.3204,5.04526,Plein jour,En agglomération,Hors intersection,Normale,Autre collision,,,,,,,,,,,1,2,1,1,6
201500020289,0015-04-20 18:38:00,15,4,20,18,38,210,231,GENERAL DE GAULLE (COURS,,,Plein jour,En agglomération,Hors intersection,Normale,Deux véhicules - côté,,,,,,,,,,,1,2,1,1,3
201500020290,0015-04-22 17:59:00,15,4,22,17,59,210,231,BEL AIR (DE) (RUE),,,Plein jour,En agglomération,Intersection en X,Normale,Deux véhicules - frontale,,,,,,,,,,,1,2,2,1,1
201500020291,0015-04-22 15:00:00,15,4,22,15,0,210,231,JEAN JAURES (AVENUE),,,Plein jour,En agglomération,Intersection en X,Normale,Deux véhicules - frontale,,,,,,,,,,,1,2,2,1,1
201500020292,0015-04-23 10:05:00,15,4,23,10,5,210,231,"15, CHAMPOLLION (AVENUE)",47.33392,5.06734,Plein jour,En agglomération,Hors intersection,Normale,Autre collision,,,,,,,,,,,1,2,1,1,6
201500020293,0015-04-24 08:41:00,15,4,24,8,41,210,231,"46, AUXONNE (D') (RUE)",47.3146,5.04734,Plein jour,En agglomération,Hors intersection,Normale,Autre collision,,,,,,,,,,,1,2,1,1,6
201500020294,0015-05-10 21:01:00,15,5,10,21,1,210,231,"136, JEAN JAURES (AVENUE",47.304,5.02259,Plein jour,En agglomération,Hors intersection,Normale,Deux véhicules - frontale,,,,,,,,,,,1,2,1,1,1
201500020295,0015-05-13 15:50:00,15,5,13,15,50,210,231,LEON MAURIS (RUE),,,Plein jour,En agglomération,Intersection en T,Normale,Autre collision,,,,,,,,,,,1,2,3,1,6
201500020296,0015-05-20 17:10:00,15,5,20,17,10,210,231,"19, CHENOVE (DE) (RUE)",47.30949,5.02482,Plein jour,En agglomération,Intersection en X,Normale,Deux véhicules - côté,,,,,,,,,,,1,2,2,1,3
201500020297,0015-05-27 20:40:00,15,5,27,20,40,210,231,CHABOT CHARNY (RUE),,,Plein jour,En agglomération,Hors intersection,Normale,Autre collision,,,,,,,,,,,1,2,1,1,6
201500020298,0015-06-08 15:16:00,15,6,8,15,16,210,231,GUSTAVE EIFFEL (AVENUE),,,Plein jour,En agglomération,Intersection en X,Normale,Deux véhicules - côté,,,,,,,,,,,1,2,2,1,3
201500020299,0015-06-28 18:35:00,15,6,28,18,35,210,166,"43 bis, MARSANNAY (DE) (",47.29035,5.00757,Plein jour,En agglomération,Intersection en X,Normale,Deux véhicules - côté,,,,,,,,,,,1,2,2,1,3
201500020300,0015-06-29 16:50:00,15,6,29,16,50,210,278,"35 bis, FAUBOURG ST MART",47.34229,5.02538,Plein jour,En agglomération,Intersection en T,Normale,Deux véhicules - côté,,,,,,,,,,,1,2,3,1,3
201500020301,0015-08-03 18:07:00,15,8,3,18,7,210,231,"12, LEON MAURIS (RUE)",47.33086,5.05645,Plein jour,En agglomération,Intersection en T,Normale,Deux véhicules - frontale,,,,,,,,,,,1,2,3,1,1
201500020302,0015-08-04 20:12:00,15,8,4,20,12,210,231,"12, NICOLAS ROLIN (QUAI)",47.31603,5.0269,Plein jour,En agglomération,Hors intersection,Normale,Deux véhicules - côté,,,,,,,,,,,1,2,1,1,3
201500020303,0015-08-07 17:15:00,15,8,7,17,15,210,231,VICTOR HUGO (AVENUE),47.33094,5.02228,Plein jour,En agglomération,Intersection en X,Normale,Deux véhicules - côté,,,,,,,,,,,1,2,2,1,3
201500020304,0015-08-13 06:50:00,15,8,13,6,50,210,231,"102, LONGVIC (DE) (RUE)",47.30707,5.0491,Plein jour,En agglomération,Hors intersection,Normale,Trois véhicules et plus - collisions multiples,,,,,,,,,,,1,2,1,1,5
201500020305,0015-08-29 04:45:00,15,8,29,4,45,210,231,"17, CHAIGNOT (DU) (RUE)",47.31678,5.03768,Nuit avec éclairage allumé,En agglomération,Intersection en X,Normale,Autre collision,,,,,,,,,,,5,2,2,1,6
201500020306,0015-08-31 10:40:00,15,8,31,10,40,210,231,STADE (DU) (RUE),,,Plein jour,En agglomération,Hors intersection,Normale,Autre collision,,,,,,,,,,,1,2,1,1,6
201500020307,0015-09-17 20:20:00,15,9,17,20,20,210,231,"74, AUXONNE (D') (RUE)",47.31277,5.05088,Nuit avec éclairage allumé,En agglomération,Intersection en T,Normale,Autre collision,,,,,,,,,,,5,2,3,1,6
201500020308,0015-09-17 21:00:00,15,9,17,21,0,210,231,GEORGES POMPIDOU (VOIE),,,Nuit avec éclairage allumé,Hors agglomération,Hors intersection,Normale,Autre collision,,,,,,,,,,,5,1,1,1,6
201500020309,0015-09-30 16:36:00,15,9,30,16,36,210,166,BERNARD    PALISSY (BOUL,,,Plein jour,En agglomération,Hors intersection,Normale,Deux véhicules - arrière,,,,,,,,,,,1,2,1,1,2
201500020310,0015-10-04 07:32:00,15,10,4,7,32,210,355,"29, DIJON (DE) (ROUTE)",47.28929,5.05979,Plein jour,En agglomération,Hors intersection,Temps couvert,Autre collision,,,,,,,,,,,1,2,1,8,6
201500020311,0015-10-01 20:45:00,15,10,1,20,45,210,231,DAUBENTON (RUE),47.31198,5.03928,Nuit avec éclairage allumé,En agglomération,Intersection en T,Normale,Trois véhicules et plus - en chaîne,,,,,,,,,,,5,2,3,1,4
201500020312,0015-10-09 15:58:00,15,10,9,15,58,210,231,DEVOSGE (RUE),,,Plein jour,En agglomération,Intersection en Y,Normale,Autre collision,,,,,,,,,,,1,2,4,1,6
201500020313,0015-10-16 20:09:00,15,10,16,20,9,210,231,GORGETS (DES) (BOULEVARD,,,Nuit avec éclairage allumé,En agglomération,Intersection en Y,Normale,Deux véhicules - côté,,,,,,,,,,,5,2,4,1,3
201500020314,0015-10-26 19:19:00,15,10,26,19,19,210,231,CHARMETTE (DE LA) (RUE),,,Nuit avec éclairage allumé,En agglomération,Intersection en T,Normale,Deux véhicules - frontale,,,,,,,,,,,5,2,3,1,1
201500020315,0015-11-04 03:21:00,15,11,4,3,21,210,231,PEYVETS (DES) (BOULEVARD,47.30565,5.02217,Nuit avec éclairage non allumé,En agglomération,Intersection en X,Normale,Deux véhicules - frontale,,,,,,,,,,,4,2,2,1,1
201500020316,0015-11-06 22:50:00,15,11,6,22,50,210,166,"0, MARSANNAY (DE) (RUE)",47.28548,5.00274,Nuit avec éclairage allumé,En agglomération,Giratoire,Normale,Deux véhicules - côté,,,,,,,,,,,5,2,6,1,3