accident_id,datetime,annee,mois,jour,heure,minute,departement,commune_insee,adresse,latitude,longitude,luminosite,agglomeration,intersection,meteo,collision,nb_vehicules,nb_usagers,nb_indemnes,nb_tues,nb_blesses_hosp,nb_blesses_legers,age_cond_1,age_cond_2,veh_type_cond_1,veh_type_cond_2,lum_code,agg_code,int_code,atm_code,col_code
201500020317,0015-11-08 15:22:00,15,11,8,15,22,210,231,PLANCHETTES (DES) (RUE),47.31545,5.06279,Plein jour,En agglomération,Intersection en X,Normale,Deux véhicules - frontale,,,,,,,,,,,1,2,2,1,1
201500020318,0015-11-10 18:48:00,15,11,10,18,48,210,231,PAUL DOUMER (BOULEVARD),47.32727,5.06775,Plein jour,En agglomération,Hors intersection,Normale,Autre collision,,,,,,,,,,,1,2,1,1,6
201500020319,0015-11-13 23:03:00,15,11,13,23,3,210,231,STRASBOURG (DE) (BOULEVA,47.32154,5.05597,Nuit avec éclairage allumé,En agglomération,Intersection en T,Pluie légère,Deux véhicules - côté,,,,,,,,,,,5,2,3,2,3
201500020320,0015-11-19 02:50:00,15,11,19,2,50,210,355,A311,47.2734,5.03997,Nuit sans éclairage public,En agglomération,Autre intersection,Normale,Deux véhicules - côté,,,,,,,,,,,3,2,9,1,3
201500020321,0015-11-20 07:40:00,15,11,20,7,40,210,231,"90, AUXONNE (D') (RUE)",47.31162,5.05224,Crépuscule ou aube,En agglomération,Hors intersection,Pluie légère,Autre collision,,,,,,,,,,,2,2,1,2,6
201500020322,0015-11-30 17:45:00,15,11,30,17,45,210,166,MARSANNAY (DE) (RUE),47.29033,5.00757,Nuit avec éclairage allumé,En agglomération,Intersection en X,Pluie légère,Deux véhicules - frontale,,,,,,,,,,,5,2,2,2,1
201500020323,0015-12-24 00:10:00,15,12,24,0,10,210,231,PARC (DU) (COURS),47.30581,5.04738,Nuit avec éclairage allumé,En agglomération,Intersection en X,Normale,Deux véhicules - côté,,,,,,,,,,,5,2,2,1,3
201500020324,0015-01-10 09:30:00,15,1,10,9,30,420,271,,45.49807,4.57993,Plein jour,Hors agglomération,Hors intersection,Normale,Deux véhicules - côté,,,,,,,,,,,1,1,1,1,3
201500020325,0015-02-04 11:45:00,15,2,4,11,45,420,242,13 route du bourg,45.55435,4.61892,Plein jour,En agglomération,Hors intersection,Normale,Deux véhicules - côté,,,,,,,,,,,1,2,1,1,3
201500020326,0015-04-10 12:15:00,15,4,10,12,15,420,167,,45.47071,4.65682,Plein jour,Hors agglomération,Hors intersection,Normale,Autre collision,,,,,,,,,,,1,1,1,1,6
201500020327,0015-05-10 03:30:00,15,5,10,3,30,420,283,route Le Sechio,45.56332,4.55905,Nuit sans éclairage public,Hors agglomération,Hors intersection,Normale,Sans collision,,,,,,,,,,,3,1,1,1,7
201500020328,0015-05-17 17:45:00,15,5,17,17,45,420,83,,45.5574,4.68447,Plein jour,Hors agglomération,Hors intersection,Normale,Deux véhicules - arrière,,,,,,,,,,,1,1,1,1,2
201500020329,0015-06-07 12:00:00,15,6,7,12,0,420,307,Route des Bachasses,45.54946,4.6684,Plein jour,En agglomération,Hors intersection,Normale,Sans collision,,,,,,,,,,,1,2,1,1,7
201500020330,0015-08-07 15:00:00,15,8,7,15,0,420,283,,45.55477,4.54183,Plein jour,Hors agglomération,Hors intersection,Normale,Autre collision,,,,,,,,,,,1,1,1,1,6
201500020331,0015-09-01 13:00:00,15,9,1,13,0,420,308,,45.462,4.583,Plein jour,Hors agglomération,Hors intersection,Pluie forte,Deux véhicules - frontale,,,,,,,,,,,1,1,1,3,1
201500020332,0015-10-25 12:00:00,15,10,25,12,0,420,32,,45.51555,4.55901,Plein jour,Hors agglomération,Hors intersection,Normale,Deux véhicules - arrière,,,,,,,,,,,1,1,1,1,2
201500020333,0015-11-24 19:30:00,15,11,24,19,30,420,283,,45.55023,4.54026,Nuit sans éclairage public,Hors agglomération,Hors intersection,Normale,Autre collision,,,,,,,,,,,3,1,1,1,6
201500020334,0015-02-24 18:10:00,15,2,24,18,10,220,113,PLACENN AR GUER (RUE DE),48.74597,-3.45521,Plein jour,En agglomération,Intersection en T,Normale,Deux véhicules - arrière,,,,,,,,,,,1,2,3,1,2
201500020335,0015-12-31 11:20:00,15,12,31,11,20,220,113,KERTANGUY (LIEU-DIT),48.7226,-3.4261,Plein jour,En agglomération,Hors intersection,Normale,Autre collision,,,,,,,,,,,1,2,1,1,6
201500020336,0015-02-18 15:10:00,15,2,18,15,10,220,113,TREBEURDEN (ROUTE DE),48.75253,-3.51041,Plein jour,Hors agglomération,Intersection en T,Normale,Deux véhicules - frontale,,,,,,,,,,,1,1,3,1,1
201500020337,0015-12-23 08:00:00,15,12,23,8,0,220,113,LE LAUNAY (LIEU-DIT LE)(,48.75181,-3.42379,Nuit sans éclairage public,Hors agglomération,Hors intersection,Normale,Sans collision,,,,,,,,,,,3,1,1,1,7
201500020338,0015-03-31 15:54:00,15,3,31,15,54,220,113,AIGUILLON (QUAI D'),48.73203,-3.46142,Plein jour,En agglomération,Hors intersection,Normale,Trois véhicules et plus - en chaîne,,,,,,,,,,,1,2,1,1,4
201500020339,0015-04-02 22:30:00,15,4,2,22,30,220,113,RESISTANCE (AVENUE DE LA,48.7378,-3.46767,Nuit avec éclairage allumé,En agglomération,Intersection en Y,Temps couvert,Sans collision,,,,,,,,,,,5,2,4,8,7
201500020340,0015-04-23 18:30:00,15,4,23,18,30,220,113,MENDES FRANCE (BOULEVARD,48.72446,-3.47838,Plein jour,Hors agglomération,Hors intersection,Normale,Deux véhicules - côté,,,,,,,,,,,1,1,1,1,3
201500020341,0015-06-14 14:30:00,15,6,14,14,30,220,113,R.D.767,48.72466,-3.43141,Plein jour,Hors agglomération,Hors intersection,Normale,Sans collision,,,,,,,,,,,1,1,1,1,7
201500020342,0015-07-14 20:28:00,15,7,14,20,28,220,113,"1, DE LA FAYETTE (BOULEV",48.74272,-3.44981,Plein jour,Hors agglomération,Hors intersection,Normale,Sans collision,,,,,,,,,,,1,1,1,1,7
201500020343,0015-07-10 14:45:00,15,7,10,14,45,220,113,KER AR FAOUT (CHEMIN DE),48.75822,-3.4821,Plein jour,En agglomération,Hors intersection,Normale,Deux véhicules - côté,,,,,,,,,,,1,2,1,1,3
201500020344,0015-08-12 13:50:00,15,8,12,13,50,220,113,rue g. pompidou,48.73937,-3.4633,Plein jour,En agglomération,Autre intersection,Normale,Sans collision,,,,,,,,,,,1,2,9,1,7
201500020345,0015-08-16 18:25:00,15,8,16,18,25,220,113,DE LA FAYETTE (BOULEVARD,48.73753,-3.43906,Plein jour,En agglomération,Autre intersection,Normale,Autre collision,,,,,,,,,,,1,2,9,1,6
201500020346,0015-08-04 07:30:00,15,8,4,7,30,220,113,TREBEURDEN (ROUTE DE),48.73801,-3.46774,Plein jour,En agglomération,Intersection en Y,Normale,Deux véhicules - arrière,,,,,,,,,,,1,2,4,1,2
201500020347,0015-08-18 16:50:00,15,8,18,16,50,220,113,SAINT PIERRE (RUE),48.75182,-3.45316,Plein jour,En agglomération,Giratoire,Normale,Deux véhicules - côté,,,,,,,,,,,1,2,6,1,3
201500020348,0015-08-21 13:55:00,15,8,21,13,55,220,113,LOGUIVY (LIEU DIT),48.73478,-3.47909,Plein jour,En agglomération,Hors intersection,Normale,Sans collision,,,,,,,,,,,1,2,1,1,7
201500020349,0015-09-11 07:10:00,15,9,11,7,10,220,113,SAINT MARC (RUE DE),48.73391,-3.44153,Crépuscule ou aube,En agglomération,Intersection en T,Normale,Deux véhicules - frontale,,,,,,,,,,,2,2,3,1,1
201500020350,0015-09-01 17:55:00,15,9,1,17,55,220,113,RESISTANCE (AVENUE DE LA,48.74659,-3.46181,Plein jour,En agglomération,Giratoire,Normale,Deux véhicules - côté,,,,,,,,,,,1,2,6,1,3
201500020351,0015-09-29 15:50:00,15,9,29,15,50,220,113,BRANLY (RUE EDOUARD),48.75643,-3.44887,Plein jour,En agglomération,Hors intersection,Normale,Deux véhicules - côté,,,,,,,,,,,1,2,1,1,3
201500020352,0015-09-21 18:20:00,15,9,21,18,20,220,113,KER AN FAOUT (CHEMIN DE),48.7565,-3.48549,Plein jour,Hors agglomération,Hors intersection,Normale,Deux véhicules - frontale,,,,,,,,,,,1,1,1,1,1
201500020353,0015-09-21 16:15:00,15,9,21,16,15,220,113,PERROS (ROUTE DE),48.76229,-3.45194,Plein jour,Hors agglomération,Giratoire,Temps couvert,Autre collision,,,,,,,,,,,1,1,6,8,6
201500020354,0015-10-06 10:00:00,15,10,6,10,0,220,113,"19, HINGARD (RUE DU)",48.73903,-3.45768,Plein jour,En agglomération,Intersection en X,Pluie légère,Autre collision,,,,,,,,,,,1,2,2,2,6
201500020355,0015-11-20 14:50:00,15,11,20,14,50,220,113,TREGUIER (RUE DE),48.73338,-3.44988,Plein jour,En agglomération,Giratoire,Normale,Autre collision,,,,,,,,,,,1,2,6,1,6
201500020356,0015-11-22 19:00:00,15,11,22,19,0,220,113,"93, TREBEURDEN (ROUTE DE",48.75189,-3.49825,Nuit sans éclairage public,Hors agglomération,Intersection en T,Normale,Deux véhicules - frontale,,,,,,,,,,,3,1,3,1,1
201500020357,0015-09-16 10:50:00,15,9,16,10,50,220,113,LAOUENAN (RUE MARI GABRI,48.73293,-3.47437,Plein jour,En agglomération,Hors intersection,Pluie légère,Sans collision,,,,,,,,,,,1,2,1,2,7
201500020358,0015-09-08 21:03:00,15,9,8,21,3,220,113,GÜNSBURG (PLACE DE),48.73203,-3.46341,Plein jour,En agglomération,Place,Normale,Autre collision,,,,,,,,,,,1,2,7,1,6
201500020359,0015-11-26 10:00:00,15,11,26,10,0,220,113,"223, TREGASTEL (ROUTE DE",48.76559,-3.47853,Plein jour,Hors agglomération,Hors intersection,Pluie légère,Autre collision,,,,,,,,,,,1,1,1,2,6
201500020360,0015-01-17 11:10:00,15,1,17,11,10,220,113,DE LA FAYETTE (BOULEVARD,48.73466,-3.44431,Plein jour,En agglomération,Hors intersection,Normale,Autre collision,,,,,,,,,,,1,2,1,1,6
201500020361,0015-01-22 10:20:00,15,1,22,10,20,220,113,GUILLOUX (BOULEVARD LOUI,48.72609,-3.44871,Plein jour,En agglomération,Hors intersection,Temps éblouissant,Autre collision,,,,,,,,,,,1,2,1,7,6
201500020362,0015-01-31 20:25:00,15,1,31,20,25,220,113,MARECHAL JOFFRE (QUAI DU,48.7321,-3.46572,Nuit avec éclairage allumé,En agglomération,Hors intersection,Neige / grêle,Trois véhicules et plus - collisions multiples,,,,,,,,,,,5,2,1,4,5
201500020363,0015-02-19 07:20:00,15,2,19,7,20,220,215,"0, PONT DES ILES (RUE DU",48.51816,-2.81302,Crépuscule ou aube,Hors agglomération,Hors intersection,Autre,Autre collision,,,,,,,,,,,2,1,1,9,6
201500020364,0015-12-23 21:10:00,15,12,23,21,10,220,278,"44, CHARNER (BD)",48.50838,-2.76852,Nuit avec éclairage allumé,En agglomération,Hors intersection,Normale,Deux véhicules - côté,,,,,,,,,,,5,2,1,1,3
201500020365,0015-02-24 14:15:00,15,2,24,14,15,220,278,"27, BREST (DE)",48.51274,-2.76818,Plein jour,En agglomération,Hors intersection,Normale,Deux véhicules - côté,,,,,,,,,,,1,2,1,1,3
201500020366,0015-02-25 15:00:00,15,2,25,15,0,220,187,"31, VIADUC (RUE DU)",48.52713,-2.76983,Plein jour,Hors agglomération,Hors intersection,Temps couvert,Autre collision,,,,,,,,,,,1,1,1,8,6
201500020367,0015-02-22 20:20:00,15,2,22,20,20,220,215,"1, PONT NOIR (RUE DU)",48.48969,-2.84068,Nuit sans éclairage public,Hors agglomération,Hors intersection,Normale,Autre collision,,,,,,,,,,,3,1,1,1,6
201500020368,0015-12-29 21:00:00,15,12,29,21,0,220,278,CORNEILLE COTE IMPAIR,48.51209,-2.74502,Nuit avec éclairage allumé,En agglomération,Intersection en X,Normale,Deux véhicules - côté,,,,,,,,,,,5,2,2,1,3
201500020369,0015-03-02 00:30:00,15,3,2,0,30,220,187,RN12,48.53017,-2.7556,Nuit sans éclairage public,Hors agglomération,Hors intersection,Normale,Autre collision,,,,,,,,,,,3,1,1,1,6
201500020370,0015-12-26 13:35:00,15,12,26,13,35,220,106,RN12,48.29391,-2.43254,Plein jour,Hors agglomération,Hors intersection,Normale,Deux véhicules - côté,,,,,,,,,,,1,1,1,1,3
201500020371,0015-02-27 16:10:00,15,2,27,16,10,220,278,CHARNER (BD),48.50793,-2.7643,Plein jour,En agglomération,Giratoire,Normale,Autre collision,,,,,,,,,,,1,2,6,1,6
201500020372,0015-01-01 11:10:00,15,1,1,11,10,220,278,"0, BECQUEREL (HENRI)",48.49762,-2.7483,Plein jour,En agglomération,Giratoire,Normale,Deux véhicules - côté,,,,,,,,,,,1,2,6,1,3
201500020373,0015-03-03 16:30:00,15,3,3,16,30,220,278,"0, RAHUEL (DOCTEUR)",48.50636,-2.74768,Plein jour,En agglomération,Intersection en T,Normale,Autre collision,,,,,,,,,,,1,2,3,1,6
201500020374,0015-12-04 11:40:00,15,12,4,11,40,220,278,BALAVOINE (DE LA),48.3116,-2.47099,Plein jour,En agglomération,Hors intersection,Normale,Sans collision,,,,,,,,,,,1,2,1,1,7
201500020375,0015-03-06 14:30:00,15,3,6,14,30,220,278,"1, LA TULLAYE (DE)",48.50898,-2.75012,Plein jour,En agglomération,Intersection en Y,Normale,Autre collision,,,,,,,,,,,1,2,4,1,6
201500020376,0015-03-10 14:30:00,15,3,10,14,30,220,278,"0, NORMANDIE (DE)",48.5105,-2.78591,Plein jour,En agglomération,Intersection en T,Normale,Deux véhicules - côté,,,,,,,,,,,1,2,3,1,3
201500020377,0015-03-04 17:18:00,15,3,4,17,18,220,215,BRETAGNE (AVENUE DE),48.494,-2.7774,Plein jour,En agglomération,Giratoire,Normale,Deux véhicules - côté,,,,,,,,,,,1,2,6,1,3
201500020378,0015-03-15 11:55:00,15,3,15,11,55,220,215,"22, MAIRIE (RUE DE LA)",48.48884,-2.79405,Plein jour,En agglomération,Hors intersection,Normale,Autre collision,,,,,,,,,,,1,2,1,1,6
201500020379,0015-03-16 17:00:00,15,3,16,17,0,220,215,"3, JUILLET 1789 (RUE DU",48.50001,-2.78257,Plein jour,En agglomération,Hors intersection,Normale,Deux véhicules - côté,,,,,,,,,,,1,2,1,1,3
201500020380,0015-03-24 10:00:00,15,3,24,10,0,220,278,"1, ROUX (DOCTEUR)",48.51058,-2.7455,Plein jour,En agglomération,Intersection en Y,Normale,Deux véhicules - côté,,,,,,,,,,,1,2,4,1,3
201500020381,0015-03-25 17:45:00,15,3,25,17,45,220,278,"36, GAMBETTA (BD)",48.51853,-2.75559,Plein jour,En agglomération,Hors intersection,Normale,Autre collision,,,,,,,,,,,1,2,1,1,6
201500020382,0015-03-31 12:15:00,15,3,31,12,15,220,278,"0, LA FAYETTE",48.50964,-2.7471,Plein jour,En agglomération,Intersection en T,Normale,Deux véhicules - côté,,,,,,,,,,,1,2,3,1,3
201500020383,0015-03-13 08:00:00,15,3,13,8,0,220,215,"1, FROS (RUE DU)",48.50364,-2.80303,Plein jour,Hors agglomération,Intersection en T,Normale,Deux véhicules - arrière,,,,,,,,,,,1,1,3,1,2
201500020384,0015-04-07 11:45:00,15,4,7,11,45,220,278,RN12,48.50337,-2.73077,Plein jour,Hors agglomération,Hors intersection,Normale,Deux véhicules - arrière,,,,,,,,,,,1,1,1,1,2
201500020385,0015-04-09 12:20:00,15,4,9,12,20,220,278,"35, LAENNEC (BD)",48.51063,-2.77458,Plein jour,En agglomération,Hors intersection,Normale,Autre collision,,,,,,,,,,,1,2,1,1,6
201500020386,0015-04-16 16:48:00,15,4,16,16,48,220,278,"85, TREGUEUX (DE)",48.49967,-2.75588,Plein jour,En agglomération,Hors intersection,Normale,Deux véhicules - côté,,,,,,,,,,,1,2,1,1,3
201500020387,0015-04-14 18:15:00,15,4,14,18,15,220,106,"1, AMBROISE PARE (RUE)",48.50001,-2.73022,Plein jour,Hors agglomération,Hors intersection,Normale,Autre collision,,,,,,,,,,,1,1,1,1,6
201500020388,0015-04-08 14:10:00,15,4,8,14,10,220,187,RN12,48.54614,-2.78117,Plein jour,Hors agglomération,Hors intersection,Normale,Sans collision,,,,,,,,,,,1,1,1,1,7
201500020389,0015-04-28 12:35:00,15,4,28,12,35,220,278,"0, AMPERE",48.50396,-2.73582,Plein jour,Hors agglomération,Hors intersection,Normale,Deux véhicules - frontale,,,,,,,,,,,1,1,1,1,1
201500020390,0015-04-30 21:00:00,15,4,30,21,0,220,106,"0, RN 9012",48.49379,-2.72351,Plein jour,Hors agglomération,Hors intersection,Pluie légère,Deux véhicules - arrière,,,,,,,,,,,1,1,1,2,2
201500020391,0015-05-01 09:50:00,15,5,1,9,50,220,360,"1, VALLEE (RUE DE LA)",48.46748,-2.75812,Plein jour,Hors agglomération,Hors intersection,Normale,Deux véhicules - frontale,,,,,,,,,,,1,1,1,1,1
201500020392,0015-04-08 19:15:00,15,4,8,19,15,220,187,"29/31, MIRABEL (Rue Mich",48.52686,-2.7482,Plein jour,En agglomération,Hors intersection,Normale,Autre collision,,,,,,,,,,,1,2,1,1,6
201500020393,0015-05-05 08:50:00,15,5,5,8,50,220,360,"0, RN12",48.48292,-2.69464,Plein jour,Hors agglomération,Hors intersection,Normale,Trois véhicules et plus - collisions multiples,,,,,,,,,,,1,1,1,1,5
201500020394,0015-05-13 18:25:00,15,5,13,18,25,220,187,"1, CHALUTIER SANS PITIE",48.53011,-2.76464,Plein jour,Hors agglomération,Intersection en T,Normale,Deux véhicules - côté,,,,,,,,,,,1,1,3,1,3
201500020395,0015-05-18 18:50:00,15,5,18,18,50,220,278,"10, MANCHE (BD DE LA)",48.5221,-2.7352,Plein jour,En agglomération,Hors intersection,Normale,Autre collision,,,,,,,,,,,1,2,1,1,6
201500020396,0015-05-11 16:40:00,15,5,11,16,40,220,215,"1, MAIRIE (RUE DE LA)",48.48862,-2.7942,Plein jour,En agglomération,Hors intersection,Normale,Autre collision,,,,,,,,,,,1,2,1,1,6
201500020397,0015-03-22 13:30:00,15,3,22,13,30,220,187,"0, CHANOINE GUINARD (QUA",48.52397,-2.74941,Plein jour,En agglomération,Intersection en T,Normale,Deux véhicules - côté,,,,,,,,,,,1,2,3,1,3
201500020398,0015-05-21 11:40:00,15,5,21,11,40,220,187,"0, VALLEE  (rue de la )",48.53379,-2.7716,Plein jour,En agglomération,Intersection en X,Normale,Deux véhicules - côté,,,,,,,,,,,1,2,2,1,3
201500020399,0015-04-04 20:00:00,15,4,4,20,0,220,278,"0, TREGUEUX (DE)",48.50018,-2.75652,Plein jour,En agglomération,Intersection en T,Normale,Deux véhicules - côté,,,,,,,,,,,1,2,3,1,3
201500020400,0015-05-22 23:10:00,15,5,22,23,10,220,278,"0, AMPERE",48.50511,-2.7342,Nuit avec éclairage allumé,En agglomération,Giratoire,Normale,Autre collision,,,,,,,,,,,5,2,6,1,6
201500020401,0015-05-21 14:25:00,15,5,21,14,25,220,360,"0, D 700",48.49191,-2.76298,Plein jour,Hors agglomération,Hors intersection,Normale,Deux véhicules - arrière,,,,,,,,,,,1,1,1,1,2
201500020402,0015-05-28 07:55:00,15,5,28,7,55,220,278,"0, HAREL-DE-LA-NOE (BD)",48.51964,-2.74758,Plein jour,En agglomération,Hors intersection,Normale,Autre collision,,,,,,,,,,,1,2,1,1,6
201500020403,0015-05-04 18:45:00,15,5,4,18,45,220,278,"0, RN12",48.5206,-2.74755,Plein jour,Hors agglomération,Hors intersection,Normale,Autre collision,,,,,,,,,,,1,1,1,1,6
201500020404,0015-05-20 08:00:00,15,5,20,8,0,220,187,"0, LEQUIER (Rue Jules)",48.54104,-2.77463,Plein jour,En agglomération,Intersection en Y,Normale,Deux véhicules - arrière,,,,,,,,,,,1,2,4,1,2
201500020405,0015-05-18 11:25:00,15,5,18,11,25,220,187,RN12,48.54503,-2.80033,Plein jour,Hors agglomération,Hors intersection,Normale,Deux véhicules - côté,,,,,,,,,,,1,1,1,1,3
201500020406,0015-06-03 15:00:00,15,6,3,15,0,220,278,"0, BALZAC",48.51413,-2.74625,Plein jour,Hors agglomération,Intersection en T,Normale,Deux véhicules - côté,,,,,,,,,,,1,1,3,1,3
201500020407,0015-05-30 19:00:00,15,5,30,19,0,220,278,"115, FERRY (JULES)",48.50046,-2.76983,Plein jour,En agglomération,Intersection en Y,Normale,Autre collision,,,,,,,,,,,1,2,4,1,6
201500020408,0015-06-06 11:35:00,15,6,6,11,35,220,215,"0, PONT NOIR (RUE DU)",48.48962,-2.81687,Plein jour,Hors agglomération,Intersection en X,Normale,Deux véhicules - côté,,,,,,,,,,,1,1,2,1,3
201500020409,0015-05-14 23:30:00,15,5,14,23,30,220,278,"0, CHAPTAL",48.5095,-2.73478,Nuit avec éclairage allumé,En agglomération,Intersection en X,Normale,Deux véhicules - frontale,,,,,,,,,,,5,2,2,1,1
201500020410,0015-06-15 17:50:00,15,6,15,17,50,220,278,"0, GALLOIS (DES)",48.49461,-2.74363,Plein jour,Hors agglomération,Hors intersection,Normale,Sans collision,,,,,,,,,,,1,1,1,1,7
201500020411,0015-06-16 15:00:00,15,6,16,15,0,220,278,"0, AMPERE",48.50525,-2.73408,Plein jour,Hors agglomération,Giratoire,Normale,Deux véhicules - côté,,,,,,,,,,,1,1,6,1,3
201500020412,0015-05-31 20:10:00,15,5,31,20,10,220,360,URNE (RUE DE L'),48.47765,-2.75038,Plein jour,Hors agglomération,Hors intersection,Normale,Deux véhicules - frontale,,,,,,,,,,,1,1,1,1,1
201500020413,0015-06-20 06:20:00,15,6,20,6,20,220,187,HUIT MAI 1945 (Rue du ),48.53957,-2.76842,Plein jour,Hors agglomération,Intersection en T,Normale,Deux véhicules - côté,,,,,,,,,,,1,1,3,1,3
201500020414,0015-06-19 19:10:00,15,6,19,19,10,220,187,RN12,48.53387,-2.75836,Plein jour,Hors agglomération,Hors intersection,Normale,Trois véhicules et plus - en chaîne,,,,,,,,,,,1,1,1,1,4
201500020415,0015-06-14 19:30:00,15,6,14,19,30,220,360,"0, VALLEE (RUE DE LA)",48.47858,-2.71219,Plein jour,Hors agglomération,Hors intersection,Normale,Deux véhicules - arrière,,,,,,,,,,,1,1,1,1,2
201500020416,0015-06-29 17:15:00,15,6,29,17,15,220,278,"4, GARNIER (ABBE)",48.50577,-2.76141,Plein jour,En agglomération,Hors intersection,Normale,Autre collision,,,,,,,,,,,1,2,1,1,6
201500020417,0015-07-01 12:35:00,15,7,1,12,35,220,278,"0, MONGE",48.50253,-2.73799,Plein jour,En agglomération,Intersection en X,Normale,Deux véhicules - côté,,,,,,,,,,,1,2,2,1,3
201500020418,0015-07-07 21:30:00,15,7,7,21,30,220,360,,48.48554,-2.71289,Plein jour,Hors agglomération,Hors intersection,Normale,Sans collision,,,,,,,,,,,1,1,1,1,7
201500020419,0015-07-15 14:10:00,15,7,15,14,10,220,106,"17 bis, RENNES (RUE DE)",48.49373,-2.71179,Plein jour,En agglomération,Intersection en T,Normale,Deux véhicules - côté,,,,,,,,,,,1,2,3,1,3
201500020420,0015-06-28 18:35:00,15,6,28,18,35,220,278,"0, APOLLINAIRE (GUILLAUM",48.49733,-2.74755,Plein jour,Hors agglomération,Giratoire,Normale,Autre collision,,,,,,,,,,,1,1,6,1,6
201500020421,0015-07-23 02:20:00,15,7,23,2,20,220,278,"3, NERUDA (RD PT PABLO)",48.51989,-2.79038,Nuit sans éclairage public,En agglomération,Hors intersection,Normale,Autre collision,,,,,,,,,,,3,2,1,1,6
201500020422,0015-07-25 18:10:00,15,7,25,18,10,220,278,RN12,48.50745,-2.73603,Plein jour,Hors agglomération,Hors intersection,Normale,Deux véhicules - arrière,,,,,,,,,,,1,1,1,1,2
201500020423,0015-07-06 19:30:00,15,7,6,19,30,220,187,,48.54542,-2.77254,Plein jour,Hors agglomération,Hors intersection,Normale,Deux véhicules - arrière,,,,,,,,,,,1,1,1,1,2
201500020424,0015-08-09 17:20:00,15,8,9,17,20,220,278,"10, PROUST (MARCEL)",48.49281,-2.74879,Plein jour,En agglomération,Intersection en X,Normale,Sans collision,,,,,,,,,,,1,2,2,1,7
201500020425,0015-01-03 19:05:00,15,1,3,19,5,220,106,AMBROISE PARE (RUE),48.49873,-2.73097,Nuit avec éclairage allumé,En agglomération,Hors intersection,Normale,Sans collision,,,,,,,,,,,5,2,1,1,7
201500020426,0015-07-21 09:00:00,15,7,21,9,0,220,215,ST-BARTHELEMY (RUE DE),48.51692,-2.82373,Plein jour,Hors agglomération,Hors intersection,Normale,Deux véhicules - frontale,,,,,,,,,,,1,1,1,1,1
201500020427,0015-07-31 14:15:00,15,7,31,14,15,220,106,"34, BREST (RUE DE)",48.4955,-2.71788,Plein jour,En agglomération,Intersection en T,Normale,Autre collision,,,,,,,,,,,1,2,3,1,6
201500020428,0015-08-14 17:15:00,15,8,14,17,15,220,187,VERDUN (rue de ),48.5447,-2.78569,Plein jour,Hors agglomération,Intersection en T,Normale,Deux véhicules - frontale,,,,,,,,,,,1,1,3,1,1
201500020429,0015-07-04 06:00:00,15,7,4,6,0,220,187,RN12,48.52769,-2.75341,Crépuscule ou aube,Hors agglomération,Hors intersection,Normale,Sans collision,,,,,,,,,,,2,1,1,1,7
201500020430,0015-08-23 16:10:00,15,8,23,16,10,220,106,GREVES (Rue des),48.50315,-2.69608,Plein jour,En agglomération,Hors intersection,Normale,Trois véhicules et plus - collisions multiples,,,,,,,,,,,1,2,1,1,5
201500020431,0015-07-26 18:56:00,15,7,26,18,56,220,360,"53, VILLE GROHAN (RUE DE",48.48659,-2.77456,Plein jour,Hors agglomération,Hors intersection,Normale,Deux véhicules - frontale,,,,,,,,,,,1,1,1,1,1
201500020432,0015-08-28 09:35:00,15,8,28,9,35,220,278,"0, LIGNERIES (DES)",48.52529,-2.7364,Plein jour,En agglomération,Hors intersection,Normale,Autre collision,,,,,,,,,,,1,2,1,1,6
201500020433,0015-08-27 14:49:00,15,8,27,14,49,220,215,CHEVANCE (RUE GEORGES),48.50077,-2.77807,Plein jour,En agglomération,Hors intersection,Pluie légère,Sans collision,,,,,,,,,,,1,2,1,2,7
201500020434,0015-08-22 20:20:00,15,8,22,20,20,220,278,HAREL-DE-LA-NOE (BD),48.51849,-2.74835,Plein jour,En agglomération,Hors intersection,Pluie légère,Deux véhicules - frontale,,,,,,,,,,,1,2,1,2,1
201500020435,0015-09-08 07:45:00,15,9,8,7,45,220,187,L'église (Rue de ),48.5381,-2.73227,Plein jour,En agglomération,Intersection en X,Normale,Deux véhicules - côté,,,,,,,,,,,1,2,2,1,3
201500020436,0015-09-08 19:00:00,15,9,8,19,0,220,106,"17, GENETS (RUE DES)",48.49895,-2.73582,Plein jour,Hors agglomération,Hors intersection,Normale,Deux véhicules - frontale,,,,,,,,,,,1,1,1,1,1
201500020437,0015-08-10 01:15:00,15,8,10,1,15,220,215,RD 700,48.49383,-2.76308,Nuit avec éclairage allumé,En agglomération,Giratoire,Normale,Sans collision,,,,,,,,,,,5,2,6,1,7
201500020438,0015-09-06 00:50:00,15,9,6,0,50,220,106,RN12,48.48259,-2.68998,Nuit avec éclairage non allumé,Hors agglomération,Hors intersection,Normale,Autre collision,,,,,,,,,,,4,1,1,1,6
201500020439,0015-09-14 08:00:00,15,9,14,8,0,220,278,"82, ATLANTIQUE (BD) N°58",48.51896,-2.79306,Plein jour,En agglomération,Hors intersection,Normale,Deux véhicules - côté,,,,,,,,,,,1,2,1,1,3
201500020440,0015-09-18 08:40:00,15,9,18,8,40,220,278,ARMOR (AV. D') COTE PAIR,48.51221,-2.7542,Plein jour,En agglomération,Hors intersection,Normale,Trois véhicules et plus - collisions multiples,,,,,,,,,,,1,2,1,1,5
201500020441,0015-09-15 18:25:00,15,9,15,18,25,220,278,", APOLLINAIRE (GUILLAUME",48.49769,-2.74621,Plein jour,Hors agglomération,Hors intersection,Normale,Deux véhicules - arrière,,,,,,,,,,,1,1,1,1,2