accident_id,datetime,annee,mois,jour,heure,minute,departement,commune_insee,adresse,latitude,longitude,luminosite,agglomeration,intersection,meteo,collision,nb_vehicules,nb_usagers,nb_indemnes,nb_tues,nb_blesses_hosp,nb_blesses_legers,age_cond_1,age_cond_2,veh_type_cond_1,veh_type_cond_2,lum_code,agg_code,int_code,atm_code,col_code
201500020442,0015-09-19 22:30:00,15,9,19,22,30,220,278,"11, TROIS-FRERES-LE-GOFF",48.51594,-2.76406,Nuit avec éclairage allumé,En agglomération,Hors intersection,Normale,Trois véhicules et plus - collisions multiples,,,,,,,,,,,5,2,1,1,5
201500020443,0015-09-20 19:55:00,15,9,20,19,55,220,278,"0, LANGEVIN (ET PASS. PA",48.50267,-2.75034,Plein jour,En agglomération,Intersection en X,Normale,Deux véhicules - frontale,,,,,,,,,,,1,2,2,1,1
201500020444,0015-09-21 10:40:00,15,9,21,10,40,220,278,71° RI (DU),48.51103,-2.7606,Plein jour,En agglomération,Hors intersection,Normale,Autre collision,,,,,,,,,,,1,2,1,1,6
201500020445,0015-09-16 17:46:00,15,9,16,17,46,220,278,"0, TREGOR (DU)",48.51812,-2.79306,Plein jour,En agglomération,Hors intersection,Normale,Autre collision,,,,,,,,,,,1,2,1,1,6
201500020446,0015-10-12 16:40:00,15,10,12,16,40,220,278,"39, LIGNERIES (DES)",48.52357,-2.73204,Plein jour,En agglomération,Hors intersection,Normale,Autre collision,,,,,,,,,,,1,2,1,1,6
201500020447,0015-09-22 12:25:00,15,9,22,12,25,220,278,"54, 71° RI (DU)",48.51103,-2.45361,Plein jour,En agglomération,Hors intersection,Normale,Autre collision,,,,,,,,,,,1,2,1,1,6
201500020448,0015-10-18 16:20:00,15,10,18,16,20,220,360,GUERNEAU (RUE DU),48.48432,-2.77291,Plein jour,Hors agglomération,Hors intersection,Normale,Deux véhicules - côté,,,,,,,,,,,1,1,1,1,3
201500020449,0015-11-02 18:30:00,15,11,2,18,30,220,106,"74, RENNES (RUE DE)",48.49213,-2.70598,Crépuscule ou aube,En agglomération,Hors intersection,Normale,Autre collision,,,,,,,,,,,2,2,1,1,6
201500020450,0015-11-09 14:20:00,15,11,9,14,20,220,278,CLEMENCEAU (BD),48.51059,-2.75936,Plein jour,En agglomération,Hors intersection,Normale,Autre collision,,,,,,,,,,,1,2,1,1,6
201500020451,0015-11-27 13:55:00,15,11,27,13,55,220,278,"0, RAHUEL (DOCTEUR)",48.50667,-2.74918,Plein jour,En agglomération,Hors intersection,Normale,Autre collision,,,,,,,,,,,1,2,1,1,6
201500020452,0015-11-26 20:00:00,15,11,26,20,0,220,360,RD700,48.46451,-2.77928,Plein jour,Hors agglomération,Hors intersection,Normale,Autre collision,,,,,,,,,,,1,1,1,1,6
201500020453,0015-12-04 13:00:00,15,12,4,13,0,220,278,SURCOUF (Q.),48.52787,-2.72721,Plein jour,Hors agglomération,Hors intersection,Normale,Sans collision,,,,,,,,,,,1,1,1,1,7
201500020454,0015-12-05 09:45:00,15,12,5,9,45,220,360,VALLEE (RUE DE LA),48.47887,-2.70945,Plein jour,Hors agglomération,Intersection en T,Normale,Trois véhicules et plus - collisions multiples,,,,,,,,,,,1,1,3,1,5
201500020455,0015-12-08 17:54:00,15,12,8,17,54,220,360,TUILLERIES (RUE DES),48.48438,-2.74894,Crépuscule ou aube,En agglomération,Hors intersection,Normale,Deux véhicules - frontale,,,,,,,,,,,2,2,1,1,1
201500020456,0015-12-12 19:00:00,15,12,12,19,0,220,106,RN12,48.50185,-2.72898,Nuit sans éclairage public,Hors agglomération,Hors intersection,Normale,Trois véhicules et plus - en chaîne,,,,,,,,,,,3,1,1,1,4
201500020457,0015-11-27 23:10:00,15,11,27,23,10,220,187,"0, RN12",48.54497,-2.77335,Nuit sans éclairage public,Hors agglomération,Hors intersection,Normale,Sans collision,,,,,,,,,,,3,1,1,1,7
201500020458,0015-12-15 17:50:00,15,12,15,17,50,220,215,BONNIOTS (RUE DES),48.51926,-2.81482,Nuit avec éclairage allumé,Hors agglomération,Intersection en X,Temps couvert,Deux véhicules - côté,,,,,,,,,,,5,1,2,8,3
201500020459,0015-01-05 17:40:00,15,1,5,17,40,220,278,"0, ROCHE-GAUTIER (DE LA)",48.4935,-2.75378,Crépuscule ou aube,En agglomération,Intersection en Y,Normale,Deux véhicules - côté,,,,,,,,,,,2,2,4,1,3
201500020460,0015-11-23 16:00:00,15,11,23,16,0,220,278,COLOMBIER (DU),48.5053,-2.7501,Plein jour,En agglomération,Hors intersection,Normale,Sans collision,,,,,,,,,,,1,2,1,1,7
201500020461,0015-11-11 13:43:00,15,11,11,13,43,220,278,"21, BAGOT",48.51248,-2.77785,Plein jour,En agglomération,Hors intersection,Normale,Deux véhicules - côté,,,,,,,,,,,1,2,1,1,3
201500020462,0015-12-16 15:30:00,15,12,16,15,30,220,278,POULAIN-CORBION,48.51299,-2.76406,Plein jour,En agglomération,Hors intersection,Normale,Autre collision,,,,,,,,,,,1,2,1,1,6
201500020463,0015-12-14 17:40:00,15,12,14,17,40,220,278,ANCIEN-ABATTOIR (PASS. D,48.51634,-2.77224,Plein jour,Hors agglomération,Hors intersection,Normale,Deux véhicules - côté,,,,,,,,,,,1,1,1,1,3
201500020464,0015-12-24 19:10:00,15,12,24,19,10,220,215,CHAMP BOGARD (RUE DU),48.49601,-2.80874,Crépuscule ou aube,En agglomération,Hors intersection,Normale,Autre collision,,,,,,,,,,,2,2,1,1,6
201500020465,0015-01-06 15:05:00,15,1,6,15,5,220,278,"0, RAHUEL (DOCTEUR)",48.50687,-2.74961,Plein jour,En agglomération,Intersection en T,Normale,Deux véhicules - côté,,,,,,,,,,,1,2,3,1,3
201500020466,0015-01-07 14:00:00,15,1,7,14,0,220,278,PROMENADES (ET ALL. DES),48.51302,-2.7591,Plein jour,En agglomération,Hors intersection,Normale,Autre collision,,,,,,,,,,,1,2,1,1,6
201500020467,0015-01-07 18:00:00,15,1,7,18,0,220,215,le carpont,48.50108,-2.77946,Nuit avec éclairage allumé,Hors agglomération,Giratoire,Autre,Autre collision,,,,,,,,,,,5,1,6,9,6
201500020468,0015-01-13 08:20:00,15,1,13,8,20,220,278,"38, HUNAUDAYE (DE LA)",48.5185,-2.79988,Nuit avec éclairage allumé,En agglomération,Hors intersection,Pluie légère,Deux véhicules - côté,,,,,,,,,,,5,2,1,2,3
201500020469,0015-01-13 17:20:00,15,1,13,17,20,220,278,"13, EIFFEL (GUSTAVE)",48.51849,-2.77866,Crépuscule ou aube,En agglomération,Hors intersection,Normale,Autre collision,,,,,,,,,,,2,2,1,1,6
201500020470,0015-01-14 07:50:00,15,1,14,7,50,220,187,"60, BEAUREGARD (RUE DE)",48.52588,-2.77079,Crépuscule ou aube,En agglomération,Hors intersection,Normale,Autre collision,,,,,,,,,,,2,2,1,1,6
201500020471,0015-01-16 07:45:00,15,1,16,7,45,220,278,"11, ATLANTIQUE (BD) N?1",48.51895,-2.78543,Nuit avec éclairage allumé,En agglomération,Hors intersection,Pluie légère,Autre collision,,,,,,,,,,,5,2,1,2,6
201500020472,0015-01-16 15:10:00,15,1,16,15,10,220,278,"0, CUVERVILLE",48.5056,-2.77559,Plein jour,En agglomération,Intersection en T,Normale,Sans collision,,,,,,,,,,,1,2,3,1,7
201500020473,0015-01-17 12:05:00,15,1,17,12,5,220,278,"ponton 12, ARMEZ (Q.)",48.52402,-2.74487,Plein jour,En agglomération,Hors intersection,Normale,Autre collision,,,,,,,,,,,1,2,1,1,6
201500020474,0015-01-19 10:00:00,15,1,19,10,0,220,360,RN12,48.48306,-2.69922,Plein jour,Hors agglomération,Hors intersection,Normale,Sans collision,,,,,,,,,,,1,1,1,1,7
201500020475,0015-01-26 08:15:00,15,1,26,8,15,220,278,"77, GOUEDIC (DE)",48.50888,-2.75387,Nuit avec éclairage allumé,En agglomération,Intersection en T,Normale,Autre collision,,,,,,,,,,,5,2,3,1,6
201500020476,0015-01-27 19:45:00,15,1,27,19,45,220,278,CLEMENCEAU boulevard,48.50677,-2.76085,Nuit avec éclairage allumé,En agglomération,Hors intersection,Normale,Sans collision,,,,,,,,,,,5,2,1,1,7
201500020477,0015-01-29 09:20:00,15,1,29,9,20,220,278,"37,rue T .Ribot",48.5174,-2.77872,Plein jour,En agglomération,Hors intersection,Pluie forte,Sans collision,,,,,,,,,,,1,2,1,3,7
201500020478,0015-01-30 09:15:00,15,1,30,9,15,220,278,"1, HOUVENAGLE",48.5151,-2.76193,Plein jour,En agglomération,Intersection en T,Normale,Autre collision,,,,,,,,,,,1,2,3,1,6
201500020479,0015-01-30 09:50:00,15,1,30,9,50,220,187,"31, VIADUC (RUE DU)",48.52709,-2.76977,Plein jour,Hors agglomération,Hors intersection,Pluie forte,Sans collision,,,,,,,,,,,1,1,1,3,7
201500020480,0015-01-31 13:00:00,15,1,31,13,0,220,278,"1, GOUEDIC (DE)",48.50935,-2.75482,Plein jour,En agglomération,Intersection en T,Pluie légère,Deux véhicules - côté,,,,,,,,,,,1,2,3,2,3
201500020481,0015-02-05 16:30:00,15,2,5,16,30,220,278,"0, SEMARD (PIERRE)",48.50865,-2.7717,Plein jour,En agglomération,Giratoire,Normale,Deux véhicules - arrière,,,,,,,,,,,1,2,6,1,2
201500020482,0015-02-08 20:45:00,15,2,8,20,45,220,360,"1, FONTAINE (RUE DE LA)",48.48895,-2.75661,Nuit avec éclairage allumé,En agglomération,Intersection en T,Normale,Deux véhicules - frontale,,,,,,,,,,,5,2,3,1,1
201500020483,0015-02-09 15:30:00,15,2,9,15,30,220,278,"0, FERRY (JULES)",48.49867,-2.77174,Plein jour,En agglomération,Giratoire,Normale,Autre collision,,,,,,,,,,,1,2,6,1,6
201500020484,0015-02-12 12:10:00,15,2,12,12,10,220,187,"0, FRANCE LIBRE ( Rue de",48.5295,-2.76042,Plein jour,Hors agglomération,Hors intersection,Normale,Autre collision,,,,,,,,,,,1,1,1,1,6
201500020485,0015-04-09 15:53:00,15,4,9,15,53,230,96,CHARLES DE GAULLE (AVENU,46.16871,1.87401,Plein jour,En agglomération,Intersection en X,Normale,Deux véhicules - côté,,,,,,,,,,,1,2,2,1,3
201500020486,0015-04-25 17:15:00,15,4,25,17,15,230,96,"3, RODDE (RUE DE LA)",46.17233,1.87658,Plein jour,En agglomération,Hors intersection,Normale,Autre collision,,,,,,,,,,,1,2,1,1,6
201500020487,0015-05-17 06:40:00,15,5,17,6,40,230,96,940 (ROUTE DEPARTEMENTAL,46.13328,1.86478,Crépuscule ou aube,Hors agglomération,Hors intersection,Brouillard / fumée,Sans collision,,,,,,,,,,,2,1,1,5,7
201500020488,0015-05-19 13:50:00,15,5,19,13,50,230,96,"43, STALINGRAD (RUE DE)",46.17489,1.87377,Plein jour,En agglomération,Hors intersection,Normale,Autre collision,,,,,,,,,,,1,2,1,1,6
201500020489,0015-06-15 16:30:00,15,6,15,16,30,230,96,"10, FAYOLLE (AVENUE)",46.1714,1.87458,Plein jour,En agglomération,Intersection en T,Pluie forte,Deux véhicules - arrière,,,,,,,,,,,1,2,3,3,2
201500020490,0015-06-23 17:40:00,15,6,23,17,40,230,96,"15, POMMEIL (RUE DE)",46.1665,1.87458,Plein jour,En agglomération,Intersection en Y,Normale,Deux véhicules - côté,,,,,,,,,,,1,2,4,1,3
201500020491,0015-09-07 18:00:00,15,9,7,18,0,230,96,PRAT (RUE DU ),46.17107,1.86844,Plein jour,En agglomération,Hors intersection,Normale,Autre collision,,,,,,,,,,,1,2,1,1,6
201500020492,0015-11-14 15:40:00,15,11,14,15,40,230,96,LEROUX (AVENUE PIERRE),,,Plein jour,En agglomération,Hors intersection,Normale,Autre collision,,,,,,,,,,,1,2,1,1,6
201500020493,0015-12-06 11:15:00,15,12,6,11,15,230,96,POMPIDOU (ROND-POINT),46.18303,1.87797,Plein jour,En agglomération,Giratoire,Normale,Autre collision,,,,,,,,,,,1,2,6,1,6
201500020494,0015-02-23 12:55:00,15,2,23,12,55,230,96,"36, POITOU (AVENUE DU)",46.17547,1.86384,Plein jour,En agglomération,Intersection en T,Pluie légère,Deux véhicules - côté,,,,,,,,,,,1,2,3,2,3
201500020495,0015-02-23 18:45:00,15,2,23,18,45,230,96,"3, BERRY (AVENUE DU)",46.17558,1.87451,Crépuscule ou aube,En agglomération,Intersection en X,Autre,Deux véhicules - côté,,,,,,,,,,,2,2,2,9,3
201500020496,0015-03-09 11:35:00,15,3,9,11,35,230,96,PARDOUX (BOULEVARD ST),46.17077,1.87003,Plein jour,En agglomération,Intersection en T,Normale,Deux véhicules - côté,,,,,,,,,,,1,2,3,1,3
201500020497,0015-03-13 16:00:00,15,3,13,16,0,240,37,RUE DES FRERES PRECHEURS,44.855,0.47948,Plein jour,En agglomération,Hors intersection,Normale,Autre collision,,,,,,,,,,,1,2,1,1,6
201500020498,0015-06-30 07:35:00,15,6,30,7,35,240,37,RUE DES DOCTEURS VIZERIE,44.8501,0.49307,Crépuscule ou aube,En agglomération,Hors intersection,Normale,Autre collision,,,,,,,,,,,2,2,1,1,6
201500020499,0015-07-09 20:10:00,15,7,9,20,10,240,37,BOULEVAR LOUIS PIMONT,44.8432,0.48316,Plein jour,En agglomération,Intersection en X,Normale,Deux véhicules - frontale,,,,,,,,,,,1,2,2,1,1
201500020500,0015-08-25 17:03:00,15,8,25,17,3,240,140,ROUTE DE SAINT-GERMAIN,44.8418,0.54934,Plein jour,Hors agglomération,Hors intersection,Normale,Deux véhicules - frontale,,,,,,,,,,,1,1,1,1,1
201500020501,0015-08-31 07:59:00,15,8,31,7,59,240,37,RUE DES COTE PECHARMANT,44.8641,0.50424,Plein jour,En agglomération,Hors intersection,Normale,Autre collision,,,,,,,,,,,1,2,1,1,6
201500020502,0015-11-27 10:40:00,15,11,27,10,40,240,37,AVENUE PAUL PAINLEVE,44.8369,0.49108,Plein jour,En agglomération,Hors intersection,Brouillard / fumée,Deux véhicules - frontale,,,,,,,,,,,1,2,1,5,1
201500020503,0015-12-07 07:45:00,15,12,7,7,45,240,37,"146, RUE DE LA BOETIE",44.8604,0.47914,Nuit avec éclairage allumé,En agglomération,Hors intersection,Normale,Autre collision,,,,,,,,,,,5,2,1,1,6
201500020504,0015-12-22 20:56:00,15,12,22,20,56,240,37,ROUTE DES LIBRAIRES,44.8548,0.52609,Nuit sans éclairage public,Hors agglomération,Hors intersection,Normale,Autre collision,,,,,,,,,,,3,1,1,1,6
201500020505,0015-01-08 18:25:00,15,1,8,18,25,240,322,"48, ALLEE DU PORT",45.1845,0.70862,Nuit avec éclairage allumé,En agglomération,Intersection en Y,Pluie légère,Autre collision,,,,,,,,,,,5,2,4,2,6
201500020506,0015-02-10 14:00:00,15,2,10,14,0,240,322,ROUTE D'ANGOULEME,45.2018,0.68858,Plein jour,En agglomération,Hors intersection,Normale,Autre collision,,,,,,,,,,,1,2,1,1,6
201500020507,0015-02-24 04:10:00,15,2,24,4,10,240,322,"74, RUE VICTOR HUGO",45.18881,0.71542,Nuit avec éclairage allumé,En agglomération,Hors intersection,Normale,Autre collision,,,,,,,,,,,5,2,1,1,6
201500020508,0015-03-03 20:15:00,15,3,3,20,15,240,256,"18, ROUTE DE BEAULIEU",45.1838,0.66178,Nuit avec éclairage allumé,Hors agglomération,Hors intersection,Normale,Autre collision,,,,,,,,,,,5,1,1,1,6
201500020509,0015-03-05 08:00:00,15,3,5,8,0,240,322,RUE DE CHANZY,45.1852,0.70997,Plein jour,En agglomération,Intersection en T,Normale,Deux véhicules - côté,,,,,,,,,,,1,2,3,1,3
201500020510,0015-03-06 08:25:00,15,3,6,8,25,240,322,"23,  RUE EMILE LAFON",45.1815,0.7151,Plein jour,En agglomération,Hors intersection,Normale,Autre collision,,,,,,,,,,,1,2,1,1,6
201500020511,0015-03-27 12:45:00,15,3,27,12,45,240,322,BOULEVARD LAKANAL,45.1768,0.72414,Plein jour,En agglomération,Hors intersection,Normale,Deux véhicules - côté,,,,,,,,,,,1,2,1,1,3
201500020512,0015-04-19 12:55:00,15,4,19,12,55,240,557,LE POUYAULT,45.2173,0.7512,Plein jour,En agglomération,Hors intersection,Normale,Autre collision,,,,,,,,,,,1,2,1,1,6
201500020513,0015-04-21 11:10:00,15,4,21,11,10,240,322,AVENUE DU MARECHAL JUIN,45.1855,0.70564,Plein jour,En agglomération,Hors intersection,Normale,Autre collision,,,,,,,,,,,1,2,1,1,6
201500020514,0015-04-27 12:46:00,15,4,27,12,46,240,138,RUE DES FRERE MARTY,45.185,0.69699,Plein jour,En agglomération,Intersection en X,Normale,Deux véhicules - frontale,,,,,,,,,,,1,2,2,1,1
201500020515,0015-04-30 14:40:00,15,4,30,14,40,240,322,RUE PIERRE SEMARD,45.1972,0.70043,Plein jour,En agglomération,Intersection en T,Normale,Deux véhicules - arrière,,,,,,,,,,,1,2,3,1,2
201500020516,0015-05-29 22:40:00,15,5,29,22,40,240,557,AVENUE MICHEL GRANDOU,45.1945,0.7778,Nuit avec éclairage allumé,Hors agglomération,Hors intersection,Normale,Deux véhicules - côté,,,,,,,,,,,5,1,1,1,3
201500020517,0015-05-13 19:00:00,15,5,13,19,0,240,98,RUE COMBES DES DAMES,45.1993,0.7307,Plein jour,En agglomération,Intersection en T,Normale,Deux véhicules - côté,,,,,,,,,,,1,2,3,1,3
201500020518,0015-05-15 06:00:00,15,5,15,6,0,240,322,ROND POINT LANXADE,45.1853,0.71254,Nuit avec éclairage allumé,En agglomération,Hors intersection,Normale,Deux véhicules - côté,,,,,,,,,,,5,2,1,1,3
201500020519,0015-06-21 17:15:00,15,6,21,17,15,240,322,PLACE FRANCHEVILLE,45.1832,0.71833,Plein jour,En agglomération,Intersection en T,Normale,Autre collision,,,,,,,,,,,1,2,3,1,6
201500020520,0015-06-26 12:15:00,15,6,26,12,15,240,53,AVENUE FIRMIN BOUVIER,45.1778,0.76789,Plein jour,En agglomération,Hors intersection,Normale,Deux véhicules - frontale,,,,,,,,,,,1,2,1,1,1
201500020521,0015-06-30 09:58:00,15,6,30,9,58,240,322,20 PLACE FRANCHEVILLE,45.1834,0.71836,Plein jour,En agglomération,Intersection en Y,Temps éblouissant,Autre collision,,,,,,,,,,,1,2,4,7,6
201500020522,0015-07-29 09:35:00,15,7,29,9,35,240,98,AVENUE POMPIDOU,45.1998,0.74227,Plein jour,En agglomération,Hors intersection,Pluie légère,Deux véhicules - côté,,,,,,,,,,,1,2,1,2,3
201500020523,0015-08-30 12:20:00,15,8,30,12,20,240,312,"16, ROUTE D'ATUR",45.1755,0.73299,Plein jour,Hors agglomération,Hors intersection,Normale,Deux véhicules - arrière,,,,,,,,,,,1,1,1,1,2
201500020524,0015-09-14 17:20:00,15,9,14,17,20,240,322,"140, ROUTE DE LYON",45.1787,0.7399,Plein jour,En agglomération,Hors intersection,Normale,Deux véhicules - côté,,,,,,,,,,,1,2,1,1,3
201500020525,0015-09-27 06:05:00,15,9,27,6,5,240,322,"4, RUE DE CHANZY",45.1825,0.71199,Nuit avec éclairage allumé,En agglomération,Hors intersection,Normale,Deux véhicules - frontale,,,,,,,,,,,5,2,1,1,1
201500020526,0015-10-22 12:10:00,15,10,22,12,10,240,53,AVENUE MITTERAND,45.1812,0.74966,Plein jour,En agglomération,Hors intersection,Normale,Deux véhicules - frontale,,,,,,,,,,,1,2,1,1,1
201500020527,0015-11-18 07:30:00,15,11,18,7,30,240,53,"37, TALLEYRAND PERIGORD",45.1801,0.7291,Crépuscule ou aube,En agglomération,Intersection en T,Pluie légère,Autre collision,,,,,,,,,,,2,2,3,2,6
201500020528,0015-11-20 18:10:00,15,11,20,18,10,240,138,RUE DU PRESIDENT WILSON,45.184,0.71699,Nuit avec éclairage allumé,Hors agglomération,Intersection en T,Pluie légère,Autre collision,,,,,,,,,,,5,1,3,2,6
201500020529,0015-01-26 09:14:00,15,1,26,9,14,250,56,"sans, FORT BENOIT CHEMIN",,,Plein jour,En agglomération,Intersection en T,Neige / grêle,Deux véhicules - côté,,,,,,,,,,,1,2,3,4,3
201500020530,0015-03-11 16:29:00,15,3,11,16,29,250,56,"7, CASSOTTE  RUE DE LA",47.246,6.02886,Plein jour,En agglomération,Hors intersection,Normale,Autre collision,,,,,,,,,,,1,2,1,1,6
201500020531,0015-01-26 16:46:00,15,1,26,16,46,250,56,"SANS, GIACOMOTTI  RUE",47.23145,6.01089,Plein jour,En agglomération,Hors intersection,Pluie légère,Autre collision,,,,,,,,,,,1,2,1,2,6
201500020532,0015-03-12 12:52:00,15,3,12,12,52,250,56,"SANS, OUEST BOULEVARD",,,Plein jour,En agglomération,Hors intersection,Normale,Autre collision,,,,,,,,,,,1,2,1,1,6
201500020533,0015-01-28 18:00:00,15,1,28,18,0,250,56,"SANS, BLUM BOULEVARD LEO",,,Nuit avec éclairage allumé,En agglomération,Hors intersection,Pluie légère,Deux véhicules - frontale,,,,,,,,,,,5,2,1,2,1
201500020534,0015-03-16 17:55:00,15,3,16,17,55,250,56,"SANS, LAFAYETTE RUE",47.21222,5.97167,Plein jour,En agglomération,Hors intersection,Normale,Autre collision,,,,,,,,,,,1,2,1,1,6
201500020535,0015-01-30 16:08:00,15,1,30,16,8,250,56,"SANS, HELVETIE AVENUE D'",47.24304,6.02688,Plein jour,En agglomération,Hors intersection,Neige / grêle,Autre collision,,,,,,,,,,,1,2,1,4,6
201500020536,0015-03-17 07:31:00,15,3,17,7,31,250,56,"SANS, BELFORT RUE DE <14",47.1511,6.2126,Plein jour,En agglomération,Intersection en X,Normale,Deux véhicules - côté,,,,,,,,,,,1,2,2,1,3
201500020537,0015-01-31 17:40:00,15,1,31,17,40,250,56,"SANS, BATTANT RUE",,,Nuit avec éclairage allumé,En agglomération,Hors intersection,Normale,Deux véhicules - côté,,,,,,,,,,,5,2,1,1,3
201500020538,0015-03-17 17:13:00,15,3,17,17,13,250,56,"85D, BELFORT RUE DE <144",47.151,6.16,Plein jour,En agglomération,Hors intersection,Normale,Autre collision,,,,,,,,,,,1,2,1,1,6
201500020539,0015-02-15 17:25:00,15,2,15,17,25,250,56,"sans, JACOBINS PLACE DES",47.23782,6.02405,Plein jour,En agglomération,Intersection en X,Normale,Autre collision,,,,,,,,,,,1,2,2,1,6
201500020540,0015-03-19 17:12:00,15,3,19,17,12,250,56,"SANS, DOLE RUE DE >185 &",47.2278,5.97508,Plein jour,En agglomération,Hors intersection,Normale,Deux véhicules - frontale,,,,,,,,,,,1,2,1,1,1
201500020541,0015-02-15 15:18:00,15,2,15,15,18,250,56,"SANS, PASCAL RUE BLAISE",47.21633,5.97873,Plein jour,En agglomération,Hors intersection,Normale,Autre collision,,,,,,,,,,,1,2,1,1,6
201500020542,0015-03-20 17:57:00,15,3,20,17,57,250,56,"41, VILLARCEAU AVENUE",47.23852,6.01252,Plein jour,En agglomération,Hors intersection,Normale,Autre collision,,,,,,,,,,,1,2,1,1,6
201500020543,0015-02-17 15:44:00,15,2,17,15,44,250,56,"6, DIDEROT BOULEVARD",47.24573,6.03565,Plein jour,En agglomération,Hors intersection,Normale,Autre collision,,,,,,,,,,,1,2,1,1,6
201500020544,0015-03-24 18:52:00,15,3,24,18,52,250,56,"4, KENNEDY  BOULEVARD J.",47.24278,5.99333,Crépuscule ou aube,En agglomération,Intersection en T,Normale,Autre collision,,,,,,,,,,,2,2,3,1,6
201500020545,0015-02-18 01:27:00,15,2,18,1,27,250,56,"SANS, OUDET RUE",47.23547,6.01543,Nuit avec éclairage allumé,En agglomération,Hors intersection,Normale,Autre collision,,,,,,,,,,,5,2,1,1,6
201500020546,0015-03-25 08:38:00,15,3,25,8,38,250,56,"SANS, BONNEFOY RUE CONST",47.21859,5.97115,Plein jour,En agglomération,Hors intersection,Normale,Autre collision,,,,,,,,,,,1,2,1,1,6
201500020547,0015-02-21 07:56:00,15,2,21,7,56,250,56,"65, RIVOTTE  FAUBOURG",47.23081,6.03636,Plein jour,En agglomération,Hors intersection,Pluie légère,Autre collision,,,,,,,,,,,1,2,1,2,6
201500020548,0015-03-25 22:30:00,15,3,25,22,30,250,56,"3, OUEST BOULEVARD",47.22202,5.97983,Nuit avec éclairage allumé,En agglomération,Hors intersection,Normale,Autre collision,,,,,,,,,,,5,2,1,1,6
201500020549,0015-02-25 11:45:00,15,2,25,11,45,250,56,"75, VESOUL RUE DE > 52",47.25565,6.01321,Plein jour,En agglomération,Hors intersection,Normale,Autre collision,,,,,,,,,,,1,2,1,1,6
201500020550,0015-03-26 17:34:00,15,3,26,17,34,250,56,"1, AMITIE RUE",47.1074,5.90867,Plein jour,En agglomération,Intersection en T,Normale,Deux véhicules - côté,,,,,,,,,,,1,2,3,1,3
201500020551,0015-03-26 19:48:00,15,3,26,19,48,250,56,"154, BELFORT RUE DE BELF",,,Nuit avec éclairage allumé,En agglomération,Hors intersection,Normale,Autre collision,,,,,,,,,,,5,2,1,1,6
201500020552,0015-03-27 05:55:00,15,3,27,5,55,250,56,"8, MONTBOUCONS CHEMIN DE",47.25617,5.99388,Nuit avec éclairage allumé,En agglomération,Hors intersection,Normale,Autre collision,,,,,,,,,,,5,2,1,1,6
201500020553,0015-03-30 11:25:00,15,3,30,11,25,250,56,"SANS, WYRSCH RUE JEAN",47.25406,6.0153,Plein jour,En agglomération,Intersection en T,Pluie légère,Autre collision,,,,,,,,,,,1,2,3,2,6
201500020554,0015-04-08 19:28:00,15,4,8,19,28,250,56,"SANS, CASSIN PLACE RENE",47.21792,5.97018,Plein jour,En agglomération,Place,Normale,Autre collision,,,,,,,,,,,1,2,7,1,6
201500020555,0015-04-10 22:00:00,15,4,10,22,0,250,56,"SANS, GAULLE BOULEVARD C",,,Nuit avec éclairage allumé,En agglomération,Hors intersection,Normale,Autre collision,,,,,,,,,,,5,2,1,1,6
201500020556,0015-04-14 19:34:00,15,4,14,19,34,250,56,"SANS, VALENTIN  CHEMIN D",47.26728,6.01139,Plein jour,En agglomération,Hors intersection,Normale,Deux véhicules - côté,,,,,,,,,,,1,2,1,1,3
201500020557,0015-04-22 15:33:00,15,4,22,15,33,250,56,CHURCHILL BD WINSTON,47.24486,5.99598,Plein jour,En agglomération,Hors intersection,Normale,Deux véhicules - arrière,,,,,,,,,,,1,2,1,1,2
201500020558,0015-05-05 11:45:00,15,5,5,11,45,250,56,"sans, BLUM BOULEVARD LEO",,,Plein jour,En agglomération,Hors intersection,Normale,Autre collision,,,,,,,,,,,1,2,1,1,6
201500020559,0015-05-06 09:35:00,15,5,6,9,35,250,56,"SANS, KENNEDY  BOULEVARD",,,Plein jour,En agglomération,Hors intersection,Normale,Autre collision,,,,,,,,,,,1,2,1,1,6
201500020560,0015-05-07 07:12:00,15,5,7,7,12,250,56,"sans, LAFAYETTE RUE",47.22144,5.97328,Plein jour,En agglomération,Intersection en T,Normale,Trois véhicules et plus - collisions multiples,,,,,,,,,,,1,2,3,1,5
201500020561,0015-05-09 15:57:00,15,5,9,15,57,250,56,"SANS, CHAILLOT RUE DES D",,,Plein jour,En agglomération,Hors intersection,Normale,Deux véhicules - frontale,,,,,,,,,,,1,2,1,1,1
201500020562,0015-05-11 16:21:00,15,5,11,16,21,250,56,"SANS, HELVETIE AVENUE D'",,,Plein jour,En agglomération,Intersection en T,Normale,Trois véhicules et plus - collisions multiples,,,,,,,,,,,1,2,3,1,5
201500020563,0015-05-11 23:15:00,15,5,11,23,15,250,56,"SANS, MONTRAPON AVENUE D",,,Nuit avec éclairage allumé,En agglomération,Hors intersection,Normale,Deux véhicules - frontale,,,,,,,,,,,5,2,1,1,1
201500020564,0015-05-12 18:30:00,15,5,12,18,30,250,56,"20, MONTRAPON AVENUE DE",47.24574,6.0105,Plein jour,En agglomération,Hors intersection,Normale,Deux véhicules - arrière,,,,,,,,,,,1,2,1,1,2
201500020565,0015-05-13 10:18:00,15,5,13,10,18,250,56,"SANS, DENFERT ROCHEREAU",,,Plein jour,En agglomération,Intersection en T,Normale,Deux véhicules - côté,,,,,,,,,,,1,2,3,1,3
201500020566,0015-05-13 13:27:00,15,5,13,13,27,250,56,"12, DOLTO RUE",47.22207,5.95684,Plein jour,En agglomération,Hors intersection,Normale,Deux véhicules - frontale,,,,,,,,,,,1,2,1,1,1