accident_id,datetime,annee,mois,jour,heure,minute,departement,commune_insee,adresse,latitude,longitude,luminosite,agglomeration,intersection,meteo,collision,nb_vehicules,nb_usagers,nb_indemnes,nb_tues,nb_blesses_hosp,nb_blesses_legers,age_cond_1,age_cond_2,veh_type_cond_1,veh_type_cond_2,lum_code,agg_code,int_code,atm_code,col_code
201500020821,0015-04-19 16:05:00,15,4,19,16,5,260,281,AV MARIUS MOUTET,45.0535,5.0544,Plein jour,En agglomération,Hors intersection,Normale,Deux véhicules - côté,,,,,,,,,,,1,2,1,1,3
201500020822,0015-02-14 15:50:00,15,2,14,15,50,260,281,52 PLACE JEAN JAURES,45.0459,5.0515,Plein jour,En agglomération,Hors intersection,Normale,Autre collision,,,,,,,,,,,1,2,1,1,6
201500020823,0015-04-21 13:30:00,15,4,21,13,30,260,57,RUE DE LA REPUBLIQUE,45.0385,5.0492,Plein jour,En agglomération,Hors intersection,Normale,Autre collision,,,,,,,,,,,1,2,1,1,6
201500020824,0015-02-15 09:05:00,15,2,15,9,5,260,57,RUE VINCENT DINDY,45.0481,5.0773,Plein jour,En agglomération,Hors intersection,Pluie légère,Autre collision,,,,,,,,,,,1,2,1,2,6
201500020825,0015-04-29 14:40:00,15,4,29,14,40,260,281,43 BIS CHEMIN DES BOEUF,45.0403,5.0662,Plein jour,En agglomération,Hors intersection,Normale,Autre collision,,,,,,,,,,,1,2,1,1,6
201500020826,0015-02-23 07:55:00,15,2,23,7,55,260,281,AVENUE DUCHESNE,45.0471,5.0434,Plein jour,En agglomération,Hors intersection,Normale,Deux véhicules - côté,,,,,,,,,,,1,2,1,1,3
201500020827,0015-05-09 18:52:00,15,5,9,18,52,260,281,ROUTE DE TAIN,,,Plein jour,Hors agglomération,Hors intersection,Normale,Deux véhicules - arrière,,,,,,,,,,,1,1,1,1,2
201500020828,0015-02-23 08:50:00,15,2,23,8,50,260,57,RUE  DE LA REPUBLIQUE,45.0401,5.0502,Plein jour,En agglomération,Intersection en X,Normale,Sans collision,,,,,,,,,,,1,2,2,1,7
201500020829,0015-05-11 18:00:00,15,5,11,18,0,260,281,AVENUE DU 8 MAI,45.0463,5.0775,Plein jour,En agglomération,Intersection en T,Normale,Deux véhicules - côté,,,,,,,,,,,1,2,3,1,3
201500020830,0015-02-27 11:25:00,15,2,27,11,25,260,281,BD ETIENNE JEA LAPASSAT,,,Plein jour,En agglomération,Hors intersection,Pluie forte,Sans collision,,,,,,,,,,,1,2,1,3,7
201500020831,0015-05-14 16:20:00,15,5,14,16,20,260,281,RD 53,,,Plein jour,En agglomération,Giratoire,Normale,Deux véhicules - côté,,,,,,,,,,,1,2,6,1,3
201500020832,0015-03-10 17:25:00,15,3,10,17,25,260,281,AV JEAN MOULIN,45.0552,5.049,Plein jour,En agglomération,Hors intersection,Normale,Deux véhicules - arrière,,,,,,,,,,,1,2,1,1,2
201500020833,0015-05-19 18:20:00,15,5,19,18,20,260,57,AV EUGENE CHAVANT,,,Plein jour,En agglomération,Hors intersection,Normale,Deux véhicules - frontale,,,,,,,,,,,1,2,1,1,1
201500020834,0015-05-20 12:07:00,15,5,20,12,7,260,281,BOULRVARD HENRI DUNANT,45.0473,5.0756,Plein jour,En agglomération,Intersection en X,Normale,Deux véhicules - côté,,,,,,,,,,,1,2,2,1,3
201500020835,0015-05-28 08:45:00,15,5,28,8,45,260,281,RUE CHOSSIGNY,45.0422,5.0461,Plein jour,En agglomération,Hors intersection,Normale,Autre collision,,,,,,,,,,,1,2,1,1,6
201500020836,0015-06-10 07:50:00,15,6,10,7,50,260,281,BOULEVARD GABRIEL PERI,45.0483,5.0517,Plein jour,En agglomération,Hors intersection,Normale,Deux véhicules - côté,,,,,,,,,,,1,2,1,1,3
201500020837,0015-06-18 18:15:00,15,6,18,18,15,260,281,PASSAGE GALLOIS,45.0475,5.0547,Plein jour,En agglomération,Intersection en X,Normale,Deux véhicules - frontale,,,,,,,,,,,1,2,2,1,1
201500020838,0015-06-18 11:15:00,15,6,18,11,15,260,57,RUE LOUIS PASTEUR,45.0369,5.051,Plein jour,En agglomération,Intersection en X,Normale,Deux véhicules - côté,,,,,,,,,,,1,2,2,1,3
201500020839,0015-06-24 19:45:00,15,6,24,19,45,260,281,BOULEVARD VOLTAIRE,45.0443,5.0582,Crépuscule ou aube,En agglomération,Hors intersection,Normale,Deux véhicules - frontale,,,,,,,,,,,2,2,1,1,1
201500020840,0015-06-26 08:35:00,15,6,26,8,35,260,281,PLACE CARNOT,45.0486,5.0496,Plein jour,En agglomération,Hors intersection,Normale,Deux véhicules - arrière,,,,,,,,,,,1,2,1,1,2
201500020841,0015-06-26 16:15:00,15,6,26,16,15,260,281,RUE  DELAY,45.0492,5.0511,Plein jour,En agglomération,Hors intersection,Normale,Deux véhicules - côté,,,,,,,,,,,1,2,1,1,3
201500020842,0015-06-28 19:25:00,15,6,28,19,25,260,281,COTE DES MASSES,45.0451,5.0447,Crépuscule ou aube,En agglomération,Hors intersection,Normale,Deux véhicules - arrière,,,,,,,,,,,2,2,1,1,2
201500020843,0015-07-01 11:47:00,15,7,1,11,47,260,281,PLACE JEAN JAURES,45.0463,5.0526,Plein jour,En agglomération,Hors intersection,Normale,Deux véhicules - côté,,,,,,,,,,,1,2,1,1,3
201500020844,0015-07-06 12:20:00,15,7,6,12,20,260,57,RD 2532N,,,Plein jour,En agglomération,Hors intersection,Normale,Deux véhicules - côté,,,,,,,,,,,1,2,1,1,3
201500020845,0015-07-13 09:50:00,15,7,13,9,50,260,281,AV  ADOLPHE FIGUET,45.0435,5.0613,Plein jour,En agglomération,Hors intersection,Normale,Deux véhicules - arrière,,,,,,,,,,,1,2,1,1,2
201500020846,0015-07-30 17:30:00,15,7,30,17,30,260,281,AVENUE GAMBETTA,45.0454,5.0591,Plein jour,En agglomération,Place,Normale,Deux véhicules - côté,,,,,,,,,,,1,2,7,1,3
201500020847,0015-07-30 16:50:00,15,7,30,16,50,260,281,PLACE JEAN JAURES,45.0454,5.0532,Plein jour,En agglomération,Giratoire,Normale,Deux véhicules - côté,,,,,,,,,,,1,2,6,1,3
201500020848,0015-08-07 09:30:00,15,8,7,9,30,260,281,AVENUE DE DEPORTATION,45.0541,5.101,Plein jour,En agglomération,Intersection en X,Normale,Deux véhicules - frontale,,,,,,,,,,,1,2,2,1,1
201500020849,0015-08-12 08:08:00,15,8,12,8,8,260,57,AVENUE DES PATRIOTES,45.0375,5.0534,Plein jour,En agglomération,Hors intersection,Normale,Deux véhicules - côté,,,,,,,,,,,1,2,1,1,3
201500020850,0015-08-18 19:30:00,15,8,18,19,30,260,281,BD PIERRE MENDES FRANCE,,,Crépuscule ou aube,En agglomération,Hors intersection,Normale,Trois véhicules et plus - en chaîne,,,,,,,,,,,2,2,1,1,4
201500020851,0015-08-22 14:30:00,15,8,22,14,30,260,281,COTE DES CORDELIERS,45.0437,5.0513,Plein jour,En agglomération,Intersection en T,Normale,Deux véhicules - arrière,,,,,,,,,,,1,2,3,1,2
201500020852,0015-08-24 12:14:00,15,8,24,12,14,260,281,BOULEVARD REMY ROURE,45.0456,5.0516,Plein jour,En agglomération,Hors intersection,Normale,Deux véhicules - arrière,,,,,,,,,,,1,2,1,1,2
201500020853,0015-09-07 16:00:00,15,9,7,16,0,260,281,BD REMY ROURE,45.05,5.0403,Plein jour,Hors agglomération,Hors intersection,Normale,Autre collision,,,,,,,,,,,1,1,1,1,6
201500020854,0015-09-14 12:00:00,15,9,14,12,0,260,281,PLACE JULES NADI,45.0442,5.052,Plein jour,En agglomération,Hors intersection,Normale,Deux véhicules - arrière,,,,,,,,,,,1,2,1,1,2
201500020855,0015-09-15 11:37:00,15,9,15,11,37,260,57,AVENUE  PREMIERE ARMEE,45.0339,5.0649,Plein jour,En agglomération,Hors intersection,Normale,Sans collision,,,,,,,,,,,1,2,1,1,7
201500020856,0015-09-15 13:40:00,15,9,15,13,40,260,281,AVENUE GAMBETTA,45.0454,5.0607,Plein jour,En agglomération,Autre intersection,Normale,Autre collision,,,,,,,,,,,1,2,9,1,6
201500020857,0015-09-16 20:30:00,15,9,16,20,30,260,57,AV GEORGES POMPIDOU,,,Nuit sans éclairage public,En agglomération,Hors intersection,Normale,Deux véhicules - côté,,,,,,,,,,,3,2,1,1,3
201500020858,0015-09-18 16:05:00,15,9,18,16,5,260,281,AVENUE GAMBETTA,45.0455,5.0603,Plein jour,En agglomération,Autre intersection,Normale,Deux véhicules - côté,,,,,,,,,,,1,2,9,1,3
201500020859,0015-09-19 19:10:00,15,9,19,19,10,260,281,101 AVENUE DU MAQUIS,45.0495,5.0768,Plein jour,En agglomération,Hors intersection,Normale,Deux véhicules - côté,,,,,,,,,,,1,2,1,1,3
201500020860,0015-09-19 19:45:00,15,9,19,19,45,260,57,RUE ANTONIN  VALLON,45.0408,5.0524,Plein jour,En agglomération,Intersection en T,Normale,Trois véhicules et plus - en chaîne,,,,,,,,,,,1,2,3,1,4
201500020861,0015-09-21 18:15:00,15,9,21,18,15,260,281,RD 532 DIRECTION TAIN,,,Plein jour,En agglomération,Giratoire,Normale,Deux véhicules - arrière,,,,,,,,,,,1,2,6,1,2
201500020862,0015-09-26 12:05:00,15,9,26,12,5,260,281,AVENUE BERTHELOT,45.0446,5.0388,Plein jour,En agglomération,Hors intersection,Normale,Deux véhicules - frontale,,,,,,,,,,,1,2,1,1,1
201500020863,0015-09-29 18:00:00,15,9,29,18,0,260,281,AVENUE DES ALLOBROGES,,,Plein jour,En agglomération,Hors intersection,Normale,Trois véhicules et plus - collisions multiples,,,,,,,,,,,1,2,1,1,5
201500020864,0015-10-01 09:00:00,15,10,1,9,0,260,281,PONT MARECHAL DE LATTRE,45.0415,5.0563,Plein jour,En agglomération,Autre intersection,Normale,Deux véhicules - côté,,,,,,,,,,,1,2,9,1,3
201500020865,0015-10-06 16:50:00,15,10,6,16,50,260,281,89 AV JEAN MOULIN,45.0575,5.0498,Plein jour,En agglomération,Hors intersection,Normale,Autre collision,,,,,,,,,,,1,2,1,1,6
201500020866,0015-10-08 18:15:00,15,10,8,18,15,260,281,QUAI STE  CLAIRE,45.0435,5.0435,Plein jour,En agglomération,Hors intersection,Normale,Trois véhicules et plus - en chaîne,,,,,,,,,,,1,2,1,1,4
201500020867,0015-10-09 09:20:00,15,10,9,9,20,260,281,COTE JACQUEMART,45.0438,5.0496,Plein jour,En agglomération,Intersection en X,Normale,Deux véhicules - côté,,,,,,,,,,,1,2,2,1,3
201500020868,0015-10-12 15:40:00,15,10,12,15,40,260,281,BD PIERRE MENDES FRANCE,,,Plein jour,En agglomération,Hors intersection,Normale,Deux véhicules - frontale,,,,,,,,,,,1,2,1,1,1
201500020869,0015-10-13 10:45:00,15,10,13,10,45,260,281,AVENUE GAMBETTA,45.0455,5.0589,Plein jour,En agglomération,Hors intersection,Pluie légère,Deux véhicules - arrière,,,,,,,,,,,1,2,1,2,2
201500020870,0015-11-02 11:25:00,15,11,2,11,25,260,57,RUE ANTONIN VALLON,45.0408,5.0524,Plein jour,En agglomération,Hors intersection,Normale,Deux véhicules - arrière,,,,,,,,,,,1,2,1,1,2
201500020871,0015-11-02 16:50:00,15,11,2,16,50,260,281,ROUTE DE TAIN,45.0441,5.02,Plein jour,En agglomération,Hors intersection,Normale,Deux véhicules - côté,,,,,,,,,,,1,2,1,1,3
201500020872,0015-11-06 12:10:00,15,11,6,12,10,260,281,RUE SIMONE ABBAT,45.047,5.0354,Plein jour,En agglomération,Hors intersection,Normale,Deux véhicules - arrière,,,,,,,,,,,1,2,1,1,2
201500020873,0015-11-14 09:53:00,15,11,14,9,53,260,281,AVENUE MARCEL PAUL,45.0484,5.0374,Plein jour,En agglomération,Intersection en T,Normale,Deux véhicules - côté,,,,,,,,,,,1,2,3,1,3
201500020874,0015-11-28 14:05:00,15,11,28,14,5,260,281,AV EMILE  ZOLA,45.0511,5.0592,Plein jour,En agglomération,Hors intersection,Normale,Autre collision,,,,,,,,,,,1,2,1,1,6
201500020875,0015-11-30 07:50:00,15,11,30,7,50,260,281,ROND POINT N 1 ALLOBROGE,,,Nuit avec éclairage allumé,En agglomération,Giratoire,Normale,Deux véhicules - côté,,,,,,,,,,,5,2,6,1,3
201500020876,0015-11-23 12:14:00,15,11,23,12,14,260,281,AV CHANOINE J CHEVALIER,45.0444,5.0413,Plein jour,En agglomération,Giratoire,Normale,Sans collision,,,,,,,,,,,1,2,6,1,7
201500020877,0015-12-02 10:40:00,15,12,2,10,40,260,57,ALLEE DAUPHINE,45.0178,5.0351,Plein jour,Hors agglomération,Intersection en X,Normale,Deux véhicules - côté,,,,,,,,,,,1,1,2,1,3
201500020878,0015-12-08 11:40:00,15,12,8,11,40,260,57,GRAND RUE JEAN JAURES,45.0393,5.0477,Plein jour,En agglomération,Giratoire,Normale,Autre collision,,,,,,,,,,,1,2,6,1,6
201500020879,0015-12-08 13:50:00,15,12,8,13,50,260,281,AVENUE DUCHESNE,45.0482,5.0412,Plein jour,Hors agglomération,Intersection en Y,Normale,Autre collision,,,,,,,,,,,1,1,4,1,6
201500020880,0015-12-10 14:20:00,15,12,10,14,20,260,281,AVENUE  ADOLPHE  FIGUET,45.0449,5.0651,Plein jour,En agglomération,Intersection en X,Normale,Deux véhicules - arrière,,,,,,,,,,,1,2,2,1,2
201500020881,0015-12-11 07:40:00,15,12,11,7,40,260,281,AVENUE ADOLPHE  FIGUET,45.0426,5.058,Nuit avec éclairage allumé,En agglomération,Giratoire,Normale,Deux véhicules - côté,,,,,,,,,,,5,2,6,1,3
201500020882,0015-12-12 16:05:00,15,12,12,16,5,260,281,ALLEE EDOUARD BRANLY,,,Plein jour,Hors agglomération,Hors intersection,Normale,Deux véhicules - arrière,,,,,,,,,,,1,1,1,1,2
201500020883,0015-12-15 19:05:00,15,12,15,19,5,260,281,RTE DE GENISSIEUX,,,Crépuscule ou aube,En agglomération,Hors intersection,Normale,Deux véhicules - côté,,,,,,,,,,,2,2,1,1,3
201500020884,0015-12-17 16:55:00,15,12,17,16,55,260,57,RD 538,,,Plein jour,Hors agglomération,Intersection en X,Normale,Deux véhicules - côté,,,,,,,,,,,1,1,2,1,3
201500020885,0015-12-18 16:48:00,15,12,18,16,48,260,281,69 AV JEAN MOULIN,45.0559,5.0493,Plein jour,En agglomération,Hors intersection,Normale,Deux véhicules - côté,,,,,,,,,,,1,2,1,1,3
201500020886,0015-12-21 11:52:00,15,12,21,11,52,260,281,AVENUE DEPORTATION,45.0505,5.0829,Plein jour,En agglomération,Giratoire,Pluie légère,Deux véhicules - côté,,,,,,,,,,,1,2,6,2,3
201500020887,0015-12-22 18:15:00,15,12,22,18,15,260,281,AV DES ALLOBROGES,,,Nuit avec éclairage allumé,Hors agglomération,Hors intersection,Normale,Deux véhicules - arrière,,,,,,,,,,,5,1,1,1,2
201500020888,0015-01-08 13:45:00,15,1,8,13,45,260,58,RUE MOULIN ALBON,44.951,4.9019,Plein jour,Hors agglomération,Intersection en T,Normale,Deux véhicules - côté,,,,,,,,,,,1,1,3,1,3
201500020889,0015-12-28 17:06:00,15,12,28,17,6,260,362,RUE GUISEPPE VERDI,44.9299,4.9184,Crépuscule ou aube,En agglomération,Hors intersection,Normale,Autre collision,,,,,,,,,,,2,2,1,1,6
201500020890,0015-03-21 22:00:00,15,3,21,22,0,260,362,ROUTE DE BEAUVALLON,,,Nuit sans éclairage public,En agglomération,Hors intersection,Normale,Deux véhicules - frontale,,,,,,,,,,,3,2,1,1,1
201500020891,0015-01-08 14:00:00,15,1,8,14,0,260,362,PASSAGE ARGONNE,44.9342,4.8972,Plein jour,En agglomération,Intersection en T,Normale,Autre collision,,,,,,,,,,,1,2,3,1,6
201500020892,0015-03-18 19:20:00,15,3,18,19,20,260,362,RUE DES ALPES,44.9262,4.9012,Plein jour,En agglomération,Intersection en X,Normale,Deux véhicules - côté,,,,,,,,,,,1,2,2,1,3
201500020893,0015-12-28 20:15:00,15,12,28,20,15,260,362,ROUTE DE ROMANS,44.942,4.9181,Nuit avec éclairage allumé,En agglomération,Hors intersection,Normale,Deux véhicules - côté,,,,,,,,,,,5,2,1,1,3
201500020894,0015-01-11 05:30:00,15,1,11,5,30,260,170,L A C R A R N 7,,,Nuit sans éclairage public,Hors agglomération,Hors intersection,Normale,Deux véhicules - frontale,,,,,,,,,,,3,1,1,1,1
201500020895,0015-12-29 02:20:00,15,12,29,2,20,260,58,RN 2007N,44.9434,4.88879,Nuit sans éclairage public,En agglomération,Hors intersection,Normale,Sans collision,,,,,,,,,,,3,2,1,1,7
201500020896,0015-01-12 09:53:00,15,1,12,9,53,260,362,RUE DES ALPES,44.9271,4.8997,Plein jour,En agglomération,Intersection en X,Normale,Autre collision,,,,,,,,,,,1,2,2,1,6
201500020897,0015-03-27 19:50:00,15,3,27,19,50,260,362,L A C R A  RN 7,,,Nuit sans éclairage public,Hors agglomération,Hors intersection,Normale,Trois véhicules et plus - en chaîne,,,,,,,,,,,3,1,1,1,4
201500020898,0015-01-07 09:10:00,15,1,7,9,10,260,362,73 RUE FAVENTINES,44.929,4.8988,Plein jour,En agglomération,Hors intersection,Normale,Autre collision,,,,,,,,,,,1,2,1,1,6
201500020899,0015-03-29 21:00:00,15,3,29,21,0,260,362,L A C R A  RN 532,,,Nuit avec éclairage non allumé,Hors agglomération,Hors intersection,Normale,Sans collision,,,,,,,,,,,4,1,1,1,7
201500020900,0015-01-15 21:00:00,15,1,15,21,0,260,170,L A C R A RN 7,,,Nuit sans éclairage public,Hors agglomération,Hors intersection,Normale,Trois véhicules et plus - en chaîne,,,,,,,,,,,3,1,1,1,4
201500020901,0015-03-31 13:44:00,15,3,31,13,44,260,362,ALLEE RAYMOND MIAS,44.9347,4.9012,Plein jour,En agglomération,Hors intersection,Normale,Autre collision,,,,,,,,,,,1,2,1,1,6
201500020902,0015-01-21 12:13:00,15,1,21,12,13,260,362,87 AVENUE VICTOR HUGO,44.9265,4.8891,Plein jour,En agglomération,Hors intersection,Pluie légère,Autre collision,,,,,,,,,,,1,2,1,2,6
201500020903,0015-04-09 08:25:00,15,4,9,8,25,260,58,PLACE DE LA REPUBLIQUE,44.9411,4.8936,Plein jour,En agglomération,Place,Normale,Deux véhicules - côté,,,,,,,,,,,1,2,7,1,3
201500020904,0015-01-28 20:30:00,15,1,28,20,30,260,252,AVENUE BROSSOLETTE,44.8861,4.8861,Nuit avec éclairage allumé,En agglomération,Intersection en T,Normale,Deux véhicules - côté,,,,,,,,,,,5,2,3,1,3
201500020905,0015-04-10 08:10:00,15,4,10,8,10,260,362,BD JOHN FITZGERALD KENNE,44.9401,4.9159,Plein jour,En agglomération,Giratoire,Normale,Autre collision,,,,,,,,,,,1,2,6,1,6
201500020906,0015-01-30 20:59:00,15,1,30,20,59,260,58,AVENUE JACQUES BREL,44.9516,4.9028,Nuit avec éclairage allumé,En agglomération,Intersection en X,Normale,Deux véhicules - côté,,,,,,,,,,,5,2,2,1,3
201500020907,0015-04-19 14:22:00,15,4,19,14,22,260,362,178 AVENUE DE ROMANS,44.9371,4.9119,Plein jour,En agglomération,Hors intersection,Pluie légère,Deux véhicules - côté,,,,,,,,,,,1,2,1,2,3
201500020908,0015-01-30 13:25:00,15,1,30,13,25,260,362,AVENUE JEAN MONNET,44.9201,4.9319,Plein jour,En agglomération,Intersection en X,Normale,Deux véhicules - côté,,,,,,,,,,,1,2,2,1,3
201500020909,0015-04-14 11:15:00,15,4,14,11,15,260,362,AVENUE DE ROMANS,44.9333,4.902,Plein jour,En agglomération,Hors intersection,Normale,Autre collision,,,,,,,,,,,1,2,1,1,6
201500020910,0015-02-10 06:00:00,15,2,10,6,0,260,252,ROUTE DE BEAUVALLON,44.8773,4.8941,Nuit sans éclairage public,Hors agglomération,Hors intersection,Normale,Autre collision,,,,,,,,,,,3,1,1,1,6
201500020911,0015-04-20 09:25:00,15,4,20,9,25,260,362,89 RUE FAVENTINES,44.9281,4.8997,Plein jour,En agglomération,Hors intersection,Normale,Deux véhicules - côté,,,,,,,,,,,1,2,1,1,3
201500020912,0015-02-13 19:08:00,15,2,13,19,8,260,362,BD GENERAL DE GAULLE,44.9304,4.8901,Nuit avec éclairage allumé,En agglomération,Hors intersection,Normale,Autre collision,,,,,,,,,,,5,2,1,1,6
201500020913,0015-05-15 09:28:00,15,5,15,9,28,260,58,MONTEE DU LONG,,,Plein jour,En agglomération,Hors intersection,Normale,Autre collision,,,,,,,,,,,1,2,1,1,6
201500020914,0015-02-17 18:25:00,15,2,17,18,25,260,362,AVENUE DE PROVENCE,44.9068,4.8791,Nuit avec éclairage allumé,En agglomération,Autre intersection,Normale,Autre collision,,,,,,,,,,,5,2,9,1,6
201500020915,0015-05-14 17:43:00,15,5,14,17,43,260,362,AVENUE VICTOR HUGO,44.9178,4.8854,Plein jour,En agglomération,Intersection en T,Normale,Deux véhicules - côté,,,,,,,,,,,1,2,3,1,3
201500020916,0015-02-19 07:01:00,15,2,19,7,1,260,58,640 RUE ARISTIDE BERGES,44.9648,4.8783,Nuit sans éclairage public,En agglomération,Hors intersection,Normale,Deux véhicules - côté,,,,,,,,,,,3,2,1,1,3
201500020917,0015-05-17 15:40:00,15,5,17,15,40,260,362,RUE EMMANUEL CHABRIER,44.938,4.932,Plein jour,En agglomération,Hors intersection,Normale,Sans collision,,,,,,,,,,,1,2,1,1,7
201500020918,0015-02-23 18:30:00,15,2,23,18,30,260,252,RN7 DEVIATION DE PORTES,,,Nuit avec éclairage allumé,Hors agglomération,Intersection en X,Normale,Deux véhicules - côté,,,,,,,,,,,5,1,2,1,3
201500020919,0015-05-07 14:43:00,15,5,7,14,43,260,362,AVENUE DE ROMANS,44.9343,4.9061,Plein jour,Hors agglomération,Hors intersection,Normale,Autre collision,,,,,,,,,,,1,1,1,1,6
201500020920,0015-02-28 14:10:00,15,2,28,14,10,260,58,BD GENERAL DE GAULLE,44.9411,4.8936,Plein jour,En agglomération,Giratoire,Normale,Deux véhicules - côté,,,,,,,,,,,1,2,6,1,3
201500020921,0015-06-02 09:35:00,15,6,2,9,35,260,362,168 AVENUE DE ROMANS,44.9366,4.9112,Plein jour,En agglomération,Hors intersection,Normale,Autre collision,,,,,,,,,,,1,2,1,1,6
201500020922,0015-02-28 16:15:00,15,2,28,16,15,260,362,AVENUE DE ROMANS,44.9501,4.9275,Plein jour,Hors agglomération,Hors intersection,Normale,Trois véhicules et plus - collisions multiples,,,,,,,,,,,1,1,1,1,5
201500020923,0015-05-18 17:53:00,15,5,18,17,53,260,313,LACRA RN532,,,Plein jour,Hors agglomération,Hors intersection,Normale,Sans collision,,,,,,,,,,,1,1,1,1,7
201500020924,0015-03-11 12:26:00,15,3,11,12,26,260,362,BD FRANCKLIN ROOSEVELT,44.9265,4.9174,Plein jour,En agglomération,Intersection en X,Normale,Deux véhicules - côté,,,,,,,,,,,1,2,2,1,3
201500020925,0015-06-03 19:12:00,15,6,3,19,12,260,58,AVENUE DE LYON,44.9583,4.8893,Plein jour,En agglomération,Hors intersection,Normale,Autre collision,,,,,,,,,,,1,2,1,1,6
201500020926,0015-03-13 16:05:00,15,3,13,16,5,260,362,52 RUE PROMPSAULT,44.9264,4.90004,Plein jour,Hors agglomération,Hors intersection,Normale,Autre collision,,,,,,,,,,,1,1,1,1,6
201500020927,0015-06-05 13:25:00,15,6,5,13,25,260,252,RN7 DEVIATION DE PORTES,,,Plein jour,Hors agglomération,Intersection en X,Normale,Deux véhicules - côté,,,,,,,,,,,1,1,2,1,3
201500020928,0015-03-13 11:35:00,15,3,13,11,35,260,362,PLACE PORTE NEUVE,44.9308,4.8914,Plein jour,En agglomération,Hors intersection,Normale,Autre collision,,,,,,,,,,,1,2,1,1,6
201500020929,0015-06-18 21:12:00,15,6,18,21,12,260,362,L A C R A  RN 7,,,Plein jour,Hors agglomération,Hors intersection,Normale,Sans collision,,,,,,,,,,,1,1,1,1,7
201500020930,0015-06-19 00:20:00,15,6,19,0,20,260,4,HERMITE,,,Nuit sans éclairage public,Hors agglomération,Hors intersection,Normale,Deux véhicules - arrière,,,,,,,,,,,3,1,1,1,2
201500020931,0015-06-21 01:00:00,15,6,21,1,0,260,362,AVENUE DE PROVENCE,,,Nuit sans éclairage public,En agglomération,Hors intersection,Normale,Autre collision,,,,,,,,,,,3,2,1,1,6
201500020932,0015-06-23 13:30:00,15,6,23,13,30,260,362,RUE FARNERIE,44.9342,4.8926,Plein jour,En agglomération,Intersection en X,Normale,Deux véhicules - côté,,,,,,,,,,,1,2,2,1,3
201500020933,0015-04-09 22:20:00,15,4,9,22,20,260,362,187 AVENUE DE ROMANS,44.935,4.9088,Nuit avec éclairage allumé,En agglomération,Hors intersection,Normale,Sans collision,,,,,,,,,,,5,2,1,1,7
201500020934,0015-06-24 11:05:00,15,6,24,11,5,260,362,MICHAUD DE LAURE,44.95,4.9491,Plein jour,Hors agglomération,Intersection en X,Normale,Deux véhicules - côté,,,,,,,,,,,1,1,2,1,3
201500020935,0015-06-28 18:05:00,15,6,28,18,5,260,58,ROND POINT DES COULEURS,44.9545,4.9325,Plein jour,Hors agglomération,Giratoire,Normale,Deux véhicules - côté,,,,,,,,,,,1,1,6,1,3
201500020936,0015-07-02 14:03:00,15,7,2,14,3,260,252,ROUTE DE BEAUVALLON,,,Plein jour,Hors agglomération,Hors intersection,Normale,Trois véhicules et plus - collisions multiples,,,,,,,,,,,1,1,1,1,5
201500020937,0015-07-01 17:30:00,15,7,1,17,30,260,362,AVENUE DE ROMANS,44.9334,4.9022,Plein jour,En agglomération,Intersection en T,Normale,Deux véhicules - frontale,,,,,,,,,,,1,2,3,1,1
201500020938,0015-07-26 03:55:00,15,7,26,3,55,260,362,AVENUE DE ROMANS,44.9327,4.8988,Nuit avec éclairage allumé,En agglomération,Giratoire,Normale,Deux véhicules - arrière,,,,,,,,,,,5,2,6,1,2
201500020939,0015-07-27 15:55:00,15,7,27,15,55,260,58,LE CHANTRE,,,Plein jour,Hors agglomération,Hors intersection,Normale,Trois véhicules et plus - en chaîne,,,,,,,,,,,1,1,1,1,4
201500020940,0015-08-10 14:55:00,15,8,10,14,55,260,58,ROUTE DE FOUILLOUSE,44.9669,4.9155,Plein jour,En agglomération,Intersection en X,Normale,Deux véhicules - côté,,,,,,,,,,,1,2,2,1,3
201500020941,0015-08-14 09:55:00,15,8,14,9,55,260,362,AVENUE VICTOR HUGO,44.9199,4.8858,Plein jour,En agglomération,Hors intersection,Normale,Autre collision,,,,,,,,,,,1,2,1,1,6
201500020942,0015-09-10 12:50:00,15,9,10,12,50,260,362,AVENUE DE  VERDUN,44.938,4.8989,Plein jour,En agglomération,Hors intersection,Normale,Deux véhicules - arrière,,,,,,,,,,,1,2,1,1,2
201500020943,0015-09-14 22:30:00,15,9,14,22,30,260,252,RN7 DEVIATION DE PORTES,,,Plein jour,Hors agglomération,Hors intersection,Normale,Sans collision,,,,,,,,,,,1,1,1,1,7
201500020944,0015-09-14 17:15:00,15,9,14,17,15,260,362,ALLEE JAMES JOULE,44.8885,4.8902,Plein jour,En agglomération,Hors intersection,Normale,Autre collision,,,,,,,,,,,1,2,1,1,6
201500020945,0015-09-23 18:00:00,15,9,23,18,0,260,362,32 AVENUE DES AUREATS,44.9014,4.8841,Plein jour,En agglomération,Hors intersection,Normale,Deux véhicules - côté,,,,,,,,,,,1,2,1,1,3
201500020946,0015-09-22 15:44:00,15,9,22,15,44,260,362,36 COURS BOURVIL,44.9462,4.9149,Plein jour,En agglomération,Hors intersection,Normale,Autre collision,,,,,,,,,,,1,2,1,1,6
201500020947,0015-08-06 08:15:00,15,8,6,8,15,260,362,AVENUE DE  VERDUN,44.9381,4.8992,Plein jour,En agglomération,Hors intersection,Normale,Autre collision,,,,,,,,,,,1,2,1,1,6
201500020948,0015-09-24 17:00:00,15,9,24,17,0,260,362,AV DOCTEUR SANTY,44.9122,4.9088,Plein jour,En agglomération,Giratoire,Normale,Autre collision,,,,,,,,,,,1,2,6,1,6
201500020949,0015-09-24 17:45:00,15,9,24,17,45,260,362,AVENUE DE PROVENCE,,,Plein jour,En agglomération,Hors intersection,Normale,Deux véhicules - arrière,,,,,,,,,,,1,2,1,1,2
201500020950,0015-09-28 15:15:00,15,9,28,15,15,260,362,AVENUE DE LA MARNE,44.9354,4.8976,Plein jour,En agglomération,Hors intersection,Normale,Autre collision,,,,,,,,,,,1,2,1,1,6