accident_id,datetime,annee,mois,jour,heure,minute,departement,commune_insee,adresse,latitude,longitude,luminosite,agglomeration,intersection,meteo,collision,nb_vehicules,nb_usagers,nb_indemnes,nb_tues,nb_blesses_hosp,nb_blesses_legers,age_cond_1,age_cond_2,veh_type_cond_1,veh_type_cond_2,lum_code,agg_code,int_code,atm_code,col_code
201500020951,0015-10-17 16:30:00,15,10,17,16,30,260,58,RUE JULIEN KEYSER,44.9371,4.8888,Plein jour,En agglomération,Hors intersection,Normale,Autre collision,,,,,,,,,,,1,2,1,1,6
201500020952,0015-11-16 18:08:00,15,11,16,18,8,260,362,AVENUE DE CHABEUIL,44.9293,4.9083,Nuit avec éclairage allumé,En agglomération,Hors intersection,Normale,Autre collision,,,,,,,,,,,5,2,1,1,6
201500020953,0015-11-19 11:40:00,15,11,19,11,40,260,362,178  AVENUE DE ROMANS,44.9371,4.9119,Plein jour,En agglomération,Hors intersection,Normale,Trois véhicules et plus - collisions multiples,,,,,,,,,,,1,2,1,1,5
201500020954,0015-11-14 20:46:00,15,11,14,20,46,260,362,BD JOHN FITZGERALD KENNE,44.9365,4.9181,Nuit avec éclairage allumé,En agglomération,Intersection en X,Normale,Deux véhicules - côté,,,,,,,,,,,5,2,2,1,3
201500020955,0015-11-28 20:40:00,15,11,28,20,40,260,362,60 AVENUE DE CHABEUIL,44.9314,4.9013,Nuit avec éclairage non allumé,En agglomération,Intersection en X,Normale,Deux véhicules - côté,,,,,,,,,,,4,2,2,1,3
201500020956,0015-11-29 14:40:00,15,11,29,14,40,260,58,55 ROUTE D LYON,44.9483,4.8931,Plein jour,En agglomération,Hors intersection,Normale,Autre collision,,,,,,,,,,,1,2,1,1,6
201500020957,0015-12-05 02:00:00,15,12,5,2,0,260,252,ROUTE DE BEAUVALLON,,,Nuit sans éclairage public,Hors agglomération,Hors intersection,Normale,Sans collision,,,,,,,,,,,3,1,1,1,7
201500020958,0015-12-03 10:35:00,15,12,3,10,35,260,362,54 AVENUE VICTOR  HUGO,44.9281,4.88999,Plein jour,En agglomération,Hors intersection,Normale,Autre collision,,,,,,,,,,,1,2,1,1,6
201500020959,0015-10-23 08:38:00,15,10,23,8,38,260,362,7 BD BANCEL,44.9304,4.8927,Plein jour,Hors agglomération,Hors intersection,Normale,Autre collision,,,,,,,,,,,1,1,1,1,6
201500020960,0015-12-12 10:03:00,15,12,12,10,3,260,362,RUE DENIS PAPIN,44.9222,4.8908,Plein jour,En agglomération,Giratoire,Normale,Autre collision,,,,,,,,,,,1,2,6,1,6
201500020961,0015-02-05 09:00:00,15,2,5,9,0,840,37,RD 17 a 85 m du panneau,44.05689,4.82116,Plein jour,En agglomération,Hors intersection,Normale,Autre collision,,,,,,,,,,,1,2,1,1,6
201500020962,0015-07-08 16:15:00,15,7,8,16,15,840,37,av pierre de luxembourg,44.05053,4.8355,Plein jour,En agglomération,Hors intersection,Normale,Deux véhicules - côté,,,,,,,,,,,1,2,1,1,3
201500020963,0015-11-17 22:00:00,15,11,17,22,0,840,27,,,,Nuit sans éclairage public,Hors agglomération,Hors intersection,Normale,Autre collision,,,,,,,,,,,3,1,1,1,6
201500020964,0015-01-22 18:00:00,15,1,22,18,0,60,109,,,,Crépuscule ou aube,Hors agglomération,Hors intersection,Normale,Deux véhicules - frontale,,,,,,,,,,,2,1,1,1,1
201500020965,0015-02-27 14:15:00,15,2,27,14,15,60,126,RM6202,43.82506,7.1896,Plein jour,En agglomération,Hors intersection,Normale,Trois véhicules et plus - en chaîne,,,,,,,,,,,1,2,1,1,4
201500020966,0015-04-30 11:15:00,15,4,30,11,15,60,25,,,,Plein jour,Hors agglomération,Hors intersection,Normale,Sans collision,,,,,,,,,,,1,1,1,1,7
201500020967,0015-06-14 15:00:00,15,6,14,15,0,60,22,,,,Plein jour,Hors agglomération,Hors intersection,Normale,Autre collision,,,,,,,,,,,1,1,1,1,6
201500020968,0015-06-20 18:15:00,15,6,20,18,15,60,34,,,,Plein jour,Hors agglomération,Hors intersection,Normale,Sans collision,,,,,,,,,,,1,1,1,1,7
201500020969,0015-07-15 08:00:00,15,7,15,8,0,60,46,71 corniche LAUGIER,,,Plein jour,En agglomération,Hors intersection,Normale,Deux véhicules - frontale,,,,,,,,,,,1,2,1,1,1
201500020970,0015-07-31 07:45:00,15,7,31,7,45,60,6,route de tourette-levens,,,Plein jour,En agglomération,Autre intersection,Normale,Deux véhicules - côté,,,,,,,,,,,1,2,9,1,3
201500020971,0015-09-22 19:00:00,15,9,22,19,0,60,117,,,,Plein jour,Hors agglomération,Hors intersection,Normale,Deux véhicules - frontale,,,,,,,,,,,1,1,1,1,1
201500020972,0015-10-05 19:45:00,15,10,5,19,45,60,22,,,,Nuit sans éclairage public,Hors agglomération,Hors intersection,Normale,Deux véhicules - frontale,,,,,,,,,,,3,1,1,1,1
201500020973,0015-10-26 17:00:00,15,10,26,17,0,60,46,,,,Plein jour,Hors agglomération,Hors intersection,Normale,Deux véhicules - arrière,,,,,,,,,,,1,1,1,1,2
201500020974,0015-11-06 18:30:00,15,11,6,18,30,60,64,,,,Nuit sans éclairage public,Hors agglomération,Hors intersection,Normale,Deux véhicules - frontale,,,,,,,,,,,3,1,1,1,1
201500020975,0015-11-12 18:00:00,15,11,12,18,0,60,126,,,,Nuit sans éclairage public,Hors agglomération,Hors intersection,Normale,Sans collision,,,,,,,,,,,3,1,1,1,7
201500020976,0015-02-06 19:30:00,15,2,6,19,30,380,337,route des bruy?res,,,Nuit sans éclairage public,En agglomération,Hors intersection,Normale,Trois véhicules et plus - en chaîne,,,,,,,,,,,3,2,1,1,4
201500020977,0015-03-31 17:00:00,15,3,31,17,0,380,239,RD 1092/ch violette,45.33013,5.55727,Plein jour,En agglomération,Intersection en T,Normale,Autre collision,,,,,,,,,,,1,2,3,1,6
201500020978,0015-04-08 08:00:00,15,4,8,8,0,380,133,ROUTE DES GORGES,45.37135,5.61445,Plein jour,En agglomération,Hors intersection,Normale,Deux véhicules - frontale,,,,,,,,,,,1,2,1,1,1
201500020979,0015-05-23 12:30:00,15,5,23,12,30,380,332,,,,Plein jour,Hors agglomération,Hors intersection,Normale,Deux véhicules - frontale,,,,,,,,,,,1,1,1,1,1
201500020980,0015-05-30 12:30:00,15,5,30,12,30,380,194,Rue Bayard,,,Plein jour,En agglomération,Hors intersection,Normale,Deux véhicules - frontale,,,,,,,,,,,1,2,1,1,1
201500020981,0015-02-18 06:00:00,15,2,18,6,0,380,239,Rue des Pautes D1085,45.32945,5.56917,Crépuscule ou aube,En agglomération,Intersection en X,Normale,Deux véhicules - frontale,,,,,,,,,,,2,2,2,1,1
201500020982,0015-03-11 22:45:00,15,3,11,22,45,380,133,chemin du neyroud,45.3531,5.62051,Nuit sans éclairage public,En agglomération,Hors intersection,Normale,Sans collision,,,,,,,,,,,3,2,1,1,7
201500020983,0015-03-14 04:30:00,15,3,14,4,30,380,337,,,,Nuit sans éclairage public,Hors agglomération,Hors intersection,Pluie légère,Autre collision,,,,,,,,,,,3,1,1,2,6
201500020984,0015-03-28 14:15:00,15,3,28,14,15,380,105,691 RTE DE CHATREUSE,45.40746,5.56253,Plein jour,En agglomération,Hors intersection,Temps couvert,Deux véhicules - côté,,,,,,,,,,,1,2,1,8,3
201500020985,0015-06-02 19:45:00,15,6,2,19,45,380,84,,,,Plein jour,Hors agglomération,Hors intersection,Normale,Deux véhicules - arrière,,,,,,,,,,,1,1,1,1,2
201500020986,0015-07-18 20:45:00,15,7,18,20,45,380,239,,,,Crépuscule ou aube,Hors agglomération,Hors intersection,Normale,Deux véhicules - côté,,,,,,,,,,,2,1,1,1,3
201500020987,0015-07-29 06:45:00,15,7,29,6,45,380,239,,,,Crépuscule ou aube,Hors agglomération,Hors intersection,Normale,Trois véhicules et plus - collisions multiples,,,,,,,,,,,2,1,1,1,5
201500020988,0015-09-05 04:45:00,15,9,5,4,45,380,337,,,,Nuit sans éclairage public,Hors agglomération,Hors intersection,Normale,Deux véhicules - frontale,,,,,,,,,,,3,1,1,1,1
201500020989,0015-09-27 03:00:00,15,9,27,3,0,380,239,Av Marius Chorot,45.32699,5.57302,Nuit avec éclairage allumé,En agglomération,Hors intersection,Normale,Autre collision,,,,,,,,,,,5,2,1,1,6
201500020990,0015-10-03 03:30:00,15,10,3,3,30,380,337,123 ROUTE DE BAS RIVES,,,Nuit avec éclairage allumé,En agglomération,Hors intersection,Normale,Autre collision,,,,,,,,,,,5,2,1,1,6
201500020991,0015-10-11 15:00:00,15,10,11,15,0,380,332,,,,Plein jour,Hors agglomération,Hors intersection,Normale,Deux véhicules - côté,,,,,,,,,,,1,1,1,1,3
201500020992,0015-10-23 08:30:00,15,10,23,8,30,380,337,,,,Plein jour,Hors agglomération,Hors intersection,Normale,Autre collision,,,,,,,,,,,1,1,1,1,6
201500020993,0015-10-30 03:45:00,15,10,30,3,45,380,105,route du Marais,,,Nuit sans éclairage public,En agglomération,Hors intersection,Brouillard / fumée,Autre collision,,,,,,,,,,,3,2,1,5,6
201500020994,0015-11-04 17:30:00,15,11,4,17,30,380,194,,,,Crépuscule ou aube,Hors agglomération,Hors intersection,Normale,Autre collision,,,,,,,,,,,2,1,1,1,6
201500020995,0015-11-06 08:15:00,15,11,6,8,15,380,105,,45.42757,5.56271,Plein jour,Hors agglomération,Hors intersection,Normale,Deux véhicules - frontale,,,,,,,,,,,1,1,1,1,1
201500020996,0015-11-20 16:45:00,15,11,20,16,45,380,400,,45.34963,5.59554,Crépuscule ou aube,Hors agglomération,Intersection en X,Pluie légère,Autre collision,,,,,,,,,,,2,1,2,2,6
201500020997,0015-12-05 08:15:00,15,12,5,8,15,380,30,,45.35873,5.47023,Plein jour,Hors agglomération,Intersection en Y,Brouillard / fumée,Deux véhicules - arrière,,,,,,,,,,,1,1,4,5,2
201500020998,0015-04-29 11:45:00,15,4,29,11,45,690,283,Chemin du Charbonnier,,,Plein jour,En agglomération,Giratoire,Normale,Autre collision,,,,,,,,,,,1,2,6,1,6
201500020999,0015-05-08 18:45:00,15,5,8,18,45,690,283,,,,Crépuscule ou aube,Hors agglomération,Hors intersection,Pluie forte,Deux véhicules - côté,,,,,,,,,,,2,1,1,3,3
201500021000,0015-05-28 19:00:00,15,5,28,19,0,690,283,rue du 19 mars 1962,,,Plein jour,En agglomération,Hors intersection,Normale,Autre collision,,,,,,,,,,,1,2,1,1,6
201500021001,0015-09-10 17:15:00,15,9,10,17,15,690,283,81 route de Corbas,,,Plein jour,En agglomération,Hors intersection,Normale,Deux véhicules - côté,,,,,,,,,,,1,2,1,1,3
201500021002,0015-10-19 12:45:00,15,10,19,12,45,690,283,rue Dumont d'Urville,,,Plein jour,En agglomération,Hors intersection,Normale,Autre collision,,,,,,,,,,,1,2,1,1,6
201500021003,0015-03-07 17:45:00,15,3,7,17,45,620,397,"rue de Guyzelin, GUINES",50.86655,1.86464,Plein jour,En agglomération,Hors intersection,Normale,Autre collision,,,,,,,,,,,1,2,1,1,6
201500021004,0015-03-24 08:15:00,15,3,24,8,15,620,408,,50.85407,1.81916,Plein jour,Hors agglomération,Hors intersection,Normale,Deux véhicules - frontale,,,,,,,,,,,1,1,1,1,1
201500021005,0015-06-11 17:15:00,15,6,11,17,15,620,397,rue Aristide Brian,50.87272,1.86968,Plein jour,En agglomération,Hors intersection,Normale,Trois véhicules et plus - en chaîne,,,,,,,,,,,1,2,1,1,4
201500021006,0015-07-22 14:30:00,15,7,22,14,30,620,408,Route départementale 127,50.91229,1.87444,Plein jour,En agglomération,Hors intersection,Normale,Deux véhicules - frontale,,,,,,,,,,,1,2,1,1,1
201500021007,0015-08-14 15:30:00,15,8,14,15,30,620,161,,50.8263,1.90269,Plein jour,En agglomération,Hors intersection,Normale,Deux véhicules - côté,,,,,,,,,,,1,2,1,1,3
201500021008,0015-12-15 17:30:00,15,12,15,17,30,620,334,rue de la ville RD232,50.82512,1.82096,Nuit avec éclairage allumé,En agglomération,Autre intersection,Pluie légère,Autre collision,,,,,,,,,,,5,2,9,2,6
201500021009,0015-02-21 19:00:00,15,2,21,19,0,580,86,Avenue du 85? de ligne,,,Nuit avec éclairage allumé,En agglomération,Giratoire,Pluie légère,Autre collision,,,,,,,,,,,5,2,6,2,6
201500021010,0015-06-04 13:15:00,15,6,4,13,15,580,251,,,,Plein jour,Hors agglomération,Hors intersection,Normale,Deux véhicules - côté,,,,,,,,,,,1,1,1,1,3
201500021011,0015-12-10 19:30:00,15,12,10,19,30,580,209,,,,Nuit sans éclairage public,Hors agglomération,Hors intersection,Temps couvert,Autre collision,,,,,,,,,,,3,1,1,8,6
201500021012,0015-03-23 03:45:00,15,3,23,3,45,410,101,,47.621,1.162,Nuit sans éclairage public,Hors agglomération,Hors intersection,Normale,Autre collision,,,,,,,,,,,3,1,1,1,6
201500021013,0015-04-03 17:15:00,15,4,3,17,15,410,8,,47.746,1.527,Plein jour,Hors agglomération,Hors intersection,Normale,Deux véhicules - arrière,,,,,,,,,,,1,1,1,1,2
201500021014,0015-05-04 15:00:00,15,5,4,15,0,410,252,,47.705,1.452,Plein jour,Hors agglomération,Hors intersection,Temps couvert,Deux véhicules - arrière,,,,,,,,,,,1,1,1,8,2
201500021015,0015-05-10 22:15:00,15,5,10,22,15,410,206,,47.632,1.355,Nuit sans éclairage public,Hors agglomération,Hors intersection,Normale,Sans collision,,,,,,,,,,,3,1,1,1,7
201500021016,0015-05-23 08:30:00,15,5,23,8,30,410,114,,47.747,1.538,Plein jour,Hors agglomération,Hors intersection,Normale,Sans collision,,,,,,,,,,,1,1,1,1,7
201500021017,0015-07-13 15:45:00,15,7,13,15,45,410,223,,47.61707,1.21396,Plein jour,Hors agglomération,Hors intersection,Temps éblouissant,Autre collision,,,,,,,,,,,1,1,1,7,6
201500021018,0015-07-15 06:15:00,15,7,15,6,15,410,252,,47.68393,1.41644,Plein jour,Hors agglomération,Hors intersection,Normale,Sans collision,,,,,,,,,,,1,1,1,1,7
201500021019,0015-07-22 14:30:00,15,7,22,14,30,410,101,,47.61536,1.16029,Plein jour,Hors agglomération,Hors intersection,Normale,Deux véhicules - arrière,,,,,,,,,,,1,1,1,1,2
201500021020,0015-07-27 06:00:00,15,7,27,6,0,410,136,,47.72209,1.4917,Crépuscule ou aube,Hors agglomération,Hors intersection,Normale,Trois véhicules et plus - collisions multiples,,,,,,,,,,,2,1,1,1,5
201500021021,0015-07-19 19:15:00,15,7,19,19,15,410,91,,47.61804,1.26537,Plein jour,Hors agglomération,Hors intersection,Normale,Deux véhicules - arrière,,,,,,,,,,,1,1,1,1,2
201500021022,0015-08-04 19:45:00,15,8,4,19,45,410,245,,47.74253,1.53066,Plein jour,Hors agglomération,Hors intersection,Temps éblouissant,Deux véhicules - arrière,,,,,,,,,,,1,1,1,7,2
201500021023,0015-08-14 07:45:00,15,8,14,7,45,410,252,,47.6806,1.40859,Plein jour,Hors agglomération,Hors intersection,Normale,Deux véhicules - arrière,,,,,,,,,,,1,1,1,1,2
201500021024,0015-08-22 08:45:00,15,8,22,8,45,410,136,,47.71283,1.47099,Plein jour,Hors agglomération,Hors intersection,Normale,Deux véhicules - côté,,,,,,,,,,,1,1,1,1,3
201500021025,0015-08-28 06:30:00,15,8,28,6,30,410,252,,47.69289,1.43489,Crépuscule ou aube,Hors agglomération,Hors intersection,Pluie légère,Deux véhicules - arrière,,,,,,,,,,,2,1,1,2,2
201500021026,0015-09-07 23:00:00,15,9,7,23,0,410,288,,47.65771,1.38118,Nuit sans éclairage public,Hors agglomération,Hors intersection,Normale,Deux véhicules - arrière,,,,,,,,,,,3,1,1,1,2
201500021027,0015-01-12 10:30:00,15,1,12,10,30,270,229,BRIAND (AVENUE ARISTI,49.00457,1.11312,Plein jour,En agglomération,Hors intersection,Normale,Autre collision,,,,,,,,,,,1,2,1,1,6
201500021028,0015-02-17 13:30:00,15,2,17,13,30,270,229,"1, LEPOUZE (RUE)",49.02558,1.55669,Plein jour,En agglomération,Autre intersection,Normale,Deux véhicules - côté,,,,,,,,,,,1,2,9,1,3
201500021029,0015-10-21 04:40:00,15,10,21,4,40,270,229,VERNON (RUE DE),49.0288,1.16644,Nuit avec éclairage allumé,En agglomération,Intersection en X,Normale,Deux véhicules - frontale,,,,,,,,,,,5,2,2,1,1
201500021030,0015-03-23 11:50:00,15,3,23,11,50,270,229,"59, MONDUIT (RUE HENRI)",49.029,1.13582,Plein jour,En agglomération,Hors intersection,Normale,Autre collision,,,,,,,,,,,1,2,1,1,6
201500021031,0015-03-20 21:55:00,15,3,20,21,55,270,229,ROOSEVELT (RUE FRANKLIN,49.02081,1.15657,Nuit avec éclairage allumé,En agglomération,Intersection en X,Normale,Deux véhicules - côté,,,,,,,,,,,5,2,2,1,3
201500021032,0015-11-06 21:10:00,15,11,6,21,10,270,299,NETREVILLE (RUE DE),49.04319,1.1722,Nuit sans éclairage public,Hors agglomération,Hors intersection,Normale,Deux véhicules - frontale,,,,,,,,,,,3,1,1,1,1
201500021033,0015-03-26 12:45:00,15,3,26,12,45,270,229,PORTEVIN (RUE),49.01515,1.14992,Plein jour,Hors agglomération,Hors intersection,Normale,Deux véhicules - arrière,,,,,,,,,,,1,1,1,1,2
201500021034,0015-11-20 19:40:00,15,11,20,19,40,270,229,"17, SAINT THOMAS (RUE)",49.02717,1.14694,Nuit avec éclairage allumé,En agglomération,Hors intersection,Normale,Deux véhicules - frontale,,,,,,,,,,,5,2,1,1,1
201500021035,0015-04-04 05:35:00,15,4,4,5,35,270,229,CONCHES (ROUTE DE),49.01751,1.11473,Nuit avec éclairage allumé,En agglomération,Hors intersection,Normale,Autre collision,,,,,,,,,,,5,2,1,1,6
201500021036,0015-12-04 16:20:00,15,12,4,16,20,270,229,ALLENDE (BOULEVARD DU PR,49.0034,1.14807,Plein jour,En agglomération,Intersection en X,Normale,Deux véhicules - côté,,,,,,,,,,,1,2,2,1,3
201500021037,0015-04-18 21:25:00,15,4,18,21,25,270,229,"2, BORVILLE DUPUIS (RUE)",49.02764,1.15199,Crépuscule ou aube,En agglomération,Intersection en X,Normale,Deux véhicules - côté,,,,,,,,,,,2,2,2,1,3
201500021038,0015-04-23 13:20:00,15,4,23,13,20,270,229,62 SAINT ANDRE (ROUTE DE,49.01244,1.16517,Plein jour,En agglomération,Hors intersection,Normale,Deux véhicules - côté,,,,,,,,,,,1,2,1,1,3
201500021039,0015-05-18 08:50:00,15,5,18,8,50,270,229,"1, JARDIN BOTANIQUE (RUE",49.02191,1.48959,Plein jour,En agglomération,Hors intersection,Normale,Deux véhicules - frontale,,,,,,,,,,,1,2,1,1,1
201500021040,0015-06-10 14:55:00,15,6,10,14,55,270,229,"1, CARTIER (RUE JACQUES)",49.02666,1.17617,Plein jour,En agglomération,Hors intersection,Normale,Autre collision,,,,,,,,,,,1,2,1,1,6
201500021041,0015-06-25 09:35:00,15,6,25,9,35,270,229,"1, LUXEMBOURG (RUE DU)",49.03366,1.18492,Plein jour,En agglomération,Hors intersection,Normale,Autre collision,,,,,,,,,,,1,2,1,1,6
201500021042,0015-07-01 19:25:00,15,7,1,19,25,270,229,VULCAIN (RUE),49.02044,1.182,Plein jour,En agglomération,Giratoire,Normale,Deux véhicules - côté,,,,,,,,,,,1,2,6,1,3
201500021043,0015-07-14 18:40:00,15,7,14,18,40,270,229,HARPE (RUE DE LA),,,Plein jour,En agglomération,Hors intersection,Normale,Autre collision,,,,,,,,,,,1,2,1,1,6
201500021044,0015-07-20 14:25:00,15,7,20,14,25,270,229,rue de la Sablonnière,49.01073,1.1522,Plein jour,En agglomération,Intersection en X,Normale,Deux véhicules - côté,,,,,,,,,,,1,2,2,1,3
201500021045,0015-07-28 09:00:00,15,7,28,9,0,270,229,CONCHES (ROUTE DE),49.01403,1.10719,Plein jour,Hors agglomération,Hors intersection,Normale,Trois véhicules et plus - collisions multiples,,,,,,,,,,,1,1,1,1,5
201500021046,0015-08-25 17:20:00,15,8,25,17,20,270,229,CITES UNIES (BOULEVARD D,49.01148,1.14175,Plein jour,En agglomération,Hors intersection,Normale,Deux véhicules - côté,,,,,,,,,,,1,2,1,1,3
201500021047,0015-09-01 21:55:00,15,9,1,21,55,270,229,"20, OURSEL (RUE DU DOCTE",49.02687,1.14875,Nuit avec éclairage allumé,En agglomération,Hors intersection,Normale,Autre collision,,,,,,,,,,,5,2,1,1,6
201500021048,0015-09-03 09:25:00,15,9,3,9,25,270,229,"22BIS, CORBEAU (RUE CHAR",49.02502,1.15317,Plein jour,En agglomération,Hors intersection,Normale,Autre collision,,,,,,,,,,,1,2,1,1,6
201500021049,0015-09-05 19:40:00,15,9,5,19,40,270,229,NORMANDIE (BOULEVARD DE),49.02231,1.13577,Crépuscule ou aube,En agglomération,Hors intersection,Normale,Autre collision,,,,,,,,,,,2,2,1,1,6
201500021050,0015-10-04 09:55:00,15,10,4,9,55,270,229,PASTEUR (BOULEVARD),49.02617,1.15831,Plein jour,En agglomération,Intersection en T,Normale,Deux véhicules - côté,,,,,,,,,,,1,2,3,1,3
201500021051,0015-09-08 17:30:00,15,9,8,17,30,350,353,,48.10496,-1.74133,Plein jour,Hors agglomération,Hors intersection,Normale,Deux véhicules - côté,,,,,,,,,,,1,1,1,1,3
201500021052,0015-10-03 06:30:00,15,10,3,6,30,350,353,RN24 - route de Lorient,48.10508,-1.73585,Nuit avec éclairage allumé,En agglomération,Hors intersection,Normale,Trois véhicules et plus - en chaîne,,,,,,,,,,,5,2,1,1,4
201500021053,0015-03-29 19:30:00,15,3,29,19,30,510,326,,49.11467,4.25343,Plein jour,Hors agglomération,Intersection en T,Pluie légère,Deux véhicules - arrière,,,,,,,,,,,1,1,3,2,2
201500021054,0015-01-10 15:30:00,15,1,10,15,30,270,701,12 VOIE DE LA NATION,49.26809,1.21166,Plein jour,En agglomération,Intersection en T,Pluie légère,Autre collision,,,,,,,,,,,1,2,3,2,6
201500021055,0015-02-26 08:30:00,15,2,26,8,30,270,375,"45, CHURCHILL (AVENUE WI",49.22746,1.16856,Crépuscule ou aube,En agglomération,Hors intersection,Pluie légère,Deux véhicules - frontale,,,,,,,,,,,2,2,1,2,1
201500021056,0015-01-29 15:05:00,15,1,29,15,5,270,375,CHAMP DE VILLE (PLACE DU,49.21056,1.16561,Plein jour,En agglomération,Hors intersection,Normale,Autre collision,,,,,,,,,,,1,2,1,1,6
201500021057,0015-03-29 14:05:00,15,3,29,14,5,270,375,"1, HALLE AUX DRAPIERS (P",49.2111,1.16942,Plein jour,En agglomération,Hors intersection,Pluie légère,Autre collision,,,,,,,,,,,1,2,1,2,6
201500021058,0015-04-01 07:35:00,15,4,1,7,35,270,701,"1, RD 6015",49.25411,1.17667,Plein jour,En agglomération,Intersection en T,Normale,Deux véhicules - côté,,,,,,,,,,,1,2,3,1,3
201500021059,0015-04-16 08:10:00,15,4,16,8,10,270,701,CHAUSSE DU VEXIN,49.2578,1.18603,Plein jour,En agglomération,Intersection en T,Normale,Deux véhicules - côté,,,,,,,,,,,1,2,3,1,3
201500021060,0015-06-25 17:00:00,15,6,25,17,0,270,375,"1, TABARLY (VOIE ERIC)",49.2094,1.17975,Plein jour,En agglomération,Giratoire,Normale,Trois véhicules et plus - en chaîne,,,,,,,,,,,1,2,6,1,4
201500021061,0015-06-16 20:50:00,15,6,16,20,50,270,701,"1, FALAISES (ROUTE DES)",49.2612,1.19869,Crépuscule ou aube,En agglomération,Intersection en T,Normale,Deux véhicules - côté,,,,,,,,,,,2,2,3,1,3
201500021062,0015-07-03 15:15:00,15,7,3,15,15,270,701,ORMET (VOIE DE L'),49.24483,1.23783,Plein jour,Hors agglomération,Hors intersection,Normale,Autre collision,,,,,,,,,,,1,1,1,1,6
201500021063,0015-11-28 16:25:00,15,11,28,16,25,270,701,NATION (VOIE DE LA),49.26893,1.21165,Crépuscule ou aube,En agglomération,Intersection en T,Normale,Deux véhicules - côté,,,,,,,,,,,2,2,3,1,3
201500021064,0015-05-29 20:00:00,15,5,29,20,0,380,229,,45.348,5.338,Plein jour,Hors agglomération,Hors intersection,Normale,Deux véhicules - côté,,,,,,,,,,,1,1,1,1,3
201500021065,0015-02-06 19:45:00,15,2,6,19,45,140,543,,49.2003,-0.48561,Nuit sans éclairage public,Hors agglomération,Hors intersection,Normale,Deux véhicules - arrière,,,,,,,,,,,3,1,1,1,2
201500021066,0015-02-07 06:50:00,15,2,7,6,50,140,342,,49.3081,-1.10905,Nuit sans éclairage public,Hors agglomération,Hors intersection,Normale,Sans collision,,,,,,,,,,,3,1,1,1,7
201500021067,0015-04-07 19:30:00,15,4,7,19,30,140,380,,49.2306,-0.57248,Plein jour,Hors agglomération,Hors intersection,Normale,Deux véhicules - côté,,,,,,,,,,,1,1,1,1,3
201500021068,0015-05-15 09:00:00,15,5,15,9,0,140,98,,49.2082,-0.51296,Plein jour,Hors agglomération,Hors intersection,Normale,Autre collision,,,,,,,,,,,1,1,1,1,6
201500021069,0015-06-07 19:15:00,15,6,7,19,15,140,98,,49.2075,-0.51049,Plein jour,Hors agglomération,Hors intersection,Normale,Deux véhicules - arrière,,,,,,,,,,,1,1,1,1,2
201500021070,0015-06-10 15:00:00,15,6,10,15,0,140,577,,49.2687,-0.55895,Plein jour,Hors agglomération,Intersection en X,Normale,Deux véhicules - côté,,,,,,,,,,,1,1,2,1,3
201500021071,0015-06-16 08:30:00,15,6,16,8,30,140,630,,49.2497,-0.66552,Plein jour,Hors agglomération,Hors intersection,Normale,Deux véhicules - frontale,,,,,,,,,,,1,1,1,1,1
201500021072,0015-06-16 17:30:00,15,6,16,17,30,140,436,,49.2538,-0.69911,Plein jour,Hors agglomération,Hors intersection,Normale,Deux véhicules - frontale,,,,,,,,,,,1,1,1,1,1
201500021073,0015-08-02 05:45:00,15,8,2,5,45,140,98,,49.2268,-0.53004,Crépuscule ou aube,Hors agglomération,Hors intersection,Normale,Autre collision,,,,,,,,,,,2,1,1,1,6
201500021074,0015-08-23 15:15:00,15,8,23,15,15,140,453,,49.31,-0.82869,Plein jour,Hors agglomération,Hors intersection,Normale,Autre collision,,,,,,,,,,,1,1,1,1,6
201500021075,0015-09-14 06:20:00,15,9,14,6,20,140,380,,49.2276,-0.56392,Nuit sans éclairage public,Hors agglomération,Hors intersection,Normale,Deux véhicules - arrière,,,,,,,,,,,3,1,1,1,2
201500021076,0015-02-10 14:45:00,15,2,10,14,45,60,95,41 avenue de boutiny,43.6415,6.87896,Plein jour,En agglomération,Hors intersection,Normale,Deux véhicules - frontale,,,,,,,,,,,1,2,1,1,1
201500021077,0015-06-03 19:45:00,15,6,3,19,45,60,95,19 avenue funel,,,Plein jour,En agglomération,Hors intersection,Normale,Deux véhicules - frontale,,,,,,,,,,,1,2,1,1,1
201500021078,0015-07-25 03:00:00,15,7,25,3,0,60,137,Route de Cabris,,,Nuit avec éclairage allumé,En agglomération,Hors intersection,Normale,Autre collision,,,,,,,,,,,5,2,1,1,6
201500021079,0015-12-18 07:45:00,15,12,18,7,45,60,95,route de draguignan,,,Crépuscule ou aube,En agglomération,Hors intersection,Normale,Deux véhicules - côté,,,,,,,,,,,2,2,1,1,3
201500021080,0015-01-02 17:15:00,15,1,2,17,15,60,95,32 CHEMIN DU STADE,43.6386,6.87423,Nuit avec éclairage allumé,En agglomération,Hors intersection,Normale,Autre collision,,,,,,,,,,,5,2,1,1,6