accident_id,datetime,annee,mois,jour,heure,minute,departement,commune_insee,adresse,latitude,longitude,luminosite,agglomeration,intersection,meteo,collision,nb_vehicules,nb_usagers,nb_indemnes,nb_tues,nb_blesses_hosp,nb_blesses_legers,age_cond_1,age_cond_2,veh_type_cond_1,veh_type_cond_2,lum_code,agg_code,int_code,atm_code,col_code
201500021207,0015-03-22 21:45:00,15,3,22,21,45,280,85,"35, TUILERIE (RUE DE LA)",48.44459,1.48149,Nuit avec éclairage allumé,En agglomération,Hors intersection,Pluie légère,Sans collision,,,,,,,,,,,5,2,1,2,7
201500021208,0015-04-02 07:30:00,15,4,2,7,30,280,229,"18, QUATORZE JUILLET (RU",48.4507,1.46951,Plein jour,En agglomération,Hors intersection,Pluie légère,Autre collision,,,,,,,,,,,1,2,1,2,6
201500021209,0015-04-02 08:00:00,15,4,2,8,0,280,85,"23, BAS BOURGS (RUE DES)",48.43961,1.49499,Plein jour,En agglomération,Hors intersection,Normale,Deux véhicules - côté,,,,,,,,,,,1,2,1,1,3
201500021210,0015-04-02 17:15:00,15,4,2,17,15,280,85,"38, BALLAY (RUE NOEL)",48.44501,1.48524,Plein jour,En agglomération,Hors intersection,Pluie forte,Autre collision,,,,,,,,,,,1,2,1,3,6
201500021211,0015-04-04 11:10:00,15,4,4,11,10,280,70,D823,48.46932,1.52412,Plein jour,Hors agglomération,Intersection en T,Temps couvert,Deux véhicules - arrière,,,,,,,,,,,1,1,3,8,2
201500021212,0015-04-14 14:40:00,15,4,14,14,40,280,218,"120, REPUBLIQUE (RUE DE",48.43935,1.46058,Plein jour,En agglomération,Hors intersection,Normale,Deux véhicules - côté,,,,,,,,,,,1,2,1,1,3
201500021213,0015-04-15 09:10:00,15,4,15,9,10,280,110,RN 123 (ROCADE),48.41573,1.50127,Plein jour,Hors agglomération,Autre intersection,Normale,Autre collision,,,,,,,,,,,1,1,9,1,6
201500021214,0015-04-13 12:10:00,15,4,13,12,10,280,229,COUBERTIN (RUE PIERRE DE,48.4474,1.46755,Plein jour,Hors agglomération,Hors intersection,Normale,Deux véhicules - côté,,,,,,,,,,,1,1,1,1,3
201500021215,0015-04-17 12:20:00,15,4,17,12,20,280,85,"121, BOURGNEUF (RUE DU)",48.46312,1.4817,Plein jour,En agglomération,Hors intersection,Normale,Deux véhicules - arrière,,,,,,,,,,,1,2,1,1,2
201500021216,0015-04-18 13:00:00,15,4,18,13,0,280,218,"2, ECOLES (RUE DES)",48.43973,1.46319,Plein jour,En agglomération,Intersection en T,Normale,Deux véhicules - frontale,,,,,,,,,,,1,2,3,1,1
201500021217,0015-04-18 15:30:00,15,4,18,15,30,280,209,"09, CHACATIERE (RUE DE L",48.47039,1.47818,Plein jour,En agglomération,Hors intersection,Normale,Deux véhicules - frontale,,,,,,,,,,,1,2,1,1,1
201500021218,0015-04-20 13:40:00,15,4,20,13,40,280,218,"93, FOREAU (RUE FRANCOIS",48.43479,1.46834,Plein jour,En agglomération,Hors intersection,Normale,Autre collision,,,,,,,,,,,1,2,1,1,6
201500021219,0015-04-20 16:15:00,15,4,20,16,15,280,220,"01, BOUIN (Jean)",48.41909,1.47287,Plein jour,En agglomération,Hors intersection,Normale,Autre collision,,,,,,,,,,,1,2,1,1,6
201500021220,0015-04-22 14:35:00,15,4,22,14,35,280,85,"34, FAUBOURG LA GRAPPE (",48.44235,1.50025,Plein jour,En agglomération,Hors intersection,Normale,Deux véhicules - côté,,,,,,,,,,,1,2,1,1,3
201500021221,0015-04-23 09:00:00,15,4,23,9,0,280,209,PAIX (AVENUE DE LA ),48.46396,1.48124,Plein jour,En agglomération,Hors intersection,Normale,Autre collision,,,,,,,,,,,1,2,1,1,6
201500021222,0015-04-29 15:30:00,15,4,29,15,30,280,85,"2, FOUCHER DE CHARTRES (",48.44348,1.51653,Plein jour,En agglomération,Hors intersection,Normale,Deux véhicules - côté,,,,,,,,,,,1,2,1,1,3
201500021223,0015-04-30 09:20:00,15,4,30,9,20,280,85,"15, MAUNOURY (RUE DU DOC",48.44286,1.48323,Plein jour,En agglomération,Hors intersection,Pluie légère,Autre collision,,,,,,,,,,,1,2,1,2,6
201500021224,0015-04-30 18:55:00,15,4,30,18,55,280,229,PHILIPPE (AVENUE GERARD),48.45032,1.45209,Plein jour,Hors agglomération,Hors intersection,Pluie légère,Deux véhicules - arrière,,,,,,,,,,,1,1,1,2,2
201500021225,0015-05-01 11:45:00,15,5,1,11,45,280,229,RN 1154,48.44752,1.43936,Plein jour,Hors agglomération,Hors intersection,Pluie légère,Sans collision,,,,,,,,,,,1,1,1,2,7
201500021226,0015-05-09 17:50:00,15,5,9,17,50,280,85,MENDES FRANCE (RUE PIERR,48.44246,1.49454,Plein jour,En agglomération,Hors intersection,Normale,Deux véhicules - frontale,,,,,,,,,,,1,2,1,1,1
201500021227,0015-05-10 14:40:00,15,5,10,14,40,280,110,RN 123 (ROCADE),48.42683,1.51458,Plein jour,Hors agglomération,Hors intersection,Normale,Trois véhicules et plus - en chaîne,,,,,,,,,,,1,1,1,1,4
201500021228,0015-05-13 15:15:00,15,5,13,15,15,280,85,"51, PATTON (RUE DU GENER",48.44106,1.47277,Plein jour,En agglomération,Hors intersection,Normale,Trois véhicules et plus - collisions multiples,,,,,,,,,,,1,2,1,1,5
201500021229,0015-05-13 14:46:00,15,5,13,14,46,280,220,"67, PASTEUR ( Louis)",48.41882,1.47776,Plein jour,Hors agglomération,Intersection en T,Normale,Deux véhicules - côté,,,,,,,,,,,1,1,3,1,3
201500021230,0015-05-14 02:20:00,15,5,14,2,20,280,229,"18, HUGO (AVENUE VICTOR)",48.44845,1.46414,Nuit avec éclairage allumé,En agglomération,Hors intersection,Normale,Autre collision,,,,,,,,,,,5,2,1,1,6
201500021231,0015-05-14 08:50:00,15,5,14,8,50,280,85,"2, ROULIERS (RUE DES)",48.44664,1.50319,Plein jour,En agglomération,Hors intersection,Normale,Autre collision,,,,,,,,,,,1,2,1,1,6
201500021232,0015-05-16 02:05:00,15,5,16,2,5,280,85,PICHARD (RUE JOSEPH),48.44934,1.5208,Nuit avec éclairage allumé,En agglomération,Intersection en X,Normale,Autre collision,,,,,,,,,,,5,2,2,1,6
201500021233,0015-05-18 16:35:00,15,5,18,16,35,280,85,PEGUY (BOULEVARD CHARLES,,,Plein jour,En agglomération,Hors intersection,Normale,Trois véhicules et plus - en chaîne,,,,,,,,,,,1,2,1,1,4
201500021234,0015-05-18 15:25:00,15,5,18,15,25,280,85,"19, BRIAND (RUE ARISTIDE",48.44505,1.52088,Plein jour,En agglomération,Hors intersection,Normale,Autre collision,,,,,,,,,,,1,2,1,1,6
201500021235,0015-05-19 14:50:00,15,5,19,14,50,280,110,"20, VOVES (RUE DE) (D29)",48.42907,1.49286,Plein jour,En agglomération,Hors intersection,Normale,Deux véhicules - côté,,,,,,,,,,,1,2,1,1,3
201500021236,0015-05-20 14:15:00,15,5,20,14,15,280,229,D105,48.45712,1.45964,Plein jour,Hors agglomération,Intersection en X,Normale,Deux véhicules - côté,,,,,,,,,,,1,1,2,1,3
201500021237,0015-05-21 16:25:00,15,5,21,16,25,280,209,RD 1154,48.48646,1.47442,Plein jour,Hors agglomération,Intersection en T,Normale,Deux véhicules - arrière,,,,,,,,,,,1,1,3,1,2
201500021238,0015-05-21 20:00:00,15,5,21,20,0,280,218,REPUBLIQUE (RUE DE LA),48.43819,1.45359,Plein jour,En agglomération,Intersection en T,Normale,Deux véhicules - arrière,,,,,,,,,,,1,2,3,1,2
201500021239,0015-05-23 22:40:00,15,5,23,22,40,280,85,KOENIG (RUE DU GENERA)L,48.44534,1.48307,Nuit avec éclairage allumé,En agglomération,Hors intersection,Normale,Autre collision,,,,,,,,,,,5,2,1,1,6
201500021240,0015-05-28 08:00:00,15,5,28,8,0,280,110,RN 123 (ROCADE),,,Plein jour,Hors agglomération,Hors intersection,Normale,Deux véhicules - arrière,,,,,,,,,,,1,1,1,1,2
201500021241,0015-05-30 18:50:00,15,5,30,18,50,280,229,"31, JAURES (RUE JEAN)",48.4529,1.46114,Plein jour,En agglomération,Hors intersection,Normale,Autre collision,,,,,,,,,,,1,2,1,1,6
201500021242,0015-06-02 08:35:00,15,6,2,8,35,280,85,HUGO (AVENUE VICTOR),48.44003,1.5121,Plein jour,En agglomération,Hors intersection,Normale,Autre collision,,,,,,,,,,,1,2,1,1,6
201500021243,0015-06-04 11:20:00,15,6,4,11,20,280,85,"90, LA GRAPPE (FAUBOURG)",48.43812,8.43812,Plein jour,En agglomération,Hors intersection,Normale,Deux véhicules - frontale,,,,,,,,,,,1,2,1,1,1
201500021244,0015-06-05 12:40:00,15,6,5,12,40,280,85,"41, MAUNOURY (RUE DU DOC",48.44143,1.48281,Plein jour,En agglomération,Intersection en T,Normale,Deux véhicules - arrière,,,,,,,,,,,1,2,3,1,2
201500021245,0015-06-02 12:24:00,15,6,2,12,24,280,218,"38, LECLERC (RUE DU MARE",48.43403,1.46746,Plein jour,En agglomération,Hors intersection,Normale,Deux véhicules - arrière,,,,,,,,,,,1,2,1,1,2
201500021246,0015-06-07 18:25:00,15,6,7,18,25,280,229,D939,48.45724,1.44948,Plein jour,Hors agglomération,Hors intersection,Normale,Sans collision,,,,,,,,,,,1,1,1,1,7
201500021247,0015-06-08 10:45:00,15,6,8,10,45,280,85,"26, ALIGRE (AVENUE D')",48.45545,1.4888,Plein jour,En agglomération,Hors intersection,Normale,Sans collision,,,,,,,,,,,1,2,1,1,7
201500021248,0015-06-10 14:00:00,15,6,10,14,0,280,110,RN 123 (ROCADE),48.41582,1.50183,Plein jour,Hors agglomération,Hors intersection,Normale,Autre collision,,,,,,,,,,,1,1,1,1,6
201500021249,0015-06-12 16:30:00,15,6,12,16,30,280,70,SAINT PREST (RUE DE),48.46901,1.50788,Plein jour,Hors agglomération,Hors intersection,Normale,Deux véhicules - frontale,,,,,,,,,,,1,1,1,1,1
201500021250,0015-06-12 11:45:00,15,6,12,11,45,280,220,ROUTE NATIONALE 123,48.41615,1.46707,Plein jour,Hors agglomération,Hors intersection,Normale,Deux véhicules - frontale,,,,,,,,,,,1,1,1,1,1
201500021251,0015-06-14 06:20:00,15,6,14,6,20,280,85,CHAISES (RUE DES),48.4331,1.50343,Plein jour,En agglomération,Hors intersection,Normale,Deux véhicules - frontale,,,,,,,,,,,1,2,1,1,1
201500021252,0015-06-13 08:50:00,15,6,13,8,50,280,85,"8, INTERMARCHE (RUE DU G",48.4327,1.49258,Plein jour,En agglomération,Hors intersection,Normale,Trois véhicules et plus - en chaîne,,,,,,,,,,,1,2,1,1,4
201500021253,0015-06-16 08:20:00,15,6,16,8,20,280,110,RN 123 (ROCADE),48.44058,1.52198,Plein jour,Hors agglomération,Hors intersection,Normale,Deux véhicules - arrière,,,,,,,,,,,1,1,1,1,2
201500021254,0015-06-16 15:30:00,15,6,16,15,30,280,85,"9, ANE REZ (RUE DE L')",48.44404,1.49348,Plein jour,En agglomération,Hors intersection,Normale,Autre collision,,,,,,,,,,,1,2,1,1,6
201500021255,0015-06-11 09:55:00,15,6,11,9,55,280,85,SAINT JACQUES (RUE),48.45002,1.4862,Plein jour,En agglomération,Hors intersection,Normale,Autre collision,,,,,,,,,,,1,2,1,1,6
201500021256,0015-06-17 11:20:00,15,6,17,11,20,280,218,"0, BECASSE (RUE)",48.44167,1.46794,Plein jour,En agglomération,Autre intersection,Normale,Autre collision,,,,,,,,,,,1,2,9,1,6
201500021257,0015-06-18 15:40:00,15,6,18,15,40,280,85,PEGUY (BOULEVARD CHARLES,48.45035,1.48466,Plein jour,En agglomération,Hors intersection,Pluie légère,Deux véhicules - arrière,,,,,,,,,,,1,2,1,2,2
201500021258,0015-06-20 18:55:00,15,6,20,18,55,280,209,"70, LONGSAULT(RUE)",48.46758,1.49248,Plein jour,En agglomération,Hors intersection,Normale,Autre collision,,,,,,,,,,,1,2,1,1,6
201500021259,0015-06-21 11:40:00,15,6,21,11,40,280,85,FELIBIEN (RUE),48.4483,1.4824,Plein jour,En agglomération,Hors intersection,Normale,Sans collision,,,,,,,,,,,1,2,1,1,7
201500021260,0015-06-21 18:10:00,15,6,21,18,10,280,85,"32, FAUBOURG LA GRAPPE (",,,Plein jour,En agglomération,Intersection en Y,Normale,Deux véhicules - arrière,,,,,,,,,,,1,2,4,1,2
201500021261,0015-06-26 14:08:00,15,6,26,14,8,280,85,"30, CHASLES (BOULEVARD)",48.44301,1.48562,Plein jour,En agglomération,Hors intersection,Normale,Autre collision,,,,,,,,,,,1,2,1,1,6
201500021262,0015-06-28 19:50:00,15,6,28,19,50,280,85,"20, VILLAINES (rue de)",48.43644,1.48357,Plein jour,Hors agglomération,Intersection en T,Normale,Autre collision,,,,,,,,,,,1,1,3,1,6
201500021263,0015-06-29 15:25:00,15,6,29,15,25,280,85,VERDUN (AVENUE DE),48.4567,1.47414,Plein jour,En agglomération,Intersection en X,Normale,Deux véhicules - côté,,,,,,,,,,,1,2,2,1,3
201500021264,0015-07-03 19:15:00,15,7,3,19,15,280,218,TAYE (RUE DE LA),48.42805,1.44629,Plein jour,En agglomération,Hors intersection,Normale,Sans collision,,,,,,,,,,,1,2,1,1,7
201500021265,0015-07-05 16:30:00,15,7,5,16,30,280,229,"90, RESISTANCE (AVENUE D",48.45024,1.46857,Plein jour,En agglomération,Hors intersection,Normale,Deux véhicules - frontale,,,,,,,,,,,1,2,1,1,1
201500021266,0015-07-05 20:35:00,15,7,5,20,35,280,218,"5, MANTEAU JAUNE (RUE DU",48.44029,1.45639,Plein jour,En agglomération,Hors intersection,Normale,Autre collision,,,,,,,,,,,1,2,1,1,6
201500021267,0015-07-06 15:15:00,15,7,6,15,15,280,220,RIBOUCHES (RUE DES),48.4185,1.46197,Plein jour,En agglomération,Hors intersection,Normale,Autre collision,,,,,,,,,,,1,2,1,1,6
201500021268,0015-07-06 08:15:00,15,7,6,8,15,280,85,"0, SEMARD (PLACE PIERRE)",48.44788,1.48172,Plein jour,En agglomération,Place,Normale,Sans collision,,,,,,,,,,,1,2,7,1,7
201500021269,0015-07-14 20:55:00,15,7,14,20,55,280,229,"0, RN 1154",48.43918,1.4311,Plein jour,Hors agglomération,Hors intersection,Normale,Deux véhicules - arrière,,,,,,,,,,,1,1,1,1,2
201500021270,0015-07-16 09:55:00,15,7,16,9,55,280,85,"37, BRETIGNY (RUE DE)",48.44059,1.50696,Plein jour,En agglomération,Intersection en X,Normale,Deux véhicules - côté,,,,,,,,,,,1,2,2,1,3
201500021271,0015-07-23 19:15:00,15,7,23,19,15,280,110,RN 123 (ROCADE),,,Plein jour,En agglomération,Intersection en T,Normale,Deux véhicules - côté,,,,,,,,,,,1,2,3,1,3
201500021272,0015-08-30 12:10:00,15,8,30,12,10,280,229,CHATEAU D'EAU (RUE DU),48.45024,1.45211,Plein jour,En agglomération,Giratoire,Normale,Deux véhicules - frontale,,,,,,,,,,,1,2,6,1,1
201500021273,0015-09-04 11:50:00,15,9,4,11,50,280,209,"139, PAIX (AVENUE DE LA",48.48063,1.47965,Plein jour,Hors agglomération,Hors intersection,Normale,Deux véhicules - côté,,,,,,,,,,,1,1,1,1,3
201500021274,0015-09-03 08:05:00,15,9,3,8,5,280,70,CHARLES PEGUY (Rue),48.46084,1.49522,Plein jour,En agglomération,Intersection en X,Normale,Deux véhicules - côté,,,,,,,,,,,1,2,2,1,3
201500021275,0015-09-21 08:20:00,15,9,21,8,20,280,70,SAINT PERE EN VALLEE (Ru,48.46499,1.50491,Plein jour,En agglomération,Intersection en T,Normale,Deux véhicules - frontale,,,,,,,,,,,1,2,3,1,1
201500021276,0015-09-09 12:20:00,15,9,9,12,20,280,218,ECOLES (RUE DES),48.44277,1.46374,Plein jour,En agglomération,Hors intersection,Normale,Deux véhicules - frontale,,,,,,,,,,,1,2,1,1,1
201500021277,0015-09-09 07:50:00,15,9,9,7,50,280,229,MACE (PLACE JEAN),48.44785,1.46404,Plein jour,En agglomération,Hors intersection,Normale,Autre collision,,,,,,,,,,,1,2,1,1,6
201500021278,0015-11-17 07:25:00,15,11,17,7,25,280,218,REPUBLIQUE (AVENUE DE LA,48.44063,1.47076,Nuit avec éclairage allumé,En agglomération,Intersection en X,Pluie légère,Deux véhicules - côté,,,,,,,,,,,5,2,2,2,3
201500021279,0015-11-06 14:50:00,15,11,6,14,50,280,85,VERDUN (AVENUE DE),48.45361,1.47322,Plein jour,En agglomération,Intersection en Y,Pluie légère,Sans collision,,,,,,,,,,,1,2,4,2,7
201500021280,0015-11-03 16:30:00,15,11,3,16,30,280,85,"75, GRAND FAUBOURG (RUE",48.44259,1.47869,Plein jour,En agglomération,Hors intersection,Normale,Autre collision,,,,,,,,,,,1,2,1,1,6
201500021281,0015-12-27 14:00:00,15,12,27,14,0,280,85,"67, FAUBOURG LA GRAPPE (",48.44147,1.50067,Plein jour,En agglomération,Hors intersection,Normale,Autre collision,,,,,,,,,,,1,2,1,1,6
201500021282,0015-02-21 17:30:00,15,2,21,17,30,420,3,,46.124,3.891,Plein jour,Hors agglomération,Hors intersection,Pluie forte,Trois véhicules et plus - collisions multiples,,,,,,,,,,,1,1,1,3,5
201500021283,0015-03-05 07:00:00,15,3,5,7,0,420,194,,46.25002,3.84189,Plein jour,Hors agglomération,Hors intersection,Normale,Sans collision,,,,,,,,,,,1,1,1,1,7
201500021284,0015-04-05 08:45:00,15,4,5,8,45,420,231,,46.10175,3.97643,Plein jour,Hors agglomération,Hors intersection,Normale,Deux véhicules - frontale,,,,,,,,,,,1,1,1,1,1
201500021285,0015-04-16 10:30:00,15,4,16,10,30,420,49,60 rue Philippe PICARD,46.14219,3.89104,Plein jour,En agglomération,Hors intersection,Normale,Autre collision,,,,,,,,,,,1,2,1,1,6
201500021286,0015-04-18 15:00:00,15,4,18,15,0,420,231,,46.11038,3.97773,Plein jour,Hors agglomération,Hors intersection,Normale,Deux véhicules - frontale,,,,,,,,,,,1,1,1,1,1
201500021287,0015-06-30 12:10:00,15,6,30,12,10,420,257,,46.20197,3.8291,Plein jour,Hors agglomération,Hors intersection,Normale,Deux véhicules - frontale,,,,,,,,,,,1,1,1,1,1
201500021288,0015-06-30 08:45:00,15,6,30,8,45,420,176,rue du forez,46.03865,3.98139,Plein jour,En agglomération,Giratoire,Normale,Deux véhicules - côté,,,,,,,,,,,1,2,6,1,3
201500021289,0015-07-02 18:15:00,15,7,2,18,15,420,231,,46.10217,3.95539,Plein jour,Hors agglomération,Hors intersection,Normale,Deux véhicules - frontale,,,,,,,,,,,1,1,1,1,1
201500021290,0015-08-21 12:30:00,15,8,21,12,30,420,284,,46.06956,3.97774,Plein jour,Hors agglomération,Intersection en T,Normale,Deux véhicules - frontale,,,,,,,,,,,1,1,3,1,1
201500021291,0015-09-06 13:00:00,15,9,6,13,0,420,220,,46.12876,3.91708,Plein jour,Hors agglomération,Hors intersection,Normale,Deux véhicules - frontale,,,,,,,,,,,1,1,1,1,1
201500021292,0015-09-09 08:00:00,15,9,9,8,0,420,199,,46.03538,3.93504,Plein jour,Hors agglomération,Hors intersection,Normale,Deux véhicules - arrière,,,,,,,,,,,1,1,1,1,2
201500021293,0015-10-25 13:45:00,15,10,25,13,45,420,233,263 RTE CROIX DU SUD,46.07457,3.90489,Plein jour,En agglomération,Hors intersection,Normale,Autre collision,,,,,,,,,,,1,2,1,1,6
201500021294,0015-11-01 10:00:00,15,11,1,10,0,420,157,route de St Germain,46.13628,4.01268,Plein jour,En agglomération,Hors intersection,Normale,Autre collision,,,,,,,,,,,1,2,1,1,6
201500021295,0015-12-30 22:30:00,15,12,30,22,30,280,404,RN 154,,,Nuit sans éclairage public,Hors agglomération,Hors intersection,Pluie légère,Autre collision,,,,,,,,,,,3,1,1,2,6
201500021296,0015-01-23 23:00:00,15,1,23,23,0,280,404,EUROPE (BD DE L'),48.71906,1.36871,Nuit avec éclairage allumé,En agglomération,Giratoire,Normale,Autre collision,,,,,,,,,,,5,2,6,1,6
201500021297,0015-02-10 19:30:00,15,2,10,19,30,280,134,DELESCLUZE (BOULEVARD),48.72806,1.37194,Plein jour,En agglomération,Hors intersection,Normale,Sans collision,,,,,,,,,,,1,2,1,1,7
201500021298,0015-02-12 08:10:00,15,2,12,8,10,280,134,DUNANT (RUE HENRI),48.7373,1.38798,Plein jour,En agglomération,Hors intersection,Brouillard / fumée,Deux véhicules - arrière,,,,,,,,,,,1,2,1,5,2
201500021299,0015-02-20 16:00:00,15,2,20,16,0,280,1,RN 154,48.69415,1.37821,Plein jour,Hors agglomération,Hors intersection,Normale,Autre collision,,,,,,,,,,,1,1,1,1,6
201500021300,0015-02-21 14:30:00,15,2,21,14,30,280,134,RN 12 (CARREFOUR DELISLE,48.74602,1.36541,Plein jour,Hors agglomération,Intersection en X,Normale,Trois véhicules et plus - collisions multiples,,,,,,,,,,,1,1,2,1,5
201500021301,0015-02-23 22:55:00,15,2,23,22,55,280,134,RN 12 (CARREFOUR DELISLE,48.74608,1.36537,Nuit avec éclairage allumé,Hors agglomération,Intersection en X,Normale,Deux véhicules - arrière,,,,,,,,,,,5,1,2,1,2
201500021302,0015-03-02 17:25:00,15,3,2,17,25,280,134,LECLERC (AVENUE DU GENER,48.74063,1.38338,Plein jour,En agglomération,Hors intersection,Normale,Autre collision,,,,,,,,,,,1,2,1,1,6
201500021303,0015-03-28 06:50:00,15,3,28,6,50,280,404,RN 154,48.70056,1.37459,Nuit sans éclairage public,Hors agglomération,Hors intersection,Pluie légère,Deux véhicules - frontale,,,,,,,,,,,3,1,1,2,1
201500021304,0015-04-05 18:10:00,15,4,5,18,10,280,134,DEGAS (RUE EDGAR),,,Plein jour,En agglomération,Intersection en X,Normale,Autre collision,,,,,,,,,,,1,2,2,1,6
201500021305,0015-04-14 14:25:00,15,4,14,14,25,280,404,RN 154,,,Plein jour,En agglomération,Giratoire,Normale,Deux véhicules - arrière,,,,,,,,,,,1,2,6,1,2
201500021306,0015-05-11 17:00:00,15,5,11,17,0,280,134,"170, SAINT THIBAULT (RUE",48.73348,1.34968,Plein jour,En agglomération,Hors intersection,Normale,Deux véhicules - arrière,,,,,,,,,,,1,2,1,1,2
201500021307,0015-06-05 19:00:00,15,6,5,19,0,280,134,"16, BOIS SABOT (RUE DU)",48.73726,1.36148,Plein jour,En agglomération,Hors intersection,Temps couvert,Deux véhicules - frontale,,,,,,,,,,,1,2,1,8,1
201500021308,0015-06-11 16:20:00,15,6,11,16,20,280,404,ROCADE OUEST,,,Plein jour,En agglomération,Hors intersection,Normale,Deux véhicules - arrière,,,,,,,,,,,1,2,1,1,2
201500021309,0015-06-21 17:55:00,15,6,21,17,55,280,404,VOLHARD (CHEMIN DE),48.71691,1.35542,Plein jour,En agglomération,Hors intersection,Normale,Deux véhicules - côté,,,,,,,,,,,1,2,1,1,3
201500021310,0015-06-25 15:45:00,15,6,25,15,45,280,134,"86, LIEVRE D'OR (RUE DU)",48.73659,1.38869,Plein jour,En agglomération,Intersection en X,Normale,Autre collision,,,,,,,,,,,1,2,2,1,6
201500021311,0015-07-01 17:20:00,15,7,1,17,20,280,134,GUE AUX ANES (RUE DU),48.74534,1.38741,Plein jour,En agglomération,Hors intersection,Normale,Sans collision,,,,,,,,,,,1,2,1,1,7
201500021312,0015-07-24 17:15:00,15,7,24,17,15,280,404,RN 154,,1.37791,Plein jour,Hors agglomération,Hors intersection,Pluie légère,Deux véhicules - frontale,,,,,,,,,,,1,1,1,2,1
201500021313,0015-07-28 13:00:00,15,7,28,13,0,280,134,PASTEUR (BOULEVARD),48.7344,1.37624,Plein jour,En agglomération,Hors intersection,Normale,Deux véhicules - côté,,,,,,,,,,,1,2,1,1,3
201500021314,0015-07-31 07:15:00,15,7,31,7,15,280,134,"11, LIVRAINDIERES (RUE D",48.74843,1.35916,Plein jour,En agglomération,Hors intersection,Normale,Sans collision,,,,,,,,,,,1,2,1,1,7
201500021315,0015-08-08 21:05:00,15,8,8,21,5,280,134,BARRIER (RUE DU GENERAL,48.73967,1.33931,Plein jour,En agglomération,Hors intersection,Normale,Autre collision,,,,,,,,,,,1,2,1,1,6
201500021316,0015-09-18 19:30:00,15,9,18,19,30,280,404,RN 154,48.7096,1.36957,Plein jour,Hors agglomération,Hors intersection,Pluie légère,Trois véhicules et plus - collisions multiples,,,,,,,,,,,1,1,1,2,5
201500021317,0015-09-24 17:35:00,15,9,24,17,35,280,134,FENOTS (AVENUE DES),,,Plein jour,En agglomération,Hors intersection,Normale,Deux véhicules - côté,,,,,,,,,,,1,2,1,1,3
201500021318,0015-09-26 18:40:00,15,9,26,18,40,280,404,CRECY (ROUTE DE),48.732,1.34032,Plein jour,En agglomération,Hors intersection,Autre,Autre collision,,,,,,,,,,,1,2,1,9,6
201500021319,0015-10-16 07:30:00,15,10,16,7,30,280,404,", CRECY (ROUTE DE)",48.72725,1.33264,Nuit avec éclairage allumé,En agglomération,Intersection en X,Pluie légère,Deux véhicules - côté,,,,,,,,,,,5,2,2,2,3
201500021320,0015-10-18 22:10:00,15,10,18,22,10,280,404,RN 154,48.72585,1.38759,Nuit sans éclairage public,Hors agglomération,Hors intersection,Normale,Deux véhicules - frontale,,,,,,,,,,,3,1,1,1,1
201500021321,0015-11-13 18:10:00,15,11,13,18,10,280,134,POTEZ (RUE HENRY),48.75027,1.35557,Plein jour,En agglomération,Hors intersection,Normale,Deux véhicules - côté,,,,,,,,,,,1,2,1,1,3
201500021322,0015-12-11 08:35:00,15,12,11,8,35,280,134,"2, BRETAGNE (RUE DE)",48.73815,1.34109,Plein jour,En agglomération,Hors intersection,Normale,Autre collision,,,,,,,,,,,1,2,1,1,6
201500021323,0015-12-28 07:45:00,15,12,28,7,45,280,134,MARCEAU (AVENUE DU GENER,48.729,1.36672,Nuit avec éclairage allumé,En agglomération,Intersection en Y,Normale,Deux véhicules - côté,,,,,,,,,,,5,2,4,1,3
201500021324,0015-01-21 01:15:00,15,1,21,1,15,710,384,,,,Nuit sans éclairage public,Hors agglomération,Hors intersection,Normale,Autre collision,,,,,,,,,,,3,1,1,1,6
201500021325,0015-01-17 18:00:00,15,1,17,18,0,710,73,,,,Crépuscule ou aube,Hors agglomération,Hors intersection,Temps couvert,Deux véhicules - arrière,,,,,,,,,,,2,1,1,8,2
201500021326,0015-01-31 08:45:00,15,1,31,8,45,710,52,,,,Plein jour,Hors agglomération,Hors intersection,Temps couvert,Autre collision,,,,,,,,,,,1,1,1,8,6
201500021327,0015-02-24 03:00:00,15,2,24,3,0,710,118,,,,Nuit sans éclairage public,Hors agglomération,Hors intersection,Normale,Deux véhicules - arrière,,,,,,,,,,,3,1,1,1,2
201500021328,0015-04-10 19:00:00,15,4,10,19,0,710,170,,,,Crépuscule ou aube,Hors agglomération,Hors intersection,Normale,Autre collision,,,,,,,,,,,2,1,1,1,6
201500021329,0015-04-18 12:15:00,15,4,18,12,15,710,170,,,,Plein jour,Hors agglomération,Hors intersection,Normale,Sans collision,,,,,,,,,,,1,1,1,1,7
201500021330,0015-09-30 20:45:00,15,9,30,20,45,710,81,,,,Nuit sans éclairage public,Hors agglomération,Hors intersection,Normale,Trois véhicules et plus - collisions multiples,,,,,,,,,,,3,1,1,1,5
201500021331,0015-10-04 17:30:00,15,10,4,17,30,710,265,,,,Plein jour,Hors agglomération,Hors intersection,Normale,Autre collision,,,,,,,,,,,1,1,1,1,6
201500021332,0015-11-09 06:30:00,15,11,9,6,30,710,475,,,,Nuit sans éclairage public,Hors agglomération,Hors intersection,Normale,Trois véhicules et plus - en chaîne,,,,,,,,,,,3,1,1,1,4
201500021333,0015-02-18 14:00:00,15,2,18,14,0,740,26,,,,Plein jour,Hors agglomération,Hors intersection,Normale,Autre collision,,,,,,,,,,,1,1,1,1,6