accident_id,datetime,annee,mois,jour,heure,minute,departement,commune_insee,adresse,latitude,longitude,luminosite,agglomeration,intersection,meteo,collision,nb_vehicules,nb_usagers,nb_indemnes,nb_tues,nb_blesses_hosp,nb_blesses_legers,age_cond_1,age_cond_2,veh_type_cond_1,veh_type_cond_2,lum_code,agg_code,int_code,atm_code,col_code
201500021468,0015-06-29 11:00:00,15,6,29,11,0,860,83,,,,Plein jour,Hors agglomération,Hors intersection,Normale,Deux véhicules - arrière,,,,,,,,,,,1,1,1,1,2
201500021469,0015-08-20 03:15:00,15,8,20,3,15,860,56,,,,Nuit sans éclairage public,Hors agglomération,Hors intersection,Normale,Trois véhicules et plus - collisions multiples,,,,,,,,,,,3,1,1,1,5
201500021470,0015-11-27 13:00:00,15,11,27,13,0,860,50,,,,Plein jour,Hors agglomération,Hors intersection,Normale,Deux véhicules - frontale,,,,,,,,,,,1,1,1,1,1
201500021471,0015-04-20 08:30:00,15,4,20,8,30,210,128,,47.28931,4.50701,Plein jour,Hors agglomération,Hors intersection,Normale,Sans collision,,,,,,,,,,,1,1,1,1,7
201500021472,0015-06-20 13:15:00,15,6,20,13,15,210,380,,,,Plein jour,Hors agglomération,Hors intersection,Normale,Deux véhicules - arrière,,,,,,,,,,,1,1,1,1,2
201500021473,0015-06-24 17:15:00,15,6,24,17,15,210,634,,47.14549,4.70112,Plein jour,Hors agglomération,Hors intersection,Normale,Deux véhicules - frontale,,,,,,,,,,,1,1,1,1,1
201500021474,0015-07-09 18:15:00,15,7,9,18,15,210,177,,47.37132,4.39887,Plein jour,Hors agglomération,Hors intersection,Normale,Autre collision,,,,,,,,,,,1,1,1,1,6
201500021475,0015-07-15 01:45:00,15,7,15,1,45,210,634,,47.159,4.69746,Nuit sans éclairage public,Hors agglomération,Hors intersection,Normale,Autre collision,,,,,,,,,,,3,1,1,1,6
201500021476,0015-08-23 09:15:00,15,8,23,9,15,210,87,,47.1145,4.70976,Plein jour,Hors agglomération,Hors intersection,Pluie légère,Deux véhicules - arrière,,,,,,,,,,,1,1,1,2,2
201500021477,0015-10-26 08:45:00,15,10,26,8,45,210,501,,,,Plein jour,Hors agglomération,Hors intersection,Brouillard / fumée,Deux véhicules - arrière,,,,,,,,,,,1,1,1,5,2
201500021478,0015-12-19 15:30:00,15,12,19,15,30,210,214,,47.17429,4.68937,Plein jour,Hors agglomération,Hors intersection,Normale,Autre collision,,,,,,,,,,,1,1,1,1,6
201500021479,0015-12-20 12:00:00,15,12,20,12,0,210,529,,47.40702,4.34495,Plein jour,Hors agglomération,Hors intersection,Normale,Deux véhicules - arrière,,,,,,,,,,,1,1,1,1,2
201500021480,0015-12-24 04:30:00,15,12,24,4,30,210,214,,47.18704,4.67446,Nuit sans éclairage public,Hors agglomération,Hors intersection,Temps couvert,Trois véhicules et plus - collisions multiples,,,,,,,,,,,3,1,1,8,5
201500021481,0015-07-26 12:30:00,15,7,26,12,30,860,140,rue du Quai,46.40249,0.72566,Plein jour,En agglomération,Hors intersection,Normale,Deux véhicules - frontale,,,,,,,,,,,1,2,1,1,1
201500021482,0015-03-21 12:45:00,15,3,21,12,45,10,103,,46.28493,6.0389,Plein jour,Hors agglomération,Hors intersection,Pluie légère,Deux véhicules - frontale,,,,,,,,,,,1,1,1,2,1
201500021483,0015-03-28 04:00:00,15,3,28,4,0,10,173,avenue de la GARE,,,Nuit avec éclairage allumé,En agglomération,Hors intersection,Normale,Autre collision,,,,,,,,,,,5,2,1,1,6
201500021484,0015-04-16 03:30:00,15,4,16,3,30,10,436,,,,Nuit sans éclairage public,Hors agglomération,Hors intersection,Normale,Sans collision,,,,,,,,,,,3,1,1,1,7
201500021485,0015-08-15 04:30:00,15,8,15,4,30,10,399,,,,Nuit sans éclairage public,Hors agglomération,Hors intersection,Normale,Sans collision,,,,,,,,,,,3,1,1,1,7
201500021486,0015-05-14 09:10:00,15,5,14,9,10,120,201,SAINT JULIEN DE RODELLE,44.5001,2.66217,Plein jour,En agglomération,Hors intersection,Normale,Deux véhicules - frontale,,,,,,,,,,,1,2,1,1,1
201500021487,0015-06-04 20:45:00,15,6,4,20,45,120,96,AVENUE PIERRE MONTEIL,,,Crépuscule ou aube,En agglomération,Hors intersection,Normale,Deux véhicules - côté,,,,,,,,,,,2,2,1,1,3
201500021488,0015-09-05 15:45:00,15,9,5,15,45,120,157,,44.3921,2.68852,Plein jour,Hors agglomération,Hors intersection,Normale,Deux véhicules - frontale,,,,,,,,,,,1,1,1,1,1
201500021489,0015-01-24 19:30:00,15,1,24,19,30,120,43,RN 88 - LES MOLINIERES,44.2895,2.51074,Nuit sans éclairage public,Hors agglomération,Hors intersection,Neige / grêle,Deux véhicules - frontale,,,,,,,,,,,3,1,1,4,1
201500021490,0015-02-28 11:45:00,15,2,28,11,45,640,254,,43.508,-0.588,Plein jour,Hors agglomération,Hors intersection,Normale,Deux véhicules - frontale,,,,,,,,,,,1,1,1,1,1
201500021491,0015-11-07 09:45:00,15,11,7,9,45,640,410,AVENUE CHARLES MOUREU,43.37248,-0.62594,Plein jour,En agglomération,Hors intersection,Temps éblouissant,Autre collision,,,,,,,,,,,1,2,1,7,6
201500021492,0015-11-10 10:15:00,15,11,10,10,15,640,410,RP DES DROITS DE L'HOMME,43.36778,-0.62717,Plein jour,En agglomération,Giratoire,Normale,Autre collision,,,,,,,,,,,1,2,6,1,6
201500021493,0015-11-27 23:45:00,15,11,27,23,45,640,410,AVENUE HENRI IV,43.37249,-0.62948,Nuit avec éclairage allumé,En agglomération,Hors intersection,Pluie légère,Autre collision,,,,,,,,,,,5,2,1,2,6
201500021494,0015-12-07 08:00:00,15,12,7,8,0,640,521,,43.40573,-0.5377,Plein jour,Hors agglomération,Hors intersection,Normale,Deux véhicules - frontale,,,,,,,,,,,1,1,1,1,1
201500021495,0015-12-11 19:30:00,15,12,11,19,30,640,410,AVENUE HENRI IV,43.37254,-0.62909,Nuit avec éclairage allumé,En agglomération,Hors intersection,Normale,Autre collision,,,,,,,,,,,5,2,1,1,6
201500021496,0015-02-27 09:45:00,15,2,27,9,45,680,300,56 Grand rue,47.78866,7.36981,Plein jour,En agglomération,Hors intersection,Pluie légère,Autre collision,,,,,,,,,,,1,2,1,2,6
201500021497,0015-11-12 19:00:00,15,11,12,19,0,680,20,,47.81057,7.49714,Nuit sans éclairage public,Hors agglomération,Hors intersection,Temps couvert,Autre collision,,,,,,,,,,,3,1,1,8,6
201500021498,0015-06-13 16:00:00,15,6,13,16,0,10,157,,,,Plein jour,Hors agglomération,Hors intersection,Temps éblouissant,Deux véhicules - côté,,,,,,,,,,,1,1,1,7,3
201500021499,0015-07-05 11:45:00,15,7,5,11,45,10,166,,,,Plein jour,Hors agglomération,Hors intersection,Normale,Deux véhicules - frontale,,,,,,,,,,,1,1,1,1,1
201500021500,0015-01-02 09:00:00,15,1,2,9,0,290,19,CLEMENCEAU GEORGES (D,48.39629,-4.40367,Crépuscule ou aube,En agglomération,Hors intersection,Normale,Autre collision,,,,,,,,,,,2,2,1,1,6
201500021501,0015-02-21 10:10:00,15,2,21,10,10,290,19,"., FOUCAULD CHARLES DE",48.39716,-4.4614,Plein jour,En agglomération,Intersection en X,Normale,Deux véhicules - côté,,,,,,,,,,,1,2,2,1,3
201500021502,0015-12-18 18:04:00,15,12,18,18,4,290,19,"17, DUVAL MARCELLIN (DE",48.41201,-4.48648,Nuit avec éclairage allumé,En agglomération,Hors intersection,Normale,Deux véhicules - arrière,,,,,,,,,,,5,2,1,1,2
201500021503,0015-01-02 19:55:00,15,1,2,19,55,290,19,Av CLEMENCEAU GEORGES,48.39063,-4.48704,Nuit avec éclairage allumé,En agglomération,Intersection en T,Normale,Deux véhicules - côté,,,,,,,,,,,5,2,3,1,3
201500021504,0015-02-27 19:50:00,15,2,27,19,50,290,19,BEREST EUGENE,48.3933,-4.43472,Nuit avec éclairage allumé,En agglomération,Hors intersection,Pluie légère,Autre collision,,,,,,,,,,,5,2,1,2,6
201500021505,0015-12-29 11:30:00,15,12,29,11,30,290,19,VERDUN (DE 53 A 199 ET 7,48.3987,-4.45655,Plein jour,En agglomération,Hors intersection,Normale,Autre collision,,,,,,,,,,,1,2,1,1,6
201500021506,0015-01-05 17:15:00,15,1,5,17,15,290,19,CUIRASSE BOUVET,48.38376,-4.52384,Crépuscule ou aube,En agglomération,Intersection en T,Normale,Deux véhicules - côté,,,,,,,,,,,2,2,3,1,3
201500021507,0015-02-18 08:35:00,15,2,18,8,35,290,19,FOUGERES (RUE ET RD POIN,48.40651,-4.52041,Plein jour,En agglomération,Hors intersection,Normale,Deux véhicules - côté,,,,,,,,,,,1,2,1,1,3
201500021508,0015-12-28 18:20:00,15,12,28,18,20,290,19,"., EUROPE (DE 13 A 15)",48.41574,-4.47363,Nuit avec éclairage allumé,En agglomération,Hors intersection,Pluie forte,Deux véhicules - frontale,,,,,,,,,,,5,2,1,3,1
201500021509,0015-01-12 10:10:00,15,1,12,10,10,290,19,LE GORGEU (N?ENTRE TAREN,48.40769,-4.51169,Plein jour,En agglomération,Hors intersection,Pluie légère,Deux véhicules - arrière,,,,,,,,,,,1,2,1,2,2
201500021510,0015-02-23 14:10:00,15,2,23,14,10,290,19,"., EINSTEIN ALBERT",48.40922,-4.4629,Plein jour,En agglomération,Intersection en T,Normale,Deux véhicules - côté,,,,,,,,,,,1,2,3,1,3
201500021511,0015-12-11 18:40:00,15,12,11,18,40,290,19,"., EUROPE (DE 13 A 15)",48.41293,-4.50174,Nuit avec éclairage allumé,En agglomération,Hors intersection,Normale,Deux véhicules - arrière,,,,,,,,,,,5,2,1,1,2
201500021512,0015-01-06 16:35:00,15,1,6,16,35,290,19,"., MONTAIGNE (DE 1 A 37",48.40354,-4.48041,Plein jour,En agglomération,Intersection en T,Normale,Deux véhicules - côté,,,,,,,,,,,1,2,3,1,3
201500021513,0015-02-24 16:40:00,15,2,24,16,40,290,19,LAMOTTE PICQUET (N° 20 E,48.39531,-4.49226,Plein jour,En agglomération,Hors intersection,Normale,Autre collision,,,,,,,,,,,1,2,1,1,6
201500021514,0015-01-06 20:55:00,15,1,6,20,55,290,19,"., SAINT MARC (DE 64 A 1",48.39767,-4.46688,Plein jour,En agglomération,Hors intersection,Normale,Deux véhicules - frontale,,,,,,,,,,,1,2,1,1,1
201500021515,0015-02-25 12:55:00,15,2,25,12,55,290,19,"., ROUSSE EMILE",48.38182,-4.52729,Plein jour,En agglomération,Hors intersection,Pluie légère,Autre collision,,,,,,,,,,,1,2,1,2,6
201500021516,0015-02-27 18:15:00,15,2,27,18,15,290,19,ROOSEVELT FRANKLIN,48.38292,-4.48798,Crépuscule ou aube,En agglomération,Giratoire,Normale,Deux véhicules - côté,,,,,,,,,,,2,2,6,1,3
201500021517,0015-01-07 17:25:00,15,1,7,17,25,290,19,VENDEE (DE 7 A 31 ET,48.40434,-4.51251,Plein jour,En agglomération,Intersection en T,Normale,Deux véhicules - côté,,,,,,,,,,,1,2,3,1,3
201500021518,0015-01-08 19:05:00,15,1,8,19,5,290,19,KEROURIEN (DE 35 A 41 ET,48.38294,-4.53828,Nuit avec éclairage allumé,En agglomération,Intersection en X,Normale,Deux véhicules - côté,,,,,,,,,,,5,2,2,1,3
201500021519,0015-03-05 18:20:00,15,3,5,18,20,290,19,FRANCE ANATOLE 1,48.38105,-4.5307,Plein jour,En agglomération,Intersection en X,Normale,Autre collision,,,,,,,,,,,1,2,2,1,6
201500021520,0015-01-08 14:20:00,15,1,8,14,20,290,19,GOUESNOU (DE 43 A 219 ET,48.42741,-4.46714,Plein jour,En agglomération,Hors intersection,Normale,Deux véhicules - côté,,,,,,,,,,,1,2,1,1,3
201500021521,0015-03-07 09:00:00,15,3,7,9,0,290,19,ROND POINT DE KERESSEIS,48.39411,-4.53897,Plein jour,En agglomération,Hors intersection,Normale,Deux véhicules - frontale,,,,,,,,,,,1,2,1,1,1
201500021522,0015-01-12 09:20:00,15,1,12,9,20,290,19,RUE GUSTAVE ZEDE,48.41833,-4.46323,Plein jour,En agglomération,Giratoire,Pluie légère,Deux véhicules - arrière,,,,,,,,,,,1,2,6,2,2
201500021523,0015-03-09 08:50:00,15,3,9,8,50,290,19,PREMIERE DFL,48.37643,-4.55319,Plein jour,En agglomération,Hors intersection,Normale,Deux véhicules - côté,,,,,,,,,,,1,2,1,1,3
201500021524,0015-01-20 17:18:00,15,1,20,17,18,290,19,"., MAISSIN",48.38833,-4.50345,Plein jour,En agglomération,Hors intersection,Temps couvert,Deux véhicules - côté,,,,,,,,,,,1,2,1,8,3
201500021525,0015-12-02 16:30:00,15,12,2,16,30,290,19,DONNART MATHIEU (DE 1 A,48.39965,-4.48608,Plein jour,En agglomération,Intersection en X,Normale,Deux véhicules - frontale,,,,,,,,,,,1,2,2,1,1
201500021526,0015-03-13 07:05:00,15,3,13,7,5,290,19,LE GORGEU (N°29 (TOTAL)+,48.39988,-4.4968,Plein jour,En agglomération,Giratoire,Normale,Deux véhicules - côté,,,,,,,,,,,1,2,6,1,3
201500021527,0015-01-20 17:45:00,15,1,20,17,45,290,19,Tanguy Prigent,48.39306,-4.53941,Plein jour,En agglomération,Autre intersection,Autre,Deux véhicules - arrière,,,,,,,,,,,1,2,9,9,2
201500021528,0015-03-16 13:10:00,15,3,16,13,10,290,19,rueMOUCHOTTE ( 23 a 36 ),48.38674,-4.50716,Plein jour,En agglomération,Hors intersection,Normale,Autre collision,,,,,,,,,,,1,2,1,1,6
201500021529,0015-01-20 19:35:00,15,1,20,19,35,290,19,LE GORGEU (N?29 (TOTAL)+,48.40064,-4.49949,Nuit avec éclairage allumé,En agglomération,Hors intersection,Pluie légère,Deux véhicules - côté,,,,,,,,,,,5,2,1,2,3
201500021530,0015-03-09 21:15:00,15,3,9,21,15,290,19,PARIS ( 33 ET 42 A FIN),48.4051,-4.46348,Nuit avec éclairage non allumé,En agglomération,Hors intersection,Normale,Autre collision,,,,,,,,,,,4,2,1,1,6
201500021531,0015-01-28 22:00:00,15,1,28,22,0,290,19,", LAMOTTE PICQUET (N 2)",48.39533,-4.49209,Nuit avec éclairage allumé,En agglomération,Intersection en T,Normale,Deux véhicules - côté,,,,,,,,,,,5,2,3,1,3
201500021532,0015-03-10 08:25:00,15,3,10,8,25,290,19,TREPOS PIERRE,48.40327,-4.50679,Plein jour,En agglomération,Intersection en T,Normale,Deux véhicules - côté,,,,,,,,,,,1,2,3,1,3
201500021533,0015-01-23 09:15:00,15,1,23,9,15,290,19,CASSARD JACQUES,48.40461,-4.48067,Plein jour,En agglomération,Hors intersection,Pluie légère,Deux véhicules - côté,,,,,,,,,,,1,2,1,2,3
201500021534,0015-03-22 17:00:00,15,3,22,17,0,290,19,rue d'Anjou,48.40489,-4.51255,Plein jour,En agglomération,Hors intersection,Normale,Deux véhicules - côté,,,,,,,,,,,1,2,1,1,3
201500021535,0015-01-25 05:55:00,15,1,25,5,55,290,19,"98, GLASGOW (DE 1 A 9 ET",48.39324,-4.48447,Nuit avec éclairage allumé,En agglomération,Hors intersection,Normale,Autre collision,,,,,,,,,,,5,2,1,1,6
201500021536,0015-03-26 15:25:00,15,3,26,15,25,290,19,MIRABEAU,48.40777,-4.48847,Plein jour,En agglomération,Hors intersection,Normale,Autre collision,,,,,,,,,,,1,2,1,1,6
201500021537,0015-01-28 12:05:00,15,1,28,12,5,290,19,"30, LE GORGEU",48.40202,-4.50271,Plein jour,En agglomération,Autre intersection,Pluie légère,Autre collision,,,,,,,,,,,1,2,9,2,6
201500021538,0015-03-25 06:40:00,15,3,25,6,40,290,19,rue VILLENEUVE,48.41022,-4.46216,Nuit avec éclairage allumé,En agglomération,Intersection en X,Normale,Deux véhicules - côté,,,,,,,,,,,5,2,2,1,3
201500021539,0015-01-29 09:05:00,15,1,29,9,5,290,19,ARGENTRE BERTRAND D' (RU,48.4094,-4.4847,Plein jour,En agglomération,Intersection en T,Pluie légère,Autre collision,,,,,,,,,,,1,2,3,2,6
201500021540,0015-03-29 23:00:00,15,3,29,23,0,290,19,LE GORGEU (ENTRE TAREN,48.407,-4.51262,Nuit avec éclairage allumé,En agglomération,Hors intersection,Pluie légère,Autre collision,,,,,,,,,,,5,2,1,2,6
201500021541,0015-01-29 10:30:00,15,1,29,10,30,290,19,"22, BRANDA (DE 1A 35 ET",48.39048,-4.48268,Plein jour,En agglomération,Hors intersection,Pluie légère,Autre collision,,,,,,,,,,,1,2,1,2,6
201500021542,0015-03-31 00:15:00,15,3,31,0,15,290,19,FRANCE ANATOLE (DE 24,48.38261,-4.51259,Nuit avec éclairage allumé,En agglomération,Hors intersection,Normale,Autre collision,,,,,,,,,,,5,2,1,1,6
201500021543,0015-02-02 00:30:00,15,2,2,0,30,290,19,Rue Léon Blum,48.40559,-4.48466,Nuit avec éclairage allumé,En agglomération,Hors intersection,Normale,Autre collision,,,,,,,,,,,5,2,1,1,6
201500021544,0015-03-29 19:40:00,15,3,29,19,40,290,19,DUPERRE (DE 1 A 31 ET,48.39835,-4.48106,Plein jour,En agglomération,Intersection en T,Normale,Deux véhicules - côté,,,,,,,,,,,1,2,3,1,3
201500021545,0015-02-06 13:30:00,15,2,6,13,30,290,19,LE GORGEU (N29 (TOTAL,48.40486,-4.5062,Plein jour,En agglomération,Hors intersection,Normale,Deux véhicules - arrière,,,,,,,,,,,1,2,1,1,2
201500021546,0015-04-07 09:00:00,15,4,7,9,0,290,19,TARENTE,48.40439,-4.50925,Plein jour,En agglomération,Hors intersection,Temps éblouissant,Autre collision,,,,,,,,,,,1,2,1,7,6
201500021547,0015-02-06 17:10:00,15,2,6,17,10,290,19,LE GORGEU,48.40774,-4.51213,Plein jour,En agglomération,Hors intersection,Vent fort / tempête,Autre collision,,,,,,,,,,,1,2,1,6,6
201500021548,0015-04-05 15:15:00,15,4,5,15,15,290,19,BEREST EUGENE,48.39473,-4.43428,Plein jour,En agglomération,Hors intersection,Normale,Autre collision,,,,,,,,,,,1,2,1,1,6
201500021549,0015-02-07 20:40:00,15,2,7,20,40,290,19,COLLET YVES,48.39074,-4.48182,Nuit avec éclairage allumé,En agglomération,Hors intersection,Normale,Deux véhicules - côté,,,,,,,,,,,5,2,1,1,3
201500021550,0015-04-08 16:40:00,15,4,8,16,40,290,19,"., PLANTE GASTON",48.42738,-4.46569,Plein jour,En agglomération,Hors intersection,Normale,Deux véhicules - côté,,,,,,,,,,,1,2,1,1,3
201500021551,0015-02-12 18:45:00,15,2,12,18,45,290,19,COLLET YVES (DE 1 A 2,48.38942,-4.48326,Crépuscule ou aube,En agglomération,Hors intersection,Pluie légère,Sans collision,,,,,,,,,,,2,2,1,2,7
201500021552,0015-04-13 12:40:00,15,4,13,12,40,290,19,EUROPE (DE 58 A 166 E,48.41331,-4.48668,Plein jour,En agglomération,Intersection en X,Normale,Deux véhicules - côté,,,,,,,,,,,1,2,2,1,3
201500021553,0015-04-14 13:15:00,15,4,14,13,15,290,19,JAURES JEAN (DE 44 A 108,48.39461,-4.47928,Plein jour,En agglomération,Intersection en X,Normale,Deux véhicules - côté,,,,,,,,,,,1,2,2,1,3
201500021554,0015-04-29 10:40:00,15,4,29,10,40,290,19,GALLIENI GENERAL (DE 1 A,48.38898,-4.50951,Plein jour,En agglomération,Hors intersection,Normale,Autre collision,,,,,,,,,,,1,2,1,1,6
201500021555,0015-04-24 20:00:00,15,4,24,20,0,290,19,DOUMIER PAUL,48.39887,-4.48761,Plein jour,En agglomération,Intersection en X,Normale,Trois véhicules et plus - collisions multiples,,,,,,,,,,,1,2,2,1,5
201500021556,0015-05-01 00:20:00,15,5,1,0,20,290,19,"., PETIT THOUARS",48.37953,-4.52023,Nuit avec éclairage allumé,En agglomération,Intersection à plus de 4 branches,Pluie légère,Deux véhicules - frontale,,,,,,,,,,,5,2,5,2,1
201500021557,0015-05-05 18:10:00,15,5,5,18,10,290,19,"1025, KERVAO",48.42285,-4.51134,Plein jour,En agglomération,Hors intersection,Normale,Trois véhicules et plus - en chaîne,,,,,,,,,,,1,2,1,1,4
201500021558,0015-04-09 16:40:00,15,4,9,16,40,290,19,Avenue FOCH Marechal,48.39599,-4.48872,Plein jour,En agglomération,Hors intersection,Normale,Trois véhicules et plus - en chaîne,,,,,,,,,,,1,2,1,1,4
201500021559,0015-05-18 16:30:00,15,5,18,16,30,290,19,QUATRE POMPES (DE 1 A 65,48.37755,-4.53546,Plein jour,En agglomération,Intersection en T,Normale,Autre collision,,,,,,,,,,,1,2,3,1,6
201500021560,0015-05-14 02:00:00,15,5,14,2,0,290,19,"., CLEMENCEAU GEORGES (D",48.38923,-4.48439,Nuit avec éclairage allumé,En agglomération,Hors intersection,Pluie légère,Autre collision,,,,,,,,,,,5,2,1,2,6
201500021561,0015-05-11 11:10:00,15,5,11,11,10,290,19,DESFOSSES ROMAIN (AMIRAL,48.42559,-4.48009,Plein jour,En agglomération,Hors intersection,Normale,Deux véhicules - côté,,,,,,,,,,,1,2,1,1,3
201500021562,0015-05-20 17:45:00,15,5,20,17,45,290,19,FRANCE ANATOLE (DE 55 A,48.38235,-4.52277,Plein jour,En agglomération,Hors intersection,Normale,Autre collision,,,,,,,,,,,1,2,1,1,6
201500021563,0015-05-19 07:20:00,15,5,19,7,20,290,19,"., KERABECAM",48.39206,-4.48704,Plein jour,En agglomération,Hors intersection,Normale,Deux véhicules - arrière,,,,,,,,,,,1,2,1,1,2
201500021564,0015-05-13 12:25:00,15,5,13,12,25,290,19,"., PRIGENT TANGUY (DE ME",48.39752,-4.53124,Plein jour,En agglomération,Autre intersection,Normale,Deux véhicules - côté,,,,,,,,,,,1,2,9,1,3
201500021565,0015-05-16 22:20:00,15,5,16,22,20,290,19,DOUMIER PAUL,48.39887,-4.48761,Nuit avec éclairage allumé,En agglomération,Intersection en X,Normale,Deux véhicules - côté,,,,,,,,,,,5,2,2,1,3
201500021566,0015-05-21 16:40:00,15,5,21,16,40,290,19,LEON DU,48.40359,-4.49762,Plein jour,En agglomération,Giratoire,Normale,Deux véhicules - frontale,,,,,,,,,,,1,2,6,1,1
201500021567,0015-05-24 10:54:00,15,5,24,10,54,290,19,"., QUIMPER (DE 1 A 103 E",48.40019,-4.4449,Plein jour,En agglomération,Hors intersection,Normale,Deux véhicules - frontale,,,,,,,,,,,1,2,1,1,1
201500021568,0015-05-20 20:15:00,15,5,20,20,15,290,19,"., LAMOTTE PICQUET (N° 2",48.3943,-4.49325,Plein jour,En agglomération,Hors intersection,Normale,Deux véhicules - arrière,,,,,,,,,,,1,2,1,1,2
201500021569,0015-06-01 18:35:00,15,6,1,18,35,290,19,"985, ROCH GLAS (ROUTE ET",48.4327,-4.48955,Plein jour,En agglomération,Hors intersection,Normale,Deux véhicules - côté,,,,,,,,,,,1,2,1,1,3
201500021570,0015-05-28 08:45:00,15,5,28,8,45,290,19,EUROPE (DE 201 A 215),48.41321,-4.48656,Plein jour,En agglomération,Intersection en X,Normale,Deux véhicules - côté,,,,,,,,,,,1,2,2,1,3
201500021571,0015-05-27 18:00:00,15,5,27,18,0,290,19,KERLEGUER (N° 60 ET 65°,48.42132,-4.50331,Plein jour,En agglomération,Intersection en X,Normale,Deux véhicules - côté,,,,,,,,,,,1,2,2,1,3
201500021572,0015-06-09 01:00:00,15,6,9,1,0,290,19,"., DOUMIER PAUL",48.3997,-4.48599,Nuit avec éclairage allumé,En agglomération,Intersection en X,Normale,Deux véhicules - côté,,,,,,,,,,,5,2,2,1,3
201500021573,0015-06-16 07:25:00,15,6,16,7,25,290,19,COMMANDANT DROGOU ( DE 1,48.40454,4.50094,Plein jour,En agglomération,Giratoire,Normale,Deux véhicules - côté,,,,,,,,,,,1,2,6,1,3
201500021574,0015-06-18 10:45:00,15,6,18,10,45,290,19,BOHARS,48.41552,-4.49251,Plein jour,En agglomération,Hors intersection,Normale,Autre collision,,,,,,,,,,,1,2,1,1,6
201500021575,0015-06-19 07:20:00,15,6,19,7,20,290,19,4 FAURE GABRIEL,48.40947,4.49849,Plein jour,En agglomération,Hors intersection,Normale,Deux véhicules - côté,,,,,,,,,,,1,2,1,1,3
201500021576,0015-06-04 08:40:00,15,6,4,8,40,290,19,Rte de Ste Anne du Portz,48.3614,-4.53687,Plein jour,Hors agglomération,Hors intersection,Normale,Deux véhicules - côté,,,,,,,,,,,1,1,1,1,3
201500021577,0015-06-23 07:45:00,15,6,23,7,45,290,19,"., ROND POINT HMCS ATHAB",48.37457,4.5578,Plein jour,En agglomération,Intersection en T,Normale,Autre collision,,,,,,,,,,,1,2,3,1,6
201500021578,0015-06-23 13:45:00,15,6,23,13,45,290,19,TARENTE,48.40488,-4.50983,Plein jour,Hors agglomération,Hors intersection,Normale,Deux véhicules - arrière,,,,,,,,,,,1,1,1,1,2
201500021579,0015-06-29 08:00:00,15,6,29,8,0,290,19,TARENTE,48.40469,-4.5096,Plein jour,En agglomération,Hors intersection,Normale,Deux véhicules - côté,,,,,,,,,,,1,2,1,1,3
201500021580,0015-06-29 10:40:00,15,6,29,10,40,290,19,"280, HEMINGWAY ERNEST",48.38537,-4.47955,Plein jour,En agglomération,Hors intersection,Normale,Autre collision,,,,,,,,,,,1,2,1,1,6
201500021581,0015-06-30 07:35:00,15,6,30,7,35,290,19,LE GORGEU (SANS N° ENTRE,48.40165,-4.50271,Plein jour,En agglomération,Hors intersection,Normale,Deux véhicules - arrière,,,,,,,,,,,1,2,1,1,2
201500021582,0015-07-07 15:30:00,15,7,7,15,30,290,19,SAINT MARC ROUTE DU VIEU,48.39026,-4.45836,Plein jour,En agglomération,Place,Normale,Deux véhicules - frontale,,,,,,,,,,,1,2,7,1,1
201500021583,0015-07-11 19:40:00,15,7,11,19,40,290,19,PLYMOUTH (DE 89 A 135 ET,48.38547,-4.53551,Plein jour,En agglomération,Hors intersection,Normale,Autre collision,,,,,,,,,,,1,2,1,1,6
201500021584,0015-07-16 22:00:00,15,7,16,22,0,290,19,"., MONTAIGNE (DE 98 ET 1",48.4035,-4.4804,Plein jour,En agglomération,Intersection en X,Normale,Deux véhicules - côté,,,,,,,,,,,1,2,2,1,3
201500021585,0015-07-11 10:30:00,15,7,11,10,30,290,19,THOMAS ALBERT,48.40268,-4.4944,Plein jour,En agglomération,Intersection en X,Normale,Deux véhicules - côté,,,,,,,,,,,1,2,2,1,3
201500021586,0015-07-20 16:30:00,15,7,20,16,30,290,19,PREMIERE DFL (AVENUE),48.37501,-4.55687,Plein jour,En agglomération,Hors intersection,Pluie légère,Autre collision,,,,,,,,,,,1,2,1,2,6
201500021587,0015-07-07 17:05:00,15,7,7,17,5,290,19,rue du CONQUET,48.37971,-4.54131,Plein jour,En agglomération,Intersection en T,Normale,Deux véhicules - arrière,,,,,,,,,,,1,2,3,1,2
201500021588,0015-07-23 14:00:00,15,7,23,14,0,290,19,"41, KERMENGUY",48.40391,-4.50252,Plein jour,En agglomération,Hors intersection,Normale,Deux véhicules - arrière,,,,,,,,,,,1,2,1,1,2
201500021589,0015-07-26 12:00:00,15,7,26,12,0,290,19,"2, CAILLE RENE",48.4016,-4.51173,Plein jour,En agglomération,Hors intersection,Pluie légère,Autre collision,,,,,,,,,,,1,2,1,2,6
201500021590,0015-07-24 10:25:00,15,7,24,10,25,290,19,VALMY,48.39803,-4.46508,Plein jour,En agglomération,Hors intersection,Pluie légère,Deux véhicules - côté,,,,,,,,,,,1,2,1,2,3
201500021591,0015-08-03 09:05:00,15,8,3,9,5,290,19,"., LE GORGEU (N°ENTRE TA",48.40468,-4.5061,Plein jour,En agglomération,Hors intersection,Pluie légère,Deux véhicules - frontale,,,,,,,,,,,1,2,1,2,1
201500021592,0015-08-06 15:30:00,15,8,6,15,30,290,19,"., EUROPE (DE 13 A 15)",48.41319,-4.4875,Plein jour,En agglomération,Hors intersection,Normale,Deux véhicules - frontale,,,,,,,,,,,1,2,1,1,1
201500021593,0015-08-03 14:20:00,15,8,3,14,20,290,19,EUROPE (DE 201 A 215),48.41319,-4.4875,Plein jour,En agglomération,Hors intersection,Normale,Deux véhicules - frontale,,,,,,,,,,,1,2,1,1,1