accident_id,datetime,annee,mois,jour,heure,minute,departement,commune_insee,adresse,latitude,longitude,luminosite,agglomeration,intersection,meteo,collision,nb_vehicules,nb_usagers,nb_indemnes,nb_tues,nb_blesses_hosp,nb_blesses_legers,age_cond_1,age_cond_2,veh_type_cond_1,veh_type_cond_2,lum_code,agg_code,int_code,atm_code,col_code
201500021594,0015-08-13 07:30:00,15,8,13,7,30,290,19,DESFOSSES ROMAIN (AMIRAL,48.42656,-4.47686,Crépuscule ou aube,En agglomération,Hors intersection,Pluie forte,Autre collision,,,,,,,,,,,2,2,1,3,6
201500021595,0015-08-20 10:42:00,15,8,20,10,42,290,19,DUCOUEDIC,48.38519,-4.4915,Plein jour,En agglomération,Intersection en T,Pluie légère,Autre collision,,,,,,,,,,,1,2,3,2,6
201500021596,0015-08-11 19:00:00,15,8,11,19,0,290,19,EUROPE (DE 161 A 199),48.39039,-4.48607,Plein jour,En agglomération,Hors intersection,Normale,Autre collision,,,,,,,,,,,1,2,1,1,6
201500021597,0015-08-04 17:15:00,15,8,4,17,15,290,19,ROOSEVELT FRANKLIN (AVEN,48.38176,-4.49174,Plein jour,En agglomération,Hors intersection,Normale,Trois véhicules et plus - en chaîne,,,,,,,,,,,1,2,1,1,4
201500021598,0015-08-26 09:05:00,15,8,26,9,5,290,19,", LANGEVIN PROFESSEUR",48.40093,-4.49955,Plein jour,En agglomération,Intersection en T,Normale,Deux véhicules - côté,,,,,,,,,,,1,2,3,1,3
201500021599,0015-08-24 18:20:00,15,8,24,18,20,290,19,DESMOULINS CAMILLE,48.39671,-4.48568,Plein jour,En agglomération,Hors intersection,Normale,Autre collision,,,,,,,,,,,1,2,1,1,6
201500021600,0015-07-31 17:30:00,15,7,31,17,30,290,19,"., VALY HIR (DE 1 A 19 E",48.3858,-4.51965,Plein jour,En agglomération,Autre intersection,Normale,Autre collision,,,,,,,,,,,1,2,9,1,6
201500021601,0015-07-25 14:05:00,15,7,25,14,5,290,19,"4, FAURE GABRIEL",48.40947,-4.49874,Plein jour,En agglomération,Intersection en X,Normale,Deux véhicules - côté,,,,,,,,,,,1,2,2,1,3
201500021602,0015-08-04 12:27:00,15,8,4,12,27,290,19,"81, PORTE (DE 77 A 85 ET",48.38397,-4.50428,Plein jour,En agglomération,Hors intersection,Normale,Autre collision,,,,,,,,,,,1,2,1,1,6
201500021603,0015-08-29 18:25:00,15,8,29,18,25,290,19,SAINT JEAN,48.4045,-4.4666,Plein jour,En agglomération,Intersection en X,Normale,Deux véhicules - côté,,,,,,,,,,,1,2,2,1,3
201500021604,0015-08-27 16:55:00,15,8,27,16,55,290,19,"., HARTELOIRE (PONT)",48.39212,-4.50326,Plein jour,En agglomération,Hors intersection,Normale,Trois véhicules et plus - en chaîne,,,,,,,,,,,1,2,1,1,4
201500021605,0015-09-02 22:50:00,15,9,2,22,50,290,19,LOUPPE ALBERT (DE 1 A,48.40277,-4.46795,Nuit avec éclairage non allumé,En agglomération,Hors intersection,Normale,Autre collision,,,,,,,,,,,4,2,1,1,6
201500021606,0015-08-21 15:45:00,15,8,21,15,45,290,19,"., GALLIENI GENERAL (DE",48.38865,-4.51052,Plein jour,En agglomération,Intersection en T,Normale,Deux véhicules - côté,,,,,,,,,,,1,2,3,1,3
201500021607,0015-08-23 10:25:00,15,8,23,10,25,290,19,"., KERLEGUER (N° 60 ET 6",48.42144,-4.50306,Plein jour,En agglomération,Hors intersection,Normale,Autre collision,,,,,,,,,,,1,2,1,1,6
201500021608,0015-08-29 21:10:00,15,8,29,21,10,290,19,DUVAL MARCELLIN (DE 1 A,48.41175,-4.48643,Nuit avec éclairage allumé,En agglomération,Hors intersection,Normale,Autre collision,,,,,,,,,,,5,2,1,1,6
201500021609,0015-09-08 15:20:00,15,9,8,15,20,290,19,"., HARTELOIRE (RUE)",48.39354,-4.49237,Plein jour,En agglomération,Hors intersection,Normale,Deux véhicules - arrière,,,,,,,,,,,1,2,1,1,2
201500021610,0015-08-28 11:50:00,15,8,28,11,50,290,19,"., TANGUY DU CHATEL",48.3796,-4.53373,Plein jour,En agglomération,Hors intersection,Normale,Autre collision,,,,,,,,,,,1,2,1,1,6
201500021611,0015-09-10 16:30:00,15,9,10,16,30,290,19,"., MONTAIGNE (DE 39 A 11",48.40328,-4.48087,Plein jour,En agglomération,Intersection en T,Normale,Deux véhicules - frontale,,,,,,,,,,,1,2,3,1,1
201500021612,0015-09-02 11:07:00,15,9,2,11,7,290,19,"12, BERNARD EMILE",48.42944,-4.50425,Plein jour,En agglomération,Hors intersection,Normale,Autre collision,,,,,,,,,,,1,2,1,1,6
201500021613,0015-09-17 09:05:00,15,9,17,9,5,290,19,EGLISE (RUE,48.38215,-4.50109,Plein jour,En agglomération,Hors intersection,Normale,Autre collision,,,,,,,,,,,1,2,1,1,6
201500021614,0015-09-15 17:40:00,15,9,15,17,40,290,19,KERVERN AUGUSTE,48.40096,-4.48897,Plein jour,En agglomération,Hors intersection,Pluie légère,Deux véhicules - arrière,,,,,,,,,,,1,2,1,2,2
201500021615,0015-09-11 07:50:00,15,9,11,7,50,290,19,"., LOUPPE ALBERT (DE 1 A",48.40346,-4.47111,Plein jour,En agglomération,Giratoire,Normale,Deux véhicules - côté,,,,,,,,,,,1,2,6,1,3
201500021616,0015-09-15 08:50:00,15,9,15,8,50,290,19,VERDUN (DE 1 A 51 ET 2 A,48.39808,-4.46497,Plein jour,En agglomération,Hors intersection,Normale,Autre collision,,,,,,,,,,,1,2,1,1,6
201500021617,0015-09-18 14:00:00,15,9,18,14,0,290,19,"., LE GORGEU (N°ENTRE TA",48.40488,-4.50627,Plein jour,En agglomération,Hors intersection,Normale,Deux véhicules - frontale,,,,,,,,,,,1,2,1,1,1
201500021618,0015-09-24 15:40:00,15,9,24,15,40,290,19,MIRABEAU,48.40759,-4.48877,Plein jour,En agglomération,Hors intersection,Normale,Autre collision,,,,,,,,,,,1,2,1,1,6
201500021619,0015-09-23 17:15:00,15,9,23,17,15,290,19,"., LOUPPE ALBERT (DE 71",48.40389,-4.47489,Plein jour,En agglomération,Intersection en X,Normale,Deux véhicules - côté,,,,,,,,,,,1,2,2,1,3
201500021620,0015-09-30 01:50:00,15,9,30,1,50,290,19,TOURVILLE,48.39396,-4.49441,Nuit avec éclairage allumé,En agglomération,Hors intersection,Normale,Sans collision,,,,,,,,,,,5,2,1,1,7
201500021621,0015-09-22 13:00:00,15,9,22,13,0,290,19,"., GOUESNOU (DE 221 ET 2",48.42488,4.46707,Plein jour,En agglomération,Intersection en X,Normale,Deux véhicules - côté,,,,,,,,,,,1,2,2,1,3
201500021622,0015-09-24 12:05:00,15,9,24,12,5,290,19,"., LESVEN JULES (DE 26 A",48.40884,-4.48018,Plein jour,En agglomération,Hors intersection,Normale,Deux véhicules - arrière,,,,,,,,,,,1,2,1,1,2
201500021623,0015-09-29 10:40:00,15,9,29,10,40,290,19,ROBESPIERRE (96 ET 109 A,48.40743,-4.48984,Plein jour,En agglomération,Hors intersection,Normale,Autre collision,,,,,,,,,,,1,2,1,1,6
201500021624,0015-09-30 07:50:00,15,9,30,7,50,290,19,"., NORMANDIE",48.40285,-4.51122,Crépuscule ou aube,En agglomération,Intersection en X,Normale,Deux véhicules - frontale,,,,,,,,,,,2,2,2,1,1
201500021625,0015-10-03 17:55:00,15,10,3,17,55,290,19,"., PONT A LOUET",48.37278,-4.53912,Plein jour,En agglomération,Intersection en X,Normale,Deux véhicules - côté,,,,,,,,,,,1,2,2,1,3
201500021626,0015-10-08 18:20:00,15,10,8,18,20,290,19,"., FRANCE ANATOLE (DE 1",48.38289,-4.51791,Plein jour,En agglomération,Hors intersection,Normale,Deux véhicules - côté,,,,,,,,,,,1,2,1,1,3
201500021627,0015-10-02 22:40:00,15,10,2,22,40,290,19,"76, KEROURIEN (DE 43 ET",48.38251,-4.54114,Plein jour,Hors agglomération,Hors intersection,Normale,Deux véhicules - côté,,,,,,,,,,,1,1,1,1,3
201500021628,0015-10-08 14:50:00,15,10,8,14,50,290,19,", CLAIRAUT ALEXIS",48.41548,-4.46196,Plein jour,En agglomération,Intersection en X,Normale,Trois véhicules et plus - collisions multiples,,,,,,,,,,,1,2,2,1,5
201500021629,0015-10-09 16:20:00,15,10,9,16,20,290,19,CLEMENCEAU GEORGES (D,48.38812,4.48301,Plein jour,En agglomération,Hors intersection,Normale,Deux véhicules - côté,,,,,,,,,,,1,2,1,1,3
201500021630,0015-10-09 17:00:00,15,10,9,17,0,290,19,SAINT MARC ROUTE DU V,48.39321,-4.44263,Plein jour,En agglomération,Hors intersection,Normale,Trois véhicules et plus - en chaîne,,,,,,,,,,,1,2,1,1,4
201500021631,0015-11-14 22:25:00,15,11,14,22,25,290,19,"., LE GORGEU (N°ENTRE TA",48.40791,-4.51105,Nuit avec éclairage allumé,En agglomération,Hors intersection,Normale,Autre collision,,,,,,,,,,,5,2,1,1,6
201500021632,0015-10-14 08:30:00,15,10,14,8,30,290,19,"., DESFOSSES ROMAIN (AMI",48.42554,-4.48007,Plein jour,En agglomération,Hors intersection,Normale,Autre collision,,,,,,,,,,,1,2,1,1,6
201500021633,0015-10-14 12:05:00,15,10,14,12,5,290,19,MADAGASCAR,48.3858,-4.4794,Plein jour,En agglomération,Intersection en X,Normale,Deux véhicules - côté,,,,,,,,,,,1,2,2,1,3
201500021634,0015-10-16 21:15:00,15,10,16,21,15,290,19,PEN AR CH'LEUZ (ROND,48.41398,-4.47947,Nuit avec éclairage allumé,En agglomération,Hors intersection,Normale,Deux véhicules - arrière,,,,,,,,,,,5,2,1,1,2
201500021635,0015-10-19 12:55:00,15,10,19,12,55,290,19,"21, COLLET YVES (DE 1 A",48.39132,4.48106,Plein jour,En agglomération,Hors intersection,Normale,Autre collision,,,,,,,,,,,1,2,1,1,6
201500021636,0015-10-23 07:45:00,15,10,23,7,45,290,19,CLEMENCEAU GEORGES (DE 1,48.39569,-4.40777,Nuit avec éclairage allumé,En agglomération,Hors intersection,Normale,Deux véhicules - arrière,,,,,,,,,,,5,2,1,1,2
201500021637,0015-10-21 13:00:00,15,10,21,13,0,290,19,"., KERZENNIEL (ROND POIN",48.37309,-4.56183,Plein jour,En agglomération,Giratoire,Normale,Autre collision,,,,,,,,,,,1,2,6,1,6
201500021638,0015-10-30 12:10:00,15,10,30,12,10,290,19,"., CHOPIN FREDERIC",48.41151,-4.49338,Plein jour,En agglomération,Hors intersection,Normale,Deux véhicules - côté,,,,,,,,,,,1,2,1,1,3
201500021639,0015-10-08 17:05:00,15,10,8,17,5,290,19,PEN AR CH'LEUZ (ROND POI,48.41461,-4.4787,Plein jour,Hors agglomération,Hors intersection,Normale,Deux véhicules - côté,,,,,,,,,,,1,1,1,1,3
201500021640,0015-10-15 08:25:00,15,10,15,8,25,290,19,COLLET YVES (DE 27 ET 28,48.3914,-4.48069,Plein jour,En agglomération,Hors intersection,Normale,Autre collision,,,,,,,,,,,1,2,1,1,6
201500021641,0015-10-23 20:40:00,15,10,23,20,40,290,19,HUGO VICTOR (DE 19 ET 22,48.39022,-4.47739,Nuit avec éclairage allumé,En agglomération,Intersection en X,Normale,Deux véhicules - côté,,,,,,,,,,,5,2,2,1,3
201500021642,0015-10-27 15:30:00,15,10,27,15,30,290,19,RN 12 (PEN AR CH'LEUZ A,48.41554,-4.47948,Plein jour,Hors agglomération,Hors intersection,Normale,Trois véhicules et plus - en chaîne,,,,,,,,,,,1,1,1,1,4
201500021643,0015-10-26 18:10:00,15,10,26,18,10,290,19,"101, MONTAIGNE (DE 98 ET",48.40465,-4.47886,Crépuscule ou aube,En agglomération,Hors intersection,Normale,Deux véhicules - arrière,,,,,,,,,,,2,2,1,1,2
201500021644,0015-10-30 12:20:00,15,10,30,12,20,290,19,", MASSILLON (DE 1 A 31",48.39695,-4.47938,Plein jour,En agglomération,Autre intersection,Normale,Autre collision,,,,,,,,,,,1,2,9,1,6
201500021645,0015-11-03 16:45:00,15,11,3,16,45,290,19,CORNICHE (DE 4 A 10 ),48.36532,-4.52691,Crépuscule ou aube,En agglomération,Hors intersection,Normale,Autre collision,,,,,,,,,,,2,2,1,1,6
201500021646,0015-11-06 10:30:00,15,11,6,10,30,290,19,"., COLLIERE JULES (DE 1",48.39982,-4.45193,Plein jour,En agglomération,Hors intersection,Normale,Autre collision,,,,,,,,,,,1,2,1,1,6
201500021647,0015-11-11 04:10:00,15,11,11,4,10,290,19,SALAUN PENQUER,48.38481,-4.48308,Nuit avec éclairage allumé,Hors agglomération,Hors intersection,Normale,Autre collision,,,,,,,,,,,5,1,1,1,6
201500021648,0015-11-12 15:40:00,15,11,12,15,40,290,19,".., FOCH MARECHAL",48.394,-4.4879,Plein jour,En agglomération,Hors intersection,Normale,Deux véhicules - arrière,,,,,,,,,,,1,2,1,1,2
201500021649,0015-10-14 19:00:00,15,10,14,19,0,290,19,VERDUN ( 174 ET 201 A FI,48.39881,-4.45139,Plein jour,En agglomération,Hors intersection,Normale,Autre collision,,,,,,,,,,,1,2,1,1,6
201500021650,0015-10-25 10:15:00,15,10,25,10,15,290,19,"., PREMIERE DFL (AVENUE)",48.37474,-4.55761,Plein jour,En agglomération,Hors intersection,Normale,Autre collision,,,,,,,,,,,1,2,1,1,6
201500021651,0015-10-19 16:35:00,15,10,19,16,35,290,19,"., EUROPE (DE 13 A 15)",48.41678,-4.46708,Plein jour,En agglomération,Hors intersection,Normale,Trois véhicules et plus - en chaîne,,,,,,,,,,,1,2,1,1,4
201500021652,0015-11-13 12:00:00,15,11,13,12,0,290,19,HUIT MAI 1945 (DE 46 A F,48.40935,-4.46999,Plein jour,En agglomération,Hors intersection,Normale,Deux véhicules - arrière,,,,,,,,,,,1,2,1,1,2
201500021653,0015-11-21 16:00:00,15,11,21,16,0,290,19,".., EUROPE (DE 201 A 215",48.4133,-4.48665,Plein jour,En agglomération,Intersection en X,Normale,Deux véhicules - côté,,,,,,,,,,,1,2,2,1,3
201500021654,0015-11-20 21:10:00,15,11,20,21,10,290,19,"24, PARIS (DE 1 A 31 ET",48.40494,-4.46357,Nuit avec éclairage allumé,En agglomération,Hors intersection,Normale,Deux véhicules - côté,,,,,,,,,,,5,2,1,1,3
201500021655,0015-11-20 08:20:00,15,11,20,8,20,290,19,FAUTRAS (RUE ET PLACE),48.39155,-4.49075,Crépuscule ou aube,En agglomération,Hors intersection,Pluie légère,Deux véhicules - côté,,,,,,,,,,,2,2,1,2,3
201500021656,0015-11-28 18:55:00,15,11,28,18,55,290,19,".., STRASBOURG (PLACE)",48.40248,-4.46741,Nuit avec éclairage allumé,En agglomération,Intersection en X,Vent fort / tempête,Deux véhicules - côté,,,,,,,,,,,5,2,2,6,3
201500021657,0015-11-27 11:30:00,15,11,27,11,30,290,19,Rue de CONCARNEAU,48.40578,-4.45819,Plein jour,En agglomération,Intersection en T,Normale,Deux véhicules - côté,,,,,,,,,,,1,2,3,1,3
201500021658,0015-11-04 20:05:00,15,11,4,20,5,290,19,"., LE GORGEU (N°29 (TOTA",48.39813,-4.49262,Nuit avec éclairage allumé,En agglomération,Hors intersection,Normale,Trois véhicules et plus - en chaîne,,,,,,,,,,,5,2,1,1,4
201500021659,0015-11-27 19:50:00,15,11,27,19,50,290,19,"21, PAULET GENERAL (DE 1",48.40837,-4.47573,Nuit avec éclairage allumé,En agglomération,Hors intersection,Pluie légère,Deux véhicules - côté,,,,,,,,,,,5,2,1,2,3
201500021660,0015-11-15 12:15:00,15,11,15,12,15,290,19,"., MAISSIN",48.39,-4.5035,Plein jour,En agglomération,Giratoire,Normale,Deux véhicules - côté,,,,,,,,,,,1,2,6,1,3
201500021661,0015-11-24 09:05:00,15,11,24,9,5,290,19,"1, PRAT LEDAN (PLACE ET",48.38409,-4.50495,Plein jour,En agglomération,Hors intersection,Normale,Autre collision,,,,,,,,,,,1,2,1,1,6
201500021662,0015-11-26 14:40:00,15,11,26,14,40,290,19,"., CHEVREUL",48.40729,-4.49075,Plein jour,En agglomération,Hors intersection,Pluie légère,Deux véhicules - frontale,,,,,,,,,,,1,2,1,2,1
201500021663,0015-11-21 16:20:00,15,11,21,16,20,290,19,"., FAUTRAS (RUE ET PLACE",48.39032,-4.49156,Plein jour,En agglomération,Intersection en X,Normale,Deux véhicules - côté,,,,,,,,,,,1,2,2,1,3
201500021664,0015-11-19 07:20:00,15,11,19,7,20,290,19,Rue de ROYAN,48.40199,-4.49874,Plein jour,En agglomération,Hors intersection,Normale,Autre collision,,,,,,,,,,,1,2,1,1,6
201500021665,0015-12-02 08:15:00,15,12,2,8,15,290,19,"., CORNICHE (DE 1 A 39 E",48.3661,-4.52578,Plein jour,En agglomération,Hors intersection,Temps éblouissant,Autre collision,,,,,,,,,,,1,2,1,7,6
201500021666,0015-12-03 18:15:00,15,12,3,18,15,290,19,BLUM LEON,48.40743,-4.48503,Nuit avec éclairage non allumé,En agglomération,Intersection en X,Pluie forte,Deux véhicules - arrière,,,,,,,,,,,4,2,2,3,2
201500021667,0015-12-04 18:00:00,15,12,4,18,0,290,19,".., LE GORGEU (SANS Nø E",48.40181,-4.50249,Nuit avec éclairage non allumé,En agglomération,Giratoire,Normale,Deux véhicules - arrière,,,,,,,,,,,4,2,6,1,2
201500021668,0015-12-03 11:25:00,15,12,3,11,25,290,19,PLYMOUTH,48.38728,-4.52171,Plein jour,Hors agglomération,Hors intersection,Normale,Autre collision,,,,,,,,,,,1,1,1,1,6
201500021669,0015-12-04 15:55:00,15,12,4,15,55,290,19,GLASGOW (DE 1 A 9 ET 2 A,48.39456,-4.48428,Plein jour,En agglomération,Hors intersection,Normale,Trois véhicules et plus - en chaîne,,,,,,,,,,,1,2,1,1,4
201500021670,0015-12-09 17:10:00,15,12,9,17,10,290,19,TARTU JEAN FRANCOIS (18,48.38306,-4.52767,Plein jour,En agglomération,Giratoire,Normale,Deux véhicules - côté,,,,,,,,,,,1,2,6,1,3
201500021671,0015-12-10 16:55:00,15,12,10,16,55,290,19,"., STRASBOURG (PLACE)",48.40236,-4.46753,Plein jour,En agglomération,Hors intersection,Normale,Deux véhicules - côté,,,,,,,,,,,1,2,1,1,3
201500021672,0015-12-02 18:00:00,15,12,2,18,0,290,19,CHATEAU (DE 1 A 35 ET 2,48.38458,-4.48935,Plein jour,En agglomération,Hors intersection,Normale,Deux véhicules - côté,,,,,,,,,,,1,2,1,1,3
201500021673,0015-12-11 07:50:00,15,12,11,7,50,290,19,".., PARIS ( 33 ET 42 A F",48.40952,-4.45646,Nuit avec éclairage allumé,En agglomération,Intersection en X,Normale,Deux véhicules - côté,,,,,,,,,,,5,2,2,1,3
201500021674,0015-12-09 07:55:00,15,12,9,7,55,290,19,MONTAIGNE (DE 1 A 37 ET,48.40074,-4.48462,Nuit avec éclairage allumé,En agglomération,Hors intersection,Normale,Deux véhicules - côté,,,,,,,,,,,5,2,1,1,3
201500021675,0015-12-07 13:20:00,15,12,7,13,20,290,19,"., CLEMENCEAU GEORGES (D",48.39531,-4.40933,Plein jour,En agglomération,Hors intersection,Normale,Autre collision,,,,,,,,,,,1,2,1,1,6
201500021676,0015-12-09 14:10:00,15,12,9,14,10,290,19,"., WAGNER RICHARD",48.39439,-4.52855,Plein jour,En agglomération,Intersection en T,Normale,Deux véhicules - frontale,,,,,,,,,,,1,2,3,1,1
201500021677,0015-12-15 09:10:00,15,12,15,9,10,290,19,PAULET GENERAL (DE 1,48.40955,-4.47624,Plein jour,En agglomération,Hors intersection,Pluie légère,Deux véhicules - arrière,,,,,,,,,,,1,2,1,2,2
201500021678,0015-12-14 09:05:00,15,12,14,9,5,290,19,"., LOUPPE ALBERT (DE 1 A",48.4035,-4.47122,Plein jour,En agglomération,Hors intersection,Pluie légère,Autre collision,,,,,,,,,,,1,2,1,2,6
201500021679,0015-12-15 08:35:00,15,12,15,8,35,290,19,"205, ELORN",48.38499,-4.47884,Plein jour,En agglomération,Hors intersection,Normale,Trois véhicules et plus - collisions multiples,,,,,,,,,,,1,2,1,1,5
201500021680,0015-12-22 05:30:00,15,12,22,5,30,290,19,".., LE GROS CHARLES (SAN",48.42495,-4.46049,Nuit avec éclairage non allumé,En agglomération,Intersection en T,Pluie forte,Deux véhicules - côté,,,,,,,,,,,4,2,3,3,3
201500021681,0015-12-22 17:25:00,15,12,22,17,25,290,19,DOCTEUR CHARCOT,48.40291,-4.47123,Crépuscule ou aube,En agglomération,Intersection en T,Pluie forte,Deux véhicules - côté,,,,,,,,,,,2,2,3,3,3
201500021682,0015-12-17 16:55:00,15,12,17,16,55,290,19,BLUM LEON,48.40582,-4.48472,Crépuscule ou aube,En agglomération,Hors intersection,Pluie légère,Autre collision,,,,,,,,,,,2,2,1,2,6
201500021683,0015-02-01 14:45:00,15,2,1,14,45,400,245,,44.04582,-0.33738,Plein jour,Hors agglomération,Hors intersection,Neige / grêle,Trois véhicules et plus - en chaîne,,,,,,,,,,,1,1,1,4,4
201500021684,0015-02-07 15:00:00,15,2,7,15,0,400,164,,44.10088,-0.28252,Plein jour,Hors agglomération,Hors intersection,Temps couvert,Autre collision,,,,,,,,,,,1,1,1,8,6
201500021685,0015-02-24 07:00:00,15,2,24,7,0,400,146,,43.64988,-0.29385,Crépuscule ou aube,Hors agglomération,Hors intersection,Neige / grêle,Autre collision,,,,,,,,,,,2,1,1,4,6
201500021686,0015-04-27 11:15:00,15,4,27,11,15,400,14,,44.08035,-0.29553,Plein jour,Hors agglomération,Hors intersection,Pluie forte,Sans collision,,,,,,,,,,,1,1,1,3,7
201500021687,0015-08-31 16:15:00,15,8,31,16,15,400,80,,43.79751,-0.29592,Plein jour,Hors agglomération,Hors intersection,Normale,Autre collision,,,,,,,,,,,1,1,1,1,6
201500021688,0015-01-15 18:25:00,15,1,15,18,25,290,39,LIN (Rond-Point du),47.87283,-3.92073,Nuit avec éclairage non allumé,En agglomération,Hors intersection,Normale,Sans collision,,,,,,,,,,,4,2,1,1,7
201500021689,0015-02-24 07:20:00,15,2,24,7,20,290,39,STANG KUZET ( RUE DE),47.89368,-3.90121,Nuit sans éclairage public,Hors agglomération,Hors intersection,Pluie légère,Sans collision,,,,,,,,,,,3,1,1,2,7
201500021690,0015-01-17 07:15:00,15,1,17,7,15,290,39,KERILIN (LIEU-DIT),47.91791,-3.93281,Nuit sans éclairage public,Hors agglomération,Hors intersection,Normale,Autre collision,,,,,,,,,,,3,1,1,1,6
201500021691,0015-02-20 10:20:00,15,2,20,10,20,290,39,"1, VILLENEUVE (ROND POIN",47.89466,-3.91406,Plein jour,En agglomération,Giratoire,Pluie légère,Autre collision,,,,,,,,,,,1,2,6,2,6
201500021692,0015-01-20 08:20:00,15,1,20,8,20,290,39,"47, TREGUNC ( RUE DE )",47.86757,-3.90406,Nuit avec éclairage allumé,En agglomération,Hors intersection,Normale,Autre collision,,,,,,,,,,,5,2,1,1,6
201500021693,0015-02-28 15:15:00,15,2,28,15,15,290,39,RD 783,47.87492,-3.89846,Plein jour,Hors agglomération,Hors intersection,Normale,Deux véhicules - arrière,,,,,,,,,,,1,1,1,1,2
201500021694,0015-01-31 15:35:00,15,1,31,15,35,290,39,Echangeur  Coat Conq,47.92585,-3.89424,Plein jour,Hors agglomération,Hors intersection,Temps couvert,Sans collision,,,,,,,,,,,1,1,1,8,7
201500021695,0015-03-02 11:40:00,15,3,2,11,40,290,39,STANG BIHAN ( LIEU-DIT),47.89726,-3.9432,Plein jour,Hors agglomération,Hors intersection,Normale,Deux véhicules - côté,,,,,,,,,,,1,1,1,1,3
201500021696,0015-03-06 11:40:00,15,3,6,11,40,290,39,HASCOET (RUE HELENE),47.87167,-3.91854,Plein jour,En agglomération,Hors intersection,Normale,Autre collision,,,,,,,,,,,1,2,1,1,6
201500021697,0015-03-21 11:20:00,15,3,21,11,20,290,39,RD 783,47.87735,-3.90215,Plein jour,En agglomération,Giratoire,Normale,Autre collision,,,,,,,,,,,1,2,6,1,6
201500021698,0015-03-21 17:05:00,15,3,21,17,5,290,39,rue de la VILLENEUVE,47.90062,-3.91088,Plein jour,En agglomération,Hors intersection,Normale,Deux véhicules - arrière,,,,,,,,,,,1,2,1,1,2
201500021699,0015-03-23 16:30:00,15,3,23,16,30,290,39,RD 783 BEUZEC,47.89967,-3.91189,Plein jour,Hors agglomération,Hors intersection,Normale,Deux véhicules - côté,,,,,,,,,,,1,1,1,1,3
201500021700,0015-03-28 02:30:00,15,3,28,2,30,290,39,"37, COLGUEN ( RUE DE)",47.90072,-3.90871,Nuit avec éclairage allumé,Hors agglomération,Hors intersection,Pluie légère,Autre collision,,,,,,,,,,,5,1,1,2,6
201500021701,0015-04-17 11:50:00,15,4,17,11,50,290,39,CARNOT ( QUAI),47.87493,-3.91675,Plein jour,Hors agglomération,Hors intersection,Normale,Trois véhicules et plus - collisions multiples,,,,,,,,,,,1,1,1,1,5
201500021702,0015-04-20 16:46:00,15,4,20,16,46,290,39,GLENAN ( AVENUE DES ),47.85747,-3.91302,Plein jour,En agglomération,Hors intersection,Normale,Autre collision,,,,,,,,,,,1,2,1,1,6
201500021703,0015-05-06 09:00:00,15,5,6,9,0,290,39,KERAMPERU ( ROND POINT D,47.89001,-3.91601,Plein jour,Hors agglomération,Hors intersection,Normale,Autre collision,,,,,,,,,,,1,1,1,1,6
201500021704,0015-05-14 15:50:00,15,5,14,15,50,290,39,AIGUILLON (QUAI DE L'),47.87287,-3.91732,Plein jour,En agglomération,Hors intersection,Pluie légère,Autre collision,,,,,,,,,,,1,2,1,2,6
201500021705,0015-05-15 09:15:00,15,5,15,9,15,290,39,RN165 (VE),47.92583,-3.89661,Plein jour,Hors agglomération,Hors intersection,Temps couvert,Sans collision,,,,,,,,,,,1,1,1,8,7
201500021706,0015-05-17 07:00:00,15,5,17,7,0,290,39,SAINT LAURENT (CHEMIN DE,47.91733,-3.93574,Crépuscule ou aube,Hors agglomération,Hors intersection,Normale,Autre collision,,,,,,,,,,,2,1,1,1,6
201500021707,0015-05-20 14:05:00,15,5,20,14,5,290,39,COLGUEN ( RUE DE),47.9072,-3.90554,Plein jour,Hors agglomération,Intersection en T,Normale,Deux véhicules - côté,,,,,,,,,,,1,1,3,1,3
201500021708,0015-06-01 10:00:00,15,6,1,10,0,290,39,"79, CABELLOU ( AVENUE DU",47.85671,-3.8989,Plein jour,En agglomération,Hors intersection,Normale,Sans collision,,,,,,,,,,,1,2,1,1,7
201500021709,0015-06-08 20:35:00,15,6,8,20,35,290,39,RD 783 BEUZEC,47.88563,-3.91342,Plein jour,En agglomération,Hors intersection,Normale,Sans collision,,,,,,,,,,,1,2,1,1,7
201500021710,0015-06-13 00:05:00,15,6,13,0,5,290,39,KERAMPORIEL ( ROND POINT,47.90026,3.91198,Nuit avec éclairage allumé,Hors agglomération,Giratoire,Normale,Autre collision,,,,,,,,,,,5,1,6,1,6
201500021711,0015-06-14 13:20:00,15,6,14,13,20,290,39,COLGUEN ( RUE DE),47.89954,-3.90946,Plein jour,En agglomération,Intersection en T,Normale,Deux véhicules - côté,,,,,,,,,,,1,2,3,1,3
201500021712,0015-06-15 14:50:00,15,6,15,14,50,290,39,7 Jacques Noel Sane,47.90215,-3.91098,Plein jour,En agglomération,Hors intersection,Normale,Deux véhicules - côté,,,,,,,,,,,1,2,1,1,3
201500021713,0015-06-25 09:00:00,15,6,25,9,0,290,39,COLGUEN ( RUE DE),47.57393,-3.54146,Plein jour,Hors agglomération,Hors intersection,Normale,Deux véhicules - arrière,,,,,,,,,,,1,1,1,1,2
201500021714,0015-06-28 08:20:00,15,6,28,8,20,290,39,SAINT LAURENT (CHEMIN DE,47.54157,-3.56427,Plein jour,Hors agglomération,Hors intersection,Normale,Sans collision,,,,,,,,,,,1,1,1,1,7
201500021715,0015-07-03 17:19:00,15,7,3,17,19,290,39,RD 70 (route département,47.92589,-3.89429,Plein jour,Hors agglomération,Giratoire,Normale,Deux véhicules - côté,,,,,,,,,,,1,1,6,1,3
201500021716,0015-07-09 12:00:00,15,7,9,12,0,290,39,"119, TREGUNC ( RUE DE )",47.86424,-3.89852,Plein jour,En agglomération,Hors intersection,Normale,Deux véhicules - côté,,,,,,,,,,,1,2,1,1,3