accident_id,datetime,annee,mois,jour,heure,minute,departement,commune_insee,adresse,latitude,longitude,luminosite,agglomeration,intersection,meteo,collision,nb_vehicules,nb_usagers,nb_indemnes,nb_tues,nb_blesses_hosp,nb_blesses_legers,age_cond_1,age_cond_2,veh_type_cond_1,veh_type_cond_2,lum_code,agg_code,int_code,atm_code,col_code
201500021843,0015-07-25 23:30:00,15,7,25,23,30,290,232,BENODET ROUTE DE,47.93406,-4.06923,Nuit sans éclairage public,Hors agglomération,Intersection en T,Normale,Deux véhicules - côté,,,,,,,,,,,3,1,3,1,3
201500021844,0015-07-26 18:35:00,15,7,26,18,35,290,232,LE GUENNEC LOUIS BOULEVA,47.98018,-4.10107,Plein jour,Hors agglomération,Hors intersection,Pluie légère,Trois véhicules et plus - en chaîne,,,,,,,,,,,1,1,1,2,4
201500021845,0015-07-31 17:36:00,15,7,31,17,36,290,232,"-, LE GUENNEC LOUIS BOUL",47.98105,-4.10023,Plein jour,Hors agglomération,Hors intersection,Normale,Trois véhicules et plus - en chaîne,,,,,,,,,,,1,1,1,1,4
201500021846,0015-08-06 18:50:00,15,8,6,18,50,290,232,"4, FALKIRK RUE DE",47.99536,-4.10818,Plein jour,En agglomération,Intersection en X,Normale,Autre collision,,,,,,,,,,,1,2,2,1,6
201500021847,0015-08-07 10:45:00,15,8,7,10,45,290,51,"., ROUILLEN AVENUE",47.99933,-4.05438,Plein jour,En agglomération,Intersection en X,Normale,Deux véhicules - arrière,,,,,,,,,,,1,2,2,1,2
201500021848,0015-08-13 18:10:00,15,8,13,18,10,290,232,"., MORBIHAN AVENUE DU",47.97808,4.04242,Plein jour,Hors agglomération,Hors intersection,Normale,Sans collision,,,,,,,,,,,1,1,1,1,7
201500021849,0015-08-15 15:50:00,15,8,15,15,50,290,232,", PONTIGOU RUE DU",48.00101,-4.11312,Plein jour,En agglomération,Intersection en T,Normale,Deux véhicules - arrière,,,,,,,,,,,1,2,3,1,2
201500021850,0015-09-01 20:47:00,15,9,1,20,47,290,232,"15, ROZARGUER RUE DE",47.96939,-4.11744,Plein jour,En agglomération,Hors intersection,Normale,Deux véhicules - côté,,,,,,,,,,,1,2,1,1,3
201500021851,0015-09-01 18:40:00,15,9,1,18,40,290,232,LOCRONAN ROUTE DE,48.01323,-4.12608,Plein jour,Hors agglomération,Hors intersection,Normale,Sans collision,,,,,,,,,,,1,1,1,1,7
201500021852,0015-08-21 18:00:00,15,8,21,18,0,290,232,"34, TERRE NOIRE RUE DE L",47.99687,-4.122,Plein jour,Hors agglomération,Hors intersection,Normale,Deux véhicules - frontale,,,,,,,,,,,1,1,1,1,1
201500021853,0015-07-31 12:30:00,15,7,31,12,30,290,232,"., LIBERATION AVENUE DE",47.99239,-4.08837,Plein jour,Hors agglomération,Hors intersection,Normale,Trois véhicules et plus - en chaîne,,,,,,,,,,,1,1,1,1,4
201500021854,0015-08-11 23:25:00,15,8,11,23,25,290,232,PRESIDENT ALLENDE BOULEV,48.00069,-4.07667,Nuit sans éclairage public,Hors agglomération,Hors intersection,Autre,Autre collision,,,,,,,,,,,3,1,1,9,6
201500021855,0015-07-10 23:05:00,15,7,10,23,5,290,232,FRANCE LIBRE  AVENUE DE,48.00292,-4.09895,Nuit avec éclairage allumé,En agglomération,Intersection en T,Normale,Deux véhicules - côté,,,,,,,,,,,5,2,3,1,3
201500021856,0015-09-07 15:20:00,15,9,7,15,20,290,232,"92, TY BOS AVENUE DE",47.97764,-4.07019,Plein jour,En agglomération,Hors intersection,Normale,Deux véhicules - arrière,,,,,,,,,,,1,2,1,1,2
201500021857,0015-09-14 08:10:00,15,9,14,8,10,290,232,TOUL SABLE  ROND POINT D,47.97298,-4.09414,Plein jour,En agglomération,Hors intersection,Pluie légère,Sans collision,,,,,,,,,,,1,2,1,2,7
201500021858,0015-09-14 18:30:00,15,9,14,18,30,290,232,"., ERGUE ARMEL  ROND POI",47.98319,-4.07552,Plein jour,En agglomération,Giratoire,Pluie forte,Deux véhicules - côté,,,,,,,,,,,1,2,6,3,3
201500021859,0015-09-11 15:20:00,15,9,11,15,20,290,232,"37, JACOB  MAX RUE",47.98911,-4.11673,Plein jour,En agglomération,Hors intersection,Normale,Deux véhicules - frontale,,,,,,,,,,,1,2,1,1,1
201500021860,0015-09-21 19:25:00,15,9,21,19,25,290,232,SEMINAIRE  ROND POINT DU,47.99197,-4.11932,Plein jour,En agglomération,Hors intersection,Normale,Deux véhicules - côté,,,,,,,,,,,1,2,1,1,3
201500021861,0015-09-24 10:45:00,15,9,24,10,45,290,232,"102, BENODET RUE DE",47.98211,-4.1026,Plein jour,En agglomération,Intersection en T,Normale,Autre collision,,,,,,,,,,,1,2,3,1,6
201500021862,0015-09-29 16:40:00,15,9,29,16,40,290,232,BLUM  LEON RUE,47.9833,-4.07564,Plein jour,En agglomération,Hors intersection,Normale,Sans collision,,,,,,,,,,,1,2,1,1,7
201500021863,0015-10-01 08:37:00,15,10,1,8,37,290,232,"., REMSCHEID AVENUE DE",47.98223,-4.09445,Plein jour,En agglomération,Hors intersection,Normale,Autre collision,,,,,,,,,,,1,2,1,1,6
201500021864,0015-09-30 12:00:00,15,9,30,12,0,290,232,"., REMSCHEID AVENUE DE",47.98139,-4.09668,Plein jour,Hors agglomération,Intersection en T,Normale,Deux véhicules - arrière,,,,,,,,,,,1,1,3,1,2
201500021865,0015-10-05 06:05:00,15,10,5,6,5,290,232,TY BOS AVENUE DE,47.9773,-4.06984,Nuit avec éclairage allumé,En agglomération,Intersection en T,Pluie légère,Autre collision,,,,,,,,,,,5,2,3,2,6
201500021866,0015-10-05 17:30:00,15,10,5,17,30,290,51,CORAY ROUTE DE,48.02613,-3.9667,Plein jour,Hors agglomération,Hors intersection,Normale,Deux véhicules - frontale,,,,,,,,,,,1,1,1,1,1
201500021867,0015-10-06 12:05:00,15,10,6,12,5,290,232,"123, LIBERATION AVENUE D",47.99169,-4.08169,Plein jour,En agglomération,Hors intersection,Normale,Deux véhicules - arrière,,,,,,,,,,,1,2,1,1,2
201500021868,0015-10-18 12:29:00,15,10,18,12,29,290,232,"1, CARTIER JACQUES RUE",47.99558,4.09644,Plein jour,En agglomération,Hors intersection,Normale,Deux véhicules - arrière,,,,,,,,,,,1,2,1,1,2
201500021869,0015-10-22 13:37:00,15,10,22,13,37,290,232,LE BOURHIS  LOUIS RUE,47.98293,-4.03259,Plein jour,Hors agglomération,Hors intersection,Normale,Deux véhicules - côté,,,,,,,,,,,1,1,1,1,3
201500021870,0015-10-27 07:53:00,15,10,27,7,53,290,232,"124, BREST ROUTE DE",48.01001,-4.08132,Plein jour,En agglomération,Hors intersection,Pluie forte,Deux véhicules - arrière,,,,,,,,,,,1,2,1,3,2
201500021871,0015-11-03 14:45:00,15,11,3,14,45,290,232,FALKIRK RUE DE,47.99532,-4.10837,Plein jour,En agglomération,Hors intersection,Normale,Autre collision,,,,,,,,,,,1,2,1,1,6
201500021872,0015-11-05 16:40:00,15,11,5,16,40,290,232,"1, KEROMNES RUE DE",47.98335,-4.06899,Plein jour,En agglomération,Autre intersection,Pluie légère,Autre collision,,,,,,,,,,,1,2,9,2,6
201500021873,0015-11-06 10:20:00,15,11,6,10,20,290,232,", BREST ROUTE DE",48.00878,-4.08256,Plein jour,Hors agglomération,Hors intersection,Pluie forte,Sans collision,,,,,,,,,,,1,1,1,3,7
201500021874,0015-11-05 18:30:00,15,11,5,18,30,290,232,JUNIVILLE RUE,47.99523,-4.10002,Crépuscule ou aube,En agglomération,Intersection en X,Pluie légère,Deux véhicules - côté,,,,,,,,,,,2,2,2,2,3
201500021875,0015-10-20 20:00:00,15,10,20,20,0,290,232,"24, BRIAND  ARISTIDE RUE",47.99493,-4.09654,Nuit avec éclairage allumé,En agglomération,Hors intersection,Normale,Autre collision,,,,,,,,,,,5,2,1,1,6
201500021876,0015-11-14 13:55:00,15,11,14,13,55,290,51,"., CORAY ROUTE DE",48.00484,-4.03282,Plein jour,Hors agglomération,Intersection en X,Normale,Deux véhicules - côté,,,,,,,,,,,1,1,2,1,3
201500021877,0015-11-19 10:15:00,15,11,19,10,15,290,232,"., TY BOS AVENUE DE",47.98272,-4.07437,Plein jour,En agglomération,Hors intersection,Pluie légère,Deux véhicules - arrière,,,,,,,,,,,1,2,1,2,2
201500021878,0015-11-20 18:25:00,15,11,20,18,25,290,232,"., MOULIN VERT RUE DU",48.00268,-4.11441,Crépuscule ou aube,En agglomération,Intersection en T,Normale,Deux véhicules - côté,,,,,,,,,,,2,2,3,1,3
201500021879,0015-11-24 10:52:00,15,11,24,10,52,290,232,"., MONTAIGNE RUE",47.98404,-4.10342,Plein jour,En agglomération,Hors intersection,Normale,Deux véhicules - frontale,,,,,,,,,,,1,2,1,1,1
201500021880,0015-11-25 10:00:00,15,11,25,10,0,290,232,19 MARS 1962 RUE DU,47.98812,-4.10947,Plein jour,En agglomération,Intersection en T,Pluie légère,Autre collision,,,,,,,,,,,1,2,3,2,6
201500021881,0015-11-26 12:50:00,15,11,26,12,50,290,232,"., BECHARLES  ROND POINT",48.01579,-4.08737,Plein jour,En agglomération,Giratoire,Pluie légère,Deux véhicules - côté,,,,,,,,,,,1,2,6,2,3
201500021882,0015-11-21 12:30:00,15,11,21,12,30,290,232,DOUARNENEZ RUE DE,47.99847,-4.11076,Plein jour,En agglomération,Hors intersection,Normale,Deux véhicules - côté,,,,,,,,,,,1,2,1,1,3
201500021883,0015-12-01 09:15:00,15,12,1,9,15,290,232,"., GUTENBERG BOULEVARD",47.98131,-4.07854,Plein jour,Hors agglomération,Hors intersection,Normale,Trois véhicules et plus - collisions multiples,,,,,,,,,,,1,1,1,1,5
201500021884,0015-12-02 22:07:00,15,12,2,22,7,290,51,CORAY ROUTE DE,48.02708,-3.96793,Nuit sans éclairage public,Hors agglomération,Hors intersection,Normale,Sans collision,,,,,,,,,,,3,1,1,1,7
201500021885,0015-12-03 02:15:00,15,12,3,2,15,290,232,"1, CORAY ROUTE DE",47.99404,-4.06902,Nuit sans éclairage public,En agglomération,Hors intersection,Normale,Autre collision,,,,,,,,,,,3,2,1,1,6
201500021886,0015-11-15 22:35:00,15,11,15,22,35,290,232,BREST ROUTE DE,48.04611,-4.07041,Nuit sans éclairage public,En agglomération,Hors intersection,Normale,Autre collision,,,,,,,,,,,3,2,1,1,6
201500021887,0015-11-25 09:45:00,15,11,25,9,45,290,232,"6, BARBUSSE HENRI RUE",47.99061,-4.07536,Plein jour,En agglomération,Hors intersection,Pluie légère,Autre collision,,,,,,,,,,,1,2,1,2,6
201500021888,0015-12-05 19:05:00,15,12,5,19,5,290,232,"15, GIRONDINS AVENUE DES",47.9903,-4.13267,Nuit avec éclairage allumé,En agglomération,Hors intersection,Normale,Trois véhicules et plus - en chaîne,,,,,,,,,,,5,2,1,1,4
201500021889,0015-10-23 13:45:00,15,10,23,13,45,290,232,ERGUE ARMEL  ROND POINT,47.98284,-4.07426,Plein jour,En agglomération,Hors intersection,Normale,Sans collision,,,,,,,,,,,1,2,1,1,7
201500021890,0015-12-07 08:15:00,15,12,7,8,15,290,232,VIEILLE ROUTE DE BRIEC,48.0268,-4.08732,Crépuscule ou aube,Hors agglomération,Hors intersection,Normale,Sans collision,,,,,,,,,,,2,1,1,1,7
201500021891,0015-12-15 18:15:00,15,12,15,18,15,290,51,ROUILLEN AVENUE,48.00064,-4.04872,Nuit avec éclairage allumé,En agglomération,Hors intersection,Normale,Deux véhicules - frontale,,,,,,,,,,,5,2,1,1,1
201500021892,0015-12-17 13:35:00,15,12,17,13,35,290,232,"., BRADEN  ROND POINT DU",47.98256,-4.0818,Plein jour,En agglomération,Giratoire,Pluie légère,Deux véhicules - côté,,,,,,,,,,,1,2,6,2,3
201500021893,0015-12-17 12:20:00,15,12,17,12,20,290,232,"., POULGUINAN BOULEVARD",47.98414,-4.11456,Plein jour,En agglomération,Hors intersection,Temps couvert,Autre collision,,,,,,,,,,,1,2,1,8,6
201500021894,0015-12-17 21:20:00,15,12,17,21,20,290,232,"., KERFILY RUE DE",47.99846,-4.08073,Nuit avec éclairage allumé,En agglomération,Hors intersection,Pluie légère,Autre collision,,,,,,,,,,,5,2,1,2,6
201500021895,0015-12-28 11:40:00,15,12,28,11,40,290,232,"., SCHOELCHER VICTOR PLA",47.98546,-4.08364,Plein jour,En agglomération,Hors intersection,Normale,Autre collision,,,,,,,,,,,1,2,1,1,6
201500021896,0015-12-31 08:45:00,15,12,31,8,45,290,232,Park Poullig rond point,48.0322,-4.08368,Nuit sans éclairage public,Hors agglomération,Giratoire,Normale,Autre collision,,,,,,,,,,,3,1,6,1,6
201500021897,0015-12-31 11:45:00,15,12,31,11,45,290,232,"7, POMPIDOU GEORGES AVEN",47.98287,-4.07212,Plein jour,En agglomération,Hors intersection,Normale,Autre collision,,,,,,,,,,,1,2,1,1,6
201500021898,0015-04-20 09:00:00,15,4,20,9,0,540,371,,49.19953,5.9336,Plein jour,Hors agglomération,Hors intersection,Normale,Deux véhicules - côté,,,,,,,,,,,1,1,1,1,3
201500021899,0015-07-22 19:30:00,15,7,22,19,30,540,2,,49.19525,5.86498,Plein jour,Hors agglomération,Hors intersection,Normale,Deux véhicules - arrière,,,,,,,,,,,1,1,1,1,2
201500021900,0015-08-10 01:15:00,15,8,10,1,15,550,400,,,,Nuit sans éclairage public,Hors agglomération,Hors intersection,Normale,Sans collision,,,,,,,,,,,3,1,1,1,7
201500021901,0015-08-29 08:45:00,15,8,29,8,45,550,557,,,,Plein jour,Hors agglomération,Hors intersection,Normale,Sans collision,,,,,,,,,,,1,1,1,1,7
201500021902,0015-01-19 20:30:00,15,1,19,20,30,600,395,Bld Pierre COUBERTIN,49.22334,2.14758,Nuit sans éclairage public,En agglomération,Hors intersection,Normale,Deux véhicules - frontale,,,,,,,,,,,3,2,1,1,1
201500021903,0015-01-23 23:30:00,15,1,23,23,30,600,395,,49.24918,2.12817,Nuit sans éclairage public,Hors agglomération,Hors intersection,Normale,Sans collision,,,,,,,,,,,3,1,1,1,7
201500021904,0015-02-12 17:30:00,15,2,12,17,30,600,88,,49.20352,2.20046,Plein jour,Hors agglomération,Hors intersection,Brouillard / fumée,Deux véhicules - frontale,,,,,,,,,,,1,1,1,5,1
201500021905,0015-03-03 00:30:00,15,3,3,0,30,600,395,,49.26655,2.11564,Nuit sans éclairage public,Hors agglomération,Hors intersection,Temps couvert,Autre collision,,,,,,,,,,,3,1,1,8,6
201500021906,0015-04-28 00:15:00,15,4,28,0,15,600,10,,49.2191,2.11932,Nuit sans éclairage public,Hors agglomération,Hors intersection,Normale,Autre collision,,,,,,,,,,,3,1,1,1,6
201500021907,0015-06-22 17:00:00,15,6,22,17,0,600,218,rue nationale,49.21591,2.17214,Plein jour,En agglomération,Hors intersection,Pluie légère,Deux véhicules - frontale,,,,,,,,,,,1,2,1,2,1
201500021908,0015-06-26 16:45:00,15,6,26,16,45,600,12,rue de Méru,49.25889,2.15896,Plein jour,En agglomération,Hors intersection,Normale,Sans collision,,,,,,,,,,,1,2,1,1,7
201500021909,0015-06-26 12:45:00,15,6,26,12,45,600,10,,49.22227,2.10082,Plein jour,Hors agglomération,Hors intersection,Normale,Sans collision,,,,,,,,,,,1,1,1,1,7
201500021910,0015-07-16 09:30:00,15,7,16,9,30,600,532,Lieux dit Valeureux,49.28723,2.08811,Plein jour,En agglomération,Hors intersection,Normale,Autre collision,,,,,,,,,,,1,2,1,1,6
201500021911,0015-07-08 20:30:00,15,7,8,20,30,600,532,,49.28628,2.09094,Plein jour,Hors agglomération,Hors intersection,Normale,Deux véhicules - frontale,,,,,,,,,,,1,1,1,1,1
201500021912,0015-07-31 10:30:00,15,7,31,10,30,600,88,"D 105, route de Gisors",49.19449,2.17913,Plein jour,En agglomération,Hors intersection,Normale,Deux véhicules - arrière,,,,,,,,,,,1,2,1,1,2
201500021913,0015-10-25 12:15:00,15,10,25,12,15,600,395,rue des martyrs,49.23863,2.13374,Plein jour,En agglomération,Autre intersection,Normale,Autre collision,,,,,,,,,,,1,2,9,1,6
201500021914,0015-11-17 07:45:00,15,11,17,7,45,600,88,RUE DU 11 NOVEMBRE,49.19854,2.21258,Crépuscule ou aube,En agglomération,Hors intersection,Pluie légère,Autre collision,,,,,,,,,,,2,2,1,2,6
201500021915,0015-01-02 23:50:00,15,1,2,23,50,300,7,"., FAUBOURG DU SOLEIL (R",44.12003,4.07896,Nuit avec éclairage allumé,En agglomération,Intersection en X,Normale,Deux véhicules - côté,,,,,,,,,,,5,2,2,1,3
201500021916,0015-02-27 12:45:00,15,2,27,12,45,300,7,NIMES (ROUTE DE),,,Plein jour,En agglomération,Hors intersection,Normale,Autre collision,,,,,,,,,,,1,2,1,1,6
201500021917,0015-11-20 23:45:00,15,11,20,23,45,300,7,ALSACE (ROUTE D'),44.1353,4.08397,Nuit avec éclairage allumé,En agglomération,Giratoire,Pluie légère,Deux véhicules - frontale,,,,,,,,,,,5,2,6,2,1
201500021918,0015-03-11 08:44:00,15,3,11,8,44,300,7,"., BARBUSSE (PLACE HENRI",44.12379,4.08035,Plein jour,En agglomération,Hors intersection,Normale,Autre collision,,,,,,,,,,,1,2,1,1,6
201500021919,0015-12-05 17:20:00,15,12,5,17,20,300,7,GARDON (QUAI DU),44.11301,4.09415,Plein jour,En agglomération,Hors intersection,Normale,Deux véhicules - frontale,,,,,,,,,,,1,2,1,1,1
201500021920,0015-01-26 15:45:00,15,1,26,15,45,300,7,BAGNOLS (ROUTE DE),44.12963,4.10629,Plein jour,En agglomération,Hors intersection,Normale,Deux véhicules - arrière,,,,,,,,,,,1,2,1,1,2
201500021921,0015-03-16 16:15:00,15,3,16,16,15,300,243,DE GAULLE (AVENUE),44.08554,4.0773,Plein jour,En agglomération,Hors intersection,Normale,Autre collision,,,,,,,,,,,1,2,1,1,6
201500021922,0015-12-07 12:45:00,15,12,7,12,45,300,7,"3, SAINT MARTIN (ROUTE D",44.14679,4.08656,Plein jour,Hors agglomération,Hors intersection,Normale,Autre collision,,,,,,,,,,,1,1,1,1,6
201500021923,0015-04-11 15:30:00,15,4,11,15,30,300,7,MALADRERIES (AVE DES),,,Plein jour,En agglomération,Hors intersection,Normale,Trois véhicules et plus - collisions multiples,,,,,,,,,,,1,2,1,1,5
201500021924,0015-01-31 23:55:00,15,1,31,23,55,300,7,FAUBOURG DU SOLEIL (RUE,44.12,4.07899,Nuit avec éclairage allumé,En agglomération,Hors intersection,Normale,Autre collision,,,,,,,,,,,5,2,1,1,6
201500021925,0015-12-02 16:00:00,15,12,2,16,0,300,7,"4, FAUBOURG D'AUVERGNE (",44.12751,4.07896,Plein jour,En agglomération,Giratoire,Normale,Autre collision,,,,,,,,,,,1,2,6,1,6
201500021926,0015-12-17 19:20:00,15,12,17,19,20,300,7,"626, RAMEAU (AVE JEAN-PH",44.1328,4.11027,Nuit avec éclairage non allumé,En agglomération,Intersection en T,Normale,Deux véhicules - côté,,,,,,,,,,,4,2,3,1,3
201500021927,0015-03-18 10:10:00,15,3,18,10,10,300,7,SAINT MARTIN (ROUTE DE),,,Plein jour,En agglomération,Hors intersection,Normale,Deux véhicules - côté,,,,,,,,,,,1,2,1,1,3
201500021928,0015-01-07 06:00:00,15,1,7,6,0,300,7,CARNOT (AVE),,,Nuit avec éclairage allumé,En agglomération,Hors intersection,Normale,Autre collision,,,,,,,,,,,5,2,1,1,6
201500021929,0015-02-17 19:55:00,15,2,17,19,55,300,7,CROUPILLAC (AVE DE),,,Plein jour,En agglomération,Hors intersection,Normale,Deux véhicules - frontale,,,,,,,,,,,1,2,1,1,1
201500021930,0015-12-29 16:45:00,15,12,29,16,45,300,7,GAGARINE (AVE YOURI),44.12875,4.09999,Plein jour,En agglomération,Hors intersection,Normale,Trois véhicules et plus - collisions multiples,,,,,,,,,,,1,2,1,1,5
201500021931,0015-05-10 20:45:00,15,5,10,20,45,300,243,MONTEZE (ROUTE DE),,,Crépuscule ou aube,En agglomération,Hors intersection,Normale,Sans collision,,,,,,,,,,,2,2,1,1,7
201500021932,0015-02-28 07:08:00,15,2,28,7,8,300,7,"02, KILMARNOCK (QUAI)",44.12619,4.07317,Plein jour,En agglomération,Hors intersection,Normale,Deux véhicules - frontale,,,,,,,,,,,1,2,1,1,1
201500021933,0015-12-21 18:15:00,15,12,21,18,15,300,7,FLORIAN (RUE),44.1236,4.08176,Nuit avec éclairage allumé,En agglomération,Intersection en T,Normale,Autre collision,,,,,,,,,,,5,2,3,1,6
201500021934,0015-02-26 12:50:00,15,2,26,12,50,300,7,BOULLE (RUE ANDRE),,,Plein jour,En agglomération,Hors intersection,Normale,Deux véhicules - côté,,,,,,,,,,,1,2,1,1,3
201500021935,0015-12-21 15:40:00,15,12,21,15,40,300,7,BROUZEN (PONT DE),44.13375,4.07829,Plein jour,En agglomération,Intersection en X,Normale,Deux véhicules - côté,,,,,,,,,,,1,2,2,1,3
201500021936,0015-05-07 15:20:00,15,5,7,15,20,300,7,CARNOT (AVE),,,Plein jour,En agglomération,Hors intersection,Normale,Autre collision,,,,,,,,,,,1,2,1,1,6
201500021937,0015-05-29 14:00:00,15,5,29,14,0,300,7,MOULIN (GRAND' RUE JEAN),,,Plein jour,En agglomération,Hors intersection,Normale,Autre collision,,,,,,,,,,,1,2,1,1,6
201500021938,0015-03-05 07:20:00,15,3,5,7,20,300,7,FAUBOURG DU SOLEIL (RUE,44.11798,4.08033,Plein jour,En agglomération,Hors intersection,Normale,Autre collision,,,,,,,,,,,1,2,1,1,6
201500021939,0015-03-09 17:30:00,15,3,9,17,30,300,7,"., RIBOT (AVE GASTON)",44.13825,4.0875,Plein jour,En agglomération,Hors intersection,Normale,Autre collision,,,,,,,,,,,1,2,1,1,6
201500021940,0015-03-24 13:45:00,15,3,24,13,45,300,7,JAURES (QUAI JEAN),,,Plein jour,En agglomération,Hors intersection,Normale,Autre collision,,,,,,,,,,,1,2,1,1,6
201500021941,0015-04-16 19:00:00,15,4,16,19,0,300,7,ALSACE (ROUTE D'),44.13928,4.08861,Plein jour,En agglomération,Hors intersection,Pluie légère,Autre collision,,,,,,,,,,,1,2,1,2,6
201500021942,0015-04-11 11:40:00,15,4,11,11,40,300,7,DE GAULLE (AVE DU GENERA,,,Plein jour,En agglomération,Hors intersection,Normale,Autre collision,,,,,,,,,,,1,2,1,1,6
201500021943,0015-06-10 18:40:00,15,6,10,18,40,300,7,GOUBERT (AVE DOCTEUR JEA,,,Plein jour,En agglomération,Hors intersection,Normale,Autre collision,,,,,,,,,,,1,2,1,1,6
201500021944,0015-06-13 23:00:00,15,6,13,23,0,300,7,"., DUMAS (AVE JEAN-BAPTI",44.13391,4.07996,Nuit avec éclairage allumé,En agglomération,Hors intersection,Normale,Deux véhicules - côté,,,,,,,,,,,5,2,1,1,3
201500021945,0015-06-23 13:56:00,15,6,23,13,56,300,7,GRABIEUX (ROUTE DU PONT,,,Plein jour,En agglomération,Hors intersection,Normale,Deux véhicules - frontale,,,,,,,,,,,1,2,1,1,1
201500021946,0015-06-29 18:25:00,15,6,29,18,25,300,7,CASSIN (RUE RENE),44.11091,4.10439,Plein jour,En agglomération,Hors intersection,Normale,Autre collision,,,,,,,,,,,1,2,1,1,6
201500021947,0015-06-28 02:16:00,15,6,28,2,16,300,7,ALSACE (ROUTE D'),44.13782,4.08603,Plein jour,En agglomération,Hors intersection,Normale,Deux véhicules - côté,,,,,,,,,,,1,2,1,1,3
201500021948,0015-08-06 21:00:00,15,8,6,21,0,300,7,MONGE (AVENUE),,,Crépuscule ou aube,En agglomération,Hors intersection,Normale,Autre collision,,,,,,,,,,,2,2,1,1,6
201500021949,0015-08-11 10:15:00,15,8,11,10,15,300,7,"50, ALBERT 1ER (RUE)",,,Plein jour,En agglomération,Hors intersection,Normale,Autre collision,,,,,,,,,,,1,2,1,1,6
201500021950,0015-09-08 21:22:00,15,9,8,21,22,300,7,JUIN (AVE DU MARECHAL),,,Nuit avec éclairage allumé,En agglomération,Hors intersection,Normale,Autre collision,,,,,,,,,,,5,2,1,1,6
201500021951,0015-09-18 11:30:00,15,9,18,11,30,300,7,NEUF (PONT),44.12106,4.08477,Plein jour,En agglomération,Hors intersection,Normale,Autre collision,,,,,,,,,,,1,2,1,1,6
201500021952,0015-09-25 18:45:00,15,9,25,18,45,300,7,LANGEVIN (AVE PAUL),,,Plein jour,En agglomération,Hors intersection,Normale,Deux véhicules - côté,,,,,,,,,,,1,2,1,1,3
201500021953,0015-10-28 12:15:00,15,10,28,12,15,300,243,1129 ROUTE DE LEZAN,44.07132,4.07135,Plein jour,Hors agglomération,Hors intersection,Pluie forte,Autre collision,,,,,,,,,,,1,1,1,3,6
201500021954,0015-11-27 08:00:00,15,11,27,8,0,300,7,LANGEVIN (AVE PAUL),44.13523,4.08472,Plein jour,En agglomération,Intersection en T,Normale,Autre collision,,,,,,,,,,,1,2,3,1,6
201500021955,0015-11-02 13:35:00,15,11,2,13,35,300,7,LUMIERES (AVE DES FRERES,44.13932,4.08893,Plein jour,En agglomération,Hors intersection,Normale,Autre collision,,,,,,,,,,,1,2,1,1,6
201500021956,0015-11-30 09:20:00,15,11,30,9,20,300,7,CHOTARD (RUE DES FRERES),44.1225,4.0834,Plein jour,En agglomération,Intersection en X,Normale,Deux véhicules - côté,,,,,,,,,,,1,2,2,1,3
201500021957,0015-10-20 18:30:00,15,10,20,18,30,300,7,RIBOT (AVE GASTON),44.13517,4.08968,Crépuscule ou aube,En agglomération,Intersection en T,Normale,Trois véhicules et plus - en chaîne,,,,,,,,,,,2,2,3,1,4
201500021958,0015-11-05 12:20:00,15,11,5,12,20,300,7,JAURES (QUAI JEAN),44.12139,4.07556,Plein jour,En agglomération,Hors intersection,Normale,Autre collision,,,,,,,,,,,1,2,1,1,6
201500021959,0015-11-11 12:30:00,15,11,11,12,30,300,7,MONGE (AVENUE),44.14585,4.10106,Plein jour,Hors agglomération,Giratoire,Normale,Deux véhicules - côté,,,,,,,,,,,1,1,6,1,3
201500021960,0015-12-15 19:26:00,15,12,15,19,26,300,7,CARNOT (AVE),44.12128,4.0803,Nuit avec éclairage allumé,En agglomération,Giratoire,Normale,Autre collision,,,,,,,,,,,5,2,6,1,6
201500021961,0015-12-16 16:15:00,15,12,16,16,15,300,7,"31, PELLOUTIER (RUE FERN",44.11785,4.08197,Plein jour,Hors agglomération,Hors intersection,Normale,Deux véhicules - côté,,,,,,,,,,,1,1,1,1,3
201500021962,0015-12-16 12:45:00,15,12,16,12,45,300,7,ROYALE (ROUTE DE LA ),44.14493,4.07296,Plein jour,Hors agglomération,Hors intersection,Normale,Deux véhicules - frontale,,,,,,,,,,,1,1,1,1,1
201500021963,0015-11-20 18:15:00,15,11,20,18,15,300,7,ONZE NOVEMBRE 1918 (QUAI,44.13372,4.07831,Plein jour,En agglomération,Hors intersection,Normale,Deux véhicules - frontale,,,,,,,,,,,1,2,1,1,1
201500021964,0015-11-16 17:00:00,15,11,16,17,0,300,7,"28, BOISSIER DE SAUVAGE",44.127,4.07583,Plein jour,En agglomération,Hors intersection,Normale,Autre collision,,,,,,,,,,,1,2,1,1,6
201500021965,0015-02-17 11:20:00,15,2,17,11,20,300,28,"10, AVIGNON (ROUTE D')",44.15334,4.64518,Plein jour,En agglomération,Hors intersection,Normale,Deux véhicules - côté,,,,,,,,,,,1,2,1,1,3
201500021966,0015-11-17 08:45:00,15,11,17,8,45,300,28,"8, MAYRE (AVENUE DE LA)",44.15891,4.62425,Plein jour,En agglomération,Hors intersection,Normale,Autre collision,,,,,,,,,,,1,2,1,1,6
201500021967,0015-03-02 13:30:00,15,3,2,13,30,300,28,VINCENT AURIOL (AVENUE),44.15982,4.61825,Plein jour,En agglomération,Hors intersection,Normale,Autre collision,,,,,,,,,,,1,2,1,1,6