accident_id,datetime,annee,mois,jour,heure,minute,departement,commune_insee,adresse,latitude,longitude,luminosite,agglomeration,intersection,meteo,collision,nb_vehicules,nb_usagers,nb_indemnes,nb_tues,nb_blesses_hosp,nb_blesses_legers,age_cond_1,age_cond_2,veh_type_cond_1,veh_type_cond_2,lum_code,agg_code,int_code,atm_code,col_code
201500021968,0015-03-15 11:35:00,15,3,15,11,35,300,28,"1, ROUTE D'AVIGNON",,,Plein jour,En agglomération,Hors intersection,Pluie légère,Deux véhicules - arrière,,,,,,,,,,,1,2,1,2,2
201500021969,0015-03-24 12:00:00,15,3,24,12,0,300,28,"10, VIGAN BRAQUET (AVENU",44.16676,4.61206,Plein jour,En agglomération,Hors intersection,Normale,Deux véhicules - arrière,,,,,,,,,,,1,2,1,1,2
201500021970,0015-04-16 10:00:00,15,4,16,10,0,300,28,ALEGRE (RUE LEON),44.1639,4.62188,Plein jour,En agglomération,Hors intersection,Normale,Autre collision,,,,,,,,,,,1,2,1,1,6
201500021971,0015-04-04 16:30:00,15,4,4,16,30,300,28,"2, ROUTE DE NIMES",44.14873,4.61562,Plein jour,En agglomération,Hors intersection,Normale,Deux véhicules - frontale,,,,,,,,,,,1,2,1,1,1
201500021972,0015-05-06 11:50:00,15,5,6,11,50,300,28,AVIGNON (ROUTE D'),,,Plein jour,En agglomération,Hors intersection,Normale,Trois véhicules et plus - en chaîne,,,,,,,,,,,1,2,1,1,4
201500021973,0015-04-24 18:30:00,15,4,24,18,30,300,28,"1, CEVENNES (ROND-POINT",44.16702,4.61206,Plein jour,En agglomération,Giratoire,Normale,Autre collision,,,,,,,,,,,1,2,6,1,6
201500021974,0015-05-07 10:35:00,15,5,7,10,35,300,28,"1, MAYRE (AVENUE DE LA)",44.15788,4.6235,Plein jour,En agglomération,Intersection en T,Normale,Deux véhicules - côté,,,,,,,,,,,1,2,3,1,3
201500021975,0015-06-08 15:35:00,15,6,8,15,35,300,28,AVIGNON (ROUTE D'),44.15525,4.64069,Plein jour,En agglomération,Hors intersection,Normale,Deux véhicules - frontale,,,,,,,,,,,1,2,1,1,1
201500021976,0015-05-23 03:40:00,15,5,23,3,40,300,28,"2101, DAUDET (AVENUE ALP",44.14376,4.61008,Nuit avec éclairage allumé,En agglomération,Hors intersection,Normale,Autre collision,,,,,,,,,,,5,2,1,1,6
201500021977,0015-06-13 12:10:00,15,6,13,12,10,300,28,ROUTE DE PONT SAINT ESPR,44.17872,4.61952,Plein jour,Hors agglomération,Hors intersection,Normale,Deux véhicules - arrière,,,,,,,,,,,1,1,1,1,2
201500021978,0015-06-20 16:20:00,15,6,20,16,20,300,28,"2, ANDRE (RUE ALBERT)",44.16158,4.61993,Plein jour,En agglomération,Hors intersection,Normale,Autre collision,,,,,,,,,,,1,2,1,1,6
201500021979,0015-06-10 16:20:00,15,6,10,16,20,300,28,"191, DE LATTRE DE TASSIG",44.16792,4.61443,Plein jour,En agglomération,Hors intersection,Neige / grêle,Autre collision,,,,,,,,,,,1,2,1,4,6
201500021980,0015-07-03 18:15:00,15,7,3,18,15,300,28,"500, ALPHONSE DAUDET (AV",44.1575,4.61336,Plein jour,En agglomération,Hors intersection,Normale,Autre collision,,,,,,,,,,,1,2,1,1,6
201500021981,0015-06-29 18:45:00,15,6,29,18,45,300,28,MARECHAL DE LATTRE DE TA,44.16849,4.61567,Plein jour,En agglomération,Hors intersection,Normale,Deux véhicules - arrière,,,,,,,,,,,1,2,1,1,2
201500021982,0015-07-07 17:30:00,15,7,7,17,30,300,28,ALPHONSE DAUDET (AVENUE),44.1448,4.61031,Plein jour,En agglomération,Hors intersection,Normale,Deux véhicules - côté,,,,,,,,,,,1,2,1,1,3
201500021983,0015-07-16 20:30:00,15,7,16,20,30,300,28,"1, CHARRIER (AVENUE)",44.16128,4.62441,Crépuscule ou aube,En agglomération,Intersection en T,Normale,Deux véhicules - côté,,,,,,,,,,,2,2,3,1,3
201500021984,0015-08-11 11:45:00,15,8,11,11,45,300,28,"435, ROUTE DE PONT SAINT",44.1755,4.61989,Plein jour,En agglomération,Hors intersection,Normale,Deux véhicules - arrière,,,,,,,,,,,1,2,1,1,2
201500021985,0015-08-20 16:10:00,15,8,20,16,10,300,28,"12, SAINT VICTOR (RUE)",44.1613,4.62169,Plein jour,En agglomération,Hors intersection,Normale,Autre collision,,,,,,,,,,,1,2,1,1,6
201500021986,0015-07-25 08:45:00,15,7,25,8,45,300,28,"1, MALRAUX (ROND POINT)",44.1549,4.61611,Plein jour,En agglomération,Giratoire,Normale,Deux véhicules - arrière,,,,,,,,,,,1,2,6,1,2
201500021987,0015-09-24 06:40:00,15,9,24,6,40,300,28,"1, AVIGNON (ROUTE D')",44.15651,4.63639,Nuit avec éclairage allumé,En agglomération,Intersection en T,Normale,Deux véhicules - côté,,,,,,,,,,,5,2,3,1,3
201500021988,0015-09-18 14:50:00,15,9,18,14,50,300,28,"1, SAINT GERVAIS (ROUTE)",44.17661,4.61968,Plein jour,Hors agglomération,Hors intersection,Normale,Deux véhicules - arrière,,,,,,,,,,,1,1,1,1,2
201500021989,0015-11-12 09:55:00,15,11,12,9,55,300,28,MAYRE (AVENUE DE LA),44.15561,4.6188,Plein jour,En agglomération,Hors intersection,Normale,Autre collision,,,,,,,,,,,1,2,1,1,6
201500021990,0015-12-11 09:00:00,15,12,11,9,0,300,28,COMMANDO VIGAN BRAQUET (,44.16021,4.61154,Crépuscule ou aube,En agglomération,Giratoire,Normale,Deux véhicules - côté,,,,,,,,,,,2,2,6,1,3
201500021991,0015-12-17 09:00:00,15,12,17,9,0,300,28,"1, THEODORE LACOMBE (BOU",44.16225,4.62261,Plein jour,En agglomération,Hors intersection,Normale,Autre collision,,,,,,,,,,,1,2,1,1,6
201500021992,0015-12-21 17:20:00,15,12,21,17,20,300,28,"66, ROUTE DE NIMES",44.14993,4.61581,Crépuscule ou aube,En agglomération,Hors intersection,Pluie légère,Autre collision,,,,,,,,,,,2,2,1,2,6
201500021993,0015-12-25 13:15:00,15,12,25,13,15,300,28,ORSAN (ROUTE D'),,,Plein jour,Hors agglomération,Hors intersection,Normale,Autre collision,,,,,,,,,,,1,1,1,1,6
201500021994,0015-01-01 03:25:00,15,1,1,3,25,300,189,BOUQUERIE (SQUARE),43.84021,4.35699,Nuit avec éclairage allumé,En agglomération,Hors intersection,Normale,Autre collision,,,,,,,,,,,5,2,1,1,6
201500021995,0015-03-17 07:35:00,15,3,17,7,35,300,189,PRIMEVERES (CHEMIN),43.85481,4.32175,Crépuscule ou aube,En agglomération,Intersection en T,Pluie légère,Deux véhicules - côté,,,,,,,,,,,2,2,3,2,3
201500021996,0015-12-07 18:00:00,15,12,7,18,0,300,189,MENDES FRANCE PIERRE (AV,43.81759,4.39125,Crépuscule ou aube,En agglomération,Hors intersection,Normale,Deux véhicules - arrière,,,,,,,,,,,2,2,1,1,2
201500021997,0015-01-04 11:56:00,15,1,4,11,56,300,189,TOUR DE L'EVEQUE (RUE),43.8233,4.37126,Plein jour,En agglomération,Intersection en T,Normale,Deux véhicules - arrière,,,,,,,,,,,1,2,3,1,2
201500021998,0015-03-18 21:25:00,15,3,18,21,25,300,189,CANAUX (CHEMIN),,,Nuit sans éclairage public,Hors agglomération,Hors intersection,Normale,Deux véhicules - frontale,,,,,,,,,,,3,1,1,1,1
201500021999,0015-11-23 18:34:00,15,11,23,18,34,300,189,DON SAUVEUR PAGANELLI (R,,,Nuit avec éclairage allumé,En agglomération,Hors intersection,Vent fort / tempête,Deux véhicules - frontale,,,,,,,,,,,5,2,1,6,1
201500022000,0015-01-04 20:00:00,15,1,4,20,0,300,189,SAUVE (ROUTE),,,Nuit avec éclairage allumé,En agglomération,Hors intersection,Normale,Deux véhicules - côté,,,,,,,,,,,5,2,1,1,3
201500022001,0015-03-20 13:54:00,15,3,20,13,54,300,189,GENERAC (ROUTE),43.8217,4.35945,Plein jour,En agglomération,Intersection en T,Normale,Deux véhicules - côté,,,,,,,,,,,1,2,3,1,3
201500022002,0015-11-24 13:30:00,15,11,24,13,30,300,189,"GALILEE (RUE, PLACE OU I",,,Plein jour,En agglomération,Hors intersection,Normale,Autre collision,,,,,,,,,,,1,2,1,1,6
201500022003,0015-01-05 10:37:00,15,1,5,10,37,300,189,MAS DE CHEYLON,,,Plein jour,En agglomération,Hors intersection,Normale,Sans collision,,,,,,,,,,,1,2,1,1,7
201500022004,0015-03-21 01:15:00,15,3,21,1,15,300,189,ALLENDE SALVADOR (RUE),43.83332,4.38596,Nuit avec éclairage allumé,En agglomération,Hors intersection,Normale,Sans collision,,,,,,,,,,,5,2,1,1,7
201500022005,0015-12-26 12:00:00,15,12,26,12,0,300,189,"0, PRIMEVERES (CHEMIN)",43.85481,4.32172,Plein jour,En agglomération,Intersection en X,Normale,Deux véhicules - côté,,,,,,,,,,,1,2,2,1,3
201500022006,0015-01-05 14:45:00,15,1,5,14,45,300,189,SAINT GILLES (ROUTE),,,Plein jour,En agglomération,Hors intersection,Normale,Trois véhicules et plus - en chaîne,,,,,,,,,,,1,2,1,1,4
201500022007,0015-03-19 17:00:00,15,3,19,17,0,300,189,DE LATTRE DE TASSIGNY (A,43.84349,4.3852,Plein jour,En agglomération,Intersection en T,Normale,Deux véhicules - frontale,,,,,,,,,,,1,2,3,1,1
201500022008,0015-11-23 11:42:00,15,11,23,11,42,300,189,JAURES JEAN (BOULEVARD),43.8361,4.35278,Plein jour,Hors agglomération,Intersection en X,Normale,Deux véhicules - côté,,,,,,,,,,,1,1,2,1,3
201500022009,0015-01-09 12:50:00,15,1,9,12,50,300,189,"122, KENNEDY (AVENUE)",43.82892,4.33591,Plein jour,En agglomération,Intersection en Y,Normale,Deux véhicules - côté,,,,,,,,,,,1,2,4,1,3
201500022010,0015-03-23 08:50:00,15,3,23,8,50,300,189,TALABOT (BOULEVARD),43.83831,4.37234,Plein jour,En agglomération,Intersection en T,Normale,Autre collision,,,,,,,,,,,1,2,3,1,6
201500022011,0015-12-28 17:50:00,15,12,28,17,50,300,189,MARECHAL JUIN (BOULEVARD,43.82116,4.34754,Nuit avec éclairage allumé,En agglomération,Intersection en T,Normale,Deux véhicules - côté,,,,,,,,,,,5,2,3,1,3
201500022012,0015-01-11 15:25:00,15,1,11,15,25,300,189,39SERRE PARADIS (CHEMIN),43.84651,4.38076,Plein jour,En agglomération,Hors intersection,Normale,Deux véhicules - frontale,,,,,,,,,,,1,2,1,1,1
201500022013,0015-03-21 13:40:00,15,3,21,13,40,300,189,VIDAL EMILE (RUE),43.82231,4.3623,Plein jour,En agglomération,Intersection en T,Pluie légère,Deux véhicules - côté,,,,,,,,,,,1,2,3,2,3
201500022014,0015-01-12 10:10:00,15,1,12,10,10,300,189,ALES (ROUTE),,,Plein jour,En agglomération,Intersection en Y,Normale,Deux véhicules - côté,,,,,,,,,,,1,2,4,1,3
201500022015,0015-03-24 18:45:00,15,3,24,18,45,300,189,ARTS (AVENUE),,,Nuit avec éclairage allumé,Hors agglomération,Hors intersection,Pluie légère,Autre collision,,,,,,,,,,,5,1,1,2,6
201500022016,0015-11-06 18:00:00,15,11,6,18,0,300,189,GENERAC (ROUTE),,,Nuit avec éclairage allumé,Hors agglomération,Hors intersection,Normale,Trois véhicules et plus - en chaîne,,,,,,,,,,,5,1,1,1,4
201500022017,0015-01-15 19:15:00,15,1,15,19,15,300,189,GARNIER TONY (RUE),43.81512,4.34612,Nuit avec éclairage allumé,En agglomération,Hors intersection,Normale,Deux véhicules - côté,,,,,,,,,,,5,2,1,1,3
201500022018,0015-03-21 17:20:00,15,3,21,17,20,300,189,RUE PAUL LAURENT,43.80901,4.36488,Plein jour,En agglomération,Hors intersection,Pluie légère,Deux véhicules - côté,,,,,,,,,,,1,2,1,2,3
201500022019,0015-11-12 16:28:00,15,11,12,16,28,300,189,ALLENDE SALVADOR (RUE),,,Plein jour,En agglomération,Hors intersection,Normale,Deux véhicules - arrière,,,,,,,,,,,1,2,1,1,2
201500022020,0015-01-16 12:50:00,15,1,16,12,50,300,189,"88, BEAUCAIRE (ROUTE)",43.83768,4.38093,Plein jour,En agglomération,Intersection en T,Pluie légère,Trois véhicules et plus - collisions multiples,,,,,,,,,,,1,2,3,2,5
201500022021,0015-03-24 12:20:00,15,3,24,12,20,300,189,DHUODA (RUE),43.82751,4.35585,Plein jour,En agglomération,Intersection en T,Normale,Deux véhicules - côté,,,,,,,,,,,1,2,3,1,3
201500022022,0015-11-06 16:17:00,15,11,6,16,17,300,189,"0, TRIAIRE SERGENT (BOUL",,,Plein jour,En agglomération,Hors intersection,Normale,Autre collision,,,,,,,,,,,1,2,1,1,6
201500022023,0015-01-17 15:05:00,15,1,17,15,5,300,189,LESCOT PIERRE (RUE),43.81659,4.34998,Plein jour,En agglomération,Intersection en X,Normale,Sans collision,,,,,,,,,,,1,2,2,1,7
201500022024,0015-03-24 21:00:00,15,3,24,21,0,300,189,ENCLOS GOUBERT (RUE OU I,43.83972,4.37916,Nuit avec éclairage allumé,En agglomération,Intersection en T,Pluie légère,Deux véhicules - côté,,,,,,,,,,,5,2,3,2,3
201500022025,0015-12-14 14:09:00,15,12,14,14,9,300,189,TALABOT (BOULEVARD),43.8338,4.36721,Plein jour,Hors agglomération,Intersection en T,Normale,Autre collision,,,,,,,,,,,1,1,3,1,6
201500022026,0015-01-17 21:25:00,15,1,17,21,25,300,189,BEAUCAIRE (ROUTE),43.83692,4.38769,Nuit avec éclairage allumé,En agglomération,Giratoire,Normale,Deux véhicules - arrière,,,,,,,,,,,5,2,6,1,2
201500022027,0015-03-27 20:35:00,15,3,27,20,35,300,189,BOISSY D ANGLAS (ALLEE),43.83292,4.36805,Nuit avec éclairage allumé,Hors agglomération,Hors intersection,Normale,Deux véhicules - arrière,,,,,,,,,,,5,1,1,1,2
201500022028,0015-12-30 14:50:00,15,12,30,14,50,300,189,"10, ABRIVADO (RUE)",43.83736,4.39294,Plein jour,En agglomération,Hors intersection,Normale,Deux véhicules - arrière,,,,,,,,,,,1,2,1,1,2
201500022029,0015-01-19 19:55:00,15,1,19,19,55,300,189,"22, RUSSAN (CHEMIN OU RO",43.84832,4.36189,Nuit avec éclairage allumé,En agglomération,Hors intersection,Pluie légère,Deux véhicules - frontale,,,,,,,,,,,5,2,1,2,1
201500022030,0015-03-31 10:10:00,15,3,31,10,10,300,189,POULX (ROUTE DE),43.89201,4.41885,Plein jour,Hors agglomération,Intersection en T,Normale,Deux véhicules - côté,,,,,,,,,,,1,1,3,1,3
201500022031,0015-12-25 02:40:00,15,12,25,2,40,300,189,ALLENDE SALVADOR (RUE),43.82873,4.37699,Nuit avec éclairage allumé,En agglomération,Intersection en X,Normale,Deux véhicules - côté,,,,,,,,,,,5,2,2,1,3
201500022032,0015-01-20 13:15:00,15,1,20,13,15,300,189,DAUMIER (RUE),,,Plein jour,En agglomération,Hors intersection,Normale,Autre collision,,,,,,,,,,,1,2,1,1,6
201500022033,0015-03-31 14:00:00,15,3,31,14,0,300,189,SAUVE (RUE),43.83785,4.3499,Plein jour,En agglomération,Intersection en T,Normale,Deux véhicules - côté,,,,,,,,,,,1,2,3,1,3
201500022034,0015-12-31 23:20:00,15,12,31,23,20,300,189,ALES (ROUTE),43.87055,4.32194,Nuit sans éclairage public,Hors agglomération,Hors intersection,Normale,Sans collision,,,,,,,,,,,3,1,1,1,7
201500022035,0015-01-20 18:45:00,15,1,20,18,45,300,189,ROUGET DE LISLE (RUE),43.84047,4.3554,Nuit avec éclairage allumé,En agglomération,Intersection en T,Normale,Sans collision,,,,,,,,,,,5,2,3,1,7
201500022036,0015-04-01 17:40:00,15,4,1,17,40,300,189,baillet claude,43.81181,4.36217,Plein jour,En agglomération,Autre intersection,Normale,Deux véhicules - côté,,,,,,,,,,,1,2,9,1,3
201500022037,0015-01-22 08:40:00,15,1,22,8,40,300,189,"1, DUBOIS MARIUS (RUE)",43.85049,4.37454,Plein jour,En agglomération,Intersection en X,Normale,Deux véhicules - côté,,,,,,,,,,,1,2,2,1,3
201500022038,0015-04-03 15:10:00,15,4,3,15,10,300,189,"18, FAITA VINCENT (RUE)",43.84165,4.36717,Plein jour,Hors agglomération,Hors intersection,Normale,Deux véhicules - arrière,,,,,,,,,,,1,1,1,1,2
201500022039,0015-01-23 16:51:00,15,1,23,16,51,300,189,TRIAIRE SERGENT (BOULEVA,43.82971,4.36179,Plein jour,En agglomération,Hors intersection,Normale,Sans collision,,,,,,,,,,,1,2,1,1,7
201500022040,0015-04-06 20:55:00,15,4,6,20,55,300,189,ROBERVAL GILLES (RUE OU,43.82706,4.33142,Nuit avec éclairage allumé,En agglomération,Intersection en T,Normale,Deux véhicules - frontale,,,,,,,,,,,5,2,3,1,1
201500022041,0015-01-23 23:15:00,15,1,23,23,15,300,189,CES PHILIPPE LAMOUR,43.83265,4.38488,Nuit avec éclairage allumé,En agglomération,Hors intersection,Normale,Sans collision,,,,,,,,,,,5,2,1,1,7
201500022042,0015-01-26 17:41:00,15,1,26,17,41,300,189,ALLENDE SALVADOR (RUE),43.81606,4.34819,Plein jour,En agglomération,Giratoire,Normale,Deux véhicules - côté,,,,,,,,,,,1,2,6,1,3
201500022043,0015-04-10 17:30:00,15,4,10,17,30,300,189,UZES (ROUTE D'),43.85181,4.37678,Plein jour,Hors agglomération,Hors intersection,Normale,Autre collision,,,,,,,,,,,1,1,1,1,6
201500022044,0015-01-27 07:40:00,15,1,27,7,40,300,189,"222, KENNEDY (AVENUE)",43.83192,4.34669,Plein jour,En agglomération,Hors intersection,Normale,Autre collision,,,,,,,,,,,1,2,1,1,6
201500022045,0015-04-11 11:50:00,15,4,11,11,50,300,189,ALGER (RUE),43.8328,4.37942,Plein jour,En agglomération,Intersection en T,Normale,Deux véhicules - arrière,,,,,,,,,,,1,2,3,1,2
201500022046,0015-02-02 17:50:00,15,2,2,17,50,300,189,GAMEL PIERRE (AVENUE),43.82503,4.36198,Nuit avec éclairage allumé,En agglomération,Giratoire,Normale,Autre collision,,,,,,,,,,,5,2,6,1,6
201500022047,0015-04-13 19:50:00,15,4,13,19,50,300,189,ODELIN JEAN (RUE),43.85126,4.3995,Plein jour,En agglomération,Intersection en T,Normale,Deux véhicules - côté,,,,,,,,,,,1,2,3,1,3
201500022048,0015-12-24 03:30:00,15,12,24,3,30,300,189,Route Dpartementale 135,43.83519,4.42829,Nuit sans éclairage public,En agglomération,Hors intersection,Normale,Sans collision,,,,,,,,,,,3,2,1,1,7
201500022049,0015-02-02 17:30:00,15,2,2,17,30,300,189,BOSCO HENRI (RUE),43.84875,4.35146,Nuit sans éclairage public,En agglomération,Hors intersection,Normale,Autre collision,,,,,,,,,,,3,2,1,1,6
201500022050,0015-04-15 15:30:00,15,4,15,15,30,300,189,"40 TER, TILLEULS (RUE)",43.83358,4.35027,Plein jour,En agglomération,Intersection en X,Normale,Trois véhicules et plus - collisions multiples,,,,,,,,,,,1,2,2,1,5
201500022051,0015-02-03 01:10:00,15,2,3,1,10,300,189,AVIGNON (ROUTE),43.84162,4.37679,Nuit avec éclairage allumé,En agglomération,Intersection en T,Normale,Deux véhicules - côté,,,,,,,,,,,5,2,3,1,3
201500022052,0015-04-17 09:50:00,15,4,17,9,50,300,189,POMPIDOU GEORGES (AVENUE,43.83217,4.34975,Plein jour,En agglomération,Intersection en T,Normale,Autre collision,,,,,,,,,,,1,2,3,1,6
201500022053,0015-02-03 08:15:00,15,2,3,8,15,300,189,ALLENDE SALVADOR (RUE),,,Crépuscule ou aube,En agglomération,Hors intersection,Normale,Deux véhicules - arrière,,,,,,,,,,,2,2,1,1,2
201500022054,0015-04-17 19:55:00,15,4,17,19,55,300,189,HOTEL DIEU (RUE),,,Plein jour,En agglomération,Hors intersection,Normale,Autre collision,,,,,,,,,,,1,2,1,1,6
201500022055,0015-02-04 18:30:00,15,2,4,18,30,300,189,BOEGNER PASTEUR MARC (BO,,,Crépuscule ou aube,En agglomération,Hors intersection,Normale,Trois véhicules et plus - collisions multiples,,,,,,,,,,,2,2,1,1,5
201500022056,0015-04-21 06:43:00,15,4,21,6,43,300,189,DAYAN GEORGES (AVENUE),43.82034,4.34027,Crépuscule ou aube,En agglomération,Intersection en T,Normale,Trois véhicules et plus - en chaîne,,,,,,,,,,,2,2,3,1,4
201500022057,0015-12-04 13:50:00,15,12,4,13,50,300,189,KENNEDY (AVENUE),,,Plein jour,En agglomération,Hors intersection,Normale,Trois véhicules et plus - collisions multiples,,,,,,,,,,,1,2,1,1,5
201500022058,0015-02-08 00:01:00,15,2,8,0,1,300,189,PREMIERE DIVISION FRANCA,43.8075,4.37164,Nuit avec éclairage allumé,En agglomération,Intersection en X,Normale,Deux véhicules - arrière,,,,,,,,,,,5,2,2,1,2
201500022059,0015-04-23 17:20:00,15,4,23,17,20,300,189,CLERISSEAU (RUE),43.84136,4.35789,Plein jour,En agglomération,Intersection en T,Normale,Deux véhicules - arrière,,,,,,,,,,,1,2,3,1,2
201500022060,0015-12-19 22:25:00,15,12,19,22,25,300,189,POMPIDOU GEORGES (AVENUE,43.83779,4.34515,Nuit avec éclairage allumé,En agglomération,Intersection en X,Pluie légère,Deux véhicules - côté,,,,,,,,,,,5,2,2,2,3
201500022061,0015-02-13 13:05:00,15,2,13,13,5,300,189,MONTJARDIN (RUE),43.83569,4.36532,Plein jour,En agglomération,Intersection en T,Normale,Deux véhicules - côté,,,,,,,,,,,1,2,3,1,3
201500022062,0015-04-17 22:40:00,15,4,17,22,40,300,189,MARECHAL JUIN (BOULEVARD,43.82106,4.34731,Nuit avec éclairage allumé,En agglomération,Hors intersection,Normale,Deux véhicules - arrière,,,,,,,,,,,5,2,1,1,2
201500022063,0015-02-13 19:43:00,15,2,13,19,43,300,189,CIGALE (CHEMIN),43.84103,4.34105,Nuit avec éclairage allumé,En agglomération,Intersection en T,Normale,Deux véhicules - côté,,,,,,,,,,,5,2,3,1,3
201500022064,0015-04-19 02:30:00,15,4,19,2,30,300,189,FRANCE ANATOLE (RUE),43.84027,4.36664,Nuit avec éclairage allumé,En agglomération,Intersection en X,Normale,Deux véhicules - côté,,,,,,,,,,,5,2,2,1,3
201500022065,0015-02-14 19:45:00,15,2,14,19,45,300,189,"22, SULLY (RUE)",43.8436,4.36906,Nuit avec éclairage allumé,En agglomération,Intersection en X,Pluie légère,Deux véhicules - côté,,,,,,,,,,,5,2,2,2,3
201500022066,0015-04-24 17:15:00,15,4,24,17,15,300,189,SAUVE (ROUTE),43.85092,4.28151,Plein jour,En agglomération,Hors intersection,Normale,Deux véhicules - côté,,,,,,,,,,,1,2,1,1,3
201500022067,0015-02-19 23:45:00,15,2,19,23,45,300,189,ALLENDE SALVADOR (RUE),,,Nuit avec éclairage allumé,En agglomération,Hors intersection,Normale,Deux véhicules - arrière,,,,,,,,,,,5,2,1,1,2
201500022068,0015-04-30 09:00:00,15,4,30,9,0,300,189,CANTE-PERDRIX (CHEMIN),43.81362,4.30604,Plein jour,En agglomération,Intersection en T,Normale,Deux véhicules - côté,,,,,,,,,,,1,2,3,1,3
201500022069,0015-02-25 14:30:00,15,2,25,14,30,300,189,ALES (ROUTE),43.87188,4.31987,Plein jour,En agglomération,Intersection en T,Normale,Deux véhicules - arrière,,,,,,,,,,,1,2,3,1,2
201500022070,0015-05-02 14:10:00,15,5,2,14,10,300,189,GENERAC (ROUTE),,,Plein jour,En agglomération,Hors intersection,Normale,Deux véhicules - côté,,,,,,,,,,,1,2,1,1,3
201500022071,0015-02-26 13:10:00,15,2,26,13,10,300,189,BOEGNER PASTEUR MARC (BO,,,Plein jour,En agglomération,Hors intersection,Normale,Deux véhicules - arrière,,,,,,,,,,,1,2,1,1,2
201500022072,0015-05-02 19:30:00,15,5,2,19,30,300,189,SAINTE PERPETUE (RUE),43.8328,4.36944,Plein jour,En agglomération,Intersection en T,Normale,Deux véhicules - côté,,,,,,,,,,,1,2,3,1,3
201500022073,0015-03-06 13:40:00,15,3,6,13,40,300,189,MAS DE CHEYLON,,,Plein jour,En agglomération,Intersection en T,Normale,Deux véhicules - côté,,,,,,,,,,,1,2,3,1,3
201500022074,0015-04-30 15:45:00,15,4,30,15,45,300,189,"34, TRIAIRE SERGENT (BOU",43.82946,4.36165,Plein jour,En agglomération,Hors intersection,Normale,Deux véhicules - côté,,,,,,,,,,,1,2,1,1,3
201500022075,0015-03-10 16:20:00,15,3,10,16,20,300,189,"144, CROIX DE VAUVERT (C",43.81969,4.34664,Plein jour,En agglomération,Intersection en T,Normale,Deux véhicules - frontale,,,,,,,,,,,1,2,3,1,1
201500022076,0015-03-12 10:50:00,15,3,12,10,50,300,189,LIBERTE (AVENUE),43.82379,4.35434,Plein jour,En agglomération,Intersection en T,Normale,Deux véhicules - côté,,,,,,,,,,,1,2,3,1,3
201500022077,0015-05-05 14:10:00,15,5,5,14,10,300,189,FOUR A CHAUX (ROND POINT,43.81414,4.33478,Plein jour,En agglomération,Giratoire,Normale,Deux véhicules - côté,,,,,,,,,,,1,2,6,1,3
201500022078,0015-03-13 15:35:00,15,3,13,15,35,300,189,SEVERINE (IMPACE OU PLAC,43.83021,4.35234,Plein jour,En agglomération,Place,Normale,Deux véhicules - côté,,,,,,,,,,,1,2,7,1,3
201500022079,0015-05-12 18:10:00,15,5,12,18,10,300,189,"1311, MARECHAL JUIN (BOU",43.81857,4.34197,Plein jour,En agglomération,Hors intersection,Normale,Autre collision,,,,,,,,,,,1,2,1,1,6
201500022080,0015-03-14 16:00:00,15,3,14,16,0,300,189,FRANCAIS LIBRES (BD),43.83103,4.32286,Plein jour,En agglomération,Hors intersection,Normale,Deux véhicules - arrière,,,,,,,,,,,1,2,1,1,2
201500022081,0015-05-09 22:10:00,15,5,9,22,10,300,189,VICTOR PAUL EMILE  (ROND,43.8175,4.34694,Nuit avec éclairage allumé,En agglomération,Hors intersection,Normale,Sans collision,,,,,,,,,,,5,2,1,1,7
201500022082,0015-03-15 06:25:00,15,3,15,6,25,300,189,1* DIVISION FRANCAISE LI,43.8235,4.32792,Nuit avec éclairage allumé,En agglomération,Giratoire,Pluie légère,Sans collision,,,,,,,,,,,5,2,6,2,7
201500022083,0015-05-05 12:48:00,15,5,5,12,48,300,189,LECLERC GENERAL (AVENUE),43.8283,4.37306,Plein jour,En agglomération,Hors intersection,Normale,Sans collision,,,,,,,,,,,1,2,1,1,7
201500022084,0015-03-15 19:00:00,15,3,15,19,0,300,189,ALES (ROUTE),43.85473,4.33861,Nuit avec éclairage allumé,En agglomération,Hors intersection,Pluie légère,Trois véhicules et plus - collisions multiples,,,,,,,,,,,5,2,1,2,5
201500022085,0015-05-15 15:30:00,15,5,15,15,30,300,189,LYAUTEY MARECHAL (AVENUE,43.8203,4.32386,Plein jour,En agglomération,Intersection en T,Normale,Deux véhicules - côté,,,,,,,,,,,1,2,3,1,3
201500022086,0015-05-11 13:35:00,15,5,11,13,35,300,189,", MONNET JEAN (COURS)",,,Plein jour,En agglomération,Hors intersection,Normale,Autre collision,,,,,,,,,,,1,2,1,1,6
201500022087,0015-05-22 03:14:00,15,5,22,3,14,300,189,MAS DE CHEYLON,43.79235,4.34762,Nuit avec éclairage allumé,En agglomération,Intersection en T,Normale,Autre collision,,,,,,,,,,,5,2,3,1,6
201500022088,0015-05-27 11:15:00,15,5,27,11,15,300,189,TRIAIRE SERGENT (BOULEVA,43.82841,4.35993,Plein jour,En agglomération,Intersection en X,Normale,Autre collision,,,,,,,,,,,1,2,2,1,6
201500022089,0015-05-22 11:30:00,15,5,22,11,30,300,189,GAMEL PIERRE (AVENUE),43.82839,4.35994,Plein jour,En agglomération,Intersection en X,Normale,Deux véhicules - côté,,,,,,,,,,,1,2,2,1,3
201500022090,0015-04-04 12:15:00,15,4,4,12,15,300,189,"4, GOELANDS (RUE OU PLAC",43.83918,4.31697,Plein jour,En agglomération,Hors intersection,Normale,Autre collision,,,,,,,,,,,1,2,1,1,6
201500022091,0015-05-29 14:45:00,15,5,29,14,45,300,189,"129, AVIGNON (ROUTE)",43.84356,4.38201,Plein jour,En agglomération,Hors intersection,Normale,Deux véhicules - côté,,,,,,,,,,,1,2,1,1,3