accident_id,datetime,annee,mois,jour,heure,minute,departement,commune_insee,adresse,latitude,longitude,luminosite,agglomeration,intersection,meteo,collision,nb_vehicules,nb_usagers,nb_indemnes,nb_tues,nb_blesses_hosp,nb_blesses_legers,age_cond_1,age_cond_2,veh_type_cond_1,veh_type_cond_2,lum_code,agg_code,int_code,atm_code,col_code
201500022217,0015-11-08 10:45:00,15,11,8,10,45,630,388,,,,Plein jour,Hors agglomération,Hors intersection,Normale,Deux véhicules - côté,,,,,,,,,,,1,1,1,1,3
201500022218,0015-07-26 19:45:00,15,7,26,19,45,630,219,Champille,,,Plein jour,En agglomération,Hors intersection,Normale,Deux véhicules - côté,,,,,,,,,,,1,2,1,1,3
201500022219,0015-08-08 19:45:00,15,8,8,19,45,630,219,,45.785,2.859,Crépuscule ou aube,Hors agglomération,Hors intersection,Temps couvert,Sans collision,,,,,,,,,,,2,1,1,8,7
201500022220,0015-08-27 11:15:00,15,8,27,11,15,230,170,route de peyrabout,46.10403,1.90409,Plein jour,En agglomération,Hors intersection,Normale,Autre collision,,,,,,,,,,,1,2,1,1,6
201500022221,0015-09-04 21:30:00,15,9,4,21,30,230,247,,46.20329,1.76764,Nuit avec éclairage allumé,En agglomération,Hors intersection,Normale,Autre collision,,,,,,,,,,,5,2,1,1,6
201500022222,0015-09-16 08:15:00,15,9,16,8,15,230,92,,46.25114,1.90258,Plein jour,Hors agglomération,Hors intersection,Pluie légère,Deux véhicules - frontale,,,,,,,,,,,1,1,1,2,1
201500022223,0015-09-17 13:00:00,15,9,17,13,0,230,68,rue de  mme  COPIN,46.13904,2.10848,Plein jour,En agglomération,Autre intersection,Pluie légère,Deux véhicules - frontale,,,,,,,,,,,1,2,9,2,1
201500022224,0015-09-23 18:45:00,15,9,23,18,45,230,193,,46.15008,1.9088,Plein jour,Hors agglomération,Hors intersection,Normale,Deux véhicules - frontale,,,,,,,,,,,1,1,1,1,1
201500022225,0015-10-30 18:00:00,15,10,30,18,0,230,92,,46.237,1.915,Nuit avec éclairage allumé,Hors agglomération,Hors intersection,Normale,Autre collision,,,,,,,,,,,5,1,1,1,6
201500022226,0015-11-04 03:45:00,15,11,4,3,45,230,1,,46.058,2.041,Nuit sans éclairage public,Hors agglomération,Hors intersection,Temps couvert,Autre collision,,,,,,,,,,,3,1,1,8,6
201500022227,0015-11-06 09:00:00,15,11,6,9,0,230,92,,46.233,1.918,Plein jour,Hors agglomération,Hors intersection,Normale,Autre collision,,,,,,,,,,,1,1,1,1,6
201500022228,0015-11-15 12:00:00,15,11,15,12,0,230,1,,46.102,2.012,Plein jour,Hors agglomération,Hors intersection,Normale,Autre collision,,,,,,,,,,,1,1,1,1,6
201500022229,0015-12-08 18:45:00,15,12,8,18,45,230,95,,,,Nuit sans éclairage public,Hors agglomération,Hors intersection,Pluie légère,Autre collision,,,,,,,,,,,3,1,1,2,6
201500022230,0015-12-09 14:15:00,15,12,9,14,15,230,186,,46.104,1.859,Plein jour,Hors agglomération,Hors intersection,Normale,Autre collision,,,,,,,,,,,1,1,1,1,6
201500022231,0015-12-26 15:30:00,15,12,26,15,30,230,245,,46.213,1.862,Plein jour,Hors agglomération,Hors intersection,Temps éblouissant,Deux véhicules - frontale,,,,,,,,,,,1,1,1,7,1
201500022232,0015-01-24 10:45:00,15,1,24,10,45,230,2,,46.20066,1.97073,Plein jour,Hors agglomération,Hors intersection,Neige / grêle,Trois véhicules et plus - en chaîne,,,,,,,,,,,1,1,1,4,4
201500022233,0015-06-29 16:15:00,15,6,29,16,15,230,1,,46.09734,2.00789,Plein jour,Hors agglomération,Hors intersection,Normale,Sans collision,,,,,,,,,,,1,1,1,1,7
201500022234,0015-07-02 08:00:00,15,7,2,8,0,230,206,9 rue de la liberté,46.16469,1.96306,Plein jour,En agglomération,Hors intersection,Normale,Deux véhicules - arrière,,,,,,,,,,,1,2,1,1,2
201500022235,0015-07-19 21:45:00,15,7,19,21,45,230,193,,46.18368,1.92092,Crépuscule ou aube,Hors agglomération,Hors intersection,Normale,Autre collision,,,,,,,,,,,2,1,1,1,6
201500022236,0015-08-05 22:45:00,15,8,5,22,45,230,4,,46.27538,1.81498,Nuit sans éclairage public,Hors agglomération,Hors intersection,Normale,Autre collision,,,,,,,,,,,3,1,1,1,6
201500022237,0015-01-01 01:45:00,15,1,1,1,45,260,191,RD 169,,,Nuit sans éclairage public,Hors agglomération,Hors intersection,Normale,Sans collision,,,,,,,,,,,3,1,1,1,7
201500022238,0015-01-02 14:30:00,15,1,2,14,30,260,169,SORTIE A7 MALATAVERNE,,,Plein jour,Hors agglomération,Hors intersection,Normale,Deux véhicules - arrière,,,,,,,,,,,1,1,1,1,2
201500022239,0015-01-03 21:15:00,15,1,3,21,15,260,345,ROUTE DE SAINT PAUL,,,Nuit sans éclairage public,Hors agglomération,Hors intersection,Temps couvert,Sans collision,,,,,,,,,,,3,1,1,8,7
201500022240,0015-01-25 02:15:00,15,1,25,2,15,260,176,LES ANDRANS,,,Nuit sans éclairage public,Hors agglomération,Hors intersection,Vent fort / tempête,Autre collision,,,,,,,,,,,3,1,1,6,6
201500022241,0015-01-25 07:30:00,15,1,25,7,30,260,106,LA COUCOURDE,,,Plein jour,En agglomération,Hors intersection,Normale,Autre collision,,,,,,,,,,,1,2,1,1,6
201500022242,0015-02-10 16:00:00,15,2,10,16,0,260,324,LES LONNES,,,Plein jour,Hors agglomération,Hors intersection,Vent fort / tempête,Autre collision,,,,,,,,,,,1,1,1,6,6
201500022243,0015-02-16 18:15:00,15,2,16,18,15,260,357,LE PEYRON,,,Plein jour,Hors agglomération,Hors intersection,Normale,Deux véhicules - côté,,,,,,,,,,,1,1,1,1,3
201500022244,0015-02-19 16:30:00,15,2,19,16,30,260,345,LA BORIE,,,Plein jour,Hors agglomération,Hors intersection,Normale,Deux véhicules - frontale,,,,,,,,,,,1,1,1,1,1
201500022245,0015-02-26 14:45:00,15,2,26,14,45,260,121,RTE ESPELUCHE,,,Plein jour,Hors agglomération,Intersection en T,Normale,Deux véhicules - côté,,,,,,,,,,,1,1,3,1,3
201500022246,0015-03-03 18:45:00,15,3,3,18,45,260,33,RTE DE MONTSEGUR,,,Nuit sans éclairage public,Hors agglomération,Hors intersection,Normale,Deux véhicules - côté,,,,,,,,,,,3,1,1,1,3
201500022247,0015-03-08 16:45:00,15,3,8,16,45,260,211,AVENUE JOSEPH MAUGARD,,,Plein jour,En agglomération,Hors intersection,Normale,Deux véhicules - côté,,,,,,,,,,,1,2,1,1,3
201500022248,0015-03-11 21:30:00,15,3,11,21,30,260,235,RN 7,,,Nuit sans éclairage public,Hors agglomération,Intersection en T,Normale,Deux véhicules - frontale,,,,,,,,,,,3,1,3,1,1
201500022249,0015-03-16 17:00:00,15,3,16,17,0,260,176,DARNE,,,Plein jour,Hors agglomération,Intersection en X,Normale,Deux véhicules - frontale,,,,,,,,,,,1,1,2,1,1
201500022250,0015-03-25 08:00:00,15,3,25,8,0,260,176,LE CHERRY,,,Crépuscule ou aube,Hors agglomération,Hors intersection,Pluie légère,Deux véhicules - côté,,,,,,,,,,,2,1,1,2,3
201500022251,0015-04-21 12:30:00,15,4,21,12,30,260,339,SARRAGNANT,,,Plein jour,Hors agglomération,Hors intersection,Normale,Autre collision,,,,,,,,,,,1,1,1,1,6
201500022252,0015-04-22 15:00:00,15,4,22,15,0,260,5,BONDONNEAU,,,Plein jour,Hors agglomération,Hors intersection,Normale,Autre collision,,,,,,,,,,,1,1,1,1,6
201500022253,0015-05-17 17:45:00,15,5,17,17,45,260,353,BELFOND,,,Plein jour,Hors agglomération,Hors intersection,Normale,Deux véhicules - frontale,,,,,,,,,,,1,1,1,1,1
201500022254,0015-05-23 05:15:00,15,5,23,5,15,260,339,LE MARAIS,,,Nuit sans éclairage public,Hors agglomération,Hors intersection,Normale,Deux véhicules - côté,,,,,,,,,,,3,1,1,1,3
201500022255,0015-05-31 18:00:00,15,5,31,18,0,260,235,LES BLACHES,,,Plein jour,Hors agglomération,Hors intersection,Normale,Trois véhicules et plus - en chaîne,,,,,,,,,,,1,1,1,1,4
201500022256,0015-06-02 23:45:00,15,6,2,23,45,260,324,LES GARRIGUES,,,Nuit sans éclairage public,Hors agglomération,Hors intersection,Normale,Deux véhicules - arrière,,,,,,,,,,,3,1,1,1,2
201500022257,0015-06-04 17:30:00,15,6,4,17,30,260,338,IMPASSE DE LA DAME,44.6001,4.8164,Plein jour,En agglomération,Hors intersection,Normale,Deux véhicules - frontale,,,,,,,,,,,1,2,1,1,1
201500022258,0015-06-06 06:15:00,15,6,6,6,15,260,339,LAMOTTE,,,Crépuscule ou aube,Hors agglomération,Hors intersection,Normale,Deux véhicules - arrière,,,,,,,,,,,2,1,1,1,2
201500022259,0015-06-09 19:30:00,15,6,9,19,30,260,360,CHABANES,,,Plein jour,Hors agglomération,Hors intersection,Normale,Autre collision,,,,,,,,,,,1,1,1,1,6
201500022260,0015-06-28 02:30:00,15,6,28,2,30,260,5,CHEMIN DE ROUNY,44.4844,4.7861,Nuit sans éclairage public,Hors agglomération,Hors intersection,Normale,Autre collision,,,,,,,,,,,3,1,1,1,6
201500022261,0015-06-27 22:45:00,15,6,27,22,45,260,95,LES EYGRETTES,,,Nuit sans éclairage public,Hors agglomération,Intersection en T,Normale,Autre collision,,,,,,,,,,,3,1,3,1,6
201500022262,0015-07-06 10:30:00,15,7,6,10,30,260,5,LA BARQUE,,,Plein jour,Hors agglomération,Hors intersection,Normale,Autre collision,,,,,,,,,,,1,1,1,1,6
201500022263,0015-07-06 21:00:00,15,7,6,21,0,260,345,ROUTE DE TULETTE,,,Plein jour,Hors agglomération,Intersection en X,Normale,Deux véhicules - frontale,,,,,,,,,,,1,1,2,1,1
201500022264,0015-07-07 08:30:00,15,7,7,8,30,260,339,LES ROCHES,,,Plein jour,Hors agglomération,Hors intersection,Normale,Trois véhicules et plus - collisions multiples,,,,,,,,,,,1,1,1,1,5
201500022265,0015-07-14 01:30:00,15,7,14,1,30,260,357,COSTEBELLE,,,Nuit sans éclairage public,Hors agglomération,Hors intersection,Normale,Sans collision,,,,,,,,,,,3,1,1,1,7
201500022266,0015-07-22 23:45:00,15,7,22,23,45,260,85,AV DE MONTELIMAR,,,Nuit sans éclairage public,Hors agglomération,Hors intersection,Normale,Deux véhicules - arrière,,,,,,,,,,,3,1,1,1,2
201500022267,0015-07-24 11:30:00,15,7,24,11,30,260,106,MOULINAS,,,Plein jour,Hors agglomération,Hors intersection,Normale,Deux véhicules - côté,,,,,,,,,,,1,1,1,1,3
201500022268,0015-08-05 18:00:00,15,8,5,18,0,260,235,AV GERARD PHILIPPE,44.3708,4.7103,Plein jour,En agglomération,Intersection en T,Temps éblouissant,Deux véhicules - frontale,,,,,,,,,,,1,2,3,7,1
201500022269,0015-08-08 12:45:00,15,8,8,12,45,260,106,MIRGALLAND,,,Plein jour,En agglomération,Hors intersection,Normale,Deux véhicules - frontale,,,,,,,,,,,1,2,1,1,1
201500022270,0015-07-13 19:00:00,15,7,13,19,0,260,116,AV DU RHONE,,,Plein jour,Hors agglomération,Hors intersection,Normale,Sans collision,,,,,,,,,,,1,1,1,1,7
201500022271,0015-08-14 23:30:00,15,8,14,23,30,260,353,AVENUE BLOMARD,44.6605,4.793,Nuit avec éclairage allumé,En agglomération,Hors intersection,Normale,Autre collision,,,,,,,,,,,5,2,1,1,6
201500022272,0015-08-20 18:00:00,15,8,20,18,0,260,324,A7,,,Nuit sans éclairage public,Hors agglomération,Hors intersection,Normale,Trois véhicules et plus - collisions multiples,,,,,,,,,,,3,1,1,1,5
201500022273,0015-09-13 00:01:00,15,9,13,0,1,260,339,SERRIES,,,Nuit sans éclairage public,Hors agglomération,Intersection en Y,Pluie forte,Deux véhicules - côté,,,,,,,,,,,3,1,4,3,3
201500022274,0015-09-18 15:45:00,15,9,18,15,45,260,176,AVENUE ALBIN  DAVIN,,,Plein jour,En agglomération,Hors intersection,Normale,Autre collision,,,,,,,,,,,1,2,1,1,6
201500022275,0015-09-28 16:30:00,15,9,28,16,30,260,345,D 94,,,Plein jour,En agglomération,Hors intersection,Normale,Deux véhicules - côté,,,,,,,,,,,1,2,1,1,3
201500022276,0015-10-03 05:45:00,15,10,3,5,45,260,345,RTE DE BOLLENE,,,Nuit sans éclairage public,Hors agglomération,Hors intersection,Pluie légère,Autre collision,,,,,,,,,,,3,1,1,2,6
201500022277,0015-10-10 04:30:00,15,10,10,4,30,260,345,VILLAGE,,,Nuit avec éclairage allumé,En agglomération,Giratoire,Normale,Autre collision,,,,,,,,,,,5,2,6,1,6
201500022278,0015-10-23 21:00:00,15,10,23,21,0,260,275,LE CHAMP DE NIELLE,,,Nuit sans éclairage public,Hors agglomération,Hors intersection,Normale,Autre collision,,,,,,,,,,,3,1,1,1,6
201500022279,0015-10-24 05:15:00,15,10,24,5,15,260,326,LA BISTOURE,,,Nuit sans éclairage public,Hors agglomération,Hors intersection,Normale,Autre collision,,,,,,,,,,,3,1,1,1,6
201500022280,0015-11-08 09:30:00,15,11,8,9,30,260,338,,,,Plein jour,Hors agglomération,Hors intersection,Brouillard / fumée,Deux véhicules - frontale,,,,,,,,,,,1,1,1,5,1
201500022281,0015-11-20 18:45:00,15,11,20,18,45,260,5,,,,Nuit sans éclairage public,Hors agglomération,Intersection en T,Normale,Autre collision,,,,,,,,,,,3,1,3,1,6
201500022282,0015-12-01 13:00:00,15,12,1,13,0,260,169,,,,Plein jour,Hors agglomération,Hors intersection,Normale,Deux véhicules - côté,,,,,,,,,,,1,1,1,1,3
201500022283,0015-12-17 07:15:00,15,12,17,7,15,260,169,SAINTE AGNES,,,Nuit sans éclairage public,Hors agglomération,Hors intersection,Brouillard / fumée,Autre collision,,,,,,,,,,,3,1,1,5,6
201500022284,0015-06-27 13:00:00,15,6,27,13,0,840,29,Rue Canredon,44.1683,4.85727,Plein jour,En agglomération,Hors intersection,Normale,Deux véhicules - frontale,,,,,,,,,,,1,2,1,1,1
201500022285,0015-07-18 07:15:00,15,7,18,7,15,840,28,,44.23848,4.90975,Plein jour,Hors agglomération,Hors intersection,Normale,Sans collision,,,,,,,,,,,1,1,1,1,7
201500022286,0015-10-29 04:30:00,15,10,29,4,30,840,91,,44.15,4.767,Nuit sans éclairage public,Hors agglomération,Hors intersection,Normale,Sans collision,,,,,,,,,,,3,1,1,1,7
201500022287,0015-05-17 08:30:00,15,5,17,8,30,260,138,LES ROCHETTES,44.3995,4.7576,Nuit sans éclairage public,Hors agglomération,Hors intersection,Normale,Autre collision,,,,,,,,,,,3,1,1,1,6
201500022288,0015-01-06 07:15:00,15,1,6,7,15,670,107,,,,Nuit sans éclairage public,Hors agglomération,Hors intersection,Autre,Deux véhicules - frontale,,,,,,,,,,,3,1,1,9,1
201500022289,0015-01-31 09:45:00,15,1,31,9,45,350,345,4 rue docmael,48.37084,-1.92621,Plein jour,En agglomération,Hors intersection,Neige / grêle,Autre collision,,,,,,,,,,,1,2,1,4,6
201500022290,0015-05-16 16:45:00,15,5,16,16,45,350,85,,48.36342,-1.87672,Plein jour,Hors agglomération,Hors intersection,Normale,Deux véhicules - côté,,,,,,,,,,,1,1,1,1,3
201500022291,0015-06-11 07:00:00,15,6,11,7,0,350,29,Les Rieux,48.47809,-1.73637,Plein jour,Hors agglomération,Hors intersection,Normale,Deux véhicules - côté,,,,,,,,,,,1,1,1,1,3
201500022292,0015-06-28 10:30:00,15,6,28,10,30,350,226,,48.41237,-1.92421,Plein jour,Hors agglomération,Intersection en X,Normale,Trois véhicules et plus - collisions multiples,,,,,,,,,,,1,1,2,1,5
201500022293,0015-09-09 13:15:00,15,9,9,13,15,350,56,le bourg,48.3839,-1.82486,Plein jour,En agglomération,Hors intersection,Normale,Autre collision,,,,,,,,,,,1,2,1,1,6
201500022294,0015-09-11 14:45:00,15,9,11,14,45,350,172,,48.415,-1.83914,Plein jour,Hors agglomération,Intersection en X,Normale,Autre collision,,,,,,,,,,,1,1,2,1,6
201500022295,0015-09-11 14:30:00,15,9,11,14,30,350,226,,48.42791,-1.91027,Plein jour,Hors agglomération,Hors intersection,Normale,Deux véhicules - frontale,,,,,,,,,,,1,1,1,1,1
201500022296,0015-09-16 08:00:00,15,9,16,8,0,350,265,La Marre Hervé,48.36647,-1.86297,Plein jour,Hors agglomération,Hors intersection,Pluie légère,Deux véhicules - côté,,,,,,,,,,,1,1,1,2,3
201500022297,0015-10-09 14:45:00,15,10,9,14,45,350,308,,48.45672,-1.91528,Plein jour,Hors agglomération,Hors intersection,Normale,Deux véhicules - côté,,,,,,,,,,,1,1,1,1,3
201500022298,0015-11-29 06:45:00,15,11,29,6,45,350,265,,48.35553,-1.86746,Crépuscule ou aube,Hors agglomération,Hors intersection,Normale,Sans collision,,,,,,,,,,,2,1,1,1,7
201500022299,0015-03-02 15:45:00,15,3,2,15,45,270,507,Rue d'Osmoy,48.90266,1.2776,Plein jour,En agglomération,Intersection en T,Normale,Deux véhicules - frontale,,,,,,,,,,,1,2,3,1,1
201500022300,0015-03-11 11:30:00,15,3,11,11,30,270,154,,48.86737,1.17741,Plein jour,Hors agglomération,Hors intersection,Normale,Deux véhicules - arrière,,,,,,,,,,,1,1,1,1,2
201500022301,0015-06-18 08:45:00,15,6,18,8,45,270,306,,48.97626,1.19986,Plein jour,Hors agglomération,Hors intersection,Normale,Autre collision,,,,,,,,,,,1,1,1,1,6
201500022302,0015-07-07 18:30:00,15,7,7,18,30,270,301,D547,48.94277,1.19686,Plein jour,En agglomération,Hors intersection,Normale,Deux véhicules - côté,,,,,,,,,,,1,2,1,1,3
201500022303,0015-07-22 17:30:00,15,7,22,17,30,270,621,le buisson messire rober,48.9307,1.33741,Plein jour,En agglomération,Hors intersection,Normale,Autre collision,,,,,,,,,,,1,2,1,1,6
201500022304,0015-09-20 11:45:00,15,9,20,11,45,840,122,BD DU COMTAT VENAISSIN,44.108,4.954,Plein jour,En agglomération,Hors intersection,Normale,Deux véhicules - côté,,,,,,,,,,,1,2,1,1,3
201500022305,0015-01-13 13:45:00,15,1,13,13,45,620,748,,50.95785,2.12639,Plein jour,Hors agglomération,Hors intersection,Pluie forte,Deux véhicules - côté,,,,,,,,,,,1,1,1,3,3
201500022306,0015-02-22 05:00:00,15,2,22,5,0,830,85,,,,Nuit sans éclairage public,Hors agglomération,Hors intersection,Pluie légère,Sans collision,,,,,,,,,,,3,1,1,2,7
201500022307,0015-03-21 14:45:00,15,3,21,14,45,830,134,route de Lorgues,,,Plein jour,En agglomération,Hors intersection,Pluie légère,Deux véhicules - frontale,,,,,,,,,,,1,2,1,2,1
201500022308,0015-04-09 17:45:00,15,4,9,17,45,830,148,chemin du Pommier,43.42595,6.43859,Plein jour,En agglomération,Giratoire,Normale,Deux véhicules - côté,,,,,,,,,,,1,2,6,1,3
201500022309,0015-05-28 06:45:00,15,5,28,6,45,830,86,,,,Plein jour,Hors agglomération,Intersection en T,Normale,Deux véhicules - côté,,,,,,,,,,,1,1,3,1,3
201500022310,0015-07-12 11:45:00,15,7,12,11,45,830,4,,43.46154,6.48879,Plein jour,Hors agglomération,Giratoire,Normale,Autre collision,,,,,,,,,,,1,1,6,1,6
201500022311,0015-07-23 15:45:00,15,7,23,15,45,830,4,,43.45078,6.49552,Plein jour,Hors agglomération,Hors intersection,Normale,Trois véhicules et plus - en chaîne,,,,,,,,,,,1,1,1,1,4
201500022312,0015-07-25 14:00:00,15,7,25,14,0,830,134,,43.4489,6.44052,Plein jour,Hors agglomération,Hors intersection,Normale,Deux véhicules - frontale,,,,,,,,,,,1,1,1,1,1
201500022313,0015-08-13 11:45:00,15,8,13,11,45,830,4,,,,Plein jour,Hors agglomération,Hors intersection,Normale,Autre collision,,,,,,,,,,,1,1,1,1,6
201500022314,0015-09-25 13:45:00,15,9,25,13,45,830,4,,,,Plein jour,Hors agglomération,Hors intersection,Normale,Deux véhicules - frontale,,,,,,,,,,,1,1,1,1,1
201500022315,0015-10-05 17:15:00,15,10,5,17,15,830,86,687 route d'aix,,,Plein jour,En agglomération,Hors intersection,Normale,Trois véhicules et plus - en chaîne,,,,,,,,,,,1,2,1,1,4
201500022316,0015-02-02 14:00:00,15,2,2,14,0,540,432,Rue Albert Martin,,,Plein jour,Hors agglomération,Hors intersection,Temps couvert,Deux véhicules - arrière,,,,,,,,,,,1,1,1,8,2
201500022317,0015-03-30 18:00:00,15,3,30,18,0,540,196,,48.553,6.187,Plein jour,Hors agglomération,Hors intersection,Normale,Deux véhicules - côté,,,,,,,,,,,1,1,1,1,3
201500022318,0015-06-04 14:30:00,15,6,4,14,30,540,513,,48.457,6.128,Plein jour,Hors agglomération,Hors intersection,Normale,Deux véhicules - côté,,,,,,,,,,,1,1,1,1,3
201500022319,0015-06-07 19:45:00,15,6,7,19,45,540,196,,48.5518,6.191,Plein jour,Hors agglomération,Intersection en X,Normale,Deux véhicules - côté,,,,,,,,,,,1,1,2,1,3
201500022320,0015-06-27 00:01:00,15,6,27,0,1,540,235,,48.48745,6.01284,Nuit sans éclairage public,Hors agglomération,Hors intersection,Normale,Sans collision,,,,,,,,,,,3,1,1,1,7
201500022321,0015-07-21 21:45:00,15,7,21,21,45,540,32,Rue du Chateau,,,Plein jour,Hors agglomération,Hors intersection,Normale,Sans collision,,,,,,,,,,,1,1,1,1,7
201500022322,0015-08-11 17:30:00,15,8,11,17,30,540,109,route de tantonville,48.52395,6.15976,Plein jour,En agglomération,Hors intersection,Normale,Deux véhicules - frontale,,,,,,,,,,,1,2,1,1,1
201500022323,0015-09-06 19:45:00,15,9,6,19,45,540,597,,48.436,6.16,Crépuscule ou aube,Hors agglomération,Hors intersection,Normale,Sans collision,,,,,,,,,,,2,1,1,1,7
201500022324,0015-10-03 08:15:00,15,10,3,8,15,540,397,1137 rue pasteur,48.609,6.088,Plein jour,En agglomération,Autre intersection,Normale,Autre collision,,,,,,,,,,,1,2,9,1,6
201500022325,0015-11-06 19:15:00,15,11,6,19,15,540,459,,48.59092,6.16837,Nuit sans éclairage public,Hors agglomération,Hors intersection,Pluie légère,Deux véhicules - côté,,,,,,,,,,,3,1,1,2,3
201500022326,0015-11-11 18:30:00,15,11,11,18,30,540,132,,48.51842,6.14102,Nuit sans éclairage public,Hors agglomération,Hors intersection,Normale,Deux véhicules - frontale,,,,,,,,,,,3,1,1,1,1
201500022327,0015-11-26 20:15:00,15,11,26,20,15,540,397,rue victor hugo,48.027,6.192,Nuit avec éclairage allumé,En agglomération,Hors intersection,Normale,Deux véhicules - frontale,,,,,,,,,,,5,2,1,1,1
201500022328,0015-02-24 18:15:00,15,2,24,18,15,50,79,,44.95625,6.54774,Nuit sans éclairage public,Hors agglomération,Hors intersection,Vent fort / tempête,Deux véhicules - côté,,,,,,,,,,,3,1,1,6,3
201500022329,0015-03-03 21:15:00,15,3,3,21,15,50,174,N 94,44.91375,6.67371,Nuit sans éclairage public,Hors agglomération,Hors intersection,Normale,Deux véhicules - frontale,,,,,,,,,,,3,1,1,1,1
201500022330,0015-10-11 21:45:00,15,10,11,21,45,50,107,,44.86556,6.5998,Nuit sans éclairage public,Hors agglomération,Hors intersection,Normale,Deux véhicules - arrière,,,,,,,,,,,3,1,1,1,2
201500022331,0015-10-11 16:15:00,15,10,11,16,15,50,85,,44.92532,6.69023,Plein jour,Hors agglomération,Hors intersection,Normale,Deux véhicules - côté,,,,,,,,,,,1,1,1,1,3
201500022332,0015-03-18 19:00:00,15,3,18,19,0,550,532,,,,Crépuscule ou aube,Hors agglomération,Hors intersection,Normale,Sans collision,,,,,,,,,,,2,1,1,1,7
201500022333,0015-10-27 18:00:00,15,10,27,18,0,550,414,,,,Crépuscule ou aube,Hors agglomération,Hors intersection,Normale,Trois véhicules et plus - collisions multiples,,,,,,,,,,,2,1,1,1,5
201500022334,0015-11-09 18:00:00,15,11,9,18,0,550,366,,,,Nuit avec éclairage allumé,Hors agglomération,Hors intersection,Normale,Deux véhicules - frontale,,,,,,,,,,,5,1,1,1,1
201500022335,0015-05-24 16:30:00,15,5,24,16,30,670,280,,,,Plein jour,Hors agglomération,Hors intersection,Normale,Deux véhicules - arrière,,,,,,,,,,,1,1,1,1,2
201500022336,0015-07-13 06:45:00,15,7,13,6,45,670,22,route de fouchy,,,Plein jour,En agglomération,Hors intersection,Normale,Autre collision,,,,,,,,,,,1,2,1,1,6
201500022337,0015-09-21 02:00:00,15,9,21,2,0,670,73,,,,Nuit sans éclairage public,Hors agglomération,Hors intersection,Normale,Autre collision,,,,,,,,,,,3,1,1,1,6
201500022338,0015-01-10 15:15:00,15,1,10,15,15,310,483,PHOEBUS GASTON (AVENUE),43.10623,0.72248,Plein jour,En agglomération,Hors intersection,Normale,Deux véhicules - arrière,,,,,,,,,,,1,2,1,1,2
201500022339,0015-03-24 17:30:00,15,3,24,17,30,310,483,"52, JOFFRE (AVENUE DU MA",43.10856,0.71243,Plein jour,En agglomération,Hors intersection,Pluie légère,Deux véhicules - côté,,,,,,,,,,,1,2,1,2,3
201500022340,0015-01-15 10:35:00,15,1,15,10,35,310,483,"13, ENCORE (BOULEVAR D')",43.11488,0.73187,Plein jour,En agglomération,Hors intersection,Normale,Autre collision,,,,,,,,,,,1,2,1,1,6
201500022341,0015-03-30 11:20:00,15,3,30,11,20,310,483,ASTIE PIERRE (RUE),43.10479,0.72664,Plein jour,En agglomération,Intersection en Y,Normale,Deux véhicules - frontale,,,,,,,,,,,1,2,4,1,1
201500022342,0015-01-07 15:35:00,15,1,7,15,35,310,483,"02, MARSOULAS ( RUE DE )",43.10975,0.72921,Plein jour,En agglomération,Hors intersection,Normale,Sans collision,,,,,,,,,,,1,2,1,1,7
201500022343,0015-04-12 19:20:00,15,4,12,19,20,310,483,RTE CAZAUX/BD SOUMES,43.12184,0.72592,Plein jour,En agglomération,Intersection en T,Normale,Sans collision,,,,,,,,,,,1,2,3,1,7
201500022344,0015-02-12 17:20:00,15,2,12,17,20,310,565,D 8/rue hountagnère,43.09665,0.70545,Plein jour,Hors agglomération,Intersection en Y,Normale,Deux véhicules - côté,,,,,,,,,,,1,1,4,1,3
201500022345,0015-04-27 15:30:00,15,4,27,15,30,310,344,ASPET (ROUTE),,,Plein jour,Hors agglomération,Hors intersection,Normale,Sans collision,,,,,,,,,,,1,1,1,1,7
201500022346,0015-02-13 17:00:00,15,2,13,17,0,310,483,"75, JOFFRE (AVENUE DU MA",43.10869,0.71215,Plein jour,En agglomération,Hors intersection,Normale,Autre collision,,,,,,,,,,,1,2,1,1,6
201500022347,0015-04-30 18:35:00,15,4,30,18,35,310,483,GASCOGNE (ALLEE DE ),43.11289,0.72088,Plein jour,En agglomération,Giratoire,Normale,Deux véhicules - côté,,,,,,,,,,,1,2,6,1,3
201500022348,0015-05-07 12:40:00,15,5,7,12,40,310,483,"27, INDEPENDANCE (RUE DE",43.10835,0.71825,Plein jour,En agglomération,Hors intersection,Normale,Deux véhicules - côté,,,,,,,,,,,1,2,1,1,3
201500022349,0015-05-06 11:30:00,15,5,6,11,30,310,483,"100, FRANCOIS MITTERAND",43.11134,0.74028,Plein jour,Hors agglomération,Hors intersection,Normale,Trois véhicules et plus - en chaîne,,,,,,,,,,,1,1,1,1,4
201500022350,0015-05-11 12:05:00,15,5,11,12,5,310,483,BEPMALE JEAN (BOULEVARD),43.10626,0.72213,Plein jour,En agglomération,Hors intersection,Normale,Autre collision,,,,,,,,,,,1,2,1,1,6
201500022351,0015-05-12 15:45:00,15,5,12,15,45,310,483,COMET SIMON (RUE),43.10906,0.72246,Plein jour,En agglomération,Intersection en T,Normale,Autre collision,,,,,,,,,,,1,2,3,1,6