accident_id,datetime,annee,mois,jour,heure,minute,departement,commune_insee,adresse,latitude,longitude,luminosite,agglomeration,intersection,meteo,collision,nb_vehicules,nb_usagers,nb_indemnes,nb_tues,nb_blesses_hosp,nb_blesses_legers,age_cond_1,age_cond_2,veh_type_cond_1,veh_type_cond_2,lum_code,agg_code,int_code,atm_code,col_code
201500022352,0015-05-15 18:30:00,15,5,15,18,30,310,483,MONTAGUT HENRI (AVENUE),43.10811,0.72664,Plein jour,En agglomération,Hors intersection,Normale,Autre collision,,,,,,,,,,,1,2,1,1,6
201500022353,0015-05-17 01:30:00,15,5,17,1,30,310,483,SOUMES (BOULEVARD DU),43.11924,0.72102,Nuit sans éclairage public,En agglomération,Hors intersection,Normale,Autre collision,,,,,,,,,,,3,2,1,1,6
201500022354,0015-06-01 09:55:00,15,6,1,9,55,310,483,BOULOGNE (AVE)/BD GAULLE,43.1093,0.72341,Plein jour,En agglomération,Intersection en T,Normale,Deux véhicules - arrière,,,,,,,,,,,1,2,3,1,2
201500022355,0015-06-01 16:20:00,15,6,1,16,20,310,483,26 GAULLE (BLD CHARLES),43.10928,0.72523,Plein jour,En agglomération,Hors intersection,Normale,Autre collision,,,,,,,,,,,1,2,1,1,6
201500022356,0015-06-08 10:00:00,15,6,8,10,0,310,483,"94, FRANCOIS MITTERAND",43.11121,0.73977,Plein jour,En agglomération,Hors intersection,Normale,Deux véhicules - côté,,,,,,,,,,,1,2,1,1,3
201500022357,0015-06-12 17:35:00,15,6,12,17,35,310,483,"108, FRANCOIS MITTERAND",43.11162,0.74217,Plein jour,En agglomération,Hors intersection,Pluie légère,Autre collision,,,,,,,,,,,1,2,1,2,6
201500022358,0015-07-17 23:55:00,15,7,17,23,55,310,483,SOMMER RAYMOND (BOULEVAR,43.09864,0.70973,Nuit sans éclairage public,En agglomération,Hors intersection,Temps couvert,Sans collision,,,,,,,,,,,3,2,1,8,7
201500022359,0015-07-26 11:30:00,15,7,26,11,30,310,483,SOMMER RAYMOND (BOULEVAR,43.10383,0.7103,Plein jour,En agglomération,Autre intersection,Normale,Deux véhicules - arrière,,,,,,,,,,,1,2,9,1,2
201500022360,0015-07-28 17:20:00,15,7,28,17,20,310,483,DREYFUS RENE ( AVE),43.1105,0.70622,Plein jour,Hors agglomération,Hors intersection,Normale,Autre collision,,,,,,,,,,,1,1,1,1,6
201500022361,0015-07-31 10:40:00,15,7,31,10,40,310,483,ROUTE DE LA SERRE D,43.12131,0.71139,Plein jour,Hors agglomération,Hors intersection,Pluie légère,Autre collision,,,,,,,,,,,1,1,1,2,6
201500022362,0015-08-08 19:28:00,15,8,8,19,28,310,483,BOULOGNE (AVENUE DE),43.11536,0.71714,Plein jour,En agglomération,Intersection en X,Pluie légère,Deux véhicules - côté,,,,,,,,,,,1,2,2,2,3
201500022363,0015-08-11 13:25:00,15,8,11,13,25,310,483,"541, DREYFUS RENE ( AVEN",43.11058,0.70246,Plein jour,En agglomération,Hors intersection,Normale,Autre collision,,,,,,,,,,,1,2,1,1,6
201500022364,0015-08-12 20:00:00,15,8,12,20,0,310,565,BOUT DU PUY (RUE DU),43.09433,0.70924,Plein jour,Hors agglomération,Hors intersection,Normale,Sans collision,,,,,,,,,,,1,1,1,1,7
201500022365,0015-08-18 18:25:00,15,8,18,18,25,310,483,"3411, ROUTE DE LA SERRE",43.14367,0.73807,Plein jour,Hors agglomération,Hors intersection,Pluie légère,Sans collision,,,,,,,,,,,1,1,1,2,7
201500022366,0015-08-31 13:30:00,15,8,31,13,30,310,483,"9, ENCORE (BOULEVAR D')",43.11511,0.73252,Plein jour,En agglomération,Intersection en T,Normale,Deux véhicules - arrière,,,,,,,,,,,1,2,3,1,2
201500022367,0015-09-08 10:00:00,15,9,8,10,0,310,483,"51, JOFFRE (AVE MARECHA",43.10796,0.71587,Plein jour,En agglomération,Intersection en T,Normale,Deux véhicules - arrière,,,,,,,,,,,1,2,3,1,2
201500022368,0015-09-15 09:45:00,15,9,15,9,45,310,483,"22, AZEMAR EUGENE (BOULE",43.10662,0.72093,Plein jour,En agglomération,Hors intersection,Normale,Sans collision,,,,,,,,,,,1,2,1,1,7
201500022369,0015-09-14 18:45:00,15,9,14,18,45,310,483,HUGO VICTOR (RUE),43.10737,0.72379,Plein jour,En agglomération,Intersection en X,Pluie légère,Deux véhicules - côté,,,,,,,,,,,1,2,2,2,3
201500022370,0015-09-18 10:40:00,15,9,18,10,40,310,483,"30, BL WIMILLE/RUE POZZI",43.10805,0.70941,Plein jour,En agglomération,Intersection en T,Normale,Deux véhicules - frontale,,,,,,,,,,,1,2,3,1,1
201500022371,0015-10-07 11:00:00,15,10,7,11,0,310,483,"38, FRANCOIS MITTERAND (",43.10979,0.7314,Plein jour,En agglomération,Intersection en X,Normale,Deux véhicules - frontale,,,,,,,,,,,1,2,2,1,1
201500022372,0015-10-06 12:40:00,15,10,6,12,40,310,344,POINTIS INARD (ROUTE DE),43.09695,0.78261,Plein jour,Hors agglomération,Intersection en T,Normale,Deux véhicules - arrière,,,,,,,,,,,1,1,3,1,2
201500022373,0015-10-16 09:00:00,15,10,16,9,0,310,483,BOULOGNE (AVENUE DE),43.11189,0.72226,Plein jour,En agglomération,Intersection en T,Normale,Deux véhicules - côté,,,,,,,,,,,1,2,3,1,3
201500022374,0015-10-19 18:30:00,15,10,19,18,30,310,483,"5, GASCOGNE (ALLEE DE )",43.11342,0.72153,Plein jour,En agglomération,Hors intersection,Normale,Autre collision,,,,,,,,,,,1,2,1,1,6
201500022375,0015-10-24 15:00:00,15,10,24,15,0,310,483,D921,43.09286,0.724,Plein jour,Hors agglomération,Hors intersection,Normale,Sans collision,,,,,,,,,,,1,1,1,1,7
201500022376,0015-11-02 12:15:00,15,11,2,12,15,310,483,"40, ISLE (AVENUE DE L')",43.11979,0.72577,Plein jour,En agglomération,Hors intersection,Normale,Sans collision,,,,,,,,,,,1,2,1,1,7
201500022377,0015-11-06 12:15:00,15,11,6,12,15,310,483,ROUTE DE LA SERRE DE CAZ,43.1273,0.72445,Plein jour,Hors agglomération,Hors intersection,Normale,Deux véhicules - frontale,,,,,,,,,,,1,1,1,1,1
201500022378,0015-11-09 10:20:00,15,11,9,10,20,310,483,"1, GRAVIERE (CHEMIN DE L",43.10502,0.69674,Plein jour,Hors agglomération,Hors intersection,Normale,Deux véhicules - côté,,,,,,,,,,,1,1,1,1,3
201500022379,0015-11-18 15:45:00,15,11,18,15,45,310,483,ETANCELIN PHILIPPE (RUE),43.10213,0.705,Plein jour,Hors agglomération,Intersection en T,Normale,Deux véhicules - arrière,,,,,,,,,,,1,1,3,1,2
201500022380,0015-12-03 10:15:00,15,12,3,10,15,310,483,ISLE (AVENUE DE L'),43.11292,0.72592,Plein jour,En agglomération,Hors intersection,Normale,Autre collision,,,,,,,,,,,1,2,1,1,6
201500022381,0015-12-09 16:20:00,15,12,9,16,20,310,483,LAVOISIER (RUE),43.10836,0.71671,Plein jour,En agglomération,Intersection en T,Normale,Deux véhicules - côté,,,,,,,,,,,1,2,3,1,3
201500022382,0015-12-11 20:25:00,15,12,11,20,25,310,565,MURAILLETTES (RUE DES),43.09429,0.70944,Nuit avec éclairage allumé,Hors agglomération,Hors intersection,Normale,Autre collision,,,,,,,,,,,5,1,1,1,6
201500022383,0015-12-16 18:55:00,15,12,16,18,55,310,483,BOUERY ANDRE (AVENUE),43.09899,0.73228,Nuit avec éclairage allumé,En agglomération,Hors intersection,Normale,Deux véhicules - arrière,,,,,,,,,,,5,2,1,1,2
201500022384,0015-12-17 15:00:00,15,12,17,15,0,310,483,"17, GAULLE (BOULEVARD CH",43.10892,0.72228,Plein jour,En agglomération,Hors intersection,Normale,Deux véhicules - côté,,,,,,,,,,,1,2,1,1,3
201500022385,0015-05-28 20:15:00,15,5,28,20,15,690,277,rue antoine roybet,,,Plein jour,En agglomération,Hors intersection,Normale,Autre collision,,,,,,,,,,,1,2,1,1,6
201500022386,0015-07-13 19:15:00,15,7,13,19,15,690,285,,,,Plein jour,Hors agglomération,Giratoire,Normale,Trois véhicules et plus - collisions multiples,,,,,,,,,,,1,1,6,1,5
201500022387,0015-07-20 20:45:00,15,7,20,20,45,690,279,place general de gaulle,45.7969,5.04874,Crépuscule ou aube,En agglomération,Place,Normale,Autre collision,,,,,,,,,,,2,2,7,1,6
201500022388,0015-08-04 18:45:00,15,8,4,18,45,690,277,CD 29,,,Plein jour,En agglomération,Hors intersection,Normale,Deux véhicules - frontale,,,,,,,,,,,1,2,1,1,1
201500022389,0015-08-28 13:30:00,15,8,28,13,30,690,277,RUE aNTOINE pINAY,,,Plein jour,En agglomération,Hors intersection,Normale,Deux véhicules - côté,,,,,,,,,,,1,2,1,1,3
201500022390,0015-11-09 16:00:00,15,11,9,16,0,690,277,,,,Plein jour,Hors agglomération,Hors intersection,Normale,Autre collision,,,,,,,,,,,1,1,1,1,6
201500022391,0015-01-02 16:00:00,15,1,2,16,0,310,555,RUE EDMOND ROSTAND,,,Plein jour,En agglomération,Giratoire,Normale,Deux véhicules - côté,,,,,,,,,,,1,2,6,1,3
201500022392,0015-03-18 19:45:00,15,3,18,19,45,310,555,"100, RTE DE LABEGE",,,Nuit avec éclairage allumé,En agglomération,Hors intersection,Normale,Deux véhicules - frontale,,,,,,,,,,,5,2,1,1,1
201500022393,0015-12-31 10:00:00,15,12,31,10,0,310,555,"45, BD LAZARE CARNOT",,,Plein jour,En agglomération,Hors intersection,Pluie légère,Deux véhicules - côté,,,,,,,,,,,1,2,1,2,3
201500022394,0015-01-03 04:45:00,15,1,3,4,45,310,555,RTE DE LAUNAGUET,,,Nuit avec éclairage allumé,En agglomération,Intersection en X,Normale,Autre collision,,,,,,,,,,,5,2,2,1,6
201500022395,0015-03-17 10:00:00,15,3,17,10,0,310,555,"76, RUE DE PERIOLE",,,Plein jour,En agglomération,Hors intersection,Normale,Deux véhicules - frontale,,,,,,,,,,,1,2,1,1,1
201500022396,0015-12-31 09:15:00,15,12,31,9,15,310,557,LECLERC (AV DU GAL),43.57553,1.32848,Plein jour,En agglomération,Hors intersection,Normale,Autre collision,,,,,,,,,,,1,2,1,1,6
201500022397,0015-01-03 18:10:00,15,1,3,18,10,310,555,"999, AV JEAN ZAY",,,Nuit sans éclairage public,En agglomération,Autre intersection,Autre,Deux véhicules - frontale,,,,,,,,,,,3,2,9,9,1
201500022398,0015-03-17 08:30:00,15,3,17,8,30,310,555,"11, CHE DES PRADETTES",,,Plein jour,En agglomération,Hors intersection,Normale,Deux véhicules - arrière,,,,,,,,,,,1,2,1,1,2
201500022399,0015-01-06 16:12:00,15,1,6,16,12,310,555,"999, RUE DES TOURNEURS",,,Plein jour,En agglomération,Hors intersection,Normale,Autre collision,,,,,,,,,,,1,2,1,1,6
201500022400,0015-03-19 01:00:00,15,3,19,1,0,310,555,"999, AV DES MINIMES",,,Nuit avec éclairage allumé,En agglomération,Intersection en X,Normale,Deux véhicules - côté,,,,,,,,,,,5,2,2,1,3
201500022401,0015-01-07 07:35:00,15,1,7,7,35,310,555,"999, AV DE LA GLOIRE",,,Crépuscule ou aube,En agglomération,Hors intersection,Normale,Autre collision,,,,,,,,,,,2,2,1,1,6
201500022402,0015-03-16 19:35:00,15,3,16,19,35,310,557,LARDENNE (AVDE)/MONTAGNE,43.58993,1.3698,Nuit avec éclairage allumé,En agglomération,Intersection en T,Normale,Deux véhicules - frontale,,,,,,,,,,,5,2,3,1,1
201500022403,0015-01-07 18:55:00,15,1,7,18,55,310,555,VA007342 LA CEPIERE A620,43.5916,1.39871,Nuit avec éclairage allumé,Hors agglomération,Hors intersection,Normale,Trois véhicules et plus - en chaîne,,,,,,,,,,,5,1,1,1,4
201500022404,0015-03-19 09:50:00,15,3,19,9,50,310,555,"25, URSS (AV DE L) DU 1A",,,Plein jour,En agglomération,Hors intersection,Normale,Autre collision,,,,,,,,,,,1,2,1,1,6
201500022405,0015-01-08 10:25:00,15,1,8,10,25,310,555,VA007554 LASBORDES A61 S,,,Plein jour,Hors agglomération,Hors intersection,Normale,Deux véhicules - côté,,,,,,,,,,,1,1,1,1,3
201500022406,0015-03-19 09:50:00,15,3,19,9,50,310,555,"63 Bis, MURET (AV DE) DU",,,Plein jour,En agglomération,Intersection en T,Normale,Autre collision,,,,,,,,,,,1,2,3,1,6
201500022407,0015-01-07 19:00:00,15,1,7,19,0,310,149,ORMEAU (CHEMIN DE L),43.61697,1.32999,Nuit sans éclairage public,En agglomération,Hors intersection,Autre,Autre collision,,,,,,,,,,,3,2,1,9,6
201500022408,0015-03-21 12:10:00,15,3,21,12,10,310,555,"999, BD LASCROSSES",,,Plein jour,En agglomération,Hors intersection,Normale,Deux véhicules - côté,,,,,,,,,,,1,2,1,1,3
201500022409,0015-01-08 05:45:00,15,1,8,5,45,310,69,FIL D'ARIANE (RD902),43.6495,1.36555,Nuit avec éclairage non allumé,En agglomération,Hors intersection,Brouillard / fumée,Deux véhicules - arrière,,,,,,,,,,,4,2,1,5,2
201500022410,0015-03-22 07:00:00,15,3,22,7,0,310,555,"2, AV JEAN RIEUX",,,Crépuscule ou aube,En agglomération,Hors intersection,Pluie forte,Deux véhicules - arrière,,,,,,,,,,,2,2,1,3,2
201500022411,0015-01-08 06:50:00,15,1,8,6,50,310,555,VA007456 SESQUIERES A620,,,Nuit avec éclairage allumé,Hors agglomération,Hors intersection,Brouillard / fumée,Autre collision,,,,,,,,,,,5,1,1,5,6
201500022412,0015-03-21 23:40:00,15,3,21,23,40,310,555,"999, BD DES MINIMES",,,Nuit avec éclairage allumé,En agglomération,Hors intersection,Pluie légère,Autre collision,,,,,,,,,,,5,2,1,2,6
201500022413,0015-01-08 12:30:00,15,1,8,12,30,310,69,ZOLA (ALL EMILE),43.64367,1.37076,Plein jour,En agglomération,Hors intersection,Normale,Deux véhicules - côté,,,,,,,,,,,1,2,1,1,3
201500022414,0015-03-22 11:10:00,15,3,22,11,10,310,555,19 LE PALAYS (PEAGE SUD),,,Plein jour,Hors agglomération,Hors intersection,Pluie légère,Sans collision,,,,,,,,,,,1,1,1,2,7
201500022415,0015-01-08 23:53:00,15,1,8,23,53,310,555,"97, BD DE SUISSE",,,Nuit avec éclairage allumé,En agglomération,Intersection en X,Normale,Deux véhicules - côté,,,,,,,,,,,5,2,2,1,3
201500022416,0015-03-23 18:20:00,15,3,23,18,20,310,555,"43, GARROS/MONTMORENCY",,,Plein jour,En agglomération,Intersection en T,Normale,Deux véhicules - côté,,,,,,,,,,,1,2,3,1,3
201500022417,0015-01-09 16:10:00,15,1,9,16,10,310,555,"3, AV ARTHUR HUC",,,Plein jour,En agglomération,Hors intersection,Normale,Deux véhicules - côté,,,,,,,,,,,1,2,1,1,3
201500022418,0015-03-25 19:45:00,15,3,25,19,45,310,555,RTE DE LAUNAGUET,,,Nuit avec éclairage allumé,En agglomération,Intersection en T,Normale,Deux véhicules - côté,,,,,,,,,,,5,2,3,1,3
201500022419,0015-01-12 15:15:00,15,1,12,15,15,310,555,VA007331 A620,,,Plein jour,Hors agglomération,Hors intersection,Normale,Deux véhicules - arrière,,,,,,,,,,,1,1,1,1,2
201500022420,0015-03-26 08:05:00,15,3,26,8,5,310,555,"999, VITET (rue Louis) d",,,Plein jour,Hors agglomération,Hors intersection,Normale,Sans collision,,,,,,,,,,,1,1,1,1,7
201500022421,0015-01-13 09:50:00,15,1,13,9,50,310,555,"6, RUE ALAIN FOURNIER",,,Plein jour,En agglomération,Hors intersection,Normale,Autre collision,,,,,,,,,,,1,2,1,1,6
201500022422,0015-03-26 18:05:00,15,3,26,18,5,310,555,"5, BONNAT (RUE) DU 1AU 1",,,Crépuscule ou aube,En agglomération,Hors intersection,Normale,Autre collision,,,,,,,,,,,2,2,1,1,6
201500022423,0015-01-13 17:25:00,15,1,13,17,25,310,555,"161, RTE D ALBI",,,Plein jour,En agglomération,Hors intersection,Normale,Trois véhicules et plus - collisions multiples,,,,,,,,,,,1,2,1,1,5
201500022424,0015-03-27 08:25:00,15,3,27,8,25,310,555,"999, SAINT SAUVEUR (PORT",,,Plein jour,Hors agglomération,Hors intersection,Normale,Deux véhicules - côté,,,,,,,,,,,1,1,1,1,3
201500022425,0015-01-15 12:40:00,15,1,15,12,40,310,555,"66, AV DES ETATS UNIS",,,Plein jour,En agglomération,Hors intersection,Normale,Deux véhicules - frontale,,,,,,,,,,,1,2,1,1,1
201500022426,0015-03-27 20:45:00,15,3,27,20,45,310,555,"999, RTE D AGDE",,,Nuit avec éclairage allumé,En agglomération,Hors intersection,Normale,Deux véhicules - côté,,,,,,,,,,,5,2,1,1,3
201500022427,0015-01-14 22:40:00,15,1,14,22,40,310,555,"999, AV M BOURGES MAUNOU",,,Nuit avec éclairage allumé,En agglomération,Hors intersection,Normale,Autre collision,,,,,,,,,,,5,2,1,1,6
201500022428,0015-03-27 16:40:00,15,3,27,16,40,310,555,CHE DU CHATEAU DE L HERS,,,Plein jour,En agglomération,Intersection en T,Normale,Autre collision,,,,,,,,,,,1,2,3,1,6
201500022429,0015-01-15 09:25:00,15,1,15,9,25,310,555,"16 BIS, AV EDOUARD BELIN",,,Plein jour,En agglomération,Hors intersection,Normale,Deux véhicules - côté,,,,,,,,,,,1,2,1,1,3
201500022430,0015-03-28 12:35:00,15,3,28,12,35,310,555,"999, RUE DES ARCS SAINT",,,Plein jour,En agglomération,Hors intersection,Normale,Deux véhicules - côté,,,,,,,,,,,1,2,1,1,3
201500022431,0015-01-13 10:40:00,15,1,13,10,40,310,555,"999, RUE DE PERIOLE",,,Plein jour,En agglomération,Hors intersection,Normale,Deux véhicules - côté,,,,,,,,,,,1,2,1,1,3
201500022432,0015-03-28 14:00:00,15,3,28,14,0,310,555,"70, AV DE GRANDE BRETAGN",,,Plein jour,Hors agglomération,Hors intersection,Normale,Autre collision,,,,,,,,,,,1,1,1,1,6
201500022433,0015-01-15 08:20:00,15,1,15,8,20,310,555,VA007604 DEMOISELLESA620,43.5702,1.47757,Plein jour,Hors agglomération,Hors intersection,Pluie légère,Deux véhicules - arrière,,,,,,,,,,,1,1,1,2,2
201500022434,0015-03-28 22:05:00,15,3,28,22,5,310,555,"999, RUE DE METZ",,,Nuit avec éclairage allumé,En agglomération,Hors intersection,Normale,Deux véhicules - côté,,,,,,,,,,,5,2,1,1,3
201500022435,0015-01-15 08:10:00,15,1,15,8,10,310,555,"81, BD DELTOUR",,,Plein jour,En agglomération,Hors intersection,Normale,Deux véhicules - arrière,,,,,,,,,,,1,2,1,1,2
201500022436,0015-03-29 11:05:00,15,3,29,11,5,310,555,"999, BOULINGRIN (ROND PO",,,Plein jour,En agglomération,Hors intersection,Normale,Deux véhicules - frontale,,,,,,,,,,,1,2,1,1,1
201500022437,0015-01-15 17:10:00,15,1,15,17,10,310,555,"999, ALL JULES GUESDE",,,Plein jour,En agglomération,Hors intersection,Normale,Deux véhicules - arrière,,,,,,,,,,,1,2,1,1,2
201500022438,0015-03-26 21:20:00,15,3,26,21,20,310,557,"3, HAUT SAUT (CH DE L')",43.56251,1.33878,Nuit avec éclairage allumé,En agglomération,Hors intersection,Normale,Deux véhicules - arrière,,,,,,,,,,,5,2,1,1,2
201500022439,0015-01-15 18:05:00,15,1,15,18,5,310,555,VA007566 MONTAUDRAN A61,,,Nuit sans éclairage public,Hors agglomération,Hors intersection,Normale,Deux véhicules - arrière,,,,,,,,,,,3,1,1,1,2
201500022440,0015-03-31 07:40:00,15,3,31,7,40,310,149,RN124,,,Plein jour,En agglomération,Hors intersection,Normale,Deux véhicules - arrière,,,,,,,,,,,1,2,1,1,2
201500022441,0015-01-15 18:50:00,15,1,15,18,50,310,555,VA007355 PURPAN A620 Sor,,,Nuit avec éclairage allumé,Hors agglomération,Hors intersection,Normale,Autre collision,,,,,,,,,,,5,1,1,1,6
201500022442,0015-04-02 08:15:00,15,4,2,8,15,310,555,"21, RUE PAUL VALERY",,,Plein jour,En agglomération,Hors intersection,Normale,Deux véhicules - côté,,,,,,,,,,,1,2,1,1,3
201500022443,0015-01-17 16:00:00,15,1,17,16,0,310,555,"0, AV JEAN RIEUX",,,Plein jour,En agglomération,Hors intersection,Normale,Deux véhicules - côté,,,,,,,,,,,1,2,1,1,3
201500022444,0015-04-02 15:50:00,15,4,2,15,50,310,555,"180, AV DE CASTRES",,,Plein jour,En agglomération,Hors intersection,Normale,Deux véhicules - arrière,,,,,,,,,,,1,2,1,1,2
201500022445,0015-01-18 12:55:00,15,1,18,12,55,310,555,"999, PL DU DR JOSEPH BAY",,,Plein jour,En agglomération,Hors intersection,Normale,Autre collision,,,,,,,,,,,1,2,1,1,6
201500022446,0015-04-02 08:35:00,15,4,2,8,35,310,555,"999, RUE LUDWIG VAN BEET",,,Plein jour,En agglomération,Hors intersection,Normale,Deux véhicules - frontale,,,,,,,,,,,1,2,1,1,1
201500022447,0015-01-18 00:15:00,15,1,18,0,15,310,555,"999, BD DES CRETES",,,Nuit avec éclairage allumé,En agglomération,Hors intersection,Pluie légère,Sans collision,,,,,,,,,,,5,2,1,2,7
201500022448,0015-04-04 08:15:00,15,4,4,8,15,310,555,"129, RUE PIERRE CAZENEUV",,,Plein jour,En agglomération,Hors intersection,Normale,Sans collision,,,,,,,,,,,1,2,1,1,7
201500022449,0015-01-19 14:35:00,15,1,19,14,35,310,555,"999, BD DE STRASBOURG",,,Plein jour,En agglomération,Hors intersection,Pluie légère,Deux véhicules - arrière,,,,,,,,,,,1,2,1,2,2
201500022450,0015-04-04 08:55:00,15,4,4,8,55,310,555,"46, RUE DE NEGRENEYS",,,Plein jour,En agglomération,Hors intersection,Normale,Autre collision,,,,,,,,,,,1,2,1,1,6
201500022451,0015-01-15 09:05:00,15,1,15,9,5,310,555,ALL DU LT LUCIEN LAFAY,,,Plein jour,En agglomération,Hors intersection,Normale,Deux véhicules - côté,,,,,,,,,,,1,2,1,1,3
201500022452,0015-04-04 16:00:00,15,4,4,16,0,310,555,"61, AV JULES JULIEN",,,Plein jour,En agglomération,Hors intersection,Normale,Deux véhicules - côté,,,,,,,,,,,1,2,1,1,3
201500022453,0015-01-21 05:50:00,15,1,21,5,50,310,555,VA007331 A620,43.5833,1.40358,Plein jour,Hors agglomération,Hors intersection,Normale,Deux véhicules - arrière,,,,,,,,,,,1,1,1,1,2
201500022454,0015-04-04 19:50:00,15,4,4,19,50,310,555,"204, RTE D ALBI",,,Plein jour,En agglomération,Hors intersection,Normale,Deux véhicules - arrière,,,,,,,,,,,1,2,1,1,2
201500022455,0015-01-20 09:05:00,15,1,20,9,5,310,555,RD901,,,Plein jour,En agglomération,Hors intersection,Normale,Deux véhicules - arrière,,,,,,,,,,,1,2,1,1,2
201500022456,0015-04-05 05:00:00,15,4,5,5,0,310,149,"39, HUGO (BLD VICTOR)",43.61769,1.31605,Nuit avec éclairage allumé,En agglomération,Hors intersection,Normale,Autre collision,,,,,,,,,,,5,2,1,1,6
201500022457,0015-01-20 11:15:00,15,1,20,11,15,310,555,"8, GRANDE RUE SAINT MICH",,,Plein jour,En agglomération,Hors intersection,Normale,Deux véhicules - côté,,,,,,,,,,,1,2,1,1,3
201500022458,0015-04-07 17:00:00,15,4,7,17,0,310,555,"13, RUE ALFRED NOBEL",,,Plein jour,En agglomération,Hors intersection,Normale,Deux véhicules - frontale,,,,,,,,,,,1,2,1,1,1
201500022459,0015-01-20 17:55:00,15,1,20,17,55,310,555,VA007333 LAFAOURETTEA620,43.5831,1.40372,Nuit avec éclairage allumé,Hors agglomération,Hors intersection,Normale,Deux véhicules - côté,,,,,,,,,,,5,1,1,1,3
201500022460,0015-04-07 18:35:00,15,4,7,18,35,310,555,"190, RTE DE LAUNAGUET",,,Plein jour,En agglomération,Hors intersection,Normale,Deux véhicules - côté,,,,,,,,,,,1,2,1,1,3
201500022461,0015-01-21 07:20:00,15,1,21,7,20,310,555,"999, AV DU PR JOSEPH DUC",,,Nuit sans éclairage public,En agglomération,Hors intersection,Normale,Deux véhicules - côté,,,,,,,,,,,3,2,1,1,3
201500022462,0015-04-08 08:00:00,15,4,8,8,0,310,555,VA007306 A64,,,Plein jour,Hors agglomération,Hors intersection,Normale,Deux véhicules - côté,,,,,,,,,,,1,1,1,1,3
201500022463,0015-01-21 08:50:00,15,1,21,8,50,310,555,"0, CHE DE LA TERRASSE",,,Plein jour,En agglomération,Hors intersection,Normale,Autre collision,,,,,,,,,,,1,2,1,1,6
201500022464,0015-04-08 09:35:00,15,4,8,9,35,310,555,19 LE PALAYS (PEAGE SUD),,,Plein jour,Hors agglomération,Hors intersection,Normale,Deux véhicules - arrière,,,,,,,,,,,1,1,1,1,2
201500022465,0015-01-21 11:40:00,15,1,21,11,40,310,555,"999, BD PIERRE PAUL RIQU",,,Plein jour,En agglomération,Hors intersection,Normale,Deux véhicules - arrière,,,,,,,,,,,1,2,1,1,2
201500022466,0015-04-07 11:45:00,15,4,7,11,45,310,69,DEBAX (RUE FELIX),43.63217,1.39883,Plein jour,En agglomération,Hors intersection,Normale,Autre collision,,,,,,,,,,,1,2,1,1,6
201500022467,0015-01-21 18:05:00,15,1,21,18,5,310,69,27 DE GAULLE (AV DU GAL),43.64068,1.37945,Nuit avec éclairage allumé,En agglomération,Hors intersection,Normale,Deux véhicules - côté,,,,,,,,,,,5,2,1,1,3
201500022468,0015-04-07 19:25:00,15,4,7,19,25,310,555,"999, CHE DE LESTANG",,,Plein jour,En agglomération,Hors intersection,Normale,Deux véhicules - côté,,,,,,,,,,,1,2,1,1,3
201500022469,0015-01-21 00:40:00,15,1,21,0,40,310,555,"58, ALL DES DEMOISELLES",,,Plein jour,En agglomération,Intersection en T,Normale,Deux véhicules - côté,,,,,,,,,,,1,2,3,1,3
201500022470,0015-04-08 15:30:00,15,4,8,15,30,310,149,"41, MONNET (AVENUE JEAN)",43.62591,1.34668,Plein jour,En agglomération,Hors intersection,Normale,Deux véhicules - arrière,,,,,,,,,,,1,2,1,1,2
201500022471,0015-01-24 18:20:00,15,1,24,18,20,310,69,FIL D'ARIANE (RD902),,,Plein jour,En agglomération,Hors intersection,Normale,Sans collision,,,,,,,,,,,1,2,1,1,7
201500022472,0015-04-09 13:05:00,15,4,9,13,5,310,555,"15, RUE JEAN AICARD",,,Plein jour,En agglomération,Hors intersection,Normale,Autre collision,,,,,,,,,,,1,2,1,1,6
201500022473,0015-01-25 01:15:00,15,1,25,1,15,310,555,"999, BD LAZARE CARNOT",,,Plein jour,En agglomération,Hors intersection,Normale,Deux véhicules - arrière,,,,,,,,,,,1,2,1,1,2
201500022474,0015-04-08 12:50:00,15,4,8,12,50,310,149,allée blaise pascal,43.61441,1.30672,Plein jour,En agglomération,Hors intersection,Normale,Deux véhicules - frontale,,,,,,,,,,,1,2,1,1,1
201500022475,0015-01-26 07:45:00,15,1,26,7,45,310,555,"119, AV DE FRONTON",,,Plein jour,En agglomération,Hors intersection,Normale,Deux véhicules - côté,,,,,,,,,,,1,2,1,1,3
201500022476,0015-04-09 14:25:00,15,4,9,14,25,310,555,VA007539 LA ROSERAIE A61,,,Plein jour,Hors agglomération,Hors intersection,Normale,Trois véhicules et plus - en chaîne,,,,,,,,,,,1,1,1,1,4
201500022477,0015-01-26 08:05:00,15,1,26,8,5,310,555,"999, AV JEAN RIEUX",,,Plein jour,En agglomération,Hors intersection,Normale,Deux véhicules - frontale,,,,,,,,,,,1,2,1,1,1
201500022478,0015-04-09 21:20:00,15,4,9,21,20,310,555,"55, BD DES MINIMES",,,Nuit avec éclairage allumé,En agglomération,Hors intersection,Normale,Autre collision,,,,,,,,,,,5,2,1,1,6
201500022479,0015-01-26 17:30:00,15,1,26,17,30,310,555,VA007333LA FAOURETTEA620,43.5838,1.40324,Nuit avec éclairage allumé,Hors agglomération,Hors intersection,Normale,Deux véhicules - côté,,,,,,,,,,,5,1,1,1,3