accident_id,datetime,annee,mois,jour,heure,minute,departement,commune_insee,adresse,latitude,longitude,luminosite,agglomeration,intersection,meteo,collision,nb_vehicules,nb_usagers,nb_indemnes,nb_tues,nb_blesses_hosp,nb_blesses_legers,age_cond_1,age_cond_2,veh_type_cond_1,veh_type_cond_2,lum_code,agg_code,int_code,atm_code,col_code
201500022480,0015-04-10 11:20:00,15,4,10,11,20,310,555,"999, AV LOUIS BAZERQUE",,,Plein jour,En agglomération,Hors intersection,Normale,Deux véhicules - arrière,,,,,,,,,,,1,2,1,1,2
201500022481,0015-01-21 11:45:00,15,1,21,11,45,310,555,"999, RUE HENRI DESBALS",,,Plein jour,En agglomération,Hors intersection,Normale,Deux véhicules - frontale,,,,,,,,,,,1,2,1,1,1
201500022482,0015-04-10 11:41:00,15,4,10,11,41,310,555,"21, BD SILVIO TRENTIN",,,Plein jour,En agglomération,Hors intersection,Normale,Autre collision,,,,,,,,,,,1,2,1,1,6
201500022483,0015-01-26 19:15:00,15,1,26,19,15,310,149,21 SALVETAT (CH DE LA),43.60395,1.30652,Nuit avec éclairage allumé,En agglomération,Hors intersection,Normale,Deux véhicules - côté,,,,,,,,,,,5,2,1,1,3
201500022484,0015-04-10 17:35:00,15,4,10,17,35,310,555,"3, NARBONNE (ROUTE DE)",,,Plein jour,En agglomération,Hors intersection,Normale,Deux véhicules - côté,,,,,,,,,,,1,2,1,1,3
201500022485,0015-01-29 01:25:00,15,1,29,1,25,310,555,"999, BD LASCROSSES",,,Nuit avec éclairage allumé,En agglomération,Hors intersection,Normale,Autre collision,,,,,,,,,,,5,2,1,1,6
201500022486,0015-04-10 09:50:00,15,4,10,9,50,310,555,"999, AV JEAN CHAUBET",,,Plein jour,En agglomération,Hors intersection,Normale,Deux véhicules - côté,,,,,,,,,,,1,2,1,1,3
201500022487,0015-01-30 00:55:00,15,1,30,0,55,310,555,"999, RTE DE BLAGNAC",,,Nuit avec éclairage allumé,En agglomération,Hors intersection,Pluie légère,Deux véhicules - frontale,,,,,,,,,,,5,2,1,2,1
201500022488,0015-04-12 02:10:00,15,4,12,2,10,310,557,"26, AURIOL (BD VINCENT)",43.58686,1.34864,Nuit avec éclairage allumé,En agglomération,Hors intersection,Normale,Deux véhicules - côté,,,,,,,,,,,5,2,1,1,3
201500022489,0015-01-30 02:30:00,15,1,30,2,30,310,555,"999, BD DE STRASBOURG",,,Nuit sans éclairage public,En agglomération,Hors intersection,Normale,Autre collision,,,,,,,,,,,3,2,1,1,6
201500022490,0015-04-12 12:30:00,15,4,12,12,30,310,555,"151, AV JEAN CHAUBET",,,Plein jour,En agglomération,Hors intersection,Normale,Autre collision,,,,,,,,,,,1,2,1,1,6
201500022491,0015-01-29 11:50:00,15,1,29,11,50,310,555,"15, RUE DE L UKRAINE",,,Plein jour,En agglomération,Hors intersection,Normale,Autre collision,,,,,,,,,,,1,2,1,1,6
201500022492,0015-04-12 14:30:00,15,4,12,14,30,310,149,BRUNAUD/ADER (AVE),43.61507,1.34625,Plein jour,En agglomération,Intersection en T,Normale,Deux véhicules - côté,,,,,,,,,,,1,2,3,1,3
201500022493,0015-01-30 20:15:00,15,1,30,20,15,310,555,"43, AV DES ETATS UNIS",,,Nuit avec éclairage allumé,En agglomération,Hors intersection,Autre,Sans collision,,,,,,,,,,,5,2,1,9,7
201500022494,0015-04-13 15:45:00,15,4,13,15,45,310,557,INDUSTRIE (33 BD DE L'),43.58877,1.31133,Plein jour,En agglomération,Hors intersection,Normale,Autre collision,,,,,,,,,,,1,2,1,1,6
201500022495,0015-02-01 07:50:00,15,2,1,7,50,310,555,"999, BD LAZARE CARNOT",,,Crépuscule ou aube,En agglomération,Hors intersection,Pluie légère,Sans collision,,,,,,,,,,,2,2,1,2,7
201500022496,0015-04-15 05:38:00,15,4,15,5,38,310,555,"54, AV CRAMPEL",,,Nuit avec éclairage allumé,En agglomération,Hors intersection,Normale,Deux véhicules - frontale,,,,,,,,,,,5,2,1,1,1
201500022497,0015-02-01 09:36:00,15,2,1,9,36,310,555,VA007440 LES MINIMES,43.6242,1.41792,Plein jour,Hors agglomération,Hors intersection,Pluie légère,Autre collision,,,,,,,,,,,1,1,1,2,6
201500022498,0015-04-15 10:43:00,15,4,15,10,43,310,555,"15, BD D ARCOLE",,,Plein jour,En agglomération,Hors intersection,Normale,Autre collision,,,,,,,,,,,1,2,1,1,6
201500022499,0015-02-01 13:15:00,15,2,1,13,15,310,555,"999, RUE LOUIS PLANA",,,Plein jour,En agglomération,Hors intersection,Normale,Autre collision,,,,,,,,,,,1,2,1,1,6
201500022500,0015-04-15 20:30:00,15,4,15,20,30,310,555,"376, SAINT SIMON (RTE DE",,,Plein jour,En agglomération,Intersection en T,Normale,Deux véhicules - côté,,,,,,,,,,,1,2,3,1,3
201500022501,0015-01-29 18:36:00,15,1,29,18,36,310,69,11 SOEURS (CH DES),43.63109,1.39508,Plein jour,En agglomération,Hors intersection,Normale,Autre collision,,,,,,,,,,,1,2,1,1,6
201500022502,0015-04-15 20:30:00,15,4,15,20,30,310,149,"58, SALVETAT (CHEMIN DE",43.6022,1.30151,Nuit avec éclairage allumé,En agglomération,Hors intersection,Normale,Deux véhicules - frontale,,,,,,,,,,,5,2,1,1,1
201500022503,0015-02-02 09:05:00,15,2,2,9,5,310,555,"999, RUE DU PONT GUILHEM",,,Plein jour,En agglomération,Hors intersection,Normale,Sans collision,,,,,,,,,,,1,2,1,1,7
201500022504,0015-04-17 11:20:00,15,4,17,11,20,310,69,"10, AUVERGNE (RUE D')",43.63222,1.38701,Plein jour,En agglomération,Hors intersection,Normale,Deux véhicules - côté,,,,,,,,,,,1,2,1,1,3
201500022505,0015-02-04 11:45:00,15,2,4,11,45,310,555,"999, AV JEAN DAGNAUX",,,Plein jour,En agglomération,Intersection en X,Normale,Deux véhicules - côté,,,,,,,,,,,1,2,2,1,3
201500022506,0015-04-18 00:01:00,15,4,18,0,1,310,555,"36, SAINT SAUVEUR (PORT)",,,Nuit avec éclairage allumé,En agglomération,Hors intersection,Normale,Deux véhicules - côté,,,,,,,,,,,5,2,1,1,3
201500022507,0015-02-05 14:35:00,15,2,5,14,35,310,555,"999, RUE DE CHAUSSAS",,,Plein jour,En agglomération,Hors intersection,Normale,Autre collision,,,,,,,,,,,1,2,1,1,6
201500022508,0015-04-19 22:53:00,15,4,19,22,53,310,555,"999, AV YVES BRUNAUD",,,Nuit avec éclairage allumé,En agglomération,Intersection en X,Normale,Deux véhicules - côté,,,,,,,,,,,5,2,2,1,3
201500022509,0015-02-06 13:50:00,15,2,6,13,50,310,555,VA008493 LA CRABE A624 S,43.61082,1.37654,Plein jour,Hors agglomération,Hors intersection,Neige / grêle,Deux véhicules - arrière,,,,,,,,,,,1,1,1,4,2
201500022510,0015-04-20 06:25:00,15,4,20,6,25,310,555,"999, VA007418 PONT JUMEA",,,Nuit avec éclairage allumé,Hors agglomération,Hors intersection,Normale,Deux véhicules - frontale,,,,,,,,,,,5,1,1,1,1
201500022511,0015-02-07 12:30:00,15,2,7,12,30,310,555,"999, AV HONORE SERRES",,,Plein jour,En agglomération,Hors intersection,Normale,Autre collision,,,,,,,,,,,1,2,1,1,6
201500022512,0015-04-17 06:35:00,15,4,17,6,35,310,557,DE GAULLE/ST PIERRE,43.5846,1.32536,Nuit avec éclairage allumé,En agglomération,Giratoire,Normale,Sans collision,,,,,,,,,,,5,2,6,1,7
201500022513,0015-02-09 16:45:00,15,2,9,16,45,310,555,RUE DU PONT GUILHEMERY,,,Plein jour,En agglomération,Intersection en X,Normale,Autre collision,,,,,,,,,,,1,2,2,1,6
201500022514,0015-04-20 11:50:00,15,4,20,11,50,310,555,"15, IMP BARTHERE",,,Plein jour,En agglomération,Hors intersection,Normale,Autre collision,,,,,,,,,,,1,2,1,1,6
201500022515,0015-02-11 08:00:00,15,2,11,8,0,310,555,"1, PL DOMINIQUE MARTIN D",,,Plein jour,En agglomération,Hors intersection,Normale,Autre collision,,,,,,,,,,,1,2,1,1,6
201500022516,0015-04-21 18:40:00,15,4,21,18,40,310,555,"999, AV M BOURGES MAUNOU",,,Plein jour,En agglomération,Hors intersection,Normale,Deux véhicules - frontale,,,,,,,,,,,1,2,1,1,1
201500022517,0015-02-10 18:20:00,15,2,10,18,20,310,149,2 bd ingres (jean augus),43.59826,1.3523,Crépuscule ou aube,En agglomération,Hors intersection,Normale,Deux véhicules - arrière,,,,,,,,,,,2,2,1,1,2
201500022518,0015-04-21 19:00:00,15,4,21,19,0,310,555,VA007440LES MINIMES A620,43.6242,1.4179,Plein jour,Hors agglomération,Hors intersection,Normale,Deux véhicules - arrière,,,,,,,,,,,1,1,1,1,2
201500022519,0015-02-12 09:25:00,15,2,12,9,25,310,149,BLD PAUL VALERY,43.59535,1.34383,Plein jour,En agglomération,Hors intersection,Normale,Sans collision,,,,,,,,,,,1,2,1,1,7
201500022520,0015-04-22 08:20:00,15,4,22,8,20,310,555,"999, CHE DE CHANTELLE",,,Plein jour,En agglomération,Hors intersection,Normale,Deux véhicules - côté,,,,,,,,,,,1,2,1,1,3
201500022521,0015-02-12 18:05:00,15,2,12,18,5,310,69,SAVOIE (RUE)CORBIERES,43.62964,1.38435,Crépuscule ou aube,En agglomération,Intersection en Y,Normale,Deux véhicules - côté,,,,,,,,,,,2,2,4,1,3
201500022522,0015-04-22 06:20:00,15,4,22,6,20,310,555,"48, AGDE (RTE D) DU 1AU",,,Nuit avec éclairage allumé,En agglomération,Hors intersection,Normale,Autre collision,,,,,,,,,,,5,2,1,1,6
201500022523,0015-02-12 15:15:00,15,2,12,15,15,310,555,"7, BD LASCROSSES",,,Plein jour,En agglomération,Hors intersection,Normale,Autre collision,,,,,,,,,,,1,2,1,1,6
201500022524,0015-04-25 14:15:00,15,4,25,14,15,310,555,14 CROIX DAURADE (PERIPH,,,Plein jour,Hors agglomération,Hors intersection,Normale,Sans collision,,,,,,,,,,,1,1,1,1,7
201500022525,0015-02-13 10:50:00,15,2,13,10,50,310,555,VA007553 A61,,,Plein jour,Hors agglomération,Hors intersection,Normale,Deux véhicules - arrière,,,,,,,,,,,1,1,1,1,2
201500022526,0015-04-24 05:30:00,15,4,24,5,30,310,555,RD901,,,Nuit avec éclairage allumé,En agglomération,Hors intersection,Normale,Deux véhicules - côté,,,,,,,,,,,5,2,1,1,3
201500022527,0015-02-15 07:40:00,15,2,15,7,40,310,555,"26, ALL DES FOULQUES",,,Crépuscule ou aube,En agglomération,Hors intersection,Pluie légère,Autre collision,,,,,,,,,,,2,2,1,2,6
201500022528,0015-04-25 17:20:00,15,4,25,17,20,310,555,VA008482 A624,43.6066,1.39168,Plein jour,Hors agglomération,Hors intersection,Temps couvert,Sans collision,,,,,,,,,,,1,1,1,8,7
201500022529,0015-02-16 14:30:00,15,2,16,14,30,310,555,"110, BD SILVIO TRENTIN",,,Plein jour,En agglomération,Hors intersection,Normale,Deux véhicules - côté,,,,,,,,,,,1,2,1,1,3
201500022530,0015-04-27 08:10:00,15,4,27,8,10,310,555,"388, AV DES ETATS UNIS",,,Plein jour,En agglomération,Hors intersection,Normale,Deux véhicules - arrière,,,,,,,,,,,1,2,1,1,2
201500022531,0015-02-18 13:50:00,15,2,18,13,50,310,555,"123, RTE D ALBI",,,Plein jour,En agglomération,Hors intersection,Normale,Sans collision,,,,,,,,,,,1,2,1,1,7
201500022532,0015-04-27 21:45:00,15,4,27,21,45,310,555,"29, RUE DU LOT",,,Nuit avec éclairage allumé,En agglomération,Hors intersection,Pluie légère,Autre collision,,,,,,,,,,,5,2,1,2,6
201500022533,0015-02-18 14:10:00,15,2,18,14,10,310,555,"999, RUE MARCEL LOUBENS",,,Plein jour,En agglomération,Hors intersection,Normale,Deux véhicules - frontale,,,,,,,,,,,1,2,1,1,1
201500022534,0015-04-05 16:30:00,15,4,5,16,30,310,555,"999, ALL JULES GUESDE",,,Plein jour,En agglomération,Hors intersection,Normale,Autre collision,,,,,,,,,,,1,2,1,1,6
201500022535,0015-02-18 20:20:00,15,2,18,20,20,310,555,VA007331 A620,43.5688,1.41537,Nuit avec éclairage allumé,Hors agglomération,Hors intersection,Normale,Deux véhicules - côté,,,,,,,,,,,5,1,1,1,3
201500022536,0015-04-28 13:15:00,15,4,28,13,15,310,555,"999, ROND POINT PIERRE D",,,Plein jour,En agglomération,Giratoire,Normale,Sans collision,,,,,,,,,,,1,2,6,1,7
201500022537,0015-02-18 15:15:00,15,2,18,15,15,310,555,AV JEAN CHAUBET,,,Plein jour,En agglomération,Intersection en X,Normale,Deux véhicules - côté,,,,,,,,,,,1,2,2,1,3
201500022538,0015-04-28 17:07:00,15,4,28,17,7,310,555,"118, AV DE LARDENNE",,,Plein jour,En agglomération,Hors intersection,Normale,Deux véhicules - frontale,,,,,,,,,,,1,2,1,1,1
201500022539,0015-02-19 09:25:00,15,2,19,9,25,310,555,BD SUISSE/POLITKOVSKAIA,,,Plein jour,En agglomération,Intersection en T,Normale,Deux véhicules - côté,,,,,,,,,,,1,2,3,1,3
201500022540,0015-04-28 17:50:00,15,4,28,17,50,310,555,"15, RUE THEODORE OZENNE",,,Plein jour,En agglomération,Hors intersection,Normale,Deux véhicules - côté,,,,,,,,,,,1,2,1,1,3
201500022541,0015-02-15 01:45:00,15,2,15,1,45,310,555,"., RUE GABRIEL PERI",,,Nuit avec éclairage allumé,En agglomération,Intersection en Y,Pluie forte,Deux véhicules - côté,,,,,,,,,,,5,2,4,3,3
201500022542,0015-04-27 11:30:00,15,4,27,11,30,310,555,"999, RUE DE METZ",,,Plein jour,En agglomération,Hors intersection,Normale,Deux véhicules - arrière,,,,,,,,,,,1,2,1,1,2
201500022543,0015-02-19 16:50:00,15,2,19,16,50,310,149,BD GENERAL DE GAULLE,43.6103,1.32851,Plein jour,En agglomération,Hors intersection,Normale,Autre collision,,,,,,,,,,,1,2,1,1,6
201500022544,0015-04-29 13:00:00,15,4,29,13,0,310,555,"999, RUE LOUIS BONIN",,,Plein jour,En agglomération,Hors intersection,Normale,Sans collision,,,,,,,,,,,1,2,1,1,7
201500022545,0015-02-23 17:50:00,15,2,23,17,50,310,555,"999, AV JEAN CHAUBET",,,Plein jour,En agglomération,Hors intersection,Normale,Trois véhicules et plus - collisions multiples,,,,,,,,,,,1,2,1,1,5
201500022546,0015-04-28 12:45:00,15,4,28,12,45,310,555,VA007313LE CHAPITRE,,,Plein jour,Hors agglomération,Intersection en T,Normale,Deux véhicules - côté,,,,,,,,,,,1,1,3,1,3
201500022547,0015-02-20 22:05:00,15,2,20,22,5,310,555,"., PL DU PONT NEUF",,,Nuit sans éclairage public,En agglomération,Hors intersection,Normale,Deux véhicules - côté,,,,,,,,,,,3,2,1,1,3
201500022548,0015-04-28 19:20:00,15,4,28,19,20,310,555,"32, RUE DU FAUBOURG BONN",,,Plein jour,En agglomération,Hors intersection,Normale,Deux véhicules - frontale,,,,,,,,,,,1,2,1,1,1
201500022549,0015-02-22 22:20:00,15,2,22,22,20,310,555,"., CHE DES HERBETTES",,,Plein jour,En agglomération,Intersection en X,Normale,Deux véhicules - côté,,,,,,,,,,,1,2,2,1,3
201500022550,0015-04-30 16:15:00,15,4,30,16,15,310,555,"105, RUE SAINT ROCH",,,Plein jour,En agglomération,Hors intersection,Normale,Deux véhicules - côté,,,,,,,,,,,1,2,1,1,3
201500022551,0015-02-24 02:05:00,15,2,24,2,5,310,555,RUE DU DR LOUIS SANIERES,,,Nuit avec éclairage allumé,En agglomération,Hors intersection,Normale,Sans collision,,,,,,,,,,,5,2,1,1,7
201500022552,0015-04-30 19:30:00,15,4,30,19,30,310,555,AV DE GRANDE BRETAGNE,,,Plein jour,En agglomération,Hors intersection,Normale,Deux véhicules - arrière,,,,,,,,,,,1,2,1,1,2
201500022553,0015-02-24 11:00:00,15,2,24,11,0,310,555,"91, RUE DU FAUBOURG BONN",,,Plein jour,En agglomération,Hors intersection,Pluie légère,Autre collision,,,,,,,,,,,1,2,1,2,6
201500022554,0015-05-01 13:50:00,15,5,1,13,50,310,555,"999, AV CRAMPEL",,,Plein jour,En agglomération,Intersection en T,Pluie légère,Deux véhicules - côté,,,,,,,,,,,1,2,3,2,3
201500022555,0015-02-24 17:20:00,15,2,24,17,20,310,69,"1, BRASSENS (PL GEORGES)",43.64892,1.37509,Plein jour,En agglomération,Hors intersection,Normale,Autre collision,,,,,,,,,,,1,2,1,1,6
201500022556,0015-05-01 19:30:00,15,5,1,19,30,310,555,"999, RTE DE LAUNAGUET",,,Plein jour,En agglomération,Hors intersection,Normale,Deux véhicules - côté,,,,,,,,,,,1,2,1,1,3
201500022557,0015-02-25 12:30:00,15,2,25,12,30,310,149,ingres (auguste),43.5931,1.3473,Plein jour,En agglomération,Hors intersection,Pluie forte,Sans collision,,,,,,,,,,,1,2,1,3,7
201500022558,0015-05-02 10:24:00,15,5,2,10,24,310,555,"999, 33 B SESQUIERES  (P",,,Plein jour,En agglomération,Hors intersection,Normale,Deux véhicules - côté,,,,,,,,,,,1,2,1,1,3
201500022559,0015-02-26 07:45:00,15,2,26,7,45,310,555,VA007473 A62,,,Plein jour,Hors agglomération,Hors intersection,Pluie forte,Deux véhicules - côté,,,,,,,,,,,1,1,1,3,3
201500022560,0015-05-02 13:00:00,15,5,2,13,0,310,555,"999, BD DES MINIMES",,,Plein jour,En agglomération,Intersection en T,Normale,Deux véhicules - côté,,,,,,,,,,,1,2,3,1,3
201500022561,0015-02-26 23:15:00,15,2,26,23,15,310,555,"31, RUE DE L ORIENT",,,Nuit avec éclairage allumé,En agglomération,Hors intersection,Normale,Deux véhicules - côté,,,,,,,,,,,5,2,1,1,3
201500022562,0015-05-03 08:05:00,15,5,3,8,5,310,555,BD DE LA MARQUETTE,,,Plein jour,En agglomération,Hors intersection,Normale,Deux véhicules - arrière,,,,,,,,,,,1,2,1,1,2
201500022563,0015-02-25 16:30:00,15,2,25,16,30,310,149,GASCOGNE (BOULEVARD=,43.60858,1.3268,Plein jour,En agglomération,Hors intersection,Pluie forte,Deux véhicules - côté,,,,,,,,,,,1,2,1,3,3
201500022564,0015-04-30 08:35:00,15,4,30,8,35,310,149,RN124,43.60603,1.30568,Plein jour,En agglomération,Hors intersection,Normale,Autre collision,,,,,,,,,,,1,2,1,1,6
201500022565,0015-02-26 12:40:00,15,2,26,12,40,310,149,"12, MARCEL DASSAULT (BLD",43.61384,1.3412,Plein jour,En agglomération,Hors intersection,Normale,Sans collision,,,,,,,,,,,1,2,1,1,7
201500022566,0015-05-04 17:00:00,15,5,4,17,0,310,555,"201, RTE DE REVEL",,,Plein jour,En agglomération,Hors intersection,Normale,Deux véhicules - côté,,,,,,,,,,,1,2,1,1,3
201500022567,0015-02-27 08:00:00,15,2,27,8,0,310,555,"999, RUE RENE CASSIN",,,Plein jour,En agglomération,Hors intersection,Normale,Autre collision,,,,,,,,,,,1,2,1,1,6
201500022568,0015-05-04 18:25:00,15,5,4,18,25,310,555,"., CHE DE LESTANG",,,Plein jour,En agglomération,Intersection en T,Normale,Autre collision,,,,,,,,,,,1,2,3,1,6
201500022569,0015-01-27 14:20:00,15,1,27,14,20,310,555,"999, AV DU PR JEAN POULH",,,Plein jour,En agglomération,Hors intersection,Normale,Deux véhicules - côté,,,,,,,,,,,1,2,1,1,3
201500022570,0015-05-04 16:33:00,15,5,4,16,33,310,149,"15, OOCITANIE (ALLEE D')",43.61028,1.33361,Plein jour,En agglomération,Hors intersection,Normale,Deux véhicules - frontale,,,,,,,,,,,1,2,1,1,1
201500022571,0015-02-27 14:20:00,15,2,27,14,20,310,555,AV DU PR JEAN POULH,43.5577,1.45316,Plein jour,En agglomération,Hors intersection,Normale,Deux véhicules - côté,,,,,,,,,,,1,2,1,1,3
201500022572,0015-02-28 07:50:00,15,2,28,7,50,310,555,VA007342 LA CEPIERE A620,43.5917,1.39867,Plein jour,Hors agglomération,Hors intersection,Normale,Sans collision,,,,,,,,,,,1,1,1,1,7
201500022573,0015-05-04 06:35:00,15,5,4,6,35,310,555,"999, BD LASCROSSES",,,Crépuscule ou aube,En agglomération,Hors intersection,Normale,Deux véhicules - côté,,,,,,,,,,,2,2,1,1,3
201500022574,0015-03-01 00:05:00,15,3,1,0,5,310,555,"999, CHE DE TUCAUT",,,Nuit avec éclairage non allumé,En agglomération,Hors intersection,Pluie légère,Deux véhicules - côté,,,,,,,,,,,4,2,1,2,3
201500022575,0015-05-06 17:05:00,15,5,6,17,5,310,555,"317, SEYSSES (RTE DE) DU",,,Plein jour,En agglomération,Hors intersection,Normale,Autre collision,,,,,,,,,,,1,2,1,1,6
201500022576,0015-03-03 12:00:00,15,3,3,12,0,310,555,"40, ALL JEAN JAURES",,,Plein jour,En agglomération,Hors intersection,Normale,Deux véhicules - côté,,,,,,,,,,,1,2,1,1,3
201500022577,0015-05-06 15:25:00,15,5,6,15,25,310,555,"40, AV JEAN ZAY",,,Plein jour,En agglomération,Hors intersection,Temps couvert,Deux véhicules - côté,,,,,,,,,,,1,2,1,8,3
201500022578,0015-03-03 09:45:00,15,3,3,9,45,310,555,"52, AV DE LARDENNE",,,Plein jour,En agglomération,Hors intersection,Normale,Deux véhicules - frontale,,,,,,,,,,,1,2,1,1,1
201500022579,0015-05-09 23:50:00,15,5,9,23,50,310,555,BD DELTOUR,,,Nuit avec éclairage allumé,En agglomération,Intersection en X,Normale,Deux véhicules - côté,,,,,,,,,,,5,2,2,1,3
201500022580,0015-03-04 09:10:00,15,3,4,9,10,310,557,"94, MARQUISAT (AV DU)",43.57257,1.34044,Plein jour,En agglomération,Hors intersection,Pluie forte,Deux véhicules - côté,,,,,,,,,,,1,2,1,3,3
201500022581,0015-05-09 18:30:00,15,5,9,18,30,310,555,"999, BD ANDRE NETWILLER",,,Plein jour,En agglomération,Hors intersection,Normale,Deux véhicules - arrière,,,,,,,,,,,1,2,1,1,2
201500022582,0015-05-09 21:30:00,15,5,9,21,30,310,555,"999, RTE DE BAYONNE",,,Plein jour,En agglomération,Hors intersection,Normale,Sans collision,,,,,,,,,,,1,2,1,1,7
201500022583,0015-03-06 13:30:00,15,3,6,13,30,310,557,"22, AURIOL (BD VINCENT)",43.58675,1.34846,Plein jour,En agglomération,Hors intersection,Normale,Trois véhicules et plus - en chaîne,,,,,,,,,,,1,2,1,1,4
201500022584,0015-03-06 08:40:00,15,3,6,8,40,310,149,"5, SERRES (AVE EDOUARD)",43.612,1.35227,Plein jour,En agglomération,Hors intersection,Normale,Deux véhicules - côté,,,,,,,,,,,1,2,1,1,3
201500022585,0015-05-07 21:10:00,15,5,7,21,10,310,555,"81, AV DU LAURAGAIS",,,Nuit avec éclairage allumé,En agglomération,Hors intersection,Normale,Deux véhicules - côté,,,,,,,,,,,5,2,1,1,3
201500022586,0015-03-06 14:20:00,15,3,6,14,20,310,555,"999, BD LAZARE CARNOT",,,Plein jour,En agglomération,Intersection en T,Normale,Deux véhicules - côté,,,,,,,,,,,1,2,3,1,3
201500022587,0015-05-10 00:08:00,15,5,10,0,8,310,555,"999, RTE DE LABEGE",,,Nuit avec éclairage allumé,En agglomération,Intersection en X,Normale,Deux véhicules - côté,,,,,,,,,,,5,2,2,1,3
201500022588,0015-02-28 14:40:00,15,2,28,14,40,310,557,"15, AURIOL (BD VINCENT)",43.58607,1.34757,Plein jour,En agglomération,Hors intersection,Normale,Trois véhicules et plus - en chaîne,,,,,,,,,,,1,2,1,1,4
201500022589,0015-05-10 08:40:00,15,5,10,8,40,310,555,"1, MINIMES (BD DES) DU 1",,,Plein jour,Hors agglomération,Hors intersection,Normale,Deux véhicules - côté,,,,,,,,,,,1,1,1,1,3
201500022590,0015-03-06 03:00:00,15,3,6,3,0,310,555,"82, RUE DES TROENES",,,Nuit avec éclairage allumé,En agglomération,Hors intersection,Normale,Autre collision,,,,,,,,,,,5,2,1,1,6
201500022591,0015-05-09 12:05:00,15,5,9,12,5,310,555,"136, ALBI (RTE D) DU 1AU",,,Plein jour,En agglomération,Intersection en T,Temps éblouissant,Deux véhicules - côté,,,,,,,,,,,1,2,3,7,3
201500022592,0015-03-07 22:15:00,15,3,7,22,15,310,555,"26, RTE DE NARBONNE",,,Nuit avec éclairage allumé,En agglomération,Hors intersection,Normale,Deux véhicules - côté,,,,,,,,,,,5,2,1,1,3
201500022593,0015-05-06 16:30:00,15,5,6,16,30,310,555,"258, AV DE MURET",,,Plein jour,En agglomération,Hors intersection,Normale,Autre collision,,,,,,,,,,,1,2,1,1,6
201500022594,0015-03-07 22:30:00,15,3,7,22,30,310,555,AV PIERRE G LATECOERE,,,Nuit sans éclairage public,Hors agglomération,Hors intersection,Normale,Autre collision,,,,,,,,,,,3,1,1,1,6
201500022595,0015-05-07 18:40:00,15,5,7,18,40,310,555,"161, RUE NICOLAS L VAUQU",,,Plein jour,En agglomération,Hors intersection,Normale,Autre collision,,,,,,,,,,,1,2,1,1,6
201500022596,0015-03-08 16:35:00,15,3,8,16,35,310,555,"18, AV M BOURGES MAUNOUR",,,Plein jour,En agglomération,Hors intersection,Normale,Deux véhicules - frontale,,,,,,,,,,,1,2,1,1,1
201500022597,0015-05-12 08:55:00,15,5,12,8,55,310,555,"265, CASTRES (AV DE) DU",,,Plein jour,En agglomération,Intersection en T,Normale,Deux véhicules - côté,,,,,,,,,,,1,2,3,1,3
201500022598,0015-03-10 05:45:00,15,3,10,5,45,310,555,"118, RTE DE NARBONNE",,,Nuit avec éclairage allumé,En agglomération,Hors intersection,Normale,Deux véhicules - côté,,,,,,,,,,,5,2,1,1,3
201500022599,0015-05-12 09:08:00,15,5,12,9,8,310,555,CHE BERNARD SARRETTE,,,Plein jour,En agglomération,Intersection en T,Normale,Sans collision,,,,,,,,,,,1,2,3,1,7
201500022600,0015-03-10 07:10:00,15,3,10,7,10,310,555,"47, RTE D ESPAGNE",,,Plein jour,En agglomération,Hors intersection,Normale,Deux véhicules - côté,,,,,,,,,,,1,2,1,1,3
201500022601,0015-05-12 13:20:00,15,5,12,13,20,310,555,"29, ALL DE BRIENNE",,,Plein jour,En agglomération,Hors intersection,Normale,Deux véhicules - côté,,,,,,,,,,,1,2,1,1,3
201500022602,0015-03-10 13:25:00,15,3,10,13,25,310,555,"201, RTE DE REVEL",,,Plein jour,En agglomération,Hors intersection,Normale,Deux véhicules - arrière,,,,,,,,,,,1,2,1,1,2
201500022603,0015-05-12 21:30:00,15,5,12,21,30,310,555,"68, BD MATABIAU",,,Nuit avec éclairage allumé,En agglomération,Hors intersection,Normale,Deux véhicules - côté,,,,,,,,,,,5,2,1,1,3
201500022604,0015-03-10 14:00:00,15,3,10,14,0,310,69,GRENADE (ROUTE DE),43.62557,1.39348,Plein jour,En agglomération,Hors intersection,Normale,Deux véhicules - arrière,,,,,,,,,,,1,2,1,1,2
201500022605,0015-05-12 19:31:00,15,5,12,19,31,310,69,BRASSENS (AV GEORGE,43.64676,1.36885,Plein jour,En agglomération,Hors intersection,Normale,Deux véhicules - frontale,,,,,,,,,,,1,2,1,1,1
201500022606,0015-03-10 18:05:00,15,3,10,18,5,310,555,"55, BD LAZARE CARNOT",,,Plein jour,En agglomération,Hors intersection,Normale,Deux véhicules - côté,,,,,,,,,,,1,2,1,1,3
201500022607,0015-05-13 23:00:00,15,5,13,23,0,310,555,"24, BD LASCROSSES",,,Nuit avec éclairage allumé,En agglomération,Hors intersection,Normale,Deux véhicules - arrière,,,,,,,,,,,5,2,1,1,2
201500022608,0015-03-13 15:25:00,15,3,13,15,25,310,555,"1, PAS JEAN LAPAYRE",,,Plein jour,En agglomération,Hors intersection,Pluie légère,Autre collision,,,,,,,,,,,1,2,1,2,6
201500022609,0015-05-11 12:40:00,15,5,11,12,40,310,557,980.2  (ROC ARC EN CIEL),43.585,1.3626,Plein jour,Hors agglomération,Hors intersection,Normale,Deux véhicules - arrière,,,,,,,,,,,1,1,1,1,2