accident_id,datetime,annee,mois,jour,heure,minute,departement,commune_insee,adresse,latitude,longitude,luminosite,agglomeration,intersection,meteo,collision,nb_vehicules,nb_usagers,nb_indemnes,nb_tues,nb_blesses_hosp,nb_blesses_legers,age_cond_1,age_cond_2,veh_type_cond_1,veh_type_cond_2,lum_code,agg_code,int_code,atm_code,col_code
201500022610,0015-03-13 23:00:00,15,3,13,23,0,310,555,AV HONORE SERRES,,,Nuit avec éclairage allumé,En agglomération,Intersection en T,Normale,Deux véhicules - côté,,,,,,,,,,,5,2,3,1,3
201500022611,0015-05-15 11:47:00,15,5,15,11,47,310,555,"29 BIS, AV M BOURGES MAU",,,Plein jour,En agglomération,Hors intersection,Pluie légère,Deux véhicules - arrière,,,,,,,,,,,1,2,1,2,2
201500022612,0015-03-14 05:05:00,15,3,14,5,5,310,555,"20, BD PIERRE PAUL RIQUE",,,Plein jour,En agglomération,Hors intersection,Normale,Autre collision,,,,,,,,,,,1,2,1,1,6
201500022613,0015-05-15 07:20:00,15,5,15,7,20,310,555,"999, CHE DE CROIX BENITE",,,Crépuscule ou aube,En agglomération,Intersection en X,Pluie légère,Deux véhicules - côté,,,,,,,,,,,2,2,2,2,3
201500022614,0015-03-06 19:30:00,15,3,6,19,30,310,555,"64, AV DES MINIMES",43.619,1.43639,Nuit avec éclairage allumé,En agglomération,Hors intersection,Normale,Deux véhicules - côté,,,,,,,,,,,5,2,1,1,3
201500022615,0015-05-17 02:40:00,15,5,17,2,40,310,555,VA008482 A624,43.6101,1.38567,Nuit avec éclairage allumé,Hors agglomération,Hors intersection,Normale,Sans collision,,,,,,,,,,,5,1,1,1,7
201500022616,0015-05-17 19:56:00,15,5,17,19,56,310,69,"23, MOULIN DE NAUDIN (CH",43.65139,1.38621,Plein jour,En agglomération,Hors intersection,Normale,Deux véhicules - arrière,,,,,,,,,,,1,2,1,1,2
201500022617,0015-05-18 08:40:00,15,5,18,8,40,310,555,PONT PIERRE DE COUBERTIN,,,Plein jour,En agglomération,Hors intersection,Normale,Trois véhicules et plus - en chaîne,,,,,,,,,,,1,2,1,1,4
201500022618,0015-05-18 18:46:00,15,5,18,18,46,310,557,"22, AURIOL (BD VINCENT)",43.58715,1.34909,Plein jour,En agglomération,Hors intersection,Normale,Deux véhicules - arrière,,,,,,,,,,,1,2,1,1,2
201500022619,0015-05-18 09:15:00,15,5,18,9,15,310,555,"999, AV DES ETATS UNIS",,,Plein jour,En agglomération,Intersection en T,Normale,Deux véhicules - arrière,,,,,,,,,,,1,2,3,1,2
201500022620,0015-05-07 17:30:00,15,5,7,17,30,310,555,VA008432 LANGLADE A620,43.5688,1.42121,Plein jour,Hors agglomération,Hors intersection,Normale,Deux véhicules - arrière,,,,,,,,,,,1,1,1,1,2
201500022621,0015-05-19 08:25:00,15,5,19,8,25,310,555,SESQUIERES,43.6514,1.42296,Plein jour,Hors agglomération,Hors intersection,Normale,Sans collision,,,,,,,,,,,1,1,1,1,7
201500022622,0015-05-19 18:45:00,15,5,19,18,45,310,555,QU SAINT PIERRE,,,Plein jour,En agglomération,Hors intersection,Temps couvert,Autre collision,,,,,,,,,,,1,2,1,8,6
201500022623,0015-05-19 13:00:00,15,5,19,13,0,310,69,A621 ST MICHEL DU TOUCH,43.6216,1.39303,Plein jour,Hors agglomération,Hors intersection,Normale,Deux véhicules - arrière,,,,,,,,,,,1,1,1,1,2
201500022624,0015-05-19 05:00:00,15,5,19,5,0,310,555,"999, RTE D ESPAGNE",,,Plein jour,En agglomération,Hors intersection,Temps couvert,Trois véhicules et plus - en chaîne,,,,,,,,,,,1,2,1,8,4
201500022625,0015-05-21 13:20:00,15,5,21,13,20,310,555,"8, BONREPOS (BD DE) DU 1",,,Plein jour,En agglomération,Hors intersection,Normale,Deux véhicules - côté,,,,,,,,,,,1,2,1,1,3
201500022626,0015-05-21 15:55:00,15,5,21,15,55,310,555,VA007456 SESQUIERES A620,43.6513,1.42293,Plein jour,Hors agglomération,Hors intersection,Normale,Deux véhicules - arrière,,,,,,,,,,,1,1,1,1,2
201500022627,0015-05-21 22:30:00,15,5,21,22,30,310,555,"999, ALL JEAN JAURES",,,Nuit avec éclairage allumé,En agglomération,Intersection en T,Normale,Autre collision,,,,,,,,,,,5,2,3,1,6
201500022628,0015-05-22 03:40:00,15,5,22,3,40,310,555,"27, BD DE LA GARE",,,Nuit avec éclairage allumé,En agglomération,Hors intersection,Normale,Autre collision,,,,,,,,,,,5,2,1,1,6
201500022629,0015-05-23 18:40:00,15,5,23,18,40,310,555,"61, RUE DE LA FAOURETTE",,,Plein jour,En agglomération,Hors intersection,Normale,Autre collision,,,,,,,,,,,1,2,1,1,6
201500022630,0015-05-23 18:45:00,15,5,23,18,45,310,555,"65, AV DES MINIMES",,,Plein jour,En agglomération,Hors intersection,Normale,Deux véhicules - côté,,,,,,,,,,,1,2,1,1,3
201500022631,0015-05-26 12:45:00,15,5,26,12,45,310,555,"999, RTE D ALBI",,,Plein jour,En agglomération,Hors intersection,Normale,Deux véhicules - côté,,,,,,,,,,,1,2,1,1,3
201500022632,0015-05-26 10:00:00,15,5,26,10,0,310,555,"19, REVEL (RTE DE) DU 1A",,,Plein jour,En agglomération,Hors intersection,Normale,Trois véhicules et plus - en chaîne,,,,,,,,,,,1,2,1,1,4
201500022633,0015-05-26 13:20:00,15,5,26,13,20,310,555,15 LA ROSERAIE (PERIPH),,,Plein jour,Hors agglomération,Hors intersection,Normale,Deux véhicules - arrière,,,,,,,,,,,1,1,1,1,2
201500022634,0015-05-26 18:15:00,15,5,26,18,15,310,557,"50-52, PETIT TRAIN (RUE)",43.57919,1.32626,Plein jour,En agglomération,Hors intersection,Normale,Deux véhicules - arrière,,,,,,,,,,,1,2,1,1,2
201500022635,0015-05-27 09:00:00,15,5,27,9,0,310,555,"999, RTE D ESPAGNE",,,Plein jour,En agglomération,Hors intersection,Normale,Deux véhicules - arrière,,,,,,,,,,,1,2,1,1,2
201500022636,0015-05-27 18:15:00,15,5,27,18,15,310,555,"10, RUE CHARLES GARNIER",,,Plein jour,En agglomération,Hors intersection,Normale,Autre collision,,,,,,,,,,,1,2,1,1,6
201500022637,0015-05-23 18:40:00,15,5,23,18,40,310,555,ROND POINT JEAN PETIT,,,Plein jour,En agglomération,Hors intersection,Normale,Deux véhicules - côté,,,,,,,,,,,1,2,1,1,3
201500022638,0015-05-28 09:10:00,15,5,28,9,10,310,557,MARQUISAT/LAC,43.57325,1.34171,Plein jour,En agglomération,Intersection en T,Normale,Deux véhicules - arrière,,,,,,,,,,,1,2,3,1,2
201500022639,0015-05-28 08:30:00,15,5,28,8,30,310,555,VA007331 A620,43.638,1.42101,Plein jour,Hors agglomération,Hors intersection,Normale,Deux véhicules - arrière,,,,,,,,,,,1,1,1,1,2
201500022640,0015-05-28 12:15:00,15,5,28,12,15,310,555,RTE DE LAUNAGUET,,,Plein jour,En agglomération,Hors intersection,Normale,Autre collision,,,,,,,,,,,1,2,1,1,6
201500022641,0015-05-29 08:20:00,15,5,29,8,20,310,555,"151, AV DE LESPINET",,,Plein jour,En agglomération,Hors intersection,Normale,Deux véhicules - côté,,,,,,,,,,,1,2,1,1,3
201500022642,0015-05-29 08:00:00,15,5,29,8,0,310,555,"999, PONT NEUF",,,Plein jour,En agglomération,Hors intersection,Normale,Deux véhicules - côté,,,,,,,,,,,1,2,1,1,3
201500022643,0015-05-29 19:25:00,15,5,29,19,25,310,69,D2/RUE GINESTET,43.627,1.39234,Plein jour,En agglomération,Intersection en T,Pluie légère,Deux véhicules - côté,,,,,,,,,,,1,2,3,2,3
201500022644,0015-05-31 13:45:00,15,5,31,13,45,310,149,"42, MONNET (AVENUE JEAN)",43.62976,1.34515,Plein jour,En agglomération,Hors intersection,Normale,Sans collision,,,,,,,,,,,1,2,1,1,7
201500022645,0015-05-30 19:50:00,15,5,30,19,50,310,555,"27, RUE VESTREPAIN",,,Plein jour,En agglomération,Hors intersection,Normale,Autre collision,,,,,,,,,,,1,2,1,1,6
201500022646,0015-06-01 09:05:00,15,6,1,9,5,310,555,"237, SAINT EXUPERY (AV A",,,Plein jour,En agglomération,Hors intersection,Normale,Autre collision,,,,,,,,,,,1,2,1,1,6
201500022647,0015-06-01 17:10:00,15,6,1,17,10,310,555,"8, GONIN (RUE CLAUDE) DU",,,Plein jour,En agglomération,Hors intersection,Normale,Autre collision,,,,,,,,,,,1,2,1,1,6
201500022648,0015-06-01 19:40:00,15,6,1,19,40,310,555,"117, VESTREPAIN (RUE) DU",,,Plein jour,En agglomération,Hors intersection,Normale,Deux véhicules - frontale,,,,,,,,,,,1,2,1,1,1
201500022649,0015-06-03 07:00:00,15,6,3,7,0,310,555,"135, CHE DE GINESTOUS",,,Plein jour,En agglomération,Hors intersection,Normale,Deux véhicules - arrière,,,,,,,,,,,1,2,1,1,2
201500022650,0015-06-04 17:10:00,15,6,4,17,10,310,555,"22, AV HENRI GUILLAUMET",,,Plein jour,En agglomération,Hors intersection,Normale,Autre collision,,,,,,,,,,,1,2,1,1,6
201500022651,0015-06-04 12:00:00,15,6,4,12,0,310,555,"355, AV DES ETATS UNIS",,,Plein jour,En agglomération,Hors intersection,Normale,Deux véhicules - arrière,,,,,,,,,,,1,2,1,1,2
201500022652,0015-06-04 12:40:00,15,6,4,12,40,310,555,"999, RUE CLAUDE MARIE PE",,,Plein jour,En agglomération,Intersection en T,Normale,Deux véhicules - côté,,,,,,,,,,,1,2,3,1,3
201500022653,0015-06-05 17:50:00,15,6,5,17,50,310,555,BD SILVIO TRENTIN,,,Plein jour,En agglomération,Hors intersection,Normale,Trois véhicules et plus - en chaîne,,,,,,,,,,,1,2,1,1,4
201500022654,0015-06-05 15:25:00,15,6,5,15,25,310,555,VA007493 LES IZARDS A62,,,Plein jour,Hors agglomération,Hors intersection,Normale,Trois véhicules et plus - collisions multiples,,,,,,,,,,,1,1,1,1,5
201500022655,0015-06-07 14:30:00,15,6,7,14,30,310,555,"999, AV DE GRANDE BRETAG",,,Plein jour,En agglomération,Hors intersection,Normale,Sans collision,,,,,,,,,,,1,2,1,1,7
201500022656,0015-06-08 05:50:00,15,6,8,5,50,310,555,"999, RUE DE QUEVEN",,,Plein jour,En agglomération,Intersection en T,Normale,Autre collision,,,,,,,,,,,1,2,3,1,6
201500022657,0015-06-08 08:05:00,15,6,8,8,5,310,69,BRASSENS (AV GEORGES),43.64868,1.37229,Plein jour,En agglomération,Intersection en X,Normale,Deux véhicules - côté,,,,,,,,,,,1,2,2,1,3
201500022658,0015-06-08 22:20:00,15,6,8,22,20,310,555,"94, NARBONNE (ROUTE DE)",,,Nuit avec éclairage allumé,En agglomération,Hors intersection,Pluie légère,Deux véhicules - arrière,,,,,,,,,,,5,2,1,2,2
201500022659,0015-06-09 17:55:00,15,6,9,17,55,310,69,"7, BRASSENS (AV GEORGES)",,,Plein jour,En agglomération,Hors intersection,Normale,Deux véhicules - frontale,,,,,,,,,,,1,2,1,1,1
201500022660,0015-06-09 16:20:00,15,6,9,16,20,310,555,"23/25, BD RICHARD WAGNER",,,Plein jour,En agglomération,Hors intersection,Normale,Trois véhicules et plus - en chaîne,,,,,,,,,,,1,2,1,1,4
201500022661,0015-06-10 19:25:00,15,6,10,19,25,310,555,"15, RUE D ARLES",,,Plein jour,En agglomération,Hors intersection,Normale,Autre collision,,,,,,,,,,,1,2,1,1,6
201500022662,0015-06-11 07:45:00,15,6,11,7,45,310,555,"999, AV SALVADOR ALLENDE",,,Plein jour,En agglomération,Intersection en T,Normale,Autre collision,,,,,,,,,,,1,2,3,1,6
201500022663,0015-06-11 19:35:00,15,6,11,19,35,310,555,"38, RUE DU FAUBOURG BONN",,,Plein jour,En agglomération,Hors intersection,Normale,Deux véhicules - côté,,,,,,,,,,,1,2,1,1,3
201500022664,0015-06-13 14:20:00,15,6,13,14,20,310,555,"261, CASTRES (AV DE) DU",,,Plein jour,En agglomération,Hors intersection,Normale,Deux véhicules - arrière,,,,,,,,,,,1,2,1,1,2
201500022665,0015-06-12 13:00:00,15,6,12,13,0,310,149,RN124,43.60607,1.33809,Plein jour,Hors agglomération,Hors intersection,Normale,Trois véhicules et plus - en chaîne,,,,,,,,,,,1,1,1,1,4
201500022666,0015-06-12 11:45:00,15,6,12,11,45,310,149,RN124,43.60685,1.32802,Plein jour,En agglomération,Hors intersection,Normale,Trois véhicules et plus - en chaîne,,,,,,,,,,,1,2,1,1,4
201500022667,0015-06-12 17:15:00,15,6,12,17,15,310,555,CHE TISSIE,,,Plein jour,En agglomération,Hors intersection,Normale,Deux véhicules - arrière,,,,,,,,,,,1,2,1,1,2
201500022668,0015-06-14 05:50:00,15,6,14,5,50,310,555,"999, ALL CHARLES DE FITT",,,Nuit avec éclairage allumé,En agglomération,Intersection en T,Pluie forte,Deux véhicules - côté,,,,,,,,,,,5,2,3,3,3
201500022669,0015-06-15 09:45:00,15,6,15,9,45,310,555,"4, AV ANTOINE DE ST EXUP",,,Plein jour,En agglomération,Hors intersection,Normale,Deux véhicules - côté,,,,,,,,,,,1,2,1,1,3
201500022670,0015-06-17 10:00:00,15,6,17,10,0,310,555,"66, RUE DU BEARNAIS",,,Plein jour,En agglomération,Hors intersection,Normale,Deux véhicules - côté,,,,,,,,,,,1,2,1,1,3
201500022671,0015-06-20 21:35:00,15,6,20,21,35,310,555,"999, BD PIERRE PAUL RIQU",,,Nuit avec éclairage allumé,En agglomération,Hors intersection,Normale,Deux véhicules - côté,,,,,,,,,,,5,2,1,1,3
201500022672,0015-06-21 14:25:00,15,6,21,14,25,310,555,"45 BIS, MATABIAU (RUE) D",,,Plein jour,En agglomération,Hors intersection,Normale,Deux véhicules - côté,,,,,,,,,,,1,2,1,1,3
201500022673,0015-06-22 14:20:00,15,6,22,14,20,310,555,"999, RTE DE SEYSSES",,,Plein jour,En agglomération,Intersection en X,Normale,Deux véhicules - côté,,,,,,,,,,,1,2,2,1,3
201500022674,0015-06-22 17:45:00,15,6,22,17,45,310,555,"16, RUE DE LA TOURAINE",,,Plein jour,En agglomération,Hors intersection,Normale,Autre collision,,,,,,,,,,,1,2,1,1,6
201500022675,0015-06-23 13:40:00,15,6,23,13,40,310,555,"9, RUE PAULIN TALABOT",,,Plein jour,En agglomération,Hors intersection,Normale,Deux véhicules - arrière,,,,,,,,,,,1,2,1,1,2
201500022676,0015-06-23 17:05:00,15,6,23,17,5,310,555,"17, PONT SAINT PIERRE (R",,,Plein jour,En agglomération,Hors intersection,Normale,Deux véhicules - côté,,,,,,,,,,,1,2,1,1,3
201500022677,0015-06-23 18:50:00,15,6,23,18,50,310,555,"999, AV FREDERIC ESTEBE",,,Plein jour,En agglomération,Intersection en T,Normale,Deux véhicules - arrière,,,,,,,,,,,1,2,3,1,2
201500022678,0015-06-23 17:56:00,15,6,23,17,56,310,555,VA007331 A620,43.5832,1.40362,Plein jour,Hors agglomération,Hors intersection,Normale,Deux véhicules - côté,,,,,,,,,,,1,1,1,1,3
201500022679,0015-06-23 15:20:00,15,6,23,15,20,310,149,"64, SALVETAT (CH) DE",43.59902,1.29538,Plein jour,En agglomération,Intersection en T,Normale,Deux véhicules - côté,,,,,,,,,,,1,2,3,1,3
201500022680,0015-06-25 03:30:00,15,6,25,3,30,310,149,"19, NASQUE (CH DE LA)",43.59923,1.31519,Nuit avec éclairage non allumé,En agglomération,Hors intersection,Normale,Autre collision,,,,,,,,,,,4,2,1,1,6
201500022681,0015-06-25 05:32:00,15,6,25,5,32,310,555,"25, DELTOUR (BD) DU 1AU",,,Crépuscule ou aube,En agglomération,Hors intersection,Normale,Autre collision,,,,,,,,,,,2,2,1,1,6
201500022682,0015-06-24 12:55:00,15,6,24,12,55,310,149,"27, SALVETAT (CHEMIN DE",43.60372,1.30574,Plein jour,En agglomération,Intersection en T,Normale,Deux véhicules - côté,,,,,,,,,,,1,2,3,1,3
201500022683,0015-06-24 16:50:00,15,6,24,16,50,310,149,EUGENE MONTEL (BLD),43.60861,1.3361,Plein jour,En agglomération,Hors intersection,Normale,Sans collision,,,,,,,,,,,1,2,1,1,7
201500022684,0015-06-24 20:00:00,15,6,24,20,0,310,555,"124, AV DE LA GLOIRE",,,Plein jour,En agglomération,Hors intersection,Normale,Autre collision,,,,,,,,,,,1,2,1,1,6
201500022685,0015-06-25 09:05:00,15,6,25,9,5,310,555,"999, AV DU GENERAL EISEN",,,Plein jour,En agglomération,Hors intersection,Normale,Deux véhicules - frontale,,,,,,,,,,,1,2,1,1,1
201500022686,0015-06-25 17:30:00,15,6,25,17,30,310,555,VA007331 A620,43.5707,1.43152,Plein jour,Hors agglomération,Hors intersection,Normale,Trois véhicules et plus - en chaîne,,,,,,,,,,,1,1,1,1,4
201500022687,0015-06-26 14:30:00,15,6,26,14,30,310,555,"999, CEPIERE (ROND POINT",,,Plein jour,En agglomération,Hors intersection,Normale,Sans collision,,,,,,,,,,,1,2,1,1,7
201500022688,0015-06-26 09:20:00,15,6,26,9,20,310,555,VA007331 A620,43.65263,1.42432,Plein jour,Hors agglomération,Hors intersection,Normale,Trois véhicules et plus - en chaîne,,,,,,,,,,,1,1,1,1,4
201500022689,0015-06-25 17:45:00,15,6,25,17,45,310,555,VA007331 A620,43.5687,1.47987,Plein jour,Hors agglomération,Hors intersection,Normale,Deux véhicules - côté,,,,,,,,,,,1,1,1,1,3
201500022690,0015-06-29 07:55:00,15,6,29,7,55,310,69,PONS (BD FIRMIN),43.63483,1.3996,Plein jour,En agglomération,Intersection en X,Normale,Deux véhicules - côté,,,,,,,,,,,1,2,2,1,3
201500022691,0015-06-29 14:08:00,15,6,29,14,8,310,69,PLAN DU PORT (LE),43.62487,1.39934,Plein jour,En agglomération,Hors intersection,Normale,Autre collision,,,,,,,,,,,1,2,1,1,6
201500022692,0015-06-29 17:30:00,15,6,29,17,30,310,555,"71, AV DES MINIMES",,,Plein jour,En agglomération,Hors intersection,Normale,Autre collision,,,,,,,,,,,1,2,1,1,6
201500022693,0015-06-30 09:40:00,15,6,30,9,40,310,555,VA007342 LA CEPIERE,43.5918,1.39863,Plein jour,Hors agglomération,Hors intersection,Normale,Trois véhicules et plus - en chaîne,,,,,,,,,,,1,1,1,1,4
201500022694,0015-06-30 08:45:00,15,6,30,8,45,310,555,"999, RUE JEAN PERRIN",,,Plein jour,En agglomération,Intersection en T,Normale,Deux véhicules - côté,,,,,,,,,,,1,2,3,1,3
201500022695,0015-06-30 21:30:00,15,6,30,21,30,310,555,"40, BD MATABIAU",,,Plein jour,En agglomération,Hors intersection,Normale,Autre collision,,,,,,,,,,,1,2,1,1,6
201500022696,0015-06-30 11:15:00,15,6,30,11,15,310,555,"39, PERI (RUE GABRIEL) D",,,Plein jour,En agglomération,Hors intersection,Normale,Autre collision,,,,,,,,,,,1,2,1,1,6
201500022697,0015-06-30 14:00:00,15,6,30,14,0,310,555,"999, AV DE GRANDE BRETAG",,,Plein jour,En agglomération,Hors intersection,Normale,Deux véhicules - côté,,,,,,,,,,,1,2,1,1,3
201500022698,0015-06-30 15:55:00,15,6,30,15,55,310,555,A624 (PURPAN),43.60833,1.38875,Plein jour,Hors agglomération,Hors intersection,Normale,Deux véhicules - arrière,,,,,,,,,,,1,1,1,1,2
201500022699,0015-07-02 09:45:00,15,7,2,9,45,310,555,"999, CHE DE LANUSSE",,,Plein jour,En agglomération,Intersection en X,Normale,Autre collision,,,,,,,,,,,1,2,2,1,6
201500022700,0015-07-02 21:15:00,15,7,2,21,15,310,555,"999, BD DE STRASBOURG",,,Crépuscule ou aube,En agglomération,Hors intersection,Normale,Deux véhicules - côté,,,,,,,,,,,2,2,1,1,3
201500022701,0015-07-03 16:20:00,15,7,3,16,20,310,555,"999, PL JEANNE D ARC",,,Plein jour,En agglomération,Hors intersection,Normale,Autre collision,,,,,,,,,,,1,2,1,1,6
201500022702,0015-07-04 20:39:00,15,7,4,20,39,310,555,"999, AV DU GENERAL EISEN",,,Plein jour,En agglomération,Hors intersection,Normale,Deux véhicules - côté,,,,,,,,,,,1,2,1,1,3
201500022703,0015-07-05 09:00:00,15,7,5,9,0,310,555,BD LAZARE CARNOT,,,Plein jour,En agglomération,Hors intersection,Normale,Autre collision,,,,,,,,,,,1,2,1,1,6
201500022704,0015-07-05 06:17:00,15,7,5,6,17,310,555,"999, PONT GARIGLIANO",,,Plein jour,En agglomération,Hors intersection,Normale,Autre collision,,,,,,,,,,,1,2,1,1,6
201500022705,0015-07-02 19:15:00,15,7,2,19,15,310,555,A624 (PURPAN),,,Plein jour,Hors agglomération,Hors intersection,Normale,Deux véhicules - arrière,,,,,,,,,,,1,1,1,1,2
201500022706,0015-06-06 21:15:00,15,6,6,21,15,310,149,DEFERRE (BOULEVARD GA,43.61918,1.33538,Crépuscule ou aube,En agglomération,Intersection en T,Normale,Deux véhicules - côté,,,,,,,,,,,2,2,3,1,3
201500022707,0015-07-06 21:15:00,15,7,6,21,15,310,149,DEFERRE (BLD GASTON),43.61809,1.33417,Crépuscule ou aube,En agglomération,Intersection en T,Normale,Deux véhicules - côté,,,,,,,,,,,2,2,3,1,3
201500022708,0015-07-07 07:35:00,15,7,7,7,35,310,555,"196, RTE D ALBI",,,Plein jour,En agglomération,Hors intersection,Normale,Deux véhicules - côté,,,,,,,,,,,1,2,1,1,3
201500022709,0015-07-08 01:30:00,15,7,8,1,30,310,555,"999, AV DES ETATS UNIS",,,Nuit avec éclairage allumé,En agglomération,Hors intersection,Normale,Deux véhicules - côté,,,,,,,,,,,5,2,1,1,3
201500022710,0015-07-07 16:30:00,15,7,7,16,30,310,555,"999, RUE DE CUGNAUX",,,Plein jour,En agglomération,Intersection en T,Normale,Trois véhicules et plus - collisions multiples,,,,,,,,,,,1,2,3,1,5
201500022711,0015-07-07 19:25:00,15,7,7,19,25,310,555,"378, SAINT SIMON (RTE DE",,,Plein jour,En agglomération,Hors intersection,Normale,Deux véhicules - côté,,,,,,,,,,,1,2,1,1,3
201500022712,0015-07-07 17:00:00,15,7,7,17,0,310,557,"3, JAURES (AV JEAN)",43.58845,1.35897,Plein jour,En agglomération,Giratoire,Normale,Autre collision,,,,,,,,,,,1,2,6,1,6
201500022713,0015-07-08 15:05:00,15,7,8,15,5,310,555,"35, BD DES RECOLLETS",,,Plein jour,En agglomération,Hors intersection,Normale,Deux véhicules - côté,,,,,,,,,,,1,2,1,1,3
201500022714,0015-07-08 19:05:00,15,7,8,19,5,310,69,"30, AUSSONNE (CH D')",43.63934,1.38785,Plein jour,En agglomération,Hors intersection,Normale,Autre collision,,,,,,,,,,,1,2,1,1,6
201500022715,0015-07-09 15:50:00,15,7,9,15,50,310,555,"999, CHE DU PONT DE RUPE",,,Plein jour,En agglomération,Hors intersection,Normale,Sans collision,,,,,,,,,,,1,2,1,1,7
201500022716,0015-07-10 04:30:00,15,7,10,4,30,310,555,VA007418 PONT JUMEAUX A6,43.6097,1.41371,Crépuscule ou aube,Hors agglomération,Hors intersection,Normale,Sans collision,,,,,,,,,,,2,1,1,1,7
201500022717,0015-07-10 19:00:00,15,7,10,19,0,310,555,"999, AV JEAN ZAY",,,Plein jour,En agglomération,Hors intersection,Normale,Deux véhicules - côté,,,,,,,,,,,1,2,1,1,3
201500022718,0015-07-12 08:25:00,15,7,12,8,25,310,555,"79, AV DE LA GLOIRE",,,Plein jour,En agglomération,Hors intersection,Normale,Deux véhicules - frontale,,,,,,,,,,,1,2,1,1,1
201500022719,0015-07-14 11:20:00,15,7,14,11,20,310,555,"999, RUE DE METZ",,,Plein jour,En agglomération,Hors intersection,Normale,Autre collision,,,,,,,,,,,1,2,1,1,6
201500022720,0015-07-16 10:15:00,15,7,16,10,15,310,555,"17, BD ARMAND DUPORTAL",,,Plein jour,En agglomération,Hors intersection,Normale,Autre collision,,,,,,,,,,,1,2,1,1,6
201500022721,0015-07-16 09:55:00,15,7,16,9,55,310,149,VA008482 N124,,,Plein jour,En agglomération,Hors intersection,Normale,Trois véhicules et plus - en chaîne,,,,,,,,,,,1,2,1,1,4
201500022722,0015-07-17 12:12:00,15,7,17,12,12,310,555,"57, CHE DES ETROITS",,,Plein jour,En agglomération,Hors intersection,Normale,Deux véhicules - côté,,,,,,,,,,,1,2,1,1,3
201500022723,0015-07-17 13:05:00,15,7,17,13,5,310,555,"999, AV DE FRONTON",,,Plein jour,En agglomération,Hors intersection,Normale,Deux véhicules - arrière,,,,,,,,,,,1,2,1,1,2
201500022724,0015-07-17 17:20:00,15,7,17,17,20,310,555,"999, RTE D AGDE",,,Plein jour,En agglomération,Hors intersection,Normale,Autre collision,,,,,,,,,,,1,2,1,1,6
201500022725,0015-07-18 11:38:00,15,7,18,11,38,310,555,"2, PORT SAINT ETIENNE",,,Plein jour,En agglomération,Hors intersection,Normale,Autre collision,,,,,,,,,,,1,2,1,1,6
201500022726,0015-07-18 18:00:00,15,7,18,18,0,310,555,"2, BD D ARCOLE",,,Plein jour,En agglomération,Hors intersection,Normale,Sans collision,,,,,,,,,,,1,2,1,1,7
201500022727,0015-07-18 19:15:00,15,7,18,19,15,310,555,"999, RTE D ALBI",,,Plein jour,En agglomération,Hors intersection,Normale,Deux véhicules - arrière,,,,,,,,,,,1,2,1,1,2
201500022728,0015-07-19 03:15:00,15,7,19,3,15,310,555,"999, AV FREDERIC ESTEBE",,,Nuit avec éclairage allumé,En agglomération,Intersection en X,Normale,Trois véhicules et plus - collisions multiples,,,,,,,,,,,5,2,2,1,5
201500022729,0015-07-17 19:05:00,15,7,17,19,5,310,555,"999, RUE MARIE LAURENCIN",,,Plein jour,En agglomération,Intersection en T,Normale,Deux véhicules - côté,,,,,,,,,,,1,2,3,1,3
201500022730,0015-07-20 14:15:00,15,7,20,14,15,310,555,"999, RUE DE LA TRINITE",,,Plein jour,En agglomération,Hors intersection,Normale,Autre collision,,,,,,,,,,,1,2,1,1,6
201500022731,0015-07-20 20:50:00,15,7,20,20,50,310,555,"999, AV PIERRE G LATECOE",,,Plein jour,En agglomération,Hors intersection,Normale,Deux véhicules - côté,,,,,,,,,,,1,2,1,1,3
201500022732,0015-07-22 00:30:00,15,7,22,0,30,310,555,"999, AV PIERRE G LATECOE",,,Nuit sans éclairage public,En agglomération,Hors intersection,Normale,Autre collision,,,,,,,,,,,3,2,1,1,6
201500022733,0015-07-15 18:45:00,15,7,15,18,45,310,555,"999, AV DE L URSS",,,Plein jour,En agglomération,Intersection en X,Normale,Autre collision,,,,,,,,,,,1,2,2,1,6
201500022734,0015-07-22 14:40:00,15,7,22,14,40,310,555,"999, RUE DU MORBIHAN",,,Plein jour,En agglomération,Hors intersection,Normale,Autre collision,,,,,,,,,,,1,2,1,1,6
201500022735,0015-07-23 01:25:00,15,7,23,1,25,310,555,"999, RUE HENRI DESBALS",,,Nuit avec éclairage allumé,En agglomération,Hors intersection,Normale,Sans collision,,,,,,,,,,,5,2,1,1,7
201500022736,0015-07-22 17:36:00,15,7,22,17,36,310,555,"5, SAINT SIMON (RTE DE)",,,Plein jour,En agglomération,Hors intersection,Normale,Deux véhicules - arrière,,,,,,,,,,,1,2,1,1,2
201500022737,0015-07-21 15:10:00,15,7,21,15,10,310,555,24 EMPALOT  (PERIPH),43.5707,1.43147,Plein jour,Hors agglomération,Hors intersection,Normale,Trois véhicules et plus - en chaîne,,,,,,,,,,,1,1,1,1,4
201500022738,0015-07-22 16:55:00,15,7,22,16,55,310,555,"999, RUE STALINGRAD",,,Plein jour,En agglomération,Intersection à plus de 4 branches,Normale,Deux véhicules - côté,,,,,,,,,,,1,2,5,1,3
201500022739,0015-07-23 17:15:00,15,7,23,17,15,310,555,"15, BD D ARCOLE",,,Plein jour,En agglomération,Hors intersection,Normale,Deux véhicules - arrière,,,,,,,,,,,1,2,1,1,2
201500022740,0015-07-24 20:25:00,15,7,24,20,25,310,555,RN124,,,Crépuscule ou aube,Hors agglomération,Hors intersection,Pluie légère,Deux véhicules - arrière,,,,,,,,,,,2,1,1,2,2