accident_id,datetime,annee,mois,jour,heure,minute,departement,commune_insee,adresse,latitude,longitude,luminosite,agglomeration,intersection,meteo,collision,nb_vehicules,nb_usagers,nb_indemnes,nb_tues,nb_blesses_hosp,nb_blesses_legers,age_cond_1,age_cond_2,veh_type_cond_1,veh_type_cond_2,lum_code,agg_code,int_code,atm_code,col_code
201500022741,0015-07-26 05:45:00,15,7,26,5,45,310,555,"., RUE DU FAUBOURG BONNE",,,Nuit avec éclairage allumé,En agglomération,Intersection en T,Normale,Autre collision,,,,,,,,,,,5,2,3,1,6
201500022742,0015-07-25 01:50:00,15,7,25,1,50,310,555,"999, RTE D AGDE",,,Nuit sans éclairage public,En agglomération,Hors intersection,Normale,Deux véhicules - côté,,,,,,,,,,,3,2,1,1,3
201500022743,0015-07-27 10:35:00,15,7,27,10,35,310,555,BONNAT (RUE) DU 1AU 152,,,Plein jour,En agglomération,Hors intersection,Normale,Autre collision,,,,,,,,,,,1,2,1,1,6
201500022744,0015-07-28 06:30:00,15,7,28,6,30,310,555,VA007331 A620,,,Plein jour,Hors agglomération,Hors intersection,Normale,Autre collision,,,,,,,,,,,1,1,1,1,6
201500022745,0015-07-27 19:10:00,15,7,27,19,10,310,69,FIL D'ARIANE (RD902),43.62921,1.38315,Plein jour,En agglomération,Hors intersection,Normale,Deux véhicules - arrière,,,,,,,,,,,1,2,1,1,2
201500022746,0015-07-28 15:00:00,15,7,28,15,0,310,149,RN124 sortie 04,43.60616,1.33779,Plein jour,Hors agglomération,Hors intersection,Normale,Trois véhicules et plus - en chaîne,,,,,,,,,,,1,1,1,1,4
201500022747,0015-07-31 07:10:00,15,7,31,7,10,310,555,"3, AV DE FONDEYRE",,,Plein jour,En agglomération,Hors intersection,Normale,Autre collision,,,,,,,,,,,1,2,1,1,6
201500022748,0015-07-31 13:00:00,15,7,31,13,0,310,555,"30, AV JEAN MOULIN",,,Plein jour,En agglomération,Hors intersection,Pluie légère,Autre collision,,,,,,,,,,,1,2,1,2,6
201500022749,0015-08-01 18:05:00,15,8,1,18,5,310,555,"., PONT PIERRE DE COUBER",,,Plein jour,En agglomération,Hors intersection,Normale,Deux véhicules - arrière,,,,,,,,,,,1,2,1,1,2
201500022750,0015-08-02 23:50:00,15,8,2,23,50,310,555,"26, SEJOURNE (AV PAUL) D",,,Nuit avec éclairage allumé,En agglomération,Hors intersection,Normale,Deux véhicules - arrière,,,,,,,,,,,5,2,1,1,2
201500022751,0015-07-31 15:25:00,15,7,31,15,25,310,555,"999, AV DE LA GLOIRE",,,Plein jour,En agglomération,Intersection en X,Normale,Deux véhicules - côté,,,,,,,,,,,1,2,2,1,3
201500022752,0015-08-04 15:45:00,15,8,4,15,45,310,555,"999, PONT GARIGLIANO",,,Plein jour,En agglomération,Hors intersection,Normale,Deux véhicules - frontale,,,,,,,,,,,1,2,1,1,1
201500022753,0015-08-05 17:55:00,15,8,5,17,55,310,555,RTE DE NARBONNE,,,Plein jour,En agglomération,Hors intersection,Normale,Autre collision,,,,,,,,,,,1,2,1,1,6
201500022754,0015-08-06 12:10:00,15,8,6,12,10,310,69,VA001490 A621,,,Plein jour,Hors agglomération,Hors intersection,Normale,Deux véhicules - côté,,,,,,,,,,,1,1,1,1,3
201500022755,0015-08-06 22:15:00,15,8,6,22,15,310,555,VA007331 A620,43.57432,1.46904,Nuit avec éclairage allumé,Hors agglomération,Hors intersection,Normale,Autre collision,,,,,,,,,,,5,1,1,1,6
201500022756,0015-08-07 09:40:00,15,8,7,9,40,310,555,RUE DU PONT GUILHEMERY,,,Plein jour,En agglomération,Hors intersection,Normale,Deux véhicules - côté,,,,,,,,,,,1,2,1,1,3
201500022757,0015-08-08 04:00:00,15,8,8,4,0,310,555,"14, RUE DU LOT",,,Nuit sans éclairage public,En agglomération,Hors intersection,Pluie légère,Autre collision,,,,,,,,,,,3,2,1,2,6
201500022758,0015-08-08 20:30:00,15,8,8,20,30,310,555,"20, BD SILVIO TRENTIN",,,Crépuscule ou aube,En agglomération,Hors intersection,Pluie légère,Deux véhicules - côté,,,,,,,,,,,2,2,1,2,3
201500022759,0015-08-09 17:00:00,15,8,9,17,0,310,555,VA007331 A620,43.64987,1.42188,Plein jour,Hors agglomération,Hors intersection,Pluie forte,Deux véhicules - arrière,,,,,,,,,,,1,1,1,3,2
201500022760,0015-08-08 12:25:00,15,8,8,12,25,310,555,"999, BD D ARCOLE",,,Plein jour,En agglomération,Hors intersection,Pluie forte,Deux véhicules - arrière,,,,,,,,,,,1,2,1,3,2
201500022761,0015-08-07 11:40:00,15,8,7,11,40,310,555,"999, BD DE LA MEDITERRAN",,,Plein jour,En agglomération,Hors intersection,Normale,Deux véhicules - côté,,,,,,,,,,,1,2,1,1,3
201500022762,0015-08-10 12:15:00,15,8,10,12,15,310,555,"243, AV JEAN RIEUX",,,Plein jour,En agglomération,Hors intersection,Normale,Deux véhicules - arrière,,,,,,,,,,,1,2,1,1,2
201500022763,0015-08-09 08:00:00,15,8,9,8,0,310,555,VA007440 LES MINIMES,43.62289,1.41758,Plein jour,Hors agglomération,Hors intersection,Normale,Sans collision,,,,,,,,,,,1,1,1,1,7
201500022764,0015-08-13 07:15:00,15,8,13,7,15,310,555,CHE DU RAMELET MOUNDI,,,Plein jour,En agglomération,Giratoire,Normale,Deux véhicules - côté,,,,,,,,,,,1,2,6,1,3
201500022765,0015-08-14 12:00:00,15,8,14,12,0,310,555,"999, RUE HENRI DESBALS",,,Plein jour,En agglomération,Hors intersection,Pluie légère,Autre collision,,,,,,,,,,,1,2,1,2,6
201500022766,0015-08-14 22:20:00,15,8,14,22,20,310,555,"29, BD GABRIEL KOENIGS",,,Nuit avec éclairage allumé,En agglomération,Hors intersection,Normale,Autre collision,,,,,,,,,,,5,2,1,1,6
201500022767,0015-08-18 13:25:00,15,8,18,13,25,310,555,"12, BD SILVIO TRENTIN",,,Plein jour,En agglomération,Hors intersection,Normale,Deux véhicules - arrière,,,,,,,,,,,1,2,1,1,2
201500022768,0015-08-19 09:10:00,15,8,19,9,10,310,555,ALL FORAIN FRANCOIS VERD,,,Plein jour,En agglomération,Giratoire,Normale,Sans collision,,,,,,,,,,,1,2,6,1,7
201500022769,0015-08-18 08:55:00,15,8,18,8,55,310,557,LARRAMET/PASSERIVE,43.56547,1.33707,Plein jour,En agglomération,Intersection en T,Normale,Deux véhicules - arrière,,,,,,,,,,,1,2,3,1,2
201500022770,0015-08-19 09:50:00,15,8,19,9,50,310,555,AV PAUL SEJOURNE,,,Plein jour,En agglomération,Hors intersection,Normale,Sans collision,,,,,,,,,,,1,2,1,1,7
201500022771,0015-08-19 16:00:00,15,8,19,16,0,310,555,"999, BARRIERE DE LOMBEZ",,,Plein jour,En agglomération,Hors intersection,Normale,Deux véhicules - arrière,,,,,,,,,,,1,2,1,1,2
201500022772,0015-08-20 10:35:00,15,8,20,10,35,310,555,"., CRETES (BOULEVARD DES",,,Plein jour,En agglomération,Intersection en X,Temps éblouissant,Deux véhicules - côté,,,,,,,,,,,1,2,2,7,3
201500022773,0015-08-19 19:00:00,15,8,19,19,0,310,555,VA007306 A64,,,Plein jour,Hors agglomération,Hors intersection,Normale,Sans collision,,,,,,,,,,,1,1,1,1,7
201500022774,0015-08-20 09:00:00,15,8,20,9,0,310,555,VA007418 PONT JUMEA,43.60929,1.41295,Plein jour,Hors agglomération,Hors intersection,Normale,Deux véhicules - arrière,,,,,,,,,,,1,1,1,1,2
201500022775,0015-08-21 00:20:00,15,8,21,0,20,310,555,"999, RUE HENRI DESBALS",,,Nuit avec éclairage allumé,En agglomération,Hors intersection,Normale,Deux véhicules - côté,,,,,,,,,,,5,2,1,1,3
201500022776,0015-08-21 06:25:00,15,8,21,6,25,310,555,"257, AV DE CASTRES",,,Nuit avec éclairage allumé,En agglomération,Hors intersection,Normale,Sans collision,,,,,,,,,,,5,2,1,1,7
201500022777,0015-08-20 14:40:00,15,8,20,14,40,310,149,COLLONGUES/NASQUE,43.59701,1.32773,Plein jour,En agglomération,Intersection en T,Normale,Deux véhicules - côté,,,,,,,,,,,1,2,3,1,3
201500022778,0015-08-21 17:45:00,15,8,21,17,45,310,555,"304, AV DES ETATS UNIS",,,Plein jour,En agglomération,Hors intersection,Normale,Deux véhicules - côté,,,,,,,,,,,1,2,1,1,3
201500022779,0015-08-22 00:25:00,15,8,22,0,25,310,555,"., AV DE LYON",,,Nuit avec éclairage allumé,En agglomération,Hors intersection,Normale,Deux véhicules - côté,,,,,,,,,,,5,2,1,1,3
201500022780,0015-08-25 16:20:00,15,8,25,16,20,310,555,"361, AV DES ETATS UNIS",,,Plein jour,En agglomération,Hors intersection,Normale,Trois véhicules et plus - collisions multiples,,,,,,,,,,,1,2,1,1,5
201500022781,0015-08-25 18:50:00,15,8,25,18,50,310,555,"999, AV JEAN ZAY",,,Plein jour,En agglomération,Hors intersection,Temps éblouissant,Deux véhicules - côté,,,,,,,,,,,1,2,1,7,3
201500022782,0015-08-26 14:15:00,15,8,26,14,15,310,555,"11, RUE JOSEPH JACQUARD",,,Plein jour,En agglomération,Hors intersection,Normale,Trois véhicules et plus - collisions multiples,,,,,,,,,,,1,2,1,1,5
201500022783,0015-08-26 21:50:00,15,8,26,21,50,310,555,"118, AV DE FRONTON",,,Nuit avec éclairage allumé,En agglomération,Hors intersection,Normale,Trois véhicules et plus - collisions multiples,,,,,,,,,,,5,2,1,1,5
201500022784,0015-08-27 14:50:00,15,8,27,14,50,310,555,"12, BD LAZARE CARNOT",,,Plein jour,En agglomération,Hors intersection,Normale,Deux véhicules - arrière,,,,,,,,,,,1,2,1,1,2
201500022785,0015-08-27 12:04:00,15,8,27,12,4,310,555,"999, AV JEAN ZAY",,,Plein jour,En agglomération,Hors intersection,Normale,Deux véhicules - arrière,,,,,,,,,,,1,2,1,1,2
201500022786,0015-08-28 13:05:00,15,8,28,13,5,310,555,"999, PORT SAINT SAUVEUR",,,Plein jour,En agglomération,Hors intersection,Normale,Deux véhicules - arrière,,,,,,,,,,,1,2,1,1,2
201500022787,0015-08-28 14:15:00,15,8,28,14,15,310,555,", AV DIDIER DAURAT PROLO",,,Plein jour,En agglomération,Hors intersection,Normale,Autre collision,,,,,,,,,,,1,2,1,1,6
201500022788,0015-08-30 01:50:00,15,8,30,1,50,310,555,"999, BD LASCROSSES",,,Nuit avec éclairage allumé,En agglomération,Hors intersection,Normale,Deux véhicules - frontale,,,,,,,,,,,5,2,1,1,1
201500022789,0015-08-30 02:18:00,15,8,30,2,18,310,555,"208, AV DE CASTRES",,,Nuit avec éclairage allumé,En agglomération,Hors intersection,Normale,Autre collision,,,,,,,,,,,5,2,1,1,6
201500022790,0015-08-20 07:25:00,15,8,20,7,25,310,555,"999, BD DES MINIMES",,,Plein jour,En agglomération,Hors intersection,Normale,Deux véhicules - côté,,,,,,,,,,,1,2,1,1,3
201500022791,0015-08-31 10:17:00,15,8,31,10,17,310,555,"999, RTE D AGDE",,,Plein jour,En agglomération,Hors intersection,Normale,Deux véhicules - côté,,,,,,,,,,,1,2,1,1,3
201500022792,0015-08-31 19:20:00,15,8,31,19,20,310,555,"306, RTE DE SEYSSES",,,Crépuscule ou aube,En agglomération,Hors intersection,Normale,Autre collision,,,,,,,,,,,2,2,1,1,6
201500022793,0015-09-03 08:00:00,15,9,3,8,0,310,555,VA007306 A64,,,Plein jour,Hors agglomération,Hors intersection,Temps couvert,Deux véhicules - arrière,,,,,,,,,,,1,1,1,8,2
201500022794,0015-09-03 15:05:00,15,9,3,15,5,310,555,"41, RUE DE METZ",,,Plein jour,En agglomération,Hors intersection,Normale,Autre collision,,,,,,,,,,,1,2,1,1,6
201500022795,0015-09-04 15:55:00,15,9,4,15,55,310,555,"01, MARQUETTE (BD DE LA)",,,Plein jour,En agglomération,Hors intersection,Normale,Deux véhicules - côté,,,,,,,,,,,1,2,1,1,3
201500022796,0015-09-06 07:10:00,15,9,6,7,10,310,555,VA007342 LA CEPIERE A620,43.5915,1.39878,Plein jour,Hors agglomération,Hors intersection,Normale,Sans collision,,,,,,,,,,,1,1,1,1,7
201500022797,0015-09-04 21:30:00,15,9,4,21,30,310,555,"999, AV DES ETATS UNIS",,,Nuit avec éclairage allumé,En agglomération,Hors intersection,Normale,Deux véhicules - côté,,,,,,,,,,,5,2,1,1,3
201500022798,0015-09-06 12:06:00,15,9,6,12,6,310,555,"27, BD MATABIAU",,,Plein jour,En agglomération,Hors intersection,Normale,Deux véhicules - arrière,,,,,,,,,,,1,2,1,1,2
201500022799,0015-09-07 08:15:00,15,9,7,8,15,310,555,23 RANGUEIL EMPALOT,43.5754,1.44529,Plein jour,Hors agglomération,Hors intersection,Normale,Deux véhicules - arrière,,,,,,,,,,,1,1,1,1,2
201500022800,0015-09-07 09:30:00,15,9,7,9,30,310,555,VA007518 A68,43.644,1.4981,Plein jour,Hors agglomération,Hors intersection,Normale,Deux véhicules - arrière,,,,,,,,,,,1,1,1,1,2
201500022801,0015-09-08 08:00:00,15,9,8,8,0,310,555,VA007331 A620,,,Plein jour,Hors agglomération,Hors intersection,Normale,Deux véhicules - côté,,,,,,,,,,,1,1,1,1,3
201500022802,0015-09-08 10:15:00,15,9,8,10,15,310,555,24 EMPALOT  (PERIPH OUES,43.57331,1.4381,Plein jour,Hors agglomération,Hors intersection,Normale,Deux véhicules - côté,,,,,,,,,,,1,1,1,1,3
201500022803,0015-09-07 09:30:00,15,9,7,9,30,310,555,"7, BD DE STRASBOURG",,,Plein jour,En agglomération,Hors intersection,Normale,Autre collision,,,,,,,,,,,1,2,1,1,6
201500022804,0015-09-09 10:20:00,15,9,9,10,20,310,555,"999, ALL JEAN JAURES",,,Plein jour,En agglomération,Hors intersection,Normale,Deux véhicules - côté,,,,,,,,,,,1,2,1,1,3
201500022805,0015-09-09 14:03:00,15,9,9,14,3,310,555,AV LOUIS BAZERQUE,,,Plein jour,En agglomération,Hors intersection,Normale,Autre collision,,,,,,,,,,,1,2,1,1,6
201500022806,0015-09-08 00:10:00,15,9,8,0,10,310,555,"999, PONT PIERRE DE COUB",,,Nuit avec éclairage allumé,En agglomération,Hors intersection,Normale,Deux véhicules - côté,,,,,,,,,,,5,2,1,1,3
201500022807,0015-09-10 09:50:00,15,9,10,9,50,310,555,"55, ETROITS (CHE DES) DU",,,Plein jour,En agglomération,Hors intersection,Normale,Deux véhicules - côté,,,,,,,,,,,1,2,1,1,3
201500022808,0015-09-10 17:19:00,15,9,10,17,19,310,555,VA008482 A624,,,Plein jour,Hors agglomération,Hors intersection,Normale,Trois véhicules et plus - en chaîne,,,,,,,,,,,1,1,1,1,4
201500022809,0015-09-10 15:15:00,15,9,10,15,15,310,149,AUCH (RUE D')/DES SPORTS,43.60863,1.34033,Plein jour,En agglomération,Intersection en T,Normale,Deux véhicules - côté,,,,,,,,,,,1,2,3,1,3
201500022810,0015-09-11 09:25:00,15,9,11,9,25,310,149,RN124,43.60644,1.33679,Plein jour,En agglomération,Intersection en Y,Normale,Deux véhicules - côté,,,,,,,,,,,1,2,4,1,3
201500022811,0015-09-12 19:30:00,15,9,12,19,30,310,557,"39, DOUMERGUE (RUE GASTO",43.58418,1.34308,Plein jour,En agglomération,Hors intersection,Normale,Trois véhicules et plus - en chaîne,,,,,,,,,,,1,2,1,1,4
201500022812,0015-09-05 19:00:00,15,9,5,19,0,310,555,"999, RUE RECLUSANE",,,Plein jour,En agglomération,Hors intersection,Normale,Deux véhicules - côté,,,,,,,,,,,1,2,1,1,3
201500022813,0015-09-15 00:30:00,15,9,15,0,30,310,555,"999, RUE DE BOURRASSOL",,,Nuit avec éclairage allumé,En agglomération,Hors intersection,Normale,Sans collision,,,,,,,,,,,5,2,1,1,7
201500022814,0015-09-10 17:40:00,15,9,10,17,40,310,555,980.3 PLAISANCE (ROCADE,,,Plein jour,En agglomération,Hors intersection,Normale,Trois véhicules et plus - en chaîne,,,,,,,,,,,1,2,1,1,4
201500022815,0015-09-14 18:45:00,15,9,14,18,45,310,557,LARRAMET (CH DE),43.56052,1.3572,Plein jour,En agglomération,Intersection en T,Normale,Deux véhicules - arrière,,,,,,,,,,,1,2,3,1,2
201500022816,0015-09-11 11:15:00,15,9,11,11,15,310,555,VA007333LAFAOURETTE A620,43.583,1.40376,Plein jour,Hors agglomération,Hors intersection,Normale,Deux véhicules - arrière,,,,,,,,,,,1,1,1,1,2
201500022817,0015-09-14 19:39:00,15,9,14,19,39,310,555,"186, AV DE GRANDE BRETAG",,,Plein jour,En agglomération,Hors intersection,Normale,Autre collision,,,,,,,,,,,1,2,1,1,6
201500022818,0015-09-15 14:30:00,15,9,15,14,30,310,555,"10, RUE CLAIRE PAUILHAC",,,Plein jour,En agglomération,Hors intersection,Normale,Deux véhicules - côté,,,,,,,,,,,1,2,1,1,3
201500022819,0015-09-15 16:45:00,15,9,15,16,45,310,555,"217, RTE DE NARBONNE",,,Plein jour,En agglomération,Hors intersection,Normale,Autre collision,,,,,,,,,,,1,2,1,1,6
201500022820,0015-09-15 17:00:00,15,9,15,17,0,310,555,VA007473 A62,,,Plein jour,Hors agglomération,Hors intersection,Normale,Trois véhicules et plus - en chaîne,,,,,,,,,,,1,1,1,1,4
201500022821,0015-09-16 09:15:00,15,9,16,9,15,310,555,VA007355 PURPAN A620 Sor,43.6028,1.40001,Plein jour,Hors agglomération,Hors intersection,Normale,Trois véhicules et plus - collisions multiples,,,,,,,,,,,1,1,1,1,5
201500022822,0015-09-16 12:30:00,15,9,16,12,30,310,555,"115, RTE DE NARBONNE",43.56584,1.45925,Plein jour,En agglomération,Hors intersection,Normale,Deux véhicules - côté,,,,,,,,,,,1,2,1,1,3
201500022823,0015-09-18 07:14:00,15,9,18,7,14,310,555,"28, BD D ARCOLE",,,Crépuscule ou aube,En agglomération,Hors intersection,Normale,Deux véhicules - arrière,,,,,,,,,,,2,2,1,1,2
201500022824,0015-09-18 08:50:00,15,9,18,8,50,310,149,ORMEAU (CHEMIN DE L'),43.615,1.32859,Plein jour,En agglomération,Hors intersection,Normale,Autre collision,,,,,,,,,,,1,2,1,1,6
201500022825,0015-09-18 11:50:00,15,9,18,11,50,310,555,"30, AV HONORE SERRES",,,Plein jour,En agglomération,Hors intersection,Normale,Deux véhicules - côté,,,,,,,,,,,1,2,1,1,3
201500022826,0015-09-19 22:15:00,15,9,19,22,15,310,555,BD LAZARE CARNOT,,,Nuit avec éclairage allumé,En agglomération,Hors intersection,Normale,Deux véhicules - côté,,,,,,,,,,,5,2,1,1,3
201500022827,0015-09-20 05:20:00,15,9,20,5,20,310,555,"46, STRASBOURG (BD DE) D",,,Nuit avec éclairage allumé,En agglomération,Hors intersection,Normale,Autre collision,,,,,,,,,,,5,2,1,1,6
201500022828,0015-09-20 18:55:00,15,9,20,18,55,310,555,"105, BLAGNAC (ROUTE DE)",,,Plein jour,En agglomération,Hors intersection,Normale,Deux véhicules - côté,,,,,,,,,,,1,2,1,1,3
201500022829,0015-09-21 06:50:00,15,9,21,6,50,310,555,"., AV D ATLANTA",,,Plein jour,Hors agglomération,Intersection en X,Normale,Deux véhicules - côté,,,,,,,,,,,1,1,2,1,3
201500022830,0015-09-21 07:13:00,15,9,21,7,13,310,555,"163, RUE LOUIS PLANA",,,Crépuscule ou aube,En agglomération,Hors intersection,Normale,Deux véhicules - côté,,,,,,,,,,,2,2,1,1,3
201500022831,0015-09-21 19:10:00,15,9,21,19,10,310,555,"999, AV JEAN ZAY",,,Crépuscule ou aube,En agglomération,Hors intersection,Normale,Deux véhicules - arrière,,,,,,,,,,,2,2,1,1,2
201500022832,0015-09-18 19:30:00,15,9,18,19,30,310,149,RAMASSIERS(CHEMIN DES),43.59992,1.35332,Plein jour,En agglomération,Hors intersection,Normale,Deux véhicules - côté,,,,,,,,,,,1,2,1,1,3
201500022833,0015-09-22 07:10:00,15,9,22,7,10,310,555,"12, MURET (AV DE) DU 1AU",,,Nuit avec éclairage allumé,En agglomération,Hors intersection,Normale,Deux véhicules - côté,,,,,,,,,,,5,2,1,1,3
201500022834,0015-09-22 12:50:00,15,9,22,12,50,310,555,"14, AV EDOUARD BELIN",,,Plein jour,En agglomération,Hors intersection,Normale,Deux véhicules - arrière,,,,,,,,,,,1,2,1,1,2
201500022835,0015-09-22 13:00:00,15,9,22,13,0,310,555,"999, AV DU GENERAL DE CR",,,Plein jour,En agglomération,Hors intersection,Normale,Deux véhicules - côté,,,,,,,,,,,1,2,1,1,3
201500022836,0015-09-22 18:40:00,15,9,22,18,40,310,555,"67, ALBI (RTE D) DU 1AU",,,Plein jour,En agglomération,Hors intersection,Normale,Deux véhicules - côté,,,,,,,,,,,1,2,1,1,3
201500022837,0015-09-22 21:45:00,15,9,22,21,45,310,555,"999, BOULINGRIN (ROND PO",,,Nuit avec éclairage allumé,En agglomération,Giratoire,Pluie légère,Deux véhicules - côté,,,,,,,,,,,5,2,6,2,3
201500022838,0015-09-23 08:40:00,15,9,23,8,40,310,555,RUE DE CHAUSSAS,,,Plein jour,En agglomération,Intersection en T,Normale,Deux véhicules - côté,,,,,,,,,,,1,2,3,1,3
201500022839,0015-09-23 08:30:00,15,9,23,8,30,310,557,"126, LARRAMET (CH DE)",43.56077,1.35027,Plein jour,En agglomération,Hors intersection,Normale,Trois véhicules et plus - en chaîne,,,,,,,,,,,1,2,1,1,4
201500022840,0015-09-22 08:25:00,15,9,22,8,25,310,555,VA007333LAFAOURETTE A620,43.5828,1.40388,Plein jour,Hors agglomération,Hors intersection,Pluie légère,Deux véhicules - arrière,,,,,,,,,,,1,1,1,2,2
201500022841,0015-09-23 17:50:00,15,9,23,17,50,310,555,23 RANGUEIL  (PERIPH OUE,43.5756,1.44479,Plein jour,Hors agglomération,Hors intersection,Normale,Deux véhicules - côté,,,,,,,,,,,1,1,1,1,3
201500022842,0015-09-22 12:15:00,15,9,22,12,15,310,69,"29, BRASSENS (AV GEORGES",43.64992,1.38076,Plein jour,En agglomération,Autre intersection,Normale,Deux véhicules - côté,,,,,,,,,,,1,2,9,1,3
201500022843,0015-09-23 16:10:00,15,9,23,16,10,310,555,AV LOUIS BAZERQUE,,,Plein jour,En agglomération,Hors intersection,Normale,Trois véhicules et plus - en chaîne,,,,,,,,,,,1,2,1,1,4
201500022844,0015-09-24 08:15:00,15,9,24,8,15,310,555,VA008482 A624,43.6115,1.38006,Plein jour,Hors agglomération,Hors intersection,Normale,Deux véhicules - côté,,,,,,,,,,,1,1,1,1,3
201500022845,0015-09-24 15:50:00,15,9,24,15,50,310,555,"., BD MATABIAU",,,Plein jour,En agglomération,Hors intersection,Normale,Autre collision,,,,,,,,,,,1,2,1,1,6
201500022846,0015-09-24 17:50:00,15,9,24,17,50,310,69,CORNEBARRIEU (ROUTE DE),43.64452,1.36279,Plein jour,En agglomération,Giratoire,Normale,Sans collision,,,,,,,,,,,1,2,6,1,7
201500022847,0015-09-24 18:20:00,15,9,24,18,20,310,555,"13, RUE ALAIN FOURNIER",,,Plein jour,En agglomération,Hors intersection,Normale,Deux véhicules - côté,,,,,,,,,,,1,2,1,1,3
201500022848,0015-09-24 22:30:00,15,9,24,22,30,310,555,"999, RTE DE SAINT SIMON",,,Nuit avec éclairage allumé,En agglomération,Intersection en T,Normale,Deux véhicules - côté,,,,,,,,,,,5,2,3,1,3
201500022849,0015-09-24 19:20:00,15,9,24,19,20,310,555,"243, RTE DE BAYONNE",,,Crépuscule ou aube,En agglomération,Hors intersection,Normale,Deux véhicules - côté,,,,,,,,,,,2,2,1,1,3
201500022850,0015-09-25 07:45:00,15,9,25,7,45,310,555,"999, RTE DE REVEL",,,Plein jour,En agglomération,Intersection en X,Normale,Deux véhicules - côté,,,,,,,,,,,1,2,2,1,3
201500022851,0015-09-25 07:20:00,15,9,25,7,20,310,555,N 124,43.609,1.36105,Plein jour,Hors agglomération,Hors intersection,Normale,Trois véhicules et plus - en chaîne,,,,,,,,,,,1,1,1,1,4
201500022852,0015-09-26 23:45:00,15,9,26,23,45,310,555,"344, AV DES ETATS UNIS",,,Nuit avec éclairage allumé,En agglomération,Hors intersection,Normale,Deux véhicules - côté,,,,,,,,,,,5,2,1,1,3
201500022853,0015-09-27 06:30:00,15,9,27,6,30,310,555,BD PIERRE PAUL RIQUET,,,Crépuscule ou aube,En agglomération,Intersection en X,Normale,Deux véhicules - côté,,,,,,,,,,,2,2,2,1,3
201500022854,0015-09-29 07:25:00,15,9,29,7,25,310,555,"34, AV FRIZAC",,,Plein jour,En agglomération,Hors intersection,Normale,Autre collision,,,,,,,,,,,1,2,1,1,6
201500022855,0015-09-29 18:05:00,15,9,29,18,5,310,149,FONTAINE LUMINEUSE,43.60948,1.35154,Plein jour,En agglomération,Giratoire,Normale,Autre collision,,,,,,,,,,,1,2,6,1,6
201500022856,0015-09-30 17:30:00,15,9,30,17,30,310,555,"999, AV LOUIS BREGUET",,,Plein jour,En agglomération,Hors intersection,Normale,Deux véhicules - côté,,,,,,,,,,,1,2,1,1,3
201500022857,0015-09-19 10:30:00,15,9,19,10,30,310,555,"164, RTE DE REVEL",,,Plein jour,En agglomération,Hors intersection,Normale,Autre collision,,,,,,,,,,,1,2,1,1,6
201500022858,0015-10-01 08:00:00,15,10,1,8,0,310,555,VA007473 A61,,,Plein jour,Hors agglomération,Hors intersection,Normale,Deux véhicules - frontale,,,,,,,,,,,1,1,1,1,1
201500022859,0015-10-01 08:30:00,15,10,1,8,30,310,555,"343, AV DES ETATS UNIS",,,Plein jour,En agglomération,Hors intersection,Normale,Deux véhicules - côté,,,,,,,,,,,1,2,1,1,3
201500022860,0015-10-01 19:30:00,15,10,1,19,30,310,555,"999, RUE DE LA REPUBLIQU",,,Plein jour,En agglomération,Hors intersection,Normale,Deux véhicules - côté,,,,,,,,,,,1,2,1,1,3
201500022861,0015-10-02 07:15:00,15,10,2,7,15,310,555,"999, ALL DES GRANDS CHEN",,,Plein jour,En agglomération,Hors intersection,Normale,Autre collision,,,,,,,,,,,1,2,1,1,6
201500022862,0015-10-02 07:50:00,15,10,2,7,50,310,555,"999, BD DE SUISSE",,,Plein jour,En agglomération,Hors intersection,Normale,Deux véhicules - côté,,,,,,,,,,,1,2,1,1,3
201500022863,0015-10-02 11:55:00,15,10,2,11,55,310,555,"22, MINIMES (AV DES) DU",,,Plein jour,En agglomération,Hors intersection,Normale,Autre collision,,,,,,,,,,,1,2,1,1,6
201500022864,0015-10-03 01:55:00,15,10,3,1,55,310,555,"999, ALL CHARLES DE FITT",,,Nuit avec éclairage allumé,En agglomération,Hors intersection,Normale,Deux véhicules - côté,,,,,,,,,,,5,2,1,1,3
201500022865,0015-10-04 06:10:00,15,10,4,6,10,310,555,"999, RUE DU POLE",,,Nuit avec éclairage allumé,En agglomération,Hors intersection,Normale,Deux véhicules - côté,,,,,,,,,,,5,2,1,1,3
201500022866,0015-10-04 14:00:00,15,10,4,14,0,310,555,"999, BD DE LA GARE",,,Plein jour,En agglomération,Hors intersection,Normale,Deux véhicules - arrière,,,,,,,,,,,1,2,1,1,2
201500022867,0015-10-02 12:00:00,15,10,2,12,0,310,555,"999, RUE DE L UKRAINE",,,Plein jour,En agglomération,Hors intersection,Normale,Autre collision,,,,,,,,,,,1,2,1,1,6
201500022868,0015-10-05 10:30:00,15,10,5,10,30,310,555,"116, ESPAGNE (RTE D) DU",,,Plein jour,En agglomération,Hors intersection,Normale,Deux véhicules - côté,,,,,,,,,,,1,2,1,1,3
201500022869,0015-10-05 17:45:00,15,10,5,17,45,310,555,"999, Rd Pt Firmin Pons",,,Plein jour,En agglomération,Hors intersection,Normale,Deux véhicules - côté,,,,,,,,,,,1,2,1,1,3
201500022870,0015-10-06 01:20:00,15,10,6,1,20,310,555,"50, AV DE LAVAUR",,,Nuit avec éclairage allumé,En agglomération,Hors intersection,Normale,Autre collision,,,,,,,,,,,5,2,1,1,6
201500022871,0015-10-05 18:50:00,15,10,5,18,50,310,557,MARQUISAT (AV DU),43.57612,1.34763,Plein jour,En agglomération,Giratoire,Normale,Autre collision,,,,,,,,,,,1,2,6,1,6