accident_id,datetime,annee,mois,jour,heure,minute,departement,commune_insee,adresse,latitude,longitude,luminosite,agglomeration,intersection,meteo,collision,nb_vehicules,nb_usagers,nb_indemnes,nb_tues,nb_blesses_hosp,nb_blesses_legers,age_cond_1,age_cond_2,veh_type_cond_1,veh_type_cond_2,lum_code,agg_code,int_code,atm_code,col_code
201500023880,0015-10-15 11:30:00,15,10,15,11,30,330,63,264LAT.TASSIGNY/SOUBIRAS,44.857,-0.61992,Plein jour,En agglomération,Intersection en X,Normale,Autre collision,,,,,,,,,,,1,2,2,1,6
201500023881,0015-10-13 08:30:00,15,10,13,8,30,330,63,"116, QUAI DE LA SOUYS",44.82902,-0.5412,Plein jour,En agglomération,Hors intersection,Normale,Deux véhicules - côté,,,,,,,,,,,1,2,1,1,3
201500023882,0015-10-16 10:50:00,15,10,16,10,50,330,63,"294, CRS DE LA SOMME",44.8181,-0.57228,Plein jour,En agglomération,Hors intersection,Normale,Deux véhicules - arrière,,,,,,,,,,,1,2,1,1,2
201500023883,0015-10-13 22:30:00,15,10,13,22,30,330,281,AVE PRESIDENT J.F. KENNE,44.83344,-0.66611,Nuit avec éclairage allumé,En agglomération,Intersection en X,Normale,Deux véhicules - frontale,,,,,,,,,,,5,2,2,1,1
201500023884,0015-10-10 10:20:00,15,10,10,10,20,330,69,RUE FRANCIS DE PRESSENSE,44.85866,-0.60339,Plein jour,En agglomération,Intersection en X,Normale,Deux véhicules - côté,,,,,,,,,,,1,2,2,1,3
201500023885,0015-10-17 01:30:00,15,10,17,1,30,330,63,CRS DE LA MARNE,44.82982,-0.56805,Nuit avec éclairage allumé,En agglomération,Intersection en X,Normale,Deux véhicules - frontale,,,,,,,,,,,5,2,2,1,1
201500023886,0015-10-18 17:00:00,15,10,18,17,0,330,63,CRS MARECHAL JUIN,44.8356,-0.58412,Plein jour,En agglomération,Intersection en X,Pluie légère,Deux véhicules - arrière,,,,,,,,,,,1,2,2,2,2
201500023887,0015-10-17 16:15:00,15,10,17,16,15,330,63,"29,31,33 BD PIERRE 1ER",44.8554,-0.59241,Plein jour,En agglomération,Hors intersection,Normale,Trois véhicules et plus - en chaîne,,,,,,,,,,,1,2,1,1,4
201500023888,0015-10-18 20:45:00,15,10,18,20,45,330,63,AVE DE MERIGNAC CAUD,44.83879,-0.62583,Nuit avec éclairage allumé,En agglomération,Intersection en X,Normale,Trois véhicules et plus - en chaîne,,,,,,,,,,,5,2,2,1,4
201500023889,0015-10-16 07:25:00,15,10,16,7,25,330,162,RUE DES TREYTINS,44.8791,-0.63484,Nuit avec éclairage allumé,En agglomération,Intersection en X,Normale,Autre collision,,,,,,,,,,,5,2,2,1,6
201500023890,0015-10-15 18:45:00,15,10,15,18,45,330,200,"40, AVE DE LA REPUBLIQUE",44.8735,-0.68309,Crépuscule ou aube,En agglomération,Intersection en X,Normale,Autre collision,,,,,,,,,,,2,2,2,1,6
201500023891,0015-10-19 09:18:00,15,10,19,9,18,330,63,"71, CRS DE LA MARNE",44.8298,-0.56805,Plein jour,En agglomération,Intersection en X,Normale,Autre collision,,,,,,,,,,,1,2,2,1,6
201500023892,0015-10-20 09:06:00,15,10,20,9,6,330,63,AVE LOUIS BARTHOU CAUD,44.8524,-0.61855,Plein jour,En agglomération,Intersection en T,Normale,Deux véhicules - côté,,,,,,,,,,,1,2,3,1,3
201500023893,0015-10-20 14:45:00,15,10,20,14,45,330,63,RUE DES FRERES PORTMANN,44.86009,-0.57829,Plein jour,En agglomération,Hors intersection,Normale,Autre collision,,,,,,,,,,,1,2,1,1,6
201500023894,0015-10-19 18:15:00,15,10,19,18,15,330,281,AVE DE L'YSER,44.84197,-0.66076,Plein jour,En agglomération,Intersection en X,Normale,Deux véhicules - côté,,,,,,,,,,,1,2,2,1,3
201500023895,0015-10-20 12:10:00,15,10,20,12,10,330,318,AVE MAL DE LATTRE DE TAS,44.78238,-0.68901,Plein jour,En agglomération,Intersection en X,Normale,Deux véhicules - côté,,,,,,,,,,,1,2,2,1,3
201500023896,0015-10-20 17:00:00,15,10,20,17,0,330,318,RUE MONGE,44.77907,-0.6599,Plein jour,En agglomération,Intersection en T,Normale,Deux véhicules - côté,,,,,,,,,,,1,2,3,1,3
201500023897,0015-10-21 22:50:00,15,10,21,22,50,330,192,CRS DU GENERAL DE GAULLE,44.78641,-0.60504,Nuit avec éclairage allumé,En agglomération,Intersection en X,Normale,Deux véhicules - côté,,,,,,,,,,,5,2,2,1,3
201500023898,0015-10-19 12:00:00,15,10,19,12,0,330,281,RUE AUGUSTE LAMIRE,44.84011,-0.63353,Plein jour,En agglomération,Intersection en X,Normale,Deux véhicules - côté,,,,,,,,,,,1,2,2,1,3
201500023899,0015-10-19 19:40:00,15,10,19,19,40,330,39,"141, RTE DE TOULOUSE",44.8099,-0.57395,Nuit avec éclairage allumé,En agglomération,Hors intersection,Normale,Deux véhicules - côté,,,,,,,,,,,5,2,1,1,3
201500023900,0015-10-20 13:20:00,15,10,20,13,20,330,281,AVE DE LA LIBERATION,44.8525,-0.64518,Plein jour,En agglomération,Intersection en X,Normale,Deux véhicules - côté,,,,,,,,,,,1,2,2,1,3
201500023901,0015-10-19 17:17:00,15,10,19,17,17,330,318,"31,V GL LECLERC AP MORIN",44.7959,-0.66741,Plein jour,En agglomération,Hors intersection,Normale,Deux véhicules - côté,,,,,,,,,,,1,2,1,1,3
201500023902,0015-10-15 15:15:00,15,10,15,15,15,330,192,CRS DU GENERAL DE GAULLE,44.77846,-0.60978,Plein jour,En agglomération,Intersection en X,Normale,Deux véhicules - arrière,,,,,,,,,,,1,2,2,1,2
201500023903,0015-10-20 18:10:00,15,10,20,18,10,330,550,R. PR CHAVANNAZ/R.VERDUN,44.7698,-0.58751,Plein jour,En agglomération,Intersection en T,Normale,Autre collision,,,,,,,,,,,1,2,3,1,6
201500023904,0015-10-22 17:00:00,15,10,22,17,0,330,119,RUE DU 8 MAI 1945,44.8522,-0.51326,Plein jour,En agglomération,Intersection en T,Pluie légère,Deux véhicules - côté,,,,,,,,,,,1,2,3,2,3
201500023905,0015-10-25 23:45:00,15,10,25,23,45,330,63,"81, YSER (CRS DE L)",44.8269,-0.56923,Nuit avec éclairage allumé,En agglomération,Intersection en X,Normale,Deux véhicules - côté,,,,,,,,,,,5,2,2,1,3
201500023906,0015-10-23 14:00:00,15,10,23,14,0,330,63,"261, BD ALFRED DANEY",44.87135,-0.56302,Plein jour,En agglomération,Hors intersection,Normale,Deux véhicules - côté,,,,,,,,,,,1,2,1,1,3
201500023907,0015-10-23 13:00:00,15,10,23,13,0,330,63,"16, QUAI DE LA MONNAIE",44.834,-0.56292,Plein jour,En agglomération,Hors intersection,Normale,Autre collision,,,,,,,,,,,1,2,1,1,6
201500023908,0015-10-24 17:00:00,15,10,24,17,0,330,63,RUE DE BEGLES,44.81522,-0.56534,Plein jour,En agglomération,Intersection à plus de 4 branches,Normale,Deux véhicules - frontale,,,,,,,,,,,1,2,5,1,1
201500023909,0015-10-25 04:14:00,15,10,25,4,14,330,63,"12, QUAI LOUIS XVIII",44.8476,-0.57104,Nuit avec éclairage allumé,En agglomération,Hors intersection,Normale,Deux véhicules - côté,,,,,,,,,,,5,2,1,1,3
201500023910,0015-10-25 17:40:00,15,10,25,17,40,330,63,"181, MEDOC (CRS DU)",44.8642,-0.57379,Plein jour,En agglomération,Intersection en T,Normale,Deux véhicules - arrière,,,,,,,,,,,1,2,3,1,2
201500023911,0015-10-26 17:15:00,15,10,26,17,15,330,63,BD ALFRED DANEY,44.87053,-0.56503,Plein jour,En agglomération,Hors intersection,Normale,Autre collision,,,,,,,,,,,1,2,1,1,6
201500023912,0015-10-26 18:30:00,15,10,26,18,30,330,63,ALL VERCINGETORIX,44.8424,-0.58465,Nuit avec éclairage allumé,En agglomération,Intersection en Y,Normale,Autre collision,,,,,,,,,,,5,2,4,1,6
201500023913,0015-10-27 17:55:00,15,10,27,17,55,330,63,RUE DE LA BECHADE,44.8251,-0.59874,Nuit avec éclairage allumé,En agglomération,Intersection en T,Pluie forte,Autre collision,,,,,,,,,,,5,2,3,3,6
201500023914,0015-10-27 18:20:00,15,10,27,18,20,330,192,"R,du Moulineau",44.77076,-0.60946,Nuit avec éclairage allumé,En agglomération,Giratoire,Pluie forte,Autre collision,,,,,,,,,,,5,2,6,3,6
201500023915,0015-10-27 07:35:00,15,10,27,7,35,330,119,BD ENTRE DEUX MERS,44.845,-0.53239,Plein jour,En agglomération,Intersection à plus de 4 branches,Normale,Deux véhicules - côté,,,,,,,,,,,1,2,5,1,3
201500023916,0015-10-22 16:55:00,15,10,22,16,55,330,522,RUE PACARIS,44.7977,-0.58093,Plein jour,En agglomération,Giratoire,Normale,Trois véhicules et plus - collisions multiples,,,,,,,,,,,1,2,6,1,5
201500023917,0015-10-28 18:52:00,15,10,28,18,52,330,63,"4, RUE ERIK SATIE",44.8451,-0.62853,Nuit avec éclairage allumé,En agglomération,Intersection en T,Normale,Autre collision,,,,,,,,,,,5,2,3,1,6
201500023918,0015-10-28 20:30:00,15,10,28,20,30,330,63,"178, RUE STEHELIN CAUD",44.8569,-0.63624,Nuit avec éclairage allumé,En agglomération,Hors intersection,Pluie légère,Deux véhicules - côté,,,,,,,,,,,5,2,1,2,3
201500023919,0015-10-29 14:00:00,15,10,29,14,0,330,63,BD GODARD,44.86051,-0.58843,Plein jour,En agglomération,Hors intersection,Normale,Deux véhicules - arrière,,,,,,,,,,,1,2,1,1,2
201500023920,0015-10-29 17:41:00,15,10,29,17,41,330,550,CHEM GASTON,44.7765,-0.57637,Crépuscule ou aube,En agglomération,Giratoire,Normale,Deux véhicules - arrière,,,,,,,,,,,2,2,6,1,2
201500023921,0015-10-29 08:30:00,15,10,29,8,30,330,318,"21, RUE JEAN PERRIN",44.7788,-0.66043,Plein jour,En agglomération,Hors intersection,Normale,Autre collision,,,,,,,,,,,1,2,1,1,6
201500023922,0015-10-24 20:00:00,15,10,24,20,0,330,162,"153, AVE DE SAINT-MEDARD",44.8627,-0.65157,Nuit avec éclairage allumé,En agglomération,Hors intersection,Normale,Deux véhicules - arrière,,,,,,,,,,,5,2,1,1,2
201500023923,0015-10-27 13:00:00,15,10,27,13,0,330,119,BD ENTRE DEUX MERS,44.84601,-0.53519,Plein jour,En agglomération,Intersection en X,Normale,Deux véhicules - côté,,,,,,,,,,,1,2,2,1,3
201500023924,0015-10-29 19:30:00,15,10,29,19,30,330,63,BD JEAN-JACQUES BOSC,44.81885,-0.54514,Nuit avec éclairage allumé,En agglomération,Intersection en X,Normale,Deux véhicules - côté,,,,,,,,,,,5,2,2,1,3
201500023925,0015-10-26 10:55:00,15,10,26,10,55,330,550,"26, RTE DE LEOGNAN",44.76846,-0.57949,Plein jour,En agglomération,Hors intersection,Normale,Deux véhicules - côté,,,,,,,,,,,1,2,1,1,3
201500023926,0015-10-29 19:50:00,15,10,29,19,50,330,63,CRS DE LA SOMME,44.83,-0.57239,Nuit avec éclairage allumé,En agglomération,Intersection en T,Normale,Deux véhicules - côté,,,,,,,,,,,5,2,3,1,3
201500023927,0015-10-23 18:00:00,15,10,23,18,0,330,281,AVE HENRI BARBUSSE,44.85624,-0.64189,Plein jour,En agglomération,Intersection en X,Normale,Deux véhicules - côté,,,,,,,,,,,1,2,2,1,3
201500023928,0015-10-30 19:45:00,15,10,30,19,45,330,63,BD ALIENOR D'AQUITAINE,44.8739,-0.56521,Nuit avec éclairage allumé,En agglomération,Hors intersection,Normale,Deux véhicules - arrière,,,,,,,,,,,5,2,1,1,2
201500023929,0015-11-01 12:10:00,15,11,1,12,10,330,63,BD ALBERT BRANDENBURG,44.8755,-0.5531,Plein jour,En agglomération,Place,Normale,Autre collision,,,,,,,,,,,1,2,7,1,6
201500023930,0015-11-02 16:30:00,15,11,2,16,30,330,63,"12, CRS SAINT LOUIS",44.8561,-0.57109,Plein jour,En agglomération,Hors intersection,Normale,Trois véhicules et plus - collisions multiples,,,,,,,,,,,1,2,1,1,5
201500023931,0015-11-03 08:55:00,15,11,3,8,55,330,63,QUAI DE LA SOUYS,44.8308,-0.54464,Plein jour,En agglomération,Intersection en T,Normale,Deux véhicules - côté,,,,,,,,,,,1,2,3,1,3
201500023932,0015-10-28 05:45:00,15,10,28,5,45,330,192,CRX MONJOUS/BENEDIGUES,44.7772,-0.59293,Nuit avec éclairage allumé,En agglomération,Giratoire,Normale,Deux véhicules - côté,,,,,,,,,,,5,2,6,1,3
201500023933,0015-10-31 18:15:00,15,10,31,18,15,330,63,10CRSB.STUTTENBERG/BORIE,44.8553,-0.57115,Nuit avec éclairage allumé,En agglomération,Intersection en T,Normale,Autre collision,,,,,,,,,,,5,2,3,1,6
201500023934,0015-11-04 10:10:00,15,11,4,10,10,330,63,RUE FRANCIS GARNIER,44.874,-0.56351,Plein jour,En agglomération,Hors intersection,Normale,Deux véhicules - côté,,,,,,,,,,,1,2,1,1,3
201500023935,0015-11-02 09:05:00,15,11,2,9,5,330,281,"7, RUE GUTENBERG",44.8263,-0.67179,Plein jour,En agglomération,Hors intersection,Normale,Deux véhicules - arrière,,,,,,,,,,,1,2,1,1,2
201500023936,0015-11-04 10:19:00,15,11,4,10,19,330,63,"160, REPUBLIQUE CAUD (AV",44.83954,-0.60768,Plein jour,En agglomération,Intersection en X,Normale,Deux véhicules - côté,,,,,,,,,,,1,2,2,1,3
201500023937,0015-11-04 13:45:00,15,11,4,13,45,330,63,RUE PELLEPORT/BILLAUDEL,44.8224,-0.56219,Plein jour,En agglomération,Intersection en X,Normale,Deux véhicules - arrière,,,,,,,,,,,1,2,2,1,2
201500023938,0015-10-30 17:38:00,15,10,30,17,38,330,39,"12 14C, RUE DURCY",44.79958,-0.54375,Plein jour,En agglomération,Hors intersection,Normale,Deux véhicules - côté,,,,,,,,,,,1,2,1,1,3
201500023939,0015-11-06 12:10:00,15,11,6,12,10,330,63,PCE DE LA VICTOIRE,44.8306,-0.57337,Plein jour,En agglomération,Intersection en T,Normale,Autre collision,,,,,,,,,,,1,2,3,1,6
201500023940,0015-11-06 20:40:00,15,11,6,20,40,330,63,AVE DE VERDUN CAUD,44.8603,-0.61264,Nuit avec éclairage allumé,En agglomération,Intersection en Y,Normale,Deux véhicules - frontale,,,,,,,,,,,5,2,4,1,1
201500023941,0015-11-04 17:05:00,15,11,4,17,5,330,192,AV L'HIPPODROME/POTERIE,44.7735,-0.63948,Plein jour,En agglomération,Giratoire,Normale,Autre collision,,,,,,,,,,,1,2,6,1,6
201500023942,0015-11-06 12:00:00,15,11,6,12,0,330,63,BOSC (BD JEAN-JACQUES),44.8147,-0.55287,Plein jour,En agglomération,Intersection en X,Normale,Deux véhicules - arrière,,,,,,,,,,,1,2,2,1,2
201500023943,0015-11-06 09:50:00,15,11,6,9,50,330,63,"140, QUAI DE LA SOUYS",44.82715,-0.53815,Plein jour,En agglomération,Hors intersection,Normale,Deux véhicules - côté,,,,,,,,,,,1,2,1,1,3
201500023944,0015-11-08 11:20:00,15,11,8,11,20,330,63,PCE MAREILHAC,44.8765,-0.55103,Plein jour,En agglomération,Giratoire,Normale,Deux véhicules - côté,,,,,,,,,,,1,2,6,1,3
201500023945,0015-11-04 08:15:00,15,11,4,8,15,330,162,AVE DU MEDOC,44.8802,-0.62764,Plein jour,En agglomération,Intersection en X,Normale,Deux véhicules - côté,,,,,,,,,,,1,2,2,1,3
201500023946,0015-10-30 09:30:00,15,10,30,9,30,330,550,RUE RAYMOND POINCARE,44.7619,-0.57071,Plein jour,En agglomération,Intersection en X,Normale,Deux véhicules - frontale,,,,,,,,,,,1,2,2,1,1
201500023947,0015-11-06 17:00:00,15,11,6,17,0,330,75,"118, AVE JEAN JAURES",44.875,-0.59044,Plein jour,En agglomération,Intersection en T,Normale,Deux véhicules - frontale,,,,,,,,,,,1,2,3,1,1
201500023948,0015-11-09 02:20:00,15,11,9,2,20,330,63,ALL DE TOURNY,44.8452,-0.57705,Nuit avec éclairage allumé,En agglomération,Intersection en X,Normale,Autre collision,,,,,,,,,,,5,2,2,1,6
201500023949,0015-11-09 07:10:00,15,11,9,7,10,330,63,PONT Jacques CHABAN DELM,44.856,-0.54953,Crépuscule ou aube,En agglomération,Intersection en T,Normale,Deux véhicules - arrière,,,,,,,,,,,2,2,3,1,2
201500023950,0015-11-09 20:20:00,15,11,9,20,20,330,63,QUAI DE BACALAN,44.8624,-0.55105,Nuit avec éclairage allumé,En agglomération,Intersection en X,Normale,Deux véhicules - arrière,,,,,,,,,,,5,2,2,1,2
201500023951,0015-11-09 13:00:00,15,11,9,13,0,330,63,BD JEAN-JACQUES BOSC,44.81714,-0.54849,Plein jour,En agglomération,Intersection en X,Normale,Deux véhicules - côté,,,,,,,,,,,1,2,2,1,3
201500023952,0015-11-09 16:20:00,15,11,9,16,20,330,63,"72, QUAI DES CHARTRONS",44.8531,-0.5674,Plein jour,En agglomération,Hors intersection,Normale,Autre collision,,,,,,,,,,,1,2,1,1,6
201500023953,0015-11-03 10:30:00,15,11,3,10,30,330,200,RUE HUSTIN,44.87377,-0.68521,Plein jour,En agglomération,Intersection en T,Normale,Deux véhicules - côté,,,,,,,,,,,1,2,3,1,3
201500023954,0015-11-11 07:20:00,15,11,11,7,20,330,63,QUAI DES CHARTRONS,44.8498,-0.56992,Plein jour,En agglomération,Hors intersection,Normale,Autre collision,,,,,,,,,,,1,2,1,1,6
201500023955,0015-11-04 10:40:00,15,11,4,10,40,330,39,RUE LAUDINAT,44.81248,-0.54654,Plein jour,En agglomération,Intersection en X,Normale,Deux véhicules - côté,,,,,,,,,,,1,2,2,1,3
201500023956,0015-11-11 01:45:00,15,11,11,1,45,330,63,RUE GEORGES BONNAC,44.8383,-0.59068,Nuit avec éclairage non allumé,En agglomération,Intersection en Y,Normale,Autre collision,,,,,,,,,,,4,2,4,1,6
201500023957,0015-11-05 21:10:00,15,11,5,21,10,330,281,LIBERATION (AVE DE LA),44.8459,-0.64451,Nuit avec éclairage allumé,En agglomération,Intersection en T,Normale,Autre collision,,,,,,,,,,,5,2,3,1,6
201500023958,0015-11-03 14:30:00,15,11,3,14,30,330,550,RTE DE TOULOUSE,44.7969,-0.56844,Plein jour,En agglomération,Intersection en X,Pluie légère,Deux véhicules - arrière,,,,,,,,,,,1,2,2,2,2
201500023959,0015-11-04 12:30:00,15,11,4,12,30,330,318,"73, AVE JEAN JAURES",44.8097,-0.62216,Plein jour,En agglomération,Hors intersection,Normale,Deux véhicules - arrière,,,,,,,,,,,1,2,1,1,2
201500023960,0015-11-11 06:20:00,15,11,11,6,20,330,63,VOIE D'ACCES PONT SAINT,44.8307,-0.55564,Nuit avec éclairage allumé,En agglomération,Hors intersection,Brouillard / fumée,Deux véhicules - frontale,,,,,,,,,,,5,2,1,5,1
201500023961,0015-11-10 08:30:00,15,11,10,8,30,330,63,PONT Jacques CHABAN DELM,44.8584,-0.55174,Plein jour,En agglomération,Hors intersection,Normale,Deux véhicules - arrière,,,,,,,,,,,1,2,1,1,2
201500023962,0015-11-08 15:10:00,15,11,8,15,10,330,318,AVE DU GENERAL LECLERC,44.7832,-0.68707,Plein jour,En agglomération,Intersection en T,Normale,Deux véhicules - côté,,,,,,,,,,,1,2,3,1,3
201500023963,0015-11-05 07:50:00,15,11,5,7,50,330,39,RUE LAUDINAT,44.8125,-0.54657,Plein jour,En agglomération,Intersection en X,Normale,Deux véhicules - côté,,,,,,,,,,,1,2,2,1,3
201500023964,0015-11-07 23:30:00,15,11,7,23,30,330,13,AVE DE VIRECOURT,44.8537,-0.50371,Nuit avec éclairage allumé,En agglomération,Hors intersection,Normale,Autre collision,,,,,,,,,,,5,2,1,1,6
201500023965,0015-11-10 14:50:00,15,11,10,14,50,330,63,PCE MARTYRS DE LA RESIST,44.8416,-0.5835,Plein jour,En agglomération,Intersection en T,Normale,Deux véhicules - côté,,,,,,,,,,,1,2,3,1,3
201500023966,0015-11-12 18:30:00,15,11,12,18,30,330,63,RUE MANON CORMIER,44.8305,-0.59275,Nuit avec éclairage allumé,En agglomération,Intersection en X,Brouillard / fumée,Deux véhicules - côté,,,,,,,,,,,5,2,2,5,3
201500023967,0015-11-12 11:15:00,15,11,12,11,15,330,63,STEHLIN/LAGRAVEYRE,44.856,-0.62671,Plein jour,En agglomération,Intersection en T,Normale,Deux véhicules - frontale,,,,,,,,,,,1,2,3,1,1
201500023968,0015-11-12 19:10:00,15,11,12,19,10,330,63,Avenue Thiers,44.8446,-0.55261,Nuit avec éclairage allumé,En agglomération,Intersection en T,Brouillard / fumée,Deux véhicules - côté,,,,,,,,,,,5,2,3,5,3
201500023969,0015-11-13 17:35:00,15,11,13,17,35,330,63,"43, CRS PORTAL",44.8538,-0.57259,Nuit avec éclairage allumé,En agglomération,Intersection en T,Normale,Autre collision,,,,,,,,,,,5,2,3,1,6
201500023970,0015-11-13 22:15:00,15,11,13,22,15,330,13,RN 89,44.8685,-0.50292,Nuit sans éclairage public,En agglomération,Intersection en Y,Normale,Deux véhicules - arrière,,,,,,,,,,,3,2,4,1,2
201500023971,0015-11-12 13:00:00,15,11,12,13,0,330,63,"243, RUE DE PESSAC",44.8256,-0.58874,Plein jour,En agglomération,Intersection en T,Normale,Autre collision,,,,,,,,,,,1,2,3,1,6
201500023972,0015-11-13 15:00:00,15,11,13,15,0,330,63,PCE RAVEZIES/BD GODARD,44.8658,-0.57611,Plein jour,En agglomération,Giratoire,Normale,Deux véhicules - côté,,,,,,,,,,,1,2,6,1,3
201500023973,0015-11-15 02:56:00,15,11,15,2,56,330,63,Q.LOUIS XVIII/ALL MUNICH,44.8449,-0.57098,Nuit avec éclairage allumé,En agglomération,Intersection en T,Brouillard / fumée,Autre collision,,,,,,,,,,,5,2,3,5,6
201500023974,0015-11-13 19:15:00,15,11,13,19,15,330,63,CRS D'ALBRET,44.83734,-0.58121,Nuit avec éclairage allumé,En agglomération,Intersection en T,Normale,Deux véhicules - côté,,,,,,,,,,,5,2,3,1,3
201500023975,0015-11-10 13:13:00,15,11,10,13,13,330,318,AVE LEON DUGUIT,44.8007,-0.60958,Plein jour,En agglomération,Giratoire,Normale,Autre collision,,,,,,,,,,,1,2,6,1,6
201500023976,0015-11-10 08:00:00,15,11,10,8,0,330,69,RUE MARIUS MARCHANDOU,44.8635,-0.60651,Plein jour,En agglomération,Giratoire,Brouillard / fumée,Deux véhicules - côté,,,,,,,,,,,1,2,6,5,3
201500023977,0015-11-10 18:35:00,15,11,10,18,35,330,65,QUAI DE LA SOUYS,44.8171,-0.52943,Nuit avec éclairage allumé,En agglomération,Intersection en X,Normale,Deux véhicules - côté,,,,,,,,,,,5,2,2,1,3
201500023978,0015-11-16 13:40:00,15,11,16,13,40,330,63,DESCHAMPS (QUAI ),44.83939,-0.55905,Plein jour,Hors agglomération,Intersection en T,Normale,Deux véhicules - côté,,,,,,,,,,,1,1,3,1,3
201500023979,0015-11-16 08:40:00,15,11,16,8,40,330,63,RUE STEHELIN CAUD,44.8568,-0.63671,Plein jour,En agglomération,Intersection en T,Normale,Deux véhicules - côté,,,,,,,,,,,1,2,3,1,3
201500023980,0015-11-15 23:25:00,15,11,15,23,25,330,167,VOIE PENETRANTE EST,44.8435,-0.5281,Nuit avec éclairage allumé,En agglomération,Hors intersection,Normale,Autre collision,,,,,,,,,,,5,2,1,1,6
201500023981,0015-11-05 08:19:00,15,11,5,8,19,330,162,"22, AVE DU TAILLAN-MEDOC",44.8732,-0.63408,Plein jour,En agglomération,Hors intersection,Normale,Deux véhicules - arrière,,,,,,,,,,,1,2,1,1,2
201500023982,0015-11-12 18:10:00,15,11,12,18,10,330,281,"455, AVE DE VERDUN",44.841,-0.64284,Nuit avec éclairage allumé,En agglomération,Hors intersection,Normale,Trois véhicules et plus - en chaîne,,,,,,,,,,,5,2,1,1,4
201500023983,0015-11-16 12:15:00,15,11,16,12,15,330,281,"10, AV GRANGE NOIRE",44.8509,-0.67842,Plein jour,En agglomération,Hors intersection,Normale,Deux véhicules - côté,,,,,,,,,,,1,2,1,1,3
201500023984,0015-11-15 00:25:00,15,11,15,0,25,330,162,"218, AVE DU MEDOC",44.8886,-0.64552,Nuit avec éclairage allumé,En agglomération,Hors intersection,Brouillard / fumée,Autre collision,,,,,,,,,,,5,2,1,5,6
201500023985,0015-11-18 22:30:00,15,11,18,22,30,330,63,RUE EDMOND COSTEDOAT,44.83199,-0.57787,Plein jour,En agglomération,Intersection en X,Temps couvert,Deux véhicules - côté,,,,,,,,,,,1,2,2,8,3
201500023986,0015-11-18 11:55:00,15,11,18,11,55,330,63,PCE DE LA VICTOIRE,44.831,-0.57341,Plein jour,En agglomération,Intersection en T,Normale,Autre collision,,,,,,,,,,,1,2,3,1,6
201500023987,0015-11-16 17:25:00,15,11,16,17,25,330,119,"62, AVE RENE CASSAGNE",44.85965,-0.515,Crépuscule ou aube,En agglomération,Intersection en T,Normale,Deux véhicules - côté,,,,,,,,,,,2,2,3,1,3
201500023988,0015-11-19 14:40:00,15,11,19,14,40,330,63,BD ALFRED DANEY,44.87137,-0.56299,Plein jour,En agglomération,Hors intersection,Pluie légère,Deux véhicules - arrière,,,,,,,,,,,1,2,1,2,2
201500023989,0015-11-19 08:40:00,15,11,19,8,40,330,63,RUE LAGRANGE,44.85141,-0.58226,Plein jour,En agglomération,Intersection en X,Normale,Deux véhicules - côté,,,,,,,,,,,1,2,2,1,3
201500023990,0015-11-19 19:15:00,15,11,19,19,15,330,63,QUAI DE LA SOUYS,44.8308,-0.54464,Nuit avec éclairage allumé,En agglomération,Intersection en X,Normale,Deux véhicules - frontale,,,,,,,,,,,5,2,2,1,1
201500023991,0015-11-22 02:30:00,15,11,22,2,30,330,63,BD GEORGE V,44.82533,-0.58915,Nuit avec éclairage allumé,En agglomération,Intersection en X,Normale,Deux véhicules - côté,,,,,,,,,,,5,2,2,1,3
201500023992,0015-11-21 05:45:00,15,11,21,5,45,330,63,"19, QUAI DES SALINIERES",44.8353,-0.56455,Nuit avec éclairage allumé,En agglomération,Hors intersection,Pluie légère,Autre collision,,,,,,,,,,,5,2,1,2,6
201500023993,0015-11-20 17:00:00,15,11,20,17,0,330,63,CRS PASTEUR,44.8351,-0.57499,Plein jour,En agglomération,Intersection à plus de 4 branches,Pluie légère,Deux véhicules - côté,,,,,,,,,,,1,2,5,2,3
201500023994,0015-11-19 10:10:00,15,11,19,10,10,330,119,AVE RENE CASSAGNE,44.8532,-0.51685,Plein jour,En agglomération,Intersection en T,Pluie légère,Autre collision,,,,,,,,,,,1,2,3,2,6
201500023995,0015-11-16 15:00:00,15,11,16,15,0,330,39,JGUESDE/PL XIV JUILLET,44.8076,-0.54895,Plein jour,En agglomération,Intersection en X,Normale,Trois véhicules et plus - collisions multiples,,,,,,,,,,,1,2,2,1,5
201500023996,0015-11-09 08:40:00,15,11,9,8,40,330,522,RUE LAFONTAINE,44.8029,-0.58401,Plein jour,En agglomération,Intersection en T,Normale,Deux véhicules - côté,,,,,,,,,,,1,2,3,1,3
201500023997,0015-11-12 14:25:00,15,11,12,14,25,330,75,CHN REDUIT/BACCHUS,44.8841,-0.59916,Plein jour,En agglomération,Intersection en X,Normale,Autre collision,,,,,,,,,,,1,2,2,1,6
201500023998,0015-11-18 17:05:00,15,11,18,17,5,330,162,AVE DU MEDOC,44.88377,-0.63338,Crépuscule ou aube,En agglomération,Hors intersection,Pluie légère,Deux véhicules - côté,,,,,,,,,,,2,2,1,2,3
201500023999,0015-11-19 16:40:00,15,11,19,16,40,330,281,AVE PIERRE MENDES FRANCE,44.83766,-0.64088,Plein jour,En agglomération,Intersection en X,Normale,Deux véhicules - côté,,,,,,,,,,,1,2,2,1,3
201500024000,0015-11-16 19:30:00,15,11,16,19,30,330,522,RUE PEYDAVANT,44.80436,-0.58672,Nuit avec éclairage allumé,En agglomération,Intersection en T,Normale,Trois véhicules et plus - collisions multiples,,,,,,,,,,,5,2,3,1,5
201500024001,0015-11-19 08:15:00,15,11,19,8,15,330,167,Av GASTON CABANNES,44.8239,-0.52129,Plein jour,En agglomération,Intersection en T,Pluie légère,Deux véhicules - arrière,,,,,,,,,,,1,2,3,2,2