accident_id,datetime,annee,mois,jour,heure,minute,departement,commune_insee,adresse,latitude,longitude,luminosite,agglomeration,intersection,meteo,collision,nb_vehicules,nb_usagers,nb_indemnes,nb_tues,nb_blesses_hosp,nb_blesses_legers,age_cond_1,age_cond_2,veh_type_cond_1,veh_type_cond_2,lum_code,agg_code,int_code,atm_code,col_code
201500024247,0015-02-26 12:15:00,15,2,26,12,15,330,63,"0, RUE DE GRAVELOTTE",44.8144,-0.56498,Plein jour,En agglomération,Intersection en X,Normale,Deux véhicules - côté,,,,,,,,,,,1,2,2,1,3
201500024248,0015-02-22 01:05:00,15,2,22,1,5,330,63,30R.JBURGUET-DVT EULALIE,44.8333,-0.57811,Nuit avec éclairage allumé,En agglomération,Hors intersection,Normale,Deux véhicules - côté,,,,,,,,,,,5,2,1,1,3
201500024249,0015-02-20 16:50:00,15,2,20,16,50,330,69,"157, AVE LA LIBERATION",44.8609,-0.60009,Plein jour,En agglomération,Hors intersection,Pluie légère,Autre collision,,,,,,,,,,,1,2,1,2,6
201500024250,0015-02-21 19:20:00,15,2,21,19,20,330,281,AVE PIERRE MENDES FRANCE,44.8328,-0.6406,Nuit avec éclairage allumé,En agglomération,Giratoire,Normale,Deux véhicules - côté,,,,,,,,,,,5,2,6,1,3
201500024251,0015-02-22 21:11:00,15,2,22,21,11,330,119,CRS VICTOR HUGO/MAL FOCH,44.8552,-0.53219,Nuit avec éclairage allumé,En agglomération,Intersection en X,Pluie légère,Deux véhicules - côté,,,,,,,,,,,5,2,2,2,3
201500024252,0015-02-23 07:20:00,15,2,23,7,20,330,281,AVE FRANCOIS MITTERRAND,44.8241,-0.63643,Crépuscule ou aube,En agglomération,Giratoire,Pluie forte,Deux véhicules - côté,,,,,,,,,,,2,2,6,3,3
201500024253,0015-02-23 19:00:00,15,2,23,19,0,330,63,"253, AVE DE LA REPUBLIQU",44.8391,-0.61308,Nuit avec éclairage allumé,En agglomération,Intersection en T,Pluie forte,Deux véhicules - frontale,,,,,,,,,,,5,2,3,3,1
201500024254,0015-02-24 18:15:00,15,2,24,18,15,330,63,CRS BARBEY/CRS MARNE,44.8285,-0.56205,Plein jour,En agglomération,Intersection en T,Normale,Deux véhicules - côté,,,,,,,,,,,1,2,3,1,3
201500024255,0015-02-25 12:15:00,15,2,25,12,15,330,192,BD DE MALARTIC,44.7683,-0.60371,Plein jour,En agglomération,Intersection en T,Pluie légère,Deux véhicules - frontale,,,,,,,,,,,1,2,3,2,1
201500024256,0015-02-25 19:40:00,15,2,25,19,40,330,65,RTE DE LATRESNE,44.8095,-0.50469,Nuit avec éclairage allumé,En agglomération,Intersection en Y,Pluie forte,Deux véhicules - côté,,,,,,,,,,,5,2,4,3,3
201500024257,0015-02-27 08:50:00,15,2,27,8,50,330,281,AVE DU MARECHAL JOFFRE,44.8179,-0.62974,Plein jour,En agglomération,Intersection en X,Normale,Deux véhicules - côté,,,,,,,,,,,1,2,2,1,3
201500024258,0015-02-27 08:30:00,15,2,27,8,30,330,281,RUE DE L'EMAILLERIE,44.8464,-0.63505,Plein jour,En agglomération,Intersection en T,Normale,Deux véhicules - côté,,,,,,,,,,,1,2,3,1,3
201500024259,0015-02-27 14:25:00,15,2,27,14,25,330,63,CRS DE LA MARNE,44.8302,-0.56988,Plein jour,En agglomération,Intersection en X,Normale,Deux véhicules - côté,,,,,,,,,,,1,2,2,1,3
201500024260,0015-02-28 11:45:00,15,2,28,11,45,330,63,AVE DES QUARANTE JOURNAU,44.8775,-0.56901,Plein jour,En agglomération,Intersection en T,Pluie légère,Deux véhicules - côté,,,,,,,,,,,1,2,3,2,3
201500024261,0015-03-01 02:33:00,15,3,1,2,33,330,119,RUE JULES GUESDE,44.85698,-0.53727,Nuit avec éclairage allumé,En agglomération,Intersection en T,Pluie forte,Autre collision,,,,,,,,,,,5,2,3,3,6
201500024262,0015-03-01 07:30:00,15,3,1,7,30,330,281,"47, AVE DE LA FORET",44.857,-0.64667,Nuit avec éclairage allumé,En agglomération,Hors intersection,Pluie légère,Autre collision,,,,,,,,,,,5,2,1,2,6
201500024263,0015-03-01 12:05:00,15,3,1,12,5,330,162,"40-42, AVE JEAN MERMOZ",44.8781,-0.65679,Plein jour,En agglomération,Hors intersection,Pluie légère,Autre collision,,,,,,,,,,,1,2,1,2,6
201500024264,0015-03-02 04:50:00,15,3,2,4,50,330,281,AVE DE MAGUDAS,44.8587,-0.67288,Nuit avec éclairage non allumé,En agglomération,Intersection en T,Pluie forte,Deux véhicules - côté,,,,,,,,,,,4,2,3,3,3
201500024265,0015-03-01 11:50:00,15,3,1,11,50,330,69,AVE VICTOR HUGO,44.8639,-0.59036,Plein jour,En agglomération,Intersection en X,Pluie légère,Autre collision,,,,,,,,,,,1,2,2,2,6
201500024266,0015-03-02 19:50:00,15,3,2,19,50,330,63,RUE TANESSE,44.8319,-0.57727,Nuit avec éclairage allumé,En agglomération,Intersection en X,Normale,Deux véhicules - frontale,,,,,,,,,,,5,2,2,1,1
201500024267,0015-03-03 05:00:00,15,3,3,5,0,330,63,BD ALFRED DANEY,44.87161,-0.56244,Nuit avec éclairage allumé,En agglomération,Intersection en T,Normale,Deux véhicules - côté,,,,,,,,,,,5,2,3,1,3
201500024268,0015-03-03 07:45:00,15,3,3,7,45,330,63,"9, RUE JEAN FLEURET",44.8365,-0.584,Plein jour,En agglomération,Hors intersection,Normale,Autre collision,,,,,,,,,,,1,2,1,1,6
201500024269,0015-03-04 10:30:00,15,3,4,10,30,330,63,CRS DU RACCORDEMENT,44.8646,-0.56377,Plein jour,En agglomération,Intersection en X,Normale,Deux véhicules - côté,,,,,,,,,,,1,2,2,1,3
201500024270,0015-03-07 14:40:00,15,3,7,14,40,330,63,124 Q.SOUYS / R. J.DUPAS,44.8283,-0.54019,Plein jour,En agglomération,Intersection en T,Normale,Deux véhicules - arrière,,,,,,,,,,,1,2,3,1,2
201500024271,0015-03-05 14:00:00,15,3,5,14,0,330,162,D. 1215,44.8799,-0.66186,Plein jour,En agglomération,Hors intersection,Normale,Trois véhicules et plus - collisions multiples,,,,,,,,,,,1,2,1,1,5
201500024272,0015-03-08 11:15:00,15,3,8,11,15,330,63,"59, GALLIENI (CRS DU MAR",44.8239,-0.59178,Plein jour,En agglomération,Intersection en T,Normale,Deux véhicules - arrière,,,,,,,,,,,1,2,3,1,2
201500024273,0015-03-09 08:01:00,15,3,9,8,1,330,318,AVE ANTOINE BECQUEREL,44.7875,-0.64568,Plein jour,En agglomération,Hors intersection,Normale,Deux véhicules - côté,,,,,,,,,,,1,2,1,1,3
201500024274,0015-03-09 15:30:00,15,3,9,15,30,330,63,RUE FRERE,44.8532,-0.57669,Plein jour,En agglomération,Intersection en X,Normale,Deux véhicules - côté,,,,,,,,,,,1,2,2,1,3
201500024275,0015-03-09 17:45:00,15,3,9,17,45,330,522,RUE GEORGES BIZET/ALDONA,44.798,-0.58777,Plein jour,En agglomération,Intersection en T,Normale,Deux véhicules - côté,,,,,,,,,,,1,2,3,1,3
201500024276,0015-03-10 13:00:00,15,3,10,13,0,330,69,AVE DE LA LIBERATION-CH.,44.8571,-0.59722,Plein jour,En agglomération,Intersection en T,Normale,Deux véhicules - côté,,,,,,,,,,,1,2,3,1,3
201500024277,0015-03-11 07:50:00,15,3,11,7,50,330,522,RUE CHARLES GOUNOD,44.7969,-0.58567,Plein jour,En agglomération,Intersection en X,Normale,Deux véhicules - côté,,,,,,,,,,,1,2,2,1,3
201500024278,0015-03-11 18:30:00,15,3,11,18,30,330,63,AV MAL DE LATTRE DE TASS,44.8589,-0.62799,Plein jour,En agglomération,Intersection en T,Normale,Deux véhicules - côté,,,,,,,,,,,1,2,3,1,3
201500024279,0015-03-11 23:05:00,15,3,11,23,5,330,63,"40, CRS DU MEDOC",44.8576,-0.56603,Nuit avec éclairage allumé,En agglomération,Hors intersection,Normale,Autre collision,,,,,,,,,,,5,2,1,1,6
201500024280,0015-03-12 15:07:00,15,3,12,15,7,330,63,RUE MATHIEU,44.8289,-0.59141,Plein jour,En agglomération,Intersection en X,Normale,Deux véhicules - frontale,,,,,,,,,,,1,2,2,1,1
201500024281,0015-03-12 12:45:00,15,3,12,12,45,330,281,L'ALOUETTE/KAOLACK,44.8171,-0.66296,Plein jour,En agglomération,Intersection en Y,Normale,Deux véhicules - frontale,,,,,,,,,,,1,2,4,1,1
201500024282,0015-03-12 19:20:00,15,3,12,19,20,330,63,"137, RUE DE PESSAC",44.8285,-0.58374,Nuit avec éclairage allumé,En agglomération,Hors intersection,Normale,Deux véhicules - arrière,,,,,,,,,,,5,2,1,1,2
201500024283,0015-03-13 12:05:00,15,3,13,12,5,330,119,"142, AVE RENE CASSAGNE",44.8539,-0.51665,Plein jour,En agglomération,Hors intersection,Normale,Deux véhicules - côté,,,,,,,,,,,1,2,1,1,3
201500024284,0015-03-13 17:30:00,15,3,13,17,30,330,63,"114, RUE DE LA BECHADE",44.8233,-0.60052,Plein jour,En agglomération,Intersection en T,Pluie légère,Autre collision,,,,,,,,,,,1,2,3,2,6
201500024285,0015-03-13 20:10:00,15,3,13,20,10,330,192,CRS DU GENERAL DE GAULLE,44.7785,-0.60988,Nuit avec éclairage allumé,En agglomération,Intersection en X,Pluie légère,Deux véhicules - arrière,,,,,,,,,,,5,2,2,2,2
201500024286,0015-03-14 15:49:00,15,3,14,15,49,330,63,ALL ORLEANSST°QUINCONCES,44.8445,-0.57417,Plein jour,En agglomération,Hors intersection,Normale,Autre collision,,,,,,,,,,,1,2,1,1,6
201500024287,0015-03-15 02:45:00,15,3,15,2,45,330,192,RTE DE LEOGNAN,44.7578,-0.61356,Nuit avec éclairage allumé,En agglomération,Intersection en X,Normale,Autre collision,,,,,,,,,,,5,2,2,1,6
201500024288,0015-03-13 21:55:00,15,3,13,21,55,330,63,"45, PCE MARTYRS DE LA RE",44.8422,-0.58546,Nuit avec éclairage allumé,En agglomération,Hors intersection,Normale,Deux véhicules - côté,,,,,,,,,,,5,2,1,1,3
201500024289,0015-03-15 13:40:00,15,3,15,13,40,330,162,AV HAILLAN/MARTIN PORC,44.8845,-0.66081,Plein jour,En agglomération,Intersection en X,Normale,Deux véhicules - côté,,,,,,,,,,,1,2,2,1,3
201500024290,0015-03-15 19:10:00,15,3,15,19,10,330,281,AV MAGUDAS/R. CIGALES,44.857,-0.65767,Nuit avec éclairage allumé,En agglomération,Intersection en X,Normale,Deux véhicules - frontale,,,,,,,,,,,5,2,2,1,1
201500024291,0015-03-13 07:45:00,15,3,13,7,45,330,63,QUAI DES QUEYRIES,44.8439,-0.56426,Plein jour,En agglomération,Intersection en T,Pluie légère,Autre collision,,,,,,,,,,,1,2,3,2,6
201500024292,0015-01-12 13:45:00,15,1,12,13,45,60,161,,43.64465,7.13452,Plein jour,Hors agglomération,Hors intersection,Normale,Deux véhicules - frontale,,,,,,,,,,,1,1,1,1,1
201500024293,0015-12-21 17:00:00,15,12,21,17,0,60,161,Avenue des maurettes,,,Crépuscule ou aube,En agglomération,Hors intersection,Normale,Deux véhicules - côté,,,,,,,,,,,2,2,1,1,3
201500024294,0015-03-06 08:30:00,15,3,6,8,30,60,161,711 avenue du loubet,,,Plein jour,En agglomération,Hors intersection,Temps éblouissant,Deux véhicules - frontale,,,,,,,,,,,1,2,1,7,1
201500024295,0015-03-20 20:15:00,15,3,20,20,15,60,44,,,,Nuit avec éclairage allumé,Hors agglomération,Hors intersection,Normale,Deux véhicules - côté,,,,,,,,,,,5,1,1,1,3
201500024296,0015-04-01 08:00:00,15,4,1,8,0,60,161,rd 6007,43.63702,7.13337,Plein jour,En agglomération,Hors intersection,Normale,Deux véhicules - arrière,,,,,,,,,,,1,2,1,1,2
201500024297,0015-04-04 00:15:00,15,4,4,0,15,60,161,,,,Nuit sans éclairage public,Hors agglomération,Hors intersection,Normale,Sans collision,,,,,,,,,,,3,1,1,1,7
201500024298,0015-05-30 16:00:00,15,5,30,16,0,60,161,RN7,,,Plein jour,En agglomération,Hors intersection,Normale,Autre collision,,,,,,,,,,,1,2,1,1,6
201500024299,0015-06-13 18:30:00,15,6,13,18,30,60,161,rd 6098,,,Plein jour,En agglomération,Hors intersection,Normale,Deux véhicules - frontale,,,,,,,,,,,1,2,1,1,1
201500024300,0015-06-16 17:30:00,15,6,16,17,30,60,161,d 6007,,,Plein jour,En agglomération,Hors intersection,Normale,Deux véhicules - côté,,,,,,,,,,,1,2,1,1,3
201500024301,0015-06-18 13:30:00,15,6,18,13,30,60,161,,,,Plein jour,Hors agglomération,Hors intersection,Normale,Autre collision,,,,,,,,,,,1,1,1,1,6
201500024302,0015-06-24 16:30:00,15,6,24,16,30,60,161,RD 6098,,,Plein jour,En agglomération,Hors intersection,Normale,Deux véhicules - frontale,,,,,,,,,,,1,2,1,1,1
201500024303,0015-06-25 18:15:00,15,6,25,18,15,60,161,avenue de la mer,,,Plein jour,En agglomération,Hors intersection,Normale,Deux véhicules - côté,,,,,,,,,,,1,2,1,1,3
201500024304,0015-07-01 10:00:00,15,7,1,10,0,60,161,134 av grange rimade,,,Plein jour,En agglomération,Hors intersection,Normale,Autre collision,,,,,,,,,,,1,2,1,1,6
201500024305,0015-07-16 11:45:00,15,7,16,11,45,60,161,RN 7 PK 29+500,,,Plein jour,En agglomération,Hors intersection,Normale,Deux véhicules - côté,,,,,,,,,,,1,2,1,1,3
201500024306,0015-07-21 20:45:00,15,7,21,20,45,60,161,6098 pk 30 +050,,,Crépuscule ou aube,En agglomération,Hors intersection,Normale,Deux véhicules - côté,,,,,,,,,,,2,2,1,1,3
201500024307,0015-07-27 11:30:00,15,7,27,11,30,60,161,boulevard des groules,,,Plein jour,En agglomération,Hors intersection,Normale,Deux véhicules - frontale,,,,,,,,,,,1,2,1,1,1
201500024308,0015-08-28 10:45:00,15,8,28,10,45,60,161,rd 6007,,,Plein jour,En agglomération,Hors intersection,Normale,Autre collision,,,,,,,,,,,1,2,1,1,6
201500024309,0015-10-10 00:30:00,15,10,10,0,30,60,161,,,,Nuit sans éclairage public,Hors agglomération,Hors intersection,Normale,Sans collision,,,,,,,,,,,3,1,1,1,7
201500024310,0015-10-14 20:30:00,15,10,14,20,30,60,161,RD6007,,,Nuit avec éclairage allumé,En agglomération,Giratoire,Normale,Sans collision,,,,,,,,,,,5,2,6,1,7
201500024311,0015-11-21 14:30:00,15,11,21,14,30,60,161,route du bord de mer,,,Plein jour,En agglomération,Hors intersection,Normale,Deux véhicules - côté,,,,,,,,,,,1,2,1,1,3
201500024312,0015-11-28 19:30:00,15,11,28,19,30,60,161,RD 6007,,,Nuit sans éclairage public,En agglomération,Hors intersection,Normale,Deux véhicules - côté,,,,,,,,,,,3,2,1,1,3
201500024313,0015-12-11 08:15:00,15,12,11,8,15,60,44,RD6 route de cagnes,,,Plein jour,En agglomération,Hors intersection,Normale,Deux véhicules - côté,,,,,,,,,,,1,2,1,1,3
201500024314,0015-12-17 15:00:00,15,12,17,15,0,60,161,1 av docteur lefebvre,,,Plein jour,En agglomération,Hors intersection,Normale,Deux véhicules - frontale,,,,,,,,,,,1,2,1,1,1
201500024315,0015-04-24 16:30:00,15,4,24,16,30,340,3,"aucun, GRAND CAP (RUE)",43.29883,3.47762,Plein jour,En agglomération,Hors intersection,Normale,Deux véhicules - côté,,,,,,,,,,,1,2,1,1,3
201500024316,0015-05-01 18:15:00,15,5,1,18,15,340,3,aucun SAINT-BAUZELY (C,43.31757,3.48199,Plein jour,Hors agglomération,Hors intersection,Normale,Autre collision,,,,,,,,,,,1,1,1,1,6
201500024317,0015-06-07 13:50:00,15,6,7,13,50,340,3,"aucun, DIGUE (C12 A C13",43.31689,3.46615,Plein jour,En agglomération,Hors intersection,Normale,Deux véhicules - côté,,,,,,,,,,,1,2,1,1,3
201500024318,0015-06-09 17:45:00,15,6,9,17,45,340,3,"aucun, CHEVRETTE (P4 A P",43.29159,3.45183,Plein jour,En agglomération,Intersection en Y,Normale,Deux véhicules - côté,,,,,,,,,,,1,2,4,1,3
201500024319,0015-06-25 15:30:00,15,6,25,15,30,340,3,"aucun, RD612",43.29813,3.46828,Plein jour,Hors agglomération,Hors intersection,Normale,Trois véhicules et plus - collisions multiples,,,,,,,,,,,1,1,1,1,5
201500024320,0015-07-21 19:55:00,15,7,21,19,55,340,3,RD612,43.30407,3.45586,Plein jour,Hors agglomération,Hors intersection,Normale,Trois véhicules et plus - collisions multiples,,,,,,,,,,,1,1,1,1,5
201500024321,0015-07-14 19:35:00,15,7,14,19,35,340,3,"aucun, GEVAUDAN (PARKING",43.28454,3.50295,Plein jour,En agglomération,Hors intersection,Normale,Autre collision,,,,,,,,,,,1,2,1,1,6
201500024322,0015-07-28 05:45:00,15,7,28,5,45,340,3,ILE DES LOISIRS (EQUIPEM,43.27722,3.50396,Nuit avec éclairage allumé,En agglomération,Hors intersection,Normale,Sans collision,,,,,,,,,,,5,2,1,1,7
201500024323,0015-05-02 23:10:00,15,5,2,23,10,340,3,D 51 MARSEILLAN (ROUTE D,43.33188,3.48761,Nuit sans éclairage public,Hors agglomération,Hors intersection,Normale,Deux véhicules - frontale,,,,,,,,,,,3,1,1,1,1
201500024324,0015-08-01 01:45:00,15,8,1,1,45,340,3,"53, LITTORAL (S3 A W10",43.28068,3.46028,Nuit avec éclairage allumé,En agglomération,Hors intersection,Normale,Sans collision,,,,,,,,,,,5,2,1,1,7
201500024325,0015-08-08 23:40:00,15,8,8,23,40,340,3,RD612,43.29464,3.50431,Nuit sans éclairage public,Hors agglomération,Autre intersection,Pluie légère,Deux véhicules - côté,,,,,,,,,,,3,1,9,2,3
201500024326,0015-07-09 19:25:00,15,7,9,19,25,340,3,RD612,43.30481,3.45245,Plein jour,Hors agglomération,Hors intersection,Normale,Deux véhicules - arrière,,,,,,,,,,,1,1,1,1,2
201500024327,0015-09-25 12:10:00,15,9,25,12,10,340,3,"7, POUGET",43.30169,3.47409,Plein jour,En agglomération,Hors intersection,Normale,Deux véhicules - côté,,,,,,,,,,,1,2,1,1,3
201500024328,0015-08-27 23:50:00,15,8,27,23,50,340,3,GOUVERNEUR (I18 A J19,43.28056,3.51936,Nuit avec éclairage allumé,En agglomération,Hors intersection,Normale,Deux véhicules - frontale,,,,,,,,,,,5,2,1,1,1
201500024329,0015-08-12 19:00:00,15,8,12,19,0,340,3,"aucun, DE GAULLE (E14 A",43.31182,3.47609,Plein jour,En agglomération,Intersection en T,Normale,Deux véhicules - côté,,,,,,,,,,,1,2,3,1,3
201500024330,0015-10-01 18:05:00,15,10,1,18,5,340,3,BALMIGERE (RUE PAUL),43.3126,3.48205,Plein jour,En agglomération,Intersection en X,Normale,Deux véhicules - côté,,,,,,,,,,,1,2,2,1,3
201500024331,0015-10-20 10:30:00,15,10,20,10,30,340,3,DIGUE (C12 A C13,43.31691,3.46639,Plein jour,En agglomération,Hors intersection,Normale,Autre collision,,,,,,,,,,,1,2,1,1,6
201500024332,0015-11-13 14:15:00,15,11,13,14,15,340,3,SETE ( ROUTE),43.30646,3.49309,Plein jour,En agglomération,Place,Normale,Deux véhicules - côté,,,,,,,,,,,1,2,7,1,3
201500024333,0015-11-15 06:05:00,15,11,15,6,5,340,3,RD612,43.30667,3.50821,Crépuscule ou aube,Hors agglomération,Hors intersection,Normale,Sans collision,,,,,,,,,,,2,1,1,1,7
201500024334,0015-12-16 17:35:00,15,12,16,17,35,340,3,"IGNORE, SETE ( ROUTE)",43.3108,3.48079,Nuit avec éclairage allumé,En agglomération,Autre intersection,Normale,Deux véhicules - côté,,,,,,,,,,,5,2,9,1,3
201500024335,0015-01-17 13:40:00,15,1,17,13,40,340,3,GRAND CAP (RUE),43.2979,3.47319,Plein jour,En agglomération,Hors intersection,Normale,Deux véhicules - côté,,,,,,,,,,,1,2,1,1,3
201500024336,0015-01-22 11:45:00,15,1,22,11,45,340,3,"aucun, RD612",43.30549,3.44895,Plein jour,Hors agglomération,Hors intersection,Normale,Deux véhicules - frontale,,,,,,,,,,,1,1,1,1,1
201500024337,0015-01-28 09:36:00,15,1,28,9,36,340,3,"15, MONTEE DE JOLY (C17",43.31701,3.47787,Plein jour,En agglomération,Hors intersection,Normale,Autre collision,,,,,,,,,,,1,2,1,1,6
201500024338,0015-01-14 00:01:00,15,1,14,0,1,340,32,NARBONNE ( ROUTE DE),43.2528,3.19057,Nuit sans éclairage public,Hors agglomération,Hors intersection,Normale,Sans collision,,,,,,,,,,,3,1,1,1,7
201500024339,0015-03-18 09:20:00,15,3,18,9,20,340,32,101 MOULIN JEAN (AV,43.34916,3.22472,Plein jour,En agglomération,Hors intersection,Pluie légère,Sans collision,,,,,,,,,,,1,2,1,2,7
201500024340,0015-01-13 14:35:00,15,1,13,14,35,340,32,FABRE (AV.DU DOCTEUR JEA,43.35434,3.2279,Plein jour,En agglomération,Hors intersection,Normale,Sans collision,,,,,,,,,,,1,2,1,1,7
201500024341,0015-03-19 18:00:00,15,3,19,18,0,340,32,ROUTE DEPARTEMENTALE 61,43.36555,3.225,Plein jour,Hors agglomération,Hors intersection,Normale,Trois véhicules et plus - collisions multiples,,,,,,,,,,,1,1,1,1,5
201500024342,0015-01-17 17:05:00,15,1,17,17,5,340,32,"14, COMTE AUGUSTE (RUE)",43.34171,3.22314,Plein jour,En agglomération,Intersection en T,Autre,Deux véhicules - côté,,,,,,,,,,,1,2,3,9,3
201500024343,0015-04-04 16:15:00,15,4,4,16,15,340,32,LEGION D'HONNEUR (ROND P,43.34,3.21874,Plein jour,En agglomération,Giratoire,Normale,Sans collision,,,,,,,,,,,1,2,6,1,7
201500024344,0015-02-01 18:05:00,15,2,1,18,5,340,32,"NR, DEVEZE (RUE DE LA)",43.3319,3.24836,Plein jour,En agglomération,Giratoire,Autre,Deux véhicules - frontale,,,,,,,,,,,1,2,6,9,1
201500024345,0015-04-10 09:50:00,15,4,10,9,50,340,32,JUIN MARECHAL (RUE DU,43.3465,3.23905,Plein jour,Hors agglomération,Hors intersection,Normale,Sans collision,,,,,,,,,,,1,1,1,1,7
201500024346,0015-04-15 18:20:00,15,4,15,18,20,340,32,65 22 AOUT 1944 (AVENUE,43.3437,3.22199,Plein jour,En agglomération,Hors intersection,Normale,Deux véhicules - côté,,,,,,,,,,,1,2,1,1,3
201500024347,0015-02-24 08:10:00,15,2,24,8,10,340,32,"33, CLAPAREDE EMILE (AVE",43.34398,3.22841,Plein jour,En agglomération,Intersection en X,Normale,Trois véhicules et plus - collisions multiples,,,,,,,,,,,1,2,2,1,5
201500024348,0015-02-24 11:55:00,15,2,24,11,55,340,32,"NR, RIQUET PIERRE PAUL (",43.34303,3.2121,Plein jour,En agglomération,Hors intersection,Autre,Sans collision,,,,,,,,,,,1,2,1,9,7
201500024349,0015-04-28 06:35:00,15,4,28,6,35,340,32,40 TER PIERRE PERE (RUE,43.35611,3.21916,Nuit sans éclairage public,En agglomération,Hors intersection,Normale,Deux véhicules - frontale,,,,,,,,,,,3,2,1,1,1
201500024350,0015-04-30 14:00:00,15,4,30,14,0,340,32,"0, ERIGNAC CLAUDE (AV)",43.36324,3.21647,Plein jour,En agglomération,Hors intersection,Temps éblouissant,Deux véhicules - côté,,,,,,,,,,,1,2,1,7,3
201500024351,0015-05-02 20:50:00,15,5,2,20,50,340,32,"39, STRASBOURG (BD DE)",43.3473,3.21833,Plein jour,Hors agglomération,Hors intersection,Normale,Autre collision,,,,,,,,,,,1,1,1,1,6
201500024352,0015-05-06 07:30:00,15,5,6,7,30,340,32,"30, CORNEILHAN (ROUTE DE",43.3527,3.21608,Plein jour,En agglomération,Intersection en T,Normale,Autre collision,,,,,,,,,,,1,2,3,1,6
201500024353,0015-05-10 20:30:00,15,5,10,20,30,340,32,"9022, NARBONNE (ROUTE DE",43.33743,3.20378,Crépuscule ou aube,Hors agglomération,Hors intersection,Normale,Deux véhicules - côté,,,,,,,,,,,2,1,1,1,3
201500024354,0015-05-07 12:05:00,15,5,7,12,5,340,32,"46, ANGLETERRE (BD D')",43.34694,3.21194,Plein jour,En agglomération,Hors intersection,Normale,Deux véhicules - frontale,,,,,,,,,,,1,2,1,1,1
201500024355,0015-05-09 13:10:00,15,5,9,13,10,340,32,"13, PARADISIERS (RUE DES",43.34778,3.21,Plein jour,Hors agglomération,Hors intersection,Normale,Sans collision,,,,,,,,,,,1,1,1,1,7
201500024356,0015-05-17 17:35:00,15,5,17,17,35,340,32,"18, CES JEAN (RUE)",43.33305,3.25577,Plein jour,En agglomération,Hors intersection,Normale,Autre collision,,,,,,,,,,,1,2,1,1,6
201500024357,0015-05-31 03:00:00,15,5,31,3,0,340,32,"10, ORNANO COLONEL D' (A",43.33895,3.21027,Nuit avec éclairage allumé,En agglomération,Autre intersection,Normale,Autre collision,,,,,,,,,,,5,2,9,1,6
201500024358,0015-04-19 15:00:00,15,4,19,15,0,340,32,ROUTE DE CAPESTANG (RD.1,43.33493,3.16961,Plein jour,Hors agglomération,Hors intersection,Normale,Trois véhicules et plus - collisions multiples,,,,,,,,,,,1,1,1,1,5
201500024359,0015-06-23 08:50:00,15,6,23,8,50,340,32,ROUTE DEPARTEMENTALE  61,43.34624,3.16621,Plein jour,Hors agglomération,Intersection en X,Normale,Deux véhicules - côté,,,,,,,,,,,1,1,2,1,3
201500024360,0015-06-16 09:45:00,15,6,16,9,45,340,32,"10, FABRE (AV.DU DOCTEUR",43.35396,3.22642,Plein jour,En agglomération,Giratoire,Normale,Autre collision,,,,,,,,,,,1,2,6,1,6
201500024361,0015-07-11 10:50:00,15,7,11,10,50,340,32,"638, SERIGNAN (ROUTE DE)",43.32978,3.2162,Plein jour,Hors agglomération,Giratoire,Normale,Deux véhicules - côté,,,,,,,,,,,1,1,6,1,3
201500024362,0015-07-31 19:40:00,15,7,31,19,40,340,32,ORNANO COLONEL D' (AV),43.33718,3.21354,Plein jour,En agglomération,Hors intersection,Normale,Trois véhicules et plus - en chaîne,,,,,,,,,,,1,2,1,1,4
201500024363,0015-08-08 22:20:00,15,8,8,22,20,340,32,"23, ROUTE DE BEDARIEUX (",43.35702,3.22208,Nuit avec éclairage allumé,En agglomération,Hors intersection,Pluie légère,Deux véhicules - frontale,,,,,,,,,,,5,2,1,2,1
201500024364,0015-08-24 10:30:00,15,8,24,10,30,340,32,"185, MOULIN JEAN (AV)",43.35409,3.2355,Plein jour,En agglomération,Intersection en T,Normale,Deux véhicules - frontale,,,,,,,,,,,1,2,3,1,1
201500024365,0015-09-01 17:45:00,15,9,1,17,45,340,32,VERDUN (BD DE),43.33665,3.21915,Plein jour,En agglomération,Hors intersection,Normale,Sans collision,,,,,,,,,,,1,2,1,1,7
201500024366,0015-09-06 04:55:00,15,9,6,4,55,340,32,ROUTE DEPARTEMENTALE 612,43.34271,3.26196,Crépuscule ou aube,Hors agglomération,Hors intersection,Normale,Sans collision,,,,,,,,,,,2,1,1,1,7
201500024367,0015-09-14 14:40:00,15,9,14,14,40,340,32,"0, SIX NATIONS (ROND POI",43.3338,3.25043,Plein jour,En agglomération,Autre intersection,Normale,Autre collision,,,,,,,,,,,1,2,9,1,6
201500024368,0015-09-17 07:40:00,15,9,17,7,40,340,32,PEZENAS (ROUTE DE),43.37827,3.29815,Crépuscule ou aube,Hors agglomération,Hors intersection,Temps couvert,Sans collision,,,,,,,,,,,2,1,1,8,7
201500024369,0015-09-25 15:15:00,15,9,25,15,15,340,32,ROUTE DEPARTEMENTALE  61,43.33988,3.27014,Plein jour,En agglomération,Hors intersection,Normale,Deux véhicules - arrière,,,,,,,,,,,1,2,1,1,2
201500024370,0015-09-25 08:50:00,15,9,25,8,50,340,32,"51, LIBERTE (BD DE LA)",43.34002,3.22345,Plein jour,En agglomération,Hors intersection,Normale,Sans collision,,,,,,,,,,,1,2,1,1,7
201500024371,0015-10-08 17:30:00,15,10,8,17,30,340,32,RD.14,43.30832,3.1874,Plein jour,Hors agglomération,Hors intersection,Normale,Autre collision,,,,,,,,,,,1,1,1,1,6