accident_id,datetime,annee,mois,jour,heure,minute,departement,commune_insee,adresse,latitude,longitude,luminosite,agglomeration,intersection,meteo,collision,nb_vehicules,nb_usagers,nb_indemnes,nb_tues,nb_blesses_hosp,nb_blesses_legers,age_cond_1,age_cond_2,veh_type_cond_1,veh_type_cond_2,lum_code,agg_code,int_code,atm_code,col_code
201500024372,0015-09-21 16:25:00,15,9,21,16,25,340,32,"62, MOULIN JEAN (AV)",43.353,3.23321,Plein jour,Hors agglomération,Hors intersection,Normale,Deux véhicules - frontale,,,,,,,,,,,1,1,1,1,1
201500024373,0015-10-16 16:41:00,15,10,16,16,41,340,32,VOIE DOMITIENNE (AV D,43.34703,3.24402,Plein jour,En agglomération,Hors intersection,Normale,Deux véhicules - arrière,,,,,,,,,,,1,2,1,1,2
201500024374,0015-10-22 13:40:00,15,10,22,13,40,340,32,"0, VIALA JOSEPH AGRICOL",43.35283,3.21214,Plein jour,En agglomération,Intersection en X,Normale,Deux véhicules - côté,,,,,,,,,,,1,2,2,1,3
201500024375,0015-10-27 19:30:00,15,10,27,19,30,340,32,"0, FABRE (AV.DU DOCTEUR",43.35457,3.22962,Crépuscule ou aube,En agglomération,Intersection en X,Normale,Deux véhicules - côté,,,,,,,,,,,2,2,2,1,3
201500024376,0015-09-26 17:50:00,15,9,26,17,50,340,32,REPUBLIQUE (RUE DE LA),43.34412,3.21314,Plein jour,Hors agglomération,Hors intersection,Normale,Autre collision,,,,,,,,,,,1,1,1,1,6
201500024377,0015-10-10 19:00:00,15,10,10,19,0,340,32,"NR, MOULIN JEAN (AV)",43.34933,3.2252,Plein jour,En agglomération,Intersection en X,Normale,Deux véhicules - côté,,,,,,,,,,,1,2,2,1,3
201500024378,0015-10-19 21:30:00,15,10,19,21,30,340,32,ROUTE DEPARTEMENTALE  61,43.36226,3.24326,Nuit sans éclairage public,Hors agglomération,Hors intersection,Normale,Deux véhicules - frontale,,,,,,,,,,,3,1,1,1,1
201500024379,0015-10-24 16:50:00,15,10,24,16,50,340,32,RD.64,43.31353,3.20626,Plein jour,Hors agglomération,Hors intersection,Normale,Deux véhicules - frontale,,,,,,,,,,,1,1,1,1,1
201500024380,0015-12-01 16:30:00,15,12,1,16,30,340,32,ROUTE DE BEDARIEUX (RD.9,43.38209,3.22333,Plein jour,Hors agglomération,Hors intersection,Normale,Deux véhicules - côté,,,,,,,,,,,1,1,1,1,3
201500024381,0015-12-03 14:20:00,15,12,3,14,20,340,32,"87, WILSON PRESIDENT (AV",43.336,3.2262,Plein jour,En agglomération,Hors intersection,Normale,Autre collision,,,,,,,,,,,1,2,1,1,6
201500024382,0015-12-09 07:50:00,15,12,9,7,50,340,32,PEZENAS (ROUTE DE),43.3659,3.26589,Plein jour,Hors agglomération,Hors intersection,Normale,Deux véhicules - arrière,,,,,,,,,,,1,1,1,1,2
201500024383,0015-12-17 05:00:00,15,12,17,5,0,340,336,R.D 612,43.3325,3.28581,Nuit sans éclairage public,Hors agglomération,Hors intersection,Normale,Deux véhicules - arrière,,,,,,,,,,,3,1,1,1,2
201500024384,0015-12-18 10:40:00,15,12,18,10,40,340,32,"85, CLEMENCEAU GEORGES (",43.34836,3.22,Plein jour,En agglomération,Hors intersection,Normale,Sans collision,,,,,,,,,,,1,2,1,1,7
201500024385,0015-12-19 06:50:00,15,12,19,6,50,340,32,"0, TAMARIS (AV. DES)",43.34033,3.24735,Nuit avec éclairage allumé,En agglomération,Hors intersection,Normale,Sans collision,,,,,,,,,,,5,2,1,1,7
201500024386,0015-12-26 10:40:00,15,12,26,10,40,340,32,"0, PERREAL ERNEST (BD)",43.34447,3.22983,Plein jour,En agglomération,Hors intersection,Normale,Autre collision,,,,,,,,,,,1,2,1,1,6
201500024387,0015-01-01 02:40:00,15,1,1,2,40,340,129,PALAVAS D986 (ROUTE DE),43.5756,3.89704,Nuit sans éclairage public,Hors agglomération,Hors intersection,Normale,Deux véhicules - frontale,,,,,,,,,,,3,1,1,1,1
201500024388,0015-03-16 09:50:00,15,3,16,9,50,340,172,"574 BIS, VILLENEUVE-ANGO",43.5961,3.86851,Plein jour,En agglomération,Hors intersection,Temps couvert,Deux véhicules - arrière,,,,,,,,,,,1,2,1,8,2
201500024389,0015-03-17 19:50:00,15,3,17,19,50,340,172,"30, SABATIER D'ESPEYRAN",43.6243,3.86271,Nuit avec éclairage allumé,En agglomération,Hors intersection,Normale,Deux véhicules - arrière,,,,,,,,,,,5,2,1,1,2
201500024390,0015-01-05 09:45:00,15,1,5,9,45,340,172,"6, GRAND SAINT JEAN RUE",43.60519,3.87552,Plein jour,En agglomération,Hors intersection,Normale,Autre collision,,,,,,,,,,,1,2,1,1,6
201500024391,0015-03-26 08:15:00,15,3,26,8,15,340,172,CHAR (ROND POINT RENE),43.6247,3.82676,Plein jour,En agglomération,Giratoire,Normale,Deux véhicules - côté,,,,,,,,,,,1,2,6,1,3
201500024392,0015-01-06 12:50:00,15,1,6,12,50,340,172,"64, CASTELNAU (AVENUE DE",43.62359,3.88633,Plein jour,En agglomération,Hors intersection,Normale,Deux véhicules - arrière,,,,,,,,,,,1,2,1,1,2
201500024393,0015-01-07 21:13:00,15,1,7,21,13,340,172,"1262, SOULAS  AVENUE DU",43.62293,3.85445,Nuit avec éclairage allumé,En agglomération,Hors intersection,Normale,Trois véhicules et plus - collisions multiples,,,,,,,,,,,5,2,1,1,5
201500024394,0015-01-08 13:15:00,15,1,8,13,15,340,172,"SANS, GENNEVAUX (ROND-PO",43.5932,3.82111,Plein jour,Hors agglomération,Autre intersection,Normale,Autre collision,,,,,,,,,,,1,1,9,1,6
201500024395,0015-03-27 16:10:00,15,3,27,16,10,340,198,"sans, D21 ROUTE DE CARN",43.57949,3.93237,Plein jour,Hors agglomération,Hors intersection,Normale,Autre collision,,,,,,,,,,,1,1,1,1,6
201500024396,0015-03-27 19:55:00,15,3,27,19,55,340,172,"SANS, LIBERTE (AVENUE DE",43.6099,3.83619,Nuit avec éclairage allumé,En agglomération,Hors intersection,Normale,Autre collision,,,,,,,,,,,5,2,1,1,6
201500024397,0015-01-10 19:50:00,15,1,10,19,50,340,172,RAVAZ  AVENUE DU PROFESS,43.6219,3.84649,Nuit avec éclairage allumé,En agglomération,Hors intersection,Normale,Autre collision,,,,,,,,,,,5,2,1,1,6
201500024398,0015-01-14 08:10:00,15,1,14,8,10,340,172,RAVAZ (AVENUE DU PROF,43.62032,3.85004,Plein jour,En agglomération,Hors intersection,Normale,Sans collision,,,,,,,,,,,1,2,1,1,7
201500024399,0015-03-29 00:15:00,15,3,29,0,15,340,129,"SANS, PALAVAS D986 (ROUT",43.54958,3.89388,Nuit sans éclairage public,Hors agglomération,Hors intersection,Normale,Sans collision,,,,,,,,,,,3,1,1,1,7
201500024400,0015-04-02 18:30:00,15,4,2,18,30,340,172,"1580, SOULAS (AVENUE DU",43.6247,3.85182,Plein jour,En agglomération,Hors intersection,Normale,Deux véhicules - côté,,,,,,,,,,,1,2,1,1,3
201500024401,0015-01-15 16:03:00,15,1,15,16,3,340,172,ZAMENHOF (RUE LEJZER,43.61685,3.82586,Plein jour,En agglomération,Autre intersection,Normale,Autre collision,,,,,,,,,,,1,2,9,1,6
201500024402,0015-04-08 17:10:00,15,4,8,17,10,340,172,SANS FONT FROIDE (RUE D,43.6457,3.84398,Plein jour,En agglomération,Hors intersection,Normale,Autre collision,,,,,,,,,,,1,2,1,1,6
201500024403,0015-01-15 17:10:00,15,1,15,17,10,340,172,"289, DEZEUZE (RUE FRANCO",43.60859,3.84744,Plein jour,En agglomération,Hors intersection,Temps couvert,Autre collision,,,,,,,,,,,1,2,1,8,6
201500024404,0015-01-15 19:28:00,15,1,15,19,28,340,172,PENELOPE (BOULEVARD),43.6023,3.91676,Nuit sans éclairage public,En agglomération,Hors intersection,Normale,Deux véhicules - côté,,,,,,,,,,,3,2,1,1,3
201500024405,0015-04-08 21:00:00,15,4,8,21,0,340,172,VIEUSSENS (BOULEVARD,43.6,3.87669,Nuit avec éclairage allumé,En agglomération,Hors intersection,Normale,Deux véhicules - arrière,,,,,,,,,,,5,2,1,1,2
201500024406,0015-01-17 09:15:00,15,1,17,9,15,340,129,PAGNOL (AVENUE MARCEL),43.58378,3.93368,Plein jour,En agglomération,Autre intersection,Normale,Deux véhicules - côté,,,,,,,,,,,1,2,9,1,3
201500024407,0015-04-09 08:15:00,15,4,9,8,15,340,172,"157, MONTELS-EGLISE RUE",43.5801,3.87991,Plein jour,En agglomération,Hors intersection,Normale,Deux véhicules - côté,,,,,,,,,,,1,2,1,1,3
201500024408,0015-01-20 10:20:00,15,1,20,10,20,340,172,"0, AEROPORT INTERNATIONA",43.6092,3.89439,Plein jour,En agglomération,Intersection en X,Normale,Deux véhicules - côté,,,,,,,,,,,1,2,2,1,3
201500024409,0015-04-09 18:11:00,15,4,9,18,11,340,172,GARRATS (AVENUE DES),43.6137,3.83906,Plein jour,En agglomération,Hors intersection,Normale,Autre collision,,,,,,,,,,,1,2,1,1,6
201500024410,0015-04-09 20:00:00,15,4,9,20,0,340,172,LODEVE (ROUTE DE,43.6154,3.82021,Plein jour,En agglomération,Hors intersection,Normale,Autre collision,,,,,,,,,,,1,2,1,1,6
201500024411,0015-01-30 11:28:00,15,1,30,11,28,340,172,COMEDIE (TUNNEL DE LA,43.60858,3.87985,Plein jour,En agglomération,Autre intersection,Normale,Autre collision,,,,,,,,,,,1,2,9,1,6
201500024412,0015-04-10 13:26:00,15,4,10,13,26,340,172,2300 MOULINS (AVENUE DE,43.6211,3.8341,Plein jour,En agglomération,Hors intersection,Normale,Deux véhicules - côté,,,,,,,,,,,1,2,1,1,3
201500024413,0015-02-01 01:35:00,15,2,1,1,35,340,129,MONTELS L' EGLISE (RU,43.57921,3.8788,Nuit avec éclairage allumé,En agglomération,Hors intersection,Normale,Deux véhicules - frontale,,,,,,,,,,,5,2,1,1,1
201500024414,0015-02-01 14:20:00,15,2,1,14,20,340,172,RUE DES GENETS,43.6082,3.84734,Plein jour,En agglomération,Intersection en X,Normale,Deux véhicules - côté,,,,,,,,,,,1,2,2,1,3
201500024415,0015-04-12 23:50:00,15,4,12,23,50,340,172,"SANS, RN109 RN113",43.6098,3.8223,Nuit sans éclairage public,Hors agglomération,Hors intersection,Normale,Deux véhicules - arrière,,,,,,,,,,,3,1,1,1,2
201500024416,0015-04-13 17:30:00,15,4,13,17,30,340,172,"SANS, EINSTEIN (AVENUE A",43.6066,3.90472,Plein jour,En agglomération,Hors intersection,Normale,Deux véhicules - arrière,,,,,,,,,,,1,2,1,1,2
201500024417,0015-02-02 09:50:00,15,2,2,9,50,340,172,"SANS, LIBERTE (AVENUE DE",43.6114,3.8287,Plein jour,En agglomération,Hors intersection,Normale,Trois véhicules et plus - collisions multiples,,,,,,,,,,,1,2,1,1,5
201500024418,0015-02-02 13:00:00,15,2,2,13,0,340,172,PAVELET (AVENUE DU COLON,43.5797,3.86913,Plein jour,En agglomération,Intersection en X,Normale,Trois véhicules et plus - en chaîne,,,,,,,,,,,1,2,2,1,4
201500024419,0015-04-14 15:25:00,15,4,14,15,25,340,172,109 LODEVE (AVENUE DE,43.6103,3.8552,Plein jour,En agglomération,Hors intersection,Normale,Deux véhicules - côté,,,,,,,,,,,1,2,1,1,3
201500024420,0015-04-16 05:20:00,15,4,16,5,20,340,172,"SANS, SAINT LAZARE (AVEN",43.625,3.88805,Nuit avec éclairage allumé,En agglomération,Intersection en X,Normale,Deux véhicules - côté,,,,,,,,,,,5,2,2,1,3
201500024421,0015-02-02 14:30:00,15,2,2,14,30,340,172,BARCELONE (AVENUE DE),43.6259,3.81756,Plein jour,En agglomération,Intersection en T,Normale,Deux véhicules - côté,,,,,,,,,,,1,2,3,1,3
201500024422,0015-04-17 19:45:00,15,4,17,19,45,340,172,2 STRASBOURG (BOULEVARD,43.603,3.88065,Plein jour,En agglomération,Hors intersection,Normale,Deux véhicules - arrière,,,,,,,,,,,1,2,1,1,2
201500024423,0015-02-04 11:00:00,15,2,4,11,0,340,198,D21  ROUTE DE CARNON,43.58281,3.92525,Plein jour,En agglomération,Intersection en X,Temps couvert,Autre collision,,,,,,,,,,,1,2,2,8,6
201500024424,0015-04-19 19:30:00,15,4,19,19,30,340,172,SANS GANGES (ROUTE DE,43.6438,3.84419,Plein jour,Hors agglomération,Hors intersection,Pluie légère,Sans collision,,,,,,,,,,,1,1,1,2,7
201500024425,0015-02-11 08:20:00,15,2,11,8,20,340,129,MASSILIA (AVENUE DE),43.56286,3.89849,Plein jour,En agglomération,Autre intersection,Normale,Autre collision,,,,,,,,,,,1,2,9,1,6
201500024426,0015-02-11 18:43:00,15,2,11,18,43,340,172,"8, FLAHAULT (AVENUE CHAR",43.62,3.86527,Nuit avec éclairage allumé,En agglomération,Hors intersection,Normale,Deux véhicules - côté,,,,,,,,,,,5,2,1,1,3
201500024427,0015-04-20 15:55:00,15,4,20,15,55,340,172,SANS ERNEST HEMINGWAY (,43.6367,3.83154,Plein jour,En agglomération,Hors intersection,Normale,Deux véhicules - côté,,,,,,,,,,,1,2,1,1,3
201500024428,0015-04-21 11:20:00,15,4,21,11,20,340,172,SANS GRAND SAINT JEAN (,43.6041,3.87863,Plein jour,En agglomération,Hors intersection,Normale,Autre collision,,,,,,,,,,,1,2,1,1,6
201500024429,0015-02-16 23:10:00,15,2,16,23,10,340,172,"262, RIMBAUD (RUE PAUL)",43.6189,3.84722,Nuit avec éclairage allumé,En agglomération,Hors intersection,Normale,Deux véhicules - côté,,,,,,,,,,,5,2,1,1,3
201500024430,0015-02-18 13:25:00,15,2,18,13,25,340,172,"29, GAMBETTA (COURS)",43.6072,3.87077,Plein jour,En agglomération,Hors intersection,Normale,Autre collision,,,,,,,,,,,1,2,1,1,6
201500024431,0015-04-25 22:45:00,15,4,25,22,45,340,129,CARNON (ROUTE DE  D21,43.58854,3.91363,Nuit avec éclairage non allumé,Hors agglomération,Hors intersection,Normale,Autre collision,,,,,,,,,,,4,1,1,1,6
201500024432,0015-05-09 11:30:00,15,5,9,11,30,340,172,"SANS, LIBERTE (AVENUE DE",43.6022,3.867,Plein jour,En agglomération,Hors intersection,Normale,Deux véhicules - frontale,,,,,,,,,,,1,2,1,1,1
201500024433,0015-02-18 14:40:00,15,2,18,14,40,340,172,"SANS, TOULOUSE (AVENUE D",43.5974,3.86421,Plein jour,En agglomération,Hors intersection,Normale,Deux véhicules - côté,,,,,,,,,,,1,2,1,1,3
201500024434,0015-05-10 20:10:00,15,5,10,20,10,340,172,SOULAS (AVENUE DU PERE,43.6287,3.84555,Plein jour,Hors agglomération,Intersection en T,Normale,Deux véhicules - frontale,,,,,,,,,,,1,1,3,1,1
201500024435,0015-02-19 17:00:00,15,2,19,17,0,340,172,"sans, DUBOUT (AVENUE ALB",43.597,3.88273,Plein jour,En agglomération,Hors intersection,Normale,Autre collision,,,,,,,,,,,1,2,1,1,6
201500024436,0015-02-23 15:50:00,15,2,23,15,50,340,172,"13, GAMBETTA (COURS)",43.6058,3.8734,Plein jour,En agglomération,Hors intersection,Normale,Autre collision,,,,,,,,,,,1,2,1,1,6
201500024437,0015-05-11 08:30:00,15,5,11,8,30,340,198,D172,43.57699,3.93303,Plein jour,Hors agglomération,Intersection en X,Normale,Deux véhicules - côté,,,,,,,,,,,1,1,2,1,3
201500024438,0015-02-23 22:30:00,15,2,23,22,30,340,172,"SANS, MONDIAL 98 (AVENUE",43.6075,3.91338,Nuit avec éclairage allumé,En agglomération,Hors intersection,Normale,Sans collision,,,,,,,,,,,5,2,1,1,7
201500024439,0015-05-13 16:15:00,15,5,13,16,15,340,172,AEROPORT INTERNATI,43.6089,3.89255,Plein jour,En agglomération,Hors intersection,Normale,Autre collision,,,,,,,,,,,1,2,1,1,6
201500024440,0015-05-16 13:26:00,15,5,16,13,26,340,172,"78, CHAMPLAIN (AVENUE SA",43.6071,3.88937,Plein jour,En agglomération,Hors intersection,Normale,Deux véhicules - arrière,,,,,,,,,,,1,2,1,1,2
201500024441,0015-02-24 08:05:00,15,2,24,8,5,340,172,"0, STRASBOURG (BOULEVARD",43.6036,3.88915,Plein jour,En agglomération,Hors intersection,Normale,Sans collision,,,,,,,,,,,1,2,1,1,7
201500024442,0015-05-15 15:35:00,15,5,15,15,35,340,172,"6, MICHEL (RUE ERNEST)",43.602,3.87405,Plein jour,En agglomération,Hors intersection,Normale,Deux véhicules - côté,,,,,,,,,,,1,2,1,1,3
201500024443,0015-02-24 09:05:00,15,2,24,9,5,340,172,"6, ORIENT (BOULEVARD D')",43.603,3.88728,Plein jour,En agglomération,Hors intersection,Normale,Trois véhicules et plus - collisions multiples,,,,,,,,,,,1,2,1,1,5
201500024444,0015-05-14 09:35:00,15,5,14,9,35,340,172,"1, CANTON (RUE)",43.6176,3.88172,Plein jour,En agglomération,Intersection en T,Normale,Deux véhicules - côté,,,,,,,,,,,1,2,3,1,3
201500024445,0015-02-24 19:39:00,15,2,24,19,39,340,172,BECQUEREL (RUE HENRI),43.6144,3.91469,Nuit avec éclairage allumé,En agglomération,Hors intersection,Normale,Autre collision,,,,,,,,,,,5,2,1,1,6
201500024446,0015-05-19 23:30:00,15,5,19,23,30,340,172,EUROPE (AVENUE DE L'),43.6185,3.81824,Nuit avec éclairage allumé,En agglomération,Hors intersection,Normale,Autre collision,,,,,,,,,,,5,2,1,1,6
201500024447,0015-02-25 19:20:00,15,2,25,19,20,340,172,"690, VIEILLE POSTE (RUE",43.6136,3.90527,Nuit avec éclairage allumé,En agglomération,Hors intersection,Normale,Deux véhicules - côté,,,,,,,,,,,5,2,1,1,3
201500024448,0015-02-27 17:20:00,15,2,27,17,20,340,172,"329, BLUM (RUE LEON)",43.6074,3.8905,Plein jour,En agglomération,Hors intersection,Normale,Deux véhicules - côté,,,,,,,,,,,1,2,1,1,3
201500024449,0015-05-21 07:35:00,15,5,21,7,35,340,172,LIBERTE (AVENUE DE LA),43.6118,3.82589,Plein jour,En agglomération,Hors intersection,Normale,Deux véhicules - côté,,,,,,,,,,,1,2,1,1,3
201500024450,0015-05-22 11:50:00,15,5,22,11,50,340,172,"AUCUN, VANIERES (AVENUE",43.5966,3.84503,Plein jour,En agglomération,Hors intersection,Normale,Autre collision,,,,,,,,,,,1,2,1,1,6
201500024451,0015-03-04 10:40:00,15,3,4,10,40,340,172,"SANS, DUBOUT (AVENUE ALB",43.597,3.87777,Plein jour,En agglomération,Autre intersection,Pluie légère,Deux véhicules - côté,,,,,,,,,,,1,2,9,2,3
201500024452,0015-05-22 23:00:00,15,5,22,23,0,340,172,"SANS, CHOLET (RUE DE)",43.5835,3.86618,Nuit avec éclairage allumé,En agglomération,Hors intersection,Normale,Autre collision,,,,,,,,,,,5,2,1,1,6
201500024453,0015-03-06 07:45:00,15,3,6,7,45,340,172,MONTELS (RUE ABBE MARCEL,43.6142,3.87417,Plein jour,En agglomération,Intersection en X,Normale,Deux véhicules - côté,,,,,,,,,,,1,2,2,1,3
201500024454,0015-05-26 16:10:00,15,5,26,16,10,340,172,"SANS, LAVERUNE (ROUTE DE",43.601,3.8502,Plein jour,En agglomération,Hors intersection,Normale,Deux véhicules - côté,,,,,,,,,,,1,2,1,1,3
201500024455,0015-03-06 09:10:00,15,3,6,9,10,340,172,ALCO (ROND POINT D'),43.6248,3.83605,Plein jour,En agglomération,Hors intersection,Normale,Autre collision,,,,,,,,,,,1,2,1,1,6
201500024456,0015-03-06 09:20:00,15,3,6,9,20,340,172,LODEVE (ROUTE DE),43.6147,3.82775,Plein jour,En agglomération,Intersection en T,Normale,Deux véhicules - côté,,,,,,,,,,,1,2,3,1,3
201500024457,0015-05-26 16:00:00,15,5,26,16,0,340,172,"7, GAMBETTA (COURS)",43.6054,3.87422,Plein jour,En agglomération,Hors intersection,Normale,Autre collision,,,,,,,,,,,1,2,1,1,6
201500024458,0015-03-06 11:40:00,15,3,6,11,40,340,172,GARRATS (AVENUE DES),43.6131,3.83894,Plein jour,En agglomération,Hors intersection,Normale,Deux véhicules - frontale,,,,,,,,,,,1,2,1,1,1
201500024459,0015-05-26 19:00:00,15,5,26,19,0,340,172,DUBOUT (AVENUE ALBERT),43.597,3.87777,Plein jour,En agglomération,Intersection en X,Normale,Deux véhicules - côté,,,,,,,,,,,1,2,2,1,3
201500024460,0015-03-06 23:05:00,15,3,6,23,5,340,172,"SANS, ORIENT (BOULEVARD",43.6019,3.88506,Nuit avec éclairage allumé,En agglomération,Hors intersection,Normale,Deux véhicules - frontale,,,,,,,,,,,5,2,1,1,1
201500024461,0015-05-27 07:45:00,15,5,27,7,45,340,172,"20, SPORTS (BOULEVARD DE",43.6188,3.89269,Plein jour,En agglomération,Autre intersection,Normale,Autre collision,,,,,,,,,,,1,2,9,1,6
201500024462,0015-05-27 12:15:00,15,5,27,12,15,340,172,"SANS, SORBES (RUE DE LAS",43.6167,3.8603,Plein jour,En agglomération,Intersection en T,Normale,Deux véhicules - frontale,,,,,,,,,,,1,2,3,1,1
201500024463,0015-03-09 10:10:00,15,3,9,10,10,340,172,"0, BRINGUIER (AVENUE PAU",43.6162,3.84107,Plein jour,En agglomération,Intersection en X,Normale,Sans collision,,,,,,,,,,,1,2,2,1,7
201500024464,0015-05-27 15:30:00,15,5,27,15,30,340,172,"., BERTHELOT (BOULEVARD)",43.5997,3.87515,Plein jour,En agglomération,Intersection en X,Normale,Deux véhicules - côté,,,,,,,,,,,1,2,2,1,3
201500024465,0015-03-09 16:00:00,15,3,9,16,0,340,172,"0, MOULARES (CHEMIN DE",43.6002,3.89452,Plein jour,En agglomération,Hors intersection,Normale,Deux véhicules - côté,,,,,,,,,,,1,2,1,1,3
201500024466,0015-05-27 15:55:00,15,5,27,15,55,340,172,RENAN (BOULEVARD ERNEST),43.6171,3.88955,Plein jour,En agglomération,Intersection en X,Normale,Deux véhicules - côté,,,,,,,,,,,1,2,2,1,3
201500024467,0015-03-09 17:55:00,15,3,9,17,55,340,172,"SANS, GANGES (ROUTE DE",43.6428,3.84529,Plein jour,En agglomération,Hors intersection,Normale,Autre collision,,,,,,,,,,,1,2,1,1,6
201500024468,0015-03-09 18:45:00,15,3,9,18,45,340,172,"SANS, SAINT LAZARE (AVEN",43.6248,3.88916,Crépuscule ou aube,En agglomération,Autre intersection,Normale,Deux véhicules - côté,,,,,,,,,,,2,2,9,1,3
201500024469,0015-05-28 08:20:00,15,5,28,8,20,340,172,"1577, EINSTEIN (AVENUE A",43.6108,3.91609,Plein jour,En agglomération,Hors intersection,Normale,Deux véhicules - côté,,,,,,,,,,,1,2,1,1,3
201500024470,0015-05-28 18:30:00,15,5,28,18,30,340,172,JOUHAUX (AVENUE LEON),43.5945,3.82034,Plein jour,Hors agglomération,Hors intersection,Normale,Deux véhicules - frontale,,,,,,,,,,,1,1,1,1,1
201500024471,0015-03-10 08:15:00,15,3,10,8,15,340,172,"SANS, GOSSEC (RUE FRANCO",43.5752,3.85676,Plein jour,En agglomération,Autre intersection,Normale,Deux véhicules - côté,,,,,,,,,,,1,2,9,1,3
201500024472,0015-05-29 14:40:00,15,5,29,14,40,340,172,RENOUVIER (BOULEVARD),43.6036,3.86777,Plein jour,En agglomération,Intersection en X,Normale,Sans collision,,,,,,,,,,,1,2,2,1,7
201500024473,0015-03-11 13:10:00,15,3,11,13,10,340,172,RENE (RUE HENRI),43.6048,3.88246,Plein jour,En agglomération,Autre intersection,Normale,Deux véhicules - côté,,,,,,,,,,,1,2,9,1,3
201500024474,0015-05-30 15:10:00,15,5,30,15,10,340,172,"0, AVENUE DE BARCELONE",43.6201,3.81752,Plein jour,En agglomération,Intersection en X,Normale,Autre collision,,,,,,,,,,,1,2,2,1,6
201500024475,0015-03-13 16:50:00,15,3,13,16,50,340,172,"40, MENDE (ROUTE DE)",43.6229,3.8725,Plein jour,En agglomération,Giratoire,Normale,Sans collision,,,,,,,,,,,1,2,6,1,7
201500024476,0015-06-01 08:50:00,15,6,1,8,50,340,172,"2220, SOULAS  AVENUE DU",43.6285,3.84579,Plein jour,En agglomération,Hors intersection,Normale,Deux véhicules - côté,,,,,,,,,,,1,2,1,1,3
201500024477,0015-03-14 14:50:00,15,3,14,14,50,340,172,"139, LODEVE (AVENUE DE",43.6148,3.83088,Crépuscule ou aube,En agglomération,Hors intersection,Temps couvert,Autre collision,,,,,,,,,,,2,2,1,8,6
201500024478,0015-06-02 09:10:00,15,6,2,9,10,340,172,"SANS, CASTELLE (RUE DE L",43.5814,3.86921,Plein jour,En agglomération,Intersection en X,Normale,Autre collision,,,,,,,,,,,1,2,2,1,6
201500024479,0015-06-02 18:15:00,15,6,2,18,15,340,172,BATAILLON (PLACE EUGENE),43.6325,3.86031,Plein jour,En agglomération,Hors intersection,Normale,Deux véhicules - côté,,,,,,,,,,,1,2,1,1,3
201500024480,0015-06-03 07:45:00,15,6,3,7,45,340,172,"4, LODEVE (ROUTE DE)",43.6148,3.83033,Plein jour,En agglomération,Hors intersection,Normale,Deux véhicules - frontale,,,,,,,,,,,1,2,1,1,1
201500024481,0015-06-03 11:40:00,15,6,3,11,40,340,172,"1369, CASTELLE (RUE DE L",43.5814,3.86921,Plein jour,En agglomération,Hors intersection,Normale,Deux véhicules - côté,,,,,,,,,,,1,2,1,1,3
201500024482,0015-06-04 16:45:00,15,6,4,16,45,340,172,SOULAS (AVENUE DU PERE,43.6297,3.84369,Plein jour,En agglomération,Hors intersection,Normale,Sans collision,,,,,,,,,,,1,2,1,1,7
201500024483,0015-06-06 16:00:00,15,6,6,16,0,340,172,"SANS, AURIOL (AVENUE VIN",43.6453,3.85281,Plein jour,En agglomération,Hors intersection,Normale,Sans collision,,,,,,,,,,,1,2,1,1,7
201500024484,0015-06-07 18:10:00,15,6,7,18,10,340,172,"36, GANGES (ROUTE DE",43.6278,3.85822,Plein jour,En agglomération,Hors intersection,Normale,Deux véhicules - arrière,,,,,,,,,,,1,2,1,1,2
201500024485,0015-06-08 07:35:00,15,6,8,7,35,340,172,"SANS, JASSE DE MAURIN (R",43.5774,3.86227,Plein jour,En agglomération,Hors intersection,Normale,Deux véhicules - côté,,,,,,,,,,,1,2,1,1,3
201500024486,0015-06-08 15:25:00,15,6,8,15,25,340,172,PONT DE LAVERUNE (RUE DU,43.6073,3.83829,Plein jour,Hors agglomération,Intersection en T,Normale,Deux véhicules - côté,,,,,,,,,,,1,1,3,1,3
201500024487,0015-06-08 16:30:00,15,6,8,16,30,340,172,"601, SOULAS (AVENUE DU P",43.6195,3.86084,Plein jour,En agglomération,Hors intersection,Normale,Autre collision,,,,,,,,,,,1,2,1,1,6
201500024488,0015-06-08 15:40:00,15,6,8,15,40,340,172,PERRUQUE  BOULEVARD DE L,43.597,3.87777,Plein jour,En agglomération,Intersection en X,Normale,Deux véhicules - côté,,,,,,,,,,,1,2,2,1,3
201500024489,0015-06-09 07:40:00,15,6,9,7,40,340,172,"SANS, APOTHICAIRES (AVEN",43.6426,3.83583,Plein jour,En agglomération,Hors intersection,Normale,Autre collision,,,,,,,,,,,1,2,1,1,6
201500024490,0015-06-12 19:15:00,15,6,12,19,15,340,172,RUE DE LA PISCINE,43.6109,3.83336,Plein jour,En agglomération,Intersection en X,Temps couvert,Deux véhicules - côté,,,,,,,,,,,1,2,2,8,3
201500024491,0015-06-13 21:20:00,15,6,13,21,20,340,172,SAINT LOUIS (RUE),43.6108,3.86668,Crépuscule ou aube,En agglomération,Intersection en X,Normale,Deux véhicules - côté,,,,,,,,,,,2,2,2,1,3
201500024492,0015-06-18 13:35:00,15,6,18,13,35,340,172,"276, MONTELS-EGLISE (RUE",43.576,3.87103,Plein jour,En agglomération,Hors intersection,Normale,Deux véhicules - côté,,,,,,,,,,,1,2,1,1,3
201500024493,0015-06-19 15:00:00,15,6,19,15,0,340,172,"SANS, GOSSEC (RUE FRANCO",43.5751,3.86074,Plein jour,En agglomération,Hors intersection,Normale,Deux véhicules - côté,,,,,,,,,,,1,2,1,1,3
201500024494,0015-06-19 14:40:00,15,6,19,14,40,340,172,"SANS, GANGES (ROUTE DE",43.6403,3.84751,Plein jour,Hors agglomération,Hors intersection,Normale,Deux véhicules - arrière,,,,,,,,,,,1,1,1,1,2