accident_id,datetime,annee,mois,jour,heure,minute,departement,commune_insee,adresse,latitude,longitude,luminosite,agglomeration,intersection,meteo,collision,nb_vehicules,nb_usagers,nb_indemnes,nb_tues,nb_blesses_hosp,nb_blesses_legers,age_cond_1,age_cond_2,veh_type_cond_1,veh_type_cond_2,lum_code,agg_code,int_code,atm_code,col_code
201500024861,0015-06-04 09:00:00,15,6,4,9,0,350,238,"00, MARIN (JEAN)",48.13686,-1.66288,Plein jour,Hors agglomération,Hors intersection,Normale,Autre collision,,,,,,,,,,,1,1,1,1,6
201500024862,0015-03-12 17:45:00,15,3,12,17,45,350,238,H.DE BALZAC/SÉVIGNÉ,48.1162,-1.66126,Plein jour,En agglomération,Intersection en X,Normale,Trois véhicules et plus - collisions multiples,,,,,,,,,,,1,2,2,1,5
201500024863,0015-06-04 18:25:00,15,6,4,18,25,350,238,GUILLOUX (LOUIS),48.11012,-1.69902,Plein jour,En agglomération,Intersection en Y,Normale,Deux véhicules - côté,,,,,,,,,,,1,2,4,1,3
201500024864,0015-03-14 19:10:00,15,3,14,19,10,350,238,"18, RUE D'ISLY",48.1057,-1.67765,Nuit avec éclairage allumé,En agglomération,Hors intersection,Temps couvert,Deux véhicules - côté,,,,,,,,,,,5,2,1,8,3
201500024865,0015-06-05 09:00:00,15,6,5,9,0,350,238,NICOLET (GAL),48.09255,-1.68021,Plein jour,En agglomération,Hors intersection,Normale,Autre collision,,,,,,,,,,,1,2,1,1,6
201500024866,0015-06-05 12:45:00,15,6,5,12,45,350,238,"199, VERN (DE)",48.08873,-1.64466,Plein jour,En agglomération,Hors intersection,Normale,Deux véhicules - arrière,,,,,,,,,,,1,2,1,1,2
201500024867,0015-06-07 19:40:00,15,6,7,19,40,350,238,CHATEAUGIRON (DE),48.09518,-1.63768,Plein jour,En agglomération,Intersection en X,Normale,Deux véhicules - côté,,,,,,,,,,,1,2,2,1,3
201500024868,0015-03-17 23:20:00,15,3,17,23,20,350,238,H.FRÉVILLE/UKRAINE,48.0837,-1.67516,Nuit avec éclairage allumé,En agglomération,Intersection en X,Normale,Deux véhicules - côté,,,,,,,,,,,5,2,2,1,3
201500024869,0015-06-08 08:55:00,15,6,8,8,55,350,238,BERNARD (CLAUDE),48.10246,-1.69455,Plein jour,En agglomération,Hors intersection,Normale,Deux véhicules - côté,,,,,,,,,,,1,2,1,1,3
201500024870,0015-03-18 17:40:00,15,3,18,17,40,350,238,ALBERT 1ER/BELGIQUE,48.0897,-1.68563,Plein jour,En agglomération,Intersection en X,Normale,Deux véhicules - côté,,,,,,,,,,,1,2,2,1,3
201500024871,0015-06-11 16:55:00,15,6,11,16,55,350,238,"33, TOUR D'AUVERGNE (BD",48.10499,-1.68443,Plein jour,En agglomération,Hors intersection,Normale,Deux véhicules - arrière,,,,,,,,,,,1,2,1,1,2
201500024872,0015-06-12 08:15:00,15,6,12,8,15,350,51,"316, FOUGERES (ROUTE DE)",48.1323,-1.63446,Plein jour,En agglomération,Hors intersection,Normale,Trois véhicules et plus - collisions multiples,,,,,,,,,,,1,2,1,1,5
201500024873,0015-03-20 17:25:00,15,3,20,17,25,350,238,PORTE D'ALMA,48.0812,-1.67506,Plein jour,En agglomération,Giratoire,Pluie légère,Trois véhicules et plus - en chaîne,,,,,,,,,,,1,2,6,2,4
201500024874,0015-06-12 09:00:00,15,6,12,9,0,350,238,"00, BOSPHORE (DU)",48.08369,-1.67688,Plein jour,En agglomération,Hors intersection,Normale,Sans collision,,,,,,,,,,,1,2,1,1,7
201500024875,0015-03-20 21:45:00,15,3,20,21,45,350,238,NORVÈGE/DIÈGUE SANTA,48.087,-1.68549,Nuit avec éclairage allumé,En agglomération,Giratoire,Normale,Autre collision,,,,,,,,,,,5,2,6,1,6
201500024876,0015-06-12 11:05:00,15,6,12,11,5,350,55,"84, BONNIN ANDRE (AVENUE",48.08756,-1.61674,Plein jour,En agglomération,Hors intersection,Normale,Autre collision,,,,,,,,,,,1,2,1,1,6
201500024877,0015-03-21 20:15:00,15,3,21,20,15,350,238,VERN/M.FEUILLÉE,48.0971,-1.65385,Nuit avec éclairage allumé,En agglomération,Intersection en T,Normale,Deux véhicules - côté,,,,,,,,,,,5,2,3,1,3
201500024878,0015-06-10 15:50:00,15,6,10,15,50,350,238,MITTERAND (MAIL FRANCOIS,48.10908,-1.6907,Plein jour,Hors agglomération,Hors intersection,Normale,Deux véhicules - côté,,,,,,,,,,,1,1,1,1,3
201500024879,0015-06-12 14:20:00,15,6,12,14,20,350,278,"00, RD 29",48.16056,-1.6513,Plein jour,Hors agglomération,Hors intersection,Normale,Trois véhicules et plus - en chaîne,,,,,,,,,,,1,1,1,1,4
201500024880,0015-03-24 10:50:00,15,3,24,10,50,350,238,"15, RUE DE LA MOTTE BRÛL",48.1262,-1.66904,Plein jour,En agglomération,Hors intersection,Temps couvert,Deux véhicules - arrière,,,,,,,,,,,1,2,1,8,2
201500024881,0015-06-13 02:20:00,15,6,13,2,20,350,51,ALLIES (BOULEVARD DES),48.10738,-1.6165,Nuit sans éclairage public,Hors agglomération,Giratoire,Normale,Autre collision,,,,,,,,,,,3,1,6,1,6
201500024882,0015-06-13 10:45:00,15,6,13,10,45,350,238,RN136,48.14136,-1.67858,Plein jour,Hors agglomération,Hors intersection,Normale,Trois véhicules et plus - en chaîne,,,,,,,,,,,1,1,1,1,4
201500024883,0015-03-25 07:55:00,15,3,25,7,55,350,238,KLÉBER/VIARMES,48.1106,-1.67169,Plein jour,En agglomération,Intersection en T,Normale,Autre collision,,,,,,,,,,,1,2,3,1,6
201500024884,0015-06-13 11:48:00,15,6,13,11,48,350,238,"02, SLOVAQUIE (SQUARE DE",48.09045,-1.65528,Plein jour,En agglomération,Hors intersection,Normale,Sans collision,,,,,,,,,,,1,2,1,1,7
201500024885,0015-03-26 18:30:00,15,3,26,18,30,350,238,E.NIEMEN/VALLÈS,48.1054,-1.70846,Plein jour,En agglomération,Giratoire,Normale,Deux véhicules - côté,,,,,,,,,,,1,2,6,1,3
201500024886,0015-06-13 11:50:00,15,6,13,11,50,350,238,RN136,48.08453,-1.69883,Plein jour,Hors agglomération,Hors intersection,Normale,Deux véhicules - arrière,,,,,,,,,,,1,1,1,1,2
201500024887,0015-03-26 23:45:00,15,3,26,23,45,350,238,L.BOURGEOIS/CHÂTEAUGIRON,48.1004,-1.64993,Nuit avec éclairage allumé,En agglomération,Intersection en X,Normale,Deux véhicules - côté,,,,,,,,,,,5,2,2,1,3
201500024888,0015-06-15 17:52:00,15,6,15,17,52,350,51,"00, PORTE DE LA RIGOURDI",48.1181,-1.56769,Plein jour,Hors agglomération,Giratoire,Normale,Sans collision,,,,,,,,,,,1,1,6,1,7
201500024889,0015-06-16 15:50:00,15,6,16,15,50,350,238,"00, FOSSE PITEUX (LIEU-D",48.10621,-1.716,Plein jour,En agglomération,Hors intersection,Normale,Deux véhicules - frontale,,,,,,,,,,,1,2,1,1,1
201500024890,0015-06-16 16:30:00,15,6,16,16,30,350,238,"33, ANTRAIN (D') DE 0 A",48.11621,-1.67874,Plein jour,En agglomération,Hors intersection,Normale,Autre collision,,,,,,,,,,,1,2,1,1,6
201500024891,0015-06-17 18:30:00,15,6,17,18,30,350,238,"00, ANTRAIN (D') DE 0 A",48.11822,-1.67633,Plein jour,En agglomération,Intersection en X,Normale,Deux véhicules - côté,,,,,,,,,,,1,2,2,1,3
201500024892,0015-06-18 08:30:00,15,6,18,8,30,350,238,"00, CHATEAUGIRON (DE)",48.09757,-1.64255,Plein jour,En agglomération,Hors intersection,Normale,Deux véhicules - frontale,,,,,,,,,,,1,2,1,1,1
201500024893,0015-03-30 00:40:00,15,3,30,0,40,350,238,CARREFOUR NITSCH,48.1018,-1.68441,Nuit avec éclairage allumé,En agglomération,Intersection à plus de 4 branches,Pluie légère,Autre collision,,,,,,,,,,,5,2,5,2,6
201500024894,0015-06-18 13:35:00,15,6,18,13,35,350,238,"49, LEROUX (BD OSCAR)",48.09158,-1.66255,Plein jour,En agglomération,Hors intersection,Normale,Autre collision,,,,,,,,,,,1,2,1,1,6
201500024895,0015-06-19 14:00:00,15,6,19,14,0,350,238,"00, DUGUAY TROUIN (QUAI)",48.11016,-1.68407,Plein jour,En agglomération,Intersection en X,Normale,Deux véhicules - arrière,,,,,,,,,,,1,2,2,1,2
201500024896,0015-03-31 10:55:00,15,3,31,10,55,350,238,C.BERNARD/A.DUVAL,48.1035,-1.69401,Plein jour,En agglomération,Intersection en X,Normale,Deux véhicules - côté,,,,,,,,,,,1,2,2,1,3
201500024897,0015-06-19 15:10:00,15,6,19,15,10,350,238,PORTE DE VILLEJEAN,48.12936,-1.71097,Plein jour,Hors agglomération,Hors intersection,Normale,Trois véhicules et plus - en chaîne,,,,,,,,,,,1,1,1,1,4
201500024898,0015-06-20 11:45:00,15,6,20,11,45,350,238,"00, DUBOIS (DU LT-COL)",48.10719,-1.73362,Plein jour,En agglomération,Intersection en T,Normale,Deux véhicules - côté,,,,,,,,,,,1,2,3,1,3
201500024899,0015-06-23 16:00:00,15,6,23,16,0,350,238,"22, TOUR D'AUVERGNE (BD",48.10605,-1.68444,Plein jour,En agglomération,Hors intersection,Normale,Sans collision,,,,,,,,,,,1,2,1,1,7
201500024900,0015-06-23 17:50:00,15,6,23,17,50,350,278,RD 137,48.14722,-1.69903,Plein jour,Hors agglomération,Hors intersection,Normale,Deux véhicules - arrière,,,,,,,,,,,1,1,1,1,2
201500024901,0015-06-20 13:00:00,15,6,20,13,0,350,238,"06, MARTENOT",48.11237,-1.67284,Plein jour,En agglomération,Intersection en Y,Normale,Deux véhicules - côté,,,,,,,,,,,1,2,4,1,3
201500024902,0015-06-24 16:40:00,15,6,24,16,40,350,238,"00, BRETAGNE (PLACE DE)",48.11002,-1.68424,Plein jour,En agglomération,Autre intersection,Normale,Autre collision,,,,,,,,,,,1,2,9,1,6
201500024903,0015-06-25 17:20:00,15,6,25,17,20,350,238,"00, BRETAGNE (PONT DE)",48.11008,-1.68623,Plein jour,En agglomération,Intersection en T,Normale,Deux véhicules - côté,,,,,,,,,,,1,2,3,1,3
201500024904,0015-06-26 08:25:00,15,6,26,8,25,350,238,"00, VILLEBOIS MAREUIL (B",48.1005,-1.64989,Plein jour,En agglomération,Intersection en X,Normale,Autre collision,,,,,,,,,,,1,2,2,1,6
201500024905,0015-06-26 12:25:00,15,6,26,12,25,350,238,PORTE DE BREQUIGNY,48.08425,-1.69885,Plein jour,Hors agglomération,Hors intersection,Normale,Trois véhicules et plus - en chaîne,,,,,,,,,,,1,1,1,1,4
201500024906,0015-06-27 15:00:00,15,6,27,15,0,350,238,"00, SAINT-MALO (RUE DE)",48.1323,-1.69086,Plein jour,En agglomération,Giratoire,Normale,Autre collision,,,,,,,,,,,1,2,6,1,6
201500024907,0015-06-28 17:15:00,15,6,28,17,15,350,51,"00, ALLIES (BOULEVARD DE",48.13099,-1.62123,Plein jour,En agglomération,Intersection en X,Normale,Deux véhicules - frontale,,,,,,,,,,,1,2,2,1,1
201500024908,0015-06-29 16:15:00,15,6,29,16,15,350,281,RD 177,48.0674,-1.7143,Plein jour,Hors agglomération,Autre intersection,Normale,Deux véhicules - arrière,,,,,,,,,,,1,1,9,1,2
201500024909,0015-06-29 20:10:00,15,6,29,20,10,350,238,"13, SAINT-HELIER",48.10733,-1.67169,Plein jour,En agglomération,Hors intersection,Normale,Autre collision,,,,,,,,,,,1,2,1,1,6
201500024910,0015-06-30 16:10:00,15,6,30,16,10,350,238,"00, MOTTE AU CHANCELIER",48.10617,-1.71761,Plein jour,En agglomération,Hors intersection,Normale,Sans collision,,,,,,,,,,,1,2,1,1,7
201500024911,0015-06-30 16:30:00,15,6,30,16,30,350,238,"37, VERN (DE)",48.09989,-1.65793,Plein jour,En agglomération,Intersection en T,Normale,Autre collision,,,,,,,,,,,1,2,3,1,6
201500024912,0015-07-01 17:45:00,15,7,1,17,45,350,238,,48.11965,-1.72022,Plein jour,Hors agglomération,Hors intersection,Normale,Trois véhicules et plus - en chaîne,,,,,,,,,,,1,1,1,1,4
201500024913,0015-07-02 17:55:00,15,7,2,17,55,350,238,"00, VOLCLAIR (BD LOUIS)",48.08843,-1.66766,Plein jour,En agglomération,Intersection en X,Normale,Deux véhicules - côté,,,,,,,,,,,1,2,2,1,3
201500024914,0015-06-05 10:15:00,15,6,5,10,15,350,238,", SCHUMAN (PONT ROBERT)",48.15461,-1.69369,Plein jour,En agglomération,Hors intersection,Normale,Deux véhicules - arrière,,,,,,,,,,,1,2,1,1,2
201500024915,0015-07-03 13:15:00,15,7,3,13,15,350,238,RN136,48.14073,-1.68887,Plein jour,Hors agglomération,Autre intersection,Normale,Deux véhicules - côté,,,,,,,,,,,1,1,9,1,3
201500024916,0015-07-03 18:05:00,15,7,3,18,5,350,238,"00, JANVIER (AVENUE JEAN",48.10938,-1.67393,Plein jour,En agglomération,Intersection en X,Normale,Deux véhicules - arrière,,,,,,,,,,,1,2,2,1,2
201500024917,0015-06-05 18:25:00,15,6,5,18,25,350,51,"00, FOUGERES (ROUTE DE)",,,Plein jour,En agglomération,Giratoire,Normale,Deux véhicules - côté,,,,,,,,,,,1,2,6,1,3
201500024918,0015-07-05 18:30:00,15,7,5,18,30,350,238,CHATEAUGIRON (DE),48.09514,-1.63785,Plein jour,En agglomération,Intersection en X,Normale,Deux véhicules - côté,,,,,,,,,,,1,2,2,1,3
201500024919,0015-07-05 17:28:00,15,7,5,17,28,350,238,"00, FREVILLE (AVENUE HEN",48.08675,-1.67505,Plein jour,En agglomération,Intersection en X,Normale,Deux véhicules - côté,,,,,,,,,,,1,2,2,1,3
201500024920,0015-07-06 08:00:00,15,7,6,8,0,350,51,"00, FOUGERES (ROUTE DE)",48.15453,-1.59461,Plein jour,En agglomération,Giratoire,Normale,Deux véhicules - côté,,,,,,,,,,,1,2,6,1,3
201500024921,0015-07-06 17:35:00,15,7,6,17,35,350,278,R.N. 136,48.14147,-1.67092,Plein jour,Hors agglomération,Hors intersection,Normale,Trois véhicules et plus - en chaîne,,,,,,,,,,,1,1,1,1,4
201500024922,0015-07-06 18:45:00,15,7,6,18,45,350,51,"00, MORAND (ROUTE DU CHE",48.10143,-1.60829,Plein jour,En agglomération,Giratoire,Normale,Deux véhicules - côté,,,,,,,,,,,1,2,6,1,3
201500024923,0015-07-07 10:50:00,15,7,7,10,50,350,238,PORTE D'ANGERS,48.08511,-1.63997,Plein jour,Hors agglomération,Autre intersection,Normale,Sans collision,,,,,,,,,,,1,1,9,1,7
201500024924,0015-07-08 13:30:00,15,7,8,13,30,350,278,"00, ROUTE DE SAINT-MALO",48.13621,-1.69213,Plein jour,En agglomération,Giratoire,Normale,Autre collision,,,,,,,,,,,1,2,6,1,6
201500024925,0015-07-09 01:00:00,15,7,9,1,0,350,238,"00, ALBERT 1ER (BD)",48.08894,-1.67428,Nuit avec éclairage allumé,En agglomération,Intersection en X,Normale,Deux véhicules - côté,,,,,,,,,,,5,2,2,1,3
201500024926,0015-07-09 13:45:00,15,7,9,13,45,350,55,"00, PARC (RUE DU)",48.08807,-1.60834,Plein jour,En agglomération,Giratoire,Normale,Deux véhicules - arrière,,,,,,,,,,,1,2,6,1,2
201500024927,0015-07-09 15:15:00,15,7,9,15,15,350,281,"00, MERMOZ (BOULEVARD JE",48.09638,-1.69262,Plein jour,En agglomération,Intersection en X,Normale,Deux véhicules - côté,,,,,,,,,,,1,2,2,1,3
201500024928,0015-07-10 09:20:00,15,7,10,9,20,350,55,"25, BIGNON (RUE DU)",48.09819,-1.6229,Plein jour,En agglomération,Hors intersection,Normale,Autre collision,,,,,,,,,,,1,2,1,1,6
201500024929,0015-07-10 15:00:00,15,7,10,15,0,350,238,RN136,48.09642,-1.71215,Plein jour,Hors agglomération,Hors intersection,Normale,Sans collision,,,,,,,,,,,1,1,1,1,7
201500024930,0015-05-20 00:30:00,15,5,20,0,30,350,278,PLANCHETTE  (LIEU DIT),48.16457,-1.69129,Nuit sans éclairage public,Hors agglomération,Hors intersection,Normale,Autre collision,,,,,,,,,,,3,1,1,1,6
201500024931,0015-07-10 18:45:00,15,7,10,18,45,350,55,"113, MOZART (RUE DE)",48.08694,-1.6091,Plein jour,En agglomération,Intersection en T,Normale,Trois véhicules et plus - collisions multiples,,,,,,,,,,,1,2,3,1,5
201500024932,0015-07-11 11:20:00,15,7,11,11,20,350,238,"00, LIBERTE (BD DE LA)",48.10746,-1.68028,Plein jour,En agglomération,Intersection en X,Normale,Deux véhicules - côté,,,,,,,,,,,1,2,2,1,3
201500024933,0015-07-11 18:55:00,15,7,11,18,55,350,238,"00, SAINT-JEAN BAPTISTE",48.11445,-1.69999,Plein jour,En agglomération,Intersection en X,Normale,Deux véhicules - côté,,,,,,,,,,,1,2,2,1,3
201500024934,0015-07-15 19:00:00,15,7,15,19,0,350,278,"00, RD 29",48.1524,-1.70585,Plein jour,Hors agglomération,Giratoire,Normale,Sans collision,,,,,,,,,,,1,1,6,1,7
201500024935,0015-07-17 18:00:00,15,7,17,18,0,350,278,R.N. 136,48.14094,-1.68323,Plein jour,Hors agglomération,Hors intersection,Normale,Deux véhicules - arrière,,,,,,,,,,,1,1,1,1,2
201500024936,0015-07-18 12:05:00,15,7,18,12,5,350,238,RN136,48.09538,-1.71107,Plein jour,Hors agglomération,Hors intersection,Normale,Autre collision,,,,,,,,,,,1,1,1,1,6
201500024937,0015-07-19 01:00:00,15,7,19,1,0,350,238,"00, DE LATTRE DE TASSIGN",48.11795,-1.68618,Nuit avec éclairage allumé,En agglomération,Intersection en X,Normale,Deux véhicules - côté,,,,,,,,,,,5,2,2,1,3
201500024938,0015-07-20 07:30:00,15,7,20,7,30,350,238,"00, ALBERT 1ER (BD)",48.09008,-1.69097,Plein jour,En agglomération,Giratoire,Normale,Deux véhicules - côté,,,,,,,,,,,1,2,6,1,3
201500024939,0015-07-22 21:45:00,15,7,22,21,45,350,238,"26, LEROUX (BD OSCAR)",48.09137,-1.66496,Crépuscule ou aube,En agglomération,Intersection en X,Normale,Deux véhicules - côté,,,,,,,,,,,2,2,2,1,3
201500024940,0015-07-23 10:50:00,15,7,23,10,50,350,55,"00, LA HALLERAIS (LIEU D",48.07782,-1.63225,Plein jour,Hors agglomération,Giratoire,Normale,Deux véhicules - côté,,,,,,,,,,,1,1,6,1,3
201500024941,0015-05-04 14:55:00,15,5,4,14,55,350,238,TOULLIER/JANVIER,48.1094,-1.67393,Plein jour,En agglomération,Intersection en X,Pluie légère,Deux véhicules - côté,,,,,,,,,,,1,2,2,2,3
201500024942,0015-07-23 15:50:00,15,7,23,15,50,350,238,"18, VOLNEY (BD)",48.12328,-1.66494,Plein jour,En agglomération,Hors intersection,Normale,Autre collision,,,,,,,,,,,1,2,1,1,6
201500024943,0015-05-04 19:20:00,15,5,4,19,20,350,238,"199, RUE DE FOUGÈRES",48.1231,-1.66029,Plein jour,En agglomération,Hors intersection,Pluie légère,Autre collision,,,,,,,,,,,1,2,1,2,6
201500024944,0015-07-23 22:15:00,15,7,23,22,15,350,238,ARMORIQUE (BD D'),48.12845,-1.66445,Nuit avec éclairage allumé,En agglomération,Intersection en X,Normale,Deux véhicules - arrière,,,,,,,,,,,5,2,2,1,2
201500024945,0015-05-06 12:10:00,15,5,6,12,10,350,238,PARIS/R.LENOIR,48.1127,-1.66464,Plein jour,En agglomération,Intersection en T,Normale,Autre collision,,,,,,,,,,,1,2,3,1,6
201500024946,0015-07-24 11:30:00,15,7,24,11,30,350,278,"00, MONTGERMONT (ROND PO",48.15507,-1.70077,Plein jour,Hors agglomération,Giratoire,Normale,Sans collision,,,,,,,,,,,1,1,6,1,7
201500024947,0015-05-06 15:50:00,15,5,6,15,50,350,238,"29, BD ALBERT 1ER",48.09,-1.68861,Plein jour,En agglomération,Hors intersection,Pluie légère,Deux véhicules - côté,,,,,,,,,,,1,2,1,2,3
201500024948,0015-07-24 18:00:00,15,7,24,18,0,350,238,PORTE DE LORIENT,48.1109,-1.71834,Plein jour,Hors agglomération,Hors intersection,Normale,Trois véhicules et plus - en chaîne,,,,,,,,,,,1,1,1,1,4
201500024949,0015-05-07 09:05:00,15,5,7,9,5,350,238,"56, BD VILLEBOIS MAREUIL",48.1054,-1.65057,Plein jour,En agglomération,Hors intersection,Normale,Deux véhicules - côté,,,,,,,,,,,1,2,1,1,3
201500024950,0015-07-27 12:10:00,15,7,27,12,10,350,238,"95, LORIENT (DE)",48.1088,-1.71031,Plein jour,En agglomération,Hors intersection,Normale,Autre collision,,,,,,,,,,,1,2,1,1,6
201500024951,0015-07-28 16:30:00,15,7,28,16,30,350,238,"00, PRE BOTTE (DU)",48.10935,-1.67784,Plein jour,En agglomération,Intersection en X,Normale,Deux véhicules - côté,,,,,,,,,,,1,2,2,1,3
201500024952,0015-05-09 23:03:00,15,5,9,23,3,350,238,FRÉVILLE/UKRAINE,48.0837,-1.67516,Nuit avec éclairage allumé,En agglomération,Intersection en X,Normale,Deux véhicules - côté,,,,,,,,,,,5,2,2,1,3
201500024953,0015-07-28 16:15:00,15,7,28,16,15,350,238,"183, PATTON (AVENUE DU G",48.12789,-1.66467,Plein jour,En agglomération,Hors intersection,Pluie légère,Sans collision,,,,,,,,,,,1,2,1,2,7
201500024954,0015-05-12 15:40:00,15,5,12,15,40,350,238,PORTE D'ALMA,48.0816,-1.67455,Plein jour,En agglomération,Giratoire,Normale,Deux véhicules - arrière,,,,,,,,,,,1,2,6,1,2
201500024955,0015-07-28 19:10:00,15,7,28,19,10,350,238,"00, VALLES (JULES)",48.10531,-1.7081,Plein jour,En agglomération,Giratoire,Normale,Deux véhicules - côté,,,,,,,,,,,1,2,6,1,3
201500024956,0015-07-29 09:20:00,15,7,29,9,20,350,238,"00, VERDUN (BD DE)",48.11272,-1.69333,Plein jour,En agglomération,Intersection en X,Normale,Deux véhicules - côté,,,,,,,,,,,1,2,2,1,3
201500024957,0015-05-13 01:54:00,15,5,13,1,54,350,238,SURCOUF/D.PAPIN,48.1061,-1.69213,Nuit avec éclairage non allumé,En agglomération,Intersection en X,Normale,Deux véhicules - côté,,,,,,,,,,,4,2,2,1,3
201500024958,0015-07-29 11:40:00,15,7,29,11,40,350,238,RN136,48.11453,-1.71907,Plein jour,Hors agglomération,Hors intersection,Normale,Trois véhicules et plus - collisions multiples,,,,,,,,,,,1,1,1,1,5
201500024959,0015-07-30 18:15:00,15,7,30,18,15,350,238,CHURCHILL (AVENUE SIR WI,48.12199,-1.70878,Plein jour,En agglomération,Intersection en T,Normale,Trois véhicules et plus - collisions multiples,,,,,,,,,,,1,2,3,1,5
201500024960,0015-07-31 12:30:00,15,7,31,12,30,350,238,"48, VANEAU",48.11172,-1.69306,Plein jour,En agglomération,Hors intersection,Normale,Deux véhicules - frontale,,,,,,,,,,,1,2,1,1,1
201500024961,0015-08-06 03:40:00,15,8,6,3,40,350,238,ARMORIQUE (BD D'),48.12843,-1.6643,Nuit avec éclairage allumé,En agglomération,Intersection en X,Normale,Deux véhicules - côté,,,,,,,,,,,5,2,2,1,3
201500024962,0015-08-05 18:40:00,15,8,5,18,40,350,281,DODIN (AVENUE ROGER),48.0872,-1.70733,Plein jour,En agglomération,Giratoire,Normale,Deux véhicules - côté,,,,,,,,,,,1,2,6,1,3
201500024963,0015-05-14 13:00:00,15,5,14,13,0,350,238,FRÉVILLE/UKRAINE,48.0837,-1.67516,Plein jour,En agglomération,Intersection en X,Normale,Deux véhicules - frontale,,,,,,,,,,,1,2,2,1,1
201500024964,0015-08-06 17:15:00,15,8,6,17,15,350,281,"00, DODIN (AVENUE ROGER)",48.08698,-1.7074,Plein jour,En agglomération,Giratoire,Normale,Autre collision,,,,,,,,,,,1,2,6,1,6
201500024965,0015-05-14 15:40:00,15,5,14,15,40,350,238,VANEAU/MITTERRAND,48.1085,-1.69298,Plein jour,En agglomération,Intersection en X,Normale,Deux véhicules - côté,,,,,,,,,,,1,2,2,1,3
201500024966,0015-08-07 17:40:00,15,8,7,17,40,350,238,"31, VERN (DE)",48.10043,-1.6586,Plein jour,En agglomération,Hors intersection,Normale,Deux véhicules - arrière,,,,,,,,,,,1,2,1,1,2
201500024967,0015-05-15 19:30:00,15,5,15,19,30,350,238,ALLÉE DU GACET,48.0854,-1.66552,Plein jour,En agglomération,Hors intersection,Normale,Sans collision,,,,,,,,,,,1,2,1,1,7
201500024968,0015-08-10 08:15:00,15,8,10,8,15,350,51,"00, FOUGERES (ROUTE DE)",48.13354,-1.6299,Plein jour,En agglomération,Intersection en T,Normale,Deux véhicules - arrière,,,,,,,,,,,1,2,3,1,2
201500024969,0015-08-03 12:50:00,15,8,3,12,50,350,238,"5, LAENNEC (BD RENE)",48.10966,-1.66568,Plein jour,En agglomération,Hors intersection,Normale,Deux véhicules - arrière,,,,,,,,,,,1,2,1,1,2
201500024970,0015-08-08 10:55:00,15,8,8,10,55,350,278,,48.15647,-1.70355,Plein jour,Hors agglomération,Hors intersection,Normale,Deux véhicules - arrière,,,,,,,,,,,1,1,1,1,2
201500024971,0015-08-11 17:00:00,15,8,11,17,0,350,238,"00, SAINT-HELIER",48.10647,-1.66828,Plein jour,En agglomération,Intersection en T,Normale,Deux véhicules - côté,,,,,,,,,,,1,2,3,1,3
201500024972,0015-05-19 13:30:00,15,5,19,13,30,350,238,BAHON RAULT/GROS MALHON,48.1299,-1.68422,Plein jour,En agglomération,Intersection en Y,Normale,Deux véhicules - côté,,,,,,,,,,,1,2,4,1,3
201500024973,0015-08-12 13:20:00,15,8,12,13,20,350,238,NEMOURS ( DE),48.10988,-1.68019,Plein jour,En agglomération,Intersection en X,Normale,Autre collision,,,,,,,,,,,1,2,2,1,6
201500024974,0015-08-12 14:30:00,15,8,12,14,30,350,238,"267, CHATEAUGIRON (DE)",48.0931,-1.6313,Plein jour,En agglomération,Hors intersection,Normale,Deux véhicules - arrière,,,,,,,,,,,1,2,1,1,2
201500024975,0015-08-12 19:20:00,15,8,12,19,20,350,278,BELLE EPINE (BD DE LA),48.15144,-1.69163,Plein jour,En agglomération,Giratoire,Normale,Deux véhicules - arrière,,,,,,,,,,,1,2,6,1,2
201500024976,0015-05-19 22:50:00,15,5,19,22,50,350,238,"218, RUE DE NANTES",48.0967,-1.68917,Nuit avec éclairage allumé,En agglomération,Hors intersection,Normale,Autre collision,,,,,,,,,,,5,2,1,1,6
201500024977,0015-08-14 12:41:00,15,8,14,12,41,350,278,ROCADE,48.14084,-1.69153,Plein jour,Hors agglomération,Hors intersection,Normale,Deux véhicules - frontale,,,,,,,,,,,1,1,1,1,1
201500024978,0015-08-17 16:00:00,15,8,17,16,0,350,238,"100, MITTERAND (MAIL FRA",48.10861,-1.69617,Plein jour,En agglomération,Hors intersection,Normale,Deux véhicules - arrière,,,,,,,,,,,1,2,1,1,2
201500024979,0015-05-20 12:00:00,15,5,20,12,0,350,238,PORTE DE NANTES,48.0776,-1.6753,Plein jour,En agglomération,Hors intersection,Pluie légère,Deux véhicules - frontale,,,,,,,,,,,1,2,1,2,1
201500024980,0015-08-18 11:30:00,15,8,18,11,30,350,281,PORTE DE ST NAZAIRE,48.09218,-1.70756,Plein jour,Hors agglomération,Hors intersection,Normale,Deux véhicules - côté,,,,,,,,,,,1,1,1,1,3
201500024981,0015-08-18 18:00:00,15,8,18,18,0,350,238,COMBES (BD EMILE),48.09364,-1.67099,Plein jour,Hors agglomération,Intersection en X,Normale,Deux véhicules - frontale,,,,,,,,,,,1,1,2,1,1
201500024982,0015-08-14 11:50:00,15,8,14,11,50,350,238,CANADA (AVENUE DU),48.08795,-1.68224,Plein jour,En agglomération,Hors intersection,Pluie légère,Deux véhicules - arrière,,,,,,,,,,,1,2,1,2,2
201500024983,0015-08-21 09:10:00,15,8,21,9,10,350,238,PORTE DE LORIENT,48.11076,-1.71836,Plein jour,Hors agglomération,Autre intersection,Normale,Trois véhicules et plus - collisions multiples,,,,,,,,,,,1,1,9,1,5
201500024984,0015-05-22 15:10:00,15,5,22,15,10,350,238,PECKER/C.TILLON,48.1262,-1.69297,Plein jour,En agglomération,Intersection en X,Normale,Deux véhicules - arrière,,,,,,,,,,,1,2,2,1,2
201500024985,0015-08-21 18:25:00,15,8,21,18,25,350,238,PORTE DE VILLEJEAN,48.12446,-1.71492,Plein jour,Hors agglomération,Hors intersection,Normale,Autre collision,,,,,,,,,,,1,1,1,1,6