accident_id,datetime,annee,mois,jour,heure,minute,departement,commune_insee,adresse,latitude,longitude,luminosite,agglomeration,intersection,meteo,collision,nb_vehicules,nb_usagers,nb_indemnes,nb_tues,nb_blesses_hosp,nb_blesses_legers,age_cond_1,age_cond_2,veh_type_cond_1,veh_type_cond_2,lum_code,agg_code,int_code,atm_code,col_code
201500025106,0015-11-07 17:40:00,15,11,7,17,40,350,238,"00, STRASBOURG (BOULEVAR",48.11036,-1.65565,Crépuscule ou aube,Hors agglomération,Hors intersection,Normale,Deux véhicules - côté,,,,,,,,,,,2,1,1,1,3
201500025107,0015-11-09 11:05:00,15,11,9,11,5,350,238,"245, ROUTE DE ST MALO",48.13125,-1.69022,Plein jour,Hors agglomération,Hors intersection,Normale,Trois véhicules et plus - en chaîne,,,,,,,,,,,1,1,1,1,4
201500025108,0015-11-11 21:45:00,15,11,11,21,45,350,238,"00, ROBIDOU (BERTRAND)",48.10917,-1.65945,Nuit avec éclairage non allumé,En agglomération,Intersection en T,Normale,Deux véhicules - frontale,,,,,,,,,,,4,2,3,1,1
201500025109,0015-11-13 18:50:00,15,11,13,18,50,350,238,,48.08276,-1.69757,Nuit sans éclairage public,Hors agglomération,Hors intersection,Normale,Trois véhicules et plus - en chaîne,,,,,,,,,,,3,1,1,1,4
201500025110,0015-11-16 19:30:00,15,11,16,19,30,350,281,"00, PILATE (RUE DE LA)",48.09251,-1.69468,Plein jour,Hors agglomération,Intersection en X,Normale,Deux véhicules - côté,,,,,,,,,,,1,1,2,1,3
201500025111,0015-11-20 08:25:00,15,11,20,8,25,350,238,"00, LOBINEAU",48.099,-1.68431,Crépuscule ou aube,En agglomération,Intersection en X,Pluie légère,Deux véhicules - frontale,,,,,,,,,,,2,2,2,2,1
201500025112,0015-11-27 10:00:00,15,11,27,10,0,350,238,"71, STRASBOURG (BOULEVAR",48.11453,-1.65704,Plein jour,En agglomération,Intersection à plus de 4 branches,Normale,Autre collision,,,,,,,,,,,1,2,5,1,6
201500025113,0015-11-27 17:00:00,15,11,27,17,0,350,238,"00, ROBERT (FERNAND)",48.13227,-1.7083,Plein jour,En agglomération,Hors intersection,Pluie légère,Autre collision,,,,,,,,,,,1,2,1,2,6
201500025114,0015-11-18 13:15:00,15,11,18,13,15,350,238,"00, PECKER (PROF.JEAN)",48.12564,-1.69299,Plein jour,En agglomération,Hors intersection,Normale,Autre collision,,,,,,,,,,,1,2,1,1,6
201500025115,0015-11-27 19:00:00,15,11,27,19,0,350,238,"04, CHAMP JACQUET (PLACE",48.11278,-1.68028,Nuit avec éclairage allumé,En agglomération,Hors intersection,Pluie légère,Autre collision,,,,,,,,,,,5,2,1,2,6
201500025116,0015-11-27 20:05:00,15,11,27,20,5,350,238,"08, LIBERTE (BD DE LA)",48.10744,-1.67612,Nuit avec éclairage allumé,En agglomération,Intersection en T,Pluie légère,Autre collision,,,,,,,,,,,5,2,3,2,6
201500025117,0015-11-28 03:15:00,15,11,28,3,15,350,238,"26, DUGUAY TROUIN (QUAI)",48.11017,-1.68386,Nuit avec éclairage allumé,En agglomération,Hors intersection,Pluie légère,Deux véhicules - côté,,,,,,,,,,,5,2,1,2,3
201500025118,0015-11-28 17:00:00,15,11,28,17,0,350,238,"172, SAINT-MALO (RUE DE)",48.12129,-1.68294,Plein jour,En agglomération,Intersection en Y,Normale,Deux véhicules - côté,,,,,,,,,,,1,2,4,1,3
201500025119,0015-11-30 08:00:00,15,11,30,8,0,350,238,"00, ROOSEVELT (BD FRANKL",48.09769,-1.65675,Nuit avec éclairage allumé,En agglomération,Hors intersection,Normale,Sans collision,,,,,,,,,,,5,2,1,1,7
201500025120,0015-11-30 09:10:00,15,11,30,9,10,350,238,"201, VERN (DE)",48.08875,-1.64458,Plein jour,En agglomération,Hors intersection,Pluie légère,Autre collision,,,,,,,,,,,1,2,1,2,6
201500025121,0015-11-30 09:45:00,15,11,30,9,45,350,281,"00, PORTE DE ST NAZAIRE",48.08624,-1.69994,Plein jour,Hors agglomération,Hors intersection,Pluie légère,Deux véhicules - arrière,,,,,,,,,,,1,1,1,2,2
201500025122,0015-11-30 17:00:00,15,11,30,17,0,350,238,"00, BRETAGNE (PLACE DE)",48.1098,-1.68419,Plein jour,En agglomération,Intersection en X,Normale,Deux véhicules - côté,,,,,,,,,,,1,2,2,1,3
201500025123,0015-12-01 04:45:00,15,12,1,4,45,350,281,"00, DODIN (AVENUE ROGER)",48.07496,-1.71248,Nuit avec éclairage allumé,En agglomération,Hors intersection,Normale,Autre collision,,,,,,,,,,,5,2,1,1,6
201500025124,0015-12-01 08:45:00,15,12,1,8,45,350,238,"30, JANVIER (AVENUE JEAN",48.1047,-1.67263,Crépuscule ou aube,Hors agglomération,Hors intersection,Normale,Autre collision,,,,,,,,,,,2,1,1,1,6
201500025125,0015-12-01 18:10:00,15,12,1,18,10,350,238,"00, REPUBLIQUE (PLACE DE",48.1098,-1.67792,Nuit avec éclairage allumé,En agglomération,Intersection en X,Normale,Deux véhicules - côté,,,,,,,,,,,5,2,2,1,3
201500025126,0015-12-01 20:35:00,15,12,1,20,35,350,238,"05, LE GUILLOUX (HENRI)",48.11525,-1.69887,Nuit avec éclairage allumé,En agglomération,Hors intersection,Normale,Autre collision,,,,,,,,,,,5,2,1,1,6
201500025127,0015-12-03 02:50:00,15,12,3,2,50,350,238,"00, MOULIN DE JOUE (DU)",48.11174,-1.64664,Nuit avec éclairage allumé,En agglomération,Giratoire,Normale,Autre collision,,,,,,,,,,,5,2,6,1,6
201500025128,0015-12-03 13:20:00,15,12,3,13,20,350,238,"00, CHATEAUGIRON (DE)",48.10178,-1.65613,Plein jour,En agglomération,Intersection en X,Normale,Deux véhicules - côté,,,,,,,,,,,1,2,2,1,3
201500025129,0015-12-03 18:40:00,15,12,3,18,40,350,238,"00, CHATEAU (AVENUE FRAN",48.11171,-1.64638,Nuit avec éclairage allumé,En agglomération,Giratoire,Normale,Trois véhicules et plus - en chaîne,,,,,,,,,,,5,2,6,1,4
201500025130,0015-12-06 03:45:00,15,12,6,3,45,350,281,"00, DODIN (AVENUE ROGER)",48.08212,-1.71148,Nuit avec éclairage allumé,En agglomération,Giratoire,Normale,Sans collision,,,,,,,,,,,5,2,6,1,7
201500025131,0015-12-04 04:10:00,15,12,4,4,10,350,51,NORMANDIE (PORTE DE),48.14823,-1.59696,Nuit sans éclairage public,Hors agglomération,Hors intersection,Pluie légère,Sans collision,,,,,,,,,,,3,1,1,2,7
201500025132,0015-11-26 09:30:00,15,11,26,9,30,350,238,"00, SUISSE (DE)",48.08652,-1.66377,Plein jour,En agglomération,Intersection en T,Normale,Deux véhicules - frontale,,,,,,,,,,,1,2,3,1,1
201500025133,0015-12-04 09:15:00,15,12,4,9,15,350,238,"00, SAINT-HELIER",48.1048,-1.66478,Plein jour,En agglomération,Hors intersection,Temps éblouissant,Trois véhicules et plus - en chaîne,,,,,,,,,,,1,2,1,7,4
201500025134,0015-12-04 09:25:00,15,12,4,9,25,350,278,"00, AUGE DE PIERRE (ROND",48.13661,-1.69295,Plein jour,En agglomération,Giratoire,Normale,Deux véhicules - côté,,,,,,,,,,,1,2,6,1,3
201500025135,0015-12-04 20:20:00,15,12,4,20,20,350,238,"00, DESGREES (BD PAUL HU",48.09341,-1.63922,Nuit avec éclairage allumé,En agglomération,Hors intersection,Normale,Deux véhicules - arrière,,,,,,,,,,,5,2,1,1,2
201500025136,0015-12-05 15:45:00,15,12,5,15,45,350,238,"26, NEMOURS ( DE)",48.10753,-1.68028,Plein jour,En agglomération,Intersection en X,Temps couvert,Autre collision,,,,,,,,,,,1,2,2,8,6
201500025137,0015-12-05 19:20:00,15,12,5,19,20,350,238,"00, CHATEAUGIRON (DE)",48.09533,-1.63789,Nuit avec éclairage allumé,En agglomération,Intersection en X,Normale,Autre collision,,,,,,,,,,,5,2,2,1,6
201500025138,0015-12-06 17:40:00,15,12,6,17,40,350,238,"00, SAINT-HELIER",48.10672,-1.66915,Crépuscule ou aube,En agglomération,Hors intersection,Normale,Sans collision,,,,,,,,,,,2,2,1,1,7
201500025139,0015-12-07 08:45:00,15,12,7,8,45,350,238,"00, LYAUTEY (MARECHAL)",48.11605,-1.69186,Plein jour,En agglomération,Giratoire,Normale,Deux véhicules - côté,,,,,,,,,,,1,2,6,1,3
201500025140,0015-11-30 17:00:00,15,11,30,17,0,350,238,"00, PORTE DES LOGES",48.08956,-1.63142,Plein jour,Hors agglomération,Hors intersection,Normale,Trois véhicules et plus - collisions multiples,,,,,,,,,,,1,1,1,1,5
201500025141,0015-12-06 03:25:00,15,12,6,3,25,350,281,"00, NANTES (RUE DE)",48.09035,-1.69278,Nuit avec éclairage allumé,En agglomération,Intersection en X,Normale,Deux véhicules - côté,,,,,,,,,,,5,2,2,1,3
201500025142,0015-12-07 10:30:00,15,12,7,10,30,350,238,"05, YSER (BD DE L')",48.09184,-1.67827,Plein jour,En agglomération,Intersection en X,Normale,Deux véhicules - côté,,,,,,,,,,,1,2,2,1,3
201500025143,0015-12-09 08:30:00,15,12,9,8,30,350,238,"00, SAINT-CONWOION (BD)",48.10322,-1.68859,Plein jour,En agglomération,Intersection en T,Normale,Autre collision,,,,,,,,,,,1,2,3,1,6
201500025144,0015-12-09 10:00:00,15,12,9,10,0,350,238,"37, NOEL (YVES)",48.08999,-1.67675,Plein jour,En agglomération,Hors intersection,Normale,Deux véhicules - frontale,,,,,,,,,,,1,2,1,1,1
201500025145,0015-12-09 19:00:00,15,12,9,19,0,350,238,"00, PORTE DES LONGS CHAM",48.14215,-1.62367,Nuit sans éclairage public,Hors agglomération,Autre intersection,Normale,Deux véhicules - arrière,,,,,,,,,,,3,1,9,1,2
201500025146,0015-11-25 18:45:00,15,11,25,18,45,350,238,"00, PORTE DE BREST",48.12728,-1.71231,Nuit sans éclairage public,Hors agglomération,Hors intersection,Pluie légère,Deux véhicules - arrière,,,,,,,,,,,3,1,1,2,2
201500025147,0015-12-10 13:55:00,15,12,10,13,55,350,238,"07, SURCOUF",48.10618,-1.69214,Plein jour,En agglomération,Intersection en X,Normale,Deux véhicules - côté,,,,,,,,,,,1,2,2,1,3
201500025148,0015-12-10 18:00:00,15,12,10,18,0,350,238,"00, VEZIN (ROUTE DE)",48.11622,-1.71613,Nuit avec éclairage allumé,En agglomération,Giratoire,Normale,Autre collision,,,,,,,,,,,5,2,6,1,6
201500025149,0015-12-11 13:00:00,15,12,11,13,0,350,51,"00, BRAY (ROND-POINT DE)",48.1077,-1.61535,Plein jour,En agglomération,Giratoire,Normale,Trois véhicules et plus - en chaîne,,,,,,,,,,,1,2,6,1,4
201500025150,0015-12-15 13:00:00,15,12,15,13,0,350,238,"00, TILLON (AVENUE CHARL",48.12445,-1.70932,Plein jour,En agglomération,Intersection en T,Normale,Deux véhicules - côté,,,,,,,,,,,1,2,3,1,3
201500025151,0015-12-11 17:30:00,15,12,11,17,30,350,55,"00, RD 463",48.07991,-1.60473,Crépuscule ou aube,Hors agglomération,Giratoire,Normale,Autre collision,,,,,,,,,,,2,1,6,1,6
201500025152,0015-12-11 18:30:00,15,12,11,18,30,350,51,"00, FOUGERES (ROUTE DE)",48.1421,-1.61369,Nuit sans éclairage public,Hors agglomération,Hors intersection,Normale,Autre collision,,,,,,,,,,,3,1,1,1,6
201500025153,0015-12-13 08:00:00,15,12,13,8,0,350,238,"00, CLEMENCEAU (BD GEORG",48.09379,-1.67454,Nuit avec éclairage allumé,En agglomération,Intersection en X,Normale,Deux véhicules - côté,,,,,,,,,,,5,2,2,1,3
201500025154,0015-12-13 09:40:00,15,12,13,9,40,350,238,"00, FREVILLE (AVENUE HEN",48.08377,-1.67511,Plein jour,En agglomération,Intersection en X,Normale,Deux véhicules - côté,,,,,,,,,,,1,2,2,1,3
201500025155,0015-12-14 17:55:00,15,12,14,17,55,350,238,"60B, CHATEAUGIRON (DE)",48.10102,-1.65187,Nuit sans éclairage public,En agglomération,Hors intersection,Normale,Deux véhicules - côté,,,,,,,,,,,3,2,1,1,3
201500025156,0015-12-14 18:20:00,15,12,14,18,20,350,238,"00, DESGREES (BD PAUL HU",48.09135,-1.64259,Nuit sans éclairage public,En agglomération,Hors intersection,Normale,Trois véhicules et plus - collisions multiples,,,,,,,,,,,3,2,1,1,5
201500025157,0015-12-15 18:00:00,15,12,15,18,0,350,238,"00, TOUR D'AUVERGNE (BD",48.10546,-1.6843,Nuit avec éclairage allumé,En agglomération,Intersection en X,Temps couvert,Autre collision,,,,,,,,,,,5,2,2,8,6
201500025158,0015-12-15 19:05:00,15,12,15,19,5,350,278,"00, ROBIQUETTE (ROND POI",48.13502,-1.69359,Nuit avec éclairage allumé,En agglomération,Giratoire,Temps couvert,Autre collision,,,,,,,,,,,5,2,6,8,6
201500025159,0015-12-16 12:00:00,15,12,16,12,0,350,238,"15, METZ (BD DE)",48.11587,-1.65803,Plein jour,En agglomération,Hors intersection,Normale,Trois véhicules et plus - en chaîne,,,,,,,,,,,1,2,1,1,4
201500025160,0015-12-17 16:25:00,15,12,17,16,25,350,238,"00, ROCHESTER (AVENUE DE",48.1281,-1.65908,Plein jour,En agglomération,Intersection en T,Normale,Autre collision,,,,,,,,,,,1,2,3,1,6
201500025161,0015-12-17 17:30:00,15,12,17,17,30,350,55,"00, BONNIN ANDRE (AVENUE",48.08835,-1.61889,Nuit avec éclairage allumé,En agglomération,Hors intersection,Normale,Autre collision,,,,,,,,,,,5,2,1,1,6
201500025162,0015-12-13 19:00:00,15,12,13,19,0,350,238,"00, LICES (PLACE DU BAS",48.11256,-1.6848,Nuit avec éclairage allumé,En agglomération,Intersection en X,Normale,Deux véhicules - côté,,,,,,,,,,,5,2,2,1,3
201500025163,0015-12-18 19:10:00,15,12,18,19,10,350,238,"10, BERT (PAUL)",48.11066,-1.67045,Nuit avec éclairage allumé,En agglomération,Hors intersection,Normale,Autre collision,,,,,,,,,,,5,2,1,1,6
201500025164,0015-12-18 21:50:00,15,12,18,21,50,350,238,"09, BOURGEOIS (BOULEVARD",48.09825,-1.6553,Nuit avec éclairage allumé,En agglomération,Intersection en X,Normale,Deux véhicules - arrière,,,,,,,,,,,5,2,2,1,2
201500025165,0015-12-19 11:15:00,15,12,19,11,15,350,238,"00, LIBERTE (BD DE LA)",48.10753,-1.67543,Plein jour,En agglomération,Intersection en T,Normale,Deux véhicules - côté,,,,,,,,,,,1,2,3,1,3
201500025166,0015-12-19 17:15:00,15,12,19,17,15,350,238,"00, GROS MALHON (AVENUE)",48.13033,-1.68439,Crépuscule ou aube,En agglomération,Hors intersection,Temps couvert,Autre collision,,,,,,,,,,,2,2,1,8,6
201500025167,0015-12-20 13:05:00,15,12,20,13,5,350,238,"00, NEMOURS ( DE)",48.10861,-1.67995,Plein jour,En agglomération,Intersection en T,Normale,Autre collision,,,,,,,,,,,1,2,3,1,6
201500025168,0015-12-22 13:20:00,15,12,22,13,20,350,238,"00, ROCHESTER (AVENUE DE",48.12797,-1.65737,Plein jour,En agglomération,Intersection en X,Pluie légère,Deux véhicules - côté,,,,,,,,,,,1,2,2,2,3
201500025169,0015-12-22 17:30:00,15,12,22,17,30,350,278,"00, R.N. 136",48.14201,-1.64492,Plein jour,Hors agglomération,Hors intersection,Normale,Deux véhicules - arrière,,,,,,,,,,,1,1,1,1,2
201500025170,0015-12-22 13:50:00,15,12,22,13,50,350,238,"00, TREGAIN (DE)",48.12676,-1.65852,Plein jour,En agglomération,Hors intersection,Pluie légère,Autre collision,,,,,,,,,,,1,2,1,2,6
201500025171,0015-12-23 13:00:00,15,12,23,13,0,350,238,"00, TILLON (AVENUE CHARL",48.12458,-1.70304,Plein jour,En agglomération,Intersection en X,Normale,Deux véhicules - frontale,,,,,,,,,,,1,2,2,1,1
201500025172,0015-12-15 15:30:00,15,12,15,15,30,350,238,"00, VILLEBOIS MAREUIL (B",48.10731,-1.65114,Plein jour,En agglomération,Hors intersection,Normale,Deux véhicules - côté,,,,,,,,,,,1,2,1,1,3
201500025173,0015-12-23 10:30:00,15,12,23,10,30,350,238,"00, DUVAL (ALEXANDRE)",48.10356,-1.69401,Plein jour,En agglomération,Intersection en X,Normale,Deux véhicules - côté,,,,,,,,,,,1,2,2,1,3
201500025174,0015-12-26 12:55:00,15,12,26,12,55,350,238,"00, BREST (DE)",48.11169,-1.69116,Plein jour,En agglomération,Autre intersection,Normale,Deux véhicules - côté,,,,,,,,,,,1,2,9,1,3
201500025175,0015-12-26 15:10:00,15,12,26,15,10,350,238,"04, MOREAU DE JONNES",48.10875,-1.65474,Plein jour,En agglomération,Intersection en Y,Normale,Autre collision,,,,,,,,,,,1,2,4,1,6
201500025176,0015-12-26 15:44:00,15,12,26,15,44,350,238,"00, BRETAGNE (PONT DE)",48.10981,-1.68469,Plein jour,En agglomération,Intersection en X,Normale,Autre collision,,,,,,,,,,,1,2,2,1,6
201500025177,0015-12-29 17:00:00,15,12,29,17,0,350,238,"00, RN136",48.12205,-1.71983,Plein jour,Hors agglomération,Autre intersection,Normale,Sans collision,,,,,,,,,,,1,1,9,1,7
201500025178,0015-12-29 21:20:00,15,12,29,21,20,350,238,"00, ARMORIQUE (BD D')",48.12848,-1.66448,Nuit avec éclairage allumé,En agglomération,Intersection en X,Normale,Deux véhicules - arrière,,,,,,,,,,,5,2,2,1,2
201500025179,0015-12-30 13:55:00,15,12,30,13,55,350,238,"00, HOCHE (PLACE)",48.11531,-1.67734,Plein jour,En agglomération,Hors intersection,Normale,Autre collision,,,,,,,,,,,1,2,1,1,6
201500025180,0015-12-30 18:45:00,15,12,30,18,45,350,238,"00, LICES (PLACE DES)",48.11302,-1.68375,Nuit avec éclairage allumé,En agglomération,Intersection en T,Normale,Autre collision,,,,,,,,,,,5,2,3,1,6
201500025181,0015-12-30 20:00:00,15,12,30,20,0,350,278,"00, DE GAULLE (AVENUE GE",48.15179,-1.68604,Nuit avec éclairage allumé,En agglomération,Intersection en X,Pluie forte,Autre collision,,,,,,,,,,,5,2,2,3,6
201500025182,0015-03-20 15:15:00,15,3,20,15,15,350,288,"0, ANTILLES (RUE DES)",48.63662,-1.99682,Plein jour,En agglomération,Hors intersection,Normale,Autre collision,,,,,,,,,,,1,2,1,1,6
201500025183,0015-02-07 16:30:00,15,2,7,16,30,350,288,"0, DINAN (PORTE DE )",48.64615,-2.02618,Plein jour,En agglomération,Hors intersection,Normale,Autre collision,,,,,,,,,,,1,2,1,1,6
201500025184,0015-05-10 00:20:00,15,5,10,0,20,350,93,"12, EDOUARD VII - N°1A 6",48.63333,-2.05874,Nuit avec éclairage allumé,En agglomération,Hors intersection,Normale,Sans collision,,,,,,,,,,,5,2,1,1,7
201500025185,0015-05-06 12:18:00,15,5,6,12,18,350,288,"0, DUGUAY-TROUIN (QUAI)",48.65107,-2.02173,Plein jour,En agglomération,Hors intersection,Normale,Autre collision,,,,,,,,,,,1,2,1,1,6
201500025186,0015-04-17 18:18:00,15,4,17,18,18,350,288,D2,48.63338,-1.95011,Plein jour,Hors agglomération,Intersection en X,Normale,Trois véhicules et plus - collisions multiples,,,,,,,,,,,1,1,2,1,5
201500025187,0015-07-18 11:58:00,15,7,18,11,58,350,288,"00, ESPLANADE SAINT VINC",48.65033,-2.02119,Plein jour,En agglomération,Hors intersection,Normale,Autre collision,,,,,,,,,,,1,2,1,1,6
201500025188,0015-08-04 04:10:00,15,8,4,4,10,350,288,"0, CD 4",48.60766,-1.95913,Nuit sans éclairage public,Hors agglomération,Intersection à plus de 4 branches,Normale,Sans collision,,,,,,,,,,,3,1,5,1,7
201500025189,0015-08-15 09:10:00,15,8,15,9,10,350,241,D168,48.6138,-2.03646,Plein jour,En agglomération,Intersection en X,Normale,Deux véhicules - frontale,,,,,,,,,,,1,2,2,1,1
201500025190,0015-10-16 13:50:00,15,10,16,13,50,350,288,RUE NICOLAS BOUVIER,48.64736,-2.00812,Plein jour,En agglomération,Giratoire,Normale,Deux véhicules - côté,,,,,,,,,,,1,2,6,1,3
201500025191,0015-09-17 12:15:00,15,9,17,12,15,350,241,D168,48.6136,-2.04128,Plein jour,Hors agglomération,Hors intersection,Normale,Deux véhicules - arrière,,,,,,,,,,,1,1,1,1,2
201500025192,0015-03-04 15:40:00,15,3,4,15,40,360,159,,46.7924,1.73601,Plein jour,En agglomération,Hors intersection,Normale,Autre collision,,,,,,,,,,,1,2,1,1,6
201500025193,0015-11-20 05:40:00,15,11,20,5,40,360,44,57 BD G SAND,46.8072,1.68588,Nuit avec éclairage allumé,En agglomération,Hors intersection,Normale,Autre collision,,,,,,,,,,,5,2,1,1,6
201500025194,0015-02-17 17:55:00,15,2,17,17,55,360,44,353 AV DE VERDUN,46.7912,1.70047,Plein jour,En agglomération,Hors intersection,Temps couvert,Deux véhicules - frontale,,,,,,,,,,,1,2,1,8,1
201500025195,0015-11-26 08:20:00,15,11,26,8,20,360,44,AVENUE ANDRE LE NOTRE,46.7986,1.70113,Plein jour,En agglomération,Hors intersection,Temps couvert,Deux véhicules - frontale,,,,,,,,,,,1,2,1,8,1
201500025196,0015-03-06 17:44:00,15,3,6,17,44,360,44,21 RUE RASPAIL,46.8075,1.69172,Plein jour,En agglomération,Hors intersection,Normale,Autre collision,,,,,,,,,,,1,2,1,1,6
201500025197,0015-11-29 08:05:00,15,11,29,8,5,360,44,AVENUE DES MARINS,46.8095,1.68348,Plein jour,En agglomération,Hors intersection,Normale,Autre collision,,,,,,,,,,,1,2,1,1,6
201500025198,0015-03-11 18:58:00,15,3,11,18,58,360,44,2 RUE DES MEUNIERS,46.7872,1.68234,Plein jour,En agglomération,Hors intersection,Normale,Sans collision,,,,,,,,,,,1,2,1,1,7
201500025199,0015-11-19 20:43:00,15,11,19,20,43,360,159,ALL MAISONS ROUGES/RD943,46.7977,1.72814,Nuit avec éclairage allumé,Hors agglomération,Giratoire,Normale,Deux véhicules - côté,,,,,,,,,,,5,1,6,1,3
201500025200,0015-03-12 07:45:00,15,3,12,7,45,360,44,83 AVENUE JOHN KENNEDY,46.8009,1.69243,Plein jour,En agglomération,Hors intersection,Normale,Deux véhicules - arrière,,,,,,,,,,,1,2,1,1,2
201500025201,0015-11-22 20:55:00,15,11,22,20,55,360,44,CHAUMIAU/CANTERELLE,46.8071,1.69324,Nuit avec éclairage allumé,En agglomération,Hors intersection,Normale,Autre collision,,,,,,,,,,,5,2,1,1,6
201500025202,0015-03-06 10:30:00,15,3,6,10,30,360,44,RUE ROGER CAZALA,46.8119,1.70072,Plein jour,En agglomération,Hors intersection,Normale,Deux véhicules - arrière,,,,,,,,,,,1,2,1,1,2
201500025203,0015-11-25 18:50:00,15,11,25,18,50,360,63,ALLEE DES MAISONS ROUGES,46.8075,1.7456,Nuit sans éclairage public,Hors agglomération,Hors intersection,Temps couvert,Deux véhicules - arrière,,,,,,,,,,,3,1,1,8,2
201500025204,0015-03-14 17:20:00,15,3,14,17,20,360,159,AVENUE DE LA FORET RD990,46.7561,1.72208,Plein jour,Hors agglomération,Hors intersection,Normale,Sans collision,,,,,,,,,,,1,1,1,1,7
201500025205,0015-11-27 16:15:00,15,11,27,16,15,360,44,RUE AURIER/RUE SCHWOB,46.8157,1.70711,Plein jour,En agglomération,Intersection en X,Normale,Deux véhicules - côté,,,,,,,,,,,1,2,2,1,3
201500025206,0015-03-17 17:01:00,15,3,17,17,1,360,202,AVENUE D'OCCITANIE,46.7834,1.65513,Plein jour,En agglomération,Hors intersection,Normale,Trois véhicules et plus - en chaîne,,,,,,,,,,,1,2,1,1,4
201500025207,0015-12-18 17:30:00,15,12,18,17,30,360,44,RD 920,46.7969,1.7269,Nuit sans éclairage public,Hors agglomération,Hors intersection,Normale,Deux véhicules - arrière,,,,,,,,,,,3,1,1,1,2
201500025208,0015-03-27 12:21:00,15,3,27,12,21,360,202,AVENUE DE TOURS,46.8316,1.61365,Plein jour,Hors agglomération,Hors intersection,Normale,Deux véhicules - côté,,,,,,,,,,,1,1,1,1,3
201500025209,0015-12-06 22:55:00,15,12,6,22,55,360,44,RUE ROLLIN/RUE LA GARE,46.8114,1.6957,Nuit avec éclairage allumé,En agglomération,Intersection en X,Normale,Deux véhicules - côté,,,,,,,,,,,5,2,2,1,3
201500025210,0015-03-20 09:30:00,15,3,20,9,30,360,44,RUE DE LA PINGAUDIERE,46.8121,1.70044,Plein jour,En agglomération,Hors intersection,Temps couvert,Autre collision,,,,,,,,,,,1,2,1,8,6
201500025211,0015-12-04 19:00:00,15,12,4,19,0,360,44,132 BOULEVARD DE CLUIS,46.8044,1.69687,Nuit avec éclairage allumé,En agglomération,Hors intersection,Normale,Autre collision,,,,,,,,,,,5,2,1,1,6
201500025212,0015-03-27 16:15:00,15,3,27,16,15,360,44,44 RUE COMBANAIRE,46.8071,1.70692,Plein jour,En agglomération,Hors intersection,Normale,Deux véhicules - côté,,,,,,,,,,,1,2,1,1,3
201500025213,0015-12-09 16:00:00,15,12,9,16,0,360,44,RD 920,46.7887,1.69126,Plein jour,Hors agglomération,Hors intersection,Normale,Deux véhicules - côté,,,,,,,,,,,1,1,1,1,3
201500025214,0015-04-04 06:20:00,15,4,4,6,20,360,44,368 AVENUE DE LA CHATRE,46.7993,1.72471,Nuit avec éclairage allumé,En agglomération,Hors intersection,Temps couvert,Sans collision,,,,,,,,,,,5,2,1,8,7
201500025215,0015-12-09 11:54:00,15,12,9,11,54,360,44,RUE LEDRU ROLLIN,46.8106,1.69502,Plein jour,En agglomération,Hors intersection,Normale,Deux véhicules - arrière,,,,,,,,,,,1,2,1,1,2
201500025216,0015-04-07 16:10:00,15,4,7,16,10,360,44,ALLEE GEORGES BIZET,46.8038,1.70752,Plein jour,En agglomération,Hors intersection,Normale,Deux véhicules - côté,,,,,,,,,,,1,2,1,1,3
201500025217,0015-12-08 17:25:00,15,12,8,17,25,360,159,AVENUE DE LA FORET,46.7196,1.73923,Nuit sans éclairage public,Hors agglomération,Hors intersection,Normale,Deux véhicules - arrière,,,,,,,,,,,3,1,1,1,2
201500025218,0015-04-12 07:20:00,15,4,12,7,20,360,63,RD 956,46.8459,1.68813,Crépuscule ou aube,Hors agglomération,Hors intersection,Temps couvert,Sans collision,,,,,,,,,,,2,1,1,8,7
201500025219,0015-12-11 07:59:00,15,12,11,7,59,360,44,BD BLAISE PASCAL,46.799,1.71297,Crépuscule ou aube,En agglomération,Hors intersection,Normale,Deux véhicules - côté,,,,,,,,,,,2,2,1,1,3
201500025220,0015-04-01 15:22:00,15,4,1,15,22,360,63,RUE ABBAYE/AV DE GAULLE,46.8258,1.70049,Plein jour,En agglomération,Intersection en T,Normale,Deux véhicules - arrière,,,,,,,,,,,1,2,3,1,2
201500025221,0015-12-08 08:44:00,15,12,8,8,44,360,44,AVENUE DE LA CHATRE,46.8014,1.72036,Crépuscule ou aube,En agglomération,Hors intersection,Normale,Autre collision,,,,,,,,,,,2,2,1,1,6
201500025222,0015-04-05 19:01:00,15,4,5,19,1,360,44,AV DE GAULLE/RUE GAULTIE,46.8068,1.69449,Plein jour,En agglomération,Intersection en X,Normale,Deux véhicules - côté,,,,,,,,,,,1,2,2,1,3
201500025223,0015-12-09 14:20:00,15,12,9,14,20,360,63,RUE VEDRIN/AV M DASSAULT,46.8532,1.71237,Plein jour,En agglomération,Giratoire,Normale,Deux véhicules - côté,,,,,,,,,,,1,2,6,1,3
201500025224,0015-04-08 17:09:00,15,4,8,17,9,360,44,BOULEVARD DE CLUIS,46.8061,1.70017,Plein jour,En agglomération,Hors intersection,Normale,Deux véhicules - arrière,,,,,,,,,,,1,2,1,1,2
201500025225,0015-12-13 12:32:00,15,12,13,12,32,360,44,AV FRANCOEUR/RD 920,46.788,1.70369,Plein jour,Hors agglomération,Giratoire,Normale,Deux véhicules - côté,,,,,,,,,,,1,1,6,1,3
201500025226,0015-04-10 18:28:00,15,4,10,18,28,360,44,RUE SAINT LUC,46.8121,1.69828,Plein jour,En agglomération,Hors intersection,Normale,Deux véhicules - arrière,,,,,,,,,,,1,2,1,1,2