accident_id,datetime,annee,mois,jour,heure,minute,departement,commune_insee,adresse,latitude,longitude,luminosite,agglomeration,intersection,meteo,collision,nb_vehicules,nb_usagers,nb_indemnes,nb_tues,nb_blesses_hosp,nb_blesses_legers,age_cond_1,age_cond_2,veh_type_cond_1,veh_type_cond_2,lum_code,agg_code,int_code,atm_code,col_code
201500025494,0015-06-04 08:50:00,15,6,4,8,50,370,261,RD 37,,,Plein jour,Hors agglomération,Hors intersection,Normale,Trois véhicules et plus - en chaîne,,,,,,,,,,,1,1,1,1,4
201500025495,0015-06-03 19:50:00,15,6,3,19,50,370,122,190 BD DE CHINON,,,Plein jour,En agglomération,Giratoire,Normale,Deux véhicules - côté,,,,,,,,,,,1,2,6,1,3
201500025496,0015-06-05 15:30:00,15,6,5,15,30,370,233,31 RUE MARTIN  AUDENET,,,Plein jour,En agglomération,Intersection en X,Normale,Deux véhicules - frontale,,,,,,,,,,,1,2,2,1,1
201500025497,0015-06-07 00:04:00,15,6,7,0,4,370,122,50 RUE DE  BEAULIEU,,,Nuit sans éclairage public,En agglomération,Hors intersection,Normale,Sans collision,,,,,,,,,,,3,2,1,1,7
201500025498,0015-03-16 13:00:00,15,3,16,13,0,370,122,CUGNOT (RUE JOSEPH),,,Plein jour,En agglomération,Giratoire,Normale,Autre collision,,,,,,,,,,,1,2,6,1,6
201500025499,0015-06-08 08:20:00,15,6,8,8,20,370,208,54 AV DU GAL DE GAULLE,,,Plein jour,En agglomération,Hors intersection,Normale,Autre collision,,,,,,,,,,,1,2,1,1,6
201500025500,0015-06-08 12:05:00,15,6,8,12,5,370,214,169 RUE DES SOURCES,,,Plein jour,En agglomération,Giratoire,Normale,Deux véhicules - côté,,,,,,,,,,,1,2,6,1,3
201500025501,0015-06-08 22:15:00,15,6,8,22,15,370,195,,,,Nuit sans éclairage public,En agglomération,Hors intersection,Normale,Autre collision,,,,,,,,,,,3,2,1,1,6
201500025502,0015-06-08 17:15:00,15,6,8,17,15,370,122,RD 37,,,Plein jour,Hors agglomération,Hors intersection,Normale,Deux véhicules - arrière,,,,,,,,,,,1,1,1,1,2
201500025503,0015-06-09 08:55:00,15,6,9,8,55,370,261,115 RUE  GIRAUDEAU,,,Plein jour,En agglomération,Hors intersection,Normale,Deux véhicules - côté,,,,,,,,,,,1,2,1,1,3
201500025504,0015-04-01 09:50:00,15,4,1,9,50,370,261,AVENUE DE  GRAMMONT,,,Plein jour,En agglomération,Hors intersection,Normale,Deux véhicules - arrière,,,,,,,,,,,1,2,1,1,2
201500025505,0015-06-09 14:27:00,15,6,9,14,27,370,233,LEVEE DE LA LOIRE,,,Plein jour,Hors agglomération,Hors intersection,Normale,Autre collision,,,,,,,,,,,1,1,1,1,6
201500025506,0015-06-09 19:05:00,15,6,9,19,5,370,122,RUE DE LA DOUZILLIERE,,,Plein jour,En agglomération,Giratoire,Normale,Deux véhicules - côté,,,,,,,,,,,1,2,6,1,3
201500025507,0015-03-17 16:02:00,15,3,17,16,2,370,261,BD  DU  MARECHAL  JUIN,,,Plein jour,En agglomération,Hors intersection,Normale,Deux véhicules - arrière,,,,,,,,,,,1,2,1,1,2
201500025508,0015-06-10 14:22:00,15,6,10,14,22,370,261,AV ANDRE MAGINOT,,,Plein jour,En agglomération,Hors intersection,Pluie légère,Sans collision,,,,,,,,,,,1,2,1,2,7
201500025509,0015-06-11 12:16:00,15,6,11,12,16,370,122,156 BD JEAN  JAURES,,,Plein jour,En agglomération,Hors intersection,Normale,Trois véhicules et plus - collisions multiples,,,,,,,,,,,1,2,1,1,5
201500025510,0015-06-12 11:11:00,15,6,12,11,11,370,261,ROUTE DE SAVONNIERES,,,Plein jour,En agglomération,Giratoire,Pluie légère,Deux véhicules - côté,,,,,,,,,,,1,2,6,2,3
201500025511,0015-06-12 11:50:00,15,6,12,11,50,370,261,AV CAMILLE  CHAUTEMPS,,,Plein jour,En agglomération,Intersection en T,Pluie légère,Deux véhicules - côté,,,,,,,,,,,1,2,3,2,3
201500025512,0015-06-12 14:15:00,15,6,12,14,15,370,122,ALLEE DU BOSQUET,,,Plein jour,En agglomération,Hors intersection,Normale,Autre collision,,,,,,,,,,,1,2,1,1,6
201500025513,0015-06-13 17:30:00,15,6,13,17,30,370,261,BD ABEL GANCE,,,Plein jour,Hors agglomération,Giratoire,Normale,Deux véhicules - côté,,,,,,,,,,,1,1,6,1,3
201500025514,0015-06-13 17:30:00,15,6,13,17,30,370,208,38 RUE DES  HERAULTS,,,Plein jour,En agglomération,Hors intersection,Normale,Sans collision,,,,,,,,,,,1,2,1,1,7
201500025515,0015-06-14 17:15:00,15,6,14,17,15,370,261,205 RUE DES BORDIERS,,,Plein jour,En agglomération,Hors intersection,Temps couvert,Autre collision,,,,,,,,,,,1,2,1,8,6
201500025516,0015-06-17 08:13:00,15,6,17,8,13,370,261,RUE STEPHANE  PITARD,,,Plein jour,En agglomération,Intersection en X,Normale,Deux véhicules - côté,,,,,,,,,,,1,2,2,1,3
201500025517,0015-06-17 17:45:00,15,6,17,17,45,370,122,RUE DE VERDUN,,,Plein jour,En agglomération,Intersection en T,Normale,Deux véhicules - côté,,,,,,,,,,,1,2,3,1,3
201500025518,0015-06-19 13:35:00,15,6,19,13,35,370,122,04 AV DU GAL DE GAULLE,,,Plein jour,En agglomération,Hors intersection,Normale,Deux véhicules - côté,,,,,,,,,,,1,2,1,1,3
201500025519,0015-06-15 05:15:00,15,6,15,5,15,370,214,BD CHARLES DE GAULLE,,,Nuit sans éclairage public,En agglomération,Hors intersection,Pluie légère,Deux véhicules - côté,,,,,,,,,,,3,2,1,2,3
201500025520,0015-06-21 14:00:00,15,6,21,14,0,370,214,36 RUE HENRI LEBRUN,,,Plein jour,En agglomération,Hors intersection,Normale,Sans collision,,,,,,,,,,,1,2,1,1,7
201500025521,0015-06-21 20:30:00,15,6,21,20,30,370,261,RUE  NATIONALE,,,Plein jour,En agglomération,Intersection en X,Normale,Deux véhicules - côté,,,,,,,,,,,1,2,2,1,3
201500025522,0015-06-24 14:35:00,15,6,24,14,35,370,261,PONT MIRABEAU,,,Plein jour,En agglomération,Hors intersection,Normale,Sans collision,,,,,,,,,,,1,2,1,1,7
201500025523,0015-06-24 19:35:00,15,6,24,19,35,370,122,ROUTE DE MONTS,,,Plein jour,Hors agglomération,Autre intersection,Normale,Deux véhicules - côté,,,,,,,,,,,1,1,9,1,3
201500025524,0015-06-10 12:35:00,15,6,10,12,35,370,208,AVENUE DU LAC,,,Plein jour,En agglomération,Hors intersection,Pluie légère,Deux véhicules - arrière,,,,,,,,,,,1,2,1,2,2
201500025525,0015-06-26 07:36:00,15,6,26,7,36,370,122,ROUTE DE SAVONNIERES,,,Plein jour,En agglomération,Hors intersection,Normale,Deux véhicules - arrière,,,,,,,,,,,1,2,1,1,2
201500025526,0015-07-02 17:15:00,15,7,2,17,15,370,261,QUAO ANDRE MALRAUX,,,Plein jour,En agglomération,Hors intersection,Normale,Deux véhicules - côté,,,,,,,,,,,1,2,1,1,3
201500025527,0015-06-27 15:20:00,15,6,27,15,20,370,208,103 RUE DE  LARCAY,,,Plein jour,En agglomération,Hors intersection,Temps éblouissant,Deux véhicules - arrière,,,,,,,,,,,1,2,1,7,2
201500025528,0015-06-26 17:30:00,15,6,26,17,30,370,122,RUE GUTENBERG,,,Plein jour,En agglomération,Hors intersection,Normale,Deux véhicules - arrière,,,,,,,,,,,1,2,1,1,2
201500025529,0015-06-30 18:45:00,15,6,30,18,45,370,261,8 BIS BD BERANGER,,,Plein jour,En agglomération,Hors intersection,Normale,Autre collision,,,,,,,,,,,1,2,1,1,6
201500025530,0015-06-30 20:40:00,15,6,30,20,40,370,261,RUE GIRAUDEAU,,,Plein jour,En agglomération,Intersection en T,Normale,Autre collision,,,,,,,,,,,1,2,3,1,6
201500025531,0015-07-01 11:35:00,15,7,1,11,35,370,122,RUE PASTEUR,,,Plein jour,En agglomération,Intersection en X,Normale,Deux véhicules - côté,,,,,,,,,,,1,2,2,1,3
201500025532,0015-07-01 11:25:00,15,7,1,11,25,370,233,10 RUE DE BRETECHE,,,Plein jour,En agglomération,Hors intersection,Normale,Deux véhicules - côté,,,,,,,,,,,1,2,1,1,3
201500025533,0015-05-11 08:40:00,15,5,11,8,40,370,261,BD ABEL GANCE,,,Plein jour,Hors agglomération,Hors intersection,Normale,Deux véhicules - arrière,,,,,,,,,,,1,1,1,1,2
201500025534,0015-05-13 18:58:00,15,5,13,18,58,370,122,BOULEVARD DE CHINON,,,Plein jour,En agglomération,Autre intersection,Normale,Trois véhicules et plus - collisions multiples,,,,,,,,,,,1,2,9,1,5
201500025535,0015-07-02 10:50:00,15,7,2,10,50,370,122,RUE DE VERDUN,,,Plein jour,En agglomération,Intersection en T,Normale,Autre collision,,,,,,,,,,,1,2,3,1,6
201500025536,0015-07-03 23:40:00,15,7,3,23,40,370,195,28 PLACE SAINT ANNE,,,Nuit avec éclairage allumé,En agglomération,Place,Normale,Autre collision,,,,,,,,,,,5,2,7,1,6
201500025537,0015-07-03 11:20:00,15,7,3,11,20,370,214,AVENUE DE LA REPUBLIQUE,,,Plein jour,Hors agglomération,Intersection en X,Normale,Deux véhicules - côté,,,,,,,,,,,1,1,2,1,3
201500025538,0015-07-05 21:00:00,15,7,5,21,0,370,233,PONT JEAN MOULIN,,,Plein jour,En agglomération,Intersection en T,Normale,Deux véhicules - côté,,,,,,,,,,,1,2,3,1,3
201500025539,0015-07-07 09:05:00,15,7,7,9,5,370,261,AVENUE SAINT LAZARE,,,Plein jour,En agglomération,Intersection en X,Normale,Autre collision,,,,,,,,,,,1,2,2,1,6
201500025540,0015-05-15 17:34:00,15,5,15,17,34,370,122,AVENUE DE BORDEAUX,,,Plein jour,En agglomération,Hors intersection,Normale,Deux véhicules - arrière,,,,,,,,,,,1,2,1,1,2
201500025541,0015-07-07 23:00:00,15,7,7,23,0,370,122,RD 37,,,Nuit sans éclairage public,En agglomération,Hors intersection,Normale,Autre collision,,,,,,,,,,,3,2,1,1,6
201500025542,0015-07-08 08:00:00,15,7,8,8,0,370,261,AVENUE DE L EUROPE,,,Plein jour,En agglomération,Hors intersection,Normale,Autre collision,,,,,,,,,,,1,2,1,1,6
201500025543,0015-05-21 16:19:00,15,5,21,16,19,370,261,RUE JACQUES  MONOD,,,Plein jour,En agglomération,Hors intersection,Normale,Sans collision,,,,,,,,,,,1,2,1,1,7
201500025544,0015-07-08 03:45:00,15,7,8,3,45,370,233,QUAI DE LA LOIRE,,,Nuit sans éclairage public,En agglomération,Hors intersection,Normale,Autre collision,,,,,,,,,,,3,2,1,1,6
201500025545,0015-07-09 09:30:00,15,7,9,9,30,370,233,RUE DU COLOMBIER,,,Plein jour,En agglomération,Hors intersection,Normale,Deux véhicules - arrière,,,,,,,,,,,1,2,1,1,2
201500025546,0015-07-10 19:20:00,15,7,10,19,20,370,208,RUE DE CORMERY,,,Plein jour,En agglomération,Intersection en T,Normale,Deux véhicules - côté,,,,,,,,,,,1,2,3,1,3
201500025547,0015-06-18 14:45:00,15,6,18,14,45,370,261,PROMENADE DE FLORENCE,,,Plein jour,En agglomération,Hors intersection,Normale,Autre collision,,,,,,,,,,,1,2,1,1,6
201500025548,0015-06-16 08:30:00,15,6,16,8,30,370,122,ROUTE DES  VAUX,,,Plein jour,En agglomération,Passage à niveau,Normale,Sans collision,,,,,,,,,,,1,2,8,1,7
201500025549,0015-07-14 00:18:00,15,7,14,0,18,370,261,208 RUE  JOLIVET,,,Nuit avec éclairage allumé,En agglomération,Hors intersection,Normale,Autre collision,,,,,,,,,,,5,2,1,1,6
201500025550,0015-07-14 20:30:00,15,7,14,20,30,370,233,AVENUE LENINE,,,Plein jour,En agglomération,Intersection en X,Normale,Deux véhicules - côté,,,,,,,,,,,1,2,2,1,3
201500025551,0015-07-15 16:42:00,15,7,15,16,42,370,261,,,,Plein jour,Hors agglomération,Hors intersection,Normale,Sans collision,,,,,,,,,,,1,1,1,1,7
201500025552,0015-07-15 11:30:00,15,7,15,11,30,370,261,RUE DE  TOURCOING,,,Plein jour,En agglomération,Intersection en X,Normale,Deux véhicules - côté,,,,,,,,,,,1,2,2,1,3
201500025553,0015-07-16 16:32:00,15,7,16,16,32,370,261,2 RUE NICOLAS POUSSIN,,,Plein jour,En agglomération,Hors intersection,Normale,Autre collision,,,,,,,,,,,1,2,1,1,6
201500025554,0015-07-17 17:40:00,15,7,17,17,40,370,261,PONT SAINT SAUVEUR,,,Plein jour,En agglomération,Hors intersection,Normale,Trois véhicules et plus - en chaîne,,,,,,,,,,,1,2,1,1,4
201500025555,0015-07-06 22:10:00,15,7,6,22,10,370,122,TROIS CROIX (PLACE DES),,,Nuit avec éclairage allumé,En agglomération,Giratoire,Normale,Autre collision,,,,,,,,,,,5,2,6,1,6
201500025556,0015-07-17 19:10:00,15,7,17,19,10,370,122,RUE GERMAIN PILON,,,Plein jour,En agglomération,Hors intersection,Normale,Autre collision,,,,,,,,,,,1,2,1,1,6
201500025557,0015-07-23 08:24:00,15,7,23,8,24,370,261,RUE DU  COLOMBIER,,,Plein jour,En agglomération,Intersection en T,Normale,Deux véhicules - côté,,,,,,,,,,,1,2,3,1,3
201500025558,0015-07-10 19:30:00,15,7,10,19,30,370,261,326 RUE ED VAILLANT,,,Plein jour,En agglomération,Hors intersection,Normale,Deux véhicules - frontale,,,,,,,,,,,1,2,1,1,1
201500025559,0015-07-24 15:45:00,15,7,24,15,45,370,261,RUE FLEURY,,,Plein jour,En agglomération,Hors intersection,Normale,Autre collision,,,,,,,,,,,1,2,1,1,6
201500025560,0015-07-25 21:25:00,15,7,25,21,25,370,261,PLACE ANATOLE  FRANCE,,,Crépuscule ou aube,En agglomération,Hors intersection,Normale,Autre collision,,,,,,,,,,,2,2,1,1,6
201500025561,0015-07-19 20:35:00,15,7,19,20,35,370,122,RUE DU BOIS TAILHAR,,,Plein jour,En agglomération,Hors intersection,Normale,Sans collision,,,,,,,,,,,1,2,1,1,7
201500025562,0015-07-27 15:40:00,15,7,27,15,40,370,261,AV DU GL DE GAULLE,,,Plein jour,En agglomération,Hors intersection,Normale,Deux véhicules - arrière,,,,,,,,,,,1,2,1,1,2
201500025563,0015-07-28 20:10:00,15,7,28,20,10,370,214,RUE DU BOCAGE,,,Plein jour,En agglomération,Hors intersection,Normale,Sans collision,,,,,,,,,,,1,2,1,1,7
201500025564,0015-07-26 12:20:00,15,7,26,12,20,370,261,AVENUE GEORGES POMPIDOU,,,Plein jour,En agglomération,Intersection en Y,Pluie légère,Deux véhicules - frontale,,,,,,,,,,,1,2,4,2,1
201500025565,0015-07-30 16:20:00,15,7,30,16,20,370,233,AV DE LA REPUBLIQUE,,,Plein jour,En agglomération,Intersection en X,Normale,Deux véhicules - frontale,,,,,,,,,,,1,2,2,1,1
201500025566,0015-08-04 10:58:00,15,8,4,10,58,370,122,26  RUE DE DOUZILLIERE,,,Plein jour,Hors agglomération,Hors intersection,Normale,Autre collision,,,,,,,,,,,1,1,1,1,6
201500025567,0015-08-04 15:35:00,15,8,4,15,35,370,261,BOULEVARD TONNELLE,,,Plein jour,En agglomération,Hors intersection,Normale,Deux véhicules - frontale,,,,,,,,,,,1,2,1,1,1
201500025568,0015-08-07 23:15:00,15,8,7,23,15,370,261,QUAI DE MARMOUTIER,,,Nuit avec éclairage allumé,En agglomération,Hors intersection,Normale,Sans collision,,,,,,,,,,,5,2,1,1,7
201500025569,0015-07-31 15:50:00,15,7,31,15,50,370,214,307 BD C DE GAULLE,,,Plein jour,En agglomération,Hors intersection,Normale,Deux véhicules - arrière,,,,,,,,,,,1,2,1,1,2
201500025570,0015-08-08 13:26:00,15,8,8,13,26,370,122,BD DES  BRETONNIERES,,,Plein jour,Hors agglomération,Hors intersection,Temps couvert,Deux véhicules - côté,,,,,,,,,,,1,1,1,8,3
201500025571,0015-08-07 15:58:00,15,8,7,15,58,370,195,RUE SAINT FRANCOIS,,,Plein jour,En agglomération,Intersection en X,Normale,Autre collision,,,,,,,,,,,1,2,2,1,6
201500025572,0015-08-09 09:00:00,15,8,9,9,0,370,261,AV DE LA  REPUBLIQUE,,,Plein jour,En agglomération,Hors intersection,Pluie légère,Sans collision,,,,,,,,,,,1,2,1,2,7
201500025573,0015-08-09 15:53:00,15,8,9,15,53,370,261,89 BIS BD HEURTELOUP,,,Plein jour,En agglomération,Hors intersection,Normale,Deux véhicules - côté,,,,,,,,,,,1,2,1,1,3
201500025574,0015-08-10 08:40:00,15,8,10,8,40,370,214,179 RUE DE LA LANDE,,,Plein jour,En agglomération,Hors intersection,Normale,Deux véhicules - côté,,,,,,,,,,,1,2,1,1,3
201500025575,0015-08-07 11:30:00,15,8,7,11,30,370,195,2 RUE FRANCOIS MITTERAND,,,Plein jour,En agglomération,Hors intersection,Normale,Autre collision,,,,,,,,,,,1,2,1,1,6
201500025576,0015-08-11 20:15:00,15,8,11,20,15,370,233,BD JAURES,,,Plein jour,En agglomération,Intersection en Y,Normale,Deux véhicules - côté,,,,,,,,,,,1,2,4,1,3
201500025577,0015-08-13 09:45:00,15,8,13,9,45,370,261,QUAI ANDRE MALRAUX,,,Plein jour,En agglomération,Hors intersection,Pluie légère,Sans collision,,,,,,,,,,,1,2,1,2,7
201500025578,0015-08-13 17:55:00,15,8,13,17,55,370,261,RUE ROGER SALENGRO,,,Plein jour,En agglomération,Hors intersection,Temps couvert,Sans collision,,,,,,,,,,,1,2,1,8,7
201500025579,0015-08-13 21:05:00,15,8,13,21,5,370,261,40 RUE DES  TANNEURS,,,Nuit avec éclairage allumé,En agglomération,Hors intersection,Pluie légère,Sans collision,,,,,,,,,,,5,2,1,2,7
201500025580,0015-08-14 14:45:00,15,8,14,14,45,370,261,AVENUE STENDHAL,,,Plein jour,En agglomération,Hors intersection,Pluie légère,Autre collision,,,,,,,,,,,1,2,1,2,6
201500025581,0015-08-16 15:25:00,15,8,16,15,25,370,208,86 RUE DES HERAULTS,,,Plein jour,En agglomération,Hors intersection,Normale,Autre collision,,,,,,,,,,,1,2,1,1,6
201500025582,0015-08-16 17:30:00,15,8,16,17,30,370,261,ALLEE DE CANGE,,,Plein jour,En agglomération,Intersection en T,Normale,Autre collision,,,,,,,,,,,1,2,3,1,6
201500025583,0015-08-18 18:40:00,15,8,18,18,40,370,122,RD 37,,,Plein jour,Hors agglomération,Hors intersection,Normale,Sans collision,,,,,,,,,,,1,1,1,1,7
201500025584,0015-08-18 18:30:00,15,8,18,18,30,370,195,PLACE SAINTE ANNE,,,Plein jour,En agglomération,Hors intersection,Normale,Deux véhicules - côté,,,,,,,,,,,1,2,1,1,3
201500025585,0015-08-19 20:10:00,15,8,19,20,10,370,261,RUE  AMBOISE,,,Plein jour,En agglomération,Intersection en X,Normale,Deux véhicules - côté,,,,,,,,,,,1,2,2,1,3
201500025586,0015-08-19 18:00:00,15,8,19,18,0,370,122,RUE DE LA BERGEONNERIE,,,Plein jour,En agglomération,Hors intersection,Normale,Trois véhicules et plus - en chaîne,,,,,,,,,,,1,2,1,1,4
201500025587,0015-08-06 16:52:00,15,8,6,16,52,370,261,11 PL GASTON PAILHOU,,,Plein jour,En agglomération,Hors intersection,Normale,Sans collision,,,,,,,,,,,1,2,1,1,7
201500025588,0015-08-06 18:12:00,15,8,6,18,12,370,208,43 RUE DE  LARCAY,,,Plein jour,En agglomération,Hors intersection,Normale,Deux véhicules - frontale,,,,,,,,,,,1,2,1,1,1
201500025589,0015-08-21 23:50:00,15,8,21,23,50,370,233,RUE MARCEL CACHIN,,,Nuit avec éclairage allumé,En agglomération,Intersection en Y,Normale,Deux véhicules - arrière,,,,,,,,,,,5,2,4,1,2
201500025590,0015-08-22 02:40:00,15,8,22,2,40,370,214,QUAI DE LA LOIRE,,,Nuit avec éclairage allumé,En agglomération,Hors intersection,Normale,Sans collision,,,,,,,,,,,5,2,1,1,7
201500025591,0015-08-24 07:45:00,15,8,24,7,45,370,261,RONDPOINT TROIS RIVIERES,,,Plein jour,En agglomération,Giratoire,Pluie légère,Sans collision,,,,,,,,,,,1,2,6,2,7
201500025592,0015-08-24 12:00:00,15,8,24,12,0,370,214,RUE DES BORDIERS,,,Plein jour,En agglomération,Giratoire,Pluie légère,Sans collision,,,,,,,,,,,1,2,6,2,7
201500025593,0015-08-25 07:25:00,15,8,25,7,25,370,122,RUE DES MARTYRS,,,Plein jour,En agglomération,Giratoire,Normale,Deux véhicules - côté,,,,,,,,,,,1,2,6,1,3
201500025594,0015-08-25 11:45:00,15,8,25,11,45,370,261,AVENUE DE GRAMMONT,,,Plein jour,En agglomération,Hors intersection,Normale,Deux véhicules - arrière,,,,,,,,,,,1,2,1,1,2
201500025595,0015-08-21 10:00:00,15,8,21,10,0,370,261,AV GEORGES POMPIDOU,,,Plein jour,En agglomération,Hors intersection,Normale,Deux véhicules - côté,,,,,,,,,,,1,2,1,1,3
201500025596,0015-08-24 13:50:00,15,8,24,13,50,370,214,RUE D AMBOISE,,,Plein jour,En agglomération,Hors intersection,Normale,Sans collision,,,,,,,,,,,1,2,1,1,7
201500025597,0015-08-24 16:35:00,15,8,24,16,35,370,122,RUE LAVOISIER,,,Plein jour,En agglomération,Hors intersection,Normale,Sans collision,,,,,,,,,,,1,2,1,1,7
201500025598,0015-08-24 16:50:00,15,8,24,16,50,370,261,ROUTE DE SAINT AVERTIN,,,Plein jour,Hors agglomération,Hors intersection,Normale,Deux véhicules - arrière,,,,,,,,,,,1,1,1,1,2
201500025599,0015-08-27 21:00:00,15,8,27,21,0,370,261,RUE LEON BOYER,,,Nuit avec éclairage allumé,En agglomération,Intersection en X,Pluie forte,Autre collision,,,,,,,,,,,5,2,2,3,6
201500025600,0015-08-28 06:05:00,15,8,28,6,5,370,122,58 BD JEAN JAURES,,,Nuit avec éclairage allumé,En agglomération,Hors intersection,Pluie légère,Sans collision,,,,,,,,,,,5,2,1,2,7
201500025601,0015-08-27 08:45:00,15,8,27,8,45,370,122,RD 37,,,Plein jour,Hors agglomération,Hors intersection,Normale,Deux véhicules - côté,,,,,,,,,,,1,1,1,1,3
201500025602,0015-08-27 10:25:00,15,8,27,10,25,370,261,RUE DU CLOS SAINT LIBERT,,,Plein jour,En agglomération,Intersection en X,Pluie légère,Deux véhicules - côté,,,,,,,,,,,1,2,2,2,3
201500025603,0015-09-01 16:52:00,15,9,1,16,52,370,261,AVENUE GEORGES POMPIDOU,,,Plein jour,En agglomération,Hors intersection,Normale,Trois véhicules et plus - collisions multiples,,,,,,,,,,,1,2,1,1,5
201500025604,0015-09-01 12:00:00,15,9,1,12,0,370,233,RUE LINE  PORCHER,,,Plein jour,En agglomération,Intersection en X,Normale,Deux véhicules - côté,,,,,,,,,,,1,2,2,1,3
201500025605,0015-09-01 12:30:00,15,9,1,12,30,370,261,ALLEE FERDINAND LESSEPS,,,Plein jour,En agglomération,Hors intersection,Normale,Sans collision,,,,,,,,,,,1,2,1,1,7
201500025606,0015-09-02 08:40:00,15,9,2,8,40,370,261,AVENUE ED  MICHELIN,,,Plein jour,En agglomération,Hors intersection,Normale,Deux véhicules - côté,,,,,,,,,,,1,2,1,1,3
201500025607,0015-09-02 12:40:00,15,9,2,12,40,370,261,QUAI ANDRE MALRAUX,,,Plein jour,En agglomération,Intersection en X,Normale,Deux véhicules - côté,,,,,,,,,,,1,2,2,1,3
201500025608,0015-09-02 19:00:00,15,9,2,19,0,370,261,PLACE DU MAL LECLERC,,,Plein jour,En agglomération,Hors intersection,Normale,Deux véhicules - frontale,,,,,,,,,,,1,2,1,1,1
201500025609,0015-08-27 18:20:00,15,8,27,18,20,370,261,BOULEVARD BERANGER,,,Plein jour,Hors agglomération,Hors intersection,Normale,Autre collision,,,,,,,,,,,1,1,1,1,6
201500025610,0015-09-03 09:54:00,15,9,3,9,54,370,261,24 AVENUE DE GRAMMONT,,,Plein jour,En agglomération,Intersection en X,Normale,Autre collision,,,,,,,,,,,1,2,2,1,6
201500025611,0015-09-04 16:15:00,15,9,4,16,15,370,261,40 AVENUE DE  GRAMMONT,,,Plein jour,En agglomération,Hors intersection,Normale,Autre collision,,,,,,,,,,,1,2,1,1,6
201500025612,0015-09-04 18:55:00,15,9,4,18,55,370,208,RUE DE LA SABOTERIE,,,Plein jour,En agglomération,Intersection en X,Normale,Deux véhicules - côté,,,,,,,,,,,1,2,2,1,3
201500025613,0015-09-07 08:20:00,15,9,7,8,20,370,195,04 RUE JULES VERNE,,,Plein jour,En agglomération,Hors intersection,Normale,Deux véhicules - côté,,,,,,,,,,,1,2,1,1,3
201500025614,0015-09-07 08:40:00,15,9,7,8,40,370,122,RD 37,,,Plein jour,Hors agglomération,Hors intersection,Normale,Sans collision,,,,,,,,,,,1,1,1,1,7
201500025615,0015-09-07 08:10:00,15,9,7,8,10,370,261,PLACE DE LA  VICTOIRE,,,Plein jour,En agglomération,Hors intersection,Normale,Sans collision,,,,,,,,,,,1,2,1,1,7
201500025616,0015-09-08 13:00:00,15,9,8,13,0,370,208,RUE DES CICOTTEES,,,Plein jour,En agglomération,Intersection en T,Normale,Deux véhicules - arrière,,,,,,,,,,,1,2,3,1,2
201500025617,0015-09-08 19:30:00,15,9,8,19,30,370,261,BOULEVARD PREUILLY,,,Plein jour,En agglomération,Intersection en T,Normale,Deux véhicules - côté,,,,,,,,,,,1,2,3,1,3
201500025618,0015-09-09 08:50:00,15,9,9,8,50,370,233,45  QUAI DE  LA LOIRE,,,Plein jour,En agglomération,Hors intersection,Normale,Deux véhicules - côté,,,,,,,,,,,1,2,1,1,3
201500025619,0015-09-09 19:00:00,15,9,9,19,0,370,261,RUE ARTHUR RIMBAUD,,,Plein jour,En agglomération,Hors intersection,Normale,Deux véhicules - côté,,,,,,,,,,,1,2,1,1,3
201500025620,0015-09-10 08:00:00,15,9,10,8,0,370,122,ROUTE DE MONTS,,,Plein jour,En agglomération,Passage à niveau,Normale,Deux véhicules - frontale,,,,,,,,,,,1,2,8,1,1
201500025621,0015-09-10 08:27:00,15,9,10,8,27,370,261,15 QUAI DE  PORTILLON,,,Plein jour,En agglomération,Hors intersection,Normale,Deux véhicules - arrière,,,,,,,,,,,1,2,1,1,2
201500025622,0015-09-10 16:20:00,15,9,10,16,20,370,261,69 AVENUE DE  GRAMMONT,,,Plein jour,En agglomération,Hors intersection,Normale,Autre collision,,,,,,,,,,,1,2,1,1,6
201500025623,0015-09-10 15:30:00,15,9,10,15,30,370,261,PONT SAINT SAUVEUR,,,Plein jour,En agglomération,Giratoire,Normale,Deux véhicules - côté,,,,,,,,,,,1,2,6,1,3
201500025624,0015-09-11 00:04:00,15,9,11,0,4,370,261,PLACE ANATOLE FRANCE,,,Nuit avec éclairage allumé,En agglomération,Hors intersection,Normale,Deux véhicules - arrière,,,,,,,,,,,5,2,1,1,2
201500025625,0015-09-11 13:45:00,15,9,11,13,45,370,261,PLACE ANATOLE FRANCE,,,Plein jour,En agglomération,Hors intersection,Normale,Deux véhicules - frontale,,,,,,,,,,,1,2,1,1,1
201500025626,0015-09-12 10:20:00,15,9,12,10,20,370,261,57 AVENUE DE  GRAMMONT,,,Plein jour,En agglomération,Hors intersection,Pluie légère,Sans collision,,,,,,,,,,,1,2,1,2,7
201500025627,0015-09-11 20:35:00,15,9,11,20,35,370,261,RUE DU GAL CHANZY,,,Nuit avec éclairage allumé,En agglomération,Intersection en X,Normale,Deux véhicules - côté,,,,,,,,,,,5,2,2,1,3
201500025628,0015-07-27 08:20:00,15,7,27,8,20,370,122,144 BD JEAN JAURES,,,Plein jour,En agglomération,Hors intersection,Normale,Deux véhicules - côté,,,,,,,,,,,1,2,1,1,3
201500025629,0015-09-13 20:35:00,15,9,13,20,35,370,261,1 BD  HEURTELOUP,,,Nuit avec éclairage allumé,En agglomération,Hors intersection,Pluie légère,Sans collision,,,,,,,,,,,5,2,1,2,7
201500025630,0015-09-10 19:55:00,15,9,10,19,55,370,208,RUE DES FONTAINES,,,Plein jour,En agglomération,Intersection en X,Normale,Deux véhicules - côté,,,,,,,,,,,1,2,2,1,3
201500025631,0015-09-15 20:05:00,15,9,15,20,5,370,261,RUE PINGUET GUINDON,,,Nuit sans éclairage public,En agglomération,Hors intersection,Pluie légère,Sans collision,,,,,,,,,,,3,2,1,2,7