accident_id,datetime,annee,mois,jour,heure,minute,departement,commune_insee,adresse,latitude,longitude,luminosite,agglomeration,intersection,meteo,collision,nb_vehicules,nb_usagers,nb_indemnes,nb_tues,nb_blesses_hosp,nb_blesses_legers,age_cond_1,age_cond_2,veh_type_cond_1,veh_type_cond_2,lum_code,agg_code,int_code,atm_code,col_code
201500026146,0015-12-05 14:55:00,15,12,5,14,55,410,212,D 956,47.55813,1.37324,Plein jour,Hors agglomération,Hors intersection,Normale,Deux véhicules - arrière,,,,,,,,,,,1,1,1,1,2
201500026147,0015-12-07 17:06:00,15,12,7,17,6,410,18,NAU (RUE ROBERT),47.61089,1.33271,Nuit avec éclairage allumé,En agglomération,Hors intersection,Normale,Deux véhicules - côté,,,,,,,,,,,5,2,1,1,3
201500026148,0015-12-03 08:10:00,15,12,3,8,10,410,18,GAMBETTA (AVENUE),47.58474,1.31849,Plein jour,En agglomération,Giratoire,Brouillard / fumée,Deux véhicules - arrière,,,,,,,,,,,1,2,6,5,2
201500026149,0015-12-07 09:15:00,15,12,7,9,15,410,18,"66, BOULLE (RUE ANDRE)",47.61108,1.31422,Plein jour,En agglomération,Hors intersection,Normale,Deux véhicules - arrière,,,,,,,,,,,1,2,1,1,2
201500026150,0015-12-08 16:17:00,15,12,8,16,17,410,18,MAUNOURY (AVENUE DU MARE,47.5967,1.34138,Plein jour,En agglomération,Hors intersection,Pluie forte,Autre collision,,,,,,,,,,,1,2,1,3,6
201500026151,0015-12-09 18:20:00,15,12,9,18,20,410,18,MAUNOURY (AVENUE DU MARE,47.59213,1.337,Nuit avec éclairage allumé,En agglomération,Hors intersection,Brouillard / fumée,Deux véhicules - arrière,,,,,,,,,,,5,2,1,5,2
201500026152,0015-12-10 19:20:00,15,12,10,19,20,410,18,MONTLAUR (RUE DU COLONEL,47.58361,1.32286,Nuit avec éclairage allumé,En agglomération,Intersection en T,Normale,Deux véhicules - côté,,,,,,,,,,,5,2,3,1,3
201500026153,0015-12-13 05:10:00,15,12,13,5,10,410,18,ROBERT NAU (ROND POINT),47.61429,1.33401,Nuit sans éclairage public,En agglomération,Giratoire,Brouillard / fumée,Sans collision,,,,,,,,,,,3,2,6,5,7
201500026154,0015-12-12 20:55:00,15,12,12,20,55,410,18,VERDUN (AVENUE DE),47.59,1.34172,Nuit avec éclairage allumé,En agglomération,Hors intersection,Normale,Deux véhicules - frontale,,,,,,,,,,,5,2,1,1,1
201500026155,0015-12-12 21:55:00,15,12,12,21,55,410,18,SCHUMAN (AVENUE ROBERT),47.60917,1.33597,Nuit avec éclairage allumé,En agglomération,Hors intersection,Temps couvert,Sans collision,,,,,,,,,,,5,2,1,8,7
201500026156,0015-12-16 19:40:00,15,12,16,19,40,410,212,D 956,47.56002,1.37305,Nuit sans éclairage public,En agglomération,Hors intersection,Pluie forte,Deux véhicules - arrière,,,,,,,,,,,3,2,1,3,2
201500026157,0015-12-23 12:20:00,15,12,23,12,20,410,18,VEZIN (RUE ALEXANDRE),47.60573,1.31354,Plein jour,En agglomération,Hors intersection,Normale,Deux véhicules - arrière,,,,,,,,,,,1,2,1,1,2
201500026158,0015-01-15 15:35:00,15,1,15,15,35,410,295,GATS DE COEUR (RUE DES),47.573,1.367,Plein jour,En agglomération,Hors intersection,Pluie légère,Autre collision,,,,,,,,,,,1,2,1,2,6
201500026159,0015-02-05 19:15:00,15,2,5,19,15,410,295,D951,47.595,1.362,Nuit sans éclairage public,Hors agglomération,Hors intersection,Vent fort / tempête,Sans collision,,,,,,,,,,,3,1,1,6,7
201500026160,0015-02-06 16:16:00,15,2,6,16,16,410,18,CROIX PICHON (RUE DE LA,47.596,1.306,Plein jour,En agglomération,Hors intersection,Normale,Autre collision,,,,,,,,,,,1,2,1,1,6
201500026161,0015-02-12 13:50:00,15,2,12,13,50,410,18,TAILLE AUX MOINES (REU D,47.573,1.301,Plein jour,En agglomération,Giratoire,Normale,Deux véhicules - côté,,,,,,,,,,,1,2,6,1,3
201500026162,0015-02-16 15:15:00,15,2,16,15,15,410,226,"38, PARIS (ROUTE DE)",47.80711,1.07194,Plein jour,En agglomération,Intersection en X,Normale,Autre collision,,,,,,,,,,,1,2,2,1,6
201500026163,0015-03-12 21:25:00,15,3,12,21,25,410,269,"., CITES UNIES D'EUROPE",47.818,1.022,Nuit avec éclairage allumé,Hors agglomération,Hors intersection,Normale,Deux véhicules - arrière,,,,,,,,,,,5,1,1,1,2
201500026164,0015-12-12 10:15:00,15,12,12,10,15,410,269,"., SAINT COEUR (RUE DU)",47.79709,1.06837,Plein jour,En agglomération,Intersection en T,Normale,Sans collision,,,,,,,,,,,1,2,3,1,7
201500026165,0015-05-19 18:25:00,15,5,19,18,25,410,158,,47.784,1.028,Plein jour,Hors agglomération,Intersection en X,Pluie légère,Deux véhicules - côté,,,,,,,,,,,1,1,2,2,3
201500026166,0015-06-22 19:15:00,15,6,22,19,15,410,226,nioche,47.83219,1.08246,Plein jour,Hors agglomération,Hors intersection,Normale,Deux véhicules - frontale,,,,,,,,,,,1,1,1,1,1
201500026167,0015-06-27 15:35:00,15,6,27,15,35,410,226,PARIS (ROUTE DE),47.81696,1.07592,Plein jour,En agglomération,Hors intersection,Normale,Sans collision,,,,,,,,,,,1,2,1,1,7
201500026168,0015-06-27 10:55:00,15,6,27,10,55,410,226,"29, PARIS (ROUTE DE)",47.80959,1.07322,Plein jour,En agglomération,Hors intersection,Normale,Deux véhicules - côté,,,,,,,,,,,1,2,1,1,3
201500026169,0015-09-21 11:35:00,15,9,21,11,35,410,269,PARIS (ROUTE DE),47.78112,1.07406,Plein jour,Hors agglomération,Hors intersection,Normale,Sans collision,,,,,,,,,,,1,1,1,1,7
201500026170,0015-09-24 19:40:00,15,9,24,19,40,410,269,FERME (RUE),47.79012,1.06443,Plein jour,En agglomération,Hors intersection,Normale,Deux véhicules - frontale,,,,,,,,,,,1,2,1,1,1
201500026171,0015-10-08 13:45:00,15,10,8,13,45,410,269,"125, SAINT BIENHEURE (FA",47.79077,1.0812,Plein jour,En agglomération,Hors intersection,Normale,Deux véhicules - arrière,,,,,,,,,,,1,2,1,1,2
201500026172,0015-10-24 11:30:00,15,10,24,11,30,410,226,"., PARIS (ROUTE DE)",47.8182,1.076,Plein jour,En agglomération,Giratoire,Normale,Sans collision,,,,,,,,,,,1,2,6,1,7
201500026173,0015-10-25 15:10:00,15,10,25,15,10,410,158,"02, VIEUX-PUITS (RUE DU)",47.7865,1.03531,Plein jour,En agglomération,Hors intersection,Normale,Sans collision,,,,,,,,,,,1,2,1,1,7
201500026174,0015-11-06 07:50:00,15,11,6,7,50,410,269,"., CHARTRAIN (FAUBOURG)",47.79732,1.06843,Plein jour,En agglomération,Intersection en T,Normale,Deux véhicules - côté,,,,,,,,,,,1,2,3,1,3
201500026175,0015-11-13 11:20:00,15,11,13,11,20,410,269,"., POTERIE (RUE)",47.79304,1.06527,Plein jour,En agglomération,Hors intersection,Normale,Autre collision,,,,,,,,,,,1,2,1,1,6
201500026176,0015-11-18 14:10:00,15,11,18,14,10,410,269,"79, RONSARD (AVENUE) (SE",47.79878,1.04292,Plein jour,En agglomération,Hors intersection,Normale,Deux véhicules - côté,,,,,,,,,,,1,2,1,1,3
201500026177,0015-01-14 17:50:00,15,1,14,17,50,410,269,"., KENNEDY (BOULEVARD DU",47.8,1.057,Nuit avec éclairage allumé,En agglomération,Intersection à plus de 4 branches,Normale,Trois véhicules et plus - collisions multiples,,,,,,,,,,,5,2,5,1,5
201500026178,0015-01-24 16:50:00,15,1,24,16,50,410,226,CHEVAL BLANC (RUE DU),47.803,1.074,Plein jour,En agglomération,Hors intersection,Temps éblouissant,Deux véhicules - côté,,,,,,,,,,,1,2,1,7,3
201500026179,0015-03-27 11:30:00,15,3,27,11,30,420,316,"6, CONDORCET (RUE)",45.39731,4.28113,Plein jour,En agglomération,Hors intersection,Normale,Autre collision,,,,,,,,,,,1,2,1,1,6
201500026180,0015-12-27 01:10:00,15,12,27,1,10,420,95,"24, GAMPILLE (RUE DE LA)",45.38503,4.27662,Nuit avec éclairage allumé,En agglomération,Hors intersection,Normale,Deux véhicules - frontale,,,,,,,,,,,5,2,1,1,1
201500026181,0015-03-27 17:20:00,15,3,27,17,20,420,44,RD 88,45.39882,4.33796,Plein jour,Hors agglomération,Hors intersection,Normale,Deux véhicules - frontale,,,,,,,,,,,1,1,1,1,1
201500026182,0015-12-31 13:00:00,15,12,31,13,0,420,95,"44 Bis, CALMETTE (RUE DU",45.3968,4.2965,Plein jour,En agglomération,Intersection en X,Pluie légère,Deux véhicules - côté,,,,,,,,,,,1,2,2,2,3
201500026183,0015-04-05 14:40:00,15,4,5,14,40,420,95,RD 88,45.39066,4.28888,Plein jour,Hors agglomération,Hors intersection,Normale,Autre collision,,,,,,,,,,,1,1,1,1,6
201500026184,0015-04-07 18:10:00,15,4,7,18,10,420,95,RD 88,45.39235,4.291,Plein jour,En agglomération,Hors intersection,Normale,Autre collision,,,,,,,,,,,1,2,1,1,6
201500026185,0015-04-08 18:35:00,15,4,8,18,35,420,44,RD 88,45.40239,4.35944,Plein jour,En agglomération,Hors intersection,Normale,Deux véhicules - arrière,,,,,,,,,,,1,2,1,1,2
201500026186,0015-04-10 07:45:00,15,4,10,7,45,420,316,RD 25,45.40735,4.27441,Plein jour,Hors agglomération,Hors intersection,Normale,Deux véhicules - frontale,,,,,,,,,,,1,1,1,1,1
201500026187,0015-05-06 09:30:00,15,5,6,9,30,420,95,"2, RUISSEAU (CHEMIN DU)",45.36696,4.27858,Plein jour,En agglomération,Hors intersection,Normale,Deux véhicules - côté,,,,,,,,,,,1,2,1,1,3
201500026188,0015-05-21 22:20:00,15,5,21,22,20,420,95,RD 500,45.38689,4.29764,Nuit avec éclairage allumé,En agglomération,Hors intersection,Normale,Deux véhicules - arrière,,,,,,,,,,,5,2,1,1,2
201500026189,0015-05-21 23:00:00,15,5,21,23,0,420,95,"43, GAMBETTA (RUE)",45.39065,4.28976,Nuit avec éclairage allumé,En agglomération,Intersection en X,Normale,Deux véhicules - côté,,,,,,,,,,,5,2,2,1,3
201500026190,0015-06-05 20:35:00,15,6,5,20,35,420,316,RD 25,45.41214,4.28588,Plein jour,Hors agglomération,Hors intersection,Normale,Autre collision,,,,,,,,,,,1,1,1,1,6
201500026191,0015-06-15 08:40:00,15,6,15,8,40,420,183,RD 88,45.40489,4.37314,Plein jour,Hors agglomération,Hors intersection,Normale,Autre collision,,,,,,,,,,,1,1,1,1,6
201500026192,0015-06-30 21:00:00,15,6,30,21,0,420,183,RD  88,45.40492,4.37306,Plein jour,En agglomération,Hors intersection,Normale,Trois véhicules et plus - collisions multiples,,,,,,,,,,,1,2,1,1,5
201500026193,0015-07-03 17:30:00,15,7,3,17,30,420,44,"60, LIBERATION (RUE DE L",45.39709,4.32304,Plein jour,Hors agglomération,Hors intersection,Normale,Deux véhicules - côté,,,,,,,,,,,1,1,1,1,3
201500026194,0015-07-15 14:20:00,15,7,15,14,20,420,183,RD 88,45.405,4.36987,Plein jour,En agglomération,Hors intersection,Normale,Trois véhicules et plus - collisions multiples,,,,,,,,,,,1,2,1,1,5
201500026195,0015-07-20 19:50:00,15,7,20,19,50,420,95,"1, SAINT-CHARLES (BOULEV",45.3869,4.28187,Plein jour,En agglomération,Hors intersection,Normale,Autre collision,,,,,,,,,,,1,2,1,1,6
201500026196,0015-07-21 08:30:00,15,7,21,8,30,420,183,RD 88,45.40494,4.3729,Plein jour,En agglomération,Hors intersection,Normale,Deux véhicules - frontale,,,,,,,,,,,1,2,1,1,1
201500026197,0015-07-22 08:00:00,15,7,22,8,0,420,44,RD 88,45.39622,4.32568,Plein jour,Hors agglomération,Hors intersection,Normale,Autre collision,,,,,,,,,,,1,1,1,1,6
201500026198,0015-07-24 07:20:00,15,7,24,7,20,420,44,RD 88,45.39892,4.3415,Plein jour,En agglomération,Hors intersection,Normale,Autre collision,,,,,,,,,,,1,2,1,1,6
201500026199,0015-07-29 09:10:00,15,7,29,9,10,420,316,RD 3,45.3922,4.2718,Plein jour,En agglomération,Hors intersection,Normale,Deux véhicules - côté,,,,,,,,,,,1,2,1,1,3
201500026200,0015-08-08 11:30:00,15,8,8,11,30,420,44,RD 88,45.39684,4.32881,Plein jour,Hors agglomération,Hors intersection,Normale,Autre collision,,,,,,,,,,,1,1,1,1,6
201500026201,0015-08-20 09:00:00,15,8,20,9,0,420,44,25 rue Thomas,45.39756,4.32868,Plein jour,En agglomération,Hors intersection,Normale,Autre collision,,,,,,,,,,,1,2,1,1,6
201500026202,0015-08-21 17:30:00,15,8,21,17,30,420,95,"1, RIVIERE (RUE DE LA)",45.37937,4.30438,Plein jour,En agglomération,Hors intersection,Normale,Autre collision,,,,,,,,,,,1,2,1,1,6
201500026203,0015-08-27 20:00:00,15,8,27,20,0,420,316,82 rue André Chénier,45.40897,4.2774,Plein jour,Hors agglomération,Hors intersection,Normale,Deux véhicules - côté,,,,,,,,,,,1,1,1,1,3
201500026204,0015-09-01 09:45:00,15,9,1,9,45,420,183,RD 88,45.40493,4.37264,Plein jour,Hors agglomération,Hors intersection,Normale,Deux véhicules - frontale,,,,,,,,,,,1,1,1,1,1
201500026205,0015-09-23 17:25:00,15,9,23,17,25,420,31,RD 3,45.40511,4.23246,Plein jour,Hors agglomération,Hors intersection,Normale,Deux véhicules - côté,,,,,,,,,,,1,1,1,1,3
201500026206,0015-09-23 18:45:00,15,9,23,18,45,420,316,Rue André Chénier,45.40957,4.28012,Plein jour,Hors agglomération,Hors intersection,Temps couvert,Deux véhicules - côté,,,,,,,,,,,1,1,1,8,3
201500026207,0015-11-03 17:15:00,15,11,3,17,15,420,316,"19, ZOLA (EMILE)",45.39562,4.27732,Plein jour,En agglomération,Hors intersection,Normale,Autre collision,,,,,,,,,,,1,2,1,1,6
201500026208,0015-11-28 10:30:00,15,11,28,10,30,420,31,RD 3,45.40228,4.23223,Plein jour,Hors agglomération,Hors intersection,Normale,Deux véhicules - frontale,,,,,,,,,,,1,1,1,1,1
201500026209,0015-12-03 15:25:00,15,12,3,15,25,420,316,RD 3,45.39293,4.29118,Plein jour,En agglomération,Hors intersection,Normale,Autre collision,,,,,,,,,,,1,2,1,1,6
201500026210,0015-12-07 12:50:00,15,12,7,12,50,420,316,RD 3,45.39536,4.2631,Plein jour,Hors agglomération,Intersection en Y,Normale,Deux véhicules - côté,,,,,,,,,,,1,1,4,1,3
201500026211,0015-12-21 16:00:00,15,12,21,16,0,420,95,"35, VOLTAIRE (RUE)",45.39011,4.29042,Plein jour,Hors agglomération,Hors intersection,Normale,Autre collision,,,,,,,,,,,1,1,1,1,6
201500026212,0015-12-22 10:00:00,15,12,22,10,0,420,95,"2, BREUIL (PLACE DU)",45.38915,4.28738,Plein jour,En agglomération,Hors intersection,Temps éblouissant,Autre collision,,,,,,,,,,,1,2,1,7,6
201500026213,0015-12-25 11:00:00,15,12,25,11,0,420,183,RD 88,45.40492,4.37306,Plein jour,En agglomération,Hors intersection,Normale,Deux véhicules - côté,,,,,,,,,,,1,2,1,1,3
201500026214,0015-01-09 08:50:00,15,1,9,8,50,420,183,"1, CD 33",45.40401,4.36728,Plein jour,En agglomération,Hors intersection,Normale,Autre collision,,,,,,,,,,,1,2,1,1,6
201500026215,0015-01-08 09:15:00,15,1,8,9,15,420,183,"3, PRE-VIVIER (RUE DU)",45.40416,4.36482,Plein jour,En agglomération,Hors intersection,Normale,Autre collision,,,,,,,,,,,1,2,1,1,6
201500026216,0015-01-22 13:30:00,15,1,22,13,30,420,95,RD 88,45.38937,4.28725,Plein jour,En agglomération,Intersection en X,Normale,Deux véhicules - côté,,,,,,,,,,,1,2,2,1,3
201500026217,0015-01-26 23:10:00,15,1,26,23,10,420,95,CD 500,45.38156,4.3024,Nuit avec éclairage allumé,En agglomération,Hors intersection,Normale,Trois véhicules et plus - collisions multiples,,,,,,,,,,,5,2,1,1,5
201500026218,0015-01-27 14:25:00,15,1,27,14,25,420,183,CD 33,45.40217,4.36829,Plein jour,En agglomération,Hors intersection,Normale,Autre collision,,,,,,,,,,,1,2,1,1,6
201500026219,0015-01-30 15:45:00,15,1,30,15,45,420,316,"33, PASTEUR (RUE)",45.39979,4.26204,Plein jour,En agglomération,Intersection en T,Normale,Deux véhicules - côté,,,,,,,,,,,1,2,3,1,3
201500026220,0015-02-14 20:50:00,15,2,14,20,50,420,95,RD 88,45.39288,4.29216,Nuit avec éclairage allumé,En agglomération,Hors intersection,Normale,Autre collision,,,,,,,,,,,5,2,1,1,6
201500026221,0015-03-12 13:55:00,15,3,12,13,55,420,95,RD 88,45.38712,4.28457,Plein jour,En agglomération,Hors intersection,Normale,Autre collision,,,,,,,,,,,1,2,1,1,6
201500026222,0015-02-05 13:40:00,15,2,5,13,40,420,186,"36, RICHARME RUE PETRUS",45.52708,4.61387,Plein jour,En agglomération,Hors intersection,Normale,Autre collision,,,,,,,,,,,1,2,1,1,6
201500026223,0015-03-16 09:10:00,15,3,16,9,10,420,71,"0, CARNOT (RUE)",46.0316,4.08279,Plein jour,En agglomération,Hors intersection,Normale,Autre collision,,,,,,,,,,,1,2,1,1,6
201500026224,0015-12-03 08:00:00,15,12,3,8,0,420,187,"16, MULSANT (RUE)",46.03739,4.0628,Plein jour,En agglomération,Intersection en T,Normale,Deux véhicules - côté,,,,,,,,,,,1,2,3,1,3
201500026225,0015-03-20 12:03:00,15,3,20,12,3,420,187,"60, BRISON (RUE)",46.03148,4.06736,Plein jour,En agglomération,Hors intersection,Normale,Deux véhicules - frontale,,,,,,,,,,,1,2,1,1,1
201500026226,0015-12-03 13:20:00,15,12,3,13,20,420,187,"0, BERGE (RUE DE LA )",46.03189,4.07125,Plein jour,En agglomération,Hors intersection,Normale,Sans collision,,,,,,,,,,,1,2,1,1,7
201500026227,0015-03-20 16:50:00,15,3,20,16,50,420,187,"60, CARNOT (AVENUE)",46.04288,4.07149,Plein jour,En agglomération,Hors intersection,Normale,Deux véhicules - frontale,,,,,,,,,,,1,2,1,1,1
201500026228,0015-12-09 10:20:00,15,12,9,10,20,420,71,"0, LIBERATION (AVENUE DE",46.03161,4.08249,Plein jour,En agglomération,Intersection en X,Normale,Deux véhicules - côté,,,,,,,,,,,1,2,2,1,3
201500026229,0015-03-26 15:40:00,15,3,26,15,40,420,187,"06, LYON (AVENUE DE)",46.03447,4.07731,Plein jour,En agglomération,Hors intersection,Normale,Deux véhicules - arrière,,,,,,,,,,,1,2,1,1,2
201500026230,0015-12-10 17:05:00,15,12,10,17,5,420,170,"0, R.D 504",46.03724,4.12104,Crépuscule ou aube,En agglomération,Hors intersection,Normale,Deux véhicules - arrière,,,,,,,,,,,2,2,1,1,2
201500026231,0015-03-30 11:30:00,15,3,30,11,30,420,127,"74, Route nationale 7",46.07024,4.04793,Plein jour,En agglomération,Hors intersection,Normale,Sans collision,,,,,,,,,,,1,2,1,1,7
201500026232,0015-12-13 14:00:00,15,12,13,14,0,420,184,"0, FONTAINE JEAN DE LA (",46.06579,4.05874,Plein jour,En agglomération,Hors intersection,Normale,Autre collision,,,,,,,,,,,1,2,1,1,6
201500026233,0015-04-03 09:00:00,15,4,3,9,0,420,127,"0, MUSSET  RD 207 (RUE A",46.06183,4.05851,Plein jour,En agglomération,Hors intersection,Normale,Deux véhicules - arrière,,,,,,,,,,,1,2,1,1,2
201500026234,0015-12-14 14:55:00,15,12,14,14,55,420,187,"0, REIMS (BOULEVARD DE)",46.06293,4.0759,Plein jour,En agglomération,Intersection en X,Normale,Deux véhicules - côté,,,,,,,,,,,1,2,2,1,3
201500026235,0015-04-04 18:11:00,15,4,4,18,11,420,187,"0, AUGE (RUE JOANNY)",46.03772,4.0522,Plein jour,En agglomération,Intersection en T,Pluie légère,Deux véhicules - côté,,,,,,,,,,,1,2,3,2,3
201500026236,0015-12-14 17:20:00,15,12,14,17,20,420,187,"0, LYON (AVENUE DE)",46.03764,4.07709,Nuit avec éclairage allumé,En agglomération,Hors intersection,Normale,Autre collision,,,,,,,,,,,5,2,1,1,6
201500026237,0015-04-08 21:12:00,15,4,8,21,12,420,184,"0, OUEST  (BD)",46.04605,4.05635,Nuit sans éclairage public,En agglomération,Giratoire,Normale,Sans collision,,,,,,,,,,,3,2,6,1,7
201500026238,0015-12-15 11:45:00,15,12,15,11,45,420,187,"93, AUGE (RUE JOANNY)",46.03463,4.0523,Plein jour,En agglomération,Hors intersection,Normale,Deux véhicules - arrière,,,,,,,,,,,1,2,1,1,2
201500026239,0015-04-10 17:47:00,15,4,10,17,47,420,187,"0, PERI (PLACE GABRIEL)",46.0291,4.06562,Plein jour,En agglomération,Giratoire,Normale,Autre collision,,,,,,,,,,,1,2,6,1,6
201500026240,0015-12-15 19:35:00,15,12,15,19,35,420,187,"0, MURE (RUE DE LA )",46.04071,4.05646,Nuit avec éclairage allumé,En agglomération,Intersection en X,Pluie légère,Deux véhicules - côté,,,,,,,,,,,5,2,2,2,3
201500026241,0015-04-12 10:10:00,15,4,12,10,10,420,71,"132 bis, LIBERATION (AVE",46.02482,4.08688,Plein jour,En agglomération,Hors intersection,Normale,Sans collision,,,,,,,,,,,1,2,1,1,7
201500026242,0015-12-17 07:35:00,15,12,17,7,35,420,187,"0, PROMENADES POPULLE (P",46.03635,4.06508,Crépuscule ou aube,En agglomération,Hors intersection,Normale,Autre collision,,,,,,,,,,,2,2,1,1,6
201500026243,0015-04-12 01:40:00,15,4,12,1,40,420,187,"0, MACE (RUE JEAN)",46.03909,4.07476,Nuit avec éclairage allumé,En agglomération,Intersection en T,Normale,Deux véhicules - côté,,,,,,,,,,,5,2,3,1,3
201500026244,0015-12-20 14:50:00,15,12,20,14,50,420,71,"0, PINAY (RUE ANTOINE)",46.0084,4.0997,Plein jour,En agglomération,Hors intersection,Normale,Autre collision,,,,,,,,,,,1,2,1,1,6
201500026245,0015-04-12 18:09:00,15,4,12,18,9,420,187,"0, GIRAUD (RUE DU GENERA",46.0325,4.05978,Plein jour,En agglomération,Intersection en X,Normale,Deux véhicules - arrière,,,,,,,,,,,1,2,2,1,2
201500026246,0015-12-20 17:55:00,15,12,20,17,55,420,71,Route nationale 7,46.08014,4.03092,Crépuscule ou aube,Hors agglomération,Hors intersection,Normale,Trois véhicules et plus - collisions multiples,,,,,,,,,,,2,1,1,1,5
201500026247,0015-12-21 14:30:00,15,12,21,14,30,420,187,"0, DEPIERRE (RUE PIERRE)",46.0335,4.07742,Plein jour,Hors agglomération,Giratoire,Normale,Deux véhicules - arrière,,,,,,,,,,,1,1,6,1,2
201500026248,0015-04-16 09:10:00,15,4,16,9,10,420,187,"0, PARIS (AVENUE DE)",46.05057,4.06668,Plein jour,En agglomération,Intersection en X,Normale,Deux véhicules - côté,,,,,,,,,,,1,2,2,1,3
201500026249,0015-12-21 19:20:00,15,12,21,19,20,420,184,"0, BLUM  LEON   (RUE)",46.04397,4.03686,Nuit avec éclairage allumé,En agglomération,Giratoire,Normale,Deux véhicules - côté,,,,,,,,,,,5,2,6,1,3
201500026250,0015-04-21 11:50:00,15,4,21,11,50,420,187,"5, MERMOZ (RUE JEAN)",46.03519,4.06243,Plein jour,En agglomération,Hors intersection,Normale,Deux véhicules - côté,,,,,,,,,,,1,2,1,1,3
201500026251,0015-04-21 16:30:00,15,4,21,16,30,420,187,"0, MATEL (RUE DE )",46.04819,4.08624,Plein jour,En agglomération,Intersection en X,Normale,Sans collision,,,,,,,,,,,1,2,2,1,7
201500026252,0015-12-24 13:56:00,15,12,24,13,56,420,170,"0, LES FRANCHISES (LIEU",46.03736,4.10583,Plein jour,Hors agglomération,Hors intersection,Normale,Sans collision,,,,,,,,,,,1,1,1,1,7
201500026253,0015-12-24 15:37:00,15,12,24,15,37,420,170,R.D 504,46.03219,4.18715,Plein jour,Hors agglomération,Hors intersection,Normale,Deux véhicules - frontale,,,,,,,,,,,1,1,1,1,1
201500026254,0015-04-23 18:25:00,15,4,23,18,25,420,184,"0, FOLIE (MONTEE DE LA)",46.05351,4.03172,Plein jour,En agglomération,Intersection en X,Normale,Deux véhicules - côté,,,,,,,,,,,1,2,2,1,3
201500026255,0015-12-24 15:50:00,15,12,24,15,50,420,127,"0, FONTAINE JEAN  (RUE D",46.06686,4.0587,Plein jour,En agglomération,Hors intersection,Normale,Deux véhicules - côté,,,,,,,,,,,1,2,1,1,3
201500026256,0015-04-27 18:20:00,15,4,27,18,20,420,187,"0, MONTRETOUT (RUE DE )",46.05045,4.08975,Plein jour,En agglomération,Hors intersection,Pluie forte,Deux véhicules - frontale,,,,,,,,,,,1,2,1,3,1
201500026257,0015-04-28 17:00:00,15,4,28,17,0,420,187,"0, RAFFIN (RUE ALEXANDRE",46.03205,4.06679,Plein jour,En agglomération,Hors intersection,Normale,Autre collision,,,,,,,,,,,1,2,1,1,6
201500026258,0015-12-26 16:50:00,15,12,26,16,50,420,170,"0, FECHET (LIEU DIT)",46.00397,4.13863,Crépuscule ou aube,Hors agglomération,Hors intersection,Normale,Sans collision,,,,,,,,,,,2,1,1,1,7
201500026259,0015-04-30 15:45:00,15,4,30,15,45,420,187,"0, LYON (AVENUE DE)",46.03982,4.07676,Plein jour,En agglomération,Hors intersection,Normale,Autre collision,,,,,,,,,,,1,2,1,1,6
201500026260,0015-12-26 17:45:00,15,12,26,17,45,420,187,"165, SAMPAIX  (RUE LUCIE",46.02951,4.05382,Nuit avec éclairage allumé,En agglomération,Hors intersection,Normale,Autre collision,,,,,,,,,,,5,2,1,1,6
201500026261,0015-05-09 15:30:00,15,5,9,15,30,420,71,"8, PARMENTIER (RUE ANTOI",46.02901,4.08803,Plein jour,En agglomération,Hors intersection,Normale,Autre collision,,,,,,,,,,,1,2,1,1,6
201500026262,0015-05-13 07:15:00,15,5,13,7,15,420,71,"6, LIBERATION (AVENUE DE",46.0314,4.08263,Plein jour,En agglomération,Hors intersection,Normale,Sans collision,,,,,,,,,,,1,2,1,1,7
201500026263,0015-05-13 18:10:00,15,5,13,18,10,420,187,"1, PHENIX (PLACE DU)",46.03624,4.06414,Plein jour,En agglomération,Giratoire,Normale,Sans collision,,,,,,,,,,,1,2,6,1,7
201500026264,0015-05-14 16:30:00,15,5,14,16,30,420,187,"17, MAYOLLET  (RUE DU)",46.02368,4.05137,Plein jour,En agglomération,Hors intersection,Normale,Deux véhicules - arrière,,,,,,,,,,,1,2,1,1,2
201500026265,0015-05-20 13:40:00,15,5,20,13,40,420,187,"0, MARENGO (RUE)",46.0366,4.07544,Plein jour,En agglomération,Intersection en T,Normale,Deux véhicules - côté,,,,,,,,,,,1,2,3,1,3
201500026266,0015-05-22 17:45:00,15,5,22,17,45,420,187,"31, CAMUS (RUE ALBERT)",46.04318,4.0549,Plein jour,En agglomération,Intersection en T,Normale,Deux véhicules - arrière,,,,,,,,,,,1,2,3,1,2
201500026267,0015-05-23 12:10:00,15,5,23,12,10,420,71,"0, VERNAY (RUE DE )",46.02842,4.08297,Plein jour,En agglomération,Intersection en X,Normale,Deux véhicules - côté,,,,,,,,,,,1,2,2,1,3
201500026268,0015-05-23 13:15:00,15,5,23,13,15,420,71,DE GAULLE (BOULEVARD CHA,46.019,4.09618,Plein jour,En agglomération,Giratoire,Normale,Deux véhicules - côté,,,,,,,,,,,1,2,6,1,3
201500026269,0015-05-28 05:10:00,15,5,28,5,10,420,170,"0, R.D 504",46.02855,4.09788,Nuit sans éclairage public,Hors agglomération,Hors intersection,Normale,Sans collision,,,,,,,,,,,3,1,1,1,7
201500026270,0015-05-29 09:35:00,15,5,29,9,35,420,187,"7, ROCHARD (RUE FRANCISQ",46.036,4.07176,Plein jour,En agglomération,Hors intersection,Normale,Autre collision,,,,,,,,,,,1,2,1,1,6
201500026271,0015-06-12 09:30:00,15,6,12,9,30,420,187,DORIAN (ROND POINT),46.03371,4.07746,Plein jour,En agglomération,Hors intersection,Normale,Deux véhicules - côté,,,,,,,,,,,1,2,1,1,3