accident_id,datetime,annee,mois,jour,heure,minute,departement,commune_insee,adresse,latitude,longitude,luminosite,agglomeration,intersection,meteo,collision,nb_vehicules,nb_usagers,nb_indemnes,nb_tues,nb_blesses_hosp,nb_blesses_legers,age_cond_1,age_cond_2,veh_type_cond_1,veh_type_cond_2,lum_code,agg_code,int_code,atm_code,col_code
201500026394,0015-04-06 20:31:00,15,4,6,20,31,420,218,"ignoré, FRANCHE AMITIE A",45.43516,4.38401,Crépuscule ou aube,En agglomération,Intersection en X,Normale,Deux véhicules - côté,,,,,,,,,,,2,2,2,1,3
201500026395,0015-04-21 16:05:00,15,4,21,16,5,420,218,"39, DESTRE DOCTEUR LOUIS",45.43864,4.43622,Plein jour,En agglomération,Hors intersection,Normale,Deux véhicules - arrière,,,,,,,,,,,1,2,1,1,2
201500026396,0015-04-21 15:00:00,15,4,21,15,0,420,218,"140, DURAFOUR ANTOINE A",45.42244,4.39656,Plein jour,En agglomération,Hors intersection,Normale,Autre collision,,,,,,,,,,,1,2,1,1,6
201500026397,0015-01-01 01:01:00,15,1,1,1,1,420,218,"10, THIERRY AUGUSTIN (BD",45.44685,4.38375,Nuit avec éclairage allumé,En agglomération,Intersection en X,Normale,Deux véhicules - côté,,,,,,,,,,,5,2,2,1,3
201500026398,0015-04-26 02:45:00,15,4,26,2,45,420,183,ROCADE OUEST,45.41794,4.3709,Plein jour,Hors agglomération,Hors intersection,Normale,Autre collision,,,,,,,,,,,1,1,1,1,6
201500026399,0015-04-27 15:15:00,15,4,27,15,15,420,218,"ignoré, LOUGANSK (DE)",45.42094,4.41216,Plein jour,En agglomération,Hors intersection,Pluie légère,Autre collision,,,,,,,,,,,1,2,1,2,6
201500026400,0015-12-18 08:07:00,15,12,18,8,7,420,218,"02, VILLARS (DE)",45.46559,4.3784,Plein jour,En agglomération,Intersection en T,Normale,Autre collision,,,,,,,,,,,1,2,3,1,6
201500026401,0015-04-10 08:03:00,15,4,10,8,3,420,218,"28, AMOUROUX A PARTIR DE",45.41394,4.39843,Plein jour,En agglomération,Intersection en X,Normale,Autre collision,,,,,,,,,,,1,2,2,1,6
201500026402,0015-12-19 02:30:00,15,12,19,2,30,420,218,LEVAILLANT MAITRE SIMONE,45.46367,4.38176,Nuit avec éclairage allumé,En agglomération,Intersection en X,Normale,Deux véhicules - côté,,,,,,,,,,,5,2,2,1,3
201500026403,0015-04-11 11:15:00,15,4,11,11,15,420,218,"53, FAURIEL (COURS)",45.42689,4.40353,Plein jour,En agglomération,Intersection en X,Normale,Autre collision,,,,,,,,,,,1,2,2,1,6
201500026404,0015-12-22 16:41:00,15,12,22,16,41,420,218,"129, ALLIES JUSQU'AUX N",45.44151,4.41423,Plein jour,En agglomération,Intersection en T,Normale,Deux véhicules - côté,,,,,,,,,,,1,2,3,1,3
201500026405,0015-04-11 14:25:00,15,4,11,14,25,420,275,"01, MENDES FRANCE PIERRE",45.46939,4.37588,Plein jour,En agglomération,Hors intersection,Normale,Trois véhicules et plus - en chaîne,,,,,,,,,,,1,2,1,1,4
201500026406,0015-04-14 19:16:00,15,4,14,19,16,420,189,VILLEBOEUF (LIEU DIT),45.42909,4.35104,Plein jour,Hors agglomération,Hors intersection,Normale,Deux véhicules - frontale,,,,,,,,,,,1,1,1,1,1
201500026407,0015-04-16 12:02:00,15,4,16,12,2,420,189,ROCADE OUEST,45.43012,4.34816,Plein jour,Hors agglomération,Hors intersection,Normale,Trois véhicules et plus - collisions multiples,,,,,,,,,,,1,1,1,1,5
201500026408,0015-04-20 08:53:00,15,4,20,8,53,420,218,"32, JANIN JULES (BD) JUS",45.44868,4.39098,Plein jour,En agglomération,Hors intersection,Normale,Autre collision,,,,,,,,,,,1,2,1,1,6
201500026409,0015-04-22 09:59:00,15,4,22,9,59,420,218,"51, ACIERIES (DES)",45.45616,4.39174,Plein jour,En agglomération,Intersection en X,Normale,Deux véhicules - côté,,,,,,,,,,,1,2,2,1,3
201500026410,0015-12-24 16:41:00,15,12,24,16,41,420,218,"04, OGIER JEAN BAPTISTE",45.43575,4.43201,Plein jour,En agglomération,Hors intersection,Normale,Deux véhicules - frontale,,,,,,,,,,,1,2,1,1,1
201500026411,0015-04-30 16:58:00,15,4,30,16,58,420,218,"02, VIVALDI ANTONIO (BOU",45.46609,4.39888,Plein jour,En agglomération,Intersection en X,Normale,Autre collision,,,,,,,,,,,1,2,2,1,6
201500026412,0015-05-03 11:20:00,15,5,3,11,20,420,189,"01, REPUBLIQUE",45.43484,4.32268,Plein jour,En agglomération,Intersection en T,Normale,Autre collision,,,,,,,,,,,1,2,3,1,6
201500026413,0015-05-06 18:50:00,15,5,6,18,50,420,218,"IGNORE, COLETTE",45.42118,4.42169,Plein jour,En agglomération,Hors intersection,Normale,Autre collision,,,,,,,,,,,1,2,1,1,6
201500026414,0015-05-10 04:10:00,15,5,10,4,10,420,218,"ignoré, MULLER DES DOCTE",45.44703,4.398,Nuit avec éclairage allumé,En agglomération,Intersection en T,Normale,Deux véhicules - côté,,,,,,,,,,,5,2,3,1,3
201500026415,0015-05-11 16:00:00,15,5,11,16,0,420,218,"IGNORE, TALAUDIERE (DE L",45.45021,4.40411,Plein jour,En agglomération,Intersection en X,Normale,Deux véhicules - frontale,,,,,,,,,,,1,2,2,1,1
201500026416,0015-05-12 17:30:00,15,5,12,17,30,420,218,"5/7, CHARCOT DOCTEURS JU",45.42265,4.39192,Plein jour,En agglomération,Hors intersection,Normale,Autre collision,,,,,,,,,,,1,2,1,1,6
201500026417,0015-05-16 02:40:00,15,5,16,2,40,420,218,"33, LIOGIER JUSQU'AUX Nø",45.42839,4.40482,Nuit avec éclairage allumé,En agglomération,Hors intersection,Pluie légère,Autre collision,,,,,,,,,,,5,2,1,2,6
201500026418,0015-05-16 07:50:00,15,5,16,7,50,420,218,"27, FAURIEL (COURS)",45.42838,4.39928,Plein jour,En agglomération,Intersection en X,Normale,Deux véhicules - côté,,,,,,,,,,,1,2,2,1,3
201500026419,0015-05-19 14:45:00,15,5,19,14,45,420,218,"31, BEAUBRUN",45.43387,4.38207,Plein jour,En agglomération,Hors intersection,Normale,Autre collision,,,,,,,,,,,1,2,1,1,6
201500026420,0015-05-22 17:40:00,15,5,22,17,40,420,223,CIZERON (LIEU DIT),45.46616,4.31924,Plein jour,Hors agglomération,Hors intersection,Normale,Deux véhicules - côté,,,,,,,,,,,1,1,1,1,3
201500026421,0015-05-23 18:00:00,15,5,23,18,0,420,275,"43, MENDES FRANCE PIERRE",45.47799,4.36084,Plein jour,En agglomération,Hors intersection,Normale,Autre collision,,,,,,,,,,,1,2,1,1,6
201500026422,0015-04-27 19:20:00,15,4,27,19,20,420,218,"27, CLAUDE DESIRE JUSQU'",45.42908,4.38894,Plein jour,En agglomération,Hors intersection,Normale,Deux véhicules - arrière,,,,,,,,,,,1,2,1,1,2
201500026423,0015-05-31 22:00:00,15,5,31,22,0,420,218,"IGNORE, JANIN JULES (BD)",45.44474,4.3978,Nuit avec éclairage allumé,En agglomération,Hors intersection,Normale,Autre collision,,,,,,,,,,,5,2,1,1,6
201500026424,0015-06-04 15:40:00,15,6,4,15,40,420,218,"2, ROCHE DU GEAI (DE LA)",45.4443,4.36369,Plein jour,En agglomération,Hors intersection,Normale,Autre collision,,,,,,,,,,,1,2,1,1,6
201500026425,0015-06-09 14:15:00,15,6,9,14,15,420,218,"56, BERGSON A PARTIR Nø",45.4536,4.38336,Plein jour,En agglomération,Hors intersection,Normale,Autre collision,,,,,,,,,,,1,2,1,1,6
201500026426,0015-06-11 16:15:00,15,6,11,16,15,420,218,"52, DAGUERRE",45.42317,4.39065,Plein jour,En agglomération,Hors intersection,Normale,Deux véhicules - arrière,,,,,,,,,,,1,2,1,1,2
201500026427,0015-05-21 21:45:00,15,5,21,21,45,420,218,D8,45.38919,4.47278,Nuit sans éclairage public,Hors agglomération,Hors intersection,Normale,Sans collision,,,,,,,,,,,3,1,1,1,7
201500026428,0015-05-29 08:55:00,15,5,29,8,55,420,218,"01, SALENGRO ROGER",45.44102,4.389,Plein jour,En agglomération,Intersection en X,Normale,Deux véhicules - côté,,,,,,,,,,,1,2,2,1,3
201500026429,0015-05-31 06:19:00,15,5,31,6,19,420,218,"10, CAMELINAT JUSQU'AUX",45.4448,4.38431,Plein jour,En agglomération,Intersection en X,Normale,Deux véhicules - côté,,,,,,,,,,,1,2,2,1,3
201500026430,0015-06-02 07:46:00,15,6,2,7,46,420,218,"153, BERGSON A PARTIR Nø",45.45905,4.38153,Plein jour,En agglomération,Hors intersection,Normale,Autre collision,,,,,,,,,,,1,2,1,1,6
201500026431,0015-06-03 21:27:00,15,6,3,21,27,420,218,"21, GAMBETTA A PARTIR Nø",45.4333,4.38886,Plein jour,En agglomération,Intersection en X,Normale,Deux véhicules - côté,,,,,,,,,,,1,2,2,1,3
201500026432,0015-06-05 14:49:00,15,6,5,14,49,420,218,"22, JANIN JULES (BD) JUS",45.44792,4.38801,Plein jour,En agglomération,Hors intersection,Normale,Deux véhicules - côté,,,,,,,,,,,1,2,1,1,3
201500026433,0015-06-09 17:48:00,15,6,9,17,48,420,218,"ignoré, VERNEY CARRON CL",45.46269,4.38236,Plein jour,En agglomération,Hors intersection,Normale,Trois véhicules et plus - en chaîne,,,,,,,,,,,1,2,1,1,4
201500026434,0015-06-13 05:11:00,15,6,13,5,11,420,218,"12, JAURES JEAN (PLACE)",45.44145,4.38726,Plein jour,En agglomération,Intersection en T,Normale,Autre collision,,,,,,,,,,,1,2,3,1,6
201500026435,0015-06-19 19:15:00,15,6,19,19,15,420,218,"14, BERNARD MARTIN",45.43271,4.38024,Plein jour,En agglomération,Hors intersection,Normale,Autre collision,,,,,,,,,,,1,2,1,1,6
201500026436,0015-06-19 14:16:00,15,6,19,14,16,420,218,"ignoré, NADAUD GUSTAVE (",45.43317,4.39556,Plein jour,En agglomération,Intersection en T,Normale,Autre collision,,,,,,,,,,,1,2,3,1,6
201500026437,0015-06-26 18:00:00,15,6,26,18,0,420,218,"43, GAMBETTA A PARTIR Nø",45.43124,4.38928,Plein jour,En agglomération,Hors intersection,Normale,Autre collision,,,,,,,,,,,1,2,1,1,6
201500026438,0015-06-30 07:15:00,15,6,30,7,15,420,305,"6, HUGO VICTOR",45.47981,4.43123,Plein jour,En agglomération,Hors intersection,Normale,Autre collision,,,,,,,,,,,1,2,1,1,6
201500026439,0015-07-05 03:45:00,15,7,5,3,45,420,218,"14, BERNARD MARTIN",45.43265,4.38037,Nuit avec éclairage allumé,En agglomération,Intersection en X,Normale,Deux véhicules - côté,,,,,,,,,,,5,2,2,1,3
201500026440,0015-07-06 18:29:00,15,7,6,18,29,420,223,D15,45.45462,4.34182,Plein jour,Hors agglomération,Hors intersection,Normale,Sans collision,,,,,,,,,,,1,1,1,1,7
201500026441,0015-07-10 23:55:00,15,7,10,23,55,420,218,"16, REVOLLIER J-FRANCOIS",45.45518,4.37764,Nuit avec éclairage allumé,En agglomération,Intersection en T,Normale,Sans collision,,,,,,,,,,,5,2,3,1,7
201500026442,0015-05-27 19:20:00,15,5,27,19,20,420,218,"27, CLAUDE DESIRE JUSQU'",45.42908,4.38894,Plein jour,En agglomération,Hors intersection,Normale,Deux véhicules - arrière,,,,,,,,,,,1,2,1,1,2
201500026443,0015-07-21 19:39:00,15,7,21,19,39,420,218,Le Berlan,45.4341,4.30426,Plein jour,Hors agglomération,Hors intersection,Normale,Trois véhicules et plus - en chaîne,,,,,,,,,,,1,1,1,1,4
201500026444,0015-08-02 03:31:00,15,8,2,3,31,420,218,"36, MARTYRS DE VINGRE",45.43594,4.39023,Nuit avec éclairage allumé,En agglomération,Hors intersection,Normale,Autre collision,,,,,,,,,,,5,2,1,1,6
201500026445,0015-08-02 07:50:00,15,8,2,7,50,420,218,"133, MONTAT (DE LA) A PA",45.44384,4.41588,Plein jour,En agglomération,Hors intersection,Normale,Autre collision,,,,,,,,,,,1,2,1,1,6
201500026446,0015-08-04 09:13:00,15,8,4,9,13,420,218,"ignoré, NELTNER LOUIS (B",45.46185,4.41447,Plein jour,En agglomération,Intersection en T,Normale,Deux véhicules - côté,,,,,,,,,,,1,2,3,1,3
201500026447,0015-08-08 14:30:00,15,8,8,14,30,420,330,"IGNORE, POUQUET HUBERT (",45.47846,4.3475,Plein jour,Hors agglomération,Giratoire,Pluie légère,Deux véhicules - arrière,,,,,,,,,,,1,1,6,2,2
201500026448,0015-08-17 21:00:00,15,8,17,21,0,420,218,"105, DESTRE DOCTEUR LOUI",45.44002,4.41956,Nuit avec éclairage allumé,En agglomération,Hors intersection,Normale,Autre collision,,,,,,,,,,,5,2,1,1,6
201500026449,0015-08-19 20:45:00,15,8,19,20,45,420,218,"79, FAURIEL (COURS)",45.42483,4.40724,Plein jour,En agglomération,Hors intersection,Normale,Autre collision,,,,,,,,,,,1,2,1,1,6
201500026450,0015-08-23 12:15:00,15,8,23,12,15,420,218,"IGNORE, GRUNER (AVENUE)",45.44008,4.3997,Plein jour,En agglomération,Intersection en X,Pluie forte,Deux véhicules - côté,,,,,,,,,,,1,2,2,3,3
201500026451,0015-08-24 18:30:00,15,8,24,18,30,420,218,"23, TALAUDIERE (DE LA) J",45.45324,4.40993,Plein jour,En agglomération,Hors intersection,Normale,Deux véhicules - côté,,,,,,,,,,,1,2,1,1,3
201500026452,0015-08-26 14:45:00,15,8,26,14,45,420,218,"ignoré, VERNEY CARRON CL",45.46273,4.3823,Plein jour,En agglomération,Hors intersection,Normale,Deux véhicules - côté,,,,,,,,,,,1,2,1,1,3
201500026453,0015-08-29 11:56:00,15,8,29,11,56,420,218,"27, FLORALIES (DES)",45.4703,4.39434,Plein jour,En agglomération,Hors intersection,Normale,Sans collision,,,,,,,,,,,1,2,1,1,7
201500026454,0015-08-31 11:32:00,15,8,31,11,32,420,218,ROOSEVELT FRANKLIN (SQUA,45.42082,4.41073,Plein jour,En agglomération,Giratoire,Normale,Deux véhicules - côté,,,,,,,,,,,1,2,6,1,3
201500026455,0015-09-21 19:40:00,15,9,21,19,40,420,218,"ignore, EVRARD FLORENT A",45.41523,4.37492,Nuit avec éclairage allumé,En agglomération,Intersection en T,Normale,Deux véhicules - côté,,,,,,,,,,,5,2,3,1,3
201500026456,0015-09-06 13:55:00,15,9,6,13,55,420,218,"42, FRAISSINETTE ALEXAND",45.41815,4.4169,Plein jour,En agglomération,Hors intersection,Normale,Autre collision,,,,,,,,,,,1,2,1,1,6
201500026457,0015-09-08 12:43:00,15,9,8,12,43,420,275,"24, ETRAT (ROUTE DE L')",45.47159,4.38341,Plein jour,En agglomération,Intersection en T,Normale,Deux véhicules - côté,,,,,,,,,,,1,2,3,1,3
201500026458,0015-09-15 07:43:00,15,9,15,7,43,420,218,"17, BERGSON JUSQU'AUX Nø",45.44821,4.38466,Plein jour,En agglomération,Hors intersection,Normale,Autre collision,,,,,,,,,,,1,2,1,1,6
201500026459,0015-09-18 16:14:00,15,9,18,16,14,420,218,"ignoré, PONT DE L'ANE (I",45.44399,4.41903,Plein jour,En agglomération,Intersection en T,Normale,Deux véhicules - côté,,,,,,,,,,,1,2,3,1,3
201500026460,0015-09-19 08:22:00,15,9,19,8,22,420,237,"34, HUGO (VICTOR)",45.44609,4.4336,Plein jour,En agglomération,Hors intersection,Normale,Deux véhicules - côté,,,,,,,,,,,1,2,1,1,3
201500026461,0015-09-24 18:07:00,15,9,24,18,7,420,218,"ignoré, RONDET MICHEL A",45.43778,4.38313,Plein jour,En agglomération,Hors intersection,Normale,Autre collision,,,,,,,,,,,1,2,1,1,6
201500026462,0015-09-25 16:40:00,15,9,25,16,40,420,218,"15, RICHELANDIERE (DE LA",45.43887,4.39999,Plein jour,En agglomération,Hors intersection,Normale,Autre collision,,,,,,,,,,,1,2,1,1,6
201500026463,0015-10-01 01:30:00,15,10,1,1,30,420,218,"ignore, BLANQUI",45.44007,4.39103,Nuit avec éclairage allumé,En agglomération,Intersection en X,Normale,Deux véhicules - côté,,,,,,,,,,,5,2,2,1,3
201500026464,0015-09-30 15:19:00,15,9,30,15,19,420,218,"128, BERGSON A PARTIR Nø",45.46302,4.38067,Plein jour,En agglomération,Hors intersection,Normale,Autre collision,,,,,,,,,,,1,2,1,1,6
201500026465,0015-10-04 09:40:00,15,10,4,9,40,420,330,"02, TAILLEE (ROUTE)",45.46603,4.35503,Plein jour,En agglomération,Hors intersection,Normale,Autre collision,,,,,,,,,,,1,2,1,1,6
201500026466,0015-10-05 17:50:00,15,10,5,17,50,420,218,"64, PASSEMENTIERS A PART",45.41817,4.39478,Plein jour,En agglomération,Intersection en X,Normale,Autre collision,,,,,,,,,,,1,2,2,1,6
201500026467,0015-10-02 21:20:00,15,10,2,21,20,420,218,"IGNORE, EVRARD FLORENT A",45.41899,4.37594,Nuit avec éclairage allumé,En agglomération,Intersection en Y,Normale,Deux véhicules - côté,,,,,,,,,,,5,2,4,1,3
201500026468,0015-10-24 19:55:00,15,10,24,19,55,420,223,D15,45.45382,4.34201,Nuit sans éclairage public,Hors agglomération,Hors intersection,Normale,Deux véhicules - frontale,,,,,,,,,,,3,1,1,1,1
201500026469,0015-10-25 08:00:00,15,10,25,8,0,420,218,"32, MALON BENOIT",45.44456,4.38083,Plein jour,En agglomération,Hors intersection,Normale,Autre collision,,,,,,,,,,,1,2,1,1,6
201500026470,0015-10-29 09:20:00,15,10,29,9,20,420,218,"ignoré, ALBERT FRANCOIS",45.4462,4.40023,Plein jour,En agglomération,Hors intersection,Normale,Sans collision,,,,,,,,,,,1,2,1,1,7
201500026471,0015-10-30 10:15:00,15,10,30,10,15,420,218,"36, MARTEL EDOUARD JUSQU",45.42272,4.37659,Plein jour,En agglomération,Hors intersection,Normale,Deux véhicules - frontale,,,,,,,,,,,1,2,1,1,1
201500026472,0015-11-06 13:40:00,15,11,6,13,40,420,218,"17, VILLE (DE LA)",45.43637,4.38652,Plein jour,En agglomération,Hors intersection,Normale,Autre collision,,,,,,,,,,,1,2,1,1,6
201500026473,0015-11-07 17:45:00,15,11,7,17,45,420,218,"IGNORE, MONTYON",45.46645,4.38349,Plein jour,En agglomération,Hors intersection,Normale,Autre collision,,,,,,,,,,,1,2,1,1,6
201500026474,0015-11-08 12:00:00,15,11,8,12,0,420,305,"IGNORE, ROLLAND ROMAIN",45.48332,4.43011,Plein jour,En agglomération,Intersection en X,Normale,Deux véhicules - côté,,,,,,,,,,,1,2,2,1,3
201500026475,0015-11-08 14:15:00,15,11,8,14,15,420,218,"IGNORE, ROOSEVELT FRANKL",45.42122,4.41132,Plein jour,En agglomération,Hors intersection,Normale,Autre collision,,,,,,,,,,,1,2,1,1,6
201500026476,0015-11-08 20:10:00,15,11,8,20,10,420,218,"IGNORE, MOULIN JEAN (PLA",45.43746,4.39278,Nuit avec éclairage allumé,En agglomération,Hors intersection,Normale,Autre collision,,,,,,,,,,,5,2,1,1,6
201500026477,0015-11-11 18:30:00,15,11,11,18,30,420,218,"11-13, MAREY COLONEL",45.44527,4.40233,Nuit avec éclairage non allumé,En agglomération,Hors intersection,Normale,Autre collision,,,,,,,,,,,4,2,1,1,6
201500026478,0015-11-11 11:15:00,15,11,11,11,15,420,218,"99, FAURIEL (COURS)",45.42292,4.4093,Plein jour,En agglomération,Intersection en X,Normale,Deux véhicules - côté,,,,,,,,,,,1,2,2,1,3
201500026479,0015-11-13 10:50:00,15,11,13,10,50,420,218,"29, DE GAULLE CHARLES",45.44451,4.38558,Plein jour,En agglomération,Hors intersection,Normale,Autre collision,,,,,,,,,,,1,2,1,1,6
201500026480,0015-11-19 12:50:00,15,11,19,12,50,420,218,"2D, OVIDES",45.43793,4.4139,Plein jour,En agglomération,Autre intersection,Normale,Autre collision,,,,,,,,,,,1,2,9,1,6
201500026481,0015-11-20 12:10:00,15,11,20,12,10,420,218,"30-38, FAURIAT (BOULEVAR",45.44704,4.4054,Plein jour,En agglomération,Hors intersection,Normale,Autre collision,,,,,,,,,,,1,2,1,1,6
201500026482,0015-11-23 20:05:00,15,11,23,20,5,420,218,"21, MIMARD ETIENNE JUSQU",45.43839,4.39623,Nuit avec éclairage allumé,En agglomération,Hors intersection,Normale,Deux véhicules - arrière,,,,,,,,,,,5,2,1,1,2
201500026483,0015-10-16 15:55:00,15,10,16,15,55,420,218,"09, ROBESPIERRE",45.41483,4.39505,Plein jour,En agglomération,Intersection en T,Temps couvert,Deux véhicules - côté,,,,,,,,,,,1,2,3,8,3
201500026484,0015-11-28 11:00:00,15,11,28,11,0,420,218,"ignor, MASSENET (PLACE)",45.46559,4.37976,Plein jour,En agglomération,Hors intersection,Normale,Autre collision,,,,,,,,,,,1,2,1,1,6
201500026485,0015-10-27 22:29:00,15,10,27,22,29,420,275,"02, DE GAULLE CHARLES",45.47964,4.36899,Plein jour,En agglomération,Hors intersection,Normale,Sans collision,,,,,,,,,,,1,2,1,1,7
201500026486,0015-11-12 17:29:00,15,11,12,17,29,420,218,"25, RICHELANDIERE (DE LA",45.4388,4.40103,Nuit avec éclairage allumé,Hors agglomération,Hors intersection,Normale,Autre collision,,,,,,,,,,,5,1,1,1,6
201500026487,0015-11-19 10:17:00,15,11,19,10,17,420,330,"02, REPUBLIQUE",45.46837,4.35364,Plein jour,En agglomération,Intersection en T,Normale,Autre collision,,,,,,,,,,,1,2,3,1,6
201500026488,0015-12-02 11:51:00,15,12,2,11,51,420,218,"15, VALBENOITE (BD) JUSQ",45.42867,4.39482,Plein jour,En agglomération,Hors intersection,Normale,Autre collision,,,,,,,,,,,1,2,1,1,6
201500026489,0015-12-04 08:03:00,15,12,4,8,3,420,218,A72 SENS VERS CLERMONT F,45.46495,4.39873,Plein jour,Hors agglomération,Intersection en X,Normale,Deux véhicules - côté,,,,,,,,,,,1,1,2,1,3
201500026490,0015-12-08 11:46:00,15,12,8,11,46,420,218,"34, DESTRE DOCTEUR LOUIS",45.43913,4.43622,Plein jour,En agglomération,Hors intersection,Normale,Deux véhicules - arrière,,,,,,,,,,,1,2,1,1,2
201500026491,0015-12-11 13:10:00,15,12,11,13,10,420,218,"68, ROUGET DE L'ISLE A P",45.44609,4.38664,Plein jour,En agglomération,Intersection en X,Normale,Deux véhicules - côté,,,,,,,,,,,1,2,2,1,3
201500026492,0015-11-28 15:20:00,15,11,28,15,20,420,218,"4-6, BARROUIN JUSQU'AUX",45.45404,4.38406,Plein jour,En agglomération,Hors intersection,Normale,Trois véhicules et plus - en chaîne,,,,,,,,,,,1,2,1,1,4
201500026493,0015-12-02 12:35:00,15,12,2,12,35,420,218,D25,45.42853,4.29502,Plein jour,Hors agglomération,Hors intersection,Normale,Autre collision,,,,,,,,,,,1,1,1,1,6
201500026494,0015-12-02 18:00:00,15,12,2,18,0,420,218,"84, CHAVASSIEUX JUSQU'AU",45.44856,4.36606,Nuit avec éclairage allumé,En agglomération,Hors intersection,Normale,Autre collision,,,,,,,,,,,5,2,1,1,6
201500026495,0015-12-03 18:15:00,15,12,3,18,15,420,218,"3, VOLTAIRE",45.43019,4.39018,Nuit avec éclairage allumé,En agglomération,Hors intersection,Normale,Autre collision,,,,,,,,,,,5,2,1,1,6
201500026496,0015-12-05 23:40:00,15,12,5,23,40,420,218,"IGNORE, MIMARD ETIENNE A",45.43657,4.39396,Nuit avec éclairage allumé,En agglomération,Intersection en X,Normale,Deux véhicules - côté,,,,,,,,,,,5,2,2,1,3
201500026497,0015-12-06 05:10:00,15,12,6,5,10,420,218,"15, MOLINA (DE)",45.4666,4.3935,Nuit avec éclairage allumé,En agglomération,Hors intersection,Normale,Autre collision,,,,,,,,,,,5,2,1,1,6
201500026498,0015-12-08 01:10:00,15,12,8,1,10,420,218,"IGNORE, MONT MOUCHET",45.44185,4.42955,Nuit avec éclairage allumé,En agglomération,Hors intersection,Normale,Autre collision,,,,,,,,,,,5,2,1,1,6
201500026499,0015-12-09 21:20:00,15,12,9,21,20,420,218,"35, CLEMENCEAU GEORGES",45.42702,4.41275,Nuit avec éclairage allumé,En agglomération,Hors intersection,Normale,Autre collision,,,,,,,,,,,5,2,1,1,6
201500026500,0015-12-10 07:40:00,15,12,10,7,40,420,305,"IGNORE, HUGO VICTOR",45.48114,4.43485,Plein jour,En agglomération,Hors intersection,Normale,Deux véhicules - côté,,,,,,,,,,,1,2,1,1,3
201500026501,0015-01-07 19:45:00,15,1,7,19,45,420,218,"23, HUGO VICTOR (COURS)",45.43245,4.3884,Nuit avec éclairage allumé,En agglomération,Hors intersection,Normale,Autre collision,,,,,,,,,,,5,2,1,1,6
201500026502,0015-01-13 07:15:00,15,1,13,7,15,420,330,"ignor?, HIPPODROME (LOT)",45.47296,4.35794,Nuit sans éclairage public,En agglomération,Hors intersection,Normale,Autre collision,,,,,,,,,,,3,2,1,1,6
201500026503,0015-01-13 19:50:00,15,1,13,19,50,420,218,"ignor?, HUIT MAI 1945 (B",45.45051,4.40187,Nuit avec éclairage allumé,En agglomération,Intersection en T,Normale,Trois véhicules et plus - collisions multiples,,,,,,,,,,,5,2,3,1,5
201500026504,0015-01-15 16:45:00,15,1,15,16,45,420,237,"ignor?, VIGNES (LIEU DIT",45.44041,4.45553,Plein jour,En agglomération,Hors intersection,Normale,Deux véhicules - côté,,,,,,,,,,,1,2,1,1,3
201500026505,0015-01-15 13:45:00,15,1,15,13,45,420,218,"ignor?, CHEVREUL",45.42467,4.39497,Plein jour,En agglomération,Intersection en T,Normale,Autre collision,,,,,,,,,,,1,2,3,1,6
201500026506,0015-01-16 21:50:00,15,1,16,21,50,420,223,Rocade OUEST,45.44952,4.3372,Nuit sans éclairage public,Hors agglomération,Hors intersection,Autre,Sans collision,,,,,,,,,,,3,1,1,9,7
201500026507,0015-01-10 17:41:00,15,1,10,17,41,420,305,HUGO VICTOR,45.48078,4.43372,Crépuscule ou aube,En agglomération,Hors intersection,Normale,Autre collision,,,,,,,,,,,2,2,1,1,6
201500026508,0015-01-23 12:40:00,15,1,23,12,40,420,218,"68, PAROT JEAN A PARTIR",45.43084,4.42373,Plein jour,En agglomération,Hors intersection,Temps couvert,Autre collision,,,,,,,,,,,1,2,1,8,6
201500026509,0015-01-24 13:00:00,15,1,24,13,0,420,189,"ignor?, CLAPEUSES (DES)",45.41983,4.31698,Plein jour,En agglomération,Hors intersection,Normale,Deux véhicules - frontale,,,,,,,,,,,1,2,1,1,1
201500026510,0015-01-25 17:50:00,15,1,25,17,50,420,218,"02, CHAIZE NICOLAS JUSQU",45.41804,4.39365,Crépuscule ou aube,En agglomération,Hors intersection,Temps couvert,Autre collision,,,,,,,,,,,2,2,1,8,6
201500026511,0015-01-15 18:15:00,15,1,15,18,15,420,218,"82, BERGSON A PARTIR N?",45.45778,4.38217,Nuit avec éclairage allumé,En agglomération,Hors intersection,Normale,Deux véhicules - côté,,,,,,,,,,,5,2,1,1,3
201500026512,0015-01-29 19:35:00,15,1,29,19,35,420,218,"18, ALLARD MARCELLIN",45.43545,4.39323,Nuit avec éclairage allumé,En agglomération,Hors intersection,Pluie forte,Autre collision,,,,,,,,,,,5,2,1,3,6
201500026513,0015-02-07 02:30:00,15,2,7,2,30,420,218,"ignor?, BASSE DES RIVES",45.42601,4.39413,Nuit avec éclairage allumé,En agglomération,Hors intersection,Normale,Autre collision,,,,,,,,,,,5,2,1,1,6
201500026514,0015-02-10 09:55:00,15,2,10,9,55,420,218,"19, POURCEL ALEXANDRE JU",45.42385,4.39545,Plein jour,En agglomération,Intersection en T,Temps couvert,Autre collision,,,,,,,,,,,1,2,3,8,6
201500026515,0015-02-09 13:30:00,15,2,9,13,30,420,218,"FACE AU 18, MIMARD ETIEN",45.43747,4.39521,Plein jour,En agglomération,Intersection en T,Normale,Deux véhicules - côté,,,,,,,,,,,1,2,3,1,3