accident_id,datetime,annee,mois,jour,heure,minute,departement,commune_insee,adresse,latitude,longitude,luminosite,agglomeration,intersection,meteo,collision,nb_vehicules,nb_usagers,nb_indemnes,nb_tues,nb_blesses_hosp,nb_blesses_legers,age_cond_1,age_cond_2,veh_type_cond_1,veh_type_cond_2,lum_code,agg_code,int_code,atm_code,col_code
201500026762,0015-06-02 09:55:00,15,6,2,9,55,440,109,"02, BOULEVARD DE L'EGALI",47.2068,-1.58767,Plein jour,En agglomération,Intersection en X,Normale,Autre collision,,,,,,,,,,,1,2,2,1,6
201500026763,0015-06-12 23:35:00,15,6,12,23,35,440,109,"00, ROMANET ( BD EMILE )",47.21019,-1.60343,Nuit sans éclairage public,En agglomération,Hors intersection,Normale,Autre collision,,,,,,,,,,,3,2,1,1,6
201500026764,0015-06-08 07:50:00,15,6,8,7,50,440,143,RUE FELICIEN THOMAZEAU,47.1845,-1.54375,Plein jour,En agglomération,Intersection en X,Normale,Deux véhicules - côté,,,,,,,,,,,1,2,2,1,3
201500026765,0015-06-21 01:40:00,15,6,21,1,40,440,162,"00, PERIPHERIQUE",47.20831,-1.62642,Nuit avec éclairage allumé,Hors agglomération,Hors intersection,Normale,Deux véhicules - frontale,,,,,,,,,,,5,1,1,1,1
201500026766,0015-06-12 11:20:00,15,6,12,11,20,440,109,"1, RUE GUILLAUME GROOTAE",47.23784,-1.58609,Plein jour,En agglomération,Hors intersection,Pluie légère,Sans collision,,,,,,,,,,,1,2,1,2,7
201500026767,0015-06-09 19:25:00,15,6,9,19,25,440,114,"1, AVENUE ROBERT CHASTEL",47.24282,-1.5863,Plein jour,En agglomération,Hors intersection,Normale,Deux véhicules - arrière,,,,,,,,,,,1,2,1,1,2
201500026768,0015-06-19 10:25:00,15,6,19,10,25,440,109,"1, RUE CHARLES BRUNELLIE",47.209,-1.56851,Plein jour,En agglomération,Place,Normale,Deux véhicules - côté,,,,,,,,,,,1,2,7,1,3
201500026769,0015-06-18 23:00:00,15,6,18,23,0,440,109,BOULEVARD ROBERT SCHUMAN,47.24079,-1.57275,Nuit avec éclairage allumé,En agglomération,Intersection en Y,Normale,Deux véhicules - frontale,,,,,,,,,,,5,2,4,1,1
201500026770,0015-06-22 13:50:00,15,6,22,13,50,440,109,BOULEVARD DE SARREBRUCK,47.2134,-1.5295,Plein jour,En agglomération,Giratoire,Normale,Deux véhicules - côté,,,,,,,,,,,1,2,6,1,3
201500026771,0015-06-25 18:00:00,15,6,25,18,0,440,109,"1, BOULEVARD DE LA LIBER",47.2036,-1.58845,Plein jour,En agglomération,Intersection en X,Normale,Trois véhicules et plus - collisions multiples,,,,,,,,,,,1,2,2,1,5
201500026772,0015-06-29 18:40:00,15,6,29,18,40,440,109,", BOULEVARD VINCENT GACH",47.20643,-1.54402,Plein jour,En agglomération,Hors intersection,Normale,Deux véhicules - côté,,,,,,,,,,,1,2,1,1,3
201500026773,0015-06-12 02:00:00,15,6,12,2,0,440,109,"0, BOULEVARD GUSTAVE ROC",47.20484,-1.54838,Nuit avec éclairage allumé,En agglomération,Intersection en X,Normale,Deux véhicules - côté,,,,,,,,,,,5,2,2,1,3
201500026774,0015-01-02 09:10:00,15,1,2,9,10,440,109,"5, BERLIN",47.215,-1.53042,Plein jour,En agglomération,Hors intersection,Pluie légère,Autre collision,,,,,,,,,,,1,2,1,2,6
201500026775,0015-06-17 00:30:00,15,6,17,0,30,440,109,"73, RUE PAUL BELLAMY",47.2255,-1.55939,Nuit avec éclairage allumé,En agglomération,Hors intersection,Normale,Deux véhicules - frontale,,,,,,,,,,,5,2,1,1,1
201500026776,0015-07-01 15:15:00,15,7,1,15,15,440,109,"137, BOULEVARD AUGUSTE P",47.2318,-1.50793,Plein jour,En agglomération,Hors intersection,Normale,Autre collision,,,,,,,,,,,1,2,1,1,6
201500026777,0015-06-10 18:15:00,15,6,10,18,15,440,109,"35, DERVALLIERES ( RUE D",47.22225,-1.58238,Plein jour,En agglomération,Hors intersection,Normale,Deux véhicules - côté,,,,,,,,,,,1,2,1,1,3
201500026778,0015-06-22 11:45:00,15,6,22,11,45,440,162,RUE DE SAINT NAZAIRE,47.2112,-1.61754,Plein jour,En agglomération,Giratoire,Normale,Deux véhicules - arrière,,,,,,,,,,,1,2,6,1,2
201500026779,0015-06-25 19:46:00,15,6,25,19,46,440,114,RD 965,47.258,-1.64552,Plein jour,Hors agglomération,Intersection en T,Normale,Deux véhicules - côté,,,,,,,,,,,1,1,3,1,3
201500026780,0015-06-28 17:45:00,15,6,28,17,45,440,162,"13, RUE JEAN JAURES",47.22191,-1.61467,Plein jour,En agglomération,Hors intersection,Normale,Deux véhicules - côté,,,,,,,,,,,1,2,1,1,3
201500026781,0015-06-29 09:20:00,15,6,29,9,20,440,114,"9, RUE ROBERT LE RICOLAI",47.2714,-1.62399,Plein jour,En agglomération,Hors intersection,Normale,Autre collision,,,,,,,,,,,1,2,1,1,6
201500026782,0015-01-13 09:00:00,15,1,13,9,0,440,109,"0, RUE DE LA BOURGEONNIE",47.25338,-1.56056,Plein jour,En agglomération,Giratoire,Pluie légère,Deux véhicules - côté,,,,,,,,,,,1,2,6,2,3
201500026783,0015-06-13 18:30:00,15,6,13,18,30,440,109,"2, RUE DU PLESSIS GAUTRO",47.20646,-1.60142,Plein jour,En agglomération,Hors intersection,Normale,Deux véhicules - arrière,,,,,,,,,,,1,2,1,1,2
201500026784,0015-06-03 15:40:00,15,6,3,15,40,440,162,RUE DE SAINT SERVAN,47.21344,-1.61615,Plein jour,En agglomération,Intersection en X,Normale,Deux véhicules - côté,,,,,,,,,,,1,2,2,1,3
201500026785,0015-05-07 07:45:00,15,5,7,7,45,440,109,BOULEVARD EUGENE ORIEUX,47.23417,-1.55315,Plein jour,En agglomération,Hors intersection,Normale,Autre collision,,,,,,,,,,,1,2,1,1,6
201500026786,0015-05-27 21:10:00,15,5,27,21,10,440,109,"76, ROUTE DE LA CHAPELLE",47.25828,-1.57484,Plein jour,En agglomération,Hors intersection,Normale,Deux véhicules - côté,,,,,,,,,,,1,2,1,1,3
201500026787,0015-05-24 17:15:00,15,5,24,17,15,440,109,"., BOULEVARD ALBERT EINS",47.26193,-1.56584,Plein jour,En agglomération,Hors intersection,Normale,Autre collision,,,,,,,,,,,1,2,1,1,6
201500026788,0015-06-27 20:45:00,15,6,27,20,45,440,109,BOULEVARD BENOIT FRACHON,47.20752,-1.58129,Plein jour,En agglomération,Hors intersection,Temps éblouissant,Autre collision,,,,,,,,,,,1,2,1,7,6
201500026789,0015-05-01 23:10:00,15,5,1,23,10,440,109,"2, ROUTE DE PARIS",47.24873,-1.52102,Nuit avec éclairage allumé,En agglomération,Giratoire,Normale,Deux véhicules - côté,,,,,,,,,,,5,2,6,1,3
201500026790,0015-05-23 00:24:00,15,5,23,0,24,440,162,"8, RUE DU COUTELIER",47.22399,-1.64818,Nuit avec éclairage allumé,En agglomération,Hors intersection,Normale,Deux véhicules - arrière,,,,,,,,,,,5,2,1,1,2
201500026791,0015-05-06 12:10:00,15,5,6,12,10,440,109,"., RUE DE SUISSE",47.21715,-1.52235,Plein jour,En agglomération,Hors intersection,Normale,Autre collision,,,,,,,,,,,1,2,1,1,6
201500026792,0015-07-06 13:15:00,15,7,6,13,15,440,109,PONT DE CHEVIRE,47.19425,-1.61359,Plein jour,En agglomération,Hors intersection,Normale,Autre collision,,,,,,,,,,,1,2,1,1,6
201500026793,0015-05-12 14:08:00,15,5,12,14,8,440,109,RUE DE LA BASTILLE,47.21886,-1.56939,Plein jour,Hors agglomération,Hors intersection,Normale,Autre collision,,,,,,,,,,,1,1,1,1,6
201500026794,0015-06-07 10:45:00,15,6,7,10,45,440,109,RUE DE LA PAIX,47.2146,-1.55432,Plein jour,En agglomération,Hors intersection,Normale,Autre collision,,,,,,,,,,,1,2,1,1,6
201500026795,0015-07-04 23:30:00,15,7,4,23,30,440,109,"1, ALLEE COMMANDANT CHAR",47.2178,-1.54315,Nuit avec éclairage allumé,En agglomération,Hors intersection,Normale,Deux véhicules - arrière,,,,,,,,,,,5,2,1,1,2
201500026796,0015-07-11 04:50:00,15,7,11,4,50,440,109,BOULEVARD DE CARDIFF,47.19835,-1.58769,Nuit avec éclairage allumé,En agglomération,Hors intersection,Normale,Autre collision,,,,,,,,,,,5,2,1,1,6
201500026797,0015-07-12 07:15:00,15,7,12,7,15,440,109,"20, BOULEVARD EMILE ROMA",47.21064,-1.60732,Plein jour,Hors agglomération,Hors intersection,Normale,Autre collision,,,,,,,,,,,1,1,1,1,6
201500026798,0015-07-10 18:05:00,15,7,10,18,5,440,109,"00, BOULEVARD DE LA PRAI",47.222,-1.5072,Plein jour,Hors agglomération,Hors intersection,Normale,Deux véhicules - côté,,,,,,,,,,,1,1,1,1,3
201500026799,0015-07-10 20:50:00,15,7,10,20,50,440,190,"2, RUE DE LA FONTAINE",47.2018,-1.49402,Plein jour,En agglomération,Intersection en X,Normale,Autre collision,,,,,,,,,,,1,2,2,1,6
201500026800,0015-06-16 14:20:00,15,6,16,14,20,440,162,"., BOULEVARD SALVADOR AL",47.21915,-1.62056,Plein jour,En agglomération,Hors intersection,Normale,Autre collision,,,,,,,,,,,1,2,1,1,6
201500026801,0015-07-04 19:00:00,15,7,4,19,0,440,109,"06, RUE DU GERS",47.20486,-1.60363,Plein jour,Hors agglomération,Hors intersection,Normale,Autre collision,,,,,,,,,,,1,1,1,1,6
201500026802,0015-06-29 18:45:00,15,6,29,18,45,440,109,"13, RUE DU HONDURAS",47.2603,-1.56607,Plein jour,En agglomération,Hors intersection,Normale,Autre collision,,,,,,,,,,,1,2,1,1,6
201500026803,0015-06-16 06:25:00,15,6,16,6,25,440,109,"1, RUE DU BELE",47.26975,-1.51958,Plein jour,Hors agglomération,Hors intersection,Normale,Deux véhicules - frontale,,,,,,,,,,,1,1,1,1,1
201500026804,0015-07-02 08:25:00,15,7,2,8,25,440,109,BOULEVARD ROBERT SCHUMAN,47.2468,-1.57728,Plein jour,En agglomération,Hors intersection,Normale,Autre collision,,,,,,,,,,,1,2,1,1,6
201500026805,0015-06-27 21:00:00,15,6,27,21,0,440,162,"40, RUE BOBBY SANDS",47.2348,-1.65594,Crépuscule ou aube,Hors agglomération,Hors intersection,Normale,Autre collision,,,,,,,,,,,2,1,1,1,6
201500026806,0015-06-30 18:10:00,15,6,30,18,10,440,109,"7, RUE CHARLES BATAILLE",47.22809,-1.52524,Plein jour,En agglomération,Hors intersection,Normale,Autre collision,,,,,,,,,,,1,2,1,1,6
201500026807,0015-06-09 19:15:00,15,6,9,19,15,440,109,"., QUAI DE MALAKOFF",47.21453,-1.54114,Plein jour,En agglomération,Hors intersection,Normale,Autre collision,,,,,,,,,,,1,2,1,1,6
201500026808,0015-07-19 14:40:00,15,7,19,14,40,440,109,"36, BOULEVARD PAUL CHABA",47.22198,-1.59111,Plein jour,En agglomération,Hors intersection,Normale,Autre collision,,,,,,,,,,,1,2,1,1,6
201500026809,0015-06-22 07:04:00,15,6,22,7,4,440,109,"00, BOULEVARD PASTEUR",47.21323,-1.58293,Plein jour,En agglomération,Intersection en X,Normale,Autre collision,,,,,,,,,,,1,2,2,1,6
201500026810,0015-06-19 18:15:00,15,6,19,18,15,440,109,"., BOULEVARD ALBERT EINS",47.25999,-1.55803,Plein jour,En agglomération,Hors intersection,Normale,Deux véhicules - côté,,,,,,,,,,,1,2,1,1,3
201500026811,0015-06-22 18:00:00,15,6,22,18,0,440,109,"00, PLACE PIERRE MENDES",47.2083,-1.61146,Plein jour,En agglomération,Place,Normale,Autre collision,,,,,,,,,,,1,2,7,1,6
201500026812,0015-07-25 17:25:00,15,7,25,17,25,440,109,BOULEVARD ALEXANDER FLEM,47.2586,-1.5557,Plein jour,Hors agglomération,Hors intersection,Normale,Autre collision,,,,,,,,,,,1,1,1,1,6
201500026813,0015-07-23 15:44:00,15,7,23,15,44,440,109,"77, SCHUMAN ( BD ROBERT",47.2371,-1.56903,Plein jour,En agglomération,Hors intersection,Normale,Autre collision,,,,,,,,,,,1,2,1,1,6
201500026814,0015-07-28 16:00:00,15,7,28,16,0,440,109,"0, RUE BOUGAINVILLE",47.1989,-1.58294,Plein jour,En agglomération,Intersection en X,Pluie forte,Deux véhicules - côté,,,,,,,,,,,1,2,2,3,3
201500026815,0015-04-09 10:15:00,15,4,9,10,15,440,109,PLANTES ( RUE DES ),47.2358,-1.58379,Plein jour,En agglomération,Intersection en T,Normale,Sans collision,,,,,,,,,,,1,2,3,1,7
201500026816,0015-07-06 18:15:00,15,7,6,18,15,440,109,BLANC ( RUE LOUIS ),47.20732,-1.55508,Plein jour,Hors agglomération,Intersection en X,Normale,Deux véhicules - côté,,,,,,,,,,,1,1,2,1,3
201500026817,0015-07-18 19:40:00,15,7,18,19,40,440,162,"28, AVENUE DES GRANDS BO",47.2346,-1.59241,Plein jour,En agglomération,Hors intersection,Normale,Autre collision,,,,,,,,,,,1,2,1,1,6
201500026818,0015-06-16 09:20:00,15,6,16,9,20,440,162,RUE DU LIEUTENANT MOUILL,47.21097,-1.65255,Plein jour,Hors agglomération,Hors intersection,Normale,Autre collision,,,,,,,,,,,1,1,1,1,6
201500026819,0015-06-01 18:20:00,15,6,1,18,20,440,190,"., BOULEVARD DES PAS ENC",47.20982,-1.50792,Plein jour,En agglomération,Hors intersection,Normale,Deux véhicules - frontale,,,,,,,,,,,1,2,1,1,1
201500026820,0015-07-02 16:00:00,15,7,2,16,0,440,114,42,47.28966,-1.65681,Plein jour,Hors agglomération,Intersection en X,Normale,Deux véhicules - frontale,,,,,,,,,,,1,1,2,1,1
201500026821,0015-07-12 00:40:00,15,7,12,0,40,440,109,RUE EUGENE DELACROIX,47.2228,-1.59065,Nuit avec éclairage allumé,En agglomération,Hors intersection,Normale,Deux véhicules - côté,,,,,,,,,,,5,2,1,1,3
201500026822,0015-07-15 12:35:00,15,7,15,12,35,440,109,"., PONT DE CHEVIRE",47.1928,-1.61359,Plein jour,Hors agglomération,Hors intersection,Normale,Deux véhicules - arrière,,,,,,,,,,,1,1,1,1,2
201500026823,0015-07-21 18:25:00,15,7,21,18,25,440,109,"0, RUE DE CLERMONT",47.2294,-1.54781,Plein jour,En agglomération,Intersection en X,Normale,Sans collision,,,,,,,,,,,1,2,2,1,7
201500026824,0015-07-28 14:30:00,15,7,28,14,30,440,109,"167, PENEAU ( BD AUGUSTE",47.2327,-1.50665,Plein jour,En agglomération,Hors intersection,Normale,Deux véhicules - frontale,,,,,,,,,,,1,2,1,1,1
201500026825,0015-08-03 04:40:00,15,8,3,4,40,440,109,"15, BOULEVARD GUSTAVE RO",47.20434,-1.54994,Plein jour,Hors agglomération,Hors intersection,Normale,Deux véhicules - côté,,,,,,,,,,,1,1,1,1,3
201500026826,0015-06-11 12:20:00,15,6,11,12,20,440,109,"10, PERIER ( RUE CASIMIR",47.22963,-1.56656,Plein jour,En agglomération,Hors intersection,Normale,Autre collision,,,,,,,,,,,1,2,1,1,6
201500026827,0015-06-24 02:00:00,15,6,24,2,0,440,109,AVENUE CAMUS,47.219,-1.57208,Nuit avec éclairage allumé,En agglomération,Hors intersection,Normale,Autre collision,,,,,,,,,,,5,2,1,1,6
201500026828,0015-07-29 15:55:00,15,7,29,15,55,440,109,PONT DE LA MORINIERE,47.18311,-1.53117,Plein jour,En agglomération,Hors intersection,Normale,Autre collision,,,,,,,,,,,1,2,1,1,6
201500026829,0015-07-28 17:25:00,15,7,28,17,25,440,109,"124, RUE DES RENARDIERES",47.2133,-1.59668,Plein jour,En agglomération,Hors intersection,Pluie légère,Autre collision,,,,,,,,,,,1,2,1,2,6
201500026830,0015-08-04 19:30:00,15,8,4,19,30,440,114,"17, BOULEVARD MENDES FRA",47.26059,-1.58615,Plein jour,En agglomération,Hors intersection,Normale,Sans collision,,,,,,,,,,,1,2,1,1,7
201500026831,0015-06-24 14:25:00,15,6,24,14,25,440,109,"17, RUE PAUL BELLAMY",47.2219,-1.55627,Plein jour,En agglomération,Hors intersection,Normale,Sans collision,,,,,,,,,,,1,2,1,1,7
201500026832,0015-06-24 15:20:00,15,6,24,15,20,440,109,"., PLACE VICTOR MANGIN",47.20035,-1.54432,Plein jour,En agglomération,Place,Normale,Deux véhicules - côté,,,,,,,,,,,1,2,7,1,3
201500026833,0015-08-06 10:00:00,15,8,6,10,0,440,109,"., BOULEVARD MEUSNIER DE",47.2257,-1.57262,Plein jour,En agglomération,Intersection en X,Normale,Deux véhicules - côté,,,,,,,,,,,1,2,2,1,3
201500026834,0015-07-26 22:40:00,15,7,26,22,40,440,109,"00, QUAI DE LA FOSSE",47.20733,-1.56594,Nuit avec éclairage allumé,En agglomération,Hors intersection,Normale,Autre collision,,,,,,,,,,,5,2,1,1,6
201500026835,0015-07-01 11:00:00,15,7,1,11,0,440,109,"0, RUE DE GIGANT",47.2145,-1.56772,Plein jour,En agglomération,Hors intersection,Normale,Deux véhicules - arrière,,,,,,,,,,,1,2,1,1,2
201500026836,0015-08-13 21:45:00,15,8,13,21,45,440,109,"138, ROUTE DE VERTOU",47.1864,-1.5277,Nuit sans éclairage public,En agglomération,Hors intersection,Normale,Autre collision,,,,,,,,,,,3,2,1,1,6
201500026837,0015-07-21 11:15:00,15,7,21,11,15,440,109,"214, BOULEVARD JULES VER",47.2478,-1.52214,Plein jour,En agglomération,Hors intersection,Normale,Autre collision,,,,,,,,,,,1,2,1,1,6
201500026838,0015-07-23 15:00:00,15,7,23,15,0,440,109,"3, PLACE DE LA DUCHESSE",47.2169,-1.54739,Plein jour,En agglomération,Hors intersection,Normale,Deux véhicules - frontale,,,,,,,,,,,1,2,1,1,1
201500026839,0015-07-23 00:40:00,15,7,23,0,40,440,109,"., RUE DE LA MAISON BLAN",47.2298,-1.58761,Nuit avec éclairage allumé,En agglomération,Hors intersection,Normale,Autre collision,,,,,,,,,,,5,2,1,1,6
201500026840,0015-07-09 12:35:00,15,7,9,12,35,440,109,"13, BD MARTYRS N. DE LA",47.2042,-1.54663,Plein jour,En agglomération,Hors intersection,Normale,Deux véhicules - arrière,,,,,,,,,,,1,2,1,1,2
201500026841,0015-08-19 12:05:00,15,8,19,12,5,440,109,"., CHEMIN DU PONT L'ARCH",47.2165,-1.53112,Plein jour,En agglomération,Hors intersection,Normale,Autre collision,,,,,,,,,,,1,2,1,1,6
201500026842,0015-08-21 17:05:00,15,8,21,17,5,440,109,"31, RUE DE STRASBOURG",47.21919,-1.55395,Plein jour,En agglomération,Hors intersection,Normale,Deux véhicules - côté,,,,,,,,,,,1,2,1,1,3
201500026843,0015-07-17 18:20:00,15,7,17,18,20,440,109,"0, JOUHAUX ( BD LEON )",47.2095,-1.58896,Plein jour,En agglomération,Hors intersection,Normale,Autre collision,,,,,,,,,,,1,2,1,1,6
201500026844,0015-07-04 22:25:00,15,7,4,22,25,440,109,"0, RUE D'ANGLETERRE",47.2152,-1.52583,Nuit avec éclairage allumé,En agglomération,Intersection en X,Normale,Deux véhicules - côté,,,,,,,,,,,5,2,2,1,3
201500026845,0015-08-24 12:05:00,15,8,24,12,5,440,109,", RUE DES HAUTS PAVES",47.2261,-1.56821,Plein jour,En agglomération,Intersection en X,Normale,Deux véhicules - côté,,,,,,,,,,,1,2,2,1,3
201500026846,0015-08-05 20:00:00,15,8,5,20,0,440,162,"1, BOULEVARD CHARLES DE",47.21067,-1.62295,Crépuscule ou aube,Hors agglomération,Autre intersection,Normale,Autre collision,,,,,,,,,,,2,1,9,1,6
201500026847,0015-08-28 23:25:00,15,8,28,23,25,440,109,"42, HUGO ( BD VICTOR )",47.20294,-1.54999,Nuit sans éclairage public,Hors agglomération,Hors intersection,Normale,Autre collision,,,,,,,,,,,3,1,1,1,6
201500026848,0015-08-14 10:35:00,15,8,14,10,35,440,109,"16, RUE DE STRASBOURG",47.2162,-1.55139,Plein jour,En agglomération,Hors intersection,Normale,Sans collision,,,,,,,,,,,1,2,1,1,7
201500026849,0015-09-05 09:14:00,15,9,5,9,14,440,109,"., MILLET ( BD LOUIS )",47.2272,-1.51844,Plein jour,En agglomération,Hors intersection,Normale,Sans collision,,,,,,,,,,,1,2,1,1,7
201500026850,0015-09-09 11:50:00,15,9,9,11,50,440,109,BOULEVARD DES AMERICAINS,47.2354,-1.56948,Plein jour,En agglomération,Hors intersection,Normale,Autre collision,,,,,,,,,,,1,2,1,1,6
201500026851,0015-09-06 00:10:00,15,9,6,0,10,440,109,"00, PLACE MARECHAL FOCH",47.2194,-1.55039,Nuit avec éclairage allumé,En agglomération,Place,Normale,Autre collision,,,,,,,,,,,5,2,7,1,6
201500026852,0015-08-18 13:10:00,15,8,18,13,10,440,109,RUE MAUVOISINS,47.19149,-1.52463,Plein jour,En agglomération,Hors intersection,Normale,Autre collision,,,,,,,,,,,1,2,1,1,6
201500026853,0015-08-28 09:00:00,15,8,28,9,0,440,109,"00, PLACE EMILE ZOLA",47.21397,-1.58601,Plein jour,En agglomération,Place,Normale,Autre collision,,,,,,,,,,,1,2,7,1,6
201500026854,0015-09-14 09:00:00,15,9,14,9,0,440,162,ROUTE ARMOR,47.22631,-1.62851,Plein jour,Hors agglomération,Hors intersection,Normale,Trois véhicules et plus - en chaîne,,,,,,,,,,,1,1,1,1,4
201500026855,0015-08-28 12:25:00,15,8,28,12,25,440,109,"., BOULEVARD DE LA BEAUJ",47.2596,-1.51115,Plein jour,En agglomération,Intersection en X,Normale,Deux véhicules - côté,,,,,,,,,,,1,2,2,1,3
201500026856,0015-09-11 12:47:00,15,9,11,12,47,440,143,RUE DES SORINIERES,47.1606,-1.54202,Plein jour,En agglomération,Hors intersection,Normale,Deux véhicules - frontale,,,,,,,,,,,1,2,1,1,1
201500026857,0015-09-07 08:50:00,15,9,7,8,50,440,109,"10, RUE DESAIX",47.2273,-1.54356,Plein jour,En agglomération,Hors intersection,Normale,Autre collision,,,,,,,,,,,1,2,1,1,6
201500026858,0015-09-15 12:30:00,15,9,15,12,30,440,109,"., BOULEVARD DE STALINGR",47.2177,-1.54281,Plein jour,En agglomération,Hors intersection,Normale,Autre collision,,,,,,,,,,,1,2,1,1,6
201500026859,0015-09-16 07:25:00,15,9,16,7,25,440,109,"115, BOULEVARD DE LA FRA",47.2207,-1.58627,Plein jour,En agglomération,Hors intersection,Pluie forte,Sans collision,,,,,,,,,,,1,2,1,3,7
201500026860,0015-09-17 17:15:00,15,9,17,17,15,440,109,"10, QUAI TURENNE",47.2121,-1.55506,Plein jour,En agglomération,Hors intersection,Normale,Deux véhicules - arrière,,,,,,,,,,,1,2,1,1,2
201500026861,0015-08-25 15:50:00,15,8,25,15,50,440,109,GAULLE  ( BD GAL DE ),47.2053,-1.53813,Plein jour,En agglomération,Hors intersection,Pluie légère,Deux véhicules - frontale,,,,,,,,,,,1,2,1,2,1
201500026862,0015-08-31 17:45:00,15,8,31,17,45,440,109,"63, SCHUMAN ( BD ROBERT",47.23641,-1.5687,Plein jour,En agglomération,Hors intersection,Normale,Deux véhicules - frontale,,,,,,,,,,,1,2,1,1,1
201500026863,0015-08-03 15:50:00,15,8,3,15,50,440,162,RUE PABLO NERUDA,47.2213,-1.61262,Plein jour,En agglomération,Hors intersection,Normale,Deux véhicules - arrière,,,,,,,,,,,1,2,1,1,2
201500026864,0015-09-25 00:01:00,15,9,25,0,1,440,109,"02, BLANC ( RUE LOUIS )",47.2072,-1.55505,Nuit avec éclairage allumé,En agglomération,Hors intersection,Normale,Autre collision,,,,,,,,,,,5,2,1,1,6
201500026865,0015-08-24 05:20:00,15,8,24,5,20,440,109,RUE DU BELE,47.2682,-1.5168,Nuit avec éclairage non allumé,Hors agglomération,Hors intersection,Normale,Autre collision,,,,,,,,,,,4,1,1,1,6
201500026866,0015-08-18 15:15:00,15,8,18,15,15,440,109,PONT DE CHEVIRE,47.1932,-1.61359,Plein jour,Hors agglomération,Hors intersection,Normale,Deux véhicules - arrière,,,,,,,,,,,1,1,1,1,2
201500026867,0015-09-09 17:25:00,15,9,9,17,25,440,109,BOULEVARD ALEXANDRE MILL,47.2069,-1.52926,Plein jour,En agglomération,Hors intersection,Normale,Autre collision,,,,,,,,,,,1,2,1,1,6
201500026868,0015-09-03 13:25:00,15,9,3,13,25,440,109,"0, PLACE DE L'EDIT DE NA",47.2145,-1.56743,Plein jour,En agglomération,Hors intersection,Normale,Deux véhicules - côté,,,,,,,,,,,1,2,1,1,3
201500026869,0015-09-18 09:45:00,15,9,18,9,45,440,109,"0, PLACE DU COMMERCE",47.2136,-1.55769,Plein jour,En agglomération,Hors intersection,Pluie légère,Autre collision,,,,,,,,,,,1,2,1,2,6
201500026870,0015-08-24 08:50:00,15,8,24,8,50,440,109,BOULEVARD GUSTAVE ROCH,47.2051,-1.54777,Plein jour,En agglomération,Autre intersection,Normale,Deux véhicules - arrière,,,,,,,,,,,1,2,9,1,2
201500026871,0015-09-28 16:45:00,15,9,28,16,45,440,109,BOULEVARD JULES VERNE,47.2416,-1.52919,Plein jour,En agglomération,Hors intersection,Normale,Autre collision,,,,,,,,,,,1,2,1,1,6
201500026872,0015-08-22 21:50:00,15,8,22,21,50,440,109,QUAI DES ANTILLES,47.2016,-1.57316,Nuit avec éclairage allumé,Hors agglomération,Hors intersection,Normale,Sans collision,,,,,,,,,,,5,1,1,1,7
201500026873,0015-10-01 16:20:00,15,10,1,16,20,440,162,BOULEVARD DU MASSACRE,47.2319,-1.59217,Plein jour,En agglomération,Hors intersection,Normale,Autre collision,,,,,,,,,,,1,2,1,1,6
201500026874,0015-09-29 18:10:00,15,9,29,18,10,440,162,"04, AVENUE CONDORCET",47.229,-1.60697,Plein jour,En agglomération,Hors intersection,Normale,Autre collision,,,,,,,,,,,1,2,1,1,6
201500026875,0015-09-30 17:45:00,15,9,30,17,45,440,109,"79, BELLAMY ( RUE PAUL )",47.2259,-1.55973,Plein jour,En agglomération,Hors intersection,Normale,Sans collision,,,,,,,,,,,1,2,1,1,7
201500026876,0015-10-03 01:30:00,15,10,3,1,30,440,109,PLACE VICTOR MANGIN,47.2008,-1.54536,Nuit avec éclairage allumé,En agglomération,Place,Normale,Deux véhicules - côté,,,,,,,,,,,5,2,7,1,3
201500026877,0015-09-13 03:05:00,15,9,13,3,5,440,109,PERIPHERIQUE,47.2678,-1.57676,Nuit sans éclairage public,Hors agglomération,Hors intersection,Pluie forte,Deux véhicules - frontale,,,,,,,,,,,3,1,1,3,1
201500026878,0015-09-28 15:30:00,15,9,28,15,30,440,190,"156, RUE MARIE CURIE",47.1888,-1.4841,Plein jour,En agglomération,Giratoire,Normale,Deux véhicules - côté,,,,,,,,,,,1,2,6,1,3
201500026879,0015-09-22 18:25:00,15,9,22,18,25,440,162,"00, BOULEVARD DU MASSACR",47.22242,-1.60279,Plein jour,En agglomération,Hors intersection,Normale,Deux véhicules - côté,,,,,,,,,,,1,2,1,1,3
201500026880,0015-10-04 22:15:00,15,10,4,22,15,440,143,PERIPHERIQUE,47.1592,-1.54572,Nuit avec éclairage non allumé,Hors agglomération,Intersection en Y,Normale,Deux véhicules - côté,,,,,,,,,,,4,1,4,1,3
201500026881,0015-10-01 12:00:00,15,10,1,12,0,440,143,"75, RUE JEAN JAURES",47.18642,-1.54662,Plein jour,En agglomération,Hors intersection,Normale,Deux véhicules - frontale,,,,,,,,,,,1,2,1,1,1
201500026882,0015-10-07 14:05:00,15,10,7,14,5,440,109,"211, ROUTE DE SAINTE LUC",47.23939,-1.51352,Plein jour,En agglomération,Hors intersection,Normale,Deux véhicules - arrière,,,,,,,,,,,1,2,1,1,2
201500026883,0015-10-06 07:53:00,15,10,6,7,53,440,109,RUE DES LANDES,47.25175,-1.55784,Crépuscule ou aube,En agglomération,Hors intersection,Normale,Autre collision,,,,,,,,,,,2,2,1,1,6
201500026884,0015-10-02 12:35:00,15,10,2,12,35,440,162,AVENUE CLAUDE BERNARD,47.22398,-1.61417,Plein jour,En agglomération,Hors intersection,Normale,Deux véhicules - côté,,,,,,,,,,,1,2,1,1,3
201500026885,0015-08-27 14:05:00,15,8,27,14,5,440,109,"0, RUE DE PORT LA BLANCH",47.273,-1.51754,Plein jour,En agglomération,Hors intersection,Pluie forte,Deux véhicules - frontale,,,,,,,,,,,1,2,1,3,1