accident_id,datetime,annee,mois,jour,heure,minute,departement,commune_insee,adresse,latitude,longitude,luminosite,agglomeration,intersection,meteo,collision,nb_vehicules,nb_usagers,nb_indemnes,nb_tues,nb_blesses_hosp,nb_blesses_legers,age_cond_1,age_cond_2,veh_type_cond_1,veh_type_cond_2,lum_code,agg_code,int_code,atm_code,col_code
201500027131,0015-06-26 16:00:00,15,6,26,16,0,450,68,R DE LA PONTONNERIE,48.00227,2.71763,Plein jour,En agglomération,Hors intersection,Normale,Trois véhicules et plus - collisions multiples,,,,,,,,,,,1,2,1,1,5
201500027132,0015-07-07 17:30:00,15,7,7,17,30,450,338,3 R TOURATIER,47.99146,2.70756,Plein jour,En agglomération,Hors intersection,Normale,Autre collision,,,,,,,,,,,1,2,1,1,6
201500027133,0015-07-17 13:30:00,15,7,17,13,30,450,4,D 2060,48.00496,2.80361,Plein jour,Hors agglomération,Hors intersection,Normale,Deux véhicules - côté,,,,,,,,,,,1,1,1,1,3
201500027134,0015-07-19 00:56:00,15,7,19,0,56,450,208,BD A.FRANCE/R F.ROOSEVEL,48.00207,2.73088,Nuit avec éclairage allumé,En agglomération,Intersection en T,Normale,Deux véhicules - côté,,,,,,,,,,,5,2,3,1,3
201500027135,0015-07-25 17:15:00,15,7,25,17,15,450,208,11 R DUCHESNE-RABIER,48.00183,2.74576,Plein jour,En agglomération,Hors intersection,Normale,Deux véhicules - frontale,,,,,,,,,,,1,2,1,1,1
201500027136,0015-07-19 17:15:00,15,7,19,17,15,450,4,R ALBERT FRAPPIN,47.97558,2.77363,Plein jour,Hors agglomération,Hors intersection,Normale,Autre collision,,,,,,,,,,,1,1,1,1,6
201500027137,0015-08-05 18:30:00,15,8,5,18,30,450,68,95 R ANDRE GIDE,48.03267,2.74438,Plein jour,En agglomération,Hors intersection,Normale,Autre collision,,,,,,,,,,,1,2,1,1,6
201500027138,0015-08-08 00:25:00,15,8,8,0,25,450,208,R RENEE DE FRANCE,48.00013,2.73149,Nuit avec éclairage allumé,En agglomération,Hors intersection,Normale,Deux véhicules - frontale,,,,,,,,,,,5,2,1,1,1
201500027139,0015-07-10 02:15:00,15,7,10,2,15,450,4,16 RTE DE VIROY,47.99543,2.74936,Nuit avec éclairage allumé,En agglomération,Hors intersection,Normale,Autre collision,,,,,,,,,,,5,2,1,1,6
201500027140,0015-08-11 12:40:00,15,8,11,12,40,450,4,R NIVELLE/AISANCE MOULIN,47.98215,2.75277,Plein jour,En agglomération,Intersection en T,Normale,Deux véhicules - arrière,,,,,,,,,,,1,2,3,1,2
201500027141,0015-08-11 11:58:00,15,8,11,11,58,450,4,R FRANCIS PRIEUR/BARRES,47.97278,2.74954,Plein jour,En agglomération,Intersection en X,Normale,Deux véhicules - arrière,,,,,,,,,,,1,2,2,1,2
201500027142,0015-08-21 17:30:00,15,8,21,17,30,450,68,67 R ROGER SALENGRO,48.01912,2.71528,Plein jour,En agglomération,Hors intersection,Normale,Autre collision,,,,,,,,,,,1,2,1,1,6
201500027143,0015-08-25 19:30:00,15,8,25,19,30,450,4,R ST FIRMIN VIGNES/BT,47.97586,2.74111,Plein jour,En agglomération,Intersection en T,Normale,Deux véhicules - frontale,,,,,,,,,,,1,2,3,1,1
201500027144,0015-08-30 02:07:00,15,8,30,2,7,450,4,256 R DES BARRES,47.90599,2.75099,Nuit avec éclairage allumé,En agglomération,Hors intersection,Normale,Autre collision,,,,,,,,,,,5,2,1,1,6
201500027145,0015-09-01 09:20:00,15,9,1,9,20,450,4,R PHILIPPE SERGENT/LIORE,47.99152,2.75021,Plein jour,En agglomération,Intersection en T,Pluie légère,Deux véhicules - frontale,,,,,,,,,,,1,2,3,2,1
201500027146,0015-08-07 00:28:00,15,8,7,0,28,450,338,IMP FRERES LUMIERE,47.97384,2.72019,Nuit avec éclairage allumé,En agglomération,Hors intersection,Normale,Sans collision,,,,,,,,,,,5,2,1,1,7
201500027147,0015-09-04 16:15:00,15,9,4,16,15,450,68,R 23 AOUT,48.01049,2.72098,Plein jour,En agglomération,Hors intersection,Normale,Deux véhicules - frontale,,,,,,,,,,,1,2,1,1,1
201500027148,0015-09-10 07:55:00,15,9,10,7,55,450,4,PAUCOURT (ROUTE DE),,,Plein jour,Hors agglomération,Hors intersection,Normale,Deux véhicules - côté,,,,,,,,,,,1,1,1,1,3
201500027149,0015-09-11 11:15:00,15,9,11,11,15,450,338,AV LIBERATION/R JODON,47.99078,2.71088,Plein jour,En agglomération,Intersection en X,Normale,Deux véhicules - côté,,,,,,,,,,,1,2,2,1,3
201500027150,0015-09-17 12:57:00,15,9,17,12,57,450,68,AV NELSON MANDELA,48.01204,2.72654,Plein jour,En agglomération,Hors intersection,Pluie forte,Deux véhicules - frontale,,,,,,,,,,,1,2,1,3,1
201500027151,0015-09-18 08:55:00,15,9,18,8,55,450,4,R LINO VENTURA/CHAPLIN,47.97884,2.76714,Plein jour,En agglomération,Intersection en X,Normale,Deux véhicules - côté,,,,,,,,,,,1,2,2,1,3
201500027152,0015-09-22 13:50:00,15,9,22,13,50,450,4,D 2007 CARRIERES ROLAND,47.97958,2.74248,Plein jour,Hors agglomération,Hors intersection,Pluie légère,Deux véhicules - côté,,,,,,,,,,,1,1,1,2,3
201500027153,0015-09-23 16:02:00,15,9,23,16,2,450,208,D943/E.DECOURT/FG CHAUSS,47.99803,2.74327,Plein jour,En agglomération,Intersection en X,Normale,Deux véhicules - côté,,,,,,,,,,,1,2,2,1,3
201500027154,0015-09-28 08:00:00,15,9,28,8,0,450,208,16 BD PAUL BAUDIN,48.00034,2.73388,Plein jour,En agglomération,Hors intersection,Normale,Autre collision,,,,,,,,,,,1,2,1,1,6
201500027155,0015-10-10 17:02:00,15,10,10,17,2,450,208,R CHATEAU/PL CHATEAU,47.99702,2.72837,Plein jour,En agglomération,Intersection en X,Normale,Deux véhicules - côté,,,,,,,,,,,1,2,2,1,3
201500027156,0015-10-11 20:45:00,15,10,11,20,45,450,208,R PORT,48.00157,2.72903,Nuit avec éclairage allumé,En agglomération,Hors intersection,Normale,Autre collision,,,,,,,,,,,5,2,1,1,6
201500027157,0015-10-20 17:35:00,15,10,20,17,35,450,338,12 R DES FRERES LUMIERE,47.97337,2.71911,Plein jour,En agglomération,Hors intersection,Normale,Deux véhicules - frontale,,,,,,,,,,,1,2,1,1,1
201500027158,0015-10-30 22:00:00,15,10,30,22,0,450,4,461 RTE ST FIRMIN DES VI,47.97696,2.73762,Nuit avec éclairage allumé,En agglomération,Hors intersection,Normale,Deux véhicules - côté,,,,,,,,,,,5,2,1,1,3
201500027159,0015-10-31 11:18:00,15,10,31,11,18,450,68,35 AV GL LECLERC,48.00889,2.74048,Plein jour,En agglomération,Hors intersection,Normale,Deux véhicules - arrière,,,,,,,,,,,1,2,1,1,2
201500027160,0015-11-02 17:20:00,15,11,2,17,20,450,68,R GATINAIS/ORMES,48.01111,2.70765,Crépuscule ou aube,En agglomération,Intersection en X,Normale,Deux véhicules - arrière,,,,,,,,,,,2,2,2,1,2
201500027161,0015-11-08 16:45:00,15,11,8,16,45,450,208,QUEBEC (PONT),47.99952,2.72943,Plein jour,En agglomération,Hors intersection,Normale,Sans collision,,,,,,,,,,,1,2,1,1,7
201500027162,0015-11-09 20:50:00,15,11,9,20,50,450,208,RD 2007,,,Nuit sans éclairage public,Hors agglomération,Hors intersection,Normale,Deux véhicules - arrière,,,,,,,,,,,3,1,1,1,2
201500027163,0015-11-24 18:53:00,15,11,24,18,53,450,4,31 R DE LA MAIRIE,,,Nuit avec éclairage allumé,En agglomération,Hors intersection,Pluie légère,Autre collision,,,,,,,,,,,5,2,1,2,6
201500027164,0015-11-20 11:50:00,15,11,20,11,50,450,4,70 AV DOCTEUR SCHWEITZER,47.99884,2.7501,Plein jour,En agglomération,Hors intersection,Pluie forte,Deux véhicules - frontale,,,,,,,,,,,1,2,1,3,1
201500027165,0015-11-24 18:10:00,15,11,24,18,10,450,338,R BEL AIR/R PASTEUR,47.99056,2.71949,Plein jour,En agglomération,Intersection en T,Pluie forte,Deux véhicules - côté,,,,,,,,,,,1,2,3,3,3
201500027166,0015-11-27 12:10:00,15,11,27,12,10,450,208,FL DUNKERQUE 1940/GREVEN,47.99867,2.74149,Plein jour,En agglomération,Intersection en T,Temps couvert,Deux véhicules - côté,,,,,,,,,,,1,2,3,8,3
201500027167,0015-11-30 13:30:00,15,11,30,13,30,450,68,91 AV GL LECLERC,48.0153,2.73873,Plein jour,En agglomération,Hors intersection,Pluie légère,Deux véhicules - arrière,,,,,,,,,,,1,2,1,2,2
201500027168,0015-12-02 12:29:00,15,12,2,12,29,450,4,445 RUE ANDRE LIORET,47.99271,2.75441,Plein jour,En agglomération,Hors intersection,Normale,Deux véhicules - côté,,,,,,,,,,,1,2,1,1,3
201500027169,0015-12-06 13:42:00,15,12,6,13,42,450,208,GENERAL LECLERC (AVENUE,,,Plein jour,En agglomération,Hors intersection,Normale,Sans collision,,,,,,,,,,,1,2,1,1,7
201500027170,0015-12-11 17:00:00,15,12,11,17,0,450,208,RN7 (CLOSIERS),,,Crépuscule ou aube,En agglomération,Hors intersection,Normale,Autre collision,,,,,,,,,,,2,2,1,1,6
201500027171,0015-12-13 12:45:00,15,12,13,12,45,450,208,R ROUX-FEDRY/FORET,48.00037,2.74566,Plein jour,En agglomération,Intersection en T,Normale,Deux véhicules - côté,,,,,,,,,,,1,2,3,1,3
201500027172,0015-12-23 01:36:00,15,12,23,1,36,450,338,RD 2060,,,Nuit avec éclairage allumé,Hors agglomération,Hors intersection,Pluie légère,Sans collision,,,,,,,,,,,5,1,1,2,7
201500027173,0015-09-10 16:25:00,15,9,10,16,25,450,147,225 R DES FOSSES,47.93838,1.93013,Plein jour,En agglomération,Hors intersection,Normale,Autre collision,,,,,,,,,,,1,2,1,1,6
201500027174,0015-08-16 07:15:00,15,8,16,7,15,450,232,R DE LA BELLE CROIX,47.84736,1.90824,Plein jour,Hors agglomération,Hors intersection,Normale,Autre collision,,,,,,,,,,,1,1,1,1,6
201500027175,0015-11-13 18:30:00,15,11,13,18,30,450,234,146 R FAUBOURG BANNIER,47.91649,1.89889,Nuit avec éclairage allumé,En agglomération,Hors intersection,Normale,Autre collision,,,,,,,,,,,5,2,1,1,6
201500027176,0015-09-11 19:40:00,15,9,11,19,40,450,232,1942 R DE LA SOURCE,47.85418,1.92216,Plein jour,En agglomération,Hors intersection,Normale,Autre collision,,,,,,,,,,,1,2,1,1,6
201500027177,0015-11-07 01:45:00,15,11,7,1,45,450,302,TANGENTIELLE,47.94537,1.89342,Nuit avec éclairage allumé,Hors agglomération,Hors intersection,Normale,Autre collision,,,,,,,,,,,5,1,1,1,6
201500027178,0015-09-08 17:50:00,15,9,8,17,50,450,285,R CH.BEAUHAIRE/CL FOURES,47.9114,1.87805,Plein jour,En agglomération,Intersection en T,Normale,Deux véhicules - côté,,,,,,,,,,,1,2,3,1,3
201500027179,0015-10-14 16:05:00,15,10,14,16,5,450,147,128 R BARRIERE ST MARC,47.92692,1.92992,Plein jour,En agglomération,Hors intersection,Normale,Autre collision,,,,,,,,,,,1,2,1,1,6
201500027180,0015-09-14 13:50:00,15,9,14,13,50,450,284,D 2060,47.92458,1.96599,Plein jour,Hors agglomération,Hors intersection,Normale,Sans collision,,,,,,,,,,,1,1,1,1,7
201500027181,0015-10-15 16:20:00,15,10,15,16,20,450,284,119 AV GL LECLERC,47.91681,1.97692,Plein jour,En agglomération,Hors intersection,Normale,Deux véhicules - côté,,,,,,,,,,,1,2,1,1,3
201500027182,0015-09-22 17:00:00,15,9,22,17,0,450,234,36 R BASSE D'INGRE,47.90594,1.88666,Plein jour,En agglomération,Hors intersection,Normale,Deux véhicules - frontale,,,,,,,,,,,1,2,1,1,1
201500027183,0015-10-17 18:00:00,15,10,17,18,0,450,169,115 RUE DE LA CARLERIE,47.90427,1.81299,Crépuscule ou aube,En agglomération,Hors intersection,Normale,Autre collision,,,,,,,,,,,2,2,1,1,6
201500027184,0015-09-14 12:55:00,15,9,14,12,55,450,302,R GABRIEL DEBACQ,47.95462,1.89322,Plein jour,En agglomération,Hors intersection,Normale,Deux véhicules - frontale,,,,,,,,,,,1,2,1,1,1
201500027185,0015-10-19 07:30:00,15,10,19,7,30,450,234,FG BANNIER/R PATAY,47.90893,1.90093,Plein jour,En agglomération,Intersection en X,Normale,Deux véhicules - côté,,,,,,,,,,,1,2,2,1,3
201500027186,0015-09-30 04:00:00,15,9,30,4,0,450,232,AV SOLOGNE,47.86441,1.91306,Nuit sans éclairage public,Hors agglomération,Hors intersection,Normale,Trois véhicules et plus - collisions multiples,,,,,,,,,,,3,1,1,1,5
201500027187,0015-10-20 17:30:00,15,10,20,17,30,450,234,AV DIDEROT/CLAUDE GUILLE,47.83392,1.94008,Plein jour,En agglomération,Giratoire,Autre,Deux véhicules - frontale,,,,,,,,,,,1,2,6,9,1
201500027188,0015-09-29 19:10:00,15,9,29,19,10,450,286,DOUFFIAGUES (AVENUE JACQ,47.88767,1.92878,Plein jour,En agglomération,Hors intersection,Normale,Deux véhicules - frontale,,,,,,,,,,,1,2,1,1,1
201500027189,0015-09-14 12:50:00,15,9,14,12,50,450,234,R CROIX FAUCHET/BOECHE,47.91334,1.88565,Plein jour,En agglomération,Intersection en T,Normale,Sans collision,,,,,,,,,,,1,2,3,1,7
201500027190,0015-10-23 02:15:00,15,10,23,2,15,450,234,AV ROGER SECRETAIN,47.88791,1.89533,Nuit avec éclairage allumé,En agglomération,Hors intersection,Normale,Autre collision,,,,,,,,,,,5,2,1,1,6
201500027191,0015-10-05 12:04:00,15,10,5,12,4,450,234,Q FORT TOURELLES/AV DAUP,47.89465,1.90463,Plein jour,En agglomération,Intersection en X,Normale,Deux véhicules - côté,,,,,,,,,,,1,2,2,1,3
201500027192,0015-10-12 07:25:00,15,10,12,7,25,450,147,AV ANDRE DESSAUX/R JOIE,47.92089,1.90235,Plein jour,En agglomération,Intersection en X,Normale,Deux véhicules - côté,,,,,,,,,,,1,2,2,1,3
201500027193,0015-10-02 15:00:00,15,10,2,15,0,450,232,1878 RUE GL DE GAULLE,47.86768,1.87672,Plein jour,En agglomération,Hors intersection,Normale,Autre collision,,,,,,,,,,,1,2,1,1,6
201500027194,0015-10-02 16:10:00,15,10,2,16,10,450,235,R SABLONS/R VARENNES,47.94671,1.83186,Plein jour,En agglomération,Intersection en X,Normale,Deux véhicules - côté,,,,,,,,,,,1,2,2,1,3
201500027195,0015-11-03 20:15:00,15,11,3,20,15,450,147,"364, BANNIER (RUE DU FAU",47.93073,1.89553,Nuit avec éclairage allumé,En agglomération,Hors intersection,Normale,Deux véhicules - frontale,,,,,,,,,,,5,2,1,1,1
201500027196,0015-10-11 04:25:00,15,10,11,4,25,450,234,R BOURGOGNE/CHOLERIE,47.89992,1.90639,Nuit avec éclairage allumé,En agglomération,Intersection en X,Normale,Deux véhicules - côté,,,,,,,,,,,5,2,2,1,3
201500027197,0015-11-16 12:25:00,15,11,16,12,25,450,298,AV SAINT MESMIN,47.87744,1.85469,Plein jour,En agglomération,Hors intersection,Normale,Autre collision,,,,,,,,,,,1,2,1,1,6
201500027198,0015-11-06 17:40:00,15,11,6,17,40,450,234,263 FAUBOURG VINCENT,47.91925,1.91789,Plein jour,En agglomération,Hors intersection,Normale,Autre collision,,,,,,,,,,,1,2,1,1,6
201500027199,0015-11-12 17:20:00,15,11,12,17,20,450,302,ORMES (ROUTE D'),,,Nuit avec éclairage non allumé,En agglomération,Hors intersection,Normale,Autre collision,,,,,,,,,,,4,2,1,1,6
201500027200,0015-11-20 20:10:00,15,11,20,20,10,450,234,118 RTE OLIVET,47.87969,1.90295,Nuit avec éclairage allumé,En agglomération,Hors intersection,Pluie légère,Deux véhicules - côté,,,,,,,,,,,5,2,1,2,3
201500027201,0015-11-12 12:55:00,15,11,12,12,55,450,147,34 R JEAN JAURES,47.93181,1.90806,Plein jour,En agglomération,Hors intersection,Normale,Autre collision,,,,,,,,,,,1,2,1,1,6
201500027202,0015-11-25 12:45:00,15,11,25,12,45,450,234,R VIEILLE LEVEE/MARCHAIS,47.89195,1.88859,Plein jour,En agglomération,Intersection en T,Normale,Deux véhicules - côté,,,,,,,,,,,1,2,3,1,3
201500027203,0015-11-21 20:50:00,15,11,21,20,50,450,302,1401 R CHAMP ROUGE,47.96333,1.84854,Nuit avec éclairage allumé,En agglomération,Hors intersection,Normale,Autre collision,,,,,,,,,,,5,2,1,1,6
201500027204,0015-11-27 07:35:00,15,11,27,7,35,450,285,83 AV GEORGES CLEMENCEAU,47.89361,1.86171,Crépuscule ou aube,En agglomération,Hors intersection,Brouillard / fumée,Autre collision,,,,,,,,,,,2,2,1,5,6
201500027205,0015-11-28 05:30:00,15,11,28,5,30,450,169,RTE NATIONALE/CHATEAU EA,47.93195,1.83368,Nuit sans éclairage public,En agglomération,Intersection en T,Normale,Deux véhicules - frontale,,,,,,,,,,,3,2,3,1,1
201500027206,0015-12-18 13:40:00,15,12,18,13,40,450,284,58 AV CHARLES PEGUY,47.90517,1.94671,Plein jour,En agglomération,Hors intersection,Pluie légère,Deux véhicules - côté,,,,,,,,,,,1,2,1,2,3
201500027207,0015-12-18 17:00:00,15,12,18,17,0,450,284,STATION TRAM CLOS ARCHE,47.90992,1.96443,Nuit avec éclairage allumé,En agglomération,Hors intersection,Normale,Autre collision,,,,,,,,,,,5,2,1,1,6
201500027208,0015-12-23 12:00:00,15,12,23,12,0,450,147,RUE DE MONTARAN,,,Plein jour,En agglomération,Hors intersection,Normale,Autre collision,,,,,,,,,,,1,2,1,1,6
201500027209,0015-12-23 09:43:00,15,12,23,9,43,450,285,MENDES FRANCE (AVENUE PI,,,Plein jour,En agglomération,Hors intersection,Normale,Autre collision,,,,,,,,,,,1,2,1,1,6
201500027210,0015-01-05 16:00:00,15,1,5,16,0,450,234,Q FORT ALLEAUME/R NEUVE,47.89822,1.91604,Plein jour,En agglomération,Intersection en T,Normale,Deux véhicules - côté,,,,,,,,,,,1,2,3,1,3
201500027211,0015-01-06 04:30:00,15,1,6,4,30,450,285,TANGENTIELLE OUEST,47.91201,1.86709,Nuit avec éclairage allumé,En agglomération,Hors intersection,Normale,Deux véhicules - arrière,,,,,,,,,,,5,2,1,1,2
201500027212,0015-02-11 16:10:00,15,2,11,16,10,450,232,AV VERDUN // ACCES STATI,47.86881,1.91088,Plein jour,En agglomération,Hors intersection,Temps éblouissant,Autre collision,,,,,,,,,,,1,2,1,7,6
201500027213,0015-02-18 10:45:00,15,2,18,10,45,450,284,R EDOUARD BRANLY,47.92005,1.95868,Plein jour,En agglomération,Hors intersection,Normale,Deux véhicules - côté,,,,,,,,,,,1,2,1,1,3
201500027214,0015-03-07 14:20:00,15,3,7,14,20,450,234,AV LIBERATION,47.91794,1.90069,Plein jour,En agglomération,Hors intersection,Normale,Deux véhicules - côté,,,,,,,,,,,1,2,1,1,3
201500027215,0015-03-07 21:29:00,15,3,7,21,29,450,147,R BARRIERE ST MARC,47.93205,1.93557,Nuit avec éclairage allumé,En agglomération,Hors intersection,Normale,Deux véhicules - côté,,,,,,,,,,,5,2,1,1,3
201500027216,0015-03-10 02:15:00,15,3,10,2,15,450,274,400 R MELLERAY,47.87749,1.96055,Nuit avec éclairage allumé,En agglomération,Hors intersection,Normale,Autre collision,,,,,,,,,,,5,2,1,1,6
201500027217,0015-03-07 17:10:00,15,3,7,17,10,450,232,R DE LA REINE BLANCHE,,,Plein jour,En agglomération,Hors intersection,Normale,Sans collision,,,,,,,,,,,1,2,1,1,7
201500027218,0015-03-17 07:55:00,15,3,17,7,55,450,232,D 2271,47.84136,1.89337,Plein jour,Hors agglomération,Hors intersection,Normale,Trois véhicules et plus - collisions multiples,,,,,,,,,,,1,1,1,1,5
201500027219,0015-03-26 08:20:00,15,3,26,8,20,450,284,D 2060,47.92459,1.96434,Plein jour,Hors agglomération,Hors intersection,Normale,Deux véhicules - arrière,,,,,,,,,,,1,1,1,1,2
201500027220,0015-03-27 15:05:00,15,3,27,15,5,450,75,RTE DE BLOIS,47.88274,1.8181,Plein jour,En agglomération,Hors intersection,Normale,Deux véhicules - côté,,,,,,,,,,,1,2,1,1,3
201500027221,0015-04-28 08:20:00,15,4,28,8,20,450,284,AV DENIS PAPIN/GAY LUSSA,47.91379,1.94874,Plein jour,En agglomération,Intersection en T,Normale,Deux véhicules - frontale,,,,,,,,,,,1,2,3,1,1
201500027222,0015-04-02 16:55:00,15,4,2,16,55,450,234,FG BANNIER/R PASTEUR,47.91101,1.90044,Plein jour,En agglomération,Intersection en T,Normale,Deux véhicules - frontale,,,,,,,,,,,1,2,3,1,1
201500027223,0015-04-16 11:05:00,15,4,16,11,5,450,234,R EUGENE TURBAT,47.88806,1.90799,Plein jour,En agglomération,Hors intersection,Normale,Autre collision,,,,,,,,,,,1,2,1,1,6
201500027224,0015-04-23 08:45:00,15,4,23,8,45,450,284,"SANS, RN 60",,,Plein jour,Hors agglomération,Hors intersection,Temps éblouissant,Trois véhicules et plus - en chaîne,,,,,,,,,,,1,1,1,7,4
201500027225,0015-04-24 18:11:00,15,4,24,18,11,450,286,R BALLETIERES/BT,47.87046,1.93222,Plein jour,En agglomération,Intersection en T,Normale,Deux véhicules - côté,,,,,,,,,,,1,2,3,1,3
201500027226,0015-07-07 12:30:00,15,7,7,12,30,450,147,"5 BIS, GALLOUEDEC (AVENU",,,Plein jour,En agglomération,Intersection en T,Normale,Deux véhicules - côté,,,,,,,,,,,1,2,3,1,3
201500027227,0015-05-17 21:20:00,15,5,17,21,20,450,234,9 Bd SAINT EUVERTE,47.90211,1.91875,Crépuscule ou aube,En agglomération,Hors intersection,Normale,Autre collision,,,,,,,,,,,2,2,1,1,6
201500027228,0015-06-04 08:20:00,15,6,4,8,20,450,232,R SOURCE/R VICTOR HUGO,47.86027,1.90934,Plein jour,En agglomération,Intersection en X,Normale,Deux véhicules - côté,,,,,,,,,,,1,2,2,1,3
201500027229,0015-06-05 13:00:00,15,6,5,13,0,450,232,AV SOLOGNE,47.84008,1.91412,Plein jour,Hors agglomération,Hors intersection,Normale,Deux véhicules - arrière,,,,,,,,,,,1,1,1,1,2
201500027230,0015-06-12 20:45:00,15,6,12,20,45,450,274,RTE SANDILLON/R MOULIN,47.87177,1.94971,Plein jour,Hors agglomération,Intersection en T,Normale,Deux véhicules - côté,,,,,,,,,,,1,1,3,1,3
201500027231,0015-06-13 03:50:00,15,6,13,3,50,450,285,112 AV G.CLEMENCEAU,47.89672,1.86388,Nuit avec éclairage allumé,En agglomération,Hors intersection,Normale,Autre collision,,,,,,,,,,,5,2,1,1,6
201500027232,0015-06-21 17:05:00,15,6,21,17,5,450,234,79 R BOURRIE ROUGE,47.91825,1.90445,Plein jour,En agglomération,Hors intersection,Normale,Deux véhicules - côté,,,,,,,,,,,1,2,1,1,3
201500027233,0015-06-24 08:30:00,15,6,24,8,30,450,234,BD LAMARTINE/R CLOS MOUL,47.91913,1.91138,Plein jour,En agglomération,Intersection en T,Normale,Autre collision,,,,,,,,,,,1,2,3,1,6
201500027234,0015-06-24 07:45:00,15,6,24,7,45,450,284,R PETIT VOMIMBERT/A.FOUR,47.91895,1.97151,Plein jour,En agglomération,Intersection en X,Normale,Deux véhicules - arrière,,,,,,,,,,,1,2,2,1,2
201500027235,0015-06-28 14:10:00,15,6,28,14,10,450,234,R STANISLAS JULIEN/CROIX,47.89974,1.89779,Plein jour,En agglomération,Intersection en X,Normale,Deux véhicules - côté,,,,,,,,,,,1,2,2,1,3
201500027236,0015-07-02 19:39:00,15,7,2,19,39,450,274,MAISON-NEUVE  (RUE DE),,,Plein jour,Hors agglomération,Intersection en X,Normale,Deux véhicules - côté,,,,,,,,,,,1,1,2,1,3
201500027237,0015-07-03 09:45:00,15,7,3,9,45,450,147,R MONTARAN/JOLIOT CURIE,47.94414,1.91721,Plein jour,En agglomération,Intersection en X,Normale,Deux véhicules - côté,,,,,,,,,,,1,2,2,1,3
201500027238,0015-07-10 18:00:00,15,7,10,18,0,450,232,20 R GASCOGNE,47.83953,1.91808,Plein jour,En agglomération,Hors intersection,Temps éblouissant,Autre collision,,,,,,,,,,,1,2,1,7,6
201500027239,0015-07-14 20:00:00,15,7,14,20,0,450,234,AV R SECRETAIN/R WILLIAM,47.88413,1.89818,Plein jour,En agglomération,Intersection en X,Normale,Deux véhicules - côté,,,,,,,,,,,1,2,2,1,3
201500027240,0015-07-20 01:34:00,15,7,20,1,34,450,234,QU DU ROI,47.90066,1.93073,Nuit avec éclairage allumé,En agglomération,Hors intersection,Normale,Autre collision,,,,,,,,,,,5,2,1,1,6
201500027241,0015-07-20 18:30:00,15,7,20,18,30,450,302,,,,Plein jour,Hors agglomération,Hors intersection,Normale,Autre collision,,,,,,,,,,,1,1,1,1,6
201500027242,0015-07-24 18:10:00,15,7,24,18,10,450,234,27 BD ALEXANDRE MARTIN,47.90506,1.91054,Plein jour,En agglomération,Hors intersection,Pluie légère,Autre collision,,,,,,,,,,,1,2,1,2,6
201500027243,0015-07-28 17:05:00,15,7,28,17,5,450,234,ROCHEPLATTE (BOULEVARD),47.90534,1.89723,Plein jour,En agglomération,Hors intersection,Normale,Trois véhicules et plus - en chaîne,,,,,,,,,,,1,2,1,1,4
201500027244,0015-08-04 20:45:00,15,8,4,20,45,450,234,AV DAUPHINE/R DUHAMEL MO,47.89146,1.90481,Plein jour,En agglomération,Intersection en X,Normale,Deux véhicules - côté,,,,,,,,,,,1,2,2,1,3
201500027245,0015-08-16 20:34:00,15,8,16,20,34,450,147,2 R JEAN MERMOZ,47.93423,1.92959,Plein jour,En agglomération,Hors intersection,Normale,Autre collision,,,,,,,,,,,1,2,1,1,6
201500027246,0015-08-18 17:30:00,15,8,18,17,30,450,232,"SANS, SOLOGNE (AVENUE DE",,,Plein jour,Hors agglomération,Hors intersection,Normale,Deux véhicules - arrière,,,,,,,,,,,1,1,1,1,2
201500027247,0015-08-27 14:09:00,15,8,27,14,9,450,169,R CHANTEMELLES,47.94202,1.84337,Plein jour,Hors agglomération,Hors intersection,Pluie forte,Deux véhicules - côté,,,,,,,,,,,1,1,1,3,3
201500027248,0015-03-19 13:50:00,15,3,19,13,50,460,42,"547, MONZIE (AVENUE ANAT",44.4334,1.44477,Plein jour,En agglomération,Hors intersection,Normale,Sans collision,,,,,,,,,,,1,2,1,1,7
201500027249,0015-03-20 12:18:00,15,3,20,12,18,460,42,D?partementale 811,44.47773,1.42444,Plein jour,Hors agglomération,Hors intersection,Normale,Trois véhicules et plus - collisions multiples,,,,,,,,,,,1,1,1,1,5
201500027250,0015-04-02 12:50:00,15,4,2,12,50,460,42,"""SEPT """"7"""" IEME REGT D'",44.45828,1.43371,Plein jour,Hors agglomération,Hors intersection,Normale,Deux véhicules - frontale,,,,,,,,,,,1,1,1,1,1
201500027251,0015-04-08 20:30:00,15,4,8,20,30,460,42,"55, GAMBETTA (BOULEVARD",44.44835,1.44007,Crépuscule ou aube,En agglomération,Hors intersection,Normale,Deux véhicules - arrière,,,,,,,,,,,2,2,1,1,2
201500027252,0015-05-02 01:30:00,15,5,2,1,30,460,42,"., Départementale 811",44.47014,1.4277,Nuit avec éclairage allumé,En agglomération,Hors intersection,Pluie légère,Autre collision,,,,,,,,,,,5,2,1,2,6
201500027253,0015-05-07 15:35:00,15,5,7,15,35,460,42,BELLE CROIX (CHEMIN DE),44.42301,1.43798,Plein jour,Hors agglomération,Hors intersection,Normale,Autre collision,,,,,,,,,,,1,1,1,1,6
201500027254,0015-05-09 17:00:00,15,5,9,17,0,460,42,Départementale 820,44.45356,1.41239,Plein jour,Hors agglomération,Hors intersection,Normale,Deux véhicules - côté,,,,,,,,,,,1,1,1,1,3
201500027255,0015-05-12 16:45:00,15,5,12,16,45,460,42,"., SAINT GERY (RUE)",44.44424,1.43672,Plein jour,En agglomération,Intersection en T,Normale,Deux véhicules - côté,,,,,,,,,,,1,2,3,1,3