accident_id,datetime,annee,mois,jour,heure,minute,departement,commune_insee,adresse,latitude,longitude,luminosite,agglomeration,intersection,meteo,collision,nb_vehicules,nb_usagers,nb_indemnes,nb_tues,nb_blesses_hosp,nb_blesses_legers,age_cond_1,age_cond_2,veh_type_cond_1,veh_type_cond_2,lum_code,agg_code,int_code,atm_code,col_code
201500027256,0015-05-25 01:15:00,15,5,25,1,15,460,42,"., F.T.P. ET DU 8E R.I (",44.45638,1.44989,Nuit avec éclairage allumé,En agglomération,Hors intersection,Normale,Autre collision,,,,,,,,,,,5,2,1,1,6
201500027257,0015-05-30 20:38:00,15,5,30,20,38,460,42,"., BASTIE (AVENUE MARYSE",44.45881,1.42476,Plein jour,Hors agglomération,Intersection en T,Normale,Deux véhicules - côté,,,,,,,,,,,1,1,3,1,3
201500027258,0015-05-31 00:05:00,15,5,31,0,5,460,42,"., Départementale D653",44.46578,1.44039,Nuit sans éclairage public,Hors agglomération,Hors intersection,Normale,Autre collision,,,,,,,,,,,3,1,1,1,6
201500027259,0015-08-10 23:32:00,15,8,10,23,32,460,42,"., ROCADE DE CAHORS",44.46197,1.41991,Nuit sans éclairage public,Hors agglomération,Hors intersection,Normale,Autre collision,,,,,,,,,,,3,1,1,1,6
201500027260,0015-09-04 19:10:00,15,9,4,19,10,460,42,CHAMPOLLION (QUAI),44.4469,1.44451,Plein jour,Hors agglomération,Intersection en T,Normale,Deux véhicules - arrière,,,,,,,,,,,1,1,3,1,2
201500027261,0015-09-20 02:35:00,15,9,20,2,35,460,42,"., SAINT AMBROISE (RUE)",44.4685,1.45466,Nuit sans éclairage public,En agglomération,Hors intersection,Brouillard / fumée,Sans collision,,,,,,,,,,,3,2,1,5,7
201500027262,0015-09-29 17:45:00,15,9,29,17,45,460,42,Parking entrée Carrefour,44.42124,1.43867,Plein jour,En agglomération,Hors intersection,Normale,Autre collision,,,,,,,,,,,1,2,1,1,6
201500027263,0015-09-30 14:20:00,15,9,30,14,20,460,42,Départementale 820,,,Plein jour,Hors agglomération,Hors intersection,Normale,Sans collision,,,,,,,,,,,1,1,1,1,7
201500027264,0015-10-12 23:10:00,15,10,12,23,10,460,191,"., DEPARTEMENTALE N°811",44.49251,1.40526,Nuit sans éclairage public,Hors agglomération,Hors intersection,Pluie forte,Trois véhicules et plus - collisions multiples,,,,,,,,,,,3,1,1,3,5
201500027265,0015-10-14 11:20:00,15,10,14,11,20,460,42,"646, COMBE DE MINUIT (CH",44.42629,1.44797,Plein jour,En agglomération,Hors intersection,Normale,Autre collision,,,,,,,,,,,1,2,1,1,6
201500027266,0015-10-19 17:15:00,15,10,19,17,15,460,42,Départementale 820,,,Plein jour,Hors agglomération,Hors intersection,Normale,Deux véhicules - frontale,,,,,,,,,,,1,1,1,1,1
201500027267,0015-10-25 16:50:00,15,10,25,16,50,460,42,BOILEAU-DESPEAUX (RUE),44.43547,1.44051,Plein jour,En agglomération,Hors intersection,Normale,Autre collision,,,,,,,,,,,1,2,1,1,6
201500027268,0015-01-12 20:30:00,15,1,12,20,30,460,42,"0, LUDO-ROLLES (RUE)",44.4526,1.4434,Nuit avec éclairage allumé,En agglomération,Hors intersection,Normale,Deux véhicules - frontale,,,,,,,,,,,5,2,1,1,1
201500027269,0015-01-12 18:50:00,15,1,12,18,50,460,42,ORMEAUX (COTE DES),,,Nuit sans éclairage public,En agglomération,Hors intersection,Normale,Deux véhicules - frontale,,,,,,,,,,,3,2,1,1,1
201500027270,0015-01-16 17:20:00,15,1,16,17,20,460,224,D8,44.47985,1.39103,Nuit sans éclairage public,Hors agglomération,Hors intersection,Temps couvert,Deux véhicules - frontale,,,,,,,,,,,3,1,1,8,1
201500027271,0015-02-18 15:20:00,15,2,18,15,20,460,42,D?partementale 820,44.4667,1.42644,Plein jour,Hors agglomération,Hors intersection,Normale,Sans collision,,,,,,,,,,,1,1,1,1,7
201500027272,0015-01-07 13:06:00,15,1,7,13,6,470,1,DE GAULLE (AV. DU GENERA,,,Plein jour,En agglomération,Hors intersection,Normale,Autre collision,,,,,,,,,,,1,2,1,1,6
201500027273,0015-06-17 12:10:00,15,6,17,12,10,470,201,"., GASCOGNE (AVENUE DE)",44.16823,0.6093,Plein jour,En agglomération,Intersection en T,Normale,Deux véhicules - côté,,,,,,,,,,,1,2,3,1,3
201500027274,0015-01-07 18:52:00,15,1,7,18,52,470,1,"., DUMON (BD SYLVAIN)",,,Nuit avec éclairage allumé,En agglomération,Hors intersection,Normale,Deux véhicules - côté,,,,,,,,,,,5,2,1,1,3
201500027275,0015-07-11 20:10:00,15,7,11,20,10,470,1,"., LECLERC (AV. DU GENER",44.18422,0.62192,Plein jour,En agglomération,Hors intersection,Normale,Deux véhicules - arrière,,,,,,,,,,,1,2,1,1,2
201500027276,0015-01-26 08:40:00,15,1,26,8,40,470,1,DIDEROT (RUE),,,Crépuscule ou aube,En agglomération,Hors intersection,Normale,Autre collision,,,,,,,,,,,2,2,1,1,6
201500027277,0015-07-14 01:35:00,15,7,14,1,35,470,1,DELPECH (AV. GEORGES),44.21244,0.60724,Nuit avec éclairage allumé,En agglomération,Hors intersection,Normale,Deux véhicules - arrière,,,,,,,,,,,5,2,1,1,2
201500027278,0015-02-08 05:10:00,15,2,8,5,10,470,201,PYRENEES (AVENUE DES),44.1755,0.6067,Nuit avec éclairage allumé,En agglomération,Intersection en T,Normale,Deux véhicules - côté,,,,,,,,,,,5,2,3,1,3
201500027279,0015-07-29 17:25:00,15,7,29,17,25,470,1,DUNKERQUE (QUAI DE),44.20899,0.6217,Plein jour,En agglomération,Hors intersection,Pluie légère,Autre collision,,,,,,,,,,,1,2,1,2,6
201500027280,0015-03-13 09:50:00,15,3,13,9,50,470,1,"., LAITIERS (PLACE DES)",44.2045,0.61686,Plein jour,En agglomération,Hors intersection,Pluie légère,Autre collision,,,,,,,,,,,1,2,1,2,6
201500027281,0015-07-30 10:19:00,15,7,30,10,19,470,1,CASSIN (RUE RENE),44.19614,0.61902,Plein jour,En agglomération,Intersection en X,Normale,Deux véhicules - côté,,,,,,,,,,,1,2,2,1,3
201500027282,0015-03-26 21:50:00,15,3,26,21,50,470,1,BARBUSSE (AV. HENRI),,,Nuit avec éclairage allumé,En agglomération,Intersection en T,Pluie légère,Autre collision,,,,,,,,,,,5,2,3,2,6
201500027283,0015-08-10 18:20:00,15,8,10,18,20,470,1,"11, FLOIRAC (RUE)",,,Plein jour,En agglomération,Hors intersection,Normale,Autre collision,,,,,,,,,,,1,2,1,1,6
201500027284,0015-03-29 14:05:00,15,3,29,14,5,470,31,", MENDES FRANCE",44.1894,0.63902,Plein jour,En agglomération,Intersection en T,Pluie légère,Deux véhicules - côté,,,,,,,,,,,1,2,3,2,3
201500027285,0015-08-16 10:45:00,15,8,16,10,45,470,1,CARNOT (BD DU PRESIDENT),,,Plein jour,En agglomération,Intersection en X,Normale,Autre collision,,,,,,,,,,,1,2,2,1,6
201500027286,0015-04-07 12:20:00,15,4,7,12,20,470,201,VERDUN (AVENUE DE),,,Plein jour,En agglomération,Intersection en T,Normale,Deux véhicules - côté,,,,,,,,,,,1,2,3,1,3
201500027287,0015-08-17 22:05:00,15,8,17,22,5,470,1,"., BARBUSSE (AV. HENRI)",,,Nuit sans éclairage public,En agglomération,Hors intersection,Normale,Deux véhicules - côté,,,,,,,,,,,3,2,1,1,3
201500027288,0015-05-11 15:30:00,15,5,11,15,30,470,1,BARBUSSE (AV. HENRI),,,Plein jour,En agglomération,Hors intersection,Temps éblouissant,Deux véhicules - arrière,,,,,,,,,,,1,2,1,7,2
201500027289,0015-08-26 18:35:00,15,8,26,18,35,470,31,"., BIGORRE (avenue de )",,,Plein jour,En agglomération,Intersection en T,Normale,Deux véhicules - côté,,,,,,,,,,,1,2,3,1,3
201500027290,0015-05-07 21:25:00,15,5,7,21,25,470,201,PYRENEES (AVENUE DES),,,Nuit avec éclairage allumé,En agglomération,Hors intersection,Normale,Deux véhicules - côté,,,,,,,,,,,5,2,1,1,3
201500027291,0015-08-28 18:30:00,15,8,28,18,30,470,201,PYRENEES (AVENUE DES),44.17811,0.60569,Plein jour,En agglomération,Intersection en T,Normale,Trois véhicules et plus - collisions multiples,,,,,,,,,,,1,2,3,1,5
201500027292,0015-09-09 17:55:00,15,9,9,17,55,470,1,BD CARNOT/LAFAYETTE,44.2044,0.62058,Plein jour,En agglomération,Intersection en T,Normale,Autre collision,,,,,,,,,,,1,2,3,1,6
201500027293,0015-05-16 21:45:00,15,5,16,21,45,470,1,JAURES (AV. JEAN),,,Nuit avec éclairage allumé,En agglomération,Intersection en X,Normale,Deux véhicules - arrière,,,,,,,,,,,5,2,2,1,2
201500027294,0015-09-14 08:55:00,15,9,14,8,55,470,31,ROCADERD813_BEAUREGARD,44.1737,0.65711,Plein jour,Hors agglomération,Hors intersection,Temps couvert,Trois véhicules et plus - collisions multiples,,,,,,,,,,,1,1,1,8,5
201500027295,0015-09-19 17:35:00,15,9,19,17,35,470,31,"., AV LACAPELETTE",44.1785,0.63294,Plein jour,En agglomération,Intersection en Y,Normale,Deux véhicules - côté,,,,,,,,,,,1,2,4,1,3
201500027296,0015-09-24 18:54:00,15,9,24,18,54,470,1,LACOUR (BD EDOUARD),44.1964,0.62748,Plein jour,En agglomération,Intersection en X,Normale,Deux véhicules - côté,,,,,,,,,,,1,2,2,1,3
201500027297,0015-09-29 16:15:00,15,9,29,16,15,470,1,AV Ge LECLERC/rue Cartou,44.1876,0.61992,Plein jour,En agglomération,Giratoire,Normale,Deux véhicules - côté,,,,,,,,,,,1,2,6,1,3
201500027298,0015-09-30 16:42:00,15,9,30,16,42,470,1,144BD LIBERTÉ/CASSIN R.,44.1984,0.62105,Plein jour,En agglomération,Intersection en T,Normale,Deux véhicules - côté,,,,,,,,,,,1,2,3,1,3
201500027299,0015-10-03 14:28:00,15,10,3,14,28,470,1,"., JAURES (AV. JEAN)",,,Plein jour,En agglomération,Intersection en T,Normale,Deux véhicules - côté,,,,,,,,,,,1,2,3,1,3
201500027300,0015-10-03 19:40:00,15,10,3,19,40,470,201,"., VERDUN (AVENUE DE)",44.19391,0.60707,Crépuscule ou aube,En agglomération,Intersection en T,Normale,Deux véhicules - côté,,,,,,,,,,,2,2,3,1,3
201500027301,0015-10-13 17:53:00,15,10,13,17,53,470,1,"., MIDI (AVENUE DU)",,,Plein jour,En agglomération,Intersection en T,Normale,Deux véhicules - frontale,,,,,,,,,,,1,2,3,1,1
201500027302,0015-10-14 18:00:00,15,10,14,18,0,470,1,RABELAIS (PLACE),,,Plein jour,Hors agglomération,Intersection en X,Normale,Deux véhicules - frontale,,,,,,,,,,,1,1,2,1,1
201500027303,0015-10-16 08:00:00,15,10,16,8,0,470,1,"., LIBERTE (BOULEVARD DE",,,Crépuscule ou aube,En agglomération,Intersection en T,Autre,Deux véhicules - côté,,,,,,,,,,,2,2,3,9,3
201500027304,0015-10-16 15:43:00,15,10,16,15,43,470,1,"., BRU (AV. DU DR JEAN)",,,Plein jour,En agglomération,Hors intersection,Normale,Deux véhicules - côté,,,,,,,,,,,1,2,1,1,3
201500027305,0015-10-16 19:35:00,15,10,16,19,35,470,1,LECLERC (AV. DU GENERAL),,,Plein jour,En agglomération,Hors intersection,Normale,Deux véhicules - arrière,,,,,,,,,,,1,2,1,1,2
201500027306,0015-10-20 09:00:00,15,10,20,9,0,470,31,RD17,,,Plein jour,Hors agglomération,Intersection en T,Normale,Deux véhicules - côté,,,,,,,,,,,1,1,3,1,3
201500027307,0015-10-20 15:45:00,15,10,20,15,45,470,201,BEAUREGARD,,,Plein jour,En agglomération,Giratoire,Normale,Deux véhicules - côté,,,,,,,,,,,1,2,6,1,3
201500027308,0015-10-13 13:50:00,15,10,13,13,50,470,1,BLUM (AV. LEON),44.21103,0.64609,Plein jour,En agglomération,Hors intersection,Normale,Trois véhicules et plus - collisions multiples,,,,,,,,,,,1,2,1,1,5
201500027309,0015-10-30 05:40:00,15,10,30,5,40,470,1,"., ANCIENS COMBATTANTS A",,,Nuit avec éclairage allumé,En agglomération,Hors intersection,Normale,Deux véhicules - côté,,,,,,,,,,,5,2,1,1,3
201500027310,0015-11-09 07:00:00,15,11,9,7,0,470,201,AV PYRENEES/UPSA,44.1788,0.60545,Nuit avec éclairage allumé,En agglomération,Autre intersection,Normale,Deux véhicules - côté,,,,,,,,,,,5,2,9,1,3
201500027311,0015-11-10 15:09:00,15,11,10,15,9,470,1,BD CARNOT/BD REPUBLIQUE,44.2053,0.62085,Plein jour,En agglomération,Intersection en X,Normale,Autre collision,,,,,,,,,,,1,2,2,1,6
201500027312,0015-11-17 18:33:00,15,11,17,18,33,470,32,1636 AVNOGUES/PARKINGBNP,44.1843,0.66642,Crépuscule ou aube,En agglomération,Autre intersection,Normale,Deux véhicules - côté,,,,,,,,,,,2,2,9,1,3
201500027313,0015-11-20 16:39:00,15,11,20,16,39,470,1,BD LIBERTE/RUEDUCOURNEAU,44.1971,0.62008,Plein jour,En agglomération,Intersection en T,Normale,Deux véhicules - côté,,,,,,,,,,,1,2,3,1,3
201500027314,0015-12-12 18:40:00,15,12,12,18,40,470,1,BD CARNOT/BD REPUBLIQUE,44.2053,0.62085,Crépuscule ou aube,En agglomération,Intersection en T,Normale,Autre collision,,,,,,,,,,,2,2,3,1,6
201500027315,0015-12-21 09:10:00,15,12,21,9,10,470,32,"21BIS, REPUBLIQUE(RUE DE",44.1859,0.67179,Plein jour,En agglomération,Hors intersection,Normale,Autre collision,,,,,,,,,,,1,2,1,1,6
201500027316,0015-12-23 17:00:00,15,12,23,17,0,470,31,FABAS/PARKING GEANTCASIN,44.1769,0.63382,Plein jour,En agglomération,Hors intersection,Normale,Autre collision,,,,,,,,,,,1,2,1,1,6
201500027317,0015-01-30 11:25:00,15,1,30,11,25,470,323,CAVAILLE MARCEL (RUE),,,Plein jour,En agglomération,Hors intersection,Normale,Deux véhicules - frontale,,,,,,,,,,,1,2,1,1,1
201500027318,0015-05-20 19:05:00,15,5,20,19,5,470,323,CUSSOU,44.26575,2.05799,Plein jour,Hors agglomération,Hors intersection,Normale,Deux véhicules - côté,,,,,,,,,,,1,1,1,1,3
201500027319,0015-02-07 13:55:00,15,2,7,13,55,470,27,RD 236,,,Plein jour,Hors agglomération,Intersection en X,Normale,Deux véhicules - côté,,,,,,,,,,,1,1,2,1,3
201500027320,0015-03-17 07:50:00,15,3,17,7,50,470,27,PONT MARTINET/CARRABELLE,44.4113,0.66965,Plein jour,Hors agglomération,Intersection en X,Normale,Deux véhicules - côté,,,,,,,,,,,1,1,2,1,3
201500027321,0015-02-20 14:55:00,15,2,20,14,55,470,323,"6, COLLEGE(RUE DU)",,,Plein jour,En agglomération,Hors intersection,Normale,Autre collision,,,,,,,,,,,1,2,1,1,6
201500027322,0015-05-21 00:05:00,15,5,21,0,5,470,323,"40, AGEN (AVENUE D')",44.394,0.70934,Nuit avec éclairage allumé,En agglomération,Hors intersection,Normale,Autre collision,,,,,,,,,,,5,2,1,1,6
201500027323,0015-02-24 17:00:00,15,2,24,17,0,470,323,PRADAL,,,Plein jour,Hors agglomération,Hors intersection,Temps couvert,Deux véhicules - frontale,,,,,,,,,,,1,1,1,8,1
201500027324,0015-06-11 11:05:00,15,6,11,11,5,470,323,R.D.911(ROUTE DE SAINTSY,44.4038,0.76813,Plein jour,Hors agglomération,Hors intersection,Normale,Autre collision,,,,,,,,,,,1,1,1,1,6
201500027325,0015-03-29 14:45:00,15,3,29,14,45,470,323,RD 661,,,Plein jour,Hors agglomération,Intersection en T,Normale,Deux véhicules - côté,,,,,,,,,,,1,1,3,1,3
201500027326,0015-04-05 15:25:00,15,4,5,15,25,470,323,AV FUMEL/RUE COLIBRIS,44.4086,0.72966,Plein jour,En agglomération,Intersection en T,Normale,Deux véhicules - côté,,,,,,,,,,,1,2,3,1,3
201500027327,0015-07-13 18:10:00,15,7,13,18,10,470,323,R.D.911(ROUTE DE SAINTSY,44.4063,0.7549,Plein jour,Hors agglomération,Intersection en T,Normale,Deux véhicules - arrière,,,,,,,,,,,1,1,3,1,2
201500027328,0015-07-17 07:50:00,15,7,17,7,50,470,323,BARBUSSE (RUE HENRI),44.23558,4.3064,Plein jour,En agglomération,Intersection en T,Normale,Deux véhicules - côté,,,,,,,,,,,1,2,3,1,3
201500027329,0015-08-04 19:50:00,15,8,4,19,50,470,323,PENNE (RUE DE),,,Plein jour,En agglomération,Intersection en X,Normale,Deux véhicules - côté,,,,,,,,,,,1,2,2,1,3
201500027330,0015-08-07 15:40:00,15,8,7,15,40,470,215,RN 21,,,Plein jour,Hors agglomération,Hors intersection,Normale,Sans collision,,,,,,,,,,,1,1,1,1,7
201500027331,0015-08-17 19:45:00,15,8,17,19,45,470,323,JEANNE DE FRANCE (ALLEE),44.4037,0.70459,Plein jour,En agglomération,Hors intersection,Normale,Deux véhicules - frontale,,,,,,,,,,,1,2,1,1,1
201500027332,0015-09-12 22:25:00,15,9,12,22,25,470,27,CARABELLE (CHEMIN DE),44.4112,0.66976,Nuit sans éclairage public,Hors agglomération,Intersection en X,Pluie légère,Deux véhicules - côté,,,,,,,,,,,3,1,2,2,3
201500027333,0015-09-26 20:40:00,15,9,26,20,40,470,323,MOURGUES,44.407,0.751,Nuit sans éclairage public,Hors agglomération,Intersection en T,Normale,Deux véhicules - frontale,,,,,,,,,,,3,1,3,1,1
201500027334,0015-10-02 11:00:00,15,10,2,11,0,470,323,5 av jeanclaude Cayrel,,,Plein jour,En agglomération,Hors intersection,Normale,Autre collision,,,,,,,,,,,1,2,1,1,6
201500027335,0015-11-07 20:05:00,15,11,7,20,5,470,323,"20, LIBERATION (PLACE)",44.4086,0.70749,Nuit avec éclairage allumé,En agglomération,Giratoire,Normale,Deux véhicules - côté,,,,,,,,,,,5,2,6,1,3
201500027336,0015-11-09 11:50:00,15,11,9,11,50,470,323,AV FUMEL/CHEMIN VELOURS,44.4071,0.71622,Plein jour,En agglomération,Intersection en T,Normale,Deux véhicules - côté,,,,,,,,,,,1,2,3,1,3
201500027337,0015-11-27 02:40:00,15,11,27,2,40,470,215,R D 118,44.3848,0.6776,Nuit sans éclairage public,Hors agglomération,Hors intersection,Normale,Autre collision,,,,,,,,,,,3,1,1,1,6
201500027338,0015-12-06 15:15:00,15,12,6,15,15,470,323,VC 43 - LIEU-DIT GUILLOT,44.4149,0.77197,Plein jour,Hors agglomération,Hors intersection,Normale,Deux véhicules - côté,,,,,,,,,,,1,1,1,1,3
201500027339,0015-12-08 15:00:00,15,12,8,15,0,470,323,DESMOULINS (BD CAMILLE),44.4034,0.70129,Plein jour,En agglomération,Intersection en X,Normale,Deux véhicules - côté,,,,,,,,,,,1,2,2,1,3
201500027340,0015-12-05 16:50:00,15,12,5,16,50,470,27,LDT CARABELLE/JOUANNY,44.4095,0.6697,Plein jour,Hors agglomération,Hors intersection,Normale,Sans collision,,,,,,,,,,,1,1,1,1,7
201500027341,0015-02-01 01:15:00,15,2,1,1,15,480,95,"5, BOURILLON (BOULEVARD",44.51611,3.49832,Nuit avec éclairage allumé,En agglomération,Hors intersection,Temps couvert,Autre collision,,,,,,,,,,,5,2,1,8,6
201500027342,0015-04-10 21:00:00,15,4,10,21,0,480,95,"12, SOUBEYRAN (BOULEVARD",44.51622,3.49842,Nuit avec éclairage allumé,En agglomération,Hors intersection,Normale,Autre collision,,,,,,,,,,,5,2,1,1,6
201500027343,0015-12-11 12:05:00,15,12,11,12,5,480,95,"24, PERE COUDRIN (AVENUE",44.51762,3.50696,Plein jour,En agglomération,Hors intersection,Normale,Deux véhicules - arrière,,,,,,,,,,,1,2,1,1,2
201500027344,0015-05-20 14:10:00,15,5,20,14,10,480,95,RN 88 (ROUTE DU PUY),44.52609,3.51283,Plein jour,Hors agglomération,Hors intersection,Normale,Autre collision,,,,,,,,,,,1,1,1,1,6
201500027345,0015-08-31 16:15:00,15,8,31,16,15,480,95,"8, GARE (AVENUE DE LA)",44.522,3.50207,Plein jour,En agglomération,Hors intersection,Normale,Autre collision,,,,,,,,,,,1,2,1,1,6
201500027346,0015-09-24 08:00:00,15,9,24,8,0,480,95,"0, FONTANILLES (RUE DE)",44.52187,3.51494,Plein jour,En agglomération,Autre intersection,Normale,Autre collision,,,,,,,,,,,1,2,9,1,6
201500027347,0015-01-05 01:05:00,15,1,5,1,5,490,7,ATLANTIQUE  AVENUE DE,47.46467,-0.5734,Nuit avec éclairage allumé,En agglomération,Hors intersection,Normale,Autre collision,,,,,,,,,,,5,2,1,1,6
201500027348,0015-02-18 06:30:00,15,2,18,6,30,490,7,"1, ATLANTIQUE  AVENUE DE",47.46894,-0.58756,Nuit sans éclairage public,Hors agglomération,Hors intersection,Normale,Sans collision,,,,,,,,,,,3,1,1,1,7
201500027349,0015-12-31 12:45:00,15,12,31,12,45,490,246,"15, HUGO VICTOR RUE",47.428,-0.52741,Plein jour,En agglomération,Hors intersection,Normale,Autre collision,,,,,,,,,,,1,2,1,1,6
201500027350,0015-01-05 07:54:00,15,1,5,7,54,490,7,"0, BRESSIGNY",47.46786,-0.551,Nuit avec éclairage allumé,En agglomération,Intersection en T,Normale,Deux véhicules - côté,,,,,,,,,,,5,2,3,1,3
201500027351,0015-02-16 16:41:00,15,2,16,16,41,490,7,"0, BARANGE BOULEVARD",47.45547,-0.56975,Plein jour,En agglomération,Hors intersection,Normale,Trois véhicules et plus - collisions multiples,,,,,,,,,,,1,2,1,1,5
201500027352,0015-12-31 16:08:00,15,12,31,16,8,490,7,BAUMETTE PROMENADE,47.46024,-0.56817,Plein jour,Hors agglomération,Hors intersection,Normale,Autre collision,,,,,,,,,,,1,1,1,1,6
201500027353,0015-01-06 11:24:00,15,1,6,11,24,490,267,"0, VENAISERIE AVENUE",47.47103,-0.48648,Plein jour,Hors agglomération,Intersection en T,Normale,Trois véhicules et plus - en chaîne,,,,,,,,,,,1,1,3,1,4
201500027354,0015-02-20 10:40:00,15,2,20,10,40,490,7,"0, HIRONDELLE",47.4448,-0.53758,Plein jour,En agglomération,Hors intersection,Pluie légère,Deux véhicules - côté,,,,,,,,,,,1,2,1,2,3
201500027355,0015-01-07 07:44:00,15,1,7,7,44,490,7,"94, PONTS DE CE",47.45356,-0.54146,Nuit avec éclairage allumé,En agglomération,Hors intersection,Normale,Deux véhicules - côté,,,,,,,,,,,5,2,1,1,3
201500027356,0015-02-21 17:50:00,15,2,21,17,50,490,7,BEDIER BOULEVARD,47.45119,-0.54808,Plein jour,En agglomération,Hors intersection,Normale,Deux véhicules - arrière,,,,,,,,,,,1,2,1,1,2
201500027357,0015-01-06 18:05:00,15,1,6,18,5,490,7,"0, LE NOTRE",47.47526,-0.60775,Nuit avec éclairage non allumé,En agglomération,Giratoire,Pluie légère,Autre collision,,,,,,,,,,,4,2,6,2,6
201500027358,0015-02-20 13:45:00,15,2,20,13,45,490,15,"0, MENDES FRANCE AVENUE",47.50686,-0.58981,Plein jour,En agglomération,Intersection en X,Pluie forte,Autre collision,,,,,,,,,,,1,2,2,3,6
201500027359,0015-01-07 08:10:00,15,1,7,8,10,490,267,RD 347,47.47364,-0.48576,Plein jour,Hors agglomération,Hors intersection,Normale,Deux véhicules - arrière,,,,,,,,,,,1,1,1,1,2
201500027360,0015-02-21 06:34:00,15,2,21,6,34,490,7,"0, ATLANTIQUE  AVENUE DE",47.46678,-0.56732,Nuit avec éclairage allumé,Hors agglomération,Hors intersection,Normale,Sans collision,,,,,,,,,,,5,1,1,1,7
201500027361,0015-01-08 09:20:00,15,1,8,9,20,490,7,PATTON AVENUE,47.47315,-0.59985,Plein jour,En agglomération,Autre intersection,Normale,Deux véhicules - côté,,,,,,,,,,,1,2,9,1,3
201500027362,0015-02-20 13:08:00,15,2,20,13,8,490,267,"0, A87N",47.48022,-0.4996,Plein jour,Hors agglomération,Hors intersection,Normale,Autre collision,,,,,,,,,,,1,1,1,1,6
201500027363,0015-01-08 13:58:00,15,1,8,13,58,490,7,VOIE DES BERGES,47.47151,-0.55947,Plein jour,En agglomération,Hors intersection,Normale,Trois véhicules et plus - en chaîne,,,,,,,,,,,1,2,1,1,4
201500027364,0015-02-25 15:05:00,15,2,25,15,5,490,7,RUE PLANTAGENET,47.47158,-0.55389,Plein jour,En agglomération,Hors intersection,Normale,Autre collision,,,,,,,,,,,1,2,1,1,6
201500027365,0015-01-08 08:46:00,15,1,8,8,46,490,246,GAULLE RUE CHARLES DE,47.42258,-0.52373,Plein jour,En agglomération,Intersection en T,Normale,Deux véhicules - côté,,,,,,,,,,,1,2,3,1,3
201500027366,0015-03-01 10:38:00,15,3,1,10,38,490,267,Bd de la Chanterie,47.48139,-0.49083,Plein jour,Hors agglomération,Giratoire,Normale,Autre collision,,,,,,,,,,,1,1,6,1,6
201500027367,0015-01-09 08:15:00,15,1,9,8,15,490,7,Bd AYRAULT,47.47585,-0.54987,Crépuscule ou aube,En agglomération,Hors intersection,Normale,Deux véhicules - arrière,,,,,,,,,,,2,2,1,1,2
201500027368,0015-03-01 14:30:00,15,3,1,14,30,490,7,"10, BREMONT",47.46601,-0.55939,Plein jour,En agglomération,Hors intersection,Normale,Autre collision,,,,,,,,,,,1,2,1,1,6
201500027369,0015-01-09 18:26:00,15,1,9,18,26,490,7,DUPETIT THOUARS,47.4606,-0.5521,Nuit avec éclairage allumé,En agglomération,Intersection en X,Normale,Deux véhicules - côté,,,,,,,,,,,5,2,2,1,3
201500027370,0015-03-02 10:50:00,15,3,2,10,50,490,353,"0, DAUTEL BOULEVARD",47.4423,-0.48286,Plein jour,En agglomération,Giratoire,Normale,Deux véhicules - côté,,,,,,,,,,,1,2,6,1,3
201500027371,0015-01-09 10:01:00,15,1,9,10,1,490,7,"16, FOCH BOULEVARD",47.46926,-0.54948,Plein jour,En agglomération,Hors intersection,Normale,Sans collision,,,,,,,,,,,1,2,1,1,7
201500027372,0015-03-02 16:59:00,15,3,2,16,59,490,7,"34, ARBRISSEL",47.44522,-0.56672,Plein jour,En agglomération,Hors intersection,Normale,Trois véhicules et plus - en chaîne,,,,,,,,,,,1,2,1,1,4
201500027373,0015-01-11 13:00:00,15,1,11,13,0,490,7,"0, DAGUENET",47.47456,-0.52063,Plein jour,En agglomération,Intersection en T,Normale,Deux véhicules - côté,,,,,,,,,,,1,2,3,1,3
201500027374,0015-03-02 18:32:00,15,3,2,18,32,490,246,"10, PERDRIAU",47.44027,-0.48885,Plein jour,Hors agglomération,Hors intersection,Normale,Autre collision,,,,,,,,,,,1,1,1,1,6
201500027375,0015-01-01 15:24:00,15,1,1,15,24,490,7,"02, LECLERC GUILLORY",47.46685,-0.53316,Plein jour,En agglomération,Hors intersection,Normale,Sans collision,,,,,,,,,,,1,2,1,1,7
201500027376,0015-03-03 11:15:00,15,3,3,11,15,490,246,"0, HUGO VICTOR RUE",47.43044,-0.52814,Plein jour,En agglomération,Intersection en X,Normale,Deux véhicules - côté,,,,,,,,,,,1,2,2,1,3
201500027377,0015-01-11 00:33:00,15,1,11,0,33,490,7,"0, MOLIERE PLACE",47.47375,-0.55572,Nuit avec éclairage allumé,En agglomération,Giratoire,Normale,Deux véhicules - côté,,,,,,,,,,,5,2,6,1,3
201500027378,0015-03-04 16:55:00,15,3,4,16,55,490,7,RUE CHAMBRE AUX DENIERS,47.46525,-0.59478,Plein jour,En agglomération,Hors intersection,Normale,Autre collision,,,,,,,,,,,1,2,1,1,6
201500027379,0015-01-13 13:44:00,15,1,13,13,44,490,7,"0, DE LATTRE DE TASSIGNY",47.44951,-0.53888,Plein jour,En agglomération,Hors intersection,Normale,Autre collision,,,,,,,,,,,1,2,1,1,6
201500027380,0015-03-05 08:45:00,15,3,5,8,45,490,7,"7, FAURE QUAI",47.48788,-0.54614,Plein jour,Hors agglomération,Hors intersection,Normale,Trois véhicules et plus - en chaîne,,,,,,,,,,,1,1,1,1,4
201500027381,0015-01-12 08:47:00,15,1,12,8,47,490,246,A87N,47.43556,-0.50882,Plein jour,Hors agglomération,Hors intersection,Normale,Deux véhicules - arrière,,,,,,,,,,,1,1,1,1,2