accident_id,datetime,annee,mois,jour,heure,minute,departement,commune_insee,adresse,latitude,longitude,luminosite,agglomeration,intersection,meteo,collision,nb_vehicules,nb_usagers,nb_indemnes,nb_tues,nb_blesses_hosp,nb_blesses_legers,age_cond_1,age_cond_2,veh_type_cond_1,veh_type_cond_2,lum_code,agg_code,int_code,atm_code,col_code
201500027382,0015-03-07 19:03:00,15,3,7,19,3,490,7,"44, JEAN XXIII AVENUE",47.44775,-0.56278,Plein jour,En agglomération,Hors intersection,Normale,Autre collision,,,,,,,,,,,1,2,1,1,6
201500027383,0015-01-12 15:56:00,15,1,12,15,56,490,7,PATTON AVENUE,47.47352,-0.58608,Plein jour,En agglomération,Intersection en X,Normale,Deux véhicules - côté,,,,,,,,,,,1,2,2,1,3
201500027384,0015-03-10 17:20:00,15,3,10,17,20,490,7,"0, BIRGE BOULEVARD",47.47138,-0.51905,Plein jour,En agglomération,Intersection en T,Normale,Autre collision,,,,,,,,,,,1,2,3,1,6
201500027385,0015-01-12 12:15:00,15,1,12,12,15,490,7,"0, HAUTE DES BANCHAIS",47.4833,-0.51405,Plein jour,En agglomération,Intersection en X,Normale,Deux véhicules - côté,,,,,,,,,,,1,2,2,1,3
201500027386,0015-03-12 07:45:00,15,3,12,7,45,490,7,"0, COMMERCE",47.47505,-0.54981,Plein jour,En agglomération,Intersection en X,Normale,Autre collision,,,,,,,,,,,1,2,2,1,6
201500027387,0015-01-13 18:29:00,15,1,13,18,29,490,7,RD 323,47.46581,-0.58058,Nuit avec éclairage allumé,Hors agglomération,Hors intersection,Normale,Trois véhicules et plus - en chaîne,,,,,,,,,,,5,1,1,1,4
201500027388,0015-03-13 20:30:00,15,3,13,20,30,490,7,"0, PAUL BERT",47.46636,-0.55278,Nuit avec éclairage allumé,En agglomération,Hors intersection,Normale,Autre collision,,,,,,,,,,,5,2,1,1,6
201500027389,0015-01-15 18:30:00,15,1,15,18,30,490,267,HAUTE BANCHAIS,47.48647,-0.51098,Nuit avec éclairage allumé,Hors agglomération,Hors intersection,Normale,Autre collision,,,,,,,,,,,5,1,1,1,6
201500027390,0015-03-14 07:45:00,15,3,14,7,45,490,353,PONTS DE CE,47.4408,-0.4985,Plein jour,En agglomération,Giratoire,Normale,Autre collision,,,,,,,,,,,1,2,6,1,6
201500027391,0015-01-15 08:36:00,15,1,15,8,36,490,353,D4,47.44299,-0.48011,Crépuscule ou aube,Hors agglomération,Hors intersection,Pluie légère,Autre collision,,,,,,,,,,,2,1,1,2,6
201500027392,0015-03-14 08:45:00,15,3,14,8,45,490,246,"0, DAVID D'ANGERS",47.43369,-0.52962,Plein jour,En agglomération,Giratoire,Normale,Deux véhicules - côté,,,,,,,,,,,1,2,6,1,3
201500027393,0015-01-15 14:54:00,15,1,15,14,54,490,7,Rue de la PREFECTURE,47.46621,-0.55487,Plein jour,En agglomération,Hors intersection,Pluie légère,Autre collision,,,,,,,,,,,1,2,1,2,6
201500027394,0015-03-17 18:24:00,15,3,17,18,24,490,353,"0, LAGRANGE",47.45064,-0.50927,Plein jour,Hors agglomération,Hors intersection,Normale,Trois véhicules et plus - en chaîne,,,,,,,,,,,1,1,1,1,4
201500027395,0015-01-16 00:55:00,15,1,16,0,55,490,7,BD du BON PASTEUR,47.47303,-0.57729,Nuit avec éclairage allumé,En agglomération,Intersection en X,Normale,Autre collision,,,,,,,,,,,5,2,2,1,6
201500027396,0015-03-19 16:38:00,15,3,19,16,38,490,7,BOUCHEMAINE ROUTE,47.448,-0.5739,Plein jour,En agglomération,Hors intersection,Normale,Deux véhicules - arrière,,,,,,,,,,,1,2,1,1,2
201500027397,0015-01-17 01:30:00,15,1,17,1,30,490,7,"3, ROI RENE BOULEVARD",47.46851,-0.55822,Nuit avec éclairage allumé,En agglomération,Hors intersection,Normale,Trois véhicules et plus - collisions multiples,,,,,,,,,,,5,2,1,1,5
201500027398,0015-03-20 18:00:00,15,3,20,18,0,490,7,BARRA PASSAGE ET RUE,47.48658,-0.56347,Plein jour,En agglomération,Intersection en X,Normale,Deux véhicules - côté,,,,,,,,,,,1,2,2,1,3
201500027399,0015-01-16 07:25:00,15,1,16,7,25,490,7,"0, JONCHERES SQUARE",47.44882,-0.5628,Nuit avec éclairage allumé,En agglomération,Hors intersection,Normale,Autre collision,,,,,,,,,,,5,2,1,1,6
201500027400,0015-03-22 18:15:00,15,3,22,18,15,490,246,A87N,47.44138,-0.512,Plein jour,Hors agglomération,Hors intersection,Normale,Autre collision,,,,,,,,,,,1,1,1,1,6
201500027401,0015-01-17 12:00:00,15,1,17,12,0,490,7,"20, ROI RENE BOULEVARD",47.46803,-0.55729,Plein jour,En agglomération,Hors intersection,Normale,Deux véhicules - côté,,,,,,,,,,,1,2,1,1,3
201500027402,0015-03-23 14:09:00,15,3,23,14,9,490,15,"0, MEIGNANNE ROUTE DE LA",47.4923,-0.59378,Plein jour,Hors agglomération,Hors intersection,Normale,Sans collision,,,,,,,,,,,1,1,1,1,7
201500027403,0015-01-16 15:51:00,15,1,16,15,51,490,246,14 CHAUVIN AVENUE,47.43224,-0.53389,Plein jour,Hors agglomération,Intersection en T,Normale,Deux véhicules - arrière,,,,,,,,,,,1,1,3,1,2
201500027404,0015-03-24 12:16:00,15,3,24,12,16,490,353,CHOUTEAU,47.4461,-0.49639,Plein jour,En agglomération,Intersection en X,Pluie légère,Deux véhicules - côté,,,,,,,,,,,1,2,2,2,3
201500027405,0015-01-20 07:51:00,15,1,20,7,51,490,7,CHAUVAT BOULEVARD,47.45392,-0.56692,Nuit avec éclairage allumé,En agglomération,Hors intersection,Normale,Trois véhicules et plus - en chaîne,,,,,,,,,,,5,2,1,1,4
201500027406,0015-03-28 01:30:00,15,3,28,1,30,490,7,"0, ROE",47.4735,-0.55399,Nuit avec éclairage allumé,En agglomération,Intersection en X,Normale,Deux véhicules - côté,,,,,,,,,,,5,2,2,1,3
201500027407,0015-01-22 20:20:00,15,1,22,20,20,490,246,GAULLE RUE CHARLES DE,47.42336,-0.52412,Nuit avec éclairage allumé,En agglomération,Hors intersection,Normale,Autre collision,,,,,,,,,,,5,2,1,1,6
201500027408,0015-03-27 15:09:00,15,3,27,15,9,490,267,"1, CHAMPFLEUR",47.47838,-0.50544,Plein jour,Hors agglomération,Hors intersection,Pluie légère,Deux véhicules - côté,,,,,,,,,,,1,1,1,2,3
201500027409,0015-01-22 09:04:00,15,1,22,9,4,490,7,CONTADES AVENUE,47.46367,-0.55396,Plein jour,En agglomération,Hors intersection,Normale,Autre collision,,,,,,,,,,,1,2,1,1,6
201500027410,0015-03-30 16:47:00,15,3,30,16,47,490,7,RUE DU MAINE,47.47716,-0.54797,Plein jour,En agglomération,Intersection en X,Normale,Deux véhicules - côté,,,,,,,,,,,1,2,2,1,3
201500027411,0015-01-21 08:20:00,15,1,21,8,20,490,7,Rue Louis Gain,47.46864,-0.53901,Crépuscule ou aube,En agglomération,Hors intersection,Normale,Autre collision,,,,,,,,,,,2,2,1,1,6
201500027412,0015-03-30 09:07:00,15,3,30,9,7,490,7,VOIE DES BERGES,47.47713,-0.55389,Plein jour,Hors agglomération,Hors intersection,Normale,Deux véhicules - arrière,,,,,,,,,,,1,1,1,1,2
201500027413,0015-01-08 16:57:00,15,1,8,16,57,490,7,BEAUSSIER BOULEVARD,47.47682,-0.59917,Plein jour,En agglomération,Hors intersection,Normale,Autre collision,,,,,,,,,,,1,2,1,1,6
201500027414,0015-03-30 07:40:00,15,3,30,7,40,490,7,"0, LARREY",47.48172,-0.55356,Nuit avec éclairage non allumé,En agglomération,Intersection en Y,Normale,Autre collision,,,,,,,,,,,4,2,4,1,6
201500027415,0015-01-23 20:45:00,15,1,23,20,45,490,7,"18, BRESSIGNY",47.46757,-0.55041,Nuit avec éclairage allumé,En agglomération,Hors intersection,Normale,Autre collision,,,,,,,,,,,5,2,1,1,6
201500027416,0015-04-01 08:05:00,15,4,1,8,5,490,7,"53, MADELEINE",47.4628,-0.54054,Crépuscule ou aube,En agglomération,Hors intersection,Normale,Autre collision,,,,,,,,,,,2,2,1,1,6
201500027417,0015-01-23 16:30:00,15,1,23,16,30,490,267,"0, CHANTERIE",47.47629,-0.49667,Plein jour,En agglomération,Giratoire,Normale,Deux véhicules - côté,,,,,,,,,,,1,2,6,1,3
201500027418,0015-04-01 10:30:00,15,4,1,10,30,490,7,"0, PONTS DE CE",47.45201,-0.5381,Plein jour,En agglomération,Intersection en T,Normale,Deux véhicules - frontale,,,,,,,,,,,1,2,3,1,1
201500027419,0015-01-23 12:24:00,15,1,23,12,24,490,7,RAMON BOULEVARD,47.48749,-0.54095,Plein jour,En agglomération,Hors intersection,Normale,Deux véhicules - arrière,,,,,,,,,,,1,2,1,1,2
201500027420,0015-04-01 13:08:00,15,4,1,13,8,490,7,"53, SAUMUROISE IMPASSE",47.45644,-0.53037,Plein jour,En agglomération,Hors intersection,Normale,Autre collision,,,,,,,,,,,1,2,1,1,6
201500027421,0015-01-23 17:45:00,15,1,23,17,45,490,7,"0, LEROY PLACE",47.46468,-0.54878,Crépuscule ou aube,En agglomération,Hors intersection,Normale,Deux véhicules - côté,,,,,,,,,,,2,2,1,1,3
201500027422,0015-04-03 09:25:00,15,4,3,9,25,490,7,"0, VOIE DES BERGES",47.47674,-0.55404,Plein jour,Hors agglomération,Hors intersection,Normale,Autre collision,,,,,,,,,,,1,1,1,1,6
201500027423,0015-01-26 08:22:00,15,1,26,8,22,490,7,PATTON AVENUE,47.47328,-0.59553,Crépuscule ou aube,En agglomération,Hors intersection,Normale,Autre collision,,,,,,,,,,,2,2,1,1,6
201500027424,0015-04-06 12:05:00,15,4,6,12,5,490,7,BARANGE BOULEVARD,47.45485,-0.56846,Plein jour,Hors agglomération,Hors intersection,Normale,Autre collision,,,,,,,,,,,1,1,1,1,6
201500027425,0015-01-26 18:31:00,15,1,26,18,31,490,7,MONTAIGNE AVENUE,47.46892,-0.53197,Nuit avec éclairage allumé,En agglomération,Intersection en X,Normale,Deux véhicules - côté,,,,,,,,,,,5,2,2,1,3
201500027426,0015-04-07 18:50:00,15,4,7,18,50,490,246,"62, DAVID D'ANGERS",47.43939,-0.53266,Plein jour,En agglomération,Hors intersection,Normale,Sans collision,,,,,,,,,,,1,2,1,1,7
201500027427,0015-01-28 17:20:00,15,1,28,17,20,490,7,Rue de la Barre,47.47207,-0.59254,Plein jour,En agglomération,Intersection en T,Normale,Deux véhicules - côté,,,,,,,,,,,1,2,3,1,3
201500027428,0015-04-08 12:05:00,15,4,8,12,5,490,15,DUNANT RUE HENRI,47.50103,-0.58873,Plein jour,En agglomération,Intersection en X,Normale,Deux véhicules - côté,,,,,,,,,,,1,2,2,1,3
201500027429,0015-01-27 07:42:00,15,1,27,7,42,490,353,Rue BASSE DE BEAUMANOIR,47.45278,-0.51375,Plein jour,Hors agglomération,Hors intersection,Normale,Autre collision,,,,,,,,,,,1,1,1,1,6
201500027430,0015-04-09 12:37:00,15,4,9,12,37,490,246,GAULLE RUE CHARLES DE,47.42254,-0.52371,Plein jour,En agglomération,Hors intersection,Normale,Trois véhicules et plus - en chaîne,,,,,,,,,,,1,2,1,1,4
201500027431,0015-01-28 08:53:00,15,1,28,8,53,490,7,DE LATTRE DE TASSIGNY,47.45139,-0.53999,Plein jour,En agglomération,Hors intersection,Normale,Autre collision,,,,,,,,,,,1,2,1,1,6
201500027432,0015-04-12 15:19:00,15,4,12,15,19,490,7,"31, MOULIN BOULEVARD",47.49231,-0.55311,Plein jour,En agglomération,Hors intersection,Normale,Deux véhicules - côté,,,,,,,,,,,1,2,1,1,3
201500027433,0015-01-29 08:17:00,15,1,29,8,17,490,353,Rue Léo LAGRANGE,47.44766,-0.50949,Crépuscule ou aube,En agglomération,Giratoire,Pluie légère,Deux véhicules - arrière,,,,,,,,,,,2,2,6,2,2
201500027434,0015-04-10 15:33:00,15,4,10,15,33,490,7,"0, HAUT PRESSOIR PASSAGE",47.45397,-0.53581,Plein jour,En agglomération,Intersection en Y,Normale,Autre collision,,,,,,,,,,,1,2,4,1,6
201500027435,0015-01-30 09:08:00,15,1,30,9,8,490,267,A87N,47.47605,-0.50326,Plein jour,Hors agglomération,Hors intersection,Normale,Deux véhicules - arrière,,,,,,,,,,,1,1,1,1,2
201500027436,0015-04-13 10:10:00,15,4,13,10,10,490,7,"161, LIZE",47.48741,-0.57354,Plein jour,En agglomération,Intersection en X,Normale,Autre collision,,,,,,,,,,,1,2,2,1,6
201500027437,0015-01-30 09:49:00,15,1,30,9,49,490,7,LAFAYETTE PLACE,47.4628,-0.55383,Plein jour,En agglomération,Giratoire,Normale,Deux véhicules - côté,,,,,,,,,,,1,2,6,1,3
201500027438,0015-04-13 17:49:00,15,4,13,17,49,490,15,"245, MENDES FRANCE AVENU",47.508,-0.59078,Plein jour,En agglomération,Hors intersection,Normale,Autre collision,,,,,,,,,,,1,2,1,1,6
201500027439,0015-02-02 09:20:00,15,2,2,9,20,490,7,"0, CAMUS BOULEVARD",47.48173,-0.57578,Plein jour,En agglomération,Giratoire,Normale,Sans collision,,,,,,,,,,,1,2,6,1,7
201500027440,0015-04-14 13:50:00,15,4,14,13,50,490,7,"0, MONPLAISIR BOULEVARD",47.48699,-0.51513,Plein jour,En agglomération,Intersection en T,Normale,Deux véhicules - côté,,,,,,,,,,,1,2,3,1,3
201500027441,0015-02-03 08:22:00,15,2,3,8,22,490,7,"0, CARNOT",47.47451,-0.54677,Plein jour,En agglomération,Intersection en X,Normale,Sans collision,,,,,,,,,,,1,2,2,1,7
201500027442,0015-04-14 18:15:00,15,4,14,18,15,490,7,"100, MONPLAISIR BOULEVAR",47.48677,-0.51486,Plein jour,En agglomération,Hors intersection,Normale,Autre collision,,,,,,,,,,,1,2,1,1,6
201500027443,0015-02-05 10:06:00,15,2,5,10,6,490,246,"0, A87N",47.43771,-0.51109,Plein jour,En agglomération,Intersection en X,Normale,Deux véhicules - arrière,,,,,,,,,,,1,2,2,1,2
201500027444,0015-04-16 17:40:00,15,4,16,17,40,490,353,"85, JEAN JAURES RUE",47.44191,-0.49319,Plein jour,Hors agglomération,Hors intersection,Normale,Sans collision,,,,,,,,,,,1,1,1,1,7
201500027445,0015-02-05 15:00:00,15,2,5,15,0,490,7,BEAUSSIER BOULEVARD,47.47613,-0.59927,Plein jour,En agglomération,Hors intersection,Normale,Autre collision,,,,,,,,,,,1,2,1,1,6
201500027446,0015-04-20 04:40:00,15,4,20,4,40,490,7,BEDIER BOULEVARD,47.45252,-0.5409,Nuit sans éclairage public,En agglomération,Giratoire,Normale,Sans collision,,,,,,,,,,,3,2,6,1,7
201500027447,0015-02-05 09:00:00,15,2,5,9,0,490,7,"0, RAMON BOULEVARD",47.48554,-0.53325,Plein jour,En agglomération,Intersection en X,Normale,Autre collision,,,,,,,,,,,1,2,2,1,6
201500027448,0015-04-18 05:55:00,15,4,18,5,55,490,353,Rue des PERREYEUX,47.45235,-0.4931,Nuit sans éclairage public,En agglomération,Hors intersection,Normale,Autre collision,,,,,,,,,,,3,2,1,1,6
201500027449,0015-02-07 19:13:00,15,2,7,19,13,490,7,rue RABELAIS,47.46468,-0.54873,Nuit avec éclairage allumé,En agglomération,Giratoire,Normale,Sans collision,,,,,,,,,,,5,2,6,1,7
201500027450,0015-04-21 22:30:00,15,4,21,22,30,490,7,"0, JUSSIEU",47.47619,-0.54508,Nuit avec éclairage allumé,En agglomération,Intersection en X,Normale,Deux véhicules - côté,,,,,,,,,,,5,2,2,1,3
201500027451,0015-02-07 03:00:00,15,2,7,3,0,490,7,BEAUREPAIRE,47.47473,-0.56083,Nuit avec éclairage allumé,En agglomération,Intersection en X,Normale,Deux véhicules - côté,,,,,,,,,,,5,2,2,1,3
201500027452,0015-04-21 17:17:00,15,4,21,17,17,490,7,"0, MONPLAISIR BOULEVARD",47.48998,-0.52188,Plein jour,En agglomération,Autre intersection,Normale,Trois véhicules et plus - en chaîne,,,,,,,,,,,1,2,9,1,4
201500027453,0015-02-09 16:44:00,15,2,9,16,44,490,246,Rue de CONTADES,47.41856,-0.52778,Plein jour,En agglomération,Intersection en T,Normale,Deux véhicules - côté,,,,,,,,,,,1,2,3,1,3
201500027454,0015-04-22 13:20:00,15,4,22,13,20,490,267,BEAUFORT ROUTE,47.46672,-0.49064,Plein jour,En agglomération,Intersection en X,Normale,Deux véhicules - côté,,,,,,,,,,,1,2,2,1,3
201500027455,0015-02-09 13:15:00,15,2,9,13,15,490,15,Rue Nationale,47.51738,-0.60527,Plein jour,Hors agglomération,Hors intersection,Normale,Deux véhicules - côté,,,,,,,,,,,1,1,1,1,3
201500027456,0015-04-22 19:01:00,15,4,22,19,1,490,7,HOTELLERIE RUE,47.48602,-0.52124,Plein jour,En agglomération,Intersection en X,Normale,Autre collision,,,,,,,,,,,1,2,2,1,6
201500027457,0015-02-10 15:40:00,15,2,10,15,40,490,7,COUBERTIN BOULEVARD,47.46401,-0.53166,Plein jour,En agglomération,Hors intersection,Normale,Deux véhicules - arrière,,,,,,,,,,,1,2,1,1,2
201500027458,0015-04-24 12:45:00,15,4,24,12,45,490,7,Quai GAMBETTA,47.47668,-0.5537,Plein jour,En agglomération,Intersection en T,Normale,Deux véhicules - arrière,,,,,,,,,,,1,2,3,1,2
201500027459,0015-02-11 16:20:00,15,2,11,16,20,490,7,VERDUN PONT,47.47359,-0.55899,Plein jour,En agglomération,Intersection en X,Normale,Sans collision,,,,,,,,,,,1,2,2,1,7
201500027460,0015-04-25 10:20:00,15,4,25,10,20,490,7,DROITS DE L'HOMME,47.47892,-0.54994,Plein jour,En agglomération,Hors intersection,Normale,Sans collision,,,,,,,,,,,1,2,1,1,7
201500027461,0015-02-11 19:38:00,15,2,11,19,38,490,7,place Francois Mitterand,47.47698,-0.55087,Nuit avec éclairage allumé,En agglomération,Hors intersection,Normale,Sans collision,,,,,,,,,,,5,2,1,1,7
201500027462,0015-04-28 16:50:00,15,4,28,16,50,490,7,"0, LIZE",47.48939,-0.56808,Plein jour,En agglomération,Hors intersection,Normale,Trois véhicules et plus - en chaîne,,,,,,,,,,,1,2,1,1,4
201500027463,0015-02-12 21:29:00,15,2,12,21,29,490,7,"0, IMBACH PLACE",47.4739,-0.54805,Nuit avec éclairage allumé,En agglomération,Hors intersection,Normale,Sans collision,,,,,,,,,,,5,2,1,1,7
201500027464,0015-05-02 14:00:00,15,5,2,14,0,490,7,"0, SEURAT",47.46122,-0.61705,Plein jour,En agglomération,Giratoire,Pluie légère,Deux véhicules - côté,,,,,,,,,,,1,2,6,2,3
201500027465,0015-02-14 13:30:00,15,2,14,13,30,490,7,"07, PORT DE L'ANCRE",47.47587,-0.55263,Plein jour,En agglomération,Intersection en X,Normale,Deux véhicules - côté,,,,,,,,,,,1,2,2,1,3
201500027466,0015-05-02 12:00:00,15,5,2,12,0,490,7,"0, RAMON BOULEVARD",47.48863,-0.54472,Plein jour,En agglomération,Hors intersection,Pluie légère,Autre collision,,,,,,,,,,,1,2,1,2,6
201500027467,0015-02-14 20:40:00,15,2,14,20,40,490,7,"0, BEDIER BOULEVARD",47.453,-0.53873,Nuit avec éclairage allumé,En agglomération,Intersection en X,Normale,Deux véhicules - côté,,,,,,,,,,,5,2,2,1,3
201500027468,0015-04-30 18:21:00,15,4,30,18,21,490,7,Place FREPPEL,47.47028,-0.5552,Plein jour,En agglomération,Hors intersection,Pluie légère,Deux véhicules - arrière,,,,,,,,,,,1,2,1,2,2
201500027469,0015-02-13 13:18:00,15,2,13,13,18,490,15,CROIX CADEAU LIEU DIT,47.52016,-0.60967,Plein jour,En agglomération,Hors intersection,Normale,Sans collision,,,,,,,,,,,1,2,1,1,7
201500027470,0015-05-03 03:50:00,15,5,3,3,50,490,7,"0, VOIE DES BERGES",47.47469,-0.55564,Nuit avec éclairage allumé,Hors agglomération,Hors intersection,Pluie légère,Autre collision,,,,,,,,,,,5,1,1,2,6
201500027471,0015-02-14 21:15:00,15,2,14,21,15,490,7,"58, VAUGAREAU",47.48286,-0.53136,Nuit avec éclairage non allumé,En agglomération,Hors intersection,Normale,Deux véhicules - côté,,,,,,,,,,,4,2,1,1,3
201500027472,0015-05-05 17:31:00,15,5,5,17,31,490,7,"0, FOCH BOULEVARD",47.46783,-0.55108,Plein jour,En agglomération,Hors intersection,Normale,Autre collision,,,,,,,,,,,1,2,1,1,6
201500027473,0015-02-15 12:06:00,15,2,15,12,6,490,7,Rue de LETANDUERE,47.46259,-0.55506,Plein jour,En agglomération,Intersection en T,Normale,Deux véhicules - côté,,,,,,,,,,,1,2,3,1,3
201500027474,0015-05-05 16:40:00,15,5,5,16,40,490,7,"0, LAKANAL",47.47746,-0.60106,Plein jour,En agglomération,Hors intersection,Normale,Sans collision,,,,,,,,,,,1,2,1,1,7
201500027475,0015-02-14 07:00:00,15,2,14,7,0,490,15,ROSES RUE DES,47.4982,-0.58595,Nuit avec éclairage allumé,En agglomération,Intersection en X,Normale,Deux véhicules - côté,,,,,,,,,,,5,2,2,1,3
201500027476,0015-05-10 19:35:00,15,5,10,19,35,490,7,rue de  BELLE BEILLE,47.47477,-0.58615,Plein jour,En agglomération,Hors intersection,Normale,Autre collision,,,,,,,,,,,1,2,1,1,6
201500027477,0015-05-07 18:40:00,15,5,7,18,40,490,7,"0, PAUL BERT",47.46557,-0.55097,Plein jour,En agglomération,Hors intersection,Normale,Autre collision,,,,,,,,,,,1,2,1,1,6
201500027478,0015-05-09 22:21:00,15,5,9,22,21,490,7,ESTIENNE D'ORVES BOUL,47.4574,-0.52666,Nuit avec éclairage allumé,En agglomération,Hors intersection,Normale,Autre collision,,,,,,,,,,,5,2,1,1,6
201500027479,0015-05-13 21:06:00,15,5,13,21,6,490,7,"0, BALLU PLACE",47.47603,-0.58611,Nuit avec éclairage allumé,En agglomération,Giratoire,Normale,Sans collision,,,,,,,,,,,5,2,6,1,7
201500027480,0015-05-13 16:51:00,15,5,13,16,51,490,7,"78, PASTEUR AVENUE",47.47414,-0.5368,Plein jour,En agglomération,Hors intersection,Normale,Deux véhicules - côté,,,,,,,,,,,1,2,1,1,3
201500027481,0015-05-15 17:00:00,15,5,15,17,0,490,7,"0, JOFFRE BOULEVARD",47.47208,-0.54567,Plein jour,En agglomération,Hors intersection,Normale,Deux véhicules - côté,,,,,,,,,,,1,2,1,1,3
201500027482,0015-05-15 21:00:00,15,5,15,21,0,490,267,Rue CHAMPFLEUR,47.47988,-0.50373,Crépuscule ou aube,En agglomération,Hors intersection,Normale,Sans collision,,,,,,,,,,,2,2,1,1,7
201500027483,0015-05-15 09:59:00,15,5,15,9,59,490,353,"0, REPUBLIQUE AVENUE",47.4493,-0.50183,Plein jour,En agglomération,Intersection en T,Normale,Deux véhicules - arrière,,,,,,,,,,,1,2,3,1,2
201500027484,0015-05-16 19:15:00,15,5,16,19,15,490,7,"93, BRESSIGNY",47.466,-0.54721,Plein jour,En agglomération,Hors intersection,Normale,Deux véhicules - côté,,,,,,,,,,,1,2,1,1,3
201500027485,0015-05-19 18:18:00,15,5,19,18,18,490,267,RD 347,47.47337,-0.48817,Plein jour,Hors agglomération,Hors intersection,Normale,Trois véhicules et plus - en chaîne,,,,,,,,,,,1,1,1,1,4
201500027486,0015-05-19 15:51:00,15,5,19,15,51,490,353,"0, BAHONNEAU BOULEVARD",47.45294,-0.48325,Plein jour,En agglomération,Hors intersection,Normale,Autre collision,,,,,,,,,,,1,2,1,1,6
201500027487,0015-05-19 11:15:00,15,5,19,11,15,490,7,"5, BARRA PASSAGE ET RUE",47.48125,-0.56422,Plein jour,En agglomération,Hors intersection,Normale,Autre collision,,,,,,,,,,,1,2,1,1,6
201500027488,0015-05-21 12:34:00,15,5,21,12,34,490,7,"48, RABELAIS",47.46125,-0.54674,Plein jour,En agglomération,Hors intersection,Normale,Deux véhicules - arrière,,,,,,,,,,,1,2,1,1,2
201500027489,0015-05-21 15:56:00,15,5,21,15,56,490,7,CONTADES AVENUE,47.46397,-0.55408,Plein jour,En agglomération,Hors intersection,Normale,Deux véhicules - arrière,,,,,,,,,,,1,2,1,1,2
201500027490,0015-05-22 07:11:00,15,5,22,7,11,490,7,"82, CAMUS BOULEVARD",47.48059,-0.57592,Plein jour,En agglomération,Hors intersection,Normale,Deux véhicules - arrière,,,,,,,,,,,1,2,1,1,2
201500027491,0015-05-22 18:30:00,15,5,22,18,30,490,7,"14, TOUSSAINT RUE ET IMP",47.4696,-0.5553,Plein jour,En agglomération,Hors intersection,Normale,Deux véhicules - arrière,,,,,,,,,,,1,2,1,1,2
201500027492,0015-05-24 00:10:00,15,5,24,0,10,490,7,"0, CAPUCINS SQUARE ET RU",47.48797,-0.55402,Nuit avec éclairage allumé,En agglomération,Hors intersection,Normale,Autre collision,,,,,,,,,,,5,2,1,1,6
201500027493,0015-05-27 11:24:00,15,5,27,11,24,490,7,"0, ROE",47.4735,-0.55397,Plein jour,En agglomération,Intersection en X,Normale,Deux véhicules - côté,,,,,,,,,,,1,2,2,1,3
201500027494,0015-05-27 09:44:00,15,5,27,9,44,490,7,"78, VOLNEY",47.46054,-0.53878,Plein jour,En agglomération,Hors intersection,Normale,Deux véhicules - arrière,,,,,,,,,,,1,2,1,1,2
201500027495,0015-05-27 17:06:00,15,5,27,17,6,490,7,"0, CUSSONEAU",47.46888,-0.53195,Plein jour,En agglomération,Intersection en X,Normale,Autre collision,,,,,,,,,,,1,2,2,1,6
201500027496,0015-05-27 16:00:00,15,5,27,16,0,490,7,"0, CHATEAU D'ORGEMONT RU",47.44902,-0.54416,Plein jour,En agglomération,Intersection en X,Normale,Deux véhicules - côté,,,,,,,,,,,1,2,2,1,3
201500027497,0015-05-27 14:20:00,15,5,27,14,20,490,246,"0, PERDRIAU",47.43896,-0.48618,Plein jour,En agglomération,Giratoire,Normale,Sans collision,,,,,,,,,,,1,2,6,1,7
201500027498,0015-05-31 18:15:00,15,5,31,18,15,490,7,"0, VOLNEY",47.4618,-0.5415,Plein jour,En agglomération,Intersection en X,Normale,Deux véhicules - côté,,,,,,,,,,,1,2,2,1,3
201500027499,0015-05-29 20:22:00,15,5,29,20,22,490,7,"15, CHURCHILL AVENUE ET",47.44799,-0.56083,Plein jour,En agglomération,Intersection en T,Normale,Deux véhicules - côté,,,,,,,,,,,1,2,3,1,3
201500027500,0015-05-29 14:15:00,15,5,29,14,15,490,7,BARRE CITE ET RUE,47.47229,-0.59584,Plein jour,En agglomération,Hors intersection,Normale,Deux véhicules - frontale,,,,,,,,,,,1,2,1,1,1
201500027501,0015-06-02 08:20:00,15,6,2,8,20,490,246,"0, A87N",47.43219,-0.50712,Plein jour,Hors agglomération,Hors intersection,Normale,Trois véhicules et plus - en chaîne,,,,,,,,,,,1,1,1,1,4
201500027502,0015-06-02 16:00:00,15,6,2,16,0,490,246,"0, PASTEUR",47.41868,-0.52379,Plein jour,Hors agglomération,Hors intersection,Normale,Deux véhicules - arrière,,,,,,,,,,,1,1,1,1,2
201500027503,0015-06-02 14:20:00,15,6,2,14,20,490,15,JUIN PLACE DU MARECHAL,47.48582,-0.58455,Plein jour,En agglomération,Hors intersection,Normale,Autre collision,,,,,,,,,,,1,2,1,1,6
201500027504,0015-06-03 20:25:00,15,6,3,20,25,490,7,"0, GAIN ( LOUIS)",47.46799,-0.53763,Plein jour,En agglomération,Intersection en T,Normale,Deux véhicules - côté,,,,,,,,,,,1,2,3,1,3
201500027505,0015-06-04 11:23:00,15,6,4,11,23,490,353,"54, REPUBLIQUE AVENUE",47.44619,-0.49723,Plein jour,En agglomération,Intersection en T,Normale,Deux véhicules - côté,,,,,,,,,,,1,2,3,1,3
201500027506,0015-06-06 14:35:00,15,6,6,14,35,490,7,"0, ARAGO BOULEVARD",47.47727,-0.55732,Plein jour,En agglomération,Intersection en T,Normale,Deux véhicules - arrière,,,,,,,,,,,1,2,3,1,2
201500027507,0015-06-06 10:55:00,15,6,6,10,55,490,7,"4, PASTEUR AVENUE",47.47152,-0.54315,Plein jour,En agglomération,Hors intersection,Normale,Deux véhicules - arrière,,,,,,,,,,,1,2,1,1,2
201500027508,0015-06-08 19:38:00,15,6,8,19,38,490,7,"0, HANNELOUP",47.46796,-0.54649,Plein jour,En agglomération,Intersection en T,Normale,Deux véhicules - côté,,,,,,,,,,,1,2,3,1,3