accident_id,datetime,annee,mois,jour,heure,minute,departement,commune_insee,adresse,latitude,longitude,luminosite,agglomeration,intersection,meteo,collision,nb_vehicules,nb_usagers,nb_indemnes,nb_tues,nb_blesses_hosp,nb_blesses_legers,age_cond_1,age_cond_2,veh_type_cond_1,veh_type_cond_2,lum_code,agg_code,int_code,atm_code,col_code
201500027509,0015-06-05 20:25:00,15,6,5,20,25,490,7,"0, SALPINTE",47.44829,-0.5503,Plein jour,En agglomération,Intersection en X,Normale,Deux véhicules - côté,,,,,,,,,,,1,2,2,1,3
201500027510,0015-06-08 18:09:00,15,6,8,18,9,490,246,"0, A87N",47.44768,-0.5152,Plein jour,Hors agglomération,Hors intersection,Normale,Autre collision,,,,,,,,,,,1,1,1,1,6
201500027511,0015-06-06 15:16:00,15,6,6,15,16,490,7,"0, ACADEMIE PLACE",47.46853,-0.55842,Plein jour,En agglomération,Intersection en X,Normale,Autre collision,,,,,,,,,,,1,2,2,1,6
201500027512,0015-06-05 17:10:00,15,6,5,17,10,490,7,"28, CUSSONEAU",47.47012,-0.53154,Plein jour,En agglomération,Hors intersection,Normale,Deux véhicules - côté,,,,,,,,,,,1,2,1,1,3
201500027513,0015-06-05 15:15:00,15,6,5,15,15,490,246,"14, RONCIERES RUE ET SQU",47.43712,-0.51271,Plein jour,En agglomération,Hors intersection,Normale,Sans collision,,,,,,,,,,,1,2,1,1,7
201500027514,0015-06-09 18:35:00,15,6,9,18,35,490,7,"0, BON PASTEUR BOULEVARD",47.47061,-0.57054,Plein jour,En agglomération,Intersection en T,Normale,Deux véhicules - côté,,,,,,,,,,,1,2,3,1,3
201500027515,0015-06-09 12:33:00,15,6,9,12,33,490,7,"0, GAMBETTA",47.47716,-0.55339,Plein jour,En agglomération,Hors intersection,Normale,Deux véhicules - côté,,,,,,,,,,,1,2,1,1,3
201500027516,0015-06-05 14:51:00,15,6,5,14,51,490,7,"0, DAVID D'ANGERS",47.4418,-0.5345,Plein jour,En agglomération,Hors intersection,Normale,Autre collision,,,,,,,,,,,1,2,1,1,6
201500027517,0015-06-09 16:44:00,15,6,9,16,44,490,267,"0, MARMITIERE",47.47002,-0.49098,Plein jour,En agglomération,Giratoire,Normale,Autre collision,,,,,,,,,,,1,2,6,1,6
201500027518,0015-06-05 18:00:00,15,6,5,18,0,490,7,"50, PATTON AVENUE",47.47373,-0.58414,Plein jour,En agglomération,Hors intersection,Normale,Autre collision,,,,,,,,,,,1,2,1,1,6
201500027519,0015-06-11 09:30:00,15,6,11,9,30,490,7,"56, FOCH BOULEVARD",47.46717,-0.55238,Plein jour,En agglomération,Hors intersection,Normale,Autre collision,,,,,,,,,,,1,2,1,1,6
201500027520,0015-06-12 13:51:00,15,6,12,13,51,490,353,REPUBLIQUE AVENUE,47.45101,-0.50804,Plein jour,En agglomération,Giratoire,Pluie légère,Deux véhicules - frontale,,,,,,,,,,,1,2,6,2,1
201500027521,0015-06-12 13:43:00,15,6,12,13,43,490,7,"105, BRIOLLAY ROUTE",47.49349,-0.52837,Plein jour,En agglomération,Hors intersection,Pluie légère,Autre collision,,,,,,,,,,,1,2,1,2,6
201500027522,0015-06-15 10:30:00,15,6,15,10,30,490,7,"0, VOLNEY",47.46324,-0.54492,Plein jour,En agglomération,Intersection en X,Normale,Sans collision,,,,,,,,,,,1,2,2,1,7
201500027523,0015-06-15 12:34:00,15,6,15,12,34,490,7,"0, PETIT LAUNAY",47.46793,-0.59014,Plein jour,En agglomération,Intersection en T,Normale,Deux véhicules - côté,,,,,,,,,,,1,2,3,1,3
201500027524,0015-06-16 15:45:00,15,6,16,15,45,490,7,D260,47.44473,-0.52381,Plein jour,Hors agglomération,Hors intersection,Normale,Sans collision,,,,,,,,,,,1,1,1,1,7
201500027525,0015-06-17 08:14:00,15,6,17,8,14,490,246,"0, POCHETET",47.4303,-0.52894,Plein jour,En agglomération,Intersection en T,Normale,Deux véhicules - côté,,,,,,,,,,,1,2,3,1,3
201500027526,0015-06-17 07:42:00,15,6,17,7,42,490,353,"60, VALONGO",47.44809,-0.46856,Plein jour,En agglomération,Hors intersection,Normale,Deux véhicules - côté,,,,,,,,,,,1,2,1,1,3
201500027527,0015-06-18 11:16:00,15,6,18,11,16,490,7,"0, LARREY",47.48183,-0.5537,Plein jour,En agglomération,Hors intersection,Normale,Sans collision,,,,,,,,,,,1,2,1,1,7
201500027528,0015-06-19 20:10:00,15,6,19,20,10,490,7,"57, JEAN XXIII AVENUE",47.4469,-0.56103,Plein jour,En agglomération,Intersection en T,Normale,Deux véhicules - frontale,,,,,,,,,,,1,2,3,1,1
201500027529,0015-06-19 21:27:00,15,6,19,21,27,490,7,"0, PONTS DE CE",47.45301,-0.53878,Plein jour,En agglomération,Intersection en X,Normale,Deux véhicules - côté,,,,,,,,,,,1,2,2,1,3
201500027530,0015-06-22 14:41:00,15,6,22,14,41,490,7,"0, FOCH BOULEVARD",47.46785,-0.55107,Plein jour,En agglomération,Hors intersection,Normale,Autre collision,,,,,,,,,,,1,2,1,1,6
201500027531,0015-06-19 09:56:00,15,6,19,9,56,490,267,"0, REUX",47.46938,-0.5099,Plein jour,En agglomération,Intersection en T,Normale,Deux véhicules - frontale,,,,,,,,,,,1,2,3,1,1
201500027532,0015-06-21 11:59:00,15,6,21,11,59,490,7,DE LATTRE DE TASSIGNY,47.44855,-0.53808,Plein jour,En agglomération,Giratoire,Normale,Sans collision,,,,,,,,,,,1,2,6,1,7
201500027533,0015-06-22 17:10:00,15,6,22,17,10,490,267,"0, BEAUFORT ROUTE",47.47051,-0.45653,Plein jour,Hors agglomération,Intersection en T,Normale,Trois véhicules et plus - collisions multiples,,,,,,,,,,,1,1,3,1,5
201500027534,0015-06-26 15:05:00,15,6,26,15,5,490,7,RABELAIS,47.46462,-0.54874,Plein jour,En agglomération,Giratoire,Normale,Autre collision,,,,,,,,,,,1,2,6,1,6
201500027535,0015-06-27 18:25:00,15,6,27,18,25,490,7,de la cote de bellevue,47.46167,-0.60432,Plein jour,En agglomération,Intersection en X,Normale,Deux véhicules - côté,,,,,,,,,,,1,2,2,1,3
201500027536,0015-06-28 21:57:00,15,6,28,21,57,490,353,"59, CAMUS",47.45482,-0.50675,Plein jour,En agglomération,Hors intersection,Normale,Sans collision,,,,,,,,,,,1,2,1,1,7
201500027537,0015-06-29 17:35:00,15,6,29,17,35,490,7,ATLANTIQUE  AVENUE DE L',47.46789,-0.56581,Plein jour,En agglomération,Hors intersection,Normale,Deux véhicules - arrière,,,,,,,,,,,1,2,1,1,2
201500027538,0015-06-22 20:20:00,15,6,22,20,20,490,7,"0, BRESSIGNY",47.46532,-0.54535,Plein jour,En agglomération,Giratoire,Normale,Deux véhicules - côté,,,,,,,,,,,1,2,6,1,3
201500027539,0015-06-23 15:30:00,15,6,23,15,30,490,267,"0, A87N",47.46797,-0.51471,Plein jour,Hors agglomération,Hors intersection,Normale,Deux véhicules - arrière,,,,,,,,,,,1,1,1,1,2
201500027540,0015-06-24 18:29:00,15,6,24,18,29,490,7,"0, JEAN XXIII AVENUE",47.44808,-0.56331,Plein jour,En agglomération,Hors intersection,Normale,Autre collision,,,,,,,,,,,1,2,1,1,6
201500027541,0015-06-24 17:10:00,15,6,24,17,10,490,7,"11, PASTEUR AVENUE",47.47222,-0.54125,Plein jour,En agglomération,Intersection en T,Normale,Deux véhicules - arrière,,,,,,,,,,,1,2,3,1,2
201500027542,0015-07-01 09:59:00,15,7,1,9,59,490,7,"0, MOLIERE PLACE",47.47398,-0.55446,Plein jour,En agglomération,Intersection en X,Normale,Deux véhicules - côté,,,,,,,,,,,1,2,2,1,3
201500027543,0015-07-06 17:15:00,15,7,6,17,15,490,7,"15, BIRGE BOULEVARD",47.47129,-0.51919,Plein jour,En agglomération,Hors intersection,Normale,Deux véhicules - arrière,,,,,,,,,,,1,2,1,1,2
201500027544,0015-07-05 02:10:00,15,7,5,2,10,490,7,"0, ESTIENNE D'ORVES BOUL",47.45457,-0.5335,Nuit avec éclairage allumé,Hors agglomération,Hors intersection,Normale,Autre collision,,,,,,,,,,,5,1,1,1,6
201500027545,0015-07-03 12:30:00,15,7,3,12,30,490,7,"0, BAZIN RENE ALLEE",47.47171,-0.55515,Plein jour,En agglomération,Hors intersection,Normale,Deux véhicules - arrière,,,,,,,,,,,1,2,1,1,2
201500027546,0015-07-07 10:15:00,15,7,7,10,15,490,7,"0, MENDES FRANCE PLACE",47.47232,-0.54609,Plein jour,En agglomération,Intersection en Y,Normale,Deux véhicules - côté,,,,,,,,,,,1,2,4,1,3
201500027547,0015-07-09 19:32:00,15,7,9,19,32,490,353,"85, JEAN JAURES RUE",47.45573,-0.52423,Plein jour,En agglomération,Hors intersection,Normale,Deux véhicules - côté,,,,,,,,,,,1,2,1,1,3
201500027548,0015-07-13 00:10:00,15,7,13,0,10,490,7,CORNE DE CERF,47.47472,-0.56357,Nuit sans éclairage public,En agglomération,Intersection en Y,Normale,Sans collision,,,,,,,,,,,3,2,4,1,7
201500027549,0015-07-14 22:50:00,15,7,14,22,50,490,7,"108, PONTS DE CE",47.45199,-0.53808,Nuit avec éclairage allumé,En agglomération,Intersection en T,Normale,Deux véhicules - côté,,,,,,,,,,,5,2,3,1,3
201500027550,0015-07-18 12:06:00,15,7,18,12,6,490,7,"25, BOISNET RUE",47.47448,-0.55198,Plein jour,En agglomération,Hors intersection,Normale,Deux véhicules - arrière,,,,,,,,,,,1,2,1,1,2
201500027551,0015-07-20 18:30:00,15,7,20,18,30,490,246,A87N,47.47841,-0.50101,Plein jour,Hors agglomération,Hors intersection,Normale,Deux véhicules - arrière,,,,,,,,,,,1,1,1,1,2
201500027552,0015-07-20 18:48:00,15,7,20,18,48,490,7,"0, RABELAIS",47.45846,-0.54512,Plein jour,En agglomération,Giratoire,Normale,Deux véhicules - côté,,,,,,,,,,,1,2,6,1,3
201500027553,0015-07-20 16:15:00,15,7,20,16,15,490,7,"20, RABELAIS",47.46327,-0.54808,Plein jour,En agglomération,Hors intersection,Normale,Deux véhicules - arrière,,,,,,,,,,,1,2,1,1,2
201500027554,0015-07-20 14:10:00,15,7,20,14,10,490,7,"22, BALLUE AVENUE ET IMP",47.47444,-0.59197,Plein jour,En agglomération,Intersection en T,Normale,Autre collision,,,,,,,,,,,1,2,3,1,6
201500027555,0015-07-21 15:20:00,15,7,21,15,20,490,7,"0, BESSONEAU",47.47132,-0.5469,Plein jour,Hors agglomération,Intersection en X,Normale,Sans collision,,,,,,,,,,,1,1,2,1,7
201500027556,0015-07-23 18:40:00,15,7,23,18,40,490,7,"0, MELGRANI IMPASSE ET R",47.47573,-0.59388,Plein jour,En agglomération,Intersection en X,Normale,Autre collision,,,,,,,,,,,1,2,2,1,6
201500027557,0015-07-26 13:15:00,15,7,26,13,15,490,7,"0, ESTIENNE D'ORVES BOUL",47.45457,-0.53302,Plein jour,En agglomération,Intersection en X,Pluie légère,Deux véhicules - côté,,,,,,,,,,,1,2,2,2,3
201500027558,0015-07-25 16:00:00,15,7,25,16,0,490,7,"0, BEAUSSIER BOULEVARD",47.47328,-0.59988,Plein jour,En agglomération,Intersection en X,Normale,Deux véhicules - côté,,,,,,,,,,,1,2,2,1,3
201500027559,0015-07-26 10:43:00,15,7,26,10,43,490,7,"0, foucaudière",47.45789,-0.51476,Plein jour,En agglomération,Giratoire,Pluie légère,Autre collision,,,,,,,,,,,1,2,6,2,6
201500027560,0015-07-26 07:48:00,15,7,26,7,48,490,7,"0, MOULIN PONT ET PLACE",47.4907,-0.55232,Plein jour,En agglomération,Hors intersection,Pluie légère,Autre collision,,,,,,,,,,,1,2,1,2,6
201500027561,0015-07-27 09:35:00,15,7,27,9,35,490,15,"0, ARDENNE ROND POINT",47.51246,-0.59788,Plein jour,En agglomération,Giratoire,Pluie légère,Sans collision,,,,,,,,,,,1,2,6,2,7
201500027562,0015-07-28 16:45:00,15,7,28,16,45,490,7,"0, BASSE CHAINE PONT",47.47013,-0.5626,Plein jour,En agglomération,Hors intersection,Pluie légère,Deux véhicules - arrière,,,,,,,,,,,1,2,1,2,2
201500027563,0015-07-30 12:10:00,15,7,30,12,10,490,7,PASTEUR AVENUE,47.47467,-0.5361,Plein jour,En agglomération,Hors intersection,Normale,Autre collision,,,,,,,,,,,1,2,1,1,6
201500027564,0015-07-31 18:40:00,15,7,31,18,40,490,7,"0, CHALOUERE",47.48562,-0.53326,Plein jour,En agglomération,Hors intersection,Normale,Autre collision,,,,,,,,,,,1,2,1,1,6
201500027565,0015-08-03 09:25:00,15,8,3,9,25,490,7,GRAND LAUNAY,47.46731,-0.59727,Plein jour,Hors agglomération,Hors intersection,Normale,Autre collision,,,,,,,,,,,1,1,1,1,6
201500027566,0015-07-31 17:20:00,15,7,31,17,20,490,246,"0, BOUTTON AVENUE",47.43832,-0.50907,Plein jour,Hors agglomération,Hors intersection,Normale,Sans collision,,,,,,,,,,,1,1,1,1,7
201500027567,0015-08-03 17:20:00,15,8,3,17,20,490,353,"0, RECLUS",47.45177,-0.50785,Plein jour,En agglomération,Intersection en X,Normale,Deux véhicules - côté,,,,,,,,,,,1,2,2,1,3
201500027568,0015-08-11 17:31:00,15,8,11,17,31,490,7,"03, FOCH BOULEVARD",47.46919,-0.54493,Plein jour,En agglomération,Hors intersection,Normale,Sans collision,,,,,,,,,,,1,2,1,1,7
201500027569,0015-08-11 21:22:00,15,8,11,21,22,490,7,"0, NEY PLACE",47.47862,-0.54453,Nuit avec éclairage allumé,En agglomération,Intersection en X,Normale,Deux véhicules - côté,,,,,,,,,,,5,2,2,1,3
201500027570,0015-08-11 13:12:00,15,8,11,13,12,490,7,"12, ARENES",47.46796,-0.54905,Plein jour,En agglomération,Hors intersection,Normale,Sans collision,,,,,,,,,,,1,2,1,1,7
201500027571,0015-08-12 05:04:00,15,8,12,5,4,490,246,"15, DAVID D'ANGERS",47.4363,-0.53099,Nuit avec éclairage allumé,En agglomération,Hors intersection,Normale,Sans collision,,,,,,,,,,,5,2,1,1,7
201500027572,0015-08-13 18:31:00,15,8,13,18,31,490,7,RUE PALLACH,47.44768,-0.55775,Plein jour,En agglomération,Intersection en X,Normale,Deux véhicules - côté,,,,,,,,,,,1,2,2,1,3
201500027573,0015-08-15 10:55:00,15,8,15,10,55,490,7,"0, ATLANTIQUE  AVENUE DE",47.46669,-0.5919,Plein jour,En agglomération,Intersection en Y,Normale,Deux véhicules - arrière,,,,,,,,,,,1,2,4,1,2
201500027574,0015-08-18 18:49:00,15,8,18,18,49,490,7,"0, PAUL BERT",47.46649,-0.55306,Plein jour,En agglomération,Intersection en T,Normale,Deux véhicules - côté,,,,,,,,,,,1,2,3,1,3
201500027575,0015-08-20 16:23:00,15,8,20,16,23,490,7,"142, LAREVELLIERE",47.47126,-0.52777,Plein jour,En agglomération,Hors intersection,Normale,Deux véhicules - arrière,,,,,,,,,,,1,2,1,1,2
201500027576,0015-08-22 09:39:00,15,8,22,9,39,490,7,"21, JAURES",47.45822,-0.52241,Plein jour,En agglomération,Hors intersection,Normale,Sans collision,,,,,,,,,,,1,2,1,1,7
201500027577,0015-08-23 17:00:00,15,8,23,17,0,490,7,"0, LARREY",47.47867,-0.55619,Plein jour,En agglomération,Intersection en X,Normale,Deux véhicules - côté,,,,,,,,,,,1,2,2,1,3
201500027578,0015-08-21 12:28:00,15,8,21,12,28,490,15,"0, SCHWEITZER RUE ALBERT",47.50104,-0.58876,Plein jour,En agglomération,Intersection en X,Normale,Deux véhicules - côté,,,,,,,,,,,1,2,2,1,3
201500027579,0015-08-24 11:55:00,15,8,24,11,55,490,7,"0, PONTS DE CE",47.44774,-0.53664,Plein jour,En agglomération,Hors intersection,Normale,Trois véhicules et plus - collisions multiples,,,,,,,,,,,1,2,1,1,5
201500027580,0015-08-24 14:00:00,15,8,24,14,0,490,7,"2, BEDIER BOULEVARD",47.45063,-0.55282,Plein jour,En agglomération,Intersection en X,Normale,Deux véhicules - côté,,,,,,,,,,,1,2,2,1,3
201500027581,0015-08-27 10:16:00,15,8,27,10,16,490,7,"0, DE LATTRE DE TASSIGNY",47.44848,-0.55386,Plein jour,En agglomération,Giratoire,Normale,Autre collision,,,,,,,,,,,1,2,6,1,6
201500027582,0015-08-28 10:45:00,15,8,28,10,45,490,7,"0, BIRGE BOULEVARD",47.47078,-0.51908,Plein jour,En agglomération,Intersection en T,Normale,Sans collision,,,,,,,,,,,1,2,3,1,7
201500027583,0015-08-31 15:16:00,15,8,31,15,16,490,7,"1, GASNIER AVENUE",47.4874,-0.57358,Plein jour,En agglomération,Intersection en X,Normale,Autre collision,,,,,,,,,,,1,2,2,1,6
201500027584,0015-09-01 13:07:00,15,9,1,13,7,490,7,"0, GRAND MONTREJEAU",47.46851,-0.52254,Plein jour,En agglomération,Hors intersection,Normale,Autre collision,,,,,,,,,,,1,2,1,1,6
201500027585,0015-08-31 18:41:00,15,8,31,18,41,490,7,"0, GRAND MONTREJEAU",47.46862,-0.52277,Plein jour,Hors agglomération,Hors intersection,Normale,Trois véhicules et plus - collisions multiples,,,,,,,,,,,1,1,1,1,5
201500027586,0015-08-29 10:20:00,15,8,29,10,20,490,7,"42, ARAGON AVENUE",47.48313,-0.57746,Plein jour,En agglomération,Hors intersection,Normale,Autre collision,,,,,,,,,,,1,2,1,1,6
201500027587,0015-09-02 09:40:00,15,9,2,9,40,490,246,"0, A87N",47.43083,-0.50644,Plein jour,Hors agglomération,Hors intersection,Normale,Deux véhicules - côté,,,,,,,,,,,1,1,1,1,3
201500027588,0015-09-02 08:56:00,15,9,2,8,56,490,267,route de SARRIGNE,47.48737,-0.47161,Plein jour,Hors agglomération,Hors intersection,Normale,Deux véhicules - frontale,,,,,,,,,,,1,1,1,1,1
201500027589,0015-09-03 12:08:00,15,9,3,12,8,490,246,"26, CHESNAIE AVENUE",47.43666,-0.52664,Plein jour,En agglomération,Intersection en X,Normale,Deux véhicules - frontale,,,,,,,,,,,1,2,2,1,1
201500027590,0015-09-05 14:30:00,15,9,5,14,30,490,267,RD 116,47.48694,-0.47476,Plein jour,Hors agglomération,Hors intersection,Normale,Deux véhicules - frontale,,,,,,,,,,,1,1,1,1,1
201500027591,0015-09-04 09:45:00,15,9,4,9,45,490,7,"0, BON PASTEUR BOULEVARD",47.47026,-0.56914,Plein jour,En agglomération,Giratoire,Normale,Deux véhicules - côté,,,,,,,,,,,1,2,6,1,3
201500027592,0015-09-06 18:02:00,15,9,6,18,2,490,7,"0, CARNOT",47.47454,-0.54675,Plein jour,En agglomération,Intersection en T,Normale,Sans collision,,,,,,,,,,,1,2,3,1,7
201500027593,0015-09-07 09:45:00,15,9,7,9,45,490,7,"0, ACADEMIE PLACE",47.46789,-0.55927,Plein jour,En agglomération,Hors intersection,Normale,Autre collision,,,,,,,,,,,1,2,1,1,6
201500027594,0015-09-08 17:55:00,15,9,8,17,55,490,7,"0, FOCH BOULEVARD",47.46791,-0.55112,Plein jour,En agglomération,Hors intersection,Normale,Autre collision,,,,,,,,,,,1,2,1,1,6
201500027595,0015-09-13 04:30:00,15,9,13,4,30,490,7,"44, RECULEE PROMENADE",47.48615,-0.55046,Nuit avec éclairage allumé,En agglomération,Hors intersection,Normale,Trois véhicules et plus - collisions multiples,,,,,,,,,,,5,2,1,1,5
201500027596,0015-09-14 13:20:00,15,9,14,13,20,490,7,"26, NID DE  PIE",47.47101,-0.60456,Plein jour,En agglomération,Hors intersection,Normale,Trois véhicules et plus - collisions multiples,,,,,,,,,,,1,2,1,1,5
201500027597,0015-09-15 17:40:00,15,9,15,17,40,490,353,"0, PRINTEMPS ALLEE",47.44805,-0.50249,Plein jour,En agglomération,Intersection en X,Normale,Deux véhicules - frontale,,,,,,,,,,,1,2,2,1,1
201500027598,0015-09-15 12:31:00,15,9,15,12,31,490,7,"0, SALPINTE",47.44882,-0.55249,Plein jour,En agglomération,Intersection en X,Normale,Autre collision,,,,,,,,,,,1,2,2,1,6
201500027599,0015-09-15 13:00:00,15,9,15,13,0,490,7,"0, BEAUSSIER BOULEVARD",47.47285,-0.59979,Plein jour,En agglomération,Hors intersection,Normale,Deux véhicules - frontale,,,,,,,,,,,1,2,1,1,1
201500027600,0015-09-16 08:15:00,15,9,16,8,15,490,246,"0, GALLIENI AVENUE",47.43592,-0.51976,Crépuscule ou aube,En agglomération,Hors intersection,Pluie légère,Autre collision,,,,,,,,,,,2,2,1,2,6
201500027601,0015-09-16 11:55:00,15,9,16,11,55,490,7,"0, MOULIN BOULEVARD",47.49225,-0.55482,Plein jour,En agglomération,Hors intersection,Pluie forte,Deux véhicules - frontale,,,,,,,,,,,1,2,1,3,1
201500027602,0015-09-17 17:46:00,15,9,17,17,46,490,246,"0, A87N",47.47427,-0.54648,Crépuscule ou aube,Hors agglomération,Hors intersection,Pluie forte,Trois véhicules et plus - en chaîne,,,,,,,,,,,2,1,1,3,4
201500027603,0015-09-17 17:17:00,15,9,17,17,17,490,7,"0, BON PASTEUR BOULEVARD",47.47114,-0.56495,Plein jour,En agglomération,Hors intersection,Normale,Autre collision,,,,,,,,,,,1,2,1,1,6
201500027604,0015-09-17 07:24:00,15,9,17,7,24,490,7,"0, CARNOT",47.47427,-0.54648,Nuit sans éclairage public,En agglomération,Intersection en X,Normale,Autre collision,,,,,,,,,,,3,2,2,1,6
201500027605,0015-09-18 10:04:00,15,9,18,10,4,490,7,"0, HOCHE",47.46778,-0.55909,Plein jour,En agglomération,Intersection en X,Pluie légère,Autre collision,,,,,,,,,,,1,2,2,2,6
201500027606,0015-09-21 18:05:00,15,9,21,18,5,490,7,"0, CARNOT",47.47449,-0.54679,Plein jour,En agglomération,Hors intersection,Normale,Autre collision,,,,,,,,,,,1,2,1,1,6
201500027607,0015-09-22 07:20:00,15,9,22,7,20,490,15,"0, MEIGNANNE ROUTE DE LA",47.49927,-0.61977,Plein jour,Hors agglomération,Intersection en T,Normale,Sans collision,,,,,,,,,,,1,1,3,1,7
201500027608,0015-09-24 07:21:00,15,9,24,7,21,490,15,"0, MENDES FRANCE AVENUE",47.50135,-0.58462,Nuit avec éclairage allumé,En agglomération,Hors intersection,Normale,Sans collision,,,,,,,,,,,5,2,1,1,7
201500027609,0015-09-24 07:53:00,15,9,24,7,53,490,246,"0, CHAUVIN AVENUE",47.43246,-0.53339,Crépuscule ou aube,En agglomération,Hors intersection,Normale,Deux véhicules - frontale,,,,,,,,,,,2,2,1,1,1
201500027610,0015-09-25 12:20:00,15,9,25,12,20,490,7,"0, LARREY",47.47928,-0.55562,Plein jour,En agglomération,Intersection en X,Normale,Deux véhicules - côté,,,,,,,,,,,1,2,2,1,3
201500027611,0015-09-25 15:45:00,15,9,25,15,45,490,7,"32, GAIN ( LOUIS)",47.46861,-0.53927,Plein jour,En agglomération,Hors intersection,Normale,Deux véhicules - arrière,,,,,,,,,,,1,2,1,1,2
201500027612,0015-09-28 17:11:00,15,9,28,17,11,490,7,"72, MONPLAISIR BOULEVARD",47.48843,-0.51793,Plein jour,En agglomération,Hors intersection,Normale,Trois véhicules et plus - en chaîne,,,,,,,,,,,1,2,1,1,4
201500027613,0015-09-28 18:17:00,15,9,28,18,17,490,7,"77, PARMENTIER",47.45253,-0.51624,Plein jour,En agglomération,Hors intersection,Normale,Deux véhicules - arrière,,,,,,,,,,,1,2,1,1,2
201500027614,0015-09-29 23:50:00,15,9,29,23,50,490,7,"0, BRESSIGNY",47.46638,-0.54768,Nuit avec éclairage allumé,En agglomération,Intersection en X,Normale,Deux véhicules - côté,,,,,,,,,,,5,2,2,1,3
201500027615,0015-09-28 11:41:00,15,9,28,11,41,490,246,"0, PORTE PERRIERE CHEMIN",47.4385,-0.50851,Plein jour,En agglomération,Giratoire,Normale,Autre collision,,,,,,,,,,,1,2,6,1,6
201500027616,0015-09-29 16:10:00,15,9,29,16,10,490,7,"0, CLEMENCEAU BOULEVARD",47.47614,-0.56661,Plein jour,En agglomération,Hors intersection,Normale,Deux véhicules - frontale,,,,,,,,,,,1,2,1,1,1
201500027617,0015-09-28 19:33:00,15,9,28,19,33,490,7,"0, ROE",47.4735,-0.55403,Plein jour,En agglomération,Intersection en X,Normale,Autre collision,,,,,,,,,,,1,2,2,1,6
201500027618,0015-10-02 03:50:00,15,10,2,3,50,490,7,"0, VOIE DES BERGES",47.46997,-0.56244,Nuit avec éclairage allumé,Hors agglomération,Autre intersection,Normale,Autre collision,,,,,,,,,,,5,1,9,1,6
201500027619,0015-10-02 07:50:00,15,10,2,7,50,490,7,"0, BEAUSSIER BOULEVARD",47.47925,-0.59755,Plein jour,En agglomération,Intersection en T,Normale,Deux véhicules - côté,,,,,,,,,,,1,2,3,1,3
201500027620,0015-10-02 15:40:00,15,10,2,15,40,490,7,"0, HANNELOUP",47.46813,-0.54687,Plein jour,En agglomération,Hors intersection,Normale,Deux véhicules - côté,,,,,,,,,,,1,2,1,1,3
201500027621,0015-10-05 17:19:00,15,10,5,17,19,490,7,"0, BARANGE BOULEVARD",47.45558,-0.56989,Plein jour,En agglomération,Hors intersection,Normale,Autre collision,,,,,,,,,,,1,2,1,1,6
201500027622,0015-10-06 07:34:00,15,10,6,7,34,490,7,"200, GASNIER AVENUE",47.48911,-0.57485,Nuit avec éclairage allumé,En agglomération,Hors intersection,Pluie légère,Autre collision,,,,,,,,,,,5,2,1,2,6
201500027623,0015-10-09 17:44:00,15,10,9,17,44,490,15,RUE DES CHENES,47.49872,-0.58447,Plein jour,En agglomération,Intersection en X,Normale,Deux véhicules - côté,,,,,,,,,,,1,2,2,1,3
201500027624,0015-10-12 10:00:00,15,10,12,10,0,490,246,"21, MOULIN MARCILLE CHEM",47.4365,-0.50349,Plein jour,En agglomération,Hors intersection,Normale,Trois véhicules et plus - en chaîne,,,,,,,,,,,1,2,1,1,4
201500027625,0015-10-12 12:26:00,15,10,12,12,26,490,7,"0, MONTAIGNE AVENUE",47.4722,-0.54087,Plein jour,En agglomération,Hors intersection,Normale,Deux véhicules - côté,,,,,,,,,,,1,2,1,1,3
201500027626,0015-10-14 15:10:00,15,10,14,15,10,490,7,"32, ROI RENE BOULEVARD",47.46839,-0.55795,Plein jour,En agglomération,Hors intersection,Normale,Autre collision,,,,,,,,,,,1,2,1,1,6
201500027627,0015-10-14 16:45:00,15,10,14,16,45,490,7,"19, GAIN ( LOUIS)",47.46917,-0.54019,Plein jour,En agglomération,Hors intersection,Normale,Autre collision,,,,,,,,,,,1,2,1,1,6
201500027628,0015-10-14 15:00:00,15,10,14,15,0,490,353,"252, REPUBLIQUE AVENUE",47.45077,-0.50738,Plein jour,En agglomération,Autre intersection,Normale,Autre collision,,,,,,,,,,,1,2,9,1,6
201500027629,0015-10-15 17:35:00,15,10,15,17,35,490,7,"19, DIDEROT IMPASSE",47.46704,-0.53293,Plein jour,En agglomération,Intersection en T,Normale,Deux véhicules - côté,,,,,,,,,,,1,2,3,1,3
201500027630,0015-10-17 15:00:00,15,10,17,15,0,490,7,"0, BESNADIERE",47.47937,-0.54463,Plein jour,En agglomération,Intersection en X,Normale,Deux véhicules - côté,,,,,,,,,,,1,2,2,1,3
201500027631,0015-10-17 17:10:00,15,10,17,17,10,490,7,MONPROFIT PLACE,47.4743,-0.56789,Plein jour,En agglomération,Intersection en T,Normale,Deux véhicules - côté,,,,,,,,,,,1,2,3,1,3
201500027632,0015-10-17 09:53:00,15,10,17,9,53,490,7,RUE LEKEU,47.47156,-0.52279,Plein jour,En agglomération,Hors intersection,Normale,Autre collision,,,,,,,,,,,1,2,1,1,6
201500027633,0015-10-20 22:05:00,15,10,20,22,5,490,7,BLANCHERAIE AVENUE,47.46706,-0.56101,Nuit avec éclairage non allumé,En agglomération,Intersection en T,Normale,Deux véhicules - côté,,,,,,,,,,,4,2,3,1,3
201500027634,0015-10-21 10:19:00,15,10,21,10,19,490,7,MONPROFIT PLACE,47.47437,-0.56715,Plein jour,En agglomération,Intersection à plus de 4 branches,Normale,Autre collision,,,,,,,,,,,1,2,5,1,6
201500027635,0015-10-22 20:40:00,15,10,22,20,40,490,7,AYRAULT,47.4773,-0.55329,Nuit avec éclairage allumé,En agglomération,Intersection en T,Normale,Deux véhicules - côté,,,,,,,,,,,5,2,3,1,3