accident_id,datetime,annee,mois,jour,heure,minute,departement,commune_insee,adresse,latitude,longitude,luminosite,agglomeration,intersection,meteo,collision,nb_vehicules,nb_usagers,nb_indemnes,nb_tues,nb_blesses_hosp,nb_blesses_legers,age_cond_1,age_cond_2,veh_type_cond_1,veh_type_cond_2,lum_code,agg_code,int_code,atm_code,col_code
201500027636,0015-10-23 23:00:00,15,10,23,23,0,490,7,LAMORICIERE AVENUE,47.47827,-0.53448,Nuit avec éclairage allumé,Hors agglomération,Intersection en X,Normale,Deux véhicules - côté,,,,,,,,,,,5,1,2,1,3
201500027637,0015-10-22 19:45:00,15,10,22,19,45,490,7,Rue QUINET,47.45983,-0.54236,Nuit avec éclairage allumé,En agglomération,Intersection en T,Normale,Trois véhicules et plus - collisions multiples,,,,,,,,,,,5,2,3,1,5
201500027638,0015-10-23 17:21:00,15,10,23,17,21,490,7,PATTON AVENUE,47.47318,-0.59982,Plein jour,En agglomération,Intersection en X,Normale,Deux véhicules - côté,,,,,,,,,,,1,2,2,1,3
201500027639,0015-10-24 21:00:00,15,10,24,21,0,490,7,ESTIENNE D'ORVES BOULEVA,47.45554,-0.52999,Nuit avec éclairage allumé,En agglomération,Hors intersection,Normale,Deux véhicules - arrière,,,,,,,,,,,5,2,1,1,2
201500027640,0015-10-27 17:19:00,15,10,27,17,19,490,7,JEANNE D'ARC AVENUE,47.46825,-0.5401,Plein jour,En agglomération,Hors intersection,Normale,Autre collision,,,,,,,,,,,1,2,1,1,6
201500027641,0015-10-27 12:25:00,15,10,27,12,25,490,7,MANDEL,47.4703,-0.60185,Plein jour,En agglomération,Autre intersection,Normale,Autre collision,,,,,,,,,,,1,2,9,1,6
201500027642,0015-10-25 07:02:00,15,10,25,7,2,490,246,"00, A87N",47.42703,-0.50434,Plein jour,Hors agglomération,Hors intersection,Normale,Autre collision,,,,,,,,,,,1,1,1,1,6
201500027643,0015-10-28 18:32:00,15,10,28,18,32,490,7,ARAGO BOULEVARD,47.47854,-0.55622,Nuit avec éclairage allumé,En agglomération,Intersection en X,Normale,Deux véhicules - côté,,,,,,,,,,,5,2,2,1,3
201500027644,0015-11-03 17:30:00,15,11,3,17,30,490,267,"0, RD 347",47.4725,-0.49725,Crépuscule ou aube,Hors agglomération,Hors intersection,Pluie légère,Trois véhicules et plus - en chaîne,,,,,,,,,,,2,1,1,2,4
201500027645,0015-11-03 17:22:00,15,11,3,17,22,490,7,ATLANTIQUE  AVENUE DE,47.47296,-0.61677,Plein jour,Hors agglomération,Hors intersection,Normale,Deux véhicules - arrière,,,,,,,,,,,1,1,1,1,2
201500027646,0015-11-03 09:15:00,15,11,3,9,15,490,7,CARNOT,47.47453,-0.54682,Plein jour,En agglomération,Intersection en X,Normale,Deux véhicules - côté,,,,,,,,,,,1,2,2,1,3
201500027647,0015-11-03 15:06:00,15,11,3,15,6,490,353,"28, JEAN JAURES RUE",47.44113,-0.49115,Plein jour,En agglomération,Hors intersection,Normale,Autre collision,,,,,,,,,,,1,2,1,1,6
201500027648,0015-11-04 07:38:00,15,11,4,7,38,490,15,VIOLETTE AVENUE DE LA,47.5053,-0.57752,Crépuscule ou aube,Hors agglomération,Hors intersection,Normale,Sans collision,,,,,,,,,,,2,1,1,1,7
201500027649,0015-11-04 10:45:00,15,11,4,10,45,490,7,"0, LAC DE MAINE AVENUE",47.4684,-0.58908,Plein jour,En agglomération,Autre intersection,Normale,Autre collision,,,,,,,,,,,1,2,9,1,6
201500027650,0015-11-04 10:30:00,15,11,4,10,30,490,7,"0, BARANGE BOULEVARD",47.45485,-0.56846,Plein jour,En agglomération,Hors intersection,Normale,Autre collision,,,,,,,,,,,1,2,1,1,6
201500027651,0015-11-05 21:35:00,15,11,5,21,35,490,7,BEDIER BOULEVARD,47.45259,-0.54057,Nuit avec éclairage allumé,En agglomération,Intersection en X,Normale,Autre collision,,,,,,,,,,,5,2,2,1,6
201500027652,0015-11-06 07:45:00,15,11,6,7,45,490,267,"01, CHAMPFLEUR",47.47837,-0.50546,Plein jour,En agglomération,Hors intersection,Pluie légère,Deux véhicules - côté,,,,,,,,,,,1,2,1,2,3
201500027653,0015-11-06 11:45:00,15,11,6,11,45,490,7,LAC DE MAINE AVENUE,47.46638,-0.59208,Plein jour,En agglomération,Hors intersection,Normale,Sans collision,,,,,,,,,,,1,2,1,1,7
201500027654,0015-11-06 19:35:00,15,11,6,19,35,490,246,JEMMAPES QUAI,47.41971,-0.52349,Nuit avec éclairage allumé,En agglomération,Intersection en T,Normale,Deux véhicules - côté,,,,,,,,,,,5,2,3,1,3
201500027655,0015-11-06 15:20:00,15,11,6,15,20,490,353,Bd Jean Pena,47.43904,-0.48666,Plein jour,En agglomération,Giratoire,Normale,Sans collision,,,,,,,,,,,1,2,6,1,7
201500027656,0015-11-07 17:40:00,15,11,7,17,40,490,267,BRETONNIERES BOULEVARD,47.47777,-0.50981,Plein jour,En agglomération,Hors intersection,Normale,Deux véhicules - côté,,,,,,,,,,,1,2,1,1,3
201500027657,0015-11-09 14:50:00,15,11,9,14,50,490,7,GASNIER AVENUE,47.48743,-0.57354,Plein jour,En agglomération,Intersection en X,Normale,Deux véhicules - arrière,,,,,,,,,,,1,2,2,1,2
201500027658,0015-11-12 12:45:00,15,11,12,12,45,490,7,RD 323,47.48219,-0.54995,Plein jour,Hors agglomération,Hors intersection,Normale,Deux véhicules - côté,,,,,,,,,,,1,1,1,1,3
201500027659,0015-11-16 11:30:00,15,11,16,11,30,490,7,BASSE CHAINE PONT,47.47047,-0.56342,Plein jour,En agglomération,Intersection en X,Normale,Deux véhicules - côté,,,,,,,,,,,1,2,2,1,3
201500027660,0015-11-14 14:55:00,15,11,14,14,55,490,7,"78, MONTAIGNE AVENUE",47.46897,-0.53248,Plein jour,En agglomération,Intersection en X,Normale,Deux véhicules - côté,,,,,,,,,,,1,2,2,1,3
201500027661,0015-11-14 11:20:00,15,11,14,11,20,490,7,"0, PATTON AVENUE",47.47358,-0.58122,Plein jour,En agglomération,Intersection en X,Normale,Deux véhicules - côté,,,,,,,,,,,1,2,2,1,3
201500027662,0015-11-13 14:34:00,15,11,13,14,34,490,7,"07, CHATEAU D'ORGEMONT R",47.4546,-0.54783,Plein jour,Hors agglomération,Intersection en X,Normale,Deux véhicules - arrière,,,,,,,,,,,1,1,2,1,2
201500027663,0015-11-17 12:23:00,15,11,17,12,23,490,7,BD AYRAULT,47.47725,-0.55332,Plein jour,En agglomération,Intersection en X,Pluie légère,Deux véhicules - frontale,,,,,,,,,,,1,2,2,2,1
201500027664,0015-11-13 08:30:00,15,11,13,8,30,490,15,,47.50208,-0.59711,Crépuscule ou aube,Hors agglomération,Hors intersection,Normale,Sans collision,,,,,,,,,,,2,1,1,1,7
201500027665,0015-11-15 05:23:00,15,11,15,5,23,490,353,"0, ANDARD ROUTE",47.44619,-0.45615,Nuit sans éclairage public,Hors agglomération,Hors intersection,Normale,Sans collision,,,,,,,,,,,3,1,1,1,7
201500027666,0015-11-13 08:55:00,15,11,13,8,55,490,7,"0, BARANGE BOULEVARD",47.45529,-0.5698,Crépuscule ou aube,En agglomération,Hors intersection,Normale,Autre collision,,,,,,,,,,,2,2,1,1,6
201500027667,0015-11-17 19:08:00,15,11,17,19,8,490,7,BEDIER BOULEVARD,47.45093,-0.54949,Nuit avec éclairage allumé,En agglomération,Intersection en Y,Pluie légère,Autre collision,,,,,,,,,,,5,2,4,2,6
201500027668,0015-11-18 13:50:00,15,11,18,13,50,490,7,"26, MONTAIGNE AVENUE",47.4714,-0.53827,Plein jour,En agglomération,Intersection en Y,Pluie légère,Sans collision,,,,,,,,,,,1,2,4,2,7
201500027669,0015-11-18 13:50:00,15,11,18,13,50,490,7,VOIE DES BERGES,47.48758,-0.54671,Plein jour,Hors agglomération,Hors intersection,Pluie légère,Sans collision,,,,,,,,,,,1,1,1,2,7
201500027670,0015-11-18 15:40:00,15,11,18,15,40,490,7,TALOT,47.4674,-0.55577,Plein jour,En agglomération,Intersection en T,Pluie légère,Deux véhicules - côté,,,,,,,,,,,1,2,3,2,3
201500027671,0015-11-19 12:21:00,15,11,19,12,21,490,7,ALLONNEAU(AUGUSTE) Bd,47.4824,-0.52673,Plein jour,En agglomération,Hors intersection,Normale,Autre collision,,,,,,,,,,,1,2,1,1,6
201500027672,0015-11-20 09:00:00,15,11,20,9,0,490,7,RABELAIS,47.4581,-0.54456,Plein jour,En agglomération,Giratoire,Pluie forte,Deux véhicules - côté,,,,,,,,,,,1,2,6,3,3
201500027673,0015-11-20 19:18:00,15,11,20,19,18,490,7,VOIE DES BERGES,47.47325,-0.5568,Nuit avec éclairage allumé,En agglomération,Hors intersection,Pluie légère,Deux véhicules - arrière,,,,,,,,,,,5,2,1,2,2
201500027674,0015-11-22 15:10:00,15,11,22,15,10,490,7,PLAC CHAPEAU DE GENDARME,47.45108,-0.55571,Plein jour,En agglomération,Hors intersection,Normale,Autre collision,,,,,,,,,,,1,2,1,1,6
201500027675,0015-11-21 19:00:00,15,11,21,19,0,490,7,3 rue ENGUEHARD,47.46236,-0.61577,Nuit avec éclairage allumé,En agglomération,Hors intersection,Normale,Autre collision,,,,,,,,,,,5,2,1,1,6
201500027676,0015-11-23 19:04:00,15,11,23,19,4,490,7,"1, CUSSONEAU",47.46946,-0.53181,Nuit avec éclairage allumé,En agglomération,Hors intersection,Normale,Deux véhicules - arrière,,,,,,,,,,,5,2,1,1,2
201500027677,0015-11-24 12:51:00,15,11,24,12,51,490,7,"0, TARDAT",47.45027,-0.55281,Plein jour,En agglomération,Intersection en X,Pluie légère,Autre collision,,,,,,,,,,,1,2,2,2,6
201500027678,0015-11-25 14:40:00,15,11,25,14,40,490,15,"0, ETANG ROUTE",47.50724,-0.60771,Plein jour,En agglomération,Intersection en X,Normale,Deux véhicules - côté,,,,,,,,,,,1,2,2,1,3
201500027679,0015-11-25 16:15:00,15,11,25,16,15,490,15,POMPIDOU AVENUE GEORGES,47.49302,-0.59155,Plein jour,En agglomération,Hors intersection,Normale,Sans collision,,,,,,,,,,,1,2,1,1,7
201500027680,0015-11-25 19:22:00,15,11,25,19,22,490,267,BD de la CHANTERIE,47.4848,-0.48976,Nuit sans éclairage public,Hors agglomération,Hors intersection,Normale,Sans collision,,,,,,,,,,,3,1,1,1,7
201500027681,0015-11-26 17:15:00,15,11,26,17,15,490,7,"0, BESSONEAU",47.47132,-0.54691,Crépuscule ou aube,En agglomération,Hors intersection,Normale,Deux véhicules - côté,,,,,,,,,,,2,2,1,1,3
201500027682,0015-11-26 15:45:00,15,11,26,15,45,490,7,TALET AVENUE,47.4752,-0.54852,Plein jour,En agglomération,Intersection en T,Normale,Deux véhicules - côté,,,,,,,,,,,1,2,3,1,3
201500027683,0015-11-25 16:10:00,15,11,25,16,10,490,7,"0, PAUL BERT",47.46581,-0.55197,Plein jour,En agglomération,Hors intersection,Normale,Sans collision,,,,,,,,,,,1,2,1,1,7
201500027684,0015-11-28 18:50:00,15,11,28,18,50,490,7,ROI DE POLOGNE QUAI,47.46895,-0.56403,Nuit avec éclairage non allumé,En agglomération,Hors intersection,Normale,Deux véhicules - arrière,,,,,,,,,,,4,2,1,1,2
201500027685,0015-11-28 11:15:00,15,11,28,11,15,490,7,"0, VOIE DES BERGES",47.4893,-0.54505,Plein jour,Hors agglomération,Hors intersection,Normale,Autre collision,,,,,,,,,,,1,1,1,1,6
201500027686,0015-11-27 18:00:00,15,11,27,18,0,490,246,A87N,47.43786,-0.51022,Crépuscule ou aube,Hors agglomération,Hors intersection,Pluie légère,Deux véhicules - arrière,,,,,,,,,,,2,1,1,2,2
201500027687,0015-11-30 09:20:00,15,11,30,9,20,490,7,BD CARNOT,47.47531,-0.54851,Plein jour,En agglomération,Hors intersection,Normale,Deux véhicules - arrière,,,,,,,,,,,1,2,1,1,2
201500027688,0015-11-29 14:40:00,15,11,29,14,40,490,7,"17, LISE",47.47259,-0.54265,Plein jour,En agglomération,Intersection en T,Temps couvert,Autre collision,,,,,,,,,,,1,2,3,8,6
201500027689,0015-11-30 07:30:00,15,11,30,7,30,490,267,A87N,47.47099,-0.51048,Crépuscule ou aube,Hors agglomération,Hors intersection,Normale,Sans collision,,,,,,,,,,,2,1,1,1,7
201500027690,0015-11-27 19:10:00,15,11,27,19,10,490,7,ARAGON AVENUE,47.47035,-0.5693,Nuit avec éclairage allumé,Hors agglomération,Giratoire,Normale,Sans collision,,,,,,,,,,,5,1,6,1,7
201500027691,0015-12-02 11:15:00,15,12,2,11,15,490,7,BRISSET SQUARE,47.47458,-0.58511,Plein jour,En agglomération,Intersection en X,Normale,Deux véhicules - côté,,,,,,,,,,,1,2,2,1,3
201500027692,0015-12-04 13:50:00,15,12,4,13,50,490,7,MILLOT BOULEVARD JACQUES,47.45759,-0.53312,Plein jour,En agglomération,Intersection en X,Normale,Autre collision,,,,,,,,,,,1,2,2,1,6
201500027693,0015-12-03 09:00:00,15,12,3,9,0,490,7,37 BD JEAN  MOULIN,47.49223,-0.55433,Plein jour,En agglomération,Hors intersection,Normale,Deux véhicules - côté,,,,,,,,,,,1,2,1,1,3
201500027694,0015-12-04 20:05:00,15,12,4,20,5,490,7,"1, ROI RENE BOULEVARD",47.46688,-0.55433,Plein jour,En agglomération,Intersection en T,Normale,Deux véhicules - côté,,,,,,,,,,,1,2,3,1,3
201500027695,0015-12-06 19:56:00,15,12,6,19,56,490,7,"103, SAINT MICHEL BOULEV",47.47355,-0.54097,Plein jour,En agglomération,Hors intersection,Normale,Deux véhicules - frontale,,,,,,,,,,,1,2,1,1,1
201500027696,0015-12-06 12:30:00,15,12,6,12,30,490,7,RUE CHAUSSEE ST PIERRE,47.47083,-0.55298,Plein jour,En agglomération,Hors intersection,Normale,Sans collision,,,,,,,,,,,1,2,1,1,7
201500027697,0015-12-05 11:34:00,15,12,5,11,34,490,7,"1, TURPIN DE CRISSE AVEN",47.46477,-0.55414,Plein jour,En agglomération,Hors intersection,Normale,Autre collision,,,,,,,,,,,1,2,1,1,6
201500027698,0015-12-04 15:36:00,15,12,4,15,36,490,15,LANGEVIN RUE PAUL,47.51806,-0.61059,Plein jour,En agglomération,Hors intersection,Normale,Deux véhicules - côté,,,,,,,,,,,1,2,1,1,3
201500027699,0015-12-05 10:37:00,15,12,5,10,37,490,7,LAITERIE IMPASSE ET PLAC,47.47524,-0.56257,Plein jour,En agglomération,Intersection en T,Normale,Autre collision,,,,,,,,,,,1,2,3,1,6
201500027700,0015-12-07 16:45:00,15,12,7,16,45,490,267,ROMANERIE BOULEVARD,47.48255,-0.50171,Plein jour,En agglomération,Hors intersection,Normale,Sans collision,,,,,,,,,,,1,2,1,1,7
201500027701,0015-12-08 12:50:00,15,12,8,12,50,490,7,58 RUE QUINCONCE,47.46813,-0.54159,Plein jour,En agglomération,Intersection en X,Normale,Deux véhicules - côté,,,,,,,,,,,1,2,2,1,3
201500027702,0015-12-11 13:20:00,15,12,11,13,20,490,15,AV du 11 NOVEMBRE 1918,47.50681,-0.59364,Plein jour,En agglomération,Hors intersection,Normale,Autre collision,,,,,,,,,,,1,2,1,1,6
201500027703,0015-12-12 15:00:00,15,12,12,15,0,490,7,"0, GRAND MONTREJEAU",47.46861,-0.52758,Plein jour,En agglomération,Giratoire,Normale,Deux véhicules - côté,,,,,,,,,,,1,2,6,1,3
201500027704,0015-12-14 19:07:00,15,12,14,19,7,490,7,"0, VIGNE PLACE ET RUE",47.47552,-0.58603,Nuit avec éclairage allumé,En agglomération,Autre intersection,Normale,Deux véhicules - côté,,,,,,,,,,,5,2,9,1,3
201500027705,0015-12-15 07:47:00,15,12,15,7,47,490,15,La PLESSE,47.49767,-0.62073,Nuit sans éclairage public,En agglomération,Hors intersection,Normale,Sans collision,,,,,,,,,,,3,2,1,1,7
201500027706,0015-12-16 13:00:00,15,12,16,13,0,490,7,Rue du chateau ORGEMONT,47.44952,-0.54434,Plein jour,En agglomération,Intersection en T,Normale,Autre collision,,,,,,,,,,,1,2,3,1,6
201500027707,0015-12-16 19:40:00,15,12,16,19,40,490,246,"0, MAISONS ROUGES CHEMIN",47.43529,-0.51324,Nuit avec éclairage allumé,En agglomération,Hors intersection,Normale,Autre collision,,,,,,,,,,,5,2,1,1,6
201500027708,0015-12-16 13:55:00,15,12,16,13,55,490,7,"81, LETANDUERE",47.45706,-0.55398,Plein jour,En agglomération,Intersection en X,Pluie légère,Deux véhicules - côté,,,,,,,,,,,1,2,2,2,3
201500027709,0015-12-17 09:50:00,15,12,17,9,50,490,7,"0, ECCE HOMO BOULEVARD",47.46424,-0.56484,Plein jour,En agglomération,Intersection en T,Normale,Deux véhicules - côté,,,,,,,,,,,1,2,3,1,3
201500027710,0015-12-18 18:10:00,15,12,18,18,10,490,7,RD 323,47.47553,-0.55513,Crépuscule ou aube,En agglomération,Hors intersection,Normale,Deux véhicules - arrière,,,,,,,,,,,2,2,1,1,2
201500027711,0015-12-21 19:15:00,15,12,21,19,15,490,7,ROMANERIE BOULEVARD,47.48633,-0.5142,Nuit avec éclairage allumé,En agglomération,Intersection en X,Normale,Deux véhicules - côté,,,,,,,,,,,5,2,2,1,3
201500027712,0015-12-22 15:35:00,15,12,22,15,35,490,7,"00, MONTAIGNE AVENUE",47.46834,-0.53064,Plein jour,En agglomération,Hors intersection,Normale,Trois véhicules et plus - en chaîne,,,,,,,,,,,1,2,1,1,4
201500027713,0015-12-23 14:40:00,15,12,23,14,40,490,7,BICHON PLACE,47.47875,-0.56505,Plein jour,En agglomération,Hors intersection,Normale,Deux véhicules - côté,,,,,,,,,,,1,2,1,1,3
201500027714,0015-12-27 20:22:00,15,12,27,20,22,490,7,PONTS DE CE,47.44862,-0.53672,Nuit avec éclairage allumé,En agglomération,Intersection en X,Normale,Deux véhicules - côté,,,,,,,,,,,5,2,2,1,3
201500027715,0015-12-27 05:25:00,15,12,27,5,25,490,7,"5, JEANNE D'ARC AVENUE",47.46992,-0.54409,Nuit avec éclairage non allumé,En agglomération,Hors intersection,Normale,Sans collision,,,,,,,,,,,4,2,1,1,7
201500027716,0015-12-26 19:30:00,15,12,26,19,30,490,7,"11, BRIOLLAY ROUTE",47.48687,-0.53255,Nuit avec éclairage allumé,En agglomération,Hors intersection,Normale,Autre collision,,,,,,,,,,,5,2,1,1,6
201500027717,0015-12-25 00:55:00,15,12,25,0,55,490,7,VOLNEY,47.46233,-0.54279,Nuit avec éclairage allumé,En agglomération,Hors intersection,Normale,Deux véhicules - frontale,,,,,,,,,,,5,2,1,1,1
201500027718,0015-12-24 19:40:00,15,12,24,19,40,490,353,"256, REPUBLIQUE AVENUE",47.45077,-0.50734,Nuit avec éclairage allumé,En agglomération,Hors intersection,Normale,Deux véhicules - frontale,,,,,,,,,,,5,2,1,1,1
201500027719,0015-12-29 07:40:00,15,12,29,7,40,490,15,MENDES FRANCE AVENUE,47.50201,-0.58509,Crépuscule ou aube,En agglomération,Giratoire,Normale,Sans collision,,,,,,,,,,,2,2,6,1,7
201500027720,0015-01-16 07:50:00,15,1,16,7,50,490,99,ARC (BD JEANNE D'),47.06434,-0.86783,Nuit avec éclairage allumé,En agglomération,Intersection en T,Normale,Deux véhicules - côté,,,,,,,,,,,5,2,3,1,3
201500027721,0015-10-03 17:55:00,15,10,3,17,55,490,99,MOINIE(BOULEVARD DE LA ),47.05606,-0.90231,Plein jour,En agglomération,Hors intersection,Normale,Autre collision,,,,,,,,,,,1,2,1,1,6
201500027722,0015-02-23 07:25:00,15,2,23,7,25,490,99,COUTELIERS (RUE DES),47.0495,-0.90323,Plein jour,En agglomération,Hors intersection,Temps couvert,Autre collision,,,,,,,,,,,1,2,1,8,6
201500027723,0015-01-19 12:35:00,15,1,19,12,35,490,99,"31, CARNOT (RUE SADI)",47.0613,-0.87062,Plein jour,En agglomération,Hors intersection,Normale,Autre collision,,,,,,,,,,,1,2,1,1,6
201500027724,0015-11-07 13:44:00,15,11,7,13,44,490,99,PEPINIERE (RUE DE LA),47.06078,-0.86535,Plein jour,En agglomération,Intersection en X,Normale,Deux véhicules - côté,,,,,,,,,,,1,2,2,1,3
201500027725,0015-05-22 19:25:00,15,5,22,19,25,490,99,CHENE ROND (AVENUE DU),47.04205,-0.8851,Plein jour,Hors agglomération,Intersection en X,Normale,Deux véhicules - côté,,,,,,,,,,,1,1,2,1,3
201500027726,0015-01-19 18:50:00,15,1,19,18,50,490,99,LORRAINE (RUE DE),47.05878,-0.86621,Nuit avec éclairage allumé,En agglomération,Intersection en X,Normale,Deux véhicules - côté,,,,,,,,,,,5,2,2,1,3
201500027727,0015-11-07 11:40:00,15,11,7,11,40,490,99,RAMBOURG (RUE DE),47.06734,-0.88501,Plein jour,En agglomération,Intersection en X,Normale,Autre collision,,,,,,,,,,,1,2,2,1,6
201500027728,0015-02-26 23:30:00,15,2,26,23,30,490,99,NATIONALE (RUE),47.00242,-0.89087,Nuit avec éclairage allumé,En agglomération,Giratoire,Pluie légère,Autre collision,,,,,,,,,,,5,2,6,2,6
201500027729,0015-01-21 17:45:00,15,1,21,17,45,490,99,rue servan,47.06408,-0.90047,Crépuscule ou aube,En agglomération,Hors intersection,Normale,Autre collision,,,,,,,,,,,2,2,1,1,6
201500027730,0015-11-22 15:45:00,15,11,22,15,45,490,99,SAINT ANTOINE (RUE DE ),47.04999,-0.90734,Plein jour,Hors agglomération,Hors intersection,Normale,Deux véhicules - frontale,,,,,,,,,,,1,1,1,1,1
201500027731,0015-03-04 06:05:00,15,3,4,6,5,490,99,SABLES (AVENUE DES ),47.04217,-0.89872,Nuit sans éclairage public,En agglomération,Giratoire,Normale,Deux véhicules - côté,,,,,,,,,,,3,2,6,1,3
201500027732,0015-12-22 17:30:00,15,12,22,17,30,490,99,NAPOLEON BONAPARTE (AVEN,47.04787,-0.89337,Nuit avec éclairage allumé,En agglomération,Hors intersection,Normale,Deux véhicules - arrière,,,,,,,,,,,5,2,1,1,2
201500027733,0015-01-23 16:10:00,15,1,23,16,10,490,99,"8, DARMAILLACQ (RUE ALPH",47.06239,-0.87585,Plein jour,En agglomération,Hors intersection,Temps couvert,Autre collision,,,,,,,,,,,1,2,1,8,6
201500027734,0015-03-11 11:15:00,15,3,11,11,15,490,99,"119, PASTEUR (RUE LOUIS)",47.0674,-0.89592,Plein jour,En agglomération,Hors intersection,Normale,Deux véhicules - côté,,,,,,,,,,,1,2,1,1,3
201500027735,0015-01-31 06:24:00,15,1,31,6,24,490,99,TOURS (RUE DE),47.07234,-0.85396,Nuit avec éclairage allumé,En agglomération,Hors intersection,Normale,Autre collision,,,,,,,,,,,5,2,1,1,6
201500027736,0015-03-19 10:00:00,15,3,19,10,0,490,99,BOCAGE (RUE DU),47.05316,-0.8649,Plein jour,En agglomération,Hors intersection,Normale,Autre collision,,,,,,,,,,,1,2,1,1,6
201500027737,0015-12-03 07:00:00,15,12,3,7,0,490,99,"134, GIRARDIERE (RUE DE",47.04066,-0.90172,Nuit avec éclairage allumé,En agglomération,Hors intersection,Normale,Autre collision,,,,,,,,,,,5,2,1,1,6
201500027738,0015-03-20 16:55:00,15,3,20,16,55,490,99,DELHUMEAU PLESSIS (BD),47.05571,-0.8763,Plein jour,En agglomération,Giratoire,Pluie légère,Autre collision,,,,,,,,,,,1,2,6,2,6
201500027739,0015-12-09 08:00:00,15,12,9,8,0,490,99,MINEE(BOULEVARD DE LA),47.05236,-0.86927,Crépuscule ou aube,En agglomération,Intersection en X,Normale,Autre collision,,,,,,,,,,,2,2,2,1,6
201500027740,0015-12-11 14:30:00,15,12,11,14,30,490,99,MINEE(BOULEVARD DE LA),47.05244,-0.86929,Plein jour,En agglomération,Intersection en X,Temps couvert,Autre collision,,,,,,,,,,,1,2,2,8,6
201500027741,0015-03-30 21:45:00,15,3,30,21,45,490,99,GODINIERE (BOULEVARD DE,47.07088,-0.90166,Nuit avec éclairage allumé,Hors agglomération,Hors intersection,Normale,Deux véhicules - côté,,,,,,,,,,,5,1,1,1,3
201500027742,0015-12-14 07:45:00,15,12,14,7,45,490,99,VICTOIRE (BOULEVARD DE L,47.05948,-0.87404,Nuit avec éclairage allumé,En agglomération,Intersection en T,Normale,Deux véhicules - côté,,,,,,,,,,,5,2,3,1,3
201500027743,0015-04-17 15:15:00,15,4,17,15,15,490,99,"2, RICHARDIERE (AVENUE D",47.04412,-0.88136,Plein jour,En agglomération,Hors intersection,Normale,Autre collision,,,,,,,,,,,1,2,1,1,6
201500027744,0015-12-30 08:15:00,15,12,30,8,15,490,99,"19, CARNOT (RUE SADI)",47.06106,-0.87142,Nuit avec éclairage allumé,En agglomération,Hors intersection,Normale,Autre collision,,,,,,,,,,,5,2,1,1,6
201500027745,0015-04-27 12:45:00,15,4,27,12,45,490,99,GIRARDIERE (RUE DE LA),47.04419,-0.89948,Plein jour,En agglomération,Intersection en X,Normale,Deux véhicules - côté,,,,,,,,,,,1,2,2,1,3
201500027746,0015-04-30 18:15:00,15,4,30,18,15,490,99,"25, MILLIASSEAU(RUE DU C",47.05122,-0.85508,Plein jour,En agglomération,Intersection en T,Pluie légère,Deux véhicules - côté,,,,,,,,,,,1,2,3,2,3
201500027747,0015-04-10 12:40:00,15,4,10,12,40,490,99,COUBERTIN (BOULEVARD PIE,47.04822,-0.87434,Plein jour,En agglomération,Hors intersection,Normale,Deux véhicules - arrière,,,,,,,,,,,1,2,1,1,2
201500027748,0015-06-25 22:30:00,15,6,25,22,30,490,99,BOIS LAVAU (BOULEVARD DE,47.07474,-0.88091,Nuit sans éclairage public,Hors agglomération,Hors intersection,Normale,Autre collision,,,,,,,,,,,3,1,1,1,6
201500027749,0015-04-14 12:50:00,15,4,14,12,50,490,99,PARADIS (RUE DU),47.06123,-0.87311,Plein jour,En agglomération,Intersection en X,Normale,Deux véhicules - côté,,,,,,,,,,,1,2,2,1,3
201500027750,0015-07-07 20:00:00,15,7,7,20,0,490,99,"256, PONEYS (RUE DES)",47.02723,-0.85308,Plein jour,Hors agglomération,Hors intersection,Normale,Autre collision,,,,,,,,,,,1,1,1,1,6
201500027751,0015-04-03 13:50:00,15,4,3,13,50,490,99,TRAVOT (PLACE ),47.0619,-0.87968,Plein jour,En agglomération,Intersection en T,Pluie légère,Autre collision,,,,,,,,,,,1,2,3,2,6
201500027752,0015-04-20 18:35:00,15,4,20,18,35,490,99,MAULEVRIER(RUE DE ),47.04952,-0.83698,Plein jour,Hors agglomération,Hors intersection,Temps éblouissant,Deux véhicules - frontale,,,,,,,,,,,1,1,1,7,1
201500027753,0015-04-05 13:50:00,15,4,5,13,50,490,99,CHARCOT (RUE JEAN-BAPTIS,47.05473,-0.86577,Plein jour,En agglomération,Hors intersection,Normale,Autre collision,,,,,,,,,,,1,2,1,1,6
201500027754,0015-04-11 10:25:00,15,4,11,10,25,490,99,MAUDET(AVENUE),47.05697,-0.87957,Plein jour,En agglomération,Hors intersection,Normale,Autre collision,,,,,,,,,,,1,2,1,1,6
201500027755,0015-04-19 01:40:00,15,4,19,1,40,490,99,CARNOT (RUE SADI),47.06305,-0.86595,Nuit avec éclairage allumé,En agglomération,Giratoire,Normale,Deux véhicules - frontale,,,,,,,,,,,5,2,6,1,1
201500027756,0015-04-24 20:10:00,15,4,24,20,10,490,99,TOURS (RUE DE),47.07245,-0.85572,Plein jour,En agglomération,Intersection en T,Temps couvert,Deux véhicules - côté,,,,,,,,,,,1,2,3,8,3
201500027757,0015-04-30 14:26:00,15,4,30,14,26,490,99,SOIXANTE DIX SEPTEME R.I,47.06566,-0.87074,Plein jour,En agglomération,Intersection en T,Pluie légère,Autre collision,,,,,,,,,,,1,2,3,2,6
201500027758,0015-04-30 21:15:00,15,4,30,21,15,490,99,MARNE (AVENUE DE LA),47.05,-0.89102,Nuit avec éclairage allumé,En agglomération,Intersection en X,Pluie légère,Trois véhicules et plus - collisions multiples,,,,,,,,,,,5,2,2,2,5
201500027759,0015-05-13 14:45:00,15,5,13,14,45,490,99,"5, HERAULT (BOULEVARD)",47.06828,-0.88036,Plein jour,En agglomération,Hors intersection,Normale,Autre collision,,,,,,,,,,,1,2,1,1,6