accident_id,datetime,annee,mois,jour,heure,minute,departement,commune_insee,adresse,latitude,longitude,luminosite,agglomeration,intersection,meteo,collision,nb_vehicules,nb_usagers,nb_indemnes,nb_tues,nb_blesses_hosp,nb_blesses_legers,age_cond_1,age_cond_2,veh_type_cond_1,veh_type_cond_2,lum_code,agg_code,int_code,atm_code,col_code
201500027884,0015-06-05 08:00:00,15,6,5,8,0,500,129,BD ATLANTIQUE/AV DE NORM,49.6269,-1.63676,Plein jour,En agglomération,Intersection en X,Normale,Sans collision,,,,,,,,,,,1,2,2,1,7
201500027885,0015-06-05 13:50:00,15,6,5,13,50,500,602,R GAMBETTA/AV NORTHEIM,49.6416,-1.58025,Plein jour,En agglomération,Intersection en X,Normale,Deux véhicules - côté,,,,,,,,,,,1,2,2,1,3
201500027886,0015-06-09 13:00:00,15,6,9,13,0,500,602,BD DE L'EST/R J MOULIN,49.6355,-1.56667,Plein jour,En agglomération,Giratoire,Normale,Deux véhicules - côté,,,,,,,,,,,1,2,6,1,3
201500027887,0015-06-12 10:35:00,15,6,12,10,35,500,173,BD DE LA SALINE/DES 3 HA,49.6487,-1.644,Plein jour,En agglomération,Intersection en T,Temps couvert,Deux véhicules - arrière,,,,,,,,,,,1,2,3,8,2
201500027888,0015-06-12 19:25:00,15,6,12,19,25,500,203,RUE LUCET,49.6233,-1.61269,Plein jour,En agglomération,Hors intersection,Normale,Sans collision,,,,,,,,,,,1,2,1,1,7
201500027889,0015-06-15 17:20:00,15,6,15,17,20,500,129,BD ATLANTIQUE/BECQUEREL,49.6269,-1.63676,Plein jour,En agglomération,Intersection en X,Normale,Deux véhicules - côté,,,,,,,,,,,1,2,2,1,3
201500027890,0015-06-21 03:00:00,15,6,21,3,0,500,173,,49.6456,-1.69339,Nuit avec éclairage non allumé,Hors agglomération,Hors intersection,Normale,Sans collision,,,,,,,,,,,4,1,1,1,7
201500027891,0015-06-22 14:10:00,15,6,22,14,10,500,173,BD DE LA SALINE/R VAUBAN,49.6539,-1.64908,Plein jour,En agglomération,Intersection en X,Pluie forte,Autre collision,,,,,,,,,,,1,2,2,3,6
201500027892,0015-06-15 08:00:00,15,6,15,8,0,500,602,RUE DU GNAL DE GAULLE,49.6387,-1.56406,Plein jour,En agglomération,Hors intersection,Normale,Deux véhicules - côté,,,,,,,,,,,1,2,1,1,3
201500027893,0015-06-26 18:20:00,15,6,26,18,20,500,129,QUAI DE CALIGNY,49.6404,-1.62157,Plein jour,En agglomération,Hors intersection,Normale,Deux véhicules - arrière,,,,,,,,,,,1,2,1,1,2
201500027894,0015-07-02 09:55:00,15,7,2,9,55,500,129,AV PLYMOUTH/BD ATLANTIQU,49.6323,-1.62376,Plein jour,En agglomération,Intersection en X,Pluie légère,Sans collision,,,,,,,,,,,1,2,2,2,7
201500027895,0015-07-03 05:30:00,15,7,3,5,30,500,602,RUE PIERRE BROSSOLETTE,49.6323,-1.58991,Crépuscule ou aube,En agglomération,Hors intersection,Normale,Sans collision,,,,,,,,,,,2,2,1,1,7
201500027896,0015-07-05 06:20:00,15,7,5,6,20,500,129,BD ATLANTIQUE/BECQUEREL,49.6269,-1.63676,Crépuscule ou aube,En agglomération,Intersection en X,Pluie forte,Deux véhicules - frontale,,,,,,,,,,,2,2,2,3,1
201500027897,0015-07-05 14:20:00,15,7,5,14,20,500,203,RUE MOULIN DE LA BANQUE,49.5955,-1.57912,Plein jour,Hors agglomération,Hors intersection,Normale,Sans collision,,,,,,,,,,,1,1,1,1,7
201500027898,0015-07-07 16:45:00,15,7,7,16,45,500,129,RUE DES VOSGES,49.6287,-1.62032,Plein jour,En agglomération,Hors intersection,Normale,Sans collision,,,,,,,,,,,1,2,1,1,7
201500027899,0015-07-07 10:10:00,15,7,7,10,10,500,129,ROND POINT DE THEMIS,49.6346,-1.61321,Plein jour,En agglomération,Giratoire,Normale,Deux véhicules - côté,,,,,,,,,,,1,2,6,1,3
201500027900,0015-07-10 11:40:00,15,7,10,11,40,500,602,,49.6525,-1.56759,Plein jour,En agglomération,Hors intersection,Normale,Sans collision,,,,,,,,,,,1,2,1,1,7
201500027901,0015-07-11 09:45:00,15,7,11,9,45,500,203,VALLEE DE QUINCAMPOIX,49.6155,-1.64026,Plein jour,Hors agglomération,Hors intersection,Normale,Deux véhicules - frontale,,,,,,,,,,,1,1,1,1,1
201500027902,0015-07-12 10:50:00,15,7,12,10,50,500,173,AV THIVET/ RUE TOT NEUF,49.6357,-1.66571,Plein jour,Hors agglomération,Intersection en X,Pluie légère,Deux véhicules - côté,,,,,,,,,,,1,1,2,2,3
201500027903,0015-01-06 13:50:00,15,1,6,13,50,500,602,RUE CHASSE AUX LOUPS,49.6386,-1.59085,Plein jour,En agglomération,Hors intersection,Normale,Sans collision,,,,,,,,,,,1,2,1,1,7
201500027904,0015-07-13 07:20:00,15,7,13,7,20,500,602,BOULEVARD MARITIME,49.6435,-1.60258,Plein jour,En agglomération,Hors intersection,Pluie légère,Sans collision,,,,,,,,,,,1,2,1,2,7
201500027905,0015-07-16 17:30:00,15,7,16,17,30,500,129,QUAI DE CALIGNY,49.6399,-1.62152,Plein jour,En agglomération,Hors intersection,Normale,Sans collision,,,,,,,,,,,1,2,1,1,7
201500027906,0015-07-17 12:40:00,15,7,17,12,40,500,416,,49.6481,-1.72161,Plein jour,Hors agglomération,Hors intersection,Pluie légère,Sans collision,,,,,,,,,,,1,1,1,2,7
201500027907,0015-07-19 19:40:00,15,7,19,19,40,500,173,BD DE LA SALINE,49.6514,-1.64664,Plein jour,En agglomération,Hors intersection,Pluie légère,Deux véhicules - arrière,,,,,,,,,,,1,2,1,2,2
201500027908,0015-07-20 07:35:00,15,7,20,7,35,500,602,RUE A LEMARESQUIER,49.6459,-1.58325,Plein jour,En agglomération,Intersection en X,Pluie légère,Sans collision,,,,,,,,,,,1,2,2,2,7
201500027909,0015-07-21 18:30:00,15,7,21,18,30,500,173,RUE DE LA PAIX,49.6485,-1.64933,Plein jour,En agglomération,Hors intersection,Normale,Sans collision,,,,,,,,,,,1,2,1,1,7
201500027910,0015-07-19 20:00:00,15,7,19,20,0,500,602,,49.6277,-1.58196,Plein jour,Hors agglomération,Hors intersection,Pluie légère,Sans collision,,,,,,,,,,,1,1,1,2,7
201500027911,0015-07-23 17:40:00,15,7,23,17,40,500,129,BD ATLANTIQUE/TANNERIES,49.6327,-1.62344,Plein jour,En agglomération,Intersection en X,Normale,Deux véhicules - frontale,,,,,,,,,,,1,2,2,1,1
201500027912,0015-07-25 16:50:00,15,7,25,16,50,500,203,,49.6125,-1.5627,Plein jour,Hors agglomération,Hors intersection,Normale,Deux véhicules - frontale,,,,,,,,,,,1,1,1,1,1
201500027913,0015-07-31 21:15:00,15,7,31,21,15,500,203,,49.6047,-1.59439,Plein jour,Hors agglomération,Hors intersection,Normale,Sans collision,,,,,,,,,,,1,1,1,1,7
201500027914,0015-08-06 23:20:00,15,8,6,23,20,500,129,QUAI DE L'ENTREPOT,49.6338,-1.62031,Nuit avec éclairage allumé,En agglomération,Hors intersection,Normale,Sans collision,,,,,,,,,,,5,2,1,1,7
201500027915,0015-08-07 19:55:00,15,8,7,19,55,500,129,RUE DE L'ABBAYE,49.6457,-1.63918,Plein jour,En agglomération,Hors intersection,Normale,Sans collision,,,,,,,,,,,1,2,1,1,7
201500027916,0015-08-11 06:30:00,15,8,11,6,30,500,203,LES R TERRES/CURIE,49.6093,-1.60027,Plein jour,En agglomération,Intersection en T,Pluie légère,Deux véhicules - arrière,,,,,,,,,,,1,2,3,2,2
201500027917,0015-08-13 16:45:00,15,8,13,16,45,500,129,R BARBEY A./R BRANLY,49.6303,-1.64555,Plein jour,En agglomération,Intersection en T,Normale,Deux véhicules - frontale,,,,,,,,,,,1,2,3,1,1
201500027918,0015-08-13 18:00:00,15,8,13,18,0,500,129,AV BREMERHAVEN/FEVRES,49.6313,-1.60762,Plein jour,En agglomération,Intersection en T,Pluie légère,Deux véhicules - arrière,,,,,,,,,,,1,2,3,2,2
201500027919,0015-08-18 17:00:00,15,8,18,17,0,500,129,R BECQUEREL/SALENGRO,49.6291,-1.6411,Plein jour,En agglomération,Intersection en X,Normale,Deux véhicules - côté,,,,,,,,,,,1,2,2,1,3
201500027920,0015-08-22 20:00:00,15,8,22,20,0,500,602,BOULEVARD MARITIME,49.6434,-1.60275,Plein jour,En agglomération,Hors intersection,Pluie légère,Autre collision,,,,,,,,,,,1,2,1,2,6
201500027921,0015-08-22 17:20:00,15,8,22,17,20,500,602,RD POINT DE PENESME,49.6358,-1.57607,Plein jour,En agglomération,Giratoire,Pluie légère,Deux véhicules - arrière,,,,,,,,,,,1,2,6,2,2
201500027922,0015-08-24 02:13:00,15,8,24,2,13,500,129,RUE LOUIS LANSONNEUR,49.6255,-1.61717,Nuit avec éclairage allumé,En agglomération,Hors intersection,Vent fort / tempête,Sans collision,,,,,,,,,,,5,2,1,6,7
201500027923,0015-08-23 01:00:00,15,8,23,1,0,500,602,RUE JEAN GOUBERT,49.6485,-1.58562,Nuit avec éclairage allumé,Hors agglomération,Hors intersection,Pluie forte,Deux véhicules - arrière,,,,,,,,,,,5,1,1,3,2
201500027924,0015-08-24 07:30:00,15,8,24,7,30,500,129,RUE EMMANUEL LIAIS,49.6403,-1.6284,Crépuscule ou aube,En agglomération,Hors intersection,Pluie légère,Deux véhicules - frontale,,,,,,,,,,,2,2,1,2,1
201500027925,0015-08-24 13:15:00,15,8,24,13,15,500,129,AVENUE DE PARIS,49.6271,-1.61756,Plein jour,En agglomération,Hors intersection,Pluie légère,Deux véhicules - arrière,,,,,,,,,,,1,2,1,2,2
201500027926,0015-08-26 07:30:00,15,8,26,7,30,500,129,R R SALENGRO/V HUGO,49.6241,-1.64596,Plein jour,En agglomération,Intersection en T,Pluie forte,Deux véhicules - côté,,,,,,,,,,,1,2,3,3,3
201500027927,0015-08-29 15:00:00,15,8,29,15,0,500,129,AVENUE DE PARIS,49.6304,-1.61792,Plein jour,En agglomération,Hors intersection,Normale,Deux véhicules - arrière,,,,,,,,,,,1,2,1,1,2
201500027928,0015-08-31 09:35:00,15,8,31,9,35,500,203,RUE LEON BLUM,49.6241,-1.5865,Plein jour,En agglomération,Hors intersection,Pluie légère,Sans collision,,,,,,,,,,,1,2,1,2,7
201500027929,0015-08-31 17:40:00,15,8,31,17,40,500,129,BD ATALNTIQUE/AV NORMAND,49.6269,-1.63676,Plein jour,En agglomération,Intersection en X,Normale,Sans collision,,,,,,,,,,,1,2,2,1,7
201500027930,0015-09-06 16:45:00,15,9,6,16,45,500,129,RUE VAL DE SAIRE,49.6386,-1.6125,Plein jour,En agglomération,Hors intersection,Normale,Deux véhicules - côté,,,,,,,,,,,1,2,1,1,3
201500027931,0015-09-07 13:10:00,15,9,7,13,10,500,129,AVENUE DE PARIS,49.6298,-1.61805,Plein jour,En agglomération,Hors intersection,Normale,Deux véhicules - arrière,,,,,,,,,,,1,2,1,1,2
201500027932,0015-09-09 07:50:00,15,9,9,7,50,500,129,R DES FOURCHES/COUBERTIN,49.6434,-1.64427,Plein jour,En agglomération,Intersection en X,Normale,Sans collision,,,,,,,,,,,1,2,2,1,7
201500027933,0015-09-09 12:20:00,15,9,9,12,20,500,129,R DU MAUPAS/R COLIN,49.6327,-1.61185,Plein jour,En agglomération,Intersection en T,Normale,Autre collision,,,,,,,,,,,1,2,3,1,6
201500027934,0015-09-10 19:30:00,15,9,10,19,30,500,129,R VAL DE SAIRE/VAUTIER,49.6385,-1.60937,Plein jour,En agglomération,Intersection en X,Normale,Sans collision,,,,,,,,,,,1,2,2,1,7
201500027935,0015-09-11 11:00:00,15,9,11,11,0,500,602,R DES CITES/DES METIERS,49.6367,-1.58512,Plein jour,En agglomération,Intersection en X,Normale,Deux véhicules - arrière,,,,,,,,,,,1,2,2,1,2
201500027936,0015-01-09 08:50:00,15,1,9,8,50,500,416,RUE DES CLAIRES,49.6609,-1.69297,Plein jour,En agglomération,Hors intersection,Pluie légère,Sans collision,,,,,,,,,,,1,2,1,2,7
201500027937,0015-09-13 16:35:00,15,9,13,16,35,500,129,AV CARNOT/R SALINE,49.6348,-1.61716,Plein jour,En agglomération,Intersection en X,Normale,Sans collision,,,,,,,,,,,1,2,2,1,7
201500027938,0015-09-14 14:40:00,15,9,14,14,40,500,129,ROND POINT DE THEMIS,49.6346,-1.61321,Plein jour,En agglomération,Giratoire,Pluie forte,Deux véhicules - côté,,,,,,,,,,,1,2,6,3,3
201500027939,0015-09-14 08:00:00,15,9,14,8,0,500,129,AV PARIS/ R A. LEVEEL,49.6264,-1.61726,Plein jour,En agglomération,Intersection en T,Pluie forte,Deux véhicules - arrière,,,,,,,,,,,1,2,3,3,2
201500027940,0015-09-18 07:55:00,15,9,18,7,55,500,129,R LOYSEL/DUCHE,49.6375,-1.63302,Crépuscule ou aube,En agglomération,Intersection en X,Normale,Sans collision,,,,,,,,,,,2,2,2,1,7
201500027941,0015-09-18 08:00:00,15,9,18,8,0,500,173,R M. SEMBAT/AV BENECERE,49.6588,-1.68784,Plein jour,En agglomération,Intersection en X,Vent fort / tempête,Sans collision,,,,,,,,,,,1,2,2,6,7
201500027942,0015-09-20 05:35:00,15,9,20,5,35,500,129,QUAI DE CALIGNY,49.6419,-1.62146,Nuit avec éclairage allumé,En agglomération,Hors intersection,Normale,Sans collision,,,,,,,,,,,5,2,1,1,7
201500027943,0015-09-23 15:30:00,15,9,23,15,30,500,129,RUE EMMANUEL LIAIS,49.6387,-1.62813,Plein jour,En agglomération,Intersection en Y,Normale,Autre collision,,,,,,,,,,,1,2,4,1,6
201500027944,0015-09-26 10:00:00,15,9,26,10,0,500,203,CH LOGE/CALLOUETTERIE,49.6164,-1.61757,Plein jour,Hors agglomération,Intersection en Y,Normale,Sans collision,,,,,,,,,,,1,1,4,1,7
201500027945,0015-09-27 17:15:00,15,9,27,17,15,500,203,RUE DE BEL AIR,49.6112,-1.60789,Plein jour,En agglomération,Hors intersection,Normale,Sans collision,,,,,,,,,,,1,2,1,1,7
201500027946,0015-09-29 13:00:00,15,9,29,13,0,500,129,R E. LIAIS/A HOTEL DIEU,49.6405,-1.62839,Plein jour,En agglomération,Intersection en T,Normale,Deux véhicules - arrière,,,,,,,,,,,1,2,3,1,2
201500027947,0015-09-30 20:15:00,15,9,30,20,15,500,173,R HERCHES/DES CHARDONS,49.6439,-1.66538,Crépuscule ou aube,En agglomération,Intersection en T,Normale,Deux véhicules - côté,,,,,,,,,,,2,2,3,1,3
201500027948,0015-10-02 11:00:00,15,10,2,11,0,500,129,R ABBAYE/DES MACONS,49.6466,-1.6431,Plein jour,En agglomération,Intersection en X,Normale,Deux véhicules - côté,,,,,,,,,,,1,2,2,1,3
201500027949,0015-10-09 07:00:00,15,10,9,7,0,500,129,R DES MACONS/R ABBAYE,49.6441,-1.63163,Nuit avec éclairage allumé,En agglomération,Intersection en X,Normale,Deux véhicules - côté,,,,,,,,,,,5,2,2,1,3
201500027950,0015-10-11 18:10:00,15,10,11,18,10,500,602,R DE LA CHASSE AUX LOUPS,49.6386,-1.59105,Plein jour,En agglomération,Hors intersection,Normale,Deux véhicules - frontale,,,,,,,,,,,1,2,1,1,1
201500027951,0015-10-13 10:20:00,15,10,13,10,20,500,173,R FAURE/R PASTEUR,49.6432,-1.64696,Plein jour,En agglomération,Intersection en X,Normale,Deux véhicules - côté,,,,,,,,,,,1,2,2,1,3
201500027952,0015-10-13 13:35:00,15,10,13,13,35,500,129,R B. MESLIN/R AU BLE,49.6408,-1.62386,Plein jour,En agglomération,Intersection en T,Normale,Sans collision,,,,,,,,,,,1,2,3,1,7
201500027953,0015-10-15 14:05:00,15,10,15,14,5,500,129,RUE EMMANUEL LIAIS,49.6406,-1.62832,Plein jour,En agglomération,Intersection en T,Normale,Sans collision,,,,,,,,,,,1,2,3,1,7
201500027954,0015-10-14 19:50:00,15,10,14,19,50,500,203,VALLEE DE QUINCAMPOIX,49.6193,-1.62992,Nuit avec éclairage allumé,Hors agglomération,Hors intersection,Normale,Sans collision,,,,,,,,,,,5,1,1,1,7
201500027955,0015-10-19 13:05:00,15,10,19,13,5,500,602,BD MANCHE/PIERRE GUEROUL,49.6419,-1.57363,Plein jour,En agglomération,Intersection en X,Normale,Deux véhicules - côté,,,,,,,,,,,1,2,2,1,3
201500027956,0015-10-21 07:10:00,15,10,21,7,10,500,173,HAMEAU LES PLAINS,49.6419,-1.69916,Nuit sans éclairage public,Hors agglomération,Hors intersection,Pluie légère,Sans collision,,,,,,,,,,,3,1,1,2,7
201500027957,0015-10-22 16:55:00,15,10,22,16,55,500,129,R DU MARECHAL LECLERC,49.6369,-1.63543,Plein jour,En agglomération,Hors intersection,Normale,Sans collision,,,,,,,,,,,1,2,1,1,7
201500027958,0015-10-23 13:55:00,15,10,23,13,55,500,129,BD SCHUMAN/R P. DOULMER,49.6364,-1.62573,Plein jour,En agglomération,Intersection en X,Normale,Sans collision,,,,,,,,,,,1,2,2,1,7
201500027959,0015-10-25 16:20:00,15,10,25,16,20,500,129,RD POINT DE THEMIS,49.6344,-1.61405,Plein jour,En agglomération,Giratoire,Normale,Deux véhicules - frontale,,,,,,,,,,,1,2,6,1,1
201500027960,0015-10-26 12:10:00,15,10,26,12,10,500,203,RUE DU V. A. LEMONNIER,49.6189,-1.60969,Plein jour,En agglomération,Hors intersection,Normale,Sans collision,,,,,,,,,,,1,2,1,1,7
201500027961,0015-10-28 18:15:00,15,10,28,18,15,500,173,AV TOURVILLE/ A. FRANCE,49.6511,-1.65001,Nuit avec éclairage allumé,En agglomération,Intersection en T,Normale,Deux véhicules - frontale,,,,,,,,,,,5,2,3,1,1
201500027962,0015-01-11 15:50:00,15,1,11,15,50,500,129,CH AIGUILLONS/,49.6391,-1.6381,Plein jour,En agglomération,Intersection en X,Normale,Sans collision,,,,,,,,,,,1,2,2,1,7
201500027963,0015-10-29 21:50:00,15,10,29,21,50,500,129,AVENUE CESSART,49.6446,-1.63173,Nuit avec éclairage allumé,En agglomération,Hors intersection,Normale,Sans collision,,,,,,,,,,,5,2,1,1,7
201500027964,0015-01-12 01:45:00,15,1,12,1,45,500,129,PLACE DE LA FONTAINE,49.6398,-1.62561,Nuit avec éclairage allumé,En agglomération,Place,Normale,Sans collision,,,,,,,,,,,5,2,7,1,7
201500027965,0015-10-31 17:35:00,15,10,31,17,35,500,602,ROND POINT DE LA BATE,49.6372,-1.55013,Crépuscule ou aube,Hors agglomération,Giratoire,Normale,Deux véhicules - arrière,,,,,,,,,,,2,1,6,1,2
201500027966,0015-11-04 16:15:00,15,11,4,16,15,500,129,PLACE NAPOLEON,49.6423,-1.62209,Plein jour,En agglomération,Intersection en T,Normale,Deux véhicules - arrière,,,,,,,,,,,1,2,3,1,2
201500027967,0015-11-06 08:15:00,15,11,6,8,15,500,129,CH DES AIGUILLONS,49.6404,-1.63654,Crépuscule ou aube,En agglomération,Intersection en T,Pluie forte,Sans collision,,,,,,,,,,,2,2,3,3,7
201500027968,0015-11-06 16:30:00,15,11,6,16,30,500,129,R SALINE/ERMITAGE,49.6346,-1.61497,Plein jour,En agglomération,Intersection en X,Pluie forte,Deux véhicules - côté,,,,,,,,,,,1,2,2,3,3
201500027969,0015-11-09 13:30:00,15,11,9,13,30,500,129,RUE JOLIOT CURIE,49.6294,-1.64197,Plein jour,En agglomération,Hors intersection,Normale,Deux véhicules - côté,,,,,,,,,,,1,2,1,1,3
201500027970,0015-11-10 15:15:00,15,11,10,15,15,500,416,RUE DES CLAIRES,49.6598,-1.69228,Plein jour,En agglomération,Hors intersection,Normale,Sans collision,,,,,,,,,,,1,2,1,1,7
201500027971,0015-11-15 17:45:00,15,11,15,17,45,500,129,AVENUE DE NORMANDIE,49.6277,-1.62519,Nuit avec éclairage allumé,En agglomération,Intersection en T,Normale,Autre collision,,,,,,,,,,,5,2,3,1,6
201500027972,0015-11-15 13:40:00,15,11,15,13,40,500,129,AV CARNOT/AV BRIAND,49.6389,-1.61652,Plein jour,En agglomération,Intersection en X,Normale,Deux véhicules - côté,,,,,,,,,,,1,2,2,1,3
201500027973,0015-11-19 18:05:00,15,11,19,18,5,500,129,AVENUE  DE BREMERHAVEN,49.6308,-1.605,Nuit avec éclairage allumé,En agglomération,Hors intersection,Pluie légère,Sans collision,,,,,,,,,,,5,2,1,2,7
201500027974,0015-11-20 05:10:00,15,11,20,5,10,500,129,AVENUE CESSART,49.645,-1.62626,Nuit avec éclairage allumé,En agglomération,Hors intersection,Pluie forte,Sans collision,,,,,,,,,,,5,2,1,3,7
201500027975,0015-11-20 16:50:00,15,11,20,16,50,500,173,RUE BARTHELEMY,49.6477,-1.6849,Plein jour,En agglomération,Intersection en T,Normale,Sans collision,,,,,,,,,,,1,2,3,1,7
201500027976,0015-11-20 11:30:00,15,11,20,11,30,500,203,CH DE QUINCAMP/CHATAIGNI,49.6151,-1.62611,Plein jour,En agglomération,Intersection en Y,Pluie légère,Sans collision,,,,,,,,,,,1,2,4,2,7
201500027977,0015-11-20 13:40:00,15,11,20,13,40,500,129,R F LAVIEILLE/CHRISTINE,49.6401,-1.62611,Plein jour,En agglomération,Intersection en T,Normale,Sans collision,,,,,,,,,,,1,2,3,1,7
201500027978,0015-11-29 21:00:00,15,11,29,21,0,500,129,RUE DU MAINE,49.6289,-1.63142,Nuit avec éclairage non allumé,En agglomération,Hors intersection,Normale,Autre collision,,,,,,,,,,,4,2,1,1,6
201500027979,0015-11-30 11:10:00,15,11,30,11,10,500,129,R GAMBETTA/AL MAHIEU,49.6382,-1.6253,Plein jour,En agglomération,Intersection en X,Normale,Sans collision,,,,,,,,,,,1,2,2,1,7
201500027980,0015-11-16 12:15:00,15,11,16,12,15,500,129,"00, ROBERT LECOUVEY",49.6318,-1.61004,Plein jour,En agglomération,Intersection en T,Normale,Sans collision,,,,,,,,,,,1,2,3,1,7
201500027981,0015-11-30 07:56:00,15,11,30,7,56,500,129,,49.6487,-1.63379,Plein jour,En agglomération,Hors intersection,Pluie légère,Sans collision,,,,,,,,,,,1,2,1,2,7
201500027982,0015-12-03 12:15:00,15,12,3,12,15,500,203,LES BRULINS,49.62,-1.58136,Plein jour,En agglomération,Intersection en Y,Normale,Sans collision,,,,,,,,,,,1,2,4,1,7
201500027983,0015-12-07 05:20:00,15,12,7,5,20,500,203,RUE TOULORGE LEFEVRE,49.6236,-1.60566,Nuit sans éclairage public,En agglomération,Hors intersection,Normale,Sans collision,,,,,,,,,,,3,2,1,1,7
201500027984,0015-12-06 19:00:00,15,12,6,19,0,500,602,LEMARESQUIER/BD MANCHE,49.6479,-1.57873,Nuit avec éclairage allumé,En agglomération,Intersection en X,Normale,Deux véhicules - côté,,,,,,,,,,,5,2,2,1,3
201500027985,0015-12-05 11:00:00,15,12,5,11,0,500,611,BD HAGUE/P CARDRON,49.6665,-1.70639,Plein jour,En agglomération,Intersection en Y,Normale,Deux véhicules - côté,,,,,,,,,,,1,2,4,1,3
201500027986,0015-12-07 16:35:00,15,12,7,16,35,500,203,RUE HELENE BOUCHER,49.6181,-1.60563,Plein jour,En agglomération,Hors intersection,Normale,Sans collision,,,,,,,,,,,1,2,1,1,7
201500027987,0015-12-08 18:30:00,15,12,8,18,30,500,173,,49.6502,-1.64967,Nuit avec éclairage allumé,En agglomération,Hors intersection,Normale,Autre collision,,,,,,,,,,,5,2,1,1,6
201500027988,0015-11-29 00:10:00,15,11,29,0,10,500,129,AVENUE AMIRAL LEMONNIER,49.6339,-1.60639,Nuit avec éclairage allumé,En agglomération,Hors intersection,Vent fort / tempête,Sans collision,,,,,,,,,,,5,2,1,6,7
201500027989,0015-12-09 18:40:00,15,12,9,18,40,500,129,R CH PEGUY/R VIEUX PONT,49.6357,-1.62339,Nuit avec éclairage allumé,En agglomération,Intersection en T,Normale,Deux véhicules - frontale,,,,,,,,,,,5,2,3,1,1
201500027990,0015-12-12 21:45:00,15,12,12,21,45,500,602,AXE NORD SUD,49.6323,-1.57835,Nuit sans éclairage public,En agglomération,Hors intersection,Normale,Sans collision,,,,,,,,,,,3,2,1,1,7
201500027991,0015-12-14 12:30:00,15,12,14,12,30,500,173,R BELGIQUE/R PAUL DOUMER,49.6475,-1.65485,Plein jour,En agglomération,Intersection en X,Normale,Deux véhicules - côté,,,,,,,,,,,1,2,2,1,3
201500027992,0015-12-14 14:10:00,15,12,14,14,10,500,173,BOULEVARD DE LA MER,49.6593,-1.67563,Plein jour,En agglomération,Hors intersection,Normale,Deux véhicules - arrière,,,,,,,,,,,1,2,1,1,2
201500027993,0015-12-14 11:00:00,15,12,14,11,0,500,129,AV MAL TASSIG/BD EST,49.6346,-1.60267,Plein jour,En agglomération,Intersection en X,Normale,Sans collision,,,,,,,,,,,1,2,2,1,7
201500027994,0015-12-16 15:50:00,15,12,16,15,50,500,173,R ARAGO/AV J PREVERT,49.6534,-1.66301,Plein jour,En agglomération,Intersection en X,Normale,Deux véhicules - côté,,,,,,,,,,,1,2,2,1,3
201500027995,0015-12-17 18:15:00,15,12,17,18,15,500,602,R DU GR PRE/ENTREPRISES,49.6378,-1.59495,Nuit avec éclairage allumé,En agglomération,Intersection en X,Normale,Deux véhicules - côté,,,,,,,,,,,5,2,2,1,3
201500027996,0015-12-20 05:00:00,15,12,20,5,0,500,129,BOULEVARD DE L'ATLANTIQU,49.6288,-1.62718,Nuit avec éclairage allumé,En agglomération,Hors intersection,Normale,Sans collision,,,,,,,,,,,5,2,1,1,7
201500027997,0015-12-18 15:40:00,15,12,18,15,40,500,129,BD G LE CONQ/P. GOUBERTI,49.6425,-1.6374,Plein jour,En agglomération,Intersection en X,Normale,Sans collision,,,,,,,,,,,1,2,2,1,7
201500027998,0015-12-22 17:00:00,15,12,22,17,0,500,129,PLACE JEAN JAURES,49.634,-1.62252,Crépuscule ou aube,En agglomération,Intersection en X,Pluie légère,Deux véhicules - frontale,,,,,,,,,,,2,2,2,2,1
201500027999,0015-12-22 17:25:00,15,12,22,17,25,500,129,AV NORMANDIE/R MEZIERES,49.6297,-1.62332,Crépuscule ou aube,En agglomération,Intersection en X,Pluie légère,Sans collision,,,,,,,,,,,2,2,2,2,7
201500028000,0015-12-25 18:40:00,15,12,25,18,40,500,129,BD DE L'EST/R DU BOIS,49.6352,-1.60119,Nuit avec éclairage allumé,En agglomération,Intersection en X,Normale,Trois véhicules et plus - en chaîne,,,,,,,,,,,5,2,2,1,4
201500028001,0015-12-23 08:20:00,15,12,23,8,20,500,173,RUE DE LA PAIX,49.651,-1.6519,Nuit avec éclairage allumé,En agglomération,Hors intersection,Normale,Sans collision,,,,,,,,,,,5,2,1,1,7
201500028002,0015-12-25 19:30:00,15,12,25,19,30,500,602,ROND POINT DES FLAMANDS,49.6536,-1.57827,Nuit sans éclairage public,Hors agglomération,Giratoire,Pluie légère,Sans collision,,,,,,,,,,,3,1,6,2,7
201500028003,0015-12-26 19:35:00,15,12,26,19,35,500,129,PLACE NAPOLEON,49.6438,-1.62597,Nuit avec éclairage allumé,En agglomération,Intersection en X,Normale,Deux véhicules - côté,,,,,,,,,,,5,2,2,1,3
201500028004,0015-12-27 01:20:00,15,12,27,1,20,500,129,AV PLYMOUTH/R DE COLMAR,49.631,-1.62245,Nuit avec éclairage allumé,En agglomération,Intersection en T,Normale,Sans collision,,,,,,,,,,,5,2,3,1,7
201500028005,0015-12-27 09:30:00,15,12,27,9,30,500,129,R JOLIOT CURIE/SALENGRO,49.6291,-1.6411,Plein jour,En agglomération,Intersection en X,Normale,Deux véhicules - arrière,,,,,,,,,,,1,2,2,1,2
201500028006,0015-01-17 22:00:00,15,1,17,22,0,500,129,PL REPUBLIQUE/R TOUR CAR,49.6422,-1.62542,Nuit avec éclairage allumé,En agglomération,Intersection en X,Normale,Sans collision,,,,,,,,,,,5,2,2,1,7
201500028007,0015-01-19 12:20:00,15,1,19,12,20,500,129,QUAI DE CALIGNY,49.6399,-1.62151,Plein jour,En agglomération,Hors intersection,Normale,Sans collision,,,,,,,,,,,1,2,1,1,7
201500028008,0015-01-20 08:25:00,15,1,20,8,25,500,173,R DE LA PAIX/VAUBAN,49.6523,-1.65325,Nuit avec éclairage allumé,En agglomération,Intersection en T,Normale,Deux véhicules - frontale,,,,,,,,,,,5,2,3,1,1