accident_id,datetime,annee,mois,jour,heure,minute,departement,commune_insee,adresse,latitude,longitude,luminosite,agglomeration,intersection,meteo,collision,nb_vehicules,nb_usagers,nb_indemnes,nb_tues,nb_blesses_hosp,nb_blesses_legers,age_cond_1,age_cond_2,veh_type_cond_1,veh_type_cond_2,lum_code,agg_code,int_code,atm_code,col_code
201500028138,0015-01-13 17:30:00,15,1,13,17,30,510,454,RUE DU GENERAL KOENIG,,,Nuit avec éclairage allumé,En agglomération,Hors intersection,Pluie légère,Autre collision,,,,,,,,,,,5,2,1,2,6
201500028139,0015-01-15 18:05:00,15,1,15,18,5,510,454,157 AVENUE JEAN JAURES,,,Nuit avec éclairage allumé,En agglomération,Hors intersection,Normale,Autre collision,,,,,,,,,,,5,2,1,1,6
201500028140,0015-03-24 20:35:00,15,3,24,20,35,510,454,AVE DE PARIS/D EPERNAY,49.24862,4.01272,Nuit avec éclairage allumé,En agglomération,Intersection en X,Pluie forte,Deux véhicules - côté,,,,,,,,,,,5,2,2,3,3
201500028141,0015-01-26 11:45:00,15,1,26,11,45,510,454,BD POMMERY/R. DE SILLERY,,,Plein jour,En agglomération,Intersection en T,Pluie légère,Autre collision,,,,,,,,,,,1,2,3,2,6
201500028142,0015-01-30 07:30:00,15,1,30,7,30,510,454,RUE DU GENERAL MAZILLIER,,,Nuit avec éclairage allumé,En agglomération,Hors intersection,Neige / grêle,Autre collision,,,,,,,,,,,5,2,1,4,6
201500028143,0015-02-05 14:10:00,15,2,5,14,10,510,172,RTE DE TAISSY/NIECPE,49.22052,4.06378,Plein jour,En agglomération,Giratoire,Normale,Deux véhicules - côté,,,,,,,,,,,1,2,6,1,3
201500028144,0015-02-07 02:30:00,15,2,7,2,30,510,454,15 RUE LESAGE,49.26416,4.02919,Nuit avec éclairage allumé,En agglomération,Hors intersection,Normale,Autre collision,,,,,,,,,,,5,2,1,1,6
201500028145,0015-04-20 20:19:00,15,4,20,20,19,510,454,BD DES BELGES/D966,49.27628,4.02689,Plein jour,En agglomération,Intersection en X,Normale,Deux véhicules - côté,,,,,,,,,,,1,2,2,1,3
201500028146,0015-04-21 21:40:00,15,4,21,21,40,510,454,RUES DE VENISE/GAMBETTA,49.24913,4.03695,Nuit avec éclairage allumé,En agglomération,Intersection en X,Normale,Deux véhicules - côté,,,,,,,,,,,5,2,2,1,3
201500028147,0015-02-18 19:15:00,15,2,18,19,15,510,454,1 RUE PIERRE MEHAULT,49.22495,4.02817,Nuit avec éclairage allumé,En agglomération,Hors intersection,Normale,Deux véhicules - côté,,,,,,,,,,,5,2,1,1,3
201500028148,0015-04-26 12:50:00,15,4,26,12,50,510,454,1 RUE PIERRE TAITTINGER,49.235,4.00711,Plein jour,En agglomération,Hors intersection,Normale,Autre collision,,,,,,,,,,,1,2,1,1,6
201500028149,0015-03-09 17:10:00,15,3,9,17,10,510,454,2 RUE ARMAND BOUXIN,49.22602,4.02701,Plein jour,En agglomération,Hors intersection,Normale,Deux véhicules - arrière,,,,,,,,,,,1,2,1,1,2
201500028150,0015-05-23 09:50:00,15,5,23,9,50,510,172,7 PLACE LOUISE MICHEL,49.22278,4.05309,Plein jour,En agglomération,Hors intersection,Normale,Autre collision,,,,,,,,,,,1,2,1,1,6
201500028151,0015-03-21 16:10:00,15,3,21,16,10,510,454,1 RUE DE VENISE,49.24879,4.03636,Plein jour,En agglomération,Hors intersection,Normale,Trois véhicules et plus - en chaîne,,,,,,,,,,,1,2,1,1,4
201500028152,0015-04-05 20:50:00,15,4,5,20,50,510,454,30 AVE DU GAL BONAPARTE,49.23047,4.00654,Nuit avec éclairage allumé,En agglomération,Hors intersection,Normale,Autre collision,,,,,,,,,,,5,2,1,1,6
201500028153,0015-04-09 20:50:00,15,4,9,20,50,510,493,D944,49.22743,4.09976,Nuit sans éclairage public,Hors agglomération,Hors intersection,Normale,Deux véhicules - arrière,,,,,,,,,,,3,1,1,1,2
201500028154,0015-04-19 02:45:00,15,4,19,2,45,510,454,AVE DU GAL DE GAULLE,49.2492,4.02472,Nuit avec éclairage allumé,En agglomération,Hors intersection,Normale,Trois véhicules et plus - en chaîne,,,,,,,,,,,5,2,1,1,4
201500028155,0015-04-24 04:08:00,15,4,24,4,8,510,454,RUE P. MAITRE/VICTOIRE,49.26301,4.00183,Nuit avec éclairage allumé,En agglomération,Intersection en X,Normale,Deux véhicules - frontale,,,,,,,,,,,5,2,2,1,1
201500028156,0015-06-13 19:30:00,15,6,13,19,30,510,454,87 RUE DE VENISE,49.24655,4.0319,Plein jour,En agglomération,Hors intersection,Normale,Autre collision,,,,,,,,,,,1,2,1,1,6
201500028157,0015-06-16 17:27:00,15,6,16,17,27,510,454,4 RUE SAINT BRICE,49.25636,4.01997,Plein jour,En agglomération,Intersection en T,Normale,Deux véhicules - côté,,,,,,,,,,,1,2,3,1,3
201500028158,0015-05-24 22:06:00,15,5,24,22,6,510,454,BOULEVARD LOUIS ROEDERER,,,Nuit avec éclairage allumé,En agglomération,Autre intersection,Normale,Deux véhicules - côté,,,,,,,,,,,5,2,9,1,3
201500028159,0015-06-22 01:06:00,15,6,22,1,6,510,454,BOULEVARD JOFFRE,49.26102,4.02848,Nuit avec éclairage allumé,En agglomération,Hors intersection,Normale,Autre collision,,,,,,,,,,,5,2,1,1,6
201500028160,0015-06-27 15:45:00,15,6,27,15,45,510,454,AVE DU GENERAL BONAPARTE,49.22718,4.01351,Plein jour,En agglomération,Hors intersection,Normale,Autre collision,,,,,,,,,,,1,2,1,1,6
201500028161,0015-06-30 20:00:00,15,6,30,20,0,510,454,RUES J. CELLIER/C. PEGUY,49.28261,4.0309,Plein jour,En agglomération,Intersection en T,Normale,Deux véhicules - côté,,,,,,,,,,,1,2,3,1,3
201500028162,0015-07-01 19:35:00,15,7,1,19,35,510,454,69 AVENUE DE PARIS,49.2481,4.00928,Plein jour,En agglomération,Hors intersection,Normale,Deux véhicules - arrière,,,,,,,,,,,1,2,1,1,2
201500028163,0015-07-03 16:50:00,15,7,3,16,50,510,454,R. DE CERNAY/SAINT BRUNO,49.25794,4.05361,Plein jour,En agglomération,Intersection en T,Normale,Trois véhicules et plus - en chaîne,,,,,,,,,,,1,2,3,1,4
201500028164,0015-07-07 18:30:00,15,7,7,18,30,510,454,D'HERBIGNY/DE THIONVILLE,49.25895,4.04912,Plein jour,En agglomération,Intersection en T,Normale,Deux véhicules - côté,,,,,,,,,,,1,2,3,1,3
201500028165,0015-07-13 19:50:00,15,7,13,19,50,510,454,AVENUE FRANCOIS MAURIAC,49.23277,4.00258,Plein jour,En agglomération,Hors intersection,Normale,Autre collision,,,,,,,,,,,1,2,1,1,6
201500028166,0015-06-29 18:15:00,15,6,29,18,15,510,454,AVE DU GENERAL BONAPARTE,49.22718,4.01319,Plein jour,En agglomération,Hors intersection,Normale,Autre collision,,,,,,,,,,,1,2,1,1,6
201500028167,0015-07-24 17:10:00,15,7,24,17,10,510,454,RUES E. ZOLA/DURUY,49.26779,4.02663,Plein jour,En agglomération,Intersection en X,Normale,Trois véhicules et plus - collisions multiples,,,,,,,,,,,1,2,2,1,5
201500028168,0015-08-07 05:15:00,15,8,7,5,15,510,573,28 P. VAILLANT COUTURIER,49.24773,4.0058,Nuit avec éclairage allumé,En agglomération,Hors intersection,Normale,Deux véhicules - arrière,,,,,,,,,,,5,2,1,1,2
201500028169,0015-08-10 20:25:00,15,8,10,20,25,510,454,DE LOUVOIS/BD D. PHENICI,49.22615,4.04223,Plein jour,En agglomération,Intersection en T,Normale,Deux véhicules - arrière,,,,,,,,,,,1,2,3,1,2
201500028170,0015-09-07 22:25:00,15,9,7,22,25,510,454,R. DU BARBATRE/LT HERDUI,49.25023,4.03883,Nuit avec éclairage allumé,En agglomération,Intersection en X,Normale,Deux véhicules - côté,,,,,,,,,,,5,2,2,1,3
201500028171,0015-09-08 14:05:00,15,9,8,14,5,510,454,R. DU MONT D ARENE/N44,49.26433,4.02706,Plein jour,En agglomération,Intersection en T,Normale,Autre collision,,,,,,,,,,,1,2,3,1,6
201500028172,0015-09-19 06:25:00,15,9,19,6,25,510,454,PARKING CARREFOUR,49.26003,4.06553,Nuit avec éclairage allumé,En agglomération,Hors intersection,Normale,Autre collision,,,,,,,,,,,5,2,1,1,6
201500028173,0015-09-21 16:05:00,15,9,21,16,5,510,55,RTE DE BETHENY/GALLIENI,49.27132,4.05037,Plein jour,En agglomération,Intersection en T,Normale,Deux véhicules - côté,,,,,,,,,,,1,2,3,1,3
201500028174,0015-09-23 09:08:00,15,9,23,9,8,510,454,37 RUE DU BOIS D'AMOUR,49.25688,4.00793,Plein jour,En agglomération,Hors intersection,Normale,Autre collision,,,,,,,,,,,1,2,1,1,6
201500028175,0015-09-24 14:20:00,15,9,24,14,20,510,454,2 BOULEVARD DES BELGES,49.27523,4.01848,Plein jour,En agglomération,Autre intersection,Normale,Deux véhicules - côté,,,,,,,,,,,1,2,9,1,3
201500028176,0015-09-25 14:20:00,15,9,25,14,20,510,454,1 AVE DU MARECHAL JUIN,49.22013,4.02064,Plein jour,En agglomération,Hors intersection,Normale,Deux véhicules - arrière,,,,,,,,,,,1,2,1,1,2
201500028177,0015-09-25 16:20:00,15,9,25,16,20,510,454,1 PLACE DE LA REPUBLIQUE,49.26168,4.02984,Plein jour,En agglomération,Hors intersection,Normale,Deux véhicules - côté,,,,,,,,,,,1,2,1,1,3
201500028178,0015-09-26 12:45:00,15,9,26,12,45,510,58,AVENUE JEAN MONNET,49.21517,4.00204,Plein jour,Hors agglomération,Hors intersection,Normale,Deux véhicules - frontale,,,,,,,,,,,1,1,1,1,1
201500028179,0015-09-29 06:20:00,15,9,29,6,20,510,454,A34,49.23803,4.07681,Nuit sans éclairage public,Hors agglomération,Hors intersection,Normale,Deux véhicules - arrière,,,,,,,,,,,3,1,1,1,2
201500028180,0015-10-03 17:10:00,15,10,3,17,10,510,454,182 RUE DE VESLE,49.25144,4.02334,Plein jour,En agglomération,Intersection en X,Normale,Autre collision,,,,,,,,,,,1,2,2,1,6
201500028181,0015-10-05 19:25:00,15,10,5,19,25,510,454,AVENUE DE CHAMPAGNE,49.23978,4.04504,Nuit avec éclairage allumé,En agglomération,Hors intersection,Pluie légère,Trois véhicules et plus - en chaîne,,,,,,,,,,,5,2,1,2,4
201500028182,0015-10-07 12:45:00,15,10,7,12,45,510,454,200 BIS AVE JEAN JAURES,49.26235,4.053,Plein jour,En agglomération,Hors intersection,Normale,Deux véhicules - côté,,,,,,,,,,,1,2,1,1,3
201500028183,0015-10-07 12:35:00,15,10,7,12,35,510,454,11 AVENUE DE L YSER,49.24996,4.05366,Plein jour,En agglomération,Hors intersection,Normale,Autre collision,,,,,,,,,,,1,2,1,1,6
201500028184,0015-10-08 12:05:00,15,10,8,12,5,510,454,D9/RUE DE LA VILLAGEOISE,49.22717,4.03986,Plein jour,En agglomération,Intersection en T,Normale,Trois véhicules et plus - collisions multiples,,,,,,,,,,,1,2,3,1,5
201500028185,0015-10-11 05:45:00,15,10,11,5,45,510,454,26 AVENUE DE PARIS,,,Nuit avec éclairage allumé,En agglomération,Hors intersection,Normale,Autre collision,,,,,,,,,,,5,2,1,1,6
201500028186,0015-10-12 18:10:00,15,10,12,18,10,510,454,1 AVE DU G.DE GAULLE,49.24823,4.02137,Plein jour,En agglomération,Hors intersection,Normale,Autre collision,,,,,,,,,,,1,2,1,1,6
201500028187,0015-10-13 07:40:00,15,10,13,7,40,510,454,RUE DU COMMANDANT ARNAUD,49.27376,4.02987,Crépuscule ou aube,En agglomération,Hors intersection,Normale,Deux véhicules - côté,,,,,,,,,,,2,2,1,1,3
201500028188,0015-10-13 20:30:00,15,10,13,20,30,510,454,1 AVENUE JEAN JAURES,49.25755,4.0396,Nuit avec éclairage allumé,En agglomération,Hors intersection,Normale,Deux véhicules - arrière,,,,,,,,,,,5,2,1,1,2
201500028189,0015-10-14 07:20:00,15,10,14,7,20,510,454,BOULEVARD DES BELGES,49.27635,4.02481,Crépuscule ou aube,En agglomération,Autre intersection,Normale,Deux véhicules - côté,,,,,,,,,,,2,2,9,1,3
201500028190,0015-10-14 13:00:00,15,10,14,13,0,510,454,BOULEVARD ALBERT 1ER,49.27026,4.01091,Plein jour,En agglomération,Hors intersection,Normale,Trois véhicules et plus - collisions multiples,,,,,,,,,,,1,2,1,1,5
201500028191,0015-10-14 18:00:00,15,10,14,18,0,510,454,P. MARCHANDEAU/COURLANCY,49.24231,4.02449,Plein jour,En agglomération,Giratoire,Pluie légère,Autre collision,,,,,,,,,,,1,2,6,2,6
201500028192,0015-10-09 20:10:00,15,10,9,20,10,510,454,RUES GOUSSIEZ/SALENGRO,49.27347,4.02395,Nuit avec éclairage allumé,En agglomération,Intersection en X,Normale,Deux véhicules - côté,,,,,,,,,,,5,2,2,1,3
201500028193,0015-10-15 19:05:00,15,10,15,19,5,510,454,DE NEUFCHATEL/DES BELGES,49.27625,4.02686,Nuit avec éclairage allumé,En agglomération,Intersection en X,Normale,Deux véhicules - frontale,,,,,,,,,,,5,2,2,1,1
201500028194,0015-10-16 10:50:00,15,10,16,10,50,510,454,ROND POINT FARMAN,49.23674,4.07057,Plein jour,En agglomération,Giratoire,Pluie légère,Deux véhicules - côté,,,,,,,,,,,1,2,6,2,3
201500028195,0015-10-16 15:40:00,15,10,16,15,40,510,454,N51/R. DU FOSSE BRIOTIN,49.26816,4.06838,Plein jour,En agglomération,Intersection en T,Normale,Deux véhicules - côté,,,,,,,,,,,1,2,3,1,3
201500028196,0015-10-21 00:30:00,15,10,21,0,30,510,454,DR SCHWEITZER/FOND PATE,49.27768,4.02223,Nuit avec éclairage allumé,En agglomération,Intersection en T,Normale,Deux véhicules - côté,,,,,,,,,,,5,2,3,1,3
201500028197,0015-10-23 09:10:00,15,10,23,9,10,510,454,"24, POINCARE (RUE RAYMON",49.27997,4.01891,Plein jour,En agglomération,Intersection en T,Normale,Deux véhicules - frontale,,,,,,,,,,,1,2,3,1,1
201500028198,0015-10-23 13:20:00,15,10,23,13,20,510,454,32 AVENUE JEAN JAURES,49.25839,4.04215,Plein jour,En agglomération,Hors intersection,Normale,Deux véhicules - frontale,,,,,,,,,,,1,2,1,1,1
201500028199,0015-10-24 21:42:00,15,10,24,21,42,510,454,AV MARCHANDEAU/COURLANCY,49.24209,4.0248,Nuit avec éclairage allumé,En agglomération,Giratoire,Normale,Deux véhicules - côté,,,,,,,,,,,5,2,6,1,3
201500028200,0015-10-26 14:05:00,15,10,26,14,5,510,454,BD ALBERT 1ER/COUTURIER,49.2734,4.01488,Plein jour,En agglomération,Intersection en X,Normale,Deux véhicules - frontale,,,,,,,,,,,1,2,2,1,1
201500028201,0015-10-27 15:40:00,15,10,27,15,40,510,454,BOULEVARD GUSTAVE EIFFEL,49.26955,4.07191,Plein jour,En agglomération,Hors intersection,Normale,Trois véhicules et plus - en chaîne,,,,,,,,,,,1,2,1,1,4
201500028202,0015-10-31 15:30:00,15,10,31,15,30,510,454,131 AVENUE JEAN JAURES,49.26069,4.04847,Plein jour,En agglomération,Hors intersection,Normale,Deux véhicules - côté,,,,,,,,,,,1,2,1,1,3
201500028203,0015-11-02 15:20:00,15,11,2,15,20,510,454,"71 C, POMMERY (BOULEVARD",49.25059,4.05278,Plein jour,En agglomération,Intersection en X,Normale,Autre collision,,,,,,,,,,,1,2,2,1,6
201500028204,0015-11-04 10:30:00,15,11,4,10,30,510,454,R. D ORVES/CHARBONNIERS,49.23398,4.02782,Plein jour,En agglomération,Intersection en Y,Normale,Deux véhicules - côté,,,,,,,,,,,1,2,4,1,3
201500028205,0015-11-04 15:45:00,15,11,4,15,45,510,454,1 RUE DE COURCELLES,49.25726,4.02252,Plein jour,En agglomération,Hors intersection,Pluie légère,Deux véhicules - arrière,,,,,,,,,,,1,2,1,2,2
201500028206,0015-11-06 12:10:00,15,11,6,12,10,510,454,"1, VENISE (RUE)",49.24749,4.03371,Plein jour,En agglomération,Intersection en X,Normale,Autre collision,,,,,,,,,,,1,2,2,1,6
201500028207,0015-11-08 14:40:00,15,11,8,14,40,510,454,AV J. JAURES/R. DE WITRY,49.26286,4.05448,Plein jour,En agglomération,Intersection en X,Normale,Deux véhicules - arrière,,,,,,,,,,,1,2,2,1,2
201500028208,0015-11-11 23:04:00,15,11,11,23,4,510,454,AVE DU GEN. EISENHOWER,,,Nuit avec éclairage allumé,En agglomération,Hors intersection,Normale,Autre collision,,,,,,,,,,,5,2,1,1,6
201500028209,0015-11-12 08:10:00,15,11,12,8,10,510,454,14 RUE DU RUISSELET,49.24433,4.03648,Plein jour,En agglomération,Intersection en T,Normale,Deux véhicules - côté,,,,,,,,,,,1,2,3,1,3
201500028210,0015-11-12 08:15:00,15,11,12,8,15,510,454,RUE DE L UNION FONCIERE,49.24572,4.01501,Plein jour,En agglomération,Hors intersection,Normale,Autre collision,,,,,,,,,,,1,2,1,1,6
201500028211,0015-11-12 11:55:00,15,11,12,11,55,510,172,RUE LUCIEN TROUSSET,49.21367,4.04806,Plein jour,En agglomération,Giratoire,Normale,Autre collision,,,,,,,,,,,1,2,6,1,6
201500028212,0015-11-12 20:35:00,15,11,12,20,35,510,454,AVE DE PARIS/D EPERNAY,,,Nuit avec éclairage allumé,En agglomération,Intersection en X,Normale,Deux véhicules - côté,,,,,,,,,,,5,2,2,1,3
201500028213,0015-11-13 16:10:00,15,11,13,16,10,510,454,3 AVENUE DE L EUROPE,49.25483,4.06168,Plein jour,En agglomération,Hors intersection,Normale,Autre collision,,,,,,,,,,,1,2,1,1,6
201500028214,0015-11-16 10:10:00,15,11,16,10,10,510,454,RUES CHABAUD/LIBERGIER,49.2509,4.02602,Plein jour,En agglomération,Intersection en X,Normale,Deux véhicules - côté,,,,,,,,,,,1,2,2,1,3
201500028215,0015-11-16 13:20:00,15,11,16,13,20,510,573,9 RUE JOSEPH CUGNOT,49.24123,3.9872,Plein jour,En agglomération,Hors intersection,Normale,Deux véhicules - frontale,,,,,,,,,,,1,2,1,1,1
201500028216,0015-11-16 14:15:00,15,11,16,14,15,510,454,RUE GABRIEL VOISIN,49.23302,4.06738,Plein jour,Hors agglomération,Intersection en T,Normale,Deux véhicules - côté,,,,,,,,,,,1,1,3,1,3
201500028217,0015-11-16 23:00:00,15,11,16,23,0,510,454,RUE PASSE DEMOISELLES,49.24405,4.02121,Nuit avec éclairage allumé,En agglomération,Hors intersection,Pluie légère,Deux véhicules - frontale,,,,,,,,,,,5,2,1,2,1
201500028218,0015-11-17 07:50:00,15,11,17,7,50,510,454,N244,49.23375,4.07387,Plein jour,En agglomération,Hors intersection,Pluie légère,Trois véhicules et plus - en chaîne,,,,,,,,,,,1,2,1,2,4
201500028219,0015-11-17 14:10:00,15,11,17,14,10,510,454,4 AVENUE D EPERNAY,49.24828,4.01265,Plein jour,En agglomération,Hors intersection,Normale,Deux véhicules - côté,,,,,,,,,,,1,2,1,1,3
201500028220,0015-11-20 08:00:00,15,11,20,8,0,510,454,R. DE COURCELLES/GERUZEZ,49.26287,4.01645,Nuit avec éclairage allumé,En agglomération,Intersection en X,Pluie forte,Deux véhicules - côté,,,,,,,,,,,5,2,2,3,3
201500028221,0015-11-22 19:45:00,15,11,22,19,45,510,454,P. MARCHANDEAU/BOCQUAINE,49.24415,4.02747,Nuit avec éclairage allumé,En agglomération,Intersection en X,Normale,Deux véhicules - côté,,,,,,,,,,,5,2,2,1,3
201500028222,0015-11-22 20:15:00,15,11,22,20,15,510,454,RUE DE VENISE,49.24669,4.03212,Nuit avec éclairage allumé,En agglomération,Hors intersection,Normale,Deux véhicules - côté,,,,,,,,,,,5,2,1,1,3
201500028223,0015-11-23 15:35:00,15,11,23,15,35,510,454,AVENUE GEORGES POMPIDOU,49.21989,4.02212,Plein jour,En agglomération,Hors intersection,Temps éblouissant,Deux véhicules - arrière,,,,,,,,,,,1,2,1,7,2
201500028224,0015-11-24 08:25:00,15,11,24,8,25,510,454,ALBERT 1ER (BOULEVARD),49.27081,4.01112,Plein jour,En agglomération,Intersection en X,Normale,Deux véhicules - côté,,,,,,,,,,,1,2,2,1,3
201500028225,0015-11-24 16:20:00,15,11,24,16,20,510,454,131 BOULEVARD POMMERY,49.24564,4.05039,Plein jour,En agglomération,Hors intersection,Pluie légère,Deux véhicules - côté,,,,,,,,,,,1,2,1,2,3
201500028226,0015-11-24 18:25:00,15,11,24,18,25,510,454,BD DE LA PAIX/N44,49.2532,4.04114,Nuit avec éclairage allumé,En agglomération,Hors intersection,Pluie légère,Deux véhicules - côté,,,,,,,,,,,5,2,1,2,3
201500028227,0015-11-25 13:35:00,15,11,25,13,35,510,454,AVENUE HENRI FARMAN,49.23658,4.0701,Plein jour,En agglomération,Giratoire,Pluie légère,Autre collision,,,,,,,,,,,1,2,6,2,6
201500028228,0015-11-27 12:10:00,15,11,27,12,10,510,454,33 RUE DUMONT D'URVILLE,49.22585,4.03835,Plein jour,En agglomération,Hors intersection,Normale,Deux véhicules - côté,,,,,,,,,,,1,2,1,1,3
201500028229,0015-11-28 10:05:00,15,11,28,10,5,510,454,ALLEE GEORGES BIZET,49.23884,4.01768,Plein jour,En agglomération,Hors intersection,Normale,Deux véhicules - côté,,,,,,,,,,,1,2,1,1,3
201500028230,0015-11-30 14:20:00,15,11,30,14,20,510,474,RU DE BERNEX,49.28073,4.00506,Plein jour,En agglomération,Giratoire,Normale,Deux véhicules - côté,,,,,,,,,,,1,2,6,1,3
201500028231,0015-12-02 04:00:00,15,12,2,4,0,510,454,BOULEVARD JULES CESAR,49.26427,4.03425,Nuit avec éclairage allumé,En agglomération,Hors intersection,Normale,Autre collision,,,,,,,,,,,5,2,1,1,6
201500028232,0015-12-03 08:00:00,15,12,3,8,0,510,454,ROND POINT DE CHAMPAGNE,49.21251,4.01546,Plein jour,Hors agglomération,Giratoire,Normale,Deux véhicules - arrière,,,,,,,,,,,1,1,6,1,2
201500028233,0015-12-03 18:10:00,15,12,3,18,10,510,454,"13, JUIN (AVENUE DU MARE",49.22044,4.01998,Nuit avec éclairage allumé,En agglomération,Hors intersection,Normale,Deux véhicules - arrière,,,,,,,,,,,5,2,1,1,2
201500028234,0015-12-08 16:40:00,15,12,8,16,40,510,454,BD DE LA PAIX/RUE PIPER,49.25499,4.04035,Crépuscule ou aube,En agglomération,Intersection en X,Pluie légère,Autre collision,,,,,,,,,,,2,2,2,2,6
201500028235,0015-12-08 18:15:00,15,12,8,18,15,510,573,1 RUE DU 29 AOUT 1944,49.24738,3.99903,Nuit avec éclairage allumé,En agglomération,Hors intersection,Pluie forte,Autre collision,,,,,,,,,,,5,2,1,3,6
201500028236,0015-12-11 13:10:00,15,12,11,13,10,510,454,15 BOULEVARD JAMIN,49.26109,4.04664,Plein jour,En agglomération,Hors intersection,Pluie forte,Autre collision,,,,,,,,,,,1,2,1,3,6
201500028237,0015-12-11 19:35:00,15,12,11,19,35,510,454,30 RUE CLOVIS CHEZEL/D9,49.24045,4.03282,Nuit avec éclairage allumé,En agglomération,Hors intersection,Pluie légère,Autre collision,,,,,,,,,,,5,2,1,2,6
201500028238,0015-12-16 00:40:00,15,12,16,0,40,510,573,ROUTE DE SOISSONS,49.25385,3.97478,Nuit avec éclairage allumé,Hors agglomération,Autre intersection,Normale,Autre collision,,,,,,,,,,,5,1,9,1,6
201500028239,0015-12-16 10:30:00,15,12,16,10,30,510,454,RUE DE TALLEYRAND/ETAPE,49.25572,4.02894,Plein jour,En agglomération,Intersection en X,Temps couvert,Autre collision,,,,,,,,,,,1,2,2,8,6
201500028240,0015-12-15 17:50:00,15,12,15,17,50,510,454,BD DU PRESIDENT WILSON,49.23796,4.02392,Nuit avec éclairage allumé,En agglomération,Hors intersection,Normale,Autre collision,,,,,,,,,,,5,2,1,1,6
201500028241,0015-12-16 17:35:00,15,12,16,17,35,510,454,BOULEVARD POMMERY,49.24861,4.05183,Nuit avec éclairage allumé,En agglomération,Hors intersection,Normale,Trois véhicules et plus - en chaîne,,,,,,,,,,,5,2,1,1,4
201500028242,0015-12-20 07:00:00,15,12,20,7,0,510,454,112 RUE DE COURCELLES,49.2666,4.00311,Nuit avec éclairage allumé,En agglomération,Hors intersection,Normale,Autre collision,,,,,,,,,,,5,2,1,1,6
201500028243,0015-12-21 14:10:00,15,12,21,14,10,510,454,19 AVENUE JEAN JAURES,49.25787,4.04061,Plein jour,En agglomération,Hors intersection,Normale,Deux véhicules - frontale,,,,,,,,,,,1,2,1,1,1
201500028244,0015-12-21 12:30:00,15,12,21,12,30,510,454,RUE CLOVIS CHEZEL,49.23911,4.03127,Plein jour,En agglomération,Intersection en X,Normale,Deux véhicules - côté,,,,,,,,,,,1,2,2,1,3
201500028245,0015-12-24 13:00:00,15,12,24,13,0,510,172,6 RUE SIMON DAUPHINOT,49.22602,4.04682,Plein jour,En agglomération,Hors intersection,Normale,Deux véhicules - arrière,,,,,,,,,,,1,2,1,1,2
201500028246,0015-12-24 15:05:00,15,12,24,15,5,510,573,16 RUE NICOLAS APPERT,49.23941,3.9887,Plein jour,En agglomération,Hors intersection,Normale,Sans collision,,,,,,,,,,,1,2,1,1,7
201500028247,0015-12-24 14:40:00,15,12,24,14,40,510,172,DES REMOULEURS/COMMERCE,49.2156,4.06397,Plein jour,En agglomération,Intersection en X,Normale,Deux véhicules - côté,,,,,,,,,,,1,2,2,1,3
201500028248,0015-12-25 02:55:00,15,12,25,2,55,510,454,R. GUICHARD/ST THIERRY,49.26565,4.02073,Nuit avec éclairage allumé,En agglomération,Intersection en X,Pluie légère,Autre collision,,,,,,,,,,,5,2,2,2,6
201500028249,0015-12-26 16:30:00,15,12,26,16,30,510,454,AVE J. JAURES/R. DE NICE,49.26505,4.06016,Plein jour,En agglomération,Intersection en X,Normale,Deux véhicules - côté,,,,,,,,,,,1,2,2,1,3
201500028250,0015-12-26 18:00:00,15,12,26,18,0,510,454,RUE DU GRAND CREDO,49.25487,4.03524,Nuit avec éclairage allumé,En agglomération,Hors intersection,Normale,Autre collision,,,,,,,,,,,5,2,1,1,6
201500028251,0015-12-26 20:15:00,15,12,26,20,15,510,454,83 AVENUE DE PARIS,49.24799,4.00842,Nuit avec éclairage allumé,En agglomération,Hors intersection,Normale,Autre collision,,,,,,,,,,,5,2,1,1,6
201500028252,0015-12-29 15:00:00,15,12,29,15,0,510,454,AVENUE DU G. DE GAULLE,49.24215,4.01437,Plein jour,En agglomération,Hors intersection,Normale,Deux véhicules - arrière,,,,,,,,,,,1,2,1,1,2
201500028253,0015-12-30 13:30:00,15,12,30,13,30,510,172,R DES LAPS/ACCES MAGASIN,49.2161,4.04513,Plein jour,En agglomération,Intersection en X,Normale,Deux véhicules - frontale,,,,,,,,,,,1,2,2,1,1
201500028254,0015-12-30 13:15:00,15,12,30,13,15,510,172,R. DU DR ROUX/PARMENTIER,49.22375,4.04779,Plein jour,En agglomération,Intersection en X,Normale,Deux véhicules - côté,,,,,,,,,,,1,2,2,1,3
201500028255,0015-12-30 15:00:00,15,12,30,15,0,510,172,PL. DE L EGALITE:D9,49.21667,4.05074,Plein jour,En agglomération,Giratoire,Normale,Deux véhicules - arrière,,,,,,,,,,,1,2,6,1,2
201500028256,0015-04-07 08:44:00,15,4,7,8,44,520,121,"7, LECLERC (AVENUE GENER",48.10811,5.1408,Plein jour,En agglomération,Hors intersection,Normale,Deux véhicules - arrière,,,,,,,,,,,1,2,1,1,2
201500028257,0015-11-20 07:55:00,15,11,20,7,55,520,121,"0, GAGARINE (RUE YOURI)",48.10727,5.1477,Crépuscule ou aube,En agglomération,Hors intersection,Pluie légère,Autre collision,,,,,,,,,,,2,2,1,2,6
201500028258,0015-11-23 16:03:00,15,11,23,16,3,520,121,RD 200,48.13252,5.13248,Plein jour,Hors agglomération,Hors intersection,Normale,Deux véhicules - frontale,,,,,,,,,,,1,1,1,1,1