accident_id,datetime,annee,mois,jour,heure,minute,departement,commune_insee,adresse,latitude,longitude,luminosite,agglomeration,intersection,meteo,collision,nb_vehicules,nb_usagers,nb_indemnes,nb_tues,nb_blesses_hosp,nb_blesses_legers,age_cond_1,age_cond_2,veh_type_cond_1,veh_type_cond_2,lum_code,agg_code,int_code,atm_code,col_code
201500028385,0015-08-10 13:10:00,15,8,10,13,10,540,451,"00, CUTRY (ROUTE DE)",,,Plein jour,En agglomération,Hors intersection,Temps couvert,Autre collision,,,,,,,,,,,1,2,1,8,6
201500028386,0015-08-13 13:12:00,15,8,13,13,12,540,254,52 (ROUTE NATIONALE),49.4835,5.81592,Plein jour,Hors agglomération,Hors intersection,Normale,Sans collision,,,,,,,,,,,1,1,1,1,7
201500028387,0015-08-24 18:37:00,15,8,24,18,37,540,493,"00, MARECHAL FOCH (AVENU",49.53289,5.82253,Plein jour,En agglomération,Giratoire,Pluie forte,Autre collision,,,,,,,,,,,1,2,6,3,6
201500028388,0015-08-22 19:15:00,15,8,22,19,15,540,382,EUROPE (AVENUE DE L',,,Plein jour,En agglomération,Hors intersection,Normale,Autre collision,,,,,,,,,,,1,2,1,1,6
201500028389,0015-08-22 03:30:00,15,8,22,3,30,540,493,RD26,,,Nuit sans éclairage public,Hors agglomération,Hors intersection,Normale,Sans collision,,,,,,,,,,,3,1,1,1,7
201500028390,0015-08-26 05:26:00,15,8,26,5,26,540,323,52 (ROUTE NATIONALE),49.54176,5.75928,Nuit avec éclairage allumé,Hors agglomération,Hors intersection,Normale,Sans collision,,,,,,,,,,,5,1,1,1,7
201500028391,0015-08-16 05:00:00,15,8,16,5,0,540,323,"00, ALBERT THOMAS (RUE)",,,Nuit avec éclairage allumé,En agglomération,Hors intersection,Normale,Deux véhicules - arrière,,,,,,,,,,,5,2,1,1,2
201500028392,0015-09-23 14:33:00,15,9,23,14,33,540,323,"73, RAYMOND POINCARE (AV",,,Plein jour,En agglomération,Hors intersection,Normale,Trois véhicules et plus - en chaîne,,,,,,,,,,,1,2,1,1,4
201500028393,0015-09-04 14:00:00,15,9,4,14,0,540,451,"33, LONGWY (RUE DE)",,,Plein jour,En agglomération,Hors intersection,Normale,Autre collision,,,,,,,,,,,1,2,1,1,6
201500028394,0015-08-25 17:40:00,15,8,25,17,40,540,382,52 (ROUTE NATIONALE),,,Plein jour,Hors agglomération,Hors intersection,Normale,Deux véhicules - arrière,,,,,,,,,,,1,1,1,1,2
201500028395,0015-09-13 16:00:00,15,9,13,16,0,540,323,"47, METZ (RUE DE)",49.51235,5.76188,Plein jour,En agglomération,Hors intersection,Normale,Trois véhicules et plus - en chaîne,,,,,,,,,,,1,2,1,1,4
201500028396,0015-09-12 23:00:00,15,9,12,23,0,540,382,,,,Nuit sans éclairage public,Hors agglomération,Hors intersection,Pluie légère,Trois véhicules et plus - collisions multiples,,,,,,,,,,,3,1,1,2,5
201500028397,0015-10-01 18:25:00,15,10,1,18,25,540,493,"00, LONGWY (RUE DE)",,,Crépuscule ou aube,En agglomération,Hors intersection,Normale,Sans collision,,,,,,,,,,,2,2,1,1,7
201500028398,0015-09-22 13:45:00,15,9,22,13,45,540,261,LUXEMBOURG (AVENUE DU),,,Plein jour,En agglomération,Hors intersection,Normale,Trois véhicules et plus - en chaîne,,,,,,,,,,,1,2,1,1,4
201500028399,0015-09-27 19:15:00,15,9,27,19,15,540,323,RELIGIEUSES (RUE DES),,,Plein jour,En agglomération,Hors intersection,Normale,Sans collision,,,,,,,,,,,1,2,1,1,7
201500028400,0015-09-25 14:45:00,15,9,25,14,45,540,261,"114, LUXEMBOURG (AVENUE",,,Plein jour,En agglomération,Hors intersection,Normale,Deux véhicules - côté,,,,,,,,,,,1,2,1,1,3
201500028401,0015-10-08 06:00:00,15,10,8,6,0,540,254,"00, 196 (ROUTE DEPARTEME",,,Nuit sans éclairage public,Hors agglomération,Hors intersection,Normale,Sans collision,,,,,,,,,,,3,1,1,1,7
201500028402,0015-10-15 07:45:00,15,10,15,7,45,540,323,"01, MERCY (RUE)",,,Nuit avec éclairage non allumé,En agglomération,Hors intersection,Pluie légère,Autre collision,,,,,,,,,,,4,2,1,2,6
201500028403,0015-10-09 16:15:00,15,10,9,16,15,540,451,"09, MOULIN (RUE DU)",,,Plein jour,En agglomération,Hors intersection,Normale,Autre collision,,,,,,,,,,,1,2,1,1,6
201500028404,0015-10-14 18:50:00,15,10,14,18,50,540,382,"288, METZ (BOULEVARD DE)",49.55408,5.78697,Crépuscule ou aube,En agglomération,Hors intersection,Temps couvert,Deux véhicules - frontale,,,,,,,,,,,2,2,1,8,1
201500028405,0015-10-21 21:03:00,15,10,21,21,3,540,261,196 (ROUTE DEPARTEMENTAL,,,Nuit sans éclairage public,Hors agglomération,Hors intersection,Pluie légère,Sans collision,,,,,,,,,,,3,1,1,2,7
201500028406,0015-10-21 16:50:00,15,10,21,16,50,540,493,"09, NONNEL (RUE DE)",,,Plein jour,En agglomération,Hors intersection,Normale,Autre collision,,,,,,,,,,,1,2,1,1,6
201500028407,0015-11-06 18:30:00,15,11,6,18,30,540,323,"30, ALBERT LABRO (RUE)",49.51196,5.76649,Nuit avec éclairage allumé,En agglomération,Hors intersection,Pluie forte,Autre collision,,,,,,,,,,,5,2,1,3,6
201500028408,0015-11-30 13:30:00,15,11,30,13,30,540,382,"19, EUROPE (AVENUE DE L'",49.54748,5.80739,Plein jour,Hors agglomération,Giratoire,Normale,Autre collision,,,,,,,,,,,1,1,6,1,6
201500028409,0015-09-10 13:15:00,15,9,10,13,15,540,323,"20, AVIATION (AVENUE DE",49.51871,5.75986,Plein jour,En agglomération,Hors intersection,Normale,Deux véhicules - arrière,,,,,,,,,,,1,2,1,1,2
201500028410,0015-11-25 19:10:00,15,11,25,19,10,540,323,PULVENTEUX (RUE DU),,,Nuit avec éclairage allumé,En agglomération,Hors intersection,Normale,Autre collision,,,,,,,,,,,5,2,1,1,6
201500028411,0015-11-21 22:00:00,15,11,21,22,0,540,261,196 (ROUTE DEPARTEMENTAL,,,Nuit sans éclairage public,Hors agglomération,Hors intersection,Normale,Autre collision,,,,,,,,,,,3,1,1,1,6
201500028412,0015-11-19 02:00:00,15,11,19,2,0,540,323,"05, BOISMONT (RUE DE)",49.51859,5.76157,Nuit avec éclairage allumé,En agglomération,Hors intersection,Normale,Autre collision,,,,,,,,,,,5,2,1,1,6
201500028413,0015-01-10 18:00:00,15,1,10,18,0,540,323,"01, AVIATION (AVENUE DE",,,Nuit avec éclairage allumé,En agglomération,Hors intersection,Pluie forte,Autre collision,,,,,,,,,,,5,2,1,3,6
201500028414,0015-01-25 21:00:00,15,1,25,21,0,540,451,"NR, VIRVAUX (RUE DE)",,,Nuit avec éclairage allumé,En agglomération,Hors intersection,Neige / grêle,Sans collision,,,,,,,,,,,5,2,1,4,7
201500028415,0015-01-16 11:30:00,15,1,16,11,30,540,323,"NR, STANISLAS (RUE)",,,Plein jour,En agglomération,Hors intersection,Normale,Autre collision,,,,,,,,,,,1,2,1,1,6
201500028416,0015-01-27 08:30:00,15,1,27,8,30,540,323,"01, SAINTIGNON (AVENUE D",,,Plein jour,En agglomération,Hors intersection,Normale,Autre collision,,,,,,,,,,,1,2,1,1,6
201500028417,0015-02-24 01:15:00,15,2,24,1,15,540,261,"42, CONCORDE (RUE DE LA)",,,Nuit avec éclairage allumé,En agglomération,Hors intersection,Normale,Autre collision,,,,,,,,,,,5,2,1,1,6
201500028418,0015-04-08 14:40:00,15,4,8,14,40,540,329,"19 bis, AVENUE DU 2° BCP",48.59111,6.50366,Plein jour,En agglomération,Intersection en Y,Normale,Deux véhicules - arrière,,,,,,,,,,,1,2,4,1,2
201500028419,0015-05-27 15:05:00,15,5,27,15,5,540,329,RUE ERNEST BICHAT,48.5924,6.50906,Plein jour,En agglomération,Intersection en X,Normale,Deux véhicules - côté,,,,,,,,,,,1,2,2,1,3
201500028420,0015-12-12 11:26:00,15,12,12,11,26,540,329,AVENUE DU 2ø BCP,48.59079,6.5037,Plein jour,En agglomération,Giratoire,Normale,Autre collision,,,,,,,,,,,1,2,6,1,6
201500028421,0015-03-12 19:15:00,15,3,12,19,15,540,274,DE GAULLE (AVENUE DU GAL,48.66565,6.20808,Nuit avec éclairage allumé,En agglomération,Intersection en T,Normale,Autre collision,,,,,,,,,,,5,2,3,1,6
201500028422,0015-12-29 12:15:00,15,12,29,12,15,540,395,LIBERATION (AVENUE DE LA,,,Plein jour,En agglomération,Intersection en T,Normale,Deux véhicules - côté,,,,,,,,,,,1,2,3,1,3
201500028423,0015-03-18 18:00:00,15,3,18,18,0,540,482,"0, HAIE-LE-COMTE (RUE DE",48.70475,6.20742,Plein jour,En agglomération,Intersection en X,Normale,Deux véhicules - frontale,,,,,,,,,,,1,2,2,1,1
201500028424,0015-12-31 19:36:00,15,12,31,19,36,540,526,POTIER (RUE EUGENE),,,Nuit avec éclairage allumé,En agglomération,Hors intersection,Normale,Autre collision,,,,,,,,,,,5,2,1,1,6
201500028425,0015-03-03 14:40:00,15,3,3,14,40,540,357,"47, LAFAYETTE (RUE)",48.70975,6.17186,Plein jour,En agglomération,Hors intersection,Normale,Deux véhicules - arrière,,,,,,,,,,,1,2,1,1,2
201500028426,0015-12-23 18:55:00,15,12,23,18,55,540,547,HEILLECOURT (CHEMIN DE),,,Nuit avec éclairage allumé,En agglomération,Hors intersection,Normale,Deux véhicules - côté,,,,,,,,,,,5,2,1,1,3
201500028427,0015-03-04 08:30:00,15,3,4,8,30,540,395,"4, SAINT BODON (RUE)",48.69888,6.16528,Plein jour,En agglomération,Hors intersection,Normale,Autre collision,,,,,,,,,,,1,2,1,1,6
201500028428,0015-12-18 07:45:00,15,12,18,7,45,540,395,"11-13, LIGIER RICHIER (Q",48.70125,6.16797,Plein jour,En agglomération,Hors intersection,Normale,Deux véhicules - côté,,,,,,,,,,,1,2,1,1,3
201500028429,0015-03-04 16:45:00,15,3,4,16,45,540,547,BOURGOGNE (AVENUE DE),48.65202,6.15028,Plein jour,Hors agglomération,Hors intersection,Normale,Trois véhicules et plus - en chaîne,,,,,,,,,,,1,1,1,1,4
201500028430,0015-12-21 12:15:00,15,12,21,12,15,540,357,METZ (ROUTE DE),,,Plein jour,En agglomération,Hors intersection,Normale,Autre collision,,,,,,,,,,,1,2,1,1,6
201500028431,0015-03-02 07:18:00,15,3,2,7,18,540,184,TARBES (CHEMIN ET RUE DE,48.70908,6.24928,Nuit avec éclairage non allumé,En agglomération,Hors intersection,Normale,Autre collision,,,,,,,,,,,4,2,1,1,6
201500028432,0015-11-17 08:50:00,15,11,17,8,50,540,395,"23, ALBERT 1ER  (BD)",,,Plein jour,En agglomération,Hors intersection,Normale,Deux véhicules - côté,,,,,,,,,,,1,2,1,1,3
201500028433,0015-03-07 16:10:00,15,3,7,16,10,540,547,RD 674,48.66298,6.18864,Plein jour,En agglomération,Hors intersection,Normale,Trois véhicules et plus - en chaîne,,,,,,,,,,,1,2,1,1,4
201500028434,0015-12-22 15:25:00,15,12,22,15,25,540,395,"47, LOBAU (BOULEVARD)",48.68894,6.19411,Plein jour,En agglomération,Hors intersection,Normale,Deux véhicules - arrière,,,,,,,,,,,1,2,1,1,2
201500028435,0015-11-27 09:15:00,15,11,27,9,15,540,395,FRANCE (AVENUE ANATOLE),,,Plein jour,En agglomération,Hors intersection,Brouillard / fumée,Autre collision,,,,,,,,,,,1,2,1,5,6
201500028436,0015-03-11 18:29:00,15,3,11,18,29,540,578,AIGUILLETTES  (BD 5 A 73,48.67033,6.15647,Plein jour,Hors agglomération,Hors intersection,Normale,Autre collision,,,,,,,,,,,1,1,1,1,6
201500028437,0015-03-13 07:55:00,15,3,13,7,55,540,395,"19, JACOB (RUE DU CHANOI",48.69961,6.17064,Plein jour,En agglomération,Hors intersection,Normale,Deux véhicules - côté,,,,,,,,,,,1,2,1,1,3
201500028438,0015-12-21 17:00:00,15,12,21,17,0,540,547,LECLERC (AVENUE DU GENER,48.66064,6.16361,Nuit avec éclairage allumé,En agglomération,Intersection en Y,Normale,Deux véhicules - côté,,,,,,,,,,,5,2,4,1,3
201500028439,0015-03-12 09:00:00,15,3,12,9,0,540,547,LECLERC (AV. DU GENERAL,48.66,6.16667,Plein jour,En agglomération,Intersection en T,Normale,Deux véhicules - côté,,,,,,,,,,,1,2,3,1,3
201500028440,0015-12-29 15:15:00,15,12,29,15,15,540,578,CATTENOZ (BD DU DOCTEUR),48.67723,6.15642,Plein jour,En agglomération,Intersection en X,Normale,Deux véhicules - côté,,,,,,,,,,,1,2,2,1,3
201500028441,0015-03-13 00:12:00,15,3,13,0,12,540,395,SAINT GEORGES (RUE),48.69194,6.18589,Nuit avec éclairage allumé,En agglomération,Hors intersection,Normale,Autre collision,,,,,,,,,,,5,2,1,1,6
201500028442,0015-12-24 19:00:00,15,12,24,19,0,540,265,MIRECOURT (ROUTE DE),,,Nuit avec éclairage allumé,Hors agglomération,Hors intersection,Normale,Deux véhicules - arrière,,,,,,,,,,,5,1,1,1,2
201500028443,0015-03-17 14:05:00,15,3,17,14,5,540,395,STRASBOURG (AVENUE DE),48.68236,6.19183,Plein jour,En agglomération,Hors intersection,Normale,Deux véhicules - arrière,,,,,,,,,,,1,2,1,1,2
201500028444,0015-03-13 21:00:00,15,3,13,21,0,540,395,DE LA TOUR (RUE GEORGES),48.69225,6.19483,Nuit avec éclairage allumé,En agglomération,Hors intersection,Pluie légère,Deux véhicules - côté,,,,,,,,,,,5,2,1,2,3
201500028445,0015-03-15 18:10:00,15,3,15,18,10,540,300,CEZARD (RUE RAOUL),48.64841,6.24103,Plein jour,En agglomération,Hors intersection,Normale,Autre collision,,,,,,,,,,,1,2,1,1,6
201500028446,0015-11-20 19:25:00,15,11,20,19,25,540,395,ISABEY (RUE),48.69598,6.16999,Nuit avec éclairage allumé,En agglomération,Intersection en Y,Normale,Deux véhicules - frontale,,,,,,,,,,,5,2,4,1,1
201500028447,0015-03-19 11:50:00,15,3,19,11,50,540,184,"40, BERIN (RUE ROGER)",48.70647,6.22575,Plein jour,En agglomération,Hors intersection,Normale,Autre collision,,,,,,,,,,,1,2,1,1,6
201500028448,0015-11-23 19:05:00,15,11,23,19,5,540,395,"48, SCARPONE (BD DE)",48.70334,6.1635,Nuit avec éclairage allumé,En agglomération,Hors intersection,Normale,Autre collision,,,,,,,,,,,5,2,1,1,6
201500028449,0015-03-19 12:25:00,15,3,19,12,25,540,395,"01, JEANNOT (RUE)",48.68997,6.18781,Plein jour,En agglomération,Hors intersection,Normale,Autre collision,,,,,,,,,,,1,2,1,1,6
201500028450,0015-03-18 20:00:00,15,3,18,20,0,540,578,AIGUILLETTES  (BD 5 A 73,48.67044,6.15758,Nuit avec éclairage allumé,En agglomération,Hors intersection,Normale,Autre collision,,,,,,,,,,,5,2,1,1,6
201500028451,0015-03-19 19:00:00,15,3,19,19,0,540,304,RESISTANCE (AV. DE LA -P,48.69461,6.12794,Nuit avec éclairage allumé,En agglomération,Hors intersection,Normale,Deux véhicules - côté,,,,,,,,,,,5,2,1,1,3
201500028452,0015-03-17 10:45:00,15,3,17,10,45,540,357,COURBET (RUE),48.71275,6.16772,Plein jour,En agglomération,Hors intersection,Normale,Deux véhicules - côté,,,,,,,,,,,1,2,1,1,3
201500028453,0015-12-23 14:50:00,15,12,23,14,50,540,547,EUROPE (BOULEVARD DE L'),48.66558,6.16733,Plein jour,En agglomération,Intersection en X,Pluie légère,Autre collision,,,,,,,,,,,1,2,2,2,6
201500028454,0015-03-23 13:30:00,15,3,23,13,30,540,395,"70, STANISLAS (RUE)",48.69191,6.17797,Plein jour,En agglomération,Hors intersection,Normale,Deux véhicules - arrière,,,,,,,,,,,1,2,1,1,2
201500028455,0015-03-21 13:20:00,15,3,21,13,20,540,482,GAMBETTA (RUE),48.70475,6.20747,Plein jour,En agglomération,Intersection en X,Normale,Deux véhicules - côté,,,,,,,,,,,1,2,2,1,3
201500028456,0015-03-25 15:20:00,15,3,25,15,20,540,395,SAINT JEAN (RUE),,,Plein jour,En agglomération,Intersection en X,Normale,Deux véhicules - côté,,,,,,,,,,,1,2,2,1,3
201500028457,0015-12-28 18:45:00,15,12,28,18,45,540,547,NORVEGE (RUE DE),,,Crépuscule ou aube,En agglomération,Hors intersection,Normale,Deux véhicules - arrière,,,,,,,,,,,2,2,1,1,2
201500028458,0015-03-16 09:00:00,15,3,16,9,0,540,395,"31, SAINT NICOLAS (RUE R",48.68911,6.18558,Plein jour,Hors agglomération,Hors intersection,Normale,Autre collision,,,,,,,,,,,1,1,1,1,6
201500028459,0015-03-23 18:20:00,15,3,23,18,20,540,395,"59, FRANCE (AVENUE ANATO",,,Plein jour,En agglomération,Hors intersection,Normale,Deux véhicules - côté,,,,,,,,,,,1,2,1,1,3
201500028460,0015-03-02 17:35:00,15,3,2,17,35,540,578,SAURUPT (AVENUE DE),48.67733,6.15622,Plein jour,En agglomération,Hors intersection,Autre,Deux véhicules - arrière,,,,,,,,,,,1,2,1,9,2
201500028461,0015-03-28 20:45:00,15,3,28,20,45,540,526,POTIER (RUE EUGENE),48.68641,6.21786,Nuit avec éclairage allumé,En agglomération,Hors intersection,Pluie légère,Deux véhicules - arrière,,,,,,,,,,,5,2,1,2,2
201500028462,0015-03-31 18:35:00,15,3,31,18,35,540,395,SCARPONE (BD DE),48.70272,6.16372,Plein jour,En agglomération,Intersection en T,Normale,Deux véhicules - côté,,,,,,,,,,,1,2,3,1,3
201500028463,0015-03-31 13:15:00,15,3,31,13,15,540,304,BOIS GRONEE (AVENUE DU),48.68363,6.13911,Plein jour,En agglomération,Hors intersection,Normale,Autre collision,,,,,,,,,,,1,2,1,1,6
201500028464,0015-12-03 15:48:00,15,12,3,15,48,540,395,JARDINIERS (RUE DES,,,Plein jour,En agglomération,Hors intersection,Normale,Autre collision,,,,,,,,,,,1,2,1,1,6
201500028465,0015-03-13 16:20:00,15,3,13,16,20,540,304,BOIS GRONEE (AVENUE DU),48.68311,6.13967,Plein jour,En agglomération,Hors intersection,Normale,Deux véhicules - arrière,,,,,,,,,,,1,2,1,1,2
201500028466,0015-12-01 16:25:00,15,12,1,16,25,540,547,BARTHOU (BD LOUIS),,,Plein jour,En agglomération,Hors intersection,Normale,Deux véhicules - frontale,,,,,,,,,,,1,2,1,1,1
201500028467,0015-04-01 21:00:00,15,4,1,21,0,540,395,ALBERT 1ER  (BD),48.69308,6.16792,Nuit avec éclairage allumé,En agglomération,Hors intersection,Normale,Deux véhicules - arrière,,,,,,,,,,,5,2,1,1,2
201500028468,0015-12-02 18:30:00,15,12,2,18,30,540,395,"53, LOBAU (BOULEVARD)",,,Nuit avec éclairage allumé,En agglomération,Hors intersection,Normale,Deux véhicules - arrière,,,,,,,,,,,5,2,1,1,2
201500028469,0015-04-01 18:35:00,15,4,1,18,35,540,578,"189, LECLERC (AVENUE DU",,,Plein jour,En agglomération,Hors intersection,Normale,Deux véhicules - côté,,,,,,,,,,,1,2,1,1,3
201500028470,0015-12-15 10:20:00,15,12,15,10,20,540,395,"161, LIBERATION (AVENUE",,,Plein jour,En agglomération,Hors intersection,Normale,Autre collision,,,,,,,,,,,1,2,1,1,6
201500028471,0015-04-03 17:00:00,15,4,3,17,0,540,498,RD 674,48.71381,6.25087,Plein jour,En agglomération,Intersection en X,Pluie légère,Deux véhicules - côté,,,,,,,,,,,1,2,2,2,3
201500028472,0015-03-09 18:15:00,15,3,9,18,15,540,357,PINCHARD (RUE RAYMOND LI,,,Crépuscule ou aube,En agglomération,Hors intersection,Normale,Autre collision,,,,,,,,,,,2,2,1,1,6
201500028473,0015-04-05 13:20:00,15,4,5,13,20,540,495,FORET (RUE DE LA),,,Plein jour,En agglomération,Hors intersection,Normale,Deux véhicules - côté,,,,,,,,,,,1,2,1,1,3
201500028474,0015-05-19 18:55:00,15,5,19,18,55,540,328,"98, SAINT EXUPERY (RUE A",48.6188,6.16917,Plein jour,En agglomération,Intersection en T,Normale,Autre collision,,,,,,,,,,,1,2,3,1,6
201500028475,0015-04-07 21:20:00,15,4,7,21,20,540,395,"0, LIBERATION (AVENUE DE",48.69597,6.14161,Nuit avec éclairage allumé,En agglomération,Hors intersection,Normale,Deux véhicules - arrière,,,,,,,,,,,5,2,1,1,2
201500028476,0015-04-10 23:40:00,15,4,10,23,40,540,395,TIERCELINS (RUE DES),48.69183,6.19297,Nuit avec éclairage allumé,En agglomération,Hors intersection,Normale,Deux véhicules - frontale,,,,,,,,,,,5,2,1,1,1
201500028477,0015-04-10 13:15:00,15,4,10,13,15,540,395,HUGO (RUE VICTOR),,,Plein jour,En agglomération,Intersection en X,Normale,Deux véhicules - côté,,,,,,,,,,,1,2,2,1,3
201500028478,0015-04-14 16:30:00,15,4,14,16,30,540,395,"38, CINQ PIQUETS (CHEMIN",48.68833,6.19744,Plein jour,En agglomération,Hors intersection,Normale,Autre collision,,,,,,,,,,,1,2,1,1,6
201500028479,0015-04-04 18:55:00,15,4,4,18,55,540,395,TIERCELINS (RUE DES),,,Plein jour,En agglomération,Hors intersection,Normale,Autre collision,,,,,,,,,,,1,2,1,1,6
201500028480,0015-04-14 12:20:00,15,4,14,12,20,540,547,"24, LECLERC (AVENUE DU G",48.6605,6.16356,Plein jour,Hors agglomération,Hors intersection,Normale,Deux véhicules - arrière,,,,,,,,,,,1,1,1,1,2
201500028481,0015-04-09 11:50:00,15,4,9,11,50,540,482,"27, JEAN XXIII (RUE)",,,Plein jour,En agglomération,Hors intersection,Normale,Autre collision,,,,,,,,,,,1,2,1,1,6
201500028482,0015-04-10 13:10:00,15,4,10,13,10,540,547,"7, BAVIERE (RUE DE)",,,Plein jour,En agglomération,Hors intersection,Normale,Deux véhicules - côté,,,,,,,,,,,1,2,1,1,3
201500028483,0015-04-13 14:35:00,15,4,13,14,35,540,547,"0, EUROPE (BOULEVARD DE",,,Plein jour,En agglomération,Hors intersection,Normale,Deux véhicules - arrière,,,,,,,,,,,1,2,1,1,2
201500028484,0015-12-02 11:15:00,15,12,2,11,15,540,495,CLOS DES TILLEULS (LOTIS,48.67689,6.24704,Plein jour,En agglomération,Intersection en T,Normale,Deux véhicules - côté,,,,,,,,,,,1,2,3,1,3
201500028485,0015-03-06 22:50:00,15,3,6,22,50,540,526,JAURES (BOULEVARD JEAN),,,Nuit avec éclairage allumé,En agglomération,Hors intersection,Normale,Deux véhicules - frontale,,,,,,,,,,,5,2,1,1,1
201500028486,0015-03-02 16:30:00,15,3,2,16,30,540,498,"50, RD 674",48.7166,6.25754,Plein jour,En agglomération,Hors intersection,Pluie légère,Deux véhicules - arrière,,,,,,,,,,,1,2,1,2,2
201500028487,0015-04-17 17:50:00,15,4,17,17,50,540,395,"4, DIEUZE (RUE DE)",48.6969,6.19303,Plein jour,En agglomération,Hors intersection,Pluie légère,Autre collision,,,,,,,,,,,1,2,1,2,6
201500028488,0015-04-18 04:30:00,15,4,18,4,30,540,395,"380, LIBERATION (AVENUE",48.69648,6.14447,Nuit avec éclairage allumé,En agglomération,Hors intersection,Normale,Autre collision,,,,,,,,,,,5,2,1,1,6
201500028489,0015-04-10 19:53:00,15,4,10,19,53,540,482,"12, DE GAULLE (PLACE DU",,,Plein jour,En agglomération,Hors intersection,Normale,Deux véhicules - côté,,,,,,,,,,,1,2,1,1,3
201500028490,0015-04-20 14:35:00,15,4,20,14,35,540,482,ALEXANDRE 1ER (RUE),,,Plein jour,En agglomération,Hors intersection,Normale,Deux véhicules - côté,,,,,,,,,,,1,2,1,1,3
201500028491,0015-12-22 19:25:00,15,12,22,19,25,540,184,RD 674,,,Nuit avec éclairage allumé,Hors agglomération,Giratoire,Normale,Sans collision,,,,,,,,,,,5,1,6,1,7
201500028492,0015-04-24 16:50:00,15,4,24,16,50,540,395,MANGIN (AVENUE DU GENERA,48.67191,6.16128,Plein jour,En agglomération,Intersection en X,Temps éblouissant,Deux véhicules - côté,,,,,,,,,,,1,2,2,7,3
201500028493,0015-04-27 09:40:00,15,4,27,9,40,540,184,"77, FOCH (AVENUE)",48.70505,6.22725,Plein jour,En agglomération,Hors intersection,Pluie légère,Autre collision,,,,,,,,,,,1,2,1,2,6
201500028494,0015-12-23 13:00:00,15,12,23,13,0,540,274,FAURE (RUE GABRIEL),,,Plein jour,En agglomération,Giratoire,Pluie légère,Deux véhicules - côté,,,,,,,,,,,1,2,6,2,3
201500028495,0015-04-27 17:15:00,15,4,27,17,15,540,304,SORTIE A.31 (bretelle),,,Plein jour,Hors agglomération,Hors intersection,Normale,Deux véhicules - côté,,,,,,,,,,,1,1,1,1,3
201500028496,0015-12-31 11:32:00,15,12,31,11,32,540,395,LOBAU (BOULEVARD),,,Plein jour,En agglomération,Hors intersection,Normale,Deux véhicules - arrière,,,,,,,,,,,1,2,1,1,2
201500028497,0015-04-29 14:45:00,15,4,29,14,45,540,547,EUROPE (BOULEVARD DE L'),,,Plein jour,En agglomération,Hors intersection,Normale,Trois véhicules et plus - collisions multiples,,,,,,,,,,,1,2,1,1,5
201500028498,0015-04-30 18:05:00,15,4,30,18,5,540,184,"96-98, FOCH (AVENUE)",48.70511,6.22517,Plein jour,En agglomération,Hors intersection,Pluie légère,Deux véhicules - côté,,,,,,,,,,,1,2,1,2,3
201500028499,0015-03-19 13:25:00,15,3,19,13,25,540,304,"10, MOUZON (RUE DU)",,,Plein jour,En agglomération,Hors intersection,Normale,Autre collision,,,,,,,,,,,1,2,1,1,6
201500028500,0015-03-25 21:00:00,15,3,25,21,0,540,395,JAURES (BOULEVARD JEAN),48.68133,6.17847,Nuit avec éclairage allumé,En agglomération,Hors intersection,Normale,Autre collision,,,,,,,,,,,5,2,1,1,6
201500028501,0015-03-24 01:00:00,15,3,24,1,0,540,395,"10, AUSTRASIE (BOULEVARD",,,Nuit avec éclairage allumé,En agglomération,Hors intersection,Normale,Deux véhicules - frontale,,,,,,,,,,,5,2,1,1,1
201500028502,0015-03-28 10:35:00,15,3,28,10,35,540,395,"119, HAUSSONVILLE (BD D'",48.67133,6.1665,Plein jour,En agglomération,Hors intersection,Normale,Deux véhicules - côté,,,,,,,,,,,1,2,1,1,3
201500028503,0015-04-29 16:30:00,15,4,29,16,30,540,395,"386, LIBERATION (AVENUE",,,Plein jour,En agglomération,Hors intersection,Normale,Autre collision,,,,,,,,,,,1,2,1,1,6
201500028504,0015-05-04 15:50:00,15,5,4,15,50,540,304,"32, DEROULEDE (AVENUE PA",48.68511,6.15562,Plein jour,En agglomération,Hors intersection,Normale,Autre collision,,,,,,,,,,,1,2,1,1,6
201500028505,0015-05-04 17:50:00,15,5,4,17,50,540,184,BRIGACHTAL (AVENUE DE),,,Plein jour,En agglomération,Hors intersection,Normale,Trois véhicules et plus - en chaîne,,,,,,,,,,,1,2,1,1,4
201500028506,0015-05-07 17:00:00,15,5,7,17,0,540,395,"0, ARC (RUE JEANNE D' N",48.68341,6.17344,Plein jour,En agglomération,Intersection en X,Normale,Autre collision,,,,,,,,,,,1,2,2,1,6
201500028507,0015-05-11 14:40:00,15,5,11,14,40,540,395,HAGUENAUER (RUE DU GRAND,48.68852,6.17931,Plein jour,En agglomération,Intersection en X,Normale,Autre collision,,,,,,,,,,,1,2,2,1,6
201500028508,0015-05-09 11:55:00,15,5,9,11,55,540,395,"0, INSURRECTION DU GHETT",48.68297,6.18453,Plein jour,En agglomération,Hors intersection,Normale,Deux véhicules - arrière,,,,,,,,,,,1,2,1,1,2
201500028509,0015-05-06 21:00:00,15,5,6,21,0,540,395,SAINT NICOLAS (RUE RESTE,,,Nuit avec éclairage allumé,En agglomération,Intersection en X,Pluie légère,Deux véhicules - côté,,,,,,,,,,,5,2,2,2,3
201500028510,0015-04-03 07:50:00,15,4,3,7,50,540,304,EUROPE (AVENUE DE L'),,,Plein jour,En agglomération,Hors intersection,Normale,Autre collision,,,,,,,,,,,1,2,1,1,6