accident_id,datetime,annee,mois,jour,heure,minute,departement,commune_insee,adresse,latitude,longitude,luminosite,agglomeration,intersection,meteo,collision,nb_vehicules,nb_usagers,nb_indemnes,nb_tues,nb_blesses_hosp,nb_blesses_legers,age_cond_1,age_cond_2,veh_type_cond_1,veh_type_cond_2,lum_code,agg_code,int_code,atm_code,col_code
201500028511,0015-05-09 19:15:00,15,5,9,19,15,540,395,SAINT DIZIER (RUE 82 ET,,,Plein jour,En agglomération,Hors intersection,Normale,Trois véhicules et plus - en chaîne,,,,,,,,,,,1,2,1,1,4
201500028512,0015-05-10 06:14:00,15,5,10,6,14,540,526,MILLENAIRE (Rond Point A,,,Plein jour,En agglomération,Giratoire,Normale,Autre collision,,,,,,,,,,,1,2,6,1,6
201500028513,0015-05-14 01:00:00,15,5,14,1,0,540,395,NEUFCHATEAU (RUE FRANCOI,,,Nuit avec éclairage allumé,En agglomération,Hors intersection,Normale,Autre collision,,,,,,,,,,,5,2,1,1,6
201500028514,0015-05-07 18:05:00,15,5,7,18,5,540,395,"47, SAINT DIZIER (RUE 2",,,Plein jour,En agglomération,Hors intersection,Normale,Autre collision,,,,,,,,,,,1,2,1,1,6
201500028515,0015-05-13 16:15:00,15,5,13,16,15,540,526,MILLENAIRE (BOULEVARD DU,,,Plein jour,En agglomération,Hors intersection,Normale,Deux véhicules - arrière,,,,,,,,,,,1,2,1,1,2
201500028516,0015-05-15 19:10:00,15,5,15,19,10,540,547,ARC (AVENUE JEANNE D'),,,Plein jour,En agglomération,Hors intersection,Normale,Deux véhicules - arrière,,,,,,,,,,,1,2,1,1,2
201500028517,0015-05-19 16:40:00,15,5,19,16,40,540,395,"25, SAINT LAMBERT (IMPAS",,,Plein jour,En agglomération,Hors intersection,Normale,Deux véhicules - frontale,,,,,,,,,,,1,2,1,1,1
201500028518,0015-05-18 18:45:00,15,5,18,18,45,540,395,"144, SAINT DIZIER (RUE 8",48.6852,6.18675,Plein jour,En agglomération,Hors intersection,Normale,Deux véhicules - arrière,,,,,,,,,,,1,2,1,1,2
201500028519,0015-05-19 08:10:00,15,5,19,8,10,540,395,POINCARE (RUE HENRI),,,Plein jour,En agglomération,Hors intersection,Normale,Autre collision,,,,,,,,,,,1,2,1,1,6
201500028520,0015-05-21 18:25:00,15,5,21,18,25,540,395,"0, FRANCE (AVENUE ANATOL",,,Plein jour,En agglomération,Hors intersection,Normale,Deux véhicules - arrière,,,,,,,,,,,1,2,1,1,2
201500028521,0015-05-26 14:18:00,15,5,26,14,18,540,304,POINCARE (RUE RAYMOND),,,Plein jour,En agglomération,Intersection en X,Normale,Deux véhicules - côté,,,,,,,,,,,1,2,2,1,3
201500028522,0015-05-09 13:43:00,15,5,9,13,43,540,547,BARTHOU (BD LOUIS),48.66841,6.18925,Plein jour,Hors agglomération,Hors intersection,Normale,Deux véhicules - côté,,,,,,,,,,,1,1,1,1,3
201500028523,0015-05-19 16:25:00,15,5,19,16,25,540,395,GRANDE RUE,,,Plein jour,En agglomération,Intersection en X,Normale,Deux véhicules - côté,,,,,,,,,,,1,2,2,1,3
201500028524,0015-05-29 11:45:00,15,5,29,11,45,540,395,"184, ARC ( RUE JEANNE D'",,,Plein jour,En agglomération,Hors intersection,Normale,Deux véhicules - côté,,,,,,,,,,,1,2,1,1,3
201500028525,0015-05-15 16:05:00,15,5,15,16,5,540,395,BONSECOURS (RUE DE),,,Plein jour,En agglomération,Hors intersection,Normale,Autre collision,,,,,,,,,,,1,2,1,1,6
201500028526,0015-04-30 20:20:00,15,4,30,20,20,540,304,BOIS GRONEE (AVENUE DU),,,Crépuscule ou aube,Hors agglomération,Hors intersection,Normale,Autre collision,,,,,,,,,,,2,1,1,1,6
201500028527,0015-05-12 18:00:00,15,5,12,18,0,540,395,MOULIN (BOULEVARD JEAN),,,Plein jour,En agglomération,Hors intersection,Normale,Trois véhicules et plus - en chaîne,,,,,,,,,,,1,2,1,1,4
201500028528,0015-05-13 18:20:00,15,5,13,18,20,540,547,CARNOT (RUE),48.658,6.17389,Plein jour,En agglomération,Intersection en T,Normale,Deux véhicules - côté,,,,,,,,,,,1,2,3,1,3
201500028529,0015-04-29 06:50:00,15,4,29,6,50,540,395,"6, SENN (RUE DU RECTEUR)",,,Plein jour,En agglomération,Hors intersection,Normale,Autre collision,,,,,,,,,,,1,2,1,1,6
201500028530,0015-05-21 15:44:00,15,5,21,15,44,540,395,"89, METZ (RUE DE)",48.7035,6.17022,Plein jour,Hors agglomération,Hors intersection,Normale,Autre collision,,,,,,,,,,,1,1,1,1,6
201500028531,0015-05-26 08:30:00,15,5,26,8,30,540,395,MIRECOURT (ROUTE DE),,,Plein jour,En agglomération,Hors intersection,Normale,Trois véhicules et plus - en chaîne,,,,,,,,,,,1,2,1,1,4
201500028532,0015-05-30 06:15:00,15,5,30,6,15,540,395,ROTONDE (RUE DE LA),,,Nuit avec éclairage allumé,En agglomération,Hors intersection,Normale,Autre collision,,,,,,,,,,,5,2,1,1,6
201500028533,0015-05-18 08:45:00,15,5,18,8,45,540,395,BROT (Rue Marcel),,,Plein jour,Hors agglomération,Giratoire,Normale,Deux véhicules - côté,,,,,,,,,,,1,1,6,1,3
201500028534,0015-06-02 07:45:00,15,6,2,7,45,540,25,CHARTREUSE (AVENUE DE LA,,,Plein jour,En agglomération,Hors intersection,Normale,Deux véhicules - côté,,,,,,,,,,,1,2,1,1,3
201500028535,0015-05-26 11:30:00,15,5,26,11,30,540,328,GENOBOIS (AVENUE DE),48.6156,6.17511,Plein jour,En agglomération,Intersection en X,Normale,Autre collision,,,,,,,,,,,1,2,2,1,6
201500028536,0015-05-28 19:15:00,15,5,28,19,15,540,395,TOMBLAINE (RUE DE),48.6864,6.19903,Plein jour,En agglomération,Intersection en X,Normale,Deux véhicules - côté,,,,,,,,,,,1,2,2,1,3
201500028537,0015-06-08 21:11:00,15,6,8,21,11,540,395,LOBAU (BOULEVARD),48.68957,6.19378,Plein jour,En agglomération,Intersection en X,Normale,Deux véhicules - côté,,,,,,,,,,,1,2,2,1,3
201500028538,0015-05-13 17:20:00,15,5,13,17,20,540,395,FOCH (AVENUE 2 A 16/,,,Plein jour,En agglomération,Intersection en Y,Normale,Deux véhicules - côté,,,,,,,,,,,1,2,4,1,3
201500028539,0015-06-09 06:55:00,15,6,9,6,55,540,184,"12, PRES (RUE DES)",48.70316,6.22205,Plein jour,En agglomération,Hors intersection,Normale,Autre collision,,,,,,,,,,,1,2,1,1,6
201500028540,0015-06-09 12:15:00,15,6,9,12,15,540,547,PARISOT (RUE DU DOYEN JA,48.6538,6.15321,Plein jour,En agglomération,Intersection en T,Normale,Deux véhicules - côté,,,,,,,,,,,1,2,3,1,3
201500028541,0015-06-04 08:20:00,15,6,4,8,20,540,300,PATTON (RUE DU GENERAL),,,Plein jour,En agglomération,Hors intersection,Normale,Deux véhicules - arrière,,,,,,,,,,,1,2,1,1,2
201500028542,0015-06-10 11:57:00,15,6,10,11,57,540,395,SAINT LEON (RUE ET EGLIS,,,Plein jour,En agglomération,Hors intersection,Normale,Autre collision,,,,,,,,,,,1,2,1,1,6
201500028543,0015-06-10 18:50:00,15,6,10,18,50,540,395,NABECOR (RUE DE),48.6796,6.18977,Plein jour,En agglomération,Intersection en X,Normale,Deux véhicules - frontale,,,,,,,,,,,1,2,2,1,1
201500028544,0015-06-06 04:10:00,15,6,6,4,10,540,197,ERFURT (CHEMIN D'),48.61914,6.20433,Nuit avec éclairage allumé,Hors agglomération,Hors intersection,Normale,Sans collision,,,,,,,,,,,5,1,1,1,7
201500028545,0015-05-20 21:10:00,15,5,20,21,10,540,304,MEUSE (RUE DE LA),,,Crépuscule ou aube,En agglomération,Intersection en T,Temps couvert,Deux véhicules - côté,,,,,,,,,,,2,2,3,8,3
201500028546,0015-06-04 12:40:00,15,6,4,12,40,540,395,"56, LOBAU (BOULEVARD)",48.68583,6.19563,Plein jour,En agglomération,Hors intersection,Normale,Autre collision,,,,,,,,,,,1,2,1,1,6
201500028547,0015-06-15 21:00:00,15,6,15,21,0,540,395,FOUCAULD (RUE CHARLES DE,48.70213,6.18218,Crépuscule ou aube,En agglomération,Intersection en T,Normale,Autre collision,,,,,,,,,,,2,2,3,1,6
201500028548,0015-05-07 09:00:00,15,5,7,9,0,540,547,LECLERC (AVENUE DU GENER,,,Plein jour,En agglomération,Hors intersection,Normale,Autre collision,,,,,,,,,,,1,2,1,1,6
201500028549,0015-05-15 15:30:00,15,5,15,15,30,540,495,BLERIOT (RUE LOUIS),48.68929,6.24419,Plein jour,En agglomération,Intersection en X,Normale,Deux véhicules - côté,,,,,,,,,,,1,2,2,1,3
201500028550,0015-06-16 16:30:00,15,6,16,16,30,540,184,"9, SOIXANTE NEUVIEME R.I",48.70574,6.23081,Plein jour,En agglomération,Hors intersection,Normale,Deux véhicules - arrière,,,,,,,,,,,1,2,1,1,2
201500028551,0015-06-12 18:25:00,15,6,12,18,25,540,395,"4b, MICHOTTES (RUE DES)",48.69264,6.17885,Plein jour,En agglomération,Hors intersection,Normale,Deux véhicules - côté,,,,,,,,,,,1,2,1,1,3
201500028552,0015-06-17 15:10:00,15,6,17,15,10,540,25,CHARTREUSE (AVENUE DE LA,48.66176,6.24302,Plein jour,Hors agglomération,Intersection en T,Normale,Trois véhicules et plus - collisions multiples,,,,,,,,,,,1,1,3,1,5
201500028553,0015-06-14 11:20:00,15,6,14,11,20,540,357,"49, METZ (ROUTE DE)",48.70952,6.16718,Plein jour,En agglomération,Hors intersection,Normale,Deux véhicules - côté,,,,,,,,,,,1,2,1,1,3
201500028554,0015-06-21 23:05:00,15,6,21,23,5,540,304,AIGUILLETTES  (BD 16 A 2,48.67935,6.14261,Nuit avec éclairage allumé,En agglomération,Intersection en X,Normale,Deux véhicules - côté,,,,,,,,,,,5,2,2,1,3
201500028555,0015-06-18 10:00:00,15,6,18,10,0,540,395,"97, KELLER (RUE CHARLES)",48.70315,6.1752,Plein jour,En agglomération,Hors intersection,Normale,Autre collision,,,,,,,,,,,1,2,1,1,6
201500028556,0015-06-15 12:20:00,15,6,15,12,20,540,526,RN 74,,,Plein jour,Hors agglomération,Hors intersection,Normale,Deux véhicules - arrière,,,,,,,,,,,1,1,1,1,2
201500028557,0015-06-22 14:45:00,15,6,22,14,45,540,395,"01, MIRECOURT (ROUTE DE)",,,Plein jour,En agglomération,Hors intersection,Normale,Deux véhicules - frontale,,,,,,,,,,,1,2,1,1,1
201500028558,0015-06-24 11:35:00,15,6,24,11,35,540,395,"23, BOUFFLERS (AVENUE) D",48.68917,6.16186,Plein jour,En agglomération,Hors intersection,Normale,Deux véhicules - arrière,,,,,,,,,,,1,2,1,1,2
201500028559,0015-06-24 17:40:00,15,6,24,17,40,540,395,"147b, SAINT DIZIER (RUE",48.6868,6.18544,Plein jour,En agglomération,Intersection en X,Normale,Deux véhicules - côté,,,,,,,,,,,1,2,2,1,3
201500028560,0015-06-23 17:45:00,15,6,23,17,45,540,495,BOSSERVILLE (ROUTE DE),48.68654,6.24526,Plein jour,En agglomération,Intersection en T,Normale,Trois véhicules et plus - collisions multiples,,,,,,,,,,,1,2,3,1,5
201500028561,0015-06-24 14:50:00,15,6,24,14,50,540,395,BLANDAN (IMPASSE ET RUE,48.6779,6.16834,Plein jour,En agglomération,Intersection en X,Normale,Deux véhicules - côté,,,,,,,,,,,1,2,2,1,3
201500028562,0015-06-25 12:25:00,15,6,25,12,25,540,184,"3, MERE THERESA",48.70186,6.2241,Plein jour,En agglomération,Hors intersection,Normale,Deux véhicules - côté,,,,,,,,,,,1,2,1,1,3
201500028563,0015-06-30 14:50:00,15,6,30,14,50,540,395,Marcel BROT (Rue et Rond,48.67693,6.20607,Plein jour,En agglomération,Giratoire,Normale,Deux véhicules - côté,,,,,,,,,,,1,2,6,1,3
201500028564,0015-06-25 17:55:00,15,6,25,17,55,540,578,MULLER (AVENUE PAUL),,,Plein jour,En agglomération,Hors intersection,Normale,Deux véhicules - arrière,,,,,,,,,,,1,2,1,1,2
201500028565,0015-06-25 17:50:00,15,6,25,17,50,540,395,"416, LIBERATION (AVENUE",48.6957,6.14067,Plein jour,En agglomération,Hors intersection,Normale,Deux véhicules - arrière,,,,,,,,,,,1,2,1,1,2
201500028566,0015-06-30 17:20:00,15,6,30,17,20,540,395,"32, ALBERT 1ER  (BD)",48.69552,6.16747,Plein jour,En agglomération,Hors intersection,Normale,Deux véhicules - côté,,,,,,,,,,,1,2,1,1,3
201500028567,0015-06-30 06:20:00,15,6,30,6,20,540,498,RD 674,48.71886,6.26354,Plein jour,En agglomération,Intersection en T,Normale,Deux véhicules - côté,,,,,,,,,,,1,2,3,1,3
201500028568,0015-07-01 18:40:00,15,7,1,18,40,540,395,"29, SAINT NICOLAS (RUE R",48.68919,6.18537,Plein jour,En agglomération,Hors intersection,Normale,Deux véhicules - arrière,,,,,,,,,,,1,2,1,1,2
201500028569,0015-06-15 14:15:00,15,6,15,14,15,540,395,DOMINICAINS (RUE DES),,,Plein jour,En agglomération,Hors intersection,Normale,Deux véhicules - arrière,,,,,,,,,,,1,2,1,1,2
201500028570,0015-07-03 08:40:00,15,7,3,8,40,540,395,LECLERC (AV. DU GENE,,,Plein jour,En agglomération,Hors intersection,Normale,Autre collision,,,,,,,,,,,1,2,1,1,6
201500028571,0015-07-03 15:10:00,15,7,3,15,10,540,395,"18, SAINT LAMBERT (IMPAS",48.68751,6.16426,Plein jour,En agglomération,Hors intersection,Normale,Deux véhicules - arrière,,,,,,,,,,,1,2,1,1,2
201500028572,0015-07-05 19:50:00,15,7,5,19,50,540,547,BOURGOGNE (AVENUE DE),,,Crépuscule ou aube,En agglomération,Hors intersection,Normale,Deux véhicules - côté,,,,,,,,,,,2,2,1,1,3
201500028573,0015-07-02 08:45:00,15,7,2,8,45,540,395,"38, HULOT (RUE DU GENERA",48.6725,6.16536,Plein jour,En agglomération,Intersection en T,Normale,Autre collision,,,,,,,,,,,1,2,3,1,6
201500028574,0015-05-28 16:45:00,15,5,28,16,45,540,339,14 rue COLONEL DRIANT,,,Plein jour,En agglomération,Hors intersection,Normale,Deux véhicules - arrière,,,,,,,,,,,1,2,1,1,2
201500028575,0015-07-02 19:10:00,15,7,2,19,10,540,395,METZ (RUE DE),48.7016,6.17147,Plein jour,En agglomération,Intersection en T,Normale,Deux véhicules - côté,,,,,,,,,,,1,2,3,1,3
201500028576,0015-07-01 10:45:00,15,7,1,10,45,540,395,POINCARE (RUE RAYMOND 1-,,,Plein jour,En agglomération,Hors intersection,Normale,Autre collision,,,,,,,,,,,1,2,1,1,6
201500028577,0015-07-04 11:45:00,15,7,4,11,45,540,357,LAFAYETTE (RUE),48.71266,6.16802,Plein jour,En agglomération,Intersection en X,Normale,Deux véhicules - côté,,,,,,,,,,,1,2,2,1,3
201500028578,0015-07-10 17:00:00,15,7,10,17,0,540,304,RESISTANCE (AV. DE LA -P,,,Plein jour,En agglomération,Hors intersection,Normale,Deux véhicules - arrière,,,,,,,,,,,1,2,1,1,2
201500028579,0015-07-13 09:15:00,15,7,13,9,15,540,547,ALSACE  (PLACE GERARD D',,,Plein jour,Hors agglomération,Hors intersection,Normale,Deux véhicules - côté,,,,,,,,,,,1,1,1,1,3
201500028580,0015-07-11 18:15:00,15,7,11,18,15,540,547,"08, BRIAND (RUE ARISTIDE",,,Plein jour,En agglomération,Hors intersection,Normale,Deux véhicules - côté,,,,,,,,,,,1,2,1,1,3
201500028581,0015-07-15 18:20:00,15,7,15,18,20,540,395,"119, STRASBOURG (AVENUE",48.67922,6.19673,Plein jour,En agglomération,Hors intersection,Normale,Autre collision,,,,,,,,,,,1,2,1,1,6
201500028582,0015-07-17 11:30:00,15,7,17,11,30,540,395,LOBAU (BOULEVARD),48.6796,6.19853,Plein jour,En agglomération,Intersection en X,Normale,Deux véhicules - côté,,,,,,,,,,,1,2,2,1,3
201500028583,0015-07-16 16:49:00,15,7,16,16,49,540,184,BRIGACHTAL (AVENUE DE),48.703,6.22797,Plein jour,En agglomération,Intersection en X,Normale,Deux véhicules - côté,,,,,,,,,,,1,2,2,1,3
201500028584,0015-07-22 16:00:00,15,7,22,16,0,540,395,VINGT SIXIEME R.I.,,,Plein jour,En agglomération,Hors intersection,Normale,Autre collision,,,,,,,,,,,1,2,1,1,6
201500028585,0015-07-21 12:33:00,15,7,21,12,33,540,395,FRANCE (AVENUE ANATOLE),,,Plein jour,En agglomération,Hors intersection,Normale,Deux véhicules - côté,,,,,,,,,,,1,2,1,1,3
201500028586,0015-07-24 19:10:00,15,7,24,19,10,540,304,LIBERATION (AVENUE DE LA,48.6781,6.15944,Plein jour,En agglomération,Intersection en X,Autre,Autre collision,,,,,,,,,,,1,2,2,9,6
201500028587,0015-07-26 19:15:00,15,7,26,19,15,540,395,VICTOR (RUE),,,Plein jour,En agglomération,Hors intersection,Normale,Deux véhicules - côté,,,,,,,,,,,1,2,1,1,3
201500028588,0015-07-30 11:50:00,15,7,30,11,50,540,304,"68, MAREVILLE (CHEMIN ET",48.6808,6.14532,Plein jour,En agglomération,Hors intersection,Normale,Deux véhicules - côté,,,,,,,,,,,1,2,1,1,3
201500028589,0015-07-29 05:50:00,15,7,29,5,50,540,395,PINCHARD (AVENUE OMBELLE,,,Crépuscule ou aube,En agglomération,Hors intersection,Pluie forte,Deux véhicules - côté,,,,,,,,,,,2,2,1,3,3
201500028590,0015-07-29 15:45:00,15,7,29,15,45,540,395,HAUSSONVILLE (BD D'),,,Plein jour,En agglomération,Hors intersection,Normale,Trois véhicules et plus - en chaîne,,,,,,,,,,,1,2,1,1,4
201500028591,0015-06-18 17:30:00,15,6,18,17,30,540,257,HAQUIN (AVENUE EMILE),,,Plein jour,Hors agglomération,Hors intersection,Normale,Deux véhicules - côté,,,,,,,,,,,1,1,1,1,3
201500028592,0015-07-09 08:40:00,15,7,9,8,40,540,395,JUIN (AVENUE DU MARECHAL,,,Plein jour,En agglomération,Hors intersection,Normale,Autre collision,,,,,,,,,,,1,2,1,1,6
201500028593,0015-07-30 13:20:00,15,7,30,13,20,540,395,"79, VINGTIEME CORPS (AVE",48.69695,6.19772,Plein jour,En agglomération,Hors intersection,Normale,Deux véhicules - arrière,,,,,,,,,,,1,2,1,1,2
201500028594,0015-08-06 10:45:00,15,8,6,10,45,540,578,"2, FOCH (BOULEVARD MAREC",48.67745,6.15628,Plein jour,En agglomération,Hors intersection,Temps éblouissant,Autre collision,,,,,,,,,,,1,2,1,7,6
201500028595,0015-07-04 14:00:00,15,7,4,14,0,540,395,JAURES (BOULEVARD JEAN),,,Plein jour,En agglomération,Hors intersection,Normale,Autre collision,,,,,,,,,,,1,2,1,1,6
201500028596,0015-07-09 12:45:00,15,7,9,12,45,540,395,METZ (RUE DE),48.70168,6.17153,Plein jour,Hors agglomération,Intersection en X,Normale,Autre collision,,,,,,,,,,,1,1,2,1,6
201500028597,0015-07-13 17:30:00,15,7,13,17,30,540,395,FRANCE (AVENUE ANATOLE),,,Plein jour,En agglomération,Hors intersection,Normale,Autre collision,,,,,,,,,,,1,2,1,1,6
201500028598,0015-08-03 10:45:00,15,8,3,10,45,540,395,BOBILLOT (RUE DU SERGENT,48.68566,6.16103,Plein jour,En agglomération,Intersection en X,Normale,Autre collision,,,,,,,,,,,1,2,2,1,6
201500028599,0015-08-04 17:00:00,15,8,4,17,0,540,547,"12, LUXEMBOURG (RUE DU)",48.66435,6.17013,Plein jour,En agglomération,Hors intersection,Normale,Autre collision,,,,,,,,,,,1,2,1,1,6
201500028600,0015-08-01 20:00:00,15,8,1,20,0,540,304,RESISTANCE (AV. DE LA -I,,,Plein jour,En agglomération,Hors intersection,Normale,Autre collision,,,,,,,,,,,1,2,1,1,6
201500028601,0015-08-12 16:40:00,15,8,12,16,40,540,547,LECLERC (AVENUE DU GENER,,,Plein jour,En agglomération,Hors intersection,Normale,Deux véhicules - arrière,,,,,,,,,,,1,2,1,1,2
201500028602,0015-08-13 18:15:00,15,8,13,18,15,540,395,"75, VAYRINGE (RUE)",48.70692,6.17721,Plein jour,En agglomération,Hors intersection,Normale,Sans collision,,,,,,,,,,,1,2,1,1,7
201500028603,0015-08-14 15:00:00,15,8,14,15,0,540,495,TOMBLAINE (RUE DE),,,Plein jour,En agglomération,Intersection en T,Normale,Deux véhicules - côté,,,,,,,,,,,1,2,3,1,3
201500028604,0015-08-11 13:40:00,15,8,11,13,40,540,395,LAXOU (Rue de),,,Plein jour,En agglomération,Intersection en X,Normale,Deux véhicules - côté,,,,,,,,,,,1,2,2,1,3
201500028605,0015-08-22 01:05:00,15,8,22,1,5,540,395,CARRIERE (PLACE DE LA),48.69465,6.1825,Nuit avec éclairage allumé,En agglomération,Hors intersection,Normale,Autre collision,,,,,,,,,,,5,2,1,1,6
201500028606,0015-08-22 17:15:00,15,8,22,17,15,540,339,CARNOT (RUE SADI),,,Plein jour,En agglomération,Intersection en X,Normale,Deux véhicules - côté,,,,,,,,,,,1,2,2,1,3
201500028607,0015-08-13 10:50:00,15,8,13,10,50,540,395,BROT (Rond-Point Marcel),,,Plein jour,Hors agglomération,Hors intersection,Normale,Deux véhicules - arrière,,,,,,,,,,,1,1,1,1,2
201500028608,0015-08-17 08:45:00,15,8,17,8,45,540,395,ABOUT  (RUE EDMOND),,,Plein jour,En agglomération,Intersection en X,Normale,Deux véhicules - côté,,,,,,,,,,,1,2,2,1,3
201500028609,0015-08-21 13:20:00,15,8,21,13,20,540,547,EUROPE (BOULEVARD DE L'),,,Plein jour,En agglomération,Hors intersection,Normale,Trois véhicules et plus - en chaîne,,,,,,,,,,,1,2,1,1,4
201500028610,0015-08-21 10:50:00,15,8,21,10,50,540,395,"14, VERGER (RUE ET RUELL",48.6907,6.16958,Plein jour,En agglomération,Hors intersection,Normale,Deux véhicules - côté,,,,,,,,,,,1,2,1,1,3
201500028611,0015-08-22 12:00:00,15,8,22,12,0,540,395,CARMES (RUE DES),48.6904,6.18136,Plein jour,En agglomération,Intersection en X,Normale,Deux véhicules - côté,,,,,,,,,,,1,2,2,1,3
201500028612,0015-08-30 10:40:00,15,8,30,10,40,540,184,FOCH (AVENUE),,,Plein jour,En agglomération,Intersection en Y,Normale,Autre collision,,,,,,,,,,,1,2,4,1,6
201500028613,0015-08-27 17:00:00,15,8,27,17,0,540,395,MAILLARD (Rue Louis Cami,,,Plein jour,En agglomération,Hors intersection,Normale,Autre collision,,,,,,,,,,,1,2,1,1,6
201500028614,0015-08-28 22:15:00,15,8,28,22,15,540,328,MESSEIN (ROUTE DE),,,Nuit avec éclairage non allumé,Hors agglomération,Hors intersection,Normale,Sans collision,,,,,,,,,,,4,1,1,1,7
201500028615,0015-08-31 16:40:00,15,8,31,16,40,540,547,ARC (AVENUE JEANNE D'),,,Plein jour,En agglomération,Hors intersection,Normale,Deux véhicules - arrière,,,,,,,,,,,1,2,1,1,2
201500028616,0015-09-01 09:50:00,15,9,1,9,50,540,274,SONGEUR (RUE LEON),,,Plein jour,En agglomération,Hors intersection,Normale,Autre collision,,,,,,,,,,,1,2,1,1,6
201500028617,0015-09-01 11:55:00,15,9,1,11,55,540,547,BOURGOGNE (AVENUE DE),,,Plein jour,En agglomération,Hors intersection,Normale,Autre collision,,,,,,,,,,,1,2,1,1,6
201500028618,0015-09-02 13:00:00,15,9,2,13,0,540,395,CLEMENCEAU (BD GEORGES),48.67884,6.18003,Plein jour,En agglomération,Intersection en X,Normale,Deux véhicules - arrière,,,,,,,,,,,1,2,2,1,2
201500028619,0015-09-03 06:30:00,15,9,3,6,30,540,395,NABECOR (RUE DE),48.68126,6.1935,Crépuscule ou aube,En agglomération,Hors intersection,Normale,Deux véhicules - arrière,,,,,,,,,,,2,2,1,1,2
201500028620,0015-09-03 15:25:00,15,9,3,15,25,540,395,"40, SAINT DIZIER (RUE 2",,,Plein jour,En agglomération,Hors intersection,Normale,Autre collision,,,,,,,,,,,1,2,1,1,6
201500028621,0015-08-21 02:45:00,15,8,21,2,45,540,395,VAYRINGE (RUE),,,Nuit avec éclairage non allumé,En agglomération,Hors intersection,Normale,Autre collision,,,,,,,,,,,4,2,1,1,6
201500028622,0015-09-01 19:05:00,15,9,1,19,5,540,395,BADONVILLER (RUE DE),,,Plein jour,En agglomération,Intersection en T,Normale,Deux véhicules - côté,,,,,,,,,,,1,2,3,1,3
201500028623,0015-09-10 17:50:00,15,9,10,17,50,540,578,JARDIN BOTANIQUE (RUE DU,,,Plein jour,En agglomération,Hors intersection,Normale,Autre collision,,,,,,,,,,,1,2,1,1,6
201500028624,0015-09-11 19:25:00,15,9,11,19,25,540,526,FRATERNITE (RUE DE LA),,,Nuit avec éclairage allumé,En agglomération,Hors intersection,Normale,Deux véhicules - arrière,,,,,,,,,,,5,2,1,1,2
201500028625,0015-08-03 12:15:00,15,8,3,12,15,540,184,BRIGACHTAL (AVENUE DE),,,Plein jour,Hors agglomération,Hors intersection,Normale,Deux véhicules - arrière,,,,,,,,,,,1,1,1,1,2
201500028626,0015-08-14 10:55:00,15,8,14,10,55,540,304,FOCH (BOULEVARD MARECHAL,,,Plein jour,En agglomération,Hors intersection,Normale,Deux véhicules - arrière,,,,,,,,,,,1,2,1,1,2
201500028627,0015-08-14 02:40:00,15,8,14,2,40,540,578,MULLER (AVENUE PAUL),,,Nuit avec éclairage allumé,En agglomération,Hors intersection,Normale,Autre collision,,,,,,,,,,,5,2,1,1,6
201500028628,0015-09-09 12:30:00,15,9,9,12,30,540,395,"6, CHARLES V (BOULEVARD)",,,Plein jour,En agglomération,Hors intersection,Normale,Autre collision,,,,,,,,,,,1,2,1,1,6
201500028629,0015-09-15 08:35:00,15,9,15,8,35,540,547,EUROPE (BOULEVARD DE L'),,,Plein jour,En agglomération,Hors intersection,Normale,Deux véhicules - côté,,,,,,,,,,,1,2,1,1,3
201500028630,0015-09-20 13:00:00,15,9,20,13,0,540,25,SAINT PHLIN (RUE DU FAUB,,,Plein jour,Hors agglomération,Hors intersection,Normale,Deux véhicules - côté,,,,,,,,,,,1,1,1,1,3
201500028631,0015-09-12 17:15:00,15,9,12,17,15,540,304,"72, POINCARE (RUE RAYMON",,,Plein jour,En agglomération,Hors intersection,Pluie légère,Deux véhicules - côté,,,,,,,,,,,1,2,1,2,3
201500028632,0015-09-04 20:16:00,15,9,4,20,16,540,526,RD 2 BIS,,,Crépuscule ou aube,En agglomération,Intersection en X,Normale,Deux véhicules - côté,,,,,,,,,,,2,2,2,1,3
201500028633,0015-09-08 07:45:00,15,9,8,7,45,540,395,"11-13, LIGIER RICHIER (Q",,,Plein jour,En agglomération,Hors intersection,Normale,Autre collision,,,,,,,,,,,1,2,1,1,6
201500028634,0015-09-10 18:30:00,15,9,10,18,30,540,395,"209, LIBERATION (AVENUE",,,Plein jour,En agglomération,Intersection en T,Normale,Deux véhicules - côté,,,,,,,,,,,1,2,3,1,3
201500028635,0015-09-10 12:20:00,15,9,10,12,20,540,395,VINGT SIXIEME R.I. (BOUL,,,Plein jour,En agglomération,Hors intersection,Normale,Trois véhicules et plus - en chaîne,,,,,,,,,,,1,2,1,1,4
201500028636,0015-09-11 17:40:00,15,9,11,17,40,540,526,CONCORDE (AVENUE DE),,,Plein jour,En agglomération,Hors intersection,Normale,Trois véhicules et plus - en chaîne,,,,,,,,,,,1,2,1,1,4
201500028637,0015-09-12 12:45:00,15,9,12,12,45,540,395,SCARPONE (BD DE),,,Plein jour,En agglomération,Hors intersection,Normale,Deux véhicules - arrière,,,,,,,,,,,1,2,1,1,2
201500028638,0015-09-17 16:25:00,15,9,17,16,25,540,395,PLACIEUX (RUE DU),,,Plein jour,En agglomération,Hors intersection,Normale,Deux véhicules - arrière,,,,,,,,,,,1,2,1,1,2
201500028639,0015-09-15 18:00:00,15,9,15,18,0,540,578,MULLER (AVENUE PAUL),,,Plein jour,En agglomération,Intersection en T,Normale,Deux véhicules - côté,,,,,,,,,,,1,2,3,1,3
201500028640,0015-09-21 18:40:00,15,9,21,18,40,540,274,REPUBLIQUE (RUE DE LA),,,Plein jour,En agglomération,Intersection en T,Normale,Deux véhicules - arrière,,,,,,,,,,,1,2,3,1,2