accident_id,datetime,annee,mois,jour,heure,minute,departement,commune_insee,adresse,latitude,longitude,luminosite,agglomeration,intersection,meteo,collision,nb_vehicules,nb_usagers,nb_indemnes,nb_tues,nb_blesses_hosp,nb_blesses_legers,age_cond_1,age_cond_2,veh_type_cond_1,veh_type_cond_2,lum_code,agg_code,int_code,atm_code,col_code
201500028641,0015-09-19 22:55:00,15,9,19,22,55,540,547,EUROPE (BOULEVARD DE L'),,,Nuit avec éclairage allumé,En agglomération,Hors intersection,Normale,Deux véhicules - arrière,,,,,,,,,,,5,2,1,1,2
201500028642,0015-09-19 22:52:00,15,9,19,22,52,540,395,PIXERECOURT (RUE GUILBER,,,Nuit avec éclairage allumé,En agglomération,Intersection en T,Normale,Autre collision,,,,,,,,,,,5,2,3,1,6
201500028643,0015-09-23 18:20:00,15,9,23,18,20,540,328,A 330 (Bretelle Sortie),,,Plein jour,En agglomération,Hors intersection,Normale,Deux véhicules - arrière,,,,,,,,,,,1,2,1,1,2
201500028644,0015-09-24 11:50:00,15,9,24,11,50,540,395,PFISTER (RUE CHRISTIAN),,,Plein jour,En agglomération,Intersection en T,Normale,Deux véhicules - côté,,,,,,,,,,,1,2,3,1,3
201500028645,0015-09-20 13:10:00,15,9,20,13,10,540,395,"47, DE LATTRE DE TASSIGN",,,Plein jour,En agglomération,Hors intersection,Normale,Trois véhicules et plus - en chaîne,,,,,,,,,,,1,2,1,1,4
201500028646,0015-09-23 19:15:00,15,9,23,19,15,540,395,LECLERC (AV. DU GENE,,,Crépuscule ou aube,En agglomération,Intersection en X,Normale,Deux véhicules - côté,,,,,,,,,,,2,2,2,1,3
201500028647,0015-09-24 08:50:00,15,9,24,8,50,540,395,OBERLIN (RUE),,,Plein jour,En agglomération,Intersection en Y,Normale,Deux véhicules - côté,,,,,,,,,,,1,2,4,1,3
201500028648,0015-09-25 19:00:00,15,9,25,19,0,540,547,LECLERC (AVENUE DU GENER,,,Plein jour,En agglomération,Hors intersection,Normale,Deux véhicules - arrière,,,,,,,,,,,1,2,1,1,2
201500028649,0015-09-21 16:30:00,15,9,21,16,30,540,547,MASSON (AVENUE DESIRE),,,Plein jour,En agglomération,Hors intersection,Normale,Deux véhicules - arrière,,,,,,,,,,,1,2,1,1,2
201500028650,0015-09-30 01:15:00,15,9,30,1,15,540,395,ARC ( RUE JEANNE D'N,,,Nuit avec éclairage allumé,En agglomération,Hors intersection,Normale,Autre collision,,,,,,,,,,,5,2,1,1,6
201500028651,0015-09-28 09:10:00,15,9,28,9,10,540,547,FORET DE HAYE (RUE DE LA,,,Plein jour,En agglomération,Hors intersection,Normale,Deux véhicules - arrière,,,,,,,,,,,1,2,1,1,2
201500028652,0015-09-28 10:30:00,15,9,28,10,30,540,257,SONGEUR (RUE LEON),,,Plein jour,En agglomération,Hors intersection,Normale,Deux véhicules - côté,,,,,,,,,,,1,2,1,1,3
201500028653,0015-09-30 08:10:00,15,9,30,8,10,540,395,"53, BONSECOURS (RUE DE)",48.6751,6.91961,Plein jour,En agglomération,Hors intersection,Normale,Deux véhicules - côté,,,,,,,,,,,1,2,1,1,3
201500028654,0015-09-28 08:59:00,15,9,28,8,59,540,395,"39, AUSTRASIE (BOULEVARD",,,Plein jour,En agglomération,Intersection en T,Normale,Autre collision,,,,,,,,,,,1,2,3,1,6
201500028655,0015-10-02 09:20:00,15,10,2,9,20,540,395,BOUFFLERS (AV. DE 74 A 3,,,Plein jour,En agglomération,Intersection en X,Normale,Deux véhicules - côté,,,,,,,,,,,1,2,2,1,3
201500028656,0015-09-27 09:15:00,15,9,27,9,15,540,357,PINCHARD (RUE RAYMOND LI,48.70389,6.15282,Plein jour,En agglomération,Hors intersection,Normale,Deux véhicules - côté,,,,,,,,,,,1,2,1,1,3
201500028657,0015-09-29 07:35:00,15,9,29,7,35,540,395,PICHON (RUE),,,Plein jour,En agglomération,Intersection en Y,Normale,Autre collision,,,,,,,,,,,1,2,4,1,6
201500028658,0015-10-05 08:00:00,15,10,5,8,0,540,395,LEOPOLD (COURS),,,Plein jour,En agglomération,Hors intersection,Normale,Autre collision,,,,,,,,,,,1,2,1,1,6
201500028659,0015-08-28 18:30:00,15,8,28,18,30,540,395,ADAM  (RUE SIGISBERT),,,Plein jour,En agglomération,Hors intersection,Normale,Deux véhicules - arrière,,,,,,,,,,,1,2,1,1,2
201500028660,0015-09-30 12:39:00,15,9,30,12,39,540,547,HUITIEME REGIMENT D'ARTI,,,Plein jour,En agglomération,Intersection en T,Normale,Deux véhicules - côté,,,,,,,,,,,1,2,3,1,3
201500028661,0015-10-03 19:05:00,15,10,3,19,5,540,395,FOCH (AVENUE 18 ET 9 A F,48.68752,6.17071,Crépuscule ou aube,En agglomération,Intersection en X,Normale,Deux véhicules - côté,,,,,,,,,,,2,2,2,1,3
201500028662,0015-09-30 08:30:00,15,9,30,8,30,540,304,RHIN (AV. DU),,,Plein jour,En agglomération,Hors intersection,Normale,Trois véhicules et plus - en chaîne,,,,,,,,,,,1,2,1,1,4
201500028663,0015-09-13 11:05:00,15,9,13,11,5,540,304,BOIS GRONEE (AVENUE DU),,,Plein jour,Hors agglomération,Hors intersection,Pluie légère,Autre collision,,,,,,,,,,,1,1,1,2,6
201500028664,0015-10-06 13:00:00,15,10,6,13,0,540,328,"1411, CURIE (RUE PIERRE",,,Plein jour,En agglomération,Hors intersection,Pluie forte,Autre collision,,,,,,,,,,,1,2,1,3,6
201500028665,0015-09-14 18:41:00,15,9,14,18,41,540,395,FOLLER (RUE),,,Crépuscule ou aube,En agglomération,Hors intersection,Normale,Autre collision,,,,,,,,,,,2,2,1,1,6
201500028666,0015-10-08 17:00:00,15,10,8,17,0,540,395,MOLITOR (RUE),,,Plein jour,En agglomération,Hors intersection,Normale,Deux véhicules - arrière,,,,,,,,,,,1,2,1,1,2
201500028667,0015-09-14 12:00:00,15,9,14,12,0,540,395,"50, LOBAU (BOULEVARD)",,,Plein jour,En agglomération,Hors intersection,Normale,Trois véhicules et plus - en chaîne,,,,,,,,,,,1,2,1,1,4
201500028668,0015-10-09 19:10:00,15,10,9,19,10,540,395,JAURES (BOULEVARD JE,,,Nuit avec éclairage allumé,En agglomération,Intersection en T,Normale,Deux véhicules - frontale,,,,,,,,,,,5,2,3,1,1
201500028669,0015-10-06 19:55:00,15,10,6,19,55,540,395,"82, TOMBLAINE (RUE DE)",,,Nuit avec éclairage allumé,En agglomération,Intersection en Y,Pluie légère,Deux véhicules - côté,,,,,,,,,,,5,2,4,2,3
201500028670,0015-10-09 18:40:00,15,10,9,18,40,540,578,MULLER (AVENUE PAUL),48.6568,6.13169,Plein jour,Hors agglomération,Intersection en T,Normale,Deux véhicules - côté,,,,,,,,,,,1,1,3,1,3
201500028671,0015-09-14 19:55:00,15,9,14,19,55,540,395,LEBRUN (RUE ALBERT),,,Nuit avec éclairage allumé,En agglomération,Intersection en X,Normale,Deux véhicules - côté,,,,,,,,,,,5,2,2,1,3
201500028672,0015-10-13 07:33:00,15,10,13,7,33,540,547,"0, MIRECOURT (ROUTE DE)",48.66916,6.192,Crépuscule ou aube,En agglomération,Hors intersection,Normale,Deux véhicules - arrière,,,,,,,,,,,2,2,1,1,2
201500028673,0015-10-13 15:30:00,15,10,13,15,30,540,304,AFFOUAGES  (RUE DES),,,Plein jour,En agglomération,Hors intersection,Normale,Deux véhicules - arrière,,,,,,,,,,,1,2,1,1,2
201500028674,0015-10-17 14:00:00,15,10,17,14,0,540,395,"91, SAINT DIZIER (RUE 2",,,Plein jour,En agglomération,Hors intersection,Temps couvert,Autre collision,,,,,,,,,,,1,2,1,8,6
201500028675,0015-10-08 15:45:00,15,10,8,15,45,540,547,CARNOT (RUE),48.6592,6.17313,Plein jour,En agglomération,Intersection en X,Normale,Autre collision,,,,,,,,,,,1,2,2,1,6
201500028676,0015-09-06 06:55:00,15,9,6,6,55,540,395,MOROT (PLACE AIME),48.69957,6.16555,Plein jour,En agglomération,Intersection en X,Normale,Deux véhicules - arrière,,,,,,,,,,,1,2,2,1,2
201500028677,0015-10-16 12:30:00,15,10,16,12,30,540,304,RESISTANCE (AV. DE LA -I,,,Plein jour,En agglomération,Intersection en X,Normale,Deux véhicules - frontale,,,,,,,,,,,1,2,2,1,1
201500028678,0015-10-19 16:50:00,15,10,19,16,50,540,257,"32, LEMAIRE (RUE GUSTAVE",,,Plein jour,En agglomération,Hors intersection,Normale,Deux véhicules - côté,,,,,,,,,,,1,2,1,1,3
201500028679,0015-10-22 11:52:00,15,10,22,11,52,540,304,SAPINIERE (RUE DE LA),,,Plein jour,En agglomération,Intersection en X,Pluie légère,Deux véhicules - côté,,,,,,,,,,,1,2,2,2,3
201500028680,0015-10-10 20:25:00,15,10,10,20,25,540,395,SABLES (RUE DES),,,Nuit avec éclairage allumé,En agglomération,Hors intersection,Normale,Deux véhicules - arrière,,,,,,,,,,,5,2,1,1,2
201500028681,0015-10-26 15:20:00,15,10,26,15,20,540,395,"41, QUATRE EGLISES (RUE",48.68777,6.18232,Plein jour,En agglomération,Hors intersection,Normale,Autre collision,,,,,,,,,,,1,2,1,1,6
201500028682,0015-10-23 16:15:00,15,10,23,16,15,540,395,", LIBERATION (AVENUE DE",48.69741,6.15531,Plein jour,En agglomération,Hors intersection,Normale,Deux véhicules - côté,,,,,,,,,,,1,2,1,1,3
201500028683,0015-10-25 12:05:00,15,10,25,12,5,540,547,JONQUILLES (AVENUE DES),48.66192,6.18531,Plein jour,En agglomération,Intersection en T,Normale,Deux véhicules - côté,,,,,,,,,,,1,2,3,1,3
201500028684,0015-10-22 10:45:00,15,10,22,10,45,540,274,"6, APOTHICAIRES  (RUE DE",,,Plein jour,En agglomération,Hors intersection,Normale,Deux véhicules - frontale,,,,,,,,,,,1,2,1,1,1
201500028685,0015-10-26 18:25:00,15,10,26,18,25,540,395,GIRAUD (PLACE DU GENERAL,,,Nuit avec éclairage allumé,En agglomération,Place,Normale,Deux véhicules - arrière,,,,,,,,,,,5,2,7,1,2
201500028686,0015-09-22 13:30:00,15,9,22,13,30,540,395,MOLITOR (RUE),,,Plein jour,En agglomération,Hors intersection,Normale,Autre collision,,,,,,,,,,,1,2,1,1,6
201500028687,0015-10-29 00:40:00,15,10,29,0,40,540,395,PINCHARD (AVENUE - OMBEL,,,Nuit avec éclairage allumé,En agglomération,Hors intersection,Normale,Autre collision,,,,,,,,,,,5,2,1,1,6
201500028688,0015-10-23 19:10:00,15,10,23,19,10,540,495,RD 674,,,Nuit avec éclairage allumé,Hors agglomération,Hors intersection,Normale,Trois véhicules et plus - en chaîne,,,,,,,,,,,5,1,1,1,4
201500028689,0015-10-24 16:40:00,15,10,24,16,40,540,495,BOSSERVILLE (ROUTE DE),,,Plein jour,En agglomération,Hors intersection,Normale,Deux véhicules - côté,,,,,,,,,,,1,2,1,1,3
201500028690,0015-10-27 14:15:00,15,10,27,14,15,540,395,AUSTRASIE (BOULEVARD),,,Plein jour,En agglomération,Intersection à plus de 4 branches,Normale,Deux véhicules - côté,,,,,,,,,,,1,2,5,1,3
201500028691,0015-10-23 10:45:00,15,10,23,10,45,540,304,"0, RESISTANCE (AV. DE LA",48.69461,6.13769,Plein jour,En agglomération,Intersection en T,Normale,Deux véhicules - côté,,,,,,,,,,,1,2,3,1,3
201500028692,0015-10-30 19:05:00,15,10,30,19,5,540,184,"80bis, SOIXANTE NEUVIEME",,,Nuit avec éclairage allumé,En agglomération,Hors intersection,Normale,Deux véhicules - côté,,,,,,,,,,,5,2,1,1,3
201500028693,0015-10-23 19:30:00,15,10,23,19,30,540,184,"0, RD 674",48.68986,6.23708,Nuit avec éclairage allumé,Hors agglomération,Hors intersection,Normale,Trois véhicules et plus - en chaîne,,,,,,,,,,,5,1,1,1,4
201500028694,0015-09-23 20:10:00,15,9,23,20,10,540,304,FOCH (BOULEVARD MARECHAL,48.68072,6.1533,Plein jour,En agglomération,Hors intersection,Normale,Autre collision,,,,,,,,,,,1,2,1,1,6
201500028695,0015-11-02 17:25:00,15,11,2,17,25,540,304,AIGUILLETTES  (BD 16 A 2,,,Nuit avec éclairage allumé,En agglomération,Hors intersection,Normale,Trois véhicules et plus - en chaîne,,,,,,,,,,,5,2,1,1,4
201500028696,0015-10-23 13:00:00,15,10,23,13,0,540,395,"61, MANGIN (AVENUE DU GE",44.66747,6.16536,Plein jour,En agglomération,Hors intersection,Normale,Autre collision,,,,,,,,,,,1,2,1,1,6
201500028697,0015-10-30 20:05:00,15,10,30,20,5,540,395,"88, LOBAU (BOULEVARD)",48.68448,6.19635,Nuit avec éclairage allumé,En agglomération,Hors intersection,Normale,Autre collision,,,,,,,,,,,5,2,1,1,6
201500028698,0015-11-02 18:09:00,15,11,2,18,9,540,578,FENELON (RUE),48.67201,6.15729,Plein jour,En agglomération,Intersection en T,Normale,Autre collision,,,,,,,,,,,1,2,3,1,6
201500028699,0015-11-04 17:03:00,15,11,4,17,3,540,578,MULLER (AVENUE PAUL),48.66976,6.15695,Plein jour,En agglomération,Intersection en X,Normale,Deux véhicules - côté,,,,,,,,,,,1,2,2,1,3
201500028700,0015-11-01 17:30:00,15,11,1,17,30,540,547,"0, EUROPE (BOULEVARD DE",48.66239,6.17284,Nuit avec éclairage allumé,En agglomération,Hors intersection,Normale,Autre collision,,,,,,,,,,,5,2,1,1,6
201500028701,0015-11-05 14:17:00,15,11,5,14,17,540,395,"11, LEBRUN (RUE ALBERT)",,,Plein jour,En agglomération,Hors intersection,Temps éblouissant,Autre collision,,,,,,,,,,,1,2,1,7,6
201500028702,0015-11-06 19:10:00,15,11,6,19,10,540,395,PINCHARD (AVENUE - OMBEL,,,Nuit avec éclairage allumé,En agglomération,Hors intersection,Normale,Autre collision,,,,,,,,,,,5,2,1,1,6
201500028703,0015-11-08 00:01:00,15,11,8,0,1,540,395,BAR (PLACE DES DUCS DE),,,Nuit avec éclairage allumé,En agglomération,Intersection en X,Normale,Deux véhicules - côté,,,,,,,,,,,5,2,2,1,3
201500028704,0015-11-05 07:55:00,15,11,5,7,55,540,395,"33, MOUILLERON (RUE GABR",48.68539,6.17809,Plein jour,En agglomération,Hors intersection,Normale,Autre collision,,,,,,,,,,,1,2,1,1,6
201500028705,0015-11-05 14:10:00,15,11,5,14,10,540,395,"0, POINCARE (RUE HENRI)",48.69102,6.1768,Plein jour,En agglomération,Hors intersection,Normale,Deux véhicules - arrière,,,,,,,,,,,1,2,1,1,2
201500028706,0015-11-11 16:25:00,15,11,11,16,25,540,395,"54, COLLINE (RUE DE LA)",48.69861,6.15775,Plein jour,En agglomération,Hors intersection,Normale,Autre collision,,,,,,,,,,,1,2,1,1,6
201500028707,0015-11-06 10:30:00,15,11,6,10,30,540,395,"8, VINGT SIXIEME R.I. (B",48.69618,6.18951,Plein jour,En agglomération,Hors intersection,Pluie légère,Trois véhicules et plus - en chaîne,,,,,,,,,,,1,2,1,2,4
201500028708,0015-10-03 10:50:00,15,10,3,10,50,540,526,MITTERAND (RUE FRANCOIS),,,Plein jour,En agglomération,Hors intersection,Normale,Autre collision,,,,,,,,,,,1,2,1,1,6
201500028709,0015-10-29 18:25:00,15,10,29,18,25,540,395,"18, POINCARE (RUE RAYMON",,,Nuit avec éclairage allumé,En agglomération,Hors intersection,Normale,Autre collision,,,,,,,,,,,5,2,1,1,6
201500028710,0015-11-09 16:50:00,15,11,9,16,50,540,304,"61, ZOLA (RUE EMILE)",48.68215,6.15591,Crépuscule ou aube,En agglomération,Intersection en T,Normale,Autre collision,,,,,,,,,,,2,2,3,1,6
201500028711,0015-11-09 18:10:00,15,11,9,18,10,540,395,"28, SCARPONE (BD DE)",48.70193,6.16403,Nuit avec éclairage allumé,En agglomération,Hors intersection,Normale,Deux véhicules - arrière,,,,,,,,,,,5,2,1,1,2
201500028712,0015-10-08 15:40:00,15,10,8,15,40,540,395,"45, PONT MOUJA (RUE DU)",,,Plein jour,En agglomération,Hors intersection,Normale,Autre collision,,,,,,,,,,,1,2,1,1,6
201500028713,0015-11-12 08:25:00,15,11,12,8,25,540,339,LION D'OR (RUE DU),48.71211,6.17784,Plein jour,En agglomération,Hors intersection,Normale,Autre collision,,,,,,,,,,,1,2,1,1,6
201500028714,0015-10-10 16:50:00,15,10,10,16,50,540,395,"51, HAUSSONVILLE (BD D')",,,Plein jour,En agglomération,Hors intersection,Normale,Deux véhicules - côté,,,,,,,,,,,1,2,1,1,3
201500028715,0015-11-14 17:30:00,15,11,14,17,30,540,328,GENOBOIS (AVENUE DE),48.61238,6.17022,Nuit avec éclairage allumé,En agglomération,Intersection en Y,Normale,Deux véhicules - côté,,,,,,,,,,,5,2,4,1,3
201500028716,0015-10-11 15:05:00,15,10,11,15,5,540,197,RD 73,,,Plein jour,Hors agglomération,Hors intersection,Normale,Autre collision,,,,,,,,,,,1,1,1,1,6
201500028717,0015-11-13 18:15:00,15,11,13,18,15,540,395,BONSECOURS (RUE DE),48.67697,6.19844,Crépuscule ou aube,En agglomération,Hors intersection,Normale,Trois véhicules et plus - en chaîne,,,,,,,,,,,2,2,1,1,4
201500028718,0015-11-14 19:50:00,15,11,14,19,50,540,395,"97, CHARLES III (RUE)",48.68848,6.1904,Nuit avec éclairage allumé,En agglomération,Hors intersection,Normale,Trois véhicules et plus - collisions multiples,,,,,,,,,,,5,2,1,1,5
201500028719,0015-11-15 11:40:00,15,11,15,11,40,540,395,PINCHARD (AVENUE - OMBEL,,,Plein jour,En agglomération,Hors intersection,Normale,Deux véhicules - côté,,,,,,,,,,,1,2,1,1,3
201500028720,0015-11-17 20:00:00,15,11,17,20,0,540,526,HERBUVAUX (PLACE RENE),,,Nuit avec éclairage allumé,En agglomération,Hors intersection,Pluie légère,Deux véhicules - arrière,,,,,,,,,,,5,2,1,2,2
201500028721,0015-10-21 08:30:00,15,10,21,8,30,540,395,SABLES (RUE DES),48.68678,6.1993,Plein jour,En agglomération,Hors intersection,Normale,Deux véhicules - arrière,,,,,,,,,,,1,2,1,1,2
201500028722,0015-11-19 09:20:00,15,11,19,9,20,540,578,MULLER (AVENUE PAUL),48.65869,6.1393,Plein jour,Hors agglomération,Hors intersection,Normale,Autre collision,,,,,,,,,,,1,1,1,1,6
201500028723,0015-11-20 17:00:00,15,11,20,17,0,540,395,HERMITE (RUE),48.69884,6.17257,Plein jour,En agglomération,Hors intersection,Normale,Deux véhicules - côté,,,,,,,,,,,1,2,1,1,3
201500028724,0015-11-19 20:50:00,15,11,19,20,50,540,395,BEGONIAS (RUE DES),48.68897,6.18863,Nuit avec éclairage allumé,En agglomération,Intersection en T,Normale,Deux véhicules - arrière,,,,,,,,,,,5,2,3,1,2
201500028725,0015-11-20 09:10:00,15,11,20,9,10,540,395,VERDUN (rue de),48.69719,6.17035,Plein jour,En agglomération,Intersection en X,Pluie légère,Autre collision,,,,,,,,,,,1,2,2,2,6
201500028726,0015-11-20 17:55:00,15,11,20,17,55,540,578,MULLER (AVENUE PAUL),48.65684,6.13164,Nuit avec éclairage allumé,Hors agglomération,Intersection en T,Pluie forte,Deux véhicules - frontale,,,,,,,,,,,5,1,3,3,1
201500028727,0015-11-18 07:08:00,15,11,18,7,8,540,300,"125, GALTIER (RUE LUCIEN",48.66399,6.21805,Crépuscule ou aube,En agglomération,Hors intersection,Normale,Deux véhicules - frontale,,,,,,,,,,,2,2,1,1,1
201500028728,0015-11-20 19:45:00,15,11,20,19,45,540,395,"31, DIEUZE (RUE DE)",,,Nuit avec éclairage allumé,En agglomération,Hors intersection,Pluie légère,Deux véhicules - arrière,,,,,,,,,,,5,2,1,2,2
201500028729,0015-11-20 06:40:00,15,11,20,6,40,540,395,MOLITOR (RUE),,,Nuit avec éclairage allumé,En agglomération,Intersection en X,Pluie forte,Autre collision,,,,,,,,,,,5,2,2,3,6
201500028730,0015-11-20 20:20:00,15,11,20,20,20,540,395,MAUVAIS (RUE VIRGINIE),48.70335,6.18176,Nuit avec éclairage allumé,En agglomération,Intersection en X,Pluie légère,Autre collision,,,,,,,,,,,5,2,2,2,6
201500028731,0015-11-07 11:40:00,15,11,7,11,40,540,395,MAZAGRAN (RUE),48.68977,6.17603,Plein jour,En agglomération,Hors intersection,Normale,Deux véhicules - arrière,,,,,,,,,,,1,2,1,1,2
201500028732,0015-11-05 18:05:00,15,11,5,18,5,540,547,MALINES (RUE DE),48.6641,6.17372,Nuit avec éclairage allumé,En agglomération,Intersection en T,Normale,Autre collision,,,,,,,,,,,5,2,3,1,6
201500028733,0015-11-24 13:00:00,15,11,24,13,0,540,395,FUSILLES (PONT DES),48.68596,6.18106,Plein jour,En agglomération,Intersection en X,Normale,Deux véhicules - arrière,,,,,,,,,,,1,2,2,1,2
201500028734,0015-11-25 16:55:00,15,11,25,16,55,540,274,"5, GALLIENI (RUE DU MARE",48.66938,6.19987,Nuit avec éclairage allumé,En agglomération,Intersection en T,Pluie légère,Autre collision,,,,,,,,,,,5,2,3,2,6
201500028735,0015-11-28 20:25:00,15,11,28,20,25,540,395,"88, LOBAU (BOULEVARD)",,,Nuit avec éclairage allumé,En agglomération,Hors intersection,Normale,Deux véhicules - côté,,,,,,,,,,,5,2,1,1,3
201500028736,0015-12-02 07:53:00,15,12,2,7,53,540,526,MILLENAIRE (Rond Point A,,,Crépuscule ou aube,En agglomération,Hors intersection,Normale,Autre collision,,,,,,,,,,,2,2,1,1,6
201500028737,0015-11-24 20:10:00,15,11,24,20,10,540,395,HAUSSONVILLE (BD D'),48.6699,6.16803,Nuit avec éclairage allumé,En agglomération,Hors intersection,Normale,Deux véhicules - arrière,,,,,,,,,,,5,2,1,1,2
201500028738,0015-11-29 12:55:00,15,11,29,12,55,540,526,CAMELINAT (RUE),48.68833,6.20905,Plein jour,En agglomération,Intersection en X,Normale,Deux véhicules - côté,,,,,,,,,,,1,2,2,1,3
201500028739,0015-12-02 17:00:00,15,12,2,17,0,540,300,GALTIER (RUE LUCIEN),48.65925,6.22747,Nuit avec éclairage allumé,En agglomération,Hors intersection,Normale,Autre collision,,,,,,,,,,,5,2,1,1,6
201500028740,0015-12-07 09:25:00,15,12,7,9,25,540,25,CHARTREUSE (AVENUE DE LA,48.66172,6.243,Plein jour,Hors agglomération,Intersection en T,Normale,Deux véhicules - arrière,,,,,,,,,,,1,1,3,1,2
201500028741,0015-12-01 17:23:00,15,12,1,17,23,540,395,CHARLES III (RUE),48.68776,6.18829,Nuit avec éclairage allumé,En agglomération,Intersection en X,Normale,Autre collision,,,,,,,,,,,5,2,2,1,6
201500028742,0015-12-04 13:15:00,15,12,4,13,15,540,395,RD 674,48.6743,6.19672,Plein jour,En agglomération,Hors intersection,Normale,Autre collision,,,,,,,,,,,1,2,1,1,6
201500028743,0015-12-09 12:25:00,15,12,9,12,25,540,395,"35, JUIN (AVENUE DU MARE",,,Plein jour,En agglomération,Hors intersection,Normale,Deux véhicules - côté,,,,,,,,,,,1,2,1,1,3
201500028744,0015-11-29 17:30:00,15,11,29,17,30,540,395,MOTHE (RUE DE LA),,,Nuit avec éclairage allumé,En agglomération,Hors intersection,Normale,Autre collision,,,,,,,,,,,5,2,1,1,6
201500028745,0015-12-14 17:10:00,15,12,14,17,10,540,184,BRIGACHTAL (AVENUE DE),,,Nuit avec éclairage allumé,En agglomération,Hors intersection,Normale,Trois véhicules et plus - en chaîne,,,,,,,,,,,5,2,1,1,4
201500028746,0015-12-04 15:50:00,15,12,4,15,50,540,395,"45, CHARLES III (RUE)",48.68715,6.18626,Plein jour,En agglomération,Hors intersection,Pluie légère,Autre collision,,,,,,,,,,,1,2,1,2,6
201500028747,0015-12-08 11:50:00,15,12,8,11,50,540,395,METZ (RUE DE),48.7035,6.17025,Plein jour,En agglomération,Intersection en T,Normale,Deux véhicules - côté,,,,,,,,,,,1,2,3,1,3
201500028748,0015-12-08 16:45:00,15,12,8,16,45,540,184,BRIGACHTAL (AVENUE DE),48.70072,6.22478,Plein jour,En agglomération,Hors intersection,Normale,Autre collision,,,,,,,,,,,1,2,1,1,6
201500028749,0015-12-09 07:40:00,15,12,9,7,40,540,578,AIGUILLETTES  (BD 5 A 73,48.67232,6.15485,Nuit avec éclairage allumé,En agglomération,Intersection en T,Pluie légère,Deux véhicules - arrière,,,,,,,,,,,5,2,3,2,2
201500028750,0015-12-14 14:50:00,15,12,14,14,50,540,395,FOCH (AVENUE 2 A 16/1 A,,,Plein jour,En agglomération,Hors intersection,Normale,Sans collision,,,,,,,,,,,1,2,1,1,7
201500028751,0015-12-14 17:53:00,15,12,14,17,53,540,395,BATAILLE (QUAI DE LA),48.68259,6.18439,Crépuscule ou aube,En agglomération,Intersection en X,Normale,Autre collision,,,,,,,,,,,2,2,2,1,6
201500028752,0015-12-08 09:10:00,15,12,8,9,10,540,395,ESPLANADE DU SOUVENIR FR,,,Plein jour,En agglomération,Hors intersection,Temps éblouissant,Autre collision,,,,,,,,,,,1,2,1,7,6
201500028753,0015-12-14 18:55:00,15,12,14,18,55,540,304,EUROPE (AVENUE DE L'),48.67976,6.14836,Nuit avec éclairage allumé,En agglomération,Intersection en X,Normale,Deux véhicules - frontale,,,,,,,,,,,5,2,2,1,1
201500028754,0015-12-17 09:00:00,15,12,17,9,0,540,395,LORRAIN (QUAI CLAUDE LE),48.69063,6.17362,Plein jour,En agglomération,Intersection en T,Normale,Autre collision,,,,,,,,,,,1,2,3,1,6
201500028755,0015-12-09 20:20:00,15,12,9,20,20,540,395,VINGTIEME CORPS (AVENUE,48.69545,6.19591,Nuit avec éclairage allumé,En agglomération,Intersection en X,Normale,Autre collision,,,,,,,,,,,5,2,2,1,6
201500028756,0015-12-16 19:30:00,15,12,16,19,30,540,395,STANISLAS (RUE),48.69248,6.17984,Nuit avec éclairage allumé,En agglomération,Intersection en T,Normale,Deux véhicules - côté,,,,,,,,,,,5,2,3,1,3
201500028757,0015-12-19 13:55:00,15,12,19,13,55,540,300,GALTIER (RUE LUCIEN),48.65879,6.22876,Plein jour,En agglomération,Hors intersection,Normale,Deux véhicules - côté,,,,,,,,,,,1,2,1,1,3
201500028758,0015-12-17 17:20:00,15,12,17,17,20,540,395,"24, CARRIERE (PLACE DE L",,,Crépuscule ou aube,En agglomération,Hors intersection,Normale,Autre collision,,,,,,,,,,,2,2,1,1,6
201500028759,0015-12-23 10:00:00,15,12,23,10,0,540,547,PALISSY (RUE BERNARD),,,Plein jour,En agglomération,Hors intersection,Normale,Autre collision,,,,,,,,,,,1,2,1,1,6
201500028760,0015-12-23 19:55:00,15,12,23,19,55,540,304,"9, DEROULEDE (AVENUE PAU",,,Nuit avec éclairage allumé,En agglomération,Intersection en T,Pluie légère,Autre collision,,,,,,,,,,,5,2,3,2,6
201500028761,0015-12-03 18:55:00,15,12,3,18,55,540,482,"28, CARNOT (AVENUE)",,,Nuit avec éclairage allumé,En agglomération,Hors intersection,Normale,Deux véhicules - côté,,,,,,,,,,,5,2,1,1,3
201500028762,0015-01-04 07:15:00,15,1,4,7,15,540,395,JACOB (RUE DU CHANOINE),,,Nuit avec éclairage allumé,En agglomération,Intersection en X,Normale,Deux véhicules - côté,,,,,,,,,,,5,2,2,1,3
201500028763,0015-01-04 20:10:00,15,1,4,20,10,540,395,"146, STRASBOURG (AVENUE",,,Nuit avec éclairage allumé,En agglomération,Hors intersection,Normale,Deux véhicules - côté,,,,,,,,,,,5,2,1,1,3
201500028764,0015-01-05 10:30:00,15,1,5,10,30,540,357,METZ (ROUTE DE),,,Plein jour,En agglomération,Intersection en X,Brouillard / fumée,Deux véhicules - côté,,,,,,,,,,,1,2,2,5,3
201500028765,0015-01-06 13:50:00,15,1,6,13,50,540,395,STRASBOURG (AVENUE DE),,,Plein jour,En agglomération,Intersection en T,Normale,Deux véhicules - côté,,,,,,,,,,,1,2,3,1,3
201500028766,0015-01-06 16:00:00,15,1,6,16,0,540,547,"16, AQUITAINE  (RUE D')",,,Plein jour,En agglomération,Hors intersection,Normale,Autre collision,,,,,,,,,,,1,2,1,1,6