accident_id,datetime,annee,mois,jour,heure,minute,departement,commune_insee,adresse,latitude,longitude,luminosite,agglomeration,intersection,meteo,collision,nb_vehicules,nb_usagers,nb_indemnes,nb_tues,nb_blesses_hosp,nb_blesses_legers,age_cond_1,age_cond_2,veh_type_cond_1,veh_type_cond_2,lum_code,agg_code,int_code,atm_code,col_code
201500028895,0015-11-27 17:45:00,15,11,27,17,45,560,83,"0, HOPITAL ( RD-POINT DE",47.80418,-3.27331,Nuit avec éclairage allumé,En agglomération,Hors intersection,Pluie légère,Deux véhicules - arrière,,,,,,,,,,,5,2,1,2,2
201500028896,0015-03-14 09:19:00,15,3,14,9,19,560,162,"0, RESISTANCE (RUE DE LA",47.73797,-3.4242,Plein jour,Hors agglomération,Intersection en X,Normale,Deux véhicules - côté,,,,,,,,,,,1,1,2,1,3
201500028897,0015-11-27 20:05:00,15,11,27,20,5,560,121,"0, GEANT (MONISTROL)",47.73868,-3.38093,Nuit avec éclairage allumé,Hors agglomération,Hors intersection,Normale,Sans collision,,,,,,,,,,,5,1,1,1,7
201500028898,0015-03-14 12:11:00,15,3,14,12,11,560,98,"0, GUEYSSE (AVENUE  GEOR",47.76791,-3.35036,Plein jour,Hors agglomération,Hors intersection,Normale,Deux véhicules - arrière,,,,,,,,,,,1,1,1,1,2
201500028899,0015-11-29 18:55:00,15,11,29,18,55,560,121,"0, LENINE ( AVENUE )",47.76192,-3.37452,Plein jour,En agglomération,Hors intersection,Normale,Autre collision,,,,,,,,,,,1,2,1,1,6
201500028900,0015-03-19 10:20:00,15,3,19,10,20,560,121,"0, LECLERC ( BD GENERAL",47.7483,-3.36528,Plein jour,En agglomération,Hors intersection,Normale,Sans collision,,,,,,,,,,,1,2,1,1,7
201500028901,0015-11-29 08:50:00,15,11,29,8,50,560,121,"0, POTTIER (RUE  EUGENE",47.76275,-3.39561,Plein jour,En agglomération,Hors intersection,Normale,Sans collision,,,,,,,,,,,1,2,1,1,7
201500028902,0015-03-19 16:00:00,15,3,19,16,0,560,98,"133, JAURES (RUE  JEAN )",47.76705,-3.35572,Plein jour,Hors agglomération,Hors intersection,Normale,Sans collision,,,,,,,,,,,1,1,1,1,7
201500028903,0015-03-22 02:15:00,15,3,22,2,15,560,121,"27, CLISSON (RUE ET SQUA",47.75153,-3.36484,Nuit avec éclairage non allumé,Hors agglomération,Hors intersection,Normale,Sans collision,,,,,,,,,,,4,1,1,1,7
201500028904,0015-03-22 08:55:00,15,3,22,8,55,560,162,"0, D 162",47.73313,-3.48847,Plein jour,Hors agglomération,Hors intersection,Normale,Deux véhicules - côté,,,,,,,,,,,1,1,1,1,3
201500028905,0015-03-24 08:16:00,15,3,24,8,16,560,98,"0, BILLOUX ( AV. FRANCOI",47.76311,-3.34933,Plein jour,En agglomération,Hors intersection,Normale,Sans collision,,,,,,,,,,,1,2,1,1,7
201500028906,0015-03-27 09:20:00,15,3,27,9,20,560,98,"0, KESLER-DEVILLERS ( AV",47.76682,-3.33754,Plein jour,En agglomération,Hors intersection,Normale,Deux véhicules - arrière,,,,,,,,,,,1,2,1,1,2
201500028907,0015-03-28 12:45:00,15,3,28,12,45,560,121,"0, HENAFF ( ET IMP. JOSE",47.74816,-3.39333,Plein jour,En agglomération,Hors intersection,Normale,Deux véhicules - côté,,,,,,,,,,,1,2,1,1,3
201500028908,0015-04-02 11:15:00,15,4,2,11,15,560,121,"0, SVOB ( BOULEVARD EMMA",47.75006,-3.36662,Plein jour,En agglomération,Hors intersection,Pluie légère,Sans collision,,,,,,,,,,,1,2,1,2,7
201500028909,0015-04-03 14:40:00,15,4,3,14,40,560,121,"0, PERAULT (RUE )",47.74479,-3.3635,Plein jour,En agglomération,Hors intersection,Normale,Sans collision,,,,,,,,,,,1,2,1,1,7
201500028910,0015-04-03 23:35:00,15,4,3,23,35,560,121,"03, MERVILLE (RUE  JEAN",47.74515,-3.37512,Nuit avec éclairage allumé,En agglomération,Hors intersection,Normale,Deux véhicules - arrière,,,,,,,,,,,5,2,1,1,2
201500028911,0015-12-03 09:00:00,15,12,3,9,0,560,83,"0, RN 165",47.78861,-3.27592,Plein jour,Hors agglomération,Hors intersection,Normale,Trois véhicules et plus - collisions multiples,,,,,,,,,,,1,1,1,1,5
201500028912,0015-04-04 20:25:00,15,4,4,20,25,560,121,"80, DE GAULLE ( AVE DU G",47.7404,-3.37579,Plein jour,En agglomération,Intersection en X,Normale,Deux véhicules - côté,,,,,,,,,,,1,2,2,1,3
201500028913,0015-12-01 09:20:00,15,12,1,9,20,560,98,"0, PELLETAN (RUE CAMILLE",47.75767,-3.34969,Plein jour,En agglomération,Hors intersection,Temps couvert,Deux véhicules - côté,,,,,,,,,,,1,2,1,8,3
201500028914,0015-04-07 07:47:00,15,4,7,7,47,560,83,"0, POLVERN (LIEU-DIT)",47.82588,-3.2826,Plein jour,Hors agglomération,Hors intersection,Normale,Sans collision,,,,,,,,,,,1,1,1,1,7
201500028915,0015-12-01 18:55:00,15,12,1,18,55,560,98,"107, JAURES (RUE  JEAN )",47.76602,-3.3574,Nuit avec éclairage allumé,En agglomération,Hors intersection,Normale,Autre collision,,,,,,,,,,,5,2,1,1,6
201500028916,0015-04-07 14:44:00,15,4,7,14,44,560,121,"0, CHAZELLES ( COURS LOU",47.75272,-3.36175,Plein jour,En agglomération,Intersection en X,Normale,Deux véhicules - côté,,,,,,,,,,,1,2,2,1,3
201500028917,0015-12-02 15:43:00,15,12,2,15,43,560,121,"102, BOLLARDIERE (RUE  G",47.75314,-3.39152,Plein jour,En agglomération,Hors intersection,Normale,Autre collision,,,,,,,,,,,1,2,1,1,6
201500028918,0015-04-07 18:00:00,15,4,7,18,0,560,107,"0, KERHOAS (RUE DE)",47.72664,-3.3839,Plein jour,En agglomération,Giratoire,Normale,Deux véhicules - côté,,,,,,,,,,,1,2,6,1,3
201500028919,0015-12-03 08:20:00,15,12,3,8,20,560,98,SEMBAT (RUE MARCEL),47.7657,-3.34529,Crépuscule ou aube,En agglomération,Hors intersection,Temps couvert,Autre collision,,,,,,,,,,,2,2,1,8,6
201500028920,0015-04-09 14:35:00,15,4,9,14,35,560,121,"0, TOUR DES PORTES (RUE",47.74859,-3.36646,Plein jour,En agglomération,Hors intersection,Normale,Sans collision,,,,,,,,,,,1,2,1,1,7
201500028921,0015-12-03 12:05:00,15,12,3,12,5,560,83,"22, LIBERATION ( AV. DE",47.80412,-3.27196,Plein jour,En agglomération,Intersection en T,Normale,Deux véhicules - côté,,,,,,,,,,,1,2,3,1,3
201500028922,0015-04-11 01:48:00,15,4,11,1,48,560,121,"0, THOREZ (RUE  MAURICE",47.73996,-3.39335,Nuit avec éclairage allumé,En agglomération,Hors intersection,Normale,Sans collision,,,,,,,,,,,5,2,1,1,7
201500028923,0015-12-08 11:59:00,15,12,8,11,59,560,121,"03, LE BIHAN (RUE  MOISE",47.73641,-3.38288,Plein jour,En agglomération,Hors intersection,Temps éblouissant,Autre collision,,,,,,,,,,,1,2,1,7,6
201500028924,0015-04-11 19:50:00,15,4,11,19,50,560,98,"0, GUESDES (RUE  JULES )",47.76008,-3.33764,Plein jour,En agglomération,Hors intersection,Normale,Sans collision,,,,,,,,,,,1,2,1,1,7
201500028925,0015-12-09 09:20:00,15,12,9,9,20,560,121,"0, MULLER ( DU COLONEL J",47.7692,-3.40631,Plein jour,En agglomération,Hors intersection,Normale,Deux véhicules - côté,,,,,,,,,,,1,2,1,1,3
201500028926,0015-04-13 09:50:00,15,4,13,9,50,560,98,"0, SEMBAT (RUE MARCEL)",47.76855,-3.34485,Plein jour,En agglomération,Intersection en T,Normale,Sans collision,,,,,,,,,,,1,2,3,1,7
201500028927,0015-12-09 14:47:00,15,12,9,14,47,560,121,"0, JOFFRE ( BD MARECHAL",47.75095,-3.36615,Plein jour,En agglomération,Hors intersection,Temps éblouissant,Deux véhicules - arrière,,,,,,,,,,,1,2,1,7,2
201500028928,0015-04-14 08:40:00,15,4,14,8,40,560,121,"35, LAENNEC ( BD )",47.75813,-3.36138,Plein jour,En agglomération,Hors intersection,Normale,Sans collision,,,,,,,,,,,1,2,1,1,7
201500028929,0015-12-10 18:48:00,15,12,10,18,48,560,98,"0, MAURIAC (RUE  FRANCOI",47.76527,-3.34808,Nuit avec éclairage allumé,En agglomération,Hors intersection,Normale,Autre collision,,,,,,,,,,,5,2,1,1,6
201500028930,0015-04-19 17:25:00,15,4,19,17,25,560,121,"0, INDES ( QUAI DES )",47.74557,-3.35945,Plein jour,En agglomération,Hors intersection,Normale,Sans collision,,,,,,,,,,,1,2,1,1,7
201500028931,0015-04-18 19:30:00,15,4,18,19,30,560,162,"0, SOYE",47.74122,-3.40631,Plein jour,Hors agglomération,Giratoire,Pluie légère,Autre collision,,,,,,,,,,,1,1,6,2,6
201500028932,0015-04-20 09:45:00,15,4,20,9,45,560,98,"0, TRUDAINE (RUE  DANIEL",47.77736,-3.3389,Plein jour,En agglomération,Giratoire,Temps éblouissant,Deux véhicules - côté,,,,,,,,,,,1,2,6,7,3
201500028933,0015-04-25 18:03:00,15,4,25,18,3,560,121,"0, BLUM ( BD LEON )",47.7492,-3.37368,Plein jour,En agglomération,Giratoire,Normale,Deux véhicules - côté,,,,,,,,,,,1,2,6,1,3
201500028934,0015-12-16 22:20:00,15,12,16,22,20,560,121,"0, BELGIQUE (RUE  DE )",47.75976,-3.38149,Nuit avec éclairage allumé,En agglomération,Intersection en X,Normale,Deux véhicules - arrière,,,,,,,,,,,5,2,2,1,2
201500028935,0015-04-25 18:51:00,15,4,25,18,51,560,83,"0, MITTERAND ( AV. DU PR",47.8086,-3.26194,Plein jour,En agglomération,Hors intersection,Normale,Deux véhicules - arrière,,,,,,,,,,,1,2,1,1,2
201500028936,0015-12-17 15:10:00,15,12,17,15,10,560,121,"0, MULLER ( DU COLONEL J",47.76413,-3.39707,Plein jour,En agglomération,Hors intersection,Normale,Autre collision,,,,,,,,,,,1,2,1,1,6
201500028937,0015-04-26 12:34:00,15,4,26,12,34,560,162,"0, DOUET NEUF",47.70979,-3.43862,Plein jour,Hors agglomération,Giratoire,Pluie légère,Deux véhicules - côté,,,,,,,,,,,1,1,6,2,3
201500028938,0015-04-27 17:30:00,15,4,27,17,30,560,98,"20fançois, MITTERRAND (R",47.76655,-3.33542,Plein jour,En agglomération,Hors intersection,Normale,Sans collision,,,,,,,,,,,1,2,1,1,7
201500028939,0015-04-28 17:20:00,15,4,28,17,20,560,98,"0, LECLERC (RUE  GENERAL",47.76168,-3.35186,Plein jour,En agglomération,Hors intersection,Normale,Autre collision,,,,,,,,,,,1,2,1,1,6
201500028940,0015-04-29 19:09:00,15,4,29,19,9,560,121,"0, MULLER ( DU COLONEL J",47.76516,-3.39903,Plein jour,En agglomération,Hors intersection,Normale,Deux véhicules - arrière,,,,,,,,,,,1,2,1,1,2
201500028941,0015-05-02 20:30:00,15,5,2,20,30,560,162,"0, KERBERNES (CHEMIN DE)",47.73702,-3.40064,Plein jour,Hors agglomération,Hors intersection,Normale,Sans collision,,,,,,,,,,,1,1,1,1,7
201500028942,0015-05-03 19:00:00,15,5,3,19,0,560,107,"38, PLOEMEUR (RUE DE)",47.7187,-3.38936,Plein jour,En agglomération,Hors intersection,Normale,Sans collision,,,,,,,,,,,1,2,1,1,7
201500028943,0015-05-04 09:35:00,15,5,4,9,35,560,121,"0, TOULLEC (RUE  FRANCOI",47.73232,-3.37855,Plein jour,En agglomération,Hors intersection,Normale,Deux véhicules - arrière,,,,,,,,,,,1,2,1,1,2
201500028944,0015-12-18 18:00:00,15,12,18,18,0,560,98,"0, RN 165",47.77822,-3.35472,Crépuscule ou aube,Hors agglomération,Hors intersection,Normale,Trois véhicules et plus - en chaîne,,,,,,,,,,,2,1,1,1,4
201500028945,0015-05-03 23:38:00,15,5,3,23,38,560,98,"95, GUESDES (RUE  JULES",47.75984,-3.3376,Nuit avec éclairage allumé,En agglomération,Hors intersection,Normale,Sans collision,,,,,,,,,,,5,2,1,1,7
201500028946,0015-12-20 07:56:00,15,12,20,7,56,560,83,"0, KERPOTENCE (RUE  DE )",47.81848,-3.25411,Plein jour,En agglomération,Hors intersection,Normale,Autre collision,,,,,,,,,,,1,2,1,1,6
201500028947,0015-05-04 20:25:00,15,5,4,20,25,560,121,"0, KERFICHANT (RUE)",47.75133,-3.38429,Plein jour,En agglomération,Intersection en X,Normale,Deux véhicules - côté,,,,,,,,,,,1,2,2,1,3
201500028948,0015-12-20 16:25:00,15,12,20,16,25,560,83,"0, VANNES ( ROUTE DE )",47.7983,-3.25195,Plein jour,Hors agglomération,Hors intersection,Normale,Deux véhicules - côté,,,,,,,,,,,1,1,1,1,3
201500028949,0015-05-05 17:56:00,15,5,5,17,56,560,83,"0, REPUBLIQUE ( AV. DE L",47.79778,-3.29724,Plein jour,En agglomération,Hors intersection,Normale,Trois véhicules et plus - collisions multiples,,,,,,,,,,,1,2,1,1,5
201500028950,0015-12-21 16:45:00,15,12,21,16,45,560,98,"0, BILLOUX ( AV. FRANCOI",47.76504,-3.3518,Plein jour,En agglomération,Hors intersection,Temps éblouissant,Autre collision,,,,,,,,,,,1,2,1,7,6
201500028951,0015-12-23 12:25:00,15,12,23,12,25,560,121,"0, CHAIGNEAU (RUE)",47.75475,-3.35951,Plein jour,En agglomération,Hors intersection,Normale,Sans collision,,,,,,,,,,,1,2,1,1,7
201500028952,0015-05-06 08:55:00,15,5,6,8,55,560,121,"0, TESTE (RUE  DU CDT )",47.75409,-3.36122,Plein jour,En agglomération,Intersection en X,Normale,Deux véhicules - côté,,,,,,,,,,,1,2,2,1,3
201500028953,0015-05-06 17:50:00,15,5,6,17,50,560,83,"0, PICASSO ( AVENUE PABL",47.80358,-3.28845,Plein jour,En agglomération,Hors intersection,Normale,Sans collision,,,,,,,,,,,1,2,1,1,7
201500028954,0015-12-28 15:40:00,15,12,28,15,40,560,98,"0, ALLENDE ( AV. PRESIDE",47.81504,-3.24517,Plein jour,En agglomération,Hors intersection,Normale,Sans collision,,,,,,,,,,,1,2,1,1,7
201500028955,0015-05-07 17:55:00,15,5,7,17,55,560,162,"0, FORT BLOQUE (ROUTE DU",47.73695,-3.43666,Plein jour,En agglomération,Giratoire,Normale,Deux véhicules - côté,,,,,,,,,,,1,2,6,1,3
201500028956,0015-12-29 17:10:00,15,12,29,17,10,560,121,"0, LE BIHAN (RUE  MOISE",47.73626,-3.38246,Plein jour,Hors agglomération,Hors intersection,Normale,Deux véhicules - côté,,,,,,,,,,,1,1,1,1,3
201500028957,0015-05-09 16:33:00,15,5,9,16,33,560,121,"0, VAUBAN (RUE  DE )",47.74956,-3.36253,Plein jour,Hors agglomération,Intersection en T,Normale,Deux véhicules - côté,,,,,,,,,,,1,1,3,1,3
201500028958,0015-12-29 18:30:00,15,12,29,18,30,560,121,"4, JOFFRE ( BD MARECHAL",47.75078,-3.36587,Nuit avec éclairage allumé,En agglomération,Hors intersection,Pluie légère,Autre collision,,,,,,,,,,,5,2,1,2,6
201500028959,0015-12-30 14:40:00,15,12,30,14,40,560,83,"0, GARDELOUPE ( R-P DE L",47.79956,-3.26056,Plein jour,Hors agglomération,Hors intersection,Pluie légère,Sans collision,,,,,,,,,,,1,1,1,2,7
201500028960,0015-05-11 08:38:00,15,5,11,8,38,560,121,"0, INDES ( QUAI DES )",47.7459,-3.36039,Plein jour,En agglomération,Intersection en X,Normale,Deux véhicules - côté,,,,,,,,,,,1,2,2,1,3
201500028961,0015-05-11 17:30:00,15,5,11,17,30,560,121,"0, FOCH (RUE  MARECHAL )",47.74805,-3.3585,Plein jour,En agglomération,Hors intersection,Normale,Sans collision,,,,,,,,,,,1,2,1,1,7
201500028962,0015-12-30 19:03:00,15,12,30,19,3,560,121,"0, BELGIQUE (RUE  DE )",47.76312,-3.39347,Nuit avec éclairage allumé,En agglomération,Hors intersection,Pluie légère,Deux véhicules - côté,,,,,,,,,,,5,2,1,2,3
201500028963,0015-05-13 22:39:00,15,5,13,22,39,560,121,"143, BELGIQUE (RUE  DE )",47.76082,-3.38536,Nuit avec éclairage allumé,En agglomération,Hors intersection,Normale,Deux véhicules - côté,,,,,,,,,,,5,2,1,1,3
201500028964,0015-05-18 08:51:00,15,5,18,8,51,560,83,"0, RN 165",,,Plein jour,Hors agglomération,Hors intersection,Normale,Deux véhicules - arrière,,,,,,,,,,,1,1,1,1,2
201500028965,0015-05-19 08:25:00,15,5,19,8,25,560,162,"0, KERHAM",47.71981,-3.48045,Plein jour,Hors agglomération,Hors intersection,Normale,Sans collision,,,,,,,,,,,1,1,1,1,7
201500028966,0015-05-19 14:50:00,15,5,19,14,50,560,121,"99, COSMAO-DUMANOIR ( BD",47.75408,-3.36711,Plein jour,En agglomération,Hors intersection,Normale,Deux véhicules - côté,,,,,,,,,,,1,2,1,1,3
201500028967,0015-05-20 18:25:00,15,5,20,18,25,560,98,"0, GRANDE LANDE ( ROUTE",47.75316,-3.3339,Plein jour,En agglomération,Intersection en T,Normale,Deux véhicules - frontale,,,,,,,,,,,1,2,3,1,1
201500028968,0015-05-20 20:13:00,15,5,20,20,13,560,121,"0, BIR-HAKEIM ( RD-PT )",47.73919,-3.37969,Plein jour,En agglomération,Hors intersection,Normale,Sans collision,,,,,,,,,,,1,2,1,1,7
201500028969,0015-05-21 16:50:00,15,5,21,16,50,560,121,"0, VILLENEUVE (RUE  DE L",47.74975,-3.3805,Plein jour,Hors agglomération,Hors intersection,Normale,Deux véhicules - frontale,,,,,,,,,,,1,1,1,1,1
201500028970,0015-05-24 22:15:00,15,5,24,22,15,560,162,"0, KERYADO (RUE DE)",47.76638,-3.40138,Nuit avec éclairage allumé,En agglomération,Intersection en Y,Normale,Sans collision,,,,,,,,,,,5,2,4,1,7
201500028971,0015-05-26 14:59:00,15,5,26,14,59,560,121,"0, KERLIN (RUE  DE )",47.74722,-3.37655,Plein jour,En agglomération,Intersection en X,Normale,Deux véhicules - côté,,,,,,,,,,,1,2,2,1,3
201500028972,0015-05-27 21:10:00,15,5,27,21,10,560,98,"0, PARIS (RUE COMMUNE DE",47.77162,-3.33877,Crépuscule ou aube,En agglomération,Hors intersection,Normale,Sans collision,,,,,,,,,,,2,2,1,1,7
201500028973,0015-05-30 01:45:00,15,5,30,1,45,560,83,"4, REPUBLIQUE ( AV. DE L",47.80128,-3.28283,Nuit avec éclairage allumé,En agglomération,Hors intersection,Normale,Sans collision,,,,,,,,,,,5,2,1,1,7
201500028974,0015-06-01 10:05:00,15,6,1,10,5,560,98,"8, COMBES (RUE  EMILE )",47.77069,-3.34819,Plein jour,Hors agglomération,Intersection en X,Normale,Deux véhicules - côté,,,,,,,,,,,1,1,2,1,3
201500028975,0015-06-02 18:05:00,15,6,2,18,5,560,98,RN 165,47.7799,-3.34419,Plein jour,Hors agglomération,Hors intersection,Normale,Sans collision,,,,,,,,,,,1,1,1,1,7
201500028976,0015-06-04 13:55:00,15,6,4,13,55,560,98,"0, DU 19 MARS 1962 (RUE)",47.77862,-3.34042,Plein jour,En agglomération,Intersection en T,Normale,Deux véhicules - côté,,,,,,,,,,,1,2,3,1,3
201500028977,0015-06-04 18:20:00,15,6,4,18,20,560,121,"0, BOLLARDIERE (RUE  GEN",47.7532,-3.39158,Plein jour,En agglomération,Hors intersection,Normale,Sans collision,,,,,,,,,,,1,2,1,1,7
201500028978,0015-06-04 19:00:00,15,6,4,19,0,560,162,"0, ARGOAT (RUE D' )",47.90183,-2.41239,Plein jour,En agglomération,Hors intersection,Normale,Sans collision,,,,,,,,,,,1,2,1,1,7
201500028979,0015-06-05 09:06:00,15,6,5,9,6,560,121,"0, BOLLARDIERE (RUE  GEN",47.75321,-3.39159,Plein jour,En agglomération,Hors intersection,Normale,Autre collision,,,,,,,,,,,1,2,1,1,6
201500028980,0015-06-05 17:25:00,15,6,5,17,25,560,121,"0, LE BRAZ ( PL. ANATOLE",47.74907,-3.35983,Plein jour,Hors agglomération,Hors intersection,Normale,Sans collision,,,,,,,,,,,1,1,1,1,7
201500028981,0015-06-05 20:10:00,15,6,5,20,10,560,98,MARCEL SAMBAT,47.76328,-3.34601,Plein jour,Hors agglomération,Hors intersection,Normale,Deux véhicules - frontale,,,,,,,,,,,1,1,1,1,1
201500028982,0015-06-07 14:20:00,15,6,7,14,20,560,121,"0, THOMAS ( BD ALBERT )",47.73611,-3.36817,Plein jour,En agglomération,Hors intersection,Normale,Sans collision,,,,,,,,,,,1,2,1,1,7
201500028983,0015-06-08 13:00:00,15,6,8,13,0,560,121,"0, KERLIN (RUE  DE )",47.74723,-3.37658,Plein jour,En agglomération,Intersection en X,Normale,Sans collision,,,,,,,,,,,1,2,2,1,7
201500028984,0015-06-09 20:20:00,15,6,9,20,20,560,121,"0, JOLIOT-CURIE (RUE  IR",47.74835,-3.38063,Plein jour,En agglomération,Intersection en T,Normale,Deux véhicules - côté,,,,,,,,,,,1,2,3,1,3
201500028985,0015-06-10 11:00:00,15,6,10,11,0,560,121,"0, CHAZELLES ( COURS LOU",47.75509,-3.36331,Plein jour,En agglomération,Hors intersection,Temps éblouissant,Deux véhicules - frontale,,,,,,,,,,,1,2,1,7,1
201500028986,0015-06-12 15:10:00,15,6,12,15,10,560,98,"0, DUCLOS (RUE  JACQUES",47.7754,-3.34086,Plein jour,Hors agglomération,Hors intersection,Normale,Autre collision,,,,,,,,,,,1,1,1,1,6
201500028987,0015-06-13 07:02:00,15,6,13,7,2,560,121,"0, KERVARIC (ROND POINT",47.74832,-3.3886,Plein jour,En agglomération,Hors intersection,Normale,Sans collision,,,,,,,,,,,1,2,1,1,7
201500028988,0015-06-14 15:15:00,15,6,14,15,15,560,83,"0, GARDELOUPE ( R-P DE L",47.79986,-3.26048,Plein jour,En agglomération,Hors intersection,Normale,Deux véhicules - côté,,,,,,,,,,,1,2,1,1,3
201500028989,0015-06-16 16:28:00,15,6,16,16,28,560,83,"0, REPUBLIQUE ( AV. DE L",47.80099,-3.28376,Plein jour,En agglomération,Hors intersection,Normale,Deux véhicules - arrière,,,,,,,,,,,1,2,1,1,2
201500028990,0015-06-16 17:23:00,15,6,16,17,23,560,98,"0, KESLER-DEVILLERS ( AV",47.76798,-3.34272,Plein jour,En agglomération,Hors intersection,Normale,Deux véhicules - côté,,,,,,,,,,,1,2,1,1,3
201500028991,0015-06-18 14:10:00,15,6,18,14,10,560,121,"0, FAURE (RUE  GABRIEL )",47.76513,-3.37524,Plein jour,Hors agglomération,Giratoire,Normale,Autre collision,,,,,,,,,,,1,1,6,1,6
201500028992,0015-06-19 19:24:00,15,6,19,19,24,560,121,"0, SCORFF ( BD DU )",47.7629,-3.36702,Plein jour,En agglomération,Hors intersection,Normale,Trois véhicules et plus - collisions multiples,,,,,,,,,,,1,2,1,1,5
201500028993,0015-06-20 17:00:00,15,6,20,17,0,560,98,,47.78032,-3.30975,Plein jour,Hors agglomération,Hors intersection,Normale,Sans collision,,,,,,,,,,,1,1,1,1,7
201500028994,0015-06-23 08:50:00,15,6,23,8,50,560,162,"0, FORT BLOQUE (ROUTE DU",47.73852,-3.44583,Plein jour,Hors agglomération,Hors intersection,Normale,Deux véhicules - côté,,,,,,,,,,,1,1,1,1,3
201500028995,0015-06-25 11:12:00,15,6,25,11,12,560,162,"0, D 162",47.73835,-3.44327,Plein jour,Hors agglomération,Hors intersection,Normale,Sans collision,,,,,,,,,,,1,1,1,1,7
201500028996,0015-06-26 08:30:00,15,6,26,8,30,560,83,"0, LOCOYARNE ( R-P DE )",47.79072,-3.27726,Plein jour,Hors agglomération,Hors intersection,Normale,Sans collision,,,,,,,,,,,1,1,1,1,7
201500028997,0015-06-27 01:39:00,15,6,27,1,39,560,162,"0, QUEVEN (RUE DE)",47.73715,-3.4289,Nuit sans éclairage public,Hors agglomération,Hors intersection,Normale,Sans collision,,,,,,,,,,,3,1,1,1,7
201500028998,0015-06-27 11:25:00,15,6,27,11,25,560,121,"0, SCORFF ( BD DU )",47.7611,-3.36591,Plein jour,En agglomération,Intersection en T,Normale,Autre collision,,,,,,,,,,,1,2,3,1,6
201500028999,0015-06-28 08:30:00,15,6,28,8,30,560,162,"0, SOYE",47.74194,-3.41164,Plein jour,Hors agglomération,Hors intersection,Normale,Autre collision,,,,,,,,,,,1,1,1,1,6
201500029000,0015-07-01 08:25:00,15,7,1,8,25,560,83,"0, LOCOYARNE ( R-P DE )",47.79065,-3.27679,Plein jour,Hors agglomération,Hors intersection,Normale,Trois véhicules et plus - en chaîne,,,,,,,,,,,1,1,1,1,4
201500029001,0015-07-02 17:55:00,15,7,2,17,55,560,98,"213, JAURES (RUE  JEAN )",47.76975,-3.35088,Plein jour,En agglomération,Hors intersection,Normale,Trois véhicules et plus - collisions multiples,,,,,,,,,,,1,2,1,1,5
201500029002,0015-07-03 02:05:00,15,7,3,2,5,560,121,"144, BELGIQUE (RUE  DE )",47.76048,-3.38449,Nuit avec éclairage allumé,En agglomération,Hors intersection,Normale,Sans collision,,,,,,,,,,,5,2,1,1,7
201500029003,0015-07-05 06:23:00,15,7,5,6,23,560,83,"186, BALZAC (RUE  HONORE",47.81492,-3.24594,Plein jour,En agglomération,Hors intersection,Pluie légère,Sans collision,,,,,,,,,,,1,2,1,2,7
201500029004,0015-07-07 13:33:00,15,7,7,13,33,560,98,"361, TRUDAINE (RUE  DANI",47.77944,-3.33522,Plein jour,En agglomération,Hors intersection,Normale,Sans collision,,,,,,,,,,,1,2,1,1,7
201500029005,0015-07-09 15:38:00,15,7,9,15,38,560,121,"0, ROUTE DEPARTEMENTALE",,,Plein jour,En agglomération,Hors intersection,Normale,Autre collision,,,,,,,,,,,1,2,1,1,6
201500029006,0015-07-09 17:05:00,15,7,9,17,5,560,162,"0, SAINT BIEUZY (RUE DE)",47.73369,-3.43048,Plein jour,En agglomération,Intersection en T,Normale,Deux véhicules - côté,,,,,,,,,,,1,2,3,1,3
201500029007,0015-07-16 19:38:00,15,7,16,19,38,560,98,"148, JAURES ( AVE JEAN )",47.76849,-3.35305,Plein jour,En agglomération,Hors intersection,Normale,Sans collision,,,,,,,,,,,1,2,1,1,7
201500029008,0015-07-19 17:47:00,15,7,19,17,47,560,121,"0, BOLLET ( PAUL )",47.75399,-3.38427,Plein jour,En agglomération,Hors intersection,Pluie légère,Sans collision,,,,,,,,,,,1,2,1,2,7
201500029009,0015-07-21 08:00:00,15,7,21,8,0,560,121,"0, RN 465",47.75877,-3.38438,Crépuscule ou aube,En agglomération,Hors intersection,Pluie légère,Sans collision,,,,,,,,,,,2,2,1,2,7
201500029010,0015-07-21 09:50:00,15,7,21,9,50,560,121,"0, BOLLARDIERE (RUE  GEN",47.75352,-3.39175,Plein jour,Hors agglomération,Hors intersection,Pluie légère,Sans collision,,,,,,,,,,,1,1,1,2,7
201500029011,0015-07-22 12:45:00,15,7,22,12,45,560,121,"56, MONISTROL (RUE)",47.73444,-3.38456,Plein jour,En agglomération,Hors intersection,Normale,Deux véhicules - arrière,,,,,,,,,,,1,2,1,1,2
201500029012,0015-07-22 15:45:00,15,7,22,15,45,560,83,RN 165,,,Plein jour,En agglomération,Hors intersection,Normale,Deux véhicules - arrière,,,,,,,,,,,1,2,1,1,2
201500029013,0015-07-25 14:15:00,15,7,25,14,15,560,121,"0, KERFORN (RUE ET PLACE",47.75356,-3.38797,Plein jour,En agglomération,Hors intersection,Normale,Deux véhicules - côté,,,,,,,,,,,1,2,1,1,3
201500029014,0015-07-26 19:45:00,15,7,26,19,45,560,98,COMBES (RUE  EMILE ),47.77069,-3.3482,Plein jour,En agglomération,Intersection en T,Pluie légère,Deux véhicules - côté,,,,,,,,,,,1,2,3,2,3
201500029015,0015-07-29 16:00:00,15,7,29,16,0,560,121,"11, KERMELO ( ET IMP. DE",47.73798,-3.38696,Plein jour,En agglomération,Hors intersection,Normale,Deux véhicules - côté,,,,,,,,,,,1,2,1,1,3
201500029016,0015-07-29 20:55:00,15,7,29,20,55,560,98,"0, JAURES (RUE  JEAN )",47.76318,-3.36207,Crépuscule ou aube,Hors agglomération,Hors intersection,Normale,Deux véhicules - arrière,,,,,,,,,,,2,1,1,1,2
201500029017,0015-07-30 09:00:00,15,7,30,9,0,560,121,"0, BOLLARDIERE (RUE  GEN",47.75365,-3.39177,Plein jour,En agglomération,Intersection en T,Normale,Deux véhicules - côté,,,,,,,,,,,1,2,3,1,3