accident_id,datetime,annee,mois,jour,heure,minute,departement,commune_insee,adresse,latitude,longitude,luminosite,agglomeration,intersection,meteo,collision,nb_vehicules,nb_usagers,nb_indemnes,nb_tues,nb_blesses_hosp,nb_blesses_legers,age_cond_1,age_cond_2,veh_type_cond_1,veh_type_cond_2,lum_code,agg_code,int_code,atm_code,col_code
201500029018,0015-07-30 20:00:00,15,7,30,20,0,560,162,"0, SAINTE  ANNE (RUE)",47.73858,-3.41947,Plein jour,En agglomération,Intersection en X,Normale,Deux véhicules - arrière,,,,,,,,,,,1,2,2,1,2
201500029019,0015-07-31 18:03:00,15,7,31,18,3,560,107,"0, LE PORT (ROGER BOULEV",47.71692,-3.37309,Plein jour,En agglomération,Giratoire,Normale,Deux véhicules - côté,,,,,,,,,,,1,2,6,1,3
201500029020,0015-08-04 11:30:00,15,8,4,11,30,560,121,"05, TOULLEC (RUE  FRANCO",47.73321,-3.37728,Plein jour,Hors agglomération,Hors intersection,Normale,Deux véhicules - côté,,,,,,,,,,,1,1,1,1,3
201500029021,0015-08-04 11:50:00,15,8,4,11,50,560,162,"06, KORRIGANS (ALLEE DES",47.73535,-3.49706,Plein jour,En agglomération,Intersection en X,Normale,Deux véhicules - côté,,,,,,,,,,,1,2,2,1,3
201500029022,0015-08-06 17:47:00,15,8,6,17,47,560,83,"0, ALLENDE ( AV. PRES. S",47.80297,-3.26558,Plein jour,En agglomération,Giratoire,Normale,Deux véhicules - côté,,,,,,,,,,,1,2,6,1,3
201500029023,0015-08-08 11:25:00,15,8,8,11,25,560,107,"0, PINSONS (RUE DES)",47.71524,-3.37536,Plein jour,En agglomération,Hors intersection,Normale,Deux véhicules - côté,,,,,,,,,,,1,2,1,1,3
201500029024,0015-08-11 20:35:00,15,8,11,20,35,560,121,"28, JAURES ( AVE JEAN )",47.74525,-3.37133,Plein jour,En agglomération,Intersection en X,Normale,Autre collision,,,,,,,,,,,1,2,2,1,6
201500029025,0015-08-12 18:43:00,15,8,12,18,43,560,121,"0, SCORFF ( BD DU )",47.76201,-3.36654,Plein jour,En agglomération,Hors intersection,Normale,Sans collision,,,,,,,,,,,1,2,1,1,7
201500029026,0015-08-14 09:01:00,15,8,14,9,1,560,121,"0, BASE DES SOUS-MARINS",47.73585,-3.37393,Plein jour,En agglomération,Hors intersection,Pluie légère,Deux véhicules - côté,,,,,,,,,,,1,2,1,2,3
201500029027,0015-08-14 10:51:00,15,8,14,10,51,560,121,COLBERT (RUE),47.75128,-3.35968,Plein jour,En agglomération,Hors intersection,Normale,Sans collision,,,,,,,,,,,1,2,1,1,7
201500029028,0015-08-14 14:10:00,15,8,14,14,10,560,162,"0, D 163",,,Plein jour,Hors agglomération,Hors intersection,Normale,Deux véhicules - frontale,,,,,,,,,,,1,1,1,1,1
201500029029,0015-08-17 17:35:00,15,8,17,17,35,560,121,"0, CREN (RUE  LOUIS )",47.74271,-3.3795,Plein jour,En agglomération,Intersection en X,Normale,Deux véhicules - côté,,,,,,,,,,,1,2,2,1,3
201500029030,0015-08-21 15:45:00,15,8,21,15,45,560,98,"199, JAURES (RUE  JEAN )",47.76919,-3.35188,Plein jour,En agglomération,Hors intersection,Normale,Deux véhicules - arrière,,,,,,,,,,,1,2,1,1,2
201500029031,0015-08-21 18:01:00,15,8,21,18,1,560,121,"14, FRANCE ( AVE ANATOLE",47.74605,-3.36703,Plein jour,En agglomération,Hors intersection,Normale,Sans collision,,,,,,,,,,,1,2,1,1,7
201500029032,0015-08-23 19:03:00,15,8,23,19,3,560,83,"0, PASTEUR ( AVENUE )",47.80228,-3.28407,Plein jour,Hors agglomération,Hors intersection,Pluie légère,Deux véhicules - frontale,,,,,,,,,,,1,1,1,2,1
201500029033,0015-08-27 10:42:00,15,8,27,10,42,560,107,"0, KERFORNET (CIMETIERE)",47.71186,-3.39717,Plein jour,Hors agglomération,Hors intersection,Normale,Deux véhicules - arrière,,,,,,,,,,,1,1,1,1,2
201500029034,0015-08-27 17:14:00,15,8,27,17,14,560,121,"0, GUILLEMOT (RUE  ARMAN",47.74499,-3.38984,Plein jour,En agglomération,Intersection en X,Pluie légère,Autre collision,,,,,,,,,,,1,2,2,2,6
201500029035,0015-08-28 08:20:00,15,8,28,8,20,560,121,"3, KERPAPE (RUE  DE )",47.73997,-3.38251,Plein jour,En agglomération,Hors intersection,Temps éblouissant,Autre collision,,,,,,,,,,,1,2,1,7,6
201500029036,0015-08-30 17:55:00,15,8,30,17,55,560,162,"0, KERSCOUET",,,Plein jour,Hors agglomération,Giratoire,Normale,Deux véhicules - côté,,,,,,,,,,,1,1,6,1,3
201500029037,0015-09-01 12:10:00,15,9,1,12,10,560,121,"22, SVOB ( BOULEVARD EMM",47.75043,-3.36833,Plein jour,En agglomération,Hors intersection,Normale,Deux véhicules - côté,,,,,,,,,,,1,2,1,1,3
201500029038,0015-09-01 17:10:00,15,9,1,17,10,560,83,"0, FERRY ( ET IMP. JULES",47.80286,-3.285,Plein jour,En agglomération,Intersection en X,Normale,Autre collision,,,,,,,,,,,1,2,2,1,6
201500029039,0015-09-02 19:35:00,15,9,2,19,35,560,98,"0, NORMANDIE NIEMEN ( BD",47.76257,-3.36062,Plein jour,En agglomération,Intersection en X,Normale,Deux véhicules - côté,,,,,,,,,,,1,2,2,1,3
201500029040,0015-09-04 09:00:00,15,9,4,9,0,560,121,"0, BASE DE SOUS-MARINS (",47.73531,-3.37418,Plein jour,Hors agglomération,Hors intersection,Normale,Deux véhicules - arrière,,,,,,,,,,,1,1,1,1,2
201500029041,0015-09-05 20:05:00,15,9,5,20,5,560,98,"0, KESLER-DEVILLERS ( AV",47.76708,-3.3395,Nuit avec éclairage allumé,En agglomération,Hors intersection,Normale,Sans collision,,,,,,,,,,,5,2,1,1,7
201500029042,0015-09-07 08:00:00,15,9,7,8,0,560,121,"42, KERGUESTENEN (RUE  D",47.75368,-3.39179,Plein jour,En agglomération,Intersection en X,Normale,Deux véhicules - côté,,,,,,,,,,,1,2,2,1,3
201500029043,0015-09-07 11:28:00,15,9,7,11,28,560,162,"0, KERSCOUET",47.70752,-3.4373,Plein jour,Hors agglomération,Intersection en T,Normale,Deux véhicules - côté,,,,,,,,,,,1,1,3,1,3
201500029044,0015-09-09 16:15:00,15,9,9,16,15,560,121,", COUEDIC (RUE  DU )",47.74982,-3.36342,Plein jour,En agglomération,Intersection en Y,Normale,Deux véhicules - côté,,,,,,,,,,,1,2,4,1,3
201500029045,0015-09-11 11:15:00,15,9,11,11,15,560,162,"0, KERBRIENT",47.7256,-3.41095,Plein jour,En agglomération,Hors intersection,Normale,Deux véhicules - arrière,,,,,,,,,,,1,2,1,1,2
201500029046,0015-09-12 01:05:00,15,9,12,1,5,560,121,"0, SVOB ( BOULEVARD EMMA",47.75036,-3.36715,Nuit avec éclairage allumé,En agglomération,Hors intersection,Normale,Sans collision,,,,,,,,,,,5,2,1,1,7
201500029047,0015-09-12 02:32:00,15,9,12,2,32,560,83,"20, REPUBLIQUE ( AV. DE",47.80065,-3.2854,Nuit avec éclairage allumé,En agglomération,Hors intersection,Pluie légère,Autre collision,,,,,,,,,,,5,2,1,2,6
201500029048,0015-09-12 11:15:00,15,9,12,11,15,560,121,"0, KERFICHANT (RD POINT",47.75497,-3.39157,Plein jour,En agglomération,Giratoire,Normale,Deux véhicules - côté,,,,,,,,,,,1,2,6,1,3
201500029049,0015-09-13 15:40:00,15,9,13,15,40,560,121,"0, KERVARIC (ROND POINT",47.74835,-3.38862,Plein jour,En agglomération,Hors intersection,Normale,Sans collision,,,,,,,,,,,1,2,1,1,7
201500029050,0015-09-13 18:16:00,15,9,13,18,16,560,83,"0, LOCOYARNE ( R-P DE )",47.79123,-3.27701,Plein jour,Hors agglomération,Hors intersection,Normale,Sans collision,,,,,,,,,,,1,1,1,1,7
201500029051,0015-09-14 07:50:00,15,9,14,7,50,560,121,"0, RN 465",47.75078,-3.38718,Crépuscule ou aube,Hors agglomération,Hors intersection,Vent fort / tempête,Trois véhicules et plus - collisions multiples,,,,,,,,,,,2,1,1,6,5
201500029052,0015-09-14 16:20:00,15,9,14,16,20,560,83,"19, SAINT-ANTOINE (RUE",47.79562,-3.25683,Plein jour,En agglomération,Hors intersection,Normale,Sans collision,,,,,,,,,,,1,2,1,1,7
201500029053,0015-09-18 23:22:00,15,9,18,23,22,560,121,"0, CALVAIRE (RUE  DU )",47.73651,-3.36541,Nuit avec éclairage allumé,En agglomération,Hors intersection,Normale,Sans collision,,,,,,,,,,,5,2,1,1,7
201500029054,0015-09-18 23:49:00,15,9,18,23,49,560,83,"0, RN 165",47.78911,-3.27199,Nuit sans éclairage public,Hors agglomération,Hors intersection,Normale,Sans collision,,,,,,,,,,,3,1,1,1,7
201500029055,0015-09-20 19:55:00,15,9,20,19,55,560,162,"0, STADE (AVENUE DU)",47.73384,-3.43573,Plein jour,En agglomération,Intersection en T,Temps éblouissant,Deux véhicules - côté,,,,,,,,,,,1,2,3,7,3
201500029056,0015-09-24 14:25:00,15,9,24,14,25,560,121,"0, MARNE ( AV DE LA )",47.74236,-3.36842,Plein jour,En agglomération,Hors intersection,Normale,Sans collision,,,,,,,,,,,1,2,1,1,7
201500029057,0015-09-25 07:10:00,15,9,25,7,10,560,98,"123, JAURES (RUE  JEAN )",47.76662,-3.35643,Nuit avec éclairage allumé,Hors agglomération,Hors intersection,Normale,Autre collision,,,,,,,,,,,5,1,1,1,6
201500029058,0015-09-25 16:35:00,15,9,25,16,35,560,162,"0, FORT BLOQUE (ROUTE DU",47.73831,-3.44406,Plein jour,Hors agglomération,Hors intersection,Normale,Sans collision,,,,,,,,,,,1,1,1,1,7
201500029059,0015-09-25 17:32:00,15,9,25,17,32,560,162,"0, MITTERRAND (RUE FRANC",47.73251,-3.42233,Plein jour,Hors agglomération,Hors intersection,Normale,Sans collision,,,,,,,,,,,1,1,1,1,7
201500029060,0015-09-26 05:42:00,15,9,26,5,42,560,121,"0, BELGIQUE (RUE  DE )",47.75962,-3.38112,Nuit avec éclairage allumé,En agglomération,Hors intersection,Normale,Sans collision,,,,,,,,,,,5,2,1,1,7
201500029061,0015-09-28 13:40:00,15,9,28,13,40,560,121,"0, MASSE (RUE  VICTOR )",47.75078,-3.36143,Plein jour,En agglomération,Hors intersection,Normale,Sans collision,,,,,,,,,,,1,2,1,1,7
201500029062,0015-09-28 16:45:00,15,9,28,16,45,560,98,"0, GAGARINE (RUE  YOURI",47.77429,-3.33818,Plein jour,Hors agglomération,Intersection en X,Normale,Deux véhicules - côté,,,,,,,,,,,1,1,2,1,3
201500029063,0015-09-29 08:50:00,15,9,29,8,50,560,121,"0, BELLE-FONTAINE (RUE",47.74532,-3.36603,Crépuscule ou aube,En agglomération,Giratoire,Normale,Deux véhicules - arrière,,,,,,,,,,,2,2,6,1,2
201500029064,0015-09-29 16:15:00,15,9,29,16,15,560,83,"0, 19 MARS 1962 (RUE  DU",47.81062,-3.25231,Plein jour,Hors agglomération,Intersection en X,Normale,Deux véhicules - côté,,,,,,,,,,,1,1,2,1,3
201500029065,0015-09-30 12:25:00,15,9,30,12,25,560,121,"0, KERGUESTENEN (RUE  DE",47.75256,-3.3913,Plein jour,En agglomération,Intersection en T,Normale,Deux véhicules - côté,,,,,,,,,,,1,2,3,1,3
201500029066,0015-09-30 17:00:00,15,9,30,17,0,560,162,"0, KERVAM (RUE DE)",47.73426,-3.42704,Plein jour,Hors agglomération,Hors intersection,Normale,Deux véhicules - côté,,,,,,,,,,,1,1,1,1,3
201500029067,0015-09-30 22:39:00,15,9,30,22,39,560,98,"189, JAURES (RUE  JEAN )",47.76882,-3.35245,Nuit avec éclairage allumé,En agglomération,Intersection en T,Normale,Deux véhicules - côté,,,,,,,,,,,5,2,3,1,3
201500029068,0015-10-02 21:53:00,15,10,2,21,53,560,98,"0, MAURIAC (RUE  FRANCOI",47.76548,-3.34551,Nuit avec éclairage allumé,En agglomération,Hors intersection,Normale,Deux véhicules - frontale,,,,,,,,,,,5,2,1,1,1
201500029069,0015-10-05 11:36:00,15,10,5,11,36,560,121,"0, PLOEMEUR ( ET IMP DE",47.76207,-3.38975,Plein jour,En agglomération,Intersection en T,Normale,Deux véhicules - arrière,,,,,,,,,,,1,2,3,1,2
201500029070,0015-10-05 11:50:00,15,10,5,11,50,560,121,"0, BLUM ( BD LEON )",47.74725,-3.37634,Plein jour,En agglomération,Hors intersection,Normale,Sans collision,,,,,,,,,,,1,2,1,1,7
201500029071,0015-10-06 08:45:00,15,10,6,8,45,560,162,"0, MITTERRAND (RUE FRANC",47.73256,-3.4216,Plein jour,En agglomération,Intersection en T,Normale,Deux véhicules - côté,,,,,,,,,,,1,2,3,1,3
201500029072,0015-10-08 00:10:00,15,10,8,0,10,560,83,"0, CD 765",47.79905,-3.25682,Nuit sans éclairage public,Hors agglomération,Hors intersection,Normale,Sans collision,,,,,,,,,,,3,1,1,1,7
201500029073,0015-10-08 09:10:00,15,10,8,9,10,560,121,"0, JOALLAND (RUE DU  GEN",47.74124,-3.37302,Plein jour,En agglomération,Giratoire,Temps éblouissant,Deux véhicules - arrière,,,,,,,,,,,1,2,6,7,2
201500029074,0015-10-08 12:40:00,15,10,8,12,40,560,83,"0, REPUBLIQUE ( AV. DE L",47.79736,-3.29858,Plein jour,Hors agglomération,Hors intersection,Normale,Sans collision,,,,,,,,,,,1,1,1,1,7
201500029075,0015-10-09 08:00:00,15,10,9,8,0,560,121,"0, MARIENNE ( AV CAPITAI",47.73877,-3.39177,Crépuscule ou aube,En agglomération,Giratoire,Normale,Deux véhicules - côté,,,,,,,,,,,2,2,6,1,3
201500029076,0015-10-09 09:00:00,15,10,9,9,0,560,98,"0, FABIEN ( AV. DU COLON",47.76198,-3.34106,Plein jour,En agglomération,Hors intersection,Normale,Deux véhicules - arrière,,,,,,,,,,,1,2,1,1,2
201500029077,0015-10-12 15:00:00,15,10,12,15,0,560,162,"0, KERSCOUET",47.70854,-3.42134,Plein jour,Hors agglomération,Hors intersection,Normale,Sans collision,,,,,,,,,,,1,1,1,1,7
201500029078,0015-10-13 14:35:00,15,10,13,14,35,560,121,"101, BELGIQUE (RUE  DE )",47.75992,-3.38196,Plein jour,En agglomération,Hors intersection,Normale,Autre collision,,,,,,,,,,,1,2,1,1,6
201500029079,0015-10-14 11:20:00,15,10,14,11,20,560,98,"74, CROIZAT ( AVE AMBROI",47.77539,-3.34595,Plein jour,En agglomération,Hors intersection,Normale,Deux véhicules - arrière,,,,,,,,,,,1,2,1,1,2
201500029080,0015-10-17 20:04:00,15,10,17,20,4,560,121,"0, BLUM ( BD LEON )",47.74914,-3.37358,Nuit avec éclairage allumé,En agglomération,Intersection en T,Normale,Deux véhicules - arrière,,,,,,,,,,,5,2,3,1,2
201500029081,0015-10-18 17:00:00,15,10,18,17,0,560,83,"0, COMMUNE DE PARIS ( AV",47.80164,-3.26381,Plein jour,En agglomération,Intersection en T,Normale,Deux véhicules - arrière,,,,,,,,,,,1,2,3,1,2
201500029082,0015-10-21 09:47:00,15,10,21,9,47,560,121,"0, DE GAULLE ( AVE DU GE",47.74125,-3.37316,Plein jour,En agglomération,Hors intersection,Normale,Autre collision,,,,,,,,,,,1,2,1,1,6
201500029083,0015-10-16 16:55:00,15,10,16,16,55,560,121,"0, PLENENO (RUE  DU )",47.76048,-3.38718,Plein jour,En agglomération,Hors intersection,Normale,Autre collision,,,,,,,,,,,1,2,1,1,6
201500029084,0015-10-21 17:00:00,15,10,21,17,0,560,98,"0, TRUDAINE (RUE  DANIEL",47.78002,-3.33374,Plein jour,En agglomération,Giratoire,Normale,Sans collision,,,,,,,,,,,1,2,6,1,7
201500029085,0015-10-27 20:25:00,15,10,27,20,25,560,121,"0, COSMAO-DUMANOIR ( BD",47.75303,-3.3756,Nuit avec éclairage non allumé,En agglomération,Intersection en T,Pluie légère,Autre collision,,,,,,,,,,,4,2,3,2,6
201500029086,0015-10-28 10:10:00,15,10,28,10,10,560,83,"35, QUELLENEC (RUE  DU )",47.81804,-3.23809,Plein jour,Hors agglomération,Hors intersection,Normale,Autre collision,,,,,,,,,,,1,1,1,1,6
201500029087,0015-11-01 05:45:00,15,11,1,5,45,560,121,"0, RN 465",47.75767,-3.38509,Nuit sans éclairage public,Hors agglomération,Hors intersection,Normale,Autre collision,,,,,,,,,,,3,1,1,1,6
201500029088,0015-11-01 16:30:00,15,11,1,16,30,560,83,"0, LOCOYARNE ( DU BAS )",47.78613,-3.27746,Plein jour,Hors agglomération,Intersection en Y,Normale,Deux véhicules - côté,,,,,,,,,,,1,1,4,1,3
201500029089,0015-11-02 09:07:00,15,11,2,9,7,560,121,"98, KERLIN (RUE  DE )",47.749,-3.38127,Plein jour,En agglomération,Hors intersection,Temps éblouissant,Autre collision,,,,,,,,,,,1,2,1,7,6
201500029090,0015-11-03 07:55:00,15,11,3,7,55,560,121,12 TOULLEC (RUE  FRANCOI,47.73249,-3.38004,Crépuscule ou aube,En agglomération,Hors intersection,Temps éblouissant,Deux véhicules - côté,,,,,,,,,,,2,2,1,7,3
201500029091,0015-11-03 21:45:00,15,11,3,21,45,560,83,"0, RESISTANCE (AVENUE  D",47.82254,-3.2442,Nuit sans éclairage public,En agglomération,Hors intersection,Pluie légère,Sans collision,,,,,,,,,,,3,2,1,2,7
201500029092,0015-11-04 14:45:00,15,11,4,14,45,560,98,"118, JAURES (RUE  JEAN )",47.76726,-3.35519,Plein jour,En agglomération,Hors intersection,Normale,Autre collision,,,,,,,,,,,1,2,1,1,6
201500029093,0015-11-05 01:00:00,15,11,5,1,0,560,107,"0, KENNEDY (AVENUE DU PR",47.71085,-3.3852,Nuit sans éclairage public,En agglomération,Hors intersection,Normale,Autre collision,,,,,,,,,,,3,2,1,1,6
201500029094,0015-11-05 07:45:00,15,11,5,7,45,560,121,"0, RN 465",47.76292,-3.38078,Nuit sans éclairage public,En agglomération,Hors intersection,Temps couvert,Trois véhicules et plus - en chaîne,,,,,,,,,,,3,2,1,8,4
201500029095,0015-11-06 19:58:00,15,11,6,19,58,560,162,"0, LARMOR (RUE DE)",47.73271,-3.4215,Nuit avec éclairage allumé,En agglomération,Hors intersection,Pluie légère,Deux véhicules - frontale,,,,,,,,,,,5,2,1,2,1
201500029096,0015-11-07 10:42:00,15,11,7,10,42,560,121,"0, CHAZELLES ( COURS LOU",47.75614,-3.36409,Plein jour,En agglomération,Hors intersection,Normale,Autre collision,,,,,,,,,,,1,2,1,1,6
201500029097,0015-11-07 15:25:00,15,11,7,15,25,560,121,"0, VERDUN (RUE  DE )",47.75918,-3.36565,Plein jour,En agglomération,Hors intersection,Normale,Sans collision,,,,,,,,,,,1,2,1,1,7
201500029098,0015-11-08 12:21:00,15,11,8,12,21,560,98,RN 165,47.7814,-3.34214,Plein jour,Hors agglomération,Hors intersection,Normale,Sans collision,,,,,,,,,,,1,1,1,1,7
201500029099,0015-11-09 13:35:00,15,11,9,13,35,560,83,"0, ALLENDE ( AV. PRES. S",47.8085,-3.25577,Plein jour,En agglomération,Hors intersection,Normale,Autre collision,,,,,,,,,,,1,2,1,1,6
201500029100,0015-11-09 19:45:00,15,11,9,19,45,560,83,"0, KERPOTENCE (RUE  DE )",47.81139,-3.24205,Nuit avec éclairage allumé,En agglomération,Hors intersection,Normale,Sans collision,,,,,,,,,,,5,2,1,1,7
201500029101,0015-11-13 13:20:00,15,11,13,13,20,560,98,"0, LANN-SEVELIN (ROND PO",47.77743,-3.34465,Plein jour,En agglomération,Giratoire,Normale,Deux véhicules - côté,,,,,,,,,,,1,2,6,1,3
201500029102,0015-11-16 10:26:00,15,11,16,10,26,560,121,"0, RN 465",47.75688,-3.38588,Plein jour,En agglomération,Hors intersection,Pluie forte,Deux véhicules - côté,,,,,,,,,,,1,2,1,3,3
201500029103,0015-11-18 08:13:00,15,11,18,8,13,560,121,"0, ZAY (RUE  JEAN )",47.74356,-3.38858,Plein jour,En agglomération,Hors intersection,Normale,Autre collision,,,,,,,,,,,1,2,1,1,6
201500029104,0015-01-01 06:56:00,15,1,1,6,56,560,162,"0, BRIAND ( AV. ARISTIDE",,,Crépuscule ou aube,En agglomération,Hors intersection,Normale,Sans collision,,,,,,,,,,,2,2,1,1,7
201500029105,0015-01-08 07:40:00,15,1,8,7,40,560,121,"0, KERYADO ( RD-PT DE )",47.76359,-3.39498,Crépuscule ou aube,En agglomération,Giratoire,Pluie légère,Deux véhicules - arrière,,,,,,,,,,,2,2,6,2,2
201500029106,0015-01-09 08:35:00,15,1,9,8,35,560,121,"0, CHAZELLES ( COURS LOU",47.7548,-3.36317,Plein jour,En agglomération,Hors intersection,Pluie légère,Deux véhicules - côté,,,,,,,,,,,1,2,1,2,3
201500029107,0015-01-10 00:15:00,15,1,10,0,15,560,121,"86, BELGIQUE (RUE  DE )",47.75944,-3.38097,Nuit avec éclairage allumé,En agglomération,Hors intersection,Normale,Sans collision,,,,,,,,,,,5,2,1,1,7
201500029108,0015-01-12 07:20:00,15,1,12,7,20,560,98,"0, MITTERAND ( AV. FRANC",47.76632,-3.30634,Nuit sans éclairage public,En agglomération,Hors intersection,Pluie légère,Sans collision,,,,,,,,,,,3,2,1,2,7
201500029109,0015-01-12 15:17:00,15,1,12,15,17,560,121,"204, BELGIQUE (RUE  DE )",47.76154,-3.3883,Plein jour,En agglomération,Hors intersection,Normale,Deux véhicules - côté,,,,,,,,,,,1,2,1,1,3
201500029110,0015-01-16 18:37:00,15,1,16,18,37,560,98,GUESDES (RUE  JULES ),47.76213,-3.33753,Nuit avec éclairage allumé,En agglomération,Intersection en X,Normale,Deux véhicules - côté,,,,,,,,,,,5,2,2,1,3
201500029111,0015-01-17 16:50:00,15,1,17,16,50,560,121,"0, KERJULAUDE ( RUE DE )",47.74242,-3.38493,Plein jour,En agglomération,Hors intersection,Normale,Deux véhicules - arrière,,,,,,,,,,,1,2,1,1,2
201500029112,0015-01-19 16:35:00,15,1,19,16,35,560,121,"0, KERVARIC (ROND POINT",47.74837,-3.38877,Plein jour,En agglomération,Giratoire,Normale,Deux véhicules - côté,,,,,,,,,,,1,2,6,1,3
201500029113,0015-01-23 17:35:00,15,1,23,17,35,560,107,"0, KERMELO (PONT)",47.72674,-3.38388,Plein jour,En agglomération,Hors intersection,Normale,Sans collision,,,,,,,,,,,1,2,1,1,7
201500029114,0015-01-26 18:03:00,15,1,26,18,3,560,121,"120, GUIEYSSE (RUE  PAUL",47.75773,-3.37435,Plein jour,En agglomération,Hors intersection,Normale,Sans collision,,,,,,,,,,,1,2,1,1,7
201500029115,0015-01-28 08:45:00,15,1,28,8,45,560,121,"0, KERYADO ( RD-PT DE )",47.76338,-3.39546,Plein jour,En agglomération,Hors intersection,Normale,Sans collision,,,,,,,,,,,1,2,1,1,7
201500029116,0015-01-29 17:05:00,15,1,29,17,5,560,98,"0, PERI (RUE GABRIEL)",47.75924,-3.35271,Plein jour,En agglomération,Hors intersection,Pluie légère,Autre collision,,,,,,,,,,,1,2,1,2,6
201500029117,0015-01-30 06:10:00,15,1,30,6,10,560,121,"0, SANGNIER (RUE  MARC )",47.74764,-3.3742,Nuit avec éclairage allumé,En agglomération,Intersection en T,Pluie légère,Deux véhicules - côté,,,,,,,,,,,5,2,3,2,3
201500029118,0015-01-30 05:10:00,15,1,30,5,10,560,98,"0, MALACHAPPE (LIEU-DIT)",47.79046,-3.31935,Nuit sans éclairage public,Hors agglomération,Hors intersection,Normale,Sans collision,,,,,,,,,,,3,1,1,1,7
201500029119,0015-01-30 19:30:00,15,1,30,19,30,560,121,"0, CHAZELLES ( COURS LOU",47.75483,-3.36327,Nuit avec éclairage allumé,En agglomération,Hors intersection,Normale,Deux véhicules - côté,,,,,,,,,,,5,2,1,1,3
201500029120,0015-02-03 08:30:00,15,2,3,8,30,560,83,"0, RN 165",,,Plein jour,En agglomération,Hors intersection,Normale,Trois véhicules et plus - collisions multiples,,,,,,,,,,,1,2,1,1,5
201500029121,0015-02-04 13:19:00,15,2,4,13,19,560,121,"0, LE COAT SAINT HAOUEN",47.74708,-3.39339,Plein jour,En agglomération,Hors intersection,Normale,Sans collision,,,,,,,,,,,1,2,1,1,7
201500029122,0015-02-06 13:40:00,15,2,6,13,40,560,121,"0, BECAM (RUE  EUGENE )",47.73728,-3.38663,Plein jour,En agglomération,Hors intersection,Normale,Sans collision,,,,,,,,,,,1,2,1,1,7
201500029123,0015-02-06 14:50:00,15,2,6,14,50,560,83,"97, JOFFRE (RUE  DU MARE",47.80764,-3.27259,Plein jour,En agglomération,Hors intersection,Normale,Sans collision,,,,,,,,,,,1,2,1,1,7
201500029124,0015-02-06 20:45:00,15,2,6,20,45,560,98,"30, MITTERAND ( AV. FRAN",47.76605,-3.33299,Nuit avec éclairage non allumé,En agglomération,Hors intersection,Normale,Deux véhicules - frontale,,,,,,,,,,,4,2,1,1,1
201500029125,0015-02-07 20:30:00,15,2,7,20,30,560,121,NAYEL ( ET PLACE AUGUSTE,47.74638,-3.36146,Nuit avec éclairage allumé,En agglomération,Hors intersection,Normale,Deux véhicules - côté,,,,,,,,,,,5,2,1,1,3
201500029126,0015-02-08 10:15:00,15,2,8,10,15,560,162,"0, LAUDE (RUE DE)",47.72105,-3.41555,Plein jour,En agglomération,Hors intersection,Normale,Sans collision,,,,,,,,,,,1,2,1,1,7
201500029127,0015-02-11 08:35:00,15,2,11,8,35,560,121,"0, DUGUAY-TROUIN (RUE RE",47.74269,-3.36341,Plein jour,En agglomération,Intersection en T,Normale,Sans collision,,,,,,,,,,,1,2,3,1,7
201500029128,0015-02-13 08:09:00,15,2,13,8,9,560,83,Av Arisde BRUANT,47.80565,-3.25944,Plein jour,En agglomération,Hors intersection,Normale,Sans collision,,,,,,,,,,,1,2,1,1,7
201500029129,0015-02-13 12:10:00,15,2,13,12,10,560,162,"0, LECLERC (RUE DU GENER",47.73854,-3.41963,Plein jour,En agglomération,Hors intersection,Pluie légère,Deux véhicules - côté,,,,,,,,,,,1,2,1,2,3
201500029130,0015-05-11 13:15:00,15,5,11,13,15,340,111,05 rue des arts,43.93411,3.70706,Plein jour,En agglomération,Hors intersection,Normale,Autre collision,,,,,,,,,,,1,2,1,1,6
201500029131,0015-05-26 07:45:00,15,5,26,7,45,340,152,,43.79187,3.79498,Plein jour,Hors agglomération,Hors intersection,Normale,Deux véhicules - frontale,,,,,,,,,,,1,1,1,1,1
201500029132,0015-07-02 17:45:00,15,7,2,17,45,340,42,,43.86637,3.74031,Plein jour,Hors agglomération,Hors intersection,Normale,Autre collision,,,,,,,,,,,1,1,1,1,6
201500029133,0015-11-03 18:45:00,15,11,3,18,45,340,185,,43.81256,3.74353,Nuit sans éclairage public,Hors agglomération,Hors intersection,Pluie légère,Autre collision,,,,,,,,,,,3,1,1,2,6
201500029134,0015-03-08 16:38:00,15,3,8,16,38,560,260,"., AMPERE(RUE)",47.64661,-2.75897,Plein jour,En agglomération,Intersection en T,Normale,Autre collision,,,,,,,,,,,1,2,3,1,6
201500029135,0015-03-14 09:03:00,15,3,14,9,3,560,260,"., MONNET(AVENUE JEAN)",47.66071,-2.76064,Plein jour,En agglomération,Intersection en T,Normale,Deux véhicules - côté,,,,,,,,,,,1,2,3,1,3
201500029136,0015-03-12 11:43:00,15,3,12,11,43,560,260,"28, JUDE(RUE DU CAPITAIN",47.66345,-2.76506,Plein jour,En agglomération,Hors intersection,Normale,Deux véhicules - arrière,,,,,,,,,,,1,2,1,1,2
201500029137,0015-03-19 16:05:00,15,3,19,16,5,560,260,"15, FABRE(RUE DU GENERAL",47.65657,-2.71972,Plein jour,En agglomération,Hors intersection,Normale,Deux véhicules - arrière,,,,,,,,,,,1,2,1,1,2
201500029138,0015-04-11 17:06:00,15,4,11,17,6,560,260,"21, THIERS(RUE)",47.65523,-2.75975,Plein jour,En agglomération,Hors intersection,Normale,Deux véhicules - arrière,,,,,,,,,,,1,2,1,1,2
201500029139,0015-04-21 22:45:00,15,4,21,22,45,560,260,RESISTANCE(BLD DE LA) 4,47.64786,-2.78181,Nuit sans éclairage public,En agglomération,Intersection en X,Normale,Deux véhicules - frontale,,,,,,,,,,,3,2,2,1,1