accident_id,datetime,annee,mois,jour,heure,minute,departement,commune_insee,adresse,latitude,longitude,luminosite,agglomeration,intersection,meteo,collision,nb_vehicules,nb_usagers,nb_indemnes,nb_tues,nb_blesses_hosp,nb_blesses_legers,age_cond_1,age_cond_2,veh_type_cond_1,veh_type_cond_2,lum_code,agg_code,int_code,atm_code,col_code
201500029140,0015-04-25 18:02:00,15,4,25,18,2,560,260,RN 166 -SENS VANNES / RE,47.66702,-2.72533,Plein jour,Hors agglomération,Hors intersection,Pluie légère,Deux véhicules - arrière,,,,,,,,,,,1,1,1,2,2
201500029141,0015-05-21 13:50:00,15,5,21,13,50,560,260,"., ARRADON(RUE JEROME D'",47.65565,-2.76689,Plein jour,Hors agglomération,Intersection en X,Normale,Autre collision,,,,,,,,,,,1,1,2,1,6
201500029142,0015-05-20 17:40:00,15,5,20,17,40,560,260,"., R.D. 779 (KERGRAIN/LU",47.66394,-2.79447,Plein jour,En agglomération,Hors intersection,Normale,Deux véhicules - arrière,,,,,,,,,,,1,2,1,1,2
201500029143,0015-06-04 15:08:00,15,6,4,15,8,560,260,"10, ILES(BOULEVARD DES)",47.6527,-2.78492,Plein jour,En agglomération,Hors intersection,Normale,Deux véhicules - côté,,,,,,,,,,,1,2,1,1,3
201500029144,0015-06-05 20:23:00,15,6,5,20,23,560,260,"., SCHUMAN(RUE ROBERT)",47.64897,-2.77055,Plein jour,En agglomération,Intersection en X,Normale,Autre collision,,,,,,,,,,,1,2,2,1,6
201500029145,0015-06-18 15:13:00,15,6,18,15,13,560,260,"., THIERS(RUE)",47.65772,-2.75991,Plein jour,En agglomération,Intersection en T,Normale,Autre collision,,,,,,,,,,,1,2,3,1,6
201500029146,0015-06-23 08:47:00,15,6,23,8,47,560,260,"6, FAVREL ET LINCY(AVENU",47.66403,-2.75527,Plein jour,En agglomération,Giratoire,Normale,Autre collision,,,,,,,,,,,1,2,6,1,6
201500029147,0015-06-23 16:20:00,15,6,23,16,20,560,260,HUGO(AVENUE VICTOR) 1 A,47.66142,-2.75706,Plein jour,En agglomération,Intersection en X,Normale,Deux véhicules - frontale,,,,,,,,,,,1,2,2,1,1
201500029148,0015-06-16 18:50:00,15,6,16,18,50,560,260,PONTIVY(BOULEVARD DE),47.67083,-2.77069,Plein jour,En agglomération,Intersection en T,Normale,Deux véhicules - côté,,,,,,,,,,,1,2,3,1,3
201500029149,0015-06-20 23:48:00,15,6,20,23,48,560,260,"17, VERDUN(AVENUE DE)",47.6586,-2.74872,Nuit avec éclairage allumé,En agglomération,Hors intersection,Normale,Autre collision,,,,,,,,,,,5,2,1,1,6
201500029150,0015-06-24 18:04:00,15,6,24,18,4,560,260,"., FORTIN DE BEAUSEJOUR(",47.65698,-2.74512,Plein jour,En agglomération,Intersection en T,Normale,Autre collision,,,,,,,,,,,1,2,3,1,6
201500029151,0015-07-18 15:53:00,15,7,18,15,53,560,260,DECKER(RUE FRANCIS),47.65682,-2.75504,Plein jour,En agglomération,Hors intersection,Normale,Deux véhicules - côté,,,,,,,,,,,1,2,1,1,3
201500029152,0015-07-20 18:19:00,15,7,20,18,19,560,260,MICHELIN(AVENUE EDOUARD),47.65971,-2.707,Plein jour,Hors agglomération,Autre intersection,Normale,Autre collision,,,,,,,,,,,1,1,9,1,6
201500029153,0015-08-15 19:30:00,15,8,15,19,30,560,260,SEGUR(RUE MADAME DE),47.66702,-2.77353,Plein jour,En agglomération,Intersection en T,Normale,Deux véhicules - côté,,,,,,,,,,,1,2,3,1,3
201500029154,0015-09-02 09:45:00,15,9,2,9,45,560,260,"., PONTIVY(BOULEVARD DE)",47.68257,-2.76748,Plein jour,En agglomération,Hors intersection,Normale,Deux véhicules - côté,,,,,,,,,,,1,2,1,1,3
201500029155,0015-08-25 10:40:00,15,8,25,10,40,560,260,GARE(PLACE ET ESPLANADE,47.66472,-2.75343,Plein jour,En agglomération,Hors intersection,Normale,Autre collision,,,,,,,,,,,1,2,1,1,6
201500029156,0015-09-13 15:37:00,15,9,13,15,37,560,260,"22, FROMENTIN(RUE DU LIE",47.64907,-2.76688,Plein jour,En agglomération,Hors intersection,Normale,Deux véhicules - côté,,,,,,,,,,,1,2,1,1,3
201500029157,0015-09-15 12:36:00,15,9,15,12,36,560,260,"., WILSON(AVENUE)",47.66749,-2.75685,Plein jour,En agglomération,Intersection en X,Normale,Deux véhicules - côté,,,,,,,,,,,1,2,2,1,3
201500029158,0015-09-15 06:30:00,15,9,15,6,30,560,260,"x, PONTIVY(BOULEVARD DE)",47.67687,-2.77454,Nuit sans éclairage public,En agglomération,Hors intersection,Normale,Trois véhicules et plus - collisions multiples,,,,,,,,,,,3,2,1,1,5
201500029159,0015-06-11 09:00:00,15,6,11,9,0,560,260,PONTIVY(BOULEVARD DE),47.67085,-2.77069,Plein jour,En agglomération,Intersection en T,Normale,Deux véhicules - côté,,,,,,,,,,,1,2,3,1,3
201500029160,0015-09-19 17:45:00,15,9,19,17,45,560,260,BOUCICAUT(RUE ARISTIDE),47.67055,-2.79166,Plein jour,En agglomération,Hors intersection,Normale,Trois véhicules et plus - en chaîne,,,,,,,,,,,1,2,1,1,4
201500029161,0015-09-21 21:18:00,15,9,21,21,18,560,260,"., RN 165 -SENS NANTES /",47.66855,-2.77284,Nuit sans éclairage public,Hors agglomération,Intersection en Y,Temps couvert,Sans collision,,,,,,,,,,,3,1,4,8,7
201500029162,0015-10-03 19:00:00,15,10,3,19,0,560,260,"XXX, WILSON(AVENUE)",47.66744,-2.75682,Plein jour,En agglomération,Intersection en X,Normale,Deux véhicules - arrière,,,,,,,,,,,1,2,2,1,2
201500029163,0015-10-06 08:00:00,15,10,6,8,0,560,260,REMY(BOULEVARD DU COLONE,47.65646,-2.78235,Crépuscule ou aube,En agglomération,Intersection en X,Pluie légère,Deux véhicules - frontale,,,,,,,,,,,2,2,2,2,1
201500029164,0015-10-22 19:35:00,15,10,22,19,35,560,260,"., AOUT 1944(RUE DU 4)",47.67606,-2.76031,Plein jour,En agglomération,Hors intersection,Normale,Autre collision,,,,,,,,,,,1,2,1,1,6
201500029165,0015-10-17 14:46:00,15,10,17,14,46,560,260,"., MONSABERT(BOULEVARD D",47.66642,-2.77135,Plein jour,En agglomération,Hors intersection,Normale,Deux véhicules - frontale,,,,,,,,,,,1,2,1,1,1
201500029166,0015-10-29 14:10:00,15,10,29,14,10,560,260,"., AOUT 1944(RUE DU 4)",47.67606,-2.76035,Plein jour,En agglomération,Intersection en T,Normale,Deux véhicules - côté,,,,,,,,,,,1,2,3,1,3
201500029167,0015-11-04 07:25:00,15,11,4,7,25,560,260,"., PAIX(BLD DE LA) 41 A",47.66092,-2.75442,Crépuscule ou aube,En agglomération,Intersection en T,Pluie légère,Deux véhicules - côté,,,,,,,,,,,2,2,3,2,3
201500029168,0015-11-04 14:35:00,15,11,4,14,35,560,260,"11B, HOCHE(RUE)",47.65865,-2.76198,Plein jour,En agglomération,Hors intersection,Normale,Autre collision,,,,,,,,,,,1,2,1,1,6
201500029169,0015-11-07 11:50:00,15,11,7,11,50,560,260,JEAN XXIII(PLACE),47.65613,-2.76456,Plein jour,En agglomération,Place,Temps couvert,Deux véhicules - arrière,,,,,,,,,,,1,2,7,8,2
201500029170,0015-11-19 19:25:00,15,11,19,19,25,560,260,"60, HUGO(AVENUE VICTOR)",47.66271,-2.75632,Nuit avec éclairage allumé,En agglomération,Hors intersection,Normale,Deux véhicules - arrière,,,,,,,,,,,5,2,1,1,2
201500029171,0015-11-13 19:20:00,15,11,13,19,20,560,260,"39, PAIX(BLD DE LA) 1 A",47.66142,-2.75808,Nuit avec éclairage allumé,En agglomération,Hors intersection,Normale,Deux véhicules - côté,,,,,,,,,,,5,2,1,1,3
201500029172,0015-11-24 16:50:00,15,11,24,16,50,560,260,"., CHURCHILL(RUE WINSTON",47.64571,-2.77037,Plein jour,En agglomération,Hors intersection,Normale,Deux véhicules - côté,,,,,,,,,,,1,2,1,1,3
201500029173,0015-11-28 20:15:00,15,11,28,20,15,560,260,"., VERDUN(AVENUE DE)",47.66715,-2.73544,Nuit sans éclairage public,En agglomération,Intersection en Y,Normale,Deux véhicules - côté,,,,,,,,,,,3,2,4,1,3
201500029174,0015-12-07 16:20:00,15,12,7,16,20,560,260,", ROUILLE(RUE VINCENT)",47.65568,-2.76687,Plein jour,En agglomération,Intersection en Y,Normale,Deux véhicules - côté,,,,,,,,,,,1,2,4,1,3
201500029175,0015-12-11 19:55:00,15,12,11,19,55,560,260,"., R.I.(RUE DU 65EME)",47.66801,-2.75288,Nuit avec éclairage allumé,En agglomération,Hors intersection,Normale,Deux véhicules - côté,,,,,,,,,,,5,2,1,1,3
201500029176,0015-01-31 01:28:00,15,1,31,1,28,560,260,RESISTANCE(BLD DE LA) DD,47.6418,-2.77497,Nuit avec éclairage allumé,En agglomération,Hors intersection,Temps couvert,Autre collision,,,,,,,,,,,5,2,1,8,6
201500029177,0015-02-11 19:45:00,15,2,11,19,45,560,260,"10, VERDUN(AVENUE DE)",47.65867,-2.74857,Crépuscule ou aube,En agglomération,Intersection en Y,Normale,Deux véhicules - côté,,,,,,,,,,,2,2,4,1,3
201500029178,0015-12-23 22:00:00,15,12,23,22,0,490,159,,47.64804,-0.32208,Nuit sans éclairage public,Hors agglomération,Hors intersection,Temps couvert,Autre collision,,,,,,,,,,,3,1,1,8,6
201500029179,0015-07-13 20:00:00,15,7,13,20,0,330,287,BOURG SUD,44.567,0.0341,Plein jour,En agglomération,Intersection en T,Normale,Deux véhicules - frontale,,,,,,,,,,,1,2,3,1,1
201500029180,0015-08-20 16:00:00,15,8,20,16,0,330,254,,44.5294,-0.04244,Plein jour,Hors agglomération,Hors intersection,Normale,Deux véhicules - arrière,,,,,,,,,,,1,1,1,1,2
201500029181,0015-10-21 16:55:00,15,10,21,16,55,330,533,RTE CHATEAU DE MALLE,44.5623,-0.2874,Plein jour,Hors agglomération,Passage à niveau,Normale,Deux véhicules - côté,,,,,,,,,,,1,1,8,1,3
201500029182,0015-10-28 11:00:00,15,10,28,11,0,330,60,,44.54894,-0.33598,Plein jour,Hors agglomération,Intersection en X,Normale,Deux véhicules - côté,,,,,,,,,,,1,1,2,1,3
201500029183,0015-12-30 17:30:00,15,12,30,17,30,330,227,ROND POINT D AQUITAINE,44.55644,-0.25268,Crépuscule ou aube,En agglomération,Giratoire,Normale,Deux véhicules - arrière,,,,,,,,,,,2,2,6,1,2
201500029184,0015-01-03 18:45:00,15,1,3,18,45,330,392,,44.5846,-0.26924,Nuit sans éclairage public,Hors agglomération,Hors intersection,Pluie légère,Autre collision,,,,,,,,,,,3,1,1,2,6
201500029185,0015-06-27 08:45:00,15,6,27,8,45,330,30,LD Pleguemate - PN53,44.60154,-0.31881,Plein jour,En agglomération,Passage à niveau,Temps couvert,Deux véhicules - frontale,,,,,,,,,,,1,2,8,8,1
201500029186,0015-09-13 01:00:00,15,9,13,1,0,330,552,,44.65885,-0.37067,Nuit sans éclairage public,Hors agglomération,Hors intersection,Pluie légère,Sans collision,,,,,,,,,,,3,1,1,2,7
201500029187,0015-10-31 10:45:00,15,10,31,10,45,330,337,,44.57485,-0.28974,Plein jour,Hors agglomération,Hors intersection,Normale,Deux véhicules - frontale,,,,,,,,,,,1,1,1,1,1
201500029188,0015-12-20 11:45:00,15,12,20,11,45,330,7,"85,Cr du Gal de Gaulle",44.67343,-0.39695,Plein jour,En agglomération,Hors intersection,Normale,Deux véhicules - côté,,,,,,,,,,,1,2,1,1,3
201500029189,0015-08-08 04:15:00,15,8,8,4,15,400,304,Bd front de mer quartier,43.67205,-1.43933,Nuit sans éclairage public,En agglomération,Hors intersection,Normale,Deux véhicules - frontale,,,,,,,,,,,3,2,1,1,1
201500029190,0015-03-04 19:00:00,15,3,4,19,0,570,227,NATIONALE(RUE)R.DE LA CO,,,Nuit avec éclairage allumé,En agglomération,Hors intersection,Normale,Autre collision,,,,,,,,,,,5,2,1,1,6
201500029191,0015-12-16 11:10:00,15,12,16,11,10,570,227,CD31E,,,Plein jour,Hors agglomération,Hors intersection,Pluie forte,Sans collision,,,,,,,,,,,1,1,1,3,7
201500029192,0015-11-17 21:50:00,15,11,17,21,50,570,227,"18, NATIONALE (RUE)DU C.",49.1892,6.90619,Nuit avec éclairage allumé,En agglomération,Hors intersection,Normale,Deux véhicules - côté,,,,,,,,,,,5,2,1,1,3
201500029193,0015-12-06 15:35:00,15,12,6,15,35,570,227,NATIONALE(RUE)R.DE LA CO,,,Plein jour,En agglomération,Hors intersection,Normale,Deux véhicules - côté,,,,,,,,,,,1,2,1,1,3
201500029194,0015-06-24 17:50:00,15,6,24,17,50,570,537,"31, GAULLE(RUE GAL DE)DE",49.19514,6.85222,Plein jour,En agglomération,Hors intersection,Normale,Deux véhicules - côté,,,,,,,,,,,1,2,1,1,3
201500029195,0015-09-02 15:25:00,15,9,2,15,25,570,227,"22, NATIONALE (RUE)DU C.",49.18905,6.90599,Plein jour,En agglomération,Giratoire,Normale,Autre collision,,,,,,,,,,,1,2,6,1,6
201500029196,0015-12-02 17:58:00,15,12,2,17,58,570,227,"213, NATIONALE(RUE)GIRAT",49.18113,6.88902,Nuit avec éclairage allumé,En agglomération,Hors intersection,Normale,Autre collision,,,,,,,,,,,5,2,1,1,6
201500029197,0015-02-07 18:05:00,15,2,7,18,5,570,227,PARC A BOIS (ROUTE DU ),,,Nuit sans éclairage public,Hors agglomération,Hors intersection,Normale,Sans collision,,,,,,,,,,,3,1,1,1,7
201500029198,0015-02-11 06:20:00,15,2,11,6,20,570,660,NATIONALE(RUE)LIMITE FOR,49.19475,6.9203,Nuit avec éclairage allumé,En agglomération,Hors intersection,Normale,Autre collision,,,,,,,,,,,5,2,1,1,6
201500029199,0015-03-19 10:20:00,15,3,19,10,20,570,606,"21, AMERICAINS (RUE DES)",49.1044,6.70742,Plein jour,En agglomération,Hors intersection,Normale,Autre collision,,,,,,,,,,,1,2,1,1,6
201500029200,0015-03-18 10:25:00,15,3,18,10,25,570,606,"7, FOCH (RUE DU MARECHAL",49.10324,6.70295,Plein jour,En agglomération,Hors intersection,Normale,Autre collision,,,,,,,,,,,1,2,1,1,6
201500029201,0015-03-27 17:55:00,15,3,27,17,55,570,240,"64, FORBACH (RUE DE)",49.14882,6.82455,Crépuscule ou aube,En agglomération,Hors intersection,Normale,Deux véhicules - arrière,,,,,,,,,,,2,2,1,1,2
201500029202,0015-06-27 07:52:00,15,6,27,7,52,570,606,CD 72 (ROUTE DE PORCELET,49.13756,6.67867,Crépuscule ou aube,Hors agglomération,Hors intersection,Autre,Deux véhicules - frontale,,,,,,,,,,,2,1,1,9,1
201500029203,0015-07-15 08:45:00,15,7,15,8,45,570,332,Route départementale 603,,,Plein jour,Hors agglomération,Hors intersection,Normale,Deux véhicules - côté,,,,,,,,,,,1,1,1,1,3
201500029204,0015-09-24 22:30:00,15,9,24,22,30,570,606,RD 603,49.10955,6.72533,Nuit sans éclairage public,Hors agglomération,Hors intersection,Normale,Autre collision,,,,,,,,,,,3,1,1,1,6
201500029205,0015-10-24 20:29:00,15,10,24,20,29,570,606,"2, CLEMENCEAU (AVENUE GE",49.10351,6.70568,Nuit avec éclairage non allumé,En agglomération,Hors intersection,Normale,Autre collision,,,,,,,,,,,4,2,1,1,6
201500029206,0015-10-28 19:20:00,15,10,28,19,20,570,240,"30, CHARPENTIER (RUE GUS",49.08,6.49,Nuit avec éclairage allumé,En agglomération,Hors intersection,Temps couvert,Autre collision,,,,,,,,,,,5,2,1,8,6
201500029207,0015-11-20 17:00:00,15,11,20,17,0,570,606,"19, CLEMENCEAU (AVENUE G",49.10611,6.70506,Nuit avec éclairage allumé,En agglomération,Hors intersection,Pluie forte,Autre collision,,,,,,,,,,,5,2,1,3,6
201500029208,0015-02-02 19:40:00,15,2,2,19,40,570,591,"1, MONDON (RUE)",49.25482,6.09558,Nuit avec éclairage allumé,En agglomération,Passage à niveau,Normale,Autre collision,,,,,,,,,,,5,2,8,1,6
201500029209,0015-04-19 21:58:00,15,4,19,21,58,570,19,CD 47,,,Nuit avec éclairage allumé,Hors agglomération,Intersection en X,Normale,Deux véhicules - frontale,,,,,,,,,,,5,1,2,1,1
201500029210,0015-06-04 11:45:00,15,6,4,11,45,570,591,"1, GARE (PLACE)",49.25628,6.09919,Plein jour,En agglomération,Place,Temps éblouissant,Autre collision,,,,,,,,,,,1,2,7,7,6
201500029211,0015-06-01 06:40:00,15,6,1,6,40,570,591,RN 52,49.26093,6.10419,Plein jour,Hors agglomération,Hors intersection,Pluie légère,Deux véhicules - arrière,,,,,,,,,,,1,1,1,2,2
201500029212,0015-06-12 07:45:00,15,6,12,7,45,570,591,CD181,49.23485,6.06498,Plein jour,Hors agglomération,Hors intersection,Normale,Deux véhicules - frontale,,,,,,,,,,,1,1,1,1,1
201500029213,0015-06-28 19:20:00,15,6,28,19,20,570,19,"9, RUE DE GAULLE",49.25366,6.1499,Plein jour,En agglomération,Intersection en T,Normale,Deux véhicules - côté,,,,,,,,,,,1,2,3,1,3
201500029214,0015-07-10 19:10:00,15,7,10,19,10,570,143,"97, FOCH (RUE)",49.26135,6.10254,Plein jour,En agglomération,Intersection en T,Normale,Deux véhicules - arrière,,,,,,,,,,,1,2,3,1,2
201500029215,0015-09-08 08:15:00,15,9,8,8,15,570,591,"82, METZ (DE)",49.24572,6.10646,Plein jour,En agglomération,Hors intersection,Normale,Autre collision,,,,,,,,,,,1,2,1,1,6
201500029216,0015-11-04 15:20:00,15,11,4,15,20,570,491,"1, AVENIR (RUE DE L')",49.25103,6.05806,Plein jour,En agglomération,Hors intersection,Normale,Autre collision,,,,,,,,,,,1,2,1,1,6
201500029217,0015-01-03 06:15:00,15,1,3,6,15,570,616,"40, PAUL LANGEVIN (AVENU",49.14353,6.20106,Nuit avec éclairage allumé,Hors agglomération,Hors intersection,Pluie légère,Deux véhicules - arrière,,,,,,,,,,,5,1,1,2,2
201500029218,0015-03-04 15:10:00,15,3,4,15,10,570,463,"84, ARENES (RUE AUX)",49.10655,6.17629,Plein jour,En agglomération,Hors intersection,Normale,Autre collision,,,,,,,,,,,1,2,1,1,6
201500029219,0015-01-04 17:43:00,15,1,4,17,43,570,463,"00, GUYENNE (BOULEVARD D",49.11207,6.21858,Nuit sans éclairage public,En agglomération,Intersection en T,Normale,Autre collision,,,,,,,,,,,3,2,3,1,6
201500029220,0015-03-11 18:00:00,15,3,11,18,0,570,480,"00, SAINT LADRE (RUE )",49.09747,6.15559,Plein jour,En agglomération,Intersection en X,Normale,Deux véhicules - frontale,,,,,,,,,,,1,2,2,1,1
201500029221,0015-12-31 16:20:00,15,12,31,16,20,570,487,"00, JOUY (ROUTE DE )",49.08169,6.1077,Plein jour,En agglomération,Autre intersection,Normale,Autre collision,,,,,,,,,,,1,2,9,1,6
201500029222,0015-01-06 17:15:00,15,1,6,17,15,570,463,"3, PHILIPPE DE VIGNEULLE",49.10657,6.16638,Nuit avec éclairage allumé,En agglomération,Intersection en T,Normale,Autre collision,,,,,,,,,,,5,2,3,1,6
201500029223,0015-03-13 15:10:00,15,3,13,15,10,570,463,"25, LOTHAIRE (RUE )",49.09993,6.17909,Plein jour,En agglomération,Hors intersection,Normale,Sans collision,,,,,,,,,,,1,2,1,1,7
201500029224,0015-01-13 17:56:00,15,1,13,17,56,570,463,"00, FELIX MARECHAL (QUAI",49.12257,6.17815,Nuit avec éclairage allumé,En agglomération,Intersection en Y,Pluie légère,Autre collision,,,,,,,,,,,5,2,4,2,6
201500029225,0015-03-15 03:30:00,15,3,15,3,30,570,463,"00, PLAPPEVILLE (ROUTE D",49.12875,6.14169,Nuit avec éclairage allumé,En agglomération,Hors intersection,Normale,Autre collision,,,,,,,,,,,5,2,1,1,6
201500029226,0015-01-19 15:00:00,15,1,19,15,0,570,463,"53, HAUTE SEILLE (RUE )",49.11375,6.18222,Plein jour,En agglomération,Intersection en X,Temps couvert,Autre collision,,,,,,,,,,,1,2,2,8,6
201500029227,0015-03-18 12:15:00,15,3,18,12,15,570,463,"00, HENRI II (AVENUE )",49.12563,6.15869,Plein jour,En agglomération,Intersection en T,Normale,Deux véhicules - frontale,,,,,,,,,,,1,2,3,1,1
201500029228,0015-01-27 23:30:00,15,1,27,23,30,570,463,"00, VILLARS (RUE )",49.13461,6.16563,Nuit avec éclairage allumé,En agglomération,Hors intersection,Pluie légère,Autre collision,,,,,,,,,,,5,2,1,2,6
201500029229,0015-03-19 17:30:00,15,3,19,17,30,570,463,"51, JARDINIERS (RUE DES",49.09665,6.17803,Plein jour,En agglomération,Intersection en T,Normale,Deux véhicules - côté,,,,,,,,,,,1,2,3,1,3
201500029230,0015-01-29 20:18:00,15,1,29,20,18,570,463,"00, LOUIS GANNE (RUE )",49.11566,6.20463,Nuit avec éclairage allumé,En agglomération,Intersection en T,Neige / grêle,Autre collision,,,,,,,,,,,5,2,3,4,6
201500029231,0015-03-20 16:30:00,15,3,20,16,30,570,463,"00, ALLIES (RUE DES)",49.12664,6.16244,Plein jour,En agglomération,Intersection en Y,Normale,Trois véhicules et plus - collisions multiples,,,,,,,,,,,1,2,4,1,5
201500029232,0015-02-05 07:35:00,15,2,5,7,35,570,463,"119, VALLIERES (RUE DE )",49.12325,6.20421,Plein jour,En agglomération,Hors intersection,Temps couvert,Autre collision,,,,,,,,,,,1,2,1,8,6
201500029233,0015-03-29 15:10:00,15,3,29,15,10,570,463,"2, PIERRE CHEDEAUX (RUE",49.10116,6.19591,Plein jour,En agglomération,Hors intersection,Pluie légère,Autre collision,,,,,,,,,,,1,2,1,2,6
201500029234,0015-02-05 19:35:00,15,2,5,19,35,570,463,"87 D, SENTE A MY (RUE )",49.09446,6.17614,Nuit avec éclairage allumé,Hors agglomération,Hors intersection,Normale,Autre collision,,,,,,,,,,,5,1,1,1,6
201500029235,0015-03-30 08:47:00,15,3,30,8,47,570,487,"000, RD157B",49.0955,6.11919,Plein jour,Hors agglomération,Intersection en X,Temps couvert,Deux véhicules - côté,,,,,,,,,,,1,1,2,8,3
201500029236,0015-02-06 08:45:00,15,2,6,8,45,570,412,"00, SAINT SYMPHORIEN (BO",49.11504,6.15257,Plein jour,En agglomération,Hors intersection,Normale,Autre collision,,,,,,,,,,,1,2,1,1,6
201500029237,0015-04-08 14:00:00,15,4,8,14,0,570,463,"126, JEAN BAUCHEZ (RUE)",49.1368,6.14381,Plein jour,Hors agglomération,Intersection en Y,Normale,Deux véhicules - frontale,,,,,,,,,,,1,1,4,1,1
201500029238,0015-02-09 19:40:00,15,2,9,19,40,570,463,"00, LAURENT CHARLES MARE",49.10067,6.18858,Nuit avec éclairage allumé,En agglomération,Intersection en T,Normale,Deux véhicules - côté,,,,,,,,,,,5,2,3,1,3
201500029239,0015-04-09 12:10:00,15,4,9,12,10,570,49,"00, GENERAL DE GAULLE (A",,,Plein jour,En agglomération,Hors intersection,Normale,Deux véhicules - arrière,,,,,,,,,,,1,2,1,1,2
201500029240,0015-02-19 19:05:00,15,2,19,19,5,570,545,"71, BAUCHEZ (RUE JEAN)",49.13535,6.13699,Nuit avec éclairage allumé,Hors agglomération,Hors intersection,Normale,Deux véhicules - arrière,,,,,,,,,,,5,1,1,1,2
201500029241,0015-04-12 13:45:00,15,4,12,13,45,570,463,"23, XX EME CORPS AMERICA",49.10317,6.16477,Plein jour,En agglomération,Intersection en T,Normale,Autre collision,,,,,,,,,,,1,2,3,1,6
201500029242,0015-04-16 10:55:00,15,4,16,10,55,570,463,"7, PLAPPEVILLE (ROUTE DE",49.12563,6.15869,Plein jour,En agglomération,Intersection en T,Normale,Deux véhicules - côté,,,,,,,,,,,1,2,3,1,3
201500029243,0015-02-25 16:40:00,15,2,25,16,40,570,412,"41b, FORT (RUE DU )",49.12048,6.13439,Crépuscule ou aube,En agglomération,Hors intersection,Normale,Autre collision,,,,,,,,,,,2,2,1,1,6
201500029244,0015-04-16 16:03:00,15,4,16,16,3,570,463,"15, ALLIES (RUE DES)",49.13025,6.16566,Plein jour,En agglomération,Hors intersection,Normale,Deux véhicules - côté,,,,,,,,,,,1,2,1,1,3
201500029245,0015-04-19 01:50:00,15,4,19,1,50,570,463,"36, CLAUDE BERNARD (RUE",49.11061,6.21822,Nuit avec éclairage allumé,En agglomération,Hors intersection,Normale,Autre collision,,,,,,,,,,,5,2,1,1,6
201500029246,0015-04-28 17:50:00,15,4,28,17,50,570,751,"32, CHAPITRE (RUE DU )",49.15167,6.16494,Plein jour,En agglomération,Hors intersection,Normale,Deux véhicules - côté,,,,,,,,,,,1,2,1,1,3
201500029247,0015-05-04 10:50:00,15,5,4,10,50,570,463,"96, CASTELNAU (RUE )",49.09586,6.17097,Plein jour,En agglomération,Hors intersection,Normale,Trois véhicules et plus - collisions multiples,,,,,,,,,,,1,2,1,1,5
201500029248,0015-05-04 16:30:00,15,5,4,16,30,570,463,"00, CASERNE (RUE DE LA )",49.12602,6.17903,Plein jour,En agglomération,Intersection en T,Normale,Deux véhicules - côté,,,,,,,,,,,1,2,3,1,3
201500029249,0015-05-05 11:45:00,15,5,5,11,45,570,463,"4, SAINT VINCENT DE PAUL",49.11941,6.19744,Plein jour,En agglomération,Hors intersection,Normale,Autre collision,,,,,,,,,,,1,2,1,1,6
201500029250,0015-05-13 07:10:00,15,5,13,7,10,570,751,"00, HENRY DE LADONCHAMPS",49.15241,6.14894,Plein jour,Hors agglomération,Giratoire,Normale,Deux véhicules - côté,,,,,,,,,,,1,1,6,1,3
201500029251,0015-05-13 14:16:00,15,5,13,14,16,570,463,"4, LYON (AVENUE DE )",49.12128,6.1947,Plein jour,En agglomération,Intersection en T,Normale,Deux véhicules - côté,,,,,,,,,,,1,2,3,1,3
201500029252,0015-05-16 05:35:00,15,5,16,5,35,570,642,"87, LIBERTE (VOIE DE LA)",49.10839,6.1208,Plein jour,En agglomération,Intersection en T,Normale,Autre collision,,,,,,,,,,,1,2,3,1,6
201500029253,0015-05-18 15:25:00,15,5,18,15,25,570,463,"105, ANDRE MALRAUX (AVEN",49.09992,6.18027,Plein jour,En agglomération,Intersection en T,Normale,Deux véhicules - côté,,,,,,,,,,,1,2,3,1,3
201500029254,0015-05-21 07:35:00,15,5,21,7,35,570,463,"103, LORRY (ROUTE DE )",49.13453,6.15089,Plein jour,En agglomération,Intersection en X,Normale,Autre collision,,,,,,,,,,,1,2,2,1,6
201500029255,0015-05-20 20:10:00,15,5,20,20,10,570,463,"38, WOIPPY (ROUTE  DE )",49.13312,6.16454,Plein jour,En agglomération,Hors intersection,Normale,Deux véhicules - côté,,,,,,,,,,,1,2,1,1,3
201500029256,0015-05-21 14:15:00,15,5,21,14,15,570,463,"4, PONT SAINT MARCEL (RU",49.12172,6.17007,Plein jour,En agglomération,Intersection en T,Normale,Autre collision,,,,,,,,,,,1,2,3,1,6
201500029257,0015-05-24 13:47:00,15,5,24,13,47,570,463,"5, ARSENAL (RUE  DE L')",49.12284,6.17947,Plein jour,Hors agglomération,Hors intersection,Normale,Autre collision,,,,,,,,,,,1,1,1,1,6
201500029258,0015-06-02 10:15:00,15,6,2,10,15,570,463,"5, LAFAYETTE (RUE )",49.10891,6.17466,Plein jour,En agglomération,Hors intersection,Normale,Deux véhicules - côté,,,,,,,,,,,1,2,1,1,3
201500029259,0015-06-02 19:45:00,15,6,2,19,45,570,487,"00, RD 157B",49.09544,6.11913,Plein jour,En agglomération,Intersection en Y,Normale,Deux véhicules - côté,,,,,,,,,,,1,2,4,1,3
201500029260,0015-06-06 18:28:00,15,6,6,18,28,570,463,"00, REPUBLIQUE (PLACE DE",49.11483,6.17227,Plein jour,Hors agglomération,Place,Temps éblouissant,Autre collision,,,,,,,,,,,1,1,7,7,6
201500029261,0015-06-08 07:25:00,15,6,8,7,25,570,480,GENERAL FRANIATTE (RUE D,49.09147,6.15525,Plein jour,En agglomération,Intersection en T,Normale,Deux véhicules - frontale,,,,,,,,,,,1,2,3,1,1