accident_id,datetime,annee,mois,jour,heure,minute,departement,commune_insee,adresse,latitude,longitude,luminosite,agglomeration,intersection,meteo,collision,nb_vehicules,nb_usagers,nb_indemnes,nb_tues,nb_blesses_hosp,nb_blesses_legers,age_cond_1,age_cond_2,veh_type_cond_1,veh_type_cond_2,lum_code,agg_code,int_code,atm_code,col_code
201500029385,0015-09-07 17:05:00,15,9,7,17,5,570,672,VOLKRANGE (ROUTE DE),49.3514,6.08912,Plein jour,Hors agglomération,Hors intersection,Normale,Deux véhicules - frontale,,,,,,,,,,,1,1,1,1,1
201500029386,0015-09-09 10:10:00,15,9,9,10,10,570,757,"43, Nations (Avenue)",49.35812,6.18909,Plein jour,En agglomération,Hors intersection,Normale,Deux véhicules - côté,,,,,,,,,,,1,2,1,1,3
201500029387,0015-09-21 16:51:00,15,9,21,16,51,570,672,"7, VOLKRANGE (ROUTE DE)",49.36477,6.09213,Plein jour,En agglomération,Hors intersection,Normale,Autre collision,,,,,,,,,,,1,2,1,1,6
201500029388,0015-09-23 21:11:00,15,9,23,21,11,570,672,"22, OCEANIE (CHAUSSEE D'",49.36809,6.15733,Nuit avec éclairage allumé,En agglomération,Intersection en X,Temps couvert,Deux véhicules - côté,,,,,,,,,,,5,2,2,8,3
201500029389,0015-09-28 14:40:00,15,9,28,14,40,570,672,"30, Bld Robert Schuman",49.35354,6.17895,Plein jour,En agglomération,Hors intersection,Normale,Deux véhicules - côté,,,,,,,,,,,1,2,1,1,3
201500029390,0015-10-01 22:05:00,15,10,1,22,5,570,441,MAISON  ROUGE (ROUTE DE),49.38983,6.16857,Nuit sans éclairage public,Hors agglomération,Hors intersection,Normale,Autre collision,,,,,,,,,,,3,1,1,1,6
201500029391,0015-10-03 14:25:00,15,10,3,14,25,570,672,"1, ESCH SUR ALZETTE (ROU",49.35646,6.14333,Plein jour,En agglomération,Hors intersection,Normale,Deux véhicules - côté,,,,,,,,,,,1,2,1,1,3
201500029392,0015-10-08 19:25:00,15,10,8,19,25,570,672,"1, ALBERT 1ER (AVENUE) -",49.36,6.17089,Nuit avec éclairage allumé,En agglomération,Hors intersection,Normale,Deux véhicules - côté,,,,,,,,,,,5,2,1,1,3
201500029393,0015-10-10 19:10:00,15,10,10,19,10,570,221,"2, METZ (ROUTE DE)",49.31917,6.1559,Nuit sans éclairage public,En agglomération,Hors intersection,Normale,Autre collision,,,,,,,,,,,3,2,1,1,6
201500029394,0015-10-21 07:30:00,15,10,21,7,30,570,672,"50, DE GAULLE (AVENUE CH",49.36222,6.17392,Crépuscule ou aube,En agglomération,Hors intersection,Normale,Autre collision,,,,,,,,,,,2,2,1,1,6
201500029395,0015-10-24 18:25:00,15,10,24,18,25,570,672,"1, ARLON (ROUTE DE)",49.36331,6.11137,Plein jour,En agglomération,Giratoire,Normale,Sans collision,,,,,,,,,,,1,2,6,1,7
201500029396,0015-11-03 07:55:00,15,11,3,7,55,570,368,"112, REPUBLIQUE (RUE DE",49.34253,6.03501,Plein jour,En agglomération,Hors intersection,Normale,Autre collision,,,,,,,,,,,1,2,1,1,6
201500029397,0015-11-06 16:10:00,15,11,6,16,10,570,672,"1, OCEANIE (CHAUSSEE D')",49.36548,6.15217,Plein jour,En agglomération,Hors intersection,Normale,Autre collision,,,,,,,,,,,1,2,1,1,6
201500029398,0015-11-06 16:35:00,15,11,6,16,35,570,757,"150, ROOSEVELT (RUE DU P",49.3481,6.19356,Plein jour,En agglomération,Intersection en X,Normale,Deux véhicules - côté,,,,,,,,,,,1,2,2,1,3
201500029399,0015-11-06 18:10:00,15,11,6,18,10,570,221,"91, LORRAINE (AVENUE DE)",49.32631,6.12646,Nuit avec éclairage allumé,En agglomération,Hors intersection,Pluie légère,Autre collision,,,,,,,,,,,5,2,1,2,6
201500029400,0015-11-07 10:00:00,15,11,7,10,0,570,672,"51, GARCHE (ROUTE DE)",49.39552,6.19602,Plein jour,Hors agglomération,Hors intersection,Normale,Autre collision,,,,,,,,,,,1,1,1,1,6
201500029401,0015-11-17 07:52:00,15,11,17,7,52,570,672,"1, ROMAINS (ROUTE DS)",49.36435,6.14124,Plein jour,En agglomération,Hors intersection,Pluie légère,Autre collision,,,,,,,,,,,1,2,1,2,6
201500029402,0015-11-19 17:30:00,15,11,19,17,30,570,672,"42, GUISE (AVENUE DE) -",49.36558,6.16602,Nuit avec éclairage allumé,En agglomération,Hors intersection,Pluie légère,Autre collision,,,,,,,,,,,5,2,1,2,6
201500029403,0015-11-20 12:20:00,15,11,20,12,20,570,672,"24, MARECHAL JOFFRE (RUE",49.35403,6.1598,Plein jour,En agglomération,Hors intersection,Pluie forte,Autre collision,,,,,,,,,,,1,2,1,3,6
201500029404,0015-11-24 17:20:00,15,11,24,17,20,570,368,"1, REPUBLIQUE (RUE DE LA",49.33697,6.04684,Nuit avec éclairage non allumé,En agglomération,Hors intersection,Normale,Autre collision,,,,,,,,,,,4,2,1,1,6
201500029405,0015-11-28 17:30:00,15,11,28,17,30,570,672,"1, MARCHAL (QUAI)",49.35791,6.16939,Nuit avec éclairage allumé,En agglomération,Hors intersection,Normale,Autre collision,,,,,,,,,,,5,2,1,1,6
201500029406,0015-12-01 07:50:00,15,12,1,7,50,570,672,"63, FOCH (BOULEVARD)",49.35961,6.16285,Crépuscule ou aube,Hors agglomération,Hors intersection,Pluie légère,Autre collision,,,,,,,,,,,2,1,1,2,6
201500029407,0015-12-01 10:35:00,15,12,1,10,35,570,672,"2, LUXEMBOURG (PLACE DU)",49.35925,6.17054,Plein jour,En agglomération,Hors intersection,Pluie légère,Autre collision,,,,,,,,,,,1,2,1,2,6
201500029408,0015-12-03 12:06:00,15,12,3,12,6,570,306,"31, WENDEL (RUE DE)",49.32744,6.06865,Plein jour,En agglomération,Intersection en T,Normale,Deux véhicules - côté,,,,,,,,,,,1,2,3,1,3
201500029409,0015-12-08 16:30:00,15,12,8,16,30,570,672,"18, GUISE (AVENUE DE) -",49.36428,6.16324,Crépuscule ou aube,En agglomération,Hors intersection,Normale,Autre collision,,,,,,,,,,,2,2,1,1,6
201500029410,0015-12-09 09:55:00,15,12,9,9,55,570,672,"2, STRASBOURG (RUE DE)",49.3553,6.16195,Plein jour,En agglomération,Hors intersection,Normale,Autre collision,,,,,,,,,,,1,2,1,1,6
201500029411,0015-12-14 08:05:00,15,12,14,8,5,570,508,ALGRANGE (RUE D'),49.34578,6.03777,Crépuscule ou aube,Hors agglomération,Hors intersection,Normale,Deux véhicules - frontale,,,,,,,,,,,2,1,1,1,1
201500029412,0015-12-16 18:25:00,15,12,16,18,25,570,666,"1, HAUTE (RUE)",49.34506,6.13365,Nuit avec éclairage allumé,En agglomération,Intersection en T,Pluie légère,Autre collision,,,,,,,,,,,5,2,3,2,6
201500029413,0015-12-19 17:16:00,15,12,19,17,16,570,757,ILLANGE (ROUTE D'),49.34906,6.17649,Nuit avec éclairage allumé,En agglomération,Giratoire,Normale,Deux véhicules - côté,,,,,,,,,,,5,2,6,1,3
201500029414,0015-12-27 19:00:00,15,12,27,19,0,570,672,"72, METZ (ROUTE DE)",49.34302,6.16096,Nuit avec éclairage allumé,En agglomération,Hors intersection,Normale,Autre collision,,,,,,,,,,,5,2,1,1,6
201500029415,0015-08-29 13:15:00,15,8,29,13,15,330,332,,45.03389,0.00744,Plein jour,Hors agglomération,Intersection en T,Normale,Deux véhicules - côté,,,,,,,,,,,1,1,3,1,3
201500029416,0015-01-30 19:45:00,15,1,30,19,45,110,68,,43.1797,2.56443,Nuit sans éclairage public,Hors agglomération,Hors intersection,Pluie légère,Trois véhicules et plus - en chaîne,,,,,,,,,,,3,1,1,2,4
201500029417,0015-04-11 02:45:00,15,4,11,2,45,110,151,,43.19208,2.45508,Nuit sans éclairage public,Hors agglomération,Hors intersection,Normale,Deux véhicules - arrière,,,,,,,,,,,3,1,1,1,2
201500029418,0015-07-09 05:15:00,15,7,9,5,15,110,69,,43.20146,2.27605,Crépuscule ou aube,Hors agglomération,Hors intersection,Normale,Autre collision,,,,,,,,,,,2,1,1,1,6
201500029419,0015-08-01 13:00:00,15,8,1,13,0,110,69,,43.18636,2.39802,Plein jour,Hors agglomération,Hors intersection,Normale,Deux véhicules - côté,,,,,,,,,,,1,1,1,1,3
201500029420,0015-08-10 10:45:00,15,8,10,10,45,110,69,,43.19144,2.37598,Crépuscule ou aube,Hors agglomération,Hors intersection,Normale,Trois véhicules et plus - collisions multiples,,,,,,,,,,,2,1,1,1,5
201500029421,0015-11-30 12:15:00,15,11,30,12,15,110,69,,43.18716,2.40245,Plein jour,Hors agglomération,Hors intersection,Normale,Deux véhicules - arrière,,,,,,,,,,,1,1,1,1,2
201500029422,0015-12-17 18:30:00,15,12,17,18,30,110,76,,43.28695,1.95116,Nuit sans éclairage public,Hors agglomération,Hors intersection,Normale,Trois véhicules et plus - collisions multiples,,,,,,,,,,,3,1,1,1,5
201500029423,0015-05-10 17:30:00,15,5,10,17,30,570,371,,,,Plein jour,Hors agglomération,Autre intersection,Normale,Deux véhicules - côté,,,,,,,,,,,1,1,9,1,3
201500029424,0015-11-01 11:15:00,15,11,1,11,15,570,437,,,,Plein jour,Hors agglomération,Hors intersection,Brouillard / fumée,Deux véhicules - frontale,,,,,,,,,,,1,1,1,5,1
201500029425,0015-11-02 18:00:00,15,11,2,18,0,570,740,,,,Nuit sans éclairage public,Hors agglomération,Hors intersection,Brouillard / fumée,Deux véhicules - frontale,,,,,,,,,,,3,1,1,5,1
201500029426,0015-12-24 18:30:00,15,12,24,18,30,570,371,,,,Nuit sans éclairage public,Hors agglomération,Hors intersection,Pluie légère,Deux véhicules - frontale,,,,,,,,,,,3,1,1,2,1
201500029427,0015-07-06 18:00:00,15,7,6,18,0,860,100,,,,Plein jour,Hors agglomération,Hors intersection,Temps éblouissant,Trois véhicules et plus - en chaîne,,,,,,,,,,,1,1,1,7,4
201500029428,0015-03-05 15:50:00,15,3,5,15,50,580,194,MARECHAL JUIN,47.4,3.09,Plein jour,En agglomération,Hors intersection,Normale,Deux véhicules - arrière,,,,,,,,,,,1,2,1,1,2
201500029429,0015-03-23 08:20:00,15,3,23,8,20,580,194,"sans, ARDENETS",,,Plein jour,En agglomération,Intersection en T,Normale,Deux véhicules - côté,,,,,,,,,,,1,2,3,1,3
201500029430,0015-03-25 12:15:00,15,3,25,12,15,580,194,"sans, PIERRE EMILE GASPA",,,Plein jour,En agglomération,Hors intersection,Normale,Autre collision,,,,,,,,,,,1,2,1,1,6
201500029431,0015-01-09 20:15:00,15,1,9,20,15,580,194,COLBERT,,,Nuit avec éclairage allumé,En agglomération,Hors intersection,Pluie légère,Sans collision,,,,,,,,,,,5,2,1,2,7
201500029432,0015-03-26 20:55:00,15,3,26,20,55,580,194,"sans, MARINIERS (QUAI)",,,Nuit avec éclairage allumé,En agglomération,Hors intersection,Pluie légère,Sans collision,,,,,,,,,,,5,2,1,2,7
201500029433,0015-03-26 07:55:00,15,3,26,7,55,580,194,"35, SAINT BENIN",,,Plein jour,En agglomération,Hors intersection,Normale,Deux véhicules - côté,,,,,,,,,,,1,2,1,1,3
201500029434,0015-03-31 15:10:00,15,3,31,15,10,580,194,PONT CIZEAU,,,Plein jour,En agglomération,Intersection en T,Normale,Deux véhicules - côté,,,,,,,,,,,1,2,3,1,3
201500029435,0015-12-28 17:25:00,15,12,28,17,25,580,194,"SANS, GRAND PRE DES BORD",46.99174,3.12342,Nuit avec éclairage allumé,En agglomération,Hors intersection,Normale,Deux véhicules - frontale,,,,,,,,,,,5,2,1,1,1
201500029436,0015-04-10 11:10:00,15,4,10,11,10,580,194,"SANS, SAINT EXUPERY (BOU",,,Plein jour,En agglomération,Intersection en X,Normale,Autre collision,,,,,,,,,,,1,2,2,1,6
201500029437,0015-04-15 16:00:00,15,4,15,16,0,580,194,"52, MONTAPINS",,,Plein jour,En agglomération,Intersection en X,Normale,Autre collision,,,,,,,,,,,1,2,2,1,6
201500029438,0015-04-10 07:05:00,15,4,10,7,5,580,194,"SANS, MARECHAL LECLERC",,,Plein jour,En agglomération,Hors intersection,Normale,Sans collision,,,,,,,,,,,1,2,1,1,7
201500029439,0015-12-17 09:00:00,15,12,17,9,0,580,194,"SANS, PISSEROTTE (BOULEV",46.9704,3.12877,Plein jour,En agglomération,Hors intersection,Pluie légère,Sans collision,,,,,,,,,,,1,2,1,2,7
201500029440,0015-01-02 09:45:00,15,1,2,9,45,580,194,MADEMOISELLE BOURGEOIS,,,Plein jour,En agglomération,Hors intersection,Temps couvert,Deux véhicules - frontale,,,,,,,,,,,1,2,1,8,1
201500029441,0015-04-15 11:55:00,15,4,15,11,55,580,194,"21, SAULAIES (ROUTE)",,,Plein jour,En agglomération,Hors intersection,Normale,Autre collision,,,,,,,,,,,1,2,1,1,6
201500029442,0015-12-20 17:00:00,15,12,20,17,0,580,194,"sans, MARECHAL JUIN",,,Plein jour,En agglomération,Hors intersection,Normale,Sans collision,,,,,,,,,,,1,2,1,1,7
201500029443,0015-04-18 10:45:00,15,4,18,10,45,580,194,"SANS, BERNARD PALISSY",,,Plein jour,En agglomération,Hors intersection,Normale,Deux véhicules - côté,,,,,,,,,,,1,2,1,1,3
201500029444,0015-02-05 09:40:00,15,2,5,9,40,580,194,"sans, ESTUTT DE TRACY",,,Plein jour,En agglomération,Hors intersection,Normale,Sans collision,,,,,,,,,,,1,2,1,1,7
201500029445,0015-04-17 16:10:00,15,4,17,16,10,580,194,"SANS, JEROME TRESAGUET",46.9968,3.14794,Plein jour,En agglomération,Hors intersection,Normale,Sans collision,,,,,,,,,,,1,2,1,1,7
201500029446,0015-05-07 07:50:00,15,5,7,7,50,580,194,PONT DE LOIRE,46.98483,3.15794,Plein jour,Hors agglomération,Hors intersection,Normale,Autre collision,,,,,,,,,,,1,1,1,1,6
201500029447,0015-04-23 18:10:00,15,4,23,18,10,580,194,"SANS, ALFRED BRISSET",,,Plein jour,En agglomération,Intersection en X,Normale,Deux véhicules - côté,,,,,,,,,,,1,2,2,1,3
201500029448,0015-02-19 13:50:00,15,2,19,13,50,580,194,"sans, AMIRAL JACQUINOT",,,Plein jour,En agglomération,Hors intersection,Normale,Sans collision,,,,,,,,,,,1,2,1,1,7
201500029449,0015-05-21 13:35:00,15,5,21,13,35,580,194,"SANS, PRE PLANTIN (BOULE",,,Plein jour,En agglomération,Hors intersection,Normale,Sans collision,,,,,,,,,,,1,2,1,1,7
201500029450,0015-05-19 18:20:00,15,5,19,18,20,580,194,"sans, COLBERT",,,Plein jour,En agglomération,Hors intersection,Normale,Sans collision,,,,,,,,,,,1,2,1,1,7
201500029451,0015-06-07 13:20:00,15,6,7,13,20,580,194,"SANS, CLAUDE TILLIER",46.98805,3.15349,Plein jour,En agglomération,Autre intersection,Normale,Autre collision,,,,,,,,,,,1,2,9,1,6
201500029452,0015-06-07 13:55:00,15,6,7,13,55,580,194,"SANS, RESISTANCE (SQUARE",46.99269,3.16039,Plein jour,En agglomération,Hors intersection,Normale,Autre collision,,,,,,,,,,,1,2,1,1,6
201500029453,0015-06-09 08:20:00,15,6,9,8,20,580,194,REPUBLIQUE (BOULEVARD),46.99262,3.17146,Plein jour,En agglomération,Hors intersection,Normale,Sans collision,,,,,,,,,,,1,2,1,1,7
201500029454,0015-06-18 16:15:00,15,6,18,16,15,580,194,"57, MARZY",46.98756,3.13768,Plein jour,En agglomération,Hors intersection,Normale,Deux véhicules - frontale,,,,,,,,,,,1,2,1,1,1
201500029455,0015-06-23 11:15:00,15,6,23,11,15,580,194,"SANS, CHEMIN DE FER",,,Plein jour,En agglomération,Hors intersection,Normale,Sans collision,,,,,,,,,,,1,2,1,1,7
201500029456,0015-05-13 14:05:00,15,5,13,14,5,580,194,"16TER, LOURDES",46.99159,3.15481,Plein jour,En agglomération,Hors intersection,Normale,Autre collision,,,,,,,,,,,1,2,1,1,6
201500029457,0015-07-07 08:25:00,15,7,7,8,25,580,194,"21, TREIZIEME DE LIGNE",,,Plein jour,En agglomération,Hors intersection,Normale,Sans collision,,,,,,,,,,,1,2,1,1,7
201500029458,0015-07-09 11:15:00,15,7,9,11,15,580,194,"SANS, ARDILLIERS",46.99172,3.16128,Plein jour,En agglomération,Hors intersection,Normale,Autre collision,,,,,,,,,,,1,2,1,1,6
201500029459,0015-06-26 15:30:00,15,6,26,15,30,580,194,"1, MARCEAU",46.99233,3.15971,Plein jour,En agglomération,Intersection en X,Normale,Autre collision,,,,,,,,,,,1,2,2,1,6
201500029460,0015-07-14 09:55:00,15,7,14,9,55,580,194,"SANS, RAIE",46.98288,3.13179,Plein jour,En agglomération,Hors intersection,Normale,Autre collision,,,,,,,,,,,1,2,1,1,6
201500029461,0015-07-11 09:02:00,15,7,11,9,2,580,194,"SANS, REPUBLIQUE (BOULEV",46.98995,3.16845,Plein jour,En agglomération,Intersection en X,Normale,Deux véhicules - côté,,,,,,,,,,,1,2,2,1,3
201500029462,0015-07-17 09:45:00,15,7,17,9,45,580,194,"SANS, CHARLES ROY",46.9948,3.16258,Plein jour,En agglomération,Hors intersection,Normale,Autre collision,,,,,,,,,,,1,2,1,1,6
201500029463,0015-07-03 12:10:00,15,7,3,12,10,580,194,"SANS, MADEMOISELLE BOURG",46.99514,3.16815,Plein jour,En agglomération,Giratoire,Normale,Deux véhicules - côté,,,,,,,,,,,1,2,6,1,3
201500029464,0015-07-10 15:15:00,15,7,10,15,15,580,194,"SANS, FONTAINE D'ARGENT",46.99263,3.14839,Plein jour,En agglomération,Giratoire,Normale,Deux véhicules - côté,,,,,,,,,,,1,2,6,1,3
201500029465,0015-07-18 13:10:00,15,7,18,13,10,580,194,"7, ANDRE PIAUT",46.98635,3.13581,Plein jour,En agglomération,Hors intersection,Normale,Autre collision,,,,,,,,,,,1,2,1,1,6
201500029466,0015-07-12 21:20:00,15,7,12,21,20,580,194,"SANS, PONT DE LOIRE",46.98364,3.15878,Crépuscule ou aube,En agglomération,Hors intersection,Normale,Deux véhicules - arrière,,,,,,,,,,,2,2,1,1,2
201500029467,0015-07-25 04:25:00,15,7,25,4,25,580,194,"sans, SAULAIES (ROUTE)",46.98271,3.14828,Nuit avec éclairage allumé,En agglomération,Hors intersection,Normale,Sans collision,,,,,,,,,,,5,2,1,1,7
201500029468,0015-07-31 07:50:00,15,7,31,7,50,580,194,GENERAL DE GAULLE,,,Plein jour,En agglomération,Hors intersection,Normale,Autre collision,,,,,,,,,,,1,2,1,1,6
201500029469,0015-08-06 13:50:00,15,8,6,13,50,580,194,MONTE CASSINO (ROND POIN,46.9881,3.12449,Plein jour,En agglomération,Hors intersection,Normale,Sans collision,,,,,,,,,,,1,2,1,1,7
201500029470,0015-08-06 14:15:00,15,8,6,14,15,580,194,"sans, HENRI BOUQUILLARD",,,Plein jour,En agglomération,Hors intersection,Normale,Deux véhicules - arrière,,,,,,,,,,,1,2,1,1,2
201500029471,0015-08-11 16:15:00,15,8,11,16,15,580,194,GRAND PRE DES BORDES,,,Plein jour,En agglomération,Hors intersection,Normale,Deux véhicules - arrière,,,,,,,,,,,1,2,1,1,2
201500029472,0015-08-13 17:05:00,15,8,13,17,5,580,194,"SANS, PIERRE DE COUBERTI",,,Plein jour,En agglomération,Hors intersection,Normale,Deux véhicules - arrière,,,,,,,,,,,1,2,1,1,2
201500029473,0015-08-20 21:25:00,15,8,20,21,25,580,194,"SANS, JEAN MOULIN",46.9847,3.17778,Nuit avec éclairage allumé,En agglomération,Intersection en T,Normale,Deux véhicules - côté,,,,,,,,,,,5,2,3,1,3
201500029474,0015-08-22 17:20:00,15,8,22,17,20,580,194,"5, MAURICE RAVEL (PLACE)",,,Plein jour,En agglomération,Hors intersection,Normale,Autre collision,,,,,,,,,,,1,2,1,1,6
201500029475,0015-08-31 16:55:00,15,8,31,16,55,580,194,PAUL VAILLANT COUTURIER,,,Plein jour,En agglomération,Hors intersection,Normale,Deux véhicules - côté,,,,,,,,,,,1,2,1,1,3
201500029476,0015-08-29 12:00:00,15,8,29,12,0,580,194,"sans, TREIZIEME DE LIGNE",,,Plein jour,En agglomération,Hors intersection,Normale,Trois véhicules et plus - collisions multiples,,,,,,,,,,,1,2,1,1,5
201500029477,0015-07-30 22:15:00,15,7,30,22,15,580,194,"61, MARZY",46.98751,3.13738,Nuit avec éclairage allumé,En agglomération,Hors intersection,Normale,Autre collision,,,,,,,,,,,5,2,1,1,6
201500029478,0015-09-05 16:15:00,15,9,5,16,15,580,194,PETIT MOUESSE,,,Plein jour,En agglomération,Hors intersection,Normale,Sans collision,,,,,,,,,,,1,2,1,1,7
201500029479,0015-09-09 10:45:00,15,9,9,10,45,580,194,"10, GAMBETTA",46.99067,3.15902,Plein jour,En agglomération,Hors intersection,Normale,Autre collision,,,,,,,,,,,1,2,1,1,6
201500029480,0015-09-06 14:15:00,15,9,6,14,15,580,194,HENRI BARBUSSE,,,Plein jour,En agglomération,Hors intersection,Normale,Sans collision,,,,,,,,,,,1,2,1,1,7
201500029481,0015-09-15 14:20:00,15,9,15,14,20,580,194,"SANS, CHAMP DE FOIRE (PL",,,Plein jour,En agglomération,Hors intersection,Normale,Deux véhicules - frontale,,,,,,,,,,,1,2,1,1,1
201500029482,0015-09-18 15:30:00,15,9,18,15,30,580,194,RENE MARLIN (CARREFOUR),,,Plein jour,En agglomération,Hors intersection,Normale,Sans collision,,,,,,,,,,,1,2,1,1,7
201500029483,0015-09-24 15:00:00,15,9,24,15,0,580,194,"SANS, JEAN GAUTHERIN",,,Plein jour,En agglomération,Hors intersection,Normale,Deux véhicules - frontale,,,,,,,,,,,1,2,1,1,1
201500029484,0015-09-23 17:40:00,15,9,23,17,40,580,194,"SANS, JEAN MOULIN",46.9845,3.17802,Plein jour,En agglomération,Hors intersection,Normale,Autre collision,,,,,,,,,,,1,2,1,1,6
201500029485,0015-10-09 07:35:00,15,10,9,7,35,580,194,"SANS, SAINT EXUPERY (BOU",47.00409,3.15681,Plein jour,En agglomération,Hors intersection,Normale,Deux véhicules - côté,,,,,,,,,,,1,2,1,1,3
201500029486,0015-10-12 15:00:00,15,10,12,15,0,580,194,"sans, PIERRE BEREGOVOY",,,Plein jour,En agglomération,Hors intersection,Normale,Sans collision,,,,,,,,,,,1,2,1,1,7
201500029487,0015-10-02 12:00:00,15,10,2,12,0,580,194,"SANS, CHAUVELLES",46.99727,3.15898,Plein jour,En agglomération,Hors intersection,Normale,Autre collision,,,,,,,,,,,1,2,1,1,6
201500029488,0015-10-17 15:55:00,15,10,17,15,55,580,194,"SANS, MONTOTS",46.99259,3.13544,Plein jour,En agglomération,Intersection en X,Normale,Deux véhicules - côté,,,,,,,,,,,1,2,2,1,3
201500029489,0015-10-27 16:30:00,15,10,27,16,30,580,194,"sans, PRES",47.00004,3.18474,Plein jour,En agglomération,Hors intersection,Normale,Sans collision,,,,,,,,,,,1,2,1,1,7
201500029490,0015-10-30 16:40:00,15,10,30,16,40,580,194,FRANCIS GARNIER,,,Plein jour,En agglomération,Hors intersection,Normale,Deux véhicules - côté,,,,,,,,,,,1,2,1,1,3
201500029491,0015-11-04 15:35:00,15,11,4,15,35,580,194,"sans, VICTOR HUGO (BOULE",46.99712,3.15371,Plein jour,En agglomération,Hors intersection,Normale,Autre collision,,,,,,,,,,,1,2,1,1,6
201500029492,0015-11-12 13:55:00,15,11,12,13,55,580,194,"sans, COBLENCE",,,Plein jour,En agglomération,Hors intersection,Normale,Deux véhicules - frontale,,,,,,,,,,,1,2,1,1,1
201500029493,0015-11-04 19:00:00,15,11,4,19,0,580,194,"sans, PIERRE EMILE GASPA",,,Plein jour,En agglomération,Hors intersection,Normale,Deux véhicules - côté,,,,,,,,,,,1,2,1,1,3
201500029494,0015-11-12 12:15:00,15,11,12,12,15,580,194,"SANS, MARECHAL LYAUTEY",46.99292,3.12897,Plein jour,En agglomération,Hors intersection,Normale,Autre collision,,,,,,,,,,,1,2,1,1,6
201500029495,0015-11-18 15:15:00,15,11,18,15,15,580,194,"SANS, MARECHAL JUIN",,,Plein jour,En agglomération,Hors intersection,Normale,Autre collision,,,,,,,,,,,1,2,1,1,6
201500029496,0015-11-24 07:15:00,15,11,24,7,15,580,194,CROIX JOYEUSE (CARREFOUR,,,Plein jour,En agglomération,Hors intersection,Normale,Autre collision,,,,,,,,,,,1,2,1,1,6
201500029497,0015-11-25 12:20:00,15,11,25,12,20,580,194,"SANS, BOIS D'ARDENET",46.98206,3.13377,Plein jour,En agglomération,Hors intersection,Pluie légère,Sans collision,,,,,,,,,,,1,2,1,2,7
201500029498,0015-11-25 13:20:00,15,11,25,13,20,580,194,CHARLEVILLE,,,Plein jour,En agglomération,Hors intersection,Pluie légère,Deux véhicules - frontale,,,,,,,,,,,1,2,1,2,1
201500029499,0015-11-08 18:15:00,15,11,8,18,15,580,194,"SANS, JEAN MOULIN",46.98777,3.17727,Nuit avec éclairage allumé,En agglomération,Hors intersection,Normale,Deux véhicules - frontale,,,,,,,,,,,5,2,1,1,1
201500029500,0015-12-04 11:15:00,15,12,4,11,15,580,194,"sans, CARNOT (PLACE)",,,Plein jour,En agglomération,Hors intersection,Normale,Sans collision,,,,,,,,,,,1,2,1,1,7
201500029501,0015-12-04 12:50:00,15,12,4,12,50,580,194,"sans, BERNARD PALISSY",,,Plein jour,En agglomération,Hors intersection,Normale,Deux véhicules - arrière,,,,,,,,,,,1,2,1,1,2
201500029502,0015-11-18 23:15:00,15,11,18,23,15,580,194,"SANS, BERNARD PALISSY",46.9856,3.17452,Nuit avec éclairage allumé,En agglomération,Intersection en T,Pluie légère,Deux véhicules - côté,,,,,,,,,,,5,2,3,2,3
201500029503,0015-12-04 17:40:00,15,12,4,17,40,580,194,"14, DOCTEUR LEVEILLE",47.00128,3.1458,Nuit avec éclairage allumé,En agglomération,Hors intersection,Temps couvert,Autre collision,,,,,,,,,,,5,2,1,8,6
201500029504,0015-12-02 12:00:00,15,12,2,12,0,580,194,"SANS, PAUL VAILLANT COUT",46.99331,3.15685,Plein jour,En agglomération,Intersection en T,Normale,Deux véhicules - côté,,,,,,,,,,,1,2,3,1,3
201500029505,0015-12-07 15:05:00,15,12,7,15,5,580,194,"57, MARZY",46.98819,3.11915,Plein jour,En agglomération,Hors intersection,Normale,Autre collision,,,,,,,,,,,1,2,1,1,6
201500029506,0015-11-14 13:54:00,15,11,14,13,54,580,194,"26, ROMAIN BARON",46.98227,3.12696,Plein jour,En agglomération,Hors intersection,Normale,Deux véhicules - frontale,,,,,,,,,,,1,2,1,1,1
201500029507,0015-12-07 18:20:00,15,12,7,18,20,580,194,"sans, HENRI BOUQUILLARD",,,Crépuscule ou aube,En agglomération,Hors intersection,Normale,Deux véhicules - frontale,,,,,,,,,,,2,2,1,1,1
201500029508,0015-12-12 10:25:00,15,12,12,10,25,580,194,"sans, MARZY",,,Plein jour,En agglomération,Hors intersection,Normale,Deux véhicules - côté,,,,,,,,,,,1,2,1,1,3
201500029509,0015-12-13 21:55:00,15,12,13,21,55,580,194,"SANS, VERNAI (IMPASSE)",46.9852,3.18798,Nuit avec éclairage allumé,En agglomération,Hors intersection,Normale,Sans collision,,,,,,,,,,,5,2,1,1,7
201500029510,0015-01-07 14:30:00,15,1,7,14,30,580,194,"95, GRAND MOUESSE (FAUBO",,,Plein jour,En agglomération,Hors intersection,Pluie légère,Autre collision,,,,,,,,,,,1,2,1,2,6
201500029511,0015-01-09 17:10:00,15,1,9,17,10,580,194,"sans, GENERAL DE GAULLE",,,Crépuscule ou aube,En agglomération,Giratoire,Pluie légère,Autre collision,,,,,,,,,,,2,2,6,2,6
201500029512,0015-01-17 10:25:00,15,1,17,10,25,580,194,"SANS, COLBERT",,,Plein jour,En agglomération,Hors intersection,Normale,Autre collision,,,,,,,,,,,1,2,1,1,6