accident_id,datetime,annee,mois,jour,heure,minute,departement,commune_insee,adresse,latitude,longitude,luminosite,agglomeration,intersection,meteo,collision,nb_vehicules,nb_usagers,nb_indemnes,nb_tues,nb_blesses_hosp,nb_blesses_legers,age_cond_1,age_cond_2,veh_type_cond_1,veh_type_cond_2,lum_code,agg_code,int_code,atm_code,col_code
201500029644,0015-05-17 17:50:00,15,5,17,17,50,590,24,MOULIN BLANC PROLONGEE(R,50.32229,3.24176,Plein jour,Hors agglomération,Hors intersection,Normale,Sans collision,,,,,,,,,,,1,1,1,1,7
201500029645,0015-04-02 21:40:00,15,4,2,21,40,590,489,"87, PLANTY (RUE DU)",,,Nuit avec éclairage allumé,En agglomération,Hors intersection,Normale,Deux véhicules - frontale,,,,,,,,,,,5,2,1,1,1
201500029646,0015-12-23 19:00:00,15,12,23,19,0,590,227,"04, HUGO VICTOR(RUE)",,,Nuit avec éclairage allumé,En agglomération,Intersection en X,Normale,Autre collision,,,,,,,,,,,5,2,2,1,6
201500029647,0015-04-14 22:45:00,15,4,14,22,45,590,178,R.D 643,,,Nuit avec éclairage allumé,En agglomération,Intersection en X,Normale,Deux véhicules - côté,,,,,,,,,,,5,2,2,1,3
201500029648,0015-12-31 14:30:00,15,12,31,14,30,590,178,"455, FAUBOURG DE PARIS (",50.35241,3.08563,Plein jour,En agglomération,Hors intersection,Normale,Trois véhicules et plus - collisions multiples,,,,,,,,,,,1,2,1,1,5
201500029649,0015-05-24 14:50:00,15,5,24,14,50,590,234,RD 120 (Z.I DES PRES LOR,,,Plein jour,Hors agglomération,Intersection en T,Normale,Deux véhicules - côté,,,,,,,,,,,1,1,3,1,3
201500029650,0015-05-08 14:45:00,15,5,8,14,45,590,456,D ORVES ESTIENNES(RUE),50.38053,3.21957,Plein jour,Hors agglomération,Giratoire,Normale,Autre collision,,,,,,,,,,,1,1,6,1,6
201500029651,0015-04-25 13:25:00,15,4,25,13,25,590,178,"276, GUYNEMER (RUE GEORG",,,Plein jour,En agglomération,Hors intersection,Normale,Deux véhicules - frontale,,,,,,,,,,,1,2,1,1,1
201500029652,0015-06-03 12:39:00,15,6,3,12,39,590,178,"519, REPUBLIQUE (BOULEVA",50.37652,3.0763,Plein jour,En agglomération,Hors intersection,Normale,Autre collision,,,,,,,,,,,1,2,1,1,6
201500029653,0015-05-21 18:05:00,15,5,21,18,5,590,629,RIEULAY (ROUTE DE ),,,Plein jour,Hors agglomération,Intersection en T,Normale,Deux véhicules - côté,,,,,,,,,,,1,1,3,1,3
201500029654,0015-06-01 23:00:00,15,6,1,23,0,590,574,TRAISNEL (ROUTE DE ),50.35383,3.26177,Nuit avec éclairage allumé,Hors agglomération,Hors intersection,Normale,Deux véhicules - frontale,,,,,,,,,,,5,1,1,1,1
201500029655,0015-06-03 14:20:00,15,6,3,14,20,590,178,CHAPLIN (SQUARE CHARLIE),50.37369,3.05311,Plein jour,En agglomération,Hors intersection,Normale,Autre collision,,,,,,,,,,,1,2,1,1,6
201500029656,0015-06-05 14:40:00,15,6,5,14,40,590,178,GUYNEMER (RUE GEORGES),50.37208,3.05466,Plein jour,En agglomération,Intersection en T,Normale,Autre collision,,,,,,,,,,,1,2,3,1,6
201500029657,0015-06-07 20:25:00,15,6,7,20,25,590,178,BOISSET (QUAI DE),50.39269,3.08047,Plein jour,En agglomération,Intersection en Y,Normale,Autre collision,,,,,,,,,,,1,2,4,1,6
201500029658,0015-06-26 22:45:00,15,6,26,22,45,590,7,CHEVALET (RUE DU),50.40175,3.15716,Nuit avec éclairage allumé,En agglomération,Hors intersection,Normale,Deux véhicules - arrière,,,,,,,,,,,5,2,1,1,2
201500029659,0015-06-15 15:15:00,15,6,15,15,15,590,314,"82, GAMBETTA LEON(RUE)",50.36363,3.34102,Plein jour,En agglomération,Hors intersection,Temps éblouissant,Deux véhicules - frontale,,,,,,,,,,,1,2,1,7,1
201500029660,0015-06-22 17:20:00,15,6,22,17,20,590,178,"173, EGLISE (RUE DE L')",50.3935,3.08263,Plein jour,En agglomération,Hors intersection,Pluie légère,Deux véhicules - côté,,,,,,,,,,,1,2,1,2,3
201500029661,0015-06-21 03:20:00,15,6,21,3,20,590,239,RD 938,50.4268,3.15152,Nuit sans éclairage public,Hors agglomération,Hors intersection,Normale,Deux véhicules - frontale,,,,,,,,,,,3,1,1,1,1
201500029662,0015-06-22 21:40:00,15,6,22,21,40,590,456,RIEULAY(ROUTE DE),50.387,3.23269,Crépuscule ou aube,Hors agglomération,Hors intersection,Normale,Sans collision,,,,,,,,,,,2,1,1,1,7
201500029663,0015-07-05 02:40:00,15,7,5,2,40,590,227,JOLIOT CURIE IRENE(RUE),50.36655,3.29583,Nuit avec éclairage allumé,En agglomération,Intersection en X,Normale,Deux véhicules - côté,,,,,,,,,,,5,2,2,1,3
201500029664,0015-07-19 19:05:00,15,7,19,19,5,590,8,DELESTRAINT (RUE DU GENE,50.33702,3.27961,Plein jour,Hors agglomération,Hors intersection,Normale,Deux véhicules - frontale,,,,,,,,,,,1,1,1,1,1
201500029665,0015-07-29 13:15:00,15,7,29,13,15,590,178,"650, CAMBRAI (RUE DE)",50.35744,3.08127,Plein jour,En agglomération,Hors intersection,Normale,Deux véhicules - frontale,,,,,,,,,,,1,2,1,1,1
201500029666,0015-07-30 11:35:00,15,7,30,11,35,590,165,RD 621,,,Plein jour,Hors agglomération,Hors intersection,Pluie forte,Deux véhicules - côté,,,,,,,,,,,1,1,1,3,3
201500029667,0015-08-02 19:20:00,15,8,2,19,20,590,178,"02, PASTEUR (BOULEVARD)",50.36316,3.07805,Plein jour,En agglomération,Giratoire,Normale,Autre collision,,,,,,,,,,,1,2,6,1,6
201500029668,0015-09-02 01:10:00,15,9,2,1,10,590,234,"25, MARTIN (RUE MARCEAU)",50.39952,3.08877,Nuit avec éclairage allumé,En agglomération,Hors intersection,Normale,Autre collision,,,,,,,,,,,5,2,1,1,6
201500029669,0015-08-01 19:20:00,15,8,1,19,20,590,654,"270, LANGEVIN (RUE PAUL)",50.38797,3.10166,Plein jour,En agglomération,Autre intersection,Normale,Autre collision,,,,,,,,,,,1,2,9,1,6
201500029670,0015-08-08 09:55:00,15,8,8,9,55,590,178,"616, JEANNE D'ARC (BOULE",50.36925,3.06408,Plein jour,En agglomération,Hors intersection,Normale,Deux véhicules - arrière,,,,,,,,,,,1,2,1,1,2
201500029671,0015-08-19 08:10:00,15,8,19,8,10,590,178,FORT DE SCARPE (RUE DU),50.39138,3.10583,Plein jour,Hors agglomération,Giratoire,Normale,Deux véhicules - frontale,,,,,,,,,,,1,1,6,1,1
201500029672,0015-09-20 19:00:00,15,9,20,19,0,590,178,CAMBRAI (PONT DE),50.35588,3.08202,Plein jour,En agglomération,Hors intersection,Normale,Deux véhicules - arrière,,,,,,,,,,,1,2,1,1,2
201500029673,0015-09-19 10:00:00,15,9,19,10,0,590,170,"14, RICHARD (RUE MAURICE",50.35391,3.124,Plein jour,Hors agglomération,Hors intersection,Normale,Deux véhicules - côté,,,,,,,,,,,1,1,1,1,3
201500029674,0015-06-21 20:50:00,15,6,21,20,50,590,178,ALLEMANDS (CHEMIN DES),50.34997,3.08977,Plein jour,En agglomération,Hors intersection,Normale,Autre collision,,,,,,,,,,,1,2,1,1,6
201500029675,0015-10-13 20:00:00,15,10,13,20,0,590,170,D (ALLEE - LA CROIX DE P,50.34991,3.13047,Nuit avec éclairage allumé,En agglomération,Intersection en T,Normale,Deux véhicules - frontale,,,,,,,,,,,5,2,3,1,1
201500029676,0015-10-02 08:55:00,15,10,2,8,55,590,239,"29, ABBE GILLERON (RUE D",50.42944,3.17647,Plein jour,En agglomération,Hors intersection,Normale,Autre collision,,,,,,,,,,,1,2,1,1,6
201500029677,0015-09-20 16:20:00,15,9,20,16,20,590,456,GALIBOT (CHEMIN DU),50.37208,3.23636,Plein jour,Hors agglomération,Intersection en X,Normale,Deux véhicules - côté,,,,,,,,,,,1,1,2,1,3
201500029678,0015-10-28 15:40:00,15,10,28,15,40,590,165,RD 621,50.37677,3.02891,Plein jour,Hors agglomération,Hors intersection,Temps couvert,Trois véhicules et plus - collisions multiples,,,,,,,,,,,1,1,1,8,5
201500029679,0015-10-16 17:20:00,15,10,16,17,20,590,178,"222, BARLET (PLACE DU)",50.36463,3.08311,Plein jour,En agglomération,Intersection en X,Normale,Trois véhicules et plus - collisions multiples,,,,,,,,,,,1,2,2,1,5
201500029680,0015-10-28 13:15:00,15,10,28,13,15,590,178,LEQUIEN (RUE DU DOCTEUR),50.38108,3.08491,Plein jour,En agglomération,Giratoire,Normale,Autre collision,,,,,,,,,,,1,2,6,1,6
201500029681,0015-10-28 19:40:00,15,10,28,19,40,590,375,"07, DE GAULLE(PLACE)",50.40741,3.27891,Nuit avec éclairage allumé,En agglomération,Hors intersection,Normale,Autre collision,,,,,,,,,,,5,2,1,1,6
201500029682,0015-11-04 17:10:00,15,11,4,17,10,590,185,"12, MARAICHONS (RUE DES)",50.3485,3.21581,Crépuscule ou aube,En agglomération,Hors intersection,Temps couvert,Autre collision,,,,,,,,,,,2,2,1,8,6
201500029683,0015-11-05 11:55:00,15,11,5,11,55,590,178,RD 643,50.3742,3.06619,Plein jour,En agglomération,Hors intersection,Normale,Deux véhicules - côté,,,,,,,,,,,1,2,1,1,3
201500029684,0015-11-12 11:35:00,15,11,12,11,35,590,574,"50, MICHEL LOUISE(BOULEV",50.3538,3.28308,Plein jour,En agglomération,Intersection en X,Normale,Autre collision,,,,,,,,,,,1,2,2,1,6
201500029685,0015-02-12 13:15:00,15,2,12,13,15,590,178,"467, GUYNEMER (RUE GEORG",,,Plein jour,En agglomération,Hors intersection,Normale,Autre collision,,,,,,,,,,,1,2,1,1,6
201500029686,0015-01-24 21:00:00,15,1,24,21,0,590,276,ALLEMANDS (CHEMIN DES),,,Nuit sans éclairage public,Hors agglomération,Hors intersection,Normale,Autre collision,,,,,,,,,,,3,1,1,1,6
201500029687,0015-01-16 16:20:00,15,1,16,16,20,590,28,ROUSSEAU (RUE JEAN-JACQU,,,Plein jour,En agglomération,Hors intersection,Normale,Deux véhicules - frontale,,,,,,,,,,,1,2,1,1,1
201500029688,0015-02-02 08:30:00,15,2,2,8,30,590,178,"176, RAIMBEAUCOURT (RUE",,,Plein jour,En agglomération,Hors intersection,Normale,Autre collision,,,,,,,,,,,1,2,1,1,6
201500029689,0015-02-06 11:30:00,15,2,6,11,30,590,654,BULTEZ (RUE MARCEL),,,Plein jour,En agglomération,Intersection en T,Normale,Deux véhicules - arrière,,,,,,,,,,,1,2,3,1,2
201500029690,0015-01-09 21:50:00,15,1,9,21,50,590,588,PIERRES,,,Nuit avec éclairage allumé,En agglomération,Autre intersection,Pluie légère,Autre collision,,,,,,,,,,,5,2,9,2,6
201500029691,0015-02-22 21:30:00,15,2,22,21,30,590,183,", REPUBLIQUE - F MITTER",,,Nuit avec éclairage allumé,En agglomération,Intersection en X,Pluie forte,Deux véhicules - côté,,,,,,,,,,,5,2,2,3,3
201500029692,0015-01-09 22:10:00,15,1,9,22,10,590,340,"., GENERAL CATROUX",,,Nuit sans éclairage public,Hors agglomération,Hors intersection,Pluie légère,Autre collision,,,,,,,,,,,3,1,1,2,6
201500029693,0015-02-17 20:00:00,15,2,17,20,0,590,588,"20, MAIRIE",,,Nuit avec éclairage allumé,En agglomération,Hors intersection,Normale,Autre collision,,,,,,,,,,,5,2,1,1,6
201500029694,0015-12-13 12:30:00,15,12,13,12,30,590,540,"., BERTEAUX MAURICE - AV",51.01531,2.20582,Plein jour,En agglomération,Intersection en X,Normale,Deux véhicules - frontale,,,,,,,,,,,1,2,2,1,1
201500029695,0015-01-13 13:15:00,15,1,13,13,15,590,271,"., LORRAINE",,,Plein jour,En agglomération,Hors intersection,Pluie légère,Autre collision,,,,,,,,,,,1,2,1,2,6
201500029696,0015-01-10 00:58:00,15,1,10,0,58,590,183,"., ASSEMAN PAUL - PLACE",,,Nuit avec éclairage allumé,En agglomération,Hors intersection,Autre,Deux véhicules - côté,,,,,,,,,,,5,2,1,9,3
201500029697,0015-03-09 01:30:00,15,3,9,1,30,590,588,"., PIERRES",,,Nuit avec éclairage non allumé,En agglomération,Hors intersection,Normale,Autre collision,,,,,,,,,,,4,2,1,1,6
201500029698,0015-02-05 12:10:00,15,2,5,12,10,590,155,"90, BOERNHOL",,,Plein jour,En agglomération,Hors intersection,Pluie légère,Autre collision,,,,,,,,,,,1,2,1,2,6
201500029699,0015-03-14 00:10:00,15,3,14,0,10,590,271,", RD 601",,,Nuit avec éclairage allumé,Hors agglomération,Giratoire,Normale,Autre collision,,,,,,,,,,,5,1,6,1,6
201500029700,0015-03-14 15:45:00,15,3,14,15,45,590,183,LAROUSSE PIERRE,,,Plein jour,En agglomération,Autre intersection,Normale,Autre collision,,,,,,,,,,,1,2,9,1,6
201500029701,0015-02-11 17:26:00,15,2,11,17,26,590,155,"., LIBERATION - AVENUE",,,Crépuscule ou aube,Hors agglomération,Hors intersection,Normale,Trois véhicules et plus - en chaîne,,,,,,,,,,,2,1,1,1,4
201500029702,0015-03-14 22:10:00,15,3,14,22,10,590,183,"., REPUBLIQUE - F MITTER",,,Nuit avec éclairage allumé,En agglomération,Hors intersection,Normale,Autre collision,,,,,,,,,,,5,2,1,1,6
201500029703,0015-02-13 15:15:00,15,2,13,15,15,590,271,"24, MOULIN",,,Plein jour,En agglomération,Hors intersection,Normale,Autre collision,,,,,,,,,,,1,2,1,1,6
201500029704,0015-04-03 12:00:00,15,4,3,12,0,590,271,"26, FLANDRES - BOULEVARD",,,Plein jour,En agglomération,Hors intersection,Pluie légère,Autre collision,,,,,,,,,,,1,2,1,2,6
201500029705,0015-02-14 19:35:00,15,2,14,19,35,590,271,"., MENDES FRANCE - BOULE",,,Nuit avec éclairage allumé,En agglomération,Autre intersection,Pluie légère,Trois véhicules et plus - collisions multiples,,,,,,,,,,,5,2,9,2,5
201500029706,0015-04-21 09:10:00,15,4,21,9,10,590,183,Rue de Calais,51.02836,2.36806,Plein jour,En agglomération,Hors intersection,Normale,Autre collision,,,,,,,,,,,1,2,1,1,6
201500029707,0015-04-05 05:00:00,15,4,5,5,0,590,540,"., FERRER",,,Nuit avec éclairage allumé,En agglomération,Intersection en X,Normale,Deux véhicules - côté,,,,,,,,,,,5,2,2,1,3
201500029708,0015-05-10 16:50:00,15,5,10,16,50,590,183,"., LIBERATION - AVENUE",51.04107,2.38879,Plein jour,En agglomération,Hors intersection,Normale,Deux véhicules - arrière,,,,,,,,,,,1,2,1,1,2
201500029709,0015-05-13 09:05:00,15,5,13,9,5,590,183,"., PETITE-SYNTHE CD 940",51.02045,2.33224,Plein jour,En agglomération,Autre intersection,Normale,Autre collision,,,,,,,,,,,1,2,9,1,6
201500029710,0015-05-17 19:00:00,15,5,17,19,0,590,183,"., LIBERATION - AVENUE",51.04649,2.38775,Plein jour,En agglomération,Intersection en T,Normale,Deux véhicules - côté,,,,,,,,,,,1,2,3,1,3
201500029711,0015-05-20 19:00:00,15,5,20,19,0,590,155,"., FURNES - ROUTE",51.03208,2.395,Plein jour,Hors agglomération,Intersection en X,Normale,Deux véhicules - côté,,,,,,,,,,,1,1,2,1,3
201500029712,0015-05-24 09:05:00,15,5,24,9,5,590,155,"., BERANGER",51.02383,2.39236,Plein jour,En agglomération,Giratoire,Normale,Deux véhicules - côté,,,,,,,,,,,1,2,6,1,3
201500029713,0015-06-11 13:55:00,15,6,11,13,55,590,183,"209, SCHUMAN MAURICE - A",51.03522,2.36711,Plein jour,En agglomération,Hors intersection,Normale,Autre collision,,,,,,,,,,,1,2,1,1,6
201500029714,0015-06-14 18:40:00,15,6,14,18,40,590,155,WALDECK ROUSSEAU,51.02183,2.39052,Plein jour,Hors agglomération,Hors intersection,Normale,Autre collision,,,,,,,,,,,1,1,1,1,6
201500029715,0015-06-19 19:30:00,15,6,19,19,30,590,131,"66, BOURBOURG - ROUTE",51.00063,2.35817,Plein jour,En agglomération,Hors intersection,Normale,Deux véhicules - frontale,,,,,,,,,,,1,2,1,1,1
201500029716,0015-07-03 10:15:00,15,7,3,10,15,590,183,Bd du 8 Mai 1945,51.05197,2.408,Plein jour,Hors agglomération,Intersection en T,Normale,Autre collision,,,,,,,,,,,1,1,3,1,6
201500029717,0015-04-01 13:30:00,15,4,1,13,30,590,183,"., VANCAUWENBERGUE GEORG",51.00201,2.3138,Plein jour,En agglomération,Hors intersection,Normale,Autre collision,,,,,,,,,,,1,2,1,1,6
201500029718,0015-07-11 07:00:00,15,7,11,7,0,590,540,"50, REPUBLIQUE",51.02894,2.35723,Plein jour,En agglomération,Hors intersection,Normale,Deux véhicules - arrière,,,,,,,,,,,1,2,1,1,2
201500029719,0015-07-11 20:35:00,15,7,11,20,35,590,540,"., FOURNIER",48.48507,1.34043,Plein jour,En agglomération,Intersection en X,Normale,Deux véhicules - côté,,,,,,,,,,,1,2,2,1,3
201500029720,0015-07-12 12:30:00,15,7,12,12,30,590,155,"60, HUGO VICTOR",51.01905,2.38424,Plein jour,En agglomération,Intersection en T,Normale,Deux véhicules - côté,,,,,,,,,,,1,2,3,1,3
201500029721,0015-07-19 01:45:00,15,7,19,1,45,590,155,GHESQUIERE HENRI,51.0205,2.39122,Nuit avec éclairage allumé,En agglomération,Hors intersection,Pluie légère,Autre collision,,,,,,,,,,,5,2,1,2,6
201500029722,0015-07-23 19:00:00,15,7,23,19,0,590,271,"., CD 940 ANCIEN VILLAGE",51.00856,2.28305,Plein jour,Hors agglomération,Hors intersection,Normale,Deux véhicules - côté,,,,,,,,,,,1,1,1,1,3
201500029723,0015-07-24 08:05:00,15,7,24,8,5,590,183,"., MENDES FRANCE - BOULE",51.03906,2.40568,Plein jour,En agglomération,Hors intersection,Normale,Sans collision,,,,,,,,,,,1,2,1,1,7
201500029724,0015-07-22 12:00:00,15,7,22,12,0,590,183,PARIS,51.0294,2.37459,Plein jour,En agglomération,Intersection en T,Normale,Deux véhicules - côté,,,,,,,,,,,1,2,3,1,3
201500029725,0015-07-25 11:30:00,15,7,25,11,30,590,271,GENERAL DE GAULLE - AVEN,51.01509,2.30239,Plein jour,En agglomération,Hors intersection,Normale,Autre collision,,,,,,,,,,,1,2,1,1,6
201500029726,0015-08-05 20:00:00,15,8,5,20,0,590,271,"., SUWALKI - AVENUE",51.01048,2.30209,Plein jour,En agglomération,Hors intersection,Normale,Autre collision,,,,,,,,,,,1,2,1,1,6
201500029727,0015-06-15 19:30:00,15,6,15,19,30,590,183,"., PETITE-SYNTHE CD 940",51.02241,2.34072,Plein jour,En agglomération,Autre intersection,Normale,Deux véhicules - arrière,,,,,,,,,,,1,2,9,1,2
201500029728,0015-08-12 11:25:00,15,8,12,11,25,590,183,"., PRESIDENT POINCARE",51.03522,2.3805,Plein jour,En agglomération,Autre intersection,Normale,Autre collision,,,,,,,,,,,1,2,9,1,6
201500029729,0015-08-16 04:00:00,15,8,16,4,0,590,183,"181, DOUVRES",51.02547,2.24369,Nuit avec éclairage allumé,En agglomération,Hors intersection,Normale,Autre collision,,,,,,,,,,,5,2,1,1,6
201500029730,0015-08-27 11:30:00,15,8,27,11,30,590,183,"3510, PETITE-SYNTHE CD 9",51.01861,2.32452,Plein jour,En agglomération,Hors intersection,Pluie forte,Deux véhicules - arrière,,,,,,,,,,,1,2,1,3,2
201500029731,0015-08-29 03:00:00,15,8,29,3,0,590,540,"58, HUGO VICTOR",51.01498,2.20061,Nuit avec éclairage allumé,Hors agglomération,Hors intersection,Normale,Autre collision,,,,,,,,,,,5,1,1,1,6
201500029732,0015-08-29 13:30:00,15,8,29,13,30,590,131,"., HOOGHE-PORTE",50.99475,2.36686,Plein jour,En agglomération,Hors intersection,Normale,Autre collision,,,,,,,,,,,1,2,1,1,6
201500029733,0015-09-07 12:00:00,15,9,7,12,0,590,183,"14, EGALITE",51.01791,2.32336,Plein jour,En agglomération,Hors intersection,Normale,Autre collision,,,,,,,,,,,1,2,1,1,6
201500029734,0015-09-20 07:10:00,15,9,20,7,10,590,155,"., MALO CELESTIN",51.03119,2.40616,Plein jour,Hors agglomération,Intersection en X,Normale,Deux véhicules - côté,,,,,,,,,,,1,1,2,1,3
201500029735,0015-09-13 09:00:00,15,9,13,9,0,590,271,"., MOULIN",51.02333,2.30455,Plein jour,En agglomération,Intersection en T,Normale,Deux véhicules - côté,,,,,,,,,,,1,2,3,1,3
201500029736,0015-09-25 11:05:00,15,9,25,11,5,590,183,"., PETITE-SYNTHE CD 940",51.02566,2.35536,Plein jour,En agglomération,Intersection en T,Normale,Deux véhicules - côté,,,,,,,,,,,1,2,3,1,3
201500029737,0015-09-26 15:10:00,15,9,26,15,10,590,588,"., PIERRES",50.99116,2.46211,Plein jour,Hors agglomération,Hors intersection,Normale,Sans collision,,,,,,,,,,,1,1,1,1,7
201500029738,0015-10-02 13:00:00,15,10,2,13,0,590,271,"., DUBEDOUT HUBERT - AVE",,,Plein jour,En agglomération,Hors intersection,Normale,Deux véhicules - côté,,,,,,,,,,,1,2,1,1,3
201500029739,0015-10-17 19:45:00,15,10,17,19,45,590,183,"288, REPUBLIQUE - F MITT",51.0305,2.32336,Nuit avec éclairage allumé,En agglomération,Hors intersection,Normale,Autre collision,,,,,,,,,,,5,2,1,1,6
201500029740,0015-10-23 15:35:00,15,10,23,15,35,590,183,"15, PARIS",51.01791,2.36686,Plein jour,En agglomération,Autre intersection,Normale,Autre collision,,,,,,,,,,,1,2,9,1,6
201500029741,0015-10-27 18:45:00,15,10,27,18,45,590,183,"., VILLETTE - AVENUE",51.02405,2.36025,Nuit avec éclairage allumé,En agglomération,Hors intersection,Normale,Autre collision,,,,,,,,,,,5,2,1,1,6
201500029742,0015-11-06 22:40:00,15,11,6,22,40,590,155,"., BUFFON",51.0231,2.39269,Nuit avec éclairage allumé,En agglomération,Intersection en X,Pluie légère,Deux véhicules - frontale,,,,,,,,,,,5,2,2,2,1
201500029743,0015-11-05 08:10:00,15,11,5,8,10,590,183,"., REPUBLIQUE - F MITTER",51.02415,2.24144,Crépuscule ou aube,En agglomération,Hors intersection,Pluie légère,Deux véhicules - arrière,,,,,,,,,,,2,2,1,2,2
201500029744,0015-10-27 10:10:00,15,10,27,10,10,590,183,"., ABBE BONPAIN - PLACE",51.04197,2.40605,Plein jour,En agglomération,Place,Normale,Deux véhicules - côté,,,,,,,,,,,1,2,7,1,3
201500029745,0015-10-28 17:45:00,15,10,28,17,45,590,183,"., ZAMENHOF DOCTEUR",51.02446,2.24406,Plein jour,En agglomération,Hors intersection,Normale,Autre collision,,,,,,,,,,,1,2,1,1,6
201500029746,0015-11-03 07:50:00,15,11,3,7,50,590,271,"., ANCIEN VILLAGE - AVEN",51.0008,2.15003,Crépuscule ou aube,En agglomération,Hors intersection,Normale,Trois véhicules et plus - en chaîne,,,,,,,,,,,2,2,1,1,4
201500029747,0015-11-20 03:20:00,15,11,20,3,20,590,271,RD 601,51.00497,2.26736,Nuit sans éclairage public,Hors agglomération,Hors intersection,Normale,Autre collision,,,,,,,,,,,3,1,1,1,6
201500029748,0015-11-19 20:50:00,15,11,19,20,50,590,155,"., STEENDAM CD 72 - ROUT",51.0066,2.40403,Nuit sans éclairage public,Hors agglomération,Hors intersection,Pluie légère,Sans collision,,,,,,,,,,,3,1,1,2,7
201500029749,0015-11-21 16:00:00,15,11,21,16,0,590,540,"., 8 MAI 1945 - CARREFOU",51.01365,2.20083,Plein jour,En agglomération,Giratoire,Normale,Autre collision,,,,,,,,,,,1,2,6,1,6
201500029750,0015-11-22 04:30:00,15,11,22,4,30,590,273,"., PONT DE L AA",50.97366,2.12269,Nuit sans éclairage public,Hors agglomération,Hors intersection,Normale,Autre collision,,,,,,,,,,,3,1,1,1,6
201500029751,0015-11-26 07:40:00,15,11,26,7,40,590,183,"., CALAIS",51.02838,2.36808,Crépuscule ou aube,En agglomération,Hors intersection,Normale,Autre collision,,,,,,,,,,,2,2,1,1,6
201500029752,0015-12-06 19:20:00,15,12,6,19,20,590,359,"., RD601",51.00008,2.24341,Nuit sans éclairage public,Hors agglomération,Hors intersection,Normale,Autre collision,,,,,,,,,,,3,1,1,1,6
201500029753,0015-12-09 16:40:00,15,12,9,16,40,590,271,GARNAERSTRAETE,51.00922,2.29538,Plein jour,En agglomération,Hors intersection,Normale,Deux véhicules - côté,,,,,,,,,,,1,2,1,1,3
201500029754,0015-12-09 20:15:00,15,12,9,20,15,590,588,"., 32EME DI",51.03211,2.43416,Nuit sans éclairage public,Hors agglomération,Hors intersection,Normale,Deux véhicules - côté,,,,,,,,,,,3,1,1,1,3
201500029755,0015-12-11 18:10:00,15,12,11,18,10,590,183,"373, REPUBLIQUE - F MITT",,,Nuit avec éclairage allumé,En agglomération,Intersection en X,Normale,Autre collision,,,,,,,,,,,5,2,2,1,6
201500029756,0015-12-15 17:00:00,15,12,15,17,0,590,540,"., CYGNES",51.0133,2.1937,Plein jour,En agglomération,Intersection en X,Pluie légère,Deux véhicules - frontale,,,,,,,,,,,1,2,2,2,1
201500029757,0015-12-21 21:20:00,15,12,21,21,20,590,183,"., REPUBLIQUE - F MITTER",51.03058,2.25528,Nuit avec éclairage allumé,En agglomération,Giratoire,Normale,Autre collision,,,,,,,,,,,5,2,6,1,6
201500029758,0015-12-18 11:50:00,15,12,18,11,50,590,183,"16, BOIS - QUAI",51.03047,2.37394,Plein jour,En agglomération,Hors intersection,Normale,Autre collision,,,,,,,,,,,1,2,1,1,6
201500029759,0015-01-14 07:45:00,15,1,14,7,45,590,295,"88, NOTRE DAME",,,Nuit avec éclairage allumé,En agglomération,Hors intersection,Neige / grêle,Autre collision,,,,,,,,,,,5,2,1,4,6
201500029760,0015-04-07 07:50:00,15,4,7,7,50,590,295,Rte départementale,50.72579,2.51409,Plein jour,Hors agglomération,Hors intersection,Brouillard / fumée,Deux véhicules - frontale,,,,,,,,,,,1,1,1,5,1
201500029761,0015-01-16 08:30:00,15,1,16,8,30,590,295,NOTRE DAME,,,Plein jour,En agglomération,Hors intersection,Normale,Autre collision,,,,,,,,,,,1,2,1,1,6
201500029762,0015-05-11 17:05:00,15,5,11,17,5,590,295,Route départemenetale,50.74013,2.54979,Plein jour,Hors agglomération,Hors intersection,Normale,Deux véhicules - arrière,,,,,,,,,,,1,1,1,1,2
201500029763,0015-06-03 08:00:00,15,6,3,8,0,590,295,DEPOORTER,,,Plein jour,En agglomération,Hors intersection,Normale,Autre collision,,,,,,,,,,,1,2,1,1,6
201500029764,0015-06-12 18:00:00,15,6,12,18,0,590,295,"., RD642",,,Plein jour,Hors agglomération,Hors intersection,Normale,Deux véhicules - frontale,,,,,,,,,,,1,1,1,1,1
201500029765,0015-09-03 16:10:00,15,9,3,16,10,590,295,"., PASTEUR",,,Plein jour,En agglomération,Intersection en T,Normale,Deux véhicules - côté,,,,,,,,,,,1,2,3,1,3
201500029766,0015-09-28 20:00:00,15,9,28,20,0,590,295,"31, HENRI DUNANT",,,Plein jour,En agglomération,Hors intersection,Normale,Autre collision,,,,,,,,,,,1,2,1,1,6
201500029767,0015-11-25 10:40:00,15,11,25,10,40,590,295,DE CAESTRE,,,Plein jour,En agglomération,Giratoire,Temps éblouissant,Deux véhicules - côté,,,,,,,,,,,1,2,6,7,3
201500029768,0015-03-10 16:25:00,15,3,10,16,25,590,324,"554, ERQUELINNES (RUE)",,,Plein jour,En agglomération,Hors intersection,Normale,Autre collision,,,,,,,,,,,1,2,1,1,6
201500029769,0015-06-10 18:10:00,15,6,10,18,10,590,385,"84, VICTOR HUGO (RUE)",,,Plein jour,En agglomération,Intersection en T,Normale,Deux véhicules - arrière,,,,,,,,,,,1,2,3,1,2