accident_id,datetime,annee,mois,jour,heure,minute,departement,commune_insee,adresse,latitude,longitude,luminosite,agglomeration,intersection,meteo,collision,nb_vehicules,nb_usagers,nb_indemnes,nb_tues,nb_blesses_hosp,nb_blesses_legers,age_cond_1,age_cond_2,veh_type_cond_1,veh_type_cond_2,lum_code,agg_code,int_code,atm_code,col_code
201500029897,0015-07-09 23:45:00,15,7,9,23,45,590,507,"75, DE LATTRE DE TASSIGN",,,Nuit avec éclairage allumé,En agglomération,Hors intersection,Normale,Autre collision,,,,,,,,,,,5,2,1,1,6
201500029898,0015-11-13 16:55:00,15,11,13,16,55,590,350,"10, VAUBAN BOULEVARD N°",50.38068,0.02571,Crépuscule ou aube,En agglomération,Hors intersection,Autre,Autre collision,,,,,,,,,,,2,2,1,9,6
201500029899,0015-09-28 11:25:00,15,9,28,11,25,590,360,"52, REPUBLIQUE BOULEVARD",50.61188,3.0118,Plein jour,En agglomération,Passage à niveau,Temps éblouissant,Autre collision,,,,,,,,,,,1,2,8,7,6
201500029900,0015-07-03 14:55:00,15,7,3,14,55,590,560,"NC, MARTINSART A AVELIN",50.53986,3.04805,Plein jour,Hors agglomération,Hors intersection,Normale,Deux véhicules - frontale,,,,,,,,,,,1,1,1,1,1
201500029901,0015-09-15 14:10:00,15,9,15,14,10,590,350,"18, JACQUET EUGENE RUE N",50.63827,3.07716,Plein jour,En agglomération,Hors intersection,Pluie légère,Autre collision,,,,,,,,,,,1,2,1,2,6
201500029902,0015-07-20 13:48:00,15,7,20,13,48,590,328,BOURG RUE DU N°9 AU 109,50.65138,3.02278,Plein jour,En agglomération,Intersection en X,Pluie forte,Autre collision,,,,,,,,,,,1,2,2,3,6
201500029903,0015-07-22 17:45:00,15,7,22,17,45,590,350,"13, BASSE RUE",50.639,3.06275,Plein jour,En agglomération,Hors intersection,Normale,Deux véhicules - côté,,,,,,,,,,,1,2,1,1,3
201500029904,0015-07-22 16:47:00,15,7,22,16,47,590,560,LILLE ROUTE DE,50.56113,3.03769,Plein jour,En agglomération,Hors intersection,Normale,Deux véhicules - arrière,,,,,,,,,,,1,2,1,1,2
201500029905,0015-06-30 10:15:00,15,6,30,10,15,590,350,"67, NATIONALE RUE Nø2 -",50.63575,3.05972,Plein jour,En agglomération,Intersection en X,Normale,Autre collision,,,,,,,,,,,1,2,2,1,6
201500029906,0015-07-26 05:20:00,15,7,26,5,20,590,368,", REPUBLIQUE AVENUE DE L",50.64561,3.07507,Crépuscule ou aube,En agglomération,Hors intersection,Normale,Autre collision,,,,,,,,,,,2,2,1,1,6
201500029907,0015-07-22 09:50:00,15,7,22,9,50,590,360,"67, POTIE GEORGES RUE",50.61277,3.00269,Plein jour,En agglomération,Hors intersection,Normale,Trois véhicules et plus - en chaîne,,,,,,,,,,,1,2,1,1,4
201500029908,0015-07-16 18:00:00,15,7,16,18,0,590,350,"77, DOUAI RUE",,,Plein jour,En agglomération,Hors intersection,Normale,Autre collision,,,,,,,,,,,1,2,1,1,6
201500029909,0015-07-18 10:30:00,15,7,18,10,30,590,368,"224, DE GAULLE RUE DU GE",50.65767,3.07379,Plein jour,En agglomération,Intersection en X,Normale,Autre collision,,,,,,,,,,,1,2,2,1,6
201500029910,0015-07-29 15:55:00,15,7,29,15,55,590,350,STATIONS RUE Nø RESTE,50.63097,3.05225,Plein jour,En agglomération,Intersection en X,Normale,Deux véhicules - côté,,,,,,,,,,,1,2,2,1,3
201500029911,0015-06-11 16:30:00,15,6,11,16,30,590,350,BRETON JULES RUE,50.6067,3.04551,Plein jour,En agglomération,Hors intersection,Normale,Autre collision,,,,,,,,,,,1,2,1,1,6
201500029912,0015-06-18 14:45:00,15,6,18,14,45,590,350,"NC, YERSIN RUE DU DOCTEU",50.62025,3.05369,Plein jour,En agglomération,Intersection en X,Normale,Deux véhicules - côté,,,,,,,,,,,1,2,2,1,3
201500029913,0015-08-06 17:35:00,15,8,6,17,35,590,328,BOIS RUE DU,50.64872,3.04591,Plein jour,En agglomération,Hors intersection,Normale,Deux véhicules - côté,,,,,,,,,,,1,2,1,1,3
201500029914,0015-08-07 02:30:00,15,8,7,2,30,590,350,DEMI LUNE PASSAGE,50.63474,3.07174,Nuit sans éclairage public,En agglomération,Hors intersection,Normale,Autre collision,,,,,,,,,,,3,2,1,1,6
201500029915,0015-08-07 01:45:00,15,8,7,1,45,590,350,VAUBAN BOULEVARD N° REST,50.63,3.0517,Nuit avec éclairage allumé,En agglomération,Hors intersection,Normale,Deux véhicules - côté,,,,,,,,,,,5,2,1,1,3
201500029916,0015-07-15 14:25:00,15,7,15,14,25,590,9,BREUCQ BOULEVARD DU,50.6384,3.14243,Plein jour,Hors agglomération,Intersection en T,Normale,Deux véhicules - arrière,,,,,,,,,,,1,1,3,1,2
201500029917,0015-08-13 10:40:00,15,8,13,10,40,590,220,VERDUN AVENUE DE,50.59144,3.08475,Plein jour,En agglomération,Intersection en T,Normale,Deux véhicules - frontale,,,,,,,,,,,1,2,3,1,1
201500029918,0015-08-02 17:10:00,15,8,2,17,10,590,350,PHILADELPHIE RUE,50.63275,3.09783,Plein jour,En agglomération,Intersection en X,Normale,Deux véhicules - côté,,,,,,,,,,,1,2,2,1,3
201500029919,0015-08-15 06:45:00,15,8,15,6,45,590,350,FAUBOURG DE BETHUNE RUE,50.61756,3.02676,Crépuscule ou aube,Hors agglomération,Hors intersection,Normale,Deux véhicules - côté,,,,,,,,,,,2,1,1,1,3
201500029920,0015-07-07 18:10:00,15,7,7,18,10,590,350,DUBUISSON EMILE BOULEVAR,50.63125,3.07697,Plein jour,En agglomération,Hors intersection,Normale,Autre collision,,,,,,,,,,,1,2,1,1,6
201500029921,0015-08-15 15:05:00,15,8,15,15,5,590,368,"175, POMPIDOU G. RUE DU",50.65685,3.06434,Plein jour,En agglomération,Intersection en X,Normale,Trois véhicules et plus - en chaîne,,,,,,,,,,,1,2,2,1,4
201500029922,0015-08-13 19:10:00,15,8,13,19,10,590,350,CURIE FREDERIC JOLIOT RU,50.62111,3.03333,Plein jour,En agglomération,Intersection en T,Pluie légère,Autre collision,,,,,,,,,,,1,2,3,2,6
201500029923,0015-07-15 13:30:00,15,7,15,13,30,590,350,", FEBVRIER JACQUES PLACE",50.61751,3.06172,Plein jour,En agglomération,Giratoire,Normale,Autre collision,,,,,,,,,,,1,2,6,1,6
201500029924,0015-06-17 14:15:00,15,6,17,14,15,590,9,TOURNAI BOULEVARD DE,50.61453,3.13771,Plein jour,En agglomération,Hors intersection,Normale,Autre collision,,,,,,,,,,,1,2,1,1,6
201500029925,0015-08-24 20:15:00,15,8,24,20,15,590,350,"217, NATIONALE RUE N°RES",,,Plein jour,Hors agglomération,Hors intersection,Pluie forte,Deux véhicules - arrière,,,,,,,,,,,1,1,1,3,2
201500029926,0015-08-12 21:00:00,15,8,12,21,0,590,220,"168, CARNOT RUE",50.60159,3.06755,Crépuscule ou aube,Hors agglomération,Hors intersection,Normale,Autre collision,,,,,,,,,,,2,1,1,1,6
201500029927,0015-07-07 18:15:00,15,7,7,18,15,590,350,DUBUISSON EMILE BOULEVAR,50.6313,3.07716,Plein jour,En agglomération,Intersection en X,Normale,Autre collision,,,,,,,,,,,1,2,2,1,6
201500029928,0015-04-05 15:50:00,15,4,5,15,50,590,457,LECLERC RUE  DU GENERAL,,,Plein jour,En agglomération,Hors intersection,Normale,Deux véhicules - arrière,,,,,,,,,,,1,2,1,1,2
201500029929,0015-11-19 18:40:00,15,11,19,18,40,590,350,FENELON RUE,50.6299,3.11025,Nuit avec éclairage allumé,En agglomération,Intersection en X,Pluie légère,Autre collision,,,,,,,,,,,5,2,2,2,6
201500029930,0015-09-06 23:00:00,15,9,6,23,0,590,648,"292, CLEMENCEAU RUE",50.58949,3.05102,Nuit avec éclairage allumé,En agglomération,Intersection en X,Normale,Deux véhicules - côté,,,,,,,,,,,5,2,2,1,3
201500029931,0015-08-27 13:20:00,15,8,27,13,20,590,648,"2, HUGO VICTOR RUE",,,Plein jour,Hors agglomération,Hors intersection,Temps couvert,Deux véhicules - frontale,,,,,,,,,,,1,1,1,8,1
201500029932,0015-08-06 08:55:00,15,8,6,8,55,590,527,NORD OUEST VOIE INTERCOM,,,Plein jour,En agglomération,Intersection en X,Normale,Deux véhicules - côté,,,,,,,,,,,1,2,2,1,3
201500029933,0015-08-05 08:50:00,15,8,5,8,50,590,350,"10, BELFORT BOULEVARD DE",50.62195,3.07881,Crépuscule ou aube,En agglomération,Hors intersection,Normale,Deux véhicules - côté,,,,,,,,,,,2,2,1,1,3
201500029934,0015-09-08 07:50:00,15,9,8,7,50,590,193,"0, D. 341",50.59874,3.0033,Plein jour,Hors agglomération,Intersection en X,Normale,Deux véhicules - côté,,,,,,,,,,,1,1,2,1,3
201500029935,0015-04-07 08:40:00,15,4,7,8,40,590,350,"15, BOHIN RUE DE",50.63136,3.088,Plein jour,En agglomération,Hors intersection,Normale,Autre collision,,,,,,,,,,,1,2,1,1,6
201500029936,0015-09-12 17:45:00,15,9,12,17,45,590,350,"1044, DUNKERQUE AVENUE D",50.64438,2.97526,Plein jour,En agglomération,Hors intersection,Pluie légère,Deux véhicules - côté,,,,,,,,,,,1,2,1,2,3
201500029937,0015-08-27 10:00:00,15,8,27,10,0,590,220,ZOLA EMILE RUE,50.60831,3.06573,Plein jour,En agglomération,Intersection en X,Normale,Autre collision,,,,,,,,,,,1,2,2,1,6
201500029938,0015-09-25 06:05:00,15,9,25,6,5,590,350,VANHOENACKER PLACE,50.6195,3.06369,Crépuscule ou aube,En agglomération,Hors intersection,Normale,Deux véhicules - côté,,,,,,,,,,,2,2,1,1,3
201500029939,0015-08-22 12:20:00,15,8,22,12,20,590,648,"20, DE GIRARD RUE PHILIP",50.60014,3.05185,Plein jour,En agglomération,Intersection en X,Normale,Sans collision,,,,,,,,,,,1,2,2,1,7
201500029940,0015-07-02 17:45:00,15,7,2,17,45,590,350,ROLAND RUE,50.62932,3.03653,Plein jour,En agglomération,Hors intersection,Normale,Autre collision,,,,,,,,,,,1,2,1,1,6
201500029941,0015-09-24 17:20:00,15,9,24,17,20,590,527,LAMBERSART RUE DE,50.65,3.04,Plein jour,En agglomération,Hors intersection,Pluie légère,Autre collision,,,,,,,,,,,1,2,1,2,6
201500029942,0015-10-10 03:05:00,15,10,10,3,5,590,350,CARNOT SADI RUE,,,Nuit avec éclairage allumé,En agglomération,Intersection en X,Normale,Deux véhicules - côté,,,,,,,,,,,5,2,2,1,3
201500029943,0015-10-04 16:35:00,15,10,4,16,35,590,9,", MONS BOULEVARD DE",,,Plein jour,En agglomération,Intersection en T,Normale,Deux véhicules - côté,,,,,,,,,,,1,2,3,1,3
201500029944,0015-10-17 02:12:00,15,10,17,2,12,590,350,TURENNE RUE,,,Nuit avec éclairage allumé,En agglomération,Intersection en X,Pluie légère,Deux véhicules - côté,,,,,,,,,,,5,2,2,2,3
201500029945,0015-10-16 12:30:00,15,10,16,12,30,590,360,GHESQUIERE HENRI RUE,,,Plein jour,En agglomération,Autre intersection,Normale,Deux véhicules - côté,,,,,,,,,,,1,2,9,1,3
201500029946,0015-07-03 19:25:00,15,7,3,19,25,590,507,CONDE RUE DE,50.60158,3.09238,Plein jour,En agglomération,Hors intersection,Normale,Autre collision,,,,,,,,,,,1,2,1,1,6
201500029947,0015-08-07 09:10:00,15,8,7,9,10,590,350,"39, TOURNAI RUE DE",50.6348,3.07219,Plein jour,En agglomération,Hors intersection,Normale,Autre collision,,,,,,,,,,,1,2,1,1,6
201500029948,0015-07-18 17:50:00,15,7,18,17,50,590,350,"74, SAMAIN ALBERT SQUARE",50.61864,3.0429,Plein jour,En agglomération,Hors intersection,Normale,Autre collision,,,,,,,,,,,1,2,1,1,6
201500029949,0015-07-20 06:45:00,15,7,20,6,45,590,350,CORBUSIER AVENUE LE,50.6395,3.0758,Crépuscule ou aube,En agglomération,Intersection en X,Pluie légère,Deux véhicules - côté,,,,,,,,,,,2,2,2,2,3
201500029950,0015-10-06 09:10:00,15,10,6,9,10,590,360,LECLERC RUE DU GENERAL,50.61002,3.02072,Plein jour,En agglomération,Intersection en X,Normale,Autre collision,,,,,,,,,,,1,2,2,1,6
201500029951,0015-09-07 11:55:00,15,9,7,11,55,590,360,"2, CLEMENCEAU RUE",50.61458,3.01092,Plein jour,En agglomération,Hors intersection,Normale,Autre collision,,,,,,,,,,,1,2,1,1,6
201500029952,0015-10-15 06:25:00,15,10,15,6,25,590,350,MOSELLE BOULEVARD ° DE 1,50.62264,3.02895,Crépuscule ou aube,Hors agglomération,Hors intersection,Normale,Deux véhicules - côté,,,,,,,,,,,2,1,1,1,3
201500029953,0015-10-18 10:35:00,15,10,18,10,35,590,648,"262, CLEMENCEAU RUE",50.59041,3.05055,Plein jour,En agglomération,Hors intersection,Normale,Deux véhicules - côté,,,,,,,,,,,1,2,1,1,3
201500029954,0015-09-23 18:40:00,15,9,23,18,40,590,9,OUEST BOULEVARD DE L,50.63709,3.12181,Plein jour,En agglomération,Intersection en X,Normale,Deux véhicules - côté,,,,,,,,,,,1,2,2,1,3
201500029955,0015-10-30 20:40:00,15,10,30,20,40,590,350,STATIONS RUE Nø RESTE,50.62677,3.04327,Nuit avec éclairage allumé,En agglomération,Hors intersection,Normale,Deux véhicules - côté,,,,,,,,,,,5,2,1,1,3
201500029956,0015-10-31 04:30:00,15,10,31,4,30,590,350,CORDONNIER AVENUE DE,50.3717,3.05126,Nuit avec éclairage allumé,En agglomération,Intersection en Y,Normale,Autre collision,,,,,,,,,,,5,2,4,1,6
201500029957,0015-08-22 10:10:00,15,8,22,10,10,590,368,"148, SALENGRO ROGER RUE",50.65504,3.05875,Plein jour,En agglomération,Hors intersection,Normale,Autre collision,,,,,,,,,,,1,2,1,1,6
201500029958,0015-07-31 09:20:00,15,7,31,9,20,590,220,ARRAS ROUTE D     N°IMPA,,,Plein jour,En agglomération,Hors intersection,Normale,Autre collision,,,,,,,,,,,1,2,1,1,6
201500029959,0015-11-07 00:25:00,15,11,7,0,25,590,350,", FEBVRIER JACQUES PLACE",,,Nuit avec éclairage allumé,En agglomération,Hors intersection,Pluie légère,Autre collision,,,,,,,,,,,5,2,1,2,6
201500029960,0015-11-02 08:50:00,15,11,2,8,50,590,9,CANTELEU AVENUE DE,,,Plein jour,En agglomération,Hors intersection,Normale,Deux véhicules - arrière,,,,,,,,,,,1,2,1,1,2
201500029961,0015-11-13 15:40:00,15,11,13,15,40,590,350,LORRAINE BOULEVARD,49.7,6.7,Plein jour,En agglomération,Intersection en X,Pluie forte,Autre collision,,,,,,,,,,,1,2,2,3,6
201500029962,0015-11-07 07:30:00,15,11,7,7,30,590,507,"38, LESQUIN RUE DE",50.5976,3.09684,Nuit avec éclairage allumé,En agglomération,Intersection en T,Temps couvert,Deux véhicules - côté,,,,,,,,,,,5,2,3,8,3
201500029963,0015-10-01 20:20:00,15,10,1,20,20,590,350,"NC, SEGARD NORBERT RUE",50.63417,3.04539,Nuit avec éclairage allumé,En agglomération,Intersection en X,Temps couvert,Deux véhicules - côté,,,,,,,,,,,5,2,2,8,3
201500029964,0015-11-22 17:40:00,15,11,22,17,40,590,350,ALSACE BOULEVARD D,,,Crépuscule ou aube,En agglomération,Place,Pluie forte,Autre collision,,,,,,,,,,,2,2,7,3,6
201500029965,0015-11-12 10:10:00,15,11,12,10,10,590,350,"13, JACQUARD RUE",,,Plein jour,En agglomération,Hors intersection,Normale,Autre collision,,,,,,,,,,,1,2,1,1,6
201500029966,0015-11-07 13:30:00,15,11,7,13,30,590,193,"GUSTAVE DELORY, RUE",,,Plein jour,Hors agglomération,Hors intersection,Normale,Deux véhicules - côté,,,,,,,,,,,1,1,1,1,3
201500029967,0015-11-20 18:25:00,15,11,20,18,25,590,9,DE VALMY BOULEVARD,50.61918,3.12666,Plein jour,Hors agglomération,Hors intersection,Normale,Autre collision,,,,,,,,,,,1,1,1,1,6
201500029968,0015-11-30 08:30:00,15,11,30,8,30,590,560,", DORMOY MARX RUE",,,Plein jour,En agglomération,Hors intersection,Pluie légère,Autre collision,,,,,,,,,,,1,2,1,2,6
201500029969,0015-11-14 20:00:00,15,11,14,20,0,590,350,REPUBLIQUE AVENUE DE LA,50.6392,3.01267,Crépuscule ou aube,En agglomération,Hors intersection,Temps couvert,Autre collision,,,,,,,,,,,2,2,1,8,6
201500029970,0015-12-03 10:35:00,15,12,3,10,35,590,560,GUISE CHEMIN DE L'ARBRE,,,Plein jour,Hors agglomération,Hors intersection,Normale,Autre collision,,,,,,,,,,,1,1,1,1,6
201500029971,0015-11-28 19:45:00,15,11,28,19,45,590,195,ZONE COMMERCIALE,50.63394,2.97124,Nuit sans éclairage public,Hors agglomération,Hors intersection,Pluie légère,Deux véhicules - côté,,,,,,,,,,,3,1,1,2,3
201500029972,0015-11-12 16:05:00,15,11,12,16,5,590,9,"83, DETROY ALEXANDRE RUE",50.63448,3.12689,Plein jour,En agglomération,Hors intersection,Normale,Autre collision,,,,,,,,,,,1,2,1,1,6
201500029973,0015-11-02 08:15:00,15,11,2,8,15,590,360,PARE AMBROISE RUE,,,Plein jour,Hors agglomération,Intersection en T,Normale,Autre collision,,,,,,,,,,,1,1,3,1,6
201500029974,0015-12-11 07:45:00,15,12,11,7,45,590,286,VANDERHAGEN ALBERT RUE,,,Crépuscule ou aube,En agglomération,Hors intersection,Pluie légère,Autre collision,,,,,,,,,,,2,2,1,2,6
201500029975,0015-12-11 23:50:00,15,12,11,23,50,590,648,HUGO VICTOR RUE,50.59026,3.03489,Nuit avec éclairage allumé,Hors agglomération,Intersection en T,Pluie légère,Deux véhicules - côté,,,,,,,,,,,5,1,3,2,3
201500029976,0015-12-14 20:05:00,15,12,14,20,5,590,350,HEGEL RUE,50.63127,3.0221,Nuit avec éclairage allumé,En agglomération,Intersection en T,Normale,Deux véhicules - côté,,,,,,,,,,,5,2,3,1,3
201500029977,0015-11-26 13:40:00,15,11,26,13,40,590,286,LOSTES RUE DES,50.36116,3.6116,Plein jour,Hors agglomération,Intersection en X,Normale,Trois véhicules et plus - collisions multiples,,,,,,,,,,,1,1,2,1,5
201500029978,0015-10-30 16:05:00,15,10,30,16,5,590,410,"50, DE GAULLE RUE DU GEN",,,Plein jour,En agglomération,Hors intersection,Normale,Autre collision,,,,,,,,,,,1,2,1,1,6
201500029979,0015-12-18 07:10:00,15,12,18,7,10,590,350,"07, TURENNE RUE",50.62901,3.03672,Nuit avec éclairage allumé,En agglomération,Intersection en T,Normale,Deux véhicules - côté,,,,,,,,,,,5,2,3,1,3
201500029980,0015-12-10 17:50:00,15,12,10,17,50,590,350,FUSILLES RUE DES,50.63853,2.96905,Nuit avec éclairage allumé,En agglomération,Hors intersection,Pluie légère,Deux véhicules - côté,,,,,,,,,,,5,2,1,2,3
201500029981,0015-12-11 21:25:00,15,12,11,21,25,590,286,ENGLOS RUE D,50.63499,2.96493,Nuit avec éclairage allumé,En agglomération,Intersection en T,Autre,Deux véhicules - côté,,,,,,,,,,,5,2,3,9,3
201500029982,0015-12-23 19:30:00,15,12,23,19,30,590,560,"172, BURGAULT RUE",50.54608,3.04277,Nuit avec éclairage allumé,En agglomération,Hors intersection,Normale,Deux véhicules - arrière,,,,,,,,,,,5,2,1,1,2
201500029983,0015-12-28 07:55:00,15,12,28,7,55,590,350,FAUBOURG DES POSTES RUE,,,Nuit avec éclairage allumé,En agglomération,Intersection en X,Normale,Deux véhicules - côté,,,,,,,,,,,5,2,2,1,3
201500029984,0015-12-07 15:55:00,15,12,7,15,55,590,9,VAN GOGH BOULEVARD,50.62072,3.1315,Crépuscule ou aube,En agglomération,Autre intersection,Normale,Deux véhicules - frontale,,,,,,,,,,,2,2,9,1,1
201500029985,0015-11-07 09:00:00,15,11,7,9,0,590,350,RUE DU PONT A FOURCHON,,,Plein jour,En agglomération,Intersection en T,Normale,Autre collision,,,,,,,,,,,1,2,3,1,6
201500029986,0015-12-20 17:20:00,15,12,20,17,20,590,392,"136, HAUTMONT (RUE D')",,,Nuit avec éclairage allumé,En agglomération,Hors intersection,Normale,Deux véhicules - côté,,,,,,,,,,,5,2,1,1,3
201500029987,0015-04-26 12:25:00,15,4,26,12,25,590,230,"3, MARECHAL FOCH (AVENUE",50.18388,3.59371,Plein jour,En agglomération,Hors intersection,Temps couvert,Deux véhicules - arrière,,,,,,,,,,,1,2,1,8,2
201500029988,0015-04-24 07:25:00,15,4,24,7,25,590,392,395Boulevard de l' Europ,50.27488,3.96842,Plein jour,En agglomération,Intersection en T,Normale,Autre collision,,,,,,,,,,,1,2,3,1,6
201500029989,0015-06-08 16:34:00,15,6,8,16,34,590,392,35 Rue dHautmont,50.27057,3.95255,Plein jour,En agglomération,Hors intersection,Normale,Autre collision,,,,,,,,,,,1,2,1,1,6
201500029990,0015-07-13 23:40:00,15,7,13,23,40,590,291,"143, LOUVROIL (RUE DE)",50.25661,3.93393,Nuit avec éclairage allumé,En agglomération,Hors intersection,Normale,Autre collision,,,,,,,,,,,5,2,1,1,6
201500029991,0015-09-24 14:50:00,15,9,24,14,50,590,291,"25, MARCEL AIME (AVENUE)",,,Plein jour,En agglomération,Intersection en T,Normale,Deux véhicules - frontale,,,,,,,,,,,1,2,3,1,1
201500029992,0015-11-12 16:20:00,15,11,12,16,20,590,392,"25, CORBEAU (RUE DU)",,,Plein jour,En agglomération,Intersection en X,Normale,Sans collision,,,,,,,,,,,1,2,2,1,7
201500029993,0015-12-31 06:00:00,15,12,31,6,0,590,365,"6, LANDRECIES (ROUTE DE)",,,Nuit avec éclairage allumé,En agglomération,Hors intersection,Normale,Deux véhicules - frontale,,,,,,,,,,,5,2,1,1,1
201500029994,0015-02-10 21:15:00,15,2,10,21,15,590,543,74 rue dHautmont,50.23583,3.91241,Nuit avec éclairage allumé,En agglomération,Hors intersection,Temps couvert,Deux véhicules - frontale,,,,,,,,,,,5,2,1,8,1
201500029995,0015-02-17 11:09:00,15,2,17,11,9,590,650,"PONT,MONT A LEUX (RUE D",50.7178,3.19389,Plein jour,En agglomération,Intersection en X,Normale,Deux véhicules - frontale,,,,,,,,,,,1,2,2,1,1
201500029996,0015-02-18 16:50:00,15,2,18,16,50,590,512,"140,  SAINT JEAN  (RUE)",50.68827,3.18222,Plein jour,En agglomération,Hors intersection,Temps éblouissant,Autre collision,,,,,,,,,,,1,2,1,7,6
201500029997,0015-02-18 17:45:00,15,2,18,17,45,590,163,"1, JAURES (RUE JEAN)",50.41192,3.11003,Crépuscule ou aube,En agglomération,Hors intersection,Normale,Autre collision,,,,,,,,,,,2,2,1,1,6
201500029998,0015-02-19 04:30:00,15,2,19,4,30,590,650,CORNEILLE  (RUE),50.71336,3.18878,Nuit avec éclairage allumé,En agglomération,Hors intersection,Normale,Autre collision,,,,,,,,,,,5,2,1,1,6
201500029999,0015-02-19 18:15:00,15,2,19,18,15,590,512,"36, COMMUNAUTE URBAINE (",50.42513,3.11039,Nuit avec éclairage allumé,En agglomération,Hors intersection,Normale,Deux véhicules - côté,,,,,,,,,,,5,2,1,1,3
201500030000,0015-02-19 19:30:00,15,2,19,19,30,590,163,"1, ZOLA (BOULEVARD EMILE",50.40364,3.11091,Nuit avec éclairage allumé,En agglomération,Hors intersection,Normale,Autre collision,,,,,,,,,,,5,2,1,1,6
201500030001,0015-02-20 23:35:00,15,2,20,23,35,590,512,"1, MOTTE (AVENUE ALFRED)",,,Nuit avec éclairage allumé,En agglomération,Intersection en X,Pluie légère,Deux véhicules - côté,,,,,,,,,,,5,2,2,2,3
201500030002,0015-02-22 16:10:00,15,2,22,16,10,590,512,"128, BEAUREWAERT (RUE DE",,,Plein jour,En agglomération,Hors intersection,Normale,Autre collision,,,,,,,,,,,1,2,1,1,6
201500030003,0015-02-23 15:50:00,15,2,23,15,50,590,512,LANNOY (RUE DE ),,,Plein jour,En agglomération,Hors intersection,Normale,Autre collision,,,,,,,,,,,1,2,1,1,6
201500030004,0015-02-25 10:45:00,15,2,25,10,45,590,512,"101,  TOURCOING (RUE DE)",50.70275,3.17417,Plein jour,En agglomération,Intersection en X,Pluie légère,Autre collision,,,,,,,,,,,1,2,2,2,6
201500030005,0015-02-26 17:30:00,15,2,26,17,30,590,339,", CARNOT (PLACE SADI)",50.41026,3.17058,Plein jour,En agglomération,Place,Pluie légère,Deux véhicules - arrière,,,,,,,,,,,1,2,7,2,2
201500030006,0015-03-02 09:45:00,15,3,2,9,45,590,512,"366, LANNOY (RUE DE )",,,Plein jour,En agglomération,Hors intersection,Temps éblouissant,Autre collision,,,,,,,,,,,1,2,1,7,6
201500030007,0015-03-02 11:40:00,15,3,2,11,40,590,512,"1, DECREME (RUE)",,,Plein jour,En agglomération,Intersection en X,Pluie légère,Deux véhicules - côté,,,,,,,,,,,1,2,2,2,3
201500030008,0015-03-04 13:50:00,15,3,4,13,50,590,512,"1, VAN DYCK (RUE)",,,Plein jour,En agglomération,Intersection en X,Normale,Deux véhicules - côté,,,,,,,,,,,1,2,2,1,3
201500030009,0015-03-04 15:18:00,15,3,4,15,18,590,512,"150, SAINT JEAN  (RUE)",,,Plein jour,En agglomération,Intersection en X,Normale,Autre collision,,,,,,,,,,,1,2,2,1,6
201500030010,0015-03-04 17:47:00,15,3,4,17,47,590,512,"459, GRANDE RUE",50.69666,3.18778,Plein jour,En agglomération,Intersection en X,Normale,Autre collision,,,,,,,,,,,1,2,2,1,6
201500030011,0015-03-06 11:45:00,15,3,6,11,45,590,650,LIBERTE (BOULEVARD DE LA,,,Plein jour,En agglomération,Hors intersection,Normale,Deux véhicules - arrière,,,,,,,,,,,1,2,1,1,2
201500030012,0015-03-07 16:15:00,15,3,7,16,15,590,339,CD 700,50.68677,3.22622,Plein jour,Hors agglomération,Hors intersection,Normale,Trois véhicules et plus - en chaîne,,,,,,,,,,,1,1,1,1,4
201500030013,0015-03-08 19:45:00,15,3,8,19,45,590,512,"1, ORAN (RUE D')",,,Nuit avec éclairage allumé,En agglomération,Intersection en X,Normale,Deux véhicules - côté,,,,,,,,,,,5,2,2,1,3
201500030014,0015-03-10 11:00:00,15,3,10,11,0,590,512,GAMBETTA (BOULEVARD),,,Plein jour,En agglomération,Hors intersection,Normale,Autre collision,,,,,,,,,,,1,2,1,1,6
201500030015,0015-03-11 14:00:00,15,3,11,14,0,590,512,FRANCE (RUE DE),,,Plein jour,En agglomération,Intersection en X,Normale,Deux véhicules - côté,,,,,,,,,,,1,2,2,1,3
201500030016,0015-03-11 16:40:00,15,3,11,16,40,590,367,EUROPE (AVENUE DE L'),,,Plein jour,En agglomération,Intersection en T,Normale,Deux véhicules - côté,,,,,,,,,,,1,2,3,1,3
201500030017,0015-03-15 12:15:00,15,3,15,12,15,590,646,"21, FLANDRE (AVENUE DE)",,,Plein jour,En agglomération,Intersection en X,Normale,Deux véhicules - côté,,,,,,,,,,,1,2,2,1,3
201500030018,0015-03-15 16:40:00,15,3,15,16,40,590,367,RD 700,,,Plein jour,Hors agglomération,Hors intersection,Temps couvert,Deux véhicules - côté,,,,,,,,,,,1,1,1,8,3
201500030019,0015-03-15 18:39:00,15,3,15,18,39,590,339,"93, CATTEAU (RUE PIERRE)",,,Plein jour,En agglomération,Hors intersection,Normale,Trois véhicules et plus - en chaîne,,,,,,,,,,,1,2,1,1,4
201500030020,0015-03-16 11:10:00,15,3,16,11,10,590,512,"84, MAUFAIT (RUE DE",,,Plein jour,En agglomération,Hors intersection,Normale,Autre collision,,,,,,,,,,,1,2,1,1,6
201500030021,0015-03-16 19:55:00,15,3,16,19,55,590,512,MOREAU (RUE EMILE),,,Nuit avec éclairage allumé,En agglomération,Intersection en T,Normale,Deux véhicules - côté,,,,,,,,,,,5,2,3,1,3
201500030022,0015-03-17 08:10:00,15,3,17,8,10,590,299,"33, ECOLES (RUE DES)",,,Plein jour,En agglomération,Intersection en X,Normale,Deux véhicules - côté,,,,,,,,,,,1,2,2,1,3