accident_id,datetime,annee,mois,jour,heure,minute,departement,commune_insee,adresse,latitude,longitude,luminosite,agglomeration,intersection,meteo,collision,nb_vehicules,nb_usagers,nb_indemnes,nb_tues,nb_blesses_hosp,nb_blesses_legers,age_cond_1,age_cond_2,veh_type_cond_1,veh_type_cond_2,lum_code,agg_code,int_code,atm_code,col_code
201500030420,0015-05-21 13:45:00,15,5,21,13,45,590,484,"0, JAURES (AVENUE JEAN)",,,Plein jour,En agglomération,Intersection en X,Normale,Deux véhicules - frontale,,,,,,,,,,,1,2,2,1,1
201500030421,0015-05-19 19:20:00,15,5,19,19,20,590,606,"0, LOMPREZ (IMPASSE)",,,Plein jour,En agglomération,Hors intersection,Normale,Autre collision,,,,,,,,,,,1,2,1,1,6
201500030422,0015-04-17 14:20:00,15,4,17,14,20,590,606,"77, HORNE (AVENUE GENERA",,,Plein jour,En agglomération,Hors intersection,Normale,Autre collision,,,,,,,,,,,1,2,1,1,6
201500030423,0015-04-17 22:00:00,15,4,17,22,0,590,606,"00, HARPIGNIES (BOULEVAR",,,Nuit avec éclairage allumé,En agglomération,Hors intersection,Normale,Deux véhicules - frontale,,,,,,,,,,,5,2,1,1,1
201500030424,0015-03-02 12:00:00,15,3,2,12,0,590,32,"00, RD 958",,,Plein jour,Hors agglomération,Hors intersection,Pluie légère,Deux véhicules - frontale,,,,,,,,,,,1,1,1,2,1
201500030425,0015-05-13 14:20:00,15,5,13,14,20,590,79,LEDUC (AVENUE MARGUERITE,,,Plein jour,En agglomération,Hors intersection,Normale,Autre collision,,,,,,,,,,,1,2,1,1,6
201500030426,0015-05-09 13:00:00,15,5,9,13,0,590,606,MAGALOTTI (RUE),,,Plein jour,En agglomération,Hors intersection,Normale,Autre collision,,,,,,,,,,,1,2,1,1,6
201500030427,0015-05-12 15:40:00,15,5,12,15,40,590,447,BAUDELIERS (CHEMIN DES),,,Plein jour,En agglomération,Hors intersection,Normale,Autre collision,,,,,,,,,,,1,2,1,1,6
201500030428,0015-05-30 14:20:00,15,5,30,14,20,590,475,VIAN (RUE BORIS),,,Plein jour,En agglomération,Hors intersection,Normale,Autre collision,,,,,,,,,,,1,2,1,1,6
201500030429,0015-05-22 16:40:00,15,5,22,16,40,590,447,DOUMER (RUE PAUL),,,Plein jour,En agglomération,Hors intersection,Normale,Autre collision,,,,,,,,,,,1,2,1,1,6
201500030430,0015-06-04 08:30:00,15,6,4,8,30,590,606,"00, VILLARS (PONT)",,,Plein jour,En agglomération,Hors intersection,Normale,Autre collision,,,,,,,,,,,1,2,1,1,6
201500030431,0015-05-12 12:30:00,15,5,12,12,30,590,564,"80, SALENGRO (RUE ROGER)",50.35194,3.48263,Plein jour,En agglomération,Hors intersection,Normale,Sans collision,,,,,,,,,,,1,2,1,1,7
201500030432,0015-05-29 12:30:00,15,5,29,12,30,590,606,"00, QUESNOY (RUE DU)",,,Plein jour,En agglomération,Hors intersection,Normale,Autre collision,,,,,,,,,,,1,2,1,1,6
201500030433,0015-05-26 12:20:00,15,5,26,12,20,590,606,"16, DE LATTRE DE TASSIGN",,,Plein jour,En agglomération,Hors intersection,Normale,Autre collision,,,,,,,,,,,1,2,1,1,6
201500030434,0015-05-29 08:15:00,15,5,29,8,15,590,557,"00, BARBUSSE (AVENUE HEN",,,Plein jour,En agglomération,Intersection en X,Normale,Deux véhicules - côté,,,,,,,,,,,1,2,2,1,3
201500030435,0015-06-28 06:50:00,15,6,28,6,50,590,14,"00, CARNOT (RUE)",,,Plein jour,En agglomération,Intersection en X,Normale,Autre collision,,,,,,,,,,,1,2,2,1,6
201500030436,0015-06-04 19:25:00,15,6,4,19,25,590,606,"00, ALLIES (BOULEVARD DE",50.36625,3.52416,Plein jour,En agglomération,Hors intersection,Normale,Autre collision,,,,,,,,,,,1,2,1,1,6
201500030437,0015-06-12 10:30:00,15,6,12,10,30,590,544,"00, SCHWEITZER (AVENUE)",,,Plein jour,En agglomération,Hors intersection,Normale,Autre collision,,,,,,,,,,,1,2,1,1,6
201500030438,0015-06-27 19:00:00,15,6,27,19,0,590,475,"112, LIEGE (RUE DE)",,,Plein jour,En agglomération,Hors intersection,Normale,Autre collision,,,,,,,,,,,1,2,1,1,6
201500030439,0015-07-18 08:45:00,15,7,18,8,45,590,459,"00, MITTERAND (François",,,Plein jour,En agglomération,Autre intersection,Normale,Deux véhicules - côté,,,,,,,,,,,1,2,9,1,3
201500030440,0015-08-12 18:50:00,15,8,12,18,50,590,79,"37-39, HUIT MAI 1945 (RU",50.37975,3.50944,Plein jour,En agglomération,Hors intersection,Normale,Deux véhicules - côté,,,,,,,,,,,1,2,1,1,3
201500030441,0015-08-30 07:45:00,15,8,30,7,45,590,491,142 rue Jean Jaurès,50.39342,3.47136,Crépuscule ou aube,En agglomération,Hors intersection,Normale,Autre collision,,,,,,,,,,,2,2,1,1,6
201500030442,0015-07-09 16:20:00,15,7,9,16,20,590,479,"00, RD 50",50.40469,3.61875,Plein jour,Hors agglomération,Intersection en X,Normale,Deux véhicules - côté,,,,,,,,,,,1,1,2,1,3
201500030443,0015-07-29 16:00:00,15,7,29,16,0,590,112,"00, EUROPE (RUE DE L')",50.39391,3.53497,Plein jour,En agglomération,Intersection en T,Normale,Autre collision,,,,,,,,,,,1,2,3,1,6
201500030444,0015-09-04 18:10:00,15,9,4,18,10,590,447,"9, RUE HECTOR BERLIOZ",50.39919,3.60252,Plein jour,En agglomération,Hors intersection,Normale,Autre collision,,,,,,,,,,,1,2,1,1,6
201500030445,0015-07-19 03:00:00,15,7,19,3,0,590,447,"26, PARMENTIER (RUE)",50.38336,3.60366,Nuit avec éclairage allumé,En agglomération,Hors intersection,Pluie légère,Autre collision,,,,,,,,,,,5,2,1,2,6
201500030446,0015-08-28 14:15:00,15,8,28,14,15,590,447,"29, JAURES (RUE JEAN)",50.38088,3.58361,Plein jour,En agglomération,Hors intersection,Normale,Autre collision,,,,,,,,,,,1,2,1,1,6
201500030447,0015-08-21 22:20:00,15,8,21,22,20,590,491,"00, SALENGRO (RUE ROGER)",50.40152,3.46158,Nuit avec éclairage allumé,En agglomération,Intersection en T,Normale,Deux véhicules - côté,,,,,,,,,,,5,2,3,1,3
201500030448,0015-09-29 09:00:00,15,9,29,9,0,590,383,"96, BARBUSSE (AVENUE HEN",50.35063,3.54288,Plein jour,En agglomération,Hors intersection,Normale,Autre collision,,,,,,,,,,,1,2,1,1,6
201500030449,0015-08-25 00:20:00,15,8,25,0,20,590,606,"00, VILLARS (PONT)",50.35938,3.51502,Nuit avec éclairage allumé,En agglomération,Hors intersection,Pluie forte,Autre collision,,,,,,,,,,,5,2,1,3,6
201500030450,0015-09-21 14:25:00,15,9,21,14,25,590,606,"0, DUNKERQUE (AVENUE DE)",50.36561,3.51491,Plein jour,En agglomération,Giratoire,Normale,Deux véhicules - arrière,,,,,,,,,,,1,2,6,1,2
201500030451,0015-07-28 18:00:00,15,7,28,18,0,590,479,"71, PASTEUR (RUE)",50.39527,3.61705,Plein jour,En agglomération,Hors intersection,Normale,Autre collision,,,,,,,,,,,1,2,1,1,6
201500030452,0015-08-05 13:45:00,15,8,5,13,45,590,603,"00, RD 88",50.3255,3.50455,Plein jour,En agglomération,Hors intersection,Normale,Autre collision,,,,,,,,,,,1,2,1,1,6
201500030453,0015-08-18 22:00:00,15,8,18,22,0,590,475,"00, GARE (RUE DE LA)",50.31544,3.45494,Nuit avec éclairage allumé,En agglomération,Hors intersection,Normale,Autre collision,,,,,,,,,,,5,2,1,1,6
201500030454,0015-10-24 21:50:00,15,10,24,21,50,590,160,"46, DEPORTES (RUE DES)",,,Nuit avec éclairage allumé,En agglomération,Hors intersection,Normale,Deux véhicules - côté,,,,,,,,,,,5,2,1,1,3
201500030455,0015-10-10 10:20:00,15,10,10,10,20,590,606,"8, INCAS (RUE DES)",50.35738,3.52875,Plein jour,En agglomération,Hors intersection,Normale,Autre collision,,,,,,,,,,,1,2,1,1,6
201500030456,0015-11-14 22:50:00,15,11,14,22,50,590,207,RD 935 N,50.4085,3.57942,Nuit sans éclairage public,Hors agglomération,Hors intersection,Normale,Deux véhicules - frontale,,,,,,,,,,,3,1,1,1,1
201500030457,0015-11-20 19:50:00,15,11,20,19,50,590,606,"22, WATTEAU (BOULEVARD)",50.3553,3.53018,Crépuscule ou aube,En agglomération,Hors intersection,Pluie légère,Autre collision,,,,,,,,,,,2,2,1,2,6
201500030458,0015-09-09 05:00:00,15,9,9,5,0,590,479,"00, RD 50",50.4008,3.63983,Nuit sans éclairage public,Hors agglomération,Hors intersection,Brouillard / fumée,Deux véhicules - arrière,,,,,,,,,,,3,1,1,5,2
201500030459,0015-09-28 14:00:00,15,9,28,14,0,590,606,"00, LOMPREZ (RUE)",50.35577,3.50111,Plein jour,Hors agglomération,Hors intersection,Normale,Autre collision,,,,,,,,,,,1,1,1,1,6
201500030460,0015-09-06 00:01:00,15,9,6,0,1,590,544,"27, DURRE (RUE HENRI)",50.37953,3.55173,Nuit avec éclairage allumé,En agglomération,Hors intersection,Normale,Deux véhicules - frontale,,,,,,,,,,,5,2,1,1,1
201500030461,0015-09-09 16:30:00,15,9,9,16,30,590,606,"00, DUBLED (RUE LEON)",,,Plein jour,En agglomération,Hors intersection,Normale,Autre collision,,,,,,,,,,,1,2,1,1,6
201500030462,0015-12-06 05:00:00,15,12,6,5,0,590,491,"2, JAURES (RUE JEAN)",50.392,3.48061,Nuit avec éclairage allumé,En agglomération,Hors intersection,Normale,Autre collision,,,,,,,,,,,5,2,1,1,6
201500030463,0015-10-12 18:30:00,15,10,12,18,30,590,606,"20, DENAIN (AVENUE DE)",50.35608,3.50283,Plein jour,En agglomération,Hors intersection,Normale,Autre collision,,,,,,,,,,,1,2,1,1,6
201500030464,0015-10-05 19:40:00,15,10,5,19,40,590,447,"00, JAURES (RUE JEAN)",50.38694,3.60122,Nuit avec éclairage non allumé,En agglomération,Hors intersection,Pluie légère,Autre collision,,,,,,,,,,,4,2,1,2,6
201500030465,0015-10-09 21:20:00,15,10,9,21,20,590,447,"00, JAURES (RUE JEAN)",,,Nuit avec éclairage allumé,En agglomération,Intersection en T,Normale,Deux véhicules - côté,,,,,,,,,,,5,2,3,1,3
201500030466,0015-11-06 17:45:00,15,11,6,17,45,590,606,"00, REPUBLIQUE (PLACE DE",,,Nuit avec éclairage allumé,En agglomération,Hors intersection,Pluie légère,Autre collision,,,,,,,,,,,5,2,1,2,6
201500030467,0015-12-06 18:00:00,15,12,6,18,0,590,515,"47B, NATIONALE (ROUTE)",50.32808,3.44308,Crépuscule ou aube,En agglomération,Hors intersection,Normale,Deux véhicules - arrière,,,,,,,,,,,2,2,1,1,2
201500030468,0015-11-27 12:00:00,15,11,27,12,0,590,14,"00, RAISMES (RUE DE)",,,Plein jour,En agglomération,Hors intersection,Normale,Autre collision,,,,,,,,,,,1,2,1,1,6
201500030469,0015-11-27 19:15:00,15,11,27,19,15,590,606,"00, CARPEAUX (BOULEVARD)",,,Nuit avec éclairage allumé,En agglomération,Hors intersection,Normale,Autre collision,,,,,,,,,,,5,2,1,1,6
201500030470,0015-11-27 19:50:00,15,11,27,19,50,590,484,"00, CRONTE VOYE (RUE)",,,Nuit avec éclairage allumé,En agglomération,Hors intersection,Normale,Autre collision,,,,,,,,,,,5,2,1,1,6
201500030471,0015-11-27 18:05:00,15,11,27,18,5,590,606,"00, VERDUN (AVENUE DE)",,,Nuit avec éclairage allumé,En agglomération,Intersection en X,Normale,Deux véhicules - côté,,,,,,,,,,,5,2,2,1,3
201500030472,0015-01-04 20:25:00,15,1,4,20,25,590,14,"00, CARNOT (RUE)",,,Nuit avec éclairage allumé,En agglomération,Intersection en X,Normale,Autre collision,,,,,,,,,,,5,2,2,1,6
201500030473,0015-01-05 07:30:00,15,1,5,7,30,590,606,"00, MONS (RUE DE)",,,Nuit avec éclairage allumé,En agglomération,Hors intersection,Autre,Autre collision,,,,,,,,,,,5,2,1,9,6
201500030474,0015-01-06 07:30:00,15,1,6,7,30,590,32,"00, MOUSSERON (RUE JULES",,,Crépuscule ou aube,En agglomération,Hors intersection,Normale,Autre collision,,,,,,,,,,,2,2,1,1,6
201500030475,0015-01-07 17:50:00,15,1,7,17,50,590,14,"10, MATHIEU (RUE PIERRE)",,,Nuit avec éclairage allumé,En agglomération,Intersection en T,Temps couvert,Autre collision,,,,,,,,,,,5,2,3,8,6
201500030476,0015-01-07 17:40:00,15,1,7,17,40,590,606,"00, SENATEUR GIRARD (AVE",,,Crépuscule ou aube,En agglomération,Giratoire,Normale,Autre collision,,,,,,,,,,,2,2,6,1,6
201500030477,0015-01-07 17:30:00,15,1,7,17,30,590,613,"00, RD 50",,,Crépuscule ou aube,Hors agglomération,Autre intersection,Normale,Deux véhicules - côté,,,,,,,,,,,2,1,9,1,3
201500030478,0015-01-09 19:45:00,15,1,9,19,45,590,606,"00, WATTEAU (BOULEVARD)",,,Nuit avec éclairage allumé,En agglomération,Hors intersection,Normale,Autre collision,,,,,,,,,,,5,2,1,1,6
201500030479,0015-01-17 13:30:00,15,1,17,13,30,590,606,"104, VERDUN (AVENUE DE)",,,Plein jour,En agglomération,Intersection en X,Normale,Autre collision,,,,,,,,,,,1,2,2,1,6
201500030480,0015-01-10 10:35:00,15,1,10,10,35,590,459,"00, LELEU (rue Yves)",,,Plein jour,En agglomération,Intersection en T,Normale,Autre collision,,,,,,,,,,,1,2,3,1,6
201500030481,0015-01-21 21:20:00,15,1,21,21,20,590,383,JAURES (RUE JEAN),,,Nuit avec éclairage allumé,En agglomération,Hors intersection,Normale,Autre collision,,,,,,,,,,,5,2,1,1,6
201500030482,0015-01-23 13:00:00,15,1,23,13,0,590,606,"00, SERGENT CAIRNS (AVEN",,,Plein jour,En agglomération,Intersection en X,Normale,Autre collision,,,,,,,,,,,1,2,2,1,6
201500030483,0015-01-23 13:50:00,15,1,23,13,50,590,606,"00, DENAIN (AVENUE DE)",,,Plein jour,En agglomération,Intersection en T,Normale,Deux véhicules - côté,,,,,,,,,,,1,2,3,1,3
201500030484,0015-01-26 11:30:00,15,1,26,11,30,590,606,"10, EISEN (BOULEVARD)",,,Plein jour,En agglomération,Hors intersection,Normale,Deux véhicules - arrière,,,,,,,,,,,1,2,1,1,2
201500030485,0015-01-27 18:30:00,15,1,27,18,30,590,606,"41, JOLIMETZ (RUE DU)",,,Nuit avec éclairage allumé,En agglomération,Hors intersection,Normale,Autre collision,,,,,,,,,,,5,2,1,1,6
201500030486,0015-01-29 07:05:00,15,1,29,7,5,590,606,MAISON D'ARRET - RUE LOM,,,Crépuscule ou aube,En agglomération,Hors intersection,Normale,Autre collision,,,,,,,,,,,2,2,1,1,6
201500030487,0015-02-03 23:40:00,15,2,3,23,40,590,14,"234, JAURES (RUE JEAN)",,,Nuit avec éclairage allumé,En agglomération,Hors intersection,Normale,Trois véhicules et plus - en chaîne,,,,,,,,,,,5,2,1,1,4
201500030488,0015-02-07 09:20:00,15,2,7,9,20,590,459,"0, A23 sens Valenciennes",,,Plein jour,En agglomération,Intersection en T,Normale,Autre collision,,,,,,,,,,,1,2,3,1,6
201500030489,0015-02-06 16:05:00,15,2,6,16,5,590,603,"0, HUIT MAI 1945 (RUE DU",,,Plein jour,En agglomération,Hors intersection,Normale,Autre collision,,,,,,,,,,,1,2,1,1,6
201500030490,0015-02-11 17:30:00,15,2,11,17,30,590,606,"00, REIMS (AVENUE DE)",,,Plein jour,En agglomération,Intersection en T,Normale,Autre collision,,,,,,,,,,,1,2,3,1,6
201500030491,0015-02-12 22:00:00,15,2,12,22,0,590,491,"47C, SALENGRO (RUE ROGER",,,Nuit avec éclairage allumé,En agglomération,Hors intersection,Brouillard / fumée,Trois véhicules et plus - collisions multiples,,,,,,,,,,,5,2,1,5,5
201500030492,0015-02-11 19:00:00,15,2,11,19,0,590,14,"00, BEAULIEUX (RUE DU SO",,,Plein jour,En agglomération,Hors intersection,Normale,Deux véhicules - arrière,,,,,,,,,,,1,2,1,1,2
201500030493,0015-02-10 14:30:00,15,2,10,14,30,590,112,"128, JAURES (RUE JEAN)",,,Plein jour,En agglomération,Hors intersection,Normale,Trois véhicules et plus - en chaîne,,,,,,,,,,,1,2,1,1,4
201500030494,0015-06-13 21:00:00,15,6,13,21,0,680,112,162 rue de la République,47.91289,7.20699,Crépuscule ou aube,En agglomération,Intersection en T,Normale,Deux véhicules - côté,,,,,,,,,,,2,2,3,1,3
201500030495,0015-06-26 20:45:00,15,6,26,20,45,680,188,,47.93714,7.0633,Crépuscule ou aube,Hors agglomération,Hors intersection,Normale,Autre collision,,,,,,,,,,,2,1,1,1,6
201500030496,0015-03-21 09:05:00,15,3,21,9,5,680,43,RD83 PR 17+350,47.85778,7.24294,Plein jour,En agglomération,Hors intersection,Normale,Sans collision,,,,,,,,,,,1,2,1,1,7
201500030497,0015-05-24 08:15:00,15,5,24,8,15,680,156,,47.90714,7.26095,Plein jour,Hors agglomération,Hors intersection,Normale,Autre collision,,,,,,,,,,,1,1,1,1,6
201500030498,0015-06-17 11:45:00,15,6,17,11,45,680,315,rue de la marne,47.88883,7.22747,Plein jour,En agglomération,Intersection en X,Normale,Autre collision,,,,,,,,,,,1,2,2,1,6
201500030499,0015-09-12 03:45:00,15,9,12,3,45,680,43,,47.86875,7.25249,Nuit sans éclairage public,Hors agglomération,Hors intersection,Normale,Autre collision,,,,,,,,,,,3,1,1,1,6
201500030500,0015-10-30 14:00:00,15,10,30,14,0,680,315,,47.87351,7.24738,Plein jour,Hors agglomération,Giratoire,Normale,Deux véhicules - côté,,,,,,,,,,,1,1,6,1,3
201500030501,0015-05-12 21:15:00,15,5,12,21,15,430,100,"LIEU-DIT ""LA BARRAQUE""",45.2669,3.47908,Nuit sans éclairage public,Hors agglomération,Hors intersection,Normale,Deux véhicules - arrière,,,,,,,,,,,3,1,1,1,2
201500030502,0015-05-14 16:45:00,15,5,14,16,45,430,207,,45.2773,3.34385,Plein jour,Hors agglomération,Intersection en T,Normale,Deux véhicules - côté,,,,,,,,,,,1,1,3,1,3
201500030503,0015-07-05 12:15:00,15,7,5,12,15,430,262,"LIEU-DIT ""VAZEILLES""",,,Plein jour,Hors agglomération,Hors intersection,Normale,Autre collision,,,,,,,,,,,1,1,1,1,6
201500030504,0015-08-07 10:15:00,15,8,7,10,15,430,117,"LIEU-DIT ""LES LANIERS""",45.2408,3.45317,Plein jour,Hors agglomération,Intersection en T,Normale,Deux véhicules - frontale,,,,,,,,,,,1,1,3,1,1
201500030505,0015-11-08 13:00:00,15,11,8,13,0,430,207,X,45.2829,3.35455,Plein jour,Hors agglomération,Hors intersection,Temps éblouissant,Autre collision,,,,,,,,,,,1,1,1,7,6
201500030506,0015-06-26 15:00:00,15,6,26,15,0,430,228,LE BOURG,,,Plein jour,En agglomération,Hors intersection,Normale,Deux véhicules - côté,,,,,,,,,,,1,2,1,1,3
201500030507,0015-10-25 14:45:00,15,10,25,14,45,430,189,,45.2928,3.88319,Plein jour,Hors agglomération,Intersection en T,Normale,Deux véhicules - frontale,,,,,,,,,,,1,1,3,1,1
201500030508,0015-11-01 02:30:00,15,11,1,2,30,430,128,"LIEU-DIT ""LE BOUTON""",45.3503,3.7377,Nuit sans éclairage public,Hors agglomération,Hors intersection,Normale,Deux véhicules - frontale,,,,,,,,,,,3,1,1,1,1
201500030509,0015-10-08 15:00:00,15,10,8,15,0,410,194,avenue de villefranche,47.353,1.747,Plein jour,En agglomération,Hors intersection,Normale,Deux véhicules - côté,,,,,,,,,,,1,2,1,1,3
201500030510,0015-10-31 11:45:00,15,10,31,11,45,410,282,,47.36754,1.80639,Plein jour,Hors agglomération,Hors intersection,Normale,Deux véhicules - côté,,,,,,,,,,,1,1,1,1,3
201500030511,0015-11-19 12:15:00,15,11,19,12,15,410,194,,47.32882,1.77605,Plein jour,Hors agglomération,Hors intersection,Normale,Sans collision,,,,,,,,,,,1,1,1,1,7
201500030512,0015-04-03 15:00:00,15,4,3,15,0,410,67,,47.509,1.463,Plein jour,Hors agglomération,Hors intersection,Normale,Deux véhicules - frontale,,,,,,,,,,,1,1,1,1,1
201500030513,0015-04-12 14:30:00,15,4,12,14,30,410,34,,47.61,1.485,Plein jour,Hors agglomération,Hors intersection,Normale,Autre collision,,,,,,,,,,,1,1,1,1,6
201500030514,0015-04-01 19:30:00,15,4,1,19,30,410,50,,47.485,1.486,Plein jour,Hors agglomération,Hors intersection,Normale,Autre collision,,,,,,,,,,,1,1,1,1,6
201500030515,0015-04-22 10:30:00,15,4,22,10,30,410,262,route d'arian,47.541,1.514,Plein jour,Hors agglomération,Hors intersection,Normale,Deux véhicules - côté,,,,,,,,,,,1,1,1,1,3
201500030516,0015-06-20 22:00:00,15,6,20,22,0,410,160,,47.559,1.571,Crépuscule ou aube,Hors agglomération,Hors intersection,Normale,Autre collision,,,,,,,,,,,2,1,1,1,6
201500030517,0015-07-05 06:30:00,15,7,5,6,30,410,31,,47.52885,1.40206,Plein jour,Hors agglomération,Hors intersection,Normale,Sans collision,,,,,,,,,,,1,1,1,1,7
201500030518,0015-10-02 10:30:00,15,10,2,10,30,410,150,,47.56243,1.43307,Plein jour,Hors agglomération,Hors intersection,Normale,Deux véhicules - frontale,,,,,,,,,,,1,1,1,1,1
201500030519,0015-12-18 20:00:00,15,12,18,20,0,410,52,,47.48951,1.35965,Nuit sans éclairage public,Hors agglomération,Hors intersection,Normale,Deux véhicules - arrière,,,,,,,,,,,3,1,1,1,2
201500030520,0015-02-09 16:10:00,15,2,9,16,10,600,57,"12, MARECHAL LECLERC (RU",49.4338,2.07727,Plein jour,En agglomération,Hors intersection,Normale,Autre collision,,,,,,,,,,,1,2,1,1,6
201500030521,0015-09-10 18:20:00,15,9,10,18,20,600,57,COROT (AVENUE),49.43005,2.10486,Plein jour,Hors agglomération,Hors intersection,Normale,Autre collision,,,,,,,,,,,1,1,1,1,6
201500030522,0015-01-22 01:15:00,15,1,22,1,15,600,57,JOHN F. KENNEDY (AV)> RU,49.42385,2.10524,Nuit avec éclairage allumé,En agglomération,Autre intersection,Normale,Autre collision,,,,,,,,,,,5,2,9,1,6
201500030523,0015-12-09 08:20:00,15,12,9,8,20,600,57,"1, CHEVALIER (RUE)",49.42805,2.08108,Crépuscule ou aube,En agglomération,Hors intersection,Normale,Autre collision,,,,,,,,,,,2,2,1,1,6
201500030524,0015-01-30 16:08:00,15,1,30,16,8,600,57,ROUTE DE CREVECOEUR (CD,49.46666,2.07448,Plein jour,Hors agglomération,Hors intersection,Normale,Autre collision,,,,,,,,,,,1,1,1,1,6
201500030525,0015-11-29 18:00:00,15,11,29,18,0,600,57,"138, MARCEL DASSAULT (AV",49.44436,2.09298,Crépuscule ou aube,En agglomération,Hors intersection,Normale,Autre collision,,,,,,,,,,,2,2,1,1,6
201500030526,0015-01-29 15:00:00,15,1,29,15,0,600,57,"3, WAGE (RUE DU)",49.42896,2.10384,Plein jour,En agglomération,Hors intersection,Normale,Autre collision,,,,,,,,,,,1,2,1,1,6
201500030527,0015-05-25 03:30:00,15,5,25,3,30,600,57,PONT D'ARCOLE (RUE DU),49.4255,2.09157,Nuit avec éclairage allumé,En agglomération,Hors intersection,Normale,Autre collision,,,,,,,,,,,5,2,1,1,6
201500030528,0015-04-10 08:00:00,15,4,10,8,0,600,57,"7, WAGE (RUE DU)",49.25236,1.0614,Crépuscule ou aube,En agglomération,Hors intersection,Normale,Autre collision,,,,,,,,,,,2,2,1,1,6
201500030529,0015-04-18 18:23:00,15,4,18,18,23,600,57,"22, MOULIN JEAN (AVENUE)",49.43798,2.09422,Plein jour,Hors agglomération,Hors intersection,Normale,Autre collision,,,,,,,,,,,1,1,1,1,6
201500030530,0015-08-23 10:55:00,15,8,23,10,55,600,57,JEAN MERMOZ (AVENUE),49.43635,2.08241,Plein jour,En agglomération,Hors intersection,Normale,Autre collision,,,,,,,,,,,1,2,1,1,6
201500030531,0015-03-01 14:30:00,15,3,1,14,30,220,237,route de lamballe,48.52596,-2.24861,Plein jour,En agglomération,Hors intersection,Temps couvert,Deux véhicules - côté,,,,,,,,,,,1,2,1,8,3
201500030532,0015-04-15 18:15:00,15,4,15,18,15,220,209,,48.58141,-2.12775,Plein jour,Hors agglomération,Hors intersection,Normale,Deux véhicules - frontale,,,,,,,,,,,1,1,1,1,1
201500030533,0015-05-25 03:15:00,15,5,25,3,15,220,172,rue de la madeleine,48.52341,-2.24013,Nuit sans éclairage public,En agglomération,Hors intersection,Normale,Autre collision,,,,,,,,,,,3,2,1,1,6
201500030534,0015-06-19 20:45:00,15,6,19,20,45,220,105,,48.51594,-2.14425,Plein jour,Hors agglomération,Hors intersection,Normale,Deux véhicules - côté,,,,,,,,,,,1,1,1,1,3
201500030535,0015-07-09 14:15:00,15,7,9,14,15,220,209,la cornillet,48.54546,-2.10398,Plein jour,Hors agglomération,Hors intersection,Normale,Deux véhicules - arrière,,,,,,,,,,,1,1,1,1,2
201500030536,0015-07-11 16:15:00,15,7,11,16,15,220,172,10 RUE DE LA MADELEINE,48.52225,-2.2367,Plein jour,En agglomération,Intersection en T,Normale,Deux véhicules - frontale,,,,,,,,,,,1,2,3,1,1
201500030537,0015-07-17 14:15:00,15,7,17,14,15,220,104,LE VIEUX BOURG,48.39059,-2.21899,Plein jour,En agglomération,Hors intersection,Normale,Sans collision,,,,,,,,,,,1,2,1,1,7
201500030538,0015-07-29 18:00:00,15,7,29,18,0,220,209,lisnoble,48.56129,-2.16061,Plein jour,Hors agglomération,Hors intersection,Normale,Deux véhicules - côté,,,,,,,,,,,1,1,1,1,3
201500030539,0015-08-08 13:30:00,15,8,8,13,30,220,209,,48.57334,-2.1508,Plein jour,Hors agglomération,Hors intersection,Normale,Deux véhicules - frontale,,,,,,,,,,,1,1,1,1,1
201500030540,0015-10-18 14:30:00,15,10,18,14,30,220,318,,48.4734,-2.22133,Plein jour,Hors agglomération,Intersection en T,Normale,Deux véhicules - côté,,,,,,,,,,,1,1,3,1,3
201500030541,0015-10-18 14:45:00,15,10,18,14,45,220,318,,48.47351,-2.22155,Plein jour,Hors agglomération,Hors intersection,Normale,Autre collision,,,,,,,,,,,1,1,1,1,6
201500030542,0015-11-09 15:30:00,15,11,9,15,30,220,209,la Coudraie,48.5537,-2.161,Plein jour,Hors agglomération,Intersection en T,Normale,Deux véhicules - frontale,,,,,,,,,,,1,1,3,1,1
201500030543,0015-12-11 15:45:00,15,12,11,15,45,220,172,,48.53745,-2.22427,Plein jour,Hors agglomération,Intersection en T,Normale,Deux véhicules - côté,,,,,,,,,,,1,1,3,1,3
201500030544,0015-01-06 05:00:00,15,1,6,5,0,220,116,,48.49237,-3.03686,Nuit sans éclairage public,Hors agglomération,Hors intersection,Normale,Autre collision,,,,,,,,,,,3,1,1,1,6
201500030545,0015-03-10 10:15:00,15,3,10,10,15,220,182,SAINT BLAIZE,48.54738,-2.93828,Plein jour,Hors agglomération,Intersection en X,Temps couvert,Deux véhicules - côté,,,,,,,,,,,1,1,2,8,3
201500030546,0015-04-12 06:45:00,15,4,12,6,45,220,112,Califournie,48.64331,-3.00213,Crépuscule ou aube,Hors agglomération,Hors intersection,Normale,Deux véhicules - frontale,,,,,,,,,,,2,1,1,1,1
201500030547,0015-06-07 10:15:00,15,6,7,10,15,220,121,,48.63395,-2.9765,Plein jour,Hors agglomération,Hors intersection,Normale,Autre collision,,,,,,,,,,,1,1,1,1,6
201500030548,0015-07-03 07:45:00,15,7,3,7,45,220,177,Lieu-dit kergalet,48.63451,-2.93964,Plein jour,En agglomération,Giratoire,Normale,Autre collision,,,,,,,,,,,1,2,6,1,6
201500030549,0015-07-07 19:45:00,15,7,7,19,45,220,361,,48.59899,-2.95351,Plein jour,Hors agglomération,Hors intersection,Normale,Trois véhicules et plus - collisions multiples,,,,,,,,,,,1,1,1,1,5