accident_id,datetime,annee,mois,jour,heure,minute,departement,commune_insee,adresse,latitude,longitude,luminosite,agglomeration,intersection,meteo,collision,nb_vehicules,nb_usagers,nb_indemnes,nb_tues,nb_blesses_hosp,nb_blesses_legers,age_cond_1,age_cond_2,veh_type_cond_1,veh_type_cond_2,lum_code,agg_code,int_code,atm_code,col_code
201500031171,0015-10-04 11:10:00,15,10,4,11,10,630,164,Rond point de COURLANDE,45.8419,3.1577,Plein jour,En agglomération,Autre intersection,Normale,Deux véhicules - côté,,,,,,,,,,,1,2,9,1,3
201500031172,0015-11-11 17:45:00,15,11,11,17,45,630,63,"30, MOULIN (BD JEAN)",45.8312,3.1052,Plein jour,En agglomération,Hors intersection,Normale,Deux véhicules - arrière,,,,,,,,,,,1,2,1,1,2
201500031173,0015-11-14 16:45:00,15,11,14,16,45,630,19,HLM LES CHAPELLES,45.7984,3.1678,Plein jour,En agglomération,Autre intersection,Normale,Autre collision,,,,,,,,,,,1,2,9,1,6
201500031174,0015-11-17 16:40:00,15,11,17,16,40,630,164,"7, MITTERRAND ( Avenue F",45.8367,3.1583,Plein jour,En agglomération,Intersection en T,Normale,Deux véhicules - côté,,,,,,,,,,,1,2,3,1,3
201500031175,0015-11-19 19:45:00,15,11,19,19,45,630,63,"34, CHANAUD (RUE DE LA)",45.8222,3.1025,Plein jour,En agglomération,Intersection en T,Normale,Deux véhicules - côté,,,,,,,,,,,1,2,3,1,3
201500031176,0015-12-11 17:15:00,15,12,11,17,15,630,63,"34, BLANZAT (RUE DE)",45.83148,3.09181,Crépuscule ou aube,En agglomération,Hors intersection,Normale,Autre collision,,,,,,,,,,,2,2,1,1,6
201500031177,0015-01-14 04:30:00,15,1,14,4,30,630,63,17 av de la République,45.82847,3.10176,Nuit avec éclairage non allumé,En agglomération,Hors intersection,Normale,Autre collision,,,,,,,,,,,4,2,1,1,6
201500031178,0015-03-27 11:00:00,15,3,27,11,0,630,164,BONNET-TIXIER (RUE),45.82519,3.14136,Plein jour,En agglomération,Intersection en T,Normale,Deux véhicules - côté,,,,,,,,,,,1,2,3,1,3
201500031179,0015-04-23 10:25:00,15,4,23,10,25,630,300,,,,Plein jour,Hors agglomération,Hors intersection,Normale,Deux véhicules - frontale,,,,,,,,,,,1,1,1,1,1
201500031180,0015-05-14 03:10:00,15,5,14,3,10,630,300,rd-pt A71,,,Nuit avec éclairage allumé,Hors agglomération,Giratoire,Normale,Autre collision,,,,,,,,,,,5,1,6,1,6
201500031181,0015-05-22 06:00:00,15,5,22,6,0,630,300,ROCADE RD 446,45.90781,3.12069,Crépuscule ou aube,Hors agglomération,Hors intersection,Normale,Deux véhicules - frontale,,,,,,,,,,,2,1,1,1,1
201500031182,0015-06-13 10:30:00,15,6,13,10,30,630,300,CHABRIER EMMANUEL (RUE),45.885,3.1044,Plein jour,En agglomération,Intersection en X,Normale,Deux véhicules - côté,,,,,,,,,,,1,2,2,1,3
201500031183,0015-07-16 16:40:00,15,7,16,16,40,630,300,MARCONNET ANTONIN (RUE),45.88377,3.09516,Plein jour,En agglomération,Intersection en X,Normale,Deux véhicules - frontale,,,,,,,,,,,1,2,2,1,1
201500031184,0015-08-09 19:45:00,15,8,9,19,45,630,300,STADE (AVENUE DU),45.886,3.12021,Plein jour,En agglomération,Intersection en X,Normale,Deux véhicules - côté,,,,,,,,,,,1,2,2,1,3
201500031185,0015-08-29 18:20:00,15,8,29,18,20,630,103,RD 227,,,Plein jour,Hors agglomération,Intersection en X,Temps éblouissant,Deux véhicules - côté,,,,,,,,,,,1,1,2,7,3
201500031186,0015-10-02 18:40:00,15,10,2,18,40,630,300,"8, VIRLOGEUX (AVENUE)",45.89023,3.11817,Plein jour,En agglomération,Intersection en X,Pluie forte,Autre collision,,,,,,,,,,,1,2,2,3,6
201500031187,0015-10-07 12:00:00,15,10,7,12,0,630,103,RD 227,45.92699,3.07489,Plein jour,Hors agglomération,Intersection en X,Normale,Deux véhicules - côté,,,,,,,,,,,1,1,2,1,3
201500031188,0015-10-11 20:55:00,15,10,11,20,55,630,212,RIOM (ROUTE DE),45.88261,3.08963,Nuit sans éclairage public,En agglomération,Hors intersection,Normale,Autre collision,,,,,,,,,,,3,2,1,1,6
201500031189,0015-10-21 10:30:00,15,10,21,10,30,630,224,RD 2009,,,Plein jour,Hors agglomération,Hors intersection,Normale,Deux véhicules - côté,,,,,,,,,,,1,1,1,1,3
201500031190,0015-11-02 11:50:00,15,11,2,11,50,630,103,RD 227,45.927,3.0748,Plein jour,Hors agglomération,Intersection en X,Normale,Deux véhicules - côté,,,,,,,,,,,1,1,2,1,3
201500031191,0015-11-11 23:40:00,15,11,11,23,40,630,224,RD 6,,,Nuit sans éclairage public,Hors agglomération,Hors intersection,Normale,Deux véhicules - frontale,,,,,,,,,,,3,1,1,1,1
201500031192,0015-12-04 17:30:00,15,12,4,17,30,630,300,CLERMONT (AVENUE DE),45.8803,3.1165,Nuit avec éclairage allumé,En agglomération,Intersection en T,Normale,Deux véhicules - côté,,,,,,,,,,,5,2,3,1,3
201500031193,0015-12-09 07:45:00,15,12,9,7,45,630,300,CHATELGUYON-GUYON (AVENU,45.8976,3.1067,Crépuscule ou aube,En agglomération,Intersection en X,Normale,Deux véhicules - côté,,,,,,,,,,,2,2,2,1,3
201500031194,0015-12-17 20:30:00,15,12,17,20,30,630,300,paris/joaquin,45.90269,3.12016,Nuit avec éclairage allumé,En agglomération,Intersection en X,Normale,Deux véhicules - côté,,,,,,,,,,,5,2,2,1,3
201500031195,0015-01-19 07:55:00,15,1,19,7,55,630,103,RD 985 B,45.91923,3.07303,Plein jour,En agglomération,Autre intersection,Normale,Autre collision,,,,,,,,,,,1,2,9,1,6
201500031196,0015-03-04 22:35:00,15,3,4,22,35,630,245,"33, SARRAZIN (RUE)",45.89707,3.0969,Nuit avec éclairage allumé,En agglomération,Hors intersection,Normale,Autre collision,,,,,,,,,,,5,2,1,1,6
201500031197,0015-04-03 14:25:00,15,4,3,14,25,630,300,"23, av libération",45.88799,3.11399,Plein jour,En agglomération,Hors intersection,Normale,Autre collision,,,,,,,,,,,1,2,1,1,6
201500031198,0015-01-01 15:00:00,15,1,1,15,0,640,24,BOULEVARD DE PLAGES,43.50718,-1.53351,Plein jour,En agglomération,Hors intersection,Normale,Sans collision,,,,,,,,,,,1,2,1,1,7
201500031199,0015-03-16 14:50:00,15,3,16,14,50,640,102,BOULEVARD JEAN D'AMOU,43.49597,-1.46551,Plein jour,En agglomération,Intersection en T,Normale,Deux véhicules - côté,,,,,,,,,,,1,2,3,1,3
201500031200,0015-01-07 07:55:00,15,1,7,7,55,640,102,AVE DUVERGIER DE HAURANN,43.48412,-1.46632,Nuit avec éclairage allumé,En agglomération,Intersection en T,Temps couvert,Deux véhicules - côté,,,,,,,,,,,5,2,3,8,3
201500031201,0015-03-23 11:40:00,15,3,23,11,40,640,102,AVENUE MARECHAL SOULT,43.4871,-1.48574,Plein jour,En agglomération,Hors intersection,Normale,Deux véhicules - arrière,,,,,,,,,,,1,2,1,1,2
201500031202,0015-01-08 12:20:00,15,1,8,12,20,640,102,GIRATOIRE BEYRIS,43.47852,-1.49269,Plein jour,En agglomération,Giratoire,Normale,Deux véhicules - côté,,,,,,,,,,,1,2,6,1,3
201500031203,0015-03-25 12:00:00,15,3,25,12,0,640,24,AVENUE DE BIARRITZ,43.4811,-1.53343,Plein jour,En agglomération,Intersection en T,Normale,Deux véhicules - frontale,,,,,,,,,,,1,2,3,1,1
201500031204,0015-01-12 07:35:00,15,1,12,7,35,640,24,11RUE DE DOUS BOS,43.49013,-1.50477,Nuit avec éclairage allumé,En agglomération,Hors intersection,Normale,Deux véhicules - arrière,,,,,,,,,,,5,2,1,1,2
201500031205,0015-03-28 23:40:00,15,3,28,23,40,640,102,AV DOCTEUR DELVAILLE,43.50194,-1.48092,Nuit avec éclairage allumé,En agglomération,Intersection en T,Normale,Sans collision,,,,,,,,,,,5,2,3,1,7
201500031206,0015-01-14 17:00:00,15,1,14,17,0,640,102,AVENUE MARECHAL SOULT,,,Plein jour,En agglomération,Hors intersection,Normale,Deux véhicules - côté,,,,,,,,,,,1,2,1,1,3
201500031207,0015-04-02 20:50:00,15,4,2,20,50,640,24,BUTTE AUX CAILLES,43.49706,-1.50982,Crépuscule ou aube,En agglomération,Hors intersection,Normale,Deux véhicules - côté,,,,,,,,,,,2,2,1,1,3
201500031208,0015-01-14 22:45:00,15,1,14,22,45,640,102,AV CAPITAINE RESPLANDY,43.48424,-1.44967,Nuit avec éclairage allumé,En agglomération,Hors intersection,Normale,Deux véhicules - côté,,,,,,,,,,,5,2,1,1,3
201500031209,0015-04-02 22:55:00,15,4,2,22,55,640,102,AV DES ALLEES MARINES,43.49812,-1.48672,Nuit avec éclairage allumé,En agglomération,Hors intersection,Normale,Autre collision,,,,,,,,,,,5,2,1,1,6
201500031210,0015-01-17 17:00:00,15,1,17,17,0,640,102,AVENUE HENRI GRENET,,,Plein jour,En agglomération,Hors intersection,Pluie légère,Deux véhicules - côté,,,,,,,,,,,1,2,1,2,3
201500031211,0015-04-08 20:45:00,15,4,8,20,45,640,102,AVENUE DU ONZE NOVEMBRE,43.49272,-1.47864,Plein jour,En agglomération,Intersection en X,Normale,Deux véhicules - côté,,,,,,,,,,,1,2,2,1,3
201500031212,0015-01-19 16:13:00,15,1,19,16,13,640,102,AVENUE DU 11 NOVEMBRE,43.49283,-1.47882,Plein jour,En agglomération,Hors intersection,Temps couvert,Autre collision,,,,,,,,,,,1,2,1,8,6
201500031213,0015-04-10 21:35:00,15,4,10,21,35,640,24,RUE DE SALIS,43.48576,-1.51587,Nuit avec éclairage allumé,En agglomération,Hors intersection,Normale,Sans collision,,,,,,,,,,,5,2,1,1,7
201500031214,0015-02-04 21:20:00,15,2,4,21,20,640,102,AVENUE LEON BONNAT,43.49404,-1.47658,Nuit avec éclairage allumé,En agglomération,Intersection en X,Normale,Deux véhicules - côté,,,,,,,,,,,5,2,2,1,3
201500031215,0015-04-14 13:51:00,15,4,14,13,51,640,24,RUE DU MOULIN BARBOT,43.50103,-1.53029,Plein jour,En agglomération,Intersection en T,Normale,Deux véhicules - côté,,,,,,,,,,,1,2,3,1,3
201500031216,0015-02-07 05:55:00,15,2,7,5,55,640,24,GIRATOIRE DE JORLIS,,,Nuit avec éclairage allumé,En agglomération,Hors intersection,Normale,Sans collision,,,,,,,,,,,5,2,1,1,7
201500031217,0015-04-15 16:30:00,15,4,15,16,30,640,102,PONT GRENET,43.49746,-1.48278,Plein jour,En agglomération,Hors intersection,Normale,Autre collision,,,,,,,,,,,1,2,1,1,6
201500031218,0015-02-12 16:41:00,15,2,12,16,41,640,102,AV RAYMOND DE MARTRES,43.48466,-1.4826,Plein jour,En agglomération,Hors intersection,Normale,Autre collision,,,,,,,,,,,1,2,1,1,6
201500031219,0015-04-15 19:05:00,15,4,15,19,5,640,102,AVENUE LEGION TCHEQUE,43.4927,-1.48761,Plein jour,En agglomération,Intersection en T,Normale,Deux véhicules - côté,,,,,,,,,,,1,2,3,1,3
201500031220,0015-02-13 18:50:00,15,2,13,18,50,640,102,AVENUECAMILLE DELVAILLE,43.50836,-1.48645,Nuit avec éclairage allumé,En agglomération,Intersection en T,Temps couvert,Deux véhicules - côté,,,,,,,,,,,5,2,3,8,3
201500031221,0015-04-20 17:10:00,15,4,20,17,10,640,102,AVENUE  ALLEES PAULMY,43.49134,-1.48157,Plein jour,En agglomération,Intersection en T,Normale,Deux véhicules - côté,,,,,,,,,,,1,2,3,1,3
201500031222,0015-04-21 12:40:00,15,4,21,12,40,640,102,BD ALSACE LORRAINE,43.49371,-1.46663,Plein jour,En agglomération,Intersection en X,Normale,Autre collision,,,,,,,,,,,1,2,2,1,6
201500031223,0015-02-16 09:50:00,15,2,16,9,50,640,24,42 AVENUE GUYNEMER,43.4991,-1.53967,Plein jour,En agglomération,Hors intersection,Temps couvert,Deux véhicules - frontale,,,,,,,,,,,1,2,1,8,1
201500031224,0015-04-25 10:20:00,15,4,25,10,20,640,102,AVENUE DU 8 MAI 1945,43.47636,-1.48409,Plein jour,En agglomération,Hors intersection,Normale,Autre collision,,,,,,,,,,,1,2,1,1,6
201500031225,0015-02-23 18:05:00,15,2,23,18,5,640,102,AV SOUS LIEUTENANT IRIBA,43.4919,-1.48547,Crépuscule ou aube,En agglomération,Intersection en T,Pluie forte,Autre collision,,,,,,,,,,,2,2,3,3,6
201500031226,0015-02-27 18:10:00,15,2,27,18,10,640,24,R P  DE LABORDOTTE,,,Crépuscule ou aube,En agglomération,Giratoire,Normale,Deux véhicules - côté,,,,,,,,,,,2,2,6,1,3
201500031227,0015-05-02 11:20:00,15,5,2,11,20,640,24,RUE DU BOIS BELIN,43.49273,-1.51918,Plein jour,En agglomération,Hors intersection,Normale,Deux véhicules - côté,,,,,,,,,,,1,2,1,1,3
201500031228,0015-03-04 16:45:00,15,3,4,16,45,640,102,AVENUE DES ALLEE PAULMY,43.49346,-1.4799,Plein jour,En agglomération,Intersection en T,Normale,Deux véhicules - arrière,,,,,,,,,,,1,2,3,1,2
201500031229,0015-05-04 21:45:00,15,5,4,21,45,640,102,DUVERGIER DE HAURANNE,43.48666,-1.46665,Nuit avec éclairage allumé,En agglomération,Hors intersection,Normale,Sans collision,,,,,,,,,,,5,2,1,1,7
201500031230,0015-03-06 16:15:00,15,3,6,16,15,640,24,AVENUE EDITH CAVELL,43.49173,-1.54604,Plein jour,Hors agglomération,Hors intersection,Normale,Autre collision,,,,,,,,,,,1,1,1,1,6
201500031231,0015-05-07 13:22:00,15,5,7,13,22,640,102,AVENUE MARECHAL FOCH,43.49347,-1.48047,Plein jour,En agglomération,Hors intersection,Normale,Deux véhicules - frontale,,,,,,,,,,,1,2,1,1,1
201500031232,0015-03-07 14:25:00,15,3,7,14,25,640,24,12 BOULEVARD DE LA MER,43.49593,-1.54011,Plein jour,En agglomération,Hors intersection,Normale,Deux véhicules - arrière,,,,,,,,,,,1,2,1,1,2
201500031233,0015-05-07 18:15:00,15,5,7,18,15,640,102,PONT GRENET,43.49785,-1.48251,Plein jour,En agglomération,Hors intersection,Normale,Trois véhicules et plus - collisions multiples,,,,,,,,,,,1,2,1,1,5
201500031234,0015-03-11 16:05:00,15,3,11,16,5,640,140,10 RUE DU BARTHASSOT,43.52722,-1.4909,Plein jour,En agglomération,Hors intersection,Temps couvert,Sans collision,,,,,,,,,,,1,2,1,8,7
201500031235,0015-05-10 14:18:00,15,5,10,14,18,640,24,AVENUE GUYNEMER,43.49907,-1.53972,Plein jour,En agglomération,Hors intersection,Normale,Sans collision,,,,,,,,,,,1,2,1,1,7
201500031236,0015-03-15 17:40:00,15,3,15,17,40,640,102,RUE SAINTE URSULE,43.49644,-1.47248,Plein jour,En agglomération,Hors intersection,Normale,Autre collision,,,,,,,,,,,1,2,1,1,6
201500031237,0015-05-13 14:35:00,15,5,13,14,35,640,102,ALLEES PAULMY,43.49474,-1.47878,Plein jour,En agglomération,Intersection en T,Normale,Deux véhicules - côté,,,,,,,,,,,1,2,3,1,3
201500031238,0015-05-14 18:50:00,15,5,14,18,50,640,102,AVENUE DU 8 MAI 1945,43.47554,-1.48439,Plein jour,En agglomération,Hors intersection,Normale,Trois véhicules et plus - collisions multiples,,,,,,,,,,,1,2,1,1,5
201500031239,0015-05-17 20:35:00,15,5,17,20,35,640,24,(BOULEVARD DU BAB,43.49489,-1.51646,Plein jour,En agglomération,Hors intersection,Normale,Deux véhicules - côté,,,,,,,,,,,1,2,1,1,3
201500031240,0015-05-16 10:39:00,15,5,16,10,39,640,24,ALLEE DE L INDUSTRIE,43.49455,-1.49719,Plein jour,Hors agglomération,Hors intersection,Normale,Autre collision,,,,,,,,,,,1,1,1,1,6
201500031241,0015-05-17 22:09:00,15,5,17,22,9,640,24,AVENUE DES VAGUES,43.49873,-1.54271,Nuit avec éclairage allumé,En agglomération,Intersection en T,Normale,Deux véhicules - côté,,,,,,,,,,,5,2,3,1,3
201500031242,0015-05-20 14:25:00,15,5,20,14,25,640,102,COTE DU MOULIN,43.51164,-1.46852,Plein jour,En agglomération,Hors intersection,Normale,Deux véhicules - côté,,,,,,,,,,,1,2,1,1,3
201500031243,0015-06-04 22:05:00,15,6,4,22,5,640,102,18 AVENUE RESPLANDY,43.48835,-1.46522,Nuit avec éclairage allumé,En agglomération,Hors intersection,Normale,Sans collision,,,,,,,,,,,5,2,1,1,7
201500031244,0015-06-11 14:20:00,15,6,11,14,20,640,102,REMPARTS LACHEPAILLET,43.49069,-1.47897,Plein jour,En agglomération,Hors intersection,Pluie forte,Autre collision,,,,,,,,,,,1,2,1,3,6
201500031245,0015-06-12 11:14:00,15,6,12,11,14,640,24,03 AVENUE DE BAYONNE,43.4807,-1.51392,Plein jour,En agglomération,Hors intersection,Normale,Deux véhicules - côté,,,,,,,,,,,1,2,1,1,3
201500031246,0015-06-12 17:30:00,15,6,12,17,30,640,24,20 AVENUE DE BAYONNE,43.48063,-1.51392,Plein jour,En agglomération,Hors intersection,Normale,Trois véhicules et plus - collisions multiples,,,,,,,,,,,1,2,1,1,5
201500031247,0015-06-15 08:51:00,15,6,15,8,51,640,102,QUAI DE LA PIECE NOYEE,43.50003,-1.48178,Plein jour,En agglomération,Hors intersection,Normale,Deux véhicules - frontale,,,,,,,,,,,1,2,1,1,1
201500031248,0015-06-18 11:20:00,15,6,18,11,20,640,24,RUE SANTO SUAREZ,43.48074,-1.51708,Plein jour,En agglomération,Hors intersection,Normale,Autre collision,,,,,,,,,,,1,2,1,1,6
201500031249,0015-06-24 12:05:00,15,6,24,12,5,640,102,AVENUE MARECHAL SOULT,43.4876,-1.48354,Plein jour,En agglomération,Hors intersection,Normale,Deux véhicules - arrière,,,,,,,,,,,1,2,1,1,2
201500031250,0015-06-25 07:30:00,15,6,25,7,30,640,24,(BOULEVARD DES PLAGES,43.50014,-1.53938,Plein jour,En agglomération,Hors intersection,Normale,Sans collision,,,,,,,,,,,1,2,1,1,7
201500031251,0015-06-25 18:25:00,15,6,25,18,25,640,102,AV HENRI DE AVARRE,43.51338,-1.43655,Plein jour,En agglomération,Hors intersection,Normale,Deux véhicules - côté,,,,,,,,,,,1,2,1,1,3
201500031252,0015-07-14 09:01:00,15,7,14,9,1,640,24,AVENUE EUGENE BERNAIN,,,Plein jour,En agglomération,Hors intersection,Normale,Sans collision,,,,,,,,,,,1,2,1,1,7
201500031253,0015-07-14 10:25:00,15,7,14,10,25,640,102,45 AVENU ALLEES MARINES,43.49863,-1.48797,Plein jour,En agglomération,Hors intersection,Normale,Sans collision,,,,,,,,,,,1,2,1,1,7
201500031254,0015-07-16 16:50:00,15,7,16,16,50,640,102,BOULEVARD DU BAB,43.49814,-1.4908,Plein jour,En agglomération,Hors intersection,Normale,Deux véhicules - côté,,,,,,,,,,,1,2,1,1,3
201500031255,0015-07-23 17:55:00,15,7,23,17,55,640,24,RUE DE HAUSQUETTE,43.50289,-1.50346,Plein jour,En agglomération,Hors intersection,Normale,Trois véhicules et plus - en chaîne,,,,,,,,,,,1,2,1,1,4
201500031256,0015-07-24 10:15:00,15,7,24,10,15,640,102,AVENUE HENRI DE NAVARRE,43.50173,-1.44598,Plein jour,En agglomération,Hors intersection,Normale,Deux véhicules - arrière,,,,,,,,,,,1,2,1,1,2
201500031257,0015-07-24 12:46:00,15,7,24,12,46,640,24,ROND POINT DU LAVOIR,43.48412,-1.51986,Plein jour,En agglomération,Giratoire,Normale,Deux véhicules - côté,,,,,,,,,,,1,2,6,1,3
201500031258,0015-07-25 06:25:00,15,7,25,6,25,640,24,AVENUE DE BAYONNE,43.48136,-1.51092,Nuit avec éclairage allumé,En agglomération,Hors intersection,Normale,Deux véhicules - côté,,,,,,,,,,,5,2,1,1,3
201500031259,0015-07-25 08:00:00,15,7,25,8,0,640,24,ROND POINT DE BAHINOS,43.4941,-1.51951,Plein jour,En agglomération,Giratoire,Temps couvert,Sans collision,,,,,,,,,,,1,2,6,8,7
201500031260,0015-08-04 12:30:00,15,8,4,12,30,640,102,ALLEES BOUFFLERS,43.49188,-1.47006,Plein jour,En agglomération,Intersection en T,Pluie légère,Deux véhicules - côté,,,,,,,,,,,1,2,3,2,3
201500031261,0015-08-05 12:45:00,15,8,5,12,45,640,24,RUE GIROUETTE,43.4705,-1.50477,Plein jour,En agglomération,Hors intersection,Normale,Sans collision,,,,,,,,,,,1,2,1,1,7
201500031262,0015-08-10 19:20:00,15,8,10,19,20,640,24,48 AVENUE D ESPAGNE,43.47881,-1.52124,Plein jour,En agglomération,Hors intersection,Normale,Deux véhicules - côté,,,,,,,,,,,1,2,1,1,3
201500031263,0015-08-11 10:15:00,15,8,11,10,15,640,102,AVENUE FERNAND FORGUES,43.48662,-1.47978,Plein jour,En agglomération,Hors intersection,Normale,Sans collision,,,,,,,,,,,1,2,1,1,7
201500031264,0015-08-18 11:05:00,15,8,18,11,5,640,24,AVENUE DU GOLF,43.48873,-1.53926,Plein jour,Hors agglomération,Intersection à plus de 4 branches,Normale,Deux véhicules - côté,,,,,,,,,,,1,1,5,1,3
201500031265,0015-08-18 18:40:00,15,8,18,18,40,640,24,BOULEVARD DU BAB,43.4939,-1.52407,Plein jour,Hors agglomération,Hors intersection,Normale,Deux véhicules - arrière,,,,,,,,,,,1,1,1,1,2
201500031266,0015-08-20 13:50:00,15,8,20,13,50,640,102,RP DU GRAND BASQUE,43.49127,-1.45412,Plein jour,En agglomération,Giratoire,Normale,Trois véhicules et plus - collisions multiples,,,,,,,,,,,1,2,6,1,5
201500031267,0015-08-21 09:50:00,15,8,21,9,50,640,102,GIRATOIRE BEYRIS,43.47817,-1.49287,Plein jour,En agglomération,Giratoire,Normale,Deux véhicules - côté,,,,,,,,,,,1,2,6,1,3
201500031268,0015-08-31 18:05:00,15,8,31,18,5,640,102,27 AV MARECHAL FOCH,43.49411,-1.4829,Plein jour,En agglomération,Hors intersection,Pluie forte,Sans collision,,,,,,,,,,,1,2,1,3,7
201500031269,0015-09-01 10:15:00,15,9,1,10,15,640,24,61 RUE DU BOIS BELIN,43.49316,-1.51625,Plein jour,En agglomération,Hors intersection,Temps couvert,Autre collision,,,,,,,,,,,1,2,1,8,6
201500031270,0015-09-07 19:30:00,15,9,7,19,30,640,24,AVENUE JEAN LAPORTE,43.48398,-1.50401,Plein jour,En agglomération,Hors intersection,Normale,Deux véhicules - côté,,,,,,,,,,,1,2,1,1,3
201500031271,0015-09-07 18:15:00,15,9,7,18,15,640,102,28 AV MARECHAL SOULT,43.48644,-1.4884,Plein jour,En agglomération,Hors intersection,Normale,Deux véhicules - côté,,,,,,,,,,,1,2,1,1,3
201500031272,0015-09-10 13:50:00,15,9,10,13,50,640,24,BOULEVARD DES PLAGES,43.518,-1.52371,Plein jour,En agglomération,Intersection en X,Normale,Sans collision,,,,,,,,,,,1,2,2,1,7
201500031273,0015-09-11 22:25:00,15,9,11,22,25,640,102,AV CAPITAINE RESPLANDY,43.48422,-1.45019,Nuit avec éclairage allumé,En agglomération,Hors intersection,Normale,Deux véhicules - côté,,,,,,,,,,,5,2,1,1,3
201500031274,0015-09-17 18:45:00,15,9,17,18,45,640,102,16 AVENUE MARECH SOULT,43.48682,-1.48671,Plein jour,En agglomération,Hors intersection,Normale,Autre collision,,,,,,,,,,,1,2,1,1,6
201500031275,0015-09-26 16:50:00,15,9,26,16,50,640,102,AVENUE DU 8 MAI 1945,43.4606,-1.49616,Plein jour,En agglomération,Giratoire,Normale,Deux véhicules - côté,,,,,,,,,,,1,2,6,1,3
201500031276,0015-10-02 14:35:00,15,10,2,14,35,640,102,AVENUE HENRI GRENET,43.50236,-1.47854,Plein jour,En agglomération,Giratoire,Normale,Autre collision,,,,,,,,,,,1,2,6,1,6
201500031277,0015-10-03 09:20:00,15,10,3,9,20,640,24,30 ROUTE DE SAINT PEE,43.45696,-1.50566,Plein jour,En agglomération,Hors intersection,Normale,Deux véhicules - arrière,,,,,,,,,,,1,2,1,1,2
201500031278,0015-10-03 15:40:00,15,10,3,15,40,640,102,CHEMIN DE HARGOUS,43.50355,-1.46374,Plein jour,En agglomération,Giratoire,Normale,Autre collision,,,,,,,,,,,1,2,6,1,6
201500031279,0015-10-10 17:40:00,15,10,10,17,40,640,102,AV DU MARECHAL LECLERC,43.49354,-1.47462,Plein jour,En agglomération,Hors intersection,Normale,Autre collision,,,,,,,,,,,1,2,1,1,6
201500031280,0015-10-15 10:30:00,15,10,15,10,30,640,102,GIRATOIRE LES PONTOTS,43.48802,-1.49119,Plein jour,En agglomération,Giratoire,Normale,Deux véhicules - côté,,,,,,,,,,,1,2,6,1,3
201500031281,0015-10-16 09:00:00,15,10,16,9,0,640,24,103 AVENUE DE MONTBRUN,43.5033,-1.51127,Plein jour,En agglomération,Hors intersection,Temps couvert,Autre collision,,,,,,,,,,,1,2,1,8,6
201500031282,0015-10-21 15:40:00,15,10,21,15,40,640,24,BOULEVARD DES PLAGES,43.50315,-1.53639,Plein jour,En agglomération,Giratoire,Normale,Deux véhicules - côté,,,,,,,,,,,1,2,6,1,3
201500031283,0015-10-23 14:55:00,15,10,23,14,55,640,102,18 AVENUE DE MOUNEDE,43.49924,-1.45819,Plein jour,En agglomération,Hors intersection,Normale,Deux véhicules - côté,,,,,,,,,,,1,2,1,1,3
201500031284,0015-10-30 19:55:00,15,10,30,19,55,640,102,AV RAYMOND DE MARTRES,43.4855,-1.48275,Nuit avec éclairage allumé,En agglomération,Intersection en T,Normale,Trois véhicules et plus - collisions multiples,,,,,,,,,,,5,2,3,1,5
201500031285,0015-11-02 14:05:00,15,11,2,14,5,640,102,RUE MAUBEC,43.49999,-1.46674,Plein jour,En agglomération,Giratoire,Normale,Deux véhicules - côté,,,,,,,,,,,1,2,6,1,3
201500031286,0015-11-09 15:42:00,15,11,9,15,42,640,102,AVENUE DU 14 AVRIL,43.50209,-1.46142,Plein jour,Hors agglomération,Hors intersection,Normale,Deux véhicules - côté,,,,,,,,,,,1,1,1,1,3
201500031287,0015-11-12 07:52:00,15,11,12,7,52,640,102,60 RUE BOURGNEUF,43.49079,-1.47241,Plein jour,En agglomération,Hors intersection,Normale,Autre collision,,,,,,,,,,,1,2,1,1,6
201500031288,0015-11-13 07:25:00,15,11,13,7,25,640,102,AVENUE PAUL PRAS,43.48402,-1.47672,Crépuscule ou aube,En agglomération,Hors intersection,Normale,Deux véhicules - côté,,,,,,,,,,,2,2,1,1,3
201500031289,0015-11-14 11:10:00,15,11,14,11,10,640,140,Z.A. DU BAZE,43.52434,-1.49328,Plein jour,Hors agglomération,Hors intersection,Normale,Sans collision,,,,,,,,,,,1,1,1,1,7
201500031290,0015-12-01 16:30:00,15,12,1,16,30,640,102,AV RAYMOND DE MARTRES,43.48541,-1.48274,Plein jour,En agglomération,Intersection en T,Normale,Deux véhicules - côté,,,,,,,,,,,1,2,3,1,3
201500031291,0015-12-06 17:55:00,15,12,6,17,55,640,102,68 AV ALLEES MARINES,43.50073,-1.49193,Nuit avec éclairage allumé,En agglomération,Intersection en T,Normale,Deux véhicules - côté,,,,,,,,,,,5,2,3,1,3
201500031292,0015-12-09 05:05:00,15,12,9,5,5,640,102,BOULEVARD DU BAB,43.49831,-1.49369,Nuit avec éclairage allumé,En agglomération,Giratoire,Normale,Sans collision,,,,,,,,,,,5,2,6,1,7
201500031293,0015-12-09 07:45:00,15,12,9,7,45,640,102,CAMILLE DELVAILLE,43.5033,-1.48311,Crépuscule ou aube,En agglomération,Intersection en T,Pluie légère,Deux véhicules - côté,,,,,,,,,,,2,2,3,2,3
201500031294,0015-12-13 15:50:00,15,12,13,15,50,640,140,Z.A. DU BAZE,43.5242,-1.49311,Plein jour,En agglomération,Hors intersection,Normale,Sans collision,,,,,,,,,,,1,2,1,1,7
201500031295,0015-12-13 17:45:00,15,12,13,17,45,640,102,AVENUE LOUIS DE FOIX,43.50632,-1.4672,Nuit avec éclairage allumé,En agglomération,Intersection en X,Normale,Deux véhicules - côté,,,,,,,,,,,5,2,2,1,3
201500031296,0015-12-16 08:50:00,15,12,16,8,50,640,102,(AVENUE DU 14 AVRIL,43.50174,-1.46022,Plein jour,En agglomération,Hors intersection,Normale,Deux véhicules - côté,,,,,,,,,,,1,2,1,1,3