accident_id,datetime,annee,mois,jour,heure,minute,departement,commune_insee,adresse,latitude,longitude,luminosite,agglomeration,intersection,meteo,collision,nb_vehicules,nb_usagers,nb_indemnes,nb_tues,nb_blesses_hosp,nb_blesses_legers,age_cond_1,age_cond_2,veh_type_cond_1,veh_type_cond_2,lum_code,agg_code,int_code,atm_code,col_code
201500031671,0015-05-28 17:00:00,15,5,28,17,0,640,483,"46, BERNOVILLE GAETAN",43.4033,-1.64988,Plein jour,En agglomération,Hors intersection,Normale,Autre collision,,,,,,,,,,,1,2,1,1,6
201500031672,0015-06-01 18:00:00,15,6,1,18,0,640,545,BRETELLE DE SOCOA RD 913,43.37756,-1.68713,Plein jour,Hors agglomération,Hors intersection,Normale,Deux véhicules - côté,,,,,,,,,,,1,1,1,1,3
201500031673,0015-06-02 20:35:00,15,6,2,20,35,640,260,RUE DES ALLEES,43.35709,-1.77438,Plein jour,En agglomération,Hors intersection,Normale,Deux véhicules - côté,,,,,,,,,,,1,2,1,1,3
201500031674,0015-06-03 16:40:00,15,6,3,16,40,640,483,AVENUE DE JALDAY,43.40578,-1.62488,Plein jour,En agglomération,Hors intersection,Normale,Deux véhicules - arrière,,,,,,,,,,,1,2,1,1,2
201500031675,0015-06-05 10:10:00,15,6,5,10,10,640,483,RUE MAZARIN JULES,43.38801,-1.66452,Plein jour,En agglomération,Hors intersection,Normale,Autre collision,,,,,,,,,,,1,2,1,1,6
201500031676,0015-06-05 14:04:00,15,6,5,14,4,640,483,AVENUE DE CHANTACO,43.37723,-1.63773,Plein jour,En agglomération,Hors intersection,Normale,Deux véhicules - arrière,,,,,,,,,,,1,2,1,1,2
201500031677,0015-06-10 10:50:00,15,6,10,10,50,640,483,28 RUE PHILIPPE VEYRIN,43.38482,-1.65749,Plein jour,En agglomération,Intersection en T,Normale,Deux véhicules - côté,,,,,,,,,,,1,2,3,1,3
201500031678,0015-06-12 18:00:00,15,6,12,18,0,640,545,(ROUTE DE LA CORNICHE,43.38464,-1.72026,Plein jour,Hors agglomération,Hors intersection,Normale,Trois véhicules et plus - en chaîne,,,,,,,,,,,1,1,1,1,4
201500031679,0015-06-13 16:14:00,15,6,13,16,14,640,483,RD810,43.41271,-1.61675,Plein jour,Hors agglomération,Intersection en T,Pluie forte,Deux véhicules - côté,,,,,,,,,,,1,1,3,3,3
201500031680,0015-06-15 10:30:00,15,6,15,10,30,640,545,RD810,43.378,-1.67164,Plein jour,En agglomération,Hors intersection,Normale,Deux véhicules - côté,,,,,,,,,,,1,2,1,1,3
201500031681,0015-06-15 17:30:00,15,6,15,17,30,640,483,CHEMIN IRACHABAL,43.39266,-1.6271,Plein jour,En agglomération,Hors intersection,Normale,Deux véhicules - frontale,,,,,,,,,,,1,2,1,1,1
201500031682,0015-06-18 08:30:00,15,6,18,8,30,640,545,"22, BERNARD DE CORAL (RU",43.36273,-1.69667,Plein jour,En agglomération,Hors intersection,Normale,Autre collision,,,,,,,,,,,1,2,1,1,6
201500031683,0015-06-20 17:25:00,15,6,20,17,25,640,260,AVENUE BAIE DE CHINGUDY,43.37013,-1.77864,Plein jour,En agglomération,Hors intersection,Normale,Deux véhicules - côté,,,,,,,,,,,1,2,1,1,3
201500031684,0015-06-22 08:05:00,15,6,22,8,5,640,545,ROUTE DE LA GLACIERE,43.36048,-1.74427,Plein jour,Hors agglomération,Hors intersection,Normale,Deux véhicules - frontale,,,,,,,,,,,1,1,1,1,1
201500031685,0015-06-24 14:16:00,15,6,24,14,16,640,260,5 RUE DES RESERVOIRS,43.35381,-1.77082,Plein jour,En agglomération,Hors intersection,Normale,Deux véhicules - frontale,,,,,,,,,,,1,2,1,1,1
201500031686,0015-06-29 11:59:00,15,6,29,11,59,640,483,VIEILLE ROUTE SAINT PEE,43.38865,-1.64875,Plein jour,En agglomération,Hors intersection,Normale,Deux véhicules - côté,,,,,,,,,,,1,2,1,1,3
201500031687,0015-07-02 13:35:00,15,7,2,13,35,640,260,BOULEVARD DE LEMPEREUR,43.35339,-1.77125,Plein jour,En agglomération,Giratoire,Normale,Deux véhicules - arrière,,,,,,,,,,,1,2,6,1,2
201500031688,0015-07-02 16:50:00,15,7,2,16,50,640,189,44 AVENUE JAURES JEAN,43.38083,-1.66839,Plein jour,En agglomération,Hors intersection,Normale,Deux véhicules - côté,,,,,,,,,,,1,2,1,1,3
201500031689,0015-07-03 14:02:00,15,7,3,14,2,640,483,BD JEAN MARTIN PASSICOT,43.38619,-1.66035,Plein jour,En agglomération,Hors intersection,Normale,Autre collision,,,,,,,,,,,1,2,1,1,6
201500031690,0015-07-05 18:30:00,15,7,5,18,30,640,260,77 BOULEVARD LECLERC,43.37192,-1.77333,Plein jour,En agglomération,Hors intersection,Normale,Autre collision,,,,,,,,,,,1,2,1,1,6
201500031691,0015-07-07 13:25:00,15,7,7,13,25,640,189,AV F MITTERRAND,43.37998,-1.66208,Plein jour,En agglomération,Intersection en T,Normale,Deux véhicules - côté,,,,,,,,,,,1,2,3,1,3
201500031692,0015-07-07 18:10:00,15,7,7,18,10,640,260,36 BOULEVARD LECLERC,43.36877,-1.7711,Plein jour,En agglomération,Intersection en T,Normale,Deux véhicules - côté,,,,,,,,,,,1,2,3,1,3
201500031693,0015-07-08 05:45:00,15,7,8,5,45,640,189,20 AVENUE JEAN  JAURES,43.38448,-1.66642,Nuit avec éclairage allumé,En agglomération,Giratoire,Normale,Deux véhicules - frontale,,,,,,,,,,,5,2,6,1,1
201500031694,0015-07-08 20:00:00,15,7,8,20,0,640,483,PONT CHARLES DE GAULLE,43.38521,-1.66343,Plein jour,En agglomération,Giratoire,Normale,Deux véhicules - frontale,,,,,,,,,,,1,2,6,1,1
201500031695,0015-07-09 17:35:00,15,7,9,17,35,640,260,2 RUE DU TUNNEL,,,Plein jour,En agglomération,Intersection en T,Normale,Deux véhicules - frontale,,,,,,,,,,,1,2,3,1,1
201500031696,0015-07-09 18:50:00,15,7,9,18,50,640,483,RD810,43.4015,-1.63676,Plein jour,Hors agglomération,Hors intersection,Normale,Deux véhicules - arrière,,,,,,,,,,,1,1,1,1,2
201500031697,0015-07-11 15:15:00,15,7,11,15,15,640,189,CARREFOUR DES EVADES,43.38466,-1.66631,Plein jour,En agglomération,Giratoire,Normale,Autre collision,,,,,,,,,,,1,2,6,1,6
201500031698,0015-07-12 19:20:00,15,7,12,19,20,640,260,21 BOULEVARD DE LA MER,43.37506,-1.76592,Plein jour,En agglomération,Hors intersection,Normale,Autre collision,,,,,,,,,,,1,2,1,1,6
201500031699,0015-07-16 11:05:00,15,7,16,11,5,640,483,CHEMIN DE SENIX,43.41934,-1.6224,Plein jour,Hors agglomération,Intersection en T,Normale,Deux véhicules - côté,,,,,,,,,,,1,1,3,1,3
201500031700,0015-07-18 18:05:00,15,7,18,18,5,640,545,2010 CHEMIN DES CRETES,43.3697,-1.73384,Plein jour,Hors agglomération,Intersection en T,Normale,Deux véhicules - frontale,,,,,,,,,,,1,1,3,1,1
201500031701,0015-07-20 17:00:00,15,7,20,17,0,640,483,40 AV ANDRE ITHURRALDE,43.39675,-1.64539,Plein jour,En agglomération,Hors intersection,Normale,Trois véhicules et plus - en chaîne,,,,,,,,,,,1,2,1,1,4
201500031702,0015-07-21 17:10:00,15,7,21,17,10,640,483,VIEILLE ROUT SAINT PEE,,,Plein jour,Hors agglomération,Hors intersection,Normale,Deux véhicules - arrière,,,,,,,,,,,1,1,1,1,2
201500031703,0015-07-27 23:05:00,15,7,27,23,5,640,483,RD810,43.38385,-1.6662,Nuit avec éclairage allumé,En agglomération,Hors intersection,Normale,Deux véhicules - frontale,,,,,,,,,,,5,2,1,1,1
201500031704,0015-07-26 11:10:00,15,7,26,11,10,640,483,AVENUE DE CHANTACO,43.22572,-1.38526,Plein jour,En agglomération,Hors intersection,Normale,Deux véhicules - côté,,,,,,,,,,,1,2,1,1,3
201500031705,0015-07-28 10:50:00,15,7,28,10,50,640,260,23 AVENUE D'ESPAGNE,43.35062,-1.78445,Plein jour,Hors agglomération,Hors intersection,Normale,Autre collision,,,,,,,,,,,1,1,1,1,6
201500031706,0015-07-30 16:05:00,15,7,30,16,5,640,260,20 RUE D'ORIO,43.36177,-1.75648,Plein jour,En agglomération,Hors intersection,Normale,Autre collision,,,,,,,,,,,1,2,1,1,6
201500031707,0015-07-30 16:31:00,15,7,30,16,31,640,483,RD810,43.4027,-1.63497,Plein jour,Hors agglomération,Hors intersection,Normale,Deux véhicules - côté,,,,,,,,,,,1,1,1,1,3
201500031708,0015-08-02 13:20:00,15,8,2,13,20,640,483,ROUTE D'AHETZE,43.4072,-1.60816,Plein jour,Hors agglomération,Hors intersection,Normale,Deux véhicules - côté,,,,,,,,,,,1,1,1,1,3
201500031709,0015-08-02 14:15:00,15,8,2,14,15,640,260,AVENUE BAIE DE CHINGUDY,43.36916,-1.77239,Plein jour,En agglomération,Hors intersection,Normale,Autre collision,,,,,,,,,,,1,2,1,1,6
201500031710,0015-08-04 17:40:00,15,8,4,17,40,640,483,AV ANDRE ITHURRALDE,43.39121,-1.65616,Plein jour,En agglomération,Hors intersection,Normale,Deux véhicules - côté,,,,,,,,,,,1,2,1,1,3
201500031711,0015-08-05 13:35:00,15,8,5,13,35,640,260,ROUTE DE LA CORNICHE,43.37369,-1.75584,Plein jour,En agglomération,Hors intersection,Normale,Deux véhicules - arrière,,,,,,,,,,,1,2,1,1,2
201500031712,0015-08-05 16:20:00,15,8,5,16,20,640,483,RD 810,43.40716,-1.62723,Plein jour,En agglomération,Hors intersection,Normale,Deux véhicules - côté,,,,,,,,,,,1,2,1,1,3
201500031713,0015-08-07 10:45:00,15,8,7,10,45,640,483,1 RUE DE L'INDUSTRIE,43.34755,-1.77032,Plein jour,Hors agglomération,Hors intersection,Normale,Deux véhicules - côté,,,,,,,,,,,1,1,1,1,3
201500031714,0015-08-10 13:15:00,15,8,10,13,15,640,483,AVENUE DE JALDAY,43.40627,-1.62434,Plein jour,Hors agglomération,Intersection en T,Normale,Deux véhicules - côté,,,,,,,,,,,1,1,3,1,3
201500031715,0015-08-10 18:00:00,15,8,10,18,0,640,249,RD810,43.42655,-1.60376,Plein jour,En agglomération,Hors intersection,Normale,Deux véhicules - côté,,,,,,,,,,,1,2,1,1,3
201500031716,0015-08-11 11:25:00,15,8,11,11,25,640,125,AVENUE GETARIA,43.4278,-1.60235,Plein jour,En agglomération,Hors intersection,Normale,Deux véhicules - côté,,,,,,,,,,,1,2,1,1,3
201500031717,0015-08-13 17:55:00,15,8,13,17,55,640,189,BOULEVAR PIERRE BENOIT,43.38777,-1.67059,Plein jour,En agglomération,Hors intersection,Normale,Deux véhicules - côté,,,,,,,,,,,1,2,1,1,3
201500031718,0015-08-18 15:00:00,15,8,18,15,0,640,545,RUE DU CAPITAINE PELLOT,,,Plein jour,Hors agglomération,Hors intersection,Normale,Deux véhicules - côté,,,,,,,,,,,1,1,1,1,3
201500031719,0015-08-18 18:05:00,15,8,18,18,5,640,545,RD810,43.37476,-1.67867,Plein jour,En agglomération,Hors intersection,Normale,Deux véhicules - côté,,,,,,,,,,,1,2,1,1,3
201500031720,0015-08-18 19:36:00,15,8,18,19,36,640,483,AV ANDRE ITHURRALDE,43.39526,-1.64805,Plein jour,En agglomération,Hors intersection,Normale,Deux véhicules - arrière,,,,,,,,,,,1,2,1,1,2
201500031721,0015-08-24 20:50:00,15,8,24,20,50,640,545,ROUTE DE LA CORNICHE,43.38637,-1.71107,Plein jour,Hors agglomération,Intersection en T,Normale,Deux véhicules - côté,,,,,,,,,,,1,1,3,1,3
201500031722,0015-08-28 11:56:00,15,8,28,11,56,640,260,BOULEVARD DE LA MER,43.37527,-1.76432,Plein jour,En agglomération,Hors intersection,Normale,Deux véhicules - côté,,,,,,,,,,,1,2,1,1,3
201500031723,0015-08-28 20:10:00,15,8,28,20,10,640,189,BOULEVARD PIERRE BENOIT,43.38847,-1.67911,Plein jour,En agglomération,Hors intersection,Normale,Deux véhicules - arrière,,,,,,,,,,,1,2,1,1,2
201500031724,0015-08-28 21:25:00,15,8,28,21,25,640,260,RUE DE BEHOBIE,43.34927,-1.77059,Nuit avec éclairage allumé,En agglomération,Hors intersection,Normale,Deux véhicules - côté,,,,,,,,,,,5,2,1,1,3
201500031725,0015-08-28 15:55:00,15,8,28,15,55,640,545,RD 810,43.37716,-1.67436,Plein jour,En agglomération,Hors intersection,Normale,Trois véhicules et plus - en chaîne,,,,,,,,,,,1,2,1,1,4
201500031726,0015-08-30 17:00:00,15,8,30,17,0,640,545,RD810,43.35222,-1.73843,Plein jour,En agglomération,Hors intersection,Normale,Deux véhicules - arrière,,,,,,,,,,,1,2,1,1,2
201500031727,0015-09-03 15:00:00,15,9,3,15,0,640,260,RUE NOUVELLE,43.35362,-1.77424,Plein jour,En agglomération,Intersection en T,Normale,Deux véhicules - frontale,,,,,,,,,,,1,2,3,1,1
201500031728,0015-09-04 17:20:00,15,9,4,17,20,640,260,1 RUE DES ROSIERS,43.3688,-1.77114,Plein jour,En agglomération,Intersection en T,Normale,Deux véhicules - côté,,,,,,,,,,,1,2,3,1,3
201500031729,0015-09-05 14:20:00,15,9,5,14,20,640,483,BV COMMANDANT PASSICOT,43.38615,-1.66105,Plein jour,En agglomération,Intersection en T,Normale,Deux véhicules - côté,,,,,,,,,,,1,2,3,1,3
201500031730,0015-09-25 09:35:00,15,9,25,9,35,640,260,ROUTE DE LA CORNICHE,43.37371,-1.75585,Plein jour,En agglomération,Hors intersection,Normale,Deux véhicules - arrière,,,,,,,,,,,1,2,1,1,2
201500031731,0015-10-03 20:25:00,15,10,3,20,25,640,545,13 RUE CHARLES PUCHEU,43.3457,-1.76218,Crépuscule ou aube,En agglomération,Hors intersection,Normale,Autre collision,,,,,,,,,,,2,2,1,1,6
201500031732,0015-10-08 18:15:00,15,10,8,18,15,640,483,AV GREGORIO MARANON,43.38496,-1.66119,Plein jour,En agglomération,Hors intersection,Normale,Deux véhicules - arrière,,,,,,,,,,,1,2,1,1,2
201500031733,0015-10-08 18:15:00,15,10,8,18,15,640,260,RUE ELISSACILIO,43.37279,-1.76859,Plein jour,En agglomération,Intersection en X,Normale,Deux véhicules - côté,,,,,,,,,,,1,2,2,1,3
201500031734,0015-09-26 19:20:00,15,9,26,19,20,640,545,ROUTE D'IBARDIN,43.36176,-1.69203,Plein jour,Hors agglomération,Hors intersection,Normale,Deux véhicules - frontale,,,,,,,,,,,1,1,1,1,1
201500031735,0015-10-10 11:55:00,15,10,10,11,55,640,483,ANDRE ITHURRALDE,43.40992,-1.6222,Plein jour,En agglomération,Hors intersection,Normale,Deux véhicules - côté,,,,,,,,,,,1,2,1,1,3
201500031736,0015-10-10 17:45:00,15,10,10,17,45,640,545,RD810,43.36101,-1.70144,Plein jour,En agglomération,Hors intersection,Normale,Deux véhicules - frontale,,,,,,,,,,,1,2,1,1,1
201500031737,0015-10-10 18:20:00,15,10,10,18,20,640,545,RD810,43.35018,-1.74752,Plein jour,En agglomération,Hors intersection,Normale,Sans collision,,,,,,,,,,,1,2,1,1,7
201500031738,0015-10-15 12:19:00,15,10,15,12,19,640,260,AV BAIE DE CHINGUDY,43.36836,-1.77178,Plein jour,En agglomération,Hors intersection,Normale,Deux véhicules - côté,,,,,,,,,,,1,2,1,1,3
201500031739,0015-10-23 09:14:00,15,10,23,9,14,640,483,AVENUE DE VERDUN,43.38651,-1.66302,Plein jour,En agglomération,Hors intersection,Normale,Autre collision,,,,,,,,,,,1,2,1,1,6
201500031740,0015-10-24 17:20:00,15,10,24,17,20,640,483,AV ANDRE ITHURRALDE,,,Plein jour,En agglomération,Hors intersection,Normale,Deux véhicules - côté,,,,,,,,,,,1,2,1,1,3
201500031741,0015-10-25 01:25:00,15,10,25,1,25,640,189,1930 ROUTE D' ASCAIN,43.36123,-1.64047,Nuit sans éclairage public,En agglomération,Hors intersection,Normale,Autre collision,,,,,,,,,,,3,2,1,1,6
201500031742,0015-10-26 19:35:00,15,10,26,19,35,640,189,RUE ARISTIDE BOUROUSSE,43.38273,-1.66547,Nuit avec éclairage allumé,En agglomération,Hors intersection,Normale,Deux véhicules - côté,,,,,,,,,,,5,2,1,1,3
201500031743,0015-11-05 09:02:00,15,11,5,9,2,640,189,CARREFOUR DES EVADES,43.38461,-1.6662,Plein jour,En agglomération,Hors intersection,Normale,Deux véhicules - côté,,,,,,,,,,,1,2,1,1,3
201500031744,0015-10-30 18:30:00,15,10,30,18,30,640,545,RD810,43.36176,-1.69618,Nuit avec éclairage allumé,En agglomération,Hors intersection,Normale,Deux véhicules - frontale,,,,,,,,,,,5,2,1,1,1
201500031745,0015-11-06 09:30:00,15,11,6,9,30,640,189,AV FRANCOIS MITTERRAND,43.38089,-1.66274,Plein jour,Hors agglomération,Hors intersection,Normale,Deux véhicules - côté,,,,,,,,,,,1,1,1,1,3
201500031746,0015-11-12 17:20:00,15,11,12,17,20,640,483,VIEILLE ROUTE SAINT PEE,,,Plein jour,Hors agglomération,Hors intersection,Normale,Deux véhicules - frontale,,,,,,,,,,,1,1,1,1,1
201500031747,0015-11-13 08:05:00,15,11,13,8,5,640,545,6 ROUTE DE LA CORNICHE,43.39053,-1.68594,Plein jour,En agglomération,Hors intersection,Normale,Deux véhicules - frontale,,,,,,,,,,,1,2,1,1,1
201500031748,0015-11-13 10:05:00,15,11,13,10,5,640,483,RD 810,43.41349,-1.6145,Plein jour,Hors agglomération,Intersection en T,Normale,Deux véhicules - côté,,,,,,,,,,,1,1,3,1,3
201500031749,0015-10-16 18:35:00,15,10,16,18,35,640,483,26 AVENUE DE CHANTACO,43.38252,-1.64916,Plein jour,En agglomération,Hors intersection,Normale,Trois véhicules et plus - collisions multiples,,,,,,,,,,,1,2,1,1,5
201500031750,0015-11-19 18:50:00,15,11,19,18,50,640,249,RD810,43.42431,-1.60466,Plein jour,En agglomération,Intersection en T,Normale,Deux véhicules - côté,,,,,,,,,,,1,2,3,1,3
201500031751,0015-11-20 19:00:00,15,11,20,19,0,640,545,RD810,43.37763,-1.67326,Nuit avec éclairage allumé,En agglomération,Hors intersection,Temps couvert,Deux véhicules - arrière,,,,,,,,,,,5,2,1,8,2
201500031752,0015-11-21 19:40:00,15,11,21,19,40,640,545,RD810,43.35692,-1.73548,Nuit sans éclairage public,En agglomération,Hors intersection,Pluie forte,Deux véhicules - arrière,,,,,,,,,,,3,2,1,3,2
201500031753,0015-11-24 17:10:00,15,11,24,17,10,640,483,59 AV ANDRE ITHURRALDE,43.3958,-1.64718,Plein jour,En agglomération,Hors intersection,Pluie légère,Trois véhicules et plus - collisions multiples,,,,,,,,,,,1,2,1,2,5
201500031754,0015-11-25 15:00:00,15,11,25,15,0,640,260,BOULEVARD DE L'EMPEREUR,43.35658,-1.76602,Plein jour,En agglomération,Hors intersection,Pluie forte,Deux véhicules - arrière,,,,,,,,,,,1,2,1,3,2
201500031755,0015-12-04 10:10:00,15,12,4,10,10,640,483,AVENUE DE VERDUN,43.38631,-1.6598,Plein jour,En agglomération,Hors intersection,Normale,Autre collision,,,,,,,,,,,1,2,1,1,6
201500031756,0015-12-04 13:00:00,15,12,4,13,0,640,483,RD810,43.40194,-1.63636,Plein jour,En agglomération,Hors intersection,Normale,Deux véhicules - arrière,,,,,,,,,,,1,2,1,1,2
201500031757,0015-12-09 08:55:00,15,12,9,8,55,640,189,RD810,43.38168,-1.66765,Plein jour,En agglomération,Hors intersection,Temps couvert,Deux véhicules - arrière,,,,,,,,,,,1,2,1,8,2
201500031758,0015-12-12 13:25:00,15,12,12,13,25,640,483,AVENUE DE JALDAY,43.40506,-1.62591,Plein jour,Hors agglomération,Hors intersection,Normale,Autre collision,,,,,,,,,,,1,1,1,1,6
201500031759,0015-12-19 10:00:00,15,12,19,10,0,640,260,BOULEVARD DE L'EMPEREUR,43.36031,-1.76289,Plein jour,En agglomération,Hors intersection,Normale,Deux véhicules - côté,,,,,,,,,,,1,2,1,1,3
201500031760,0015-12-21 15:35:00,15,12,21,15,35,640,483,RD 810,43.39097,-1.65421,Plein jour,En agglomération,Hors intersection,Normale,Deux véhicules - arrière,,,,,,,,,,,1,2,1,1,2
201500031761,0015-02-19 10:00:00,15,2,19,10,0,640,483,AV PIERRE LARRAMENDY,43.38572,-1.66269,Plein jour,En agglomération,Hors intersection,Temps éblouissant,Autre collision,,,,,,,,,,,1,2,1,7,6
201500031762,0015-03-20 18:30:00,15,3,20,18,30,650,286,"1, SAINT-PIERRE (RUE)",43.09685,-0.04596,Crépuscule ou aube,En agglomération,Hors intersection,Pluie forte,Autre collision,,,,,,,,,,,2,2,1,3,6
201500031763,0015-04-06 17:50:00,15,4,6,17,50,650,286,"2, PAU (ROUTE  DE)",43.1095,-0.07002,Plein jour,Hors agglomération,Hors intersection,Normale,Trois véhicules et plus - en chaîne,,,,,,,,,,,1,1,1,1,4
201500031764,0015-04-06 18:30:00,15,4,6,18,30,650,286,"3, ABADIE (Avenue Fran?o",43.1082,-0.03914,Plein jour,En agglomération,Hors intersection,Normale,Deux véhicules - arrière,,,,,,,,,,,1,2,1,1,2
201500031765,0015-04-10 08:35:00,15,4,10,8,35,650,286,"4, ESPAGNE (BOULEVARD D'",43.0882,-0.04293,Plein jour,En agglomération,Hors intersection,Normale,Autre collision,,,,,,,,,,,1,2,1,1,6
201500031766,0015-04-14 16:55:00,15,4,14,16,55,650,286,"1, CHAMP COMMUN (PLACE )",43.09425,-0.04733,Plein jour,En agglomération,Hors intersection,Normale,Autre collision,,,,,,,,,,,1,2,1,1,6
201500031767,0015-04-18 16:40:00,15,4,18,16,40,650,286,"12, MARANSIN (CHAUSSEE)",43.09853,-0.04552,Plein jour,En agglomération,Hors intersection,Normale,Autre collision,,,,,,,,,,,1,2,1,1,6
201500031768,0015-06-11 14:15:00,15,6,11,14,15,650,286,"1, LAPACCA (BOULEVARD DU",43.0972,-0.03852,Plein jour,En agglomération,Intersection en X,Normale,Deux véhicules - côté,,,,,,,,,,,1,2,2,1,3
201500031769,0015-06-17 11:40:00,15,6,17,11,40,650,286,"42, PEYRAMALE (AVENUE)",43.0927,-0.05517,Plein jour,En agglomération,Hors intersection,Normale,Deux véhicules - côté,,,,,,,,,,,1,2,1,1,3
201500031770,0015-06-18 08:45:00,15,6,18,8,45,650,286,"6, ESPAGNE (BOULEVARD D'",43.0871,-0.04316,Plein jour,En agglomération,Hors intersection,Normale,Deux véhicules - arrière,,,,,,,,,,,1,2,1,1,2
201500031771,0015-06-22 08:50:00,15,6,22,8,50,650,286,"1, Route Nationale 21",43.1164,-0.0328,Plein jour,Hors agglomération,Hors intersection,Normale,Deux véhicules - arrière,,,,,,,,,,,1,1,1,1,2
201500031772,0015-07-05 06:00:00,15,7,5,6,0,650,286,"21, FOCH (AVENUE MARECHA",43.0899,-0.04622,Nuit avec éclairage allumé,En agglomération,Autre intersection,Normale,Autre collision,,,,,,,,,,,5,2,9,1,6
201500031773,0015-07-09 19:00:00,15,7,9,19,0,650,286,"1, LAGARDERE (AVENUE FRA",43.08926,-0.04611,Plein jour,En agglomération,Intersection en T,Normale,Deux véhicules - frontale,,,,,,,,,,,1,2,3,1,1
201500031774,0015-08-07 17:50:00,15,8,7,17,50,650,286,VIZENS (AVENUE DE),43.1057,-0.06471,Plein jour,En agglomération,Hors intersection,Normale,Deux véhicules - arrière,,,,,,,,,,,1,2,1,1,2
201500031775,0015-08-26 16:20:00,15,8,26,16,20,650,286,"1, MICHELET (RUE EDMOND)",43.0894,-0.04677,Plein jour,En agglomération,Hors intersection,Normale,Autre collision,,,,,,,,,,,1,2,1,1,6
201500031776,0015-08-28 11:25:00,15,8,28,11,25,650,286,"7, LAGARDERE (AVENUE FRA",43.089,-0.04611,Plein jour,En agglomération,Hors intersection,Normale,Deux véhicules - côté,,,,,,,,,,,1,2,1,1,3
201500031777,0015-09-03 15:50:00,15,9,3,15,50,650,286,"1, LAURENCE (PLACE MONSE",43.0967,-0.05461,Plein jour,En agglomération,Place,Pluie légère,Autre collision,,,,,,,,,,,1,2,7,2,6
201500031778,0015-08-10 17:50:00,15,8,10,17,50,650,286,"36, ESPAGNE (BOULEVARD D",43.0932,-0.03891,Plein jour,En agglomération,Hors intersection,Normale,Deux véhicules - frontale,,,,,,,,,,,1,2,1,1,1
201500031779,0015-09-23 08:30:00,15,9,23,8,30,650,286,"15/01/2016, RD921B-COTE",43.0757,-0.04085,Plein jour,Hors agglomération,Hors intersection,Pluie légère,Autre collision,,,,,,,,,,,1,1,1,2,6
201500031780,0015-09-26 07:00:00,15,9,26,7,0,650,286,"1, CHAMP COMMUN (PLACE)",43.0935,-0.04709,Nuit avec éclairage allumé,En agglomération,Hors intersection,Normale,Autre collision,,,,,,,,,,,5,2,1,1,6
201500031781,0015-09-28 17:55:00,15,9,28,17,55,650,286,"25, LAPACCA (BOULEVARD D",43.0967,-0.03809,Plein jour,En agglomération,Hors intersection,Normale,Deux véhicules - côté,,,,,,,,,,,1,2,1,1,3
201500031782,0015-10-09 18:10:00,15,10,9,18,10,650,286,"1, Route Nationale 21",43.1162,-0.03296,Plein jour,Hors agglomération,Hors intersection,Normale,Trois véhicules et plus - en chaîne,,,,,,,,,,,1,1,1,1,4
201500031783,0015-10-17 12:25:00,15,10,17,12,25,650,286,"36, FOCH (AVENUE MARECHA",43.0909,-0.04617,Plein jour,Hors agglomération,Hors intersection,Normale,Deux véhicules - frontale,,,,,,,,,,,1,1,1,1,1
201500031784,0015-10-24 10:40:00,15,10,24,10,40,650,286,"1, ROND POINT DE L EUROP",43.1074,-0.03976,Plein jour,En agglomération,Giratoire,Normale,Deux véhicules - côté,,,,,,,,,,,1,2,6,1,3
201500031785,0015-12-02 14:25:00,15,12,2,14,25,650,286,"1, PYRENEES (PLACE DES)",43.093,-0.04866,Plein jour,En agglomération,Hors intersection,Normale,Autre collision,,,,,,,,,,,1,2,1,1,6
201500031786,0015-12-18 13:55:00,15,12,18,13,55,650,286,RN21,43.1251,-0.02697,Plein jour,Hors agglomération,Hors intersection,Normale,Deux véhicules - frontale,,,,,,,,,,,1,1,1,1,1
201500031787,0015-01-11 16:55:00,15,1,11,16,55,650,286,"43, LAGARDERE (AVENUE FR",43.08586,-0.0459,Plein jour,En agglomération,Hors intersection,Normale,Trois véhicules et plus - en chaîne,,,,,,,,,,,1,2,1,1,4
201500031788,0015-02-19 20:25:00,15,2,19,20,25,650,286,"45, JEAN PRAT(AVENUE)",43.1094,-0.07001,Nuit avec éclairage allumé,En agglomération,Hors intersection,Normale,Deux véhicules - frontale,,,,,,,,,,,5,2,1,1,1
201500031789,0015-03-08 18:45:00,15,3,8,18,45,650,286,"58, PAU (RUE DE)",43.09958,-0.05161,Crépuscule ou aube,En agglomération,Hors intersection,Normale,Deux véhicules - frontale,,,,,,,,,,,2,2,1,1,1
201500031790,0015-01-02 10:10:00,15,1,2,10,10,650,440,MARTINET (BOULEVARD DU),43.23824,0.0825,Plein jour,En agglomération,Hors intersection,Normale,Autre collision,,,,,,,,,,,1,2,1,1,6
201500031791,0015-03-17 13:55:00,15,3,17,13,55,650,440,ALSACE LORRAINE (AVENUE),43.24452,0.07341,Plein jour,En agglomération,Intersection en X,Normale,Trois véhicules et plus - collisions multiples,,,,,,,,,,,1,2,2,1,5
201500031792,0015-01-06 08:40:00,15,1,6,8,40,650,417,GUINIER (RUE DU DOCTEUR),43.22386,0.09426,Plein jour,En agglomération,Giratoire,Normale,Deux véhicules - côté,,,,,,,,,,,1,2,6,1,3
201500031793,0015-03-17 13:30:00,15,3,17,13,30,650,440,"., DIDEROT (RUE)",43.24534,0.07438,Plein jour,En agglomération,Intersection en X,Normale,Deux véhicules - côté,,,,,,,,,,,1,2,2,1,3
201500031794,0015-01-08 11:40:00,15,1,8,11,40,650,417,"., ALSTHOM (PONT)",43.22338,0.09249,Plein jour,En agglomération,Hors intersection,Normale,Deux véhicules - arrière,,,,,,,,,,,1,2,1,1,2