accident_id,datetime,annee,mois,jour,heure,minute,departement,commune_insee,adresse,latitude,longitude,luminosite,agglomeration,intersection,meteo,collision,nb_vehicules,nb_usagers,nb_indemnes,nb_tues,nb_blesses_hosp,nb_blesses_legers,age_cond_1,age_cond_2,veh_type_cond_1,veh_type_cond_2,lum_code,agg_code,int_code,atm_code,col_code
201500031795,0015-03-20 16:20:00,15,3,20,16,20,650,440,JOFFRE (AVENUE DU MARECH,43.23944,0.06553,Plein jour,En agglomération,Hors intersection,Temps couvert,Trois véhicules et plus - en chaîne,,,,,,,,,,,1,2,1,8,4
201500031796,0015-01-20 08:45:00,15,1,20,8,45,650,100,BOURS (ROUTE DE),43.26807,0.07649,Plein jour,Hors agglomération,Intersection en X,Normale,Deux véhicules - côté,,,,,,,,,,,1,1,2,1,3
201500031797,0015-03-23 08:30:00,15,3,23,8,30,650,47,"82, JAURES (AVE JEAN)",43.2434,0.09565,Plein jour,En agglomération,Intersection en X,Pluie légère,Autre collision,,,,,,,,,,,1,2,2,2,6
201500031798,0015-01-21 07:45:00,15,1,21,7,45,650,440,"., DEBUSSY (BOULEVARD CL",43.221,0.06131,Nuit avec éclairage allumé,En agglomération,Hors intersection,Normale,Autre collision,,,,,,,,,,,5,2,1,1,6
201500031799,0015-03-25 12:10:00,15,3,25,12,10,650,440,"4, LIBERATION (AVENUE DE",43.2432,0.06735,Plein jour,En agglomération,Hors intersection,Temps couvert,Deux véhicules - côté,,,,,,,,,,,1,2,1,8,3
201500031800,0015-02-02 06:05:00,15,2,2,6,5,650,440,"1, NELLY (RUE JOSEPH)",43.23993,0.07709,Nuit avec éclairage allumé,En agglomération,Intersection en X,Normale,Deux véhicules - côté,,,,,,,,,,,5,2,2,1,3
201500031801,0015-03-26 09:00:00,15,3,26,9,0,650,440,"., ADOUR (QUAI DE L')",43.23128,0.08754,Plein jour,En agglomération,Hors intersection,Normale,Autre collision,,,,,,,,,,,1,2,1,1,6
201500031802,0015-02-26 14:50:00,15,2,26,14,50,650,440,"1, PASTEUR (RUE)",43.2354,0.06666,Plein jour,En agglomération,Intersection en T,Pluie légère,Autre collision,,,,,,,,,,,1,2,3,2,6
201500031803,0015-03-29 01:15:00,15,3,29,1,15,650,226,"., PAU (ROUTE DE)",43.24161,-0.02051,Nuit sans éclairage public,Hors agglomération,Hors intersection,Normale,Autre collision,,,,,,,,,,,3,1,1,1,6
201500031804,0015-02-28 04:00:00,15,2,28,4,0,650,440,FOCH (RUE DU MARECHAL),43.2322,0.07837,Nuit avec éclairage allumé,En agglomération,Intersection en X,Normale,Deux véhicules - côté,,,,,,,,,,,5,2,2,1,3
201500031805,0015-04-02 18:20:00,15,4,2,18,20,650,100,"., CASSIN (RUE RENE)",43.26699,0.06758,Plein jour,En agglomération,Intersection en T,Normale,Deux véhicules - arrière,,,,,,,,,,,1,2,3,1,2
201500031806,0015-03-04 16:15:00,15,3,4,16,15,650,100,"5, CROIZAT (RUE A.)",43.2572,0.05181,Plein jour,En agglomération,Hors intersection,Normale,Autre collision,,,,,,,,,,,1,2,1,1,6
201500031807,0015-04-03 20:41:00,15,4,3,20,41,650,440,"26, VERDUN (PLACE DE)",43.2336,0.07432,Nuit avec éclairage allumé,En agglomération,Hors intersection,Normale,Autre collision,,,,,,,,,,,5,2,1,1,6
201500031808,0015-03-05 10:20:00,15,3,5,10,20,650,440,"1ter, BYE (RUE RENE)",43.2351,0.07166,Plein jour,En agglomération,Intersection en X,Normale,Autre collision,,,,,,,,,,,1,2,2,1,6
201500031809,0015-04-08 21:50:00,15,4,8,21,50,650,440,"4, MARNE (AVENUE DE LA)",43.23171,0.08546,Nuit avec éclairage allumé,En agglomération,Intersection en T,Normale,Deux véhicules - côté,,,,,,,,,,,5,2,3,1,3
201500031810,0015-03-05 12:05:00,15,3,5,12,5,650,433,"23, FOURCADE (RUE ANDRE)",43.2067,0.09898,Plein jour,En agglomération,Hors intersection,Normale,Deux véhicules - arrière,,,,,,,,,,,1,2,1,1,2
201500031811,0015-04-10 21:35:00,15,4,10,21,35,650,440,"2, MAI 1945 (BOULEVARD D",43.219,0.07152,Nuit avec éclairage allumé,En agglomération,Hors intersection,Normale,Deux véhicules - frontale,,,,,,,,,,,5,2,1,1,1
201500031812,0015-03-11 08:25:00,15,3,11,8,25,650,440,"., AMSTRONG (RUE NEIL)",43.2175,0.0861,Plein jour,En agglomération,Intersection en T,Normale,Deux véhicules - côté,,,,,,,,,,,1,2,3,1,3
201500031813,0015-04-26 01:20:00,15,4,26,1,20,650,440,"., FORGES (AVENUE DES )",43.2408,0.0821,Nuit avec éclairage allumé,En agglomération,Hors intersection,Normale,Deux véhicules - frontale,,,,,,,,,,,5,2,1,1,1
201500031814,0015-03-15 19:35:00,15,3,15,19,35,650,440,"29, SEPTEMBRE (RUE DU IV",43.2289,0.08053,Nuit avec éclairage non allumé,En agglomération,Intersection en T,Normale,Deux véhicules - côté,,,,,,,,,,,4,2,3,1,3
201500031815,0015-04-27 21:25:00,15,4,27,21,25,650,440,"74, JOFFRE (AV DU MAR",43.2395,0.0657,Nuit avec éclairage allumé,En agglomération,Intersection en T,Normale,Deux véhicules - côté,,,,,,,,,,,5,2,3,1,3
201500031816,0015-04-30 12:45:00,15,4,30,12,45,650,417,"., MITTERRAND (AVENUE FR",43.22416,0.10167,Plein jour,Hors agglomération,Intersection en X,Normale,Deux véhicules - côté,,,,,,,,,,,1,1,2,1,3
201500031817,0015-04-30 16:08:00,15,4,30,16,8,650,100,"., SEMARD (RUE PIERRE)",43.2523,0.05401,Plein jour,En agglomération,Intersection en X,Normale,Deux véhicules - côté,,,,,,,,,,,1,2,2,1,3
201500031818,0015-05-06 11:40:00,15,5,6,11,40,650,440,"11, FOULON (RUE DU)",43.2299,0.08253,Plein jour,En agglomération,Hors intersection,Normale,Autre collision,,,,,,,,,,,1,2,1,1,6
201500031819,0015-05-10 10:10:00,15,5,10,10,10,650,440,SAINTE-CATHERINE (RUE),43.2315,0.06155,Plein jour,En agglomération,Giratoire,Normale,Deux véhicules - côté,,,,,,,,,,,1,2,6,1,3
201500031820,0015-05-17 00:30:00,15,5,17,0,30,650,440,"., FOULON (RUE DU)",43.2304,0.08222,Nuit avec éclairage allumé,En agglomération,Intersection en X,Normale,Deux véhicules - côté,,,,,,,,,,,5,2,2,1,3
201500031821,0015-05-20 11:05:00,15,5,20,11,5,650,440,"., LASSALLE (RUE GEORGES",43.2349,0.07153,Plein jour,En agglomération,Intersection en X,Pluie légère,Autre collision,,,,,,,,,,,1,2,2,2,6
201500031822,0015-05-29 09:00:00,15,5,29,9,0,650,440,"., SAINT-EXUPERY (AVENUE",43.2445,0.07331,Plein jour,En agglomération,Intersection en X,Normale,Autre collision,,,,,,,,,,,1,2,2,1,6
201500031823,0015-05-30 04:25:00,15,5,30,4,25,650,440,"., DEBUSSY (BOULEVARD CL",43.2212,0.06052,Nuit avec éclairage allumé,En agglomération,Hors intersection,Pluie légère,Autre collision,,,,,,,,,,,5,2,1,2,6
201500031824,0015-06-02 17:43:00,15,6,2,17,43,650,417,"145, MITTERRAND (AVENUE",43.2134,0.11336,Plein jour,Hors agglomération,Hors intersection,Normale,Deux véhicules - côté,,,,,,,,,,,1,1,1,1,3
201500031825,0015-06-03 20:40:00,15,6,3,20,40,650,440,SOLFERINO (RUE),43.2381,0.06571,Plein jour,En agglomération,Intersection en X,Normale,Autre collision,,,,,,,,,,,1,2,2,1,6
201500031826,0015-06-05 22:55:00,15,6,5,22,55,650,440,"., SAINT-EXUPERY (AVENUE",43.24407,0.06645,Nuit avec éclairage allumé,En agglomération,Intersection en X,Normale,Deux véhicules - côté,,,,,,,,,,,5,2,2,1,3
201500031827,0015-06-09 16:00:00,15,6,9,16,0,650,440,"43, SAINT-EXUPERY (AVENU",43.2443,0.07168,Plein jour,En agglomération,Hors intersection,Normale,Autre collision,,,,,,,,,,,1,2,1,1,6
201500031828,0015-06-14 00:01:00,15,6,14,0,1,650,226,", BAGNERES (CHEMIN DU)",43.2246,0.02656,Nuit sans éclairage public,Hors agglomération,Hors intersection,Pluie légère,Sans collision,,,,,,,,,,,3,1,1,2,7
201500031829,0015-06-17 10:45:00,15,6,17,10,45,650,100,"., BOURS (ROUTE DE)",43.2683,0.07686,Plein jour,Hors agglomération,Intersection en X,Normale,Deux véhicules - côté,,,,,,,,,,,1,1,2,1,3
201500031830,0015-06-19 12:20:00,15,6,19,12,20,650,440,FORGES (AVENUE DES),43.2408,0.07737,Plein jour,En agglomération,Intersection en X,Normale,Deux véhicules - côté,,,,,,,,,,,1,2,2,1,3
201500031831,0015-06-22 15:00:00,15,6,22,15,0,650,100,COMMANDEUR (AVENUE DU),43.2584,0.03954,Plein jour,En agglomération,Intersection en X,Normale,Deux véhicules - côté,,,,,,,,,,,1,2,2,1,3
201500031832,0015-06-22 18:45:00,15,6,22,18,45,650,251,"5, ALLEE (RUE DE L')",43.2102,0.07486,Plein jour,En agglomération,Hors intersection,Normale,Autre collision,,,,,,,,,,,1,2,1,1,6
201500031833,0015-06-26 11:55:00,15,6,26,11,55,650,100,"5, BOURS (ROUTE DE)",43.2683,0.07686,Plein jour,Hors agglomération,Intersection en X,Normale,Deux véhicules - côté,,,,,,,,,,,1,1,2,1,3
201500031834,0015-06-26 14:40:00,15,6,26,14,40,650,100,"., BORDEAUX (ROUTE DE) C",43.2644,0.07139,Plein jour,Hors agglomération,Hors intersection,Normale,Deux véhicules - côté,,,,,,,,,,,1,1,1,1,3
201500031835,0015-06-29 18:15:00,15,6,29,18,15,650,440,"., RENAUDET (BOULEVARD P",43.2444,0.07326,Plein jour,En agglomération,Intersection en X,Normale,Deux véhicules - côté,,,,,,,,,,,1,2,2,1,3
201500031836,0015-06-30 08:25:00,15,6,30,8,25,650,100,"70, BORDEAUX (ROUTE DE)",43.2655,0.07128,Plein jour,En agglomération,Hors intersection,Normale,Trois véhicules et plus - en chaîne,,,,,,,,,,,1,2,1,1,4
201500031837,0015-07-18 20:25:00,15,7,18,20,25,650,440,"., FRATERNITE (RUE DE LA",43.2219,0.08474,Plein jour,En agglomération,Intersection en T,Pluie forte,Deux véhicules - côté,,,,,,,,,,,1,2,3,3,3
201500031838,0015-07-20 18:15:00,15,7,20,18,15,650,440,"18, GONNES (RUE DE)",43.2298,0.07533,Plein jour,En agglomération,Hors intersection,Normale,Autre collision,,,,,,,,,,,1,2,1,1,6
201500031839,0015-07-24 18:30:00,15,7,24,18,30,650,226,"., PAU (ROUTE DE)",43.24223,0.00055,Plein jour,Hors agglomération,Hors intersection,Normale,Trois véhicules et plus - collisions multiples,,,,,,,,,,,1,1,1,1,5
201500031840,0015-07-25 10:00:00,15,7,25,10,0,650,100,BORDEAUX (RTE DE) CD 902,43.2475,0.03997,Plein jour,Hors agglomération,Hors intersection,Normale,Deux véhicules - frontale,,,,,,,,,,,1,1,1,1,1
201500031841,0015-07-30 20:40:00,15,7,30,20,40,650,440,"., FORGES (AVENUE DES)",43.2392,0.08512,Plein jour,En agglomération,Intersection en X,Normale,Deux véhicules - frontale,,,,,,,,,,,1,2,2,1,1
201500031842,0015-08-05 15:30:00,15,8,5,15,30,650,226,", PAU (ROUTE DE)",43.24318,-0.00889,Plein jour,En agglomération,Intersection en X,Normale,Deux véhicules - côté,,,,,,,,,,,1,2,2,1,3
201500031843,0015-08-13 08:25:00,15,8,13,8,25,650,433,"., CURIE (BOULEVARD JOLI",43.2081,0.09487,Plein jour,En agglomération,Intersection en T,Normale,Deux véhicules - côté,,,,,,,,,,,1,2,3,1,3
201500031844,0015-08-17 14:20:00,15,8,17,14,20,650,226,"., GABIZOS (Rue du)",43.2197,0.03079,Plein jour,Hors agglomération,Hors intersection,Pluie légère,Deux véhicules - côté,,,,,,,,,,,1,1,1,2,3
201500031845,0015-08-18 10:35:00,15,8,18,10,35,650,440,"39, CORPS FRANC POMMIES",43.2359,0.06148,Plein jour,En agglomération,Hors intersection,Normale,Deux véhicules - côté,,,,,,,,,,,1,2,1,1,3
201500031846,0015-08-21 15:50:00,15,8,21,15,50,650,440,", LATTRE DE TASSIGNY(BOU",43.228,0.05651,Plein jour,En agglomération,Intersection à plus de 4 branches,Normale,Deux véhicules - côté,,,,,,,,,,,1,2,5,1,3
201500031847,0015-08-28 19:10:00,15,8,28,19,10,650,440,"3, JAURES (PLACE JEAN)",43.2323,0.07756,Plein jour,En agglomération,Hors intersection,Normale,Autre collision,,,,,,,,,,,1,2,1,1,6
201500031848,0015-09-04 12:45:00,15,9,4,12,45,650,440,ALSACE LORRAINE (AVENUE),43.2496,0.07276,Plein jour,En agglomération,Intersection en T,Normale,Trois véhicules et plus - collisions multiples,,,,,,,,,,,1,2,3,1,5
201500031849,0015-09-08 09:00:00,15,9,8,9,0,650,417,"132, MITTERRAND (AVENUE",43.2135,0.11334,Plein jour,En agglomération,Hors intersection,Normale,Deux véhicules - côté,,,,,,,,,,,1,2,1,1,3
201500031850,0015-09-08 12:00:00,15,9,8,12,0,650,440,"8, FOURCADE (RUE ANDRE)",43.2344,0.07781,Plein jour,En agglomération,Hors intersection,Normale,Autre collision,,,,,,,,,,,1,2,1,1,6
201500031851,0015-09-09 18:25:00,15,9,9,18,25,650,440,"., GAUTIER (RUE THEOPHIL",43.2336,0.07565,Plein jour,En agglomération,Intersection en X,Normale,Deux véhicules - côté,,,,,,,,,,,1,2,2,1,3
201500031852,0015-09-11 09:00:00,15,9,11,9,0,650,226,"., DEPARTEMENTALE 64 (RO",43.2467,0.04213,Plein jour,Hors agglomération,Intersection en X,Normale,Deux véhicules - côté,,,,,,,,,,,1,1,2,1,3
201500031853,0015-09-24 11:45:00,15,9,24,11,45,650,417,"., SAINT FRAI (PONT)",43.2292,0.09157,Plein jour,En agglomération,Hors intersection,Normale,Trois véhicules et plus - collisions multiples,,,,,,,,,,,1,2,1,1,5
201500031854,0015-09-25 08:40:00,15,9,25,8,40,650,440,"9, SEPTEMBRE (RUE DU IV)",43.2284,0.07685,Plein jour,En agglomération,Hors intersection,Normale,Autre collision,,,,,,,,,,,1,2,1,1,6
201500031855,0015-09-25 17:30:00,15,9,25,17,30,650,433,"., PYRENEES (AVENUE DES",43.19537,0.10055,Plein jour,Hors agglomération,Hors intersection,Normale,Deux véhicules - frontale,,,,,,,,,,,1,1,1,1,1
201500031856,0015-09-28 18:05:00,15,9,28,18,5,650,440,REGIMENT DE BIGORRE (AVE,43.2284,0.07005,Plein jour,En agglomération,Intersection en T,Normale,Deux véhicules - côté,,,,,,,,,,,1,2,3,1,3
201500031857,0015-09-29 11:50:00,15,9,29,11,50,650,100,"., BORDEAUX (ROUTE DE) C",43.26833,0.07113,Plein jour,Hors agglomération,Hors intersection,Normale,Deux véhicules - arrière,,,,,,,,,,,1,1,1,1,2
201500031858,0015-10-01 09:05:00,15,10,1,9,5,650,440,"., MARTINET (BOULEVARD D",43.23293,0.08637,Plein jour,En agglomération,Intersection en X,Normale,Deux véhicules - côté,,,,,,,,,,,1,2,2,1,3
201500031859,0015-10-09 20:15:00,15,10,9,20,15,650,47,"., SPORTS (AVE DES)",43.2352,0.10411,Plein jour,Hors agglomération,Hors intersection,Normale,Deux véhicules - côté,,,,,,,,,,,1,1,1,1,3
201500031860,0015-10-14 07:55:00,15,10,14,7,55,650,433,"23, FOURCADE (RUE ANDRE)",43.2067,0.09909,Crépuscule ou aube,En agglomération,Hors intersection,Normale,Trois véhicules et plus - collisions multiples,,,,,,,,,,,2,2,1,1,5
201500031861,0015-10-15 14:30:00,15,10,15,14,30,650,440,MERMOZ (AVENUE JEAN),43.2435,0.05893,Plein jour,En agglomération,Intersection en X,Normale,Deux véhicules - frontale,,,,,,,,,,,1,2,2,1,1
201500031862,0015-10-15 15:00:00,15,10,15,15,0,650,440,PEREIRE (RUE EMILE),43.2388,0.07851,Plein jour,En agglomération,Intersection en X,Normale,Deux véhicules - arrière,,,,,,,,,,,1,2,2,1,2
201500031863,0015-10-21 10:20:00,15,10,21,10,20,650,440,"56, MARTINET (BOULEVARD",43.2375,0.08326,Plein jour,En agglomération,Hors intersection,Normale,Autre collision,,,,,,,,,,,1,2,1,1,6
201500031864,0015-10-23 11:45:00,15,10,23,11,45,650,331,"78, LOURDES (AVENUE DE)",43.2103,0.04739,Plein jour,Hors agglomération,Hors intersection,Normale,Deux véhicules - côté,,,,,,,,,,,1,1,1,1,3
201500031865,0015-10-27 13:40:00,15,10,27,13,40,650,440,"63, CARNOT (RUE)",43.2191,0.07083,Plein jour,En agglomération,Hors intersection,Normale,Autre collision,,,,,,,,,,,1,2,1,1,6
201500031866,0015-10-27 19:55:00,15,10,27,19,55,650,440,"., REGIMENT DE BIGORRE (",43.2254,0.06943,Crépuscule ou aube,En agglomération,Intersection en X,Normale,Deux véhicules - côté,,,,,,,,,,,2,2,2,1,3
201500031867,0015-10-29 16:35:00,15,10,29,16,35,650,440,"14, TORNE (RUE ABBE)",43.2337,0.07243,Plein jour,En agglomération,Intersection en T,Normale,Deux véhicules - côté,,,,,,,,,,,1,2,3,1,3
201500031868,0015-11-12 08:50:00,15,11,12,8,50,650,440,SAINT FRAI (ROND POINT),43.2287,0.0882,Plein jour,En agglomération,Giratoire,Temps couvert,Deux véhicules - côté,,,,,,,,,,,1,2,6,8,3
201500031869,0015-11-15 17:55:00,15,11,15,17,55,650,251,"., ALLEE (RUE DE L')",43.2105,0.07733,Plein jour,En agglomération,Hors intersection,Normale,Deux véhicules - arrière,,,,,,,,,,,1,2,1,1,2
201500031870,0015-11-19 14:35:00,15,11,19,14,35,650,440,"., FERRE (PLACE)",43.2284,0.0757,Plein jour,En agglomération,Giratoire,Normale,Deux véhicules - arrière,,,,,,,,,,,1,2,6,1,2
201500031871,0015-11-23 17:00:00,15,11,23,17,0,650,440,"42, DUPARC (RUE HENRI)",43.2251,0.05759,Plein jour,En agglomération,Hors intersection,Normale,Autre collision,,,,,,,,,,,1,2,1,1,6
201500031872,0015-11-26 08:00:00,15,11,26,8,0,650,440,"22, CRONSTADT (RUE DE)",43.2285,0.07492,Plein jour,En agglomération,Hors intersection,Normale,Autre collision,,,,,,,,,,,1,2,1,1,6
201500031873,0015-11-26 08:10:00,15,11,26,8,10,650,440,"., DREYT (RUE GASTON)",43.2309,0.06518,Plein jour,En agglomération,Hors intersection,Normale,Autre collision,,,,,,,,,,,1,2,1,1,6
201500031874,0015-11-27 11:45:00,15,11,27,11,45,650,440,"., MARTINET (RUE DU)",43.2346,0.08409,Plein jour,En agglomération,Intersection en X,Normale,Deux véhicules - côté,,,,,,,,,,,1,2,2,1,3
201500031875,0015-11-28 17:50:00,15,11,28,17,50,650,226,"., OURSBELILLE (ROUTE D'",43.2511,0.0188,Crépuscule ou aube,Hors agglomération,Hors intersection,Normale,Deux véhicules - côté,,,,,,,,,,,2,1,1,1,3
201500031876,0015-12-07 17:25:00,15,12,7,17,25,650,440,"., SEPTEMBRE (RUE DU IV)",43.2284,0.07605,Plein jour,En agglomération,Hors intersection,Normale,Deux véhicules - côté,,,,,,,,,,,1,2,1,1,3
201500031877,0015-12-11 13:00:00,15,12,11,13,0,650,440,"47, AZEREIX (AVENUE D')",43.2235,0.04885,Plein jour,En agglomération,Intersection en T,Normale,Deux véhicules - côté,,,,,,,,,,,1,2,3,1,3
201500031878,0015-12-14 07:55:00,15,12,14,7,55,650,440,"13, JOFFRE (AVENUE DU MA",43.2396,0.07255,Nuit avec éclairage allumé,En agglomération,Hors intersection,Normale,Deux véhicules - côté,,,,,,,,,,,5,2,1,1,3
201500031879,0015-12-19 03:33:00,15,12,19,3,33,650,440,"148, REGIMENT DE BIGORRE",43.2258,0.06683,Nuit avec éclairage allumé,En agglomération,Hors intersection,Normale,Deux véhicules - arrière,,,,,,,,,,,5,2,1,1,2
201500031880,0015-12-25 10:05:00,15,12,25,10,5,650,440,"., PAUL (BOULEVARD JEAN",43.2229,0.09098,Plein jour,En agglomération,Autre intersection,Normale,Autre collision,,,,,,,,,,,1,2,9,1,6
201500031881,0015-12-26 09:50:00,15,12,26,9,50,650,440,"121, CORPS FRANC POMMIES",43.2366,0.05538,Plein jour,En agglomération,Hors intersection,Normale,Deux véhicules - côté,,,,,,,,,,,1,2,1,1,3
201500031882,0015-12-29 11:25:00,15,12,29,11,25,650,47,"., JAURES (AVE JEAN)",43.2434,0.09565,Plein jour,En agglomération,Intersection en T,Normale,Deux véhicules - côté,,,,,,,,,,,1,2,3,1,3
201500031883,0015-07-04 10:00:00,15,7,4,10,0,90,167,RD 919 AV. REPUBLIQUE,43.27602,1.34786,Plein jour,En agglomération,Hors intersection,Normale,Deux véhicules - frontale,,,,,,,,,,,1,2,1,1,1
201500031884,0015-08-10 16:15:00,15,8,10,16,15,90,181,,43.06709,1.35544,Plein jour,Hors agglomération,Hors intersection,Normale,Autre collision,,,,,,,,,,,1,1,1,1,6
201500031885,0015-01-01 02:50:00,15,1,1,2,50,660,136,BENOIT PIERRE,42.68727,2.91521,Nuit avec éclairage allumé,En agglomération,Hors intersection,Normale,Sans collision,,,,,,,,,,,5,2,1,1,7
201500031886,0015-01-06 11:00:00,15,1,6,11,0,660,136,"4, CLEMENCEAU BOULEVARD",42.70109,2.89275,Plein jour,En agglomération,Hors intersection,Normale,Autre collision,,,,,,,,,,,1,2,1,1,6
201500031887,0015-01-12 14:45:00,15,1,12,14,45,660,136,JUGAN,42.67413,2.90467,Plein jour,En agglomération,Hors intersection,Normale,Autre collision,,,,,,,,,,,1,2,1,1,6
201500031888,0015-01-15 11:09:00,15,1,15,11,9,660,136,FOCH MARECHAL,42.69491,2.88919,Plein jour,En agglomération,Hors intersection,Normale,Autre collision,,,,,,,,,,,1,2,1,1,6
201500031889,0015-01-16 19:17:00,15,1,16,19,17,660,136,LANGUEDOC AVENUE DU,42.73224,2.88943,Crépuscule ou aube,En agglomération,Hors intersection,Normale,Deux véhicules - arrière,,,,,,,,,,,2,2,1,1,2
201500031890,0015-01-20 07:52:00,15,1,20,7,52,660,136,WATTEAU ANTOINE,42.66462,2.90791,Crépuscule ou aube,En agglomération,Intersection en T,Normale,Deux véhicules - côté,,,,,,,,,,,2,2,3,1,3
201500031891,0015-01-20 08:37:00,15,1,20,8,37,660,136,GAUGUIN AVENUE PAUL,42.71737,2.89087,Plein jour,Hors agglomération,Hors intersection,Normale,Deux véhicules - côté,,,,,,,,,,,1,1,1,1,3
201500031892,0015-01-21 08:35:00,15,1,21,8,35,660,136,MERCADER BOULEVARD FELI,42.69258,2.8919,Plein jour,En agglomération,Hors intersection,Normale,Autre collision,,,,,,,,,,,1,2,1,1,6
201500031893,0015-01-20 13:35:00,15,1,20,13,35,660,136,ANCIEN CHAMP DE MARS AVE,42.70499,2.89043,Plein jour,En agglomération,Hors intersection,Normale,Autre collision,,,,,,,,,,,1,2,1,1,6
201500031894,0015-01-22 11:30:00,15,1,22,11,30,660,136,SAINT-ASSISCLE BOULEVAR,42.69612,2.87833,Plein jour,En agglomération,Hors intersection,Normale,Autre collision,,,,,,,,,,,1,2,1,1,6
201500031895,0015-01-23 22:00:00,15,1,23,22,0,660,136,R D 900,42.69468,2.85055,Nuit avec éclairage allumé,Hors agglomération,Hors intersection,Vent fort / tempête,Autre collision,,,,,,,,,,,5,1,1,6,6
201500031896,0015-01-26 01:10:00,15,1,26,1,10,660,136,POINCARE BOULEVARD HENR,42.69115,2.89867,Nuit sans éclairage public,En agglomération,Hors intersection,Normale,Deux véhicules - arrière,,,,,,,,,,,3,2,1,1,2
201500031897,0015-01-23 18:50:00,15,1,23,18,50,660,136,ARGELES SUR MER AVENU,42.68158,2.91052,Nuit avec éclairage allumé,En agglomération,Hors intersection,Normale,Deux véhicules - arrière,,,,,,,,,,,5,2,1,1,2
201500031898,0015-02-02 17:15:00,15,2,2,17,15,660,136,ARCADES RD POINT,42.67435,2.88798,Crépuscule ou aube,Hors agglomération,Hors intersection,Normale,Deux véhicules - arrière,,,,,,,,,,,2,1,1,1,2
201500031899,0015-02-04 00:30:00,15,2,4,0,30,660,136,"8, VARIETES",42.70221,2.89394,Nuit avec éclairage allumé,En agglomération,Hors intersection,Normale,Autre collision,,,,,,,,,,,5,2,1,1,6
201500031900,0015-02-05 18:40:00,15,2,5,18,40,660,136,KENNEDY BD JOHN-FITZGER,42.69053,2.90168,Nuit avec éclairage allumé,En agglomération,Hors intersection,Normale,Autre collision,,,,,,,,,,,5,2,1,1,6
201500031901,0015-02-06 08:05:00,15,2,6,8,5,660,136,R D 900,,,Plein jour,Hors agglomération,Hors intersection,Normale,Trois véhicules et plus - en chaîne,,,,,,,,,,,1,1,1,1,4
201500031902,0015-02-06 10:54:00,15,2,6,10,54,660,136,"93, FOCH (MARECHAL)",42.69426,2.88842,Plein jour,Hors agglomération,Hors intersection,Normale,Autre collision,,,,,,,,,,,1,1,1,1,6
201500031903,0015-02-12 17:15:00,15,2,12,17,15,660,136,JULIEN PANCHOT (AVENUE),42.69085,2.88115,Plein jour,En agglomération,Hors intersection,Normale,Deux véhicules - côté,,,,,,,,,,,1,2,1,1,3
201500031904,0015-02-13 12:45:00,15,2,13,12,45,660,136,R D 900,,,Plein jour,En agglomération,Hors intersection,Normale,Deux véhicules - arrière,,,,,,,,,,,1,2,1,1,2
201500031905,0015-02-14 11:06:00,15,2,14,11,6,660,136,"11, PASSIO-VELLA (CHEMIN",42.6866,2.89976,Plein jour,En agglomération,Hors intersection,Normale,Autre collision,,,,,,,,,,,1,2,1,1,6
201500031906,0015-02-16 23:22:00,15,2,16,23,22,660,136,"66, DESNOYE (BOULEVARD D",42.7139,2.8861,Nuit avec éclairage allumé,En agglomération,Hors intersection,Normale,Autre collision,,,,,,,,,,,5,2,1,1,6
201500031907,0015-02-15 11:50:00,15,2,15,11,50,660,136,DALBIEZ (AVENUE VICTOR),42.6896,2.88445,Plein jour,En agglomération,Hors intersection,Normale,Deux véhicules - côté,,,,,,,,,,,1,2,1,1,3
201500031908,0015-02-13 19:55:00,15,2,13,19,55,660,136,"6, BLANC AVENUE ROSETTE",42.69898,2.90643,Nuit sans éclairage public,Hors agglomération,Hors intersection,Normale,Deux véhicules - côté,,,,,,,,,,,3,1,1,1,3
201500031909,0015-02-19 09:00:00,15,2,19,9,0,660,136,PERI (PLACE GABRIEL),42.69867,2.89127,Plein jour,En agglomération,Hors intersection,Normale,Autre collision,,,,,,,,,,,1,2,1,1,6
201500031910,0015-02-20 11:15:00,15,2,20,11,15,660,136,"60, MERCADER (BOULEVARD",42.69239,2.89205,Plein jour,En agglomération,Hors intersection,Normale,Deux véhicules - arrière,,,,,,,,,,,1,2,1,1,2
201500031911,0015-03-01 19:50:00,15,3,1,19,50,660,136,";, PALAIS-DES-EXPO (AVEN",42.70777,2.90241,Crépuscule ou aube,En agglomération,Hors intersection,Normale,Deux véhicules - côté,,,,,,,,,,,2,2,1,1,3
201500031912,0015-03-01 09:25:00,15,3,1,9,25,660,136,R D 900,42.67829,2.88058,Plein jour,Hors agglomération,Hors intersection,Normale,Deux véhicules - côté,,,,,,,,,,,1,1,1,1,3
201500031913,0015-03-03 08:20:00,15,3,3,8,20,660,136,MAS-PASSAMA (CHEMIN DU),42.65862,2.8744,Plein jour,Hors agglomération,Intersection en X,Normale,Deux véhicules - côté,,,,,,,,,,,1,1,2,1,3
201500031914,0015-03-09 19:57:00,15,3,9,19,57,660,136,ALDUY (Paul),42.67862,2.90472,Nuit avec éclairage allumé,En agglomération,Hors intersection,Normale,Autre collision,,,,,,,,,,,5,2,1,1,6
201500031915,0015-03-11 07:20:00,15,3,11,7,20,660,136,"1935, ESPAGNE (ROUTE D')",42.672,2.88645,Plein jour,Hors agglomération,Hors intersection,Normale,Autre collision,,,,,,,,,,,1,1,1,1,6
201500031916,0015-03-12 10:50:00,15,3,12,10,50,660,136,"., COQUELICOTS (DES)",42.70444,2.90218,Plein jour,En agglomération,Hors intersection,Normale,Deux véhicules - côté,,,,,,,,,,,1,2,1,1,3
201500031917,0015-03-13 10:00:00,15,3,13,10,0,660,136,CLEMENCEAU (BOULEVARD),42.69934,2.88859,Plein jour,En agglomération,Hors intersection,Normale,Sans collision,,,,,,,,,,,1,2,1,1,7