accident_id,datetime,annee,mois,jour,heure,minute,departement,commune_insee,adresse,latitude,longitude,luminosite,agglomeration,intersection,meteo,collision,nb_vehicules,nb_usagers,nb_indemnes,nb_tues,nb_blesses_hosp,nb_blesses_legers,age_cond_1,age_cond_2,veh_type_cond_1,veh_type_cond_2,lum_code,agg_code,int_code,atm_code,col_code
201500032547,0015-07-24 22:25:00,15,7,24,22,25,680,224,"26, THANN (RUE DE)",47.7505,7.30511,Nuit avec éclairage allumé,En agglomération,Hors intersection,Normale,Deux véhicules - côté,,,,,,,,,,,5,2,1,1,3
201500032548,0015-07-26 15:20:00,15,7,26,15,20,680,224,"34, SCHOEN (RUE ANNA)",47.7564,7.32614,Plein jour,En agglomération,Hors intersection,Normale,Deux véhicules - côté,,,,,,,,,,,1,2,1,1,3
201500032549,0015-08-01 03:00:00,15,8,1,3,0,680,224,THANN (RUE DE),47.75007,7.30567,Nuit avec éclairage allumé,Hors agglomération,Intersection en X,Normale,Deux véhicules - frontale,,,,,,,,,,,5,1,2,1,1
201500032550,0015-08-03 09:30:00,15,8,3,9,30,680,224,"1, SOLEIL (RUE DU)",47.75393,7.31833,Plein jour,En agglomération,Giratoire,Normale,Deux véhicules - côté,,,,,,,,,,,1,2,6,1,3
201500032551,0015-08-03 20:16:00,15,8,3,20,16,680,224,"59, SCHOEN (RUE ANNA)",47.75729,7.32527,Plein jour,En agglomération,Intersection en X,Normale,Deux véhicules - côté,,,,,,,,,,,1,2,2,1,3
201500032552,0015-08-13 15:00:00,15,8,13,15,0,680,224,GAZ (RUE DU),47.75306,7.3352,Plein jour,En agglomération,Intersection en T,Normale,Deux véhicules - côté,,,,,,,,,,,1,2,3,1,3
201500032553,0015-08-16 13:55:00,15,8,16,13,55,680,224,AUTOROUTE A 36,47.76941,7.34029,Plein jour,Hors agglomération,Hors intersection,Pluie légère,Trois véhicules et plus - collisions multiples,,,,,,,,,,,1,1,1,2,5
201500032554,0015-08-28 08:40:00,15,8,28,8,40,680,224,AUTOROUTE A 36,47.77126,7.34296,Plein jour,Hors agglomération,Hors intersection,Normale,Trois véhicules et plus - en chaîne,,,,,,,,,,,1,1,1,1,4
201500032555,0015-08-29 14:05:00,15,8,29,14,5,680,224,HOFER (RUE JOSUE),,,Plein jour,En agglomération,Intersection en X,Normale,Deux véhicules - frontale,,,,,,,,,,,1,2,2,1,1
201500032556,0015-09-23 00:35:00,15,9,23,0,35,680,224,"31, GUEBWILLER (RUE DE)",47.74438,7.32219,Nuit avec éclairage allumé,En agglomération,Hors intersection,Pluie légère,Autre collision,,,,,,,,,,,5,2,1,2,6
201500032557,0015-10-27 10:10:00,15,10,27,10,10,680,224,"02, SINNE (RUE DE LA)",47.74342,7.33431,Plein jour,En agglomération,Giratoire,Normale,Sans collision,,,,,,,,,,,1,2,6,1,7
201500032558,0015-11-12 15:45:00,15,11,12,15,45,680,224,ROMAINS (RUE DES),47.77122,7.33143,Plein jour,En agglomération,Intersection en Y,Temps éblouissant,Trois véhicules et plus - collisions multiples,,,,,,,,,,,1,2,4,7,5
201500032559,0015-11-25 19:45:00,15,11,25,19,45,680,224,"5, SOULTZ (RUE DE)",47.76474,7.32232,Nuit avec éclairage allumé,En agglomération,Hors intersection,Pluie forte,Deux véhicules - côté,,,,,,,,,,,5,2,1,3,3
201500032560,0015-12-02 10:30:00,15,12,2,10,30,680,224,VOIE RAPIDE OUEST,,,Plein jour,En agglomération,Giratoire,Normale,Autre collision,,,,,,,,,,,1,2,6,1,6
201500032561,0015-12-14 10:06:00,15,12,14,10,6,680,224,ARSENAL (RUE DE L'),47.74679,7.33319,Plein jour,En agglomération,Hors intersection,Normale,Autre collision,,,,,,,,,,,1,2,1,1,6
201500032562,0015-12-18 11:40:00,15,12,18,11,40,680,271,MULHOUSE (RUE DE),47.74727,7.36268,Plein jour,En agglomération,Hors intersection,Normale,Autre collision,,,,,,,,,,,1,2,1,1,6
201500032563,0015-12-26 11:05:00,15,12,26,11,5,680,224,QUATELBACH (ALLEE),47.76252,7.35178,Plein jour,En agglomération,Intersection en X,Normale,Deux véhicules - côté,,,,,,,,,,,1,2,2,1,3
201500032564,0015-02-12 09:50:00,15,2,12,9,50,680,297,"1, CHARITE ( RUE DE LA )",47.57715,7.54981,Plein jour,En agglomération,Intersection en T,Normale,Autre collision,,,,,,,,,,,1,2,3,1,6
201500032565,0015-03-05 18:05:00,15,3,5,18,5,680,297,DE GAULLE ( AVE DU GLE ),47.5785,7.54742,Plein jour,En agglomération,Intersection en T,Normale,Deux véhicules - frontale,,,,,,,,,,,1,2,3,1,1
201500032566,0015-08-03 18:30:00,15,8,3,18,30,680,297,AEROPORT ( RUE DE ),47.6069,7.52575,Plein jour,En agglomération,Intersection en T,Temps éblouissant,Deux véhicules - côté,,,,,,,,,,,1,2,3,7,3
201500032567,0015-06-25 22:15:00,15,6,25,22,15,680,297,"17, BACHMANN ( RUE THEO",47.58658,7.56086,Crépuscule ou aube,En agglomération,Intersection en T,Normale,Deux véhicules - côté,,,,,,,,,,,2,2,3,1,3
201500032568,0015-09-14 12:05:00,15,9,14,12,5,680,149,"26, ST-LOUIS ( RUE DE )",47.5919,7.57575,Plein jour,En agglomération,Hors intersection,Normale,Deux véhicules - côté,,,,,,,,,,,1,2,1,1,3
201500032569,0015-11-14 16:55:00,15,11,14,16,55,680,149,FRANCE (RUE DE) 1,47.592,7.5861,Crépuscule ou aube,En agglomération,Intersection en T,Normale,Deux véhicules - côté,,,,,,,,,,,2,2,3,1,3
201500032570,0015-12-03 20:38:00,15,12,3,20,38,680,297,"78, MULHOUSE ( RUE DE)JU",47.5916,7.55733,Nuit avec éclairage allumé,En agglomération,Hors intersection,Normale,Autre collision,,,,,,,,,,,5,2,1,1,6
201500032571,0015-12-03 21:25:00,15,12,3,21,25,680,297,"19, PLATT ( RUE GUILLAUM",47.58607,7.56035,Nuit avec éclairage allumé,En agglomération,Intersection en T,Normale,Autre collision,,,,,,,,,,,5,2,3,1,6
201500032572,0015-02-18 18:05:00,15,2,18,18,5,680,166,"0, MULHOUSE (FAUBOURG DE",47.78327,7.33104,Nuit avec éclairage allumé,En agglomération,Hors intersection,Normale,Trois véhicules et plus - en chaîne,,,,,,,,,,,5,2,1,1,4
201500032573,0015-12-31 19:21:00,15,12,31,19,21,680,376,"68, KINGERSHEIM (RUE DE)",47.80042,7.33691,Nuit avec éclairage allumé,En agglomération,Intersection en T,Pluie légère,Autre collision,,,,,,,,,,,5,2,3,2,6
201500032574,0015-06-11 13:40:00,15,6,11,13,40,680,166,KALIGONE,47.78995,7.31528,Plein jour,En agglomération,Giratoire,Normale,Deux véhicules - côté,,,,,,,,,,,1,2,6,1,3
201500032575,0015-06-19 08:55:00,15,6,19,8,55,680,376,CROIX (RUE DE LA),47.81932,7.33412,Plein jour,Hors agglomération,Intersection en T,Normale,Deux véhicules - côté,,,,,,,,,,,1,1,3,1,3
201500032576,0015-10-05 16:35:00,15,10,5,16,35,680,376,"16, SAINT CLOUD (RUE DU)",47.81388,7.33783,Plein jour,En agglomération,Intersection en X,Normale,Trois véhicules et plus - collisions multiples,,,,,,,,,,,1,2,2,1,5
201500032577,0015-11-08 03:30:00,15,11,8,3,30,680,166,RD 430,47.78156,7.32926,Nuit avec éclairage allumé,Hors agglomération,Hors intersection,Normale,Deux véhicules - arrière,,,,,,,,,,,5,1,1,1,2
201500032578,0015-12-09 18:05:00,15,12,9,18,5,680,376,"18, KINGERSHEIM (RUE DE)",47.80816,7.33778,Nuit avec éclairage allumé,En agglomération,Hors intersection,Normale,Autre collision,,,,,,,,,,,5,2,1,1,6
201500032579,0015-12-10 16:00:00,15,12,10,16,0,680,166,GUEBWILLER (RUE DE),47.78916,7.31555,Plein jour,En agglomération,Giratoire,Normale,Deux véhicules - côté,,,,,,,,,,,1,2,6,1,3
201500032580,0015-01-01 21:10:00,15,1,1,21,10,690,271,"0, BOULEVARD DU RAQUIN",45.7441,4.973,Nuit avec éclairage allumé,En agglomération,Intersection en T,Pluie légère,Deux véhicules - côté,,,,,,,,,,,5,2,3,2,3
201500032581,0015-01-08 18:20:00,15,1,8,18,20,690,29,"372, ROUTE DE GENAS",,,Nuit avec éclairage non allumé,En agglomération,Hors intersection,Pluie légère,Autre collision,,,,,,,,,,,4,2,1,2,6
201500032582,0015-01-10 20:20:00,15,1,10,20,20,690,29,"296, ROUTE DE GENAS",45.7497,4.91221,Nuit avec éclairage allumé,En agglomération,Hors intersection,Normale,Deux véhicules - frontale,,,,,,,,,,,5,2,1,1,1
201500032583,0015-01-19 12:10:00,15,1,19,12,10,690,29,"0, RUE LIONEL TERRAY",45.7258,4.91316,Plein jour,En agglomération,Intersection en T,Pluie forte,Autre collision,,,,,,,,,,,1,2,3,3,6
201500032584,0015-01-31 16:30:00,15,1,31,16,30,690,29,"., BOULEVARD DE L UNIVER",45.7239,4.91725,Plein jour,En agglomération,Hors intersection,Pluie légère,Deux véhicules - arrière,,,,,,,,,,,1,2,1,2,2
201500032585,0015-03-14 18:30:00,15,3,14,18,30,690,29,"0, BOULEVARD DES DROITS",,,Plein jour,En agglomération,Hors intersection,Normale,Autre collision,,,,,,,,,,,1,2,1,1,6
201500032586,0015-02-13 19:45:00,15,2,13,19,45,690,34,"16, RUE PASTEUR",,,Nuit avec éclairage allumé,En agglomération,Hors intersection,Normale,Autre collision,,,,,,,,,,,5,2,1,1,6
201500032587,0015-01-18 13:05:00,15,1,18,13,5,690,34,"74, MONTEE DES SOLDATS",45.7977,4.85215,Plein jour,En agglomération,Hors intersection,Normale,Trois véhicules et plus - en chaîne,,,,,,,,,,,1,2,1,1,4
201500032588,0015-01-19 18:00:00,15,1,19,18,0,690,34,"51 TER, RUE FRANCOIS PEI",45.7981,4.84549,Nuit avec éclairage allumé,En agglomération,Hors intersection,Pluie légère,Autre collision,,,,,,,,,,,5,2,1,2,6
201500032589,0015-01-27 11:50:00,15,1,27,11,50,690,34,"10B, MONTEE DES SOLDATS",45.7932,4.85987,Plein jour,En agglomération,Hors intersection,Normale,Deux véhicules - arrière,,,,,,,,,,,1,2,1,1,2
201500032590,0015-02-02 19:05:00,15,2,2,19,5,690,34,RUE COSTE,,,Nuit avec éclairage allumé,En agglomération,Intersection en T,Pluie légère,Deux véhicules - côté,,,,,,,,,,,5,2,3,2,3
201500032591,0015-02-04 14:00:00,15,2,4,14,0,690,34,"43, RUE COSTE",,,Plein jour,En agglomération,Hors intersection,Normale,Deux véhicules - côté,,,,,,,,,,,1,2,1,1,3
201500032592,0015-02-04 21:14:00,15,2,4,21,14,690,34,QUAI CLEMENCEAU,,,Nuit avec éclairage allumé,En agglomération,Hors intersection,Normale,Sans collision,,,,,,,,,,,5,2,1,1,7
201500032593,0015-02-21 10:40:00,15,2,21,10,40,690,34,AVENUE JEAN MONNET,,,Plein jour,En agglomération,Hors intersection,Pluie légère,Autre collision,,,,,,,,,,,1,2,1,2,6
201500032594,0015-02-23 16:30:00,15,2,23,16,30,690,34,"56, RUE JEAN MOULIN",,,Plein jour,En agglomération,Hors intersection,Normale,Autre collision,,,,,,,,,,,1,2,1,1,6
201500032595,0015-03-04 16:15:00,15,3,4,16,15,690,34,"100, ROUTE DE STRASBOURG",,,Plein jour,En agglomération,Hors intersection,Pluie légère,Deux véhicules - arrière,,,,,,,,,,,1,2,1,2,2
201500032596,0015-03-13 23:30:00,15,3,13,23,30,690,34,"56, RUE COSTE",,,Nuit avec éclairage allumé,En agglomération,Hors intersection,Pluie légère,Autre collision,,,,,,,,,,,5,2,1,2,6
201500032597,0015-01-05 08:30:00,15,1,5,8,30,690,91,"2 BIS, MARCEL CACHIN ( R",,,Plein jour,En agglomération,Intersection en T,Normale,Deux véhicules - côté,,,,,,,,,,,1,2,3,1,3
201500032598,0015-03-19 18:15:00,15,3,19,18,15,690,91,"ALLEE 16, PAIX (DE LA) (",45.5849,4.75222,Plein jour,En agglomération,Hors intersection,Normale,Autre collision,,,,,,,,,,,1,2,1,1,6
201500032599,0015-01-13 11:50:00,15,1,13,11,50,690,91,PAIX (DE LA) ( R ),45.5865,4.75532,Plein jour,Hors agglomération,Hors intersection,Normale,Deux véhicules - frontale,,,,,,,,,,,1,1,1,1,1
201500032600,0015-03-24 18:30:00,15,3,24,18,30,690,91,CANAL (DU) (CH),45.5888,4.76128,Plein jour,En agglomération,Autre intersection,Normale,Deux véhicules - frontale,,,,,,,,,,,1,2,9,1,1
201500032601,0015-01-14 19:25:00,15,1,14,19,25,690,91,"X, PAIX (DE LA) ( R )",45.5868,4.75615,Nuit avec éclairage allumé,En agglomération,Hors intersection,Normale,Deux véhicules - côté,,,,,,,,,,,5,2,1,1,3
201500032602,0015-04-11 17:55:00,15,4,11,17,55,690,91,"11, HONORE PETETIN ( R )",45.5911,4.77261,Plein jour,En agglomération,Place,Normale,Deux véhicules - côté,,,,,,,,,,,1,2,7,1,3
201500032603,0015-01-17 18:40:00,15,1,17,18,40,690,91,MONTROND (DE) ( R ),45.5869,4.76126,Nuit avec éclairage allumé,En agglomération,Giratoire,Temps couvert,Sans collision,,,,,,,,,,,5,2,6,8,7
201500032604,0015-04-13 14:50:00,15,4,13,14,50,690,96,"24, BERTHELOT (MARCELIN)",45.599,4.78456,Plein jour,En agglomération,Hors intersection,Normale,Deux véhicules - arrière,,,,,,,,,,,1,2,1,1,2
201500032605,0015-01-22 04:20:00,15,1,22,4,20,690,91,"29, HONORE PETETIN ( R )",45.5931,4.77303,Nuit avec éclairage allumé,En agglomération,Hors intersection,Pluie légère,Autre collision,,,,,,,,,,,5,2,1,2,6
201500032606,0015-04-20 09:35:00,15,4,20,9,35,690,91,", JEAN LIGONNET ( R )",45.593,4.77022,Plein jour,En agglomération,Intersection en X,Normale,Deux véhicules - côté,,,,,,,,,,,1,2,2,1,3
201500032607,0015-01-24 18:40:00,15,1,24,18,40,690,96,"88, JEAN LIGONNET ( R )",45.5923,4.77032,Nuit sans éclairage public,En agglomération,Hors intersection,Autre,Autre collision,,,,,,,,,,,3,2,1,9,6
201500032608,0015-04-23 11:20:00,15,4,23,11,20,690,91,PAIX (DE LA) ( R ),45.5874,4.75843,Plein jour,En agglomération,Giratoire,Normale,Deux véhicules - arrière,,,,,,,,,,,1,2,6,1,2
201500032609,0015-02-24 11:55:00,15,2,24,11,55,690,91,"x, VIEILLE DU BOURG  ( R",,,Plein jour,En agglomération,Hors intersection,Normale,Deux véhicules - arrière,,,,,,,,,,,1,2,1,1,2
201500032610,0015-04-25 11:45:00,15,4,25,11,45,690,91,"x, PAIX (DE LA) ( R )",45.5841,4.74772,Plein jour,En agglomération,Hors intersection,Normale,Trois véhicules et plus - en chaîne,,,,,,,,,,,1,2,1,1,4
201500032611,0015-02-24 17:45:00,15,2,24,17,45,690,91,JEAN LIGONNET ( R ),,,Plein jour,En agglomération,Intersection en X,Pluie légère,Deux véhicules - côté,,,,,,,,,,,1,2,2,2,3
201500032612,0015-04-30 15:50:00,15,4,30,15,50,690,91,"9, GAGARINE (AV)",45.6001,4.76961,Plein jour,En agglomération,Intersection en T,Normale,Autre collision,,,,,,,,,,,1,2,3,1,6
201500032613,0015-02-27 09:10:00,15,2,27,9,10,690,91,JEAN LIGONNET ( R ),,,Plein jour,En agglomération,Intersection en X,Pluie légère,Deux véhicules - côté,,,,,,,,,,,1,2,2,2,3
201500032614,0015-03-06 11:20:00,15,3,6,11,20,690,91,"6, YVES FARGES ( R )",,,Plein jour,En agglomération,Hors intersection,Normale,Deux véhicules - arrière,,,,,,,,,,,1,2,1,1,2
201500032615,0015-03-12 01:05:00,15,3,12,1,5,690,91,"24, ANATOLE FRANCE (AV)",,,Nuit avec éclairage allumé,Hors agglomération,Hors intersection,Normale,Autre collision,,,,,,,,,,,5,1,1,1,6
201500032616,0015-03-12 07:50:00,15,3,12,7,50,690,91,"37, COTE A CAILLOUX (DE",,,Plein jour,En agglomération,Intersection en T,Normale,Deux véhicules - côté,,,,,,,,,,,1,2,3,1,3
201500032617,0015-03-13 12:00:00,15,3,13,12,0,690,91,PAIX (DE LA) ( R ),,,Plein jour,En agglomération,Hors intersection,Normale,Sans collision,,,,,,,,,,,1,2,1,1,7
201500032618,0015-03-13 16:25:00,15,3,13,16,25,690,91,"x, BONNEBOUCHE (DE) (CH)",,,Plein jour,En agglomération,Hors intersection,Normale,Autre collision,,,,,,,,,,,1,2,1,1,6
201500032619,0015-06-05 20:30:00,15,6,5,20,30,690,91,"18, CACHIN ( RUE)",45.5951,4.76558,Plein jour,En agglomération,Hors intersection,Normale,Deux véhicules - arrière,,,,,,,,,,,1,2,1,1,2
201500032620,0015-06-07 17:45:00,15,6,7,17,45,690,96,"60, PASTEUR ( R )",45.6051,4.78025,Plein jour,En agglomération,Intersection en X,Normale,Deux véhicules - frontale,,,,,,,,,,,1,2,2,1,1
201500032621,0015-06-07 17:45:00,15,6,7,17,45,690,91,FRATERNITE (DE LA) ( R ),45.5932,4.77161,Plein jour,En agglomération,Intersection en T,Normale,Autre collision,,,,,,,,,,,1,2,3,1,6
201500032622,0015-06-11 12:52:00,15,6,11,12,52,690,91,PAIX (DE LA) ( R ),45.586,4.75414,Plein jour,En agglomération,Hors intersection,Normale,Deux véhicules - frontale,,,,,,,,,,,1,2,1,1,1
201500032623,0015-06-20 21:17:00,15,6,20,21,17,690,96,"66, BOUTEILLER ( R )",45.6067,4.78986,Plein jour,En agglomération,Hors intersection,Normale,Deux véhicules - frontale,,,,,,,,,,,1,2,1,1,1
201500032624,0015-06-30 15:45:00,15,6,30,15,45,690,91,"48, JEAN LIGONNET ( R )",45.5942,4.76992,Plein jour,En agglomération,Hors intersection,Normale,Autre collision,,,,,,,,,,,1,2,1,1,6
201500032625,0015-07-04 20:45:00,15,7,4,20,45,690,91,HONORE PETETIN ( R ),45.591,4.773,Plein jour,En agglomération,Autre intersection,Normale,Deux véhicules - côté,,,,,,,,,,,1,2,9,1,3
201500032626,0015-07-08 18:15:00,15,7,8,18,15,690,91,"2, GEORGES LEVY (Q)",45.5857,4.77411,Plein jour,En agglomération,Hors intersection,Normale,Deux véhicules - côté,,,,,,,,,,,1,2,1,1,3
201500032627,0015-07-09 21:30:00,15,7,9,21,30,690,91,"X, ROBICHON MALGONTIER (",45.581,4.77833,Crépuscule ou aube,En agglomération,Intersection en T,Normale,Deux véhicules - côté,,,,,,,,,,,2,2,3,1,3
201500032628,0015-07-10 15:30:00,15,7,10,15,30,690,96,SEMARD (PIERRE) ( R ),45.6206,4.80161,Plein jour,En agglomération,Hors intersection,Normale,Deux véhicules - côté,,,,,,,,,,,1,2,1,1,3
201500032629,0015-07-17 20:40:00,15,7,17,20,40,690,91,"13, DOCTEUR ROUX (DU) (",45.6013,4.76111,Plein jour,En agglomération,Hors intersection,Normale,Deux véhicules - frontale,,,,,,,,,,,1,2,1,1,1
201500032630,0015-07-28 17:35:00,15,7,28,17,35,690,96,"89, SEMARD (PIERRE) ( R",45.6091,4.79226,Plein jour,En agglomération,Intersection en T,Normale,Autre collision,,,,,,,,,,,1,2,3,1,6
201500032631,0015-07-31 11:00:00,15,7,31,11,0,690,91,ECHALAS (D'),45.5766,4.74982,Plein jour,Hors agglomération,Hors intersection,Normale,Sans collision,,,,,,,,,,,1,1,1,1,7
201500032632,0015-08-07 21:00:00,15,8,7,21,0,690,96,"19, CARACA ( R )",45.6084,4.79378,Crépuscule ou aube,En agglomération,Hors intersection,Normale,Autre collision,,,,,,,,,,,2,2,1,1,6
201500032633,0015-08-08 09:00:00,15,8,8,9,0,690,91,"X, LA CLUZELLE (LIEU D)",,,Plein jour,Hors agglomération,Hors intersection,Normale,Autre collision,,,,,,,,,,,1,1,1,1,6
201500032634,0015-08-11 08:15:00,15,8,11,8,15,690,91,"4 TER, MARCEL CACHIN ( R",45.35467,4.45592,Plein jour,En agglomération,Hors intersection,Normale,Autre collision,,,,,,,,,,,1,2,1,1,6
201500032635,0015-08-19 21:30:00,15,8,19,21,30,690,91,"22, YVES FARGES ( R )",45.59332,4.76424,Nuit avec éclairage allumé,En agglomération,Intersection en T,Normale,Deux véhicules - côté,,,,,,,,,,,5,2,3,1,3
201500032636,0015-08-27 00:20:00,15,8,27,0,20,690,96,"1, AMPERE ( R )",45.60982,4.78373,Nuit avec éclairage allumé,En agglomération,Hors intersection,Normale,Autre collision,,,,,,,,,,,5,2,1,1,6
201500032637,0015-09-07 09:20:00,15,9,7,9,20,690,96,"68, BERTHELOT (MARCELIN)",,,Plein jour,En agglomération,Hors intersection,Normale,Autre collision,,,,,,,,,,,1,2,1,1,6
201500032638,0015-09-11 13:45:00,15,9,11,13,45,690,91,"1, SEMARD (PIERRE) ( R )",,,Plein jour,En agglomération,Intersection en T,Normale,Autre collision,,,,,,,,,,,1,2,3,1,6
201500032639,0015-09-16 08:45:00,15,9,16,8,45,690,91,", GEORGES LEVY (Q)",45.5861,4.77307,Plein jour,Hors agglomération,Hors intersection,Normale,Deux véhicules - côté,,,,,,,,,,,1,1,1,1,3
201500032640,0015-09-17 14:05:00,15,9,17,14,5,690,91,"x, RIVE DE GIER (DE) (RT",45.5757,4.71818,Plein jour,Hors agglomération,Hors intersection,Temps couvert,Autre collision,,,,,,,,,,,1,1,1,8,6
201500032641,0015-09-22 13:45:00,15,9,22,13,45,690,96,MARS 1962 (AVENUE DU 19),,,Plein jour,En agglomération,Intersection en T,Normale,Deux véhicules - côté,,,,,,,,,,,1,2,3,1,3
201500032642,0015-09-21 14:10:00,15,9,21,14,10,690,96,"1, RD 386 LE BOUTRAS",45.6057,4.77189,Plein jour,En agglomération,Hors intersection,Normale,Autre collision,,,,,,,,,,,1,2,1,1,6
201500032643,0015-09-28 08:00:00,15,9,28,8,0,690,91,"6, ROSENBERG (Q)",45.5796,4.78128,Plein jour,En agglomération,Hors intersection,Normale,Deux véhicules - côté,,,,,,,,,,,1,2,1,1,3
201500032644,0015-10-14 18:55:00,15,10,14,18,55,690,91,"3, EDOUART IDOUX ( R )",45.5917,4.76183,Crépuscule ou aube,En agglomération,Intersection en X,Normale,Trois véhicules et plus - collisions multiples,,,,,,,,,,,2,2,2,1,5
201500032645,0015-11-07 03:00:00,15,11,7,3,0,690,91,"x, RIVE DE GIER (DE) (RT",45.5795,4.72467,Nuit sans éclairage public,Hors agglomération,Hors intersection,Normale,Autre collision,,,,,,,,,,,3,1,1,1,6
201500032646,0015-11-18 07:30:00,15,11,18,7,30,690,91,"45BIS, EDOUART IDOUX ( R",,,Plein jour,En agglomération,Hors intersection,Normale,Deux véhicules - arrière,,,,,,,,,,,1,2,1,1,2
201500032647,0015-12-02 15:25:00,15,12,2,15,25,690,91,"02, ANATOLE FRANCE (AV)",45.5734,4.79308,Plein jour,En agglomération,Hors intersection,Normale,Autre collision,,,,,,,,,,,1,2,1,1,6
201500032648,0015-12-04 14:05:00,15,12,4,14,5,690,96,MOULIN (JEAN) (AV),,,Plein jour,En agglomération,Hors intersection,Normale,Trois véhicules et plus - en chaîne,,,,,,,,,,,1,2,1,1,4
201500032649,0015-12-08 15:55:00,15,12,8,15,55,690,96,"05, MAYER  (ANDRE) ( R )",45.6088,4.79201,Plein jour,En agglomération,Hors intersection,Normale,Autre collision,,,,,,,,,,,1,2,1,1,6
201500032650,0015-12-20 11:50:00,15,12,20,11,50,690,91,"X, SEMARD (PIERRE) ( R )",45.585,4.76449,Plein jour,En agglomération,Hors intersection,Normale,Deux véhicules - frontale,,,,,,,,,,,1,2,1,1,1
201500032651,0015-12-25 14:30:00,15,12,25,14,30,690,91,MARECHAL LECLERC  (AV),45.58843,4.77133,Plein jour,En agglomération,Hors intersection,Normale,Deux véhicules - côté,,,,,,,,,,,1,2,1,1,3
201500032652,0015-12-26 19:40:00,15,12,26,19,40,690,91,PAIX (DE LA) ( R ),45.58544,4.75197,Nuit avec éclairage allumé,En agglomération,Hors intersection,Normale,Autre collision,,,,,,,,,,,5,2,1,1,6
201500032653,0015-01-16 12:50:00,15,1,16,12,50,690,381,"57, REPUBLIQUE (DE LA)",45.7736,4.83023,Plein jour,En agglomération,Hors intersection,Pluie forte,Autre collision,,,,,,,,,,,1,2,1,3,6
201500032654,0015-01-19 19:50:00,15,1,19,19,50,690,202,"38, VALIOUD",45.785,4.80502,Nuit avec éclairage allumé,En agglomération,Hors intersection,Pluie légère,Autre collision,,,,,,,,,,,5,2,1,2,6
201500032655,0015-02-08 11:12:00,15,2,8,11,12,690,202,"50, GRANDE RUE",,,Plein jour,En agglomération,Hors intersection,Normale,Autre collision,,,,,,,,,,,1,2,1,1,6
201500032656,0015-01-25 17:00:00,15,1,25,17,0,690,202,CHATELAIN,45.7309,4.79756,Plein jour,En agglomération,Hors intersection,Pluie légère,Deux véhicules - côté,,,,,,,,,,,1,2,1,2,3
201500032657,0015-01-26 13:45:00,15,1,26,13,45,690,202,"111-113, COMMANDANT CHAR",45.7487,4.79027,Plein jour,En agglomération,Hors intersection,Normale,Deux véhicules - frontale,,,,,,,,,,,1,2,1,1,1
201500032658,0015-01-29 19:30:00,15,1,29,19,30,690,202,AQUEDUC DE BEAUNANT (DE,,,Crépuscule ou aube,En agglomération,Hors intersection,Pluie forte,Deux véhicules - arrière,,,,,,,,,,,2,2,1,3,2
201500032659,0015-02-02 20:10:00,15,2,2,20,10,690,149,CAMILLE (DE LA),,,Nuit avec éclairage allumé,En agglomération,Intersection en T,Normale,Deux véhicules - côté,,,,,,,,,,,5,2,3,1,3
201500032660,0015-02-12 16:10:00,15,2,12,16,10,690,152,AUTOROUTE A7,,,Plein jour,Hors agglomération,Hors intersection,Normale,Autre collision,,,,,,,,,,,1,1,1,1,6
201500032661,0015-02-18 11:40:00,15,2,18,11,40,690,149,"44, GRANDE RUE",,,Plein jour,En agglomération,Hors intersection,Normale,Autre collision,,,,,,,,,,,1,2,1,1,6
201500032662,0015-02-19 13:00:00,15,2,19,13,0,690,149,"74, CHARTON",,,Plein jour,En agglomération,Hors intersection,Normale,Autre collision,,,,,,,,,,,1,2,1,1,6
201500032663,0015-02-27 15:20:00,15,2,27,15,20,690,202,ST LUC,,,Plein jour,En agglomération,Hors intersection,Temps couvert,Autre collision,,,,,,,,,,,1,2,1,8,6
201500032664,0015-03-07 18:25:00,15,3,7,18,25,690,202,"37, COMMANDANT CHARCOT (",,,Crépuscule ou aube,En agglomération,Hors intersection,Normale,Autre collision,,,,,,,,,,,2,2,1,1,6
201500032665,0015-01-12 17:25:00,15,1,12,17,25,690,256,"., BALLAND",45.7733,4.9081,Nuit avec éclairage allumé,En agglomération,Hors intersection,Normale,Autre collision,,,,,,,,,,,5,2,1,1,6
201500032666,0015-01-30 20:00:00,15,1,30,20,0,690,256,"., ROGER SALENGRO",45.7561,4.92971,Nuit avec éclairage allumé,En agglomération,Intersection en T,Pluie légère,Autre collision,,,,,,,,,,,5,2,3,2,6
201500032667,0015-02-24 15:50:00,15,2,24,15,50,690,256,"142, 8 MAI 1945 (DU)",,,Plein jour,En agglomération,Hors intersection,Temps couvert,Autre collision,,,,,,,,,,,1,2,1,8,6
201500032668,0015-03-05 18:50:00,15,3,5,18,50,690,256,"2, HO CHI MINH",,,Nuit avec éclairage allumé,En agglomération,Hors intersection,Normale,Deux véhicules - côté,,,,,,,,,,,5,2,1,1,3
201500032669,0015-03-09 11:40:00,15,3,9,11,40,690,256,"41, POUDRETTE (DE LA)",,,Plein jour,En agglomération,Passage à niveau,Normale,Deux véhicules - côté,,,,,,,,,,,1,2,8,1,3
201500032670,0015-03-11 18:25:00,15,3,11,18,25,690,256,"0, CANUTS (DES)",,,Crépuscule ou aube,En agglomération,Intersection en X,Normale,Autre collision,,,,,,,,,,,2,2,2,1,6
201500032671,0015-01-05 18:00:00,15,1,5,18,0,690,123,RUE DE FOS SUR MER,45.713,4.83673,Nuit sans éclairage public,En agglomération,Hors intersection,Normale,Deux véhicules - arrière,,,,,,,,,,,3,2,1,1,2
201500032672,0015-01-06 07:40:00,15,1,6,7,40,690,259,"0, BOULEVARD MARCEL SEMB",,,Crépuscule ou aube,En agglomération,Hors intersection,Brouillard / fumée,Autre collision,,,,,,,,,,,2,2,1,5,6