accident_id,datetime,annee,mois,jour,heure,minute,departement,commune_insee,adresse,latitude,longitude,luminosite,agglomeration,intersection,meteo,collision,nb_vehicules,nb_usagers,nb_indemnes,nb_tues,nb_blesses_hosp,nb_blesses_legers,age_cond_1,age_cond_2,veh_type_cond_1,veh_type_cond_2,lum_code,agg_code,int_code,atm_code,col_code
201500032673,0015-01-07 10:30:00,15,1,7,10,30,690,259,"0, AVENUE MARCEL PAUL",,,Plein jour,En agglomération,Hors intersection,Normale,Autre collision,,,,,,,,,,,1,2,1,1,6
201500032674,0015-01-09 19:20:00,15,1,9,19,20,690,199,JEAN JAURES,45.7142,4.85491,Nuit avec éclairage allumé,En agglomération,Hors intersection,Normale,Autre collision,,,,,,,,,,,5,2,1,1,6
201500032675,0015-01-18 05:50:00,15,1,18,5,50,690,199,"1, QUAI LOUIS AULAGNE",45.6875,4.83925,Nuit avec éclairage non allumé,En agglomération,Hors intersection,Brouillard / fumée,Autre collision,,,,,,,,,,,4,2,1,5,6
201500032676,0015-01-18 02:50:00,15,1,18,2,50,690,259,"0, ROUTE DE VIENNE",45.6957,4.86076,Nuit avec éclairage allumé,En agglomération,Intersection en T,Normale,Autre collision,,,,,,,,,,,5,2,3,1,6
201500032677,0015-01-20 11:00:00,15,1,20,11,0,690,259,AVENUE PIERRE SEMARD,45.7073,4.88194,Plein jour,En agglomération,Hors intersection,Pluie légère,Deux véhicules - côté,,,,,,,,,,,1,2,1,2,3
201500032678,0015-01-20 07:30:00,15,1,20,7,30,690,259,RUE DES COMBATS DU 24 AO,45.7151,4.88495,Nuit avec éclairage allumé,En agglomération,Hors intersection,Pluie légère,Autre collision,,,,,,,,,,,5,2,1,2,6
201500032679,0015-01-24 16:15:00,15,1,24,16,15,690,276,"0, ROUTE DE VIENNE",45.6801,4.86128,Plein jour,En agglomération,Hors intersection,Pluie légère,Deux véhicules - frontale,,,,,,,,,,,1,2,1,2,1
201500032680,0015-01-23 17:00:00,15,1,23,17,0,690,123,"136, IRENE JOLIOT CURIE",45.7175,4.87688,Plein jour,En agglomération,Hors intersection,Normale,Autre collision,,,,,,,,,,,1,2,1,1,6
201500032681,0015-01-19 11:20:00,15,1,19,11,20,690,259,"0, AVENUE PIERRE SEMARD",45.7072,4.87869,Plein jour,En agglomération,Hors intersection,Normale,Deux véhicules - arrière,,,,,,,,,,,1,2,1,1,2
201500032682,0015-01-21 09:50:00,15,1,21,9,50,690,290,"0, AVENUE JACQUES DUCLOS",45.6967,4.89389,Plein jour,En agglomération,Giratoire,Pluie légère,Deux véhicules - frontale,,,,,,,,,,,1,2,6,2,1
201500032683,0015-01-24 19:00:00,15,1,24,19,0,690,259,"0, BOULEVARD DE JODINO",45.6915,4.88701,Nuit avec éclairage allumé,En agglomération,Hors intersection,Pluie légère,Autre collision,,,,,,,,,,,5,2,1,2,6
201500032684,0015-01-29 07:20:00,15,1,29,7,20,690,259,"0, BOULEVARD MARCEL SEMB",45.7139,4.8871,Crépuscule ou aube,En agglomération,Hors intersection,Normale,Autre collision,,,,,,,,,,,2,2,1,1,6
201500032685,0015-01-29 19:00:00,15,1,29,19,0,690,199,RUE MARCEL SEMBAT,45.7108,4.84918,Nuit avec éclairage allumé,En agglomération,Intersection en T,Pluie forte,Trois véhicules et plus - collisions multiples,,,,,,,,,,,5,2,3,3,5
201500032686,0015-02-12 17:30:00,15,2,12,17,30,690,259,"364, ROUTE DE VIENNE",,,Crépuscule ou aube,En agglomération,Intersection en X,Normale,Deux véhicules - côté,,,,,,,,,,,2,2,2,1,3
201500032687,0015-02-18 07:15:00,15,2,18,7,15,690,199,"2, AVENUE JEAN JAURES",,,Nuit avec éclairage allumé,En agglomération,Hors intersection,Pluie légère,Autre collision,,,,,,,,,,,5,2,1,2,6
201500032688,0015-02-24 19:15:00,15,2,24,19,15,690,199,"0, AVENUE JEAN JAURES",,,Nuit avec éclairage allumé,En agglomération,Intersection en T,Pluie légère,Deux véhicules - côté,,,,,,,,,,,5,2,3,2,3
201500032689,0015-02-28 18:00:00,15,2,28,18,0,690,199,BOULEVARD YVES FARGE,,,Plein jour,En agglomération,Hors intersection,Normale,Deux véhicules - frontale,,,,,,,,,,,1,2,1,1,1
201500032690,0015-04-07 20:30:00,15,4,7,20,30,690,259,"0, AVENUE DE LA REPUBLIQ",,,Nuit avec éclairage allumé,En agglomération,Intersection en X,Normale,Autre collision,,,,,,,,,,,5,2,2,1,6
201500032691,0015-03-05 07:15:00,15,3,5,7,15,690,276,"26, RUE JEAN BOUIN",,,Plein jour,En agglomération,Hors intersection,Normale,Deux véhicules - frontale,,,,,,,,,,,1,2,1,1,1
201500032692,0015-03-11 18:25:00,15,3,11,18,25,690,259,PONT BERLIET,,,Plein jour,En agglomération,Hors intersection,Normale,Trois véhicules et plus - en chaîne,,,,,,,,,,,1,2,1,1,4
201500032693,0015-03-12 09:50:00,15,3,12,9,50,690,259,"0, AVENUE DE LA REPUBLIQ",,,Plein jour,En agglomération,Intersection en T,Normale,Autre collision,,,,,,,,,,,1,2,3,1,6
201500032694,0015-03-06 09:25:00,15,3,6,9,25,690,259,"20, BOULEVARD MARCEL SEM",,,Plein jour,En agglomération,Hors intersection,Normale,Autre collision,,,,,,,,,,,1,2,1,1,6
201500032695,0015-03-06 09:00:00,15,3,6,9,0,690,199,RUE MATHIEU DUSSURGEY,,,Plein jour,En agglomération,Hors intersection,Normale,Deux véhicules - côté,,,,,,,,,,,1,2,1,1,3
201500032696,0015-03-07 10:00:00,15,3,7,10,0,690,259,"19, RUE GEORGES LYVET",,,Plein jour,En agglomération,Hors intersection,Normale,Autre collision,,,,,,,,,,,1,2,1,1,6
201500032697,0015-03-09 13:15:00,15,3,9,13,15,690,259,"1, AVENUE MARCEL CACHIN",,,Plein jour,En agglomération,Intersection en X,Normale,Deux véhicules - côté,,,,,,,,,,,1,2,2,1,3
201500032698,0015-03-15 16:15:00,15,3,15,16,15,690,259,"82, CHEMIN DU CHARBONNIE",,,Plein jour,En agglomération,Hors intersection,Normale,Deux véhicules - côté,,,,,,,,,,,1,2,1,1,3
201500032699,0015-03-10 22:00:00,15,3,10,22,0,690,259,RUE LEO LAGRANGE,,,Nuit avec éclairage allumé,En agglomération,Hors intersection,Normale,Autre collision,,,,,,,,,,,5,2,1,1,6
201500032700,0015-06-01 19:30:00,15,6,1,19,30,690,259,"., JODINO (DE)",,,Plein jour,En agglomération,Hors intersection,Normale,Autre collision,,,,,,,,,,,1,2,1,1,6
201500032701,0015-06-03 20:35:00,15,6,3,20,35,690,259,"14, LEO LAGRANGE",,,Plein jour,En agglomération,Hors intersection,Normale,Autre collision,,,,,,,,,,,1,2,1,1,6
201500032702,0015-06-04 13:00:00,15,6,4,13,0,690,259,"4, COMBATS DU 24 AOUT 19",,,Plein jour,En agglomération,Hors intersection,Normale,Deux véhicules - côté,,,,,,,,,,,1,2,1,1,3
201500032703,0015-06-04 14:25:00,15,6,4,14,25,690,259,"136, IRENE JOLIOT CURIE",,,Plein jour,En agglomération,Hors intersection,Normale,Trois véhicules et plus - en chaîne,,,,,,,,,,,1,2,1,1,4
201500032704,0015-06-04 21:45:00,15,6,4,21,45,690,259,"136, IRENE JOLIOT CURIE",,,Crépuscule ou aube,En agglomération,Hors intersection,Normale,Autre collision,,,,,,,,,,,2,2,1,1,6
201500032705,0015-06-17 14:25:00,15,6,17,14,25,690,259,"., JODINO (DE)",45.6874,4.88569,Plein jour,En agglomération,Hors intersection,Normale,Deux véhicules - arrière,,,,,,,,,,,1,2,1,1,2
201500032706,0015-06-15 19:25:00,15,6,15,19,25,690,259,"41, FRANCIS DE PRESSENSE",,,Plein jour,En agglomération,Hors intersection,Normale,Deux véhicules - arrière,,,,,,,,,,,1,2,1,1,2
201500032707,0015-06-18 11:50:00,15,6,18,11,50,690,259,"., NORBERT KUGLER",,,Plein jour,En agglomération,Intersection en X,Normale,Deux véhicules - côté,,,,,,,,,,,1,2,2,1,3
201500032708,0015-06-19 20:10:00,15,6,19,20,10,690,259,"., MARCEL PAUL",,,Plein jour,En agglomération,Intersection en X,Normale,Deux véhicules - côté,,,,,,,,,,,1,2,2,1,3
201500032709,0015-06-22 06:25:00,15,6,22,6,25,690,259,"., JONQUILLES (DES)",,,Plein jour,En agglomération,Intersection en Y,Normale,Autre collision,,,,,,,,,,,1,2,4,1,6
201500032710,0015-06-22 08:00:00,15,6,22,8,0,690,259,"., JULES GUESDE",,,Plein jour,En agglomération,Hors intersection,Normale,Deux véhicules - arrière,,,,,,,,,,,1,2,1,1,2
201500032711,0015-06-22 18:00:00,15,6,22,18,0,690,259,"248, VIENNE (DE)",,,Plein jour,En agglomération,Hors intersection,Normale,Deux véhicules - arrière,,,,,,,,,,,1,2,1,1,2
201500032712,0015-06-29 17:45:00,15,6,29,17,45,690,259,"66, ERNEST RENAN",45.724,4.85828,Plein jour,En agglomération,Hors intersection,Temps éblouissant,Autre collision,,,,,,,,,,,1,2,1,7,6
201500032713,0015-06-30 16:55:00,15,6,30,16,55,690,259,"341, VIENNE (DE)",,,Plein jour,En agglomération,Hors intersection,Normale,Deux véhicules - côté,,,,,,,,,,,1,2,1,1,3
201500032714,0015-01-29 19:00:00,15,1,29,19,0,690,115,"353, HERRIOT EDOUARD  AV",45.9787,4.72072,Nuit avec éclairage allumé,En agglomération,Hors intersection,Pluie forte,Autre collision,,,,,,,,,,,5,2,1,3,6
201500032715,0015-04-03 08:00:00,15,4,3,8,0,690,115,"560, ANSE (route d')",45.9759,4.71653,Plein jour,En agglomération,Hors intersection,Temps couvert,Deux véhicules - frontale,,,,,,,,,,,1,2,1,8,1
201500032716,0015-01-23 14:35:00,15,1,23,14,35,690,115,PONOT (RUE PIERRE),45.9702,4.70648,Plein jour,En agglomération,Hors intersection,Normale,Autre collision,,,,,,,,,,,1,2,1,1,6
201500032717,0015-04-08 08:35:00,15,4,8,8,35,690,264,"116, BERTHIER  PIERRE",,,Plein jour,En agglomération,Hors intersection,Normale,Autre collision,,,,,,,,,,,1,2,1,1,6
201500032718,0015-02-12 09:40:00,15,2,12,9,40,690,264,TARARE  RUE DE,,,Plein jour,En agglomération,Intersection en X,Normale,Autre collision,,,,,,,,,,,1,2,2,1,6
201500032719,0015-04-23 15:30:00,15,4,23,15,30,690,264,"1, BEAUREGARD DE ROUTE",45.9989,4.73997,Plein jour,Hors agglomération,Hors intersection,Normale,Autre collision,,,,,,,,,,,1,1,1,1,6
201500032720,0015-02-23 07:30:00,15,2,23,7,30,690,264,RONCEVAUX R,,,Plein jour,En agglomération,Intersection en X,Normale,Autre collision,,,,,,,,,,,1,2,2,1,6
201500032721,0015-04-17 10:35:00,15,4,17,10,35,690,264,"61, ANSE D'  (rue)",45.9851,4.71806,Plein jour,En agglomération,Hors intersection,Normale,Autre collision,,,,,,,,,,,1,2,1,1,6
201500032722,0015-06-09 14:15:00,15,6,9,14,15,690,264,"499, LIBERATION  AV DE L",,,Plein jour,En agglomération,Hors intersection,Normale,Deux véhicules - côté,,,,,,,,,,,1,2,1,1,3
201500032723,0015-07-18 13:55:00,15,7,18,13,55,690,264,"599, BERTHIER  PIERRE",45.9855,4.72789,Plein jour,En agglomération,Hors intersection,Normale,Deux véhicules - arrière,,,,,,,,,,,1,2,1,1,2
201500032724,0015-06-09 12:45:00,15,6,9,12,45,690,264,BURDEAU   BD ( HORS GEAN,,,Plein jour,En agglomération,Hors intersection,Temps éblouissant,Autre collision,,,,,,,,,,,1,2,1,7,6
201500032725,0015-09-20 19:20:00,15,9,20,19,20,690,264,"239, BERTHIER  PIERRE",,,Crépuscule ou aube,En agglomération,Intersection en X,Normale,Deux véhicules - côté,,,,,,,,,,,2,2,2,1,3
201500032726,0015-10-01 06:30:00,15,10,1,6,30,690,264,"925, EUROPE L'  AV DE",45.99228,4.74224,Nuit sans éclairage public,En agglomération,Hors intersection,Normale,Autre collision,,,,,,,,,,,3,2,1,1,6
201500032727,0015-11-18 23:50:00,15,11,18,23,50,690,13,LONGSARD (route de),46.0276,4.69799,Nuit avec éclairage allumé,Hors agglomération,Hors intersection,Normale,Sans collision,,,,,,,,,,,5,1,1,1,7
201500032728,0015-11-17 07:10:00,15,11,17,7,10,690,92,TARARE (route de),45.98164,4.69504,Nuit avec éclairage allumé,En agglomération,Hors intersection,Normale,Deux véhicules - arrière,,,,,,,,,,,5,2,1,1,2
201500032729,0015-12-03 18:10:00,15,12,3,18,10,690,264,"1520, FRANS ROUTE DE",45.98399,4.74045,Plein jour,En agglomération,Hors intersection,Normale,Autre collision,,,,,,,,,,,1,2,1,1,6
201500032730,0015-12-24 19:20:00,15,12,24,19,20,690,92,"150, SOTIZON (chemin du)",45.9798,4.69447,Nuit sans éclairage public,Hors agglomération,Intersection en Y,Normale,Deux véhicules - frontale,,,,,,,,,,,3,1,4,1,1
201500032731,0015-01-04 20:55:00,15,1,4,20,55,690,256,"185, AVENUE ROGER SALENG",45.7854,4.88097,Nuit avec éclairage allumé,En agglomération,Hors intersection,Normale,Autre collision,,,,,,,,,,,5,2,1,1,6
201500032732,0015-12-31 17:55:00,15,12,31,17,55,690,275,FRATERNITE (DE LA),,,Crépuscule ou aube,En agglomération,Intersection en X,Normale,Deux véhicules - côté,,,,,,,,,,,2,2,2,1,3
201500032733,0015-03-16 22:45:00,15,3,16,22,45,690,266,LEON BLUM      (Rue),45.7603,4.90081,Nuit avec éclairage allumé,En agglomération,Intersection en X,Normale,Deux véhicules - frontale,,,,,,,,,,,5,2,2,1,1
201500032734,0015-01-06 16:40:00,15,1,6,16,40,690,266,"0, RUE PIERRE VOYANT",,,Plein jour,En agglomération,Intersection en X,Normale,Deux véhicules - arrière,,,,,,,,,,,1,2,2,1,2
201500032735,0015-03-17 14:00:00,15,3,17,14,0,690,266,"61, RACINE          (Rue",,,Plein jour,En agglomération,Intersection en X,Normale,Deux véhicules - frontale,,,,,,,,,,,1,2,2,1,1
201500032736,0015-01-11 10:30:00,15,1,11,10,30,690,266,"0, PLACE ALBERT THOMAS",45.7688,4.87756,Plein jour,En agglomération,Giratoire,Normale,Sans collision,,,,,,,,,,,1,2,6,1,7
201500032737,0015-03-18 16:10:00,15,3,18,16,10,690,275,"10, SULLY",45.7717,4.97431,Plein jour,En agglomération,Hors intersection,Normale,Autre collision,,,,,,,,,,,1,2,1,1,6
201500032738,0015-03-18 18:50:00,15,3,18,18,50,690,282,"303, VERDUN (DE)",45.7897,5.02867,Crépuscule ou aube,Hors agglomération,Hors intersection,Normale,Autre collision,,,,,,,,,,,2,1,1,1,6
201500032739,0015-01-17 18:15:00,15,1,17,18,15,690,266,"., AVENUE ROGER SALENGRO",45.781,4.88689,Nuit avec éclairage allumé,En agglomération,Intersection en X,Normale,Autre collision,,,,,,,,,,,5,2,2,1,6
201500032740,0015-03-19 17:20:00,15,3,19,17,20,690,282,"65, POMMIER (DE)",45.7768,5.00286,Plein jour,En agglomération,Hors intersection,Normale,Deux véhicules - côté,,,,,,,,,,,1,2,1,1,3
201500032741,0015-03-24 08:10:00,15,3,24,8,10,690,266,"157, TOLSTOI    (Cours)",,,Plein jour,En agglomération,Hors intersection,Temps couvert,Autre collision,,,,,,,,,,,1,2,1,8,6
201500032742,0015-03-24 08:40:00,15,3,24,8,40,690,275,VERDUN (DE),45.7644,4.96722,Plein jour,En agglomération,Intersection en Y,Pluie légère,Deux véhicules - frontale,,,,,,,,,,,1,2,4,2,1
201500032743,0015-01-31 19:10:00,15,1,31,19,10,690,266,"0, AVENUE ALBERT EINSTEI",45.7828,4.88461,Nuit avec éclairage allumé,En agglomération,Intersection en Y,Pluie légère,Autre collision,,,,,,,,,,,5,2,4,2,6
201500032744,0015-03-25 16:25:00,15,3,25,16,25,690,266,"1, LOUIS GALVANI       (",,,Plein jour,En agglomération,Hors intersection,Pluie légère,Deux véhicules - côté,,,,,,,,,,,1,2,1,2,3
201500032745,0015-02-03 11:40:00,15,2,3,11,40,690,266,"182, RUE DU 8 MAI 1945",,,Plein jour,En agglomération,Hors intersection,Normale,Autre collision,,,,,,,,,,,1,2,1,1,6
201500032746,0015-03-27 06:00:00,15,3,27,6,0,690,256,"68, BOLHEN   (DE)",45.7662,4.9285,Crépuscule ou aube,En agglomération,Intersection en X,Temps couvert,Deux véhicules - côté,,,,,,,,,,,2,2,2,8,3
201500032747,0015-03-27 13:15:00,15,3,27,13,15,690,266,LAURENT BONNEVAY    (Bou,,,Plein jour,En agglomération,Hors intersection,Normale,Deux véhicules - arrière,,,,,,,,,,,1,2,1,1,2
201500032748,0015-03-27 17:35:00,15,3,27,17,35,690,266,"166, FRANCIS DE PRESSENS",45.7661,4.8992,Plein jour,En agglomération,Autre intersection,Normale,Autre collision,,,,,,,,,,,1,2,9,1,6
201500032749,0015-02-19 14:35:00,15,2,19,14,35,690,266,"19, RUE JEAN JAURES",,,Plein jour,En agglomération,Intersection en T,Normale,Deux véhicules - arrière,,,,,,,,,,,1,2,3,1,2
201500032750,0015-03-28 16:40:00,15,3,28,16,40,690,266,"170, ROGER SALENGRO",45.78135,4.88562,Plein jour,En agglomération,Hors intersection,Normale,Autre collision,,,,,,,,,,,1,2,1,1,6
201500032751,0015-02-24 05:50:00,15,2,24,5,50,690,266,"0, RUE ALFRED DE MUSSET",,,Nuit avec éclairage allumé,En agglomération,Intersection en T,Normale,Autre collision,,,,,,,,,,,5,2,3,1,6
201500032752,0015-03-18 07:50:00,15,3,18,7,50,690,271,DAUPHINE (DU),45.735,4.96443,Plein jour,En agglomération,Hors intersection,Normale,Deux véhicules - arrière,,,,,,,,,,,1,2,1,1,2
201500032753,0015-03-04 17:15:00,15,3,4,17,15,690,266,"0, COURS EMILE ZOLA",,,Plein jour,En agglomération,Intersection en X,Normale,Deux véhicules - frontale,,,,,,,,,,,1,2,2,1,1
201500032754,0015-03-28 23:10:00,15,3,28,23,10,690,29,"0, GENAS (DE)",,,Nuit avec éclairage allumé,En agglomération,Intersection en T,Normale,Deux véhicules - côté,,,,,,,,,,,5,2,3,1,3
201500032755,0015-03-31 14:40:00,15,3,31,14,40,690,282,"., VERDUN (DE)",45.7783,4.99475,Plein jour,En agglomération,Intersection en X,Normale,Autre collision,,,,,,,,,,,1,2,2,1,6
201500032756,0015-03-04 19:55:00,15,3,4,19,55,690,266,"10, RUE LEON BLUM",,,Nuit avec éclairage allumé,En agglomération,Intersection en T,Normale,Deux véhicules - côté,,,,,,,,,,,5,2,3,1,3
201500032757,0015-03-05 18:10:00,15,3,5,18,10,690,266,"117, RUE ANATOLE FRANCE",,,Plein jour,En agglomération,Intersection en T,Normale,Autre collision,,,,,,,,,,,1,2,3,1,6
201500032758,0015-04-03 18:45:00,15,4,3,18,45,690,256,"0, CUZIN",45.7692,4.92437,Plein jour,En agglomération,Intersection en X,Normale,Deux véhicules - côté,,,,,,,,,,,1,2,2,1,3
201500032759,0015-03-07 21:40:00,15,3,7,21,40,690,266,"169, RUE LEON BLUM",,,Nuit avec éclairage allumé,En agglomération,Hors intersection,Normale,Deux véhicules - arrière,,,,,,,,,,,5,2,1,1,2
201500032760,0015-04-05 12:05:00,15,4,5,12,5,690,275,"14, FRATERNITE (DE LA)",45.7714,4.95817,Plein jour,En agglomération,Hors intersection,Normale,Autre collision,,,,,,,,,,,1,2,1,1,6
201500032761,0015-03-09 20:05:00,15,3,9,20,5,690,266,"22, COURS EMILE ZOLA",,,Nuit avec éclairage allumé,En agglomération,Hors intersection,Normale,Deux véhicules - côté,,,,,,,,,,,5,2,1,1,3
201500032762,0015-04-06 14:30:00,15,4,6,14,30,690,290,"152, GRENOBLE (DE)  -  R",,,Plein jour,En agglomération,Hors intersection,Normale,Trois véhicules et plus - en chaîne,,,,,,,,,,,1,2,1,1,4
201500032763,0015-03-10 14:30:00,15,3,10,14,30,690,266,"0, RUE VICTOR SUBIT",,,Plein jour,En agglomération,Intersection en T,Normale,Autre collision,,,,,,,,,,,1,2,3,1,6
201500032764,0015-04-06 13:40:00,15,4,6,13,40,690,290,CITE BERLIET (DE LA),,,Plein jour,En agglomération,Intersection en X,Normale,Deux véhicules - côté,,,,,,,,,,,1,2,2,1,3
201500032765,0015-04-08 08:30:00,15,4,8,8,30,690,290,JEAN JAURES,45.6977,4.92867,Plein jour,En agglomération,Intersection en T,Normale,Deux véhicules - côté,,,,,,,,,,,1,2,3,1,3
201500032766,0015-04-08 21:20:00,15,4,8,21,20,690,271,"., PROGRES (DU)",45.7244,4.97386,Nuit avec éclairage allumé,En agglomération,Intersection en X,Normale,Deux véhicules - côté,,,,,,,,,,,5,2,2,1,3
201500032767,0015-04-09 03:27:00,15,4,9,3,27,690,266,".0, CANAL    (Rue du)",45.7713,4.90408,Nuit avec éclairage allumé,En agglomération,Giratoire,Normale,Autre collision,,,,,,,,,,,5,2,6,1,6
201500032768,0015-04-08 11:20:00,15,4,8,11,20,690,266,"0, EMILE ZOLA     (Cours",45.7678,4.88872,Plein jour,En agglomération,Intersection en T,Normale,Deux véhicules - côté,,,,,,,,,,,1,2,3,1,3
201500032769,0015-04-09 14:00:00,15,4,9,14,0,690,290,ALFRED DE VIGNY,45.6993,4.93636,Plein jour,En agglomération,Hors intersection,Normale,Deux véhicules - côté,,,,,,,,,,,1,2,1,1,3
201500032770,0015-04-10 12:20:00,15,4,10,12,20,690,256,"29, GENAS (DE)",,,Plein jour,En agglomération,Autre intersection,Normale,Autre collision,,,,,,,,,,,1,2,9,1,6
201500032771,0015-04-11 18:55:00,15,4,11,18,55,690,29,"., PINEL",45.7261,4.88711,Plein jour,En agglomération,Hors intersection,Normale,Deux véhicules - côté,,,,,,,,,,,1,2,1,1,3
201500032772,0015-04-06 19:15:00,15,4,6,19,15,690,256,"61-63, GENAS (DE)",45.7469,4.92442,Plein jour,En agglomération,Intersection en Y,Normale,Autre collision,,,,,,,,,,,1,2,4,1,6
201500032773,0015-04-13 18:40:00,15,4,13,18,40,690,282,PETIT MONTOUT (DU),45.7634,4.99206,Plein jour,En agglomération,Hors intersection,Normale,Deux véhicules - côté,,,,,,,,,,,1,2,1,1,3
201500032774,0015-04-13 17:20:00,15,4,13,17,20,690,271,"20, ARSONVAL (D')",,,Plein jour,En agglomération,Intersection en T,Normale,Deux véhicules - côté,,,,,,,,,,,1,2,3,1,3
201500032775,0015-04-15 07:15:00,15,4,15,7,15,690,282,"., POMMIER (DE)",45.7815,5.0233,Plein jour,En agglomération,Intersection en X,Normale,Deux véhicules - côté,,,,,,,,,,,1,2,2,1,3
201500032776,0015-04-15 14:40:00,15,4,15,14,40,690,275,", JEAN JAURES",,,Plein jour,En agglomération,Autre intersection,Normale,Autre collision,,,,,,,,,,,1,2,9,1,6
201500032777,0015-04-16 21:10:00,15,4,16,21,10,690,256,GUY MOQUET,,,Nuit avec éclairage allumé,En agglomération,Hors intersection,Normale,Deux véhicules - côté,,,,,,,,,,,5,2,1,1,3
201500032778,0015-04-16 20:40:00,15,4,16,20,40,690,29,GENAS (DE),45.7444,4.93147,Crépuscule ou aube,En agglomération,Intersection en Y,Normale,Deux véhicules - côté,,,,,,,,,,,2,2,4,1,3
201500032779,0015-03-28 20:40:00,15,3,28,20,40,690,266,"216, LEON BLUM      (Rue",,,Nuit avec éclairage allumé,En agglomération,Hors intersection,Normale,Deux véhicules - côté,,,,,,,,,,,5,2,1,1,3
201500032780,0015-04-21 20:30:00,15,4,21,20,30,690,256,"., MARIUS GROSSO",,,Crépuscule ou aube,En agglomération,Intersection en X,Normale,Deux véhicules - côté,,,,,,,,,,,2,2,2,1,3
201500032781,0015-04-22 06:40:00,15,4,22,6,40,690,266,"21, CHARMETTES    (Rue d",45.77097,4.86705,Crépuscule ou aube,En agglomération,Hors intersection,Normale,Deux véhicules - côté,,,,,,,,,,,2,2,1,1,3
201500032782,0015-04-22 07:25:00,15,4,22,7,25,690,271,"0, RENE CASSIN",,,Crépuscule ou aube,En agglomération,Giratoire,Normale,Deux véhicules - côté,,,,,,,,,,,2,2,6,1,3
201500032783,0015-04-23 09:45:00,15,4,23,9,45,690,256,"88, POUDRETTE (DE LA)",,,Plein jour,En agglomération,Autre intersection,Normale,Trois véhicules et plus - en chaîne,,,,,,,,,,,1,2,9,1,4
201500032784,0015-04-25 12:10:00,15,4,25,12,10,690,290,"0, EDMOND ROSTAND",,,Plein jour,En agglomération,Intersection en X,Normale,Deux véhicules - côté,,,,,,,,,,,1,2,2,1,3
201500032785,0015-05-05 13:55:00,15,5,5,13,55,690,256,"., GUY MOQUET",45.7853,4.91064,Plein jour,En agglomération,Intersection en T,Normale,Autre collision,,,,,,,,,,,1,2,3,1,6
201500032786,0015-05-06 08:20:00,15,5,6,8,20,690,29,"0, FRANKLIN ROOSEVELT",45.7355,4.90342,Plein jour,En agglomération,Intersection en Y,Normale,Deux véhicules - côté,,,,,,,,,,,1,2,4,1,3
201500032787,0015-05-06 20:40:00,15,5,6,20,40,690,29,LAURENT BONNEVAY,45.7459,4.90625,Crépuscule ou aube,Hors agglomération,Hors intersection,Normale,Autre collision,,,,,,,,,,,2,1,1,1,6
201500032788,0015-05-10 17:00:00,15,5,10,17,0,690,29,"20, PIERRE BROSSOLETTE",45.746,4.91825,Plein jour,En agglomération,Hors intersection,Normale,Deux véhicules - côté,,,,,,,,,,,1,2,1,1,3
201500032789,0015-05-10 18:45:00,15,5,10,18,45,690,266,"43, EUGENE REGUILLON",45.7618,4.89769,Plein jour,En agglomération,Hors intersection,Normale,Autre collision,,,,,,,,,,,1,2,1,1,6
201500032790,0015-05-12 20:13:00,15,5,12,20,13,690,29,"05, MANEGE (DU)",45.7201,4.91517,Plein jour,En agglomération,Autre intersection,Normale,Autre collision,,,,,,,,,,,1,2,9,1,6
201500032791,0015-05-12 19:25:00,15,5,12,19,25,690,266,"14, ARTS      (Avenue de",,,Plein jour,En agglomération,Hors intersection,Normale,Deux véhicules - côté,,,,,,,,,,,1,2,1,1,3
201500032792,0015-05-15 16:00:00,15,5,15,16,0,690,282,"42, GAMBETTA",45.7629,4.99536,Plein jour,En agglomération,Hors intersection,Pluie légère,Autre collision,,,,,,,,,,,1,2,1,2,6
201500032793,0015-05-16 20:50:00,15,5,16,20,50,690,266,LAFONTAINE     (rue),45.7596,4.88192,Plein jour,Hors agglomération,Hors intersection,Normale,Autre collision,,,,,,,,,,,1,1,1,1,6
201500032794,0015-05-17 21:45:00,15,5,17,21,45,690,266,ANTOINE DE SAINT EXUPERY,45.758,4.88153,Nuit avec éclairage non allumé,En agglomération,Giratoire,Normale,Deux véhicules - côté,,,,,,,,,,,4,2,6,1,3
201500032795,0015-05-19 16:30:00,15,5,19,16,30,690,266,"19, ANTONIN PERRIN     (",,,Plein jour,En agglomération,Hors intersection,Normale,Deux véhicules - côté,,,,,,,,,,,1,2,1,1,3
201500032796,0015-05-22 21:00:00,15,5,22,21,0,690,266,"135, ROGER SALENGRO",45.7818,4.88647,Nuit avec éclairage allumé,En agglomération,Hors intersection,Normale,Deux véhicules - côté,,,,,,,,,,,5,2,1,1,3
201500032797,0015-05-23 10:10:00,15,5,23,10,10,690,266,"11, ALBERT EINSTEIN    (",45.7842,4.88602,Plein jour,En agglomération,Hors intersection,Normale,Trois véhicules et plus - en chaîne,,,,,,,,,,,1,2,1,1,4
201500032798,0015-05-26 19:55:00,15,5,26,19,55,690,266,"97, EMILE ZOLA     (Cour",45.77091,4.87178,Plein jour,En agglomération,Hors intersection,Normale,Autre collision,,,,,,,,,,,1,2,1,1,6
201500032799,0015-05-27 20:25:00,15,5,27,20,25,690,266,"1, VALMY   (Place de)",,,Crépuscule ou aube,En agglomération,Place,Normale,Autre collision,,,,,,,,,,,2,2,7,1,6
201500032800,0015-05-27 21:15:00,15,5,27,21,15,690,266,"121, TOLSTOI    (Cours)",45.7613,4.88344,Nuit avec éclairage allumé,En agglomération,Intersection en X,Normale,Deux véhicules - côté,,,,,,,,,,,5,2,2,1,3