accident_id,datetime,annee,mois,jour,heure,minute,departement,commune_insee,adresse,latitude,longitude,luminosite,agglomeration,intersection,meteo,collision,nb_vehicules,nb_usagers,nb_indemnes,nb_tues,nb_blesses_hosp,nb_blesses_legers,age_cond_1,age_cond_2,veh_type_cond_1,veh_type_cond_2,lum_code,agg_code,int_code,atm_code,col_code
201500032801,0015-05-27 17:50:00,15,5,27,17,50,690,266,4 AOUT 1789    (Rue du),45.77046,4.90652,Plein jour,En agglomération,Hors intersection,Normale,Deux véhicules - côté,,,,,,,,,,,1,2,1,1,3
201500032802,0015-05-27 06:33:00,15,5,27,6,33,690,290,"22, PROGRES (DU)",45.7182,4.95381,Plein jour,En agglomération,Giratoire,Normale,Deux véhicules - arrière,,,,,,,,,,,1,2,6,1,2
201500032803,0015-05-25 22:10:00,15,5,25,22,10,690,275,"., VAULX (DE)",45.7759,4.95308,Nuit avec éclairage allumé,En agglomération,Intersection en X,Normale,Deux véhicules - côté,,,,,,,,,,,5,2,2,1,3
201500032804,0015-05-31 15:35:00,15,5,31,15,35,690,256,"51, GABRIEL PERI",45.7761,4.91503,Plein jour,En agglomération,Hors intersection,Normale,Autre collision,,,,,,,,,,,1,2,1,1,6
201500032805,0015-05-30 19:38:00,15,5,30,19,38,690,256,PAUL TESTE,45.7743,4.91458,Plein jour,Hors agglomération,Intersection en X,Normale,Deux véhicules - côté,,,,,,,,,,,1,1,2,1,3
201500032806,0015-06-01 06:00:00,15,6,1,6,0,690,275,"283, JEAN JAURES",45.7712,4.96568,Crépuscule ou aube,En agglomération,Hors intersection,Normale,Autre collision,,,,,,,,,,,2,2,1,1,6
201500032807,0015-06-02 16:30:00,15,6,2,16,30,690,275,"0, FRANCISCO FERRER",45.7748,4.97561,Plein jour,En agglomération,Hors intersection,Normale,Autre collision,,,,,,,,,,,1,2,1,1,6
201500032808,0015-06-02 20:25:00,15,6,2,20,25,690,266,"11, CITE SAINT JEAN    (",45.77657,4.9012,Plein jour,En agglomération,Hors intersection,Normale,Deux véhicules - frontale,,,,,,,,,,,1,2,1,1,1
201500032809,0015-06-06 19:15:00,15,6,6,19,15,690,266,"22, ALLIES    (Rue des)",,,Plein jour,En agglomération,Intersection en X,Normale,Deux véhicules - côté,,,,,,,,,,,1,2,2,1,3
201500032810,0015-06-05 17:00:00,15,6,5,17,0,690,282,GARE (DE LA),45.7666,5.02217,Plein jour,En agglomération,Hors intersection,Normale,Autre collision,,,,,,,,,,,1,2,1,1,6
201500032811,0015-05-29 10:18:00,15,5,29,10,18,690,256,"25, 8 MAI 1945 (DU)",45.7883,4.90436,Plein jour,En agglomération,Hors intersection,Normale,Deux véhicules - arrière,,,,,,,,,,,1,2,1,1,2
201500032812,0015-06-09 11:55:00,15,6,9,11,55,690,282,LOUIS SAULNIER,45.7742,5.01113,Plein jour,En agglomération,Place,Normale,Autre collision,,,,,,,,,,,1,2,7,1,6
201500032813,0015-06-10 21:00:00,15,6,10,21,0,690,271,EPINE (DE L'),45.7434,4.98553,Crépuscule ou aube,Hors agglomération,Hors intersection,Normale,Sans collision,,,,,,,,,,,2,1,1,1,7
201500032814,0015-04-28 17:00:00,15,4,28,17,0,690,266,"., GUSTAVE CHAMBOEUF",45.7702,4.89925,Plein jour,En agglomération,Hors intersection,Normale,Deux véhicules - arrière,,,,,,,,,,,1,2,1,1,2
201500032815,0015-06-12 20:50:00,15,6,12,20,50,690,256,GARIBALDI,45.7665,4.93033,Plein jour,En agglomération,Intersection en X,Pluie légère,Deux véhicules - côté,,,,,,,,,,,1,2,2,2,3
201500032816,0015-06-13 18:50:00,15,6,13,18,50,690,256,ROGER SALENGRO,45.75352,4.92801,Plein jour,En agglomération,Intersection en X,Normale,Deux véhicules - côté,,,,,,,,,,,1,2,2,1,3
201500032817,0015-06-13 20:00:00,15,6,13,20,0,690,290,PORTE DES ALPES (DE LA),45.7167,4.92808,Plein jour,En agglomération,Intersection en X,Normale,Deux véhicules - côté,,,,,,,,,,,1,2,2,1,3
201500032818,0015-06-14 04:25:00,15,6,14,4,25,690,271,"0, JEAN MERMOZ",45.7432,4.93728,Nuit avec éclairage allumé,En agglomération,Intersection en T,Pluie légère,Deux véhicules - côté,,,,,,,,,,,5,2,3,2,3
201500032819,0015-06-17 20:30:00,15,6,17,20,30,690,266,"30, LEON BLUM      (Rue)",,,Plein jour,En agglomération,Intersection en T,Normale,Autre collision,,,,,,,,,,,1,2,3,1,6
201500032820,0015-06-18 13:20:00,15,6,18,13,20,690,256,"2, EMILE ZOLA",45.7782,4.91736,Plein jour,En agglomération,Intersection en X,Normale,Autre collision,,,,,,,,,,,1,2,2,1,6
201500032821,0015-06-20 15:10:00,15,6,20,15,10,690,256,"27, EMILE ZOLA",45.7775,4.91906,Plein jour,En agglomération,Hors intersection,Normale,Deux véhicules - frontale,,,,,,,,,,,1,2,1,1,1
201500032822,0015-06-22 18:45:00,15,6,22,18,45,690,275,"386, JEAN JAURES",,,Plein jour,En agglomération,Giratoire,Normale,Deux véhicules - côté,,,,,,,,,,,1,2,6,1,3
201500032823,0015-06-23 19:53:00,15,6,23,19,53,690,256,MAURICE THOREZ,45.7878,4.9112,Plein jour,En agglomération,Intersection en T,Normale,Deux véhicules - côté,,,,,,,,,,,1,2,3,1,3
201500032824,0015-06-24 09:10:00,15,6,24,9,10,690,290,PORTE DES ALPES (DE LA),,,Plein jour,En agglomération,Intersection en X,Normale,Deux véhicules - côté,,,,,,,,,,,1,2,2,1,3
201500032825,0015-06-25 21:15:00,15,6,25,21,15,690,266,TOLSTOI    (Cours),45.7599,4.88886,Plein jour,En agglomération,Intersection en T,Normale,Deux véhicules - côté,,,,,,,,,,,1,2,3,1,3
201500032826,0015-06-26 11:00:00,15,6,26,11,0,690,290,", AVIATION (DE L')",45.7176,4.93477,Plein jour,En agglomération,Intersection en T,Normale,Deux véhicules - côté,,,,,,,,,,,1,2,3,1,3
201500032827,0015-06-24 08:20:00,15,6,24,8,20,690,290,ROSES (DES),45.68751,4.94505,Plein jour,Hors agglomération,Hors intersection,Normale,Autre collision,,,,,,,,,,,1,1,1,1,6
201500032828,0015-06-07 19:25:00,15,6,7,19,25,690,275,", EMILE ZOLA",45.764,4.95639,Plein jour,En agglomération,Intersection en X,Normale,Deux véhicules - côté,,,,,,,,,,,1,2,2,1,3
201500032829,0015-06-23 10:00:00,15,6,23,10,0,690,266,"173, EMILE ZOLA     (Cou",45.7695,4.87992,Plein jour,En agglomération,Hors intersection,Normale,Autre collision,,,,,,,,,,,1,2,1,1,6
201500032830,0015-06-18 21:10:00,15,6,18,21,10,690,271,USINGEN (D'),45.7344,4.96603,Plein jour,En agglomération,Hors intersection,Normale,Deux véhicules - côté,,,,,,,,,,,1,2,1,1,3
201500032831,0015-06-24 07:50:00,15,6,24,7,50,690,266,"10, ANTONIN PERRIN     (",45.7601,4.88478,Plein jour,En agglomération,Hors intersection,Normale,Autre collision,,,,,,,,,,,1,2,1,1,6
201500032832,0015-07-01 10:40:00,15,7,1,10,40,690,275,"1, FRATERNITE (DE LA)",,,Plein jour,En agglomération,Hors intersection,Normale,Autre collision,,,,,,,,,,,1,2,1,1,6
201500032833,0015-07-03 14:50:00,15,7,3,14,50,690,290,EGALITE (DE L'),45.6867,4.95693,Plein jour,En agglomération,Hors intersection,Normale,Trois véhicules et plus - en chaîne,,,,,,,,,,,1,2,1,1,4
201500032834,0015-06-29 10:40:00,15,6,29,10,40,690,256,"25, RABELAIS",45.7857,4.91641,Plein jour,En agglomération,Hors intersection,Normale,Autre collision,,,,,,,,,,,1,2,1,1,6
201500032835,0015-07-04 15:50:00,15,7,4,15,50,690,266,"96, JARDINS    (Rue des)",45.7739,4.90233,Plein jour,En agglomération,Hors intersection,Normale,Deux véhicules - côté,,,,,,,,,,,1,2,1,1,3
201500032836,0015-07-04 21:00:00,15,7,4,21,0,690,266,DEDIEU     (Rue),45.7697,4.87558,Crépuscule ou aube,En agglomération,Intersection en X,Normale,Deux véhicules - côté,,,,,,,,,,,2,2,2,1,3
201500032837,0015-06-16 06:45:00,15,6,16,6,45,690,290,"0, DIDEROT",,,Plein jour,Hors agglomération,Intersection en X,Normale,Deux véhicules - frontale,,,,,,,,,,,1,1,2,1,1
201500032838,0015-07-02 12:00:00,15,7,2,12,0,690,266,"57, FONTANIERES     (Rue",,,Plein jour,En agglomération,Intersection en T,Normale,Deux véhicules - côté,,,,,,,,,,,1,2,3,1,3
201500032839,0015-07-07 14:40:00,15,7,7,14,40,690,266,"69, 4 AOUT 1789    (Rue",45.76479,4.88122,Plein jour,En agglomération,Hors intersection,Normale,Autre collision,,,,,,,,,,,1,2,1,1,6
201500032840,0015-07-08 21:25:00,15,7,8,21,25,690,275,"41, JEAN JAURES",45.7684,4.94028,Plein jour,En agglomération,Intersection en T,Normale,Deux véhicules - côté,,,,,,,,,,,1,2,3,1,3
201500032841,0015-07-09 08:15:00,15,7,9,8,15,690,266,"., JEAN CHOREL    (Place",45.7744,4.86511,Plein jour,En agglomération,Place,Normale,Autre collision,,,,,,,,,,,1,2,7,1,6
201500032842,0015-07-09 07:44:00,15,7,9,7,44,690,290,"191, GRENOBLE (DE)  -  R",45.7142,4.9662,Plein jour,En agglomération,Hors intersection,Normale,Autre collision,,,,,,,,,,,1,2,1,1,6
201500032843,0015-07-10 19:00:00,15,7,10,19,0,690,290,CROIX ROUSSE (DE LA),45.7045,4.95003,Plein jour,En agglomération,Intersection en X,Normale,Deux véhicules - arrière,,,,,,,,,,,1,2,2,1,2
201500032844,0015-07-12 20:30:00,15,7,12,20,30,690,266,"19, SOIE     (Rue de la)",45.7622,4.91669,Plein jour,En agglomération,Hors intersection,Normale,Autre collision,,,,,,,,,,,1,2,1,1,6
201500032845,0015-07-11 22:40:00,15,7,11,22,40,690,29,GENAS (DE),45.75102,4.90719,Nuit avec éclairage non allumé,En agglomération,Hors intersection,Normale,Deux véhicules - côté,,,,,,,,,,,4,2,1,1,3
201500032846,0015-07-14 03:10:00,15,7,14,3,10,690,275,JEAN JAURES,45.7684,4.93942,Nuit avec éclairage allumé,En agglomération,Hors intersection,Normale,Deux véhicules - côté,,,,,,,,,,,5,2,1,1,3
201500032847,0015-07-14 02:00:00,15,7,14,2,0,690,266,"47, ANTONIN PERRIN     (",,,Nuit avec éclairage allumé,En agglomération,Intersection en X,Normale,Autre collision,,,,,,,,,,,5,2,2,1,6
201500032848,0015-07-14 18:05:00,15,7,14,18,5,690,275,"139, JEAN JAURES",45.7697,4.95036,Plein jour,En agglomération,Intersection en T,Normale,Deux véhicules - côté,,,,,,,,,,,1,2,3,1,3
201500032849,0015-07-09 08:50:00,15,7,9,8,50,690,266,"126, FRANCIS DE PRESSENS",45.771,4.89588,Plein jour,En agglomération,Intersection en T,Normale,Deux véhicules - côté,,,,,,,,,,,1,2,3,1,3
201500032850,0015-07-07 15:30:00,15,7,7,15,30,690,266,"193, ROGER SALENGRO",45.7816,4.88675,Plein jour,En agglomération,Hors intersection,Normale,Deux véhicules - frontale,,,,,,,,,,,1,2,1,1,1
201500032851,0015-07-16 12:00:00,15,7,16,12,0,690,266,CHARPENNES    (Rond-P,45.777,4.87961,Plein jour,En agglomération,Giratoire,Normale,Deux véhicules - côté,,,,,,,,,,,1,2,6,1,3
201500032852,0015-07-15 19:30:00,15,7,15,19,30,690,256,LOUIS DUCLOS PROLONGEE,45.7971,4.92567,Plein jour,Hors agglomération,Hors intersection,Normale,Deux véhicules - frontale,,,,,,,,,,,1,1,1,1,1
201500032853,0015-07-18 11:20:00,15,7,18,11,20,690,266,NIELS BOHR     (Boulevar,45.7873,4.88222,Plein jour,En agglomération,Hors intersection,Normale,Autre collision,,,,,,,,,,,1,2,1,1,6
201500032854,0015-07-21 16:55:00,15,7,21,16,55,690,256,PAUL MARCELLIN,45.7759,4.93169,Plein jour,En agglomération,Giratoire,Temps éblouissant,Deux véhicules - arrière,,,,,,,,,,,1,2,6,7,2
201500032855,0015-07-21 20:45:00,15,7,21,20,45,690,266,"64, 11 NOVEMBRE 1918",,,Plein jour,En agglomération,Intersection en X,Normale,Deux véhicules - arrière,,,,,,,,,,,1,2,2,1,2
201500032856,0015-07-22 20:40:00,15,7,22,20,40,690,29,"0, DROITS DE L'HOMME (DE",45.7327,4.93108,Plein jour,En agglomération,Hors intersection,Pluie légère,Autre collision,,,,,,,,,,,1,2,1,2,6
201500032857,0015-07-23 00:35:00,15,7,23,0,35,690,266,"126, TOLSTOI    (Cours)",,,Nuit avec éclairage allumé,En agglomération,Hors intersection,Normale,Trois véhicules et plus - en chaîne,,,,,,,,,,,5,2,1,1,4
201500032858,0015-07-20 07:30:00,15,7,20,7,30,690,290,"75, HEYRIEUX (D')",45.6855,4.94736,Plein jour,Hors agglomération,Hors intersection,Normale,Autre collision,,,,,,,,,,,1,1,1,1,6
201500032859,0015-07-23 12:00:00,15,7,23,12,0,690,256,8 MAI 1945 (DU),45.787,4.91822,Plein jour,En agglomération,Hors intersection,Normale,Deux véhicules - côté,,,,,,,,,,,1,2,1,1,3
201500032860,0015-07-25 19:30:00,15,7,25,19,30,690,290,"0, NORMANDIE NIEMEN",45.7254,4.93581,Plein jour,En agglomération,Hors intersection,Normale,Deux véhicules - côté,,,,,,,,,,,1,2,1,1,3
201500032861,0015-07-25 19:26:00,15,7,25,19,26,690,275,MACHET (DU),45.7847,4.95953,Plein jour,En agglomération,Hors intersection,Normale,Deux véhicules - frontale,,,,,,,,,,,1,2,1,1,1
201500032862,0015-07-26 19:15:00,15,7,26,19,15,690,29,"0, FRANKLIN ROOSEVELT",,,Plein jour,En agglomération,Intersection en X,Normale,Deux véhicules - côté,,,,,,,,,,,1,2,2,1,3
201500032863,0015-07-06 16:25:00,15,7,6,16,25,690,29,"95, PINEL",45.7406,4.89314,Plein jour,En agglomération,Hors intersection,Normale,Deux véhicules - arrière,,,,,,,,,,,1,2,1,1,2
201500032864,0015-07-28 12:35:00,15,7,28,12,35,690,266,"37, LOUIS GUERIN     (Ru",45.77565,4.86005,Plein jour,En agglomération,Hors intersection,Normale,Deux véhicules - côté,,,,,,,,,,,1,2,1,1,3
201500032865,0015-07-28 19:30:00,15,7,28,19,30,690,282,VERDUN (DE),45.7818,5.00414,Plein jour,En agglomération,Intersection en T,Normale,Deux véhicules - côté,,,,,,,,,,,1,2,3,1,3
201500032866,0015-07-29 10:35:00,15,7,29,10,35,690,275,"160, JEAN JAURES",45.7699,4.95195,Plein jour,En agglomération,Autre intersection,Pluie légère,Deux véhicules - arrière,,,,,,,,,,,1,2,9,2,2
201500032867,0015-08-07 04:00:00,15,8,7,4,0,690,266,"4, LOUIS BRAILLE     (Ru",,,Nuit avec éclairage allumé,En agglomération,Hors intersection,Normale,Autre collision,,,,,,,,,,,5,2,1,1,6
201500032868,0015-08-08 13:50:00,15,8,8,13,50,690,290,"26, CLAUDE FARRERE",,,Plein jour,En agglomération,Intersection en T,Normale,Deux véhicules - côté,,,,,,,,,,,1,2,3,1,3
201500032869,0015-08-09 08:00:00,15,8,9,8,0,690,282,"09, GRAVIER BLANC (DU)",45.7871,5.00265,Plein jour,En agglomération,Intersection en T,Normale,Autre collision,,,,,,,,,,,1,2,3,1,6
201500032870,0015-08-07 08:15:00,15,8,7,8,15,690,290,JEAN JAURES,45.6969,4.94075,Plein jour,En agglomération,Intersection en T,Normale,Autre collision,,,,,,,,,,,1,2,3,1,6
201500032871,0015-08-10 15:25:00,15,8,10,15,25,690,290,"21, 8 MAI 1945 (DU)",45.6911,4.9485,Plein jour,En agglomération,Hors intersection,Temps couvert,Autre collision,,,,,,,,,,,1,2,1,8,6
201500032872,0015-08-11 20:45:00,15,8,11,20,45,690,256,"21, REPUBLIQUE (DE LA)",45.78663,4.92101,Plein jour,En agglomération,Intersection en X,Normale,Deux véhicules - arrière,,,,,,,,,,,1,2,2,1,2
201500032873,0015-08-12 03:50:00,15,8,12,3,50,690,290,ANDRE BOULLOCHE,45.7206,4.92894,Nuit sans éclairage public,En agglomération,Hors intersection,Normale,Autre collision,,,,,,,,,,,3,2,1,1,6
201500032874,0015-08-19 12:45:00,15,8,19,12,45,690,266,"287, LEON BLUM  (Rue",45.7635,4.91467,Plein jour,En agglomération,Intersection en T,Normale,Deux véhicules - côté,,,,,,,,,,,1,2,3,1,3
201500032875,0015-08-20 02:20:00,15,8,20,2,20,690,256,"24, ALFRED DE MUSSET",,,Nuit avec éclairage allumé,En agglomération,Hors intersection,Normale,Autre collision,,,,,,,,,,,5,2,1,1,6
201500032876,0015-08-20 09:25:00,15,8,20,9,25,690,282,REPUBLIQUE (DE),45.7692,4.98861,Plein jour,En agglomération,Hors intersection,Normale,Deux véhicules - arrière,,,,,,,,,,,1,2,1,1,2
201500032877,0015-08-20 23:00:00,15,8,20,23,0,690,266,"287, 4 AOUT 1789    (Rue",45.7626,4.90161,Nuit avec éclairage allumé,En agglomération,Intersection en T,Normale,Deux véhicules - côté,,,,,,,,,,,5,2,3,1,3
201500032878,0015-08-22 15:50:00,15,8,22,15,50,690,266,STALINGRAD    (Boulevard,45.77945,4.85951,Plein jour,En agglomération,Autre intersection,Normale,Autre collision,,,,,,,,,,,1,2,9,1,6
201500032879,0015-08-24 16:05:00,15,8,24,16,5,690,256,"11, GARIBALDI",45.7669,4.93119,Plein jour,Hors agglomération,Hors intersection,Normale,Autre collision,,,,,,,,,,,1,1,1,1,6
201500032880,0015-08-29 13:50:00,15,8,29,13,50,690,266,"34, FRANCIS DE PRESSENSE",45.77181,4.86974,Plein jour,En agglomération,Giratoire,Normale,Deux véhicules - côté,,,,,,,,,,,1,2,6,1,3
201500032881,0015-08-28 15:45:00,15,8,28,15,45,690,266,"., 8 MAI 1945   (Rue du)",45.7822,4.89089,Plein jour,En agglomération,Intersection en X,Normale,Deux véhicules - côté,,,,,,,,,,,1,2,2,1,3
201500032882,0015-08-31 17:52:00,15,8,31,17,52,690,266,"15, MARC SANGNIER    (Av",45.759,4.87847,Plein jour,En agglomération,Hors intersection,Normale,Deux véhicules - arrière,,,,,,,,,,,1,2,1,1,2
201500032883,0015-07-26 17:10:00,15,7,26,17,10,690,266,"1, CANAL    (Rue du)",45.78563,4.89383,Plein jour,Hors agglomération,Hors intersection,Normale,Deux véhicules - côté,,,,,,,,,,,1,1,1,1,3
201500032884,0015-09-01 15:50:00,15,9,1,15,50,690,290,"12, MIONS (DE)",,,Plein jour,En agglomération,Hors intersection,Temps couvert,Deux véhicules - côté,,,,,,,,,,,1,2,1,8,3
201500032885,0015-09-03 10:20:00,15,9,3,10,20,690,266,"12, FLACHET    (Rue)",,,Plein jour,En agglomération,Intersection en T,Normale,Deux véhicules - frontale,,,,,,,,,,,1,2,3,1,1
201500032886,0015-07-26 15:40:00,15,7,26,15,40,690,266,"26-28, TOLSTOI    (Cours",,,Plein jour,En agglomération,Autre intersection,Normale,Autre collision,,,,,,,,,,,1,2,9,1,6
201500032887,0015-09-12 00:50:00,15,9,12,0,50,690,256,8 MAI 1945 (DU),,,Nuit avec éclairage allumé,Hors agglomération,Giratoire,Normale,Autre collision,,,,,,,,,,,5,1,6,1,6
201500032888,0015-09-12 14:15:00,15,9,12,14,15,690,266,"16, PAUL VERLAINE",45.76797,4.88014,Plein jour,En agglomération,Hors intersection,Pluie légère,Autre collision,,,,,,,,,,,1,2,1,2,6
201500032889,0015-09-12 20:30:00,15,9,12,20,30,690,275,"274, JEAN JAURES",45.77102,4.96369,Nuit avec éclairage allumé,En agglomération,Hors intersection,Pluie légère,Autre collision,,,,,,,,,,,5,2,1,2,6
201500032890,0015-09-12 21:07:00,15,9,12,21,7,690,266,"112, LIGNE DE L'EST",45.758,4.90786,Nuit avec éclairage allumé,En agglomération,Passage à niveau,Pluie forte,Autre collision,,,,,,,,,,,5,2,8,3,6
201500032891,0015-09-14 19:20:00,15,9,14,19,20,690,29,"62, LIONEL TERRAY",45.7253,4.9085,Plein jour,En agglomération,Hors intersection,Normale,Sans collision,,,,,,,,,,,1,2,1,1,7
201500032892,0015-09-12 12:15:00,15,9,12,12,15,690,282,REPUBLIQUE (DE),45.7694,4.98769,Plein jour,En agglomération,Intersection en X,Normale,Deux véhicules - côté,,,,,,,,,,,1,2,2,1,3
201500032893,0015-09-12 05:00:00,15,9,12,5,0,690,275,REPUBLIQUE (DE LA),,,Nuit avec éclairage allumé,En agglomération,Hors intersection,Normale,Autre collision,,,,,,,,,,,5,2,1,1,6
201500032894,0015-09-11 07:15:00,15,9,11,7,15,690,256,"60, 8 MAI 1945 (DU)",45.7897,4.91418,Crépuscule ou aube,En agglomération,Intersection en T,Normale,Deux véhicules - côté,,,,,,,,,,,2,2,3,1,3
201500032895,0015-09-24 08:15:00,15,9,24,8,15,690,266,"108, FRANCIS DE PRESSENS",45.77171,4.87721,Plein jour,En agglomération,Hors intersection,Normale,Deux véhicules - arrière,,,,,,,,,,,1,2,1,1,2
201500032896,0015-09-24 20:00:00,15,9,24,20,0,690,266,"135, TOLSTOI    (Cours)",45.76094,4.88492,Crépuscule ou aube,En agglomération,Intersection en X,Normale,Deux véhicules - frontale,,,,,,,,,,,2,2,2,1,1
201500032897,0015-09-23 17:00:00,15,9,23,17,0,690,290,"0, ST BONNET DE MURE (DE",45.69192,4.96713,Plein jour,En agglomération,Intersection en T,Normale,Deux véhicules - côté,,,,,,,,,,,1,2,3,1,3
201500032898,0015-09-26 14:25:00,15,9,26,14,25,690,290,GRENOBLE (DE)  -  RN 6,45.741,4.89686,Plein jour,En agglomération,Intersection en X,Normale,Trois véhicules et plus - collisions multiples,,,,,,,,,,,1,2,2,1,5
201500032899,0015-09-26 21:20:00,15,9,26,21,20,690,29,"169, PINEL",,,Nuit avec éclairage allumé,En agglomération,Autre intersection,Normale,Trois véhicules et plus - en chaîne,,,,,,,,,,,5,2,9,1,4
201500032900,0015-09-30 18:30:00,15,9,30,18,30,690,290,"83, JULES VERNE",45.7079,4.97763,Plein jour,Hors agglomération,Hors intersection,Normale,Autre collision,,,,,,,,,,,1,1,1,1,6
201500032901,0015-09-30 17:25:00,15,9,30,17,25,690,266,"158, ROGER SALENGRO",45.7817,4.88664,Plein jour,En agglomération,Hors intersection,Normale,Autre collision,,,,,,,,,,,1,2,1,1,6
201500032902,0015-10-02 10:00:00,15,10,2,10,0,690,266,"37, PAUL VERLAINE",45.7635,4.88843,Plein jour,En agglomération,Hors intersection,Normale,Autre collision,,,,,,,,,,,1,2,1,1,6
201500032903,0015-10-06 16:20:00,15,10,6,16,20,690,275,JEAN JAURES,45.7719,4.97756,Plein jour,En agglomération,Hors intersection,Normale,Autre collision,,,,,,,,,,,1,2,1,1,6
201500032904,0015-09-25 01:14:00,15,9,25,1,14,690,29,PIERRE MENDES FRANCE,45.7232,4.91503,Nuit avec éclairage allumé,En agglomération,Hors intersection,Normale,Autre collision,,,,,,,,,,,5,2,1,1,6
201500032905,0015-10-09 17:00:00,15,10,9,17,0,690,256,"24, GEORGES DIMITROV",45.77755,4.9247,Plein jour,En agglomération,Hors intersection,Normale,Deux véhicules - côté,,,,,,,,,,,1,2,1,1,3
201500032906,0015-10-08 09:30:00,15,10,8,9,30,690,275,FRATERNITE (DE LA),45.77438,4.95452,Plein jour,En agglomération,Hors intersection,Temps éblouissant,Deux véhicules - côté,,,,,,,,,,,1,2,1,7,3
201500032907,0015-10-13 23:30:00,15,10,13,23,30,690,266,"8, ROGER SALENGRO     (A",45.7744,4.88711,Nuit avec éclairage allumé,En agglomération,Hors intersection,Normale,Deux véhicules - frontale,,,,,,,,,,,5,2,1,1,1
201500032908,0015-10-15 12:10:00,15,10,15,12,10,690,266,JEAN CAPELLE   (avenue),45.7816,4.87389,Plein jour,En agglomération,Hors intersection,Pluie légère,Deux véhicules - frontale,,,,,,,,,,,1,2,1,2,1
201500032909,0015-10-17 16:41:00,15,10,17,16,41,690,256,"35, 8 MAI 1945 (DU)",45.7887,4.90833,Plein jour,En agglomération,Hors intersection,Normale,Deux véhicules - frontale,,,,,,,,,,,1,2,1,1,1
201500032910,0015-10-22 12:00:00,15,10,22,12,0,690,282,"6, DOCTEUR SCHWEITZER (D",45.7635,5.02717,Plein jour,En agglomération,Hors intersection,Temps couvert,Deux véhicules - côté,,,,,,,,,,,1,2,1,8,3
201500032911,0015-10-27 14:29:00,15,10,27,14,29,690,256,"11, EUGENE HENAFF",45.7749,4.92703,Plein jour,En agglomération,Hors intersection,Normale,Autre collision,,,,,,,,,,,1,2,1,1,6
201500032912,0015-10-27 15:44:00,15,10,27,15,44,690,275,"0, FRANKLIN ROOSEVELT",45.7636,4.93706,Plein jour,En agglomération,Intersection en X,Normale,Deux véhicules - frontale,,,,,,,,,,,1,2,2,1,1
201500032913,0015-10-28 03:00:00,15,10,28,3,0,690,266,11 NOVEMBRE 1918    (Bou,,,Nuit avec éclairage allumé,En agglomération,Hors intersection,Pluie légère,Autre collision,,,,,,,,,,,5,2,1,2,6
201500032914,0015-10-28 21:05:00,15,10,28,21,5,690,256,EMILE ZOLA,45.77733,4.91975,Nuit avec éclairage allumé,En agglomération,Intersection en T,Normale,Deux véhicules - côté,,,,,,,,,,,5,2,3,1,3
201500032915,0015-10-30 14:00:00,15,10,30,14,0,690,266,"90, LEON BLUM      (Rue)",45.7608,4.90421,Plein jour,En agglomération,Hors intersection,Normale,Autre collision,,,,,,,,,,,1,2,1,1,6
201500032916,0015-11-01 11:20:00,15,11,1,11,20,690,266,"326, FRANCIS DE PRESSENS",45.76695,4.89707,Plein jour,En agglomération,Autre intersection,Normale,Deux véhicules - frontale,,,,,,,,,,,1,2,9,1,1
201500032917,0015-10-31 21:05:00,15,10,31,21,5,690,290,EDOUARD HERRIOT,45.6941,4.93511,Nuit avec éclairage allumé,En agglomération,Giratoire,Normale,Sans collision,,,,,,,,,,,5,2,6,1,7
201500032918,0015-11-08 22:00:00,15,11,8,22,0,690,266,4 AOUT 1789    (Rue du),,,Nuit avec éclairage allumé,En agglomération,Hors intersection,Normale,Trois véhicules et plus - collisions multiples,,,,,,,,,,,5,2,1,1,5
201500032919,0015-11-09 09:50:00,15,11,9,9,50,690,266,JEAN JAURES      (Rue),45.75572,4.87616,Plein jour,En agglomération,Intersection en X,Normale,Deux véhicules - côté,,,,,,,,,,,1,2,2,1,3
201500032920,0015-11-09 11:30:00,15,11,9,11,30,690,266,EMILE ZOLA     (Cours),,,Plein jour,En agglomération,Intersection en T,Normale,Autre collision,,,,,,,,,,,1,2,3,1,6
201500032921,0015-11-09 18:55:00,15,11,9,18,55,690,266,"82, TOLSTOI    (Cours)",45.7627,4.8781,Nuit avec éclairage allumé,En agglomération,Hors intersection,Normale,Autre collision,,,,,,,,,,,5,2,1,1,6
201500032922,0015-11-10 06:10:00,15,11,10,6,10,690,266,NIELS BOHR     (Boulevar,45.7844,4.86739,Nuit avec éclairage allumé,En agglomération,Intersection en T,Normale,Sans collision,,,,,,,,,,,5,2,3,1,7
201500032923,0015-11-10 14:15:00,15,11,10,14,15,690,266,"0, 11 NOVEMBRE 1918    (",45.77897,4.86516,Plein jour,Hors agglomération,Intersection en X,Normale,Deux véhicules - côté,,,,,,,,,,,1,1,2,1,3
201500032924,0015-11-10 22:30:00,15,11,10,22,30,690,290,AVIATION (DE L'),45.7226,4.493,Nuit avec éclairage allumé,En agglomération,Hors intersection,Normale,Deux véhicules - côté,,,,,,,,,,,5,2,1,1,3
201500032925,0015-11-10 06:30:00,15,11,10,6,30,690,275,", JEAN JAURES",,,Nuit avec éclairage allumé,En agglomération,Hors intersection,Normale,Autre collision,,,,,,,,,,,5,2,1,1,6
201500032926,0015-10-14 07:30:00,15,10,14,7,30,690,29,"9, JEAN JAURES",45.7323,4.90153,Plein jour,En agglomération,Intersection en X,Normale,Autre collision,,,,,,,,,,,1,2,2,1,6