accident_id,datetime,annee,mois,jour,heure,minute,departement,commune_insee,adresse,latitude,longitude,luminosite,agglomeration,intersection,meteo,collision,nb_vehicules,nb_usagers,nb_indemnes,nb_tues,nb_blesses_hosp,nb_blesses_legers,age_cond_1,age_cond_2,veh_type_cond_1,veh_type_cond_2,lum_code,agg_code,int_code,atm_code,col_code
201500032927,0015-11-12 07:40:00,15,11,12,7,40,690,266,"21, GABRIEL PERI",,,Crépuscule ou aube,En agglomération,Hors intersection,Normale,Autre collision,,,,,,,,,,,2,2,1,1,6
201500032928,0015-11-13 09:40:00,15,11,13,9,40,690,271,GENAS (DE),45.7366,4.97301,Plein jour,En agglomération,Intersection en X,Normale,Deux véhicules - côté,,,,,,,,,,,1,2,2,1,3
201500032929,0015-11-13 13:30:00,15,11,13,13,30,690,256,CANUTS (DES),45.76108,4.92313,Plein jour,En agglomération,Intersection en X,Normale,Deux véhicules - frontale,,,,,,,,,,,1,2,2,1,1
201500032930,0015-11-13 15:35:00,15,11,13,15,35,690,275,FRATERNITE (DE LA),45.7732,4.95422,Plein jour,En agglomération,Intersection en T,Normale,Deux véhicules - côté,,,,,,,,,,,1,2,3,1,3
201500032931,0015-11-14 15:35:00,15,11,14,15,35,690,266,"74, JULES GRANDCLEMENT",45.7864,4.88199,Plein jour,En agglomération,Hors intersection,Normale,Autre collision,,,,,,,,,,,1,2,1,1,6
201500032932,0015-11-14 18:15:00,15,11,14,18,15,690,275,"364, JEAN JAURES",45.77233,4.97444,Nuit avec éclairage allumé,En agglomération,Hors intersection,Normale,Autre collision,,,,,,,,,,,5,2,1,1,6
201500032933,0015-11-16 10:45:00,15,11,16,10,45,690,266,"., MARGUERITE   (Rue)",45.778,4.86994,Plein jour,En agglomération,Intersection en T,Normale,Autre collision,,,,,,,,,,,1,2,3,1,6
201500032934,0015-11-17 11:20:00,15,11,17,11,20,690,266,"2, CYPRIAN   (Rue de)",45.76005,4.90104,Plein jour,En agglomération,Hors intersection,Normale,Deux véhicules - arrière,,,,,,,,,,,1,2,1,1,2
201500032935,0015-11-17 13:00:00,15,11,17,13,0,690,266,"427, EMILE ZOLA     (Cou",,,Plein jour,En agglomération,Hors intersection,Normale,Deux véhicules - côté,,,,,,,,,,,1,2,1,1,3
201500032936,0015-11-18 16:00:00,15,11,18,16,0,690,256,PAUL MARCELLIN,45.77272,4.93425,Plein jour,En agglomération,Giratoire,Normale,Deux véhicules - côté,,,,,,,,,,,1,2,6,1,3
201500032937,0015-11-19 11:58:00,15,11,19,11,58,690,290,AUTOROUTE A43 (BRETELLE,45.7223,4.93175,Plein jour,En agglomération,Hors intersection,Normale,Sans collision,,,,,,,,,,,1,2,1,1,7
201500032938,0015-11-19 14:15:00,15,11,19,14,15,690,275,"43, SULLY",45.769,4.97588,Plein jour,En agglomération,Hors intersection,Normale,Deux véhicules - frontale,,,,,,,,,,,1,2,1,1,1
201500032939,0015-11-19 17:15:00,15,11,19,17,15,690,29,"6, FRANCOIS MITTERRAND",45.73898,4.92626,Crépuscule ou aube,En agglomération,Hors intersection,Normale,Deux véhicules - arrière,,,,,,,,,,,2,2,1,1,2
201500032940,0015-11-21 12:35:00,15,11,21,12,35,690,266,8 MAI 1945   (Rue du),45.78195,4.98207,Plein jour,Hors agglomération,Hors intersection,Temps couvert,Deux véhicules - côté,,,,,,,,,,,1,1,1,8,3
201500032941,0015-11-21 15:30:00,15,11,21,15,30,690,266,LAURENT BONNEVAY    (Bou,45.7786,4.89562,Plein jour,En agglomération,Hors intersection,Normale,Deux véhicules - arrière,,,,,,,,,,,1,2,1,1,2
201500032942,0015-11-17 17:30:00,15,11,17,17,30,690,290,LYONNAIS (DU),,,Plein jour,En agglomération,Intersection en T,Normale,Deux véhicules - côté,,,,,,,,,,,1,2,3,1,3
201500032943,0015-11-22 04:40:00,15,11,22,4,40,690,282,"37, GAMBETTA",45.7693,4.99296,Nuit avec éclairage allumé,En agglomération,Hors intersection,Temps couvert,Autre collision,,,,,,,,,,,5,2,1,8,6
201500032944,0015-11-23 07:45:00,15,11,23,7,45,690,266,", JEAN JAURES      (Rue)",45.75691,4.88035,Crépuscule ou aube,En agglomération,Intersection en T,Temps couvert,Autre collision,,,,,,,,,,,2,2,3,8,6
201500032945,0015-11-22 06:50:00,15,11,22,6,50,690,275,SALVADOR ALLENDE,,,Nuit avec éclairage allumé,En agglomération,Hors intersection,Normale,Sans collision,,,,,,,,,,,5,2,1,1,7
201500032946,0015-11-19 12:25:00,15,11,19,12,25,690,275,"25, JEAN MACE",45.76672,4.9563,Plein jour,En agglomération,Intersection en X,Normale,Deux véhicules - côté,,,,,,,,,,,1,2,2,1,3
201500032947,0015-11-24 12:25:00,15,11,24,12,25,690,290,LYON (DE) (D 518),,,Plein jour,En agglomération,Hors intersection,Normale,Trois véhicules et plus - collisions multiples,,,,,,,,,,,1,2,1,1,5
201500032948,0015-11-26 05:00:00,15,11,26,5,0,690,266,"3, ALBERT EINSTEIN    (A",45.78094,4.87591,Nuit avec éclairage allumé,En agglomération,Hors intersection,Normale,Autre collision,,,,,,,,,,,5,2,1,1,6
201500032949,0015-11-26 23:20:00,15,11,26,23,20,690,29,"62, LIONEL TERRAY",45.72626,4.907,Nuit avec éclairage allumé,En agglomération,Hors intersection,Normale,Autre collision,,,,,,,,,,,5,2,1,1,6
201500032950,0015-11-30 07:45:00,15,11,30,7,45,690,29,"26, COLONNES (DES)",,,Plein jour,En agglomération,Hors intersection,Normale,Autre collision,,,,,,,,,,,1,2,1,1,6
201500032951,0015-11-30 07:45:00,15,11,30,7,45,690,266,ANATOLE FRANCE     (Rue),45.76879,4.88291,Crépuscule ou aube,En agglomération,Intersection en T,Normale,Autre collision,,,,,,,,,,,2,2,3,1,6
201500032952,0015-11-10 09:30:00,15,11,10,9,30,690,266,"5, JEAN CLAUDE VIVANT",45.7737,4.86463,Plein jour,En agglomération,Hors intersection,Normale,Autre collision,,,,,,,,,,,1,2,1,1,6
201500032953,0015-12-01 18:00:00,15,12,1,18,0,690,256,"1, CERISIERS (DES)",45.78288,4.93036,Nuit avec éclairage allumé,En agglomération,Hors intersection,Normale,Autre collision,,,,,,,,,,,5,2,1,1,6
201500032954,0015-12-01 18:00:00,15,12,1,18,0,690,275,EGALITE (DE L'),45.76991,4.96747,Nuit avec éclairage allumé,En agglomération,Intersection en T,Normale,Autre collision,,,,,,,,,,,5,2,3,1,6
201500032955,0015-12-03 21:40:00,15,12,3,21,40,690,29,FRANKLIN ROOSEVELT,45.7329,4.91036,Nuit avec éclairage allumé,En agglomération,Passage à niveau,Normale,Deux véhicules - frontale,,,,,,,,,,,5,2,8,1,1
201500032956,0015-12-04 17:01:00,15,12,4,17,1,690,256,"0, ROGER SALENGRO",45.76283,4.92941,Crépuscule ou aube,En agglomération,Passage à niveau,Normale,Deux véhicules - côté,,,,,,,,,,,2,2,8,1,3
201500032957,0015-12-04 17:05:00,15,12,4,17,5,690,256,"130, GABRIEL PERI",,,Plein jour,Hors agglomération,Hors intersection,Normale,Deux véhicules - frontale,,,,,,,,,,,1,1,1,1,1
201500032958,0015-12-05 17:25:00,15,12,5,17,25,690,271,"0, GENAS (DE)",45.7368,4.97206,Plein jour,En agglomération,Intersection en X,Normale,Trois véhicules et plus - collisions multiples,,,,,,,,,,,1,2,2,1,5
201500032959,0015-12-03 09:30:00,15,12,3,9,30,690,266,FRANCIS DE PRESSENSE,,,Plein jour,En agglomération,Intersection en X,Normale,Autre collision,,,,,,,,,,,1,2,2,1,6
201500032960,0015-12-07 21:04:00,15,12,7,21,4,690,266,"0, 1ER MARS 1943    (Rue",,,Nuit avec éclairage allumé,En agglomération,Intersection en X,Normale,Deux véhicules - frontale,,,,,,,,,,,5,2,2,1,1
201500032961,0015-12-08 20:50:00,15,12,8,20,50,690,266,"78, REPUBLIQUE   (Cours",,,Nuit avec éclairage allumé,En agglomération,Hors intersection,Pluie légère,Deux véhicules - côté,,,,,,,,,,,5,2,1,2,3
201500032962,0015-12-11 06:50:00,15,12,11,6,50,690,266,"25, ANTONIN PERRIN     (",45.75,4.88497,Nuit avec éclairage allumé,En agglomération,Hors intersection,Normale,Deux véhicules - frontale,,,,,,,,,,,5,2,1,1,1
201500032963,0015-12-11 17:13:00,15,12,11,17,13,690,256,EMILE ZOLA,45.77916,4.91741,Nuit avec éclairage allumé,En agglomération,Intersection en X,Normale,Deux véhicules - côté,,,,,,,,,,,5,2,2,1,3
201500032964,0015-12-14 07:50:00,15,12,14,7,50,690,275,"7, JONAGE (DE)",45.77261,4.97719,Plein jour,En agglomération,Hors intersection,Normale,Deux véhicules - côté,,,,,,,,,,,1,2,1,1,3
201500032965,0015-12-14 20:55:00,15,12,14,20,55,690,266,"149, STALINGRAD  - ESPAC",,,Nuit avec éclairage allumé,En agglomération,Intersection en X,Normale,Deux véhicules - côté,,,,,,,,,,,5,2,2,1,3
201500032966,0015-12-14 19:20:00,15,12,14,19,20,690,275,AV JEAN JAURES,45.7704,4.95603,Nuit avec éclairage allumé,En agglomération,Intersection en X,Normale,Deux véhicules - côté,,,,,,,,,,,5,2,2,1,3
201500032967,0015-12-16 14:40:00,15,12,16,14,40,690,29,"34, 8 MAI 1945 (DU)",45.72777,4.91572,Plein jour,En agglomération,Hors intersection,Normale,Autre collision,,,,,,,,,,,1,2,1,1,6
201500032968,0015-12-18 23:45:00,15,12,18,23,45,690,271,"45BIS, REPUBLIQUE (DE LA",45.74194,4.97134,Nuit avec éclairage allumé,En agglomération,Intersection en T,Normale,Deux véhicules - côté,,,,,,,,,,,5,2,3,1,3
201500032969,0015-12-19 18:00:00,15,12,19,18,0,690,275,JEAN JAURES,45.7716,4.96859,Nuit avec éclairage allumé,En agglomération,Giratoire,Normale,Autre collision,,,,,,,,,,,5,2,6,1,6
201500032970,0015-12-21 18:15:00,15,12,21,18,15,690,256,"27, REPUBLIQUE (DE LA)",45.78666,4.92191,Nuit avec éclairage allumé,En agglomération,Hors intersection,Normale,Deux véhicules - arrière,,,,,,,,,,,5,2,1,1,2
201500032971,0015-12-14 16:20:00,15,12,14,16,20,690,282,REPUBLIQUE (DE),45.76866,4.99138,Plein jour,En agglomération,Giratoire,Normale,Deux véhicules - côté,,,,,,,,,,,1,2,6,1,3
201500032972,0015-12-17 08:54:00,15,12,17,8,54,690,275,JONAGE (DE),,,Plein jour,En agglomération,Hors intersection,Normale,Deux véhicules - arrière,,,,,,,,,,,1,2,1,1,2
201500032973,0015-12-22 15:20:00,15,12,22,15,20,690,29,"0, MICHEL LACROIX",,,Plein jour,En agglomération,Intersection en X,Normale,Deux véhicules - côté,,,,,,,,,,,1,2,2,1,3
201500032974,0015-12-22 17:20:00,15,12,22,17,20,690,29,"., UNIVERSITE  (DE L')",,,Crépuscule ou aube,En agglomération,Hors intersection,Normale,Deux véhicules - frontale,,,,,,,,,,,2,2,1,1,1
201500032975,0015-12-18 17:15:00,15,12,18,17,15,690,256,8 MAI 1945 (DU),45.78711,4.91744,Crépuscule ou aube,En agglomération,Intersection en X,Normale,Deux véhicules - arrière,,,,,,,,,,,2,2,2,1,2
201500032976,0015-12-18 20:19:00,15,12,18,20,19,690,256,"., CUZIN",45.7712,4.92517,Nuit avec éclairage allumé,En agglomération,Intersection en T,Normale,Autre collision,,,,,,,,,,,5,2,3,1,6
201500032977,0015-12-26 01:40:00,15,12,26,1,40,690,29,"03, PIERRE BROSSOLETTE",45.73852,4.92225,Nuit avec éclairage allumé,En agglomération,Hors intersection,Normale,Autre collision,,,,,,,,,,,5,2,1,1,6
201500032978,0015-12-26 17:00:00,15,12,26,17,0,690,266,"179, EMILE ZOLA     (Cou",45.76942,4.88053,Nuit avec éclairage allumé,En agglomération,Intersection en X,Normale,Autre collision,,,,,,,,,,,5,2,2,1,6
201500032979,0015-12-27 19:10:00,15,12,27,19,10,690,266,"0, CROIX LUIZET  (Pont d",45.78323,4.89394,Nuit avec éclairage allumé,En agglomération,Hors intersection,Normale,Deux véhicules - arrière,,,,,,,,,,,5,2,1,1,2
201500032980,0015-02-16 17:25:00,15,2,16,17,25,690,275,"209, AVENUE JEAN JAURES",,,Plein jour,En agglomération,Hors intersection,Normale,Autre collision,,,,,,,,,,,1,2,1,1,6
201500032981,0015-02-18 01:30:00,15,2,18,1,30,690,275,"., AVENUE FRANKLIN ROOSE",,,Nuit avec éclairage allumé,En agglomération,Intersection en X,Normale,Autre collision,,,,,,,,,,,5,2,2,1,6
201500032982,0015-02-25 17:10:00,15,2,25,17,10,690,275,"129, AVENUE JEAN JAURES",,,Plein jour,En agglomération,Intersection en X,Normale,Trois véhicules et plus - en chaîne,,,,,,,,,,,1,2,2,1,4
201500032983,0015-03-03 21:50:00,15,3,3,21,50,690,282,"., RUE ALFRED DE MUSSET",,,Nuit avec éclairage allumé,En agglomération,Intersection en X,Normale,Autre collision,,,,,,,,,,,5,2,2,1,6
201500032984,0015-01-08 13:50:00,15,1,8,13,50,690,286,AVENUE DE L EUROPE,,,Plein jour,En agglomération,Hors intersection,Normale,Autre collision,,,,,,,,,,,1,2,1,1,6
201500032985,0015-01-16 08:00:00,15,1,16,8,0,690,256,"92/94, ROUTE DE GENEVE",45.8084,4.90246,Crépuscule ou aube,En agglomération,Hors intersection,Pluie légère,Deux véhicules - arrière,,,,,,,,,,,2,2,1,2,2
201500032986,0015-01-21 13:55:00,15,1,21,13,55,690,286,RUE DES MERCIERES,45.8185,4.87399,Plein jour,En agglomération,Hors intersection,Neige / grêle,Deux véhicules - frontale,,,,,,,,,,,1,2,1,4,1
201500032987,0015-01-30 10:26:00,15,1,30,10,26,690,286,"25, RUE MICHELET",,,Plein jour,En agglomération,Hors intersection,Normale,Autre collision,,,,,,,,,,,1,2,1,1,6
201500032988,0015-02-03 08:25:00,15,2,3,8,25,690,286,AVENUE DES COMBATTANTS E,,,Plein jour,En agglomération,Autre intersection,Normale,Autre collision,,,,,,,,,,,1,2,9,1,6
201500032989,0015-02-05 10:22:00,15,2,5,10,22,690,286,AVENUE DE L AIN,,,Plein jour,En agglomération,Intersection en T,Normale,Deux véhicules - arrière,,,,,,,,,,,1,2,3,1,2
201500032990,0015-02-19 16:50:00,15,2,19,16,50,690,286,AVENUE DE L AIN,,,Plein jour,En agglomération,Hors intersection,Normale,Deux véhicules - arrière,,,,,,,,,,,1,2,1,1,2
201500032991,0015-02-03 13:40:00,15,2,3,13,40,690,286,"62, AVENUE DE L EUROPE",,,Plein jour,En agglomération,Hors intersection,Temps couvert,Autre collision,,,,,,,,,,,1,2,1,8,6
201500032992,0015-03-04 20:00:00,15,3,4,20,0,690,286,"12, AVENUE DES NATIONS",,,Nuit avec éclairage allumé,En agglomération,Hors intersection,Neige / grêle,Deux véhicules - arrière,,,,,,,,,,,5,2,1,4,2
201500032993,0015-03-05 18:00:00,15,3,5,18,0,690,286,"63, AVENUE DE L EUROPE",,,Crépuscule ou aube,En agglomération,Hors intersection,Normale,Autre collision,,,,,,,,,,,2,2,1,1,6
201500032994,0015-01-05 13:35:00,15,1,5,13,35,690,290,"43, RUE ARISTIDE BRIAND",,,Plein jour,En agglomération,Hors intersection,Normale,Autre collision,,,,,,,,,,,1,2,1,1,6
201500032995,0015-01-07 13:55:00,15,1,7,13,55,690,290,"98, AVENUE JEAN JAURES",,,Plein jour,En agglomération,Intersection en X,Normale,Deux véhicules - frontale,,,,,,,,,,,1,2,2,1,1
201500032996,0015-01-10 00:19:00,15,1,10,0,19,690,290,"243, ROUTE DE GRENOBLE",45.7114,4.97434,Nuit avec éclairage allumé,En agglomération,Hors intersection,Normale,Autre collision,,,,,,,,,,,5,2,1,1,6
201500032997,0015-01-13 19:00:00,15,1,13,19,0,690,290,ROND-POINT DES DROITS,,,Nuit avec éclairage allumé,En agglomération,Giratoire,Vent fort / tempête,Autre collision,,,,,,,,,,,5,2,6,6,6
201500032998,0015-01-20 10:50:00,15,1,20,10,50,690,290,"0, BOULEVARD DE LA PORTE",45.7201,4.92649,Plein jour,En agglomération,Intersection en X,Pluie légère,Deux véhicules - côté,,,,,,,,,,,1,2,2,2,3
201500032999,0015-01-18 09:55:00,15,1,18,9,55,690,290,"., RUE DU LYONNAIS",45.7035,4.89889,Plein jour,En agglomération,Hors intersection,Brouillard / fumée,Autre collision,,,,,,,,,,,1,2,1,5,6
201500033000,0015-01-20 17:50:00,15,1,20,17,50,690,290,"12, EGALITE (DE L')",45.7023,4.9345,Nuit avec éclairage allumé,En agglomération,Giratoire,Normale,Autre collision,,,,,,,,,,,5,2,6,1,6
201500033001,0015-01-28 12:35:00,15,1,28,12,35,690,290,"., ST SYMPHORIEN D'OZON",45.7067,4.94981,Plein jour,En agglomération,Intersection en Y,Temps couvert,Autre collision,,,,,,,,,,,1,2,4,8,6
201500033002,0015-02-05 05:50:00,15,2,5,5,50,690,290,"18, ROUTE DE MIONS",,,Nuit avec éclairage allumé,Hors agglomération,Hors intersection,Vent fort / tempête,Autre collision,,,,,,,,,,,5,1,1,6,6
201500033003,0015-02-06 09:30:00,15,2,6,9,30,690,290,"., LYON (DE) (D 518)",,,Plein jour,En agglomération,Intersection en T,Normale,Deux véhicules - arrière,,,,,,,,,,,1,2,3,1,2
201500033004,0015-02-10 11:30:00,15,2,10,11,30,690,290,"31, RUE DU BEAUJOLAIS",,,Plein jour,En agglomération,Hors intersection,Normale,Autre collision,,,,,,,,,,,1,2,1,1,6
201500033005,0015-02-18 10:50:00,15,2,18,10,50,690,290,"., CHARLES OTTINA",,,Plein jour,En agglomération,Intersection en T,Normale,Autre collision,,,,,,,,,,,1,2,3,1,6
201500033006,0015-02-18 16:50:00,15,2,18,16,50,690,290,"0, BOULEVARD ANDRE BOULL",,,Plein jour,En agglomération,Hors intersection,Temps couvert,Deux véhicules - côté,,,,,,,,,,,1,2,1,8,3
201500033007,0015-03-13 05:30:00,15,3,13,5,30,690,290,"0, AVENUE HENRI GERMAIN",,,Nuit avec éclairage allumé,En agglomération,Intersection en T,Normale,Deux véhicules - côté,,,,,,,,,,,5,2,3,1,3
201500033008,0015-09-23 17:45:00,15,9,23,17,45,700,285,"1, NELSON MANDELA (RUE)",47.5812,6.76717,Plein jour,En agglomération,Intersection en T,Temps couvert,Autre collision,,,,,,,,,,,1,2,3,8,6
201500033009,0015-10-22 15:40:00,15,10,22,15,40,700,285,"17, SOUS SAROCHE (RUE)",47.56105,6.77938,Plein jour,En agglomération,Hors intersection,Normale,Deux véhicules - côté,,,,,,,,,,,1,2,1,1,3
201500033010,0015-01-19 18:00:00,15,1,19,18,0,700,550,"36, GAULLE (BOULEVARD CH",,,Nuit avec éclairage allumé,En agglomération,Hors intersection,Pluie légère,Autre collision,,,,,,,,,,,5,2,1,2,6
201500033011,0015-12-30 18:25:00,15,12,30,18,25,700,550,"16, GARE (AVENUE DE LA)",47.61805,6.15136,Nuit avec éclairage allumé,En agglomération,Hors intersection,Normale,Autre collision,,,,,,,,,,,5,2,1,1,6
201500033012,0015-04-20 01:25:00,15,4,20,1,25,700,388,CHEMIN DE LA VOIE DU VEA,47.6086,6.11417,Nuit sans éclairage public,Hors agglomération,Hors intersection,Normale,Autre collision,,,,,,,,,,,3,1,1,1,6
201500033013,0015-03-19 08:25:00,15,3,19,8,25,700,550,ALLIES (BOULEVARD DES),47.6217,6.16967,Plein jour,En agglomération,Intersection en X,Normale,Deux véhicules - côté,,,,,,,,,,,1,2,2,1,3
201500033014,0015-04-27 00:05:00,15,4,27,0,5,700,550,TANNEURS (RUE DES),47.6206,6.155,Nuit avec éclairage allumé,En agglomération,Intersection en X,Normale,Deux véhicules - côté,,,,,,,,,,,5,2,2,1,3
201500033015,0015-05-02 14:00:00,15,5,2,14,0,700,388,ORY Noel (RUE),47.61613,6.13883,Plein jour,En agglomération,Intersection en T,Normale,Deux véhicules - côté,,,,,,,,,,,1,2,3,1,3
201500033016,0015-05-21 17:35:00,15,5,21,17,35,700,550,"97, SAINT MARTIN (RUE)",47.6247,6.14431,Plein jour,En agglomération,Hors intersection,Normale,Autre collision,,,,,,,,,,,1,2,1,1,6
201500033017,0015-07-01 17:30:00,15,7,1,17,30,700,550,GROSJEAN (RUE),47.6195,6.16097,Plein jour,En agglomération,Giratoire,Normale,Deux véhicules - côté,,,,,,,,,,,1,2,6,1,3
201500033018,0015-07-13 18:05:00,15,7,13,18,5,700,550,GROSJEAN (RUE),47.6197,6.16097,Plein jour,En agglomération,Hors intersection,Normale,Sans collision,,,,,,,,,,,1,2,1,1,7
201500033019,0015-07-27 18:15:00,15,7,27,18,15,700,513,CORDELIERS (RUE DES),47.6306,6.12117,Plein jour,En agglomération,Intersection en T,Normale,Deux véhicules - côté,,,,,,,,,,,1,2,3,1,3
201500033020,0015-09-20 17:30:00,15,9,20,17,30,700,207,RD 457,47.57704,6.13238,Plein jour,Hors agglomération,Hors intersection,Normale,Deux véhicules - frontale,,,,,,,,,,,1,1,1,1,1
201500033021,0015-10-16 10:30:00,15,10,16,10,30,700,550,"2, HEYMES (AVENUE RENE)",47.63563,6.14172,Plein jour,Hors agglomération,Hors intersection,Normale,Autre collision,,,,,,,,,,,1,1,1,1,6
201500033022,0015-10-28 20:55:00,15,10,28,20,55,700,550,LIBERATION (ROND POINT D,47.61323,6.15079,Nuit avec éclairage allumé,En agglomération,Giratoire,Pluie forte,Deux véhicules - côté,,,,,,,,,,,5,2,6,3,3
201500033023,0015-10-30 12:25:00,15,10,30,12,25,700,550,GIRARDOT (RUE DU COMMAND,47.61758,6.15389,Plein jour,En agglomération,Autre intersection,Normale,Autre collision,,,,,,,,,,,1,2,9,1,6
201500033024,0015-11-03 04:50:00,15,11,3,4,50,700,388,ORY Noel (RUE),47.6155,6.1425,Nuit avec éclairage allumé,En agglomération,Hors intersection,Normale,Deux véhicules - côté,,,,,,,,,,,5,2,1,1,3
201500033025,0015-11-18 16:35:00,15,11,18,16,35,700,550,R.N. 19,47.63505,6.1563,Plein jour,Hors agglomération,Hors intersection,Normale,Deux véhicules - côté,,,,,,,,,,,1,1,1,1,3
201500033026,0015-11-30 17:15:00,15,11,30,17,15,700,261,RN19,47.62771,6.17766,Crépuscule ou aube,Hors agglomération,Hors intersection,Pluie légère,Deux véhicules - frontale,,,,,,,,,,,2,1,1,2,1
201500033027,0015-12-10 13:25:00,15,12,10,13,25,700,378,VILLERSEXEL (RUE DE),47.61387,6.1624,Plein jour,En agglomération,Giratoire,Normale,Deux véhicules - côté,,,,,,,,,,,1,2,6,1,3
201500033028,0015-03-08 20:10:00,15,3,8,20,10,710,118,D68,,,Nuit sans éclairage public,Hors agglomération,Hors intersection,Normale,Deux véhicules - frontale,,,,,,,,,,,3,1,1,1,1
201500033029,0015-12-18 18:20:00,15,12,18,18,20,710,76,1 avenue de verdun,46.77677,4.85488,Nuit avec éclairage allumé,En agglomération,Hors intersection,Normale,Autre collision,,,,,,,,,,,5,2,1,1,6
201500033030,0015-03-30 17:40:00,15,3,30,17,40,710,475,40 route de  LYON,46.76668,4.84286,Plein jour,En agglomération,Hors intersection,Normale,Deux véhicules - côté,,,,,,,,,,,1,2,1,1,3
201500033031,0015-12-28 19:50:00,15,12,28,19,50,710,76,163 avenue BOUCICAUT,46.79022,4.83219,Nuit avec éclairage allumé,En agglomération,Hors intersection,Normale,Deux véhicules - frontale,,,,,,,,,,,5,2,1,1,1
201500033032,0015-03-31 13:40:00,15,3,31,13,40,710,76,114 rue  BOIS DE MENUSE,46.80832,4.85172,Plein jour,En agglomération,Hors intersection,Pluie légère,Deux véhicules - arrière,,,,,,,,,,,1,2,1,2,2
201500033033,0015-12-20 18:15:00,15,12,20,18,15,710,76,avenue de PARIS,46.79665,4.84795,Nuit avec éclairage allumé,En agglomération,Hors intersection,Normale,Deux véhicules - côté,,,,,,,,,,,5,2,1,1,3
201500033034,0015-04-01 08:30:00,15,4,1,8,30,710,76,rue ARNAL,46.79271,4.85692,Plein jour,En agglomération,Hors intersection,Pluie légère,Autre collision,,,,,,,,,,,1,2,1,2,6
201500033035,0015-03-31 14:20:00,15,3,31,14,20,710,76,33 avenue BOUCICAUT,46.78454,4.84457,Plein jour,En agglomération,Intersection en T,Normale,Autre collision,,,,,,,,,,,1,2,3,1,6
201500033036,0015-04-06 14:15:00,15,4,6,14,15,710,76,rue ARNAL,46.79252,4.85697,Plein jour,En agglomération,Intersection en X,Normale,Deux véhicules - frontale,,,,,,,,,,,1,2,2,1,1
201500033037,0015-04-15 12:50:00,15,4,15,12,50,710,76,102 RUE  BOIS  MENUSE,46.80719,4.85233,Plein jour,En agglomération,Hors intersection,Normale,Deux véhicules - côté,,,,,,,,,,,1,2,1,1,3
201500033038,0015-04-21 17:45:00,15,4,21,17,45,710,76,rue des POILUS D'ORIENT,46.79386,4.83347,Plein jour,En agglomération,Intersection en T,Normale,Deux véhicules - côté,,,,,,,,,,,1,2,3,1,3
201500033039,0015-04-09 18:30:00,15,4,9,18,30,710,76,174 avenue BOUCICAUT,46.79161,4.82989,Plein jour,En agglomération,Hors intersection,Normale,Deux véhicules - arrière,,,,,,,,,,,1,2,1,1,2
201500033040,0015-04-12 16:15:00,15,4,12,16,15,710,445,ROND POINT DE BRESSE,46.76141,4.87133,Plein jour,Hors agglomération,Hors intersection,Normale,Sans collision,,,,,,,,,,,1,1,1,1,7
201500033041,0015-04-17 16:55:00,15,4,17,16,55,710,475,face 66 route de LYON,46.76369,4.84239,Plein jour,En agglomération,Hors intersection,Normale,Autre collision,,,,,,,,,,,1,2,1,1,6
201500033042,0015-05-12 08:00:00,15,5,12,8,0,710,76,22 place THEVENIN,46.77964,4.86238,Plein jour,En agglomération,Hors intersection,Normale,Autre collision,,,,,,,,,,,1,2,1,1,6
201500033043,0015-04-18 19:10:00,15,4,18,19,10,710,445,route d OSLON,,,Plein jour,En agglomération,Hors intersection,Normale,Deux véhicules - frontale,,,,,,,,,,,1,2,1,1,1
201500033044,0015-04-23 13:30:00,15,4,23,13,30,710,76,avenue KENNEDY,46.80216,4.86114,Plein jour,En agglomération,Hors intersection,Normale,Deux véhicules - arrière,,,,,,,,,,,1,2,1,1,2
201500033045,0015-04-18 12:30:00,15,4,18,12,30,710,76,11 rue COUBERTIN,46.80877,4.85181,Plein jour,En agglomération,Autre intersection,Normale,Autre collision,,,,,,,,,,,1,2,9,1,6
201500033046,0015-06-04 16:30:00,15,6,4,16,30,710,76,AVENUE GENERAL DE GAULLE,,,Plein jour,En agglomération,Hors intersection,Normale,Deux véhicules - frontale,,,,,,,,,,,1,2,1,1,1
201500033047,0015-06-24 13:50:00,15,6,24,13,50,710,475,ROUTE NATIONALE 80,,,Plein jour,Hors agglomération,Hors intersection,Normale,Deux véhicules - arrière,,,,,,,,,,,1,1,1,1,2
201500033048,0015-08-17 14:00:00,15,8,17,14,0,710,76,avenue KENNEDY,46.7997,4.86165,Plein jour,En agglomération,Intersection en X,Normale,Deux véhicules - côté,,,,,,,,,,,1,2,2,1,3
201500033049,0015-09-19 08:40:00,15,9,19,8,40,710,475,1ROUTE DE LYON,,,Plein jour,En agglomération,Hors intersection,Normale,Deux véhicules - frontale,,,,,,,,,,,1,2,1,1,1
201500033050,0015-09-15 06:20:00,15,9,15,6,20,710,76,avenue HUIT MAI 1945,46.78391,4.84621,Nuit avec éclairage allumé,En agglomération,Hors intersection,Normale,Autre collision,,,,,,,,,,,5,2,1,1,6
201500033051,0015-09-07 07:40:00,15,9,7,7,40,710,445,27 route d'OSLON,46.78306,4.91389,Plein jour,En agglomération,Autre intersection,Normale,Autre collision,,,,,,,,,,,1,2,9,1,6
201500033052,0015-10-15 07:25:00,15,10,15,7,25,710,76,avenue BLUM,46.78652,4.86364,Nuit avec éclairage allumé,En agglomération,Hors intersection,Pluie légère,Autre collision,,,,,,,,,,,5,2,1,2,6