accident_id,datetime,annee,mois,jour,heure,minute,departement,commune_insee,adresse,latitude,longitude,luminosite,agglomeration,intersection,meteo,collision,nb_vehicules,nb_usagers,nb_indemnes,nb_tues,nb_blesses_hosp,nb_blesses_legers,age_cond_1,age_cond_2,veh_type_cond_1,veh_type_cond_2,lum_code,agg_code,int_code,atm_code,col_code
201500033053,0015-09-25 16:20:00,15,9,25,16,20,710,76,25 place de  BEAUNE,46.78497,4.85464,Plein jour,En agglomération,Hors intersection,Normale,Autre collision,,,,,,,,,,,1,2,1,1,6
201500033054,0015-10-07 11:25:00,15,10,7,11,25,710,76,place de la GARE,46.77877,4.84514,Plein jour,Hors agglomération,Place,Normale,Autre collision,,,,,,,,,,,1,1,7,1,6
201500033055,0015-10-20 20:15:00,15,10,20,20,15,710,76,rue de BELFORT,46.78658,4.85762,Nuit avec éclairage allumé,En agglomération,Autre intersection,Normale,Deux véhicules - frontale,,,,,,,,,,,5,2,9,1,1
201500033056,0015-11-19 11:25:00,15,11,19,11,25,710,445,RD673,,,Plein jour,Hors agglomération,Hors intersection,Normale,Trois véhicules et plus - collisions multiples,,,,,,,,,,,1,1,1,1,5
201500033057,0015-10-25 15:25:00,15,10,25,15,25,710,445,30 rue de la  VARENNE,46.78563,4.90039,Plein jour,En agglomération,Hors intersection,Normale,Autre collision,,,,,,,,,,,1,2,1,1,6
201500033058,0015-01-14 14:35:00,15,1,14,14,35,710,76,avenue pierre NUGUE,46.78837,4.86586,Plein jour,En agglomération,Giratoire,Temps couvert,Deux véhicules - côté,,,,,,,,,,,1,2,6,8,3
201500033059,0015-01-31 11:00:00,15,1,31,11,0,710,475,22 route de  LYON,46.76847,4.8435,Plein jour,En agglomération,Hors intersection,Normale,Deux véhicules - côté,,,,,,,,,,,1,2,1,1,3
201500033060,0015-02-11 19:50:00,15,2,11,19,50,710,445,RD673,,,Nuit sans éclairage public,Hors agglomération,Hors intersection,Normale,Deux véhicules - frontale,,,,,,,,,,,3,1,1,1,1
201500033061,0015-02-26 20:05:00,15,2,26,20,5,710,76,general DUHESME,46.79271,4.84629,Nuit avec éclairage allumé,En agglomération,Intersection en T,Pluie légère,Deux véhicules - côté,,,,,,,,,,,5,2,3,2,3
201500033062,0015-02-28 22:05:00,15,2,28,22,5,710,76,avenue BLUM,46.78467,4.86362,Nuit avec éclairage allumé,En agglomération,Hors intersection,Normale,Autre collision,,,,,,,,,,,5,2,1,1,6
201500033063,0015-01-10 20:45:00,15,1,10,20,45,710,153,avenue MITTERRAND,,,Nuit avec éclairage allumé,En agglomération,Hors intersection,Pluie forte,Autre collision,,,,,,,,,,,5,2,1,3,6
201500033064,0015-01-24 03:20:00,15,1,24,3,20,710,540,LA BARRE,46.76549,4.45877,Nuit avec éclairage allumé,En agglomération,Hors intersection,Normale,Autre collision,,,,,,,,,,,5,2,1,1,6
201500033065,0015-02-26 17:45:00,15,2,26,17,45,710,59,route de MARMAGNE,,,Plein jour,En agglomération,Hors intersection,Pluie légère,Deux véhicules - frontale,,,,,,,,,,,1,2,1,2,1
201500033066,0015-03-08 18:30:00,15,3,8,18,30,710,153,hauteur rue CHAPTAL,46.81154,4.42484,Plein jour,En agglomération,Hors intersection,Normale,Deux véhicules - frontale,,,,,,,,,,,1,2,1,1,1
201500033067,0015-04-16 14:00:00,15,4,16,14,0,710,153,"58, MARTYRS DE LA LIBERA",46.80622,4.4385,Plein jour,En agglomération,Hors intersection,Normale,Deux véhicules - arrière,,,,,,,,,,,1,2,1,1,2
201500033068,0015-05-15 11:00:00,15,5,15,11,0,710,153,184 RUE MARECHAL FOCH,46.80313,4.45103,Plein jour,En agglomération,Autre intersection,Normale,Autre collision,,,,,,,,,,,1,2,9,1,6
201500033069,0015-05-27 08:30:00,15,5,27,8,30,710,153,,46.82667,4.46965,Plein jour,En agglomération,Hors intersection,Normale,Deux véhicules - arrière,,,,,,,,,,,1,2,1,1,2
201500033070,0015-05-29 10:15:00,15,5,29,10,15,710,59,bois labert,46.78066,4.47694,Plein jour,Hors agglomération,Hors intersection,Normale,Autre collision,,,,,,,,,,,1,1,1,1,6
201500033071,0015-07-03 22:00:00,15,7,3,22,0,710,153,rue de CORTON,46.79072,4.42193,Plein jour,En agglomération,Hors intersection,Normale,Autre collision,,,,,,,,,,,1,2,1,1,6
201500033072,0015-10-19 14:15:00,15,10,19,14,15,710,153,rue de la COURONNE,46.80315,4.41309,Plein jour,En agglomération,Intersection en X,Normale,Autre collision,,,,,,,,,,,1,2,2,1,6
201500033073,0015-11-14 04:45:00,15,11,14,4,45,710,540,le THIELLAY,46.75845,4.46966,Nuit sans éclairage public,En agglomération,Hors intersection,Brouillard / fumée,Autre collision,,,,,,,,,,,3,2,1,5,6
201500033074,0015-11-20 18:10:00,15,11,20,18,10,710,59,route de COUCHES,46.81008,4.47957,Nuit avec éclairage allumé,En agglomération,Autre intersection,Pluie forte,Autre collision,,,,,,,,,,,5,2,9,3,6
201500033075,0015-03-13 23:00:00,15,3,13,23,0,710,497,BD GENERAL DE GAULLE,,,Nuit sans éclairage public,Hors agglomération,Hors intersection,Normale,Trois véhicules et plus - collisions multiples,,,,,,,,,,,3,1,1,1,5
201500033076,0015-03-24 10:45:00,15,3,24,10,45,710,270,9 rue jean MOULIN,46.32167,4.83833,Plein jour,En agglomération,Hors intersection,Pluie légère,Autre collision,,,,,,,,,,,1,2,1,2,6
201500033077,0015-04-17 23:35:00,15,4,17,23,35,710,497,1 rue  BEAUSOLEIL,46.33716,4.83707,Nuit sans éclairage public,Hors agglomération,Hors intersection,Normale,Deux véhicules - côté,,,,,,,,,,,3,1,1,1,3
201500033078,0015-05-17 00:05:00,15,5,17,0,5,710,105,route des ALLEMANDS,,,Nuit sans éclairage public,Hors agglomération,Hors intersection,Normale,Deux véhicules - frontale,,,,,,,,,,,3,1,1,1,1
201500033079,0015-05-21 21:12:00,15,5,21,21,12,710,497,1 rue MONT RICHARD,46.33781,4.81852,Plein jour,Hors agglomération,Hors intersection,Normale,Autre collision,,,,,,,,,,,1,1,1,1,6
201500033080,0015-06-24 20:30:00,15,6,24,20,30,710,270,Rue Jules revillon,46.32002,4.81875,Plein jour,En agglomération,Intersection en X,Normale,Deux véhicules - côté,,,,,,,,,,,1,2,2,1,3
201500033081,0015-07-03 18:05:00,15,7,3,18,5,710,497,1 rue  BEAUSOLEIL,46.34742,4.82966,Plein jour,Hors agglomération,Hors intersection,Normale,Autre collision,,,,,,,,,,,1,1,1,1,6
201500033082,0015-07-19 18:28:00,15,7,19,18,28,710,270,1 quai des  MARANS,46.30135,4.83237,Plein jour,En agglomération,Hors intersection,Normale,Deux véhicules - côté,,,,,,,,,,,1,2,1,1,3
201500033083,0015-07-26 00:30:00,15,7,26,0,30,710,270,855 rue  VREMONTOISE,,,Nuit avec éclairage allumé,Hors agglomération,Hors intersection,Normale,Autre collision,,,,,,,,,,,5,1,1,1,6
201500033084,0015-08-14 18:00:00,15,8,14,18,0,710,105,1 chemin  BOIS MARECHAL,46.30304,4.77336,Plein jour,Hors agglomération,Hors intersection,Normale,Deux véhicules - frontale,,,,,,,,,,,1,1,1,1,1
201500033085,0015-09-06 12:40:00,15,9,6,12,40,710,270,DE LATTRE DE TASSIGNY,46.3156,4.8395,Plein jour,En agglomération,Hors intersection,Normale,Autre collision,,,,,,,,,,,1,2,1,1,6
201500033086,0015-08-24 18:55:00,15,8,24,18,55,710,105,1 rue du PERTHUIS,,,Plein jour,Hors agglomération,Hors intersection,Normale,Autre collision,,,,,,,,,,,1,1,1,1,6
201500033087,0015-09-06 22:30:00,15,9,6,22,30,710,105,route de CLUNY,,,Nuit avec éclairage allumé,En agglomération,Hors intersection,Normale,Autre collision,,,,,,,,,,,5,2,1,1,6
201500033088,0015-09-16 08:24:00,15,9,16,8,24,710,270,Avenue de la GARE,46.30319,4.82577,Crépuscule ou aube,En agglomération,Hors intersection,Pluie forte,Autre collision,,,,,,,,,,,2,2,1,3,6
201500033089,0015-09-30 20:55:00,15,9,30,20,55,710,270,1 bd ETATS-UNIS,46.32367,4.82815,Nuit avec éclairage allumé,En agglomération,Hors intersection,Normale,Deux véhicules - frontale,,,,,,,,,,,5,2,1,1,1
201500033090,0015-10-06 15:10:00,15,10,6,15,10,710,270,ROUTE DEPARTEMENTALE 906,,,Plein jour,En agglomération,Hors intersection,Pluie légère,Autre collision,,,,,,,,,,,1,2,1,2,6
201500033091,0015-11-24 07:43:00,15,11,24,7,43,710,497,"1, Rue de la Madone",46.33606,4.84464,Crépuscule ou aube,En agglomération,Hors intersection,Normale,Autre collision,,,,,,,,,,,2,2,1,1,6
201500033092,0015-11-28 19:00:00,15,11,28,19,0,710,270,1 rue maréchal JUIN,46.32478,4.8393,Nuit avec éclairage allumé,Hors agglomération,Hors intersection,Normale,Deux véhicules - arrière,,,,,,,,,,,5,1,1,1,2
201500033093,0015-01-13 23:25:00,15,1,13,23,25,710,270,1 rue  RAMBUTEAU,46.30636,4.82892,Nuit avec éclairage allumé,En agglomération,Hors intersection,Normale,Autre collision,,,,,,,,,,,5,2,1,1,6
201500033094,0015-02-01 00:15:00,15,2,1,0,15,710,270,Rond-Point des Lycees,46.31545,4.82391,Nuit avec éclairage allumé,En agglomération,Giratoire,Pluie légère,Deux véhicules - côté,,,,,,,,,,,5,2,6,2,3
201500033095,0015-03-04 13:50:00,15,3,4,13,50,710,486,RD 974,,,Plein jour,Hors agglomération,Hors intersection,Temps couvert,Deux véhicules - frontale,,,,,,,,,,,1,1,1,8,1
201500033096,0015-04-18 18:25:00,15,4,18,18,25,710,306,route de MACON,46.6744,4.38597,Plein jour,En agglomération,Hors intersection,Normale,Sans collision,,,,,,,,,,,1,2,1,1,7
201500033097,0015-06-14 05:45:00,15,6,14,5,45,710,306,quai GENERAL DE GAULLE,46.67308,4.36108,Nuit sans éclairage public,En agglomération,Hors intersection,Normale,Sans collision,,,,,,,,,,,3,2,1,1,7
201500033098,0015-06-29 20:40:00,15,6,29,20,40,710,306,DE LATTRE DE TASSIGNY,46.67689,4.37024,Crépuscule ou aube,En agglomération,Intersection en X,Normale,Deux véhicules - côté,,,,,,,,,,,2,2,2,1,3
201500033099,0015-10-03 15:30:00,15,10,3,15,30,710,306,avenue des  ALOUETTES,46.68781,4.3581,Plein jour,En agglomération,Hors intersection,Pluie légère,Deux véhicules - côté,,,,,,,,,,,1,2,1,2,3
201500033100,0015-11-07 07:05:00,15,11,7,7,5,710,306,rue de SAINT VALLIER,46.66841,4.37069,Crépuscule ou aube,En agglomération,Hors intersection,Normale,Autre collision,,,,,,,,,,,2,2,1,1,6
201500033101,0015-11-08 10:50:00,15,11,8,10,50,710,306,2 rue CLAUDE FOREST,46.66752,4.3641,Plein jour,En agglomération,Intersection en X,Normale,Deux véhicules - côté,,,,,,,,,,,1,2,2,1,3
201500033102,0015-11-26 19:20:00,15,11,26,19,20,710,306,2 quai JULES CHAGOT,46.67893,4.36552,Nuit avec éclairage allumé,En agglomération,Autre intersection,Normale,Autre collision,,,,,,,,,,,5,2,9,1,6
201500033103,0015-12-11 18:05:00,15,12,11,18,5,710,40,Bretelle accès RN 70,,,Nuit sans éclairage public,Hors agglomération,Intersection en Y,Normale,Trois véhicules et plus - collisions multiples,,,,,,,,,,,3,1,4,1,5
201500033104,0015-12-21 14:40:00,15,12,21,14,40,710,306,avenue ROGER SALENGRO,46.66126,4.35323,Plein jour,En agglomération,Intersection en X,Temps éblouissant,Deux véhicules - côté,,,,,,,,,,,1,2,2,7,3
201500033105,0015-02-20 07:37:00,15,2,20,7,37,720,181,CUGNOT NICOLAS (BD),47.98138,0.21783,Crépuscule ou aube,En agglomération,Hors intersection,Pluie légère,Autre collision,,,,,,,,,,,2,2,1,2,6
201500033106,0015-02-25 12:10:00,15,2,25,12,10,720,181,PREMIERE DIVISION FRANCA,48.01337,0.13282,Plein jour,Hors agglomération,Hors intersection,Pluie légère,Deux véhicules - côté,,,,,,,,,,,1,1,1,2,3
201500033107,0015-02-26 21:45:00,15,2,26,21,45,720,181,CUGNOT NICOLAS (BD),47.98605,0.22514,Nuit avec éclairage allumé,En agglomération,Intersection en X,Normale,Deux véhicules - côté,,,,,,,,,,,5,2,2,1,3
201500033108,0015-03-03 09:06:00,15,3,3,9,6,720,181,BOURG BELE (PONT DU),,,Plein jour,En agglomération,Intersection en X,Normale,Deux véhicules - côté,,,,,,,,,,,1,2,2,1,3
201500033109,0015-03-07 15:40:00,15,3,7,15,40,720,181,CHAMPION HENRI (RUE) N,47.98469,0.24017,Plein jour,Hors agglomération,Intersection en T,Normale,Deux véhicules - côté,,,,,,,,,,,1,1,3,1,3
201500033110,0015-03-13 17:00:00,15,3,13,17,0,720,3,SUZE (RTE DE LA),,,Plein jour,Hors agglomération,Intersection en T,Pluie légère,Trois véhicules et plus - collisions multiples,,,,,,,,,,,1,1,3,2,5
201500033111,0015-03-19 14:10:00,15,3,19,14,10,720,181,BARTHOLDI FRED AUGUSTE (,,,Plein jour,En agglomération,Intersection en T,Normale,Deux véhicules - frontale,,,,,,,,,,,1,2,3,1,1
201500033112,0015-05-02 19:10:00,15,5,2,19,10,720,181,CLEMENCEAU GEORGES ( BD),47.9785,0.21378,Plein jour,En agglomération,Hors intersection,Pluie légère,Deux véhicules - frontale,,,,,,,,,,,1,2,1,2,1
201500033113,0015-05-13 04:00:00,15,5,13,4,0,720,95,"27, PAIX (RUE DE LA)",48.02416,0.20344,Nuit avec éclairage allumé,En agglomération,Hors intersection,Normale,Autre collision,,,,,,,,,,,5,2,1,1,6
201500033114,0015-06-08 08:40:00,15,6,8,8,40,720,181,EDISON THOMAS (RUE),48.0242,0.17667,Plein jour,En agglomération,Giratoire,Normale,Autre collision,,,,,,,,,,,1,2,6,1,6
201500033115,0015-06-15 12:35:00,15,6,15,12,35,720,181,ITALIENS (BD DES),47.94985,0.20688,Plein jour,Hors agglomération,Hors intersection,Normale,Deux véhicules - frontale,,,,,,,,,,,1,1,1,1,1
201500033116,0015-06-30 08:45:00,15,6,30,8,45,720,181,"303, GENESLAY FELIX (AV)",47.97254,0.20564,Plein jour,En agglomération,Hors intersection,Normale,Autre collision,,,,,,,,,,,1,2,1,1,6
201500033117,0015-07-04 11:45:00,15,7,4,11,45,720,181,JAURES JEAN (AV) N° IMP,47.9948,0.20292,Plein jour,En agglomération,Intersection en Y,Normale,Deux véhicules - côté,,,,,,,,,,,1,2,4,1,3
201500033118,0015-07-10 23:45:00,15,7,10,23,45,720,181,BOEUFS PETIT FOUILLET (C,47.94249,0.21386,Nuit avec éclairage allumé,En agglomération,Hors intersection,Normale,Deux véhicules - frontale,,,,,,,,,,,5,2,1,1,1
201500033119,0015-08-01 09:30:00,15,8,1,9,30,720,3,SUZE (RTE DE LA),47.9752,0.15598,Plein jour,Hors agglomération,Autre intersection,Normale,Autre collision,,,,,,,,,,,1,1,9,1,6
201500033120,0015-08-06 10:15:00,15,8,6,10,15,720,181,PATTON GENERAL RTE ST-AU,48.02748,0.17151,Plein jour,Hors agglomération,Hors intersection,Normale,Deux véhicules - côté,,,,,,,,,,,1,1,1,1,3
201500033121,0015-08-19 14:05:00,15,8,19,14,5,720,181,MOULIN JEAN (BD) N° PAIR,47.97791,0.21161,Plein jour,En agglomération,Intersection en T,Normale,Deux véhicules - frontale,,,,,,,,,,,1,2,3,1,1
201500033122,0015-08-19 17:15:00,15,8,19,17,15,720,181,GRENTE CARDINAL (PL DU),48.01012,0.19827,Plein jour,En agglomération,Place,Normale,Autre collision,,,,,,,,,,,1,2,7,1,6
201500033123,0015-09-22 08:15:00,15,9,22,8,15,720,181,"31, MUTUEL (BD)",48.0078,0.2175,Plein jour,En agglomération,Hors intersection,Pluie légère,Autre collision,,,,,,,,,,,1,2,1,2,6
201500033124,0015-10-13 07:50:00,15,10,13,7,50,720,181,PIFFAULT PIERRE (AV) ROC,47.9833,0.18341,Plein jour,En agglomération,Hors intersection,Normale,Deux véhicules - côté,,,,,,,,,,,1,2,1,1,3
201500033125,0015-10-09 17:10:00,15,10,9,17,10,720,181,GENESLAY FELIX (AV) N° I,47.97821,0.20836,Plein jour,Hors agglomération,Intersection en T,Normale,Deux véhicules - côté,,,,,,,,,,,1,1,3,1,3
201500033126,0015-11-02 19:21:00,15,11,2,19,21,720,181,MARIETTE (RUE DE LA) N°,47.99874,0.21,Nuit avec éclairage allumé,En agglomération,Intersection en X,Normale,Deux véhicules - côté,,,,,,,,,,,5,2,2,1,3
201500033127,0015-11-22 16:00:00,15,11,22,16,0,720,3,SUZE (RTE DE LA),47.95878,0.12914,Plein jour,Hors agglomération,Hors intersection,Normale,Deux véhicules - côté,,,,,,,,,,,1,1,1,1,3
201500033128,0015-11-12 08:20:00,15,11,12,8,20,720,181,"145, JAURES JEAN (AV) N°",47.98824,0.20801,Plein jour,En agglomération,Intersection en T,Brouillard / fumée,Autre collision,,,,,,,,,,,1,2,3,5,6
201500033129,0015-12-03 17:10:00,15,12,3,17,10,720,181,LEFAUCHEUX PIERRE (BD),47.95459,0.17974,Plein jour,Hors agglomération,Intersection en T,Normale,Deux véhicules - côté,,,,,,,,,,,1,1,3,1,3
201500033130,0015-12-04 17:55:00,15,12,4,17,55,720,181,"49, JAURES JEAN (AV) Nø",47.9915,0.20561,Nuit sans éclairage public,En agglomération,Intersection en T,Normale,Deux véhicules - côté,,,,,,,,,,,3,2,3,1,3
201500033131,0015-12-21 08:00:00,15,12,21,8,0,720,181,ARNAGE (RUE D') Nø IMP 1,47.99043,0.19396,Nuit avec éclairage allumé,En agglomération,Intersection en X,Pluie légère,Trois véhicules et plus - collisions multiples,,,,,,,,,,,5,2,2,2,5
201500033132,0015-02-06 17:30:00,15,2,6,17,30,720,181,"130, RHIN ET DANUBE (AV)",,,Plein jour,En agglomération,Hors intersection,Normale,Autre collision,,,,,,,,,,,1,2,1,1,6
201500033133,0015-02-09 21:00:00,15,2,9,21,0,720,95,PREM DIV FRANCAISE LIBRE,,,Nuit sans éclairage public,Hors agglomération,Hors intersection,Normale,Deux véhicules - arrière,,,,,,,,,,,3,1,1,1,2
201500033134,0015-02-11 23:40:00,15,2,11,23,40,720,181,ESTIENNE D'ORVES (BD D'),,,Nuit avec éclairage allumé,En agglomération,Hors intersection,Normale,Sans collision,,,,,,,,,,,5,2,1,1,7
201500033135,0015-04-20 08:35:00,15,4,20,8,35,730,8,"34, LATTRE DE TASSIGNY A",45.69473,5.90318,Plein jour,En agglomération,Intersection en X,Normale,Deux véhicules - arrière,,,,,,,,,,,1,2,2,1,2
201500033136,0015-04-22 09:10:00,15,4,22,9,10,730,8,"327, WILSON BOULEVARD",45.68891,5.90953,Plein jour,En agglomération,Hors intersection,Normale,Autre collision,,,,,,,,,,,1,2,1,1,6
201500033137,0015-05-12 13:35:00,15,5,12,13,35,730,8,"35, ROOSEVELT FRANKLIN A",45.70158,5.90916,Plein jour,En agglomération,Giratoire,Normale,Deux véhicules - côté,,,,,,,,,,,1,2,6,1,3
201500033138,0015-05-18 22:00:00,15,5,18,22,0,730,8,GAULLE GENERAL DE AVENUE,45.6879,5.91257,Nuit avec éclairage allumé,En agglomération,Intersection en T,Normale,Deux véhicules - côté,,,,,,,,,,,5,2,3,1,3
201500033139,0015-08-12 07:40:00,15,8,12,7,40,730,8,"7, MOULIN JEAN SQUARE",45.68752,5.91407,Plein jour,En agglomération,Hors intersection,Normale,Autre collision,,,,,,,,,,,1,2,1,1,6
201500033140,0015-10-23 07:50:00,15,10,23,7,50,730,8,FERRIE GENERAL RUE,45.67637,5.90772,Plein jour,En agglomération,Intersection en X,Normale,Deux véhicules - côté,,,,,,,,,,,1,2,2,1,3
201500033141,0015-10-20 16:20:00,15,10,20,16,20,730,8,GAULLE GENERAL DE AVENUE,45.68792,5.91256,Plein jour,En agglomération,Intersection en T,Normale,Deux véhicules - côté,,,,,,,,,,,1,2,3,1,3
201500033142,0015-11-30 08:40:00,15,11,30,8,40,730,8,GRAND PORT (RONDEAU) AVE,45.7043,5.89472,Plein jour,En agglomération,Giratoire,Normale,Deux véhicules - côté,,,,,,,,,,,1,2,6,1,3
201500033143,0015-11-13 17:40:00,15,11,13,17,40,730,8,Av eneral de Gaulle,45.6879,5.91256,Nuit avec éclairage allumé,En agglomération,Intersection en Y,Normale,Deux véhicules - côté,,,,,,,,,,,5,2,4,1,3
201500033144,0015-02-12 15:45:00,15,2,12,15,45,730,8,"3, CLEMENCEAU GEORGES PL",45.69401,5.9101,Plein jour,En agglomération,Hors intersection,Temps éblouissant,Autre collision,,,,,,,,,,,1,2,1,7,6
201500033145,0015-01-23 17:15:00,15,1,23,17,15,730,11,BEAUFORT (ROUTE DE),45.67976,6.39695,Crépuscule ou aube,Hors agglomération,Hors intersection,Normale,Deux véhicules - frontale,,,,,,,,,,,2,1,1,1,1
201500033146,0015-02-15 12:27:00,15,2,15,12,27,730,11,"3, UGINE (ROUTE D')",45.68025,6.39442,Plein jour,En agglomération,Hors intersection,Normale,Autre collision,,,,,,,,,,,1,2,1,1,6
201500033147,0015-04-17 04:05:00,15,4,17,4,5,730,11,"2613, TOURS (ROUTE DE)",45.66511,6.42598,Nuit avec éclairage allumé,Hors agglomération,Hors intersection,Pluie forte,Autre collision,,,,,,,,,,,5,1,1,3,6
201500033148,0015-06-01 08:50:00,15,6,1,8,50,730,11,"123, DUBOIS (RUE DU CDT)",45.67057,6.38529,Plein jour,En agglomération,Intersection en T,Normale,Sans collision,,,,,,,,,,,1,2,3,1,7
201500033149,0015-02-22 15:10:00,15,2,22,15,10,730,11,ALBERT (PLACE CHARLES),45.67592,6.39537,Plein jour,En agglomération,Giratoire,Temps couvert,Deux véhicules - côté,,,,,,,,,,,1,2,6,8,3
201500033150,0015-07-07 15:15:00,15,7,7,15,15,730,11,"59, CASSINE (CH. DE LA)",45.66185,6.3812,Plein jour,En agglomération,Hors intersection,Normale,Deux véhicules - arrière,,,,,,,,,,,1,2,1,1,2
201500033151,0015-08-25 18:00:00,15,8,25,18,0,730,11,"1, PIERRE DU ROY (CHEMIN",45.68221,6.39544,Plein jour,En agglomération,Giratoire,Normale,Deux véhicules - frontale,,,,,,,,,,,1,2,6,1,1
201500033152,0015-05-21 17:30:00,15,5,21,17,30,730,65,LYON (AVENUE DE),,,Plein jour,En agglomération,Intersection en T,Normale,Deux véhicules - côté,,,,,,,,,,,1,2,3,1,3
201500033153,0015-07-22 21:20:00,15,7,22,21,20,730,65,BOISSE (AVENUE DE LA),45.57424,5.91697,Nuit sans éclairage public,En agglomération,Hors intersection,Pluie forte,Deux véhicules - côté,,,,,,,,,,,3,2,1,3,3
201500033154,0015-06-13 23:55:00,15,6,13,23,55,730,65,REPOS (AVENUE DU),45.56957,5.90236,Nuit avec éclairage allumé,En agglomération,Hors intersection,Pluie légère,Deux véhicules - frontale,,,,,,,,,,,5,2,1,2,1
201500033155,0015-10-04 15:30:00,15,10,4,15,30,730,65,GRAND CHAMP (RUE DU),45.59754,5.92051,Plein jour,En agglomération,Hors intersection,Normale,Deux véhicules - frontale,,,,,,,,,,,1,2,1,1,1
201500033156,0015-01-29 17:55:00,15,1,29,17,55,730,65,LANDIERS (AVENUE DES),45.59227,5.90251,Nuit avec éclairage allumé,En agglomération,Hors intersection,Pluie légère,Autre collision,,,,,,,,,,,5,2,1,2,6
201500033157,0015-02-02 18:30:00,15,2,2,18,30,730,65,SAINTE ROSE (RUE),45.56631,5.93584,Crépuscule ou aube,En agglomération,Hors intersection,Normale,Autre collision,,,,,,,,,,,2,2,1,1,6
201500033158,0015-04-12 12:50:00,15,4,12,12,50,740,93,RUE DE LA PEROLLIERE,,,Plein jour,En agglomération,Intersection en T,Normale,Deux véhicules - côté,,,,,,,,,,,1,2,3,1,3
201500033159,0015-05-28 18:25:00,15,5,28,18,25,740,93,AV REPUBLIQUE/2 RUE PARC,,,Plein jour,En agglomération,Intersection en T,Normale,Autre collision,,,,,,,,,,,1,2,3,1,6
201500033160,0015-05-17 09:50:00,15,5,17,9,50,740,10,BD DE LA ROCADE,,,Plein jour,En agglomération,Giratoire,Normale,Deux véhicules - côté,,,,,,,,,,,1,2,6,1,3
201500033161,0015-05-25 15:45:00,15,5,25,15,45,740,10,AV DE GENEVE / BELLEVUE,,,Plein jour,En agglomération,Intersection en T,Normale,Deux véhicules - côté,,,,,,,,,,,1,2,3,1,3
201500033162,0015-06-03 10:20:00,15,6,3,10,20,740,10,97 bis AVENUE DE GENEVE,,,Plein jour,En agglomération,Hors intersection,Normale,Deux véhicules - arrière,,,,,,,,,,,1,2,1,1,2
201500033163,0015-06-03 09:30:00,15,6,3,9,30,740,10,"80, AVENUE DE LA PLAINE",,,Plein jour,En agglomération,Hors intersection,Normale,Autre collision,,,,,,,,,,,1,2,1,1,6
201500033164,0015-06-28 18:15:00,15,6,28,18,15,740,10,BD DE LA CORNICHE,,,Plein jour,Hors agglomération,Hors intersection,Normale,Deux véhicules - côté,,,,,,,,,,,1,1,1,1,3
201500033165,0015-07-15 17:55:00,15,7,15,17,55,740,10,12 AVENUE DE GENEVE,,,Plein jour,En agglomération,Intersection en T,Normale,Autre collision,,,,,,,,,,,1,2,3,1,6
201500033166,0015-06-11 16:20:00,15,6,11,16,20,740,10,AVENUE DE LA  PLAINE,,,Plein jour,En agglomération,Hors intersection,Normale,Autre collision,,,,,,,,,,,1,2,1,1,6
201500033167,0015-06-09 10:20:00,15,6,9,10,20,740,10,RUE MARC LEROUX,,,Plein jour,En agglomération,Intersection en T,Normale,Autre collision,,,,,,,,,,,1,2,3,1,6
201500033168,0015-08-27 12:10:00,15,8,27,12,10,740,10,"80, AVENUE DE FRANCE",,,Plein jour,En agglomération,Intersection en X,Normale,Deux véhicules - côté,,,,,,,,,,,1,2,2,1,3
201500033169,0015-10-30 08:20:00,15,10,30,8,20,740,10,"36,AVENUE ALBIGNY",45.90584,6.1449,Plein jour,En agglomération,Hors intersection,Normale,Deux véhicules - côté,,,,,,,,,,,1,2,1,1,3
201500033170,0015-10-27 03:30:00,15,10,27,3,30,740,10,AVENUE DE THONES,,,Nuit avec éclairage allumé,En agglomération,Giratoire,Normale,Autre collision,,,,,,,,,,,5,2,6,1,6
201500033171,0015-10-26 07:45:00,15,10,26,7,45,740,10,AVENUE DE GENEVE,,,Crépuscule ou aube,En agglomération,Giratoire,Normale,Deux véhicules - côté,,,,,,,,,,,2,2,6,1,3
201500033172,0015-11-10 11:40:00,15,11,10,11,40,740,10,PLACE HENRI DUNANT,45.90784,6.1363,Plein jour,En agglomération,Giratoire,Normale,Deux véhicules - côté,,,,,,,,,,,1,2,6,1,3
201500033173,0015-11-12 13:29:00,15,11,12,13,29,740,10,RUE DES MARQUISATS,,,Plein jour,En agglomération,Hors intersection,Normale,Deux véhicules - côté,,,,,,,,,,,1,2,1,1,3
201500033174,0015-11-05 15:00:00,15,11,5,15,0,740,10,CHEMIN DU MAQUIS,,,Plein jour,En agglomération,Hors intersection,Normale,Autre collision,,,,,,,,,,,1,2,1,1,6
201500033175,0015-11-25 18:00:00,15,11,25,18,0,740,10,RUE JACQUELINE AURIOL,,,Nuit avec éclairage allumé,En agglomération,Intersection en X,Normale,Autre collision,,,,,,,,,,,5,2,2,1,6
201500033176,0015-12-15 18:35:00,15,12,15,18,35,740,10,"66, AVENUE DE LA PLAINE",45.91591,6.12891,Plein jour,En agglomération,Hors intersection,Normale,Autre collision,,,,,,,,,,,1,2,1,1,6
201500033177,0015-11-09 19:00:00,15,11,9,19,0,740,10,BOULEVARD DU LYCEE,45.9058,6.12692,Nuit avec éclairage allumé,En agglomération,Hors intersection,Normale,Autre collision,,,,,,,,,,,5,2,1,1,6
201500033178,0015-12-24 18:48:00,15,12,24,18,48,740,10,QUAI EUSTACHE CHAPPUIS,45.89977,6.12827,Nuit avec éclairage allumé,En agglomération,Hors intersection,Normale,Autre collision,,,,,,,,,,,5,2,1,1,6