accident_id,datetime,annee,mois,jour,heure,minute,departement,commune_insee,adresse,latitude,longitude,luminosite,agglomeration,intersection,meteo,collision,nb_vehicules,nb_usagers,nb_indemnes,nb_tues,nb_blesses_hosp,nb_blesses_legers,age_cond_1,age_cond_2,veh_type_cond_1,veh_type_cond_2,lum_code,agg_code,int_code,atm_code,col_code
201500033179,0015-01-07 16:20:00,15,1,7,16,20,740,10,CHEMIN DU MAQUIS,,,Plein jour,En agglomération,Hors intersection,Normale,Autre collision,,,,,,,,,,,1,2,1,1,6
201500033180,0015-01-20 18:00:00,15,1,20,18,0,740,10,"25,FAUBOURG  BALMETTES",,,Nuit avec éclairage allumé,En agglomération,Hors intersection,Neige / grêle,Autre collision,,,,,,,,,,,5,2,1,4,6
201500033181,0015-02-19 19:10:00,15,2,19,19,10,740,10,"55, BOULEVARD DU  FIER",,,Nuit avec éclairage allumé,En agglomération,Intersection en X,Normale,Autre collision,,,,,,,,,,,5,2,2,1,6
201500033182,0015-03-27 04:30:00,15,3,27,4,30,740,10,"84, AVENUE DE FRANCE",,,Nuit avec éclairage allumé,En agglomération,Hors intersection,Pluie légère,Autre collision,,,,,,,,,,,5,2,1,2,6
201500033183,0015-11-09 16:20:00,15,11,9,16,20,740,298,AVENUE DE L'EUROPE,46.10372,6.24389,Plein jour,En agglomération,Giratoire,Normale,Deux véhicules - côté,,,,,,,,,,,1,2,6,1,3
201500033184,0015-12-08 19:00:00,15,12,8,19,0,740,133,RUE DE L'INDUSTRIE,46.11021,6.21612,Nuit avec éclairage allumé,Hors agglomération,Autre intersection,Normale,Deux véhicules - frontale,,,,,,,,,,,5,1,9,1,1
201500033185,0015-12-25 17:25:00,15,12,25,17,25,740,12,AVENUE DE VERDUN,,,Nuit avec éclairage allumé,En agglomération,Hors intersection,Normale,Autre collision,,,,,,,,,,,5,2,1,1,6
201500033186,0015-06-03 20:20:00,15,6,3,20,20,740,133,RUE D'ARVE / DES VIGNES,46.1886,6.21567,Plein jour,En agglomération,Intersection en X,Normale,Deux véhicules - côté,,,,,,,,,,,1,2,2,1,3
201500033187,0015-05-30 11:00:00,15,5,30,11,0,740,305,RUE DE MONTREAL,46.20683,6.28262,Plein jour,En agglomération,Intersection en Y,Normale,Autre collision,,,,,,,,,,,1,2,4,1,6
201500033188,0015-06-17 07:00:00,15,6,17,7,0,740,8,RUE D'ARVE,46.1881,6.21639,Plein jour,En agglomération,Hors intersection,Normale,Deux véhicules - frontale,,,,,,,,,,,1,2,1,1,1
201500033189,0015-07-12 19:10:00,15,7,12,19,10,740,12,"11, RUE ADOLPHE MAGNIN",,,Plein jour,En agglomération,Hors intersection,Normale,Autre collision,,,,,,,,,,,1,2,1,1,6
201500033190,0015-07-09 17:25:00,15,7,9,17,25,740,12,"32, RUE DU BEULET",,,Plein jour,En agglomération,Hors intersection,Normale,Autre collision,,,,,,,,,,,1,2,1,1,6
201500033191,0015-07-10 09:00:00,15,7,10,9,0,740,12,PLACE DE LA LIBERATION,46.1932,6.23622,Plein jour,En agglomération,Place,Normale,Autre collision,,,,,,,,,,,1,2,7,1,6
201500033192,0015-06-30 16:35:00,15,6,30,16,35,740,298,ROUTE DE BONNEVILLE,46.168,6.27136,Plein jour,Hors agglomération,Hors intersection,Normale,Trois véhicules et plus - collisions multiples,,,,,,,,,,,1,1,1,1,5
201500033193,0015-07-03 14:25:00,15,7,3,14,25,740,12,"58, RUE DE SOUS-CASSAN",46.19336,6.25534,Plein jour,En agglomération,Intersection en T,Normale,Autre collision,,,,,,,,,,,1,2,3,1,6
201500033194,0015-09-14 07:30:00,15,9,14,7,30,740,298,ROUTE DE LA COLLINE,46.11249,6.25101,Crépuscule ou aube,En agglomération,Giratoire,Normale,Autre collision,,,,,,,,,,,2,2,6,1,6
201500033195,0015-09-08 20:30:00,15,9,8,20,30,740,12,AVENUE CHARLES DE GAULLE,,,Nuit avec éclairage allumé,En agglomération,Intersection en T,Normale,Autre collision,,,,,,,,,,,5,2,3,1,6
201500033196,0015-08-23 13:30:00,15,8,23,13,30,740,133,"09,RUE DES PEUPLIERS",46.19,6.21,Plein jour,En agglomération,Hors intersection,Normale,Deux véhicules - côté,,,,,,,,,,,1,2,1,1,3
201500033197,0015-09-02 13:30:00,15,9,2,13,30,740,133,RUE DE L'INDUSTRIE,46.1853,6.21917,Plein jour,En agglomération,Intersection en T,Normale,Deux véhicules - côté,,,,,,,,,,,1,2,3,1,3
201500033198,0015-10-05 19:25:00,15,10,5,19,25,740,12,"51, RUE DE GENEVE",46.1933,6.22694,Crépuscule ou aube,En agglomération,Hors intersection,Pluie légère,Deux véhicules - côté,,,,,,,,,,,2,2,1,2,3
201500033199,0015-10-09 19:35:00,15,10,9,19,35,740,12,"68, ROUTE DES VALLEES",46.1928,6.25,Crépuscule ou aube,En agglomération,Hors intersection,Normale,Autre collision,,,,,,,,,,,2,2,1,1,6
201500033200,0015-10-10 17:50:00,15,10,10,17,50,740,8,"33, RUE DE GENEVE",46.1917,6.21944,Plein jour,En agglomération,Intersection en T,Normale,Deux véhicules - côté,,,,,,,,,,,1,2,3,1,3
201500033201,0015-10-13 12:00:00,15,10,13,12,0,740,12,"04,AVENUE  BUCHILLONS",46.1989,6.26628,Plein jour,En agglomération,Hors intersection,Normale,Deux véhicules - côté,,,,,,,,,,,1,2,1,1,3
201500033202,0015-10-06 21:45:00,15,10,6,21,45,740,12,"01,RUE DU DOCTEUR FAVRE",46.1975,6.23833,Nuit avec éclairage allumé,En agglomération,Hors intersection,Normale,Deux véhicules - côté,,,,,,,,,,,5,2,1,1,3
201500033203,0015-10-21 14:10:00,15,10,21,14,10,740,8,"49, AVENUE DE GENEVE",,,Plein jour,En agglomération,Hors intersection,Normale,Deux véhicules - côté,,,,,,,,,,,1,2,1,1,3
201500033204,0015-11-13 16:40:00,15,11,13,16,40,740,12,RUE DE LA RESISTANCE,,,Plein jour,En agglomération,Intersection en T,Normale,Deux véhicules - côté,,,,,,,,,,,1,2,3,1,3
201500033205,0015-11-24 23:30:00,15,11,24,23,30,740,12,ROUTE DE THONON,,,Nuit avec éclairage allumé,En agglomération,Giratoire,Normale,Deux véhicules - côté,,,,,,,,,,,5,2,6,1,3
201500033206,0015-01-06 15:35:00,15,1,6,15,35,740,298,ROUTE DE BONNEVILLE,,,Plein jour,En agglomération,Intersection en T,Normale,Deux véhicules - frontale,,,,,,,,,,,1,2,3,1,1
201500033207,0015-02-02 06:45:00,15,2,2,6,45,740,12,EUROPE (AVENUE DE L'),,,Nuit avec éclairage allumé,En agglomération,Hors intersection,Temps couvert,Sans collision,,,,,,,,,,,5,2,1,8,7
201500033208,0015-01-29 08:45:00,15,1,29,8,45,740,8,RUE DU JURA,,,Plein jour,En agglomération,Hors intersection,Normale,Autre collision,,,,,,,,,,,1,2,1,1,6
201500033209,0015-02-12 07:10:00,15,2,12,7,10,740,12,RUE GENEVE / BARON LOE,,,Nuit avec éclairage allumé,En agglomération,Giratoire,Normale,Deux véhicules - côté,,,,,,,,,,,5,2,6,1,3
201500033210,0015-03-09 20:40:00,15,3,9,20,40,740,133,RUE DE GENEVE,,,Nuit avec éclairage allumé,En agglomération,Intersection en T,Normale,Deux véhicules - côté,,,,,,,,,,,5,2,3,1,3
201500033211,0015-03-14 22:45:00,15,3,14,22,45,740,305,RUE DE MONTREAL,,,Nuit avec éclairage allumé,En agglomération,Giratoire,Normale,Deux véhicules - côté,,,,,,,,,,,5,2,6,1,3
201500033212,0015-03-18 17:20:00,15,3,18,17,20,740,118,ROUTE DES DEPORTES,,,Plein jour,En agglomération,Hors intersection,Normale,Autre collision,,,,,,,,,,,1,2,1,1,6
201500033213,0015-04-02 06:30:00,15,4,2,6,30,740,305,ROUTE DE JUVIGNY,,,Nuit sans éclairage public,En agglomération,Hors intersection,Normale,Autre collision,,,,,,,,,,,3,2,1,1,6
201500033214,0015-04-30 01:40:00,15,4,30,1,40,740,133,GENEVE /LIBERATION,,,Nuit avec éclairage allumé,En agglomération,Intersection en X,Normale,Deux véhicules - frontale,,,,,,,,,,,5,2,2,1,1
201500033215,0015-12-27 07:30:00,15,12,27,7,30,740,281,CONTOURNEMENT,,,Nuit sans éclairage public,En agglomération,Hors intersection,Temps couvert,Sans collision,,,,,,,,,,,3,2,1,8,7
201500033216,0015-03-17 21:05:00,15,3,17,21,5,740,218,"1230, AVENUE DE LA RIVE",,,Nuit avec éclairage allumé,En agglomération,Hors intersection,Normale,Deux véhicules - côté,,,,,,,,,,,5,2,1,1,3
201500033217,0015-03-31 22:30:00,15,3,31,22,30,740,119,"60, AVENUE DE GAVOT",,,Nuit avec éclairage allumé,Hors agglomération,Intersection en X,Pluie légère,Deux véhicules - frontale,,,,,,,,,,,5,1,2,2,1
201500033218,0015-04-10 09:05:00,15,4,10,9,5,740,281,44 AVENUE D' EVIAN,,,Plein jour,En agglomération,Hors intersection,Normale,Autre collision,,,,,,,,,,,1,2,1,1,6
201500033219,0015-04-16 16:45:00,15,4,16,16,45,740,218,PONT DE LA BOTTE,,,Plein jour,Hors agglomération,Hors intersection,Normale,Deux véhicules - frontale,,,,,,,,,,,1,1,1,1,1
201500033220,0015-05-01 17:30:00,15,5,1,17,30,740,281,CHEMIN DE RONDE,,,Plein jour,En agglomération,Hors intersection,Pluie forte,Autre collision,,,,,,,,,,,1,2,1,3,6
201500033221,0015-04-30 14:25:00,15,4,30,14,25,740,281,GENEVE (AVE DE),,,Plein jour,En agglomération,Hors intersection,Normale,Deux véhicules - côté,,,,,,,,,,,1,2,1,1,3
201500033222,0015-05-16 05:10:00,15,5,16,5,10,740,119,"33, AV ANNA DENOAILLES",46.3986,6.57567,Nuit avec éclairage allumé,En agglomération,Hors intersection,Normale,Autre collision,,,,,,,,,,,5,2,1,1,6
201500033223,0015-05-18 12:10:00,15,5,18,12,10,740,281,"12, AVENUE DE SENEVULAZ",,,Plein jour,En agglomération,Hors intersection,Normale,Trois véhicules et plus - collisions multiples,,,,,,,,,,,1,2,1,1,5
201500033224,0015-05-27 17:20:00,15,5,27,17,20,740,119,AVENUE ANNA DE NOAILLES,46.3974,6.56764,Plein jour,En agglomération,Hors intersection,Normale,Deux véhicules - frontale,,,,,,,,,,,1,2,1,1,1
201500033225,0015-05-28 19:20:00,15,5,28,19,20,740,119,"4, ANNA DE NOAILLES",,,Plein jour,En agglomération,Hors intersection,Normale,Deux véhicules - côté,,,,,,,,,,,1,2,1,1,3
201500033226,0015-05-28 21:35:00,15,5,28,21,35,740,281,"43, ROUTE DE TULLY",,,Nuit avec éclairage allumé,Hors agglomération,Hors intersection,Normale,Deux véhicules - frontale,,,,,,,,,,,5,1,1,1,1
201500033227,0015-06-19 12:50:00,15,6,19,12,50,740,281,AVENUE DE LA DRANSE,,,Plein jour,En agglomération,Intersection en X,Normale,Deux véhicules - côté,,,,,,,,,,,1,2,2,1,3
201500033228,0015-06-15 12:10:00,15,6,15,12,10,740,218,"350, VIEUX MOTTAY/PLAINE",,,Plein jour,En agglomération,Intersection en T,Normale,Deux véhicules - côté,,,,,,,,,,,1,2,3,1,3
201500033229,0015-06-25 06:57:00,15,6,25,6,57,740,119,1 BIS AV DE NOAILLES,,,Plein jour,En agglomération,Hors intersection,Temps éblouissant,Autre collision,,,,,,,,,,,1,2,1,7,6
201500033230,0015-06-25 21:05:00,15,6,25,21,5,740,281,AVENUE DE RIPAILLE,46.23134,6.29071,Crépuscule ou aube,En agglomération,Intersection en T,Normale,Deux véhicules - frontale,,,,,,,,,,,2,2,3,1,1
201500033231,0015-06-26 02:25:00,15,6,26,2,25,740,281,AVENUE DE RIPAILLE,46.23109,6.29009,Nuit sans éclairage public,En agglomération,Intersection en Y,Normale,Deux véhicules - frontale,,,,,,,,,,,3,2,4,1,1
201500033232,0015-07-06 21:10:00,15,7,6,21,10,740,281,13 AV  FONTAINE COUVERTE,46.367,6.49678,Crépuscule ou aube,En agglomération,Hors intersection,Autre,Autre collision,,,,,,,,,,,2,2,1,9,6
201500033233,0015-07-11 13:40:00,15,7,11,13,40,740,281,PLACE DES  ARTS,,,Plein jour,En agglomération,Giratoire,Normale,Deux véhicules - côté,,,,,,,,,,,1,2,6,1,3
201500033234,0015-07-12 09:30:00,15,7,12,9,30,740,281,BOULEVARD DE LA CORNICHE,46.35878,6.43123,Plein jour,En agglomération,Giratoire,Normale,Deux véhicules - côté,,,,,,,,,,,1,2,6,1,3
201500033235,0015-07-25 15:00:00,15,7,25,15,0,740,281,"11,BD DES VALLEES",,,Plein jour,En agglomération,Hors intersection,Normale,Deux véhicules - frontale,,,,,,,,,,,1,2,1,1,1
201500033236,0015-08-07 21:30:00,15,8,7,21,30,740,119,AVENUE DU GENERAL DUPAS,46.4003,6.58306,Nuit avec éclairage allumé,En agglomération,Hors intersection,Normale,Deux véhicules - arrière,,,,,,,,,,,5,2,1,1,2
201500033237,0015-08-06 19:30:00,15,8,6,19,30,740,218,AVENUE DE THONON,46.386,6.517,Plein jour,Hors agglomération,Hors intersection,Normale,Trois véhicules et plus - collisions multiples,,,,,,,,,,,1,1,1,1,5
201500033238,0015-10-01 17:30:00,15,10,1,17,30,740,281,"50, AVENUE JULES FERRY",46.37701,6.48962,Plein jour,En agglomération,Hors intersection,Normale,Autre collision,,,,,,,,,,,1,2,1,1,6
201500033239,0015-10-02 19:38:00,15,10,2,19,38,740,281,"13, AVENUE DES ALLINGES",,,Nuit avec éclairage allumé,En agglomération,Intersection en T,Normale,Trois véhicules et plus - collisions multiples,,,,,,,,,,,5,2,3,1,5
201500033240,0015-10-05 19:25:00,15,10,5,19,25,740,281,"23, QUAI DE RIPAILLE",,,Nuit avec éclairage allumé,En agglomération,Hors intersection,Pluie forte,Autre collision,,,,,,,,,,,5,2,1,3,6
201500033241,0015-10-12 15:20:00,15,10,12,15,20,740,281,"30, AVENUE DES ROMAINS",,,Plein jour,En agglomération,Hors intersection,Normale,Deux véhicules - frontale,,,,,,,,,,,1,2,1,1,1
201500033242,0015-10-13 12:15:00,15,10,13,12,15,740,281,RD 1005,46.3628,6.49389,Plein jour,Hors agglomération,Hors intersection,Normale,Trois véhicules et plus - collisions multiples,,,,,,,,,,,1,1,1,1,5
201500033243,0015-10-26 20:20:00,15,10,26,20,20,740,281,RUE DES PEUPLIERS,46.36168,4.82159,Nuit avec éclairage allumé,En agglomération,Intersection en T,Normale,Deux véhicules - côté,,,,,,,,,,,5,2,3,1,3
201500033244,0015-10-21 15:45:00,15,10,21,15,45,740,218,"564, RIVES DU LEMAN",46.39429,6.56437,Plein jour,Hors agglomération,Intersection en T,Normale,Sans collision,,,,,,,,,,,1,1,3,1,7
201500033245,0015-11-02 16:40:00,15,11,2,16,40,740,281,"26, AVENUE DES ALLINGES",46.36383,6.47842,Plein jour,En agglomération,Hors intersection,Normale,Deux véhicules - côté,,,,,,,,,,,1,2,1,1,3
201500033246,0015-11-09 09:35:00,15,11,9,9,35,740,281,"6, AVENUE DE  GENEVRIERS",,,Plein jour,En agglomération,Hors intersection,Normale,Deux véhicules - côté,,,,,,,,,,,1,2,1,1,3
201500033247,0015-12-02 15:25:00,15,12,2,15,25,740,281,"28, AVENUE DES ALLINGES",46.36341,6.47842,Plein jour,En agglomération,Intersection en X,Normale,Autre collision,,,,,,,,,,,1,2,2,1,6
201500033248,0015-10-22 19:10:00,15,10,22,19,10,740,281,AVENUE DU CLOS BANDERET,,,Nuit avec éclairage allumé,En agglomération,Passage à niveau,Normale,Deux véhicules - côté,,,,,,,,,,,5,2,8,1,3
201500033249,0015-11-23 10:45:00,15,11,23,10,45,740,119,BD DE LA CORNICHE,,,Plein jour,Hors agglomération,Hors intersection,Normale,Sans collision,,,,,,,,,,,1,1,1,1,7
201500033250,0015-01-08 13:00:00,15,1,8,13,0,740,281,"10, AVENUE DU PARC",,,Plein jour,En agglomération,Hors intersection,Normale,Autre collision,,,,,,,,,,,1,2,1,1,6
201500033251,0015-03-01 21:20:00,15,3,1,21,20,740,119,"46, AVENUE DE GAVOT",,,Nuit avec éclairage allumé,En agglomération,Hors intersection,Pluie légère,Autre collision,,,,,,,,,,,5,2,1,2,6
201500033252,0015-02-26 08:05:00,15,2,26,8,5,740,281,RUE VALLON,,,Plein jour,En agglomération,Hors intersection,Normale,Deux véhicules - côté,,,,,,,,,,,1,2,1,1,3
201500033253,0015-03-05 19:22:00,15,3,5,19,22,740,218,AVENUE DE LA RIVE,,,Nuit avec éclairage allumé,Hors agglomération,Hors intersection,Normale,Deux véhicules - côté,,,,,,,,,,,5,1,1,1,3
201500033254,0015-03-14 13:35:00,15,3,14,13,35,740,281,"20, BD JULES FERRY",,,Plein jour,En agglomération,Intersection en T,Normale,Deux véhicules - arrière,,,,,,,,,,,1,2,3,1,2
201500033255,0015-03-02 19:00:00,15,3,2,19,0,760,329,R DE L'ABBAYE,49.54871,0.49321,Nuit avec éclairage allumé,En agglomération,Hors intersection,Normale,Deux véhicules - côté,,,,,,,,,,,5,2,1,1,3
201500033256,0015-03-13 19:00:00,15,3,13,19,0,760,384,,49.52732,0.52645,Nuit sans éclairage public,Hors agglomération,Hors intersection,Normale,Trois véhicules et plus - collisions multiples,,,,,,,,,,,3,1,1,1,5
201500033257,0015-03-27 17:44:00,15,3,27,17,44,760,476,AV DU BOIS,49.5024,0.56879,Plein jour,Hors agglomération,Hors intersection,Normale,Deux véhicules - côté,,,,,,,,,,,1,1,1,1,3
201500033258,0015-08-07 18:50:00,15,8,7,18,50,760,382,D6015,49.58441,0.52907,Plein jour,Hors agglomération,Intersection en T,Normale,Deux véhicules - côté,,,,,,,,,,,1,1,3,1,3
201500033259,0015-08-09 21:29:00,15,8,9,21,29,760,329,RTE DE LILLEBONNE,49.53803,0.50916,Plein jour,Hors agglomération,Hors intersection,Normale,Autre collision,,,,,,,,,,,1,1,1,1,6
201500033260,0015-09-27 18:10:00,15,9,27,18,10,760,476,RD 110,49.49891,0.57196,Plein jour,Hors agglomération,Hors intersection,Normale,Deux véhicules - frontale,,,,,,,,,,,1,1,1,1,1
201500033261,0015-10-23 18:25:00,15,10,23,18,25,760,382,"1123, HAMEAU DE LA MAISO",49.57907,0.51469,Plein jour,Hors agglomération,Hors intersection,Normale,Trois véhicules et plus - collisions multiples,,,,,,,,,,,1,1,1,1,5
201500033262,0015-11-19 19:20:00,15,11,19,19,20,760,114,R CHARLES SOREUIL,49.57602,0.47528,Nuit avec éclairage allumé,En agglomération,Intersection en X,Pluie légère,Deux véhicules - côté,,,,,,,,,,,5,2,2,2,3
201500033263,0015-12-14 14:20:00,15,12,14,14,20,760,476,R CLAUDE BERNARD,49.48115,0.58182,Plein jour,En agglomération,Intersection en X,Normale,Deux véhicules - côté,,,,,,,,,,,1,2,2,1,3
201500033264,0015-01-06 12:40:00,15,1,6,12,40,760,545,RD 154E,49.90705,1.10576,Plein jour,Hors agglomération,Giratoire,Normale,Deux véhicules - arrière,,,,,,,,,,,1,1,6,1,2
201500033265,0015-03-11 03:35:00,15,3,11,3,35,760,545,RD 154E,49.90567,1.10905,Nuit avec éclairage allumé,Hors agglomération,Hors intersection,Normale,Autre collision,,,,,,,,,,,5,1,1,1,6
201500033266,0015-01-23 15:45:00,15,1,23,15,45,760,565,,49.87136,1.08048,Plein jour,Hors agglomération,Intersection en T,Normale,Trois véhicules et plus - en chaîne,,,,,,,,,,,1,1,3,1,4
201500033267,0015-03-17 15:27:00,15,3,17,15,27,760,217,ROC DE JANVAL,49.90896,1.07257,Plein jour,En agglomération,Intersection en X,Normale,Deux véhicules - arrière,,,,,,,,,,,1,2,2,1,2
201500033268,0015-01-29 07:50:00,15,1,29,7,50,760,217,BD DE GAULLE,49.92354,1.08133,Nuit sans éclairage public,En agglomération,Intersection en Y,Pluie légère,Autre collision,,,,,,,,,,,3,2,4,2,6
201500033269,0015-03-19 12:28:00,15,3,19,12,28,760,26,RD 23,49.87927,1.12213,Plein jour,En agglomération,Hors intersection,Pluie légère,Deux véhicules - frontale,,,,,,,,,,,1,2,1,2,1
201500033270,0015-02-08 20:25:00,15,2,8,20,25,760,217,ROC DE JANVAL,49.90812,1.07143,Nuit avec éclairage allumé,En agglomération,Hors intersection,Temps couvert,Deux véhicules - arrière,,,,,,,,,,,5,2,1,8,2
201500033271,0015-03-21 14:25:00,15,3,21,14,25,760,565,"217, RTE DE ROUEN",49.86738,1.07089,Plein jour,En agglomération,Hors intersection,Normale,Trois véhicules et plus - en chaîne,,,,,,,,,,,1,2,1,1,4
201500033272,0015-02-14 09:54:00,15,2,14,9,54,760,26,R DE LA CHAUSSEE,49.88059,1.13001,Plein jour,En agglomération,Intersection en Y,Normale,Autre collision,,,,,,,,,,,1,2,4,1,6
201500033273,0015-03-24 17:45:00,15,3,24,17,45,760,217,ROC DE JANVAL,49.90886,1.07243,Plein jour,En agglomération,Intersection en X,Pluie légère,Autre collision,,,,,,,,,,,1,2,2,2,6
201500033274,0015-03-28 22:20:00,15,3,28,22,20,760,217,QU DUQUESNE,49.92647,1.08004,Nuit avec éclairage allumé,En agglomération,Giratoire,Normale,Autre collision,,,,,,,,,,,5,2,6,1,6
201500033275,0015-04-10 18:20:00,15,4,10,18,20,760,217,CRS DE DAKAR,49.92193,1.08519,Plein jour,En agglomération,Intersection en X,Normale,Deux véhicules - côté,,,,,,,,,,,1,2,2,1,3
201500033276,0015-04-13 17:30:00,15,4,13,17,30,760,217,COLBERT (PONT),49.92729,1.08592,Plein jour,En agglomération,Intersection en T,Normale,Autre collision,,,,,,,,,,,1,2,3,1,6
201500033277,0015-05-02 18:05:00,15,5,2,18,5,760,217,"30, QU DUQUESNE",49.92553,1.08043,Plein jour,En agglomération,Hors intersection,Normale,Autre collision,,,,,,,,,,,1,2,1,1,6
201500033278,0015-05-03 03:30:00,15,5,3,3,30,760,26,HAMEAU DE GRUCHET,49.87393,1.11072,Nuit sans éclairage public,Hors agglomération,Hors intersection,Normale,Sans collision,,,,,,,,,,,3,1,1,1,7
201500033279,0015-05-04 15:30:00,15,5,4,15,30,760,217,BD GEORGES CLEMENCEAU,49.92206,1.08181,Plein jour,En agglomération,Intersection en X,Normale,Deux véhicules - arrière,,,,,,,,,,,1,2,2,1,2
201500033280,0015-05-12 12:20:00,15,5,12,12,20,760,26,RTE DE SAINT NICOLAS,49.88264,1.14506,Plein jour,En agglomération,Hors intersection,Normale,Deux véhicules - côté,,,,,,,,,,,1,2,1,1,3
201500033281,0015-05-12 16:45:00,15,5,12,16,45,760,217,R DU COMMANDANT CASEAU,49.91811,1.08638,Plein jour,En agglomération,Hors intersection,Normale,Deux véhicules - arrière,,,,,,,,,,,1,2,1,1,2
201500033282,0015-06-10 10:10:00,15,6,10,10,10,760,217,R JACQUES PREVERT,49.91889,1.06135,Plein jour,En agglomération,Hors intersection,Normale,Autre collision,,,,,,,,,,,1,2,1,1,6
201500033283,0015-06-12 18:30:00,15,6,12,18,30,760,217,RD 485,49.92274,1.11127,Plein jour,Hors agglomération,Giratoire,Normale,Deux véhicules - arrière,,,,,,,,,,,1,1,6,1,2
201500033284,0015-06-16 11:15:00,15,6,16,11,15,760,217,,49.9271,1.12147,Plein jour,En agglomération,Giratoire,Normale,Deux véhicules - côté,,,,,,,,,,,1,2,6,1,3
201500033285,0015-06-22 10:50:00,15,6,22,10,50,760,217,AV DES CANADIENS,49.90199,1.07738,Plein jour,En agglomération,Intersection en Y,Pluie légère,Deux véhicules - arrière,,,,,,,,,,,1,2,4,2,2
201500033286,0015-06-26 12:50:00,15,6,26,12,50,760,217,BD MARECHAL FOCH,49.93002,1.07875,Plein jour,En agglomération,Hors intersection,Normale,Autre collision,,,,,,,,,,,1,2,1,1,6
201500033287,0015-06-26 14:10:00,15,6,26,14,10,760,217,D 485,49.92425,1.11295,Plein jour,Hors agglomération,Hors intersection,Normale,Autre collision,,,,,,,,,,,1,1,1,1,6
201500033288,0015-07-08 23:30:00,15,7,8,23,30,760,217,"165, AV DE LA REPUBLIQUE",49.92444,1.1039,Nuit avec éclairage allumé,En agglomération,Intersection en X,Normale,Autre collision,,,,,,,,,,,5,2,2,1,6
201500033289,0015-07-09 23:25:00,15,7,9,23,25,760,217,"24, CRS DE DAKAR",49.91714,1.09169,Nuit avec éclairage non allumé,En agglomération,Hors intersection,Normale,Autre collision,,,,,,,,,,,4,2,1,1,6
201500033290,0015-07-11 03:10:00,15,7,11,3,10,760,545,RD 154E,49.9116,1.09732,Nuit avec éclairage allumé,Hors agglomération,Hors intersection,Normale,Sans collision,,,,,,,,,,,5,1,1,1,7
201500033291,0015-06-29 18:32:00,15,6,29,18,32,760,414,D1,49.90104,1.13986,Plein jour,En agglomération,Intersection en T,Normale,Deux véhicules - frontale,,,,,,,,,,,1,2,3,1,1
201500033292,0015-07-31 17:05:00,15,7,31,17,5,760,565,RD54E,49.8708,1.0769,Plein jour,Hors agglomération,Intersection en T,Normale,Deux véhicules - arrière,,,,,,,,,,,1,1,3,1,2
201500033293,0015-08-20 10:50:00,15,8,20,10,50,760,414,RD 154E,49.90719,1.10759,Plein jour,Hors agglomération,Giratoire,Temps couvert,Sans collision,,,,,,,,,,,1,1,6,8,7
201500033294,0015-08-20 13:25:00,15,8,20,13,25,760,565,RD 915,49.88898,1.08397,Plein jour,Hors agglomération,Intersection en T,Normale,Deux véhicules - arrière,,,,,,,,,,,1,1,3,1,2
201500033295,0015-08-22 20:45:00,15,8,22,20,45,760,217,RD 925,49.92544,1.08035,Plein jour,En agglomération,Hors intersection,Normale,Deux véhicules - arrière,,,,,,,,,,,1,2,1,1,2
201500033296,0015-08-23 11:30:00,15,8,23,11,30,760,26,"34, RTE DE MARTIN EGLISE",49.88654,1.13828,Plein jour,En agglomération,Hors intersection,Pluie légère,Sans collision,,,,,,,,,,,1,2,1,2,7
201500033297,0015-08-26 18:45:00,15,8,26,18,45,760,545,RD 154E,49.90664,1.10725,Plein jour,Hors agglomération,Giratoire,Normale,Deux véhicules - arrière,,,,,,,,,,,1,1,6,1,2
201500033298,0015-09-01 12:30:00,15,9,1,12,30,760,217,AV DE BREAUTE,49.91215,1.08882,Plein jour,En agglomération,Hors intersection,Normale,Deux véhicules - arrière,,,,,,,,,,,1,2,1,1,2
201500033299,0015-09-15 09:50:00,15,9,15,9,50,760,217,"38, BD DE VERDUN",49.92893,1.07923,Plein jour,En agglomération,Hors intersection,Normale,Deux véhicules - côté,,,,,,,,,,,1,2,1,1,3
201500033300,0015-09-02 11:25:00,15,9,2,11,25,760,26,,49.8803,1.14756,Plein jour,Hors agglomération,Hors intersection,Normale,Sans collision,,,,,,,,,,,1,1,1,1,7
201500033301,0015-09-07 08:35:00,15,9,7,8,35,760,349,R DU PARADIS,49.90192,1.05157,Plein jour,En agglomération,Intersection en X,Normale,Autre collision,,,,,,,,,,,1,2,2,1,6
201500033302,0015-09-15 16:50:00,15,9,15,16,50,760,545,AV DE BREAUTE,49.91475,1.09433,Plein jour,En agglomération,Hors intersection,Normale,Autre collision,,,,,,,,,,,1,2,1,1,6
201500033303,0015-09-24 01:00:00,15,9,24,1,0,760,217,AV JEAN RIBLET,49.92013,1.09601,Nuit avec éclairage allumé,En agglomération,Hors intersection,Normale,Sans collision,,,,,,,,,,,5,2,1,1,7
201500033304,0015-09-23 14:30:00,15,9,23,14,30,760,26,RD 56,49.88252,1.14851,Plein jour,Hors agglomération,Hors intersection,Normale,Autre collision,,,,,,,,,,,1,1,1,1,6
201500033305,0015-09-28 04:25:00,15,9,28,4,25,760,349,RD 925,49.89215,1.03845,Crépuscule ou aube,Hors agglomération,Hors intersection,Normale,Autre collision,,,,,,,,,,,2,1,1,1,6
201500033306,0015-09-28 20:30:00,15,9,28,20,30,760,217,R ROGER EVRARD,49.90783,1.06804,Nuit sans éclairage public,En agglomération,Hors intersection,Normale,Autre collision,,,,,,,,,,,3,2,1,1,6