accident_id,datetime,annee,mois,jour,heure,minute,departement,commune_insee,adresse,latitude,longitude,luminosite,agglomeration,intersection,meteo,collision,nb_vehicules,nb_usagers,nb_indemnes,nb_tues,nb_blesses_hosp,nb_blesses_legers,age_cond_1,age_cond_2,veh_type_cond_1,veh_type_cond_2,lum_code,agg_code,int_code,atm_code,col_code
201500033307,0015-10-05 09:03:00,15,10,5,9,3,760,217,PONT JEHAN ANGO,49.92644,1.08128,Plein jour,En agglomération,Hors intersection,Normale,Autre collision,,,,,,,,,,,1,2,1,1,6
201500033308,0015-10-12 18:00:00,15,10,12,18,0,760,707,RD 23,49.85164,1.1008,Plein jour,Hors agglomération,Hors intersection,Normale,Sans collision,,,,,,,,,,,1,1,1,1,7
201500033309,0015-10-27 14:14:00,15,10,27,14,14,760,217,"13, R THIERS",49.9211,1.07693,Plein jour,En agglomération,Intersection en X,Normale,Autre collision,,,,,,,,,,,1,2,2,1,6
201500033310,0015-11-03 14:10:00,15,11,3,14,10,760,217,,49.92305,1.11111,Plein jour,Hors agglomération,Giratoire,Normale,Deux véhicules - arrière,,,,,,,,,,,1,1,6,1,2
201500033311,0015-11-13 03:50:00,15,11,13,3,50,760,217,"26, PL HENRI DUNANT",49.92915,1.10249,Nuit avec éclairage non allumé,En agglomération,Hors intersection,Normale,Autre collision,,,,,,,,,,,4,2,1,1,6
201500033312,0015-11-18 21:50:00,15,11,18,21,50,760,217,R DES CORMORANS,49.93088,1.09832,Nuit avec éclairage non allumé,En agglomération,Hors intersection,Pluie légère,Autre collision,,,,,,,,,,,4,2,1,2,6
201500033313,0015-11-18 14:30:00,15,11,18,14,30,760,217,"9,R SAINT-JEAN",49.92634,1.07941,Plein jour,En agglomération,Hors intersection,Normale,Autre collision,,,,,,,,,,,1,2,1,1,6
201500033314,0015-11-23 18:00:00,15,11,23,18,0,760,324,RD 925,49.93375,1.15443,Crépuscule ou aube,Hors agglomération,Hors intersection,Normale,Deux véhicules - frontale,,,,,,,,,,,2,1,1,1,1
201500033315,0015-12-10 17:49:00,15,12,10,17,49,760,217,CH DU GOLF,49.91812,1.05919,Crépuscule ou aube,En agglomération,Intersection en T,Normale,Deux véhicules - côté,,,,,,,,,,,2,2,3,1,3
201500033316,0015-11-30 12:50:00,15,11,30,12,50,760,217,"12, R DU GENERAL DE GAUL",49.9218,1.10244,Plein jour,En agglomération,Hors intersection,Normale,Deux véhicules - frontale,,,,,,,,,,,1,2,1,1,1
201500033317,0015-12-08 18:25:00,15,12,8,18,25,760,545,R DU CHAMP DE COURSES,49.90438,1.09308,Nuit avec éclairage allumé,En agglomération,Place,Normale,Deux véhicules - arrière,,,,,,,,,,,5,2,7,1,2
201500033318,0015-12-09 07:45:00,15,12,9,7,45,760,217,"1-3, ARC DE LA BOURSE",49.9268,1.07952,Crépuscule ou aube,En agglomération,Hors intersection,Normale,Autre collision,,,,,,,,,,,2,2,1,1,6
201500033319,0015-12-11 16:20:00,15,12,11,16,20,760,565,R VAL GOSSET,49.87234,1.09352,Crépuscule ou aube,Hors agglomération,Hors intersection,Pluie légère,Deux véhicules - côté,,,,,,,,,,,2,1,1,2,3
201500033320,0015-12-19 04:40:00,15,12,19,4,40,760,217,R LOUIS DE BURES,49.9175,1.08695,Nuit avec éclairage allumé,En agglomération,Hors intersection,Normale,Autre collision,,,,,,,,,,,5,2,1,1,6
201500033321,0015-12-19 05:30:00,15,12,19,5,30,760,217,"24, AV NORMANDIE SUSSEX",49.91662,1.08933,Nuit avec éclairage allumé,En agglomération,Hors intersection,Normale,Autre collision,,,,,,,,,,,5,2,1,1,6
201500033322,0015-12-19 14:55:00,15,12,19,14,55,760,565,,49.88271,1.09027,Plein jour,Hors agglomération,Intersection en T,Normale,Deux véhicules - arrière,,,,,,,,,,,1,1,3,1,2
201500033323,0015-12-21 17:05:00,15,12,21,17,5,760,565,,49.8889,1.08398,Nuit sans éclairage public,Hors agglomération,Intersection en T,Pluie légère,Deux véhicules - arrière,,,,,,,,,,,3,1,3,2,2
201500033324,0015-12-23 16:20:00,15,12,23,16,20,760,217,BD MARECHAL FOCH,49.92984,1.0783,Plein jour,En agglomération,Hors intersection,Normale,Autre collision,,,,,,,,,,,1,2,1,1,6
201500033325,0015-12-28 19:00:00,15,12,28,19,0,760,217,ARC DE LA POISSONNERIE,49.92652,1.07982,Nuit avec éclairage allumé,En agglomération,Giratoire,Normale,Deux véhicules - côté,,,,,,,,,,,5,2,6,1,3
201500033326,0015-01-29 07:45:00,15,1,29,7,45,760,231,R BOURGTHEROULDE,49.28714,0.98491,Nuit sans éclairage public,Hors agglomération,Hors intersection,Normale,Deux véhicules - arrière,,,,,,,,,,,3,1,1,1,2
201500033327,0015-03-21 09:45:00,15,3,21,9,45,760,259,"17, PL CHARLES DE GAULLE",49.75713,0.37608,Plein jour,En agglomération,Place,Normale,Autre collision,,,,,,,,,,,1,2,7,1,6
201500033328,0015-03-31 11:50:00,15,3,31,11,50,760,259,"5, R DE BARRY",49.75691,0.37176,Plein jour,En agglomération,Hors intersection,Normale,Autre collision,,,,,,,,,,,1,2,1,1,6
201500033329,0015-03-27 14:10:00,15,3,27,14,10,760,259,CHS GAYANT,49.76093,0.37385,Plein jour,En agglomération,Intersection en T,Normale,Autre collision,,,,,,,,,,,1,2,3,1,6
201500033330,0015-05-02 01:20:00,15,5,2,1,20,760,259,"266, CH DES MOULINS DE B",49.75422,0.405,Nuit avec éclairage allumé,En agglomération,Hors intersection,Normale,Autre collision,,,,,,,,,,,5,2,1,1,6
201500033331,0015-05-15 09:50:00,15,5,15,9,50,760,259,"750, RTE DU PHARE",49.76484,0.37217,Plein jour,En agglomération,Hors intersection,Normale,Autre collision,,,,,,,,,,,1,2,1,1,6
201500033332,0015-05-21 17:50:00,15,5,21,17,50,760,259,"91, RTE DE VALMONT",49.75782,0.3924,Plein jour,En agglomération,Intersection en X,Normale,Autre collision,,,,,,,,,,,1,2,2,1,6
201500033333,0015-05-26 16:07:00,15,5,26,16,7,760,259,"145, R GUSTAVE COUTURIER",49.75239,0.39396,Plein jour,En agglomération,Hors intersection,Normale,Autre collision,,,,,,,,,,,1,2,1,1,6
201500033334,0015-07-02 11:30:00,15,7,2,11,30,760,259,MANDELA ( BOULEVARD NELS,49.744,0.3889,Plein jour,En agglomération,Giratoire,Pluie légère,Deux véhicules - côté,,,,,,,,,,,1,2,6,2,3
201500033335,0015-08-23 17:15:00,15,8,23,17,15,760,259,"243, R QUEUE DE RENARD",49.76161,0.39932,Plein jour,En agglomération,Hors intersection,Normale,Autre collision,,,,,,,,,,,1,2,1,1,6
201500033336,0015-09-17 12:15:00,15,9,17,12,15,760,259,BD NELSON MANDELA,49.74638,0.39611,Plein jour,Hors agglomération,Hors intersection,Normale,Deux véhicules - frontale,,,,,,,,,,,1,1,1,1,1
201500033337,0015-12-18 16:50:00,15,12,18,16,50,760,600,RTE DU HAVRE,49.73881,0.36965,Plein jour,Hors agglomération,Hors intersection,Normale,Deux véhicules - frontale,,,,,,,,,,,1,1,1,1,1
201500033338,0015-01-26 11:45:00,15,1,26,11,45,760,259,,49.76482,0.40665,Plein jour,Hors agglomération,Hors intersection,Pluie légère,Deux véhicules - frontale,,,,,,,,,,,1,1,1,2,1
201500033339,0015-02-16 16:15:00,15,2,16,16,15,760,351,"2,R COMMANDANT CHEF D HO",49.49696,0.12586,Plein jour,En agglomération,Intersection en T,Pluie légère,Autre collision,,,,,,,,,,,1,2,3,2,6
201500033340,0015-02-18 00:20:00,15,2,18,0,20,760,351,,49.52454,0.18122,Nuit avec éclairage allumé,Hors agglomération,Hors intersection,Normale,Deux véhicules - frontale,,,,,,,,,,,5,1,1,1,1
201500033341,0015-12-31 17:15:00,15,12,31,17,15,760,351,CRS DE LA REPUBLIQUE,49.50031,0.13003,Nuit avec éclairage allumé,En agglomération,Hors intersection,Normale,Trois véhicules et plus - collisions multiples,,,,,,,,,,,5,2,1,1,5
201500033342,0015-02-16 13:00:00,15,2,16,13,0,760,351,"170,AV DU HUIT MAI 1945",49.5125,0.1745,Plein jour,En agglomération,Intersection en T,Normale,Sans collision,,,,,,,,,,,1,2,3,1,7
201500033343,0015-01-02 15:55:00,15,1,2,15,55,760,351,"75, AV ROUGET DE LISLE",49.50552,0.14283,Plein jour,En agglomération,Intersection en X,Normale,Autre collision,,,,,,,,,,,1,2,2,1,6
201500033344,0015-02-18 15:55:00,15,2,18,15,55,760,351,AV DU SEIZIEME PORT,49.48556,0.17583,Plein jour,Hors agglomération,Hors intersection,Normale,Trois véhicules et plus - en chaîne,,,,,,,,,,,1,1,1,1,4
201500033345,0015-02-20 11:30:00,15,2,20,11,30,760,447,"25, R DE LA COMMUNE 1871",49.545,0.18864,Plein jour,En agglomération,Intersection en X,Pluie forte,Deux véhicules - arrière,,,,,,,,,,,1,2,2,3,2
201500033346,0015-02-20 08:50:00,15,2,20,8,50,760,351,R LOUIS BLERIOT,49.53275,0.0962,Plein jour,Hors agglomération,Hors intersection,Pluie légère,Trois véhicules et plus - collisions multiples,,,,,,,,,,,1,1,1,2,5
201500033347,0015-02-19 19:45:00,15,2,19,19,45,760,351,"53, AV DU VAL AUX CORNEI",49.5091,0.14573,Nuit avec éclairage allumé,En agglomération,Hors intersection,Normale,Deux véhicules - frontale,,,,,,,,,,,5,2,1,1,1
201500033348,0015-01-03 13:40:00,15,1,3,13,40,760,351,"61,R LOUIS BRINDEAU",49.4912,0.10352,Plein jour,En agglomération,Intersection en X,Pluie légère,Deux véhicules - côté,,,,,,,,,,,1,2,2,2,3
201500033349,0015-02-21 10:05:00,15,2,21,10,5,760,351,BD CLEMENCEAU,49.48965,0.09772,Plein jour,En agglomération,Intersection en T,Normale,Deux véhicules - côté,,,,,,,,,,,1,2,3,1,3
201500033350,0015-02-22 20:20:00,15,2,22,20,20,760,481,,49.5572,0.11239,Nuit sans éclairage public,Hors agglomération,Hors intersection,Pluie forte,Deux véhicules - frontale,,,,,,,,,,,3,1,1,3,1
201500033351,0015-03-04 14:15:00,15,3,4,14,15,760,351,"76, AV RENE COTY",49.49766,0.1141,Plein jour,En agglomération,Intersection en T,Normale,Sans collision,,,,,,,,,,,1,2,3,1,7
201500033352,0015-02-21 14:05:00,15,2,21,14,5,760,351,AV DU BOIS AU COQ,49.51858,0.11675,Plein jour,En agglomération,Intersection en X,Normale,Deux véhicules - côté,,,,,,,,,,,1,2,2,1,3
201500033353,0015-03-07 06:30:00,15,3,7,6,30,760,351,PL JENNER,49.50874,0.13592,Nuit avec éclairage allumé,En agglomération,Place,Normale,Trois véhicules et plus - en chaîne,,,,,,,,,,,5,2,7,1,4
201500033354,0015-03-10 17:15:00,15,3,10,17,15,760,351,"214, R LOUIS LUMIERE",49.52316,0.12165,Plein jour,En agglomération,Hors intersection,Normale,Deux véhicules - frontale,,,,,,,,,,,1,2,1,1,1
201500033355,0015-03-10 17:40:00,15,3,10,17,40,760,351,"80, R EUGENE MOPIN",49.51986,0.15877,Plein jour,En agglomération,Hors intersection,Normale,Autre collision,,,,,,,,,,,1,2,1,1,6
201500033356,0015-03-10 13:40:00,15,3,10,13,40,760,351,CRS DE LA REPUBLIQUE,49.50111,0.13083,Plein jour,En agglomération,Hors intersection,Normale,Sans collision,,,,,,,,,,,1,2,1,1,7
201500033357,0015-03-11 19:50:00,15,3,11,19,50,760,351,"138, R DE VERDUN",49.50198,0.15654,Nuit avec éclairage allumé,En agglomération,Hors intersection,Normale,Autre collision,,,,,,,,,,,5,2,1,1,6
201500033358,0015-03-14 00:50:00,15,3,14,0,50,760,351,R MAGASINS GENERAUX,49.49153,0.13326,Nuit avec éclairage allumé,En agglomération,Giratoire,Normale,Autre collision,,,,,,,,,,,5,2,6,1,6
201500033359,0015-03-22 01:45:00,15,3,22,1,45,760,351,QU COLBERT,49.48984,0.11945,Nuit avec éclairage allumé,En agglomération,Intersection en X,Normale,Deux véhicules - côté,,,,,,,,,,,5,2,2,1,3
201500033360,0015-03-21 21:45:00,15,3,21,21,45,760,351,"195, AV JEAN JAURES",49.50014,0.16165,Nuit avec éclairage allumé,En agglomération,Hors intersection,Pluie légère,Autre collision,,,,,,,,,,,5,2,1,2,6
201500033361,0015-03-20 17:00:00,15,3,20,17,0,760,305,RTE DE LA BREQUE,49.48775,0.19613,Plein jour,Hors agglomération,Intersection en X,Normale,Deux véhicules - côté,,,,,,,,,,,1,1,2,1,3
201500033362,0015-03-23 11:05:00,15,3,23,11,5,760,351,"104, AV DU BOIS DE BLEVI",49.52414,0.12898,Plein jour,En agglomération,Hors intersection,Normale,Autre collision,,,,,,,,,,,1,2,1,1,6
201500033363,0015-03-27 07:40:00,15,3,27,7,40,760,351,"326, R PIERRE MENDES FRA",49.5132,0.15178,Plein jour,En agglomération,Hors intersection,Normale,Deux véhicules - arrière,,,,,,,,,,,1,2,1,1,2
201500033364,0015-03-31 18:40:00,15,3,31,18,40,760,305,"40, AV DES COTES BLANCHE",49.49996,0.22583,Plein jour,En agglomération,Hors intersection,Normale,Autre collision,,,,,,,,,,,1,2,1,1,6
201500033365,0015-01-06 09:25:00,15,1,6,9,25,760,351,"71, R DES SPORTS",49.51719,0.12959,Plein jour,En agglomération,Hors intersection,Pluie légère,Sans collision,,,,,,,,,,,1,2,1,2,7
201500033366,0015-03-30 21:30:00,15,3,30,21,30,760,351,R JEAN JACQUES ROUSSEAU,49.49734,0.13133,Nuit avec éclairage allumé,En agglomération,Intersection en X,Normale,Deux véhicules - côté,,,,,,,,,,,5,2,2,1,3
201500033367,0015-01-06 12:50:00,15,1,6,12,50,760,351,"2, QU LAMBLARDIE",49.48979,0.11129,Plein jour,En agglomération,Intersection en T,Normale,Deux véhicules - arrière,,,,,,,,,,,1,2,3,1,2
201500033368,0015-03-28 12:45:00,15,3,28,12,45,760,351,"141, CRS DE LA REPUBLIQ",49.49884,0.12884,Plein jour,En agglomération,Intersection en T,Normale,Sans collision,,,,,,,,,,,1,2,3,1,7
201500033369,0015-04-03 22:00:00,15,4,3,22,0,760,351,PONT AUGUSTE BLANQUI,49.49969,0.16246,Nuit avec éclairage allumé,En agglomération,Hors intersection,Pluie légère,Autre collision,,,,,,,,,,,5,2,1,2,6
201500033370,0015-04-07 18:25:00,15,4,7,18,25,760,351,"161, R DEMIDOFF",49.4978,0.13896,Plein jour,En agglomération,Intersection en X,Normale,Autre collision,,,,,,,,,,,1,2,2,1,6
201500033371,0015-04-08 21:30:00,15,4,8,21,30,760,351,"29, AV REAUMUR",49.50968,0.17014,Nuit avec éclairage allumé,En agglomération,Hors intersection,Normale,Autre collision,,,,,,,,,,,5,2,1,1,6
201500033372,0015-01-08 01:05:00,15,1,8,1,5,760,351,"35, R CLEMENT MARICAL",49.50174,0.09712,Nuit avec éclairage allumé,En agglomération,Hors intersection,Pluie légère,Autre collision,,,,,,,,,,,5,2,1,2,6
201500033373,0015-04-12 18:20:00,15,4,12,18,20,760,351,CHS LAMANDE,49.48731,0.11623,Plein jour,En agglomération,Hors intersection,Normale,Deux véhicules - frontale,,,,,,,,,,,1,2,1,1,1
201500033374,0015-04-18 12:50:00,15,4,18,12,50,760,447,"110, AV MARECHAL FOCH",49.53415,0.18846,Plein jour,En agglomération,Hors intersection,Normale,Deux véhicules - arrière,,,,,,,,,,,1,2,1,1,2
201500033375,0015-04-16 15:25:00,15,4,16,15,25,760,351,BD FRANCOIS 1ER,49.49104,0.09994,Plein jour,En agglomération,Intersection en T,Normale,Deux véhicules - arrière,,,,,,,,,,,1,2,3,1,2
201500033376,0015-04-18 18:30:00,15,4,18,18,30,760,351,"12, R DU FOYER HAVRAIS",49.50592,0.13948,Plein jour,En agglomération,Hors intersection,Normale,Sans collision,,,,,,,,,,,1,2,1,1,7
201500033377,0015-04-15 20:50:00,15,4,15,20,50,760,351,"104, R ANATOLE FRANCE",49.49575,0.11837,Crépuscule ou aube,En agglomération,Intersection en T,Normale,Deux véhicules - côté,,,,,,,,,,,2,2,3,1,3
201500033378,0015-04-19 17:10:00,15,4,19,17,10,760,447,RD 489 A4,49.5336,0.18546,Plein jour,Hors agglomération,Giratoire,Normale,Sans collision,,,,,,,,,,,1,1,6,1,7
201500033379,0015-04-21 07:55:00,15,4,21,7,55,760,351,"68, AV FOCH",49.49307,0.10432,Plein jour,En agglomération,Hors intersection,Normale,Autre collision,,,,,,,,,,,1,2,1,1,6
201500033380,0015-04-21 15:05:00,15,4,21,15,5,760,351,"2, R DE PRESSENSE",49.49584,0.14818,Plein jour,En agglomération,Hors intersection,Normale,Deux véhicules - côté,,,,,,,,,,,1,2,1,1,3
201500033381,0015-04-14 08:35:00,15,4,14,8,35,760,351,"32, R DE LA VALLEE",49.49317,0.15137,Plein jour,En agglomération,Hors intersection,Normale,Autre collision,,,,,,,,,,,1,2,1,1,6
201500033382,0015-04-23 06:32:00,15,4,23,6,32,760,351,R DE BAYONVILLIERS,49.50453,0.11675,Nuit avec éclairage allumé,En agglomération,Intersection en X,Normale,Autre collision,,,,,,,,,,,5,2,2,1,6
201500033383,0015-04-24 08:40:00,15,4,24,8,40,760,351,R SCRIBE,49.50818,0.16965,Plein jour,En agglomération,Intersection en X,Normale,Deux véhicules - côté,,,,,,,,,,,1,2,2,1,3
201500033384,0015-04-24 16:05:00,15,4,24,16,5,760,351,R PIERRE FARCIS,49.51781,0.09603,Plein jour,En agglomération,Intersection à plus de 4 branches,Normale,Autre collision,,,,,,,,,,,1,2,5,1,6
201500033385,0015-04-24 12:00:00,15,4,24,12,0,760,351,"298, R ARISTIDE BRIAND",49.50042,0.13791,Plein jour,En agglomération,Hors intersection,Normale,Sans collision,,,,,,,,,,,1,2,1,1,7
201500033386,0015-04-24 17:20:00,15,4,24,17,20,760,351,"93, R GEORGES LAFAURIE",49.50025,0.11077,Plein jour,En agglomération,Hors intersection,Normale,Autre collision,,,,,,,,,,,1,2,1,1,6
201500033387,0015-04-28 12:10:00,15,4,28,12,10,760,351,"41, R ANATOLE FRANCE",49.49525,0.11309,Plein jour,En agglomération,Intersection en X,Normale,Autre collision,,,,,,,,,,,1,2,2,1,6
201500033388,0015-01-09 23:30:00,15,1,9,23,30,760,447,"25, AV DU MARECHAL FOCH",49.54123,0.18804,Nuit avec éclairage allumé,En agglomération,Hors intersection,Normale,Trois véhicules et plus - en chaîne,,,,,,,,,,,5,2,1,1,4
201500033389,0015-04-27 14:30:00,15,4,27,14,30,760,351,"85, R DE CRONSTADT",49.50543,0.11488,Plein jour,En agglomération,Intersection en X,Normale,Deux véhicules - côté,,,,,,,,,,,1,2,2,1,3
201500033390,0015-01-10 05:45:00,15,1,10,5,45,760,481,"05, CH D EMFRAYETTE",49.56131,0.14833,Nuit sans éclairage public,Hors agglomération,Hors intersection,Normale,Autre collision,,,,,,,,,,,3,1,1,1,6
201500033391,0015-04-27 12:20:00,15,4,27,12,20,760,351,"420, AV DU BOIS AU COQ",49.51795,0.11768,Plein jour,En agglomération,Intersection en T,Normale,Autre collision,,,,,,,,,,,1,2,3,1,6
201500033392,0015-04-29 17:10:00,15,4,29,17,10,760,305,"17, AV MARCEL LE MIGNOT",49.50246,0.21249,Plein jour,En agglomération,Hors intersection,Pluie légère,Deux véhicules - côté,,,,,,,,,,,1,2,1,2,3
201500033393,0015-05-03 04:40:00,15,5,3,4,40,760,351,"144, AV RENE COTY",49.49854,0.11792,Nuit avec éclairage allumé,En agglomération,Intersection en X,Normale,Autre collision,,,,,,,,,,,5,2,2,1,6
201500033394,0015-01-10 18:40:00,15,1,10,18,40,760,305,CH DE LA FORGE,49.51428,0.24295,Nuit sans éclairage public,Hors agglomération,Hors intersection,Normale,Autre collision,,,,,,,,,,,3,1,1,1,6
201500033395,0015-05-08 12:25:00,15,5,8,12,25,760,351,"194, R ARISTIDE BRIAND",49.50009,0.1319,Plein jour,En agglomération,Hors intersection,Normale,Autre collision,,,,,,,,,,,1,2,1,1,6
201500033396,0015-05-06 21:40:00,15,5,6,21,40,760,351,"275, R ARISTIDE BRIAND",49.5003,0.13595,Plein jour,En agglomération,Intersection en T,Normale,Autre collision,,,,,,,,,,,1,2,3,1,6
201500033397,0015-05-11 18:00:00,15,5,11,18,0,760,351,PARVIS SAINT MICHEL,49.49666,0.10991,Plein jour,En agglomération,Intersection en X,Normale,Autre collision,,,,,,,,,,,1,2,2,1,6
201500033398,0015-05-14 20:15:00,15,5,14,20,15,760,351,"113, R MASSILLON",49.49898,0.14324,Plein jour,En agglomération,Intersection en X,Normale,Deux véhicules - côté,,,,,,,,,,,1,2,2,1,3
201500033399,0015-05-16 22:35:00,15,5,16,22,35,760,351,PL DES MARTYRS,49.51312,0.16327,Nuit avec éclairage allumé,En agglomération,Intersection en X,Normale,Deux véhicules - côté,,,,,,,,,,,5,2,2,1,3
201500033400,0015-05-14 10:10:00,15,5,14,10,10,760,305,,49.51519,0.23491,Plein jour,Hors agglomération,Giratoire,Pluie légère,Autre collision,,,,,,,,,,,1,1,6,2,6
201500033401,0015-05-16 00:10:00,15,5,16,0,10,760,341,RD 489,49.52164,0.18836,Nuit sans éclairage public,Hors agglomération,Hors intersection,Normale,Deux véhicules - arrière,,,,,,,,,,,3,1,1,1,2
201500033402,0015-01-13 08:55:00,15,1,13,8,55,760,351,"63, R GUSTAVE BRINDEAU",49.49135,0.1406,Plein jour,En agglomération,Hors intersection,Pluie forte,Autre collision,,,,,,,,,,,1,2,1,3,6
201500033403,0015-05-08 05:00:00,15,5,8,5,0,760,351,"39, R FRANCOIS MAZELINE",49.4968,0.13754,Crépuscule ou aube,En agglomération,Intersection en X,Normale,Deux véhicules - côté,,,,,,,,,,,2,2,2,1,3
201500033404,0015-05-20 18:30:00,15,5,20,18,30,760,351,"20,R D INGOUVILLE",49.49749,0.10941,Plein jour,En agglomération,Intersection en X,Normale,Deux véhicules - côté,,,,,,,,,,,1,2,2,1,3
201500033405,0015-05-27 07:45:00,15,5,27,7,45,760,351,"1, BD JULES DURAND",49.48844,0.15024,Plein jour,En agglomération,Intersection en X,Normale,Deux véhicules - côté,,,,,,,,,,,1,2,2,1,3
201500033406,0015-05-28 07:30:00,15,5,28,7,30,760,481,RTE DE SAINT BARTHELEMY,49.5593,0.14217,Plein jour,Hors agglomération,Hors intersection,Pluie légère,Sans collision,,,,,,,,,,,1,1,1,2,7
201500033407,0015-05-30 11:40:00,15,5,30,11,40,760,351,"5, R FRANCOISE SAGAN",49.51645,0.11867,Plein jour,En agglomération,Hors intersection,Normale,Deux véhicules - côté,,,,,,,,,,,1,2,1,1,3
201500033408,0015-05-23 14:00:00,15,5,23,14,0,760,351,"75, R BERTHELOT",49.50024,0.13582,Plein jour,En agglomération,Intersection en T,Normale,Autre collision,,,,,,,,,,,1,2,3,1,6
201500033409,0015-05-31 22:30:00,15,5,31,22,30,760,351,R DE LA BIGNE A FOSSE,49.52405,0.11211,Nuit avec éclairage allumé,En agglomération,Hors intersection,Normale,Autre collision,,,,,,,,,,,5,2,1,1,6
201500033410,0015-06-03 22:15:00,15,6,3,22,15,760,351,"50, R ELSA TRIOLET",49.50326,0.17839,Nuit sans éclairage public,En agglomération,Hors intersection,Normale,Sans collision,,,,,,,,,,,3,2,1,1,7
201500033411,0015-01-14 12:15:00,15,1,14,12,15,760,351,R LOUIS SIEFRIDT,49.511,0.09922,Plein jour,En agglomération,Intersection en X,Normale,Sans collision,,,,,,,,,,,1,2,2,1,7
201500033412,0015-06-03 15:15:00,15,6,3,15,15,760,351,R LIEUTENANT CLERIVET,49.50706,0.17501,Plein jour,En agglomération,Intersection en X,Normale,Deux véhicules - côté,,,,,,,,,,,1,2,2,1,3
201500033413,0015-06-05 15:00:00,15,6,5,15,0,760,447,"46, JEAN JAURES",49.5443,0.20054,Plein jour,En agglomération,Hors intersection,Normale,Sans collision,,,,,,,,,,,1,2,1,1,7
201500033414,0015-06-08 12:50:00,15,6,8,12,50,760,481,,49.53496,0.10457,Plein jour,En agglomération,Intersection en X,Normale,Sans collision,,,,,,,,,,,1,2,2,1,7
201500033415,0015-01-14 16:20:00,15,1,14,16,20,760,351,"236, R LOUIS LUMIERE",49.52414,0.12286,Plein jour,En agglomération,Intersection en X,Normale,Deux véhicules - côté,,,,,,,,,,,1,2,2,1,3
201500033416,0015-06-08 09:00:00,15,6,8,9,0,760,351,"9, CHS JOHN KENNEDY",49.48454,0.10452,Plein jour,En agglomération,Hors intersection,Normale,Deux véhicules - côté,,,,,,,,,,,1,2,1,1,3
201500033417,0015-06-09 11:55:00,15,6,9,11,55,760,447,AV DE LA BELLE ETOILE,49.54501,0.16919,Plein jour,Hors agglomération,Intersection en T,Normale,Deux véhicules - arrière,,,,,,,,,,,1,1,3,1,2
201500033418,0015-06-10 15:28:00,15,6,10,15,28,760,341,,49.51327,0.1991,Plein jour,En agglomération,Hors intersection,Normale,Sans collision,,,,,,,,,,,1,2,1,1,7
201500033419,0015-06-11 15:00:00,15,6,11,15,0,760,351,"117, AV JEAN JAURES",49.49933,0.15588,Plein jour,En agglomération,Hors intersection,Normale,Sans collision,,,,,,,,,,,1,2,1,1,7
201500033420,0015-06-11 23:00:00,15,6,11,23,0,760,351,"néant, LOUIS SIEFRIDT",49.51064,0.10242,Nuit avec éclairage allumé,En agglomération,Intersection en X,Pluie légère,Deux véhicules - côté,,,,,,,,,,,5,2,2,2,3
201500033421,0015-06-14 14:02:00,15,6,14,14,2,760,351,R GENERAL ROUELLE,49.50307,0.1308,Plein jour,En agglomération,Hors intersection,Normale,Sans collision,,,,,,,,,,,1,2,1,1,7
201500033422,0015-06-12 18:22:00,15,6,12,18,22,760,351,R JEROME BELLARMATO,49.48965,0.11488,Plein jour,En agglomération,Intersection en T,Pluie légère,Deux véhicules - côté,,,,,,,,,,,1,2,3,2,3
201500033423,0015-06-13 17:45:00,15,6,13,17,45,760,351,"133, R DE VERDUN",49.50208,0.15767,Plein jour,En agglomération,Intersection en T,Normale,Deux véhicules - côté,,,,,,,,,,,1,2,3,1,3
201500033424,0015-06-11 16:25:00,15,6,11,16,25,760,351,"236, R LOUIS LUMIERE",49.52416,0.12285,Plein jour,En agglomération,Intersection en X,Normale,Deux véhicules - côté,,,,,,,,,,,1,2,2,1,3
201500033425,0015-06-12 11:36:00,15,6,12,11,36,760,305,PONT VII (BIS),49.49814,0.19666,Plein jour,Hors agglomération,Hors intersection,Normale,Deux véhicules - arrière,,,,,,,,,,,1,1,1,1,2
201500033426,0015-06-24 14:40:00,15,6,24,14,40,760,351,"24, PARVIS SAINT MICHEL",49.49656,0.10952,Plein jour,En agglomération,Hors intersection,Normale,Trois véhicules et plus - collisions multiples,,,,,,,,,,,1,2,1,1,5
201500033427,0015-06-23 20:00:00,15,6,23,20,0,760,351,AV DU MONT GAILLARD,49.52292,0.11061,Plein jour,Hors agglomération,Hors intersection,Normale,Deux véhicules - arrière,,,,,,,,,,,1,1,1,1,2
201500033428,0015-06-25 08:30:00,15,6,25,8,30,760,447,"25, R PABLO PICASSO",49.55108,0.17035,Plein jour,Hors agglomération,Hors intersection,Normale,Deux véhicules - côté,,,,,,,,,,,1,1,1,1,3
201500033429,0015-01-16 07:45:00,15,1,16,7,45,760,270,"22, AV JEAN JAURES",49.53433,0.14636,Nuit avec éclairage allumé,En agglomération,Intersection en T,Normale,Autre collision,,,,,,,,,,,5,2,3,1,6
201500033430,0015-06-25 19:10:00,15,6,25,19,10,760,351,R DOCTEUR LAMAZE,49.50127,0.17247,Plein jour,En agglomération,Intersection en X,Normale,Deux véhicules - côté,,,,,,,,,,,1,2,2,1,3
201500033431,0015-06-25 19:50:00,15,6,25,19,50,760,351,"63, R GUSTAVE BRINDEAU",49.4913,0.14057,Plein jour,En agglomération,Hors intersection,Normale,Autre collision,,,,,,,,,,,1,2,1,1,6