accident_id,datetime,annee,mois,jour,heure,minute,departement,commune_insee,adresse,latitude,longitude,luminosite,agglomeration,intersection,meteo,collision,nb_vehicules,nb_usagers,nb_indemnes,nb_tues,nb_blesses_hosp,nb_blesses_legers,age_cond_1,age_cond_2,veh_type_cond_1,veh_type_cond_2,lum_code,agg_code,int_code,atm_code,col_code
201500033557,0015-12-08 13:15:00,15,12,8,13,15,760,351,"47, R DEMIDOFF",49.49737,0.13122,Plein jour,En agglomération,Intersection en X,Pluie légère,Autre collision,,,,,,,,,,,1,2,2,2,6
201500033558,0015-12-10 01:35:00,15,12,10,1,35,760,552,"12, BD PRESIDENT FELIX F",49.50541,0.0788,Nuit avec éclairage allumé,En agglomération,Hors intersection,Normale,Sans collision,,,,,,,,,,,5,2,1,1,7
201500033559,0015-12-08 12:15:00,15,12,8,12,15,760,351,CRS LAFAYETTE,49.4919,0.12497,Plein jour,En agglomération,Hors intersection,Pluie légère,Autre collision,,,,,,,,,,,1,2,1,2,6
201500033560,0015-12-08 16:50:00,15,12,8,16,50,760,351,"403, R DE VERDUN",49.50234,0.17697,Plein jour,En agglomération,Hors intersection,Normale,Autre collision,,,,,,,,,,,1,2,1,1,6
201500033561,0015-12-09 15:15:00,15,12,9,15,15,760,351,"4, R MARCONI",49.52192,0.11898,Plein jour,En agglomération,Giratoire,Normale,Autre collision,,,,,,,,,,,1,2,6,1,6
201500033562,0015-12-08 18:35:00,15,12,8,18,35,760,447,AV PIERRE MENDES FRANCE,49.5318,0.18031,Nuit avec éclairage allumé,En agglomération,Hors intersection,Normale,Autre collision,,,,,,,,,,,5,2,1,1,6
201500033563,0015-02-06 20:30:00,15,2,6,20,30,760,351,"58, R ROGER SALENGRO",49.50746,0.11196,Nuit avec éclairage allumé,En agglomération,Hors intersection,Normale,Deux véhicules - frontale,,,,,,,,,,,5,2,1,1,1
201500033564,0015-12-12 17:56:00,15,12,12,17,56,760,351,AV DU HUIT MAI 1945,49.51553,0.17256,Nuit avec éclairage allumé,En agglomération,Intersection en T,Normale,Deux véhicules - côté,,,,,,,,,,,5,2,3,1,3
201500033565,0015-12-14 12:35:00,15,12,14,12,35,760,351,"502, R DE VERDUN",49.50223,0.18477,Plein jour,En agglomération,Intersection en T,Normale,Deux véhicules - côté,,,,,,,,,,,1,2,3,1,3
201500033566,0015-12-14 08:20:00,15,12,14,8,20,760,351,"48, R MARECHAL JOFFRE",49.49915,0.12071,Plein jour,En agglomération,Hors intersection,Normale,Autre collision,,,,,,,,,,,1,2,1,1,6
201500033567,0015-12-13 22:20:00,15,12,13,22,20,760,351,AV D APLEMONT,49.50393,0.17878,Nuit avec éclairage allumé,En agglomération,Hors intersection,Normale,Autre collision,,,,,,,,,,,5,2,1,1,6
201500033568,0015-12-12 02:15:00,15,12,12,2,15,760,270,,49.55279,0.14097,Nuit sans éclairage public,Hors agglomération,Hors intersection,Pluie forte,Autre collision,,,,,,,,,,,3,1,1,3,6
201500033569,0015-12-11 19:20:00,15,12,11,19,20,760,305,RTE DES  MARAIS,49.48616,0.20639,Nuit avec éclairage allumé,Hors agglomération,Hors intersection,Normale,Deux véhicules - frontale,,,,,,,,,,,5,1,1,1,1
201500033570,0015-12-15 19:00:00,15,12,15,19,0,760,351,CRS LAFAYETTE,49.49203,0.12403,Nuit avec éclairage allumé,En agglomération,Intersection en X,Pluie forte,Autre collision,,,,,,,,,,,5,2,2,3,6
201500033571,0015-12-15 07:15:00,15,12,15,7,15,760,305,,49.49887,0.21306,Nuit avec éclairage allumé,Hors agglomération,Hors intersection,Pluie légère,Deux véhicules - côté,,,,,,,,,,,5,1,1,2,3
201500033572,0015-12-11 22:20:00,15,12,11,22,20,760,481,,49.5312,0.108,Nuit avec éclairage allumé,Hors agglomération,Giratoire,Pluie légère,Deux véhicules - côté,,,,,,,,,,,5,1,6,2,3
201500033573,0015-12-13 04:30:00,15,12,13,4,30,760,351,"110, R IRENE JOLIOT CURI",49.51059,0.10255,Nuit avec éclairage allumé,En agglomération,Intersection en X,Normale,Deux véhicules - côté,,,,,,,,,,,5,2,2,1,3
201500033574,0015-02-08 14:45:00,15,2,8,14,45,760,447,"110, AV PIERRE MENDES FR",49.53271,0.17991,Plein jour,Hors agglomération,Hors intersection,Normale,Deux véhicules - frontale,,,,,,,,,,,1,1,1,1,1
201500033575,0015-12-17 18:00:00,15,12,17,18,0,760,351,"177, R FLORIMOND LAURENT",49.52021,0.11995,Nuit avec éclairage allumé,Hors agglomération,Hors intersection,Pluie légère,Deux véhicules - frontale,,,,,,,,,,,5,1,1,2,1
201500033576,0015-12-19 14:00:00,15,12,19,14,0,760,351,"1, R JULES VERNE",49.50723,0.12849,Plein jour,En agglomération,Giratoire,Normale,Autre collision,,,,,,,,,,,1,2,6,1,6
201500033577,0015-02-08 20:10:00,15,2,8,20,10,760,351,"2, R RODIN",49.5143,0.10861,Nuit avec éclairage allumé,En agglomération,Intersection en X,Normale,Deux véhicules - côté,,,,,,,,,,,5,2,2,1,3
201500033578,0015-12-19 13:10:00,15,12,19,13,10,760,351,,49.49888,0.21154,Plein jour,Hors agglomération,Hors intersection,Normale,Deux véhicules - frontale,,,,,,,,,,,1,1,1,1,1
201500033579,0015-12-19 15:30:00,15,12,19,15,30,760,305,RTE INDUSTRIELLE,49.48772,0.20115,Plein jour,Hors agglomération,Passage à niveau,Normale,Autre collision,,,,,,,,,,,1,1,8,1,6
201500033580,0015-12-19 13:35:00,15,12,19,13,35,760,305,PONT VII (BIS),49.49805,0.19666,Plein jour,Hors agglomération,Intersection en Y,Normale,Deux véhicules - côté,,,,,,,,,,,1,1,4,1,3
201500033581,0015-12-15 07:50:00,15,12,15,7,50,760,351,R ARMAND BARBES,49.5013,0.15001,Nuit avec éclairage allumé,En agglomération,Intersection en X,Pluie légère,Autre collision,,,,,,,,,,,5,2,2,2,6
201500033582,0015-11-27 06:55:00,15,11,27,6,55,760,351,"13, R SALVADOR ALLENDE",49.50441,0.13662,Crépuscule ou aube,En agglomération,Hors intersection,Normale,Deux véhicules - côté,,,,,,,,,,,2,2,1,1,3
201500033583,0015-12-18 18:45:00,15,12,18,18,45,760,341,R PAUL DOUMER,49.51471,0.19636,Nuit avec éclairage allumé,En agglomération,Intersection en X,Normale,Deux véhicules - côté,,,,,,,,,,,5,2,2,1,3
201500033584,0015-12-26 00:45:00,15,12,26,0,45,760,351,"316, R ARISTIDE BRIAND",49.50054,0.13921,Nuit avec éclairage allumé,En agglomération,Intersection en X,Normale,Deux véhicules - côté,,,,,,,,,,,5,2,2,1,3
201500033585,0015-12-27 15:00:00,15,12,27,15,0,760,351,"177, AV JEAN JAURES",49.50063,0.161,Plein jour,En agglomération,Hors intersection,Normale,Autre collision,,,,,,,,,,,1,2,1,1,6
201500033586,0015-02-10 09:56:00,15,2,10,9,56,760,351,"71, R DE L ARTOIS",49.5126,0.12464,Plein jour,En agglomération,Intersection en T,Normale,Deux véhicules - côté,,,,,,,,,,,1,2,3,1,3
201500033587,0015-12-29 18:28:00,15,12,29,18,28,760,351,"16, R LOUIS BLANC",49.50727,0.12622,Nuit avec éclairage allumé,En agglomération,Intersection en X,Normale,Trois véhicules et plus - collisions multiples,,,,,,,,,,,5,2,2,1,5
201500033588,0015-12-24 18:15:00,15,12,24,18,15,760,351,"109, R ROGER SALENGRO",49.50614,0.11422,Nuit avec éclairage allumé,En agglomération,Intersection en X,Normale,Deux véhicules - côté,,,,,,,,,,,5,2,2,1,3
201500033589,0015-02-12 14:40:00,15,2,12,14,40,760,305,,49.49954,0.19796,Plein jour,Hors agglomération,Hors intersection,Normale,Deux véhicules - frontale,,,,,,,,,,,1,1,1,1,1
201500033590,0015-02-12 23:40:00,15,2,12,23,40,760,351,"3, R FRANKLIN",49.49376,0.11772,Nuit avec éclairage allumé,En agglomération,Intersection en X,Normale,Deux véhicules - côté,,,,,,,,,,,5,2,2,1,3
201500033591,0015-02-13 18:00:00,15,2,13,18,0,760,552,"50, R DU GENERAL DE GAUL",49.50524,0.0874,Nuit avec éclairage allumé,En agglomération,Hors intersection,Pluie légère,Deux véhicules - frontale,,,,,,,,,,,5,2,1,2,1
201500033592,0015-02-13 18:50:00,15,2,13,18,50,760,351,"87, AV RENE COTY",49.49794,0.11539,Nuit avec éclairage allumé,En agglomération,Intersection en T,Normale,Deux véhicules - côté,,,,,,,,,,,5,2,3,1,3
201500033593,0015-02-14 11:15:00,15,2,14,11,15,760,351,"17, R DES CHANTIERS",49.47891,0.15591,Plein jour,En agglomération,Hors intersection,Normale,Autre collision,,,,,,,,,,,1,2,1,1,6
201500033594,0015-02-16 15:10:00,15,2,16,15,10,760,322,AV LEON BLUM,49.40575,1.05354,Plein jour,En agglomération,Intersection en X,Normale,Sans collision,,,,,,,,,,,1,2,2,1,7
201500033595,0015-12-26 09:50:00,15,12,26,9,50,760,575,R DU DOCTEUR GALLOUEN,49.39743,1.08096,Plein jour,En agglomération,Giratoire,Normale,Deux véhicules - côté,,,,,,,,,,,1,2,6,1,3
201500033596,0015-02-22 15:25:00,15,2,22,15,25,760,498,BD DU 11 NOVEMBRE,49.42286,1.06724,Plein jour,Hors agglomération,Intersection en X,Normale,Deux véhicules - côté,,,,,,,,,,,1,1,2,1,3
201500033597,0015-12-25 01:45:00,15,12,25,1,45,760,681,"28, R DE TRIANON",49.41737,1.08102,Nuit avec éclairage allumé,En agglomération,Hors intersection,Normale,Deux véhicules - frontale,,,,,,,,,,,5,2,1,1,1
201500033598,0015-03-06 10:00:00,15,3,6,10,0,760,681,"23, R DE L INDUSTRIE",49.42295,1.08733,Plein jour,En agglomération,Intersection en X,Normale,Deux véhicules - côté,,,,,,,,,,,1,2,2,1,3
201500033599,0015-12-27 06:00:00,15,12,27,6,0,760,540,RTE DE DARNETAL,49.43972,1.1319,Nuit avec éclairage allumé,En agglomération,Giratoire,Normale,Autre collision,,,,,,,,,,,5,2,6,1,6
201500033600,0015-02-21 16:40:00,15,2,21,16,40,760,540,"17, R JEANNE D'ARC",49.44095,1.0899,Plein jour,En agglomération,Intersection en X,Normale,Deux véhicules - côté,,,,,,,,,,,1,2,2,1,3
201500033601,0015-10-28 16:20:00,15,10,28,16,20,760,366,RTE DE SAINT JEAN,49.51172,1.0275,Plein jour,Hors agglomération,Hors intersection,Normale,Deux véhicules - côté,,,,,,,,,,,1,1,1,1,3
201500033602,0015-02-26 19:40:00,15,2,26,19,40,760,540,BD DE LA MARNE,49.44699,1.09237,Plein jour,Hors agglomération,Intersection en X,Pluie légère,Autre collision,,,,,,,,,,,1,1,2,2,6
201500033603,0015-11-30 08:00:00,15,11,30,8,0,760,540,"01, HAVRE. ROUTE DU",49.45237,1.0567,Plein jour,En agglomération,Hors intersection,Normale,Deux véhicules - côté,,,,,,,,,,,1,2,1,1,3
201500033604,0015-02-28 20:15:00,15,2,28,20,15,760,322,AV RENE COTY,49.40547,1.05338,Nuit avec éclairage allumé,En agglomération,Intersection en X,Normale,Deux véhicules - côté,,,,,,,,,,,5,2,2,1,3
201500033605,0015-03-07 15:15:00,15,3,7,15,15,760,575,"6, R SIMONE SIGNORET",49.39788,1.07018,Plein jour,En agglomération,Hors intersection,Normale,Autre collision,,,,,,,,,,,1,2,1,1,6
201500033606,0015-02-16 16:30:00,15,2,16,16,30,760,540,"58, RTE DE BONSECOURS",49.43292,1.10797,Plein jour,En agglomération,Intersection en Y,Normale,Autre collision,,,,,,,,,,,1,2,4,1,6
201500033607,0015-12-18 14:00:00,15,12,18,14,0,760,231,"43, CRS CARNOT",49.28703,1.01309,Plein jour,En agglomération,Hors intersection,Normale,Deux véhicules - côté,,,,,,,,,,,1,2,1,1,3
201500033608,0015-12-16 08:20:00,15,12,16,8,20,760,157,COTE DE CANTELEU,49.44418,1.04028,Nuit avec éclairage allumé,Hors agglomération,Hors intersection,Pluie légère,Deux véhicules - frontale,,,,,,,,,,,5,1,1,2,1
201500033609,0015-03-16 19:05:00,15,3,16,19,5,760,540,"42, RTE DE NEUFCHATEL",49.45105,1.09857,Plein jour,En agglomération,Intersection en X,Normale,Deux véhicules - côté,,,,,,,,,,,1,2,2,1,3
201500033610,0015-03-14 05:15:00,15,3,14,5,15,760,540,"87, AV DE CAEN",49.42828,1.07054,Nuit avec éclairage allumé,En agglomération,Intersection à plus de 4 branches,Normale,Autre collision,,,,,,,,,,,5,2,5,1,6
201500033611,0015-03-18 15:45:00,15,3,18,15,45,760,451,AV DU BOIS DES DAMES,49.47514,1.07803,Plein jour,Hors agglomération,Hors intersection,Normale,Autre collision,,,,,,,,,,,1,1,1,1,6
201500033612,0015-03-20 07:05:00,15,3,20,7,5,760,540,"92, R SAINT JULIEN",49.42769,1.07939,Plein jour,En agglomération,Hors intersection,Normale,Autre collision,,,,,,,,,,,1,2,1,1,6
201500033613,0015-03-22 10:10:00,15,3,22,10,10,760,575,PERI SAINT JUST,49.39365,1.0701,Plein jour,En agglomération,Intersection en T,Normale,Autre collision,,,,,,,,,,,1,2,3,1,6
201500033614,0015-12-18 20:00:00,15,12,18,20,0,760,231,PL DU CHAMP DE FOIRE,49.29023,1.01284,Plein jour,Hors agglomération,Hors intersection,Normale,Autre collision,,,,,,,,,,,1,1,1,1,6
201500033615,0015-02-27 16:15:00,15,2,27,16,15,760,457,"342, R DU LIEUTENANT JAC",49.34236,0.96853,Plein jour,En agglomération,Intersection en Y,Normale,Deux véhicules - frontale,,,,,,,,,,,1,2,4,1,1
201500033616,0015-12-03 19:40:00,15,12,3,19,40,760,540,AV DE LA PORTE DES CHAMP,49.44307,1.1045,Nuit avec éclairage allumé,En agglomération,Intersection en X,Normale,Deux véhicules - côté,,,,,,,,,,,5,2,2,1,3
201500033617,0015-03-22 19:00:00,15,3,22,19,0,760,216,"12, R ROBERT SCHUMAN",49.47053,1.04552,Plein jour,En agglomération,Intersection en T,Normale,Deux véhicules - frontale,,,,,,,,,,,1,2,3,1,1
201500033618,0015-03-18 17:40:00,15,3,18,17,40,760,540,"26, R D ANVERS",49.45028,1.08689,Plein jour,En agglomération,Hors intersection,Normale,Autre collision,,,,,,,,,,,1,2,1,1,6
201500033619,0015-03-17 12:05:00,15,3,17,12,5,760,451,R EDENBRIDGE,49.45733,1.08104,Plein jour,En agglomération,Intersection en T,Normale,Autre collision,,,,,,,,,,,1,2,3,1,6
201500033620,0015-02-21 04:40:00,15,2,21,4,40,760,540,,49.44889,1.06166,Plein jour,Hors agglomération,Hors intersection,Normale,Autre collision,,,,,,,,,,,1,1,1,1,6
201500033621,0015-03-23 07:50:00,15,3,23,7,50,760,575,,49.36759,1.10172,Plein jour,Hors agglomération,Hors intersection,Normale,Deux véhicules - côté,,,,,,,,,,,1,1,1,1,3
201500033622,0015-03-28 14:45:00,15,3,28,14,45,760,540,"40, R LOUIS RICARD",49.44615,1.10015,Plein jour,En agglomération,Intersection en X,Normale,Deux véhicules - côté,,,,,,,,,,,1,2,2,1,3
201500033623,0015-03-02 23:45:00,15,3,2,23,45,760,681,"457, R DE PARIS",49.41261,1.09885,Nuit avec éclairage allumé,En agglomération,Hors intersection,Temps couvert,Autre collision,,,,,,,,,,,5,2,1,8,6
201500033624,0015-04-08 07:03:00,15,4,8,7,3,760,540,QU CAVELIER DE LA SALLE.,49.43894,1.08022,Plein jour,En agglomération,Intersection en X,Normale,Deux véhicules - côté,,,,,,,,,,,1,2,2,1,3
201500033625,0015-04-08 17:40:00,15,4,8,17,40,760,540,"117, RTE DU HAVRE",49.45278,1.05661,Plein jour,En agglomération,Intersection en X,Normale,Deux véhicules - côté,,,,,,,,,,,1,2,2,1,3
201500033626,0015-04-03 12:40:00,15,4,3,12,40,760,540,PONT MATHILDE,49.43169,1.10325,Plein jour,Hors agglomération,Hors intersection,Normale,Trois véhicules et plus - en chaîne,,,,,,,,,,,1,1,1,1,4
201500033627,0015-04-10 18:10:00,15,4,10,18,10,760,497,"1201, R ARISTIDE BRIAND",49.38799,1.02278,Plein jour,En agglomération,Intersection en X,Normale,Autre collision,,,,,,,,,,,1,2,2,1,6
201500033628,0015-04-13 14:45:00,15,4,13,14,45,760,681,BD INDUSTRIEL,49.41673,1.10775,Plein jour,Hors agglomération,Hors intersection,Normale,Deux véhicules - frontale,,,,,,,,,,,1,1,1,1,1
201500033629,0015-04-02 15:35:00,15,4,2,15,35,760,540,AV DE BRETAGNE,49.43405,1.08584,Plein jour,En agglomération,Intersection en T,Pluie légère,Deux véhicules - arrière,,,,,,,,,,,1,2,3,2,2
201500033630,0015-04-12 11:20:00,15,4,12,11,20,760,681,"53, AV JEAN JAURES",49.41255,1.088,Plein jour,En agglomération,Hors intersection,Normale,Deux véhicules - arrière,,,,,,,,,,,1,2,1,1,2
201500033631,0015-03-15 21:30:00,15,3,15,21,30,760,157,RTE DE QUEVILLON,49.4333,0.98838,Nuit sans éclairage public,Hors agglomération,Intersection en Y,Autre,Autre collision,,,,,,,,,,,3,1,4,9,6
201500033632,0015-03-25 18:40:00,15,3,25,18,40,760,474,"145, RTE DE DIEPPE",49.49047,1.04917,Plein jour,Hors agglomération,Hors intersection,Normale,Deux véhicules - côté,,,,,,,,,,,1,1,1,1,3
201500033633,0015-04-19 03:30:00,15,4,19,3,30,760,540,"61, BD DE L EUROPE",49.42594,1.08711,Nuit avec éclairage allumé,En agglomération,Giratoire,Normale,Deux véhicules - arrière,,,,,,,,,,,5,2,6,1,2
201500033634,0015-04-17 10:45:00,15,4,17,10,45,760,319,"3, R HELENE BOUCHER",49.34772,1.02157,Plein jour,Hors agglomération,Hors intersection,Normale,Deux véhicules - côté,,,,,,,,,,,1,1,1,1,3
201500033635,0015-04-18 15:30:00,15,4,18,15,30,760,681,BD INDUSTRIEL,49.4168,1.10783,Plein jour,En agglomération,Intersection en X,Normale,Deux véhicules - arrière,,,,,,,,,,,1,2,2,1,2
201500033636,0015-04-24 16:00:00,15,4,24,16,0,760,540,QU JEAN MOULIN,49.43633,1.08886,Plein jour,En agglomération,Hors intersection,Normale,Deux véhicules - côté,,,,,,,,,,,1,2,1,1,3
201500033637,0015-04-18 00:01:00,15,4,18,0,1,760,540,R DE BAMMEVILLE,49.43011,1.09066,Nuit avec éclairage allumé,En agglomération,Intersection en X,Normale,Deux véhicules - frontale,,,,,,,,,,,5,2,2,1,1
201500033638,0015-03-29 12:00:00,15,3,29,12,0,760,540,BD DE L EUROPE,49.42794,1.09333,Plein jour,En agglomération,Intersection en X,Pluie légère,Deux véhicules - côté,,,,,,,,,,,1,2,2,2,3
201500033639,0015-04-19 07:20:00,15,4,19,7,20,760,681,AV JEAN JAURES,49.40949,1.08372,Plein jour,En agglomération,Intersection en X,Normale,Deux véhicules - côté,,,,,,,,,,,1,2,2,1,3
201500033640,0015-04-18 05:40:00,15,4,18,5,40,760,391,,49.34301,0.93636,Plein jour,Hors agglomération,Hors intersection,Normale,Sans collision,,,,,,,,,,,1,1,1,1,7
201500033641,0015-04-24 14:30:00,15,4,24,14,30,760,540,"97, CRS CLEMENCEAU",49.43475,1.08811,Plein jour,En agglomération,Intersection en T,Normale,Deux véhicules - côté,,,,,,,,,,,1,2,3,1,3
201500033642,0015-05-07 21:55:00,15,5,7,21,55,760,212,"26, R THIERS",49.43805,1.14347,Nuit avec éclairage allumé,En agglomération,Intersection en Y,Normale,Autre collision,,,,,,,,,,,5,2,4,1,6
201500033643,0015-04-18 09:10:00,15,4,18,9,10,760,474,R DES LONGS VALLONS.,49.49146,1.0635,Plein jour,Hors agglomération,Hors intersection,Normale,Deux véhicules - côté,,,,,,,,,,,1,1,1,1,3
201500033644,0015-04-29 07:55:00,15,4,29,7,55,760,319,"166, AV JEAN LAGARRIGUE",49.34178,1.01666,Plein jour,Hors agglomération,Hors intersection,Normale,Deux véhicules - côté,,,,,,,,,,,1,1,1,1,3
201500033645,0015-05-09 22:40:00,15,5,9,22,40,760,540,RAMPE GUILLAUME LE CONQU,49.44116,1.08147,Plein jour,En agglomération,Hors intersection,Normale,Sans collision,,,,,,,,,,,1,2,1,1,7
201500033646,0015-04-01 02:20:00,15,4,1,2,20,760,451,AV DU BOIS DES DAMES,49.47391,1.07606,Nuit sans éclairage public,En agglomération,Hors intersection,Temps couvert,Autre collision,,,,,,,,,,,3,2,1,8,6
201500033647,0015-04-04 09:17:00,15,4,4,9,17,760,540,AV DU MONT RIBOUDET,49.44833,1.06666,Plein jour,En agglomération,Intersection en X,Normale,Deux véhicules - arrière,,,,,,,,,,,1,2,2,1,2
201500033648,0015-03-31 08:30:00,15,3,31,8,30,760,540,"70, RTE DE NEUFCHATEL",49.45294,1.09882,Plein jour,En agglomération,Hors intersection,Normale,Deux véhicules - frontale,,,,,,,,,,,1,2,1,1,1
201500033649,0015-05-11 15:00:00,15,5,11,15,0,760,540,QU DE PARIS,49.43647,1.09897,Plein jour,En agglomération,Hors intersection,Normale,Trois véhicules et plus - en chaîne,,,,,,,,,,,1,2,1,1,4
201500033650,0015-05-19 10:30:00,15,5,19,10,30,760,322,"1, R EDWIN ALDRIN",49.41438,1.0509,Plein jour,En agglomération,Intersection en T,Normale,Deux véhicules - côté,,,,,,,,,,,1,2,3,1,3
201500033651,0015-05-03 14:00:00,15,5,3,14,0,760,575,"33, AV DES CANADIENS",49.39936,1.06336,Plein jour,Hors agglomération,Hors intersection,Normale,Deux véhicules - arrière,,,,,,,,,,,1,1,1,1,2
201500033652,0015-05-15 17:10:00,15,5,15,17,10,760,540,"117, RTE DU HAVRE",49.45277,1.05663,Plein jour,En agglomération,Intersection en X,Normale,Deux véhicules - frontale,,,,,,,,,,,1,2,2,1,1
201500033653,0015-05-21 11:05:00,15,5,21,11,5,760,484,RTE DES ESSARTS,49.34569,1.07721,Plein jour,Hors agglomération,Giratoire,Normale,Deux véhicules - côté,,,,,,,,,,,1,1,6,1,3
201500033654,0015-04-09 08:29:00,15,4,9,8,29,760,681,"114, R PIERRE CORNEILLE",49.42035,1.09372,Plein jour,En agglomération,Intersection en T,Normale,Autre collision,,,,,,,,,,,1,2,3,1,6
201500033655,0015-04-22 19:20:00,15,4,22,19,20,760,540,RPT DES HARKIS,49.43047,1.07905,Plein jour,En agglomération,Giratoire,Normale,Deux véhicules - côté,,,,,,,,,,,1,2,6,1,3
201500033656,0015-05-23 10:20:00,15,5,23,10,20,760,540,"7, R GUILLAUME LE CONQUE",49.44311,1.09025,Plein jour,En agglomération,Hors intersection,Normale,Autre collision,,,,,,,,,,,1,2,1,1,6
201500033657,0015-05-26 17:00:00,15,5,26,17,0,760,319,R VICTOR HUGO,49.35541,1.00797,Plein jour,En agglomération,Hors intersection,Normale,Autre collision,,,,,,,,,,,1,2,1,1,6
201500033658,0015-04-13 18:50:00,15,4,13,18,50,760,540,BD FERDINAND DE LESSEPS,49.44486,1.06786,Plein jour,En agglomération,Intersection en T,Normale,Deux véhicules - arrière,,,,,,,,,,,1,2,3,1,2
201500033659,0015-05-29 11:00:00,15,5,29,11,0,760,575,BD LENINE,49.39386,1.11166,Plein jour,Hors agglomération,Intersection en T,Normale,Deux véhicules - arrière,,,,,,,,,,,1,1,3,1,2
201500033660,0015-05-19 17:10:00,15,5,19,17,10,760,575,"21, AV AMBROISE CROIZAT",49.37544,1.10266,Plein jour,En agglomération,Giratoire,Normale,Deux véhicules - frontale,,,,,,,,,,,1,2,6,1,1
201500033661,0015-05-22 17:30:00,15,5,22,17,30,760,157,A150,49.46285,1.04048,Plein jour,Hors agglomération,Hors intersection,Normale,Deux véhicules - arrière,,,,,,,,,,,1,1,1,1,2
201500033662,0015-05-17 11:09:00,15,5,17,11,9,760,540,AV DU GRAND COURS,49.42815,1.10246,Plein jour,En agglomération,Hors intersection,Normale,Autre collision,,,,,,,,,,,1,2,1,1,6
201500033663,0015-05-21 17:10:00,15,5,21,17,10,760,108,"3980, RTE  DE NEUFCHATEL",49.47496,1.12544,Plein jour,En agglomération,Intersection en T,Normale,Autre collision,,,,,,,,,,,1,2,3,1,6
201500033664,0015-05-29 23:46:00,15,5,29,23,46,760,498,AV JACQUES PREVERT,49.42858,1.06259,Nuit avec éclairage allumé,En agglomération,Intersection en X,Pluie légère,Deux véhicules - côté,,,,,,,,,,,5,2,2,2,3
201500033665,0015-06-02 15:45:00,15,6,2,15,45,760,410,"114, R DES MARTYRS",49.48208,1.04526,Plein jour,En agglomération,Hors intersection,Normale,Autre collision,,,,,,,,,,,1,2,1,1,6
201500033666,0015-06-08 17:00:00,15,6,8,17,0,760,540,"80, QU DU HAVRE",49.44093,1.08268,Plein jour,En agglomération,Intersection en X,Normale,Autre collision,,,,,,,,,,,1,2,2,1,6
201500033667,0015-06-09 22:15:00,15,6,9,22,15,760,540,AV JEAN RONDEAUX.,49.43469,1.07604,Nuit sans éclairage public,En agglomération,Intersection en X,Normale,Deux véhicules - côté,,,,,,,,,,,3,2,2,1,3
201500033668,0015-06-13 18:40:00,15,6,13,18,40,760,498,"57, BD STANISLAS GIRARDI",49.414,1.06465,Plein jour,En agglomération,Intersection en T,Normale,Deux véhicules - côté,,,,,,,,,,,1,2,3,1,3
201500033669,0015-06-16 14:50:00,15,6,16,14,50,760,498,R MARTIAL SPINNEWEBER,49.41941,1.06012,Plein jour,En agglomération,Intersection en X,Normale,Deux véhicules - côté,,,,,,,,,,,1,2,2,1,3
201500033670,0015-06-17 20:20:00,15,6,17,20,20,760,575,"6, BD LENINE",49.39639,1.11172,Plein jour,En agglomération,Hors intersection,Normale,Deux véhicules - côté,,,,,,,,,,,1,2,1,1,3
201500033671,0015-06-20 20:05:00,15,6,20,20,5,760,575,"101, R DE L INDUSTRIE",49.37572,1.11014,Plein jour,En agglomération,Hors intersection,Normale,Autre collision,,,,,,,,,,,1,2,1,1,6
201500033672,0015-06-11 00:10:00,15,6,11,0,10,760,322,,49.41452,1.04414,Nuit avec éclairage allumé,Hors agglomération,Hors intersection,Normale,Sans collision,,,,,,,,,,,5,1,1,1,7
201500033673,0015-06-17 23:50:00,15,6,17,23,50,760,681,"477, R DE PARIS",49.4107,1.09993,Nuit avec éclairage allumé,En agglomération,Hors intersection,Normale,Deux véhicules - arrière,,,,,,,,,,,5,2,1,1,2
201500033674,0015-06-26 14:55:00,15,6,26,14,55,760,429,RTE DE DARNETAL,49.41669,1.14616,Plein jour,Hors agglomération,Intersection en T,Normale,Deux véhicules - côté,,,,,,,,,,,1,1,3,1,3
201500033675,0015-06-30 12:05:00,15,6,30,12,5,760,540,"47 bis, R JEAN LECANUET",49.4446,1.09239,Plein jour,En agglomération,Intersection en X,Normale,Autre collision,,,,,,,,,,,1,2,2,1,6
201500033676,0015-06-29 18:15:00,15,6,29,18,15,760,575,,49.38058,1.06177,Plein jour,En agglomération,Hors intersection,Normale,Deux véhicules - frontale,,,,,,,,,,,1,2,1,1,1
201500033677,0015-06-27 01:00:00,15,6,27,1,0,760,131,COTE DE LA MAISON BRULEE,49.34847,0.93449,Nuit sans éclairage public,Hors agglomération,Intersection en T,Normale,Trois véhicules et plus - collisions multiples,,,,,,,,,,,3,1,3,1,5
201500033678,0015-07-04 17:40:00,15,7,4,17,40,760,540,RPT DE MADAGASCAR,49.43769,1.06675,Plein jour,En agglomération,Giratoire,Normale,Deux véhicules - côté,,,,,,,,,,,1,2,6,1,3
201500033679,0015-06-30 23:15:00,15,6,30,23,15,760,540,"110, R DU MONT GARGAN",49.43603,1.11333,Nuit avec éclairage allumé,En agglomération,Hors intersection,Normale,Deux véhicules - arrière,,,,,,,,,,,5,2,1,1,2
201500033680,0015-06-24 18:00:00,15,6,24,18,0,760,540,AV PASTEUR,49.44302,1.07722,Plein jour,En agglomération,Hors intersection,Normale,Deux véhicules - côté,,,,,,,,,,,1,2,1,1,3