accident_id,datetime,annee,mois,jour,heure,minute,departement,commune_insee,adresse,latitude,longitude,luminosite,agglomeration,intersection,meteo,collision,nb_vehicules,nb_usagers,nb_indemnes,nb_tues,nb_blesses_hosp,nb_blesses_legers,age_cond_1,age_cond_2,veh_type_cond_1,veh_type_cond_2,lum_code,agg_code,int_code,atm_code,col_code
201500033681,0015-07-10 18:45:00,15,7,10,18,45,760,540,PONT MATHILDE,49.42996,1.10093,Plein jour,En agglomération,Hors intersection,Normale,Deux véhicules - côté,,,,,,,,,,,1,2,1,1,3
201500033682,0015-07-02 16:30:00,15,7,2,16,30,760,319,CH DE L ETOILE,49.33477,1.00411,Plein jour,Hors agglomération,Hors intersection,Normale,Autre collision,,,,,,,,,,,1,1,1,1,6
201500033683,0015-07-13 22:15:00,15,7,13,22,15,760,575,"1, CANADIENS. AVENUE DES",49.40517,1.06765,Plein jour,En agglomération,Intersection en T,Normale,Deux véhicules - frontale,,,,,,,,,,,1,2,3,1,1
201500033684,0015-07-15 15:35:00,15,7,15,15,35,760,681,"317, R HYACINTHE MENAGE",49.4084,1.09534,Plein jour,En agglomération,Intersection en X,Normale,Deux véhicules - côté,,,,,,,,,,,1,2,2,1,3
201500033685,0015-07-17 17:00:00,15,7,17,17,0,760,410,,49.47417,1.02547,Plein jour,Hors agglomération,Hors intersection,Normale,Autre collision,,,,,,,,,,,1,1,1,1,6
201500033686,0015-07-17 06:56:00,15,7,17,6,56,760,540,"46, R BOUVREUIL",49.44562,1.0947,Plein jour,En agglomération,Intersection en X,Normale,Deux véhicules - côté,,,,,,,,,,,1,2,2,1,3
201500033687,0015-07-20 20:40:00,15,7,20,20,40,760,484,"7, RTE DES ESSARTS",49.34362,1.08896,Plein jour,En agglomération,Hors intersection,Normale,Autre collision,,,,,,,,,,,1,2,1,1,6
201500033688,0015-07-20 19:10:00,15,7,20,19,10,760,402,"328, RTE DE DIEPPE",49.52548,1.0422,Plein jour,En agglomération,Hors intersection,Normale,Deux véhicules - arrière,,,,,,,,,,,1,2,1,1,2
201500033689,0015-07-20 12:20:00,15,7,20,12,20,760,157,COTE DE CANTELEU,49.44158,1.03238,Plein jour,En agglomération,Hors intersection,Normale,Deux véhicules - côté,,,,,,,,,,,1,2,1,1,3
201500033690,0015-05-03 01:05:00,15,5,3,1,5,760,231,"17, R POUSSIN",49.28401,1.00701,Nuit avec éclairage allumé,En agglomération,Intersection en X,Pluie légère,Autre collision,,,,,,,,,,,5,2,2,2,6
201500033691,0015-05-17 10:00:00,15,5,17,10,0,760,231,RTE DU NEUBOURG,49.27711,0.99973,Plein jour,En agglomération,Hors intersection,Normale,Autre collision,,,,,,,,,,,1,2,1,1,6
201500033692,0015-05-13 17:40:00,15,5,13,17,40,760,165,"770, R DE LA COMMUNE 187",49.27631,1.01904,Plein jour,En agglomération,Hors intersection,Normale,Autre collision,,,,,,,,,,,1,2,1,1,6
201500033693,0015-07-28 16:10:00,15,7,28,16,10,760,575,"33, BD LENINE",49.37134,1.11551,Plein jour,Hors agglomération,Hors intersection,Normale,Trois véhicules et plus - en chaîne,,,,,,,,,,,1,1,1,1,4
201500033694,0015-07-10 01:00:00,15,7,10,1,0,760,540,"3, R JACQUES VILLON",49.44458,1.09528,Nuit avec éclairage allumé,En agglomération,Hors intersection,Normale,Sans collision,,,,,,,,,,,5,2,1,1,7
201500033695,0015-07-18 08:58:00,15,7,18,8,58,760,540,R D AMIENS,49.43941,1.10539,Plein jour,En agglomération,Intersection en X,Normale,Deux véhicules - côté,,,,,,,,,,,1,2,2,1,3
201500033696,0015-07-20 15:35:00,15,7,20,15,35,760,497,CH DU PASSAGE D'EAU,49.38482,1.01277,Plein jour,En agglomération,Hors intersection,Normale,Autre collision,,,,,,,,,,,1,2,1,1,6
201500033697,0015-07-29 19:00:00,15,7,29,19,0,760,95,AV DES HAUTS GRIGNEUX.,49.46697,1.13466,Plein jour,Hors agglomération,Giratoire,Normale,Autre collision,,,,,,,,,,,1,1,6,1,6
201500033698,0015-07-22 10:50:00,15,7,22,10,50,760,575,R DE PARIS,49.39728,1.10309,Plein jour,En agglomération,Intersection en T,Normale,Deux véhicules - côté,,,,,,,,,,,1,2,3,1,3
201500033699,0015-07-23 19:00:00,15,7,23,19,0,760,410,"36, R DE LA REPUBLIQUE",49.47862,1.04281,Plein jour,En agglomération,Hors intersection,Normale,Autre collision,,,,,,,,,,,1,2,1,1,6
201500033700,0015-08-13 08:25:00,15,8,13,8,25,760,212,"82, RTE DE GOURNAY",49.44236,1.16147,Plein jour,En agglomération,Hors intersection,Normale,Autre collision,,,,,,,,,,,1,2,1,1,6
201500033701,0015-08-03 10:45:00,15,8,3,10,45,760,561,"55, R DENFERT ROCHEREAU",49.30044,1.01476,Plein jour,En agglomération,Hors intersection,Normale,Autre collision,,,,,,,,,,,1,2,1,1,6
201500033702,0015-07-14 00:43:00,15,7,14,0,43,760,319,R DES ESSARTS,49.34638,1.01427,Nuit sans éclairage public,Hors agglomération,Hors intersection,Normale,Deux véhicules - frontale,,,,,,,,,,,3,1,1,1,1
201500033703,0015-08-04 20:00:00,15,8,4,20,0,760,681,R PIERRE RENAUDEL,49.41069,1.08758,Plein jour,En agglomération,Intersection en X,Normale,Deux véhicules - côté,,,,,,,,,,,1,2,2,1,3
201500033704,0015-08-14 12:30:00,15,8,14,12,30,760,599,R SAINTE MARGUERITE,49.43499,1.14719,Plein jour,En agglomération,Giratoire,Normale,Deux véhicules - arrière,,,,,,,,,,,1,2,6,1,2
201500033705,0015-07-16 19:00:00,15,7,16,19,0,760,681,"1, R GASTON CONTREMOULIN",49.41924,1.098,Plein jour,Hors agglomération,Hors intersection,Normale,Deux véhicules - côté,,,,,,,,,,,1,1,1,1,3
201500033706,0015-08-05 17:40:00,15,8,5,17,40,760,575,"51, AV AMBROISE CROIZAT",49.37125,1.10425,Plein jour,En agglomération,Hors intersection,Normale,Autre collision,,,,,,,,,,,1,2,1,1,6
201500033707,0015-08-17 19:10:00,15,8,17,19,10,760,540,"8, BD FERDINAND DE LESSE",49.44481,1.06779,Plein jour,En agglomération,Hors intersection,Normale,Trois véhicules et plus - collisions multiples,,,,,,,,,,,1,2,1,1,5
201500033708,0015-08-07 10:10:00,15,8,7,10,10,760,474,"109, RTE DE DIEPPE",49.48906,1.04913,Plein jour,En agglomération,Hors intersection,Normale,Deux véhicules - côté,,,,,,,,,,,1,2,1,1,3
201500033709,0015-08-08 03:15:00,15,8,8,3,15,760,410,"48, R DE LA REPUBLIQUE",49.47667,1.04289,Nuit avec éclairage allumé,En agglomération,Hors intersection,Normale,Autre collision,,,,,,,,,,,5,2,1,1,6
201500033710,0015-08-14 10:15:00,15,8,14,10,15,760,540,"34, R DU FARDEAU",49.4401,1.09128,Plein jour,En agglomération,Hors intersection,Normale,Autre collision,,,,,,,,,,,1,2,1,1,6
201500033711,0015-08-07 21:20:00,15,8,7,21,20,760,484,"355, AV D ANDERTEN",49.35136,1.09191,Plein jour,En agglomération,Hors intersection,Normale,Deux véhicules - côté,,,,,,,,,,,1,2,1,1,3
201500033712,0015-08-09 13:30:00,15,8,9,13,30,760,212,"98, RTE DE GOURNAY",49.44293,1.16339,Plein jour,En agglomération,Hors intersection,Normale,Deux véhicules - arrière,,,,,,,,,,,1,2,1,1,2
201500033713,0015-09-06 13:55:00,15,9,6,13,55,760,216,"393, RTE DE DIEPPE",49.47304,1.0491,Plein jour,En agglomération,Intersection en X,Normale,Deux véhicules - côté,,,,,,,,,,,1,2,2,1,3
201500033714,0015-08-09 15:00:00,15,8,9,15,0,760,540,"64, RTE DE NEUFCHATEL",49.45317,1.09832,Plein jour,En agglomération,Hors intersection,Normale,Autre collision,,,,,,,,,,,1,2,1,1,6
201500033715,0015-08-12 17:30:00,15,8,12,17,30,760,5,R FRANCOIS MITTERRAND,49.41275,1.1215,Plein jour,En agglomération,Hors intersection,Normale,Deux véhicules - côté,,,,,,,,,,,1,2,1,1,3
201500033716,0015-08-11 16:45:00,15,8,11,16,45,760,216,"540, RTE DE DIEPPE",49.47621,1.04799,Plein jour,En agglomération,Hors intersection,Normale,Autre collision,,,,,,,,,,,1,2,1,1,6
201500033717,0015-08-05 08:00:00,15,8,5,8,0,760,322,,49.43197,1.0591,Plein jour,Hors agglomération,Hors intersection,Normale,Deux véhicules - côté,,,,,,,,,,,1,1,1,1,3
201500033718,0015-08-09 14:50:00,15,8,9,14,50,760,103,RTE DE PARIS,49.42825,1.11597,Plein jour,En agglomération,Intersection en T,Normale,Deux véhicules - côté,,,,,,,,,,,1,2,3,1,3
201500033719,0015-08-24 17:55:00,15,8,24,17,55,760,497,,49.38925,1.05602,Plein jour,En agglomération,Giratoire,Pluie forte,Deux véhicules - côté,,,,,,,,,,,1,2,6,3,3
201500033720,0015-09-15 16:40:00,15,9,15,16,40,760,95,R DE VERDUN,49.45698,1.1181,Plein jour,En agglomération,Hors intersection,Normale,Autre collision,,,,,,,,,,,1,2,1,1,6
201500033721,0015-09-01 10:20:00,15,9,1,10,20,760,540,QU DU HAVRE,49.43909,1.08854,Plein jour,En agglomération,Intersection en X,Normale,Autre collision,,,,,,,,,,,1,2,2,1,6
201500033722,0015-07-29 13:30:00,15,7,29,13,30,760,108,"464, R DES CANADIENS",49.47014,1.10674,Plein jour,En agglomération,Hors intersection,Normale,Deux véhicules - arrière,,,,,,,,,,,1,2,1,1,2
201500033723,0015-07-10 12:00:00,15,7,10,12,0,760,402,,49.51411,1.00889,Plein jour,Hors agglomération,Hors intersection,Normale,Autre collision,,,,,,,,,,,1,1,1,1,6
201500033724,0015-08-15 02:00:00,15,8,15,2,0,760,540,,49.43732,1.1109,Nuit avec éclairage allumé,Hors agglomération,Hors intersection,Pluie forte,Autre collision,,,,,,,,,,,5,1,1,3,6
201500033725,0015-09-01 08:00:00,15,9,1,8,0,760,540,"117, RTE DU HAVRE",49.45276,1.05662,Plein jour,En agglomération,Intersection en X,Pluie légère,Trois véhicules et plus - collisions multiples,,,,,,,,,,,1,2,2,2,5
201500033726,0015-09-05 06:15:00,15,9,5,6,15,760,212,"36, BD DE LA PAIX",49.4447,1.15495,Nuit avec éclairage allumé,En agglomération,Hors intersection,Normale,Deux véhicules - frontale,,,,,,,,,,,5,2,1,1,1
201500033727,0015-09-05 20:45:00,15,9,5,20,45,760,322,"28, R JEAN RACINE",49.41007,1.05025,Plein jour,En agglomération,Hors intersection,Normale,Sans collision,,,,,,,,,,,1,2,1,1,7
201500033728,0015-09-06 18:00:00,15,9,6,18,0,760,540,QU DE BOISGUILBERT,49.44247,1.07722,Plein jour,En agglomération,Intersection en T,Normale,Deux véhicules - côté,,,,,,,,,,,1,2,3,1,3
201500033729,0015-09-07 08:50:00,15,9,7,8,50,760,410,,49.47112,1.03126,Plein jour,Hors agglomération,Hors intersection,Normale,Deux véhicules - côté,,,,,,,,,,,1,1,1,1,3
201500033730,0015-09-07 13:46:00,15,9,7,13,46,760,484,,49.34401,1.07627,Plein jour,Hors agglomération,Hors intersection,Normale,Deux véhicules - côté,,,,,,,,,,,1,1,1,1,3
201500033731,0015-09-09 16:05:00,15,9,9,16,5,760,540,QU GASTON BOULET,49.44325,1.07724,Plein jour,En agglomération,Intersection en X,Normale,Autre collision,,,,,,,,,,,1,2,2,1,6
201500033732,0015-09-10 15:30:00,15,9,10,15,30,760,157,A150,49.45806,1.04719,Plein jour,Hors agglomération,Hors intersection,Normale,Deux véhicules - arrière,,,,,,,,,,,1,1,1,1,2
201500033733,0015-09-10 10:20:00,15,9,10,10,20,760,599,"4, R SAINTE MARGUERITE",49.43426,1.14909,Plein jour,En agglomération,Intersection en T,Normale,Trois véhicules et plus - en chaîne,,,,,,,,,,,1,2,3,1,4
201500033734,0015-09-14 22:20:00,15,9,14,22,20,760,540,QU GASTON BOULET,49.44111,1.08139,Nuit avec éclairage allumé,En agglomération,Hors intersection,Pluie forte,Trois véhicules et plus - en chaîne,,,,,,,,,,,5,2,1,3,4
201500033735,0015-08-10 15:35:00,15,8,10,15,35,760,705,AV GUSTAVE PICARD,49.32903,1.09855,Plein jour,Hors agglomération,Hors intersection,Normale,Autre collision,,,,,,,,,,,1,1,1,1,6
201500033736,0015-09-17 09:50:00,15,9,17,9,50,760,540,"98 bis, R DE LA REPUBLIQ",49.44202,1.0983,Plein jour,En agglomération,Hors intersection,Normale,Autre collision,,,,,,,,,,,1,2,1,1,6
201500033737,0015-09-17 16:15:00,15,9,17,16,15,760,540,"39, R JEANNE D'ARC",49.44265,1.09107,Plein jour,En agglomération,Hors intersection,Normale,Autre collision,,,,,,,,,,,1,2,1,1,6
201500033738,0015-09-21 09:20:00,15,9,21,9,20,760,108,AV DU MARECHAL JUIN,49.46345,1.11722,Plein jour,En agglomération,Hors intersection,Normale,Deux véhicules - côté,,,,,,,,,,,1,2,1,1,3
201500033739,0015-08-23 06:05:00,15,8,23,6,5,760,216,"98, R DE LA REPUBLIQUE",49.47377,1.04204,Nuit avec éclairage allumé,En agglomération,Intersection en T,Normale,Autre collision,,,,,,,,,,,5,2,3,1,6
201500033740,0015-09-27 07:15:00,15,9,27,7,15,760,319,AV DE CAEN,49.34432,0.9827,Nuit avec éclairage allumé,Hors agglomération,Hors intersection,Normale,Autre collision,,,,,,,,,,,5,1,1,1,6
201500033741,0015-09-26 00:15:00,15,9,26,0,15,760,540,R DE LA MOTTE,49.43449,1.07244,Nuit avec éclairage allumé,Hors agglomération,Hors intersection,Normale,Autre collision,,,,,,,,,,,5,1,1,1,6
201500033742,0015-09-20 06:50:00,15,9,20,6,50,760,540,AV ARISTIDE BRIAND,49.43525,1.10463,Nuit avec éclairage allumé,En agglomération,Hors intersection,Normale,Deux véhicules - arrière,,,,,,,,,,,5,2,1,1,2
201500033743,0015-10-05 19:30:00,15,10,5,19,30,760,540,"17, BD DE LA MARNE",49.44693,1.09237,Nuit avec éclairage allumé,En agglomération,Intersection en X,Normale,Autre collision,,,,,,,,,,,5,2,2,1,6
201500033744,0015-09-26 02:05:00,15,9,26,2,5,760,540,"3, QU JEAN MOULIN",49.43499,1.09347,Nuit avec éclairage allumé,En agglomération,Hors intersection,Normale,Autre collision,,,,,,,,,,,5,2,1,1,6
201500033745,0015-09-29 18:40:00,15,9,29,18,40,760,540,AV ARISTIDE BRIAND,49.43523,1.10461,Plein jour,En agglomération,Hors intersection,Normale,Trois véhicules et plus - en chaîne,,,,,,,,,,,1,2,1,1,4
201500033746,0015-10-05 22:00:00,15,10,5,22,0,760,212,,49.45798,1.14384,Nuit avec éclairage allumé,Hors agglomération,Hors intersection,Pluie légère,Trois véhicules et plus - collisions multiples,,,,,,,,,,,5,1,1,2,5
201500033747,0015-10-02 19:10:00,15,10,2,19,10,760,322,AV DES CANADIENS,49.39857,1.06263,Plein jour,Hors agglomération,Intersection en T,Normale,Autre collision,,,,,,,,,,,1,1,3,1,6
201500033748,0015-10-05 07:30:00,15,10,5,7,30,760,319,,49.36712,1.01078,Crépuscule ou aube,En agglomération,Intersection en X,Normale,Deux véhicules - côté,,,,,,,,,,,2,2,2,1,3
201500033749,0015-08-03 11:30:00,15,8,3,11,30,760,178,R DE TOURVILLE,49.30847,1.03673,Plein jour,En agglomération,Hors intersection,Normale,Autre collision,,,,,,,,,,,1,2,1,1,6
201500033750,0015-10-06 23:55:00,15,10,6,23,55,760,540,R SAINT CLEMENT,49.42709,1.07756,Nuit avec éclairage allumé,En agglomération,Giratoire,Pluie forte,Autre collision,,,,,,,,,,,5,2,6,3,6
201500033751,0015-10-01 18:15:00,15,10,1,18,15,760,640,"89, R DE LOUVIERS",49.27035,1.04304,Plein jour,En agglomération,Intersection en X,Normale,Deux véhicules - frontale,,,,,,,,,,,1,2,2,1,1
201500033752,0015-10-16 07:15:00,15,10,16,7,15,760,231,R ANATOLE FRANCE,49.29085,0.99999,Nuit avec éclairage allumé,En agglomération,Intersection en X,Normale,Autre collision,,,,,,,,,,,5,2,2,1,6
201500033753,0015-10-10 17:40:00,15,10,10,17,40,760,231,VOI DE LA DECLARATION UN,49.29232,1.01798,Plein jour,Hors agglomération,Hors intersection,Normale,Deux véhicules - frontale,,,,,,,,,,,1,1,1,1,1
201500033754,0015-09-14 12:10:00,15,9,14,12,10,760,561,R DE VERDUN,49.30417,1.01043,Plein jour,En agglomération,Intersection en T,Normale,Deux véhicules - côté,,,,,,,,,,,1,2,3,1,3
201500033755,0015-09-28 17:30:00,15,9,28,17,30,760,231,"55, R DE LA REPUBLIQUE",49.29085,0.99999,Plein jour,En agglomération,Intersection en X,Normale,Deux véhicules - côté,,,,,,,,,,,1,2,2,1,3
201500033756,0015-10-15 21:30:00,15,10,15,21,30,760,540,"80, R GUILLAUME D ESTOUT",49.45458,1.05989,Nuit avec éclairage allumé,En agglomération,Hors intersection,Normale,Deux véhicules - frontale,,,,,,,,,,,5,2,1,1,1
201500033757,0015-10-09 17:00:00,15,10,9,17,0,760,157,"4, AV DU PRESIDENT ALLEN",49.45044,1.03482,Plein jour,En agglomération,Hors intersection,Normale,Autre collision,,,,,,,,,,,1,2,1,1,6
201500033758,0015-10-11 15:05:00,15,10,11,15,5,760,497,,49.38815,1.05589,Plein jour,En agglomération,Giratoire,Normale,Trois véhicules et plus - en chaîne,,,,,,,,,,,1,2,6,1,4
201500033759,0015-10-15 11:25:00,15,10,15,11,25,760,540,"74, BD DES BELGES",49.44428,1.08552,Plein jour,En agglomération,Intersection en X,Normale,Autre collision,,,,,,,,,,,1,2,2,1,6
201500033760,0015-10-13 07:45:00,15,10,13,7,45,760,497,,49.36598,1.0395,Crépuscule ou aube,Hors agglomération,Hors intersection,Normale,Deux véhicules - arrière,,,,,,,,,,,2,1,1,1,2
201500033761,0015-10-09 18:05:00,15,10,9,18,5,760,451,"77, CH DE CLERES",49.46261,1.09615,Plein jour,En agglomération,Hors intersection,Normale,Deux véhicules - côté,,,,,,,,,,,1,2,1,1,3
201500033762,0015-10-26 17:00:00,15,10,26,17,0,760,540,"65, R D ELBEUF",49.42614,1.08284,Plein jour,En agglomération,Hors intersection,Normale,Autre collision,,,,,,,,,,,1,2,1,1,6
201500033763,0015-10-25 18:30:00,15,10,25,18,30,760,322,,49.40725,1.037,Plein jour,Hors agglomération,Hors intersection,Normale,Deux véhicules - arrière,,,,,,,,,,,1,1,1,1,2
201500033764,0015-10-29 18:55:00,15,10,29,18,55,760,474,"328, RTE DE DIEPPE",49.49618,1.04859,Nuit avec éclairage allumé,En agglomération,Hors intersection,Normale,Deux véhicules - arrière,,,,,,,,,,,5,2,1,1,2
201500033765,0015-10-29 21:00:00,15,10,29,21,0,760,681,"556, R DE PARIS",49.40785,1.10161,Nuit sans éclairage public,En agglomération,Hors intersection,Normale,Autre collision,,,,,,,,,,,3,2,1,1,6
201500033766,0015-09-25 07:40:00,15,9,25,7,40,760,540,"134, R SAINT JULIEN",49.42634,1.07544,Plein jour,En agglomération,Intersection en T,Normale,Autre collision,,,,,,,,,,,1,2,3,1,6
201500033767,0015-11-04 09:45:00,15,11,4,9,45,760,108,"1669, RTE DE NEUFCHATEL",49.458,1.10828,Plein jour,En agglomération,Intersection en X,Pluie légère,Autre collision,,,,,,,,,,,1,2,2,2,6
201500033768,0015-11-06 15:00:00,15,11,6,15,0,760,540,"155, BD DE L YSER",49.44743,1.09742,Plein jour,En agglomération,Hors intersection,Normale,Autre collision,,,,,,,,,,,1,2,1,1,6
201500033769,0015-11-01 16:10:00,15,11,1,16,10,760,540,"23, BD DE L EUROPE",49.42728,1.09241,Plein jour,En agglomération,Intersection en T,Normale,Deux véhicules - côté,,,,,,,,,,,1,2,3,1,3
201500033770,0015-11-09 09:10:00,15,11,9,9,10,760,410,"2, R PAUL PAINLEVE",49.48239,1.04278,Plein jour,En agglomération,Intersection en X,Normale,Deux véhicules - côté,,,,,,,,,,,1,2,2,1,3
201500033771,0015-11-07 03:55:00,15,11,7,3,55,760,231,R POUSSIN,49.28485,1.00547,Nuit avec éclairage allumé,Hors agglomération,Intersection en X,Normale,Deux véhicules - côté,,,,,,,,,,,5,1,2,1,3
201500033772,0015-09-17 15:35:00,15,9,17,15,35,760,498,"107, R JACQUARD",49.42995,1.06172,Plein jour,En agglomération,Intersection en X,Normale,Sans collision,,,,,,,,,,,1,2,2,1,7
201500033773,0015-11-02 13:50:00,15,11,2,13,50,760,540,"74, RTE DE BONSECOURS",49.43364,1.10716,Plein jour,En agglomération,Hors intersection,Normale,Deux véhicules - côté,,,,,,,,,,,1,2,1,1,3
201500033774,0015-11-10 07:50:00,15,11,10,7,50,760,212,"76, R SADI CARNOT",49.44068,1.14567,Plein jour,En agglomération,Intersection en Y,Normale,Autre collision,,,,,,,,,,,1,2,4,1,6
201500033775,0015-11-10 09:00:00,15,11,10,9,0,760,540,"43, RTE DE NEUFCHATEL",49.45225,1.09791,Plein jour,En agglomération,Hors intersection,Normale,Deux véhicules - côté,,,,,,,,,,,1,2,1,1,3
201500033776,0015-11-10 14:22:00,15,11,10,14,22,760,681,"2, R LEDRU ROLLIN",49.42596,1.09337,Plein jour,En agglomération,Intersection en X,Normale,Autre collision,,,,,,,,,,,1,2,2,1,6
201500033777,0015-11-10 13:10:00,15,11,10,13,10,760,681,BD INDUSTRIEL,49.42162,1.10647,Plein jour,Hors agglomération,Intersection en X,Normale,Deux véhicules - arrière,,,,,,,,,,,1,1,2,1,2
201500033778,0015-11-08 11:25:00,15,11,8,11,25,760,540,"18, BD GAMBETTA",49.43786,1.10526,Plein jour,En agglomération,Intersection en Y,Normale,Deux véhicules - côté,,,,,,,,,,,1,2,4,1,3
201500033779,0015-11-10 11:20:00,15,11,10,11,20,760,681,AV DU 14 JUILLET,49.41196,1.07342,Plein jour,En agglomération,Giratoire,Normale,Autre collision,,,,,,,,,,,1,2,6,1,6
201500033780,0015-11-16 14:00:00,15,11,16,14,0,760,108,"4243, RTE DE NEUFCHATEL",49.47706,1.12742,Plein jour,En agglomération,Hors intersection,Normale,Autre collision,,,,,,,,,,,1,2,1,1,6
201500033781,0015-11-08 15:20:00,15,11,8,15,20,760,540,,49.43459,1.07171,Plein jour,En agglomération,Giratoire,Normale,Deux véhicules - côté,,,,,,,,,,,1,2,6,1,3
201500033782,0015-11-18 18:05:00,15,11,18,18,5,760,216,"558, RTE DE DIEPPE",49.47712,1.04769,Nuit avec éclairage allumé,En agglomération,Hors intersection,Normale,Deux véhicules - côté,,,,,,,,,,,5,2,1,1,3
201500033783,0015-10-26 11:50:00,15,10,26,11,50,760,540,R DE LA MOTTE,49.43492,1.074,Plein jour,En agglomération,Hors intersection,Normale,Deux véhicules - côté,,,,,,,,,,,1,2,1,1,3
201500033784,0015-11-19 09:55:00,15,11,19,9,55,760,497,R DES MARTYRS,49.38384,1.02361,Plein jour,En agglomération,Intersection en T,Normale,Deux véhicules - côté,,,,,,,,,,,1,2,3,1,3
201500033785,0015-09-29 18:40:00,15,9,29,18,40,760,212,,49.4528,1.14513,Plein jour,Hors agglomération,Hors intersection,Normale,Deux véhicules - arrière,,,,,,,,,,,1,1,1,1,2
201500033786,0015-11-26 08:10:00,15,11,26,8,10,760,216,R DOCTEUR EMILE BATAILLE,49.46288,1.04887,Crépuscule ou aube,En agglomération,Giratoire,Pluie légère,Autre collision,,,,,,,,,,,2,2,6,2,6
201500033787,0015-11-30 14:50:00,15,11,30,14,50,760,108,"138, CH DE CLERES",49.4577,1.09453,Plein jour,En agglomération,Hors intersection,Normale,Autre collision,,,,,,,,,,,1,2,1,1,6
201500033788,0015-11-28 14:45:00,15,11,28,14,45,760,575,"65, AV OLIVIER GOUBERT",49.38083,1.10327,Plein jour,En agglomération,Hors intersection,Normale,Deux véhicules - côté,,,,,,,,,,,1,2,1,1,3
201500033789,0015-12-02 18:30:00,15,12,2,18,30,760,108,R DE LA REPUBLIQUE,49.47025,1.11786,Nuit avec éclairage allumé,En agglomération,Intersection en X,Normale,Deux véhicules - côté,,,,,,,,,,,5,2,2,1,3
201500033790,0015-12-06 02:00:00,15,12,6,2,0,760,540,"78, R DE LA REPUBLIQUE",49.4408,1.09771,Nuit avec éclairage allumé,En agglomération,Hors intersection,Normale,Autre collision,,,,,,,,,,,5,2,1,1,6
201500033791,0015-12-05 02:25:00,15,12,5,2,25,760,540,,49.45931,1.14345,Nuit avec éclairage non allumé,Hors agglomération,Hors intersection,Normale,Autre collision,,,,,,,,,,,4,1,1,1,6
201500033792,0015-10-25 11:25:00,15,10,25,11,25,760,540,QU DE PARIS,49.43639,1.09981,Plein jour,En agglomération,Hors intersection,Normale,Autre collision,,,,,,,,,,,1,2,1,1,6
201500033793,0015-12-06 05:15:00,15,12,6,5,15,760,108,RPT DES ROUGES TERRES,49.48255,1.13307,Nuit avec éclairage allumé,Hors agglomération,Giratoire,Normale,Autre collision,,,,,,,,,,,5,1,6,1,6
201500033794,0015-12-09 19:20:00,15,12,9,19,20,760,322,BD MAURICE RAVEL,49.41184,1.04742,Nuit avec éclairage allumé,En agglomération,Intersection en X,Normale,Deux véhicules - arrière,,,,,,,,,,,5,2,2,1,2
201500033795,0015-12-12 14:10:00,15,12,12,14,10,760,157,"20, AV PIERRE CORNEILLE",49.44558,1.03034,Plein jour,En agglomération,Hors intersection,Normale,Autre collision,,,,,,,,,,,1,2,1,1,6
201500033796,0015-12-06 14:45:00,15,12,6,14,45,760,322,,49.38938,1.05615,Plein jour,En agglomération,Hors intersection,Normale,Deux véhicules - arrière,,,,,,,,,,,1,2,1,1,2
201500033797,0015-12-12 04:30:00,15,12,12,4,30,760,319,,49.35156,1.02582,Nuit sans éclairage public,Hors agglomération,Hors intersection,Pluie forte,Autre collision,,,,,,,,,,,3,1,1,3,6
201500033798,0015-12-09 10:50:00,15,12,9,10,50,760,322,"11, R JEAN TITELOUZE",49.40666,1.04746,Plein jour,En agglomération,Hors intersection,Normale,Deux véhicules - arrière,,,,,,,,,,,1,2,1,1,2
201500033799,0015-12-15 15:00:00,15,12,15,15,0,760,319,,49.34508,1.01472,Plein jour,Hors agglomération,Intersection en Y,Normale,Deux véhicules - côté,,,,,,,,,,,1,1,4,1,3
201500033800,0015-12-15 15:10:00,15,12,15,15,10,760,575,AV DU BIC AUBERT,49.38965,1.09933,Plein jour,En agglomération,Hors intersection,Pluie forte,Autre collision,,,,,,,,,,,1,2,1,3,6
201500033801,0015-12-14 22:40:00,15,12,14,22,40,760,410,"2, R PAUL PAINLEVE",49.48234,1.04276,Nuit avec éclairage allumé,En agglomération,Intersection en X,Normale,Deux véhicules - côté,,,,,,,,,,,5,2,2,1,3
201500033802,0015-12-15 07:30:00,15,12,15,7,30,760,540,"3, BD DE L YSER",49.4457,1.1082,Nuit avec éclairage allumé,En agglomération,Intersection en T,Pluie légère,Autre collision,,,,,,,,,,,5,2,3,2,6
201500033803,0015-12-18 10:20:00,15,12,18,10,20,760,212,,49.45175,1.14521,Plein jour,Hors agglomération,Hors intersection,Normale,Deux véhicules - arrière,,,,,,,,,,,1,1,1,1,2
201500033804,0015-12-16 17:20:00,15,12,16,17,20,760,322,"2, AV GEORGES BRAQUE",49.40341,1.04202,Nuit avec éclairage allumé,En agglomération,Intersection en T,Normale,Autre collision,,,,,,,,,,,5,2,3,1,6
201500033805,0015-12-18 16:00:00,15,12,18,16,0,760,575,"55, R DU DOCTEUR COTONI",49.36963,1.10733,Plein jour,Hors agglomération,Intersection en T,Normale,Autre collision,,,,,,,,,,,1,1,3,1,6
201500033806,0015-12-29 12:25:00,15,12,29,12,25,760,540,"102, RTE DU HAVRE",49.45283,1.05658,Plein jour,En agglomération,Intersection en X,Normale,Deux véhicules - côté,,,,,,,,,,,1,2,2,1,3