accident_id,datetime,annee,mois,jour,heure,minute,departement,commune_insee,adresse,latitude,longitude,luminosite,agglomeration,intersection,meteo,collision,nb_vehicules,nb_usagers,nb_indemnes,nb_tues,nb_blesses_hosp,nb_blesses_legers,age_cond_1,age_cond_2,veh_type_cond_1,veh_type_cond_2,lum_code,agg_code,int_code,atm_code,col_code
201500033807,0015-12-18 03:45:00,15,12,18,3,45,760,216,"98, R DE LA REPUBLIQUE",49.47377,1.04194,Nuit avec éclairage allumé,En agglomération,Intersection à plus de 4 branches,Normale,Deux véhicules - frontale,,,,,,,,,,,5,2,5,1,1
201500033808,0015-01-05 16:35:00,15,1,5,16,35,760,540,"113, R LAFAYETTE",49.43164,1.08776,Plein jour,En agglomération,Hors intersection,Normale,Autre collision,,,,,,,,,,,1,2,1,1,6
201500033809,0015-01-04 21:23:00,15,1,4,21,23,760,5,,49.40902,1.12109,Nuit avec éclairage allumé,En agglomération,Giratoire,Normale,Deux véhicules - côté,,,,,,,,,,,5,2,6,1,3
201500033810,0015-01-04 20:00:00,15,1,4,20,0,760,474,"217, RTE DE DIEPPE.",49.48469,1.04837,Nuit avec éclairage allumé,En agglomération,Intersection en X,Normale,Deux véhicules - côté,,,,,,,,,,,5,2,2,1,3
201500033811,0015-01-08 17:45:00,15,1,8,17,45,760,540,"66, QU DE BOISGUILBERT",49.44438,1.07095,Nuit avec éclairage allumé,En agglomération,Hors intersection,Normale,Deux véhicules - côté,,,,,,,,,,,5,2,1,1,3
201500033812,0015-01-07 07:45:00,15,1,7,7,45,760,319,,49.35502,1.03159,Nuit sans éclairage public,Hors agglomération,Intersection en Y,Brouillard / fumée,Trois véhicules et plus - en chaîne,,,,,,,,,,,3,1,4,5,4
201500033813,0015-01-13 20:50:00,15,1,13,20,50,760,540,"46, R ARMAND CARREL",49.43992,1.10193,Nuit avec éclairage allumé,En agglomération,Intersection en X,Normale,Deux véhicules - côté,,,,,,,,,,,5,2,2,1,3
201500033814,0015-01-15 08:25:00,15,1,15,8,25,760,540,RTE DE BONSECOURS,49.4317,1.10957,Nuit avec éclairage allumé,En agglomération,Hors intersection,Pluie légère,Deux véhicules - côté,,,,,,,,,,,5,2,1,2,3
201500033815,0015-01-13 17:25:00,15,1,13,17,25,760,451,"41,AV DU MONT AUX MALADE",49.46267,1.07637,Crépuscule ou aube,En agglomération,Hors intersection,Normale,Autre collision,,,,,,,,,,,2,2,1,1,6
201500033816,0015-01-16 02:40:00,15,1,16,2,40,760,540,BD GAMBETTA,49.43886,1.1085,Nuit avec éclairage allumé,En agglomération,Hors intersection,Normale,Sans collision,,,,,,,,,,,5,2,1,1,7
201500033817,0015-01-16 08:25:00,15,1,16,8,25,760,484,"47A, R JEAN JACQUES ROUS",49.34446,1.09509,Nuit avec éclairage allumé,En agglomération,Hors intersection,Normale,Autre collision,,,,,,,,,,,5,2,1,1,6
201500033818,0015-01-17 01:20:00,15,1,17,1,20,760,540,"34, AV JACQUES CARTIER",49.43601,1.0869,Nuit avec éclairage allumé,En agglomération,Intersection en T,Autre,Deux véhicules - côté,,,,,,,,,,,5,2,3,9,3
201500033819,0015-01-16 16:50:00,15,1,16,16,50,760,575,AV DES CANADIENS,49.40499,1.06755,Plein jour,En agglomération,Intersection en T,Normale,Deux véhicules - arrière,,,,,,,,,,,1,2,3,1,2
201500033820,0015-01-14 14:00:00,15,1,14,14,0,760,451,"105, RTE DE MAROMME",49.47053,1.08269,Plein jour,En agglomération,Hors intersection,Normale,Deux véhicules - arrière,,,,,,,,,,,1,2,1,1,2
201500033821,0015-01-18 17:05:00,15,1,18,17,5,760,498,"2, R PAUL FOLIOT",49.42085,1.06326,Nuit avec éclairage allumé,En agglomération,Intersection en X,Pluie légère,Autre collision,,,,,,,,,,,5,2,2,2,6
201500033822,0015-01-14 17:35:00,15,1,14,17,35,760,540,AV ARISTIDE BRIAND,49.43519,1.10501,Nuit avec éclairage non allumé,En agglomération,Intersection en T,Normale,Deux véhicules - côté,,,,,,,,,,,4,2,3,1,3
201500033823,0015-01-19 21:30:00,15,1,19,21,30,760,540,"49, QU CAVELIER DE LA SA",49.43787,1.08379,Nuit avec éclairage allumé,En agglomération,Hors intersection,Normale,Deux véhicules - côté,,,,,,,,,,,5,2,1,1,3
201500033824,0015-01-14 13:00:00,15,1,14,13,0,760,322,AV DES PROVINCES,49.41147,1.05293,Plein jour,En agglomération,Intersection en T,Normale,Deux véhicules - côté,,,,,,,,,,,1,2,3,1,3
201500033825,0015-01-20 19:35:00,15,1,20,19,35,760,575,"22, AV DU VAL L ABBE",49.38052,1.10064,Nuit avec éclairage allumé,En agglomération,Giratoire,Normale,Autre collision,,,,,,,,,,,5,2,6,1,6
201500033826,0015-01-27 16:40:00,15,1,27,16,40,760,540,"55 bis, JOUVENET",49.4502,1.10354,Plein jour,En agglomération,Hors intersection,Normale,Deux véhicules - arrière,,,,,,,,,,,1,2,1,1,2
201500033827,0015-01-28 12:30:00,15,1,28,12,30,760,498,"1, R ETIENE DOLET",49.43134,1.04937,Plein jour,En agglomération,Intersection à plus de 4 branches,Normale,Deux véhicules - côté,,,,,,,,,,,1,2,5,1,3
201500033828,0015-02-03 08:50:00,15,2,3,8,50,760,319,,49.34303,1.00621,Plein jour,Hors agglomération,Hors intersection,Normale,Trois véhicules et plus - collisions multiples,,,,,,,,,,,1,1,1,1,5
201500033829,0015-02-09 08:10:00,15,2,9,8,10,760,540,BD D ORLEANS,49.43642,1.0816,Crépuscule ou aube,En agglomération,Intersection en X,Normale,Autre collision,,,,,,,,,,,2,2,2,1,6
201500033830,0015-01-29 07:35:00,15,1,29,7,35,760,540,"81, R JEAN LECANUET",49.44542,1.08817,Nuit avec éclairage allumé,En agglomération,Intersection en T,Pluie forte,Autre collision,,,,,,,,,,,5,2,3,3,6
201500033831,0015-02-14 13:05:00,15,2,14,13,5,760,540,QU DE LA BOURSE,49.43815,1.09162,Plein jour,En agglomération,Hors intersection,Normale,Trois véhicules et plus - collisions multiples,,,,,,,,,,,1,2,1,1,5
201500033832,0015-02-05 13:15:00,15,2,5,13,15,760,575,R JULIAN GRIMAU,49.38844,1.08887,Plein jour,En agglomération,Intersection en T,Normale,Deux véhicules - arrière,,,,,,,,,,,1,2,3,1,2
201500033833,0015-02-15 13:00:00,15,2,15,13,0,760,540,AV DE LA GRAND MARE,49.44532,1.13168,Plein jour,En agglomération,Hors intersection,Normale,Deux véhicules - frontale,,,,,,,,,,,1,2,1,1,1
201500033834,0015-02-14 14:00:00,15,2,14,14,0,760,540,"1, R DU BAC",49.438,1.09354,Plein jour,En agglomération,Hors intersection,Autre,Autre collision,,,,,,,,,,,1,2,1,9,6
201500033835,0015-02-08 13:50:00,15,2,8,13,50,760,498,R ABBE LEMIRE,49.41173,1.06006,Plein jour,En agglomération,Intersection en T,Normale,Deux véhicules - côté,,,,,,,,,,,1,2,3,1,3
201500033836,0015-02-11 17:00:00,15,2,11,17,0,760,540,R AMEDEE DORMOY,49.44768,1.06669,Plein jour,En agglomération,Hors intersection,Normale,Deux véhicules - côté,,,,,,,,,,,1,2,1,1,3
201500033837,0015-01-30 22:25:00,15,1,30,22,25,760,322,AV GENERAL LECLERC,49.41671,1.04703,Nuit avec éclairage allumé,En agglomération,Hors intersection,Normale,Deux véhicules - arrière,,,,,,,,,,,5,2,1,1,2
201500033838,0015-02-15 18:37:00,15,2,15,18,37,760,681,"515, R DE PARIS",49.40823,1.10136,Crépuscule ou aube,En agglomération,Hors intersection,Normale,Autre collision,,,,,,,,,,,2,2,1,1,6
201500033839,0015-03-12 08:45:00,15,3,12,8,45,770,108,"12,rue A MEUNIER",48.87241,2.58951,Plein jour,En agglomération,Hors intersection,Normale,Autre collision,,,,,,,,,,,1,2,1,1,6
201500033840,0015-03-13 07:45:00,15,3,13,7,45,770,108,D934 X RUE DU PORT,48.86763,2.57222,Plein jour,En agglomération,Intersection en X,Normale,Deux véhicules - arrière,,,,,,,,,,,1,2,2,1,2
201500033841,0015-03-18 08:55:00,15,3,18,8,55,770,108,"8, CHILPERIC (BOULEVARD)",48.87406,2.58794,Plein jour,En agglomération,Hors intersection,Normale,Autre collision,,,,,,,,,,,1,2,1,1,6
201500033842,0015-04-09 18:35:00,15,4,9,18,35,770,363,"8, CLAYE (RUE DE)",48.914,2.62997,Plein jour,En agglomération,Hors intersection,Normale,Deux véhicules - arrière,,,,,,,,,,,1,2,1,1,2
201500033843,0015-04-03 15:20:00,15,4,3,15,20,770,108,CLAYE (AV DE),,,Plein jour,En agglomération,Giratoire,Pluie légère,Autre collision,,,,,,,,,,,1,2,6,2,6
201500033844,0015-04-21 19:25:00,15,4,21,19,25,770,108,AV. GENDARME CASTERMANT,48.87781,2.60338,Plein jour,En agglomération,Hors intersection,Normale,Deux véhicules - côté,,,,,,,,,,,1,2,1,1,3
201500033845,0015-05-23 10:00:00,15,5,23,10,0,770,55,D34A X RUE CURIE,48.88302,2.62918,Plein jour,En agglomération,Intersection en T,Temps couvert,Deux véhicules - côté,,,,,,,,,,,1,2,3,8,3
201500033846,0015-04-21 12:20:00,15,4,21,12,20,770,108,D934 X RUE HOUSSA OUAID,48.86857,2.57328,Plein jour,En agglomération,Intersection en T,Normale,Autre collision,,,,,,,,,,,1,2,3,1,6
201500033847,0015-06-29 22:55:00,15,6,29,22,55,770,108,"11-13, NAST (RUE GUSTAVE",48.87957,2.58691,Nuit avec éclairage allumé,En agglomération,Hors intersection,Normale,Autre collision,,,,,,,,,,,5,2,1,1,6
201500033848,0015-06-22 17:30:00,15,6,22,17,30,770,108,"5, RESISTANCE (AVENUE DE",48.87846,2.58734,Plein jour,En agglomération,Intersection en T,Pluie forte,Autre collision,,,,,,,,,,,1,2,3,3,6
201500033849,0015-07-29 13:45:00,15,7,29,13,45,770,139,"103, VAN WYNGENE (RUE CH",48.9094,2.60326,Plein jour,En agglomération,Hors intersection,Normale,Deux véhicules - côté,,,,,,,,,,,1,2,1,1,3
201500033850,0015-07-28 07:55:00,15,7,28,7,55,770,108,MARECHAL FOCH (AVENUE DU,48.87004,2.57542,Crépuscule ou aube,En agglomération,Autre intersection,Temps couvert,Deux véhicules - côté,,,,,,,,,,,2,2,9,8,3
201500033851,0015-08-18 13:05:00,15,8,18,13,5,770,108,"59, GENERAL DE GAULLE (A",48.87018,2.58392,Plein jour,En agglomération,Hors intersection,Normale,Autre collision,,,,,,,,,,,1,2,1,1,6
201500033852,0015-08-30 18:45:00,15,8,30,18,45,770,108,"53,RUE ALEXANDRE BICKART",48.8832,2.59066,Plein jour,En agglomération,Hors intersection,Normale,Autre collision,,,,,,,,,,,1,2,1,1,6
201500033853,0015-08-12 17:15:00,15,8,12,17,15,770,108,RUE HENRI POINCARE,48.87107,2.58228,Plein jour,En agglomération,Hors intersection,Normale,Deux véhicules - arrière,,,,,,,,,,,1,2,1,1,2
201500033854,0015-07-20 15:50:00,15,7,20,15,50,770,108,"28, RESISTANCE (AVENUE D",48.877,2.58551,Plein jour,En agglomération,Hors intersection,Normale,Autre collision,,,,,,,,,,,1,2,1,1,6
201500033855,0015-10-02 13:05:00,15,10,2,13,5,770,108,"80 bis, MARECHAL FOCH (A",48.86867,2.57337,Plein jour,En agglomération,Hors intersection,Normale,Deux véhicules - côté,,,,,,,,,,,1,2,1,1,3
201500033856,0015-10-19 19:35:00,15,10,19,19,35,770,108,JAURES (AVENUE JEAN),48.86551,2.56412,Nuit avec éclairage allumé,En agglomération,Giratoire,Normale,Autre collision,,,,,,,,,,,5,2,6,1,6
201500033857,0015-11-11 12:25:00,15,11,11,12,25,770,108,"26, RUE DE BROU",48.88483,2.61825,Plein jour,En agglomération,Intersection en T,Normale,Autre collision,,,,,,,,,,,1,2,3,1,6
201500033858,0015-11-21 01:30:00,15,11,21,1,30,770,108,"02, HAUTE BORNE (RUE DE",48.88437,2.61426,Nuit avec éclairage allumé,En agglomération,Giratoire,Pluie forte,Autre collision,,,,,,,,,,,5,2,6,3,6
201500033859,0015-12-18 18:15:00,15,12,18,18,15,770,517,CD34,,,Crépuscule ou aube,Hors agglomération,Hors intersection,Pluie légère,Deux véhicules - frontale,,,,,,,,,,,2,1,1,2,1
201500033860,0015-12-23 16:45:00,15,12,23,16,45,770,108,AV. GENERAL DE GAULLE,48.8701,2.58368,Plein jour,En agglomération,Hors intersection,Normale,Autre collision,,,,,,,,,,,1,2,1,1,6
201500033861,0015-01-08 18:05:00,15,1,8,18,5,770,108,CLAYE (AVENUE DE),48.88092,2.59876,Nuit avec éclairage allumé,Hors agglomération,Hors intersection,Normale,Autre collision,,,,,,,,,,,5,1,1,1,6
201500033862,0015-01-16 21:10:00,15,1,16,21,10,770,108,"67, GENERAL DE GAULLE (A",48.87018,2.58483,Nuit avec éclairage allumé,En agglomération,Hors intersection,Pluie légère,Autre collision,,,,,,,,,,,5,2,1,2,6
201500033863,0015-01-21 14:15:00,15,1,21,14,15,770,108,CORPS DE GARDE (CHEMIN D,48.87195,2.59618,Plein jour,Hors agglomération,Hors intersection,Normale,Deux véhicules - arrière,,,,,,,,,,,1,1,1,1,2
201500033864,0015-02-09 16:45:00,15,2,9,16,45,770,108,D34 X AV F. TRINQUAND,48.8765,2.59642,Plein jour,En agglomération,Intersection en X,Normale,Deux véhicules - frontale,,,,,,,,,,,1,2,2,1,1
201500033865,0015-02-15 19:20:00,15,2,15,19,20,770,479,CH.PECHEURS X R. ECOLES,48.86907,2.63079,Nuit avec éclairage allumé,En agglomération,Intersection en T,Normale,Trois véhicules et plus - collisions multiples,,,,,,,,,,,5,2,3,1,5
201500033866,0015-02-04 16:55:00,15,2,4,16,55,770,108,D224 X D34A X R. BEL AIR,48.88675,2.58521,Plein jour,En agglomération,Giratoire,Temps éblouissant,Autre collision,,,,,,,,,,,1,2,6,7,6
201500033867,0015-02-24 13:25:00,15,2,24,13,25,770,139,"38, PASTEUR (AVENUE)",48.90856,2.59063,Plein jour,En agglomération,Intersection en X,Normale,Deux véhicules - côté,,,,,,,,,,,1,2,2,1,3
201500033868,0015-02-28 20:00:00,15,2,28,20,0,770,108,D934 X D34,48.87568,2.59628,Nuit avec éclairage allumé,En agglomération,Intersection en X,Normale,Deux véhicules - côté,,,,,,,,,,,5,2,2,1,3
201500033869,0015-04-15 18:50:00,15,4,15,18,50,770,132,D934,48.88094,2.78264,Plein jour,Hors agglomération,Hors intersection,Normale,Deux véhicules - frontale,,,,,,,,,,,1,1,1,1,1
201500033870,0015-08-05 15:15:00,15,8,5,15,15,770,449,MERIDIENNE ( BLD DE LA ),,,Plein jour,Hors agglomération,Hors intersection,Normale,Autre collision,,,,,,,,,,,1,1,1,1,6
201500033871,0015-12-24 13:10:00,15,12,24,13,10,770,111,"6, PETITS PRES ( RUE DES",48.88077,2.76243,Plein jour,En agglomération,Hors intersection,Normale,Autre collision,,,,,,,,,,,1,2,1,1,6
201500033872,0015-07-01 01:15:00,15,7,1,1,15,770,307,D934,48.8779,2.74287,Nuit avec éclairage allumé,En agglomération,Hors intersection,Normale,Deux véhicules - arrière,,,,,,,,,,,5,2,1,1,2
201500033873,0015-11-27 16:15:00,15,11,27,16,15,770,307,DEPARTEMENTALE 231 ( ROU,,,Plein jour,Hors agglomération,Hors intersection,Normale,Deux véhicules - côté,,,,,,,,,,,1,1,1,1,3
201500033874,0015-12-11 17:20:00,15,12,11,17,20,770,132,LESCHES ( RUE ) D45 A,48.8987,2.78776,Plein jour,En agglomération,Hors intersection,Normale,Autre collision,,,,,,,,,,,1,2,1,1,6
201500033875,0015-01-11 17:40:00,15,1,11,17,40,770,320,"1542, PARIS (AVENUE DE)",48.8141,3.0722,Nuit avec éclairage allumé,Hors agglomération,Hors intersection,Normale,Trois véhicules et plus - en chaîne,,,,,,,,,,,5,1,1,1,4
201500033876,0015-03-06 19:05:00,15,3,6,19,5,770,131,D222,48.81559,3.10974,Nuit sans éclairage public,Hors agglomération,Hors intersection,Normale,Trois véhicules et plus - en chaîne,,,,,,,,,,,3,1,1,1,4
201500033877,0015-01-14 10:05:00,15,1,14,10,5,770,131,"27, GAMBETTA (COUR)",48.81565,3.08462,Plein jour,En agglomération,Hors intersection,Pluie légère,Autre collision,,,,,,,,,,,1,2,1,2,6
201500033878,0015-03-07 10:45:00,15,3,7,10,45,770,131,"D934 11, AV. STRASBOURG",48.80775,3.08331,Plein jour,En agglomération,Hors intersection,Temps éblouissant,Autre collision,,,,,,,,,,,1,2,1,7,6
201500033879,0015-02-14 15:50:00,15,2,14,15,50,770,371,D216 AV G. HUERNE,48.82123,3.01973,Plein jour,Hors agglomération,Hors intersection,Pluie légère,Sans collision,,,,,,,,,,,1,1,1,2,7
201500033880,0015-03-24 17:45:00,15,3,24,17,45,770,13,RD 402 X RD 19 a1,48.8435,3.08832,Plein jour,Hors agglomération,Intersection en X,Pluie légère,Deux véhicules - côté,,,,,,,,,,,1,1,2,2,3
201500033881,0015-03-24 18:55:00,15,3,24,18,55,770,131,"1, TEMPLIERS (RUE DES)",48.82457,3.09473,Nuit avec éclairage allumé,En agglomération,Intersection en T,Pluie légère,Deux véhicules - côté,,,,,,,,,,,5,2,3,2,3
201500033882,0015-02-23 13:27:00,15,2,23,13,27,770,70,D37 X LIEU-DIT MARTROY,48.81137,3.13249,Plein jour,En agglomération,Intersection en X,Normale,Deux véhicules - côté,,,,,,,,,,,1,2,2,1,3
201500033883,0015-02-24 14:10:00,15,2,24,14,10,770,131,"5, LOUIS BRAILLE (RUE)",48.82061,3.09453,Plein jour,En agglomération,Autre intersection,Normale,Autre collision,,,,,,,,,,,1,2,9,1,6
201500033884,0015-03-25 21:10:00,15,3,25,21,10,770,371,"94, PASTEUR (RUE)",48.81539,2.99465,Nuit avec éclairage non allumé,En agglomération,Intersection en T,Normale,Sans collision,,,,,,,,,,,4,2,3,1,7
201500033885,0015-03-27 09:30:00,15,3,27,9,30,770,433,D 402,48.7925,3.06802,Plein jour,Hors agglomération,Hors intersection,Normale,Deux véhicules - côté,,,,,,,,,,,1,1,1,1,3
201500033886,0015-05-04 15:40:00,15,5,4,15,40,770,131,"42, PIDOUX DE MONTANGLAU",48.8273,3.08236,Plein jour,En agglomération,Hors intersection,Normale,Autre collision,,,,,,,,,,,1,2,1,1,6
201500033887,0015-05-19 09:40:00,15,5,19,9,40,770,320,D934 X RUE DU CHAMP JOLI,48.81742,3.05591,Plein jour,Hors agglomération,Intersection en T,Normale,Deux véhicules - côté,,,,,,,,,,,1,1,3,1,3
201500033888,0015-06-25 19:55:00,15,6,25,19,55,770,70,"20, CHATEAU (RUE DU)",48.79026,3.12163,Plein jour,En agglomération,Hors intersection,Normale,Deux véhicules - arrière,,,,,,,,,,,1,2,1,1,2
201500033889,0015-07-02 18:30:00,15,7,2,18,30,770,320,PARIS (AVENUE DE),48.81689,3.05856,Plein jour,Hors agglomération,Intersection en T,Normale,Deux véhicules - côté,,,,,,,,,,,1,1,3,1,3
201500033890,0015-08-15 10:01:00,15,8,15,10,1,770,131,"13, RUE DES MARGATS",48.80877,3.10128,Plein jour,En agglomération,Intersection en T,Pluie légère,Deux véhicules - côté,,,,,,,,,,,1,2,3,2,3
201500033891,0015-09-06 06:06:00,15,9,6,6,6,770,70,MERISIERS (RUE DES ),48.78948,3.12408,Nuit avec éclairage allumé,En agglomération,Intersection en X,Normale,Deux véhicules - côté,,,,,,,,,,,5,2,2,1,3
201500033892,0015-08-29 16:25:00,15,8,29,16,25,770,371,D 934  - AERODROME,48.836,2.98781,Plein jour,Hors agglomération,Intersection en X,Normale,Deux véhicules - côté,,,,,,,,,,,1,1,2,1,3
201500033893,0015-09-21 13:30:00,15,9,21,13,30,770,433,D 402,48.79289,3.06859,Plein jour,Hors agglomération,Hors intersection,Normale,Deux véhicules - frontale,,,,,,,,,,,1,1,1,1,1
201500033894,0015-09-15 15:00:00,15,9,15,15,0,770,400,"30, SAINTE AUBIERGE (RUE",48.76489,3.03155,Plein jour,Hors agglomération,Hors intersection,Normale,Autre collision,,,,,,,,,,,1,1,1,1,6
201500033895,0015-10-08 10:10:00,15,10,8,10,10,770,131,"10, SAINT DENIS (PLACE)",48.813,3.08408,Plein jour,En agglomération,Hors intersection,Temps couvert,Autre collision,,,,,,,,,,,1,2,1,8,6
201500033896,0015-10-29 18:35:00,15,10,29,18,35,770,131,"8, PALAIS DE JUSTICE",48.81288,3.08455,Nuit avec éclairage allumé,En agglomération,Hors intersection,Normale,Autre collision,,,,,,,,,,,5,2,1,1,6
201500033897,0015-11-22 18:25:00,15,11,22,18,25,770,131,PIDOUX DE MONTANGLAUST (,48.82595,3.08724,Nuit sans éclairage public,Hors agglomération,Intersection en T,Normale,Deux véhicules - frontale,,,,,,,,,,,3,1,3,1,1
201500033898,0015-12-11 23:35:00,15,12,11,23,35,770,131,"85, GENERAL LECLERC (RUE",48.81347,3.074,Nuit avec éclairage allumé,En agglomération,Hors intersection,Normale,Deux véhicules - arrière,,,,,,,,,,,5,2,1,1,2
201500033899,0015-12-21 18:40:00,15,12,21,18,40,770,131,PECHERIE (RUE DE LA),48.8125,3.08327,Nuit avec éclairage allumé,En agglomération,Intersection en T,Pluie légère,Autre collision,,,,,,,,,,,5,2,3,2,6
201500033900,0015-01-17 10:15:00,15,1,17,10,15,770,186,"42, FRANCE (RUE DE)",48.40489,2.69763,Plein jour,Hors agglomération,Hors intersection,Normale,Autre collision,,,,,,,,,,,1,1,1,1,6
201500033901,0015-12-11 18:25:00,15,12,11,18,25,770,186,LA FOSSETTE (ROUTE),48.39538,2.77008,Nuit sans éclairage public,Hors agglomération,Hors intersection,Normale,Sans collision,,,,,,,,,,,3,1,1,1,7
201500033902,0015-01-17 17:55:00,15,1,17,17,55,770,186,"1, CHANCELLERIE (RUE DE",48.40387,2.70046,Nuit sans éclairage public,En agglomération,Hors intersection,Pluie légère,Sans collision,,,,,,,,,,,3,2,1,2,7
201500033903,0015-12-16 21:00:00,15,12,16,21,0,770,186,D142,48.49323,2.64433,Nuit sans éclairage public,Hors agglomération,Hors intersection,Normale,Deux véhicules - frontale,,,,,,,,,,,3,1,1,1,1
201500033904,0015-01-20 18:30:00,15,1,20,18,30,770,14,"29BIS, FRANKLIN ROOSEVEL",48.4149,2.7184,Nuit avec éclairage allumé,En agglomération,Intersection en X,Normale,Autre collision,,,,,,,,,,,5,2,2,1,6
201500033905,0015-12-17 17:50:00,15,12,17,17,50,770,186,RD606. de la rochette à,48.48505,2.66556,Nuit sans éclairage public,Hors agglomération,Hors intersection,Normale,Deux véhicules - arrière,,,,,,,,,,,3,1,1,1,2
201500033906,0015-03-03 17:00:00,15,3,3,17,0,770,186,D409 X D11,48.41734,2.62083,Plein jour,Hors agglomération,Intersection en Y,Normale,Sans collision,,,,,,,,,,,1,1,4,1,7
201500033907,0015-03-05 16:50:00,15,3,5,16,50,770,186,D142,48.44956,2.6704,Plein jour,Hors agglomération,Hors intersection,Normale,Autre collision,,,,,,,,,,,1,1,1,1,6
201500033908,0015-04-06 15:05:00,15,4,6,15,5,770,186,RD607 /RD 301/ RD142,48.43065,2.66132,Plein jour,Hors agglomération,Giratoire,Normale,Deux véhicules - côté,,,,,,,,,,,1,1,6,1,3
201500033909,0015-04-06 16:50:00,15,4,6,16,50,770,186,D148,48.35623,2.76146,Plein jour,Hors agglomération,Hors intersection,Normale,Deux véhicules - côté,,,,,,,,,,,1,1,1,1,3
201500033910,0015-04-12 11:50:00,15,4,12,11,50,770,186,"39BIS, BD GAL LECLERC",48.41281,2.71107,Plein jour,En agglomération,Hors intersection,Normale,Autre collision,,,,,,,,,,,1,2,1,1,6
201500033911,0015-04-16 07:35:00,15,4,16,7,35,770,186,D142 X D115,48.48084,2.66693,Plein jour,Hors agglomération,Intersection en X,Normale,Trois véhicules et plus - collisions multiples,,,,,,,,,,,1,1,2,1,5
201500033912,0015-05-03 16:35:00,15,5,3,16,35,770,186,D301 PROXIMITE FRANCHARD,48.40735,2.63822,Plein jour,Hors agglomération,Hors intersection,Normale,Deux véhicules - côté,,,,,,,,,,,1,1,1,1,3
201500033913,0015-05-14 20:15:00,15,5,14,20,15,770,186,D301 ROUTE RONDE,48.39431,2.76007,Plein jour,Hors agglomération,Hors intersection,Normale,Deux véhicules - frontale,,,,,,,,,,,1,1,1,1,1
201500033914,0015-05-22 17:15:00,15,5,22,17,15,770,186,D148 X D301 (GD MAITRE),48.37654,2.73972,Plein jour,Hors agglomération,Intersection en X,Normale,Trois véhicules et plus - collisions multiples,,,,,,,,,,,1,1,2,1,5
201500033915,0015-05-31 14:30:00,15,5,31,14,30,770,186,D607 X D142,48.43026,2.66153,Plein jour,Hors agglomération,Giratoire,Normale,Sans collision,,,,,,,,,,,1,1,6,1,7
201500033916,0015-06-02 21:15:00,15,6,2,21,15,770,186,D606 X D138  CROIX VITRY,48.47448,2.67888,Plein jour,Hors agglomération,Giratoire,Normale,Sans collision,,,,,,,,,,,1,1,6,1,7
201500033917,0015-06-05 02:25:00,15,6,5,2,25,770,186,D409,48.40962,2.67924,Nuit sans éclairage public,Hors agglomération,Hors intersection,Normale,Sans collision,,,,,,,,,,,3,1,1,1,7
201500033918,0015-06-10 15:15:00,15,6,10,15,15,770,186,D148 X D301 (GD MAITRE),48.37656,2.73962,Plein jour,Hors agglomération,Intersection en X,Normale,Deux véhicules - côté,,,,,,,,,,,1,1,2,1,3
201500033919,0015-06-16 19:25:00,15,6,16,19,25,770,186,"14 TER, ROYALE (RUE)",48.40356,2.69294,Plein jour,En agglomération,Hors intersection,Normale,Autre collision,,,,,,,,,,,1,2,1,1,6
201500033920,0015-06-29 12:05:00,15,6,29,12,5,770,186,"13, GRANDE (RUE)",48.40435,2.70051,Plein jour,En agglomération,Hors intersection,Normale,Autre collision,,,,,,,,,,,1,2,1,1,6
201500033921,0015-07-04 15:15:00,15,7,4,15,15,770,186,D301 ROUTE RONDE,48.37533,2.6372,Plein jour,Hors agglomération,Hors intersection,Temps couvert,Autre collision,,,,,,,,,,,1,1,1,8,6
201500033922,0015-07-17 08:25:00,15,7,17,8,25,770,186,"186, GRANDE (RUE)",48.40965,2.70447,Plein jour,En agglomération,Intersection en T,Normale,Deux véhicules - côté,,,,,,,,,,,1,2,3,1,3
201500033923,0015-08-02 20:00:00,15,8,2,20,0,770,186,RD116 PanONF  rte Butte,,,Plein jour,Hors agglomération,Intersection en X,Normale,Sans collision,,,,,,,,,,,1,1,2,1,7
201500033924,0015-08-16 09:45:00,15,8,16,9,45,770,226,d39  de champ.  hericy,48.44235,2.75778,Plein jour,En agglomération,Hors intersection,Normale,Autre collision,,,,,,,,,,,1,2,1,1,6
201500033925,0015-10-05 08:15:00,15,10,5,8,15,770,186,d301 de chantoiseau /gra,48.38097,2.74526,Plein jour,Hors agglomération,Hors intersection,Normale,Autre collision,,,,,,,,,,,1,1,1,1,6
201500033926,0015-10-22 13:05:00,15,10,22,13,5,770,186,RD63E.  RD 607  a  RECLO,48.41879,2.6726,Plein jour,Hors agglomération,Hors intersection,Temps couvert,Deux véhicules - arrière,,,,,,,,,,,1,1,1,8,2
201500033927,0015-10-25 00:35:00,15,10,25,0,35,770,186,D137. PanONF thom. carr.,48.40555,2.7416,Nuit sans éclairage public,Hors agglomération,Hors intersection,Normale,Sans collision,,,,,,,,,,,3,1,1,1,7
201500033928,0015-11-25 10:45:00,15,11,25,10,45,770,186,D301,48.37542,2.63695,Plein jour,Hors agglomération,Hors intersection,Temps couvert,Deux véhicules - côté,,,,,,,,,,,1,1,1,8,3
201500033929,0015-01-07 19:20:00,15,1,7,19,20,770,243,"03, SAINT DENIS  (RUE",48.87751,2.71796,Nuit avec éclairage allumé,Hors agglomération,Hors intersection,Normale,Autre collision,,,,,,,,,,,5,1,1,1,6