accident_id,datetime,annee,mois,jour,heure,minute,departement,commune_insee,adresse,latitude,longitude,luminosite,agglomeration,intersection,meteo,collision,nb_vehicules,nb_usagers,nb_indemnes,nb_tues,nb_blesses_hosp,nb_blesses_legers,age_cond_1,age_cond_2,veh_type_cond_1,veh_type_cond_2,lum_code,agg_code,int_code,atm_code,col_code
201500034178,0015-06-26 02:15:00,15,6,26,2,15,770,294,CD84,48.97436,2.61321,Nuit avec éclairage allumé,Hors agglomération,Hors intersection,Normale,Deux véhicules - frontale,,,,,,,,,,,5,1,1,1,1
201500034179,0015-07-09 14:55:00,15,7,9,14,55,770,294,RN 2,48.9889,2.61297,Plein jour,Hors agglomération,Hors intersection,Normale,Trois véhicules et plus - en chaîne,,,,,,,,,,,1,1,1,1,4
201500034180,0015-07-19 05:55:00,15,7,19,5,55,770,118,"65, PASTEUR (AVENUE)",48.9397,2.67768,Crépuscule ou aube,En agglomération,Giratoire,Normale,Autre collision,,,,,,,,,,,2,2,6,1,6
201500034181,0015-07-18 13:10:00,15,7,18,13,10,770,462,ROUTE NATIONALE 2,49.0229,2.66581,Plein jour,Hors agglomération,Hors intersection,Normale,Autre collision,,,,,,,,,,,1,1,1,1,6
201500034182,0015-08-04 11:30:00,15,8,4,11,30,770,294,PARIS (RUE DE),48.96928,2.58195,Plein jour,En agglomération,Intersection en T,Normale,Deux véhicules - côté,,,,,,,,,,,1,2,3,1,3
201500034183,0015-09-10 18:30:00,15,9,10,18,30,770,294,ROCHELLE (RUE DE LA),48.95959,2.59001,Plein jour,En agglomération,Intersection en X,Normale,Deux véhicules - côté,,,,,,,,,,,1,2,2,1,3
201500034184,0015-08-17 20:10:00,15,8,17,20,10,770,514,ROGER SALENGRO (AVENUE),48.9528,2.60608,Plein jour,En agglomération,Intersection en X,Normale,Deux véhicules - frontale,,,,,,,,,,,1,2,2,1,1
201500034185,0015-10-07 18:30:00,15,10,7,18,30,770,118,ROUTE NATIONALE 3,48.94287,2.65519,Plein jour,Hors agglomération,Hors intersection,Temps couvert,Autre collision,,,,,,,,,,,1,1,1,8,6
201500034186,0015-12-18 06:25:00,15,12,18,6,25,770,123,"1, CD 212",48.97664,2.66036,Nuit sans éclairage public,Hors agglomération,Hors intersection,Pluie légère,Trois véhicules et plus - collisions multiples,,,,,,,,,,,3,1,1,2,5
201500034187,0015-12-28 15:50:00,15,12,28,15,50,770,123,FUTURE N104 (EX D212),,,Plein jour,Hors agglomération,Hors intersection,Normale,Sans collision,,,,,,,,,,,1,1,1,1,7
201500034188,0015-02-05 08:25:00,15,2,5,8,25,780,92,BOISSY D'ANGLAS (QUAI),,,Nuit avec éclairage allumé,En agglomération,Intersection en T,Normale,Deux véhicules - côté,,,,,,,,,,,5,2,3,1,3
201500034189,0015-01-31 17:20:00,15,1,31,17,20,780,92,"14, TOURGUENIEF YVAN (RU",,,Crépuscule ou aube,En agglomération,Hors intersection,Pluie légère,Autre collision,,,,,,,,,,,2,2,1,2,6
201500034190,0015-11-19 11:50:00,15,11,19,11,50,780,642,PASSEREAUX SENTE DES,48.97759,1.96948,Plein jour,En agglomération,Intersection en T,Pluie légère,Autre collision,,,,,,,,,,,1,2,3,2,6
201500034191,0015-12-05 18:20:00,15,12,5,18,20,780,498,"1, SCHWEITZER RUE DU DOC",48.92038,2.03872,Crépuscule ou aube,En agglomération,Intersection en T,Normale,Autre collision,,,,,,,,,,,2,2,3,1,6
201500034192,0015-03-21 20:30:00,15,3,21,20,30,780,15,SCHWEISGUTH (RUE DU GENE,48.0,2.0,Nuit avec éclairage allumé,En agglomération,Intersection en T,Normale,Deux véhicules - côté,,,,,,,,,,,5,2,3,1,3
201500034193,0015-03-01 17:55:00,15,3,1,17,55,780,498,SAINT SEBASTIEN RUE,,,Plein jour,En agglomération,Intersection en X,Normale,Deux véhicules - arrière,,,,,,,,,,,1,2,2,1,2
201500034194,0015-12-12 16:30:00,15,12,12,16,30,780,498,LOGES BD DES,,,Plein jour,En agglomération,Autre intersection,Normale,Deux véhicules - côté,,,,,,,,,,,1,2,9,1,3
201500034195,0015-03-09 11:35:00,15,3,9,11,35,780,498,MALADRERIE AV DE LA,48.0,2.0,Plein jour,En agglomération,Hors intersection,Normale,Autre collision,,,,,,,,,,,1,2,1,1,6
201500034196,0015-10-08 08:20:00,15,10,8,8,20,780,643,GIRARDIN RUE,,,Plein jour,En agglomération,Hors intersection,Normale,Autre collision,,,,,,,,,,,1,2,1,1,6
201500034197,0015-04-02 21:10:00,15,4,2,21,10,780,498,"20, DEVAUX BD",,,Nuit avec éclairage allumé,En agglomération,Intersection en X,Normale,Autre collision,,,,,,,,,,,5,2,2,1,6
201500034198,0015-11-19 18:40:00,15,11,19,18,40,780,624,POISSY AVENUE DE,,,Nuit avec éclairage allumé,En agglomération,Hors intersection,Pluie légère,Trois véhicules et plus - en chaîne,,,,,,,,,,,5,2,1,2,4
201500034199,0015-03-13 19:45:00,15,3,13,19,45,780,642,"22, CHEMIN DE FER AVENUE",,,Nuit sans éclairage public,Hors agglomération,Hors intersection,Normale,Autre collision,,,,,,,,,,,3,1,1,1,6
201500034200,0015-12-20 22:05:00,15,12,20,22,5,780,624,"242, DOUMER RUE PAUL",48.0,2.0,Nuit avec éclairage allumé,En agglomération,Hors intersection,Pluie légère,Deux véhicules - frontale,,,,,,,,,,,5,2,1,2,1
201500034201,0015-12-24 18:00:00,15,12,24,18,0,780,172,"88, CERGY",,,Crépuscule ou aube,En agglomération,Hors intersection,Normale,Deux véhicules - frontale,,,,,,,,,,,2,2,1,1,1
201500034202,0015-04-12 10:30:00,15,4,12,10,30,780,642,"71, GRANDE RUE (CENTRE V",,,Plein jour,En agglomération,Hors intersection,Normale,Deux véhicules - arrière,,,,,,,,,,,1,2,1,1,2
201500034203,0015-04-13 08:30:00,15,4,13,8,30,780,643,RD154,,,Plein jour,Hors agglomération,Giratoire,Normale,Autre collision,,,,,,,,,,,1,1,6,1,6
201500034204,0015-05-02 17:00:00,15,5,2,17,0,780,498,"20, CEP AVENUE DU",48.92928,2.0409,Plein jour,En agglomération,Hors intersection,Pluie légère,Autre collision,,,,,,,,,,,1,2,1,2,6
201500034205,0015-04-12 22:50:00,15,4,12,22,50,780,123,GRANDES TERRES CHEMIN DE,,,Nuit sans éclairage public,Hors agglomération,Giratoire,Normale,Autre collision,,,,,,,,,,,3,1,6,1,6
201500034206,0015-04-24 13:55:00,15,4,24,13,55,780,624,POISSY AVENUE DE,,,Plein jour,Hors agglomération,Giratoire,Normale,Deux véhicules - arrière,,,,,,,,,,,1,1,6,1,2
201500034207,0015-05-04 15:40:00,15,5,4,15,40,780,498,BERTEAUX MAURICE AVENUE,48.93241,2.04134,Plein jour,En agglomération,Autre intersection,Normale,Autre collision,,,,,,,,,,,1,2,9,1,6
201500034208,0015-04-28 11:25:00,15,4,28,11,25,780,498,GAMBETTA BD,,,Plein jour,En agglomération,Intersection en X,Normale,Autre collision,,,,,,,,,,,1,2,2,1,6
201500034209,0015-04-17 09:50:00,15,4,17,9,50,780,498,PONT ANCIEN RUE DU,,,Plein jour,Hors agglomération,Intersection en X,Normale,Deux véhicules - côté,,,,,,,,,,,1,1,2,1,3
201500034210,0015-04-24 14:35:00,15,4,24,14,35,780,643,GROSSE PIERRE RUE DE LA,,,Plein jour,En agglomération,Hors intersection,Normale,Trois véhicules et plus - en chaîne,,,,,,,,,,,1,2,1,1,4
201500034211,0015-09-30 21:50:00,15,9,30,21,50,780,138,GRANDE RUE (CHEMIN DE LA,,,Nuit sans éclairage public,Hors agglomération,Hors intersection,Normale,Autre collision,,,,,,,,,,,3,1,1,1,6
201500034212,0015-05-11 11:10:00,15,5,11,11,10,780,498,"111, VILLIERS RUE DE",48.92127,2.02111,Plein jour,En agglomération,Intersection en T,Normale,Autre collision,,,,,,,,,,,1,2,3,1,6
201500034213,0015-12-22 17:45:00,15,12,22,17,45,780,172,CERGY (RUE DE),,,Nuit sans éclairage public,En agglomération,Hors intersection,Normale,Deux véhicules - côté,,,,,,,,,,,3,2,1,1,3
201500034214,0015-05-15 07:50:00,15,5,15,7,50,780,643,LA VALLEE GOUJON (RUE DE,48.95982,1.98255,Plein jour,Hors agglomération,Hors intersection,Normale,Deux véhicules - côté,,,,,,,,,,,1,1,1,1,3
201500034215,0015-05-26 08:15:00,15,5,26,8,15,780,498,"2, PRECHEURS RUE DES",,,Plein jour,En agglomération,Intersection en X,Normale,Deux véhicules - côté,,,,,,,,,,,1,2,2,1,3
201500034216,0015-05-06 18:44:00,15,5,6,18,44,780,643,ORGEVAL ROUTE D',48.95981,1.98259,Plein jour,Hors agglomération,Giratoire,Normale,Deux véhicules - côté,,,,,,,,,,,1,1,6,1,3
201500034217,0015-05-12 17:33:00,15,5,12,17,33,780,498,"114, MALADRERIE AV DE LA",48.91816,2.02653,Plein jour,En agglomération,Intersection en T,Normale,Deux véhicules - arrière,,,,,,,,,,,1,2,3,1,2
201500034218,0015-05-07 17:25:00,15,5,7,17,25,780,498,"58, LYAUTEY AV DU MARECH",48.92958,2.04696,Plein jour,En agglomération,Hors intersection,Normale,Autre collision,,,,,,,,,,,1,2,1,1,6
201500034219,0015-05-07 08:33:00,15,5,7,8,33,780,624,POISSY AVENUE DE,48.95896,2.01748,Plein jour,En agglomération,Hors intersection,Normale,Deux véhicules - côté,,,,,,,,,,,1,2,1,1,3
201500034220,0015-05-12 23:10:00,15,5,12,23,10,780,498,"10, PONT ANCIEN RUE DU",48.93371,2.03993,Nuit avec éclairage allumé,En agglomération,Hors intersection,Normale,Autre collision,,,,,,,,,,,5,2,1,1,6
201500034221,0015-06-15 18:30:00,15,6,15,18,30,780,498,PLACE VERTE,48.93292,2.04338,Plein jour,En agglomération,Giratoire,Normale,Deux véhicules - côté,,,,,,,,,,,1,2,6,1,3
201500034222,0015-05-24 18:00:00,15,5,24,18,0,780,642,RD59,48.99544,1.95252,Plein jour,Hors agglomération,Hors intersection,Normale,Deux véhicules - frontale,,,,,,,,,,,1,1,1,1,1
201500034223,0015-06-07 00:41:00,15,6,7,0,41,780,643,RD1,,,Nuit sans éclairage public,Hors agglomération,Hors intersection,Normale,Autre collision,,,,,,,,,,,3,1,1,1,6
201500034224,0015-06-16 18:50:00,15,6,16,18,50,780,624,POISSY AVENUE DE,48.96485,2.01329,Plein jour,Hors agglomération,Giratoire,Normale,Deux véhicules - arrière,,,,,,,,,,,1,1,6,1,2
201500034225,0015-06-17 12:00:00,15,6,17,12,0,780,123,"18, SENETTE RUE DE LA",48.93756,2.036,Plein jour,Hors agglomération,Hors intersection,Normale,Autre collision,,,,,,,,,,,1,1,1,1,6
201500034226,0015-06-21 10:36:00,15,6,21,10,36,780,498,"27, GAMBETTA BD",48.93213,2.04463,Plein jour,En agglomération,Intersection en X,Normale,Autre collision,,,,,,,,,,,1,2,2,1,6
201500034227,0015-06-17 11:55:00,15,6,17,11,55,780,624,"398, DOUMER RUE PAUL",48.99246,1.98887,Plein jour,En agglomération,Hors intersection,Normale,Autre collision,,,,,,,,,,,1,2,1,1,6
201500034228,0015-06-21 17:25:00,15,6,21,17,25,780,498,"30, AIGREMONT RUE D'",48.91938,2.03419,Plein jour,En agglomération,Hors intersection,Normale,Autre collision,,,,,,,,,,,1,2,1,1,6
201500034229,0015-07-09 12:20:00,15,7,9,12,20,780,624,FRERES LEIRIS RUE DES,49.00717,2.00735,Plein jour,En agglomération,Hors intersection,Normale,Deux véhicules - côté,,,,,,,,,,,1,2,1,1,3
201500034230,0015-08-26 00:55:00,15,8,26,0,55,780,643,"25, TRIEL AVENUE DE",,,Nuit sans éclairage public,En agglomération,Hors intersection,Normale,Autre collision,,,,,,,,,,,3,2,1,1,6
201500034231,0015-08-09 21:00:00,15,8,9,21,0,780,123,GRANDE RUE,,,Plein jour,En agglomération,Intersection en T,Normale,Deux véhicules - côté,,,,,,,,,,,1,2,3,1,3
201500034232,0015-08-05 10:40:00,15,8,5,10,40,780,498,"13, HUGO BD VICTOR",,,Plein jour,En agglomération,Hors intersection,Normale,Autre collision,,,,,,,,,,,1,2,1,1,6
201500034233,0015-07-13 08:15:00,15,7,13,8,15,780,624,"00, DOUMER RUE PAUL",48.9745,2.00674,Plein jour,Hors agglomération,Hors intersection,Normale,Deux véhicules - côté,,,,,,,,,,,1,1,1,1,3
201500034234,0015-08-25 13:30:00,15,8,25,13,30,780,123,PIERRE DE COUBERTIN (AVE,,,Plein jour,En agglomération,Giratoire,Normale,Sans collision,,,,,,,,,,,1,2,6,1,7
201500034235,0015-08-29 05:15:00,15,8,29,5,15,780,624,RD1,,,Nuit avec éclairage allumé,En agglomération,Hors intersection,Normale,Autre collision,,,,,,,,,,,5,2,1,1,6
201500034236,0015-07-20 08:05:00,15,7,20,8,5,780,123,"22, CHAPELLE RUE E LA",48.937,2.019,Plein jour,En agglomération,Hors intersection,Normale,Sans collision,,,,,,,,,,,1,2,1,1,7
201500034237,0015-08-14 23:40:00,15,8,14,23,40,780,123,GRANDE RUE,48.95,2.041,Nuit avec éclairage allumé,En agglomération,Intersection en T,Normale,Deux véhicules - côté,,,,,,,,,,,5,2,3,1,3
201500034238,0015-09-01 12:55:00,15,9,1,12,55,780,642,"69, MALRAUX BD ANDRE",48.98104,1.972,Plein jour,En agglomération,Hors intersection,Normale,Autre collision,,,,,,,,,,,1,2,1,1,6
201500034239,0015-09-04 20:50:00,15,9,4,20,50,780,123,"34, PARC RUE DU",48.94158,2.03364,Nuit avec éclairage allumé,En agglomération,Intersection en T,Normale,Sans collision,,,,,,,,,,,5,2,3,1,7
201500034240,0015-09-09 08:50:00,15,9,9,8,50,780,498,"80, LEFEBVRE AV FERNAND",48.9243,2.05273,Plein jour,En agglomération,Hors intersection,Normale,Trois véhicules et plus - collisions multiples,,,,,,,,,,,1,2,1,1,5
201500034241,0015-09-30 17:32:00,15,9,30,17,32,780,498,"81, FOCH AV",48.93023,2.05144,Plein jour,En agglomération,Intersection en T,Normale,Autre collision,,,,,,,,,,,1,2,3,1,6
201500034242,0015-10-17 12:50:00,15,10,17,12,50,780,498,BEZE AVENUE THEODORE DE,,,Plein jour,En agglomération,Intersection en X,Normale,Autre collision,,,,,,,,,,,1,2,2,1,6
201500034243,0015-10-07 19:40:00,15,10,7,19,40,780,123,"139, HAUTIL AV DE L'",48.94541,2.036,Crépuscule ou aube,En agglomération,Hors intersection,Normale,Autre collision,,,,,,,,,,,2,2,1,1,6
201500034244,0015-10-20 16:00:00,15,10,20,16,0,780,498,", EISENHOWER AV DU GENER",48.0,2.0,Plein jour,En agglomération,Hors intersection,Normale,Deux véhicules - côté,,,,,,,,,,,1,2,1,1,3
201500034245,0015-10-03 11:15:00,15,10,3,11,15,780,498,"1, MALADRERIE AV DE LA",,,Plein jour,En agglomération,Intersection en T,Normale,Deux véhicules - côté,,,,,,,,,,,1,2,3,1,3
201500034246,0015-10-03 13:00:00,15,10,3,13,0,780,123,GRANDE RUE,,,Plein jour,Hors agglomération,Hors intersection,Normale,Autre collision,,,,,,,,,,,1,1,1,1,6
201500034247,0015-11-07 11:20:00,15,11,7,11,20,780,498,"16, SAINT LOUIS RUE",,,Plein jour,En agglomération,Hors intersection,Normale,Autre collision,,,,,,,,,,,1,2,1,1,6
201500034248,0015-11-06 20:00:00,15,11,6,20,0,780,123,EUROPE (RN 190) AVENUE D,48.9414,2.03222,Nuit avec éclairage allumé,En agglomération,Intersection en T,Normale,Deux véhicules - arrière,,,,,,,,,,,5,2,3,1,2
201500034249,0015-09-07 01:00:00,15,9,7,1,0,780,172,"22, DE GAULLE",,,Nuit avec éclairage allumé,En agglomération,Intersection en X,Normale,Deux véhicules - côté,,,,,,,,,,,5,2,2,1,3
201500034250,0015-09-23 19:40:00,15,9,23,19,40,780,138,"25, POISSY (AVENUE DE)",,,Plein jour,En agglomération,Hors intersection,Normale,Deux véhicules - frontale,,,,,,,,,,,1,2,1,1,1
201500034251,0015-12-22 16:43:00,15,12,22,16,43,780,498,"70, ROBESPIERRE BD",48.9351,2.059,Plein jour,En agglomération,Intersection en Y,Normale,Autre collision,,,,,,,,,,,1,2,4,1,6
201500034252,0015-12-27 20:20:00,15,12,27,20,20,780,498,GAMBETTA BD,48.93352,2.04307,Nuit avec éclairage allumé,En agglomération,Giratoire,Normale,Autre collision,,,,,,,,,,,5,2,6,1,6
201500034253,0015-03-01 19:24:00,15,3,1,19,24,780,498,SAINT SEBASTIEN RUE,,,Nuit avec éclairage allumé,En agglomération,Intersection en X,Normale,Trois véhicules et plus - en chaîne,,,,,,,,,,,5,2,2,1,4
201500034254,0015-03-11 17:25:00,15,3,11,17,25,780,498,MALADRERIE AV DE LA,,,Plein jour,En agglomération,Intersection en T,Normale,Deux véhicules - arrière,,,,,,,,,,,1,2,3,1,2
201500034255,0015-03-04 12:50:00,15,3,4,12,50,780,498,avenue du cep,,,Plein jour,Hors agglomération,Hors intersection,Normale,Autre collision,,,,,,,,,,,1,1,1,1,6
201500034256,0015-03-28 16:30:00,15,3,28,16,30,780,498,"44, GAMBETTA BD",,,Plein jour,En agglomération,Hors intersection,Normale,Trois véhicules et plus - en chaîne,,,,,,,,,,,1,2,1,1,4
201500034257,0015-04-15 08:00:00,15,4,15,8,0,780,498,URSULINES AV DES,,,Plein jour,En agglomération,Hors intersection,Normale,Deux véhicules - côté,,,,,,,,,,,1,2,1,1,3
201500034258,0015-12-19 18:05:00,15,12,19,18,5,780,397,DEPARTEMENTALE 13 (ROUTE,,,Nuit sans éclairage public,Hors agglomération,Hors intersection,Normale,Deux véhicules - frontale,,,,,,,,,,,3,1,1,1,1
201500034259,0015-03-02 11:00:00,15,3,2,11,0,780,383,SORTIE R.N 10 (BRETELLE),,,Plein jour,Hors agglomération,Hors intersection,Normale,Deux véhicules - arrière,,,,,,,,,,,1,1,1,1,2
201500034260,0015-11-17 17:30:00,15,11,17,17,30,780,297,EGLISE (PLACE DE L'),,,Nuit sans éclairage public,En agglomération,Hors intersection,Pluie forte,Deux véhicules - frontale,,,,,,,,,,,3,2,1,3,1
201500034261,0015-03-08 01:30:00,15,3,8,1,30,780,383,VILLEDIEU (AVENUE DE LA),,,Nuit avec éclairage allumé,En agglomération,Giratoire,Normale,Deux véhicules - côté,,,,,,,,,,,5,2,6,1,3
201500034262,0015-11-19 13:00:00,15,11,19,13,0,780,688,"0, PORT ROYAL (RUE DE)",,,Plein jour,En agglomération,Hors intersection,Pluie légère,Trois véhicules et plus - collisions multiples,,,,,,,,,,,1,2,1,2,5
201500034263,0015-03-12 13:00:00,15,3,12,13,0,780,208,"43 TER, TRAPPES (ROUTE D",,,Plein jour,En agglomération,Hors intersection,Normale,Deux véhicules - côté,,,,,,,,,,,1,2,1,1,3
201500034264,0015-10-16 20:55:00,15,10,16,20,55,780,397,DEPARTEMENTALE 13 (ROUTE,,,Nuit avec éclairage allumé,En agglomération,Hors intersection,Normale,Autre collision,,,,,,,,,,,5,2,1,1,6
201500034265,0015-03-06 21:50:00,15,3,6,21,50,780,297,LE CORBUSIER (RUE),,,Nuit avec éclairage allumé,En agglomération,Hors intersection,Normale,Deux véhicules - côté,,,,,,,,,,,5,2,1,1,3
201500034266,0015-11-27 08:45:00,15,11,27,8,45,780,297,"..., FERRE (RUE LEO)",,,Plein jour,En agglomération,Hors intersection,Normale,Autre collision,,,,,,,,,,,1,2,1,1,6
201500034267,0015-04-02 14:45:00,15,4,2,14,45,780,168,Route nationale 10,,,Plein jour,En agglomération,Hors intersection,Pluie forte,Trois véhicules et plus - en chaîne,,,,,,,,,,,1,2,1,3,4
201500034268,0015-03-10 20:40:00,15,3,10,20,40,780,621,"indet, MONMOUSSEAU (RUE",,,Nuit avec éclairage allumé,En agglomération,Intersection en X,Normale,Deux véhicules - arrière,,,,,,,,,,,5,2,2,1,2
201500034269,0015-03-08 16:25:00,15,3,8,16,25,780,297,CD 91,,,Plein jour,Hors agglomération,Hors intersection,Normale,Autre collision,,,,,,,,,,,1,1,1,1,6
201500034270,0015-03-23 09:00:00,15,3,23,9,0,780,621,DELACROIX (RUE EUGENE),,,Plein jour,En agglomération,Hors intersection,Normale,Deux véhicules - côté,,,,,,,,,,,1,2,1,1,3
201500034271,0015-04-16 13:45:00,15,4,16,13,45,780,621,POLITZER (AVENUE GEORGES,,,Plein jour,En agglomération,Intersection en T,Normale,Deux véhicules - côté,,,,,,,,,,,1,2,3,1,3
201500034272,0015-06-29 19:30:00,15,6,29,19,30,780,621,"INDET, LAGRANGE (RUE LEO",,,Crépuscule ou aube,En agglomération,Hors intersection,Normale,Sans collision,,,,,,,,,,,2,2,1,1,7
201500034273,0015-04-26 04:30:00,15,4,26,4,30,780,168,Route nationale 10,,,Nuit avec éclairage allumé,En agglomération,Hors intersection,Normale,Deux véhicules - arrière,,,,,,,,,,,5,2,1,1,2
201500034274,0015-04-12 20:00:00,15,4,12,20,0,780,397,HABERT DE MONTMORT (AVEN,,,Crépuscule ou aube,En agglomération,Hors intersection,Normale,Deux véhicules - côté,,,,,,,,,,,2,2,1,1,3
201500034275,0015-04-07 08:50:00,15,4,7,8,50,780,168,GARE (AVENUE DE LA),,,Plein jour,En agglomération,Hors intersection,Normale,Autre collision,,,,,,,,,,,1,2,1,1,6
201500034276,0015-07-02 08:40:00,15,7,2,8,40,780,168,Route nationale 10,,,Plein jour,En agglomération,Autre intersection,Normale,Deux véhicules - côté,,,,,,,,,,,1,2,9,1,3
201500034277,0015-06-19 08:30:00,15,6,19,8,30,780,208,MESNIL (ROUTE DU) 274,,,Plein jour,En agglomération,Hors intersection,Normale,Deux véhicules - côté,,,,,,,,,,,1,2,1,1,3
201500034278,0015-06-01 16:10:00,15,6,1,16,10,780,621,HENNEQUIN (AVENUE ROGER),,,Plein jour,En agglomération,Intersection en X,Normale,Deux véhicules - côté,,,,,,,,,,,1,2,2,1,3
201500034279,0015-08-16 20:40:00,15,8,16,20,40,780,621,ZAY (RUE JEAN),,,Crépuscule ou aube,En agglomération,Hors intersection,Normale,Deux véhicules - côté,,,,,,,,,,,2,2,1,1,3
201500034280,0015-08-07 09:20:00,15,8,7,9,20,780,621,CASTIGLIONE DEL LAGO (RU,,,Plein jour,En agglomération,Giratoire,Normale,Deux véhicules - côté,,,,,,,,,,,1,2,6,1,3
201500034281,0015-08-09 20:25:00,15,8,9,20,25,780,621,DREUX (ROUTE DE),,,Plein jour,Hors agglomération,Autre intersection,Normale,Deux véhicules - arrière,,,,,,,,,,,1,1,9,1,2
201500034282,0015-08-27 20:05:00,15,8,27,20,5,780,383,"IGNORE, LANGRES (AVENUE",,,Crépuscule ou aube,En agglomération,Hors intersection,Pluie forte,Autre collision,,,,,,,,,,,2,2,1,3,6
201500034283,0015-06-16 18:50:00,15,6,16,18,50,780,297,ARMSTRONG (RUE NEIL),,,Plein jour,En agglomération,Hors intersection,Normale,Autre collision,,,,,,,,,,,1,2,1,1,6
201500034284,0015-07-21 15:30:00,15,7,21,15,30,780,423,PROUST (RUE MARCEL),,,Plein jour,En agglomération,Giratoire,Normale,Autre collision,,,,,,,,,,,1,2,6,1,6
201500034285,0015-09-30 15:40:00,15,9,30,15,40,780,423,"11, KESSEL (AVENUE JOSEP",,,Plein jour,En agglomération,Intersection en X,Normale,Deux véhicules - côté,,,,,,,,,,,1,2,2,1,3
201500034286,0015-09-11 14:00:00,15,9,11,14,0,780,208,"IDET, HUIT MAI 1945 (AVE",,,Plein jour,En agglomération,Hors intersection,Normale,Sans collision,,,,,,,,,,,1,2,1,1,7
201500034287,0015-09-20 09:00:00,15,9,20,9,0,780,621,"INDT, PASTEUR MARTIN LUT",,,Plein jour,En agglomération,Hors intersection,Normale,Autre collision,,,,,,,,,,,1,2,1,1,6
201500034288,0015-11-07 23:20:00,15,11,7,23,20,780,621,"59, POLITZER (AVENUE GEO",,,Nuit avec éclairage allumé,En agglomération,Hors intersection,Normale,Autre collision,,,,,,,,,,,5,2,1,1,6
201500034289,0015-11-10 16:15:00,15,11,10,16,15,780,297,BLERIOT (RUE LOUIS),,,Plein jour,En agglomération,Hors intersection,Normale,Trois véhicules et plus - collisions multiples,,,,,,,,,,,1,2,1,1,5
201500034290,0015-09-08 12:50:00,15,9,8,12,50,780,297,CROIZAT (RUE AMBROISE),,,Plein jour,En agglomération,Hors intersection,Normale,Autre collision,,,,,,,,,,,1,2,1,1,6
201500034291,0015-03-14 00:15:00,15,3,14,0,15,780,621,NATIONALE 10 (ROUTE),,,Nuit avec éclairage allumé,En agglomération,Hors intersection,Normale,Deux véhicules - arrière,,,,,,,,,,,5,2,1,1,2
201500034292,0015-04-08 15:20:00,15,4,8,15,20,780,383,NATIONALE 10 (ROUTE),,,Plein jour,Hors agglomération,Hors intersection,Normale,Sans collision,,,,,,,,,,,1,1,1,1,7
201500034293,0015-06-20 19:45:00,15,6,20,19,45,780,208,DAMPIERRE (ROUTE DE),,,Plein jour,En agglomération,Hors intersection,Normale,Deux véhicules - côté,,,,,,,,,,,1,2,1,1,3
201500034294,0015-01-23 18:25:00,15,1,23,18,25,780,297,BEREGOVOY (PLACE PIERRE),,,Nuit avec éclairage allumé,En agglomération,Hors intersection,Normale,Autre collision,,,,,,,,,,,5,2,1,1,6
201500034295,0015-02-17 17:30:00,15,2,17,17,30,780,297,AVENUE DES GARENN,,,Plein jour,En agglomération,Hors intersection,Normale,Sans collision,,,,,,,,,,,1,2,1,1,7
201500034296,0015-01-02 15:10:00,15,1,2,15,10,780,311,"45, BAPAUME (RUE DE)",,,Plein jour,En agglomération,Intersection en X,Normale,Autre collision,,,,,,,,,,,1,2,2,1,6
201500034297,0015-01-30 17:55:00,15,1,30,17,55,780,311,"110, HENRI BARBUSSE (BOU",,,Nuit avec éclairage allumé,En agglomération,Hors intersection,Normale,Autre collision,,,,,,,,,,,5,2,1,1,6
201500034298,0015-03-13 12:15:00,15,3,13,12,15,780,124,"318, SAINT GERMAIN (ROUT",,,Plein jour,En agglomération,Intersection en T,Normale,Deux véhicules - côté,,,,,,,,,,,1,2,3,1,3
201500034299,0015-05-04 17:10:00,15,5,4,17,10,780,311,JEAN JAURES (BOULEVARD),,,Plein jour,En agglomération,Intersection en X,Pluie légère,Autre collision,,,,,,,,,,,1,2,2,2,6
201500034300,0015-01-12 08:05:00,15,1,12,8,5,780,362,"01, RUE JEAN JAOUEN",,,Crépuscule ou aube,En agglomération,Hors intersection,Normale,Autre collision,,,,,,,,,,,2,2,1,1,6
201500034301,0015-03-03 13:55:00,15,3,3,13,55,780,362,"00, RUE DES DEUX GARES",48.59448,1.42444,Plein jour,En agglomération,Intersection en X,Normale,Deux véhicules - côté,,,,,,,,,,,1,2,2,1,3
201500034302,0015-01-12 15:55:00,15,1,12,15,55,780,362,AVENUE DU BREUIL,,,Plein jour,En agglomération,Hors intersection,Normale,Autre collision,,,,,,,,,,,1,2,1,1,6
201500034303,0015-03-04 19:10:00,15,3,4,19,10,780,335,"06, RUE LAFARGE",,,Nuit avec éclairage allumé,En agglomération,Hors intersection,Normale,Autre collision,,,,,,,,,,,5,2,1,1,6
201500034304,0015-02-21 14:00:00,15,2,21,14,0,780,361,PLACE DU MAL DE LATT,,,Plein jour,En agglomération,Giratoire,Temps couvert,Deux véhicules - arrière,,,,,,,,,,,1,2,6,8,2
201500034305,0015-03-05 15:00:00,15,3,5,15,0,780,354,"51, RUE DES GRAVIERS",48.97305,1.69267,Plein jour,En agglomération,Hors intersection,Normale,Autre collision,,,,,,,,,,,1,2,1,1,6
201500034306,0015-02-25 10:10:00,15,2,25,10,10,780,267,"00, RUE GABRIEL PERI",,,Plein jour,En agglomération,Giratoire,Temps couvert,Autre collision,,,,,,,,,,,1,2,6,8,6
201500034307,0015-03-06 08:05:00,15,3,6,8,5,780,267,"00, RUE DES PRES L ABBE",,,Plein jour,En agglomération,Intersection en X,Normale,Deux véhicules - côté,,,,,,,,,,,1,2,2,1,3
201500034308,0015-03-21 11:10:00,15,3,21,11,10,780,267,"11, AVENUE DU COLONEL FA",,,Plein jour,En agglomération,Hors intersection,Normale,Autre collision,,,,,,,,,,,1,2,1,1,6