accident_id,datetime,annee,mois,jour,heure,minute,departement,commune_insee,adresse,latitude,longitude,luminosite,agglomeration,intersection,meteo,collision,nb_vehicules,nb_usagers,nb_indemnes,nb_tues,nb_blesses_hosp,nb_blesses_legers,age_cond_1,age_cond_2,veh_type_cond_1,veh_type_cond_2,lum_code,agg_code,int_code,atm_code,col_code
201500034309,0015-03-29 16:55:00,15,3,29,16,55,780,354,AVENUE DE L EUROPE,48.97522,1.69219,Plein jour,En agglomération,Intersection en X,Pluie légère,Deux véhicules - côté,,,,,,,,,,,1,2,2,2,3
201500034310,0015-04-05 14:30:00,15,4,5,14,30,780,335,R.D 146,48.97925,1.75264,Plein jour,En agglomération,Hors intersection,Normale,Sans collision,,,,,,,,,,,1,2,1,1,7
201500034311,0015-04-06 16:15:00,15,4,6,16,15,780,361,BOULEVARD SULLY 3,49.00744,1.69722,Plein jour,En agglomération,Hors intersection,Normale,Autre collision,,,,,,,,,,,1,2,1,1,6
201500034312,0015-04-15 19:40:00,15,4,15,19,40,780,361,"00, AVENUE DU GENERAL DE",48.99625,1.68358,Plein jour,En agglomération,Intersection en X,Normale,Deux véhicules - côté,,,,,,,,,,,1,2,2,1,3
201500034313,0015-04-21 17:35:00,15,4,21,17,35,780,335,"12, RUE DES HAUTS CELEST",49.00438,1.73678,Plein jour,En agglomération,Hors intersection,Normale,Autre collision,,,,,,,,,,,1,2,1,1,6
201500034314,0015-04-28 06:30:00,15,4,28,6,30,780,217,R.D 130,48.97061,1.80956,Plein jour,En agglomération,Hors intersection,Normale,Trois véhicules et plus - collisions multiples,,,,,,,,,,,1,2,1,1,5
201500034315,0015-05-24 17:25:00,15,5,24,17,25,780,217,CD 113,48.9611,1.80792,Plein jour,En agglomération,Intersection en X,Normale,Deux véhicules - côté,,,,,,,,,,,1,2,2,1,3
201500034316,0015-06-05 17:55:00,15,6,5,17,55,780,361,"00, AVENUE ALBERT CAMUS",49.0009,1.69133,Plein jour,En agglomération,Intersection en T,Normale,Autre collision,,,,,,,,,,,1,2,3,1,6
201500034317,0015-07-01 13:55:00,15,7,1,13,55,780,361,BD SULLY / rue Ch. Gouno,48.9984,1.67689,Plein jour,En agglomération,Hors intersection,Normale,Autre collision,,,,,,,,,,,1,2,1,1,6
201500034318,0015-07-28 15:20:00,15,7,28,15,20,780,362,"47, RUE DES MEUNIERS",48.986,1.69597,Plein jour,En agglomération,Hors intersection,Normale,Autre collision,,,,,,,,,,,1,2,1,1,6
201500034319,0015-07-10 20:55:00,15,7,10,20,55,780,335,"41, RUE ABEL PLISSON",48.9903,1.74031,Plein jour,En agglomération,Hors intersection,Normale,Autre collision,,,,,,,,,,,1,2,1,1,6
201500034320,0015-08-09 20:20:00,15,8,9,20,20,780,327,"00, RUE DE LA CHARTRE",49.00438,1.84183,Plein jour,Hors agglomération,Hors intersection,Normale,Sans collision,,,,,,,,,,,1,1,1,1,7
201500034321,0015-08-10 17:30:00,15,8,10,17,30,780,361,113   RD,48.99811,1.66127,Plein jour,Hors agglomération,Hors intersection,Normale,Deux véhicules - frontale,,,,,,,,,,,1,1,1,1,1
201500034322,0015-08-26 08:25:00,15,8,26,8,25,780,354,"00, AVENUE PIERRE BEREGO",48.9625,1.67911,Plein jour,En agglomération,Intersection en T,Normale,Autre collision,,,,,,,,,,,1,2,3,1,6
201500034323,0015-10-22 11:20:00,15,10,22,11,20,780,267,"57, AVENUE LUCIE DESNOS",48.98791,1.81025,Plein jour,En agglomération,Hors intersection,Normale,Autre collision,,,,,,,,,,,1,2,1,1,6
201500034324,0015-10-27 08:40:00,15,10,27,8,40,780,267,"56 BIS, AVENUE DU COLONE",,,Plein jour,En agglomération,Intersection en T,Normale,Deux véhicules - frontale,,,,,,,,,,,1,2,3,1,1
201500034325,0015-11-27 16:55:00,15,11,27,16,55,780,267,AVENUE DE PARIS,48.9881,1.81022,Crépuscule ou aube,En agglomération,Intersection en X,Normale,Deux véhicules - côté,,,,,,,,,,,2,2,2,1,3
201500034326,0015-01-07 17:15:00,15,1,7,17,15,780,350,"64, VERSAILLES (ROUTE DE",,,Crépuscule ou aube,En agglomération,Autre intersection,Pluie légère,Deux véhicules - arrière,,,,,,,,,,,2,2,9,2,2
201500034327,0015-01-22 18:25:00,15,1,22,18,25,780,502,"11, PARIS (RUE DE)",,,Nuit avec éclairage allumé,En agglomération,Hors intersection,Normale,Autre collision,,,,,,,,,,,5,2,1,1,6
201500034328,0015-03-09 08:03:00,15,3,9,8,3,780,238,CD 14,,,Plein jour,Hors agglomération,Hors intersection,Normale,Deux véhicules - arrière,,,,,,,,,,,1,1,1,1,2
201500034329,0015-03-26 14:40:00,15,3,26,14,40,780,401,BRIGITTE GROS (PLACE),,,Plein jour,En agglomération,Place,Pluie légère,Autre collision,,,,,,,,,,,1,2,7,2,6
201500034330,0015-03-27 16:55:00,15,3,27,16,55,780,440,EUROPE (AVENUE DE L'),,,Plein jour,En agglomération,Hors intersection,Normale,Autre collision,,,,,,,,,,,1,2,1,1,6
201500034331,0015-04-08 16:40:00,15,4,8,16,40,780,609,CD 28,,,Plein jour,Hors agglomération,Hors intersection,Normale,Sans collision,,,,,,,,,,,1,1,1,1,7
201500034332,0015-04-08 19:05:00,15,4,8,19,5,780,440,PAUL RAOULT (AVENUE),,,Plein jour,En agglomération,Hors intersection,Normale,Sans collision,,,,,,,,,,,1,2,1,1,7
201500034333,0015-04-18 19:40:00,15,4,18,19,40,780,401,RHIN ET DANUBE (PONT),,,Plein jour,En agglomération,Hors intersection,Normale,Deux véhicules - arrière,,,,,,,,,,,1,2,1,1,2
201500034334,0015-04-20 15:08:00,15,4,20,15,8,780,401,RHIN ET DANUBE (PONT),,,Plein jour,En agglomération,Hors intersection,Normale,Autre collision,,,,,,,,,,,1,2,1,1,6
201500034335,0015-04-27 10:20:00,15,4,27,10,20,780,238,CD 14,,,Plein jour,Hors agglomération,Hors intersection,Normale,Deux véhicules - frontale,,,,,,,,,,,1,1,1,1,1
201500034336,0015-05-09 16:05:00,15,5,9,16,5,780,440,RHIN ET DANUBE (PONT),,,Plein jour,En agglomération,Hors intersection,Normale,Trois véhicules et plus - collisions multiples,,,,,,,,,,,1,2,1,1,5
201500034337,0015-05-22 08:15:00,15,5,22,8,15,780,401,"8, THIERS (BOULEVARD)",,,Plein jour,En agglomération,Hors intersection,Normale,Deux véhicules - frontale,,,,,,,,,,,1,2,1,1,1
201500034338,0015-05-26 13:45:00,15,5,26,13,45,780,440,JEAN MONNET (RUE),,,Plein jour,En agglomération,Hors intersection,Normale,Autre collision,,,,,,,,,,,1,2,1,1,6
201500034339,0015-05-27 17:45:00,15,5,27,17,45,780,440,JEAN-JACQUES ROUSSEAU (R,,,Plein jour,En agglomération,Intersection en X,Normale,Autre collision,,,,,,,,,,,1,2,2,1,6
201500034340,0015-06-01 13:15:00,15,6,1,13,15,780,440,MARECHAL FOCH (AVENUE DU,,,Plein jour,En agglomération,Hors intersection,Normale,Trois véhicules et plus - en chaîne,,,,,,,,,,,1,2,1,1,4
201500034341,0015-05-16 23:10:00,15,5,16,23,10,780,401,EVECQUEMONT (CHEMIN D'),,,Nuit avec éclairage allumé,En agglomération,Intersection en T,Normale,Deux véhicules - côté,,,,,,,,,,,5,2,3,1,3
201500034342,0015-06-04 17:25:00,15,6,4,17,25,780,440,VERNEUIL (ROUTE DE),,,Plein jour,En agglomération,Intersection en T,Normale,Deux véhicules - côté,,,,,,,,,,,1,2,3,1,3
201500034343,0015-06-06 17:20:00,15,6,6,17,20,780,299,CHATEAU (RUEDU),,,Plein jour,En agglomération,Giratoire,Normale,Deux véhicules - frontale,,,,,,,,,,,1,2,6,1,1
201500034344,0015-06-22 12:10:00,15,6,22,12,10,780,440,"20, JEAN DE LA FONTAINE",,,Plein jour,En agglomération,Hors intersection,Normale,Autre collision,,,,,,,,,,,1,2,1,1,6
201500034345,0015-06-27 10:50:00,15,6,27,10,50,780,440,PAUL RAOULT (AVENUE),,,Plein jour,En agglomération,Hors intersection,Normale,Trois véhicules et plus - collisions multiples,,,,,,,,,,,1,2,1,1,5
201500034346,0015-06-30 18:00:00,15,6,30,18,0,780,440,AMPERE (RUE),,,Plein jour,En agglomération,Intersection en X,Normale,Deux véhicules - côté,,,,,,,,,,,1,2,2,1,3
201500034347,0015-07-05 19:15:00,15,7,5,19,15,780,440,"30, ARISTIDE BRIAND (RUE",,,Plein jour,En agglomération,Hors intersection,Normale,Deux véhicules - côté,,,,,,,,,,,1,2,1,1,3
201500034348,0015-07-28 18:15:00,15,7,28,18,15,780,401,AULNES (AVENUE DES),,,Plein jour,En agglomération,Hors intersection,Pluie légère,Autre collision,,,,,,,,,,,1,2,1,2,6
201500034349,0015-08-26 10:55:00,15,8,26,10,55,780,401,THIERS (BOULEVARD),,,Plein jour,En agglomération,Hors intersection,Normale,Autre collision,,,,,,,,,,,1,2,1,1,6
201500034350,0015-09-06 06:50:00,15,9,6,6,50,780,638,GENERAL DE GAULLE (RUE D,,,Crépuscule ou aube,En agglomération,Hors intersection,Normale,Deux véhicules - côté,,,,,,,,,,,2,2,1,1,3
201500034351,0015-09-10 20:15:00,15,9,10,20,15,780,440,MARECHAL FOCH (AVENUE DU,,,Crépuscule ou aube,En agglomération,Intersection en T,Normale,Deux véhicules - côté,,,,,,,,,,,2,2,3,1,3
201500034352,0015-09-12 15:10:00,15,9,12,15,10,780,261,MEULAN A CAUDEBEC (ROUTE,,,Plein jour,Hors agglomération,Hors intersection,Pluie forte,Deux véhicules - côté,,,,,,,,,,,1,1,1,3,3
201500034353,0015-10-07 20:20:00,15,10,7,20,20,780,440,RHIN ET DANUBE (PONT),,,Nuit avec éclairage allumé,En agglomération,Hors intersection,Pluie légère,Trois véhicules et plus - en chaîne,,,,,,,,,,,5,2,1,2,4
201500034354,0015-10-12 07:30:00,15,10,12,7,30,780,440,RHIN ET DANUBE (PONT),,,Crépuscule ou aube,En agglomération,Hors intersection,Normale,Trois véhicules et plus - collisions multiples,,,,,,,,,,,2,2,1,1,5
201500034355,0015-10-13 13:00:00,15,10,13,13,0,780,29,"30, PLATEAU (RUE DU)",,,Plein jour,En agglomération,Hors intersection,Normale,Sans collision,,,,,,,,,,,1,2,1,1,7
201500034356,0015-10-03 00:05:00,15,10,3,0,5,780,638,D 922,,,Nuit sans éclairage public,Hors agglomération,Hors intersection,Normale,Autre collision,,,,,,,,,,,3,1,1,1,6
201500034357,0015-10-26 15:30:00,15,10,26,15,30,780,299,"21, MEZY (CHEMIN DE)",,,Plein jour,En agglomération,Intersection en T,Normale,Autre collision,,,,,,,,,,,1,2,3,1,6
201500034358,0015-10-30 18:52:00,15,10,30,18,52,780,440,"92, PAUL RAOULT (AVENUE)",,,Plein jour,Hors agglomération,Hors intersection,Normale,Autre collision,,,,,,,,,,,1,1,1,1,6
201500034359,0015-10-31 11:35:00,15,10,31,11,35,780,440,PAUL RAOULT (AVENUE),,,Plein jour,En agglomération,Giratoire,Normale,Autre collision,,,,,,,,,,,1,2,6,1,6
201500034360,0015-11-07 17:30:00,15,11,7,17,30,780,227,CD 922,,,Crépuscule ou aube,Hors agglomération,Autre intersection,Normale,Sans collision,,,,,,,,,,,2,1,9,1,7
201500034361,0015-11-13 16:15:00,15,11,13,16,15,780,29,"1, PEUPLIERS (ALLEE DES",,,Plein jour,En agglomération,Hors intersection,Normale,Autre collision,,,,,,,,,,,1,2,1,1,6
201500034362,0015-12-04 11:30:00,15,12,4,11,30,780,401,CD 28,,,Plein jour,Hors agglomération,Hors intersection,Normale,Deux véhicules - côté,,,,,,,,,,,1,1,1,1,3
201500034363,0015-12-17 07:20:00,15,12,17,7,20,780,609,CD 28,,,Crépuscule ou aube,En agglomération,Giratoire,Normale,Deux véhicules - côté,,,,,,,,,,,2,2,6,1,3
201500034364,0015-12-22 17:59:00,15,12,22,17,59,780,440,"24, PAUL RAOULT (AVENUE)",,,Nuit avec éclairage allumé,En agglomération,Intersection en X,Normale,Sans collision,,,,,,,,,,,5,2,2,1,7
201500034365,0015-12-30 15:15:00,15,12,30,15,15,780,440,RPUBLIQUE (RUE DE LA),,,Plein jour,En agglomération,Intersection à plus de 4 branches,Normale,Autre collision,,,,,,,,,,,1,2,5,1,6
201500034366,0015-01-05 17:40:00,15,1,5,17,40,780,440,PAUL RAOULT (AVENUE),,,Nuit avec éclairage allumé,En agglomération,Hors intersection,Brouillard / fumée,Autre collision,,,,,,,,,,,5,2,1,5,6
201500034367,0015-01-14 11:40:00,15,1,14,11,40,780,609,CD 28,,,Plein jour,Hors agglomération,Hors intersection,Neige / grêle,Deux véhicules - arrière,,,,,,,,,,,1,1,1,4,2
201500034368,0015-01-28 18:30:00,15,1,28,18,30,780,401,"19, ANNONCIADES (RUE DES",,,Nuit avec éclairage allumé,En agglomération,Hors intersection,Pluie légère,Sans collision,,,,,,,,,,,5,2,1,2,7
201500034369,0015-08-29 15:35:00,15,8,29,15,35,780,238,C.C. CARREFOUR FLINS,,,Plein jour,Hors agglomération,Intersection en T,Normale,Deux véhicules - côté,,,,,,,,,,,1,1,3,1,3
201500034370,0015-01-14 13:45:00,15,1,14,13,45,780,401,,,,Plein jour,En agglomération,Intersection en X,Normale,Autre collision,,,,,,,,,,,1,2,2,1,6
201500034371,0015-01-21 08:30:00,15,1,21,8,30,780,638,PARIS (AVENUE DE),,,Plein jour,En agglomération,Autre intersection,Normale,Deux véhicules - côté,,,,,,,,,,,1,2,9,1,3
201500034372,0015-02-21 05:23:00,15,2,21,5,23,780,440,"face 3, PAUL RAOULT (AVE",,,Nuit avec éclairage allumé,En agglomération,Hors intersection,Normale,Sans collision,,,,,,,,,,,5,2,1,1,7
201500034373,0015-02-27 11:40:00,15,2,27,11,40,780,440,BECHEVILLE (RUE DE),,,Plein jour,En agglomération,Giratoire,Normale,Deux véhicules - côté,,,,,,,,,,,1,2,6,1,3
201500034374,0015-02-22 10:45:00,15,2,22,10,45,780,401,ALBERT JOZON (RUE),,,Plein jour,En agglomération,Hors intersection,Normale,Deux véhicules - arrière,,,,,,,,,,,1,2,1,1,2
201500034375,0015-10-31 18:15:00,15,10,31,18,15,780,490,SAINT GERMAIN (AVENUE DE,,,Crépuscule ou aube,En agglomération,Intersection en X,Normale,Autre collision,,,,,,,,,,,2,2,2,1,6
201500034376,0015-06-04 21:30:00,15,6,4,21,30,780,490,SAINT GERMAIN (AVENUE D,,,Plein jour,En agglomération,Intersection en X,Normale,Deux véhicules - côté,,,,,,,,,,,1,2,2,1,3
201500034377,0015-12-29 11:00:00,15,12,29,11,0,780,545,"2, MANSART (RUE)",,,Plein jour,En agglomération,Hors intersection,Normale,Autre collision,,,,,,,,,,,1,2,1,1,6
201500034378,0015-07-04 00:35:00,15,7,4,0,35,780,545,"68, PERI (RUE GABRIEL)",,,Nuit avec éclairage allumé,En agglomération,Hors intersection,Normale,Autre collision,,,,,,,,,,,5,2,1,1,6
201500034379,0015-04-24 17:00:00,15,4,24,17,0,780,490,RD 109,48.8348,1.9594,Plein jour,En agglomération,Hors intersection,Normale,Deux véhicules - arrière,,,,,,,,,,,1,2,1,1,2
201500034380,0015-07-21 19:02:00,15,7,21,19,2,780,545,"86, CURIE (AVENUE PIERRE",48.7972,2.05769,Plein jour,En agglomération,Intersection en T,Normale,Deux véhicules - côté,,,,,,,,,,,1,2,3,1,3
201500034381,0015-11-22 15:50:00,15,11,22,15,50,780,490,DEUX PLATEAUX (ROUTE DES,,,Plein jour,En agglomération,Hors intersection,Normale,Autre collision,,,,,,,,,,,1,2,1,1,6
201500034382,0015-06-19 17:05:00,15,6,19,17,5,780,545,BARBUSSE (BOULEVARD HENR,,,Plein jour,En agglomération,Hors intersection,Normale,Deux véhicules - arrière,,,,,,,,,,,1,2,1,1,2
201500034383,0015-04-28 16:15:00,15,4,28,16,15,780,545,"32, BARBUSSE (BOULEVARD",,,Plein jour,En agglomération,Hors intersection,Normale,Autre collision,,,,,,,,,,,1,2,1,1,6
201500034384,0015-12-05 17:10:00,15,12,5,17,10,780,490,DEUX PLATEAUX (ROUTE DES,,,Crépuscule ou aube,Hors agglomération,Hors intersection,Normale,Deux véhicules - frontale,,,,,,,,,,,2,1,1,1,1
201500034385,0015-06-26 19:30:00,15,6,26,19,30,780,545,"115, CURIE (AVENUE PIERR",,,Plein jour,En agglomération,Intersection en T,Normale,Deux véhicules - côté,,,,,,,,,,,1,2,3,1,3
201500034386,0015-12-08 12:10:00,15,12,8,12,10,780,674,CD 161,,,Plein jour,Hors agglomération,Hors intersection,Normale,Autre collision,,,,,,,,,,,1,1,1,1,6
201500034387,0015-05-29 16:00:00,15,5,29,16,0,780,674,"7, TOURAINE (AVENUE DE)",,,Plein jour,En agglomération,Hors intersection,Normale,Autre collision,,,,,,,,,,,1,2,1,1,6
201500034388,0015-08-25 12:10:00,15,8,25,12,10,780,73,"2 TER, ROBESPIERRE (RUE)",,,Plein jour,En agglomération,Hors intersection,Normale,Autre collision,,,,,,,,,,,1,2,1,1,6
201500034389,0015-08-27 16:30:00,15,8,27,16,30,780,490,SAINT GERMAIN (AVENUE DE,,,Plein jour,En agglomération,Hors intersection,Normale,Deux véhicules - arrière,,,,,,,,,,,1,2,1,1,2
201500034390,0015-09-17 18:05:00,15,9,17,18,5,780,545,"10, CURIE (AVENUE PIERRE",,,Plein jour,En agglomération,Hors intersection,Normale,Autre collision,,,,,,,,,,,1,2,1,1,6
201500034391,0015-09-28 15:00:00,15,9,28,15,0,780,73,BARBUSSE  (RUE HENRI),,,Plein jour,En agglomération,Intersection en X,Normale,Deux véhicules - côté,,,,,,,,,,,1,2,2,1,3
201500034392,0015-09-12 15:30:00,15,9,12,15,30,780,490,"0, VICOMTES (RUE DES)",,,Plein jour,Hors agglomération,Hors intersection,Normale,Autre collision,,,,,,,,,,,1,1,1,1,6
201500034393,0015-09-17 07:20:00,15,9,17,7,20,780,242,REPUBLIQUE (AVENUE DE LA,48.80991,2.0424,Nuit avec éclairage allumé,En agglomération,Hors intersection,Normale,Autre collision,,,,,,,,,,,5,2,1,1,6
201500034394,0015-11-30 19:40:00,15,11,30,19,40,780,73,", JAURES (AVENUE JEAN)",,,Nuit avec éclairage allumé,En agglomération,Hors intersection,Normale,Autre collision,,,,,,,,,,,5,2,1,1,6
201500034395,0015-08-10 12:30:00,15,8,10,12,30,780,640,SADI LECOINTE (RUE),,,Plein jour,En agglomération,Autre intersection,Normale,Deux véhicules - côté,,,,,,,,,,,1,2,9,1,3
201500034396,0015-12-04 16:30:00,15,12,4,16,30,780,490,HUIT MAI 45,,,Plein jour,En agglomération,Hors intersection,Normale,Deux véhicules - côté,,,,,,,,,,,1,2,1,1,3
201500034397,0015-01-30 15:50:00,15,1,30,15,50,780,490,GEESTHACHT (AVENUE DE),,,Plein jour,En agglomération,Intersection en T,Normale,Deux véhicules - côté,,,,,,,,,,,1,2,3,1,3
201500034398,0015-02-13 20:25:00,15,2,13,20,25,780,674,"1, CD 11",,,Nuit sans éclairage public,Hors agglomération,Hors intersection,Pluie légère,Deux véhicules - arrière,,,,,,,,,,,3,1,1,2,2
201500034399,0015-01-03 23:40:00,15,1,3,23,40,780,498,"20, PONTOISE AV DE",,,Nuit avec éclairage allumé,En agglomération,Intersection en X,Normale,Autre collision,,,,,,,,,,,5,2,2,1,6
201500034400,0015-01-06 08:50:00,15,1,6,8,50,780,643,RD1,,,Plein jour,Hors agglomération,Hors intersection,Normale,Autre collision,,,,,,,,,,,1,1,1,1,6
201500034401,0015-01-09 10:10:00,15,1,9,10,10,780,643,TRIEL AVENUE DE,,,Plein jour,En agglomération,Intersection en X,Vent fort / tempête,Deux véhicules - frontale,,,,,,,,,,,1,2,2,6,1
201500034402,0015-01-09 17:25:00,15,1,9,17,25,780,498,"1, URSULINES AV DES",,,Nuit avec éclairage allumé,En agglomération,Hors intersection,Normale,Autre collision,,,,,,,,,,,5,2,1,1,6
201500034403,0015-01-11 18:50:00,15,1,11,18,50,780,498,ROBESPIERRE BD,,,Nuit avec éclairage allumé,En agglomération,Intersection en X,Normale,Deux véhicules - côté,,,,,,,,,,,5,2,2,1,3
201500034404,0015-01-27 16:25:00,15,1,27,16,25,780,498,PONTOISE /Robespierre,,,Plein jour,En agglomération,Intersection en X,Normale,Autre collision,,,,,,,,,,,1,2,2,1,6
201500034405,0015-01-30 05:25:00,15,1,30,5,25,780,498,GAMBETTA BD,,,Nuit avec éclairage allumé,En agglomération,Hors intersection,Vent fort / tempête,Autre collision,,,,,,,,,,,5,2,1,6,6
201500034406,0015-02-04 18:30:00,15,2,4,18,30,780,642,MEULAN ROUTE DE CD154,,,Nuit avec éclairage allumé,En agglomération,Intersection en X,Normale,Deux véhicules - côté,,,,,,,,,,,5,2,2,1,3
201500034407,0015-02-20 22:05:00,15,2,20,22,5,780,498,DEVAUX BD,,,Plein jour,En agglomération,Intersection en X,Normale,Deux véhicules - côté,,,,,,,,,,,1,2,2,1,3
201500034408,0015-02-22 00:45:00,15,2,22,0,45,780,123,,,,Nuit avec éclairage allumé,En agglomération,Intersection en X,Normale,Deux véhicules - côté,,,,,,,,,,,5,2,2,1,3
201500034409,0015-02-23 13:10:00,15,2,23,13,10,780,643,"1, AMANDIER RUE DE L'",,,Plein jour,En agglomération,Hors intersection,Normale,Deux véhicules - frontale,,,,,,,,,,,1,2,1,1,1
201500034410,0015-02-12 18:20:00,15,2,12,18,20,780,498,"80, CASTILLE AV BLANCHE",,,Nuit avec éclairage allumé,En agglomération,Hors intersection,Normale,Autre collision,,,,,,,,,,,5,2,1,1,6
201500034411,0015-02-13 19:18:00,15,2,13,19,18,780,498,"1, HUGO BD VICTOR",,,Nuit avec éclairage allumé,En agglomération,Intersection en X,Pluie légère,Autre collision,,,,,,,,,,,5,2,2,2,6
201500034412,0015-04-04 21:30:00,15,4,4,21,30,780,269,D 906,,,Nuit sans éclairage public,Hors agglomération,Hors intersection,Normale,Deux véhicules - frontale,,,,,,,,,,,3,1,1,1,1
201500034413,0015-04-07 21:20:00,15,4,7,21,20,780,486,RN 10,,,Nuit sans éclairage public,Hors agglomération,Hors intersection,Normale,Deux véhicules - côté,,,,,,,,,,,3,1,1,1,3
201500034414,0015-05-05 19:20:00,15,5,5,19,20,780,517,CLOS BATANT (RUE DU),48.64686,1.85558,Plein jour,En agglomération,Intersection en X,Normale,Deux véhicules - côté,,,,,,,,,,,1,2,2,1,3
201500034415,0015-06-08 17:23:00,15,6,8,17,23,780,517,"0, LOUVIERE (RUE DE LA)",48.64362,1.83841,Plein jour,En agglomération,Intersection en T,Normale,Deux véhicules - côté,,,,,,,,,,,1,2,3,1,3
201500034416,0015-06-25 13:15:00,15,6,25,13,15,780,486,"6, CHARTRES (RUE DE",,,Plein jour,En agglomération,Hors intersection,Normale,Autre collision,,,,,,,,,,,1,2,1,1,6
201500034417,0015-06-29 07:50:00,15,6,29,7,50,780,517,ETANG DE LA TOUR (RUE DE,48.64532,1.85558,Plein jour,En agglomération,Intersection en T,Normale,Deux véhicules - côté,,,,,,,,,,,1,2,3,1,3
201500034418,0015-09-19 16:05:00,15,9,19,16,5,780,517,RN 10,48.64044,1.83976,Plein jour,Hors agglomération,Hors intersection,Normale,Autre collision,,,,,,,,,,,1,1,1,1,6
201500034419,0015-10-27 14:05:00,15,10,27,14,5,780,517,RN 10,,,Plein jour,Hors agglomération,Hors intersection,Normale,Trois véhicules et plus - en chaîne,,,,,,,,,,,1,1,1,1,4
201500034420,0015-10-30 17:20:00,15,10,30,17,20,780,517,ETANG DE LA TOUR (RUE DE,,,Plein jour,Hors agglomération,Hors intersection,Normale,Autre collision,,,,,,,,,,,1,1,1,1,6
201500034421,0015-12-04 08:15:00,15,12,4,8,15,780,220,RN 10,,,Plein jour,Hors agglomération,Hors intersection,Normale,Autre collision,,,,,,,,,,,1,1,1,1,6
201500034422,0015-01-09 14:27:00,15,1,9,14,27,780,517,POTEAU DES 3 SEIGNEURS (,,,Plein jour,En agglomération,Hors intersection,Pluie légère,Deux véhicules - arrière,,,,,,,,,,,1,2,1,2,2
201500034423,0015-01-18 03:30:00,15,1,18,3,30,780,517,D 936,,,Nuit sans éclairage public,Hors agglomération,Hors intersection,Normale,Sans collision,,,,,,,,,,,3,1,1,1,7
201500034424,0015-02-25 00:20:00,15,2,25,0,20,780,486,RN 10,,,Nuit sans éclairage public,Hors agglomération,Hors intersection,Autre,Deux véhicules - côté,,,,,,,,,,,3,1,1,9,3
201500034425,0015-02-23 13:53:00,15,2,23,13,53,780,545,"121, PERI (RUE GABRIEL)",,,Plein jour,En agglomération,Intersection en Y,Normale,Deux véhicules - côté,,,,,,,,,,,1,2,4,1,3
201500034426,0015-02-26 10:10:00,15,2,26,10,10,780,545,MANSART (RUE),,,Plein jour,En agglomération,Hors intersection,Pluie légère,Deux véhicules - arrière,,,,,,,,,,,1,2,1,2,2
201500034427,0015-02-13 08:37:00,15,2,13,8,37,780,481,"01, BELLAVOINE",,,Plein jour,En agglomération,Intersection en T,Normale,Deux véhicules - côté,,,,,,,,,,,1,2,3,1,3
201500034428,0015-07-26 12:30:00,15,7,26,12,30,780,372,"11, SAINT GERMAIN (AVENU",,,Plein jour,En agglomération,Hors intersection,Normale,Autre collision,,,,,,,,,,,1,2,1,1,6
201500034429,0015-11-17 18:55:00,15,11,17,18,55,780,551,RN 184,48.91955,2.07893,Crépuscule ou aube,Hors agglomération,Hors intersection,Pluie légère,Deux véhicules - frontale,,,,,,,,,,,2,1,1,2,1
201500034430,0015-04-20 22:00:00,15,4,20,22,0,780,146,"134, MAISONS (ROUTE DE)",,,Nuit avec éclairage allumé,En agglomération,Hors intersection,Normale,Deux véhicules - côté,,,,,,,,,,,5,2,1,1,3
201500034431,0015-11-03 17:05:00,15,11,3,17,5,780,146,"29, GAMBETTA (AVENUE)",,,Plein jour,En agglomération,Hors intersection,Normale,Deux véhicules - côté,,,,,,,,,,,1,2,1,1,3
201500034432,0015-03-24 21:25:00,15,3,24,21,25,780,551,CENTRALE (ROUTE),,,Nuit sans éclairage public,En agglomération,Hors intersection,Pluie légère,Deux véhicules - côté,,,,,,,,,,,3,2,1,2,3
201500034433,0015-11-06 19:20:00,15,11,6,19,20,780,551,RN 184,,,Nuit sans éclairage public,Hors agglomération,Hors intersection,Temps couvert,Deux véhicules - côté,,,,,,,,,,,3,1,1,8,3
201500034434,0015-04-15 21:15:00,15,4,15,21,15,780,551,PONTOISE (DE),,,Crépuscule ou aube,En agglomération,Intersection en Y,Normale,Deux véhicules - côté,,,,,,,,,,,2,2,4,1,3
201500034435,0015-03-13 21:10:00,15,3,13,21,10,780,650,MONTESSON (ROUTE DE),,,Nuit avec éclairage non allumé,En agglomération,Hors intersection,Normale,Autre collision,,,,,,,,,,,4,2,1,1,6
201500034436,0015-04-21 11:00:00,15,4,21,11,0,780,650,MONTESSON (ROUTE DE),,,Plein jour,En agglomération,Intersection en X,Normale,Deux véhicules - frontale,,,,,,,,,,,1,2,2,1,1
201500034437,0015-05-27 17:30:00,15,5,27,17,30,780,551,RN 184,,,Plein jour,Hors agglomération,Hors intersection,Normale,Trois véhicules et plus - en chaîne,,,,,,,,,,,1,1,1,1,4
201500034438,0015-05-23 15:25:00,15,5,23,15,25,780,551,"23, PONTOISE (DE)",,,Plein jour,En agglomération,Hors intersection,Normale,Autre collision,,,,,,,,,,,1,2,1,1,6
201500034439,0015-04-14 15:30:00,15,4,14,15,30,780,350,VIGEE LEBRUN (RUE),48.8614,2.12326,Plein jour,En agglomération,Hors intersection,Normale,Deux véhicules - côté,,,,,,,,,,,1,2,1,1,3
201500034440,0015-06-16 12:00:00,15,6,16,12,0,780,251,"1, CD 98 (CH.DEPARTEMENT",,,Plein jour,Hors agglomération,Hors intersection,Normale,Autre collision,,,,,,,,,,,1,1,1,1,6
201500034441,0015-06-20 23:15:00,15,6,20,23,15,780,551,RN 190,,,Nuit avec éclairage allumé,Hors agglomération,Hors intersection,Normale,Sans collision,,,,,,,,,,,5,1,1,1,7