accident_id,datetime,annee,mois,jour,heure,minute,departement,commune_insee,adresse,latitude,longitude,luminosite,agglomeration,intersection,meteo,collision,nb_vehicules,nb_usagers,nb_indemnes,nb_tues,nb_blesses_hosp,nb_blesses_legers,age_cond_1,age_cond_2,veh_type_cond_1,veh_type_cond_2,lum_code,agg_code,int_code,atm_code,col_code
201500034814,0015-01-03 14:20:00,15,1,3,14,20,800,131,RD935,49.84013,2.40323,Plein jour,Hors agglomération,Hors intersection,Pluie légère,Deux véhicules - côté,,,,,,,,,,,1,1,1,2,3
201500034815,0015-01-04 19:50:00,15,1,4,19,50,800,21,VERDUN (RUE DE ),49.89454,2.30934,Nuit avec éclairage allumé,En agglomération,Intersection en X,Normale,Deux véhicules - côté,,,,,,,,,,,5,2,2,1,3
201500034816,0015-01-06 16:40:00,15,1,6,16,40,800,21,BEL AIR (RUE DU),49.87358,2.33636,Crépuscule ou aube,En agglomération,Hors intersection,Normale,Sans collision,,,,,,,,,,,2,2,1,1,7
201500034817,0015-01-06 14:30:00,15,1,6,14,30,800,21,ROGER DUMOULIN (AVENUE),49.93524,2.28413,Plein jour,En agglomération,Intersection en X,Normale,Deux véhicules - frontale,,,,,,,,,,,1,2,2,1,1
201500034818,0015-01-07 15:50:00,15,1,7,15,50,800,21,FENELON (RUE),49.91394,2.32249,Plein jour,En agglomération,Hors intersection,Normale,Sans collision,,,,,,,,,,,1,2,1,1,7
201500034819,0015-01-07 17:40:00,15,1,7,17,40,800,21,"218, LUCIEN LECOINTE (RU",49.90862,2.31276,Nuit avec éclairage allumé,En agglomération,Hors intersection,Temps couvert,Deux véhicules - frontale,,,,,,,,,,,5,2,1,8,1
201500034820,0015-01-12 16:20:00,15,1,12,16,20,800,21,"190,LAURENDEAU (RUE)",49.88444,2.30129,Plein jour,En agglomération,Intersection en X,Normale,Deux véhicules - côté,,,,,,,,,,,1,2,2,1,3
201500034821,0015-01-13 22:10:00,15,1,13,22,10,800,21,PARMENTIER (PLACE),49.89565,2.30481,Nuit avec éclairage allumé,En agglomération,Hors intersection,Normale,Sans collision,,,,,,,,,,,5,2,1,1,7
201500034822,0015-01-14 06:45:00,15,1,14,6,45,800,21,RAINNEVILLE  (ROUTE,49.93122,2.32286,Nuit sans éclairage public,Hors agglomération,Hors intersection,Pluie légère,Deux véhicules - côté,,,,,,,,,,,3,1,1,2,3
201500034823,0015-01-15 17:45:00,15,1,15,17,45,800,21,SOMME (QUAI DE LA),49.90347,2.28698,Nuit avec éclairage allumé,En agglomération,Intersection en X,Normale,Deux véhicules - côté,,,,,,,,,,,5,2,2,1,3
201500034824,0015-01-16 12:13:00,15,1,16,12,13,800,21,"20, PASTEUR (BOULEVARD)",49.8891,2.29249,Plein jour,En agglomération,Hors intersection,Normale,Sans collision,,,,,,,,,,,1,2,1,1,7
201500034825,0015-01-17 16:40:00,15,1,17,16,40,800,261,"00, GRIMAUX (RUE)",49.84828,2.27579,Plein jour,Hors agglomération,Hors intersection,Normale,Deux véhicules - côté,,,,,,,,,,,1,1,1,1,3
201500034826,0015-01-17 13:50:00,15,1,17,13,50,800,21,"00, FEDERES (BOULEVARD D",49.89414,2.28388,Plein jour,En agglomération,Intersection en X,Normale,Deux véhicules - côté,,,,,,,,,,,1,2,2,1,3
201500034827,0015-01-18 20:00:00,15,1,18,20,0,800,21,"00, ALEXANDRE DUMAS (RUE",49.87177,2.29562,Nuit avec éclairage allumé,En agglomération,Giratoire,Pluie forte,Sans collision,,,,,,,,,,,5,2,6,3,7
201500034828,0015-01-18 19:35:00,15,1,18,19,35,800,21,"00, ALSACE LORRAINE (BOU",49.8923,2.30773,Nuit avec éclairage allumé,En agglomération,Intersection en X,Pluie légère,Deux véhicules - côté,,,,,,,,,,,5,2,2,2,3
201500034829,0015-01-19 16:30:00,15,1,19,16,30,800,21,"525, ABBEVILLE (RUE D')",49.91158,2.24974,Plein jour,En agglomération,Hors intersection,Normale,Deux véhicules - côté,,,,,,,,,,,1,2,1,1,3
201500034830,0015-01-20 06:00:00,15,1,20,6,0,800,21,"00, GRESSET (RUE)",49.89407,2.29307,Nuit avec éclairage allumé,En agglomération,Intersection en X,Pluie légère,Deux véhicules - côté,,,,,,,,,,,5,2,2,2,3
201500034831,0015-01-22 13:15:00,15,1,22,13,15,800,489,"00, LOUIS PROT (RUE)",49.87052,2.35701,Plein jour,En agglomération,Intersection en T,Normale,Deux véhicules - côté,,,,,,,,,,,1,2,3,1,3
201500034832,0015-01-25 09:30:00,15,1,25,9,30,800,131,"00, RD 934",49.84594,2.4194,Plein jour,Hors agglomération,Intersection en T,Normale,Deux véhicules - côté,,,,,,,,,,,1,1,3,1,3
201500034833,0015-01-23 18:35:00,15,1,23,18,35,800,164,"00, EMILE DEBRIE",49.88793,2.34297,Nuit avec éclairage allumé,En agglomération,Hors intersection,Normale,Sans collision,,,,,,,,,,,5,2,1,1,7
201500034834,0015-01-27 12:10:00,15,1,27,12,10,800,21,"42, FEDERES (BOULEVARD D",49.89558,2.28335,Plein jour,En agglomération,Hors intersection,Normale,Sans collision,,,,,,,,,,,1,2,1,1,7
201500034835,0015-01-27 07:45:00,15,1,27,7,45,800,21,"17, DEUXIEME DB (RUE DE",49.89259,2.29253,Crépuscule ou aube,En agglomération,Hors intersection,Normale,Sans collision,,,,,,,,,,,2,2,1,1,7
201500034836,0015-01-29 19:05:00,15,1,29,19,5,800,21,"4, ALBERIC DE CALONNE (R",49.88747,2.30269,Nuit avec éclairage allumé,En agglomération,Hors intersection,Pluie légère,Sans collision,,,,,,,,,,,5,2,1,2,7
201500034837,0015-01-29 17:25:00,15,1,29,17,25,800,724,"00, CONTY (ROUTE DE)",49.86699,2.24888,Nuit avec éclairage allumé,En agglomération,Hors intersection,Pluie légère,Deux véhicules - arrière,,,,,,,,,,,5,2,1,2,2
201500034838,0015-01-30 19:20:00,15,1,30,19,20,800,21,"224, ABBEVILLE (RUE D')",49.90803,2.26403,Nuit avec éclairage allumé,En agglomération,Hors intersection,Pluie légère,Deux véhicules - côté,,,,,,,,,,,5,2,1,2,3
201500034839,0015-02-02 08:35:00,15,2,2,8,35,800,21,"112, LESCOUVE (RUE)",49.88995,2.27237,Plein jour,En agglomération,Hors intersection,Normale,Autre collision,,,,,,,,,,,1,2,1,1,6
201500034840,0015-02-04 15:50:00,15,2,4,15,50,800,21,"21, BOVES (RUE DE)",49.88279,2.31572,Plein jour,En agglomération,Intersection en T,Pluie légère,Deux véhicules - côté,,,,,,,,,,,1,2,3,2,3
201500034841,0015-02-05 12:35:00,15,2,5,12,35,800,261,"00, AUCHAN (ZONE COMMERC",49.86173,2.27891,Plein jour,En agglomération,Hors intersection,Normale,Deux véhicules - arrière,,,,,,,,,,,1,2,1,1,2
201500034842,0015-02-05 17:10:00,15,2,5,17,10,800,21,"00, DEJEAN (RUE)",49.89138,2.3143,Plein jour,En agglomération,Hors intersection,Normale,Deux véhicules - côté,,,,,,,,,,,1,2,1,1,3
201500034843,0015-02-07 16:30:00,15,2,7,16,30,800,21,"15,AV DE PICARDIE",49.91438,2.2489,Plein jour,En agglomération,Hors intersection,Normale,Sans collision,,,,,,,,,,,1,2,1,1,7
201500034844,0015-02-06 17:15:00,15,2,6,17,15,800,21,"4,RUE DE LA RESISTANCE",49.89823,2.29587,Plein jour,En agglomération,Hors intersection,Normale,Sans collision,,,,,,,,,,,1,2,1,1,7
201500034845,0015-02-07 16:30:00,15,2,7,16,30,800,21,"00, LE GRECO (RUE)",49.92311,2.30241,Plein jour,En agglomération,Hors intersection,Normale,Sans collision,,,,,,,,,,,1,2,1,1,7
201500034846,0015-02-10 09:15:00,15,2,10,9,15,800,21,"45, JEAN CATELAS (RUE)",49.89596,2.28977,Plein jour,En agglomération,Hors intersection,Normale,Deux véhicules - côté,,,,,,,,,,,1,2,1,1,3
201500034847,0015-02-11 15:30:00,15,2,11,15,30,800,21,"1,  Av JULES VALLES",49.9156,2.24684,Plein jour,En agglomération,Hors intersection,Normale,Autre collision,,,,,,,,,,,1,2,1,1,6
201500034848,0015-02-11 15:55:00,15,2,11,15,55,800,21,"00, MONTESQUIEU (RUE)",49.90576,2.29284,Plein jour,En agglomération,Hors intersection,Normale,Sans collision,,,,,,,,,,,1,2,1,1,7
201500034849,0015-02-12 19:35:00,15,2,12,19,35,800,674,ROBERT PETIT (RUE),49.89922,2.3208,Crépuscule ou aube,En agglomération,Hors intersection,Normale,Deux véhicules - côté,,,,,,,,,,,2,2,1,1,3
201500034850,0015-02-15 21:50:00,15,2,15,21,50,800,21,"00, LEGRAND D' AUSSY (RU",49.89241,2.31251,Nuit avec éclairage allumé,En agglomération,Hors intersection,Normale,Sans collision,,,,,,,,,,,5,2,1,1,7
201500034851,0015-02-13 16:40:00,15,2,13,16,40,800,21,"32, RUE DU 31 AOUT 1944",49.88074,2.32479,Plein jour,En agglomération,Hors intersection,Normale,Sans collision,,,,,,,,,,,1,2,1,1,7
201500034852,0015-02-15 01:55:00,15,2,15,1,55,800,21,"00, BONNARDS (RUE DES)",49.90203,2.30678,Nuit avec éclairage allumé,En agglomération,Intersection en X,Normale,Deux véhicules - côté,,,,,,,,,,,5,2,2,1,3
201500034853,0015-02-15 02:00:00,15,2,15,2,0,800,21,"00, SAINT FUSCIEN (RUE)",49.87096,2.30704,Nuit avec éclairage allumé,Hors agglomération,Giratoire,Normale,Sans collision,,,,,,,,,,,5,1,6,1,7
201500034854,0015-02-13 17:40:00,15,2,13,17,40,800,21,"00, CARNOT (BOULEVARD)",49.89187,2.28799,Nuit avec éclairage allumé,En agglomération,Hors intersection,Pluie légère,Sans collision,,,,,,,,,,,5,2,1,2,7
201500034855,0015-12-21 18:50:00,15,12,21,18,50,810,4,VERDIER (FRANCOIS),,,Nuit avec éclairage allumé,En agglomération,Hors intersection,Normale,Autre collision,,,,,,,,,,,5,2,1,1,6
201500034856,0015-05-28 13:00:00,15,5,28,13,0,810,4,RIVIERE (DE LA),43.93054,2.14565,Plein jour,En agglomération,Hors intersection,Normale,Deux véhicules - frontale,,,,,,,,,,,1,2,1,1,1
201500034857,0015-06-15 16:30:00,15,6,15,16,30,810,4,STRASBOURG (BD DE),43.93342,2.14642,Plein jour,En agglomération,Hors intersection,Normale,Trois véhicules et plus - collisions multiples,,,,,,,,,,,1,2,1,1,5
201500034858,0015-06-23 10:30:00,15,6,23,10,30,810,4,FOCH (AV ET PASS MARECHA,,,Plein jour,En agglomération,Hors intersection,Normale,Autre collision,,,,,,,,,,,1,2,1,1,6
201500034859,0015-07-13 11:15:00,15,7,13,11,15,810,18,BONAFE ( AVENUE M ),43.95432,2.20771,Plein jour,En agglomération,Hors intersection,Normale,Deux véhicules - frontale,,,,,,,,,,,1,2,1,1,1
201500034860,0015-07-31 20:40:00,15,7,31,20,40,810,4,"52, JAURES (PL JEAN)",,,Crépuscule ou aube,En agglomération,Hors intersection,Normale,Autre collision,,,,,,,,,,,2,2,1,1,6
201500034861,0015-08-05 13:40:00,15,8,5,13,40,810,144,VALENCE ( ROUTE DE ) D 9,43.96658,2.19691,Plein jour,Hors agglomération,Hors intersection,Normale,Autre collision,,,,,,,,,,,1,1,1,1,6
201500034862,0015-10-23 12:50:00,15,10,23,12,50,810,4,TEILLET (RTE DE),43.9096,2.19747,Plein jour,Hors agglomération,Hors intersection,Normale,Deux véhicules - côté,,,,,,,,,,,1,1,1,1,3
201500034863,0015-11-11 18:15:00,15,11,11,18,15,810,4,THOMAS (AV ALBERT),,,Nuit avec éclairage allumé,En agglomération,Hors intersection,Normale,Deux véhicules - côté,,,,,,,,,,,5,2,1,1,3
201500034864,0015-12-08 17:50:00,15,12,8,17,50,810,144,"94, HERMET ( AVENUE DE L",43.9594,2.17594,Nuit avec éclairage allumé,Hors agglomération,Hors intersection,Pluie légère,Autre collision,,,,,,,,,,,5,1,1,2,6
201500034865,0015-02-27 20:35:00,15,2,27,20,35,810,4,TEYSSIER (AV DU COLONEL),,,Nuit avec éclairage allumé,En agglomération,Hors intersection,Normale,Deux véhicules - côté,,,,,,,,,,,5,2,1,1,3
201500034866,0015-03-20 16:00:00,15,3,20,16,0,810,4,TEILLET (RTE DE),,,Plein jour,En agglomération,Intersection en T,Normale,Deux véhicules - côté,,,,,,,,,,,1,2,3,1,3
201500034867,0015-05-28 15:40:00,15,5,28,15,40,810,4,MILLAU (RTE DE) DU N° 32,,,Plein jour,En agglomération,Hors intersection,Normale,Deux véhicules - frontale,,,,,,,,,,,1,2,1,1,1
201500034868,0015-11-13 12:00:00,15,11,13,12,0,810,60,"0, JAURES ( PLACE JEAN )",,,Plein jour,En agglomération,Intersection en X,Normale,Deux véhicules - côté,,,,,,,,,,,1,2,2,1,3
201500034869,0015-03-26 07:50:00,15,3,26,7,50,810,33,RD 90,,,Plein jour,En agglomération,Hors intersection,Normale,Deux véhicules - frontale,,,,,,,,,,,1,2,1,1,1
201500034870,0015-12-18 11:30:00,15,12,18,11,30,810,60,"1, SAINTE MARIE ( PLACE",44.05323,2.15453,Plein jour,En agglomération,Place,Normale,Autre collision,,,,,,,,,,,1,2,7,1,6
201500034871,0015-02-08 06:30:00,15,2,8,6,30,810,65,"81, ALQUIER  (AV. GEORGE",,,Crépuscule ou aube,Hors agglomération,Hors intersection,Normale,Sans collision,,,,,,,,,,,2,1,1,1,7
201500034872,0015-03-17 09:05:00,15,3,17,9,5,810,65,"-, ALBINQUE (PLACE DE L'",,,Plein jour,En agglomération,Hors intersection,Normale,Sans collision,,,,,,,,,,,1,2,1,1,7
201500034873,0015-04-09 22:00:00,15,4,9,22,0,810,65,"133, ALBERT 1° (AV)",,,Nuit avec éclairage allumé,En agglomération,Intersection en T,Normale,Deux véhicules - côté,,,,,,,,,,,5,2,3,1,3
201500034874,0015-04-13 18:55:00,15,4,13,18,55,810,65,622 (ROUTE DEPARTEMENTAL,,,Plein jour,Hors agglomération,Hors intersection,Normale,Trois véhicules et plus - collisions multiples,,,,,,,,,,,1,1,1,1,5
201500034875,0015-04-19 10:50:00,15,4,19,10,50,810,65,"., 622 (ROUTE DEPARTEMEN",,,Plein jour,Hors agglomération,Intersection en Y,Pluie forte,Sans collision,,,,,,,,,,,1,1,4,3,7
201500034876,0015-05-27 17:15:00,15,5,27,17,15,810,65,"41, SIDOBRE RD 622 (AV.",,,Plein jour,En agglomération,Hors intersection,Normale,Deux véhicules - arrière,,,,,,,,,,,1,2,1,1,2
201500034877,0015-06-02 18:45:00,15,6,2,18,45,810,65,DEPARTEMENTALE 89 (RD),,,Plein jour,En agglomération,Intersection en T,Normale,Deux véhicules - côté,,,,,,,,,,,1,2,3,1,3
201500034878,0015-06-10 16:25:00,15,6,10,16,25,810,65,1012 (ROUTE DEPARTEMENTA,,,Plein jour,Hors agglomération,Hors intersection,Normale,Autre collision,,,,,,,,,,,1,1,1,1,6
201500034879,0015-06-27 20:15:00,15,6,27,20,15,810,65,VOIE URBAINE SUD,,,Plein jour,Hors agglomération,Intersection en X,Normale,Deux véhicules - côté,,,,,,,,,,,1,1,2,1,3
201500034880,0015-07-09 07:50:00,15,7,9,7,50,810,65,"25, ARIBAT  (BD. DOCTEUR",43.60446,2.24483,Plein jour,En agglomération,Hors intersection,Normale,Sans collision,,,,,,,,,,,1,2,1,1,7
201500034881,0015-09-10 20:50:00,15,9,10,20,50,810,65,FABRE (PLACE PIERRE),43.60896,2.23759,Nuit avec éclairage allumé,En agglomération,Intersection en T,Normale,Deux véhicules - côté,,,,,,,,,,,5,2,3,1,3
201500034882,0015-11-26 17:30:00,15,11,26,17,30,810,65,"., FOY (RUE SAINTE)",43.60587,2.24529,Crépuscule ou aube,En agglomération,Hors intersection,Normale,Sans collision,,,,,,,,,,,2,2,1,1,7
201500034883,0015-03-16 13:30:00,15,3,16,13,30,810,163,JUIN (MARECHAL),43.30041,2.27577,Plein jour,En agglomération,Hors intersection,Normale,Autre collision,,,,,,,,,,,1,2,1,1,6
201500034884,0015-06-14 21:55:00,15,6,14,21,55,810,163,"XXX, JUIN (MARECHAL)",43.5071,2.37814,Crépuscule ou aube,En agglomération,Hors intersection,Normale,Deux véhicules - côté,,,,,,,,,,,2,2,1,1,3
201500034885,0015-07-24 15:55:00,15,7,24,15,55,810,21,"5 BIS, TOULOUSE",43.4987,2.36856,Plein jour,En agglomération,Hors intersection,Normale,Autre collision,,,,,,,,,,,1,2,1,1,6
201500034886,0015-09-04 23:30:00,15,9,4,23,30,810,163,"2, FOCH",43.4983,2.37606,Nuit avec éclairage allumé,En agglomération,Hors intersection,Normale,Deux véhicules - côté,,,,,,,,,,,5,2,1,1,3
201500034887,0015-09-11 18:30:00,15,9,11,18,30,810,163,RD 118,43.0,2.21151,Plein jour,Hors agglomération,Hors intersection,Normale,Deux véhicules - frontale,,,,,,,,,,,1,1,1,1,1
201500034888,0015-10-30 17:15:00,15,10,30,17,15,810,163,"XXX, RICHARDE",43.49796,2.39221,Plein jour,En agglomération,Hors intersection,Normale,Deux véhicules - côté,,,,,,,,,,,1,2,1,1,3
201500034889,0015-10-07 17:50:00,15,10,7,17,50,810,163,"24, VANNE",43.4855,2.37325,Plein jour,En agglomération,Hors intersection,Normale,Deux véhicules - côté,,,,,,,,,,,1,2,1,1,3
201500034890,0015-11-13 17:30:00,15,11,13,17,30,810,163,"XXX, CHEVALIERE (AVENUE)",,,Nuit avec éclairage allumé,En agglomération,Hors intersection,Normale,Deux véhicules - côté,,,,,,,,,,,5,2,1,1,3
201500034891,0015-02-13 21:00:00,15,2,13,21,0,810,163,"1, REILLE (COURS RENE)",,,Nuit avec éclairage allumé,En agglomération,Hors intersection,Normale,Deux véhicules - côté,,,,,,,,,,,5,2,1,1,3
201500034892,0015-03-06 14:05:00,15,3,6,14,5,810,163,"03, REDONDAL",,,Plein jour,En agglomération,Hors intersection,Normale,Deux véhicules - côté,,,,,,,,,,,1,2,1,1,3
201500034893,0015-02-05 18:50:00,15,2,5,18,50,820,33,"0, CAUSSADE BAS",,,Crépuscule ou aube,Hors agglomération,Hors intersection,Normale,Deux véhicules - côté,,,,,,,,,,,2,1,1,1,3
201500034894,0015-03-31 12:35:00,15,3,31,12,35,820,33,"0, DE LATTRE DE TASSIGNY",44.0422,1.11146,Plein jour,En agglomération,Intersection en T,Normale,Deux véhicules - côté,,,,,,,,,,,1,2,3,1,3
201500034895,0015-12-09 09:30:00,15,12,9,9,30,820,33,"3663, MONTAUBAN D 958 (R",44.0343,1.18178,Plein jour,Hors agglomération,Hors intersection,Normale,Deux véhicules - arrière,,,,,,,,,,,1,1,1,1,2
201500034896,0015-04-09 11:25:00,15,4,9,11,25,820,33,"0, LECLERC (du Maréchal)",44.05246,1.10106,Plein jour,En agglomération,Autre intersection,Normale,Deux véhicules - arrière,,,,,,,,,,,1,2,9,1,2
201500034897,0015-05-18 23:15:00,15,5,18,23,15,820,33,"0, TOULOUSE (de)",44.03317,1.12178,Nuit avec éclairage allumé,En agglomération,Hors intersection,Normale,Autre collision,,,,,,,,,,,5,2,1,1,6
201500034898,0015-06-02 20:53:00,15,6,2,20,53,820,33,"2812, Route Belleperche",,,Plein jour,Hors agglomération,Hors intersection,Normale,Deux véhicules - arrière,,,,,,,,,,,1,1,1,1,2
201500034899,0015-07-20 22:00:00,15,7,20,22,0,820,33,TOULOUSE (de),44.02612,1.14372,Nuit sans éclairage public,Hors agglomération,Hors intersection,Normale,Deux véhicules - côté,,,,,,,,,,,3,1,1,1,3
201500034900,0015-09-11 06:45:00,15,9,11,6,45,820,33,"4, JUIN (du Maréchal)",,,Nuit avec éclairage allumé,En agglomération,Intersection en T,Normale,Deux véhicules - côté,,,,,,,,,,,5,2,3,1,3
201500034901,0015-10-04 06:15:00,15,10,4,6,15,820,33,CD 958 - 3348 route de M,44.034,1.17657,Nuit sans éclairage public,Hors agglomération,Hors intersection,Normale,Autre collision,,,,,,,,,,,3,1,1,1,6
201500034902,0015-08-18 11:30:00,15,8,18,11,30,820,33,"222, LAFRANCAISE (de)",,,Plein jour,Hors agglomération,Hors intersection,Normale,Autre collision,,,,,,,,,,,1,1,1,1,6
201500034903,0015-08-31 20:00:00,15,8,31,20,0,820,33,"0, LAFRANCAISE (de)",,,Nuit sans éclairage public,Hors agglomération,Hors intersection,Vent fort / tempête,Sans collision,,,,,,,,,,,3,1,1,6,7
201500034904,0015-11-17 18:30:00,15,11,17,18,30,820,121,"14, VILLENOUVELLE (GRAND",44.02161,1.35546,Plein jour,En agglomération,Hors intersection,Normale,Deux véhicules - arrière,,,,,,,,,,,1,2,1,1,2
201500034905,0015-04-01 10:35:00,15,4,1,10,35,820,121,"34, 10EME DRAGONS (AVENU",44.02304,1.3459,Plein jour,Hors agglomération,Hors intersection,Normale,Autre collision,,,,,,,,,,,1,1,1,1,6
201500034906,0015-12-16 16:45:00,15,12,16,16,45,820,121,"360, BEAUSOLEIL (AVENUE",44.00781,1.36512,Plein jour,En agglomération,Hors intersection,Normale,Autre collision,,,,,,,,,,,1,2,1,1,6
201500034907,0015-03-16 17:20:00,15,3,16,17,20,820,121,"50, 11EME REGIMENT D'INF",44.0247,1.35614,Plein jour,En agglomération,Hors intersection,Normale,Autre collision,,,,,,,,,,,1,2,1,1,6
201500034908,0015-12-27 13:45:00,15,12,27,13,45,820,121,"NC, MIRABEL D 69 (ROUTE",44.07075,1.36685,Plein jour,Hors agglomération,Intersection en X,Normale,Deux véhicules - côté,,,,,,,,,,,1,1,2,1,3
201500034909,0015-03-20 14:15:00,15,3,20,14,15,820,121,"NC, DELPOUYS(rue maurice",44.02991,1.37436,Plein jour,En agglomération,Intersection en T,Normale,Trois véhicules et plus - collisions multiples,,,,,,,,,,,1,2,3,1,5
201500034910,0015-03-27 17:45:00,15,3,27,17,45,820,121,"NC, MARGUE (CHEMIN DE LA",44.0444,1.31092,Plein jour,Hors agglomération,Hors intersection,Normale,Deux véhicules - côté,,,,,,,,,,,1,1,1,1,3
201500034911,0015-03-30 17:10:00,15,3,30,17,10,820,121,"3100, CORBARIEU D 21 (RO",43.9671,1.35811,Plein jour,Hors agglomération,Hors intersection,Normale,Trois véhicules et plus - collisions multiples,,,,,,,,,,,1,1,1,1,5
201500034912,0015-04-01 12:30:00,15,4,1,12,30,820,121,"NC, FALGUIERE (AVENUE DE",44.02589,1.35392,Plein jour,En agglomération,Intersection en X,Normale,Deux véhicules - côté,,,,,,,,,,,1,2,2,1,3
201500034913,0015-04-20 07:27:00,15,4,20,7,27,820,121,"1231, FAU (ROUTE DU)",43.99256,1.37579,Plein jour,Hors agglomération,Hors intersection,Normale,Sans collision,,,,,,,,,,,1,1,1,1,7
201500034914,0015-05-02 11:19:00,15,5,2,11,19,820,121,"205, NEGREPELISSE (AVENU",44.03092,1.37375,Plein jour,En agglomération,Hors intersection,Normale,Autre collision,,,,,,,,,,,1,2,1,1,6
201500034915,0015-05-07 17:25:00,15,5,7,17,25,820,121,"NC, HERRIOT (BOULEVARD E",44.01211,1.37174,Plein jour,En agglomération,Hors intersection,Normale,Autre collision,,,,,,,,,,,1,2,1,1,6
201500034916,0015-05-11 18:15:00,15,5,11,18,15,820,121,"NC, LEOJAC (AVENUE DE)",44.01788,1.38599,Plein jour,En agglomération,Intersection en X,Normale,Deux véhicules - côté,,,,,,,,,,,1,2,2,1,3
201500034917,0015-05-16 19:00:00,15,5,16,19,0,820,121,"219, MOURETS (AVENUE DES",44.01845,1.37153,Plein jour,En agglomération,Hors intersection,Normale,Deux véhicules - côté,,,,,,,,,,,1,2,1,1,3
201500034918,0015-05-26 17:35:00,15,5,26,17,35,820,121,GASSERAS (AVENUE DE),44.01729,1.33785,Plein jour,En agglomération,Intersection en T,Normale,Trois véhicules et plus - en chaîne,,,,,,,,,,,1,2,3,1,4
201500034919,0015-05-29 21:00:00,15,5,29,21,0,820,121,ALSACE LORRAINE ( BOULEV,44.01803,1.36556,Plein jour,En agglomération,Intersection en T,Normale,Deux véhicules - côté,,,,,,,,,,,1,2,3,1,3
201500034920,0015-06-16 14:00:00,15,6,16,14,0,820,121,"NC, SABATIE (RUE LOUIS)",44.01469,1.33981,Plein jour,En agglomération,Hors intersection,Normale,Deux véhicules - frontale,,,,,,,,,,,1,2,1,1,1
201500034921,0015-06-11 18:20:00,15,6,11,18,20,820,121,"17, BRIAND (RUE ARISTIDE",44.01692,1.34058,Plein jour,En agglomération,Hors intersection,Normale,Deux véhicules - arrière,,,,,,,,,,,1,2,1,1,2
201500034922,0015-06-17 22:55:00,15,6,17,22,55,820,121,"2100, MOLIERES (ROUTE DE",44.05744,1.36023,Nuit sans éclairage public,Hors agglomération,Hors intersection,Normale,Autre collision,,,,,,,,,,,3,1,1,1,6
201500034923,0015-06-18 17:45:00,15,6,18,17,45,820,121,"197, DOUMERC (BOULEVARD",44.01391,1.36424,Plein jour,En agglomération,Hors intersection,Normale,Autre collision,,,,,,,,,,,1,2,1,1,6
201500034924,0015-06-19 10:50:00,15,6,19,10,50,820,121,"nc, VOLTAIRE (RUE)",44.03457,1.37259,Plein jour,En agglomération,Intersection en X,Normale,Deux véhicules - côté,,,,,,,,,,,1,2,2,1,3
201500034925,0015-06-07 05:45:00,15,6,7,5,45,820,121,AUTOROUTE A 20,43.98452,1.33564,Nuit sans éclairage public,Hors agglomération,Hors intersection,Normale,Sans collision,,,,,,,,,,,3,1,1,1,7
201500034926,0015-06-28 13:06:00,15,6,28,13,6,820,121,"109, BRIAND (RUE ARISTID",44.0166,1.3447,Plein jour,En agglomération,Intersection en T,Normale,Autre collision,,,,,,,,,,,1,2,3,1,6
201500034927,0015-07-19 07:25:00,15,7,19,7,25,820,121,"NC, VIGNARNAUD (ROUTE DE",44.00215,1.35889,Plein jour,En agglomération,Hors intersection,Normale,Sans collision,,,,,,,,,,,1,2,1,1,7
201500034928,0015-07-26 01:45:00,15,7,26,1,45,820,121,"NC, AUCH (ROUTE D')",43.98918,1.30893,Nuit avec éclairage allumé,Hors agglomération,Intersection en X,Normale,Deux véhicules - côté,,,,,,,,,,,5,1,2,1,3
201500034929,0015-07-29 21:45:00,15,7,29,21,45,820,121,"NC, VOLTAIRE (RUE)",44.03736,1.36472,Nuit avec éclairage allumé,En agglomération,Intersection en X,Pluie légère,Deux véhicules - côté,,,,,,,,,,,5,2,2,2,3
201500034930,0015-09-13 07:50:00,15,9,13,7,50,820,121,SAINT-MARTIAL D 8 (ROUTE,43.98579,1.43069,Crépuscule ou aube,Hors agglomération,Hors intersection,Normale,Autre collision,,,,,,,,,,,2,1,1,1,6
201500034931,0015-07-24 10:23:00,15,7,24,10,23,820,121,"1970, DE SAINT PIERRE (C",,,Plein jour,Hors agglomération,Hors intersection,Normale,Deux véhicules - frontale,,,,,,,,,,,1,1,1,1,1
201500034932,0015-08-14 09:55:00,15,8,14,9,55,820,121,OULES (CHEMIN DES),,,Plein jour,Hors agglomération,Hors intersection,Pluie forte,Deux véhicules - frontale,,,,,,,,,,,1,1,1,3,1
201500034933,0015-08-20 12:21:00,15,8,20,12,21,820,121,"NC, rond point des osage",43.99561,1.35061,Plein jour,Hors agglomération,Giratoire,Temps éblouissant,Deux véhicules - côté,,,,,,,,,,,1,1,6,7,3
201500034934,0015-08-21 19:40:00,15,8,21,19,40,820,121,"70, ALSACE LORRAINE ( BO",44.0189,1.36044,Plein jour,En agglomération,Hors intersection,Temps éblouissant,Autre collision,,,,,,,,,,,1,2,1,7,6
201500034935,0015-08-30 18:00:00,15,8,30,18,0,820,121,"NC, BLANCOUS (CHEMIN DES",44.0249,1.38232,Plein jour,En agglomération,Intersection en T,Normale,Deux véhicules - côté,,,,,,,,,,,1,2,3,1,3
201500034936,0015-08-22 08:40:00,15,8,22,8,40,820,121,"NC, ALBEFEUILLE D 72 ( R",44.03935,1.29793,Plein jour,Hors agglomération,Hors intersection,Normale,Autre collision,,,,,,,,,,,1,1,1,1,6
201500034937,0015-08-20 19:30:00,15,8,20,19,30,820,121,"853, RAMIEROU (RUE DU)",44.01654,1.38319,Plein jour,En agglomération,Hors intersection,Normale,Autre collision,,,,,,,,,,,1,2,1,1,6