accident_id,datetime,annee,mois,jour,heure,minute,departement,commune_insee,adresse,latitude,longitude,luminosite,agglomeration,intersection,meteo,collision,nb_vehicules,nb_usagers,nb_indemnes,nb_tues,nb_blesses_hosp,nb_blesses_legers,age_cond_1,age_cond_2,veh_type_cond_1,veh_type_cond_2,lum_code,agg_code,int_code,atm_code,col_code
201500034938,0015-09-03 15:15:00,15,9,3,15,15,820,121,AUTOROUTE A 20,43.97962,1.33444,Plein jour,Hors agglomération,Autre intersection,Normale,Deux véhicules - côté,,,,,,,,,,,1,1,9,1,3
201500034939,0015-11-03 21:53:00,15,11,3,21,53,820,121,SAINT-NAUPHARY D 999 (RO,43.97564,1.40794,Nuit sans éclairage public,Hors agglomération,Hors intersection,Normale,Autre collision,,,,,,,,,,,3,1,1,1,6
201500034940,0015-09-04 22:00:00,15,9,4,22,0,820,121,AUCH (ROUTE D'),43.98834,1.30715,Nuit sans éclairage public,Hors agglomération,Hors intersection,Normale,Autre collision,,,,,,,,,,,3,1,1,1,6
201500034941,0015-09-08 18:12:00,15,9,8,18,12,820,121,"NC, CAMP D'AVIATION (CHE",44.0249,1.38228,Plein jour,En agglomération,Intersection en T,Normale,Deux véhicules - côté,,,,,,,,,,,1,2,3,1,3
201500034942,0015-11-22 14:00:00,15,11,22,14,0,820,121,"1470, SAINT-NAUPHARY D 9",,,Plein jour,Hors agglomération,Hors intersection,Normale,Deux véhicules - frontale,,,,,,,,,,,1,1,1,1,1
201500034943,0015-09-22 15:00:00,15,9,22,15,0,820,121,"1584, AUCH (ROUTE D')",43.99921,1.32304,Plein jour,Hors agglomération,Hors intersection,Normale,Autre collision,,,,,,,,,,,1,1,1,1,6
201500034944,0015-09-24 07:20:00,15,9,24,7,20,820,121,"38, VILLENOUVELLE (GRAND",44.0207,1.35528,Nuit avec éclairage allumé,En agglomération,Intersection en T,Normale,Deux véhicules - frontale,,,,,,,,,,,5,2,3,1,1
201500034945,0015-09-25 09:58:00,15,9,25,9,58,820,121,"NC, AIGLE caroline (gira",44.03898,1.38224,Plein jour,En agglomération,Giratoire,Normale,Deux véhicules - arrière,,,,,,,,,,,1,2,6,1,2
201500034946,0015-09-25 07:10:00,15,9,25,7,10,820,121,"NC, VITARELLE (ROUTE DE",44.04085,1.37512,Nuit avec éclairage allumé,En agglomération,Intersection en T,Normale,Deux véhicules - côté,,,,,,,,,,,5,2,3,1,3
201500034947,0015-09-30 17:25:00,15,9,30,17,25,820,121,"2650, SAINT-ETIENNE DE T",44.03377,1.41928,Plein jour,Hors agglomération,Hors intersection,Normale,Deux véhicules - frontale,,,,,,,,,,,1,1,1,1,1
201500034948,0015-01-05 17:40:00,15,1,5,17,40,820,121,"4553, NAUPHARY ( ROUTE D",,,Crépuscule ou aube,Hors agglomération,Hors intersection,Normale,Deux véhicules - côté,,,,,,,,,,,2,1,1,1,3
201500034949,0015-09-29 12:20:00,15,9,29,12,20,820,121,ALIBERT ( RUE DU DOCTEUR,44.02255,1.34827,Plein jour,En agglomération,Intersection en X,Normale,Deux véhicules - côté,,,,,,,,,,,1,2,2,1,3
201500034950,0015-12-10 18:50:00,15,12,10,18,50,820,121,MONTRICOUX D 115 (ROUTE,44.03695,1.42241,Nuit sans éclairage public,Hors agglomération,Intersection en X,Normale,Deux véhicules - côté,,,,,,,,,,,3,1,2,1,3
201500034951,0015-10-05 17:00:00,15,10,5,17,0,820,121,"NC, PARIS (route de)",44.03479,1.37704,Plein jour,En agglomération,Hors intersection,Normale,Deux véhicules - côté,,,,,,,,,,,1,2,1,1,3
201500034952,0015-10-10 01:35:00,15,10,10,1,35,820,121,"1300, ROUTE DE BORDEAUX",44.02858,1.32096,Nuit sans éclairage public,Hors agglomération,Hors intersection,Normale,Autre collision,,,,,,,,,,,3,1,1,1,6
201500034953,0015-10-11 07:10:00,15,10,11,7,10,820,121,"1987, AUCH (ROUTE D')",43.99765,1.31858,Nuit sans éclairage public,Hors agglomération,Hors intersection,Normale,Autre collision,,,,,,,,,,,3,1,1,1,6
201500034954,0015-10-23 19:40:00,15,10,23,19,40,820,121,"NC, RAMONETS (CHEMIN DES",44.03698,1.35702,Nuit avec éclairage allumé,En agglomération,Intersection en T,Normale,Deux véhicules - côté,,,,,,,,,,,5,2,3,1,3
201500034955,0015-10-31 18:15:00,15,10,31,18,15,820,121,"NC, ROUTE DE BORDEAUX",44.05349,1.29386,Nuit sans éclairage public,Hors agglomération,Intersection en T,Normale,Deux véhicules - côté,,,,,,,,,,,3,1,3,1,3
201500034956,0015-11-06 07:45:00,15,11,6,7,45,820,121,"NC, LEOJAC (AVENUE DE)",44.01783,1.38603,Crépuscule ou aube,En agglomération,Intersection en X,Normale,Deux véhicules - côté,,,,,,,,,,,2,2,2,1,3
201500034957,0015-10-22 04:50:00,15,10,22,4,50,820,121,"60, BRIAND (RUE ARISTIDE",44.01676,1.3438,Nuit avec éclairage allumé,En agglomération,Hors intersection,Normale,Deux véhicules - arrière,,,,,,,,,,,5,2,1,1,2
201500034958,0015-01-22 16:50:00,15,1,22,16,50,820,121,"251, MOULIN N 20 (AVENUE",,,Plein jour,En agglomération,Hors intersection,Normale,Deux véhicules - côté,,,,,,,,,,,1,2,1,1,3
201500034959,0015-01-23 16:26:00,15,1,23,16,26,820,121,"nc, EUROPE (AVENUE DE L'",,,Plein jour,Hors agglomération,Hors intersection,Normale,Deux véhicules - frontale,,,,,,,,,,,1,1,1,1,1
201500034960,0015-02-02 18:30:00,15,2,2,18,30,820,121,"NC, NEGREPELISSE AVENUE",,,Nuit avec éclairage allumé,Hors agglomération,Hors intersection,Normale,Deux véhicules - frontale,,,,,,,,,,,5,1,1,1,1
201500034961,0015-01-31 20:50:00,15,1,31,20,50,820,121,"6, MOUSTIER (FAUBOURG DE",,,Nuit avec éclairage allumé,En agglomération,Hors intersection,Normale,Autre collision,,,,,,,,,,,5,2,1,1,6
201500034962,0015-02-03 19:00:00,15,2,3,19,0,820,121,"NC, VOLTAIRE (RUE)",,,Nuit avec éclairage allumé,En agglomération,Intersection en X,Normale,Deux véhicules - côté,,,,,,,,,,,5,2,2,1,3
201500034963,0015-02-23 07:35:00,15,2,23,7,35,820,121,HERRIOT (BOULEVARD EDOUA,,,Nuit avec éclairage allumé,En agglomération,Hors intersection,Normale,Autre collision,,,,,,,,,,,5,2,1,1,6
201500034964,0015-03-08 19:10:00,15,3,8,19,10,820,121,"NC, SAINT-MARTIAL D 8 (R",43.997,1.41528,Nuit avec éclairage allumé,Hors agglomération,Hors intersection,Normale,Autre collision,,,,,,,,,,,5,1,1,1,6
201500034965,0015-03-12 07:55:00,15,3,12,7,55,820,121,"NC, RAMIEROU (RUE DU)",44.01737,1.38574,Plein jour,En agglomération,Intersection en Y,Normale,Deux véhicules - côté,,,,,,,,,,,1,2,4,1,3
201500034966,0015-02-07 20:00:00,15,2,7,20,0,820,121,"nc, ROUTE DE CASTELSARRA",,,Nuit sans éclairage public,Hors agglomération,Hors intersection,Normale,Sans collision,,,,,,,,,,,3,1,1,1,7
201500034967,0015-01-02 08:35:00,15,1,2,8,35,830,141,"1, RD 1555 (DRAGUIGNAN/",,,Crépuscule ou aube,Hors agglomération,Hors intersection,Temps éblouissant,Autre collision,,,,,,,,,,,2,1,1,7,6
201500034968,0015-03-23 17:40:00,15,3,23,17,40,830,50,MICHEL(PLACE LOUISE),43.53229,6.4632,Plein jour,En agglomération,Giratoire,Normale,Autre collision,,,,,,,,,,,1,2,6,1,6
201500034969,0015-01-04 10:50:00,15,1,4,10,50,830,50,VERDUN( AVENUE DE),43.53156,6.47393,Plein jour,En agglomération,Giratoire,Normale,Deux véhicules - côté,,,,,,,,,,,1,2,6,1,3
201500034970,0015-04-06 17:05:00,15,4,6,17,5,830,50,"1475, SAINT ESPRIT(CHEMI",43.51226,6.43232,Plein jour,Hors agglomération,Intersection en T,Normale,Deux véhicules - côté,,,,,,,,,,,1,1,3,1,3
201500034971,0015-01-04 12:10:00,15,1,4,12,10,830,50,"90, VAUGINE(AVE DE LA)",43.5329,6.48683,Plein jour,Hors agglomération,Hors intersection,Normale,Deux véhicules - arrière,,,,,,,,,,,1,1,1,1,2
201500034972,0015-01-14 12:10:00,15,1,14,12,10,830,50,"20, QUATRE SEPTEMBRE( AV",43.53609,6.45936,Plein jour,En agglomération,Hors intersection,Normale,Autre collision,,,,,,,,,,,1,2,1,1,6
201500034973,0015-04-18 09:00:00,15,4,18,9,0,830,50,"10, CARNOT(AVENUE LAZARE",,,Plein jour,En agglomération,Hors intersection,Normale,Deux véhicules - côté,,,,,,,,,,,1,2,1,1,3
201500034974,0015-01-15 15:10:00,15,1,15,15,10,830,50,PAGNOL(BOULEVARD  MARCEL,43.53295,6.4824,Plein jour,En agglomération,Hors intersection,Normale,Autre collision,,,,,,,,,,,1,2,1,1,6
201500034975,0015-06-10 09:30:00,15,6,10,9,30,830,50,"301, POMPIDOU(VOIE  GEOR",43.5294,6.44928,Plein jour,En agglomération,Hors intersection,Normale,Trois véhicules et plus - collisions multiples,,,,,,,,,,,1,2,1,1,5
201500034976,0015-01-16 22:57:00,15,1,16,22,57,830,141,RD 1555 (DRAGUIGNAN/ LE,,,Nuit avec éclairage allumé,Hors agglomération,Hors intersection,Pluie légère,Autre collision,,,,,,,,,,,5,1,1,2,6
201500034977,0015-06-22 16:05:00,15,6,22,16,5,830,50,DE GAULLE(AVENUE CHARLES,,,Plein jour,En agglomération,Hors intersection,Normale,Deux véhicules - côté,,,,,,,,,,,1,2,1,1,3
201500034978,0015-02-07 19:15:00,15,2,7,19,15,830,141,ARCS(ROUTE DES),,,Nuit sans éclairage public,Hors agglomération,Hors intersection,Normale,Deux véhicules - côté,,,,,,,,,,,3,1,1,1,3
201500034979,0015-06-22 09:45:00,15,6,22,9,45,830,141,RD 1555 (DRAGUIGNAN/ LE,,,Plein jour,En agglomération,Hors intersection,Normale,Autre collision,,,,,,,,,,,1,2,1,1,6
201500034980,0015-02-17 20:47:00,15,2,17,20,47,830,141,"14, GARE(AVENUE DE LA)",43.50377,6.48418,Nuit avec éclairage allumé,En agglomération,Hors intersection,Normale,Autre collision,,,,,,,,,,,5,2,1,1,6
201500034981,0015-07-02 04:14:00,15,7,2,4,14,830,50,CLEMENCEAU (BD GEORGES),43.53671,6.46388,Nuit avec éclairage allumé,En agglomération,Hors intersection,Normale,Deux véhicules - arrière,,,,,,,,,,,5,2,1,1,2
201500034982,0015-02-19 14:35:00,15,2,19,14,35,830,50,CARNOT(AVENUE LAZARE),,,Plein jour,En agglomération,Hors intersection,Normale,Autre collision,,,,,,,,,,,1,2,1,1,6
201500034983,0015-07-21 23:00:00,15,7,21,23,0,830,50,"400, COL DE L'ANGE(RACCO",43.52826,6.44152,Nuit sans éclairage public,Hors agglomération,Autre intersection,Normale,Deux véhicules - frontale,,,,,,,,,,,3,1,9,1,1
201500034984,0015-03-11 10:25:00,15,3,11,10,25,830,50,CLEMENCEAU(BOULEVARD GEO,43.53732,6.46267,Plein jour,En agglomération,Hors intersection,Normale,Autre collision,,,,,,,,,,,1,2,1,1,6
201500034985,0015-07-26 01:00:00,15,7,26,1,0,830,50,"1149, MANHES(AVENUE FRED",43.5543,6.43339,Nuit sans éclairage public,En agglomération,Hors intersection,Normale,Trois véhicules et plus - collisions multiples,,,,,,,,,,,3,2,1,1,5
201500034986,0015-08-26 08:55:00,15,8,26,8,55,830,50,KENNEDY(BOULEVARD JOHN),,,Plein jour,En agglomération,Intersection en T,Normale,Deux véhicules - côté,,,,,,,,,,,1,2,3,1,3
201500034987,0015-09-05 16:45:00,15,9,5,16,45,830,50,"908, SCAMARONI(AVENUE FR",,,Plein jour,Hors agglomération,Hors intersection,Normale,Trois véhicules et plus - collisions multiples,,,,,,,,,,,1,1,1,1,5
201500034988,0015-09-07 15:25:00,15,9,7,15,25,830,50,TUTTLINGEN(AVENUE DE),43.52828,6.44148,Plein jour,En agglomération,Intersection en T,Normale,Deux véhicules - côté,,,,,,,,,,,1,2,3,1,3
201500034989,0015-09-14 09:35:00,15,9,14,9,35,830,50,GRANDE ARMEE(AVENUE DE L,,,Plein jour,En agglomération,Intersection à plus de 4 branches,Normale,Deux véhicules - frontale,,,,,,,,,,,1,2,5,1,1
201500034990,0015-09-19 14:40:00,15,9,19,14,40,830,50,BEAUSSARET(CHEMIN DU),43.52792,6.44343,Plein jour,En agglomération,Hors intersection,Normale,Sans collision,,,,,,,,,,,1,2,1,1,7
201500034991,0015-09-21 07:50:00,15,9,21,7,50,830,50,"69, ALLENDE (avenue Salv",,,Plein jour,Hors agglomération,Hors intersection,Normale,Deux véhicules - côté,,,,,,,,,,,1,1,1,1,3
201500034992,0015-09-25 07:40:00,15,9,25,7,40,830,50,ALLENDE (avenue Salvador,,,Plein jour,Hors agglomération,Hors intersection,Normale,Deux véhicules - arrière,,,,,,,,,,,1,1,1,1,2
201500034993,0015-09-28 13:20:00,15,9,28,13,20,830,50,BLUM(BOULEVARD LEON),43.52803,6.48158,Plein jour,En agglomération,Hors intersection,Normale,Autre collision,,,,,,,,,,,1,2,1,1,6
201500034994,0015-09-29 11:35:00,15,9,29,11,35,830,50,"97, REMPARTS(BOULEVARD",43.54054,6.46883,Plein jour,En agglomération,Intersection en T,Normale,Deux véhicules - frontale,,,,,,,,,,,1,2,3,1,1
201500034995,0015-10-02 07:35:00,15,10,2,7,35,830,50,VERDUN( AVENUE DE),,,Crépuscule ou aube,En agglomération,Hors intersection,Pluie forte,Autre collision,,,,,,,,,,,2,2,1,3,6
201500034996,0015-10-19 14:15:00,15,10,19,14,15,830,50,"109, CAZELLES(AVENUE JUL",43.53088,6.47287,Plein jour,En agglomération,Hors intersection,Normale,Deux véhicules - côté,,,,,,,,,,,1,2,1,1,3
201500034997,0015-11-05 19:40:00,15,11,5,19,40,830,50,POMPIDOU(VOIE  GEORGES),43.52646,6.44858,Nuit avec éclairage allumé,En agglomération,Intersection en T,Normale,Deux véhicules - côté,,,,,,,,,,,5,2,3,1,3
201500034998,0015-11-03 07:37:00,15,11,3,7,37,830,50,"434, ALLENDE (avenue Sal",,,Plein jour,Hors agglomération,Hors intersection,Normale,Deux véhicules - arrière,,,,,,,,,,,1,1,1,1,2
201500034999,0015-12-02 17:35:00,15,12,2,17,35,830,50,VERDUN( AVENUE DE),43.53386,6.47788,Nuit avec éclairage allumé,En agglomération,Hors intersection,Normale,Autre collision,,,,,,,,,,,5,2,1,1,6
201500035000,0015-12-14 20:30:00,15,12,14,20,30,830,50,"7, CLEMENCEAU(BOULEVARD",43.53759,6.46243,Nuit avec éclairage allumé,En agglomération,Autre intersection,Normale,Autre collision,,,,,,,,,,,5,2,9,1,6
201500035001,0015-12-17 07:10:00,15,12,17,7,10,830,50,"1, PREMIERE ARMEE(AVENUE",43.53153,6.47392,Crépuscule ou aube,En agglomération,Autre intersection,Normale,Deux véhicules - côté,,,,,,,,,,,2,2,9,1,3
201500035002,0015-12-14 12:20:00,15,12,14,12,20,830,50,DE TRANS (BD BERNARD),43.53595,6.46736,Plein jour,En agglomération,Hors intersection,Normale,Autre collision,,,,,,,,,,,1,2,1,1,6
201500035003,0015-12-16 07:35:00,15,12,16,7,35,830,50,CAZELLES(AVENUE JULIEN),43.53148,6.47381,Crépuscule ou aube,En agglomération,Giratoire,Normale,Deux véhicules - côté,,,,,,,,,,,2,2,6,1,3
201500035004,0015-02-24 16:05:00,15,2,24,16,5,830,118,BD DU CERCERON,43.43696,6.78493,Plein jour,Hors agglomération,Hors intersection,Normale,Autre collision,,,,,,,,,,,1,1,1,1,6
201500035005,0015-03-25 10:13:00,15,3,25,10,13,830,61,"188, AVENUE DE VERDUN",43.43302,6.72989,Plein jour,En agglomération,Hors intersection,Normale,Autre collision,,,,,,,,,,,1,2,1,1,6
201500035006,0015-04-08 01:50:00,15,4,8,1,50,830,61,"0, RN7",43.43958,6.7078,Nuit sans éclairage public,Hors agglomération,Hors intersection,Normale,Autre collision,,,,,,,,,,,3,1,1,1,6
201500035007,0015-03-23 14:05:00,15,3,23,14,5,830,61,"0, BOULEVARD S?VERIN DEC",43.42866,6.73631,Plein jour,En agglomération,Hors intersection,Normale,Deux véhicules - côté,,,,,,,,,,,1,2,1,1,3
201500035008,0015-04-13 17:40:00,15,4,13,17,40,830,61,RN98 ST AYGULF,,,Plein jour,Hors agglomération,Hors intersection,Normale,Deux véhicules - arrière,,,,,,,,,,,1,1,1,1,2
201500035009,0015-05-01 22:20:00,15,5,1,22,20,830,118,ROUTE DE LA CORNICHE,,,Nuit avec éclairage allumé,En agglomération,Hors intersection,Normale,Autre collision,,,,,,,,,,,5,2,1,1,6
201500035010,0015-05-03 18:15:00,15,5,3,18,15,830,118,"667, BD GEN DE GAULLE",,,Plein jour,En agglomération,Hors intersection,Normale,Deux véhicules - côté,,,,,,,,,,,1,2,1,1,3
201500035011,0015-05-06 11:35:00,15,5,6,11,35,830,61,"0, RUE DE LA VERNÈDE",43.4536,6.71286,Plein jour,Hors agglomération,Hors intersection,Normale,Deux véhicules - côté,,,,,,,,,,,1,1,1,1,3
201500035012,0015-05-13 11:49:00,15,5,13,11,49,830,61,"0, RUE DU CAPORAL EL HAD",43.4676,6.7235,Plein jour,En agglomération,Hors intersection,Normale,Deux véhicules - frontale,,,,,,,,,,,1,2,1,1,1
201500035013,0015-05-14 16:20:00,15,5,14,16,20,830,118,ROUTE DE SAINT-BARTHÉLEM,,,Plein jour,Hors agglomération,Hors intersection,Normale,Deux véhicules - frontale,,,,,,,,,,,1,1,1,1,1
201500035014,0015-05-08 19:33:00,15,5,8,19,33,830,61,"0, AV DE LA CORNICHE",,,Plein jour,En agglomération,Intersection en X,Normale,Deux véhicules - côté,,,,,,,,,,,1,2,2,1,3
201500035015,0015-05-01 13:50:00,15,5,1,13,50,830,61,RN7,,,Plein jour,Hors agglomération,Hors intersection,Normale,Deux véhicules - frontale,,,,,,,,,,,1,1,1,1,1
201500035016,0015-05-10 10:35:00,15,5,10,10,35,830,61,AVENUE DU HUIT MAI 1945,,,Plein jour,En agglomération,Hors intersection,Normale,Trois véhicules et plus - collisions multiples,,,,,,,,,,,1,2,1,1,5
201500035017,0015-05-26 12:33:00,15,5,26,12,33,830,118,"57, AVENUE DE VALESCURE",43.42845,6.77237,Plein jour,En agglomération,Hors intersection,Temps couvert,Autre collision,,,,,,,,,,,1,2,1,8,6
201500035018,0015-05-21 11:15:00,15,5,21,11,15,830,61,"0, AVENUE DE PROVENCE",,,Plein jour,En agglomération,Giratoire,Normale,Deux véhicules - côté,,,,,,,,,,,1,2,6,1,3
201500035019,0015-04-30 11:00:00,15,4,30,11,0,830,61,"0, AVENUE DE LATTRE DE T",43.43143,6.75287,Plein jour,En agglomération,Hors intersection,Normale,Deux véhicules - côté,,,,,,,,,,,1,2,1,1,3
201500035020,0015-06-01 17:19:00,15,6,1,17,19,830,118,"0, BOULEVARD GENERAL DE",,,Plein jour,En agglomération,Hors intersection,Normale,Deux véhicules - côté,,,,,,,,,,,1,2,1,1,3
201500035021,0015-06-18 09:00:00,15,6,18,9,0,830,118,"9, BD G. CLEMENCEAU",43.42429,6.77164,Plein jour,En agglomération,Hors intersection,Normale,Autre collision,,,,,,,,,,,1,2,1,1,6
201500035022,0015-06-13 05:45:00,15,6,13,5,45,830,61,"0, AVENUE DE PROVENCE",,,Crépuscule ou aube,En agglomération,Hors intersection,Normale,Autre collision,,,,,,,,,,,2,2,1,1,6
201500035023,0015-07-10 20:10:00,15,7,10,20,10,830,61,CD8,43.42543,6.71448,Plein jour,Hors agglomération,Hors intersection,Normale,Deux véhicules - côté,,,,,,,,,,,1,1,1,1,3
201500035024,0015-07-15 16:20:00,15,7,15,16,20,830,61,RDN7,43.51067,6.83096,Plein jour,Hors agglomération,Hors intersection,Normale,Autre collision,,,,,,,,,,,1,1,1,1,6
201500035025,0015-07-25 14:15:00,15,7,25,14,15,830,61,"., AVENUE VICTOR HUGO",43.42626,6.75861,Plein jour,En agglomération,Hors intersection,Normale,Autre collision,,,,,,,,,,,1,2,1,1,6
201500035026,0015-07-26 20:00:00,15,7,26,20,0,830,118,"., BOULEVARD MARÉCHAL JU",43.41434,6.79042,Plein jour,En agglomération,Intersection en X,Normale,Deux véhicules - côté,,,,,,,,,,,1,2,2,1,3
201500035027,0015-06-21 10:37:00,15,6,21,10,37,830,61,"2700, RD4",,,Plein jour,Hors agglomération,Hors intersection,Normale,Deux véhicules - frontale,,,,,,,,,,,1,1,1,1,1
201500035028,0015-07-21 16:15:00,15,7,21,16,15,830,61,RD559  ST AYGULF,43.40326,6.72977,Plein jour,En agglomération,Hors intersection,Normale,Deux véhicules - côté,,,,,,,,,,,1,2,1,1,3
201500035029,0015-08-11 20:55:00,15,8,11,20,55,830,61,RN98 ST AYGULF,43.39343,6.72817,Crépuscule ou aube,Hors agglomération,Hors intersection,Normale,Deux véhicules - frontale,,,,,,,,,,,2,1,1,1,1
201500035030,0015-08-14 15:30:00,15,8,14,15,30,830,61,RDN7,43.43984,6.70735,Plein jour,En agglomération,Hors intersection,Normale,Deux véhicules - arrière,,,,,,,,,,,1,2,1,1,2
201500035031,0015-08-21 11:55:00,15,8,21,11,55,830,61,"., RUE GEORGES BESSE",43.4392,6.71837,Plein jour,En agglomération,Hors intersection,Normale,Autre collision,,,,,,,,,,,1,2,1,1,6
201500035032,0015-09-16 11:22:00,15,9,16,11,22,830,61,"., AVENUE DE L'ARGENS",43.42738,6.73553,Plein jour,En agglomération,Hors intersection,Normale,Autre collision,,,,,,,,,,,1,2,1,1,6
201500035033,0015-09-08 17:50:00,15,9,8,17,50,830,61,D37,43.44692,6.75798,Plein jour,En agglomération,Hors intersection,Normale,Deux véhicules - côté,,,,,,,,,,,1,2,1,1,3
201500035034,0015-09-10 17:45:00,15,9,10,17,45,830,61,37 AVENUE A. SAHKAROV,43.43885,6.74201,Plein jour,En agglomération,Hors intersection,Normale,Autre collision,,,,,,,,,,,1,2,1,1,6
201500035035,0015-09-29 17:40:00,15,9,29,17,40,830,61,"1163, AVENUE DU GÉNÉRAL",,,Plein jour,En agglomération,Intersection en Y,Normale,Deux véhicules - côté,,,,,,,,,,,1,2,4,1,3
201500035036,0015-09-27 09:25:00,15,9,27,9,25,830,118,"., ROUTE DES GOLFS",43.45181,6.83367,Plein jour,Hors agglomération,Hors intersection,Normale,Deux véhicules - côté,,,,,,,,,,,1,1,1,1,3
201500035037,0015-10-22 09:45:00,15,10,22,9,45,830,61,"77, AV ARISTIDE BRIAND",43.43211,6.73777,Plein jour,En agglomération,Hors intersection,Normale,Autre collision,,,,,,,,,,,1,2,1,1,6
201500035038,0015-11-16 17:00:00,15,11,16,17,0,830,61,"XXXX, CD8",43.42918,6.72028,Crépuscule ou aube,Hors agglomération,Hors intersection,Normale,Trois véhicules et plus - collisions multiples,,,,,,,,,,,2,1,1,1,5
201500035039,0015-11-12 17:00:00,15,11,12,17,0,830,61,"243, RUE DU CAPITAINE BL",43.4315,6.73342,Plein jour,En agglomération,Hors intersection,Normale,Deux véhicules - côté,,,,,,,,,,,1,2,1,1,3
201500035040,0015-12-01 13:50:00,15,12,1,13,50,830,61,RUE WILLIAM SHAKESPEARE,43.42611,6.74846,Plein jour,En agglomération,Hors intersection,Normale,Autre collision,,,,,,,,,,,1,2,1,1,6
201500035041,0015-12-09 15:05:00,15,12,9,15,5,830,118,RUE JULES BARBIER,43.42219,6.7686,Plein jour,En agglomération,Intersection en T,Normale,Deux véhicules - côté,,,,,,,,,,,1,2,3,1,3
201500035042,0015-12-10 11:35:00,15,12,10,11,35,830,118,BOULEVARD DE L'ASP,43.42969,6.79469,Plein jour,Hors agglomération,Hors intersection,Normale,Autre collision,,,,,,,,,,,1,1,1,1,6
201500035043,0015-11-12 10:20:00,15,11,12,10,20,830,118,BOULEVARD DE LA LIBRATI,43.42389,6.75736,Plein jour,En agglomération,Hors intersection,Normale,Autre collision,,,,,,,,,,,1,2,1,1,6
201500035044,0015-12-01 12:10:00,15,12,1,12,10,830,61,RUE DE L'AVELAN,43.4308,6.74926,Plein jour,En agglomération,Giratoire,Normale,Autre collision,,,,,,,,,,,1,2,6,1,6
201500035045,0015-02-08 08:25:00,15,2,8,8,25,830,61,"382, AVE ANDRE LEOTARD",,,Plein jour,En agglomération,Hors intersection,Normale,Autre collision,,,,,,,,,,,1,2,1,1,6
201500035046,0015-02-01 18:35:00,15,2,1,18,35,830,118,"1371, AVE  DU GD DEFENDS",43.42568,6.80783,Nuit avec éclairage allumé,Hors agglomération,Hors intersection,Normale,Sans collision,,,,,,,,,,,5,1,1,1,7
201500035047,0015-02-26 10:25:00,15,2,26,10,25,830,118,AVENUE DE VALESCURE,,,Plein jour,En agglomération,Intersection en Y,Normale,Deux véhicules - arrière,,,,,,,,,,,1,2,4,1,2
201500035048,0015-03-04 15:30:00,15,3,4,15,30,830,118,"0, BD DU CERCERON",,,Plein jour,En agglomération,Hors intersection,Normale,Trois véhicules et plus - collisions multiples,,,,,,,,,,,1,2,1,1,5
201500035049,0015-01-06 06:55:00,15,1,6,6,55,830,61,RN98 ST AYGULF,,,Nuit avec éclairage allumé,Hors agglomération,Autre intersection,Normale,Deux véhicules - côté,,,,,,,,,,,5,1,9,1,3
201500035050,0015-03-08 14:10:00,15,3,8,14,10,830,61,RN98,43.35286,6.71259,Plein jour,Hors agglomération,Hors intersection,Normale,Deux véhicules - côté,,,,,,,,,,,1,1,1,1,3
201500035051,0015-12-31 10:35:00,15,12,31,10,35,830,69,"3, DE LATTRE DE TASSIGNY",43.12354,6.14586,Plein jour,En agglomération,Hors intersection,Normale,Autre collision,,,,,,,,,,,1,2,1,1,6
201500035052,0015-03-30 22:30:00,15,3,30,22,30,830,69,JUIN ( BOULEVARD DU MARE,43.11469,6.11108,Nuit avec éclairage allumé,En agglomération,Giratoire,Normale,Sans collision,,,,,,,,,,,5,2,6,1,7
201500035053,0015-04-04 16:10:00,15,4,4,16,10,830,69,DECUGIS (AVENUE ALFRED),43.10569,6.17581,Plein jour,En agglomération,Giratoire,Normale,Deux véhicules - côté,,,,,,,,,,,1,2,6,1,3
201500035054,0015-04-06 18:45:00,15,4,6,18,45,830,69,"1, FERRARI (RUE SOLDAT)",43.12052,6.13269,Plein jour,En agglomération,Autre intersection,Normale,Autre collision,,,,,,,,,,,1,2,9,1,6
201500035055,0015-12-21 18:20:00,15,12,21,18,20,830,69,BEAUREGARD (AV ANDREE),43.11761,6.12527,Nuit avec éclairage allumé,En agglomération,Hors intersection,Normale,Deux véhicules - arrière,,,,,,,,,,,5,2,1,1,2
201500035056,0015-04-15 18:00:00,15,4,15,18,0,830,69,"1, DECUGIS (AVENUE ALFRE",43.11094,6.16761,Plein jour,En agglomération,Hors intersection,Normale,Deux véhicules - côté,,,,,,,,,,,1,2,1,1,3
201500035057,0015-04-23 23:15:00,15,4,23,23,15,830,69,"1, MARINE (BOULEVARD DE",43.1,6.17036,Nuit avec éclairage allumé,Hors agglomération,Intersection en T,Normale,Deux véhicules - arrière,,,,,,,,,,,5,1,3,1,2
201500035058,0015-04-25 21:35:00,15,4,25,21,35,830,69,"786, MACRI (CHEMIN SOLDA",43.11452,6.17822,Nuit sans éclairage public,Hors agglomération,Hors intersection,Normale,Sans collision,,,,,,,,,,,3,1,1,1,7
201500035059,0015-05-03 02:45:00,15,5,3,2,45,830,69,TOULON RD 554 (AVENUE DE,,,Nuit avec éclairage allumé,En agglomération,Hors intersection,Normale,Deux véhicules - côté,,,,,,,,,,,5,2,1,1,3
201500035060,0015-05-09 20:10:00,15,5,9,20,10,830,69,LOUBES (ROUTE DES),,,Crépuscule ou aube,Hors agglomération,Autre intersection,Normale,Deux véhicules - frontale,,,,,,,,,,,2,1,9,1,1
201500035061,0015-05-15 08:40:00,15,5,15,8,40,830,69,chemin de Pomponiana,,,Plein jour,Hors agglomération,Intersection en T,Temps éblouissant,Deux véhicules - frontale,,,,,,,,,,,1,1,3,7,1
201500035062,0015-05-25 16:53:00,15,5,25,16,53,830,69,CAWELL (AVENUE EDITH),43.11047,6.12583,Plein jour,En agglomération,Intersection en T,Normale,Deux véhicules - côté,,,,,,,,,,,1,2,3,1,3