accident_id,datetime,annee,mois,jour,heure,minute,departement,commune_insee,adresse,latitude,longitude,luminosite,agglomeration,intersection,meteo,collision,nb_vehicules,nb_usagers,nb_indemnes,nb_tues,nb_blesses_hosp,nb_blesses_legers,age_cond_1,age_cond_2,veh_type_cond_1,veh_type_cond_2,lum_code,agg_code,int_code,atm_code,col_code
201500035063,0015-05-30 19:35:00,15,5,30,19,35,830,69,CH Petit Traversier du P,43.1147,6.15624,Plein jour,En agglomération,Intersection en Y,Normale,Trois véhicules et plus - en chaîne,,,,,,,,,,,1,2,4,1,4
201500035064,0015-06-07 04:25:00,15,6,7,4,25,830,69,BART (AVENUE JEAN),43.0747,6.15315,Nuit avec éclairage allumé,En agglomération,Intersection en T,Normale,Sans collision,,,,,,,,,,,5,2,3,1,7
201500035065,0015-07-05 00:55:00,15,7,5,0,55,830,69,AEROPORT (AVENUE DE L'),43.08636,6.14669,Nuit avec éclairage allumé,En agglomération,Hors intersection,Normale,Deux véhicules - frontale,,,,,,,,,,,5,2,1,1,1
201500035066,0015-07-02 11:40:00,15,7,2,11,40,830,69,THOMAS (AVENUE AMBROISE),43.11547,6.1333,Plein jour,Hors agglomération,Hors intersection,Normale,Autre collision,,,,,,,,,,,1,1,1,1,6
201500035067,0015-07-05 21:19:00,15,7,5,21,19,830,69,ALMANARRE (ROUTE DE L'),,,Crépuscule ou aube,Hors agglomération,Hors intersection,Normale,Trois véhicules et plus - collisions multiples,,,,,,,,,,,2,1,1,1,5
201500035068,0015-07-05 18:25:00,15,7,5,18,25,830,69,MARINE (BOULEVARD DE LA),43.09811,6.16847,Plein jour,En agglomération,Hors intersection,Normale,Deux véhicules - arrière,,,,,,,,,,,1,2,1,1,2
201500035069,0015-07-16 12:40:00,15,7,16,12,40,830,34,"11, GENERAL TOUZET DU VI",43.09519,6.07722,Plein jour,En agglomération,Hors intersection,Normale,Autre collision,,,,,,,,,,,1,2,1,1,6
201500035070,0015-07-25 01:40:00,15,7,25,1,40,830,69,"21, CORPS (AVENUE DU XVE",43.12214,6.14142,Nuit avec éclairage allumé,En agglomération,Hors intersection,Normale,Sans collision,,,,,,,,,,,5,2,1,1,7
201500035071,0015-07-23 19:20:00,15,7,23,19,20,830,69,"1029, SALINS ( ROUTE DES",43.1188,6.1862,Plein jour,Hors agglomération,Hors intersection,Normale,Autre collision,,,,,,,,,,,1,1,1,1,6
201500035072,0015-08-10 23:12:00,15,8,10,23,12,830,69,"1, THOMAS (AVENUE AMBROI",43.1185,6.13227,Nuit avec éclairage allumé,En agglomération,Hors intersection,Normale,Autre collision,,,,,,,,,,,5,2,1,1,6
201500035073,0015-09-03 02:50:00,15,9,3,2,50,830,69,"1, BORDS DU GAPEAU (CHEM",43.12256,6.1756,Nuit sans éclairage public,Hors agglomération,Hors intersection,Normale,Autre collision,,,,,,,,,,,3,1,1,1,6
201500035074,0015-09-12 13:15:00,15,9,12,13,15,830,69,"11, MISTRAL (BOULEVARD F",43.12443,6.13653,Plein jour,En agglomération,Hors intersection,Normale,Deux véhicules - arrière,,,,,,,,,,,1,2,1,1,2
201500035075,0015-09-14 13:20:00,15,9,14,13,20,830,69,"1, PIERREFEU (ROUTE DE)",43.15502,6.12883,Plein jour,Hors agglomération,Hors intersection,Normale,Trois véhicules et plus - collisions multiples,,,,,,,,,,,1,1,1,1,5
201500035076,0015-09-15 22:00:00,15,9,15,22,0,830,69,"571, TOULON RD 554 (ROUT",43.12622,6.10038,Nuit avec éclairage allumé,En agglomération,Hors intersection,Normale,Autre collision,,,,,,,,,,,5,2,1,1,6
201500035077,0015-09-17 09:20:00,15,9,17,9,20,830,69,GIENS (ROUTE DE ),43.08025,6.14933,Plein jour,Hors agglomération,Hors intersection,Normale,Deux véhicules - arrière,,,,,,,,,,,1,1,1,1,2
201500035078,0015-09-29 17:40:00,15,9,29,17,40,830,69,JAURES (AVENUE JEAN),43.11945,6.13198,Plein jour,En agglomération,Hors intersection,Normale,Autre collision,,,,,,,,,,,1,2,1,1,6
201500035079,0015-10-11 15:05:00,15,10,11,15,5,830,69,"2031, FONT DES HORTS (CH",43.08536,6.12194,Plein jour,En agglomération,Autre intersection,Normale,Deux véhicules - arrière,,,,,,,,,,,1,2,9,1,2
201500035080,0015-10-15 08:50:00,15,10,15,8,50,830,69,CLOTIS (AVENUE JOSEPH),43.1201,6.13047,Plein jour,En agglomération,Hors intersection,Normale,Autre collision,,,,,,,,,,,1,2,1,1,6
201500035081,0015-10-30 09:35:00,15,10,30,9,35,830,69,"1588, MARINE (BOULEVARD",43.09314,6.1635,Plein jour,Hors agglomération,Hors intersection,Normale,Deux véhicules - côté,,,,,,,,,,,1,1,1,1,3
201500035082,0015-11-02 15:20:00,15,11,2,15,20,830,69,NICE (ROUTE DE),43.13072,6.16641,Plein jour,Hors agglomération,Intersection en X,Normale,Deux véhicules - côté,,,,,,,,,,,1,1,2,1,3
201500035083,0015-11-10 17:03:00,15,11,10,17,3,830,69,"565, ARBANAIS (AVENUE DE",,,Plein jour,En agglomération,Hors intersection,Normale,Deux véhicules - frontale,,,,,,,,,,,1,2,1,1,1
201500035084,0015-01-04 20:50:00,15,1,4,20,50,830,34,RUE DES 3 PINS,,,Nuit avec éclairage allumé,Hors agglomération,Giratoire,Normale,Deux véhicules - côté,,,,,,,,,,,5,1,6,1,3
201500035085,0015-11-28 21:15:00,15,11,28,21,15,830,69,PIERREFEU (ROUTE DE) RD,43.19394,6.12994,Nuit sans éclairage public,En agglomération,Hors intersection,Normale,Deux véhicules - frontale,,,,,,,,,,,3,2,1,1,1
201500035086,0015-12-10 00:20:00,15,12,10,0,20,830,69,"640, CRAU (ROUTE DE LA )",43.12873,6.92161,Nuit sans éclairage public,Hors agglomération,Hors intersection,Normale,Deux véhicules - frontale,,,,,,,,,,,3,1,1,1,1
201500035087,0015-12-10 18:35:00,15,12,10,18,35,830,34,CD559,43.09586,6.06925,Nuit avec éclairage allumé,Hors agglomération,Hors intersection,Normale,Deux véhicules - frontale,,,,,,,,,,,5,1,1,1,1
201500035088,0015-12-18 10:00:00,15,12,18,10,0,830,69,ARROMANCHES ( ROND POINT,43.08285,6.14968,Plein jour,En agglomération,Hors intersection,Normale,Deux véhicules - côté,,,,,,,,,,,1,2,1,1,3
201500035089,0015-01-10 22:40:00,15,1,10,22,40,830,69,FRONT DE MER (BOULEVARD),,,Nuit sans éclairage public,Hors agglomération,Hors intersection,Normale,Autre collision,,,,,,,,,,,3,1,1,1,6
201500035090,0015-01-15 19:00:00,15,1,15,19,0,830,69,"10924, PIERREFEU (ROUTE",,,Nuit sans éclairage public,Hors agglomération,Hors intersection,Normale,Deux véhicules - frontale,,,,,,,,,,,3,1,1,1,1
201500035091,0015-01-13 10:55:00,15,1,13,10,55,830,34,RUE DES 3 PINS,,,Plein jour,Hors agglomération,Hors intersection,Normale,Autre collision,,,,,,,,,,,1,1,1,1,6
201500035092,0015-01-16 11:00:00,15,1,16,11,0,830,69,"35, CAWELL (AVENUE EDITH",43.10996,6.12527,Plein jour,En agglomération,Hors intersection,Normale,Autre collision,,,,,,,,,,,1,2,1,1,6
201500035093,0015-02-04 21:55:00,15,2,4,21,55,830,69,ARROMANCHES ( ROND POINT,,,Nuit avec éclairage allumé,En agglomération,Giratoire,Pluie légère,Sans collision,,,,,,,,,,,5,2,6,2,7
201500035094,0015-02-20 09:10:00,15,2,20,9,10,830,69,"1, THOMAS (AVENUE AMBROI",,,Plein jour,En agglomération,Hors intersection,Normale,Autre collision,,,,,,,,,,,1,2,1,1,6
201500035095,0015-03-14 02:35:00,15,3,14,2,35,830,69,"1574, BORDS DU GAPEAU (C",43.12109,6.17751,Nuit sans éclairage public,Hors agglomération,Hors intersection,Normale,Autre collision,,,,,,,,,,,3,1,1,1,6
201500035096,0015-01-01 18:45:00,15,1,1,18,45,830,129,"426, LAENNEC (AVENUE DE)",,,Nuit avec éclairage allumé,En agglomération,Hors intersection,Normale,Autre collision,,,,,,,,,,,5,2,1,1,6
201500035097,0015-03-21 20:45:00,15,3,21,20,45,830,9,"350, ONZE NOVEMBRE 1945",43.13864,5.75111,Nuit avec éclairage allumé,En agglomération,Hors intersection,Pluie légère,Sans collision,,,,,,,,,,,5,2,1,2,7
201500035098,0015-01-30 13:30:00,15,1,30,13,30,830,129,LERY (BOULEVARD DE),43.11661,5.84869,Plein jour,En agglomération,Hors intersection,Normale,Autre collision,,,,,,,,,,,1,2,1,1,6
201500035099,0015-03-27 22:30:00,15,3,27,22,30,830,9,"1874, BEAUSSET (ROUTE DU",43.15352,5.76383,Nuit sans éclairage public,Hors agglomération,Hors intersection,Normale,Autre collision,,,,,,,,,,,3,1,1,1,6
201500035100,0015-02-02 11:45:00,15,2,2,11,45,830,129,"10, ROC FONT DE FILLOL",,,Plein jour,En agglomération,Hors intersection,Normale,Autre collision,,,,,,,,,,,1,2,1,1,6
201500035101,0015-04-01 19:00:00,15,4,1,19,0,830,129,"60, KENNEDY (AVENUE J.)N",43.10794,5.81472,Plein jour,En agglomération,Hors intersection,Vent fort / tempête,Deux véhicules - côté,,,,,,,,,,,1,2,1,6,3
201500035102,0015-04-09 15:30:00,15,4,9,15,30,830,9,"0, DEPARTEMENTALE 559 (R",43.14927,5.75067,Plein jour,Hors agglomération,Giratoire,Normale,Deux véhicules - côté,,,,,,,,,,,1,1,6,1,3
201500035103,0015-02-19 16:10:00,15,2,19,16,10,830,123,BANDOL (ROUTE)N? IMPAIRS,,,Plein jour,En agglomération,Hors intersection,Normale,Deux véhicules - côté,,,,,,,,,,,1,2,1,1,3
201500035104,0015-04-28 21:35:00,15,4,28,21,35,830,129,"500, LERY (BOULEVARD DE)",43.11325,5.84894,Nuit avec éclairage allumé,En agglomération,Hors intersection,Normale,Deux véhicules - côté,,,,,,,,,,,5,2,1,1,3
201500035105,0015-02-17 16:00:00,15,2,17,16,0,830,129,"2195, KENNEDY (AVE JF.)",,,Plein jour,Hors agglomération,Hors intersection,Normale,Autre collision,,,,,,,,,,,1,1,1,1,6
201500035106,0015-05-05 17:40:00,15,5,5,17,40,830,123,"2256, BANDOL (ROUTE)N° P",43.13779,5.77501,Plein jour,En agglomération,Hors intersection,Normale,Deux véhicules - côté,,,,,,,,,,,1,2,1,1,3
201500035107,0015-02-26 10:25:00,15,2,26,10,25,830,129,COUDOULIERE (LA),43.09753,5.81205,Plein jour,En agglomération,Hors intersection,Normale,Deux véhicules - côté,,,,,,,,,,,1,2,1,1,3
201500035108,0015-05-15 10:30:00,15,5,15,10,30,830,123,"1700, TOULON (ANCIEN CHE",43.12892,5.80361,Plein jour,En agglomération,Hors intersection,Normale,Sans collision,,,,,,,,,,,1,2,1,1,7
201500035109,0015-03-03 12:00:00,15,3,3,12,0,830,123,"574, LANGE (CHEMIN)",43.12668,5.79716,Plein jour,En agglomération,Hors intersection,Normale,Sans collision,,,,,,,,,,,1,2,1,1,7
201500035110,0015-05-19 09:55:00,15,5,19,9,55,830,9,"11, TONNELIERS (RUE DES)",43.13629,5.75391,Plein jour,En agglomération,Hors intersection,Normale,Autre collision,,,,,,,,,,,1,2,1,1,6
201500035111,0015-05-23 15:55:00,15,5,23,15,55,830,129,MER (AVENUE DE LA) N° PA,43.09727,5.8297,Plein jour,En agglomération,Hors intersection,Normale,Deux véhicules - côté,,,,,,,,,,,1,2,1,1,3
201500035112,0015-05-20 11:40:00,15,5,20,11,40,830,129,"550, MER (AVENUE DE LA)",43.09792,5.82867,Plein jour,En agglomération,Hors intersection,Normale,Autre collision,,,,,,,,,,,1,2,1,1,6
201500035113,0015-06-05 18:15:00,15,6,5,18,15,830,129,"768, DE GAULLE (PROMENAD",43.1111,5.81342,Plein jour,En agglomération,Hors intersection,Normale,Deux véhicules - arrière,,,,,,,,,,,1,2,1,1,2
201500035114,0015-06-03 12:10:00,15,6,3,12,10,830,9,ARMEE D'AFRIQUE (ROND PO,43.149,5.76374,Plein jour,En agglomération,Giratoire,Normale,Deux véhicules - arrière,,,,,,,,,,,1,2,6,1,2
201500035115,0015-06-05 15:05:00,15,6,5,15,5,830,129,"267, SOLVIOU (CORNICHE D",43.1045,5.81307,Plein jour,En agglomération,Hors intersection,Normale,Deux véhicules - arrière,,,,,,,,,,,1,2,1,1,2
201500035116,0015-06-13 22:25:00,15,6,13,22,25,830,129,"1183, MER (AVENUE DE LA)",43.10201,5.82185,Nuit avec éclairage allumé,En agglomération,Hors intersection,Temps couvert,Autre collision,,,,,,,,,,,5,2,1,8,6
201500035117,0015-06-14 21:05:00,15,6,14,21,5,830,129,"1735, MER (AVENUE DE LA)",43.10505,5.81695,Crépuscule ou aube,En agglomération,Hors intersection,Normale,Deux véhicules - côté,,,,,,,,,,,2,2,1,1,3
201500035118,0015-06-14 20:15:00,15,6,14,20,15,830,123,"18, MARIE ESMENARD (QUAI",43.117,5.80021,Plein jour,En agglomération,Hors intersection,Normale,Autre collision,,,,,,,,,,,1,2,1,1,6
201500035119,0015-06-27 11:15:00,15,6,27,11,15,830,129,"1963, KENNEDY (AVENUE J.",43.10812,5.83496,Plein jour,En agglomération,Hors intersection,Normale,Deux véhicules - côté,,,,,,,,,,,1,2,1,1,3
201500035120,0015-06-29 10:40:00,15,6,29,10,40,830,129,MER (AVENUE DE LA) N° PA,43.1024,5.82137,Plein jour,En agglomération,Autre intersection,Normale,Deux véhicules - côté,,,,,,,,,,,1,2,9,1,3
201500035121,0015-07-02 23:30:00,15,7,2,23,30,830,129,"255, JUIN MARECHAL (AV D",43.09485,5.84714,Nuit avec éclairage allumé,En agglomération,Giratoire,Normale,Deux véhicules - arrière,,,,,,,,,,,5,2,6,1,2
201500035122,0015-07-06 18:50:00,15,7,6,18,50,830,123,"730, RESISTANCE (AVENUE)",43.12183,5.79615,Plein jour,En agglomération,Hors intersection,Normale,Autre collision,,,,,,,,,,,1,2,1,1,6
201500035123,0015-06-11 22:00:00,15,6,11,22,0,830,129,"1327, LAENNEC (AVENUE DE",43.08552,5.82386,Crépuscule ou aube,En agglomération,Hors intersection,Normale,Sans collision,,,,,,,,,,,2,2,1,1,7
201500035124,0015-07-08 08:45:00,15,7,8,8,45,830,129,"125, LAENNEC (AVENUE DE)",43.09367,5.8328,Plein jour,En agglomération,Autre intersection,Normale,Autre collision,,,,,,,,,,,1,2,9,1,6
201500035125,0015-07-07 16:05:00,15,7,7,16,5,830,123,"134, TOULON (ANCIEN CHEM",43.12659,5.82129,Plein jour,En agglomération,Hors intersection,Normale,Deux véhicules - côté,,,,,,,,,,,1,2,1,1,3
201500035126,0015-07-11 13:55:00,15,7,11,13,55,830,9,DEPARTEMENTALE 559 (ROUT,43.15381,5.7458,Plein jour,Hors agglomération,Intersection en T,Normale,Sans collision,,,,,,,,,,,1,1,3,1,7
201500035127,0015-07-09 19:45:00,15,7,9,19,45,830,129,COUDOULIERE (LA),43.0975,5.81718,Plein jour,En agglomération,Intersection en T,Normale,Deux véhicules - côté,,,,,,,,,,,1,2,3,1,3
201500035128,0015-07-08 10:50:00,15,7,8,10,50,830,129,DE LATTRE DE TASSIGNY (A,43.09371,5.83915,Plein jour,En agglomération,Hors intersection,Normale,Deux véhicules - arrière,,,,,,,,,,,1,2,1,1,2
201500035129,0015-07-19 21:30:00,15,7,19,21,30,830,123,"2034, BANDOL (ROUTE)N° P",43.15206,5.76417,Crépuscule ou aube,En agglomération,Hors intersection,Normale,Autre collision,,,,,,,,,,,2,2,1,1,6
201500035130,0015-07-15 18:25:00,15,7,15,18,25,830,129,"61, KENNEDY (AVENUE J.)N",43.10825,5.8145,Plein jour,Hors agglomération,Hors intersection,Normale,Deux véhicules - frontale,,,,,,,,,,,1,1,1,1,1
201500035131,0015-07-21 21:00:00,15,7,21,21,0,830,129,"596, DE LATTRE DE TASSIG",43.09423,5.8369,Plein jour,En agglomération,Hors intersection,Normale,Deux véhicules - côté,,,,,,,,,,,1,2,1,1,3
201500035132,0015-07-26 04:30:00,15,7,26,4,30,830,9,PARE (RUE AMBROISE),43.1408,5.74968,Nuit avec éclairage allumé,En agglomération,Hors intersection,Normale,Autre collision,,,,,,,,,,,5,2,1,1,6
201500035133,0015-07-27 00:35:00,15,7,27,0,35,830,123,"347, GARE (ROUTE)",43.12055,5.81454,Nuit avec éclairage allumé,En agglomération,Hors intersection,Normale,Deux véhicules - arrière,,,,,,,,,,,5,2,1,1,2
201500035134,0015-07-29 19:00:00,15,7,29,19,0,830,123,TOULON (ANCIEN CHEMIN DE,43.12695,5.81988,Plein jour,En agglomération,Hors intersection,Normale,Deux véhicules - frontale,,,,,,,,,,,1,2,1,1,1
201500035135,0015-07-30 19:00:00,15,7,30,19,0,830,123,"35, RESISTANCE (AVENUE)",43.11771,5.79738,Plein jour,En agglomération,Hors intersection,Normale,Sans collision,,,,,,,,,,,1,2,1,1,7
201500035136,0015-07-29 08:10:00,15,7,29,8,10,830,9,"73, BEAUSSET (ROUTE DU)",43.14942,5.76453,Plein jour,Hors agglomération,Hors intersection,Normale,Autre collision,,,,,,,,,,,1,1,1,1,6
201500035137,0015-08-02 08:20:00,15,8,2,8,20,830,9,"10, PIERRE PUGET (BD)",43.13956,5.75584,Plein jour,En agglomération,Hors intersection,Normale,Deux véhicules - côté,,,,,,,,,,,1,2,1,1,3
201500035138,0015-08-13 11:10:00,15,8,13,11,10,830,129,"2279, KENNEDY (AVENUE J.",43.1081,5.83835,Plein jour,En agglomération,Hors intersection,Normale,Autre collision,,,,,,,,,,,1,2,1,1,6
201500035139,0015-08-19 20:50:00,15,8,19,20,50,830,9,"50, ONZE NOVEMBRE 1918",43.13645,5.75309,Crépuscule ou aube,En agglomération,Hors intersection,Normale,Sans collision,,,,,,,,,,,2,2,1,1,7
201500035140,0015-08-26 11:17:00,15,8,26,11,17,830,123,"186, SAINT ROCH (CHEMIN)",43.12294,5.80634,Plein jour,En agglomération,Hors intersection,Normale,Autre collision,,,,,,,,,,,1,2,1,1,6
201500035141,0015-08-28 09:05:00,15,8,28,9,5,830,129,"77, ROUVEAU (RUE DU)",43.11614,5.80877,Plein jour,En agglomération,Hors intersection,Normale,Autre collision,,,,,,,,,,,1,2,1,1,6
201500035142,0015-09-01 16:10:00,15,9,1,16,10,830,129,DE LATTRE DE TASSIGNY (A,43.0943,5.83776,Plein jour,En agglomération,Hors intersection,Normale,Autre collision,,,,,,,,,,,1,2,1,1,6
201500035143,0015-09-05 04:40:00,15,9,5,4,40,830,123,"1912, BANDOL (ROUTE)N° P",43.12843,5.78409,Nuit avec éclairage allumé,Hors agglomération,Hors intersection,Normale,Sans collision,,,,,,,,,,,5,1,1,1,7
201500035144,0015-09-10 21:00:00,15,9,10,21,0,830,123,"405, BANDOL (ROUTE)N° IM",43.12475,5.78911,Nuit avec éclairage non allumé,En agglomération,Intersection en T,Normale,Deux véhicules - côté,,,,,,,,,,,4,2,3,1,3
201500035145,0015-09-25 19:05:00,15,9,25,19,5,830,129,"330, KENNEDY (AVENUE J.)",43.10749,5.81794,Plein jour,En agglomération,Hors intersection,Normale,Autre collision,,,,,,,,,,,1,2,1,1,6
201500035146,0015-09-24 08:45:00,15,9,24,8,45,830,129,"12, COUDOULIERE (LA)",43.08817,5.80997,Plein jour,En agglomération,Hors intersection,Normale,Deux véhicules - frontale,,,,,,,,,,,1,2,1,1,1
201500035147,0015-10-04 03:15:00,15,10,4,3,15,830,123,"326, SOLEIL (CORNICHE) N",43.1224,5.80153,Nuit avec éclairage allumé,En agglomération,Autre intersection,Pluie légère,Autre collision,,,,,,,,,,,5,2,9,2,6
201500035148,0015-10-06 11:10:00,15,10,6,11,10,830,129,"165, MER (AVENUE DE LA)",43.09601,5.83124,Plein jour,En agglomération,Hors intersection,Normale,Autre collision,,,,,,,,,,,1,2,1,1,6
201500035149,0015-10-10 00:55:00,15,10,10,0,55,830,129,"466, PALMIERS (AVENUE DE",43.07755,5.8098,Nuit avec éclairage allumé,En agglomération,Hors intersection,Normale,Autre collision,,,,,,,,,,,5,2,1,1,6
201500035150,0015-10-11 15:50:00,15,10,11,15,50,830,123,"40, EUROPE UNIE (AVENUE)",43.11633,5.80629,Plein jour,En agglomération,Hors intersection,Normale,Autre collision,,,,,,,,,,,1,2,1,1,6
201500035151,0015-10-11 10:00:00,15,10,11,10,0,830,123,BAD SACKINGEN (ROND POIN,43.1216,5.80524,Plein jour,En agglomération,Hors intersection,Normale,Deux véhicules - côté,,,,,,,,,,,1,2,1,1,3
201500035152,0015-10-17 20:05:00,15,10,17,20,5,830,129,"55, FONT DE FILLOL",43.09781,5.826,Nuit avec éclairage allumé,En agglomération,Hors intersection,Normale,Deux véhicules - frontale,,,,,,,,,,,5,2,1,1,1
201500035153,0015-10-27 17:05:00,15,10,27,17,5,830,123,"546, GARE (ROUTE)",43.12083,0.58164,Crépuscule ou aube,En agglomération,Hors intersection,Pluie légère,Autre collision,,,,,,,,,,,2,2,1,2,6
201500035154,0015-10-26 19:03:00,15,10,26,19,3,830,123,"513, RESISTANCE (AVENUE)",43.12165,5.79711,Crépuscule ou aube,En agglomération,Giratoire,Normale,Deux véhicules - côté,,,,,,,,,,,2,2,6,1,3
201500035155,0015-11-02 15:00:00,15,11,2,15,0,830,129,"100, RAYOLET (CORNICHE D",43.08672,5.80806,Plein jour,En agglomération,Hors intersection,Normale,Autre collision,,,,,,,,,,,1,2,1,1,6
201500035156,0015-11-10 10:30:00,15,11,10,10,30,830,9,ALBERT 1ER (AVENUE),43.13531,5.74472,Plein jour,En agglomération,Hors intersection,Normale,Autre collision,,,,,,,,,,,1,2,1,1,6
201500035157,0015-11-17 18:55:00,15,11,17,18,55,830,123,"2186, BANDOL (ROUTE)",43.13714,5.77618,Crépuscule ou aube,En agglomération,Hors intersection,Normale,Autre collision,,,,,,,,,,,2,2,1,1,6
201500035158,0015-11-19 15:00:00,15,11,19,15,0,830,123,"513, RESISTANCE (AV) N°",43.13145,5.84449,Plein jour,En agglomération,Hors intersection,Normale,Autre collision,,,,,,,,,,,1,2,1,1,6
201500035159,0015-11-20 18:30:00,15,11,20,18,30,830,9,"235, PARE (RUE AMBROISE)",43.14103,5.75124,Nuit avec éclairage allumé,En agglomération,Hors intersection,Normale,Autre collision,,,,,,,,,,,5,2,1,1,6
201500035160,0015-11-20 14:35:00,15,11,20,14,35,830,129,"446, ECOLES (BD DES)",43.11204,5.81315,Plein jour,En agglomération,Hors intersection,Normale,Autre collision,,,,,,,,,,,1,2,1,1,6
201500035161,0015-11-24 08:50:00,15,11,24,8,50,830,129,"16, LYCEE DE LA COUDOULI",43.09826,5.82082,Plein jour,En agglomération,Hors intersection,Temps éblouissant,Autre collision,,,,,,,,,,,1,2,1,7,6
201500035162,0015-12-07 16:00:00,15,12,7,16,0,830,129,FONT DE FILLOL (RC ET T),43.09461,5.82337,Plein jour,En agglomération,Intersection en T,Temps couvert,Deux véhicules - côté,,,,,,,,,,,1,2,3,8,3
201500035163,0015-12-12 03:00:00,15,12,12,3,0,830,123,"237, GARE (ROUTE)",43.11969,5.81295,Nuit avec éclairage allumé,En agglomération,Hors intersection,Normale,Autre collision,,,,,,,,,,,5,2,1,1,6
201500035164,0015-12-13 01:45:00,15,12,13,1,45,830,123,"559, BANDOL (ROUTE)",43.126,5.78809,Nuit avec éclairage allumé,En agglomération,Hors intersection,Normale,Autre collision,,,,,,,,,,,5,2,1,1,6
201500035165,0015-12-06 01:15:00,15,12,6,1,15,830,129,"120, CHARMETTES (AV ET T",43.07822,5.80818,Nuit avec éclairage allumé,Hors agglomération,Hors intersection,Pluie légère,Deux véhicules - côté,,,,,,,,,,,5,1,1,2,3
201500035166,0015-12-14 22:00:00,15,12,14,22,0,830,129,ECOLES (BD DES),43.10825,5.8143,Nuit avec éclairage allumé,En agglomération,Intersection en X,Normale,Deux véhicules - côté,,,,,,,,,,,5,2,2,1,3
201500035167,0015-12-18 20:45:00,15,12,18,20,45,830,129,"183, MER (AVENUE DE LA)",,,Nuit avec éclairage allumé,En agglomération,Hors intersection,Normale,Autre collision,,,,,,,,,,,5,2,1,1,6
201500035168,0015-01-06 07:45:00,15,1,6,7,45,830,126,Pablo Neruda,,,Crépuscule ou aube,En agglomération,Giratoire,Normale,Autre collision,,,,,,,,,,,2,2,6,1,6
201500035169,0015-04-01 16:10:00,15,4,1,16,10,830,126,"1544, LA SEYNE A BASTIAN",43.08946,5.86881,Plein jour,En agglomération,Intersection en X,Vent fort / tempête,Deux véhicules - côté,,,,,,,,,,,1,2,2,6,3
201500035170,0015-01-12 17:06:00,15,1,12,17,6,830,126,GAGARINE (AV YOURI),,,Crépuscule ou aube,En agglomération,Hors intersection,Normale,Deux véhicules - côté,,,,,,,,,,,2,2,1,1,3
201500035171,0015-04-06 11:26:00,15,4,6,11,26,830,126,"391, RENOIR (AV AUGUSTE)",,,Plein jour,En agglomération,Giratoire,Normale,Trois véhicules et plus - collisions multiples,,,,,,,,,,,1,2,6,1,5
201500035172,0015-01-28 13:50:00,15,1,28,13,50,830,126,SANTIERI (CHEMIN DE),43.10678,5.86992,Plein jour,En agglomération,Hors intersection,Normale,Deux véhicules - arrière,,,,,,,,,,,1,2,1,1,2
201500035173,0015-04-10 16:30:00,15,4,10,16,30,830,126,"55, QUATRE SEPTEMBRE (BD",43.10386,5.8719,Plein jour,En agglomération,Intersection en T,Normale,Deux véhicules - côté,,,,,,,,,,,1,2,3,1,3
201500035174,0015-02-14 16:45:00,15,2,14,16,45,830,126,DE BUSSY (RUE CLAUDE),43.08133,5.89175,Plein jour,En agglomération,Hors intersection,Pluie forte,Deux véhicules - frontale,,,,,,,,,,,1,2,1,3,1
201500035175,0015-04-15 07:50:00,15,4,15,7,50,830,126,"1327, ANCIENS COMBATANTS",,,Plein jour,En agglomération,Hors intersection,Temps couvert,Autre collision,,,,,,,,,,,1,2,1,8,6
201500035176,0015-02-26 11:50:00,15,2,26,11,50,830,126,ZOLA (AV EMILE),,,Plein jour,En agglomération,Intersection en X,Normale,Deux véhicules - côté,,,,,,,,,,,1,2,2,1,3
201500035177,0015-05-12 21:05:00,15,5,12,21,5,830,126,Ytzhak Rabin - D18,,,Nuit avec éclairage allumé,En agglomération,Hors intersection,Normale,Sans collision,,,,,,,,,,,5,2,1,1,7
201500035178,0015-03-10 11:20:00,15,3,10,11,20,830,126,PACHA (CORNICHE MICHEL),43.08874,5.89894,Plein jour,En agglomération,Intersection en T,Normale,Deux véhicules - côté,,,,,,,,,,,1,2,3,1,3
201500035179,0015-05-18 23:30:00,15,5,18,23,30,830,126,LA SEYNE A OLLIOULES (CH,43.09083,5.86842,Nuit sans éclairage public,Hors agglomération,Hors intersection,Normale,Sans collision,,,,,,,,,,,3,1,1,1,7
201500035180,0015-05-19 09:05:00,15,5,19,9,5,830,126,LACROIX (RUE PIERRE),43.10103,5.88391,Plein jour,En agglomération,Giratoire,Normale,Autre collision,,,,,,,,,,,1,2,6,1,6
201500035181,0015-05-20 12:50:00,15,5,20,12,50,830,126,"1951, POMPIDOU (CORNICHE",43.08322,5.89542,Plein jour,En agglomération,Hors intersection,Normale,Autre collision,,,,,,,,,,,1,2,1,1,6
201500035182,0015-05-26 11:35:00,15,5,26,11,35,830,126,"154, LAMARQUE (AV JEAN A",43.10897,5.86158,Plein jour,En agglomération,Hors intersection,Normale,Deux véhicules - côté,,,,,,,,,,,1,2,1,1,3
201500035183,0015-05-27 17:45:00,15,5,27,17,45,830,126,", GUILLAUME (AV HENRI)",43.08905,5.89505,Plein jour,En agglomération,Intersection en T,Normale,Deux véhicules - côté,,,,,,,,,,,1,2,3,1,3
201500035184,0015-05-29 19:35:00,15,5,29,19,35,830,126,"50, ZOLA (AV EMILE)",43.10579,5.87789,Plein jour,En agglomération,Intersection en X,Normale,Deux véhicules - côté,,,,,,,,,,,1,2,2,1,3
201500035185,0015-06-02 17:40:00,15,6,2,17,40,830,126,"50, BARTOLINI (AV JEAN)",43.1146,5.86149,Plein jour,En agglomération,Hors intersection,Normale,Autre collision,,,,,,,,,,,1,2,1,1,6