accident_id,datetime,annee,mois,jour,heure,minute,departement,commune_insee,adresse,latitude,longitude,luminosite,agglomeration,intersection,meteo,collision,nb_vehicules,nb_usagers,nb_indemnes,nb_tues,nb_blesses_hosp,nb_blesses_legers,age_cond_1,age_cond_2,veh_type_cond_1,veh_type_cond_2,lum_code,agg_code,int_code,atm_code,col_code
201500035186,0015-05-28 10:30:00,15,5,28,10,30,830,126,"30, EVESCAT AUX SABLETTE",43.08836,5.89057,Plein jour,En agglomération,Hors intersection,Normale,Deux véhicules - côté,,,,,,,,,,,1,2,1,1,3
201500035187,0015-06-10 09:00:00,15,6,10,9,0,830,126,"50, BARTOLINI (AV JEAN)",43.1146,5.86166,Plein jour,Hors agglomération,Hors intersection,Normale,Autre collision,,,,,,,,,,,1,1,1,1,6
201500035188,0015-06-19 14:30:00,15,6,19,14,30,830,126,"510, JUIN (AV MARECHAL)",43.10708,5.87055,Plein jour,En agglomération,Hors intersection,Normale,Trois véhicules et plus - collisions multiples,,,,,,,,,,,1,2,1,1,5
201500035189,0015-06-19 20:40:00,15,6,19,20,40,830,126,", EUROPE (BD DE L')",43.11458,5.85591,Plein jour,En agglomération,Hors intersection,Normale,Autre collision,,,,,,,,,,,1,2,1,1,6
201500035190,0015-06-14 18:30:00,15,6,14,18,30,830,126,"271, PAUL (AV MARCEL)",,,Plein jour,Hors agglomération,Hors intersection,Normale,Deux véhicules - côté,,,,,,,,,,,1,1,1,1,3
201500035191,0015-06-23 10:30:00,15,6,23,10,30,830,126,"105, GAMBETTA (AV)",43.10734,5.87751,Plein jour,En agglomération,Hors intersection,Normale,Autre collision,,,,,,,,,,,1,2,1,1,6
201500035192,0015-06-02 10:15:00,15,6,2,10,15,830,126,DE LATTRE DE TASSIGNY (R,,,Plein jour,En agglomération,Hors intersection,Normale,Deux véhicules - côté,,,,,,,,,,,1,2,1,1,3
201500035193,0015-07-14 21:10:00,15,7,14,21,10,830,126,CURET (AV LOUIS),43.10397,5.88019,Plein jour,En agglomération,Hors intersection,Normale,Sans collision,,,,,,,,,,,1,2,1,1,7
201500035194,0015-07-14 09:50:00,15,7,14,9,50,830,126,"16, CARMILLE ( AV DU GEN",43.09682,5.88839,Plein jour,En agglomération,Hors intersection,Normale,Autre collision,,,,,,,,,,,1,2,1,1,6
201500035195,0015-07-07 16:15:00,15,7,7,16,15,830,126,POMPIDOU (CORNICHE GEORG,43.08879,5.89899,Plein jour,En agglomération,Intersection en T,Normale,Deux véhicules - côté,,,,,,,,,,,1,2,3,1,3
201500035196,0015-07-16 16:30:00,15,7,16,16,30,830,126,"15, EUROPE (BD DE L')",43.11287,5.85843,Plein jour,Hors agglomération,Hors intersection,Normale,Autre collision,,,,,,,,,,,1,1,1,1,6
201500035197,0015-08-02 16:13:00,15,8,2,16,13,830,126,"0, ECHANGEUR D'OLLIOULES",43.12011,5.85309,Plein jour,Hors agglomération,Hors intersection,Normale,Deux véhicules - côté,,,,,,,,,,,1,1,1,1,3
201500035198,0015-08-05 18:30:00,15,8,5,18,30,830,126,ALLENDE (AV. SALVADOR),43.08697,5.88098,Plein jour,En agglomération,Hors intersection,Normale,Deux véhicules - côté,,,,,,,,,,,1,2,1,1,3
201500035199,0015-08-05 17:10:00,15,8,5,17,10,830,126,MATTEI (AV J.B.),43.08117,5.8946,Plein jour,En agglomération,Hors intersection,Normale,Deux véhicules - arrière,,,,,,,,,,,1,2,1,1,2
201500035200,0015-08-25 17:05:00,15,8,25,17,5,830,126,"780, ANCIENS COMBATANTS",43.10506,5.85568,Plein jour,En agglomération,Hors intersection,Normale,Autre collision,,,,,,,,,,,1,2,1,1,6
201500035201,0015-10-28 15:25:00,15,10,28,15,25,830,126,", HUIT MAI 1945 ( CARREF",43.10765,5.87709,Plein jour,En agglomération,Intersection à plus de 4 branches,Normale,Deux véhicules - frontale,,,,,,,,,,,1,2,5,1,1
201500035202,0015-11-03 10:25:00,15,11,3,10,25,830,126,"9, FABRE (QUAI SATURNIN)",43.10211,5.88133,Plein jour,En agglomération,Hors intersection,Pluie forte,Autre collision,,,,,,,,,,,1,2,1,3,6
201500035203,0015-11-06 17:55:00,15,11,6,17,55,830,126,"924, JUIN (AV MARECHAL)",43.10704,5.8748,Nuit sans éclairage public,Hors agglomération,Hors intersection,Normale,Deux véhicules - côté,,,,,,,,,,,3,1,1,1,3
201500035204,0015-11-14 08:35:00,15,11,14,8,35,830,126,"81, STALINGRAD (BD)",43.10725,5.86466,Plein jour,En agglomération,Hors intersection,Normale,Deux véhicules - arrière,,,,,,,,,,,1,2,1,1,2
201500035205,0015-11-23 16:10:00,15,11,23,16,10,830,126,"25, MARTINI (RUE J BAPTI",43.10009,5.88073,Plein jour,Hors agglomération,Hors intersection,Normale,Autre collision,,,,,,,,,,,1,1,1,1,6
201500035206,0015-12-17 18:00:00,15,12,17,18,0,830,126,"50, MENDES FRANCE (AV PI",43.10909,5.87519,Nuit avec éclairage allumé,En agglomération,Hors intersection,Normale,Deux véhicules - côté,,,,,,,,,,,5,2,1,1,3
201500035207,0015-12-17 08:05:00,15,12,17,8,5,830,126,"1, ECHANGEUR D'OLLIOULES",43.11939,5.85341,Plein jour,Hors agglomération,Hors intersection,Normale,Deux véhicules - côté,,,,,,,,,,,1,1,1,1,3
201500035208,0015-12-23 18:00:00,15,12,23,18,0,830,126,"200, VAROISE (CORNICHE)",43.06158,5.86477,Nuit sans éclairage public,En agglomération,Hors intersection,Normale,Deux véhicules - frontale,,,,,,,,,,,3,2,1,1,1
201500035209,0015-01-03 17:30:00,15,1,3,17,30,830,137,LE BELLEGOU (AVE EDOUARD,43.11667,5.94134,Plein jour,En agglomération,Hors intersection,Normale,Sans collision,,,,,,,,,,,1,2,1,1,7
201500035210,0015-01-02 15:15:00,15,1,2,15,15,830,137,"0, RESISTANCE (AVE / IMP",,,Plein jour,En agglomération,Hors intersection,Normale,Deux véhicules - frontale,,,,,,,,,,,1,2,1,1,1
201500035211,0015-03-13 13:50:00,15,3,13,13,50,830,98,LE LEAP (AVENUE ALAIN),43.10697,6.02522,Plein jour,Hors agglomération,Hors intersection,Normale,Sans collision,,,,,,,,,,,1,1,1,1,7
201500035212,0015-01-06 07:50:00,15,1,6,7,50,830,98,"36, GIONO (RUE JEAN)",43.1094,6.01037,Plein jour,En agglomération,Hors intersection,Normale,Deux véhicules - frontale,,,,,,,,,,,1,2,1,1,1
201500035213,0015-03-18 01:51:00,15,3,18,1,51,830,137,"0, TOESCA (BD PIERRE)",43.12814,5.92913,Nuit avec éclairage allumé,En agglomération,Giratoire,Temps couvert,Deux véhicules - côté,,,,,,,,,,,5,2,6,8,3
201500035214,0015-01-10 00:20:00,15,1,10,0,20,830,62,"91, LURCAT (AVENUE ANDRE",43.13935,6.02037,Nuit avec éclairage allumé,En agglomération,Hors intersection,Normale,Deux véhicules - arrière,,,,,,,,,,,5,2,1,1,2
201500035215,0015-03-17 11:50:00,15,3,17,11,50,830,137,JAUJARD (RUE AMIRAL),43.12472,5.93791,Plein jour,En agglomération,Hors intersection,Normale,Deux véhicules - frontale,,,,,,,,,,,1,2,1,1,1
201500035216,0015-01-13 17:35:00,15,1,13,17,35,830,137,BROSSET (BD GENERAL),,,Nuit avec éclairage allumé,En agglomération,Autre intersection,Normale,Deux véhicules - arrière,,,,,,,,,,,5,2,9,1,2
201500035217,0015-03-18 17:35:00,15,3,18,17,35,830,137,"49, PICOT (AVE DU COLON",43.12486,5.93582,Plein jour,En agglomération,Hors intersection,Normale,Deux véhicules - arrière,,,,,,,,,,,1,2,1,1,2
201500035218,0015-01-08 12:00:00,15,1,8,12,0,830,103,RIPELLE (VIEUX CHEMIN,,,Plein jour,En agglomération,Hors intersection,Normale,Autre collision,,,,,,,,,,,1,2,1,1,6
201500035219,0015-03-19 08:50:00,15,3,19,8,50,830,137,"2885, RESISTANCE (AVE /",43.11016,5.97744,Plein jour,En agglomération,Autre intersection,Normale,Deux véhicules - arrière,,,,,,,,,,,1,2,9,1,2
201500035220,0015-01-15 16:55:00,15,1,15,16,55,830,137,DUPRAT (RUE HIPPOLYTE),43.12469,5.93078,Plein jour,En agglomération,Intersection en X,Normale,Autre collision,,,,,,,,,,,1,2,2,1,6
201500035221,0015-03-20 09:10:00,15,3,20,9,10,830,90,REPUBLIQUE (RUE DE LA),43.12156,5.92959,Plein jour,En agglomération,Hors intersection,Normale,Autre collision,,,,,,,,,,,1,2,1,1,6
201500035222,0015-01-15 17:00:00,15,1,15,17,0,830,62,"10, DRAGUIGNAN (AVENUE D",,,Crépuscule ou aube,En agglomération,Hors intersection,Normale,Deux véhicules - côté,,,,,,,,,,,2,2,1,1,3
201500035223,0015-03-20 22:00:00,15,3,20,22,0,830,103,"206, COLOMBIER (ROUTE DU",43.17502,5.9263,Nuit avec éclairage allumé,En agglomération,Hors intersection,Normale,Autre collision,,,,,,,,,,,5,2,1,1,6
201500035224,0015-01-15 18:25:00,15,1,15,18,25,830,90,"0, MONNET (AVE JEAN)",,,Nuit avec éclairage allumé,En agglomération,Intersection en X,Normale,Deux véhicules - côté,,,,,,,,,,,5,2,2,1,3
201500035225,0015-03-21 10:00:00,15,3,21,10,0,830,62,"22, ROBESPIERRE (BLD)",43.12575,5.94815,Plein jour,En agglomération,Hors intersection,Temps couvert,Autre collision,,,,,,,,,,,1,2,1,8,6
201500035226,0015-01-16 17:40:00,15,1,16,17,40,830,137,"5, MONTEBELLO (RUE DE)",43.12847,5.93081,Nuit sans éclairage public,En agglomération,Hors intersection,Temps couvert,Autre collision,,,,,,,,,,,3,2,1,8,6
201500035227,0015-03-21 15:10:00,15,3,21,15,10,830,137,"0, DARDANELLES (AVE DES)",43.1284,5.92434,Plein jour,En agglomération,Hors intersection,Normale,Sans collision,,,,,,,,,,,1,2,1,1,7
201500035228,0015-01-21 20:52:00,15,1,21,20,52,830,137,"140, LECLERC (AVE GEN)",,,Nuit avec éclairage allumé,En agglomération,Hors intersection,Pluie légère,Autre collision,,,,,,,,,,,5,2,1,2,6
201500035229,0015-03-24 17:20:00,15,3,24,17,20,830,90,LA GOUBRAN (ROND POINT),,,Plein jour,En agglomération,Giratoire,Pluie légère,Autre collision,,,,,,,,,,,1,2,6,2,6
201500035230,0015-01-26 15:00:00,15,1,26,15,0,830,137,ARMARIS (BD DES),43.12715,5.98154,Plein jour,En agglomération,Hors intersection,Normale,Autre collision,,,,,,,,,,,1,2,1,1,6
201500035231,0015-03-24 19:40:00,15,3,24,19,40,830,137,"0, PICOT (AVE DU COLONEL",43.13114,5.97308,Nuit avec éclairage allumé,En agglomération,Hors intersection,Pluie légère,Deux véhicules - arrière,,,,,,,,,,,5,2,1,2,2
201500035232,0015-01-23 12:10:00,15,1,23,12,10,830,144,LECLERC (BD MARECHAL),43.13608,5.98346,Plein jour,En agglomération,Hors intersection,Normale,Autre collision,,,,,,,,,,,1,2,1,1,6
201500035233,0015-03-27 19:45:00,15,3,27,19,45,830,90,"0, NATIONALE 8 (ROUTE)",,,Crépuscule ou aube,Hors agglomération,Hors intersection,Normale,Sans collision,,,,,,,,,,,2,1,1,1,7
201500035234,0015-01-26 14:45:00,15,1,26,14,45,830,137,"0, LE BELLEGOU (AVE EDOU",43.11571,5.94209,Plein jour,En agglomération,Hors intersection,Normale,Deux véhicules - côté,,,,,,,,,,,1,2,1,1,3
201500035235,0015-03-28 12:50:00,15,3,28,12,50,830,137,"0, PICOT (AV DU COLONEL)",,,Plein jour,En agglomération,Intersection en T,Normale,Deux véhicules - côté,,,,,,,,,,,1,2,3,1,3
201500035236,0015-01-27 10:40:00,15,1,27,10,40,830,137,"0, NOMY (RUE AMIRAL)",43.12186,5.95555,Plein jour,En agglomération,Intersection en T,Normale,Deux véhicules - côté,,,,,,,,,,,1,2,3,1,3
201500035237,0015-04-04 11:15:00,15,4,4,11,15,830,90,"0, GORGES (ROUTE DES)",,,Plein jour,Hors agglomération,Hors intersection,Normale,Autre collision,,,,,,,,,,,1,1,1,1,6
201500035238,0015-01-28 07:30:00,15,1,28,7,30,830,137,"16, FRANCE (RUE ANATOLE)",43.12322,5.92975,Crépuscule ou aube,En agglomération,Hors intersection,Normale,Autre collision,,,,,,,,,,,2,2,1,1,6
201500035239,0015-04-07 23:10:00,15,4,7,23,10,830,137,"48, JANVIER (RUE)",43.13405,5.91261,Nuit avec éclairage allumé,En agglomération,Hors intersection,Normale,Autre collision,,,,,,,,,,,5,2,1,1,6
201500035240,0015-01-28 07:45:00,15,1,28,7,45,830,62,"322, DELAGE (RUE MARC)",43.12501,6.00511,Plein jour,En agglomération,Hors intersection,Normale,Deux véhicules - côté,,,,,,,,,,,1,2,1,1,3
201500035241,0015-04-09 08:10:00,15,4,9,8,10,830,137,"99, CHENIER (RUE ANDRE)",43.12808,5.96155,Plein jour,En agglomération,Hors intersection,Normale,Autre collision,,,,,,,,,,,1,2,1,1,6
201500035242,0015-01-31 07:00:00,15,1,31,7,0,830,137,"4, PICOT (AVE DU COL)",43.1257,5.93139,Nuit avec éclairage allumé,En agglomération,Hors intersection,Normale,Autre collision,,,,,,,,,,,5,2,1,1,6
201500035243,0015-04-10 08:20:00,15,4,10,8,20,830,137,"0, CHARLEUX (AVE JULES)",43.11713,5.98142,Plein jour,En agglomération,Hors intersection,Normale,Autre collision,,,,,,,,,,,1,2,1,1,6
201500035244,0015-01-30 09:40:00,15,1,30,9,40,830,98,BROSSET (AVE DU GEN),,,Plein jour,En agglomération,Intersection en T,Normale,Deux véhicules - côté,,,,,,,,,,,1,2,3,1,3
201500035245,0015-04-12 11:40:00,15,4,12,11,40,830,137,PICOT (AVE DU COLONEL),43.12562,5.93178,Plein jour,En agglomération,Hors intersection,Normale,Autre collision,,,,,,,,,,,1,2,1,1,6
201500035246,0015-01-12 18:20:00,15,1,12,18,20,830,137,"0, GASQUET (AVE JOSEPH D",,,Nuit avec éclairage non allumé,En agglomération,Intersection en X,Normale,Deux véhicules - côté,,,,,,,,,,,4,2,2,1,3
201500035247,0015-04-12 15:28:00,15,4,12,15,28,830,137,CHURCHILL (AVE WINSTON),43.12505,5.92636,Plein jour,En agglomération,Hors intersection,Normale,Autre collision,,,,,,,,,,,1,2,1,1,6
201500035248,0015-01-22 08:45:00,15,1,22,8,45,830,137,"0, MALON (AVE BENOIT)",43.12275,5.95535,Plein jour,En agglomération,Hors intersection,Normale,Deux véhicules - côté,,,,,,,,,,,1,2,1,1,3
201500035249,0015-04-14 07:35:00,15,4,14,7,35,830,137,BRIAND (AVE ARISTIDE PRO,,,Plein jour,En agglomération,Giratoire,Normale,Deux véhicules - côté,,,,,,,,,,,1,2,6,1,3
201500035250,0015-02-03 11:25:00,15,2,3,11,25,830,137,MIRASOULEOU (AVE / ROND,43.13349,5.98125,Plein jour,En agglomération,Hors intersection,Normale,Deux véhicules - côté,,,,,,,,,,,1,2,1,1,3
201500035251,0015-04-14 13:00:00,15,4,14,13,0,830,137,"1703, PICOT (AVE DU COLO",,,Plein jour,En agglomération,Intersection en Y,Normale,Deux véhicules - arrière,,,,,,,,,,,1,2,4,1,2
201500035252,0015-02-07 01:50:00,15,2,7,1,50,830,137,CUZIN (AVE FRANCOIS),,,Nuit avec éclairage allumé,En agglomération,Hors intersection,Pluie légère,Sans collision,,,,,,,,,,,5,2,1,2,7
201500035253,0015-04-11 19:25:00,15,4,11,19,25,830,137,"466, ABEL (BD J- BAPT)",43.1163,5.96104,Plein jour,En agglomération,Intersection en T,Normale,Sans collision,,,,,,,,,,,1,2,3,1,7
201500035254,0015-02-05 12:45:00,15,2,5,12,45,830,62,"0, LURCAT (AVENUE ANDRE)",43.13853,6.02175,Plein jour,En agglomération,Hors intersection,Pluie légère,Deux véhicules - arrière,,,,,,,,,,,1,2,1,2,2
201500035255,0015-04-08 12:25:00,15,4,8,12,25,830,62,SANDRO (AVENUE CHARLES),43.12708,6.01097,Plein jour,En agglomération,Hors intersection,Normale,Autre collision,,,,,,,,,,,1,2,1,1,6
201500035256,0015-02-07 19:10:00,15,2,7,19,10,830,62,"0, PREMIER (BAT.INF.DU P",,,Nuit avec éclairage allumé,En agglomération,Hors intersection,Pluie légère,Deux véhicules - arrière,,,,,,,,,,,5,2,1,2,2
201500035257,0015-04-14 19:15:00,15,4,14,19,15,830,137,15EME CORPS (AVE DU),43.12839,5.90935,Plein jour,En agglomération,Intersection en T,Normale,Autre collision,,,,,,,,,,,1,2,3,1,6
201500035258,0015-02-12 04:50:00,15,2,12,4,50,830,144,"0, BLANC (BD DR EUGENE)",43.22569,5.9566,Nuit sans éclairage public,En agglomération,Intersection en T,Normale,Autre collision,,,,,,,,,,,3,2,3,1,6
201500035259,0015-04-15 22:17:00,15,4,15,22,17,830,137,PICOT (AVE DU COLONEL),,,Nuit avec éclairage allumé,En agglomération,Hors intersection,Normale,Trois véhicules et plus - collisions multiples,,,,,,,,,,,5,2,1,1,5
201500035260,0015-01-20 05:50:00,15,1,20,5,50,830,137,"522, REPUBLIQUE (AVE DE",43.11899,5.9347,Nuit avec éclairage allumé,En agglomération,Hors intersection,Pluie forte,Autre collision,,,,,,,,,,,5,2,1,3,6
201500035261,0015-04-15 20:00:00,15,4,15,20,0,830,137,"127, TESSE (BD DE)",43.12742,5.93099,Nuit avec éclairage allumé,En agglomération,Hors intersection,Normale,Deux véhicules - côté,,,,,,,,,,,5,2,1,1,3
201500035262,0015-02-08 03:49:00,15,2,8,3,49,830,144,"0, BLANC (BD DR EUGENE)",,,Nuit avec éclairage allumé,Hors agglomération,Autre intersection,Normale,Deux véhicules - côté,,,,,,,,,,,5,1,9,1,3
201500035263,0015-04-16 12:05:00,15,4,16,12,5,830,137,"638, BRIAND (AVE ARISTID",43.12627,5.89939,Plein jour,En agglomération,Hors intersection,Normale,Autre collision,,,,,,,,,,,1,2,1,1,6
201500035264,0015-02-12 19:30:00,15,2,12,19,30,830,62,"620, DRAGUIGNAN (AVENUE",,,Nuit avec éclairage allumé,En agglomération,Hors intersection,Normale,Autre collision,,,,,,,,,,,5,2,1,1,6
201500035265,0015-04-18 19:00:00,15,4,18,19,0,830,137,"404, CUZIN (AVE FRANCOIS",,,Plein jour,Hors agglomération,Hors intersection,Normale,Autre collision,,,,,,,,,,,1,1,1,1,6
201500035266,0015-01-16 19:30:00,15,1,16,19,30,830,137,"0, LEYGUES (ALLEE / IMP",43.12296,5.96399,Nuit avec éclairage allumé,En agglomération,Hors intersection,Pluie légère,Deux véhicules - frontale,,,,,,,,,,,5,2,1,2,1
201500035267,0015-04-19 17:45:00,15,4,19,17,45,830,90,"1624, MONNET (AVE JEAN)",,,Plein jour,Hors agglomération,Hors intersection,Temps couvert,Autre collision,,,,,,,,,,,1,1,1,8,6
201500035268,0015-02-20 12:25:00,15,2,20,12,25,830,137,"389, FAVIERES (CHEMIN DE",,,Plein jour,Hors agglomération,Hors intersection,Normale,Deux véhicules - arrière,,,,,,,,,,,1,1,1,1,2
201500035269,0015-04-21 08:00:00,15,4,21,8,0,830,137,"199, VICTOIRE DU 8 MAI 1",43.13088,5.92901,Plein jour,En agglomération,Hors intersection,Normale,Deux véhicules - côté,,,,,,,,,,,1,2,1,1,3
201500035270,0015-02-19 22:35:00,15,2,19,22,35,830,137,"860, PICON (BD LOUIS)",43.13666,5.91194,Nuit avec éclairage allumé,En agglomération,Hors intersection,Normale,Autre collision,,,,,,,,,,,5,2,1,1,6
201500035271,0015-04-20 09:00:00,15,4,20,9,0,830,137,"0, DEMOCRATIE (BD DE LA)",43.12599,5.93894,Plein jour,En agglomération,Hors intersection,Normale,Deux véhicules - arrière,,,,,,,,,,,1,2,1,1,2
201500035272,0015-02-22 10:50:00,15,2,22,10,50,830,137,"0, TIRAILLEURS SENEGALAI",43.11061,5.93224,Plein jour,En agglomération,Intersection en T,Normale,Deux véhicules - côté,,,,,,,,,,,1,2,3,1,3
201500035273,0015-04-24 18:20:00,15,4,24,18,20,830,137,"240, LECLERC (AVE GENERA",,,Plein jour,En agglomération,Hors intersection,Normale,Autre collision,,,,,,,,,,,1,2,1,1,6
201500035274,0015-02-24 15:00:00,15,2,24,15,0,830,90,"0, MERMOZ (AVE JEAN)",43.13749,5.85059,Plein jour,Hors agglomération,Hors intersection,Normale,Deux véhicules - côté,,,,,,,,,,,1,1,1,1,3
201500035275,0015-05-03 20:25:00,15,5,3,20,25,830,137,"420, 15EME CORPS (AVE DU",43.1283,5.90916,Crépuscule ou aube,En agglomération,Intersection en T,Normale,Deux véhicules - frontale,,,,,,,,,,,2,2,3,1,1
201500035276,0015-02-25 15:05:00,15,2,25,15,5,830,137,"506, lUBAC (CHEMIN DE)",43.15579,5.92194,Plein jour,En agglomération,Hors intersection,Normale,Autre collision,,,,,,,,,,,1,2,1,1,6
201500035277,0015-04-29 11:35:00,15,4,29,11,35,830,137,"0, PAUL (RUE DU CHEVALIE",43.12225,5.93094,Plein jour,En agglomération,Hors intersection,Normale,Autre collision,,,,,,,,,,,1,2,1,1,6
201500035278,0015-02-25 11:45:00,15,2,25,11,45,830,137,"954, RESISTANCE (AVE)",,,Plein jour,En agglomération,Intersection en X,Temps éblouissant,Deux véhicules - frontale,,,,,,,,,,,1,2,2,7,1
201500035279,0015-05-10 10:00:00,15,5,10,10,0,830,137,"0, RESISTANCE (AVE / IMP",43.1183,5.94583,Plein jour,En agglomération,Intersection en X,Normale,Deux véhicules - côté,,,,,,,,,,,1,2,2,1,3
201500035280,0015-02-28 09:50:00,15,2,28,9,50,830,137,ROUTES (AVE DES),,,Plein jour,En agglomération,Hors intersection,Normale,Deux véhicules - côté,,,,,,,,,,,1,2,1,1,3
201500035281,0015-05-11 07:45:00,15,5,11,7,45,830,137,"0, PICOT (AVE DU COLONEL",,,Plein jour,En agglomération,Intersection en T,Normale,Trois véhicules et plus - collisions multiples,,,,,,,,,,,1,2,3,1,5
201500035282,0015-02-26 12:44:00,15,2,26,12,44,830,144,"0, JEAN (AVE DU DOCTEUR)",43.13398,5.98917,Plein jour,En agglomération,Hors intersection,Normale,Deux véhicules - côté,,,,,,,,,,,1,2,1,1,3
201500035283,0015-05-12 11:40:00,15,5,12,11,40,830,62,"0, FABRI DE PEIRESC (AVE",43.13847,6.02719,Plein jour,Hors agglomération,Hors intersection,Normale,Deux véhicules - côté,,,,,,,,,,,1,1,1,1,3
201500035284,0015-03-04 09:10:00,15,3,4,9,10,830,62,"1811, ASTOURET (CHED')",43.11476,6.04711,Plein jour,Hors agglomération,Hors intersection,Normale,Deux véhicules - côté,,,,,,,,,,,1,1,1,1,3
201500035285,0015-05-13 14:30:00,15,5,13,14,30,830,137,"1, BONNETIERES (RUE DES)",43.12097,5.93267,Plein jour,Hors agglomération,Hors intersection,Normale,Autre collision,,,,,,,,,,,1,1,1,1,6
201500035286,0015-02-22 17:45:00,15,2,22,17,45,830,137,"0, 15EME CORPS (AVE DU)",,,Plein jour,En agglomération,Intersection en T,Normale,Autre collision,,,,,,,,,,,1,2,3,1,6
201500035287,0015-05-14 14:15:00,15,5,14,14,15,830,137,"0, DAUDET (RUE ALPHONSE)",43.12136,5.93883,Plein jour,En agglomération,Hors intersection,Normale,Autre collision,,,,,,,,,,,1,2,1,1,6
201500035288,0015-02-27 14:40:00,15,2,27,14,40,830,137,BOURGET (RUE DU),43.12362,5.95265,Plein jour,En agglomération,Hors intersection,Normale,Autre collision,,,,,,,,,,,1,2,1,1,6
201500035289,0015-05-14 14:45:00,15,5,14,14,45,830,137,"0, SAINT BERNARD (RUE /",43.1227,5.9367,Plein jour,En agglomération,Hors intersection,Normale,Autre collision,,,,,,,,,,,1,2,1,1,6
201500035290,0015-02-23 19:40:00,15,2,23,19,40,830,137,"0, BRIAND (AVE ARISTIDE",,,Nuit avec éclairage allumé,En agglomération,Hors intersection,Normale,Autre collision,,,,,,,,,,,5,2,1,1,6
201500035291,0015-05-16 18:06:00,15,5,16,18,6,830,137,"53, DROUET (RUE / CITE)",43.14142,5.90141,Plein jour,En agglomération,Hors intersection,Normale,Autre collision,,,,,,,,,,,1,2,1,1,6
201500035292,0015-03-04 09:40:00,15,3,4,9,40,830,62,BERTHELOT (RUE MARCELIN),43.14852,6.04115,Plein jour,En agglomération,Hors intersection,Normale,Deux véhicules - côté,,,,,,,,,,,1,2,1,1,3
201500035293,0015-05-08 18:30:00,15,5,8,18,30,830,90,"1500, SANARY (ROUTE DE)",,,Plein jour,Hors agglomération,Hors intersection,Normale,Deux véhicules - arrière,,,,,,,,,,,1,1,1,1,2
201500035294,0015-03-12 11:30:00,15,3,12,11,30,830,144,"59, LAVOISIER (AV / IMP)",43.13852,5.99868,Plein jour,En agglomération,Hors intersection,Normale,Deux véhicules - côté,,,,,,,,,,,1,2,1,1,3
201500035295,0015-05-16 11:10:00,15,5,16,11,10,830,144,"1, LIBERATION (AVE DE LA",43.14308,5.98755,Plein jour,En agglomération,Hors intersection,Normale,Trois véhicules et plus - en chaîne,,,,,,,,,,,1,2,1,1,4
201500035296,0015-02-18 17:30:00,15,2,18,17,30,830,137,"0, ARTILLERIE DE MARINE",43.11233,5.9337,Plein jour,En agglomération,Giratoire,Normale,Autre collision,,,,,,,,,,,1,2,6,1,6
201500035297,0015-05-17 14:50:00,15,5,17,14,50,830,98,"0, GAVARESSE (CHEMIN DE",43.08698,6.03957,Plein jour,Hors agglomération,Hors intersection,Normale,Autre collision,,,,,,,,,,,1,1,1,1,6
201500035298,0015-03-03 18:30:00,15,3,3,18,30,830,137,"0, POINCARE (RUE HENRI)",43.11965,5.94052,Crépuscule ou aube,En agglomération,Hors intersection,Normale,Deux véhicules - frontale,,,,,,,,,,,2,2,1,1,1
201500035299,0015-05-18 08:10:00,15,5,18,8,10,830,137,"1, GUES (BD DE L'ENSEIGN",43.11601,5.98096,Plein jour,En agglomération,Hors intersection,Normale,Autre collision,,,,,,,,,,,1,2,1,1,6
201500035300,0015-05-20 20:25:00,15,5,20,20,25,830,90,"0, CAPELLANE (ROND POINT",43.12297,5.84765,Plein jour,Hors agglomération,Hors intersection,Normale,Deux véhicules - frontale,,,,,,,,,,,1,1,1,1,1
201500035301,0015-03-01 12:05:00,15,3,1,12,5,830,137,"0, MALON (AVE BENOIT)",43.12189,5.95562,Plein jour,En agglomération,Intersection en T,Pluie légère,Deux véhicules - côté,,,,,,,,,,,1,2,3,2,3
201500035302,0015-05-31 01:40:00,15,5,31,1,40,830,137,NICOLAS (BD COMMANDANT),43.12626,5.93678,Nuit avec éclairage allumé,En agglomération,Intersection en X,Normale,Deux véhicules - frontale,,,,,,,,,,,5,2,2,1,1
201500035303,0015-06-02 07:20:00,15,6,2,7,20,830,144,"0, LUMIERE (AVE DES FRER",43.13635,6.00017,Plein jour,En agglomération,Hors intersection,Normale,Trois véhicules et plus - en chaîne,,,,,,,,,,,1,2,1,1,4
201500035304,0015-06-01 19:45:00,15,6,1,19,45,830,103,"170, DE GAULLE (ROUTE GE",,,Plein jour,Hors agglomération,Hors intersection,Normale,Autre collision,,,,,,,,,,,1,1,1,1,6
201500035305,0015-06-02 12:30:00,15,6,2,12,30,830,137,"32, 21EME R.I.C. (AVE DU",43.11345,5.94011,Plein jour,En agglomération,Hors intersection,Normale,Deux véhicules - arrière,,,,,,,,,,,1,2,1,1,2
201500035306,0015-06-02 16:25:00,15,6,2,16,25,830,90,"762, FAVEYROLLES (CHE)",43.13574,5.8727,Plein jour,Hors agglomération,Hors intersection,Normale,Deux véhicules - côté,,,,,,,,,,,1,1,1,1,3
201500035307,0015-06-03 17:00:00,15,6,3,17,0,830,62,"151, LAVALLEE (AVENUE)",43.1499,6.03784,Plein jour,Hors agglomération,Hors intersection,Normale,Deux véhicules - frontale,,,,,,,,,,,1,1,1,1,1
201500035308,0015-06-03 12:00:00,15,6,3,12,0,830,137,"0, LEGION ETRANGERE (ALL",43.12155,5.93725,Plein jour,En agglomération,Hors intersection,Normale,Sans collision,,,,,,,,,,,1,2,1,1,7
201500035309,0015-06-06 00:10:00,15,6,6,0,10,830,144,"0, NATIONALE 97 (ROUTE)",43.14766,6.03011,Nuit sans éclairage public,Hors agglomération,Hors intersection,Normale,Sans collision,,,,,,,,,,,3,1,1,1,7