accident_id,datetime,annee,mois,jour,heure,minute,departement,commune_insee,adresse,latitude,longitude,luminosite,agglomeration,intersection,meteo,collision,nb_vehicules,nb_usagers,nb_indemnes,nb_tues,nb_blesses_hosp,nb_blesses_legers,age_cond_1,age_cond_2,veh_type_cond_1,veh_type_cond_2,lum_code,agg_code,int_code,atm_code,col_code
201500035310,0015-06-06 01:45:00,15,6,6,1,45,830,137,"0, BRIAND (AVE ARISTIDE",43.12531,5.89827,Nuit avec éclairage allumé,En agglomération,Hors intersection,Normale,Deux véhicules - côté,,,,,,,,,,,5,2,1,1,3
201500035311,0015-06-06 21:00:00,15,6,6,21,0,830,137,"405, DEMON PARADIS (CHE)",43.1325,5.89485,Crépuscule ou aube,En agglomération,Intersection en T,Normale,Deux véhicules - côté,,,,,,,,,,,2,2,3,1,3
201500035312,0015-06-08 21:04:00,15,6,8,21,4,830,137,"0, RESISTANCE (AVE / IMP",,,Crépuscule ou aube,En agglomération,Intersection en X,Normale,Deux véhicules - côté,,,,,,,,,,,2,2,2,1,3
201500035313,0015-06-13 09:20:00,15,6,13,9,20,830,137,"0, 15EME CORPS (AVE DU)",43.1285,5.91479,Plein jour,En agglomération,Intersection en X,Normale,Autre collision,,,,,,,,,,,1,2,2,1,6
201500035314,0015-06-13 17:00:00,15,6,13,17,0,830,62,"0, THOUAR MONTEE",43.128,6.01305,Plein jour,Hors agglomération,Hors intersection,Normale,Deux véhicules - frontale,,,,,,,,,,,1,1,1,1,1
201500035315,0015-06-15 15:30:00,15,6,15,15,30,830,137,"0, LAVENNE (RUE PIERRE)",43.11718,5.93564,Plein jour,En agglomération,Hors intersection,Normale,Autre collision,,,,,,,,,,,1,2,1,1,6
201500035316,0015-06-17 20:00:00,15,6,17,20,0,830,137,"0, CURIE (RUE)",43.13038,5.91325,Plein jour,En agglomération,Hors intersection,Normale,Autre collision,,,,,,,,,,,1,2,1,1,6
201500035317,0015-06-18 09:30:00,15,6,18,9,30,830,98,"117, DE LATTRE (BD DE TA",43.10329,6.02369,Plein jour,En agglomération,Hors intersection,Normale,Deux véhicules - côté,,,,,,,,,,,1,2,1,1,3
201500035318,0015-06-18 09:30:00,15,6,18,9,30,830,62,"0, EOLE (RUE)",43.13603,6.00152,Plein jour,En agglomération,Hors intersection,Normale,Deux véhicules - arrière,,,,,,,,,,,1,2,1,1,2
201500035319,0015-06-21 04:22:00,15,6,21,4,22,830,137,"549, DE GAULLE (CORNICHE",43.10884,5.95927,Nuit avec éclairage allumé,En agglomération,Hors intersection,Normale,Sans collision,,,,,,,,,,,5,2,1,1,7
201500035320,0015-06-24 12:30:00,15,6,24,12,30,830,62,Route d'Hyères D98,43.1375,6.02627,Plein jour,En agglomération,Intersection en X,Normale,Deux véhicules - frontale,,,,,,,,,,,1,2,2,1,1
201500035321,0015-06-25 11:40:00,15,6,25,11,40,830,144,"0, CURIE (AVE / IMP PIER",43.10275,5.87276,Plein jour,En agglomération,Hors intersection,Normale,Deux véhicules - côté,,,,,,,,,,,1,2,1,1,3
201500035322,0015-06-26 12:20:00,15,6,26,12,20,830,144,"0, LAVOISIER (AVE / IMP)",43.13869,5.99933,Plein jour,En agglomération,Intersection en T,Normale,Deux véhicules - côté,,,,,,,,,,,1,2,3,1,3
201500035323,0015-06-27 21:35:00,15,6,27,21,35,830,62,LURCAT (AVENUE ANDRE),43.13922,6.02067,Crépuscule ou aube,Hors agglomération,Hors intersection,Normale,Autre collision,,,,,,,,,,,2,1,1,1,6
201500035324,0015-06-29 14:00:00,15,6,29,14,0,830,137,GASQUET (AVE JOSEPH DE 1,43.11891,5.97911,Plein jour,En agglomération,Autre intersection,Normale,Deux véhicules - côté,,,,,,,,,,,1,2,9,1,3
201500035325,0015-06-29 23:00:00,15,6,29,23,0,830,137,SAINT BERNARD (RUE / PAS,43.12165,5.93672,Nuit avec éclairage allumé,En agglomération,Intersection en T,Normale,Deux véhicules - côté,,,,,,,,,,,5,2,3,1,3
201500035326,0015-06-30 17:20:00,15,6,30,17,20,830,137,"72, FOCH (AVE DU MARECHA",43.07354,5.55278,Plein jour,En agglomération,Hors intersection,Normale,Trois véhicules et plus - collisions multiples,,,,,,,,,,,1,2,1,1,5
201500035327,0015-07-01 14:00:00,15,7,1,14,0,830,90,"0, LEMOYNE (PLACE PAUL)",43.08158,5.50518,Plein jour,En agglomération,Hors intersection,Normale,Autre collision,,,,,,,,,,,1,2,1,1,6
201500035328,0015-06-29 17:45:00,15,6,29,17,45,830,144,UNIVERSITE (AVE DE L'),,,Plein jour,En agglomération,Giratoire,Normale,Deux véhicules - arrière,,,,,,,,,,,1,2,6,1,2
201500035329,0015-07-03 15:00:00,15,7,3,15,0,830,62,"104, GANCE (AVENUE ABEL)",43.12288,6.0037,Plein jour,En agglomération,Hors intersection,Normale,Deux véhicules - arrière,,,,,,,,,,,1,2,1,1,2
201500035330,0015-07-03 16:35:00,15,7,3,16,35,830,90,"2128, MONNET (AVE JEAN)",,,Plein jour,Hors agglomération,Hors intersection,Normale,Trois véhicules et plus - en chaîne,,,,,,,,,,,1,1,1,1,4
201500035331,0015-07-05 21:10:00,15,7,5,21,10,830,137,"65, ROOSEVELT (AVE FRANK",43.12064,5.94009,Plein jour,En agglomération,Hors intersection,Normale,Deux véhicules - côté,,,,,,,,,,,1,2,1,1,3
201500035332,0015-07-06 18:50:00,15,7,6,18,50,830,144,MIRASOULEOU (AVE),43.1338,5.98063,Plein jour,En agglomération,Hors intersection,Normale,Deux véhicules - côté,,,,,,,,,,,1,2,1,1,3
201500035333,0015-07-10 16:00:00,15,7,10,16,0,830,137,"131, STE CLAIRE DEVILLE",43.12578,5.97559,Plein jour,En agglomération,Hors intersection,Normale,Deux véhicules - côté,,,,,,,,,,,1,2,1,1,3
201500035334,0015-07-13 23:53:00,15,7,13,23,53,830,137,"0, MALON (AVE BENOIT)",43.12204,5.95567,Nuit avec éclairage allumé,En agglomération,Intersection en T,Normale,Deux véhicules - côté,,,,,,,,,,,5,2,3,1,3
201500035335,0015-07-24 15:15:00,15,7,24,15,15,830,137,"0, BRIAND (AVE ARISTIDE",43.07139,5.53201,Plein jour,En agglomération,Hors intersection,Normale,Deux véhicules - arrière,,,,,,,,,,,1,2,1,1,2
201500035336,0015-07-24 14:55:00,15,7,24,14,55,830,144,"104, MIRASOULEOU (AVE)",43.1337,5.98097,Plein jour,En agglomération,Hors intersection,Normale,Trois véhicules et plus - en chaîne,,,,,,,,,,,1,2,1,1,4
201500035337,0015-07-24 17:00:00,15,7,24,17,0,830,137,"face au 3, PASTOUREAU (R",43.1252,5.93089,Plein jour,En agglomération,Hors intersection,Normale,Autre collision,,,,,,,,,,,1,2,1,1,6
201500035338,0015-07-26 23:00:00,15,7,26,23,0,830,137,"0, PERI  (PLACE GABRIEL)",43.12626,5.92571,Nuit avec éclairage allumé,En agglomération,Hors intersection,Normale,Autre collision,,,,,,,,,,,5,2,1,1,6
201500035339,0015-07-28 08:45:00,15,7,28,8,45,830,137,"0, GASQUET (AV JOSEPH D",43.12203,5.97356,Plein jour,En agglomération,Intersection en T,Normale,Deux véhicules - côté,,,,,,,,,,,1,2,3,1,3
201500035340,0015-07-31 17:40:00,15,7,31,17,40,830,62,"0, PREMIER (BAT.INF.DU P",43.1358,6.02277,Plein jour,En agglomération,Hors intersection,Normale,Autre collision,,,,,,,,,,,1,2,1,1,6
201500035341,0015-08-01 22:40:00,15,8,1,22,40,830,137,"314, ARMARIS (BD DES)",43.12119,5.98093,Nuit avec éclairage allumé,En agglomération,Hors intersection,Normale,Autre collision,,,,,,,,,,,5,2,1,1,6
201500035342,0015-08-02 09:10:00,15,8,2,9,10,830,137,"0, PRUNEAU (AVE GENERAL)",43.12182,5.9556,Plein jour,En agglomération,Hors intersection,Normale,Deux véhicules - côté,,,,,,,,,,,1,2,1,1,3
201500035343,0015-08-03 08:40:00,15,8,3,8,40,830,137,BARNIER (BD DU DR CHARLE,43.13057,5.92839,Plein jour,En agglomération,Intersection en T,Normale,Autre collision,,,,,,,,,,,1,2,3,1,6
201500035344,0015-08-05 18:30:00,15,8,5,18,30,830,62,FABRI DE PEIRESC (AVENUE,43.14106,6.03006,Plein jour,En agglomération,Intersection en T,Normale,Deux véhicules - côté,,,,,,,,,,,1,2,3,1,3
201500035345,0015-08-06 12:00:00,15,8,6,12,0,830,137,"59, HERRIOT (AV EDOUARD)",43.12929,5.89945,Plein jour,En agglomération,Hors intersection,Normale,Deux véhicules - côté,,,,,,,,,,,1,2,1,1,3
201500035346,0015-08-13 15:15:00,15,8,13,15,15,830,137,"3, DUQUESNE (RUE)",43.1089,5.93745,Plein jour,En agglomération,Hors intersection,Normale,Autre collision,,,,,,,,,,,1,2,1,1,6
201500035347,0015-08-14 18:55:00,15,8,14,18,55,830,144,"420, COUPIANE (AVE DE LA",43.13114,5.98993,Plein jour,En agglomération,Hors intersection,Normale,Autre collision,,,,,,,,,,,1,2,1,1,6
201500035348,0015-08-17 07:15:00,15,8,17,7,15,830,137,"497, LOTI (AVE PIERRE)",43.11355,5.94774,Plein jour,Hors agglomération,Hors intersection,Normale,Deux véhicules - côté,,,,,,,,,,,1,1,1,1,3
201500035349,0015-08-17 15:10:00,15,8,17,15,10,830,137,"0, 15EME CORPS (AVE DU)",43.12851,5.91502,Plein jour,En agglomération,Hors intersection,Normale,Deux véhicules - côté,,,,,,,,,,,1,2,1,1,3
201500035350,0015-08-19 22:15:00,15,8,19,22,15,830,137,"0, HERRIOT (AVE EDOUARD)",43.12923,5.89853,Nuit avec éclairage allumé,En agglomération,Hors intersection,Normale,Deux véhicules - côté,,,,,,,,,,,5,2,1,1,3
201500035351,0015-08-20 13:50:00,15,8,20,13,50,830,137,"0, DEVOUCOUX (AVE ROGER)",43.12133,5.94017,Plein jour,En agglomération,Hors intersection,Normale,Deux véhicules - arrière,,,,,,,,,,,1,2,1,1,2
201500035352,0015-08-21 01:20:00,15,8,21,1,20,830,137,"611, LE CHATELIER (AVE A",43.13706,5.89737,Nuit avec éclairage allumé,En agglomération,Hors intersection,Normale,Sans collision,,,,,,,,,,,5,2,1,1,7
201500035353,0015-08-24 15:10:00,15,8,24,15,10,830,137,"0, CUNEO (BD DOCTEUR)",43.10756,5.93307,Plein jour,En agglomération,Intersection en T,Normale,Deux véhicules - frontale,,,,,,,,,,,1,2,3,1,1
201500035354,0015-08-27 17:00:00,15,8,27,17,0,830,144,"0, 11 NOVEMBRE 1918 (AVE",43.14078,6.00032,Plein jour,En agglomération,Hors intersection,Normale,Deux véhicules - arrière,,,,,,,,,,,1,2,1,1,2
201500035355,0015-08-27 15:45:00,15,8,27,15,45,830,62,"849, PLANTADES (CHEMIN D",43.1426,6.02142,Plein jour,Hors agglomération,Hors intersection,Normale,Autre collision,,,,,,,,,,,1,1,1,1,6
201500035356,0015-08-29 17:25:00,15,8,29,17,25,830,137,"0, LULLI (RUE)",43.11929,5.94313,Plein jour,En agglomération,Hors intersection,Normale,Deux véhicules - frontale,,,,,,,,,,,1,2,1,1,1
201500035357,0015-09-01 17:30:00,15,9,1,17,30,830,90,"0, SANARY (ROUTE DE)",43.1257,5.8368,Plein jour,Hors agglomération,Hors intersection,Normale,Deux véhicules - côté,,,,,,,,,,,1,1,1,1,3
201500035358,0015-09-01 22:47:00,15,9,1,22,47,830,137,"0, BROSSET (BD GENERAL)",43.12901,5.90224,Nuit avec éclairage allumé,En agglomération,Hors intersection,Normale,Deux véhicules - côté,,,,,,,,,,,5,2,1,1,3
201500035359,0015-09-02 14:50:00,15,9,2,14,50,830,137,"0, CARMI (SQUARE / ALLEE",43.11622,5.93734,Plein jour,En agglomération,Hors intersection,Normale,Autre collision,,,,,,,,,,,1,2,1,1,6
201500035360,0015-09-02 15:30:00,15,9,2,15,30,830,137,COLBERT (AVE),43.1258,5.933,Plein jour,En agglomération,Hors intersection,Normale,Autre collision,,,,,,,,,,,1,2,1,1,6
201500035361,0015-09-04 17:15:00,15,9,4,17,15,830,90,"0, GORGES (ROUTE DES)",43.14391,5.84694,Plein jour,En agglomération,Hors intersection,Normale,Trois véhicules et plus - collisions multiples,,,,,,,,,,,1,2,1,1,5
201500035362,0015-09-09 08:25:00,15,9,9,8,25,830,137,"108, DEMOCRATIE (BD DE L",43.12643,5.9402,Plein jour,En agglomération,Hors intersection,Normale,Autre collision,,,,,,,,,,,1,2,1,1,6
201500035363,0015-09-09 15:45:00,15,9,9,15,45,830,98,"0, GANZIN (AVENUE DE)",,,Plein jour,En agglomération,Hors intersection,Normale,Deux véhicules - arrière,,,,,,,,,,,1,2,1,1,2
201500035364,0015-09-11 20:00:00,15,9,11,20,0,830,137,"0, DESCARTES (RUE / AVE)",43.12686,5.89481,Crépuscule ou aube,En agglomération,Hors intersection,Normale,Deux véhicules - frontale,,,,,,,,,,,2,2,1,1,1
201500035365,0015-09-12 19:20:00,15,9,12,19,20,830,137,"1438, GASQUET (AVE JOSEP",43.12346,5.97023,Plein jour,Hors agglomération,Hors intersection,Normale,Sans collision,,,,,,,,,,,1,1,1,1,7
201500035366,0015-09-14 10:30:00,15,9,14,10,30,830,98,"0, GANZIN (AVENUE DE)",43.10793,6.03131,Plein jour,Hors agglomération,Hors intersection,Normale,Autre collision,,,,,,,,,,,1,1,1,1,6
201500035367,0015-09-15 08:45:00,15,9,15,8,45,830,62,"0, ST JUST (AVENUE LT AN",43.14272,6.01241,Plein jour,Hors agglomération,Intersection en T,Normale,Deux véhicules - côté,,,,,,,,,,,1,1,3,1,3
201500035368,0015-09-22 06:55:00,15,9,22,6,55,830,137,"0, CUZIN (AVE FRANCOIS)",43.12257,5.94511,Plein jour,En agglomération,Hors intersection,Normale,Deux véhicules - frontale,,,,,,,,,,,1,2,1,1,1
201500035369,0015-09-22 16:30:00,15,9,22,16,30,830,137,FONTAN (AVE DU DOCTEUR),43.13122,5.918,Plein jour,En agglomération,Hors intersection,Normale,Deux véhicules - arrière,,,,,,,,,,,1,2,1,1,2
201500035370,0015-09-24 12:40:00,15,9,24,12,40,830,137,"484, JOFFRE (BLD)",43.12392,5.95367,Plein jour,En agglomération,Hors intersection,Normale,Trois véhicules et plus - en chaîne,,,,,,,,,,,1,2,1,1,4
201500035371,0015-09-24 17:10:00,15,9,24,17,10,830,137,"771, FLORENT (CHEMIN BAR",43.15366,5.91683,Plein jour,En agglomération,Hors intersection,Normale,Deux véhicules - arrière,,,,,,,,,,,1,2,1,1,2
201500035372,0015-09-25 10:50:00,15,9,25,10,50,830,137,"467, MICHELETC (BD JULES",43.11294,5.94574,Plein jour,En agglomération,Hors intersection,Normale,Autre collision,,,,,,,,,,,1,2,1,1,6
201500035373,0015-09-23 11:40:00,15,9,23,11,40,830,137,"0, SAINTE ANNE (BD / RUE",43.13464,5.93208,Plein jour,En agglomération,Intersection en T,Normale,Deux véhicules - côté,,,,,,,,,,,1,2,3,1,3
201500035374,0015-10-01 09:40:00,15,10,1,9,40,830,137,"0, VICTOIRE DU 8 MAI 194",43.13109,5.93257,Plein jour,En agglomération,Intersection en T,Normale,Deux véhicules - côté,,,,,,,,,,,1,2,3,1,3
201500035375,0015-10-03 17:10:00,15,10,3,17,10,830,137,", NOMY (RUE AMIRAL)",43.12,5.94916,Plein jour,En agglomération,Intersection en X,Normale,Deux véhicules - côté,,,,,,,,,,,1,2,2,1,3
201500035376,0015-10-03 22:00:00,15,10,3,22,0,830,98,"706, FOUX (CHEMIN DE LA)",43.11428,6.03108,Nuit sans éclairage public,Hors agglomération,Hors intersection,Pluie légère,Deux véhicules - frontale,,,,,,,,,,,3,1,1,2,1
201500035377,0015-10-04 05:35:00,15,10,4,5,35,830,137,JOFFRE (BD MARECHAL),43.11666,5.95,Plein jour,Hors agglomération,Hors intersection,Normale,Deux véhicules - arrière,,,,,,,,,,,1,1,1,1,2
201500035378,0015-10-05 17:20:00,15,10,5,17,20,830,137,"98, BRIAND (AVE ARISTIDE",,,Plein jour,En agglomération,Hors intersection,Normale,Deux véhicules - frontale,,,,,,,,,,,1,2,1,1,1
201500035379,0015-10-06 18:20:00,15,10,6,18,20,830,144,RN98,,,Plein jour,En agglomération,Hors intersection,Normale,Trois véhicules et plus - en chaîne,,,,,,,,,,,1,2,1,1,4
201500035380,0015-10-10 17:15:00,15,10,10,17,15,830,137,"385, PAGNOL (QUAI MARCEL",43.11421,5.9404,Plein jour,En agglomération,Hors intersection,Normale,Deux véhicules - côté,,,,,,,,,,,1,2,1,1,3
201500035381,0015-10-09 20:10:00,15,10,9,20,10,830,137,"14, PASSY (AVE FREDERIC)",43.12169,5.94799,Nuit avec éclairage non allumé,En agglomération,Hors intersection,Normale,Autre collision,,,,,,,,,,,4,2,1,1,6
201500035382,0015-10-12 16:30:00,15,10,12,16,30,830,137,"0, DUNANT (HENRI)",43.12306,5.94639,Plein jour,En agglomération,Hors intersection,Normale,Autre collision,,,,,,,,,,,1,2,1,1,6
201500035383,0015-10-16 21:45:00,15,10,16,21,45,830,137,BRIAND (AVE ARISTIDE DE,43.1255,5.8971,Nuit avec éclairage allumé,En agglomération,Autre intersection,Normale,Deux véhicules - côté,,,,,,,,,,,5,2,9,1,3
201500035384,0015-10-18 07:00:00,15,10,18,7,0,830,137,"0, COURBET (ALLEE AMIRAL",43.1232,5.93594,Crépuscule ou aube,En agglomération,Hors intersection,Normale,Deux véhicules - côté,,,,,,,,,,,2,2,1,1,3
201500035385,0015-10-21 12:30:00,15,10,21,12,30,830,90,"0, DEPARTEMENTALE 11 (RO",43.12573,5.83131,Plein jour,Hors agglomération,Hors intersection,Normale,Trois véhicules et plus - en chaîne,,,,,,,,,,,1,1,1,1,4
201500035386,0015-10-23 13:45:00,15,10,23,13,45,830,90,"0, NATIONALE 8 (ROUTE)",43.1306,5.8735,Plein jour,Hors agglomération,Hors intersection,Normale,Autre collision,,,,,,,,,,,1,1,1,1,6
201500035387,0015-10-26 08:10:00,15,10,26,8,10,830,137,ROUTES (AVE DES),43.13734,5.91441,Plein jour,En agglomération,Intersection en Y,Normale,Sans collision,,,,,,,,,,,1,2,4,1,7
201500035388,0015-10-28 10:00:00,15,10,28,10,0,830,137,"242, RICHARD (TRAVERSE)",43.13787,5.89824,Plein jour,En agglomération,Hors intersection,Pluie légère,Deux véhicules - frontale,,,,,,,,,,,1,2,1,2,1
201500035389,0015-10-30 17:00:00,15,10,30,17,0,830,90,"0, SANARY (ROUTE DE)",43.12573,5.83131,Plein jour,Hors agglomération,Intersection en T,Normale,Deux véhicules - côté,,,,,,,,,,,1,1,3,1,3
201500035390,0015-11-03 01:05:00,15,11,3,1,5,830,137,HERRIOT (AVE EDOUARD),43.12899,5.89545,Nuit avec éclairage allumé,En agglomération,Hors intersection,Normale,Autre collision,,,,,,,,,,,5,2,1,1,6
201500035391,0015-11-04 12:45:00,15,11,4,12,45,830,137,"0, PICOT (AVE DU COLONEL",43.12912,5.96778,Plein jour,En agglomération,Intersection en T,Normale,Deux véhicules - côté,,,,,,,,,,,1,2,3,1,3
201500035392,0015-11-08 06:20:00,15,11,8,6,20,830,62,JAURES (AVENUE JEAN),43.11976,6.01089,Nuit avec éclairage allumé,En agglomération,Hors intersection,Normale,Sans collision,,,,,,,,,,,5,2,1,1,7
201500035393,0015-11-08 19:25:00,15,11,8,19,25,830,137,"0, GUILLEMARD (RUE ROBER",43.12451,5.92613,Plein jour,En agglomération,Intersection en X,Normale,Deux véhicules - côté,,,,,,,,,,,1,2,2,1,3
201500035394,0015-11-09 10:05:00,15,11,9,10,5,830,90,"0, SANARY (ROUTE DE)",43.1257,5.83335,Plein jour,Hors agglomération,Hors intersection,Normale,Deux véhicules - frontale,,,,,,,,,,,1,1,1,1,1
201500035395,0015-11-12 15:45:00,15,11,12,15,45,830,137,"2040, GASQUET (AVE JOSEP",43.12028,5.97627,Plein jour,Hors agglomération,Hors intersection,Normale,Autre collision,,,,,,,,,,,1,1,1,1,6
201500035396,0015-11-16 14:00:00,15,11,16,14,0,830,62,"90, DELAGE (RUE MARC)",43.12488,6.0081,Plein jour,En agglomération,Giratoire,Normale,Deux véhicules - côté,,,,,,,,,,,1,2,6,1,3
201500035397,0015-11-17 08:15:00,15,11,17,8,15,830,137,"192, PICOT (AVE DU COLON",,,Plein jour,En agglomération,Hors intersection,Normale,Autre collision,,,,,,,,,,,1,2,1,1,6
201500035398,0015-11-21 17:20:00,15,11,21,17,20,830,137,"0, MICHELETC (BD JULES)",,,Crépuscule ou aube,En agglomération,Intersection à plus de 4 branches,Vent fort / tempête,Deux véhicules - côté,,,,,,,,,,,2,2,5,6,3
201500035399,0015-11-22 17:40:00,15,11,22,17,40,830,137,"0, CUNEO (BD DOCTEUR)",43.10692,5.9352,Nuit avec éclairage allumé,Hors agglomération,Hors intersection,Normale,Deux véhicules - arrière,,,,,,,,,,,5,1,1,1,2
201500035400,0015-11-28 14:50:00,15,11,28,14,50,830,98,"470, BROSSET (AVENUE DU",,,Plein jour,En agglomération,Hors intersection,Normale,Deux véhicules - arrière,,,,,,,,,,,1,2,1,1,2
201500035401,0015-11-29 12:05:00,15,11,29,12,5,830,137,"0, BEAUSSIER (RUE)",43.10827,5.93741,Plein jour,Hors agglomération,Hors intersection,Normale,Autre collision,,,,,,,,,,,1,1,1,1,6
201500035402,0015-11-25 13:45:00,15,11,25,13,45,830,62,"1600, DRAGUIGNAN (AVENUE",43.1459,6.03984,Plein jour,En agglomération,Hors intersection,Normale,Deux véhicules - côté,,,,,,,,,,,1,2,1,1,3
201500035403,0015-11-30 17:00:00,15,11,30,17,0,830,144,"0, LIBERATION (AVE DE LA",43.14295,5.98886,Crépuscule ou aube,En agglomération,Hors intersection,Normale,Trois véhicules et plus - en chaîne,,,,,,,,,,,2,2,1,1,4
201500035404,0015-12-01 07:30:00,15,12,1,7,30,830,62,DE LATTRE DE TASSIGNY (A,43.11302,5.99669,Plein jour,En agglomération,Hors intersection,Normale,Deux véhicules - arrière,,,,,,,,,,,1,2,1,1,2
201500035405,0015-12-02 10:20:00,15,12,2,10,20,830,62,"194, SANDRO (AVENUE CHAR",43.12696,6.01072,Plein jour,En agglomération,Hors intersection,Normale,Deux véhicules - côté,,,,,,,,,,,1,2,1,1,3
201500035406,0015-11-27 15:55:00,15,11,27,15,55,830,137,"100, BAZEILLES (BD / RON",43.11272,5.93909,Plein jour,En agglomération,Hors intersection,Normale,Autre collision,,,,,,,,,,,1,2,1,1,6
201500035407,0015-12-07 18:05:00,15,12,7,18,5,830,62,PREMIER (BAT.INF.DU PACI,43.08044,6.01092,Nuit avec éclairage allumé,En agglomération,Hors intersection,Pluie légère,Autre collision,,,,,,,,,,,5,2,1,2,6
201500035408,0015-12-08 19:10:00,15,12,8,19,10,830,137,"0, JOFFRE (BD MARECHAL)",43.12411,5.96722,Nuit avec éclairage allumé,En agglomération,Hors intersection,Normale,Autre collision,,,,,,,,,,,5,2,1,1,6
201500035409,0015-12-13 00:30:00,15,12,13,0,30,830,62,HOUOT (AVENUE CDT),,,Nuit avec éclairage allumé,En agglomération,Hors intersection,Pluie légère,Deux véhicules - frontale,,,,,,,,,,,5,2,1,2,1
201500035410,0015-12-15 12:20:00,15,12,15,12,20,830,62,"0, GAMBETTA (RUE LEON)",43.1245,6.00921,Plein jour,En agglomération,Intersection en X,Normale,Autre collision,,,,,,,,,,,1,2,2,1,6
201500035411,0015-12-18 07:00:00,15,12,18,7,0,830,137,"0, DE LA GRAVIERE (PLACE",43.12668,5.92084,Crépuscule ou aube,En agglomération,Hors intersection,Normale,Trois véhicules et plus - collisions multiples,,,,,,,,,,,2,2,1,1,5
201500035412,0015-12-19 11:00:00,15,12,19,11,0,830,144,"2, BRIAND (AVE ARISTIDE)",43.13791,5.98536,Plein jour,En agglomération,Hors intersection,Normale,Autre collision,,,,,,,,,,,1,2,1,1,6
201500035413,0015-12-27 18:30:00,15,12,27,18,30,830,137,BLONDEL (RUE ANDRE),43.12517,5.9723,Nuit avec éclairage non allumé,En agglomération,Hors intersection,Normale,Autre collision,,,,,,,,,,,4,2,1,1,6
201500035414,0015-12-30 17:30:00,15,12,30,17,30,830,62,"0, PLANQUETTE (CHEMIN DE",43.13363,6.02891,Plein jour,Hors agglomération,Hors intersection,Normale,Deux véhicules - côté,,,,,,,,,,,1,1,1,1,3
201500035415,0015-12-30 18:40:00,15,12,30,18,40,830,137,"0, RIGOUMEL (CHEMIN DE)",43.14383,5.90692,Nuit avec éclairage non allumé,En agglomération,Hors intersection,Normale,Deux véhicules - frontale,,,,,,,,,,,4,2,1,1,1
201500035416,0015-12-31 17:10:00,15,12,31,17,10,830,90,"0, SANARY (ROUTE DE)",43.12577,5.83032,Plein jour,En agglomération,Hors intersection,Normale,Deux véhicules - côté,,,,,,,,,,,1,2,1,1,3
201500035417,0015-02-07 07:15:00,15,2,7,7,15,840,7,CHARLES DE GAULLE,43.92894,4.81226,Nuit avec éclairage allumé,Hors agglomération,Hors intersection,Normale,Autre collision,,,,,,,,,,,5,1,1,1,6
201500035418,0015-04-17 18:50:00,15,4,17,18,50,840,7,"29, MONCLAR (Avenue)",43.93963,4.80588,Plein jour,En agglomération,Hors intersection,Normale,Autre collision,,,,,,,,,,,1,2,1,1,6
201500035419,0015-12-31 20:45:00,15,12,31,20,45,840,7,RHONE (Boulevard du ),43.95202,4.80394,Nuit avec éclairage allumé,En agglomération,Hors intersection,Pluie légère,Autre collision,,,,,,,,,,,5,2,1,2,6
201500035420,0015-03-26 16:35:00,15,3,26,16,35,840,7,"17, CHARLES DE GAULLE",43.9315,4.82784,Plein jour,En agglomération,Hors intersection,Normale,Autre collision,,,,,,,,,,,1,2,1,1,6
201500035421,0015-07-27 12:10:00,15,7,27,12,10,300,11,NORD BOULEVARD DU,43.96394,4.77541,Plein jour,En agglomération,Intersection en Y,Normale,Deux véhicules - côté,,,,,,,,,,,1,2,4,1,3
201500035422,0015-04-28 14:56:00,15,4,28,14,56,840,7,RENE CASSIN (rue),43.94633,4.84288,Plein jour,En agglomération,Hors intersection,Normale,Autre collision,,,,,,,,,,,1,2,1,1,6
201500035423,0015-04-16 13:15:00,15,4,16,13,15,840,7,PICASSO (rue Pablo),43.94354,4.84343,Plein jour,En agglomération,Intersection en Y,Normale,Deux véhicules - côté,,,,,,,,,,,1,2,4,1,3
201500035424,0015-05-05 12:50:00,15,5,5,12,50,840,7,MONTFAVET (Route),43.94095,4.8267,Plein jour,En agglomération,Hors intersection,Normale,Deux véhicules - frontale,,,,,,,,,,,1,2,1,1,1
201500035425,0015-03-31 20:30:00,15,3,31,20,30,840,7,MARSEILLE (Route de ),43.9106,4.88343,Nuit avec éclairage allumé,Hors agglomération,Hors intersection,Normale,Deux véhicules - côté,,,,,,,,,,,5,1,1,1,3
201500035426,0015-12-16 09:40:00,15,12,16,9,40,840,7,SAINT MICHEL (Boulevard),43.94387,4.81503,Plein jour,En agglomération,Intersection en X,Normale,Autre collision,,,,,,,,,,,1,2,2,1,6
201500035427,0015-05-15 18:30:00,15,5,15,18,30,300,351,ARAMON ROUTE D',43.93346,4.74556,Plein jour,Hors agglomération,Hors intersection,Normale,Deux véhicules - arrière,,,,,,,,,,,1,1,1,1,2
201500035428,0015-12-16 20:05:00,15,12,16,20,5,840,7,MARSEILLE (Route de ),43.92244,4.85724,Nuit avec éclairage allumé,Hors agglomération,Hors intersection,Normale,Autre collision,,,,,,,,,,,5,1,1,1,6
201500035429,0015-04-30 21:00:00,15,4,30,21,0,300,11,"795, CARRIERES BOULEVARD",,,Crépuscule ou aube,En agglomération,Hors intersection,Normale,Autre collision,,,,,,,,,,,2,2,1,1,6
201500035430,0015-06-17 19:30:00,15,6,17,19,30,840,7,PIERRE SEMARD (avenue),43.93936,4.82122,Plein jour,En agglomération,Intersection en T,Normale,Deux véhicules - côté,,,,,,,,,,,1,2,3,1,3
201500035431,0015-05-04 12:55:00,15,5,4,12,55,840,7,188 av des VERTES RIVES,43.93616,4.87418,Plein jour,En agglomération,Hors intersection,Normale,Autre collision,,,,,,,,,,,1,2,1,1,6