accident_id,datetime,annee,mois,jour,heure,minute,departement,commune_insee,adresse,latitude,longitude,luminosite,agglomeration,intersection,meteo,collision,nb_vehicules,nb_usagers,nb_indemnes,nb_tues,nb_blesses_hosp,nb_blesses_legers,age_cond_1,age_cond_2,veh_type_cond_1,veh_type_cond_2,lum_code,agg_code,int_code,atm_code,col_code
201500035432,0015-06-10 17:15:00,15,6,10,17,15,840,7,MARSEILLE (ROUTE DE ),43.9222,4.85819,Plein jour,Hors agglomération,Hors intersection,Normale,Trois véhicules et plus - collisions multiples,,,,,,,,,,,1,1,1,1,5
201500035433,0015-03-28 22:45:00,15,3,28,22,45,840,7,"47-49, SIXTE ISNARD (Bou",43.93783,4.81505,Nuit avec éclairage allumé,En agglomération,Hors intersection,Normale,Autre collision,,,,,,,,,,,5,2,1,1,6
201500035434,0015-06-01 19:56:00,15,6,1,19,56,840,7,"220, MONCLAR (Avenue)",43.92809,4.79932,Crépuscule ou aube,En agglomération,Hors intersection,Normale,Autre collision,,,,,,,,,,,2,2,1,1,6
201500035435,0015-07-06 19:00:00,15,7,6,19,0,840,7,CHARLES DE GAULLE,,,Plein jour,En agglomération,Place,Normale,Deux véhicules - arrière,,,,,,,,,,,1,2,7,1,2
201500035436,0015-06-30 00:55:00,15,6,30,0,55,840,7,MARSEILLE (ROUTE DE ),43.8905,4.91081,Nuit sans éclairage public,Hors agglomération,Hors intersection,Normale,Autre collision,,,,,,,,,,,3,1,1,1,6
201500035437,0015-08-25 19:51:00,15,8,25,19,51,840,7,MONCLAR (Avenue),43.93525,4.80416,Plein jour,En agglomération,Hors intersection,Normale,Autre collision,,,,,,,,,,,1,2,1,1,6
201500035438,0015-06-28 01:49:00,15,6,28,1,49,840,7,"4725, C.De GAULLE (Rocad",43.92869,4.81167,Nuit avec éclairage allumé,En agglomération,Hors intersection,Normale,Deux véhicules - arrière,,,,,,,,,,,5,2,1,1,2
201500035439,0015-11-13 11:19:00,15,11,13,11,19,300,351,"61, PASTEUR AVENUE",43.95936,4.77788,Plein jour,En agglomération,Hors intersection,Normale,Autre collision,,,,,,,,,,,1,2,1,1,6
201500035440,0015-05-07 19:45:00,15,5,7,19,45,840,7,OULLE (Allées de l'),,,Plein jour,En agglomération,Hors intersection,Normale,Autre collision,,,,,,,,,,,1,2,1,1,6
201500035441,0015-11-24 09:40:00,15,11,24,9,40,840,7,Islon (Chemin de l'),43.97577,4.82066,Plein jour,Hors agglomération,Hors intersection,Normale,Deux véhicules - frontale,,,,,,,,,,,1,1,1,1,1
201500035442,0015-04-04 16:40:00,15,4,4,16,40,840,7,SAINT RUF (AVENUE),43.9328,4.80982,Plein jour,Hors agglomération,Hors intersection,Normale,Deux véhicules - côté,,,,,,,,,,,1,1,1,1,3
201500035443,0015-10-15 16:45:00,15,10,15,16,45,840,7,rue Ss Marin Casablanca,43.92278,4.85938,Plein jour,Hors agglomération,Hors intersection,Normale,Deux véhicules - côté,,,,,,,,,,,1,1,1,1,3
201500035444,0015-06-10 10:50:00,15,6,10,10,50,840,7,PIERRE SEMARD (avenue),43.94138,4.81788,Plein jour,En agglomération,Intersection en T,Normale,Deux véhicules - côté,,,,,,,,,,,1,2,3,1,3
201500035445,0015-12-02 15:15:00,15,12,2,15,15,840,7,", MARSEILLE (Route de )",,,Plein jour,En agglomération,Giratoire,Normale,Trois véhicules et plus - en chaîne,,,,,,,,,,,1,2,6,1,4
201500035446,0015-08-21 23:24:00,15,8,21,23,24,840,7,pont de l'europe,43.94379,4.79637,Nuit avec éclairage allumé,En agglomération,Hors intersection,Normale,Deux véhicules - frontale,,,,,,,,,,,5,2,1,1,1
201500035447,0015-12-10 12:00:00,15,12,10,12,0,840,7,Bd Limbert (ex RN570),,,Plein jour,En agglomération,Autre intersection,Normale,Autre collision,,,,,,,,,,,1,2,9,1,6
201500035448,0015-08-22 07:40:00,15,8,22,7,40,840,7,"58, SAINT RUF (Avenue)",43.9377,4.81022,Plein jour,En agglomération,Hors intersection,Normale,Autre collision,,,,,,,,,,,1,2,1,1,6
201500035449,0015-12-25 17:50:00,15,12,25,17,50,840,7,bd du quai Saint Lazare,,,Crépuscule ou aube,En agglomération,Hors intersection,Normale,Deux véhicules - frontale,,,,,,,,,,,2,2,1,1,1
201500035450,0015-09-12 15:18:00,15,9,12,15,18,300,11,NATIONALE 100  (ROUTE),43.9492,4.78522,Plein jour,Hors agglomération,Hors intersection,Normale,Autre collision,,,,,,,,,,,1,1,1,1,6
201500035451,0015-09-03 07:25:00,15,9,3,7,25,840,7,EX RN 100,43.95325,4.81375,Plein jour,En agglomération,Hors intersection,Normale,Deux véhicules - arrière,,,,,,,,,,,1,2,1,1,2
201500035452,0015-07-13 11:30:00,15,7,13,11,30,840,7,SOUSPIROUS (Avenue des ),,,Plein jour,En agglomération,Hors intersection,Normale,Sans collision,,,,,,,,,,,1,2,1,1,7
201500035453,0015-09-21 08:20:00,15,9,21,8,20,300,11,ARAMON ROUTE D',,,Plein jour,Hors agglomération,Hors intersection,Normale,Sans collision,,,,,,,,,,,1,1,1,1,7
201500035454,0015-07-29 19:10:00,15,7,29,19,10,300,351,PONT DU ROYAUME,43.95446,4.78153,Plein jour,En agglomération,Intersection à plus de 4 branches,Normale,Deux véhicules - côté,,,,,,,,,,,1,2,5,1,3
201500035455,0015-09-21 13:22:00,15,9,21,13,22,840,7,Avenue de la trillade,,,Plein jour,En agglomération,Hors intersection,Normale,Autre collision,,,,,,,,,,,1,2,1,1,6
201500035456,0015-10-23 17:30:00,15,10,23,17,30,840,7,Route de MONTFAVET,43.94388,4.81922,Plein jour,En agglomération,Intersection en X,Normale,Deux véhicules - côté,,,,,,,,,,,1,2,2,1,3
201500035457,0015-07-19 20:20:00,15,7,19,20,20,840,7,PIERRE SEMARD (avenue),43.93504,4.83017,Crépuscule ou aube,En agglomération,Hors intersection,Normale,Deux véhicules - frontale,,,,,,,,,,,2,2,1,1,1
201500035458,0015-10-30 19:24:00,15,10,30,19,24,840,7,MORIERES (Route de ),,,Crépuscule ou aube,En agglomération,Hors intersection,Normale,Deux véhicules - côté,,,,,,,,,,,2,2,1,1,3
201500035459,0015-11-05 06:40:00,15,11,5,6,40,840,7,Pierre Semard (avenue),,,Nuit avec éclairage non allumé,En agglomération,Hors intersection,Normale,Deux véhicules - arrière,,,,,,,,,,,4,2,1,1,2
201500035460,0015-10-30 04:20:00,15,10,30,4,20,300,11,R.N. 100,43.95649,4.7547,Nuit sans éclairage public,Hors agglomération,Hors intersection,Normale,Trois véhicules et plus - collisions multiples,,,,,,,,,,,3,1,1,1,5
201500035461,0015-05-08 20:25:00,15,5,8,20,25,840,7,C.De GAULLE (Rocade),43.93419,4.83191,Crépuscule ou aube,En agglomération,Intersection à plus de 4 branches,Normale,Deux véhicules - côté,,,,,,,,,,,2,2,5,1,3
201500035462,0015-10-28 00:24:00,15,10,28,0,24,840,7,SAINT MICHEL (Boulevard),43.94326,4.8124,Nuit avec éclairage allumé,En agglomération,Intersection en X,Normale,Deux véhicules - côté,,,,,,,,,,,5,2,2,1,3
201500035463,0015-11-07 17:59:00,15,11,7,17,59,840,7,", SAINT DOMINIQUE (Boule",43.94742,4.79985,Crépuscule ou aube,En agglomération,Hors intersection,Normale,Autre collision,,,,,,,,,,,2,2,1,1,6
201500035464,0015-10-27 10:15:00,15,10,27,10,15,300,11,RD 6100,,,Plein jour,Hors agglomération,Hors intersection,Normale,Trois véhicules et plus - collisions multiples,,,,,,,,,,,1,1,1,1,5
201500035465,0015-06-02 17:45:00,15,6,2,17,45,840,7,PIERRE SEMARD (avenue),43.93936,4.82125,Plein jour,En agglomération,Autre intersection,Normale,Deux véhicules - côté,,,,,,,,,,,1,2,9,1,3
201500035466,0015-07-17 10:35:00,15,7,17,10,35,840,7,"5, RUE DES GROTTES",43.95134,4.80513,Plein jour,En agglomération,Hors intersection,Normale,Autre collision,,,,,,,,,,,1,2,1,1,6
201500035467,0015-11-28 08:46:00,15,11,28,8,46,840,7,", Midi (boulevard du)",43.93588,4.82317,Plein jour,En agglomération,Intersection en X,Normale,Deux véhicules - côté,,,,,,,,,,,1,2,2,1,3
201500035468,0015-10-03 12:50:00,15,10,3,12,50,840,7,PIERRE BEREGOVOY (AVENUE,43.92361,4.86505,Plein jour,En agglomération,Hors intersection,Normale,Deux véhicules - arrière,,,,,,,,,,,1,2,1,1,2
201500035469,0015-10-31 15:48:00,15,10,31,15,48,840,7,MARCOU DELANGLADE (AVENU,43.92133,4.86822,Plein jour,Hors agglomération,Hors intersection,Normale,Deux véhicules - côté,,,,,,,,,,,1,1,1,1,3
201500035470,0015-08-02 06:30:00,15,8,2,6,30,840,7,"23, SIXTE ISNARD (Boule",43.9375,4.81244,Crépuscule ou aube,En agglomération,Hors intersection,Normale,Autre collision,,,,,,,,,,,2,2,1,1,6
201500035471,0015-12-15 16:35:00,15,12,15,16,35,840,7,LYON (route de ),43.95041,4.82377,Plein jour,En agglomération,Hors intersection,Pluie légère,Trois véhicules et plus - en chaîne,,,,,,,,,,,1,2,1,2,4
201500035472,0015-12-14 18:50:00,15,12,14,18,50,840,7,"4, PAMARD (Rue Paul)",43.92863,4.81311,Nuit avec éclairage allumé,En agglomération,Hors intersection,Normale,Autre collision,,,,,,,,,,,5,2,1,1,6
201500035473,0015-01-13 11:00:00,15,1,13,11,0,840,7,LIMBERT (Boulevard),43.94451,4.81588,Plein jour,En agglomération,Hors intersection,Normale,Autre collision,,,,,,,,,,,1,2,1,1,6
201500035474,0015-01-30 13:58:00,15,1,30,13,58,840,7,"138, TARASCON ( Avenue d",43.9256,4.80938,Plein jour,En agglomération,Place,Normale,Autre collision,,,,,,,,,,,1,2,7,1,6
201500035475,0015-10-06 17:30:00,15,10,6,17,30,840,31,GARE BOULEVARD DE LA,44.04888,5.0448,Plein jour,En agglomération,Hors intersection,Normale,Autre collision,,,,,,,,,,,1,2,1,1,6
201500035476,0015-03-22 13:20:00,15,3,22,13,20,840,80,SARRIANS ROUTE DE,44.06388,4.97522,Plein jour,Hors agglomération,Hors intersection,Normale,Sans collision,,,,,,,,,,,1,1,1,1,7
201500035477,0015-08-23 10:15:00,15,8,23,10,15,840,31,Comtat Venaissin,44.05212,5.04871,Plein jour,En agglomération,Passage à niveau,Normale,Autre collision,,,,,,,,,,,1,2,8,1,6
201500035478,0015-04-15 13:20:00,15,4,15,13,20,840,31,CHEMIN DE SAINT GENS,44.03176,5.05086,Plein jour,Hors agglomération,Hors intersection,Normale,Sans collision,,,,,,,,,,,1,1,1,1,7
201500035479,0015-04-20 12:00:00,15,4,20,12,0,840,31,"61, PASSET BOULEVARD JEA",44.05113,5.0504,Plein jour,En agglomération,Autre intersection,Normale,Deux véhicules - frontale,,,,,,,,,,,1,2,9,1,1
201500035480,0015-05-16 16:30:00,15,5,16,16,30,840,31,AV JEAN HENRI FABRE,44.04768,5.03157,Plein jour,En agglomération,Hors intersection,Vent fort / tempête,Sans collision,,,,,,,,,,,1,2,1,6,7
201500035481,0015-09-10 17:00:00,15,9,10,17,0,840,31,FABRE AVENUE JEAN HENRI,44.04666,5.03025,Plein jour,En agglomération,Hors intersection,Normale,Deux véhicules - arrière,,,,,,,,,,,1,2,1,1,2
201500035482,0015-06-10 05:05:00,15,6,10,5,5,840,80,CD 942 DE CARPENTRAS A R,44.0453,5.00583,Nuit sans éclairage public,Hors agglomération,Hors intersection,Temps couvert,Deux véhicules - arrière,,,,,,,,,,,3,1,1,8,2
201500035483,0015-05-24 14:00:00,15,5,24,14,0,840,31,SAINT ROCH AVENUE,44.07077,5.05519,Plein jour,En agglomération,Hors intersection,Normale,Deux véhicules - frontale,,,,,,,,,,,1,2,1,1,1
201500035484,0015-08-17 20:25:00,15,8,17,20,25,840,31,CD 942,44.04657,5.02399,Plein jour,Hors agglomération,Hors intersection,Normale,Trois véhicules et plus - collisions multiples,,,,,,,,,,,1,1,1,1,5
201500035485,0015-10-19 04:55:00,15,10,19,4,55,840,35,AVIGNON (AVENUE D'),43.85366,5.02407,Nuit sans éclairage public,En agglomération,Hors intersection,Normale,Autre collision,,,,,,,,,,,3,2,1,1,6
201500035486,0015-04-15 09:20:00,15,4,15,9,20,840,35,SEBASTIANI (BOULEVARD),43.82796,5.03371,Plein jour,En agglomération,Giratoire,Normale,Deux véhicules - côté,,,,,,,,,,,1,2,6,1,3
201500035487,0015-11-25 19:55:00,15,11,25,19,55,840,35,2900 chemin des Mulets,43.87299,5.06938,Nuit sans éclairage public,Hors agglomération,Hors intersection,Normale,Autre collision,,,,,,,,,,,3,1,1,1,6
201500035488,0015-03-29 17:00:00,15,3,29,17,0,840,35,COTY (AVENUE RENE),43.83848,5.04662,Plein jour,En agglomération,Hors intersection,Normale,Autre collision,,,,,,,,,,,1,2,1,1,6
201500035489,0015-06-23 17:34:00,15,6,23,17,34,840,35,FOLLEREAU (AVENUE RAOUL),43.84057,5.04734,Plein jour,En agglomération,Intersection en X,Normale,Deux véhicules - côté,,,,,,,,,,,1,2,2,1,3
201500035490,0015-10-08 15:45:00,15,10,8,15,45,840,35,BOURNISSAC (COURS),43.83483,5.03764,Plein jour,En agglomération,Hors intersection,Normale,Autre collision,,,,,,,,,,,1,2,1,1,6
201500035491,0015-05-13 19:40:00,15,5,13,19,40,840,87,"FACE  7, VERCORS (IMPASS",44.1415,4.81271,Plein jour,En agglomération,Hors intersection,Normale,Deux véhicules - côté,,,,,,,,,,,1,2,1,1,3
201500035492,0015-05-22 14:40:00,15,5,22,14,40,840,87,SAINT-CLEMENT,44.1307,4.80346,Plein jour,En agglomération,Hors intersection,Normale,Autre collision,,,,,,,,,,,1,2,1,1,6
201500035493,0015-05-23 20:00:00,15,5,23,20,0,840,87,TASSIGNY (AVENUE DE LATT,44.1455,4.80342,Plein jour,En agglomération,Intersection en Y,Normale,Trois véhicules et plus - collisions multiples,,,,,,,,,,,1,2,4,1,5
201500035494,0015-09-30 18:15:00,15,9,30,18,15,840,87,RAMAS (CHEMIN),44.1311,4.85006,Plein jour,Hors agglomération,Hors intersection,Normale,Deux véhicules - côté,,,,,,,,,,,1,1,1,1,3
201500035495,0015-10-21 13:00:00,15,10,21,13,0,840,87,ROUTE DE LYON,44.15237,4.80281,Plein jour,En agglomération,Hors intersection,Normale,Autre collision,,,,,,,,,,,1,2,1,1,6
201500035496,0015-05-18 11:10:00,15,5,18,11,10,840,87,"07, MISTRAL (AVENUE FRED",44.1376,4.81226,Plein jour,En agglomération,Hors intersection,Normale,Autre collision,,,,,,,,,,,1,2,1,1,6
201500035497,0015-05-22 21:40:00,15,5,22,21,40,840,87,"E 3, DESCARTES (RUE RENE",44.14984,4.80613,Nuit avec éclairage allumé,En agglomération,Hors intersection,Normale,Autre collision,,,,,,,,,,,5,2,1,1,6
201500035498,0015-07-25 21:55:00,15,7,25,21,55,840,87,"1, MOULIN (RUE JEAN)",44.1489,4.80828,Plein jour,En agglomération,Hors intersection,Normale,Deux véhicules - côté,,,,,,,,,,,1,2,1,1,3
201500035499,0015-07-03 20:20:00,15,7,3,20,20,840,87,"327, DALADIER (BD EDOUAR",44.13826,4.80983,Plein jour,En agglomération,Hors intersection,Normale,Deux véhicules - côté,,,,,,,,,,,1,2,1,1,3
201500035500,0015-08-08 12:15:00,15,8,8,12,15,840,87,FAUBOURG (RUE DU),44.14224,4.80819,Plein jour,Hors agglomération,Hors intersection,Normale,Autre collision,,,,,,,,,,,1,1,1,1,6
201500035501,0015-08-10 08:05:00,15,8,10,8,5,840,87,SULLY (PARKING),44.14224,4.80819,Plein jour,En agglomération,Intersection en T,Normale,Deux véhicules - arrière,,,,,,,,,,,1,2,3,1,2
201500035502,0015-08-07 15:45:00,15,8,7,15,45,840,87,TASSIGNY (AVENUE DE LATT,44.15031,4.80292,Plein jour,En agglomération,Hors intersection,Normale,Deux véhicules - côté,,,,,,,,,,,1,2,1,1,3
201500035503,0015-09-07 15:10:00,15,9,7,15,10,840,87,"235, CHENES VERTS (RUE D",44.12051,4.82701,Plein jour,Hors agglomération,Hors intersection,Normale,Sans collision,,,,,,,,,,,1,1,1,1,7
201500035504,0015-10-13 08:15:00,15,10,13,8,15,840,87,PAINLEVE (RUE PAUL),44.1319,4.816,Plein jour,En agglomération,Intersection en T,Normale,Autre collision,,,,,,,,,,,1,2,3,1,6
201500035505,0015-11-26 19:20:00,15,11,26,19,20,840,87,TASSIGNY (AVENUE DE LATT,44.15032,4.80296,Nuit avec éclairage allumé,En agglomération,Intersection en T,Normale,Deux véhicules - côté,,,,,,,,,,,5,2,3,1,3
201500035506,0015-12-11 15:45:00,15,12,11,15,45,840,87,AVIGNON (ROUTE D'),44.11134,4.84767,Plein jour,Hors agglomération,Hors intersection,Normale,Deux véhicules - arrière,,,,,,,,,,,1,1,1,1,2
201500035507,0015-01-28 12:25:00,15,1,28,12,25,840,87,"227, VERDUN (AVENUE DE)",44.1274,4.82208,Plein jour,En agglomération,Hors intersection,Normale,Trois véhicules et plus - en chaîne,,,,,,,,,,,1,2,1,1,4
201500035508,0015-01-29 23:00:00,15,1,29,23,0,840,87,"1358, CHATEAUNEUF DU PAP",44.1093,4.82049,Nuit sans éclairage public,Hors agglomération,Hors intersection,Temps couvert,Autre collision,,,,,,,,,,,3,1,1,8,6
201500035509,0015-01-31 17:35:00,15,1,31,17,35,840,87,"1541, CHATEAUNEUF DU PAP",44.10845,4.82055,Nuit sans éclairage public,Hors agglomération,Hors intersection,Normale,Autre collision,,,,,,,,,,,3,1,1,1,6
201500035510,0015-01-30 18:45:00,15,1,30,18,45,840,87,ROUTE DE CHATEAUNEUF,,,Crépuscule ou aube,Hors agglomération,Hors intersection,Normale,Deux véhicules - frontale,,,,,,,,,,,2,1,1,1,1
201500035511,0015-02-14 10:35:00,15,2,14,10,35,840,87,"1, FRERES MOUNET (PLACE",44.13624,4.80942,Plein jour,En agglomération,Intersection en T,Temps couvert,Deux véhicules - côté,,,,,,,,,,,1,2,3,8,3
201500035512,0015-02-27 21:50:00,15,2,27,21,50,840,87,"FACE 739, DALADIER (BD E",44.13536,4.81221,Nuit avec éclairage allumé,En agglomération,Intersection en T,Normale,Deux véhicules - côté,,,,,,,,,,,5,2,3,1,3
201500035513,0015-12-03 12:25:00,15,12,3,12,25,850,191,42 route des Sables,46.39477,-1.2726,Plein jour,Hors agglomération,Hors intersection,Normale,Deux véhicules - frontale,,,,,,,,,,,1,1,1,1,1
201500035514,0015-02-16 19:40:00,15,2,16,19,40,850,191,31 BD DU MAL LECLERC,46.66983,-1.43674,Nuit avec éclairage allumé,En agglomération,Hors intersection,Pluie légère,Autre collision,,,,,,,,,,,5,2,1,2,6
201500035515,0015-02-01 15:35:00,15,2,1,15,35,850,191,ROUTE DE NESMY,46.63313,-1.40588,Plein jour,Hors agglomération,Hors intersection,Normale,Deux véhicules - frontale,,,,,,,,,,,1,1,1,1,1
201500035516,0015-02-11 15:10:00,15,2,11,15,10,850,191,24 RUE DU P. DE GAULLE,46.67138,-1.42117,Plein jour,En agglomération,Intersection en X,Normale,Deux véhicules - côté,,,,,,,,,,,1,2,2,1,3
201500035517,0015-04-03 08:20:00,15,4,3,8,20,850,191,AVENUE RABIN YITZHAK,46.69771,0.42966,Plein jour,En agglomération,Hors intersection,Normale,Deux véhicules - arrière,,,,,,,,,,,1,2,1,1,2
201500035518,0015-04-10 17:55:00,15,4,10,17,55,850,191,32RUE PIERRE BROSSOLETTE,46.68309,-1.43776,Plein jour,En agglomération,Hors intersection,Normale,Deux véhicules - côté,,,,,,,,,,,1,2,1,1,3
201500035519,0015-04-16 00:10:00,15,4,16,0,10,850,191,PLACE OLIVIER DE SERRES,46.6814,-1.43554,Nuit avec éclairage allumé,En agglomération,Giratoire,Normale,Deux véhicules - côté,,,,,,,,,,,5,2,6,1,3
201500035520,0015-04-27 08:00:00,15,4,27,8,0,850,191,81 BOULEVARD DES BELGES,46.67429,-1.42218,Plein jour,En agglomération,Autre intersection,Normale,Autre collision,,,,,,,,,,,1,2,9,1,6
201500035521,0015-05-04 17:15:00,15,5,4,17,15,850,191,2 RUE DE LA LOGE,46.66579,-1.44987,Plein jour,En agglomération,Intersection en X,Pluie légère,Deux véhicules - côté,,,,,,,,,,,1,2,2,2,3
201500035522,0015-05-04 10:24:00,15,5,4,10,24,850,191,RUE RAYMOND POINCARE,46.66893,-1.4336,Plein jour,En agglomération,Autre intersection,Normale,Autre collision,,,,,,,,,,,1,2,9,1,6
201500035523,0015-05-20 17:40:00,15,5,20,17,40,850,191,FOCH RUE DU MARECHAL,46.67375,-1.4283,Plein jour,En agglomération,Intersection en X,Normale,Deux véhicules - côté,,,,,,,,,,,1,2,2,1,3
201500035524,0015-05-28 16:15:00,15,5,28,16,15,850,191,"1, GABORY RUE EMILE",,,Plein jour,En agglomération,Hors intersection,Normale,Deux véhicules - frontale,,,,,,,,,,,1,2,1,1,1
201500035525,0015-06-18 13:10:00,15,6,18,13,10,850,191,"1, SAVARY DE L'EPINERAYE",46.65479,-1.44581,Plein jour,En agglomération,Intersection en T,Normale,Deux véhicules - côté,,,,,,,,,,,1,2,3,1,3
201500035526,0015-06-24 18:47:00,15,6,24,18,47,850,191,1  BOULEVARD DU S DURAND,46.6637,-1.45462,Plein jour,Hors agglomération,Hors intersection,Normale,Autre collision,,,,,,,,,,,1,1,1,1,6
201500035527,0015-07-02 12:09:00,15,7,2,12,9,850,191,"91, LEBON RUE PHILIPPE",46.41358,-1.25579,Plein jour,En agglomération,Hors intersection,Normale,Autre collision,,,,,,,,,,,1,2,1,1,6
201500035528,0015-08-09 22:10:00,15,8,9,22,10,850,191,D160,46.39421,-1.28294,Nuit sans éclairage public,Hors agglomération,Hors intersection,Normale,Autre collision,,,,,,,,,,,3,1,1,1,6
201500035529,0015-09-23 08:30:00,15,9,23,8,30,850,191,"81, SERPENTINE RUE",46.39444,-1.26026,Plein jour,En agglomération,Hors intersection,Normale,Autre collision,,,,,,,,,,,1,2,1,1,6
201500035530,0015-09-24 07:40:00,15,9,24,7,40,850,191,MAZURELLE RUE GEORGES,,,Nuit avec éclairage allumé,Hors agglomération,Intersection en X,Pluie légère,Autre collision,,,,,,,,,,,5,1,2,2,6
201500035531,0015-10-09 16:10:00,15,10,9,16,10,850,191,"56, rue d'Aubigny",46.39204,-1.25564,Plein jour,En agglomération,Autre intersection,Normale,Autre collision,,,,,,,,,,,1,2,9,1,6
201500035532,0015-10-12 16:25:00,15,10,12,16,25,850,191,149 bd d'ITALIE,46.40129,-1.24513,Plein jour,En agglomération,Intersection en T,Normale,Deux véhicules - côté,,,,,,,,,,,1,2,3,1,3
201500035533,0015-10-13 08:10:00,15,10,13,8,10,850,191,Bd Gaston GUITTON,46.39345,-1.26253,Plein jour,Hors agglomération,Intersection en X,Normale,Deux véhicules - frontale,,,,,,,,,,,1,1,2,1,1
201500035534,0015-10-13 13:55:00,15,10,13,13,55,850,191,Tournefou,46.38463,-1.26052,Plein jour,En agglomération,Hors intersection,Normale,Autre collision,,,,,,,,,,,1,2,1,1,6
201500035535,0015-11-17 17:35:00,15,11,17,17,35,850,191,Bd Louis Blanc,,,Crépuscule ou aube,Hors agglomération,Hors intersection,Pluie forte,Autre collision,,,,,,,,,,,2,1,1,3,6
201500035536,0015-10-29 18:45:00,15,10,29,18,45,850,191,1 giratoire du Cotteau,,,Nuit avec éclairage allumé,En agglomération,Giratoire,Normale,Deux véhicules - frontale,,,,,,,,,,,5,2,6,1,1
201500035537,0015-12-17 12:05:00,15,12,17,12,5,850,191,Route de Nesmy,,,Plein jour,Hors agglomération,Hors intersection,Normale,Deux véhicules - côté,,,,,,,,,,,1,1,1,1,3
201500035538,0015-12-20 18:40:00,15,12,20,18,40,850,191,Bd Arago,,,Nuit avec éclairage allumé,En agglomération,Hors intersection,Normale,Autre collision,,,,,,,,,,,5,2,1,1,6
201500035539,0015-12-25 23:30:00,15,12,25,23,30,850,166,Bd Vendée Globe,46.50365,1.7591,Nuit avec éclairage allumé,Hors agglomération,Hors intersection,Normale,Autre collision,,,,,,,,,,,5,1,1,1,6
201500035540,0015-03-14 11:35:00,15,3,14,11,35,850,194,59 AVENUE D'AQUITAINE,46.49368,-1.76356,Plein jour,En agglomération,Hors intersection,Normale,Deux véhicules - côté,,,,,,,,,,,1,2,1,1,3
201500035541,0015-12-29 13:30:00,15,12,29,13,30,850,166,Rue du Maréchal Joffre,46.52913,-1.75543,Plein jour,En agglomération,Intersection en X,Normale,Deux véhicules - côté,,,,,,,,,,,1,2,2,1,3
201500035542,0015-03-25 08:30:00,15,3,25,8,30,850,166,RD 32,46.53419,-1.75095,Plein jour,Hors agglomération,Hors intersection,Normale,Deux véhicules - frontale,,,,,,,,,,,1,1,1,1,1
201500035543,0015-12-28 06:30:00,15,12,28,6,30,850,166,Giratoire de la Vannerie,46.51541,-1.75845,Nuit avec éclairage allumé,Hors agglomération,Giratoire,Normale,Deux véhicules - côté,,,,,,,,,,,5,1,6,1,3
201500035544,0015-03-21 15:20:00,15,3,21,15,20,850,166,ROND-POINT MITTERRAND,46.51341,-1.77667,Plein jour,En agglomération,Giratoire,Normale,Deux véhicules - frontale,,,,,,,,,,,1,2,6,1,1
201500035545,0015-04-25 18:20:00,15,4,25,18,20,850,194,AVENUE DU Gnl GAULLE,46.49852,-1.7813,Plein jour,En agglomération,Intersection en X,Normale,Deux véhicules - côté,,,,,,,,,,,1,2,2,1,3
201500035546,0015-04-28 19:50:00,15,4,28,19,50,850,194,04 PLACE DE STRASBOURG,46.49117,-1.7731,Plein jour,En agglomération,Hors intersection,Normale,Autre collision,,,,,,,,,,,1,2,1,1,6
201500035547,0015-08-12 13:00:00,15,8,12,13,0,850,60,HERRIOT (PROMENADE EDOUA,46.47037,1.74251,Plein jour,Hors agglomération,Hors intersection,Normale,Autre collision,,,,,,,,,,,1,1,1,1,6
201500035548,0015-06-07 11:55:00,15,6,7,11,55,850,194,PLACE DE SCHWABACH,46.48783,-1.76528,Plein jour,En agglomération,Hors intersection,Normale,Autre collision,,,,,,,,,,,1,2,1,1,6
201500035549,0015-05-07 10:20:00,15,5,7,10,20,850,60,RUE DES PLESSES,46.49385,-1.74943,Plein jour,En agglomération,Hors intersection,Normale,Autre collision,,,,,,,,,,,1,2,1,1,6
201500035550,0015-05-16 14:20:00,15,5,16,14,20,850,166,BOULEVARD VENDEE GLOBE,46.51475,-1.75818,Plein jour,Hors agglomération,Hors intersection,Normale,Deux véhicules - arrière,,,,,,,,,,,1,1,1,1,2
201500035551,0015-05-25 20:45:00,15,5,25,20,45,850,194,"13, SEMARD (RUE PIERRE)",46.49692,-1.78235,Plein jour,En agglomération,Hors intersection,Normale,Autre collision,,,,,,,,,,,1,2,1,1,6
201500035552,0015-05-14 22:50:00,15,5,14,22,50,850,166,ROND-POINT VANNERIE,46.51545,-1.75905,Nuit avec éclairage allumé,En agglomération,Giratoire,Pluie légère,Deux véhicules - côté,,,,,,,,,,,5,2,6,2,3
201500035553,0015-06-10 11:15:00,15,6,10,11,15,850,194,R-P ESTIENNE D'ORVES,46.50283,-1.79852,Plein jour,En agglomération,Giratoire,Normale,Deux véhicules - côté,,,,,,,,,,,1,2,6,1,3
201500035554,0015-06-27 10:20:00,15,6,27,10,20,850,194,37 PROMENADE KENNEDY,46.48812,-1.76872,Plein jour,En agglomération,Hors intersection,Normale,Autre collision,,,,,,,,,,,1,2,1,1,6
201500035555,0015-07-09 16:45:00,15,7,9,16,45,850,194,DELVAUT (RUE ERNEST),46.49807,1.78047,Plein jour,En agglomération,Intersection en X,Normale,Autre collision,,,,,,,,,,,1,2,2,1,6
201500035556,0015-07-08 15:25:00,15,7,8,15,25,850,166,"09, MARAICHERS (ROUTE DE",46.52208,-1.79315,Plein jour,Hors agglomération,Hors intersection,Normale,Sans collision,,,,,,,,,,,1,1,1,1,7