accident_id,datetime,annee,mois,jour,heure,minute,departement,commune_insee,adresse,latitude,longitude,luminosite,agglomeration,intersection,meteo,collision,nb_vehicules,nb_usagers,nb_indemnes,nb_tues,nb_blesses_hosp,nb_blesses_legers,age_cond_1,age_cond_2,veh_type_cond_1,veh_type_cond_2,lum_code,agg_code,int_code,atm_code,col_code
201500035681,0015-02-14 23:15:00,15,2,14,23,15,860,194,ANATOLE FRANCE (BOULEVAR,46.57659,0.34512,Nuit avec éclairage allumé,En agglomération,Intersection en T,Temps couvert,Deux véhicules - côté,,,,,,,,,,,5,2,3,8,3
201500035682,0015-05-11 15:50:00,15,5,11,15,50,860,194,"04, SALVADOR ALLENDE (RU",46.5819,0.36976,Plein jour,En agglomération,Hors intersection,Normale,Autre collision,,,,,,,,,,,1,2,1,1,6
201500035683,0015-02-16 07:30:00,15,2,16,7,30,860,194,BONNEUIL MATOURS (ROUTE,,,Crépuscule ou aube,Hors agglomération,Intersection en X,Brouillard / fumée,Deux véhicules - côté,,,,,,,,,,,2,1,2,5,3
201500035684,0015-05-07 18:00:00,15,5,7,18,0,860,194,"., IASSY (AVENUE DE)",46.56919,0.38862,Plein jour,En agglomération,Intersection en T,Normale,Deux véhicules - côté,,,,,,,,,,,1,2,3,1,3
201500035685,0015-02-19 15:50:00,15,2,19,15,50,860,158,"3, Rue de Chardonchamps",,,Plein jour,En agglomération,Hors intersection,Normale,Deux véhicules - côté,,,,,,,,,,,1,2,1,1,3
201500035686,0015-05-17 01:00:00,15,5,17,1,0,860,157,RN 147,46.5264,0.44213,Nuit sans éclairage public,Hors agglomération,Hors intersection,Temps couvert,Autre collision,,,,,,,,,,,3,1,1,8,6
201500035687,0015-02-20 13:30:00,15,2,20,13,30,860,194,"., NIMEGUE (RUE DE)",,,Plein jour,Hors agglomération,Intersection en T,Pluie légère,Autre collision,,,,,,,,,,,1,1,3,2,6
201500035688,0015-04-30 19:30:00,15,4,30,19,30,860,194,"6, ANCIENNE COMEDIE (RUE",46.58085,0.34262,Plein jour,Hors agglomération,Hors intersection,Normale,Autre collision,,,,,,,,,,,1,1,1,1,6
201500035689,0015-02-20 16:50:00,15,2,20,16,50,860,194,RN 147,,,Plein jour,Hors agglomération,Hors intersection,Pluie légère,Trois véhicules et plus - en chaîne,,,,,,,,,,,1,1,1,2,4
201500035690,0015-05-20 13:10:00,15,5,20,13,10,860,214,OCADE SUD EST (RD 162),,,Plein jour,En agglomération,Hors intersection,Vent fort / tempête,Autre collision,,,,,,,,,,,1,2,1,6,6
201500035691,0015-02-22 01:30:00,15,2,22,1,30,860,41,RN 147 BUXEROLLES,,,Nuit sans éclairage public,Hors agglomération,Hors intersection,Autre,Autre collision,,,,,,,,,,,3,1,1,9,6
201500035692,0015-05-25 16:45:00,15,5,25,16,45,860,194,"40, LIBERATION (AVENUE D",46.57194,0.32633,Plein jour,En agglomération,Hors intersection,Normale,Deux véhicules - arrière,,,,,,,,,,,1,2,1,1,2
201500035693,0015-02-22 05:50:00,15,2,22,5,50,860,194,ROCADE EST (RD 162),,,Nuit avec éclairage allumé,En agglomération,Intersection en T,Normale,Autre collision,,,,,,,,,,,5,2,3,1,6
201500035694,0015-05-23 10:12:00,15,5,23,10,12,860,194,"152, FAUBOURG PONT NEUF",46.57295,0.35817,Plein jour,En agglomération,Hors intersection,Normale,Deux véhicules - arrière,,,,,,,,,,,1,2,1,1,2
201500035695,0015-02-24 08:50:00,15,2,24,8,50,860,194,VICTOR HUGO (RUE),,,Plein jour,En agglomération,Intersection en X,Normale,Autre collision,,,,,,,,,,,1,2,2,1,6
201500035696,0015-05-22 14:55:00,15,5,22,14,55,860,194,ROCADE EST (RD 162),46.5673,0.36588,Plein jour,En agglomération,Intersection en X,Normale,Deux véhicules - côté,,,,,,,,,,,1,2,2,1,3
201500035697,0015-02-27 00:15:00,15,2,27,0,15,860,158,RN.147,,,Nuit avec éclairage allumé,Hors agglomération,Hors intersection,Normale,Autre collision,,,,,,,,,,,5,1,1,1,6
201500035698,0015-05-26 18:45:00,15,5,26,18,45,860,41,FRERES LUMIERE (RUE DES),46.60973,0.36703,Plein jour,Hors agglomération,Hors intersection,Normale,Autre collision,,,,,,,,,,,1,1,1,1,6
201500035699,0015-02-28 21:00:00,15,2,28,21,0,860,194,"., ROCADE OUEST (RD 910)",,,Nuit avec éclairage allumé,En agglomération,Intersection en X,Pluie légère,Deux véhicules - côté,,,,,,,,,,,5,2,2,2,3
201500035700,0015-05-29 21:45:00,15,5,29,21,45,860,194,"5, SAINTE CATHERINE (RUE",46.57851,0.34358,Nuit avec éclairage allumé,En agglomération,Intersection en T,Normale,Autre collision,,,,,,,,,,,5,2,3,1,6
201500035701,0015-03-02 09:00:00,15,3,2,9,0,860,194,ROCADE OUEST (RD 910),,,Plein jour,En agglomération,Hors intersection,Normale,Deux véhicules - arrière,,,,,,,,,,,1,2,1,1,2
201500035702,0015-06-01 08:55:00,15,6,1,8,55,860,157,RN.147,,,Plein jour,Hors agglomération,Hors intersection,Normale,Deux véhicules - frontale,,,,,,,,,,,1,1,1,1,1
201500035703,0015-03-02 12:15:00,15,3,2,12,15,860,88,,,,Plein jour,Hors agglomération,Hors intersection,Normale,Autre collision,,,,,,,,,,,1,1,1,1,6
201500035704,0015-06-01 18:15:00,15,6,1,18,15,860,157,CHAUVIGNY (ROUTE DE),46.56345,0.40873,Plein jour,En agglomération,Intersection en X,Normale,Deux véhicules - arrière,,,,,,,,,,,1,2,2,1,2
201500035705,0015-03-04 06:30:00,15,3,4,6,30,860,214,ROCADE SUD EST (RD 162),,,Nuit avec éclairage allumé,En agglomération,Intersection en T,Normale,Deux véhicules - côté,,,,,,,,,,,5,2,3,1,3
201500035706,0015-06-02 23:00:00,15,6,2,23,0,860,194,"2, LAFAYETTE (AVENUE DE)",,,Nuit sans éclairage public,En agglomération,Hors intersection,Normale,Autre collision,,,,,,,,,,,3,2,1,1,6
201500035707,0015-03-05 16:10:00,15,3,5,16,10,860,194,JOHN KENNEDY (AVENUE),,,Plein jour,En agglomération,Hors intersection,Normale,Deux véhicules - arrière,,,,,,,,,,,1,2,1,1,2
201500035708,0015-06-01 17:55:00,15,6,1,17,55,860,133,D 611,46.5248,0.269,Plein jour,Hors agglomération,Hors intersection,Normale,Trois véhicules et plus - collisions multiples,,,,,,,,,,,1,1,1,1,5
201500035709,0015-03-05 22:35:00,15,3,5,22,35,860,41,"., FRANCOIS MITTERAND (A",46.59746,0.36934,Nuit avec éclairage allumé,En agglomération,Hors intersection,Normale,Autre collision,,,,,,,,,,,5,2,1,1,6
201500035710,0015-06-04 18:15:00,15,6,4,18,15,860,194,ROCADE EST (RD 162),,,Plein jour,En agglomération,Intersection en X,Normale,Autre collision,,,,,,,,,,,1,2,2,1,6
201500035711,0015-03-08 22:00:00,15,3,8,22,0,860,158,PARTHENAY (Rte de) RD 30,,,Nuit sans éclairage public,En agglomération,Hors intersection,Normale,Autre collision,,,,,,,,,,,3,2,1,1,6
201500035712,0015-06-12 18:00:00,15,6,12,18,0,860,194,BONNES (ROUTE DE),46.587,0.43152,Plein jour,Hors agglomération,Hors intersection,Normale,Deux véhicules - côté,,,,,,,,,,,1,1,1,1,3
201500035713,0015-03-11 15:00:00,15,3,11,15,0,860,194,ANATOLE FRANCE (BOULEVAR,46.57787,0.35021,Plein jour,En agglomération,Hors intersection,Normale,Trois véhicules et plus - en chaîne,,,,,,,,,,,1,2,1,1,4
201500035714,0015-06-12 19:25:00,15,6,12,19,25,860,194,"131, GRAND CERF (BOULEVA",46.58239,0.33423,Plein jour,En agglomération,Hors intersection,Normale,Autre collision,,,,,,,,,,,1,2,1,1,6
201500035715,0015-03-11 22:20:00,15,3,11,22,20,860,194,"., RENE CASSIN (BOULEVAR",46.57387,0.37734,Nuit avec éclairage non allumé,En agglomération,Hors intersection,Normale,Autre collision,,,,,,,,,,,4,2,1,1,6
201500035716,0015-06-12 17:20:00,15,6,12,17,20,860,41,RN 147 BUXEROLLES,,,Plein jour,Hors agglomération,Hors intersection,Normale,Autre collision,,,,,,,,,,,1,1,1,1,6
201500035717,0015-03-12 21:05:00,15,3,12,21,5,860,194,"48, CHASSEIGNE (BOULEVAR",46.58843,0.34786,Nuit avec éclairage allumé,En agglomération,Hors intersection,Normale,Deux véhicules - côté,,,,,,,,,,,5,2,1,1,3
201500035718,0015-06-12 18:00:00,15,6,12,18,0,860,194,"111, GEORGES GUYNEMER (R",46.578,0.32161,Plein jour,Hors agglomération,Hors intersection,Normale,Autre collision,,,,,,,,,,,1,1,1,1,6
201500035719,0015-03-13 01:50:00,15,3,13,1,50,860,194,ANDRE MALRAUX (VOIE),46.576,0.38914,Nuit avec éclairage allumé,En agglomération,Hors intersection,Normale,Autre collision,,,,,,,,,,,5,2,1,1,6
201500035720,0015-06-15 11:25:00,15,6,15,11,25,860,194,"67, CHASSEIGNE (BOULEVAR",46.35253,0.44417,Plein jour,Hors agglomération,Hors intersection,Normale,Autre collision,,,,,,,,,,,1,1,1,1,6
201500035721,0015-06-13 16:50:00,15,6,13,16,50,860,194,"2, SAINTE CROIX (PLACE)",46.57986,0.34978,Plein jour,En agglomération,Hors intersection,Pluie forte,Autre collision,,,,,,,,,,,1,2,1,3,6
201500035722,0015-06-14 00:35:00,15,6,14,0,35,860,41,"., ROMAINE (VOIE)",46.59768,0.35631,Nuit sans éclairage public,En agglomération,Intersection en X,Normale,Deux véhicules - côté,,,,,,,,,,,3,2,2,1,3
201500035723,0015-06-19 01:15:00,15,6,19,1,15,860,194,"27 BIS, SOUS BLOSSAC (BO",46.57202,0.32918,Nuit avec éclairage allumé,En agglomération,Hors intersection,Normale,Autre collision,,,,,,,,,,,5,2,1,1,6
201500035724,0015-06-17 18:45:00,15,6,17,18,45,860,194,RUE D' OSMOY,46.5645,0.35111,Plein jour,En agglomération,Hors intersection,Normale,Deux véhicules - côté,,,,,,,,,,,1,2,1,1,3
201500035725,0015-06-18 12:45:00,15,6,18,12,45,860,194,JOHN KENNEDY (AVENUE),,,Plein jour,En agglomération,Intersection en T,Normale,Autre collision,,,,,,,,,,,1,2,3,1,6
201500035726,0015-06-19 15:20:00,15,6,19,15,20,860,194,"133, GEORGES GUYNEMER (R",46.57824,0.31982,Plein jour,En agglomération,Intersection en T,Normale,Deux véhicules - côté,,,,,,,,,,,1,2,3,1,3
201500035727,0015-06-23 19:25:00,15,6,23,19,25,860,194,ROCADE OUEST (RD 910),,,Plein jour,En agglomération,Hors intersection,Normale,Trois véhicules et plus - en chaîne,,,,,,,,,,,1,2,1,1,4
201500035728,0015-06-24 19:20:00,15,6,24,19,20,860,158,RN.147,,,Plein jour,Hors agglomération,Hors intersection,Normale,Trois véhicules et plus - en chaîne,,,,,,,,,,,1,1,1,1,4
201500035729,0015-06-25 18:45:00,15,6,25,18,45,860,194,"29, GEORGES GUYNEMER (RU",46.57745,0.32691,Plein jour,En agglomération,Hors intersection,Temps éblouissant,Deux véhicules - côté,,,,,,,,,,,1,2,1,7,3
201500035730,0015-06-26 10:30:00,15,6,26,10,30,860,194,MILETRIE (RUE DE LA),46.56352,0.38187,Plein jour,En agglomération,Intersection en X,Normale,Trois véhicules et plus - en chaîne,,,,,,,,,,,1,2,2,1,4
201500035731,0015-06-27 20:30:00,15,6,27,20,30,860,194,FAUBOURG PONT NEUF (RUE,46.57581,0.35394,Plein jour,En agglomération,Hors intersection,Normale,Deux véhicules - arrière,,,,,,,,,,,1,2,1,1,2
201500035732,0015-06-26 20:00:00,15,6,26,20,0,860,194,JOHN KENNEDY (AVENUE),,,Plein jour,En agglomération,Hors intersection,Normale,Autre collision,,,,,,,,,,,1,2,1,1,6
201500035733,0015-06-29 15:50:00,15,6,29,15,50,860,158,RN.147,,,Plein jour,Hors agglomération,Hors intersection,Normale,Deux véhicules - arrière,,,,,,,,,,,1,1,1,1,2
201500035734,0015-06-30 18:40:00,15,6,30,18,40,860,194,"28 BIS, CHAMPS BALAIS (R",46.56724,0.37147,Plein jour,En agglomération,Hors intersection,Normale,Deux véhicules - côté,,,,,,,,,,,1,2,1,1,3
201500035735,0015-07-01 08:20:00,15,7,1,8,20,860,194,"16, MAILLOCHON (RUE DE)",46.58438,0.33243,Plein jour,En agglomération,Hors intersection,Normale,Trois véhicules et plus - en chaîne,,,,,,,,,,,1,2,1,1,4
201500035736,0015-07-06 17:15:00,15,7,6,17,15,860,194,11 NOVEMBRE (AVENUE DU),46.5647,0.35575,Plein jour,En agglomération,Intersection en X,Normale,Trois véhicules et plus - en chaîne,,,,,,,,,,,1,2,2,1,4
201500035737,0015-07-07 08:45:00,15,7,7,8,45,860,194,"40, PIERRE DE COUBERTIN",46.58852,0.36538,Plein jour,En agglomération,Hors intersection,Normale,Deux véhicules - côté,,,,,,,,,,,1,2,1,1,3
201500035738,0015-07-06 20:25:00,15,7,6,20,25,860,214,GENCAY (ROUTE DE),46.544,0.35411,Plein jour,Hors agglomération,Hors intersection,Normale,Autre collision,,,,,,,,,,,1,1,1,1,6
201500035739,0015-07-02 18:45:00,15,7,2,18,45,860,194,"67, ANATOLE FRANCE (BOUL",46.57675,0.34635,Plein jour,En agglomération,Hors intersection,Normale,Trois véhicules et plus - en chaîne,,,,,,,,,,,1,2,1,1,4
201500035740,0015-07-09 21:30:00,15,7,9,21,30,860,214,11 NOVEMBRE (AVENUE DU),,,Plein jour,En agglomération,Intersection en T,Normale,Autre collision,,,,,,,,,,,1,2,3,1,6
201500035741,0015-07-12 09:45:00,15,7,12,9,45,860,88,RN.10,,,Plein jour,Hors agglomération,Hors intersection,Normale,Deux véhicules - frontale,,,,,,,,,,,1,1,1,1,1
201500035742,0015-07-10 12:50:00,15,7,10,12,50,860,194,"., GASTON HULIN (RUE)",46.5826,0.3405,Plein jour,En agglomération,Hors intersection,Normale,Autre collision,,,,,,,,,,,1,2,1,1,6
201500035743,0015-07-16 09:20:00,15,7,16,9,20,860,194,11 NOVEMBRE (AVENUE DU),,,Plein jour,En agglomération,Intersection en X,Normale,Autre collision,,,,,,,,,,,1,2,2,1,6
201500035744,0015-07-18 13:10:00,15,7,18,13,10,860,194,11 NOVEMBRE (AVENUE DU),,,Plein jour,En agglomération,Intersection en X,Normale,Deux véhicules - côté,,,,,,,,,,,1,2,2,1,3
201500035745,0015-07-19 08:05:00,15,7,19,8,5,860,194,"., RHIN ET DANUBE (AVENU",46.5683,0.34377,Plein jour,En agglomération,Intersection en X,Normale,Deux véhicules - frontale,,,,,,,,,,,1,2,2,1,1
201500035746,0015-07-20 08:00:00,15,7,20,8,0,860,194,RN 147,,,Plein jour,En agglomération,Hors intersection,Normale,Deux véhicules - arrière,,,,,,,,,,,1,2,1,1,2
201500035747,0015-07-16 13:49:00,15,7,16,13,49,860,194,"47, CHASSEIGNE (BOULEVAR",46.5889,0.34747,Plein jour,En agglomération,Hors intersection,Normale,Trois véhicules et plus - en chaîne,,,,,,,,,,,1,2,1,1,4
201500035748,0015-07-21 18:10:00,15,7,21,18,10,860,194,COMMERCE (RUE DU),46.5661,0.34942,Plein jour,En agglomération,Hors intersection,Normale,Autre collision,,,,,,,,,,,1,2,1,1,6
201500035749,0015-07-22 13:55:00,15,7,22,13,55,860,194,"123, PLATEAU DES GLIERES",46.60547,0.32172,Plein jour,En agglomération,Hors intersection,Normale,Deux véhicules - arrière,,,,,,,,,,,1,2,1,1,2
201500035750,0015-07-21 14:45:00,15,7,21,14,45,860,194,Route de Parthenay,,,Plein jour,En agglomération,Intersection en X,Normale,Deux véhicules - arrière,,,,,,,,,,,1,2,2,1,2
201500035751,0015-07-22 07:05:00,15,7,22,7,5,860,194,RN 147,,,Plein jour,Hors agglomération,Hors intersection,Normale,Deux véhicules - côté,,,,,,,,,,,1,1,1,1,3
201500035752,0015-07-23 14:25:00,15,7,23,14,25,860,41,"95, DEUX COMMUNES (RUE D",46.59357,0.36496,Plein jour,En agglomération,Hors intersection,Normale,Deux véhicules - frontale,,,,,,,,,,,1,2,1,1,1
201500035753,0015-07-27 17:45:00,15,7,27,17,45,860,157,RN 147,,,Plein jour,Hors agglomération,Hors intersection,Normale,Trois véhicules et plus - en chaîne,,,,,,,,,,,1,1,1,1,4
201500035754,0015-07-27 18:30:00,15,7,27,18,30,860,158,"1, LOUIS PASTEUR (RUE)",46.62076,0.31127,Plein jour,En agglomération,Hors intersection,Normale,Autre collision,,,,,,,,,,,1,2,1,1,6
201500035755,0015-07-29 22:40:00,15,7,29,22,40,860,158,VOUILLE (RUE DE),,,Nuit sans éclairage public,Hors agglomération,Hors intersection,Normale,Sans collision,,,,,,,,,,,3,1,1,1,7
201500035756,0015-07-31 05:35:00,15,7,31,5,35,860,41,"16, CHARLETTERIE (RUE DE",46.59029,0.36891,Nuit avec éclairage allumé,En agglomération,Intersection en T,Normale,Autre collision,,,,,,,,,,,5,2,3,1,6
201500035757,0015-08-05 16:15:00,15,8,5,16,15,860,194,JACQUES COEUR (AVENUE),46.57085,0.37008,Plein jour,En agglomération,Intersection en X,Normale,Deux véhicules - arrière,,,,,,,,,,,1,2,2,1,2
201500035758,0015-08-06 13:30:00,15,8,6,13,30,860,194,"46, CHASSEIGNE (BOULEVAR",46.58912,0.34715,Plein jour,En agglomération,Hors intersection,Normale,Deux véhicules - côté,,,,,,,,,,,1,2,1,1,3
201500035759,0015-08-06 14:10:00,15,8,6,14,10,860,194,"237, PARIS (AVENUE DE)",46.61764,0.35119,Plein jour,En agglomération,Hors intersection,Normale,Deux véhicules - côté,,,,,,,,,,,1,2,1,1,3
201500035760,0015-08-08 05:30:00,15,8,8,5,30,860,194,GENCAY (ROUTE DE),46.55504,0.34983,Nuit sans éclairage public,Hors agglomération,Hors intersection,Normale,Autre collision,,,,,,,,,,,3,1,1,1,6
201500035761,0015-08-08 15:10:00,15,8,8,15,10,860,214,ROCADE SUD EST (RD 162),46.33116,0.18349,Plein jour,En agglomération,Intersection en X,Normale,Deux véhicules - côté,,,,,,,,,,,1,2,2,1,3
201500035762,0015-08-12 20:50:00,15,8,12,20,50,860,194,"141, PARIS (AVENUE DE)",46.60517,0.34466,Plein jour,En agglomération,Hors intersection,Normale,Autre collision,,,,,,,,,,,1,2,1,1,6
201500035763,0015-08-13 07:30:00,15,8,13,7,30,860,194,IASSY (AVENUE DE),46.57137,0.39262,Crépuscule ou aube,En agglomération,Intersection en T,Normale,Autre collision,,,,,,,,,,,2,2,3,1,6
201500035764,0015-08-15 15:20:00,15,8,15,15,20,860,194,NORTHAMPTON (AVENUE DE),46.58384,0.38186,Plein jour,En agglomération,Hors intersection,Normale,Deux véhicules - côté,,,,,,,,,,,1,2,1,1,3
201500035765,0015-08-15 19:45:00,15,8,15,19,45,860,194,ROCADE OUEST (RD 910),46.5713,0.31172,Plein jour,En agglomération,Hors intersection,Normale,Autre collision,,,,,,,,,,,1,2,1,1,6
201500035766,0015-08-18 06:05:00,15,8,18,6,5,860,194,PLATEAU DES GLIERES,46.60151,0.32428,Nuit avec éclairage allumé,En agglomération,Intersection en X,Normale,Autre collision,,,,,,,,,,,5,2,2,1,6
201500035767,0015-08-18 22:15:00,15,8,18,22,15,860,194,"171, PARIS (AVENUE DE)",46.60787,0.3466,Nuit avec éclairage non allumé,En agglomération,Hors intersection,Normale,Deux véhicules - côté,,,,,,,,,,,4,2,1,1,3
201500035768,0015-08-19 15:30:00,15,8,19,15,30,860,194,BONNES (ROUTE DE),46.58433,0.3937,Plein jour,Hors agglomération,Hors intersection,Normale,Deux véhicules - arrière,,,,,,,,,,,1,1,1,1,2
201500035769,0015-08-26 22:05:00,15,8,26,22,5,860,194,"1, VAUDOUZIL (RUE DE)",46.5,0.36,Nuit avec éclairage allumé,En agglomération,Hors intersection,Normale,Autre collision,,,,,,,,,,,5,2,1,1,6
201500035770,0015-08-27 14:50:00,15,8,27,14,50,860,194,"89, GRAND CERF (BOULEVAR",46.58337,0.33518,Plein jour,Hors agglomération,Hors intersection,Normale,Trois véhicules et plus - en chaîne,,,,,,,,,,,1,1,1,1,4
201500035771,0015-08-28 09:05:00,15,8,28,9,5,860,194,JOHN KENNEDY (AVENUE),46.5,0.36,Plein jour,En agglomération,Intersection en X,Normale,Deux véhicules - frontale,,,,,,,,,,,1,2,2,1,1
201500035772,0015-08-30 06:00:00,15,8,30,6,0,860,158,RN.149,,,Nuit sans éclairage public,Hors agglomération,Hors intersection,Normale,Sans collision,,,,,,,,,,,3,1,1,1,7
201500035773,0015-08-30 01:40:00,15,8,30,1,40,860,194,"30/40, COURONNERIES (RUE",46.59128,0.3545,Nuit avec éclairage allumé,En agglomération,Hors intersection,Normale,Deux véhicules - frontale,,,,,,,,,,,5,2,1,1,1
201500035774,0015-08-31 23:50:00,15,8,31,23,50,860,194,COURS (PROMENADE DES),46.57248,0.33833,Nuit avec éclairage allumé,En agglomération,Intersection en T,Normale,Autre collision,,,,,,,,,,,5,2,3,1,6
201500035775,0015-09-02 15:30:00,15,9,2,15,30,860,158,"., POITIERS (RUE DE)",46.61,0.31,Plein jour,En agglomération,Hors intersection,Normale,Deux véhicules - arrière,,,,,,,,,,,1,2,1,1,2
201500035776,0015-08-08 16:50:00,15,8,8,16,50,860,194,Rue de la Marne,46.58204,0.33818,Plein jour,En agglomération,Intersection en X,Normale,Autre collision,,,,,,,,,,,1,2,2,1,6
201500035777,0015-09-03 12:55:00,15,9,3,12,55,860,194,"., RECTEUR PINEAU (AVENU",46.5707,0.376,Plein jour,En agglomération,Intersection en T,Normale,Deux véhicules - côté,,,,,,,,,,,1,2,3,1,3
201500035778,0015-06-25 04:45:00,15,6,25,4,45,860,133,RN.10,,,Nuit sans éclairage public,Hors agglomération,Hors intersection,Normale,Deux véhicules - frontale,,,,,,,,,,,3,1,1,1,1
201500035779,0015-09-06 17:55:00,15,9,6,17,55,860,194,"156, PARTHENAY (Rte de)",,,Plein jour,En agglomération,Hors intersection,Normale,Deux véhicules - côté,,,,,,,,,,,1,2,1,1,3
201500035780,0015-09-05 06:50:00,15,9,5,6,50,860,194,RN 147,46.6196,0.34122,Nuit avec éclairage allumé,Hors agglomération,Hors intersection,Normale,Autre collision,,,,,,,,,,,5,1,1,1,6
201500035781,0015-09-08 18:40:00,15,9,8,18,40,860,194,CONCORDE BOULEVARD,46.56558,0.34831,Plein jour,En agglomération,Intersection en T,Normale,Deux véhicules - côté,,,,,,,,,,,1,2,3,1,3
201500035782,0015-09-09 18:05:00,15,9,9,18,5,860,158,RN.149,46.37,0.14,Plein jour,Hors agglomération,Hors intersection,Normale,Autre collision,,,,,,,,,,,1,1,1,1,6
201500035783,0015-09-09 13:15:00,15,9,9,13,15,860,194,ROCADE OUEST (RD 910),46.5994,0.32122,Plein jour,Hors agglomération,Intersection en X,Normale,Deux véhicules - arrière,,,,,,,,,,,1,1,2,1,2
201500035784,0015-09-12 11:45:00,15,9,12,11,45,860,157,RN.147,,,Plein jour,En agglomération,Intersection en T,Normale,Deux véhicules - arrière,,,,,,,,,,,1,2,3,1,2
201500035785,0015-09-11 14:15:00,15,9,11,14,15,860,194,SAVARI (BOULEVARD),46.5741,0.38461,Plein jour,En agglomération,Hors intersection,Normale,Deux véhicules - frontale,,,,,,,,,,,1,2,1,1,1
201500035786,0015-09-07 14:00:00,15,9,7,14,0,860,194,THEODORE LEFEBVRE (RUE),46.5691,0.38864,Plein jour,En agglomération,Intersection en T,Normale,Trois véhicules et plus - collisions multiples,,,,,,,,,,,1,2,3,1,5
201500035787,0015-09-16 07:40:00,15,9,16,7,40,860,194,ROCADE OUEST (RD 910),46.5757,0.31394,Crépuscule ou aube,Hors agglomération,Hors intersection,Pluie forte,Autre collision,,,,,,,,,,,2,1,1,3,6
201500035788,0015-09-16 11:25:00,15,9,16,11,25,860,214,GENCAY (ROUTE DE),,,Plein jour,Hors agglomération,Hors intersection,Pluie forte,Deux véhicules - frontale,,,,,,,,,,,1,1,1,3,1
201500035789,0015-09-15 08:15:00,15,9,15,8,15,860,158,RICHELIEU (RUE DE),46.6385,0.30236,Plein jour,En agglomération,Hors intersection,Pluie légère,Autre collision,,,,,,,,,,,1,2,1,2,6
201500035790,0015-09-17 08:49:00,15,9,17,8,49,860,194,"79, LIBERATION (AVENUE D",46.5689,0.32194,Plein jour,En agglomération,Hors intersection,Normale,Deux véhicules - côté,,,,,,,,,,,1,2,1,1,3
201500035791,0015-09-17 12:10:00,15,9,17,12,10,860,194,NANTES (AVENUE DE),,,Plein jour,En agglomération,Intersection en T,Normale,Deux véhicules - côté,,,,,,,,,,,1,2,3,1,3
201500035792,0015-09-17 20:50:00,15,9,17,20,50,860,194,"., PONT ACHARD (BOULEVAR",46.34402,1.19522,Nuit avec éclairage allumé,En agglomération,Intersection en T,Normale,Deux véhicules - côté,,,,,,,,,,,5,2,3,1,3
201500035793,0015-09-17 13:55:00,15,9,17,13,55,860,194,NANTES (AVENUE DE),46.58501,0.33036,Plein jour,En agglomération,Intersection en X,Normale,Deux véhicules - frontale,,,,,,,,,,,1,2,2,1,1
201500035794,0015-09-18 19:20:00,15,9,18,19,20,860,194,RN 147,,,Plein jour,Hors agglomération,Hors intersection,Normale,Trois véhicules et plus - en chaîne,,,,,,,,,,,1,1,1,1,4
201500035795,0015-09-21 08:05:00,15,9,21,8,5,860,194,"73, LIBERATION (AVENUE D",,,Plein jour,En agglomération,Intersection en T,Normale,Autre collision,,,,,,,,,,,1,2,3,1,6
201500035796,0015-09-18 14:05:00,15,9,18,14,5,860,194,8 MAI 1945 (AVENUE DU),46.5542,0.3068,Plein jour,En agglomération,Hors intersection,Normale,Deux véhicules - arrière,,,,,,,,,,,1,2,1,1,2
201500035797,0015-09-22 13:30:00,15,9,22,13,30,860,194,CHARLES MARTEL (PLACE),46.5906,0.33938,Plein jour,En agglomération,Hors intersection,Normale,Deux véhicules - arrière,,,,,,,,,,,1,2,1,1,2
201500035798,0015-09-24 14:25:00,15,9,24,14,25,860,158,RN.149,,,Plein jour,Hors agglomération,Hors intersection,Normale,Autre collision,,,,,,,,,,,1,1,1,1,6
201500035799,0015-09-25 18:30:00,15,9,25,18,30,860,194,BONNEUIL MATOURS (ROUTE,,,Plein jour,Hors agglomération,Hors intersection,Normale,Autre collision,,,,,,,,,,,1,1,1,1,6
201500035800,0015-09-26 15:35:00,15,9,26,15,35,860,194,JOHN KENNEDY (AVENUE),46.58936,0.65977,Plein jour,En agglomération,Intersection en X,Normale,Deux véhicules - côté,,,,,,,,,,,1,2,2,1,3
201500035801,0015-09-26 19:35:00,15,9,26,19,35,860,194,"., LAFAYETTE (AVENUE DE)",46.57,0.37331,Plein jour,En agglomération,Hors intersection,Normale,Autre collision,,,,,,,,,,,1,2,1,1,6
201500035802,0015-09-28 08:30:00,15,9,28,8,30,860,194,JOHN KENNEDY (AVENUE),46.582,0.3676,Plein jour,En agglomération,Intersection en X,Normale,Deux véhicules - arrière,,,,,,,,,,,1,2,2,1,2
201500035803,0015-09-29 16:55:00,15,9,29,16,55,860,194,JEAN DE BERRY (PLACE),46.59009,0.34077,Plein jour,En agglomération,Place,Normale,Deux véhicules - arrière,,,,,,,,,,,1,2,7,1,2
201500035804,0015-10-03 23:20:00,15,10,3,23,20,860,194,JOHN KENNEDY (AVENUE),,,Nuit avec éclairage allumé,En agglomération,Passage à niveau,Normale,Deux véhicules - arrière,,,,,,,,,,,5,2,8,1,2
201500035805,0015-10-05 07:15:00,15,10,5,7,15,860,194,PARTHENAY (Rte de) (RD 3,46.5995,0.32155,Crépuscule ou aube,En agglomération,Intersection en X,Pluie légère,Deux véhicules - côté,,,,,,,,,,,2,2,2,2,3
201500035806,0015-10-06 07:15:00,15,10,6,7,15,860,194,"2, PLATEAU DES GLIERES (",46.59792,0.32669,Crépuscule ou aube,En agglomération,Hors intersection,Normale,Deux véhicules - côté,,,,,,,,,,,2,2,1,1,3