accident_id,datetime,annee,mois,jour,heure,minute,departement,commune_insee,adresse,latitude,longitude,luminosite,agglomeration,intersection,meteo,collision,nb_vehicules,nb_usagers,nb_indemnes,nb_tues,nb_blesses_hosp,nb_blesses_legers,age_cond_1,age_cond_2,veh_type_cond_1,veh_type_cond_2,lum_code,agg_code,int_code,atm_code,col_code
201500035807,0015-10-06 17:25:00,15,10,6,17,25,860,194,MONTBERNAGE (RUE DE),46.58331,0.36204,Plein jour,En agglomération,Intersection en T,Normale,Deux véhicules - frontale,,,,,,,,,,,1,2,3,1,1
201500035808,0015-10-14 11:45:00,15,10,14,11,45,860,194,"250, SAINT ELOI (RUE DE)",46.58989,0.37768,Plein jour,Hors agglomération,Hors intersection,Normale,Autre collision,,,,,,,,,,,1,1,1,1,6
201500035809,0015-10-07 14:20:00,15,10,7,14,20,860,194,"250, 8 MAI 1945 (AVENUE",46.55123,0.30131,Plein jour,En agglomération,Hors intersection,Normale,Autre collision,,,,,,,,,,,1,2,1,1,6
201500035810,0015-10-11 14:20:00,15,10,11,14,20,860,194,"11, SALVADOR ALLENDE (RU",46.58162,0.37344,Plein jour,En agglomération,Place,Normale,Deux véhicules - arrière,,,,,,,,,,,1,2,7,1,2
201500035811,0015-10-10 17:45:00,15,10,10,17,45,860,194,"2, REVOLUTION (AVENUE DE",46.58647,0.3815,Plein jour,En agglomération,Hors intersection,Normale,Autre collision,,,,,,,,,,,1,2,1,1,6
201500035812,0015-10-09 21:50:00,15,10,9,21,50,860,194,"348, NANTES (AVENUE DE)",46.59293,0.32871,Nuit avec éclairage allumé,En agglomération,Intersection en T,Normale,Trois véhicules et plus - en chaîne,,,,,,,,,,,5,2,3,1,4
201500035813,0015-10-12 18:30:00,15,10,12,18,30,860,194,"100, PLATEAU DES GLIERES",46.60431,0.32255,Plein jour,En agglomération,Hors intersection,Normale,Deux véhicules - arrière,,,,,,,,,,,1,2,1,1,2
201500035814,0015-10-14 21:08:00,15,10,14,21,8,860,194,11 NOVEMBRE (AVENUE DU),,,Nuit avec éclairage allumé,En agglomération,Intersection en X,Normale,Deux véhicules - côté,,,,,,,,,,,5,2,2,1,3
201500035815,0015-10-14 18:05:00,15,10,14,18,5,860,194,"., JEAN DE BERRY (PLACE)",46.59036,0.34,Plein jour,En agglomération,Hors intersection,Normale,Autre collision,,,,,,,,,,,1,2,1,1,6
201500035816,0015-10-16 18:50:00,15,10,16,18,50,860,194,"235/237, NANTES (AVENUE",46.58806,0.33011,Crépuscule ou aube,En agglomération,Hors intersection,Normale,Autre collision,,,,,,,,,,,2,2,1,1,6
201500035817,0015-10-17 19:50:00,15,10,17,19,50,860,214,ROCADE SUD EST (RD 162),,,Nuit avec éclairage allumé,Hors agglomération,Hors intersection,Normale,Autre collision,,,,,,,,,,,5,1,1,1,6
201500035818,0015-10-20 07:50:00,15,10,20,7,50,860,194,IASSY (AVENUE DE),46.57049,0.39058,Plein jour,En agglomération,Intersection en X,Normale,Autre collision,,,,,,,,,,,1,2,2,1,6
201500035819,0015-10-20 10:30:00,15,10,20,10,30,860,194,RN 147,,,Plein jour,Hors agglomération,Hors intersection,Normale,Trois véhicules et plus - en chaîne,,,,,,,,,,,1,1,1,1,4
201500035820,0015-10-20 16:50:00,15,10,20,16,50,860,157,RN 147,,,Plein jour,Hors agglomération,Intersection en T,Normale,Deux véhicules - côté,,,,,,,,,,,1,1,3,1,3
201500035821,0015-10-20 15:40:00,15,10,20,15,40,860,194,JACQUES COEUR (AVENUE),46.55343,0.39928,Plein jour,Hors agglomération,Giratoire,Normale,Deux véhicules - côté,,,,,,,,,,,1,1,6,1,3
201500035822,0015-10-20 16:40:00,15,10,20,16,40,860,194,Route de Parthenay,,,Plein jour,En agglomération,Intersection en X,Normale,Deux véhicules - côté,,,,,,,,,,,1,2,2,1,3
201500035823,0015-10-21 20:12:00,15,10,21,20,12,860,214,NOUAILLE (ROUTE DE),46.5322,0.39841,Crépuscule ou aube,Hors agglomération,Hors intersection,Normale,Deux véhicules - arrière,,,,,,,,,,,2,1,1,1,2
201500035824,0015-10-21 12:20:00,15,10,21,12,20,860,194,"33, RECTEUR PINEAU (AVEN",46.57169,0.37172,Plein jour,En agglomération,Hors intersection,Normale,Autre collision,,,,,,,,,,,1,2,1,1,6
201500035825,0015-10-23 13:15:00,15,10,23,13,15,860,194,"40, RECTEUR PINEAU (AVEN",46.5,0.386,Plein jour,En agglomération,Hors intersection,Normale,Autre collision,,,,,,,,,,,1,2,1,1,6
201500035826,0015-10-23 16:19:00,15,10,23,16,19,860,194,"., DOLMEN (RUE DU)",46.57433,0.36173,Plein jour,En agglomération,Intersection en X,Normale,Deux véhicules - côté,,,,,,,,,,,1,2,2,1,3
201500035827,0015-10-27 10:25:00,15,10,27,10,25,860,194,"., CARMES (RUE DES)",46.58172,0.35014,Plein jour,En agglomération,Intersection en X,Normale,Deux véhicules - côté,,,,,,,,,,,1,2,2,1,3
201500035828,0015-10-29 17:40:00,15,10,29,17,40,860,157,"., Rue des Entrepreneurs",46.53,0.402,Plein jour,Hors agglomération,Intersection en T,Normale,Deux véhicules - côté,,,,,,,,,,,1,1,3,1,3
201500035829,0015-10-30 17:40:00,15,10,30,17,40,860,194,"33, PAUL VERLAINE (RUE)",46.56725,0.35951,Crépuscule ou aube,En agglomération,Hors intersection,Normale,Autre collision,,,,,,,,,,,2,2,1,1,6
201500035830,0015-10-30 03:58:00,15,10,30,3,58,860,194,"169, PARIS (AVENUE DE)",46.60714,0.3461,Nuit avec éclairage allumé,En agglomération,Hors intersection,Normale,Autre collision,,,,,,,,,,,5,2,1,1,6
201500035831,0015-10-30 18:25:00,15,10,30,18,25,860,194,"48, JEAN JAURES (RUE)",46.58081,0.34579,Nuit avec éclairage allumé,En agglomération,Hors intersection,Normale,Autre collision,,,,,,,,,,,5,2,1,1,6
201500035832,0015-11-02 07:55:00,15,11,2,7,55,860,194,"14, MARAT (BOULEVARD)",46.58687,0.37823,Plein jour,En agglomération,Intersection en T,Normale,Deux véhicules - côté,,,,,,,,,,,1,2,3,1,3
201500035833,0015-11-02 19:00:00,15,11,2,19,0,860,194,"77, LIBERATION (AVENUE D",46.5698,0.32344,Nuit avec éclairage allumé,En agglomération,Hors intersection,Normale,Trois véhicules et plus - en chaîne,,,,,,,,,,,5,2,1,1,4
201500035834,0015-11-03 12:20:00,15,11,3,12,20,860,194,"9, TRAIT TABOULEAU (RUE",46.59647,0.33535,Plein jour,En agglomération,Hors intersection,Normale,Autre collision,,,,,,,,,,,1,2,1,1,6
201500035835,0015-10-30 15:15:00,15,10,30,15,15,860,194,JACQUES COEUR (AVENUE),46.56358,0.382,Plein jour,En agglomération,Intersection en X,Normale,Deux véhicules - côté,,,,,,,,,,,1,2,2,1,3
201500035836,0015-11-03 18:45:00,15,11,3,18,45,860,194,11 NOVEMBRE (AVENUE DU),46.5667,0.36666,Nuit avec éclairage allumé,En agglomération,Intersection en T,Pluie légère,Deux véhicules - côté,,,,,,,,,,,5,2,3,2,3
201500035837,0015-11-01 16:15:00,15,11,1,16,15,860,194,PARTHENAY (Rte de) (RD 3,,,Plein jour,Hors agglomération,Hors intersection,Normale,Deux véhicules - arrière,,,,,,,,,,,1,1,1,1,2
201500035838,0015-11-05 15:45:00,15,11,5,15,45,860,194,"2, MILETRIE (RUE DE LA)",46.56028,0.37722,Plein jour,En agglomération,Hors intersection,Normale,Deux véhicules - côté,,,,,,,,,,,1,2,1,1,3
201500035839,0015-11-06 17:05:00,15,11,6,17,5,860,194,ROBERT SCHUMAN (AVENUE),46.5895,0.35871,Plein jour,En agglomération,Hors intersection,Normale,Autre collision,,,,,,,,,,,1,2,1,1,6
201500035840,0015-11-06 23:00:00,15,11,6,23,0,860,194,"4 bis, HENRI OUDIN (RUE)",46.5819,0.34211,Nuit avec éclairage allumé,En agglomération,Hors intersection,Pluie légère,Autre collision,,,,,,,,,,,5,2,1,2,6
201500035841,0015-11-07 19:35:00,15,11,7,19,35,860,194,11 NOVEMBRE (AVENUE DU),46.5673,0.36588,Nuit avec éclairage allumé,En agglomération,Hors intersection,Normale,Deux véhicules - côté,,,,,,,,,,,5,2,1,1,3
201500035842,0015-11-11 07:15:00,15,11,11,7,15,860,194,"79, LIBERATION (AVENUE D",45.34108,0.19238,Crépuscule ou aube,En agglomération,Hors intersection,Normale,Autre collision,,,,,,,,,,,2,2,1,1,6
201500035843,0015-11-15 22:50:00,15,11,15,22,50,860,194,"2, MILETRIE (RUE DE LA)",46.5562,0.38689,Nuit avec éclairage allumé,En agglomération,Hors intersection,Normale,Autre collision,,,,,,,,,,,5,2,1,1,6
201500035844,0015-11-13 18:00:00,15,11,13,18,0,860,194,JOHN KENNEDY (AVENUE),,,Plein jour,Hors agglomération,Hors intersection,Normale,Autre collision,,,,,,,,,,,1,1,1,1,6
201500035845,0015-11-13 16:55:00,15,11,13,16,55,860,194,JOHN KENNEDY (AVENUE),,,Plein jour,En agglomération,Hors intersection,Normale,Autre collision,,,,,,,,,,,1,2,1,1,6
201500035846,0015-11-16 13:55:00,15,11,16,13,55,860,194,"47, CONDORCET (RUE)",46.59192,0.33478,Plein jour,En agglomération,Hors intersection,Normale,Deux véhicules - arrière,,,,,,,,,,,1,2,1,1,2
201500035847,0015-11-17 17:45:00,15,11,17,17,45,860,194,BONNES (ROUTE DE),,,Plein jour,En agglomération,Hors intersection,Pluie légère,Deux véhicules - côté,,,,,,,,,,,1,2,1,2,3
201500035848,0015-11-18 09:20:00,15,11,18,9,20,860,157,NOUAILLE (ROUTE DE),46.54532,0.38724,Plein jour,Hors agglomération,Intersection en T,Normale,Trois véhicules et plus - en chaîne,,,,,,,,,,,1,1,3,1,4
201500035849,0015-11-18 17:15:00,15,11,18,17,15,860,194,"., ANDRE MALRAUX (VOIE)",46.58692,0.35024,Crépuscule ou aube,En agglomération,Hors intersection,Pluie légère,Autre collision,,,,,,,,,,,2,2,1,2,6
201500035850,0015-11-18 19:15:00,15,11,18,19,15,860,194,11 NOVEMBRE (AVENUE DU),46.56488,0.35688,Nuit avec éclairage allumé,En agglomération,Intersection en X,Pluie légère,Autre collision,,,,,,,,,,,5,2,2,2,6
201500035851,0015-11-19 08:40:00,15,11,19,8,40,860,41,RN 147 BUXEROLLES,46.6173,0.36075,Plein jour,Hors agglomération,Hors intersection,Normale,Deux véhicules - côté,,,,,,,,,,,1,1,1,1,3
201500035852,0015-11-19 08:00:00,15,11,19,8,0,860,194,"87, PONT JOUBERT (BOULEV",46.57832,0.35108,Plein jour,En agglomération,Hors intersection,Normale,Trois véhicules et plus - en chaîne,,,,,,,,,,,1,2,1,1,4
201500035853,0015-11-23 05:25:00,15,11,23,5,25,860,41,PIC VERT (RUE DU),46.59358,0.3741,Nuit avec éclairage allumé,En agglomération,Hors intersection,Pluie légère,Autre collision,,,,,,,,,,,5,2,1,2,6
201500035854,0015-11-20 21:50:00,15,11,20,21,50,860,194,"8, SABLONNIERES (RUE DES",46.56727,0.33836,Plein jour,Hors agglomération,Hors intersection,Normale,Autre collision,,,,,,,,,,,1,1,1,1,6
201500035855,0015-11-23 13:40:00,15,11,23,13,40,860,194,"79, NANTES (AVENUE DE)",46.5869,0.33584,Plein jour,En agglomération,Hors intersection,Normale,Deux véhicules - frontale,,,,,,,,,,,1,2,1,1,1
201500035856,0015-11-24 20:50:00,15,11,24,20,50,860,194,"0, BEAULIEU (RUE DE)",46.57564,0.36804,Nuit avec éclairage allumé,En agglomération,Intersection en T,Pluie légère,Autre collision,,,,,,,,,,,5,2,3,2,6
201500035857,0015-11-25 19:00:00,15,11,25,19,0,860,214,NOUAILLE (ROUTE DE),46.54549,0.38698,Nuit sans éclairage public,Hors agglomération,Intersection en T,Pluie légère,Deux véhicules - côté,,,,,,,,,,,3,1,3,2,3
201500035858,0015-11-26 08:15:00,15,11,26,8,15,860,194,"46, JACQUES COEUR (AVENU",46.5711,0.36916,Nuit avec éclairage allumé,En agglomération,Hors intersection,Normale,Autre collision,,,,,,,,,,,5,2,1,1,6
201500035859,0015-11-26 11:05:00,15,11,26,11,5,860,194,ROCADE EST (RD 162),,,Plein jour,En agglomération,Intersection en X,Normale,Trois véhicules et plus - collisions multiples,,,,,,,,,,,1,2,2,1,5
201500035860,0015-12-01 17:27:00,15,12,1,17,27,860,27,ERMITAGE (RUE DE L'),46.57561,0.30165,Crépuscule ou aube,En agglomération,Hors intersection,Normale,Sans collision,,,,,,,,,,,2,2,1,1,7
201500035861,0015-12-01 20:20:00,15,12,1,20,20,860,157,"3229, LIMOGES (ROUTE DE)",46.53351,0.43089,Nuit sans éclairage public,Hors agglomération,Hors intersection,Normale,Deux véhicules - arrière,,,,,,,,,,,3,1,1,1,2
201500035862,0015-12-03 19:10:00,15,12,3,19,10,860,194,"16, RECTEUR PINEAU (AVEN",46.56824,0.38629,Nuit avec éclairage allumé,En agglomération,Hors intersection,Normale,Autre collision,,,,,,,,,,,5,2,1,1,6
201500035863,0015-12-03 13:30:00,15,12,3,13,30,860,194,"28,BOUL  JEANNE D'ARC",46.58791,0.33992,Plein jour,En agglomération,Hors intersection,Normale,Deux véhicules - côté,,,,,,,,,,,1,2,1,1,3
201500035864,0015-12-06 17:00:00,15,12,6,17,0,860,157,"141, LIMOGES (ROUTE DE)",46.54337,0.41477,Plein jour,Hors agglomération,Hors intersection,Normale,Deux véhicules - arrière,,,,,,,,,,,1,1,1,1,2
201500035865,0015-12-07 08:10:00,15,12,7,8,10,860,194,"., CHASSEIGNE (BOULEVARD",46.58956,0.34653,Plein jour,En agglomération,Hors intersection,Normale,Deux véhicules - frontale,,,,,,,,,,,1,2,1,1,1
201500035866,0015-12-07 16:50:00,15,12,7,16,50,860,194,ROCADE EST (RD 162),46.56933,0.36965,Plein jour,En agglomération,Hors intersection,Normale,Autre collision,,,,,,,,,,,1,2,1,1,6
201500035867,0015-12-12 02:35:00,15,12,12,2,35,860,194,"1, HOPITAL DES CHAMPS (R",46.59249,0.3404,Nuit avec éclairage allumé,En agglomération,Intersection en X,Normale,Autre collision,,,,,,,,,,,5,2,2,1,6
201500035868,0015-12-12 14:15:00,15,12,12,14,15,860,194,"., RENE CASSIN (BOULEVAR",46.5754,0.3763,Plein jour,En agglomération,Intersection en T,Normale,Deux véhicules - frontale,,,,,,,,,,,1,2,3,1,1
201500035869,0015-12-15 17:05:00,15,12,15,17,5,860,194,ROBERT SCHUMAN (AVENUE),46.5899,0.35547,Nuit avec éclairage allumé,En agglomération,Intersection en X,Pluie légère,Deux véhicules - côté,,,,,,,,,,,5,2,2,2,3
201500035870,0015-12-15 18:40:00,15,12,15,18,40,860,194,11 NOVEMBRE (AVENUE DU),46.5672,0.36555,Nuit avec éclairage allumé,En agglomération,Intersection en X,Normale,Deux véhicules - côté,,,,,,,,,,,5,2,2,1,3
201500035871,0015-12-15 17:10:00,15,12,15,17,10,860,194,SALVADOR ALLENDE (RUE,46.5821,0.36867,Plein jour,En agglomération,Hors intersection,Pluie légère,Deux véhicules - arrière,,,,,,,,,,,1,2,1,2,2
201500035872,0015-12-16 15:40:00,15,12,16,15,40,860,194,8 MAI 1945 (AVENUE DU),46.55611,0.30861,Plein jour,En agglomération,Intersection en T,Normale,Deux véhicules - côté,,,,,,,,,,,1,2,3,1,3
201500035873,0015-12-18 08:00:00,15,12,18,8,0,860,194,"7, JEANNE D'ARC (BOULEVA",46.58954,0.34032,Crépuscule ou aube,En agglomération,Hors intersection,Normale,Deux véhicules - arrière,,,,,,,,,,,2,2,1,1,2
201500035874,0015-12-18 08:30:00,15,12,18,8,30,860,194,"194, PARIS (AVENUE DE)",46.61046,0.34827,Plein jour,En agglomération,Hors intersection,Normale,Trois véhicules et plus - en chaîne,,,,,,,,,,,1,2,1,1,4
201500035875,0015-12-22 18:10:00,15,12,22,18,10,860,194,"32, GRAND CERF (BOULEVAR",46.58627,0.33827,Nuit avec éclairage allumé,En agglomération,Hors intersection,Normale,Autre collision,,,,,,,,,,,5,2,1,1,6
201500035876,0015-12-31 11:52:00,15,12,31,11,52,870,85,"97, BRIAND (RUE ARISTIDE",,,Plein jour,En agglomération,Intersection en T,Pluie légère,Deux véhicules - côté,,,,,,,,,,,1,2,3,2,3
201500035877,0015-03-17 17:12:00,15,3,17,17,12,870,50,"0, BUXEROLLES (ROUTE DE)",,,Plein jour,En agglomération,Intersection en X,Normale,Deux véhicules - côté,,,,,,,,,,,1,2,2,1,3
201500035878,0015-03-19 08:34:00,15,3,19,8,34,870,85,"40, FRANCE (RUE ANATOLE)",,,Plein jour,En agglomération,Hors intersection,Normale,Autre collision,,,,,,,,,,,1,2,1,1,6
201500035879,0015-03-19 16:29:00,15,3,19,16,29,870,85,"48, THOMAS (AVENUE ALBER",,,Plein jour,En agglomération,Intersection en T,Normale,Deux véhicules - côté,,,,,,,,,,,1,2,3,1,3
201500035880,0015-03-23 18:47:00,15,3,23,18,47,870,65,"0, LIBERATION (AVENUE DE",,,Crépuscule ou aube,En agglomération,Hors intersection,Normale,Deux véhicules - arrière,,,,,,,,,,,2,2,1,1,2
201500035881,0015-03-20 13:45:00,15,3,20,13,45,870,85,"94, SAINT GENCE (RUE DE)",,,Plein jour,En agglomération,Hors intersection,Pluie légère,Deux véhicules - frontale,,,,,,,,,,,1,2,1,2,1
201500035882,0015-03-19 12:50:00,15,3,19,12,50,870,85,VALOINE (BOULEVARD DE LA,,,Plein jour,En agglomération,Hors intersection,Normale,Autre collision,,,,,,,,,,,1,2,1,1,6
201500035883,0015-01-03 12:45:00,15,1,3,12,45,870,85,RD 947,45.8559,1.24767,Plein jour,En agglomération,Hors intersection,Pluie légère,Deux véhicules - frontale,,,,,,,,,,,1,2,1,2,1
201500035884,0015-03-18 21:14:00,15,3,18,21,14,870,85,"21, HUGO (BOULEVARD VICT",,,Nuit avec éclairage allumé,En agglomération,Intersection en X,Normale,Deux véhicules - côté,,,,,,,,,,,5,2,2,1,3
201500035885,0015-03-20 18:14:00,15,3,20,18,14,870,85,"51, GAMBETTA (BOULEVARD)",,,Plein jour,En agglomération,Intersection en X,Pluie légère,Autre collision,,,,,,,,,,,1,2,2,2,6
201500035886,0015-01-03 21:05:00,15,1,3,21,5,870,85,AUTOROUTE,45.8278,1.28307,Nuit avec éclairage non allumé,Hors agglomération,Hors intersection,Pluie forte,Autre collision,,,,,,,,,,,4,1,1,3,6
201500035887,0015-03-24 22:43:00,15,3,24,22,43,870,50,"134, LIMOGES (AVENUE DE)",,,Nuit avec éclairage allumé,En agglomération,Hors intersection,Pluie légère,Autre collision,,,,,,,,,,,5,2,1,2,6
201500035888,0015-03-26 10:50:00,15,3,26,10,50,870,85,"9, ISLY (RUE D')",,,Plein jour,En agglomération,Intersection en T,Normale,Deux véhicules - côté,,,,,,,,,,,1,2,3,1,3
201500035889,0015-03-31 12:18:00,15,3,31,12,18,870,65,VALIN (AVENUE MARTIAL),45.818,1.30207,Plein jour,En agglomération,Hors intersection,Pluie légère,Deux véhicules - arrière,,,,,,,,,,,1,2,1,2,2
201500035890,0015-04-01 12:17:00,15,4,1,12,17,870,85,"20, BEAUBLANC (BOULEVARD",,,Plein jour,En agglomération,Intersection en T,Normale,Deux véhicules - côté,,,,,,,,,,,1,2,3,1,3
201500035891,0015-04-01 17:02:00,15,4,1,17,2,870,85,"9, ISLY (RUE D')",,,Plein jour,En agglomération,Hors intersection,Normale,Autre collision,,,,,,,,,,,1,2,1,1,6
201500035892,0015-04-06 20:05:00,15,4,6,20,5,870,114,"6, BETOULLE (AVENUE LEON",,,Plein jour,En agglomération,Hors intersection,Normale,Autre collision,,,,,,,,,,,1,2,1,1,6
201500035893,0015-04-05 14:25:00,15,4,5,14,25,870,75,RN 21,45.7852,1.18907,Plein jour,Hors agglomération,Hors intersection,Normale,Deux véhicules - frontale,,,,,,,,,,,1,1,1,1,1
201500035894,0015-04-06 23:53:00,15,4,6,23,53,870,85,"24, MONTEGUT (RUE EMILE)",,,Nuit avec éclairage allumé,En agglomération,Intersection en X,Normale,Deux véhicules - côté,,,,,,,,,,,5,2,2,1,3
201500035895,0015-04-06 19:17:00,15,4,6,19,17,870,85,"107, BAUDIN ( AVENUE) (V",,,Plein jour,En agglomération,Hors intersection,Normale,Trois véhicules et plus - collisions multiples,,,,,,,,,,,1,2,1,1,5
201500035896,0015-04-03 05:03:00,15,4,3,5,3,870,85,AUTOROUTE A20,45.8399,1.28089,Nuit avec éclairage allumé,Hors agglomération,Hors intersection,Normale,Autre collision,,,,,,,,,,,5,1,1,1,6
201500035897,0015-04-08 15:18:00,15,4,8,15,18,870,85,"26BIS, NEXON (RUE DE)",45.8189,1.26462,Plein jour,En agglomération,Hors intersection,Normale,Deux véhicules - frontale,,,,,,,,,,,1,2,1,1,1
201500035898,0015-04-08 11:06:00,15,4,8,11,6,870,85,"28, ESSARTS (RUE DES)",45.8952,1.29723,Plein jour,Hors agglomération,Hors intersection,Normale,Deux véhicules - arrière,,,,,,,,,,,1,1,1,1,2
201500035899,0015-04-12 12:32:00,15,4,12,12,32,870,85,"53, DUMAS (AVENUE GEORGE",,,Plein jour,En agglomération,Hors intersection,Normale,Autre collision,,,,,,,,,,,1,2,1,1,6
201500035900,0015-04-13 14:45:00,15,4,13,14,45,870,85,"246, LECLERC (AVENUE DU",,,Plein jour,En agglomération,Hors intersection,Normale,Deux véhicules - côté,,,,,,,,,,,1,2,1,1,3
201500035901,0015-04-09 17:06:00,15,4,9,17,6,870,85,RD941 (OUEST),45.8345,1.22576,Plein jour,En agglomération,Hors intersection,Normale,Deux véhicules - arrière,,,,,,,,,,,1,2,1,1,2
201500035902,0015-04-05 13:10:00,15,4,5,13,10,870,113,CARNOT (AVENUE SADI),45.8672,1.32438,Plein jour,En agglomération,Hors intersection,Normale,Autre collision,,,,,,,,,,,1,2,1,1,6
201500035903,0015-04-09 17:21:00,15,4,9,17,21,870,85,"23, BUISSON (RUE FERDINA",,,Plein jour,En agglomération,Hors intersection,Normale,Autre collision,,,,,,,,,,,1,2,1,1,6
201500035904,0015-04-11 08:33:00,15,4,11,8,33,870,85,BORIE (BOULEVARD DE LA),,,Plein jour,En agglomération,Intersection en X,Normale,Deux véhicules - côté,,,,,,,,,,,1,2,2,1,3
201500035905,0015-04-12 17:40:00,15,4,12,17,40,870,85,"114, LECLERC (AVENUE DU",,,Plein jour,En agglomération,Hors intersection,Normale,Autre collision,,,,,,,,,,,1,2,1,1,6
201500035906,0015-04-13 17:13:00,15,4,13,17,13,870,85,"17, LABUSSIERE (AVENUE E",,,Plein jour,En agglomération,Hors intersection,Normale,Deux véhicules - arrière,,,,,,,,,,,1,2,1,1,2
201500035907,0015-04-13 11:28:00,15,4,13,11,28,870,65,RD 979 LES CHABANNES,45.8075,1.35569,Plein jour,Hors agglomération,Hors intersection,Normale,Deux véhicules - frontale,,,,,,,,,,,1,1,1,1,1
201500035908,0015-04-15 17:07:00,15,4,15,17,7,870,85,"150, NEXON (RUE DE)",45.8121,1.25776,Plein jour,En agglomération,Intersection en T,Normale,Deux véhicules - côté,,,,,,,,,,,1,2,3,1,3
201500035909,0015-04-15 15:54:00,15,4,15,15,54,870,85,"18, JAURES (RUE JEAN)",,,Plein jour,En agglomération,Hors intersection,Normale,Deux véhicules - côté,,,,,,,,,,,1,2,1,1,3
201500035910,0015-11-18 18:42:00,15,11,18,18,42,870,85,"29, GARIBALDI (AVENUE)",,,Crépuscule ou aube,En agglomération,Intersection en X,Pluie légère,Autre collision,,,,,,,,,,,2,2,2,2,6
201500035911,0015-04-18 03:06:00,15,4,18,3,6,870,85,"116, LECLERC (AVENUE DU",,,Nuit avec éclairage allumé,En agglomération,Hors intersection,Normale,Autre collision,,,,,,,,,,,5,2,1,1,6
201500035912,0015-01-06 18:00:00,15,1,6,18,0,870,85,"31, FOUCAUD (AVENUE)",,,Nuit avec éclairage allumé,En agglomération,Hors intersection,Pluie légère,Deux véhicules - arrière,,,,,,,,,,,5,2,1,2,2
201500035913,0015-04-21 14:42:00,15,4,21,14,42,870,114,"03, BETOULLE (AVENUE LEO",,,Plein jour,En agglomération,Hors intersection,Normale,Autre collision,,,,,,,,,,,1,2,1,1,6
201500035914,0015-04-21 13:13:00,15,4,21,13,13,870,85,"23, MAUVENDIERE (RUE DE",,,Plein jour,En agglomération,Hors intersection,Normale,Deux véhicules - côté,,,,,,,,,,,1,2,1,1,3
201500035915,0015-01-07 12:40:00,15,1,7,12,40,870,85,"0, GROSSEREIX (ROND POIN",,,Plein jour,Hors agglomération,Hors intersection,Normale,Deux véhicules - arrière,,,,,,,,,,,1,1,1,1,2
201500035916,0015-04-20 09:40:00,15,4,20,9,40,870,50,"0, BUXEROLLES (ROUTE DE)",,,Plein jour,Hors agglomération,Hors intersection,Normale,Deux véhicules - frontale,,,,,,,,,,,1,1,1,1,1
201500035917,0015-04-04 04:25:00,15,4,4,4,25,870,85,"347, BAUDIN ( AVENUE) (V",45.8075,1.23862,Nuit sans éclairage public,Hors agglomération,Hors intersection,Normale,Autre collision,,,,,,,,,,,3,1,1,1,6
201500035918,0015-01-08 09:15:00,15,1,8,9,15,870,85,AUTOROUTE A20,45.8504,1.27616,Plein jour,Hors agglomération,Hors intersection,Normale,Deux véhicules - côté,,,,,,,,,,,1,1,1,1,3
201500035919,0015-04-24 17:20:00,15,4,24,17,20,870,85,AUTOROUTE A20,45.8768,1.2878,Plein jour,Hors agglomération,Hors intersection,Normale,Trois véhicules et plus - en chaîne,,,,,,,,,,,1,1,1,1,4
201500035920,0015-04-26 21:49:00,15,4,26,21,49,870,85,"141, PERRIN (RUE FRANCOI",,,Nuit avec éclairage allumé,En agglomération,Intersection en X,Pluie légère,Deux véhicules - côté,,,,,,,,,,,5,2,2,2,3
201500035921,0015-04-27 09:14:00,15,4,27,9,14,870,85,"12, TROMPILLON (RUE LEON",,,Plein jour,En agglomération,Hors intersection,Pluie légère,Autre collision,,,,,,,,,,,1,2,1,2,6
201500035922,0015-04-30 10:30:00,15,4,30,10,30,870,85,"48, JAURES (RUE JEAN)",,,Plein jour,En agglomération,Hors intersection,Normale,Autre collision,,,,,,,,,,,1,2,1,1,6
201500035923,0015-05-01 18:25:00,15,5,1,18,25,870,85,ANGUERNAUD (RUE D'),45.8833,1.31828,Plein jour,Hors agglomération,Hors intersection,Pluie légère,Autre collision,,,,,,,,,,,1,1,1,2,6
201500035924,0015-05-03 11:44:00,15,5,3,11,44,870,85,ALLENDE (QUAI SALVADOR),45.8211,1.26283,Plein jour,En agglomération,Hors intersection,Pluie légère,Autre collision,,,,,,,,,,,1,2,1,2,6
201500035925,0015-05-02 16:44:00,15,5,2,16,44,870,85,"33, COMTE (RUE AUGUSTE)",,,Plein jour,En agglomération,Hors intersection,Pluie forte,Autre collision,,,,,,,,,,,1,2,1,3,6
201500035926,0015-05-02 19:15:00,15,5,2,19,15,870,85,"0, LEBON (RUE PHILIPPE)",,,Crépuscule ou aube,En agglomération,Intersection en X,Pluie forte,Deux véhicules - côté,,,,,,,,,,,2,2,2,3,3
201500035927,0015-05-05 15:48:00,15,5,5,15,48,870,85,"11, TARRADE (AVENUE ADRI",,,Plein jour,En agglomération,Hors intersection,Normale,Deux véhicules - côté,,,,,,,,,,,1,2,1,1,3
201500035928,0015-01-09 07:50:00,15,1,9,7,50,870,114,"75, BLUM (AVENUE LEON-)",45.8315,1.30173,Crépuscule ou aube,En agglomération,Hors intersection,Pluie légère,Autre collision,,,,,,,,,,,2,2,1,2,6
201500035929,0015-05-06 02:26:00,15,5,6,2,26,870,85,"18, LOCARNO (AVENUE)",,,Nuit avec éclairage allumé,En agglomération,Hors intersection,Normale,Autre collision,,,,,,,,,,,5,2,1,1,6
201500035930,0015-05-06 15:27:00,15,5,6,15,27,870,65,VALIN (AVENUE MARTIAL),45.8144,1.31873,Plein jour,En agglomération,Hors intersection,Normale,Deux véhicules - côté,,,,,,,,,,,1,2,1,1,3
201500035931,0015-05-07 07:18:00,15,5,7,7,18,870,85,"0, EUROPE (CARREFOUR DE",,,Plein jour,En agglomération,Hors intersection,Normale,Deux véhicules - arrière,,,,,,,,,,,1,2,1,1,2