accident_id,datetime,annee,mois,jour,heure,minute,departement,commune_insee,adresse,latitude,longitude,luminosite,agglomeration,intersection,meteo,collision,nb_vehicules,nb_usagers,nb_indemnes,nb_tues,nb_blesses_hosp,nb_blesses_legers,age_cond_1,age_cond_2,veh_type_cond_1,veh_type_cond_2,lum_code,agg_code,int_code,atm_code,col_code
201500036060,0015-09-29 14:29:00,15,9,29,14,29,870,85,"01BIS, FOCH (RUE DU MARE",45.8377,1.25644,Plein jour,En agglomération,Hors intersection,Normale,Deux véhicules - arrière,,,,,,,,,,,1,2,1,1,2
201500036061,0015-09-30 11:50:00,15,9,30,11,50,870,85,"38, VIGENAL (BOULEVARD D",45.8524,1.25297,Plein jour,En agglomération,Intersection en T,Normale,Autre collision,,,,,,,,,,,1,2,3,1,6
201500036062,0015-09-27 17:31:00,15,9,27,17,31,870,85,AUTOROUTE A20,45.8641,1.28742,Plein jour,Hors agglomération,Hors intersection,Normale,Trois véhicules et plus - collisions multiples,,,,,,,,,,,1,1,1,1,5
201500036063,0015-10-01 07:47:00,15,10,1,7,47,870,85,"246B, LECLERC (AVENUE DU",45.8541,1.26614,Plein jour,En agglomération,Hors intersection,Normale,Deux véhicules - arrière,,,,,,,,,,,1,2,1,1,2
201500036064,0015-10-01 17:14:00,15,10,1,17,14,870,85,"119, SAINTE CLAIRE (RUE)",45.8235,1.24044,Plein jour,En agglomération,Intersection en X,Normale,Autre collision,,,,,,,,,,,1,2,2,1,6
201500036065,0015-10-02 17:35:00,15,10,2,17,35,870,85,RD 142 FOUGERAS (RUE DE),45.8603,1.28764,Plein jour,En agglomération,Hors intersection,Normale,Autre collision,,,,,,,,,,,1,2,1,1,6
201500036066,0015-01-30 09:08:00,15,1,30,9,8,870,114,"06, PEYRAZET - LIEU DIT",,,Plein jour,Hors agglomération,Hors intersection,Temps couvert,Autre collision,,,,,,,,,,,1,1,1,8,6
201500036067,0015-10-03 14:20:00,15,10,3,14,20,870,85,"42, PERI (AVENUE GABRIEL",45.8285,1.26264,Plein jour,En agglomération,Intersection en X,Normale,Deux véhicules - côté,,,,,,,,,,,1,2,2,1,3
201500036068,0015-01-30 11:55:00,15,1,30,11,55,870,85,ALLENDE (QUAI SALVADOR),45.8212,1.26299,Plein jour,En agglomération,Hors intersection,Pluie légère,Deux véhicules - côté,,,,,,,,,,,1,2,1,2,3
201500036069,0015-10-09 07:41:00,15,10,9,7,41,870,50,"0, CIDRERIE (RUE DE LA)",45.8936,1.21461,Nuit sans éclairage public,Hors agglomération,Intersection en Y,Normale,Deux véhicules - frontale,,,,,,,,,,,3,1,4,1,1
201500036070,0015-01-30 20:34:00,15,1,30,20,34,870,85,"04, CARNOT (PLACE SADI)",,,Nuit avec éclairage allumé,En agglomération,Hors intersection,Normale,Deux véhicules - côté,,,,,,,,,,,5,2,1,1,3
201500036071,0015-10-04 19:09:00,15,10,4,19,9,870,85,"8, MALRAUX (RUE ANDRE)",45.8012,1.26464,Plein jour,En agglomération,Hors intersection,Pluie légère,Autre collision,,,,,,,,,,,1,2,1,2,6
201500036072,0015-10-04 17:40:00,15,10,4,17,40,870,48,"20TER, AIXE (RUE D')",45.7953,1.22833,Plein jour,En agglomération,Hors intersection,Normale,Autre collision,,,,,,,,,,,1,2,1,1,6
201500036073,0015-10-04 18:20:00,15,10,4,18,20,870,48,"20TER, AIXE (RUE D')",45.7953,1.22828,Plein jour,En agglomération,Hors intersection,Normale,Autre collision,,,,,,,,,,,1,2,1,1,6
201500036074,0015-10-05 11:53:00,15,10,5,11,53,870,85,"1, CHASTAING (RUE JEAN B",45.8439,1.25256,Plein jour,En agglomération,Intersection en X,Normale,Deux véhicules - côté,,,,,,,,,,,1,2,2,1,3
201500036075,0015-10-06 07:50:00,15,10,6,7,50,870,85,"22BIS, BLANC LOUIS (BOUL",45.8284,1.26158,Plein jour,En agglomération,Hors intersection,Normale,Deux véhicules - arrière,,,,,,,,,,,1,2,1,1,2
201500036076,0015-02-01 07:07:00,15,2,1,7,7,870,85,SCHUMAN (BOULEVARD ROBER,,,Crépuscule ou aube,Hors agglomération,Hors intersection,Pluie légère,Autre collision,,,,,,,,,,,2,1,1,2,6
201500036077,0015-10-06 08:08:00,15,10,6,8,8,870,85,BEAUBLANC (BOULEVARD DE),45.8456,1.242,Plein jour,En agglomération,Hors intersection,Pluie légère,Deux véhicules - arrière,,,,,,,,,,,1,2,1,2,2
201500036078,0015-10-09 08:27:00,15,10,9,8,27,870,85,"08, GAMBETTA (BOULEVARD)",45.828,1.25747,Plein jour,En agglomération,Hors intersection,Normale,Autre collision,,,,,,,,,,,1,2,1,1,6
201500036079,0015-10-07 08:54:00,15,10,7,8,54,870,85,"59, GAMBETTA (BOULEVARD)",45.8289,1.25572,Plein jour,En agglomération,Hors intersection,Normale,Deux véhicules - arrière,,,,,,,,,,,1,2,1,1,2
201500036080,0015-10-13 17:03:00,15,10,13,17,3,870,85,"25, DE GAULLE (AVENUE DU",45.8351,1.26636,Plein jour,En agglomération,Hors intersection,Normale,Deux véhicules - arrière,,,,,,,,,,,1,2,1,1,2
201500036081,0015-02-02 12:51:00,15,2,2,12,51,870,85,"81, BELLAC (RUE DE)",,,Plein jour,En agglomération,Intersection en T,Normale,Deux véhicules - côté,,,,,,,,,,,1,2,3,1,3
201500036082,0015-10-10 14:27:00,15,10,10,14,27,870,65,PLAISANCE (RUE DE),45.7957,1.29453,Plein jour,Hors agglomération,Hors intersection,Normale,Autre collision,,,,,,,,,,,1,1,1,1,6
201500036083,0015-10-09 17:30:00,15,10,9,17,30,870,85,"13, JOURDAN (PLACE)",45.8321,1.26483,Plein jour,En agglomération,Intersection en X,Normale,Deux véhicules - arrière,,,,,,,,,,,1,2,2,1,2
201500036084,0015-10-13 18:38:00,15,10,13,18,38,870,65,"0, BOISSEUIL (RUE DE)",45.794,1.30231,Crépuscule ou aube,Hors agglomération,Hors intersection,Normale,Deux véhicules - arrière,,,,,,,,,,,2,1,1,1,2
201500036085,0015-10-15 08:10:00,15,10,15,8,10,870,85,"22, GAGNANT (AVENUE JEAN",45.8335,1.26975,Crépuscule ou aube,En agglomération,Hors intersection,Pluie légère,Autre collision,,,,,,,,,,,2,2,1,2,6
201500036086,0015-10-16 13:27:00,15,10,16,13,27,870,85,"10, BELFORT (RUE DE)",45.8412,1.26186,Plein jour,En agglomération,Intersection en T,Normale,Deux véhicules - côté,,,,,,,,,,,1,2,3,1,3
201500036087,0015-10-16 20:29:00,15,10,16,20,29,870,65,PLAISANCE (RUE DE),45.7947,1.29511,Nuit sans éclairage public,Hors agglomération,Hors intersection,Normale,Deux véhicules - frontale,,,,,,,,,,,3,1,1,1,1
201500036088,0015-10-18 21:24:00,15,10,18,21,24,870,85,"16, LOSTENDE (RUE DE)",45.8442,1.25892,Nuit avec éclairage allumé,En agglomération,Hors intersection,Normale,Autre collision,,,,,,,,,,,5,2,1,1,6
201500036089,0015-10-20 16:07:00,15,10,20,16,7,870,85,"02, CHARENTES (PLACE DES",45.8374,1.25208,Plein jour,En agglomération,Intersection en T,Normale,Deux véhicules - arrière,,,,,,,,,,,1,2,3,1,2
201500036090,0015-02-05 07:29:00,15,2,5,7,29,870,85,"120, VANTEAUX (BOULEVARD",,,Nuit avec éclairage allumé,En agglomération,Intersection en X,Normale,Trois véhicules et plus - en chaîne,,,,,,,,,,,5,2,2,1,4
201500036091,0015-10-12 10:51:00,15,10,12,10,51,870,85,"13, AURIOL (AVENUE DU PR",45.8379,1.23031,Plein jour,En agglomération,Hors intersection,Normale,Autre collision,,,,,,,,,,,1,2,1,1,6
201500036092,0015-02-05 10:01:00,15,2,5,10,1,870,85,BEAUBLANC (BOULEVARD DE),,,Plein jour,En agglomération,Intersection en T,Normale,Deux véhicules - côté,,,,,,,,,,,1,2,3,1,3
201500036093,0015-10-22 12:55:00,15,10,22,12,55,870,85,"0, POMPIDOU (AVENUE GEOR",45.8188,1.2655,Plein jour,En agglomération,Hors intersection,Pluie légère,Deux véhicules - frontale,,,,,,,,,,,1,2,1,2,1
201500036094,0015-10-27 06:58:00,15,10,27,6,58,870,85,RN520,45.8904,1.27181,Nuit sans éclairage public,Hors agglomération,Hors intersection,Normale,Autre collision,,,,,,,,,,,3,1,1,1,6
201500036095,0015-02-05 12:14:00,15,2,5,12,14,870,85,"133, DUTREIX (RUE ARMAND",,,Plein jour,En agglomération,Intersection en T,Normale,Autre collision,,,,,,,,,,,1,2,3,1,6
201500036096,0015-10-22 14:16:00,15,10,22,14,16,870,50,LIMOGES (AVENUE DE),45.8574,1.24417,Plein jour,Hors agglomération,Hors intersection,Pluie légère,Deux véhicules - frontale,,,,,,,,,,,1,1,1,2,1
201500036097,0015-10-29 18:17:00,15,10,29,18,17,870,85,NEXON (RUE DE),45.8102,1.25686,Plein jour,Hors agglomération,Hors intersection,Normale,Deux véhicules - arrière,,,,,,,,,,,1,1,1,1,2
201500036098,0015-10-31 19:20:00,15,10,31,19,20,870,85,"28, TOULOUSE (RUE DE)",45.8239,1.27747,Nuit avec éclairage allumé,En agglomération,Hors intersection,Normale,Deux véhicules - arrière,,,,,,,,,,,5,2,1,1,2
201500036099,0015-10-31 23:53:00,15,10,31,23,53,870,85,"45, PUY LAS RODAS (RUE D",45.8278,1.25506,Nuit avec éclairage allumé,En agglomération,Hors intersection,Normale,Autre collision,,,,,,,,,,,5,2,1,1,6
201500036100,0015-11-03 15:16:00,15,11,3,15,16,870,85,"15, LIBERATION (AVENUE D",,,Plein jour,En agglomération,Intersection en X,Normale,Autre collision,,,,,,,,,,,1,2,2,1,6
201500036101,0015-10-30 15:27:00,15,10,30,15,27,870,85,"120, RUBEN (AVENUE ERNES",45.8241,1.25111,Plein jour,En agglomération,Intersection en T,Normale,Deux véhicules - côté,,,,,,,,,,,1,2,3,1,3
201500036102,0015-11-06 23:41:00,15,11,6,23,41,870,85,"0, SABLARD (AVENUE DE)",45.827,1.28335,Nuit avec éclairage allumé,En agglomération,Intersection en T,Normale,Deux véhicules - côté,,,,,,,,,,,5,2,3,1,3
201500036103,0015-11-07 11:19:00,15,11,7,11,19,870,85,"31, TURGOT (RUE)",,,Plein jour,En agglomération,Hors intersection,Normale,Autre collision,,,,,,,,,,,1,2,1,1,6
201500036104,0015-11-07 11:59:00,15,11,7,11,59,870,85,"0, ALLENDE (QUAI SALVADO",45.8174,1.25244,Plein jour,En agglomération,Intersection en X,Normale,Deux véhicules - côté,,,,,,,,,,,1,2,2,1,3
201500036105,0015-11-08 23:03:00,15,11,8,23,3,870,85,ESSARTS (RUE DES),45.8951,1.29675,Nuit sans éclairage public,Hors agglomération,Hors intersection,Normale,Autre collision,,,,,,,,,,,3,1,1,1,6
201500036106,0015-11-07 14:28:00,15,11,7,14,28,870,85,"26, AMPERE (RUE)",,,Plein jour,En agglomération,Hors intersection,Normale,Autre collision,,,,,,,,,,,1,2,1,1,6
201500036107,0015-11-09 15:38:00,15,11,9,15,38,870,85,"05, GAMBETTA (BOULEVARD)",,,Plein jour,En agglomération,Hors intersection,Normale,Autre collision,,,,,,,,,,,1,2,1,1,6
201500036108,0015-11-10 19:46:00,15,11,10,19,46,870,85,"252, LECLERC (AVENUE DU",,,Nuit avec éclairage allumé,En agglomération,Hors intersection,Normale,Deux véhicules - côté,,,,,,,,,,,5,2,1,1,3
201500036109,0015-11-11 12:07:00,15,11,11,12,7,870,85,"39, MAS-LOUBIER (RUE DU)",,,Plein jour,En agglomération,Intersection en X,Normale,Autre collision,,,,,,,,,,,1,2,2,1,6
201500036110,0015-11-12 13:24:00,15,11,12,13,24,870,85,"4, BLANC LOUIS (BOULEVAR",,,Plein jour,En agglomération,Hors intersection,Normale,Sans collision,,,,,,,,,,,1,2,1,1,7
201500036111,0015-11-13 18:40:00,15,11,13,18,40,870,85,"03, CHARENTES (PLACE DES",,,Crépuscule ou aube,En agglomération,Intersection en T,Normale,Deux véhicules - côté,,,,,,,,,,,2,2,3,1,3
201500036112,0015-02-09 08:36:00,15,2,9,8,36,870,75,RN 21,45.7901,1.17172,Plein jour,Hors agglomération,Hors intersection,Normale,Autre collision,,,,,,,,,,,1,1,1,1,6
201500036113,0015-11-14 05:35:00,15,11,14,5,35,870,85,"25, CLAUDEL (RUE PAUL)",,,Nuit avec éclairage allumé,En agglomération,Intersection en T,Normale,Autre collision,,,,,,,,,,,5,2,3,1,6
201500036114,0015-11-13 17:30:00,15,11,13,17,30,870,85,"151, NEXON (RUE DE)",45.8113,1.25742,Plein jour,En agglomération,Hors intersection,Normale,Trois véhicules et plus - en chaîne,,,,,,,,,,,1,2,1,1,4
201500036115,0015-11-15 16:05:00,15,11,15,16,5,870,85,"0, ARMAND (AVE Z.A.C",,,Plein jour,En agglomération,Intersection en X,Normale,Deux véhicules - côté,,,,,,,,,,,1,2,2,1,3
201500036116,0015-10-23 03:00:00,15,10,23,3,0,870,114,CROIX-DE-LA-LIEUE (AVENU,45.8434,1.3365,Nuit avec éclairage allumé,Hors agglomération,Hors intersection,Pluie légère,Autre collision,,,,,,,,,,,5,1,1,2,6
201500036117,0015-11-17 08:27:00,15,11,17,8,27,870,85,"23, POMPIDOU (AVENUE GEO",,,Plein jour,En agglomération,Hors intersection,Normale,Trois véhicules et plus - en chaîne,,,,,,,,,,,1,2,1,1,4
201500036118,0015-11-17 18:37:00,15,11,17,18,37,870,50,RN520,45.8911,1.26064,Nuit sans éclairage public,Hors agglomération,Hors intersection,Pluie légère,Deux véhicules - arrière,,,,,,,,,,,3,1,1,2,2
201500036119,0015-10-24 20:28:00,15,10,24,20,28,870,85,"49, CHENIEUX (RUE FRANCO",45.8388,1.25692,Nuit avec éclairage allumé,En agglomération,Hors intersection,Normale,Deux véhicules - côté,,,,,,,,,,,5,2,1,1,3
201500036120,0015-02-10 10:38:00,15,2,10,10,38,870,85,"12, CONSULAT (RUE DU)",,,Plein jour,En agglomération,Hors intersection,Normale,Autre collision,,,,,,,,,,,1,2,1,1,6
201500036121,0015-10-31 15:20:00,15,10,31,15,20,870,85,"242, LATTRE-DE-TASSIGNY",45.8271,1.2835,Plein jour,En agglomération,Intersection en T,Normale,Deux véhicules - côté,,,,,,,,,,,1,2,3,1,3
201500036122,0015-11-18 15:04:00,15,11,18,15,4,870,85,AUTOROUTE A20,45.8753,1.28777,Plein jour,Hors agglomération,Hors intersection,Pluie légère,Deux véhicules - arrière,,,,,,,,,,,1,1,1,2,2
201500036123,0015-11-16 18:46:00,15,11,16,18,46,870,85,"0, SCHUMAN (BOULEVARD RO",,,Crépuscule ou aube,En agglomération,Intersection en X,Normale,Trois véhicules et plus - en chaîne,,,,,,,,,,,2,2,2,1,4
201500036124,0015-11-20 14:25:00,15,11,20,14,25,870,85,"27, THOMAS (AVENUE ALBER",,,Plein jour,En agglomération,Intersection en X,Pluie forte,Deux véhicules - côté,,,,,,,,,,,1,2,2,3,3
201500036125,0015-11-23 22:50:00,15,11,23,22,50,870,85,"01, COURAUD (RUE RAYMOND",,,Nuit avec éclairage allumé,En agglomération,Hors intersection,Normale,Autre collision,,,,,,,,,,,5,2,1,1,6
201500036126,0015-11-23 17:29:00,15,11,23,17,29,870,85,AUTOROUTE A20,45.8924,1.29256,Plein jour,Hors agglomération,Hors intersection,Normale,Autre collision,,,,,,,,,,,1,1,1,1,6
201500036127,0015-11-25 07:46:00,15,11,25,7,46,870,85,"15, PRE SAINT YRIEIX ( R",45.7978,1.25463,Nuit sans éclairage public,Hors agglomération,Hors intersection,Pluie légère,Autre collision,,,,,,,,,,,3,1,1,2,6
201500036128,0015-02-11 08:25:00,15,2,11,8,25,870,85,"27, DOMNOLET LAFARGE (RU",,,Plein jour,En agglomération,Hors intersection,Normale,Autre collision,,,,,,,,,,,1,2,1,1,6
201500036129,0015-11-24 08:15:00,15,11,24,8,15,870,85,"6-10, GAMBETTA (BOULEVAR",,,Plein jour,En agglomération,Hors intersection,Normale,Autre collision,,,,,,,,,,,1,2,1,1,6
201500036130,0015-02-11 14:02:00,15,2,11,14,2,870,85,RD941 (OUEST),45.8346,1.22473,Plein jour,En agglomération,Hors intersection,Normale,Trois véhicules et plus - en chaîne,,,,,,,,,,,1,2,1,1,4
201500036131,0015-11-25 10:03:00,15,11,25,10,3,870,85,"14, JAURES (RUE JEAN)",,,Plein jour,En agglomération,Hors intersection,Pluie légère,Autre collision,,,,,,,,,,,1,2,1,2,6
201500036132,0015-11-26 08:10:00,15,11,26,8,10,870,85,"33, CHARPENTIER (RUE)",,,Nuit avec éclairage allumé,En agglomération,Hors intersection,Normale,Autre collision,,,,,,,,,,,5,2,1,1,6
201500036133,0015-11-24 21:37:00,15,11,24,21,37,870,85,"01, BERTHELOT (AVENUE)",,,Nuit avec éclairage allumé,En agglomération,Hors intersection,Pluie légère,Autre collision,,,,,,,,,,,5,2,1,2,6
201500036134,0015-11-26 08:54:00,15,11,26,8,54,870,85,"70, LABUSSIERE (AVENUE E",,,Plein jour,En agglomération,Intersection en T,Normale,Autre collision,,,,,,,,,,,1,2,3,1,6
201500036135,0015-11-27 08:11:00,15,11,27,8,11,870,85,"50, MONTJOVIS (AVENUE)",,,Plein jour,En agglomération,Hors intersection,Normale,Autre collision,,,,,,,,,,,1,2,1,1,6
201500036136,0015-11-26 19:49:00,15,11,26,19,49,870,85,"119, ISLE (RUE D')",,,Crépuscule ou aube,En agglomération,Intersection en T,Normale,Deux véhicules - côté,,,,,,,,,,,2,2,3,1,3
201500036137,0015-11-29 15:29:00,15,11,29,15,29,870,75,RN 21,45.795,1.22337,Plein jour,Hors agglomération,Hors intersection,Pluie légère,Autre collision,,,,,,,,,,,1,1,1,2,6
201500036138,0015-11-27 13:16:00,15,11,27,13,16,870,85,"24, SAINT ELOI (AVENUE)",,,Plein jour,En agglomération,Intersection en T,Normale,Deux véhicules - côté,,,,,,,,,,,1,2,3,1,3
201500036139,0015-11-20 14:45:00,15,11,20,14,45,870,85,"01, GALLIENI (RUE)",,,Plein jour,En agglomération,Intersection en X,Pluie légère,Deux véhicules - côté,,,,,,,,,,,1,2,2,2,3
201500036140,0015-02-12 19:20:00,15,2,12,19,20,870,85,AUTOROUTE A20,45.8569,1.28169,Nuit avec éclairage allumé,Hors agglomération,Hors intersection,Normale,Deux véhicules - arrière,,,,,,,,,,,5,1,1,1,2
201500036141,0015-11-29 19:26:00,15,11,29,19,26,870,85,"74, BAUDIN ( AVENUE) (VC",,,Crépuscule ou aube,En agglomération,Hors intersection,Pluie légère,Trois véhicules et plus - collisions multiples,,,,,,,,,,,2,2,1,2,5
201500036142,0015-12-02 07:38:00,15,12,2,7,38,870,114,"3, GUILLOT (AVENUE PIERR",,,Nuit avec éclairage allumé,En agglomération,Intersection en X,Normale,Deux véhicules - côté,,,,,,,,,,,5,2,2,1,3
201500036143,0015-12-03 14:59:00,15,12,3,14,59,870,85,"209, LECLERC (AVENUE DU",,,Plein jour,En agglomération,Hors intersection,Normale,Deux véhicules - arrière,,,,,,,,,,,1,2,1,1,2
201500036144,0015-12-02 08:24:00,15,12,2,8,24,870,85,"0, GENEVE (RUE DE)",,,Crépuscule ou aube,En agglomération,Hors intersection,Normale,Autre collision,,,,,,,,,,,2,2,1,1,6
201500036145,0015-12-04 15:22:00,15,12,4,15,22,870,114,"3, GUILLOT (AVENUE PIERR",,,Plein jour,En agglomération,Intersection en X,Normale,Deux véhicules - côté,,,,,,,,,,,1,2,2,1,3
201500036146,0015-12-06 06:17:00,15,12,6,6,17,870,48,"0, MONNET (ZA JEAN)",,,Nuit avec éclairage allumé,En agglomération,Hors intersection,Normale,Trois véhicules et plus - collisions multiples,,,,,,,,,,,5,2,1,1,5
201500036147,0015-12-05 10:20:00,15,12,5,10,20,870,85,"51, CHENIEUX (RUE FRANCO",,,Plein jour,En agglomération,Hors intersection,Normale,Deux véhicules - côté,,,,,,,,,,,1,2,1,1,3
201500036148,0015-12-04 18:19:00,15,12,4,18,19,870,114,"03, CARNOT (AVENUE PRESI",45.83,1.29816,Crépuscule ou aube,En agglomération,Hors intersection,Normale,Trois véhicules et plus - collisions multiples,,,,,,,,,,,2,2,1,1,5
201500036149,0015-12-09 16:14:00,15,12,9,16,14,870,85,"72, PALAIS (ROUTE DU)",45.8511,1.30035,Plein jour,En agglomération,Intersection en T,Normale,Deux véhicules - côté,,,,,,,,,,,1,2,3,1,3
201500036150,0015-12-11 13:02:00,15,12,11,13,2,870,85,"110, LECLERC (AVENUE DU",,,Plein jour,En agglomération,Hors intersection,Normale,Autre collision,,,,,,,,,,,1,2,1,1,6
201500036151,0015-02-13 15:01:00,15,2,13,15,1,870,85,"0, LANDES (RUE DES)",,,Plein jour,Hors agglomération,Hors intersection,Normale,Autre collision,,,,,,,,,,,1,1,1,1,6
201500036152,0015-12-09 17:20:00,15,12,9,17,20,870,85,"73, RANSON (RUE LOUIS CA",,,Crépuscule ou aube,En agglomération,Hors intersection,Normale,Deux véhicules - côté,,,,,,,,,,,2,2,1,1,3
201500036153,0015-12-12 12:10:00,15,12,12,12,10,870,50,"126, LIMOGES (AVENUE DE)",45.8725,1.23818,Plein jour,En agglomération,Intersection en T,Normale,Deux véhicules - côté,,,,,,,,,,,1,2,3,1,3
201500036154,0015-12-15 15:14:00,15,12,15,15,14,870,85,"11, BAC (RUE THEODORE)",,,Plein jour,En agglomération,Intersection en T,Normale,Deux véhicules - côté,,,,,,,,,,,1,2,3,1,3
201500036155,0015-12-17 15:53:00,15,12,17,15,53,870,85,"0, BUGEAUD (COURS)",,,Plein jour,En agglomération,Hors intersection,Normale,Autre collision,,,,,,,,,,,1,2,1,1,6
201500036156,0015-12-11 10:54:00,15,12,11,10,54,870,85,"101, BRIAND (RUE ARISTID",,,Plein jour,En agglomération,Intersection en T,Normale,Deux véhicules - côté,,,,,,,,,,,1,2,3,1,3
201500036157,0015-12-14 13:14:00,15,12,14,13,14,870,85,"24, SAINT ELOI (AVENUE)",,,Plein jour,En agglomération,Intersection en X,Normale,Deux véhicules - côté,,,,,,,,,,,1,2,2,1,3
201500036158,0015-02-16 15:02:00,15,2,16,15,2,870,85,AUTOROUTE A20,45.8629,1.28711,Plein jour,Hors agglomération,Hors intersection,Normale,Deux véhicules - côté,,,,,,,,,,,1,1,1,1,3
201500036159,0015-12-19 11:11:00,15,12,19,11,11,870,21,RD 32,45.7698,1.22413,Plein jour,Hors agglomération,Hors intersection,Normale,Autre collision,,,,,,,,,,,1,1,1,1,6
201500036160,0015-02-16 15:32:00,15,2,16,15,32,870,65,RD 704A,45.7924,1.28217,Plein jour,Hors agglomération,Intersection en X,Normale,Deux véhicules - côté,,,,,,,,,,,1,1,2,1,3
201500036161,0015-12-20 19:40:00,15,12,20,19,40,870,85,ALLENDE (QUAI SALVADOR),45.8212,1.26297,Nuit avec éclairage allumé,En agglomération,Intersection en X,Normale,Deux véhicules - côté,,,,,,,,,,,5,2,2,1,3
201500036162,0015-02-17 07:43:00,15,2,17,7,43,870,85,"43, PETIT TOUR (RUE DU)",,,Crépuscule ou aube,En agglomération,Hors intersection,Normale,Sans collision,,,,,,,,,,,2,2,1,1,7
201500036163,0015-12-21 15:30:00,15,12,21,15,30,870,85,AUTOROUTE A20,45.9191,1.29742,Plein jour,Hors agglomération,Hors intersection,Normale,Trois véhicules et plus - en chaîne,,,,,,,,,,,1,1,1,1,4
201500036164,0015-12-22 13:29:00,15,12,22,13,29,870,85,"0, BEAUBREUIL (AVENUE DE",,,Plein jour,En agglomération,Hors intersection,Normale,Deux véhicules - frontale,,,,,,,,,,,1,2,1,1,1
201500036165,0015-12-24 09:53:00,15,12,24,9,53,870,85,", BEAUBREUIL (AVENUE DE)",,,Plein jour,En agglomération,Hors intersection,Normale,Autre collision,,,,,,,,,,,1,2,1,1,6
201500036166,0015-12-24 13:50:00,15,12,24,13,50,870,85,"43, LECLERC (AVENUE DU G",,,Plein jour,En agglomération,Hors intersection,Normale,Autre collision,,,,,,,,,,,1,2,1,1,6
201500036167,0015-12-26 16:16:00,15,12,26,16,16,870,50,"39, BARRIERES LIEU DIT L",,,Plein jour,Hors agglomération,Hors intersection,Normale,Autre collision,,,,,,,,,,,1,1,1,1,6
201500036168,0015-12-26 13:41:00,15,12,26,13,41,870,85,"24, REFORME (RUE DE LA)",,,Plein jour,En agglomération,Intersection en T,Normale,Deux véhicules - côté,,,,,,,,,,,1,2,3,1,3
201500036169,0015-12-28 10:20:00,15,12,28,10,20,870,85,"28, DELIADE (RUE DE LA )",,,Plein jour,Hors agglomération,Hors intersection,Normale,Sans collision,,,,,,,,,,,1,1,1,1,7
201500036170,0015-12-29 12:05:00,15,12,29,12,5,870,85,"79, GARIBALDI (AVENUE)",,,Plein jour,En agglomération,Hors intersection,Normale,Autre collision,,,,,,,,,,,1,2,1,1,6
201500036171,0015-02-18 08:55:00,15,2,18,8,55,870,65,VALIN (AVENUE MARTIAL),45.8158,1.31277,Plein jour,En agglomération,Intersection en T,Normale,Deux véhicules - côté,,,,,,,,,,,1,2,3,1,3
201500036172,0015-12-30 09:11:00,15,12,30,9,11,870,85,"231, LANDOUGE (AVENUE DE",,,Plein jour,En agglomération,Intersection en T,Normale,Deux véhicules - frontale,,,,,,,,,,,1,2,3,1,1
201500036173,0015-12-31 10:08:00,15,12,31,10,8,870,85,"0, DONZELOT (RUE)",,,Plein jour,En agglomération,Intersection en T,Pluie légère,Autre collision,,,,,,,,,,,1,2,3,2,6
201500036174,0015-02-18 16:38:00,15,2,18,16,38,870,85,"01, FOURNIER (PLACE)",,,Plein jour,En agglomération,Hors intersection,Normale,Autre collision,,,,,,,,,,,1,2,1,1,6
201500036175,0015-02-20 20:20:00,15,2,20,20,20,870,85,"28, GARIBALDI (AVENUE)",,,Nuit avec éclairage allumé,En agglomération,Intersection en T,Pluie forte,Deux véhicules - côté,,,,,,,,,,,5,2,3,3,3
201500036176,0015-02-21 13:06:00,15,2,21,13,6,870,48,RD 11,45.7983,1.25198,Plein jour,Hors agglomération,Intersection en X,Pluie légère,Autre collision,,,,,,,,,,,1,1,2,2,6
201500036177,0015-02-24 21:25:00,15,2,24,21,25,870,85,"01, BOSSUET (RUE)",,,Nuit avec éclairage allumé,En agglomération,Hors intersection,Pluie légère,Autre collision,,,,,,,,,,,5,2,1,2,6
201500036178,0015-02-26 12:05:00,15,2,26,12,5,870,85,AUTOROUTE A20,,,Plein jour,Hors agglomération,Hors intersection,Pluie légère,Autre collision,,,,,,,,,,,1,1,1,2,6
201500036179,0015-02-28 09:08:00,15,2,28,9,8,870,85,"08, TROMPILLON (RUE LEON",,,Plein jour,En agglomération,Hors intersection,Normale,Autre collision,,,,,,,,,,,1,2,1,1,6
201500036180,0015-02-28 23:26:00,15,2,28,23,26,870,85,"33, BLANC LOUIS (BOULEVA",,,Nuit avec éclairage allumé,En agglomération,Intersection en X,Pluie légère,Deux véhicules - frontale,,,,,,,,,,,5,2,2,2,1
201500036181,0015-03-05 21:19:00,15,3,5,21,19,870,85,"01, ENZO FERRARI (RUE)",,,Nuit avec éclairage allumé,Hors agglomération,Intersection en X,Autre,Autre collision,,,,,,,,,,,5,1,2,9,6
201500036182,0015-03-06 12:26:00,15,3,6,12,26,870,85,"0, LIAISON SUD ( VOIE DE",,,Plein jour,En agglomération,Hors intersection,Normale,Autre collision,,,,,,,,,,,1,2,1,1,6
201500036183,0015-03-06 18:10:00,15,3,6,18,10,870,85,"65, MIDI (AVENUE DU)",,,Plein jour,En agglomération,Hors intersection,Normale,Deux véhicules - côté,,,,,,,,,,,1,2,1,1,3
201500036184,0015-03-08 17:57:00,15,3,8,17,57,870,85,"0, BEAUBREUIL (AVENUE DE",,,Plein jour,En agglomération,Hors intersection,Normale,Autre collision,,,,,,,,,,,1,2,1,1,6
201500036185,0015-03-09 20:27:00,15,3,9,20,27,870,85,"5, GAMBETTA (BOULEVARD)",,,Nuit avec éclairage allumé,En agglomération,Intersection en X,Normale,Deux véhicules - côté,,,,,,,,,,,5,2,2,1,3
201500036186,0015-03-10 17:36:00,15,3,10,17,36,870,85,AUTOROUTE A20,45.8807,1.28911,Plein jour,Hors agglomération,Hors intersection,Normale,Deux véhicules - côté,,,,,,,,,,,1,1,1,1,3