accident_id,datetime,annee,mois,jour,heure,minute,departement,commune_insee,adresse,latitude,longitude,luminosite,agglomeration,intersection,meteo,collision,nb_vehicules,nb_usagers,nb_indemnes,nb_tues,nb_blesses_hosp,nb_blesses_legers,age_cond_1,age_cond_2,veh_type_cond_1,veh_type_cond_2,lum_code,agg_code,int_code,atm_code,col_code
201500036311,0015-01-24 20:25:00,15,1,24,20,25,900,76,CD419,,,Nuit sans éclairage public,Hors agglomération,Hors intersection,Pluie légère,Deux véhicules - arrière,,,,,,,,,,,3,1,1,2,2
201500036312,0015-04-13 17:00:00,15,4,13,17,0,900,39,"73, DE GAULLE (RUE DU GE",,,Plein jour,Hors agglomération,Hors intersection,Normale,Deux véhicules - arrière,,,,,,,,,,,1,1,1,1,2
201500036313,0015-01-27 07:15:00,15,1,27,7,15,900,10,"7, RIBEAUVILLE (RUE DE)",,,Nuit avec éclairage allumé,En agglomération,Hors intersection,Neige / grêle,Autre collision,,,,,,,,,,,5,2,1,4,6
201500036314,0015-04-19 17:55:00,15,4,19,17,55,900,99,CARNOT (RUE),47.6625,6.84306,Plein jour,En agglomération,Hors intersection,Normale,Deux véhicules - côté,,,,,,,,,,,1,2,1,1,3
201500036315,0015-01-27 19:01:00,15,1,27,19,1,900,32,CHARMEUSE (RUE DE LA),,,Nuit avec éclairage allumé,En agglomération,Intersection en X,Neige / grêle,Trois véhicules et plus - collisions multiples,,,,,,,,,,,5,2,2,4,5
201500036316,0015-01-29 10:54:00,15,1,29,10,54,900,10,"53, LECLERC (AVENUE)",,,Plein jour,En agglomération,Hors intersection,Pluie légère,Autre collision,,,,,,,,,,,1,2,1,2,6
201500036317,0015-04-30 16:44:00,15,4,30,16,44,900,39,DE GAULLE (RUE DU GENERA,47.6342,6.81744,Plein jour,En agglomération,Hors intersection,Normale,Autre collision,,,,,,,,,,,1,2,1,1,6
201500036318,0015-01-31 20:35:00,15,1,31,20,35,900,10,"2, CLEMENCEAU (BOULEVARD",,,Nuit avec éclairage allumé,En agglomération,Hors intersection,Normale,Deux véhicules - arrière,,,,,,,,,,,5,2,1,1,2
201500036319,0015-05-02 11:12:00,15,5,2,11,12,900,75,"5, CERISIERS (RUE DES)",,,Plein jour,En agglomération,Hors intersection,Pluie légère,Deux véhicules - côté,,,,,,,,,,,1,2,1,2,3
201500036320,0015-02-04 14:50:00,15,2,4,14,50,900,10,REPUBLIQUE (RUE DE LA),,,Plein jour,En agglomération,Hors intersection,Normale,Autre collision,,,,,,,,,,,1,2,1,1,6
201500036321,0015-05-05 16:15:00,15,5,5,16,15,900,10,"13, BOHN (AVENUE CHARLES",,,Plein jour,En agglomération,Intersection en T,Pluie légère,Deux véhicules - côté,,,,,,,,,,,1,2,3,2,3
201500036322,0015-02-06 09:00:00,15,2,6,9,0,900,76,MARONNIERS (RUE DES),,,Plein jour,Hors agglomération,Hors intersection,Normale,Sans collision,,,,,,,,,,,1,1,1,1,7
201500036323,0015-05-06 14:26:00,15,5,6,14,26,900,10,"10, RICHELIEU (PONT)",47.6306,6.86522,Plein jour,En agglomération,Hors intersection,Normale,Deux véhicules - arrière,,,,,,,,,,,1,2,1,1,2
201500036324,0015-02-09 17:15:00,15,2,9,17,15,900,10,"1, STROLZ (RUE)",,,Plein jour,En agglomération,Hors intersection,Normale,Sans collision,,,,,,,,,,,1,2,1,1,7
201500036325,0015-05-22 07:53:00,15,5,22,7,53,900,32,"15, Rue de BAVILLIERS",,,Plein jour,Hors agglomération,Hors intersection,Normale,Deux véhicules - côté,,,,,,,,,,,1,1,1,1,3
201500036326,0015-02-09 20:00:00,15,2,9,20,0,900,10,"5, JUIN (AVENUE DU MAREC",,,Nuit avec éclairage allumé,En agglomération,Hors intersection,Normale,Deux véhicules - arrière,,,,,,,,,,,5,2,1,1,2
201500036327,0015-03-03 15:10:00,15,3,3,15,10,900,10,"8, AS DE CARREAU (RUE DE",,,Plein jour,En agglomération,Hors intersection,Normale,Trois véhicules et plus - en chaîne,,,,,,,,,,,1,2,1,1,4
201500036328,0015-06-04 20:10:00,15,6,4,20,10,900,10,LONDRES (RUE DE),,,Plein jour,En agglomération,Intersection en T,Normale,Deux véhicules - côté,,,,,,,,,,,1,2,3,1,3
201500036329,0015-03-09 22:09:00,15,3,9,22,9,900,10,ZAPOROJIE (RUE DE),,,Nuit avec éclairage allumé,En agglomération,Hors intersection,Normale,Autre collision,,,,,,,,,,,5,2,1,1,6
201500036330,0015-06-07 11:21:00,15,6,7,11,21,900,10,"33, BOHN (AVENUE CHARLES",47.6507,6.84585,Plein jour,En agglomération,Hors intersection,Normale,Deux véhicules - côté,,,,,,,,,,,1,2,1,1,3
201500036331,0015-03-14 08:40:00,15,3,14,8,40,900,10,"120, JAURES (AVENUE JEAN",,,Plein jour,En agglomération,Hors intersection,Normale,Autre collision,,,,,,,,,,,1,2,1,1,6
201500036332,0015-06-08 10:20:00,15,6,8,10,20,900,10,WILSON (AVENUE),47.6329,6.85455,Plein jour,En agglomération,Intersection en T,Normale,Deux véhicules - côté,,,,,,,,,,,1,2,3,1,3
201500036333,0015-06-18 17:05:00,15,6,18,17,5,900,10,rue des sciences et des,47.6522,6.83694,Plein jour,En agglomération,Intersection en T,Pluie légère,Deux véhicules - côté,,,,,,,,,,,1,2,3,2,3
201500036334,0015-06-19 20:20:00,15,6,19,20,20,900,32,ANCIEN COMBATTANT (RUE D,,,Plein jour,En agglomération,Hors intersection,Normale,Deux véhicules - côté,,,,,,,,,,,1,2,1,1,3
201500036335,0015-06-20 14:30:00,15,6,20,14,30,900,32,ZONE INDUSTRIELLE,,,Plein jour,En agglomération,Hors intersection,Normale,Autre collision,,,,,,,,,,,1,2,1,1,6
201500036336,0015-04-08 08:10:00,15,4,8,8,10,900,10,"2, LYON (FAUBOURG DE)",,,Plein jour,En agglomération,Hors intersection,Normale,Autre collision,,,,,,,,,,,1,2,1,1,6
201500036337,0015-06-23 19:10:00,15,6,23,19,10,900,32,"24B, DE GAULLE (RUE DU G",47.61183,6.85945,Plein jour,En agglomération,Hors intersection,Normale,Deux véhicules - côté,,,,,,,,,,,1,2,1,1,3
201500036338,0015-06-23 20:30:00,15,6,23,20,30,900,10,JAURES (AVENUE JEAN) A 1,47.6468,6.85489,Plein jour,En agglomération,Hors intersection,Normale,Deux véhicules - arrière,,,,,,,,,,,1,2,1,1,2
201500036339,0015-07-03 09:05:00,15,7,3,9,5,900,39,DE GAULLE (RUE DU GENERA,,,Plein jour,Hors agglomération,Intersection en T,Normale,Deux véhicules - côté,,,,,,,,,,,1,1,3,1,3
201500036340,0015-07-03 19:18:00,15,7,3,19,18,900,99,"05, EHRET (RUE)",,,Plein jour,En agglomération,Hors intersection,Normale,Deux véhicules - arrière,,,,,,,,,,,1,2,1,1,2
201500036341,0015-07-11 03:59:00,15,7,11,3,59,900,10,CHATEAU D'EAU (AVENUE DU,,,Nuit avec éclairage allumé,En agglomération,Intersection en X,Normale,Autre collision,,,,,,,,,,,5,2,2,1,6
201500036342,0015-07-14 18:30:00,15,7,14,18,30,900,99,"48, TURENNE (RUE DE)",,,Plein jour,En agglomération,Hors intersection,Normale,Deux véhicules - côté,,,,,,,,,,,1,2,1,1,3
201500036343,0015-07-13 19:30:00,15,7,13,19,30,900,10,MONTBELIARD (FAUBOURG DE,,,Plein jour,En agglomération,Hors intersection,Normale,Trois véhicules et plus - en chaîne,,,,,,,,,,,1,2,1,1,4
201500036344,0015-07-18 22:39:00,15,7,18,22,39,900,1,"15, MONTBELIARD (ROUTE D",,,Nuit avec éclairage allumé,En agglomération,Hors intersection,Normale,Sans collision,,,,,,,,,,,5,2,1,1,7
201500036345,0015-07-24 09:42:00,15,7,24,9,42,900,10,", BRIAND (RUE ARISTIDE)",,,Plein jour,En agglomération,Hors intersection,Normale,Autre collision,,,,,,,,,,,1,2,1,1,6
201500036346,0015-07-24 18:46:00,15,7,24,18,46,900,10,"1, STROLZ (RUE)",,,Plein jour,En agglomération,Intersection en T,Normale,Deux véhicules - côté,,,,,,,,,,,1,2,3,1,3
201500036347,0015-07-20 16:40:00,15,7,20,16,40,900,10,"6, PREMIERE ARMEE FRANCA",,,Plein jour,En agglomération,Intersection en X,Normale,Trois véhicules et plus - collisions multiples,,,,,,,,,,,1,2,2,1,5
201500036348,0015-06-03 16:50:00,15,6,3,16,50,900,10,"01, ROME (RUE DE)",,,Plein jour,En agglomération,Giratoire,Normale,Deux véhicules - arrière,,,,,,,,,,,1,2,6,1,2
201500036349,0015-08-01 10:58:00,15,8,1,10,58,900,10,"138, JAURES (AVENUE JEAN",47.6514,6.85136,Plein jour,En agglomération,Hors intersection,Pluie légère,Autre collision,,,,,,,,,,,1,2,1,2,6
201500036350,0015-08-13 17:29:00,15,8,13,17,29,900,10,"23, ALTKIRCH (AVENUE)",,,Plein jour,En agglomération,Hors intersection,Normale,Deux véhicules - frontale,,,,,,,,,,,1,2,1,1,1
201500036351,0015-08-17 13:30:00,15,8,17,13,30,900,10,"34, RUE DE VALDOIE",47.6576,6.84833,Plein jour,En agglomération,Hors intersection,Normale,Autre collision,,,,,,,,,,,1,2,1,1,6
201500036352,0015-08-23 20:13:00,15,8,23,20,13,900,10,JAURES (AVENUE JEAN) A 1,47.6534,6.84944,Crépuscule ou aube,En agglomération,Hors intersection,Pluie légère,Deux véhicules - côté,,,,,,,,,,,2,2,1,2,3
201500036353,0015-08-30 21:04:00,15,8,30,21,4,900,10,"11, ANCETRES (FAUBOURG D",,,Crépuscule ou aube,En agglomération,Hors intersection,Normale,Deux véhicules - arrière,,,,,,,,,,,2,2,1,1,2
201500036354,0015-09-02 16:00:00,15,9,2,16,0,900,1,"12BIS, MONTBELIARD (ROUT",,,Plein jour,En agglomération,Hors intersection,Normale,Trois véhicules et plus - en chaîne,,,,,,,,,,,1,2,1,1,4
201500036355,0015-09-03 17:10:00,15,9,3,17,10,900,8,"76, GRAND'RUE",47.61778,6.8309,Plein jour,En agglomération,Hors intersection,Normale,Deux véhicules - arrière,,,,,,,,,,,1,2,1,1,2
201500036356,0015-09-10 18:00:00,15,9,10,18,0,900,39,"48, DE GAULLE (RUE DU GE",47.63418,6.81696,Plein jour,En agglomération,Hors intersection,Normale,Deux véhicules - frontale,,,,,,,,,,,1,2,1,1,1
201500036357,0015-09-10 19:00:00,15,9,10,19,0,900,10,"21, AS DE CARREAU (RUE D",47.38165,6.31158,Crépuscule ou aube,En agglomération,Hors intersection,Normale,Deux véhicules - frontale,,,,,,,,,,,2,2,1,1,1
201500036358,0015-09-15 10:45:00,15,9,15,10,45,900,10,"01, DE GAULLE (AVENUE DU",,,Plein jour,En agglomération,Hors intersection,Temps couvert,Sans collision,,,,,,,,,,,1,2,1,8,7
201500036359,0015-09-16 11:30:00,15,9,16,11,30,900,99,"22, TURENNE (RUE DE)",47.6685,6.84189,Plein jour,En agglomération,Hors intersection,Normale,Autre collision,,,,,,,,,,,1,2,1,1,6
201500036360,0015-09-24 10:33:00,15,9,24,10,33,900,10,FRANCE (FAUBOURG DE),47.6347,6.85364,Plein jour,En agglomération,Intersection en T,Normale,Deux véhicules - côté,,,,,,,,,,,1,2,3,1,3
201500036361,0015-09-24 17:20:00,15,9,24,17,20,900,10,MARSEILLE (RUE DE),,,Plein jour,En agglomération,Hors intersection,Normale,Deux véhicules - côté,,,,,,,,,,,1,2,1,1,3
201500036362,0015-09-11 17:28:00,15,9,11,17,28,900,10,KENNEDY (BOULEVARD),,,Plein jour,En agglomération,Hors intersection,Normale,Deux véhicules - arrière,,,,,,,,,,,1,2,1,1,2
201500036363,0015-09-19 12:34:00,15,9,19,12,34,900,39,DE GAULLE (RUE DU GENERA,,,Plein jour,En agglomération,Giratoire,Normale,Deux véhicules - côté,,,,,,,,,,,1,2,6,1,3
201500036364,0015-09-26 18:00:00,15,9,26,18,0,900,10,ALTKIRCH (AVENUE),,,Plein jour,En agglomération,Hors intersection,Normale,Deux véhicules - arrière,,,,,,,,,,,1,2,1,1,2
201500036365,0015-09-29 17:06:00,15,9,29,17,6,900,29,COMMANDOS D'AFRIQUE (RUE,,,Plein jour,En agglomération,Hors intersection,Normale,Autre collision,,,,,,,,,,,1,2,1,1,6
201500036366,0015-09-30 11:45:00,15,9,30,11,45,900,10,MENDES FRANCE (RUE),47.6372,6.87992,Plein jour,Hors agglomération,Hors intersection,Normale,Deux véhicules - frontale,,,,,,,,,,,1,1,1,1,1
201500036367,0015-10-02 09:48:00,15,10,2,9,48,900,75,"80, BRIAND (RUE ARISTIDE",,,Plein jour,En agglomération,Intersection en T,Normale,Deux véhicules - côté,,,,,,,,,,,1,2,3,1,3
201500036368,0015-10-02 12:54:00,15,10,2,12,54,900,10,SARRAIL (AVENUE),,,Plein jour,En agglomération,Hors intersection,Normale,Autre collision,,,,,,,,,,,1,2,1,1,6
201500036369,0015-10-02 16:20:00,15,10,2,16,20,900,10,DE GAULLE (AVENUE DU GEN,,,Plein jour,En agglomération,Hors intersection,Normale,Autre collision,,,,,,,,,,,1,2,1,1,6
201500036370,0015-10-06 18:06:00,15,10,6,18,6,900,10,LECLERC (AVENUE),,,Plein jour,En agglomération,Intersection en X,Normale,Autre collision,,,,,,,,,,,1,2,2,1,6
201500036371,0015-10-08 11:10:00,15,10,8,11,10,900,10,"1, CLEMENCEAU CAR.",,,Plein jour,En agglomération,Intersection à plus de 4 branches,Normale,Deux véhicules - côté,,,,,,,,,,,1,2,5,1,3
201500036372,0015-10-09 11:00:00,15,10,9,11,0,900,10,"1, RENAUD DE BOURGOGNE (",,,Plein jour,En agglomération,Hors intersection,Normale,Deux véhicules - arrière,,,,,,,,,,,1,2,1,1,2
201500036373,0015-10-11 20:03:00,15,10,11,20,3,900,10,"1, SARRAIL (AVENUE)",,,Nuit avec éclairage allumé,En agglomération,Hors intersection,Normale,Autre collision,,,,,,,,,,,5,2,1,1,6
201500036374,0015-10-18 09:35:00,15,10,18,9,35,900,10,"49, MONTBELIARD (FAUBOUR",47.62947,6.85644,Plein jour,En agglomération,Hors intersection,Normale,Autre collision,,,,,,,,,,,1,2,1,1,6
201500036375,0015-10-10 17:38:00,15,10,10,17,38,900,32,"2, ALSACE ( RUE D')",47.6198,6.86386,Plein jour,Hors agglomération,Hors intersection,Normale,Deux véhicules - côté,,,,,,,,,,,1,1,1,1,3
201500036376,0015-10-19 14:10:00,15,10,19,14,10,900,10,"1, RENAUD DE BOURGOGNE (",,,Plein jour,En agglomération,Hors intersection,Normale,Autre collision,,,,,,,,,,,1,2,1,1,6
201500036377,0015-10-21 14:55:00,15,10,21,14,55,900,10,"20, EST (RUE DE L')",47.64972,6.85416,Plein jour,En agglomération,Intersection en X,Normale,Deux véhicules - côté,,,,,,,,,,,1,2,2,1,3
201500036378,0015-10-15 21:10:00,15,10,15,21,10,900,10,"1, ALTKIRCH (AVENUE)",,,Nuit avec éclairage allumé,En agglomération,Giratoire,Normale,Sans collision,,,,,,,,,,,5,2,6,1,7
201500036379,0015-10-27 19:12:00,15,10,27,19,12,900,10,"1, KENNEDY (BOULEVARD)",47.62972,6.84288,Crépuscule ou aube,En agglomération,Intersection en X,Normale,Deux véhicules - côté,,,,,,,,,,,2,2,2,1,3
201500036380,0015-11-01 17:40:00,15,11,1,17,40,900,10,"1, JAURES (AVENUE JEAN)",,,Nuit avec éclairage allumé,En agglomération,Intersection en T,Normale,Deux véhicules - frontale,,,,,,,,,,,5,2,3,1,1
201500036381,0015-11-02 08:45:00,15,11,2,8,45,900,10,"1, LA FONTAINE (RUE JEAN",,,Plein jour,En agglomération,Intersection en T,Brouillard / fumée,Trois véhicules et plus - collisions multiples,,,,,,,,,,,1,2,3,5,5
201500036382,0015-11-05 17:51:00,15,11,5,17,51,900,10,"1, FRANCE BOULEVARD ANAT",,,Plein jour,En agglomération,Hors intersection,Normale,Deux véhicules - côté,,,,,,,,,,,1,2,1,1,3
201500036383,0015-11-05 16:54:00,15,11,5,16,54,900,10,"1, LONG (RUE JAMES)",,,Plein jour,En agglomération,Intersection en X,Normale,Deux véhicules - frontale,,,,,,,,,,,1,2,2,1,1
201500036384,0015-11-05 17:27:00,15,11,5,17,27,900,10,"17  bis, RICHELIEU (BOUL",,,Plein jour,En agglomération,Hors intersection,Normale,Deux véhicules - arrière,,,,,,,,,,,1,2,1,1,2
201500036385,0015-11-06 10:34:00,15,11,6,10,34,900,10,"1, MONTBELIARD (FAUBOURG",,,Plein jour,En agglomération,Hors intersection,Normale,Deux véhicules - frontale,,,,,,,,,,,1,2,1,1,1
201500036386,0015-10-25 09:05:00,15,10,25,9,5,900,75,"1, BRIAND (RUE ARISTIDE)",,,Plein jour,En agglomération,Hors intersection,Normale,Deux véhicules - côté,,,,,,,,,,,1,2,1,1,3
201500036387,0015-11-06 19:12:00,15,11,6,19,12,900,10,"1, MENDES FRANCE (RUE)",,,Nuit sans éclairage public,Hors agglomération,Hors intersection,Normale,Deux véhicules - côté,,,,,,,,,,,3,1,1,1,3
201500036388,0015-11-06 19:50:00,15,11,6,19,50,900,10,"6 BIS, TOULOUSE (RUE DE)",,,Nuit avec éclairage allumé,En agglomération,Hors intersection,Normale,Autre collision,,,,,,,,,,,5,2,1,1,6
201500036389,0015-11-08 03:45:00,15,11,8,3,45,900,75,"53, BRIAND (RUE ARISTIDE",,,Nuit avec éclairage allumé,En agglomération,Intersection en T,Normale,Autre collision,,,,,,,,,,,5,2,3,1,6
201500036390,0015-11-09 11:00:00,15,11,9,11,0,900,32,"38, DE GAULLE (RUE DU GE",,,Plein jour,En agglomération,Hors intersection,Normale,Deux véhicules - arrière,,,,,,,,,,,1,2,1,1,2
201500036391,0015-11-10 18:35:00,15,11,10,18,35,900,10,"1, LECLERC (AVENUE)",,,Nuit avec éclairage allumé,En agglomération,Autre intersection,Normale,Deux véhicules - côté,,,,,,,,,,,5,2,9,1,3
201500036392,0015-11-13 19:00:00,15,11,13,19,0,900,8,BELFORT (RUE DE),,,Nuit avec éclairage allumé,En agglomération,Hors intersection,Normale,Autre collision,,,,,,,,,,,5,2,1,1,6
201500036393,0015-06-29 18:20:00,15,6,29,18,20,900,10,"1, BESANCON (FAUBOURG DE",47.62755,6.85783,Plein jour,En agglomération,Hors intersection,Normale,Trois véhicules et plus - en chaîne,,,,,,,,,,,1,2,1,1,4
201500036394,0015-11-11 11:35:00,15,11,11,11,35,900,10,FRANCE BOULEVARD ANATOLE,47.64025,6.84022,Plein jour,En agglomération,Hors intersection,Normale,Deux véhicules - arrière,,,,,,,,,,,1,2,1,1,2
201500036395,0015-08-26 14:45:00,15,8,26,14,45,900,1,"1, MONTBELIARD (ROUTE DE",,,Plein jour,En agglomération,Hors intersection,Normale,Deux véhicules - côté,,,,,,,,,,,1,2,1,1,3
201500036396,0015-09-03 21:00:00,15,9,3,21,0,900,75,CERISIERS (RUE DES),,,Nuit sans éclairage public,Hors agglomération,Hors intersection,Normale,Autre collision,,,,,,,,,,,3,1,1,1,6
201500036397,0015-11-15 23:00:00,15,11,15,23,0,900,10,"10, PARANT (RUE)",,,Nuit avec éclairage allumé,Hors agglomération,Hors intersection,Normale,Autre collision,,,,,,,,,,,5,1,1,1,6
201500036398,0015-06-25 21:10:00,15,6,25,21,10,900,10,"1, KENNEDY (BOULEVARD)",,,Plein jour,En agglomération,Intersection en X,Normale,Sans collision,,,,,,,,,,,1,2,2,1,7
201500036399,0015-06-15 21:35:00,15,6,15,21,35,900,32,"1, REPUBLIQUE (RUE DE LA",,,Nuit avec éclairage allumé,En agglomération,Hors intersection,Normale,Autre collision,,,,,,,,,,,5,2,1,1,6
201500036400,0015-09-29 16:45:00,15,9,29,16,45,900,10,"1, REISET (RUE)",47.63977,6.86069,Plein jour,En agglomération,Hors intersection,Normale,Deux véhicules - arrière,,,,,,,,,,,1,2,1,1,2
201500036401,0015-11-20 17:23:00,15,11,20,17,23,900,8,CHARMEUSE (RUE DE LA),47.62211,6.84586,Nuit avec éclairage allumé,En agglomération,Hors intersection,Pluie forte,Autre collision,,,,,,,,,,,5,2,1,3,6
201500036402,0015-11-16 11:45:00,15,11,16,11,45,900,10,"1, CHAMPION (RUE)",,,Plein jour,En agglomération,Hors intersection,Normale,Autre collision,,,,,,,,,,,1,2,1,1,6
201500036403,0015-11-28 15:56:00,15,11,28,15,56,900,10,"1, ANCETRES (FAUBOURG DE",,,Plein jour,En agglomération,Place,Normale,Deux véhicules - côté,,,,,,,,,,,1,2,7,1,3
201500036404,0015-11-28 15:12:00,15,11,28,15,12,900,10,"1, GAMBETTA (RUE)",,,Plein jour,En agglomération,Hors intersection,Normale,Autre collision,,,,,,,,,,,1,2,1,1,6
201500036405,0015-11-28 17:39:00,15,11,28,17,39,900,10,"1, LONDRES (RUE DE)",,,Nuit avec éclairage allumé,Hors agglomération,Hors intersection,Normale,Sans collision,,,,,,,,,,,5,1,1,1,7
201500036406,0015-12-02 14:41:00,15,12,2,14,41,900,10,"1, FOUR A CHAUX (RUE DU)",,,Plein jour,En agglomération,Hors intersection,Normale,Deux véhicules - frontale,,,,,,,,,,,1,2,1,1,1
201500036407,0015-12-04 13:05:00,15,12,4,13,5,900,10,"1, KENNEDY (BOULEVARD)",,,Plein jour,En agglomération,Hors intersection,Pluie légère,Trois véhicules et plus - collisions multiples,,,,,,,,,,,1,2,1,2,5
201500036408,0015-12-06 17:44:00,15,12,6,17,44,900,10,JOFFRE (BOULEVARD MARECH,,,Nuit avec éclairage allumé,En agglomération,Hors intersection,Normale,Deux véhicules - côté,,,,,,,,,,,5,2,1,1,3
201500036409,0015-12-09 07:35:00,15,12,9,7,35,900,10,"17, ALTKIRCH (AVENUE)",,,Nuit avec éclairage allumé,En agglomération,Hors intersection,Pluie légère,Deux véhicules - arrière,,,,,,,,,,,5,2,1,2,2
201500036410,0015-12-09 07:00:00,15,12,9,7,0,900,8,"3, ENGEL (RUE ALFRED)",,,Nuit avec éclairage allumé,En agglomération,Giratoire,Pluie légère,Deux véhicules - frontale,,,,,,,,,,,5,2,6,2,1
201500036411,0015-12-09 15:15:00,15,12,9,15,15,900,10,JOFFRE (BOULEVARD MARECH,47.64133,6.85375,Plein jour,En agglomération,Intersection en X,Normale,Deux véhicules - côté,,,,,,,,,,,1,2,2,1,3
201500036412,0015-12-10 07:52:00,15,12,10,7,52,900,99,DE GAULLE (RUE DU GENERA,47.66433,6.84663,Crépuscule ou aube,En agglomération,Intersection en T,Normale,Deux véhicules - côté,,,,,,,,,,,2,2,3,1,3
201500036413,0015-12-16 16:45:00,15,12,16,16,45,900,10,"1, LAURENCIE (AVENUE CAP",,,Crépuscule ou aube,En agglomération,Hors intersection,Pluie forte,Trois véhicules et plus - en chaîne,,,,,,,,,,,2,2,1,3,4
201500036414,0015-12-09 18:25:00,15,12,9,18,25,900,10,"02, USINES (AVENUE DES)",,,Nuit avec éclairage non allumé,En agglomération,Hors intersection,Normale,Sans collision,,,,,,,,,,,4,2,1,1,7
201500036415,0015-12-17 17:35:00,15,12,17,17,35,900,10,"1, WILSON (AVENUE)",,,Nuit sans éclairage public,En agglomération,Intersection en X,Normale,Deux véhicules - côté,,,,,,,,,,,3,2,2,1,3
201500036416,0015-12-18 08:05:00,15,12,18,8,5,900,8,"53, GRAND'RUE",,,Crépuscule ou aube,En agglomération,Hors intersection,Temps couvert,Autre collision,,,,,,,,,,,2,2,1,8,6
201500036417,0015-12-23 15:55:00,15,12,23,15,55,900,8,BUC (RUE DE),,,Plein jour,Hors agglomération,Hors intersection,Normale,Deux véhicules - côté,,,,,,,,,,,1,1,1,1,3
201500036418,0015-01-04 05:30:00,15,1,4,5,30,910,103,BROSSOLETTE PIERRE (RUE),,,Nuit avec éclairage allumé,En agglomération,Hors intersection,Normale,Autre collision,,,,,,,,,,,5,2,1,1,6
201500036419,0015-03-06 16:45:00,15,3,6,16,45,910,103,"23, BABIN (RUE DU DOCTEU",,,Plein jour,En agglomération,Hors intersection,Normale,Deux véhicules - côté,,,,,,,,,,,1,2,1,1,3
201500036420,0015-12-30 23:00:00,15,12,30,23,0,910,339,RN 20,48.62894,2.26289,Nuit sans éclairage public,En agglomération,Hors intersection,Pluie légère,Autre collision,,,,,,,,,,,3,2,1,2,6
201500036421,0015-01-05 13:05:00,15,1,5,13,5,910,425,TEMPLIERS (ROUTE DES),,,Plein jour,En agglomération,Hors intersection,Normale,Deux véhicules - frontale,,,,,,,,,,,1,2,1,1,1
201500036422,0015-03-06 17:00:00,15,3,6,17,0,910,347,VERDUN (RUE DE),,,Plein jour,En agglomération,Hors intersection,Normale,Sans collision,,,,,,,,,,,1,2,1,1,7
201500036423,0015-01-10 02:55:00,15,1,10,2,55,910,457,CD 19,,,Nuit sans éclairage public,En agglomération,Hors intersection,Pluie légère,Autre collision,,,,,,,,,,,3,2,1,2,6
201500036424,0015-03-11 02:45:00,15,3,11,2,45,910,425,RN 20,,,Nuit avec éclairage allumé,En agglomération,Hors intersection,Normale,Deux véhicules - arrière,,,,,,,,,,,5,2,1,1,2
201500036425,0015-01-19 08:40:00,15,1,19,8,40,910,21,"32BIS, CHARCOT (R DU DOC",,,Plein jour,En agglomération,Hors intersection,Pluie légère,Trois véhicules et plus - collisions multiples,,,,,,,,,,,1,2,1,2,5
201500036426,0015-03-20 17:30:00,15,3,20,17,30,910,103,"51, ALLENDE SALVADOR (RU",,,Plein jour,En agglomération,Hors intersection,Normale,Autre collision,,,,,,,,,,,1,2,1,1,6
201500036427,0015-01-20 11:30:00,15,1,20,11,30,910,425,MARCOUSSIS (ROUTE DE),,,Plein jour,En agglomération,Hors intersection,Normale,Deux véhicules - côté,,,,,,,,,,,1,2,1,1,3
201500036428,0015-03-21 18:10:00,15,3,21,18,10,910,425,NATIONALE 20 (ROUTE),,,Plein jour,En agglomération,Hors intersection,Normale,Trois véhicules et plus - collisions multiples,,,,,,,,,,,1,2,1,1,5
201500036429,0015-01-20 16:30:00,15,1,20,16,30,910,103,BROSSOLETTE PIERRE (RUE),,,Plein jour,En agglomération,Hors intersection,Normale,Autre collision,,,,,,,,,,,1,2,1,1,6
201500036430,0015-03-25 11:50:00,15,3,25,11,50,910,425,NATIONALE 20 (ROUTE),,,Plein jour,En agglomération,Hors intersection,Normale,Deux véhicules - arrière,,,,,,,,,,,1,2,1,1,2
201500036431,0015-01-21 12:05:00,15,1,21,12,5,910,103,ALLENDE SALVADOR (AV),,,Plein jour,En agglomération,Hors intersection,Normale,Deux véhicules - côté,,,,,,,,,,,1,2,1,1,3
201500036432,0015-04-01 18:15:00,15,4,1,18,15,910,425,"99, NATIONALE 20 (ROUTE)",,,Plein jour,Hors agglomération,Hors intersection,Normale,Deux véhicules - arrière,,,,,,,,,,,1,1,1,1,2
201500036433,0015-01-21 21:40:00,15,1,21,21,40,910,339,"42, RN 20",,,Nuit sans éclairage public,En agglomération,Hors intersection,Normale,Autre collision,,,,,,,,,,,3,2,1,1,6
201500036434,0015-04-01 19:20:00,15,4,1,19,20,910,552,"64, VIEUX PAVE DE BRUYER",,,Plein jour,En agglomération,Hors intersection,Normale,Deux véhicules - arrière,,,,,,,,,,,1,2,1,1,2
201500036435,0015-01-26 12:00:00,15,1,26,12,0,910,552,RD PT DU 19 MARS 1962,,,Plein jour,En agglomération,Giratoire,Pluie légère,Deux véhicules - côté,,,,,,,,,,,1,2,6,2,3
201500036436,0015-04-03 16:45:00,15,4,3,16,45,910,552,CORBEIL (ROUTE DE),,,Plein jour,En agglomération,Hors intersection,Pluie légère,Autre collision,,,,,,,,,,,1,2,1,2,6
201500036437,0015-01-26 14:35:00,15,1,26,14,35,910,21,ABEL CORNATON (BOUL),,,Plein jour,En agglomération,Hors intersection,Normale,Deux véhicules - côté,,,,,,,,,,,1,2,1,1,3
201500036438,0015-04-03 18:05:00,15,4,3,18,5,910,103,"25, COMMUNE DE PARIS (Av",,,Plein jour,En agglomération,Hors intersection,Pluie légère,Deux véhicules - côté,,,,,,,,,,,1,2,1,2,3
201500036439,0015-01-27 09:45:00,15,1,27,9,45,910,552,RN 20,,,Plein jour,Hors agglomération,Hors intersection,Normale,Deux véhicules - côté,,,,,,,,,,,1,1,1,1,3
201500036440,0015-04-04 23:00:00,15,4,4,23,0,910,425,NATIONALE 20 (ROUTE),,,Nuit avec éclairage allumé,En agglomération,Hors intersection,Normale,Deux véhicules - arrière,,,,,,,,,,,5,2,1,1,2