accident_id,datetime,annee,mois,jour,heure,minute,departement,commune_insee,adresse,latitude,longitude,luminosite,agglomeration,intersection,meteo,collision,nb_vehicules,nb_usagers,nb_indemnes,nb_tues,nb_blesses_hosp,nb_blesses_legers,age_cond_1,age_cond_2,veh_type_cond_1,veh_type_cond_2,lum_code,agg_code,int_code,atm_code,col_code
201500036441,0015-01-28 18:00:00,15,1,28,18,0,910,103,"5, BLUM LEON (RUE)",,,Crépuscule ou aube,En agglomération,Hors intersection,Normale,Deux véhicules - arrière,,,,,,,,,,,2,2,1,1,2
201500036442,0015-04-05 18:30:00,15,4,5,18,30,910,552,NATIONALE 20 (ROUTE),,,Plein jour,En agglomération,Hors intersection,Normale,Autre collision,,,,,,,,,,,1,2,1,1,6
201500036443,0015-01-30 03:10:00,15,1,30,3,10,910,103,CHAMPCUEILS (CHEMIN DES),,,Nuit avec éclairage allumé,En agglomération,Hors intersection,Pluie légère,Autre collision,,,,,,,,,,,5,2,1,2,6
201500036444,0015-04-08 12:35:00,15,4,8,12,35,910,103,"2, CIGOGNES (AVENUE DES)",,,Plein jour,En agglomération,Hors intersection,Normale,Autre collision,,,,,,,,,,,1,2,1,1,6
201500036445,0015-01-30 08:40:00,15,1,30,8,40,910,103,LENORMAND LOUIS SEBASTIE,,,Plein jour,En agglomération,Hors intersection,Pluie légère,Sans collision,,,,,,,,,,,1,2,1,2,7
201500036446,0015-04-11 16:00:00,15,4,11,16,0,910,339,"18, GUILLERVILLE (RUE DE",,,Plein jour,En agglomération,Hors intersection,Normale,Deux véhicules - frontale,,,,,,,,,,,1,2,1,1,1
201500036447,0015-01-30 12:10:00,15,1,30,12,10,910,339,"2, LEUVILLE (ROUTE DE)",,,Plein jour,En agglomération,Hors intersection,Neige / grêle,Autre collision,,,,,,,,,,,1,2,1,4,6
201500036448,0015-04-14 07:00:00,15,4,14,7,0,910,457,ACACIAS  (RUE DES),,,Plein jour,En agglomération,Hors intersection,Normale,Autre collision,,,,,,,,,,,1,2,1,1,6
201500036449,0015-02-01 12:15:00,15,2,1,12,15,910,21,VERDUN (AVENUE DE),,,Plein jour,En agglomération,Giratoire,Pluie légère,Deux véhicules - côté,,,,,,,,,,,1,2,6,2,3
201500036450,0015-04-14 13:45:00,15,4,14,13,45,910,103,DAUMONES (RUE DES),,,Plein jour,En agglomération,Hors intersection,Normale,Deux véhicules - arrière,,,,,,,,,,,1,2,1,1,2
201500036451,0015-02-02 07:05:00,15,2,2,7,5,910,552,RN 20,,,Nuit avec éclairage allumé,Hors agglomération,Hors intersection,Pluie légère,Sans collision,,,,,,,,,,,5,1,1,2,7
201500036452,0015-04-17 01:50:00,15,4,17,1,50,910,339,"10, RN 20",,,Nuit sans éclairage public,En agglomération,Hors intersection,Normale,Deux véhicules - arrière,,,,,,,,,,,3,2,1,1,2
201500036453,0015-02-04 19:30:00,15,2,4,19,30,910,103,MERMOZ JEAN (AV),,,Nuit avec éclairage allumé,En agglomération,Hors intersection,Normale,Autre collision,,,,,,,,,,,5,2,1,1,6
201500036454,0015-04-18 12:44:00,15,4,18,12,44,910,103,MAISON NEUVE (AVENUE DE,,,Plein jour,En agglomération,Hors intersection,Normale,Autre collision,,,,,,,,,,,1,2,1,1,6
201500036455,0015-02-05 15:15:00,15,2,5,15,15,910,425,NATIONALE 20 (ROUTE),,,Plein jour,En agglomération,Hors intersection,Normale,Deux véhicules - arrière,,,,,,,,,,,1,2,1,1,2
201500036456,0015-04-21 17:00:00,15,4,21,17,0,910,103,"06, PINS (RUE DES)",,,Plein jour,En agglomération,Hors intersection,Normale,Autre collision,,,,,,,,,,,1,2,1,1,6
201500036457,0015-02-07 23:15:00,15,2,7,23,15,910,425,"64/66, RN 20",,,Nuit avec éclairage allumé,En agglomération,Hors intersection,Normale,Deux véhicules - arrière,,,,,,,,,,,5,2,1,1,2
201500036458,0015-04-21 17:50:00,15,4,21,17,50,910,339,RN 20,,,Plein jour,En agglomération,Hors intersection,Normale,Trois véhicules et plus - en chaîne,,,,,,,,,,,1,2,1,1,4
201500036459,0015-02-21 05:45:00,15,2,21,5,45,910,425,RN 20,,,Nuit avec éclairage allumé,En agglomération,Hors intersection,Pluie légère,Deux véhicules - arrière,,,,,,,,,,,5,2,1,2,2
201500036460,0015-04-23 15:45:00,15,4,23,15,45,910,103,"35, COMMUNE DE PARIS (Av",,,Plein jour,En agglomération,Hors intersection,Normale,Deux véhicules - côté,,,,,,,,,,,1,2,1,1,3
201500036461,0015-02-23 07:55:00,15,2,23,7,55,910,552,RN 20,,,Plein jour,Hors agglomération,Hors intersection,Normale,Sans collision,,,,,,,,,,,1,1,1,1,7
201500036462,0015-04-30 17:35:00,15,4,30,17,35,910,21,JAURES JEAN (BOULEVARD),,,Plein jour,En agglomération,Intersection en X,Pluie légère,Deux véhicules - côté,,,,,,,,,,,1,2,2,2,3
201500036463,0015-02-23 18:50:00,15,2,23,18,50,910,103,MORVAN (RUE DU),,,Nuit avec éclairage allumé,En agglomération,Hors intersection,Normale,Autre collision,,,,,,,,,,,5,2,1,1,6
201500036464,0015-05-03 23:15:00,15,5,3,23,15,910,103,"105, PRES D'AULNAY (RUE",,,Nuit avec éclairage allumé,En agglomération,Hors intersection,Normale,Autre collision,,,,,,,,,,,5,2,1,1,6
201500036465,0015-02-26 12:50:00,15,2,26,12,50,910,103,"75, BLUM LEON (RUE)",,,Plein jour,En agglomération,Hors intersection,Pluie légère,Sans collision,,,,,,,,,,,1,2,1,2,7
201500036466,0015-05-04 23:25:00,15,5,4,23,25,910,552,"75, MESNIL (RUE DU)",,,Nuit avec éclairage allumé,En agglomération,Hors intersection,Pluie légère,Autre collision,,,,,,,,,,,5,2,1,2,6
201500036467,0015-02-27 00:15:00,15,2,27,0,15,910,552,BOIS DES FOSSES (CHEMIN,,,Nuit sans éclairage public,En agglomération,Hors intersection,Pluie légère,Sans collision,,,,,,,,,,,3,2,1,2,7
201500036468,0015-05-05 17:45:00,15,5,5,17,45,910,347,"60, RN 20",,,Plein jour,En agglomération,Hors intersection,Normale,Deux véhicules - côté,,,,,,,,,,,1,2,1,1,3
201500036469,0015-02-27 14:35:00,15,2,27,14,35,910,552,DECLE RENE (RUE),,,Plein jour,En agglomération,Hors intersection,Normale,Deux véhicules - côté,,,,,,,,,,,1,2,1,1,3
201500036470,0015-05-06 18:05:00,15,5,6,18,5,910,339,RN 20,,,Plein jour,En agglomération,Hors intersection,Normale,Deux véhicules - arrière,,,,,,,,,,,1,2,1,1,2
201500036471,0015-02-27 18:15:00,15,2,27,18,15,910,425,"29, PLAINE (RUE DE LA)",,,Plein jour,En agglomération,Hors intersection,Normale,Autre collision,,,,,,,,,,,1,2,1,1,6
201500036472,0015-05-09 14:30:00,15,5,9,14,30,910,339,DIVISION LECLERC (RUE DE,,,Plein jour,En agglomération,Intersection en T,Normale,Deux véhicules - côté,,,,,,,,,,,1,2,3,1,3
201500036473,0015-02-28 11:05:00,15,2,28,11,5,910,425,TEMERAIRE (AV DU),,,Plein jour,En agglomération,Hors intersection,Normale,Autre collision,,,,,,,,,,,1,2,1,1,6
201500036474,0015-05-11 08:29:00,15,5,11,8,29,910,21,CASSIN RENE (RUE),,,Plein jour,En agglomération,Hors intersection,Normale,Autre collision,,,,,,,,,,,1,2,1,1,6
201500036475,0015-02-12 15:45:00,15,2,12,15,45,910,103,LEBLANC ALFRED (RUE),,,Plein jour,En agglomération,Hors intersection,Normale,Autre collision,,,,,,,,,,,1,2,1,1,6
201500036476,0015-05-11 11:45:00,15,5,11,11,45,910,103,SAUSSAIE (RUE DE LA),,,Plein jour,Hors agglomération,Intersection en X,Normale,Deux véhicules - côté,,,,,,,,,,,1,1,2,1,3
201500036477,0015-05-12 08:40:00,15,5,12,8,40,910,425,"47, NATIONALE 20 (ROUTE)",,,Plein jour,Hors agglomération,Hors intersection,Normale,Deux véhicules - frontale,,,,,,,,,,,1,1,1,1,1
201500036478,0015-05-12 19:25:00,15,5,12,19,25,910,552,"3, DECLE RENE (RUE)",,,Plein jour,En agglomération,Hors intersection,Normale,Trois véhicules et plus - collisions multiples,,,,,,,,,,,1,2,1,1,5
201500036479,0015-05-19 15:37:00,15,5,19,15,37,910,457,FERTE ALAIS (ROUTE DE LA,,,Plein jour,En agglomération,Hors intersection,Normale,Trois véhicules et plus - en chaîne,,,,,,,,,,,1,2,1,1,4
201500036480,0015-05-22 10:50:00,15,5,22,10,50,910,103,BLUM LEON (RUE),,,Plein jour,En agglomération,Intersection en T,Normale,Deux véhicules - côté,,,,,,,,,,,1,2,3,1,3
201500036481,0015-05-22 14:30:00,15,5,22,14,30,910,552,LATERAL AU CHEMIN DE FER,,,Plein jour,En agglomération,Hors intersection,Normale,Sans collision,,,,,,,,,,,1,2,1,1,7
201500036482,0015-05-25 16:20:00,15,5,25,16,20,910,21,VERDUN (AVENUE DE),,,Plein jour,En agglomération,Giratoire,Normale,Deux véhicules - côté,,,,,,,,,,,1,2,6,1,3
201500036483,0015-05-30 15:15:00,15,5,30,15,15,910,425,TEMPLIERS (ROUTE DES),,,Plein jour,En agglomération,Hors intersection,Normale,Deux véhicules - frontale,,,,,,,,,,,1,2,1,1,1
201500036484,0015-05-31 00:45:00,15,5,31,0,45,910,339,"36, TABOR (CHEMIN DE)",,,Nuit avec éclairage allumé,En agglomération,Hors intersection,Normale,Autre collision,,,,,,,,,,,5,2,1,1,6
201500036485,0015-05-31 11:10:00,15,5,31,11,10,910,347,LONGPONT (RUE DE),,,Plein jour,En agglomération,Hors intersection,Normale,Deux véhicules - frontale,,,,,,,,,,,1,2,1,1,1
201500036486,0015-06-02 08:25:00,15,6,2,8,25,910,347,PONT AUX PINS (RUE DU),,,Plein jour,En agglomération,Hors intersection,Normale,Autre collision,,,,,,,,,,,1,2,1,1,6
201500036487,0015-06-02 18:35:00,15,6,2,18,35,910,103,BROSSOLETTE PIERRE (R,,,Plein jour,En agglomération,Hors intersection,Normale,Deux véhicules - côté,,,,,,,,,,,1,2,1,1,3
201500036488,0015-06-04 07:05:00,15,6,4,7,5,910,425,NATIONALE 20 (ROUTE),,,Plein jour,En agglomération,Hors intersection,Normale,Trois véhicules et plus - en chaîne,,,,,,,,,,,1,2,1,1,4
201500036489,0015-06-06 06:28:00,15,6,6,6,28,910,552,DECLE RENE (RUE),,,Plein jour,En agglomération,Hors intersection,Normale,Sans collision,,,,,,,,,,,1,2,1,1,7
201500036490,0015-06-06 10:08:00,15,6,6,10,8,910,552,"138, CORBEIL (ROUTE DE)",,,Plein jour,En agglomération,Hors intersection,Normale,Sans collision,,,,,,,,,,,1,2,1,1,7
201500036491,0015-06-06 15:00:00,15,6,6,15,0,910,339,DIVISION LECLERC (RUE DE,,,Plein jour,En agglomération,Hors intersection,Normale,Autre collision,,,,,,,,,,,1,2,1,1,6
201500036492,0015-06-08 12:35:00,15,6,8,12,35,910,103,MAISON NEUVE (AVENUE DE,,,Plein jour,En agglomération,Hors intersection,Normale,Deux véhicules - arrière,,,,,,,,,,,1,2,1,1,2
201500036493,0015-06-12 16:00:00,15,6,12,16,0,910,103,DE GAULLE (ROND POINT DU,,,Plein jour,En agglomération,Hors intersection,Normale,Deux véhicules - côté,,,,,,,,,,,1,2,1,1,3
201500036494,0015-06-13 12:50:00,15,6,13,12,50,910,552,"42, DECLE RENE (RUE)",,,Plein jour,En agglomération,Hors intersection,Normale,Deux véhicules - côté,,,,,,,,,,,1,2,1,1,3
201500036495,0015-06-18 14:20:00,15,6,18,14,20,910,457,FERTE ALAIS (ROUTE DE LA,,,Plein jour,En agglomération,Hors intersection,Normale,Trois véhicules et plus - collisions multiples,,,,,,,,,,,1,2,1,1,5
201500036496,0015-06-21 15:15:00,15,6,21,15,15,910,552,"134, CORBEIL (ROUTE DE)",,,Plein jour,En agglomération,Hors intersection,Normale,Autre collision,,,,,,,,,,,1,2,1,1,6
201500036497,0015-06-22 22:10:00,15,6,22,22,10,910,552,"120, CORBEIL (ROUTE DE)",,,Nuit avec éclairage allumé,En agglomération,Hors intersection,Normale,Autre collision,,,,,,,,,,,5,2,1,1,6
201500036498,0015-06-23 09:40:00,15,6,23,9,40,910,425,ARCHERS (RUE DES),,,Plein jour,Hors agglomération,Intersection en X,Normale,Deux véhicules - côté,,,,,,,,,,,1,1,2,1,3
201500036499,0015-06-25 06:00:00,15,6,25,6,0,910,552,CORBEIL (ROUTE DE),,,Plein jour,En agglomération,Hors intersection,Normale,Deux véhicules - frontale,,,,,,,,,,,1,2,1,1,1
201500036500,0015-06-25 19:20:00,15,6,25,19,20,910,552,CINQUANTE ARPENTS (CHEMI,,,Plein jour,En agglomération,Hors intersection,Normale,Sans collision,,,,,,,,,,,1,2,1,1,7
201500036501,0015-06-26 11:00:00,15,6,26,11,0,910,425,NATIONALE 20 (ROUTE),,,Plein jour,En agglomération,Hors intersection,Normale,Deux véhicules - côté,,,,,,,,,,,1,2,1,1,3
201500036502,0015-06-27 16:05:00,15,6,27,16,5,910,552,NATIONALE 20 (ROUTE),,,Plein jour,En agglomération,Hors intersection,Normale,Deux véhicules - arrière,,,,,,,,,,,1,2,1,1,2
201500036503,0015-06-29 12:10:00,15,6,29,12,10,910,425,ORLEANS (ROUTE D'),,,Plein jour,En agglomération,Hors intersection,Normale,Deux véhicules - arrière,,,,,,,,,,,1,2,1,1,2
201500036504,0015-07-01 00:40:00,15,7,1,0,40,910,552,"21 BIS, NATIONALE 20 (RO",,,Nuit avec éclairage allumé,En agglomération,Hors intersection,Normale,Deux véhicules - arrière,,,,,,,,,,,5,2,1,1,2
201500036505,0015-07-03 16:10:00,15,7,3,16,10,910,425,NATIONALE 20 (ROUTE),,,Plein jour,En agglomération,Hors intersection,Normale,Deux véhicules - arrière,,,,,,,,,,,1,2,1,1,2
201500036506,0015-07-06 13:30:00,15,7,6,13,30,910,425,NATIONALE 20 (ROUTE),,,Plein jour,En agglomération,Hors intersection,Normale,Deux véhicules - arrière,,,,,,,,,,,1,2,1,1,2
201500036507,0015-07-06 16:35:00,15,7,6,16,35,910,552,"67, NATIONALE 20 (ROUTE)",,,Plein jour,En agglomération,Hors intersection,Normale,Trois véhicules et plus - en chaîne,,,,,,,,,,,1,2,1,1,4
201500036508,0015-07-15 09:10:00,15,7,15,9,10,910,339,GRACE DE DIEU (CHEMIN DE,,,Plein jour,En agglomération,Hors intersection,Normale,Autre collision,,,,,,,,,,,1,2,1,1,6
201500036509,0015-07-17 22:35:00,15,7,17,22,35,910,425,MARCOUSSIS (ROUTE DE),,,Nuit avec éclairage allumé,En agglomération,Hors intersection,Normale,Autre collision,,,,,,,,,,,5,2,1,1,6
201500036510,0015-07-20 12:10:00,15,7,20,12,10,910,21,JAURES JEAN (BOULEVARD),,,Plein jour,En agglomération,Intersection en T,Normale,Deux véhicules - côté,,,,,,,,,,,1,2,3,1,3
201500036511,0015-07-22 16:40:00,15,7,22,16,40,910,552,"25, NATIONALE 20 (ROUTE)",,,Plein jour,En agglomération,Hors intersection,Normale,Deux véhicules - arrière,,,,,,,,,,,1,2,1,1,2
201500036512,0015-07-22 19:10:00,15,7,22,19,10,910,552,NATIONALE 20 (ROUTE),,,Plein jour,En agglomération,Hors intersection,Normale,Deux véhicules - arrière,,,,,,,,,,,1,2,1,1,2
201500036513,0015-07-24 18:15:00,15,7,24,18,15,910,425,ORLEANS (ROUTE D'),,,Plein jour,En agglomération,Hors intersection,Normale,Deux véhicules - frontale,,,,,,,,,,,1,2,1,1,1
201500036514,0015-07-25 23:05:00,15,7,25,23,5,910,457,FERTE ALAIS (ROUTE DE LA,,,Nuit avec éclairage allumé,En agglomération,Hors intersection,Normale,Deux véhicules - côté,,,,,,,,,,,5,2,1,1,3
201500036515,0015-07-28 16:30:00,15,7,28,16,30,910,103,MARRONNIERS  (AVENUE DES,,,Plein jour,En agglomération,Hors intersection,Pluie légère,Deux véhicules - frontale,,,,,,,,,,,1,2,1,2,1
201500036516,0015-08-01 06:30:00,15,8,1,6,30,910,21,"5, EGLY (ROUTE D')",,,Plein jour,En agglomération,Hors intersection,Normale,Autre collision,,,,,,,,,,,1,2,1,1,6
201500036517,0015-08-07 11:45:00,15,8,7,11,45,910,103,"12, POITOU (RUE DU)",,,Plein jour,En agglomération,Hors intersection,Normale,Autre collision,,,,,,,,,,,1,2,1,1,6
201500036518,0015-08-08 00:30:00,15,8,8,0,30,910,425,TEMPLIERS (ROUTE DES),,,Nuit avec éclairage allumé,En agglomération,Hors intersection,Normale,Autre collision,,,,,,,,,,,5,2,1,1,6
201500036519,0015-08-15 07:45:00,15,8,15,7,45,910,21,DIVISION LECLERC (AVENUE,,,Plein jour,En agglomération,Hors intersection,Pluie légère,Autre collision,,,,,,,,,,,1,2,1,2,6
201500036520,0015-08-16 21:40:00,15,8,16,21,40,910,457,CD 19,,,Nuit sans éclairage public,Hors agglomération,Hors intersection,Normale,Autre collision,,,,,,,,,,,3,1,1,1,6
201500036521,0015-08-19 22:35:00,15,8,19,22,35,910,347,PERRAY (RUE DU),,,Nuit avec éclairage allumé,En agglomération,Hors intersection,Normale,Sans collision,,,,,,,,,,,5,2,1,1,7
201500036522,0015-08-28 15:50:00,15,8,28,15,50,910,347,RN 20,,,Plein jour,Hors agglomération,Hors intersection,Normale,Deux véhicules - arrière,,,,,,,,,,,1,1,1,1,2
201500036523,0015-08-29 12:30:00,15,8,29,12,30,910,425,MOUCHY (BOULEVARD),,,Plein jour,En agglomération,Hors intersection,Normale,Deux véhicules - côté,,,,,,,,,,,1,2,1,1,3
201500036524,0015-08-30 18:10:00,15,8,30,18,10,910,552,RN 20,,,Plein jour,Hors agglomération,Hors intersection,Normale,Deux véhicules - arrière,,,,,,,,,,,1,1,1,1,2
201500036525,0015-09-02 15:13:00,15,9,2,15,13,910,21,"100, GRANDE (RUE)",,,Plein jour,En agglomération,Hors intersection,Normale,Autre collision,,,,,,,,,,,1,2,1,1,6
201500036526,0015-09-02 21:06:00,15,9,2,21,6,910,425,RN20,,,Nuit avec éclairage allumé,En agglomération,Hors intersection,Normale,Deux véhicules - arrière,,,,,,,,,,,5,2,1,1,2
201500036527,0015-09-06 16:50:00,15,9,6,16,50,910,425,CROIX DU MESNIL (CHEMIN,,,Plein jour,En agglomération,Intersection en Y,Normale,Autre collision,,,,,,,,,,,1,2,4,1,6
201500036528,0015-09-10 18:00:00,15,9,10,18,0,910,425,PONT DES BELLES DAMES,,,Plein jour,En agglomération,Hors intersection,Normale,Deux véhicules - arrière,,,,,,,,,,,1,2,1,1,2
201500036529,0015-09-14 14:00:00,15,9,14,14,0,910,339,RN 20,,,Plein jour,Hors agglomération,Hors intersection,Pluie légère,Deux véhicules - côté,,,,,,,,,,,1,1,1,2,3
201500036530,0015-09-14 18:20:00,15,9,14,18,20,910,425,"66-68,RN20 (R. ORLEANS)",,,Plein jour,En agglomération,Hors intersection,Pluie légère,Deux véhicules - arrière,,,,,,,,,,,1,2,1,2,2
201500036531,0015-09-16 10:25:00,15,9,16,10,25,910,103,SAUSAIE (RUE DE LA),,,Plein jour,En agglomération,Hors intersection,Pluie forte,Deux véhicules - côté,,,,,,,,,,,1,2,1,3,3
201500036532,0015-09-24 04:50:00,15,9,24,4,50,910,103,COMMUNE DE PARIS (AV DE,,,Nuit avec éclairage allumé,En agglomération,Giratoire,Normale,Deux véhicules - frontale,,,,,,,,,,,5,2,6,1,1
201500036533,0015-09-24 07:08:00,15,9,24,7,8,910,457,LOGES (ROUTE DES),,,Plein jour,Hors agglomération,Hors intersection,Normale,Autre collision,,,,,,,,,,,1,1,1,1,6
201500036534,0015-09-24 09:45:00,15,9,24,9,45,910,333,ROYAL (CHEMIN),,,Plein jour,En agglomération,Intersection en X,Normale,Deux véhicules - côté,,,,,,,,,,,1,2,2,1,3
201500036535,0015-09-24 22:55:00,15,9,24,22,55,910,457,RD 19,,,Nuit sans éclairage public,Hors agglomération,Hors intersection,Pluie légère,Autre collision,,,,,,,,,,,3,1,1,2,6
201500036536,0015-09-25 18:40:00,15,9,25,18,40,910,425,BOURGUIGNONS (RUE DES,,,Plein jour,En agglomération,Hors intersection,Normale,Deux véhicules - côté,,,,,,,,,,,1,2,1,1,3
201500036537,0015-09-26 14:00:00,15,9,26,14,0,910,457,CD 19,,,Plein jour,Hors agglomération,Hors intersection,Normale,Autre collision,,,,,,,,,,,1,1,1,1,6
201500036538,0015-10-02 11:30:00,15,10,2,11,30,910,103,LUCIEN CLAUSE(AVENUE),,,Plein jour,En agglomération,Intersection en T,Normale,Autre collision,,,,,,,,,,,1,2,3,1,6
201500036539,0015-10-04 16:50:00,15,10,4,16,50,910,347,PONT AUX PINS (RUE DU,,,Plein jour,En agglomération,Hors intersection,Normale,Deux véhicules - frontale,,,,,,,,,,,1,2,1,1,1
201500036540,0015-10-06 07:57:00,15,10,6,7,57,910,425,"18, TEMPLIERS (ROUTE DES",,,Plein jour,En agglomération,Hors intersection,Pluie forte,Deux véhicules - côté,,,,,,,,,,,1,2,1,3,3
201500036541,0015-10-06 10:45:00,15,10,6,10,45,910,21,SAINT DENIS (RUE),,,Plein jour,En agglomération,Hors intersection,Normale,Deux véhicules - arrière,,,,,,,,,,,1,2,1,1,2
201500036542,0015-10-07 20:55:00,15,10,7,20,55,910,347,"60, CROIX ROUGE FER (CHE",,,Nuit avec éclairage allumé,En agglomération,Hors intersection,Normale,Deux véhicules - arrière,,,,,,,,,,,5,2,1,1,2
201500036543,0015-10-11 21:40:00,15,10,11,21,40,910,425,ORLEANS (ROUTE D'),,,Nuit avec éclairage allumé,En agglomération,Hors intersection,Normale,Sans collision,,,,,,,,,,,5,2,1,1,7
201500036544,0015-10-12 15:15:00,15,10,12,15,15,910,425,"29, RN 20",,,Plein jour,En agglomération,Hors intersection,Normale,Deux véhicules - arrière,,,,,,,,,,,1,2,1,1,2
201500036545,0015-10-13 11:30:00,15,10,13,11,30,910,103,BRANLY EDOUARD (AVENUE),,,Plein jour,En agglomération,Hors intersection,Normale,Autre collision,,,,,,,,,,,1,2,1,1,6
201500036546,0015-10-16 08:15:00,15,10,16,8,15,910,339,ROBERT BENOIST (AVENUE),,,Plein jour,Hors agglomération,Hors intersection,Pluie légère,Deux véhicules - côté,,,,,,,,,,,1,1,1,2,3
201500036547,0015-10-18 00:45:00,15,10,18,0,45,910,347,"88, RN 20",,,Nuit avec éclairage allumé,En agglomération,Hors intersection,Normale,Deux véhicules - arrière,,,,,,,,,,,5,2,1,1,2
201500036548,0015-10-18 14:00:00,15,10,18,14,0,910,425,PONT DES BELLES DAMES,,,Plein jour,En agglomération,Hors intersection,Normale,Deux véhicules - côté,,,,,,,,,,,1,2,1,1,3
201500036549,0015-10-21 19:22:00,15,10,21,19,22,910,425,RN 20,,,Nuit avec éclairage allumé,En agglomération,Hors intersection,Pluie forte,Deux véhicules - côté,,,,,,,,,,,5,2,1,3,3
201500036550,0015-10-22 19:22:00,15,10,22,19,22,910,103,DANAUX EDOUARD (RUE),,,Nuit avec éclairage allumé,En agglomération,Intersection en X,Pluie légère,Deux véhicules - côté,,,,,,,,,,,5,2,2,2,3
201500036551,0015-10-25 23:00:00,15,10,25,23,0,910,425,ORLEANS (ROUTE D'),,,Nuit avec éclairage allumé,En agglomération,Hors intersection,Normale,Deux véhicules - arrière,,,,,,,,,,,5,2,1,1,2
201500036552,0015-10-26 07:50:00,15,10,26,7,50,910,347,"76, DIVISION LECLERC (AV",,,Plein jour,En agglomération,Hors intersection,Normale,Trois véhicules et plus - collisions multiples,,,,,,,,,,,1,2,1,1,5
201500036553,0015-10-28 09:25:00,15,10,28,9,25,910,552,RN 20,,,Plein jour,Hors agglomération,Hors intersection,Pluie légère,Sans collision,,,,,,,,,,,1,1,1,2,7
201500036554,0015-11-01 14:00:00,15,11,1,14,0,910,425,RN 20 (ROUTE),,,Plein jour,Hors agglomération,Hors intersection,Normale,Deux véhicules - arrière,,,,,,,,,,,1,1,1,1,2
201500036555,0015-11-03 08:30:00,15,11,3,8,30,910,425,"78, MARCOUSSIS (ROUTE DE",,,Plein jour,En agglomération,Hors intersection,Pluie légère,Deux véhicules - côté,,,,,,,,,,,1,2,1,2,3
201500036556,0015-11-05 08:45:00,15,11,5,8,45,910,425,MARCHE (PLACE DU),,,Plein jour,En agglomération,Place,Normale,Autre collision,,,,,,,,,,,1,2,7,1,6
201500036557,0015-11-07 15:00:00,15,11,7,15,0,910,425,"19, ORLEANS (ROUTE D')",,,Plein jour,En agglomération,Hors intersection,Normale,Deux véhicules - arrière,,,,,,,,,,,1,2,1,1,2
201500036558,0015-11-17 17:35:00,15,11,17,17,35,910,21,CORNATON ABEL (BLD),,,Nuit avec éclairage allumé,En agglomération,Intersection en X,Pluie légère,Deux véhicules - arrière,,,,,,,,,,,5,2,2,2,2
201500036559,0015-11-19 12:00:00,15,11,19,12,0,910,333,BRETIGNY (ROUTE DE),,,Plein jour,En agglomération,Giratoire,Pluie légère,Autre collision,,,,,,,,,,,1,2,6,2,6
201500036560,0015-11-20 05:10:00,15,11,20,5,10,910,339,"2, JUBILE (ROUTE DU)",,,Nuit avec éclairage allumé,En agglomération,Hors intersection,Pluie forte,Deux véhicules - frontale,,,,,,,,,,,5,2,1,3,1
201500036561,0015-11-23 14:30:00,15,11,23,14,30,910,103,BROSSOLETTE PIERRE (R,,,Plein jour,En agglomération,Hors intersection,Normale,Deux véhicules - côté,,,,,,,,,,,1,2,1,1,3
201500036562,0015-11-25 07:25:00,15,11,25,7,25,910,103,CAMUS ALBERT (RUE),,,Crépuscule ou aube,En agglomération,Hors intersection,Normale,Sans collision,,,,,,,,,,,2,2,1,1,7
201500036563,0015-11-26 10:00:00,15,11,26,10,0,910,347,ORMOY (RUE DE L'),,,Plein jour,En agglomération,Hors intersection,Normale,Deux véhicules - côté,,,,,,,,,,,1,2,1,1,3
201500036564,0015-11-28 01:40:00,15,11,28,1,40,910,425,TEMPLIERS (ROUTE DES),,,Nuit avec éclairage allumé,En agglomération,Hors intersection,Pluie légère,Autre collision,,,,,,,,,,,5,2,1,2,6
201500036565,0015-12-02 20:15:00,15,12,2,20,15,910,457,RD 19,48.57676,2.28181,Nuit sans éclairage public,Hors agglomération,Hors intersection,Normale,Autre collision,,,,,,,,,,,3,1,1,1,6
201500036566,0015-12-04 07:30:00,15,12,4,7,30,910,425,RN20,,,Plein jour,Hors agglomération,Hors intersection,Pluie légère,Deux véhicules - côté,,,,,,,,,,,1,1,1,2,3
201500036567,0015-12-04 13:10:00,15,12,4,13,10,910,425,TEMPLIERS (ROUTE DES),,,Plein jour,En agglomération,Hors intersection,Normale,Sans collision,,,,,,,,,,,1,2,1,1,7
201500036568,0015-12-10 08:15:00,15,12,10,8,15,910,339,"77, VIEUX PAVE DE BRUYER",,,Plein jour,En agglomération,Hors intersection,Normale,Autre collision,,,,,,,,,,,1,2,1,1,6
201500036569,0015-12-13 00:35:00,15,12,13,0,35,910,103,RD 19,,,Nuit sans éclairage public,Hors agglomération,Hors intersection,Brouillard / fumée,Autre collision,,,,,,,,,,,3,1,1,5,6
201500036570,0015-12-13 21:05:00,15,12,13,21,5,910,425,BOURGUIGNONS (RUE DES,,,Nuit avec éclairage allumé,En agglomération,Hors intersection,Brouillard / fumée,Autre collision,,,,,,,,,,,5,2,1,5,6
201500036571,0015-12-16 08:20:00,15,12,16,8,20,910,333,Chemin Royal,48.61886,2.26062,Nuit avec éclairage allumé,En agglomération,Intersection en Y,Normale,Autre collision,,,,,,,,,,,5,2,4,1,6
201500036572,0015-12-16 18:20:00,15,12,16,18,20,910,347,MONTLHERY (ROUTE DE),48.63486,2.2882,Nuit avec éclairage allumé,En agglomération,Hors intersection,Pluie forte,Trois véhicules et plus - en chaîne,,,,,,,,,,,5,2,1,3,4
201500036573,0015-12-19 22:00:00,15,12,19,22,0,910,347,TEMPLIERS (ROUTE DES),48.64431,2.28204,Nuit avec éclairage allumé,En agglomération,Intersection en Y,Normale,Deux véhicules - côté,,,,,,,,,,,5,2,4,1,3