accident_id,datetime,annee,mois,jour,heure,minute,departement,commune_insee,adresse,latitude,longitude,luminosite,agglomeration,intersection,meteo,collision,nb_vehicules,nb_usagers,nb_indemnes,nb_tues,nb_blesses_hosp,nb_blesses_legers,age_cond_1,age_cond_2,veh_type_cond_1,veh_type_cond_2,lum_code,agg_code,int_code,atm_code,col_code
201500036702,0015-06-23 17:50:00,15,6,23,17,50,910,657,HENRI BARBUSSE (AVENUE),48.70034,2.43156,Plein jour,En agglomération,Hors intersection,Normale,Deux véhicules - côté,,,,,,,,,,,1,2,1,1,3
201500036703,0015-06-24 21:05:00,15,6,24,21,5,910,201,"6 bis, HENRI BARBUSSE(BO",,,Plein jour,En agglomération,Hors intersection,Normale,Deux véhicules - côté,,,,,,,,,,,1,2,1,1,3
201500036704,0015-06-28 14:55:00,15,6,28,14,55,910,201,PIERRE BROSSOLETTE (RUE),48.68392,2.41513,Plein jour,En agglomération,Intersection à plus de 4 branches,Normale,Deux véhicules - frontale,,,,,,,,,,,1,2,5,1,1
201500036705,0015-06-30 11:20:00,15,6,30,11,20,910,657,LONGUERAIE (RUE DE LA ),48.71685,2.43736,Plein jour,En agglomération,Intersection en X,Normale,Deux véhicules - arrière,,,,,,,,,,,1,2,2,1,2
201500036706,0015-06-29 20:20:00,15,6,29,20,20,910,657,"83, JULES VERNE (RUE)",48.698,2.43967,Plein jour,Hors agglomération,Hors intersection,Normale,Deux véhicules - frontale,,,,,,,,,,,1,1,1,1,1
201500036707,0015-07-01 19:40:00,15,7,1,19,40,910,657,"54, HENRI BARBUSSE (AVEN",48.70023,2.42025,Plein jour,En agglomération,Hors intersection,Normale,Deux véhicules - côté,,,,,,,,,,,1,2,1,1,3
201500036708,0015-07-02 08:45:00,15,7,2,8,45,910,201,JEAN JAURES(AVENUE),48.6897,2.41331,Plein jour,En agglomération,Intersection en X,Normale,Deux véhicules - côté,,,,,,,,,,,1,2,2,1,3
201500036709,0015-07-09 11:01:00,15,7,9,11,1,910,201,"28, REPUBLIQUE (PLACE DE",48.68584,2.41031,Plein jour,En agglomération,Hors intersection,Normale,Autre collision,,,,,,,,,,,1,2,1,1,6
201500036710,0015-07-15 21:35:00,15,7,15,21,35,910,657,"2 bis, HENRI CHARON (AVE",48.70655,2.42192,Plein jour,En agglomération,Hors intersection,Normale,Autre collision,,,,,,,,,,,1,2,1,1,6
201500036711,0015-07-16 10:20:00,15,7,16,10,20,910,201,"02, MAINVILLE(RUE DE)",48.6858,2.41139,Plein jour,En agglomération,Intersection en X,Normale,Autre collision,,,,,,,,,,,1,2,2,1,6
201500036712,0015-07-17 11:45:00,15,7,17,11,45,910,201,EUROPE(AVENUE DE L'),48.6836,2.43219,Plein jour,En agglomération,Hors intersection,Normale,Deux véhicules - frontale,,,,,,,,,,,1,2,1,1,1
201500036713,0015-07-20 16:25:00,15,7,20,16,25,910,657,ROGER SALENGRO (RUE),48.703,2.4362,Plein jour,En agglomération,Intersection en X,Normale,Deux véhicules - frontale,,,,,,,,,,,1,2,2,1,1
201500036714,0015-08-01 14:45:00,15,8,1,14,45,910,657,HENRI CHARON (AVENUE),48.70475,2.42709,Plein jour,En agglomération,Intersection en X,Normale,Deux véhicules - côté,,,,,,,,,,,1,2,2,1,3
201500036715,0015-06-24 15:10:00,15,6,24,15,10,910,201,"02, ALPHONSE DAUDET(RUE)",,,Plein jour,En agglomération,Hors intersection,Normale,Deux véhicules - côté,,,,,,,,,,,1,2,1,1,3
201500036716,0015-08-04 16:00:00,15,8,4,16,0,910,201,HENRI BARBUSSE(BOULEVARD,48.6741,2.41203,Plein jour,En agglomération,Intersection en X,Normale,Deux véhicules - côté,,,,,,,,,,,1,2,2,1,3
201500036717,0015-08-08 15:25:00,15,8,8,15,25,910,657,"26, PIERRE MARIN (RUE)",48.70226,2.41439,Plein jour,En agglomération,Hors intersection,Normale,Autre collision,,,,,,,,,,,1,2,1,1,6
201500036718,0015-08-14 12:30:00,15,8,14,12,30,910,657,CHARLES DE GAULLE (PLACE,,,Plein jour,En agglomération,Hors intersection,Normale,Autre collision,,,,,,,,,,,1,2,1,1,6
201500036719,0015-08-31 19:55:00,15,8,31,19,55,910,201,"32, REPUBLIQUE (PLACE DE",,,Plein jour,En agglomération,Hors intersection,Normale,Deux véhicules - côté,,,,,,,,,,,1,2,1,1,3
201500036720,0015-09-02 11:35:00,15,9,2,11,35,910,657,FREDERIC JOLIOT CURIE (R,48.70444,2.42098,Plein jour,En agglomération,Hors intersection,Normale,Deux véhicules - arrière,,,,,,,,,,,1,2,1,1,2
201500036721,0015-09-04 15:00:00,15,9,4,15,0,910,657,"15, PAUL LANGEVIN (RUE)",,,Plein jour,En agglomération,Hors intersection,Normale,Autre collision,,,,,,,,,,,1,2,1,1,6
201500036722,0015-09-16 22:00:00,15,9,16,22,0,910,657,TOURELLE (AVENUE DE LA ),,,Nuit avec éclairage allumé,En agglomération,Intersection à plus de 4 branches,Normale,Deux véhicules - côté,,,,,,,,,,,5,2,5,1,3
201500036723,0015-09-20 22:25:00,15,9,20,22,25,910,201,REPUBLIQUE (PLACE DE LA),,,Nuit avec éclairage allumé,En agglomération,Place,Normale,Autre collision,,,,,,,,,,,5,2,7,1,6
201500036724,0015-01-04 06:32:00,15,1,4,6,32,910,657,PIERRE MARIN (RUE),,,Nuit avec éclairage allumé,En agglomération,Hors intersection,Normale,Autre collision,,,,,,,,,,,5,2,1,1,6
201500036725,0015-09-22 21:30:00,15,9,22,21,30,910,201,"5, RIS (RUE DE)",43.8,2.5,Nuit avec éclairage allumé,En agglomération,Hors intersection,Pluie légère,Trois véhicules et plus - en chaîne,,,,,,,,,,,5,2,1,2,4
201500036726,0015-09-24 11:25:00,15,9,24,11,25,910,657,"2A, HENRI CHARON (AVENUE",,,Plein jour,En agglomération,Hors intersection,Normale,Deux véhicules - frontale,,,,,,,,,,,1,2,1,1,1
201500036727,0015-09-29 19:30:00,15,9,29,19,30,910,201,HENRI BARBUSSE(AV,48.6902,2.41111,Plein jour,En agglomération,Hors intersection,Normale,Deux véhicules - côté,,,,,,,,,,,1,2,1,1,3
201500036728,0015-09-11 18:00:00,15,9,11,18,0,910,201,"14, AUGUSTE BLANQUI(AVEN",48.68864,2.41663,Plein jour,En agglomération,Hors intersection,Normale,Deux véhicules - frontale,,,,,,,,,,,1,2,1,1,1
201500036729,0015-10-14 17:37:00,15,10,14,17,37,910,201,EUGENE DELACROIX(AVENUE),48.6779,2.42314,Plein jour,En agglomération,Intersection en X,Temps couvert,Deux véhicules - côté,,,,,,,,,,,1,2,2,8,3
201500036730,0015-10-17 14:40:00,15,10,17,14,40,910,657,"127, PIERRE BROSSOLETTE",48.70123,2.4384,Plein jour,En agglomération,Intersection en T,Normale,Autre collision,,,,,,,,,,,1,2,3,1,6
201500036731,0015-10-17 11:40:00,15,10,17,11,40,910,657,"80, HENRI BARBUSSE (AVEN",48.7015,2.42414,Plein jour,En agglomération,Hors intersection,Normale,Deux véhicules - arrière,,,,,,,,,,,1,2,1,1,2
201500036732,0015-10-26 18:45:00,15,10,26,18,45,910,201,"149, HENRI BARBUSSE(BOUL",48.69451,2.41382,Plein jour,En agglomération,Hors intersection,Normale,Trois véhicules et plus - en chaîne,,,,,,,,,,,1,2,1,1,4
201500036733,0015-10-28 07:05:00,15,10,28,7,5,910,657,TOURELLE (AVENUE DE LA ),48.69256,2.44501,Crépuscule ou aube,En agglomération,Intersection en T,Pluie légère,Deux véhicules - côté,,,,,,,,,,,2,2,3,2,3
201500036734,0015-11-02 21:15:00,15,11,2,21,15,910,657,"114, HENRI BARBUSSE (AVE",,,Nuit avec éclairage allumé,En agglomération,Hors intersection,Normale,Deux véhicules - frontale,,,,,,,,,,,5,2,1,1,1
201500036735,0015-11-03 21:30:00,15,11,3,21,30,910,657,LONGUERAIE (RUE DE LA ),48.71383,2.43296,Nuit avec éclairage allumé,En agglomération,Giratoire,Normale,Autre collision,,,,,,,,,,,5,2,6,1,6
201500036736,0015-11-06 15:20:00,15,11,6,15,20,910,657,"17, CHENES (RUE DES )",48.69419,2.43636,Plein jour,En agglomération,Intersection en X,Pluie forte,Deux véhicules - côté,,,,,,,,,,,1,2,2,3,3
201500036737,0015-11-06 22:15:00,15,11,6,22,15,910,201,"39, HENRI BARBUSSE(AV",,,Nuit avec éclairage allumé,En agglomération,Hors intersection,Pluie légère,Sans collision,,,,,,,,,,,5,2,1,2,7
201500036738,0015-11-12 15:00:00,15,11,12,15,0,910,657,HENRI BARBUSSE (AVENUE),48.70059,2.42107,Plein jour,En agglomération,Intersection en T,Normale,Deux véhicules - côté,,,,,,,,,,,1,2,3,1,3
201500036739,0015-11-14 17:20:00,15,11,14,17,20,910,201,"65, HENRI BARBUSSE(AV",48.6747,2.41177,Nuit avec éclairage allumé,En agglomération,Hors intersection,Normale,Deux véhicules - côté,,,,,,,,,,,5,2,1,1,3
201500036740,0015-11-18 10:55:00,15,11,18,10,55,910,657,"96, HENRI BARBUSSE (AVEN",,,Plein jour,En agglomération,Hors intersection,Normale,Deux véhicules - arrière,,,,,,,,,,,1,2,1,1,2
201500036741,0015-11-22 14:50:00,15,11,22,14,50,910,657,"72, HENRI BARBUSSE (AVEN",48.7009,2.42219,Plein jour,En agglomération,Hors intersection,Normale,Deux véhicules - côté,,,,,,,,,,,1,2,1,1,3
201500036742,0015-11-25 21:25:00,15,11,25,21,25,910,201,GENERAL DE GAULLE(BOULEV,48.68827,2.3907,Nuit avec éclairage allumé,En agglomération,Giratoire,Pluie légère,Sans collision,,,,,,,,,,,5,2,6,2,7
201500036743,0015-11-26 12:00:00,15,11,26,12,0,910,201,GRANGER (AVENUE),48.68382,2.40848,Plein jour,En agglomération,Intersection en T,Normale,Autre collision,,,,,,,,,,,1,2,3,1,6
201500036744,0015-11-27 07:10:00,15,11,27,7,10,910,201,GENERAL DE GAULLE(BOULEV,48.68822,2.39196,Nuit avec éclairage allumé,En agglomération,Hors intersection,Brouillard / fumée,Sans collision,,,,,,,,,,,5,2,1,5,7
201500036745,0015-11-26 19:05:00,15,11,26,19,5,910,201,EUROPE(AVENUE DE L'),48.68644,2.4335,Nuit avec éclairage allumé,En agglomération,Hors intersection,Normale,Trois véhicules et plus - en chaîne,,,,,,,,,,,5,2,1,1,4
201500036746,0015-12-05 19:20:00,15,12,5,19,20,910,657,HENRI BARBUSSE (AVENUE),,,Nuit avec éclairage allumé,En agglomération,Hors intersection,Normale,Deux véhicules - côté,,,,,,,,,,,5,2,1,1,3
201500036747,0015-12-05 20:10:00,15,12,5,20,10,910,657,"2 BIS, HENRI CHARON (AVE",48.70672,2.42116,Nuit avec éclairage allumé,En agglomération,Hors intersection,Normale,Deux véhicules - côté,,,,,,,,,,,5,2,1,1,3
201500036748,0015-12-08 16:10:00,15,12,8,16,10,910,201,PIERRE BROSSOLETTE (RUE),48.68383,2.41527,Plein jour,En agglomération,Intersection en X,Pluie légère,Autre collision,,,,,,,,,,,1,2,2,2,6
201500036749,0015-12-12 23:40:00,15,12,12,23,40,910,201,"80-82, HENRI BARBUSSE(AV",48.67777,2.4106,Nuit avec éclairage allumé,En agglomération,Hors intersection,Normale,Deux véhicules - arrière,,,,,,,,,,,5,2,1,1,2
201500036750,0015-12-17 10:55:00,15,12,17,10,55,910,201,"44, FERDINAND BUISSON(RU",48.67452,2.40806,Plein jour,En agglomération,Hors intersection,Normale,Autre collision,,,,,,,,,,,1,2,1,1,6
201500036751,0015-12-18 13:40:00,15,12,18,13,40,910,657,"2, CONCORDE (AVENUE)",48.70805,2.41605,Plein jour,En agglomération,Hors intersection,Normale,Autre collision,,,,,,,,,,,1,2,1,1,6
201500036752,0015-12-18 21:55:00,15,12,18,21,55,910,657,PIERRE MARIN (RUE),48.70334,2.41357,Nuit avec éclairage allumé,En agglomération,Hors intersection,Temps couvert,Deux véhicules - côté,,,,,,,,,,,5,2,1,8,3
201500036753,0015-12-20 18:45:00,15,12,20,18,45,910,201,EUGENE DELACROIX(AVENUE),48.67547,2.41603,Crépuscule ou aube,En agglomération,Intersection en T,Normale,Deux véhicules - côté,,,,,,,,,,,2,2,3,1,3
201500036754,0015-12-22 18:30:00,15,12,22,18,30,910,201,"230, HENRI BARBUSSE(BOUL",48.68694,2.40894,Nuit avec éclairage allumé,Hors agglomération,Hors intersection,Normale,Autre collision,,,,,,,,,,,5,1,1,1,6
201500036755,0015-12-28 14:35:00,15,12,28,14,35,910,201,"149 bis, HENRI BARBUSSE(",48.69461,2.41397,Plein jour,En agglomération,Hors intersection,Normale,Trois véhicules et plus - en chaîne,,,,,,,,,,,1,2,1,1,4
201500036756,0015-12-30 18:00:00,15,12,30,18,0,910,201,PORT AUX DAMES(QUAI+RUE,48.68051,2.39774,Nuit avec éclairage allumé,En agglomération,Hors intersection,Normale,Autre collision,,,,,,,,,,,5,2,1,1,6
201500036757,0015-01-11 16:45:00,15,1,11,16,45,910,201,HENRI BARBUSSE(AV),,,Plein jour,En agglomération,Intersection en X,Normale,Autre collision,,,,,,,,,,,1,2,2,1,6
201500036758,0015-02-13 13:30:00,15,2,13,13,30,910,201,HENRI BARBUSSE(AV),,,Plein jour,En agglomération,Intersection en X,Normale,Autre collision,,,,,,,,,,,1,2,2,1,6
201500036759,0015-02-19 18:30:00,15,2,19,18,30,910,657,MARECHAL FOCH (RUE),,,Plein jour,En agglomération,Intersection en X,Normale,Deux véhicules - frontale,,,,,,,,,,,1,2,2,1,1
201500036760,0015-01-24 11:45:00,15,1,24,11,45,910,657,JULES VERNE (RUE),,,Plein jour,En agglomération,Intersection en X,Autre,Deux véhicules - côté,,,,,,,,,,,1,2,2,9,3
201500036761,0015-01-25 15:30:00,15,1,25,15,30,910,201,GENERAL DE GAULLE(BOULEV,,,Plein jour,En agglomération,Autre intersection,Autre,Trois véhicules et plus - en chaîne,,,,,,,,,,,1,2,9,9,4
201500036762,0015-01-28 20:05:00,15,1,28,20,5,910,201,MAINVILLE(RUE DE),,,Nuit avec éclairage non allumé,En agglomération,Intersection en X,Autre,Deux véhicules - côté,,,,,,,,,,,4,2,2,9,3
201500036763,0015-02-07 18:15:00,15,2,7,18,15,910,657,PAUL VAILLANT COUTURIER,,,Nuit avec éclairage allumé,En agglomération,Intersection en X,Normale,Deux véhicules - frontale,,,,,,,,,,,5,2,2,1,1
201500036764,0015-01-07 15:45:00,15,1,7,15,45,910,223,"32, MOULIN A TAN (RUE DU",,,Plein jour,En agglomération,Hors intersection,Normale,Sans collision,,,,,,,,,,,1,2,1,1,7
201500036765,0015-03-07 16:00:00,15,3,7,16,0,910,223,08 MAI 1945 (AVENUE),,,Plein jour,En agglomération,Hors intersection,Normale,Deux véhicules - frontale,,,,,,,,,,,1,2,1,1,1
201500036766,0015-01-18 02:00:00,15,1,18,2,0,910,223,"6, SAINT MARTIN (RUE)",,,Nuit avec éclairage non allumé,En agglomération,Hors intersection,Normale,Autre collision,,,,,,,,,,,4,2,1,1,6
201500036767,0015-03-10 12:30:00,15,3,10,12,30,910,223,RN20,,,Plein jour,Hors agglomération,Hors intersection,Normale,Sans collision,,,,,,,,,,,1,1,1,1,7
201500036768,0015-01-20 09:30:00,15,1,20,9,30,910,223,RD63,,,Plein jour,Hors agglomération,Hors intersection,Normale,Sans collision,,,,,,,,,,,1,1,1,1,7
201500036769,0015-03-11 16:00:00,15,3,11,16,0,910,433,G. DE GAULLE (av),,,Plein jour,En agglomération,Hors intersection,Normale,Deux véhicules - arrière,,,,,,,,,,,1,2,1,1,2
201500036770,0015-01-22 20:25:00,15,1,22,20,25,910,223,"4, PONT SAINT JEAN (RUE",,,Nuit avec éclairage allumé,En agglomération,Hors intersection,Normale,Autre collision,,,,,,,,,,,5,2,1,1,6
201500036771,0015-03-23 17:25:00,15,3,23,17,25,910,223,"6, SAINT ANTOINE (RUE)",,,Plein jour,En agglomération,Hors intersection,Normale,Autre collision,,,,,,,,,,,1,2,1,1,6
201500036772,0015-01-28 15:45:00,15,1,28,15,45,910,433,RD 191,,,Plein jour,Hors agglomération,Hors intersection,Pluie légère,Sans collision,,,,,,,,,,,1,1,1,2,7
201500036773,0015-03-28 23:40:00,15,3,28,23,40,910,223,SAINT MARTIN (RUE,,,Nuit avec éclairage allumé,En agglomération,Intersection en T,Normale,Deux véhicules - frontale,,,,,,,,,,,5,2,3,1,1
201500036774,0015-01-30 15:10:00,15,1,30,15,10,910,433,RUE GRANGE DES NOYERS,,,Plein jour,Hors agglomération,Hors intersection,Normale,Sans collision,,,,,,,,,,,1,1,1,1,7
201500036775,0015-04-03 18:20:00,15,4,3,18,20,910,223,RN20,,,Plein jour,Hors agglomération,Hors intersection,Normale,Trois véhicules et plus - en chaîne,,,,,,,,,,,1,1,1,1,4
201500036776,0015-02-04 11:54:00,15,2,4,11,54,910,223,"11, HENRI IV (BOULEVARD)",,,Plein jour,En agglomération,Hors intersection,Normale,Deux véhicules - côté,,,,,,,,,,,1,2,1,1,3
201500036777,0015-04-06 16:30:00,15,4,6,16,30,910,433,"3, AUVERS (RUE D')",,,Plein jour,Hors agglomération,Hors intersection,Normale,Sans collision,,,,,,,,,,,1,1,1,1,7
201500036778,0015-02-11 11:35:00,15,2,11,11,35,910,223,BERCHERE (BOULEVARD),,,Plein jour,En agglomération,Hors intersection,Normale,Autre collision,,,,,,,,,,,1,2,1,1,6
201500036779,0015-04-08 12:00:00,15,4,8,12,0,910,223,RN20,,,Plein jour,Hors agglomération,Hors intersection,Normale,Deux véhicules - frontale,,,,,,,,,,,1,1,1,1,1
201500036780,0015-02-14 18:30:00,15,2,14,18,30,910,223,RD PT  AV C. DE GAULLE,,,Crépuscule ou aube,Hors agglomération,Hors intersection,Normale,Sans collision,,,,,,,,,,,2,1,1,1,7
201500036781,0015-04-09 00:25:00,15,4,9,0,25,910,223,SAINT MICHEL (Bld),,,Nuit sans éclairage public,En agglomération,Intersection en T,Normale,Autre collision,,,,,,,,,,,3,2,3,1,6
201500036782,0015-02-15 11:50:00,15,2,15,11,50,910,223,RN20,,,Plein jour,Hors agglomération,Hors intersection,Normale,Autre collision,,,,,,,,,,,1,1,1,1,6
201500036783,0015-04-10 15:50:00,15,4,10,15,50,910,223,"39, CORDELIERS (RUE DES)",,,Plein jour,En agglomération,Hors intersection,Normale,Sans collision,,,,,,,,,,,1,2,1,1,7
201500036784,0015-02-18 10:50:00,15,2,18,10,50,910,223,RD 191,,,Plein jour,En agglomération,Hors intersection,Normale,Autre collision,,,,,,,,,,,1,2,1,1,6
201500036785,0015-04-13 14:00:00,15,4,13,14,0,910,223,"01, SAINT MICHEL (BOULEV",,,Plein jour,En agglomération,Hors intersection,Normale,Deux véhicules - arrière,,,,,,,,,,,1,2,1,1,2
201500036786,0015-02-19 10:55:00,15,2,19,10,55,910,223,HOTEL DE VILLE (PLCE),,,Plein jour,En agglomération,Place,Normale,Autre collision,,,,,,,,,,,1,2,7,1,6
201500036787,0015-04-14 15:30:00,15,4,14,15,30,910,109,LARIS (CHEMIN DU),,,Plein jour,En agglomération,Hors intersection,Normale,Sans collision,,,,,,,,,,,1,2,1,1,7
201500036788,0015-04-17 22:40:00,15,4,17,22,40,910,469,GRANDES NEIGES (chemin),,,Nuit sans éclairage public,En agglomération,Hors intersection,Normale,Autre collision,,,,,,,,,,,3,2,1,1,6
201500036789,0015-02-21 03:45:00,15,2,21,3,45,910,433,RD63,,,Nuit avec éclairage allumé,Hors agglomération,Autre intersection,Normale,Sans collision,,,,,,,,,,,5,1,9,1,7
201500036790,0015-04-22 01:35:00,15,4,22,1,35,910,223,RN20,,,Nuit sans éclairage public,Hors agglomération,Hors intersection,Normale,Sans collision,,,,,,,,,,,3,1,1,1,7
201500036791,0015-02-24 07:40:00,15,2,24,7,40,910,433,CD 63,,,Crépuscule ou aube,Hors agglomération,Hors intersection,Normale,Sans collision,,,,,,,,,,,2,1,1,1,7
201500036792,0015-02-25 14:30:00,15,2,25,14,30,910,223,MOREAU (RUE LOUIS,,,Plein jour,En agglomération,Intersection en T,Pluie légère,Deux véhicules - côté,,,,,,,,,,,1,2,3,2,3
201500036793,0015-04-28 12:48:00,15,4,28,12,48,910,223,"1, DE GAULLE (AVENUE CHA",,,Plein jour,Hors agglomération,Hors intersection,Normale,Autre collision,,,,,,,,,,,1,1,1,1,6
201500036794,0015-04-29 17:30:00,15,4,29,17,30,910,223,"1, BERCHERE (BOULEVARD)",,,Plein jour,En agglomération,Intersection en T,Normale,Deux véhicules - côté,,,,,,,,,,,1,2,3,1,3
201500036795,0015-02-27 19:20:00,15,2,27,19,20,910,223,"1, MAI 1945 (AVENUE DU 8",,,Nuit avec éclairage allumé,En agglomération,Hors intersection,Normale,Deux véhicules - arrière,,,,,,,,,,,5,2,1,1,2
201500036796,0015-02-27 19:45:00,15,2,27,19,45,910,223,MONTFAUCON (BOULE,,,Nuit avec éclairage allumé,En agglomération,Hors intersection,Normale,Deux véhicules - frontale,,,,,,,,,,,5,2,1,1,1
201500036797,0015-05-11 13:55:00,15,5,11,13,55,910,223,"154, REPUBLIQUE (RUE DE",,,Plein jour,En agglomération,Hors intersection,Normale,Autre collision,,,,,,,,,,,1,2,1,1,6
201500036798,0015-05-18 12:55:00,15,5,18,12,55,910,223,"40, REPUBLIQUE (RUE DE L",48.43455,2.16462,Plein jour,En agglomération,Hors intersection,Normale,Deux véhicules - arrière,,,,,,,,,,,1,2,1,1,2
201500036799,0015-05-21 02:55:00,15,5,21,2,55,910,433,RN20,48.46684,2.18279,Nuit sans éclairage public,Hors agglomération,Giratoire,Normale,Autre collision,,,,,,,,,,,3,1,6,1,6
201500036800,0015-05-28 18:30:00,15,5,28,18,30,910,223,"4, REVERSELEUX (RUE)",48.42308,2.1466,Plein jour,En agglomération,Hors intersection,Normale,Autre collision,,,,,,,,,,,1,2,1,1,6
201500036801,0015-06-02 13:00:00,15,6,2,13,0,910,223,Av. GEOFFROY ST HILAIRE,,,Plein jour,En agglomération,Hors intersection,Normale,Autre collision,,,,,,,,,,,1,2,1,1,6
201500036802,0015-06-06 11:25:00,15,6,6,11,25,910,223,MOREAU (RUE LOUIS),,,Plein jour,En agglomération,Hors intersection,Normale,Autre collision,,,,,,,,,,,1,2,1,1,6
201500036803,0015-06-06 20:15:00,15,6,6,20,15,910,433,RD 191,,,Plein jour,Hors agglomération,Hors intersection,Normale,Deux véhicules - frontale,,,,,,,,,,,1,1,1,1,1
201500036804,0015-06-12 11:20:00,15,6,12,11,20,910,433,"10, RUE DE LA LIBERATION",,,Plein jour,Hors agglomération,Hors intersection,Normale,Autre collision,,,,,,,,,,,1,1,1,1,6
201500036805,0015-06-14 16:40:00,15,6,14,16,40,910,223,COQUERIVE (AVENUE,,,Plein jour,En agglomération,Hors intersection,Normale,Deux véhicules - arrière,,,,,,,,,,,1,2,1,1,2
201500036806,0015-06-16 16:00:00,15,6,16,16,0,910,223,MOREAU (RUE LOUIS,,,Plein jour,En agglomération,Intersection en X,Normale,Deux véhicules - côté,,,,,,,,,,,1,2,2,1,3
201500036807,0015-06-21 15:40:00,15,6,21,15,40,910,223,"8, RUE JEAN MERMOZ",,,Plein jour,En agglomération,Hors intersection,Normale,Deux véhicules - côté,,,,,,,,,,,1,2,1,1,3
201500036808,0015-06-24 18:43:00,15,6,24,18,43,910,433,RD63,,,Plein jour,Hors agglomération,Intersection en T,Normale,Deux véhicules - côté,,,,,,,,,,,1,1,3,1,3
201500036809,0015-07-06 00:45:00,15,7,6,0,45,910,223,R.N.20,,,Nuit avec éclairage allumé,Hors agglomération,Hors intersection,Normale,Sans collision,,,,,,,,,,,5,1,1,1,7
201500036810,0015-07-11 18:00:00,15,7,11,18,0,910,223,RN20,,,Plein jour,Hors agglomération,Hors intersection,Normale,Sans collision,,,,,,,,,,,1,1,1,1,7
201500036811,0015-07-13 16:50:00,15,7,13,16,50,910,223,BONNEVAUX (AVENUE,,,Plein jour,En agglomération,Giratoire,Normale,Deux véhicules - côté,,,,,,,,,,,1,2,6,1,3
201500036812,0015-07-13 19:40:00,15,7,13,19,40,910,223,RD63,,,Plein jour,Hors agglomération,Hors intersection,Normale,Sans collision,,,,,,,,,,,1,1,1,1,7
201500036813,0015-07-21 12:15:00,15,7,21,12,15,910,223,RN20,,,Plein jour,Hors agglomération,Hors intersection,Normale,Trois véhicules et plus - collisions multiples,,,,,,,,,,,1,1,1,1,5
201500036814,0015-07-23 00:45:00,15,7,23,0,45,910,223,SAINT ANTOINE (RUE),,,Nuit sans éclairage public,En agglomération,Hors intersection,Normale,Autre collision,,,,,,,,,,,3,2,1,1,6
201500036815,0015-07-26 14:40:00,15,7,26,14,40,910,223,RN20,,,Plein jour,Hors agglomération,Hors intersection,Pluie légère,Autre collision,,,,,,,,,,,1,1,1,2,6
201500036816,0015-07-26 15:25:00,15,7,26,15,25,910,223,"164, SAINT JACQUES (RUE)",,,Plein jour,En agglomération,Hors intersection,Pluie légère,Autre collision,,,,,,,,,,,1,2,1,2,6
201500036817,0015-08-03 15:15:00,15,8,3,15,15,910,433,PONTS (RUE DES),,,Plein jour,En agglomération,Hors intersection,Normale,Deux véhicules - arrière,,,,,,,,,,,1,2,1,1,2
201500036818,0015-08-12 12:10:00,15,8,12,12,10,910,223,PLCE GENERAL ROMANET,,,Plein jour,En agglomération,Place,Normale,Deux véhicules - arrière,,,,,,,,,,,1,2,7,1,2
201500036819,0015-08-17 15:00:00,15,8,17,15,0,910,433,"3, ROCHES (CHEMIN DES)",,,Plein jour,En agglomération,Hors intersection,Normale,Sans collision,,,,,,,,,,,1,2,1,1,7
201500036820,0015-08-19 19:00:00,15,8,19,19,0,910,223,RN20,,,Plein jour,Hors agglomération,Hors intersection,Normale,Deux véhicules - côté,,,,,,,,,,,1,1,1,1,3
201500036821,0015-08-21 17:55:00,15,8,21,17,55,910,223,RD 721,,,Plein jour,Hors agglomération,Intersection en X,Normale,Deux véhicules - frontale,,,,,,,,,,,1,1,2,1,1
201500036822,0015-08-27 21:40:00,15,8,27,21,40,910,223,"1, COQUERIVE (AVENUE DE)",,,Nuit avec éclairage allumé,En agglomération,Hors intersection,Pluie forte,Deux véhicules - frontale,,,,,,,,,,,5,2,1,3,1
201500036823,0015-08-28 18:20:00,15,8,28,18,20,910,223,"37, REVERSELEUX (RUE)",,,Plein jour,En agglomération,Hors intersection,Normale,Autre collision,,,,,,,,,,,1,2,1,1,6
201500036824,0015-08-31 17:30:00,15,8,31,17,30,910,223,"135, PARIS (AVENUE DE)",,,Plein jour,En agglomération,Hors intersection,Normale,Sans collision,,,,,,,,,,,1,2,1,1,7
201500036825,0015-09-12 08:40:00,15,9,12,8,40,910,223,RN20,,,Plein jour,Hors agglomération,Hors intersection,Normale,Sans collision,,,,,,,,,,,1,1,1,1,7
201500036826,0015-09-13 04:30:00,15,9,13,4,30,910,223,8 MAI 1945 (AVENUE,,,Nuit avec éclairage allumé,En agglomération,Hors intersection,Pluie légère,Sans collision,,,,,,,,,,,5,2,1,2,7
201500036827,0015-09-16 20:00:00,15,9,16,20,0,910,433,TILLEULS (RUE DES,,,Nuit avec éclairage allumé,En agglomération,Hors intersection,Normale,Autre collision,,,,,,,,,,,5,2,1,1,6
201500036828,0015-09-18 14:25:00,15,9,18,14,25,910,223,PERRAY (RUE DU),,,Plein jour,En agglomération,Intersection en T,Normale,Deux véhicules - arrière,,,,,,,,,,,1,2,3,1,2
201500036829,0015-09-18 18:00:00,15,9,18,18,0,910,223,"162, SAINT JACQUES (RUE)",,,Plein jour,En agglomération,Intersection en T,Normale,Deux véhicules - côté,,,,,,,,,,,1,2,3,1,3
201500036830,0015-09-20 20:10:00,15,9,20,20,10,910,223,NEUVE ST-GILLES (RUE),,,Plein jour,En agglomération,Intersection en T,Normale,Deux véhicules - côté,,,,,,,,,,,1,2,3,1,3
201500036831,0015-09-25 17:25:00,15,9,25,17,25,910,433,RN20,,,Plein jour,Hors agglomération,Giratoire,Normale,Trois véhicules et plus - collisions multiples,,,,,,,,,,,1,1,6,1,5