accident_id,datetime,annee,mois,jour,heure,minute,departement,commune_insee,adresse,latitude,longitude,luminosite,agglomeration,intersection,meteo,collision,nb_vehicules,nb_usagers,nb_indemnes,nb_tues,nb_blesses_hosp,nb_blesses_legers,age_cond_1,age_cond_2,veh_type_cond_1,veh_type_cond_2,lum_code,agg_code,int_code,atm_code,col_code
201500036832,0015-09-29 10:20:00,15,9,29,10,20,910,223,LYS (RUE DES),,,Plein jour,En agglomération,Hors intersection,Normale,Deux véhicules - arrière,,,,,,,,,,,1,2,1,1,2
201500036833,0015-09-30 14:40:00,15,9,30,14,40,910,433,RD 191,,,Plein jour,Hors agglomération,Hors intersection,Normale,Sans collision,,,,,,,,,,,1,1,1,1,7
201500036834,0015-10-01 18:25:00,15,10,1,18,25,910,223,"3, HENRI IV (BOULEVARD)",,,Plein jour,En agglomération,Hors intersection,Normale,Autre collision,,,,,,,,,,,1,2,1,1,6
201500036835,0015-10-06 07:05:00,15,10,6,7,5,910,223,"9, SAINT JACQUES (RUE)",,,Crépuscule ou aube,En agglomération,Hors intersection,Pluie légère,Autre collision,,,,,,,,,,,2,2,1,2,6
201500036836,0015-10-06 11:00:00,15,10,6,11,0,910,223,RD721,,,Plein jour,Hors agglomération,Hors intersection,Pluie légère,Sans collision,,,,,,,,,,,1,1,1,2,7
201500036837,0015-10-06 20:30:00,15,10,6,20,30,910,223,8 MAI 1945 (AVENUE,,,Nuit avec éclairage allumé,En agglomération,Hors intersection,Normale,Autre collision,,,,,,,,,,,5,2,1,1,6
201500036838,0015-10-09 09:55:00,15,10,9,9,55,910,223,AVENUE DE LA LIBERATION,,,Plein jour,En agglomération,Hors intersection,Normale,Autre collision,,,,,,,,,,,1,2,1,1,6
201500036839,0015-10-12 14:00:00,15,10,12,14,0,910,469,CARNAUX (RUE DES),,,Plein jour,Hors agglomération,Hors intersection,Normale,Autre collision,,,,,,,,,,,1,1,1,1,6
201500036840,0015-10-13 17:30:00,15,10,13,17,30,910,223,Av. GEOFFROY ST HILAIRE,,,Plein jour,En agglomération,Intersection en T,Normale,Deux véhicules - côté,,,,,,,,,,,1,2,3,1,3
201500036841,0015-10-16 14:20:00,15,10,16,14,20,910,223,RD721,,,Plein jour,Hors agglomération,Intersection en X,Normale,Deux véhicules - frontale,,,,,,,,,,,1,1,2,1,1
201500036842,0015-10-18 14:55:00,15,10,18,14,55,910,223,LYS (RUE DES),,,Plein jour,En agglomération,Hors intersection,Normale,Sans collision,,,,,,,,,,,1,2,1,1,7
201500036843,0015-10-20 17:15:00,15,10,20,17,15,910,223,FILOIR (RUE DU),,,Plein jour,En agglomération,Intersection en T,Normale,Deux véhicules - arrière,,,,,,,,,,,1,2,3,1,2
201500036844,0015-10-27 19:00:00,15,10,27,19,0,910,223,8 MAI 1945 (AVENUE,,,Plein jour,En agglomération,Hors intersection,Pluie légère,Trois véhicules et plus - en chaîne,,,,,,,,,,,1,2,1,2,4
201500036845,0015-10-31 03:40:00,15,10,31,3,40,910,223,LIBERATION (SQUARE,,,Nuit avec éclairage allumé,En agglomération,Hors intersection,Normale,Autre collision,,,,,,,,,,,5,2,1,1,6
201500036846,0015-11-01 11:20:00,15,11,1,11,20,910,223,ST JACQUES DE BEZEGOND,,,Plein jour,En agglomération,Hors intersection,Normale,Autre collision,,,,,,,,,,,1,2,1,1,6
201500036847,0015-11-05 17:50:00,15,11,5,17,50,910,223,"03, CHARPENTIER (AVENUE",,,Crépuscule ou aube,En agglomération,Hors intersection,Pluie légère,Autre collision,,,,,,,,,,,2,2,1,2,6
201500036848,0015-11-09 17:00:00,15,11,9,17,0,910,433,RN20,,,Plein jour,Hors agglomération,Hors intersection,Normale,Deux véhicules - arrière,,,,,,,,,,,1,1,1,1,2
201500036849,0015-11-14 17:50:00,15,11,14,17,50,910,223,PONT SAINT JEAN (RUE),,,Crépuscule ou aube,En agglomération,Hors intersection,Normale,Autre collision,,,,,,,,,,,2,2,1,1,6
201500036850,0015-11-17 10:00:00,15,11,17,10,0,910,223,RN20,,,Plein jour,Hors agglomération,Hors intersection,Pluie légère,Sans collision,,,,,,,,,,,1,1,1,2,7
201500036851,0015-11-17 18:30:00,15,11,17,18,30,910,223,BERCHERE (BOULEVARD,,,Nuit avec éclairage allumé,En agglomération,Hors intersection,Pluie légère,Autre collision,,,,,,,,,,,5,2,1,2,6
201500036852,0015-11-17 22:35:00,15,11,17,22,35,910,469,D721,,,Nuit sans éclairage public,Hors agglomération,Intersection en T,Normale,Deux véhicules - côté,,,,,,,,,,,3,1,3,1,3
201500036853,0015-11-22 12:20:00,15,11,22,12,20,910,469,D721,,,Plein jour,Hors agglomération,Hors intersection,Normale,Deux véhicules - frontale,,,,,,,,,,,1,1,1,1,1
201500036854,0015-11-27 07:40:00,15,11,27,7,40,910,433,RN20,,,Crépuscule ou aube,Hors agglomération,Hors intersection,Normale,Autre collision,,,,,,,,,,,2,1,1,1,6
201500036855,0015-11-27 20:30:00,15,11,27,20,30,910,223,RN20,,,Nuit sans éclairage public,Hors agglomération,Hors intersection,Normale,Sans collision,,,,,,,,,,,3,1,1,1,7
201500036856,0015-12-03 06:51:00,15,12,3,6,51,910,469,D721,,,Nuit sans éclairage public,Hors agglomération,Hors intersection,Normale,Trois véhicules et plus - collisions multiples,,,,,,,,,,,3,1,1,1,5
201500036857,0015-12-04 06:55:00,15,12,4,6,55,910,223,RN20,,,Nuit sans éclairage public,Hors agglomération,Hors intersection,Normale,Trois véhicules et plus - en chaîne,,,,,,,,,,,3,1,1,1,4
201500036858,0015-12-08 08:05:00,15,12,8,8,5,910,223,RN20,,,Nuit sans éclairage public,Hors agglomération,Hors intersection,Normale,Trois véhicules et plus - en chaîne,,,,,,,,,,,3,1,1,1,4
201500036859,0015-12-13 19:30:00,15,12,13,19,30,910,223,RN20,,,Nuit sans éclairage public,Hors agglomération,Intersection en T,Normale,Trois véhicules et plus - collisions multiples,,,,,,,,,,,3,1,3,1,5
201500036860,0015-12-15 17:30:00,15,12,15,17,30,910,223,FARMAN (AVENUE HENRI),,,Plein jour,Hors agglomération,Hors intersection,Normale,Autre collision,,,,,,,,,,,1,1,1,1,6
201500036861,0015-12-16 12:45:00,15,12,16,12,45,910,223,BONNEVAUX (AVENUE,48.42988,2.15792,Plein jour,En agglomération,Hors intersection,Normale,Autre collision,,,,,,,,,,,1,2,1,1,6
201500036862,0015-12-19 05:10:00,15,12,19,5,10,910,223,RN20,48.43344,2.16744,Nuit sans éclairage public,Hors agglomération,Hors intersection,Normale,Sans collision,,,,,,,,,,,3,1,1,1,7
201500036863,0015-12-19 17:40:00,15,12,19,17,40,910,223,RN20,48.39855,2.1189,Crépuscule ou aube,Hors agglomération,Hors intersection,Normale,Sans collision,,,,,,,,,,,2,1,1,1,7
201500036864,0015-12-20 15:10:00,15,12,20,15,10,910,223,"100, SAINT JACQUES (RUE)",48.43372,2.15602,Plein jour,En agglomération,Hors intersection,Normale,Autre collision,,,,,,,,,,,1,2,1,1,6
201500036865,0015-12-21 08:30:00,15,12,21,8,30,910,433,RD 191,48.44479,2.22265,Plein jour,Hors agglomération,Hors intersection,Normale,Autre collision,,,,,,,,,,,1,1,1,1,6
201500036866,0015-12-23 17:15:00,15,12,23,17,15,910,433,RN20,48.46839,2.18391,Crépuscule ou aube,Hors agglomération,Hors intersection,Normale,Deux véhicules - côté,,,,,,,,,,,2,1,1,1,3
201500036867,0015-12-23 19:20:00,15,12,23,19,20,910,223,8 MAI 1945 (AVENUE,48.44022,2.15548,Nuit avec éclairage allumé,En agglomération,Hors intersection,Normale,Trois véhicules et plus - en chaîne,,,,,,,,,,,5,2,1,1,4
201500036868,0015-12-27 02:05:00,15,12,27,2,5,910,223,"72, SAINT MICHEL (BOULEV",48.445,2.1706,Nuit avec éclairage allumé,En agglomération,Giratoire,Normale,Autre collision,,,,,,,,,,,5,2,6,1,6
201500036869,0015-12-29 16:45:00,15,12,29,16,45,910,223,"NEANT, SAINT JACQUES (RU",48.43326,2.15529,Plein jour,En agglomération,Intersection en T,Normale,Deux véhicules - frontale,,,,,,,,,,,1,2,3,1,1
201500036870,0015-12-30 17:20:00,15,12,30,17,20,910,223,RN20,48.42414,2.14157,Crépuscule ou aube,Hors agglomération,Hors intersection,Normale,Sans collision,,,,,,,,,,,2,1,1,1,7
201500036871,0015-08-30 20:30:00,15,8,30,20,30,910,228,"1, MARECHAL DE LATTRE DE",,,Plein jour,En agglomération,Hors intersection,Normale,Autre collision,,,,,,,,,,,1,2,1,1,6
201500036872,0015-07-07 13:30:00,15,7,7,13,30,910,228,"1, BARRE DE NANTEUIL (R.",,,Plein jour,Hors agglomération,Hors intersection,Normale,Autre collision,,,,,,,,,,,1,1,1,1,6
201500036873,0015-07-17 00:35:00,15,7,17,0,35,910,228,MITTERAND (BD FRANCOIS),,,Nuit avec éclairage allumé,En agglomération,Intersection en X,Normale,Autre collision,,,,,,,,,,,5,2,2,1,6
201500036874,0015-07-22 19:48:00,15,7,22,19,48,910,228,EUROPE (BD) N) IMPAIR,,,Plein jour,En agglomération,Intersection en X,Normale,Autre collision,,,,,,,,,,,1,2,2,1,6
201500036875,0015-11-12 20:30:00,15,11,12,20,30,910,521,"1, BROSSOLETTE (RUE PIER",48.64559,2.40612,Nuit avec éclairage allumé,En agglomération,Hors intersection,Normale,Autre collision,,,,,,,,,,,5,2,1,1,6
201500036876,0015-11-21 11:30:00,15,11,21,11,30,910,182,BEREGOVOY (AVENUE PIERRE,48.61899,2.41039,Plein jour,En agglomération,Intersection en T,Normale,Deux véhicules - frontale,,,,,,,,,,,1,2,3,1,1
201500036877,0015-10-30 19:12:00,15,10,30,19,12,910,228,"1, DEBUSSY (RUE CLAUDE)",48.62816,2.44811,Plein jour,En agglomération,Intersection en X,Normale,Deux véhicules - côté,,,,,,,,,,,1,2,2,1,3
201500036878,0015-09-22 13:50:00,15,9,22,13,50,910,228,"6, JARLAN (RUE PERE ANDR",,,Plein jour,En agglomération,Hors intersection,Normale,Autre collision,,,,,,,,,,,1,2,1,1,6
201500036879,0015-05-28 20:50:00,15,5,28,20,50,910,434,PINS (AVENUE DES),48.64698,2.35859,Nuit avec éclairage allumé,En agglomération,Intersection en X,Normale,Deux véhicules - frontale,,,,,,,,,,,5,2,2,1,1
201500036880,0015-03-31 10:45:00,15,3,31,10,45,910,687,MARMONT (AVENUE),48.66313,2.37497,Plein jour,En agglomération,Hors intersection,Normale,Autre collision,,,,,,,,,,,1,2,1,1,6
201500036881,0015-04-03 22:00:00,15,4,3,22,0,910,286,CORBEIL (ROUTE DE),48.65432,2.38952,Nuit avec éclairage allumé,Hors agglomération,Hors intersection,Normale,Autre collision,,,,,,,,,,,5,1,1,1,6
201500036882,0015-09-28 20:50:00,15,9,28,20,50,910,434,PINS (AVENUE DES),48.647,2.35861,Nuit avec éclairage allumé,En agglomération,Intersection en X,Normale,Trois véhicules et plus - collisions multiples,,,,,,,,,,,5,2,2,1,5
201500036883,0015-05-19 16:30:00,15,5,19,16,30,910,687,VICTOR SCHOELCHER (AVENU,48.65416,2.37097,Plein jour,En agglomération,Hors intersection,Normale,Deux véhicules - frontale,,,,,,,,,,,1,2,1,1,1
201500036884,0015-12-31 05:00:00,15,12,31,5,0,910,326,"7, COUR DE FRANCE (AVENU",48.68847,2.37122,Plein jour,Hors agglomération,Hors intersection,Normale,Sans collision,,,,,,,,,,,1,1,1,1,7
201500036885,0015-04-08 16:00:00,15,4,8,16,0,910,326,RASPAIL (Av),,,Plein jour,En agglomération,Hors intersection,Normale,Autre collision,,,,,,,,,,,1,2,1,1,6
201500036886,0015-12-28 08:15:00,15,12,28,8,15,910,286,"17, CORBEIL (ROUTE DE)",48.65658,2.38397,Plein jour,En agglomération,Hors intersection,Normale,Deux véhicules - frontale,,,,,,,,,,,1,2,1,1,1
201500036887,0015-04-04 16:10:00,15,4,4,16,10,910,687,PRESIDENT KENNEDY (AVENU,,,Plein jour,En agglomération,Intersection en T,Normale,Deux véhicules - côté,,,,,,,,,,,1,2,3,1,3
201500036888,0015-03-17 15:05:00,15,3,17,15,5,910,326,HOCHE (RUE),48.68677,2.38041,Plein jour,En agglomération,Hors intersection,Normale,Sans collision,,,,,,,,,,,1,2,1,1,7
201500036889,0015-05-31 13:00:00,15,5,31,13,0,910,326,MONTTESSUY (RUE DE),48.68446,2.38282,Plein jour,En agglomération,Intersection en T,Pluie forte,Trois véhicules et plus - collisions multiples,,,,,,,,,,,1,2,3,3,5
201500036890,0015-05-30 16:10:00,15,5,30,16,10,910,687,GENERAL DE GAULLE (AVENU,48.6759,2.38533,Plein jour,En agglomération,Intersection en X,Normale,Deux véhicules - côté,,,,,,,,,,,1,2,2,1,3
201500036891,0015-12-29 11:50:00,15,12,29,11,50,910,687,VICTOR BASCH (RUE),48.68298,2.38115,Plein jour,En agglomération,Hors intersection,Normale,Deux véhicules - frontale,,,,,,,,,,,1,2,1,1,1
201500036892,0015-06-08 15:00:00,15,6,8,15,0,910,434,COMMANDANT BARRE (AVENUE,48.6625,2.36006,Plein jour,En agglomération,Intersection en T,Normale,Deux véhicules - côté,,,,,,,,,,,1,2,3,1,3
201500036893,0015-01-12 14:30:00,15,1,12,14,30,910,434,AIMEE ET MARIE GEOFFREY,48.64601,2.35354,Plein jour,En agglomération,Place,Normale,Deux véhicules - côté,,,,,,,,,,,1,2,7,1,3
201500036894,0015-06-16 15:10:00,15,6,16,15,10,910,286,RN7,48.66894,2.39338,Plein jour,En agglomération,Hors intersection,Normale,Deux véhicules - frontale,,,,,,,,,,,1,2,1,1,1
201500036895,0015-11-23 07:20:00,15,11,23,7,20,910,687,BOULEAUX (AVENUE DES),48.65452,2.36409,Crépuscule ou aube,En agglomération,Intersection en T,Pluie légère,Deux véhicules - côté,,,,,,,,,,,2,2,3,2,3
201500036896,0015-07-11 18:30:00,15,7,11,18,30,910,326,ALEXANDRE PIVER (RUE),,,Plein jour,En agglomération,Intersection en X,Normale,Deux véhicules - côté,,,,,,,,,,,1,2,2,1,3
201500036897,0015-06-08 18:00:00,15,6,8,18,0,910,687,"2, DE CHATILLON (QUAI)",48.682,2.285,Plein jour,En agglomération,Hors intersection,Normale,Deux véhicules - arrière,,,,,,,,,,,1,2,1,1,2
201500036898,0015-08-10 14:40:00,15,8,10,14,40,910,687,CHARLES PEGUY (ALLEE),48.65989,2.36553,Plein jour,En agglomération,Hors intersection,Normale,Autre collision,,,,,,,,,,,1,2,1,1,6
201500036899,0015-09-02 04:55:00,15,9,2,4,55,910,286,"1, CORBEIL (ROUTE DE)",48.6569,2.38958,Nuit avec éclairage allumé,En agglomération,Intersection en X,Normale,Autre collision,,,,,,,,,,,5,2,2,1,6
201500036900,0015-01-09 15:50:00,15,1,9,15,50,910,687,CHATILLON (RUE DE),,,Plein jour,En agglomération,Hors intersection,Pluie légère,Deux véhicules - arrière,,,,,,,,,,,1,2,1,2,2
201500036901,0015-01-21 08:30:00,15,1,21,8,30,910,286,PREMIERE ARMEE (AVENUE),,,Crépuscule ou aube,En agglomération,Hors intersection,Normale,Deux véhicules - arrière,,,,,,,,,,,2,2,1,1,2
201500036902,0015-01-27 08:20:00,15,1,27,8,20,910,326,GAMBETTA (QUAI),,,Plein jour,En agglomération,Hors intersection,Normale,Autre collision,,,,,,,,,,,1,2,1,1,6
201500036903,0015-02-14 07:35:00,15,2,14,7,35,910,687,PRESIDENT KENNEDY (AVENU,,,Plein jour,En agglomération,Hors intersection,Normale,Autre collision,,,,,,,,,,,1,2,1,1,6
201500036904,0015-02-27 17:10:00,15,2,27,17,10,910,326,MONTTESSUY (RUE DE),,,Plein jour,En agglomération,Hors intersection,Normale,Autre collision,,,,,,,,,,,1,2,1,1,6
201500036905,0015-01-09 18:40:00,15,1,9,18,40,910,345,CORBEIL (ROUTE DE),,,Nuit avec éclairage allumé,En agglomération,Intersection en T,Temps couvert,Autre collision,,,,,,,,,,,5,2,3,8,6
201500036906,0015-01-14 07:50:00,15,1,14,7,50,910,345,"159, PRESIDENT FRANCOIS",,,Crépuscule ou aube,En agglomération,Hors intersection,Temps couvert,Autre collision,,,,,,,,,,,2,2,1,8,6
201500036907,0015-02-12 16:50:00,15,2,12,16,50,910,161,"38, Rue P. MENDES FRANCE",,,Plein jour,En agglomération,Hors intersection,Normale,Autre collision,,,,,,,,,,,1,2,1,1,6
201500036908,0015-03-02 19:30:00,15,3,2,19,30,910,161,MAZARIN (AVENUE),,,Nuit avec éclairage non allumé,En agglomération,Hors intersection,Normale,Deux véhicules - côté,,,,,,,,,,,4,2,1,1,3
201500036909,0015-02-13 13:15:00,15,2,13,13,15,910,161,JEAN MOULIN (ROND POINT,,,Plein jour,Hors agglomération,Giratoire,Normale,Trois véhicules et plus - collisions multiples,,,,,,,,,,,1,1,6,1,5
201500036910,0015-03-08 12:00:00,15,3,8,12,0,910,345,rue de l'Yvette,,,Plein jour,En agglomération,Intersection en X,Normale,Deux véhicules - côté,,,,,,,,,,,1,2,2,1,3
201500036911,0015-02-17 05:30:00,15,2,17,5,30,910,345,"84, PRESIDENT FRANCOIS M",,,Nuit sans éclairage public,En agglomération,Intersection en T,Normale,Deux véhicules - côté,,,,,,,,,,,3,2,3,1,3
201500036912,0015-03-13 08:35:00,15,3,13,8,35,910,161,"3, PIERRE BROSSOLETTE (A",,,Plein jour,En agglomération,Hors intersection,Normale,Autre collision,,,,,,,,,,,1,2,1,1,6
201500036913,0015-02-25 11:50:00,15,2,25,11,50,910,161,"87, GRAVIGNY (RUE DE)",,,Plein jour,En agglomération,Hors intersection,Pluie légère,Autre collision,,,,,,,,,,,1,2,1,2,6
201500036914,0015-04-02 12:33:00,15,4,2,12,33,910,161,GRAVIGNY (RUE DE),,,Plein jour,En agglomération,Hors intersection,Pluie légère,Deux véhicules - côté,,,,,,,,,,,1,2,1,2,3
201500036915,0015-04-03 14:05:00,15,4,3,14,5,910,345,HOTEL DES POSTES (RUE DE,,,Plein jour,En agglomération,Intersection en T,Pluie forte,Deux véhicules - frontale,,,,,,,,,,,1,2,3,3,1
201500036916,0015-04-09 19:20:00,15,4,9,19,20,910,161,"36, PIERRE BROSSOLETTE (",,,Plein jour,En agglomération,Hors intersection,Normale,Trois véhicules et plus - collisions multiples,,,,,,,,,,,1,2,1,1,5
201500036917,0015-04-28 08:15:00,15,4,28,8,15,910,161,"9, LONGJUMEAU (route de)",,,Plein jour,En agglomération,Hors intersection,Normale,Deux véhicules - côté,,,,,,,,,,,1,2,1,1,3
201500036918,0015-04-30 19:40:00,15,4,30,19,40,910,161,PIERRE BROSSOLETTE (AVEN,,,Plein jour,En agglomération,Hors intersection,Pluie légère,Deux véhicules - arrière,,,,,,,,,,,1,2,1,2,2
201500036919,0015-05-13 16:20:00,15,5,13,16,20,910,345,"27, CORBEIL (ROUTE DE)",,,Plein jour,En agglomération,Intersection en T,Normale,Deux véhicules - frontale,,,,,,,,,,,1,2,3,1,1
201500036920,0015-05-20 08:45:00,15,5,20,8,45,910,161,CD 120,,,Plein jour,En agglomération,Hors intersection,Normale,Deux véhicules - côté,,,,,,,,,,,1,2,1,1,3
201500036921,0015-05-16 21:35:00,15,5,16,21,35,910,345,CORBEIL (ROUTE DE),,,Crépuscule ou aube,En agglomération,Hors intersection,Normale,Autre collision,,,,,,,,,,,2,2,1,1,6
201500036922,0015-05-27 19:00:00,15,5,27,19,0,910,161,PIERRE BROSSOLETTE (AVEN,,,Plein jour,En agglomération,Intersection en X,Normale,Deux véhicules - frontale,,,,,,,,,,,1,2,2,1,1
201500036923,0015-06-05 16:00:00,15,6,5,16,0,910,161,"32, PIERRE BROSSOLETTE (",,,Plein jour,En agglomération,Autre intersection,Normale,Deux véhicules - côté,,,,,,,,,,,1,2,9,1,3
201500036924,0015-06-09 16:35:00,15,6,9,16,35,910,345,ROUX DR (RUE DU),,,Plein jour,En agglomération,Hors intersection,Normale,Autre collision,,,,,,,,,,,1,2,1,1,6
201500036925,0015-06-24 19:10:00,15,6,24,19,10,910,161,"3, LONGJUMEAU (route de)",,,Plein jour,En agglomération,Hors intersection,Normale,Deux véhicules - côté,,,,,,,,,,,1,2,1,1,3
201500036926,0015-06-25 18:54:00,15,6,25,18,54,910,161,"18, PASSERELLE (RUE DE L",,,Plein jour,En agglomération,Autre intersection,Normale,Deux véhicules - côté,,,,,,,,,,,1,2,9,1,3
201500036927,0015-06-26 14:53:00,15,6,26,14,53,910,345,GENERAL DE GAULLE (AVENU,,,Plein jour,En agglomération,Intersection en T,Normale,Deux véhicules - arrière,,,,,,,,,,,1,2,3,1,2
201500036928,0015-04-23 20:05:00,15,4,23,20,5,910,345,RUE RENE CASSIN,,,Plein jour,En agglomération,Hors intersection,Normale,Autre collision,,,,,,,,,,,1,2,1,1,6
201500036929,0015-06-29 17:00:00,15,6,29,17,0,910,345,CORBEIL (ROUTE DE),,,Plein jour,En agglomération,Hors intersection,Normale,Deux véhicules - côté,,,,,,,,,,,1,2,1,1,3
201500036930,0015-05-30 06:00:00,15,5,30,6,0,910,161,MAZARIN (AVENUE),48.70575,2.31404,Crépuscule ou aube,En agglomération,Hors intersection,Normale,Autre collision,,,,,,,,,,,2,2,1,1,6
201500036931,0015-07-03 17:05:00,15,7,3,17,5,910,345,"1, Yvette rue de l'",48.695,2.29417,Plein jour,En agglomération,Intersection en X,Normale,Autre collision,,,,,,,,,,,1,2,2,1,6
201500036932,0015-07-08 17:45:00,15,7,8,17,45,910,161,JEAN MOULIN (ROND POINT,,,Plein jour,En agglomération,Giratoire,Normale,Deux véhicules - côté,,,,,,,,,,,1,2,6,1,3
201500036933,0015-07-20 06:00:00,15,7,20,6,0,910,161,MAZARIN (AVENUE),,,Plein jour,En agglomération,Intersection en X,Normale,Deux véhicules - côté,,,,,,,,,,,1,2,2,1,3
201500036934,0015-09-11 18:35:00,15,9,11,18,35,910,161,MAZARIN (AVENUE),,,Plein jour,En agglomération,Hors intersection,Normale,Trois véhicules et plus - en chaîne,,,,,,,,,,,1,2,1,1,4
201500036935,0015-09-15 13:00:00,15,9,15,13,0,910,345,LIEVAIN (BOULEVARD),,,Plein jour,En agglomération,Intersection en X,Normale,Autre collision,,,,,,,,,,,1,2,2,1,6
201500036936,0015-09-18 07:30:00,15,9,18,7,30,910,161,MITTERRAND PDT FRANCOIS,,,Plein jour,En agglomération,Intersection en X,Normale,Autre collision,,,,,,,,,,,1,2,2,1,6
201500036937,0015-09-23 11:50:00,15,9,23,11,50,910,161,WISSOUS (ROUTE DE),,,Plein jour,Hors agglomération,Hors intersection,Normale,Autre collision,,,,,,,,,,,1,1,1,1,6
201500036938,0015-09-27 11:25:00,15,9,27,11,25,910,161,PIERRE BROSSOLETTE (AVEN,,,Plein jour,En agglomération,Hors intersection,Normale,Autre collision,,,,,,,,,,,1,2,1,1,6
201500036939,0015-09-29 09:00:00,15,9,29,9,0,910,161,"38, LONGJUMEAU (route de",,,Plein jour,En agglomération,Intersection en T,Normale,Deux véhicules - côté,,,,,,,,,,,1,2,3,1,3
201500036940,0015-10-16 06:30:00,15,10,16,6,30,910,161,"28, LONGJUMEAU (route de",,,Nuit avec éclairage allumé,En agglomération,Hors intersection,Pluie légère,Deux véhicules - côté,,,,,,,,,,,5,2,1,2,3
201500036941,0015-10-20 19:40:00,15,10,20,19,40,910,345,GENERAL DE GAULLE (AVENU,48.69771,2.29907,Nuit avec éclairage allumé,En agglomération,Intersection en X,Pluie légère,Deux véhicules - côté,,,,,,,,,,,5,2,2,2,3
201500036942,0015-10-31 16:15:00,15,10,31,16,15,910,161,DIEMA (CARREFOUR DE),,,Plein jour,En agglomération,Giratoire,Normale,Autre collision,,,,,,,,,,,1,2,6,1,6
201500036943,0015-11-05 08:00:00,15,11,5,8,0,910,345,rue Maurice,,,Plein jour,Hors agglomération,Hors intersection,Normale,Trois véhicules et plus - en chaîne,,,,,,,,,,,1,1,1,1,4
201500036944,0015-11-26 21:40:00,15,11,26,21,40,910,345,"4, CATHELIN DR (BOULEVAR",48.68714,2.29006,Nuit avec éclairage allumé,En agglomération,Hors intersection,Normale,Autre collision,,,,,,,,,,,5,2,1,1,6
201500036945,0015-12-14 19:20:00,15,12,14,19,20,910,161,PASSERELLE (RUE DE LA),48.70028,2.318,Nuit avec éclairage allumé,En agglomération,Intersection en X,Normale,Autre collision,,,,,,,,,,,5,2,2,1,6
201500036946,0015-12-15 09:00:00,15,12,15,9,0,910,161,JEAN MOULIN (ROND POINT,48.71184,2.31019,Plein jour,Hors agglomération,Giratoire,Pluie légère,Deux véhicules - côté,,,,,,,,,,,1,1,6,2,3
201500036947,0015-12-16 18:10:00,15,12,16,18,10,910,161,"11, PIERRE BROSSOLETTE (",48.70126,2.31927,Nuit avec éclairage allumé,En agglomération,Hors intersection,Pluie légère,Autre collision,,,,,,,,,,,5,2,1,2,6
201500036948,0015-12-19 10:00:00,15,12,19,10,0,910,345,"6, PRESIDENT FRANCOIS MI",48.69974,2.29615,Plein jour,En agglomération,Intersection en X,Normale,Autre collision,,,,,,,,,,,1,2,2,1,6
201500036949,0015-12-18 15:40:00,15,12,18,15,40,910,345,"157, CORBEIL (ROUTE DE)",48.68095,2.31366,Plein jour,Hors agglomération,Intersection en T,Pluie légère,Deux véhicules - côté,,,,,,,,,,,1,1,3,2,3
201500036950,0015-12-29 17:50:00,15,12,29,17,50,910,161,"4, HELENE BOUCHER (RUE)",48.71517,2.3037,Nuit sans éclairage public,Hors agglomération,Intersection en T,Normale,Deux véhicules - frontale,,,,,,,,,,,3,1,3,1,1
201500036951,0015-02-12 15:30:00,15,2,12,15,30,910,377,AMPERE (RUE),,,Plein jour,En agglomération,Hors intersection,Normale,Autre collision,,,,,,,,,,,1,2,1,1,6
201500036952,0015-10-21 16:20:00,15,10,21,16,20,910,689,FRESNES (CHEMIN),48.74352,2.32979,Plein jour,Hors agglomération,Hors intersection,Normale,Deux véhicules - frontale,,,,,,,,,,,1,1,1,1,1
201500036953,0015-03-18 07:50:00,15,3,18,7,50,910,377,BASCH (RUE VICTOR),,,Plein jour,En agglomération,Hors intersection,Normale,Autre collision,,,,,,,,,,,1,2,1,1,6
201500036954,0015-03-20 20:20:00,15,3,20,20,20,910,377,DIX-NEUF MARS 1962 (ROND,,,Plein jour,En agglomération,Giratoire,Normale,Trois véhicules et plus - en chaîne,,,,,,,,,,,1,2,6,1,4
201500036955,0015-03-28 09:55:00,15,3,28,9,55,910,377,ALLENDE (ROND POINT SALV,,,Plein jour,En agglomération,Giratoire,Normale,Deux véhicules - arrière,,,,,,,,,,,1,2,6,1,2
201500036956,0015-04-03 16:15:00,15,4,3,16,15,910,377,ORLEANS (IMPASSE D'),,,Plein jour,En agglomération,Hors intersection,Normale,Trois véhicules et plus - en chaîne,,,,,,,,,,,1,2,1,1,4
201500036957,0015-04-06 00:35:00,15,4,6,0,35,910,377,SERGENT (RUE LUCIEN),,,Nuit avec éclairage allumé,En agglomération,Hors intersection,Normale,Deux véhicules - arrière,,,,,,,,,,,5,2,1,1,2
201500036958,0015-11-05 18:45:00,15,11,5,18,45,910,377,CHAMPARTS (RUE DES),48.71666,2.28333,Crépuscule ou aube,Hors agglomération,Intersection en X,Normale,Deux véhicules - côté,,,,,,,,,,,2,1,2,1,3
201500036959,0015-04-08 13:50:00,15,4,8,13,50,910,377,NATIONALE (AVENUE),,,Plein jour,En agglomération,Hors intersection,Normale,Deux véhicules - arrière,,,,,,,,,,,1,2,1,1,2
201500036960,0015-04-08 13:50:00,15,4,8,13,50,910,377,AULNAY DRACOURT (IMPASSE,,,Plein jour,En agglomération,Hors intersection,Normale,Deux véhicules - arrière,,,,,,,,,,,1,2,1,1,2
201500036961,0015-04-14 13:35:00,15,4,14,13,35,910,689,BERTHELOT (RUE MARCELIN),,,Plein jour,En agglomération,Hors intersection,Normale,Deux véhicules - frontale,,,,,,,,,,,1,2,1,1,1