accident_id,datetime,annee,mois,jour,heure,minute,departement,commune_insee,adresse,latitude,longitude,luminosite,agglomeration,intersection,meteo,collision,nb_vehicules,nb_usagers,nb_indemnes,nb_tues,nb_blesses_hosp,nb_blesses_legers,age_cond_1,age_cond_2,veh_type_cond_1,veh_type_cond_2,lum_code,agg_code,int_code,atm_code,col_code
201500036962,0015-04-15 12:25:00,15,4,15,12,25,910,377,KENNEDY (AVENUE DU PRESI,,,Plein jour,En agglomération,Hors intersection,Normale,Deux véhicules - frontale,,,,,,,,,,,1,2,1,1,1
201500036963,0015-08-06 13:00:00,15,8,6,13,0,910,689,"06, EUROPE (BOULEVARD DE",48.73636,2.33653,Plein jour,En agglomération,Hors intersection,Normale,Deux véhicules - frontale,,,,,,,,,,,1,2,1,1,1
201500036964,0015-04-17 16:45:00,15,4,17,16,45,910,377,"7, ROME (RUE DE)",,,Plein jour,En agglomération,Hors intersection,Normale,Autre collision,,,,,,,,,,,1,2,1,1,6
201500036965,0015-04-29 19:45:00,15,4,29,19,45,910,689,"5-6, ANTONY (ROUTE D')",,,Crépuscule ou aube,En agglomération,Hors intersection,Normale,Deux véhicules - côté,,,,,,,,,,,2,2,1,1,3
201500036966,0015-05-09 00:45:00,15,5,9,0,45,910,377,KENNEDY (AVENUE DU PRESI,,,Nuit avec éclairage allumé,En agglomération,Hors intersection,Normale,Deux véhicules - arrière,,,,,,,,,,,5,2,1,1,2
201500036967,0015-05-29 11:20:00,15,5,29,11,20,910,377,CARNOT (AVENUE),,,Plein jour,En agglomération,Hors intersection,Normale,Autre collision,,,,,,,,,,,1,2,1,1,6
201500036968,0015-05-23 16:30:00,15,5,23,16,30,910,377,MONTPELLIER (RUE DE),,,Plein jour,En agglomération,Intersection en X,Normale,Deux véhicules - côté,,,,,,,,,,,1,2,2,1,3
201500036969,0015-06-03 18:00:00,15,6,3,18,0,910,377,EUROPE (AVENUE DE L'),48.7167,2.26667,Plein jour,En agglomération,Hors intersection,Normale,Deux véhicules - arrière,,,,,,,,,,,1,2,1,1,2
201500036970,0015-06-09 18:05:00,15,6,9,18,5,910,377,SAINT-MARC (AVENUE),48.7167,2.28333,Plein jour,En agglomération,Hors intersection,Normale,Autre collision,,,,,,,,,,,1,2,1,1,6
201500036971,0015-06-11 16:30:00,15,6,11,16,30,910,377,LONGJUMEAU (RUE DE),48.7167,2.26667,Plein jour,En agglomération,Intersection en T,Normale,Trois véhicules et plus - collisions multiples,,,,,,,,,,,1,2,3,1,5
201500036972,0015-06-12 17:20:00,15,6,12,17,20,910,689,"10, ARAGO (BOULEVARD)",48.43,2.19,Plein jour,En agglomération,Hors intersection,Normale,Deux véhicules - côté,,,,,,,,,,,1,2,1,1,3
201500036973,0015-01-13 18:20:00,15,1,13,18,20,910,377,"84, PARIS (RUE DE)",,,Nuit avec éclairage allumé,En agglomération,Hors intersection,Normale,Deux véhicules - côté,,,,,,,,,,,5,2,1,1,3
201500036974,0015-06-19 09:48:00,15,6,19,9,48,910,377,KENNEDY (AVENUE DU PRESI,48.73333,2.28333,Plein jour,En agglomération,Intersection en X,Normale,Deux véhicules - frontale,,,,,,,,,,,1,2,2,1,1
201500036975,0015-01-14 08:35:00,15,1,14,8,35,910,377,"1, EFFORT-MUTUEL (RUE DE",,,Nuit avec éclairage allumé,En agglomération,Hors intersection,Pluie légère,Deux véhicules - côté,,,,,,,,,,,5,2,1,2,3
201500036976,0015-01-17 20:35:00,15,1,17,20,35,910,377,LECLERC (AVENUE DU,,,Nuit avec éclairage allumé,En agglomération,Hors intersection,Normale,Deux véhicules - côté,,,,,,,,,,,5,2,1,1,3
201500036977,0015-07-17 18:20:00,15,7,17,18,20,910,377,DE LATTRE DE TASSIGNY (A,,,Plein jour,En agglomération,Hors intersection,Normale,Autre collision,,,,,,,,,,,1,2,1,1,6
201500036978,0015-01-21 21:10:00,15,1,21,21,10,910,377,KENNEDY (AVENUE DU PRESI,,,Plein jour,En agglomération,Hors intersection,Normale,Deux véhicules - côté,,,,,,,,,,,1,2,1,1,3
201500036979,0015-07-26 19:35:00,15,7,26,19,35,910,377,DE LATTRE DE TASSIGNY (A,48.4,2.16,Plein jour,En agglomération,Intersection en T,Pluie légère,Deux véhicules - côté,,,,,,,,,,,1,2,3,2,3
201500036980,0015-01-26 14:20:00,15,1,26,14,20,910,377,EUROPE (AVENUE DE L'),,,Plein jour,En agglomération,Hors intersection,Normale,Trois véhicules et plus - en chaîne,,,,,,,,,,,1,2,1,1,4
201500036981,0015-01-28 12:25:00,15,1,28,12,25,910,377,"2, FRANCE (AVENUE DE)",,,Plein jour,En agglomération,Hors intersection,Normale,Autre collision,,,,,,,,,,,1,2,1,1,6
201500036982,0015-07-30 12:25:00,15,7,30,12,25,910,377,PALAISEAU (ROUTE DE),,,Plein jour,En agglomération,Hors intersection,Normale,Deux véhicules - arrière,,,,,,,,,,,1,2,1,1,2
201500036983,0015-03-07 10:55:00,15,3,7,10,55,910,689,EUROPE (BOULEVARD DE L'),,,Plein jour,En agglomération,Hors intersection,Normale,Deux véhicules - côté,,,,,,,,,,,1,2,1,1,3
201500036984,0015-09-01 19:30:00,15,9,1,19,30,910,377,EUROPE (AVENUE DE L'),48.72675,2.27805,Plein jour,En agglomération,Hors intersection,Normale,Deux véhicules - côté,,,,,,,,,,,1,2,1,1,3
201500036985,0015-03-09 17:50:00,15,3,9,17,50,910,377,CARNOT (AVENUE),,,Plein jour,En agglomération,Hors intersection,Normale,Deux véhicules - côté,,,,,,,,,,,1,2,1,1,3
201500036986,0015-09-06 13:40:00,15,9,6,13,40,910,377,BEL-AIR (AVENUE DU),48.73033,2.30261,Plein jour,En agglomération,Hors intersection,Normale,Deux véhicules - côté,,,,,,,,,,,1,2,1,1,3
201500036987,0015-03-13 20:25:00,15,3,13,20,25,910,377,EUROPE (AVENUE DE L'),,,Crépuscule ou aube,En agglomération,Hors intersection,Normale,Autre collision,,,,,,,,,,,2,2,1,1,6
201500036988,0015-09-09 18:20:00,15,9,9,18,20,910,377,BAUDOT (RUE EMILE),48.43,2.15,Plein jour,En agglomération,Hors intersection,Normale,Deux véhicules - côté,,,,,,,,,,,1,2,1,1,3
201500036989,0015-09-16 06:04:00,15,9,16,6,4,910,377,EUROPE (AVENUE DE L'),,,Nuit avec éclairage allumé,En agglomération,Hors intersection,Pluie légère,Deux véhicules - frontale,,,,,,,,,,,5,2,1,2,1
201500036990,0015-08-14 17:30:00,15,8,14,17,30,910,377,BASCH (RUE VICTOR),,,Plein jour,En agglomération,Hors intersection,Pluie forte,Autre collision,,,,,,,,,,,1,2,1,3,6
201500036991,0015-10-13 08:20:00,15,10,13,8,20,910,377,DE LATTRE DE TASSIGNY (A,48.7167,2.28333,Plein jour,En agglomération,Hors intersection,Normale,Deux véhicules - arrière,,,,,,,,,,,1,2,1,1,2
201500036992,0015-10-14 15:45:00,15,10,14,15,45,910,377,CANADIENS (RUE DES),,,Plein jour,En agglomération,Hors intersection,Normale,Autre collision,,,,,,,,,,,1,2,1,1,6
201500036993,0015-10-26 19:05:00,15,10,26,19,5,910,377,MIGNEAUX (RUE DES),,,Crépuscule ou aube,En agglomération,Intersection en X,Normale,Deux véhicules - côté,,,,,,,,,,,2,2,2,1,3
201500036994,0015-11-03 07:50:00,15,11,3,7,50,910,377,"35, PALAISEAU (ROUTE DE)",48.43,2.14,Plein jour,En agglomération,Hors intersection,Pluie légère,Deux véhicules - côté,,,,,,,,,,,1,2,1,2,3
201500036995,0015-11-16 16:08:00,15,11,16,16,8,910,377,ALLENDE (AVENUE DU PRESI,48.731,2.25642,Plein jour,En agglomération,Hors intersection,Pluie légère,Autre collision,,,,,,,,,,,1,2,1,2,6
201500036996,0015-12-02 17:30:00,15,12,2,17,30,910,377,REPUBLIQUE (AVENUE DE LA,48.73471,2.29551,Nuit avec éclairage allumé,En agglomération,Hors intersection,Normale,Autre collision,,,,,,,,,,,5,2,1,1,6
201500036997,0015-12-09 16:00:00,15,12,9,16,0,910,689,"2, EUROPE (BOULEVARD DE",,,Plein jour,Hors agglomération,Hors intersection,Temps éblouissant,Deux véhicules - frontale,,,,,,,,,,,1,1,1,7,1
201500036998,0015-12-15 18:40:00,15,12,15,18,40,910,377,EUROPE (AVENUE DE L'),48.72683,2.27802,Nuit avec éclairage allumé,En agglomération,Hors intersection,Pluie forte,Autre collision,,,,,,,,,,,5,2,1,3,6
201500036999,0015-12-18 19:50:00,15,12,18,19,50,910,377,KENNEDY (AVENUE DU PRESI,48.73972,2.30081,Nuit avec éclairage allumé,En agglomération,Intersection en T,Normale,Sans collision,,,,,,,,,,,5,2,3,1,7
201500037000,0015-10-16 12:20:00,15,10,16,12,20,910,691,MARCEAU BAILLIOT (RUE),48.70863,2.49473,Plein jour,En agglomération,Hors intersection,Pluie légère,Deux véhicules - frontale,,,,,,,,,,,1,2,1,2,1
201500037001,0015-06-07 23:00:00,15,6,7,23,0,910,421,NATIONALE 6 ( FORET),48.68384,2.48938,Nuit avec éclairage allumé,En agglomération,Hors intersection,Normale,Trois véhicules et plus - en chaîne,,,,,,,,,,,5,2,1,1,4
201500037002,0015-12-31 17:40:00,15,12,31,17,40,910,421,CORBEIL (ROUTE DE),48.71813,2.44319,Plein jour,En agglomération,Hors intersection,Normale,Deux véhicules - arrière,,,,,,,,,,,1,2,1,1,2
201500037003,0015-06-06 18:50:00,15,6,6,18,50,910,691,GABRIEL PERI(RUE) DU N°4,48.70655,2.48808,Plein jour,En agglomération,Intersection en X,Normale,Deux véhicules - côté,,,,,,,,,,,1,2,2,1,3
201500037004,0015-01-07 17:40:00,15,1,7,17,40,910,421,BOIS (RUE DES),,,Plein jour,En agglomération,Hors intersection,Normale,Autre collision,,,,,,,,,,,1,2,1,1,6
201500037005,0015-06-20 10:55:00,15,6,20,10,55,910,421,CHARLES DE GAULLE (AVENU,48.69632,2.4564,Plein jour,En agglomération,Hors intersection,Normale,Autre collision,,,,,,,,,,,1,2,1,1,6
201500037006,0015-06-30 00:45:00,15,6,30,0,45,910,421,RN 6 (GLACIERE),48.69458,2.44717,Nuit sans éclairage public,Hors agglomération,Hors intersection,Normale,Deux véhicules - arrière,,,,,,,,,,,3,1,1,1,2
201500037007,0015-01-13 08:20:00,15,1,13,8,20,910,421,REPUBLIQUE (AVENUE DE LA,,,Plein jour,En agglomération,Hors intersection,Normale,Trois véhicules et plus - en chaîne,,,,,,,,,,,1,2,1,1,4
201500037008,0015-07-03 17:10:00,15,7,3,17,10,910,691,"14, ABBAYE(RUE)",48.71077,2.49816,Plein jour,En agglomération,Hors intersection,Normale,Deux véhicules - frontale,,,,,,,,,,,1,2,1,1,1
201500037009,0015-01-14 19:50:00,15,1,14,19,50,910,691,"181, GABRIEL PERI(RUE)",,,Nuit avec éclairage allumé,En agglomération,Hors intersection,Normale,Autre collision,,,,,,,,,,,5,2,1,1,6
201500037010,0015-11-26 14:00:00,15,11,26,14,0,910,691,RENE COTY(RUE),,,Plein jour,En agglomération,Hors intersection,Normale,Autre collision,,,,,,,,,,,1,2,1,1,6
201500037011,0015-07-10 17:25:00,15,7,10,17,25,910,421,NATIONALE 6 (CES POMPIDO,,,Plein jour,Hors agglomération,Hors intersection,Normale,Deux véhicules - arrière,,,,,,,,,,,1,1,1,1,2
201500037012,0015-01-16 19:35:00,15,1,16,19,35,910,691,RAYMOND POINCARE(RUE),,,Nuit avec éclairage allumé,En agglomération,Intersection en T,Normale,Deux véhicules - côté,,,,,,,,,,,5,2,3,1,3
201500037013,0015-06-12 19:05:00,15,6,12,19,5,910,691,"4, GABRIEL PERI(RUE) DU",48.71199,2.488,Plein jour,En agglomération,Hors intersection,Normale,Deux véhicules - arrière,,,,,,,,,,,1,2,1,1,2
201500037014,0015-01-31 18:05:00,15,1,31,18,5,910,421,NATIONALE 6 (CES POMPIDO,,,Crépuscule ou aube,Hors agglomération,Hors intersection,Normale,Sans collision,,,,,,,,,,,2,1,1,1,7
201500037015,0015-07-24 17:45:00,15,7,24,17,45,910,691,CONCY(RUE),48.70819,2.4825,Plein jour,En agglomération,Giratoire,Normale,Deux véhicules - frontale,,,,,,,,,,,1,2,6,1,1
201500037016,0015-02-02 17:30:00,15,2,2,17,30,910,421,REPUBLIQUE (AVENUE DE LA,,,Crépuscule ou aube,En agglomération,Hors intersection,Normale,Deux véhicules - côté,,,,,,,,,,,2,2,1,1,3
201500037017,0015-08-07 17:15:00,15,8,7,17,15,910,421,NATIONALE 6 (PARTIE FORE,48.68218,2.49105,Plein jour,Hors agglomération,Hors intersection,Pluie forte,Trois véhicules et plus - en chaîne,,,,,,,,,,,1,1,1,3,4
201500037018,0015-02-12 08:55:00,15,2,12,8,55,910,421,"01, CHARLES DE GAULLE (A",,,Plein jour,En agglomération,Hors intersection,Normale,Autre collision,,,,,,,,,,,1,2,1,1,6
201500037019,0015-06-16 17:25:00,15,6,16,17,25,910,421,NATIONALE 6 ( FORET),48.68619,2.48665,Plein jour,Hors agglomération,Hors intersection,Normale,Trois véhicules et plus - en chaîne,,,,,,,,,,,1,1,1,1,4
201500037020,0015-02-16 01:30:00,15,2,16,1,30,910,421,NATIONALE 6 (GLACIERE),,,Nuit avec éclairage non allumé,Hors agglomération,Hors intersection,Normale,Deux véhicules - arrière,,,,,,,,,,,4,1,1,1,2
201500037021,0015-12-16 12:20:00,15,12,16,12,20,910,691,MARCEAU BALLIOT (RUE),48.70768,2.49551,Plein jour,En agglomération,Hors intersection,Pluie légère,Deux véhicules - côté,,,,,,,,,,,1,2,1,2,3
201500037022,0015-08-21 18:25:00,15,8,21,18,25,910,421,PIERRE CURIE (RUE),48.70731,2.4386,Plein jour,En agglomération,Intersection en X,Normale,Deux véhicules - côté,,,,,,,,,,,1,2,2,1,3
201500037023,0015-02-28 21:10:00,15,2,28,21,10,910,691,GABRIEL PERI(RUE),,,Nuit avec éclairage allumé,En agglomération,Hors intersection,Normale,Deux véhicules - arrière,,,,,,,,,,,5,2,1,1,2
201500037024,0015-09-09 10:25:00,15,9,9,10,25,910,421,CHARLES DE GAULLE (AV,,,Plein jour,Hors agglomération,Hors intersection,Normale,Deux véhicules - arrière,,,,,,,,,,,1,1,1,1,2
201500037025,0015-03-07 15:10:00,15,3,7,15,10,910,421,RN 6 (REVEIL MATIN),,,Plein jour,Hors agglomération,Hors intersection,Normale,Deux véhicules - arrière,,,,,,,,,,,1,1,1,1,2
201500037026,0015-12-17 20:45:00,15,12,17,20,45,910,421,JEAN JAURES (AVENUE),48.7156,2.44706,Plein jour,En agglomération,Hors intersection,Normale,Deux véhicules - arrière,,,,,,,,,,,1,2,1,1,2
201500037027,0015-09-10 16:35:00,15,9,10,16,35,910,691,"33, CORNEILLE(RUE)",48.69648,2.48035,Plein jour,Hors agglomération,Hors intersection,Normale,Deux véhicules - frontale,,,,,,,,,,,1,1,1,1,1
201500037028,0015-03-07 17:20:00,15,3,7,17,20,910,421,CHARLES DE GAULLE (AVENU,,,Plein jour,En agglomération,Hors intersection,Normale,Trois véhicules et plus - en chaîne,,,,,,,,,,,1,2,1,1,4
201500037029,0015-09-11 08:15:00,15,9,11,8,15,910,691,GRANGE(AVENUE),48.72259,2.49849,Plein jour,En agglomération,Intersection en T,Normale,Deux véhicules - arrière,,,,,,,,,,,1,2,3,1,2
201500037030,0015-02-23 09:10:00,15,2,23,9,10,910,691,RD 94,,,Plein jour,Hors agglomération,Hors intersection,Pluie légère,Deux véhicules - côté,,,,,,,,,,,1,1,1,2,3
201500037031,0015-09-17 15:30:00,15,9,17,15,30,910,691,"06, RENE COTY(RUE)",48.7185,2.48833,Plein jour,En agglomération,Intersection en Y,Normale,Deux véhicules - frontale,,,,,,,,,,,1,2,4,1,1
201500037032,0015-03-08 22:30:00,15,3,8,22,30,910,421,RN 6 (CES POMPIDOU),,,Nuit avec éclairage non allumé,Hors agglomération,Hors intersection,Normale,Trois véhicules et plus - en chaîne,,,,,,,,,,,4,1,1,1,4
201500037033,0015-09-21 10:45:00,15,9,21,10,45,910,691,GARE (RUE DE LA),48.7069,2.48403,Plein jour,En agglomération,Hors intersection,Normale,Autre collision,,,,,,,,,,,1,2,1,1,6
201500037034,0015-03-25 17:55:00,15,3,25,17,55,910,421,"110, REPUBLIQUE (AVENUE",,,Plein jour,En agglomération,Hors intersection,Pluie légère,Deux véhicules - arrière,,,,,,,,,,,1,2,1,2,2
201500037035,0015-09-22 17:30:00,15,9,22,17,30,910,421,SAULES (CHEMIN DES),48.6936,2.44747,Plein jour,Hors agglomération,Hors intersection,Normale,Deux véhicules - frontale,,,,,,,,,,,1,1,1,1,1
201500037036,0015-03-25 18:30:00,15,3,25,18,30,910,691,"1, MARECHAL FOCH",,,Crépuscule ou aube,En agglomération,Hors intersection,Pluie légère,Autre collision,,,,,,,,,,,2,2,1,2,6
201500037037,0015-09-30 08:20:00,15,9,30,8,20,910,421,RN 6 (REVEIL MATIN),48.71841,2.44304,Plein jour,Hors agglomération,Hors intersection,Normale,Deux véhicules - arrière,,,,,,,,,,,1,1,1,1,2
201500037038,0015-01-12 08:55:00,15,1,12,8,55,910,191,"., LEON JOUHAUX (AVENUE)",,,Plein jour,En agglomération,Intersection en T,Normale,Deux véhicules - côté,,,,,,,,,,,1,2,3,1,3
201500037039,0015-10-01 19:50:00,15,10,1,19,50,910,421,RAYMOND PAUMIER (RUE),48.7042,2.44639,Plein jour,En agglomération,Hors intersection,Normale,Deux véhicules - arrière,,,,,,,,,,,1,2,1,1,2
201500037040,0015-03-30 17:30:00,15,3,30,17,30,910,691,RESISTANCE(AVENUE),,,Plein jour,En agglomération,Intersection en T,Normale,Deux véhicules - frontale,,,,,,,,,,,1,2,3,1,1
201500037041,0015-10-03 07:10:00,15,10,3,7,10,910,691,MARCEAU BAILLIOT (RUE),48.7092,2.49361,Nuit avec éclairage allumé,En agglomération,Hors intersection,Normale,Deux véhicules - frontale,,,,,,,,,,,5,2,1,1,1
201500037042,0015-03-14 13:00:00,15,3,14,13,0,910,691,GOURGAUD(AVENUE),,,Plein jour,En agglomération,Hors intersection,Normale,Deux véhicules - arrière,,,,,,,,,,,1,2,1,1,2
201500037043,0015-09-19 21:05:00,15,9,19,21,5,910,691,MARCEAU BAILLOT (RUE),48.708,2.49525,Nuit sans éclairage public,En agglomération,Hors intersection,Normale,Autre collision,,,,,,,,,,,3,2,1,1,6
201500037044,0015-04-02 16:30:00,15,4,2,16,30,910,691,,,,Plein jour,En agglomération,Intersection en T,Normale,Deux véhicules - côté,,,,,,,,,,,1,2,3,1,3
201500037045,0015-10-13 20:25:00,15,10,13,20,25,910,421,"130, REPUBLIQUE (AVENUE",48.7032,2.46217,Nuit avec éclairage allumé,En agglomération,Hors intersection,Normale,Autre collision,,,,,,,,,,,5,2,1,1,6
201500037046,0015-04-05 19:00:00,15,4,5,19,0,910,691,GUILLAUME BUDE(RUE),,,Plein jour,En agglomération,Intersection en X,Normale,Deux véhicules - côté,,,,,,,,,,,1,2,2,1,3
201500037047,0015-07-05 01:20:00,15,7,5,1,20,910,421,NATIONALE 6 (PARTIE FORE,48.69082,2.45419,Nuit avec éclairage allumé,Hors agglomération,Hors intersection,Normale,Autre collision,,,,,,,,,,,5,1,1,1,6
201500037048,0015-04-12 15:30:00,15,4,12,15,30,910,691,GARE(RUE),,,Plein jour,En agglomération,Giratoire,Normale,Deux véhicules - côté,,,,,,,,,,,1,2,6,1,3
201500037049,0015-10-14 20:15:00,15,10,14,20,15,910,421,SENART (AVENUE DE),48.7005,2.47603,Nuit avec éclairage non allumé,En agglomération,Hors intersection,Normale,Deux véhicules - frontale,,,,,,,,,,,4,2,1,1,1
201500037050,0015-04-12 21:35:00,15,4,12,21,35,910,691,"06, PASTEUR (RUE)",,,Crépuscule ou aube,En agglomération,Hors intersection,Normale,Deux véhicules - côté,,,,,,,,,,,2,2,1,1,3
201500037051,0015-04-18 09:25:00,15,4,18,9,25,910,421,CHARLES DE GAULLE (AVENU,,,Plein jour,En agglomération,Hors intersection,Normale,Autre collision,,,,,,,,,,,1,2,1,1,6
201500037052,0015-10-30 15:50:00,15,10,30,15,50,910,421,RN 6 (PARTIE FORET),48.7213,2.443,Plein jour,Hors agglomération,Hors intersection,Normale,Trois véhicules et plus - en chaîne,,,,,,,,,,,1,1,1,1,4
201500037053,0015-10-30 20:35:00,15,10,30,20,35,910,421,DOCTEUR BESSON (RUE DU),48.69915,2.45525,Nuit avec éclairage allumé,En agglomération,Hors intersection,Normale,Autre collision,,,,,,,,,,,5,2,1,1,6
201500037054,0015-04-21 18:25:00,15,4,21,18,25,910,691,RAYMOND POINCARE(RUE),,,Plein jour,En agglomération,Hors intersection,Normale,Trois véhicules et plus - en chaîne,,,,,,,,,,,1,2,1,1,4
201500037055,0015-04-24 14:00:00,15,4,24,14,0,910,421,CORBEIL (ROUTE DE),,,Plein jour,En agglomération,Hors intersection,Normale,Deux véhicules - arrière,,,,,,,,,,,1,2,1,1,2
201500037056,0015-11-17 10:30:00,15,11,17,10,30,910,691,CHARLE DE GAULLE(RUE),48.71604,2.4907,Plein jour,En agglomération,Intersection en T,Pluie légère,Trois véhicules et plus - collisions multiples,,,,,,,,,,,1,2,3,2,5
201500037057,0015-04-26 19:00:00,15,4,26,19,0,910,691,MARC SANGNIER(RUE),,,Plein jour,En agglomération,Hors intersection,Normale,Autre collision,,,,,,,,,,,1,2,1,1,6
201500037058,0015-11-17 13:50:00,15,11,17,13,50,910,421,NATIONALE 6 (PARTIE FORE,48.69154,2.45189,Plein jour,Hors agglomération,Hors intersection,Pluie légère,Deux véhicules - arrière,,,,,,,,,,,1,1,1,2,2
201500037059,0015-02-19 07:00:00,15,2,19,7,0,910,421,"95, JEAN JAURES (AVENUE)",,,Nuit avec éclairage allumé,En agglomération,Intersection en X,Normale,Deux véhicules - côté,,,,,,,,,,,5,2,2,1,3
201500037060,0015-11-06 18:00:00,15,11,6,18,0,910,421,JEAN JAURES (AVENUE),48.7144,2.44806,Nuit avec éclairage allumé,En agglomération,Hors intersection,Normale,Trois véhicules et plus - en chaîne,,,,,,,,,,,5,2,1,1,4
201500037061,0015-05-03 05:00:00,15,5,3,5,0,910,421,REVEIL MATIN (RUE DU),,,Nuit sans éclairage public,En agglomération,Hors intersection,Normale,Deux véhicules - arrière,,,,,,,,,,,3,2,1,1,2
201500037062,0015-11-08 15:05:00,15,11,8,15,5,910,691,"10, JULIEN(RUE)",48.6976,2.47519,Plein jour,En agglomération,Hors intersection,Normale,Autre collision,,,,,,,,,,,1,2,1,1,6
201500037063,0015-11-08 15:35:00,15,11,8,15,35,910,421,CHARLES DE GAULLE (AVENU,48.6968,2.45786,Plein jour,En agglomération,Intersection en T,Normale,Deux véhicules - côté,,,,,,,,,,,1,2,3,1,3
201500037064,0015-05-17 07:45:00,15,5,17,7,45,910,691,"200, RAYMOND POINCARE(RU",,,Plein jour,En agglomération,Hors intersection,Normale,Deux véhicules - arrière,,,,,,,,,,,1,2,1,1,2
201500037065,0015-05-01 18:20:00,15,5,1,18,20,910,421,NATIONALE 6 (PARTIE FORE,,,Plein jour,Hors agglomération,Hors intersection,Normale,Deux véhicules - côté,,,,,,,,,,,1,1,1,1,3
201500037066,0015-11-10 08:10:00,15,11,10,8,10,910,421,BOIS (RUE DES),48.7063,2.45411,Crépuscule ou aube,En agglomération,Hors intersection,Normale,Deux véhicules - arrière,,,,,,,,,,,2,2,1,1,2
201500037067,0015-12-01 15:35:00,15,12,1,15,35,910,691,"4, MARC SANGNIER(RUE)",48.71388,2.48918,Plein jour,En agglomération,Hors intersection,Normale,Autre collision,,,,,,,,,,,1,2,1,1,6
201500037068,0015-05-24 16:15:00,15,5,24,16,15,910,421,NATIONALE 6 ( FORET),,,Plein jour,Hors agglomération,Hors intersection,Normale,Deux véhicules - arrière,,,,,,,,,,,1,1,1,1,2
201500037069,0015-05-24 23:00:00,15,5,24,23,0,910,421,"151, REPUBLIQUE (AVENUE",,,Nuit avec éclairage allumé,En agglomération,Hors intersection,Normale,Autre collision,,,,,,,,,,,5,2,1,1,6
201500037070,0015-10-16 11:50:00,15,10,16,11,50,910,691,"5, RENE COTY(RUE)",48.71788,2.49655,Plein jour,En agglomération,Hors intersection,Normale,Deux véhicules - frontale,,,,,,,,,,,1,2,1,1,1
201500037071,0015-05-26 16:35:00,15,5,26,16,35,910,421,VIGNES (IMPASSE DES),,,Plein jour,En agglomération,Hors intersection,Normale,Autre collision,,,,,,,,,,,1,2,1,1,6
201500037072,0015-10-16 16:20:00,15,10,16,16,20,910,691,GRANGE(AVENUE),,,Plein jour,En agglomération,Hors intersection,Normale,Deux véhicules - frontale,,,,,,,,,,,1,2,1,1,1
201500037073,0015-12-21 18:10:00,15,12,21,18,10,910,421,NATIONALE 6 (PARTIE FORE,48.69049,2.45745,Plein jour,Hors agglomération,Hors intersection,Normale,Trois véhicules et plus - collisions multiples,,,,,,,,,,,1,1,1,1,5
201500037074,0015-12-23 16:15:00,15,12,23,16,15,910,421,CORBEIL (ROUTE DE),48.7057,2.4393,Plein jour,En agglomération,Hors intersection,Normale,Deux véhicules - côté,,,,,,,,,,,1,2,1,1,3
201500037075,0015-12-27 18:40:00,15,12,27,18,40,910,421,NATIONALE 6 (PARTIE FORE,48.68263,2.49088,Crépuscule ou aube,Hors agglomération,Hors intersection,Normale,Autre collision,,,,,,,,,,,2,1,1,1,6
201500037076,0015-01-01 03:35:00,15,1,1,3,35,910,692,TROPIQUES (AVENUE DES),,,Nuit sans éclairage public,En agglomération,Hors intersection,Temps couvert,Autre collision,,,,,,,,,,,3,2,1,8,6
201500037077,0015-12-26 17:11:00,15,12,26,17,11,910,692,RD35,48.67533,2.19276,Plein jour,Hors agglomération,Giratoire,Normale,Deux véhicules - côté,,,,,,,,,,,1,1,6,1,3
201500037078,0015-04-01 13:25:00,15,4,1,13,25,910,477,STALINGRAD (AVENUE DE),,,Plein jour,En agglomération,Intersection en X,Normale,Deux véhicules - arrière,,,,,,,,,,,1,2,2,1,2
201500037079,0015-01-23 07:50:00,15,1,23,7,50,910,477,PALAISEAU (BOULEVARD,,,Crépuscule ou aube,En agglomération,Intersection en T,Normale,Deux véhicules - frontale,,,,,,,,,,,2,2,3,1,1
201500037080,0015-04-03 06:30:00,15,4,3,6,30,910,692,CD35,,,Nuit sans éclairage public,Hors agglomération,Hors intersection,Pluie légère,Deux véhicules - côté,,,,,,,,,,,3,1,1,2,3
201500037081,0015-01-22 07:50:00,15,1,22,7,50,910,477,"31, GENERAL LECLERC (AVE",,,Crépuscule ou aube,En agglomération,Hors intersection,Normale,Autre collision,,,,,,,,,,,2,2,1,1,6
201500037082,0015-04-03 10:45:00,15,4,3,10,45,910,692,OCEANIE (AVENUE DE L'),,,Plein jour,Hors agglomération,Hors intersection,Normale,Deux véhicules - côté,,,,,,,,,,,1,1,1,1,3
201500037083,0015-01-26 19:10:00,15,1,26,19,10,910,645,CHATENAY (VOIE DE),,,Nuit avec éclairage allumé,En agglomération,Hors intersection,Pluie légère,Autre collision,,,,,,,,,,,5,2,1,2,6
201500037084,0015-04-07 15:30:00,15,4,7,15,30,910,645,"12, allée des meuniers",,,Plein jour,Hors agglomération,Hors intersection,Normale,Autre collision,,,,,,,,,,,1,1,1,1,6
201500037085,0015-01-31 12:20:00,15,1,31,12,20,910,477,"2, GUTENBERG (RUE)",,,Plein jour,En agglomération,Giratoire,Pluie légère,Deux véhicules - arrière,,,,,,,,,,,1,2,6,2,2
201500037086,0015-04-10 08:20:00,15,4,10,8,20,910,645,"38, MARECHAL FOCH (BOULE",,,Plein jour,En agglomération,Hors intersection,Normale,Deux véhicules - frontale,,,,,,,,,,,1,2,1,1,1
201500037087,0015-12-30 16:00:00,15,12,30,16,0,910,477,"07, PREMIER MAI (AVENUE",48.71224,2.25696,Plein jour,En agglomération,Hors intersection,Normale,Deux véhicules - côté,,,,,,,,,,,1,2,1,1,3