accident_id,datetime,annee,mois,jour,heure,minute,departement,commune_insee,adresse,latitude,longitude,luminosite,agglomeration,intersection,meteo,collision,nb_vehicules,nb_usagers,nb_indemnes,nb_tues,nb_blesses_hosp,nb_blesses_legers,age_cond_1,age_cond_2,veh_type_cond_1,veh_type_cond_2,lum_code,agg_code,int_code,atm_code,col_code
201500037347,0015-04-08 10:00:00,15,4,8,10,0,920,4,"29, GRANDE RUE CHARLES D",,,Plein jour,En agglomération,Hors intersection,Normale,Autre collision,,,,,,,,,,,1,2,1,1,6
201500037348,0015-04-09 17:30:00,15,4,9,17,30,920,4,"31, PAUL DEROULEDE",,,Nuit sans éclairage public,En agglomération,Intersection en T,Normale,Deux véhicules - côté,,,,,,,,,,,3,2,3,1,3
201500037349,0015-04-10 13:00:00,15,4,10,13,0,920,4,"150, MENIL",,,Plein jour,En agglomération,Hors intersection,Normale,Deux véhicules - arrière,,,,,,,,,,,1,2,1,1,2
201500037350,0015-04-11 08:50:00,15,4,11,8,50,920,4,"257 BIS, ARGENTEUIL N? 1",,,Plein jour,En agglomération,Autre intersection,Normale,Deux véhicules - arrière,,,,,,,,,,,1,2,9,1,2
201500037351,0015-04-11 11:25:00,15,4,11,11,25,920,4,"19, GRANDE RUE CHARLES D",,,Plein jour,En agglomération,Hors intersection,Normale,Autre collision,,,,,,,,,,,1,2,1,1,6
201500037352,0015-04-14 18:05:00,15,4,14,18,5,920,9,"1, HISPANO SUIZA",,,Plein jour,En agglomération,Hors intersection,Normale,Autre collision,,,,,,,,,,,1,2,1,1,6
201500037353,0015-04-15 08:10:00,15,4,15,8,10,920,4,"NS, PONT DE CLICHY",,,Plein jour,En agglomération,Hors intersection,Normale,Deux véhicules - côté,,,,,,,,,,,1,2,1,1,3
201500037354,0015-04-16 11:30:00,15,4,16,11,30,920,4,"NS, PIERRE DURAND",,,Plein jour,En agglomération,Hors intersection,Normale,Autre collision,,,,,,,,,,,1,2,1,1,6
201500037355,0015-04-17 09:10:00,15,4,17,9,10,920,4,"364, ARGENTEUIL N° 176 A",,,Plein jour,En agglomération,Intersection en T,Normale,Autre collision,,,,,,,,,,,1,2,3,1,6
201500037356,0015-04-20 16:00:00,15,4,20,16,0,920,9,"2, MARCEL BINET ( RUE )",,,Plein jour,En agglomération,Hors intersection,Normale,Deux véhicules - côté,,,,,,,,,,,1,2,1,1,3
201500037357,0015-04-21 20:15:00,15,4,21,20,15,920,4,"79, VOLTAIRE ( BD )",,,Plein jour,En agglomération,Hors intersection,Normale,Deux véhicules - côté,,,,,,,,,,,1,2,1,1,3
201500037358,0015-04-22 08:10:00,15,4,22,8,10,920,4,"NS, DOCTEUR DERVAUX  ( Q",,,Plein jour,En agglomération,Hors intersection,Normale,Deux véhicules - arrière,,,,,,,,,,,1,2,1,1,2
201500037359,0015-04-26 14:35:00,15,4,26,14,35,920,4,"NS, PIERRE DE COUBERTIN",,,Plein jour,En agglomération,Intersection en X,Pluie légère,Deux véhicules - côté,,,,,,,,,,,1,2,2,2,3
201500037360,0015-04-27 22:40:00,15,4,27,22,40,920,4,"23, ROBERT DUPONT",,,Nuit avec éclairage allumé,En agglomération,Hors intersection,Normale,Autre collision,,,,,,,,,,,5,2,1,1,6
201500037361,0015-04-29 12:05:00,15,4,29,12,5,920,4,"NS, PIERRE BROSSOLETTE",,,Plein jour,En agglomération,Intersection en X,Normale,Autre collision,,,,,,,,,,,1,2,2,1,6
201500037362,0015-04-30 10:20:00,15,4,30,10,20,920,4,"NS, REDOUTE ( AVENUE DE",,,Plein jour,En agglomération,Intersection en T,Pluie forte,Autre collision,,,,,,,,,,,1,2,3,3,6
201500037363,0015-04-30 19:40:00,15,4,30,19,40,920,4,"NS, GRANDE RUE CHARLES D",,,Plein jour,En agglomération,Hors intersection,Pluie légère,Autre collision,,,,,,,,,,,1,2,1,2,6
201500037364,0015-05-01 12:20:00,15,5,1,12,20,920,4,"1, ARGENTEUIL AV D'",,,Plein jour,En agglomération,Intersection en X,Pluie forte,Autre collision,,,,,,,,,,,1,2,2,3,6
201500037365,0015-05-03 17:30:00,15,5,3,17,30,920,24,"NS, RUE CASTERES",,,Plein jour,En agglomération,Intersection en X,Normale,Deux véhicules - côté,,,,,,,,,,,1,2,2,1,3
201500037366,0015-05-07 13:10:00,15,5,7,13,10,920,4,"NS, ARGENTEUIL AV D'",,,Plein jour,En agglomération,Intersection en X,Normale,Deux véhicules - côté,,,,,,,,,,,1,2,2,1,3
201500037367,0015-05-13 19:10:00,15,5,13,19,10,920,4,"36, ABBE LEMIRE DE L'",,,Plein jour,En agglomération,Hors intersection,Normale,Autre collision,,,,,,,,,,,1,2,1,1,6
201500037368,0015-05-14 15:30:00,15,5,14,15,30,920,4,"NS, JEAN JAURES",,,Plein jour,En agglomération,Intersection en T,Pluie légère,Deux véhicules - côté,,,,,,,,,,,1,2,3,2,3
201500037369,0015-05-20 15:30:00,15,5,20,15,30,920,4,"16, PIERRE BROSSOLETTE",,,Plein jour,En agglomération,Hors intersection,Normale,Autre collision,,,,,,,,,,,1,2,1,1,6
201500037370,0015-05-20 16:50:00,15,5,20,16,50,920,4,"02, HOTEL DE VILLE   ( P",,,Plein jour,En agglomération,Hors intersection,Normale,Autre collision,,,,,,,,,,,1,2,1,1,6
201500037371,0015-05-21 08:20:00,15,5,21,8,20,920,4,"NS, DOCTEUR DERVAUX  ( Q",,,Plein jour,En agglomération,Hors intersection,Normale,Deux véhicules - arrière,,,,,,,,,,,1,2,1,1,2
201500037372,0015-05-21 16:07:00,15,5,21,16,7,920,36,"NS, boulevard galliéni",,,Plein jour,En agglomération,Intersection en X,Normale,Deux véhicules - côté,,,,,,,,,,,1,2,2,1,3
201500037373,0015-05-23 09:20:00,15,5,23,9,20,920,4,"04, MAURICE BOKANOWSKI",,,Plein jour,En agglomération,Hors intersection,Normale,Autre collision,,,,,,,,,,,1,2,1,1,6
201500037374,0015-05-25 20:00:00,15,5,25,20,0,920,4,"NS, VOLTAIRE ( BD )",,,Plein jour,En agglomération,Intersection en T,Normale,Deux véhicules - côté,,,,,,,,,,,1,2,3,1,3
201500037375,0015-05-26 23:40:00,15,5,26,23,40,920,4,"364, ARGENTEUIL N° 176 A",,,Plein jour,En agglomération,Intersection en X,Normale,Deux véhicules - côté,,,,,,,,,,,1,2,2,1,3
201500037376,0015-05-27 14:25:00,15,5,27,14,25,920,4,"26, VOLTAIRE ( BD )",,,Plein jour,En agglomération,Giratoire,Normale,Autre collision,,,,,,,,,,,1,2,6,1,6
201500037377,0015-06-01 18:55:00,15,6,1,18,55,920,4,"NS, AULAGNIER ( QUAI )",,,Plein jour,En agglomération,Hors intersection,Normale,Autre collision,,,,,,,,,,,1,2,1,1,6
201500037378,0015-06-01 21:30:00,15,6,1,21,30,920,4,"84, ARGENTEUIL AV D'",,,Plein jour,En agglomération,Hors intersection,Normale,Sans collision,,,,,,,,,,,1,2,1,1,7
201500037379,0015-06-01 16:15:00,15,6,1,16,15,920,4,"107, DOCTEUR DERVAUX  (",,,Plein jour,En agglomération,Hors intersection,Normale,Autre collision,,,,,,,,,,,1,2,1,1,6
201500037380,0015-06-04 09:55:00,15,6,4,9,55,920,4,"NS, PONT DE CLICHY",,,Plein jour,En agglomération,Intersection en T,Normale,Deux véhicules - côté,,,,,,,,,,,1,2,3,1,3
201500037381,0015-06-04 16:05:00,15,6,4,16,5,920,4,"186, ARGENTEUIL N° 176 A",,,Plein jour,En agglomération,Hors intersection,Normale,Deux véhicules - arrière,,,,,,,,,,,1,2,1,1,2
201500037382,0015-06-05 14:00:00,15,6,5,14,0,920,4,"103, ARGENTEUIL AV D'",,,Plein jour,En agglomération,Intersection en T,Normale,Deux véhicules - côté,,,,,,,,,,,1,2,3,1,3
201500037383,0015-06-06 12:50:00,15,6,6,12,50,920,4,"163, AULAGNIER ( QUAI )",,,Plein jour,En agglomération,Hors intersection,Normale,Trois véhicules et plus - en chaîne,,,,,,,,,,,1,2,1,1,4
201500037384,0015-06-12 14:30:00,15,6,12,14,30,920,4,"252, GRESILLONS ( AVENUE",,,Plein jour,En agglomération,Hors intersection,Normale,Deux véhicules - côté,,,,,,,,,,,1,2,1,1,3
201500037385,0015-06-14 14:15:00,15,6,14,14,15,920,4,"NS, PONT D'ASNIERES",,,Plein jour,En agglomération,Intersection en X,Normale,Deux véhicules - côté,,,,,,,,,,,1,2,2,1,3
201500037386,0015-06-15 16:05:00,15,6,15,16,5,920,9,"ns, HOCHE ( RUE )",,,Plein jour,En agglomération,Intersection en X,Normale,Deux véhicules - arrière,,,,,,,,,,,1,2,2,1,2
201500037387,0015-06-16 17:25:00,15,6,16,17,25,920,4,"15, GRANDE RUE CHARLES D",,,Plein jour,En agglomération,Hors intersection,Normale,Deux véhicules - arrière,,,,,,,,,,,1,2,1,1,2
201500037388,0015-06-17 09:00:00,15,6,17,9,0,920,4,"NS, GRANDE RUE CHARLES D",,,Plein jour,En agglomération,Intersection en T,Normale,Deux véhicules - arrière,,,,,,,,,,,1,2,3,1,2
201500037389,0015-06-19 13:55:00,15,6,19,13,55,920,4,"ns, EMILE ZOLA ( RUE )",,,Plein jour,En agglomération,Intersection en X,Normale,Deux véhicules - côté,,,,,,,,,,,1,2,2,1,3
201500037390,0015-06-19 20:40:00,15,6,19,20,40,920,4,"125, AULAGNIER ( QUAI )",,,Plein jour,En agglomération,Hors intersection,Normale,Deux véhicules - arrière,,,,,,,,,,,1,2,1,1,2
201500037391,0015-06-22 08:43:00,15,6,22,8,43,920,4,"NS, ARGENTEUIL AV D'",,,Plein jour,En agglomération,Intersection en T,Normale,Deux véhicules - côté,,,,,,,,,,,1,2,3,1,3
201500037392,0015-06-22 19:20:00,15,6,22,19,20,920,4,"24, GRANDE RUE CHARLES D",,,Plein jour,En agglomération,Hors intersection,Pluie forte,Deux véhicules - côté,,,,,,,,,,,1,2,1,3,3
201500037393,0015-06-23 14:01:00,15,6,23,14,1,920,9,"131, PIERRE JOIGNEAU ( R",,,Plein jour,En agglomération,Intersection en T,Normale,Deux véhicules - côté,,,,,,,,,,,1,2,3,1,3
201500037394,0015-06-19 22:45:00,15,6,19,22,45,920,9,"NS, BOURGUIGNONS ( RUE 3",,,Plein jour,En agglomération,Intersection en T,Normale,Deux véhicules - côté,,,,,,,,,,,1,2,3,1,3
201500037395,0015-07-01 14:20:00,15,7,1,14,20,920,4,"122, VOLTAIRE ( BD )",,,Plein jour,En agglomération,Intersection en X,Normale,Deux véhicules - côté,,,,,,,,,,,1,2,2,1,3
201500037396,0015-07-03 14:45:00,15,7,3,14,45,920,4,PONT DE CLICHY,,,Plein jour,En agglomération,Hors intersection,Normale,Deux véhicules - côté,,,,,,,,,,,1,2,1,1,3
201500037397,0015-07-06 00:10:00,15,7,6,0,10,920,4,"NS, AULAGNIER ( QUAI )",,,Nuit avec éclairage allumé,En agglomération,Hors intersection,Normale,Deux véhicules - arrière,,,,,,,,,,,5,2,1,1,2
201500037398,0015-07-10 09:20:00,15,7,10,9,20,920,4,"NS, LAURENT-CELY  ( AVEN",,,Plein jour,En agglomération,Intersection en X,Normale,Deux véhicules - côté,,,,,,,,,,,1,2,2,1,3
201500037399,0015-07-11 09:00:00,15,7,11,9,0,920,4,"54, BOURGUIGNONS (RUE 2",,,Plein jour,En agglomération,Hors intersection,Normale,Deux véhicules - arrière,,,,,,,,,,,1,2,1,1,2
201500037400,0015-07-13 23:05:00,15,7,13,23,5,920,4,"NS, EMILE ZOLA ( RUE )",,,Nuit avec éclairage allumé,En agglomération,Intersection en X,Normale,Deux véhicules - côté,,,,,,,,,,,5,2,2,1,3
201500037401,0015-07-15 19:30:00,15,7,15,19,30,920,4,"NS, DIX HUIT JUIN 40 ( R",,,Plein jour,En agglomération,Intersection en X,Normale,Deux véhicules - côté,,,,,,,,,,,1,2,2,1,3
201500037402,0015-07-24 14:50:00,15,7,24,14,50,920,4,"20, BOURGUIGNONS (RUE 2",,,Plein jour,En agglomération,Hors intersection,Normale,Deux véhicules - frontale,,,,,,,,,,,1,2,1,1,1
201500037403,0015-07-24 10:35:00,15,7,24,10,35,920,9,"83, BOURGUIGNONS ( RUE 3",,,Plein jour,En agglomération,Hors intersection,Normale,Autre collision,,,,,,,,,,,1,2,1,1,6
201500037404,0015-07-25 08:50:00,15,7,25,8,50,920,4,"158, ARGENTEUIL AV D'",,,Plein jour,En agglomération,Hors intersection,Pluie forte,Autre collision,,,,,,,,,,,1,2,1,3,6
201500037405,0015-07-26 13:40:00,15,7,26,13,40,920,4,"40, REDOUTE ( AVENUE DE",,,Plein jour,En agglomération,Hors intersection,Normale,Autre collision,,,,,,,,,,,1,2,1,1,6
201500037406,0015-07-27 07:40:00,15,7,27,7,40,920,4,"NS, AULAGNIER ( QUAI )",,,Plein jour,En agglomération,Intersection en Y,Pluie légère,Sans collision,,,,,,,,,,,1,2,4,2,7
201500037407,0015-07-27 09:04:00,15,7,27,9,4,920,4,"NS, PONT D'ASNIERES",,,Plein jour,En agglomération,Hors intersection,Normale,Deux véhicules - côté,,,,,,,,,,,1,2,1,1,3
201500037408,0015-07-30 16:05:00,15,7,30,16,5,920,4,"NS, VOLTAIRE  ( PLACE )",,,Plein jour,En agglomération,Giratoire,Normale,Deux véhicules - côté,,,,,,,,,,,1,2,6,1,3
201500037409,0015-07-31 12:50:00,15,7,31,12,50,920,4,"46bis, ROBERT DUPONT",,,Plein jour,En agglomération,Hors intersection,Normale,Deux véhicules - côté,,,,,,,,,,,1,2,1,1,3
201500037410,0015-07-31 14:30:00,15,7,31,14,30,920,4,"NS, MARNE   ( AVENUE DE",,,Plein jour,En agglomération,Intersection en X,Normale,Deux véhicules - côté,,,,,,,,,,,1,2,2,1,3
201500037411,0015-08-14 19:10:00,15,8,14,19,10,920,4,"07, REDOUTE ( AVENUE DE",,,Plein jour,En agglomération,Hors intersection,Normale,Autre collision,,,,,,,,,,,1,2,1,1,6
201500037412,0015-08-21 02:15:00,15,8,21,2,15,920,4,"117-119, AULAGNIER ( QUA",,,Nuit avec éclairage allumé,En agglomération,Hors intersection,Normale,Autre collision,,,,,,,,,,,5,2,1,1,6
201500037413,0015-08-24 07:45:00,15,8,24,7,45,920,9,"NS, MINIMES ( RUE DES )",,,Plein jour,En agglomération,Intersection en X,Pluie légère,Autre collision,,,,,,,,,,,1,2,2,2,6
201500037414,0015-08-24 10:05:00,15,8,24,10,5,920,4,"59, DOCTEUR DERVAUX  ( Q",,,Plein jour,En agglomération,Hors intersection,Pluie légère,Sans collision,,,,,,,,,,,1,2,1,2,7
201500037415,0015-08-22 22:00:00,15,8,22,22,0,920,9,"02, VERDUN ( AVENUE DE )",,,Nuit avec éclairage allumé,En agglomération,Hors intersection,Normale,Sans collision,,,,,,,,,,,5,2,1,1,7
201500037416,0015-08-30 08:15:00,15,8,30,8,15,920,4,"27, STEFEN",,,Plein jour,En agglomération,Hors intersection,Normale,Autre collision,,,,,,,,,,,1,2,1,1,6
201500037417,0015-09-01 11:50:00,15,9,1,11,50,920,9,"NS, ADOLPHE GUYOT ( RUE",,,Plein jour,En agglomération,Intersection en X,Normale,Autre collision,,,,,,,,,,,1,2,2,1,6
201500037418,0015-09-01 13:50:00,15,9,1,13,50,920,9,"102, CHARLES CHEFSON ( R",,,Plein jour,En agglomération,Intersection en T,Normale,Autre collision,,,,,,,,,,,1,2,3,1,6
201500037419,0015-09-04 12:50:00,15,9,4,12,50,920,4,"NS, GRESILLONS ( AVENUE",,,Plein jour,En agglomération,Intersection en X,Normale,Deux véhicules - côté,,,,,,,,,,,1,2,2,1,3
201500037420,0015-09-05 14:25:00,15,9,5,14,25,920,4,"NS, GABRIEL PERI (AVE )",,,Plein jour,En agglomération,Intersection en T,Normale,Trois véhicules et plus - en chaîne,,,,,,,,,,,1,2,3,1,4
201500037421,0015-09-10 01:50:00,15,9,10,1,50,920,4,"NS, DOCTEUR DERVAUX  ( Q",,,Nuit avec éclairage allumé,En agglomération,Hors intersection,Normale,Autre collision,,,,,,,,,,,5,2,1,1,6
201500037422,0015-09-11 13:16:00,15,9,11,13,16,920,9,"NS, R. P.CORENTIN-CLOARE",,,Plein jour,En agglomération,Intersection en T,Normale,Autre collision,,,,,,,,,,,1,2,3,1,6
201500037423,0015-09-14 15:45:00,15,9,14,15,45,920,4,"NS, PIERRE DE COUBERTIN",,,Plein jour,En agglomération,Intersection en T,Normale,Sans collision,,,,,,,,,,,1,2,3,1,7
201500037424,0015-09-15 01:20:00,15,9,15,1,20,920,4,"NS, PONT D'ASNIERES",,,Nuit avec éclairage allumé,En agglomération,Intersection en X,Normale,Deux véhicules - côté,,,,,,,,,,,5,2,2,1,3
201500037425,0015-09-17 15:10:00,15,9,17,15,10,920,4,"32, ARGENTEUIL AV D'",,,Plein jour,En agglomération,Hors intersection,Normale,Autre collision,,,,,,,,,,,1,2,1,1,6
201500037426,0015-09-23 09:20:00,15,9,23,9,20,920,4,"49, COMETE  ( RUE DE LA",,,Plein jour,En agglomération,Hors intersection,Normale,Deux véhicules - côté,,,,,,,,,,,1,2,1,1,3
201500037427,0015-09-29 13:40:00,15,9,29,13,40,920,4,"NS, PONT DE CLICHY",,,Plein jour,En agglomération,Hors intersection,Normale,Deux véhicules - côté,,,,,,,,,,,1,2,1,1,3
201500037428,0015-10-02 09:30:00,15,10,2,9,30,920,4,"41, ROBERT DUPONT",,,Plein jour,En agglomération,Intersection en X,Normale,Autre collision,,,,,,,,,,,1,2,2,1,6
201500037429,0015-10-06 14:20:00,15,10,6,14,20,920,4,"NS, DOCTEUR DERVAUX  ( Q",,,Plein jour,En agglomération,Intersection en X,Normale,Deux véhicules - côté,,,,,,,,,,,1,2,2,1,3
201500037430,0015-10-09 17:40:00,15,10,9,17,40,920,4,"18, DIX HUIT JUIN 40 ( R",,,Plein jour,En agglomération,Hors intersection,Normale,Autre collision,,,,,,,,,,,1,2,1,1,6
201500037431,0015-10-10 07:50:00,15,10,10,7,50,920,4,"52, BOURGUIGNONS (RUE 2",,,Plein jour,En agglomération,Hors intersection,Normale,Autre collision,,,,,,,,,,,1,2,1,1,6
201500037432,0015-10-15 08:38:00,15,10,15,8,38,920,9,"NS, PASTEUR  ( RUE )",,,Plein jour,En agglomération,Intersection en X,Normale,Autre collision,,,,,,,,,,,1,2,2,1,6
201500037433,0015-10-16 09:10:00,15,10,16,9,10,920,4,"104, ARGENTEUIL AV D'",,,Plein jour,En agglomération,Hors intersection,Pluie légère,Autre collision,,,,,,,,,,,1,2,1,2,6
201500037434,0015-10-16 15:00:00,15,10,16,15,0,920,4,"90, MENIL",,,Plein jour,En agglomération,Hors intersection,Normale,Deux véhicules - côté,,,,,,,,,,,1,2,1,1,3
201500037435,0015-10-16 15:15:00,15,10,16,15,15,920,4,"45, PIERRE BROSSOLETTE",,,Plein jour,En agglomération,Hors intersection,Normale,Autre collision,,,,,,,,,,,1,2,1,1,6
201500037436,0015-10-17 21:50:00,15,10,17,21,50,920,4,"ns, FAIDHERBE ( AVENUE )",,,Nuit avec éclairage allumé,En agglomération,Intersection en T,Normale,Deux véhicules - côté,,,,,,,,,,,5,2,3,1,3
201500037437,0015-10-20 12:20:00,15,10,20,12,20,920,4,"NS, AULAGNIER ( QUAI )",,,Plein jour,En agglomération,Intersection en Y,Normale,Autre collision,,,,,,,,,,,1,2,4,1,6
201500037438,0015-10-20 17:30:00,15,10,20,17,30,920,4,"03, REDOUTE ( AVENUE DE",,,Plein jour,En agglomération,Intersection en X,Pluie légère,Autre collision,,,,,,,,,,,1,2,2,2,6
201500037439,0015-10-23 16:35:00,15,10,23,16,35,920,4,"NS, LAURENT-CELY  ( AVEN",,,Plein jour,En agglomération,Intersection en X,Normale,Sans collision,,,,,,,,,,,1,2,2,1,7
201500037440,0015-10-22 22:35:00,15,10,22,22,35,920,4,"5, MARNE   ( AVENUE DE L",,,Nuit avec éclairage allumé,En agglomération,Hors intersection,Normale,Deux véhicules - frontale,,,,,,,,,,,5,2,1,1,1
201500037441,0015-10-27 09:40:00,15,10,27,9,40,920,4,"NS, ROBERT DUPONT",,,Plein jour,En agglomération,Hors intersection,Normale,Autre collision,,,,,,,,,,,1,2,1,1,6
201500037442,0015-10-30 10:45:00,15,10,30,10,45,920,4,"68, SABLIERE",,,Plein jour,En agglomération,Intersection en Y,Normale,Autre collision,,,,,,,,,,,1,2,4,1,6
201500037443,0015-11-02 12:15:00,15,11,2,12,15,920,4,"24, VOLTAIRE ( BD )",,,Plein jour,En agglomération,Hors intersection,Normale,Autre collision,,,,,,,,,,,1,2,1,1,6
201500037444,0015-11-03 17:10:00,15,11,3,17,10,920,4,"91, GABRIEL PERI (AVE )",,,Nuit avec éclairage allumé,En agglomération,Hors intersection,Normale,Deux véhicules - arrière,,,,,,,,,,,5,2,1,1,2
201500037445,0015-11-05 08:45:00,15,11,5,8,45,920,36,A86 EXT,,,Plein jour,Hors agglomération,Hors intersection,Normale,Deux véhicules - arrière,,,,,,,,,,,1,1,1,1,2
201500037446,0015-11-11 17:30:00,15,11,11,17,30,920,9,"NS, BOURGUIGNONS ( RUE 0",,,Crépuscule ou aube,En agglomération,Hors intersection,Normale,Deux véhicules - arrière,,,,,,,,,,,2,2,1,1,2
201500037447,0015-11-14 22:20:00,15,11,14,22,20,920,4,"219, AULAGNIER ( QUAI )",,,Nuit sans éclairage public,En agglomération,Hors intersection,Normale,Autre collision,,,,,,,,,,,3,2,1,1,6
201500037448,0015-11-16 14:15:00,15,11,16,14,15,920,4,"NS, PONT DE CLICHY",,,Plein jour,En agglomération,Intersection en X,Normale,Deux véhicules - côté,,,,,,,,,,,1,2,2,1,3
201500037449,0015-11-19 08:40:00,15,11,19,8,40,920,4,"NS, COMETE  ( RUE DE LA",,,Plein jour,En agglomération,Intersection en X,Normale,Autre collision,,,,,,,,,,,1,2,2,1,6
201500037450,0015-11-19 12:30:00,15,11,19,12,30,920,4,"338, ARGENTEUIL N° 176 A",,,Plein jour,En agglomération,Hors intersection,Normale,Autre collision,,,,,,,,,,,1,2,1,1,6
201500037451,0015-11-19 17:00:00,15,11,19,17,0,920,4,"NS, GALLIENI ( RUE )",,,Crépuscule ou aube,En agglomération,Hors intersection,Normale,Autre collision,,,,,,,,,,,2,2,1,1,6
201500037452,0015-11-24 19:30:00,15,11,24,19,30,920,4,"NS, PIERRE BROSSOLETTE",,,Nuit avec éclairage allumé,En agglomération,Intersection en X,Pluie légère,Autre collision,,,,,,,,,,,5,2,2,2,6
201500037453,0015-11-27 08:45:00,15,11,27,8,45,920,4,"NS, GALLIENI ( RUE )",,,Plein jour,En agglomération,Intersection en X,Normale,Deux véhicules - côté,,,,,,,,,,,1,2,2,1,3
201500037454,0015-12-03 14:30:00,15,12,3,14,30,920,4,"107, DOCTEUR DERVAUX  (",,,Plein jour,En agglomération,Intersection en Y,Normale,Autre collision,,,,,,,,,,,1,2,4,1,6
201500037455,0015-12-04 23:55:00,15,12,4,23,55,920,4,"NS, ARGENTEUIL AV D'",,,Nuit avec éclairage allumé,En agglomération,Intersection en X,Normale,Deux véhicules - côté,,,,,,,,,,,5,2,2,1,3
201500037456,0015-12-06 16:55:00,15,12,6,16,55,920,9,"40, PASTEUR  ( RUE )",,,Nuit avec éclairage allumé,En agglomération,Hors intersection,Normale,Autre collision,,,,,,,,,,,5,2,1,1,6
201500037457,0015-12-07 14:50:00,15,12,7,14,50,920,4,"24, HENRI POINCARE",,,Plein jour,En agglomération,Intersection en X,Normale,Deux véhicules - frontale,,,,,,,,,,,1,2,2,1,1
201500037458,0015-12-08 15:15:00,15,12,8,15,15,920,4,"178, VOLTAIRE ( BD )",,,Plein jour,En agglomération,Intersection en T,Pluie légère,Trois véhicules et plus - collisions multiples,,,,,,,,,,,1,2,3,2,5
201500037459,0015-12-08 18:00:00,15,12,8,18,0,920,4,"NS, ARGENTEUIL AV D'",,,Crépuscule ou aube,En agglomération,Intersection en X,Pluie légère,Autre collision,,,,,,,,,,,2,2,2,2,6
201500037460,0015-12-09 09:10:00,15,12,9,9,10,920,4,"47, DOCTEUR DERVAUX  ( Q",,,Plein jour,En agglomération,Hors intersection,Normale,Deux véhicules - côté,,,,,,,,,,,1,2,1,1,3
201500037461,0015-12-13 15:00:00,15,12,13,15,0,920,4,"77, PIERRE BOUDOU",,,Plein jour,En agglomération,Hors intersection,Normale,Sans collision,,,,,,,,,,,1,2,1,1,7
201500037462,0015-12-14 12:10:00,15,12,14,12,10,920,9,"NS, PEUPLIERS  ( RUE DES",,,Plein jour,En agglomération,Intersection à plus de 4 branches,Normale,Deux véhicules - côté,,,,,,,,,,,1,2,5,1,3
201500037463,0015-12-15 20:45:00,15,12,15,20,45,920,4,"189, ARGENTEUIL AV D'",,,Plein jour,En agglomération,Hors intersection,Pluie légère,Autre collision,,,,,,,,,,,1,2,1,2,6
201500037464,0015-12-15 21:40:00,15,12,15,21,40,920,9,"NEANT, CHARLES-DE-GAULLE",,,Nuit avec éclairage allumé,En agglomération,Intersection en X,Pluie légère,Deux véhicules - côté,,,,,,,,,,,5,2,2,2,3
201500037465,0015-12-17 17:30:00,15,12,17,17,30,920,4,"02, REDOUTE ( AVENUE DE",,,Crépuscule ou aube,En agglomération,Hors intersection,Normale,Deux véhicules - arrière,,,,,,,,,,,2,2,1,1,2
201500037466,0015-12-19 13:00:00,15,12,19,13,0,920,9,"54, CHEVREUL ( AVENUE )",,,Plein jour,En agglomération,Intersection en T,Normale,Deux véhicules - côté,,,,,,,,,,,1,2,3,1,3
201500037467,0015-12-21 17:00:00,15,12,21,17,0,920,4,"24, MOURINOUX ( RUE DES",,,Plein jour,En agglomération,Hors intersection,Pluie légère,Deux véhicules - côté,,,,,,,,,,,1,2,1,2,3
201500037468,0015-12-27 12:00:00,15,12,27,12,0,920,4,"32, AULAGNIER ( QUAI )",,,Plein jour,En agglomération,Hors intersection,Normale,Deux véhicules - arrière,,,,,,,,,,,1,2,1,1,2
201500037469,0015-12-27 14:15:00,15,12,27,14,15,920,4,"01, REDOUTE ( AVENUE DE",,,Plein jour,En agglomération,Hors intersection,Normale,Autre collision,,,,,,,,,,,1,2,1,1,6
201500037470,0015-12-29 12:20:00,15,12,29,12,20,920,4,"18, VOLTAIRE ( BD )",,,Plein jour,En agglomération,Hors intersection,Normale,Autre collision,,,,,,,,,,,1,2,1,1,6
201500037471,0015-01-09 15:00:00,15,1,9,15,0,920,7,"32, BARBUSSE (AVENUE HEN",,,Plein jour,En agglomération,Hors intersection,Normale,Autre collision,,,,,,,,,,,1,2,1,1,6
201500037472,0015-01-10 20:10:00,15,1,10,20,10,920,7,"208, BRIAND (AVENUE ARIS",,,Nuit sans éclairage public,En agglomération,Hors intersection,Normale,Autre collision,,,,,,,,,,,3,2,1,1,6
201500037473,0015-01-13 19:10:00,15,1,13,19,10,920,7,BRIAND (AVENUE ARISTIDE),,,Nuit avec éclairage allumé,En agglomération,Intersection en T,Pluie légère,Deux véhicules - côté,,,,,,,,,,,5,2,3,2,3
201500037474,0015-02-09 11:15:00,15,2,9,11,15,920,7,"31, PASTEUR (AVENUE LOUI",,,Plein jour,En agglomération,Hors intersection,Normale,Deux véhicules - arrière,,,,,,,,,,,1,2,1,1,2
201500037475,0015-02-11 15:20:00,15,2,11,15,20,920,7,"4, FORTIN (AVENUE JEAN-B",,,Plein jour,En agglomération,Autre intersection,Normale,Autre collision,,,,,,,,,,,1,2,9,1,6
201500037476,0015-02-12 19:15:00,15,2,12,19,15,920,7,"28, BRIAND (AVENUE ARIST",,,Plein jour,En agglomération,Hors intersection,Normale,Deux véhicules - côté,,,,,,,,,,,1,2,1,1,3
201500037477,0015-02-15 08:55:00,15,2,15,8,55,920,7,"54 ter, PETIT (AVENUE AL",,,Plein jour,En agglomération,Hors intersection,Pluie légère,Deux véhicules - arrière,,,,,,,,,,,1,2,1,2,2
201500037478,0015-02-20 15:00:00,15,2,20,15,0,920,7,"122, RAVERA (AVENUE HENR",,,Plein jour,En agglomération,Hors intersection,Pluie légère,Autre collision,,,,,,,,,,,1,2,1,2,6
201500037479,0015-02-16 15:00:00,15,2,16,15,0,920,7,"122, RAVERA (AVENUE HENR",,,Plein jour,En agglomération,Hors intersection,Pluie légère,Autre collision,,,,,,,,,,,1,2,1,2,6
201500037480,0015-03-06 12:35:00,15,3,6,12,35,920,7,"18, BRIAND (AVENUE ARIST",,,Plein jour,En agglomération,Hors intersection,Normale,Deux véhicules - arrière,,,,,,,,,,,1,2,1,1,2
201500037481,0015-03-07 14:15:00,15,3,7,14,15,920,7,PASTEUR (AVENUE LOUIS) A,,,Plein jour,En agglomération,Intersection en X,Normale,Autre collision,,,,,,,,,,,1,2,2,1,6