accident_id,datetime,annee,mois,jour,heure,minute,departement,commune_insee,adresse,latitude,longitude,luminosite,agglomeration,intersection,meteo,collision,nb_vehicules,nb_usagers,nb_indemnes,nb_tues,nb_blesses_hosp,nb_blesses_legers,age_cond_1,age_cond_2,veh_type_cond_1,veh_type_cond_2,lum_code,agg_code,int_code,atm_code,col_code
201500037743,0015-05-24 18:15:00,15,5,24,18,15,920,19,"418, LECLERC DIVISION (A",,,Plein jour,En agglomération,Hors intersection,Normale,Deux véhicules - côté,,,,,,,,,,,1,2,1,1,3
201500037744,0015-05-29 16:00:00,15,5,29,16,0,920,19,"1, DE VINCI LEONARD (AVE",,,Plein jour,En agglomération,Hors intersection,Normale,Autre collision,,,,,,,,,,,1,2,1,1,6
201500037745,0015-06-02 09:05:00,15,6,2,9,5,920,32,"19 bis, LANGEVIN PAUL (A",,,Plein jour,En agglomération,Hors intersection,Normale,Deux véhicules - côté,,,,,,,,,,,1,2,1,1,3
201500037746,0015-06-05 06:55:00,15,6,5,6,55,920,19,"143, SALENGRO ROGER (RUE",,,Plein jour,En agglomération,Hors intersection,Normale,Deux véhicules - arrière,,,,,,,,,,,1,2,1,1,2
201500037747,0015-06-09 18:45:00,15,6,9,18,45,920,71,QUATRES CHEMINS (AVENUE,,,Plein jour,En agglomération,Intersection en T,Normale,Deux véhicules - côté,,,,,,,,,,,1,2,3,1,3
201500037748,0015-06-22 17:30:00,15,6,22,17,30,920,32,DORMOY MAX (AVENUE),,,Plein jour,En agglomération,Intersection en T,Pluie forte,Autre collision,,,,,,,,,,,1,2,3,3,6
201500037749,0015-06-26 08:34:00,15,6,26,8,34,920,32,LOMBARD (AVENUE),,,Plein jour,Hors agglomération,Intersection en T,Normale,Deux véhicules - côté,,,,,,,,,,,1,1,3,1,3
201500037750,0015-07-11 19:20:00,15,7,11,19,20,920,71,"47, ROUX DOCTEUR (RUE DU",,,Plein jour,En agglomération,Hors intersection,Normale,Autre collision,,,,,,,,,,,1,2,1,1,6
201500037751,0015-08-01 19:15:00,15,8,1,19,15,920,19,"153, DIVISION LECLERC (A",,,Plein jour,En agglomération,Hors intersection,Normale,Autre collision,,,,,,,,,,,1,2,1,1,6
201500037752,0015-08-10 15:30:00,15,8,10,15,30,920,32,"135, BOUCICAUT (RUE)",,,Plein jour,En agglomération,Hors intersection,Normale,Sans collision,,,,,,,,,,,1,2,1,1,7
201500037753,0015-08-27 21:05:00,15,8,27,21,5,920,71,VOLTAIRE (RUE),,,Nuit avec éclairage allumé,En agglomération,Intersection en T,Pluie forte,Deux véhicules - côté,,,,,,,,,,,5,2,3,3,3
201500037754,0015-09-06 11:45:00,15,9,6,11,45,920,71,"1, GENERAL LECLERC (AVEN",,,Plein jour,En agglomération,Hors intersection,Normale,Deux véhicules - arrière,,,,,,,,,,,1,2,1,1,2
201500037755,0015-09-10 12:35:00,15,9,10,12,35,920,19,SALENGRO ROGER (RUE),,,Plein jour,En agglomération,Hors intersection,Normale,Autre collision,,,,,,,,,,,1,2,1,1,6
201500037756,0015-09-27 19:20:00,15,9,27,19,20,920,19,"171, LECLERC DIVISION (A",,,Plein jour,Hors agglomération,Hors intersection,Normale,Sans collision,,,,,,,,,,,1,1,1,1,7
201500037757,0015-10-01 18:45:00,15,10,1,18,45,920,19,ALLENDE SALVATOR (CARREF,,,Plein jour,En agglomération,Giratoire,Normale,Deux véhicules - côté,,,,,,,,,,,1,2,6,1,3
201500037758,0015-10-02 08:15:00,15,10,2,8,15,920,32,"66, PLATEAU (RUE DU)",,,Plein jour,En agglomération,Hors intersection,Normale,Autre collision,,,,,,,,,,,1,2,1,1,6
201500037759,0015-10-02 17:10:00,15,10,2,17,10,920,19,"140, LECLERC DIVISION (A",,,Plein jour,En agglomération,Hors intersection,Normale,Trois véhicules et plus - en chaîne,,,,,,,,,,,1,2,1,1,4
201500037760,0015-11-05 19:40:00,15,11,5,19,40,920,19,DIVISION LECLERC (AVENUE,,,Nuit avec éclairage allumé,En agglomération,Intersection en T,Pluie légère,Autre collision,,,,,,,,,,,5,2,3,2,6
201500037761,0015-11-19 17:50:00,15,11,19,17,50,920,32,"23, LANGEVIN PAUL (AVENU",,,Plein jour,En agglomération,Hors intersection,Normale,Autre collision,,,,,,,,,,,1,2,1,1,6
201500037762,0015-12-02 23:35:00,15,12,2,23,35,920,19,"317, LECLERC DIVISION (A",,,Nuit avec éclairage allumé,En agglomération,Hors intersection,Normale,Autre collision,,,,,,,,,,,5,2,1,1,6
201500037763,0015-12-04 17:55:00,15,12,4,17,55,920,19,VIGNES (GRANDE VOIE DES),,,Nuit avec éclairage non allumé,En agglomération,Hors intersection,Normale,Autre collision,,,,,,,,,,,4,2,1,1,6
201500037764,0015-12-09 13:25:00,15,12,9,13,25,920,19,LOUP PENDU CHEMIN),,,Plein jour,En agglomération,Giratoire,Normale,Deux véhicules - arrière,,,,,,,,,,,1,2,6,1,2
201500037765,0015-12-20 00:30:00,15,12,20,0,30,920,71,"170, GENERAL LECLERC (AV",,,Nuit avec éclairage allumé,En agglomération,Giratoire,Normale,Deux véhicules - côté,,,,,,,,,,,5,2,6,1,3
201500037766,0015-01-08 19:45:00,15,1,8,19,45,920,23,"., NOUVELLE POSTE (ALLEE",,,Nuit avec éclairage allumé,En agglomération,Intersection en T,Pluie légère,Deux véhicules - côté,,,,,,,,,,,5,2,3,2,3
201500037767,0015-01-09 20:20:00,15,1,9,20,20,920,23,"., JEAN BAPTISTE CLEMENT",,,Nuit avec éclairage allumé,En agglomération,Intersection en X,Normale,Deux véhicules - côté,,,,,,,,,,,5,2,2,1,3
201500037768,0015-01-16 18:45:00,15,1,16,18,45,920,23,"233, GENERAL DE GAULLE (",,,Nuit avec éclairage allumé,En agglomération,Intersection en X,Pluie forte,Deux véhicules - côté,,,,,,,,,,,5,2,2,3,3
201500037769,0015-01-24 12:25:00,15,1,24,12,25,920,23,"157, PORTE DE TRIVAUX (R",,,Plein jour,En agglomération,Hors intersection,Normale,Deux véhicules - côté,,,,,,,,,,,1,2,1,1,3
201500037770,0015-01-28 17:50:00,15,1,28,17,50,920,23,"., PORTE DE TRIVAUX (RUE",,,Nuit avec éclairage allumé,En agglomération,Intersection en T,Pluie forte,Autre collision,,,,,,,,,,,5,2,3,3,6
201500037771,0015-01-22 08:10:00,15,1,22,8,10,920,23,"., HENRI BARBUSSE (AVENU",,,Plein jour,En agglomération,Intersection en T,Normale,Autre collision,,,,,,,,,,,1,2,3,1,6
201500037772,0015-01-30 09:45:00,15,1,30,9,45,920,60,PAUL LANGEVIN (AVENUE) (,,,Plein jour,En agglomération,Intersection en X,Normale,Sans collision,,,,,,,,,,,1,2,2,1,7
201500037773,0015-02-02 08:30:00,15,2,2,8,30,920,23,"15, JEAN BAPTISTE CLEMEN",,,Plein jour,En agglomération,Hors intersection,Neige / grêle,Sans collision,,,,,,,,,,,1,2,1,4,7
201500037774,0015-02-05 19:30:00,15,2,5,19,30,920,23,"., ROUTE DE VERSAILLES",,,Nuit avec éclairage allumé,En agglomération,Hors intersection,Normale,Autre collision,,,,,,,,,,,5,2,1,1,6
201500037775,0015-02-09 12:15:00,15,2,9,12,15,920,23,"329, GENERAL DE GAULLE (",,,Plein jour,En agglomération,Hors intersection,Normale,Trois véhicules et plus - en chaîne,,,,,,,,,,,1,2,1,1,4
201500037776,0015-02-10 07:40:00,15,2,10,7,40,920,60,"., PAUL LANGEVIN (AVENUE",,,Plein jour,En agglomération,Intersection en X,Normale,Autre collision,,,,,,,,,,,1,2,2,1,6
201500037777,0015-02-12 10:25:00,15,2,12,10,25,920,23,"1, VICTOR HUGO (AVENUE)",,,Plein jour,En agglomération,Intersection en X,Normale,Autre collision,,,,,,,,,,,1,2,2,1,6
201500037778,0015-02-13 08:40:00,15,2,13,8,40,920,23,"1 ter, CHATILLON (RUE DE",,,Plein jour,En agglomération,Hors intersection,Normale,Deux véhicules - côté,,,,,,,,,,,1,2,1,1,3
201500037779,0015-02-13 14:40:00,15,2,13,14,40,920,23,"17, PIERRE LOUVRIER (RUE",,,Plein jour,En agglomération,Hors intersection,Normale,Autre collision,,,,,,,,,,,1,2,1,1,6
201500037780,0015-02-17 16:50:00,15,2,17,16,50,920,23,"138, GENERAL DE GAULLE (",,,Plein jour,En agglomération,Hors intersection,Normale,Autre collision,,,,,,,,,,,1,2,1,1,6
201500037781,0015-02-19 15:05:00,15,2,19,15,5,920,23,"., CLAUDE TREBIGNAUD (AV",,,Plein jour,En agglomération,Hors intersection,Normale,Deux véhicules - arrière,,,,,,,,,,,1,2,1,1,2
201500037782,0015-02-27 10:05:00,15,2,27,10,5,920,23,"461, GENERAL DE GAULLE (",,,Plein jour,En agglomération,Hors intersection,Normale,Deux véhicules - côté,,,,,,,,,,,1,2,1,1,3
201500037783,0015-03-03 15:10:00,15,3,3,15,10,920,23,GENERAL DE GAULLE (AV DU,,,Plein jour,En agglomération,Hors intersection,Normale,Deux véhicules - arrière,,,,,,,,,,,1,2,1,1,2
201500037784,0015-03-09 18:00:00,15,3,9,18,0,920,60,"17, PAUL LANGEVIN (AVENU",,,Plein jour,En agglomération,Hors intersection,Normale,Deux véhicules - arrière,,,,,,,,,,,1,2,1,1,2
201500037785,0015-03-11 19:40:00,15,3,11,19,40,920,23,"92, JEAN JAURES (AVENUE)",,,Plein jour,En agglomération,Hors intersection,Normale,Autre collision,,,,,,,,,,,1,2,1,1,6
201500037786,0015-03-12 17:45:00,15,3,12,17,45,920,23,"38, MEUDON (RUE DE)",,,Plein jour,En agglomération,Hors intersection,Normale,Deux véhicules - arrière,,,,,,,,,,,1,2,1,1,2
201500037787,0015-03-13 10:00:00,15,3,13,10,0,920,23,"92, JEAN BAPTISTE CLEMEN",,,Plein jour,En agglomération,Hors intersection,Normale,Deux véhicules - arrière,,,,,,,,,,,1,2,1,1,2
201500037788,0015-03-17 16:30:00,15,3,17,16,30,920,23,MARQUIS (PLACE) SANS N?,,,Plein jour,Hors agglomération,Hors intersection,Normale,Autre collision,,,,,,,,,,,1,1,1,1,6
201500037789,0015-03-27 10:51:00,15,3,27,10,51,920,23,"157, PORTE DE TRIVAUX (R",,,Plein jour,En agglomération,Hors intersection,Pluie légère,Deux véhicules - arrière,,,,,,,,,,,1,2,1,2,2
201500037790,0015-03-27 07:45:00,15,3,27,7,45,920,23,"80, PORTE DE TRIVAUX (RU",,,Plein jour,En agglomération,Hors intersection,Normale,Deux véhicules - arrière,,,,,,,,,,,1,2,1,1,2
201500037791,0015-03-26 18:35:00,15,3,26,18,35,920,23,PAVE BLANC (ROUTE DU) N?,,,Plein jour,En agglomération,Hors intersection,Pluie légère,Trois véhicules et plus - collisions multiples,,,,,,,,,,,1,2,1,2,5
201500037792,0015-03-30 19:00:00,15,3,30,19,0,920,60,PAUL LANGEVIN (AVENUE) (,,,Plein jour,En agglomération,Hors intersection,Normale,Deux véhicules - arrière,,,,,,,,,,,1,2,1,1,2
201500037793,0015-03-31 20:37:00,15,3,31,20,37,920,60,"03, VICTOR VERNADAT (RUE",,,Nuit avec éclairage allumé,En agglomération,Hors intersection,Normale,Deux véhicules - arrière,,,,,,,,,,,5,2,1,1,2
201500037794,0015-04-01 10:00:00,15,4,1,10,0,920,23,"123, HENRI BARBUSSE (AVE",,,Plein jour,En agglomération,Hors intersection,Normale,Sans collision,,,,,,,,,,,1,2,1,1,7
201500037795,0015-04-04 17:20:00,15,4,4,17,20,920,23,VICTOR HUGO (AVENUE),,,Plein jour,En agglomération,Hors intersection,Normale,Autre collision,,,,,,,,,,,1,2,1,1,6
201500037796,0015-04-07 13:25:00,15,4,7,13,25,920,60,NEWTON (AVENUE),,,Plein jour,En agglomération,Hors intersection,Normale,Deux véhicules - côté,,,,,,,,,,,1,2,1,1,3
201500037797,0015-04-08 15:55:00,15,4,8,15,55,920,23,HENRI BARBUSSE (AVENUE),,,Plein jour,En agglomération,Hors intersection,Normale,Deux véhicules - arrière,,,,,,,,,,,1,2,1,1,2
201500037798,0015-04-09 16:05:00,15,4,9,16,5,920,23,"27, PAUL VAILLANT COUTUR",,,Plein jour,En agglomération,Hors intersection,Normale,Autre collision,,,,,,,,,,,1,2,1,1,6
201500037799,0015-04-10 18:25:00,15,4,10,18,25,920,23,"1, FOSSE BAZIN (CHEMIN D",,,Plein jour,En agglomération,Hors intersection,Normale,Deux véhicules - côté,,,,,,,,,,,1,2,1,1,3
201500037800,0015-04-15 19:05:00,15,4,15,19,5,920,23,", HENRI BARBUSSE (AVENUE",,,Plein jour,En agglomération,Hors intersection,Normale,Deux véhicules - côté,,,,,,,,,,,1,2,1,1,3
201500037801,0015-04-17 12:20:00,15,4,17,12,20,920,60,"11, PAUL LANGEVIN (AVENU",,,Plein jour,En agglomération,Hors intersection,Normale,Deux véhicules - arrière,,,,,,,,,,,1,2,1,1,2
201500037802,0015-04-20 08:00:00,15,4,20,8,0,920,23,"01, CHAMPAGNE (RUE)",,,Plein jour,Hors agglomération,Hors intersection,Normale,Deux véhicules - arrière,,,,,,,,,,,1,1,1,1,2
201500037803,0015-04-21 19:22:00,15,4,21,19,22,920,23,"229, GENERAL DE GAULLE (",,,Plein jour,En agglomération,Hors intersection,Normale,Autre collision,,,,,,,,,,,1,2,1,1,6
201500037804,0015-04-22 09:30:00,15,4,22,9,30,920,60,"01, CHARLES DE GAULLE (P",,,Plein jour,En agglomération,Hors intersection,Normale,Deux véhicules - arrière,,,,,,,,,,,1,2,1,1,2
201500037805,0015-04-22 10:25:00,15,4,22,10,25,920,60,"1, PAUL LANGEVIN (AVENUE",,,Plein jour,En agglomération,Hors intersection,Normale,Autre collision,,,,,,,,,,,1,2,1,1,6
201500037806,0015-04-23 10:04:00,15,4,23,10,4,920,23,"01, GARE (PLACE DE LA)",,,Plein jour,En agglomération,Hors intersection,Normale,Autre collision,,,,,,,,,,,1,2,1,1,6
201500037807,0015-05-02 09:00:00,15,5,2,9,0,920,23,PLAINE (RUE DE LA),,,Plein jour,En agglomération,Hors intersection,Normale,Sans collision,,,,,,,,,,,1,2,1,1,7
201500037808,0015-05-06 19:20:00,15,5,6,19,20,920,23,", GARDE (PLACE DU) S101",,,Plein jour,En agglomération,Hors intersection,Normale,Sans collision,,,,,,,,,,,1,2,1,1,7
201500037809,0015-05-13 19:15:00,15,5,13,19,15,920,23,"01, CLAUDE TREBIGNAUD (A",,,Plein jour,En agglomération,Hors intersection,Normale,Sans collision,,,,,,,,,,,1,2,1,1,7
201500037810,0015-05-29 13:40:00,15,5,29,13,40,920,23,"05, PAUL VAILLANT COUTUR",,,Plein jour,En agglomération,Hors intersection,Normale,Deux véhicules - côté,,,,,,,,,,,1,2,1,1,3
201500037811,0015-06-01 20:30:00,15,6,1,20,30,920,60,VICTOR VERNADAT (RUE) CO,,,Plein jour,En agglomération,Hors intersection,Normale,Autre collision,,,,,,,,,,,1,2,1,1,6
201500037812,0015-06-10 17:40:00,15,6,10,17,40,920,23,"01, ILE DE FRANCE (RUE D",,,Plein jour,En agglomération,Hors intersection,Normale,Autre collision,,,,,,,,,,,1,2,1,1,6
201500037813,0015-06-11 09:05:00,15,6,11,9,5,920,23,"115, GENERAL DE GAULLE (",,,Plein jour,En agglomération,Hors intersection,Normale,Deux véhicules - côté,,,,,,,,,,,1,2,1,1,3
201500037814,0015-06-17 15:51:00,15,6,17,15,51,920,23,"07, PAUL VAILLANT COUTUR",,,Plein jour,En agglomération,Hors intersection,Normale,Autre collision,,,,,,,,,,,1,2,1,1,6
201500037815,0015-06-17 18:25:00,15,6,17,18,25,920,23,"367, GENERAL DE GAULLE (",,,Plein jour,En agglomération,Hors intersection,Normale,Deux véhicules - côté,,,,,,,,,,,1,2,1,1,3
201500037816,0015-06-19 15:14:00,15,6,19,15,14,920,23,PORTE DE TRIVAUX (RUE DE,,,Plein jour,En agglomération,Hors intersection,Normale,Autre collision,,,,,,,,,,,1,2,1,1,6
201500037817,0015-06-19 18:40:00,15,6,19,18,40,920,23,"173, HENRI BARBUSSE (AVE",,,Plein jour,En agglomération,Hors intersection,Normale,Deux véhicules - côté,,,,,,,,,,,1,2,1,1,3
201500037818,0015-06-23 15:15:00,15,6,23,15,15,920,60,"06, GRANDE RUE",,,Plein jour,En agglomération,Hors intersection,Normale,Autre collision,,,,,,,,,,,1,2,1,1,6
201500037819,0015-06-23 18:30:00,15,6,23,18,30,920,23,"05, BRETAGNE (RUE DE)",,,Plein jour,En agglomération,Hors intersection,Normale,Deux véhicules - côté,,,,,,,,,,,1,2,1,1,3
201500037820,0015-06-24 11:10:00,15,6,24,11,10,920,23,"01, SYGRIE (AVENUE DE LA",,,Plein jour,En agglomération,Hors intersection,Normale,Deux véhicules - côté,,,,,,,,,,,1,2,1,1,3
201500037821,0015-06-26 13:45:00,15,6,26,13,45,920,23,"81, HENRI BARBUSSE (AVEN",,,Plein jour,En agglomération,Hors intersection,Normale,Deux véhicules - arrière,,,,,,,,,,,1,2,1,1,2
201500037822,0015-06-30 09:20:00,15,6,30,9,20,920,23,"01, GENERAL EISENHOWER (",,,Plein jour,En agglomération,Hors intersection,Normale,Sans collision,,,,,,,,,,,1,2,1,1,7
201500037823,0015-06-26 16:09:00,15,6,26,16,9,920,23,"191, VICTOR HUGO (AVENUE",,,Plein jour,En agglomération,Hors intersection,Normale,Autre collision,,,,,,,,,,,1,2,1,1,6
201500037824,0015-07-02 16:20:00,15,7,2,16,20,920,23,"65, VIGNES (RUE DES)",,,Plein jour,En agglomération,Hors intersection,Normale,Autre collision,,,,,,,,,,,1,2,1,1,6
201500037825,0015-07-07 20:40:00,15,7,7,20,40,920,60,"22, LIBERATION (AVENUE D",,,Plein jour,En agglomération,Hors intersection,Normale,Sans collision,,,,,,,,,,,1,2,1,1,7
201500037826,0015-07-12 22:30:00,15,7,12,22,30,920,23,"01, PAVE BLANC (ROUTE DU",,,Nuit avec éclairage allumé,En agglomération,Hors intersection,Normale,Deux véhicules - côté,,,,,,,,,,,5,2,1,1,3
201500037827,0015-07-15 15:50:00,15,7,15,15,50,920,60,"08TER, LEON BLUM (AVENUE",,,Plein jour,En agglomération,Hors intersection,Normale,Autre collision,,,,,,,,,,,1,2,1,1,6
201500037828,0015-07-18 13:50:00,15,7,18,13,50,920,23,"197, PORTE DE TRIVAUX (R",,,Plein jour,En agglomération,Hors intersection,Normale,Autre collision,,,,,,,,,,,1,2,1,1,6
201500037829,0015-07-20 07:05:00,15,7,20,7,5,920,60,"0, GRANDE RUE",,,Crépuscule ou aube,En agglomération,Hors intersection,Temps couvert,Autre collision,,,,,,,,,,,2,2,1,8,6
201500037830,0015-07-21 18:05:00,15,7,21,18,5,920,23,"0, SYGRIE (AVENUE DE LA)",,,Plein jour,En agglomération,Intersection en X,Normale,Deux véhicules - côté,,,,,,,,,,,1,2,2,1,3
201500037831,0015-07-27 21:30:00,15,7,27,21,30,920,23,"1, HENRI BARBUSSE (AVENU",,,Crépuscule ou aube,En agglomération,Hors intersection,Normale,Autre collision,,,,,,,,,,,2,2,1,1,6
201500037832,0015-07-29 08:41:00,15,7,29,8,41,920,23,"33, JEAN BAPTISTE CLEMEN",,,Plein jour,En agglomération,Hors intersection,Normale,Autre collision,,,,,,,,,,,1,2,1,1,6
201500037833,0015-07-25 12:40:00,15,7,25,12,40,920,23,PAUL VAILLANT COUTURIER,,,Plein jour,En agglomération,Hors intersection,Normale,Autre collision,,,,,,,,,,,1,2,1,1,6
201500037834,0015-08-20 08:30:00,15,8,20,8,30,920,23,"104, HENRI BARBUSSE (AVE",,,Plein jour,En agglomération,Hors intersection,Pluie légère,Sans collision,,,,,,,,,,,1,2,1,2,7
201500037835,0015-08-09 22:30:00,15,8,9,22,30,920,23,"57, JEAN JAURES (AVENUE)",,,Nuit avec éclairage allumé,En agglomération,Hors intersection,Normale,Autre collision,,,,,,,,,,,5,2,1,1,6
201500037836,0015-08-24 18:35:00,15,8,24,18,35,920,23,"157, PORTE DE TRIVAUX (R",,,Plein jour,En agglomération,Hors intersection,Pluie légère,Deux véhicules - côté,,,,,,,,,,,1,2,1,2,3
201500037837,0015-08-24 17:20:00,15,8,24,17,20,920,23,"78, GENERAL EISENHOWER (",,,Plein jour,En agglomération,Hors intersection,Pluie légère,Deux véhicules - côté,,,,,,,,,,,1,2,1,2,3
201500037838,0015-08-29 12:30:00,15,8,29,12,30,920,23,"341, GENERAL DE GAULLE (",,,Plein jour,En agglomération,Hors intersection,Normale,Deux véhicules - côté,,,,,,,,,,,1,2,1,1,3
201500037839,0015-08-31 18:00:00,15,8,31,18,0,920,23,"0, HENRI BARBUSSE (AVENU",,,Plein jour,En agglomération,Intersection en X,Normale,Deux véhicules - côté,,,,,,,,,,,1,2,2,1,3
201500037840,0015-09-05 16:10:00,15,9,5,16,10,920,23,"01, REPUBLIQUE (AVENUE D",,,Plein jour,En agglomération,Hors intersection,Normale,Deux véhicules - frontale,,,,,,,,,,,1,2,1,1,1
201500037841,0015-09-10 13:40:00,15,9,10,13,40,920,23,HENRI BARBUSSE (AVENUE),,,Plein jour,En agglomération,Intersection en X,Normale,Deux véhicules - côté,,,,,,,,,,,1,2,2,1,3
201500037842,0015-09-10 18:20:00,15,9,10,18,20,920,23,"233, GENERAL DE GAULLE (",,,Plein jour,En agglomération,Hors intersection,Normale,Deux véhicules - côté,,,,,,,,,,,1,2,1,1,3
201500037843,0015-09-11 16:32:00,15,9,11,16,32,920,60,HUIT MAI 1945 (PLACE DU),,,Plein jour,En agglomération,Hors intersection,Normale,Deux véhicules - côté,,,,,,,,,,,1,2,1,1,3
201500037844,0015-09-15 06:45:00,15,9,15,6,45,920,23,"0, GENERAL DE GAULLE (AV",,,Nuit sans éclairage public,En agglomération,Intersection en X,Pluie légère,Deux véhicules - côté,,,,,,,,,,,3,2,2,2,3
201500037845,0015-09-16 23:50:00,15,9,16,23,50,920,23,"141, RODIN (BOULEVARD)",,,Nuit avec éclairage non allumé,En agglomération,Hors intersection,Normale,Autre collision,,,,,,,,,,,4,2,1,1,6
201500037846,0015-09-17 09:00:00,15,9,17,9,0,920,23,"154, AV V HUGO/ALL HUGO",,,Plein jour,En agglomération,Intersection en Y,Normale,Deux véhicules - côté,,,,,,,,,,,1,2,4,1,3
201500037847,0015-09-18 15:40:00,15,9,18,15,40,920,23,"93, PORTE DE TRIVAUX (RU",,,Plein jour,En agglomération,Hors intersection,Pluie forte,Sans collision,,,,,,,,,,,1,2,1,3,7
201500037848,0015-09-26 14:30:00,15,9,26,14,30,920,60,"01, GALILEE (AVENUE)",,,Plein jour,En agglomération,Hors intersection,Normale,Deux véhicules - arrière,,,,,,,,,,,1,2,1,1,2
201500037849,0015-09-26 19:10:00,15,9,26,19,10,920,23,"340, GENERAL DE GAULLE (",,,Plein jour,En agglomération,Hors intersection,Normale,Deux véhicules - côté,,,,,,,,,,,1,2,1,1,3
201500037850,0015-09-25 14:20:00,15,9,25,14,20,920,23,"215, GENERAL DE GAULLE (",,,Plein jour,En agglomération,Hors intersection,Normale,Autre collision,,,,,,,,,,,1,2,1,1,6
201500037851,0015-09-26 19:20:00,15,9,26,19,20,920,23,"11, ALBERT NEVEU (RUE)",,,Plein jour,En agglomération,Hors intersection,Normale,Autre collision,,,,,,,,,,,1,2,1,1,6
201500037852,0015-09-27 15:55:00,15,9,27,15,55,920,23,"01, RENE SAMUEL (AVENUE)",,,Plein jour,En agglomération,Hors intersection,Normale,Autre collision,,,,,,,,,,,1,2,1,1,6
201500037853,0015-09-27 22:30:00,15,9,27,22,30,920,60,"115, EDOUARD HERRIOT (AV",,,Nuit avec éclairage allumé,En agglomération,Hors intersection,Normale,Deux véhicules - arrière,,,,,,,,,,,5,2,1,1,2
201500037854,0015-09-29 09:15:00,15,9,29,9,15,920,23,"381, GENERAL DE GAULLE (",,,Plein jour,En agglomération,Hors intersection,Normale,Deux véhicules - frontale,,,,,,,,,,,1,2,1,1,1
201500037855,0015-09-30 16:10:00,15,9,30,16,10,920,60,HERRIOT/LANGEVIN,,,Plein jour,En agglomération,Intersection en X,Normale,Deux véhicules - côté,,,,,,,,,,,1,2,2,1,3
201500037856,0015-09-30 09:30:00,15,9,30,9,30,920,23,", MOULIN DE LA TOUR (BOU",,,Plein jour,En agglomération,Hors intersection,Normale,Sans collision,,,,,,,,,,,1,2,1,1,7
201500037857,0015-10-01 13:30:00,15,10,1,13,30,920,23,"162, GENERAL DE GAULLE (",,,Plein jour,En agglomération,Hors intersection,Normale,Autre collision,,,,,,,,,,,1,2,1,1,6
201500037858,0015-10-04 14:50:00,15,10,4,14,50,920,23,"329, GENERAL DE GAULLE (",,,Plein jour,En agglomération,Hors intersection,Normale,Autre collision,,,,,,,,,,,1,2,1,1,6
201500037859,0015-10-06 11:15:00,15,10,6,11,15,920,23,"1, PAUL VAILLANT COUTURI",,,Plein jour,En agglomération,Intersection en X,Pluie légère,Autre collision,,,,,,,,,,,1,2,2,2,6
201500037860,0015-11-18 17:30:00,15,11,18,17,30,920,23,"1, GENERAL DE GAULLE (AV",,,Nuit avec éclairage allumé,En agglomération,Intersection en X,Normale,Deux véhicules - côté,,,,,,,,,,,5,2,2,1,3
201500037861,0015-10-27 20:55:00,15,10,27,20,55,920,23,"75, HENRI BARBUSSE (AVEN",,,Nuit avec éclairage allumé,En agglomération,Intersection en X,Pluie légère,Autre collision,,,,,,,,,,,5,2,2,2,6
201500037862,0015-10-29 20:45:00,15,10,29,20,45,920,23,"138, PORTE DE TRIVAUX (R",,,Nuit avec éclairage allumé,En agglomération,Place,Normale,Autre collision,,,,,,,,,,,5,2,7,1,6
201500037863,0015-11-03 11:15:00,15,11,3,11,15,920,23,"0, ILE DE FRANCE (RUE DE",,,Plein jour,En agglomération,Hors intersection,Normale,Autre collision,,,,,,,,,,,1,2,1,1,6
201500037864,0015-11-05 15:00:00,15,11,5,15,0,920,60,"0, PAUL LANGEVIN (AVENUE",,,Plein jour,En agglomération,Hors intersection,Normale,Deux véhicules - côté,,,,,,,,,,,1,2,1,1,3
201500037865,0015-11-06 15:00:00,15,11,6,15,0,920,23,"0, PICARDIE (RUE DE)",,,Plein jour,En agglomération,Hors intersection,Normale,Autre collision,,,,,,,,,,,1,2,1,1,6
201500037866,0015-11-07 13:45:00,15,11,7,13,45,920,23,"01, ANDREAS BECK (RUE)",,,Plein jour,En agglomération,Hors intersection,Normale,Deux véhicules - arrière,,,,,,,,,,,1,2,1,1,2
201500037867,0015-11-10 17:35:00,15,11,10,17,35,920,23,"01, MOULIN DE LA TOUR (B",,,Crépuscule ou aube,En agglomération,Hors intersection,Normale,Deux véhicules - côté,,,,,,,,,,,2,2,1,1,3
201500037868,0015-11-11 20:00:00,15,11,11,20,0,920,60,"01, PAUL LANGEVIN (AVENU",,,Nuit avec éclairage allumé,En agglomération,Hors intersection,Normale,Deux véhicules - arrière,,,,,,,,,,,5,2,1,1,2
201500037869,0015-11-11 15:45:00,15,11,11,15,45,920,23,"233, GENERAL DE GAULLE (",,,Plein jour,En agglomération,Hors intersection,Normale,Autre collision,,,,,,,,,,,1,2,1,1,6
201500037870,0015-11-10 07:45:00,15,11,10,7,45,920,60,"01, PAUL LANGEVIN (AVENU",,,Crépuscule ou aube,En agglomération,Hors intersection,Normale,Autre collision,,,,,,,,,,,2,2,1,1,6
201500037871,0015-11-12 16:40:00,15,11,12,16,40,920,23,"87, HENRI BARBUSSE (AVEN",,,Plein jour,Hors agglomération,Hors intersection,Normale,Deux véhicules - côté,,,,,,,,,,,1,1,1,1,3
201500037872,0015-11-13 08:30:00,15,11,13,8,30,920,23,"220, JEAN JAURES (AVENUE",,,Plein jour,En agglomération,Hors intersection,Normale,Sans collision,,,,,,,,,,,1,2,1,1,7
201500037873,0015-11-17 09:00:00,15,11,17,9,0,920,60,"0, PAUL LANGEVIN (AVENUE",,,Plein jour,En agglomération,Giratoire,Normale,Deux véhicules - arrière,,,,,,,,,,,1,2,6,1,2
201500037874,0015-11-24 07:40:00,15,11,24,7,40,920,23,"462, GENERAL DE GAULLE (",,,Nuit avec éclairage allumé,En agglomération,Hors intersection,Normale,Autre collision,,,,,,,,,,,5,2,1,1,6
201500037875,0015-12-04 18:00:00,15,12,4,18,0,920,60,"01, EDOUARD HERRIOT (AVE",,,Nuit avec éclairage allumé,En agglomération,Hors intersection,Normale,Autre collision,,,,,,,,,,,5,2,1,1,6