accident_id,datetime,annee,mois,jour,heure,minute,departement,commune_insee,adresse,latitude,longitude,luminosite,agglomeration,intersection,meteo,collision,nb_vehicules,nb_usagers,nb_indemnes,nb_tues,nb_blesses_hosp,nb_blesses_legers,age_cond_1,age_cond_2,veh_type_cond_1,veh_type_cond_2,lum_code,agg_code,int_code,atm_code,col_code
201500037876,0015-12-07 18:30:00,15,12,7,18,30,920,23,GENERAL DE GAULLE (AV DU,,,Nuit avec éclairage allumé,En agglomération,Intersection en T,Normale,Autre collision,,,,,,,,,,,5,2,3,1,6
201500037877,0015-12-08 19:30:00,15,12,8,19,30,920,60,"01, CHARLES DE GAULLE (P",,,Nuit avec éclairage allumé,En agglomération,Giratoire,Normale,Deux véhicules - côté,,,,,,,,,,,5,2,6,1,3
201500037878,0015-12-04 17:27:00,15,12,4,17,27,920,23,"01, CLAUDE TREBIGNAUD (A",,,Nuit avec éclairage allumé,En agglomération,Hors intersection,Normale,Sans collision,,,,,,,,,,,5,2,1,1,7
201500037879,0015-11-26 06:30:00,15,11,26,6,30,920,23,"1, HEBERT (RUE)",,,Nuit avec éclairage allumé,En agglomération,Hors intersection,Pluie légère,Sans collision,,,,,,,,,,,5,2,1,2,7
201500037880,0015-11-26 18:42:00,15,11,26,18,42,920,23,FLEURY (CARREFOUR DE) BO,,,Nuit avec éclairage allumé,En agglomération,Hors intersection,Normale,Autre collision,,,,,,,,,,,5,2,1,1,6
201500037881,0015-12-11 11:45:00,15,12,11,11,45,920,23,"15, HENRI BARBUSSE (AVEN",,,Plein jour,En agglomération,Hors intersection,Normale,Deux véhicules - frontale,,,,,,,,,,,1,2,1,1,1
201500037882,0015-12-17 10:15:00,15,12,17,10,15,920,60,"75, CHARLES DE GAULLE (A",,,Plein jour,En agglomération,Hors intersection,Normale,Autre collision,,,,,,,,,,,1,2,1,1,6
201500037883,0015-12-17 10:50:00,15,12,17,10,50,920,23,"5/9, CARNETS (RUE DES)",,,Plein jour,En agglomération,Hors intersection,Normale,Autre collision,,,,,,,,,,,1,2,1,1,6
201500037884,0015-12-17 12:20:00,15,12,17,12,20,920,23,HENRI BARBUSSE (AVENUE),,,Plein jour,En agglomération,Hors intersection,Normale,Autre collision,,,,,,,,,,,1,2,1,1,6
201500037885,0015-12-23 17:45:00,15,12,23,17,45,920,23,"0, VILLACOUBLAY (AVENUE",,,Nuit avec éclairage allumé,En agglomération,Hors intersection,Normale,Autre collision,,,,,,,,,,,5,2,1,1,6
201500037886,0015-12-23 19:00:00,15,12,23,19,0,920,23,"12, PAUL VAILLANT COUTUR",,,Nuit avec éclairage allumé,En agglomération,Hors intersection,Normale,Trois véhicules et plus - collisions multiples,,,,,,,,,,,5,2,1,1,5
201500037887,0015-07-25 14:30:00,15,7,25,14,30,920,24,"24, JEAN JAURES (BD) DE",,,Plein jour,En agglomération,Intersection en X,Normale,Autre collision,,,,,,,,,,,1,2,2,1,6
201500037888,0015-01-08 07:30:00,15,1,8,7,30,920,24,"72, JEAN JAURES (BD) DE",,,Nuit avec éclairage allumé,En agglomération,Hors intersection,Normale,Deux véhicules - côté,,,,,,,,,,,5,2,1,1,3
201500037889,0015-01-16 09:20:00,15,1,16,9,20,920,24,"30, MOREL (RUE)",,,Plein jour,En agglomération,Intersection en T,Normale,Deux véhicules - arrière,,,,,,,,,,,1,2,3,1,2
201500037890,0015-01-21 18:30:00,15,1,21,18,30,920,24,"99, JEAN JAURES (BD) DE",,,Plein jour,En agglomération,Hors intersection,Normale,Autre collision,,,,,,,,,,,1,2,1,1,6
201500037891,0015-01-23 18:30:00,15,1,23,18,30,920,24,"1, REPUBLIQUE (PLACE DE",,,Nuit avec éclairage allumé,En agglomération,Giratoire,Normale,Autre collision,,,,,,,,,,,5,2,6,1,6
201500037892,0015-01-30 14:40:00,15,1,30,14,40,920,24,"80, JEAN JAURES (BD) DE",,,Plein jour,En agglomération,Hors intersection,Normale,Autre collision,,,,,,,,,,,1,2,1,1,6
201500037893,0015-02-02 09:55:00,15,2,2,9,55,920,24,"8, GEORGES BOISSEAU (RUE",,,Plein jour,En agglomération,Intersection en X,Normale,Autre collision,,,,,,,,,,,1,2,2,1,6
201500037894,0015-02-02 12:45:00,15,2,2,12,45,920,24,"47, GENERAL LECLERC (BD",,,Plein jour,En agglomération,Intersection en X,Normale,Deux véhicules - côté,,,,,,,,,,,1,2,2,1,3
201500037895,0015-02-04 15:00:00,15,2,4,15,0,920,24,"90, GENERAL ROGUET (RUE",,,Plein jour,En agglomération,Hors intersection,Normale,Autre collision,,,,,,,,,,,1,2,1,1,6
201500037896,0015-02-08 08:30:00,15,2,8,8,30,920,24,"50, GENERAL LECLERC (BD",,,Plein jour,En agglomération,Intersection en X,Normale,Deux véhicules - frontale,,,,,,,,,,,1,2,2,1,1
201500037897,0015-02-13 20:30:00,15,2,13,20,30,920,24,"128, VICTOR HUGO (BD)",,,Nuit avec éclairage allumé,En agglomération,Intersection en T,Normale,Deux véhicules - côté,,,,,,,,,,,5,2,3,1,3
201500037898,0015-02-24 09:25:00,15,2,24,9,25,920,24,"24, MARTRE DE (4 A 54)",,,Plein jour,En agglomération,Intersection en X,Pluie légère,Deux véhicules - côté,,,,,,,,,,,1,2,2,2,3
201500037899,0015-03-07 03:05:00,15,3,7,3,5,920,24,"114, CLICHY (QUAI DE) DE",,,Nuit avec éclairage allumé,En agglomération,Giratoire,Normale,Autre collision,,,,,,,,,,,5,2,6,1,6
201500037900,0015-03-09 21:15:00,15,3,9,21,15,920,24,"99, MARTRE DE (4 A 54)",,,Nuit avec éclairage allumé,En agglomération,Hors intersection,Normale,Deux véhicules - côté,,,,,,,,,,,5,2,1,1,3
201500037901,0015-03-09 23:30:00,15,3,9,23,30,920,24,"64, MARTRE DE (4 A 54)",,,Nuit avec éclairage allumé,En agglomération,Hors intersection,Normale,Deux véhicules - arrière,,,,,,,,,,,5,2,1,1,2
201500037902,0015-03-11 20:05:00,15,3,11,20,5,920,24,"54-56, VICTOR HUGO (BD)",,,Nuit avec éclairage allumé,En agglomération,Intersection en T,Normale,Deux véhicules - côté,,,,,,,,,,,5,2,3,1,3
201500037903,0015-03-12 16:05:00,15,3,12,16,5,920,24,"1, RUE DU 08 MAI 1945",,,Plein jour,En agglomération,Intersection en X,Normale,Deux véhicules - côté,,,,,,,,,,,1,2,2,1,3
201500037904,0015-03-14 22:10:00,15,3,14,22,10,920,24,"1, DOCTEUR EMILE ROUX (R",,,Nuit avec éclairage allumé,En agglomération,Intersection en T,Normale,Sans collision,,,,,,,,,,,5,2,3,1,7
201500037905,0015-03-15 19:01:00,15,3,15,19,1,920,24,"42, GENERAL LECLERC (BD",,,Nuit avec éclairage allumé,En agglomération,Intersection en X,Normale,Autre collision,,,,,,,,,,,5,2,2,1,6
201500037906,0015-03-17 01:10:00,15,3,17,1,10,920,24,"83, HENRI BARBUSSE (RUE)",,,Nuit avec éclairage allumé,En agglomération,Intersection en T,Normale,Autre collision,,,,,,,,,,,5,2,3,1,6
201500037907,0015-03-18 13:40:00,15,3,18,13,40,920,24,"86, MARTRE (RUE) DE (59",,,Plein jour,En agglomération,Intersection en X,Normale,Deux véhicules - côté,,,,,,,,,,,1,2,2,1,3
201500037908,0015-03-30 18:05:00,15,3,30,18,5,920,24,"5, CLAUDE DEBUSSY (AVENU",,,Plein jour,En agglomération,Intersection en X,Normale,Autre collision,,,,,,,,,,,1,2,2,1,6
201500037909,0015-03-31 18:10:00,15,3,31,18,10,920,24,"94, GENERAL LECLERC (RUE",,,Plein jour,En agglomération,Hors intersection,Normale,Autre collision,,,,,,,,,,,1,2,1,1,6
201500037910,0015-04-01 17:30:00,15,4,1,17,30,920,24,"85, JEAN JAURES (BD) DE",,,Plein jour,En agglomération,Intersection en X,Normale,Deux véhicules - arrière,,,,,,,,,,,1,2,2,1,2
201500037911,0015-04-02 18:50:00,15,4,2,18,50,920,24,"87, HENRI BARBUSSE (RUE)",,,Plein jour,En agglomération,Intersection en X,Normale,Deux véhicules - côté,,,,,,,,,,,1,2,2,1,3
201500037912,0015-04-03 10:00:00,15,4,3,10,0,920,24,"46, GENERAL LECLERC (BD",,,Plein jour,En agglomération,Intersection en X,Normale,Autre collision,,,,,,,,,,,1,2,2,1,6
201500037913,0015-04-07 19:55:00,15,4,7,19,55,920,24,"46, GENERAL ROGUET (RUE",,,Nuit avec éclairage allumé,En agglomération,Intersection en X,Normale,Deux véhicules - arrière,,,,,,,,,,,5,2,2,1,2
201500037914,0015-04-10 10:00:00,15,4,10,10,0,920,24,"119, GENERAL LECLERC (RU",,,Plein jour,En agglomération,Giratoire,Normale,Deux véhicules - côté,,,,,,,,,,,1,2,6,1,3
201500037915,0015-04-20 20:40:00,15,4,20,20,40,920,24,"36, GENERAL LECLERC (BD",,,Nuit avec éclairage allumé,En agglomération,Intersection en X,Normale,Deux véhicules - arrière,,,,,,,,,,,5,2,2,1,2
201500037916,0015-04-29 17:16:00,15,4,29,17,16,920,24,"110, CLICHY (QUAI DE) DE",,,Plein jour,En agglomération,Hors intersection,Normale,Deux véhicules - arrière,,,,,,,,,,,1,2,1,1,2
201500037917,0015-04-30 14:13:00,15,4,30,14,13,920,24,"59, JEAN JAURES (BD) DE",,,Plein jour,En agglomération,Hors intersection,Normale,Autre collision,,,,,,,,,,,1,2,1,1,6
201500037918,0015-05-04 19:00:00,15,5,4,19,0,920,24,"63, MADAME DE SANZILLON",,,Plein jour,En agglomération,Hors intersection,Pluie forte,Autre collision,,,,,,,,,,,1,2,1,3,6
201500037919,0015-05-06 17:00:00,15,5,6,17,0,920,24,"12, CHANCE MILLY (RUE)",,,Plein jour,En agglomération,Hors intersection,Normale,Autre collision,,,,,,,,,,,1,2,1,1,6
201500037920,0015-05-07 11:10:00,15,5,7,11,10,920,24,"1, ASNIERES (PONT D')",,,Plein jour,En agglomération,Hors intersection,Normale,Deux véhicules - côté,,,,,,,,,,,1,2,1,1,3
201500037921,0015-05-15 09:10:00,15,5,15,9,10,920,24,"59, VILLENEUVE (RUE) DE",,,Plein jour,En agglomération,Hors intersection,Normale,Autre collision,,,,,,,,,,,1,2,1,1,6
201500037922,0015-05-17 11:15:00,15,5,17,11,15,920,24,"106, MARTRE (RUE) DE (59",,,Plein jour,En agglomération,Intersection en X,Normale,Autre collision,,,,,,,,,,,1,2,2,1,6
201500037923,0015-05-13 10:45:00,15,5,13,10,45,920,24,"21, JEAN JAURES (BD) DE",,,Plein jour,En agglomération,Hors intersection,Normale,Autre collision,,,,,,,,,,,1,2,1,1,6
201500037924,0015-05-19 12:00:00,15,5,19,12,0,920,24,"97, GENERAL ROGUET (RUE",,,Plein jour,En agglomération,Giratoire,Normale,Deux véhicules - arrière,,,,,,,,,,,1,2,6,1,2
201500037925,0015-05-26 18:10:00,15,5,26,18,10,920,24,"64, MARTRE (RUE) DE (59",,,Plein jour,En agglomération,Intersection en X,Normale,Deux véhicules - côté,,,,,,,,,,,1,2,2,1,3
201500037926,0015-05-26 20:40:00,15,5,26,20,40,920,24,"119, HENRI BARBUSSE (RUE",,,Plein jour,En agglomération,Hors intersection,Normale,Autre collision,,,,,,,,,,,1,2,1,1,6
201500037927,0015-05-29 01:15:00,15,5,29,1,15,920,24,"1, ASNIERES (ROUTE D')",,,Nuit avec éclairage allumé,En agglomération,Intersection en Y,Normale,Autre collision,,,,,,,,,,,5,2,4,1,6
201500037928,0015-05-31 13:30:00,15,5,31,13,30,920,24,"1, JEAN JAURES (BD) DE (",,,Plein jour,En agglomération,Intersection en T,Normale,Autre collision,,,,,,,,,,,1,2,3,1,6
201500037929,0015-06-02 08:45:00,15,6,2,8,45,920,24,"28, FERNAND PELLOUTIER (",,,Plein jour,En agglomération,Hors intersection,Normale,Deux véhicules - frontale,,,,,,,,,,,1,2,1,1,1
201500037930,0015-06-02 17:55:00,15,6,2,17,55,920,24,"119, MARTRE (RUE) DE (11",,,Plein jour,En agglomération,Hors intersection,Normale,Deux véhicules - côté,,,,,,,,,,,1,2,1,1,3
201500037931,0015-05-04 19:30:00,15,5,4,19,30,920,24,"1, ASNIERES (ROUTE D')",,,Plein jour,En agglomération,Intersection en T,Pluie légère,Deux véhicules - côté,,,,,,,,,,,1,2,3,2,3
201500037932,0015-06-06 10:00:00,15,6,6,10,0,920,24,"54, CLICHY (QUAI DE) DE",,,Plein jour,En agglomération,Hors intersection,Normale,Deux véhicules - côté,,,,,,,,,,,1,2,1,1,3
201500037933,0015-06-08 18:30:00,15,6,8,18,30,920,24,"04, MADAME DE SANZILLON",,,Plein jour,En agglomération,Hors intersection,Normale,Deux véhicules - côté,,,,,,,,,,,1,2,1,1,3
201500037934,0015-07-09 20:15:00,15,7,9,20,15,920,24,"140, MARTRE (RUE) DE (11",,,Nuit avec éclairage allumé,En agglomération,Hors intersection,Normale,Deux véhicules - arrière,,,,,,,,,,,5,2,1,1,2
201500037935,0015-05-15 09:30:00,15,5,15,9,30,920,24,"47, GEORGES BOISSEAU (RU",,,Plein jour,En agglomération,Hors intersection,Normale,Deux véhicules - côté,,,,,,,,,,,1,2,1,1,3
201500037936,0015-06-16 18:30:00,15,6,16,18,30,920,24,"04, CLICHY (QUAI DE) DE",,,Nuit avec éclairage allumé,En agglomération,Hors intersection,Normale,Sans collision,,,,,,,,,,,5,2,1,1,7
201500037937,0015-06-09 10:25:00,15,6,9,10,25,920,24,"124, VICTOR HUGO (BD)",,,Plein jour,En agglomération,Intersection en T,Normale,Deux véhicules - côté,,,,,,,,,,,1,2,3,1,3
201500037938,0015-06-11 11:25:00,15,6,11,11,25,920,24,"73, GENERAL LECLERC (RUE",,,Plein jour,En agglomération,Intersection en T,Normale,Sans collision,,,,,,,,,,,1,2,3,1,7
201500037939,0015-06-28 08:40:00,15,6,28,8,40,920,24,"24, LEON GAMBETTA (ALLEE",,,Plein jour,En agglomération,Intersection en X,Normale,Autre collision,,,,,,,,,,,1,2,2,1,6
201500037940,0015-06-28 00:40:00,15,6,28,0,40,920,24,"61, HENRI BARBUSSE (RUE)",,,Nuit avec éclairage allumé,En agglomération,Hors intersection,Normale,Deux véhicules - côté,,,,,,,,,,,5,2,1,1,3
201500037941,0015-06-30 16:00:00,15,6,30,16,0,920,24,"1, PIERRE DREYFUS (RUE)",,,Plein jour,En agglomération,Intersection en X,Normale,Trois véhicules et plus - collisions multiples,,,,,,,,,,,1,2,2,1,5
201500037942,0015-07-01 09:25:00,15,7,1,9,25,920,24,"54, MARTRE DE (4 A 54)",,,Plein jour,En agglomération,Intersection en X,Normale,Trois véhicules et plus - collisions multiples,,,,,,,,,,,1,2,2,1,5
201500037943,0015-07-06 16:00:00,15,7,6,16,0,920,24,"9, PAUL SIGNAC (ALLEE)",,,Plein jour,En agglomération,Intersection en X,Normale,Deux véhicules - côté,,,,,,,,,,,1,2,2,1,3
201500037944,0015-07-17 01:10:00,15,7,17,1,10,920,24,"22, LANDY (RUE DU) DE (2",,,Nuit avec éclairage allumé,En agglomération,Intersection en X,Normale,Deux véhicules - côté,,,,,,,,,,,5,2,2,1,3
201500037945,0015-07-06 14:30:00,15,7,6,14,30,920,24,"142, MARTRE (RUE) DE (11",,,Plein jour,En agglomération,Intersection en T,Normale,Sans collision,,,,,,,,,,,1,2,3,1,7
201500037946,0015-07-19 19:30:00,15,7,19,19,30,920,24,"8, GEORGES BOISSEAU (RUE",,,Plein jour,En agglomération,Intersection en X,Normale,Sans collision,,,,,,,,,,,1,2,2,1,7
201500037947,0015-08-06 20:40:00,15,8,6,20,40,920,24,"7, ALSACE (RUE D') DE (1",,,Crépuscule ou aube,En agglomération,Intersection en X,Normale,Deux véhicules - côté,,,,,,,,,,,2,2,2,1,3
201500037948,0015-08-10 19:40:00,15,8,10,19,40,920,24,"110, MARTRE (RUE) DE (59",,,Plein jour,En agglomération,Intersection en X,Normale,Deux véhicules - frontale,,,,,,,,,,,1,2,2,1,1
201500037949,0015-08-17 07:20:00,15,8,17,7,20,920,24,"62, VILLEVEUVE (RUE) DE",,,Plein jour,En agglomération,Intersection en X,Normale,Deux véhicules - côté,,,,,,,,,,,1,2,2,1,3
201500037950,0015-08-20 13:10:00,15,8,20,13,10,920,24,"2, GENERAL ROGUET (RUE D",,,Plein jour,En agglomération,Hors intersection,Pluie légère,Sans collision,,,,,,,,,,,1,2,1,2,7
201500037951,0015-08-25 20:25:00,15,8,25,20,25,920,24,"23, GENERAL LECLERC (BD",,,Nuit avec éclairage allumé,En agglomération,Intersection en X,Pluie légère,Deux véhicules - côté,,,,,,,,,,,5,2,2,2,3
201500037952,0015-08-28 10:30:00,15,8,28,10,30,920,24,"1, LEON BLUM (RUE)",,,Plein jour,En agglomération,Hors intersection,Normale,Autre collision,,,,,,,,,,,1,2,1,1,6
201500037953,0015-08-03 21:00:00,15,8,3,21,0,920,24,"1, CLICHY (PONT DE)",,,Crépuscule ou aube,En agglomération,Intersection en T,Normale,Trois véhicules et plus - en chaîne,,,,,,,,,,,2,2,3,1,4
201500037954,0015-08-24 08:25:00,15,8,24,8,25,920,24,"69, GENERAL LECLERC (RUE",,,Plein jour,En agglomération,Hors intersection,Pluie forte,Deux véhicules - côté,,,,,,,,,,,1,2,1,3,3
201500037955,0015-09-09 09:50:00,15,9,9,9,50,920,24,"86, MARTRE (RUE) DE (59",,,Plein jour,En agglomération,Intersection en X,Normale,Autre collision,,,,,,,,,,,1,2,2,1,6
201500037956,0015-09-03 21:50:00,15,9,3,21,50,920,24,"60, MARTRE (RUE) DE (59",,,Nuit avec éclairage allumé,En agglomération,Intersection en T,Normale,Deux véhicules - arrière,,,,,,,,,,,5,2,3,1,2
201500037957,0015-09-11 08:40:00,15,9,11,8,40,920,24,"11, CASTERES (RUE)",,,Plein jour,En agglomération,Hors intersection,Normale,Autre collision,,,,,,,,,,,1,2,1,1,6
201500037958,0015-09-17 16:26:00,15,9,17,16,26,920,24,"34, HENRI BARBUSSE (RUE)",,,Plein jour,En agglomération,Intersection en X,Normale,Deux véhicules - côté,,,,,,,,,,,1,2,2,1,3
201500037959,0015-09-18 08:35:00,15,9,18,8,35,920,24,"52, PIERRE BEREGOVOY (RU",,,Plein jour,En agglomération,Hors intersection,Normale,Deux véhicules - côté,,,,,,,,,,,1,2,1,1,3
201500037960,0015-09-18 10:45:00,15,9,18,10,45,920,24,"200, CLICHY (QUAI DE) DE",,,Plein jour,En agglomération,Intersection en T,Normale,Deux véhicules - côté,,,,,,,,,,,1,2,3,1,3
201500037961,0015-09-21 10:45:00,15,9,21,10,45,920,24,"1, ASNIERES (ROUTE D')",,,Plein jour,En agglomération,Intersection en T,Normale,Deux véhicules - frontale,,,,,,,,,,,1,2,3,1,1
201500037962,0015-09-23 22:50:00,15,9,23,22,50,920,24,"114, CLICHY (QUAI DE) DE",,,Nuit avec éclairage allumé,En agglomération,Giratoire,Normale,Deux véhicules - côté,,,,,,,,,,,5,2,6,1,3
201500037963,0015-09-24 14:30:00,15,9,24,14,30,920,24,"97, MARTRE (RUE) DE (59",,,Plein jour,En agglomération,Hors intersection,Normale,Autre collision,,,,,,,,,,,1,2,1,1,6
201500037964,0015-09-30 08:20:00,15,9,30,8,20,920,24,"13, LANDY (RUE DU) DE (1",,,Plein jour,En agglomération,Hors intersection,Normale,Trois véhicules et plus - en chaîne,,,,,,,,,,,1,2,1,1,4
201500037965,0015-09-08 18:40:00,15,9,8,18,40,920,24,"57, VICTOR HUGO (BD)",,,Plein jour,En agglomération,Hors intersection,Normale,Sans collision,,,,,,,,,,,1,2,1,1,7
201500037966,0015-10-10 15:00:00,15,10,10,15,0,920,24,"141-143, VICTOR HUGO (BD",,,Plein jour,En agglomération,Intersection en T,Normale,Sans collision,,,,,,,,,,,1,2,3,1,7
201500037967,0015-10-16 16:25:00,15,10,16,16,25,920,24,"78, VICTOR HUGO (BD)",,,Plein jour,En agglomération,Intersection en X,Normale,Deux véhicules - côté,,,,,,,,,,,1,2,2,1,3
201500037968,0015-10-21 21:10:00,15,10,21,21,10,920,24,"8, MARTISSOT (RUE)",,,Nuit avec éclairage allumé,En agglomération,Intersection en X,Pluie légère,Deux véhicules - côté,,,,,,,,,,,5,2,2,2,3
201500037969,0015-10-24 17:30:00,15,10,24,17,30,920,24,"124, JEAN JAURES (BD) DE",,,Plein jour,En agglomération,Hors intersection,Normale,Trois véhicules et plus - en chaîne,,,,,,,,,,,1,2,1,1,4
201500037970,0015-10-31 14:30:00,15,10,31,14,30,920,24,"1, CLICHY (PONT DE)",,,Plein jour,En agglomération,Hors intersection,Normale,Deux véhicules - arrière,,,,,,,,,,,1,2,1,1,2
201500037971,0015-10-14 10:10:00,15,10,14,10,10,920,24,"102, JEAN JAURES (BD) DE",,,Plein jour,En agglomération,Intersection en X,Normale,Deux véhicules - arrière,,,,,,,,,,,1,2,2,1,2
201500037972,0015-11-03 16:25:00,15,11,3,16,25,920,24,"68, HENRI BARBUSSE (RUE)",,,Plein jour,En agglomération,Intersection en X,Normale,Autre collision,,,,,,,,,,,1,2,2,1,6
201500037973,0015-11-06 19:30:00,15,11,6,19,30,920,24,"83, JEAN JAURES (BD) DE",,,Nuit avec éclairage allumé,En agglomération,Hors intersection,Pluie légère,Autre collision,,,,,,,,,,,5,2,1,2,6
201500037974,0015-11-08 06:15:00,15,11,8,6,15,920,24,"69, MARTRE (RUE) DE (59",,,Nuit avec éclairage allumé,En agglomération,Intersection en X,Normale,Deux véhicules - côté,,,,,,,,,,,5,2,2,1,3
201500037975,0015-11-17 08:45:00,15,11,17,8,45,920,24,"1, CLICHY (PONT DE)",,,Crépuscule ou aube,En agglomération,Hors intersection,Pluie légère,Trois véhicules et plus - en chaîne,,,,,,,,,,,2,2,1,2,4
201500037976,0015-11-17 16:50:00,15,11,17,16,50,920,24,"30, GEORGES BOISSEAU (RU",,,Plein jour,En agglomération,Hors intersection,Normale,Autre collision,,,,,,,,,,,1,2,1,1,6
201500037977,0015-11-17 18:45:00,15,11,17,18,45,920,24,"108, MARTRE (RUE) DE (59",,,Nuit avec éclairage allumé,En agglomération,Hors intersection,Pluie légère,Trois véhicules et plus - collisions multiples,,,,,,,,,,,5,2,1,2,5
201500037978,0015-11-18 17:00:00,15,11,18,17,0,920,24,"14, SIMONNEAU (RUE)",,,Crépuscule ou aube,En agglomération,Hors intersection,Normale,Autre collision,,,,,,,,,,,2,2,1,1,6
201500037979,0015-12-04 09:45:00,15,12,4,9,45,920,24,"72, VICTOR HUGO (BD)",,,Plein jour,Hors agglomération,Intersection en T,Normale,Autre collision,,,,,,,,,,,1,1,3,1,6
201500037980,0015-11-16 13:00:00,15,11,16,13,0,920,24,"65, VICTOR HUGO (BD)",,,Plein jour,En agglomération,Intersection en T,Normale,Autre collision,,,,,,,,,,,1,2,3,1,6
201500037981,0015-12-08 14:10:00,15,12,8,14,10,920,24,"101, MARTRE (RUE) DE (59",,,Plein jour,En agglomération,Hors intersection,Pluie forte,Deux véhicules - côté,,,,,,,,,,,1,2,1,3,3
201500037982,0015-12-16 17:50:00,15,12,16,17,50,920,24,"45, JEAN JAURES (BD) DE",,,Plein jour,En agglomération,Intersection en X,Normale,Autre collision,,,,,,,,,,,1,2,2,1,6
201500037983,0015-12-05 12:20:00,15,12,5,12,20,920,24,"20, CHARLES ET RENE AUFF",,,Plein jour,En agglomération,Hors intersection,Normale,Autre collision,,,,,,,,,,,1,2,1,1,6
201500037984,0015-12-21 17:45:00,15,12,21,17,45,920,24,"10, REPUBLIQUE (PLACE DE",,,Nuit avec éclairage allumé,En agglomération,Hors intersection,Pluie forte,Autre collision,,,,,,,,,,,5,2,1,3,6
201500037985,0015-12-24 11:10:00,15,12,24,11,10,920,24,"112, VICTOR HUGO (BD)",,,Plein jour,En agglomération,Intersection en T,Normale,Deux véhicules - côté,,,,,,,,,,,1,2,3,1,3
201500037986,0015-12-20 12:15:00,15,12,20,12,15,920,24,"159, JEAN JAURES (BD) DE",,,Plein jour,En agglomération,Hors intersection,Normale,Sans collision,,,,,,,,,,,1,2,1,1,7
201500037987,0015-01-09 13:26:00,15,1,9,13,26,920,25,"0, PAUL BERT (RUE)",,,Plein jour,En agglomération,Hors intersection,Normale,Autre collision,,,,,,,,,,,1,2,1,1,6
201500037988,0015-01-11 00:35:00,15,1,11,0,35,920,25,"0, G.GRES<> 150 A 190 &",,,Nuit avec éclairage allumé,En agglomération,Intersection en X,Normale,Deux véhicules - côté,,,,,,,,,,,5,2,2,1,3
201500037989,0015-01-12 13:00:00,15,1,12,13,0,920,25,DE GAULLE/GRES,,,Plein jour,En agglomération,Intersection en X,Normale,Autre collision,,,,,,,,,,,1,2,2,1,6
201500037990,0015-01-13 09:40:00,15,1,13,9,40,920,25,"0, PRESIDENT SALVADOR AL",,,Plein jour,En agglomération,Hors intersection,Normale,Autre collision,,,,,,,,,,,1,2,1,1,6
201500037991,0015-01-12 14:15:00,15,1,12,14,15,920,25,"20, EUROPE (AV DE L')",,,Plein jour,En agglomération,Autre intersection,Normale,Deux véhicules - côté,,,,,,,,,,,1,2,9,1,3
201500037992,0015-01-20 09:35:00,15,1,20,9,35,920,25,BOURNARD (RUE DU),,,Plein jour,En agglomération,Intersection en X,Normale,Autre collision,,,,,,,,,,,1,2,2,1,6
201500037993,0015-01-23 22:45:00,15,1,23,22,45,920,25,"65, PAUL BERT (RUE)",,,Nuit avec éclairage allumé,En agglomération,Intersection en X,Normale,Sans collision,,,,,,,,,,,5,2,2,1,7
201500037994,0015-01-27 09:00:00,15,1,27,9,0,920,25,"21, GABRIEL PERI (RUE)",,,Plein jour,En agglomération,Hors intersection,Normale,Deux véhicules - arrière,,,,,,,,,,,1,2,1,1,2
201500037995,0015-01-29 18:05:00,15,1,29,18,5,920,25,"0, BOURNARD (RUE DU)",,,Crépuscule ou aube,En agglomération,Hors intersection,Pluie légère,Autre collision,,,,,,,,,,,2,2,1,2,6
201500037996,0015-02-03 09:15:00,15,2,3,9,15,920,25,"117, CHAMPARONS & (PETIT",,,Plein jour,En agglomération,Hors intersection,Normale,Autre collision,,,,,,,,,,,1,2,1,1,6
201500037997,0015-02-03 19:25:00,15,2,3,19,25,920,25,"77, BOURNARD (RUE DU)",,,Nuit avec éclairage allumé,En agglomération,Intersection en X,Normale,Autre collision,,,,,,,,,,,5,2,2,1,6
201500037998,0015-02-05 10:05:00,15,2,5,10,5,920,25,"2, GAMBETTA (BD)",,,Plein jour,En agglomération,Intersection en X,Normale,Autre collision,,,,,,,,,,,1,2,2,1,6
201500037999,0015-02-05 11:05:00,15,2,5,11,5,920,25,"555, GABRIEL PERI (RUE)",,,Plein jour,En agglomération,Hors intersection,Normale,Sans collision,,,,,,,,,,,1,2,1,1,7
201500038000,0015-02-05 20:10:00,15,2,5,20,10,920,25,"0, CHARLES DE GAULLE (BD",,,Plein jour,En agglomération,Intersection en X,Normale,Deux véhicules - arrière,,,,,,,,,,,1,2,2,1,2
201500038001,0015-02-06 12:50:00,15,2,6,12,50,920,25,"155, HENRI BARBUSSE (AV)",,,Plein jour,En agglomération,Intersection en X,Normale,Autre collision,,,,,,,,,,,1,2,2,1,6
201500038002,0015-01-28 15:25:00,15,1,28,15,25,920,25,"96, HENRI BARBUSSE (AV)",,,Plein jour,En agglomération,Hors intersection,Pluie légère,Deux véhicules - côté,,,,,,,,,,,1,2,1,2,3
201500038003,0015-02-06 21:45:00,15,2,6,21,45,920,25,FERRY/LEGE,,,Nuit avec éclairage allumé,En agglomération,Intersection en T,Normale,Autre collision,,,,,,,,,,,5,2,3,1,6
201500038004,0015-02-09 06:45:00,15,2,9,6,45,920,25,"0, PAUL BERT (RUE)",,,Nuit avec éclairage allumé,En agglomération,Intersection en X,Normale,Deux véhicules - côté,,,,,,,,,,,5,2,2,1,3
201500038005,0015-02-11 10:15:00,15,2,11,10,15,920,25,"454, GABRIEL PERI (RUE)",,,Plein jour,En agglomération,Hors intersection,Normale,Autre collision,,,,,,,,,,,1,2,1,1,6
201500038006,0015-02-11 14:15:00,15,2,11,14,15,920,25,"35, EUROPE (AV DE L')",,,Plein jour,En agglomération,Hors intersection,Normale,Sans collision,,,,,,,,,,,1,2,1,1,7