accident_id,datetime,annee,mois,jour,heure,minute,departement,commune_insee,adresse,latitude,longitude,luminosite,agglomeration,intersection,meteo,collision,nb_vehicules,nb_usagers,nb_indemnes,nb_tues,nb_blesses_hosp,nb_blesses_legers,age_cond_1,age_cond_2,veh_type_cond_1,veh_type_cond_2,lum_code,agg_code,int_code,atm_code,col_code
201500038007,0015-02-14 19:15:00,15,2,14,19,15,920,25,"55, GABRIEL PERI (RUE)",,,Plein jour,En agglomération,Hors intersection,Normale,Autre collision,,,,,,,,,,,1,2,1,1,6
201500038008,0015-02-07 19:10:00,15,2,7,19,10,920,25,"0, CHARLES DE GAULLE (BD",,,Nuit avec éclairage allumé,En agglomération,Hors intersection,Normale,Autre collision,,,,,,,,,,,5,2,1,1,6
201500038009,0015-02-19 14:40:00,15,2,19,14,40,920,25,"0, EUROPE (AV DE L')",,,Plein jour,En agglomération,Hors intersection,Normale,Deux véhicules - arrière,,,,,,,,,,,1,2,1,1,2
201500038010,0015-02-21 19:20:00,15,2,21,19,20,920,25,"0, KLEBER (AV)",,,Nuit avec éclairage allumé,En agglomération,Intersection en X,Normale,Deux véhicules - côté,,,,,,,,,,,5,2,2,1,3
201500038011,0015-02-20 14:55:00,15,2,20,14,55,920,25,"12, VALMY (BD DE)",,,Plein jour,En agglomération,Hors intersection,Pluie légère,Autre collision,,,,,,,,,,,1,2,1,2,6
201500038012,0015-02-25 12:45:00,15,2,25,12,45,920,25,"220, ESTIENNE D'ORVES (R",,,Plein jour,En agglomération,Hors intersection,Pluie légère,Sans collision,,,,,,,,,,,1,2,1,2,7
201500038013,0015-02-26 08:55:00,15,2,26,8,55,920,25,"17, HENRI LITTOLFF N? PA",,,Plein jour,En agglomération,Hors intersection,Pluie légère,Sans collision,,,,,,,,,,,1,2,1,2,7
201500038014,0015-03-04 19:30:00,15,3,4,19,30,920,25,"22, GABRIEL PERI (RUE)",,,Nuit avec éclairage allumé,En agglomération,Hors intersection,Normale,Autre collision,,,,,,,,,,,5,2,1,1,6
201500038015,0015-03-04 11:45:00,15,3,4,11,45,920,25,"28, EGALITE (RUE DE L')",,,Plein jour,En agglomération,Hors intersection,Normale,Autre collision,,,,,,,,,,,1,2,1,1,6
201500038016,0015-03-13 12:50:00,15,3,13,12,50,920,25,"308, PRESIDENT SALVADOR",,,Plein jour,En agglomération,Hors intersection,Normale,Deux véhicules - côté,,,,,,,,,,,1,2,1,1,3
201500038017,0015-03-09 15:25:00,15,3,9,15,25,920,25,"0, METZ (RUE DE)",,,Plein jour,En agglomération,Intersection en T,Normale,Deux véhicules - côté,,,,,,,,,,,1,2,3,1,3
201500038018,0015-03-14 20:55:00,15,3,14,20,55,920,25,"0, CHARLES DE GAULLE (BD",,,Nuit avec éclairage allumé,En agglomération,Hors intersection,Normale,Deux véhicules - arrière,,,,,,,,,,,5,2,1,1,2
201500038019,0015-03-16 08:40:00,15,3,16,8,40,920,25,"76, BOURNARD (RUE DU)",,,Plein jour,En agglomération,Hors intersection,Normale,Deux véhicules - côté,,,,,,,,,,,1,2,1,1,3
201500038020,0015-03-17 08:30:00,15,3,17,8,30,920,25,"20, VALMY (BD DE)",,,Plein jour,En agglomération,Intersection en X,Normale,Deux véhicules - côté,,,,,,,,,,,1,2,2,1,3
201500038021,0015-03-23 08:50:00,15,3,23,8,50,920,25,"0, PAUL BERT (RUE)",,,Plein jour,En agglomération,Intersection en X,Normale,Autre collision,,,,,,,,,,,1,2,2,1,6
201500038022,0015-03-23 09:15:00,15,3,23,9,15,920,25,"0, BOURNARD (RUE DU)",,,Plein jour,En agglomération,Hors intersection,Normale,Deux véhicules - côté,,,,,,,,,,,1,2,1,1,3
201500038023,0015-03-24 22:00:00,15,3,24,22,0,920,25,"0, G.GRES<>2 A 148 & 1 A",,,Nuit avec éclairage allumé,En agglomération,Intersection en T,Pluie légère,Autre collision,,,,,,,,,,,5,2,3,2,6
201500038024,0015-03-28 13:45:00,15,3,28,13,45,920,25,"94, MARCEAU (BD)",,,Plein jour,En agglomération,Intersection à plus de 4 branches,Normale,Autre collision,,,,,,,,,,,1,2,5,1,6
201500038025,0015-03-31 19:35:00,15,3,31,19,35,920,25,"0, BOURNARD (RUE DU)",,,Plein jour,En agglomération,Intersection en X,Normale,Deux véhicules - côté,,,,,,,,,,,1,2,2,1,3
201500038026,0015-04-05 16:55:00,15,4,5,16,55,920,25,"27, STALINGRAD (AV DE)",,,Plein jour,En agglomération,Hors intersection,Normale,Deux véhicules - côté,,,,,,,,,,,1,2,1,1,3
201500038027,0015-04-06 19:40:00,15,4,6,19,40,920,25,"146, VOIES DU BOIS (RUE",,,Plein jour,En agglomération,Hors intersection,Normale,Deux véhicules - frontale,,,,,,,,,,,1,2,1,1,1
201500038028,0015-04-06 20:05:00,15,4,6,20,5,920,25,"51, VICTOR HUGO (AV.VILL",,,Plein jour,En agglomération,Hors intersection,Normale,Autre collision,,,,,,,,,,,1,2,1,1,6
201500038029,0015-04-07 17:15:00,15,4,7,17,15,920,25,"18, HENRI BARBUSSE (AV)",,,Plein jour,En agglomération,Hors intersection,Normale,Autre collision,,,,,,,,,,,1,2,1,1,6
201500038030,0015-04-08 06:35:00,15,4,8,6,35,920,25,"0, VALMY (BD DE)",,,Nuit avec éclairage allumé,En agglomération,Intersection en X,Normale,Deux véhicules - côté,,,,,,,,,,,5,2,2,1,3
201500038031,0015-04-10 09:30:00,15,4,10,9,30,920,25,"76, HENRI BARBUSSE (AV)",,,Plein jour,En agglomération,Intersection en T,Normale,Deux véhicules - frontale,,,,,,,,,,,1,2,3,1,1
201500038032,0015-04-10 12:15:00,15,4,10,12,15,920,25,"0, ROUTE DU PORT DE PARI",,,Plein jour,En agglomération,Hors intersection,Normale,Sans collision,,,,,,,,,,,1,2,1,1,7
201500038033,0015-04-11 11:00:00,15,4,11,11,0,920,25,"73, PAUL BERT (RUE)",,,Plein jour,En agglomération,Hors intersection,Normale,Deux véhicules - côté,,,,,,,,,,,1,2,1,1,3
201500038034,0015-04-11 17:20:00,15,4,11,17,20,920,25,"49, EUROPE (AV DE L')",,,Plein jour,En agglomération,Intersection en X,Pluie légère,Deux véhicules - arrière,,,,,,,,,,,1,2,2,2,2
201500038035,0015-04-14 20:40:00,15,4,14,20,40,920,25,"0, VALMY (BD DE)",,,Plein jour,En agglomération,Intersection en X,Normale,Deux véhicules - côté,,,,,,,,,,,1,2,2,1,3
201500038036,0015-02-21 20:25:00,15,2,21,20,25,920,25,"0, EGALITE (RUE DE L')",,,Nuit avec éclairage allumé,En agglomération,Hors intersection,Normale,Sans collision,,,,,,,,,,,5,2,1,1,7
201500038037,0015-04-28 17:20:00,15,4,28,17,20,920,25,"0, LABOURET (RUE)",,,Plein jour,En agglomération,Intersection en X,Normale,Sans collision,,,,,,,,,,,1,2,2,1,7
201500038038,0015-04-02 12:15:00,15,4,2,12,15,920,25,"49, PROGRES (RUE DU)",,,Plein jour,En agglomération,Intersection en T,Pluie légère,Sans collision,,,,,,,,,,,1,2,3,2,7
201500038039,0015-05-05 10:30:00,15,5,5,10,30,920,25,"77, PAUL BERT (RUE)",,,Plein jour,En agglomération,Intersection en X,Pluie légère,Deux véhicules - côté,,,,,,,,,,,1,2,2,2,3
201500038040,0015-05-12 15:40:00,15,5,12,15,40,920,25,"0, LABOURET (RUE)",,,Plein jour,En agglomération,Intersection en X,Normale,Deux véhicules - côté,,,,,,,,,,,1,2,2,1,3
201500038041,0015-05-19 12:35:00,15,5,19,12,35,920,25,"0, GAMBETTA (BD)",,,Plein jour,En agglomération,Intersection en X,Normale,Deux véhicules - côté,,,,,,,,,,,1,2,2,1,3
201500038042,0015-05-29 09:05:00,15,5,29,9,5,920,25,"151, PRESIDENT SALVADOR",,,Plein jour,En agglomération,Hors intersection,Normale,Autre collision,,,,,,,,,,,1,2,1,1,6
201500038043,0015-05-29 17:20:00,15,5,29,17,20,920,25,"357/359, ESTIENNE D'ORVE",,,Plein jour,En agglomération,Hors intersection,Normale,Autre collision,,,,,,,,,,,1,2,1,1,6
201500038044,0015-06-01 10:50:00,15,6,1,10,50,920,25,"0, BUFFON (RUE)",,,Plein jour,En agglomération,Hors intersection,Normale,Autre collision,,,,,,,,,,,1,2,1,1,6
201500038045,0015-06-01 19:20:00,15,6,1,19,20,920,25,"34, JEAN JACQUES ROUSSEA",,,Plein jour,En agglomération,Hors intersection,Normale,Deux véhicules - côté,,,,,,,,,,,1,2,1,1,3
201500038046,0015-06-04 07:10:00,15,6,4,7,10,920,25,"555, GABRIEL PERI (RUE)",,,Plein jour,En agglomération,Hors intersection,Normale,Deux véhicules - côté,,,,,,,,,,,1,2,1,1,3
201500038047,0015-06-08 17:45:00,15,6,8,17,45,920,25,"137, STALINGRAD (AV DE)",,,Plein jour,En agglomération,Hors intersection,Normale,Autre collision,,,,,,,,,,,1,2,1,1,6
201500038048,0015-06-08 20:30:00,15,6,8,20,30,920,25,"105, VALMY (BD DE)",,,Plein jour,En agglomération,Intersection en T,Normale,Autre collision,,,,,,,,,,,1,2,3,1,6
201500038049,0015-06-10 19:30:00,15,6,10,19,30,920,25,"50, STALINGRAD (AV DE)",,,Plein jour,En agglomération,Hors intersection,Normale,Deux véhicules - frontale,,,,,,,,,,,1,2,1,1,1
201500038050,0015-06-12 15:50:00,15,6,12,15,50,920,25,"1, EUROPE (AV DE L')",,,Plein jour,En agglomération,Hors intersection,Normale,Autre collision,,,,,,,,,,,1,2,1,1,6
201500038051,0015-06-19 00:10:00,15,6,19,0,10,920,25,"0, MOSLARD (RUE)",,,Nuit avec éclairage allumé,En agglomération,Intersection en X,Normale,Deux véhicules - côté,,,,,,,,,,,5,2,2,1,3
201500038052,0015-06-22 11:55:00,15,6,22,11,55,920,25,"0, BOURNARD (RUE DU)",,,Plein jour,En agglomération,Hors intersection,Normale,Autre collision,,,,,,,,,,,1,2,1,1,6
201500038053,0015-06-26 16:50:00,15,6,26,16,50,920,25,"175, STALINGRAD (AV DE)",,,Plein jour,En agglomération,Hors intersection,Normale,Deux véhicules - frontale,,,,,,,,,,,1,2,1,1,1
201500038054,0015-06-27 16:45:00,15,6,27,16,45,920,25,"115, STALINGRAD (AV DE)",,,Plein jour,En agglomération,Hors intersection,Normale,Deux véhicules - côté,,,,,,,,,,,1,2,1,1,3
201500038055,0015-06-28 17:55:00,15,6,28,17,55,920,25,", GABRIEL PERI (RUE)",,,Plein jour,En agglomération,Intersection en X,Normale,Deux véhicules - côté,,,,,,,,,,,1,2,2,1,3
201500038056,0015-07-07 12:05:00,15,7,7,12,5,920,25,"312, GABRIEL PERI (RUE)",,,Plein jour,En agglomération,Hors intersection,Normale,Deux véhicules - côté,,,,,,,,,,,1,2,1,1,3
201500038057,0015-07-06 18:55:00,15,7,6,18,55,920,25,PAUL BERT (RUE),,,Plein jour,Hors agglomération,Hors intersection,Normale,Deux véhicules - côté,,,,,,,,,,,1,1,1,1,3
201500038058,0015-07-09 10:32:00,15,7,9,10,32,920,25,"0, VERDUN (RUE DE)",,,Plein jour,En agglomération,Hors intersection,Normale,Deux véhicules - arrière,,,,,,,,,,,1,2,1,1,2
201500038059,0015-07-13 21:15:00,15,7,13,21,15,920,25,"125, MARECHAL JOFFRE (RU",,,Crépuscule ou aube,En agglomération,Hors intersection,Normale,Sans collision,,,,,,,,,,,2,2,1,1,7
201500038060,0015-07-17 11:40:00,15,7,17,11,40,920,25,GABRIEL PERI (RUE),,,Plein jour,Hors agglomération,Hors intersection,Normale,Autre collision,,,,,,,,,,,1,1,1,1,6
201500038061,0015-07-18 11:53:00,15,7,18,11,53,920,25,"VIS A VIS, CHARLES DE GA",,,Plein jour,En agglomération,Hors intersection,Normale,Autre collision,,,,,,,,,,,1,2,1,1,6
201500038062,0015-07-27 16:30:00,15,7,27,16,30,920,25,PAUL BERT (RUE),,,Plein jour,En agglomération,Hors intersection,Normale,Deux véhicules - côté,,,,,,,,,,,1,2,1,1,3
201500038063,0015-07-28 07:55:00,15,7,28,7,55,920,25,"0, GABRIEL PERI (RUE)",,,Crépuscule ou aube,En agglomération,Intersection en T,Normale,Deux véhicules - côté,,,,,,,,,,,2,2,3,1,3
201500038064,0015-08-08 13:00:00,15,8,8,13,0,920,25,"0, CHARLES DE GAULLE (BD",,,Plein jour,En agglomération,Hors intersection,Normale,Autre collision,,,,,,,,,,,1,2,1,1,6
201500038065,0015-08-14 00:23:00,15,8,14,0,23,920,25,"0, CHARLES DE GAULLE (BD",,,Nuit avec éclairage allumé,En agglomération,Intersection en T,Pluie légère,Deux véhicules - côté,,,,,,,,,,,5,2,3,2,3
201500038066,0015-07-30 13:10:00,15,7,30,13,10,920,25,"0, GABRIEL PERI (RUE)",,,Plein jour,En agglomération,Hors intersection,Normale,Deux véhicules - arrière,,,,,,,,,,,1,2,1,1,2
201500038067,0015-08-20 10:35:00,15,8,20,10,35,920,25,"0, CHARLES DE GAULLE (BD",,,Plein jour,Hors agglomération,Intersection en X,Pluie légère,Autre collision,,,,,,,,,,,1,1,2,2,6
201500038068,0015-09-03 17:45:00,15,9,3,17,45,920,25,"0, FRATERNITE (RUE DE LA",,,Plein jour,En agglomération,Hors intersection,Normale,Deux véhicules - côté,,,,,,,,,,,1,2,1,1,3
201500038069,0015-09-04 00:40:00,15,9,4,0,40,920,25,"0, GABRIEL PERI (RUE)",,,Nuit avec éclairage allumé,En agglomération,Hors intersection,Normale,Deux véhicules - frontale,,,,,,,,,,,5,2,1,1,1
201500038070,0015-09-04 15:30:00,15,9,4,15,30,920,25,"0, PAUL BERT (RUE)",,,Plein jour,En agglomération,Intersection en X,Normale,Deux véhicules - côté,,,,,,,,,,,1,2,2,1,3
201500038071,0015-09-07 09:50:00,15,9,7,9,50,920,25,"0, HENRI BARBUSSE (AV)",,,Plein jour,En agglomération,Hors intersection,Normale,Trois véhicules et plus - collisions multiples,,,,,,,,,,,1,2,1,1,5
201500038072,0015-09-11 21:42:00,15,9,11,21,42,920,25,"0, PAUL BERT (RUE)",,,Nuit avec éclairage allumé,En agglomération,Intersection en X,Normale,Deux véhicules - côté,,,,,,,,,,,5,2,2,1,3
201500038073,0015-07-05 20:30:00,15,7,5,20,30,920,25,PBERT  ST YVES DU MANOIR,,,Plein jour,En agglomération,Hors intersection,Normale,Autre collision,,,,,,,,,,,1,2,1,1,6
201500038074,0015-09-19 15:10:00,15,9,19,15,10,920,25,"36, EDGARD QUINET (BD)",,,Plein jour,Hors agglomération,Hors intersection,Normale,Deux véhicules - côté,,,,,,,,,,,1,1,1,1,3
201500038075,0015-09-19 19:10:00,15,9,19,19,10,920,25,"1, CHARLES DE GAULLE (BD",,,Plein jour,En agglomération,Hors intersection,Normale,Deux véhicules - côté,,,,,,,,,,,1,2,1,1,3
201500038076,0015-09-23 16:35:00,15,9,23,16,35,920,25,"87, VARSOVIE (RUE DE)",,,Plein jour,En agglomération,Hors intersection,Normale,Autre collision,,,,,,,,,,,1,2,1,1,6
201500038077,0015-09-24 16:10:00,15,9,24,16,10,920,25,", CHARLES DE GAULLE (BD)",,,Plein jour,En agglomération,Hors intersection,Normale,Autre collision,,,,,,,,,,,1,2,1,1,6
201500038078,0015-09-25 16:30:00,15,9,25,16,30,920,25,"0, COMMERCE (RUE DU)",,,Plein jour,En agglomération,Hors intersection,Normale,Autre collision,,,,,,,,,,,1,2,1,1,6
201500038079,0015-09-27 21:55:00,15,9,27,21,55,920,25,"24, VALMY (BD DE)",,,Nuit avec éclairage allumé,En agglomération,Hors intersection,Normale,Deux véhicules - côté,,,,,,,,,,,5,2,1,1,3
201500038080,0015-09-29 10:00:00,15,9,29,10,0,920,25,"0, GABRIEL PERI (RUE)",,,Plein jour,En agglomération,Intersection en X,Normale,Deux véhicules - côté,,,,,,,,,,,1,2,2,1,3
201500038081,0015-09-29 08:00:00,15,9,29,8,0,920,25,"178, RENOUILLERS  (RUE D",,,Plein jour,En agglomération,Hors intersection,Normale,Deux véhicules - arrière,,,,,,,,,,,1,2,1,1,2
201500038082,0015-09-30 08:40:00,15,9,30,8,40,920,25,"0, PAUL BERT (RUE)",,,Plein jour,En agglomération,Intersection en X,Normale,Deux véhicules - côté,,,,,,,,,,,1,2,2,1,3
201500038083,0015-09-30 14:45:00,15,9,30,14,45,920,25,"0, PONT DE BEZONS",,,Plein jour,En agglomération,Hors intersection,Normale,Deux véhicules - arrière,,,,,,,,,,,1,2,1,1,2
201500038084,0015-10-05 17:40:00,15,10,5,17,40,920,25,"130, CHARLES DE GAULLE (",,,Plein jour,En agglomération,Hors intersection,Pluie légère,Autre collision,,,,,,,,,,,1,2,1,2,6
201500038085,0015-10-08 00:20:00,15,10,8,0,20,920,25,"0, CHARLES DE GAULLE (BD",,,Nuit sans éclairage public,En agglomération,Hors intersection,Normale,Deux véhicules - côté,,,,,,,,,,,3,2,1,1,3
201500038086,0015-10-08 16:40:00,15,10,8,16,40,920,25,"5, GABRIEL PERI (RUE)",,,Plein jour,En agglomération,Hors intersection,Normale,Deux véhicules - côté,,,,,,,,,,,1,2,1,1,3
201500038087,0015-10-09 11:10:00,15,10,9,11,10,920,25,"0, GENERAL LECLERC (PLAC",,,Plein jour,En agglomération,Intersection en X,Normale,Deux véhicules - côté,,,,,,,,,,,1,2,2,1,3
201500038088,0015-10-10 23:15:00,15,10,10,23,15,920,25,"57, COLBERT <> 55 A 113",,,Nuit avec éclairage allumé,En agglomération,Hors intersection,Normale,Deux véhicules - frontale,,,,,,,,,,,5,2,1,1,1
201500038089,0015-10-10 14:10:00,15,10,10,14,10,920,25,"86, VARSOVIE (RUE DE)",,,Plein jour,En agglomération,Hors intersection,Normale,Sans collision,,,,,,,,,,,1,2,1,1,7
201500038090,0015-10-10 15:10:00,15,10,10,15,10,920,25,"0, A86",,,Plein jour,Hors agglomération,Intersection en X,Normale,Deux véhicules - côté,,,,,,,,,,,1,1,2,1,3
201500038091,0015-10-12 16:15:00,15,10,12,16,15,920,25,"0, CHARLES DE GAULLE (BD",,,Plein jour,Hors agglomération,Hors intersection,Normale,Deux véhicules - côté,,,,,,,,,,,1,1,1,1,3
201500038092,0015-10-12 19:20:00,15,10,12,19,20,920,25,"0, PIERRE BADUEL (RUE)",,,Crépuscule ou aube,En agglomération,Hors intersection,Normale,Deux véhicules - arrière,,,,,,,,,,,2,2,1,1,2
201500038093,0015-10-13 08:50:00,15,10,13,8,50,920,25,"86, SOLFERINO (RUE & AV)",,,Plein jour,En agglomération,Hors intersection,Normale,Autre collision,,,,,,,,,,,1,2,1,1,6
201500038094,0015-10-18 18:00:00,15,10,18,18,0,920,25,"88, HOCHE (RUE)",,,Plein jour,En agglomération,Hors intersection,Temps couvert,Autre collision,,,,,,,,,,,1,2,1,8,6
201500038095,0015-10-13 19:40:00,15,10,13,19,40,920,25,"153, HENRI BARBUSSE (AV)",,,Plein jour,En agglomération,Hors intersection,Normale,Deux véhicules - côté,,,,,,,,,,,1,2,1,1,3
201500038096,0015-10-09 18:50:00,15,10,9,18,50,920,25,"0, MARCELIN BERTHELOT (R",,,Nuit avec éclairage allumé,En agglomération,Intersection en X,Normale,Deux véhicules - côté,,,,,,,,,,,5,2,2,1,3
201500038097,0015-10-14 15:00:00,15,10,14,15,0,920,25,"0, BOURNARD (RUE DU)",,,Plein jour,En agglomération,Autre intersection,Normale,Autre collision,,,,,,,,,,,1,2,9,1,6
201500038098,0015-10-28 18:30:00,15,10,28,18,30,920,25,"81, AGENT SARRE (AV DE L",,,Plein jour,En agglomération,Hors intersection,Normale,Deux véhicules - arrière,,,,,,,,,,,1,2,1,1,2
201500038099,0015-10-16 07:55:00,15,10,16,7,55,920,25,"155, HENRI BARBUSSE (AV)",,,Crépuscule ou aube,En agglomération,Hors intersection,Pluie forte,Autre collision,,,,,,,,,,,2,2,1,3,6
201500038100,0015-10-22 22:25:00,15,10,22,22,25,920,25,"130, C.DE G.> 130 & 1103",,,Nuit avec éclairage allumé,En agglomération,Hors intersection,Normale,Deux véhicules - arrière,,,,,,,,,,,5,2,1,1,2
201500038101,0015-10-14 22:30:00,15,10,14,22,30,920,25,"0, CHARLES DE GAULLE (BD",,,Nuit avec éclairage allumé,En agglomération,Intersection en X,Normale,Trois véhicules et plus - collisions multiples,,,,,,,,,,,5,2,2,1,5
201500038102,0015-10-24 18:35:00,15,10,24,18,35,920,25,"0, CHARLES DE GAULLE (BD",,,Plein jour,En agglomération,Intersection en X,Normale,Autre collision,,,,,,,,,,,1,2,2,1,6
201500038103,0015-11-02 22:50:00,15,11,2,22,50,920,25,"0, STALINGRAD (AV DE)",,,Nuit avec éclairage allumé,En agglomération,Intersection en T,Normale,Deux véhicules - côté,,,,,,,,,,,5,2,3,1,3
201500038104,0015-11-05 10:50:00,15,11,5,10,50,920,25,"74, BOURNARD (RUE DU)",,,Plein jour,En agglomération,Hors intersection,Normale,Autre collision,,,,,,,,,,,1,2,1,1,6
201500038105,0015-11-06 15:15:00,15,11,6,15,15,920,25,"05, GABRIEL PERI (RUE)",,,Plein jour,En agglomération,Hors intersection,Normale,Autre collision,,,,,,,,,,,1,2,1,1,6
201500038106,0015-11-06 18:30:00,15,11,6,18,30,920,25,"0, AUDRA (AV)",,,Nuit avec éclairage allumé,En agglomération,Intersection en X,Normale,Autre collision,,,,,,,,,,,5,2,2,1,6
201500038107,0015-11-06 22:30:00,15,11,6,22,30,920,25,"41, DENIS PAPIN (RUE)",,,Nuit avec éclairage allumé,En agglomération,Hors intersection,Normale,Sans collision,,,,,,,,,,,5,2,1,1,7
201500038108,0015-11-08 21:05:00,15,11,8,21,5,920,25,"109, ESTIENNE D'ORVES (R",,,Nuit avec éclairage non allumé,En agglomération,Hors intersection,Normale,Autre collision,,,,,,,,,,,4,2,1,1,6
201500038109,0015-11-10 21:56:00,15,11,10,21,56,920,25,"0, HENRI LITTOLFF N° PAI",,,Nuit avec éclairage allumé,En agglomération,Intersection en X,Normale,Deux véhicules - frontale,,,,,,,,,,,5,2,2,1,1
201500038110,0015-11-12 09:00:00,15,11,12,9,0,920,25,"59, E.D'ORVES <>2A198 &",,,Plein jour,En agglomération,Hors intersection,Normale,Autre collision,,,,,,,,,,,1,2,1,1,6
201500038111,0015-11-19 15:40:00,15,11,19,15,40,920,25,"20, EUROPE (AV DE L')",,,Plein jour,En agglomération,Hors intersection,Normale,Autre collision,,,,,,,,,,,1,2,1,1,6
201500038112,0015-11-20 07:16:00,15,11,20,7,16,920,25,"123, VALMY (BD DE)",,,Nuit avec éclairage allumé,En agglomération,Hors intersection,Pluie légère,Deux véhicules - frontale,,,,,,,,,,,5,2,1,2,1
201500038113,0015-11-20 18:00:00,15,11,20,18,0,920,25,"33, E.D'ORVES <>2A198 &",,,Nuit avec éclairage non allumé,En agglomération,Hors intersection,Pluie légère,Sans collision,,,,,,,,,,,4,2,1,2,7
201500038114,0015-11-20 14:35:00,15,11,20,14,35,920,25,"0, COTES D'AUTY (RUE DES",,,Plein jour,En agglomération,Hors intersection,Normale,Autre collision,,,,,,,,,,,1,2,1,1,6
201500038115,0015-11-23 17:50:00,15,11,23,17,50,920,25,"238, E.D'ORVES <>200A328",,,Nuit avec éclairage allumé,Hors agglomération,Hors intersection,Normale,Autre collision,,,,,,,,,,,5,1,1,1,6
201500038116,0015-10-09 23:15:00,15,10,9,23,15,920,25,"0, CUGNET (RUE)",,,Nuit avec éclairage allumé,En agglomération,Intersection en T,Normale,Deux véhicules - frontale,,,,,,,,,,,5,2,3,1,1
201500038117,0015-11-18 08:50:00,15,11,18,8,50,920,25,"28, STALINGRAD (AV DE)",,,Plein jour,En agglomération,Hors intersection,Normale,Autre collision,,,,,,,,,,,1,2,1,1,6
201500038118,0015-12-02 13:00:00,15,12,2,13,0,920,25,"137, STALINGRAD (AV DE)",,,Plein jour,En agglomération,Hors intersection,Normale,Autre collision,,,,,,,,,,,1,2,1,1,6
201500038119,0015-12-02 18:35:00,15,12,2,18,35,920,25,"254, RENOUILLERS  (RUE D",,,Nuit avec éclairage allumé,En agglomération,Hors intersection,Normale,Deux véhicules - côté,,,,,,,,,,,5,2,1,1,3
201500038120,0015-12-03 08:00:00,15,12,3,8,0,920,25,", GABRIEL PERI (RUE)",,,Crépuscule ou aube,En agglomération,Intersection en X,Normale,Deux véhicules - côté,,,,,,,,,,,2,2,2,1,3
201500038121,0015-12-03 21:05:00,15,12,3,21,5,920,25,"0, STALINGRAD (AV DE)",,,Nuit avec éclairage allumé,Hors agglomération,Intersection en X,Normale,Autre collision,,,,,,,,,,,5,1,2,1,6
201500038122,0015-12-06 17:30:00,15,12,6,17,30,920,25,"0, PARC DEPARTEMENTAL",,,Plein jour,En agglomération,Hors intersection,Normale,Autre collision,,,,,,,,,,,1,2,1,1,6
201500038123,0015-12-08 03:00:00,15,12,8,3,0,920,25,"185, PDT S.ALLENDE> 278",,,Nuit avec éclairage allumé,En agglomération,Hors intersection,Normale,Sans collision,,,,,,,,,,,5,2,1,1,7
201500038124,0015-12-08 14:25:00,15,12,8,14,25,920,25,"0, AGRICULTURE (RUE DE L",,,Plein jour,En agglomération,Intersection en X,Pluie forte,Deux véhicules - côté,,,,,,,,,,,1,2,2,3,3
201500038125,0015-12-08 14:10:00,15,12,8,14,10,920,25,"1, CHARLES DE GAULLE (BD",,,Plein jour,En agglomération,Hors intersection,Pluie légère,Deux véhicules - côté,,,,,,,,,,,1,2,1,2,3
201500038126,0015-12-08 18:44:00,15,12,8,18,44,920,25,"0, STALINGRAD (AV DE)",,,Crépuscule ou aube,En agglomération,Hors intersection,Normale,Autre collision,,,,,,,,,,,2,2,1,1,6
201500038127,0015-12-09 19:10:00,15,12,9,19,10,920,25,"0, STALINGRAD (AV DE)",,,Nuit avec éclairage allumé,En agglomération,Intersection en T,Normale,Deux véhicules - côté,,,,,,,,,,,5,2,3,1,3
201500038128,0015-12-15 18:50:00,15,12,15,18,50,920,25,"0, TAILLADE (RUE)",,,Nuit avec éclairage allumé,En agglomération,Intersection en T,Pluie légère,Autre collision,,,,,,,,,,,5,2,3,2,6
201500038129,0015-12-16 11:30:00,15,12,16,11,30,920,25,"38, FELIX FAURE (RUE)",,,Plein jour,En agglomération,Hors intersection,Normale,Autre collision,,,,,,,,,,,1,2,1,1,6
201500038130,0015-12-17 22:30:00,15,12,17,22,30,920,25,"0, HOCHE (RUE)",,,Nuit avec éclairage allumé,En agglomération,Intersection en T,Normale,Deux véhicules - côté,,,,,,,,,,,5,2,3,1,3
201500038131,0015-12-18 13:55:00,15,12,18,13,55,920,25,"9, VALMY (BD DE)",,,Plein jour,En agglomération,Hors intersection,Normale,Autre collision,,,,,,,,,,,1,2,1,1,6
201500038132,0015-12-24 14:30:00,15,12,24,14,30,920,2,,,,Plein jour,En agglomération,Hors intersection,Normale,Deux véhicules - côté,,,,,,,,,,,1,2,1,1,3
201500038133,0015-12-22 13:00:00,15,12,22,13,0,920,25,"15, CHARLES DE GAULLE (B",,,Plein jour,En agglomération,Hors intersection,Normale,Sans collision,,,,,,,,,,,1,2,1,1,7
201500038134,0015-12-23 13:50:00,15,12,23,13,50,920,25,"0, CHARLES DE GAULLE (BD",,,Plein jour,En agglomération,Intersection en X,Normale,Autre collision,,,,,,,,,,,1,2,2,1,6
201500038135,0015-12-24 21:50:00,15,12,24,21,50,920,25,STALINGRAD (AV DE),,,Nuit avec éclairage allumé,En agglomération,Hors intersection,Normale,Autre collision,,,,,,,,,,,5,2,1,1,6
201500038136,0015-12-26 15:00:00,15,12,26,15,0,920,25,"0, KLEBER (AV)",,,Plein jour,En agglomération,Hors intersection,Normale,Deux véhicules - côté,,,,,,,,,,,1,2,1,1,3
201500038137,0015-01-02 17:55:00,15,1,2,17,55,920,26,"34 BIS, MARCEAU",,,Nuit avec éclairage allumé,En agglomération,Hors intersection,Normale,Deux véhicules - côté,,,,,,,,,,,5,2,1,1,3
201500038138,0015-01-07 20:15:00,15,1,7,20,15,920,26,"63, GAMBETTA",,,Nuit avec éclairage allumé,En agglomération,Intersection en T,Normale,Deux véhicules - côté,,,,,,,,,,,5,2,3,1,3
201500038139,0015-01-11 12:35:00,15,1,11,12,35,920,26,VICTOR HUGO (PLACE,,,Plein jour,En agglomération,Giratoire,Normale,Sans collision,,,,,,,,,,,1,2,6,1,7