accident_id,datetime,annee,mois,jour,heure,minute,departement,commune_insee,adresse,latitude,longitude,luminosite,agglomeration,intersection,meteo,collision,nb_vehicules,nb_usagers,nb_indemnes,nb_tues,nb_blesses_hosp,nb_blesses_legers,age_cond_1,age_cond_2,veh_type_cond_1,veh_type_cond_2,lum_code,agg_code,int_code,atm_code,col_code
201500038405,0015-11-27 12:00:00,15,11,27,12,0,920,40,"6, RODIN (BOULEVARD)",,,Plein jour,En agglomération,Hors intersection,Normale,Sans collision,,,,,,,,,,,1,2,1,1,7
201500038406,0015-11-02 16:25:00,15,11,2,16,25,920,40,ABBE DERRY (DE L'),,,Plein jour,En agglomération,Hors intersection,Normale,Deux véhicules - côté,,,,,,,,,,,1,2,1,1,3
201500038407,0015-12-16 12:06:00,15,12,16,12,6,920,40,"XX, STALINGRAD (QUAI DE)",,,Plein jour,En agglomération,Hors intersection,Temps couvert,Deux véhicules - arrière,,,,,,,,,,,1,2,1,8,2
201500038408,0015-12-09 19:40:00,15,12,9,19,40,920,40,"245, STALINGRAD (QUAI DE",,,Nuit sans éclairage public,En agglomération,Hors intersection,Normale,Deux véhicules - côté,,,,,,,,,,,3,2,1,1,3
201500038409,0015-12-19 14:40:00,15,12,19,14,40,920,40,"4, ARISTIDE BRIAND",,,Plein jour,En agglomération,Hors intersection,Normale,Autre collision,,,,,,,,,,,1,2,1,1,6
201500038410,0015-12-21 16:10:00,15,12,21,16,10,920,40,"XX, GALLIENI (BOULEVARD)",,,Plein jour,En agglomération,Hors intersection,Normale,Sans collision,,,,,,,,,,,1,2,1,1,7
201500038411,0015-12-22 11:10:00,15,12,22,11,10,920,40,"76-80, RODIN (BOULEVARD)",,,Plein jour,En agglomération,Hors intersection,Normale,Autre collision,,,,,,,,,,,1,2,1,1,6
201500038412,0015-12-10 17:15:00,15,12,10,17,15,920,40,"155, JEAN JACQUES ROUSSE",,,Crépuscule ou aube,En agglomération,Hors intersection,Normale,Deux véhicules - côté,,,,,,,,,,,2,2,1,1,3
201500038413,0015-02-26 08:30:00,15,2,26,8,30,920,40,"43, GOUVERNEUR GAL EBOUE",,,Plein jour,En agglomération,Intersection en T,Pluie légère,Autre collision,,,,,,,,,,,1,2,3,2,6
201500038414,0015-03-03 08:55:00,15,3,3,8,55,920,40,PONT D ISSY,,,Plein jour,En agglomération,Hors intersection,Normale,Trois véhicules et plus - collisions multiples,,,,,,,,,,,1,2,1,1,5
201500038415,0015-03-18 18:50:00,15,3,18,18,50,920,40,"251, STALINGRAD (QUAI DE",,,Plein jour,En agglomération,Hors intersection,Normale,Sans collision,,,,,,,,,,,1,2,1,1,7
201500038416,0015-01-03 20:25:00,15,1,3,20,25,920,40,"-, ERNEST RENAN",,,Nuit avec éclairage allumé,En agglomération,Intersection en X,Pluie légère,Deux véhicules - côté,,,,,,,,,,,5,2,2,2,3
201500038417,0015-01-08 20:10:00,15,1,8,20,10,920,40,"178, STALINGRAD (QUAI DE",,,Nuit avec éclairage allumé,En agglomération,Hors intersection,Pluie légère,Deux véhicules - côté,,,,,,,,,,,5,2,1,2,3
201500038418,0015-03-20 23:30:00,15,3,20,23,30,920,40,PAIX (AVENUE DE LA),,,Nuit avec éclairage allumé,En agglomération,Intersection en X,Normale,Deux véhicules - côté,,,,,,,,,,,5,2,2,1,3
201500038419,0015-01-08 09:45:00,15,1,8,9,45,920,40,"105, VERDUN (AVENUE DE)",,,Plein jour,En agglomération,Hors intersection,Normale,Deux véhicules - côté,,,,,,,,,,,1,2,1,1,3
201500038420,0015-01-09 16:00:00,15,1,9,16,0,920,40,FRERES VOISIN (BOULEVARD,,,Plein jour,En agglomération,Intersection en T,Normale,Deux véhicules - arrière,,,,,,,,,,,1,2,3,1,2
201500038421,0015-01-11 17:45:00,15,1,11,17,45,920,40,"92, RODIN (BOULEVARD)",,,Plein jour,En agglomération,Hors intersection,Temps couvert,Deux véhicules - côté,,,,,,,,,,,1,2,1,8,3
201500038422,0015-01-12 15:00:00,15,1,12,15,0,920,40,HORACE VERNET,,,Plein jour,En agglomération,Intersection en T,Normale,Autre collision,,,,,,,,,,,1,2,3,1,6
201500038423,0015-01-12 17:45:00,15,1,12,17,45,920,40,"103, GENERAL DE GAULLE (",,,Plein jour,En agglomération,Intersection en T,Normale,Autre collision,,,,,,,,,,,1,2,3,1,6
201500038424,0015-01-15 10:40:00,15,1,15,10,40,920,40,VICTOR HUGO (ROND-POINT),,,Plein jour,En agglomération,Giratoire,Normale,Deux véhicules - côté,,,,,,,,,,,1,2,6,1,3
201500038425,0015-01-22 13:45:00,15,1,22,13,45,920,40,"33, GENERAL LECLERC",,,Plein jour,En agglomération,Intersection en T,Normale,Deux véhicules - côté,,,,,,,,,,,1,2,3,1,3
201500038426,0015-01-24 15:10:00,15,1,24,15,10,920,40,MEUDON (DE),,,Plein jour,En agglomération,Intersection en T,Temps couvert,Deux véhicules - côté,,,,,,,,,,,1,2,3,8,3
201500038427,0015-01-29 07:20:00,15,1,29,7,20,920,40,"72, GALLIENI (BOULEVARD)",,,Nuit avec éclairage allumé,En agglomération,Intersection en X,Normale,Deux véhicules - arrière,,,,,,,,,,,5,2,2,1,2
201500038428,0015-04-03 02:50:00,15,4,3,2,50,920,40,STALINGRAD (QUAI DE),,,Nuit avec éclairage allumé,En agglomération,Intersection en X,Normale,Sans collision,,,,,,,,,,,5,2,2,1,7
201500038429,0015-04-12 23:00:00,15,4,12,23,0,920,40,BAS MEUDON (AVENUE DU),,,Nuit avec éclairage allumé,En agglomération,Intersection en T,Normale,Deux véhicules - côté,,,,,,,,,,,5,2,3,1,3
201500038430,0015-02-08 13:00:00,15,2,8,13,0,920,40,"24/26, BOURGAIN (AVENE)",,,Plein jour,En agglomération,Hors intersection,Normale,Sans collision,,,,,,,,,,,1,2,1,1,7
201500038431,0015-02-10 11:40:00,15,2,10,11,40,920,40,"35, GAMBETTA (BOULEVARD)",,,Plein jour,En agglomération,Hors intersection,Normale,Deux véhicules - côté,,,,,,,,,,,1,2,1,1,3
201500038432,0015-02-13 19:25:00,15,2,13,19,25,920,40,"60, GENERAL DE GAULLE (A",,,Nuit avec éclairage allumé,En agglomération,Intersection en X,Pluie légère,Autre collision,,,,,,,,,,,5,2,2,2,6
201500038433,0015-04-22 02:45:00,15,4,22,2,45,920,40,STALINGRAD (QUAI DE),,,Nuit avec éclairage allumé,En agglomération,Hors intersection,Normale,Sans collision,,,,,,,,,,,5,2,1,1,7
201500038434,0015-03-02 09:30:00,15,3,2,9,30,920,40,"6, DOCTEUR LOMBARD (DU)",,,Plein jour,En agglomération,Hors intersection,Normale,Deux véhicules - arrière,,,,,,,,,,,1,2,1,1,2
201500038435,0015-03-10 09:40:00,15,3,10,9,40,920,40,HORACE VERNET,,,Plein jour,En agglomération,Intersection en X,Normale,Deux véhicules - côté,,,,,,,,,,,1,2,2,1,3
201500038436,0015-03-11 09:30:00,15,3,11,9,30,920,40,ROUGET DE L'ISLE,,,Plein jour,En agglomération,Intersection en X,Normale,Deux véhicules - côté,,,,,,,,,,,1,2,2,1,3
201500038437,0015-03-11 10:00:00,15,3,11,10,0,920,40,"76, GALLIENI (BOULEVARD)",,,Plein jour,En agglomération,Hors intersection,Normale,Deux véhicules - côté,,,,,,,,,,,1,2,1,1,3
201500038438,0015-03-17 08:40:00,15,3,17,8,40,920,40,"1, LASSERRE",,,Plein jour,En agglomération,Intersection en X,Normale,Autre collision,,,,,,,,,,,1,2,2,1,6
201500038439,0015-03-19 12:25:00,15,3,19,12,25,920,40,JEAN-PIERRE TIMBAUD,,,Plein jour,En agglomération,Intersection en X,Normale,Autre collision,,,,,,,,,,,1,2,2,1,6
201500038440,0015-03-20 13:30:00,15,3,20,13,30,920,40,GUSTAVE EIFFEL (ALLEE),,,Plein jour,En agglomération,Hors intersection,Normale,Autre collision,,,,,,,,,,,1,2,1,1,6
201500038441,0015-03-23 21:30:00,15,3,23,21,30,920,40,GENERAL DE GAULLE (AVE D,,,Nuit avec éclairage allumé,En agglomération,Intersection en X,Normale,Deux véhicules - côté,,,,,,,,,,,5,2,2,1,3
201500038442,0015-03-26 10:30:00,15,3,26,10,30,920,40,"6, BOURGAIN (AVENE)",,,Plein jour,En agglomération,Intersection en T,Normale,Deux véhicules - côté,,,,,,,,,,,1,2,3,1,3
201500038443,0015-04-14 19:00:00,15,4,14,19,0,920,40,JEAN JACQUES ROUSSEAU,,,Plein jour,En agglomération,Hors intersection,Normale,Deux véhicules - côté,,,,,,,,,,,1,2,1,1,3
201500038444,0015-05-21 14:00:00,15,5,21,14,0,920,40,"1, CAMILLE DESMOULINS",,,Plein jour,En agglomération,Intersection en X,Normale,Deux véhicules - côté,,,,,,,,,,,1,2,2,1,3
201500038445,0015-05-20 17:25:00,15,5,20,17,25,920,40,"16, AUGUSTE GERVAIS",,,Plein jour,En agglomération,Hors intersection,Autre,Deux véhicules - arrière,,,,,,,,,,,1,2,1,9,2
201500038446,0015-05-28 21:40:00,15,5,28,21,40,920,40,"xx, RESISTANCE (PLACE DE",,,Nuit avec éclairage allumé,En agglomération,Intersection à plus de 4 branches,Normale,Autre collision,,,,,,,,,,,5,2,5,1,6
201500038447,0015-05-30 00:30:00,15,5,30,0,30,920,40,"XX, STALINGRAD (QUAI DE)",,,Nuit avec éclairage allumé,En agglomération,Hors intersection,Normale,Autre collision,,,,,,,,,,,5,2,1,1,6
201500038448,0015-06-08 10:20:00,15,6,8,10,20,920,40,"XX, GALLIENI (BOULEVARD)",,,Plein jour,En agglomération,Intersection en T,Normale,Deux véhicules - arrière,,,,,,,,,,,1,2,3,1,2
201500038449,0015-05-28 18:30:00,15,5,28,18,30,920,40,"4, VICTOR CRESSON (AVENU",,,Plein jour,En agglomération,Hors intersection,Normale,Autre collision,,,,,,,,,,,1,2,1,1,6
201500038450,0015-06-09 09:30:00,15,6,9,9,30,920,40,"20, ROUGET DE L'ISLE",,,Plein jour,En agglomération,Intersection en T,Normale,Deux véhicules - côté,,,,,,,,,,,1,2,3,1,3
201500038451,0015-04-14 18:25:00,15,4,14,18,25,920,40,"xx, LEON BLUM (PLACE)",,,Plein jour,En agglomération,Intersection en X,Normale,Deux véhicules - côté,,,,,,,,,,,1,2,2,1,3
201500038452,0015-05-17 19:30:00,15,5,17,19,30,920,40,"10, PASTEUR (AVENUE)",,,Plein jour,En agglomération,Hors intersection,Normale,Deux véhicules - arrière,,,,,,,,,,,1,2,1,1,2
201500038453,0015-04-29 19:00:00,15,4,29,19,0,920,40,GALLIENI (BOULEVARD),,,Plein jour,En agglomération,Intersection en X,Normale,Autre collision,,,,,,,,,,,1,2,2,1,6
201500038454,0015-04-29 18:20:00,15,4,29,18,20,920,40,ARISTIDE BRIAND,,,Plein jour,En agglomération,Intersection en T,Normale,Autre collision,,,,,,,,,,,1,2,3,1,6
201500038455,0015-06-21 07:55:00,15,6,21,7,55,920,40,"15, AUGUSTE GERVAIS",,,Plein jour,En agglomération,Hors intersection,Normale,Autre collision,,,,,,,,,,,1,2,1,1,6
201500038456,0015-06-23 16:00:00,15,6,23,16,0,920,40,"34, GAMBETTA (BOULEVARD)",,,Plein jour,En agglomération,Hors intersection,Normale,Autre collision,,,,,,,,,,,1,2,1,1,6
201500038457,0015-06-29 13:45:00,15,6,29,13,45,920,40,"115, RODIN (BOULEVARD)",,,Plein jour,En agglomération,Hors intersection,Normale,Autre collision,,,,,,,,,,,1,2,1,1,6
201500038458,0015-07-02 12:50:00,15,7,2,12,50,920,40,"XX, ACCES A LA GARE (CHE",,,Plein jour,En agglomération,Hors intersection,Normale,Sans collision,,,,,,,,,,,1,2,1,1,7
201500038459,0015-05-20 11:10:00,15,5,20,11,10,920,40,"15, AUGUSTE GERVAIS",,,Plein jour,En agglomération,Hors intersection,Normale,Sans collision,,,,,,,,,,,1,2,1,1,7
201500038460,0015-05-22 15:20:00,15,5,22,15,20,920,40,GALLIENI (BOULEVARD),,,Plein jour,En agglomération,Hors intersection,Normale,Sans collision,,,,,,,,,,,1,2,1,1,7
201500038461,0015-06-17 09:15:00,15,6,17,9,15,920,40,"04, VAUGIRARD (DE)",,,Plein jour,En agglomération,Hors intersection,Normale,Autre collision,,,,,,,,,,,1,2,1,1,6
201500038462,0015-07-09 18:30:00,15,7,9,18,30,920,40,"52, GALLIENI (BOULEVARD)",,,Plein jour,En agglomération,Hors intersection,Normale,Autre collision,,,,,,,,,,,1,2,1,1,6
201500038463,0015-06-20 16:30:00,15,6,20,16,30,920,40,MAXIMILIEN ROBESPIERRE,,,Plein jour,En agglomération,Hors intersection,Normale,Sans collision,,,,,,,,,,,1,2,1,1,7
201500038464,0015-07-04 20:10:00,15,7,4,20,10,920,40,"59, VICTOR CRESSON (AVEN",,,Crépuscule ou aube,En agglomération,Hors intersection,Normale,Deux véhicules - côté,,,,,,,,,,,2,2,1,1,3
201500038465,0015-07-17 14:30:00,15,7,17,14,30,920,40,PEUPLIERS/ACACIAS,,,Plein jour,En agglomération,Intersection en X,Normale,Autre collision,,,,,,,,,,,1,2,2,1,6
201500038466,0015-06-28 23:15:00,15,6,28,23,15,920,40,"22, ERNEST RENAN",,,Nuit avec éclairage allumé,En agglomération,Intersection en X,Normale,Deux véhicules - arrière,,,,,,,,,,,5,2,2,1,2
201500038467,0015-07-26 18:00:00,15,7,26,18,0,920,40,"139BIS, RODIN (BOULEVARD",,,Plein jour,En agglomération,Hors intersection,Normale,Deux véhicules - côté,,,,,,,,,,,1,2,1,1,3
201500038468,0015-07-30 02:00:00,15,7,30,2,0,920,40,GENERAL DE GAULLE (AVE D,,,Nuit sans éclairage public,En agglomération,Intersection en T,Normale,Deux véhicules - côté,,,,,,,,,,,3,2,3,1,3
201500038469,0015-07-29 17:45:00,15,7,29,17,45,920,40,"xx, GALLIENI (BOULEVARD)",,,Plein jour,En agglomération,Intersection en X,Normale,Deux véhicules - côté,,,,,,,,,,,1,2,2,1,3
201500038470,0015-06-25 11:15:00,15,6,25,11,15,920,40,MARCEAU,,,Plein jour,En agglomération,Intersection en X,Normale,Deux véhicules - côté,,,,,,,,,,,1,2,2,1,3
201500038471,0015-07-30 05:15:00,15,7,30,5,15,920,40,KLEBER,,,Nuit avec éclairage allumé,En agglomération,Hors intersection,Normale,Autre collision,,,,,,,,,,,5,2,1,1,6
201500038472,0015-08-02 12:30:00,15,8,2,12,30,920,40,"150, VERDUN (AVENUE DE)",,,Plein jour,En agglomération,Hors intersection,Normale,Deux véhicules - côté,,,,,,,,,,,1,2,1,1,3
201500038473,0015-08-01 15:03:00,15,8,1,15,3,920,40,"62, GENERAL LECLERC (DU)",,,Plein jour,En agglomération,Hors intersection,Normale,Autre collision,,,,,,,,,,,1,2,1,1,6
201500038474,0015-08-14 21:15:00,15,8,14,21,15,920,40,"38, GARIBALDI (BOULEVARD",,,Nuit avec éclairage allumé,En agglomération,Hors intersection,Pluie légère,Sans collision,,,,,,,,,,,5,2,1,2,7
201500038475,0015-08-15 23:40:00,15,8,15,23,40,920,40,"13, ROUGET DE L'ISLE",,,Nuit avec éclairage allumé,En agglomération,Hors intersection,Normale,Autre collision,,,,,,,,,,,5,2,1,1,6
201500038476,0015-08-20 18:30:00,15,8,20,18,30,920,40,16 R GUYNEMER,,,Plein jour,En agglomération,Hors intersection,Normale,Deux véhicules - arrière,,,,,,,,,,,1,2,1,1,2
201500038477,0015-07-04 19:20:00,15,7,4,19,20,920,40,"67, GALLIENI (BOULEVARD)",,,Plein jour,En agglomération,Hors intersection,Normale,Deux véhicules - côté,,,,,,,,,,,1,2,1,1,3
201500038478,0015-08-30 05:35:00,15,8,30,5,35,920,40,PDT ROOSEVELT (QUAI DU),,,Nuit avec éclairage allumé,En agglomération,Hors intersection,Normale,Autre collision,,,,,,,,,,,5,2,1,1,6
201500038479,0015-08-28 00:10:00,15,8,28,0,10,920,40,"27, GAMBETTA (BOULEVARD)",,,Nuit avec éclairage allumé,En agglomération,Hors intersection,Temps couvert,Autre collision,,,,,,,,,,,5,2,1,8,6
201500038480,0015-09-04 12:50:00,15,9,4,12,50,920,40,"xx, GALLIENI (BOULEVARD)",,,Plein jour,En agglomération,Intersection à plus de 4 branches,Normale,Deux véhicules - arrière,,,,,,,,,,,1,2,5,1,2
201500038481,0015-09-04 15:15:00,15,9,4,15,15,920,40,"XX, GENERAL DE GAULLE (A",,,Plein jour,En agglomération,Intersection en T,Normale,Deux véhicules - arrière,,,,,,,,,,,1,2,3,1,2
201500038482,0015-09-10 11:00:00,15,9,10,11,0,920,40,68 AV DE LA PAIX,,,Plein jour,En agglomération,Hors intersection,Normale,Deux véhicules - côté,,,,,,,,,,,1,2,1,1,3
201500038483,0015-09-21 20:15:00,15,9,21,20,15,920,40,"34, GUYNEMER",,,Nuit avec éclairage allumé,En agglomération,Hors intersection,Normale,Autre collision,,,,,,,,,,,5,2,1,1,6
201500038484,0015-09-24 13:30:00,15,9,24,13,30,920,40,VAUDETARD,,,Plein jour,En agglomération,Intersection en X,Normale,Deux véhicules - côté,,,,,,,,,,,1,2,2,1,3
201500038485,0015-08-31 09:15:00,15,8,31,9,15,920,40,"70, GALLIENI (BOULEVARD)",,,Plein jour,En agglomération,Hors intersection,Normale,Deux véhicules - côté,,,,,,,,,,,1,2,1,1,3
201500038486,0015-09-25 14:50:00,15,9,25,14,50,920,40,"143, VERDUN (AVENUE DE)",,,Plein jour,En agglomération,Intersection en T,Normale,Deux véhicules - côté,,,,,,,,,,,1,2,3,1,3
201500038487,0015-09-22 06:37:00,15,9,22,6,37,920,40,"XX, AUGUSTE GERVAIS",,,Nuit avec éclairage allumé,En agglomération,Intersection à plus de 4 branches,Normale,Sans collision,,,,,,,,,,,5,2,5,1,7
201500038488,0015-09-15 09:10:00,15,9,15,9,10,920,40,"127, RODIN (BOULEVARD)",,,Plein jour,En agglomération,Hors intersection,Normale,Sans collision,,,,,,,,,,,1,2,1,1,7
201500038489,0015-10-14 13:15:00,15,10,14,13,15,920,40,"47, STALINGRAD (QUAI DE)",,,Plein jour,En agglomération,Hors intersection,Normale,Autre collision,,,,,,,,,,,1,2,1,1,6
201500038490,0015-10-26 10:10:00,15,10,26,10,10,920,40,GALLIENI (BOULEVARD),,,Plein jour,En agglomération,Intersection en X,Normale,Deux véhicules - côté,,,,,,,,,,,1,2,2,1,3
201500038491,0015-09-11 08:40:00,15,9,11,8,40,920,40,"22/24, RUE DU PASSEUR DE",,,Plein jour,En agglomération,Hors intersection,Normale,Deux véhicules - arrière,,,,,,,,,,,1,2,1,1,2
201500038492,0015-09-29 19:00:00,15,9,29,19,0,920,40,"100, GALLIENI (BOULEVARD",,,Plein jour,En agglomération,Intersection en T,Normale,Autre collision,,,,,,,,,,,1,2,3,1,6
201500038493,0015-11-09 13:50:00,15,11,9,13,50,920,40,"xx, GENERAL LECLERC",,,Plein jour,En agglomération,Hors intersection,Normale,Autre collision,,,,,,,,,,,1,2,1,1,6
201500038494,0015-11-09 16:45:00,15,11,9,16,45,920,40,"1, ABBE GREGOIRE (DE L')",,,Plein jour,En agglomération,Hors intersection,Normale,Autre collision,,,,,,,,,,,1,2,1,1,6
201500038495,0015-10-14 11:45:00,15,10,14,11,45,920,40,GOUVERNEUR GAL EBOUE DU,,,Plein jour,En agglomération,Intersection en X,Normale,Autre collision,,,,,,,,,,,1,2,2,1,6
201500038496,0015-11-24 15:00:00,15,11,24,15,0,920,40,"14, PASTEUR (AVENUE)",,,Plein jour,En agglomération,Hors intersection,Pluie légère,Trois véhicules et plus - collisions multiples,,,,,,,,,,,1,2,1,2,5
201500038497,0015-11-28 12:15:00,15,11,28,12,15,920,40,"XX, ABBE GREGOIRE (DE L'",,,Plein jour,En agglomération,Hors intersection,Normale,Autre collision,,,,,,,,,,,1,2,1,1,6
201500038498,0015-11-29 14:30:00,15,11,29,14,30,920,40,FRERES VOISIN (BOULEVARD,,,Plein jour,En agglomération,Intersection en T,Normale,Deux véhicules - côté,,,,,,,,,,,1,2,3,1,3
201500038499,0015-10-27 07:55:00,15,10,27,7,55,920,40,"73, GENERAL DE GAULLE (A",,,Plein jour,En agglomération,Intersection en X,Normale,Deux véhicules - côté,,,,,,,,,,,1,2,2,1,3
201500038500,0015-12-15 15:15:00,15,12,15,15,15,920,40,"32, GENERAL LECLERC (DU)",,,Plein jour,En agglomération,Hors intersection,Normale,Deux véhicules - côté,,,,,,,,,,,1,2,1,1,3
201500038501,0015-12-15 19:00:00,15,12,15,19,0,920,40,"11, GALLIENI (BOULEVARD)",,,Nuit avec éclairage allumé,En agglomération,Hors intersection,Pluie légère,Autre collision,,,,,,,,,,,5,2,1,2,6
201500038502,0015-12-16 20:50:00,15,12,16,20,50,920,40,PAIX (AVENUE DE LA),,,Nuit avec éclairage allumé,En agglomération,Intersection en X,Temps couvert,Deux véhicules - côté,,,,,,,,,,,5,2,2,8,3
201500038503,0015-12-29 10:45:00,15,12,29,10,45,920,40,"15, AUGUSTE GERVAIS",,,Plein jour,En agglomération,Hors intersection,Normale,Sans collision,,,,,,,,,,,1,2,1,1,7
201500038504,0015-12-30 13:50:00,15,12,30,13,50,920,40,"16, AUGUSTE GERVAIS",,,Plein jour,En agglomération,Hors intersection,Normale,Sans collision,,,,,,,,,,,1,2,1,1,7
201500038505,0015-11-19 13:30:00,15,11,19,13,30,920,44,"53, MICHELET (QUAI) 32 A",,,Plein jour,En agglomération,Intersection en X,Pluie forte,Deux véhicules - arrière,,,,,,,,,,,1,2,2,3,2
201500038506,0015-01-13 18:50:00,15,1,13,18,50,920,44,"103, ARISTIDE BRIAND(RUE",,,Crépuscule ou aube,En agglomération,Intersection en X,Normale,Deux véhicules - côté,,,,,,,,,,,2,2,2,1,3
201500038507,0015-01-17 03:15:00,15,1,17,3,15,920,44,"32, MICHELET (QUAI) 32 A",,,Nuit avec éclairage allumé,En agglomération,Hors intersection,Normale,Autre collision,,,,,,,,,,,5,2,1,1,6
201500038508,0015-01-22 17:55:00,15,1,22,17,55,920,44,"63, LOUIS ROUQUIER(RUE)4",,,Plein jour,En agglomération,Intersection en X,Normale,Autre collision,,,,,,,,,,,1,2,2,1,6
201500038509,0015-01-23 11:35:00,15,1,23,11,35,920,44,"36, GABRIEL PERI(RUE) 1A",,,Plein jour,En agglomération,Intersection en X,Normale,Autre collision,,,,,,,,,,,1,2,2,1,6
201500038510,0015-01-27 19:15:00,15,1,27,19,15,920,44,"19, GEO.POMPIDOU(AVE) 1A",,,Nuit avec éclairage allumé,En agglomération,Hors intersection,Normale,Deux véhicules - côté,,,,,,,,,,,5,2,1,1,3
201500038511,0015-01-20 16:10:00,15,1,20,16,10,920,44,"38, GABRIEL PERI(RUE) 25",,,Plein jour,En agglomération,Intersection en X,Normale,Autre collision,,,,,,,,,,,1,2,2,1,6
201500038512,0015-01-30 12:20:00,15,1,30,12,20,920,44,"58, P.V.COUTURIER(RUE)65",,,Plein jour,En agglomération,Intersection en X,Normale,Autre collision,,,,,,,,,,,1,2,2,1,6
201500038513,0015-02-06 15:50:00,15,2,6,15,50,920,44,"17, J. GUESDES(RUE)103A1",,,Plein jour,En agglomération,Intersection en X,Normale,Autre collision,,,,,,,,,,,1,2,2,1,6
201500038514,0015-02-07 10:00:00,15,2,7,10,0,920,44,"80, BAUDIN (RUE) 27A83 E",,,Plein jour,En agglomération,Intersection en X,Normale,Deux véhicules - côté,,,,,,,,,,,1,2,2,1,3
201500038515,0015-02-09 12:50:00,15,2,9,12,50,920,44,"54, RASPAIL(RUE) 41A65 E",,,Plein jour,En agglomération,Hors intersection,Normale,Deux véhicules - côté,,,,,,,,,,,1,2,1,1,3
201500038516,0015-02-12 10:05:00,15,2,12,10,5,920,44,"78, J. GUESDE(RUE)59A69",,,Plein jour,En agglomération,Hors intersection,Normale,Autre collision,,,,,,,,,,,1,2,1,1,6
201500038517,0015-02-28 02:40:00,15,2,28,2,40,920,44,"23, PDT WILSON(RUE)23A49",,,Nuit avec éclairage allumé,En agglomération,Intersection en X,Normale,Sans collision,,,,,,,,,,,5,2,2,1,7
201500038518,0015-02-23 18:20:00,15,2,23,18,20,920,44,"51, PDT WILSON(RUE)51A75",,,Nuit avec éclairage allumé,En agglomération,Hors intersection,Normale,Sans collision,,,,,,,,,,,5,2,1,1,7
201500038519,0015-03-16 17:35:00,15,3,16,17,35,920,44,"166, VIC. HUGO(RUE)115A1",,,Plein jour,En agglomération,Hors intersection,Normale,Deux véhicules - côté,,,,,,,,,,,1,2,1,1,3
201500038520,0015-03-18 16:05:00,15,3,18,16,5,920,44,"46, BAUDIN (RUE) 27A83 E",,,Plein jour,En agglomération,Intersection en X,Normale,Autre collision,,,,,,,,,,,1,2,2,1,6
201500038521,0015-03-21 14:55:00,15,3,21,14,55,920,44,"24, DEGUINGAND(RUE)",,,Plein jour,En agglomération,Intersection en X,Normale,Autre collision,,,,,,,,,,,1,2,2,1,6
201500038522,0015-03-23 16:55:00,15,3,23,16,55,920,44,"48, LOUIS ROUQUIER(RUE)",,,Plein jour,En agglomération,Intersection en X,Normale,Deux véhicules - côté,,,,,,,,,,,1,2,2,1,3
201500038523,0015-03-26 21:20:00,15,3,26,21,20,920,44,"32, MICHELET (QUAI) 32 A",,,Plein jour,En agglomération,Hors intersection,Normale,Deux véhicules - côté,,,,,,,,,,,1,2,1,1,3
201500038524,0015-03-27 10:15:00,15,3,27,10,15,920,44,"141, ANA.FRANCE(RUE) 141",,,Plein jour,En agglomération,Hors intersection,Normale,Autre collision,,,,,,,,,,,1,2,1,1,6
201500038525,0015-03-31 17:20:00,15,3,31,17,20,920,44,"2, PDT WILSON(RUE) 2A24",,,Plein jour,En agglomération,Intersection en X,Normale,Autre collision,,,,,,,,,,,1,2,2,1,6
201500038526,0015-04-01 10:20:00,15,4,1,10,20,920,44,"41, RIVAY(RUE)41A71 ET38",,,Plein jour,En agglomération,Intersection en T,Normale,Sans collision,,,,,,,,,,,1,2,3,1,7
201500038527,0015-04-01 21:30:00,15,4,1,21,30,920,44,"62, PDT WILSON(RUE)51A75",,,Crépuscule ou aube,En agglomération,Intersection en X,Normale,Deux véhicules - côté,,,,,,,,,,,2,2,2,1,3
201500038528,0015-04-11 08:55:00,15,4,11,8,55,920,44,"30, BAUDIN (RUE) 27A83 E",,,Plein jour,En agglomération,Intersection en X,Normale,Deux véhicules - côté,,,,,,,,,,,1,2,2,1,3
201500038529,0015-04-14 18:20:00,15,4,14,18,20,920,44,"42, JACQUES IBERT(RUE)26",,,Plein jour,En agglomération,Intersection en T,Normale,Trois véhicules et plus - collisions multiples,,,,,,,,,,,1,2,3,1,5
201500038530,0015-04-17 15:00:00,15,4,17,15,0,920,44,"47, MICHELET (QUAI) 32 A",,,Plein jour,En agglomération,Hors intersection,Normale,Deux véhicules - arrière,,,,,,,,,,,1,2,1,1,2
201500038531,0015-04-18 10:00:00,15,4,18,10,0,920,44,"77, ANA.FRANCE(RUE)77A13",,,Plein jour,En agglomération,Hors intersection,Normale,Deux véhicules - côté,,,,,,,,,,,1,2,1,1,3
201500038532,0015-04-15 07:50:00,15,4,15,7,50,920,44,"49, ARISTIDE BRIAND(RUE)",,,Plein jour,En agglomération,Intersection en X,Normale,Deux véhicules - côté,,,,,,,,,,,1,2,2,1,3
201500038533,0015-04-22 19:20:00,15,4,22,19,20,920,44,"62, BAUDIN (RUE) 27A83 E",,,Crépuscule ou aube,En agglomération,Intersection en X,Normale,Autre collision,,,,,,,,,,,2,2,2,1,6
201500038534,0015-04-28 23:45:00,15,4,28,23,45,920,44,"51, GABRIEL PERI(RUE) 51",,,Nuit avec éclairage allumé,En agglomération,Intersection en X,Normale,Deux véhicules - côté,,,,,,,,,,,5,2,2,1,3
201500038535,0015-05-13 09:20:00,15,5,13,9,20,920,44,"23, PDT WILSON(RUE) 2A24",,,Plein jour,En agglomération,Intersection en X,Normale,Deux véhicules - arrière,,,,,,,,,,,1,2,2,1,2
201500038536,0015-04-06 20:40:00,15,4,6,20,40,920,44,"146, VIC. HUGO(RUE)115A1",,,Plein jour,En agglomération,Intersection en X,Normale,Sans collision,,,,,,,,,,,1,2,2,1,7
201500038537,0015-05-19 09:10:00,15,5,19,9,10,920,44,"1, RIVAY(RUE)1A23 ET 2A2",,,Plein jour,En agglomération,Hors intersection,Normale,Sans collision,,,,,,,,,,,1,2,1,1,7