accident_id,datetime,annee,mois,jour,heure,minute,departement,commune_insee,adresse,latitude,longitude,luminosite,agglomeration,intersection,meteo,collision,nb_vehicules,nb_usagers,nb_indemnes,nb_tues,nb_blesses_hosp,nb_blesses_legers,age_cond_1,age_cond_2,veh_type_cond_1,veh_type_cond_2,lum_code,agg_code,int_code,atm_code,col_code
201500038538,0015-05-20 09:50:00,15,5,20,9,50,920,44,"19, ANTONIN RAYNAUD(RUE)",,,Plein jour,En agglomération,Intersection en X,Normale,Autre collision,,,,,,,,,,,1,2,2,1,6
201500038539,0015-05-21 14:45:00,15,5,21,14,45,920,44,"141, J. GUESDERUE)141A15",,,Plein jour,En agglomération,Intersection en X,Normale,Autre collision,,,,,,,,,,,1,2,2,1,6
201500038540,0015-06-02 14:00:00,15,6,2,14,0,920,44,"71, J. GUESDE(RUE)59A69",,,Plein jour,En agglomération,Intersection en X,Normale,Autre collision,,,,,,,,,,,1,2,2,1,6
201500038541,0015-06-02 16:30:00,15,6,2,16,30,920,44,"57, JEAN JAURES(RUE) 57A",,,Plein jour,En agglomération,Intersection en X,Normale,Deux véhicules - côté,,,,,,,,,,,1,2,2,1,3
201500038542,0015-06-03 12:00:00,15,6,3,12,0,920,44,"22, RIVAY(RUE)1A23 ET 2A",,,Plein jour,En agglomération,Intersection en X,Normale,Autre collision,,,,,,,,,,,1,2,2,1,6
201500038543,0015-06-03 14:00:00,15,6,3,14,0,920,44,"51, VILLIERS(RUE DE)  2A",,,Plein jour,En agglomération,Intersection en X,Normale,Deux véhicules - arrière,,,,,,,,,,,1,2,2,1,2
201500038544,0015-06-04 17:20:00,15,6,4,17,20,920,44,"49, MICHELET (QUAI) 32 A",,,Plein jour,En agglomération,Hors intersection,Normale,Autre collision,,,,,,,,,,,1,2,1,1,6
201500038545,0015-06-08 12:05:00,15,6,8,12,5,920,44,"48, RIVAY(RUE)41A71 ET38",,,Plein jour,Hors agglomération,Intersection en X,Normale,Deux véhicules - côté,,,,,,,,,,,1,1,2,1,3
201500038546,0015-06-09 15:45:00,15,6,9,15,45,920,44,"47, LOUIS ROUQUIER(RUE)4",,,Plein jour,En agglomération,Intersection en T,Normale,Deux véhicules - côté,,,,,,,,,,,1,2,3,1,3
201500038547,0015-06-12 11:40:00,15,6,12,11,40,920,44,"38, BAUDIN (RUE) 27A83 E",,,Plein jour,En agglomération,Intersection en X,Normale,Autre collision,,,,,,,,,,,1,2,2,1,6
201500038548,0015-06-13 23:00:00,15,6,13,23,0,920,44,"31, ALSACE (RUE) N°19 +",,,Nuit avec éclairage allumé,En agglomération,Hors intersection,Normale,Sans collision,,,,,,,,,,,5,2,1,1,7
201500038549,0015-06-16 19:00:00,15,6,16,19,0,920,44,"58, MICHELET (QUAI) 58 A",,,Plein jour,En agglomération,Hors intersection,Normale,Deux véhicules - côté,,,,,,,,,,,1,2,1,1,3
201500038550,0015-06-17 09:50:00,15,6,17,9,50,920,44,"114, VIC. HUGO(RUE)091A1",,,Plein jour,En agglomération,Hors intersection,Normale,Deux véhicules - arrière,,,,,,,,,,,1,2,1,1,2
201500038551,0015-06-17 21:00:00,15,6,17,21,0,920,44,"143, VIC. HUGO(RUE)091A1",,,Plein jour,En agglomération,Intersection en X,Normale,Deux véhicules - côté,,,,,,,,,,,1,2,2,1,3
201500038552,0015-05-05 12:00:00,15,5,5,12,0,920,44,VIC. HUGO(RUE)115A149 ET,,,Plein jour,En agglomération,Hors intersection,Normale,Deux véhicules - arrière,,,,,,,,,,,1,2,1,1,2
201500038553,0015-06-25 15:20:00,15,6,25,15,20,920,44,"62, LOUISE MICHEL(RUE) 4",,,Plein jour,En agglomération,Intersection en X,Normale,Autre collision,,,,,,,,,,,1,2,2,1,6
201500038554,0015-06-27 19:05:00,15,6,27,19,5,920,44,"31, MICHELET (QUAI) 32 A",,,Plein jour,En agglomération,Giratoire,Normale,Deux véhicules - arrière,,,,,,,,,,,1,2,6,1,2
201500038555,0015-06-29 13:50:00,15,6,29,13,50,920,44,"113, P.V.COUTURIER(RUE)8",,,Plein jour,En agglomération,Intersection en X,Normale,Autre collision,,,,,,,,,,,1,2,2,1,6
201500038556,0015-07-07 13:35:00,15,7,7,13,35,920,44,"54, VOLTAIRE(RUE)53A81 E",,,Plein jour,En agglomération,Hors intersection,Normale,Autre collision,,,,,,,,,,,1,2,1,1,6
201500038557,0015-07-14 00:38:00,15,7,14,0,38,920,44,"21, MICHELET(QUAI) 2 A 3",,,Nuit avec éclairage allumé,En agglomération,Intersection en X,Normale,Autre collision,,,,,,,,,,,5,2,2,1,6
201500038558,0015-07-17 11:20:00,15,7,17,11,20,920,44,"164, VIC. HUGO(RUE)115A1",,,Plein jour,En agglomération,Intersection en X,Normale,Autre collision,,,,,,,,,,,1,2,2,1,6
201500038559,0015-07-29 09:15:00,15,7,29,9,15,920,44,"66, CHAPTAL(RUE) 81+ ET",,,Plein jour,En agglomération,Intersection en X,Normale,Deux véhicules - côté,,,,,,,,,,,1,2,2,1,3
201500038560,0015-07-20 13:35:00,15,7,20,13,35,920,44,"113, VIC. HUGO(RUE)091A1",,,Plein jour,En agglomération,Hors intersection,Normale,Autre collision,,,,,,,,,,,1,2,1,1,6
201500038561,0015-07-30 23:55:00,15,7,30,23,55,920,44,"60, BAUDIN (RUE) 27A83 E",,,Nuit avec éclairage allumé,En agglomération,Hors intersection,Normale,Sans collision,,,,,,,,,,,5,2,1,1,7
201500038562,0015-08-10 09:45:00,15,8,10,9,45,920,44,"45, VIC. HUGO(RUE)001A06",,,Plein jour,En agglomération,Hors intersection,Normale,Autre collision,,,,,,,,,,,1,2,1,1,6
201500038563,0015-09-05 22:00:00,15,9,5,22,0,920,44,"35, GABRIEL PERI(RUE) 1A",,,Plein jour,En agglomération,Intersection en X,Normale,Deux véhicules - côté,,,,,,,,,,,1,2,2,1,3
201500038564,0015-09-11 18:30:00,15,9,11,18,30,920,44,"40, VOLTAIRE(RUE)1A51 ET",,,Plein jour,En agglomération,Intersection en X,Pluie légère,Deux véhicules - côté,,,,,,,,,,,1,2,2,2,3
201500038565,0015-08-10 08:10:00,15,8,10,8,10,920,44,"90, MICHELET (QUAI) 58 A",,,Plein jour,En agglomération,Hors intersection,Normale,Autre collision,,,,,,,,,,,1,2,1,1,6
201500038566,0015-09-14 22:45:00,15,9,14,22,45,920,44,"7, LORRAINE (RUE DE)",,,Nuit avec éclairage allumé,En agglomération,Hors intersection,Normale,Sans collision,,,,,,,,,,,5,2,1,1,7
201500038567,0015-09-21 09:00:00,15,9,21,9,0,920,44,"75, DANTON(RUE)75A123 ET",,,Plein jour,En agglomération,Intersection en X,Normale,Deux véhicules - côté,,,,,,,,,,,1,2,2,1,3
201500038568,0015-09-26 19:20:00,15,9,26,19,20,920,44,"105, VIC. HUGO(RUE)091A1",,,Crépuscule ou aube,En agglomération,Hors intersection,Normale,Autre collision,,,,,,,,,,,2,2,1,1,6
201500038569,0015-09-26 20:20:00,15,9,26,20,20,920,44,"48, P.V.COUTURIER(RUE)41",,,Nuit avec éclairage allumé,En agglomération,Intersection en X,Normale,Deux véhicules - côté,,,,,,,,,,,5,2,2,1,3
201500038570,0015-09-29 11:14:00,15,9,29,11,14,920,44,"108, PDT WILSON(RUE)107A",,,Plein jour,En agglomération,Intersection en X,Normale,Autre collision,,,,,,,,,,,1,2,2,1,6
201500038571,0015-09-30 22:44:00,15,9,30,22,44,920,44,"38, PDT WILSON(RUE)23A49",,,Nuit avec éclairage allumé,En agglomération,Hors intersection,Normale,Autre collision,,,,,,,,,,,5,2,1,1,6
201500038572,0015-10-12 14:00:00,15,10,12,14,0,920,44,"52, LOUIS ROUQUIER(RUE)4",,,Plein jour,En agglomération,Hors intersection,Normale,Autre collision,,,,,,,,,,,1,2,1,1,6
201500038573,0015-10-14 00:40:00,15,10,14,0,40,920,44,"134, LOUIS ROUQUIER (RUE",,,Nuit avec éclairage allumé,En agglomération,Hors intersection,Normale,Sans collision,,,,,,,,,,,5,2,1,1,7
201500038574,0015-10-15 15:00:00,15,10,15,15,0,920,44,"60, P.V.COUTURIER(RUE)81",,,Plein jour,En agglomération,Intersection en X,Normale,Deux véhicules - côté,,,,,,,,,,,1,2,2,1,3
201500038575,0015-10-20 19:15:00,15,10,20,19,15,920,44,"77, MICHELET (QUAI) 58 A",,,Nuit avec éclairage allumé,En agglomération,Hors intersection,Normale,Autre collision,,,,,,,,,,,5,2,1,1,6
201500038576,0015-10-27 23:30:00,15,10,27,23,30,920,44,"46, GABRIEL PERI(RUE) 25",,,Nuit avec éclairage allumé,En agglomération,Hors intersection,Normale,Autre collision,,,,,,,,,,,5,2,1,1,6
201500038577,0015-10-30 16:20:00,15,10,30,16,20,920,44,"52, ARISTIDE BRIAND(RUE)",,,Plein jour,En agglomération,Intersection en X,Pluie légère,Deux véhicules - côté,,,,,,,,,,,1,2,2,2,3
201500038578,0015-09-08 08:54:00,15,9,8,8,54,920,44,"58, P.V.COUTURIER(RUE)65",,,Plein jour,En agglomération,Intersection en Y,Normale,Deux véhicules - frontale,,,,,,,,,,,1,2,4,1,1
201500038579,0015-11-03 08:00:00,15,11,3,8,0,920,44,"42, DANTON(RUE) 1A73 ET",,,Crépuscule ou aube,En agglomération,Intersection en X,Normale,Autre collision,,,,,,,,,,,2,2,2,1,6
201500038580,0015-11-03 09:30:00,15,11,3,9,30,920,44,HUIT MAI 1945 (PLACE DU),,,Plein jour,En agglomération,Hors intersection,Normale,Autre collision,,,,,,,,,,,1,2,1,1,6
201500038581,0015-09-17 16:30:00,15,9,17,16,30,920,44,ALBERT DE VATIMESNIL (RU,,,Plein jour,En agglomération,Intersection en X,Normale,Deux véhicules - côté,,,,,,,,,,,1,2,2,1,3
201500038582,0015-11-05 18:20:00,15,11,5,18,20,920,44,"15, GABRIEL PERI(RUE) 1A",,,Crépuscule ou aube,En agglomération,Hors intersection,Normale,Autre collision,,,,,,,,,,,2,2,1,1,6
201500038583,0015-11-06 12:00:00,15,11,6,12,0,920,44,"21, PDT WILSON(RUE) 2A24",,,Plein jour,En agglomération,Intersection en X,Normale,Autre collision,,,,,,,,,,,1,2,2,1,6
201500038584,0015-11-07 11:34:00,15,11,7,11,34,920,44,"42, PDT WILSON(RUE)23A49",,,Plein jour,En agglomération,Hors intersection,Normale,Autre collision,,,,,,,,,,,1,2,1,1,6
201500038585,0015-11-22 02:00:00,15,11,22,2,0,920,44,"02, ANA. FRANCE(RUE)1A75",,,Nuit avec éclairage allumé,En agglomération,Intersection en X,Normale,Autre collision,,,,,,,,,,,5,2,2,1,6
201500038586,0015-11-23 20:30:00,15,11,23,20,30,920,44,"148, VIC. HUGO(RUE)115A1",,,Nuit avec éclairage allumé,En agglomération,Intersection en X,Normale,Deux véhicules - côté,,,,,,,,,,,5,2,2,1,3
201500038587,0015-11-24 14:30:00,15,11,24,14,30,920,44,"120, VILLIERS(RUE DE)  8",,,Plein jour,En agglomération,Hors intersection,Normale,Deux véhicules - arrière,,,,,,,,,,,1,2,1,1,2
201500038588,0015-11-25 19:25:00,15,11,25,19,25,920,44,"111, RIVAY(RUE)97A107 ET",,,Crépuscule ou aube,En agglomération,Intersection en X,Pluie légère,Deux véhicules - côté,,,,,,,,,,,2,2,2,2,3
201500038589,0015-11-27 15:55:00,15,11,27,15,55,920,44,"106, VIC. HUGO(RUE)077A0",,,Plein jour,En agglomération,Hors intersection,Normale,Deux véhicules - côté,,,,,,,,,,,1,2,1,1,3
201500038590,0015-11-27 20:50:00,15,11,27,20,50,920,44,"5, THIERRY LE LURON(RUE)",,,Nuit avec éclairage allumé,En agglomération,Hors intersection,Pluie légère,Deux véhicules - frontale,,,,,,,,,,,5,2,1,2,1
201500038591,0015-12-04 01:50:00,15,12,4,1,50,920,44,"50, LOUIS ROUQUIER(RUE)4",,,Nuit avec éclairage allumé,En agglomération,Intersection en X,Normale,Autre collision,,,,,,,,,,,5,2,2,1,6
201500038592,0015-12-23 08:45:00,15,12,23,8,45,920,44,"58, MICHELET (QUAI) 58 A",,,Plein jour,En agglomération,Hors intersection,Pluie légère,Sans collision,,,,,,,,,,,1,2,1,2,7
201500038593,0015-12-16 10:20:00,15,12,16,10,20,920,44,"23, GEO.POMPIDOU(AVE) 21",,,Plein jour,En agglomération,Intersection en X,Normale,Autre collision,,,,,,,,,,,1,2,2,1,6
201500038594,0015-12-18 21:47:00,15,12,18,21,47,920,44,"51, MICHELET (QUAI) 32 A",,,Nuit avec éclairage allumé,En agglomération,Hors intersection,Normale,Autre collision,,,,,,,,,,,5,2,1,1,6
201500038595,0015-12-19 06:00:00,15,12,19,6,0,920,44,"58, MARJOLIN (RUE)47A59",,,Nuit avec éclairage allumé,En agglomération,Intersection en X,Normale,Deux véhicules - frontale,,,,,,,,,,,5,2,2,1,1
201500038596,0015-12-22 10:15:00,15,12,22,10,15,920,44,"4, KLEBER (RUE)",,,Plein jour,En agglomération,Hors intersection,Normale,Autre collision,,,,,,,,,,,1,2,1,1,6
201500038597,0015-12-10 19:35:00,15,12,10,19,35,920,44,"40, VOLTAIRE(RUE)1A51 ET",,,Nuit avec éclairage allumé,En agglomération,Intersection en X,Normale,Autre collision,,,,,,,,,,,5,2,2,1,6
201500038598,0015-04-05 09:20:00,15,4,5,9,20,920,48,"02, PARIS (RUE DE) N? 2",,,Plein jour,En agglomération,Place,Normale,Autre collision,,,,,,,,,,,1,2,7,1,6
201500038599,0015-09-21 08:15:00,15,9,21,8,15,920,48,"., MAL DE LATTRE DE TASS",,,Plein jour,En agglomération,Intersection en T,Normale,Autre collision,,,,,,,,,,,1,2,3,1,6
201500038600,0015-09-24 00:45:00,15,9,24,0,45,920,48,"08, TRIVAUX (AVENUE DE)",,,Nuit avec éclairage allumé,En agglomération,Hors intersection,Normale,Autre collision,,,,,,,,,,,5,2,1,1,6
201500038601,0015-11-10 19:45:00,15,11,10,19,45,920,48,"., GENERAL DE GAULLE (AV",,,Nuit avec éclairage allumé,En agglomération,Intersection en T,Normale,Deux véhicules - côté,,,,,,,,,,,5,2,3,1,3
201500038602,0015-01-25 22:00:00,15,1,25,22,0,920,48,PEPINIERE/PEPINIERE,,,Nuit avec éclairage allumé,En agglomération,Intersection en X,Normale,Deux véhicules - côté,,,,,,,,,,,5,2,2,1,3
201500038603,0015-11-17 12:50:00,15,11,17,12,50,920,48,"3, VILLACOUBLAY (AVENUE",,,Plein jour,En agglomération,Intersection en T,Normale,Sans collision,,,,,,,,,,,1,2,3,1,7
201500038604,0015-03-30 18:30:00,15,3,30,18,30,920,48,"24, NATIONS UNIES (BOULE",,,Nuit avec éclairage allumé,En agglomération,Hors intersection,Pluie légère,Deux véhicules - côté,,,,,,,,,,,5,2,1,2,3
201500038605,0015-03-11 23:20:00,15,3,11,23,20,920,48,"04, LOUVOIS (AVENUE)",,,Nuit avec éclairage allumé,En agglomération,Intersection en X,Normale,Autre collision,,,,,,,,,,,5,2,2,1,6
201500038606,0015-03-10 14:00:00,15,3,10,14,0,920,48,"., GENERAL DE GAULLE (AV",,,Plein jour,En agglomération,Giratoire,Normale,Deux véhicules - côté,,,,,,,,,,,1,2,6,1,3
201500038607,0015-03-17 08:55:00,15,3,17,8,55,920,48,,,,Plein jour,En agglomération,Hors intersection,Normale,Autre collision,,,,,,,,,,,1,2,1,1,6
201500038608,0015-03-31 20:50:00,15,3,31,20,50,920,48,TRIVAUX (AVENUE DE) N? 9,,,Nuit avec éclairage allumé,Hors agglomération,Giratoire,Normale,Deux véhicules - côté,,,,,,,,,,,5,1,6,1,3
201500038609,0015-04-04 23:50:00,15,4,4,23,50,920,48,"., TRIVAUX (AVENUE DE) N",,,Nuit avec éclairage allumé,En agglomération,Hors intersection,Pluie légère,Autre collision,,,,,,,,,,,5,2,1,2,6
201500038610,0015-04-15 17:55:00,15,4,15,17,55,920,48,"01, VERTUGADINS (RUE DES",,,Plein jour,En agglomération,Hors intersection,Normale,Deux véhicules - côté,,,,,,,,,,,1,2,1,1,3
201500038611,0015-04-03 14:00:00,15,4,3,14,0,920,48,"., MARECHAL JUIN (AVENUE",,,Plein jour,En agglomération,Intersection en X,Pluie légère,Deux véhicules - côté,,,,,,,,,,,1,2,2,2,3
201500038612,0015-05-04 11:50:00,15,5,4,11,50,920,48,"., RABELAIS (RUE)",,,Plein jour,En agglomération,Intersection en X,Normale,Autre collision,,,,,,,,,,,1,2,2,1,6
201500038613,0015-05-10 01:45:00,15,5,10,1,45,920,48,"., JEAN JAURES (PLACE)",,,Nuit avec éclairage allumé,En agglomération,Intersection en X,Normale,Sans collision,,,,,,,,,,,5,2,2,1,7
201500038614,0015-06-10 09:35:00,15,6,10,9,35,920,48,"., GENERAL GALLIENI (AVE",,,Plein jour,En agglomération,Intersection en X,Normale,Deux véhicules - frontale,,,,,,,,,,,1,2,2,1,1
201500038615,0015-06-16 16:55:00,15,6,16,16,55,920,48,"., COLONEL MORAINE (ROUT",,,Plein jour,En agglomération,Intersection en X,Normale,Deux véhicules - côté,,,,,,,,,,,1,2,2,1,3
201500038616,0015-06-18 16:35:00,15,6,18,16,35,920,48,"55, GARDES (ROUTE DES) N",,,Plein jour,En agglomération,Hors intersection,Normale,Autre collision,,,,,,,,,,,1,2,1,1,6
201500038617,0015-06-18 16:35:00,15,6,18,16,35,920,48,"02, ROBERT SCHUMAN (AVEN",,,Plein jour,En agglomération,Hors intersection,Normale,Autre collision,,,,,,,,,,,1,2,1,1,6
201500038618,0015-06-22 16:45:00,15,6,22,16,45,920,48,"13, MAL DE LATTRE DE TAS",,,Plein jour,En agglomération,Hors intersection,Normale,Deux véhicules - côté,,,,,,,,,,,1,2,1,1,3
201500038619,0015-06-30 07:10:00,15,6,30,7,10,920,48,"03, GENERAL DE GAULLE (A",,,Plein jour,En agglomération,Intersection en T,Normale,Deux véhicules - frontale,,,,,,,,,,,1,2,3,1,1
201500038620,0015-07-12 15:10:00,15,7,12,15,10,920,48,"32, MAL DE LATTRE DE TAS",,,Plein jour,En agglomération,Hors intersection,Normale,Deux véhicules - frontale,,,,,,,,,,,1,2,1,1,1
201500038621,0015-07-16 07:34:00,15,7,16,7,34,920,48,"., CHATEAU (AVENUE DU) N",,,Crépuscule ou aube,En agglomération,Place,Normale,Autre collision,,,,,,,,,,,2,2,7,1,6
201500038622,0015-07-17 15:40:00,15,7,17,15,40,920,48,"51, GENERAL DE GAULLE (A",,,Plein jour,En agglomération,Intersection en T,Normale,Autre collision,,,,,,,,,,,1,2,3,1,6
201500038623,0015-08-21 14:00:00,15,8,21,14,0,920,48,"., GENERAL DE GAULLE (AV",,,Plein jour,En agglomération,Intersection en T,Normale,Autre collision,,,,,,,,,,,1,2,3,1,6
201500038624,0015-07-17 19:00:00,15,7,17,19,0,920,48,"., TRONCHET (CARREFOUR D",,,Plein jour,En agglomération,Intersection en T,Normale,Deux véhicules - arrière,,,,,,,,,,,1,2,3,1,2
201500038625,0015-09-15 18:38:00,15,9,15,18,38,920,48,"151, VERDUN (AVENUE DE)",,,Plein jour,En agglomération,Intersection en T,Normale,Deux véhicules - côté,,,,,,,,,,,1,2,3,1,3
201500038626,0015-09-22 12:49:00,15,9,22,12,49,920,48,"., GALONS (RUE DES)",,,Plein jour,En agglomération,Intersection en T,Pluie légère,Autre collision,,,,,,,,,,,1,2,3,2,6
201500038627,0015-09-30 16:30:00,15,9,30,16,30,920,48,"., NATIONS UNIES (BOULEV",,,Plein jour,En agglomération,Place,Normale,Deux véhicules - arrière,,,,,,,,,,,1,2,7,1,2
201500038628,0015-09-30 15:20:00,15,9,30,15,20,920,48,"., CAPUCINS (RUE DES) N°",,,Plein jour,En agglomération,Hors intersection,Normale,Autre collision,,,,,,,,,,,1,2,1,1,6
201500038629,0015-10-06 11:55:00,15,10,6,11,55,920,48,"20, ABEL VACHER (RUE)",,,Plein jour,En agglomération,Hors intersection,Normale,Autre collision,,,,,,,,,,,1,2,1,1,6
201500038630,0015-10-06 10:15:00,15,10,6,10,15,920,48,"., GARDES (ROUTE DES) N°",,,Plein jour,En agglomération,Intersection en X,Normale,Autre collision,,,,,,,,,,,1,2,2,1,6
201500038631,0015-10-09 10:15:00,15,10,9,10,15,920,48,"., TERRE NEUVE (RUE)",,,Plein jour,En agglomération,Intersection en X,Normale,Autre collision,,,,,,,,,,,1,2,2,1,6
201500038632,0015-10-15 16:10:00,15,10,15,16,10,920,48,"29, ALEMBERT (RUE D')",,,Plein jour,En agglomération,Hors intersection,Normale,Autre collision,,,,,,,,,,,1,2,1,1,6
201500038633,0015-10-17 15:15:00,15,10,17,15,15,920,48,"51, GARDES (ROUTE DES) N",,,Plein jour,En agglomération,Hors intersection,Normale,Autre collision,,,,,,,,,,,1,2,1,1,6
201500038634,0015-10-21 21:10:00,15,10,21,21,10,920,48,"15, HENRI SAVIGNAC (RUE)",,,Nuit avec éclairage allumé,En agglomération,Hors intersection,Normale,Autre collision,,,,,,,,,,,5,2,1,1,6
201500038635,0015-09-25 15:10:00,15,9,25,15,10,920,48,"01 bis, REPUBLIQUE (RUE",,,Plein jour,En agglomération,Intersection en X,Normale,Sans collision,,,,,,,,,,,1,2,2,1,7
201500038636,0015-10-22 20:40:00,15,10,22,20,40,920,48,"15, PAUL DEMANGE (RUE)",,,Nuit avec éclairage allumé,En agglomération,Intersection en T,Pluie légère,Autre collision,,,,,,,,,,,5,2,3,2,6
201500038637,0015-10-20 08:50:00,15,10,20,8,50,920,48,"71, ANDRE SCHOCK",,,Plein jour,En agglomération,Intersection en T,Normale,Sans collision,,,,,,,,,,,1,2,3,1,7
201500038638,0015-10-27 11:20:00,15,10,27,11,20,920,48,"45bis, GARDES (ROUTE DES",,,Plein jour,En agglomération,Hors intersection,Normale,Deux véhicules - arrière,,,,,,,,,,,1,2,1,1,2
201500038639,0015-11-04 12:25:00,15,11,4,12,25,920,48,"02, ALBERT DE MUN (RUE)",,,Plein jour,En agglomération,Intersection en T,Normale,Autre collision,,,,,,,,,,,1,2,3,1,6
201500038640,0015-11-05 18:00:00,15,11,5,18,0,920,48,"37, GENERAL GALLIENI (AV",,,Nuit avec éclairage allumé,En agglomération,Intersection en T,Normale,Autre collision,,,,,,,,,,,5,2,3,1,6
201500038641,0015-11-10 11:00:00,15,11,10,11,0,920,48,"., GENERAL DE GAULLE (AV",,,Plein jour,En agglomération,Intersection en T,Pluie légère,Deux véhicules - côté,,,,,,,,,,,1,2,3,2,3
201500038642,0015-11-23 16:10:00,15,11,23,16,10,920,48,"., PORTO RICHE (RUE)",,,Plein jour,En agglomération,Intersection en X,Normale,Deux véhicules - côté,,,,,,,,,,,1,2,2,1,3
201500038643,0015-11-25 20:27:00,15,11,25,20,27,920,48,"., REPUBLIQUE (RUE DE LA",,,Nuit avec éclairage allumé,En agglomération,Intersection en X,Normale,Sans collision,,,,,,,,,,,5,2,2,1,7
201500038644,0015-11-27 18:00:00,15,11,27,18,0,920,48,"24, BANES (RUE) N° 2 A 1",,,Plein jour,En agglomération,Hors intersection,Normale,Autre collision,,,,,,,,,,,1,2,1,1,6
201500038645,0015-12-02 17:10:00,15,12,2,17,10,920,48,"18, MAIL (ALLEE DU)",,,Nuit avec éclairage allumé,En agglomération,Intersection en T,Normale,Autre collision,,,,,,,,,,,5,2,3,1,6
201500038646,0015-12-22 21:00:00,15,12,22,21,0,920,48,"., BANES (RUE) N° 2 A 10",,,Nuit avec éclairage allumé,En agglomération,Intersection en X,Normale,Deux véhicules - côté,,,,,,,,,,,5,2,2,1,3
201500038647,0015-12-28 18:05:00,15,12,28,18,5,920,48,"., TRIVAUX (AVENUE DE) N",,,Nuit avec éclairage allumé,En agglomération,Hors intersection,Normale,Sans collision,,,,,,,,,,,5,2,1,1,7
201500038648,0015-01-02 16:00:00,15,1,2,16,0,920,49,"128, ARNOUX AVENUE MAURI",,,Plein jour,En agglomération,Hors intersection,Normale,Deux véhicules - arrière,,,,,,,,,,,1,2,1,1,2
201500038649,0015-01-12 07:45:00,15,1,12,7,45,920,20,"121, VERDUN AVENUE DE AU",,,Crépuscule ou aube,En agglomération,Hors intersection,Normale,Deux véhicules - frontale,,,,,,,,,,,2,2,1,1,1
201500038650,0015-01-16 20:00:00,15,1,16,20,0,920,20,PERRIERE AVENUE CLEMENT,,,Nuit avec éclairage allumé,En agglomération,Intersection en X,Pluie forte,Autre collision,,,,,,,,,,,5,2,2,3,6
201500038651,0015-01-23 14:35:00,15,1,23,14,35,920,20,"144, PARIS AVENUE DE N?8",,,Plein jour,En agglomération,Intersection en X,Normale,Deux véhicules - côté,,,,,,,,,,,1,2,2,1,3
201500038652,0015-01-29 10:30:00,15,1,29,10,30,920,20,"200, PARIS AVENUE DE N?8",,,Plein jour,En agglomération,Hors intersection,Pluie légère,Sans collision,,,,,,,,,,,1,2,1,2,7
201500038653,0015-02-02 18:20:00,15,2,2,18,20,920,49,"106, DORMOY AVENUE MARX",,,Nuit avec éclairage allumé,En agglomération,Hors intersection,Temps couvert,Deux véhicules - côté,,,,,,,,,,,5,2,1,8,3
201500038654,0015-02-12 08:00:00,15,2,12,8,0,920,20,"67, REPUBLIQUE AV. N?27",,,Plein jour,En agglomération,Hors intersection,Normale,Deux véhicules - arrière,,,,,,,,,,,1,2,1,1,2
201500038655,0015-02-12 10:30:00,15,2,12,10,30,920,20,", BROSSOLETTE RUE PIERRE",,,Plein jour,En agglomération,Hors intersection,Normale,Sans collision,,,,,,,,,,,1,2,1,1,7
201500038656,0015-02-14 18:30:00,15,2,14,18,30,920,20,"98, PARIS AVENUE DE N?84",,,Crépuscule ou aube,En agglomération,Hors intersection,Normale,Autre collision,,,,,,,,,,,2,2,1,1,6
201500038657,0015-02-15 15:19:00,15,2,15,15,19,920,49,,,,Plein jour,En agglomération,Intersection à plus de 4 branches,Normale,Deux véhicules - côté,,,,,,,,,,,1,2,5,1,3
201500038658,0015-02-16 15:20:00,15,2,16,15,20,920,49,"54, BRIAND AVENUE ARISTI",,,Plein jour,En agglomération,Hors intersection,Normale,Sans collision,,,,,,,,,,,1,2,1,1,7
201500038659,0015-02-20 14:45:00,15,2,20,14,45,920,20,8 MAI 45 CARREFOUR DU,,,Plein jour,En agglomération,Hors intersection,Normale,Deux véhicules - arrière,,,,,,,,,,,1,2,1,1,2
201500038660,0015-02-24 01:20:00,15,2,24,1,20,920,20,PARIS AVENUE DE N? IMPAI,,,Nuit avec éclairage allumé,En agglomération,Intersection en T,Normale,Deux véhicules - côté,,,,,,,,,,,5,2,3,1,3
201500038661,0015-02-25 12:30:00,15,2,25,12,30,920,20,FAURE BLD FELIX N?1 A 35,,,Plein jour,En agglomération,Intersection en T,Pluie légère,Autre collision,,,,,,,,,,,1,2,3,2,6
201500038662,0015-02-28 12:10:00,15,2,28,12,10,920,49,PERIER RUE N?1 A 33 ET 2,,,Plein jour,En agglomération,Intersection en T,Normale,Sans collision,,,,,,,,,,,1,2,3,1,7
201500038663,0015-03-02 10:50:00,15,3,2,10,50,920,49,"172, DORMOY AVENUE MARX",,,Plein jour,En agglomération,Hors intersection,Normale,Autre collision,,,,,,,,,,,1,2,1,1,6
201500038664,0015-03-06 22:30:00,15,3,6,22,30,920,20,PARIS AVENUE DE N? IMPAI,,,Nuit avec éclairage allumé,En agglomération,Intersection en X,Normale,Autre collision,,,,,,,,,,,5,2,2,1,6
201500038665,0015-02-15 01:05:00,15,2,15,1,5,920,49,"70, BRIAND AVENUE ARISTI",,,Nuit avec éclairage allumé,En agglomération,Hors intersection,Autre,Sans collision,,,,,,,,,,,5,2,1,9,7
201500038666,0015-03-10 17:50:00,15,3,10,17,50,920,20,"77, VERDUN AVENUE DE AUT",,,Plein jour,En agglomération,Hors intersection,Normale,Autre collision,,,,,,,,,,,1,2,1,1,6
201500038667,0015-03-12 09:00:00,15,3,12,9,0,920,20,"71, VERDUN AVENUE DE AUT",,,Plein jour,En agglomération,Hors intersection,Normale,Sans collision,,,,,,,,,,,1,2,1,1,7
201500038668,0015-03-15 02:05:00,15,3,15,2,5,920,49,BARBES/FRANCOIS ORY,,,Nuit avec éclairage allumé,En agglomération,Intersection en X,Pluie légère,Deux véhicules - côté,,,,,,,,,,,5,2,2,2,3
201500038669,0015-03-19 13:55:00,15,3,19,13,55,920,49,"42, VERDIER AVENUE AUTRE",,,Plein jour,En agglomération,Intersection en T,Normale,Deux véhicules - côté,,,,,,,,,,,1,2,3,1,3