accident_id,datetime,annee,mois,jour,heure,minute,departement,commune_insee,adresse,latitude,longitude,luminosite,agglomeration,intersection,meteo,collision,nb_vehicules,nb_usagers,nb_indemnes,nb_tues,nb_blesses_hosp,nb_blesses_legers,age_cond_1,age_cond_2,veh_type_cond_1,veh_type_cond_2,lum_code,agg_code,int_code,atm_code,col_code
201500038935,0015-01-15 15:50:00,15,1,15,15,50,920,51,"116, CHARLES DE GAULLE (",,,Plein jour,En agglomération,Hors intersection,Pluie légère,Autre collision,,,,,,,,,,,1,2,1,2,6
201500038936,0015-01-10 19:30:00,15,1,10,19,30,920,51,"82, BOURDON (BOULEVARD)",,,Nuit avec éclairage allumé,En agglomération,Hors intersection,Pluie légère,Deux véhicules - arrière,,,,,,,,,,,5,2,1,2,2
201500038937,0015-01-16 19:00:00,15,1,16,19,0,920,51,"101, ROULE (AVENUE DU, N",,,Crépuscule ou aube,En agglomération,Intersection en T,Pluie forte,Autre collision,,,,,,,,,,,2,2,3,3,6
201500038938,0015-01-19 13:00:00,15,1,19,13,0,920,51,"109, CHARLES DE GAULLE (",,,Plein jour,En agglomération,Hors intersection,Normale,Autre collision,,,,,,,,,,,1,2,1,1,6
201500038939,0015-01-16 10:25:00,15,1,16,10,25,920,51,"31, CHATEAU (BOULEVARD D",,,Plein jour,En agglomération,Hors intersection,Normale,Deux véhicules - côté,,,,,,,,,,,1,2,1,1,3
201500038940,0015-01-16 15:30:00,15,1,16,15,30,920,51,"32, GENERAL LECLERC (BOU",,,Plein jour,En agglomération,Hors intersection,Normale,Deux véhicules - arrière,,,,,,,,,,,1,2,1,1,2
201500038941,0015-01-28 09:40:00,15,1,28,9,40,920,51,"106, CHARLES DE GAULLE (",,,Plein jour,En agglomération,Hors intersection,Normale,Deux véhicules - côté,,,,,,,,,,,1,2,1,1,3
201500038942,0015-01-30 12:55:00,15,1,30,12,55,920,51,"73, COMMANDANT CHARCOT (",,,Plein jour,En agglomération,Hors intersection,Normale,Autre collision,,,,,,,,,,,1,2,1,1,6
201500038943,0015-02-05 18:50:00,15,2,5,18,50,920,51,"1, THEOPHILE-GAUTHIER (R",,,Nuit avec éclairage allumé,En agglomération,Intersection en T,Normale,Autre collision,,,,,,,,,,,5,2,3,1,6
201500038944,0015-02-06 08:25:00,15,2,6,8,25,920,51,"168, CHARLES DE GAULLE (",,,Plein jour,En agglomération,Hors intersection,Normale,Autre collision,,,,,,,,,,,1,2,1,1,6
201500038945,0015-02-12 15:35:00,15,2,12,15,35,920,51,"1, BAILLY (RUE)",,,Plein jour,En agglomération,Intersection en T,Normale,Autre collision,,,,,,,,,,,1,2,3,1,6
201500038946,0015-02-14 00:15:00,15,2,14,0,15,920,51,"71, CHARLES DE GAULLE (A",,,Nuit avec éclairage allumé,En agglomération,Hors intersection,Pluie légère,Deux véhicules - côté,,,,,,,,,,,5,2,1,2,3
201500038947,0015-02-17 17:15:00,15,2,17,17,15,920,51,"1 bis, ERNEST DELOISON (",,,Plein jour,En agglomération,Hors intersection,Temps couvert,Autre collision,,,,,,,,,,,1,2,1,8,6
201500038948,0015-02-22 11:10:00,15,2,22,11,10,920,51,"61, ROULE (AVENUE DU, N?",,,Plein jour,En agglomération,Hors intersection,Normale,Autre collision,,,,,,,,,,,1,2,1,1,6
201500038949,0015-03-01 06:50:00,15,3,1,6,50,920,51,"22 ter, CHATEAU (BOULEVA",,,Nuit avec éclairage allumé,En agglomération,Hors intersection,Normale,Autre collision,,,,,,,,,,,5,2,1,1,6
201500038950,0015-03-01 10:00:00,15,3,1,10,0,920,51,"140, ACHILLE PERETTI (AV",,,Plein jour,En agglomération,Intersection en T,Normale,Deux véhicules - côté,,,,,,,,,,,1,2,3,1,3
201500038951,0015-02-22 17:20:00,15,2,22,17,20,920,51,"31, CHATEAU (BOULEVARD D",,,Plein jour,En agglomération,Intersection en X,Normale,Autre collision,,,,,,,,,,,1,2,2,1,6
201500038952,0015-03-06 17:30:00,15,3,6,17,30,920,51,"221, CHARLES DE GAULLE (",,,Plein jour,En agglomération,Hors intersection,Normale,Autre collision,,,,,,,,,,,1,2,1,1,6
201500038953,0015-03-05 15:55:00,15,3,5,15,55,920,51,"131, BINEAU (BOULEVARD,",,,Plein jour,En agglomération,Intersection en X,Normale,Deux véhicules - côté,,,,,,,,,,,1,2,2,1,3
201500038954,0015-03-10 20:50:00,15,3,10,20,50,920,51,"51, GENERAL KOENIG (BOUL",,,Nuit avec éclairage allumé,En agglomération,Hors intersection,Normale,Autre collision,,,,,,,,,,,5,2,1,1,6
201500038955,0015-03-13 12:25:00,15,3,13,12,25,920,51,"44, CHATEAU (BOULEVARD D",,,Plein jour,En agglomération,Hors intersection,Normale,Autre collision,,,,,,,,,,,1,2,1,1,6
201500038956,0015-03-19 19:00:00,15,3,19,19,0,920,51,"141, GENERAL KOENIG (BOU",,,Nuit avec éclairage allumé,En agglomération,Hors intersection,Normale,Autre collision,,,,,,,,,,,5,2,1,1,6
201500038957,0015-03-02 08:30:00,15,3,2,8,30,920,51,"25, INKERMANN (BOULEVARD",,,Plein jour,En agglomération,Hors intersection,Normale,Autre collision,,,,,,,,,,,1,2,1,1,6
201500038958,0015-03-31 17:15:00,15,3,31,17,15,920,51,"29, VICTOR HUGO (BOULEVA",,,Plein jour,En agglomération,Hors intersection,Normale,Autre collision,,,,,,,,,,,1,2,1,1,6
201500038959,0015-03-19 09:50:00,15,3,19,9,50,920,51,"114, PERRONET (RUE, N? 9",,,Plein jour,En agglomération,Hors intersection,Normale,Deux véhicules - côté,,,,,,,,,,,1,2,1,1,3
201500038960,0015-04-10 18:00:00,15,4,10,18,0,920,51,"66/68, BINEAU (BOULEVARD",,,Plein jour,En agglomération,Hors intersection,Normale,Deux véhicules - côté,,,,,,,,,,,1,2,1,1,3
201500038961,0015-04-15 08:55:00,15,4,15,8,55,920,51,"182, BINEAU (BOULEVARD,",,,Plein jour,En agglomération,Intersection en X,Normale,Deux véhicules - côté,,,,,,,,,,,1,2,2,1,3
201500038962,0015-04-07 18:25:00,15,4,7,18,25,920,51,"150, CHARLES DE GAULLE (",,,Plein jour,En agglomération,Hors intersection,Normale,Deux véhicules - côté,,,,,,,,,,,1,2,1,1,3
201500038963,0015-04-23 18:00:00,15,4,23,18,0,920,51,"133, BINEAU (BOULEVARD,",,,Plein jour,En agglomération,Hors intersection,Normale,Trois véhicules et plus - collisions multiples,,,,,,,,,,,1,2,1,1,5
201500038964,0015-04-21 12:35:00,15,4,21,12,35,920,51,"37, CHEZY (RUE DE, N° 21",,,Plein jour,En agglomération,Hors intersection,Normale,Autre collision,,,,,,,,,,,1,2,1,1,6
201500038965,0015-04-17 09:15:00,15,4,17,9,15,920,51,"200, BINEAU (BOULEVARD,",,,Plein jour,En agglomération,Intersection en X,Normale,Deux véhicules - côté,,,,,,,,,,,1,2,2,1,3
201500038966,0015-04-14 16:25:00,15,4,14,16,25,920,51,"5, GENERAL LECLERC (BOUL",,,Plein jour,En agglomération,Hors intersection,Normale,Autre collision,,,,,,,,,,,1,2,1,1,6
201500038967,0015-04-16 10:50:00,15,4,16,10,50,920,51,"65, CHATEAU (BOULEVARD D",,,Plein jour,En agglomération,Intersection en X,Normale,Deux véhicules - côté,,,,,,,,,,,1,2,2,1,3
201500038968,0015-05-07 07:00:00,15,5,7,7,0,920,51,"116, CHARLES DE GAULLE (",,,Plein jour,En agglomération,Hors intersection,Normale,Deux véhicules - arrière,,,,,,,,,,,1,2,1,1,2
201500038969,0015-05-10 00:01:00,15,5,10,0,1,920,51,"116, CHARLES DE GAULLE (",,,Nuit avec éclairage allumé,En agglomération,Intersection en T,Normale,Autre collision,,,,,,,,,,,5,2,3,1,6
201500038970,0015-03-22 18:20:00,15,3,22,18,20,920,51,SAUSSAYE/D'ARGENSON,,,Plein jour,En agglomération,Intersection en X,Normale,Deux véhicules - côté,,,,,,,,,,,1,2,2,1,3
201500038971,0015-05-11 19:05:00,15,5,11,19,5,920,51,"117, GENERAL KOENIG (BOU",,,Plein jour,En agglomération,Intersection en T,Normale,Deux véhicules - arrière,,,,,,,,,,,1,2,3,1,2
201500038972,0015-05-12 20:10:00,15,5,12,20,10,920,51,"191, ROULE (AVENUE DU, N",,,Plein jour,En agglomération,Intersection en X,Normale,Deux véhicules - côté,,,,,,,,,,,1,2,2,1,3
201500038973,0015-05-30 00:45:00,15,5,30,0,45,920,51,"65, BINEAU (BOULEVARD, N",,,Nuit avec éclairage allumé,En agglomération,Hors intersection,Pluie légère,Deux véhicules - côté,,,,,,,,,,,5,2,1,2,3
201500038974,0015-04-14 13:00:00,15,4,14,13,0,920,51,"65, CHARLES DE GAULLE (A",,,Plein jour,En agglomération,Hors intersection,Normale,Autre collision,,,,,,,,,,,1,2,1,1,6
201500038975,0015-05-26 10:55:00,15,5,26,10,55,920,51,"03, MIDI (RUE DU)",,,Plein jour,En agglomération,Hors intersection,Normale,Autre collision,,,,,,,,,,,1,2,1,1,6
201500038976,0015-05-12 18:40:00,15,5,12,18,40,920,51,"14, MADRID (AVENUE DE)",,,Plein jour,En agglomération,Intersection en X,Normale,Autre collision,,,,,,,,,,,1,2,2,1,6
201500038977,0015-05-26 20:40:00,15,5,26,20,40,920,51,"115, CHARLES DE GAULLE (",,,Crépuscule ou aube,En agglomération,Hors intersection,Normale,Deux véhicules - arrière,,,,,,,,,,,2,2,1,1,2
201500038978,0015-05-27 23:45:00,15,5,27,23,45,920,51,"168, CHARLES DE GAULLE (",,,Nuit avec éclairage allumé,En agglomération,Giratoire,Normale,Deux véhicules - côté,,,,,,,,,,,5,2,6,1,3
201500038979,0015-05-29 13:33:00,15,5,29,13,33,920,51,"19, SAINTE FOY (AVENUE)",,,Plein jour,En agglomération,Hors intersection,Normale,Autre collision,,,,,,,,,,,1,2,1,1,6
201500038980,0015-05-30 12:40:00,15,5,30,12,40,920,51,"46, CHARLES DE GAULLE (A",,,Plein jour,En agglomération,Hors intersection,Normale,Trois véhicules et plus - en chaîne,,,,,,,,,,,1,2,1,1,4
201500038981,0015-06-04 15:15:00,15,6,4,15,15,920,51,"43, CHARTRES (RUE DE )",,,Plein jour,En agglomération,Hors intersection,Normale,Autre collision,,,,,,,,,,,1,2,1,1,6
201500038982,0015-06-14 06:45:00,15,6,14,6,45,920,51,"18, CHARLES DE GAULLE (A",,,Crépuscule ou aube,En agglomération,Hors intersection,Normale,Autre collision,,,,,,,,,,,2,2,1,1,6
201500038983,0015-06-18 09:20:00,15,6,18,9,20,920,51,"135, BINEAU (BOULEVARD,",,,Plein jour,En agglomération,Hors intersection,Normale,Deux véhicules - arrière,,,,,,,,,,,1,2,1,1,2
201500038984,0015-06-19 11:30:00,15,6,19,11,30,920,51,"105, CHARLES DE GAULLE (",,,Plein jour,En agglomération,Hors intersection,Normale,Autre collision,,,,,,,,,,,1,2,1,1,6
201500038985,0015-06-17 21:50:00,15,6,17,21,50,920,51,"141, GENERAL KOENIG (BOU",,,Crépuscule ou aube,En agglomération,Hors intersection,Normale,Autre collision,,,,,,,,,,,2,2,1,1,6
201500038986,0015-07-11 16:25:00,15,7,11,16,25,920,51,"24, ARGENSON (BOULEVARD,",,,Plein jour,En agglomération,Hors intersection,Normale,Deux véhicules - arrière,,,,,,,,,,,1,2,1,1,2
201500038987,0015-06-02 09:43:00,15,6,2,9,43,920,51,"50, CHEZY (RUE DE , N°14",,,Plein jour,En agglomération,Hors intersection,Normale,Deux véhicules - côté,,,,,,,,,,,1,2,1,1,3
201500038988,0015-06-19 20:08:00,15,6,19,20,8,920,51,"113, CHARLES DE GAULLE (",,,Plein jour,En agglomération,Hors intersection,Normale,Deux véhicules - arrière,,,,,,,,,,,1,2,1,1,2
201500038989,0015-07-29 10:45:00,15,7,29,10,45,920,51,"197, CHARLES DE GAULLE (",,,Plein jour,En agglomération,Hors intersection,Normale,Trois véhicules et plus - en chaîne,,,,,,,,,,,1,2,1,1,4
201500038990,0015-07-17 20:15:00,15,7,17,20,15,920,51,"102, CHARLES DE GAULLE (",,,Plein jour,En agglomération,Hors intersection,Temps éblouissant,Trois véhicules et plus - collisions multiples,,,,,,,,,,,1,2,1,7,5
201500038991,0015-07-02 20:50:00,15,7,2,20,50,920,51,"163, CHARLES DE GAULLE (",,,Plein jour,En agglomération,Hors intersection,Normale,Deux véhicules - côté,,,,,,,,,,,1,2,1,1,3
201500038992,0015-07-22 11:20:00,15,7,22,11,20,920,51,"107, BINEAU (BOULEVARD,",,,Plein jour,En agglomération,Hors intersection,Normale,Autre collision,,,,,,,,,,,1,2,1,1,6
201500038993,0015-07-31 10:10:00,15,7,31,10,10,920,51,MARECHAL JUIN (PONT DU),,,Plein jour,En agglomération,Intersection en X,Normale,Deux véhicules - arrière,,,,,,,,,,,1,2,2,1,2
201500038994,0015-08-03 10:25:00,15,8,3,10,25,920,51,"107, CHARLES DE GAULLE (",,,Plein jour,En agglomération,Hors intersection,Normale,Autre collision,,,,,,,,,,,1,2,1,1,6
201500038995,0015-08-15 20:30:00,15,8,15,20,30,920,51,"104, CHARLES DE GAULLE (",,,Plein jour,En agglomération,Hors intersection,Normale,Deux véhicules - arrière,,,,,,,,,,,1,2,1,1,2
201500038996,0015-09-02 18:40:00,15,9,2,18,40,920,51,"54, BINEAU (BOULEVARD, N",,,Plein jour,En agglomération,Hors intersection,Normale,Autre collision,,,,,,,,,,,1,2,1,1,6
201500038997,0015-09-03 10:30:00,15,9,3,10,30,920,51,PAULINE BORGHESE (RUE),,,Plein jour,En agglomération,Intersection en T,Normale,Autre collision,,,,,,,,,,,1,2,3,1,6
201500038998,0015-09-04 10:00:00,15,9,4,10,0,920,51,"21, RICHARD WALLACE (BOU",,,Plein jour,En agglomération,Intersection en T,Normale,Deux véhicules - côté,,,,,,,,,,,1,2,3,1,3
201500038999,0015-09-10 14:05:00,15,9,10,14,5,920,51,"82, PERRONET (RUE, N°1 A",,,Plein jour,En agglomération,Hors intersection,Normale,Autre collision,,,,,,,,,,,1,2,1,1,6
201500039000,0015-09-15 14:48:00,15,9,15,14,48,920,51,"200, BINEAU (BOULEVARD,",,,Plein jour,En agglomération,Intersection en T,Normale,Autre collision,,,,,,,,,,,1,2,3,1,6
201500039001,0015-10-06 11:00:00,15,10,6,11,0,920,51,"110, PERRONET (RUE, N° 9",,,Plein jour,En agglomération,Hors intersection,Normale,Autre collision,,,,,,,,,,,1,2,1,1,6
201500039002,0015-10-09 20:00:00,15,10,9,20,0,920,51,"55, BINEAU (BOULEVARD, N",,,Nuit avec éclairage allumé,En agglomération,Hors intersection,Normale,Autre collision,,,,,,,,,,,5,2,1,1,6
201500039003,0015-09-08 16:30:00,15,9,8,16,30,920,51,"131, CHARLES DE GAULLE (",,,Plein jour,En agglomération,Hors intersection,Normale,Trois véhicules et plus - en chaîne,,,,,,,,,,,1,2,1,1,4
201500039004,0015-09-13 00:50:00,15,9,13,0,50,920,51,"103, ACHILLE PERETTI (AV",,,Nuit avec éclairage allumé,En agglomération,Intersection en T,Normale,Autre collision,,,,,,,,,,,5,2,3,1,6
201500039005,0015-10-15 23:22:00,15,10,15,23,22,920,51,"64, MAURICE BARRES (BOUL",,,Nuit avec éclairage allumé,En agglomération,Hors intersection,Normale,Deux véhicules - côté,,,,,,,,,,,5,2,1,1,3
201500039006,0015-10-18 02:45:00,15,10,18,2,45,920,51,"93, CHARLES DE GAULLE (A",,,Nuit avec éclairage allumé,En agglomération,Intersection en X,Normale,Deux véhicules - côté,,,,,,,,,,,5,2,2,1,3
201500039007,0015-10-01 07:50:00,15,10,1,7,50,920,51,"100, MAURICE BARRES (BOU",,,Plein jour,En agglomération,Hors intersection,Normale,Autre collision,,,,,,,,,,,1,2,1,1,6
201500039008,0015-10-12 12:00:00,15,10,12,12,0,920,51,"42, MADELEINE MICHELIS (",,,Plein jour,En agglomération,Hors intersection,Normale,Autre collision,,,,,,,,,,,1,2,1,1,6
201500039009,0015-10-01 12:40:00,15,10,1,12,40,920,51,"62, VICTOR HUGO (BOULEVA",,,Plein jour,En agglomération,Intersection en T,Normale,Deux véhicules - côté,,,,,,,,,,,1,2,3,1,3
201500039010,0015-10-09 20:30:00,15,10,9,20,30,920,51,"42-44, CHARLES DE GAULLE",,,Nuit avec éclairage allumé,En agglomération,Hors intersection,Normale,Autre collision,,,,,,,,,,,5,2,1,1,6
201500039011,0015-10-10 20:20:00,15,10,10,20,20,920,51,"77, ROULE (AVENUE DU, N°",,,Nuit avec éclairage allumé,En agglomération,Intersection en T,Normale,Deux véhicules - côté,,,,,,,,,,,5,2,3,1,3
201500039012,0015-10-02 18:55:00,15,10,2,18,55,920,51,"27, VICTOR HUGO (BOULEVA",,,Crépuscule ou aube,En agglomération,Hors intersection,Normale,Deux véhicules - côté,,,,,,,,,,,2,2,1,1,3
201500039013,0015-10-06 07:36:00,15,10,6,7,36,920,51,CHARLES DE GAULLE (AVENU,,,Crépuscule ou aube,En agglomération,Hors intersection,Pluie forte,Autre collision,,,,,,,,,,,2,2,1,3,6
201500039014,0015-11-04 20:15:00,15,11,4,20,15,920,51,"47, PERRONET (RUE, N°1 A",,,Nuit avec éclairage allumé,En agglomération,Hors intersection,Normale,Autre collision,,,,,,,,,,,5,2,1,1,6
201500039015,0015-11-05 18:45:00,15,11,5,18,45,920,51,"73, COMMANDANT CHARCOT (",,,Nuit avec éclairage allumé,En agglomération,Intersection en T,Pluie légère,Deux véhicules - côté,,,,,,,,,,,5,2,3,2,3
201500039016,0015-11-06 17:20:00,15,11,6,17,20,920,51,"16bis, MADRID (AVENUE DE",,,Nuit avec éclairage allumé,En agglomération,Hors intersection,Pluie légère,Autre collision,,,,,,,,,,,5,2,1,2,6
201500039017,0015-11-15 03:55:00,15,11,15,3,55,920,51,"15, CHEZY (RUE DE,  N° 1",,,Nuit avec éclairage allumé,En agglomération,Intersection en X,Normale,Deux véhicules - côté,,,,,,,,,,,5,2,2,1,3
201500039018,0015-11-11 19:10:00,15,11,11,19,10,920,51,"199, CHARLES DE GAULLE (",,,Nuit avec éclairage allumé,En agglomération,Intersection en X,Normale,Deux véhicules - côté,,,,,,,,,,,5,2,2,1,3
201500039019,0015-11-10 07:50:00,15,11,10,7,50,920,51,133 BD BINEAU,,,Crépuscule ou aube,En agglomération,Hors intersection,Normale,Trois véhicules et plus - collisions multiples,,,,,,,,,,,2,2,1,1,5
201500039020,0015-10-08 08:40:00,15,10,8,8,40,920,51,"25, RICHARD WALLACE (BOU",,,Plein jour,En agglomération,Hors intersection,Temps couvert,Autre collision,,,,,,,,,,,1,2,1,8,6
201500039021,0015-11-22 19:25:00,15,11,22,19,25,920,51,"92, BINEAU (BOULEVARD, N",,,Nuit avec éclairage allumé,En agglomération,Intersection en X,Normale,Deux véhicules - côté,,,,,,,,,,,5,2,2,1,3
201500039022,0015-11-24 09:35:00,15,11,24,9,35,920,51,"21, WALLACE/BAGATELLE",,,Plein jour,En agglomération,Intersection en T,Pluie légère,Deux véhicules - arrière,,,,,,,,,,,1,2,3,2,2
201500039023,0015-11-04 09:45:00,15,11,4,9,45,920,51,"06, GENERAL LECLERC (BOU",,,Plein jour,En agglomération,Intersection en T,Pluie légère,Autre collision,,,,,,,,,,,1,2,3,2,6
201500039024,0015-11-24 19:35:00,15,11,24,19,35,920,51,"12, BERTEAUX-DUMAS (RUE)",,,Nuit avec éclairage allumé,En agglomération,Intersection en T,Pluie légère,Autre collision,,,,,,,,,,,5,2,3,2,6
201500039025,0015-11-28 00:55:00,15,11,28,0,55,920,51,"130, BINEAU (BOULEVARD,",,,Nuit avec éclairage allumé,En agglomération,Intersection en X,Pluie légère,Deux véhicules - côté,,,,,,,,,,,5,2,2,2,3
201500039026,0015-11-30 09:45:00,15,11,30,9,45,920,51,"79, CHARLES LAFFITTE (RU",,,Plein jour,En agglomération,Hors intersection,Normale,Autre collision,,,,,,,,,,,1,2,1,1,6
201500039027,0015-12-06 00:10:00,15,12,6,0,10,920,51,HUGO/PARMENTIER,,,Nuit avec éclairage non allumé,En agglomération,Intersection en X,Normale,Autre collision,,,,,,,,,,,4,2,2,1,6
201500039028,0015-12-06 08:20:00,15,12,6,8,20,920,51,DE GAULLE/DULUD,,,Nuit avec éclairage allumé,En agglomération,Intersection en Y,Normale,Autre collision,,,,,,,,,,,5,2,4,1,6
201500039029,0015-12-02 12:15:00,15,12,2,12,15,920,51,"10, R YBRY",,,Plein jour,En agglomération,Hors intersection,Normale,Autre collision,,,,,,,,,,,1,2,1,1,6
201500039030,0015-12-04 10:30:00,15,12,4,10,30,920,51,MADRID/PIERRET,,,Plein jour,En agglomération,Intersection en X,Normale,Deux véhicules - côté,,,,,,,,,,,1,2,2,1,3
201500039031,0015-11-19 14:10:00,15,11,19,14,10,920,51,"131, CHARLES DE GAULLE (",,,Plein jour,En agglomération,Hors intersection,Normale,Deux véhicules - arrière,,,,,,,,,,,1,2,1,1,2
201500039032,0015-11-27 12:00:00,15,11,27,12,0,920,51,"110, BINEAU (BOULEVARD,",,,Plein jour,En agglomération,Hors intersection,Normale,Deux véhicules - côté,,,,,,,,,,,1,2,1,1,3
201500039033,0015-11-26 18:26:00,15,11,26,18,26,920,51,"107, GENERAL KOENIG (BOU",,,Nuit avec éclairage allumé,En agglomération,Intersection en T,Normale,Deux véhicules - côté,,,,,,,,,,,5,2,3,1,3
201500039034,0015-11-22 15:20:00,15,11,22,15,20,920,51,"02, BOIS DE BOULOGNE (RU",,,Plein jour,En agglomération,Hors intersection,Normale,Autre collision,,,,,,,,,,,1,2,1,1,6
201500039035,0015-12-27 03:45:00,15,12,27,3,45,920,51,"143, CHARLES DE GAULLE (",,,Nuit avec éclairage allumé,En agglomération,Hors intersection,Normale,Autre collision,,,,,,,,,,,5,2,1,1,6
201500039036,0015-01-02 10:05:00,15,1,2,10,5,920,62,"2, BERTHELOT (RUE MARCEL",,,Plein jour,En agglomération,Intersection en T,Temps couvert,Autre collision,,,,,,,,,,,1,2,3,8,6
201500039037,0015-01-05 13:30:00,15,1,5,13,30,920,62,"11, FRANCE (RUE ANATOLE)",,,Plein jour,En agglomération,Intersection en T,Temps couvert,Autre collision,,,,,,,,,,,1,2,3,8,6
201500039038,0015-01-09 13:10:00,15,1,9,13,10,920,62,DE DION BOUTON (QUAI) DU,,,Plein jour,En agglomération,Intersection en T,Temps couvert,Deux véhicules - côté,,,,,,,,,,,1,2,3,8,3
201500039039,0015-01-20 17:05:00,15,1,20,17,5,920,62,"1, LECLERC (RUE GENERAL)",,,Nuit avec éclairage allumé,En agglomération,Hors intersection,Normale,Autre collision,,,,,,,,,,,5,2,1,1,6
201500039040,0015-01-23 19:30:00,15,1,23,19,30,920,62,"16, BERTHELOT (RUE MARCE",,,Nuit avec éclairage allumé,En agglomération,Hors intersection,Temps couvert,Autre collision,,,,,,,,,,,5,2,1,8,6
201500039041,0015-01-26 09:45:00,15,1,26,9,45,920,62,"14, WALLACE (BD RICHARD)",,,Plein jour,En agglomération,Intersection en T,Pluie légère,Deux véhicules - côté,,,,,,,,,,,1,2,3,2,3
201500039042,0015-02-04 18:30:00,15,2,4,18,30,920,62,"6, DE DION BOUTON (QUAI)",,,Nuit avec éclairage allumé,En agglomération,Intersection en T,Normale,Deux véhicules - côté,,,,,,,,,,,5,2,3,1,3
201500039043,0015-02-20 07:00:00,15,2,20,7,0,920,62,"8, DE DION BOUTON (QUAI)",,,Nuit avec éclairage allumé,En agglomération,Hors intersection,Temps couvert,Autre collision,,,,,,,,,,,5,2,1,8,6
201500039044,0015-02-22 15:00:00,15,2,22,15,0,920,62,"8, PALISSY (RUE BERNARD)",,,Plein jour,En agglomération,Hors intersection,Temps couvert,Deux véhicules - côté,,,,,,,,,,,1,2,1,8,3
201500039045,0015-03-04 14:35:00,15,3,4,14,35,920,62,"1, CHANTE COQ (RUE)",,,Plein jour,En agglomération,Intersection en T,Normale,Autre collision,,,,,,,,,,,1,2,3,1,6
201500039046,0015-03-07 14:40:00,15,3,7,14,40,920,62,"6/8, DE DION BOUTON (QUA",,,Plein jour,En agglomération,Hors intersection,Normale,Trois véhicules et plus - collisions multiples,,,,,,,,,,,1,2,1,1,5
201500039047,0015-03-11 14:40:00,15,3,11,14,40,920,62,REPUBLIQUE/FRANCE,,,Plein jour,En agglomération,Intersection en X,Normale,Autre collision,,,,,,,,,,,1,2,2,1,6
201500039048,0015-03-10 19:30:00,15,3,10,19,30,920,62,CARTAULT (RUE),,,Nuit avec éclairage allumé,En agglomération,Intersection en T,Normale,Autre collision,,,,,,,,,,,5,2,3,1,6
201500039049,0015-03-23 13:30:00,15,3,23,13,30,920,62,GENERAL DE GAULLE (AV) D,,,Plein jour,En agglomération,Hors intersection,Normale,Deux véhicules - côté,,,,,,,,,,,1,2,1,1,3
201500039050,0015-03-16 18:50:00,15,3,16,18,50,920,62,"3, DE DION BOUTON (QUAI)",,,Crépuscule ou aube,En agglomération,Intersection en T,Normale,Deux véhicules - arrière,,,,,,,,,,,2,2,3,1,2
201500039051,0015-04-01 08:55:00,15,4,1,8,55,920,62,"69, GENERAL DE GAULLE (A",,,Crépuscule ou aube,En agglomération,Intersection en T,Normale,Autre collision,,,,,,,,,,,2,2,3,1,6
201500039052,0015-04-08 20:00:00,15,4,8,20,0,920,62,"123, REPUBLIQUE (RUE DE",,,Nuit avec éclairage allumé,En agglomération,Intersection en T,Normale,Deux véhicules - côté,,,,,,,,,,,5,2,3,1,3
201500039053,0015-04-17 15:40:00,15,4,17,15,40,920,62,FRANCE (RUE  ANATOLE) N°,,,Plein jour,En agglomération,Intersection en X,Normale,Autre collision,,,,,,,,,,,1,2,2,1,6
201500039054,0015-04-18 01:30:00,15,4,18,1,30,920,62,"108, BERGERES RD-PT DES)",,,Nuit avec éclairage allumé,En agglomération,Intersection en T,Normale,Deux véhicules - côté,,,,,,,,,,,5,2,3,1,3
201500039055,0015-04-30 17:30:00,15,4,30,17,30,920,62,GENERAL DE GAULLE (AV) D,,,Plein jour,En agglomération,Intersection en T,Pluie forte,Deux véhicules - côté,,,,,,,,,,,1,2,3,3,3
201500039056,0015-05-12 19:05:00,15,5,12,19,5,920,62,"1, PUTEAUX (PONT DE)",,,Plein jour,En agglomération,Hors intersection,Normale,Deux véhicules - côté,,,,,,,,,,,1,2,1,1,3
201500039057,0015-05-27 17:13:00,15,5,27,17,13,920,62,HASSOUX (VOIE GEORGES) I,,,Plein jour,En agglomération,Intersection en T,Normale,Deux véhicules - côté,,,,,,,,,,,1,2,3,1,3
201500039058,0015-05-28 17:40:00,15,5,28,17,40,920,62,"34/36, DE DION BOUTON (Q",,,Plein jour,En agglomération,Hors intersection,Normale,Autre collision,,,,,,,,,,,1,2,1,1,6
201500039059,0015-06-04 14:45:00,15,6,4,14,45,920,62,"58, DE DION BOUTON (QUAI",,,Plein jour,En agglomération,Hors intersection,Normale,Autre collision,,,,,,,,,,,1,2,1,1,6
201500039060,0015-06-16 18:50:00,15,6,16,18,50,920,62,"172, REPUBLIQUE (RUE DE",,,Plein jour,En agglomération,Hors intersection,Normale,Deux véhicules - frontale,,,,,,,,,,,1,2,1,1,1
201500039061,0015-06-19 11:15:00,15,6,19,11,15,920,62,"140, VERDUN (RUE DE) N°",,,Plein jour,En agglomération,Hors intersection,Normale,Deux véhicules - côté,,,,,,,,,,,1,2,1,1,3
201500039062,0015-06-20 13:24:00,15,6,20,13,24,920,62,"17, DE DION BOUTON (QUAI",,,Plein jour,En agglomération,Hors intersection,Normale,Deux véhicules - arrière,,,,,,,,,,,1,2,1,1,2
201500039063,0015-06-22 11:00:00,15,6,22,11,0,920,62,"174, REPUBLIQUE (RUE DE",,,Plein jour,En agglomération,Hors intersection,Temps couvert,Autre collision,,,,,,,,,,,1,2,1,8,6
201500039064,0015-07-02 08:25:00,15,7,2,8,25,920,62,"74, REPUBLIQUE (RUE DE L",,,Plein jour,En agglomération,Hors intersection,Normale,Autre collision,,,,,,,,,,,1,2,1,1,6
201500039065,0015-07-03 08:00:00,15,7,3,8,0,920,62,"62/64, JAURES (RUE JEAN)",,,Plein jour,En agglomération,Intersection en T,Normale,Autre collision,,,,,,,,,,,1,2,3,1,6