accident_id,datetime,annee,mois,jour,heure,minute,departement,commune_insee,adresse,latitude,longitude,luminosite,agglomeration,intersection,meteo,collision,nb_vehicules,nb_usagers,nb_indemnes,nb_tues,nb_blesses_hosp,nb_blesses_legers,age_cond_1,age_cond_2,veh_type_cond_1,veh_type_cond_2,lum_code,agg_code,int_code,atm_code,col_code
201500039066,0015-07-03 09:40:00,15,7,3,9,40,920,62,ROND POINT DE LA LIBERTE,,,Plein jour,En agglomération,Giratoire,Normale,Deux véhicules - côté,,,,,,,,,,,1,2,6,1,3
201500039067,0015-07-10 14:30:00,15,7,10,14,30,920,62,"1, PUTEAUX (PONT DE)",,,Plein jour,En agglomération,Hors intersection,Normale,Deux véhicules - arrière,,,,,,,,,,,1,2,1,1,2
201500039068,0015-07-11 09:50:00,15,7,11,9,50,920,62,"10bis, FUSILLES DE LA RE",,,Plein jour,En agglomération,Hors intersection,Normale,Deux véhicules - arrière,,,,,,,,,,,1,2,1,1,2
201500039069,0015-07-29 13:45:00,15,7,29,13,45,920,62,"106, GENERAL DE GAULLE (",,,Plein jour,En agglomération,Intersection en T,Normale,Deux véhicules - côté,,,,,,,,,,,1,2,3,1,3
201500039070,0015-08-11 18:10:00,15,8,11,18,10,920,62,"63, GENERAL DE GAULLE (A",,,Crépuscule ou aube,En agglomération,Hors intersection,Normale,Deux véhicules - côté,,,,,,,,,,,2,2,1,1,3
201500039071,0015-08-20 16:22:00,15,8,20,16,22,920,62,"19, WALLACE (BD RICHARD)",,,Plein jour,En agglomération,Hors intersection,Normale,Deux véhicules - arrière,,,,,,,,,,,1,2,1,1,2
201500039072,0015-08-18 19:00:00,15,8,18,19,0,920,62,BELLINI (RUE),,,Plein jour,En agglomération,Hors intersection,Normale,Deux véhicules - côté,,,,,,,,,,,1,2,1,1,3
201500039073,0015-08-26 08:20:00,15,8,26,8,20,920,62,GENERAL DE GAULLE (AV) D,,,Plein jour,En agglomération,Hors intersection,Normale,Deux véhicules - arrière,,,,,,,,,,,1,2,1,1,2
201500039074,0015-09-22 16:40:00,15,9,22,16,40,920,62,DE DION BOUTON (QUAI) DU,,,Plein jour,En agglomération,Hors intersection,Normale,Deux véhicules - arrière,,,,,,,,,,,1,2,1,1,2
201500039075,0015-09-08 18:40:00,15,9,8,18,40,920,62,"1, FRANCE (RUE  ANATOLE)",,,Plein jour,En agglomération,Hors intersection,Normale,Trois véhicules et plus - collisions multiples,,,,,,,,,,,1,2,1,1,5
201500039076,0015-09-28 18:30:00,15,9,28,18,30,920,62,"81, GENERAL DE GAULLE (A",,,Plein jour,En agglomération,Hors intersection,Normale,Sans collision,,,,,,,,,,,1,2,1,1,7
201500039077,0015-10-02 00:45:00,15,10,2,0,45,920,62,"165, JAURES (RUE JEAN) D",,,Nuit avec éclairage allumé,En agglomération,Intersection en T,Normale,Deux véhicules - frontale,,,,,,,,,,,5,2,3,1,1
201500039078,0015-09-11 13:10:00,15,9,11,13,10,920,62,"53/55, WALLACE (BD RICHA",,,Plein jour,En agglomération,Hors intersection,Normale,Autre collision,,,,,,,,,,,1,2,1,1,6
201500039079,0015-09-22 13:35:00,15,9,22,13,35,920,62,DE DION BOUTON (QUAI) DU,,,Plein jour,En agglomération,Hors intersection,Normale,Deux véhicules - arrière,,,,,,,,,,,1,2,1,1,2
201500039080,0015-10-02 09:30:00,15,10,2,9,30,920,62,"16, BERTHELOT (RUE MARCE",,,Plein jour,En agglomération,Hors intersection,Normale,Autre collision,,,,,,,,,,,1,2,1,1,6
201500039081,0015-10-23 12:30:00,15,10,23,12,30,920,62,"52, DE DION BOUTON (QUAI",,,Plein jour,En agglomération,Hors intersection,Normale,Deux véhicules - côté,,,,,,,,,,,1,2,1,1,3
201500039082,0015-11-01 04:05:00,15,11,1,4,5,920,62,REPUBLIQUE (RUE DE LA ),,,Nuit avec éclairage allumé,En agglomération,Intersection en T,Normale,Deux véhicules - côté,,,,,,,,,,,5,2,3,1,3
201500039083,0015-11-03 07:50:00,15,11,3,7,50,920,62,WALLACE (BD RICHARD) DU,,,Nuit avec éclairage allumé,En agglomération,Intersection en T,Pluie légère,Autre collision,,,,,,,,,,,5,2,3,2,6
201500039084,0015-11-01 21:00:00,15,11,1,21,0,920,62,DE DION BOUTON (QUAI) DU,,,Nuit avec éclairage allumé,En agglomération,Intersection en T,Normale,Trois véhicules et plus - collisions multiples,,,,,,,,,,,5,2,3,1,5
201500039085,0015-11-05 11:00:00,15,11,5,11,0,920,62,", DE DION BOUTON (QUAI)",,,Plein jour,En agglomération,Intersection en T,Normale,Autre collision,,,,,,,,,,,1,2,3,1,6
201500039086,0015-11-09 09:45:00,15,11,9,9,45,920,62,"106, REPUBLIQUE (RUE DE",,,Plein jour,En agglomération,Hors intersection,Normale,Deux véhicules - frontale,,,,,,,,,,,1,2,1,1,1
201500039087,0015-11-23 18:00:00,15,11,23,18,0,920,62,"6, DE DION BOUTON (QUAI)",,,Nuit avec éclairage allumé,En agglomération,Hors intersection,Normale,Deux véhicules - côté,,,,,,,,,,,5,2,1,1,3
201500039088,0015-11-24 18:45:00,15,11,24,18,45,920,62,"45, WALLACE (BD RICHARD)",,,Nuit avec éclairage allumé,En agglomération,Hors intersection,Normale,Deux véhicules - arrière,,,,,,,,,,,5,2,1,1,2
201500039089,0015-11-27 10:23:00,15,11,27,10,23,920,62,VOILIN (RUE LUCIEN),,,Plein jour,En agglomération,Intersection en T,Normale,Autre collision,,,,,,,,,,,1,2,3,1,6
201500039090,0015-12-01 14:00:00,15,12,1,14,0,920,62,"23, FRANCE (RUE  ANATOLE",,,Plein jour,En agglomération,Intersection en T,Normale,Autre collision,,,,,,,,,,,1,2,3,1,6
201500039091,0015-12-01 21:45:00,15,12,1,21,45,920,62,REPUBLIQUE (RUE DE LA ),,,Nuit avec éclairage allumé,En agglomération,Intersection en T,Normale,Deux véhicules - côté,,,,,,,,,,,5,2,3,1,3
201500039092,0015-12-21 07:30:00,15,12,21,7,30,920,62,"30, CARTAULT (RUE)",,,Plein jour,En agglomération,Hors intersection,Normale,Deux véhicules - arrière,,,,,,,,,,,1,2,1,1,2
201500039093,0015-01-05 08:00:00,15,1,5,8,0,920,63,"183, DIX-HUIT JUIN 1940",,,Nuit avec éclairage allumé,En agglomération,Hors intersection,Normale,Autre collision,,,,,,,,,,,5,2,1,1,6
201500039094,0015-01-07 09:00:00,15,1,7,9,0,920,63,"64, DIDEROT (RUE)",,,Plein jour,En agglomération,Hors intersection,Brouillard / fumée,Deux véhicules - côté,,,,,,,,,,,1,2,1,5,3
201500039095,0015-01-06 11:55:00,15,1,6,11,55,920,63,DANTON (RUE),,,Plein jour,En agglomération,Intersection en T,Normale,Deux véhicules - côté,,,,,,,,,,,1,2,3,1,3
201500039096,0015-01-12 16:55:00,15,1,12,16,55,920,63,"178, DOUMER (AVENUE PAUL",,,Crépuscule ou aube,En agglomération,Hors intersection,Normale,Deux véhicules - arrière,,,,,,,,,,,2,2,1,1,2
201500039097,0015-01-20 16:05:00,15,1,20,16,5,920,63,"144, DOUMER (AVENUE PAUL",,,Plein jour,En agglomération,Hors intersection,Normale,Autre collision,,,,,,,,,,,1,2,1,1,6
201500039098,0015-01-21 10:40:00,15,1,21,10,40,920,63,"N?ant, CHATOU (PONT DE)",,,Plein jour,En agglomération,Hors intersection,Normale,Deux véhicules - arrière,,,,,,,,,,,1,2,1,1,2
201500039099,0015-01-21 13:00:00,15,1,21,13,0,920,63,COLMAR (AVENUE DE),,,Plein jour,En agglomération,Hors intersection,Normale,Autre collision,,,,,,,,,,,1,2,1,1,6
201500039100,0015-01-24 18:45:00,15,1,24,18,45,920,63,"48, HUGO (AVENUE VICTOR)",,,Nuit avec éclairage allumé,En agglomération,Intersection en T,Normale,Autre collision,,,,,,,,,,,5,2,3,1,6
201500039101,0015-01-29 14:30:00,15,1,29,14,30,920,63,"05, DE GAULLE (BOULEVARD",,,Plein jour,En agglomération,Hors intersection,Normale,Autre collision,,,,,,,,,,,1,2,1,1,6
201500039102,0015-02-06 07:40:00,15,2,6,7,40,920,63,"N?ant, CHATOU (PONT DE)",,,Crépuscule ou aube,En agglomération,Hors intersection,Normale,Deux véhicules - arrière,,,,,,,,,,,2,2,1,1,2
201500039103,0015-02-05 15:00:00,15,2,5,15,0,920,63,"28, BELLE RIVE (BOULEVAR",,,Plein jour,En agglomération,Hors intersection,Normale,Deux véhicules - côté,,,,,,,,,,,1,2,1,1,3
201500039104,0015-02-13 18:50:00,15,2,13,18,50,920,63,"177, DIX-HUIT JUIN 1940",,,Crépuscule ou aube,En agglomération,Hors intersection,Pluie forte,Autre collision,,,,,,,,,,,2,2,1,3,6
201500039105,0015-02-16 09:10:00,15,2,16,9,10,920,63,CORIOLIS (RUE DU MARQUIS,,,Plein jour,En agglomération,Giratoire,Normale,Deux véhicules - côté,,,,,,,,,,,1,2,6,1,3
201500039106,0015-02-19 15:50:00,15,2,19,15,50,920,63,"****, BONAPARTE (AVENUE",,,Plein jour,En agglomération,Intersection en T,Normale,Deux véhicules - côté,,,,,,,,,,,1,2,3,1,3
201500039107,0015-02-21 17:30:00,15,2,21,17,30,920,63,"N?ant, CHATOU (PONT DE)",,,Plein jour,En agglomération,Hors intersection,Normale,Deux véhicules - côté,,,,,,,,,,,1,2,1,1,3
201500039108,0015-02-21 23:15:00,15,2,21,23,15,920,63,"344, BONAPARTE (AVENUE N",,,Nuit avec éclairage allumé,En agglomération,Hors intersection,Normale,Deux véhicules - côté,,,,,,,,,,,5,2,1,1,3
201500039109,0015-03-03 10:06:00,15,3,3,10,6,920,63,"9, CHATAIGNERAIE (AVENUE",,,Plein jour,En agglomération,Hors intersection,Normale,Autre collision,,,,,,,,,,,1,2,1,1,6
201500039110,0015-03-11 19:25:00,15,3,11,19,25,920,63,"30, VAUSSOURDS (RUE DES)",,,Crépuscule ou aube,En agglomération,Hors intersection,Normale,Sans collision,,,,,,,,,,,2,2,1,1,7
201500039111,0015-03-16 22:05:00,15,3,16,22,5,920,63,"1/3, BUZENVAL (AVENUE DE",,,Nuit avec éclairage allumé,En agglomération,Hors intersection,Normale,Autre collision,,,,,,,,,,,5,2,1,1,6
201500039112,0015-03-21 19:30:00,15,3,21,19,30,920,63,"****, FOUILLEUSE (AVENUE",,,Nuit avec éclairage allumé,En agglomération,Hors intersection,Normale,Autre collision,,,,,,,,,,,5,2,1,1,6
201500039113,0015-03-31 09:10:00,15,3,31,9,10,920,63,NATIONAL (BOULEVARD),,,Plein jour,En agglomération,Intersection en T,Pluie légère,Deux véhicules - côté,,,,,,,,,,,1,2,3,2,3
201500039114,0015-03-31 08:10:00,15,3,31,8,10,920,63,"17, COLMAR (AVENUE DE)",,,Plein jour,En agglomération,Intersection en Y,Normale,Deux véhicules - côté,,,,,,,,,,,1,2,4,1,3
201500039115,0015-03-31 16:45:00,15,3,31,16,45,920,63,"89, DOUMER (AVENUE PAUL)",,,Plein jour,En agglomération,Hors intersection,Normale,Autre collision,,,,,,,,,,,1,2,1,1,6
201500039116,0015-04-09 08:40:00,15,4,9,8,40,920,63,"41, DUNANT (RUE HENRI)",,,Plein jour,En agglomération,Hors intersection,Normale,Deux véhicules - côté,,,,,,,,,,,1,2,1,1,3
201500039117,0015-04-14 08:46:00,15,4,14,8,46,920,63,"13, SUE (RUE EUGENE)",,,Plein jour,En agglomération,Hors intersection,Normale,Autre collision,,,,,,,,,,,1,2,1,1,6
201500039118,0015-04-16 17:20:00,15,4,16,17,20,920,63,"64, DIX-HUIT JUIN 1940 (",,,Plein jour,En agglomération,Hors intersection,Normale,Deux véhicules - côté,,,,,,,,,,,1,2,1,1,3
201500039119,0015-04-19 01:50:00,15,4,19,1,50,920,63,"****, LECLERC DE HAUTECL",,,Nuit avec éclairage allumé,En agglomération,Giratoire,Normale,Deux véhicules - côté,,,,,,,,,,,5,2,6,1,3
201500039120,0015-04-18 19:00:00,15,4,18,19,0,920,63,"107, DOUMER (AVENUE PAUL",,,Plein jour,En agglomération,Hors intersection,Normale,Deux véhicules - arrière,,,,,,,,,,,1,2,1,1,2
201500039121,0015-04-22 12:00:00,15,4,22,12,0,920,63,"78, HABY SOMMER (RUE)",,,Plein jour,En agglomération,Intersection en T,Normale,Deux véhicules - côté,,,,,,,,,,,1,2,3,1,3
201500039122,0015-04-30 18:55:00,15,4,30,18,55,920,63,"21, RICHELIEU (BOULEVARD",,,Plein jour,En agglomération,Hors intersection,Pluie légère,Deux véhicules - côté,,,,,,,,,,,1,2,1,2,3
201500039123,0015-05-15 06:50:00,15,5,15,6,50,920,63,COLMAR (AVENUE DE),,,Plein jour,En agglomération,Intersection en T,Normale,Deux véhicules - côté,,,,,,,,,,,1,2,3,1,3
201500039124,0015-05-20 19:50:00,15,5,20,19,50,920,63,DIX-HUIT JUIN 1940 (AVEN,,,Plein jour,En agglomération,Intersection en X,Normale,Deux véhicules - côté,,,,,,,,,,,1,2,2,1,3
201500039125,0015-05-27 18:40:00,15,5,27,18,40,920,63,"51, HOUTRAITS (RUE DES)",,,Plein jour,En agglomération,Hors intersection,Normale,Autre collision,,,,,,,,,,,1,2,1,1,6
201500039126,0015-05-29 16:30:00,15,5,29,16,30,920,63,"****, RENAULT (PLACE)",,,Plein jour,En agglomération,Giratoire,Normale,Sans collision,,,,,,,,,,,1,2,6,1,7
201500039127,0015-06-05 16:15:00,15,6,5,16,15,920,63,"81, CARREY DE BELLEMARE",,,Plein jour,En agglomération,Giratoire,Normale,Autre collision,,,,,,,,,,,1,2,6,1,6
201500039128,0015-06-05 21:05:00,15,6,5,21,5,920,63,"****, ESTIENNE D'ORVES (",,,Plein jour,En agglomération,Hors intersection,Pluie légère,Sans collision,,,,,,,,,,,1,2,1,2,7
201500039129,0015-06-06 17:45:00,15,6,6,17,45,920,63,"Néant, POMPIDOU (AVENUE",,,Plein jour,En agglomération,Hors intersection,Normale,Deux véhicules - arrière,,,,,,,,,,,1,2,1,1,2
201500039130,0015-06-08 08:35:00,15,6,8,8,35,920,63,"100, MIRIBEL (RUE DU GEN",,,Plein jour,En agglomération,Intersection en T,Normale,Deux véhicules - côté,,,,,,,,,,,1,2,3,1,3
201500039131,0015-06-09 21:11:00,15,6,9,21,11,920,63,"29, GALLIENI (RUE)",,,Crépuscule ou aube,En agglomération,Hors intersection,Normale,Deux véhicules - arrière,,,,,,,,,,,2,2,1,1,2
201500039132,0015-06-12 12:45:00,15,6,12,12,45,920,63,"****, DIX-HUIT JUIN 1940",,,Plein jour,En agglomération,Intersection en T,Normale,Trois véhicules et plus - en chaîne,,,,,,,,,,,1,2,3,1,4
201500039133,0015-06-12 13:40:00,15,6,12,13,40,920,63,"2, REUNION (RUE DE LA)",,,Plein jour,En agglomération,Hors intersection,Normale,Deux véhicules - côté,,,,,,,,,,,1,2,1,1,3
201500039134,0015-06-12 19:55:00,15,6,12,19,55,920,63,"153, DIX-HUIT JUIN 1940",,,Plein jour,En agglomération,Hors intersection,Normale,Trois véhicules et plus - en chaîne,,,,,,,,,,,1,2,1,1,4
201500039135,0015-06-19 22:20:00,15,6,19,22,20,920,63,"215, BONAPARTE (AVENUE N",,,Nuit avec éclairage allumé,En agglomération,Hors intersection,Normale,Deux véhicules - côté,,,,,,,,,,,5,2,1,1,3
201500039136,0015-06-22 21:30:00,15,6,22,21,30,920,63,"23, DUNANT (RUE HENRI)",,,Crépuscule ou aube,En agglomération,Hors intersection,Pluie légère,Sans collision,,,,,,,,,,,2,2,1,2,7
201500039137,0015-06-23 13:40:00,15,6,23,13,40,920,63,"37, MONTBRISON (RUE DU L",,,Plein jour,En agglomération,Hors intersection,Normale,Deux véhicules - frontale,,,,,,,,,,,1,2,1,1,1
201500039138,0015-06-29 08:20:00,15,6,29,8,20,920,63,"25, ACACIAS (AVENUE DES)",,,Plein jour,En agglomération,Intersection en X,Normale,Deux véhicules - côté,,,,,,,,,,,1,2,2,1,3
201500039139,0015-06-29 19:10:00,15,6,29,19,10,920,63,COLMAR (AVENUE DE),,,Plein jour,En agglomération,Hors intersection,Normale,Deux véhicules - arrière,,,,,,,,,,,1,2,1,1,2
201500039140,0015-06-30 21:30:00,15,6,30,21,30,920,63,"Néant, SOLFERINO (BOULEV",,,Plein jour,En agglomération,Hors intersection,Normale,Autre collision,,,,,,,,,,,1,2,1,1,6
201500039141,0015-07-01 12:50:00,15,7,1,12,50,920,63,"****, TUCK STELL (AVENUE",,,Plein jour,En agglomération,Hors intersection,Normale,Deux véhicules - frontale,,,,,,,,,,,1,2,1,1,1
201500039142,0015-07-10 20:50:00,15,7,10,20,50,920,63,"****, HOUTRAITS (RUE DES",,,Plein jour,En agglomération,Intersection en T,Normale,Deux véhicules - côté,,,,,,,,,,,1,2,3,1,3
201500039143,0015-07-17 16:20:00,15,7,17,16,20,920,63,"****, HOPITAL STELL (BOU",,,Plein jour,En agglomération,Intersection en T,Normale,Deux véhicules - côté,,,,,,,,,,,1,2,3,1,3
201500039144,0015-07-26 14:10:00,15,7,26,14,10,920,63,"312, BONAPARTE (AVENUE N",,,Plein jour,Hors agglomération,Intersection en T,Pluie légère,Sans collision,,,,,,,,,,,1,1,3,2,7
201500039145,0015-07-28 14:30:00,15,7,28,14,30,920,63,"70, POMPIDOU (AVENUE DU",,,Plein jour,En agglomération,Hors intersection,Normale,Deux véhicules - côté,,,,,,,,,,,1,2,1,1,3
201500039146,0015-07-28 21:55:00,15,7,28,21,55,920,63,"****, BONAPARTE (AVENUE",,,Nuit avec éclairage allumé,En agglomération,Intersection en X,Normale,Autre collision,,,,,,,,,,,5,2,2,1,6
201500039147,0015-07-30 10:00:00,15,7,30,10,0,920,63,"66, MONT VALERIEN (AVENU",,,Plein jour,En agglomération,Hors intersection,Normale,Deux véhicules - côté,,,,,,,,,,,1,2,1,1,3
201500039148,0015-08-10 07:18:00,15,8,10,7,18,920,63,"21, GALLIENI (RUE)",,,Plein jour,En agglomération,Hors intersection,Normale,Autre collision,,,,,,,,,,,1,2,1,1,6
201500039149,0015-08-18 16:40:00,15,8,18,16,40,920,63,"192, DOUMER (AVENUE PAUL",,,Plein jour,En agglomération,Hors intersection,Normale,Deux véhicules - arrière,,,,,,,,,,,1,2,1,1,2
201500039150,0015-08-25 18:50:00,15,8,25,18,50,920,63,"****, TUCK STELL (AVENUE",,,Plein jour,En agglomération,Hors intersection,Pluie légère,Sans collision,,,,,,,,,,,1,2,1,2,7
201500039151,0015-09-05 20:45:00,15,9,5,20,45,920,63,GODARDES (RUE DES),,,Crépuscule ou aube,En agglomération,Intersection en T,Pluie légère,Deux véhicules - côté,,,,,,,,,,,2,2,3,2,3
201500039152,0015-09-06 14:15:00,15,9,6,14,15,920,63,"****, COLMAR (AVENUE DE)",,,Plein jour,Hors agglomération,Intersection en T,Normale,Deux véhicules - côté,,,,,,,,,,,1,1,3,1,3
201500039153,0015-09-08 16:45:00,15,9,8,16,45,920,63,"86, VOLTAIRE (RUE)",,,Plein jour,En agglomération,Hors intersection,Normale,Autre collision,,,,,,,,,,,1,2,1,1,6
201500039154,0015-09-09 17:45:00,15,9,9,17,45,920,63,"38, GALLIENI (RUE)",,,Plein jour,En agglomération,Hors intersection,Normale,Autre collision,,,,,,,,,,,1,2,1,1,6
201500039155,0015-09-09 23:30:00,15,9,9,23,30,920,63,"85, DIX-HUIT JUIN 1940 (",,,Nuit avec éclairage allumé,En agglomération,Hors intersection,Normale,Autre collision,,,,,,,,,,,5,2,1,1,6
201500039156,0015-09-21 10:20:00,15,9,21,10,20,920,63,"91, NATIONAL (BOULEVARD)",,,Plein jour,En agglomération,Hors intersection,Normale,Autre collision,,,,,,,,,,,1,2,1,1,6
201500039157,0015-09-22 06:05:00,15,9,22,6,5,920,63,COLMAR (AVENUE DE),,,Nuit avec éclairage allumé,En agglomération,Intersection en X,Pluie légère,Deux véhicules - côté,,,,,,,,,,,5,2,2,2,3
201500039158,0015-09-22 20:50:00,15,9,22,20,50,920,63,"****, DIX-HUIT ARPENTS (",,,Nuit avec éclairage allumé,En agglomération,Intersection en T,Normale,Deux véhicules - côté,,,,,,,,,,,5,2,3,1,3
201500039159,0015-09-23 08:10:00,15,9,23,8,10,920,63,"91, DIX-HUIT JUIN 1940 (",,,Plein jour,En agglomération,Hors intersection,Normale,Deux véhicules - côté,,,,,,,,,,,1,2,1,1,3
201500039160,0015-09-25 13:55:00,15,9,25,13,55,920,63,"****, HOPITAL STELL (BOU",,,Plein jour,En agglomération,Intersection en T,Normale,Deux véhicules - arrière,,,,,,,,,,,1,2,3,1,2
201500039161,0015-09-25 17:00:00,15,9,25,17,0,920,63,"03, RICHELIEU (PLACE)",,,Plein jour,En agglomération,Hors intersection,Normale,Autre collision,,,,,,,,,,,1,2,1,1,6
201500039162,0015-09-29 17:30:00,15,9,29,17,30,920,63,"04, RACINE (RUE)",,,Plein jour,En agglomération,Hors intersection,Normale,Autre collision,,,,,,,,,,,1,2,1,1,6
201500039163,0015-10-02 15:30:00,15,10,2,15,30,920,63,"28, MYGATT (AVENUE OTIS)",,,Plein jour,En agglomération,Hors intersection,Normale,Autre collision,,,,,,,,,,,1,2,1,1,6
201500039164,0015-10-05 19:30:00,15,10,5,19,30,920,63,"****, DIX-HUIT JUIN 1940",,,Nuit avec éclairage allumé,En agglomération,Intersection en T,Pluie forte,Autre collision,,,,,,,,,,,5,2,3,3,6
201500039165,0015-10-14 17:00:00,15,10,14,17,0,920,63,"****, FOUILLEUSE (AVENUE",,,Plein jour,En agglomération,Intersection en T,Normale,Deux véhicules - côté,,,,,,,,,,,1,2,3,1,3
201500039166,0015-10-16 12:20:00,15,10,16,12,20,920,63,"****, FOUILLEUSE (AVENUE",,,Plein jour,En agglomération,Intersection en T,Pluie légère,Sans collision,,,,,,,,,,,1,2,3,2,7
201500039167,0015-11-04 08:20:00,15,11,4,8,20,920,63,"****, RICHELIEU (PLACE)",,,Crépuscule ou aube,En agglomération,Hors intersection,Pluie légère,Deux véhicules - frontale,,,,,,,,,,,2,2,1,2,1
201500039168,0015-11-05 16:30:00,15,11,5,16,30,920,63,"196, MONTBRISON (RUE DU",,,Crépuscule ou aube,En agglomération,Intersection en X,Normale,Autre collision,,,,,,,,,,,2,2,2,1,6
201500039169,0015-11-05 18:10:00,15,11,5,18,10,920,63,"44, SOLFERINO (BOULEVARD",,,Nuit avec éclairage allumé,En agglomération,Hors intersection,Normale,Autre collision,,,,,,,,,,,5,2,1,1,6
201500039170,0015-11-06 09:05:00,15,11,6,9,5,920,63,"43, ALBERT 1ER (AVENUE)",,,Plein jour,En agglomération,Hors intersection,Normale,Deux véhicules - côté,,,,,,,,,,,1,2,1,1,3
201500039171,0015-11-12 09:00:00,15,11,12,9,0,920,63,"48, DOUMER (AVENUE PAUL)",,,Plein jour,En agglomération,Hors intersection,Normale,Autre collision,,,,,,,,,,,1,2,1,1,6
201500039172,0015-11-16 13:55:00,15,11,16,13,55,920,63,"****, FLOQUET (RUE CHARL",,,Plein jour,En agglomération,Intersection en T,Normale,Sans collision,,,,,,,,,,,1,2,3,1,7
201500039173,0015-11-19 18:00:00,15,11,19,18,0,920,63,"****, COLMAR (AVENUE DE)",,,Nuit avec éclairage allumé,En agglomération,Intersection en X,Normale,Autre collision,,,,,,,,,,,5,2,2,1,6
201500039174,0015-11-22 13:55:00,15,11,22,13,55,920,63,"382, BONAPARTE (AVENUE N",,,Plein jour,En agglomération,Hors intersection,Normale,Trois véhicules et plus - en chaîne,,,,,,,,,,,1,2,1,1,4
201500039175,0015-11-22 15:05:00,15,11,22,15,5,920,63,"02, RENAULT (PLACE)",,,Plein jour,En agglomération,Giratoire,Normale,Deux véhicules - côté,,,,,,,,,,,1,2,6,1,3
201500039176,0015-11-24 19:10:00,15,11,24,19,10,920,63,"****, COLMAR (AVENUE DE)",,,Nuit avec éclairage allumé,En agglomération,Intersection en X,Pluie forte,Deux véhicules - côté,,,,,,,,,,,5,2,2,3,3
201500039177,0015-11-24 21:35:00,15,11,24,21,35,920,63,"144, DOUMER (AVENUE PAUL",,,Nuit avec éclairage allumé,En agglomération,Hors intersection,Pluie légère,Autre collision,,,,,,,,,,,5,2,1,2,6
201500039178,0015-11-28 07:10:00,15,11,28,7,10,920,63,"230, DOUMER (AVENUE PAUL",,,Nuit avec éclairage allumé,En agglomération,Hors intersection,Normale,Trois véhicules et plus - collisions multiples,,,,,,,,,,,5,2,1,1,5
201500039179,0015-12-01 19:55:00,15,12,1,19,55,920,63,"****, DOUMER (AVENUE PAU",,,Nuit avec éclairage allumé,En agglomération,Intersection en T,Normale,Deux véhicules - côté,,,,,,,,,,,5,2,3,1,3
201500039180,0015-12-07 12:20:00,15,12,7,12,20,920,63,"28, POMPIDOU (AVENUE DU",,,Plein jour,En agglomération,Intersection en T,Normale,Deux véhicules - côté,,,,,,,,,,,1,2,3,1,3
201500039181,0015-12-08 11:20:00,15,12,8,11,20,920,63,"****, COLMAR (AVENUE DE)",,,Plein jour,En agglomération,Intersection en X,Normale,Deux véhicules - côté,,,,,,,,,,,1,2,2,1,3
201500039182,0015-12-08 19:45:00,15,12,8,19,45,920,63,"42 bis, DIX-HUIT JUIN 19",,,Nuit avec éclairage allumé,En agglomération,Hors intersection,Pluie légère,Deux véhicules - côté,,,,,,,,,,,5,2,1,2,3
201500039183,0015-12-09 08:20:00,15,12,9,8,20,920,63,"27, BONS RAISINS (RUE DE",,,Nuit avec éclairage allumé,En agglomération,Hors intersection,Normale,Autre collision,,,,,,,,,,,5,2,1,1,6
201500039184,0015-12-12 13:45:00,15,12,12,13,45,920,63,"10, DIX-HUIT JUIN 1940 (",,,Plein jour,En agglomération,Hors intersection,Normale,Trois véhicules et plus - en chaîne,,,,,,,,,,,1,2,1,1,4
201500039185,0015-12-15 17:05:00,15,12,15,17,5,920,63,"58, DIX-NEUF JANVIER (RU",,,Crépuscule ou aube,En agglomération,Hors intersection,Pluie légère,Autre collision,,,,,,,,,,,2,2,1,2,6
201500039186,0015-12-17 10:00:00,15,12,17,10,0,920,63,"****, DAGUERRE (RUE JACQ",,,Plein jour,En agglomération,Intersection en X,Normale,Autre collision,,,,,,,,,,,1,2,2,1,6
201500039187,0015-01-05 08:05:00,15,1,5,8,5,920,33,PORTE JAUNE,,,Crépuscule ou aube,En agglomération,Intersection en T,Temps couvert,Autre collision,,,,,,,,,,,2,2,3,8,6
201500039188,0015-01-05 09:50:00,15,1,5,9,50,920,64,"09, REPUBLIQUE",,,Plein jour,En agglomération,Hors intersection,Normale,Autre collision,,,,,,,,,,,1,2,1,1,6
201500039189,0015-01-08 09:20:00,15,1,8,9,20,920,64,"1756, MARCEL DASSAULT",,,Plein jour,En agglomération,Hors intersection,Normale,Trois véhicules et plus - collisions multiples,,,,,,,,,,,1,2,1,1,5
201500039190,0015-01-12 14:50:00,15,1,12,14,50,920,47,JARDY,,,Plein jour,En agglomération,Hors intersection,Normale,Deux véhicules - arrière,,,,,,,,,,,1,2,1,1,2
201500039191,0015-01-12 19:55:00,15,1,12,19,55,920,64,"25 BIS, MONT VALERIEN",,,Nuit avec éclairage allumé,En agglomération,Hors intersection,Normale,Autre collision,,,,,,,,,,,5,2,1,1,6
201500039192,0015-01-19 17:15:00,15,1,19,17,15,920,33,"06, REPUBLIQUE",,,Plein jour,En agglomération,Hors intersection,Normale,Autre collision,,,,,,,,,,,1,2,1,1,6
201500039193,0015-01-23 09:55:00,15,1,23,9,55,920,33,"6, ATHIME RUE",,,Plein jour,En agglomération,Hors intersection,Normale,Autre collision,,,,,,,,,,,1,2,1,1,6
201500039194,0015-01-26 09:30:00,15,1,26,9,30,920,64,"67, MARCEL DASSAULT",,,Plein jour,En agglomération,Hors intersection,Pluie légère,Deux véhicules - côté,,,,,,,,,,,1,2,1,2,3
201500039195,0015-01-28 19:25:00,15,1,28,19,25,920,64,"1, pont de saint-cloud",,,Nuit avec éclairage allumé,En agglomération,Hors intersection,Normale,Autre collision,,,,,,,,,,,5,2,1,1,6
201500039196,0015-01-30 20:15:00,15,1,30,20,15,920,33,GRANDE RUE,,,Nuit avec éclairage allumé,En agglomération,Hors intersection,Pluie légère,Sans collision,,,,,,,,,,,5,2,1,2,7