accident_id,datetime,annee,mois,jour,heure,minute,departement,commune_insee,adresse,latitude,longitude,luminosite,agglomeration,intersection,meteo,collision,nb_vehicules,nb_usagers,nb_indemnes,nb_tues,nb_blesses_hosp,nb_blesses_legers,age_cond_1,age_cond_2,veh_type_cond_1,veh_type_cond_2,lum_code,agg_code,int_code,atm_code,col_code
201500039197,0015-02-01 12:50:00,15,2,1,12,50,920,33,"64-66, COLONEL DE ROCHEB",,,Plein jour,En agglomération,Hors intersection,Normale,Autre collision,,,,,,,,,,,1,2,1,1,6
201500039198,0015-02-04 15:00:00,15,2,4,15,0,920,33,"11, CIVIALE",,,Plein jour,En agglomération,Hors intersection,Normale,Autre collision,,,,,,,,,,,1,2,1,1,6
201500039199,0015-02-14 13:00:00,15,2,14,13,0,920,33,151 R DE BUZENVAL,,,Plein jour,En agglomération,Hors intersection,Normale,Autre collision,,,,,,,,,,,1,2,1,1,6
201500039200,0015-02-15 07:30:00,15,2,15,7,30,920,64,103 AV DU MARECHAL FOCH,,,Crépuscule ou aube,En agglomération,Hors intersection,Normale,Autre collision,,,,,,,,,,,2,2,1,1,6
201500039201,0015-02-17 14:50:00,15,2,17,14,50,920,64,DAILLY,,,Plein jour,En agglomération,Hors intersection,Normale,Deux véhicules - côté,,,,,,,,,,,1,2,1,1,3
201500039202,0015-02-17 21:15:00,15,2,17,21,15,920,76,PUITS,,,Nuit avec éclairage allumé,En agglomération,Intersection en X,Normale,Deux véhicules - côté,,,,,,,,,,,5,2,2,1,3
201500039203,0015-02-19 09:45:00,15,2,19,9,45,920,64,DAILLY,,,Plein jour,En agglomération,Autre intersection,Normale,Deux véhicules - côté,,,,,,,,,,,1,2,9,1,3
201500039204,0015-03-02 09:20:00,15,3,2,9,20,920,64,"06 BIS, GOUNOD",,,Plein jour,En agglomération,Intersection en T,Normale,Deux véhicules - côté,,,,,,,,,,,1,2,3,1,3
201500039205,0015-03-03 07:50:00,15,3,3,7,50,920,64,"1, MAGENTA PLACE",,,Plein jour,En agglomération,Autre intersection,Normale,Deux véhicules - côté,,,,,,,,,,,1,2,9,1,3
201500039206,0015-03-04 07:35:00,15,3,4,7,35,920,64,MARCEL DASSAULT,,,Plein jour,En agglomération,Intersection en T,Normale,Deux véhicules - côté,,,,,,,,,,,1,2,3,1,3
201500039207,0015-03-10 16:45:00,15,3,10,16,45,920,64,"16, PASTEUR",,,Plein jour,En agglomération,Hors intersection,Pluie légère,Deux véhicules - côté,,,,,,,,,,,1,2,1,2,3
201500039208,0015-03-11 09:40:00,15,3,11,9,40,920,64,"106, REPUBLIQUE",,,Plein jour,En agglomération,Hors intersection,Normale,Deux véhicules - côté,,,,,,,,,,,1,2,1,1,3
201500039209,0015-03-13 09:00:00,15,3,13,9,0,920,33,LYAUTEY,,,Plein jour,En agglomération,Intersection en T,Normale,Deux véhicules - côté,,,,,,,,,,,1,2,3,1,3
201500039210,0015-03-16 21:00:00,15,3,16,21,0,920,33,"66, RAYMOND POINCARE",,,Nuit avec éclairage allumé,En agglomération,Hors intersection,Normale,Autre collision,,,,,,,,,,,5,2,1,1,6
201500039211,0015-03-20 18:55:00,15,3,20,18,55,920,64,"35, DAILLY",,,Plein jour,En agglomération,Hors intersection,Normale,Deux véhicules - arrière,,,,,,,,,,,1,2,1,1,2
201500039212,0015-03-26 08:12:00,15,3,26,8,12,920,64,"26, DAILLY",,,Plein jour,En agglomération,Hors intersection,Normale,Deux véhicules - côté,,,,,,,,,,,1,2,1,1,3
201500039213,0015-03-26 09:20:00,15,3,26,9,20,920,64,", ROUTE DE PARIS A VERSA",,,Plein jour,En agglomération,Hors intersection,Normale,Deux véhicules - côté,,,,,,,,,,,1,2,1,1,3
201500039214,0015-04-01 12:00:00,15,4,1,12,0,920,64,FRANCIS CHAVETON,,,Plein jour,En agglomération,Hors intersection,Normale,Deux véhicules - côté,,,,,,,,,,,1,2,1,1,3
201500039215,0015-04-03 19:00:00,15,4,3,19,0,920,64,LOUIS LOUCHEUR,,,Plein jour,En agglomération,Hors intersection,Pluie forte,Deux véhicules - arrière,,,,,,,,,,,1,2,1,3,2
201500039216,0015-04-11 13:20:00,15,4,11,13,20,920,33,"177, BUZENVAL",,,Plein jour,En agglomération,Autre intersection,Normale,Deux véhicules - côté,,,,,,,,,,,1,2,9,1,3
201500039217,0015-04-12 15:15:00,15,4,12,15,15,920,76,JARDY,,,Plein jour,En agglomération,Intersection en X,Normale,Deux véhicules - côté,,,,,,,,,,,1,2,2,1,3
201500039218,0015-04-13 06:35:00,15,4,13,6,35,920,76,CAZES,,,Crépuscule ou aube,En agglomération,Autre intersection,Normale,Deux véhicules - arrière,,,,,,,,,,,2,2,9,1,2
201500039219,0015-04-13 19:40:00,15,4,13,19,40,920,64,HENRI REGNAULT,,,Plein jour,En agglomération,Intersection en T,Normale,Autre collision,,,,,,,,,,,1,2,3,1,6
201500039220,0015-04-15 12:30:00,15,4,15,12,30,920,64,MARECHAL FOCH,,,Plein jour,En agglomération,Intersection en T,Normale,Sans collision,,,,,,,,,,,1,2,3,1,7
201500039221,0015-04-20 17:00:00,15,4,20,17,0,920,64,"75, REPUBLIQUE",,,Plein jour,En agglomération,Intersection en T,Normale,Autre collision,,,,,,,,,,,1,2,3,1,6
201500039222,0015-05-04 19:10:00,15,5,4,19,10,920,64,"14, SILLY",,,Plein jour,En agglomération,Hors intersection,Pluie légère,Sans collision,,,,,,,,,,,1,2,1,2,7
201500039223,0015-05-05 12:40:00,15,5,5,12,40,920,64,"148, REPUBLIQUE",,,Plein jour,En agglomération,Intersection en X,Normale,Deux véhicules - côté,,,,,,,,,,,1,2,2,1,3
201500039224,0015-05-07 10:10:00,15,5,7,10,10,920,64,"96, MARECHAL FOCH",,,Plein jour,En agglomération,Hors intersection,Normale,Autre collision,,,,,,,,,,,1,2,1,1,6
201500039225,0015-05-08 15:40:00,15,5,8,15,40,920,64,GENERAL LECLERC,,,Plein jour,En agglomération,Hors intersection,Normale,Deux véhicules - côté,,,,,,,,,,,1,2,1,1,3
201500039226,0015-05-10 15:00:00,15,5,10,15,0,920,64,"89, MARECHAL FOCH",,,Plein jour,En agglomération,Hors intersection,Normale,Autre collision,,,,,,,,,,,1,2,1,1,6
201500039227,0015-05-11 15:50:00,15,5,11,15,50,920,33,"13bis, PORTE JAUNE",,,Plein jour,En agglomération,Autre intersection,Normale,Deux véhicules - côté,,,,,,,,,,,1,2,9,1,3
201500039228,0015-05-11 19:45:00,15,5,11,19,45,920,64,PARC SAINT CLOUD,,,Plein jour,En agglomération,Autre intersection,Normale,Sans collision,,,,,,,,,,,1,2,9,1,7
201500039229,0015-05-16 13:10:00,15,5,16,13,10,920,64,"56, GOUNOD",,,Plein jour,En agglomération,Hors intersection,Temps couvert,Autre collision,,,,,,,,,,,1,2,1,8,6
201500039230,0015-05-20 12:10:00,15,5,20,12,10,920,33,DIX NEUF JANVIER,,,Plein jour,En agglomération,Intersection en X,Pluie légère,Deux véhicules - côté,,,,,,,,,,,1,2,2,2,3
201500039231,0015-05-26 09:30:00,15,5,26,9,30,920,33,"78, RAYMOND POINCARE",,,Plein jour,En agglomération,Hors intersection,Normale,Deux véhicules - arrière,,,,,,,,,,,1,2,1,1,2
201500039232,0015-05-30 01:55:00,15,5,30,1,55,920,64,MARECHAL JUIN,,,Nuit sans éclairage public,En agglomération,Hors intersection,Pluie légère,Sans collision,,,,,,,,,,,3,2,1,2,7
201500039233,0015-05-31 18:45:00,15,5,31,18,45,920,64,"64, REPUBLIQUE",,,Plein jour,En agglomération,Hors intersection,Pluie légère,Autre collision,,,,,,,,,,,1,2,1,2,6
201500039234,0015-06-05 16:15:00,15,6,5,16,15,920,64,PARC SAINT CLOUD,,,Plein jour,Hors agglomération,Hors intersection,Normale,Deux véhicules - frontale,,,,,,,,,,,1,1,1,1,1
201500039235,0015-06-11 09:15:00,15,6,11,9,15,920,64,"03, D'ORLEANS",,,Plein jour,En agglomération,Hors intersection,Normale,Deux véhicules - côté,,,,,,,,,,,1,2,1,1,3
201500039236,0015-06-11 13:40:00,15,6,11,13,40,920,64,"11, DAILLY",,,Plein jour,En agglomération,Hors intersection,Normale,Autre collision,,,,,,,,,,,1,2,1,1,6
201500039237,0015-06-15 22:58:00,15,6,15,22,58,920,64,", MARECHAL JUIN",,,Nuit avec éclairage allumé,En agglomération,Hors intersection,Normale,Deux véhicules - frontale,,,,,,,,,,,5,2,1,1,1
201500039238,0015-06-17 16:30:00,15,6,17,16,30,920,76,"6, GARCHES",,,Plein jour,En agglomération,Hors intersection,Normale,Trois véhicules et plus - collisions multiples,,,,,,,,,,,1,2,1,1,5
201500039239,0015-06-19 05:50:00,15,6,19,5,50,920,64,LOUIS LOUCHEUR,,,Crépuscule ou aube,En agglomération,Hors intersection,Normale,Autre collision,,,,,,,,,,,2,2,1,1,6
201500039240,0015-06-23 21:00:00,15,6,23,21,0,920,33,"104, RAYMOND POINCARE",,,Plein jour,En agglomération,Hors intersection,Normale,Deux véhicules - côté,,,,,,,,,,,1,2,1,1,3
201500039241,0015-06-23 16:00:00,15,6,23,16,0,920,64,"140, REPUBLIQUE",,,Plein jour,En agglomération,Hors intersection,Normale,Autre collision,,,,,,,,,,,1,2,1,1,6
201500039242,0015-06-25 11:30:00,15,6,25,11,30,920,64,"10, ALEXANDRE COUTUREAU",,,Plein jour,En agglomération,Hors intersection,Normale,Autre collision,,,,,,,,,,,1,2,1,1,6
201500039243,0015-06-27 12:40:00,15,6,27,12,40,920,64,"17, DAILLY",,,Plein jour,En agglomération,Hors intersection,Normale,Autre collision,,,,,,,,,,,1,2,1,1,6
201500039244,0015-07-02 01:00:00,15,7,2,1,0,920,64,"26, FRANCIS CHAVETON",,,Nuit avec éclairage allumé,En agglomération,Hors intersection,Normale,Autre collision,,,,,,,,,,,5,2,1,1,6
201500039245,0015-07-02 21:50:00,15,7,2,21,50,920,64,", ROUTE DE PARIS A VERSA",,,Nuit avec éclairage allumé,Hors agglomération,Hors intersection,Normale,Deux véhicules - arrière,,,,,,,,,,,5,1,1,1,2
201500039246,0015-07-06 10:00:00,15,7,6,10,0,920,33,"4TER, GENERAL DE GAULLE",,,Plein jour,En agglomération,Hors intersection,Normale,Sans collision,,,,,,,,,,,1,2,1,1,7
201500039247,0015-07-08 17:30:00,15,7,8,17,30,920,64,"70, SENARD",,,Plein jour,En agglomération,Hors intersection,Normale,Deux véhicules - côté,,,,,,,,,,,1,2,1,1,3
201500039248,0015-07-09 10:20:00,15,7,9,10,20,920,47,JARDY,,,Plein jour,Hors agglomération,Hors intersection,Normale,Deux véhicules - côté,,,,,,,,,,,1,1,1,1,3
201500039249,0015-07-29 11:20:00,15,7,29,11,20,920,64,"140, REPUBLIQUE",,,Plein jour,En agglomération,Hors intersection,Normale,Autre collision,,,,,,,,,,,1,2,1,1,6
201500039250,0015-08-01 19:05:00,15,8,1,19,5,920,33,"117, BUZENVAL",,,Plein jour,En agglomération,Hors intersection,Normale,Deux véhicules - côté,,,,,,,,,,,1,2,1,1,3
201500039251,0015-08-05 18:06:00,15,8,5,18,6,920,64,"31, CARNOT",,,Plein jour,En agglomération,Hors intersection,Normale,Trois véhicules et plus - en chaîne,,,,,,,,,,,1,2,1,1,4
201500039252,0015-08-10 13:50:00,15,8,10,13,50,920,33,"153, BUZENVAL",,,Plein jour,En agglomération,Hors intersection,Normale,Deux véhicules - côté,,,,,,,,,,,1,2,1,1,3
201500039253,0015-08-13 23:00:00,15,8,13,23,0,920,33,"23, PORTE JAUNE",,,Nuit avec éclairage allumé,En agglomération,Hors intersection,Pluie légère,Sans collision,,,,,,,,,,,5,2,1,2,7
201500039254,0015-08-15 07:15:00,15,8,15,7,15,920,64,"84, SENARD",,,Plein jour,En agglomération,Hors intersection,Normale,Autre collision,,,,,,,,,,,1,2,1,1,6
201500039255,0015-08-21 12:10:00,15,8,21,12,10,920,64,"30, PASTEUR",,,Plein jour,En agglomération,Autre intersection,Normale,Deux véhicules - côté,,,,,,,,,,,1,2,9,1,3
201500039256,0015-08-22 17:40:00,15,8,22,17,40,920,64,"28, ANDRE CHEVRILLON",,,Plein jour,En agglomération,Hors intersection,Normale,Sans collision,,,,,,,,,,,1,2,1,1,7
201500039257,0015-08-31 15:30:00,15,8,31,15,30,920,64,"31, CALVAIRE",,,Plein jour,En agglomération,Hors intersection,Normale,Autre collision,,,,,,,,,,,1,2,1,1,6
201500039258,0015-08-31 21:00:00,15,8,31,21,0,920,33,"80, RAYMOND POINCARE",,,Nuit avec éclairage allumé,En agglomération,Hors intersection,Normale,Sans collision,,,,,,,,,,,5,2,1,1,7
201500039259,0015-09-01 18:30:00,15,9,1,18,30,920,47,"35, JARDY",,,Plein jour,Hors agglomération,Hors intersection,Normale,Deux véhicules - côté,,,,,,,,,,,1,1,1,1,3
201500039260,0015-09-03 14:10:00,15,9,3,14,10,920,64,"7210, MARECHAL JUIN",,,Plein jour,En agglomération,Hors intersection,Normale,Deux véhicules - arrière,,,,,,,,,,,1,2,1,1,2
201500039261,0015-09-08 16:40:00,15,9,8,16,40,920,64,"66, MARCEL DASSAULT",,,Plein jour,En agglomération,Hors intersection,Normale,Deux véhicules - côté,,,,,,,,,,,1,2,1,1,3
201500039262,0015-09-10 10:30:00,15,9,10,10,30,920,64,"54, REPUBLIQUE",,,Plein jour,En agglomération,Hors intersection,Normale,Autre collision,,,,,,,,,,,1,2,1,1,6
201500039263,0015-09-12 14:10:00,15,9,12,14,10,920,64,"41, PASTEUR",,,Plein jour,En agglomération,Hors intersection,Pluie légère,Deux véhicules - arrière,,,,,,,,,,,1,2,1,2,2
201500039264,0015-09-12 15:00:00,15,9,12,15,0,920,64,"2, VILLES JUMELLEES",,,Plein jour,En agglomération,Hors intersection,Temps couvert,Autre collision,,,,,,,,,,,1,2,1,8,6
201500039265,0015-09-30 09:55:00,15,9,30,9,55,920,64,"61, MARCEL DASSAULT",,,Plein jour,En agglomération,Hors intersection,Normale,Autre collision,,,,,,,,,,,1,2,1,1,6
201500039266,0015-09-30 20:35:00,15,9,30,20,35,920,64,"69, MARCEL DASSAULT",,,Nuit avec éclairage allumé,En agglomération,Hors intersection,Normale,Deux véhicules - arrière,,,,,,,,,,,5,2,1,1,2
201500039267,0015-10-02 15:45:00,15,10,2,15,45,920,76,"59, PUITS",,,Plein jour,En agglomération,Intersection en X,Normale,Deux véhicules - arrière,,,,,,,,,,,1,2,2,1,2
201500039268,0015-10-02 16:30:00,15,10,2,16,30,920,64,"84, REPUBLIQUE",,,Plein jour,En agglomération,Hors intersection,Normale,Autre collision,,,,,,,,,,,1,2,1,1,6
201500039269,0015-10-02 18:15:00,15,10,2,18,15,920,76,"59, REPUBLIQUE",,,Plein jour,En agglomération,Hors intersection,Normale,Autre collision,,,,,,,,,,,1,2,1,1,6
201500039270,0015-10-05 20:15:00,15,10,5,20,15,920,64,"2355, MARCEL DASSAULT",,,Nuit avec éclairage allumé,En agglomération,Hors intersection,Pluie légère,Deux véhicules - arrière,,,,,,,,,,,5,2,1,2,2
201500039271,0015-10-06 18:20:00,15,10,6,18,20,920,64,"3, LOUIS LOUCHEUR",,,Plein jour,En agglomération,Autre intersection,Normale,Autre collision,,,,,,,,,,,1,2,9,1,6
201500039272,0015-10-07 16:00:00,15,10,7,16,0,920,64,"33, CARNOT",,,Plein jour,En agglomération,Hors intersection,Normale,Autre collision,,,,,,,,,,,1,2,1,1,6
201500039273,0015-10-09 15:30:00,15,10,9,15,30,920,64,"1, MARECHAL JUIN",,,Plein jour,En agglomération,Hors intersection,Normale,Sans collision,,,,,,,,,,,1,2,1,1,7
201500039274,0015-10-11 17:50:00,15,10,11,17,50,920,64,"1bis, GENERAL LECLERC",,,Crépuscule ou aube,En agglomération,Intersection en X,Normale,Deux véhicules - côté,,,,,,,,,,,2,2,2,1,3
201500039275,0015-10-16 08:55:00,15,10,16,8,55,920,64,"1, MONTRETOUT",,,Plein jour,En agglomération,Intersection en T,Pluie légère,Deux véhicules - côté,,,,,,,,,,,1,2,3,2,3
201500039276,0015-10-21 20:15:00,15,10,21,20,15,920,33,"168, GENERAL DE GAULLE",,,Nuit avec éclairage allumé,En agglomération,Hors intersection,Pluie légère,Sans collision,,,,,,,,,,,5,2,1,2,7
201500039277,0015-10-22 22:00:00,15,10,22,22,0,920,76,JARDY,,,Nuit avec éclairage allumé,En agglomération,Hors intersection,Pluie légère,Deux véhicules - côté,,,,,,,,,,,5,2,1,2,3
201500039278,0015-10-27 18:30:00,15,10,27,18,30,920,64,"101, BUZENVAL",,,Crépuscule ou aube,En agglomération,Hors intersection,Normale,Autre collision,,,,,,,,,,,2,2,1,1,6
201500039279,0015-10-28 19:00:00,15,10,28,19,0,920,64,MAGENTA PLACE,,,Nuit avec éclairage allumé,En agglomération,Giratoire,Normale,Deux véhicules - côté,,,,,,,,,,,5,2,6,1,3
201500039280,0015-10-29 19:30:00,15,10,29,19,30,920,76,JARDY,,,Nuit avec éclairage allumé,En agglomération,Hors intersection,Normale,Trois véhicules et plus - en chaîne,,,,,,,,,,,5,2,1,1,4
201500039281,0015-10-30 09:15:00,15,10,30,9,15,920,64,"38, DAILLY",,,Plein jour,En agglomération,Hors intersection,Normale,Autre collision,,,,,,,,,,,1,2,1,1,6
201500039282,0015-11-04 18:50:00,15,11,4,18,50,920,64,"16, MONT VALERIEN",,,Nuit avec éclairage allumé,En agglomération,Hors intersection,Normale,Autre collision,,,,,,,,,,,5,2,1,1,6
201500039283,0015-11-08 17:05:00,15,11,8,17,5,920,64,"1521, MARCEL DASSAULT",,,Nuit avec éclairage allumé,En agglomération,Hors intersection,Normale,Trois véhicules et plus - collisions multiples,,,,,,,,,,,5,2,1,1,5
201500039284,0015-11-10 09:50:00,15,11,10,9,50,920,64,"29, MONT VALERIEN",,,Plein jour,En agglomération,Hors intersection,Normale,Deux véhicules - frontale,,,,,,,,,,,1,2,1,1,1
201500039285,0015-11-10 14:30:00,15,11,10,14,30,920,64,"1655, MARCEL DASSAULT",,,Plein jour,En agglomération,Hors intersection,Normale,Autre collision,,,,,,,,,,,1,2,1,1,6
201500039286,0015-11-10 18:00:00,15,11,10,18,0,920,76,"1, NAPOLEON III",,,Nuit avec éclairage allumé,En agglomération,Hors intersection,Normale,Deux véhicules - arrière,,,,,,,,,,,5,2,1,1,2
201500039287,0015-11-15 10:15:00,15,11,15,10,15,920,64,"15, GATE - CEPS",,,Plein jour,En agglomération,Hors intersection,Normale,Autre collision,,,,,,,,,,,1,2,1,1,6
201500039288,0015-11-16 13:40:00,15,11,16,13,40,920,64,GENERAL LECLERC,,,Plein jour,Hors agglomération,Hors intersection,Normale,Deux véhicules - côté,,,,,,,,,,,1,1,1,1,3
201500039289,0015-11-18 08:30:00,15,11,18,8,30,920,33,", DIX NEUF JANVIER",,,Plein jour,En agglomération,Hors intersection,Normale,Deux véhicules - côté,,,,,,,,,,,1,2,1,1,3
201500039290,0015-11-19 15:05:00,15,11,19,15,5,920,33,"78, COLONEL DE ROCHEBRUN",,,Plein jour,En agglomération,Hors intersection,Normale,Deux véhicules - côté,,,,,,,,,,,1,2,1,1,3
201500039291,0015-11-22 11:40:00,15,11,22,11,40,920,33,"02, SUISSES",,,Plein jour,En agglomération,Hors intersection,Normale,Autre collision,,,,,,,,,,,1,2,1,1,6
201500039292,0015-11-23 07:35:00,15,11,23,7,35,920,64,"06, DAILLY",,,Nuit avec éclairage allumé,En agglomération,Hors intersection,Normale,Autre collision,,,,,,,,,,,5,2,1,1,6
201500039293,0015-11-23 18:25:00,15,11,23,18,25,920,33,"04, DOCTEUR DEBAT",,,Nuit avec éclairage allumé,En agglomération,Intersection en T,Normale,Autre collision,,,,,,,,,,,5,2,3,1,6
201500039294,0015-11-26 07:45:00,15,11,26,7,45,920,33,"129, BUZENVAL",,,Plein jour,En agglomération,Hors intersection,Normale,Autre collision,,,,,,,,,,,1,2,1,1,6
201500039295,0015-11-28 09:05:00,15,11,28,9,5,920,76,PUITS,,,Plein jour,En agglomération,Intersection en T,Normale,Trois véhicules et plus - collisions multiples,,,,,,,,,,,1,2,3,1,5
201500039296,0015-12-04 07:55:00,15,12,4,7,55,920,47,JARDY,,,Plein jour,En agglomération,Intersection en T,Normale,Deux véhicules - côté,,,,,,,,,,,1,2,3,1,3
201500039297,0015-12-04 15:05:00,15,12,4,15,5,920,33,"20, GAUDONNES",,,Plein jour,En agglomération,Hors intersection,Normale,Autre collision,,,,,,,,,,,1,2,1,1,6
201500039298,0015-12-08 18:40:00,15,12,8,18,40,920,64,VAL D' OR,,,Nuit avec éclairage allumé,En agglomération,Intersection en X,Pluie forte,Trois véhicules et plus - collisions multiples,,,,,,,,,,,5,2,2,3,5
201500039299,0015-12-08 20:30:00,15,12,8,20,30,920,64,REPUBLIQUE,,,Nuit avec éclairage allumé,En agglomération,Intersection en X,Pluie légère,Deux véhicules - côté,,,,,,,,,,,5,2,2,2,3
201500039300,0015-12-14 08:25:00,15,12,14,8,25,920,64,"0, CARNOT",,,Plein jour,En agglomération,Intersection en T,Normale,Deux véhicules - arrière,,,,,,,,,,,1,2,3,1,2
201500039301,0015-12-14 10:35:00,15,12,14,10,35,920,64,"02, DAILLY",,,Plein jour,En agglomération,Hors intersection,Normale,Deux véhicules - arrière,,,,,,,,,,,1,2,1,1,2
201500039302,0015-12-15 16:35:00,15,12,15,16,35,920,64,"83, GARCHES",,,Plein jour,En agglomération,Hors intersection,Normale,Sans collision,,,,,,,,,,,1,2,1,1,7
201500039303,0015-12-16 13:25:00,15,12,16,13,25,920,76,"55, PUITS",,,Plein jour,En agglomération,Hors intersection,Normale,Deux véhicules - côté,,,,,,,,,,,1,2,1,1,3
201500039304,0015-12-20 15:10:00,15,12,20,15,10,920,64,"178, PORTE JAUNE",,,Plein jour,En agglomération,Hors intersection,Normale,Deux véhicules - côté,,,,,,,,,,,1,2,1,1,3
201500039305,0015-12-20 22:50:00,15,12,20,22,50,920,76,"03, BOIS DES DAMES",,,Nuit avec éclairage allumé,En agglomération,Hors intersection,Pluie légère,Sans collision,,,,,,,,,,,5,2,1,2,7
201500039306,0015-12-23 06:40:00,15,12,23,6,40,920,76,REPUBLIQUE,,,Crépuscule ou aube,En agglomération,Hors intersection,Pluie légère,Sans collision,,,,,,,,,,,2,2,1,2,7
201500039307,0015-12-25 17:50:00,15,12,25,17,50,920,64,"78, MARCEL DASSAULT",,,Nuit avec éclairage allumé,En agglomération,Hors intersection,Normale,Trois véhicules et plus - collisions multiples,,,,,,,,,,,5,2,1,1,5
201500039308,0015-12-27 05:45:00,15,12,27,5,45,920,76,JARDY,,,Nuit avec éclairage allumé,En agglomération,Hors intersection,Normale,Autre collision,,,,,,,,,,,5,2,1,1,6
201500039309,0015-12-30 16:20:00,15,12,30,16,20,920,22,"144, SALENGRO (AVENUE RO",,,Plein jour,En agglomération,Hors intersection,Normale,Deux véhicules - arrière,,,,,,,,,,,1,2,1,1,2
201500039310,0015-12-31 00:02:00,15,12,31,0,2,920,72,"56, MONESSE (RUE DE LA)",,,Nuit avec éclairage allumé,En agglomération,Hors intersection,Pluie légère,Deux véhicules - arrière,,,,,,,,,,,5,2,1,2,2
201500039311,0015-01-03 13:30:00,15,1,3,13,30,920,72,"., SEVRES (PONT DE)",,,Plein jour,En agglomération,Hors intersection,Pluie légère,Autre collision,,,,,,,,,,,1,2,1,2,6
201500039312,0015-01-10 16:55:00,15,1,10,16,55,920,22,"826, SALENGRO (AVENUE RO",,,Plein jour,En agglomération,Hors intersection,Pluie légère,Deux véhicules - côté,,,,,,,,,,,1,2,1,2,3
201500039313,0015-01-15 07:20:00,15,1,15,7,20,920,22,"., RESISTANCE (AVENUE DE",,,Crépuscule ou aube,En agglomération,Intersection en X,Normale,Autre collision,,,,,,,,,,,2,2,2,1,6
201500039314,0015-01-19 09:00:00,15,1,19,9,0,920,72,"80, VILLE D'AVRAY (RUE D",,,Plein jour,En agglomération,Hors intersection,Normale,Sans collision,,,,,,,,,,,1,2,1,1,7
201500039315,0015-01-22 12:45:00,15,1,22,12,45,920,72,"82, GRANDE RUE",,,Plein jour,En agglomération,Hors intersection,Normale,Autre collision,,,,,,,,,,,1,2,1,1,6
201500039316,0015-01-26 19:00:00,15,1,26,19,0,920,77,"22, VERSAILLES (RUE DE)",,,Nuit avec éclairage allumé,En agglomération,Hors intersection,Pluie légère,Autre collision,,,,,,,,,,,5,2,1,2,6
201500039317,0015-02-02 18:05:00,15,2,2,18,5,920,77,"179, VERSAILLES (RUE DE)",,,Nuit avec éclairage allumé,En agglomération,Hors intersection,Normale,Deux véhicules - arrière,,,,,,,,,,,5,2,1,1,2
201500039318,0015-02-04 11:30:00,15,2,4,11,30,920,72,"34, TROYON (RUE)",,,Plein jour,En agglomération,Hors intersection,Normale,Deux véhicules - côté,,,,,,,,,,,1,2,1,1,3
201500039319,0015-02-09 08:50:00,15,2,9,8,50,920,22,"., PERE-KOMITAS (RUE)",,,Plein jour,En agglomération,Intersection en X,Normale,Autre collision,,,,,,,,,,,1,2,2,1,6
201500039320,0015-02-14 18:35:00,15,2,14,18,35,920,72,SEVRES (PONT DE),,,Crépuscule ou aube,En agglomération,Hors intersection,Pluie légère,Autre collision,,,,,,,,,,,2,2,1,2,6
201500039321,0015-03-02 08:00:00,15,3,2,8,0,920,77,DESVALLIERES (CHEMIN),,,Crépuscule ou aube,En agglomération,Hors intersection,Normale,Sans collision,,,,,,,,,,,2,2,1,1,7
201500039322,0015-03-02 13:50:00,15,3,2,13,50,920,72,"28, PAVE DES GARDES (ROU",,,Plein jour,En agglomération,Hors intersection,Normale,Deux véhicules - arrière,,,,,,,,,,,1,2,1,1,2
201500039323,0015-03-11 12:30:00,15,3,11,12,30,920,72,"., CHEVIRON (RUE DU PARC",,,Plein jour,En agglomération,Hors intersection,Normale,Autre collision,,,,,,,,,,,1,2,1,1,6
201500039324,0015-03-14 00:10:00,15,3,14,0,10,920,77,ST CLOUD (RUE DE),,,Nuit avec éclairage allumé,En agglomération,Hors intersection,Normale,Autre collision,,,,,,,,,,,5,2,1,1,6
201500039325,0015-03-22 04:15:00,15,3,22,4,15,920,22,"., PAVE DES GARDES (ROUT",,,Nuit avec éclairage allumé,En agglomération,Hors intersection,Temps couvert,Sans collision,,,,,,,,,,,5,2,1,8,7
201500039326,0015-03-24 20:45:00,15,3,24,20,45,920,77,"., VERSAILLES (RUE DE)",,,Nuit avec éclairage allumé,En agglomération,Intersection en X,Pluie légère,Autre collision,,,,,,,,,,,5,2,2,2,6
201500039327,0015-04-14 17:40:00,15,4,14,17,40,920,22,"., SALENGRO (AVENUE ROGE",,,Plein jour,En agglomération,Intersection en X,Normale,Deux véhicules - côté,,,,,,,,,,,1,2,2,1,3
201500039328,0015-04-16 12:45:00,15,4,16,12,45,920,72,"., EUROPE (AVENUE DE L')",,,Plein jour,En agglomération,Intersection en T,Normale,Deux véhicules - côté,,,,,,,,,,,1,2,3,1,3
201500039329,0015-04-18 21:55:00,15,4,18,21,55,920,72,"01, GRANDE RUE",,,Plein jour,En agglomération,Hors intersection,Normale,Autre collision,,,,,,,,,,,1,2,1,1,6
201500039330,0015-04-21 16:10:00,15,4,21,16,10,920,72,"., BRUYERES (CARREFOUR D",,,Crépuscule ou aube,En agglomération,Hors intersection,Normale,Autre collision,,,,,,,,,,,2,2,1,1,6
201500039331,0015-04-23 11:50:00,15,4,23,11,50,920,22,"04, PAVE DES GARDES (ROU",,,Plein jour,En agglomération,Hors intersection,Normale,Autre collision,,,,,,,,,,,1,2,1,1,6
201500039332,0015-05-04 18:10:00,15,5,4,18,10,920,72,"01, GRANDE RUE",,,Plein jour,En agglomération,Hors intersection,Pluie légère,Autre collision,,,,,,,,,,,1,2,1,2,6
201500039333,0015-05-10 10:30:00,15,5,10,10,30,920,22,"., PAVE DES GARDES (ROUT",,,Plein jour,En agglomération,Intersection en T,Normale,Deux véhicules - côté,,,,,,,,,,,1,2,3,1,3