accident_id,datetime,annee,mois,jour,heure,minute,departement,commune_insee,adresse,latitude,longitude,luminosite,agglomeration,intersection,meteo,collision,nb_vehicules,nb_usagers,nb_indemnes,nb_tues,nb_blesses_hosp,nb_blesses_legers,age_cond_1,age_cond_2,veh_type_cond_1,veh_type_cond_2,lum_code,agg_code,int_code,atm_code,col_code
201500039731,0015-02-20 08:50:00,15,2,20,8,50,930,5,JACQUES DUCLOS [CD44] (R,,,Plein jour,En agglomération,Hors intersection,Pluie légère,Autre collision,,,,,,,,,,,1,2,1,2,6
201500039732,0015-02-21 21:45:00,15,2,21,21,45,930,5,JACQUES DUCLOS [CD44] (R,,,Nuit avec éclairage allumé,En agglomération,Hors intersection,Normale,Deux véhicules - côté,,,,,,,,,,,5,2,1,1,3
201500039733,0015-02-24 07:50:00,15,2,24,7,50,930,5,PREFET CHALEIL (CD44) (R,,,Plein jour,En agglomération,Hors intersection,Normale,Autre collision,,,,,,,,,,,1,2,1,1,6
201500039734,0015-02-24 20:30:00,15,2,24,20,30,930,5,MOULIN A VENT (RUE DU),,,Nuit avec éclairage allumé,En agglomération,Intersection en X,Normale,Deux véhicules - arrière,,,,,,,,,,,5,2,2,1,2
201500039735,0015-02-24 20:30:00,15,2,24,20,30,930,5,MITRY [CD115] (ROUTE DE),,,Nuit avec éclairage allumé,En agglomération,Hors intersection,Normale,Autre collision,,,,,,,,,,,5,2,1,1,6
201500039736,0015-02-27 01:15:00,15,2,27,1,15,930,5,RAOUL DUFY (AVENUE),,,Nuit sans éclairage public,En agglomération,Autre intersection,Pluie légère,Autre collision,,,,,,,,,,,3,2,9,2,6
201500039737,0015-03-04 15:30:00,15,3,4,15,30,930,5,"29, LEFEVRE (BOULEVARD)",,,Plein jour,En agglomération,Hors intersection,Normale,Deux véhicules - frontale,,,,,,,,,,,1,2,1,1,1
201500039738,0015-03-12 11:10:00,15,3,12,11,10,930,5,RAOUL DUFY (AVENUE),,,Plein jour,En agglomération,Intersection en T,Normale,Autre collision,,,,,,,,,,,1,2,3,1,6
201500039739,0015-03-16 16:20:00,15,3,16,16,20,930,5,SALVADOR ALLENDE (COURS),,,Plein jour,En agglomération,Intersection en X,Normale,Autre collision,,,,,,,,,,,1,2,2,1,6
201500039740,0015-03-22 12:35:00,15,3,22,12,35,930,5,GEORGES BRAQUE (BOULEVAR,,,Plein jour,En agglomération,Hors intersection,Normale,Trois véhicules et plus - en chaîne,,,,,,,,,,,1,2,1,1,4
201500039741,0015-03-23 00:30:00,15,3,23,0,30,930,5,JEAN CHARCOT [CD115] (RU,,,Nuit avec éclairage allumé,En agglomération,Hors intersection,Normale,Deux véhicules - côté,,,,,,,,,,,5,2,1,1,3
201500039742,0015-03-23 14:00:00,15,3,23,14,0,930,5,"15, JACQUES DUCLOS [CD44",,,Plein jour,En agglomération,Hors intersection,Normale,Deux véhicules - côté,,,,,,,,,,,1,2,1,1,3
201500039743,0015-03-23 19:10:00,15,3,23,19,10,930,5,EDGAR DEGAS (RUE),,,Crépuscule ou aube,En agglomération,Autre intersection,Normale,Autre collision,,,,,,,,,,,2,2,9,1,6
201500039744,0015-03-24 22:00:00,15,3,24,22,0,930,5,JACQUES DUCLOS [CD44] (R,,,Crépuscule ou aube,En agglomération,Hors intersection,Pluie légère,Deux véhicules - frontale,,,,,,,,,,,2,2,1,2,1
201500039745,0015-03-26 11:50:00,15,3,26,11,50,930,5,"25, ARTHUR CHEVALIER (RU",,,Plein jour,En agglomération,Hors intersection,Pluie légère,Autre collision,,,,,,,,,,,1,2,1,2,6
201500039746,0015-03-27 06:20:00,15,3,27,6,20,930,5,PAUL CEZANNE (RUE),,,Plein jour,En agglomération,Hors intersection,Normale,Autre collision,,,,,,,,,,,1,2,1,1,6
201500039747,0015-03-27 16:20:00,15,3,27,16,20,930,5,RAOUL DUFY (AVENUE),,,Plein jour,En agglomération,Hors intersection,Normale,Deux véhicules - arrière,,,,,,,,,,,1,2,1,1,2
201500039748,0015-03-28 14:30:00,15,3,28,14,30,930,5,"19, MOULIN DE LA VILLE (",,,Plein jour,En agglomération,Hors intersection,Normale,Autre collision,,,,,,,,,,,1,2,1,1,6
201500039749,0015-03-29 19:20:00,15,3,29,19,20,930,5,", EUROPE (CARREFOUR DE L",,,Crépuscule ou aube,Hors agglomération,Hors intersection,Pluie légère,Deux véhicules - arrière,,,,,,,,,,,2,1,1,2,2
201500039750,0015-03-30 16:25:00,15,3,30,16,25,930,5,"46, MOULIN DE LA VILLE (",,,Plein jour,En agglomération,Hors intersection,Normale,Autre collision,,,,,,,,,,,1,2,1,1,6
201500039751,0015-04-02 12:20:00,15,4,2,12,20,930,5,ANDRE CITROEN (BOULEVARD,,,Plein jour,En agglomération,Autre intersection,Pluie légère,Deux véhicules - côté,,,,,,,,,,,1,2,9,2,3
201500039752,0015-04-11 09:17:00,15,4,11,9,17,930,5,JACQUES DUCLOS [CD44] (R,,,Plein jour,En agglomération,Hors intersection,Normale,Autre collision,,,,,,,,,,,1,2,1,1,6
201500039753,0015-04-13 15:00:00,15,4,13,15,0,930,5,MARC CHAGALL (BOULEVARD),,,Plein jour,En agglomération,Hors intersection,Normale,Trois véhicules et plus - collisions multiples,,,,,,,,,,,1,2,1,1,5
201500039754,0015-04-14 20:45:00,15,4,14,20,45,930,5,GEORGES BRAQUE (BOULEVAR,,,Crépuscule ou aube,En agglomération,Hors intersection,Normale,Autre collision,,,,,,,,,,,2,2,1,1,6
201500039755,0015-04-15 09:00:00,15,4,15,9,0,930,5,PREFET CHALEIL (CD44) (R,,,Plein jour,En agglomération,Intersection en T,Normale,Deux véhicules - côté,,,,,,,,,,,1,2,3,1,3
201500039756,0015-04-27 15:40:00,15,4,27,15,40,930,5,EDGAR DEGAS (RUE),,,Plein jour,En agglomération,Hors intersection,Normale,Autre collision,,,,,,,,,,,1,2,1,1,6
201500039757,0015-04-28 19:40:00,15,4,28,19,40,930,5,PAUL CEZANNE (RUE),,,Plein jour,En agglomération,Hors intersection,Normale,Deux véhicules - arrière,,,,,,,,,,,1,2,1,1,2
201500039758,0015-04-28 22:17:00,15,4,28,22,17,930,5,MARC CHAGALL (BOULEVARD),,,Nuit avec éclairage allumé,En agglomération,Intersection en Y,Normale,Autre collision,,,,,,,,,,,5,2,4,1,6
201500039759,0015-07-28 17:10:00,15,7,28,17,10,930,71,0 DUMONT D'URVILLE (AVE,,,Plein jour,En agglomération,Hors intersection,Normale,Autre collision,,,,,,,,,,,1,2,1,1,6
201500039760,0015-04-30 10:00:00,15,4,30,10,0,930,5,"43, PIERRE JOUHET (AVENU",,,Plein jour,En agglomération,Intersection en X,Pluie légère,Deux véhicules - côté,,,,,,,,,,,1,2,2,2,3
201500039761,0015-05-02 17:30:00,15,5,2,17,30,930,5,SALVADOR ALLENDE (COURS),,,Plein jour,En agglomération,Hors intersection,Pluie légère,Deux véhicules - côté,,,,,,,,,,,1,2,1,2,3
201500039762,0015-05-04 08:50:00,15,5,4,8,50,930,5,LEON (RUE),,,Plein jour,En agglomération,Hors intersection,Normale,Autre collision,,,,,,,,,,,1,2,1,1,6
201500039763,0015-05-04 14:00:00,15,5,4,14,0,930,5,JEAN MONET (CARREFOUR),,,Plein jour,En agglomération,Hors intersection,Normale,Deux véhicules - côté,,,,,,,,,,,1,2,1,1,3
201500039764,0015-05-05 08:00:00,15,5,5,8,0,930,5,"33, DIVISION LECLERC (RU",,,Plein jour,En agglomération,Intersection en X,Pluie légère,Autre collision,,,,,,,,,,,1,2,2,2,6
201500039765,0015-05-08 10:30:00,15,5,8,10,30,930,5,EUROPE (CARREFOUR DE L'),,,Plein jour,En agglomération,Autre intersection,Normale,Trois véhicules et plus - collisions multiples,,,,,,,,,,,1,2,9,1,5
201500039766,0015-05-09 12:00:00,15,5,9,12,0,930,5,JULES PRINCET [CD115] (R,,,Plein jour,En agglomération,Autre intersection,Normale,Deux véhicules - frontale,,,,,,,,,,,1,2,9,1,1
201500039767,0015-05-13 00:10:00,15,5,13,0,10,930,5,"105, JACQUES DUCLOS [CD4",,,Nuit avec éclairage allumé,En agglomération,Intersection en X,Normale,Autre collision,,,,,,,,,,,5,2,2,1,6
201500039768,0015-05-13 23:45:00,15,5,13,23,45,930,5,CLOS D'ARCON (RUE DU),,,Nuit avec éclairage allumé,En agglomération,Hors intersection,Pluie légère,Autre collision,,,,,,,,,,,5,2,1,2,6
201500039769,0015-05-14 23:00:00,15,5,14,23,0,930,5,PREFET CHALEIL (CD44) (R,,,Nuit avec éclairage allumé,En agglomération,Hors intersection,Pluie légère,Autre collision,,,,,,,,,,,5,2,1,2,6
201500039770,0015-05-16 09:50:00,15,5,16,9,50,930,5,JACQUES DUCLOS [CD44] (R,,,Plein jour,En agglomération,Hors intersection,Normale,Deux véhicules - arrière,,,,,,,,,,,1,2,1,1,2
201500039771,0015-05-17 01:50:00,15,5,17,1,50,930,5,SUZANNE LENGLEN (AVENUE),,,Nuit avec éclairage allumé,En agglomération,Hors intersection,Normale,Trois véhicules et plus - collisions multiples,,,,,,,,,,,5,2,1,1,5
201500039772,0015-05-17 21:35:00,15,5,17,21,35,930,5,"59, PAUL CEZANNE (RUE)",,,Nuit avec éclairage allumé,En agglomération,Hors intersection,Normale,Deux véhicules - côté,,,,,,,,,,,5,2,1,1,3
201500039773,0015-05-24 15:43:00,15,5,24,15,43,930,5,"101, MITRY [CD115] (ROUT",,,Plein jour,En agglomération,Intersection en T,Normale,Autre collision,,,,,,,,,,,1,2,3,1,6
201500039774,0015-05-25 21:40:00,15,5,25,21,40,930,5,EDGAR DEGAS (RUE),,,Nuit avec éclairage allumé,En agglomération,Intersection en T,Normale,Deux véhicules - côté,,,,,,,,,,,5,2,3,1,3
201500039775,0015-05-26 11:58:00,15,5,26,11,58,930,5,ROBERT SCHUMAN (CARREFOU,,,Plein jour,En agglomération,Hors intersection,Normale,Deux véhicules - arrière,,,,,,,,,,,1,2,1,1,2
201500039776,0015-05-30 17:25:00,15,5,30,17,25,930,5,"neant, REMBRANDT (RUE)",,,Plein jour,En agglomération,Hors intersection,Normale,Autre collision,,,,,,,,,,,1,2,1,1,6
201500039777,0015-05-31 16:10:00,15,5,31,16,10,930,5,"89, MAXIMILIEN ROBESPIER",,,Plein jour,En agglomération,Intersection en T,Pluie légère,Autre collision,,,,,,,,,,,1,2,3,2,6
201500039778,0015-12-04 17:09:00,15,12,4,17,9,930,71,0 EDISON (RUE),,,Crépuscule ou aube,En agglomération,Intersection en X,Normale,Deux véhicules - côté,,,,,,,,,,,2,2,2,1,3
201500039779,0015-06-01 11:49:00,15,6,1,11,49,930,5,"20, SEVERINE (RUE)",,,Plein jour,En agglomération,Hors intersection,Normale,Autre collision,,,,,,,,,,,1,2,1,1,6
201500039780,0015-06-02 13:20:00,15,6,2,13,20,930,5,JACQUES DUCLOS [CD44] (R,,,Plein jour,En agglomération,Hors intersection,Normale,Deux véhicules - côté,,,,,,,,,,,1,2,1,1,3
201500039781,0015-06-09 17:15:00,15,6,9,17,15,930,5,JEAN MONET (CARREFOUR),,,Plein jour,Hors agglomération,Hors intersection,Normale,Autre collision,,,,,,,,,,,1,1,1,1,6
201500039782,0015-06-09 19:05:00,15,6,9,19,5,930,5,PARINOR,,,Plein jour,En agglomération,Hors intersection,Normale,Autre collision,,,,,,,,,,,1,2,1,1,6
201500039783,0015-06-13 20:00:00,15,6,13,20,0,930,5,GENERAL DE GAULLE (PLACE,,,Plein jour,En agglomération,Hors intersection,Normale,Autre collision,,,,,,,,,,,1,2,1,1,6
201500039784,0015-12-15 09:40:00,15,12,15,9,40,930,71,0 GABRIEL PERI (RUE),,,Plein jour,En agglomération,Hors intersection,Normale,Deux véhicules - arrière,,,,,,,,,,,1,2,1,1,2
201500039785,0015-06-15 11:35:00,15,6,15,11,35,930,5,MARC CHAGALL (BOULEVARD),,,Plein jour,En agglomération,Hors intersection,Normale,Deux véhicules - côté,,,,,,,,,,,1,2,1,1,3
201500039786,0015-06-15 17:01:00,15,6,15,17,1,930,5,DIVISION LECLERC (RUE DE,,,Plein jour,En agglomération,Hors intersection,Normale,Autre collision,,,,,,,,,,,1,2,1,1,6
201500039787,0015-06-17 14:30:00,15,6,17,14,30,930,5,PAUL CEZANNE (RUE),,,Plein jour,Hors agglomération,Hors intersection,Normale,Autre collision,,,,,,,,,,,1,1,1,1,6
201500039788,0015-06-18 15:10:00,15,6,18,15,10,930,5,JEAN CHARCOT [CD115] (RU,,,Plein jour,En agglomération,Hors intersection,Normale,Deux véhicules - côté,,,,,,,,,,,1,2,1,1,3
201500039789,0015-06-19 17:00:00,15,6,19,17,0,930,5,EDGAR DEGAS (RUE),,,Plein jour,En agglomération,Hors intersection,Normale,Autre collision,,,,,,,,,,,1,2,1,1,6
201500039790,0015-06-26 20:06:00,15,6,26,20,6,930,5,MAXIMILIEN ROBESPIERRE (,,,Plein jour,En agglomération,Hors intersection,Normale,Autre collision,,,,,,,,,,,1,2,1,1,6
201500039791,0015-06-28 15:20:00,15,6,28,15,20,930,5,MITRY [CD115] (RUE DE),,,Plein jour,En agglomération,Hors intersection,Normale,Autre collision,,,,,,,,,,,1,2,1,1,6
201500039792,0015-06-30 02:00:00,15,6,30,2,0,930,5,MARC CHAGALL (BOULEVARD),,,Nuit sans éclairage public,Hors agglomération,Hors intersection,Normale,Sans collision,,,,,,,,,,,3,1,1,1,7
201500039793,0015-06-30 16:00:00,15,6,30,16,0,930,5,MITRY [CD115] (ROUTE DE),,,Plein jour,En agglomération,Hors intersection,Normale,Deux véhicules - arrière,,,,,,,,,,,1,2,1,1,2
201500039794,0015-07-01 08:30:00,15,7,1,8,30,930,5,JULES PRINCET [CD115] (R,,,Plein jour,En agglomération,Hors intersection,Normale,Autre collision,,,,,,,,,,,1,2,1,1,6
201500039795,0015-07-01 16:30:00,15,7,1,16,30,930,5,CHARLES FLOQUET (BOULEVA,,,Plein jour,En agglomération,Intersection en X,Normale,Deux véhicules - côté,,,,,,,,,,,1,2,2,1,3
201500039796,0015-07-07 19:16:00,15,7,7,19,16,930,5,EDGAR DEGAS (RUE),,,Plein jour,En agglomération,Hors intersection,Normale,Deux véhicules - côté,,,,,,,,,,,1,2,1,1,3
201500039797,0015-07-09 11:39:00,15,7,9,11,39,930,5,NONNEVILLE (AVENUE DE),,,Plein jour,En agglomération,Intersection en X,Normale,Deux véhicules - côté,,,,,,,,,,,1,2,2,1,3
201500039798,0015-07-12 19:00:00,15,7,12,19,0,930,5,JACQUES DUCLOS [CD44] (R,,,Plein jour,En agglomération,Hors intersection,Normale,Autre collision,,,,,,,,,,,1,2,1,1,6
201500039799,0015-07-13 14:20:00,15,7,13,14,20,930,5,GAMBETTA (AVENUE),,,Plein jour,En agglomération,Intersection en X,Normale,Deux véhicules - côté,,,,,,,,,,,1,2,2,1,3
201500039800,0015-07-15 17:10:00,15,7,15,17,10,930,5,HENRI BARBUSSE (RUE),,,Plein jour,En agglomération,Intersection en Y,Normale,Autre collision,,,,,,,,,,,1,2,4,1,6
201500039801,0015-07-17 20:00:00,15,7,17,20,0,930,5,ROSIERS (AVENUE DES),,,Plein jour,En agglomération,Hors intersection,Normale,Trois véhicules et plus - collisions multiples,,,,,,,,,,,1,2,1,1,5
201500039802,0015-07-23 22:20:00,15,7,23,22,20,930,5,", STRASBOURG (BOULEVARD",,,Nuit avec éclairage allumé,En agglomération,Intersection en X,Normale,Deux véhicules - côté,,,,,,,,,,,5,2,2,1,3
201500039803,0015-07-25 21:25:00,15,7,25,21,25,930,5,HENRI BARBUSSE (RUE),,,Crépuscule ou aube,En agglomération,Intersection en X,Normale,Deux véhicules - côté,,,,,,,,,,,2,2,2,1,3
201500039804,0015-07-26 02:40:00,15,7,26,2,40,930,5,CHARLES DE GAULLE [CD115,,,Nuit avec éclairage allumé,En agglomération,Autre intersection,Normale,Deux véhicules - côté,,,,,,,,,,,5,2,9,1,3
201500039805,0015-07-27 19:00:00,15,7,27,19,0,930,5,LOUISE MICHEL (RUE),,,Plein jour,En agglomération,Hors intersection,Normale,Deux véhicules - arrière,,,,,,,,,,,1,2,1,1,2
201500039806,0015-07-29 17:00:00,15,7,29,17,0,930,5,HONORE SOHIER (RUE),,,Plein jour,En agglomération,Intersection en X,Normale,Deux véhicules - côté,,,,,,,,,,,1,2,2,1,3
201500039807,0015-07-29 13:45:00,15,7,29,13,45,930,5,MARC CHAGALL (BOULEVARD),,,Plein jour,En agglomération,Hors intersection,Normale,Autre collision,,,,,,,,,,,1,2,1,1,6
201500039808,0015-07-30 20:45:00,15,7,30,20,45,930,5,MITRY [CD115] (ROUTE DE),,,Plein jour,En agglomération,Hors intersection,Normale,Deux véhicules - côté,,,,,,,,,,,1,2,1,1,3
201500039809,0015-08-09 15:15:00,15,8,9,15,15,930,5,"3, SAGITTAIRE (ALLEE DU)",,,Plein jour,En agglomération,Hors intersection,Normale,Autre collision,,,,,,,,,,,1,2,1,1,6
201500039810,0015-08-18 17:55:00,15,8,18,17,55,930,5,JACQUES DUCLOS [CD44] (R,,,Plein jour,En agglomération,Hors intersection,Normale,Deux véhicules - arrière,,,,,,,,,,,1,2,1,1,2
201500039811,0015-08-20 11:55:00,15,8,20,11,55,930,5,", WALDECK ROUSSEAU (RUE)",,,Plein jour,En agglomération,Giratoire,Pluie légère,Deux véhicules - côté,,,,,,,,,,,1,2,6,2,3
201500039812,0015-08-22 07:35:00,15,8,22,7,35,930,5,GEORGES BRAQUE (BOULEVAR,,,Plein jour,En agglomération,Hors intersection,Normale,Autre collision,,,,,,,,,,,1,2,1,1,6
201500039813,0015-08-24 08:35:00,15,8,24,8,35,930,5,ANATOLE FRANCE (AVENUE),,,Plein jour,En agglomération,Hors intersection,Pluie légère,Autre collision,,,,,,,,,,,1,2,1,2,6
201500039814,0015-08-27 12:00:00,15,8,27,12,0,930,5,SUZANNE LENGLEN (AVENUE),,,Plein jour,En agglomération,Hors intersection,Pluie légère,Deux véhicules - côté,,,,,,,,,,,1,2,1,2,3
201500039815,0015-08-28 15:20:00,15,8,28,15,20,930,5,"40, QUATORZE JUILLET (AV",,,Plein jour,En agglomération,Hors intersection,Normale,Autre collision,,,,,,,,,,,1,2,1,1,6
201500039816,0015-08-28 16:30:00,15,8,28,16,30,930,5,MITRY [CD115] (ROUTE DE),,,Plein jour,En agglomération,Hors intersection,Normale,Deux véhicules - arrière,,,,,,,,,,,1,2,1,1,2
201500039817,0015-09-08 08:20:00,15,9,8,8,20,930,5,STRASBOURG (BOULEVARD DE,,,Plein jour,En agglomération,Hors intersection,Normale,Autre collision,,,,,,,,,,,1,2,1,1,6
201500039818,0015-09-08 19:50:00,15,9,8,19,50,930,5,"74, ALIX (RUE)",,,Plein jour,En agglomération,Hors intersection,Normale,Autre collision,,,,,,,,,,,1,2,1,1,6
201500039819,0015-09-09 22:35:00,15,9,9,22,35,930,5,"60, AUGUSTE RENOIR (RUE)",,,Nuit avec éclairage allumé,En agglomération,Intersection en T,Normale,Deux véhicules - côté,,,,,,,,,,,5,2,3,1,3
201500039820,0015-09-10 15:20:00,15,9,10,15,20,930,5,ANDRE CITROEN (BOULEVARD,,,Plein jour,Hors agglomération,Giratoire,Normale,Deux véhicules - côté,,,,,,,,,,,1,1,6,1,3
201500039821,0015-09-12 19:50:00,15,9,12,19,50,930,5,CHARLES DE GAULLE [CD115,,,Nuit avec éclairage allumé,En agglomération,Hors intersection,Pluie légère,Deux véhicules - côté,,,,,,,,,,,5,2,1,2,3
201500039822,0015-09-13 13:45:00,15,9,13,13,45,930,5,RAOUL DUFY (AVENUE),,,Plein jour,En agglomération,Hors intersection,Pluie forte,Trois véhicules et plus - en chaîne,,,,,,,,,,,1,2,1,3,4
201500039823,0015-09-18 20:50:00,15,9,18,20,50,930,5,RAOUL DUFY (AVENUE),,,Nuit avec éclairage allumé,En agglomération,Hors intersection,Pluie légère,Deux véhicules - arrière,,,,,,,,,,,5,2,1,2,2
201500039824,0015-09-18 19:55:00,15,9,18,19,55,930,5,JULES VALLES (RUE),,,Nuit avec éclairage allumé,En agglomération,Hors intersection,Pluie légère,Deux véhicules - frontale,,,,,,,,,,,5,2,1,2,1
201500039825,0015-09-23 05:20:00,15,9,23,5,20,930,5,ANDRE CITROEN (BOULEVARD,,,Nuit avec éclairage allumé,En agglomération,Giratoire,Pluie légère,Sans collision,,,,,,,,,,,5,2,6,2,7
201500039826,0015-09-23 10:00:00,15,9,23,10,0,930,5,SEVRAN (CD44) (RUE DE),,,Plein jour,En agglomération,Hors intersection,Normale,Deux véhicules - côté,,,,,,,,,,,1,2,1,1,3
201500039827,0015-09-25 08:20:00,15,9,25,8,20,930,5,ANATOLE FRANCE (AVENUE),,,Plein jour,En agglomération,Hors intersection,Normale,Deux véhicules - côté,,,,,,,,,,,1,2,1,1,3
201500039828,0015-09-27 18:20:00,15,9,27,18,20,930,5,JEAN MONET (CARREFOUR),,,Plein jour,Hors agglomération,Hors intersection,Normale,Trois véhicules et plus - en chaîne,,,,,,,,,,,1,1,1,1,4
201500039829,0015-09-29 16:15:00,15,9,29,16,15,930,5,JULES VALLES (RUE),,,Plein jour,En agglomération,Intersection en T,Normale,Deux véhicules - côté,,,,,,,,,,,1,2,3,1,3
201500039830,0015-09-30 12:05:00,15,9,30,12,5,930,5,SEVRAN (CD44) (RUE DE),,,Plein jour,En agglomération,Hors intersection,Normale,Deux véhicules - arrière,,,,,,,,,,,1,2,1,1,2
201500039831,0015-10-01 18:00:00,15,10,1,18,0,930,5,INDUSTRIE (RUE DE L'),,,Plein jour,En agglomération,Intersection en T,Normale,Sans collision,,,,,,,,,,,1,2,3,1,7
201500039832,0015-10-02 14:25:00,15,10,2,14,25,930,5,PARINOR,,,Plein jour,En agglomération,Hors intersection,Normale,Autre collision,,,,,,,,,,,1,2,1,1,6
201500039833,0015-10-04 08:00:00,15,10,4,8,0,930,5,MAXIMILIEN ROBESPIERRE (,,,Plein jour,En agglomération,Intersection en T,Normale,Deux véhicules - côté,,,,,,,,,,,1,2,3,1,3
201500039834,0015-10-02 09:40:00,15,10,2,9,40,930,5,JEAN MONET (CARREFOUR),,,Plein jour,Hors agglomération,Hors intersection,Normale,Deux véhicules - arrière,,,,,,,,,,,1,1,1,1,2
201500039835,0015-10-05 18:00:00,15,10,5,18,0,930,5,MITRY [CD115] (ROUTE DE),,,Crépuscule ou aube,En agglomération,Hors intersection,Pluie forte,Autre collision,,,,,,,,,,,2,2,1,3,6
201500039836,0015-10-06 07:50:00,15,10,6,7,50,930,5,KENNEDY [RN370] (BOULEVA,,,Crépuscule ou aube,En agglomération,Hors intersection,Pluie forte,Deux véhicules - arrière,,,,,,,,,,,2,2,1,3,2
201500039837,0015-10-07 18:00:00,15,10,7,18,0,930,5,MITRY [CD115] (ROUTE DE),,,Plein jour,En agglomération,Hors intersection,Normale,Deux véhicules - arrière,,,,,,,,,,,1,2,1,1,2
201500039838,0015-10-07 19:32:00,15,10,7,19,32,930,5,MARC CHAGALL (BOULEVARD),,,Nuit avec éclairage allumé,En agglomération,Intersection en X,Pluie légère,Deux véhicules - côté,,,,,,,,,,,5,2,2,2,3
201500039839,0015-10-10 09:50:00,15,10,10,9,50,930,5,NONNEVILLE (AVENUE DE),,,Plein jour,En agglomération,Intersection en X,Normale,Deux véhicules - côté,,,,,,,,,,,1,2,2,1,3
201500039840,0015-10-12 16:15:00,15,10,12,16,15,930,5,MARECHAL JUIN (AVENUE DU,,,Plein jour,En agglomération,Hors intersection,Normale,Autre collision,,,,,,,,,,,1,2,1,1,6
201500039841,0015-10-13 18:10:00,15,10,13,18,10,930,5,"54, SAVIGNY (AVENUE DE)",,,Plein jour,En agglomération,Hors intersection,Normale,Autre collision,,,,,,,,,,,1,2,1,1,6
201500039842,0015-10-14 09:45:00,15,10,14,9,45,930,5,LEON (RUE),,,Plein jour,En agglomération,Hors intersection,Normale,Autre collision,,,,,,,,,,,1,2,1,1,6
201500039843,0015-10-14 13:00:00,15,10,14,13,0,930,5,JULES PRINCET [CD115] (R,,,Plein jour,En agglomération,Hors intersection,Normale,Deux véhicules - frontale,,,,,,,,,,,1,2,1,1,1
201500039844,0015-10-15 15:00:00,15,10,15,15,0,930,5,JEAN CHARCOT [CD115] (RU,,,Plein jour,En agglomération,Hors intersection,Normale,Deux véhicules - côté,,,,,,,,,,,1,2,1,1,3
201500039845,0015-10-20 11:10:00,15,10,20,11,10,930,5,CHARLES FLOQUET (BOULEVA,,,Plein jour,En agglomération,Hors intersection,Normale,Autre collision,,,,,,,,,,,1,2,1,1,6
201500039846,0015-10-22 10:50:00,15,10,22,10,50,930,5,"30, ALSACE (RUE D')",,,Plein jour,En agglomération,Hors intersection,Pluie légère,Deux véhicules - frontale,,,,,,,,,,,1,2,1,2,1
201500039847,0015-10-25 17:16:00,15,10,25,17,16,930,5,"22, AUGUSTE RENOIR (RUE)",,,Plein jour,En agglomération,Hors intersection,Normale,Autre collision,,,,,,,,,,,1,2,1,1,6
201500039848,0015-10-26 20:40:00,15,10,26,20,40,930,5,JACQUES DUCLOS [CD44] (R,,,Nuit avec éclairage allumé,En agglomération,Intersection en X,Normale,Deux véhicules - côté,,,,,,,,,,,5,2,2,1,3
201500039849,0015-10-27 12:30:00,15,10,27,12,30,930,5,"55, JULES PRINCET [CD115",,,Plein jour,En agglomération,Hors intersection,Normale,Deux véhicules - côté,,,,,,,,,,,1,2,1,1,3
201500039850,0015-10-28 17:20:00,15,10,28,17,20,930,5,AMBOURGET (RUE),,,Crépuscule ou aube,En agglomération,Hors intersection,Normale,Autre collision,,,,,,,,,,,2,2,1,1,6
201500039851,0015-10-28 22:30:00,15,10,28,22,30,930,5,ONZE NOVEMBRE (RUE DU),,,Nuit avec éclairage allumé,En agglomération,Hors intersection,Normale,Autre collision,,,,,,,,,,,5,2,1,1,6
201500039852,0015-10-31 11:55:00,15,10,31,11,55,930,5,LELIEVRE (AVENUE),,,Plein jour,En agglomération,Intersection en X,Normale,Deux véhicules - côté,,,,,,,,,,,1,2,2,1,3
201500039853,0015-11-02 18:10:00,15,11,2,18,10,930,5,"89, CAMILLE PELLETAN (RU",,,Nuit avec éclairage allumé,En agglomération,Hors intersection,Normale,Deux véhicules - frontale,,,,,,,,,,,5,2,1,1,1
201500039854,0015-11-05 21:25:00,15,11,5,21,25,930,5,"80, ANATOLE FRANCE (AVEN",,,Nuit avec éclairage allumé,En agglomération,Hors intersection,Pluie légère,Deux véhicules - arrière,,,,,,,,,,,5,2,1,2,2
201500039855,0015-11-11 18:00:00,15,11,11,18,0,930,5,PARINOR,,,Nuit avec éclairage allumé,Hors agglomération,Hors intersection,Normale,Autre collision,,,,,,,,,,,5,1,1,1,6
201500039856,0015-11-12 18:15:00,15,11,12,18,15,930,5,", MAXIMILIEN ROBESPIERRE",,,Nuit avec éclairage allumé,En agglomération,Hors intersection,Normale,Autre collision,,,,,,,,,,,5,2,1,1,6
201500039857,0015-11-15 15:15:00,15,11,15,15,15,930,5,"18, PLANT D'ARGENT (RUE",,,Plein jour,En agglomération,Hors intersection,Normale,Sans collision,,,,,,,,,,,1,2,1,1,7
201500039858,0015-11-16 15:58:00,15,11,16,15,58,930,5,MARECHAL JUIN (AVENUE DU,,,Plein jour,En agglomération,Hors intersection,Normale,Autre collision,,,,,,,,,,,1,2,1,1,6
201500039859,0015-11-25 09:00:00,15,11,25,9,0,930,5,", JULES PRINCET [CD115]",,,Plein jour,En agglomération,Hors intersection,Pluie légère,Deux véhicules - côté,,,,,,,,,,,1,2,1,2,3
201500039860,0015-11-25 11:15:00,15,11,25,11,15,930,5,JACQUES DUCLOS [CD44] (R,,,Plein jour,En agglomération,Hors intersection,Pluie légère,Deux véhicules - arrière,,,,,,,,,,,1,2,1,2,2
201500039861,0015-12-04 11:10:00,15,12,4,11,10,930,5,LOUISE MICHEL (RUE),,,Plein jour,En agglomération,Hors intersection,Normale,Deux véhicules - frontale,,,,,,,,,,,1,2,1,1,1
201500039862,0015-12-04 14:55:00,15,12,4,14,55,930,5,"39bis, ANATOLE FRANCE (A",,,Plein jour,En agglomération,Hors intersection,Normale,Sans collision,,,,,,,,,,,1,2,1,1,7
201500039863,0015-12-04 19:30:00,15,12,4,19,30,930,5,"63, JACQUES DUCLOS [CD44",,,Nuit avec éclairage allumé,En agglomération,Hors intersection,Normale,Deux véhicules - côté,,,,,,,,,,,5,2,1,1,3