accident_id,datetime,annee,mois,jour,heure,minute,departement,commune_insee,adresse,latitude,longitude,luminosite,agglomeration,intersection,meteo,collision,nb_vehicules,nb_usagers,nb_indemnes,nb_tues,nb_blesses_hosp,nb_blesses_legers,age_cond_1,age_cond_2,veh_type_cond_1,veh_type_cond_2,lum_code,agg_code,int_code,atm_code,col_code
201500039864,0015-12-05 20:00:00,15,12,5,20,0,930,5,BONDY (ROUTE DE),,,Nuit avec éclairage allumé,En agglomération,Hors intersection,Normale,Deux véhicules - côté,,,,,,,,,,,5,2,1,1,3
201500039865,0015-12-06 11:10:00,15,12,6,11,10,930,5,GEORGES BRAQUE (BOULEVAR,,,Plein jour,En agglomération,Hors intersection,Normale,Autre collision,,,,,,,,,,,1,2,1,1,6
201500039866,0015-12-06 19:37:00,15,12,6,19,37,930,5,ANDRE CITROEN (BOULEVARD,,,Nuit avec éclairage allumé,En agglomération,Hors intersection,Normale,Deux véhicules - arrière,,,,,,,,,,,5,2,1,1,2
201500039867,0015-12-07 18:30:00,15,12,7,18,30,930,5,"NEANT, STRASBOURG (BOULE",,,Nuit avec éclairage allumé,En agglomération,Intersection en X,Normale,Deux véhicules - côté,,,,,,,,,,,5,2,2,1,3
201500039868,0015-12-08 08:00:00,15,12,8,8,0,930,5,MARECHAL JUIN (AVENUE DU,,,Crépuscule ou aube,En agglomération,Hors intersection,Normale,Autre collision,,,,,,,,,,,2,2,1,1,6
201500039869,0015-12-08 15:10:00,15,12,8,15,10,930,5,MARECHAL JUIN (AVENUE DU,,,Plein jour,En agglomération,Hors intersection,Pluie légère,Autre collision,,,,,,,,,,,1,2,1,2,6
201500039870,0015-12-17 17:00:00,15,12,17,17,0,930,5,ANDRE CITROEN-(BOULEVARD,,,Crépuscule ou aube,En agglomération,Hors intersection,Normale,Deux véhicules - côté,,,,,,,,,,,2,2,1,1,3
201500039871,0015-12-31 20:00:00,15,12,31,20,0,930,5,"12, JACQUES DUCLOS [CD44",,,Nuit avec éclairage allumé,En agglomération,Hors intersection,Normale,Autre collision,,,,,,,,,,,5,2,1,1,6
201500039872,0015-01-10 17:53:00,15,1,10,17,53,930,7,PROFESSEUR FLEMING (AVEN,,,Nuit avec éclairage allumé,En agglomération,Hors intersection,Pluie légère,Autre collision,,,,,,,,,,,5,2,1,2,6
201500039873,0015-01-16 16:40:00,15,1,16,16,40,930,7,CHARLES FLOQUET (AVENUE),,,Plein jour,En agglomération,Hors intersection,Normale,Deux véhicules - côté,,,,,,,,,,,1,2,1,1,3
201500039874,0015-01-30 19:15:00,15,1,30,19,15,930,7,CHARLES FLOQUET (AVENUE),,,Nuit avec éclairage allumé,En agglomération,Hors intersection,Normale,Deux véhicules - côté,,,,,,,,,,,5,2,1,1,3
201500039875,0015-01-31 07:00:00,15,1,31,7,0,930,7,"""DESCARTES (AVENUE """"DU",,,Nuit avec éclairage allumé,En agglomération,Hors intersection,Normale,Sans collision,,,,,,,,,,,5,2,1,1,7
201500039876,0015-01-23 20:55:00,15,1,23,20,55,930,7,PABLO NERUDA (AVENUE),,,Nuit avec éclairage allumé,En agglomération,Hors intersection,Pluie forte,Autre collision,,,,,,,,,,,5,2,1,3,6
201500039877,0015-02-05 08:50:00,15,2,5,8,50,930,7,"""PAUL VAILLANT COUTURIER",,,Plein jour,En agglomération,Hors intersection,Normale,Autre collision,,,,,,,,,,,1,2,1,1,6
201500039878,0015-02-06 15:20:00,15,2,6,15,20,930,7,"20, CHARLES FLOQUET (AVE",,,Plein jour,En agglomération,Hors intersection,Normale,Autre collision,,,,,,,,,,,1,2,1,1,6
201500039879,0015-02-06 16:55:00,15,2,6,16,55,930,7,CHARLES GOUNOD (RUE),,,Plein jour,En agglomération,Intersection en T,Normale,Deux véhicules - côté,,,,,,,,,,,1,2,3,1,3
201500039880,0015-02-09 14:40:00,15,2,9,14,40,930,7,"145, CHARLES FLOQUET (AV",,,Plein jour,En agglomération,Giratoire,Normale,Sans collision,,,,,,,,,,,1,2,6,1,7
201500039881,0015-02-09 21:10:00,15,2,9,21,10,930,7,"""HENRI BARBUSSE (AVENUE",,,Nuit avec éclairage allumé,En agglomération,Hors intersection,Normale,Autre collision,,,,,,,,,,,5,2,1,1,6
201500039882,0015-02-11 12:10:00,15,2,11,12,10,930,7,DOCTEUR CALMETTE (RUE DU,,,Plein jour,En agglomération,Intersection en X,Normale,Autre collision,,,,,,,,,,,1,2,2,1,6
201500039883,0015-02-11 14:50:00,15,2,11,14,50,930,7,"35, COSMONAUTES (AVENUE",,,Plein jour,En agglomération,Hors intersection,Normale,Sans collision,,,,,,,,,,,1,2,1,1,7
201500039884,0015-02-15 17:00:00,15,2,15,17,0,930,7,"""HENRI BARBUSSE (AVENUE",,,Plein jour,En agglomération,Hors intersection,Normale,Deux véhicules - côté,,,,,,,,,,,1,2,1,1,3
201500039885,0015-02-27 14:25:00,15,2,27,14,25,930,7,PABLO NERUDA (AVENUE),,,Plein jour,En agglomération,Hors intersection,Normale,Deux véhicules - arrière,,,,,,,,,,,1,2,1,1,2
201500039886,0015-03-03 13:30:00,15,3,3,13,30,930,7,"""DESCARTES (AVENUE """"DU",,,Plein jour,En agglomération,Intersection en T,Normale,Deux véhicules - côté,,,,,,,,,,,1,2,3,1,3
201500039887,0015-03-03 17:55:00,15,3,3,17,55,930,7,"72, ""HENRI BARBUSSE (AVE",,,Crépuscule ou aube,En agglomération,Hors intersection,Pluie légère,Autre collision,,,,,,,,,,,2,2,1,2,6
201500039888,0015-03-02 17:20:00,15,3,2,17,20,930,7,"88, ""DESCARTES (AVENUE """,,,Plein jour,En agglomération,Hors intersection,Normale,Deux véhicules - côté,,,,,,,,,,,1,2,1,1,3
201500039889,0015-03-10 08:00:00,15,3,10,8,0,930,7,39 PIERRE MONTAUFIER (A,,,Plein jour,En agglomération,Hors intersection,Normale,Autre collision,,,,,,,,,,,1,2,1,1,6
201500039890,0015-03-10 07:45:00,15,3,10,7,45,930,7,"""REPUBLIQUE (AVENUE DE L",,,Plein jour,En agglomération,Hors intersection,Normale,Autre collision,,,,,,,,,,,1,2,1,1,6
201500039891,0015-03-18 10:00:00,15,3,18,10,0,930,7,"""JEAN BART (AVENUE """"COT",,,Plein jour,En agglomération,Intersection en T,Normale,Deux véhicules - côté,,,,,,,,,,,1,2,3,1,3
201500039892,0015-03-23 21:00:00,15,3,23,21,0,930,7,8 MAI 45 (AVENUE DU 184,,,Nuit sans éclairage public,En agglomération,Hors intersection,Normale,Deux véhicules - côté,,,,,,,,,,,3,2,1,1,3
201500039893,0015-03-29 18:36:00,15,3,29,18,36,930,7,ARISTIDE BRIAND (AVENUE,,,Plein jour,En agglomération,Intersection en T,Pluie légère,Deux véhicules - côté,,,,,,,,,,,1,2,3,2,3
201500039894,0015-04-10 08:10:00,15,4,10,8,10,930,7,"""pIERRE SEMARD (RUE """"CO",,,Plein jour,En agglomération,Hors intersection,Normale,Autre collision,,,,,,,,,,,1,2,1,1,6
201500039895,0015-04-10 19:30:00,15,4,10,19,30,930,7,8 MAI 45 (AVENUE DU 184,,,Plein jour,En agglomération,Hors intersection,Normale,Deux véhicules - côté,,,,,,,,,,,1,2,1,1,3
201500039896,0015-04-12 01:40:00,15,4,12,1,40,930,7,43 CHARLES FLOQUET (AVE,,,Nuit avec éclairage allumé,En agglomération,Hors intersection,Normale,Autre collision,,,,,,,,,,,5,2,1,1,6
201500039897,0015-04-13 14:50:00,15,4,13,14,50,930,7,PABLO NERUDA (ROND-POINT,,,Plein jour,En agglomération,Giratoire,Normale,Deux véhicules - côté,,,,,,,,,,,1,2,6,1,3
201500039898,0015-04-15 13:50:00,15,4,15,13,50,930,7,RICHARD WAGNER (RUE),,,Plein jour,En agglomération,Intersection en X,Normale,Deux véhicules - côté,,,,,,,,,,,1,2,2,1,3
201500039899,0015-04-22 15:34:00,15,4,22,15,34,930,7,ARISTIDE BRIAND (AVENUE,,,Plein jour,En agglomération,Intersection en T,Normale,Autre collision,,,,,,,,,,,1,2,3,1,6
201500039900,0015-04-22 18:47:00,15,4,22,18,47,930,7,ABBE NIORT (RUE DE L'),,,Plein jour,En agglomération,Giratoire,Normale,Deux véhicules - frontale,,,,,,,,,,,1,2,6,1,1
201500039901,0015-04-27 10:10:00,15,4,27,10,10,930,7,ARISTIDE BRIAND (AVENUE,,,Plein jour,En agglomération,Hors intersection,Normale,Autre collision,,,,,,,,,,,1,2,1,1,6
201500039902,0015-05-02 19:20:00,15,5,2,19,20,930,7,"118, 8 MAI 45 (AVENUE DU",,,Plein jour,En agglomération,Hors intersection,Pluie légère,Autre collision,,,,,,,,,,,1,2,1,2,6
201500039903,0015-05-06 16:00:00,15,5,6,16,0,930,7,"1, GEORGES SAND (ALLEE)",,,Plein jour,En agglomération,Hors intersection,Normale,Autre collision,,,,,,,,,,,1,2,1,1,6
201500039904,0015-05-15 10:15:00,15,5,15,10,15,930,7,"216, 8 MAI 45 (AVENUE DU",,,Plein jour,En agglomération,Hors intersection,Normale,Sans collision,,,,,,,,,,,1,2,1,1,7
201500039905,0015-05-21 16:45:00,15,5,21,16,45,930,7,"66, CASANOVA (AVENUE)",,,Plein jour,En agglomération,Hors intersection,Normale,Autre collision,,,,,,,,,,,1,2,1,1,6
201500039906,0015-05-22 16:08:00,15,5,22,16,8,930,7,"4, MARCEL CACHIN (AVENUE",,,Plein jour,En agglomération,Hors intersection,Normale,Autre collision,,,,,,,,,,,1,2,1,1,6
201500039907,0015-05-26 08:30:00,15,5,26,8,30,930,7,"""DESCARTES (AVENUE """"DU",,,Plein jour,En agglomération,Intersection en T,Normale,Deux véhicules - côté,,,,,,,,,,,1,2,3,1,3
201500039908,0015-05-27 00:20:00,15,5,27,0,20,930,7,8 MAI 45 (AVENUE DU 1 AU,,,Nuit avec éclairage allumé,En agglomération,Hors intersection,Normale,Deux véhicules - côté,,,,,,,,,,,5,2,1,1,3
201500039909,0015-06-02 15:45:00,15,6,2,15,45,930,7,ABBE NIORT (RUE DE L'),,,Plein jour,En agglomération,Hors intersection,Normale,Deux véhicules - arrière,,,,,,,,,,,1,2,1,1,2
201500039910,0015-06-03 17:20:00,15,6,3,17,20,930,7,"""DIDEROT (RUE """"DU 02 AU",,,Plein jour,En agglomération,Hors intersection,Normale,Sans collision,,,,,,,,,,,1,2,1,1,7
201500039911,0015-06-06 16:00:00,15,6,6,16,0,930,7,"92, 8 MAI 45 (AVENUE DU",,,Plein jour,En agglomération,Hors intersection,Normale,Deux véhicules - arrière,,,,,,,,,,,1,2,1,1,2
201500039912,0015-06-08 07:45:00,15,6,8,7,45,930,7,"""DESCARTES (AVENUE """"DU",,,Plein jour,En agglomération,Intersection en T,Normale,Autre collision,,,,,,,,,,,1,2,3,1,6
201500039913,0015-06-08 09:00:00,15,6,8,9,0,930,7,PABLO NERUDA (ROND-POINT,,,Plein jour,En agglomération,Giratoire,Normale,Deux véhicules - côté,,,,,,,,,,,1,2,6,1,3
201500039914,0015-06-09 22:40:00,15,6,9,22,40,930,7,"21, ALBERT EINSTEIN (AVE",,,Nuit avec éclairage allumé,En agglomération,Hors intersection,Normale,Deux véhicules - côté,,,,,,,,,,,5,2,1,1,3
201500039915,0015-06-10 19:00:00,15,6,10,19,0,930,7,"35, COLONEL FABIEN (RUE",,,Plein jour,En agglomération,Hors intersection,Normale,Deux véhicules - arrière,,,,,,,,,,,1,2,1,1,2
201500039916,0015-06-14 09:50:00,15,6,14,9,50,930,7,PEGOUD (RUE),,,Plein jour,En agglomération,Intersection en T,Normale,Deux véhicules - côté,,,,,,,,,,,1,2,3,1,3
201500039917,0015-06-16 11:20:00,15,6,16,11,20,930,7,"145, ARISTIDE BRIAND (AV",,,Plein jour,En agglomération,Hors intersection,Normale,Deux véhicules - arrière,,,,,,,,,,,1,2,1,1,2
201500039918,0015-06-20 23:50:00,15,6,20,23,50,930,7,"""PAUL VAILLANT COUTURIER",,,Nuit avec éclairage allumé,En agglomération,Intersection en T,Normale,Deux véhicules - côté,,,,,,,,,,,5,2,3,1,3
201500039919,0015-06-21 22:30:00,15,6,21,22,30,930,7,DE LA REPUBLIQUE (AVENUE,,,Nuit avec éclairage allumé,En agglomération,Hors intersection,Normale,Deux véhicules - côté,,,,,,,,,,,5,2,1,1,3
201500039920,0015-06-21 23:08:00,15,6,21,23,8,930,7,"""DESCARTES (AVENUE """"DU",,,Nuit avec éclairage allumé,En agglomération,Hors intersection,Normale,Autre collision,,,,,,,,,,,5,2,1,1,6
201500039921,0015-06-24 18:15:00,15,6,24,18,15,930,7,DOCTEUR CALMETTE (RUE DU,,,Plein jour,En agglomération,Intersection en T,Normale,Autre collision,,,,,,,,,,,1,2,3,1,6
201500039922,0015-06-25 02:00:00,15,6,25,2,0,930,7,BLES D'OR (RUE DES),,,Nuit avec éclairage allumé,En agglomération,Hors intersection,Normale,Deux véhicules - frontale,,,,,,,,,,,5,2,1,1,1
201500039923,0015-06-28 18:00:00,15,6,28,18,0,930,7,"10, PETRODVORETZ (RUE)",,,Plein jour,En agglomération,Hors intersection,Normale,Autre collision,,,,,,,,,,,1,2,1,1,6
201500039924,0015-07-03 16:40:00,15,7,3,16,40,930,7,"""JEAN JAURES (AVENUE """"D",,,Plein jour,En agglomération,Hors intersection,Normale,Sans collision,,,,,,,,,,,1,2,1,1,7
201500039925,0015-07-09 23:30:00,15,7,9,23,30,930,7,DANIEL CASANOVA (CITE),,,Nuit avec éclairage allumé,En agglomération,Giratoire,Normale,Deux véhicules - frontale,,,,,,,,,,,5,2,6,1,1
201500039926,0015-07-10 11:00:00,15,7,10,11,0,930,7,9 ALTRINCHAM (RUE),,,Plein jour,En agglomération,Hors intersection,Normale,Autre collision,,,,,,,,,,,1,2,1,1,6
201500039927,0015-07-25 00:01:00,15,7,25,0,1,930,7,", 8 MAI 45 (AVENUE DU 18",,,Nuit avec éclairage allumé,En agglomération,Intersection en X,Normale,Deux véhicules - côté,,,,,,,,,,,5,2,2,1,3
201500039928,0015-07-24 20:05:00,15,7,24,20,5,930,7,DIVISION LECLERC (AVENUE,,,Plein jour,En agglomération,Hors intersection,Normale,Deux véhicules - arrière,,,,,,,,,,,1,2,1,1,2
201500039929,0015-08-02 17:30:00,15,8,2,17,30,930,7,"""DESCARTES (AVENUE """"DU",,,Plein jour,En agglomération,Hors intersection,Normale,Trois véhicules et plus - en chaîne,,,,,,,,,,,1,2,1,1,4
201500039930,0015-08-02 20:40:00,15,8,2,20,40,930,7,"""PIERRE SEMARD (RUE """"CO",,,Plein jour,En agglomération,Intersection en Y,Normale,Sans collision,,,,,,,,,,,1,2,4,1,7
201500039931,0015-08-05 10:45:00,15,8,5,10,45,930,7,"45, HENRI BARBUSSE (AVEN",,,Plein jour,En agglomération,Hors intersection,Normale,Autre collision,,,,,,,,,,,1,2,1,1,6
201500039932,0015-08-06 19:30:00,15,8,6,19,30,930,7,MATHILDE EMILIE (AVENUE),,,Plein jour,En agglomération,Intersection en X,Normale,Deux véhicules - côté,,,,,,,,,,,1,2,2,1,3
201500039933,0015-08-24 17:10:00,15,8,24,17,10,930,7,"00, ""PIERRE SEMARD (RUE",,,Plein jour,En agglomération,Hors intersection,Temps couvert,Autre collision,,,,,,,,,,,1,2,1,8,6
201500039934,0015-08-28 13:00:00,15,8,28,13,0,930,7,CHARLES FLOQUET (AVENUE),,,Plein jour,En agglomération,Autre intersection,Normale,Autre collision,,,,,,,,,,,1,2,9,1,6
201500039935,0015-09-07 14:40:00,15,9,7,14,40,930,7,"""PAUL VAILLANT COUTURIER",,,Plein jour,En agglomération,Hors intersection,Normale,Autre collision,,,,,,,,,,,1,2,1,1,6
201500039936,0015-09-08 05:25:00,15,9,8,5,25,930,7,"62, 8 MAI 45 (AVENUE DU",,,Nuit avec éclairage allumé,En agglomération,Hors intersection,Normale,Autre collision,,,,,,,,,,,5,2,1,1,6
201500039937,0015-09-10 22:40:00,15,9,10,22,40,930,7,"76, ARISTIDE BRIAND (AVE",,,Nuit avec éclairage allumé,En agglomération,Hors intersection,Normale,Autre collision,,,,,,,,,,,5,2,1,1,6
201500039938,0015-09-18 17:20:00,15,9,18,17,20,930,7,", MARCEL CACHIN (AVENUE)",,,Plein jour,En agglomération,Hors intersection,Normale,Sans collision,,,,,,,,,,,1,2,1,1,7
201500039939,0015-09-18 21:15:00,15,9,18,21,15,930,7,ALTRINCHAM (RUE),,,Nuit avec éclairage allumé,En agglomération,Hors intersection,Pluie légère,Autre collision,,,,,,,,,,,5,2,1,2,6
201500039940,0015-09-21 10:30:00,15,9,21,10,30,930,7,"8, 8 MAI 45 (AVENUE DU 1",,,Plein jour,En agglomération,Hors intersection,Normale,Trois véhicules et plus - en chaîne,,,,,,,,,,,1,2,1,1,4
201500039941,0015-09-21 14:20:00,15,9,21,14,20,930,7,149 PASTEUR (AVENUE),,,Plein jour,En agglomération,Intersection en T,Normale,Deux véhicules - frontale,,,,,,,,,,,1,2,3,1,1
201500039942,0015-09-22 06:15:00,15,9,22,6,15,930,7,"""PAUL VAILLANT-COUTURIER",,,Nuit avec éclairage allumé,En agglomération,Giratoire,Pluie légère,Deux véhicules - côté,,,,,,,,,,,5,2,6,2,3
201500039943,0015-09-23 08:55:00,15,9,23,8,55,930,7,PASTEUR (AVENUE),,,Plein jour,En agglomération,Hors intersection,Normale,Autre collision,,,,,,,,,,,1,2,1,1,6
201500039944,0015-09-24 09:15:00,15,9,24,9,15,930,7,JULIEN GRIMAU (RUE),,,Plein jour,En agglomération,Intersection en X,Normale,Deux véhicules - frontale,,,,,,,,,,,1,2,2,1,1
201500039945,0015-10-05 15:30:00,15,10,5,15,30,930,7,"05, FRERES LUMIERE (RUE)",,,Plein jour,En agglomération,Hors intersection,Pluie forte,Deux véhicules - côté,,,,,,,,,,,1,2,1,3,3
201500039946,0015-10-14 20:00:00,15,10,14,20,0,930,7,"1, CHARLES FLOQUET (AVEN",,,Nuit avec éclairage allumé,En agglomération,Intersection en X,Pluie légère,Autre collision,,,,,,,,,,,5,2,2,2,6
201500039947,0015-10-15 21:05:00,15,10,15,21,5,930,7,DIDEROT,,,Nuit avec éclairage allumé,En agglomération,Intersection en X,Pluie légère,Deux véhicules - côté,,,,,,,,,,,5,2,2,2,3
201500039948,0015-10-18 21:35:00,15,10,18,21,35,930,7,PABLO NERUDA (AVENUE),,,Nuit avec éclairage non allumé,Hors agglomération,Hors intersection,Normale,Trois véhicules et plus - en chaîne,,,,,,,,,,,4,1,1,1,4
201500039949,0015-10-20 21:10:00,15,10,20,21,10,930,7,"32-34, PIERRE ET MARIE C",,,Nuit avec éclairage allumé,En agglomération,Hors intersection,Normale,Autre collision,,,,,,,,,,,5,2,1,1,6
201500039950,0015-10-25 19:15:00,15,10,25,19,15,930,7,"""PIERRE SEMARD (PLACE """"",,,Nuit avec éclairage allumé,En agglomération,Hors intersection,Normale,Autre collision,,,,,,,,,,,5,2,1,1,6
201500039951,0015-10-26 17:20:00,15,10,26,17,20,930,7,"""PAUL VAILLANT COUTURIER",,,Plein jour,En agglomération,Hors intersection,Normale,Deux véhicules - arrière,,,,,,,,,,,1,2,1,1,2
201500039952,0015-11-06 08:00:00,15,11,6,8,0,930,7,PABLO NERUDA (ROND-POINT,,,Plein jour,En agglomération,Hors intersection,Normale,Autre collision,,,,,,,,,,,1,2,1,1,6
201500039953,0015-11-06 17:20:00,15,11,6,17,20,930,7,"""PIERRE SEMARD (ROND-POI",,,Crépuscule ou aube,En agglomération,Giratoire,Pluie légère,Deux véhicules - côté,,,,,,,,,,,2,2,6,2,3
201500039954,0015-11-22 15:45:00,15,11,22,15,45,930,7,GENERAL GIRAUD (RUE),,,Plein jour,En agglomération,Intersection en X,Normale,Deux véhicules - côté,,,,,,,,,,,1,2,2,1,3
201500039955,0015-12-12 18:00:00,15,12,12,18,0,930,7,DANIEL CASANOVA (CITE),,,Nuit avec éclairage allumé,En agglomération,Intersection en X,Pluie légère,Autre collision,,,,,,,,,,,5,2,2,2,6
201500039956,0015-12-19 10:50:00,15,12,19,10,50,930,7,"2, 8 MAI 45 (AVENUE DU 1",,,Plein jour,En agglomération,Hors intersection,Normale,Autre collision,,,,,,,,,,,1,2,1,1,6
201500039957,0015-12-19 23:40:00,15,12,19,23,40,930,7,SURCOUF (AVENUE),,,Nuit avec éclairage allumé,En agglomération,Hors intersection,Normale,Deux véhicules - côté,,,,,,,,,,,5,2,1,1,3
201500039958,0015-12-22 12:10:00,15,12,22,12,10,930,7,"""DESCARTES (AVENUE """"DU",,,Plein jour,En agglomération,Intersection en T,Normale,Deux véhicules - arrière,,,,,,,,,,,1,2,3,1,2
201500039959,0015-12-27 18:20:00,15,12,27,18,20,930,7,"37, ""PIERRE SEMARD (PLAC",,,Nuit avec éclairage non allumé,En agglomération,Hors intersection,Normale,Autre collision,,,,,,,,,,,4,2,1,1,6
201500039960,0015-12-28 23:45:00,15,12,28,23,45,930,7,8 MAI 45 (AVENUE DU 184,,,Nuit avec éclairage allumé,En agglomération,Intersection en T,Normale,Deux véhicules - côté,,,,,,,,,,,5,2,3,1,3
201500039961,0015-01-03 05:15:00,15,1,3,5,15,930,8,MENDES DES CARMES (RUE),,,Nuit avec éclairage allumé,En agglomération,Hors intersection,Brouillard / fumée,Autre collision,,,,,,,,,,,5,2,1,5,6
201500039962,0015-01-07 08:20:00,15,1,7,8,20,930,8,CACHIN (RUE MARCEL),,,Plein jour,En agglomération,Hors intersection,Normale,Autre collision,,,,,,,,,,,1,2,1,1,6
201500039963,0015-01-07 09:55:00,15,1,7,9,55,930,8,JAURES (AVENUE JEAN),,,Plein jour,En agglomération,Hors intersection,Brouillard / fumée,Autre collision,,,,,,,,,,,1,2,1,5,6
201500039964,0015-01-10 18:10:00,15,1,10,18,10,930,8,VAILLANT COUTURIER (AVEN,,,Nuit sans éclairage public,Hors agglomération,Intersection en X,Pluie légère,Deux véhicules - arrière,,,,,,,,,,,3,1,2,2,2
201500039965,0015-01-12 08:55:00,15,1,12,8,55,930,8,PICASSO (RUE PABLO),,,Plein jour,En agglomération,Autre intersection,Normale,Autre collision,,,,,,,,,,,1,2,9,1,6
201500039966,0015-01-17 21:30:00,15,1,17,21,30,930,8,VAILLANT COUTURIER (AVEN,,,Nuit avec éclairage allumé,En agglomération,Hors intersection,Normale,Trois véhicules et plus - en chaîne,,,,,,,,,,,5,2,1,1,4
201500039967,0015-01-26 06:45:00,15,1,26,6,45,930,8,VAILLANT COUTURIER (AVEN,,,Nuit avec éclairage allumé,En agglomération,Giratoire,Pluie légère,Autre collision,,,,,,,,,,,5,2,6,2,6
201500039968,0015-01-30 07:20:00,15,1,30,7,20,930,8,CHABLIS (RUE DE),,,Nuit avec éclairage allumé,En agglomération,Hors intersection,Normale,Autre collision,,,,,,,,,,,5,2,1,1,6
201500039969,0015-02-04 13:45:00,15,2,4,13,45,930,8,VAILLANT COUTURIER (AVEN,,,Plein jour,En agglomération,Hors intersection,Normale,Deux véhicules - arrière,,,,,,,,,,,1,2,1,1,2
201500039970,0015-02-08 02:40:00,15,2,8,2,40,930,8,"2-24, BARBUSSE (AVENUE H",,,Nuit avec éclairage allumé,En agglomération,Hors intersection,Pluie légère,Trois véhicules et plus - en chaîne,,,,,,,,,,,5,2,1,2,4
201500039971,0015-02-08 20:00:00,15,2,8,20,0,930,8,VAILLANT COUTURIER (AVEN,,,Nuit avec éclairage non allumé,Hors agglomération,Hors intersection,Normale,Autre collision,,,,,,,,,,,4,1,1,1,6
201500039972,0015-02-09 06:30:00,15,2,9,6,30,930,8,", DIVISION LECLERC (AVEN",,,Nuit avec éclairage allumé,En agglomération,Hors intersection,Normale,Autre collision,,,,,,,,,,,5,2,1,1,6
201500039973,0015-02-09 08:45:00,15,2,9,8,45,930,8,SEMARD (RUE PIERRE),,,Plein jour,En agglomération,Hors intersection,Normale,Autre collision,,,,,,,,,,,1,2,1,1,6
201500039974,0015-02-12 10:50:00,15,2,12,10,50,930,8,"0, SEMARD (AVENUE PIERRE",,,Plein jour,En agglomération,Hors intersection,Normale,Deux véhicules - arrière,,,,,,,,,,,1,2,1,1,2
201500039975,0015-02-15 23:05:00,15,2,15,23,5,930,8,"66, BARBUSSE (AVENUE HEN",,,Nuit avec éclairage allumé,En agglomération,Intersection en T,Normale,Deux véhicules - arrière,,,,,,,,,,,5,2,3,1,2
201500039976,0015-02-16 07:25:00,15,2,16,7,25,930,8,SEMARD (RUE PIERRE),,,Crépuscule ou aube,En agglomération,Intersection en T,Normale,Deux véhicules - côté,,,,,,,,,,,2,2,3,1,3
201500039977,0015-02-20 15:05:00,15,2,20,15,5,930,8,SAINT-ANDRE (RUE),,,Plein jour,En agglomération,Intersection en T,Pluie légère,Deux véhicules - côté,,,,,,,,,,,1,2,3,2,3
201500039978,0015-02-21 23:24:00,15,2,21,23,24,930,8,VAILLANT (AVENUE EDOUARD,,,Nuit avec éclairage allumé,En agglomération,Hors intersection,Normale,Autre collision,,,,,,,,,,,5,2,1,1,6
201500039979,0015-02-22 10:00:00,15,2,22,10,0,930,8,SEMARD (RUE PIERRE),,,Plein jour,En agglomération,Autre intersection,Normale,Deux véhicules - côté,,,,,,,,,,,1,2,9,1,3
201500039980,0015-03-02 17:52:00,15,3,2,17,52,930,8,DEVIATION (RUE DE LA),,,Plein jour,En agglomération,Intersection en X,Normale,Deux véhicules - frontale,,,,,,,,,,,1,2,2,1,1
201500039981,0015-03-06 19:40:00,15,3,6,19,40,930,8,JAURES (AVENUE JEAN),,,Nuit avec éclairage allumé,En agglomération,Intersection en X,Normale,Deux véhicules - côté,,,,,,,,,,,5,2,2,1,3
201500039982,0015-03-14 22:40:00,15,3,14,22,40,930,8,CALLAS (RUE MARIA),,,Nuit avec éclairage allumé,En agglomération,Intersection en X,Normale,Deux véhicules - côté,,,,,,,,,,,5,2,2,1,3
201500039983,0015-03-19 19:45:00,15,3,19,19,45,930,8,GROSLAY (CHEMIN DE) D20,,,Plein jour,En agglomération,Intersection en T,Normale,Deux véhicules - frontale,,,,,,,,,,,1,2,3,1,1
201500039984,0015-03-20 13:50:00,15,3,20,13,50,930,8,SEMARD (RUE PIERRE),,,Plein jour,En agglomération,Intersection en T,Normale,Deux véhicules - côté,,,,,,,,,,,1,2,3,1,3
201500039985,0015-03-27 04:16:00,15,3,27,4,16,930,8,"48, GROSLAY (CHEMIN DE)",,,Nuit avec éclairage allumé,En agglomération,Hors intersection,Normale,Deux véhicules - frontale,,,,,,,,,,,5,2,1,1,1
201500039986,0015-03-29 07:55:00,15,3,29,7,55,930,8,VAILLANT COUTURIER (AVEN,,,Plein jour,En agglomération,Hors intersection,Pluie légère,Autre collision,,,,,,,,,,,1,2,1,2,6
201500039987,0015-04-01 19:27:00,15,4,1,19,27,930,8,"0, CONVENTION (AVENUE DE",,,Plein jour,En agglomération,Hors intersection,Temps couvert,Autre collision,,,,,,,,,,,1,2,1,8,6
201500039988,0015-04-04 15:26:00,15,4,4,15,26,930,8,"00, VALLES (RUE JULES)",,,Plein jour,En agglomération,Hors intersection,Normale,Autre collision,,,,,,,,,,,1,2,1,1,6
201500039989,0015-04-15 13:20:00,15,4,15,13,20,930,8,"0000, VAILLANT COUTURIER",,,Plein jour,En agglomération,Autre intersection,Normale,Autre collision,,,,,,,,,,,1,2,9,1,6
201500039990,0015-05-01 22:15:00,15,5,1,22,15,930,8,"0000, GRANDE DENISE (RUE",,,Nuit avec éclairage allumé,En agglomération,Intersection en X,Pluie légère,Deux véhicules - côté,,,,,,,,,,,5,2,2,2,3
201500039991,0015-05-10 20:08:00,15,5,10,20,8,930,8,"4, CALLAS (RUE MARIA)",,,Plein jour,En agglomération,Intersection en X,Normale,Deux véhicules - côté,,,,,,,,,,,1,2,2,1,3
201500039992,0015-05-10 23:40:00,15,5,10,23,40,930,8,VAILLANT COUTURIER (AVEN,,,Nuit avec éclairage allumé,En agglomération,Hors intersection,Normale,Autre collision,,,,,,,,,,,5,2,1,1,6
201500039993,0015-05-11 13:50:00,15,5,11,13,50,930,8,"86, SEMARD (AVENUE PIERR",,,Plein jour,En agglomération,Hors intersection,Normale,Deux véhicules - frontale,,,,,,,,,,,1,2,1,1,1
201500039994,0015-05-18 14:20:00,15,5,18,14,20,930,8,"205, JAURES (AVENUE JEAN",,,Plein jour,En agglomération,Intersection en T,Normale,Autre collision,,,,,,,,,,,1,2,3,1,6
201500039995,0015-05-22 14:10:00,15,5,22,14,10,930,8,BARBUSSE (AVENUE HENRI),,,Plein jour,En agglomération,Hors intersection,Normale,Autre collision,,,,,,,,,,,1,2,1,1,6