accident_id,datetime,annee,mois,jour,heure,minute,departement,commune_insee,adresse,latitude,longitude,luminosite,agglomeration,intersection,meteo,collision,nb_vehicules,nb_usagers,nb_indemnes,nb_tues,nb_blesses_hosp,nb_blesses_legers,age_cond_1,age_cond_2,veh_type_cond_1,veh_type_cond_2,lum_code,agg_code,int_code,atm_code,col_code
201500039996,0015-05-31 14:30:00,15,5,31,14,30,930,8,"125, VAILLANT (AVENUE ED",,,Plein jour,En agglomération,Intersection en X,Pluie légère,Deux véhicules - côté,,,,,,,,,,,1,2,2,2,3
201500039997,0015-06-02 10:45:00,15,6,2,10,45,930,8,"0, VAILLANT COUTURIER (A",,,Plein jour,En agglomération,Hors intersection,Normale,Trois véhicules et plus - collisions multiples,,,,,,,,,,,1,2,1,1,5
201500039998,0015-06-10 13:03:00,15,6,10,13,3,930,8,"25, LENINE (BOULEVARD)",,,Plein jour,En agglomération,Hors intersection,Normale,Autre collision,,,,,,,,,,,1,2,1,1,6
201500039999,0015-06-14 10:30:00,15,6,14,10,30,930,8,"362, VAILLANT COUTURIER",,,Plein jour,En agglomération,Hors intersection,Normale,Trois véhicules et plus - collisions multiples,,,,,,,,,,,1,2,1,1,5
201500040000,0015-06-14 14:40:00,15,6,14,14,40,930,8,STALINGRAD (RUE DE) A10,,,Plein jour,En agglomération,Hors intersection,Normale,Autre collision,,,,,,,,,,,1,2,1,1,6
201500040001,0015-06-19 07:40:00,15,6,19,7,40,930,8,"00, REPUBLIQUE (RUE DE L",,,Plein jour,En agglomération,Intersection en X,Normale,Deux véhicules - côté,,,,,,,,,,,1,2,2,1,3
201500040002,0015-06-22 05:30:00,15,6,22,5,30,930,8,"000, BARBUSSE (AVENUE HE",,,Plein jour,En agglomération,Hors intersection,Normale,Autre collision,,,,,,,,,,,1,2,1,1,6
201500040003,0015-06-30 19:35:00,15,6,30,19,35,930,8,"000, HUATS (CHEMIN DES)",,,Plein jour,En agglomération,Hors intersection,Normale,Deux véhicules - côté,,,,,,,,,,,1,2,1,1,3
201500040004,0015-07-01 18:05:00,15,7,1,18,5,930,8,"19, LENINE (BOULEVARD)",,,Plein jour,En agglomération,Hors intersection,Normale,Autre collision,,,,,,,,,,,1,2,1,1,6
201500040005,0015-07-03 06:15:00,15,7,3,6,15,930,8,"324, VAILLANT COUTURIER",,,Plein jour,En agglomération,Hors intersection,Normale,Autre collision,,,,,,,,,,,1,2,1,1,6
201500040006,0015-07-09 16:50:00,15,7,9,16,50,930,8,"3, BERNARD (RUE)",,,Plein jour,En agglomération,Hors intersection,Normale,Autre collision,,,,,,,,,,,1,2,1,1,6
201500040007,0015-07-09 23:52:00,15,7,9,23,52,930,8,"01, LILLE (RUE DE)",,,Nuit avec éclairage allumé,En agglomération,Hors intersection,Normale,Autre collision,,,,,,,,,,,5,2,1,1,6
201500040008,0015-07-10 08:45:00,15,7,10,8,45,930,8,PARIS (RUE DE),,,Plein jour,En agglomération,Hors intersection,Normale,Autre collision,,,,,,,,,,,1,2,1,1,6
201500040009,0015-07-15 13:08:00,15,7,15,13,8,930,8,"00, PICASSO (RUE PABLO)",,,Plein jour,En agglomération,Hors intersection,Normale,Deux véhicules - côté,,,,,,,,,,,1,2,1,1,3
201500040010,0015-07-16 00:10:00,15,7,16,0,10,930,8,"00, PLACE SAINT JUSTE",,,Nuit avec éclairage allumé,En agglomération,Hors intersection,Autre,Trois véhicules et plus - en chaîne,,,,,,,,,,,5,2,1,9,4
201500040011,0015-08-03 14:25:00,15,8,3,14,25,930,8,"23, LENINE (BOULEVARD)",,,Plein jour,En agglomération,Hors intersection,Normale,Autre collision,,,,,,,,,,,1,2,1,1,6
201500040012,0015-08-03 20:15:00,15,8,3,20,15,930,8,16 VAILLANT (AVENUE EDO,,,Plein jour,En agglomération,Hors intersection,Normale,Autre collision,,,,,,,,,,,1,2,1,1,6
201500040013,0015-08-03 21:00:00,15,8,3,21,0,930,8,BUREAU (RUE MAURICE),,,Crépuscule ou aube,En agglomération,Intersection en T,Normale,Deux véhicules - côté,,,,,,,,,,,2,2,3,1,3
201500040014,0015-12-04 17:50:00,15,12,4,17,50,930,8,00 DEVIATION (RUE DE LA,,,Nuit avec éclairage allumé,En agglomération,Hors intersection,Normale,Deux véhicules - arrière,,,,,,,,,,,5,2,1,1,2
201500040015,0015-12-06 02:00:00,15,12,6,2,0,930,8,"68, BARBUSSE (AVENUE HEN",,,Crépuscule ou aube,En agglomération,Intersection en X,Normale,Autre collision,,,,,,,,,,,2,2,2,1,6
201500040016,0015-12-12 13:55:00,15,12,12,13,55,930,8,ESTIENNE D'ORVES (RUE D',,,Plein jour,En agglomération,Hors intersection,Pluie légère,Autre collision,,,,,,,,,,,1,2,1,2,6
201500040017,0015-12-14 14:40:00,15,12,14,14,40,930,8,"125, STALINGRAD (RUE DE)",,,Plein jour,En agglomération,Hors intersection,Normale,Autre collision,,,,,,,,,,,1,2,1,1,6
201500040018,0015-12-14 18:20:00,15,12,14,18,20,930,8,"163, BARBUSSE (AVENUE HE",,,Nuit sans éclairage public,En agglomération,Hors intersection,Normale,Deux véhicules - arrière,,,,,,,,,,,3,2,1,1,2
201500040019,0015-12-18 17:05:00,15,12,18,17,5,930,8,0 GAGARINE (AVENUE YOUR,,,Nuit avec éclairage allumé,En agglomération,Hors intersection,Normale,Autre collision,,,,,,,,,,,5,2,1,1,6
201500040020,0015-07-19 17:30:00,15,7,19,17,30,930,8,"45, ARAGON (AVENUE LOUIS",,,Plein jour,En agglomération,Hors intersection,Normale,Deux véhicules - côté,,,,,,,,,,,1,2,1,1,3
201500040021,0015-12-19 12:30:00,15,12,19,12,30,930,8,"00, PARIS (RUE DE)",,,Plein jour,Hors agglomération,Hors intersection,Normale,Deux véhicules - arrière,,,,,,,,,,,1,1,1,1,2
201500040022,0015-12-21 18:20:00,15,12,21,18,20,930,8,0 VAILLANT COUTURIER (A,,,Nuit avec éclairage allumé,En agglomération,Passage à niveau,Pluie légère,Autre collision,,,,,,,,,,,5,2,8,2,6
201500040023,0015-12-28 20:45:00,15,12,28,20,45,930,8,0 RENARD (RUE EDOUARD),,,Nuit avec éclairage allumé,En agglomération,Autre intersection,Normale,Autre collision,,,,,,,,,,,5,2,9,1,6
201500040024,0015-08-06 21:10:00,15,8,6,21,10,930,8,VAILLANT COUTURIER (AVEN,,,Plein jour,En agglomération,Hors intersection,Normale,Autre collision,,,,,,,,,,,1,2,1,1,6
201500040025,0015-12-29 10:55:00,15,12,29,10,55,930,8,0 REPUBLIQUE (RUE DE LA,,,Plein jour,En agglomération,Intersection en X,Pluie légère,Deux véhicules - côté,,,,,,,,,,,1,2,2,2,3
201500040026,0015-08-09 23:00:00,15,8,9,23,0,930,8,"187, BARBUSSE (AVENUE HE",,,Nuit avec éclairage allumé,En agglomération,Autre intersection,Normale,Autre collision,,,,,,,,,,,5,2,9,1,6
201500040027,0015-12-29 14:50:00,15,12,29,14,50,930,8,4 UNION (RUE DE L'),,,Plein jour,En agglomération,Hors intersection,Normale,Deux véhicules - côté,,,,,,,,,,,1,2,1,1,3
201500040028,0015-08-10 18:16:00,15,8,10,18,16,930,8,00 BARBUSSE (AVENUE HEN,,,Plein jour,En agglomération,Hors intersection,Normale,Deux véhicules - côté,,,,,,,,,,,1,2,1,1,3
201500040029,0015-08-13 02:15:00,15,8,13,2,15,930,8,0 VAILLANT COUTURIER (A,,,Nuit avec éclairage allumé,En agglomération,Hors intersection,Normale,Autre collision,,,,,,,,,,,5,2,1,1,6
201500040030,0015-08-16 01:40:00,15,8,16,1,40,930,8,A86 en tunnel avt sortie,,,Nuit avec éclairage allumé,Hors agglomération,Hors intersection,Normale,Deux véhicules - arrière,,,,,,,,,,,5,1,1,1,2
201500040031,0015-08-16 00:40:00,15,8,16,0,40,930,8,ILLUSTRATION (AVENUE DE,,,Nuit sans éclairage public,En agglomération,Hors intersection,Normale,Autre collision,,,,,,,,,,,3,2,1,1,6
201500040032,0015-08-24 12:10:00,15,8,24,12,10,930,8,"442, VAILLANT COUTURIER",,,Plein jour,En agglomération,Hors intersection,Pluie forte,Trois véhicules et plus - collisions multiples,,,,,,,,,,,1,2,1,3,5
201500040033,0015-08-24 12:10:00,15,8,24,12,10,930,8,"450, VAILLANT COUTURIER",,,Plein jour,En agglomération,Hors intersection,Pluie forte,Trois véhicules et plus - en chaîne,,,,,,,,,,,1,2,1,3,4
201500040034,0015-08-26 11:25:00,15,8,26,11,25,930,8,"247, VAILLANT COUTURIER",,,Plein jour,En agglomération,Hors intersection,Normale,Deux véhicules - côté,,,,,,,,,,,1,2,1,1,3
201500040035,0015-08-27 17:00:00,15,8,27,17,0,930,8,DIVISION LECLERC (AVENUE,,,Plein jour,En agglomération,Hors intersection,Pluie légère,Deux véhicules - arrière,,,,,,,,,,,1,2,1,2,2
201500040036,0015-09-02 09:20:00,15,9,2,9,20,930,8,VAILLANT (AVENUE EDOUARD,,,Plein jour,En agglomération,Hors intersection,Normale,Deux véhicules - côté,,,,,,,,,,,1,2,1,1,3
201500040037,0015-09-02 17:25:00,15,9,2,17,25,930,8,"000, SATIE (RUE ERIK)",,,Plein jour,En agglomération,Autre intersection,Normale,Autre collision,,,,,,,,,,,1,2,9,1,6
201500040038,0015-09-08 07:00:00,15,9,8,7,0,930,8,"000, STADE AUGUSTE DELAU",,,Plein jour,En agglomération,Intersection en T,Normale,Autre collision,,,,,,,,,,,1,2,3,1,6
201500040039,0015-09-12 15:10:00,15,9,12,15,10,930,8,"000, GAGARINE (AVENUE YO",,,Plein jour,En agglomération,Giratoire,Pluie forte,Deux véhicules - arrière,,,,,,,,,,,1,2,6,3,2
201500040040,0015-09-14 14:05:00,15,9,14,14,5,930,8,"147, VAILLANT COUTURIER",,,Plein jour,En agglomération,Hors intersection,Normale,Deux véhicules - arrière,,,,,,,,,,,1,2,1,1,2
201500040041,0015-09-17 16:20:00,15,9,17,16,20,930,8,"147, SEMARD (RUE PIERRE)",,,Plein jour,En agglomération,Hors intersection,Normale,Autre collision,,,,,,,,,,,1,2,1,1,6
201500040042,0015-09-20 05:30:00,15,9,20,5,30,930,8,"302, VAILLANT COUTURIER",,,Nuit sans éclairage public,En agglomération,Hors intersection,Normale,Autre collision,,,,,,,,,,,3,2,1,1,6
201500040043,0015-09-21 18:35:00,15,9,21,18,35,930,8,"195, JAURES (AVENUE JEAN",,,Plein jour,En agglomération,Hors intersection,Normale,Sans collision,,,,,,,,,,,1,2,1,1,7
201500040044,0015-10-03 13:30:00,15,10,3,13,30,930,8,"00, VAILLANT COUTURIER (",,,Plein jour,En agglomération,Hors intersection,Normale,Autre collision,,,,,,,,,,,1,2,1,1,6
201500040045,0015-10-06 21:07:00,15,10,6,21,7,930,8,"0, VAILLANT COUTURIER (A",,,Nuit avec éclairage allumé,En agglomération,Hors intersection,Normale,Deux véhicules - côté,,,,,,,,,,,5,2,1,1,3
201500040046,0015-10-07 17:30:00,15,10,7,17,30,930,8,"63, PARIS (RUE DE)",,,Plein jour,En agglomération,Hors intersection,Normale,Deux véhicules - frontale,,,,,,,,,,,1,2,1,1,1
201500040047,0015-10-14 20:30:00,15,10,14,20,30,930,8,"149, VAILLANT COUTURIER",,,Nuit avec éclairage allumé,En agglomération,Intersection en T,Pluie légère,Deux véhicules - arrière,,,,,,,,,,,5,2,3,2,2
201500040048,0015-10-22 04:25:00,15,10,22,4,25,930,8,"000, VAILLANT COUTURIER",,,Nuit avec éclairage allumé,En agglomération,Hors intersection,Pluie légère,Sans collision,,,,,,,,,,,5,2,1,2,7
201500040049,0015-10-22 04:55:00,15,10,22,4,55,930,8,"00, PLACE SAINT JUSTE",,,Nuit avec éclairage allumé,En agglomération,Giratoire,Pluie légère,Deux véhicules - côté,,,,,,,,,,,5,2,6,2,3
201500040050,0015-10-24 23:15:00,15,10,24,23,15,930,8,"73, UNION (RUE DE L')",,,Nuit avec éclairage allumé,En agglomération,Hors intersection,Normale,Autre collision,,,,,,,,,,,5,2,1,1,6
201500040051,0015-10-27 23:20:00,15,10,27,23,20,930,8,"00, VAILLANT COUTURIER (",,,Nuit avec éclairage allumé,En agglomération,Hors intersection,Pluie légère,Autre collision,,,,,,,,,,,5,2,1,2,6
201500040052,0015-11-03 11:40:00,15,11,3,11,40,930,8,"0, VAILLANT COUTURIER (A",,,Plein jour,En agglomération,Hors intersection,Pluie légère,Autre collision,,,,,,,,,,,1,2,1,2,6
201500040053,0015-11-03 16:30:00,15,11,3,16,30,930,8,"0, VAILLANT COUTURIER (A",,,Plein jour,En agglomération,Hors intersection,Normale,Autre collision,,,,,,,,,,,1,2,1,1,6
201500040054,0015-11-03 18:45:00,15,11,3,18,45,930,8,"00, VAILLANT COUTURIER (",,,Nuit sans éclairage public,En agglomération,Hors intersection,Normale,Autre collision,,,,,,,,,,,3,2,1,1,6
201500040055,0015-11-06 08:45:00,15,11,6,8,45,930,8,"0, MADELEINE (CHEMIN DE",,,Plein jour,En agglomération,Hors intersection,Normale,Autre collision,,,,,,,,,,,1,2,1,1,6
201500040056,0015-11-07 12:10:00,15,11,7,12,10,930,8,"0, VAILLANT COUTURIER (A",,,Plein jour,Hors agglomération,Hors intersection,Normale,Deux véhicules - côté,,,,,,,,,,,1,1,1,1,3
201500040057,0015-11-30 14:00:00,15,11,30,14,0,930,8,42 BELWO (RUE PAUL),,,Plein jour,En agglomération,Hors intersection,Normale,Deux véhicules - côté,,,,,,,,,,,1,2,1,1,3
201500040058,0015-10-26 18:30:00,15,10,26,18,30,930,8,STALINGRAD (RUE DE) A10,,,Nuit avec éclairage allumé,En agglomération,Hors intersection,Normale,Deux véhicules - côté,,,,,,,,,,,5,2,1,1,3
201500040059,0015-11-12 23:30:00,15,11,12,23,30,930,8,"10, RENARD (RUE EDOUARD)",,,Nuit avec éclairage non allumé,En agglomération,Hors intersection,Normale,Autre collision,,,,,,,,,,,4,2,1,1,6
201500040060,0015-11-13 12:30:00,15,11,13,12,30,930,8,"0, GRANDE DENISE (RUE DE",,,Plein jour,En agglomération,Autre intersection,Normale,Deux véhicules - côté,,,,,,,,,,,1,2,9,1,3
201500040061,0015-11-21 08:10:00,15,11,21,8,10,930,8,"0, VAILLANT COUTURIER (A",,,Plein jour,En agglomération,Hors intersection,Pluie forte,Autre collision,,,,,,,,,,,1,2,1,3,6
201500040062,0015-11-21 10:20:00,15,11,21,10,20,930,8,"0, GRAND AIR (RUE DU)",,,Plein jour,En agglomération,Hors intersection,Pluie légère,Deux véhicules - côté,,,,,,,,,,,1,2,1,2,3
201500040063,0015-03-12 08:47:00,15,3,12,8,47,930,57,"10, LOUIS XIV (AL.)",,,Plein jour,En agglomération,Intersection en X,Normale,Autre collision,,,,,,,,,,,1,2,2,1,6
201500040064,0015-01-04 02:10:00,15,1,4,2,10,930,10,"113, GALLIENI (AV.) DE 1",,,Nuit avec éclairage allumé,En agglomération,Hors intersection,Autre,Trois véhicules et plus - en chaîne,,,,,,,,,,,5,2,1,9,4
201500040065,0015-01-10 13:40:00,15,1,10,13,40,930,10,AULNAY (ROUTE) DE 47 A 1,,,Plein jour,En agglomération,Hors intersection,Normale,Deux véhicules - côté,,,,,,,,,,,1,2,1,1,3
201500040066,0015-01-15 11:20:00,15,1,15,11,20,930,10,GATINE (RUE),,,Plein jour,En agglomération,Hors intersection,Pluie légère,Deux véhicules - côté,,,,,,,,,,,1,2,1,2,3
201500040067,0015-01-22 09:50:00,15,1,22,9,50,930,10,BARBUSSE (AV. HENRI) DE,,,Plein jour,En agglomération,Hors intersection,Normale,Autre collision,,,,,,,,,,,1,2,1,1,6
201500040068,0015-01-22 17:55:00,15,1,22,17,55,930,57,"47, BRIAND ( AV. ARISTID",,,Nuit avec éclairage allumé,En agglomération,Hors intersection,Normale,Autre collision,,,,,,,,,,,5,2,1,1,6
201500040069,0015-02-02 17:40:00,15,2,2,17,40,930,10,"ignor?, STAINS (RTE DE)",,,Nuit avec éclairage allumé,En agglomération,Hors intersection,Normale,Autre collision,,,,,,,,,,,5,2,1,1,6
201500040070,0015-02-02 20:15:00,15,2,2,20,15,930,57,"12, MESANGES (AL. DES)",,,Nuit avec éclairage allumé,En agglomération,Hors intersection,Normale,Trois véhicules et plus - en chaîne,,,,,,,,,,,5,2,1,1,4
201500040071,0015-02-04 17:30:00,15,2,4,17,30,930,57,"76, BRIAND (AV. ARISTIDE",,,Plein jour,En agglomération,Hors intersection,Normale,Deux véhicules - arrière,,,,,,,,,,,1,2,1,1,2
201500040072,0015-02-08 09:00:00,15,2,8,9,0,930,57,"0000000000, BRIAND (AV.",,,Plein jour,En agglomération,Hors intersection,Temps couvert,Deux véhicules - arrière,,,,,,,,,,,1,2,1,8,2
201500040073,0015-02-11 16:45:00,15,2,11,16,45,930,10,"inc, PASTEUR (AV.)",,,Plein jour,En agglomération,Intersection en T,Normale,Autre collision,,,,,,,,,,,1,2,3,1,6
201500040074,0015-02-12 08:40:00,15,2,12,8,40,930,57,"46, MONTYON (AL.) 1 A 74",,,Plein jour,En agglomération,Hors intersection,Normale,Deux véhicules - arrière,,,,,,,,,,,1,2,1,1,2
201500040075,0015-02-18 12:20:00,15,2,18,12,20,930,10,GUESDES (RUE JULES),,,Plein jour,En agglomération,Hors intersection,Temps couvert,Autre collision,,,,,,,,,,,1,2,1,8,6
201500040076,0015-02-22 21:35:00,15,2,22,21,35,930,10,"0000000000, GUESDES (rUE",,,Nuit avec éclairage allumé,En agglomération,Intersection en X,Neige / grêle,Autre collision,,,,,,,,,,,5,2,2,4,6
201500040077,0015-02-25 22:20:00,15,2,25,22,20,930,10,VARAGNAT (AVENUE HENRI),,,Nuit avec éclairage allumé,En agglomération,Intersection en X,Temps couvert,Deux véhicules - arrière,,,,,,,,,,,5,2,2,8,2
201500040078,0015-02-26 12:15:00,15,2,26,12,15,930,57,JAURES (AV. JEAN) 125 A,,,Plein jour,En agglomération,Hors intersection,Pluie légère,Trois véhicules et plus - en chaîne,,,,,,,,,,,1,2,1,2,4
201500040079,0015-02-26 19:50:00,15,2,26,19,50,930,10,"0000000000, POTAGER (RUE",,,Nuit avec éclairage allumé,En agglomération,Hors intersection,Pluie forte,Autre collision,,,,,,,,,,,5,2,1,3,6
201500040080,0015-03-11 10:40:00,15,3,11,10,40,930,10,GALLIENI (AV.) DE 111 A,,,Plein jour,En agglomération,Hors intersection,Normale,Autre collision,,,,,,,,,,,1,2,1,1,6
201500040081,0015-03-13 16:30:00,15,3,13,16,30,930,57,"105, WILSON (AV. DU PRES",,,Plein jour,En agglomération,Hors intersection,Normale,Autre collision,,,,,,,,,,,1,2,1,1,6
201500040082,0015-03-15 09:37:00,15,3,15,9,37,930,57,140 FRANKLIN (AV.) 104,,,Crépuscule ou aube,En agglomération,Hors intersection,Normale,Deux véhicules - côté,,,,,,,,,,,2,2,1,1,3
201500040083,0015-03-18 17:25:00,15,3,18,17,25,930,10,BLUM (AV. LEON),,,Plein jour,En agglomération,Intersection en T,Normale,Autre collision,,,,,,,,,,,1,2,3,1,6
201500040084,0015-03-25 20:30:00,15,3,25,20,30,930,10,BLUM (AV. LEON),,,Nuit avec éclairage allumé,En agglomération,Giratoire,Normale,Autre collision,,,,,,,,,,,5,2,6,1,6
201500040085,0015-03-26 22:16:00,15,3,26,22,16,930,57,"64, BRIAND (AV. ARISTIDE",,,Nuit avec éclairage allumé,En agglomération,Intersection en X,Normale,Autre collision,,,,,,,,,,,5,2,2,1,6
201500040086,0015-03-29 09:45:00,15,3,29,9,45,930,10,"28, DOLET (RUE ETIENNE)",,,Plein jour,En agglomération,Hors intersection,Pluie légère,Deux véhicules - côté,,,,,,,,,,,1,2,1,2,3
201500040087,0015-04-03 15:00:00,15,4,3,15,0,930,57,AUFFRET (AL.JULES) 1 A 6,,,Plein jour,En agglomération,Intersection en Y,Pluie légère,Autre collision,,,,,,,,,,,1,2,4,2,6
201500040088,0015-04-03 20:45:00,15,4,3,20,45,930,57,59 BRIAND ( AV. ARISTID,,,Nuit avec éclairage allumé,En agglomération,Hors intersection,Pluie forte,Deux véhicules - arrière,,,,,,,,,,,5,2,1,3,2
201500040089,0015-04-13 17:25:00,15,4,13,17,25,930,10,FRANCE (AV. ANATOLE) D,,,Plein jour,En agglomération,Hors intersection,Normale,Autre collision,,,,,,,,,,,1,2,1,1,6
201500040090,0015-04-09 18:20:00,15,4,9,18,20,930,57,"0000000000, BRIAND ( AV.",,,Plein jour,En agglomération,Hors intersection,Normale,Deux véhicules - côté,,,,,,,,,,,1,2,1,1,3
201500040091,0015-03-11 13:20:00,15,3,11,13,20,930,10,"000000000, BLUM (AV. LEO",,,Plein jour,En agglomération,Giratoire,Normale,Deux véhicules - côté,,,,,,,,,,,1,2,6,1,3
201500040092,0015-04-14 17:20:00,15,4,14,17,20,930,10,0000000000 FRANCE (AV.,,,Plein jour,En agglomération,Hors intersection,Normale,Deux véhicules - côté,,,,,,,,,,,1,2,1,1,3
201500040093,0015-04-21 10:20:00,15,4,21,10,20,930,10,VERDUN (AV. DE) 1 A 33,,,Plein jour,En agglomération,Hors intersection,Normale,Deux véhicules - côté,,,,,,,,,,,1,2,1,1,3
201500040094,0015-05-02 09:35:00,15,5,2,9,35,930,10,", BARBUSSE (AV. HENRI) D",,,Plein jour,En agglomération,Hors intersection,Normale,Deux véhicules - arrière,,,,,,,,,,,1,2,1,1,2
201500040095,0015-05-05 07:20:00,15,5,5,7,20,930,57,BRIAND ( AV. ARISTIDE) 3,,,Plein jour,En agglomération,Hors intersection,Normale,Deux véhicules - arrière,,,,,,,,,,,1,2,1,1,2
201500040096,0015-05-07 17:10:00,15,5,7,17,10,930,10,"07, LEBAS (AV. JEAN)",,,Plein jour,En agglomération,Hors intersection,Normale,Autre collision,,,,,,,,,,,1,2,1,1,6
201500040097,0015-05-14 14:10:00,15,5,14,14,10,930,10,"13, GATINE (RUE)",,,Plein jour,En agglomération,Autre intersection,Temps couvert,Deux véhicules - côté,,,,,,,,,,,1,2,9,8,3
201500040098,0015-05-07 07:40:00,15,5,7,7,40,930,10,BONDY (PONT),,,Plein jour,En agglomération,Hors intersection,Normale,Deux véhicules - côté,,,,,,,,,,,1,2,1,1,3
201500040099,0015-05-19 15:15:00,15,5,19,15,15,930,57,140 BRIAND ( AV. ARISTI,,,Plein jour,En agglomération,Hors intersection,Normale,Deux véhicules - côté,,,,,,,,,,,1,2,1,1,3
201500040100,0015-05-13 16:40:00,15,5,13,16,40,930,10,BUISSON (AV. SUZANNE),,,Plein jour,En agglomération,Hors intersection,Normale,Autre collision,,,,,,,,,,,1,2,1,1,6
201500040101,0015-05-19 18:35:00,15,5,19,18,35,930,57,BRIAND ( AV. ARISTIDE) 1,,,Plein jour,En agglomération,Intersection en T,Normale,Deux véhicules - côté,,,,,,,,,,,1,2,3,1,3
201500040102,0015-05-21 17:10:00,15,5,21,17,10,930,10,LYSSANDRE (PL. GEORGES),,,Plein jour,En agglomération,Hors intersection,Normale,Autre collision,,,,,,,,,,,1,2,1,1,6
201500040103,0015-05-22 19:40:00,15,5,22,19,40,930,10,QUATORZE-JUILLET (AV. DU,,,Plein jour,En agglomération,Hors intersection,Normale,Deux véhicules - arrière,,,,,,,,,,,1,2,1,1,2
201500040104,0015-05-31 14:00:00,15,5,31,14,0,930,10,"15, GALLIENI (AV.) DE 1",,,Plein jour,En agglomération,Hors intersection,Pluie légère,Deux véhicules - arrière,,,,,,,,,,,1,2,1,2,2
201500040105,0015-06-04 11:10:00,15,6,4,11,10,930,10,BARBUSSE (AV. HENRI) DE,,,Plein jour,En agglomération,Hors intersection,Normale,Autre collision,,,,,,,,,,,1,2,1,1,6
201500040106,0015-06-03 17:55:00,15,6,3,17,55,930,10,"181, GALLIENI (AV.) DE 2",,,Plein jour,En agglomération,Hors intersection,Normale,Autre collision,,,,,,,,,,,1,2,1,1,6
201500040107,0015-06-05 07:05:00,15,6,5,7,5,930,57,BRIAND ( AV. ARISTIDE) 2,,,Plein jour,En agglomération,Intersection à plus de 4 branches,Temps éblouissant,Sans collision,,,,,,,,,,,1,2,5,7,7
201500040108,0015-06-07 21:25:00,15,6,7,21,25,930,57,JAURES (AV. JEAN) 125 A,,,Crépuscule ou aube,En agglomération,Intersection en X,Normale,Deux véhicules - côté,,,,,,,,,,,2,2,2,1,3
201500040109,0015-06-09 18:05:00,15,6,9,18,5,930,57,"126, BRIAND (AV. ARISTID",,,Plein jour,En agglomération,Hors intersection,Normale,Deux véhicules - arrière,,,,,,,,,,,1,2,1,1,2
201500040110,0015-06-10 12:40:00,15,6,10,12,40,930,57,"137, JAURES (AV. JEAN) 1",,,Plein jour,En agglomération,Hors intersection,Normale,Trois véhicules et plus - en chaîne,,,,,,,,,,,1,2,1,1,4
201500040111,0015-06-11 14:17:00,15,6,11,14,17,930,10,VERDUN (AV. DE) 12 A FIN,,,Plein jour,En agglomération,Autre intersection,Normale,Deux véhicules - frontale,,,,,,,,,,,1,2,9,1,1
201500040112,0015-06-12 23:45:00,15,6,12,23,45,930,10,9 VAILLANT (RUE EDOUARD,,,Nuit avec éclairage allumé,En agglomération,Intersection en X,Normale,Deux véhicules - côté,,,,,,,,,,,5,2,2,1,3
201500040113,0015-06-15 12:55:00,15,6,15,12,55,930,10,BARBUSSE (AV. HENRI) DE,,,Plein jour,En agglomération,Autre intersection,Temps couvert,Deux véhicules - côté,,,,,,,,,,,1,2,9,8,3
201500040114,0015-06-15 10:00:00,15,6,15,10,0,930,57,FABIEN (AL. DU COLONEL),,,Plein jour,En agglomération,Intersection en T,Normale,Autre collision,,,,,,,,,,,1,2,3,1,6
201500040115,0015-06-18 18:20:00,15,6,18,18,20,930,10,"98, FRANCE (AV. ANATOLE)",,,Plein jour,En agglomération,Intersection en T,Normale,Deux véhicules - côté,,,,,,,,,,,1,2,3,1,3
201500040116,0015-06-20 19:05:00,15,6,20,19,5,930,10,"22, GUEUGNON (AV.)",,,Plein jour,En agglomération,Hors intersection,Normale,Deux véhicules - frontale,,,,,,,,,,,1,2,1,1,1
201500040117,0015-06-22 13:00:00,15,6,22,13,0,930,57,"68, JAURES (AV. JEAN) 1",,,Plein jour,En agglomération,Intersection en T,Normale,Deux véhicules - côté,,,,,,,,,,,1,2,3,1,3
201500040118,0015-06-27 17:52:00,15,6,27,17,52,930,57,MARAIS (AL. FRANCOIS),,,Plein jour,En agglomération,Hors intersection,Temps éblouissant,Autre collision,,,,,,,,,,,1,2,1,7,6
201500040119,0015-06-29 11:00:00,15,6,29,11,0,930,10,GROSLAY (CHEM. DE),,,Plein jour,En agglomération,Giratoire,Normale,Deux véhicules - côté,,,,,,,,,,,1,2,6,1,3
201500040120,0015-06-29 14:41:00,15,6,29,14,41,930,57,"262, BRIAND ( AV. ARISTI",,,Plein jour,En agglomération,Hors intersection,Normale,Deux véhicules - côté,,,,,,,,,,,1,2,1,1,3
201500040121,0015-07-04 12:10:00,15,7,4,12,10,930,10,"IGNORE, NEUBURGER (PL. N",,,Plein jour,En agglomération,Hors intersection,Normale,Deux véhicules - arrière,,,,,,,,,,,1,2,1,1,2
201500040122,0015-07-05 23:55:00,15,7,5,23,55,930,10,"152, VAILLANT (RUE EDOUA",,,Nuit avec éclairage allumé,En agglomération,Intersection en X,Normale,Deux véhicules - côté,,,,,,,,,,,5,2,2,1,3
201500040123,0015-07-08 09:40:00,15,7,8,9,40,930,57,JAURES (AV. JEAN) 118 A,,,Plein jour,En agglomération,Hors intersection,Normale,Deux véhicules - côté,,,,,,,,,,,1,2,1,1,3
201500040124,0015-07-10 23:50:00,15,7,10,23,50,930,10,GALLIENI (AV.) CONFORAMA,,,Nuit avec éclairage allumé,En agglomération,Hors intersection,Normale,Sans collision,,,,,,,,,,,5,2,1,1,7
201500040125,0015-07-13 15:45:00,15,7,13,15,45,930,10,"108, GALLIENI (AV.) DE 1",,,Plein jour,En agglomération,Hors intersection,Normale,Deux véhicules - côté,,,,,,,,,,,1,2,1,1,3
201500040126,0015-07-22 09:10:00,15,7,22,9,10,930,10,GALLIENI (AV.) DE 177 A,,,Plein jour,En agglomération,Intersection en X,Normale,Deux véhicules - côté,,,,,,,,,,,1,2,2,1,3