accident_id,datetime,annee,mois,jour,heure,minute,departement,commune_insee,adresse,latitude,longitude,luminosite,agglomeration,intersection,meteo,collision,nb_vehicules,nb_usagers,nb_indemnes,nb_tues,nb_blesses_hosp,nb_blesses_legers,age_cond_1,age_cond_2,veh_type_cond_1,veh_type_cond_2,lum_code,agg_code,int_code,atm_code,col_code
201500040127,0015-07-24 01:25:00,15,7,24,1,25,930,10,FORET (PONT DE LA),,,Nuit avec éclairage allumé,En agglomération,Hors intersection,Normale,Sans collision,,,,,,,,,,,5,2,1,1,7
201500040128,0015-07-26 05:05:00,15,7,26,5,5,930,57,"230, BRIAND (AV. ARISTID",,,Nuit avec éclairage allumé,En agglomération,Hors intersection,Normale,Deux véhicules - côté,,,,,,,,,,,5,2,1,1,3
201500040129,0015-07-26 12:40:00,15,7,26,12,40,930,57,MONTYON (AL.) 1 A 74,,,Plein jour,En agglomération,Intersection en X,Pluie légère,Deux véhicules - côté,,,,,,,,,,,1,2,2,2,3
201500040130,0015-07-27 20:20:00,15,7,27,20,20,930,10,"53, GALLIENI (AV.) CONFO",,,Plein jour,En agglomération,Hors intersection,Normale,Autre collision,,,,,,,,,,,1,2,1,1,6
201500040131,0015-07-31 08:15:00,15,7,31,8,15,930,10,"47, BLANQUI (R. LOUIS-AU",,,Plein jour,En agglomération,Hors intersection,Normale,Deux véhicules - côté,,,,,,,,,,,1,2,1,1,3
201500040132,0015-07-31 15:00:00,15,7,31,15,0,930,10,GALLIENI (AV.) DE 1 A 10,,,Plein jour,En agglomération,Hors intersection,Normale,Deux véhicules - arrière,,,,,,,,,,,1,2,1,1,2
201500040133,0015-07-31 15:50:00,15,7,31,15,50,930,10,"0000000000, GALLIENI (AV",,,Plein jour,En agglomération,Hors intersection,Normale,Deux véhicules - côté,,,,,,,,,,,1,2,1,1,3
201500040134,0015-08-07 17:25:00,15,8,7,17,25,930,57,"278, BRIAND ( AV. ARISTI",,,Plein jour,En agglomération,Hors intersection,Pluie légère,Autre collision,,,,,,,,,,,1,2,1,2,6
201500040135,0015-08-11 13:35:00,15,8,11,13,35,930,57,"278, BRIAND ( AV.  ARIST",,,Plein jour,En agglomération,Intersection en T,Normale,Deux véhicules - arrière,,,,,,,,,,,1,2,3,1,2
201500040136,0015-08-22 15:45:00,15,8,22,15,45,930,10,"20, VARAGNAT (AVENUE HEN",,,Plein jour,En agglomération,Hors intersection,Normale,Deux véhicules - frontale,,,,,,,,,,,1,2,1,1,1
201500040137,0015-06-18 18:10:00,15,6,18,18,10,930,10,"36, GUESDES (RUE JULES)",,,Plein jour,En agglomération,Hors intersection,Normale,Autre collision,,,,,,,,,,,1,2,1,1,6
201500040138,0015-08-25 21:50:00,15,8,25,21,50,930,10,"0, GALLIENI (AV.) DE 177",,,Nuit avec éclairage allumé,En agglomération,Hors intersection,Pluie légère,Deux véhicules - côté,,,,,,,,,,,5,2,1,2,3
201500040139,0015-08-30 22:30:00,15,8,30,22,30,930,57,"262, BRIAND (AV. ARISTID",,,Nuit avec éclairage allumé,En agglomération,Hors intersection,Normale,Deux véhicules - arrière,,,,,,,,,,,5,2,1,1,2
201500040140,0015-09-09 14:50:00,15,9,9,14,50,930,10,ROSNY (AV. DE),,,Plein jour,En agglomération,Intersection en X,Normale,Deux véhicules - frontale,,,,,,,,,,,1,2,2,1,1
201500040141,0015-09-10 09:00:00,15,9,10,9,0,930,57,"2, CALMANOVIC (AL. LOUIS",,,Plein jour,En agglomération,Hors intersection,Normale,Autre collision,,,,,,,,,,,1,2,1,1,6
201500040142,0015-09-18 18:09:00,15,9,18,18,9,930,10,"130, GALLIENI (AV.) DE 9",,,Plein jour,En agglomération,Hors intersection,Pluie légère,Deux véhicules - arrière,,,,,,,,,,,1,2,1,2,2
201500040143,0015-09-25 09:15:00,15,9,25,9,15,930,10,GALLIENI (AV.) DE 1 A 10,,,Plein jour,En agglomération,Intersection en Y,Normale,Deux véhicules - côté,,,,,,,,,,,1,2,4,1,3
201500040144,0015-09-28 08:20:00,15,9,28,8,20,930,57,BRIAND ( AV. ARISTIDE) 2,,,Plein jour,En agglomération,Hors intersection,Normale,Autre collision,,,,,,,,,,,1,2,1,1,6
201500040145,0015-10-02 11:58:00,15,10,2,11,58,930,10,GALLIENI (AV.) CONFORAMA,,,Plein jour,Hors agglomération,Hors intersection,Normale,Deux véhicules - arrière,,,,,,,,,,,1,1,1,1,2
201500040146,0015-10-08 14:30:00,15,10,8,14,30,930,10,"27, QUATORZE-JUILLET (AV",,,Plein jour,En agglomération,Autre intersection,Normale,Deux véhicules - côté,,,,,,,,,,,1,2,9,1,3
201500040147,0015-10-09 13:15:00,15,10,9,13,15,930,57,"119, JAURES (AV. JEAN) 1",,,Plein jour,En agglomération,Hors intersection,Normale,Deux véhicules - côté,,,,,,,,,,,1,2,1,1,3
201500040148,0015-10-11 16:25:00,15,10,11,16,25,930,57,"108, BRIAND (AV. ARISTID",,,Plein jour,En agglomération,Hors intersection,Normale,Deux véhicules - arrière,,,,,,,,,,,1,2,1,1,2
201500040149,0015-10-13 17:00:00,15,10,13,17,0,930,10,"52, GALLIENI (AV.) DE 2",,,Plein jour,En agglomération,Hors intersection,Normale,Deux véhicules - côté,,,,,,,,,,,1,2,1,1,3
201500040150,0015-10-16 21:20:00,15,10,16,21,20,930,57,ESTIENNE (AL. ROBERT),,,Nuit avec éclairage allumé,En agglomération,Intersection en X,Temps couvert,Deux véhicules - côté,,,,,,,,,,,5,2,2,8,3
201500040151,0015-10-21 09:00:00,15,10,21,9,0,930,10,VERDUN (AV. DE) 1 A 33,,,Plein jour,En agglomération,Intersection en X,Normale,Deux véhicules - côté,,,,,,,,,,,1,2,2,1,3
201500040152,0015-10-27 09:45:00,15,10,27,9,45,930,57,JAURES (AV. JEAN) 1 A 12,,,Plein jour,En agglomération,Intersection en T,Normale,Deux véhicules - arrière,,,,,,,,,,,1,2,3,1,2
201500040153,0015-11-02 09:10:00,15,11,2,9,10,930,57,BRIAND ( AV.  ARISTIDE),,,Plein jour,En agglomération,Hors intersection,Normale,Deux véhicules - côté,,,,,,,,,,,1,2,1,1,3
201500040154,0015-11-04 19:55:00,15,11,4,19,55,930,10,"196, GALLIENI (AV.) DE 1",,,Nuit avec éclairage allumé,En agglomération,Hors intersection,Normale,Deux véhicules - arrière,,,,,,,,,,,5,2,1,1,2
201500040155,0015-11-09 23:50:00,15,11,9,23,50,930,10,"60, GALLIENI (AV.) DE 17",,,Nuit avec éclairage allumé,En agglomération,Hors intersection,Normale,Deux véhicules - arrière,,,,,,,,,,,5,2,1,1,2
201500040156,0015-11-12 10:20:00,15,11,12,10,20,930,57,BRIAND (AV. ARISTIDE) 2,,,Plein jour,En agglomération,Hors intersection,Temps couvert,Deux véhicules - côté,,,,,,,,,,,1,2,1,8,3
201500040157,0015-11-19 08:15:00,15,11,19,8,15,930,10,GALLIENI (AV.) DE 1 A 10,,,Plein jour,En agglomération,Hors intersection,Normale,Autre collision,,,,,,,,,,,1,2,1,1,6
201500040158,0015-11-19 18:35:00,15,11,19,18,35,930,57,"68, JAURES (AV. JEAN) 11",,,Nuit avec éclairage allumé,En agglomération,Hors intersection,Pluie légère,Deux véhicules - arrière,,,,,,,,,,,5,2,1,2,2
201500040159,0015-11-22 18:45:00,15,11,22,18,45,930,10,GATINE (RUE),,,Crépuscule ou aube,En agglomération,Hors intersection,Normale,Autre collision,,,,,,,,,,,2,2,1,1,6
201500040160,0015-11-25 16:30:00,15,11,25,16,30,930,57,", BOUVINES ( AL. DE)",,,Crépuscule ou aube,En agglomération,Intersection en T,Pluie légère,Deux véhicules - côté,,,,,,,,,,,2,2,3,2,3
201500040161,0015-11-27 13:45:00,15,11,27,13,45,930,10,ROSNY (AV. DE),,,Plein jour,En agglomération,Intersection en X,Temps couvert,Deux véhicules - côté,,,,,,,,,,,1,2,2,8,3
201500040162,0015-11-30 16:15:00,15,11,30,16,15,930,10,PASTEUR (AV.),,,Plein jour,En agglomération,Hors intersection,Normale,Autre collision,,,,,,,,,,,1,2,1,1,6
201500040163,0015-11-30 19:50:00,15,11,30,19,50,930,10,AULNAY (ROUTE) COTE PAIR,,,Nuit avec éclairage allumé,En agglomération,Hors intersection,Normale,Deux véhicules - côté,,,,,,,,,,,5,2,1,1,3
201500040164,0015-12-01 13:55:00,15,12,1,13,55,930,57,JAURES (AV. JEAN) 1 A 12,,,Plein jour,En agglomération,Intersection en X,Normale,Autre collision,,,,,,,,,,,1,2,2,1,6
201500040165,0015-12-04 07:50:00,15,12,4,7,50,930,10,GALLIENI (AV.) DE 2 A 96,,,Crépuscule ou aube,En agglomération,Intersection en X,Pluie légère,Deux véhicules - côté,,,,,,,,,,,2,2,2,2,3
201500040166,0015-12-08 09:00:00,15,12,8,9,0,930,10,"01, GUESDES (RUE JULES)",,,Plein jour,En agglomération,Hors intersection,Normale,Deux véhicules - arrière,,,,,,,,,,,1,2,1,1,2
201500040167,0015-12-12 13:50:00,15,12,12,13,50,930,10,"5, BLUM (AV. LEON)",,,Plein jour,En agglomération,Hors intersection,Pluie légère,Autre collision,,,,,,,,,,,1,2,1,2,6
201500040168,0015-12-03 17:25:00,15,12,3,17,25,930,10,"10, BENHAMOU (R. MAURICE",,,Nuit avec éclairage allumé,En agglomération,Hors intersection,Normale,Autre collision,,,,,,,,,,,5,2,1,1,6
201500040169,0015-12-15 19:20:00,15,12,15,19,20,930,10,"03, LIBERTE (RUE DE LA)",,,Nuit sans éclairage public,En agglomération,Passage à niveau,Pluie légère,Autre collision,,,,,,,,,,,3,2,8,2,6
201500040170,0015-12-17 11:50:00,15,12,17,11,50,930,10,"1, VAILLANT (RUE EDOUARD",,,Plein jour,En agglomération,Intersection en T,Normale,Autre collision,,,,,,,,,,,1,2,3,1,6
201500040171,0015-12-17 18:40:00,15,12,17,18,40,930,10,GALLIENI (AV.) DE 1 A 10,,,Nuit avec éclairage allumé,En agglomération,Hors intersection,Normale,Autre collision,,,,,,,,,,,5,2,1,1,6
201500040172,0015-12-20 00:30:00,15,12,20,0,30,930,57,"272, BRIAND ( AV. ARISTI",,,Nuit avec éclairage allumé,En agglomération,Autre intersection,Normale,Deux véhicules - côté,,,,,,,,,,,5,2,9,1,3
201500040173,0015-12-21 13:35:00,15,12,21,13,35,930,57,JAURES (AV. JEAN) 125 A,,,Plein jour,En agglomération,Hors intersection,Normale,Deux véhicules - arrière,,,,,,,,,,,1,2,1,1,2
201500040174,0015-12-22 12:00:00,15,12,22,12,0,930,10,GALLIENI (AV.) DE 1 A 10,,,Plein jour,En agglomération,Hors intersection,Normale,Trois véhicules et plus - en chaîne,,,,,,,,,,,1,2,1,1,4
201500040175,0015-12-24 07:05:00,15,12,24,7,5,930,57,JAURES (AV. JEAN) 118 A,,,Nuit avec éclairage allumé,En agglomération,Intersection en X,Normale,Deux véhicules - côté,,,,,,,,,,,5,2,2,1,3
201500040176,0015-12-24 13:10:00,15,12,24,13,10,930,10,"8, VARAGNAT (AVENUE HENR",,,Plein jour,En agglomération,Hors intersection,Normale,Autre collision,,,,,,,,,,,1,2,1,1,6
201500040177,0015-12-25 19:20:00,15,12,25,19,20,930,10,MOULIN (AV. JEAN) COTE P,,,Nuit avec éclairage allumé,En agglomération,Hors intersection,Temps couvert,Deux véhicules - côté,,,,,,,,,,,5,2,1,8,3
201500040178,0015-12-27 05:50:00,15,12,27,5,50,930,57,BRIAND ( AV. ARISTIDE) 1,,,Nuit avec éclairage allumé,En agglomération,Hors intersection,Normale,Autre collision,,,,,,,,,,,5,2,1,1,6
201500040179,0015-12-28 14:00:00,15,12,28,14,0,930,10,GALLIENI (AV.) DE 177 A,,,Plein jour,En agglomération,Hors intersection,Normale,Autre collision,,,,,,,,,,,1,2,1,1,6
201500040180,0015-05-15 09:15:00,15,5,15,9,15,930,57,"183, PASTEUR (BD) 141 A",,,Plein jour,En agglomération,Hors intersection,Normale,Deux véhicules - arrière,,,,,,,,,,,1,2,1,1,2
201500040181,0015-03-31 08:55:00,15,3,31,8,55,930,14,"112, POSTES (CHEMIN DES)",,,Plein jour,En agglomération,Hors intersection,Normale,Autre collision,,,,,,,,,,,1,2,1,1,6
201500040182,0015-12-22 14:15:00,15,12,22,14,15,930,47,JEAN MOULIN  (RUE),,,Plein jour,En agglomération,Hors intersection,Normale,Deux véhicules - côté,,,,,,,,,,,1,2,1,1,3
201500040183,0015-01-11 14:25:00,15,1,11,14,25,930,14,MONTFERMEIL (ALLEE DE),,,Plein jour,En agglomération,Intersection à plus de 4 branches,Normale,Deux véhicules - côté,,,,,,,,,,,1,2,5,1,3
201500040184,0015-01-14 22:42:00,15,1,14,22,42,930,14,"3, CHAPELLE (ALLEE DE LA",,,Nuit avec éclairage allumé,En agglomération,Hors intersection,Normale,Sans collision,,,,,,,,,,,5,2,1,1,7
201500040185,0015-01-30 21:50:00,15,1,30,21,50,930,14,STRATEGIQUE (ROUTE),,,Nuit sans éclairage public,En agglomération,Hors intersection,Pluie légère,Deux véhicules - frontale,,,,,,,,,,,3,2,1,2,1
201500040186,0015-02-01 19:10:00,15,2,1,19,10,930,47,"27, MESANGES  (AVENUE DE",,,Nuit avec éclairage allumé,En agglomération,Hors intersection,Pluie légère,Autre collision,,,,,,,,,,,5,2,1,2,6
201500040187,0015-02-06 19:20:00,15,2,6,19,20,930,14,MAURICE AUDIN (ALLEE),,,Nuit sans éclairage public,En agglomération,Hors intersection,Normale,Sans collision,,,,,,,,,,,3,2,1,1,7
201500040188,0015-02-06 20:05:00,15,2,6,20,5,930,14,SEVIGNE (AVENUE DE),,,Nuit avec éclairage allumé,En agglomération,Hors intersection,Normale,Sans collision,,,,,,,,,,,5,2,1,1,7
201500040189,0015-02-09 16:28:00,15,2,9,16,28,930,47,"61, HARDY  (BOULEVARD)",,,Plein jour,En agglomération,Hors intersection,Normale,Autre collision,,,,,,,,,,,1,2,1,1,6
201500040190,0015-02-17 15:45:00,15,2,17,15,45,930,14,FREDERIC LADRETTE (ALLEE,,,Plein jour,En agglomération,Hors intersection,Pluie légère,Autre collision,,,,,,,,,,,1,2,1,2,6
201500040191,0015-02-22 17:30:00,15,2,22,17,30,930,47,JEAN JAURES (AVENUE),,,Plein jour,En agglomération,Intersection en T,Normale,Deux véhicules - arrière,,,,,,,,,,,1,2,3,1,2
201500040192,0015-03-15 13:50:00,15,3,15,13,50,930,47,GABRIEL PERI  (AVENUE),,,Plein jour,En agglomération,Intersection en X,Normale,Deux véhicules - côté,,,,,,,,,,,1,2,2,1,3
201500040193,0015-03-17 13:10:00,15,3,17,13,10,930,14,PIERRE SIMON (ALLEE),,,Plein jour,En agglomération,Intersection en T,Normale,Deux véhicules - côté,,,,,,,,,,,1,2,3,1,3
201500040194,0015-03-18 16:15:00,15,3,18,16,15,930,14,COCHIN (ALLEE),,,Plein jour,En agglomération,Intersection en T,Normale,Deux véhicules - côté,,,,,,,,,,,1,2,3,1,3
201500040195,0015-03-21 18:30:00,15,3,21,18,30,930,47,EUROPE (BOULEVARD DE L'),,,Plein jour,En agglomération,Hors intersection,Normale,Deux véhicules - arrière,,,,,,,,,,,1,2,1,1,2
201500040196,0015-03-27 20:25:00,15,3,27,20,25,930,47,"97, ARTS  (AVENUE DES)",,,Nuit avec éclairage allumé,En agglomération,Intersection en X,Normale,Deux véhicules - côté,,,,,,,,,,,5,2,2,1,3
201500040197,0015-04-01 19:30:00,15,4,1,19,30,930,47,GENERAL LECLERC  (RUE DU,,,Plein jour,En agglomération,Intersection en T,Normale,Deux véhicules - côté,,,,,,,,,,,1,2,3,1,3
201500040198,0015-04-03 09:10:00,15,4,3,9,10,930,14,", GAGARINE (BOULEVARD)",,,Plein jour,En agglomération,Hors intersection,Normale,Deux véhicules - arrière,,,,,,,,,,,1,2,1,1,2
201500040199,0015-04-06 21:45:00,15,4,6,21,45,930,14,JEAN MOULIN (AVENUE),,,Nuit avec éclairage allumé,En agglomération,Hors intersection,Normale,Autre collision,,,,,,,,,,,5,2,1,1,6
201500040200,0015-04-09 13:00:00,15,4,9,13,0,930,47,JEAN JAURES (AVENUE),,,Plein jour,En agglomération,Intersection en X,Normale,Deux véhicules - côté,,,,,,,,,,,1,2,2,1,3
201500040201,0015-04-12 16:15:00,15,4,12,16,15,930,14,GAGNY (ALLEE DE),,,Plein jour,En agglomération,Hors intersection,Normale,Autre collision,,,,,,,,,,,1,2,1,1,6
201500040202,0015-04-15 13:00:00,15,4,15,13,0,930,47,"135, COUBRON (RUE DE )",,,Plein jour,En agglomération,Hors intersection,Normale,Autre collision,,,,,,,,,,,1,2,1,1,6
201500040203,0015-04-15 20:00:00,15,4,15,20,0,930,47,"153, JEAN JAURES (AVENUE",,,Plein jour,En agglomération,Hors intersection,Normale,Trois véhicules et plus - en chaîne,,,,,,,,,,,1,2,1,1,4
201500040204,0015-04-19 11:35:00,15,4,19,11,35,930,47,JEAN JAURES (AVENUE),,,Plein jour,En agglomération,Hors intersection,Normale,Deux véhicules - arrière,,,,,,,,,,,1,2,1,1,2
201500040205,0015-04-20 06:00:00,15,4,20,6,0,930,47,HARDY  (BOULEVARD),,,Plein jour,En agglomération,Hors intersection,Normale,Sans collision,,,,,,,,,,,1,2,1,1,7
201500040206,0015-04-20 18:15:00,15,4,20,18,15,930,14,"16, SEVIGNE (RESIDENCE )",,,Plein jour,En agglomération,Hors intersection,Normale,Sans collision,,,,,,,,,,,1,2,1,1,7
201500040207,0015-04-20 20:25:00,15,4,20,20,25,930,14,TOURELLE (CHEMIN DE LA),,,Crépuscule ou aube,En agglomération,Intersection en X,Normale,Deux véhicules - frontale,,,,,,,,,,,2,2,2,1,1
201500040208,0015-04-23 16:45:00,15,4,23,16,45,930,47,GENERAL LECLERC  (RUE DU,,,Plein jour,En agglomération,Hors intersection,Normale,Autre collision,,,,,,,,,,,1,2,1,1,6
201500040209,0015-04-27 14:45:00,15,4,27,14,45,930,47,CHARMILLES (AVENUE DES),,,Plein jour,En agglomération,Intersection en X,Normale,Deux véhicules - côté,,,,,,,,,,,1,2,2,1,3
201500040210,0015-05-19 08:50:00,15,5,19,8,50,930,47,"101, HARDY  (BOULEVARD)",,,Plein jour,En agglomération,Hors intersection,Normale,Autre collision,,,,,,,,,,,1,2,1,1,6
201500040211,0015-06-01 18:20:00,15,6,1,18,20,930,47,BARGUE  (BOULEVARD),,,Plein jour,En agglomération,Hors intersection,Normale,Sans collision,,,,,,,,,,,1,2,1,1,7
201500040212,0015-06-05 21:00:00,15,6,5,21,0,930,14,SEVIGNE (AVENUE DE),,,Crépuscule ou aube,En agglomération,Hors intersection,Normale,Sans collision,,,,,,,,,,,2,2,1,1,7
201500040213,0015-06-07 13:40:00,15,6,7,13,40,930,47,JEAN JAURES (AVENUE),,,Plein jour,En agglomération,Hors intersection,Normale,Deux véhicules - arrière,,,,,,,,,,,1,2,1,1,2
201500040214,0015-06-08 17:10:00,15,6,8,17,10,930,14,GAGNY (ALLEE DE),,,Plein jour,En agglomération,Hors intersection,Normale,Autre collision,,,,,,,,,,,1,2,1,1,6
201500040215,0015-06-22 09:30:00,15,6,22,9,30,930,14,DUNAND (ALLEE),,,Plein jour,En agglomération,Intersection en X,Normale,Deux véhicules - côté,,,,,,,,,,,1,2,2,1,3
201500040216,0015-06-29 00:05:00,15,6,29,0,5,930,47,JEAN JAURES-(AVENUE),,,Nuit avec éclairage allumé,En agglomération,Intersection en T,Normale,Autre collision,,,,,,,,,,,5,2,3,1,6
201500040217,0015-06-29 18:20:00,15,6,29,18,20,930,47,GABRIEL PERI (AVENUE),,,Plein jour,En agglomération,Hors intersection,Normale,Deux véhicules - côté,,,,,,,,,,,1,2,1,1,3
201500040218,0015-06-29 23:30:00,15,6,29,23,30,930,14,EMILE ZOLA (BOULEVARD),,,Nuit avec éclairage allumé,En agglomération,Hors intersection,Normale,Autre collision,,,,,,,,,,,5,2,1,1,6
201500040219,0015-07-04 18:20:00,15,7,4,18,20,930,14,SEVIGNE (AVENUE DE),,,Plein jour,En agglomération,Hors intersection,Autre,Autre collision,,,,,,,,,,,1,2,1,9,6
201500040220,0015-07-18 22:05:00,15,7,18,22,5,930,14,"67, BELLEVUE (ALLEE DE)",,,Nuit avec éclairage allumé,En agglomération,Intersection en T,Normale,Autre collision,,,,,,,,,,,5,2,3,1,6
201500040221,0015-07-20 18:45:00,15,7,20,18,45,930,47,JEAN JAURES (AVENUE),,,Plein jour,En agglomération,Hors intersection,Normale,Autre collision,,,,,,,,,,,1,2,1,1,6
201500040222,0015-07-22 22:15:00,15,7,22,22,15,930,14,MONTFERMEIL (ALLEE DE),,,Nuit avec éclairage allumé,En agglomération,Hors intersection,Normale,Deux véhicules - arrière,,,,,,,,,,,5,2,1,1,2
201500040223,0015-07-26 18:35:00,15,7,26,18,35,930,47,PAUL BERT  (RUE),,,Plein jour,En agglomération,Intersection en X,Temps couvert,Deux véhicules - côté,,,,,,,,,,,1,2,2,8,3
201500040224,0015-07-31 17:30:00,15,7,31,17,30,930,14,"10, WILLIAM GUTSCHMIDT (",,,Plein jour,En agglomération,Hors intersection,Normale,Autre collision,,,,,,,,,,,1,2,1,1,6
201500040225,0015-08-01 13:00:00,15,8,1,13,0,930,47,EUROPE (BOULEVARD DE L'),,,Plein jour,En agglomération,Intersection en T,Normale,Deux véhicules - arrière,,,,,,,,,,,1,2,3,1,2
201500040226,0015-08-27 13:15:00,15,8,27,13,15,930,47,CHEVREFEUILLES  (AVENUE,,,Plein jour,En agglomération,Intersection à plus de 4 branches,Pluie légère,Deux véhicules - côté,,,,,,,,,,,1,2,5,2,3
201500040227,0015-08-28 21:15:00,15,8,28,21,15,930,14,136 MONTFERMEIL (ALLEE,,,Nuit sans éclairage public,En agglomération,Hors intersection,Normale,Deux véhicules - côté,,,,,,,,,,,3,2,1,1,3
201500040228,0015-09-04 13:30:00,15,9,4,13,30,930,14,"18, GAGNY (ALLEE DE)",,,Plein jour,En agglomération,Hors intersection,Normale,Deux véhicules - arrière,,,,,,,,,,,1,2,1,1,2
201500040229,0015-09-09 17:35:00,15,9,9,17,35,930,14,"0, ALBERT CAMUS (ALLEE)",,,Plein jour,En agglomération,Hors intersection,Normale,Autre collision,,,,,,,,,,,1,2,1,1,6
201500040230,0015-09-11 07:40:00,15,9,11,7,40,930,47,"0, CALMETTE (RUE DU DR)",,,Plein jour,En agglomération,Intersection en T,Normale,Deux véhicules - frontale,,,,,,,,,,,1,2,3,1,1
201500040231,0015-09-24 15:40:00,15,9,24,15,40,930,14,"221, MONTFERMEIL (ALLEE",,,Plein jour,En agglomération,Hors intersection,Normale,Deux véhicules - côté,,,,,,,,,,,1,2,1,1,3
201500040232,0015-09-27 13:30:00,15,9,27,13,30,930,47,"18, BARGUE  (BOULEVARD)",,,Plein jour,En agglomération,Hors intersection,Normale,Autre collision,,,,,,,,,,,1,2,1,1,6
201500040233,0015-12-06 20:15:00,15,12,6,20,15,930,47,SCIENCES   (AVENUE DES),,,Nuit avec éclairage allumé,En agglomération,Hors intersection,Normale,Deux véhicules - côté,,,,,,,,,,,5,2,1,1,3
201500040234,0015-08-11 13:10:00,15,8,11,13,10,930,14,"171, MONTFERMEIL (ALLEE",,,Plein jour,En agglomération,Hors intersection,Normale,Deux véhicules - côté,,,,,,,,,,,1,2,1,1,3
201500040235,0015-09-22 11:30:00,15,9,22,11,30,930,14,TOURELLE (CHEMIN DE LA),,,Plein jour,En agglomération,Hors intersection,Pluie légère,Autre collision,,,,,,,,,,,1,2,1,2,6
201500040236,0015-09-28 19:00:00,15,9,28,19,0,930,14,"0, GAGARINE (BOULEVARD)",,,Crépuscule ou aube,En agglomération,Hors intersection,Normale,Deux véhicules - arrière,,,,,,,,,,,2,2,1,1,2
201500040237,0015-10-06 09:00:00,15,10,6,9,0,930,14,"00, AUGUSTE GENEVIEVE (A",,,Plein jour,En agglomération,Hors intersection,Pluie forte,Deux véhicules - côté,,,,,,,,,,,1,2,1,3,3
201500040238,0015-10-09 18:40:00,15,10,9,18,40,930,14,"4, EMILE ZOLA (BOULEVARD",,,Plein jour,En agglomération,Hors intersection,Temps éblouissant,Autre collision,,,,,,,,,,,1,2,1,7,6
201500040239,0015-10-10 13:15:00,15,10,10,13,15,930,14,MONTFERMEIL (ALLEE DE),,,Plein jour,En agglomération,Autre intersection,Normale,Deux véhicules - côté,,,,,,,,,,,1,2,9,1,3
201500040240,0015-10-11 15:15:00,15,10,11,15,15,930,14,SEVIGNE (AVENUE DE),,,Plein jour,En agglomération,Intersection en X,Normale,Autre collision,,,,,,,,,,,1,2,2,1,6
201500040241,0015-10-20 14:50:00,15,10,20,14,50,930,14,COUBRON (ALLEE DE),,,Plein jour,En agglomération,Hors intersection,Normale,Deux véhicules - arrière,,,,,,,,,,,1,2,1,1,2
201500040242,0015-10-25 18:15:00,15,10,25,18,15,930,14,EMILE ZOLA (BOULEVARD),,,Nuit avec éclairage allumé,En agglomération,Intersection en X,Normale,Deux véhicules - frontale,,,,,,,,,,,5,2,2,1,1
201500040243,0015-10-28 10:45:00,15,10,28,10,45,930,47,GABRIEL PERI  (AVENUE),,,Plein jour,En agglomération,Intersection en X,Pluie légère,Deux véhicules - côté,,,,,,,,,,,1,2,2,2,3
201500040244,0015-10-30 19:20:00,15,10,30,19,20,930,14,ANATOLE FRANCE-(ALLEE),,,Nuit avec éclairage allumé,En agglomération,Hors intersection,Normale,Autre collision,,,,,,,,,,,5,2,1,1,6
201500040245,0015-11-03 18:50:00,15,11,3,18,50,930,47,"191, JEAN JAURES (AVENUE",,,Nuit avec éclairage allumé,En agglomération,Intersection en Y,Normale,Trois véhicules et plus - collisions multiples,,,,,,,,,,,5,2,4,1,5
201500040246,0015-11-05 17:20:00,15,11,5,17,20,930,14,GAGARINE (BOULEVARD),,,Nuit avec éclairage allumé,En agglomération,Intersection à plus de 4 branches,Normale,Autre collision,,,,,,,,,,,5,2,5,1,6
201500040247,0015-11-06 08:00:00,15,11,6,8,0,930,47,COUBRON  (VIEUX CHEMIN D,,,Plein jour,En agglomération,Intersection en T,Normale,Deux véhicules - arrière,,,,,,,,,,,1,2,3,1,2
201500040248,0015-11-06 17:10:00,15,11,6,17,10,930,14,GAGNY (ALLEE DE),,,Plein jour,En agglomération,Intersection en X,Pluie légère,Deux véhicules - côté,,,,,,,,,,,1,2,2,2,3
201500040249,0015-11-12 18:30:00,15,11,12,18,30,930,14,CHENE POINTU (ALLEE DU),,,Nuit avec éclairage allumé,En agglomération,Hors intersection,Normale,Autre collision,,,,,,,,,,,5,2,1,1,6
201500040250,0015-11-13 16:20:00,15,11,13,16,20,930,14,JEAN JAURES (ALLEE),,,Plein jour,En agglomération,Autre intersection,Normale,Autre collision,,,,,,,,,,,1,2,9,1,6
201500040251,0015-11-26 16:40:00,15,11,26,16,40,930,14,MONTFERMEIL (ALLEE DE),,,Plein jour,En agglomération,Hors intersection,Normale,Deux véhicules - côté,,,,,,,,,,,1,2,1,1,3
201500040252,0015-12-05 06:30:00,15,12,5,6,30,930,47,AMPERE  (PLACE),,,Nuit avec éclairage allumé,En agglomération,Place,Normale,Autre collision,,,,,,,,,,,5,2,7,1,6
201500040253,0015-12-05 12:10:00,15,12,5,12,10,930,47,"66, COUBRON (RUE DE )",,,Plein jour,En agglomération,Hors intersection,Normale,Deux véhicules - arrière,,,,,,,,,,,1,2,1,1,2
201500040254,0015-12-08 15:10:00,15,12,8,15,10,930,14,AUGUSTE GENEVIEVE (ALLEE,,,Plein jour,En agglomération,Hors intersection,Pluie forte,Autre collision,,,,,,,,,,,1,2,1,3,6
201500040255,0015-12-09 13:00:00,15,12,9,13,0,930,47,GENERAL DE GAULLE (RUE D,,,Plein jour,En agglomération,Hors intersection,Normale,Deux véhicules - côté,,,,,,,,,,,1,2,1,1,3
201500040256,0015-12-10 21:35:00,15,12,10,21,35,930,47,"46, ROSSIGNOLS  (AVENUE",,,Nuit avec éclairage allumé,En agglomération,Hors intersection,Normale,Autre collision,,,,,,,,,,,5,2,1,1,6
201500040257,0015-01-01 04:05:00,15,1,1,4,5,930,27,RASPAIL (RUE),,,Nuit avec éclairage allumé,En agglomération,Intersection en X,Normale,Deux véhicules - arrière,,,,,,,,,,,5,2,2,1,2
201500040258,0015-01-03 00:01:00,15,1,3,0,1,930,13,"139, LECLERC (AVENU DE L",,,Nuit avec éclairage allumé,En agglomération,Hors intersection,Temps couvert,Autre collision,,,,,,,,,,,5,2,1,8,6