accident_id,datetime,annee,mois,jour,heure,minute,departement,commune_insee,adresse,latitude,longitude,luminosite,agglomeration,intersection,meteo,collision,nb_vehicules,nb_usagers,nb_indemnes,nb_tues,nb_blesses_hosp,nb_blesses_legers,age_cond_1,age_cond_2,veh_type_cond_1,veh_type_cond_2,lum_code,agg_code,int_code,atm_code,col_code
201500040259,0015-01-11 15:15:00,15,1,11,15,15,930,27,"29, QUINET (RUE EDGAR)",,,Plein jour,En agglomération,Hors intersection,Normale,Deux véhicules - arrière,,,,,,,,,,,1,2,1,1,2
201500040260,0015-01-13 09:35:00,15,1,13,9,35,930,27,"66, VAILLANT-COUTURIER (",,,Plein jour,En agglomération,Hors intersection,Normale,Autre collision,,,,,,,,,,,1,2,1,1,6
201500040261,0015-01-22 12:10:00,15,1,22,12,10,930,13,CAVILLON (RUE ANIZAN),,,Plein jour,En agglomération,Intersection en T,Normale,Deux véhicules - côté,,,,,,,,,,,1,2,3,1,3
201500040262,0015-01-22 14:55:00,15,1,22,14,55,930,13,JAURES (AVENUE JEAN) DE,,,Plein jour,En agglomération,Hors intersection,Normale,Deux véhicules - côté,,,,,,,,,,,1,2,1,1,3
201500040263,0015-01-27 17:00:00,15,1,27,17,0,930,13,"32, JAURES (AVENUE JEAN)",,,Plein jour,En agglomération,Hors intersection,Normale,Autre collision,,,,,,,,,,,1,2,1,1,6
201500040264,0015-01-28 09:24:00,15,1,28,9,24,930,27,"0, SALENGRO (AVENUE ROGE",,,Plein jour,En agglomération,Giratoire,Normale,Deux véhicules - côté,,,,,,,,,,,1,2,6,1,3
201500040265,0015-01-28 13:40:00,15,1,28,13,40,930,27,"101, MERMOZ (AVENUE JEAN",,,Plein jour,En agglomération,Hors intersection,Normale,Autre collision,,,,,,,,,,,1,2,1,1,6
201500040266,0015-02-16 15:28:00,15,2,16,15,28,930,27,GENEVE (RUE DE),,,Plein jour,En agglomération,Hors intersection,Normale,Autre collision,,,,,,,,,,,1,2,1,1,6
201500040267,0015-03-02 08:20:00,15,3,2,8,20,930,30,SEIZE-AOUT-1943 (PLACE D,,,Plein jour,En agglomération,Giratoire,Normale,Deux véhicules - arrière,,,,,,,,,,,1,2,6,1,2
201500040268,0015-03-05 13:20:00,15,3,5,13,20,930,27,SAINT-DENIS (RUE DE),,,Plein jour,En agglomération,Hors intersection,Normale,Deux véhicules - côté,,,,,,,,,,,1,2,1,1,3
201500040269,0015-03-06 18:40:00,15,3,6,18,40,930,27,"100, VAILLANT-COUTURIER",,,Crépuscule ou aube,En agglomération,Hors intersection,Normale,Trois véhicules et plus - en chaîne,,,,,,,,,,,2,2,1,1,4
201500040270,0015-03-13 16:15:00,15,3,13,16,15,930,27,", LECLERC (AVENUE DU GEN",,,Plein jour,En agglomération,Intersection en T,Normale,Autre collision,,,,,,,,,,,1,2,3,1,6
201500040271,0015-03-14 07:55:00,15,3,14,7,55,930,27,PALMERS (PONT),,,Plein jour,En agglomération,Intersection en X,Normale,Autre collision,,,,,,,,,,,1,2,2,1,6
201500040272,0015-03-16 09:30:00,15,3,16,9,30,930,13,JAURES (AVENUE JEAN) DE,,,Plein jour,En agglomération,Intersection en X,Normale,Autre collision,,,,,,,,,,,1,2,2,1,6
201500040273,0015-03-16 17:00:00,15,3,16,17,0,930,27,LECLERC (AVENUE DU GENER,,,Plein jour,En agglomération,Giratoire,Normale,Deux véhicules - côté,,,,,,,,,,,1,2,6,1,3
201500040274,0015-03-25 14:20:00,15,3,25,14,20,930,13,KENNEDY (AVENUE JOHN FIT,,,Plein jour,En agglomération,Intersection en X,Normale,Deux véhicules - côté,,,,,,,,,,,1,2,2,1,3
201500040275,0015-03-26 16:15:00,15,3,26,16,15,930,27,ROCHET (RUE WALDECK),,,Plein jour,En agglomération,Intersection en X,Pluie légère,Deux véhicules - côté,,,,,,,,,,,1,2,2,2,3
201500040276,0015-03-30 09:40:00,15,3,30,9,40,930,13,JAURES (AVENUE JEAN) DE,,,Plein jour,En agglomération,Hors intersection,Normale,Deux véhicules - côté,,,,,,,,,,,1,2,1,1,3
201500040277,0015-03-31 19:30:00,15,3,31,19,30,930,27,JAURES (AVENUE JEAN),,,Plein jour,En agglomération,Intersection en T,Normale,Deux véhicules - côté,,,,,,,,,,,1,2,3,1,3
201500040278,0015-04-01 08:40:00,15,4,1,8,40,930,13,"47, ROLLAND (RUE DU CDT)",,,Plein jour,En agglomération,Hors intersection,Vent fort / tempête,Deux véhicules - côté,,,,,,,,,,,1,2,1,6,3
201500040279,0015-04-01 06:55:00,15,4,1,6,55,930,27,SALENGRO (AVENUE ROGER),,,Crépuscule ou aube,En agglomération,Hors intersection,Vent fort / tempête,Autre collision,,,,,,,,,,,2,2,1,6,6
201500040280,0015-04-07 21:42:00,15,4,7,21,42,930,13,"10, VAILLANT (RUE EDOUAR",,,Nuit avec éclairage allumé,En agglomération,Intersection en T,Normale,Autre collision,,,,,,,,,,,5,2,3,1,6
201500040281,0015-04-13 08:45:00,15,4,13,8,45,930,27,PASTEUR (BOULEVARD) DE 4,,,Plein jour,En agglomération,Intersection en X,Normale,Trois véhicules et plus - en chaîne,,,,,,,,,,,1,2,2,1,4
201500040282,0015-04-14 14:10:00,15,4,14,14,10,930,27,"59, CONVENTION (RUE DE L",,,Plein jour,En agglomération,Hors intersection,Normale,Autre collision,,,,,,,,,,,1,2,1,1,6
201500040283,0015-04-16 18:15:00,15,4,16,18,15,930,13,LINDBERGH (CARREFOUR),,,Plein jour,En agglomération,Hors intersection,Temps couvert,Autre collision,,,,,,,,,,,1,2,1,8,6
201500040284,0015-04-16 18:40:00,15,4,16,18,40,930,27,"114, RATEAU (RUE)",,,Plein jour,En agglomération,Hors intersection,Normale,Deux véhicules - côté,,,,,,,,,,,1,2,1,1,3
201500040285,0015-04-18 07:21:00,15,4,18,7,21,930,27,"2, CACHIN (AVENUE MARCEL",,,Crépuscule ou aube,En agglomération,Hors intersection,Normale,Sans collision,,,,,,,,,,,2,2,1,1,7
201500040286,0015-05-07 19:30:00,15,5,7,19,30,930,27,"5, TREFILERIE (RUE DE LA",,,Plein jour,En agglomération,Hors intersection,Normale,Sans collision,,,,,,,,,,,1,2,1,1,7
201500040287,0015-05-07 22:15:00,15,5,7,22,15,930,30,LECLERC DE HAUTECLOQUE (,,,Nuit avec éclairage allumé,En agglomération,Intersection en X,Normale,Trois véhicules et plus - collisions multiples,,,,,,,,,,,5,2,2,1,5
201500040288,0015-05-12 06:30:00,15,5,12,6,30,930,27,"62/64, CAVILLON (RUE ANI",,,Plein jour,En agglomération,Hors intersection,Normale,Deux véhicules - arrière,,,,,,,,,,,1,2,1,1,2
201500040289,0015-05-15 01:00:00,15,5,15,1,0,930,13,LINDBERGH (CARREFOUR),,,Nuit avec éclairage allumé,En agglomération,Hors intersection,Pluie légère,Trois véhicules et plus - en chaîne,,,,,,,,,,,5,2,1,2,4
201500040290,0015-05-19 07:40:00,15,5,19,7,40,930,13,ROLLAND (RUE DU CDT),,,Plein jour,En agglomération,Hors intersection,Normale,Trois véhicules et plus - collisions multiples,,,,,,,,,,,1,2,1,1,5
201500040291,0015-05-19 18:40:00,15,5,19,18,40,930,13,"29, LECLERC (AVENU DE LA",,,Plein jour,En agglomération,Hors intersection,Normale,Autre collision,,,,,,,,,,,1,2,1,1,6
201500040292,0015-05-26 16:50:00,15,5,26,16,50,930,13,LINDBERGH (CARREFOUR),,,Plein jour,En agglomération,Hors intersection,Normale,Deux véhicules - côté,,,,,,,,,,,1,2,1,1,3
201500040293,0015-05-30 01:05:00,15,5,30,1,5,930,27,"133, VAILLANT-COUTURIER",,,Nuit avec éclairage allumé,En agglomération,Intersection en X,Pluie légère,Trois véhicules et plus - collisions multiples,,,,,,,,,,,5,2,2,2,5
201500040294,0015-05-31 21:00:00,15,5,31,21,0,930,13,"63, LECLERC (AVENU DE LA",,,Crépuscule ou aube,En agglomération,Hors intersection,Pluie légère,Deux véhicules - arrière,,,,,,,,,,,2,2,1,2,2
201500040295,0015-05-22 17:35:00,15,5,22,17,35,930,27,FERRY (RUE JULES),,,Plein jour,En agglomération,Intersection en X,Normale,Deux véhicules - côté,,,,,,,,,,,1,2,2,1,3
201500040296,0015-06-02 23:33:00,15,6,2,23,33,930,27,HUIT-MAI-1945 (PLACE DU),,,Nuit avec éclairage allumé,En agglomération,Giratoire,Normale,Deux véhicules - côté,,,,,,,,,,,5,2,6,1,3
201500040297,0015-06-04 10:50:00,15,6,4,10,50,930,27,JAURES (AVENUE JEAN),,,Plein jour,En agglomération,Hors intersection,Normale,Deux véhicules - frontale,,,,,,,,,,,1,2,1,1,1
201500040298,0015-06-10 14:15:00,15,6,10,14,15,930,27,VAILLANT-COUTURIER (AVEN,,,Plein jour,En agglomération,Intersection en X,Normale,Deux véhicules - frontale,,,,,,,,,,,1,2,2,1,1
201500040299,0015-06-18 08:15:00,15,6,18,8,15,930,27,"18, LENINE (AVENUE)",,,Plein jour,En agglomération,Intersection en T,Normale,Deux véhicules - arrière,,,,,,,,,,,1,2,3,1,2
201500040300,0015-06-18 17:40:00,15,6,18,17,40,930,13,JAURES (AVENUE JEAN) DE,,,Plein jour,En agglomération,Hors intersection,Normale,Autre collision,,,,,,,,,,,1,2,1,1,6
201500040301,0015-06-19 12:50:00,15,6,19,12,50,930,13,JAURES (AVENUE JEAN) DE,,,Plein jour,En agglomération,Intersection en X,Normale,Deux véhicules - arrière,,,,,,,,,,,1,2,2,1,2
201500040302,0015-06-24 16:20:00,15,6,24,16,20,930,27,CACHIN (AVENUE MARCEL),,,Plein jour,En agglomération,Hors intersection,Normale,Autre collision,,,,,,,,,,,1,2,1,1,6
201500040303,0015-06-25 17:50:00,15,6,25,17,50,930,30,"26, GUYNEMERS (RUE GEORG",,,Plein jour,En agglomération,Hors intersection,Normale,Deux véhicules - côté,,,,,,,,,,,1,2,1,1,3
201500040304,0015-07-01 20:15:00,15,7,1,20,15,930,27,"32, ROCHET (RUE WALDECK)",,,Plein jour,En agglomération,Hors intersection,Normale,Autre collision,,,,,,,,,,,1,2,1,1,6
201500040305,0015-07-06 22:09:00,15,7,6,22,9,930,27,"07, BALZAC (RUE HONORE D",,,Nuit sans éclairage public,En agglomération,Hors intersection,Normale,Sans collision,,,,,,,,,,,3,2,1,1,7
201500040306,0015-07-06 17:50:00,15,7,6,17,50,930,13,"18, JAURES (AVENUE JEAN)",,,Plein jour,En agglomération,Intersection en T,Normale,Deux véhicules - côté,,,,,,,,,,,1,2,3,1,3
201500040307,0015-07-07 22:45:00,15,7,7,22,45,930,13,"58, JAURES (AVENUE JEAN)",,,Nuit avec éclairage allumé,En agglomération,Hors intersection,Normale,Autre collision,,,,,,,,,,,5,2,1,1,6
201500040308,0015-07-08 20:10:00,15,7,8,20,10,930,27,LECLERC (PLACE DU GENERA,,,Plein jour,En agglomération,Hors intersection,Normale,Deux véhicules - côté,,,,,,,,,,,1,2,1,1,3
201500040309,0015-07-09 07:15:00,15,7,9,7,15,930,27,SAINT-DENIS (RUE DE),,,Plein jour,En agglomération,Hors intersection,Normale,Deux véhicules - frontale,,,,,,,,,,,1,2,1,1,1
201500040310,0015-07-13 20:30:00,15,7,13,20,30,930,27,"76, CONVENTION (RUE DE L",,,Plein jour,En agglomération,Hors intersection,Normale,Autre collision,,,,,,,,,,,1,2,1,1,6
201500040311,0015-07-16 21:20:00,15,7,16,21,20,930,13,LINDBERGH (CARREFOUR),,,Crépuscule ou aube,Hors agglomération,Giratoire,Normale,Autre collision,,,,,,,,,,,2,1,6,1,6
201500040312,0015-07-20 22:10:00,15,7,20,22,10,930,27,BARBUSSE (AVENUE HENRI),,,Nuit avec éclairage allumé,En agglomération,Hors intersection,Normale,Autre collision,,,,,,,,,,,5,2,1,1,6
201500040313,0015-07-27 17:15:00,15,7,27,17,15,930,27,"46, QUINET (RUE EDGAR)",,,Plein jour,En agglomération,Hors intersection,Normale,Trois véhicules et plus - en chaîne,,,,,,,,,,,1,2,1,1,4
201500040314,0015-08-02 12:55:00,15,8,2,12,55,930,13,JAURES (AVENUE JEAN) DE,,,Plein jour,En agglomération,Hors intersection,Normale,Sans collision,,,,,,,,,,,1,2,1,1,7
201500040315,0015-08-06 07:30:00,15,8,6,7,30,930,27,PASTEUR (BOULEVARD) DE 1,,,Plein jour,En agglomération,Giratoire,Normale,Deux véhicules - côté,,,,,,,,,,,1,2,6,1,3
201500040316,0015-08-06 10:00:00,15,8,6,10,0,930,27,VAILLANT-COUTURIER (AVEN,,,Plein jour,En agglomération,Hors intersection,Normale,Autre collision,,,,,,,,,,,1,2,1,1,6
201500040317,0015-08-08 19:50:00,15,8,8,19,50,930,27,CONVENTION (RUE DE LA),,,Plein jour,En agglomération,Hors intersection,Normale,Sans collision,,,,,,,,,,,1,2,1,1,7
201500040318,0015-08-11 20:15:00,15,8,11,20,15,930,27,Av Jean JAURES-SortieA86,,,Plein jour,En agglomération,Intersection en T,Normale,Deux véhicules - arrière,,,,,,,,,,,1,2,3,1,2
201500040319,0015-08-19 20:30:00,15,8,19,20,30,930,27,LENINE (AVENUE),,,Nuit avec éclairage allumé,En agglomération,Hors intersection,Normale,Autre collision,,,,,,,,,,,5,2,1,1,6
201500040320,0015-08-30 07:20:00,15,8,30,7,20,930,27,"167, VAILLANT-COUTURIER",,,Plein jour,En agglomération,Hors intersection,Normale,Deux véhicules - arrière,,,,,,,,,,,1,2,1,1,2
201500040321,0015-09-04 14:10:00,15,9,4,14,10,930,27,"néant, PRESOV (AVENUE DE",,,Plein jour,En agglomération,Intersection en T,Normale,Deux véhicules - côté,,,,,,,,,,,1,2,3,1,3
201500040322,0015-09-06 09:40:00,15,9,6,9,40,930,27,"X, PASTEUR (BOULEVARD) D",,,Plein jour,En agglomération,Intersection en X,Normale,Deux véhicules - côté,,,,,,,,,,,1,2,2,1,3
201500040323,0015-09-07 18:30:00,15,9,7,18,30,930,13,"25, JAURES (AVENUE JEAN)",,,Plein jour,En agglomération,Hors intersection,Normale,Autre collision,,,,,,,,,,,1,2,1,1,6
201500040324,0015-09-12 17:30:00,15,9,12,17,30,930,27,LECLERC (PLACE DU GENERA,,,Plein jour,En agglomération,Place,Pluie forte,Trois véhicules et plus - en chaîne,,,,,,,,,,,1,2,7,3,4
201500040325,0015-09-14 19:20:00,15,9,14,19,20,930,27,SALENGRO (AVENUE ROGER),,,Crépuscule ou aube,En agglomération,Hors intersection,Temps couvert,Deux véhicules - arrière,,,,,,,,,,,2,2,1,8,2
201500040326,0015-09-23 18:05:00,15,9,23,18,5,930,13,"22, LECLERC (AVENU DE LA",,,Plein jour,En agglomération,Hors intersection,Normale,Deux véhicules - arrière,,,,,,,,,,,1,2,1,1,2
201500040327,0015-09-23 21:35:00,15,9,23,21,35,930,27,"127, VAILLANT-COUTURIER",,,Nuit avec éclairage allumé,En agglomération,Hors intersection,Normale,Trois véhicules et plus - collisions multiples,,,,,,,,,,,5,2,1,1,5
201500040328,0015-09-28 13:35:00,15,9,28,13,35,930,27,"57, MERMOZ (AVENUE JEAN)",,,Plein jour,En agglomération,Hors intersection,Normale,Trois véhicules et plus - collisions multiples,,,,,,,,,,,1,2,1,1,5
201500040329,0015-10-02 09:10:00,15,10,2,9,10,930,13,LINDBERGH (CARREFOUR),,,Plein jour,Hors agglomération,Giratoire,Normale,Autre collision,,,,,,,,,,,1,1,6,1,6
201500040330,0015-10-09 15:55:00,15,10,9,15,55,930,30,", SEIZE-AOUT-1943 (PLACE",,,Plein jour,En agglomération,Hors intersection,Normale,Deux véhicules - arrière,,,,,,,,,,,1,2,1,1,2
201500040331,0015-10-11 16:50:00,15,10,11,16,50,930,27,"68, LECLERC (AVENUE DU G",,,Plein jour,En agglomération,Hors intersection,Normale,Deux véhicules - côté,,,,,,,,,,,1,2,1,1,3
201500040332,0015-10-13 19:45:00,15,10,13,19,45,930,27,"44, QUINET (RUE EDGAR)",,,Nuit avec éclairage allumé,En agglomération,Hors intersection,Normale,Deux véhicules - côté,,,,,,,,,,,5,2,1,1,3
201500040333,0015-10-16 07:00:00,15,10,16,7,0,930,13,Av Div LECLERC-entrée A1,,,Nuit sans éclairage public,Hors agglomération,Intersection en X,Pluie légère,Autre collision,,,,,,,,,,,3,1,2,2,6
201500040334,0015-10-20 13:50:00,15,10,20,13,50,930,27,CONVENTION (RUE DE LA),,,Plein jour,En agglomération,Hors intersection,Temps couvert,Sans collision,,,,,,,,,,,1,2,1,8,7
201500040335,0015-10-21 14:00:00,15,10,21,14,0,930,27,PRESOV (AVENUE DE),,,Plein jour,En agglomération,Hors intersection,Normale,Deux véhicules - côté,,,,,,,,,,,1,2,1,1,3
201500040336,0015-10-23 11:55:00,15,10,23,11,55,930,27,VAILLANT-COUTURIER (AVEN,,,Plein jour,En agglomération,Hors intersection,Normale,Deux véhicules - côté,,,,,,,,,,,1,2,1,1,3
201500040337,0015-10-24 16:35:00,15,10,24,16,35,930,27,LECLERC (PLACE DU GENERA,,,Plein jour,En agglomération,Hors intersection,Normale,Deux véhicules - côté,,,,,,,,,,,1,2,1,1,3
201500040338,0015-10-28 16:50:00,15,10,28,16,50,930,27,RATEAU (RUE),,,Plein jour,En agglomération,Intersection en T,Normale,Deux véhicules - côté,,,,,,,,,,,1,2,3,1,3
201500040339,0015-11-05 13:12:00,15,11,5,13,12,930,27,"89, PASTEUR (BOULEVARD)",,,Plein jour,En agglomération,Hors intersection,Normale,Deux véhicules - côté,,,,,,,,,,,1,2,1,1,3
201500040340,0015-11-08 11:28:00,15,11,8,11,28,930,27,"100, VAILLANT-COUTURIER",,,Plein jour,En agglomération,Hors intersection,Normale,Autre collision,,,,,,,,,,,1,2,1,1,6
201500040341,0015-11-09 21:51:00,15,11,9,21,51,930,27,LECLERC (AVENUE DU GENER,,,Nuit avec éclairage allumé,En agglomération,Hors intersection,Normale,Deux véhicules - côté,,,,,,,,,,,5,2,1,1,3
201500040342,0015-11-12 03:35:00,15,11,12,3,35,930,13,"89, LECLERC (AVENU DE LA",,,Nuit avec éclairage allumé,En agglomération,Hors intersection,Normale,Sans collision,,,,,,,,,,,5,2,1,1,7
201500040343,0015-11-13 00:05:00,15,11,13,0,5,930,27,"85, PASTEUR (BOULEVARD)",,,Nuit avec éclairage allumé,En agglomération,Intersection en T,Normale,Deux véhicules - frontale,,,,,,,,,,,5,2,3,1,1
201500040344,0015-11-20 19:30:00,15,11,20,19,30,930,30,", HUIT-MAI-1945 (AVENUE",,,Nuit avec éclairage allumé,En agglomération,Hors intersection,Pluie légère,Deux véhicules - arrière,,,,,,,,,,,5,2,1,2,2
201500040345,0015-11-21 20:05:00,15,11,21,20,5,930,30,CROIZAT (AVENUE AMBROISE,,,Nuit avec éclairage allumé,En agglomération,Hors intersection,Pluie légère,Deux véhicules - arrière,,,,,,,,,,,5,2,1,2,2
201500040346,0015-12-01 08:40:00,15,12,1,8,40,930,13,"43 bis, ROLLAND (RUE DU",,,Plein jour,En agglomération,Hors intersection,Normale,Deux véhicules - côté,,,,,,,,,,,1,2,1,1,3
201500040347,0015-11-21 09:20:00,15,11,21,9,20,930,27,"80 A 98, REPUBLIQUE (AVE",,,Plein jour,En agglomération,Hors intersection,Pluie légère,Autre collision,,,,,,,,,,,1,2,1,2,6
201500040348,0015-11-27 20:20:00,15,11,27,20,20,930,13,LECLERC (AVENU DE LA DIV,,,Nuit avec éclairage allumé,En agglomération,Hors intersection,Pluie légère,Autre collision,,,,,,,,,,,5,2,1,2,6
201500040349,0015-12-02 08:30:00,15,12,2,8,30,930,30,HUIT-MAI-1945 (AVENUE DU,,,Plein jour,En agglomération,Hors intersection,Normale,Deux véhicules - arrière,,,,,,,,,,,1,2,1,1,2
201500040350,0015-12-02 16:18:00,15,12,2,16,18,930,13,"10, ELISE DEROCHE (Avenu",,,Plein jour,En agglomération,Hors intersection,Normale,Autre collision,,,,,,,,,,,1,2,1,1,6
201500040351,0015-12-02 18:10:00,15,12,2,18,10,930,13,"60, JAURES (AVENUE JEAN)",,,Crépuscule ou aube,En agglomération,Intersection en Y,Normale,Autre collision,,,,,,,,,,,2,2,4,1,6
201500040352,0015-12-05 15:40:00,15,12,5,15,40,930,27,LECLERC (AVENUE DU GENER,,,Plein jour,En agglomération,Giratoire,Temps couvert,Trois véhicules et plus - en chaîne,,,,,,,,,,,1,2,6,8,4
201500040353,0015-12-08 14:10:00,15,12,8,14,10,930,27,CONVENTION (RUE DE LA),,,Plein jour,En agglomération,Hors intersection,Pluie légère,Deux véhicules - arrière,,,,,,,,,,,1,2,1,2,2
201500040354,0015-12-11 14:20:00,15,12,11,14,20,930,27,PREVOTE (RUE DE LA),,,Plein jour,En agglomération,Hors intersection,Temps couvert,Sans collision,,,,,,,,,,,1,2,1,8,7
201500040355,0015-12-24 19:05:00,15,12,24,19,5,930,30,FALLIERES (RUE FELIX),,,Nuit avec éclairage allumé,En agglomération,Intersection en X,Normale,Deux véhicules - côté,,,,,,,,,,,5,2,2,1,3
201500040356,0015-12-18 15:50:00,15,12,18,15,50,930,27,"85, REPUBLIQUE (AVENUE D",,,Plein jour,En agglomération,Hors intersection,Normale,Autre collision,,,,,,,,,,,1,2,1,1,6
201500040357,0015-12-09 05:10:00,15,12,9,5,10,930,13,LINDBERGH (CARREFOUR),,,Nuit avec éclairage allumé,En agglomération,Hors intersection,Normale,Sans collision,,,,,,,,,,,5,2,1,1,7
201500040358,0015-12-10 12:36:00,15,12,10,12,36,930,27,VAILLANT-COUTURIER (AVEN,,,Plein jour,En agglomération,Autre intersection,Normale,Deux véhicules - arrière,,,,,,,,,,,1,2,9,1,2
201500040359,0015-01-06 19:50:00,15,1,6,19,50,930,29,STATION (DE LA),,,Nuit avec éclairage allumé,En agglomération,Hors intersection,Normale,Sans collision,,,,,,,,,,,5,2,1,1,7
201500040360,0015-01-14 19:45:00,15,1,14,19,45,930,29,"84, REPUBLIQUE (DE LA) N",,,Nuit sans éclairage public,En agglomération,Hors intersection,Normale,Deux véhicules - frontale,,,,,,,,,,,3,2,1,1,1
201500040361,0015-01-22 20:10:00,15,1,22,20,10,930,29,"89, MARCEAU (AVENUE) N?",,,Nuit avec éclairage allumé,En agglomération,Hors intersection,Normale,Deux véhicules - arrière,,,,,,,,,,,5,2,1,1,2
201500040362,0015-01-26 14:00:00,15,1,26,14,0,930,29,STALINGRAD (DE),,,Plein jour,En agglomération,Giratoire,Pluie légère,Deux véhicules - arrière,,,,,,,,,,,1,2,6,2,2
201500040363,0015-01-28 21:00:00,15,1,28,21,0,930,29,HENRI BARBUSSE (AVE) N?2,,,Nuit sans éclairage public,En agglomération,Intersection en T,Normale,Deux véhicules - côté,,,,,,,,,,,3,2,3,1,3
201500040364,0015-02-04 17:18:00,15,2,4,17,18,930,29,"124, FAIDHERBE",,,Plein jour,En agglomération,Intersection en T,Normale,Deux véhicules - côté,,,,,,,,,,,1,2,3,1,3
201500040365,0015-02-04 20:24:00,15,2,4,20,24,930,29,", CHARLES GIDE",,,Nuit avec éclairage allumé,En agglomération,Hors intersection,Normale,Deux véhicules - côté,,,,,,,,,,,5,2,1,1,3
201500040366,0015-02-05 14:05:00,15,2,5,14,5,930,29,"02, MARCELIN BERTHELOT",,,Plein jour,En agglomération,Hors intersection,Normale,Autre collision,,,,,,,,,,,1,2,1,1,6
201500040367,0015-02-18 13:50:00,15,2,18,13,50,930,29,"4, REPUBLIQUE (DE LA) N?",,,Plein jour,En agglomération,Intersection en T,Temps couvert,Deux véhicules - côté,,,,,,,,,,,1,2,3,8,3
201500040368,0015-03-03 11:30:00,15,3,3,11,30,930,29,"197, ANATOLE FRANCE",,,Plein jour,En agglomération,Passage à niveau,Normale,Autre collision,,,,,,,,,,,1,2,8,1,6
201500040369,0015-03-05 12:55:00,15,3,5,12,55,930,29,"30, HENRI BARBUSSE (AVE)",,,Plein jour,En agglomération,Hors intersection,Normale,Deux véhicules - frontale,,,,,,,,,,,1,2,1,1,1
201500040370,0015-03-07 15:20:00,15,3,7,15,20,930,29,PAUL VAILLANT COUTURIER,,,Plein jour,En agglomération,Intersection en T,Normale,Deux véhicules - côté,,,,,,,,,,,1,2,3,1,3
201500040371,0015-03-07 01:30:00,15,3,7,1,30,930,29,"28, EDMOND GILLETTE",,,Nuit avec éclairage allumé,En agglomération,Intersection en X,Normale,Deux véhicules - côté,,,,,,,,,,,5,2,2,1,3
201500040372,0015-03-08 13:58:00,15,3,8,13,58,930,29,JEAN JAURES (AVENUE),,,Plein jour,En agglomération,Intersection en X,Normale,Autre collision,,,,,,,,,,,1,2,2,1,6
201500040373,0015-03-09 18:50:00,15,3,9,18,50,930,29,"24, PAUL VAILLANT COUTUR",,,Nuit avec éclairage allumé,En agglomération,Hors intersection,Normale,Autre collision,,,,,,,,,,,5,2,1,1,6
201500040374,0015-03-09 19:30:00,15,3,9,19,30,930,29,MARCEAU (AVENUE) N° 1-27,,,Nuit avec éclairage allumé,En agglomération,Intersection en T,Normale,Autre collision,,,,,,,,,,,5,2,3,1,6
201500040375,0015-03-20 13:53:00,15,3,20,13,53,930,29,"81, MARCEAU (AVENUE) N°",,,Plein jour,En agglomération,Hors intersection,Normale,Autre collision,,,,,,,,,,,1,2,1,1,6
201500040376,0015-03-21 18:45:00,15,3,21,18,45,930,29,"115, CHARLES GIDE",,,Plein jour,En agglomération,Hors intersection,Normale,Autre collision,,,,,,,,,,,1,2,1,1,6
201500040377,0015-03-21 21:45:00,15,3,21,21,45,930,29,"244, HENRI BARBUSSE (AVE",,,Nuit avec éclairage allumé,En agglomération,Hors intersection,Normale,Deux véhicules - arrière,,,,,,,,,,,5,2,1,1,2
201500040378,0015-03-29 21:00:00,15,3,29,21,0,930,29,"120, HENRI BARBUSSE (AVE",,,Nuit avec éclairage allumé,En agglomération,Intersection en T,Pluie légère,Deux véhicules - côté,,,,,,,,,,,5,2,3,2,3
201500040379,0015-04-14 18:30:00,15,4,14,18,30,930,29,"86, SAINT-STENAY",,,Plein jour,En agglomération,Hors intersection,Normale,Sans collision,,,,,,,,,,,1,2,1,1,7
201500040380,0015-04-17 04:25:00,15,4,17,4,25,930,29,"60, ALSACE LORRAINE",,,Nuit avec éclairage allumé,En agglomération,Hors intersection,Normale,Autre collision,,,,,,,,,,,5,2,1,1,6
201500040381,0015-04-21 18:30:00,15,4,21,18,30,930,29,"55, ANATOLE FRANCE",,,Plein jour,En agglomération,Hors intersection,Normale,Deux véhicules - frontale,,,,,,,,,,,1,2,1,1,1
201500040382,0015-04-22 10:25:00,15,4,22,10,25,930,29,"118, HENRI BARBUSSE (AVE",,,Plein jour,En agglomération,Hors intersection,Temps éblouissant,Autre collision,,,,,,,,,,,1,2,1,7,6
201500040383,0015-05-10 21:40:00,15,5,10,21,40,930,29,"195, MAURICE BERNARD",,,Nuit avec éclairage allumé,En agglomération,Intersection en Y,Normale,Deux véhicules - frontale,,,,,,,,,,,5,2,4,1,1
201500040384,0015-05-11 08:05:00,15,5,11,8,5,930,29,"133, SADI CARNOT",,,Plein jour,En agglomération,Autre intersection,Normale,Deux véhicules - arrière,,,,,,,,,,,1,2,9,1,2
201500040385,0015-05-11 17:17:00,15,5,11,17,17,930,29,"48, ROGER SALENGRO N° 02",,,Plein jour,En agglomération,Intersection en T,Normale,Autre collision,,,,,,,,,,,1,2,3,1,6
201500040386,0015-05-13 09:30:00,15,5,13,9,30,930,29,"169, ANATOLE FRANCE",,,Plein jour,En agglomération,Hors intersection,Normale,Autre collision,,,,,,,,,,,1,2,1,1,6
201500040387,0015-05-16 02:10:00,15,5,16,2,10,930,29,"21, LIBERTE (DE LA)",,,Nuit avec éclairage allumé,En agglomération,Hors intersection,Normale,Autre collision,,,,,,,,,,,5,2,1,1,6
201500040388,0015-05-16 22:38:00,15,5,16,22,38,930,29,"167, HENRI BARBUSSE (AVE",,,Nuit avec éclairage allumé,En agglomération,Intersection en X,Normale,Deux véhicules - côté,,,,,,,,,,,5,2,2,1,3
201500040389,0015-05-18 13:25:00,15,5,18,13,25,930,29,"34, LIBERTE (DE LA)",,,Plein jour,En agglomération,Intersection en T,Normale,Deux véhicules - côté,,,,,,,,,,,1,2,3,1,3