accident_id,datetime,annee,mois,jour,heure,minute,departement,commune_insee,adresse,latitude,longitude,luminosite,agglomeration,intersection,meteo,collision,nb_vehicules,nb_usagers,nb_indemnes,nb_tues,nb_blesses_hosp,nb_blesses_legers,age_cond_1,age_cond_2,veh_type_cond_1,veh_type_cond_2,lum_code,agg_code,int_code,atm_code,col_code
201500040390,0015-05-31 03:35:00,15,5,31,3,35,930,29,STALINGRAD (DE),,,Nuit avec éclairage non allumé,En agglomération,Hors intersection,Temps couvert,Autre collision,,,,,,,,,,,4,2,1,8,6
201500040391,0015-06-01 08:30:00,15,6,1,8,30,930,29,"12, STALINGRAD (DE)",,,Plein jour,En agglomération,Hors intersection,Normale,Deux véhicules - arrière,,,,,,,,,,,1,2,1,1,2
201500040392,0015-06-15 07:00:00,15,6,15,7,0,930,29,"2, SADI CARNOT",,,Plein jour,En agglomération,Intersection en X,Normale,Deux véhicules - côté,,,,,,,,,,,1,2,2,1,3
201500040393,0015-06-17 16:15:00,15,6,17,16,15,930,29,"118, HENRI BARBUSSE (AVE",,,Plein jour,En agglomération,Intersection en X,Normale,Autre collision,,,,,,,,,,,1,2,2,1,6
201500040394,0015-06-21 11:10:00,15,6,21,11,10,930,29,"38, HENRI BARBUSSE (AVE)",,,Plein jour,En agglomération,Autre intersection,Normale,Autre collision,,,,,,,,,,,1,2,9,1,6
201500040395,0015-06-26 16:00:00,15,6,26,16,0,930,29,"4, DIVISION LECLERC (AV.",,,Plein jour,En agglomération,Hors intersection,Normale,Autre collision,,,,,,,,,,,1,2,1,1,6
201500040396,0015-06-30 09:30:00,15,6,30,9,30,930,29,ROGER SALENGRO N° 02-92,,,Plein jour,En agglomération,Hors intersection,Temps éblouissant,Autre collision,,,,,,,,,,,1,2,1,7,6
201500040397,0015-07-03 22:15:00,15,7,3,22,15,930,29,"179, HENRI BARBUSSE (AVE",,,Nuit avec éclairage allumé,En agglomération,Place,Normale,Deux véhicules - côté,,,,,,,,,,,5,2,7,1,3
201500040398,0015-07-05 00:01:00,15,7,5,0,1,930,29,44 CONCORDE (AVENUE DE,,,Nuit avec éclairage allumé,En agglomération,Hors intersection,Normale,Autre collision,,,,,,,,,,,5,2,1,1,6
201500040399,0015-07-09 10:45:00,15,7,9,10,45,930,29,"10, EMILE DESPREZ",,,Plein jour,En agglomération,Intersection en X,Normale,Deux véhicules - frontale,,,,,,,,,,,1,2,2,1,1
201500040400,0015-07-28 15:30:00,15,7,28,15,30,930,29,"115, HENRI BARBUSSE (AVE",,,Plein jour,En agglomération,Autre intersection,Normale,Autre collision,,,,,,,,,,,1,2,9,1,6
201500040401,0015-07-31 19:40:00,15,7,31,19,40,930,29,"76, JEAN JAURES (AVENUE)",,,Plein jour,En agglomération,Hors intersection,Normale,Autre collision,,,,,,,,,,,1,2,1,1,6
201500040402,0015-08-21 17:10:00,15,8,21,17,10,930,29,"15, BOIS DE GROSLAY (DES",,,Plein jour,En agglomération,Autre intersection,Normale,Autre collision,,,,,,,,,,,1,2,9,1,6
201500040403,0015-08-31 08:15:00,15,8,31,8,15,930,29,"7, GRAND AIR (DU)",,,Plein jour,En agglomération,Hors intersection,Normale,Autre collision,,,,,,,,,,,1,2,1,1,6
201500040404,0015-08-31 18:15:00,15,8,31,18,15,930,29,"160, JEAN JAURES (AVENUE",,,Plein jour,En agglomération,Hors intersection,Normale,Autre collision,,,,,,,,,,,1,2,1,1,6
201500040405,0015-09-06 14:10:00,15,9,6,14,10,930,29,"66, DIVISION LECLERC (AV",,,Plein jour,En agglomération,Intersection en T,Normale,Deux véhicules - côté,,,,,,,,,,,1,2,3,1,3
201500040406,0015-09-09 19:00:00,15,9,9,19,0,930,29,103 HENRI BARBUSSE (AVE,,,Plein jour,En agglomération,Hors intersection,Normale,Autre collision,,,,,,,,,,,1,2,1,1,6
201500040407,0015-09-14 18:40:00,15,9,14,18,40,930,29,"234, ANATOLE FRANCE",,,Plein jour,En agglomération,Hors intersection,Pluie légère,Autre collision,,,,,,,,,,,1,2,1,2,6
201500040408,0015-09-18 13:30:00,15,9,18,13,30,930,29,"170, STALINGRAD (DE)",,,Plein jour,En agglomération,Giratoire,Pluie légère,Autre collision,,,,,,,,,,,1,2,6,2,6
201500040409,0015-09-27 16:45:00,15,9,27,16,45,930,29,"80, SAINT-STENAY",,,Plein jour,En agglomération,Giratoire,Normale,Autre collision,,,,,,,,,,,1,2,6,1,6
201500040410,0015-10-01 18:15:00,15,10,1,18,15,930,29,"1, GATEAU LAMBLIN",,,Crépuscule ou aube,En agglomération,Hors intersection,Normale,Deux véhicules - arrière,,,,,,,,,,,2,2,1,1,2
201500040411,0015-10-03 16:20:00,15,10,3,16,20,930,29,"37, AMBROISE CROIZAT",,,Plein jour,En agglomération,Hors intersection,Normale,Autre collision,,,,,,,,,,,1,2,1,1,6
201500040412,0015-10-12 13:15:00,15,10,12,13,15,930,29,"71, HENRI LANGLOIS",,,Plein jour,En agglomération,Intersection en X,Normale,Autre collision,,,,,,,,,,,1,2,2,1,6
201500040413,0015-10-12 13:40:00,15,10,12,13,40,930,29,"142, ROGER SALENGRO N° 9",,,Plein jour,En agglomération,Hors intersection,Normale,Autre collision,,,,,,,,,,,1,2,1,1,6
201500040414,0015-10-13 17:10:00,15,10,13,17,10,930,29,"87, SADI CARNOT",,,Plein jour,En agglomération,Intersection en T,Normale,Deux véhicules - côté,,,,,,,,,,,1,2,3,1,3
201500040415,0015-10-16 06:35:00,15,10,16,6,35,930,29,"78, JEAN JAURES (AVENUE)",,,Nuit avec éclairage allumé,En agglomération,Intersection en X,Pluie légère,Deux véhicules - côté,,,,,,,,,,,5,2,2,2,3
201500040416,0015-10-19 19:00:00,15,10,19,19,0,930,29,ROGER PETIEU,,,Nuit avec éclairage allumé,En agglomération,Hors intersection,Normale,Autre collision,,,,,,,,,,,5,2,1,1,6
201500040417,0015-10-19 19:30:00,15,10,19,19,30,930,29,"1, MARCEAU (AVENUE) N° 1",,,Nuit avec éclairage allumé,En agglomération,Intersection en X,Normale,Deux véhicules - côté,,,,,,,,,,,5,2,2,1,3
201500040418,0015-10-22 13:15:00,15,10,22,13,15,930,29,"79, SADI CARNOT",,,Plein jour,En agglomération,Hors intersection,Pluie légère,Autre collision,,,,,,,,,,,1,2,1,2,6
201500040419,0015-10-22 19:15:00,15,10,22,19,15,930,29,"85, HENRI BARBUSSE (AVE)",,,Nuit avec éclairage allumé,En agglomération,Intersection en T,Pluie légère,Autre collision,,,,,,,,,,,5,2,3,2,6
201500040420,0015-10-24 02:05:00,15,10,24,2,5,930,29,"42, ALSACE LORRAINE",,,Nuit sans éclairage public,En agglomération,Hors intersection,Normale,Autre collision,,,,,,,,,,,3,2,1,1,6
201500040421,0015-10-29 22:50:00,15,10,29,22,50,930,29,"139, HENRI BARBUSSE (AVE",,,Nuit avec éclairage allumé,En agglomération,Intersection en X,Normale,Deux véhicules - côté,,,,,,,,,,,5,2,2,1,3
201500040422,0015-11-01 01:45:00,15,11,1,1,45,930,29,"10, PARMENTIER",,,Nuit avec éclairage allumé,En agglomération,Hors intersection,Normale,Autre collision,,,,,,,,,,,5,2,1,1,6
201500040423,0015-11-05 21:00:00,15,11,5,21,0,930,29,"150, STALINGRAD (DE)",,,Nuit avec éclairage allumé,En agglomération,Hors intersection,Pluie légère,Trois véhicules et plus - en chaîne,,,,,,,,,,,5,2,1,2,4
201500040424,0015-11-10 13:26:00,15,11,10,13,26,930,29,REPUBLIQUE (DE LA) N° 1-,,,Plein jour,En agglomération,Intersection en T,Normale,Deux véhicules - côté,,,,,,,,,,,1,2,3,1,3
201500040425,0015-11-22 17:30:00,15,11,22,17,30,930,29,"294, JEAN JAURES (AVENUE",,,Nuit avec éclairage allumé,En agglomération,Autre intersection,Normale,Deux véhicules - côté,,,,,,,,,,,5,2,9,1,3
201500040426,0015-12-06 21:15:00,15,12,6,21,15,930,29,"80, STALINGRAD (DE)",,,Nuit avec éclairage allumé,En agglomération,,Normale,Deux véhicules - arrière,,,,,,,,,,,5,2,0,1,2
201500040427,0015-12-19 09:25:00,15,12,19,9,25,930,29,BOIS D'AMOUR (AVENUE DU),,,Plein jour,En agglomération,Intersection en T,Normale,Deux véhicules - côté,,,,,,,,,,,1,2,3,1,3
201500040428,0015-12-20 04:55:00,15,12,20,4,55,930,29,ALSACE LORRAINE,,,Nuit avec éclairage allumé,En agglomération,Autre intersection,Normale,Autre collision,,,,,,,,,,,5,2,9,1,6
201500040429,0015-12-27 00:25:00,15,12,27,0,25,930,29,LOUIS GREUZARD,,,Nuit avec éclairage allumé,En agglomération,Intersection en X,Normale,Deux véhicules - côté,,,,,,,,,,,5,2,2,1,3
201500040430,0015-01-05 06:25:00,15,1,5,6,25,930,31,"0, JEAN JAURES (AVENUE)",,,Nuit avec éclairage allumé,En agglomération,Intersection en X,Normale,Autre collision,,,,,,,,,,,5,2,2,1,6
201500040431,0015-01-13 15:30:00,15,1,13,15,30,930,79,"62, SAINT LEU (ROUTE)",,,Plein jour,En agglomération,Intersection en T,Pluie forte,Deux véhicules - côté,,,,,,,,,,,1,2,3,3,3
201500040432,0015-01-15 17:40:00,15,1,15,17,40,930,31,"209, SAINT LEU (ROUTE DE",,,Nuit avec éclairage allumé,En agglomération,Hors intersection,Pluie légère,Deux véhicules - arrière,,,,,,,,,,,5,2,1,2,2
201500040433,0015-01-26 17:00:00,15,1,26,17,0,930,31,"00, DIX HUIT JUIN 1940 (",,,Crépuscule ou aube,En agglomération,Intersection en X,Pluie légère,Autre collision,,,,,,,,,,,2,2,2,2,6
201500040434,0015-01-30 19:40:00,15,1,30,19,40,930,31,"134, JOFFRE (AVENUE)",,,Nuit avec éclairage allumé,En agglomération,Hors intersection,Normale,Autre collision,,,,,,,,,,,5,2,1,1,6
201500040435,0015-01-30 20:00:00,15,1,30,20,0,930,31,"27, MARSEILLE (RUE DE)",,,Nuit avec éclairage allumé,En agglomération,Hors intersection,Normale,Autre collision,,,,,,,,,,,5,2,1,1,6
201500040436,0015-02-05 08:00:00,15,2,5,8,0,930,31,"85, JEAN JAURES (AVENUE)",,,Plein jour,En agglomération,Hors intersection,Normale,Autre collision,,,,,,,,,,,1,2,1,1,6
201500040437,0015-02-16 12:30:00,15,2,16,12,30,930,79,"00, SAINT LEU (ROUTE)",,,Plein jour,En agglomération,Hors intersection,Normale,Autre collision,,,,,,,,,,,1,2,1,1,6
201500040438,0015-02-16 16:10:00,15,2,16,16,10,930,31,"16, REPUBLIQUE (AVENUE)",,,Plein jour,En agglomération,Hors intersection,Temps couvert,Autre collision,,,,,,,,,,,1,2,1,8,6
201500040439,0015-02-16 23:45:00,15,2,16,23,45,930,31,"118, PARIS (RUE DE)",,,Nuit avec éclairage non allumé,En agglomération,Hors intersection,Normale,Autre collision,,,,,,,,,,,4,2,1,1,6
201500040440,0015-02-20 11:00:00,15,2,20,11,0,930,31,"00, REPUBLIQUE (AVENUE)",,,Plein jour,En agglomération,Hors intersection,Pluie légère,Deux véhicules - côté,,,,,,,,,,,1,2,1,2,3
201500040441,0015-02-21 11:05:00,15,2,21,11,5,930,31,"160, REPUBLIQUE (AVENUE)",,,Plein jour,En agglomération,Intersection en X,Pluie forte,Deux véhicules - côté,,,,,,,,,,,1,2,2,3,3
201500040442,0015-02-22 01:25:00,15,2,22,1,25,930,31,"00, REPUBLIQUE (AVENUE)",,,Nuit avec éclairage allumé,En agglomération,Intersection en X,Normale,Deux véhicules - frontale,,,,,,,,,,,5,2,2,1,1
201500040443,0015-02-23 15:05:00,15,2,23,15,5,930,31,"00, ARGENTEUIL (ROUTE D'",,,Plein jour,En agglomération,Hors intersection,Normale,Autre collision,,,,,,,,,,,1,2,1,1,6
201500040444,0015-03-02 18:15:00,15,3,2,18,15,930,31,"88, DE LATTRE DE TASSIGN",,,Plein jour,En agglomération,Hors intersection,Normale,Deux véhicules - côté,,,,,,,,,,,1,2,1,1,3
201500040445,0015-03-05 09:00:00,15,3,5,9,0,930,31,"14, FOCH (BOULEVARD)",,,Plein jour,En agglomération,Hors intersection,Normale,Autre collision,,,,,,,,,,,1,2,1,1,6
201500040446,0015-03-05 12:45:00,15,3,5,12,45,930,31,"00, GOUNOD (RUE)",,,Plein jour,En agglomération,Intersection en T,Normale,Autre collision,,,,,,,,,,,1,2,3,1,6
201500040447,0015-03-07 23:40:00,15,3,7,23,40,930,31,"00, REPUBLIQUE (AVENUE)",,,Nuit avec éclairage allumé,En agglomération,Hors intersection,Normale,Deux véhicules - arrière,,,,,,,,,,,5,2,1,1,2
201500040448,0015-03-13 20:00:00,15,3,13,20,0,930,31,"00, PARIS (RUE DE)",,,Nuit avec éclairage allumé,En agglomération,Intersection en X,Normale,Deux véhicules - arrière,,,,,,,,,,,5,2,2,1,2
201500040449,0015-03-23 15:35:00,15,3,23,15,35,930,31,"00, REPUBLIQUE (AVENUE)",,,Plein jour,En agglomération,Intersection en X,Normale,Deux véhicules - côté,,,,,,,,,,,1,2,2,1,3
201500040450,0015-03-26 17:10:00,15,3,26,17,10,930,31,"22, ORMESSON (RUE D')",,,Plein jour,En agglomération,Intersection en T,Normale,Autre collision,,,,,,,,,,,1,2,3,1,6
201500040451,0015-03-27 18:15:00,15,3,27,18,15,930,31,"22, PARIS (RUE DE)",,,Plein jour,En agglomération,Intersection en T,Normale,Autre collision,,,,,,,,,,,1,2,3,1,6
201500040452,0015-03-30 17:00:00,15,3,30,17,0,930,31,"00, DE LATTRE DE TASSIGN",,,Plein jour,En agglomération,Hors intersection,Normale,Autre collision,,,,,,,,,,,1,2,1,1,6
201500040453,0015-04-06 17:55:00,15,4,6,17,55,930,31,"67, ENGHIEN (AV D')",,,Plein jour,En agglomération,Hors intersection,Normale,Autre collision,,,,,,,,,,,1,2,1,1,6
201500040454,0015-04-10 23:45:00,15,4,10,23,45,930,31,"187, SAINT LEU (ROUTE DE",,,Nuit avec éclairage allumé,En agglomération,Intersection en T,Normale,Deux véhicules - côté,,,,,,,,,,,5,2,3,1,3
201500040455,0015-04-15 08:25:00,15,4,15,8,25,930,31,", PRESLES (RUE DES)",,,Plein jour,En agglomération,Intersection en T,Normale,Autre collision,,,,,,,,,,,1,2,3,1,6
201500040456,0015-04-15 16:25:00,15,4,15,16,25,930,31,"0, ALLENDE (AVENUE SALVA",,,Plein jour,En agglomération,Intersection en X,Normale,Deux véhicules - frontale,,,,,,,,,,,1,2,2,1,1
201500040457,0015-04-25 11:00:00,15,4,25,11,0,930,79,"00, JEAN ALLEMANE",,,Plein jour,En agglomération,Hors intersection,Normale,Deux véhicules - côté,,,,,,,,,,,1,2,1,1,3
201500040458,0015-04-24 21:50:00,15,4,24,21,50,930,79,"00, NOUVELLE",,,Nuit avec éclairage allumé,En agglomération,Hors intersection,Normale,Autre collision,,,,,,,,,,,5,2,1,1,6
201500040459,0015-04-25 15:55:00,15,4,25,15,55,930,31,"1, REPUBLIQUE (AVENUE)",,,Plein jour,En agglomération,Intersection en X,Normale,Deux véhicules - côté,,,,,,,,,,,1,2,2,1,3
201500040460,0015-05-02 13:00:00,15,5,2,13,0,930,31,"00, REPUBLIQUE (AVENUE)",,,Plein jour,En agglomération,Intersection en T,Normale,Deux véhicules - côté,,,,,,,,,,,1,2,3,1,3
201500040461,0015-05-04 14:00:00,15,5,4,14,0,930,79,"00, SAINT LEU (ROUTE)",,,Plein jour,En agglomération,Autre intersection,Normale,Deux véhicules - frontale,,,,,,,,,,,1,2,9,1,1
201500040462,0015-05-05 14:30:00,15,5,5,14,30,930,31,"81, MARNE (AVENUE DE LA)",,,Plein jour,En agglomération,Hors intersection,Normale,Autre collision,,,,,,,,,,,1,2,1,1,6
201500040463,0015-05-08 16:45:00,15,5,8,16,45,930,79,"98, SAINT LEU (ROUTE)",,,Plein jour,En agglomération,Intersection en X,Normale,Deux véhicules - frontale,,,,,,,,,,,1,2,2,1,1
201500040464,0015-05-13 07:30:00,15,5,13,7,30,930,31,"112, REPUBLIQUE (AVENUE)",,,Plein jour,En agglomération,Hors intersection,Normale,Deux véhicules - frontale,,,,,,,,,,,1,2,1,1,1
201500040465,0015-05-13 18:00:00,15,5,13,18,0,930,31,"00, ESPACE LUMIERE-DELAT",,,Plein jour,En agglomération,Intersection en X,Normale,Deux véhicules - arrière,,,,,,,,,,,1,2,2,1,2
201500040466,0015-05-15 08:35:00,15,5,15,8,35,930,31,"32, MARNE (AVENUE DE LA)",,,Plein jour,En agglomération,Hors intersection,Normale,Autre collision,,,,,,,,,,,1,2,1,1,6
201500040467,0015-06-01 13:15:00,15,6,1,13,15,930,79,"47, ROGER SALENGRO",,,Plein jour,En agglomération,Hors intersection,Normale,Autre collision,,,,,,,,,,,1,2,1,1,6
201500040468,0015-06-02 08:00:00,15,6,2,8,0,930,31,"00, NANCY (RUE DE)",,,Plein jour,En agglomération,Intersection en T,Temps couvert,Trois véhicules et plus - en chaîne,,,,,,,,,,,1,2,3,8,4
201500040469,0015-06-08 21:00:00,15,6,8,21,0,930,79,"187, SAINT LEU (ROUTE)",,,Crépuscule ou aube,En agglomération,Hors intersection,Normale,Trois véhicules et plus - collisions multiples,,,,,,,,,,,2,2,1,1,5
201500040470,0015-06-16 09:55:00,15,6,16,9,55,930,31,"1, PARIS (RUE DE)",,,Plein jour,En agglomération,Intersection en X,Normale,Deux véhicules - côté,,,,,,,,,,,1,2,2,1,3
201500040471,0015-06-17 09:55:00,15,6,17,9,55,930,31,"197, ESPACE LUMIERE-DELA",,,Plein jour,En agglomération,Hors intersection,Normale,Deux véhicules - côté,,,,,,,,,,,1,2,1,1,3
201500040472,0015-06-19 16:10:00,15,6,19,16,10,930,79,"133, DIVISION LECLERC (A",,,Plein jour,En agglomération,Hors intersection,Normale,Deux véhicules - côté,,,,,,,,,,,1,2,1,1,3
201500040473,0015-06-26 15:40:00,15,6,26,15,40,930,79,"00, SAINT LEU (ROUTE)",,,Plein jour,En agglomération,Intersection en X,Normale,Deux véhicules - frontale,,,,,,,,,,,1,2,2,1,1
201500040474,0015-06-29 21:00:00,15,6,29,21,0,930,31,"00, SAINT LEU (ROUTE DE)",,,Plein jour,En agglomération,Hors intersection,Normale,Autre collision,,,,,,,,,,,1,2,1,1,6
201500040475,0015-07-06 17:30:00,15,7,6,17,30,930,31,"102, REPUBLIQUE (AVENUE)",,,Plein jour,En agglomération,Hors intersection,Normale,Autre collision,,,,,,,,,,,1,2,1,1,6
201500040476,0015-07-06 19:50:00,15,7,6,19,50,930,31,"00, REPUBLIQUE (AVENUE)",,,Plein jour,En agglomération,Hors intersection,Normale,Deux véhicules - côté,,,,,,,,,,,1,2,1,1,3
201500040477,0015-07-06 14:00:00,15,7,6,14,0,930,31,"24, REPUBLIQUE (AVENUE)",,,Plein jour,En agglomération,Hors intersection,Normale,Autre collision,,,,,,,,,,,1,2,1,1,6
201500040478,0015-07-09 19:00:00,15,7,9,19,0,930,31,"53, FOCH (BOULEVARD)",,,Plein jour,En agglomération,Hors intersection,Normale,Deux véhicules - côté,,,,,,,,,,,1,2,1,1,3
201500040479,0015-07-11 19:50:00,15,7,11,19,50,930,31,"24, MARSEILLE (RUE DE)",,,Plein jour,En agglomération,Hors intersection,Normale,Autre collision,,,,,,,,,,,1,2,1,1,6
201500040480,0015-07-11 14:00:00,15,7,11,14,0,930,31,"00, FELIX MERLIN",,,Plein jour,En agglomération,Hors intersection,Normale,Deux véhicules - côté,,,,,,,,,,,1,2,1,1,3
201500040481,0015-07-11 18:30:00,15,7,11,18,30,930,31,"160, REPUBLIQUE (AVENUE)",,,Plein jour,En agglomération,Intersection en T,Normale,Autre collision,,,,,,,,,,,1,2,3,1,6
201500040482,0015-07-16 11:05:00,15,7,16,11,5,930,31,"0, DE LATTRE DE TASSIGNY",,,Plein jour,En agglomération,Autre intersection,Normale,Autre collision,,,,,,,,,,,1,2,9,1,6
201500040483,0015-07-21 05:20:00,15,7,21,5,20,930,31,"160, REPUBLIQUE (AVENUE)",,,Crépuscule ou aube,En agglomération,Hors intersection,Normale,Deux véhicules - arrière,,,,,,,,,,,2,2,1,1,2
201500040484,0015-07-22 21:50:00,15,7,22,21,50,930,79,"00, MARCEL SEMBAT",,,Crépuscule ou aube,En agglomération,Hors intersection,Normale,Deux véhicules - frontale,,,,,,,,,,,2,2,1,1,1
201500040485,0015-07-27 00:05:00,15,7,27,0,5,930,31,"00, JEAN JAURES (AVENUE)",,,Nuit avec éclairage allumé,En agglomération,Intersection en X,Pluie légère,Deux véhicules - frontale,,,,,,,,,,,5,2,2,2,1
201500040486,0015-07-27 12:55:00,15,7,27,12,55,930,31,"00, FELIX MERLIN",,,Plein jour,En agglomération,Hors intersection,Temps couvert,Autre collision,,,,,,,,,,,1,2,1,8,6
201500040487,0015-07-30 22:00:00,15,7,30,22,0,930,31,"160, REPUBLIQUE (AVENUE)",,,Nuit avec éclairage allumé,En agglomération,Hors intersection,Normale,Deux véhicules - côté,,,,,,,,,,,5,2,1,1,3
201500040488,0015-08-08 14:40:00,15,8,8,14,40,930,31,"20, FELIX MERLIN",,,Plein jour,En agglomération,Hors intersection,Normale,Autre collision,,,,,,,,,,,1,2,1,1,6
201500040489,0015-08-08 17:30:00,15,8,8,17,30,930,31,"81, GALLIENI (AVENUE)",,,Plein jour,En agglomération,Hors intersection,Normale,Autre collision,,,,,,,,,,,1,2,1,1,6
201500040490,0015-08-11 13:05:00,15,8,11,13,5,930,31,"61, GALLIENI (AVENUE)",,,Plein jour,En agglomération,Hors intersection,Normale,Trois véhicules et plus - collisions multiples,,,,,,,,,,,1,2,1,1,5
201500040491,0015-08-15 17:30:00,15,8,15,17,30,930,31,REPUBLIQUE (AVENUE),,,Plein jour,En agglomération,Intersection en X,Normale,Deux véhicules - côté,,,,,,,,,,,1,2,2,1,3
201500040492,0015-08-16 13:00:00,15,8,16,13,0,930,31,"65, ORGEMONT (RUE D')",,,Plein jour,En agglomération,Place,Normale,Deux véhicules - frontale,,,,,,,,,,,1,2,7,1,1
201500040493,0015-08-21 22:20:00,15,8,21,22,20,930,31,EGLISE (RUE DE L'),,,Nuit avec éclairage allumé,En agglomération,Autre intersection,Normale,Deux véhicules - frontale,,,,,,,,,,,5,2,9,1,1
201500040494,0015-08-27 20:04:00,15,8,27,20,4,930,79,"112, MAURICE GRANDCOING",,,Nuit avec éclairage allumé,En agglomération,Hors intersection,Pluie forte,Autre collision,,,,,,,,,,,5,2,1,3,6
201500040495,0015-09-02 10:18:00,15,9,2,10,18,930,31,"19, DE LATTRE DE TASSIGN",,,Plein jour,En agglomération,Intersection en T,Normale,Deux véhicules - arrière,,,,,,,,,,,1,2,3,1,2
201500040496,0015-09-02 11:40:00,15,9,2,11,40,930,31,"129, JEAN JAURES (AVENUE",,,Plein jour,En agglomération,Intersection en T,Normale,Deux véhicules - côté,,,,,,,,,,,1,2,3,1,3
201500040497,0015-09-03 13:30:00,15,9,3,13,30,930,31,"160, REPUBLIQUE (AVENUE)",,,Plein jour,En agglomération,Intersection en Y,Normale,Deux véhicules - côté,,,,,,,,,,,1,2,4,1,3
201500040498,0015-09-06 12:00:00,15,9,6,12,0,930,31,FELIX MERLIN,,,Plein jour,En agglomération,Hors intersection,Normale,Autre collision,,,,,,,,,,,1,2,1,1,6
201500040499,0015-09-07 08:50:00,15,9,7,8,50,930,31,DE LATTRE DE TASSIGNY (1,,,Plein jour,En agglomération,Hors intersection,Normale,Autre collision,,,,,,,,,,,1,2,1,1,6
201500040500,0015-09-08 13:10:00,15,9,8,13,10,930,31,REPUBLIQUE (AVENUE),,,Plein jour,En agglomération,Hors intersection,Normale,Deux véhicules - côté,,,,,,,,,,,1,2,1,1,3
201500040501,0015-09-10 20:00:00,15,9,10,20,0,930,31,"84, REPUBLIQUE (AVENUE)",,,Plein jour,En agglomération,Hors intersection,Normale,Deux véhicules - côté,,,,,,,,,,,1,2,1,1,3
201500040502,0015-09-12 13:45:00,15,9,12,13,45,930,31,DIX HUIT JUIN 1940 (AVEN,,,Plein jour,En agglomération,Intersection en T,Pluie forte,Deux véhicules - côté,,,,,,,,,,,1,2,3,3,3
201500040503,0015-09-12 17:35:00,15,9,12,17,35,930,31,", JOFFRE (AVENUE)",,,Plein jour,En agglomération,Autre intersection,Pluie forte,Sans collision,,,,,,,,,,,1,2,9,3,7
201500040504,0015-09-14 19:00:00,15,9,14,19,0,930,79,JEAN ALLEMANE,,,Plein jour,En agglomération,Hors intersection,Pluie légère,Autre collision,,,,,,,,,,,1,2,1,2,6
201500040505,0015-09-16 22:25:00,15,9,16,22,25,930,31,REPUBLIQUE (AVENUE),,,Nuit avec éclairage allumé,En agglomération,Intersection en X,Normale,Deux véhicules - côté,,,,,,,,,,,5,2,2,1,3
201500040506,0015-09-19 11:20:00,15,9,19,11,20,930,31,"23, GALLIENI (AVENUE)",,,Plein jour,En agglomération,Hors intersection,Normale,Autre collision,,,,,,,,,,,1,2,1,1,6
201500040507,0015-09-20 06:50:00,15,9,20,6,50,930,31,FOCH (BOULEVARD),,,Nuit avec éclairage allumé,En agglomération,Intersection en Y,Normale,Autre collision,,,,,,,,,,,5,2,4,1,6
201500040508,0015-09-21 10:30:00,15,9,21,10,30,930,79,JEAN BAPTISTE CLEMENT,,,Plein jour,En agglomération,Hors intersection,Normale,Autre collision,,,,,,,,,,,1,2,1,1,6
201500040509,0015-09-22 11:50:00,15,9,22,11,50,930,79,JEAN BAPTISTE CLEMENT,,,Plein jour,Hors agglomération,Hors intersection,Pluie légère,Deux véhicules - côté,,,,,,,,,,,1,1,1,2,3
201500040510,0015-09-26 01:20:00,15,9,26,1,20,930,31,JOFFRE (AVENUE),,,Nuit avec éclairage allumé,En agglomération,Intersection en Y,Normale,Deux véhicules - frontale,,,,,,,,,,,5,2,4,1,1
201500040511,0015-09-28 18:50:00,15,9,28,18,50,930,79,"162, DIVISION LECLERC (A",,,Plein jour,En agglomération,Hors intersection,Normale,Autre collision,,,,,,,,,,,1,2,1,1,6
201500040512,0015-10-02 12:55:00,15,10,2,12,55,930,31,"34, DE LATTRE DE TASSIGN",,,Plein jour,En agglomération,Hors intersection,Normale,Autre collision,,,,,,,,,,,1,2,1,1,6
201500040513,0015-10-03 13:50:00,15,10,3,13,50,930,31,"160, REPUBLIQUE (AVENUE)",,,Plein jour,En agglomération,Intersection en X,Normale,Deux véhicules - côté,,,,,,,,,,,1,2,2,1,3
201500040514,0015-10-05 18:20:00,15,10,5,18,20,930,79,"99, JEAN BAPTISTE CLEMEN",,,Plein jour,En agglomération,Hors intersection,Pluie forte,Deux véhicules - côté,,,,,,,,,,,1,2,1,3,3
201500040515,0015-10-06 20:15:00,15,10,6,20,15,930,31,"1/3, SAINT LEU (ROUTE DE",,,Nuit avec éclairage allumé,En agglomération,Hors intersection,Normale,Deux véhicules - côté,,,,,,,,,,,5,2,1,1,3
201500040516,0015-10-09 22:20:00,15,10,9,22,20,930,31,"22, CDT LOUIS BOUCHET (A",,,Nuit avec éclairage allumé,En agglomération,Hors intersection,Normale,Deux véhicules - arrière,,,,,,,,,,,5,2,1,1,2
201500040517,0015-10-12 17:50:00,15,10,12,17,50,930,79,"8, ROGER SALENGRO",,,Plein jour,En agglomération,Hors intersection,Normale,Autre collision,,,,,,,,,,,1,2,1,1,6
201500040518,0015-10-31 13:05:00,15,10,31,13,5,930,31,PARIS (RUE DE),,,Plein jour,En agglomération,Intersection en X,Normale,Deux véhicules - côté,,,,,,,,,,,1,2,2,1,3
201500040519,0015-11-03 07:30:00,15,11,3,7,30,930,31,"0, REPUBLIQUE (AVENUE)",,,Crépuscule ou aube,En agglomération,Intersection à plus de 4 branches,Temps couvert,Autre collision,,,,,,,,,,,2,2,5,8,6
201500040520,0015-11-05 16:50:00,15,11,5,16,50,930,79,"1, JEAN BAPTISTE CLEMENT",,,Crépuscule ou aube,En agglomération,Hors intersection,Normale,Autre collision,,,,,,,,,,,2,2,1,1,6
201500040521,0015-11-07 23:25:00,15,11,7,23,25,930,31,"29, MARSEILLE (RUE DE)",,,Nuit avec éclairage allumé,En agglomération,Hors intersection,Normale,Autre collision,,,,,,,,,,,5,2,1,1,6
201500040522,0015-11-09 18:00:00,15,11,9,18,0,930,31,REPUBLIQUE (AVENUE),,,Nuit avec éclairage allumé,En agglomération,Intersection en Y,Normale,Deux véhicules - frontale,,,,,,,,,,,5,2,4,1,1