accident_id,datetime,annee,mois,jour,heure,minute,departement,commune_insee,adresse,latitude,longitude,luminosite,agglomeration,intersection,meteo,collision,nb_vehicules,nb_usagers,nb_indemnes,nb_tues,nb_blesses_hosp,nb_blesses_legers,age_cond_1,age_cond_2,veh_type_cond_1,veh_type_cond_2,lum_code,agg_code,int_code,atm_code,col_code
201500040785,0015-01-26 16:20:00,15,1,26,16,20,930,48,"., CONDORCET (RUE)",,,Plein jour,En agglomération,Intersection en Y,Pluie légère,Autre collision,,,,,,,,,,,1,2,4,2,6
201500040786,0015-01-28 16:30:00,15,1,28,16,30,930,48,"., MEUNIERS (RUE DES)",,,Plein jour,En agglomération,Intersection en T,Pluie légère,Autre collision,,,,,,,,,,,1,2,3,2,6
201500040787,0015-01-28 20:45:00,15,1,28,20,45,930,48,"14, MARE A L'ANE (RUE DE",,,Nuit sans éclairage public,En agglomération,Hors intersection,Pluie légère,Deux véhicules - côté,,,,,,,,,,,3,2,1,2,3
201500040788,0015-01-29 11:45:00,15,1,29,11,45,930,48,BOISSIERE (BOULEVARD DE,,,Plein jour,En agglomération,Hors intersection,Normale,Deux véhicules - côté,,,,,,,,,,,1,2,1,1,3
201500040789,0015-01-30 15:50:00,15,1,30,15,50,930,48,"208, THEOPHILE SUEUR (BO",,,Plein jour,En agglomération,Hors intersection,Autre,Deux véhicules - côté,,,,,,,,,,,1,2,1,9,3
201500040790,0015-02-04 18:15:00,15,2,4,18,15,930,48,"10, PARMENTIER (RUE)",,,Nuit avec éclairage allumé,En agglomération,Hors intersection,Normale,Autre collision,,,,,,,,,,,5,2,1,1,6
201500040791,0015-02-11 13:40:00,15,2,11,13,40,930,48,"12, PAUL VAILLANT COUTUR",,,Plein jour,En agglomération,Hors intersection,Normale,Deux véhicules - arrière,,,,,,,,,,,1,2,1,1,2
201500040792,0015-02-11 20:50:00,15,2,11,20,50,930,48,"48, MARCEAU (RUE)",,,Nuit avec éclairage allumé,En agglomération,Intersection en X,Normale,Deux véhicules - côté,,,,,,,,,,,5,2,2,1,3
201500040793,0015-02-12 08:00:00,15,2,12,8,0,930,48,"3, ETIENNE DOLET (RUE)",,,Plein jour,En agglomération,Hors intersection,Normale,Autre collision,,,,,,,,,,,1,2,1,1,6
201500040794,0015-02-16 17:30:00,15,2,16,17,30,930,48,"0, EDOUARD BRANLY (RUE)",,,Plein jour,En agglomération,Hors intersection,Normale,Autre collision,,,,,,,,,,,1,2,1,1,6
201500040795,0015-02-25 14:30:00,15,2,25,14,30,930,48,0 NOUVELLE FRANCE (RUE,,,Plein jour,Hors agglomération,Hors intersection,Pluie légère,Deux véhicules - frontale,,,,,,,,,,,1,1,1,2,1
201500040796,0015-03-11 08:50:00,15,3,11,8,50,930,48,"28, ARISTIDE BRIAND (BOU",,,Plein jour,En agglomération,Hors intersection,Normale,Autre collision,,,,,,,,,,,1,2,1,1,6
201500040797,0015-03-12 17:00:00,15,3,12,17,0,930,48,"76, PARIS (RUE DE)",,,Plein jour,En agglomération,Hors intersection,Normale,Autre collision,,,,,,,,,,,1,2,1,1,6
201500040798,0015-03-22 23:30:00,15,3,22,23,30,930,48,"158, PARIS (RUE DE)",,,Nuit avec éclairage allumé,En agglomération,Hors intersection,Normale,Autre collision,,,,,,,,,,,5,2,1,1,6
201500040799,0015-03-27 12:00:00,15,3,27,12,0,930,48,CHANZY (BOULEVARD),,,Plein jour,En agglomération,Hors intersection,Normale,Autre collision,,,,,,,,,,,1,2,1,1,6
201500040800,0015-03-30 23:35:00,15,3,30,23,35,930,48,130 CHANZY (BOULEVARD),,,Nuit avec éclairage allumé,En agglomération,Hors intersection,Normale,Autre collision,,,,,,,,,,,5,2,1,1,6
201500040801,0015-04-02 15:40:00,15,4,2,15,40,930,48,CARNOT (RUE),,,Plein jour,En agglomération,Intersection en T,Pluie forte,Deux véhicules - côté,,,,,,,,,,,1,2,3,3,3
201500040802,0015-04-02 17:00:00,15,4,2,17,0,930,48,"262, ARISTIDE BRIAND S2",,,Plein jour,En agglomération,Hors intersection,Pluie légère,Deux véhicules - arrière,,,,,,,,,,,1,2,1,2,2
201500040803,0015-04-13 11:05:00,15,4,13,11,5,930,48,"21, EMILE ZOLA (RUE)",,,Plein jour,En agglomération,Hors intersection,Normale,Autre collision,,,,,,,,,,,1,2,1,1,6
201500040804,0015-04-14 18:55:00,15,4,14,18,55,930,48,PAUL VAILLANT COUTURIER,,,Plein jour,En agglomération,Hors intersection,Normale,Autre collision,,,,,,,,,,,1,2,1,1,6
201500040805,0015-04-15 07:45:00,15,4,15,7,45,930,48,"., PIERRE BROSSOLETTE (A",,,Plein jour,En agglomération,Hors intersection,Normale,Autre collision,,,,,,,,,,,1,2,1,1,6
201500040806,0015-04-15 17:55:00,15,4,15,17,55,930,48,"60, MESSIERS (RUE DES)",,,Plein jour,En agglomération,Hors intersection,Normale,Autre collision,,,,,,,,,,,1,2,1,1,6
201500040807,0015-04-20 08:30:00,15,4,20,8,30,930,48,"97, PIERRE DE MONTREUIL",,,Plein jour,En agglomération,Intersection en T,Normale,Deux véhicules - arrière,,,,,,,,,,,1,2,3,1,2
201500040808,0015-04-21 09:32:00,15,4,21,9,32,930,48,ARISTIDE BRIAND (BOULEVA,,,Plein jour,En agglomération,Hors intersection,Normale,Deux véhicules - arrière,,,,,,,,,,,1,2,1,1,2
201500040809,0015-04-25 00:05:00,15,4,25,0,5,930,48,"28, RESISTANCE (AVENUE D",,,Nuit sans éclairage public,En agglomération,Hors intersection,Pluie légère,Deux véhicules - côté,,,,,,,,,,,3,2,1,2,3
201500040810,0015-05-07 07:30:00,15,5,7,7,30,930,48,"32, PIERRE DE MONTREUIL",,,Plein jour,En agglomération,Hors intersection,Temps éblouissant,Deux véhicules - frontale,,,,,,,,,,,1,2,1,7,1
201500040811,0015-05-18 20:35:00,15,5,18,20,35,930,48,ARISTIDE BRIAND (BOULEVA,,,Plein jour,Hors agglomération,Intersection en X,Temps couvert,Autre collision,,,,,,,,,,,1,1,2,8,6
201500040812,0015-05-19 08:10:00,15,5,19,8,10,930,48,ROUGET DE L'ISLE (BOULEV,,,Plein jour,En agglomération,Hors intersection,Normale,Autre collision,,,,,,,,,,,1,2,1,1,6
201500040813,0015-05-22 12:15:00,15,5,22,12,15,930,48,"., VICTOR HUGO (AVENUE)",,,Plein jour,En agglomération,Intersection en T,Normale,Deux véhicules - côté,,,,,,,,,,,1,2,3,1,3
201500040814,0015-05-22 14:45:00,15,5,22,14,45,930,48,10 EMILE ZOLA (RUE),,,Plein jour,En agglomération,Hors intersection,Normale,Autre collision,,,,,,,,,,,1,2,1,1,6
201500040815,0015-05-22 20:00:00,15,5,22,20,0,930,48,"57, PARIS (RUE DE)",,,Plein jour,En agglomération,Intersection en X,Normale,Autre collision,,,,,,,,,,,1,2,2,1,6
201500040816,0015-05-27 07:10:00,15,5,27,7,10,930,48,"32, STALINGRAD (RUE DE)",,,Plein jour,En agglomération,Hors intersection,Normale,Deux véhicules - frontale,,,,,,,,,,,1,2,1,1,1
201500040817,0015-06-02 17:50:00,15,6,2,17,50,930,48,"50 bis, ROBESPIERRE (RUE",,,Plein jour,En agglomération,Hors intersection,Normale,Deux véhicules - arrière,,,,,,,,,,,1,2,1,1,2
201500040818,0015-06-04 19:00:00,15,6,4,19,0,930,48,"., MOLIERE (RUE)",,,Plein jour,En agglomération,Hors intersection,Normale,Deux véhicules - arrière,,,,,,,,,,,1,2,1,1,2
201500040819,0015-06-07 11:27:00,15,6,7,11,27,930,48,"33, SAINT DENIS (RUE)",,,Plein jour,En agglomération,Intersection en X,Normale,Deux véhicules - côté,,,,,,,,,,,1,2,2,1,3
201500040820,0015-06-08 15:20:00,15,6,8,15,20,930,48,"., AUGUSTE BLANQUI (RUE)",,,Plein jour,En agglomération,Intersection en T,Normale,Sans collision,,,,,,,,,,,1,2,3,1,7
201500040821,0015-06-15 18:50:00,15,6,15,18,50,930,48,"., ARISTIDE BRIAND (BOUL",,,Plein jour,En agglomération,Autre intersection,Normale,Autre collision,,,,,,,,,,,1,2,9,1,6
201500040822,0015-06-18 13:15:00,15,6,18,13,15,930,48,"16, PAUL VAILLANT COUTUR",,,Plein jour,En agglomération,Hors intersection,Normale,Autre collision,,,,,,,,,,,1,2,1,1,6
201500040823,0015-06-19 08:05:00,15,6,19,8,5,930,48,"., LE NAIN DE TILLEMONT",,,Plein jour,En agglomération,Intersection en X,Normale,Deux véhicules - côté,,,,,,,,,,,1,2,2,1,3
201500040824,0015-06-25 23:05:00,15,6,25,23,5,930,48,"64, JEAN LOLIVE (RUE)",,,Nuit avec éclairage allumé,En agglomération,Hors intersection,Normale,Deux véhicules - côté,,,,,,,,,,,5,2,1,1,3
201500040825,0015-07-03 09:10:00,15,7,3,9,10,930,48,"15-19, FRANKLIN (RUE)",,,Plein jour,En agglomération,Autre intersection,Normale,Autre collision,,,,,,,,,,,1,2,9,1,6
201500040826,0015-07-10 17:00:00,15,7,10,17,0,930,48,"52, PAUL VAILLANT COUTUR",,,Plein jour,En agglomération,Intersection en X,Normale,Autre collision,,,,,,,,,,,1,2,2,1,6
201500040827,0015-07-13 15:30:00,15,7,13,15,30,930,48,"., PARIS (RUE DE)",,,Plein jour,En agglomération,Hors intersection,Normale,Autre collision,,,,,,,,,,,1,2,1,1,6
201500040828,0015-07-21 18:30:00,15,7,21,18,30,930,48,"., ARMAND CARREL (RUE)",,,Plein jour,En agglomération,Intersection en X,Normale,Autre collision,,,,,,,,,,,1,2,2,1,6
201500040829,0015-08-03 23:45:00,15,8,3,23,45,930,48,HENRI BARBUSSE (BOULEVAR,,,Nuit avec éclairage allumé,En agglomération,Intersection en X,Normale,Deux véhicules - côté,,,,,,,,,,,5,2,2,1,3
201500040830,0015-08-05 19:45:00,15,8,5,19,45,930,48,GABRIEL PERI (AVENUE),,,Plein jour,En agglomération,Hors intersection,Normale,Deux véhicules - côté,,,,,,,,,,,1,2,1,1,3
201500040831,0015-08-08 01:20:00,15,8,8,1,20,930,48,"77, PARIS (RUE DE)",,,Nuit avec éclairage allumé,En agglomération,Intersection en X,Normale,Deux véhicules - côté,,,,,,,,,,,5,2,2,1,3
201500040832,0015-08-15 10:30:00,15,8,15,10,30,930,64,0 GENERAL DE GAULE (PLA,,,Plein jour,Hors agglomération,Intersection en Y,Pluie légère,Autre collision,,,,,,,,,,,1,1,4,2,6
201500040833,0015-08-21 13:10:00,15,8,21,13,10,930,48,"52, VINCENNES (RUE DE)",,,Plein jour,En agglomération,Intersection en T,Normale,Sans collision,,,,,,,,,,,1,2,3,1,7
201500040834,0015-09-01 07:55:00,15,9,1,7,55,930,48,"290, ETIENNE MARCEL (RUE",,,Crépuscule ou aube,En agglomération,Hors intersection,Pluie légère,Deux véhicules - côté,,,,,,,,,,,2,2,1,2,3
201500040835,0015-09-06 21:40:00,15,9,6,21,40,930,48,"., COLONEL FABIEN (AVENU",,,Nuit avec éclairage allumé,En agglomération,Intersection en Y,Normale,Deux véhicules - côté,,,,,,,,,,,5,2,4,1,3
201500040836,0015-09-08 12:15:00,15,9,8,12,15,930,48,"14, JEAN-JACQUES ROUSSEA",,,Plein jour,En agglomération,Hors intersection,Normale,Deux véhicules - côté,,,,,,,,,,,1,2,1,1,3
201500040837,0015-09-10 22:30:00,15,9,10,22,30,930,48,SERGENT BOBILLOT-(RUE DU,,,Nuit avec éclairage allumé,En agglomération,Intersection en T,Normale,Deux véhicules - côté,,,,,,,,,,,5,2,3,1,3
201500040838,0015-09-11 10:45:00,15,9,11,10,45,930,48,20 RESISTANCE (AVENUE D,,,Plein jour,En agglomération,Hors intersection,Normale,Autre collision,,,,,,,,,,,1,2,1,1,6
201500040839,0015-09-11 21:45:00,15,9,11,21,45,930,48,"0, THEOPHILE SUEUR (BOUL",,,Nuit avec éclairage allumé,En agglomération,Hors intersection,Normale,Autre collision,,,,,,,,,,,5,2,1,1,6
201500040840,0015-09-13 12:45:00,15,9,13,12,45,930,48,VALMY (RUE DE),,,Plein jour,En agglomération,Intersection en X,Pluie forte,Deux véhicules - côté,,,,,,,,,,,1,2,2,3,3
201500040841,0015-09-20 20:00:00,15,9,20,20,0,930,48,"75, COLONEL FABIEN (AVEN",,,Nuit avec éclairage allumé,En agglomération,Hors intersection,Normale,Deux véhicules - côté,,,,,,,,,,,5,2,1,1,3
201500040842,0015-09-27 12:20:00,15,9,27,12,20,930,48,0 PIERRE DE MONTREUIL (,,,Plein jour,En agglomération,Hors intersection,Normale,Deux véhicules - côté,,,,,,,,,,,1,2,1,1,3
201500040843,0015-09-28 09:20:00,15,9,28,9,20,930,48,"0, CHANZY (BOULEVARD)",,,Plein jour,En agglomération,Hors intersection,Normale,Autre collision,,,,,,,,,,,1,2,1,1,6
201500040844,0015-09-26 10:27:00,15,9,26,10,27,930,48,"0, COLONEL RAYNAL (RUE D",,,Plein jour,En agglomération,Intersection en X,Normale,Autre collision,,,,,,,,,,,1,2,2,1,6
201500040845,0015-09-29 15:35:00,15,9,29,15,35,930,48,"16, ARISTIDE BRIAND (BOU",,,Plein jour,En agglomération,Hors intersection,Normale,Deux véhicules - côté,,,,,,,,,,,1,2,1,1,3
201500040846,0015-09-30 19:50:00,15,9,30,19,50,930,48,"0, PROGRES (RUE DU)",,,Nuit avec éclairage allumé,En agglomération,Intersection en T,Normale,Autre collision,,,,,,,,,,,5,2,3,1,6
201500040847,0015-10-02 16:45:00,15,10,2,16,45,930,48,"68, PARIS (RUE DE)",,,Plein jour,En agglomération,Hors intersection,Normale,Deux véhicules - côté,,,,,,,,,,,1,2,1,1,3
201500040848,0015-10-05 18:37:00,15,10,5,18,37,930,48,"55, ROSNY (RUE DE)",,,Nuit avec éclairage allumé,En agglomération,Hors intersection,Pluie forte,Autre collision,,,,,,,,,,,5,2,1,3,6
201500040849,0015-10-10 13:15:00,15,10,10,13,15,930,48,"15, STALINGRAD (RUE DE)",,,Plein jour,En agglomération,Hors intersection,Normale,Autre collision,,,,,,,,,,,1,2,1,1,6
201500040850,0015-10-12 08:50:00,15,10,12,8,50,930,48,06 EDOUARD VAILLANT (RU,,,Plein jour,En agglomération,Autre intersection,Temps couvert,Autre collision,,,,,,,,,,,1,2,9,8,6
201500040851,0015-10-12 09:20:00,15,10,12,9,20,930,48,GABRIEL PERI (AVENUE),,,Plein jour,En agglomération,Intersection en X,Temps couvert,Deux véhicules - côté,,,,,,,,,,,1,2,2,8,3
201500040852,0015-10-15 07:30:00,15,10,15,7,30,930,48,"0, FERDINAND (AVENUE)",,,Crépuscule ou aube,En agglomération,Hors intersection,Pluie légère,Deux véhicules - frontale,,,,,,,,,,,2,2,1,2,1
201500040853,0015-10-15 12:00:00,15,10,15,12,0,930,48,"0, PAUL VAILLANT COUTURI",,,Plein jour,En agglomération,Intersection en X,Normale,Deux véhicules - côté,,,,,,,,,,,1,2,2,1,3
201500040854,0015-10-15 13:35:00,15,10,15,13,35,930,48,RUFFINS (RUE DES),,,Plein jour,En agglomération,Hors intersection,Normale,Autre collision,,,,,,,,,,,1,2,1,1,6
201500040855,0015-10-15 19:40:00,15,10,15,19,40,930,48,"0, PASTEUR S3 (AVENUE)",,,Nuit sans éclairage public,En agglomération,Hors intersection,Pluie légère,Autre collision,,,,,,,,,,,3,2,1,2,6
201500040856,0015-10-27 19:30:00,15,10,27,19,30,930,48,"157, CHANZY (BOULEVARD)",,,Nuit avec éclairage allumé,En agglomération,Hors intersection,Pluie légère,Deux véhicules - côté,,,,,,,,,,,5,2,1,2,3
201500040857,0015-10-30 13:45:00,15,10,30,13,45,930,48,CHANZY (BOULEVARD),,,Plein jour,En agglomération,Hors intersection,Normale,Deux véhicules - côté,,,,,,,,,,,1,2,1,1,3
201500040858,0015-10-31 11:05:00,15,10,31,11,5,930,48,"89, CHANZY (BOULEVARD)",,,Plein jour,En agglomération,Hors intersection,Temps couvert,Autre collision,,,,,,,,,,,1,2,1,8,6
201500040859,0015-11-01 16:05:00,15,11,1,16,5,930,48,"3, RAMENAS (RUE DES)",,,Plein jour,En agglomération,Hors intersection,Normale,Deux véhicules - côté,,,,,,,,,,,1,2,1,1,3
201500040860,0015-11-01 23:30:00,15,11,1,23,30,930,48,PAUL VAILLANT COUTURIER,,,Nuit avec éclairage allumé,En agglomération,Hors intersection,Normale,Deux véhicules - frontale,,,,,,,,,,,5,2,1,1,1
201500040861,0015-11-03 22:25:00,15,11,3,22,25,930,48,CHANZY S3 (BOULEVARD),,,Nuit avec éclairage allumé,En agglomération,Intersection en X,Pluie légère,Deux véhicules - côté,,,,,,,,,,,5,2,2,2,3
201500040862,0015-11-05 08:00:00,15,11,5,8,0,930,48,"49, JEAN MOULIN (AVENUE)",,,Plein jour,En agglomération,Intersection en X,Normale,Autre collision,,,,,,,,,,,1,2,2,1,6
201500040863,0015-11-06 02:35:00,15,11,6,2,35,930,48,"21, JEAN MOULIN (AVENUE)",,,Nuit avec éclairage allumé,En agglomération,Hors intersection,Pluie légère,Autre collision,,,,,,,,,,,5,2,1,2,6
201500040864,0015-11-09 09:10:00,15,11,9,9,10,930,48,PARIS (RUE DE),,,Plein jour,En agglomération,Intersection en T,Normale,Deux véhicules - côté,,,,,,,,,,,1,2,3,1,3
201500040865,0015-11-11 17:30:00,15,11,11,17,30,930,48,"117, PRESIDENT WILSON (A",,,Nuit avec éclairage allumé,En agglomération,Hors intersection,Normale,Deux véhicules - côté,,,,,,,,,,,5,2,1,1,3
201500040866,0015-11-12 14:30:00,15,11,12,14,30,930,48,"69, ROCHES (RUE DES)",,,Plein jour,En agglomération,Hors intersection,Normale,Deux véhicules - côté,,,,,,,,,,,1,2,1,1,3
201500040867,0015-11-17 19:50:00,15,11,17,19,50,930,48,THEOPHILE SUEUR (BOULEVA,,,Nuit avec éclairage allumé,En agglomération,Intersection en T,Pluie légère,Autre collision,,,,,,,,,,,5,2,3,2,6
201500040868,0015-11-18 17:20:00,15,11,18,17,20,930,48,"230, BOISSIERE (BOULEVAR",,,Nuit avec éclairage allumé,En agglomération,Intersection en X,Normale,Deux véhicules - côté,,,,,,,,,,,5,2,2,1,3
201500040869,0015-11-23 09:40:00,15,11,23,9,40,930,48,"01, SAIGNE (RUE)",,,Plein jour,En agglomération,Hors intersection,Normale,Deux véhicules - côté,,,,,,,,,,,1,2,1,1,3
201500040870,0015-11-23 12:20:00,15,11,23,12,20,930,48,"0, JEAN LOLIVE (RUE)",,,Plein jour,En agglomération,Intersection en X,Normale,Deux véhicules - côté,,,,,,,,,,,1,2,2,1,3
201500040871,0015-11-23 19:55:00,15,11,23,19,55,930,48,"0, GENERAL DE GAULE (PLA",,,Nuit avec éclairage allumé,En agglomération,Hors intersection,Normale,Autre collision,,,,,,,,,,,5,2,1,1,6
201500040872,0015-11-26 17:45:00,15,11,26,17,45,930,48,"34, GAMBETTA (RUE)",,,Nuit avec éclairage allumé,En agglomération,Intersection en T,Normale,Deux véhicules - côté,,,,,,,,,,,5,2,3,1,3
201500040873,0015-11-28 16:00:00,15,11,28,16,0,930,48,"31, ERNEST RENAN (AVENUE",,,Plein jour,En agglomération,Hors intersection,Normale,Deux véhicules - côté,,,,,,,,,,,1,2,1,1,3
201500040874,0015-11-29 19:05:00,15,11,29,19,5,930,48,EDOUARD VAILLANT (RUE),,,Nuit sans éclairage public,En agglomération,Intersection en X,Normale,Deux véhicules - côté,,,,,,,,,,,3,2,2,1,3
201500040875,0015-12-01 08:10:00,15,12,1,8,10,930,48,MARCEAU (RUE),,,Crépuscule ou aube,En agglomération,Intersection en X,Normale,Autre collision,,,,,,,,,,,2,2,2,1,6
201500040876,0015-12-01 14:15:00,15,12,1,14,15,930,48,"40, RESISTANCE (AVENUE D",,,Plein jour,En agglomération,Hors intersection,Normale,Deux véhicules - côté,,,,,,,,,,,1,2,1,1,3
201500040877,0015-12-04 07:50:00,15,12,4,7,50,930,48,BELAIR (RUE DU),,,Plein jour,En agglomération,Intersection en T,Temps couvert,Autre collision,,,,,,,,,,,1,2,3,8,6
201500040878,0015-12-04 17:30:00,15,12,4,17,30,930,48,"28, RAPATEL (RUE)",,,Crépuscule ou aube,En agglomération,Hors intersection,Normale,Autre collision,,,,,,,,,,,2,2,1,1,6
201500040879,0015-12-08 10:45:00,15,12,8,10,45,930,48,EMILE ZOLA (RUE),,,Plein jour,En agglomération,Intersection en T,Normale,Deux véhicules - côté,,,,,,,,,,,1,2,3,1,3
201500040880,0015-12-09 18:30:00,15,12,9,18,30,930,48,ERNEST SAVART (AVENUE),,,Nuit avec éclairage allumé,En agglomération,Hors intersection,Pluie forte,Autre collision,,,,,,,,,,,5,2,1,3,6
201500040881,0015-12-09 15:55:00,15,12,9,15,55,930,48,"14, RAPATEL (RUE)",,,Plein jour,En agglomération,Hors intersection,Normale,Autre collision,,,,,,,,,,,1,2,1,1,6
201500040882,0015-12-16 07:30:00,15,12,16,7,30,930,48,"41, HENRI BARBUSSE (BOUL",,,Plein jour,En agglomération,Hors intersection,Pluie légère,Deux véhicules - arrière,,,,,,,,,,,1,2,1,2,2
201500040883,0015-12-16 14:30:00,15,12,16,14,30,930,48,JEAN BATISTE LAMARCK (RU,,,Plein jour,En agglomération,Intersection en T,Normale,Deux véhicules - côté,,,,,,,,,,,1,2,3,1,3
201500040884,0015-12-17 09:10:00,15,12,17,9,10,930,48,"117, PARIS (RUE DE)",,,Plein jour,En agglomération,Hors intersection,Normale,Autre collision,,,,,,,,,,,1,2,1,1,6
201500040885,0015-01-05 07:30:00,15,1,5,7,30,930,49,"0, HUIT MAI 1945 (RUE)",,,Nuit avec éclairage allumé,En agglomération,Intersection en T,Normale,Deux véhicules - côté,,,,,,,,,,,5,2,3,1,3
201500040886,0015-01-09 14:50:00,15,1,9,14,50,930,49,MEAUX (CHEMIN),,,Plein jour,En agglomération,Hors intersection,Autre,Deux véhicules - côté,,,,,,,,,,,1,2,1,9,3
201500040887,0015-01-14 16:25:00,15,1,14,16,25,930,50,ROBERT SCHUMANN (AVENUE),,,Plein jour,En agglomération,Intersection en Y,Temps couvert,Autre collision,,,,,,,,,,,1,2,4,8,6
201500040888,0015-01-15 14:00:00,15,1,15,14,0,930,49,"6, VINCENT VAN GOGH (RUE",,,Plein jour,En agglomération,Hors intersection,Pluie légère,Autre collision,,,,,,,,,,,1,2,1,2,6
201500040889,0015-01-24 00:30:00,15,1,24,0,30,930,50,JEAN JAURES (AVENUE) COT,,,Nuit avec éclairage allumé,En agglomération,Hors intersection,Normale,Deux véhicules - arrière,,,,,,,,,,,5,2,1,1,2
201500040890,0015-01-23 16:55:00,15,1,23,16,55,930,50,"72, GASTON NAVAILLE (RUE",,,Plein jour,En agglomération,Hors intersection,Temps couvert,Autre collision,,,,,,,,,,,1,2,1,8,6
201500040891,0015-01-22 13:45:00,15,1,22,13,45,930,50,LOUIS ARMAND (RUE),,,Plein jour,En agglomération,Hors intersection,Normale,Autre collision,,,,,,,,,,,1,2,1,1,6
201500040892,0015-01-28 21:00:00,15,1,28,21,0,930,49,OUEST (AVENUE),,,Nuit avec éclairage non allumé,En agglomération,Intersection en X,Normale,Deux véhicules - côté,,,,,,,,,,,4,2,2,1,3
201500040893,0015-02-12 09:10:00,15,2,12,9,10,930,50,"4, GASTON NAVAILLE (RUE)",,,Plein jour,En agglomération,Hors intersection,Normale,Deux véhicules - arrière,,,,,,,,,,,1,2,1,1,2
201500040894,0015-02-12 13:45:00,15,2,12,13,45,930,50,"51, GASTON NAVAILLE (RUE",,,Plein jour,En agglomération,Intersection en T,Normale,Deux véhicules - côté,,,,,,,,,,,1,2,3,1,3
201500040895,0015-02-16 19:15:00,15,2,16,19,15,930,49,GALLIENI (BOULEVARD),,,Nuit avec éclairage allumé,En agglomération,Hors intersection,Normale,Autre collision,,,,,,,,,,,5,2,1,1,6
201500040896,0015-02-28 21:20:00,15,2,28,21,20,930,50,LOUIS VANNINI (RUE),,,Nuit avec éclairage allumé,En agglomération,Hors intersection,Normale,Autre collision,,,,,,,,,,,5,2,1,1,6
201500040897,0015-03-02 09:20:00,15,3,2,9,20,930,50,PAUL VAILLANT COUTURIER,,,Plein jour,En agglomération,Intersection en T,Normale,Deux véhicules - arrière,,,,,,,,,,,1,2,3,1,2
201500040898,0015-03-09 05:30:00,15,3,9,5,30,930,50,126 MARECHAL LECLERCQ (,,,Nuit avec éclairage allumé,En agglomération,Hors intersection,Normale,Deux véhicules - arrière,,,,,,,,,,,5,2,1,1,2
201500040899,0015-03-13 08:55:00,15,3,13,8,55,930,50,VILLE BOIS MAREUIL (RUE),,,Plein jour,En agglomération,Intersection en T,Normale,Deux véhicules - côté,,,,,,,,,,,1,2,3,1,3
201500040900,0015-03-30 21:30:00,15,3,30,21,30,930,50,MARECHAL LECLERCQ (AVENU,,,Nuit avec éclairage allumé,En agglomération,Hors intersection,Normale,Autre collision,,,,,,,,,,,5,2,1,1,6
201500040901,0015-04-08 17:30:00,15,4,8,17,30,930,49,EDGAR QUINET (RUE) FAIDH,,,Plein jour,En agglomération,Intersection en T,Normale,Autre collision,,,,,,,,,,,1,2,3,1,6
201500040902,0015-04-08 17:45:00,15,4,8,17,45,930,50,"118, MARECHAL LECLERCQ (",,,Plein jour,En agglomération,Hors intersection,Normale,Deux véhicules - côté,,,,,,,,,,,1,2,1,1,3
201500040903,0015-04-10 19:40:00,15,4,10,19,40,930,50,LOUIS ARMAND (RUE),,,Crépuscule ou aube,En agglomération,Intersection en T,Normale,Deux véhicules - côté,,,,,,,,,,,2,2,3,1,3
201500040904,0015-04-23 06:50:00,15,4,23,6,50,930,49,GALLIENI (BOULEVARD),,,Plein jour,En agglomération,Intersection en X,Normale,Deux véhicules - côté,,,,,,,,,,,1,2,2,1,3
201500040905,0015-04-24 07:40:00,15,4,24,7,40,930,49,PELOUSE (RUE),,,Plein jour,En agglomération,Intersection en X,Normale,Deux véhicules - côté,,,,,,,,,,,1,2,2,1,3
201500040906,0015-05-04 16:30:00,15,5,4,16,30,930,50,MARX DORMOY (RUE),,,Plein jour,En agglomération,Hors intersection,Pluie forte,Autre collision,,,,,,,,,,,1,2,1,3,6
201500040907,0015-05-06 17:00:00,15,5,6,17,0,930,50,LEON BLUM (AVENUE),,,Plein jour,En agglomération,Intersection en X,Normale,Autre collision,,,,,,,,,,,1,2,2,1,6
201500040908,0015-05-07 15:45:00,15,5,7,15,45,930,50,"05, LEON BLUM (AVENUE)",,,Plein jour,En agglomération,Intersection en T,Normale,Deux véhicules - côté,,,,,,,,,,,1,2,3,1,3
201500040909,0015-05-10 10:45:00,15,5,10,10,45,930,50,"3, JEAN JAURES (AVENUE)",,,Plein jour,En agglomération,Hors intersection,Normale,Deux véhicules - arrière,,,,,,,,,,,1,2,1,1,2
201500040910,0015-05-16 10:20:00,15,5,16,10,20,930,49,CARNOT (AVENUE) DU 1-2 A,,,Plein jour,En agglomération,Intersection en X,Normale,Autre collision,,,,,,,,,,,1,2,2,1,6
201500040911,0015-05-17 20:05:00,15,5,17,20,5,930,50,"157, MARECHAL LECLERCQ (",,,Plein jour,En agglomération,Hors intersection,Normale,Autre collision,,,,,,,,,,,1,2,1,1,6
201500040912,0015-05-20 12:00:00,15,5,20,12,0,930,49,"0, EDGAR QUINET (RUE) FA",,,Plein jour,En agglomération,Hors intersection,Pluie forte,Autre collision,,,,,,,,,,,1,2,1,3,6
201500040913,0015-05-24 17:45:00,15,5,24,17,45,930,49,RENOUILLIERES (RUE),,,Plein jour,En agglomération,Hors intersection,Normale,Autre collision,,,,,,,,,,,1,2,1,1,6
201500040914,0015-05-26 07:30:00,15,5,26,7,30,930,50,PAUL ET CAMILLE THOMOUX,,,Plein jour,En agglomération,Hors intersection,Temps éblouissant,Trois véhicules et plus - en chaîne,,,,,,,,,,,1,2,1,7,4
201500040915,0015-05-27 15:40:00,15,5,27,15,40,930,50,"1-9, MARECHAL FOCH (AVEN",,,Plein jour,En agglomération,Hors intersection,Normale,Deux véhicules - côté,,,,,,,,,,,1,2,1,1,3
201500040916,0015-05-29 14:00:00,15,5,29,14,0,930,49,BAC (RUE),,,Plein jour,En agglomération,Intersection en T,Normale,Deux véhicules - frontale,,,,,,,,,,,1,2,3,1,1
201500040917,0015-06-02 01:45:00,15,6,2,1,45,930,50,"163, MARECHAL LECLERCQ (",,,Nuit avec éclairage allumé,En agglomération,Intersection en X,Normale,Deux véhicules - côté,,,,,,,,,,,5,2,2,1,3