accident_id,datetime,annee,mois,jour,heure,minute,departement,commune_insee,adresse,latitude,longitude,luminosite,agglomeration,intersection,meteo,collision,nb_vehicules,nb_usagers,nb_indemnes,nb_tues,nb_blesses_hosp,nb_blesses_legers,age_cond_1,age_cond_2,veh_type_cond_1,veh_type_cond_2,lum_code,agg_code,int_code,atm_code,col_code
201500040918,0015-06-12 20:30:00,15,6,12,20,30,930,49,"9, GALLIENI (BOULEVARD)",,,Nuit avec éclairage allumé,En agglomération,Hors intersection,Normale,Autre collision,,,,,,,,,,,5,2,1,1,6
201500040919,0015-06-14 23:55:00,15,6,14,23,55,930,50,"48, GENERAL DE GAULLE (A",,,Nuit avec éclairage allumé,En agglomération,Hors intersection,Normale,Autre collision,,,,,,,,,,,5,2,1,1,6
201500040920,0015-06-18 17:15:00,15,6,18,17,15,930,50,"480, HUIT MAI 1945",,,Plein jour,En agglomération,Hors intersection,Normale,Autre collision,,,,,,,,,,,1,2,1,1,6
201500040921,0015-06-22 11:38:00,15,6,22,11,38,930,50,PAUL ET CAMILLE THOMOUX,,,Plein jour,En agglomération,Hors intersection,Normale,Deux véhicules - arrière,,,,,,,,,,,1,2,1,1,2
201500040922,0015-06-26 10:25:00,15,6,26,10,25,930,50,"17, FRANCOIS MAURIAC (AV",,,Plein jour,En agglomération,Hors intersection,Normale,Autre collision,,,,,,,,,,,1,2,1,1,6
201500040923,0015-06-30 21:40:00,15,6,30,21,40,930,50,"111, GENERAL DE GAULLE (",,,Plein jour,En agglomération,Hors intersection,Normale,Autre collision,,,,,,,,,,,1,2,1,1,6
201500040924,0015-07-01 08:00:00,15,7,1,8,0,930,50,PAUL ET CAMILLE THOMOUX,,,Plein jour,En agglomération,Intersection en X,Normale,Deux véhicules - côté,,,,,,,,,,,1,2,2,1,3
201500040925,0015-07-09 11:30:00,15,7,9,11,30,930,50,"16, PAUL ET CAMILLE THOM",,,Plein jour,Hors agglomération,Intersection en T,Normale,Deux véhicules - côté,,,,,,,,,,,1,1,3,1,3
201500040926,0015-07-08 16:40:00,15,7,8,16,40,930,50,"175, MARECHAL LECLERCQ (",,,Plein jour,En agglomération,Hors intersection,Normale,Trois véhicules et plus - en chaîne,,,,,,,,,,,1,2,1,1,4
201500040927,0015-07-10 07:30:00,15,7,10,7,30,930,50,"118, MARECHAL LECLERCQ (",,,Plein jour,En agglomération,Hors intersection,Normale,Trois véhicules et plus - en chaîne,,,,,,,,,,,1,2,1,1,4
201500040928,0015-08-11 16:15:00,15,8,11,16,15,930,50,ALFERD KASTLER (RUE),,,Plein jour,En agglomération,Hors intersection,Normale,Sans collision,,,,,,,,,,,1,2,1,1,7
201500040929,0015-08-22 11:10:00,15,8,22,11,10,930,49,"21 BIS, MARECHAL FOCH (A",,,Plein jour,En agglomération,Hors intersection,Normale,Deux véhicules - arrière,,,,,,,,,,,1,2,1,1,2
201500040930,0015-08-22 21:30:00,15,8,22,21,30,930,50,HUIT MAI 1945,,,Nuit avec éclairage allumé,En agglomération,Intersection en T,Normale,Deux véhicules - côté,,,,,,,,,,,5,2,3,1,3
201500040931,0015-08-05 11:50:00,15,8,5,11,50,930,49,MARECHAL FOCH (AVENUE) P,,,Plein jour,En agglomération,Intersection en T,Normale,Deux véhicules - côté,,,,,,,,,,,1,2,3,1,3
201500040932,0015-08-23 17:30:00,15,8,23,17,30,930,50,ECLUSE (CHEMIN),,,Plein jour,En agglomération,Hors intersection,Normale,Autre collision,,,,,,,,,,,1,2,1,1,6
201500040933,0015-08-25 21:25:00,15,8,25,21,25,930,50,PAUL ET CAMILLE THOMOUX,,,Nuit avec éclairage allumé,En agglomération,Intersection en X,Pluie légère,Deux véhicules - côté,,,,,,,,,,,5,2,2,2,3
201500040934,0015-08-30 13:45:00,15,8,30,13,45,930,50,"109 BIS, PAUL ET CAMILLE",,,Plein jour,En agglomération,Hors intersection,Normale,Autre collision,,,,,,,,,,,1,2,1,1,6
201500040935,0015-09-09 15:59:00,15,9,9,15,59,930,50,"23, ROBERT SCHUMANN (AVE",,,Plein jour,En agglomération,Hors intersection,Normale,Autre collision,,,,,,,,,,,1,2,1,1,6
201500040936,0015-09-10 12:05:00,15,9,10,12,5,930,49,"24, PAUL VAILLANT COUTUR",,,Plein jour,En agglomération,Hors intersection,Normale,Autre collision,,,,,,,,,,,1,2,1,1,6
201500040937,0015-09-10 17:30:00,15,9,10,17,30,930,50,"05, LEON BLUM (AVENUE)",,,Plein jour,En agglomération,Hors intersection,Normale,Deux véhicules - côté,,,,,,,,,,,1,2,1,1,3
201500040938,0015-09-13 15:00:00,15,9,13,15,0,930,50,"34, MARECHAL FOCH (AVENU",,,Plein jour,En agglomération,Hors intersection,Normale,Deux véhicules - arrière,,,,,,,,,,,1,2,1,1,2
201500040939,0015-09-14 08:00:00,15,9,14,8,0,930,50,"115, LAVOISIER (AVENUE)",,,Plein jour,En agglomération,Intersection en X,Pluie forte,Autre collision,,,,,,,,,,,1,2,2,3,6
201500040940,0015-09-16 11:40:00,15,9,16,11,40,930,50,"1-9, MARECHAL FOCH (AVEN",,,Plein jour,En agglomération,Hors intersection,Pluie forte,Deux véhicules - côté,,,,,,,,,,,1,2,1,3,3
201500040941,0015-09-17 15:45:00,15,9,17,15,45,930,50,DUGUAY TROUIN (RUE),,,Plein jour,En agglomération,Intersection en T,Normale,Deux véhicules - côté,,,,,,,,,,,1,2,3,1,3
201500040942,0015-09-19 14:20:00,15,9,19,14,20,930,50,"43, PAUL ET CAMILLE THOM",,,Plein jour,En agglomération,Intersection en Y,Normale,Deux véhicules - côté,,,,,,,,,,,1,2,4,1,3
201500040943,0015-09-28 15:50:00,15,9,28,15,50,930,50,"108, PAUL ET CAMILLE THO",,,Plein jour,En agglomération,Hors intersection,Normale,Trois véhicules et plus - en chaîne,,,,,,,,,,,1,2,1,1,4
201500040944,0015-09-28 11:15:00,15,9,28,11,15,930,49,"15BIS, COMMANDANT RAYNAL",,,Plein jour,En agglomération,Intersection en X,Normale,Deux véhicules - côté,,,,,,,,,,,1,2,2,1,3
201500040945,0015-10-03 17:00:00,15,10,3,17,0,930,50,"462, HUIT MAI 1945",,,Plein jour,En agglomération,Hors intersection,Normale,Autre collision,,,,,,,,,,,1,2,1,1,6
201500040946,0015-10-08 14:45:00,15,10,8,14,45,930,50,JEAN JAURES (AVENUE) COT,,,Plein jour,En agglomération,Hors intersection,Normale,Autre collision,,,,,,,,,,,1,2,1,1,6
201500040947,0015-10-09 11:40:00,15,10,9,11,40,930,50,DAUPHINE (PLACE),,,Plein jour,En agglomération,Hors intersection,Normale,Deux véhicules - frontale,,,,,,,,,,,1,2,1,1,1
201500040948,0015-10-04 18:00:00,15,10,4,18,0,930,49,"4ter, GALLIENI (BOULEVAR",,,Plein jour,En agglomération,Hors intersection,Normale,Autre collision,,,,,,,,,,,1,2,1,1,6
201500040949,0015-10-12 08:05:00,15,10,12,8,5,930,50,"125, MARECHAL FOCH (AVEN",,,Plein jour,En agglomération,Hors intersection,Normale,Deux véhicules - arrière,,,,,,,,,,,1,2,1,1,2
201500040950,0015-10-29 18:45:00,15,10,29,18,45,930,50,"35, MARECHAL FOCH (AVENU",,,Nuit avec éclairage allumé,En agglomération,Hors intersection,Normale,Autre collision,,,,,,,,,,,5,2,1,1,6
201500040951,0015-11-06 21:30:00,15,11,6,21,30,930,50,"47, PAUL ET CAMILLE THOM",,,Nuit avec éclairage allumé,En agglomération,Hors intersection,Pluie légère,Autre collision,,,,,,,,,,,5,2,1,2,6
201500040952,0015-10-29 18:00:00,15,10,29,18,0,930,49,JEAN MERMOZ (PLACE),,,Crépuscule ou aube,En agglomération,Hors intersection,Normale,Deux véhicules - côté,,,,,,,,,,,2,2,1,1,3
201500040953,0015-11-04 13:35:00,15,11,4,13,35,930,49,"51, MARECHAL JOFFRE (AVE",,,Plein jour,En agglomération,Intersection en X,Normale,Deux véhicules - côté,,,,,,,,,,,1,2,2,1,3
201500040954,0015-11-12 06:40:00,15,11,12,6,40,930,50,ARISTIDE BRIAND (BOULEBA,,,Nuit avec éclairage allumé,En agglomération,Hors intersection,Normale,Autre collision,,,,,,,,,,,5,2,1,1,6
201500040955,0015-11-19 09:15:00,15,11,19,9,15,930,50,"33, MARECHAL FOCH (AVENU",,,Plein jour,En agglomération,Hors intersection,Temps couvert,Deux véhicules - côté,,,,,,,,,,,1,2,1,8,3
201500040956,0015-11-25 10:45:00,15,11,25,10,45,930,50,RESISTANCE (PLACE),,,Plein jour,En agglomération,Hors intersection,Pluie légère,Trois véhicules et plus - collisions multiples,,,,,,,,,,,1,2,1,2,5
201500040957,0015-12-10 11:55:00,15,12,10,11,55,930,49,MEAUX (CHEMIN),,,Plein jour,En agglomération,Intersection en T,Normale,Deux véhicules - côté,,,,,,,,,,,1,2,3,1,3
201500040958,0015-12-04 09:20:00,15,12,4,9,20,930,49,MARECHAL JOFFRE (AVENUE),,,Plein jour,En agglomération,Intersection en X,Normale,Deux véhicules - côté,,,,,,,,,,,1,2,2,1,3
201500040959,0015-12-09 17:10:00,15,12,9,17,10,930,50,"10, WINSTON CHURCHILL (A",,,Nuit avec éclairage allumé,En agglomération,Hors intersection,Normale,Deux véhicules - frontale,,,,,,,,,,,5,2,1,1,1
201500040960,0015-01-12 13:30:00,15,1,12,13,30,930,51,"49, CHAPELLE",,,Plein jour,En agglomération,Intersection en X,Normale,Deux véhicules - côté,,,,,,,,,,,1,2,2,1,3
201500040961,0015-01-13 23:45:00,15,1,13,23,45,930,51,MEDERIC (AVENUE),,,Nuit sans éclairage public,En agglomération,Autre intersection,Pluie légère,Deux véhicules - côté,,,,,,,,,,,3,2,9,2,3
201500040962,0015-01-17 18:50:00,15,1,17,18,50,930,51,"5, VILLIERS (ROUTE)",,,Nuit avec éclairage allumé,En agglomération,Intersection en T,Normale,Deux véhicules - côté,,,,,,,,,,,5,2,3,1,3
201500040963,0015-01-28 18:30:00,15,1,28,18,30,930,51,MONT D'EST (BD),,,Nuit avec éclairage allumé,En agglomération,Hors intersection,Pluie légère,Deux véhicules - côté,,,,,,,,,,,5,2,1,2,3
201500040964,0015-02-01 00:01:00,15,2,1,0,1,930,51,"21, MEDERIC (AVENUE)",,,Nuit avec éclairage allumé,En agglomération,Hors intersection,Pluie légère,Autre collision,,,,,,,,,,,5,2,1,2,6
201500040965,0015-02-03 17:50:00,15,2,3,17,50,930,51,MONT D'EST (BD),,,Nuit avec éclairage allumé,En agglomération,Hors intersection,Normale,Autre collision,,,,,,,,,,,5,2,1,1,6
201500040966,0015-02-04 16:35:00,15,2,4,16,35,930,51,PAVE NEUF (AVENUE),,,Plein jour,En agglomération,Hors intersection,Normale,Deux véhicules - arrière,,,,,,,,,,,1,2,1,1,2
201500040967,0015-02-09 08:50:00,15,2,9,8,50,930,51,FORT (AVE),,,Plein jour,En agglomération,Hors intersection,Normale,Autre collision,,,,,,,,,,,1,2,1,1,6
201500040968,0015-02-13 08:45:00,15,2,13,8,45,930,51,"144, PIERRE BROSSOLETTE",,,Plein jour,En agglomération,Hors intersection,Normale,Autre collision,,,,,,,,,,,1,2,1,1,6
201500040969,0015-02-14 19:35:00,15,2,14,19,35,930,51,HAUTS CHATEAUX,,,Nuit avec éclairage allumé,En agglomération,Hors intersection,Pluie légère,Autre collision,,,,,,,,,,,5,2,1,2,6
201500040970,0015-02-22 13:50:00,15,2,22,13,50,930,51,NEUILLY (ROUTE),,,Plein jour,En agglomération,Hors intersection,Normale,Deux véhicules - côté,,,,,,,,,,,1,2,1,1,3
201500040971,0015-02-26 16:00:00,15,2,26,16,0,930,33,BRAS SAINT ARNOULT,,,Plein jour,En agglomération,Intersection en T,Pluie légère,Deux véhicules - côté,,,,,,,,,,,1,2,3,2,3
201500040972,0015-03-02 11:35:00,15,3,2,11,35,930,51,"64, EMILE COSSONNEAU (AV",,,Plein jour,En agglomération,Intersection en X,Normale,Autre collision,,,,,,,,,,,1,2,2,1,6
201500040973,0015-03-04 04:40:00,15,3,4,4,40,930,51,NEUILLY (ROUTE),,,Nuit sans éclairage public,En agglomération,Hors intersection,Normale,Deux véhicules - frontale,,,,,,,,,,,3,2,1,1,1
201500040974,0015-03-09 16:55:00,15,3,9,16,55,930,51,GRAHAM BELL,,,Plein jour,En agglomération,Intersection en X,Normale,Deux véhicules - côté,,,,,,,,,,,1,2,2,1,3
201500040975,0015-03-20 23:56:00,15,3,20,23,56,930,51,"17, VAUBAN",,,Nuit avec éclairage allumé,En agglomération,Hors intersection,Normale,Sans collision,,,,,,,,,,,5,2,1,1,7
201500040976,0015-03-24 08:50:00,15,3,24,8,50,930,51,BAS HEURTS,,,Plein jour,En agglomération,Intersection en X,Pluie légère,Deux véhicules - côté,,,,,,,,,,,1,2,2,2,3
201500040977,0015-03-30 07:30:00,15,3,30,7,30,930,51,UNIVERSITE,,,Crépuscule ou aube,En agglomération,Intersection en T,Temps couvert,Deux véhicules - côté,,,,,,,,,,,2,2,3,8,3
201500040978,0015-04-01 08:40:00,15,4,1,8,40,930,51,ARTISANS,,,Plein jour,En agglomération,Intersection en T,Normale,Deux véhicules - côté,,,,,,,,,,,1,2,3,1,3
201500040979,0015-04-02 11:20:00,15,4,2,11,20,930,51,MEDERIC (AVENUE),,,Plein jour,En agglomération,Intersection en X,Normale,Deux véhicules - côté,,,,,,,,,,,1,2,2,1,3
201500040980,0015-04-09 14:30:00,15,4,9,14,30,930,51,ROGER SALENGRO,,,Plein jour,En agglomération,Hors intersection,Normale,Autre collision,,,,,,,,,,,1,2,1,1,6
201500040981,0015-04-29 21:20:00,15,4,29,21,20,930,51,"49, MEDERIC (AVENUE)",,,Nuit avec éclairage allumé,En agglomération,Hors intersection,Normale,Autre collision,,,,,,,,,,,5,2,1,1,6
201500040982,0015-04-30 19:18:00,15,4,30,19,18,930,51,VILLIERS (ROUTE),,,Plein jour,En agglomération,Hors intersection,Pluie légère,Autre collision,,,,,,,,,,,1,2,1,2,6
201500040983,0015-05-07 12:15:00,15,5,7,12,15,930,51,MEDERIC (AVENUE),,,Plein jour,En agglomération,Intersection en X,Normale,Autre collision,,,,,,,,,,,1,2,2,1,6
201500040984,0015-05-29 16:15:00,15,5,29,16,15,930,51,BATAILLON HILDEVERT (ALL,,,Plein jour,En agglomération,Hors intersection,Normale,Autre collision,,,,,,,,,,,1,2,1,1,6
201500040985,0015-06-02 22:35:00,15,6,2,22,35,930,51,PIERRE BROSSOLETTE,,,Nuit sans éclairage public,En agglomération,Autre intersection,Normale,Deux véhicules - côté,,,,,,,,,,,3,2,9,1,3
201500040986,0015-06-03 11:40:00,15,6,3,11,40,930,51,LUCIEN SALLES (AVENUE),,,Plein jour,En agglomération,Hors intersection,Normale,Autre collision,,,,,,,,,,,1,2,1,1,6
201500040987,0015-06-06 16:30:00,15,6,6,16,30,930,51,REPUBLIQUE,,,Plein jour,En agglomération,Intersection en T,Normale,Deux véhicules - côté,,,,,,,,,,,1,2,3,1,3
201500040988,0015-06-07 12:30:00,15,6,7,12,30,930,51,AUGUSTE RODIN (ALLEE),,,Plein jour,En agglomération,Hors intersection,Normale,Autre collision,,,,,,,,,,,1,2,1,1,6
201500040989,0015-06-17 16:25:00,15,6,17,16,25,930,51,CHAMPY RICHARDETS (BOULE,,,Plein jour,En agglomération,Intersection en T,Normale,Deux véhicules - côté,,,,,,,,,,,1,2,3,1,3
201500040990,0015-06-22 12:10:00,15,6,22,12,10,930,51,VICTOR BALTARD,,,Plein jour,En agglomération,Hors intersection,Normale,Deux véhicules - côté,,,,,,,,,,,1,2,1,1,3
201500040991,0015-07-01 12:50:00,15,7,1,12,50,930,51,"50, PAVE NEUF (AVENUE)",,,Plein jour,En agglomération,Hors intersection,Normale,Autre collision,,,,,,,,,,,1,2,1,1,6
201500040992,0015-07-03 11:45:00,15,7,3,11,45,930,51,MEDERIC (AVENUE),,,Plein jour,En agglomération,Hors intersection,Temps éblouissant,Autre collision,,,,,,,,,,,1,2,1,7,6
201500040993,0015-07-04 20:40:00,15,7,4,20,40,930,51,MONT D'EST (BD),,,Plein jour,En agglomération,Hors intersection,Normale,Deux véhicules - arrière,,,,,,,,,,,1,2,1,1,2
201500040994,0015-07-07 12:30:00,15,7,7,12,30,930,51,"1, MALNOUE (NR 1 A 93)",,,Plein jour,En agglomération,Intersection en X,Normale,Trois véhicules et plus - collisions multiples,,,,,,,,,,,1,2,2,1,5
201500040995,0015-07-16 16:00:00,15,7,16,16,0,930,51,AUGUSTE RODIN (ALLEE),,,Plein jour,En agglomération,Autre intersection,Normale,Trois véhicules et plus - en chaîne,,,,,,,,,,,1,2,9,1,4
201500040996,0015-08-03 14:55:00,15,8,3,14,55,930,51,MALNOUE (NR 1 A 93),,,Plein jour,En agglomération,Intersection en T,Normale,Deux véhicules - côté,,,,,,,,,,,1,2,3,1,3
201500040997,0015-08-10 23:00:00,15,8,10,23,0,930,51,"01, LEVANT (BD)",,,Nuit avec éclairage allumé,En agglomération,Hors intersection,Normale,Autre collision,,,,,,,,,,,5,2,1,1,6
201500040998,0015-08-15 21:15:00,15,8,15,21,15,930,51,LIBERATION (PLACE),,,Crépuscule ou aube,En agglomération,Intersection en T,Normale,Autre collision,,,,,,,,,,,2,2,3,1,6
201500040999,0015-08-18 15:05:00,15,8,18,15,5,930,51,CHAMPY RICHARDETS (BOULE,,,Plein jour,En agglomération,Hors intersection,Normale,Deux véhicules - arrière,,,,,,,,,,,1,2,1,1,2
201500041000,0015-09-02 18:30:00,15,9,2,18,30,930,51,"10, CENTRE",,,Plein jour,En agglomération,Hors intersection,Normale,Autre collision,,,,,,,,,,,1,2,1,1,6
201500041001,0015-09-03 18:07:00,15,9,3,18,7,930,51,MEDERIC (AVENUE),,,Plein jour,En agglomération,Intersection en T,Normale,Deux véhicules - côté,,,,,,,,,,,1,2,3,1,3
201500041002,0015-09-03 19:00:00,15,9,3,19,0,930,33,JEAN JAURES,,,Plein jour,En agglomération,Hors intersection,Normale,Deux véhicules - arrière,,,,,,,,,,,1,2,1,1,2
201500041003,0015-09-06 10:30:00,15,9,6,10,30,930,33,JOFFRE (AVENUE),,,Plein jour,En agglomération,Hors intersection,Normale,Deux véhicules - côté,,,,,,,,,,,1,2,1,1,3
201500041004,0015-09-06 13:25:00,15,9,6,13,25,930,51,"11, MARNOIS (NR 21 A FIN",,,Plein jour,En agglomération,Hors intersection,Normale,Sans collision,,,,,,,,,,,1,2,1,1,7
201500041005,0015-09-10 01:15:00,15,9,10,1,15,930,51,NEUILLY (ROUTE),,,Nuit avec éclairage allumé,En agglomération,Hors intersection,Normale,Autre collision,,,,,,,,,,,5,2,1,1,6
201500041006,0015-09-12 14:45:00,15,9,12,14,45,930,51,VICTOR BASCH (AVENUE),,,Plein jour,En agglomération,Intersection en T,Pluie forte,Deux véhicules - côté,,,,,,,,,,,1,2,3,3,3
201500041007,0015-09-15 09:30:00,15,9,15,9,30,930,51,PAVE NEUF (AVENUE),,,Plein jour,En agglomération,Giratoire,Normale,Deux véhicules - côté,,,,,,,,,,,1,2,6,1,3
201500041008,0015-09-18 16:15:00,15,9,18,16,15,930,51,PAVE NEUF (AVENUE),,,Plein jour,En agglomération,Hors intersection,Pluie forte,Autre collision,,,,,,,,,,,1,2,1,3,6
201500041009,0015-09-22 20:11:00,15,9,22,20,11,930,51,", PAUL PAMBRUN (BOULEVAR",,,Nuit avec éclairage allumé,En agglomération,Intersection en T,Pluie légère,Deux véhicules - frontale,,,,,,,,,,,5,2,3,2,1
201500041010,0015-09-28 08:35:00,15,9,28,8,35,930,51,"6, FRERES NOGER",,,Plein jour,En agglomération,Hors intersection,Normale,Autre collision,,,,,,,,,,,1,2,1,1,6
201500041011,0015-09-29 14:10:00,15,9,29,14,10,930,33,CHAMPS (AVENUE),,,Plein jour,En agglomération,Hors intersection,Normale,Deux véhicules - arrière,,,,,,,,,,,1,2,1,1,2
201500041012,0015-10-04 01:00:00,15,10,4,1,0,930,33,ARISTIDE BRIAND,,,Nuit avec éclairage allumé,En agglomération,Hors intersection,Normale,Deux véhicules - côté,,,,,,,,,,,5,2,1,1,3
201500041013,0015-10-07 15:25:00,15,10,7,15,25,930,51,JULES FERRY (NR PAIRS ),,,Plein jour,En agglomération,Hors intersection,Pluie légère,Autre collision,,,,,,,,,,,1,2,1,2,6
201500041014,0015-10-11 16:25:00,15,10,11,16,25,930,51,"132, MARECHAL FOCH (BOUL",,,Plein jour,En agglomération,Hors intersection,Normale,Autre collision,,,,,,,,,,,1,2,1,1,6
201500041015,0015-10-13 20:40:00,15,10,13,20,40,930,33,"8, PAUL DOUMER (AVENUE)",,,Nuit avec éclairage allumé,En agglomération,Hors intersection,Normale,Deux véhicules - arrière,,,,,,,,,,,5,2,1,1,2
201500041016,0015-10-13 20:00:00,15,10,13,20,0,930,51,MALNOUE (NR 1 A 93),,,Nuit avec éclairage allumé,En agglomération,Intersection en X,Normale,Deux véhicules - côté,,,,,,,,,,,5,2,2,1,3
201500041017,0015-10-14 13:30:00,15,10,14,13,30,930,51,GRAVIERS,,,Plein jour,En agglomération,Hors intersection,Normale,Autre collision,,,,,,,,,,,1,2,1,1,6
201500041018,0015-10-14 16:11:00,15,10,14,16,11,930,51,"2, MARECHAL JUIN (AVENUE",,,Plein jour,En agglomération,Hors intersection,Normale,Deux véhicules - côté,,,,,,,,,,,1,2,1,1,3
201500041019,0015-10-15 22:15:00,15,10,15,22,15,930,51,"12 bis, LEO LAGRANGE",,,Nuit avec éclairage allumé,En agglomération,Hors intersection,Pluie légère,Autre collision,,,,,,,,,,,5,2,1,2,6
201500041020,0015-10-15 20:00:00,15,10,15,20,0,930,51,"20, GLACIS (ALLEE)",,,Nuit avec éclairage allumé,En agglomération,Hors intersection,Pluie légère,Autre collision,,,,,,,,,,,5,2,1,2,6
201500041021,0015-10-19 19:35:00,15,10,19,19,35,930,51,"11, PAVE NEUF (AVENUE)",,,Nuit avec éclairage allumé,En agglomération,Hors intersection,Normale,Autre collision,,,,,,,,,,,5,2,1,1,6
201500041022,0015-10-21 16:20:00,15,10,21,16,20,930,33,MARECHAL JOFFRE (AVENUE),,,Plein jour,En agglomération,Hors intersection,Pluie légère,Deux véhicules - frontale,,,,,,,,,,,1,2,1,2,1
201500041023,0015-10-25 18:20:00,15,10,25,18,20,930,51,"28, BALLON",,,Plein jour,En agglomération,Hors intersection,Normale,Deux véhicules - côté,,,,,,,,,,,1,2,1,1,3
201500041024,0015-11-17 13:30:00,15,11,17,13,30,930,51,NEUILLY (ROUTE),,,Plein jour,En agglomération,Intersection en Y,Pluie légère,Deux véhicules - côté,,,,,,,,,,,1,2,4,2,3
201500041025,0015-11-17 12:50:00,15,11,17,12,50,930,51,MONT D'EST (BD),,,Plein jour,En agglomération,Hors intersection,Pluie légère,Deux véhicules - côté,,,,,,,,,,,1,2,1,2,3
201500041026,0015-11-17 14:50:00,15,11,17,14,50,930,51,NEUILLY-(ROUTE),,,Plein jour,En agglomération,Intersection en T,Temps couvert,Deux véhicules - côté,,,,,,,,,,,1,2,3,8,3
201500041027,0015-11-19 22:55:00,15,11,19,22,55,930,51,NEUILLY (ROUTE),,,Nuit avec éclairage allumé,En agglomération,Intersection en X,Pluie légère,Deux véhicules - arrière,,,,,,,,,,,5,2,2,2,2
201500041028,0015-11-25 11:50:00,15,11,25,11,50,930,51,RU DE NESLE (BOULEVARD),,,Plein jour,En agglomération,Autre intersection,Pluie légère,Autre collision,,,,,,,,,,,1,2,9,2,6
201500041029,0015-11-27 09:10:00,15,11,27,9,10,930,51,VICTOR BASCH (AVENUE),,,Plein jour,En agglomération,Giratoire,Brouillard / fumée,Autre collision,,,,,,,,,,,1,2,6,5,6
201500041030,0015-11-27 14:45:00,15,11,27,14,45,930,51,"36, REPUBLIQUE",,,Plein jour,En agglomération,Hors intersection,Normale,Autre collision,,,,,,,,,,,1,2,1,1,6
201500041031,0015-12-08 18:20:00,15,12,8,18,20,930,51,"12, PAVE NEUF (AVENUE)",,,Nuit avec éclairage allumé,En agglomération,Hors intersection,Pluie légère,Autre collision,,,,,,,,,,,5,2,1,2,6
201500041032,0015-12-12 16:45:00,15,12,12,16,45,930,51,MICHEL GOUTIER (NR PAIRS,,,Crépuscule ou aube,En agglomération,Intersection en T,Temps couvert,Deux véhicules - côté,,,,,,,,,,,2,2,3,8,3
201500041033,0015-12-18 18:40:00,15,12,18,18,40,930,51,ARMAND GUNDHARDT,,,Nuit avec éclairage allumé,En agglomération,Hors intersection,Pluie légère,Autre collision,,,,,,,,,,,5,2,1,2,6
201500041034,0015-12-20 19:50:00,15,12,20,19,50,930,51,"0, BLAISE PASCAL (BD)",,,Nuit avec éclairage allumé,En agglomération,Hors intersection,Pluie légère,Sans collision,,,,,,,,,,,5,2,1,2,7
201500041035,0015-12-26 20:55:00,15,12,26,20,55,930,51,NEUILLY (ROUTE),,,Nuit avec éclairage allumé,En agglomération,Intersection en X,Normale,Trois véhicules et plus - collisions multiples,,,,,,,,,,,5,2,2,1,5
201500041036,0015-01-18 14:50:00,15,1,18,14,50,930,53,BREMENT (RUE DE) 1 A 83,,,Plein jour,En agglomération,Intersection en T,Normale,Deux véhicules - côté,,,,,,,,,,,1,2,3,1,3
201500041037,0015-01-24 17:25:00,15,1,24,17,25,930,53,"141, PARIS (RUE DE)",,,Nuit avec éclairage allumé,En agglomération,Hors intersection,Normale,Trois véhicules et plus - collisions multiples,,,,,,,,,,,5,2,1,1,5
201500041038,0015-01-25 16:10:00,15,1,25,16,10,930,53,PARIS (RUE DE),,,Plein jour,En agglomération,Intersection en X,Normale,Deux véhicules - côté,,,,,,,,,,,1,2,2,1,3
201500041039,0015-02-11 10:45:00,15,2,11,10,45,930,53,"87, JEAN JAURES (RUE)",,,Plein jour,En agglomération,Hors intersection,Normale,Sans collision,,,,,,,,,,,1,2,1,1,7
201500041040,0015-02-21 22:40:00,15,2,21,22,40,930,53,"170, PARC (RUE DU)",,,Nuit avec éclairage allumé,En agglomération,Hors intersection,Normale,Trois véhicules et plus - en chaîne,,,,,,,,,,,5,2,1,1,4
201500041041,0015-02-23 11:30:00,15,2,23,11,30,930,53,BREMENT (RUE DE) 109 A 2,,,Plein jour,En agglomération,Hors intersection,Pluie légère,Autre collision,,,,,,,,,,,1,2,1,2,6
201500041042,0015-03-03 11:15:00,15,3,3,11,15,930,53,PARIS (RUE DE),,,Plein jour,En agglomération,Intersection en X,Normale,Deux véhicules - côté,,,,,,,,,,,1,2,2,1,3
201500041043,0015-03-05 15:50:00,15,3,5,15,50,930,53,"102, ROSNY (AVENUE DE) N",,,Plein jour,En agglomération,Hors intersection,Normale,Deux véhicules - côté,,,,,,,,,,,1,2,1,1,3
201500041044,0015-03-06 19:55:00,15,3,6,19,55,930,53,PARC (RUE DU),,,Nuit avec éclairage allumé,En agglomération,Intersection en X,Normale,Deux véhicules - côté,,,,,,,,,,,5,2,2,1,3
201500041045,0015-03-10 09:30:00,15,3,10,9,30,930,53,"2, PARIS (RUE DE)",,,Plein jour,En agglomération,Hors intersection,Pluie légère,Autre collision,,,,,,,,,,,1,2,1,2,6
201500041046,0015-03-12 15:50:00,15,3,12,15,50,930,53,PARIS (RUE DE),,,Plein jour,En agglomération,Intersection en T,Normale,Deux véhicules - côté,,,,,,,,,,,1,2,3,1,3
201500041047,0015-03-24 12:37:00,15,3,24,12,37,930,53,"01, JULES FERRY (RUE)",,,Plein jour,En agglomération,Hors intersection,Normale,Deux véhicules - frontale,,,,,,,,,,,1,2,1,1,1
201500041048,0015-04-02 16:00:00,15,4,2,16,0,930,53,JEAN JAURES (RUE),,,Plein jour,En agglomération,Intersection en X,Pluie légère,Autre collision,,,,,,,,,,,1,2,2,2,6
201500041049,0015-04-27 13:50:00,15,4,27,13,50,930,53,PARC (RUE DU),,,Plein jour,En agglomération,Hors intersection,Normale,Deux véhicules - arrière,,,,,,,,,,,1,2,1,1,2
201500041050,0015-05-20 17:35:00,15,5,20,17,35,930,53,BREMENT (RUE DE) 109 A 2,,,Plein jour,En agglomération,Hors intersection,Normale,Deux véhicules - arrière,,,,,,,,,,,1,2,1,1,2