accident_id,datetime,annee,mois,jour,heure,minute,departement,commune_insee,adresse,latitude,longitude,luminosite,agglomeration,intersection,meteo,collision,nb_vehicules,nb_usagers,nb_indemnes,nb_tues,nb_blesses_hosp,nb_blesses_legers,age_cond_1,age_cond_2,veh_type_cond_1,veh_type_cond_2,lum_code,agg_code,int_code,atm_code,col_code
201500041051,0015-05-13 13:05:00,15,5,13,13,5,930,53,"32, ROSNY (AVENUE DE) N°",,,Plein jour,En agglomération,Hors intersection,Normale,Autre collision,,,,,,,,,,,1,2,1,1,6
201500041052,0015-04-13 16:30:00,15,4,13,16,30,930,53,"164/168, PARIS (RUE DE)",,,Plein jour,En agglomération,Hors intersection,Normale,Deux véhicules - côté,,,,,,,,,,,1,2,1,1,3
201500041053,0015-04-21 13:30:00,15,4,21,13,30,930,53,VAILLANT COUTURIER (RUE),,,Plein jour,En agglomération,Intersection en T,Normale,Deux véhicules - côté,,,,,,,,,,,1,2,3,1,3
201500041054,0015-05-09 14:55:00,15,5,9,14,55,930,53,PARIS (RUE DE),,,Plein jour,En agglomération,Intersection en Y,Normale,Deux véhicules - côté,,,,,,,,,,,1,2,4,1,3
201500041055,0015-05-11 16:55:00,15,5,11,16,55,930,53,"16, PIERRE BROSSELETTE (",,,Plein jour,En agglomération,Hors intersection,Normale,Autre collision,,,,,,,,,,,1,2,1,1,6
201500041056,0015-05-22 09:20:00,15,5,22,9,20,930,53,ANATOLE FRANCE (RUE),,,Plein jour,En agglomération,Hors intersection,Normale,Deux véhicules - côté,,,,,,,,,,,1,2,1,1,3
201500041057,0015-05-22 15:00:00,15,5,22,15,0,930,53,"1, BREMENT (RUE DE) 1 A",,,Plein jour,En agglomération,Hors intersection,Normale,Deux véhicules - côté,,,,,,,,,,,1,2,1,1,3
201500041058,0015-05-30 16:10:00,15,5,30,16,10,930,53,"219, BREMENT (RUE DE) 10",,,Plein jour,En agglomération,Hors intersection,Normale,Autre collision,,,,,,,,,,,1,2,1,1,6
201500041059,0015-06-05 14:25:00,15,6,5,14,25,930,53,"51, VAILLANT COUTURIER (",,,Plein jour,En agglomération,Hors intersection,Normale,Deux véhicules - côté,,,,,,,,,,,1,2,1,1,3
201500041060,0015-06-09 17:40:00,15,6,9,17,40,930,53,"15, NEUILLY (RUE DE) N°",,,Plein jour,En agglomération,Hors intersection,Normale,Autre collision,,,,,,,,,,,1,2,1,1,6
201500041061,0015-06-13 14:45:00,15,6,13,14,45,930,53,PROGRES (RUE DU) N° 33 A,,,Plein jour,En agglomération,Intersection en T,Normale,Deux véhicules - côté,,,,,,,,,,,1,2,3,1,3
201500041062,0015-06-20 18:50:00,15,6,20,18,50,930,53,"121, PARC (RUE DU)",,,Plein jour,En agglomération,Hors intersection,Normale,Deux véhicules - arrière,,,,,,,,,,,1,2,1,1,2
201500041063,0015-06-22 10:15:00,15,6,22,10,15,930,53,189 Bis BREMENT (RUE DE,,,Plein jour,En agglomération,Hors intersection,Temps couvert,Autre collision,,,,,,,,,,,1,2,1,8,6
201500041064,0015-06-30 09:50:00,15,6,30,9,50,930,53,JEAN COQUELIN (PLACE),,,Plein jour,En agglomération,Giratoire,Normale,Deux véhicules - côté,,,,,,,,,,,1,2,6,1,3
201500041065,0015-07-04 19:55:00,15,7,4,19,55,930,53,DECOUVERTES (PLACE DES),,,Plein jour,En agglomération,Hors intersection,Normale,Autre collision,,,,,,,,,,,1,2,1,1,6
201500041066,0015-07-19 22:40:00,15,7,19,22,40,930,53,"63, JEAN JAURES (RUE)",,,Nuit avec éclairage allumé,En agglomération,Hors intersection,Normale,Deux véhicules - côté,,,,,,,,,,,5,2,1,1,3
201500041067,0015-07-22 13:30:00,15,7,22,13,30,930,53,"20, JEAN JAURES (RUE)",,,Plein jour,En agglomération,Hors intersection,Normale,Autre collision,,,,,,,,,,,1,2,1,1,6
201500041068,0015-07-23 08:15:00,15,7,23,8,15,930,53,ANATOLE FRANCE (RUE),,,Plein jour,En agglomération,Hors intersection,Normale,Deux véhicules - arrière,,,,,,,,,,,1,2,1,1,2
201500041069,0015-07-26 00:01:00,15,7,26,0,1,930,53,ROSNY (AVENUE DE) N° 56,,,Nuit avec éclairage allumé,En agglomération,Intersection en X,Normale,Deux véhicules - côté,,,,,,,,,,,5,2,2,1,3
201500041070,0015-07-26 07:40:00,15,7,26,7,40,930,53,"3, GAGNY (AVENUE DE)",,,Plein jour,En agglomération,Hors intersection,Normale,Deux véhicules - arrière,,,,,,,,,,,1,2,1,1,2
201500041071,0015-07-29 09:50:00,15,7,29,9,50,930,53,ROSNY (AVENUE DE) N° 53,,,Plein jour,En agglomération,Hors intersection,Normale,Deux véhicules - côté,,,,,,,,,,,1,2,1,1,3
201500041072,0015-08-08 08:00:00,15,8,8,8,0,930,53,10 ROGER SALENGRO (BLD),,,Plein jour,En agglomération,Hors intersection,Normale,Deux véhicules - côté,,,,,,,,,,,1,2,1,1,3
201500041073,0015-09-03 16:30:00,15,9,3,16,30,930,53,"18, PARC (RUE DU)",,,Plein jour,En agglomération,Hors intersection,Normale,Deux véhicules - arrière,,,,,,,,,,,1,2,1,1,2
201500041074,0015-09-10 19:10:00,15,9,10,19,10,930,53,"58, PARIS (RUE DE)",,,Plein jour,En agglomération,Hors intersection,Normale,Trois véhicules et plus - en chaîne,,,,,,,,,,,1,2,1,1,4
201500041075,0015-09-14 06:00:00,15,9,14,6,0,930,53,"., BREMENT (RUE DE) 109",,,Nuit avec éclairage allumé,En agglomération,Intersection en X,Normale,Deux véhicules - côté,,,,,,,,,,,5,2,2,1,3
201500041076,0015-09-18 17:31:00,15,9,18,17,31,930,53,PROGRES (RUE DU) N° 33 A,,,Plein jour,En agglomération,Intersection en X,Temps couvert,Deux véhicules - côté,,,,,,,,,,,1,2,2,8,3
201500041077,0015-09-20 02:35:00,15,9,20,2,35,930,53,"104, VAILLANT COUTURIER",,,Nuit avec éclairage allumé,En agglomération,Hors intersection,Normale,Sans collision,,,,,,,,,,,5,2,1,1,7
201500041078,0015-09-23 11:42:00,15,9,23,11,42,930,53,"1, VAILLANT COUTURIER (R",,,Plein jour,En agglomération,Intersection en X,Normale,Deux véhicules - côté,,,,,,,,,,,1,2,2,1,3
201500041079,0015-09-26 16:15:00,15,9,26,16,15,930,53,"15, FREPILLON (RUE)",,,Plein jour,En agglomération,Hors intersection,Normale,Autre collision,,,,,,,,,,,1,2,1,1,6
201500041080,0015-09-30 09:20:00,15,9,30,9,20,930,53,"., JEAN COQUELIN (PLACE)",,,Plein jour,En agglomération,Hors intersection,Normale,Deux véhicules - arrière,,,,,,,,,,,1,2,1,1,2
201500041081,0015-10-07 16:15:00,15,10,7,16,15,930,53,"45, VAILLANT COUTURIER (",,,Plein jour,En agglomération,Hors intersection,Normale,Autre collision,,,,,,,,,,,1,2,1,1,6
201500041082,0015-10-11 17:30:00,15,10,11,17,30,930,53,"127, ANATOLE FRANCE (RUE",,,Plein jour,En agglomération,Hors intersection,Normale,Deux véhicules - côté,,,,,,,,,,,1,2,1,1,3
201500041083,0015-10-14 09:50:00,15,10,14,9,50,930,53,"04, VERDUN (AVENUE DE)",,,Plein jour,En agglomération,Hors intersection,Normale,Trois véhicules et plus - collisions multiples,,,,,,,,,,,1,2,1,1,5
201500041084,0015-10-21 17:00:00,15,10,21,17,0,930,53,"11, NEUILLY (RUE DE) N°",,,Plein jour,En agglomération,Hors intersection,Normale,Autre collision,,,,,,,,,,,1,2,1,1,6
201500041085,0015-10-23 18:25:00,15,10,23,18,25,930,53,"., ROSNY (AVENUE DE) N°",,,Plein jour,En agglomération,Intersection en T,Normale,Deux véhicules - arrière,,,,,,,,,,,1,2,3,1,2
201500041086,0015-10-29 21:30:00,15,10,29,21,30,930,53,"., FONTAINE (RUE DE LA)",,,Nuit avec éclairage allumé,En agglomération,Intersection en T,Normale,Deux véhicules - côté,,,,,,,,,,,5,2,3,1,3
201500041087,0015-10-31 00:30:00,15,10,31,0,30,930,53,ROSNY (AVENUE DE) N° 53,,,Nuit avec éclairage allumé,En agglomération,Intersection en T,Normale,Deux véhicules - arrière,,,,,,,,,,,5,2,3,1,2
201500041088,0015-11-03 19:20:00,15,11,3,19,20,930,53,"106BIS, BREMENT (RUE DE)",,,Nuit avec éclairage allumé,En agglomération,Autre intersection,Normale,Deux véhicules - côté,,,,,,,,,,,5,2,9,1,3
201500041089,0015-11-21 14:40:00,15,11,21,14,40,930,53,"17, REPUBLIQUE (BLD DE L",,,Plein jour,En agglomération,Hors intersection,Pluie légère,Deux véhicules - arrière,,,,,,,,,,,1,2,1,2,2
201500041090,0015-12-04 07:40:00,15,12,4,7,40,930,53,PARIS (RUE DE),,,Crépuscule ou aube,En agglomération,Intersection en X,Pluie légère,Deux véhicules - côté,,,,,,,,,,,2,2,2,2,3
201500041091,0015-12-04 08:20:00,15,12,4,8,20,930,53,"40, BOBIGNY (AVENUE DE)",,,Crépuscule ou aube,En agglomération,Hors intersection,Temps couvert,Deux véhicules - côté,,,,,,,,,,,2,2,1,8,3
201500041092,0015-12-04 21:40:00,15,12,4,21,40,930,53,"01, ROGER SALENGRO (BLD)",,,Nuit avec éclairage allumé,En agglomération,Hors intersection,Autre,Deux véhicules - frontale,,,,,,,,,,,5,2,1,9,1
201500041093,0015-12-07 19:00:00,15,12,7,19,0,930,53,"184, PARIS (RUE DE)",,,Nuit avec éclairage allumé,En agglomération,Hors intersection,Normale,Deux véhicules - arrière,,,,,,,,,,,5,2,1,1,2
201500041094,0015-12-09 18:35:00,15,12,9,18,35,930,53,68 JEAN JAURES (RUE),,,Plein jour,En agglomération,Hors intersection,Normale,Autre collision,,,,,,,,,,,1,2,1,1,6
201500041095,0015-12-16 12:55:00,15,12,16,12,55,930,53,"8, DIX HUIT AVRIL 1944 (",,,Plein jour,En agglomération,Hors intersection,Normale,Sans collision,,,,,,,,,,,1,2,1,1,7
201500041096,0015-12-18 10:05:00,15,12,18,10,5,930,53,"9, BREMENT (RUE DE) 1 A",,,Plein jour,En agglomération,Hors intersection,Pluie légère,Deux véhicules - arrière,,,,,,,,,,,1,2,1,2,2
201500041097,0015-12-20 18:30:00,15,12,20,18,30,930,53,108 MICHELET (bld) N  8,,,Nuit avec éclairage allumé,En agglomération,Hors intersection,Normale,Trois véhicules et plus - en chaîne,,,,,,,,,,,5,2,1,1,4
201500041098,0015-01-23 18:00:00,15,1,23,18,0,930,55,"25, EDOUARD VAILLANT DU",,,Nuit avec éclairage allumé,En agglomération,Hors intersection,Normale,Autre collision,,,,,,,,,,,5,2,1,1,6
201500041099,0015-01-30 17:45:00,15,1,30,17,45,930,55,"91, EDOUARD VAILLANT DU",,,Crépuscule ou aube,En agglomération,Hors intersection,Normale,Autre collision,,,,,,,,,,,2,2,1,1,6
201500041100,0015-01-31 23:30:00,15,1,31,23,30,930,55,"109, JEAN JAURES (AVENUE",,,Nuit avec éclairage allumé,En agglomération,Hors intersection,Normale,Deux véhicules - côté,,,,,,,,,,,5,2,1,1,3
201500041101,0015-02-09 10:15:00,15,2,9,10,15,930,55,"71, CARTIER BRESSON DU 4",,,Plein jour,En agglomération,Hors intersection,Normale,Deux véhicules - frontale,,,,,,,,,,,1,2,1,1,1
201500041102,0015-02-10 18:30:00,15,2,10,18,30,930,55,"1, FORMAGNE",,,Nuit avec éclairage allumé,En agglomération,Hors intersection,Temps couvert,Autre collision,,,,,,,,,,,5,2,1,8,6
201500041103,0015-02-16 20:20:00,15,2,16,20,20,930,55,"39, EDOUARD VAILLANT DU",,,Nuit avec éclairage allumé,En agglomération,Intersection en Y,Normale,Autre collision,,,,,,,,,,,5,2,4,1,6
201500041104,0015-02-24 20:10:00,15,2,24,20,10,930,55,"134, JEAN LOLIVE (AVENUE",,,Nuit avec éclairage allumé,En agglomération,Hors intersection,Normale,Autre collision,,,,,,,,,,,5,2,1,1,6
201500041105,0015-02-27 11:44:00,15,2,27,11,44,930,55,"31, PIERRE BROSSOLETTE",,,Plein jour,En agglomération,Intersection en X,Normale,Deux véhicules - côté,,,,,,,,,,,1,2,2,1,3
201500041106,0015-03-02 16:45:00,15,3,2,16,45,930,55,JULES AUFFRET (1/49 ET 2,,,Plein jour,En agglomération,Hors intersection,Normale,Autre collision,,,,,,,,,,,1,2,1,1,6
201500041107,0015-03-09 01:35:00,15,3,9,1,35,930,55,"200, JEAN LOLIVE (AVENUE",,,Nuit avec éclairage allumé,En agglomération,Hors intersection,Normale,Sans collision,,,,,,,,,,,5,2,1,1,7
201500041108,0015-03-09 18:15:00,15,3,9,18,15,930,55,"170, JEAN JAURES (AVENUE",,,Plein jour,En agglomération,Hors intersection,Normale,Autre collision,,,,,,,,,,,1,2,1,1,6
201500041109,0015-03-11 18:20:00,15,3,11,18,20,930,55,"14, SCANDICCI",,,Plein jour,En agglomération,Hors intersection,Normale,Deux véhicules - côté,,,,,,,,,,,1,2,1,1,3
201500041110,0015-03-13 18:15:00,15,3,13,18,15,930,55,"6, VICTOR HUGO (1/63 . 2",,,Plein jour,En agglomération,Hors intersection,Normale,Autre collision,,,,,,,,,,,1,2,1,1,6
201500041111,0015-04-13 12:00:00,15,4,13,12,0,930,55,"42, DIVISION LECLERC (AV",,,Plein jour,En agglomération,Autre intersection,Normale,Autre collision,,,,,,,,,,,1,2,9,1,6
201500041112,0015-04-18 08:55:00,15,4,18,8,55,930,55,"100, GENERAL LECLERC(AVE",,,Plein jour,En agglomération,Hors intersection,Normale,Deux véhicules - arrière,,,,,,,,,,,1,2,1,1,2
201500041113,0015-05-01 13:45:00,15,5,1,13,45,930,55,"124, GENERAL LECLERC(AVE",,,Plein jour,En agglomération,Hors intersection,Pluie légère,Deux véhicules - arrière,,,,,,,,,,,1,2,1,2,2
201500041114,0015-05-14 11:40:00,15,5,14,11,40,930,55,"111, JEAN LOLIVE (AVENUE",,,Plein jour,En agglomération,Intersection en X,Normale,Deux véhicules - arrière,,,,,,,,,,,1,2,2,1,2
201500041115,0015-05-29 17:00:00,15,5,29,17,0,930,55,"16, VIGNES (CHEMIN DES)",,,Plein jour,En agglomération,Hors intersection,Normale,Deux véhicules - arrière,,,,,,,,,,,1,2,1,1,2
201500041116,0015-06-01 08:40:00,15,6,1,8,40,930,55,"231, JEAN LOLIVE (AVENUE",,,Plein jour,En agglomération,Hors intersection,Normale,Trois véhicules et plus - en chaîne,,,,,,,,,,,1,2,1,1,4
201500041117,0015-06-02 20:20:00,15,6,2,20,20,930,55,"73, JULES AUFFRET (51/FI",,,Crépuscule ou aube,En agglomération,Hors intersection,Normale,Deux véhicules - côté,,,,,,,,,,,2,2,1,1,3
201500041118,0015-06-19 09:30:00,15,6,19,9,30,930,55,"171, JEAN LOLIVE (AVENUE",,,Plein jour,En agglomération,Hors intersection,Normale,Deux véhicules - côté,,,,,,,,,,,1,2,1,1,3
201500041119,0015-06-22 18:05:00,15,6,22,18,5,930,55,"192, JEAN LOLIVE (AVENUE",,,Plein jour,En agglomération,Hors intersection,Pluie forte,Deux véhicules - côté,,,,,,,,,,,1,2,1,3,3
201500041120,0015-06-25 16:50:00,15,6,25,16,50,930,55,"77, FAIDHERBE (AVENUE)",,,Plein jour,En agglomération,Hors intersection,Normale,Deux véhicules - frontale,,,,,,,,,,,1,2,1,1,1
201500041121,0015-06-28 21:30:00,15,6,28,21,30,930,55,"132, JEAN LOLIVE (AVENUE",,,Nuit avec éclairage allumé,En agglomération,Hors intersection,Normale,Deux véhicules - côté,,,,,,,,,,,5,2,1,1,3
201500041122,0015-07-06 00:01:00,15,7,6,0,1,930,55,"162, GENERAL LECLERC(AVE",,,Nuit avec éclairage allumé,En agglomération,Hors intersection,Normale,Autre collision,,,,,,,,,,,5,2,1,1,6
201500041123,0015-07-07 00:30:00,15,7,7,0,30,930,55,"171, JEAN LOLIVE (AVENUE",,,Nuit avec éclairage allumé,En agglomération,Hors intersection,Normale,Deux véhicules - arrière,,,,,,,,,,,5,2,1,1,2
201500041124,0015-07-15 19:15:00,15,7,15,19,15,930,55,"67, VICTOR HUGO (65/FIN",,,Plein jour,En agglomération,Intersection en X,Normale,Deux véhicules - côté,,,,,,,,,,,1,2,2,1,3
201500041125,0015-07-16 17:19:00,15,7,16,17,19,930,55,"72, VICTOR HUGO (65/FIN",,,Plein jour,En agglomération,Hors intersection,Normale,Sans collision,,,,,,,,,,,1,2,1,1,7
201500041126,0015-08-02 12:15:00,15,8,2,12,15,930,55,"51, GENERAL LECLERC(AVE",,,Plein jour,En agglomération,Hors intersection,Normale,Autre collision,,,,,,,,,,,1,2,1,1,6
201500041127,0015-08-08 08:40:00,15,8,8,8,40,930,55,"105, JEAN LOLIVE (AVENUE",,,Plein jour,En agglomération,Hors intersection,Normale,Autre collision,,,,,,,,,,,1,2,1,1,6
201500041128,0015-08-11 10:15:00,15,8,11,10,15,930,55,"67, GENERAL LECLERC(AVE",,,Plein jour,En agglomération,Hors intersection,Normale,Deux véhicules - côté,,,,,,,,,,,1,2,1,1,3
201500041129,0015-08-17 16:40:00,15,8,17,16,40,930,55,"4, DIVISION LECLERC (AVE",,,Plein jour,En agglomération,Hors intersection,Normale,Deux véhicules - côté,,,,,,,,,,,1,2,1,1,3
201500041130,0015-08-19 08:15:00,15,8,19,8,15,930,55,GENERAL LECLERC(AVE DU)(,,,Plein jour,En agglomération,Autre intersection,Normale,Autre collision,,,,,,,,,,,1,2,9,1,6
201500041131,0015-08-24 18:50:00,15,8,24,18,50,930,55,"103, GENERAL LECLERC(AVE",,,Plein jour,En agglomération,Hors intersection,Pluie légère,Deux véhicules - arrière,,,,,,,,,,,1,2,1,2,2
201500041132,0015-09-02 21:25:00,15,9,2,21,25,930,55,"86, JEAN LOLIVE (AVENUE)",,,Nuit avec éclairage allumé,En agglomération,Hors intersection,Normale,Autre collision,,,,,,,,,,,5,2,1,1,6
201500041133,0015-09-12 11:20:00,15,9,12,11,20,930,55,"48, DIVISION LECLERC (AV",,,Plein jour,En agglomération,Hors intersection,Pluie forte,Deux véhicules - côté,,,,,,,,,,,1,2,1,3,3
201500041134,0015-09-14 15:00:00,15,9,14,15,0,930,55,MEHUL (1/37. 2/24),,,Plein jour,En agglomération,Hors intersection,Pluie forte,Sans collision,,,,,,,,,,,1,2,1,3,7
201500041135,0015-09-14 15:30:00,15,9,14,15,30,930,55,"34, JEAN JAURES (AVENUE)",,,Plein jour,En agglomération,Hors intersection,Normale,Autre collision,,,,,,,,,,,1,2,1,1,6
201500041136,0015-09-15 19:10:00,15,9,15,19,10,930,55,CHARLES AURAY DU 55/FIN.,,,Plein jour,En agglomération,Intersection en T,Pluie légère,Deux véhicules - côté,,,,,,,,,,,1,2,3,2,3
201500041137,0015-09-23 07:40:00,15,9,23,7,40,930,55,"18bis, DELIZY (DU 15 AU",,,Plein jour,En agglomération,Hors intersection,Normale,Deux véhicules - côté,,,,,,,,,,,1,2,1,1,3
201500041138,0015-09-28 11:20:00,15,9,28,11,20,930,55,"1, ANATOLE FRANCE (AVENU",,,Plein jour,En agglomération,Hors intersection,Normale,Deux véhicules - côté,,,,,,,,,,,1,2,1,1,3
201500041139,0015-10-12 07:15:00,15,10,12,7,15,930,55,"95, EDOUARD VAILLANT DU",,,Nuit avec éclairage allumé,En agglomération,Intersection en X,Normale,Autre collision,,,,,,,,,,,5,2,2,1,6
201500041140,0015-10-14 13:10:00,15,10,14,13,10,930,55,"158, JEAN LOLIVE (AVENUE",,,Plein jour,En agglomération,Hors intersection,Normale,Deux véhicules - côté,,,,,,,,,,,1,2,1,1,3
201500041141,0015-10-16 11:15:00,15,10,16,11,15,930,55,"32, JEAN JAURES (AVENUE)",,,Plein jour,En agglomération,Hors intersection,Pluie légère,Autre collision,,,,,,,,,,,1,2,1,2,6
201500041142,0015-10-19 20:30:00,15,10,19,20,30,930,55,COURTILLIERES(AVENUE DES,,,Nuit avec éclairage allumé,En agglomération,Hors intersection,Normale,Deux véhicules - arrière,,,,,,,,,,,5,2,1,1,2
201500041143,0015-10-27 08:25:00,15,10,27,8,25,930,55,JEAN JAURES (AVENUE) (2/,,,Plein jour,En agglomération,Intersection en X,Normale,Autre collision,,,,,,,,,,,1,2,2,1,6
201500041144,0015-11-08 05:30:00,15,11,8,5,30,930,55,"0, GENERAL LECLERC(AVE D",,,Nuit avec éclairage allumé,En agglomération,Intersection en T,Normale,Deux véhicules - côté,,,,,,,,,,,5,2,3,1,3
201500041145,0015-11-08 19:35:00,15,11,8,19,35,930,55,JEAN LOLIVE (AVENUE)(55/,,,Nuit avec éclairage allumé,En agglomération,Hors intersection,Normale,Deux véhicules - arrière,,,,,,,,,,,5,2,1,1,2
201500041146,0015-11-30 08:20:00,15,11,30,8,20,930,55,"0, DIVISION LECLERC (AVE",,,Plein jour,En agglomération,Intersection en T,Normale,Deux véhicules - côté,,,,,,,,,,,1,2,3,1,3
201500041147,0015-12-02 18:20:00,15,12,2,18,20,930,55,GENERAL LECLERC (AVENUE),,,Nuit avec éclairage allumé,En agglomération,Intersection en X,Normale,Deux véhicules - côté,,,,,,,,,,,5,2,2,1,3
201500041148,0015-12-09 08:15:00,15,12,9,8,15,930,55,"76, JEAN JAURES (AVENUE)",,,Plein jour,En agglomération,Intersection en X,Normale,Deux véhicules - frontale,,,,,,,,,,,1,2,2,1,1
201500041149,0015-01-03 14:05:00,15,1,3,14,5,930,77,"41, ROSNY (AVENUE DE)",,,Plein jour,En agglomération,Hors intersection,Pluie forte,Deux véhicules - côté,,,,,,,,,,,1,2,1,3,3
201500041150,0015-01-06 17:20:00,15,1,6,17,20,930,62,"125, RESISTANCE (AVENUE",,,Crépuscule ou aube,En agglomération,Hors intersection,Normale,Autre collision,,,,,,,,,,,2,2,1,1,6
201500041151,0015-01-13 17:20:00,15,1,13,17,20,930,62,"., GAMBETTA (ALLEE)",,,Nuit avec éclairage allumé,En agglomération,Intersection en X,Normale,Deux véhicules - arrière,,,,,,,,,,,5,2,2,1,2
201500041152,0015-01-15 12:25:00,15,1,15,12,25,930,77,"01, GALLIENI (AVENUE DU",,,Plein jour,En agglomération,Hors intersection,Pluie légère,Deux véhicules - arrière,,,,,,,,,,,1,2,1,2,2
201500041153,0015-01-20 07:24:00,15,1,20,7,24,930,77,"21, AULNAY (BOULEVARD D'",,,Crépuscule ou aube,En agglomération,Hors intersection,Normale,Autre collision,,,,,,,,,,,2,2,1,1,6
201500041154,0015-01-26 13:45:00,15,1,26,13,45,930,77,"55, FRANKLIN (AVENUE) 1-",,,Plein jour,En agglomération,Intersection en X,Pluie légère,Deux véhicules - côté,,,,,,,,,,,1,2,2,2,3
201500041155,0015-02-07 14:20:00,15,2,7,14,20,930,77,"55, GALLIENI (AVENUE DU",,,Plein jour,En agglomération,Intersection à plus de 4 branches,Normale,Deux véhicules - côté,,,,,,,,,,,1,2,5,1,3
201500041156,0015-02-20 22:45:00,15,2,20,22,45,930,77,"98, GRANDE RUE",,,Nuit avec éclairage allumé,En agglomération,Hors intersection,Pluie forte,Sans collision,,,,,,,,,,,5,2,1,3,7
201500041157,0015-02-27 20:40:00,15,2,27,20,40,930,62,"43, LIVRY (AVENUE DE)",,,Nuit avec éclairage allumé,En agglomération,Intersection en T,Normale,Trois véhicules et plus - en chaîne,,,,,,,,,,,5,2,3,1,4
201500041158,0015-03-08 01:00:00,15,3,8,1,0,930,77,"1BIS, OUTREBON (AVENUE)",,,Nuit avec éclairage allumé,En agglomération,Hors intersection,Normale,Deux véhicules - côté,,,,,,,,,,,5,2,1,1,3
201500041159,0015-03-14 11:30:00,15,3,14,11,30,930,77,"156, GRANDE RUE",,,Plein jour,En agglomération,Hors intersection,Normale,Autre collision,,,,,,,,,,,1,2,1,1,6
201500041160,0015-03-18 17:05:00,15,3,18,17,5,930,77,"60, LIMITES (AVENUE DES)",,,Plein jour,En agglomération,Intersection en X,Normale,Deux véhicules - côté,,,,,,,,,,,1,2,2,1,3
201500041161,0015-04-02 12:40:00,15,4,2,12,40,930,62,"55, THIERS (AVENUE)",,,Plein jour,En agglomération,Hors intersection,Pluie légère,Deux véhicules - arrière,,,,,,,,,,,1,2,1,2,2
201500041162,0015-04-10 08:05:00,15,4,10,8,5,930,77,"63, ROSNY (AVENUE DE)",,,Plein jour,En agglomération,Hors intersection,Normale,Autre collision,,,,,,,,,,,1,2,1,1,6
201500041163,0015-04-11 16:15:00,15,4,11,16,15,930,77,"xxxx, GRANDE RUE",,,Plein jour,En agglomération,Intersection en X,Normale,Deux véhicules - côté,,,,,,,,,,,1,2,2,1,3
201500041164,0015-04-11 17:35:00,15,4,11,17,35,930,77,"124 T, GRANDE RUE",,,Plein jour,En agglomération,Hors intersection,Pluie légère,Deux véhicules - arrière,,,,,,,,,,,1,2,1,2,2
201500041165,0015-04-17 18:10:00,15,4,17,18,10,930,77,"1, GUITLEVITCH (RUE SIMO",,,Plein jour,En agglomération,Hors intersection,Normale,Autre collision,,,,,,,,,,,1,2,1,1,6
201500041166,0015-04-28 12:35:00,15,4,28,12,35,930,62,"85, OUEST (BOULEVARD DE",,,Plein jour,En agglomération,Hors intersection,Normale,Deux véhicules - côté,,,,,,,,,,,1,2,1,1,3
201500041167,0015-04-29 09:30:00,15,4,29,9,30,930,77,"45, PLATEAU (RUE DU)",,,Plein jour,En agglomération,Hors intersection,Normale,Deux véhicules - côté,,,,,,,,,,,1,2,1,1,3
201500041168,0015-05-08 20:30:00,15,5,8,20,30,930,77,"xx, GIRARDOT (AVENUE DE)",,,Plein jour,En agglomération,Intersection en X,Normale,Deux véhicules - côté,,,,,,,,,,,1,2,2,1,3
201500041169,0015-05-11 15:30:00,15,5,11,15,30,930,77,"xx, LIMITES (AVENUE DES)",,,Plein jour,En agglomération,Hors intersection,Normale,Deux véhicules - côté,,,,,,,,,,,1,2,1,1,3
201500041170,0015-05-12 08:55:00,15,5,12,8,55,930,77,"20 bis, GALLIENI (AVENUE",,,Plein jour,En agglomération,Hors intersection,Normale,Trois véhicules et plus - collisions multiples,,,,,,,,,,,1,2,1,1,5
201500041171,0015-05-19 21:36:00,15,5,19,21,36,930,77,"39, ROSES (AVENUE DES)",,,Crépuscule ou aube,En agglomération,Intersection en X,Pluie légère,Sans collision,,,,,,,,,,,2,2,2,2,7
201500041172,0015-05-23 08:00:00,15,5,23,8,0,930,62,"xx, GENERAL DE GAULLE (P",,,Plein jour,En agglomération,Place,Normale,Deux véhicules - côté,,,,,,,,,,,1,2,7,1,3
201500041173,0015-05-23 16:25:00,15,5,23,16,25,930,62,"11, GAGNY (ALLEE DE)",,,Plein jour,En agglomération,Hors intersection,Normale,Deux véhicules - côté,,,,,,,,,,,1,2,1,1,3
201500041174,0015-05-25 17:20:00,15,5,25,17,20,930,77,"34, STATION (AVENUE DE L",,,Plein jour,En agglomération,Hors intersection,Normale,Sans collision,,,,,,,,,,,1,2,1,1,7
201500041175,0015-05-29 22:30:00,15,5,29,22,30,930,77,"2, LAENNEC (RUE) COTE PA",,,Nuit avec éclairage allumé,En agglomération,Hors intersection,Normale,Autre collision,,,,,,,,,,,5,2,1,1,6
201500041176,0015-05-30 10:15:00,15,5,30,10,15,930,62,"--, MONTFERMEIL (ALLEE D",,,Plein jour,En agglomération,Intersection en X,Normale,Deux véhicules - côté,,,,,,,,,,,1,2,2,1,3
201500041177,0015-06-04 12:10:00,15,6,4,12,10,930,62,THIERS (AVENUE),,,Plein jour,En agglomération,Hors intersection,Normale,Autre collision,,,,,,,,,,,1,2,1,1,6
201500041178,0015-06-07 01:37:00,15,6,7,1,37,930,62,"xx, MONTFERMEIL (ROND PO",,,Nuit avec éclairage allumé,En agglomération,Giratoire,Normale,Autre collision,,,,,,,,,,,5,2,6,1,6
201500041179,0015-06-08 21:00:00,15,6,8,21,0,930,62,"47, MIDI (BOULEVARD DU)",,,Crépuscule ou aube,En agglomération,Intersection en X,Normale,Deux véhicules - côté,,,,,,,,,,,2,2,2,1,3
201500041180,0015-06-10 12:20:00,15,6,10,12,20,930,62,"22 BIS, THIERS (AVENUE)",,,Plein jour,En agglomération,Hors intersection,Normale,Deux véhicules - côté,,,,,,,,,,,1,2,1,1,3
201500041181,0015-06-19 18:25:00,15,6,19,18,25,930,77,BENONI (RUE EUSTACHE),,,Plein jour,En agglomération,Hors intersection,Normale,Autre collision,,,,,,,,,,,1,2,1,1,6