accident_id,datetime,annee,mois,jour,heure,minute,departement,commune_insee,adresse,latitude,longitude,luminosite,agglomeration,intersection,meteo,collision,nb_vehicules,nb_usagers,nb_indemnes,nb_tues,nb_blesses_hosp,nb_blesses_legers,age_cond_1,age_cond_2,veh_type_cond_1,veh_type_cond_2,lum_code,agg_code,int_code,atm_code,col_code
201500041315,0015-05-03 13:20:00,15,5,3,13,20,930,66,COURNEUVE (ROUTE),,,Plein jour,En agglomération,Hors intersection,Pluie légère,Deux véhicules - arrière,,,,,,,,,,,1,2,1,2,2
201500041316,0015-05-05 19:00:00,15,5,5,19,0,930,66,"220, WILSON (AVENUE DU P",,,Plein jour,En agglomération,Hors intersection,Normale,Autre collision,,,,,,,,,,,1,2,1,1,6
201500041317,0015-05-06 16:45:00,15,5,6,16,45,930,66,CROISAT AMBROISE RD 29 B,,,Plein jour,En agglomération,Intersection en X,Normale,Deux véhicules - côté,,,,,,,,,,,1,2,2,1,3
201500041318,0015-05-07 13:05:00,15,5,7,13,5,930,39,SEINE (QUAI DE ),,,Plein jour,En agglomération,Hors intersection,Normale,Autre collision,,,,,,,,,,,1,2,1,1,6
201500041319,0015-05-08 22:55:00,15,5,8,22,55,930,66,STADE DE FRANCE (AVENUE,,,Nuit avec éclairage allumé,En agglomération,Hors intersection,Normale,Autre collision,,,,,,,,,,,5,2,1,1,6
201500041320,0015-05-09 18:40:00,15,5,9,18,40,930,66,"132, ""PERI GABRIEL, NR 2",,,Plein jour,En agglomération,Hors intersection,Normale,Autre collision,,,,,,,,,,,1,2,1,1,6
201500041321,0015-05-11 18:00:00,15,5,11,18,0,930,66,"146, ""LANDY RD 20, NR IM",,,Plein jour,En agglomération,Hors intersection,Normale,Deux véhicules - côté,,,,,,,,,,,1,2,1,1,3
201500041322,0015-05-11 13:40:00,15,5,11,13,40,930,66,"138, CROISAT AMBROISE RD",,,Plein jour,En agglomération,Hors intersection,Normale,Deux véhicules - arrière,,,,,,,,,,,1,2,1,1,2
201500041323,0015-05-12 18:30:00,15,5,12,18,30,930,66,JAURES JEAN,,,Plein jour,En agglomération,Hors intersection,Normale,Autre collision,,,,,,,,,,,1,2,1,1,6
201500041324,0015-05-14 18:20:00,15,5,14,18,20,930,66,GENERAL DE GAULLE,,,Plein jour,En agglomération,Hors intersection,Normale,Deux véhicules - côté,,,,,,,,,,,1,2,1,1,3
201500041325,0015-05-14 20:15:00,15,5,14,20,15,930,66,METALLURGIE (AVENUE),,,Plein jour,En agglomération,Intersection en X,Normale,Deux véhicules - côté,,,,,,,,,,,1,2,2,1,3
201500041326,0015-05-18 15:15:00,15,5,18,15,15,930,66,"380, WILSON (AVENUE DU P",,,Plein jour,En agglomération,Hors intersection,Normale,Sans collision,,,,,,,,,,,1,2,1,1,7
201500041327,0015-05-18 23:10:00,15,5,18,23,10,930,66,STADE DE FRANCE (AVENUE,,,Nuit avec éclairage allumé,En agglomération,Hors intersection,Pluie légère,Autre collision,,,,,,,,,,,5,2,1,2,6
201500041328,0015-05-19 20:00:00,15,5,19,20,0,930,66,"41, FRANCE ANATOLE (BOUL",,,Plein jour,En agglomération,Hors intersection,Pluie légère,Deux véhicules - côté,,,,,,,,,,,1,2,1,2,3
201500041329,0015-05-21 20:10:00,15,5,21,20,10,930,66,COMMUNE DE PARIS (BOULEV,,,Plein jour,En agglomération,Hors intersection,Normale,Autre collision,,,,,,,,,,,1,2,1,1,6
201500041330,0015-05-29 10:45:00,15,5,29,10,45,930,66,"1, LAMAZE DOCTEUR",,,Plein jour,En agglomération,Intersection en X,Normale,Deux véhicules - côté,,,,,,,,,,,1,2,2,1,3
201500041331,0015-05-29 15:40:00,15,5,29,15,40,930,66,LIBERATION RD14 (BOULEVA,,,Plein jour,En agglomération,Hors intersection,Normale,Autre collision,,,,,,,,,,,1,2,1,1,6
201500041332,0015-05-30 07:20:00,15,5,30,7,20,930,66,BAILLY,,,Plein jour,En agglomération,Hors intersection,Normale,Autre collision,,,,,,,,,,,1,2,1,1,6
201500041333,0015-05-30 21:55:00,15,5,30,21,55,930,66,FRANCE ANATOLE (BOULEVAR,,,Nuit avec éclairage allumé,En agglomération,Hors intersection,Normale,Deux véhicules - côté,,,,,,,,,,,5,2,1,1,3
201500041334,0015-05-31 22:40:00,15,5,31,22,40,930,66,PARIS (PORTE),,,Nuit avec éclairage allumé,En agglomération,Intersection en X,Pluie forte,Deux véhicules - côté,,,,,,,,,,,5,2,2,3,3
201500041335,0015-06-11 12:30:00,15,6,11,12,30,930,66,OWENS JESSE,,,Plein jour,En agglomération,Intersection en T,Normale,Deux véhicules - côté,,,,,,,,,,,1,2,3,1,3
201500041336,0015-06-15 18:25:00,15,6,15,18,25,930,66,STADE DE FRANCE-(AVENUE,,,Plein jour,En agglomération,Hors intersection,Normale,Autre collision,,,,,,,,,,,1,2,1,1,6
201500041337,0015-06-16 11:45:00,15,6,16,11,45,930,66,"1, MONTJOIE",,,Plein jour,En agglomération,Hors intersection,Normale,Autre collision,,,,,,,,,,,1,2,1,1,6
201500041338,0015-06-17 11:40:00,15,6,17,11,40,930,66,MOULIN BASSET (CHEMIN),,,Plein jour,En agglomération,Intersection en Y,Normale,Autre collision,,,,,,,,,,,1,2,4,1,6
201500041339,0015-06-17 18:15:00,15,6,17,18,15,930,66,PRESSENCE FRANCIS (AVENU,,,Plein jour,En agglomération,Giratoire,Normale,Autre collision,,,,,,,,,,,1,2,6,1,6
201500041340,0015-06-18 16:00:00,15,6,18,16,0,930,66,CROISAT AMBROISE RD 29 B,,,Plein jour,En agglomération,Hors intersection,Normale,Deux véhicules - arrière,,,,,,,,,,,1,2,1,1,2
201500041341,0015-06-19 00:30:00,15,6,19,0,30,930,66,"120, WILSON (AVENUE DU P",,,Nuit avec éclairage allumé,En agglomération,Hors intersection,Normale,Deux véhicules - côté,,,,,,,,,,,5,2,1,1,3
201500041342,0015-06-19 13:40:00,15,6,19,13,40,930,66,FRANC MOISIN (AVENUE),,,Plein jour,En agglomération,Hors intersection,Normale,Autre collision,,,,,,,,,,,1,2,1,1,6
201500041343,0015-06-21 14:30:00,15,6,21,14,30,930,66,"14, ORNANO (BOULEVARD)",,,Plein jour,En agglomération,Hors intersection,Normale,Deux véhicules - côté,,,,,,,,,,,1,2,1,1,3
201500041344,0015-06-22 01:40:00,15,6,22,1,40,930,66,CARNOT (BOULEVARD),,,Nuit avec éclairage allumé,En agglomération,Hors intersection,Normale,Deux véhicules - côté,,,,,,,,,,,5,2,1,1,3
201500041345,0015-06-22 14:45:00,15,6,22,14,45,930,66,"68, ""PERI GABRIEL, NR 2",,,Plein jour,En agglomération,Hors intersection,Pluie légère,Autre collision,,,,,,,,,,,1,2,1,2,6
201500041346,0015-06-22 14:40:00,15,6,22,14,40,930,66,BRICHE NR 2 A 38,,,Plein jour,En agglomération,Hors intersection,Temps couvert,Autre collision,,,,,,,,,,,1,2,1,8,6
201500041347,0015-06-22 17:45:00,15,6,22,17,45,930,66,POULBOT FRANCISQUE,,,Plein jour,En agglomération,Hors intersection,Pluie légère,Deux véhicules - arrière,,,,,,,,,,,1,2,1,2,2
201500041348,0015-06-22 21:45:00,15,6,22,21,45,930,66,FRANCE ANATOLE (BOULEVAR,,,Crépuscule ou aube,En agglomération,Hors intersection,Pluie légère,Trois véhicules et plus - collisions multiples,,,,,,,,,,,2,2,1,2,5
201500041349,0015-06-23 11:30:00,15,6,23,11,30,930,66,CACHIN MARCEL (AVENUE),,,Plein jour,En agglomération,Giratoire,Normale,Deux véhicules - côté,,,,,,,,,,,1,2,6,1,3
201500041350,0015-06-23 15:25:00,15,6,23,15,25,930,66,FRANCE ANATOLE ENTREE A1,,,Plein jour,En agglomération,Hors intersection,Normale,Deux véhicules - côté,,,,,,,,,,,1,2,1,1,3
201500041351,0015-06-23 12:00:00,15,6,23,12,0,930,66,GENERAL DE GAULLE,,,Plein jour,En agglomération,Hors intersection,Normale,Deux véhicules - côté,,,,,,,,,,,1,2,1,1,3
201500041352,0015-06-24 22:55:00,15,6,24,22,55,930,66,BEC A LOUE,,,Nuit avec éclairage allumé,En agglomération,Hors intersection,Normale,Autre collision,,,,,,,,,,,5,2,1,1,6
201500041353,0015-06-29 15:20:00,15,6,29,15,20,930,66,MITERRAND FRANCOIS (AVEN,,,Plein jour,En agglomération,Hors intersection,Normale,Deux véhicules - côté,,,,,,,,,,,1,2,1,1,3
201500041354,0015-07-01 13:20:00,15,7,1,13,20,930,66,"200, WILSON (AVENUE DU P",,,Plein jour,En agglomération,Intersection en X,Normale,Autre collision,,,,,,,,,,,1,2,2,1,6
201500041355,0015-07-01 20:25:00,15,7,1,20,25,930,66,ELUARD PAUL - AUTRES,,,Plein jour,En agglomération,Intersection en T,Normale,Trois véhicules et plus - collisions multiples,,,,,,,,,,,1,2,3,1,5
201500041356,0015-07-02 19:45:00,15,7,2,19,45,930,66,CROISAT AMBROISE RD 29 B,,,Plein jour,Hors agglomération,Hors intersection,Normale,Deux véhicules - côté,,,,,,,,,,,1,1,1,1,3
201500041357,0015-07-03 10:30:00,15,7,3,10,30,930,66,MOULIN JEAN (AVE)-NR 10,,,Plein jour,En agglomération,Intersection en T,Normale,Deux véhicules - côté,,,,,,,,,,,1,2,3,1,3
201500041358,0015-07-03 17:15:00,15,7,3,17,15,930,66,72 CROIZAT AMBROISE RD,,,Plein jour,En agglomération,Hors intersection,Normale,Deux véhicules - côté,,,,,,,,,,,1,2,1,1,3
201500041359,0015-07-03 20:35:00,15,7,3,20,35,930,66,"""BARBUSSE HENRI, NR 2 A",,,Plein jour,En agglomération,Hors intersection,Normale,Deux véhicules - arrière,,,,,,,,,,,1,2,1,1,2
201500041360,0015-07-04 20:50:00,15,7,4,20,50,930,66,CROIZAT AMBROISE RD 29 B,,,Crépuscule ou aube,En agglomération,Hors intersection,Normale,Autre collision,,,,,,,,,,,2,2,1,1,6
201500041361,0015-07-04 23:00:00,15,7,4,23,0,930,66,FRANCE ANATOLE ENTREE A1,,,Nuit avec éclairage allumé,En agglomération,Hors intersection,Normale,Deux véhicules - côté,,,,,,,,,,,5,2,1,1,3
201500041362,0015-07-11 19:30:00,15,7,11,19,30,930,66,COURNEUVE (ROUTE),,,Plein jour,En agglomération,Hors intersection,Normale,Deux véhicules - côté,,,,,,,,,,,1,2,1,1,3
201500041363,0015-07-11 20:00:00,15,7,11,20,0,930,66,REVOLTE,,,Plein jour,En agglomération,Intersection en T,Normale,Deux véhicules - côté,,,,,,,,,,,1,2,3,1,3
201500041364,0015-07-14 15:20:00,15,7,14,15,20,930,66,JACOB MAX,,,Plein jour,En agglomération,Hors intersection,Normale,Autre collision,,,,,,,,,,,1,2,1,1,6
201500041365,0015-07-16 15:15:00,15,7,16,15,15,930,66,JAURES JEAN,,,Plein jour,En agglomération,Hors intersection,Normale,Autre collision,,,,,,,,,,,1,2,1,1,6
201500041366,0015-07-17 14:30:00,15,7,17,14,30,930,66,BEC A LOUE,,,Plein jour,En agglomération,Intersection en T,Normale,Autre collision,,,,,,,,,,,1,2,3,1,6
201500041367,0015-07-22 18:00:00,15,7,22,18,0,930,66,LENINE (AVENUE) NR 2 A 2,,,Plein jour,En agglomération,Intersection en X,Normale,Deux véhicules - côté,,,,,,,,,,,1,2,2,1,3
201500041368,0015-07-25 19:00:00,15,7,25,19,0,930,66,SAINT OUEN (QUAI DE ),,,Plein jour,En agglomération,Hors intersection,Normale,Deux véhicules - côté,,,,,,,,,,,1,2,1,1,3
201500041369,0015-07-29 19:11:00,15,7,29,19,11,930,66,"130, CASANOVA DANIELLE N",,,Plein jour,En agglomération,Intersection en X,Normale,Deux véhicules - côté,,,,,,,,,,,1,2,2,1,3
201500041370,0015-07-30 21:00:00,15,7,30,21,0,930,66,"4, PRESSENCE FRANCIS (AV",,,Crépuscule ou aube,En agglomération,Hors intersection,Normale,Deux véhicules - frontale,,,,,,,,,,,2,2,1,1,1
201500041371,0015-08-01 00:40:00,15,8,1,0,40,930,66,"""STALINGRAND (AV), NR 2-",,,Nuit avec éclairage allumé,En agglomération,Intersection en X,Normale,Deux véhicules - côté,,,,,,,,,,,5,2,2,1,3
201500041372,0015-08-01 15:00:00,15,8,1,15,0,930,66,LIBERATION RD14 (BOULEVA,,,Plein jour,En agglomération,Intersection en Y,Normale,Deux véhicules - arrière,,,,,,,,,,,1,2,4,1,2
201500041373,0015-08-05 01:00:00,15,8,5,1,0,930,66,"""LANDY RD 20, NR IMPAIRS",,,Nuit avec éclairage allumé,Hors agglomération,Hors intersection,Normale,Deux véhicules - arrière,,,,,,,,,,,5,1,1,1,2
201500041374,0015-08-06 19:15:00,15,8,6,19,15,930,66,OWENS JESSE,,,Plein jour,En agglomération,Hors intersection,Normale,Deux véhicules - côté,,,,,,,,,,,1,2,1,1,3
201500041375,0015-08-07 14:00:00,15,8,7,14,0,930,66,LAMAZE DOCTEUR,,,Plein jour,En agglomération,Hors intersection,Normale,Autre collision,,,,,,,,,,,1,2,1,1,6
201500041376,0015-08-07 17:30:00,15,8,7,17,30,930,66,"""PERI GABRIEL, NR 2  A 1",,,Plein jour,En agglomération,Intersection en X,Normale,Deux véhicules - côté,,,,,,,,,,,1,2,2,1,3
201500041377,0015-08-07 21:55:00,15,8,7,21,55,930,66,CASANOVA DANIELLE NR 52-,,,Nuit avec éclairage allumé,En agglomération,Hors intersection,Normale,Deux véhicules - frontale,,,,,,,,,,,5,2,1,1,1
201500041378,0015-08-08 15:05:00,15,8,8,15,5,930,66,LIBERATION RD14 (BOULEVA,,,Plein jour,En agglomération,Hors intersection,Normale,Trois véhicules et plus - en chaîne,,,,,,,,,,,1,2,1,1,4
201500041379,0015-08-14 02:50:00,15,8,14,2,50,930,66,"211, GORKI MAXIME",,,Nuit avec éclairage allumé,En agglomération,Hors intersection,Normale,Trois véhicules et plus - en chaîne,,,,,,,,,,,5,2,1,1,4
201500041380,0015-08-20 17:25:00,15,8,20,17,25,930,66,MITERRAND FRANCOIS (AVEN,,,Plein jour,En agglomération,Hors intersection,Normale,Deux véhicules - côté,,,,,,,,,,,1,2,1,1,3
201500041381,0015-08-22 14:50:00,15,8,22,14,50,930,66,"""STRASBOURG, NR 1 A 71 E",,,Plein jour,En agglomération,Hors intersection,Normale,Autre collision,,,,,,,,,,,1,2,1,1,6
201500041382,0015-08-22 21:10:00,15,8,22,21,10,930,66,COURNEUVE (ROUTE),,,Nuit sans éclairage public,En agglomération,Hors intersection,Normale,Deux véhicules - côté,,,,,,,,,,,3,2,1,1,3
201500041383,0015-08-24 04:30:00,15,8,24,4,30,930,66,COURNEUVE (ROUTE),,,Nuit avec éclairage allumé,En agglomération,Autre intersection,Normale,Autre collision,,,,,,,,,,,5,2,9,1,6
201500041384,0015-08-25 10:00:00,15,8,25,10,0,930,66,MOULIN JEAN (AVE) NR 10,,,Plein jour,En agglomération,Hors intersection,Normale,Deux véhicules - arrière,,,,,,,,,,,1,2,1,1,2
201500041385,0015-08-27 00:15:00,15,8,27,0,15,930,66,WILSON (AVENUE DU PRESID,,,Nuit avec éclairage allumé,En agglomération,Intersection en X,Pluie légère,Deux véhicules - côté,,,,,,,,,,,5,2,2,2,3
201500041386,0015-08-30 15:15:00,15,8,30,15,15,930,66,"01, COMMUNE DE PARIS (BO",,,Plein jour,En agglomération,Hors intersection,Normale,Autre collision,,,,,,,,,,,1,2,1,1,6
201500041387,0015-09-07 06:10:00,15,9,7,6,10,930,66,CROISAT AMBROISE RD 29 B,,,Crépuscule ou aube,En agglomération,Hors intersection,Normale,Deux véhicules - frontale,,,,,,,,,,,2,2,1,1,1
201500041388,0015-09-07 12:15:00,15,9,7,12,15,930,66,MITERRAND FRANCOIS (AVEN,,,Plein jour,En agglomération,Intersection en X,Normale,Deux véhicules - côté,,,,,,,,,,,1,2,2,1,3
201500041389,0015-09-11 17:40:00,15,9,11,17,40,930,66,"17, LIBERATION RD14 (BOU",,,Plein jour,En agglomération,Hors intersection,Normale,Deux véhicules - côté,,,,,,,,,,,1,2,1,1,3
201500041390,0015-09-12 07:45:00,15,9,12,7,45,930,66,FRANCE ANATOLE ENTREE A8,,,Plein jour,En agglomération,Hors intersection,Normale,Deux véhicules - arrière,,,,,,,,,,,1,2,1,1,2
201500041391,0015-09-11 14:40:00,15,9,11,14,40,930,66,"111, PRESSENCE FRANCIS (",,,Plein jour,En agglomération,Hors intersection,Normale,Deux véhicules - frontale,,,,,,,,,,,1,2,1,1,1
201500041392,0015-09-18 01:50:00,15,9,18,1,50,930,66,GORKI MAXIME,,,Nuit avec éclairage allumé,En agglomération,Intersection en X,Normale,Deux véhicules - arrière,,,,,,,,,,,5,2,2,1,2
201500041393,0015-09-18 17:15:00,15,9,18,17,15,930,66,VAILLANT COUTURIER PAUL,,,Plein jour,En agglomération,Intersection en T,Pluie légère,Deux véhicules - côté,,,,,,,,,,,1,2,3,2,3
201500041394,0015-09-18 21:45:00,15,9,18,21,45,930,66,MOULIN JEAN (AVENUE) NR,,,Nuit avec éclairage allumé,En agglomération,Intersection en T,Normale,Deux véhicules - côté,,,,,,,,,,,5,2,3,1,3
201500041395,0015-09-24 21:15:00,15,9,24,21,15,930,66,RU DE MONTFORT (CHEMIN),,,Nuit avec éclairage allumé,En agglomération,Hors intersection,Pluie légère,Deux véhicules - côté,,,,,,,,,,,5,2,1,2,3
201500041396,0015-09-28 18:45:00,15,9,28,18,45,930,66,CASANOVA DANIELLE NR 2 A,,,Plein jour,En agglomération,Hors intersection,Normale,Autre collision,,,,,,,,,,,1,2,1,1,6
201500041397,0015-09-29 15:20:00,15,9,29,15,20,930,66,CROIZAT AMBROISE RD 29 B,,,Plein jour,En agglomération,Hors intersection,Normale,Autre collision,,,,,,,,,,,1,2,1,1,6
201500041398,0015-09-30 08:30:00,15,9,30,8,30,930,66,"2, SAINT OUEN (QUAI DE )",,,Plein jour,En agglomération,Hors intersection,Normale,Deux véhicules - côté,,,,,,,,,,,1,2,1,1,3
201500041399,0015-10-02 17:00:00,15,10,2,17,0,930,66,"64, WILSON (AVENUE DU PR",,,Plein jour,En agglomération,Hors intersection,Normale,Deux véhicules - côté,,,,,,,,,,,1,2,1,1,3
201500041400,0015-10-03 21:30:00,15,10,3,21,30,930,66,"163, FRANCE ANATOLE (BOU",,,Nuit avec éclairage allumé,En agglomération,Hors intersection,Normale,Autre collision,,,,,,,,,,,5,2,1,1,6
201500041401,0015-10-05 09:20:00,15,10,5,9,20,930,66,"117, ""LANDY RD 20, NR IM",,,Plein jour,En agglomération,Intersection en X,Normale,Deux véhicules - côté,,,,,,,,,,,1,2,2,1,3
201500041402,0015-10-10 23:35:00,15,10,10,23,35,930,66,"379, WILSON (AVENUE DU P",,,Nuit avec éclairage allumé,En agglomération,Hors intersection,Normale,Autre collision,,,,,,,,,,,5,2,1,1,6
201500041403,0015-10-12 18:10:00,15,10,12,18,10,930,66,"3, HENAFF EUGENE",,,Plein jour,En agglomération,Hors intersection,Normale,Autre collision,,,,,,,,,,,1,2,1,1,6
201500041404,0015-10-13 18:15:00,15,10,13,18,15,930,66,STADE DE FRANCE (AVENUE,,,Plein jour,En agglomération,Hors intersection,Normale,Deux véhicules - côté,,,,,,,,,,,1,2,1,1,3
201500041405,0015-10-13 18:20:00,15,10,13,18,20,930,66,56bis CROISAT AMBROISE,,,Plein jour,En agglomération,Hors intersection,Normale,Autre collision,,,,,,,,,,,1,2,1,1,6
201500041406,0015-10-13 21:15:00,15,10,13,21,15,930,66,"36, COLONEL FABIEN (AVEN",,,Nuit avec éclairage allumé,En agglomération,Hors intersection,Normale,Deux véhicules - côté,,,,,,,,,,,5,2,1,1,3
201500041407,0015-10-14 02:15:00,15,10,14,2,15,930,66,"12, SEMAT ROGER",,,Nuit avec éclairage allumé,En agglomération,Intersection en T,Normale,Autre collision,,,,,,,,,,,5,2,3,1,6
201500041408,0015-10-16 16:15:00,15,10,16,16,15,930,66,"34, COLONEL FABIEN (AVEN",,,Plein jour,En agglomération,Hors intersection,Pluie légère,Autre collision,,,,,,,,,,,1,2,1,2,6
201500041409,0015-10-17 18:30:00,15,10,17,18,30,930,66,"19, ""PERI GABRIEL, NR 2",,,Plein jour,En agglomération,Hors intersection,Normale,Autre collision,,,,,,,,,,,1,2,1,1,6
201500041410,0015-10-18 00:50:00,15,10,18,0,50,930,66,"6, CACHIN MARCEL (AVENUE",,,Nuit avec éclairage allumé,En agglomération,Hors intersection,Normale,Autre collision,,,,,,,,,,,5,2,1,1,6
201500041411,0015-10-17 05:40:00,15,10,17,5,40,930,66,LAMAZE DOCTEUR,,,Nuit avec éclairage allumé,En agglomération,Hors intersection,Normale,Autre collision,,,,,,,,,,,5,2,1,1,6
201500041412,0015-10-20 21:40:00,15,10,20,21,40,930,66,CASANOVA DANIELLE NR 52-,,,Nuit avec éclairage non allumé,En agglomération,Intersection en X,Pluie légère,Deux véhicules - frontale,,,,,,,,,,,4,2,2,2,1
201500041413,0015-10-22 19:35:00,15,10,22,19,35,930,66,FRANCE ANATOLE (BOULEVAR,,,Nuit sans éclairage public,En agglomération,Hors intersection,Pluie légère,Deux véhicules - côté,,,,,,,,,,,3,2,1,2,3
201500041414,0015-10-24 21:00:00,15,10,24,21,0,930,66,"""STALINGRAD (AVENUE), NR",,,Nuit avec éclairage allumé,En agglomération,Intersection en Y,Normale,Deux véhicules - arrière,,,,,,,,,,,5,2,4,1,2
201500041415,0015-10-26 17:50:00,15,10,26,17,50,930,66,"55, ""GUESDE JULES (BOULE",,,Plein jour,En agglomération,Hors intersection,Normale,Autre collision,,,,,,,,,,,1,2,1,1,6
201500041416,0015-10-27 11:35:00,15,10,27,11,35,930,66,"14, SAULNIER JULES",,,Plein jour,En agglomération,Hors intersection,Normale,Deux véhicules - côté,,,,,,,,,,,1,2,1,1,3
201500041417,0015-10-28 23:40:00,15,10,28,23,40,930,66,COURNEUVE (ROUTE),,,Nuit avec éclairage allumé,En agglomération,Hors intersection,Normale,Deux véhicules - arrière,,,,,,,,,,,5,2,1,1,2
201500041418,0015-10-29 17:00:00,15,10,29,17,0,930,39,CHATELIER (QUAI DU ),,,Plein jour,En agglomération,Hors intersection,Normale,Deux véhicules - côté,,,,,,,,,,,1,2,1,1,3
201500041419,0015-11-01 04:30:00,15,11,1,4,30,930,66,FRANCE ANATOLE (BOULEVAR,,,Nuit avec éclairage allumé,En agglomération,Hors intersection,Normale,Autre collision,,,,,,,,,,,5,2,1,1,6
201500041420,0015-11-03 11:30:00,15,11,3,11,30,930,66,CASANOVA DANIELLE NR 2 A,,,Plein jour,En agglomération,Intersection en T,Normale,Deux véhicules - arrière,,,,,,,,,,,1,2,3,1,2
201500041421,0015-11-01 11:00:00,15,11,1,11,0,930,66,ELUARD PAUL - AUTRES,,,Plein jour,En agglomération,Hors intersection,Normale,Trois véhicules et plus - collisions multiples,,,,,,,,,,,1,2,1,1,5
201500041422,0015-11-03 19:55:00,15,11,3,19,55,930,66,COMMUNE DE PARIS (BOULEV,,,Nuit avec éclairage allumé,En agglomération,Hors intersection,Normale,Autre collision,,,,,,,,,,,5,2,1,1,6
201500041423,0015-11-05 12:15:00,15,11,5,12,15,930,66,"142, CASANOVA DANIELLE N",,,Plein jour,En agglomération,Hors intersection,Normale,Sans collision,,,,,,,,,,,1,2,1,1,7
201500041424,0015-11-02 20:50:00,15,11,2,20,50,930,66,FORT DE LA BRICHE,,,Nuit avec éclairage allumé,En agglomération,Hors intersection,Normale,Deux véhicules - côté,,,,,,,,,,,5,2,1,1,3
201500041425,0015-11-05 19:40:00,15,11,5,19,40,930,66,"11, MITERRAND FRANCOIS (",,,Nuit avec éclairage allumé,En agglomération,Autre intersection,Pluie légère,Deux véhicules - côté,,,,,,,,,,,5,2,9,2,3
201500041426,0015-11-07 12:30:00,15,11,7,12,30,930,66,LIBERATION RD14 (BOULEVA,,,Plein jour,En agglomération,Giratoire,Normale,Deux véhicules - côté,,,,,,,,,,,1,2,6,1,3
201500041427,0015-11-08 02:00:00,15,11,8,2,0,930,66,"""STALINGRAND (AV), NR 2-",,,Nuit avec éclairage allumé,En agglomération,Hors intersection,Normale,Deux véhicules - côté,,,,,,,,,,,5,2,1,1,3
201500041428,0015-11-09 13:25:00,15,11,9,13,25,930,66,"""STALINGRAND (AV), NR 2-",,,Plein jour,En agglomération,Hors intersection,Normale,Autre collision,,,,,,,,,,,1,2,1,1,6
201500041429,0015-11-10 09:00:00,15,11,10,9,0,930,66,RIMET JULES,,,Plein jour,En agglomération,Hors intersection,Normale,Deux véhicules - frontale,,,,,,,,,,,1,2,1,1,1
201500041430,0015-11-10 12:25:00,15,11,10,12,25,930,39,PONT DE SAINT OUEN,,,Plein jour,En agglomération,Hors intersection,Normale,Deux véhicules - côté,,,,,,,,,,,1,2,1,1,3
201500041431,0015-11-11 09:21:00,15,11,11,9,21,930,66,"10, GORKI MAXIME",,,Plein jour,En agglomération,Passage à niveau,Normale,Autre collision,,,,,,,,,,,1,2,8,1,6
201500041432,0015-11-13 01:20:00,15,11,13,1,20,930,66,"""LANDY RD 20, NR IMPAIRS",,,Nuit avec éclairage allumé,En agglomération,Intersection en X,Normale,Deux véhicules - côté,,,,,,,,,,,5,2,2,1,3
201500041433,0015-11-13 14:50:00,15,11,13,14,50,930,39,"7, SAULE FLEURI (QUAI DU",,,Plein jour,En agglomération,Hors intersection,Normale,Autre collision,,,,,,,,,,,1,2,1,1,6
201500041434,0015-11-13 17:20:00,15,11,13,17,20,930,66,"58, LENINE (AVENUE) NR 2",,,Nuit avec éclairage allumé,En agglomération,Hors intersection,Normale,Deux véhicules - arrière,,,,,,,,,,,5,2,1,1,2
201500041435,0015-11-16 08:30:00,15,11,16,8,30,930,66,FRANCE ANATOLE ENTREE A1,,,Plein jour,En agglomération,Hors intersection,Normale,Deux véhicules - côté,,,,,,,,,,,1,2,1,1,3
201500041436,0015-11-17 11:50:00,15,11,17,11,50,930,66,PRESSENCE FRANCIS (AVENU,,,Plein jour,En agglomération,Intersection en T,Normale,Deux véhicules - côté,,,,,,,,,,,1,2,3,1,3
201500041437,0015-11-18 17:30:00,15,11,18,17,30,930,39,THOREZ MAURICE,,,Nuit avec éclairage allumé,En agglomération,Intersection en X,Normale,Autre collision,,,,,,,,,,,5,2,2,1,6
201500041438,0015-11-19 08:44:00,15,11,19,8,44,930,66,"67, FRANCE ANATOLE (BOUL",,,Plein jour,En agglomération,Hors intersection,Pluie légère,Deux véhicules - côté,,,,,,,,,,,1,2,1,2,3
201500041439,0015-11-20 07:50:00,15,11,20,7,50,930,66,CHEMINOTS,,,Crépuscule ou aube,En agglomération,Intersection en T,Pluie forte,Autre collision,,,,,,,,,,,2,2,3,3,6
201500041440,0015-11-26 10:00:00,15,11,26,10,0,930,66,"15, RIMET JULES",,,Plein jour,En agglomération,Hors intersection,Normale,Deux véhicules - côté,,,,,,,,,,,1,2,1,1,3
201500041441,0015-11-27 20:50:00,15,11,27,20,50,930,66,"72, ""BARBUSSE HENRI, NR",,,Nuit avec éclairage allumé,En agglomération,Hors intersection,Pluie légère,Deux véhicules - arrière,,,,,,,,,,,5,2,1,2,2
201500041442,0015-11-28 01:45:00,15,11,28,1,45,930,66,COKERIE,,,Nuit sans éclairage public,En agglomération,Giratoire,Pluie légère,Autre collision,,,,,,,,,,,3,2,6,2,6
201500041443,0015-12-01 21:25:00,15,12,1,21,25,930,66,STADE DE FRANCE (AVENUE,,,Nuit avec éclairage allumé,En agglomération,Hors intersection,Normale,Sans collision,,,,,,,,,,,5,2,1,1,7
201500041444,0015-12-05 15:50:00,15,12,5,15,50,930,39,MECHIN,,,Plein jour,En agglomération,Hors intersection,Normale,Trois véhicules et plus - en chaîne,,,,,,,,,,,1,2,1,1,4
201500041445,0015-12-07 09:10:00,15,12,7,9,10,930,66,"378, WILSON (AVENUE DU P",,,Plein jour,En agglomération,Intersection en X,Normale,Deux véhicules - arrière,,,,,,,,,,,1,2,2,1,2
201500041446,0015-12-07 13:40:00,15,12,7,13,40,930,66,"16, COMMUNE DE PARIS (BO",,,Plein jour,En agglomération,Hors intersection,Normale,Autre collision,,,,,,,,,,,1,2,1,1,6