accident_id,datetime,annee,mois,jour,heure,minute,departement,commune_insee,adresse,latitude,longitude,luminosite,agglomeration,intersection,meteo,collision,nb_vehicules,nb_usagers,nb_indemnes,nb_tues,nb_blesses_hosp,nb_blesses_legers,age_cond_1,age_cond_2,veh_type_cond_1,veh_type_cond_2,lum_code,agg_code,int_code,atm_code,col_code
201500041447,0015-12-07 18:10:00,15,12,7,18,10,930,66,"5 bis, PRESSENCE FRANCIS",,,Nuit avec éclairage allumé,En agglomération,Hors intersection,Normale,Deux véhicules - côté,,,,,,,,,,,5,2,1,1,3
201500041448,0015-12-07 20:15:00,15,12,7,20,15,930,66,PORT (QUAI DU),,,Nuit sans éclairage public,En agglomération,Hors intersection,Normale,Deux véhicules - frontale,,,,,,,,,,,3,2,1,1,1
201500041449,0015-12-08 12:00:00,15,12,8,12,0,930,66,"05, LIBERTE",,,Plein jour,En agglomération,Hors intersection,Pluie légère,Deux véhicules - frontale,,,,,,,,,,,1,2,1,2,1
201500041450,0015-12-13 13:25:00,15,12,13,13,25,930,66,CARNOT (BOULEVARD),,,Plein jour,En agglomération,Intersection en T,Normale,Deux véhicules - côté,,,,,,,,,,,1,2,3,1,3
201500041451,0015-12-15 21:15:00,15,12,15,21,15,930,66,PLOUICH,,,Nuit sans éclairage public,En agglomération,Intersection en T,Pluie forte,Deux véhicules - côté,,,,,,,,,,,3,2,3,3,3
201500041452,0015-12-17 16:50:00,15,12,17,16,50,930,66,"38, BRICHE NR 2 A 38",,,Crépuscule ou aube,En agglomération,Hors intersection,Normale,Deux véhicules - arrière,,,,,,,,,,,2,2,1,1,2
201500041453,0015-12-17 22:50:00,15,12,17,22,50,930,66,LIBERATION RD14 (BOULEVA,,,Nuit avec éclairage allumé,En agglomération,Intersection en T,Normale,Deux véhicules - côté,,,,,,,,,,,5,2,3,1,3
201500041454,0015-12-23 18:30:00,15,12,23,18,30,930,66,COMMUNE DE PARIS (BOULEV,,,Nuit avec éclairage allumé,En agglomération,Hors intersection,Normale,Autre collision,,,,,,,,,,,5,2,1,1,6
201500041455,0015-12-23 22:45:00,15,12,23,22,45,930,66,VAILLANT COUTURIER PAUL,,,Nuit avec éclairage allumé,En agglomération,Intersection en T,Normale,Sans collision,,,,,,,,,,,5,2,3,1,7
201500041456,0015-12-25 19:00:00,15,12,25,19,0,930,66,GUYNEMER,,,Nuit avec éclairage allumé,En agglomération,Hors intersection,Normale,Deux véhicules - côté,,,,,,,,,,,5,2,1,1,3
201500041457,0015-12-26 10:45:00,15,12,26,10,45,930,66,"39, ""GUESDE JULES (BD),",,,Plein jour,En agglomération,Hors intersection,Normale,Deux véhicules - arrière,,,,,,,,,,,1,2,1,1,2
201500041458,0015-12-27 08:25:00,15,12,27,8,25,930,66,CROIZAT AMBROISE RD 29 B,,,Plein jour,En agglomération,Hors intersection,Normale,Deux véhicules - frontale,,,,,,,,,,,1,2,1,1,1
201500041459,0015-12-29 05:20:00,15,12,29,5,20,930,39,MARINE (QUAI DE LA ),,,Nuit avec éclairage allumé,En agglomération,Hors intersection,Pluie légère,Sans collision,,,,,,,,,,,5,2,1,2,7
201500041460,0015-12-29 18:50:00,15,12,29,18,50,930,66,"""STALINGRAND (AV), NR 2-",,,Nuit avec éclairage allumé,En agglomération,Hors intersection,Normale,Deux véhicules - côté,,,,,,,,,,,5,2,1,1,3
201500041461,0015-12-30 10:00:00,15,12,30,10,0,930,66,"3, METALLURGIE (AVENUE)",,,Plein jour,En agglomération,Intersection en X,Normale,Autre collision,,,,,,,,,,,1,2,2,1,6
201500041462,0015-06-11 01:37:00,15,6,11,1,37,930,66,PDT WILSON / METALLURGIE,,,Nuit avec éclairage allumé,En agglomération,Intersection en T,Normale,Deux véhicules - côté,,,,,,,,,,,5,2,3,1,3
201500041463,0015-01-04 05:50:00,15,1,4,5,50,930,70,"33-35, PAUL-BERT(RUE)",,,Nuit avec éclairage allumé,En agglomération,Intersection en X,Pluie légère,Autre collision,,,,,,,,,,,5,2,2,2,6
201500041464,0015-01-07 01:05:00,15,1,7,1,5,930,70,"156 bis, ROSIERS(DES) :",,,Nuit avec éclairage allumé,En agglomération,Hors intersection,Normale,Autre collision,,,,,,,,,,,5,2,1,1,6
201500041465,0015-01-10 18:25:00,15,1,10,18,25,930,70,"122, VICTOR-HUGO (BD)",,,Nuit avec éclairage allumé,En agglomération,Hors intersection,Pluie légère,Deux véhicules - côté,,,,,,,,,,,5,2,1,2,3
201500041466,0015-01-14 15:30:00,15,1,14,15,30,930,70,DOCTEUR BAUER(RUE DU) :N,,,Plein jour,En agglomération,Intersection en T,Normale,Deux véhicules - côté,,,,,,,,,,,1,2,3,1,3
201500041467,0015-01-27 18:00:00,15,1,27,18,0,930,70,"142, GABRIEL-PERI (AV)",,,Nuit avec éclairage allumé,En agglomération,Hors intersection,Pluie légère,Autre collision,,,,,,,,,,,5,2,1,2,6
201500041468,0015-02-02 09:35:00,15,2,2,9,35,930,70,"50, ARDOIN(RUE)",,,Plein jour,En agglomération,Hors intersection,Pluie légère,Deux véhicules - côté,,,,,,,,,,,1,2,1,2,3
201500041469,0015-02-03 15:00:00,15,2,3,15,0,930,70,"49, GABRIEL-PERI (AV)",,,Plein jour,En agglomération,Hors intersection,Normale,Autre collision,,,,,,,,,,,1,2,1,1,6
201500041470,0015-02-03 21:05:00,15,2,3,21,5,930,70,"56, MICHELET(AV):N?1AU 1",,,Nuit avec éclairage allumé,En agglomération,Hors intersection,Temps couvert,Deux véhicules - côté,,,,,,,,,,,5,2,1,8,3
201500041471,0015-02-06 11:50:00,15,2,6,11,50,930,70,"56, GABRIEL-PERI (AV)",,,Plein jour,En agglomération,Hors intersection,Normale,Deux véhicules - côté,,,,,,,,,,,1,2,1,1,3
201500041472,0015-02-06 18:20:00,15,2,6,18,20,930,70,ARDOIN(RUE),,,Crépuscule ou aube,En agglomération,Hors intersection,Normale,Deux véhicules - côté,,,,,,,,,,,2,2,1,1,3
201500041473,0015-02-09 19:30:00,15,2,9,19,30,930,70,GABRIEL-PERI (AV),,,Nuit sans éclairage public,En agglomération,Intersection en T,Normale,Deux véhicules - côté,,,,,,,,,,,3,2,3,1,3
201500041474,0015-02-11 10:28:00,15,2,11,10,28,930,70,MICHELET(AV):N?1AU 103,,,Plein jour,En agglomération,Hors intersection,Normale,Deux véhicules - côté,,,,,,,,,,,1,2,1,1,3
201500041475,0015-02-13 21:35:00,15,2,13,21,35,930,70,"52, MICHELET (AVE) : DU",,,Nuit avec éclairage allumé,En agglomération,Hors intersection,Pluie légère,Autre collision,,,,,,,,,,,5,2,1,2,6
201500041476,0015-02-15 16:45:00,15,2,15,16,45,930,70,"05, GABRIEL-PERI (AV)",,,Plein jour,En agglomération,Hors intersection,Normale,Deux véhicules - côté,,,,,,,,,,,1,2,1,1,3
201500041477,0015-02-19 09:40:00,15,2,19,9,40,930,70,"132, GABRIEL-PERI (AV)",,,Plein jour,En agglomération,Intersection en X,Normale,Autre collision,,,,,,,,,,,1,2,2,1,6
201500041478,0015-02-20 18:05:00,15,2,20,18,5,930,70,"30, REPUBLIQUE (PL DE LA",,,Nuit avec éclairage allumé,En agglomération,Hors intersection,Pluie légère,Deux véhicules - côté,,,,,,,,,,,5,2,1,2,3
201500041479,0015-03-08 18:15:00,15,3,8,18,15,930,70,"106, MICHELET (AVE) : DU",,,Crépuscule ou aube,En agglomération,Hors intersection,Normale,Autre collision,,,,,,,,,,,2,2,1,1,6
201500041480,0015-03-13 14:10:00,15,3,13,14,10,930,70,"01, ALBERT-DHALENNE (RUE",,,Plein jour,En agglomération,Hors intersection,Normale,Autre collision,,,,,,,,,,,1,2,1,1,6
201500041481,0015-03-13 14:40:00,15,3,13,14,40,930,70,"15, GABRIEL-PERI (AV)",,,Plein jour,En agglomération,Hors intersection,Normale,Autre collision,,,,,,,,,,,1,2,1,1,6
201500041482,0015-03-20 05:25:00,15,3,20,5,25,930,70,SEINE (QUAI DE),,,Crépuscule ou aube,En agglomération,Giratoire,Normale,Deux véhicules - côté,,,,,,,,,,,2,2,6,1,3
201500041483,0015-03-30 09:55:00,15,3,30,9,55,930,70,MICHELET (AVE) : DU 1 AU,,,Plein jour,En agglomération,Hors intersection,Normale,Autre collision,,,,,,,,,,,1,2,1,1,6
201500041484,0015-03-31 12:25:00,15,3,31,12,25,930,70,"50, GABRIEL-PERI (AV)",,,Plein jour,En agglomération,Hors intersection,Normale,Autre collision,,,,,,,,,,,1,2,1,1,6
201500041485,0015-04-04 12:40:00,15,4,4,12,40,930,70,PIERRE-CURIE(RUE),,,Plein jour,En agglomération,Hors intersection,Normale,Autre collision,,,,,,,,,,,1,2,1,1,6
201500041486,0015-04-06 14:00:00,15,4,6,14,0,930,70,SEINE (QUAI DE),,,Plein jour,En agglomération,Hors intersection,Normale,Deux véhicules - arrière,,,,,,,,,,,1,2,1,1,2
201500041487,0015-04-13 15:00:00,15,4,13,15,0,930,70,MICHELET (AVE) : DU 1 AU,,,Plein jour,En agglomération,Intersection en T,Normale,Autre collision,,,,,,,,,,,1,2,3,1,6
201500041488,0015-04-17 11:25:00,15,4,17,11,25,930,70,MICHELET (AVE) : DU 1 AU,,,Plein jour,En agglomération,Hors intersection,Normale,Autre collision,,,,,,,,,,,1,2,1,1,6
201500041489,0015-04-17 12:05:00,15,4,17,12,5,930,70,GABRIEL-PERI (AV),,,Plein jour,En agglomération,Hors intersection,Normale,Deux véhicules - côté,,,,,,,,,,,1,2,1,1,3
201500041490,0015-04-29 07:55:00,15,4,29,7,55,930,70,"122, MICHELET(AV):N?1AU",,,Plein jour,En agglomération,Hors intersection,Normale,Deux véhicules - côté,,,,,,,,,,,1,2,1,1,3
201500041491,0015-05-02 10:00:00,15,5,2,10,0,930,70,"100, DOCTEUR BAUER(RUE D",,,Plein jour,En agglomération,Hors intersection,Temps couvert,Deux véhicules - frontale,,,,,,,,,,,1,2,1,8,1
201500041492,0015-05-13 19:35:00,15,5,13,19,35,930,70,VICTOR-HUGO (BD),,,Plein jour,En agglomération,Hors intersection,Normale,Deux véhicules - arrière,,,,,,,,,,,1,2,1,1,2
201500041493,0015-05-16 10:00:00,15,5,16,10,0,930,70,"110, ROSIERS(DES) : APRE",,,Plein jour,En agglomération,Hors intersection,Normale,Autre collision,,,,,,,,,,,1,2,1,1,6
201500041494,0015-05-20 07:15:00,15,5,20,7,15,930,70,VICTOR-HUGO (BD),,,Plein jour,En agglomération,Hors intersection,Pluie légère,Deux véhicules - frontale,,,,,,,,,,,1,2,1,2,1
201500041495,0015-05-20 17:30:00,15,5,20,17,30,930,70,"132, VICTOR-HUGO (BD)",,,Plein jour,En agglomération,Intersection en T,Normale,Deux véhicules - côté,,,,,,,,,,,1,2,3,1,3
201500041496,0015-05-21 09:40:00,15,5,21,9,40,930,70,"19, MICHELET (AVE) : DU",,,Plein jour,En agglomération,Hors intersection,Normale,Deux véhicules - côté,,,,,,,,,,,1,2,1,1,3
201500041497,0015-05-22 17:15:00,15,5,22,17,15,930,70,MICHELET (AVE) : DU 1 AU,,,Plein jour,En agglomération,Intersection en X,Normale,Autre collision,,,,,,,,,,,1,2,2,1,6
201500041498,0015-05-22 21:08:00,15,5,22,21,8,930,70,GABRIEL-PERI (AV),,,Nuit sans éclairage public,En agglomération,Place,Normale,Autre collision,,,,,,,,,,,3,2,7,1,6
201500041499,0015-06-05 07:30:00,15,6,5,7,30,930,70,CAPITAINE-GLARNER (AV),,,Plein jour,En agglomération,Intersection en X,Normale,Deux véhicules - côté,,,,,,,,,,,1,2,2,1,3
201500041500,0015-06-10 08:40:00,15,6,10,8,40,930,70,SEINE (QUAI DE),,,Plein jour,En agglomération,Intersection en X,Normale,Deux véhicules - côté,,,,,,,,,,,1,2,2,1,3
201500041501,0015-06-10 08:30:00,15,6,10,8,30,930,70,MICHELET (AVE) : DU 1 AU,,,Plein jour,En agglomération,Autre intersection,Normale,Autre collision,,,,,,,,,,,1,2,9,1,6
201500041502,0015-06-11 11:30:00,15,6,11,11,30,930,70,ADRIEN-LESESNE (RUE),,,Plein jour,En agglomération,Intersection à plus de 4 branches,Normale,Autre collision,,,,,,,,,,,1,2,5,1,6
201500041503,0015-06-15 12:40:00,15,6,15,12,40,930,70,"59, MICHELET(AV):N°1AU 1",,,Plein jour,En agglomération,Hors intersection,Normale,Deux véhicules - côté,,,,,,,,,,,1,2,1,1,3
201500041504,0015-06-15 21:20:00,15,6,15,21,20,930,70,CACHIN (RUE MARCEL),,,Plein jour,En agglomération,Hors intersection,Normale,Deux véhicules - côté,,,,,,,,,,,1,2,1,1,3
201500041505,0015-06-17 19:40:00,15,6,17,19,40,930,70,"7, CLICHY (RUE DE)",,,Plein jour,En agglomération,Hors intersection,Normale,Deux véhicules - côté,,,,,,,,,,,1,2,1,1,3
201500041506,0015-06-23 12:20:00,15,6,23,12,20,930,70,"139, MICHELET (AVE) : DU",,,Plein jour,En agglomération,Hors intersection,Normale,Deux véhicules - arrière,,,,,,,,,,,1,2,1,1,2
201500041507,0015-06-29 10:40:00,15,6,29,10,40,930,70,DOCTEUR BAUER(RUE DU):AP,,,Plein jour,En agglomération,Hors intersection,Normale,Autre collision,,,,,,,,,,,1,2,1,1,6
201500041508,0015-06-30 09:50:00,15,6,30,9,50,930,70,"19, MICHELET(AV):N°1AU 1",,,Plein jour,En agglomération,Hors intersection,Normale,Autre collision,,,,,,,,,,,1,2,1,1,6
201500041509,0015-01-16 09:10:00,15,1,16,9,10,930,70,", SEINE (QUAI DE)",,,Plein jour,En agglomération,Hors intersection,Normale,Deux véhicules - arrière,,,,,,,,,,,1,2,1,1,2
201500041510,0015-07-02 15:00:00,15,7,2,15,0,930,70,"73/78, SAINT-DENIS(RUE)",,,Plein jour,En agglomération,Hors intersection,Normale,Deux véhicules - frontale,,,,,,,,,,,1,2,1,1,1
201500041511,0015-07-10 19:30:00,15,7,10,19,30,930,70,"9, DULCIE SEPTEMBER (RUE",,,Plein jour,En agglomération,Hors intersection,Normale,Deux véhicules - arrière,,,,,,,,,,,1,2,1,1,2
201500041512,0015-07-14 12:50:00,15,7,14,12,50,930,70,MICHELET (AVE) : DU 1 AU,,,Plein jour,En agglomération,Intersection en X,Normale,Deux véhicules - côté,,,,,,,,,,,1,2,2,1,3
201500041513,0015-07-21 18:55:00,15,7,21,18,55,930,70,"35, CHARLES SCHMIDT(RUE)",,,Plein jour,En agglomération,Intersection en T,Normale,Deux véhicules - arrière,,,,,,,,,,,1,2,3,1,2
201500041514,0015-07-21 09:45:00,15,7,21,9,45,930,70,"61, MICHELET (AVE) : DU",,,Plein jour,En agglomération,Hors intersection,Normale,Deux véhicules - côté,,,,,,,,,,,1,2,1,1,3
201500041515,0015-07-27 19:15:00,15,7,27,19,15,930,70,DORA MAAR (RUE),,,Plein jour,En agglomération,Hors intersection,Normale,Sans collision,,,,,,,,,,,1,2,1,1,7
201500041516,0015-08-12 18:10:00,15,8,12,18,10,930,70,GABRIEL-PERI (AV),,,Plein jour,En agglomération,Intersection en X,Normale,Deux véhicules - côté,,,,,,,,,,,1,2,2,1,3
201500041517,0015-08-27 17:25:00,15,8,27,17,25,930,70,NICOLAU(RUE),,,Plein jour,En agglomération,Hors intersection,Pluie forte,Deux véhicules - arrière,,,,,,,,,,,1,2,1,3,2
201500041518,0015-09-13 06:25:00,15,9,13,6,25,930,70,GABRIEL-PERI (AV),,,Plein jour,En agglomération,Hors intersection,Normale,Trois véhicules et plus - en chaîne,,,,,,,,,,,1,2,1,1,4
201500041519,0015-09-20 15:30:00,15,9,20,15,30,930,70,"34, CHARLES SCHMIDT(RUE)",,,Plein jour,En agglomération,Hors intersection,Normale,Autre collision,,,,,,,,,,,1,2,1,1,6
201500041520,0015-09-23 16:20:00,15,9,23,16,20,930,70,"36, GABRIEL-PERI (AV)",,,Plein jour,En agglomération,Hors intersection,Normale,Sans collision,,,,,,,,,,,1,2,1,1,7
201500041521,0015-10-12 07:45:00,15,10,12,7,45,930,70,VICTOR-HUGO (BD),,,Crépuscule ou aube,En agglomération,Hors intersection,Normale,Deux véhicules - côté,,,,,,,,,,,2,2,1,1,3
201500041522,0015-10-19 10:05:00,15,10,19,10,5,930,70,"28, ALBERT-DHALENNE (RUE",,,Plein jour,En agglomération,Hors intersection,Normale,Autre collision,,,,,,,,,,,1,2,1,1,6
201500041523,0015-10-22 21:00:00,15,10,22,21,0,930,70,DOCKS (RUE DES),,,Nuit avec éclairage allumé,Hors agglomération,Hors intersection,Normale,Autre collision,,,,,,,,,,,5,1,1,1,6
201500041524,0015-10-29 07:10:00,15,10,29,7,10,930,70,VICTOR-HUGO (BD),,,Crépuscule ou aube,En agglomération,Hors intersection,Normale,Autre collision,,,,,,,,,,,2,2,1,1,6
201500041525,0015-11-05 22:50:00,15,11,5,22,50,930,70,"39, CHARLES SCHMIDT(RUE)",,,Nuit avec éclairage allumé,En agglomération,Hors intersection,Pluie légère,Autre collision,,,,,,,,,,,5,2,1,2,6
201500041526,0015-11-05 09:20:00,15,11,5,9,20,930,70,MICHELET(AV):N°1AU 103,,,Plein jour,En agglomération,Hors intersection,Normale,Deux véhicules - côté,,,,,,,,,,,1,2,1,1,3
201500041527,0015-11-06 16:15:00,15,11,6,16,15,930,70,"45, MICHELET (AVE) : DU",,,Plein jour,En agglomération,Hors intersection,Pluie légère,Deux véhicules - arrière,,,,,,,,,,,1,2,1,2,2
201500041528,0015-11-06 18:00:00,15,11,6,18,0,930,70,ETIENNE-DOLET (BD),,,Nuit avec éclairage allumé,En agglomération,Hors intersection,Pluie légère,Sans collision,,,,,,,,,,,5,2,1,2,7
201500041529,0015-11-09 10:20:00,15,11,9,10,20,930,70,CHARLES SCHMIDT(RUE) : D,,,Plein jour,En agglomération,Intersection en T,Normale,Autre collision,,,,,,,,,,,1,2,3,1,6
201500041530,0015-11-09 11:01:00,15,11,9,11,1,930,70,"108, DOCTEUR BAUER(RUE D",,,Plein jour,En agglomération,Autre intersection,Normale,Autre collision,,,,,,,,,,,1,2,9,1,6
201500041531,0015-11-10 15:20:00,15,11,10,15,20,930,70,"54, CHARLES SCHMIDT(RUE)",,,Plein jour,En agglomération,Hors intersection,Normale,Autre collision,,,,,,,,,,,1,2,1,1,6
201500041532,0015-11-13 18:15:00,15,11,13,18,15,930,70,NEUVE-PIERRE-CURIE(RUE),,,Nuit avec éclairage allumé,En agglomération,Hors intersection,Pluie légère,Autre collision,,,,,,,,,,,5,2,1,2,6
201500041533,0015-11-17 08:55:00,15,11,17,8,55,930,70,"19, MICHELET (AVE) : DU",,,Plein jour,En agglomération,Autre intersection,Pluie légère,Deux véhicules - côté,,,,,,,,,,,1,2,9,2,3
201500041534,0015-11-18 16:10:00,15,11,18,16,10,930,70,"1, ALBERT-DHALENNE (RUE)",,,Plein jour,En agglomération,Hors intersection,Normale,Deux véhicules - arrière,,,,,,,,,,,1,2,1,1,2
201500041535,0015-11-20 14:10:00,15,11,20,14,10,930,70,JEAN-JAURES (BD),,,Plein jour,En agglomération,Hors intersection,Pluie légère,Autre collision,,,,,,,,,,,1,2,1,2,6
201500041536,0015-11-26 08:25:00,15,11,26,8,25,930,70,SEINE (QUAI DE),,,Plein jour,En agglomération,Hors intersection,Pluie légère,Autre collision,,,,,,,,,,,1,2,1,2,6
201500041537,0015-11-30 20:20:00,15,11,30,20,20,930,70,ARDOIN(RUE),,,Nuit avec éclairage allumé,En agglomération,Intersection en T,Normale,Deux véhicules - frontale,,,,,,,,,,,5,2,3,1,1
201500041538,0015-12-04 17:40:00,15,12,4,17,40,930,70,VICTOR-HUGO (BD),,,Nuit avec éclairage allumé,En agglomération,Intersection en X,Normale,Deux véhicules - côté,,,,,,,,,,,5,2,2,1,3
201500041539,0015-12-15 15:30:00,15,12,15,15,30,930,70,"41, ALBERT-DHALENNE (RUE",,,Plein jour,En agglomération,Hors intersection,Normale,Deux véhicules - côté,,,,,,,,,,,1,2,1,1,3
201500041540,0015-12-17 10:50:00,15,12,17,10,50,930,70,ROSIERS(DES) :N° 1 AU 59,,,Plein jour,En agglomération,Intersection en T,Normale,Deux véhicules - côté,,,,,,,,,,,1,2,3,1,3
201500041541,0015-12-18 12:30:00,15,12,18,12,30,930,70,"72, MICHELET (AVE) : DU",,,Plein jour,En agglomération,Hors intersection,Normale,Deux véhicules - côté,,,,,,,,,,,1,2,1,1,3
201500041542,0015-12-19 15:45:00,15,12,19,15,45,930,70,MICHELET (AVE) : DU 1 AU,,,Plein jour,En agglomération,Hors intersection,Normale,Deux véhicules - côté,,,,,,,,,,,1,2,1,1,3
201500041543,0015-12-29 14:40:00,15,12,29,14,40,930,70,"117, MICHELET (AVE) : DU",,,Plein jour,En agglomération,Hors intersection,Normale,Deux véhicules - côté,,,,,,,,,,,1,2,1,1,3
201500041544,0015-01-04 22:50:00,15,1,4,22,50,930,71,"0, JOHN F. KENNEDY (AVEN",,,Nuit avec éclairage allumé,En agglomération,Intersection en X,Normale,Deux véhicules - côté,,,,,,,,,,,5,2,2,1,3
201500041545,0015-01-23 08:40:00,15,1,23,8,40,930,71,"0, LEON JOUHAUX (AVENUE)",,,Plein jour,En agglomération,Hors intersection,Normale,Autre collision,,,,,,,,,,,1,2,1,1,6
201500041546,0015-03-01 18:00:00,15,3,1,18,0,930,71,"0, RONSARD (IMPASSE)",,,Plein jour,En agglomération,Intersection en T,Normale,Deux véhicules - côté,,,,,,,,,,,1,2,3,1,3
201500041547,0015-03-02 10:15:00,15,3,2,10,15,930,71,"0, MARCHE (AVENUE DU)",,,Plein jour,En agglomération,Intersection en T,Normale,Autre collision,,,,,,,,,,,1,2,3,1,6
201500041548,0015-02-06 16:30:00,15,2,6,16,30,930,5,EUROPE-(CARREFOUR DE L'),,,Plein jour,En agglomération,Hors intersection,Normale,Deux véhicules - arrière,,,,,,,,,,,1,2,1,1,2
201500041549,0015-03-06 14:00:00,15,3,6,14,0,930,71,"0, VICTOR HUGO (AVENUE)",,,Plein jour,En agglomération,Hors intersection,Normale,Autre collision,,,,,,,,,,,1,2,1,1,6
201500041550,0015-03-11 10:50:00,15,3,11,10,50,930,71,"0, VICTOR HUGO (AVENUE)",,,Plein jour,En agglomération,Hors intersection,Normale,Autre collision,,,,,,,,,,,1,2,1,1,6
201500041551,0015-03-19 20:05:00,15,3,19,20,5,930,71,"0, HOCHE (AVENUE)",,,Nuit avec éclairage allumé,En agglomération,Hors intersection,Normale,Autre collision,,,,,,,,,,,5,2,1,1,6
201500041552,0015-03-20 22:15:00,15,3,20,22,15,930,71,"0, WESTINGHOUSE (BOULEVA",,,Nuit avec éclairage allumé,En agglomération,Intersection en X,Normale,Autre collision,,,,,,,,,,,5,2,2,1,6
201500041553,0015-03-27 17:00:00,15,3,27,17,0,930,71,"0, COMMANDANT CHARCOT (A",,,Plein jour,En agglomération,Intersection en T,Normale,Autre collision,,,,,,,,,,,1,2,3,1,6
201500041554,0015-03-28 19:07:00,15,3,28,19,7,930,71,"0, JOHN F. KENNEDY (AVEN",,,Plein jour,En agglomération,Intersection en T,Normale,Deux véhicules - côté,,,,,,,,,,,1,2,3,1,3
201500041555,0015-04-07 22:45:00,15,4,7,22,45,930,71,"0, AULNAY (RUE D')",,,Nuit avec éclairage allumé,En agglomération,Hors intersection,Normale,Autre collision,,,,,,,,,,,5,2,1,1,6
201500041556,0015-04-12 22:20:00,15,4,12,22,20,930,71,"0, PIERRE BROSSOLETTE (R",,,Nuit avec éclairage allumé,En agglomération,Intersection en T,Normale,Deux véhicules - côté,,,,,,,,,,,5,2,3,1,3
201500041557,0015-04-14 14:20:00,15,4,14,14,20,930,71,"0, JEAN MOULIN (AVENUE)",,,Plein jour,En agglomération,Intersection en X,Normale,Deux véhicules - frontale,,,,,,,,,,,1,2,2,1,1
201500041558,0015-04-14 16:15:00,15,4,14,16,15,930,71,"0, JOHN F. KENNEDY (AVEN",,,Plein jour,En agglomération,Intersection en T,Normale,Autre collision,,,,,,,,,,,1,2,3,1,6
201500041559,0015-04-20 17:55:00,15,4,20,17,55,930,71,"0, BALLANGER ROBERT (AVE",,,Plein jour,En agglomération,Hors intersection,Normale,Deux véhicules - arrière,,,,,,,,,,,1,2,1,1,2
201500041560,0015-04-30 17:15:00,15,4,30,17,15,930,71,"0, COMMANDANT CHARCOT (A",,,Plein jour,En agglomération,Intersection en T,Pluie légère,Deux véhicules - frontale,,,,,,,,,,,1,2,3,2,1
201500041561,0015-05-01 21:05:00,15,5,1,21,5,930,71,"0, AULNAY (RUE D')",,,Nuit avec éclairage allumé,En agglomération,Intersection en X,Temps couvert,Deux véhicules - côté,,,,,,,,,,,5,2,2,8,3
201500041562,0015-05-06 17:15:00,15,5,6,17,15,930,71,"0, BALLANGER ROBERT (AVE",,,Plein jour,En agglomération,Intersection en T,Normale,Deux véhicules - arrière,,,,,,,,,,,1,2,3,1,2
201500041563,0015-05-10 17:45:00,15,5,10,17,45,930,71,"0, MARAIS DU SOUCI (CHEM",,,Plein jour,En agglomération,Hors intersection,Normale,Deux véhicules - frontale,,,,,,,,,,,1,2,1,1,1
201500041564,0015-05-12 17:37:00,15,5,12,17,37,930,71,"0, GENERAL LECLERC (AVEN",,,Plein jour,En agglomération,Hors intersection,Normale,Autre collision,,,,,,,,,,,1,2,1,1,6
201500041565,0015-05-16 12:45:00,15,5,16,12,45,930,71,"0, LIVRY (AVENUE DE)",,,Plein jour,En agglomération,Hors intersection,Normale,Deux véhicules - côté,,,,,,,,,,,1,2,1,1,3
201500041566,0015-05-22 17:45:00,15,5,22,17,45,930,71,"37, HENRI DUNANT (AVENUE",,,Plein jour,En agglomération,Intersection en T,Normale,Trois véhicules et plus - en chaîne,,,,,,,,,,,1,2,3,1,4
201500041567,0015-06-03 11:30:00,15,6,3,11,30,930,71,"0, BERLIOZ HECTOR (AVENU",,,Plein jour,En agglomération,Hors intersection,Normale,Sans collision,,,,,,,,,,,1,2,1,1,7
201500041568,0015-06-11 08:57:00,15,6,11,8,57,930,71,"0, SALVADOR ALLENDE (AVE",,,Plein jour,En agglomération,Hors intersection,Normale,Autre collision,,,,,,,,,,,1,2,1,1,6
201500041569,0015-06-18 16:00:00,15,6,18,16,0,930,71,"10, AMPERE (AVENUE)",,,Plein jour,En agglomération,Hors intersection,Normale,Autre collision,,,,,,,,,,,1,2,1,1,6
201500041570,0015-06-19 22:00:00,15,6,19,22,0,930,71,"0, AULNAY (RUE D')",,,Nuit avec éclairage allumé,En agglomération,Intersection en T,Normale,Deux véhicules - côté,,,,,,,,,,,5,2,3,1,3
201500041571,0015-06-23 18:35:00,15,6,23,18,35,930,71,"0, GENERAL LECLERC (AVEN",,,Plein jour,En agglomération,Hors intersection,Normale,Deux véhicules - arrière,,,,,,,,,,,1,2,1,1,2
201500041572,0015-07-03 12:05:00,15,7,3,12,5,930,71,"0, RAOUL DAUTRY (AVENUE)",,,Plein jour,En agglomération,Hors intersection,Normale,Autre collision,,,,,,,,,,,1,2,1,1,6
201500041573,0015-07-08 16:15:00,15,7,8,16,15,930,71,"0, JEAN MOULIN (AVENUE)",,,Plein jour,En agglomération,Intersection en X,Normale,Deux véhicules - côté,,,,,,,,,,,1,2,2,1,3
201500041574,0015-07-10 17:15:00,15,7,10,17,15,930,71,"0, DE LATTRE DE TASSIGNY",,,Plein jour,En agglomération,Hors intersection,Normale,Deux véhicules - arrière,,,,,,,,,,,1,2,1,1,2
201500041575,0015-07-13 10:30:00,15,7,13,10,30,930,71,"70, AULNAY (RUE D')",,,Plein jour,En agglomération,Hors intersection,Normale,Autre collision,,,,,,,,,,,1,2,1,1,6
201500041576,0015-07-14 19:15:00,15,7,14,19,15,930,71,"0, DANTON (RUE)",,,Plein jour,En agglomération,Intersection en T,Normale,Deux véhicules - côté,,,,,,,,,,,1,2,3,1,3
201500041577,0015-07-17 09:10:00,15,7,17,9,10,930,71,"0, HENRI BARBUSSE (AVENU",,,Plein jour,En agglomération,Hors intersection,Normale,Deux véhicules - arrière,,,,,,,,,,,1,2,1,1,2
201500041578,0015-07-18 19:40:00,15,7,18,19,40,930,71,"0, LUCIEN GELOT (BOULEVA",,,Plein jour,En agglomération,Intersection en T,Normale,Deux véhicules - côté,,,,,,,,,,,1,2,3,1,3
201500041579,0015-07-22 15:40:00,15,7,22,15,40,930,71,"57, LIVRY (AVENUE DE)",,,Plein jour,En agglomération,Hors intersection,Normale,Deux véhicules - arrière,,,,,,,,,,,1,2,1,1,2