accident_id,datetime,annee,mois,jour,heure,minute,departement,commune_insee,adresse,latitude,longitude,luminosite,agglomeration,intersection,meteo,collision,nb_vehicules,nb_usagers,nb_indemnes,nb_tues,nb_blesses_hosp,nb_blesses_legers,age_cond_1,age_cond_2,veh_type_cond_1,veh_type_cond_2,lum_code,agg_code,int_code,atm_code,col_code
201500041711,0015-08-11 20:04:00,15,8,11,20,4,930,78,CLEMENCEAU (AVENUE GEORG,,,Plein jour,En agglomération,Intersection en X,Normale,Deux véhicules - côté,,,,,,,,,,,1,2,2,1,3
201500041712,0015-08-23 09:30:00,15,8,23,9,30,930,78,LEDOUX (RUE CLAUDE NICOL,,,Plein jour,En agglomération,Intersection en Y,Normale,Autre collision,,,,,,,,,,,1,2,4,1,6
201500041713,0015-08-29 22:20:00,15,8,29,22,20,930,78,BALLANGER (BD ROBERT),,,Nuit avec éclairage allumé,En agglomération,Hors intersection,Normale,Deux véhicules - côté,,,,,,,,,,,5,2,1,1,3
201500041714,0015-08-30 10:50:00,15,8,30,10,50,930,78,DAMBEL (AVENUE EMILE),,,Plein jour,En agglomération,Intersection en T,Normale,Autre collision,,,,,,,,,,,1,2,3,1,6
201500041715,0015-09-03 13:30:00,15,9,3,13,30,930,78,"20, ROUX (RUE DU DOCTEUR",,,Plein jour,En agglomération,Intersection en X,Normale,Autre collision,,,,,,,,,,,1,2,2,1,6
201500041716,0015-09-05 11:00:00,15,9,5,11,0,930,78,BALLANGER (BD ROBERT),,,Plein jour,En agglomération,Hors intersection,Normale,Deux véhicules - côté,,,,,,,,,,,1,2,1,1,3
201500041717,0015-09-23 10:30:00,15,9,23,10,30,930,78,PLAINE (AVENUE DE LA),,,Plein jour,En agglomération,Intersection en X,Normale,Trois véhicules et plus - collisions multiples,,,,,,,,,,,1,2,2,1,5
201500041718,0015-09-24 18:45:00,15,9,24,18,45,930,73,"133, BERGER (RUE GILBERT",,,Plein jour,En agglomération,Hors intersection,Temps couvert,Sans collision,,,,,,,,,,,1,2,1,8,7
201500041719,0015-10-02 16:00:00,15,10,2,16,0,930,73,PETITS PONTS (ROUTE DES),,,Plein jour,En agglomération,Hors intersection,Normale,Trois véhicules et plus - collisions multiples,,,,,,,,,,,1,2,1,1,5
201500041720,0015-10-02 20:50:00,15,10,2,20,50,930,73,RESISTANCE (RUE DE LA),,,Nuit avec éclairage allumé,En agglomération,Intersection en T,Normale,Deux véhicules - côté,,,,,,,,,,,5,2,3,1,3
201500041721,0015-10-03 13:00:00,15,10,3,13,0,930,73,ROISSY (ROUTE DE),,,Plein jour,En agglomération,Hors intersection,Normale,Autre collision,,,,,,,,,,,1,2,1,1,6
201500041722,0015-10-06 08:55:00,15,10,6,8,55,930,78,BALLANGER (BD ROBERT),,,Plein jour,En agglomération,Intersection à plus de 4 branches,Pluie légère,Deux véhicules - côté,,,,,,,,,,,1,2,5,2,3
201500041723,0015-10-07 16:44:00,15,10,7,16,44,930,78,"111, BALLANGER (BD ROBER",,,Plein jour,En agglomération,Hors intersection,Normale,Deux véhicules - côté,,,,,,,,,,,1,2,1,1,3
201500041724,0015-10-07 20:50:00,15,10,7,20,50,930,73,PETITS PONTS (ROUTE DES),,,Nuit avec éclairage allumé,En agglomération,Hors intersection,Normale,Deux véhicules - arrière,,,,,,,,,,,5,2,1,1,2
201500041725,0015-10-09 13:40:00,15,10,9,13,40,930,73,DIX NEUF MARS 62 (AVENUE,,,Plein jour,En agglomération,Intersection en X,Normale,Deux véhicules - côté,,,,,,,,,,,1,2,2,1,3
201500041726,0015-10-19 17:20:00,15,10,19,17,20,930,78,CLEMENCEAU (AVENUE GEORG,,,Plein jour,En agglomération,Hors intersection,Normale,Trois véhicules et plus - en chaîne,,,,,,,,,,,1,2,1,1,4
201500041727,0015-10-23 12:15:00,15,10,23,12,15,930,78,GARE (AVENUE DE LA),,,Plein jour,En agglomération,Giratoire,Normale,Deux véhicules - côté,,,,,,,,,,,1,2,6,1,3
201500041728,0015-10-25 12:00:00,15,10,25,12,0,930,73,PARC (AVENUE DU),,,Plein jour,En agglomération,Intersection en X,Normale,Autre collision,,,,,,,,,,,1,2,2,1,6
201500041729,0015-11-06 07:40:00,15,11,6,7,40,930,73,DE GAULLE (RUE CHARLES),,,Plein jour,En agglomération,Hors intersection,Normale,Deux véhicules - côté,,,,,,,,,,,1,2,1,1,3
201500041730,0015-11-11 20:45:00,15,11,11,20,45,930,73,DEBUSSY (RUE CLAUDE),,,Nuit avec éclairage allumé,En agglomération,Hors intersection,Pluie légère,Autre collision,,,,,,,,,,,5,2,1,2,6
201500041731,0015-11-16 20:51:00,15,11,16,20,51,930,78,"77, BALLANGER (BD ROBERT",,,Nuit avec éclairage allumé,En agglomération,Hors intersection,Pluie légère,Autre collision,,,,,,,,,,,5,2,1,2,6
201500041732,0015-11-30 18:30:00,15,11,30,18,30,930,78,"156, BALLANGER (BD ROBER",,,Nuit avec éclairage allumé,En agglomération,Hors intersection,Normale,Deux véhicules - côté,,,,,,,,,,,5,2,1,1,3
201500041733,0015-12-03 22:25:00,15,12,3,22,25,930,78,BALLANGER (BD ROBERT),,,Nuit avec éclairage allumé,En agglomération,Hors intersection,Normale,Deux véhicules - arrière,,,,,,,,,,,5,2,1,1,2
201500041734,0015-12-04 08:23:00,15,12,4,8,23,930,78,BALLANGER (BD ROBERT),,,Plein jour,En agglomération,Intersection en X,Normale,Autre collision,,,,,,,,,,,1,2,2,1,6
201500041735,0015-12-04 16:15:00,15,12,4,16,15,930,73,BOIS DE LA PIE (AVENUE D,,,Plein jour,En agglomération,Hors intersection,Normale,Deux véhicules - arrière,,,,,,,,,,,1,2,1,1,2
201500041736,0015-12-09 11:40:00,15,12,9,11,40,930,73,", BERGER (RUE GILBERT)",,,Plein jour,En agglomération,Hors intersection,Normale,Deux véhicules - côté,,,,,,,,,,,1,2,1,1,3
201500041737,0015-12-19 01:00:00,15,12,19,1,0,930,73,PETITS PONTS (ROUTE DES),,,Nuit avec éclairage allumé,En agglomération,Hors intersection,Temps couvert,Autre collision,,,,,,,,,,,5,2,1,8,6
201500041738,0015-12-23 14:50:00,15,12,23,14,50,930,78,"77, BALLANGER (BD ROBERT",,,Plein jour,En agglomération,Hors intersection,Normale,Trois véhicules et plus - collisions multiples,,,,,,,,,,,1,2,1,1,5
201500041739,0015-12-31 11:20:00,15,12,31,11,20,930,78,CLEMENCEAU (AVENUE GEORG,,,Plein jour,En agglomération,Intersection en X,Normale,Deux véhicules - côté,,,,,,,,,,,1,2,2,1,3
201500041740,0015-01-11 12:50:00,15,1,11,12,50,940,2,REVOLUTION (QU DE LA),,,Plein jour,En agglomération,Hors intersection,Normale,Autre collision,,,,,,,,,,,1,2,1,1,6
201500041741,0015-01-09 16:50:00,15,1,9,16,50,940,2,"17, R DES LILAS",,,Crépuscule ou aube,En agglomération,Hors intersection,Normale,Autre collision,,,,,,,,,,,2,2,1,1,6
201500041742,0015-02-02 17:55:00,15,2,2,17,55,940,2,"163 B, VAILLANT COUTURIE",,,Nuit avec éclairage allumé,En agglomération,Intersection en T,Normale,Autre collision,,,,,,,,,,,5,2,3,1,6
201500041743,0015-02-14 20:15:00,15,2,14,20,15,940,2,CAMELIAS (R DES),,,Nuit avec éclairage allumé,En agglomération,Intersection en X,Pluie légère,Deux véhicules - côté,,,,,,,,,,,5,2,2,2,3
201500041744,0015-03-13 18:30:00,15,3,13,18,30,940,2,"03, DIJON (R DE)",,,Plein jour,En agglomération,Hors intersection,Normale,Autre collision,,,,,,,,,,,1,2,1,1,6
201500041745,0015-03-21 11:00:00,15,3,21,11,0,940,2,VERDUN (R DE),,,Plein jour,En agglomération,Intersection en T,Temps couvert,Deux véhicules - côté,,,,,,,,,,,1,2,3,8,3
201500041746,0015-03-24 21:55:00,15,3,24,21,55,940,2,"146, VAILLANT COUTURIER",,,Nuit avec éclairage allumé,En agglomération,Intersection en T,Pluie légère,Deux véhicules - côté,,,,,,,,,,,5,2,3,2,3
201500041747,0015-03-25 11:25:00,15,3,25,11,25,940,2,REVOLUTION (QU DE LA),,,Plein jour,En agglomération,Intersection en T,Normale,Deux véhicules - arrière,,,,,,,,,,,1,2,3,1,2
201500041748,0015-04-13 15:15:00,15,4,13,15,15,940,2,"40, BLANQUI (QU)",,,Plein jour,En agglomération,Hors intersection,Temps éblouissant,Autre collision,,,,,,,,,,,1,2,1,7,6
201500041749,0015-04-14 18:10:00,15,4,14,18,10,940,2,"28, GRENOBLE (R DE)",,,Plein jour,En agglomération,Hors intersection,Normale,Autre collision,,,,,,,,,,,1,2,1,1,6
201500041750,0015-04-17 18:40:00,15,4,17,18,40,940,2,GENERAL CHARLES DE GAULL,,,Plein jour,En agglomération,Autre intersection,Normale,Autre collision,,,,,,,,,,,1,2,9,1,6
201500041751,0015-04-18 18:25:00,15,4,18,18,25,940,2,"46, LOUIS BLANC (R)",,,Plein jour,En agglomération,Hors intersection,Normale,Autre collision,,,,,,,,,,,1,2,1,1,6
201500041752,0015-04-18 20:25:00,15,4,18,20,25,940,2,LOUIS BLANC (R),,,Plein jour,En agglomération,Intersection en X,Normale,Deux véhicules - côté,,,,,,,,,,,1,2,2,1,3
201500041753,0015-04-24 12:15:00,15,4,24,12,15,940,2,ROME (R DE),,,Plein jour,En agglomération,Intersection en Y,Normale,Autre collision,,,,,,,,,,,1,2,4,1,6
201500041754,0015-05-06 09:10:00,15,5,6,9,10,940,2,EMILE ZOLA (R),,,Plein jour,En agglomération,Intersection en X,Normale,Deux véhicules - frontale,,,,,,,,,,,1,2,2,1,1
201500041755,0015-05-19 22:35:00,15,5,19,22,35,940,2,VAILLANT COUTURIER (R),,,Nuit avec éclairage allumé,En agglomération,Intersection en X,Temps couvert,Sans collision,,,,,,,,,,,5,2,2,8,7
201500041756,0015-05-24 11:50:00,15,5,24,11,50,940,2,JULES CUILLERIER (R),,,Plein jour,En agglomération,Hors intersection,Normale,Autre collision,,,,,,,,,,,1,2,1,1,6
201500041757,0015-05-25 05:00:00,15,5,25,5,0,940,2,"101,QU BLANQUI/LILAS",,,Nuit avec éclairage allumé,En agglomération,Intersection en T,Pluie légère,Deux véhicules - côté,,,,,,,,,,,5,2,3,2,3
201500041758,0015-05-28 19:30:00,15,5,28,19,30,940,2,"1, GENEVE (R DE)",,,Plein jour,En agglomération,Hors intersection,Normale,Autre collision,,,,,,,,,,,1,2,1,1,6
201500041759,0015-06-01 18:30:00,15,6,1,18,30,940,2,ETIENNE DOLET (R),,,Plein jour,En agglomération,Hors intersection,Normale,Autre collision,,,,,,,,,,,1,2,1,1,6
201500041760,0015-06-18 08:40:00,15,6,18,8,40,940,2,"94, ETIENNE DOLET (R)",,,Plein jour,En agglomération,Hors intersection,Normale,Autre collision,,,,,,,,,,,1,2,1,1,6
201500041761,0015-06-22 13:50:00,15,6,22,13,50,940,2,"3, GENEVE (R DE)",,,Plein jour,En agglomération,Hors intersection,Normale,Autre collision,,,,,,,,,,,1,2,1,1,6
201500041762,0015-06-25 20:30:00,15,6,25,20,30,940,2,REVOLUTION (QU DE LA),,,Plein jour,En agglomération,Intersection en T,Normale,Autre collision,,,,,,,,,,,1,2,3,1,6
201500041763,0015-07-01 10:35:00,15,7,1,10,35,940,2,"11, PASTEUR (R)",,,Plein jour,En agglomération,Hors intersection,Normale,Deux véhicules - arrière,,,,,,,,,,,1,2,1,1,2
201500041764,0015-07-06 18:15:00,15,7,6,18,15,940,2,EMILE ZOLA (R),,,Plein jour,En agglomération,Intersection en X,Normale,Deux véhicules - arrière,,,,,,,,,,,1,2,2,1,2
201500041765,0015-07-06 18:55:00,15,7,6,18,55,940,2,"5, VAILLANT COUTURIER (R",,,Plein jour,En agglomération,Intersection en X,Normale,Deux véhicules - côté,,,,,,,,,,,1,2,2,1,3
201500041766,0015-07-08 01:35:00,15,7,8,1,35,940,2,VICTOR HUGO (R),,,Nuit avec éclairage allumé,En agglomération,Hors intersection,Normale,Sans collision,,,,,,,,,,,5,2,1,1,7
201500041767,0015-07-13 16:45:00,15,7,13,16,45,940,2,BLANQUI (QU),,,Plein jour,En agglomération,Intersection en T,Normale,Deux véhicules - côté,,,,,,,,,,,1,2,3,1,3
201500041768,0015-07-17 14:40:00,15,7,17,14,40,940,2,"37, CAMELIAS (R DES)",,,Plein jour,En agglomération,Intersection en X,Temps éblouissant,Deux véhicules - côté,,,,,,,,,,,1,2,2,7,3
201500041769,0015-07-24 15:30:00,15,7,24,15,30,940,2,SEINE (R DE),,,Plein jour,En agglomération,Hors intersection,Normale,Autre collision,,,,,,,,,,,1,2,1,1,6
201500041770,0015-07-30 22:20:00,15,7,30,22,20,940,2,"70, BLANQUI (QU)",,,Nuit avec éclairage allumé,En agglomération,Hors intersection,Normale,Deux véhicules - arrière,,,,,,,,,,,5,2,1,1,2
201500041771,0015-08-02 07:40:00,15,8,2,7,40,940,2,"9, VAILLANT COUTURIER (R",,,Plein jour,En agglomération,Hors intersection,Normale,Autre collision,,,,,,,,,,,1,2,1,1,6
201500041772,0015-08-07 08:30:00,15,8,7,8,30,940,2,VAILLANT COUTURIER (R),,,Plein jour,En agglomération,Intersection en X,Temps éblouissant,Deux véhicules - côté,,,,,,,,,,,1,2,2,7,3
201500041773,0015-08-11 22:30:00,15,8,11,22,30,940,2,CAMELIAS (R DES),,,Nuit avec éclairage allumé,En agglomération,Intersection en X,Normale,Deux véhicules - côté,,,,,,,,,,,5,2,2,1,3
201500041774,0015-08-24 22:40:00,15,8,24,22,40,940,2,"40, BLANQUI (QU)",,,Nuit avec éclairage allumé,En agglomération,Hors intersection,Pluie légère,Autre collision,,,,,,,,,,,5,2,1,2,6
201500041775,0015-08-28 12:30:00,15,8,28,12,30,940,2,"Face au 28, VERON (R)",,,Plein jour,En agglomération,Hors intersection,Normale,Autre collision,,,,,,,,,,,1,2,1,1,6
201500041776,0015-08-30 15:50:00,15,8,30,15,50,940,2,VAILLANT COUTURIER (R),,,Plein jour,En agglomération,Intersection en X,Normale,Deux véhicules - côté,,,,,,,,,,,1,2,2,1,3
201500041777,0015-08-30 21:30:00,15,8,30,21,30,940,2,CARNOT (BD),,,Nuit avec éclairage allumé,En agglomération,Intersection en X,Normale,Deux véhicules - côté,,,,,,,,,,,5,2,2,1,3
201500041778,0015-09-03 13:00:00,15,9,3,13,0,940,2,BLANQUI (QU),,,Plein jour,En agglomération,Intersection en X,Normale,Deux véhicules - côté,,,,,,,,,,,1,2,2,1,3
201500041779,0015-09-17 09:30:00,15,9,17,9,30,940,2,"89, VAILLANT COUTURIER (",,,Plein jour,En agglomération,Intersection en X,Normale,Autre collision,,,,,,,,,,,1,2,2,1,6
201500041780,0015-09-21 18:00:00,15,9,21,18,0,940,2,"43, EMILE ZOLA (R)",,,Plein jour,En agglomération,Hors intersection,Normale,Autre collision,,,,,,,,,,,1,2,1,1,6
201500041781,0015-09-29 09:30:00,15,9,29,9,30,940,2,"27, VICTOR HUGO (R)",,,Plein jour,En agglomération,Intersection en T,Normale,Autre collision,,,,,,,,,,,1,2,3,1,6
201500041782,0015-09-30 16:40:00,15,9,30,16,40,940,2,"07, REVOLUTION (QU DE LA",,,Plein jour,En agglomération,Hors intersection,Normale,Deux véhicules - côté,,,,,,,,,,,1,2,1,1,3
201500041783,0015-10-02 13:45:00,15,10,2,13,45,940,2,"7, REVOLUTION (QU DE LA)",,,Plein jour,En agglomération,Hors intersection,Normale,Deux véhicules - côté,,,,,,,,,,,1,2,1,1,3
201500041784,0015-10-03 12:30:00,15,10,3,12,30,940,2,", GENERAL CHARLES DE GAU",,,Plein jour,En agglomération,Intersection en X,Normale,Autre collision,,,,,,,,,,,1,2,2,1,6
201500041785,0015-10-08 16:55:00,15,10,8,16,55,940,2,VAILLANT COUTURIER (R),,,Plein jour,En agglomération,Hors intersection,Normale,Autre collision,,,,,,,,,,,1,2,1,1,6
201500041786,0015-10-08 17:25:00,15,10,8,17,25,940,2,ETIENNE DOLET (R),,,Plein jour,En agglomération,Place,Normale,Autre collision,,,,,,,,,,,1,2,7,1,6
201500041787,0015-10-15 07:00:00,15,10,15,7,0,940,2,GENERAL CHARLES DE GAULL,,,Nuit avec éclairage allumé,En agglomération,Hors intersection,Pluie légère,Deux véhicules - arrière,,,,,,,,,,,5,2,1,2,2
201500041788,0015-10-22 10:30:00,15,10,22,10,30,940,2,JEAN BAPTISTE CLEMENT (Q,,,Plein jour,En agglomération,Intersection en T,Pluie légère,Deux véhicules - côté,,,,,,,,,,,1,2,3,2,3
201500041789,0015-10-24 10:45:00,15,10,24,10,45,940,2,EMILE ZOLA (R),,,Plein jour,En agglomération,Intersection en X,Normale,Trois véhicules et plus - collisions multiples,,,,,,,,,,,1,2,2,1,5
201500041790,0015-11-03 07:40:00,15,11,3,7,40,940,2,EMILE ZOLA (R),,,Plein jour,En agglomération,Intersection en X,Normale,Deux véhicules - côté,,,,,,,,,,,1,2,2,1,3
201500041791,0015-11-12 06:20:00,15,11,12,6,20,940,2,BLANQUI (QU),,,Crépuscule ou aube,En agglomération,Hors intersection,Temps couvert,Deux véhicules - arrière,,,,,,,,,,,2,2,1,8,2
201500041792,0015-11-18 00:45:00,15,11,18,0,45,940,2,", REVOLUTION (QU DE LA)",,,Nuit avec éclairage allumé,En agglomération,Hors intersection,Normale,Autre collision,,,,,,,,,,,5,2,1,1,6
201500041793,0015-11-19 15:00:00,15,11,19,15,0,940,2,"177, VAILLANT COUTURIER",,,Plein jour,En agglomération,Hors intersection,Pluie légère,Deux véhicules - arrière,,,,,,,,,,,1,2,1,2,2
201500041794,0015-11-25 04:20:00,15,11,25,4,20,940,2,EMILE ZOLA (R),,,Nuit avec éclairage allumé,En agglomération,Intersection en X,Pluie forte,Deux véhicules - côté,,,,,,,,,,,5,2,2,3,3
201500041795,0015-11-26 08:25:00,15,11,26,8,25,940,2,"10, CARNOT (BD)",,,Plein jour,En agglomération,Hors intersection,Normale,Autre collision,,,,,,,,,,,1,2,1,1,6
201500041796,0015-12-11 23:45:00,15,12,11,23,45,940,2,VAILLANT COUTURIER (R),,,Nuit avec éclairage allumé,En agglomération,Intersection en T,Normale,Deux véhicules - côté,,,,,,,,,,,5,2,3,1,3
201500041797,0015-12-17 19:10:00,15,12,17,19,10,940,2,GENERAL CHARLES DE GAULL,,,Nuit avec éclairage allumé,En agglomération,Hors intersection,Normale,Deux véhicules - côté,,,,,,,,,,,5,2,1,1,3
201500041798,0015-12-30 06:50:00,15,12,30,6,50,940,2,REVOLUTION (QU DE LA),,,Nuit avec éclairage allumé,En agglomération,Hors intersection,Normale,Deux véhicules - frontale,,,,,,,,,,,5,2,1,1,1
201500041799,0015-10-02 10:13:00,15,10,2,10,13,940,47,PAUL DOUMER (R),,,Plein jour,En agglomération,Hors intersection,Normale,Autre collision,,,,,,,,,,,1,2,1,1,6
201500041800,0015-10-02 16:50:00,15,10,2,16,50,940,47,"1, FRANCOIS COPPEE (R)",,,Plein jour,En agglomération,Intersection en X,Normale,Autre collision,,,,,,,,,,,1,2,2,1,6
201500041801,0015-10-04 10:20:00,15,10,4,10,20,940,4,"., EGLISE (R DE L)",,,Plein jour,En agglomération,Hors intersection,Normale,Autre collision,,,,,,,,,,,1,2,1,1,6
201500041802,0015-10-06 07:00:00,15,10,6,7,0,940,44,VERDUN (AV DE),,,Nuit avec éclairage allumé,En agglomération,Intersection en X,Pluie forte,Deux véhicules - frontale,,,,,,,,,,,5,2,2,3,1
201500041803,0015-10-06 15:45:00,15,10,6,15,45,940,71,"03, PONT DE CHENNEVIERES",,,Plein jour,En agglomération,Intersection en T,Normale,Autre collision,,,,,,,,,,,1,2,3,1,6
201500041804,0015-10-09 09:25:00,15,10,9,9,25,940,44,"38, GABRIEL PERI (AV)",,,Plein jour,En agglomération,Hors intersection,Normale,Deux véhicules - arrière,,,,,,,,,,,1,2,1,1,2
201500041805,0015-10-09 15:30:00,15,10,9,15,30,940,71,"7 TER, GEORGES POMPIDOU",,,Plein jour,En agglomération,Hors intersection,Normale,Autre collision,,,,,,,,,,,1,2,1,1,6
201500041806,0015-10-12 16:25:00,15,10,12,16,25,940,4,PARKING CCR BOISSY 2,48.753,2.50229,Plein jour,En agglomération,Intersection en X,Normale,Deux véhicules - côté,,,,,,,,,,,1,2,2,1,3
201500041807,0015-10-19 06:55:00,15,10,19,6,55,940,75,TASSIGNY/DAGORNO,48.7275,2.53101,Nuit avec éclairage non allumé,En agglomération,Intersection en T,Normale,Deux véhicules - arrière,,,,,,,,,,,4,2,3,1,2
201500041808,0015-10-23 21:10:00,15,10,23,21,10,940,4,LECLERC/CHIROL,48.7516,2.50682,Nuit avec éclairage allumé,En agglomération,Intersection en Y,Normale,Deux véhicules - côté,,,,,,,,,,,5,2,4,1,3
201500041809,0015-10-29 21:15:00,15,10,29,21,15,940,75,TASSIGNY/FOREAU,48.7274,2.53584,Nuit avec éclairage allumé,En agglomération,Intersection en T,Normale,Deux véhicules - frontale,,,,,,,,,,,5,2,3,1,1
201500041810,0015-01-11 12:00:00,15,1,11,12,0,940,71,QUEUE EN BRIE (RTE DE LA,,,Plein jour,En agglomération,Intersection en X,Normale,Autre collision,,,,,,,,,,,1,2,2,1,6
201500041811,0015-11-01 02:07:00,15,11,1,2,7,940,48,"33, BRUYERES (AV DES)",,,Nuit avec éclairage allumé,En agglomération,Hors intersection,Normale,Autre collision,,,,,,,,,,,5,2,1,1,6
201500041812,0015-11-02 11:30:00,15,11,2,11,30,940,4,PL DE LA GARE,48.7528,2.50538,Plein jour,En agglomération,Hors intersection,Normale,Autre collision,,,,,,,,,,,1,2,1,1,6
201500041813,0015-03-11 08:45:00,15,3,11,8,45,940,71,"00, TILLEUL (R DU)",,,Plein jour,En agglomération,Intersection en T,Normale,Deux véhicules - côté,,,,,,,,,,,1,2,3,1,3
201500041814,0015-11-04 07:25:00,15,11,4,7,25,940,71,"10, VILLENEUVE (R DE)",,,Plein jour,En agglomération,Autre intersection,Normale,Deux véhicules - arrière,,,,,,,,,,,1,2,9,1,2
201500041815,0015-01-05 12:50:00,15,1,5,12,50,940,44,VERDUN (AV DE),,,Plein jour,En agglomération,Giratoire,Temps couvert,Autre collision,,,,,,,,,,,1,2,6,8,6
201500041816,0015-01-07 08:55:00,15,1,7,8,55,940,71,WINSTON CHURCHILL (R),,,Plein jour,En agglomération,Giratoire,Brouillard / fumée,Sans collision,,,,,,,,,,,1,2,6,5,7
201500041817,0015-11-06 22:40:00,15,11,6,22,40,940,71,"., GARE (PL DE LA)",,,Nuit avec éclairage allumé,En agglomération,Intersection en T,Normale,Deux véhicules - côté,,,,,,,,,,,5,2,3,1,3
201500041818,0015-11-09 09:10:00,15,11,9,9,10,940,71,"98, GENERAL LECLERC (R D",,,Plein jour,En agglomération,Hors intersection,Normale,Deux véhicules - côté,,,,,,,,,,,1,2,1,1,3
201500041819,0015-11-09 08:35:00,15,11,9,8,35,940,71,"62, GRAND VAL (R DU)",,,Plein jour,En agglomération,Hors intersection,Normale,Deux véhicules - côté,,,,,,,,,,,1,2,1,1,3
201500041820,0015-01-13 15:15:00,15,1,13,15,15,940,75,TASSIGNY/GRANGE,48.7344,2.52044,Plein jour,En agglomération,Intersection en T,Pluie légère,Deux véhicules - arrière,,,,,,,,,,,1,2,3,2,2
201500041821,0015-01-16 19:30:00,15,1,16,19,30,940,71,"3 ter, BREVANNES (R DE)",,,Nuit avec éclairage allumé,En agglomération,Intersection en X,Pluie légère,Deux véhicules - côté,,,,,,,,,,,5,2,2,2,3
201500041822,0015-11-20 12:50:00,15,11,20,12,50,940,75,"91, LATTRE DE TASSIGNY",48.7331,2.52151,Plein jour,En agglomération,Hors intersection,Pluie forte,Autre collision,,,,,,,,,,,1,2,1,3,6
201500041823,0015-01-20 20:45:00,15,1,20,20,45,940,4,AV DU GENERAL LECLERC,48.7555,2.50504,Nuit sans éclairage public,Hors agglomération,Hors intersection,Neige / grêle,Autre collision,,,,,,,,,,,3,1,1,4,6
201500041824,0015-11-21 21:45:00,15,11,21,21,45,940,71,"00, VILLENEUVE (R DE)",,,Nuit avec éclairage allumé,En agglomération,Intersection en T,Normale,Autre collision,,,,,,,,,,,5,2,3,1,6
201500041825,0015-11-23 13:45:00,15,11,23,13,45,940,75,"13, HENRI DUNANT (R)",,,Plein jour,En agglomération,Intersection en X,Normale,Deux véhicules - côté,,,,,,,,,,,1,2,2,1,3
201500041826,0015-11-23 18:30:00,15,11,23,18,30,940,44,EUGENE VARLIN (R),,,Nuit avec éclairage allumé,En agglomération,Intersection en T,Normale,Deux véhicules - côté,,,,,,,,,,,5,2,3,1,3
201500041827,0015-11-24 18:35:00,15,11,24,18,35,940,71,"22, VILLENEUVE (R DE)",,,Nuit avec éclairage allumé,En agglomération,Hors intersection,Pluie forte,Autre collision,,,,,,,,,,,5,2,1,3,6
201500041828,0015-11-26 06:45:00,15,11,26,6,45,940,4,LECLERC/REVILLON,48.7448,2.51175,Nuit sans éclairage public,Hors agglomération,Intersection en X,Normale,Deux véhicules - côté,,,,,,,,,,,3,1,2,1,3
201500041829,0015-11-27 06:50:00,15,11,27,6,50,940,71,GENERAL LECLERC (R DU),,,Nuit avec éclairage allumé,En agglomération,Intersection en Y,Normale,Deux véhicules - côté,,,,,,,,,,,5,2,4,1,3
201500041830,0015-01-29 07:40:00,15,1,29,7,40,940,4,BREVANNES/DE GAULLE,,,Crépuscule ou aube,En agglomération,Giratoire,Temps couvert,Autre collision,,,,,,,,,,,2,2,6,8,6
201500041831,0015-01-29 08:50:00,15,1,29,8,50,940,71,"3, PONT DE CHENNEVIERES",,,Plein jour,En agglomération,Hors intersection,Pluie légère,Deux véhicules - côté,,,,,,,,,,,1,2,1,2,3
201500041832,0015-01-29 19:10:00,15,1,29,19,10,940,48,RN19/GROSBOIS,48.7275,2.53934,Nuit sans éclairage public,Hors agglomération,Intersection en X,Pluie légère,Autre collision,,,,,,,,,,,3,1,2,2,6
201500041833,0015-11-30 07:40:00,15,11,30,7,40,940,75,TASSIGNY/FOREAU,48.7274,2.53584,Plein jour,En agglomération,Intersection en T,Normale,Deux véhicules - arrière,,,,,,,,,,,1,2,3,1,2
201500041834,0015-12-02 10:30:00,15,12,2,10,30,940,71,PIERRE SEMARD (R),,,Plein jour,En agglomération,Hors intersection,Normale,Autre collision,,,,,,,,,,,1,2,1,1,6
201500041835,0015-12-03 20:45:00,15,12,3,20,45,940,4,AV DU GENERAL LECLERC,48.7608,2.49724,Nuit avec éclairage allumé,En agglomération,Hors intersection,Normale,Deux véhicules - arrière,,,,,,,,,,,5,2,1,1,2
201500041836,0015-12-04 19:40:00,15,12,4,19,40,940,4,"7, CHARLES DE GAULLE (AV",,,Nuit avec éclairage allumé,En agglomération,Hors intersection,Normale,Autre collision,,,,,,,,,,,5,2,1,1,6
201500041837,0015-12-05 11:45:00,15,12,5,11,45,940,44,"FACE 16, GABRIEL PERI (A",,,Plein jour,En agglomération,Hors intersection,Normale,Deux véhicules - arrière,,,,,,,,,,,1,2,1,1,2
201500041838,0015-05-22 18:09:00,15,5,22,18,9,940,71,"19, VLAMINCK (ALL)",,,Plein jour,En agglomération,Hors intersection,Normale,Sans collision,,,,,,,,,,,1,2,1,1,7
201500041839,0015-06-22 18:20:00,15,6,22,18,20,940,4,AV DU GENERAL LECLERC,48.7561,2.50472,Plein jour,Hors agglomération,Hors intersection,Pluie forte,Autre collision,,,,,,,,,,,1,1,1,3,6
201500041840,0015-12-08 20:25:00,15,12,8,20,25,940,75,"16, MANDRES (R DE)",,,Nuit avec éclairage allumé,En agglomération,Hors intersection,Normale,Deux véhicules - côté,,,,,,,,,,,5,2,1,1,3
201500041841,0015-12-09 12:00:00,15,12,9,12,0,940,44,AUVERGNE (R D),,,Plein jour,En agglomération,Intersection en T,Normale,Deux véhicules - frontale,,,,,,,,,,,1,2,3,1,1
201500041842,0015-01-21 17:45:00,15,1,21,17,45,940,44,"22, VERDUN (AV DE)",,,Nuit avec éclairage allumé,En agglomération,Hors intersection,Normale,Autre collision,,,,,,,,,,,5,2,1,1,6