accident_id,datetime,annee,mois,jour,heure,minute,departement,commune_insee,adresse,latitude,longitude,luminosite,agglomeration,intersection,meteo,collision,nb_vehicules,nb_usagers,nb_indemnes,nb_tues,nb_blesses_hosp,nb_blesses_legers,age_cond_1,age_cond_2,veh_type_cond_1,veh_type_cond_2,lum_code,agg_code,int_code,atm_code,col_code
201500041843,0015-02-12 09:30:00,15,2,12,9,30,940,4,"00, TILLEULS (PL DES)",,,Plein jour,En agglomération,Giratoire,Normale,Autre collision,,,,,,,,,,,1,2,6,1,6
201500041844,0015-02-12 18:25:00,15,2,12,18,25,940,4,PL DE LA GARE,48.7529,2.50542,Crépuscule ou aube,En agglomération,Hors intersection,Normale,Autre collision,,,,,,,,,,,2,2,1,1,6
201500041845,0015-02-14 15:17:00,15,2,14,15,17,940,44,"38, ALBERT GARRY (R)",,,Plein jour,En agglomération,Hors intersection,Pluie légère,Deux véhicules - côté,,,,,,,,,,,1,2,1,2,3
201500041846,0015-12-14 09:05:00,15,12,14,9,5,940,4,"03, PARIS (R DE)",,,Nuit avec éclairage allumé,En agglomération,Hors intersection,Normale,Deux véhicules - côté,,,,,,,,,,,5,2,1,1,3
201500041847,0015-02-15 20:10:00,15,2,15,20,10,940,75,"1, TOURNELLE (R DE LA)",,,Nuit avec éclairage allumé,En agglomération,Hors intersection,Normale,Deux véhicules - arrière,,,,,,,,,,,5,2,1,1,2
201500041848,0015-12-15 21:30:00,15,12,15,21,30,940,4,"2, STANISLAS REVILLON (R",,,Nuit avec éclairage allumé,En agglomération,Intersection en X,Pluie légère,Deux véhicules - côté,,,,,,,,,,,5,2,2,2,3
201500041849,0015-12-16 12:25:00,15,12,16,12,25,940,71,"20, MAURICE BERTEAUX (R)",,,Plein jour,En agglomération,Hors intersection,Temps couvert,Autre collision,,,,,,,,,,,1,2,1,8,6
201500041850,0015-12-19 22:10:00,15,12,19,22,10,940,44,DESCARTES (AV),,,Nuit avec éclairage allumé,En agglomération,Intersection en T,Normale,Autre collision,,,,,,,,,,,5,2,3,1,6
201500041851,0015-12-16 17:10:00,15,12,16,17,10,940,71,"39, PARIS (R DE)",,,Nuit avec éclairage allumé,En agglomération,Hors intersection,Normale,Sans collision,,,,,,,,,,,5,2,1,1,7
201500041852,0015-02-19 08:00:00,15,2,19,8,0,940,4,LECLERC/FFI,48.7544,2.506,Plein jour,En agglomération,Intersection en T,Autre,Sans collision,,,,,,,,,,,1,2,3,9,7
201500041853,0015-02-27 09:35:00,15,2,27,9,35,940,70,RTE DE PARIS,48.7204,2.56534,Plein jour,En agglomération,Intersection en T,Normale,Autre collision,,,,,,,,,,,1,2,3,1,6
201500041854,0015-01-03 18:20:00,15,1,3,18,20,940,4,LECLERC/FFI,48.7544,2.506,Crépuscule ou aube,En agglomération,Intersection en T,Pluie légère,Deux véhicules - côté,,,,,,,,,,,2,2,3,2,3
201500041855,0015-03-03 13:45:00,15,3,3,13,45,940,71,BOISSY (R DE),,,Plein jour,En agglomération,Intersection en T,Normale,Deux véhicules - côté,,,,,,,,,,,1,2,3,1,3
201500041856,0015-03-03 18:40:00,15,3,3,18,40,940,4,LECLERC/POMPIDOU,48.7448,2.51175,Nuit avec éclairage allumé,En agglomération,Intersection en X,Temps couvert,Deux véhicules - arrière,,,,,,,,,,,5,2,2,8,2
201500041857,0015-03-06 08:55:00,15,3,6,8,55,940,4,"0, FFI (ALL DES)",,,Plein jour,En agglomération,Hors intersection,Normale,Deux véhicules - arrière,,,,,,,,,,,1,2,1,1,2
201500041858,0015-03-07 14:25:00,15,3,7,14,25,940,44,VALENTON (AV DE),,,Plein jour,En agglomération,Hors intersection,Normale,Deux véhicules - arrière,,,,,,,,,,,1,2,1,1,2
201500041859,0015-08-13 13:45:00,15,8,13,13,45,940,4,AV DU GENERAL LECLERC,48.7532,2.50657,Plein jour,En agglomération,Hors intersection,Temps couvert,Autre collision,,,,,,,,,,,1,2,1,8,6
201500041860,0015-10-03 20:50:00,15,10,3,20,50,940,75,"79,DE LATTRE DE TASSIGNY",48.7301,2.52596,Nuit avec éclairage allumé,En agglomération,Hors intersection,Normale,Deux véhicules - arrière,,,,,,,,,,,5,2,1,1,2
201500041861,0015-11-03 15:05:00,15,11,3,15,5,940,44,"00, VALENTON (AV DE)",,,Plein jour,En agglomération,Hors intersection,Normale,Deux véhicules - côté,,,,,,,,,,,1,2,1,1,3
201500041862,0015-03-14 10:25:00,15,3,14,10,25,940,44,JEAN MONNET (R),,,Plein jour,En agglomération,Intersection en X,Normale,Autre collision,,,,,,,,,,,1,2,2,1,6
201500041863,0015-03-16 08:50:00,15,3,16,8,50,940,4,"6, LEON REVILLON (BD)",,,Plein jour,En agglomération,Autre intersection,Normale,Autre collision,,,,,,,,,,,1,2,9,1,6
201500041864,0015-03-16 16:35:00,15,3,16,16,35,940,44,GABRIEL PERI (AV),,,Plein jour,En agglomération,Hors intersection,Normale,Autre collision,,,,,,,,,,,1,2,1,1,6
201500041865,0015-03-21 06:30:00,15,3,21,6,30,940,71,"00, BONNEUIL (AV DE)",,,Nuit avec éclairage allumé,En agglomération,Intersection en T,Normale,Deux véhicules - côté,,,,,,,,,,,5,2,3,1,3
201500041866,0015-03-23 14:30:00,15,3,23,14,30,940,4,LECLERC/FFI,48.7544,2.506,Plein jour,En agglomération,Intersection en T,Normale,Deux véhicules - frontale,,,,,,,,,,,1,2,3,1,1
201500041867,0015-03-24 19:40:00,15,3,24,19,40,940,44,"1, GABRIEL PERI (AV)",,,Nuit avec éclairage allumé,En agglomération,Hors intersection,Pluie légère,Autre collision,,,,,,,,,,,5,2,1,2,6
201500041868,0015-03-25 20:20:00,15,3,25,20,20,940,44,"36, GABRIEL PERI (AV)",,,Nuit avec éclairage allumé,En agglomération,Hors intersection,Temps couvert,Deux véhicules - côté,,,,,,,,,,,5,2,1,8,3
201500041869,0015-03-27 10:50:00,15,3,27,10,50,940,71,"0, GABRIEL PERI (AV)",,,Plein jour,En agglomération,Intersection en Y,Normale,Deux véhicules - côté,,,,,,,,,,,1,2,4,1,3
201500041870,0015-03-29 04:25:00,15,3,29,4,25,940,71,"31, NOISEAU (R DE)",,,Nuit avec éclairage allumé,En agglomération,Hors intersection,Normale,Autre collision,,,,,,,,,,,5,2,1,1,6
201500041871,0015-04-01 14:40:00,15,4,1,14,40,940,4,"03, CHARLES DE GAULLE (A",,,Plein jour,En agglomération,Hors intersection,Normale,Deux véhicules - côté,,,,,,,,,,,1,2,1,1,3
201500041872,0015-02-24 14:20:00,15,2,24,14,20,940,47,"10, PAUL DOUMER (R)",,,Plein jour,En agglomération,Hors intersection,Normale,Autre collision,,,,,,,,,,,1,2,1,1,6
201500041873,0015-04-03 00:35:00,15,4,3,0,35,940,48,BRUYERES (AV DES),,,Nuit sans éclairage public,Hors agglomération,Hors intersection,Normale,Autre collision,,,,,,,,,,,3,1,1,1,6
201500041874,0015-04-03 18:05:00,15,4,3,18,5,940,75,"35, STATION (R DE LA)",,,Plein jour,En agglomération,Intersection en T,Pluie légère,Deux véhicules - côté,,,,,,,,,,,1,2,3,2,3
201500041875,0015-04-08 21:45:00,15,4,8,21,45,940,71,"39, PARIS (R DE)",,,Nuit avec éclairage allumé,En agglomération,Hors intersection,Normale,Sans collision,,,,,,,,,,,5,2,1,1,7
201500041876,0015-04-10 18:15:00,15,4,10,18,15,940,44,"0, DESCARTES (AV)",,,Plein jour,En agglomération,Hors intersection,Normale,Deux véhicules - côté,,,,,,,,,,,1,2,1,1,3
201500041877,0015-11-04 18:00:00,15,11,4,18,0,940,71,"15, CHARLES DE GAULLE (R",,,Nuit avec éclairage allumé,En agglomération,Hors intersection,Normale,Autre collision,,,,,,,,,,,5,2,1,1,6
201500041878,0015-04-12 08:40:00,15,4,12,8,40,940,4,"39, LOUIS WALLE (AV)",,,Plein jour,En agglomération,Hors intersection,Brouillard / fumée,Autre collision,,,,,,,,,,,1,2,1,5,6
201500041879,0015-04-13 12:45:00,15,4,13,12,45,940,4,GEORGES BRASSENS (AV),,,Plein jour,En agglomération,Intersection en T,Normale,Deux véhicules - côté,,,,,,,,,,,1,2,3,1,3
201500041880,0015-04-14 04:40:00,15,4,14,4,40,940,75,TASSIGNY/DAGORNO,48.7275,2.53101,Nuit avec éclairage allumé,En agglomération,Intersection en T,Normale,Deux véhicules - frontale,,,,,,,,,,,5,2,3,1,1
201500041881,0015-04-18 16:30:00,15,4,18,16,30,940,71,CHARLES DE GAULLE (R),,,Plein jour,En agglomération,Giratoire,Normale,Autre collision,,,,,,,,,,,1,2,6,1,6
201500041882,0015-04-20 10:10:00,15,4,20,10,10,940,71,"39, PARIS (R DE)",,,Plein jour,En agglomération,Hors intersection,Normale,Deux véhicules - côté,,,,,,,,,,,1,2,1,1,3
201500041883,0015-04-26 17:46:00,15,4,26,17,46,940,71,ALBERT SARRAULT (AV),,,Plein jour,Hors agglomération,Hors intersection,Temps couvert,Deux véhicules - côté,,,,,,,,,,,1,1,1,8,3
201500041884,0015-04-26 21:00:00,15,4,26,21,0,940,4,FFI (ALL DES),,,Plein jour,Hors agglomération,Hors intersection,Pluie légère,Autre collision,,,,,,,,,,,1,1,1,2,6
201500041885,0015-04-26 04:25:00,15,4,26,4,25,940,71,"84, BOISSY (R DE)",,,Nuit avec éclairage allumé,En agglomération,Hors intersection,Normale,Autre collision,,,,,,,,,,,5,2,1,1,6
201500041886,0015-04-30 15:50:00,15,4,30,15,50,940,47,PAUL DOUMER (R),,,Plein jour,En agglomération,Autre intersection,Pluie forte,Sans collision,,,,,,,,,,,1,2,9,3,7
201500041887,0015-05-03 14:20:00,15,5,3,14,20,940,75,GRANGE (RTE DE LA),,,Plein jour,En agglomération,Intersection en Y,Pluie légère,Deux véhicules - arrière,,,,,,,,,,,1,2,4,2,2
201500041888,0015-05-05 17:30:00,15,5,5,17,30,940,75,"27, CERCAY (R DE)",,,Plein jour,En agglomération,Passage à niveau,Normale,Autre collision,,,,,,,,,,,1,2,8,1,6
201500041889,0015-05-10 02:27:00,15,5,10,2,27,940,75,"67bis, ETOILE (R DE L)",,,Nuit avec éclairage allumé,En agglomération,Intersection en Y,Normale,Sans collision,,,,,,,,,,,5,2,4,1,7
201500041890,0015-11-25 08:20:00,15,11,25,8,20,940,4,AV DU GENERAL LECLERC,48.7525,2.50659,Plein jour,Hors agglomération,Hors intersection,Temps couvert,Deux véhicules - arrière,,,,,,,,,,,1,1,1,8,2
201500041891,0015-05-12 08:50:00,15,5,12,8,50,940,71,MAROLLES (R DE),,,Plein jour,En agglomération,Intersection en T,Normale,Deux véhicules - arrière,,,,,,,,,,,1,2,3,1,2
201500041892,0015-05-12 19:05:00,15,5,12,19,5,940,71,"15, LUDOVIC HALEVY (R)",,,Plein jour,En agglomération,Hors intersection,Normale,Autre collision,,,,,,,,,,,1,2,1,1,6
201500041893,0015-05-17 16:40:00,15,5,17,16,40,940,75,TASSIGNY/,48.7275,2.53101,Plein jour,En agglomération,Intersection en T,Normale,Sans collision,,,,,,,,,,,1,2,3,1,7
201500041894,0015-05-19 08:25:00,15,5,19,8,25,940,47,FRANCOIS COPPEE (R),,,Plein jour,En agglomération,Hors intersection,Normale,Autre collision,,,,,,,,,,,1,2,1,1,6
201500041895,0015-05-19 21:40:00,15,5,19,21,40,940,71,"19, GENERAL LECLERC (R D",,,Crépuscule ou aube,En agglomération,Intersection en T,Pluie légère,Deux véhicules - frontale,,,,,,,,,,,2,2,3,2,1
201500041896,0015-05-24 21:58:00,15,5,24,21,58,940,56,R DE BRIE,,,Nuit avec éclairage allumé,En agglomération,Hors intersection,Normale,Deux véhicules - côté,,,,,,,,,,,5,2,1,1,3
201500041897,0015-05-27 09:00:00,15,5,27,9,0,940,4,LECLERC/REVILLON,48.7448,2.51175,Plein jour,Hors agglomération,Intersection en X,Normale,Deux véhicules - côté,,,,,,,,,,,1,1,2,1,3
201500041898,0015-05-28 13:10:00,15,5,28,13,10,940,4,"4bis, PARIS (R DE)",,,Plein jour,En agglomération,Hors intersection,Normale,Deux véhicules - frontale,,,,,,,,,,,1,2,1,1,1
201500041899,0015-05-29 17:30:00,15,5,29,17,30,940,75,"64, LIEUTENANT DAGORNO (",,,Plein jour,En agglomération,Intersection en T,Normale,Autre collision,,,,,,,,,,,1,2,3,1,6
201500041900,0015-05-31 17:10:00,15,5,31,17,10,940,4,"27, HENRI LEGROS (R)",,,Plein jour,En agglomération,Hors intersection,Pluie légère,Sans collision,,,,,,,,,,,1,2,1,2,7
201500041901,0015-06-01 14:36:00,15,6,1,14,36,940,75,"9, DE LATTRE DE TASSIGNY",48.7274,2.53524,Plein jour,En agglomération,Hors intersection,Normale,Deux véhicules - arrière,,,,,,,,,,,1,2,1,1,2
201500041902,0015-02-06 18:00:00,15,2,6,18,0,940,75,"2, JUBENNES (R DES)",,,Nuit avec éclairage allumé,En agglomération,Hors intersection,Normale,Autre collision,,,,,,,,,,,5,2,1,1,6
201500041903,0015-06-04 09:15:00,15,6,4,9,15,940,4,FFI (ALL DES),,,Plein jour,En agglomération,Hors intersection,Normale,Autre collision,,,,,,,,,,,1,2,1,1,6
201500041904,0015-06-04 18:20:00,15,6,4,18,20,940,75,"5, JEAN MOULIN (R)",,,Plein jour,En agglomération,Hors intersection,Normale,Deux véhicules - frontale,,,,,,,,,,,1,2,1,1,1
201500041905,0015-06-05 08:30:00,15,6,5,8,30,940,44,"13, GABRIEL PERI (AV)",,,Plein jour,En agglomération,Hors intersection,Normale,Deux véhicules - côté,,,,,,,,,,,1,2,1,1,3
201500041906,0015-06-08 13:36:00,15,6,8,13,36,940,44,DIVISION LECLERC (AV DE,,,Plein jour,En agglomération,Hors intersection,Normale,Deux véhicules - côté,,,,,,,,,,,1,2,1,1,3
201500041907,0015-09-26 15:05:00,15,9,26,15,5,940,75,TASSIGNY/TASSIGNY,48.7275,2.53101,Plein jour,En agglomération,Intersection en T,Normale,Deux véhicules - côté,,,,,,,,,,,1,2,3,1,3
201500041908,0015-10-16 08:20:00,15,10,16,8,20,940,75,"., YERRES (R D)",,,Plein jour,En agglomération,Intersection en T,Pluie légère,Deux véhicules - côté,,,,,,,,,,,1,2,3,2,3
201500041909,0015-06-10 16:10:00,15,6,10,16,10,940,4,LECLERC/CHIROL,48.7516,2.50682,Plein jour,En agglomération,Intersection en T,Normale,Deux véhicules - côté,,,,,,,,,,,1,2,3,1,3
201500041910,0015-11-25 12:45:00,15,11,25,12,45,940,44,"18, LOUISE CHENU (R)",,,Plein jour,En agglomération,Hors intersection,Temps couvert,Autre collision,,,,,,,,,,,1,2,1,8,6
201500041911,0015-06-21 13:50:00,15,6,21,13,50,940,4,"14, CHARLES DE GAULLE (A",,,Plein jour,En agglomération,Hors intersection,Normale,Autre collision,,,,,,,,,,,1,2,1,1,6
201500041912,0015-06-16 19:35:00,15,6,16,19,35,940,44,DESCARTES (AV),,,Plein jour,En agglomération,Hors intersection,Autre,Deux véhicules - côté,,,,,,,,,,,1,2,1,9,3
201500041913,0015-06-17 11:25:00,15,6,17,11,25,940,56,BRIE COMTE ROBERT (RTE D,,,Plein jour,En agglomération,Hors intersection,Normale,Autre collision,,,,,,,,,,,1,2,1,1,6
201500041914,0015-06-23 19:20:00,15,6,23,19,20,940,44,JEAN MONNET (R),,,Plein jour,En agglomération,Hors intersection,Normale,Autre collision,,,,,,,,,,,1,2,1,1,6
201500041915,0015-06-25 19:10:00,15,6,25,19,10,940,44,"16, ROGER SALENGRO (R)",,,Plein jour,En agglomération,Hors intersection,Temps éblouissant,Autre collision,,,,,,,,,,,1,2,1,7,6
201500041916,0015-06-28 02:15:00,15,6,28,2,15,940,48,UZELLES (AV DES),,,Nuit avec éclairage non allumé,En agglomération,Hors intersection,Normale,Autre collision,,,,,,,,,,,4,2,1,1,6
201500041917,0015-03-07 10:20:00,15,3,7,10,20,940,71,PARIS (R DE),,,Plein jour,En agglomération,Hors intersection,Normale,Autre collision,,,,,,,,,,,1,2,1,1,6
201500041918,0015-05-27 16:15:00,15,5,27,16,15,940,44,VALENTON (AV DE),,,Plein jour,En agglomération,Hors intersection,Normale,Autre collision,,,,,,,,,,,1,2,1,1,6
201500041919,0015-07-07 13:45:00,15,7,7,13,45,940,44,AV DU GENERAL LECLERC,48.7459,2.51086,Plein jour,En agglomération,Hors intersection,Temps couvert,Trois véhicules et plus - collisions multiples,,,,,,,,,,,1,2,1,8,5
201500041920,0015-03-10 17:25:00,15,3,10,17,25,940,44,VALENTON (AV DE),,,Plein jour,En agglomération,Giratoire,Normale,Sans collision,,,,,,,,,,,1,2,6,1,7
201500041921,0015-07-10 07:20:00,15,7,10,7,20,940,4,VALENTON/PROCESSION,,,Plein jour,En agglomération,Intersection en T,Temps couvert,Deux véhicules - arrière,,,,,,,,,,,1,2,3,8,2
201500041922,0015-07-14 20:55:00,15,7,14,20,55,940,71,PIPLE (AV DU),,,Plein jour,En agglomération,Hors intersection,Normale,Deux véhicules - arrière,,,,,,,,,,,1,2,1,1,2
201500041923,0015-07-16 12:19:00,15,7,16,12,19,940,71,"103, BOISSY (R DE)",,,Plein jour,En agglomération,Intersection en T,Temps éblouissant,Deux véhicules - côté,,,,,,,,,,,1,2,3,7,3
201500041924,0015-07-19 15:55:00,15,7,19,15,55,940,71,"75, GENERAL LECLERC (R D",,,Plein jour,En agglomération,Intersection en T,Normale,Trois véhicules et plus - en chaîne,,,,,,,,,,,1,2,3,1,4
201500041925,0015-07-20 08:45:00,15,7,20,8,45,940,75,"., GRANGE (RTE DE LA)",,,Plein jour,En agglomération,Intersection en T,Temps couvert,Trois véhicules et plus - en chaîne,,,,,,,,,,,1,2,3,8,4
201500041926,0015-07-21 20:15:00,15,7,21,20,15,940,71,"00, LESIGNY (RTE DE)",,,Plein jour,En agglomération,Giratoire,Normale,Deux véhicules - frontale,,,,,,,,,,,1,2,6,1,1
201500041927,0015-07-24 21:10:00,15,7,24,21,10,940,47,"117, VERDUN (R DE)",,,Crépuscule ou aube,En agglomération,Hors intersection,Normale,Deux véhicules - arrière,,,,,,,,,,,2,2,1,1,2
201500041928,0015-08-02 15:15:00,15,8,2,15,15,940,71,BOISSY (R DE),,,Plein jour,En agglomération,Intersection en T,Normale,Deux véhicules - côté,,,,,,,,,,,1,2,3,1,3
201500041929,0015-08-03 15:40:00,15,8,3,15,40,940,71,"78bis, GENERAL LECLERC (",,,Plein jour,En agglomération,Hors intersection,Temps éblouissant,Deux véhicules - côté,,,,,,,,,,,1,2,1,7,3
201500041930,0015-08-07 12:35:00,15,8,7,12,35,940,4,SUCY (R DE),,,Plein jour,En agglomération,Giratoire,Normale,Deux véhicules - frontale,,,,,,,,,,,1,2,6,1,1
201500041931,0015-08-07 18:00:00,15,8,7,18,0,940,4,AV DU GENERAL LECLERC,48.7503,2.5077,Plein jour,En agglomération,Hors intersection,Temps couvert,Trois véhicules et plus - collisions multiples,,,,,,,,,,,1,2,1,8,5
201500041932,0015-08-28 11:00:00,15,8,28,11,0,940,71,"02, BONNEUIL (AV DE)",,,Plein jour,En agglomération,Hors intersection,Normale,Autre collision,,,,,,,,,,,1,2,1,1,6
201500041933,0015-08-11 16:30:00,15,8,11,16,30,940,71,"5, GARE (PL DE LA)",,,Plein jour,En agglomération,Hors intersection,Normale,Autre collision,,,,,,,,,,,1,2,1,1,6
201500041934,0015-08-12 06:30:00,15,8,12,6,30,940,44,EUGENE VARLIN (R),,,Plein jour,En agglomération,Hors intersection,Normale,Trois véhicules et plus - en chaîne,,,,,,,,,,,1,2,1,1,4
201500041935,0015-08-13 19:15:00,15,8,13,19,15,940,4,FFI (ALL DES),,,Plein jour,Hors agglomération,Hors intersection,Pluie légère,Autre collision,,,,,,,,,,,1,1,1,2,6
201500041936,0015-08-26 18:05:00,15,8,26,18,5,940,71,MARAIS (CHE DES),,,Plein jour,En agglomération,Intersection en T,Temps couvert,Deux véhicules - arrière,,,,,,,,,,,1,2,3,8,2
201500041937,0015-08-26 19:50:00,15,8,26,19,50,940,71,MAURICE BERTEAUX (R),,,Plein jour,En agglomération,Intersection en T,Temps couvert,Deux véhicules - côté,,,,,,,,,,,1,2,3,8,3
201500041938,0015-11-21 04:55:00,15,11,21,4,55,940,4,CHARLES DE GAULLE (AV),,,Nuit avec éclairage allumé,En agglomération,Hors intersection,Pluie légère,Sans collision,,,,,,,,,,,5,2,1,2,7
201500041939,0015-12-17 11:00:00,15,12,17,11,0,940,4,"24, AV DU GENERAL LECLER",48.7505,2.50761,Plein jour,En agglomération,Hors intersection,Normale,Autre collision,,,,,,,,,,,1,2,1,1,6
201500041940,0015-01-19 15:30:00,15,1,19,15,30,940,4,PL DES TILLEULS,,,Plein jour,En agglomération,Hors intersection,Normale,Autre collision,,,,,,,,,,,1,2,1,1,6
201500041941,0015-09-01 16:30:00,15,9,1,16,30,940,44,"2, DEUX CLOCHERS (AV DES",,,Plein jour,En agglomération,Hors intersection,Normale,Autre collision,,,,,,,,,,,1,2,1,1,6
201500041942,0015-09-02 08:50:00,15,9,2,8,50,940,71,VERT (CHE),,,Plein jour,En agglomération,Hors intersection,Normale,Trois véhicules et plus - collisions multiples,,,,,,,,,,,1,2,1,1,5
201500041943,0015-09-10 15:00:00,15,9,10,15,0,940,4,AV DU GENERAL LECLERC,48.758,2.50366,Plein jour,En agglomération,Hors intersection,Normale,Deux véhicules - arrière,,,,,,,,,,,1,2,1,1,2
201500041944,0015-09-12 20:25:00,15,9,12,20,25,940,75,"12, MANDRES (R DE)",,,Nuit avec éclairage allumé,En agglomération,Hors intersection,Pluie légère,Autre collision,,,,,,,,,,,5,2,1,2,6
201500041945,0015-12-09 15:40:00,15,12,9,15,40,940,75,GENERAL LECLERC (R DU),,,Plein jour,En agglomération,Hors intersection,Normale,Trois véhicules et plus - collisions multiples,,,,,,,,,,,1,2,1,1,5
201500041946,0015-09-16 12:45:00,15,9,16,12,45,940,75,TASSIGNY/GRANGE,48.7344,2.52044,Plein jour,En agglomération,Intersection en T,Pluie forte,Deux véhicules - arrière,,,,,,,,,,,1,2,3,3,2
201500041947,0015-09-17 14:53:00,15,9,17,14,53,940,4,LECLERC/DE GAULLE,48.7551,2.50528,Plein jour,En agglomération,Intersection en T,Normale,Deux véhicules - côté,,,,,,,,,,,1,2,3,1,3
201500041948,0015-09-18 16:30:00,15,9,18,16,30,940,71,"., GRAND VAL (R DU)",,,Plein jour,En agglomération,Hors intersection,Pluie forte,Autre collision,,,,,,,,,,,1,2,1,3,6
201500041949,0015-09-19 16:00:00,15,9,19,16,0,940,71,ROOSEVELT/LIBERTE,,,Plein jour,En agglomération,Intersection en X,Normale,Deux véhicules - côté,,,,,,,,,,,1,2,2,1,3
201500041950,0015-09-22 09:48:00,15,9,22,9,48,940,75,"., GARENNE (R DE LA)",,,Plein jour,En agglomération,Intersection en X,Pluie légère,Deux véhicules - côté,,,,,,,,,,,1,2,2,2,3
201500041951,0015-09-22 18:10:00,15,9,22,18,10,940,4,AV DU GENERAL LECLERC,48.7531,2.50657,Plein jour,En agglomération,Hors intersection,Temps couvert,Autre collision,,,,,,,,,,,1,2,1,8,6
201500041952,0015-09-26 10:50:00,15,9,26,10,50,940,44,"63, VALENTON (AV DE)",,,Plein jour,En agglomération,Hors intersection,Normale,Autre collision,,,,,,,,,,,1,2,1,1,6
201500041953,0015-09-27 14:20:00,15,9,27,14,20,940,4,"00, 8 MAI 1945 (AV DU)",,,Plein jour,En agglomération,Intersection en T,Normale,Deux véhicules - côté,,,,,,,,,,,1,2,3,1,3
201500041954,0015-09-28 16:05:00,15,9,28,16,5,940,44,"8 bis, VERDUN (AV DE)",,,Plein jour,En agglomération,Hors intersection,Normale,Deux véhicules - côté,,,,,,,,,,,1,2,1,1,3
201500041955,0015-09-30 00:45:00,15,9,30,0,45,940,47,"109, VERDUN (R DE)",,,Nuit avec éclairage allumé,En agglomération,Hors intersection,Normale,Autre collision,,,,,,,,,,,5,2,1,1,6
201500041956,0015-09-30 12:10:00,15,9,30,12,10,940,75,TASSIGNY/GRANGE,48.7344,2.52044,Plein jour,En agglomération,Intersection en T,Normale,Deux véhicules - arrière,,,,,,,,,,,1,2,3,1,2
201500041957,0015-01-02 19:20:00,15,1,2,19,20,940,17,PLESSIS TREVISE (R DU),,,Nuit avec éclairage non allumé,En agglomération,Intersection en X,Normale,Deux véhicules - côté,,,,,,,,,,,4,2,2,1,3
201500041958,0015-01-09 08:55:00,15,1,9,8,55,940,17,BUISSON (CHE DU),,,Plein jour,En agglomération,Intersection en T,Pluie légère,Deux véhicules - frontale,,,,,,,,,,,1,2,3,2,1
201500041959,0015-01-09 17:15:00,15,1,9,17,15,940,17,ALEXANDRE FOURNY (R),,,Plein jour,En agglomération,Hors intersection,Normale,Deux véhicules - frontale,,,,,,,,,,,1,2,1,1,1
201500041960,0015-01-11 15:20:00,15,1,11,15,20,940,17,PAUL LAFARGUE (AV),,,Plein jour,En agglomération,Hors intersection,Normale,Deux véhicules - frontale,,,,,,,,,,,1,2,1,1,1
201500041961,0015-01-11 19:00:00,15,1,11,19,0,940,17,"79, GENERAL DE GAULLE (A",,,Nuit avec éclairage non allumé,En agglomération,Hors intersection,Normale,Deux véhicules - côté,,,,,,,,,,,4,2,1,1,3
201500041962,0015-01-14 13:25:00,15,1,14,13,25,940,17,"52-54, MUSSELBURGH (R DE",,,Plein jour,En agglomération,Hors intersection,Pluie légère,Deux véhicules - frontale,,,,,,,,,,,1,2,1,2,1
201500041963,0015-01-17 11:50:00,15,1,17,11,50,940,17,GENERAL DE GAULLE (AV DU,,,Plein jour,En agglomération,Intersection en X,Normale,Sans collision,,,,,,,,,,,1,2,2,1,7
201500041964,0015-01-20 14:00:00,15,1,20,14,0,940,17,"104, REPUBLIQUE (AV DE L",,,Plein jour,En agglomération,Hors intersection,Normale,Deux véhicules - arrière,,,,,,,,,,,1,2,1,1,2
201500041965,0015-01-21 22:45:00,15,1,21,22,45,940,17,"11, GENERAL DE GAULLE (A",,,Nuit avec éclairage allumé,En agglomération,Hors intersection,Normale,Deux véhicules - côté,,,,,,,,,,,5,2,1,1,3
201500041966,0015-01-22 07:15:00,15,1,22,7,15,940,17,MAURICE THOREZ (AV),,,Crépuscule ou aube,En agglomération,Intersection en X,Normale,Deux véhicules - côté,,,,,,,,,,,2,2,2,1,3
201500041967,0015-01-26 14:00:00,15,1,26,14,0,940,17,"236, MAURICE THOREZ (AV)",,,Plein jour,En agglomération,Intersection en T,Normale,Deux véhicules - frontale,,,,,,,,,,,1,2,3,1,1
201500041968,0015-01-27 09:15:00,15,1,27,9,15,940,17,LOUIS TALAMONI (R),,,Plein jour,En agglomération,Hors intersection,Normale,Autre collision,,,,,,,,,,,1,2,1,1,6
201500041969,0015-01-29 09:35:00,15,1,29,9,35,940,17,"12, ALBERT THOMAS - PONT",,,Plein jour,En agglomération,Hors intersection,Normale,Autre collision,,,,,,,,,,,1,2,1,1,6
201500041970,0015-01-31 09:30:00,15,1,31,9,30,940,17,STALINGRAD (BD DE),,,Plein jour,En agglomération,Hors intersection,Normale,Autre collision,,,,,,,,,,,1,2,1,1,6
201500041971,0015-02-01 15:45:00,15,2,1,15,45,940,17,"1, ROGER SALENGRO (AV)",,,Plein jour,En agglomération,Intersection en X,Normale,Deux véhicules - côté,,,,,,,,,,,1,2,2,1,3
201500041972,0015-02-02 07:50:00,15,2,2,7,50,940,17,ALEXANDRE FOURNY (R),,,Nuit avec éclairage allumé,En agglomération,Intersection en X,Neige / grêle,Autre collision,,,,,,,,,,,5,2,2,4,6
201500041973,0015-02-02 08:13:00,15,2,2,8,13,940,17,BOILEAU (AV),,,Crépuscule ou aube,En agglomération,Hors intersection,Normale,Autre collision,,,,,,,,,,,2,2,1,1,6
201500041974,0015-02-02 12:25:00,15,2,2,12,25,940,17,"010, JULIETTE DE WILLS (",,,Plein jour,En agglomération,Hors intersection,Normale,Deux véhicules - côté,,,,,,,,,,,1,2,1,1,3
201500041975,0015-02-03 08:20:00,15,2,3,8,20,940,17,MARX DORMOY (AV),,,Plein jour,En agglomération,Intersection en T,Normale,Autre collision,,,,,,,,,,,1,2,3,1,6