accident_id,datetime,annee,mois,jour,heure,minute,departement,commune_insee,adresse,latitude,longitude,luminosite,agglomeration,intersection,meteo,collision,nb_vehicules,nb_usagers,nb_indemnes,nb_tues,nb_blesses_hosp,nb_blesses_legers,age_cond_1,age_cond_2,veh_type_cond_1,veh_type_cond_2,lum_code,agg_code,int_code,atm_code,col_code
201500042108,0015-05-21 19:45:00,15,5,21,19,45,940,18,CARRIERES (QU DES),,,Plein jour,En agglomération,Hors intersection,Normale,Deux véhicules - frontale,,,,,,,,,,,1,2,1,1,1
201500042109,0015-06-11 13:30:00,15,6,11,13,30,940,18,"89, PARIS (R DE)",,,Plein jour,En agglomération,Hors intersection,Normale,Deux véhicules - côté,,,,,,,,,,,1,2,1,1,3
201500042110,0015-06-11 20:25:00,15,6,11,20,25,940,18,BERCY (QU DE),,,Plein jour,En agglomération,Intersection en T,Normale,Deux véhicules - côté,,,,,,,,,,,1,2,3,1,3
201500042111,0015-06-12 18:50:00,15,6,12,18,50,940,18,"7, REPUBLIQUE (R DE LA)",,,Plein jour,En agglomération,Autre intersection,Normale,Autre collision,,,,,,,,,,,1,2,9,1,6
201500042112,0015-06-15 18:15:00,15,6,15,18,15,940,69,BIR HAKEIM (QU DE),,,Plein jour,Hors agglomération,Hors intersection,Normale,Autre collision,,,,,,,,,,,1,1,1,1,6
201500042113,0015-06-16 13:45:00,15,6,16,13,45,940,18,PAUL ELUARD/BORDEAUX,,,Plein jour,En agglomération,Intersection en X,Normale,Autre collision,,,,,,,,,,,1,2,2,1,6
201500042114,0015-06-18 08:30:00,15,6,18,8,30,940,69,"113, GRAVELLE (AV DE)",,,Plein jour,En agglomération,Hors intersection,Pluie légère,Autre collision,,,,,,,,,,,1,2,1,2,6
201500042115,0015-06-28 02:05:00,15,6,28,2,5,940,18,ARTHUR CROQUETTE (R),,,Nuit sans éclairage public,En agglomération,Hors intersection,Normale,Sans collision,,,,,,,,,,,3,2,1,1,7
201500042116,0015-08-19 09:05:00,15,8,19,9,5,940,18,"3, ARCADE (R DE L)",,,Plein jour,En agglomération,Hors intersection,Normale,Autre collision,,,,,,,,,,,1,2,1,1,6
201500042117,0015-08-22 22:30:00,15,8,22,22,30,940,18,"26, CARRIERES (QU DES)",,,Nuit avec éclairage allumé,En agglomération,Passage à niveau,Normale,Sans collision,,,,,,,,,,,5,2,8,1,7
201500042118,0015-08-23 23:45:00,15,8,23,23,45,940,18,"21, GRAVELLE (AV DE)",,,Nuit avec éclairage allumé,En agglomération,Hors intersection,Normale,Autre collision,,,,,,,,,,,5,2,1,1,6
201500042119,0015-09-12 13:30:00,15,9,12,13,30,940,18,ARTHUR CROQUETTE (R),,,Plein jour,En agglomération,Hors intersection,Pluie forte,Autre collision,,,,,,,,,,,1,2,1,3,6
201500042120,0015-09-18 13:10:00,15,9,18,13,10,940,18,"40, CARRIERES (QU DES)",,,Plein jour,En agglomération,Hors intersection,Normale,Deux véhicules - arrière,,,,,,,,,,,1,2,1,1,2
201500042121,0015-09-23 09:40:00,15,9,23,9,40,940,69,"34 bis, MARECHAL LECLERC",,,Plein jour,En agglomération,Hors intersection,Normale,Deux véhicules - arrière,,,,,,,,,,,1,2,1,1,2
201500042122,0015-09-27 16:35:00,15,9,27,16,35,940,18,"72/76, CARRIERES (QU DES",,,Plein jour,En agglomération,Hors intersection,Normale,Autre collision,,,,,,,,,,,1,2,1,1,6
201500042123,0015-10-08 20:33:00,15,10,8,20,33,940,69,"162bis, MARECHAL LECLERC",,,Nuit avec éclairage allumé,En agglomération,Hors intersection,Normale,Deux véhicules - côté,,,,,,,,,,,5,2,1,1,3
201500042124,0015-10-13 14:05:00,15,10,13,14,5,940,18,LIBERTE (AV DE LA),,,Plein jour,En agglomération,Intersection en T,Normale,Trois véhicules et plus - collisions multiples,,,,,,,,,,,1,2,3,1,5
201500042125,0015-10-15 08:55:00,15,10,15,8,55,940,69,REPUBLIQUE (QU DE LA),,,Plein jour,En agglomération,Hors intersection,Pluie légère,Deux véhicules - côté,,,,,,,,,,,1,2,1,2,3
201500042126,0015-10-19 09:25:00,15,10,19,9,25,940,18,"7, BERCY (QU DE)",,,Plein jour,En agglomération,Hors intersection,Normale,Deux véhicules - arrière,,,,,,,,,,,1,2,1,1,2
201500042127,0015-10-25 17:55:00,15,10,25,17,55,940,18,"116, PARIS (R DE)",,,Nuit avec éclairage allumé,En agglomération,Hors intersection,Normale,Deux véhicules - côté,,,,,,,,,,,5,2,1,1,3
201500042128,0015-10-26 16:30:00,15,10,26,16,30,940,18,ALFRED SAVOURE (R),,,Plein jour,En agglomération,Hors intersection,Normale,Autre collision,,,,,,,,,,,1,2,1,1,6
201500042129,0015-10-27 10:00:00,15,10,27,10,0,940,18,"7, BERCY (QU DE)",,,Plein jour,En agglomération,Autre intersection,Normale,Deux véhicules - côté,,,,,,,,,,,1,2,9,1,3
201500042130,0015-10-28 19:15:00,15,10,28,19,15,940,69,"57, MARECHAL LECLERC (R",,,Nuit avec éclairage allumé,En agglomération,Hors intersection,Autre,Autre collision,,,,,,,,,,,5,2,1,9,6
201500042131,0015-11-05 08:25:00,15,11,5,8,25,940,18,BERCY - PTE DE BERCY (QU,,,Plein jour,En agglomération,Intersection en T,Normale,Deux véhicules - côté,,,,,,,,,,,1,2,3,1,3
201500042132,0015-11-09 11:10:00,15,11,9,11,10,940,18,VICTOR HUGO (R),,,Plein jour,En agglomération,Intersection en T,Normale,Deux véhicules - côté,,,,,,,,,,,1,2,3,1,3
201500042133,0015-11-12 18:20:00,15,11,12,18,20,940,18,"2-4, GENERAL DE GAULLE (",,,Nuit avec éclairage allumé,En agglomération,Hors intersection,Normale,Autre collision,,,,,,,,,,,5,2,1,1,6
201500042134,0015-11-15 12:45:00,15,11,15,12,45,940,18,"18, RESERVOIRS (R DES)",,,Plein jour,En agglomération,Hors intersection,Normale,Autre collision,,,,,,,,,,,1,2,1,1,6
201500042135,0015-11-20 18:30:00,15,11,20,18,30,940,18,ARTHUR CROQUETTE (R),,,Nuit avec éclairage allumé,En agglomération,Hors intersection,Temps couvert,Sans collision,,,,,,,,,,,5,2,1,8,7
201500042136,0015-11-20 20:50:00,15,11,20,20,50,940,18,CARRIERES (QU DES),,,Nuit avec éclairage allumé,En agglomération,Intersection en T,Temps couvert,Deux véhicules - côté,,,,,,,,,,,5,2,3,8,3
201500042137,0015-11-26 14:15:00,15,11,26,14,15,940,69,"1, PAUL VERLAINE (R)",,,Plein jour,En agglomération,Hors intersection,Normale,Autre collision,,,,,,,,,,,1,2,1,1,6
201500042138,0015-12-03 18:50:00,15,12,3,18,50,940,69,"09, SAINT MAURICE DU VAL",,,Nuit avec éclairage allumé,En agglomération,Hors intersection,Normale,Deux véhicules - côté,,,,,,,,,,,5,2,1,1,3
201500042139,0015-12-08 17:20:00,15,12,8,17,20,940,18,WINSTON CHURCHILL (AV),,,Crépuscule ou aube,En agglomération,Intersection en T,Pluie légère,Autre collision,,,,,,,,,,,2,2,3,2,6
201500042140,0015-01-10 18:40:00,15,1,10,18,40,940,19,PLESSIS (RTE DU),,,Nuit avec éclairage allumé,En agglomération,Intersection en X,Pluie légère,Autre collision,,,,,,,,,,,5,2,2,2,6
201500042141,0015-01-24 13:55:00,15,1,24,13,55,940,79,"07, MULHOUSE (BD DE)",,,Plein jour,En agglomération,Hors intersection,Normale,Autre collision,,,,,,,,,,,1,2,1,1,6
201500042142,0015-01-27 08:10:00,15,1,27,8,10,940,55,"61, PINCE VENT/",48.7909,2.55247,Crépuscule ou aube,En agglomération,Intersection en Y,Normale,Autre collision,,,,,,,,,,,2,2,4,1,6
201500042143,0015-01-27 20:20:00,15,1,27,20,20,940,59,MAURICE BERTEAUX (AV),,,Nuit sans éclairage public,En agglomération,Hors intersection,Normale,Autre collision,,,,,,,,,,,3,2,1,1,6
201500042144,0015-01-30 17:20:00,15,1,30,17,20,940,59,MAURICE BERTEAUX (AV),,,Crépuscule ou aube,En agglomération,Intersection en T,Pluie légère,Deux véhicules - arrière,,,,,,,,,,,2,2,3,2,2
201500042145,0015-02-06 23:00:00,15,2,6,23,0,940,19,"45, PONT (R DU)",,,Nuit avec éclairage allumé,En agglomération,Hors intersection,Normale,Autre collision,,,,,,,,,,,5,2,1,1,6
201500042146,0015-02-09 20:00:00,15,2,9,20,0,940,59,"100, Andre Rouy (AV)",,,Nuit avec éclairage allumé,En agglomération,Hors intersection,Temps couvert,Deux véhicules - frontale,,,,,,,,,,,5,2,1,8,1
201500042147,0015-02-11 08:00:00,15,2,11,8,0,940,59,GENERAL DE GAULLE (AV DU,,,Plein jour,En agglomération,Intersection en X,Normale,Autre collision,,,,,,,,,,,1,2,2,1,6
201500042148,0015-02-19 09:40:00,15,2,19,9,40,940,59,GONZALVE (AV),,,Plein jour,En agglomération,Hors intersection,Normale,Deux véhicules - arrière,,,,,,,,,,,1,2,1,1,2
201500042149,0015-02-22 13:50:00,15,2,22,13,50,940,19,ARISTIDE BRIAND (R),,,Plein jour,En agglomération,Intersection en T,Normale,Deux véhicules - frontale,,,,,,,,,,,1,2,3,1,1
201500042150,0015-02-25 19:45:00,15,2,25,19,45,940,59,Andre Rouy (AV),,,Nuit avec éclairage non allumé,En agglomération,Giratoire,Normale,Autre collision,,,,,,,,,,,4,2,6,1,6
201500042151,0015-03-16 13:00:00,15,3,16,13,0,940,79,JEAN MONNET (BD),,,Plein jour,En agglomération,Giratoire,Normale,Autre collision,,,,,,,,,,,1,2,6,1,6
201500042152,0015-03-22 06:10:00,15,3,22,6,10,940,19,LIBERATION (RTE DE LA),,,Crépuscule ou aube,En agglomération,Intersection en X,Normale,Deux véhicules - arrière,,,,,,,,,,,2,2,2,1,2
201500042153,0015-03-24 09:55:00,15,3,24,9,55,940,19,LIBERATION (RTE DE LA),,,Plein jour,En agglomération,Intersection en X,Normale,Deux véhicules - côté,,,,,,,,,,,1,2,2,1,3
201500042154,0015-03-24 15:30:00,15,3,24,15,30,940,19,D'AMBOILE (R),,,Plein jour,En agglomération,Intersection en T,Pluie forte,Deux véhicules - côté,,,,,,,,,,,1,2,3,3,3
201500042155,0015-03-28 11:30:00,15,3,28,11,30,940,79,GENERAL DE GAULLE (R DU),,,Plein jour,En agglomération,Intersection en T,Pluie légère,Autre collision,,,,,,,,,,,1,2,3,2,6
201500042156,0015-03-31 17:20:00,15,3,31,17,20,940,79,JEAN MONNET (BD),,,Plein jour,En agglomération,Hors intersection,Normale,Sans collision,,,,,,,,,,,1,2,1,1,7
201500042157,0015-04-08 22:25:00,15,4,8,22,25,940,79,Rue du General Gallieni,,,Nuit avec éclairage allumé,En agglomération,Intersection en T,Normale,Deux véhicules - côté,,,,,,,,,,,5,2,3,1,3
201500042158,0015-04-12 01:30:00,15,4,12,1,30,940,19,PINCE VENT (AV DE),,,Nuit avec éclairage allumé,En agglomération,Hors intersection,Temps couvert,Deux véhicules - côté,,,,,,,,,,,5,2,1,8,3
201500042159,0015-04-15 12:55:00,15,4,15,12,55,940,79,"10, CHENNEVIERES (R DE)",,,Plein jour,En agglomération,Hors intersection,Normale,Autre collision,,,,,,,,,,,1,2,1,1,6
201500042160,0015-04-19 06:30:00,15,4,19,6,30,940,60,GENERAL DE GAULLE (R DU),,,Plein jour,En agglomération,Hors intersection,Normale,Autre collision,,,,,,,,,,,1,2,1,1,6
201500042161,0015-04-20 19:20:00,15,4,20,19,20,940,19,"79, FUSILLES DE CHATEAUB",,,Crépuscule ou aube,En agglomération,Hors intersection,Temps éblouissant,Autre collision,,,,,,,,,,,2,2,1,7,6
201500042162,0015-04-22 07:00:00,15,4,22,7,0,940,55,"39, PROVINS (RTE DE)",,,Plein jour,En agglomération,Hors intersection,Normale,Deux véhicules - côté,,,,,,,,,,,1,2,1,1,3
201500042163,0015-05-16 14:35:00,15,5,16,14,35,940,79,BISHOP S STORDFORD (BD D,,,Plein jour,En agglomération,Hors intersection,Normale,Deux véhicules - frontale,,,,,,,,,,,1,2,1,1,1
201500042164,0015-05-14 21:30:00,15,5,14,21,30,940,79,FRIEDBERG (BD DE),,,Nuit avec éclairage allumé,En agglomération,Intersection en X,Pluie forte,Deux véhicules - arrière,,,,,,,,,,,5,2,2,3,2
201500042165,0015-05-17 19:30:00,15,5,17,19,30,940,19,"14 bis, PONT (R DU)",,,Plein jour,En agglomération,Hors intersection,Normale,Deux véhicules - côté,,,,,,,,,,,1,2,1,1,3
201500042166,0015-05-17 02:20:00,15,5,17,2,20,940,79,"10, COEUILLY (R DE)",,,Crépuscule ou aube,En agglomération,Hors intersection,Normale,Autre collision,,,,,,,,,,,2,2,1,1,6
201500042167,0015-05-15 16:20:00,15,5,15,16,20,940,55,PINCE VENT - CAR DE PINC,,,Plein jour,En agglomération,Hors intersection,Normale,Deux véhicules - frontale,,,,,,,,,,,1,2,1,1,1
201500042168,0015-05-17 12:35:00,15,5,17,12,35,940,19,RABELAIS (R),,,Plein jour,En agglomération,Hors intersection,Normale,Autre collision,,,,,,,,,,,1,2,1,1,6
201500042169,0015-05-20 15:40:00,15,5,20,15,40,940,60,"face 32, GENERAL DE GAUL",,,Plein jour,En agglomération,Hors intersection,Normale,Deux véhicules - arrière,,,,,,,,,,,1,2,1,1,2
201500042170,0015-05-21 12:15:00,15,5,21,12,15,940,79,STRASBOURG (BD DE),,,Plein jour,En agglomération,Giratoire,Normale,Autre collision,,,,,,,,,,,1,2,6,1,6
201500042171,0015-05-22 02:55:00,15,5,22,2,55,940,19,PONT (R DU),,,Nuit avec éclairage allumé,En agglomération,Hors intersection,Normale,Autre collision,,,,,,,,,,,5,2,1,1,6
201500042172,0015-05-24 20:15:00,15,5,24,20,15,940,79,BISHOP'S STORDFORD (BD D,,,Plein jour,En agglomération,Intersection en X,Normale,Autre collision,,,,,,,,,,,1,2,2,1,6
201500042173,0015-05-24 11:15:00,15,5,24,11,15,940,60,GENERAL DE GAULLE (R DU),,,Plein jour,En agglomération,Hors intersection,Temps éblouissant,Autre collision,,,,,,,,,,,1,2,1,7,6
201500042174,0015-05-29 17:20:00,15,5,29,17,20,940,60,MARRONNIERS (ALL DES),,,Plein jour,En agglomération,Hors intersection,Normale,Autre collision,,,,,,,,,,,1,2,1,1,6
201500042175,0015-05-30 14:35:00,15,5,30,14,35,940,59,MAURICE BERTEAUX (AV),,,Plein jour,En agglomération,Hors intersection,Normale,Deux véhicules - arrière,,,,,,,,,,,1,2,1,1,2
201500042176,0015-06-01 14:30:00,15,6,1,14,30,940,79,FOSSES (R DES),,,Plein jour,En agglomération,Intersection en Y,Normale,Autre collision,,,,,,,,,,,1,2,4,1,6
201500042177,0015-06-05 13:10:00,15,6,5,13,10,940,79,CHAMPIGNY (RTE DE),,,Plein jour,En agglomération,Intersection en X,Temps éblouissant,Deux véhicules - côté,,,,,,,,,,,1,2,2,7,3
201500042178,0015-06-08 18:50:00,15,6,8,18,50,940,79,MAXIMILIEN (R),,,Plein jour,En agglomération,Hors intersection,Temps éblouissant,Autre collision,,,,,,,,,,,1,2,1,7,6
201500042179,0015-06-10 07:55:00,15,6,10,7,55,940,59,JEAN KIFFER (AV),,,Plein jour,En agglomération,Giratoire,Normale,Deux véhicules - côté,,,,,,,,,,,1,2,6,1,3
201500042180,0015-06-11 19:20:00,15,6,11,19,20,940,60,BORDES (AV DES),,,Plein jour,En agglomération,Intersection en X,Normale,Autre collision,,,,,,,,,,,1,2,2,1,6
201500042181,0015-06-12 13:20:00,15,6,12,13,20,940,19,LIBERATION (RTE DE LA),,,Plein jour,En agglomération,Intersection en X,Normale,Deux véhicules - frontale,,,,,,,,,,,1,2,2,1,1
201500042182,0015-06-12 19:30:00,15,6,12,19,30,940,79,"02, STRASBOURG (BD DE)",,,Plein jour,En agglomération,Giratoire,Temps éblouissant,Autre collision,,,,,,,,,,,1,2,6,7,6
201500042183,0015-06-15 10:56:00,15,6,15,10,56,940,19,CHENNEVIERES (RTE DE),,,Plein jour,En agglomération,Hors intersection,Normale,Autre collision,,,,,,,,,,,1,2,1,1,6
201500042184,0015-06-23 15:18:00,15,6,23,15,18,940,19,"14 ter, PONT (R DU)",,,Plein jour,En agglomération,Hors intersection,Normale,Deux véhicules - frontale,,,,,,,,,,,1,2,1,1,1
201500042185,0015-07-01 14:30:00,15,7,1,14,30,940,79,TROIS MUSICIENS (ALL DES,,,Plein jour,En agglomération,Hors intersection,Normale,Autre collision,,,,,,,,,,,1,2,1,1,6
201500042186,0015-07-03 08:50:00,15,7,3,8,50,940,55,CENTRE (R DU),,,Plein jour,En agglomération,Intersection en X,Normale,Deux véhicules - côté,,,,,,,,,,,1,2,2,1,3
201500042187,0015-07-04 19:35:00,15,7,4,19,35,940,79,TROIS MUSICIENS (ALL DES,,,Plein jour,En agglomération,Intersection en T,Normale,Deux véhicules - frontale,,,,,,,,,,,1,2,3,1,1
201500042188,0015-07-05 13:30:00,15,7,5,13,30,940,55,OLIVIER D ORMESSON (AV),,,Plein jour,En agglomération,Intersection en X,Normale,Deux véhicules - côté,,,,,,,,,,,1,2,2,1,3
201500042189,0015-07-05 18:20:00,15,7,5,18,20,940,79,GENERAL LECLERC (R DU),,,Plein jour,En agglomération,Hors intersection,Normale,Deux véhicules - arrière,,,,,,,,,,,1,2,1,1,2
201500042190,0015-07-09 19:35:00,15,7,9,19,35,940,59,DAME BLANCHE (AV DE LA),,,Plein jour,En agglomération,Intersection en T,Normale,Deux véhicules - côté,,,,,,,,,,,1,2,3,1,3
201500042191,0015-07-12 22:35:00,15,7,12,22,35,940,59,DAME BLANCHE (AV DE LA),,,Nuit avec éclairage allumé,En agglomération,Intersection en X,Normale,Deux véhicules - côté,,,,,,,,,,,5,2,2,1,3
201500042192,0015-07-19 02:40:00,15,7,19,2,40,940,59,GENERAL LECLERC (AV DU),,,Nuit avec éclairage allumé,En agglomération,Intersection en X,Normale,Deux véhicules - arrière,,,,,,,,,,,5,2,2,1,2
201500042193,0015-07-21 19:30:00,15,7,21,19,30,940,79,JEAN MONNET (BD),,,Plein jour,En agglomération,Giratoire,Normale,Autre collision,,,,,,,,,,,1,2,6,1,6
201500042194,0015-07-22 16:30:00,15,7,22,16,30,940,55,"220, OLIVIER D ORMESSON",,,Plein jour,En agglomération,Hors intersection,Normale,Deux véhicules - arrière,,,,,,,,,,,1,2,1,1,2
201500042195,0015-07-23 17:10:00,15,7,23,17,10,940,79,ANDREA PALLADIO (ALL),,,Plein jour,En agglomération,Intersection en T,Normale,Autre collision,,,,,,,,,,,1,2,3,1,6
201500042196,0015-07-29 16:20:00,15,7,29,16,20,940,55,"17, WLADIMIR D ORMESSON",,,Plein jour,En agglomération,Hors intersection,Normale,Deux véhicules - côté,,,,,,,,,,,1,2,1,1,3
201500042197,0015-08-04 06:20:00,15,8,4,6,20,940,55,OLIVIER D ORMESSON (AV),,,Crépuscule ou aube,En agglomération,Hors intersection,Pluie légère,Deux véhicules - arrière,,,,,,,,,,,2,2,1,2,2
201500042198,0015-08-21 17:50:00,15,8,21,17,50,940,79,COMBAULT (RTE DE),,,Plein jour,En agglomération,Intersection en T,Normale,Deux véhicules - côté,,,,,,,,,,,1,2,3,1,3
201500042199,0015-08-21 19:55:00,15,8,21,19,55,940,79,NAIADES (ALL DES),,,Plein jour,En agglomération,Hors intersection,Normale,Autre collision,,,,,,,,,,,1,2,1,1,6
201500042200,0015-08-21 23:50:00,15,8,21,23,50,940,53,CONDORCET (R),,,Nuit avec éclairage allumé,En agglomération,Intersection en T,Normale,Deux véhicules - côté,,,,,,,,,,,5,2,3,1,3
201500042201,0015-08-25 09:10:00,15,8,25,9,10,940,55,DANIELLE CASANOVA (R),,,Plein jour,En agglomération,Intersection en T,Normale,Deux véhicules - arrière,,,,,,,,,,,1,2,3,1,2
201500042202,0015-08-27 19:35:00,15,8,27,19,35,940,59,MARECHALE (AV DE LA),,,Nuit avec éclairage allumé,En agglomération,Hors intersection,Pluie légère,Deux véhicules - arrière,,,,,,,,,,,5,2,1,2,2
201500042203,0015-09-03 09:00:00,15,9,3,9,0,940,79,"71, GENERAL DE GAULLE (R",,,Plein jour,En agglomération,Hors intersection,Temps éblouissant,Autre collision,,,,,,,,,,,1,2,1,7,6
201500042204,0015-09-06 19:30:00,15,9,6,19,30,940,59,"15, THERESE (AV)",,,Crépuscule ou aube,En agglomération,Hors intersection,Normale,Deux véhicules - côté,,,,,,,,,,,2,2,1,1,3
201500042205,0015-09-07 21:55:00,15,9,7,21,55,940,79,FRIEDBERG (BD DE),,,Nuit avec éclairage allumé,En agglomération,Intersection en T,Normale,Deux véhicules - côté,,,,,,,,,,,5,2,3,1,3
201500042206,0015-09-09 18:05:00,15,9,9,18,5,940,19,"19, SUCY (R DE)",,,Plein jour,En agglomération,Hors intersection,Normale,Autre collision,,,,,,,,,,,1,2,1,1,6
201500042207,0015-09-09 18:00:00,15,9,9,18,0,940,53,"84 BIS, GRANDE RUE PIERR",,,Plein jour,En agglomération,Hors intersection,Normale,Deux véhicules - côté,,,,,,,,,,,1,2,1,1,3
201500042208,0015-09-19 12:45:00,15,9,19,12,45,940,55,"51, OLIVIER D ORMESSON (",,,Plein jour,En agglomération,Intersection en X,Normale,Deux véhicules - arrière,,,,,,,,,,,1,2,2,1,2
201500042209,0015-09-20 00:30:00,15,9,20,0,30,940,55,OLIVIER D ORMESSON (AV),,,Nuit avec éclairage allumé,En agglomération,Intersection en T,Normale,Deux véhicules - côté,,,,,,,,,,,5,2,3,1,3
201500042210,0015-09-24 19:10:00,15,9,24,19,10,940,55,"105, AMBOILE (R D)",,,Plein jour,En agglomération,Intersection en X,Normale,Autre collision,,,,,,,,,,,1,2,2,1,6
201500042211,0015-09-26 14:50:00,15,9,26,14,50,940,79,COMBAULT (RTE DE),,,Plein jour,En agglomération,Intersection en X,Normale,Deux véhicules - arrière,,,,,,,,,,,1,2,2,1,2
201500042212,0015-09-29 19:35:00,15,9,29,19,35,940,55,MOQUE BOUTEILLE (CHE DU),,,Crépuscule ou aube,En agglomération,Autre intersection,Normale,Deux véhicules - frontale,,,,,,,,,,,2,2,9,1,1
201500042213,0015-09-29 20:10:00,15,9,29,20,10,940,79,"3, GENERAL LECLERC (R DU",,,Nuit avec éclairage allumé,En agglomération,Hors intersection,Normale,Autre collision,,,,,,,,,,,5,2,1,1,6
201500042214,0015-10-01 18:45:00,15,10,1,18,45,940,19,"52, ARISTIDE BRIAND (R)",,,Crépuscule ou aube,En agglomération,Hors intersection,Normale,Deux véhicules - côté,,,,,,,,,,,2,2,1,1,3
201500042215,0015-10-06 09:00:00,15,10,6,9,0,940,60,COMBAULT (RTE DE),,,Plein jour,En agglomération,Hors intersection,Pluie légère,Autre collision,,,,,,,,,,,1,2,1,2,6
201500042216,0015-10-06 12:10:00,15,10,6,12,10,940,19,L'HIPPODROME (AV DE),,,Plein jour,En agglomération,Hors intersection,Normale,Deux véhicules - arrière,,,,,,,,,,,1,2,1,1,2
201500042217,0015-10-06 17:30:00,15,10,6,17,30,940,79,JEAN MONNET (BD),,,Plein jour,En agglomération,Giratoire,Pluie légère,Deux véhicules - côté,,,,,,,,,,,1,2,6,2,3
201500042218,0015-10-12 00:13:00,15,10,12,0,13,940,19,"14 BIS, R DU PONT",48.7928,2.52656,Nuit avec éclairage allumé,En agglomération,Hors intersection,Normale,Autre collision,,,,,,,,,,,5,2,1,1,6
201500042219,0015-10-13 15:00:00,15,10,13,15,0,940,79,"29, NOISY (R DE)",,,Plein jour,Hors agglomération,Hors intersection,Normale,Autre collision,,,,,,,,,,,1,1,1,1,6
201500042220,0015-10-13 17:18:00,15,10,13,17,18,940,79,STRASBOURG (BD DE),,,Plein jour,En agglomération,Hors intersection,Normale,Autre collision,,,,,,,,,,,1,2,1,1,6
201500042221,0015-10-22 00:40:00,15,10,22,0,40,940,59,DAME BLANCHE (AV DE LA),,,Nuit avec éclairage allumé,En agglomération,Intersection en X,Pluie légère,Deux véhicules - côté,,,,,,,,,,,5,2,2,2,3
201500042222,0015-10-22 12:50:00,15,10,22,12,50,940,79,JEAN MONNET (BD),,,Plein jour,En agglomération,Intersection en X,Pluie légère,Deux véhicules - côté,,,,,,,,,,,1,2,2,2,3
201500042223,0015-10-27 12:35:00,15,10,27,12,35,940,55,"51, PROVINS (RTE DE)",,,Plein jour,En agglomération,Hors intersection,Normale,Deux véhicules - côté,,,,,,,,,,,1,2,1,1,3
201500042224,0015-10-30 17:55:00,15,10,30,17,55,940,55,GENERAL DE GAULLE (AV DU,,,Nuit avec éclairage allumé,En agglomération,Hors intersection,Normale,Autre collision,,,,,,,,,,,5,2,1,1,6
201500042225,0015-10-31 17:20:00,15,10,31,17,20,940,55,WLADIMIR D ORMESSON (AV),,,Plein jour,En agglomération,Intersection en Y,Normale,Deux véhicules - côté,,,,,,,,,,,1,2,4,1,3
201500042226,0015-11-02 19:50:00,15,11,2,19,50,940,79,CHAPELLES (R DES),,,Nuit avec éclairage allumé,En agglomération,Intersection en X,Normale,Deux véhicules - côté,,,,,,,,,,,5,2,2,1,3
201500042227,0015-11-05 18:30:00,15,11,5,18,30,940,79,"57 à 63, ANDRE ROUY (R)",,,Nuit avec éclairage allumé,En agglomération,Intersection en T,Pluie légère,Autre collision,,,,,,,,,,,5,2,3,2,6
201500042228,0015-11-09 14:40:00,15,11,9,14,40,940,55,PINCE VENT - CAR DE PINC,,,Plein jour,En agglomération,Giratoire,Normale,Deux véhicules - côté,,,,,,,,,,,1,2,6,1,3
201500042229,0015-11-10 18:27:00,15,11,10,18,27,940,79,"1/3, AUGUSTE RODIN (AV)",,,Nuit avec éclairage allumé,En agglomération,Hors intersection,Normale,Autre collision,,,,,,,,,,,5,2,1,1,6
201500042230,0015-11-25 10:30:00,15,11,25,10,30,940,19,"102, LIBERATION (RTE DE",,,Plein jour,En agglomération,Hors intersection,Pluie légère,Deux véhicules - arrière,,,,,,,,,,,1,2,1,2,2
201500042231,0015-11-17 07:35:00,15,11,17,7,35,940,79,JEAN MONNET (BD),,,Plein jour,En agglomération,Hors intersection,Autre,Deux véhicules - arrière,,,,,,,,,,,1,2,1,9,2
201500042232,0015-11-29 06:25:00,15,11,29,6,25,940,19,LIBERATION (RTE DE LA),,,Nuit avec éclairage allumé,En agglomération,Place,Normale,Autre collision,,,,,,,,,,,5,2,7,1,6
201500042233,0015-11-30 17:00:00,15,11,30,17,0,940,79,CHAMPIGNY (RTE DE),,,Nuit avec éclairage allumé,En agglomération,Intersection en T,Pluie légère,Deux véhicules - côté,,,,,,,,,,,5,2,3,2,3
201500042234,0015-11-30 19:25:00,15,11,30,19,25,940,59,EUROPE (AV DE L),,,Nuit avec éclairage allumé,En agglomération,Giratoire,Normale,Deux véhicules - arrière,,,,,,,,,,,5,2,6,1,2
201500042235,0015-12-11 10:15:00,15,12,11,10,15,940,60,"47, MARECHAL HORTIER (AV",,,Plein jour,En agglomération,Hors intersection,Normale,Autre collision,,,,,,,,,,,1,2,1,1,6
201500042236,0015-12-15 19:15:00,15,12,15,19,15,940,59,GAMBETTA (PL),,,Nuit avec éclairage allumé,En agglomération,Place,Pluie forte,Autre collision,,,,,,,,,,,5,2,7,3,6
201500042237,0015-12-17 18:00:00,15,12,17,18,0,940,55,OLIVIER D ORMESSON (AV),,,Nuit avec éclairage allumé,En agglomération,Intersection en X,Normale,Deux véhicules - frontale,,,,,,,,,,,5,2,2,1,1
201500042238,0015-12-18 07:50:00,15,12,18,7,50,940,19,LIBERATION (RTE DE LA),,,Nuit avec éclairage allumé,En agglomération,Hors intersection,Temps couvert,Deux véhicules - arrière,,,,,,,,,,,5,2,1,8,2
201500042239,0015-12-21 07:10:00,15,12,21,7,10,940,53,PIERRE BROSSOLETTE - PL,,,Nuit avec éclairage allumé,En agglomération,Intersection en X,Normale,Autre collision,,,,,,,,,,,5,2,2,1,6
201500042240,0015-12-28 11:20:00,15,12,28,11,20,940,59,"192, MARECHALE (AV DE LA",,,Plein jour,En agglomération,Hors intersection,Autre,Deux véhicules - côté,,,,,,,,,,,1,2,1,9,3
201500042241,0015-12-30 15:55:00,15,12,30,15,55,940,79,JEAN MONNET (BD),,,Plein jour,En agglomération,Hors intersection,Normale,Trois véhicules et plus - collisions multiples,,,,,,,,,,,1,2,1,1,5