accident_id,datetime,annee,mois,jour,heure,minute,departement,commune_insee,adresse,latitude,longitude,luminosite,agglomeration,intersection,meteo,collision,nb_vehicules,nb_usagers,nb_indemnes,nb_tues,nb_blesses_hosp,nb_blesses_legers,age_cond_1,age_cond_2,veh_type_cond_1,veh_type_cond_2,lum_code,agg_code,int_code,atm_code,col_code
201500042374,0015-03-06 13:00:00,15,3,6,13,0,940,11,"NC, VERDUN.(AVENUE DE)",,,Plein jour,En agglomération,Hors intersection,Normale,Deux véhicules - frontale,,,,,,,,,,,1,2,1,1,1
201500042375,0015-03-11 13:00:00,15,3,11,13,0,940,11,"0, RHIN ET DANUBE(RUE DU",,,Plein jour,En agglomération,Hors intersection,Normale,Autre collision,,,,,,,,,,,1,2,1,1,6
201500042376,0015-03-18 16:00:00,15,3,18,16,0,940,11,"00, SEMARD(RUE PIERRE)",,,Plein jour,En agglomération,Hors intersection,Normale,Deux véhicules - arrière,,,,,,,,,,,1,2,1,1,2
201500042377,0015-03-21 13:25:00,15,3,21,13,25,940,28,"0, CHOISY(ROUTE DE)",,,Plein jour,En agglomération,Hors intersection,Normale,Autre collision,,,,,,,,,,,1,2,1,1,6
201500042378,0015-03-23 15:35:00,15,3,23,15,35,940,28,MITTERAND (Rue Fran?ois),,,Plein jour,En agglomération,Hors intersection,Normale,Autre collision,,,,,,,,,,,1,2,1,1,6
201500042379,0015-03-24 16:10:00,15,3,24,16,10,940,28,"NC, HALPERN.(AVENUE BERN",,,Plein jour,En agglomération,Hors intersection,Normale,Deux véhicules - côté,,,,,,,,,,,1,2,1,1,3
201500042380,0015-03-25 15:10:00,15,3,25,15,10,940,11,"18, DELAUNE(RUE AUGUSTE)",,,Plein jour,En agglomération,Hors intersection,Normale,Autre collision,,,,,,,,,,,1,2,1,1,6
201500042381,0015-03-25 11:20:00,15,3,25,11,20,940,28,"217, LECLERC.(RUE DU GEN",,,Plein jour,En agglomération,Hors intersection,Normale,Deux véhicules - arrière,,,,,,,,,,,1,2,1,1,2
201500042382,0015-03-27 20:10:00,15,3,27,20,10,940,11,"0, BOISSY.(AVENUE DE)",,,Nuit sans éclairage public,En agglomération,Hors intersection,Normale,Deux véhicules - arrière,,,,,,,,,,,3,2,1,1,2
201500042383,0015-03-28 21:05:00,15,3,28,21,5,940,28,"0, BRECHE(AVENUE DE LA)",,,Nuit avec éclairage allumé,En agglomération,Hors intersection,Normale,Autre collision,,,,,,,,,,,5,2,1,1,6
201500042384,0015-03-30 18:40:00,15,3,30,18,40,940,28,"0, CHOISY(ROUTE DE)",,,Plein jour,En agglomération,Hors intersection,Pluie forte,Deux véhicules - arrière,,,,,,,,,,,1,2,1,3,2
201500042385,0015-04-01 12:30:00,15,4,1,12,30,940,28,", FALKIRK(RUE)",,,Plein jour,En agglomération,Hors intersection,Normale,Deux véhicules - côté,,,,,,,,,,,1,2,1,1,3
201500042386,0015-04-02 23:40:00,15,4,2,23,40,940,28,CHOISY/FOCH,48.7746,2.43934,Nuit avec éclairage allumé,En agglomération,Giratoire,Pluie légère,Deux véhicules - côté,,,,,,,,,,,5,2,6,2,3
201500042387,0015-03-29 08:00:00,15,3,29,8,0,940,28,FOCH/CHOISY,48.7746,2.43934,Plein jour,En agglomération,Giratoire,Normale,Autre collision,,,,,,,,,,,1,2,6,1,6
201500042388,0015-04-09 04:15:00,15,4,9,4,15,940,28,"0, POMPADOUR(ROUTE DE LA",,,Nuit avec éclairage allumé,Hors agglomération,Hors intersection,Normale,Deux véhicules - frontale,,,,,,,,,,,5,1,1,1,1
201500042389,0015-04-13 17:30:00,15,4,13,17,30,940,11,"NC, RHIN ET DANUBE(RUE D",,,Plein jour,En agglomération,Hors intersection,Normale,Trois véhicules et plus - en chaîne,,,,,,,,,,,1,2,1,1,4
201500042390,0015-04-18 11:15:00,15,4,18,11,15,940,28,"NC, COMPAGNONS DE LA LIB",,,Plein jour,En agglomération,Hors intersection,Normale,Deux véhicules - côté,,,,,,,,,,,1,2,1,1,3
201500042391,0015-04-16 14:00:00,15,4,16,14,0,940,11,"0, SEMARD(RUE PIERRE)",,,Plein jour,En agglomération,Giratoire,Normale,Autre collision,,,,,,,,,,,1,2,6,1,6
201500042392,0015-04-23 16:00:00,15,4,23,16,0,940,28,"0, PRAIRIE(RUE DE LA)",,,Plein jour,En agglomération,Hors intersection,Normale,Deux véhicules - côté,,,,,,,,,,,1,2,1,1,3
201500042393,0015-04-23 16:30:00,15,4,23,16,30,940,28,79 FOCH/FO ST CHRISTOPHE,48.7802,2.43777,Plein jour,En agglomération,Intersection en X,Normale,Deux véhicules - arrière,,,,,,,,,,,1,2,2,1,2
201500042394,0015-04-26 19:45:00,15,4,26,19,45,940,4,AV DU GENERAL LECLERC,48.7567,2.50399,Crépuscule ou aube,En agglomération,Hors intersection,Pluie légère,Autre collision,,,,,,,,,,,2,2,1,2,6
201500042395,0015-04-27 16:35:00,15,4,27,16,35,940,28,"0, FRANCE LIBRE(AVENUE D",,,Plein jour,En agglomération,Hors intersection,Normale,Autre collision,,,,,,,,,,,1,2,1,1,6
201500042396,0015-04-30 12:30:00,15,4,30,12,30,940,28,"0, CHOISY(ROUTE DE)",,,Plein jour,En agglomération,Hors intersection,Pluie légère,Trois véhicules et plus - en chaîne,,,,,,,,,,,1,2,1,2,4
201500042397,0015-05-05 14:00:00,15,5,5,14,0,940,11,"00, STAINS(ROUTE DE)",,,Plein jour,En agglomération,Hors intersection,Normale,Deux véhicules - côté,,,,,,,,,,,1,2,1,1,3
201500042398,0015-05-10 18:15:00,15,5,10,18,15,940,28,"0, PICABIA(RUE FRANCIS)",,,Plein jour,En agglomération,Hors intersection,Normale,Autre collision,,,,,,,,,,,1,2,1,1,6
201500042399,0015-05-08 20:50:00,15,5,8,20,50,940,28,"0, BRIE(RUE DE)",,,Plein jour,En agglomération,Hors intersection,Normale,Deux véhicules - côté,,,,,,,,,,,1,2,1,1,3
201500042400,0015-05-09 10:15:00,15,5,9,10,15,940,11,"0, ROSTAND.(RUE JEAN)",,,Plein jour,En agglomération,Hors intersection,Normale,Autre collision,,,,,,,,,,,1,2,1,1,6
201500042401,0015-05-07 14:10:00,15,5,7,14,10,940,28,"0, EGLISE.(PLACE DE L')",,,Plein jour,En agglomération,Intersection en X,Normale,Deux véhicules - côté,,,,,,,,,,,1,2,2,1,3
201500042402,0015-05-11 18:30:00,15,5,11,18,30,940,28,"NC, SALENGRO.(RUE ROGER)",,,Plein jour,En agglomération,Hors intersection,Normale,Autre collision,,,,,,,,,,,1,2,1,1,6
201500042403,0015-05-11 16:10:00,15,5,11,16,10,940,28,"0, FRANCE LIBRE(AVENUE D",,,Plein jour,En agglomération,Hors intersection,Normale,Autre collision,,,,,,,,,,,1,2,1,1,6
201500042404,0015-05-14 15:00:00,15,5,14,15,0,940,11,LYS.(AVENUE DES),,,Plein jour,En agglomération,Hors intersection,Pluie légère,Sans collision,,,,,,,,,,,1,2,1,2,7
201500042405,0015-05-17 11:00:00,15,5,17,11,0,940,28,"NC, LECLERC.(RUE DU GENE",,,Plein jour,En agglomération,Hors intersection,Normale,Deux véhicules - côté,,,,,,,,,,,1,2,1,1,3
201500042406,0015-05-15 15:30:00,15,5,15,15,30,940,28,"49, CASALIS.(AVE DU DR P",,,Plein jour,En agglomération,Hors intersection,Normale,Autre collision,,,,,,,,,,,1,2,1,1,6
201500042407,0015-05-20 08:15:00,15,5,20,8,15,940,28,"00, MECHES.(RUE DES)",,,Plein jour,En agglomération,Hors intersection,Normale,Autre collision,,,,,,,,,,,1,2,1,1,6
201500042408,0015-05-18 15:39:00,15,5,18,15,39,940,28,"65, SAINT SIMON (rue)",,,Plein jour,En agglomération,Hors intersection,Normale,Autre collision,,,,,,,,,,,1,2,1,1,6
201500042409,0015-05-18 15:15:00,15,5,18,15,15,940,28,"0, GAULLE(AVENUE DU GENE",,,Plein jour,En agglomération,Intersection en T,Normale,Autre collision,,,,,,,,,,,1,2,3,1,6
201500042410,0015-05-24 20:25:00,15,5,24,20,25,940,28,"57, LEDOUX(RUE CLAUDE NI",,,Plein jour,En agglomération,Hors intersection,Normale,Deux véhicules - arrière,,,,,,,,,,,1,2,1,1,2
201500042411,0015-05-20 21:30:00,15,5,20,21,30,940,28,"102, MECHES.(RUE DES)",,,Crépuscule ou aube,En agglomération,Hors intersection,Normale,Trois véhicules et plus - en chaîne,,,,,,,,,,,2,2,1,1,4
201500042412,0015-05-29 02:15:00,15,5,29,2,15,940,28,"0, ECHAT(RUE DE L')",,,Nuit avec éclairage allumé,Hors agglomération,Hors intersection,Normale,Autre collision,,,,,,,,,,,5,1,1,1,6
201500042413,0015-06-01 11:35:00,15,6,1,11,35,940,28,"0, CHOISY(ROUTE DE)",,,Plein jour,En agglomération,Hors intersection,Normale,Deux véhicules - arrière,,,,,,,,,,,1,2,1,1,2
201500042414,0015-06-02 16:20:00,15,6,2,16,20,940,28,"NC, POMME(RUE DE LA)",,,Plein jour,En agglomération,Intersection en T,Normale,Deux véhicules - côté,,,,,,,,,,,1,2,3,1,3
201500042415,0015-06-03 17:15:00,15,6,3,17,15,940,28,FOCH/MALFOURCHES,48.7802,2.4377,Plein jour,En agglomération,Intersection en X,Normale,Trois véhicules et plus - en chaîne,,,,,,,,,,,1,2,2,1,4
201500042416,0015-06-04 11:30:00,15,6,4,11,30,940,28,POMPADOUR/BOEUFS,,,Plein jour,En agglomération,Intersection en T,Normale,Deux véhicules - arrière,,,,,,,,,,,1,2,3,1,2
201500042417,0015-06-04 12:37:00,15,6,4,12,37,940,11,GILLET(RUE ALFRED),,,Plein jour,En agglomération,Hors intersection,Normale,Autre collision,,,,,,,,,,,1,2,1,1,6
201500042418,0015-06-04 21:15:00,15,6,4,21,15,940,28,"0, BRIE(RUE DE)",,,Crépuscule ou aube,En agglomération,Hors intersection,Normale,Sans collision,,,,,,,,,,,2,2,1,1,7
201500042419,0015-06-06 20:30:00,15,6,6,20,30,940,11,SEMARD/SEMARD,,,Plein jour,En agglomération,Intersection en X,Normale,Deux véhicules - côté,,,,,,,,,,,1,2,2,1,3
201500042420,0015-06-08 09:05:00,15,6,8,9,5,940,28,"0, MATISSE(RUE HENRI)",,,Plein jour,En agglomération,Hors intersection,Normale,Deux véhicules - arrière,,,,,,,,,,,1,2,1,1,2
201500042421,0015-06-08 14:20:00,15,6,8,14,20,940,28,"00, VERDUN.(AVENUE DE)",,,Plein jour,En agglomération,Intersection en T,Normale,Deux véhicules - côté,,,,,,,,,,,1,2,3,1,3
201500042422,0015-06-09 07:25:00,15,6,9,7,25,940,28,"0, GAULLE(AVENUE DU GENE",,,Plein jour,En agglomération,Intersection en X,Normale,Deux véhicules - côté,,,,,,,,,,,1,2,2,1,3
201500042423,0015-06-15 10:10:00,15,6,15,10,10,940,11,"0, MONNET(RUE JEAN)",,,Plein jour,En agglomération,Hors intersection,Normale,Deux véhicules - côté,,,,,,,,,,,1,2,1,1,3
201500042424,0015-06-17 21:35:00,15,6,17,21,35,940,28,"0, HALPERN.(AVENUE BERNA",,,Plein jour,Hors agglomération,Hors intersection,Normale,Deux véhicules - arrière,,,,,,,,,,,1,1,1,1,2
201500042425,0015-06-17 13:20:00,15,6,17,13,20,940,28,"00, MECHES.(RUE DES)",,,Plein jour,En agglomération,Hors intersection,Normale,Autre collision,,,,,,,,,,,1,2,1,1,6
201500042426,0015-06-18 13:00:00,15,6,18,13,0,940,28,"00, MECHES.(RUE DES)",,,Plein jour,En agglomération,Hors intersection,Normale,Autre collision,,,,,,,,,,,1,2,1,1,6
201500042427,0015-06-19 10:10:00,15,6,19,10,10,940,28,"0, SAVAR.(RUE JULIETTE)",,,Plein jour,En agglomération,Hors intersection,Normale,Deux véhicules - côté,,,,,,,,,,,1,2,1,1,3
201500042428,0015-06-22 01:22:00,15,6,22,1,22,940,28,"nc, CHOISY(ROUTE DE)",,,Nuit avec éclairage allumé,En agglomération,Autre intersection,Normale,Sans collision,,,,,,,,,,,5,2,9,1,7
201500042429,0015-06-23 08:30:00,15,6,23,8,30,940,11,"0, GAULLE(CARREFOUR CHAR",,,Plein jour,En agglomération,Hors intersection,Normale,Deux véhicules - côté,,,,,,,,,,,1,2,1,1,3
201500042430,0015-06-24 13:10:00,15,6,24,13,10,940,28,"0, CHOISY(ROUTE DE)",,,Plein jour,En agglomération,Hors intersection,Normale,Deux véhicules - arrière,,,,,,,,,,,1,2,1,1,2
201500042431,0015-06-28 07:20:00,15,6,28,7,20,940,28,"0, ECHAT(RUE DE L')",,,Plein jour,Hors agglomération,Hors intersection,Normale,Autre collision,,,,,,,,,,,1,1,1,1,6
201500042432,0015-06-27 10:45:00,15,6,27,10,45,940,11,"0, BOISSY.(AVENUE DE)",,,Plein jour,En agglomération,Hors intersection,Normale,Deux véhicules - arrière,,,,,,,,,,,1,2,1,1,2
201500042433,0015-07-01 17:50:00,15,7,1,17,50,940,28,"0, KENNEDY.(BOULEVARD JO",,,Plein jour,En agglomération,Intersection en T,Normale,Autre collision,,,,,,,,,,,1,2,3,1,6
201500042434,0015-07-03 21:10:00,15,7,3,21,10,940,28,"0, CHOISY(ROUTE DE)",,,Plein jour,En agglomération,Hors intersection,Normale,Autre collision,,,,,,,,,,,1,2,1,1,6
201500042435,0015-07-04 23:35:00,15,7,4,23,35,940,28,"nc, COURTOIS(AVENUE)",,,Nuit avec éclairage allumé,En agglomération,Hors intersection,Normale,Deux véhicules - côté,,,,,,,,,,,5,2,1,1,3
201500042436,0015-07-03 20:20:00,15,7,3,20,20,940,28,"54, LECLERC.(RUE DU GENE",,,Plein jour,Hors agglomération,Hors intersection,Normale,Sans collision,,,,,,,,,,,1,1,1,1,7
201500042437,0015-07-06 13:00:00,15,7,6,13,0,940,28,"00, CHOISY(ROUTE DE)",,,Plein jour,En agglomération,Hors intersection,Normale,Autre collision,,,,,,,,,,,1,2,1,1,6
201500042438,0015-07-09 16:00:00,15,7,9,16,0,940,28,"0, CHOISY(ROUTE DE)",,,Plein jour,En agglomération,Hors intersection,Normale,Deux véhicules - côté,,,,,,,,,,,1,2,1,1,3
201500042439,0015-07-13 02:05:00,15,7,13,2,5,940,11,"00, ROSTAND.(RUE JEAN)",,,Nuit avec éclairage allumé,En agglomération,Hors intersection,Normale,Autre collision,,,,,,,,,,,5,2,1,1,6
201500042440,0015-07-11 18:10:00,15,7,11,18,10,940,28,"0, MOULIN BERSON.(IMPASS",,,Plein jour,En agglomération,Hors intersection,Normale,Deux véhicules - côté,,,,,,,,,,,1,2,1,1,3
201500042441,0015-07-12 21:40:00,15,7,12,21,40,940,28,"0, CANAL.(RUE DU)",,,Plein jour,En agglomération,Hors intersection,Normale,Deux véhicules - côté,,,,,,,,,,,1,2,1,1,3
201500042442,0015-07-13 20:40:00,15,7,13,20,40,940,28,"0, CHOISY(ROUTE DE)",,,Plein jour,Hors agglomération,Hors intersection,Normale,Deux véhicules - côté,,,,,,,,,,,1,1,1,1,3
201500042443,0015-07-13 15:55:00,15,7,13,15,55,940,28,"0, MESLY(AVENUE DU CHEMI",,,Plein jour,En agglomération,Hors intersection,Normale,Autre collision,,,,,,,,,,,1,2,1,1,6
201500042444,0015-07-18 20:50:00,15,7,18,20,50,940,28,"0, GABIN.(RUE JEAN)",,,Plein jour,En agglomération,Hors intersection,Normale,Autre collision,,,,,,,,,,,1,2,1,1,6
201500042445,0015-07-17 20:30:00,15,7,17,20,30,940,28,"0, CASCADES.(IMPASSE DES",,,Plein jour,En agglomération,Hors intersection,Normale,Autre collision,,,,,,,,,,,1,2,1,1,6
201500042446,0015-07-19 00:50:00,15,7,19,0,50,940,28,"23, CASALIS.(AVE DU DR P",,,Nuit avec éclairage allumé,En agglomération,Hors intersection,Normale,Autre collision,,,,,,,,,,,5,2,1,1,6
201500042447,0015-07-21 15:05:00,15,7,21,15,5,940,11,"00, PARIS(AVENUE DE)",,,Plein jour,En agglomération,Hors intersection,Normale,Autre collision,,,,,,,,,,,1,2,1,1,6
201500042448,0015-07-22 18:25:00,15,7,22,18,25,940,28,"00, VERDUN.(AVENUE DE)",,,Plein jour,En agglomération,Intersection en T,Normale,Deux véhicules - côté,,,,,,,,,,,1,2,3,1,3
201500042449,0015-07-23 17:50:00,15,7,23,17,50,940,28,"90, TASSIGNY(AVE DU MARE",,,Plein jour,En agglomération,Hors intersection,Normale,Deux véhicules - arrière,,,,,,,,,,,1,2,1,1,2
201500042450,0015-07-29 12:00:00,15,7,29,12,0,940,28,"00, BILLOTTE.(AVE DU GAL",,,Plein jour,En agglomération,Hors intersection,Normale,Deux véhicules - côté,,,,,,,,,,,1,2,1,1,3
201500042451,0015-07-30 18:45:00,15,7,30,18,45,940,28,"face B BIS, KOCK.(RUE HE",,,Plein jour,En agglomération,Hors intersection,Normale,Autre collision,,,,,,,,,,,1,2,1,1,6
201500042452,0015-08-05 13:45:00,15,8,5,13,45,940,28,"0, FRANCE LIBRE(AVENUE D",,,Plein jour,En agglomération,Hors intersection,Normale,Autre collision,,,,,,,,,,,1,2,1,1,6
201500042453,0015-08-08 15:10:00,15,8,8,15,10,940,11,"0, ROSTAND.(RUE JEAN)",,,Plein jour,En agglomération,Hors intersection,Normale,Deux véhicules - arrière,,,,,,,,,,,1,2,1,1,2
201500042454,0015-08-13 10:30:00,15,8,13,10,30,940,11,"39, BOISSY.(AVENUE DE)",,,Plein jour,En agglomération,Hors intersection,Normale,Trois véhicules et plus - collisions multiples,,,,,,,,,,,1,2,1,1,5
201500042455,0015-08-18 08:50:00,15,8,18,8,50,940,11,"0, PARIS(AVENUE DE)",,,Plein jour,En agglomération,Hors intersection,Normale,Trois véhicules et plus - collisions multiples,,,,,,,,,,,1,2,1,1,5
201500042456,0015-08-17 18:20:00,15,8,17,18,20,940,28,"0, FALKIRK(RUE)",,,Plein jour,En agglomération,Hors intersection,Normale,Autre collision,,,,,,,,,,,1,2,1,1,6
201500042457,0015-08-19 19:00:00,15,8,19,19,0,940,28,"8, COTONOU.(RUE DE)",,,Plein jour,En agglomération,Hors intersection,Normale,Autre collision,,,,,,,,,,,1,2,1,1,6
201500042458,0015-08-22 08:05:00,15,8,22,8,5,940,28,"0, TASSIGNY(AVE DU MAREC",,,Plein jour,En agglomération,Hors intersection,Normale,Autre collision,,,,,,,,,,,1,2,1,1,6
201500042459,0015-08-26 09:30:00,15,8,26,9,30,940,28,"0, MECHES.(RUE DES)",,,Plein jour,En agglomération,Hors intersection,Normale,Deux véhicules - côté,,,,,,,,,,,1,2,1,1,3
201500042460,0015-08-26 01:10:00,15,8,26,1,10,940,11,"0, PARIS(AVENUE DE)",,,Nuit avec éclairage allumé,En agglomération,Hors intersection,Normale,Autre collision,,,,,,,,,,,5,2,1,1,6
201500042461,0015-08-29 18:40:00,15,8,29,18,40,940,28,"0, BORDIERES(RUE DES)",,,Plein jour,En agglomération,Hors intersection,Normale,Autre collision,,,,,,,,,,,1,2,1,1,6
201500042462,0015-09-03 15:30:00,15,9,3,15,30,940,28,"00, MECHES.(RUE DES)",,,Plein jour,En agglomération,Hors intersection,Normale,Deux véhicules - arrière,,,,,,,,,,,1,2,1,1,2
201500042463,0015-09-04 13:05:00,15,9,4,13,5,940,28,FOCH/BRETELLE A886,48.7778,2.43837,Plein jour,Hors agglomération,Intersection en T,Normale,Deux véhicules - arrière,,,,,,,,,,,1,1,3,1,2
201500042464,0015-09-05 17:30:00,15,9,5,17,30,940,11,"NC, BOUGLIONE(RUE)",,,Plein jour,En agglomération,Hors intersection,Normale,Deux véhicules - frontale,,,,,,,,,,,1,2,1,1,1
201500042465,0015-09-04 19:50:00,15,9,4,19,50,940,28,"NC, RAMON.(RUE DU DOCTEU",,,Crépuscule ou aube,En agglomération,Hors intersection,Normale,Deux véhicules - frontale,,,,,,,,,,,2,2,1,1,1
201500042466,0015-09-08 16:30:00,15,9,8,16,30,940,28,"0, BRAQUE.(ALLEE GEORGES",,,Plein jour,En agglomération,Hors intersection,Normale,Autre collision,,,,,,,,,,,1,2,1,1,6
201500042467,0015-09-13 06:30:00,15,9,13,6,30,940,28,"0, CHOISY(ROUTE DE)",,,Plein jour,Hors agglomération,Hors intersection,Normale,Autre collision,,,,,,,,,,,1,1,1,1,6
201500042468,0015-09-13 22:40:00,15,9,13,22,40,940,28,R DE L'ECHAT,48.7993,2.45139,Nuit avec éclairage allumé,En agglomération,Hors intersection,Normale,Deux véhicules - frontale,,,,,,,,,,,5,2,1,1,1
201500042469,0015-09-12 07:40:00,15,9,12,7,40,940,28,"40, VERDUN.(AVENUE DE)",,,Plein jour,En agglomération,Hors intersection,Normale,Deux véhicules - frontale,,,,,,,,,,,1,2,1,1,1
201500042470,0015-09-10 08:50:00,15,9,10,8,50,940,11,"0, PARIS(AVENUE DE)",,,Plein jour,En agglomération,Hors intersection,Normale,Trois véhicules et plus - en chaîne,,,,,,,,,,,1,2,1,1,4
201500042471,0015-09-14 22:30:00,15,9,14,22,30,940,28,"61, GAULLE(AVENUE DU GEN",,,Nuit avec éclairage allumé,En agglomération,Intersection en T,Normale,Autre collision,,,,,,,,,,,5,2,3,1,6
201500042472,0015-09-20 15:15:00,15,9,20,15,15,940,11,"5, OUEST(ROUTE DE L')",,,Plein jour,En agglomération,Hors intersection,Normale,Deux véhicules - côté,,,,,,,,,,,1,2,1,1,3
201500042473,0015-09-19 19:45:00,15,9,19,19,45,940,28,"01, GAULLE(AVENUE DU GEN",,,Plein jour,En agglomération,Intersection en X,Normale,Deux véhicules - côté,,,,,,,,,,,1,2,2,1,3
201500042474,0015-09-21 13:48:00,15,9,21,13,48,940,28,"0, KENNEDY.(BOULEVARD JO",,,Plein jour,En agglomération,Hors intersection,Normale,Deux véhicules - arrière,,,,,,,,,,,1,2,1,1,2
201500042475,0015-09-22 13:45:00,15,9,22,13,45,940,28,"35, PARIS.(RUE DE)",,,Plein jour,En agglomération,Hors intersection,Normale,Autre collision,,,,,,,,,,,1,2,1,1,6
201500042476,0015-09-21 10:00:00,15,9,21,10,0,940,28,"0, BOULLE.(RUE ANDRE)",,,Plein jour,En agglomération,Hors intersection,Normale,Autre collision,,,,,,,,,,,1,2,1,1,6
201500042477,0015-09-22 19:00:00,15,9,22,19,0,940,28,"0, FRANCE LIBRE(AVENUE D",,,Plein jour,En agglomération,Hors intersection,Normale,Autre collision,,,,,,,,,,,1,2,1,1,6
201500042478,0015-09-23 01:20:00,15,9,23,1,20,940,28,"0, HALPERN.(AVENUE BERNA",,,Nuit sans éclairage public,Hors agglomération,Hors intersection,Pluie légère,Sans collision,,,,,,,,,,,3,1,1,2,7
201500042479,0015-09-23 22:40:00,15,9,23,22,40,940,11,"nc, GAULLE(CARREFOUR CHA",,,Nuit avec éclairage allumé,En agglomération,Autre intersection,Normale,Autre collision,,,,,,,,,,,5,2,9,1,6
201500042480,0015-09-24 10:50:00,15,9,24,10,50,940,28,"0, TASSIGNY(AVE DU MAREC",,,Plein jour,En agglomération,Hors intersection,Normale,Deux véhicules - arrière,,,,,,,,,,,1,2,1,1,2
201500042481,0015-09-26 09:40:00,15,9,26,9,40,940,28,"0, HALPERN.(AVENUE BERNA",,,Plein jour,En agglomération,Hors intersection,Normale,Autre collision,,,,,,,,,,,1,2,1,1,6
201500042482,0015-09-29 12:40:00,15,9,29,12,40,940,28,"NC, FRANCE LIBRE(AVENUE",,,Plein jour,En agglomération,Hors intersection,Normale,Deux véhicules - frontale,,,,,,,,,,,1,2,1,1,1
201500042483,0015-09-29 15:00:00,15,9,29,15,0,940,28,CHOISY/FOCH,48.7746,2.43934,Plein jour,En agglomération,Giratoire,Normale,Deux véhicules - côté,,,,,,,,,,,1,2,6,1,3
201500042484,0015-10-01 18:00:00,15,10,1,18,0,940,28,"00, KENNEDY.(BOULEVARD J",,,Plein jour,En agglomération,Hors intersection,Normale,Autre collision,,,,,,,,,,,1,2,1,1,6
201500042485,0015-10-05 08:25:00,15,10,5,8,25,940,11,"0, 28 ARPENTS (rue des)",,,Plein jour,En agglomération,Hors intersection,Pluie légère,Sans collision,,,,,,,,,,,1,2,1,2,7
201500042486,0015-10-01 10:32:00,15,10,1,10,32,940,28,"nc, HALPERN.(AVENUE BERN",,,Plein jour,En agglomération,Hors intersection,Normale,Trois véhicules et plus - collisions multiples,,,,,,,,,,,1,2,1,1,5
201500042487,0015-10-10 17:15:00,15,10,10,17,15,940,28,"33-35, BROSSOLETTE(AVENU",,,Plein jour,En agglomération,Hors intersection,Normale,Deux véhicules - arrière,,,,,,,,,,,1,2,1,1,2
201500042488,0015-10-12 15:20:00,15,10,12,15,20,940,28,"0, ECHAT(RUE DE L')",,,Plein jour,En agglomération,Hors intersection,Normale,Deux véhicules - arrière,,,,,,,,,,,1,2,1,1,2
201500042489,0015-10-14 17:00:00,15,10,14,17,0,940,28,"NC, Duvauchelle (rue Dom",,,Plein jour,En agglomération,Hors intersection,Normale,Autre collision,,,,,,,,,,,1,2,1,1,6
201500042490,0015-10-15 08:15:00,15,10,15,8,15,940,28,"00, MECHES.(RUE DES)",,,Plein jour,En agglomération,Hors intersection,Normale,Autre collision,,,,,,,,,,,1,2,1,1,6
201500042491,0015-10-15 10:20:00,15,10,15,10,20,940,28,CHOISY/FOCH,48.7746,2.43934,Plein jour,En agglomération,Giratoire,Normale,Deux véhicules - côté,,,,,,,,,,,1,2,6,1,3
201500042492,0015-10-18 18:30:00,15,10,18,18,30,940,28,"0, CHARPY.(RUE)",,,Plein jour,En agglomération,Hors intersection,Normale,Autre collision,,,,,,,,,,,1,2,1,1,6
201500042493,0015-10-19 17:30:00,15,10,19,17,30,940,28,"0, BOEUFS(CHEMIN DES)",,,Plein jour,Hors agglomération,Hors intersection,Normale,Autre collision,,,,,,,,,,,1,1,1,1,6
201500042494,0015-10-23 10:00:00,15,10,23,10,0,940,11,"nc, LECLERC.(AVENUE DU M",,,Plein jour,En agglomération,Hors intersection,Normale,Deux véhicules - arrière,,,,,,,,,,,1,2,1,1,2
201500042495,0015-11-02 12:15:00,15,11,2,12,15,940,28,CAR POMPADOUR/FOCH,48.774,2.43915,Plein jour,En agglomération,Giratoire,Normale,Deux véhicules - côté,,,,,,,,,,,1,2,6,1,3
201500042496,0015-11-02 11:00:00,15,11,2,11,0,940,28,"0, VALENTON(RUE DE)",,,Plein jour,En agglomération,Hors intersection,Normale,Autre collision,,,,,,,,,,,1,2,1,1,6
201500042497,0015-11-04 23:25:00,15,11,4,23,25,940,11,"00, BOISSY.(AVENUE DE)",,,Nuit avec éclairage allumé,En agglomération,Giratoire,Normale,Deux véhicules - côté,,,,,,,,,,,5,2,6,1,3
201500042498,0015-11-04 11:31:00,15,11,4,11,31,940,28,"0, SAVAR.(RUE JULIETTE)",,,Plein jour,En agglomération,Hors intersection,Pluie légère,Deux véhicules - côté,,,,,,,,,,,1,2,1,2,3
201500042499,0015-11-06 09:35:00,15,11,6,9,35,940,28,"40, VERDUN.(AVENUE DE)",,,Plein jour,En agglomération,Hors intersection,Normale,Autre collision,,,,,,,,,,,1,2,1,1,6
201500042500,0015-11-10 10:00:00,15,11,10,10,0,940,28,"33, BROSSOLETTE(AVENUE P",,,Plein jour,En agglomération,Hors intersection,Normale,Deux véhicules - côté,,,,,,,,,,,1,2,1,1,3
201500042501,0015-11-10 20:45:00,15,11,10,20,45,940,28,"119, SAVAR.(RUE JULIETTE",,,Nuit avec éclairage allumé,En agglomération,Hors intersection,Normale,Autre collision,,,,,,,,,,,5,2,1,1,6
201500042502,0015-11-09 10:20:00,15,11,9,10,20,940,11,"0, REPUBLIQUE(AVENUE DE",,,Plein jour,En agglomération,Intersection en T,Normale,Deux véhicules - côté,,,,,,,,,,,1,2,3,1,3
201500042503,0015-11-12 15:55:00,15,11,12,15,55,940,28,"nc, OUDRY.(BOULVARD JEAN",,,Plein jour,En agglomération,Hors intersection,Normale,Autre collision,,,,,,,,,,,1,2,1,1,6
201500042504,0015-11-13 18:40:00,15,11,13,18,40,940,28,"0, GAULLE(AVENUE DU GENE",,,Nuit avec éclairage allumé,En agglomération,Hors intersection,Normale,Autre collision,,,,,,,,,,,5,2,1,1,6
201500042505,0015-11-17 13:10:00,15,11,17,13,10,940,11,GAULLE(CARREFOUR CHARLES,,,Plein jour,En agglomération,Hors intersection,Normale,Autre collision,,,,,,,,,,,1,2,1,1,6
201500042506,0015-11-20 07:10:00,15,11,20,7,10,940,11,"00, REPUBLIQUE(AVENUE DE",,,Crépuscule ou aube,En agglomération,Intersection en T,Normale,Deux véhicules - côté,,,,,,,,,,,2,2,3,1,3