accident_id,datetime,annee,mois,jour,heure,minute,departement,commune_insee,adresse,latitude,longitude,luminosite,agglomeration,intersection,meteo,collision,nb_vehicules,nb_usagers,nb_indemnes,nb_tues,nb_blesses_hosp,nb_blesses_legers,age_cond_1,age_cond_2,veh_type_cond_1,veh_type_cond_2,lum_code,agg_code,int_code,atm_code,col_code
201500042769,0015-11-27 21:30:00,15,11,27,21,30,940,76,"1, REPUBLIQUE (AV DE LA)",,,Nuit sans éclairage public,En agglomération,Hors intersection,Pluie légère,Deux véhicules - côté,,,,,,,,,,,3,2,1,2,3
201500042770,0015-11-28 09:40:00,15,11,28,9,40,940,76,"175, KARL MARX (AV)",,,Plein jour,En agglomération,Hors intersection,Normale,Autre collision,,,,,,,,,,,1,2,1,1,6
201500042771,0015-11-29 00:50:00,15,11,29,0,50,940,37,"95, PAUL VAILLANT COUTUR",,,Nuit avec éclairage allumé,En agglomération,Hors intersection,Pluie légère,Sans collision,,,,,,,,,,,5,2,1,2,7
201500042772,0015-11-30 11:40:00,15,11,30,11,40,940,76,"1, JULES JOFFRIN (R)",,,Plein jour,En agglomération,Hors intersection,Pluie légère,Autre collision,,,,,,,,,,,1,2,1,2,6
201500042773,0015-12-01 08:20:00,15,12,1,8,20,940,76,"24, VERDUN (R DE)",,,Plein jour,En agglomération,Intersection en T,Normale,Sans collision,,,,,,,,,,,1,2,3,1,7
201500042774,0015-12-03 18:25:00,15,12,3,18,25,940,16,"1, CAMILLE DESMOULINS (R",,,Nuit avec éclairage allumé,En agglomération,Intersection en T,Normale,Sans collision,,,,,,,,,,,5,2,3,1,7
201500042775,0015-12-04 12:32:00,15,12,4,12,32,940,76,"101, PAUL VAILLANT COUTU",,,Plein jour,En agglomération,Hors intersection,Normale,Autre collision,,,,,,,,,,,1,2,1,1,6
201500042776,0015-12-04 15:20:00,15,12,4,15,20,940,3,"9, LAPLACE (AV)",,,Plein jour,En agglomération,Hors intersection,Normale,Trois véhicules et plus - en chaîne,,,,,,,,,,,1,2,1,1,4
201500042777,0015-12-07 05:20:00,15,12,7,5,20,940,76,"172, MAXIME GORKI (BD)",,,Nuit avec éclairage allumé,Hors agglomération,Hors intersection,Normale,Deux véhicules - arrière,,,,,,,,,,,5,1,1,1,2
201500042778,0015-12-07 16:30:00,15,12,7,16,30,940,37,"61, BENOIT MALON (R)",,,Plein jour,En agglomération,Intersection en X,Normale,Deux véhicules - côté,,,,,,,,,,,1,2,2,1,3
201500042779,0015-12-07 16:50:00,15,12,7,16,50,940,16,"33, LEON BLUM (AV)",,,Nuit avec éclairage allumé,En agglomération,Hors intersection,Normale,Deux véhicules - côté,,,,,,,,,,,5,2,1,1,3
201500042780,0015-12-08 21:40:00,15,12,8,21,40,940,3,"136, VACHE NOIRE (LA)",,,Nuit avec éclairage allumé,En agglomération,Hors intersection,Pluie légère,Deux véhicules - côté,,,,,,,,,,,5,2,1,2,3
201500042781,0015-12-09 13:30:00,15,12,9,13,30,940,76,"88, JEAN JAURES (R)",,,Plein jour,En agglomération,Hors intersection,Temps éblouissant,Sans collision,,,,,,,,,,,1,2,1,7,7
201500042782,0015-12-10 17:20:00,15,12,10,17,20,940,37,PAUL VAILLANT COUTURIER,,,Nuit avec éclairage non allumé,En agglomération,Intersection en X,Normale,Deux véhicules - côté,,,,,,,,,,,4,2,2,1,3
201500042783,0015-12-10 17:15:00,15,12,10,17,15,940,43,"5, VERDUN (R DE)",,,Crépuscule ou aube,En agglomération,Hors intersection,Normale,Sans collision,,,,,,,,,,,2,2,1,1,7
201500042784,0015-12-13 14:00:00,15,12,13,14,0,940,76,"20, VERDUN (R DE)",,,Plein jour,En agglomération,Hors intersection,Normale,Deux véhicules - côté,,,,,,,,,,,1,2,1,1,3
201500042785,0015-12-15 07:30:00,15,12,15,7,30,940,3,"85, PAUL VAILLANT COUTUR",,,Nuit avec éclairage allumé,En agglomération,Hors intersection,Normale,Autre collision,,,,,,,,,,,5,2,1,1,6
201500042786,0015-12-17 18:25:00,15,12,17,18,25,940,37,"9, CHARLES FREROT (R)",,,Nuit avec éclairage allumé,En agglomération,Intersection en T,Normale,Deux véhicules - côté,,,,,,,,,,,5,2,3,1,3
201500042787,0015-12-19 12:15:00,15,12,19,12,15,940,43,"123, FONTAINEBLEAU (AV D",,,Plein jour,Hors agglomération,Hors intersection,Normale,Deux véhicules - côté,,,,,,,,,,,1,1,1,1,3
201500042788,0015-12-23 10:00:00,15,12,23,10,0,940,3,"03, MARX DORMOY (AV)",,,Plein jour,En agglomération,Hors intersection,Normale,Sans collision,,,,,,,,,,,1,2,1,1,7
201500042789,0015-12-24 02:55:00,15,12,24,2,55,940,76,"41, PARIS (AV DE)",,,Nuit avec éclairage allumé,En agglomération,Hors intersection,Normale,Autre collision,,,,,,,,,,,5,2,1,1,6
201500042790,0015-02-02 16:55:00,15,2,2,16,55,940,76,"3, FONTAINE (PAS DE LA)",,,Plein jour,En agglomération,Intersection en T,Normale,Autre collision,,,,,,,,,,,1,2,3,1,6
201500042791,0015-04-29 16:45:00,15,4,29,16,45,940,3,"1, GENERAL MALLERET JOIN",,,Plein jour,En agglomération,Intersection en T,Normale,Deux véhicules - côté,,,,,,,,,,,1,2,3,1,3
201500042792,0015-04-30 10:10:00,15,4,30,10,10,940,43,"25 BIS, EUGENE THOMAS (A",,,Plein jour,En agglomération,Hors intersection,Pluie légère,Deux véhicules - arrière,,,,,,,,,,,1,2,1,2,2
201500042793,0015-12-23 18:55:00,15,12,23,18,55,940,76,"1, DIVISION DU GENERAL L",,,Nuit avec éclairage allumé,Hors agglomération,Hors intersection,Normale,Sans collision,,,,,,,,,,,5,1,1,1,7
201500042794,0015-01-02 13:50:00,15,1,2,13,50,940,73,AV DE VERSAILLES,48.7562,2.38709,Plein jour,En agglomération,Hors intersection,Normale,Deux véhicules - arrière,,,,,,,,,,,1,2,1,1,2
201500042795,0015-01-02 16:10:00,15,1,2,16,10,940,38,"., ALBERT WATEL (R)",,,Plein jour,En agglomération,Hors intersection,Temps couvert,Autre collision,,,,,,,,,,,1,2,1,8,6
201500042796,0015-01-05 10:55:00,15,1,5,10,55,940,65,TROIS MARCHES (Av des),,,Plein jour,En agglomération,Intersection à plus de 4 branches,Normale,Deux véhicules - côté,,,,,,,,,,,1,2,5,1,3
201500042797,0015-01-05 16:35:00,15,1,5,16,35,940,38,"31, SAUSSAIES (VOI DES)",,,Plein jour,En agglomération,Intersection en T,Temps couvert,Autre collision,,,,,,,,,,,1,2,3,8,6
201500042798,0015-01-06 07:50:00,15,1,6,7,50,940,21,"., MONTPELLIERS (RUE DE)",,,Crépuscule ou aube,En agglomération,Hors intersection,Pluie légère,Deux véhicules - côté,,,,,,,,,,,2,2,1,2,3
201500042799,0015-01-08 11:00:00,15,1,8,11,0,940,38,LARROUMES (AV),,,Plein jour,En agglomération,Intersection en X,Temps couvert,Deux véhicules - frontale,,,,,,,,,,,1,2,2,8,1
201500042800,0015-01-08 13:20:00,15,1,8,13,20,940,38,"48, DIVISION LECLERC (AV",,,Plein jour,En agglomération,Hors intersection,Pluie légère,Autre collision,,,,,,,,,,,1,2,1,2,6
201500042801,0015-01-08 19:30:00,15,1,8,19,30,940,73,LUXEMBOURG (AV DU),,,Nuit avec éclairage allumé,En agglomération,Hors intersection,Normale,Deux véhicules - côté,,,,,,,,,,,5,2,1,1,3
201500042802,0015-01-09 09:15:00,15,1,9,9,15,940,21,"., STALINGRAD (AV DE)",,,Plein jour,En agglomération,Hors intersection,Pluie légère,Autre collision,,,,,,,,,,,1,2,1,2,6
201500042803,0015-01-13 13:00:00,15,1,13,13,0,940,73,"38, HELENE MULLER (R)",,,Plein jour,En agglomération,Hors intersection,Pluie légère,Autre collision,,,,,,,,,,,1,2,1,2,6
201500042804,0015-01-13 14:55:00,15,1,13,14,55,940,38,LARROUMES (AV),,,Plein jour,En agglomération,Intersection en T,Pluie légère,Sans collision,,,,,,,,,,,1,2,3,2,7
201500042805,0015-01-14 06:45:00,15,1,14,6,45,940,73,"., BAS MARIN (R DU)",,,Nuit avec éclairage allumé,En agglomération,Intersection en X,Pluie légère,Deux véhicules - côté,,,,,,,,,,,5,2,2,2,3
201500042806,0015-01-14 12:50:00,15,1,14,12,50,940,38,"., PAUL VAILLANT COUTURI",,,Plein jour,Hors agglomération,Hors intersection,Pluie forte,Autre collision,,,,,,,,,,,1,1,1,3,6
201500042807,0015-01-15 07:15:00,15,1,15,7,15,940,34,PASTEUR (BD),,,Crépuscule ou aube,En agglomération,Intersection en X,Normale,Deux véhicules - arrière,,,,,,,,,,,2,2,2,1,2
201500042808,0015-01-16 12:30:00,15,1,16,12,30,940,38,"124, PAUL VAILLANT COUTU",,,Plein jour,En agglomération,Hors intersection,Normale,Deux véhicules - côté,,,,,,,,,,,1,2,1,1,3
201500042809,0015-01-16 19:00:00,15,1,16,19,0,940,73,BAS MARIN (R DU),,,Nuit sans éclairage public,En agglomération,Hors intersection,Normale,Deux véhicules - arrière,,,,,,,,,,,3,2,1,1,2
201500042810,0015-01-21 11:45:00,15,1,21,11,45,940,38,BICETRE (R DE),,,Plein jour,En agglomération,Intersection en X,Normale,Deux véhicules - côté,,,,,,,,,,,1,2,2,1,3
201500042811,0015-01-24 16:48:00,15,1,24,16,48,940,73,rond point d'Espagne,,,Plein jour,En agglomération,Intersection en X,Normale,Deux véhicules - frontale,,,,,,,,,,,1,2,2,1,1
201500042812,0015-01-27 20:45:00,15,1,27,20,45,940,34,PAIX (AV DE LA),,,Nuit avec éclairage allumé,En agglomération,Hors intersection,Normale,Deux véhicules - frontale,,,,,,,,,,,5,2,1,1,1
201500042813,0015-01-29 18:30:00,15,1,29,18,30,940,34,ROGER SALENGRO (R),,,Nuit avec éclairage non allumé,En agglomération,Intersection en Y,Pluie légère,Autre collision,,,,,,,,,,,4,2,4,2,6
201500042814,0015-01-30 18:00:00,15,1,30,18,0,940,65,RN 186,48.7539,2.36543,Nuit sans éclairage public,En agglomération,Hors intersection,Temps couvert,Deux véhicules - arrière,,,,,,,,,,,3,2,1,8,2
201500042815,0015-01-31 21:30:00,15,1,31,21,30,940,73,RN 186,48.7537,2.37607,Nuit avec éclairage allumé,Hors agglomération,Hors intersection,Pluie légère,Autre collision,,,,,,,,,,,5,1,1,2,6
201500042816,0015-02-06 06:45:00,15,2,6,6,45,940,65,"., CHARLES LINDBERGH (AV",,,Nuit avec éclairage allumé,Hors agglomération,Hors intersection,Normale,Deux véhicules - côté,,,,,,,,,,,5,1,1,1,3
201500042817,0015-02-06 13:50:00,15,2,6,13,50,940,73,"38, GENERAL DE GAULLE (A",,,Plein jour,En agglomération,Hors intersection,Normale,Deux véhicules - côté,,,,,,,,,,,1,2,1,1,3
201500042818,0015-02-06 18:00:00,15,2,6,18,0,940,38,"35, CHEVILLY (R DE)",,,Nuit avec éclairage allumé,En agglomération,Hors intersection,Normale,Autre collision,,,,,,,,,,,5,2,1,1,6
201500042819,0015-02-10 11:15:00,15,2,10,11,15,940,73,"12, BAS MARIN (R DU)",,,Plein jour,En agglomération,Intersection en X,Normale,Deux véhicules - arrière,,,,,,,,,,,1,2,2,1,2
201500042820,0015-02-10 19:20:00,15,2,10,19,20,940,65,RN 186,48.7538,2.35842,Nuit sans éclairage public,Hors agglomération,Hors intersection,Normale,Trois véhicules et plus - en chaîne,,,,,,,,,,,3,1,1,1,4
201500042821,0015-02-12 08:00:00,15,2,12,8,0,940,21,"., STALINGRAD (AV DE)",,,Plein jour,En agglomération,Hors intersection,Normale,Sans collision,,,,,,,,,,,1,2,1,1,7
201500042822,0015-02-12 16:00:00,15,2,12,16,0,940,21,"., RUE PAUL HOCHART",,,Plein jour,En agglomération,Intersection en T,Normale,Deux véhicules - côté,,,,,,,,,,,1,2,3,1,3
201500042823,0015-02-13 07:30:00,15,2,13,7,30,940,65,RN 186,48.7533,2.36747,Plein jour,Hors agglomération,Hors intersection,Normale,Autre collision,,,,,,,,,,,1,1,1,1,6
201500042824,0015-02-13 10:30:00,15,2,13,10,30,940,65,"., RUE DE NORMANDIE",,,Plein jour,Hors agglomération,Hors intersection,Normale,Deux véhicules - arrière,,,,,,,,,,,1,1,1,1,2
201500042825,0015-02-14 11:20:00,15,2,14,11,20,940,38,"122, HENRI BARBUSSE (AV)",,,Plein jour,En agglomération,Hors intersection,Pluie légère,Deux véhicules - frontale,,,,,,,,,,,1,2,1,2,1
201500042826,0015-02-20 08:40:00,15,2,20,8,40,940,73,"., LEON MARCHAND (AV)",,,Plein jour,Hors agglomération,Intersection en X,Pluie légère,Deux véhicules - côté,,,,,,,,,,,1,1,2,2,3
201500042827,0015-02-25 04:10:00,15,2,25,4,10,940,65,"., TROIS MARCHES (AV) /",,,Nuit avec éclairage allumé,En agglomération,Intersection en X,Normale,Deux véhicules - frontale,,,,,,,,,,,5,2,2,1,1
201500042828,0015-02-26 18:50:00,15,2,26,18,50,940,65,"., CHARLES LINDBERGH (AV",,,Nuit avec éclairage allumé,En agglomération,Intersection en T,Pluie légère,Deux véhicules - côté,,,,,,,,,,,5,2,3,2,3
201500042829,0015-02-28 05:10:00,15,2,28,5,10,940,65,"., PONT DES HALLES (R DU",,,Nuit avec éclairage allumé,Hors agglomération,Hors intersection,Normale,Autre collision,,,,,,,,,,,5,1,1,1,6
201500042830,0015-03-03 08:20:00,15,3,3,8,20,940,38,"., CHEVILLY (R DE)",,,Plein jour,En agglomération,Hors intersection,Normale,Sans collision,,,,,,,,,,,1,2,1,1,7
201500042831,0015-03-04 11:00:00,15,3,4,11,0,940,38,DISPAN (R),,,Plein jour,En agglomération,Hors intersection,Normale,Autre collision,,,,,,,,,,,1,2,1,1,6
201500042832,0015-03-04 17:15:00,15,3,4,17,15,940,65,"., BOULEVARD CIRCULAIRE",,,Plein jour,En agglomération,Hors intersection,Normale,Sans collision,,,,,,,,,,,1,2,1,1,7
201500042833,0015-03-05 05:25:00,15,3,5,5,25,940,73,RN 186,48.754,2.37937,Nuit avec éclairage allumé,En agglomération,Hors intersection,Normale,Deux véhicules - côté,,,,,,,,,,,5,2,1,1,3
201500042834,0015-03-07 13:00:00,15,3,7,13,0,940,38,"., FLOUQUET (AV)",,,Plein jour,En agglomération,Hors intersection,Normale,Trois véhicules et plus - en chaîne,,,,,,,,,,,1,2,1,1,4
201500042835,0015-03-13 19:30:00,15,3,13,19,30,940,65,"., RUE DU VIADUC",,,Nuit avec éclairage allumé,En agglomération,Hors intersection,Normale,Autre collision,,,,,,,,,,,5,2,1,1,6
201500042836,0015-03-14 15:35:00,15,3,14,15,35,940,38,"., PAUL VAILLANT COUTURI",,,Plein jour,En agglomération,Intersection en X,Normale,Deux véhicules - côté,,,,,,,,,,,1,2,2,1,3
201500042837,0015-03-18 13:40:00,15,3,18,13,40,940,38,"18, HUIT MAI 1945 (R DU)",,,Plein jour,En agglomération,Hors intersection,Normale,Deux véhicules - côté,,,,,,,,,,,1,2,1,1,3
201500042838,0015-03-19 09:00:00,15,3,19,9,0,940,38,"., HENRI BARBUSSE (AV)",,,Plein jour,En agglomération,Hors intersection,Normale,Sans collision,,,,,,,,,,,1,2,1,1,7
201500042839,0015-03-21 18:20:00,15,3,21,18,20,940,65,"., CHARLES LINDBERGH (AV",,,Crépuscule ou aube,En agglomération,Hors intersection,Normale,Autre collision,,,,,,,,,,,2,2,1,1,6
201500042840,0015-03-23 00:25:00,15,3,23,0,25,940,38,"., LARROUMES (AV)",,,Nuit avec éclairage allumé,En agglomération,Hors intersection,Normale,Autre collision,,,,,,,,,,,5,2,1,1,6
201500042841,0015-03-24 21:15:00,15,3,24,21,15,940,73,RN 186,48.7537,2.37595,Nuit avec éclairage allumé,Hors agglomération,Hors intersection,Pluie forte,Autre collision,,,,,,,,,,,5,1,1,3,6
201500042842,0015-03-26 08:30:00,15,3,26,8,30,940,73,"17, ALOUETTES (R DES)",,,Plein jour,En agglomération,Autre intersection,Normale,Deux véhicules - côté,,,,,,,,,,,1,2,9,1,3
201500042843,0015-03-26 15:30:00,15,3,26,15,30,940,34,"., STALINGRAD (AV DE)",,,Plein jour,En agglomération,Giratoire,Pluie légère,Deux véhicules - arrière,,,,,,,,,,,1,2,6,2,2
201500042844,0015-03-27 08:15:00,15,3,27,8,15,940,38,"3, SAINTE COLOMBE (R)",,,Plein jour,En agglomération,Hors intersection,Normale,Autre collision,,,,,,,,,,,1,2,1,1,6
201500042845,0015-03-27 14:05:00,15,3,27,14,5,940,73,FONTAINEBLEAU (AV DE),,,Plein jour,En agglomération,Hors intersection,Normale,Deux véhicules - arrière,,,,,,,,,,,1,2,1,1,2
201500042846,0015-03-28 08:00:00,15,3,28,8,0,940,38,"1, BELVEDERE (R DU)",,,Plein jour,En agglomération,Giratoire,Pluie légère,Deux véhicules - côté,,,,,,,,,,,1,2,6,2,3
201500042847,0015-03-29 21:00:00,15,3,29,21,0,940,38,CHEVILLY (R DE),,,Nuit avec éclairage allumé,En agglomération,Hors intersection,Pluie légère,Trois véhicules et plus - en chaîne,,,,,,,,,,,5,2,1,2,4
201500042848,0015-03-30 11:15:00,15,3,30,11,15,940,38,"40, BICETRE (R DE)",,,Plein jour,En agglomération,Autre intersection,Normale,Deux véhicules - côté,,,,,,,,,,,1,2,9,1,3
201500042849,0015-03-30 11:30:00,15,3,30,11,30,940,21,", EDITH PIAF (R)",,,Plein jour,En agglomération,Hors intersection,Normale,Autre collision,,,,,,,,,,,1,2,1,1,6
201500042850,0015-04-05 11:00:00,15,4,5,11,0,940,73,"02, HELENE MULLER (R)",,,Plein jour,En agglomération,Hors intersection,Normale,Deux véhicules - frontale,,,,,,,,,,,1,2,1,1,1
201500042851,0015-04-06 13:55:00,15,4,6,13,55,940,73,"., ALOUETTES (R DES)",,,Plein jour,En agglomération,Hors intersection,Normale,Sans collision,,,,,,,,,,,1,2,1,1,7
201500042852,0015-04-10 11:30:00,15,4,10,11,30,940,65,CHATEAU (R DU),,,Plein jour,En agglomération,Hors intersection,Normale,Autre collision,,,,,,,,,,,1,2,1,1,6
201500042853,0015-04-11 16:30:00,15,4,11,16,30,940,73,boulevard de l'europe,,,Plein jour,Hors agglomération,Hors intersection,Normale,Autre collision,,,,,,,,,,,1,1,1,1,6
201500042854,0015-04-13 18:00:00,15,4,13,18,0,940,73,"7, JEAN JAURES (R)",,,Plein jour,En agglomération,Hors intersection,Normale,Autre collision,,,,,,,,,,,1,2,1,1,6
201500042855,0015-04-20 07:30:00,15,4,20,7,30,940,21,"., DES MARAICHERS (AVENU",,,Plein jour,En agglomération,Intersection en X,Normale,Deux véhicules - côté,,,,,,,,,,,1,2,2,1,3
201500042856,0015-04-20 16:15:00,15,4,20,16,15,940,73,"., ALOUETTES (R DES)",,,Plein jour,En agglomération,Hors intersection,Normale,Deux véhicules - côté,,,,,,,,,,,1,2,1,1,3
201500042857,0015-04-20 18:10:00,15,4,20,18,10,940,73,"., VICTOR BASCH (R)",,,Plein jour,En agglomération,Intersection en T,Normale,Sans collision,,,,,,,,,,,1,2,3,1,7
201500042858,0015-04-25 20:20:00,15,4,25,20,20,940,21,"09, PICARDIE (R DE)",,,Crépuscule ou aube,En agglomération,Hors intersection,Pluie légère,Autre collision,,,,,,,,,,,2,2,1,2,6
201500042859,0015-04-26 07:50:00,15,4,26,7,50,940,73,"., GENERAL DE GAULLE (AV",,,Plein jour,En agglomération,Giratoire,Autre,Autre collision,,,,,,,,,,,1,2,6,9,6
201500042860,0015-04-28 08:00:00,15,4,28,8,0,940,34,"., PAIX (AV DE LA)",,,Plein jour,En agglomération,Autre intersection,Temps éblouissant,Deux véhicules - côté,,,,,,,,,,,1,2,9,7,3
201500042861,0015-05-03 14:15:00,15,5,3,14,15,940,73,VERSAILLES (AV DE),,,Plein jour,En agglomération,Hors intersection,Pluie légère,Autre collision,,,,,,,,,,,1,2,1,2,6
201500042862,0015-05-05 17:50:00,15,5,5,17,50,940,34,"37, REPUBLIQUE (AV DE LA",,,Plein jour,En agglomération,Hors intersection,Normale,Autre collision,,,,,,,,,,,1,2,1,1,6
201500042863,0015-05-12 23:10:00,15,5,12,23,10,940,73,GABRIEL PERI (R),,,Nuit avec éclairage allumé,En agglomération,Hors intersection,Normale,Deux véhicules - arrière,,,,,,,,,,,5,2,1,1,2
201500042864,0015-05-13 17:00:00,15,5,13,17,0,940,65,CHARLES LINDBERGH (AV),,,Plein jour,En agglomération,Hors intersection,Normale,Deux véhicules - côté,,,,,,,,,,,1,2,1,1,3
201500042865,0015-05-15 20:05:00,15,5,15,20,5,940,73,LEON MARCHAND (AV),,,Crépuscule ou aube,En agglomération,Intersection en X,Normale,Deux véhicules - côté,,,,,,,,,,,2,2,2,1,3
201500042866,0015-05-19 04:50:00,15,5,19,4,50,940,65,"., CHARENTES (AVENUE DES",,,Nuit avec éclairage allumé,En agglomération,Intersection en T,Normale,Sans collision,,,,,,,,,,,5,2,3,1,7
201500042867,0015-05-22 07:50:00,15,5,22,7,50,940,73,"., GENERAL DE GAULLE (AV",,,Plein jour,En agglomération,Intersection en T,Autre,Autre collision,,,,,,,,,,,1,2,3,9,6
201500042868,0015-05-22 18:14:00,15,5,22,18,14,940,38,"., PAUL HOCHART (R)",,,Plein jour,Hors agglomération,Passage à niveau,Normale,Autre collision,,,,,,,,,,,1,1,8,1,6
201500042869,0015-05-25 17:30:00,15,5,25,17,30,940,73,"., FONTAINEBLEAU (AV DE)",,,Plein jour,En agglomération,Hors intersection,Normale,Sans collision,,,,,,,,,,,1,2,1,1,7
201500042870,0015-05-27 17:55:00,15,5,27,17,55,940,73,"., GENERAL DE GAULLE (AV",,,Plein jour,En agglomération,Hors intersection,Normale,Autre collision,,,,,,,,,,,1,2,1,1,6
201500042871,0015-05-29 17:55:00,15,5,29,17,55,940,73,"., HENRI DUNANT (R)",,,Plein jour,En agglomération,Intersection en T,Normale,Deux véhicules - côté,,,,,,,,,,,1,2,3,1,3
201500042872,0015-05-29 20:00:00,15,5,29,20,0,940,73,"., VERSAILLES (AV DE)",,,Plein jour,En agglomération,Hors intersection,Normale,Deux véhicules - arrière,,,,,,,,,,,1,2,1,1,2
201500042873,0015-05-30 18:57:00,15,5,30,18,57,940,38,"2, HENRI BARBUSSE (AV)",,,Plein jour,En agglomération,Intersection en X,Normale,Deux véhicules - arrière,,,,,,,,,,,1,2,2,1,2
201500042874,0015-06-01 22:30:00,15,6,1,22,30,940,38,FLOUQUET (AV),,,Nuit sans éclairage public,En agglomération,Intersection en T,Normale,Autre collision,,,,,,,,,,,3,2,3,1,6
201500042875,0015-06-01 23:45:00,15,6,1,23,45,940,65,"angle, CHARLES LINDBERGH",,,Nuit avec éclairage allumé,En agglomération,Intersection en X,Normale,Deux véhicules - arrière,,,,,,,,,,,5,2,2,1,2
201500042876,0015-06-03 16:05:00,15,6,3,16,5,940,21,"., GENERAL DE GAULLE (AV",,,Plein jour,En agglomération,Giratoire,Normale,Trois véhicules et plus - collisions multiples,,,,,,,,,,,1,2,6,1,5
201500042877,0015-06-05 16:00:00,15,6,5,16,0,940,34,STALINGRAD (AV DE),,,Plein jour,En agglomération,Hors intersection,Normale,Deux véhicules - arrière,,,,,,,,,,,1,2,1,1,2
201500042878,0015-06-05 16:10:00,15,6,5,16,10,940,73,LUXEMBOURG (AV DU),,,Plein jour,En agglomération,Hors intersection,Normale,Deux véhicules - côté,,,,,,,,,,,1,2,1,1,3
201500042879,0015-06-11 15:55:00,15,6,11,15,55,940,21,"45, FRANKLIN ROOSEVELT (",,,Plein jour,En agglomération,Autre intersection,Normale,Deux véhicules - côté,,,,,,,,,,,1,2,9,1,3
201500042880,0015-06-11 21:20:00,15,6,11,21,20,940,73,LUXEMBOURG (AV DU),,,Crépuscule ou aube,En agglomération,Autre intersection,Normale,Deux véhicules - côté,,,,,,,,,,,2,2,9,1,3
201500042881,0015-06-12 08:25:00,15,6,12,8,25,940,21,PETIT LEROY (R DU),,,Plein jour,En agglomération,Hors intersection,Normale,Deux véhicules - côté,,,,,,,,,,,1,2,1,1,3
201500042882,0015-06-12 16:00:00,15,6,12,16,0,940,21,PERE MAZURIE (R DU),,,Plein jour,En agglomération,Intersection en Y,Normale,Deux véhicules - arrière,,,,,,,,,,,1,2,4,1,2
201500042883,0015-06-12 18:15:00,15,6,12,18,15,940,21,"125, JEAN MERMOZ (BD)",,,Plein jour,En agglomération,Hors intersection,Normale,Deux véhicules - côté,,,,,,,,,,,1,2,1,1,3
201500042884,0015-06-15 22:20:00,15,6,15,22,20,940,38,PAUL VAILLANT COUTURIER,,,Nuit avec éclairage allumé,En agglomération,Intersection en X,Normale,Deux véhicules - côté,,,,,,,,,,,5,2,2,1,3
201500042885,0015-06-15 22:55:00,15,6,15,22,55,940,21,CITE (AV DE LA),,,Nuit avec éclairage allumé,En agglomération,Autre intersection,Normale,Deux véhicules - arrière,,,,,,,,,,,5,2,9,1,2
201500042886,0015-06-16 08:00:00,15,6,16,8,0,940,65,HALLIERS/LINDBERGH,48.7531,2.34984,Plein jour,En agglomération,Giratoire,Normale,Deux véhicules - côté,,,,,,,,,,,1,2,6,1,3
201500042887,0015-06-18 11:40:00,15,6,18,11,40,940,65,"., CHARLES LINDBERGH (AV",,,Plein jour,En agglomération,Hors intersection,Temps couvert,Deux véhicules - côté,,,,,,,,,,,1,2,1,8,3
201500042888,0015-06-01 11:35:00,15,6,1,11,35,940,73,"193, STALINGRAD (BD DE)",,,Plein jour,En agglomération,Hors intersection,Normale,Autre collision,,,,,,,,,,,1,2,1,1,6
201500042889,0015-06-22 17:05:00,15,6,22,17,5,940,38,"124, PAUL VAILLANT COUTU",,,Plein jour,En agglomération,Hors intersection,Pluie légère,Autre collision,,,,,,,,,,,1,2,1,2,6
201500042890,0015-06-25 08:30:00,15,6,25,8,30,940,21,FRANKLIN ROOSEVELT (AV),,,Plein jour,En agglomération,Hors intersection,Normale,Trois véhicules et plus - en chaîne,,,,,,,,,,,1,2,1,1,4
201500042891,0015-06-25 17:50:00,15,6,25,17,50,940,73,"7, ALOUETTES (R DES)",,,Plein jour,En agglomération,Hors intersection,Normale,Trois véhicules et plus - en chaîne,,,,,,,,,,,1,2,1,1,4
201500042892,0015-06-26 08:00:00,15,6,26,8,0,940,34,"02, PIERRE CURIE (PL)",,,Plein jour,En agglomération,Hors intersection,Normale,Trois véhicules et plus - en chaîne,,,,,,,,,,,1,2,1,1,4
201500042893,0015-06-26 09:15:00,15,6,26,9,15,940,21,"., 11 novembre 1918 (Rue",,,Plein jour,En agglomération,Hors intersection,Normale,Deux véhicules - côté,,,,,,,,,,,1,2,1,1,3
201500042894,0015-06-26 18:05:00,15,6,26,18,5,940,65,RN 186,48.7538,2.36165,Plein jour,Hors agglomération,Hors intersection,Normale,Trois véhicules et plus - collisions multiples,,,,,,,,,,,1,1,1,1,5
201500042895,0015-06-27 22:30:00,15,6,27,22,30,940,21,BEARN (R DU),,,Nuit avec éclairage allumé,En agglomération,Intersection en X,Normale,Sans collision,,,,,,,,,,,5,2,2,1,7
201500042896,0015-06-28 05:45:00,15,6,28,5,45,940,73,FONTAINEBLEAU (AV DE),,,Crépuscule ou aube,En agglomération,Autre intersection,Normale,Autre collision,,,,,,,,,,,2,2,9,1,6
201500042897,0015-06-28 12:25:00,15,6,28,12,25,940,73,FONTAINEBLEAU (AV DE),,,Plein jour,En agglomération,Hors intersection,Normale,Trois véhicules et plus - en chaîne,,,,,,,,,,,1,2,1,1,4
201500042898,0015-07-05 11:00:00,15,7,5,11,0,940,65,"., CIRCULAIRE (boulevard",,,Plein jour,En agglomération,Hors intersection,Normale,Trois véhicules et plus - en chaîne,,,,,,,,,,,1,2,1,1,4
201500042899,0015-07-10 18:05:00,15,7,10,18,5,940,73,"22, FREDERIC MISTRAL PRO",,,Plein jour,En agglomération,Hors intersection,Normale,Autre collision,,,,,,,,,,,1,2,1,1,6
201500042900,0015-07-15 08:30:00,15,7,15,8,30,940,38,"4, SAINTE COLOMBE (R)",,,Plein jour,En agglomération,Intersection en Y,Normale,Autre collision,,,,,,,,,,,1,2,4,1,6