accident_id,datetime,annee,mois,jour,heure,minute,departement,commune_insee,adresse,latitude,longitude,luminosite,agglomeration,intersection,meteo,collision,nb_vehicules,nb_usagers,nb_indemnes,nb_tues,nb_blesses_hosp,nb_blesses_legers,age_cond_1,age_cond_2,veh_type_cond_1,veh_type_cond_2,lum_code,agg_code,int_code,atm_code,col_code
201500043165,0015-01-19 14:20:00,15,1,19,14,20,940,15,PERES CAMILLIENS (R DES),,,Plein jour,En agglomération,Autre intersection,Normale,Deux véhicules - côté,,,,,,,,,,,1,2,9,1,3
201500043166,0015-01-20 15:55:00,15,1,20,15,55,940,58,LEDRU ROLLIN (AV),,,Plein jour,En agglomération,Hors intersection,Temps couvert,Autre collision,,,,,,,,,,,1,2,1,8,6
201500043167,0015-01-20 15:40:00,15,1,20,15,40,940,58,"71, GAITE (R DE LA)",,,Plein jour,En agglomération,Hors intersection,Normale,Autre collision,,,,,,,,,,,1,2,1,1,6
201500043168,0015-07-20 08:52:00,15,7,20,8,52,940,15,CLOTAIS (R DES),,,Plein jour,En agglomération,Hors intersection,Pluie légère,Deux véhicules - côté,,,,,,,,,,,1,2,1,2,3
201500043169,0015-01-22 07:55:00,15,1,22,7,55,940,52,"147terA, STRASBOURG (BD",,,Crépuscule ou aube,En agglomération,Hors intersection,Normale,Autre collision,,,,,,,,,,,2,2,1,1,6
201500043170,0015-07-13 16:55:00,15,7,13,16,55,940,58,PIERRE BROSSOLETTE (AV),,,Plein jour,En agglomération,Intersection en T,Normale,Deux véhicules - côté,,,,,,,,,,,1,2,3,1,3
201500043171,0015-01-23 16:00:00,15,1,23,16,0,940,15,PIERRE CURIE (R),,,Plein jour,En agglomération,Intersection en X,Temps couvert,Autre collision,,,,,,,,,,,1,2,2,8,6
201500043172,0015-07-16 18:15:00,15,7,16,18,15,940,58,"177, ALSACE LORRAINE (BD",,,Plein jour,En agglomération,Hors intersection,Normale,Deux véhicules - arrière,,,,,,,,,,,1,2,1,1,2
201500043173,0015-10-01 16:30:00,15,10,1,16,30,940,58,"115, LEDRU ROLLIN (AV)",,,Plein jour,En agglomération,Hors intersection,Normale,Autre collision,,,,,,,,,,,1,2,1,1,6
201500043174,0015-01-27 13:10:00,15,1,27,13,10,940,58,"21, LEDRU ROLLIN (AV)",,,Plein jour,En agglomération,Hors intersection,Normale,Autre collision,,,,,,,,,,,1,2,1,1,6
201500043175,0015-01-29 20:25:00,15,1,29,20,25,940,52,"1, HOCHE (R)",,,Nuit avec éclairage allumé,En agglomération,Hors intersection,Pluie légère,Autre collision,,,,,,,,,,,5,2,1,2,6
201500043176,0015-01-30 16:15:00,15,1,30,16,15,940,52,"15, JOINVILLE (AV DE)",,,Plein jour,En agglomération,Hors intersection,Temps couvert,Autre collision,,,,,,,,,,,1,2,1,8,6
201500043177,0015-01-30 17:45:00,15,1,30,17,45,940,42,JEAN MERMOZ (R),,,Nuit avec éclairage allumé,En agglomération,Intersection en X,Normale,Autre collision,,,,,,,,,,,5,2,2,1,6
201500043178,0015-07-22 13:45:00,15,7,22,13,45,940,42,"43, GENERAL GALLIENI (AV",,,Plein jour,En agglomération,Hors intersection,Normale,Sans collision,,,,,,,,,,,1,2,1,1,7
201500043179,0015-02-03 10:30:00,15,2,3,10,30,940,15,PASTEUR (BD),,,Plein jour,En agglomération,Intersection à plus de 4 branches,Normale,Deux véhicules - arrière,,,,,,,,,,,1,2,5,1,2
201500043180,0015-02-03 12:50:00,15,2,3,12,50,940,42,VERDUN (PL DE),,,Plein jour,En agglomération,Place,Normale,Deux véhicules - côté,,,,,,,,,,,1,2,7,1,3
201500043181,0015-07-25 20:00:00,15,7,25,20,0,940,42,FOCH (AV),,,Plein jour,En agglomération,Hors intersection,Normale,Deux véhicules - côté,,,,,,,,,,,1,2,1,1,3
201500043182,0015-02-04 14:10:00,15,2,4,14,10,940,58,"113, LEDRU ROLLIN (AV)",,,Plein jour,En agglomération,Hors intersection,Normale,Autre collision,,,,,,,,,,,1,2,1,1,6
201500043183,0015-02-04 11:00:00,15,2,4,11,0,940,52,"2, GAMBETTA (BD)",,,Plein jour,En agglomération,Hors intersection,Normale,Deux véhicules - côté,,,,,,,,,,,1,2,1,1,3
201500043184,0015-02-08 05:55:00,15,2,8,5,55,940,42,MARNE (QU DE),,,Nuit avec éclairage allumé,En agglomération,Intersection en T,Temps couvert,Autre collision,,,,,,,,,,,5,2,3,8,6
201500043185,0015-08-04 19:20:00,15,8,4,19,20,940,15,"06 bis, RIGNY (AV DE)",,,Plein jour,En agglomération,Hors intersection,Normale,Deux véhicules - frontale,,,,,,,,,,,1,2,1,1,1
201500043186,0015-08-05 14:15:00,15,8,5,14,15,940,58,MONTAIGNE (AV),,,Plein jour,En agglomération,Hors intersection,Normale,Deux véhicules - côté,,,,,,,,,,,1,2,1,1,3
201500043187,0015-08-12 16:30:00,15,8,12,16,30,940,42,"14, GENERAL GALLIENI (AV",,,Plein jour,En agglomération,Hors intersection,Normale,Autre collision,,,,,,,,,,,1,2,1,1,6
201500043188,0015-05-14 13:30:00,15,5,14,13,30,940,52,"136, STRASBOURG (BD DE)",,,Plein jour,En agglomération,Hors intersection,Normale,Autre collision,,,,,,,,,,,1,2,1,1,6
201500043189,0015-03-03 07:50:00,15,3,3,7,50,940,15,"2, PASTEUR (BD)",,,Plein jour,En agglomération,Hors intersection,Normale,Deux véhicules - arrière,,,,,,,,,,,1,2,1,1,2
201500043190,0015-03-06 14:00:00,15,3,6,14,0,940,58,"40bis, MARECHAL JOFFRE (",,,Plein jour,En agglomération,Hors intersection,Normale,Autre collision,,,,,,,,,,,1,2,1,1,6
201500043191,0015-03-06 14:30:00,15,3,6,14,30,940,15,"74, GENERAL LECLERC (AV)",,,Plein jour,En agglomération,Hors intersection,Normale,Autre collision,,,,,,,,,,,1,2,1,1,6
201500043192,0015-08-27 11:30:00,15,8,27,11,30,940,42,VERDUN (PL DE),,,Plein jour,En agglomération,Hors intersection,Pluie forte,Deux véhicules - côté,,,,,,,,,,,1,2,1,3,3
201500043193,0015-03-07 18:45:00,15,3,7,18,45,940,58,"185, ALSACE LORRAINE (BD",,,Nuit avec éclairage allumé,En agglomération,Hors intersection,Normale,Deux véhicules - arrière,,,,,,,,,,,5,2,1,1,2
201500043194,0015-03-08 22:30:00,15,3,8,22,30,940,52,ALBERT 1ER/KABLE,48.8356,2.49382,Nuit avec éclairage allumé,En agglomération,Intersection en X,Normale,Deux véhicules - frontale,,,,,,,,,,,5,2,2,1,1
201500043195,0015-03-11 15:25:00,15,3,11,15,25,940,58,"159, PIERRE BROSSOLETTE",,,Plein jour,En agglomération,Hors intersection,Normale,Autre collision,,,,,,,,,,,1,2,1,1,6
201500043196,0015-03-11 16:10:00,15,3,11,16,10,940,42,EUROPE (BD DE L),,,Plein jour,En agglomération,Hors intersection,Normale,Deux véhicules - arrière,,,,,,,,,,,1,2,1,1,2
201500043197,0015-09-02 08:50:00,15,9,2,8,50,940,58,"67, ONZE NOVEMBRE (AV DU",,,Plein jour,En agglomération,Hors intersection,Normale,Autre collision,,,,,,,,,,,1,2,1,1,6
201500043198,0015-03-12 08:55:00,15,3,12,8,55,940,52,THIERS (R),,,Plein jour,En agglomération,Intersection en T,Normale,Autre collision,,,,,,,,,,,1,2,3,1,6
201500043199,0015-03-13 14:10:00,15,3,13,14,10,940,52,JOINVILLE (AV DE),,,Plein jour,En agglomération,Autre intersection,Normale,Deux véhicules - côté,,,,,,,,,,,1,2,9,1,3
201500043200,0015-03-14 17:45:00,15,3,14,17,45,940,42,EUROPE (BD DE L),,,Plein jour,En agglomération,Intersection en X,Normale,Deux véhicules - côté,,,,,,,,,,,1,2,2,1,3
201500043201,0015-09-06 14:30:00,15,9,6,14,30,940,42,"3, POLANGIS (QU DE)",,,Plein jour,Hors agglomération,Hors intersection,Normale,Autre collision,,,,,,,,,,,1,1,1,1,6
201500043202,0015-03-16 08:30:00,15,3,16,8,30,940,52,STRASBOURG (BD DE),,,Plein jour,En agglomération,Hors intersection,Normale,Autre collision,,,,,,,,,,,1,2,1,1,6
201500043203,0015-03-17 15:00:00,15,3,17,15,0,940,42,VERDUN (PL DE),,,Plein jour,En agglomération,Hors intersection,Normale,Deux véhicules - arrière,,,,,,,,,,,1,2,1,1,2
201500043204,0015-09-09 11:00:00,15,9,9,11,0,940,58,"111, ALSACE LORRAINE (BD",,,Plein jour,En agglomération,Hors intersection,Normale,Sans collision,,,,,,,,,,,1,2,1,1,7
201500043205,0015-09-09 16:00:00,15,9,9,16,0,940,58,PIERRE BROSSOLETTE (AV),,,Plein jour,En agglomération,Intersection en X,Normale,Deux véhicules - côté,,,,,,,,,,,1,2,2,1,3
201500043206,0015-03-20 15:20:00,15,3,20,15,20,940,15,"62, RIGNY (AV DE)",,,Plein jour,En agglomération,Hors intersection,Normale,Sans collision,,,,,,,,,,,1,2,1,1,7
201500043207,0015-09-13 20:45:00,15,9,13,20,45,940,52,DE GAULLE/GALBRUN,,,Nuit avec éclairage allumé,En agglomération,Intersection en Y,Normale,Deux véhicules - arrière,,,,,,,,,,,5,2,4,1,2
201500043208,0015-09-16 08:30:00,15,9,16,8,30,940,52,AMIRAL COURBET (R DE L),,,Plein jour,En agglomération,Autre intersection,Pluie légère,Deux véhicules - côté,,,,,,,,,,,1,2,9,2,3
201500043209,0015-03-24 15:30:00,15,3,24,15,30,940,15,PASTEUR (BD),,,Plein jour,Hors agglomération,Hors intersection,Pluie légère,Deux véhicules - arrière,,,,,,,,,,,1,1,1,2,2
201500043210,0015-03-24 15:50:00,15,3,24,15,50,940,52,"163, CHARLES DE GAULLE (",,,Plein jour,En agglomération,Hors intersection,Pluie légère,Autre collision,,,,,,,,,,,1,2,1,2,6
201500043211,0015-03-24 18:00:00,15,3,24,18,0,940,52,"80, STRASBOURG (BD DE)",,,Nuit avec éclairage allumé,En agglomération,Hors intersection,Pluie légère,Deux véhicules - arrière,,,,,,,,,,,5,2,1,2,2
201500043212,0015-03-25 17:45:00,15,3,25,17,45,940,15,RIGNY (AV DE),,,Plein jour,En agglomération,Hors intersection,Pluie forte,Autre collision,,,,,,,,,,,1,2,1,3,6
201500043213,0015-03-25 19:30:00,15,3,25,19,30,940,58,GENERAL DE GAULLE (AV DU,,,Nuit avec éclairage allumé,En agglomération,Intersection en X,Temps couvert,Deux véhicules - frontale,,,,,,,,,,,5,2,2,8,1
201500043214,0015-03-28 12:05:00,15,3,28,12,5,940,42,"27, PARIS (R DE)",,,Plein jour,En agglomération,Hors intersection,Pluie légère,Deux véhicules - arrière,,,,,,,,,,,1,2,1,2,2
201500043215,0015-09-23 08:40:00,15,9,23,8,40,940,15,LOUIS FERBER (QU),,,Plein jour,En agglomération,Intersection en T,Pluie légère,Deux véhicules - côté,,,,,,,,,,,1,2,3,2,3
201500043216,0015-09-26 13:30:00,15,9,26,13,30,940,58,"143, GENERAL DE GAULLE (",,,Plein jour,En agglomération,Hors intersection,Normale,Deux véhicules - côté,,,,,,,,,,,1,2,1,1,3
201500043217,0015-04-04 09:35:00,15,4,4,9,35,940,52,JACQUES KABLE/ALBERT 1ER,48.8356,2.49382,Plein jour,En agglomération,Intersection en X,Pluie légère,Deux véhicules - arrière,,,,,,,,,,,1,2,2,2,2
201500043218,0015-04-04 18:20:00,15,4,4,18,20,940,42,GENERAL GALLIENI (AV DU),,,Plein jour,En agglomération,Intersection en X,Normale,Deux véhicules - côté,,,,,,,,,,,1,2,2,1,3
201500043219,0015-04-05 11:30:00,15,4,5,11,30,940,58,"16, LIBERTE (BD DE LA)",,,Plein jour,En agglomération,Hors intersection,Normale,Deux véhicules - arrière,,,,,,,,,,,1,2,1,1,2
201500043220,0015-04-07 10:30:00,15,4,7,10,30,940,42,PARIS (R DE),,,Plein jour,En agglomération,Hors intersection,Normale,Deux véhicules - côté,,,,,,,,,,,1,2,1,1,3
201500043221,0015-04-08 09:10:00,15,4,8,9,10,940,42,"38, GENERAL GALLIENI (AV",,,Plein jour,En agglomération,Hors intersection,Normale,Deux véhicules - arrière,,,,,,,,,,,1,2,1,1,2
201500043222,0015-04-08 14:50:00,15,4,8,14,50,940,15,ARISTIDE BRIAND (R),,,Plein jour,En agglomération,Intersection en T,Normale,Deux véhicules - côté,,,,,,,,,,,1,2,3,1,3
201500043223,0015-04-08 21:30:00,15,4,8,21,30,940,58,ALSACE LORRAINE (BD D),,,Nuit avec éclairage allumé,En agglomération,Intersection en T,Normale,Deux véhicules - côté,,,,,,,,,,,5,2,3,1,3
201500043224,0015-10-02 18:45:00,15,10,2,18,45,940,15,"-, DENIS LAVOGADE (R)",,,Plein jour,En agglomération,Hors intersection,Normale,Deux véhicules - côté,,,,,,,,,,,1,2,1,1,3
201500043225,0015-10-08 09:50:00,15,10,8,9,50,940,52,"12, MARECHAL FAYOLLE (R",,,Plein jour,En agglomération,Hors intersection,Normale,Deux véhicules - frontale,,,,,,,,,,,1,2,1,1,1
201500043226,0015-10-09 18:45:00,15,10,9,18,45,940,52,JOINVILLE (AV DE),,,Plein jour,En agglomération,Intersection en T,Normale,Deux véhicules - côté,,,,,,,,,,,1,2,3,1,3
201500043227,0015-04-16 12:45:00,15,4,16,12,45,940,58,"33, BRY (AV DE)",,,Plein jour,En agglomération,Hors intersection,Normale,Deux véhicules - côté,,,,,,,,,,,1,2,1,1,3
201500043228,0015-04-16 13:15:00,15,4,16,13,15,940,58,"161, PIERRE BROSSOLETTE",,,Plein jour,En agglomération,Hors intersection,Normale,Autre collision,,,,,,,,,,,1,2,1,1,6
201500043229,0015-10-12 12:10:00,15,10,12,12,10,940,42,"17, EUROPE (BD DE L)",,,Plein jour,En agglomération,Hors intersection,Normale,Deux véhicules - frontale,,,,,,,,,,,1,2,1,1,1
201500043230,0015-10-02 11:10:00,15,10,2,11,10,940,42,GALLIENI/PLATANES,48.8201,2.47936,Plein jour,En agglomération,Intersection en X,Normale,Autre collision,,,,,,,,,,,1,2,2,1,6
201500043231,0015-10-10 00:05:00,15,10,10,0,5,940,15,"218, PASTEUR (BD)",,,Nuit avec éclairage allumé,En agglomération,Hors intersection,Normale,Autre collision,,,,,,,,,,,5,2,1,1,6
201500043232,0015-10-16 07:40:00,15,10,16,7,40,940,15,"20, JEAN GRANDEL (R)",,,Crépuscule ou aube,En agglomération,Hors intersection,Pluie légère,Deux véhicules - côté,,,,,,,,,,,2,2,1,2,3
201500043233,0015-04-23 23:20:00,15,4,23,23,20,940,52,"74-76, STRASBOURG (BD DE",,,Nuit avec éclairage allumé,En agglomération,Hors intersection,Normale,Deux véhicules - côté,,,,,,,,,,,5,2,1,1,3
201500043234,0015-10-19 12:40:00,15,10,19,12,40,940,52,STRASBOURG - PL DU GENER,,,Plein jour,En agglomération,Hors intersection,Normale,Autre collision,,,,,,,,,,,1,2,1,1,6
201500043235,0015-10-19 20:25:00,15,10,19,20,25,940,58,ONZE NOVEMBRE (AV DU),,,Nuit avec éclairage allumé,En agglomération,Intersection en T,Normale,Deux véhicules - côté,,,,,,,,,,,5,2,3,1,3
201500043236,0015-10-20 18:15:00,15,10,20,18,15,940,52,"42, CHARLES DE GAULLE (G",,,Plein jour,En agglomération,Autre intersection,Normale,Deux véhicules - côté,,,,,,,,,,,1,2,9,1,3
201500043237,0015-10-22 19:20:00,15,10,22,19,20,940,58,"3, ALSACE LORRAINE (BD D",,,Nuit avec éclairage allumé,En agglomération,Hors intersection,Pluie légère,Deux véhicules - arrière,,,,,,,,,,,5,2,1,2,2
201500043238,0015-04-29 09:35:00,15,4,29,9,35,940,42,JEAN JAURES (AV),,,Plein jour,En agglomération,Intersection en X,Normale,Deux véhicules - côté,,,,,,,,,,,1,2,2,1,3
201500043239,0015-10-23 16:50:00,15,10,23,16,50,940,58,"105, GENERAL DE GAULLE (",,,Crépuscule ou aube,En agglomération,Hors intersection,Normale,Autre collision,,,,,,,,,,,2,2,1,1,6
201500043240,0015-10-25 12:15:00,15,10,25,12,15,940,58,"128, GENERAL DE GAULLE (",,,Plein jour,En agglomération,Hors intersection,Normale,Autre collision,,,,,,,,,,,1,2,1,1,6
201500043241,0015-10-26 13:00:00,15,10,26,13,0,940,42,"63, GENERAL GALLIENI (AV",,,Plein jour,En agglomération,Hors intersection,Normale,Deux véhicules - côté,,,,,,,,,,,1,2,1,1,3
201500043242,0015-05-04 18:00:00,15,5,4,18,0,940,15,"29, GENERAL LECLERC (AV)",,,Plein jour,En agglomération,Hors intersection,Pluie légère,Deux véhicules - côté,,,,,,,,,,,1,2,1,2,3
201500043243,0015-11-09 12:25:00,15,11,9,12,25,940,42,EUROPE/KENNEDY,,,Plein jour,En agglomération,Intersection en X,Normale,Deux véhicules - côté,,,,,,,,,,,1,2,2,1,3
201500043244,0015-10-30 16:00:00,15,10,30,16,0,940,42,CANADIENS (AV DES),,,Plein jour,En agglomération,Hors intersection,Normale,Deux véhicules - côté,,,,,,,,,,,1,2,1,1,3
201500043245,0015-11-05 18:15:00,15,11,5,18,15,940,42,"1, GENERAL GALLIENI (AV",,,Nuit avec éclairage allumé,En agglomération,Hors intersection,Pluie légère,Deux véhicules - côté,,,,,,,,,,,5,2,1,2,3
201500043246,0015-11-07 14:40:00,15,11,7,14,40,940,42,GENERAL GALLIENI - PONT,,,Plein jour,En agglomération,Hors intersection,Normale,Deux véhicules - côté,,,,,,,,,,,1,2,1,1,3
201500043247,0015-11-09 12:30:00,15,11,9,12,30,940,42,EUROPE (BD DE L),,,Plein jour,En agglomération,Intersection en X,Normale,Deux véhicules - côté,,,,,,,,,,,1,2,2,1,3
201500043248,0015-05-18 07:55:00,15,5,18,7,55,940,15,PIERRE BROSSOLETTE (R),,,Plein jour,En agglomération,Hors intersection,Normale,Autre collision,,,,,,,,,,,1,2,1,1,6
201500043249,0015-11-10 21:20:00,15,11,10,21,20,940,42,"24, HENRI BARBUSSE (R)",,,Nuit avec éclairage allumé,En agglomération,Hors intersection,Normale,Autre collision,,,,,,,,,,,5,2,1,1,6
201500043250,0015-11-12 07:30:00,15,11,12,7,30,940,58,LEDRU ROLLIN (AV),,,Plein jour,En agglomération,Intersection en Y,Normale,Autre collision,,,,,,,,,,,1,2,4,1,6
201500043251,0015-11-12 19:30:00,15,11,12,19,30,940,52,BD ALBERT 1ER,48.8325,2.49293,Nuit avec éclairage allumé,En agglomération,Hors intersection,Normale,Deux véhicules - côté,,,,,,,,,,,5,2,1,1,3
201500043252,0015-11-13 19:20:00,15,11,13,19,20,940,42,BROSSOLETTE/MERMOZ,,,Nuit avec éclairage allumé,En agglomération,Intersection en X,Normale,Deux véhicules - côté,,,,,,,,,,,5,2,2,1,3
201500043253,0015-05-23 13:30:00,15,5,23,13,30,940,42,BETHUNE (QU DE),,,Plein jour,En agglomération,Hors intersection,Normale,Autre collision,,,,,,,,,,,1,2,1,1,6
201500043254,0015-11-17 18:30:00,15,11,17,18,30,940,15,GEORGES MELIES (BD),,,Nuit avec éclairage allumé,En agglomération,Intersection en X,Pluie légère,Autre collision,,,,,,,,,,,5,2,2,2,6
201500043255,0015-05-25 17:55:00,15,5,25,17,55,940,58,"75, GABRIEL PERI (AV)",,,Plein jour,En agglomération,Intersection en T,Normale,Deux véhicules - côté,,,,,,,,,,,1,2,3,1,3
201500043256,0015-05-26 18:20:00,15,5,26,18,20,940,52,"39, CHARLES DE GAULLE (G",,,Plein jour,En agglomération,Hors intersection,Normale,Autre collision,,,,,,,,,,,1,2,1,1,6
201500043257,0015-11-20 11:50:00,15,11,20,11,50,940,58,ALSACE LORRAINE/FERRY,,,Plein jour,En agglomération,Intersection en T,Pluie légère,Deux véhicules - côté,,,,,,,,,,,1,2,3,2,3
201500043258,0015-05-28 17:00:00,15,5,28,17,0,940,58,"105, GENERAL DE GAULLE (",,,Plein jour,En agglomération,Hors intersection,Normale,Autre collision,,,,,,,,,,,1,2,1,1,6
201500043259,0015-11-22 12:55:00,15,11,22,12,55,940,58,"face au 13, BORDS DE MAR",,,Plein jour,En agglomération,Intersection en X,Normale,Deux véhicules - frontale,,,,,,,,,,,1,2,2,1,1
201500043260,0015-06-02 17:30:00,15,6,2,17,30,940,52,MADELEINE SMITH CHAMPION,,,Plein jour,En agglomération,Hors intersection,Normale,Autre collision,,,,,,,,,,,1,2,1,1,6
201500043261,0015-06-05 09:30:00,15,6,5,9,30,940,42,"50, GENERAL GALLIENI (AV",,,Plein jour,En agglomération,Hors intersection,Normale,Deux véhicules - côté,,,,,,,,,,,1,2,1,1,3
201500043262,0015-06-05 09:45:00,15,6,5,9,45,940,58,"25, ALSACE LORRAINE (BD",,,Plein jour,En agglomération,Hors intersection,Temps éblouissant,Deux véhicules - côté,,,,,,,,,,,1,2,1,7,3
201500043263,0015-11-29 12:35:00,15,11,29,12,35,940,58,LEDRU ROLLIN (AV),,,Plein jour,En agglomération,Intersection en X,Normale,Deux véhicules - côté,,,,,,,,,,,1,2,2,1,3
201500043264,0015-06-05 10:15:00,15,6,5,10,15,940,15,"181, PASTEUR (BD)",,,Plein jour,En agglomération,Hors intersection,Normale,Autre collision,,,,,,,,,,,1,2,1,1,6
201500043265,0015-12-01 19:45:00,15,12,1,19,45,940,58,"6, RAYMOND POINCARE (BD)",,,Nuit avec éclairage allumé,En agglomération,Hors intersection,Normale,Deux véhicules - arrière,,,,,,,,,,,5,2,1,1,2
201500043266,0015-12-01 21:45:00,15,12,1,21,45,940,42,"6 bis, JEAN MERMOZ (R)",,,Nuit avec éclairage allumé,En agglomération,Hors intersection,Normale,Deux véhicules - frontale,,,,,,,,,,,5,2,1,1,1
201500043267,0015-06-08 08:15:00,15,6,8,8,15,940,52,NAZARE (R DE),,,Plein jour,En agglomération,Hors intersection,Normale,Deux véhicules - côté,,,,,,,,,,,1,2,1,1,3
201500043268,0015-06-08 19:45:00,15,6,8,19,45,940,52,GALLIENI (BD),,,Plein jour,En agglomération,Intersection en T,Normale,Deux véhicules - côté,,,,,,,,,,,1,2,3,1,3
201500043269,0015-12-03 11:50:00,15,12,3,11,50,940,52,STRASBOURG - RPT DU MARE,,,Plein jour,En agglomération,Hors intersection,Normale,Deux véhicules - frontale,,,,,,,,,,,1,2,1,1,1
201500043270,0015-06-09 10:10:00,15,6,9,10,10,940,58,ALSACE LORRAINE (BD D),,,Plein jour,En agglomération,Autre intersection,Normale,Deux véhicules - côté,,,,,,,,,,,1,2,9,1,3
201500043271,0015-06-09 21:15:00,15,6,9,21,15,940,15,ETIENNE DE SILHOUETTE (A,,,Plein jour,En agglomération,Hors intersection,Normale,Autre collision,,,,,,,,,,,1,2,1,1,6
201500043272,0015-12-04 16:10:00,15,12,4,16,10,940,52,GALLIENI (BD),,,Plein jour,En agglomération,Hors intersection,Normale,Autre collision,,,,,,,,,,,1,2,1,1,6
201500043273,0015-06-11 07:50:00,15,6,11,7,50,940,58,"134, PIERRE BROSSOLETTE",,,Plein jour,En agglomération,Hors intersection,Normale,Deux véhicules - côté,,,,,,,,,,,1,2,1,1,3
201500043274,0015-12-05 17:30:00,15,12,5,17,30,940,52,"21, HEROS NOGENTAIS (R D",,,Crépuscule ou aube,En agglomération,Intersection en T,Normale,Autre collision,,,,,,,,,,,2,2,3,1,6
201500043275,0015-06-11 16:00:00,15,6,11,16,0,940,52,GENERAL FAIDHERBE (R DU),,,Plein jour,En agglomération,Intersection en T,Normale,Deux véhicules - côté,,,,,,,,,,,1,2,3,1,3
201500043276,0015-12-07 07:50:00,15,12,7,7,50,940,42,CANADIENS (AV DES),,,Crépuscule ou aube,En agglomération,Hors intersection,Normale,Deux véhicules - arrière,,,,,,,,,,,2,2,1,1,2
201500043277,0015-12-07 19:55:00,15,12,7,19,55,940,15,GEORGES MELIES (BD),,,Nuit avec éclairage allumé,En agglomération,Giratoire,Normale,Deux véhicules - côté,,,,,,,,,,,5,2,6,1,3
201500043278,0015-12-09 19:50:00,15,12,9,19,50,940,42,"12, GENERAL GALLIENI (AV",,,Nuit avec éclairage allumé,En agglomération,Hors intersection,Normale,Trois véhicules et plus - collisions multiples,,,,,,,,,,,5,2,1,1,5
201500043279,0015-06-15 22:10:00,15,6,15,22,10,940,58,"162, PIERRE BROSSOLETTE",,,Nuit avec éclairage allumé,En agglomération,Hors intersection,Normale,Deux véhicules - arrière,,,,,,,,,,,5,2,1,1,2
201500043280,0015-12-10 15:50:00,15,12,10,15,50,940,52,GEORGES CLEMENCEAU - PL,,,Plein jour,En agglomération,Hors intersection,Normale,Deux véhicules - côté,,,,,,,,,,,1,2,1,1,3
201500043281,0015-12-10 20:50:00,15,12,10,20,50,940,58,"194, MARECHAL JOFFRE (AV",,,Nuit avec éclairage allumé,En agglomération,Hors intersection,Normale,Deux véhicules - frontale,,,,,,,,,,,5,2,1,1,1
201500043282,0015-06-19 18:40:00,15,6,19,18,40,940,52,"85, HEROS NOGENTAIS (R D",,,Plein jour,En agglomération,Autre intersection,Normale,Autre collision,,,,,,,,,,,1,2,9,1,6
201500043283,0015-06-23 16:45:00,15,6,23,16,45,940,58,"124, GENERAL DE GAULLE (",,,Plein jour,En agglomération,Hors intersection,Normale,Autre collision,,,,,,,,,,,1,2,1,1,6
201500043284,0015-06-26 16:30:00,15,6,26,16,30,940,42,GENERAL GALLIENI (AV DU),,,Plein jour,En agglomération,Intersection en T,Normale,Deux véhicules - frontale,,,,,,,,,,,1,2,3,1,1
201500043285,0015-06-29 11:25:00,15,6,29,11,25,940,42,"43, GENERAL GALLIENI (AV",,,Plein jour,En agglomération,Hors intersection,Normale,Autre collision,,,,,,,,,,,1,2,1,1,6
201500043286,0015-06-30 19:20:00,15,6,30,19,20,940,52,BD ALBERT 1ER,48.8324,2.49311,Plein jour,En agglomération,Hors intersection,Normale,Deux véhicules - arrière,,,,,,,,,,,1,2,1,1,2
201500043287,0015-01-06 09:30:00,15,1,6,9,30,940,68,"33, PORT DE CRETEIL (QU",,,Plein jour,En agglomération,Hors intersection,Normale,Deux véhicules - côté,,,,,,,,,,,1,2,1,1,3
201500043288,0015-01-08 10:50:00,15,1,8,10,50,940,68,ROCHER (AV DU),,,Plein jour,En agglomération,Intersection en X,Pluie légère,Deux véhicules - côté,,,,,,,,,,,1,2,2,2,3
201500043289,0015-01-09 08:00:00,15,1,9,8,0,940,68,NOEL (AV),,,Crépuscule ou aube,En agglomération,Hors intersection,Pluie légère,Autre collision,,,,,,,,,,,2,2,1,2,6
201500043290,0015-01-09 20:55:00,15,1,9,20,55,940,68,MARNE (BD DE LA),,,Nuit avec éclairage allumé,En agglomération,Intersection en X,Pluie légère,Deux véhicules - côté,,,,,,,,,,,5,2,2,2,3
201500043291,0015-01-14 08:40:00,15,1,14,8,40,940,68,RABELAIS (BD),,,Plein jour,En agglomération,Intersection en X,Normale,Autre collision,,,,,,,,,,,1,2,2,1,6
201500043292,0015-01-14 16:40:00,15,1,14,16,40,940,68,MAURICE BERTEAUX (BD),,,Plein jour,En agglomération,Hors intersection,Normale,Deux véhicules - côté,,,,,,,,,,,1,2,1,1,3
201500043293,0015-01-19 21:20:00,15,1,19,21,20,940,68,CHEVALIER (R),,,Nuit avec éclairage allumé,En agglomération,Intersection en X,Normale,Deux véhicules - côté,,,,,,,,,,,5,2,2,1,3
201500043294,0015-01-20 12:35:00,15,1,20,12,35,940,68,LIBERATION (AV DE LA),,,Plein jour,En agglomération,Intersection en X,Normale,Deux véhicules - côté,,,,,,,,,,,1,2,2,1,3
201500043295,0015-01-21 13:10:00,15,1,21,13,10,940,68,"6, MAURICE BERTEAUX (BD)",,,Plein jour,En agglomération,Hors intersection,Normale,Autre collision,,,,,,,,,,,1,2,1,1,6
201500043296,0015-01-25 13:40:00,15,1,25,13,40,940,68,"2, CORNEILLES (BD DES)",,,Plein jour,En agglomération,Hors intersection,Normale,Autre collision,,,,,,,,,,,1,2,1,1,6
201500043297,0015-01-26 19:00:00,15,1,26,19,0,940,68,GALLIENI (AV),,,Nuit avec éclairage allumé,En agglomération,Hors intersection,Pluie légère,Autre collision,,,,,,,,,,,5,2,1,2,6