accident_id,datetime,annee,mois,jour,heure,minute,departement,commune_insee,adresse,latitude,longitude,luminosite,agglomeration,intersection,meteo,collision,nb_vehicules,nb_usagers,nb_indemnes,nb_tues,nb_blesses_hosp,nb_blesses_legers,age_cond_1,age_cond_2,veh_type_cond_1,veh_type_cond_2,lum_code,agg_code,int_code,atm_code,col_code
201500043298,0015-01-27 20:50:00,15,1,27,20,50,940,68,"66, CHAMPIGNY (BD DE)",,,Nuit avec éclairage allumé,En agglomération,Hors intersection,Normale,Deux véhicules - côté,,,,,,,,,,,5,2,1,1,3
201500043299,0015-01-29 18:40:00,15,1,29,18,40,940,68,"63, REPUBLIQUE (AV DE LA",,,Nuit avec éclairage allumé,En agglomération,Hors intersection,Pluie légère,Autre collision,,,,,,,,,,,5,2,1,2,6
201500043300,0015-02-01 23:20:00,15,2,1,23,20,940,68,PARC (QU DU),,,Nuit avec éclairage allumé,En agglomération,Intersection en X,Normale,Deux véhicules - côté,,,,,,,,,,,5,2,2,1,3
201500043301,0015-02-07 13:45:00,15,2,7,13,45,940,68,CAFFIN (AV),,,Plein jour,En agglomération,Intersection en X,Normale,Deux véhicules - côté,,,,,,,,,,,1,2,2,1,3
201500043302,0015-02-09 21:45:00,15,2,9,21,45,940,68,"34, BAC (AV DU)",,,Nuit avec éclairage allumé,En agglomération,Hors intersection,Normale,Deux véhicules - côté,,,,,,,,,,,5,2,1,1,3
201500043303,0015-02-17 15:40:00,15,2,17,15,40,940,68,"121, CHAMPIGNY (BD DE)",,,Plein jour,En agglomération,Hors intersection,Normale,Deux véhicules - arrière,,,,,,,,,,,1,2,1,1,2
201500043304,0015-02-23 11:50:00,15,2,23,11,50,940,68,LOUIS BLANC (AV),,,Plein jour,En agglomération,Hors intersection,Normale,Deux véhicules - côté,,,,,,,,,,,1,2,1,1,3
201500043305,0015-02-23 21:45:00,15,2,23,21,45,940,68,MAURICE BERTEAUX (BD),,,Nuit avec éclairage allumé,En agglomération,Intersection en T,Normale,Deux véhicules - côté,,,,,,,,,,,5,2,3,1,3
201500043306,0015-02-24 17:25:00,15,2,24,17,25,940,68,"12, CLOS (AV DU)",,,Plein jour,En agglomération,Hors intersection,Normale,Sans collision,,,,,,,,,,,1,2,1,1,7
201500043307,0015-02-28 15:30:00,15,2,28,15,30,940,68,PONT DE CRETEIL (R DU),,,Plein jour,En agglomération,Intersection en X,Normale,Deux véhicules - arrière,,,,,,,,,,,1,2,2,1,2
201500043308,0015-03-06 08:40:00,15,3,6,8,40,940,68,MIDI (AV DU),,,Plein jour,En agglomération,Intersection en X,Normale,Deux véhicules - côté,,,,,,,,,,,1,2,2,1,3
201500043309,0015-03-10 16:20:00,15,3,10,16,20,940,68,MAURICE BERTEAUX (BD),,,Plein jour,En agglomération,Hors intersection,Normale,Autre collision,,,,,,,,,,,1,2,1,1,6
201500043310,0015-03-13 00:05:00,15,3,13,0,5,940,68,CRETEIL (BD DE),,,Nuit avec éclairage allumé,En agglomération,Intersection en X,Normale,Deux véhicules - côté,,,,,,,,,,,5,2,2,1,3
201500043311,0015-03-13 18:45:00,15,3,13,18,45,940,68,PONT DE CRETEIL (R DU),,,Plein jour,En agglomération,Hors intersection,Normale,Autre collision,,,,,,,,,,,1,2,1,1,6
201500043312,0015-03-16 13:15:00,15,3,16,13,15,940,68,FOCH (AV),,,Plein jour,En agglomération,Intersection en X,Normale,Deux véhicules - côté,,,,,,,,,,,1,2,2,1,3
201500043313,0015-03-20 13:10:00,15,3,20,13,10,940,68,"04, BOURDIGNON (R)",,,Plein jour,En agglomération,Hors intersection,Normale,Autre collision,,,,,,,,,,,1,2,1,1,6
201500043314,0015-03-23 12:20:00,15,3,23,12,20,940,68,CHAMPIGNY (BD DE),,,Plein jour,En agglomération,Hors intersection,Normale,Deux véhicules - côté,,,,,,,,,,,1,2,1,1,3
201500043315,0015-03-27 10:30:00,15,3,27,10,30,940,68,CRETEIL (BD DE),,,Plein jour,En agglomération,Intersection en X,Normale,Deux véhicules - côté,,,,,,,,,,,1,2,2,1,3
201500043316,0015-03-29 09:50:00,15,3,29,9,50,940,68,PILIERS (AV DES),,,Plein jour,En agglomération,Intersection en X,Pluie forte,Deux véhicules - côté,,,,,,,,,,,1,2,2,3,3
201500043317,0015-04-04 11:25:00,15,4,4,11,25,940,68,"12, MARRONNIERS (PL DES)",,,Plein jour,En agglomération,Hors intersection,Normale,Deux véhicules - côté,,,,,,,,,,,1,2,1,1,3
201500043318,0015-04-05 02:30:00,15,4,5,2,30,940,68,CRETEIL (BD DE),,,Nuit avec éclairage allumé,En agglomération,Intersection en X,Normale,Deux véhicules - côté,,,,,,,,,,,5,2,2,1,3
201500043319,0015-04-08 16:10:00,15,4,8,16,10,940,68,BELLECHASSE (BD DE),,,Plein jour,En agglomération,Intersection en X,Normale,Deux véhicules - côté,,,,,,,,,,,1,2,2,1,3
201500043320,0015-04-09 09:10:00,15,4,9,9,10,940,68,"22bis, FOCH (AV)",,,Plein jour,En agglomération,Hors intersection,Normale,Autre collision,,,,,,,,,,,1,2,1,1,6
201500043321,0015-04-15 09:35:00,15,4,15,9,35,940,68,ALMA (AV DE L),,,Plein jour,En agglomération,Hors intersection,Normale,Autre collision,,,,,,,,,,,1,2,1,1,6
201500043322,0015-04-28 10:25:00,15,4,28,10,25,940,68,BEAUBOURG (QU),,,Plein jour,En agglomération,Hors intersection,Normale,Autre collision,,,,,,,,,,,1,2,1,1,6
201500043323,0015-04-30 08:50:00,15,4,30,8,50,940,68,FOCH (AV),,,Plein jour,En agglomération,Hors intersection,Pluie forte,Autre collision,,,,,,,,,,,1,2,1,3,6
201500043324,0015-05-02 14:15:00,15,5,2,14,15,940,68,INKERMANN (R D),,,Plein jour,En agglomération,Hors intersection,Pluie légère,Autre collision,,,,,,,,,,,1,2,1,2,6
201500043325,0015-05-06 05:30:00,15,5,6,5,30,940,68,CRETEIL (BD DE),,,Crépuscule ou aube,En agglomération,Hors intersection,Normale,Autre collision,,,,,,,,,,,2,2,1,1,6
201500043326,0015-05-06 08:40:00,15,5,6,8,40,940,68,"50, PARC (QU DU)",,,Plein jour,En agglomération,Hors intersection,Normale,Deux véhicules - côté,,,,,,,,,,,1,2,1,1,3
201500043327,0015-05-14 20:25:00,15,5,14,20,25,940,68,GENERAL GIRAUD (BD DU),,,Plein jour,En agglomération,Intersection en X,Pluie légère,Deux véhicules - côté,,,,,,,,,,,1,2,2,2,3
201500043328,0015-05-18 14:30:00,15,5,18,14,30,940,68,"148 bis, GARIBALDI (R)",,,Plein jour,En agglomération,Hors intersection,Normale,Autre collision,,,,,,,,,,,1,2,1,1,6
201500043329,0015-05-26 17:50:00,15,5,26,17,50,940,68,"33, GENERAL GIRAUD (BD D",,,Plein jour,En agglomération,Hors intersection,Normale,Autre collision,,,,,,,,,,,1,2,1,1,6
201500043330,0015-05-27 10:25:00,15,5,27,10,25,940,68,FOCH (AV),,,Plein jour,En agglomération,Intersection en X,Normale,Deux véhicules - côté,,,,,,,,,,,1,2,2,1,3
201500043331,0015-05-29 10:20:00,15,5,29,10,20,940,68,"82, CRETEIL (BD DE)",,,Plein jour,En agglomération,Hors intersection,Normale,Autre collision,,,,,,,,,,,1,2,1,1,6
201500043332,0015-05-30 21:45:00,15,5,30,21,45,940,68,CHAMPIGNY (BD DE),,,Crépuscule ou aube,En agglomération,Hors intersection,Normale,Deux véhicules - frontale,,,,,,,,,,,2,2,1,1,1
201500043333,0015-06-02 18:00:00,15,6,2,18,0,940,68,CONDE (AV DE),,,Plein jour,En agglomération,Intersection en X,Normale,Autre collision,,,,,,,,,,,1,2,2,1,6
201500043334,0015-06-12 13:40:00,15,6,12,13,40,940,68,LOUIS BLANC (AV),,,Plein jour,En agglomération,Intersection en X,Normale,Deux véhicules - côté,,,,,,,,,,,1,2,2,1,3
201500043335,0015-06-13 21:05:00,15,6,13,21,5,940,68,"10, PARC (QU DU)",,,Plein jour,En agglomération,Hors intersection,Normale,Deux véhicules - côté,,,,,,,,,,,1,2,1,1,3
201500043336,0015-06-15 14:00:00,15,6,15,14,0,940,68,"35, FOCH (AV)",,,Plein jour,En agglomération,Hors intersection,Normale,Trois véhicules et plus - en chaîne,,,,,,,,,,,1,2,1,1,4
201500043337,0015-06-13 14:30:00,15,6,13,14,30,940,68,CRETEIL (BD DE),,,Plein jour,En agglomération,Intersection en X,Normale,Deux véhicules - côté,,,,,,,,,,,1,2,2,1,3
201500043338,0015-06-19 08:20:00,15,6,19,8,20,940,68,CHAMPIGNY (BD DE),,,Plein jour,En agglomération,Hors intersection,Normale,Deux véhicules - arrière,,,,,,,,,,,1,2,1,1,2
201500043339,0015-06-22 16:50:00,15,6,22,16,50,940,68,PIERRE BROSSOLETTE (AV),,,Plein jour,En agglomération,Intersection en X,Pluie légère,Deux véhicules - côté,,,,,,,,,,,1,2,2,2,3
201500043340,0015-06-28 16:50:00,15,6,28,16,50,940,68,"30, SAINT HILAIRE (R)",,,Plein jour,En agglomération,Hors intersection,Normale,Deux véhicules - côté,,,,,,,,,,,1,2,1,1,3
201500043341,0015-06-29 19:40:00,15,6,29,19,40,940,68,"36, BELLECHASSE (BD DE)",,,Plein jour,En agglomération,Intersection en X,Normale,Deux véhicules - côté,,,,,,,,,,,1,2,2,1,3
201500043342,0015-07-02 10:30:00,15,7,2,10,30,940,68,BARATTE CHOLET (R),,,Plein jour,En agglomération,Intersection en X,Normale,Autre collision,,,,,,,,,,,1,2,2,1,6
201500043343,0015-07-02 19:55:00,15,7,2,19,55,940,68,"84, GABRIEL PERI (AV)",,,Plein jour,En agglomération,Hors intersection,Normale,Autre collision,,,,,,,,,,,1,2,1,1,6
201500043344,0015-07-06 14:55:00,15,7,6,14,55,940,68,"96, BAC (AV DU)",,,Plein jour,En agglomération,Hors intersection,Normale,Autre collision,,,,,,,,,,,1,2,1,1,6
201500043345,0015-07-14 21:05:00,15,7,14,21,5,940,68,BAC (AV DU),,,Crépuscule ou aube,En agglomération,Hors intersection,Normale,Deux véhicules - côté,,,,,,,,,,,2,2,1,1,3
201500043346,0015-07-18 08:30:00,15,7,18,8,30,940,68,FOCH (AV),,,Plein jour,En agglomération,Intersection en X,Normale,Deux véhicules - côté,,,,,,,,,,,1,2,2,1,3
201500043347,0015-07-21 17:05:00,15,7,21,17,5,940,68,BAC (AV DU),,,Plein jour,En agglomération,Hors intersection,Normale,Deux véhicules - arrière,,,,,,,,,,,1,2,1,1,2
201500043348,0015-07-22 14:15:00,15,7,22,14,15,940,68,GAMBETTA (AV),,,Plein jour,En agglomération,Hors intersection,Normale,Deux véhicules - arrière,,,,,,,,,,,1,2,1,1,2
201500043349,0015-07-22 18:40:00,15,7,22,18,40,940,68,VALLON (R DU),,,Plein jour,En agglomération,Intersection en X,Normale,Deux véhicules - côté,,,,,,,,,,,1,2,2,1,3
201500043350,0015-07-23 11:45:00,15,7,23,11,45,940,68,BAC (AV DU),,,Plein jour,En agglomération,Hors intersection,Normale,Deux véhicules - côté,,,,,,,,,,,1,2,1,1,3
201500043351,0015-07-24 18:30:00,15,7,24,18,30,940,68,SAINT LOUIS (AV),,,Plein jour,En agglomération,Hors intersection,Normale,Autre collision,,,,,,,,,,,1,2,1,1,6
201500043352,0015-07-29 15:15:00,15,7,29,15,15,940,68,"70, PETIT PARC (QU DU)",,,Plein jour,En agglomération,Hors intersection,Normale,Deux véhicules - côté,,,,,,,,,,,1,2,1,1,3
201500043353,0015-07-29 18:15:00,15,7,29,18,15,940,68,"56, SEVIGNE (R DE)",,,Plein jour,En agglomération,Hors intersection,Normale,Sans collision,,,,,,,,,,,1,2,1,1,7
201500043354,0015-08-19 21:40:00,15,8,19,21,40,940,68,WINSTON CHURCHILL (QU),,,Nuit avec éclairage allumé,En agglomération,Hors intersection,Normale,Deux véhicules - arrière,,,,,,,,,,,5,2,1,1,2
201500043355,0015-08-28 09:40:00,15,8,28,9,40,940,68,VICTORINE (R),,,Plein jour,En agglomération,Intersection en X,Normale,Deux véhicules - côté,,,,,,,,,,,1,2,2,1,3
201500043356,0015-09-04 12:45:00,15,9,4,12,45,940,68,"22, FOUR (R DU)",,,Plein jour,En agglomération,Hors intersection,Normale,Autre collision,,,,,,,,,,,1,2,1,1,6
201500043357,0015-09-07 18:53:00,15,9,7,18,53,940,68,LOUIS BLANC (AV),,,Plein jour,En agglomération,Intersection en X,Normale,Deux véhicules - côté,,,,,,,,,,,1,2,2,1,3
201500043358,0015-09-08 10:00:00,15,9,8,10,0,940,68,GALLIENI (AV),,,Plein jour,En agglomération,Hors intersection,Normale,Deux véhicules - côté,,,,,,,,,,,1,2,1,1,3
201500043359,0015-09-08 11:10:00,15,9,8,11,10,940,68,CHAMPIGNY (BD DE),,,Plein jour,En agglomération,Hors intersection,Normale,Deux véhicules - côté,,,,,,,,,,,1,2,1,1,3
201500043360,0015-09-08 13:45:00,15,9,8,13,45,940,68,"8, ALMA (AV DE L)",,,Plein jour,En agglomération,Hors intersection,Normale,Deux véhicules - côté,,,,,,,,,,,1,2,1,1,3
201500043361,0015-09-10 18:35:00,15,9,10,18,35,940,68,BAC (AV DU),,,Plein jour,En agglomération,Hors intersection,Normale,Trois véhicules et plus - en chaîne,,,,,,,,,,,1,2,1,1,4
201500043362,0015-09-12 20:00:00,15,9,12,20,0,940,68,BELLECHASSE (BD DE),,,Crépuscule ou aube,En agglomération,Intersection en X,Pluie légère,Deux véhicules - côté,,,,,,,,,,,2,2,2,2,3
201500043363,0015-09-14 16:15:00,15,9,14,16,15,940,68,SULLY (R DE),,,Plein jour,En agglomération,Intersection en X,Normale,Autre collision,,,,,,,,,,,1,2,2,1,6
201500043364,0015-09-16 20:15:00,15,9,16,20,15,940,68,"7, MAURICE BERTEAUX (BD)",,,Nuit avec éclairage allumé,En agglomération,Hors intersection,Temps couvert,Autre collision,,,,,,,,,,,5,2,1,8,6
201500043365,0015-09-21 22:45:00,15,9,21,22,45,940,68,GENERAL GIRAUD (BD DU),,,Nuit sans éclairage public,En agglomération,Intersection en X,Temps couvert,Deux véhicules - arrière,,,,,,,,,,,3,2,2,8,2
201500043366,0015-09-23 15:15:00,15,9,23,15,15,940,68,"61, PONT DE CRETEIL (R D",,,Plein jour,En agglomération,Autre intersection,Normale,Autre collision,,,,,,,,,,,1,2,9,1,6
201500043367,0015-09-24 09:05:00,15,9,24,9,5,940,68,8 MAI 1945 (CARR DU),,,Plein jour,En agglomération,Giratoire,Normale,Deux véhicules - côté,,,,,,,,,,,1,2,6,1,3
201500043368,0015-10-04 17:00:00,15,10,4,17,0,940,68,"20, BALZAC (AV)",,,Plein jour,En agglomération,Hors intersection,Normale,Autre collision,,,,,,,,,,,1,2,1,1,6
201500043369,0015-10-06 07:45:00,15,10,6,7,45,940,68,"88, CHAMPIGNY (BD DE)",,,Crépuscule ou aube,En agglomération,Hors intersection,Pluie légère,Deux véhicules - arrière,,,,,,,,,,,2,2,1,2,2
201500043370,0015-10-07 12:25:00,15,10,7,12,25,940,68,CONDE (AV DE),,,Plein jour,En agglomération,Intersection en T,Normale,Deux véhicules - côté,,,,,,,,,,,1,2,3,1,3
201500043371,0015-10-09 06:50:00,15,10,9,6,50,940,68,"52, GENERAL GIRAUD (BD D",,,Crépuscule ou aube,En agglomération,Hors intersection,Normale,Deux véhicules - arrière,,,,,,,,,,,2,2,1,1,2
201500043372,0015-10-09 10:15:00,15,10,9,10,15,940,68,RAYMOND POINCARE (AV),,,Plein jour,En agglomération,Intersection en X,Normale,Deux véhicules - côté,,,,,,,,,,,1,2,2,1,3
201500043373,0015-10-13 12:50:00,15,10,13,12,50,940,68,CRETEIL (BD DE),,,Plein jour,En agglomération,Intersection en X,Normale,Deux véhicules - côté,,,,,,,,,,,1,2,2,1,3
201500043374,0015-10-13 18:45:00,15,10,13,18,45,940,68,"13, ALMA (AV DE L)",,,Nuit avec éclairage allumé,En agglomération,Hors intersection,Normale,Autre collision,,,,,,,,,,,5,2,1,1,6
201500043375,0015-10-16 16:40:00,15,10,16,16,40,940,68,"03, VARENNE (R DE LA)",,,Plein jour,En agglomération,Hors intersection,Normale,Autre collision,,,,,,,,,,,1,2,1,1,6
201500043376,0015-10-19 15:25:00,15,10,19,15,25,940,68,"6, MAURICE BERTEAUX (BD)",,,Plein jour,En agglomération,Autre intersection,Normale,Deux véhicules - arrière,,,,,,,,,,,1,2,9,1,2
201500043377,0015-10-25 12:30:00,15,10,25,12,30,940,68,"5, MARRONNIERS (AV DES)",,,Plein jour,En agglomération,Hors intersection,Normale,Autre collision,,,,,,,,,,,1,2,1,1,6
201500043378,0015-10-30 16:15:00,15,10,30,16,15,940,68,RABELAIS (BD),,,Plein jour,En agglomération,Intersection en T,Normale,Deux véhicules - côté,,,,,,,,,,,1,2,3,1,3
201500043379,0015-11-05 10:50:00,15,11,5,10,50,940,68,RASPAIL (AV),,,Plein jour,En agglomération,Intersection en X,Normale,Deux véhicules - côté,,,,,,,,,,,1,2,2,1,3
201500043380,0015-11-09 12:00:00,15,11,9,12,0,940,68,PONT DE CRETEIL (R DU),,,Plein jour,En agglomération,Hors intersection,Normale,Autre collision,,,,,,,,,,,1,2,1,1,6
201500043381,0015-11-15 14:20:00,15,11,15,14,20,940,68,"38 BIS, SAINT HILAIRE (R",,,Plein jour,En agglomération,Hors intersection,Temps éblouissant,Deux véhicules - côté,,,,,,,,,,,1,2,1,7,3
201500043382,0015-11-19 08:45:00,15,11,19,8,45,940,68,"49, GAMBETTA (AV)",,,Plein jour,En agglomération,Hors intersection,Temps couvert,Deux véhicules - arrière,,,,,,,,,,,1,2,1,8,2
201500043383,0015-11-20 15:40:00,15,11,20,15,40,940,68,CHATEAU (AV DU),,,Plein jour,En agglomération,Intersection en X,Pluie légère,Deux véhicules - côté,,,,,,,,,,,1,2,2,2,3
201500043384,0015-11-22 20:00:00,15,11,22,20,0,940,68,"03, INKERMANN (R D)",,,Nuit avec éclairage allumé,En agglomération,Hors intersection,Normale,Autre collision,,,,,,,,,,,5,2,1,1,6
201500043385,0015-11-28 21:31:00,15,11,28,21,31,940,68,"21, GODEFROY CAVAIGNAC (",,,Nuit avec éclairage allumé,En agglomération,Intersection en X,Normale,Deux véhicules - côté,,,,,,,,,,,5,2,2,1,3
201500043386,0015-11-28 03:10:00,15,11,28,3,10,940,68,DIDEROT (AV),,,Nuit avec éclairage allumé,En agglomération,Intersection en X,Normale,Deux véhicules - côté,,,,,,,,,,,5,2,2,1,3
201500043387,0015-12-07 15:35:00,15,12,7,15,35,940,68,"face 15, D'ADAMVILLE KEN",,,Plein jour,En agglomération,Hors intersection,Normale,Autre collision,,,,,,,,,,,1,2,1,1,6
201500043388,0015-12-08 09:40:00,15,12,8,9,40,940,68,ALFRED DE MUSSET (R),,,Plein jour,En agglomération,Intersection en X,Normale,Deux véhicules - côté,,,,,,,,,,,1,2,2,1,3
201500043389,0015-12-11 15:00:00,15,12,11,15,0,940,68,"46, PONT DE CRETEIL (R D",,,Plein jour,En agglomération,Hors intersection,Normale,Autre collision,,,,,,,,,,,1,2,1,1,6
201500043390,0015-12-14 17:30:00,15,12,14,17,30,940,68,"15, MARINVILLE (AV DE)",,,Nuit avec éclairage allumé,En agglomération,Hors intersection,Normale,Autre collision,,,,,,,,,,,5,2,1,1,6
201500043391,0015-12-14 17:45:00,15,12,14,17,45,940,68,"40, BAC (AV DU)",,,Nuit avec éclairage allumé,En agglomération,Hors intersection,Normale,Autre collision,,,,,,,,,,,5,2,1,1,6
201500043392,0015-12-15 09:10:00,15,12,15,9,10,940,68,PONT DE CRETEIL (R DU),,,Plein jour,En agglomération,Hors intersection,Pluie légère,Deux véhicules - arrière,,,,,,,,,,,1,2,1,2,2
201500043393,0015-12-15 18:00:00,15,12,15,18,0,940,68,MAURICE BERTEAUX (BD),,,Nuit avec éclairage allumé,En agglomération,Hors intersection,Pluie forte,Autre collision,,,,,,,,,,,5,2,1,3,6
201500043394,0015-12-15 19:40:00,15,12,15,19,40,940,68,ANDRE BOLLIER (R),,,Nuit avec éclairage allumé,En agglomération,Hors intersection,Pluie forte,Autre collision,,,,,,,,,,,5,2,1,3,6
201500043395,0015-12-16 07:50:00,15,12,16,7,50,940,68,"111, CHAMPIGNY (BD DE)",,,Plein jour,En agglomération,Hors intersection,Pluie légère,Trois véhicules et plus - collisions multiples,,,,,,,,,,,1,2,1,2,5
201500043396,0015-12-19 16:30:00,15,12,19,16,30,940,68,"55BIS, WINSTON CHURCHILL",,,Plein jour,En agglomération,Hors intersection,Normale,Sans collision,,,,,,,,,,,1,2,1,1,7
201500043397,0015-12-21 12:25:00,15,12,21,12,25,940,68,GARE DE CHAMPIGNY (PL DE,,,Plein jour,En agglomération,Hors intersection,Normale,Deux véhicules - arrière,,,,,,,,,,,1,2,1,1,2
201500043398,0015-12-23 12:40:00,15,12,23,12,40,940,68,"02, PIERRE BROSSOLETTE (",,,Plein jour,En agglomération,Hors intersection,Normale,Autre collision,,,,,,,,,,,1,2,1,1,6
201500043399,0015-12-16 12:35:00,15,12,16,12,35,940,68,"6BIS, MAURICE BERTEAUX (",,,Plein jour,En agglomération,Hors intersection,Normale,Autre collision,,,,,,,,,,,1,2,1,1,6
201500043400,0015-12-30 15:30:00,15,12,30,15,30,940,68,FALONNIERES (AV DES),,,Plein jour,En agglomération,Intersection en X,Normale,Deux véhicules - côté,,,,,,,,,,,1,2,2,1,3
201500043401,0015-01-13 08:30:00,15,1,13,8,30,940,68,ANDRE BOLLIER (R),,,Plein jour,En agglomération,Intersection en T,Normale,Autre collision,,,,,,,,,,,1,2,3,1,6
201500043402,0015-01-16 20:50:00,15,1,16,20,50,940,68,BONNEUIL (PONT DE),,,Nuit avec éclairage allumé,En agglomération,Hors intersection,Pluie légère,Trois véhicules et plus - collisions multiples,,,,,,,,,,,5,2,1,2,5
201500043403,0015-01-22 22:50:00,15,1,22,22,50,940,68,BD MAURICE BERTEAUX,48.8113,2.46915,Nuit avec éclairage allumé,En agglomération,Hors intersection,Normale,Autre collision,,,,,,,,,,,5,2,1,1,6
201500043404,0015-02-12 22:40:00,15,2,12,22,40,940,68,CHANZY (AV),,,Nuit avec éclairage allumé,En agglomération,Intersection en X,Normale,Autre collision,,,,,,,,,,,5,2,2,1,6
201500043405,0015-03-03 10:15:00,15,3,3,10,15,940,68,"3, MARNE (BD DE LA)",,,Plein jour,En agglomération,Hors intersection,Normale,Autre collision,,,,,,,,,,,1,2,1,1,6
201500043406,0015-04-06 03:30:00,15,4,6,3,30,940,68,"43, LOUIS BLANC (AV)",,,Nuit avec éclairage allumé,En agglomération,Hors intersection,Normale,Autre collision,,,,,,,,,,,5,2,1,1,6
201500043407,0015-04-22 15:15:00,15,4,22,15,15,940,68,"46, BONNEUIL (AV DE)",,,Plein jour,En agglomération,Hors intersection,Normale,Autre collision,,,,,,,,,,,1,2,1,1,6
201500043408,0015-04-24 00:20:00,15,4,24,0,20,940,68,"140, FOCH (AV)",,,Nuit avec éclairage allumé,En agglomération,Hors intersection,Normale,Deux véhicules - côté,,,,,,,,,,,5,2,1,1,3
201500043409,0015-06-04 19:20:00,15,6,4,19,20,940,68,"41, RABELAIS (BD)",,,Plein jour,En agglomération,Hors intersection,Normale,Autre collision,,,,,,,,,,,1,2,1,1,6
201500043410,0015-06-28 11:30:00,15,6,28,11,30,940,68,8 MAI 1945 (CARR DU),,,Plein jour,En agglomération,Intersection en X,Normale,Deux véhicules - côté,,,,,,,,,,,1,2,2,1,3
201500043411,0015-07-05 06:50:00,15,7,5,6,50,940,68,"26, PETIT PARC (QU DU)",,,Plein jour,En agglomération,Hors intersection,Normale,Sans collision,,,,,,,,,,,1,2,1,1,7
201500043412,0015-07-14 01:45:00,15,7,14,1,45,940,68,PONT DE CRETEIL (R DU),,,Nuit avec éclairage allumé,En agglomération,Hors intersection,Normale,Deux véhicules - côté,,,,,,,,,,,5,2,1,1,3
201500043413,0015-07-28 18:30:00,15,7,28,18,30,940,68,"61, LATTRE DE TASSIGNY (",,,Plein jour,En agglomération,Hors intersection,Pluie légère,Autre collision,,,,,,,,,,,1,2,1,2,6
201500043414,0015-08-02 03:15:00,15,8,2,3,15,940,68,"90, AV BARBES/ADAM",48.793,2.48938,Nuit avec éclairage allumé,En agglomération,Intersection en T,Normale,Autre collision,,,,,,,,,,,5,2,3,1,6
201500043415,0015-08-07 22:05:00,15,8,7,22,5,940,68,MAURICE BERTEAUX (BD),,,Crépuscule ou aube,En agglomération,Intersection en X,Normale,Deux véhicules - côté,,,,,,,,,,,2,2,2,1,3
201500043416,0015-08-12 12:15:00,15,8,12,12,15,940,68,"59, MARINVILLE (AV DE)",,,Plein jour,En agglomération,Hors intersection,Normale,Deux véhicules - arrière,,,,,,,,,,,1,2,1,1,2
201500043417,0015-09-16 14:15:00,15,9,16,14,15,940,68,CHEMIN VERT (R DU),,,Plein jour,En agglomération,Hors intersection,Normale,Trois véhicules et plus - en chaîne,,,,,,,,,,,1,2,1,1,4
201500043418,0015-11-04 18:40:00,15,11,4,18,40,940,68,"86, BONNEUIL (AV DE)",,,Nuit avec éclairage allumé,En agglomération,Hors intersection,Temps couvert,Autre collision,,,,,,,,,,,5,2,1,8,6
201500043419,0015-11-10 01:05:00,15,11,10,1,5,940,68,ARMES (PL D),,,Nuit avec éclairage allumé,En agglomération,Hors intersection,Normale,Sans collision,,,,,,,,,,,5,2,1,1,7
201500043420,0015-11-12 15:10:00,15,11,12,15,10,940,68,JOFFRE (AV),,,Plein jour,En agglomération,Hors intersection,Temps couvert,Deux véhicules - frontale,,,,,,,,,,,1,2,1,8,1
201500043421,0015-11-17 21:55:00,15,11,17,21,55,940,68,BANQUE (AV DE LA),,,Nuit avec éclairage allumé,En agglomération,Intersection en X,Temps couvert,Deux véhicules - côté,,,,,,,,,,,5,2,2,8,3
201500043422,0015-11-24 11:30:00,15,11,24,11,30,940,68,FOCH (AV),,,Plein jour,En agglomération,Hors intersection,Pluie légère,Autre collision,,,,,,,,,,,1,2,1,2,6
201500043423,0015-11-30 12:40:00,15,11,30,12,40,940,68,MAURICE BERTEAUX (BD),,,Plein jour,En agglomération,Intersection en X,Normale,Deux véhicules - côté,,,,,,,,,,,1,2,2,1,3
201500043424,0015-12-01 01:30:00,15,12,1,1,30,940,68,PONT DE CRETEIL (R DU),,,Nuit avec éclairage allumé,En agglomération,Hors intersection,Normale,Autre collision,,,,,,,,,,,5,2,1,1,6
201500043425,0015-12-04 04:30:00,15,12,4,4,30,940,68,"81, MARINVILLE (AV DE)",,,Nuit avec éclairage allumé,En agglomération,Hors intersection,Pluie légère,Autre collision,,,,,,,,,,,5,2,1,2,6
201500043426,0015-12-13 08:45:00,15,12,13,8,45,940,68,BONNEUIL (QU DE),,,Crépuscule ou aube,En agglomération,Hors intersection,Normale,Autre collision,,,,,,,,,,,2,2,1,1,6
201500043427,0015-12-28 23:00:00,15,12,28,23,0,940,68,GARIBALDI (R),,,Nuit avec éclairage allumé,En agglomération,Hors intersection,Normale,Deux véhicules - côté,,,,,,,,,,,5,2,1,1,3
201500043428,0015-07-16 09:40:00,15,7,16,9,40,940,74,JOURDAIN/VASCO GAMA,48.7669,2.45176,Plein jour,En agglomération,Intersection en T,Temps éblouissant,Deux véhicules - côté,,,,,,,,,,,1,2,3,7,3
201500043429,0015-01-01 04:00:00,15,1,1,4,0,940,78,8 MAI 1945/IMP ST GEORGE,48.7247,2.44499,Nuit avec éclairage allumé,En agglomération,Intersection en X,Temps couvert,Deux véhicules - arrière,,,,,,,,,,,5,2,2,8,2
201500043430,0015-01-01 07:30:00,15,1,1,7,30,940,78,8 MAI 1945/PT VILLENEUVE,48.7276,2.44561,Nuit avec éclairage allumé,En agglomération,Intersection en T,Brouillard / fumée,Deux véhicules - côté,,,,,,,,,,,5,2,3,5,3
201500043431,0015-01-02 10:30:00,15,1,2,10,30,940,78,ANATOLE FRANCE (AV),,,Plein jour,En agglomération,Hors intersection,Pluie légère,Deux véhicules - côté,,,,,,,,,,,1,2,1,2,3
201500043432,0015-01-05 10:45:00,15,1,5,10,45,940,78,PRESIDENT WILSON (R DU),,,Plein jour,En agglomération,Hors intersection,Pluie légère,Deux véhicules - frontale,,,,,,,,,,,1,2,1,2,1