accident_id,datetime,annee,mois,jour,heure,minute,departement,commune_insee,adresse,latitude,longitude,luminosite,agglomeration,intersection,meteo,collision,nb_vehicules,nb_usagers,nb_indemnes,nb_tues,nb_blesses_hosp,nb_blesses_legers,age_cond_1,age_cond_2,veh_type_cond_1,veh_type_cond_2,lum_code,agg_code,int_code,atm_code,col_code
201500044080,0015-03-18 10:10:00,15,3,18,10,10,950,252,BD DU BEL-AIR,48.9871,2.2339,Plein jour,En agglomération,Hors intersection,Normale,Deux véhicules - arrière,,,,,,,,,,,1,2,1,1,2
201500044081,0015-01-18 07:30:00,15,1,18,7,30,950,219,R DE LA DEMI-LUNE,48.9831,2.2586,Nuit avec éclairage allumé,En agglomération,Intersection en T,Normale,Autre collision,,,,,,,,,,,5,2,3,1,6
201500044082,0015-03-24 12:20:00,15,3,24,12,20,950,252,CHE DE LA MARE EPINEUSE,48.9913,2.2064,Plein jour,En agglomération,Intersection en X,Normale,Deux véhicules - côté,,,,,,,,,,,1,2,2,1,3
201500044083,0015-01-31 16:15:00,15,1,31,16,15,950,219,AV GEORGES POMPIDOU,48.9822,2.2463,Plein jour,En agglomération,Hors intersection,Pluie forte,Autre collision,,,,,,,,,,,1,2,1,3,6
201500044084,0015-03-24 13:20:00,15,3,24,13,20,950,219,R D'AQUILON,48.9803,2.2614,Plein jour,En agglomération,Hors intersection,Normale,Autre collision,,,,,,,,,,,1,2,1,1,6
201500044085,0015-03-25 07:15:00,15,3,25,7,15,950,203,CARR CHARLES DE GAULLE,48.9949,2.2757,Plein jour,En agglomération,Giratoire,Pluie légère,Deux véhicules - côté,,,,,,,,,,,1,2,6,2,3
201500044086,0015-02-02 18:40:00,15,2,2,18,40,950,219,R JEAN JAURES,48.9802,2.2621,Nuit avec éclairage allumé,En agglomération,Giratoire,Normale,Deux véhicules - côté,,,,,,,,,,,5,2,6,1,3
201500044087,0015-03-27 14:15:00,15,3,27,14,15,950,252,AV DES MARAIS,48.9991,2.2191,Plein jour,En agglomération,Intersection en X,Normale,Deux véhicules - côté,,,,,,,,,,,1,2,2,1,3
201500044088,0015-02-03 09:15:00,15,2,3,9,15,950,219,R NOEL SEYSEN,48.9801,2.2574,Plein jour,En agglomération,Intersection en T,Normale,Deux véhicules - côté,,,,,,,,,,,1,2,3,1,3
201500044089,0015-04-12 02:05:00,15,4,12,2,5,950,219,R DU GENERAL LECLERC,48.9812,2.2705,Nuit avec éclairage allumé,En agglomération,Hors intersection,Normale,Sans collision,,,,,,,,,,,5,2,1,1,7
201500044090,0015-02-05 19:00:00,15,2,5,19,0,950,252,AV DES MARAIS,48.9953,2.2208,Nuit avec éclairage allumé,En agglomération,Hors intersection,Normale,Deux véhicules - côté,,,,,,,,,,,5,2,1,1,3
201500044091,0015-04-21 10:00:00,15,4,21,10,0,950,252,R GENERAL LECLERC,48.9841,2.2269,Plein jour,En agglomération,Hors intersection,Normale,Autre collision,,,,,,,,,,,1,2,1,1,6
201500044092,0015-05-06 08:20:00,15,5,6,8,20,950,219,R DE LA REPUBLIQUE,48.9886,2.2605,Plein jour,En agglomération,Hors intersection,Normale,Deux véhicules - côté,,,,,,,,,,,1,2,1,1,3
201500044093,0015-05-14 14:45:00,15,5,14,14,45,950,582,AV DE  SABERNAUDE,48.9983,2.2045,Plein jour,En agglomération,Hors intersection,Pluie forte,Autre collision,,,,,,,,,,,1,2,1,3,6
201500044094,0015-02-24 15:45:00,15,2,24,15,45,950,203,R DU GENERAL LECLERC,48.9888,2.2742,Plein jour,En agglomération,Intersection en Y,Pluie légère,Trois véhicules et plus - en chaîne,,,,,,,,,,,1,2,4,2,4
201500044095,0015-05-19 08:20:00,15,5,19,8,20,950,426,R DE LA  TOUR,49.0069,2.2796,Plein jour,En agglomération,Hors intersection,Normale,Deux véhicules - côté,,,,,,,,,,,1,2,1,1,3
201500044096,0015-05-19 07:58:00,15,5,19,7,58,950,203,RTE DE MONTLIGNON,49.0033,2.2811,Plein jour,En agglomération,Hors intersection,Normale,Autre collision,,,,,,,,,,,1,2,1,1,6
201500044097,0015-02-26 20:00:00,15,2,26,20,0,950,219,R JEAN RICHEPIN,48.9893,2.2492,Nuit avec éclairage allumé,En agglomération,Hors intersection,Pluie forte,Autre collision,,,,,,,,,,,5,2,1,3,6
201500044098,0015-05-22 06:20:00,15,5,22,6,20,950,252,CHAUSSEE JULES CESAR,49.0016,2.2206,Plein jour,En agglomération,Hors intersection,Normale,Sans collision,,,,,,,,,,,1,2,1,1,7
201500044099,0015-05-26 22:55:00,15,5,26,22,55,950,491,R CHARLES DE GAULLE,49.0036,2.2393,Nuit avec éclairage allumé,En agglomération,Hors intersection,Normale,Autre collision,,,,,,,,,,,5,2,1,1,6
201500044100,0015-05-27 11:20:00,15,5,27,11,20,950,219,R DU 18 JUIN,48.9893,2.2582,Plein jour,En agglomération,Hors intersection,Normale,Deux véhicules - arrière,,,,,,,,,,,1,2,1,1,2
201500044101,0015-06-06 16:00:00,15,6,6,16,0,950,252,BD DU BEL-AIR,48.9883,2.2309,Plein jour,En agglomération,Hors intersection,Normale,Deux véhicules - arrière,,,,,,,,,,,1,2,1,1,2
201500044102,0015-06-07 18:30:00,15,6,7,18,30,950,203,RTE DE SAINT LEU,48.9959,2.2731,Plein jour,En agglomération,Hors intersection,Normale,Autre collision,,,,,,,,,,,1,2,1,1,6
201500044103,0015-06-09 12:30:00,15,6,9,12,30,950,219,PL ROBERT BICHET,48.9891,2.2586,Plein jour,En agglomération,Giratoire,Normale,Deux véhicules - côté,,,,,,,,,,,1,2,6,1,3
201500044104,0015-06-12 20:40:00,15,6,12,20,40,950,219,R DU STAND,48.9948,2.2559,Plein jour,En agglomération,Hors intersection,Normale,Autre collision,,,,,,,,,,,1,2,1,1,6
201500044105,0015-06-20 14:45:00,15,6,20,14,45,950,219,R DU STAND,48.9971,2.2509,Plein jour,En agglomération,Hors intersection,Normale,Deux véhicules - côté,,,,,,,,,,,1,2,1,1,3
201500044106,0015-06-22 16:05:00,15,6,22,16,5,950,203,R JEAN THOMAS,48.9922,2.2859,Plein jour,En agglomération,Hors intersection,Pluie légère,Autre collision,,,,,,,,,,,1,2,1,2,6
201500044107,0015-06-22 19:00:00,15,6,22,19,0,950,252,BD DU BEL-AIR,48.9875,2.2329,Plein jour,En agglomération,Hors intersection,Pluie forte,Autre collision,,,,,,,,,,,1,2,1,3,6
201500044108,0015-06-26 17:50:00,15,6,26,17,50,950,582,R LOUIS GILLET,48.9806,2.2451,Plein jour,En agglomération,Hors intersection,Normale,Autre collision,,,,,,,,,,,1,2,1,1,6
201500044109,0015-06-29 16:20:00,15,6,29,16,20,950,426,R DES ECOLES,49.0092,2.2834,Plein jour,En agglomération,Hors intersection,Normale,Autre collision,,,,,,,,,,,1,2,1,1,6
201500044110,0015-07-02 09:00:00,15,7,2,9,0,950,252,CHE DES COTILLONS,48.9797,2.2235,Plein jour,Hors agglomération,Hors intersection,Normale,Sans collision,,,,,,,,,,,1,1,1,1,7
201500044111,0015-07-02 13:50:00,15,7,2,13,50,950,491,AV  VIVIANI,49.0009,2.2421,Plein jour,En agglomération,Intersection en X,Normale,Deux véhicules - côté,,,,,,,,,,,1,2,2,1,3
201500044112,0015-06-05 14:00:00,15,6,5,14,0,950,574,AV GENERAL LECLERC,49.00179,2.26321,Plein jour,En agglomération,Hors intersection,Normale,Autre collision,,,,,,,,,,,1,2,1,1,6
201500044113,0015-07-13 21:00:00,15,7,13,21,0,950,203,AV PREMIERE ARMEE,48.9934,2.2656,Plein jour,En agglomération,Hors intersection,Normale,Autre collision,,,,,,,,,,,1,2,1,1,6
201500044114,0015-07-18 20:15:00,15,7,18,20,15,950,203,CH JULES CESAR,48.9822,2.2794,Plein jour,En agglomération,Hors intersection,Normale,Deux véhicules - arrière,,,,,,,,,,,1,2,1,1,2
201500044115,0015-07-19 01:50:00,15,7,19,1,50,950,219,RTE DE SAINT LEU,48.9986,2.2531,Nuit avec éclairage allumé,En agglomération,Hors intersection,Pluie légère,Autre collision,,,,,,,,,,,5,2,1,2,6
201500044116,0015-07-31 15:00:00,15,7,31,15,0,950,252,R DU GENERAL LECLERC,48.9854,2.2243,Plein jour,En agglomération,Hors intersection,Normale,Autre collision,,,,,,,,,,,1,2,1,1,6
201500044117,0015-08-01 09:40:00,15,8,1,9,40,950,491,R GABRIEL PERI,49.0003,2.2417,Plein jour,En agglomération,Hors intersection,Normale,Deux véhicules - côté,,,,,,,,,,,1,2,1,1,3
201500044118,0015-08-05 09:15:00,15,8,5,9,15,950,219,R DE LA REPUBLIQUE,48.9887,2.2601,Plein jour,En agglomération,Hors intersection,Normale,Autre collision,,,,,,,,,,,1,2,1,1,6
201500044119,0015-08-05 17:40:00,15,8,5,17,40,950,252,R DE PARIS,48.9815,2.2327,Plein jour,En agglomération,Hors intersection,Normale,Autre collision,,,,,,,,,,,1,2,1,1,6
201500044120,0015-08-24 18:30:00,15,8,24,18,30,950,252,R DU GENERAL LECLERC,48.9872,2.2145,Plein jour,En agglomération,Hors intersection,Pluie légère,Deux véhicules - côté,,,,,,,,,,,1,2,1,2,3
201500044121,0015-08-24 19:50:00,15,8,24,19,50,950,252,BD DU BEL-AIR,48.9874,2.2333,Plein jour,En agglomération,Intersection en Y,Pluie forte,Deux véhicules - frontale,,,,,,,,,,,1,2,4,3,1
201500044122,0015-08-30 17:05:00,15,8,30,17,5,950,426,RTE DE PARIS,49.0049,2.2823,Plein jour,En agglomération,Hors intersection,Normale,Trois véhicules et plus - en chaîne,,,,,,,,,,,1,2,1,1,4
201500044123,0015-09-03 09:30:00,15,9,3,9,30,950,203,BD DE LA  REPUBLIQUE,48.9912,2.2752,Plein jour,En agglomération,Hors intersection,Temps éblouissant,Autre collision,,,,,,,,,,,1,2,1,7,6
201500044124,0015-09-03 22:35:00,15,9,3,22,35,950,252,R DU GENERAL LECLERC,48.9867,2.2187,Nuit avec éclairage allumé,En agglomération,Hors intersection,Normale,Sans collision,,,,,,,,,,,5,2,1,1,7
201500044125,0015-09-06 20:15:00,15,9,6,20,15,950,219,RTE DE SAINT LEU,48.9966,2.2547,Plein jour,En agglomération,Hors intersection,Normale,Deux véhicules - frontale,,,,,,,,,,,1,2,1,1,1
201500044126,0015-09-07 11:55:00,15,9,7,11,55,950,203,RTE DE SAINT LEU,48.9957,2.2735,Plein jour,En agglomération,Hors intersection,Normale,Deux véhicules - côté,,,,,,,,,,,1,2,1,1,3
201500044127,0015-09-15 12:25:00,15,9,15,12,25,950,252,BD DU BEL-AIR,48.9857,2.2375,Plein jour,En agglomération,Hors intersection,Normale,Deux véhicules - arrière,,,,,,,,,,,1,2,1,1,2
201500044128,0015-09-15 17:50:00,15,9,15,17,50,950,491,CHE MAISON NEUVE,49.0049,2.2336,Plein jour,En agglomération,Hors intersection,Normale,Autre collision,,,,,,,,,,,1,2,1,1,6
201500044129,0015-09-16 13:55:00,15,9,16,13,55,950,252,BD DU BEL-AIR,48.9857,2.2377,Plein jour,En agglomération,Hors intersection,Pluie légère,Deux véhicules - côté,,,,,,,,,,,1,2,1,2,3
201500044130,0015-09-22 17:20:00,15,9,22,17,20,950,252,BD MAURICE BERTEAUX,48.9849,2.2275,Plein jour,En agglomération,Hors intersection,Pluie légère,Deux véhicules - côté,,,,,,,,,,,1,2,1,2,3
201500044131,0015-10-01 15:50:00,15,10,1,15,50,950,203,AV KELLERMANN,48.9769,2.2916,Plein jour,En agglomération,Hors intersection,Normale,Deux véhicules - côté,,,,,,,,,,,1,2,1,1,3
201500044132,0015-10-04 12:25:00,15,10,4,12,25,950,219,R DU STAND,48.9961,2.2531,Plein jour,En agglomération,Hors intersection,Normale,Autre collision,,,,,,,,,,,1,2,1,1,6
201500044133,0015-10-11 13:30:00,15,10,11,13,30,950,219,AV 1ERE ARMEE FRANCAISE,48.9933,2.2651,Plein jour,En agglomération,Intersection en X,Normale,Trois véhicules et plus - en chaîne,,,,,,,,,,,1,2,2,1,4
201500044134,0015-10-15 14:10:00,15,10,15,14,10,950,252,R DE LA STATION,48.9941,2.2369,Plein jour,En agglomération,Hors intersection,Temps couvert,Deux véhicules - côté,,,,,,,,,,,1,2,1,8,3
201500044135,0015-10-16 14:15:00,15,10,16,14,15,950,203,RTE DE MONTMORENCY,49.0042,2.2794,Plein jour,En agglomération,Intersection en T,Pluie légère,Deux véhicules - côté,,,,,,,,,,,1,2,3,2,3
201500044136,0015-10-16 16:10:00,15,10,16,16,10,950,491,R GABRIEL PERI,48.9987,2.2451,Plein jour,En agglomération,Hors intersection,Temps couvert,Deux véhicules - côté,,,,,,,,,,,1,2,1,8,3
201500044137,0015-10-18 18:00:00,15,10,18,18,0,950,203,RTE DE SAINT LEU,48.9949,2.2754,Plein jour,En agglomération,Giratoire,Normale,Deux véhicules - côté,,,,,,,,,,,1,2,6,1,3
201500044138,0015-09-21 16:15:00,15,9,21,16,15,950,426,R DE PARIS,49.0131,2.2862,Plein jour,En agglomération,Hors intersection,Normale,Deux véhicules - arrière,,,,,,,,,,,1,2,1,1,2
201500044139,0015-10-29 11:40:00,15,10,29,11,40,950,219,R JEAN JAURES,48.9824,2.2611,Plein jour,En agglomération,Hors intersection,Normale,Deux véhicules - arrière,,,,,,,,,,,1,2,1,1,2
201500044140,0015-11-05 10:10:00,15,11,5,10,10,950,203,RTE DE  MONTLIGNON,48.9956,2.2761,Plein jour,En agglomération,Hors intersection,Normale,Deux véhicules - côté,,,,,,,,,,,1,2,1,1,3
201500044141,0015-11-06 10:30:00,15,11,6,10,30,950,219,R SAINT-FLAIVE PROLONGE,48.9893,2.2601,Plein jour,En agglomération,Hors intersection,Normale,Autre collision,,,,,,,,,,,1,2,1,1,6
201500044142,0015-11-06 16:40:00,15,11,6,16,40,950,203,R TARBE DES SABLONS,48.9939,2.2736,Plein jour,En agglomération,Intersection en T,Pluie légère,Deux véhicules - côté,,,,,,,,,,,1,2,3,2,3
201500044143,0015-11-08 18:15:00,15,11,8,18,15,950,203,AV DE PARIS,48.9927,2.2837,Nuit avec éclairage allumé,En agglomération,Hors intersection,Normale,Deux véhicules - arrière,,,,,,,,,,,5,2,1,1,2
201500044144,0015-11-09 15:55:00,15,11,9,15,55,950,582,AV DE SABERNAUDE,48.9801,2.2451,Plein jour,En agglomération,Hors intersection,Normale,Autre collision,,,,,,,,,,,1,2,1,1,6
201500044145,0015-11-12 20:30:00,15,11,12,20,30,950,219,R DU STAND,48.9959,2.2535,Nuit avec éclairage allumé,En agglomération,Hors intersection,Normale,Deux véhicules - arrière,,,,,,,,,,,5,2,1,1,2
201500044146,0015-11-14 00:01:00,15,11,14,0,1,950,491,CH JULES CESAR,48.9981,2.2311,Nuit avec éclairage allumé,En agglomération,Intersection en T,Normale,Deux véhicules - frontale,,,,,,,,,,,5,2,3,1,1
201500044147,0015-11-14 19:10:00,15,11,14,19,10,950,491,CH JULES CESAR,48.9959,2.2384,Nuit avec éclairage allumé,En agglomération,Intersection en X,Pluie légère,Deux véhicules - côté,,,,,,,,,,,5,2,2,2,3
201500044148,0015-11-17 07:10:00,15,11,17,7,10,950,203,RTE DE SAINT LEU,48.9949,2.2754,Nuit avec éclairage allumé,En agglomération,Giratoire,Pluie légère,Deux véhicules - côté,,,,,,,,,,,5,2,6,2,3
201500044149,0015-11-20 12:30:00,15,11,20,12,30,950,252,BD RHIN ET DANUBE,48.9915,2.2247,Plein jour,En agglomération,Hors intersection,Normale,Deux véhicules - arrière,,,,,,,,,,,1,2,1,1,2
201500044150,0015-11-23 08:50:00,15,11,23,8,50,950,252,AV DES MARAIS,48.9988,2.2188,Plein jour,En agglomération,Hors intersection,Normale,Autre collision,,,,,,,,,,,1,2,1,1,6
201500044151,0015-11-26 07:50:00,15,11,26,7,50,950,219,AV DE LA MAIRIE,48.99019,2.25648,Crépuscule ou aube,En agglomération,Hors intersection,Normale,Autre collision,,,,,,,,,,,2,2,1,1,6
201500044152,0015-11-28 10:35:00,15,11,28,10,35,950,219,R JEAN RICHEPIN,48.9895,2.2486,Plein jour,En agglomération,Intersection en T,Normale,Deux véhicules - côté,,,,,,,,,,,1,2,3,1,3
201500044153,0015-11-28 21:55:00,15,11,28,21,55,950,252,BD DU BEL-AIR,48.9844,2.2408,Nuit avec éclairage allumé,En agglomération,Hors intersection,Normale,Deux véhicules - côté,,,,,,,,,,,5,2,1,1,3
201500044154,0015-12-01 07:45:00,15,12,1,7,45,950,219,RTE DE  SAINT LEU,48.9961,2.2552,Crépuscule ou aube,En agglomération,Hors intersection,Normale,Autre collision,,,,,,,,,,,2,2,1,1,6
201500044155,0015-12-01 14:25:00,15,12,1,14,25,950,219,R DES POINTES BRIDAULT,48.9783,2.2591,Plein jour,En agglomération,Hors intersection,Normale,Autre collision,,,,,,,,,,,1,2,1,1,6
201500044156,0015-12-09 10:05:00,15,12,9,10,5,950,219,R LOUIS SAVOIE,48.9898,2.2594,Plein jour,En agglomération,Hors intersection,Normale,Autre collision,,,,,,,,,,,1,2,1,1,6
201500044157,0015-12-10 09:38:00,15,12,10,9,38,950,574,AV GENERAL LECLERC,49.0061,2.2586,Plein jour,En agglomération,Intersection en X,Normale,Autre collision,,,,,,,,,,,1,2,2,1,6
201500044158,0015-12-10 17:30:00,15,12,10,17,30,950,582,BD GAMBETTA,48.9777,2.2417,Nuit avec éclairage allumé,En agglomération,Hors intersection,Normale,Deux véhicules - frontale,,,,,,,,,,,5,2,1,1,1
201500044159,0015-12-11 11:10:00,15,12,11,11,10,950,203,AV VOLTAIRE,48.9947,2.2773,Plein jour,En agglomération,Hors intersection,Pluie légère,Deux véhicules - arrière,,,,,,,,,,,1,2,1,2,2
201500044160,0015-12-15 18:20:00,15,12,15,18,20,950,219,AV PRESIDENT G.POMPIDOU,48.9832,2.2466,Nuit avec éclairage allumé,En agglomération,Hors intersection,Pluie forte,Autre collision,,,,,,,,,,,5,2,1,3,6
201500044161,0015-12-15 18:45:00,15,12,15,18,45,950,582,BD CHARLES DE GAULLE,48.9736,2.2532,Nuit avec éclairage allumé,En agglomération,Hors intersection,Pluie forte,Autre collision,,,,,,,,,,,5,2,1,3,6
201500044162,0015-12-16 15:50:00,15,12,16,15,50,950,426,RTE DE PARIS,49.0074,2.2845,Plein jour,En agglomération,Hors intersection,Normale,Autre collision,,,,,,,,,,,1,2,1,1,6
201500044163,0015-12-19 20:10:00,15,12,19,20,10,950,582,BD MAURICE BERTEAUX,48.9672,2.2731,Nuit avec éclairage allumé,En agglomération,Giratoire,Normale,Trois véhicules et plus - collisions multiples,,,,,,,,,,,5,2,6,1,5
201500044164,0015-12-28 10:25:00,15,12,28,10,25,950,219,R DU GRAND GRIL,48.9798,2.2703,Plein jour,En agglomération,Giratoire,Temps éblouissant,Autre collision,,,,,,,,,,,1,2,6,7,6
201500044165,0015-12-30 20:15:00,15,12,30,20,15,950,203,RTE DE SAINT LEU,48.9949,2.2756,Nuit avec éclairage allumé,En agglomération,Giratoire,Normale,Autre collision,,,,,,,,,,,5,2,6,1,6
201500044166,0015-01-13 15:40:00,15,1,13,15,40,950,252,CHSEE JULES CESAR,49.0032,2.2159,Plein jour,En agglomération,Intersection en T,Pluie légère,Deux véhicules - côté,,,,,,,,,,,1,2,3,2,3
201500044167,0015-02-13 07:25:00,15,2,13,7,25,950,252,R CHARLES BURGER,48.9948,2.2317,Crépuscule ou aube,En agglomération,Hors intersection,Normale,Autre collision,,,,,,,,,,,2,2,1,1,6
201500044168,0015-02-12 18:20:00,15,2,12,18,20,950,252,R DU GENERAL LECLERC,48.9852,2.2246,Nuit avec éclairage allumé,En agglomération,Hors intersection,Normale,Deux véhicules - côté,,,,,,,,,,,5,2,1,1,3
201500044169,0015-02-25 17:15:00,15,2,25,17,15,950,252,BD DU BEL AIR,48.9844,2.2406,Plein jour,En agglomération,Hors intersection,Pluie légère,Deux véhicules - côté,,,,,,,,,,,1,2,1,2,3
201500044170,0015-03-07 02:45:00,15,3,7,2,45,950,252,SENTIER DES MONTFRAIS,48.9744,2.2356,Nuit sans éclairage public,En agglomération,Hors intersection,Normale,Autre collision,,,,,,,,,,,3,2,1,1,6
201500044171,0015-10-25 21:57:00,15,10,25,21,57,950,491,CH JULES CESAR,48.9999,2.2261,Nuit avec éclairage allumé,En agglomération,Intersection en X,Normale,Deux véhicules - frontale,,,,,,,,,,,5,2,2,1,1
201500044172,0015-09-16 20:15:00,15,9,16,20,15,950,252,Sente bois des montfrais,48.9754,2.2351,Nuit avec éclairage allumé,Hors agglomération,Hors intersection,Normale,Autre collision,,,,,,,,,,,5,1,1,1,6
201500044173,0015-01-03 12:12:00,15,1,3,12,12,950,268,AV DU GENERAL DE GAULLE,48.9716,2.4016,Plein jour,En agglomération,Hors intersection,Normale,Autre collision,,,,,,,,,,,1,2,1,1,6
201500044174,0015-02-02 16:45:00,15,2,2,16,45,950,268,R H . TOULOUSE LAUTREC,48.9785,2.3942,Plein jour,En agglomération,Hors intersection,Normale,Autre collision,,,,,,,,,,,1,2,1,1,6
201500044175,0015-02-17 17:10:00,15,2,17,17,10,950,268,R H.TOULOUSE LAUTREC,48.9791,2.3948,Plein jour,En agglomération,Hors intersection,Normale,Autre collision,,,,,,,,,,,1,2,1,1,6
201500044176,0015-03-04 15:45:00,15,3,4,15,45,950,268,R CHARLES GARNIER,48.9708,2.3964,Plein jour,En agglomération,Hors intersection,Normale,Deux véhicules - frontale,,,,,,,,,,,1,2,1,1,1
201500044177,0015-03-05 15:00:00,15,3,5,15,0,950,268,R J-FRANCOIS CHALGRIN,48.9709,2.4015,Plein jour,En agglomération,Hors intersection,Normale,Autre collision,,,,,,,,,,,1,2,1,1,6
201500044178,0015-05-06 13:00:00,15,5,6,13,0,950,277,R DU THILLAY,48.9896,2.4519,Plein jour,En agglomération,Hors intersection,Pluie légère,Autre collision,,,,,,,,,,,1,2,1,2,6
201500044179,0015-05-09 17:52:00,15,5,9,17,52,950,280,AV DES DEMOISELLES,49.0261,2.4551,Plein jour,En agglomération,Intersection en T,Normale,Deux véhicules - côté,,,,,,,,,,,1,2,3,1,3
201500044180,0015-05-19 08:10:00,15,5,19,8,10,950,280,AV ALBERT SARRAUT,49.0323,2.4588,Plein jour,En agglomération,Hors intersection,Temps éblouissant,Autre collision,,,,,,,,,,,1,2,1,7,6
201500044181,0015-05-19 15:00:00,15,5,19,15,0,950,19,R JEAN LAUGERE,48.9946,2.4162,Plein jour,En agglomération,Hors intersection,Normale,Autre collision,,,,,,,,,,,1,2,1,1,6
201500044182,0015-05-30 19:10:00,15,5,30,19,10,950,280,AV DES MARRONIERS,49.0351,2.4498,Plein jour,En agglomération,Intersection en T,Normale,Autre collision,,,,,,,,,,,1,2,3,1,6
201500044183,0015-06-01 16:30:00,15,6,1,16,30,950,280,BD ROGER SALENGRO,49.0322,2.4739,Plein jour,En agglomération,Hors intersection,Normale,Deux véhicules - côté,,,,,,,,,,,1,2,1,1,3
201500044184,0015-06-01 09:00:00,15,6,1,9,0,950,280,BD GENERAL DE GAULLE,49.0198,2.4701,Plein jour,En agglomération,Intersection en Y,Normale,Deux véhicules - côté,,,,,,,,,,,1,2,4,1,3
201500044185,0015-06-03 17:15:00,15,6,3,17,15,950,277,AV LEON BLUM,49.0039,2.4246,Plein jour,En agglomération,Hors intersection,Normale,Sans collision,,,,,,,,,,,1,2,1,1,7
201500044186,0015-06-07 08:25:00,15,6,7,8,25,950,277,RTE DE L'EUROPE,48.9887,2.4834,Plein jour,Hors agglomération,Hors intersection,Normale,Deux véhicules - arrière,,,,,,,,,,,1,1,1,1,2
201500044187,0015-01-02 16:15:00,15,1,2,16,15,950,19,AV DE LA CONCORDE,48.9976,2.4181,Plein jour,En agglomération,Hors intersection,Normale,Autre collision,,,,,,,,,,,1,2,1,1,6
201500044188,0015-06-10 09:10:00,15,6,10,9,10,950,280,RTE DE ROISSY,49.0114,2.4788,Plein jour,En agglomération,Hors intersection,Temps éblouissant,Deux véhicules - arrière,,,,,,,,,,,1,2,1,7,2
201500044189,0015-06-15 12:44:00,15,6,15,12,44,950,280,AV DES TILLEULS,49.0339,2.4648,Plein jour,En agglomération,Intersection en X,Normale,Deux véhicules - côté,,,,,,,,,,,1,2,2,1,3
201500044190,0015-06-23 18:30:00,15,6,23,18,30,950,280,R COGNAC JAY,49.0359,2.4663,Plein jour,En agglomération,Hors intersection,Normale,Deux véhicules - côté,,,,,,,,,,,1,2,1,1,3
201500044191,0015-06-28 20:30:00,15,6,28,20,30,950,280,AV DE LA GARE,49.0184,2.4668,Plein jour,En agglomération,Hors intersection,Normale,Deux véhicules - arrière,,,,,,,,,,,1,2,1,1,2
201500044192,0015-07-21 20:10:00,15,7,21,20,10,950,280,AV LECLERC,49.0386,2.4538,Plein jour,En agglomération,Hors intersection,Normale,Autre collision,,,,,,,,,,,1,2,1,1,6
201500044193,0015-08-06 22:50:00,15,8,6,22,50,950,277,AV ROBERT SCHUMAN,48.9877,2.4365,Nuit avec éclairage allumé,En agglomération,Hors intersection,Normale,Autre collision,,,,,,,,,,,5,2,1,1,6
201500044194,0015-08-17 22:15:00,15,8,17,22,15,950,280,R DE  BIR HAKEIM,49.0324,2.4719,Nuit avec éclairage allumé,En agglomération,Intersection en T,Normale,Deux véhicules - côté,,,,,,,,,,,5,2,3,1,3
201500044195,0015-09-12 21:25:00,15,9,12,21,25,950,19,AV PIERRE CURIE,48.9856,2.4239,Nuit sans éclairage public,En agglomération,Giratoire,Pluie légère,Deux véhicules - côté,,,,,,,,,,,3,2,6,2,3
201500044196,0015-09-16 12:50:00,15,9,16,12,50,950,280,R JOSEPH CUGNOT,49.0198,2.4662,Plein jour,En agglomération,Hors intersection,Pluie légère,Autre collision,,,,,,,,,,,1,2,1,2,6
201500044197,0015-10-22 08:20:00,15,10,22,8,20,950,277,R BERTHELOT,48.9806,2.4541,Crépuscule ou aube,En agglomération,Hors intersection,Pluie légère,Autre collision,,,,,,,,,,,2,2,1,2,6
201500044198,0015-11-26 07:45:00,15,11,26,7,45,950,280,AV ALBERT SARRAUT,49.0259,2.4628,Crépuscule ou aube,En agglomération,Hors intersection,Normale,Autre collision,,,,,,,,,,,2,2,1,1,6
201500044199,0015-12-10 01:43:00,15,12,10,1,43,950,277,RTE DE L'EUROPE,48.9681,2.4556,Nuit sans éclairage public,Hors agglomération,Hors intersection,Normale,Autre collision,,,,,,,,,,,3,1,1,1,6
201500044200,0015-12-10 17:15:00,15,12,10,17,15,950,277,AV ROBERT SCHUMAN,48.9856,2.4385,Nuit avec éclairage allumé,En agglomération,Hors intersection,Normale,Autre collision,,,,,,,,,,,5,2,1,1,6
201500044201,0015-02-03 21:29:00,15,2,3,21,29,950,277,RTE PARIS A SENLIS,48.9912,2.4764,Nuit sans éclairage public,En agglomération,Hors intersection,Normale,Deux véhicules - arrière,,,,,,,,,,,3,2,1,1,2
201500044202,0015-01-02 20:25:00,15,1,2,20,25,950,280,BD FRERES MONTGOLFIER,49.0388,2.4576,Nuit avec éclairage allumé,En agglomération,Hors intersection,Normale,Autre collision,,,,,,,,,,,5,2,1,1,6
201500044203,0015-01-06 10:35:00,15,1,6,10,35,950,280,BD ROGER SALENGRO,49.0322,2.4739,Plein jour,En agglomération,Hors intersection,Normale,Autre collision,,,,,,,,,,,1,2,1,1,6
201500044204,0015-01-20 19:35:00,15,1,20,19,35,950,277,AV GEORGES POMPIDOU,48.9905,2.4303,Nuit sans éclairage public,En agglomération,Hors intersection,Normale,Autre collision,,,,,,,,,,,3,2,1,1,6
201500044205,0015-03-05 10:50:00,15,3,5,10,50,950,277,AV GABRIEL PERI,48.9918,2.4298,Plein jour,En agglomération,Hors intersection,Normale,Autre collision,,,,,,,,,,,1,2,1,1,6
201500044206,0015-03-17 19:20:00,15,3,17,19,20,950,280,R JEAN GOUJON,49.0402,2.4749,Crépuscule ou aube,En agglomération,Hors intersection,Normale,Deux véhicules - côté,,,,,,,,,,,2,2,1,1,3