accident_id,datetime,annee,mois,jour,heure,minute,departement,commune_insee,adresse,latitude,longitude,luminosite,agglomeration,intersection,meteo,collision,nb_vehicules,nb_usagers,nb_indemnes,nb_tues,nb_blesses_hosp,nb_blesses_legers,age_cond_1,age_cond_2,veh_type_cond_1,veh_type_cond_2,lum_code,agg_code,int_code,atm_code,col_code
201500044207,0015-03-24 20:42:00,15,3,24,20,42,950,277,RTE DE L'EUROPE,48.9672,2.4549,Nuit sans éclairage public,Hors agglomération,Hors intersection,Pluie légère,Deux véhicules - frontale,,,,,,,,,,,3,1,1,2,1
201500044208,0015-02-02 15:30:00,15,2,2,15,30,950,280,AV DES TILLEULS,49.0348,2.4675,Plein jour,En agglomération,Hors intersection,Normale,Deux véhicules - côté,,,,,,,,,,,1,2,1,1,3
201500044209,0015-03-31 17:20:00,15,3,31,17,20,950,19,AV CHARLES VAILLANT,48.9861,2.4153,Plein jour,En agglomération,Intersection en X,Normale,Autre collision,,,,,,,,,,,1,2,2,1,6
201500044210,0015-04-08 16:00:00,15,4,8,16,0,950,280,R JACQUES POTEL,49.0313,2.4746,Plein jour,En agglomération,Intersection en X,Normale,Deux véhicules - côté,,,,,,,,,,,1,2,2,1,3
201500044211,0015-02-13 16:14:00,15,2,13,16,14,950,277,RD 370,48.9775,2.4532,Plein jour,Hors agglomération,Hors intersection,Temps couvert,Deux véhicules - arrière,,,,,,,,,,,1,1,1,8,2
201500044212,0015-02-26 20:30:00,15,2,26,20,30,950,280,BD ROGER SALENGRO,49.0339,2.4722,Nuit avec éclairage allumé,En agglomération,Hors intersection,Pluie légère,Deux véhicules - frontale,,,,,,,,,,,5,2,1,2,1
201500044213,0015-03-17 09:00:00,15,3,17,9,0,950,277,R NUNGESSER ET COLI,48.9791,2.4521,Plein jour,Hors agglomération,Giratoire,Normale,Deux véhicules - côté,,,,,,,,,,,1,1,6,1,3
201500044214,0015-03-21 23:34:00,15,3,21,23,34,950,277,CARR DES TULIPES,48.9688,2.4645,Nuit avec éclairage allumé,Hors agglomération,Hors intersection,Pluie légère,Deux véhicules - arrière,,,,,,,,,,,5,1,1,2,2
201500044215,0015-03-23 16:00:00,15,3,23,16,0,950,19,R HOCHE,48.9829,2.4225,Plein jour,En agglomération,Hors intersection,Normale,Trois véhicules et plus - en chaîne,,,,,,,,,,,1,2,1,1,4
201500044216,0015-04-08 20:45:00,15,4,8,20,45,950,277,CARR DES TULIPES,48.9685,2.4651,Nuit sans éclairage public,Hors agglomération,Intersection en X,Normale,Deux véhicules - côté,,,,,,,,,,,3,1,2,1,3
201500044217,0015-04-09 16:20:00,15,4,9,16,20,950,19,AV CHARLES VAILLANT,48.9855,2.4083,Plein jour,En agglomération,Hors intersection,Normale,Deux véhicules - arrière,,,,,,,,,,,1,2,1,1,2
201500044218,0015-04-13 17:40:00,15,4,13,17,40,950,280,R AMBROISE CROIZAT,49.0205,2.4544,Plein jour,En agglomération,Hors intersection,Normale,Trois véhicules et plus - en chaîne,,,,,,,,,,,1,2,1,1,4
201500044219,0015-04-19 06:15:00,15,4,19,6,15,950,277,R NUNGESSER ET COLI,48.9761,2.4585,Nuit avec éclairage allumé,Hors agglomération,Hors intersection,Normale,Autre collision,,,,,,,,,,,5,1,1,1,6
201500044220,0015-01-16 08:52:00,15,1,16,8,52,950,306,PL DE LA LIBERATION,48.9909,2.1671,Plein jour,En agglomération,Hors intersection,Normale,Autre collision,,,,,,,,,,,1,2,1,1,6
201500044221,0015-03-04 08:40:00,15,3,4,8,40,950,257,QU DE SEINE,48.9691,2.1812,Plein jour,En agglomération,Hors intersection,Normale,Trois véhicules et plus - en chaîne,,,,,,,,,,,1,2,1,1,4
201500044222,0015-01-29 07:39:00,15,1,29,7,39,950,424,BD DE PONTOISE,48.9807,2.1824,Plein jour,En agglomération,Intersection en X,Pluie légère,Autre collision,,,,,,,,,,,1,2,2,2,6
201500044223,0015-03-28 17:25:00,15,3,28,17,25,950,424,AV DE LA LIBERATION,49.0055,2.1933,Plein jour,En agglomération,Hors intersection,Normale,Deux véhicules - arrière,,,,,,,,,,,1,2,1,1,2
201500044224,0015-02-01 12:00:00,15,2,1,12,0,950,424,BD VICTOR BORDIER,48.9933,2.1967,Plein jour,En agglomération,Hors intersection,Normale,Autre collision,,,,,,,,,,,1,2,1,1,6
201500044225,0015-04-17 15:05:00,15,4,17,15,5,950,424,AV DES FRANCES,48.9946,2.2005,Plein jour,En agglomération,Hors intersection,Normale,Autre collision,,,,,,,,,,,1,2,1,1,6
201500044226,0015-02-08 17:55:00,15,2,8,17,55,950,424,BD VICTOR BORDIER,48.9951,2.1926,Crépuscule ou aube,En agglomération,Hors intersection,Normale,Deux véhicules - côté,,,,,,,,,,,2,2,1,1,3
201500044227,0015-04-18 08:40:00,15,4,18,8,40,950,306,CHE DE  MONTIGNY,48.9913,2.1779,Plein jour,En agglomération,Hors intersection,Normale,Deux véhicules - côté,,,,,,,,,,,1,2,1,1,3
201500044228,0015-02-12 18:30:00,15,2,12,18,30,950,257,AV DES LILAS,48.9618,2.1816,Crépuscule ou aube,En agglomération,Hors intersection,Normale,Deux véhicules - côté,,,,,,,,,,,2,2,1,1,3
201500044229,0015-04-22 17:45:00,15,4,22,17,45,950,306,R DE LA LOGE,48.9956,2.1694,Plein jour,En agglomération,Hors intersection,Normale,Autre collision,,,,,,,,,,,1,2,1,1,6
201500044230,0015-02-13 16:02:00,15,2,13,16,2,950,424,AV DES FRANCES,48.9984,2.2044,Plein jour,En agglomération,Intersection en T,Normale,Deux véhicules - côté,,,,,,,,,,,1,2,3,1,3
201500044231,0015-04-27 17:15:00,15,4,27,17,15,950,306,MAIL DES COPISTES,48.9989,2.1885,Plein jour,En agglomération,Hors intersection,Normale,Autre collision,,,,,,,,,,,1,2,1,1,6
201500044232,0015-02-14 09:50:00,15,2,14,9,50,950,424,BD DE PONTOISE,48.9911,2.1819,Plein jour,En agglomération,Hors intersection,Normale,Deux véhicules - côté,,,,,,,,,,,1,2,1,1,3
201500044233,0015-05-16 17:30:00,15,5,16,17,30,950,424,AV DES FRANCES,48.9983,2.2045,Plein jour,En agglomération,Intersection en T,Normale,Deux véhicules - côté,,,,,,,,,,,1,2,3,1,3
201500044234,0015-02-22 10:15:00,15,2,22,10,15,950,257,BD DE PONTOISE,48.9841,2.1817,Plein jour,En agglomération,Hors intersection,Normale,Deux véhicules - côté,,,,,,,,,,,1,2,1,1,3
201500044235,0015-05-23 02:00:00,15,5,23,2,0,950,306,BD DU HAVRE,49.0064,2.1714,Nuit avec éclairage allumé,En agglomération,Hors intersection,Normale,Autre collision,,,,,,,,,,,5,2,1,1,6
201500044236,0015-02-25 16:15:00,15,2,25,16,15,950,306,BD DU HAVRE,49.0069,2.1706,Plein jour,En agglomération,Hors intersection,Normale,Trois véhicules et plus - en chaîne,,,,,,,,,,,1,2,1,1,4
201500044237,0015-05-25 01:40:00,15,5,25,1,40,950,424,AV DE LA LIBERATION,49.0067,2.1954,Nuit avec éclairage allumé,En agglomération,Intersection en Y,Normale,Deux véhicules - côté,,,,,,,,,,,5,2,4,1,3
201500044238,0015-05-29 08:45:00,15,5,29,8,45,950,424,AV DES FRANCES,48.9941,2.1999,Plein jour,En agglomération,Hors intersection,Normale,Deux véhicules - côté,,,,,,,,,,,1,2,1,1,3
201500044239,0015-06-02 17:30:00,15,6,2,17,30,950,306,RTE DE CONFLANS,49.0042,2.1296,Plein jour,En agglomération,Hors intersection,Normale,Trois véhicules et plus - en chaîne,,,,,,,,,,,1,2,1,1,4
201500044240,0015-06-16 17:55:00,15,6,16,17,55,950,257,BD DE  PONTOISE,48.9774,2.1846,Plein jour,En agglomération,Hors intersection,Normale,Deux véhicules - côté,,,,,,,,,,,1,2,1,1,3
201500044241,0015-06-28 11:50:00,15,6,28,11,50,950,424,RUE ARISTIDE BRIAND,49.0044,2.2017,Plein jour,En agglomération,Hors intersection,Normale,Autre collision,,,,,,,,,,,1,2,1,1,6
201500044242,0015-06-29 19:25:00,15,6,29,19,25,950,306,AV DE LA LIBERATION,49.0021,2.1851,Plein jour,En agglomération,Hors intersection,Normale,Deux véhicules - côté,,,,,,,,,,,1,2,1,1,3
201500044243,0015-07-30 12:05:00,15,7,30,12,5,950,306,R DE PONTOISE,48.9927,2.1676,Plein jour,En agglomération,Hors intersection,Normale,Autre collision,,,,,,,,,,,1,2,1,1,6
201500044244,0015-08-22 12:35:00,15,8,22,12,35,950,424,MAGASIN CARREFOUR,48.9942,2.1995,Plein jour,En agglomération,Hors intersection,Normale,Autre collision,,,,,,,,,,,1,2,1,1,6
201500044245,0015-09-14 09:25:00,15,9,14,9,25,950,424,BD DE PONTOISE,48.9892,2.1819,Plein jour,En agglomération,Hors intersection,Normale,Deux véhicules - côté,,,,,,,,,,,1,2,1,1,3
201500044246,0015-09-29 18:25:00,15,9,29,18,25,950,424,CHE DE LA MARE EPINEUSE,48.9913,2.2063,Plein jour,En agglomération,Hors intersection,Normale,Autre collision,,,,,,,,,,,1,2,1,1,6
201500044247,0015-10-06 08:32:00,15,10,6,8,32,950,306,RTE DE CONFLANS,49.0005,2.1444,Plein jour,En agglomération,Hors intersection,Normale,Deux véhicules - arrière,,,,,,,,,,,1,2,1,1,2
201500044248,0015-10-13 16:25:00,15,10,13,16,25,950,424,AV ARISTIDE MAILLOL,48.9945,2.2019,Plein jour,En agglomération,Hors intersection,Normale,Autre collision,,,,,,,,,,,1,2,1,1,6
201500044249,0015-11-25 07:40:00,15,11,25,7,40,950,306,CHE DES BOEUFS,49.0122,2.1319,Nuit avec éclairage allumé,En agglomération,Intersection en X,Normale,Deux véhicules - arrière,,,,,,,,,,,5,2,2,1,2
201500044250,0015-11-27 08:50:00,15,11,27,8,50,950,257,R DU ONZE NOVEMBRE,48.9781,2.1782,Plein jour,En agglomération,Intersection en X,Normale,Deux véhicules - côté,,,,,,,,,,,1,2,2,1,3
201500044251,0015-12-01 07:45:00,15,12,1,7,45,950,306,RTE DE PIERRELAYE,49.0037,2.1567,Crépuscule ou aube,Hors agglomération,Hors intersection,Normale,Trois véhicules et plus - collisions multiples,,,,,,,,,,,2,1,1,1,5
201500044252,0015-12-17 05:00:00,15,12,17,5,0,950,306,R DES SABLONS,48.9903,2.1589,Nuit avec éclairage allumé,En agglomération,Hors intersection,Normale,Autre collision,,,,,,,,,,,5,2,1,1,6
201500044253,0015-12-18 17:00:00,15,12,18,17,0,950,424,R  PIERRE CURIE,48.9876,2.1824,Plein jour,En agglomération,Hors intersection,Normale,Autre collision,,,,,,,,,,,1,2,1,1,6
201500044254,0015-03-04 18:20:00,15,3,4,18,20,950,527,LINEAIRE 2B,49.0061,2.5465,Plein jour,Hors agglomération,Intersection en Y,Normale,Autre collision,,,,,,,,,,,1,1,4,1,6
201500044255,0015-01-17 11:35:00,15,1,17,11,35,930,73,Sortie Viaduc entre T2A,,,Plein jour,Hors agglomération,Hors intersection,Normale,Autre collision,,,,,,,,,,,1,1,1,1,6
201500044256,0015-04-14 19:20:00,15,4,14,19,20,950,527,RTE DE L'ARPENTEUR,49.0117,2.5253,Plein jour,Hors agglomération,Hors intersection,Normale,Deux véhicules - arrière,,,,,,,,,,,1,1,1,1,2
201500044257,0015-05-04 14:45:00,15,5,4,14,45,950,527,Circuit 2.0,49.0095,2.5391,Plein jour,Hors agglomération,Hors intersection,Normale,Trois véhicules et plus - en chaîne,,,,,,,,,,,1,1,1,1,4
201500044258,0015-02-07 06:50:00,15,2,7,6,50,950,527,RTE DES BADAUDS,49.0087,2.5382,Nuit avec éclairage allumé,Hors agglomération,Hors intersection,Normale,Autre collision,,,,,,,,,,,5,1,1,1,6
201500044259,0015-07-27 14:10:00,15,7,27,14,10,770,294,PERIPHERIQUE SUD/RD 84,,,Plein jour,Hors agglomération,Hors intersection,Normale,Deux véhicules - frontale,,,,,,,,,,,1,1,1,1,1
201500044260,0015-04-13 06:00:00,15,4,13,6,0,950,527,Circuit 1.0,49.0056,2.5359,Nuit avec éclairage allumé,En agglomération,Hors intersection,Normale,Trois véhicules et plus - en chaîne,,,,,,,,,,,5,2,1,1,4
201500044261,0015-03-16 18:13:00,15,3,16,18,13,950,527,Voie  face T2,49.0104,2.5492,Plein jour,Hors agglomération,Hors intersection,Normale,Deux véhicules - arrière,,,,,,,,,,,1,1,1,1,2
201500044262,0015-07-03 17:15:00,15,7,3,17,15,950,527,PERIPHERIQUE,49.0287,2.5599,Plein jour,Hors agglomération,Hors intersection,Normale,Deux véhicules - arrière,,,,,,,,,,,1,1,1,1,2
201500044263,0015-02-06 15:50:00,15,2,6,15,50,950,527,R DES ANNIVERSAIRES,49.0159,2.5333,Plein jour,Hors agglomération,Hors intersection,Normale,Deux véhicules - arrière,,,,,,,,,,,1,1,1,1,2
201500044264,0015-07-09 20:40:00,15,7,9,20,40,950,527,Circuit 2.0,49.0095,2.5391,Crépuscule ou aube,Hors agglomération,Hors intersection,Normale,Autre collision,,,,,,,,,,,2,1,1,1,6
201500044265,0015-01-01 13:00:00,15,1,1,13,0,770,282,NATIONALE 1104 (ANCIENNE,49.02817,2.58079,Plein jour,Hors agglomération,Autre intersection,Normale,Deux véhicules - frontale,,,,,,,,,,,1,1,9,1,1
201500044266,0015-05-25 11:26:00,15,5,25,11,26,930,73,CROIX AU PLATRE (ROUTE D,,,Plein jour,Hors agglomération,Hors intersection,Autre,Autre collision,,,,,,,,,,,1,1,1,9,6
201500044267,0015-08-28 05:10:00,15,8,28,5,10,950,527,Circuit 2.0,49.0095,2.5391,Nuit avec éclairage allumé,Hors agglomération,Hors intersection,Pluie légère,Autre collision,,,,,,,,,,,5,1,1,2,6
201500044268,0015-12-31 16:20:00,15,12,31,16,20,950,527,R DE NEW-YORK,49.0102,2.5532,Plein jour,Hors agglomération,Hors intersection,Normale,Autre collision,,,,,,,,,,,1,1,1,1,6
201500044269,0015-06-10 14:20:00,15,6,10,14,20,950,212,Peripherique,49.0291,2.5631,Plein jour,Hors agglomération,Hors intersection,Normale,Deux véhicules - côté,,,,,,,,,,,1,1,1,1,3
201500044270,0015-10-06 08:20:00,15,10,6,8,20,950,527,R DES BADAUDS,49.0081,2.5313,Crépuscule ou aube,Hors agglomération,Intersection en T,Pluie forte,Deux véhicules - côté,,,,,,,,,,,2,1,3,3,3
201500044271,0015-08-24 22:55:00,15,8,24,22,55,950,527,Circuit 2.0,49.0094,2.5391,Nuit avec éclairage allumé,Hors agglomération,Hors intersection,Normale,Autre collision,,,,,,,,,,,5,1,1,1,6
201500044272,0015-07-12 18:45:00,15,7,12,18,45,950,527,R DU BERCEAU,49.0068,2.5341,Crépuscule ou aube,Hors agglomération,Hors intersection,Normale,Sans collision,,,,,,,,,,,2,1,1,1,7
201500044273,0015-12-17 17:00:00,15,12,17,17,0,950,527,R DES DEUX CEDRES,48.9991,2.5258,Nuit avec éclairage allumé,Hors agglomération,Hors intersection,Normale,Deux véhicules - arrière,,,,,,,,,,,5,1,1,1,2
201500044274,0015-12-09 07:30:00,15,12,9,7,30,950,527,Circuit 1.0,49.0056,2.5359,Crépuscule ou aube,Hors agglomération,Hors intersection,Normale,Deux véhicules - arrière,,,,,,,,,,,2,1,1,1,2
201500044275,0015-12-10 04:49:00,15,12,10,4,49,950,527,RTE DU NOYER DU CHAT,49.0046,2.5479,Nuit avec éclairage allumé,Hors agglomération,Hors intersection,Normale,Autre collision,,,,,,,,,,,5,1,1,1,6
201500044276,0015-10-21 07:40:00,15,10,21,7,40,950,527,Circuit 2.0,49.0094,2.5391,Nuit avec éclairage allumé,En agglomération,Hors intersection,Normale,Deux véhicules - arrière,,,,,,,,,,,5,2,1,1,2
201500044277,0015-10-23 20:00:00,15,10,23,20,0,770,294,PERIPHERIQUE SUD/RD 84 A,,,Nuit avec éclairage allumé,Hors agglomération,Hors intersection,Normale,Deux véhicules - frontale,,,,,,,,,,,5,1,1,1,1
201500044278,0015-12-15 20:20:00,15,12,15,20,20,950,527,Circuit 2.0,49.0095,2.5391,Nuit avec éclairage allumé,Hors agglomération,Hors intersection,Pluie forte,Autre collision,,,,,,,,,,,5,1,1,3,6
201500044279,0015-04-16 07:55:00,15,4,16,7,55,950,527,Circuit 1.0,49.0056,2.5359,Plein jour,Hors agglomération,Hors intersection,Normale,Trois véhicules et plus - en chaîne,,,,,,,,,,,1,1,1,1,4
201500044280,0015-05-28 07:50:00,15,5,28,7,50,950,527,RD 317,49.0172,2.4942,Plein jour,Hors agglomération,Hors intersection,Normale,Sans collision,,,,,,,,,,,1,1,1,1,7
201500044281,0015-02-11 05:40:00,15,2,11,5,40,950,527,RUE DES POSTES,49.0077,2.5431,Nuit avec éclairage allumé,Hors agglomération,Hors intersection,Normale,Autre collision,,,,,,,,,,,5,1,1,1,6
201500044282,0015-03-13 10:10:00,15,3,13,10,10,770,294,PERIPHERIQUE SUD/RD 84 A,,,Plein jour,Hors agglomération,Hors intersection,Normale,Autre collision,,,,,,,,,,,1,1,1,1,6
201500044283,0015-04-03 07:00:00,15,4,3,7,0,950,212,RTE DES ARPENTEURS,49.0277,2.5497,Crépuscule ou aube,Hors agglomération,Hors intersection,Brouillard / fumée,Deux véhicules - frontale,,,,,,,,,,,2,1,1,5,1
201500044284,0015-04-04 00:05:00,15,4,4,0,5,950,527,VOIE RAPIDE T2-T3,49.0061,2.5465,Nuit avec éclairage allumé,Hors agglomération,Hors intersection,Pluie légère,Autre collision,,,,,,,,,,,5,1,1,2,6
201500044285,0015-04-04 13:15:00,15,4,4,13,15,950,527,Circuit 1.0,49.0056,2.5359,Plein jour,Hors agglomération,Hors intersection,Temps couvert,Autre collision,,,,,,,,,,,1,1,1,8,6
201500044286,0015-04-21 13:40:00,15,4,21,13,40,950,527,RTE DES PEUPLIERS,49.0094,2.5509,Plein jour,En agglomération,Hors intersection,Normale,Deux véhicules - arrière,,,,,,,,,,,1,2,1,1,2
201500044287,0015-05-03 06:35:00,15,5,3,6,35,950,527,VOIE RAPIDE T2-T3,49.0061,2.5465,Crépuscule ou aube,Hors agglomération,Hors intersection,Pluie légère,Autre collision,,,,,,,,,,,2,1,1,2,6
201500044288,0015-05-06 09:25:00,15,5,6,9,25,770,294,PERIPHERIQUE SUD/RD 84 A,,,Plein jour,Hors agglomération,Hors intersection,Normale,Deux véhicules - frontale,,,,,,,,,,,1,1,1,1,1
201500044289,0015-05-13 13:00:00,15,5,13,13,0,930,13,"6, ESPLANADE DE L'AIR ET",,,Plein jour,En agglomération,Hors intersection,Normale,Deux véhicules - arrière,,,,,,,,,,,1,2,1,1,2
201500044290,0015-05-15 19:24:00,15,5,15,19,24,930,73,CROIX AU PLATRE (ROUTE D,,,Crépuscule ou aube,Hors agglomération,Hors intersection,Temps éblouissant,Deux véhicules - arrière,,,,,,,,,,,2,1,1,7,2
201500044291,0015-06-09 15:20:00,15,6,9,15,20,950,527,VOIE RAPIDE T2-T3,49.0061,2.5465,Plein jour,En agglomération,Hors intersection,Normale,Deux véhicules - arrière,,,,,,,,,,,1,2,1,1,2
201500044292,0015-09-09 00:01:00,15,9,9,0,1,950,527,RN 104,49.0269,2.5117,Nuit sans éclairage public,En agglomération,Hors intersection,Normale,Deux véhicules - frontale,,,,,,,,,,,3,2,1,1,1
201500044293,0015-10-01 21:08:00,15,10,1,21,8,950,527,Circuit 2.0,49.0094,2.5391,Nuit avec éclairage allumé,En agglomération,Hors intersection,Normale,Trois véhicules et plus - en chaîne,,,,,,,,,,,5,2,1,1,4
201500044294,0015-10-04 22:30:00,15,10,4,22,30,950,527,Circuit 2.0,49.0094,2.5391,Nuit avec éclairage allumé,Hors agglomération,Hors intersection,Normale,Autre collision,,,,,,,,,,,5,1,1,1,6
201500044295,0015-10-27 21:25:00,15,10,27,21,25,950,527,VOIE  T2-T3,49.0062,2.5479,Nuit avec éclairage allumé,Hors agglomération,Hors intersection,Pluie légère,Deux véhicules - arrière,,,,,,,,,,,5,1,1,2,2
201500044296,0015-11-10 01:36:00,15,11,10,1,36,770,294,PERIPHERIQUE SUD/RD 84,,,Nuit sans éclairage public,Hors agglomération,Hors intersection,Normale,Autre collision,,,,,,,,,,,3,1,1,1,6
201500044297,0015-12-08 11:35:00,15,12,8,11,35,950,527,Circuit 1.0,49.0056,2.5359,Plein jour,Hors agglomération,Hors intersection,Temps couvert,Deux véhicules - arrière,,,,,,,,,,,1,1,1,8,2
201500044298,0015-01-29 13:10:00,15,1,29,13,10,950,585,RTE DE GARGES,48.9881,2.3785,Plein jour,En agglomération,Hors intersection,Pluie forte,Trois véhicules et plus - en chaîne,,,,,,,,,,,1,2,1,3,4
201500044299,0015-03-01 02:50:00,15,3,1,2,50,950,539,RD 301,48.9931,2.3606,Nuit sans éclairage public,En agglomération,Hors intersection,Pluie légère,Deux véhicules - arrière,,,,,,,,,,,3,2,1,2,2
201500044300,0015-03-31 12:40:00,15,3,31,12,40,950,585,AV PAUL VALERY,48.9802,2.3736,Plein jour,En agglomération,Hors intersection,Normale,Autre collision,,,,,,,,,,,1,2,1,1,6
201500044301,0015-03-31 12:25:00,15,3,31,12,25,950,585,AV AUGUSTE PERRET,48.9762,2.3803,Plein jour,En agglomération,Hors intersection,Normale,Autre collision,,,,,,,,,,,1,2,1,1,6
201500044302,0015-03-09 23:45:00,15,3,9,23,45,950,585,BD ALBERT CAMUS,48.9782,2.3713,Nuit avec éclairage allumé,En agglomération,Hors intersection,Normale,Autre collision,,,,,,,,,,,5,2,1,1,6
201500044303,0015-12-16 08:00:00,15,12,16,8,0,950,585,R DES BAUVES,48.9935,2.3826,Plein jour,En agglomération,Hors intersection,Normale,Deux véhicules - frontale,,,,,,,,,,,1,2,1,1,1
201500044304,0015-04-09 12:50:00,15,4,9,12,50,950,680,RD 316,49.0096,2.3839,Plein jour,Hors agglomération,Hors intersection,Normale,Deux véhicules - arrière,,,,,,,,,,,1,1,1,1,2
201500044305,0015-03-18 19:45:00,15,3,18,19,45,950,585,AV PAUL VALERY,48.9792,2.3799,Crépuscule ou aube,En agglomération,Hors intersection,Normale,Autre collision,,,,,,,,,,,2,2,1,1,6
201500044306,0015-03-26 09:00:00,15,3,26,9,0,950,585,BD ALBERT CAMUS,48.9763,2.3706,Plein jour,En agglomération,Hors intersection,Normale,Autre collision,,,,,,,,,,,1,2,1,1,6
201500044307,0015-04-18 18:30:00,15,4,18,18,30,950,585,AV DIVISION LECLERC,48.9875,2.3724,Plein jour,En agglomération,Hors intersection,Normale,Autre collision,,,,,,,,,,,1,2,1,1,6
201500044308,0015-04-12 19:00:00,15,4,12,19,0,950,585,AV PAUL VALERY,48.9792,2.3812,Plein jour,En agglomération,Hors intersection,Normale,Deux véhicules - arrière,,,,,,,,,,,1,2,1,1,2
201500044309,0015-03-12 18:45:00,15,3,12,18,45,950,680,AV HENRI SELLIER,49.0088,2.3986,Plein jour,En agglomération,Hors intersection,Normale,Deux véhicules - côté,,,,,,,,,,,1,2,1,1,3
201500044310,0015-05-18 07:40:00,15,5,18,7,40,950,539,AV DIVISION LECLERC,48.9936,2.3362,Plein jour,En agglomération,Hors intersection,Normale,Autre collision,,,,,,,,,,,1,2,1,1,6
201500044311,0015-02-27 19:20:00,15,2,27,19,20,950,539,R DE PARIS,48.9973,2.3566,Nuit avec éclairage allumé,En agglomération,Intersection en T,Normale,Autre collision,,,,,,,,,,,5,2,3,1,6
201500044312,0015-05-22 17:55:00,15,5,22,17,55,950,539,AV DIVISION LECLERC,48.9956,2.3441,Plein jour,En agglomération,Hors intersection,Normale,Sans collision,,,,,,,,,,,1,2,1,1,7
201500044313,0015-03-14 02:20:00,15,3,14,2,20,950,585,R DU FER A CHEVAL,48.9936,2.3915,Nuit avec éclairage allumé,En agglomération,Hors intersection,Normale,Autre collision,,,,,,,,,,,5,2,1,1,6
201500044314,0015-05-26 16:40:00,15,5,26,16,40,950,585,BD MAURICE RAVEL,48.9745,2.3824,Plein jour,En agglomération,Hors intersection,Normale,Deux véhicules - côté,,,,,,,,,,,1,2,1,1,3
201500044315,0015-06-09 19:10:00,15,6,9,19,10,950,585,AV DIVISION LECLERC,48.9803,2.3691,Plein jour,Hors agglomération,Hors intersection,Normale,Trois véhicules et plus - en chaîne,,,,,,,,,,,1,1,1,1,4
201500044316,0015-06-06 19:20:00,15,6,6,19,20,950,585,R TAILLEPIED,48.9938,2.3758,Plein jour,En agglomération,Hors intersection,Normale,Sans collision,,,,,,,,,,,1,2,1,1,7
201500044317,0015-06-19 20:20:00,15,6,19,20,20,950,585,ALL CHARLES BAUDELAIRE,48.9759,2.3865,Plein jour,En agglomération,Hors intersection,Normale,Autre collision,,,,,,,,,,,1,2,1,1,6
201500044318,0015-05-27 14:20:00,15,5,27,14,20,950,680,AV PIERRE SEMARD,49.0014,2.4069,Plein jour,En agglomération,Hors intersection,Normale,Autre collision,,,,,,,,,,,1,2,1,1,6
201500044319,0015-06-18 09:30:00,15,6,18,9,30,950,585,RTE DES REFUZNICKS,48.9842,2.3872,Plein jour,En agglomération,Intersection en T,Pluie légère,Trois véhicules et plus - collisions multiples,,,,,,,,,,,1,2,3,2,5
201500044320,0015-06-23 19:45:00,15,6,23,19,45,950,585,BD MAURICE RAVEL,48.9745,2.3824,Plein jour,En agglomération,Hors intersection,Normale,Deux véhicules - frontale,,,,,,,,,,,1,2,1,1,1
201500044321,0015-07-01 16:00:00,15,7,1,16,0,950,539,RD 301,48.9916,2.3603,Plein jour,Hors agglomération,Intersection en X,Normale,Deux véhicules - côté,,,,,,,,,,,1,1,2,1,3
201500044322,0015-07-02 18:20:00,15,7,2,18,20,950,585,AV PAUL VALERY,48.9791,2.3816,Plein jour,En agglomération,Hors intersection,Normale,Autre collision,,,,,,,,,,,1,2,1,1,6
201500044323,0015-07-10 20:00:00,15,7,10,20,0,950,585,AV PAUL VALERY,48.9787,2.3831,Plein jour,En agglomération,Hors intersection,Normale,Autre collision,,,,,,,,,,,1,2,1,1,6
201500044324,0015-07-31 16:00:00,15,7,31,16,0,950,585,PL DU SOUVENIR FRANCAIS,48.9989,2.3801,Plein jour,En agglomération,Giratoire,Normale,Deux véhicules - frontale,,,,,,,,,,,1,2,6,1,1
201500044325,0015-08-16 23:05:00,15,8,16,23,5,950,585,BD JACQUES COPEAU,48.9758,2.3696,Nuit avec éclairage allumé,En agglomération,Hors intersection,Normale,Autre collision,,,,,,,,,,,5,2,1,1,6
201500044326,0015-08-25 22:10:00,15,8,25,22,10,950,680,AV PIERRE SEMARD,48.9995,2.4125,Nuit avec éclairage allumé,En agglomération,Hors intersection,Pluie légère,Autre collision,,,,,,,,,,,5,2,1,2,6
201500044327,0015-09-10 07:50:00,15,9,10,7,50,950,680,AV DE LA CONCORDE,48.9985,2.4157,Plein jour,En agglomération,Hors intersection,Normale,Autre collision,,,,,,,,,,,1,2,1,1,6
201500044328,0015-09-04 18:30:00,15,9,4,18,30,950,585,AV ANNA DE NOAILLES,48.9758,2.3729,Plein jour,En agglomération,Intersection en T,Normale,Deux véhicules - côté,,,,,,,,,,,1,2,3,1,3
201500044329,0015-09-14 19:15:00,15,9,14,19,15,950,539,R DE MARAINVAL,49.0061,2.3572,Plein jour,En agglomération,Hors intersection,Pluie légère,Deux véhicules - arrière,,,,,,,,,,,1,2,1,2,2
201500044330,0015-09-01 20:05:00,15,9,1,20,5,950,585,R JEAN LURCAT,48.9826,2.3897,Plein jour,En agglomération,Place,Normale,Autre collision,,,,,,,,,,,1,2,7,1,6
201500044331,0015-07-17 12:10:00,15,7,17,12,10,950,585,ALL PAUL DUKAS,48.9744,2.3729,Plein jour,En agglomération,Hors intersection,Normale,Autre collision,,,,,,,,,,,1,2,1,1,6
201500044332,0015-09-20 14:00:00,15,9,20,14,0,950,268,AV DU GENERAL DE GAULLE,48.9766,2.3919,Plein jour,En agglomération,Intersection en X,Normale,Autre collision,,,,,,,,,,,1,2,2,1,6
201500044333,0015-09-22 11:40:00,15,9,22,11,40,950,268,AV DE STALINGRAD,48.9691,2.4122,Plein jour,En agglomération,Hors intersection,Pluie légère,Autre collision,,,,,,,,,,,1,2,1,2,6