accident_id,datetime,annee,mois,jour,heure,minute,departement,commune_insee,adresse,latitude,longitude,luminosite,agglomeration,intersection,meteo,collision,nb_vehicules,nb_usagers,nb_indemnes,nb_tues,nb_blesses_hosp,nb_blesses_legers,age_cond_1,age_cond_2,veh_type_cond_1,veh_type_cond_2,lum_code,agg_code,int_code,atm_code,col_code
201500044460,0015-01-13 09:45:00,15,1,13,9,45,940,73,A86 EXT,48.7712,2.3909,Plein jour,Hors agglomération,Hors intersection,Normale,Deux véhicules - côté,,,,,,,,,,,1,1,1,1,3
201500044461,0015-01-14 09:40:00,15,1,14,9,40,770,514,A104,,,Plein jour,Hors agglomération,Hors intersection,Normale,Deux véhicules - arrière,,,,,,,,,,,1,1,1,1,2
201500044462,0015-01-14 14:00:00,15,1,14,14,0,770,122,RN104,,,Plein jour,Hors agglomération,Hors intersection,Vent fort / tempête,Deux véhicules - arrière,,,,,,,,,,,1,1,1,6,2
201500044463,0015-01-14 17:25:00,15,1,14,17,25,940,22,A86 EXT,48.7732,2.40055,Plein jour,Hors agglomération,Hors intersection,Normale,Trois véhicules et plus - collisions multiples,,,,,,,,,,,1,1,1,1,5
201500044464,0015-01-15 06:10:00,15,1,15,6,10,940,15,A4,48.8318,2.53201,Nuit sans éclairage public,Hors agglomération,Hors intersection,Temps couvert,Trois véhicules et plus - collisions multiples,,,,,,,,,,,3,1,1,8,5
201500044465,0015-01-15 06:50:00,15,1,15,6,50,940,79,A4,48.8349,2.53757,Nuit sans éclairage public,Hors agglomération,Hors intersection,Normale,Deux véhicules - arrière,,,,,,,,,,,3,1,1,1,2
201500044466,0015-01-16 06:16:00,15,1,16,6,16,940,69,A86 INT,48.8164,2.4456,Nuit sans éclairage public,Hors agglomération,Hors intersection,Temps couvert,Autre collision,,,,,,,,,,,3,1,1,8,6
201500044467,0015-01-16 09:00:00,15,1,16,9,0,770,83,A4.W  (Province-Paris),,,Plein jour,Hors agglomération,Hors intersection,Pluie légère,Trois véhicules et plus - collisions multiples,,,,,,,,,,,1,1,1,2,5
201500044468,0015-01-17 12:50:00,15,1,17,12,50,940,28,A86 EXT,48.776,2.4286,Plein jour,Hors agglomération,Hors intersection,Normale,Trois véhicules et plus - collisions multiples,,,,,,,,,,,1,1,1,1,5
201500044469,0015-01-17 13:50:00,15,1,17,13,50,940,44,RN406.Y,48.7572,2.47281,Plein jour,Hors agglomération,Hors intersection,Normale,Autre collision,,,,,,,,,,,1,1,1,1,6
201500044470,0015-01-19 09:45:00,15,1,19,9,45,770,438,A104,,,Plein jour,Hors agglomération,Hors intersection,Pluie légère,Trois véhicules et plus - en chaîne,,,,,,,,,,,1,1,1,2,4
201500044471,0015-01-19 08:45:00,15,1,19,8,45,770,438,A104,,,Plein jour,Hors agglomération,Hors intersection,Neige / grêle,Deux véhicules - frontale,,,,,,,,,,,1,1,1,4,1
201500044472,0015-01-19 19:45:00,15,1,19,19,45,940,18,A4,48.8175,2.41808,Nuit avec éclairage non allumé,Hors agglomération,Hors intersection,Normale,Trois véhicules et plus - en chaîne,,,,,,,,,,,4,1,1,1,4
201500044473,0015-01-20 07:45:00,15,1,20,7,45,770,294,A104,,,Nuit sans éclairage public,Hors agglomération,Hors intersection,Normale,Sans collision,,,,,,,,,,,3,1,1,1,7
201500044474,0015-01-20 08:40:00,15,1,20,8,40,940,79,A4,48.8358,2.53939,Nuit avec éclairage non allumé,Hors agglomération,Hors intersection,Normale,Autre collision,,,,,,,,,,,4,1,1,1,6
201500044475,0015-01-21 08:20:00,15,1,21,8,20,940,28,A86 EXT,48.7844,2.44056,Crépuscule ou aube,Hors agglomération,Hors intersection,Pluie légère,Autre collision,,,,,,,,,,,2,1,1,2,6
201500044476,0015-01-23 09:20:00,15,1,23,9,20,750,112,A4,,,Plein jour,Hors agglomération,Hors intersection,Normale,Trois véhicules et plus - collisions multiples,,,,,,,,,,,1,1,1,1,5
201500044477,0015-01-23 22:10:00,15,1,23,22,10,770,175,A5b (A105),,,Nuit sans éclairage public,Hors agglomération,Hors intersection,Normale,Deux véhicules - côté,,,,,,,,,,,3,1,1,1,3
201500044478,0015-01-24 12:10:00,15,1,24,12,10,770,438,A104,,,Plein jour,Hors agglomération,Hors intersection,Normale,Deux véhicules - arrière,,,,,,,,,,,1,1,1,1,2
201500044479,0015-01-24 13:00:00,15,1,24,13,0,940,52,A86 INT,48.8443,2.49236,Plein jour,Hors agglomération,Hors intersection,Normale,Trois véhicules et plus - en chaîne,,,,,,,,,,,1,1,1,1,4
201500044480,0015-01-24 20:45:00,15,1,24,20,45,770,175,RN104,,,Nuit sans éclairage public,Hors agglomération,Hors intersection,Normale,Deux véhicules - frontale,,,,,,,,,,,3,1,1,1,1
201500044481,0015-01-24 21:30:00,15,1,24,21,30,940,28,A86 EXT,48.7844,2.44056,Nuit avec éclairage non allumé,Hors agglomération,Hors intersection,Normale,Trois véhicules et plus - collisions multiples,,,,,,,,,,,4,1,1,1,5
201500044482,0015-01-24 23:00:00,15,1,24,23,0,940,17,A4,48.8303,2.49236,Nuit avec éclairage non allumé,Hors agglomération,Hors intersection,Normale,Trois véhicules et plus - en chaîne,,,,,,,,,,,4,1,1,1,4
201500044483,0015-01-26 05:50:00,15,1,26,5,50,940,52,A86 INT,48.8427,2.49262,Nuit avec éclairage allumé,Hors agglomération,Hors intersection,Normale,Autre collision,,,,,,,,,,,5,1,1,1,6
201500044484,0015-01-26 14:25:00,15,1,26,14,25,940,46,A86 INT,48.8054,2.44854,Plein jour,Hors agglomération,Hors intersection,Pluie légère,Deux véhicules - côté,,,,,,,,,,,1,1,1,2,3
201500044485,0015-01-26 15:20:00,15,1,26,15,20,940,42,A4,48.8278,2.47177,Plein jour,Hors agglomération,Hors intersection,Normale,Deux véhicules - côté,,,,,,,,,,,1,1,1,1,3
201500044486,0015-01-27 09:50:00,15,1,27,9,50,770,294,A104,,,Plein jour,Hors agglomération,Hors intersection,Temps couvert,Trois véhicules et plus - en chaîne,,,,,,,,,,,1,1,1,8,4
201500044487,0015-01-28 08:50:00,15,1,28,8,50,940,42,A4,48.8286,2.47641,Plein jour,Hors agglomération,Hors intersection,Pluie légère,Deux véhicules - arrière,,,,,,,,,,,1,1,1,2,2
201500044488,0015-01-29 17:45:00,15,1,29,17,45,940,18,A4,48.8175,2.41873,Crépuscule ou aube,Hors agglomération,Hors intersection,Pluie légère,Autre collision,,,,,,,,,,,2,1,1,2,6
201500044489,0015-01-30 16:45:00,15,1,30,16,45,770,373,RN104,,,Plein jour,Hors agglomération,Hors intersection,Normale,Trois véhicules et plus - collisions multiples,,,,,,,,,,,1,1,1,1,5
201500044490,0015-01-31 11:30:00,15,1,31,11,30,770,258,A4 (Paris-Province),,,Plein jour,Hors agglomération,Hors intersection,Normale,Autre collision,,,,,,,,,,,1,1,1,1,6
201500044491,0015-02-01 11:40:00,15,2,1,11,40,940,2,A86 EXT,48.7763,2.42293,Plein jour,Hors agglomération,Hors intersection,Normale,Autre collision,,,,,,,,,,,1,1,1,1,6
201500044492,0015-02-01 12:46:00,15,2,1,12,46,940,52,A86 INT,48.8445,2.49229,Plein jour,Hors agglomération,Hors intersection,Normale,Trois véhicules et plus - en chaîne,,,,,,,,,,,1,1,1,1,4
201500044493,0015-02-01 17:20:00,15,2,1,17,20,940,44,RN406.Y,48.7579,2.47046,Crépuscule ou aube,Hors agglomération,Hors intersection,Temps couvert,Sans collision,,,,,,,,,,,2,1,1,8,7
201500044494,0015-02-01 23:40:00,15,2,1,23,40,770,53,N104,,,Nuit sans éclairage public,Hors agglomération,Hors intersection,Normale,Deux véhicules - arrière,,,,,,,,,,,3,1,1,1,2
201500044495,0015-02-03 09:30:00,15,2,3,9,30,770,294,A104,48.97416,2.57813,Plein jour,Hors agglomération,Hors intersection,Normale,Deux véhicules - côté,,,,,,,,,,,1,1,1,1,3
201500044496,0015-02-04 04:00:00,15,2,4,4,0,750,112,A4,,,Nuit avec éclairage allumé,Hors agglomération,Hors intersection,Normale,Trois véhicules et plus - collisions multiples,,,,,,,,,,,5,1,1,1,5
201500044497,0015-02-04 18:00:00,15,2,4,18,0,940,18,A4,48.8249,2.39322,Plein jour,Hors agglomération,Hors intersection,Normale,Trois véhicules et plus - collisions multiples,,,,,,,,,,,1,1,1,1,5
201500044498,0015-02-04 21:10:00,15,2,4,21,10,770,372,A104,,,Nuit sans éclairage public,Hors agglomération,Hors intersection,Normale,Trois véhicules et plus - collisions multiples,,,,,,,,,,,3,1,1,1,5
201500044499,0015-02-05 08:16:00,15,2,5,8,16,940,46,A86 EXT,48.7994,2.44587,Plein jour,Hors agglomération,Hors intersection,Normale,Deux véhicules - côté,,,,,,,,,,,1,1,1,1,3
201500044500,0015-02-05 22:05:00,15,2,5,22,5,770,450,RN104,,,Nuit sans éclairage public,Hors agglomération,Hors intersection,Temps couvert,Deux véhicules - frontale,,,,,,,,,,,3,1,1,8,1
201500044501,0015-02-06 05:00:00,15,2,6,5,0,930,51,A4,,,Nuit sans éclairage public,Hors agglomération,Hors intersection,Normale,Deux véhicules - arrière,,,,,,,,,,,3,1,1,1,2
201500044502,0015-02-06 08:45:00,15,2,6,8,45,770,258,A4.(Paris-Province),,,Plein jour,Hors agglomération,Hors intersection,Normale,Sans collision,,,,,,,,,,,1,1,1,1,7
201500044503,0015-02-06 14:40:00,15,2,6,14,40,750,112,A4,,,Plein jour,Hors agglomération,Hors intersection,Normale,Trois véhicules et plus - en chaîne,,,,,,,,,,,1,1,1,1,4
201500044504,0015-02-07 11:40:00,15,2,7,11,40,770,450,RN104,,,Plein jour,Hors agglomération,Hors intersection,Normale,Deux véhicules - côté,,,,,,,,,,,1,1,1,1,3
201500044505,0015-02-07 16:00:00,15,2,7,16,0,770,373,RN104,,,Plein jour,Hors agglomération,Hors intersection,Normale,Deux véhicules - arrière,,,,,,,,,,,1,1,1,1,2
201500044506,0015-02-07 19:15:00,15,2,7,19,15,770,258,A4 (Province-Paris),,,Nuit sans éclairage public,Hors agglomération,Hors intersection,Normale,Deux véhicules - arrière,,,,,,,,,,,3,1,1,1,2
201500044507,0015-02-08 14:45:00,15,2,8,14,45,770,372,A104,,,Plein jour,Hors agglomération,Hors intersection,Normale,Autre collision,,,,,,,,,,,1,1,1,1,6
201500044508,0015-02-08 19:00:00,15,2,8,19,0,770,373,RN104,,,Nuit sans éclairage public,Hors agglomération,Hors intersection,Normale,Sans collision,,,,,,,,,,,3,1,1,1,7
201500044509,0015-02-08 20:55:00,15,2,8,20,55,940,44,RN406.W,48.758,2.4708,Nuit avec éclairage non allumé,Hors agglomération,Hors intersection,Normale,Autre collision,,,,,,,,,,,4,1,1,1,6
201500044510,0015-02-09 09:00:00,15,2,9,9,0,940,17,A4,48.8271,2.50967,Plein jour,Hors agglomération,Hors intersection,Normale,Deux véhicules - arrière,,,,,,,,,,,1,1,1,1,2
201500044511,0015-02-09 09:45:00,15,2,9,9,45,940,17,A4,48.8294,2.48138,Plein jour,Hors agglomération,Hors intersection,Normale,Deux véhicules - arrière,,,,,,,,,,,1,1,1,1,2
201500044512,0015-02-09 17:55:00,15,2,9,17,55,770,373,RN104,,,Crépuscule ou aube,Hors agglomération,Hors intersection,Normale,Deux véhicules - côté,,,,,,,,,,,2,1,1,1,3
201500044513,0015-02-10 07:18:00,15,2,10,7,18,940,69,A4,48.8175,2.42225,Plein jour,Hors agglomération,Hors intersection,Normale,Deux véhicules - arrière,,,,,,,,,,,1,1,1,1,2
201500044514,0015-02-11 10:40:00,15,2,11,10,40,770,294,A104,,,Plein jour,Hors agglomération,Hors intersection,Normale,Deux véhicules - arrière,,,,,,,,,,,1,1,1,1,2
201500044515,0015-02-11 10:50:00,15,2,11,10,50,940,17,A4,48.8294,2.49922,Plein jour,Hors agglomération,Hors intersection,Normale,Deux véhicules - arrière,,,,,,,,,,,1,1,1,1,2
201500044516,0015-02-11 20:00:00,15,2,11,20,0,770,237,A4,,,Nuit sans éclairage public,Hors agglomération,Hors intersection,Normale,Trois véhicules et plus - en chaîne,,,,,,,,,,,3,1,1,1,4
201500044517,0015-02-12 00:30:00,15,2,12,0,30,750,112,A4,,,Nuit avec éclairage non allumé,Hors agglomération,Hors intersection,Normale,Trois véhicules et plus - en chaîne,,,,,,,,,,,4,1,1,1,4
201500044518,0015-02-12 08:00:00,15,2,12,8,0,940,28,RN406.W,48.7815,2.44124,Plein jour,Hors agglomération,Hors intersection,Normale,Sans collision,,,,,,,,,,,1,1,1,1,7
201500044519,0015-02-12 08:50:00,15,2,12,8,50,770,175,RN104,,,Plein jour,Hors agglomération,Hors intersection,Normale,Autre collision,,,,,,,,,,,1,1,1,1,6
201500044520,0015-02-12 19:30:00,15,2,12,19,30,930,51,A4,,,Nuit avec éclairage allumé,Hors agglomération,Hors intersection,Normale,Trois véhicules et plus - en chaîne,,,,,,,,,,,5,1,1,1,4
201500044521,0015-02-12 20:00:00,15,2,12,20,0,940,46,A86 INT,48.8072,2.44874,Nuit avec éclairage allumé,Hors agglomération,Hors intersection,Normale,Trois véhicules et plus - collisions multiples,,,,,,,,,,,5,1,1,1,5
201500044522,0015-02-13 05:40:00,15,2,13,5,40,940,22,A86 EXT,48.7764,2.42159,Nuit sans éclairage public,Hors agglomération,Hors intersection,Normale,Deux véhicules - arrière,,,,,,,,,,,3,1,1,1,2
201500044523,0015-02-14 09:30:00,15,2,14,9,30,770,373,RN104,,,Plein jour,Hors agglomération,Hors intersection,Pluie légère,Trois véhicules et plus - collisions multiples,,,,,,,,,,,1,1,1,2,5
201500044524,0015-02-14 17:30:00,15,2,14,17,30,940,44,RN406.W,48.7572,2.47187,Plein jour,Hors agglomération,Hors intersection,Normale,Autre collision,,,,,,,,,,,1,1,1,1,6
201500044525,0015-02-14 17:35:00,15,2,14,17,35,930,51,A4,,,Plein jour,Hors agglomération,Hors intersection,Pluie légère,Autre collision,,,,,,,,,,,1,1,1,2,6
201500044526,0015-02-15 08:10:00,15,2,15,8,10,770,337,RN104,,,Plein jour,Hors agglomération,Hors intersection,Temps couvert,Sans collision,,,,,,,,,,,1,1,1,8,7
201500044527,0015-02-19 06:50:00,15,2,19,6,50,940,46,A86 INT,48.8125,2.4488,Nuit sans éclairage public,Hors agglomération,Hors intersection,Normale,Trois véhicules et plus - collisions multiples,,,,,,,,,,,3,1,1,1,5
201500044528,0015-02-18 16:15:00,15,2,18,16,15,930,51,A4,48.8354,2.56843,Plein jour,Hors agglomération,Hors intersection,Normale,Deux véhicules - côté,,,,,,,,,,,1,1,1,1,3
201500044529,0015-02-20 13:50:00,15,2,20,13,50,750,112,A4,,,Plein jour,Hors agglomération,Hors intersection,Pluie légère,Sans collision,,,,,,,,,,,1,1,1,2,7
201500044530,0015-02-20 17:50:00,15,2,20,17,50,940,17,A4,48.8265,2.51831,Crépuscule ou aube,Hors agglomération,Hors intersection,Pluie légère,Sans collision,,,,,,,,,,,2,1,1,2,7
201500044531,0015-02-20 21:05:00,15,2,20,21,5,770,438,A104,,,Nuit sans éclairage public,Hors agglomération,Hors intersection,Normale,Autre collision,,,,,,,,,,,3,1,1,1,6
201500044532,0015-02-21 15:05:00,15,2,21,15,5,750,112,A4,,,Plein jour,Hors agglomération,Hors intersection,Temps couvert,Autre collision,,,,,,,,,,,1,1,1,8,6
201500044533,0015-02-21 17:30:00,15,2,21,17,30,770,258,A4. (Paris-Province),,,Plein jour,Hors agglomération,Hors intersection,Pluie légère,Sans collision,,,,,,,,,,,1,1,1,2,7
201500044534,0015-02-21 19:30:00,15,2,21,19,30,930,51,A4,,,Nuit sans éclairage public,Hors agglomération,Hors intersection,Normale,Deux véhicules - arrière,,,,,,,,,,,3,1,1,1,2
201500044535,0015-02-22 17:00:00,15,2,22,17,0,770,373,RN104,,,Plein jour,Hors agglomération,Hors intersection,Normale,Trois véhicules et plus - en chaîne,,,,,,,,,,,1,1,1,1,4
201500044536,0015-02-23 11:35:00,15,2,23,11,35,770,258,A4(Province-Paris),,,Plein jour,Hors agglomération,Hors intersection,Normale,Autre collision,,,,,,,,,,,1,1,1,1,6
201500044537,0015-02-25 10:30:00,15,2,25,10,30,940,44,RN406.W,48.758,2.47079,Plein jour,Hors agglomération,Hors intersection,Normale,Autre collision,,,,,,,,,,,1,1,1,1,6
201500044538,0015-02-25 16:00:00,15,2,25,16,0,940,52,A86 INT,48.8436,2.49257,Plein jour,Hors agglomération,Hors intersection,Pluie légère,Trois véhicules et plus - en chaîne,,,,,,,,,,,1,1,1,2,4
201500044539,0015-02-25 20:00:00,15,2,25,20,0,770,438,A104,,,Nuit sans éclairage public,Hors agglomération,Hors intersection,Normale,Autre collision,,,,,,,,,,,3,1,1,1,6
201500044540,0015-02-27 08:30:00,15,2,27,8,30,770,514,A104,,,Plein jour,Hors agglomération,Hors intersection,Normale,Trois véhicules et plus - collisions multiples,,,,,,,,,,,1,1,1,1,5
201500044541,0015-03-01 05:11:00,15,3,1,5,11,940,73,A86 EXT,48.7675,2.3787,Nuit avec éclairage allumé,Hors agglomération,Hors intersection,Normale,Autre collision,,,,,,,,,,,5,1,1,1,6
201500044542,0015-03-02 09:30:00,15,3,2,9,30,770,258,A4(Province-Paris),,,Plein jour,Hors agglomération,Hors intersection,Normale,Deux véhicules - arrière,,,,,,,,,,,1,1,1,1,2
201500044543,0015-03-03 07:30:00,15,3,3,7,30,940,28,RN406.W,48.7699,2.44912,Crépuscule ou aube,Hors agglomération,Hors intersection,Normale,Deux véhicules - arrière,,,,,,,,,,,2,1,1,1,2
201500044544,0015-03-03 14:15:00,15,3,3,14,15,770,363,A104,,,Plein jour,Hors agglomération,Hors intersection,Normale,Autre collision,,,,,,,,,,,1,1,1,1,6
201500044545,0015-03-03 18:00:00,15,3,3,18,0,940,44,RN406.W,48.7588,2.47013,Plein jour,Hors agglomération,Hors intersection,Pluie légère,Autre collision,,,,,,,,,,,1,1,1,2,6
201500044546,0015-03-06 20:00:00,15,3,6,20,0,940,17,A4,48.8279,2.50451,Nuit sans éclairage public,Hors agglomération,Hors intersection,Normale,Trois véhicules et plus - collisions multiples,,,,,,,,,,,3,1,1,1,5
201500044547,0015-03-07 17:50:00,15,3,7,17,50,940,65,A86 EXT,48.7545,2.3484,Plein jour,Hors agglomération,Hors intersection,Normale,Deux véhicules - côté,,,,,,,,,,,1,1,1,1,3
201500044548,0015-03-08 12:00:00,15,3,8,12,0,940,52,A86.INT,48.8449,2.49216,Plein jour,Hors agglomération,Hors intersection,Normale,Autre collision,,,,,,,,,,,1,1,1,1,6
201500044549,0015-03-09 16:50:00,15,3,9,16,50,940,65,A86 INT,48.7537,2.35766,Plein jour,Hors agglomération,Hors intersection,Normale,Deux véhicules - côté,,,,,,,,,,,1,1,1,1,3
201500044550,0015-03-10 17:35:00,15,3,10,17,35,770,169,RN104,,,Plein jour,Hors agglomération,Hors intersection,Pluie légère,Autre collision,,,,,,,,,,,1,1,1,2,6
201500044551,0015-03-11 06:30:00,15,3,11,6,30,940,17,A4,48.8305,2.4925,Plein jour,Hors agglomération,Hors intersection,Normale,Deux véhicules - côté,,,,,,,,,,,1,1,1,1,3
201500044552,0015-03-11 09:15:00,15,3,11,9,15,940,18,A4,48.8251,2.39295,Plein jour,Hors agglomération,Hors intersection,Normale,Trois véhicules et plus - collisions multiples,,,,,,,,,,,1,1,1,1,5
201500044553,0015-03-12 08:45:00,15,3,12,8,45,770,294,A104,,,Plein jour,Hors agglomération,Hors intersection,Normale,Trois véhicules et plus - en chaîne,,,,,,,,,,,1,1,1,1,4
201500044554,0015-03-12 09:10:00,15,3,12,9,10,770,294,A104,,,Plein jour,Hors agglomération,Hors intersection,Normale,Trois véhicules et plus - en chaîne,,,,,,,,,,,1,1,1,1,4
201500044555,0015-03-12 17:40:00,15,3,12,17,40,940,17,A4,48.8304,2.48962,Plein jour,Hors agglomération,Hors intersection,Normale,Trois véhicules et plus - en chaîne,,,,,,,,,,,1,1,1,1,4
201500044556,0015-03-13 07:40:00,15,3,13,7,40,940,17,A4,48.8268,2.51414,Plein jour,Hors agglomération,Hors intersection,Normale,Deux véhicules - côté,,,,,,,,,,,1,1,1,1,3
201500044557,0015-03-13 09:10:00,15,3,13,9,10,770,181,A4,,,Plein jour,Hors agglomération,Hors intersection,Normale,Sans collision,,,,,,,,,,,1,1,1,1,7
201500044558,0015-03-13 09:18:00,15,3,13,9,18,770,294,A104,,,Plein jour,Hors agglomération,Hors intersection,Normale,Trois véhicules et plus - en chaîne,,,,,,,,,,,1,1,1,1,4
201500044559,0015-03-13 12:10:00,15,3,13,12,10,770,294,A104,,,Plein jour,Hors agglomération,Hors intersection,Normale,Trois véhicules et plus - collisions multiples,,,,,,,,,,,1,1,1,1,5
201500044560,0015-03-14 06:17:00,15,3,14,6,17,770,517,A104.EXT (A 104 G),,,Nuit sans éclairage public,Hors agglomération,Hors intersection,Normale,Trois véhicules et plus - en chaîne,,,,,,,,,,,3,1,1,1,4
201500044561,0015-03-14 15:45:00,15,3,14,15,45,770,337,RN104,,,Plein jour,Hors agglomération,Hors intersection,Normale,Autre collision,,,,,,,,,,,1,1,1,1,6
201500044562,0015-03-14 19:20:00,15,3,14,19,20,770,258,A4 (Province-Paris),,,Nuit sans éclairage public,Hors agglomération,Hors intersection,Normale,Trois véhicules et plus - collisions multiples,,,,,,,,,,,3,1,1,1,5
201500044563,0015-03-17 09:40:00,15,3,17,9,40,770,514,A104,,,Plein jour,Hors agglomération,Hors intersection,Normale,Deux véhicules - frontale,,,,,,,,,,,1,1,1,1,1
201500044564,0015-03-17 14:35:00,15,3,17,14,35,940,17,A4,48.8264,2.5181,Plein jour,Hors agglomération,Hors intersection,Normale,Deux véhicules - côté,,,,,,,,,,,1,1,1,1,3
201500044565,0015-03-18 08:30:00,15,3,18,8,30,940,73,A86 EXT,48.7704,2.38433,Plein jour,Hors agglomération,Hors intersection,Normale,Deux véhicules - côté,,,,,,,,,,,1,1,1,1,3
201500044566,0015-03-18 08:30:00,15,3,18,8,30,930,51,A4,48.835,2.57773,Plein jour,Hors agglomération,Hors intersection,Normale,Autre collision,,,,,,,,,,,1,1,1,1,6
201500044567,0015-03-18 17:40:00,15,3,18,17,40,940,28,A86 EXT,48.7979,2.44457,Plein jour,Hors agglomération,Hors intersection,Normale,Deux véhicules - arrière,,,,,,,,,,,1,1,1,1,2
201500044568,0015-03-19 14:15:00,15,3,19,14,15,940,52,A86 INT,48.8356,2.4937,Plein jour,Hors agglomération,Hors intersection,Normale,Trois véhicules et plus - en chaîne,,,,,,,,,,,1,1,1,1,4
201500044569,0015-03-19 17:35:00,15,3,19,17,35,940,73,A86 INT,48.7702,2.38227,Plein jour,Hors agglomération,Hors intersection,Normale,Deux véhicules - arrière,,,,,,,,,,,1,1,1,1,2
201500044570,0015-03-21 20:35:00,15,3,21,20,35,940,18,A4,48.8175,2.41528,Nuit sans éclairage public,Hors agglomération,Hors intersection,Normale,Deux véhicules - arrière,,,,,,,,,,,3,1,1,1,2
201500044571,0015-03-24 06:10:00,15,3,24,6,10,940,28,A86 EXT,48.7762,2.42958,Nuit sans éclairage public,Hors agglomération,Hors intersection,Normale,Deux véhicules - côté,,,,,,,,,,,3,1,1,1,3
201500044572,0015-03-25 01:20:00,15,3,25,1,20,940,79,A4,48.8358,2.53972,Nuit sans éclairage public,Hors agglomération,Hors intersection,Pluie légère,Autre collision,,,,,,,,,,,3,1,1,2,6
201500044573,0015-03-25 06:45:00,15,3,25,6,45,750,112,A4,,,Plein jour,Hors agglomération,Hors intersection,Pluie légère,Trois véhicules et plus - collisions multiples,,,,,,,,,,,1,1,1,2,5
201500044574,0015-03-25 09:00:00,15,3,25,9,0,940,65,A86 EXT,48.7537,2.36575,Plein jour,Hors agglomération,Hors intersection,Normale,Deux véhicules - côté,,,,,,,,,,,1,1,1,1,3
201500044575,0015-03-26 17:30:00,15,3,26,17,30,940,44,RN406.W,48.758,2.47079,Plein jour,Hors agglomération,Hors intersection,Pluie légère,Autre collision,,,,,,,,,,,1,1,1,2,6
201500044576,0015-03-26 19:50:00,15,3,26,19,50,940,28,A86 EXT,48.7835,2.44074,Nuit sans éclairage public,Hors agglomération,Hors intersection,Pluie légère,Trois véhicules et plus - collisions multiples,,,,,,,,,,,3,1,1,2,5
201500044577,0015-03-26 20:15:00,15,3,26,20,15,940,69,A86 INT,48.8167,2.45234,Nuit sans éclairage public,Hors agglomération,Hors intersection,Pluie légère,Sans collision,,,,,,,,,,,3,1,1,2,7
201500044578,0015-03-27 06:00:00,15,3,27,6,0,940,69,A86 INT,48.817,2.45317,Nuit sans éclairage public,Hors agglomération,Hors intersection,Normale,Deux véhicules - côté,,,,,,,,,,,3,1,1,1,3
201500044579,0015-03-28 16:15:00,15,3,28,16,15,940,65,A86 INT,48.7539,2.35366,Plein jour,Hors agglomération,Hors intersection,Normale,Autre collision,,,,,,,,,,,1,1,1,1,6
201500044580,0015-03-28 20:34:00,15,3,28,20,34,750,112,A4,,,Nuit avec éclairage allumé,Hors agglomération,Hors intersection,Normale,Trois véhicules et plus - en chaîne,,,,,,,,,,,5,1,1,1,4
201500044581,0015-03-29 13:30:00,15,3,29,13,30,770,258,A4.(Paris-Province),,,Plein jour,Hors agglomération,Hors intersection,Normale,Sans collision,,,,,,,,,,,1,1,1,1,7
201500044582,0015-03-29 15:43:00,15,3,29,15,43,940,44,RN406.Y,48.7572,2.47186,Plein jour,Hors agglomération,Hors intersection,Normale,Deux véhicules - côté,,,,,,,,,,,1,1,1,1,3
201500044583,0015-03-30 08:30:00,15,3,30,8,30,940,28,A86 EXT,48.7972,2.44411,Plein jour,Hors agglomération,Hors intersection,Normale,Trois véhicules et plus - collisions multiples,,,,,,,,,,,1,1,1,1,5
201500044584,0015-03-31 13:05:00,15,3,31,13,5,940,73,A86 EXT,48.754,2.38041,Plein jour,Hors agglomération,Hors intersection,Normale,Deux véhicules - arrière,,,,,,,,,,,1,1,1,1,2
201500044585,0015-03-31 16:03:00,15,3,31,16,3,940,18,A4,48.8249,2.39322,Plein jour,Hors agglomération,Hors intersection,Normale,Deux véhicules - côté,,,,,,,,,,,1,1,1,1,3
201500044586,0015-04-02 13:00:00,15,4,2,13,0,940,17,A4,48.8298,2.49785,Plein jour,Hors agglomération,Hors intersection,Pluie légère,Deux véhicules - arrière,,,,,,,,,,,1,1,1,2,2
201500044587,0015-04-03 20:35:00,15,4,3,20,35,770,294,A104,,,Crépuscule ou aube,Hors agglomération,Hors intersection,Pluie forte,Deux véhicules - frontale,,,,,,,,,,,2,1,1,3,1
201500044588,0015-04-03 21:15:00,15,4,3,21,15,940,69,A4,48.8176,2.41944,Nuit avec éclairage non allumé,Hors agglomération,Hors intersection,Pluie forte,Deux véhicules - arrière,,,,,,,,,,,4,1,1,3,2
201500044589,0015-04-04 06:25:00,15,4,4,6,25,770,181,A4,,,Nuit sans éclairage public,Hors agglomération,Hors intersection,Temps couvert,Autre collision,,,,,,,,,,,3,1,1,8,6
201500044590,0015-04-04 08:38:00,15,4,4,8,38,770,373,RN104,,,Plein jour,Hors agglomération,Hors intersection,Pluie légère,Deux véhicules - frontale,,,,,,,,,,,1,1,1,2,1
201500044591,0015-04-04 13:00:00,15,4,4,13,0,770,258,A4.Y (Paris-Province),,,Plein jour,Hors agglomération,Hors intersection,Pluie légère,Autre collision,,,,,,,,,,,1,1,1,2,6