accident_id,datetime,annee,mois,jour,heure,minute,departement,commune_insee,adresse,latitude,longitude,luminosite,agglomeration,intersection,meteo,collision,nb_vehicules,nb_usagers,nb_indemnes,nb_tues,nb_blesses_hosp,nb_blesses_legers,age_cond_1,age_cond_2,veh_type_cond_1,veh_type_cond_2,lum_code,agg_code,int_code,atm_code,col_code
201500044863,0015-10-06 11:20:00,15,10,6,11,20,770,363,A104,,,Plein jour,Hors agglomération,Hors intersection,Normale,Deux véhicules - arrière,,,,,,,,,,,1,1,1,1,2
201500044864,0015-09-21 15:00:00,15,9,21,15,0,770,517,A104,,,Plein jour,Hors agglomération,Hors intersection,Normale,Deux véhicules - arrière,,,,,,,,,,,1,1,1,1,2
201500044865,0015-09-24 08:15:00,15,9,24,8,15,940,52,A86.EXT,48.8423,2.493,Plein jour,Hors agglomération,Hors intersection,Normale,Deux véhicules - côté,,,,,,,,,,,1,1,1,1,3
201500044866,0015-09-24 20:16:00,15,9,24,20,16,770,294,A104,,,Nuit sans éclairage public,Hors agglomération,Autre intersection,Pluie forte,Trois véhicules et plus - en chaîne,,,,,,,,,,,3,1,9,3,4
201500044867,0015-09-25 07:32:00,15,9,25,7,32,770,468,A104,,,Plein jour,Hors agglomération,Hors intersection,Brouillard / fumée,Trois véhicules et plus - en chaîne,,,,,,,,,,,1,1,1,5,4
201500044868,0015-09-25 20:40:00,15,9,25,20,40,940,17,A4,48.8273,2.50823,Nuit avec éclairage allumé,Hors agglomération,Hors intersection,Normale,Deux véhicules - côté,,,,,,,,,,,5,1,1,1,3
201500044869,0015-09-26 15:45:00,15,9,26,15,45,770,237,A4,,,Plein jour,Hors agglomération,Hors intersection,Normale,Autre collision,,,,,,,,,,,1,1,1,1,6
201500044870,0015-09-26 15:40:00,15,9,26,15,40,770,372,A104,,,Plein jour,Hors agglomération,Hors intersection,Normale,Autre collision,,,,,,,,,,,1,1,1,1,6
201500044871,0015-09-27 18:35:00,15,9,27,18,35,940,33,A86.INT,48.8499,2.49111,Plein jour,Hors agglomération,Hors intersection,Normale,Deux véhicules - arrière,,,,,,,,,,,1,1,1,1,2
201500044872,0015-09-28 08:20:00,15,9,28,8,20,770,169,A4.Y,,,Plein jour,Hors agglomération,Hors intersection,Normale,Autre collision,,,,,,,,,,,1,1,1,1,6
201500044873,0015-09-28 08:45:00,15,9,28,8,45,770,181,A4,,,Plein jour,Hors agglomération,Hors intersection,Normale,Trois véhicules et plus - collisions multiples,,,,,,,,,,,1,1,1,1,5
201500044874,0015-09-28 13:30:00,15,9,28,13,30,940,17,A4,48.827,2.51036,Plein jour,Hors agglomération,Hors intersection,Normale,Deux véhicules - côté,,,,,,,,,,,1,1,1,1,3
201500044875,0015-09-28 14:00:00,15,9,28,14,0,750,112,A4,,,Plein jour,Hors agglomération,Hors intersection,Normale,Trois véhicules et plus - en chaîne,,,,,,,,,,,1,1,1,1,4
201500044876,0015-09-29 08:45:00,15,9,29,8,45,770,258,A4.W,,,Plein jour,Hors agglomération,Hors intersection,Normale,Trois véhicules et plus - collisions multiples,,,,,,,,,,,1,1,1,1,5
201500044877,0015-09-29 16:58:00,15,9,29,16,58,940,52,A86.EXT,48.8322,2.49216,Plein jour,Hors agglomération,Hors intersection,Normale,Sans collision,,,,,,,,,,,1,1,1,1,7
201500044878,0015-09-30 06:50:00,15,9,30,6,50,940,17,A4,48.8279,2.50451,Nuit avec éclairage allumé,Hors agglomération,Hors intersection,Normale,Deux véhicules - côté,,,,,,,,,,,5,1,1,1,3
201500044879,0015-09-30 07:20:00,15,9,30,7,20,930,51,A4,48.8362,2.55652,Plein jour,Hors agglomération,Hors intersection,Normale,Deux véhicules - arrière,,,,,,,,,,,1,1,1,1,2
201500044880,0015-09-30 08:25:00,15,9,30,8,25,930,51,A4,,,Plein jour,Hors agglomération,Hors intersection,Normale,Deux véhicules - arrière,,,,,,,,,,,1,1,1,1,2
201500044881,0015-09-30 12:05:00,15,9,30,12,5,770,249,RN104,,,Plein jour,Hors agglomération,Hors intersection,Normale,Sans collision,,,,,,,,,,,1,1,1,1,7
201500044882,0015-10-01 08:40:00,15,10,1,8,40,940,28,RN406.W,48.7797,2.44157,Plein jour,Hors agglomération,Hors intersection,Normale,Deux véhicules - côté,,,,,,,,,,,1,1,1,1,3
201500044883,0015-10-01 20:30:00,15,10,1,20,30,940,69,A4,48.8174,2.42929,Nuit avec éclairage allumé,Hors agglomération,Hors intersection,Normale,Trois véhicules et plus - collisions multiples,,,,,,,,,,,5,1,1,1,5
201500044884,0015-10-02 16:15:00,15,10,2,16,15,770,169,RN104,,,Plein jour,Hors agglomération,Hors intersection,Normale,Deux véhicules - côté,,,,,,,,,,,1,1,1,1,3
201500044885,0015-10-03 13:00:00,15,10,3,13,0,940,52,A86 INT,48.8417,2.49305,Plein jour,Hors agglomération,Hors intersection,Normale,Trois véhicules et plus - en chaîne,,,,,,,,,,,1,1,1,1,4
201500044886,0015-10-05 20:00:00,15,10,5,20,0,770,373,RN104,,,Nuit sans éclairage public,Hors agglomération,Hors intersection,Pluie légère,Trois véhicules et plus - collisions multiples,,,,,,,,,,,3,1,1,2,5
201500044887,0015-10-06 09:30:00,15,10,6,9,30,940,79,A4,48.8358,2.53971,Plein jour,Hors agglomération,Hors intersection,Pluie légère,Deux véhicules - arrière,,,,,,,,,,,1,1,1,2,2
201500044888,0015-10-06 17:45:00,15,10,6,17,45,940,28,A86 INT,48.7775,2.43961,Plein jour,Hors agglomération,Hors intersection,Normale,Deux véhicules - côté,,,,,,,,,,,1,1,1,1,3
201500044889,0015-10-06 19:55:00,15,10,6,19,55,940,17,A4,48.8298,2.48411,Plein jour,Hors agglomération,Hors intersection,Normale,Deux véhicules - côté,,,,,,,,,,,1,1,1,1,3
201500044890,0015-10-07 08:10:00,15,10,7,8,10,930,51,A4,,,Crépuscule ou aube,Hors agglomération,Hors intersection,Pluie légère,Deux véhicules - frontale,,,,,,,,,,,2,1,1,2,1
201500044891,0015-10-07 20:20:00,15,10,7,20,20,770,83,A4.W,,,Nuit sans éclairage public,Hors agglomération,Hors intersection,Normale,Deux véhicules - frontale,,,,,,,,,,,3,1,1,1,1
201500044892,0015-10-08 11:50:00,15,10,8,11,50,770,294,A104,,,Plein jour,Hors agglomération,Hors intersection,Normale,Deux véhicules - arrière,,,,,,,,,,,1,1,1,1,2
201500044893,0015-10-09 07:17:00,15,10,9,7,17,940,22,A86 INT,48.7762,2.42689,Crépuscule ou aube,Hors agglomération,Hors intersection,Normale,Deux véhicules - arrière,,,,,,,,,,,2,1,1,1,2
201500044894,0015-10-09 15:00:00,15,10,9,15,0,770,514,A104,,,Plein jour,Hors agglomération,Hors intersection,Normale,Trois véhicules et plus - en chaîne,,,,,,,,,,,1,1,1,1,4
201500044895,0015-10-10 18:00:00,15,10,10,18,0,940,18,A4,48.8173,2.41694,Plein jour,Hors agglomération,Hors intersection,Normale,Autre collision,,,,,,,,,,,1,1,1,1,6
201500044896,0015-10-10 20:45:00,15,10,10,20,45,940,81,A86 EXT,48.774,2.40738,Nuit sans éclairage public,Hors agglomération,Hors intersection,Normale,Deux véhicules - arrière,,,,,,,,,,,3,1,1,1,2
201500044897,0015-10-10 21:00:00,15,10,10,21,0,940,28,A86 EXT,48.8012,2.44739,Nuit avec éclairage non allumé,Hors agglomération,Hors intersection,Normale,Trois véhicules et plus - collisions multiples,,,,,,,,,,,4,1,1,1,5
201500044898,0015-10-11 17:15:00,15,10,11,17,15,750,112,A4,,,Plein jour,Hors agglomération,Hors intersection,Normale,Trois véhicules et plus - collisions multiples,,,,,,,,,,,1,1,1,1,5
201500044899,0015-10-12 08:00:00,15,10,12,8,0,940,18,A4,48.8189,2.40856,Plein jour,Hors agglomération,Hors intersection,Normale,Deux véhicules - arrière,,,,,,,,,,,1,1,1,1,2
201500044900,0015-10-12 22:00:00,15,10,12,22,0,940,69,A4,48.8173,2.42643,Nuit avec éclairage allumé,Hors agglomération,Hors intersection,Normale,Trois véhicules et plus - en chaîne,,,,,,,,,,,5,1,1,1,4
201500044901,0015-10-12 23:50:00,15,10,12,23,50,940,17,A4,48.8306,2.49363,Nuit avec éclairage allumé,Hors agglomération,Hors intersection,Normale,Trois véhicules et plus - en chaîne,,,,,,,,,,,5,1,1,1,4
201500044902,0015-10-14 07:25:00,15,10,14,7,25,930,51,A4,,,Nuit avec éclairage allumé,Hors agglomération,Hors intersection,Normale,Deux véhicules - côté,,,,,,,,,,,5,1,1,1,3
201500044903,0015-10-15 07:25:00,15,10,15,7,25,770,53,RN104,,,Crépuscule ou aube,Hors agglomération,Hors intersection,Normale,Deux véhicules - arrière,,,,,,,,,,,2,1,1,1,2
201500044904,0015-10-15 10:30:00,15,10,15,10,30,770,373,RN104,,,Plein jour,Hors agglomération,Hors intersection,Normale,Autre collision,,,,,,,,,,,1,1,1,1,6
201500044905,0015-10-15 11:30:00,15,10,15,11,30,770,337,A4,,,Plein jour,Hors agglomération,Hors intersection,Pluie légère,Autre collision,,,,,,,,,,,1,1,1,2,6
201500044906,0015-10-16 09:00:00,15,10,16,9,0,940,33,A86.INT,48.8488,2.4915,Plein jour,Hors agglomération,Hors intersection,Normale,Deux véhicules - côté,,,,,,,,,,,1,1,1,1,3
201500044907,0015-10-16 18:00:00,15,10,16,18,0,930,51,A4,,,Plein jour,Hors agglomération,Hors intersection,Normale,Deux véhicules - côté,,,,,,,,,,,1,1,1,1,3
201500044908,0015-10-17 01:40:00,15,10,17,1,40,770,18,A4,,,Nuit avec éclairage non allumé,Hors agglomération,Hors intersection,Normale,Autre collision,,,,,,,,,,,4,1,1,1,6
201500044909,0015-10-17 20:20:00,15,10,17,20,20,770,181,A4,,,Nuit sans éclairage public,Hors agglomération,Hors intersection,Normale,Autre collision,,,,,,,,,,,3,1,1,1,6
201500044910,0015-10-17 21:40:00,15,10,17,21,40,770,146,A4.Y,,,Nuit sans éclairage public,Hors agglomération,Hors intersection,Normale,Autre collision,,,,,,,,,,,3,1,1,1,6
201500044911,0015-10-19 09:20:00,15,10,19,9,20,940,18,A4,48.8249,2.39322,Plein jour,Hors agglomération,Hors intersection,Normale,Deux véhicules - côté,,,,,,,,,,,1,1,1,1,3
201500044912,0015-10-20 08:47:00,15,10,20,8,47,940,28,A86 EXT,48.7817,2.44103,Plein jour,Hors agglomération,Hors intersection,Normale,Deux véhicules - côté,,,,,,,,,,,1,1,1,1,3
201500044913,0015-10-22 08:40:00,15,10,22,8,40,770,175,RN104,,,Plein jour,Hors agglomération,Hors intersection,Normale,Trois véhicules et plus - en chaîne,,,,,,,,,,,1,1,1,1,4
201500044914,0015-10-22 08:45:00,15,10,22,8,45,940,65,A86 EXT,48.7536,2.35505,Plein jour,Hors agglomération,Hors intersection,Pluie légère,Deux véhicules - arrière,,,,,,,,,,,1,1,1,2,2
201500044915,0015-10-22 09:40:00,15,10,22,9,40,770,169,RN104,48.8215,2.6151,Plein jour,Hors agglomération,Hors intersection,Normale,Autre collision,,,,,,,,,,,1,1,1,1,6
201500044916,0015-10-22 09:40:00,15,10,22,9,40,940,69,A4,48.8175,2.4321,Plein jour,Hors agglomération,Hors intersection,Normale,Deux véhicules - arrière,,,,,,,,,,,1,1,1,1,2
201500044917,0015-10-22 17:40:00,15,10,22,17,40,770,373,RN104,,,Plein jour,Hors agglomération,Hors intersection,Normale,Deux véhicules - arrière,,,,,,,,,,,1,1,1,1,2
201500044918,0015-10-23 15:20:00,15,10,23,15,20,770,514,A104,,,Plein jour,Hors agglomération,Hors intersection,Normale,Trois véhicules et plus - en chaîne,,,,,,,,,,,1,1,1,1,4
201500044919,0015-10-23 16:40:00,15,10,23,16,40,940,18,A4,48.8235,2.39513,Plein jour,Hors agglomération,Hors intersection,Normale,Deux véhicules - arrière,,,,,,,,,,,1,1,1,1,2
201500044920,0015-10-24 09:30:00,15,10,24,9,30,940,46,A86 EXT,48.7982,2.44483,Plein jour,Hors agglomération,Hors intersection,Normale,Deux véhicules - côté,,,,,,,,,,,1,1,1,1,3
201500044921,0015-10-25 15:50:00,15,10,25,15,50,940,28,A86 EXT,48.7978,2.4445,Plein jour,Hors agglomération,Hors intersection,Normale,Trois véhicules et plus - collisions multiples,,,,,,,,,,,1,1,1,1,5
201500044922,0015-10-25 19:00:00,15,10,25,19,0,940,69,A4,48.8173,2.44043,Crépuscule ou aube,Hors agglomération,Hors intersection,Normale,Trois véhicules et plus - collisions multiples,,,,,,,,,,,2,1,1,1,5
201500044923,0015-10-26 09:15:00,15,10,26,9,15,940,65,A86 INT,48.7537,2.35632,Plein jour,Hors agglomération,Hors intersection,Normale,Deux véhicules - côté,,,,,,,,,,,1,1,1,1,3
201500044924,0015-10-26 10:05:00,15,10,26,10,5,770,258,A4.Y,,,Plein jour,Hors agglomération,Hors intersection,Normale,Sans collision,,,,,,,,,,,1,1,1,1,7
201500044925,0015-10-26 19:00:00,15,10,26,19,0,770,373,RN104,,,Nuit sans éclairage public,Hors agglomération,Hors intersection,Normale,Deux véhicules - arrière,,,,,,,,,,,3,1,1,1,2
201500044926,0015-10-26 19:22:00,15,10,26,19,22,940,52,A86.EXT,48.8316,2.49174,Nuit avec éclairage allumé,Hors agglomération,Hors intersection,Normale,Sans collision,,,,,,,,,,,5,1,1,1,7
201500044927,0015-10-27 09:30:00,15,10,27,9,30,940,65,A86 INT,48.7547,2.34842,Plein jour,Hors agglomération,Hors intersection,Normale,Deux véhicules - arrière,,,,,,,,,,,1,1,1,1,2
201500044928,0015-10-28 07:45:00,15,10,28,7,45,940,69,A4,48.8176,2.43769,Crépuscule ou aube,Hors agglomération,Hors intersection,Pluie légère,Sans collision,,,,,,,,,,,2,1,1,2,7
201500044929,0015-10-28 11:05:00,15,10,28,11,5,940,17,A4,48.8297,2.49791,Plein jour,Hors agglomération,Hors intersection,Pluie légère,Deux véhicules - arrière,,,,,,,,,,,1,1,1,2,2
201500044930,0015-10-29 06:39:00,15,10,29,6,39,940,15,A4,48.8319,2.5318,Nuit sans éclairage public,Hors agglomération,Hors intersection,Normale,Deux véhicules - arrière,,,,,,,,,,,3,1,1,1,2
201500044931,0015-10-30 11:45:00,15,10,30,11,45,940,28,A86 EXT,48.7957,2.44293,Plein jour,Hors agglomération,Hors intersection,Normale,Deux véhicules - arrière,,,,,,,,,,,1,1,1,1,2
201500044932,0015-10-30 20:00:00,15,10,30,20,0,770,122,RN104,,,Plein jour,Hors agglomération,Hors intersection,Normale,Deux véhicules - frontale,,,,,,,,,,,1,1,1,1,1
201500044933,0015-10-31 04:20:00,15,10,31,4,20,770,122,RN104,,,Nuit sans éclairage public,Hors agglomération,Hors intersection,Normale,Autre collision,,,,,,,,,,,3,1,1,1,6
201500044934,0015-10-31 09:20:00,15,10,31,9,20,940,81,A86 EXT,48.7734,2.40303,Plein jour,Hors agglomération,Hors intersection,Normale,Deux véhicules - arrière,,,,,,,,,,,1,1,1,1,2
201500044935,0015-10-31 15:30:00,15,10,31,15,30,940,15,A4,48.8325,2.53273,Plein jour,Hors agglomération,Hors intersection,Normale,Trois véhicules et plus - en chaîne,,,,,,,,,,,1,1,1,1,4
201500044936,0015-11-01 06:40:00,15,11,1,6,40,770,363,A104,,,Crépuscule ou aube,Hors agglomération,Hors intersection,Brouillard / fumée,Autre collision,,,,,,,,,,,2,1,1,5,6
201500044937,0015-11-01 14:39:00,15,11,1,14,39,940,28,A86 EXT,48.7764,2.43696,Plein jour,Hors agglomération,Hors intersection,Normale,Deux véhicules - arrière,,,,,,,,,,,1,1,1,1,2
201500044938,0015-11-01 19:50:00,15,11,1,19,50,770,517,A104.INT,,,Nuit sans éclairage public,Hors agglomération,Hors intersection,Normale,Deux véhicules - côté,,,,,,,,,,,3,1,1,1,3
201500044939,0015-11-01 21:05:00,15,11,1,21,5,940,17,A4,48.8286,2.50177,Nuit sans éclairage public,Hors agglomération,Hors intersection,Normale,Trois véhicules et plus - en chaîne,,,,,,,,,,,3,1,1,1,4
201500044940,0015-11-02 00:15:00,15,11,2,0,15,940,17,A86.EXT,48.8309,2.49096,Nuit avec éclairage allumé,Hors agglomération,Hors intersection,Normale,Sans collision,,,,,,,,,,,5,1,1,1,7
201500044941,0015-11-02 18:15:00,15,11,2,18,15,930,51,A4,,,Crépuscule ou aube,Hors agglomération,Hors intersection,Normale,Trois véhicules et plus - collisions multiples,,,,,,,,,,,2,1,1,1,5
201500044942,0015-11-02 18:40:00,15,11,2,18,40,770,438,A104,,,Nuit sans éclairage public,Hors agglomération,Hors intersection,Normale,Deux véhicules - arrière,,,,,,,,,,,3,1,1,1,2
201500044943,0015-11-03 08:30:00,15,11,3,8,30,770,438,A104,,,Crépuscule ou aube,Hors agglomération,Hors intersection,Pluie légère,Deux véhicules - arrière,,,,,,,,,,,2,1,1,2,2
201500044944,0015-11-03 08:45:00,15,11,3,8,45,940,69,A4,48.8171,2.44473,Plein jour,Hors agglomération,Hors intersection,Pluie légère,Deux véhicules - côté,,,,,,,,,,,1,1,1,2,3
201500044945,0015-11-03 18:10:00,15,11,3,18,10,940,79,A4,48.8358,2.53994,Nuit sans éclairage public,Hors agglomération,Hors intersection,Normale,Deux véhicules - côté,,,,,,,,,,,3,1,1,1,3
201500044946,0015-11-04 12:15:00,15,11,4,12,15,940,22,A86 INT,48.7764,2.42287,Plein jour,Hors agglomération,Hors intersection,Normale,Deux véhicules - côté,,,,,,,,,,,1,1,1,1,3
201500044947,0015-11-05 01:15:00,15,11,5,1,15,770,514,A104,,,Nuit sans éclairage public,Hors agglomération,Hors intersection,Temps couvert,Deux véhicules - arrière,,,,,,,,,,,3,1,1,8,2
201500044948,0015-11-05 08:30:00,15,11,5,8,30,750,112,A86 EXT,,,Plein jour,Hors agglomération,Hors intersection,Normale,Autre collision,,,,,,,,,,,1,1,1,1,6
201500044949,0015-11-05 08:30:00,15,11,5,8,30,770,438,A104,,,Plein jour,Hors agglomération,Hors intersection,Normale,Autre collision,,,,,,,,,,,1,1,1,1,6
201500044950,0015-11-05 13:15:00,15,11,5,13,15,940,17,A4,48.8269,2.51275,Plein jour,Hors agglomération,Hors intersection,Normale,Deux véhicules - côté,,,,,,,,,,,1,1,1,1,3
201500044951,0015-11-05 15:45:00,15,11,5,15,45,750,112,A4,,,Plein jour,Hors agglomération,Hors intersection,Normale,Deux véhicules - frontale,,,,,,,,,,,1,1,1,1,1
201500044952,0015-11-06 17:40:00,15,11,6,17,40,940,69,A4,48.8173,2.42784,Plein jour,Hors agglomération,Hors intersection,Pluie légère,Sans collision,,,,,,,,,,,1,1,1,2,7
201500044953,0015-11-07 18:30:00,15,11,7,18,30,940,33,A86.INT,48.8494,2.49053,Nuit sans éclairage public,Hors agglomération,Hors intersection,Normale,Deux véhicules - côté,,,,,,,,,,,3,1,1,1,3
201500044954,0015-11-07 18:30:00,15,11,7,18,30,770,337,A4,,,Nuit sans éclairage public,Hors agglomération,Hors intersection,Normale,Deux véhicules - côté,,,,,,,,,,,3,1,1,1,3
201500044955,0015-11-08 19:40:00,15,11,8,19,40,940,28,A86 EXT,48.7835,2.44074,Plein jour,Hors agglomération,Hors intersection,Normale,Trois véhicules et plus - en chaîne,,,,,,,,,,,1,1,1,1,4
201500044956,0015-11-10 08:50:00,15,11,10,8,50,940,17,A86.EXT,48.8309,2.49101,Plein jour,Hors agglomération,Hors intersection,Normale,Sans collision,,,,,,,,,,,1,1,1,1,7
201500044957,0015-11-10 19:25:00,15,11,10,19,25,940,46,A86 EXT,48.8051,2.44881,Nuit sans éclairage public,Hors agglomération,Hors intersection,Normale,Deux véhicules - arrière,,,,,,,,,,,3,1,1,1,2
201500044958,0015-11-10 20:15:00,15,11,10,20,15,770,146,A4.Y,,,Nuit sans éclairage public,Hors agglomération,Hors intersection,Normale,Trois véhicules et plus - en chaîne,,,,,,,,,,,3,1,1,1,4
201500044959,0015-11-11 16:00:00,15,11,11,16,0,940,73,A86 INT,48.7681,2.3787,Plein jour,Hors agglomération,Hors intersection,Normale,Sans collision,,,,,,,,,,,1,1,1,1,7
201500044960,0015-11-13 06:45:00,15,11,13,6,45,770,83,A4.W,,,Nuit sans éclairage public,Hors agglomération,Hors intersection,Normale,Deux véhicules - arrière,,,,,,,,,,,3,1,1,1,2
201500044961,0015-11-13 06:50:00,15,11,13,6,50,940,17,A86.EXT,48.8314,2.4916,Nuit avec éclairage allumé,Hors agglomération,Hors intersection,Normale,Deux véhicules - arrière,,,,,,,,,,,5,1,1,1,2
201500044962,0015-11-13 17:50:00,15,11,13,17,50,770,438,A104,,,Nuit sans éclairage public,Hors agglomération,Hors intersection,Normale,Deux véhicules - côté,,,,,,,,,,,3,1,1,1,3
201500044963,0015-11-13 19:00:00,15,11,13,19,0,770,169,A4.Y,,,Nuit avec éclairage allumé,Hors agglomération,Hors intersection,Normale,Deux véhicules - côté,,,,,,,,,,,5,1,1,1,3
201500044964,0015-11-14 06:15:00,15,11,14,6,15,770,169,A4.Y,,,Plein jour,Hors agglomération,Hors intersection,Normale,Autre collision,,,,,,,,,,,1,1,1,1,6
201500044965,0015-11-15 02:40:00,15,11,15,2,40,940,42,A4,48.8284,2.47585,Nuit avec éclairage allumé,Hors agglomération,Hors intersection,Normale,Autre collision,,,,,,,,,,,5,1,1,1,6
201500044966,0015-11-16 17:50:00,15,11,16,17,50,770,294,A104,,,Nuit sans éclairage public,Hors agglomération,Hors intersection,Normale,Deux véhicules - côté,,,,,,,,,,,3,1,1,1,3
201500044967,0015-11-17 11:30:00,15,11,17,11,30,940,11,RN406.W,48.7632,2.49563,Plein jour,Hors agglomération,Hors intersection,Normale,Autre collision,,,,,,,,,,,1,1,1,1,6
201500044968,0015-11-18 08:10:00,15,11,18,8,10,940,46,A86 EXT,48.7987,2.44528,Plein jour,Hors agglomération,Hors intersection,Normale,Trois véhicules et plus - collisions multiples,,,,,,,,,,,1,1,1,1,5
201500044969,0015-11-18 17:45:00,15,11,18,17,45,940,33,A86.INT,48.8571,2.4877,Crépuscule ou aube,Hors agglomération,Hors intersection,Normale,Deux véhicules - côté,,,,,,,,,,,2,1,1,1,3
201500044970,0015-11-19 07:45:00,15,11,19,7,45,770,438,A104,,,Plein jour,Hors agglomération,Hors intersection,Normale,Deux véhicules - côté,,,,,,,,,,,1,1,1,1,3
201500044971,0015-11-19 13:00:00,15,11,19,13,0,770,258,A4.Y,,,Plein jour,Hors agglomération,Hors intersection,Pluie légère,Deux véhicules - frontale,,,,,,,,,,,1,1,1,2,1
201500044972,0015-11-19 16:00:00,15,11,19,16,0,940,69,A4,48.8173,2.42929,Plein jour,Hors agglomération,Hors intersection,Pluie légère,Trois véhicules et plus - en chaîne,,,,,,,,,,,1,1,1,2,4
201500044973,0015-11-19 19:00:00,15,11,19,19,0,770,373,RN104,,,Nuit sans éclairage public,Hors agglomération,Hors intersection,Pluie légère,Deux véhicules - arrière,,,,,,,,,,,3,1,1,2,2
201500044974,0015-11-20 08:45:00,15,11,20,8,45,940,28,RN406.W,48.7729,2.44579,Plein jour,Hors agglomération,Hors intersection,Pluie légère,Trois véhicules et plus - collisions multiples,,,,,,,,,,,1,1,1,2,5
201500044975,0015-11-20 10:00:00,15,11,20,10,0,940,73,A86 INT,48.7723,2.39612,Plein jour,Hors agglomération,Hors intersection,Normale,Deux véhicules - côté,,,,,,,,,,,1,1,1,1,3
201500044976,0015-11-20 17:00:00,15,11,20,17,0,770,373,RN104,,,Plein jour,Hors agglomération,Hors intersection,Normale,Autre collision,,,,,,,,,,,1,1,1,1,6
201500044977,0015-11-20 18:20:00,15,11,20,18,20,940,73,A86 EXT,48.7717,2.39356,Crépuscule ou aube,Hors agglomération,Hors intersection,Pluie légère,Trois véhicules et plus - collisions multiples,,,,,,,,,,,2,1,1,2,5
201500044978,0015-11-21 20:20:00,15,11,21,20,20,770,495,A5b,,,Nuit sans éclairage public,Hors agglomération,Hors intersection,Normale,Trois véhicules et plus - en chaîne,,,,,,,,,,,3,1,1,1,4
201500044979,0015-11-22 13:00:00,15,11,22,13,0,940,69,A4,48.8176,2.43908,Plein jour,Hors agglomération,Hors intersection,Normale,Sans collision,,,,,,,,,,,1,1,1,1,7
201500044980,0015-11-22 18:00:00,15,11,22,18,0,770,258,A4.W,,,Nuit sans éclairage public,Hors agglomération,Hors intersection,Normale,Deux véhicules - côté,,,,,,,,,,,3,1,1,1,3
201500044981,0015-11-23 15:05:00,15,11,23,15,5,940,28,A86 EXT,48.7888,2.44048,Plein jour,Hors agglomération,Hors intersection,Normale,Trois véhicules et plus - en chaîne,,,,,,,,,,,1,1,1,1,4
201500044982,0015-11-23 21:30:00,15,11,23,21,30,940,33,A86.INT,48.8596,2.48583,Nuit avec éclairage allumé,Hors agglomération,Hors intersection,Normale,Deux véhicules - côté,,,,,,,,,,,5,1,1,1,3
201500044983,0015-11-24 15:00:00,15,11,24,15,0,940,22,A86 EXT,48.7741,2.40801,Plein jour,Hors agglomération,Hors intersection,Pluie légère,Autre collision,,,,,,,,,,,1,1,1,2,6
201500044984,0015-11-24 16:50:00,15,11,24,16,50,940,73,A86 EXT,48.7538,2.36993,Plein jour,Hors agglomération,Hors intersection,Pluie forte,Sans collision,,,,,,,,,,,1,1,1,3,7
201500044985,0015-11-25 09:00:00,15,11,25,9,0,770,337,A4,,,Plein jour,Hors agglomération,Hors intersection,Normale,Autre collision,,,,,,,,,,,1,1,1,1,6
201500044986,0015-11-25 09:45:00,15,11,25,9,45,940,18,A4,48.8192,2.40725,Plein jour,Hors agglomération,Hors intersection,Normale,Trois véhicules et plus - collisions multiples,,,,,,,,,,,1,1,1,1,5
201500044987,0015-11-25 17:20:00,15,11,25,17,20,930,51,A4,,,Nuit sans éclairage public,Hors agglomération,Hors intersection,Pluie légère,Trois véhicules et plus - collisions multiples,,,,,,,,,,,3,1,1,2,5
201500044988,0015-11-25 18:00:00,15,11,25,18,0,940,15,A4,48.8306,2.52982,Nuit sans éclairage public,Hors agglomération,Hors intersection,Pluie légère,Deux véhicules - arrière,,,,,,,,,,,3,1,1,2,2
201500044989,0015-11-27 06:10:00,15,11,27,6,10,770,337,A4,,,Nuit sans éclairage public,Hors agglomération,Hors intersection,Brouillard / fumée,Deux véhicules - côté,,,,,,,,,,,3,1,1,5,3
201500044990,0015-11-27 06:45:00,15,11,27,6,45,940,17,A4,48.8265,2.51832,Nuit avec éclairage allumé,Hors agglomération,Hors intersection,Normale,Deux véhicules - côté,,,,,,,,,,,5,1,1,1,3
201500044991,0015-11-27 16:30:00,15,11,27,16,30,940,28,A86 EXT,48.7923,2.44128,Plein jour,Hors agglomération,Hors intersection,Normale,Deux véhicules - côté,,,,,,,,,,,1,1,1,1,3
201500044992,0015-11-27 19:50:00,15,11,27,19,50,940,69,A4,48.8172,2.44183,Nuit avec éclairage allumé,Hors agglomération,Hors intersection,Pluie légère,Deux véhicules - côté,,,,,,,,,,,5,1,1,2,3
201500044993,0015-11-28 14:50:00,15,11,28,14,50,940,28,A86 EXT,48.7849,2.44049,Plein jour,Hors agglomération,Hors intersection,Normale,Deux véhicules - arrière,,,,,,,,,,,1,1,1,1,2
201500044994,0015-11-29 23:40:00,15,11,29,23,40,930,51,A4,,,Nuit avec éclairage non allumé,Hors agglomération,Hors intersection,Normale,Deux véhicules - frontale,,,,,,,,,,,4,1,1,1,1
201500044995,0015-12-01 08:43:00,15,12,1,8,43,770,372,A104,,,Plein jour,Hors agglomération,Hors intersection,Normale,Deux véhicules - arrière,,,,,,,,,,,1,1,1,1,2