accident_id,datetime,annee,mois,jour,heure,minute,departement,commune_insee,adresse,latitude,longitude,luminosite,agglomeration,intersection,meteo,collision,nb_vehicules,nb_usagers,nb_indemnes,nb_tues,nb_blesses_hosp,nb_blesses_legers,age_cond_1,age_cond_2,veh_type_cond_1,veh_type_cond_2,lum_code,agg_code,int_code,atm_code,col_code
201500045254,0015-03-03 06:05:00,15,3,3,6,5,950,277,AUTOROUTE A1,,,Nuit sans éclairage public,Hors agglomération,Hors intersection,Normale,Trois véhicules et plus - en chaîne,,,,,,,,,,,3,1,1,1,4
201500045255,0015-03-03 17:45:00,15,3,3,17,45,920,36,AUTOROUTE A15,,,Plein jour,Hors agglomération,Hors intersection,Pluie légère,Deux véhicules - arrière,,,,,,,,,,,1,1,1,2,2
201500045256,0015-03-05 19:45:00,15,3,5,19,45,930,5,AUTOROUTE A3,48.9463,2.47621,Nuit sans éclairage public,Hors agglomération,Hors intersection,Normale,Sans collision,,,,,,,,,,,3,1,1,1,7
201500045257,0015-03-06 08:20:00,15,3,6,8,20,930,66,AUTOROUTE A86,48.8885,2.47433,Plein jour,Hors agglomération,Hors intersection,Normale,Trois véhicules et plus - en chaîne,,,,,,,,,,,1,1,1,1,4
201500045258,0015-03-06 09:00:00,15,3,6,9,0,950,572,AUTOROUTE A15,,,Plein jour,Hors agglomération,Hors intersection,Normale,Trois véhicules et plus - en chaîne,,,,,,,,,,,1,1,1,1,4
201500045259,0015-03-06 11:50:00,15,3,6,11,50,950,527,AUTOROUTE A1,,,Plein jour,Hors agglomération,Hors intersection,Normale,Deux véhicules - arrière,,,,,,,,,,,1,1,1,1,2
201500045260,0015-03-06 17:30:00,15,3,6,17,30,950,18,AUTOROUTE A15,,,Plein jour,Hors agglomération,Hors intersection,Normale,Deux véhicules - côté,,,,,,,,,,,1,1,1,1,3
201500045261,0015-03-06 15:00:00,15,3,6,15,0,930,27,AUTOROUTE A86,48.9256,2.39692,Plein jour,Hors agglomération,Hors intersection,Normale,Trois véhicules et plus - en chaîne,,,,,,,,,,,1,1,1,1,4
201500045262,0015-03-06 16:30:00,15,3,6,16,30,930,53,AUTOROUTE A3,48.893,2.47265,Plein jour,Hors agglomération,Hors intersection,Normale,Autre collision,,,,,,,,,,,1,1,1,1,6
201500045263,0015-03-05 09:30:00,15,3,5,9,30,950,252,AUTOROUTE A115,,,Plein jour,Hors agglomération,Hors intersection,Normale,Deux véhicules - côté,,,,,,,,,,,1,1,1,1,3
201500045264,0015-02-13 19:50:00,15,2,13,19,50,950,42,RN 104,,,Crépuscule ou aube,Hors agglomération,Hors intersection,Pluie légère,Deux véhicules - arrière,,,,,,,,,,,2,1,1,2,2
201500045265,0015-03-05 09:30:00,15,3,5,9,30,930,29,AUTOROUTE A86,,,Plein jour,Hors agglomération,Hors intersection,Normale,Trois véhicules et plus - en chaîne,,,,,,,,,,,1,1,1,1,4
201500045266,0015-03-04 12:28:00,15,3,4,12,28,930,53,AUTOROUTE A3,48.8835,2.45873,Plein jour,Hors agglomération,Hors intersection,Neige / grêle,Deux véhicules - arrière,,,,,,,,,,,1,1,1,4,2
201500045267,0015-03-08 16:40:00,15,3,8,16,40,950,582,AUTOROUTE A15,,,Plein jour,Hors agglomération,Hors intersection,Normale,Deux véhicules - arrière,,,,,,,,,,,1,1,1,1,2
201500045268,0015-03-05 11:00:00,15,3,5,11,0,920,36,AUTOROUTE A15,,,Plein jour,Hors agglomération,Hors intersection,Normale,Deux véhicules - arrière,,,,,,,,,,,1,1,1,1,2
201500045269,0015-03-08 05:00:00,15,3,8,5,0,930,13,AUTOROUTE A1,48.9388,2.41706,Nuit sans éclairage public,Hors agglomération,Hors intersection,Normale,Deux véhicules - arrière,,,,,,,,,,,3,1,1,1,2
201500045270,0015-03-09 17:50:00,15,3,9,17,50,950,678,ROUTE NATIONALE 184,,,Plein jour,Hors agglomération,Hors intersection,Normale,Trois véhicules et plus - en chaîne,,,,,,,,,,,1,1,1,1,4
201500045271,0015-03-09 15:00:00,15,3,9,15,0,930,6,AUTOROUTE A3,48.8669,2.42545,Plein jour,Hors agglomération,Hors intersection,Normale,Trois véhicules et plus - collisions multiples,,,,,,,,,,,1,1,1,1,5
201500045272,0015-03-10 08:25:00,15,3,10,8,25,950,42,RN 104,,,Plein jour,Hors agglomération,Hors intersection,Pluie légère,Autre collision,,,,,,,,,,,1,1,1,2,6
201500045273,0015-03-10 18:00:00,15,3,10,18,0,920,36,AUTOROUTE A86,,,Crépuscule ou aube,Hors agglomération,Hors intersection,Normale,Deux véhicules - frontale,,,,,,,,,,,2,1,1,1,1
201500045274,0015-03-10 17:30:00,15,3,10,17,30,930,66,AUTOROUTE A1,48.9334,2.37778,Plein jour,Hors agglomération,Hors intersection,Normale,Deux véhicules - arrière,,,,,,,,,,,1,1,1,1,2
201500045275,0015-03-10 19:45:00,15,3,10,19,45,930,63,AUTOROUTE A3,48.8785,2.44717,Nuit avec éclairage non allumé,Hors agglomération,Hors intersection,Normale,Deux véhicules - côté,,,,,,,,,,,4,1,1,1,3
201500045276,0015-03-11 09:15:00,15,3,11,9,15,930,66,AUTOROUTE A1,48.9256,2.35703,Plein jour,Hors agglomération,Hors intersection,Normale,Trois véhicules et plus - collisions multiples,,,,,,,,,,,1,1,1,1,5
201500045277,0015-03-11 16:30:00,15,3,11,16,30,930,8,AUTOROUTE A86,48.8939,2.47179,Plein jour,Hors agglomération,Hors intersection,Normale,Sans collision,,,,,,,,,,,1,1,1,1,7
201500045278,0015-03-12 16:30:00,15,3,12,16,30,920,36,AUTOROUTE A86,,,Plein jour,Hors agglomération,Hors intersection,Normale,Sans collision,,,,,,,,,,,1,1,1,1,7
201500045279,0015-03-12 22:15:00,15,3,12,22,15,930,63,AUTOROUTE A3,48.8742,2.43816,Nuit sans éclairage public,Hors agglomération,Hors intersection,Normale,Deux véhicules - côté,,,,,,,,,,,3,1,1,1,3
201500045280,0015-03-13 07:50:00,15,3,13,7,50,930,5,AUTOROUTE A3,48.9257,2.48122,Plein jour,Hors agglomération,Hors intersection,Normale,Deux véhicules - frontale,,,,,,,,,,,1,1,1,1,1
201500045281,0015-03-13 08:45:00,15,3,13,8,45,950,582,AUTOROUTE A15,,,Plein jour,Hors agglomération,Hors intersection,Normale,Trois véhicules et plus - collisions multiples,,,,,,,,,,,1,1,1,1,5
201500045282,0015-03-13 16:15:00,15,3,13,16,15,930,64,AUTOROUTE A86,,,Plein jour,Hors agglomération,Hors intersection,Normale,Deux véhicules - côté,,,,,,,,,,,1,1,1,1,3
201500045283,0015-03-13 18:15:00,15,3,13,18,15,930,10,AUTOROUTE A3,48.9069,2.47255,Plein jour,Hors agglomération,Hors intersection,Normale,Deux véhicules - arrière,,,,,,,,,,,1,1,1,1,2
201500045284,0015-03-15 06:00:00,15,3,15,6,0,930,8,AUTOROUTE A86,,,Crépuscule ou aube,Hors agglomération,Hors intersection,Normale,Deux véhicules - arrière,,,,,,,,,,,2,1,1,1,2
201500045285,0015-03-15 05:30:00,15,3,15,5,30,930,5,AUTOROUTE A3,48.9239,2.48068,Nuit sans éclairage public,Hors agglomération,Hors intersection,Normale,Trois véhicules et plus - en chaîne,,,,,,,,,,,3,1,1,1,4
201500045286,0015-03-16 08:25:00,15,3,16,8,25,950,582,AUTOROUTE A15,,,Plein jour,Hors agglomération,Hors intersection,Normale,Deux véhicules - côté,,,,,,,,,,,1,1,1,1,3
201500045287,0015-03-16 09:00:00,15,3,16,9,0,930,53,AUTOROUTE A103,48.9079,2.35844,Plein jour,Hors agglomération,Hors intersection,Normale,Trois véhicules et plus - en chaîne,,,,,,,,,,,1,1,1,1,4
201500045288,0015-03-16 14:10:00,15,3,16,14,10,920,36,AUTOROUTE A86,,,Plein jour,Hors agglomération,Hors intersection,Normale,Sans collision,,,,,,,,,,,1,1,1,1,7
201500045289,0015-03-16 23:05:00,15,3,16,23,5,930,27,AUTOROUTE A86,,,Nuit sans éclairage public,Hors agglomération,Hors intersection,Normale,Sans collision,,,,,,,,,,,3,1,1,1,7
201500045290,0015-03-17 06:45:00,15,3,17,6,45,930,78,AUTOROUTE A104,48.971,2.49979,Nuit avec éclairage non allumé,Hors agglomération,Hors intersection,Normale,Deux véhicules - côté,,,,,,,,,,,4,1,1,1,3
201500045291,0015-03-18 09:10:00,15,3,18,9,10,930,6,AUTOROUTE A3,48.8658,2.41719,Plein jour,Hors agglomération,Hors intersection,Normale,Deux véhicules - arrière,,,,,,,,,,,1,1,1,1,2
201500045292,0015-03-18 13:10:00,15,3,18,13,10,930,27,AUTOROUTE A1,48.9345,2.39758,Plein jour,Hors agglomération,Hors intersection,Normale,Autre collision,,,,,,,,,,,1,1,1,1,6
201500045293,0015-03-18 15:18:00,15,3,18,15,18,930,39,AUTOROUTE A86,48.9269,2.33609,Plein jour,Hors agglomération,Hors intersection,Normale,Deux véhicules - côté,,,,,,,,,,,1,1,1,1,3
201500045294,0015-03-19 22:30:00,15,3,19,22,30,930,64,AUTOROUTE A86,,,Nuit sans éclairage public,Hors agglomération,Hors intersection,Normale,Deux véhicules - arrière,,,,,,,,,,,3,1,1,1,2
201500045295,0015-03-03 12:37:00,15,3,3,12,37,950,218,AUTOROUTE A15,,,Plein jour,Hors agglomération,Hors intersection,Normale,Autre collision,,,,,,,,,,,1,1,1,1,6
201500045296,0015-03-18 15:00:00,15,3,18,15,0,930,48,AUTOROUTE A86,,,Plein jour,Hors agglomération,Hors intersection,Normale,Deux véhicules - arrière,,,,,,,,,,,1,1,1,1,2
201500045297,0015-03-18 14:30:00,15,3,18,14,30,930,7,AUTOROUTE A3,48.9292,2.4812,Plein jour,Hors agglomération,Hors intersection,Normale,Deux véhicules - côté,,,,,,,,,,,1,1,1,1,3
201500045298,0015-03-20 14:20:00,15,3,20,14,20,930,5,AUTOROUTE A3,48.9537,2.47364,Plein jour,Hors agglomération,Hors intersection,Normale,Trois véhicules et plus - en chaîne,,,,,,,,,,,1,1,1,1,4
201500045299,0015-03-20 11:50:00,15,3,20,11,50,930,66,AUTOROUTE A1,48.9332,2.37699,Plein jour,Hors agglomération,Hors intersection,Normale,Deux véhicules - côté,,,,,,,,,,,1,1,1,1,3
201500045300,0015-03-21 10:45:00,15,3,21,10,45,930,13,AUTOROUTE A1,48.9387,2.41625,Plein jour,Hors agglomération,Hors intersection,Normale,Trois véhicules et plus - collisions multiples,,,,,,,,,,,1,1,1,1,5
201500045301,0015-03-20 17:45:00,15,3,20,17,45,950,18,AUTOROUTE A15,,,Plein jour,Hors agglomération,Hors intersection,Normale,Trois véhicules et plus - en chaîne,,,,,,,,,,,1,1,1,1,4
201500045302,0015-03-20 14:45:00,15,3,20,14,45,950,256,ROUTE NATIONALE 184,,,Plein jour,Hors agglomération,Hors intersection,Normale,Deux véhicules - côté,,,,,,,,,,,1,1,1,1,3
201500045303,0015-03-21 20:00:00,15,3,21,20,0,930,48,AUTOROUTE A3,48.8731,2.43592,Nuit avec éclairage non allumé,Hors agglomération,Hors intersection,Normale,Autre collision,,,,,,,,,,,4,1,1,1,6
201500045304,0015-03-22 06:50:00,15,3,22,6,50,950,28,RN 104,,,Plein jour,Hors agglomération,Hors intersection,Normale,Deux véhicules - arrière,,,,,,,,,,,1,1,1,1,2
201500045305,0015-03-23 19:15:00,15,3,23,19,15,930,6,AUTOROUTE A3,48.8668,2.42545,Plein jour,Hors agglomération,Hors intersection,Normale,Deux véhicules - arrière,,,,,,,,,,,1,1,1,1,2
201500045306,0015-03-24 22:50:00,15,3,24,22,50,930,66,AUTOROUTE A86,48.8972,2.46951,Nuit sans éclairage public,Hors agglomération,Hors intersection,Pluie légère,Autre collision,,,,,,,,,,,3,1,1,2,6
201500045307,0015-03-25 09:05:00,15,3,25,9,5,950,394,AUTOROUTE A115,,,Plein jour,Hors agglomération,Hors intersection,Normale,Autre collision,,,,,,,,,,,1,1,1,1,6
201500045308,0015-03-24 14:57:00,15,3,24,14,57,930,5,AUTOROUTE A3,48.9179,2.4785,Plein jour,Hors agglomération,Hors intersection,Normale,Autre collision,,,,,,,,,,,1,1,1,1,6
201500045309,0015-03-24 18:20:00,15,3,24,18,20,930,8,AUTOROUTE A86,,,Plein jour,Hors agglomération,Hors intersection,Normale,Trois véhicules et plus - en chaîne,,,,,,,,,,,1,1,1,1,4
201500045310,0015-03-26 16:40:00,15,3,26,16,40,950,18,AUTOROUTE A15,,,Plein jour,Hors agglomération,Hors intersection,Pluie légère,Deux véhicules - arrière,,,,,,,,,,,1,1,1,2,2
201500045311,0015-03-27 13:45:00,15,3,27,13,45,930,29,AUTOROUTE A86,,,Plein jour,Hors agglomération,Hors intersection,Normale,Deux véhicules - frontale,,,,,,,,,,,1,1,1,1,1
201500045312,0015-03-26 20:45:00,15,3,26,20,45,950,60,AUTOROUTE A115,,,Nuit sans éclairage public,Hors agglomération,Hors intersection,Normale,Sans collision,,,,,,,,,,,3,1,1,1,7
201500045313,0015-03-27 20:30:00,15,3,27,20,30,950,607,AUTOROUTE A115,,,Nuit avec éclairage allumé,Hors agglomération,Hors intersection,Normale,Deux véhicules - arrière,,,,,,,,,,,5,1,1,1,2
201500045314,0015-03-27 13:45:00,15,3,27,13,45,930,66,AUTOROUTE A1,48.9183,2.35745,Plein jour,Hors agglomération,Hors intersection,Normale,Trois véhicules et plus - en chaîne,,,,,,,,,,,1,1,1,1,4
201500045315,0015-03-27 15:30:00,15,3,27,15,30,930,66,AUTOROUTE A1,48.9096,2.3581,Plein jour,Hors agglomération,Hors intersection,Normale,Deux véhicules - arrière,,,,,,,,,,,1,1,1,1,2
201500045316,0015-03-28 10:00:00,15,3,28,10,0,950,277,AUTOROUTE A104,48.9735,2.4859,Plein jour,Hors agglomération,Hors intersection,Pluie légère,Autre collision,,,,,,,,,,,1,1,1,2,6
201500045317,0015-03-28 11:00:00,15,3,28,11,0,920,78,AUTOROUTE A86,,,Plein jour,Hors agglomération,Hors intersection,Pluie légère,Autre collision,,,,,,,,,,,1,1,1,2,6
201500045318,0015-03-28 11:30:00,15,3,28,11,30,930,27,AUTOROUTE A86,,,Plein jour,Hors agglomération,Hors intersection,Pluie légère,Autre collision,,,,,,,,,,,1,1,1,2,6
201500045319,0015-03-28 23:40:00,15,3,28,23,40,930,66,AUTOROUTE A1,48.9139,2.35799,Nuit avec éclairage allumé,Hors agglomération,Hors intersection,Normale,Deux véhicules - côté,,,,,,,,,,,5,1,1,1,3
201500045320,0015-03-29 13:40:00,15,3,29,13,40,920,78,AUTOROUTE A86,,,Plein jour,Hors agglomération,Hors intersection,Normale,Deux véhicules - côté,,,,,,,,,,,1,1,1,1,3
201500045321,0015-03-29 14:00:00,15,3,29,14,0,950,682,RN 104,,,Plein jour,Hors agglomération,Hors intersection,Normale,Autre collision,,,,,,,,,,,1,1,1,1,6
201500045322,0015-03-29 17:15:00,15,3,29,17,15,950,394,AUTOROUTE A115,,,Plein jour,Hors agglomération,Hors intersection,Pluie légère,Autre collision,,,,,,,,,,,1,1,1,2,6
201500045323,0015-03-29 13:10:00,15,3,29,13,10,950,582,AUTOROUTE A15,,,Plein jour,Hors agglomération,Hors intersection,Pluie légère,Deux véhicules - côté,,,,,,,,,,,1,1,1,2,3
201500045324,0015-03-29 21:48:00,15,3,29,21,48,950,572,ROUTE NATIONALE 184,,,Nuit sans éclairage public,Hors agglomération,Hors intersection,Pluie forte,Autre collision,,,,,,,,,,,3,1,1,3,6
201500045325,0015-03-29 20:25:00,15,3,29,20,25,920,78,AUTOROUTE A86,,,Nuit avec éclairage allumé,Hors agglomération,Hors intersection,Pluie légère,Autre collision,,,,,,,,,,,5,1,1,2,6
201500045326,0015-03-29 23:20:00,15,3,29,23,20,930,27,AUTOROUTE A86,,,Nuit sans éclairage public,Hors agglomération,Hors intersection,Pluie légère,Sans collision,,,,,,,,,,,3,1,1,2,7
201500045327,0015-03-30 05:00:00,15,3,30,5,0,920,36,AUTOROUTE A86,,,Nuit sans éclairage public,Hors agglomération,Hors intersection,Pluie légère,Autre collision,,,,,,,,,,,3,1,1,2,6
201500045328,0015-03-30 10:00:00,15,3,30,10,0,950,176,AUTOROUTE A15,,,Plein jour,Hors agglomération,Hors intersection,Normale,Deux véhicules - côté,,,,,,,,,,,1,1,1,1,3
201500045329,0015-03-30 15:45:00,15,3,30,15,45,930,53,AUTOROUTE A103,48.9025,2.35886,Plein jour,Hors agglomération,Hors intersection,Normale,Autre collision,,,,,,,,,,,1,1,1,1,6
201500045330,0015-03-30 20:40:00,15,3,30,20,40,950,18,AUTOROUTE A15,,,Nuit sans éclairage public,Hors agglomération,Hors intersection,Normale,Autre collision,,,,,,,,,,,3,1,1,1,6
201500045331,0015-03-31 18:40:00,15,3,31,18,40,930,8,AUTOROUTE A86,48.9268,2.33663,Plein jour,Hors agglomération,Hors intersection,Normale,Deux véhicules - arrière,,,,,,,,,,,1,1,1,1,2
201500045332,0015-02-25 13:15:00,15,2,25,13,15,950,28,RN 104,,,Plein jour,Hors agglomération,Hors intersection,Normale,Autre collision,,,,,,,,,,,1,1,1,1,6
201500045333,0015-04-01 19:20:00,15,4,1,19,20,930,66,AUTOROUTE A1,48.9148,2.35775,Crépuscule ou aube,Hors agglomération,Hors intersection,Normale,Trois véhicules et plus - collisions multiples,,,,,,,,,,,2,1,1,1,5
201500045334,0015-04-01 17:15:00,15,4,1,17,15,930,10,AUTOROUTE A3,48.9057,2.47211,Plein jour,Hors agglomération,Hors intersection,Normale,Deux véhicules - côté,,,,,,,,,,,1,1,1,1,3
201500045335,0015-04-02 13:40:00,15,4,2,13,40,930,27,AUTOROUTE A1,48.9381,2.41367,Plein jour,Hors agglomération,Hors intersection,Normale,Autre collision,,,,,,,,,,,1,1,1,1,6
201500045336,0015-04-02 14:10:00,15,4,2,14,10,950,582,AUTOROUTE A15,,,Plein jour,Hors agglomération,Hors intersection,Pluie légère,Deux véhicules - côté,,,,,,,,,,,1,1,1,2,3
201500045337,0015-04-02 16:30:00,15,4,2,16,30,930,27,AUTOROUTE A86,48.9257,2.39669,Plein jour,Hors agglomération,Hors intersection,Pluie légère,Autre collision,,,,,,,,,,,1,1,1,2,6
201500045338,0015-04-03 07:20:00,15,4,3,7,20,950,151,RN 104,,,Crépuscule ou aube,Hors agglomération,Hors intersection,Pluie légère,Autre collision,,,,,,,,,,,2,1,1,2,6
201500045339,0015-04-03 12:15:00,15,4,3,12,15,950,151,RN 104,,,Plein jour,Hors agglomération,Hors intersection,Normale,Autre collision,,,,,,,,,,,1,1,1,1,6
201500045340,0015-04-03 15:20:00,15,4,3,15,20,930,64,AUTOROUTE A86,,,Plein jour,Hors agglomération,Hors intersection,Pluie légère,Deux véhicules - côté,,,,,,,,,,,1,1,1,2,3
201500045341,0015-04-03 18:10:00,15,4,3,18,10,950,28,RN 104,,,Plein jour,Hors agglomération,Hors intersection,Pluie forte,Deux véhicules - arrière,,,,,,,,,,,1,1,1,3,2
201500045342,0015-04-03 18:30:00,15,4,3,18,30,930,53,AUTOROUTE A3,,,Plein jour,Hors agglomération,Hors intersection,Pluie légère,Trois véhicules et plus - en chaîne,,,,,,,,,,,1,1,1,2,4
201500045343,0015-04-03 17:50:00,15,4,3,17,50,930,8,AUTOROUTE A86,48.9005,2.46998,Plein jour,Hors agglomération,Hors intersection,Pluie légère,Trois véhicules et plus - en chaîne,,,,,,,,,,,1,1,1,2,4
201500045344,0015-04-03 18:30:00,15,4,3,18,30,930,53,AUTOROUTE A3,48.8922,2.47299,Plein jour,Hors agglomération,Hors intersection,Pluie forte,Deux véhicules - arrière,,,,,,,,,,,1,1,1,3,2
201500045345,0015-04-03 17:00:00,15,4,3,17,0,930,66,AUTOROUTE A1,48.9338,2.38236,Plein jour,Hors agglomération,Hors intersection,Pluie légère,Autre collision,,,,,,,,,,,1,1,1,2,6
201500045346,0015-04-03 23:00:00,15,4,3,23,0,950,277,AUTOROUTE A104,,,Nuit sans éclairage public,Hors agglomération,Hors intersection,Pluie légère,Autre collision,,,,,,,,,,,3,1,1,2,6
201500045347,0015-04-04 05:30:00,15,4,4,5,30,950,212,RN 104,,,Nuit sans éclairage public,Hors agglomération,Hors intersection,Pluie légère,Sans collision,,,,,,,,,,,3,1,1,2,7
201500045348,0015-04-05 14:45:00,15,4,5,14,45,930,66,AUTOROUTE A1,48.9193,2.35757,Plein jour,Hors agglomération,Hors intersection,Normale,Trois véhicules et plus - en chaîne,,,,,,,,,,,1,1,1,1,4
201500045349,0015-04-06 00:45:00,15,4,6,0,45,930,53,AUTOROUTE A3,48.8815,2.45406,Nuit sans éclairage public,Hors agglomération,Hors intersection,Normale,Deux véhicules - arrière,,,,,,,,,,,3,1,1,1,2
201500045350,0015-04-06 00:50:00,15,4,6,0,50,930,66,AUTOROUTE A1,48.9103,2.35806,Nuit avec éclairage allumé,Hors agglomération,Hors intersection,Normale,Trois véhicules et plus - collisions multiples,,,,,,,,,,,5,1,1,1,5
201500045351,0015-04-07 09:45:00,15,4,7,9,45,930,78,AUTOROUTE A104,48.9582,2.53141,Plein jour,Hors agglomération,Hors intersection,Normale,Deux véhicules - arrière,,,,,,,,,,,1,1,1,1,2
201500045352,0015-04-07 09:00:00,15,4,7,9,0,930,63,AUTOROUTE A3,48.8785,2.44671,Plein jour,Hors agglomération,Hors intersection,Normale,Deux véhicules - côté,,,,,,,,,,,1,1,1,1,3
201500045353,0015-04-07 17:20:00,15,4,7,17,20,930,64,AUTOROUTE A86,,,Plein jour,Hors agglomération,Hors intersection,Normale,Deux véhicules - arrière,,,,,,,,,,,1,1,1,1,2
201500045354,0015-04-07 18:15:00,15,4,7,18,15,930,5,AUTOROUTE A3,48.9613,2.47372,Plein jour,Hors agglomération,Hors intersection,Normale,Deux véhicules - côté,,,,,,,,,,,1,1,1,1,3
201500045355,0015-04-08 15:50:00,15,4,8,15,50,950,582,BD INTERCOMMUNAL PARISIS,48.9623,2.2636,Plein jour,Hors agglomération,Hors intersection,Normale,Autre collision,,,,,,,,,,,1,1,1,1,6
201500045356,0015-04-08 13:00:00,15,4,8,13,0,950,256,ROUTE NATIONALE 184,,,Plein jour,Hors agglomération,Hors intersection,Normale,Deux véhicules - côté,,,,,,,,,,,1,1,1,1,3
201500045357,0015-04-08 15:20:00,15,4,8,15,20,950,678,ROUTE NATIONALE 184,,,Plein jour,Hors agglomération,Hors intersection,Normale,Trois véhicules et plus - en chaîne,,,,,,,,,,,1,1,1,1,4
201500045358,0015-04-09 06:30:00,15,4,9,6,30,950,641,AUTOROUTE A1,,,Crépuscule ou aube,Hors agglomération,Hors intersection,Normale,Deux véhicules - arrière,,,,,,,,,,,2,1,1,1,2
201500045359,0015-04-09 06:30:00,15,4,9,6,30,920,36,AUTOROUTE A86,,,Nuit sans éclairage public,Hors agglomération,Hors intersection,Normale,Deux véhicules - arrière,,,,,,,,,,,3,1,1,1,2
201500045360,0015-04-09 15:10:00,15,4,9,15,10,920,36,AUTOROUTE A15,,,Plein jour,Hors agglomération,Hors intersection,Normale,Trois véhicules et plus - en chaîne,,,,,,,,,,,1,1,1,1,4
201500045361,0015-04-10 15:40:00,15,4,10,15,40,930,1,AUTOROUTE A86,48.9217,2.37721,Plein jour,Hors agglomération,Hors intersection,Normale,Deux véhicules - arrière,,,,,,,,,,,1,1,1,1,2
201500045362,0015-04-10 16:30:00,15,4,10,16,30,930,5,AUTOROUTE A3,48.9613,2.47372,Plein jour,Hors agglomération,Hors intersection,Normale,Autre collision,,,,,,,,,,,1,1,1,1,6
201500045363,0015-04-10 17:20:00,15,4,10,17,20,930,64,AUTOROUTE A3,48.8845,2.4709,Plein jour,Hors agglomération,Hors intersection,Normale,Deux véhicules - côté,,,,,,,,,,,1,1,1,1,3
201500045364,0015-04-11 06:00:00,15,4,11,6,0,950,277,AUTOROUTE A1,,,Nuit sans éclairage public,Hors agglomération,Hors intersection,Pluie légère,Autre collision,,,,,,,,,,,3,1,1,2,6
201500045365,0015-04-13 01:10:00,15,4,13,1,10,950,365,RN 104,,,Nuit sans éclairage public,Hors agglomération,Hors intersection,Normale,Autre collision,,,,,,,,,,,3,1,1,1,6
201500045366,0015-04-12 17:00:00,15,4,12,17,0,950,18,AUTOROUTE A15,,,Plein jour,Hors agglomération,Hors intersection,Normale,Autre collision,,,,,,,,,,,1,1,1,1,6
201500045367,0015-04-12 19:00:00,15,4,12,19,0,930,10,AUTOROUTE A3,48.9069,2.47255,Plein jour,Hors agglomération,Hors intersection,Normale,Trois véhicules et plus - collisions multiples,,,,,,,,,,,1,1,1,1,5
201500045368,0015-04-14 18:30:00,15,4,14,18,30,930,66,AUTOROUTE A1,48.9148,2.35792,Plein jour,Hors agglomération,Hors intersection,Normale,Deux véhicules - arrière,,,,,,,,,,,1,1,1,1,2
201500045369,0015-04-15 18:15:00,15,4,15,18,15,930,27,AUTOROUTE A86,48.8788,2.47652,Plein jour,Hors agglomération,Hors intersection,Normale,Trois véhicules et plus - en chaîne,,,,,,,,,,,1,1,1,1,4
201500045370,0015-04-15 18:30:00,15,4,15,18,30,930,78,AUTOROUTE A104,48.9626,2.54821,Plein jour,Hors agglomération,Hors intersection,Normale,Trois véhicules et plus - en chaîne,,,,,,,,,,,1,1,1,1,4
201500045371,0015-04-14 18:30:00,15,4,14,18,30,950,572,AUTOROUTE A15,,,Plein jour,Hors agglomération,Hors intersection,Normale,Deux véhicules - arrière,,,,,,,,,,,1,1,1,1,2
201500045372,0015-04-16 17:30:00,15,4,16,17,30,930,8,AUTOROUTE A86,48.9126,2.43728,Plein jour,Hors agglomération,Hors intersection,Normale,Deux véhicules - côté,,,,,,,,,,,1,1,1,1,3
201500045373,0015-04-16 08:30:00,15,4,16,8,30,930,10,AUTOROUTE A3,48.8978,2.46962,Plein jour,Hors agglomération,Hors intersection,Normale,Trois véhicules et plus - en chaîne,,,,,,,,,,,1,1,1,1,4
201500045374,0015-04-14 11:55:00,15,4,14,11,55,930,1,AUTOROUTE A86,48.921,2.37188,Plein jour,Hors agglomération,Hors intersection,Normale,Trois véhicules et plus - collisions multiples,,,,,,,,,,,1,1,1,1,5
201500045375,0015-04-14 12:20:00,15,4,14,12,20,930,66,AUTOROUTE A1,48.9193,2.35757,Plein jour,Hors agglomération,Hors intersection,Normale,Deux véhicules - arrière,,,,,,,,,,,1,1,1,1,2
201500045376,0015-04-17 14:00:00,15,4,17,14,0,950,678,ROUTE NATIONALE 184,,,Plein jour,Hors agglomération,Hors intersection,Normale,Autre collision,,,,,,,,,,,1,1,1,1,6
201500045377,0015-04-18 02:50:00,15,4,18,2,50,930,13,AUTOROUTE A1,48.9388,2.41706,Nuit sans éclairage public,Hors agglomération,Hors intersection,Normale,Deux véhicules - arrière,,,,,,,,,,,3,1,1,1,2
201500045378,0015-04-18 12:28:00,15,4,18,12,28,920,36,AUTOROUTE A15,,,Plein jour,Hors agglomération,Hors intersection,Normale,Deux véhicules - arrière,,,,,,,,,,,1,1,1,1,2
201500045379,0015-04-18 14:00:00,15,4,18,14,0,930,48,AUTOROUTE A3,48.8713,2.43223,Plein jour,Hors agglomération,Hors intersection,Normale,Deux véhicules - arrière,,,,,,,,,,,1,1,1,1,2
201500045380,0015-04-14 10:30:00,15,4,14,10,30,930,66,AUTOROUTE A1,48.9103,2.35824,Plein jour,Hors agglomération,Hors intersection,Normale,Deux véhicules - arrière,,,,,,,,,,,1,1,1,1,2
201500045381,0015-04-18 22:10:00,15,4,18,22,10,950,394,AUTOROUTE A115,,,Nuit sans éclairage public,Hors agglomération,Hors intersection,Normale,Sans collision,,,,,,,,,,,3,1,1,1,7
201500045382,0015-04-19 03:40:00,15,4,19,3,40,950,252,AUTOROUTE A15,,,Nuit sans éclairage public,Hors agglomération,Hors intersection,Normale,Sans collision,,,,,,,,,,,3,1,1,1,7
201500045383,0015-04-18 15:45:00,15,4,18,15,45,950,563,AUTOROUTE A115,,,Plein jour,Hors agglomération,Hors intersection,Normale,Autre collision,,,,,,,,,,,1,1,1,1,6