accident_id,datetime,annee,mois,jour,heure,minute,departement,commune_insee,adresse,latitude,longitude,luminosite,agglomeration,intersection,meteo,collision,nb_vehicules,nb_usagers,nb_indemnes,nb_tues,nb_blesses_hosp,nb_blesses_legers,age_cond_1,age_cond_2,veh_type_cond_1,veh_type_cond_2,lum_code,agg_code,int_code,atm_code,col_code
201500045517,0015-06-01 08:30:00,15,6,1,8,30,930,10,AUTOROUTE A3,48.8893,2.47381,Plein jour,Hors agglomération,Hors intersection,Normale,Trois véhicules et plus - en chaîne,,,,,,,,,,,1,1,1,1,4
201500045518,0015-06-01 14:50:00,15,6,1,14,50,930,6,AUTOROUTE A3,48.8662,2.42256,Plein jour,Hors agglomération,Hors intersection,Normale,Deux véhicules - arrière,,,,,,,,,,,1,1,1,1,2
201500045519,0015-06-01 15:20:00,15,6,1,15,20,930,7,AUTOROUTE A1,48.9436,2.436,Plein jour,Hors agglomération,Hors intersection,Normale,Deux véhicules - arrière,,,,,,,,,,,1,1,1,1,2
201500045520,0015-06-02 07:30:00,15,6,2,7,30,950,256,ROUTE NATIONALE 184,,,Plein jour,Hors agglomération,Hors intersection,Normale,Trois véhicules et plus - en chaîne,,,,,,,,,,,1,1,1,1,4
201500045521,0015-06-03 00:25:00,15,6,3,0,25,950,641,AUTOROUTE A1,,,Nuit sans éclairage public,Hors agglomération,Hors intersection,Normale,Autre collision,,,,,,,,,,,3,1,1,1,6
201500045522,0015-06-03 06:30:00,15,6,3,6,30,950,277,AUTOROUTE A3,,,Plein jour,Hors agglomération,Hors intersection,Normale,Deux véhicules - arrière,,,,,,,,,,,1,1,1,1,2
201500045523,0015-06-03 09:10:00,15,6,3,9,10,920,36,AUTOROUTE A15,,,Plein jour,Hors agglomération,Hors intersection,Normale,Autre collision,,,,,,,,,,,1,1,1,1,6
201500045524,0015-06-03 15:44:00,15,6,3,15,44,950,18,AUTOROUTE A15,,,Plein jour,Hors agglomération,Hors intersection,Normale,Deux véhicules - arrière,,,,,,,,,,,1,1,1,1,2
201500045525,0015-06-04 09:00:00,15,6,4,9,0,950,252,AUTOROUTE A15,,,Plein jour,Hors agglomération,Hors intersection,Normale,Deux véhicules - arrière,,,,,,,,,,,1,1,1,1,2
201500045526,0015-06-04 10:00:00,15,6,4,10,0,950,18,AUTOROUTE A15,,,Plein jour,Hors agglomération,Hors intersection,Normale,Deux véhicules - côté,,,,,,,,,,,1,1,1,1,3
201500045527,0015-06-04 08:20:00,15,6,4,8,20,950,572,ROUTE NATIONALE 184,,,Plein jour,Hors agglomération,Hors intersection,Normale,Deux véhicules - arrière,,,,,,,,,,,1,1,1,1,2
201500045528,0015-06-04 09:30:00,15,6,4,9,30,930,5,AUTOROUTE A3,48.9429,2.47791,Plein jour,Hors agglomération,Hors intersection,Normale,Deux véhicules - arrière,,,,,,,,,,,1,1,1,1,2
201500045529,0015-06-05 05:45:00,15,6,5,5,45,930,10,AUTOROUTE A86,48.8989,2.46927,Plein jour,Hors agglomération,Hors intersection,Normale,Deux véhicules - arrière,,,,,,,,,,,1,1,1,1,2
201500045530,0015-06-05 09:30:00,15,6,5,9,30,600,612,AUTOROUTE A1,49.20929,2.6153,Plein jour,Hors agglomération,Hors intersection,Normale,Autre collision,,,,,,,,,,,1,1,1,1,6
201500045531,0015-06-04 18:10:00,15,6,4,18,10,930,13,AUTOROUTE A1,48.9387,2.41625,Plein jour,Hors agglomération,Hors intersection,Normale,Deux véhicules - côté,,,,,,,,,,,1,1,1,1,3
201500045532,0015-06-05 13:40:00,15,6,5,13,40,930,10,AUTOROUTE A3,48.8893,2.47381,Plein jour,Hors agglomération,Hors intersection,Normale,Trois véhicules et plus - collisions multiples,,,,,,,,,,,1,1,1,1,5
201500045533,0015-06-06 02:15:00,15,6,6,2,15,950,572,AUTOROUTE A15,,,Nuit sans éclairage public,Hors agglomération,Hors intersection,Normale,Autre collision,,,,,,,,,,,3,1,1,1,6
201500045534,0015-06-05 16:25:00,15,6,5,16,25,950,18,AUTOROUTE A15,,,Plein jour,Hors agglomération,Hors intersection,Normale,Autre collision,,,,,,,,,,,1,1,1,1,6
201500045535,0015-06-05 18:40:00,15,6,5,18,40,930,5,AUTOROUTE A3,48.9472,2.47579,Plein jour,Hors agglomération,Hors intersection,Normale,Trois véhicules et plus - en chaîne,,,,,,,,,,,1,1,1,1,4
201500045536,0015-06-05 18:20:00,15,6,5,18,20,930,27,AUTOROUTE A86,48.8788,2.47652,Plein jour,Hors agglomération,Hors intersection,Normale,Deux véhicules - côté,,,,,,,,,,,1,1,1,1,3
201500045537,0015-06-06 18:15:00,15,6,6,18,15,920,36,AUTOROUTE A86,,,Plein jour,Hors agglomération,Hors intersection,Normale,Deux véhicules - arrière,,,,,,,,,,,1,1,1,1,2
201500045538,0015-06-06 19:30:00,15,6,6,19,30,930,6,AUTOROUTE A3,48.8657,2.41854,Plein jour,Hors agglomération,Hors intersection,Normale,Autre collision,,,,,,,,,,,1,1,1,1,6
201500045539,0015-06-07 07:30:00,15,6,7,7,30,950,277,RD 170,48.9762,2.4804,Plein jour,Hors agglomération,Hors intersection,Normale,Autre collision,,,,,,,,,,,1,1,1,1,6
201500045540,0015-06-07 05:05:00,15,6,7,5,5,930,66,AUTOROUTE A1,48.9193,2.35757,Crépuscule ou aube,Hors agglomération,Hors intersection,Normale,Sans collision,,,,,,,,,,,2,1,1,1,7
201500045541,0015-06-08 00:10:00,15,6,8,0,10,930,29,AUTOROUTE A86,48.9188,2.42869,Nuit avec éclairage allumé,Hors agglomération,Hors intersection,Normale,Deux véhicules - arrière,,,,,,,,,,,5,1,1,1,2
201500045542,0015-06-07 01:25:00,15,6,7,1,25,930,48,AUTOROUTE A3,48.8731,2.43592,Nuit sans éclairage public,Hors agglomération,Hors intersection,Normale,Deux véhicules - côté,,,,,,,,,,,3,1,1,1,3
201500045543,0015-06-08 07:35:00,15,6,8,7,35,930,29,AUTOROUTE A86,,,Plein jour,Hors agglomération,Hors intersection,Normale,Deux véhicules - arrière,,,,,,,,,,,1,1,1,1,2
201500045544,0015-06-08 15:00:00,15,6,8,15,0,930,64,AUTOROUTE A86,,,Plein jour,Hors agglomération,Hors intersection,Normale,Deux véhicules - arrière,,,,,,,,,,,1,1,1,1,2
201500045545,0015-06-08 18:15:00,15,6,8,18,15,600,494,AUTOROUTE A1,49.12475,2.55721,Plein jour,Hors agglomération,Hors intersection,Normale,Trois véhicules et plus - collisions multiples,,,,,,,,,,,1,1,1,1,5
201500045546,0015-06-08 17:30:00,15,6,8,17,30,950,18,AUTOROUTE A15,,,Plein jour,Hors agglomération,Hors intersection,Normale,Autre collision,,,,,,,,,,,1,1,1,1,6
201500045547,0015-06-09 01:10:00,15,6,9,1,10,930,8,AUTOROUTE A86,,,Nuit avec éclairage allumé,Hors agglomération,Hors intersection,Normale,Autre collision,,,,,,,,,,,5,1,1,1,6
201500045548,0015-06-09 00:05:00,15,6,9,0,5,930,63,AUTOROUTE A3,48.8804,2.45136,Plein jour,Hors agglomération,Hors intersection,Normale,Autre collision,,,,,,,,,,,1,1,1,1,6
201500045549,0015-06-09 10:10:00,15,6,9,10,10,930,66,AUTOROUTE A1,48.9334,2.37778,Plein jour,Hors agglomération,Hors intersection,Normale,Deux véhicules - arrière,,,,,,,,,,,1,1,1,1,2
201500045550,0015-02-23 01:05:00,15,2,23,1,5,930,53,AUTOROUTE A3,,,Nuit avec éclairage non allumé,Hors agglomération,Hors intersection,Normale,Autre collision,,,,,,,,,,,4,1,1,1,6
201500045551,0015-06-09 10:00:00,15,6,9,10,0,930,30,AUTOROUTE A1,48.9393,2.41882,Plein jour,Hors agglomération,Hors intersection,Normale,Trois véhicules et plus - en chaîne,,,,,,,,,,,1,1,1,1,4
201500045552,0015-06-09 12:30:00,15,6,9,12,30,920,36,AUTOROUTE A15,,,Plein jour,Hors agglomération,Hors intersection,Normale,Deux véhicules - arrière,,,,,,,,,,,1,1,1,1,2
201500045553,0015-06-09 14:15:00,15,6,9,14,15,930,29,AUTOROUTE A86,,,Plein jour,Hors agglomération,Hors intersection,Normale,Sans collision,,,,,,,,,,,1,1,1,1,7
201500045554,0015-06-09 14:05:00,15,6,9,14,5,930,29,AUTOROUTE A86,48.9244,2.4261,Plein jour,Hors agglomération,Hors intersection,Normale,Deux véhicules - arrière,,,,,,,,,,,1,1,1,1,2
201500045555,0015-06-09 15:30:00,15,6,9,15,30,930,78,AUTOROUTE A104,48.9585,2.53348,Plein jour,Hors agglomération,Hors intersection,Normale,Trois véhicules et plus - collisions multiples,,,,,,,,,,,1,1,1,1,5
201500045556,0015-06-09 18:25:00,15,6,9,18,25,950,491,AUTOROUTE A115,,,Plein jour,Hors agglomération,Hors intersection,Normale,Deux véhicules - arrière,,,,,,,,,,,1,1,1,1,2
201500045557,0015-06-08 17:00:00,15,6,8,17,0,930,5,AUTOROUTE A3,48.9284,2.48129,Plein jour,Hors agglomération,Hors intersection,Normale,Autre collision,,,,,,,,,,,1,1,1,1,6
201500045558,0015-06-10 07:30:00,15,6,10,7,30,950,424,AUTOROUTE A15,,,Plein jour,Hors agglomération,Hors intersection,Normale,Deux véhicules - côté,,,,,,,,,,,1,1,1,1,3
201500045559,0015-06-07 06:50:00,15,6,7,6,50,950,678,RN 104,,,Plein jour,Hors agglomération,Hors intersection,Normale,Autre collision,,,,,,,,,,,1,1,1,1,6
201500045560,0015-06-11 09:10:00,15,6,11,9,10,950,678,ROUTE NATIONALE 184,,,Plein jour,Hors agglomération,Hors intersection,Normale,Deux véhicules - arrière,,,,,,,,,,,1,1,1,1,2
201500045561,0015-06-05 15:00:00,15,6,5,15,0,930,64,AUTOROUTE A86,,,Plein jour,Hors agglomération,Hors intersection,Normale,Trois véhicules et plus - en chaîne,,,,,,,,,,,1,1,1,1,4
201500045562,0015-06-11 18:30:00,15,6,11,18,30,930,10,AUTOROUTE A3,48.9142,2.47718,Plein jour,Hors agglomération,Hors intersection,Normale,Deux véhicules - côté,,,,,,,,,,,1,1,1,1,3
201500045563,0015-06-12 23:25:00,15,6,12,23,25,930,64,AUTOROUTE A86,,,Nuit sans éclairage public,Hors agglomération,Hors intersection,Normale,Deux véhicules - côté,,,,,,,,,,,3,1,1,1,3
201500045564,0015-06-12 22:10:00,15,6,12,22,10,930,78,AUTOROUTE A104,48.9582,2.53141,Crépuscule ou aube,Hors agglomération,Hors intersection,Normale,Sans collision,,,,,,,,,,,2,1,1,1,7
201500045565,0015-06-12 12:17:00,15,6,12,12,17,600,138,AUTOROUTE A1,49.22048,2.63708,Plein jour,Hors agglomération,Hors intersection,Normale,Deux véhicules - côté,,,,,,,,,,,1,1,1,1,3
201500045566,0015-06-14 16:45:00,15,6,14,16,45,930,13,AUTOROUTE A1,48.9387,2.41625,Plein jour,Hors agglomération,Hors intersection,Normale,Trois véhicules et plus - en chaîne,,,,,,,,,,,1,1,1,1,4
201500045567,0015-06-14 18:38:00,15,6,14,18,38,930,48,AUTOROUTE A3,48.872,2.43323,Plein jour,Hors agglomération,Hors intersection,Normale,Deux véhicules - arrière,,,,,,,,,,,1,1,1,1,2
201500045568,0015-06-14 17:00:00,15,6,14,17,0,950,241,RN 104,,,Plein jour,Hors agglomération,Hors intersection,Normale,Autre collision,,,,,,,,,,,1,1,1,1,6
201500045569,0015-06-14 19:15:00,15,6,14,19,15,930,5,AUTOROUTE A1,48.9577,2.46287,Plein jour,Hors agglomération,Hors intersection,Normale,Deux véhicules - côté,,,,,,,,,,,1,1,1,1,3
201500045570,0015-06-13 14:45:00,15,6,13,14,45,950,582,AUTOROUTE A15,,,Plein jour,Hors agglomération,Hors intersection,Normale,Trois véhicules et plus - en chaîne,,,,,,,,,,,1,1,1,1,4
201500045571,0015-06-13 18:00:00,15,6,13,18,0,930,48,AUTOROUTE A3,48.8705,2.43128,Plein jour,Hors agglomération,Hors intersection,Normale,Deux véhicules - arrière,,,,,,,,,,,1,1,1,1,2
201500045572,0015-06-15 05:30:00,15,6,15,5,30,930,64,AUTOROUTE A86,,,Plein jour,Hors agglomération,Hors intersection,Normale,Deux véhicules - arrière,,,,,,,,,,,1,1,1,1,2
201500045573,0015-06-15 06:15:00,15,6,15,6,15,930,66,AUTOROUTE A1,48.9148,2.35792,Crépuscule ou aube,Hors agglomération,Hors intersection,Normale,Deux véhicules - frontale,,,,,,,,,,,2,1,1,1,1
201500045574,0015-06-15 14:00:00,15,6,15,14,0,930,66,AUTOROUTE A1,48.9308,2.36663,Plein jour,Hors agglomération,Hors intersection,Normale,Deux véhicules - arrière,,,,,,,,,,,1,1,1,1,2
201500045575,0015-06-15 17:00:00,15,6,15,17,0,930,53,AUTOROUTE A3,48.8901,2.47351,Plein jour,Hors agglomération,Hors intersection,Temps couvert,Deux véhicules - arrière,,,,,,,,,,,1,1,1,8,2
201500045576,0015-06-15 17:30:00,15,6,15,17,30,950,277,AUTOROUTE A104,48.9739,2.4877,Plein jour,Hors agglomération,Hors intersection,Normale,Trois véhicules et plus - collisions multiples,,,,,,,,,,,1,1,1,1,5
201500045577,0015-06-16 23:50:00,15,6,16,23,50,920,78,AUTOROUTE A86,,,Nuit sans éclairage public,Hors agglomération,Hors intersection,Normale,Deux véhicules - arrière,,,,,,,,,,,3,1,1,1,2
201500045578,0015-06-17 07:10:00,15,6,17,7,10,930,27,AUTOROUTE A86,48.9258,2.39827,Plein jour,Hors agglomération,Hors intersection,Normale,Deux véhicules - côté,,,,,,,,,,,1,1,1,1,3
201500045579,0015-06-17 10:40:00,15,6,17,10,40,950,60,AUTOROUTE A115,,,Plein jour,Hors agglomération,Hors intersection,Normale,Sans collision,,,,,,,,,,,1,1,1,1,7
201500045580,0015-06-16 14:10:00,15,6,16,14,10,930,27,AUTOROUTE A1,48.9345,2.39758,Plein jour,Hors agglomération,Hors intersection,Normale,Deux véhicules - arrière,,,,,,,,,,,1,1,1,1,2
201500045581,0015-06-17 21:55:00,15,6,17,21,55,930,64,AUTOROUTE A103,48.8867,2.47983,Crépuscule ou aube,Hors agglomération,Hors intersection,Normale,Trois véhicules et plus - collisions multiples,,,,,,,,,,,2,1,1,1,5
201500045582,0015-06-17 17:53:00,15,6,17,17,53,930,66,AUTOROUTE A86,48.8849,2.47056,Plein jour,Hors agglomération,Hors intersection,Normale,Autre collision,,,,,,,,,,,1,1,1,1,6
201500045583,0015-06-18 09:00:00,15,6,18,9,0,920,36,AUTOROUTE A86,,,Plein jour,Hors agglomération,Hors intersection,Normale,Deux véhicules - arrière,,,,,,,,,,,1,1,1,1,2
201500045584,0015-06-18 07:30:00,15,6,18,7,30,930,27,AUTOROUTE A1,48.9372,2.41063,Plein jour,Hors agglomération,Hors intersection,Normale,Trois véhicules et plus - en chaîne,,,,,,,,,,,1,1,1,1,4
201500045585,0015-06-18 20:00:00,15,6,18,20,0,950,582,AUTOROUTE A15,,,Plein jour,Hors agglomération,Hors intersection,Normale,Trois véhicules et plus - en chaîne,,,,,,,,,,,1,1,1,1,4
201500045586,0015-06-19 08:20:00,15,6,19,8,20,930,5,AUTOROUTE A3,48.9432,2.47795,Plein jour,Hors agglomération,Hors intersection,Normale,Deux véhicules - arrière,,,,,,,,,,,1,1,1,1,2
201500045587,0015-06-15 09:00:00,15,6,15,9,0,950,18,AUTOROUTE A15,,,Plein jour,Hors agglomération,Hors intersection,Normale,Deux véhicules - arrière,,,,,,,,,,,1,1,1,1,2
201500045588,0015-06-18 20:25:00,15,6,18,20,25,930,29,AUTOROUTE A86,,,Plein jour,Hors agglomération,Hors intersection,Normale,Trois véhicules et plus - en chaîne,,,,,,,,,,,1,1,1,1,4
201500045589,0015-06-15 10:00:00,15,6,15,10,0,950,28,RN 104,,,Plein jour,Hors agglomération,Hors intersection,Normale,Deux véhicules - arrière,,,,,,,,,,,1,1,1,1,2
201500045590,0015-06-19 18:40:00,15,6,19,18,40,930,64,AUTOROUTE A86,,,Plein jour,Hors agglomération,Hors intersection,Normale,Deux véhicules - arrière,,,,,,,,,,,1,1,1,1,2
201500045591,0015-06-20 15:40:00,15,6,20,15,40,930,66,AUTOROUTE A1,48.9247,2.35712,Plein jour,Hors agglomération,Hors intersection,Normale,Deux véhicules - frontale,,,,,,,,,,,1,1,1,1,1
201500045592,0015-06-20 20:00:00,15,6,20,20,0,950,18,AUTOROUTE A15,,,Plein jour,Hors agglomération,Hors intersection,Normale,Deux véhicules - côté,,,,,,,,,,,1,1,1,1,3
201500045593,0015-06-21 03:15:00,15,6,21,3,15,950,527,AUTOROUTE A1,,,Nuit sans éclairage public,Hors agglomération,Hors intersection,Normale,Deux véhicules - arrière,,,,,,,,,,,3,1,1,1,2
201500045594,0015-06-21 16:00:00,15,6,21,16,0,600,612,AUTOROUTE A1,49.20615,2.61209,Plein jour,Hors agglomération,Hors intersection,Normale,Sans collision,,,,,,,,,,,1,1,1,1,7
201500045595,0015-06-21 20:40:00,15,6,21,20,40,930,66,AUTOROUTE A1,48.9046,2.35847,Plein jour,Hors agglomération,Hors intersection,Normale,Autre collision,,,,,,,,,,,1,1,1,1,6
201500045596,0015-06-21 04:45:00,15,6,21,4,45,950,580,AUTOROUTE A1,,,Nuit sans éclairage public,Hors agglomération,Hors intersection,Normale,Deux véhicules - arrière,,,,,,,,,,,3,1,1,1,2
201500045597,0015-06-21 21:40:00,15,6,21,21,40,600,631,AUTOROUTE A1,49.15261,2.58633,Nuit sans éclairage public,Hors agglomération,Hors intersection,Normale,Deux véhicules - arrière,,,,,,,,,,,3,1,1,1,2
201500045598,0015-06-21 17:30:00,15,6,21,17,30,930,48,AUTOROUTE A3,48.8723,2.43434,Plein jour,Hors agglomération,Hors intersection,Normale,Deux véhicules - frontale,,,,,,,,,,,1,1,1,1,1
201500045599,0015-06-22 09:30:00,15,6,22,9,30,930,66,AUTOROUTE A1,48.9199,2.35735,Plein jour,Hors agglomération,Hors intersection,Normale,Deux véhicules - côté,,,,,,,,,,,1,1,1,1,3
201500045600,0015-06-22 09:50:00,15,6,22,9,50,950,60,AUTOROUTE A115,,,Plein jour,Hors agglomération,Hors intersection,Normale,Deux véhicules - côté,,,,,,,,,,,1,1,1,1,3
201500045601,0015-06-19 07:50:00,15,6,19,7,50,930,27,AUTOROUTE A86,48.8724,2.48069,Plein jour,Hors agglomération,Hors intersection,Normale,Deux véhicules - arrière,,,,,,,,,,,1,1,1,1,2
201500045602,0015-06-22 14:40:00,15,6,22,14,40,930,5,AUTOROUTE A3,,,Plein jour,Hors agglomération,Hors intersection,Pluie légère,Trois véhicules et plus - collisions multiples,,,,,,,,,,,1,1,1,2,5
201500045603,0015-06-22 22:35:00,15,6,22,22,35,950,582,BD INTERCOMMUNAL PARISIS,48.9633,2.2656,Nuit sans éclairage public,Hors agglomération,Hors intersection,Pluie forte,Autre collision,,,,,,,,,,,3,1,1,3,6
201500045604,0015-06-23 07:05:00,15,6,23,7,5,930,27,AUTOROUTE A86,48.8646,2.48229,Plein jour,Hors agglomération,Hors intersection,Normale,Deux véhicules - arrière,,,,,,,,,,,1,1,1,1,2
201500045605,0015-06-23 08:00:00,15,6,23,8,0,930,78,AUTOROUTE A104,48.9675,2.51124,Plein jour,Hors agglomération,Hors intersection,Normale,Deux véhicules - arrière,,,,,,,,,,,1,1,1,1,2
201500045606,0015-06-23 07:30:00,15,6,23,7,30,950,252,AUTOROUTE A15,,,Plein jour,Hors agglomération,Hors intersection,Normale,Deux véhicules - côté,,,,,,,,,,,1,1,1,1,3
201500045607,0015-06-22 20:10:00,15,6,22,20,10,600,494,AUTOROUTE A1,49.12475,2.55721,Plein jour,Hors agglomération,Hors intersection,Normale,Deux véhicules - arrière,,,,,,,,,,,1,1,1,1,2
201500045608,0015-06-22 16:45:00,15,6,22,16,45,950,42,RN 104,,,Plein jour,Hors agglomération,Hors intersection,Pluie forte,Autre collision,,,,,,,,,,,1,1,1,3,6
201500045609,0015-06-23 22:20:00,15,6,23,22,20,930,66,AUTOROUTE A1,48.9052,2.35845,Plein jour,Hors agglomération,Hors intersection,Normale,Deux véhicules - arrière,,,,,,,,,,,1,1,1,1,2
201500045610,0015-06-23 16:35:00,15,6,23,16,35,930,66,AUTOROUTE A1,48.9193,2.35757,Plein jour,Hors agglomération,Hors intersection,Normale,Trois véhicules et plus - en chaîne,,,,,,,,,,,1,1,1,1,4
201500045611,0015-06-24 18:30:00,15,6,24,18,30,930,78,AUTOROUTE A104,48.9634,2.5506,Plein jour,Hors agglomération,Hors intersection,Normale,Deux véhicules - arrière,,,,,,,,,,,1,1,1,1,2
201500045612,0015-06-25 08:15:00,15,6,25,8,15,920,36,AUTOROUTE A86,,,Plein jour,Hors agglomération,Hors intersection,Normale,Trois véhicules et plus - collisions multiples,,,,,,,,,,,1,1,1,1,5
201500045613,0015-06-25 17:30:00,15,6,25,17,30,950,277,BD INTERCOMMUNAL PARISIS,48.9758,2.4822,Plein jour,Hors agglomération,Hors intersection,Normale,Deux véhicules - arrière,,,,,,,,,,,1,1,1,1,2
201500045614,0015-06-25 19:00:00,15,6,25,19,0,930,78,AUTOROUTE A104,48.9634,2.5213,Plein jour,Hors agglomération,Hors intersection,Normale,Deux véhicules - arrière,,,,,,,,,,,1,1,1,1,2
201500045615,0015-06-26 10:10:00,15,6,26,10,10,950,241,RN 104,,,Plein jour,Hors agglomération,Hors intersection,Normale,Deux véhicules - arrière,,,,,,,,,,,1,1,1,1,2
201500045616,0015-06-26 14:45:00,15,6,26,14,45,930,5,AUTOROUTE A3,48.9475,2.47586,Plein jour,Hors agglomération,Hors intersection,Normale,Deux véhicules - côté,,,,,,,,,,,1,1,1,1,3
201500045617,0015-06-26 17:00:00,15,6,26,17,0,930,5,AUTOROUTE A1,48.9583,2.46392,Plein jour,Hors agglomération,Hors intersection,Normale,Autre collision,,,,,,,,,,,1,1,1,1,6
201500045618,0015-06-26 17:00:00,15,6,26,17,0,930,66,AUTOROUTE A1,48.9034,2.35875,Plein jour,Hors agglomération,Hors intersection,Normale,Deux véhicules - arrière,,,,,,,,,,,1,1,1,1,2
201500045619,0015-06-26 19:15:00,15,6,26,19,15,950,572,ROUTE NATIONALE 184,,,Plein jour,Hors agglomération,Hors intersection,Normale,Deux véhicules - arrière,,,,,,,,,,,1,1,1,1,2
201500045620,0015-06-27 09:00:00,15,6,27,9,0,930,64,AUTOROUTE A86,,,Plein jour,Hors agglomération,Hors intersection,Normale,Autre collision,,,,,,,,,,,1,1,1,1,6
201500045621,0015-06-27 13:00:00,15,6,27,13,0,950,212,AUTOROUTE A1,,,Plein jour,Hors agglomération,Hors intersection,Normale,Trois véhicules et plus - collisions multiples,,,,,,,,,,,1,1,1,1,5
201500045622,0015-06-28 07:20:00,15,6,28,7,20,950,306,AUTOROUTE A15,,,Plein jour,Hors agglomération,Hors intersection,Normale,Deux véhicules - arrière,,,,,,,,,,,1,1,1,1,2
201500045623,0015-06-29 08:35:00,15,6,29,8,35,930,64,AUTOROUTE A103,48.8852,2.48909,Plein jour,Hors agglomération,Hors intersection,Normale,Deux véhicules - côté,,,,,,,,,,,1,1,1,1,3
201500045624,0015-06-29 09:34:00,15,6,29,9,34,930,66,AUTOROUTE A86,48.8895,2.47356,Plein jour,Hors agglomération,Hors intersection,Normale,Autre collision,,,,,,,,,,,1,1,1,1,6
201500045625,0015-06-29 17:32:00,15,6,29,17,32,950,365,RN 104,,,Plein jour,Hors agglomération,Hors intersection,Normale,Sans collision,,,,,,,,,,,1,1,1,1,7
201500045626,0015-06-29 22:20:00,15,6,29,22,20,950,582,AUTOROUTE A15,,,Plein jour,Hors agglomération,Hors intersection,Normale,Autre collision,,,,,,,,,,,1,1,1,1,6
201500045627,0015-06-29 16:06:00,15,6,29,16,6,930,6,AUTOROUTE A3,48.868,2.42761,Plein jour,Hors agglomération,Hors intersection,Normale,Deux véhicules - côté,,,,,,,,,,,1,1,1,1,3
201500045628,0015-06-30 12:10:00,15,6,30,12,10,930,5,AUTOROUTE A3,48.9555,2.47335,Plein jour,Hors agglomération,Hors intersection,Normale,Autre collision,,,,,,,,,,,1,1,1,1,6
201500045629,0015-06-30 10:07:00,15,6,30,10,7,950,394,ROUTE NATIONALE 184,,,Plein jour,Hors agglomération,Hors intersection,Normale,Deux véhicules - arrière,,,,,,,,,,,1,1,1,1,2
201500045630,0015-07-01 19:30:00,15,7,1,19,30,930,27,AUTOROUTE A86,48.8789,2.47622,Plein jour,Hors agglomération,Hors intersection,Normale,Deux véhicules - côté,,,,,,,,,,,1,1,1,1,3
201500045631,0015-07-02 17:00:00,15,7,2,17,0,950,277,AUTOROUTE A104,48.9728,2.4872,Plein jour,Hors agglomération,Hors intersection,Normale,Deux véhicules - arrière,,,,,,,,,,,1,1,1,1,2
201500045632,0015-07-02 17:30:00,15,7,2,17,30,930,64,AUTOROUTE A3,48.8839,2.46681,Plein jour,Hors agglomération,Hors intersection,Normale,Autre collision,,,,,,,,,,,1,1,1,1,6
201500045633,0015-07-02 19:00:00,15,7,2,19,0,930,6,AUTOROUTE A3,48.8684,2.42864,Plein jour,Hors agglomération,Hors intersection,Normale,Deux véhicules - arrière,,,,,,,,,,,1,1,1,1,2
201500045634,0015-07-01 20:00:00,15,7,1,20,0,920,78,AUTOROUTE A86,,,Plein jour,Hors agglomération,Hors intersection,Normale,Deux véhicules - arrière,,,,,,,,,,,1,1,1,1,2
201500045635,0015-07-02 12:10:00,15,7,2,12,10,920,78,AUTOROUTE A86,,,Plein jour,Hors agglomération,Hors intersection,Normale,Trois véhicules et plus - collisions multiples,,,,,,,,,,,1,1,1,1,5
201500045636,0015-07-03 07:30:00,15,7,3,7,30,950,500,AUTOROUTE A15,,,Plein jour,Hors agglomération,Hors intersection,Normale,Autre collision,,,,,,,,,,,1,1,1,1,6
201500045637,0015-07-03 20:55:00,15,7,3,20,55,950,527,AUTOROUTE A1,,,Plein jour,Hors agglomération,Hors intersection,Normale,Deux véhicules - arrière,,,,,,,,,,,1,1,1,1,2
201500045638,0015-07-01 10:10:00,15,7,1,10,10,950,18,AUTOROUTE A15,,,Plein jour,Hors agglomération,Hors intersection,Normale,Deux véhicules - arrière,,,,,,,,,,,1,1,1,1,2
201500045639,0015-07-05 06:15:00,15,7,5,6,15,950,582,AUTOROUTE A15,,,Plein jour,Hors agglomération,Hors intersection,Normale,Autre collision,,,,,,,,,,,1,1,1,1,6
201500045640,0015-07-04 12:30:00,15,7,4,12,30,950,580,AUTOROUTE A1,,,Plein jour,Hors agglomération,Hors intersection,Normale,Deux véhicules - arrière,,,,,,,,,,,1,1,1,1,2
201500045641,0015-07-05 05:35:00,15,7,5,5,35,950,256,ROUTE NATIONALE 184,,,Plein jour,Hors agglomération,Hors intersection,Normale,Deux véhicules - arrière,,,,,,,,,,,1,1,1,1,2
201500045642,0015-07-04 18:00:00,15,7,4,18,0,930,66,AUTOROUTE A1,48.9339,2.3839,Plein jour,Hors agglomération,Hors intersection,Normale,Trois véhicules et plus - collisions multiples,,,,,,,,,,,1,1,1,1,5
201500045643,0015-07-04 20:00:00,15,7,4,20,0,930,5,AUTOROUTE A3,48.9458,2.47665,Plein jour,Hors agglomération,Hors intersection,Normale,Trois véhicules et plus - en chaîne,,,,,,,,,,,1,1,1,1,4
201500045644,0015-06-30 09:07:00,15,6,30,9,7,950,500,AUTOROUTE A15,,,Plein jour,Hors agglomération,Hors intersection,Normale,Trois véhicules et plus - en chaîne,,,,,,,,,,,1,1,1,1,4
201500045645,0015-07-06 08:30:00,15,7,6,8,30,930,66,AUTOROUTE A1,48.9061,2.35855,Plein jour,Hors agglomération,Hors intersection,Normale,Deux véhicules - arrière,,,,,,,,,,,1,1,1,1,2
201500045646,0015-07-05 18:45:00,15,7,5,18,45,950,582,AUTOROUTE A15,,,Plein jour,Hors agglomération,Hors intersection,Normale,Deux véhicules - côté,,,,,,,,,,,1,1,1,1,3
201500045647,0015-07-06 12:45:00,15,7,6,12,45,600,631,AUTOROUTE A1,49.15599,2.59058,Plein jour,Hors agglomération,Hors intersection,Normale,Sans collision,,,,,,,,,,,1,1,1,1,7
201500045648,0015-07-07 09:10:00,15,7,7,9,10,930,27,AUTOROUTE A1,48.9345,2.39758,Plein jour,Hors agglomération,Hors intersection,Normale,Sans collision,,,,,,,,,,,1,1,1,1,7