accident_id,datetime,annee,mois,jour,heure,minute,departement,commune_insee,adresse,latitude,longitude,luminosite,agglomeration,intersection,meteo,collision,nb_vehicules,nb_usagers,nb_indemnes,nb_tues,nb_blesses_hosp,nb_blesses_legers,age_cond_1,age_cond_2,veh_type_cond_1,veh_type_cond_2,lum_code,agg_code,int_code,atm_code,col_code
201500045649,0015-07-07 15:15:00,15,7,7,15,15,950,527,AUTOROUTE A1,,,Plein jour,Hors agglomération,Hors intersection,Normale,Deux véhicules - arrière,,,,,,,,,,,1,1,1,1,2
201500045650,0015-07-07 21:20:00,15,7,7,21,20,930,27,AUTOROUTE A86,,,Plein jour,Hors agglomération,Hors intersection,Normale,Sans collision,,,,,,,,,,,1,1,1,1,7
201500045651,0015-07-08 12:30:00,15,7,8,12,30,930,53,AUTOROUTE A3,48.8825,2.45596,Plein jour,Hors agglomération,Hors intersection,Normale,Trois véhicules et plus - collisions multiples,,,,,,,,,,,1,1,1,1,5
201500045652,0015-07-09 05:00:00,15,7,9,5,0,950,500,AUTOROUTE A15,,,Nuit sans éclairage public,Hors agglomération,Hors intersection,Normale,Deux véhicules - arrière,,,,,,,,,,,3,1,1,1,2
201500045653,0015-07-10 08:05:00,15,7,10,8,5,950,582,AUTOROUTE A15,,,Plein jour,Hors agglomération,Hors intersection,Normale,Autre collision,,,,,,,,,,,1,1,1,1,6
201500045654,0015-07-11 07:11:00,15,7,11,7,11,920,78,AUTOROUTE A86,,,Plein jour,Hors agglomération,Hors intersection,Normale,Trois véhicules et plus - en chaîne,,,,,,,,,,,1,1,1,1,4
201500045655,0015-07-12 00:20:00,15,7,12,0,20,950,572,AUTOROUTE A15,,,Nuit sans éclairage public,Hors agglomération,Hors intersection,Normale,Trois véhicules et plus - en chaîne,,,,,,,,,,,3,1,1,1,4
201500045656,0015-07-12 19:15:00,15,7,12,19,15,930,27,AUTOROUTE A86,48.8639,2.48248,Plein jour,Hors agglomération,Hors intersection,Normale,Autre collision,,,,,,,,,,,1,1,1,1,6
201500045657,0015-07-13 01:00:00,15,7,13,1,0,930,5,AUTOROUTE A3,48.9542,2.4733,Nuit sans éclairage public,Hors agglomération,Hors intersection,Normale,Deux véhicules - arrière,,,,,,,,,,,3,1,1,1,2
201500045658,0015-07-14 12:00:00,15,7,14,12,0,930,27,AUTOROUTE A86,48.8811,2.47457,Plein jour,Hors agglomération,Hors intersection,Normale,Autre collision,,,,,,,,,,,1,1,1,1,6
201500045659,0015-07-15 06:50:00,15,7,15,6,50,950,572,ROUTE NATIONALE 184,,,Plein jour,Hors agglomération,Hors intersection,Normale,Autre collision,,,,,,,,,,,1,1,1,1,6
201500045660,0015-07-15 16:20:00,15,7,15,16,20,950,18,A 9015 3,,,Plein jour,Hors agglomération,Hors intersection,Normale,Deux véhicules - arrière,,,,,,,,,,,1,1,1,1,2
201500045661,0015-07-15 18:40:00,15,7,15,18,40,950,256,ROUTE NATIONALE 184,,,Plein jour,Hors agglomération,Hors intersection,Normale,Deux véhicules - arrière,,,,,,,,,,,1,1,1,1,2
201500045662,0015-07-16 17:45:00,15,7,16,17,45,930,10,AUTOROUTE A86,,,Plein jour,Hors agglomération,Hors intersection,Normale,Trois véhicules et plus - en chaîne,,,,,,,,,,,1,1,1,1,4
201500045663,0015-07-17 02:35:00,15,7,17,2,35,930,64,AUTOROUTE A86,,,Nuit sans éclairage public,Hors agglomération,Hors intersection,Normale,Deux véhicules - arrière,,,,,,,,,,,3,1,1,1,2
201500045664,0015-07-15 18:40:00,15,7,15,18,40,950,678,ROUTE NATIONALE 184,,,Plein jour,Hors agglomération,Hors intersection,Normale,Deux véhicules - arrière,,,,,,,,,,,1,1,1,1,2
201500045665,0015-07-17 10:50:00,15,7,17,10,50,930,66,AUTOROUTE A1,48.9184,2.35763,Plein jour,Hors agglomération,Hors intersection,Normale,Trois véhicules et plus - en chaîne,,,,,,,,,,,1,1,1,1,4
201500045666,0015-07-17 12:20:00,15,7,17,12,20,930,5,AUTOROUTE A3,48.9284,2.48129,Plein jour,Hors agglomération,Hors intersection,Normale,Deux véhicules - côté,,,,,,,,,,,1,1,1,1,3
201500045667,0015-07-11 14:00:00,15,7,11,14,0,950,527,AUTOROUTE A3,,,Plein jour,Hors agglomération,Hors intersection,Normale,Sans collision,,,,,,,,,,,1,1,1,1,7
201500045668,0015-07-10 17:30:00,15,7,10,17,30,930,66,AUTOROUTE A86,48.8911,2.47344,Plein jour,Hors agglomération,Hors intersection,Normale,Autre collision,,,,,,,,,,,1,1,1,1,6
201500045669,0015-07-16 17:15:00,15,7,16,17,15,950,527,AUTOROUTE A3,,,Plein jour,Hors agglomération,Hors intersection,Normale,Deux véhicules - côté,,,,,,,,,,,1,1,1,1,3
201500045670,0015-07-17 23:15:00,15,7,17,23,15,950,572,AUTOROUTE A15,,,Nuit sans éclairage public,Hors agglomération,Hors intersection,Normale,Trois véhicules et plus - collisions multiples,,,,,,,,,,,3,1,1,1,5
201500045671,0015-07-17 21:20:00,15,7,17,21,20,930,53,AUTOROUTE A3,48.8904,2.47358,Crépuscule ou aube,Hors agglomération,Hors intersection,Normale,Deux véhicules - arrière,,,,,,,,,,,2,1,1,1,2
201500045672,0015-07-18 02:57:00,15,7,18,2,57,930,10,AUTOROUTE A3,48.8895,2.47391,Nuit sans éclairage public,Hors agglomération,Hors intersection,Normale,Autre collision,,,,,,,,,,,3,1,1,1,6
201500045673,0015-07-13 04:37:00,15,7,13,4,37,930,29,AUTOROUTE A86,,,Nuit avec éclairage allumé,Hors agglomération,Hors intersection,Normale,Sans collision,,,,,,,,,,,5,1,1,1,7
201500045674,0015-07-13 21:15:00,15,7,13,21,15,920,78,AUTOROUTE A86,,,Nuit sans éclairage public,Hors agglomération,Hors intersection,Normale,Trois véhicules et plus - en chaîne,,,,,,,,,,,3,1,1,1,4
201500045675,0015-07-19 00:40:00,15,7,19,0,40,950,582,AUTOROUTE A15,,,Nuit sans éclairage public,Hors agglomération,Hors intersection,Pluie forte,Autre collision,,,,,,,,,,,3,1,1,3,6
201500045676,0015-07-19 04:05:00,15,7,19,4,5,930,66,AUTOROUTE A1,48.9061,2.35855,Nuit avec éclairage allumé,Hors agglomération,Hors intersection,Pluie légère,Deux véhicules - arrière,,,,,,,,,,,5,1,1,2,2
201500045677,0015-07-18 12:35:00,15,7,18,12,35,950,306,AUTOROUTE A15,,,Plein jour,Hors agglomération,Hors intersection,Normale,Trois véhicules et plus - en chaîne,,,,,,,,,,,1,1,1,1,4
201500045678,0015-07-18 14:45:00,15,7,18,14,45,930,5,AUTOROUTE A3,48.9449,2.47708,Plein jour,Hors agglomération,Hors intersection,Normale,Sans collision,,,,,,,,,,,1,1,1,1,7
201500045679,0015-07-20 06:50:00,15,7,20,6,50,930,27,AUTOROUTE A86,,,Crépuscule ou aube,Hors agglomération,Hors intersection,Pluie légère,Sans collision,,,,,,,,,,,2,1,1,2,7
201500045680,0015-07-22 09:15:00,15,7,22,9,15,930,10,AUTOROUTE A3,48.8895,2.47391,Plein jour,Hors agglomération,Hors intersection,Normale,Sans collision,,,,,,,,,,,1,1,1,1,7
201500045681,0015-07-22 14:30:00,15,7,22,14,30,930,64,AUTOROUTE A86,,,Plein jour,Hors agglomération,Hors intersection,Normale,Deux véhicules - côté,,,,,,,,,,,1,1,1,1,3
201500045682,0015-07-23 05:07:00,15,7,23,5,7,600,631,AUTOROUTE A1,49.157,2.5917,Crépuscule ou aube,Hors agglomération,Hors intersection,Normale,Deux véhicules - arrière,,,,,,,,,,,2,1,1,1,2
201500045683,0015-07-23 08:07:00,15,7,23,8,7,600,612,AUTOROUTE A1,49.19532,2.60414,Plein jour,Hors agglomération,Hors intersection,Normale,Deux véhicules - côté,,,,,,,,,,,1,1,1,1,3
201500045684,0015-07-23 09:00:00,15,7,23,9,0,930,13,AUTOROUTE A1,48.9387,2.41625,Plein jour,Hors agglomération,Hors intersection,Normale,Trois véhicules et plus - en chaîne,,,,,,,,,,,1,1,1,1,4
201500045685,0015-07-22 17:40:00,15,7,22,17,40,950,572,ROUTE NATIONALE 184,,,Plein jour,Hors agglomération,Hors intersection,Normale,Autre collision,,,,,,,,,,,1,1,1,1,6
201500045686,0015-07-25 09:25:00,15,7,25,9,25,930,8,AUTOROUTE A86,,,Plein jour,Hors agglomération,Hors intersection,Pluie légère,Autre collision,,,,,,,,,,,1,1,1,2,6
201500045687,0015-07-25 02:45:00,15,7,25,2,45,950,241,RN 104,,,Nuit sans éclairage public,Hors agglomération,Hors intersection,Pluie légère,Autre collision,,,,,,,,,,,3,1,1,2,6
201500045688,0015-07-24 19:20:00,15,7,24,19,20,930,64,AUTOROUTE A86,,,Plein jour,Hors agglomération,Hors intersection,Normale,Trois véhicules et plus - en chaîne,,,,,,,,,,,1,1,1,1,4
201500045689,0015-07-25 17:15:00,15,7,25,17,15,930,8,AUTOROUTE A86,,,Plein jour,Hors agglomération,Hors intersection,Normale,Autre collision,,,,,,,,,,,1,1,1,1,6
201500045690,0015-07-25 18:35:00,15,7,25,18,35,930,10,AUTOROUTE A3,48.8839,2.46681,Plein jour,Hors agglomération,Hors intersection,Normale,Autre collision,,,,,,,,,,,1,1,1,1,6
201500045691,0015-07-26 15:40:00,15,7,26,15,40,950,572,A 9015 7,,,Plein jour,Hors agglomération,Hors intersection,Pluie forte,Autre collision,,,,,,,,,,,1,1,1,3,6
201500045692,0015-07-26 19:20:00,15,7,26,19,20,950,218,AUTOROUTE A15,,,Plein jour,Hors agglomération,Hors intersection,Normale,Autre collision,,,,,,,,,,,1,1,1,1,6
201500045693,0015-07-24 16:15:00,15,7,24,16,15,930,13,AUTOROUTE A1,48.9409,2.42611,Plein jour,Hors agglomération,Hors intersection,Normale,Trois véhicules et plus - collisions multiples,,,,,,,,,,,1,1,1,1,5
201500045694,0015-07-27 07:30:00,15,7,27,7,30,930,66,AUTOROUTE A1,48.9332,2.37699,Plein jour,Hors agglomération,Hors intersection,Pluie légère,Trois véhicules et plus - collisions multiples,,,,,,,,,,,1,1,1,2,5
201500045695,0015-07-27 07:30:00,15,7,27,7,30,950,394,ROUTE NATIONALE 184,,,Plein jour,Hors agglomération,Hors intersection,Pluie légère,Deux véhicules - côté,,,,,,,,,,,1,1,1,2,3
201500045696,0015-07-28 08:00:00,15,7,28,8,0,950,241,RN 104,,,Plein jour,Hors agglomération,Hors intersection,Normale,Trois véhicules et plus - en chaîne,,,,,,,,,,,1,1,1,1,4
201500045697,0015-07-28 20:30:00,15,7,28,20,30,930,64,AUTOROUTE A86,,,Crépuscule ou aube,Hors agglomération,Hors intersection,Normale,Deux véhicules - côté,,,,,,,,,,,2,1,1,1,3
201500045698,0015-07-28 16:30:00,15,7,28,16,30,930,5,AUTOROUTE A3,48.9432,2.47795,Plein jour,Hors agglomération,Hors intersection,Normale,Trois véhicules et plus - collisions multiples,,,,,,,,,,,1,1,1,1,5
201500045699,0015-07-29 14:00:00,15,7,29,14,0,930,66,AUTOROUTE A1,48.9329,2.37569,Plein jour,Hors agglomération,Hors intersection,Normale,Autre collision,,,,,,,,,,,1,1,1,1,6
201500045700,0015-07-29 14:10:00,15,7,29,14,10,930,66,AUTOROUTE A86,48.8919,2.47316,Plein jour,Hors agglomération,Hors intersection,Normale,Sans collision,,,,,,,,,,,1,1,1,1,7
201500045701,0015-07-29 16:30:00,15,7,29,16,30,930,7,AUTOROUTE A1,48.9515,2.45119,Nuit sans éclairage public,Hors agglomération,Hors intersection,Normale,Deux véhicules - arrière,,,,,,,,,,,3,1,1,1,2
201500045702,0015-07-24 07:30:00,15,7,24,7,30,930,64,AUTOROUTE A103,48.8867,2.47932,Plein jour,Hors agglomération,Hors intersection,Normale,Autre collision,,,,,,,,,,,1,1,1,1,6
201500045703,0015-07-30 09:00:00,15,7,30,9,0,950,527,AUTOROUTE A3,,,Plein jour,Hors agglomération,Hors intersection,Normale,Sans collision,,,,,,,,,,,1,1,1,1,7
201500045704,0015-07-30 07:40:00,15,7,30,7,40,950,18,AUTOROUTE A15,,,Plein jour,Hors agglomération,Hors intersection,Normale,Trois véhicules et plus - collisions multiples,,,,,,,,,,,1,1,1,1,5
201500045705,0015-07-30 17:15:00,15,7,30,17,15,950,582,AUTOROUTE A15,,,Plein jour,Hors agglomération,Hors intersection,Normale,Sans collision,,,,,,,,,,,1,1,1,1,7
201500045706,0015-07-06 08:00:00,15,7,6,8,0,920,36,AUTOROUTE A86,,,Plein jour,Hors agglomération,Hors intersection,Normale,Deux véhicules - côté,,,,,,,,,,,1,1,1,1,3
201500045707,0015-07-31 09:00:00,15,7,31,9,0,950,18,AUTOROUTE A15,,,Plein jour,Hors agglomération,Hors intersection,Normale,Deux véhicules - arrière,,,,,,,,,,,1,1,1,1,2
201500045708,0015-07-31 13:50:00,15,7,31,13,50,950,572,AUTOROUTE A15,,,Plein jour,Hors agglomération,Hors intersection,Normale,Deux véhicules - arrière,,,,,,,,,,,1,1,1,1,2
201500045709,0015-08-01 04:45:00,15,8,1,4,45,930,66,AUTOROUTE A1,48.9234,2.35708,Nuit avec éclairage non allumé,Hors agglomération,Hors intersection,Normale,Autre collision,,,,,,,,,,,4,1,1,1,6
201500045710,0015-08-01 19:00:00,15,8,1,19,0,930,64,AUTOROUTE A103,48.8867,2.47802,Plein jour,Hors agglomération,Hors intersection,Normale,Autre collision,,,,,,,,,,,1,1,1,1,6
201500045711,0015-08-02 23:20:00,15,8,2,23,20,930,66,AUTOROUTE A86,48.8913,2.47295,Nuit sans éclairage public,Hors agglomération,Hors intersection,Normale,Sans collision,,,,,,,,,,,3,1,1,1,7
201500045712,0015-08-03 06:50:00,15,8,3,6,50,930,8,AUTOROUTE A86,,,Plein jour,Hors agglomération,Hors intersection,Normale,Autre collision,,,,,,,,,,,1,1,1,1,6
201500045713,0015-08-04 06:15:00,15,8,4,6,15,950,394,AUTOROUTE A115,,,Nuit sans éclairage public,Hors agglomération,Hors intersection,Pluie légère,Autre collision,,,,,,,,,,,3,1,1,2,6
201500045714,0015-08-04 08:10:00,15,8,4,8,10,950,28,RN 104,,,Plein jour,Hors agglomération,Hors intersection,Normale,Autre collision,,,,,,,,,,,1,1,1,1,6
201500045715,0015-08-05 08:10:00,15,8,5,8,10,930,64,AUTOROUTE A86,,,Plein jour,Hors agglomération,Hors intersection,Normale,Trois véhicules et plus - collisions multiples,,,,,,,,,,,1,1,1,1,5
201500045716,0015-08-05 10:10:00,15,8,5,10,10,930,66,AUTOROUTE A1,48.9103,2.35824,Plein jour,Hors agglomération,Hors intersection,Normale,Trois véhicules et plus - collisions multiples,,,,,,,,,,,1,1,1,1,5
201500045717,0015-08-05 13:45:00,15,8,5,13,45,950,527,AUTOROUTE A3,,,Plein jour,Hors agglomération,Hors intersection,Normale,Trois véhicules et plus - en chaîne,,,,,,,,,,,1,1,1,1,4
201500045718,0015-08-05 15:30:00,15,8,5,15,30,950,277,AUTOROUTE A104,48.9728,2.4872,Plein jour,Hors agglomération,Hors intersection,Normale,Autre collision,,,,,,,,,,,1,1,1,1,6
201500045719,0015-07-31 08:00:00,15,7,31,8,0,950,572,ROUTE NATIONALE 184,,,Plein jour,Hors agglomération,Hors intersection,Normale,Trois véhicules et plus - en chaîne,,,,,,,,,,,1,1,1,1,4
201500045720,0015-08-05 13:40:00,15,8,5,13,40,930,5,AUTOROUTE A3,48.9177,2.47824,Plein jour,Hors agglomération,Hors intersection,Normale,Deux véhicules - arrière,,,,,,,,,,,1,1,1,1,2
201500045721,0015-08-06 18:30:00,15,8,6,18,30,950,604,AUTOROUTE A1,,,Plein jour,Hors agglomération,Hors intersection,Normale,Deux véhicules - arrière,,,,,,,,,,,1,1,1,1,2
201500045722,0015-07-26 07:15:00,15,7,26,7,15,950,252,AUTOROUTE A15,,,Plein jour,Hors agglomération,Hors intersection,Normale,Autre collision,,,,,,,,,,,1,1,1,1,6
201500045723,0015-08-05 18:15:00,15,8,5,18,15,930,66,AUTOROUTE A1,,,Plein jour,Hors agglomération,Hors intersection,Normale,Deux véhicules - côté,,,,,,,,,,,1,1,1,1,3
201500045724,0015-08-07 18:15:00,15,8,7,18,15,930,48,AUTOROUTE A3,48.8723,2.43434,Plein jour,Hors agglomération,Hors intersection,Normale,Sans collision,,,,,,,,,,,1,1,1,1,7
201500045725,0015-08-08 06:15:00,15,8,8,6,15,930,27,AUTOROUTE A1,48.9352,2.4009,Crépuscule ou aube,Hors agglomération,Hors intersection,Normale,Deux véhicules - arrière,,,,,,,,,,,2,1,1,1,2
201500045726,0015-08-08 14:00:00,15,8,8,14,0,930,5,AUTOROUTE A3,48.9475,2.47586,Plein jour,Hors agglomération,Hors intersection,Normale,Deux véhicules - côté,,,,,,,,,,,1,1,1,1,3
201500045727,0015-08-07 20:58:00,15,8,7,20,58,930,5,AUTOROUTE A3,48.9472,2.47579,Plein jour,Hors agglomération,Hors intersection,Normale,Sans collision,,,,,,,,,,,1,1,1,1,7
201500045728,0015-08-09 09:50:00,15,8,9,9,50,920,78,AUTOROUTE A86,,,Plein jour,Hors agglomération,Hors intersection,Normale,Autre collision,,,,,,,,,,,1,1,1,1,6
201500045729,0015-08-06 13:00:00,15,8,6,13,0,930,5,AUTOROUTE A3,,,Plein jour,Hors agglomération,Hors intersection,Normale,Deux véhicules - arrière,,,,,,,,,,,1,1,1,1,2
201500045730,0015-08-12 17:35:00,15,8,12,17,35,920,36,AUTOROUTE A15,,,Plein jour,Hors agglomération,Hors intersection,Normale,Autre collision,,,,,,,,,,,1,1,1,1,6
201500045731,0015-08-13 20:00:00,15,8,13,20,0,930,27,AUTOROUTE A86,,,Plein jour,Hors agglomération,Hors intersection,Normale,Autre collision,,,,,,,,,,,1,1,1,1,6
201500045732,0015-08-13 20:10:00,15,8,13,20,10,930,6,AUTOROUTE A3,,,Plein jour,Hors agglomération,Hors intersection,Pluie légère,Autre collision,,,,,,,,,,,1,1,1,2,6
201500045733,0015-08-13 20:50:00,15,8,13,20,50,950,277,AUTOROUTE A104,48.9735,2.4859,Plein jour,Hors agglomération,Hors intersection,Normale,Autre collision,,,,,,,,,,,1,1,1,1,6
201500045734,0015-08-14 18:45:00,15,8,14,18,45,920,36,AUTOROUTE A15,,,Plein jour,Hors agglomération,Hors intersection,Pluie forte,Autre collision,,,,,,,,,,,1,1,1,3,6
201500045735,0015-08-14 17:00:00,15,8,14,17,0,930,6,AUTOROUTE A3,48.8665,2.42387,Plein jour,Hors agglomération,Hors intersection,Normale,Deux véhicules - côté,,,,,,,,,,,1,1,1,1,3
201500045736,0015-08-14 01:50:00,15,8,14,1,50,930,27,AUTOROUTE A86,,,Nuit sans éclairage public,Hors agglomération,Hors intersection,Pluie forte,Sans collision,,,,,,,,,,,3,1,1,3,7
201500045737,0015-08-15 09:30:00,15,8,15,9,30,950,351,RN 104,,,Plein jour,Hors agglomération,Hors intersection,Pluie légère,Autre collision,,,,,,,,,,,1,1,1,2,6
201500045738,0015-08-15 09:50:00,15,8,15,9,50,930,27,AUTOROUTE A86,48.8811,2.47457,Plein jour,Hors agglomération,Hors intersection,Normale,Deux véhicules - côté,,,,,,,,,,,1,1,1,1,3
201500045739,0015-08-15 09:50:00,15,8,15,9,50,920,36,AUTOROUTE A86,,,Plein jour,Hors agglomération,Hors intersection,Pluie légère,Deux véhicules - frontale,,,,,,,,,,,1,1,1,2,1
201500045740,0015-08-15 09:30:00,15,8,15,9,30,930,64,AUTOROUTE A86,,,Plein jour,Hors agglomération,Hors intersection,Pluie forte,Autre collision,,,,,,,,,,,1,1,1,3,6
201500045741,0015-08-15 08:50:00,15,8,15,8,50,950,277,AUTOROUTE A104,48.9735,2.4859,Plein jour,Hors agglomération,Hors intersection,Pluie légère,Deux véhicules - arrière,,,,,,,,,,,1,1,1,2,2
201500045742,0015-08-15 10:30:00,15,8,15,10,30,930,27,AUTOROUTE A86,,,Plein jour,Hors agglomération,Hors intersection,Normale,Autre collision,,,,,,,,,,,1,1,1,1,6
201500045743,0015-07-31 08:45:00,15,7,31,8,45,950,500,AUTOROUTE A15,,,Plein jour,Hors agglomération,Hors intersection,Normale,Trois véhicules et plus - en chaîne,,,,,,,,,,,1,1,1,1,4
201500045744,0015-08-17 13:10:00,15,8,17,13,10,930,8,AUTOROUTE A86,,,Plein jour,Hors agglomération,Hors intersection,Normale,Deux véhicules - frontale,,,,,,,,,,,1,1,1,1,1
201500045745,0015-08-18 17:40:00,15,8,18,17,40,930,53,AUTOROUTE A3,48.8919,2.47291,Plein jour,Hors agglomération,Hors intersection,Normale,Deux véhicules - côté,,,,,,,,,,,1,1,1,1,3
201500045746,0015-08-19 20:35:00,15,8,19,20,35,950,277,RD 170,48.9752,2.4846,Crépuscule ou aube,Hors agglomération,Hors intersection,Normale,Autre collision,,,,,,,,,,,2,1,1,1,6
201500045747,0015-08-20 06:15:00,15,8,20,6,15,950,18,AUTOROUTE A15,,,Plein jour,Hors agglomération,Hors intersection,Pluie forte,Autre collision,,,,,,,,,,,1,1,1,3,6
201500045748,0015-08-20 09:00:00,15,8,20,9,0,930,27,AUTOROUTE A86,,,Plein jour,Hors agglomération,Hors intersection,Pluie forte,Autre collision,,,,,,,,,,,1,1,1,3,6
201500045749,0015-08-20 08:10:00,15,8,20,8,10,950,256,ROUTE NATIONALE 184,,,Plein jour,Hors agglomération,Hors intersection,Pluie légère,Autre collision,,,,,,,,,,,1,1,1,2,6
201500045750,0015-08-20 14:30:00,15,8,20,14,30,930,66,AUTOROUTE A1,,,Plein jour,Hors agglomération,Hors intersection,Normale,Deux véhicules - arrière,,,,,,,,,,,1,1,1,1,2
201500045751,0015-08-22 04:15:00,15,8,22,4,15,950,582,RD 170,48.9621,2.2632,Nuit sans éclairage public,Hors agglomération,Hors intersection,Normale,Sans collision,,,,,,,,,,,3,1,1,1,7
201500045752,0015-08-22 21:25:00,15,8,22,21,25,950,241,RN 104,,,Nuit sans éclairage public,Hors agglomération,Hors intersection,Normale,Autre collision,,,,,,,,,,,3,1,1,1,6
201500045753,0015-08-21 18:10:00,15,8,21,18,10,930,63,AUTOROUTE A3,48.8747,2.43926,Plein jour,Hors agglomération,Hors intersection,Normale,Deux véhicules - arrière,,,,,,,,,,,1,1,1,1,2
201500045754,0015-08-20 13:00:00,15,8,20,13,0,950,256,ROUTE NATIONALE 184,,,Plein jour,Hors agglomération,Hors intersection,Pluie légère,Autre collision,,,,,,,,,,,1,1,1,2,6
201500045755,0015-08-20 10:20:00,15,8,20,10,20,950,252,AUTOROUTE A15,,,Plein jour,Hors agglomération,Hors intersection,Pluie forte,Deux véhicules - arrière,,,,,,,,,,,1,1,1,3,2
201500045756,0015-08-24 10:50:00,15,8,24,10,50,930,8,AUTOROUTE A86,,,Plein jour,Hors agglomération,Hors intersection,Pluie légère,Autre collision,,,,,,,,,,,1,1,1,2,6
201500045757,0015-08-24 14:00:00,15,8,24,14,0,930,27,AUTOROUTE A86,48.8801,2.47568,Plein jour,Hors agglomération,Hors intersection,Pluie légère,Autre collision,,,,,,,,,,,1,1,1,2,6
201500045758,0015-08-24 15:20:00,15,8,24,15,20,930,66,AUTOROUTE A86,48.8945,2.47181,Plein jour,Hors agglomération,Hors intersection,Pluie légère,Autre collision,,,,,,,,,,,1,1,1,2,6
201500045759,0015-08-24 22:50:00,15,8,24,22,50,930,5,AUTOROUTE A1,48.9606,2.46797,Nuit sans éclairage public,Hors agglomération,Hors intersection,Pluie légère,Deux véhicules - arrière,,,,,,,,,,,3,1,1,2,2
201500045760,0015-08-25 12:10:00,15,8,25,12,10,950,527,AUTOROUTE A1,,,Plein jour,Hors agglomération,Hors intersection,Normale,Deux véhicules - arrière,,,,,,,,,,,1,1,1,1,2
201500045761,0015-08-25 13:00:00,15,8,25,13,0,950,527,AUTOROUTE A1,,,Plein jour,Hors agglomération,Hors intersection,Normale,Deux véhicules - arrière,,,,,,,,,,,1,1,1,1,2
201500045762,0015-08-25 19:00:00,15,8,25,19,0,950,678,RN 104,,,Plein jour,Hors agglomération,Hors intersection,Normale,Deux véhicules - arrière,,,,,,,,,,,1,1,1,1,2
201500045763,0015-08-26 07:30:00,15,8,26,7,30,930,48,AUTOROUTE A3,48.8736,2.43658,Plein jour,Hors agglomération,Hors intersection,Normale,Deux véhicules - côté,,,,,,,,,,,1,1,1,1,3
201500045764,0015-08-26 09:30:00,15,8,26,9,30,600,241,AUTOROUTE A1,49.16011,2.59549,Plein jour,Hors agglomération,Hors intersection,Normale,Autre collision,,,,,,,,,,,1,1,1,1,6
201500045765,0015-08-26 03:00:00,15,8,26,3,0,950,572,ROUTE NATIONALE 184,,,Nuit avec éclairage allumé,Hors agglomération,Hors intersection,Normale,Autre collision,,,,,,,,,,,5,1,1,1,6
201500045766,0015-08-24 09:00:00,15,8,24,9,0,950,582,AUTOROUTE A15,,,Plein jour,Hors agglomération,Hors intersection,Pluie forte,Sans collision,,,,,,,,,,,1,1,1,3,7
201500045767,0015-08-24 08:00:00,15,8,24,8,0,950,582,BD INTERCOMUNAL PARISIS,48.9633,2.2662,Plein jour,Hors agglomération,Hors intersection,Pluie légère,Deux véhicules - arrière,,,,,,,,,,,1,1,1,2,2
201500045768,0015-08-24 09:30:00,15,8,24,9,30,950,500,AUTOROUTE A15,,,Plein jour,Hors agglomération,Hors intersection,Normale,Autre collision,,,,,,,,,,,1,1,1,1,6
201500045769,0015-08-17 12:30:00,15,8,17,12,30,930,66,AUTOROUTE A86,,,Plein jour,Hors agglomération,Hors intersection,Normale,Sans collision,,,,,,,,,,,1,1,1,1,7
201500045770,0015-08-28 05:00:00,15,8,28,5,0,950,277,AUTOROUTE A104,48.9735,2.4859,Nuit sans éclairage public,Hors agglomération,Hors intersection,Pluie légère,Autre collision,,,,,,,,,,,3,1,1,2,6
201500045771,0015-08-27 12:30:00,15,8,27,12,30,950,277,AUTOROUTE A1,,,Plein jour,Hors agglomération,Hors intersection,Pluie légère,Deux véhicules - arrière,,,,,,,,,,,1,1,1,2,2
201500045772,0015-08-27 11:30:00,15,8,27,11,30,930,10,AUTOROUTE A3,48.8893,2.47381,Plein jour,Hors agglomération,Hors intersection,Pluie légère,Deux véhicules - arrière,,,,,,,,,,,1,1,1,2,2
201500045773,0015-08-27 20:50:00,15,8,27,20,50,950,500,AUTOROUTE A15,,,Plein jour,Hors agglomération,Hors intersection,Pluie légère,Trois véhicules et plus - en chaîne,,,,,,,,,,,1,1,1,2,4
201500045774,0015-08-28 14:00:00,15,8,28,14,0,920,36,AUTOROUTE A86,,,Plein jour,Hors agglomération,Hors intersection,Normale,Deux véhicules - frontale,,,,,,,,,,,1,1,1,1,1
201500045775,0015-08-27 15:40:00,15,8,27,15,40,950,527,AUTOROUTE A3,,,Plein jour,Hors agglomération,Hors intersection,Pluie forte,Autre collision,,,,,,,,,,,1,1,1,3,6
201500045776,0015-08-29 16:10:00,15,8,29,16,10,950,365,RN 104,,,Plein jour,Hors agglomération,Hors intersection,Normale,Deux véhicules - arrière,,,,,,,,,,,1,1,1,1,2
201500045777,0015-08-28 18:30:00,15,8,28,18,30,600,631,AUTOROUTE A1,49.15252,2.58593,Plein jour,Hors agglomération,Hors intersection,Normale,Trois véhicules et plus - en chaîne,,,,,,,,,,,1,1,1,1,4
201500045778,0015-08-30 19:15:00,15,8,30,19,15,920,78,AUTOROUTE A86,,,Plein jour,Hors agglomération,Hors intersection,Normale,Deux véhicules - arrière,,,,,,,,,,,1,1,1,1,2
201500045779,0015-08-31 14:05:00,15,8,31,14,5,920,36,AUTOROUTE A86,,,Plein jour,Hors agglomération,Hors intersection,Normale,Sans collision,,,,,,,,,,,1,1,1,1,7
201500045780,0015-08-31 22:30:00,15,8,31,22,30,930,27,AUTOROUTE A86,48.87,2.48252,Nuit avec éclairage non allumé,Hors agglomération,Hors intersection,Normale,Deux véhicules - arrière,,,,,,,,,,,4,1,1,1,2
201500045781,0015-08-31 22:30:00,15,8,31,22,30,930,27,AUTOROUTE A86,,,Nuit avec éclairage non allumé,Hors agglomération,Hors intersection,Normale,Deux véhicules - arrière,,,,,,,,,,,4,1,1,1,2