accident_id,datetime,annee,mois,jour,heure,minute,departement,commune_insee,adresse,latitude,longitude,luminosite,agglomeration,intersection,meteo,collision,nb_vehicules,nb_usagers,nb_indemnes,nb_tues,nb_blesses_hosp,nb_blesses_legers,age_cond_1,age_cond_2,veh_type_cond_1,veh_type_cond_2,lum_code,agg_code,int_code,atm_code,col_code
201500046174,0015-12-27 17:50:00,15,12,27,17,50,950,607,AUTOROUTE A115,,,Nuit sans éclairage public,Hors agglomération,Hors intersection,Normale,Trois véhicules et plus - en chaîne,,,,,,,,,,,3,1,1,1,4
201500046175,0015-12-28 01:10:00,15,12,28,1,10,600,631,AUTOROUTE A1,49.1434,2.57517,Nuit sans éclairage public,Hors agglomération,Hors intersection,Normale,Autre collision,,,,,,,,,,,3,1,1,1,6
201500046176,0015-12-25 04:10:00,15,12,25,4,10,950,582,AUTOROUTE A115,,,Nuit sans éclairage public,Hors agglomération,Hors intersection,Pluie légère,Trois véhicules et plus - en chaîne,,,,,,,,,,,3,1,1,2,4
201500046177,0015-12-29 08:30:00,15,12,29,8,30,950,277,AUTOROUTE A104,,,Plein jour,Hors agglomération,Hors intersection,Pluie légère,Deux véhicules - côté,,,,,,,,,,,1,1,1,2,3
201500046178,0015-12-29 15:30:00,15,12,29,15,30,930,5,AUTOROUTE A1,,,Plein jour,Hors agglomération,Hors intersection,Normale,Trois véhicules et plus - collisions multiples,,,,,,,,,,,1,1,1,1,5
201500046179,0015-12-29 10:40:00,15,12,29,10,40,950,394,AUTOROUTE A115,,,Plein jour,Hors agglomération,Hors intersection,Pluie légère,Autre collision,,,,,,,,,,,1,1,1,2,6
201500046180,0015-12-31 02:10:00,15,12,31,2,10,950,527,AUTOROUTE A1,,,Nuit sans éclairage public,Hors agglomération,Hors intersection,Pluie légère,Autre collision,,,,,,,,,,,3,1,1,2,6
201500046181,0015-12-30 20:00:00,15,12,30,20,0,950,641,AUTOROUTE A1,,,Nuit sans éclairage public,Hors agglomération,Hors intersection,Normale,Autre collision,,,,,,,,,,,3,1,1,1,6
201500046182,0015-12-31 08:15:00,15,12,31,8,15,930,27,AUTOROUTE A86,,,Crépuscule ou aube,Hors agglomération,Hors intersection,Normale,Autre collision,,,,,,,,,,,2,1,1,1,6
201500046183,0015-12-30 04:30:00,15,12,30,4,30,930,27,AUTOROUTE A1,,,Crépuscule ou aube,Hors agglomération,Hors intersection,Normale,Trois véhicules et plus - en chaîne,,,,,,,,,,,2,1,1,1,4
201500046184,0015-12-22 12:50:00,15,12,22,12,50,930,66,AUTOROUTE A1,,,Plein jour,Hors agglomération,Hors intersection,Normale,Trois véhicules et plus - en chaîne,,,,,,,,,,,1,1,1,1,4
201500046185,0015-01-01 00:01:00,15,1,1,0,1,920,64,A13,,,Nuit sans éclairage public,Hors agglomération,Hors intersection,Autre,Autre collision,,,,,,,,,,,3,1,1,9,6
201500046186,0015-01-01 07:45:00,15,1,1,7,45,780,455,A13,,,Nuit sans éclairage public,Hors agglomération,Hors intersection,Normale,Sans collision,,,,,,,,,,,3,1,1,1,7
201500046187,0015-01-01 19:55:00,15,1,1,19,55,780,640,A86 INT,,,Nuit sans éclairage public,Hors agglomération,Hors intersection,Normale,Deux véhicules - côté,,,,,,,,,,,3,1,1,1,3
201500046188,0015-01-02 12:30:00,15,1,2,12,30,780,571,A13,,,Plein jour,Hors agglomération,Hors intersection,Pluie légère,Autre collision,,,,,,,,,,,1,1,1,2,6
201500046189,0015-01-04 08:50:00,15,1,4,8,50,920,63,A86,,,Plein jour,Hors agglomération,Hors intersection,Temps couvert,Autre collision,,,,,,,,,,,1,1,1,8,6
201500046190,0015-01-04 13:10:00,15,1,4,13,10,750,116,A13Y,,,Plein jour,Hors agglomération,Hors intersection,Normale,Deux véhicules - arrière,,,,,,,,,,,1,1,1,1,2
201500046191,0015-01-05 18:30:00,15,1,5,18,30,780,242,A12 W,,,Nuit sans éclairage public,Hors agglomération,Hors intersection,Brouillard / fumée,Autre collision,,,,,,,,,,,3,1,1,5,6
201500046192,0015-01-07 20:30:00,15,1,7,20,30,920,36,A86,,,Nuit sans éclairage public,Hors agglomération,Hors intersection,Normale,Autre collision,,,,,,,,,,,3,1,1,1,6
201500046193,0015-01-08 08:50:00,15,1,8,8,50,920,62,RN1013,,,Plein jour,Hors agglomération,Hors intersection,Temps couvert,Deux véhicules - arrière,,,,,,,,,,,1,1,1,8,2
201500046194,0015-01-08 10:00:00,15,1,8,10,0,780,208,RN12 EXT,,,Plein jour,Hors agglomération,Hors intersection,Brouillard / fumée,Sans collision,,,,,,,,,,,1,1,1,5,7
201500046195,0015-01-08 17:10:00,15,1,8,17,10,920,50,A14,,,Crépuscule ou aube,Hors agglomération,Hors intersection,Normale,Deux véhicules - côté,,,,,,,,,,,2,1,1,1,3
201500046196,0015-01-08 19:05:00,15,1,8,19,5,780,73,A12 W,,,Nuit sans éclairage public,Hors agglomération,Hors intersection,Pluie légère,Sans collision,,,,,,,,,,,3,1,1,2,7
201500046197,0015-01-10 20:38:00,15,1,10,20,38,920,64,N118,,,Nuit avec éclairage allumé,Hors agglomération,Hors intersection,Pluie légère,Sans collision,,,,,,,,,,,5,1,1,2,7
201500046198,0015-01-13 08:00:00,15,1,13,8,0,780,418,A14,,,Crépuscule ou aube,Hors agglomération,Hors intersection,Normale,Deux véhicules - arrière,,,,,,,,,,,2,1,1,1,2
201500046199,0015-01-13 14:30:00,15,1,13,14,30,920,50,A86,,,Plein jour,Hors agglomération,Hors intersection,Normale,Deux véhicules - arrière,,,,,,,,,,,1,1,1,1,2
201500046200,0015-01-13 16:15:00,15,1,13,16,15,780,646,RN12,,,Plein jour,Hors agglomération,Hors intersection,Pluie forte,Deux véhicules - côté,,,,,,,,,,,1,1,1,3,3
201500046201,0015-01-13 18:00:00,15,1,13,18,0,780,640,N118,,,Nuit avec éclairage allumé,Hors agglomération,Hors intersection,Normale,Trois véhicules et plus - en chaîne,,,,,,,,,,,5,1,1,1,4
201500046202,0015-01-14 07:00:00,15,1,14,7,0,920,47,A13,,,Nuit sans éclairage public,Hors agglomération,Hors intersection,Temps couvert,Autre collision,,,,,,,,,,,3,1,1,8,6
201500046203,0015-01-14 10:05:00,15,1,14,10,5,920,47,A13,,,Plein jour,Hors agglomération,Hors intersection,Pluie légère,Deux véhicules - côté,,,,,,,,,,,1,1,1,2,3
201500046204,0015-01-14 12:20:00,15,1,14,12,20,920,76,A13,,,Plein jour,Hors agglomération,Hors intersection,Normale,Sans collision,,,,,,,,,,,1,1,1,1,7
201500046205,0015-01-14 13:45:00,15,1,14,13,45,780,402,A13,,,Plein jour,Hors agglomération,Hors intersection,Normale,Autre collision,,,,,,,,,,,1,1,1,1,6
201500046206,0015-01-16 16:27:00,15,1,16,16,27,780,217,A13,,,Nuit sans éclairage public,Hors agglomération,Hors intersection,Pluie légère,Autre collision,,,,,,,,,,,3,1,1,2,6
201500046207,0015-01-17 06:55:00,15,1,17,6,55,780,43,A12 W,,,Nuit sans éclairage public,Hors agglomération,Hors intersection,Normale,Autre collision,,,,,,,,,,,3,1,1,1,6
201500046208,0015-01-18 06:03:00,15,1,18,6,3,920,64,A13,,,Plein jour,Hors agglomération,Hors intersection,Normale,Autre collision,,,,,,,,,,,1,1,1,1,6
201500046209,0015-01-18 18:36:00,15,1,18,18,36,780,29,A13W,,,Nuit sans éclairage public,Hors agglomération,Hors intersection,Pluie légère,Deux véhicules - arrière,,,,,,,,,,,3,1,1,2,2
201500046210,0015-01-20 18:02:00,15,1,20,18,2,920,64,A13,,,Nuit sans éclairage public,Hors agglomération,Hors intersection,Temps couvert,Deux véhicules - côté,,,,,,,,,,,3,1,1,8,3
201500046211,0015-01-21 08:27:00,15,1,21,8,27,920,48,N118,,,Plein jour,Hors agglomération,Hors intersection,Normale,Autre collision,,,,,,,,,,,1,1,1,1,6
201500046212,0015-01-22 07:55:00,15,1,22,7,55,780,640,A86 EXT,,,Plein jour,Hors agglomération,Hors intersection,Normale,Sans collision,,,,,,,,,,,1,1,1,1,7
201500046213,0015-01-24 04:12:00,15,1,24,4,12,780,455,A13,,,Nuit sans éclairage public,Hors agglomération,Hors intersection,Temps couvert,Trois véhicules et plus - collisions multiples,,,,,,,,,,,3,1,1,8,5
201500046214,0015-01-24 12:13:00,15,1,24,12,13,920,64,N118,,,Plein jour,Hors agglomération,Hors intersection,Normale,Autre collision,,,,,,,,,,,1,1,1,1,6
201500046215,0015-01-24 14:31:00,15,1,24,14,31,780,640,N118,,,Plein jour,Hors agglomération,Hors intersection,Normale,Deux véhicules - arrière,,,,,,,,,,,1,1,1,1,2
201500046216,0015-01-25 01:35:00,15,1,25,1,35,780,206,A13,,,Nuit sans éclairage public,Hors agglomération,Hors intersection,Normale,Deux véhicules - côté,,,,,,,,,,,3,1,1,1,3
201500046217,0015-01-25 08:02:00,15,1,25,8,2,920,72,N118,,,Nuit sans éclairage public,Hors agglomération,Hors intersection,Normale,Autre collision,,,,,,,,,,,3,1,1,1,6
201500046218,0015-01-25 09:49:00,15,1,25,9,49,920,64,N118,,,Plein jour,Hors agglomération,Hors intersection,Normale,Autre collision,,,,,,,,,,,1,1,1,1,6
201500046219,0015-01-25 19:53:00,15,1,25,19,53,780,322,RN12 EXT,,,Nuit avec éclairage allumé,Hors agglomération,Hors intersection,Normale,Autre collision,,,,,,,,,,,5,1,1,1,6
201500046220,0015-01-26 08:54:00,15,1,26,8,54,920,62,RN1013,,,Nuit avec éclairage allumé,Hors agglomération,Hors intersection,Autre,Sans collision,,,,,,,,,,,5,1,1,9,7
201500046221,0015-01-28 13:02:00,15,1,28,13,2,920,64,A13,,,Plein jour,Hors agglomération,Hors intersection,Pluie légère,Deux véhicules - arrière,,,,,,,,,,,1,1,1,2,2
201500046222,0015-01-28 18:40:00,15,1,28,18,40,780,73,N12Y,,,Nuit sans éclairage public,Hors agglomération,Hors intersection,Pluie légère,Deux véhicules - arrière,,,,,,,,,,,3,1,1,2,2
201500046223,0015-01-29 16:06:00,15,1,29,16,6,920,72,N118,,,Plein jour,Hors agglomération,Hors intersection,Pluie forte,Autre collision,,,,,,,,,,,1,1,1,3,6
201500046224,0015-01-30 10:55:00,15,1,30,10,55,920,62,RN1014 W,,,Plein jour,Hors agglomération,Hors intersection,Normale,Trois véhicules et plus - collisions multiples,,,,,,,,,,,1,1,1,1,5
201500046225,0015-01-30 12:37:00,15,1,30,12,37,920,25,A86,,,Plein jour,Hors agglomération,Hors intersection,Neige / grêle,Deux véhicules - côté,,,,,,,,,,,1,1,1,4,3
201500046226,0015-01-30 15:50:00,15,1,30,15,50,780,640,A86 INT,,,Plein jour,Hors agglomération,Autre intersection,Autre,Sans collision,,,,,,,,,,,1,1,9,9,7
201500046227,0015-01-30 20:32:00,15,1,30,20,32,780,206,A13,,,Nuit avec éclairage allumé,Hors agglomération,Hors intersection,Normale,Trois véhicules et plus - collisions multiples,,,,,,,,,,,5,1,1,1,5
201500046228,0015-02-01 18:57:00,15,2,1,18,57,920,25,A86,,,Plein jour,Hors agglomération,Hors intersection,Normale,Deux véhicules - arrière,,,,,,,,,,,1,1,1,1,2
201500046229,0015-02-01 19:00:00,15,2,1,19,0,780,402,A13,,,Nuit sans éclairage public,Hors agglomération,Hors intersection,Normale,Autre collision,,,,,,,,,,,3,1,1,1,6
201500046230,0015-02-01 23:42:00,15,2,1,23,42,920,36,A86,,,Nuit avec éclairage non allumé,Hors agglomération,Hors intersection,Autre,Autre collision,,,,,,,,,,,4,1,1,9,6
201500046231,0015-02-02 10:11:00,15,2,2,10,11,920,50,A86,,,Plein jour,Hors agglomération,Hors intersection,Pluie légère,Deux véhicules - arrière,,,,,,,,,,,1,1,1,2,2
201500046232,0015-02-03 08:15:00,15,2,3,8,15,780,7,A13W,,,Plein jour,Hors agglomération,Hors intersection,Normale,Trois véhicules et plus - en chaîne,,,,,,,,,,,1,1,1,1,4
201500046233,0015-02-03 08:38:00,15,2,3,8,38,920,62,RN1014 W,,,Plein jour,Hors agglomération,Hors intersection,Normale,Deux véhicules - côté,,,,,,,,,,,1,1,1,1,3
201500046234,0015-02-03 20:45:00,15,2,3,20,45,780,646,RN12 INT,,,Nuit sans éclairage public,Hors agglomération,Hors intersection,Normale,Deux véhicules - arrière,,,,,,,,,,,3,1,1,1,2
201500046235,0015-02-04 02:25:00,15,2,4,2,25,920,25,A86,,,Nuit sans éclairage public,Hors agglomération,Hors intersection,Normale,Autre collision,,,,,,,,,,,3,1,1,1,6
201500046236,0015-02-04 04:07:00,15,2,4,4,7,780,362,A13,,,Nuit avec éclairage allumé,Hors agglomération,Hors intersection,Normale,Autre collision,,,,,,,,,,,5,1,1,1,6
201500046237,0015-02-04 11:05:00,15,2,4,11,5,780,490,RN12 INT,,,Plein jour,Hors agglomération,Hors intersection,Normale,Deux véhicules - frontale,,,,,,,,,,,1,1,1,1,1
201500046238,0015-02-04 18:50:00,15,2,4,18,50,750,116,A13Y,,,Plein jour,Hors agglomération,Hors intersection,Normale,Deux véhicules - arrière,,,,,,,,,,,1,1,1,1,2
201500046239,0015-02-04 22:58:00,15,2,4,22,58,920,36,A86,,,Nuit sans éclairage public,Hors agglomération,Hors intersection,Normale,Deux véhicules - arrière,,,,,,,,,,,3,1,1,1,2
201500046240,0015-02-05 08:05:00,15,2,5,8,5,920,36,A86,,,Plein jour,Hors agglomération,Hors intersection,Normale,Deux véhicules - arrière,,,,,,,,,,,1,1,1,1,2
201500046241,0015-02-06 08:16:00,15,2,6,8,16,920,48,N118,,,Plein jour,Hors agglomération,Hors intersection,Normale,Deux véhicules - côté,,,,,,,,,,,1,1,1,1,3
201500046242,0015-02-06 16:51:00,15,2,6,16,51,780,640,N118,,,Plein jour,Hors agglomération,Hors intersection,Normale,Deux véhicules - côté,,,,,,,,,,,1,1,1,1,3
201500046243,0015-02-06 18:53:00,15,2,6,18,53,780,126,A13,,,Nuit sans éclairage public,Hors agglomération,Hors intersection,Normale,Trois véhicules et plus - en chaîne,,,,,,,,,,,3,1,1,1,4
201500046244,0015-02-07 02:10:00,15,2,7,2,10,920,26,RN1014 Y,,,Nuit avec éclairage allumé,Hors agglomération,Hors intersection,Normale,Trois véhicules et plus - en chaîne,,,,,,,,,,,5,1,1,1,4
201500046245,0015-02-07 04:20:00,15,2,7,4,20,920,50,A86,,,Nuit avec éclairage non allumé,Hors agglomération,Hors intersection,Normale,Deux véhicules - arrière,,,,,,,,,,,4,1,1,1,2
201500046246,0015-02-07 13:42:00,15,2,7,13,42,920,36,RN315 W,,,Plein jour,Hors agglomération,Hors intersection,Normale,Trois véhicules et plus - collisions multiples,,,,,,,,,,,1,1,1,1,5
201500046247,0015-02-08 07:57:00,15,2,8,7,57,920,50,A86,,,Plein jour,Hors agglomération,Hors intersection,Normale,Autre collision,,,,,,,,,,,1,1,1,1,6
201500046248,0015-02-08 08:24:00,15,2,8,8,24,780,7,A13 Y,,,Plein jour,Hors agglomération,Hors intersection,Normale,Autre collision,,,,,,,,,,,1,1,1,1,6
201500046249,0015-02-09 07:32:00,15,2,9,7,32,920,50,A14,,,Nuit avec éclairage allumé,Hors agglomération,Hors intersection,Normale,Deux véhicules - arrière,,,,,,,,,,,5,1,1,1,2
201500046250,0015-02-09 07:54:00,15,2,9,7,54,780,362,A13,,,Crépuscule ou aube,Hors agglomération,Hors intersection,Normale,Autre collision,,,,,,,,,,,2,1,1,1,6
201500046251,0015-02-09 12:15:00,15,2,9,12,15,780,466,A13,,,Plein jour,Hors agglomération,Hors intersection,Normale,Deux véhicules - arrière,,,,,,,,,,,1,1,1,1,2
201500046252,0015-02-09 17:50:00,15,2,9,17,50,780,423,RN12,,,Crépuscule ou aube,Hors agglomération,Hors intersection,Normale,Deux véhicules - côté,,,,,,,,,,,2,1,1,1,3
201500046253,0015-02-10 15:10:00,15,2,10,15,10,920,50,A14,,,Plein jour,Hors agglomération,Hors intersection,Normale,Autre collision,,,,,,,,,,,1,1,1,1,6
201500046254,0015-02-10 19:30:00,15,2,10,19,30,750,116,A13Y,,,Nuit sans éclairage public,Hors agglomération,Hors intersection,Normale,Trois véhicules et plus - collisions multiples,,,,,,,,,,,3,1,1,1,5
201500046255,0015-02-11 06:31:00,15,2,11,6,31,780,498,A13,,,Nuit sans éclairage public,Hors agglomération,Hors intersection,Normale,Deux véhicules - arrière,,,,,,,,,,,3,1,1,1,2
201500046256,0015-02-11 11:42:00,15,2,11,11,42,920,64,A13,,,Plein jour,Hors agglomération,Hors intersection,Normale,Deux véhicules - arrière,,,,,,,,,,,1,1,1,1,2
201500046257,0015-02-12 06:07:00,15,2,12,6,7,920,25,A86,,,Nuit sans éclairage public,Hors agglomération,Hors intersection,Normale,Deux véhicules - arrière,,,,,,,,,,,3,1,1,1,2
201500046258,0015-02-15 13:10:00,15,2,15,13,10,780,402,A13,,,Plein jour,Hors agglomération,Hors intersection,Normale,Deux véhicules - arrière,,,,,,,,,,,1,1,1,1,2
201500046259,0015-02-15 21:15:00,15,2,15,21,15,780,672,A13,,,Nuit avec éclairage allumé,Hors agglomération,Hors intersection,Normale,Deux véhicules - frontale,,,,,,,,,,,5,1,1,1,1
201500046260,0015-02-16 00:30:00,15,2,16,0,30,920,50,A86,,,Nuit sans éclairage public,Hors agglomération,Hors intersection,Normale,Sans collision,,,,,,,,,,,3,1,1,1,7
201500046261,0015-02-16 08:30:00,15,2,16,8,30,780,322,RN12,,,Plein jour,Hors agglomération,Hors intersection,Normale,Sans collision,,,,,,,,,,,1,1,1,1,7
201500046262,0015-02-17 19:05:00,15,2,17,19,5,780,646,RN12,,,Nuit sans éclairage public,Hors agglomération,Hors intersection,Normale,Deux véhicules - arrière,,,,,,,,,,,3,1,1,1,2
201500046263,0015-02-19 00:35:00,15,2,19,0,35,780,29,A13Y,,,Nuit sans éclairage public,Hors agglomération,Hors intersection,Brouillard / fumée,Autre collision,,,,,,,,,,,3,1,1,5,6
201500046264,0015-02-20 08:19:00,15,2,20,8,19,920,48,N118,,,Plein jour,Hors agglomération,Hors intersection,Pluie légère,Deux véhicules - arrière,,,,,,,,,,,1,1,1,2,2
201500046265,0015-02-20 09:52:00,15,2,20,9,52,920,51,RN13,,,Plein jour,Hors agglomération,Hors intersection,Normale,Autre collision,,,,,,,,,,,1,1,1,1,6
201500046266,0015-02-20 12:59:00,15,2,20,12,59,920,64,A13,,,Plein jour,Hors agglomération,Hors intersection,Pluie légère,Trois véhicules et plus - en chaîne,,,,,,,,,,,1,1,1,2,4
201500046267,0015-02-20 15:28:00,15,2,20,15,28,920,64,A13,,,Plein jour,Hors agglomération,Hors intersection,Pluie légère,Sans collision,,,,,,,,,,,1,1,1,2,7
201500046268,0015-02-20 17:30:00,15,2,20,17,30,780,423,N12W,,,Crépuscule ou aube,Hors agglomération,Hors intersection,Pluie légère,Sans collision,,,,,,,,,,,2,1,1,2,7
201500046269,0015-02-21 01:45:00,15,2,21,1,45,920,64,A13,,,Nuit avec éclairage allumé,Hors agglomération,Hors intersection,Normale,Sans collision,,,,,,,,,,,5,1,1,1,7
201500046270,0015-02-21 07:24:00,15,2,21,7,24,920,47,A13,,,Plein jour,Hors agglomération,Hors intersection,Normale,Autre collision,,,,,,,,,,,1,1,1,1,6
201500046271,0015-02-21 19:50:00,15,2,21,19,50,780,524,A13,,,Nuit sans éclairage public,Hors agglomération,Autre intersection,Temps couvert,Sans collision,,,,,,,,,,,3,1,9,8,7
201500046272,0015-02-22 01:30:00,15,2,22,1,30,780,640,N118,,,Nuit avec éclairage non allumé,Hors agglomération,Hors intersection,Normale,Autre collision,,,,,,,,,,,4,1,1,1,6
201500046273,0015-02-22 11:31:00,15,2,22,11,31,920,48,N118,,,Plein jour,Hors agglomération,Hors intersection,Normale,Sans collision,,,,,,,,,,,1,1,1,1,7
201500046274,0015-02-23 07:50:00,15,2,23,7,50,920,50,A86,,,Crépuscule ou aube,Hors agglomération,Hors intersection,Pluie légère,Sans collision,,,,,,,,,,,2,1,1,2,7
201500046275,0015-02-23 17:55:00,15,2,23,17,55,780,423,A12 Y,,,Plein jour,Hors agglomération,Hors intersection,Normale,Deux véhicules - arrière,,,,,,,,,,,1,1,1,1,2
201500046276,0015-02-24 09:15:00,15,2,24,9,15,920,48,N118,,,Plein jour,Hors agglomération,Hors intersection,Normale,Autre collision,,,,,,,,,,,1,1,1,1,6
201500046277,0015-02-24 09:16:00,15,2,24,9,16,780,455,A13,,,Plein jour,Hors agglomération,Hors intersection,Normale,Deux véhicules - arrière,,,,,,,,,,,1,1,1,1,2
201500046278,0015-02-24 10:15:00,15,2,24,10,15,780,545,A12 W,,,Plein jour,Hors agglomération,Hors intersection,Normale,Deux véhicules - frontale,,,,,,,,,,,1,1,1,1,1
201500046279,0015-02-24 18:24:00,15,2,24,18,24,920,62,RN1014 W,,,Plein jour,Hors agglomération,Hors intersection,Normale,Deux véhicules - arrière,,,,,,,,,,,1,1,1,1,2
201500046280,0015-02-26 08:58:00,15,2,26,8,58,920,36,A86,,,Plein jour,Hors agglomération,Hors intersection,Temps couvert,Trois véhicules et plus - en chaîne,,,,,,,,,,,1,1,1,8,4
201500046281,0015-02-27 09:50:00,15,2,27,9,50,780,7,A13W,,,Plein jour,Hors agglomération,Hors intersection,Normale,Trois véhicules et plus - en chaîne,,,,,,,,,,,1,1,1,1,4
201500046282,0015-02-27 11:19:00,15,2,27,11,19,780,571,A13,,,Plein jour,Hors agglomération,Hors intersection,Normale,Deux véhicules - arrière,,,,,,,,,,,1,1,1,1,2
201500046283,0015-02-27 11:58:00,15,2,27,11,58,780,43,A12 Y,,,Plein jour,Hors agglomération,Hors intersection,Normale,Autre collision,,,,,,,,,,,1,1,1,1,6
201500046284,0015-02-27 17:23:00,15,2,27,17,23,920,50,A86,,,Plein jour,Hors agglomération,Hors intersection,Normale,Deux véhicules - arrière,,,,,,,,,,,1,1,1,1,2
201500046285,0015-02-27 17:45:00,15,2,27,17,45,780,73,A12 W,,,Plein jour,Hors agglomération,Hors intersection,Normale,Deux véhicules - arrière,,,,,,,,,,,1,1,1,1,2
201500046286,0015-03-01 07:32:00,15,3,1,7,32,920,25,A86,,,Plein jour,Hors agglomération,Hors intersection,Temps couvert,Autre collision,,,,,,,,,,,1,1,1,8,6
201500046287,0015-03-02 09:00:00,15,3,2,9,0,780,43,A13W,,,Plein jour,Hors agglomération,Hors intersection,Normale,Deux véhicules - arrière,,,,,,,,,,,1,1,1,1,2
201500046288,0015-03-04 08:30:00,15,3,4,8,30,780,73,A12 Y,,,Plein jour,Hors agglomération,Hors intersection,Normale,Trois véhicules et plus - collisions multiples,,,,,,,,,,,1,1,1,1,5
201500046289,0015-03-04 13:50:00,15,3,4,13,50,920,4,RN315 W,,,Plein jour,Hors agglomération,Hors intersection,Normale,Trois véhicules et plus - en chaîne,,,,,,,,,,,1,1,1,1,4
201500046290,0015-03-06 09:05:00,15,3,6,9,5,780,322,A86 EXT,,,Plein jour,Hors agglomération,Hors intersection,Normale,Deux véhicules - frontale,,,,,,,,,,,1,1,1,1,1
201500046291,0015-03-06 09:23:00,15,3,6,9,23,780,43,A12 W,,,Plein jour,Hors agglomération,Hors intersection,Normale,Deux véhicules - arrière,,,,,,,,,,,1,1,1,1,2
201500046292,0015-03-06 12:03:00,15,3,6,12,3,780,466,A13,,,Plein jour,Hors agglomération,Hors intersection,Normale,Autre collision,,,,,,,,,,,1,1,1,1,6
201500046293,0015-03-06 13:10:00,15,3,6,13,10,780,43,A12 Y,,,Plein jour,Hors agglomération,Hors intersection,Normale,Deux véhicules - côté,,,,,,,,,,,1,1,1,1,3
201500046294,0015-03-07 20:37:00,15,3,7,20,37,920,12,A13,,,Nuit sans éclairage public,Hors agglomération,Hors intersection,Normale,Trois véhicules et plus - en chaîne,,,,,,,,,,,3,1,1,1,4
201500046295,0015-03-08 18:06:00,15,3,8,18,6,920,25,A86,,,Plein jour,Hors agglomération,Hors intersection,Normale,Deux véhicules - arrière,,,,,,,,,,,1,1,1,1,2
201500046296,0015-03-09 07:29:00,15,3,9,7,29,920,47,A13,,,Plein jour,Hors agglomération,Hors intersection,Temps couvert,Deux véhicules - côté,,,,,,,,,,,1,1,1,8,3
201500046297,0015-03-09 18:31:00,15,3,9,18,31,920,26,RN192,,,Plein jour,Hors agglomération,Hors intersection,Normale,Autre collision,,,,,,,,,,,1,1,1,1,6
201500046298,0015-03-09 21:30:00,15,3,9,21,30,780,43,A12 Y,,,Nuit sans éclairage public,Hors agglomération,Hors intersection,Normale,Autre collision,,,,,,,,,,,3,1,1,1,6
201500046299,0015-03-10 18:30:00,15,3,10,18,30,920,47,A13,,,Plein jour,Hors agglomération,Hors intersection,Normale,Deux véhicules - frontale,,,,,,,,,,,1,1,1,1,1
201500046300,0015-03-11 07:33:00,15,3,11,7,33,780,498,A13,,,Plein jour,Hors agglomération,Hors intersection,Normale,Trois véhicules et plus - en chaîne,,,,,,,,,,,1,1,1,1,4
201500046301,0015-03-12 15:18:00,15,3,12,15,18,780,90,A13,,,Plein jour,Hors agglomération,Hors intersection,Normale,Deux véhicules - côté,,,,,,,,,,,1,1,1,1,3
201500046302,0015-03-13 06:35:00,15,3,13,6,35,780,466,A13,,,Plein jour,Hors agglomération,Hors intersection,Normale,Deux véhicules - côté,,,,,,,,,,,1,1,1,1,3
201500046303,0015-03-13 06:40:00,15,3,13,6,40,780,466,A13,,,Nuit sans éclairage public,Hors agglomération,Hors intersection,Normale,Autre collision,,,,,,,,,,,3,1,1,1,6
201500046304,0015-03-13 07:50:00,15,3,13,7,50,920,47,A13,,,Plein jour,Hors agglomération,Hors intersection,Normale,Deux véhicules - arrière,,,,,,,,,,,1,1,1,1,2
201500046305,0015-03-16 09:30:00,15,3,16,9,30,780,423,RN12,,,Plein jour,Hors agglomération,Hors intersection,Normale,Autre collision,,,,,,,,,,,1,1,1,1,6
201500046306,0015-03-17 03:55:00,15,3,17,3,55,780,90,A13,,,Nuit sans éclairage public,Hors agglomération,Hors intersection,Normale,Deux véhicules - côté,,,,,,,,,,,3,1,1,1,3
201500046307,0015-03-17 08:50:00,15,3,17,8,50,920,12,A13,,,Plein jour,Hors agglomération,Hors intersection,Normale,Deux véhicules - arrière,,,,,,,,,,,1,1,1,1,2
201500046308,0015-03-18 08:45:00,15,3,18,8,45,780,43,A12 Y,,,Plein jour,Hors agglomération,Hors intersection,Normale,Deux véhicules - côté,,,,,,,,,,,1,1,1,1,3
201500046309,0015-03-19 08:15:00,15,3,19,8,15,920,72,N118,,,Plein jour,Hors agglomération,Hors intersection,Normale,Deux véhicules - arrière,,,,,,,,,,,1,1,1,1,2
201500046310,0015-03-19 10:05:00,15,3,19,10,5,920,64,A13,,,Plein jour,Hors agglomération,Hors intersection,Normale,Sans collision,,,,,,,,,,,1,1,1,1,7
201500046311,0015-03-20 07:55:00,15,3,20,7,55,920,36,RN315 Y,,,Plein jour,Hors agglomération,Hors intersection,Temps couvert,Deux véhicules - côté,,,,,,,,,,,1,1,1,8,3
201500046312,0015-03-23 13:30:00,15,3,23,13,30,920,72,N118,,,Plein jour,Hors agglomération,Hors intersection,Normale,Deux véhicules - arrière,,,,,,,,,,,1,1,1,1,2
201500046313,0015-03-24 18:57:00,15,3,24,18,57,920,47,A13,,,Plein jour,Hors agglomération,Hors intersection,Normale,Trois véhicules et plus - collisions multiples,,,,,,,,,,,1,1,1,1,5
201500046314,0015-03-25 08:10:00,15,3,25,8,10,780,423,N12W,,,Plein jour,Hors agglomération,Hors intersection,Pluie légère,Deux véhicules - arrière,,,,,,,,,,,1,1,1,2,2