accident_id,datetime,annee,mois,jour,heure,minute,departement,commune_insee,adresse,latitude,longitude,luminosite,agglomeration,intersection,meteo,collision,nb_vehicules,nb_usagers,nb_indemnes,nb_tues,nb_blesses_hosp,nb_blesses_legers,age_cond_1,age_cond_2,veh_type_cond_1,veh_type_cond_2,lum_code,agg_code,int_code,atm_code,col_code
201500046315,0015-03-26 07:11:00,15,3,26,7,11,920,63,A86,,,Plein jour,Hors agglomération,Hors intersection,Normale,Deux véhicules - côté,,,,,,,,,,,1,1,1,1,3
201500046316,0015-03-27 10:40:00,15,3,27,10,40,780,43,A12 Y,,,Plein jour,Hors agglomération,Hors intersection,Normale,Autre collision,,,,,,,,,,,1,1,1,1,6
201500046317,0015-03-27 16:10:00,15,3,27,16,10,780,640,A86 EXT,,,Plein jour,Hors agglomération,Hors intersection,Normale,Sans collision,,,,,,,,,,,1,1,1,1,7
201500046318,0015-03-28 10:25:00,15,3,28,10,25,920,47,A13,,,Plein jour,Hors agglomération,Hors intersection,Pluie légère,Trois véhicules et plus - collisions multiples,,,,,,,,,,,1,1,1,2,5
201500046319,0015-03-28 16:28:00,15,3,28,16,28,920,50,A86,,,Plein jour,Hors agglomération,Hors intersection,Normale,Deux véhicules - frontale,,,,,,,,,,,1,1,1,1,1
201500046320,0015-03-29 13:45:00,15,3,29,13,45,920,72,N118,,,Plein jour,Hors agglomération,Hors intersection,Pluie légère,Sans collision,,,,,,,,,,,1,1,1,2,7
201500046321,0015-03-30 09:17:00,15,3,30,9,17,780,524,A13,,,Plein jour,Hors agglomération,Hors intersection,Temps couvert,Deux véhicules - côté,,,,,,,,,,,1,1,1,8,3
201500046322,0015-03-31 12:20:00,15,3,31,12,20,920,64,A13,,,Plein jour,Hors agglomération,Hors intersection,Normale,Trois véhicules et plus - collisions multiples,,,,,,,,,,,1,1,1,1,5
201500046323,0015-03-31 12:30:00,15,3,31,12,30,780,571,A13,,,Plein jour,Hors agglomération,Hors intersection,Normale,Autre collision,,,,,,,,,,,1,1,1,1,6
201500046324,0015-03-31 18:50:00,15,3,31,18,50,920,36,A86,,,Plein jour,Hors agglomération,Hors intersection,Normale,Deux véhicules - côté,,,,,,,,,,,1,1,1,1,3
201500046325,0015-03-31 19:50:00,15,3,31,19,50,780,646,RN12,,,Plein jour,Hors agglomération,Hors intersection,Normale,Deux véhicules - côté,,,,,,,,,,,1,1,1,1,3
201500046326,0015-04-01 08:35:00,15,4,1,8,35,920,47,A13,,,Plein jour,Hors agglomération,Hors intersection,Normale,Deux véhicules - côté,,,,,,,,,,,1,1,1,1,3
201500046327,0015-04-01 09:20:00,15,4,1,9,20,920,47,A13,,,Plein jour,Hors agglomération,Hors intersection,Normale,Deux véhicules - côté,,,,,,,,,,,1,1,1,1,3
201500046328,0015-04-01 17:55:00,15,4,1,17,55,920,25,A86,,,Plein jour,Hors agglomération,Hors intersection,Normale,Deux véhicules - côté,,,,,,,,,,,1,1,1,1,3
201500046329,0015-04-02 09:10:00,15,4,2,9,10,920,51,RN13,,,Plein jour,Hors agglomération,Hors intersection,Normale,Deux véhicules - côté,,,,,,,,,,,1,1,1,1,3
201500046330,0015-03-24 07:45:00,15,3,24,7,45,780,646,RN12,,,Plein jour,Hors agglomération,Hors intersection,Normale,Deux véhicules - arrière,,,,,,,,,,,1,1,1,1,2
201500046331,0015-04-02 18:00:00,15,4,2,18,0,920,48,N118,,,Plein jour,Hors agglomération,Hors intersection,Pluie légère,Sans collision,,,,,,,,,,,1,1,1,2,7
201500046332,0015-04-03 16:50:00,15,4,3,16,50,780,640,N118,,,Plein jour,Hors agglomération,Hors intersection,Pluie légère,Deux véhicules - arrière,,,,,,,,,,,1,1,1,2,2
201500046333,0015-04-08 13:44:00,15,4,8,13,44,780,73,RN12 INT,,,Plein jour,Hors agglomération,Hors intersection,Normale,Trois véhicules et plus - en chaîne,,,,,,,,,,,1,1,1,1,4
201500046334,0015-04-08 15:05:00,15,4,8,15,5,920,50,A14,,,Plein jour,Hors agglomération,Hors intersection,Normale,Trois véhicules et plus - collisions multiples,,,,,,,,,,,1,1,1,1,5
201500046335,0015-04-08 20:07:00,15,4,8,20,7,780,238,A13,,,Plein jour,Hors agglomération,Hors intersection,Normale,Deux véhicules - arrière,,,,,,,,,,,1,1,1,1,2
201500046336,0015-04-09 13:50:00,15,4,9,13,50,780,43,A12 W,,,Plein jour,Hors agglomération,Hors intersection,Normale,Trois véhicules et plus - en chaîne,,,,,,,,,,,1,1,1,1,4
201500046337,0015-04-09 18:41:00,15,4,9,18,41,780,640,N118,,,Plein jour,Hors agglomération,Hors intersection,Normale,Trois véhicules et plus - collisions multiples,,,,,,,,,,,1,1,1,1,5
201500046338,0015-04-10 08:40:00,15,4,10,8,40,920,25,A86,,,Plein jour,Hors agglomération,Hors intersection,Normale,Sans collision,,,,,,,,,,,1,1,1,1,7
201500046339,0015-04-10 09:47:00,15,4,10,9,47,920,64,A13,,,Plein jour,Hors agglomération,Hors intersection,Normale,Trois véhicules et plus - en chaîne,,,,,,,,,,,1,1,1,1,4
201500046340,0015-04-10 16:34:00,15,4,10,16,34,780,133,A13,,,Plein jour,Hors agglomération,Hors intersection,Normale,Trois véhicules et plus - en chaîne,,,,,,,,,,,1,1,1,1,4
201500046341,0015-04-11 05:57:00,15,4,11,5,57,920,47,A13,,,Nuit sans éclairage public,Hors agglomération,Hors intersection,Pluie légère,Deux véhicules - arrière,,,,,,,,,,,3,1,1,2,2
201500046342,0015-04-11 17:45:00,15,4,11,17,45,780,291,A13,,,Plein jour,Hors agglomération,Hors intersection,Normale,Autre collision,,,,,,,,,,,1,1,1,1,6
201500046343,0015-04-15 13:23:00,15,4,15,13,23,780,43,A12 Y,,,Plein jour,Hors agglomération,Hors intersection,Normale,Deux véhicules - côté,,,,,,,,,,,1,1,1,1,3
201500046344,0015-04-16 17:30:00,15,4,16,17,30,920,12,A13,,,Plein jour,Hors agglomération,Hors intersection,Normale,Deux véhicules - côté,,,,,,,,,,,1,1,1,1,3
201500046345,0015-04-17 09:40:00,15,4,17,9,40,920,50,A14,,,Plein jour,Hors agglomération,Hors intersection,Normale,Deux véhicules - côté,,,,,,,,,,,1,1,1,1,3
201500046346,0015-04-17 10:00:00,15,4,17,10,0,920,36,A86,,,Plein jour,Hors agglomération,Hors intersection,Normale,Deux véhicules - arrière,,,,,,,,,,,1,1,1,1,2
201500046347,0015-04-17 17:27:00,15,4,17,17,27,780,238,A13,,,Plein jour,Hors agglomération,Hors intersection,Normale,Deux véhicules - frontale,,,,,,,,,,,1,1,1,1,1
201500046348,0015-04-17 19:25:00,15,4,17,19,25,780,29,A13W,,,Plein jour,Hors agglomération,Hors intersection,Normale,Deux véhicules - frontale,,,,,,,,,,,1,1,1,1,1
201500046349,0015-04-18 05:05:00,15,4,18,5,5,780,43,A12 Y,,,Nuit sans éclairage public,Hors agglomération,Hors intersection,Normale,Sans collision,,,,,,,,,,,3,1,1,1,7
201500046350,0015-04-19 13:17:00,15,4,19,13,17,920,47,A13,,,Plein jour,Hors agglomération,Hors intersection,Normale,Deux véhicules - arrière,,,,,,,,,,,1,1,1,1,2
201500046351,0015-04-20 21:20:00,15,4,20,21,20,780,423,N12W,,,Nuit avec éclairage non allumé,Hors agglomération,Hors intersection,Normale,Deux véhicules - arrière,,,,,,,,,,,4,1,1,1,2
201500046352,0015-04-21 09:15:00,15,4,21,9,15,920,36,A86,,,Plein jour,Hors agglomération,Hors intersection,Normale,Deux véhicules - frontale,,,,,,,,,,,1,1,1,1,1
201500046353,0015-04-21 09:32:00,15,4,21,9,32,920,64,A13,,,Plein jour,Hors agglomération,Hors intersection,Normale,Deux véhicules - frontale,,,,,,,,,,,1,1,1,1,1
201500046354,0015-04-21 15:36:00,15,4,21,15,36,920,72,N118,,,Plein jour,Hors agglomération,Hors intersection,Normale,Autre collision,,,,,,,,,,,1,1,1,1,6
201500046355,0015-04-21 18:55:00,15,4,21,18,55,920,47,A13,,,Plein jour,Hors agglomération,Hors intersection,Normale,Trois véhicules et plus - en chaîne,,,,,,,,,,,1,1,1,1,4
201500046356,0015-04-21 22:52:00,15,4,21,22,52,780,206,A13,,,Nuit sans éclairage public,Hors agglomération,Hors intersection,Normale,Autre collision,,,,,,,,,,,3,1,1,1,6
201500046357,0015-04-22 01:42:00,15,4,22,1,42,920,48,N118,,,Nuit sans éclairage public,Hors agglomération,Hors intersection,Normale,Autre collision,,,,,,,,,,,3,1,1,1,6
201500046358,0015-04-22 07:30:00,15,4,22,7,30,780,43,A12 W,,,Plein jour,Hors agglomération,Hors intersection,Normale,Deux véhicules - côté,,,,,,,,,,,1,1,1,1,3
201500046359,0015-04-22 09:40:00,15,4,22,9,40,920,51,N13,,,Plein jour,Hors agglomération,Hors intersection,Normale,Trois véhicules et plus - collisions multiples,,,,,,,,,,,1,1,1,1,5
201500046360,0015-04-22 18:05:00,15,4,22,18,5,920,47,A13,,,Plein jour,Hors agglomération,Hors intersection,Normale,Autre collision,,,,,,,,,,,1,1,1,1,6
201500046361,0015-04-22 19:05:00,15,4,22,19,5,780,545,A12 W,,,Plein jour,Hors agglomération,Hors intersection,Normale,Deux véhicules - côté,,,,,,,,,,,1,1,1,1,3
201500046362,0015-04-24 17:55:00,15,4,24,17,55,780,545,A12 W,,,Plein jour,Hors agglomération,Hors intersection,Normale,Deux véhicules - arrière,,,,,,,,,,,1,1,1,1,2
201500046363,0015-04-25 02:28:00,15,4,25,2,28,780,238,A13,,,Nuit avec éclairage allumé,Hors agglomération,Hors intersection,Pluie forte,Autre collision,,,,,,,,,,,5,1,1,3,6
201500046364,0015-04-25 10:32:00,15,4,25,10,32,780,402,A13,,,Plein jour,Hors agglomération,Hors intersection,Normale,Deux véhicules - arrière,,,,,,,,,,,1,1,1,1,2
201500046365,0015-04-25 12:25:00,15,4,25,12,25,780,431,A13,,,Plein jour,Hors agglomération,Hors intersection,Normale,Trois véhicules et plus - collisions multiples,,,,,,,,,,,1,1,1,1,5
201500046366,0015-04-28 14:40:00,15,4,28,14,40,780,90,A13,,,Plein jour,Hors agglomération,Hors intersection,Normale,Deux véhicules - arrière,,,,,,,,,,,1,1,1,1,2
201500046367,0015-04-28 21:50:00,15,4,28,21,50,780,646,RN12,,,Nuit sans éclairage public,Hors agglomération,Hors intersection,Normale,Autre collision,,,,,,,,,,,3,1,1,1,6
201500046368,0015-04-29 18:35:00,15,4,29,18,35,920,64,A13,,,Plein jour,Hors agglomération,Hors intersection,Normale,Trois véhicules et plus - en chaîne,,,,,,,,,,,1,1,1,1,4
201500046369,0015-04-30 17:00:00,15,4,30,17,0,780,423,RN12,,,Plein jour,Hors agglomération,Hors intersection,Pluie légère,Autre collision,,,,,,,,,,,1,1,1,2,6
201500046370,0015-04-30 17:58:00,15,4,30,17,58,780,423,RN12,,,Plein jour,Hors agglomération,Hors intersection,Normale,Autre collision,,,,,,,,,,,1,1,1,1,6
201500046371,0015-04-30 18:45:00,15,4,30,18,45,920,50,A86,,,Plein jour,Hors agglomération,Hors intersection,Pluie forte,Deux véhicules - côté,,,,,,,,,,,1,1,1,3,3
201500046372,0015-05-01 01:18:00,15,5,1,1,18,920,72,N118,,,Nuit avec éclairage allumé,Hors agglomération,Hors intersection,Pluie forte,Autre collision,,,,,,,,,,,5,1,1,3,6
201500046373,0015-05-01 06:34:00,15,5,1,6,34,920,48,N118,,,Nuit sans éclairage public,Hors agglomération,Hors intersection,Pluie légère,Autre collision,,,,,,,,,,,3,1,1,2,6
201500046374,0015-05-01 13:00:00,15,5,1,13,0,780,423,RN12,,,Plein jour,Hors agglomération,Hors intersection,Pluie légère,Autre collision,,,,,,,,,,,1,1,1,2,6
201500046375,0015-05-02 17:02:00,15,5,2,17,2,780,640,A86 EXT,,,Plein jour,Hors agglomération,Hors intersection,Pluie légère,Autre collision,,,,,,,,,,,1,1,1,2,6
201500046376,0015-05-03 06:12:00,15,5,3,6,12,780,322,RN12,,,Nuit sans éclairage public,Hors agglomération,Hors intersection,Pluie légère,Autre collision,,,,,,,,,,,3,1,1,2,6
201500046377,0015-05-03 11:15:00,15,5,3,11,15,920,64,N118,,,Plein jour,Hors agglomération,Hors intersection,Pluie légère,Autre collision,,,,,,,,,,,1,1,1,2,6
201500046378,0015-05-03 12:00:00,15,5,3,12,0,920,36,A86,,,Plein jour,Hors agglomération,Hors intersection,Pluie légère,Deux véhicules - frontale,,,,,,,,,,,1,1,1,2,1
201500046379,0015-05-03 15:52:00,15,5,3,15,52,920,36,A86,,,Plein jour,Hors agglomération,Hors intersection,Normale,Trois véhicules et plus - en chaîne,,,,,,,,,,,1,1,1,1,4
201500046380,0015-05-03 22:59:00,15,5,3,22,59,780,362,A13,,,Nuit sans éclairage public,Hors agglomération,Hors intersection,Normale,Sans collision,,,,,,,,,,,3,1,1,1,7
201500046381,0015-05-04 07:40:00,15,5,4,7,40,780,640,A86 EXT,,,Plein jour,Hors agglomération,Hors intersection,Normale,Trois véhicules et plus - collisions multiples,,,,,,,,,,,1,1,1,1,5
201500046382,0015-05-04 09:30:00,15,5,4,9,30,780,466,A13,,,Plein jour,Hors agglomération,Hors intersection,Normale,Trois véhicules et plus - en chaîne,,,,,,,,,,,1,1,1,1,4
201500046383,0015-05-04 09:30:00,15,5,4,9,30,920,50,A86,,,Plein jour,Hors agglomération,Hors intersection,Normale,Autre collision,,,,,,,,,,,1,1,1,1,6
201500046384,0015-05-05 08:31:00,15,5,5,8,31,780,490,RN12 EXT,,,Plein jour,Hors agglomération,Hors intersection,Normale,Sans collision,,,,,,,,,,,1,1,1,1,7
201500046385,0015-05-06 08:33:00,15,5,6,8,33,920,25,A86,,,Plein jour,Hors agglomération,Hors intersection,Normale,Sans collision,,,,,,,,,,,1,1,1,1,7
201500046386,0015-05-07 17:56:00,15,5,7,17,56,780,118,A13,,,Plein jour,Hors agglomération,Hors intersection,Normale,Autre collision,,,,,,,,,,,1,1,1,1,6
201500046387,0015-05-09 01:49:00,15,5,9,1,49,920,50,A14,,,Nuit avec éclairage allumé,Hors agglomération,Hors intersection,Normale,Deux véhicules - arrière,,,,,,,,,,,5,1,1,1,2
201500046388,0015-05-09 05:24:00,15,5,9,5,24,920,47,A13,,,Nuit sans éclairage public,Hors agglomération,Hors intersection,Normale,Deux véhicules - frontale,,,,,,,,,,,3,1,1,1,1
201500046389,0015-05-10 16:48:00,15,5,10,16,48,920,62,RN1014 W,,,Plein jour,Hors agglomération,Hors intersection,Normale,Deux véhicules - arrière,,,,,,,,,,,1,1,1,1,2
201500046390,0015-05-10 17:25:00,15,5,10,17,25,780,640,RN12 INT,,,Plein jour,Hors agglomération,Hors intersection,Normale,Autre collision,,,,,,,,,,,1,1,1,1,6
201500046391,0015-02-10 19:10:00,15,2,10,19,10,780,640,A86 EXT,,,Plein jour,Hors agglomération,Hors intersection,Normale,Trois véhicules et plus - collisions multiples,,,,,,,,,,,1,1,1,1,5
201500046392,0015-05-11 09:36:00,15,5,11,9,36,780,466,A13,,,Plein jour,Hors agglomération,Hors intersection,Normale,Sans collision,,,,,,,,,,,1,1,1,1,7
201500046393,0015-05-11 18:27:00,15,5,11,18,27,780,73,A12 Y,,,Plein jour,Hors agglomération,Hors intersection,Normale,Trois véhicules et plus - collisions multiples,,,,,,,,,,,1,1,1,1,5
201500046394,0015-05-11 21:57:00,15,5,11,21,57,780,217,A13,,,Nuit sans éclairage public,Hors agglomération,Hors intersection,Normale,Autre collision,,,,,,,,,,,3,1,1,1,6
201500046395,0015-05-12 17:30:00,15,5,12,17,30,780,640,N118,,,Plein jour,Hors agglomération,Hors intersection,Normale,Deux véhicules - côté,,,,,,,,,,,1,1,1,1,3
201500046396,0015-05-12 19:20:00,15,5,12,19,20,780,423,RN12,,,Plein jour,Hors agglomération,Hors intersection,Normale,Deux véhicules - arrière,,,,,,,,,,,1,1,1,1,2
201500046397,0015-05-13 14:24:00,15,5,13,14,24,780,640,N118,,,Plein jour,Hors agglomération,Hors intersection,Normale,Trois véhicules et plus - en chaîne,,,,,,,,,,,1,1,1,1,4
201500046398,0015-05-13 17:14:00,15,5,13,17,14,780,43,A12 W,,,Plein jour,Hors agglomération,Hors intersection,Normale,Trois véhicules et plus - en chaîne,,,,,,,,,,,1,1,1,1,4
201500046399,0015-05-13 17:56:00,15,5,13,17,56,920,48,N118,,,Plein jour,Hors agglomération,Hors intersection,Normale,Deux véhicules - côté,,,,,,,,,,,1,1,1,1,3
201500046400,0015-05-13 20:25:00,15,5,13,20,25,780,640,N118,,,Plein jour,Hors agglomération,Hors intersection,Normale,Deux véhicules - côté,,,,,,,,,,,1,1,1,1,3
201500046401,0015-05-14 00:13:00,15,5,14,0,13,780,297,RN12,,,Nuit avec éclairage non allumé,Hors agglomération,Hors intersection,Normale,Trois véhicules et plus - en chaîne,,,,,,,,,,,4,1,1,1,4
201500046402,0015-05-14 15:20:00,15,5,14,15,20,920,50,A86,,,Plein jour,Hors agglomération,Hors intersection,Normale,Deux véhicules - frontale,,,,,,,,,,,1,1,1,1,1
201500046403,0015-05-15 11:50:00,15,5,15,11,50,780,126,A13,,,Plein jour,Hors agglomération,Hors intersection,Normale,Deux véhicules - arrière,,,,,,,,,,,1,1,1,1,2
201500046404,0015-05-16 11:26:00,15,5,16,11,26,780,140,A13,,,Plein jour,Hors agglomération,Hors intersection,Normale,Sans collision,,,,,,,,,,,1,1,1,1,7
201500046405,0015-05-17 05:56:00,15,5,17,5,56,780,140,A13,,,Crépuscule ou aube,Hors agglomération,Hors intersection,Normale,Autre collision,,,,,,,,,,,2,1,1,1,6
201500046406,0015-05-17 06:30:00,15,5,17,6,30,920,47,A13,,,Crépuscule ou aube,Hors agglomération,Hors intersection,Normale,Deux véhicules - frontale,,,,,,,,,,,2,1,1,1,1
201500046407,0015-05-18 02:50:00,15,5,18,2,50,780,646,RN12,,,Nuit avec éclairage non allumé,Hors agglomération,Hors intersection,Normale,Autre collision,,,,,,,,,,,4,1,1,1,6
201500046408,0015-05-18 09:20:00,15,5,18,9,20,780,322,RN12 EXT,,,Plein jour,Hors agglomération,Hors intersection,Normale,Deux véhicules - côté,,,,,,,,,,,1,1,1,1,3
201500046409,0015-05-19 16:15:00,15,5,19,16,15,780,90,A13,,,Plein jour,Hors agglomération,Hors intersection,Pluie forte,Autre collision,,,,,,,,,,,1,1,1,3,6
201500046410,0015-05-20 09:22:00,15,5,20,9,22,920,64,A13,,,Plein jour,Hors agglomération,Hors intersection,Normale,Deux véhicules - arrière,,,,,,,,,,,1,1,1,1,2
201500046411,0015-05-20 10:42:00,15,5,20,10,42,920,23,RN385,,,Plein jour,Hors agglomération,Hors intersection,Normale,Trois véhicules et plus - en chaîne,,,,,,,,,,,1,1,1,1,4
201500046412,0015-05-21 12:15:00,15,5,21,12,15,780,73,RN12 INT,,,Plein jour,Hors agglomération,Hors intersection,Normale,Trois véhicules et plus - en chaîne,,,,,,,,,,,1,1,1,1,4
201500046413,0015-05-21 14:05:00,15,5,21,14,5,780,165,RN12 INT,,,Plein jour,Hors agglomération,Hors intersection,Normale,Deux véhicules - arrière,,,,,,,,,,,1,1,1,1,2
201500046414,0015-05-21 14:10:00,15,5,21,14,10,920,51,N13,,,Plein jour,Hors agglomération,Hors intersection,Normale,Deux véhicules - frontale,,,,,,,,,,,1,1,1,1,1
201500046415,0015-05-21 17:25:00,15,5,21,17,25,780,133,A13,,,Plein jour,Hors agglomération,Hors intersection,Normale,Trois véhicules et plus - collisions multiples,,,,,,,,,,,1,1,1,1,5
201500046416,0015-05-22 21:44:00,15,5,22,21,44,920,25,A86,,,Plein jour,Hors agglomération,Hors intersection,Normale,Trois véhicules et plus - en chaîne,,,,,,,,,,,1,1,1,1,4
201500046417,0015-05-22 22:30:00,15,5,22,22,30,780,321,RN12 INT,,,Nuit sans éclairage public,Hors agglomération,Hors intersection,Normale,Deux véhicules - arrière,,,,,,,,,,,3,1,1,1,2
201500046418,0015-05-23 00:02:00,15,5,23,0,2,780,165,RN12 EXT,,,Nuit sans éclairage public,Hors agglomération,Hors intersection,Normale,Autre collision,,,,,,,,,,,3,1,1,1,6
201500046419,0015-05-23 01:45:00,15,5,23,1,45,780,43,A12 W,,,Nuit sans éclairage public,Hors agglomération,Hors intersection,Normale,Autre collision,,,,,,,,,,,3,1,1,1,6
201500046420,0015-05-23 05:03:00,15,5,23,5,3,920,25,A86,,,Nuit sans éclairage public,Hors agglomération,Hors intersection,Normale,Sans collision,,,,,,,,,,,3,1,1,1,7
201500046421,0015-05-23 06:16:00,15,5,23,6,16,920,36,A86,,,Plein jour,Hors agglomération,Hors intersection,Normale,Autre collision,,,,,,,,,,,1,1,1,1,6
201500046422,0015-05-23 13:10:00,15,5,23,13,10,780,466,A13,,,Plein jour,Hors agglomération,Hors intersection,Normale,Autre collision,,,,,,,,,,,1,1,1,1,6
201500046423,0015-05-26 09:20:00,15,5,26,9,20,780,466,A13,,,Plein jour,Hors agglomération,Hors intersection,Normale,Deux véhicules - arrière,,,,,,,,,,,1,1,1,1,2
201500046424,0015-05-28 07:26:00,15,5,28,7,26,780,7,A13W,,,Plein jour,Hors agglomération,Hors intersection,Normale,Deux véhicules - frontale,,,,,,,,,,,1,1,1,1,1
201500046425,0015-05-29 11:22:00,15,5,29,11,22,780,423,A12 Y,,,Plein jour,Hors agglomération,Hors intersection,Normale,Autre collision,,,,,,,,,,,1,1,1,1,6
201500046426,0015-05-30 12:29:00,15,5,30,12,29,920,64,A13,,,Plein jour,Hors agglomération,Hors intersection,Normale,Deux véhicules - arrière,,,,,,,,,,,1,1,1,1,2
201500046427,0015-05-31 06:54:00,15,5,31,6,54,780,43,A12 Y,,,Plein jour,Hors agglomération,Hors intersection,Normale,Autre collision,,,,,,,,,,,1,1,1,1,6
201500046428,0015-05-31 14:35:00,15,5,31,14,35,780,402,A13,,,Plein jour,Hors agglomération,Hors intersection,Pluie légère,Autre collision,,,,,,,,,,,1,1,1,2,6
201500046429,0015-06-01 09:23:00,15,6,1,9,23,780,322,RN12 EXT,,,Plein jour,Hors agglomération,Hors intersection,Normale,Deux véhicules - frontale,,,,,,,,,,,1,1,1,1,1
201500046430,0015-06-01 16:30:00,15,6,1,16,30,920,50,A86,,,Plein jour,Hors agglomération,Hors intersection,Normale,Autre collision,,,,,,,,,,,1,1,1,1,6
201500046431,0015-06-01 17:30:00,15,6,1,17,30,780,362,A13,,,Plein jour,Hors agglomération,Hors intersection,Normale,Deux véhicules - arrière,,,,,,,,,,,1,1,1,1,2
201500046432,0015-06-02 08:35:00,15,6,2,8,35,920,48,N118,,,Plein jour,Hors agglomération,Hors intersection,Normale,Trois véhicules et plus - en chaîne,,,,,,,,,,,1,1,1,1,4
201500046433,0015-06-03 08:30:00,15,6,3,8,30,780,640,A86 EXT,,,Plein jour,Hors agglomération,Hors intersection,Normale,Sans collision,,,,,,,,,,,1,1,1,1,7
201500046434,0015-06-04 04:04:00,15,6,4,4,4,780,117,RN12,,,Nuit sans éclairage public,Hors agglomération,Hors intersection,Normale,Autre collision,,,,,,,,,,,3,1,1,1,6
201500046435,0015-06-04 08:06:00,15,6,4,8,6,780,640,A86 EXT,,,Plein jour,Hors agglomération,Hors intersection,Normale,Trois véhicules et plus - collisions multiples,,,,,,,,,,,1,1,1,1,5
201500046436,0015-06-04 09:04:00,15,6,4,9,4,920,12,A13,,,Plein jour,Hors agglomération,Hors intersection,Normale,Autre collision,,,,,,,,,,,1,1,1,1,6
201500046437,0015-06-04 09:46:00,15,6,4,9,46,780,423,A12 W,,,Plein jour,Hors agglomération,Hors intersection,Normale,Trois véhicules et plus - collisions multiples,,,,,,,,,,,1,1,1,1,5
201500046438,0015-06-05 10:15:00,15,6,5,10,15,920,62,RN1013,,,Plein jour,Hors agglomération,Hors intersection,Normale,Autre collision,,,,,,,,,,,1,1,1,1,6
201500046439,0015-06-05 13:24:00,15,6,5,13,24,780,490,RN12 EXT,,,Plein jour,Hors agglomération,Hors intersection,Normale,Sans collision,,,,,,,,,,,1,1,1,1,7
201500046440,0015-06-05 16:44:00,15,6,5,16,44,920,64,A13,,,Plein jour,Hors agglomération,Hors intersection,Normale,Deux véhicules - arrière,,,,,,,,,,,1,1,1,1,2
201500046441,0015-06-06 10:08:00,15,6,6,10,8,780,431,A13,,,Plein jour,Hors agglomération,Hors intersection,Normale,Autre collision,,,,,,,,,,,1,1,1,1,6
201500046442,0015-06-06 13:17:00,15,6,6,13,17,780,140,A13,,,Plein jour,Hors agglomération,Hors intersection,Normale,Trois véhicules et plus - en chaîne,,,,,,,,,,,1,1,1,1,4
201500046443,0015-06-06 18:50:00,15,6,6,18,50,920,72,N118,,,Plein jour,Hors agglomération,Hors intersection,Normale,Sans collision,,,,,,,,,,,1,1,1,1,7
201500046444,0015-06-07 13:41:00,15,6,7,13,41,780,402,A13,,,Plein jour,Hors agglomération,Hors intersection,Normale,Autre collision,,,,,,,,,,,1,1,1,1,6
201500046445,0015-06-08 06:12:00,15,6,8,6,12,780,43,A12 Y,,,Plein jour,Hors agglomération,Hors intersection,Normale,Autre collision,,,,,,,,,,,1,1,1,1,6
201500046446,0015-06-08 10:00:00,15,6,8,10,0,780,524,A13,,,Plein jour,Hors agglomération,Hors intersection,Normale,Trois véhicules et plus - en chaîne,,,,,,,,,,,1,1,1,1,4
201500046447,0015-06-09 07:55:00,15,6,9,7,55,780,672,A13,,,Plein jour,Hors agglomération,Hors intersection,Normale,Trois véhicules et plus - en chaîne,,,,,,,,,,,1,1,1,1,4
201500046448,0015-06-09 08:51:00,15,6,9,8,51,920,50,A86,,,Plein jour,Hors agglomération,Hors intersection,Normale,Deux véhicules - arrière,,,,,,,,,,,1,1,1,1,2
201500046449,0015-06-09 09:09:00,15,6,9,9,9,920,25,A86,,,Plein jour,Hors agglomération,Hors intersection,Normale,Deux véhicules - frontale,,,,,,,,,,,1,1,1,1,1
201500046450,0015-06-10 09:10:00,15,6,10,9,10,780,640,A86 EXT,,,Plein jour,Hors agglomération,Hors intersection,Normale,Deux véhicules - arrière,,,,,,,,,,,1,1,1,1,2
201500046451,0015-06-11 01:05:00,15,6,11,1,5,780,322,RN12 EXT,,,Nuit sans éclairage public,Hors agglomération,Hors intersection,Normale,Deux véhicules - côté,,,,,,,,,,,3,1,1,1,3
201500046452,0015-06-11 09:38:00,15,6,11,9,38,920,48,N118,,,Plein jour,Hors agglomération,Hors intersection,Normale,Sans collision,,,,,,,,,,,1,1,1,1,7
201500046453,0015-06-11 18:47:00,15,6,11,18,47,920,50,A86,,,Plein jour,Hors agglomération,Hors intersection,Normale,Autre collision,,,,,,,,,,,1,1,1,1,6
201500046454,0015-06-12 08:03:00,15,6,12,8,3,780,402,A13,,,Plein jour,Hors agglomération,Hors intersection,Normale,Deux véhicules - arrière,,,,,,,,,,,1,1,1,1,2
201500046455,0015-06-12 09:03:00,15,6,12,9,3,780,217,A13,,,Plein jour,Hors agglomération,Hors intersection,Normale,Deux véhicules - arrière,,,,,,,,,,,1,1,1,1,2
201500046456,0015-06-12 09:03:00,15,6,12,9,3,780,431,A13,,,Plein jour,Hors agglomération,Hors intersection,Normale,Trois véhicules et plus - en chaîne,,,,,,,,,,,1,1,1,1,4
201500046457,0015-06-12 10:20:00,15,6,12,10,20,780,126,A13,,,Plein jour,Hors agglomération,Hors intersection,Normale,Deux véhicules - arrière,,,,,,,,,,,1,1,1,1,2
201500046458,0015-06-12 16:34:00,15,6,12,16,34,780,242,A12 Y,,,Plein jour,Hors agglomération,Hors intersection,Normale,Trois véhicules et plus - collisions multiples,,,,,,,,,,,1,1,1,1,5