accident_id,datetime,annee,mois,jour,heure,minute,departement,commune_insee,adresse,latitude,longitude,luminosite,agglomeration,intersection,meteo,collision,nb_vehicules,nb_usagers,nb_indemnes,nb_tues,nb_blesses_hosp,nb_blesses_legers,age_cond_1,age_cond_2,veh_type_cond_1,veh_type_cond_2,lum_code,agg_code,int_code,atm_code,col_code
201500046602,0015-08-28 13:55:00,15,8,28,13,55,920,60,RN385,,,Plein jour,Hors agglomération,Hors intersection,Normale,Autre collision,,,,,,,,,,,1,1,1,1,6
201500046603,0015-08-31 12:30:00,15,8,31,12,30,780,291,A13,,,Plein jour,Hors agglomération,Hors intersection,Normale,Autre collision,,,,,,,,,,,1,1,1,1,6
201500046604,0015-08-31 18:38:00,15,8,31,18,38,920,23,RN385,,,Plein jour,Hors agglomération,Hors intersection,Normale,Trois véhicules et plus - en chaîne,,,,,,,,,,,1,1,1,1,4
201500046605,0015-09-01 11:23:00,15,9,1,11,23,920,64,A13,,,Plein jour,Hors agglomération,Hors intersection,Normale,Autre collision,,,,,,,,,,,1,1,1,1,6
201500046606,0015-09-02 14:44:00,15,9,2,14,44,780,524,A13,,,Plein jour,Hors agglomération,Hors intersection,Normale,Trois véhicules et plus - collisions multiples,,,,,,,,,,,1,1,1,1,5
201500046607,0015-09-03 09:38:00,15,9,3,9,38,920,47,A13,,,Plein jour,Hors agglomération,Hors intersection,Normale,Trois véhicules et plus - en chaîne,,,,,,,,,,,1,1,1,1,4
201500046608,0015-09-03 12:05:00,15,9,3,12,5,780,423,A12 W,,,Plein jour,Hors agglomération,Hors intersection,Normale,Deux véhicules - arrière,,,,,,,,,,,1,1,1,1,2
201500046609,0015-09-03 17:00:00,15,9,3,17,0,780,238,A13,,,Plein jour,Hors agglomération,Hors intersection,Normale,Autre collision,,,,,,,,,,,1,1,1,1,6
201500046610,0015-09-04 05:07:00,15,9,4,5,7,780,43,A12 Y,,,Nuit sans éclairage public,Hors agglomération,Hors intersection,Normale,Autre collision,,,,,,,,,,,3,1,1,1,6
201500046611,0015-09-04 11:57:00,15,9,4,11,57,920,62,RN1014 W,,,Plein jour,Hors agglomération,Hors intersection,Normale,Trois véhicules et plus - en chaîne,,,,,,,,,,,1,1,1,1,4
201500046612,0015-09-05 14:55:00,15,9,5,14,55,920,36,A86,,,Plein jour,Hors agglomération,Hors intersection,Normale,Deux véhicules - frontale,,,,,,,,,,,1,1,1,1,1
201500046613,0015-09-05 20:05:00,15,9,5,20,5,920,36,RN315 W,,,Plein jour,Hors agglomération,Hors intersection,Pluie légère,Deux véhicules - arrière,,,,,,,,,,,1,1,1,2,2
201500046614,0015-09-07 08:37:00,15,9,7,8,37,780,640,A86 EXT,,,Plein jour,Hors agglomération,Hors intersection,Normale,Deux véhicules - arrière,,,,,,,,,,,1,1,1,1,2
201500046615,0015-09-07 19:15:00,15,9,7,19,15,920,50,A86,,,Plein jour,Hors agglomération,Hors intersection,Normale,Deux véhicules - arrière,,,,,,,,,,,1,1,1,1,2
201500046616,0015-09-08 09:25:00,15,9,8,9,25,920,62,RN1014 W,,,Plein jour,Hors agglomération,Hors intersection,Normale,Deux véhicules - arrière,,,,,,,,,,,1,1,1,1,2
201500046617,0015-09-08 20:39:00,15,9,8,20,39,920,12,A13,,,Nuit avec éclairage allumé,Hors agglomération,Hors intersection,Normale,Trois véhicules et plus - collisions multiples,,,,,,,,,,,5,1,1,1,5
201500046618,0015-09-09 17:25:00,15,9,9,17,25,780,43,A12 W,,,Plein jour,Hors agglomération,Hors intersection,Normale,Deux véhicules - arrière,,,,,,,,,,,1,1,1,1,2
201500046619,0015-09-10 08:06:00,15,9,10,8,6,780,490,RN12 EXT,,,Plein jour,Hors agglomération,Hors intersection,Normale,Deux véhicules - côté,,,,,,,,,,,1,1,1,1,3
201500046620,0015-09-11 10:48:00,15,9,11,10,48,780,242,A12 W,,,Plein jour,Hors agglomération,Hors intersection,Normale,Deux véhicules - côté,,,,,,,,,,,1,1,1,1,3
201500046621,0015-09-11 15:55:00,15,9,11,15,55,920,25,A86,,,Plein jour,Hors agglomération,Hors intersection,Normale,Trois véhicules et plus - collisions multiples,,,,,,,,,,,1,1,1,1,5
201500046622,0015-09-11 19:52:00,15,9,11,19,52,920,51,N13,,,Plein jour,Hors agglomération,Hors intersection,Normale,Deux véhicules - arrière,,,,,,,,,,,1,1,1,1,2
201500046623,0015-09-11 20:07:00,15,9,11,20,7,780,217,A13,,,Nuit sans éclairage public,Hors agglomération,Hors intersection,Pluie légère,Trois véhicules et plus - collisions multiples,,,,,,,,,,,3,1,1,2,5
201500046624,0015-09-12 13:06:00,15,9,12,13,6,780,321,RN12 INT,,,Plein jour,Hors agglomération,Hors intersection,Pluie forte,Autre collision,,,,,,,,,,,1,1,1,3,6
201500046625,0015-09-12 15:15:00,15,9,12,15,15,780,423,RN12,,,Plein jour,Hors agglomération,Hors intersection,Normale,Deux véhicules - frontale,,,,,,,,,,,1,1,1,1,1
201500046626,0015-09-12 19:00:00,15,9,12,19,0,920,64,A13,,,Plein jour,Hors agglomération,Hors intersection,Normale,Trois véhicules et plus - collisions multiples,,,,,,,,,,,1,1,1,1,5
201500046627,0015-09-12 19:18:00,15,9,12,19,18,780,640,N118,,,Plein jour,Hors agglomération,Hors intersection,Normale,Deux véhicules - frontale,,,,,,,,,,,1,1,1,1,1
201500046628,0015-09-12 20:11:00,15,9,12,20,11,780,73,RN12 INT,,,Plein jour,Hors agglomération,Hors intersection,Pluie légère,Autre collision,,,,,,,,,,,1,1,1,2,6
201500046629,0015-09-13 05:50:00,15,9,13,5,50,780,402,A13,,,Nuit sans éclairage public,Hors agglomération,Hors intersection,Normale,Deux véhicules - frontale,,,,,,,,,,,3,1,1,1,1
201500046630,0015-09-13 14:45:00,15,9,13,14,45,780,90,A13,,,Plein jour,Hors agglomération,Hors intersection,Pluie légère,Autre collision,,,,,,,,,,,1,1,1,2,6
201500046631,0015-09-13 20:25:00,15,9,13,20,25,780,321,RN12 INT,,,Nuit avec éclairage allumé,Hors agglomération,Hors intersection,Normale,Autre collision,,,,,,,,,,,5,1,1,1,6
201500046632,0015-09-14 06:53:00,15,9,14,6,53,780,640,N118,,,Crépuscule ou aube,Hors agglomération,Hors intersection,Pluie légère,Sans collision,,,,,,,,,,,2,1,1,2,7
201500046633,0015-09-14 16:38:00,15,9,14,16,38,920,72,N118,,,Plein jour,Hors agglomération,Hors intersection,Normale,Deux véhicules - arrière,,,,,,,,,,,1,1,1,1,2
201500046634,0015-09-14 19:12:00,15,9,14,19,12,920,64,A13,,,Plein jour,Hors agglomération,Hors intersection,Temps couvert,Sans collision,,,,,,,,,,,1,1,1,8,7
201500046635,0015-09-15 09:25:00,15,9,15,9,25,780,551,A14,,,Plein jour,Hors agglomération,Hors intersection,Normale,Trois véhicules et plus - en chaîne,,,,,,,,,,,1,1,1,1,4
201500046636,0015-09-15 16:44:00,15,9,15,16,44,780,133,A13,,,Plein jour,Hors agglomération,Hors intersection,Normale,Trois véhicules et plus - en chaîne,,,,,,,,,,,1,1,1,1,4
201500046637,0015-09-16 12:25:00,15,9,16,12,25,780,7,A13W,,,Plein jour,Hors agglomération,Hors intersection,Pluie forte,Sans collision,,,,,,,,,,,1,1,1,3,7
201500046638,0015-09-16 18:34:00,15,9,16,18,34,750,116,A13Y,,,Plein jour,Hors agglomération,Hors intersection,Normale,Deux véhicules - arrière,,,,,,,,,,,1,1,1,1,2
201500046639,0015-09-17 09:01:00,15,9,17,9,1,780,498,A14,,,Plein jour,Hors agglomération,Hors intersection,Temps couvert,Deux véhicules - arrière,,,,,,,,,,,1,1,1,8,2
201500046640,0015-09-19 03:53:00,15,9,19,3,53,920,63,A86,,,Nuit sans éclairage public,Hors agglomération,Hors intersection,Normale,Autre collision,,,,,,,,,,,3,1,1,1,6
201500046641,0015-09-20 18:20:00,15,9,20,18,20,780,640,A86 INT,,,Plein jour,Hors agglomération,Hors intersection,Normale,Deux véhicules - arrière,,,,,,,,,,,1,1,1,1,2
201500046642,0015-09-21 00:10:00,15,9,21,0,10,780,498,A13,,,Nuit sans éclairage public,Hors agglomération,Hors intersection,Normale,Sans collision,,,,,,,,,,,3,1,1,1,7
201500046643,0015-09-21 08:15:00,15,9,21,8,15,920,76,A13,,,Plein jour,Hors agglomération,Hors intersection,Normale,Autre collision,,,,,,,,,,,1,1,1,1,6
201500046644,0015-09-21 07:50:00,15,9,21,7,50,780,640,A86 EXT,,,Plein jour,Hors agglomération,Hors intersection,Normale,Trois véhicules et plus - en chaîne,,,,,,,,,,,1,1,1,1,4
201500046645,0015-09-21 08:15:00,15,9,21,8,15,780,524,A13,,,Plein jour,Hors agglomération,Hors intersection,Normale,Deux véhicules - côté,,,,,,,,,,,1,1,1,1,3
201500046646,0015-09-21 18:52:00,15,9,21,18,52,780,423,N12W,,,Plein jour,Hors agglomération,Hors intersection,Normale,Deux véhicules - côté,,,,,,,,,,,1,1,1,1,3
201500046647,0015-09-22 05:52:00,15,9,22,5,52,780,73,RN12 INT,,,Nuit sans éclairage public,Hors agglomération,Hors intersection,Normale,Deux véhicules - côté,,,,,,,,,,,3,1,1,1,3
201500046648,0015-09-22 17:40:00,15,9,22,17,40,780,362,A13,,,Plein jour,Hors agglomération,Hors intersection,Pluie légère,Trois véhicules et plus - collisions multiples,,,,,,,,,,,1,1,1,2,5
201500046649,0015-09-23 14:49:00,15,9,23,14,49,780,43,A12 W,,,Plein jour,Hors agglomération,Hors intersection,Normale,Trois véhicules et plus - en chaîne,,,,,,,,,,,1,1,1,1,4
201500046650,0015-09-23 17:09:00,15,9,23,17,9,920,25,A86,,,Plein jour,Hors agglomération,Hors intersection,Normale,Deux véhicules - côté,,,,,,,,,,,1,1,1,1,3
201500046651,0015-09-23 19:15:00,15,9,23,19,15,920,50,A86,,,Plein jour,Hors agglomération,Hors intersection,Normale,Trois véhicules et plus - en chaîne,,,,,,,,,,,1,1,1,1,4
201500046652,0015-09-23 23:16:00,15,9,23,23,16,920,72,N118,,,Nuit avec éclairage allumé,Hors agglomération,Hors intersection,Normale,Deux véhicules - arrière,,,,,,,,,,,5,1,1,1,2
201500046653,0015-09-24 09:34:00,15,9,24,9,34,780,73,A12 Y,,,Plein jour,Hors agglomération,Hors intersection,Normale,Trois véhicules et plus - en chaîne,,,,,,,,,,,1,1,1,1,4
201500046654,0015-09-25 00:33:00,15,9,25,0,33,920,36,A86,,,Nuit sans éclairage public,Hors agglomération,Hors intersection,Normale,Autre collision,,,,,,,,,,,3,1,1,1,6
201500046655,0015-09-25 06:50:00,15,9,25,6,50,920,64,A13,,,Nuit sans éclairage public,Hors agglomération,Hors intersection,Normale,Trois véhicules et plus - collisions multiples,,,,,,,,,,,3,1,1,1,5
201500046656,0015-09-25 10:25:00,15,9,25,10,25,920,25,A86,,,Plein jour,Hors agglomération,Hors intersection,Normale,Deux véhicules - arrière,,,,,,,,,,,1,1,1,1,2
201500046657,0015-09-26 10:55:00,15,9,26,10,55,780,455,A13,,,Plein jour,Hors agglomération,Hors intersection,Normale,Autre collision,,,,,,,,,,,1,1,1,1,6
201500046658,0015-09-26 19:13:00,15,9,26,19,13,920,47,A13,,,Plein jour,Hors agglomération,Hors intersection,Normale,Trois véhicules et plus - collisions multiples,,,,,,,,,,,1,1,1,1,5
201500046659,0015-09-27 02:38:00,15,9,27,2,38,780,362,A13,,,Nuit avec éclairage allumé,Hors agglomération,Hors intersection,Normale,Deux véhicules - frontale,,,,,,,,,,,5,1,1,1,1
201500046660,0015-09-28 08:00:00,15,9,28,8,0,780,490,RN12 INT,,,Plein jour,Hors agglomération,Hors intersection,Normale,Trois véhicules et plus - collisions multiples,,,,,,,,,,,1,1,1,1,5
201500046661,0015-09-28 09:15:00,15,9,28,9,15,780,418,A14,,,Plein jour,Hors agglomération,Hors intersection,Temps éblouissant,Deux véhicules - arrière,,,,,,,,,,,1,1,1,7,2
201500046662,0015-09-29 06:20:00,15,9,29,6,20,780,7,A13W,,,Nuit sans éclairage public,Hors agglomération,Hors intersection,Normale,Deux véhicules - arrière,,,,,,,,,,,3,1,1,1,2
201500046663,0015-09-29 08:24:00,15,9,29,8,24,920,23,RN186,,,Plein jour,Hors agglomération,Hors intersection,Normale,Deux véhicules - arrière,,,,,,,,,,,1,1,1,1,2
201500046664,0015-09-29 08:53:00,15,9,29,8,53,780,7,A13W,,,Crépuscule ou aube,Hors agglomération,Hors intersection,Normale,Deux véhicules - frontale,,,,,,,,,,,2,1,1,1,1
201500046665,0015-09-29 09:36:00,15,9,29,9,36,780,640,A86 INT,,,Plein jour,Hors agglomération,Hors intersection,Normale,Deux véhicules - arrière,,,,,,,,,,,1,1,1,1,2
201500046666,0015-09-29 09:16:00,15,9,29,9,16,920,50,A14,,,Plein jour,Hors agglomération,Hors intersection,Normale,Trois véhicules et plus - collisions multiples,,,,,,,,,,,1,1,1,1,5
201500046667,0015-09-29 10:00:00,15,9,29,10,0,920,50,A86,,,Plein jour,Hors agglomération,Hors intersection,Normale,Deux véhicules - frontale,,,,,,,,,,,1,1,1,1,1
201500046668,0015-09-29 10:00:00,15,9,29,10,0,920,50,A86,,,Plein jour,Hors agglomération,Hors intersection,Normale,Deux véhicules - frontale,,,,,,,,,,,1,1,1,1,1
201500046669,0015-09-29 19:30:00,15,9,29,19,30,920,36,A86,,,Plein jour,Hors agglomération,Hors intersection,Normale,Deux véhicules - arrière,,,,,,,,,,,1,1,1,1,2
201500046670,0015-09-29 21:09:00,15,9,29,21,9,920,25,A86,,,Nuit avec éclairage non allumé,Hors agglomération,Hors intersection,Normale,Trois véhicules et plus - en chaîne,,,,,,,,,,,4,1,1,1,4
201500046671,0015-09-30 10:35:00,15,9,30,10,35,920,36,A86,,,Plein jour,Hors agglomération,Hors intersection,Normale,Trois véhicules et plus - en chaîne,,,,,,,,,,,1,1,1,1,4
201500046672,0015-09-30 16:00:00,15,9,30,16,0,780,133,A13,,,Plein jour,Hors agglomération,Hors intersection,Normale,Autre collision,,,,,,,,,,,1,1,1,1,6
201500046673,0015-10-01 08:55:00,15,10,1,8,55,780,640,RN12 INT,,,Plein jour,Hors agglomération,Hors intersection,Normale,Deux véhicules - côté,,,,,,,,,,,1,1,1,1,3
201500046674,0015-10-01 10:00:00,15,10,1,10,0,920,50,A86,,,Plein jour,Hors agglomération,Hors intersection,Normale,Deux véhicules - côté,,,,,,,,,,,1,1,1,1,3
201500046675,0015-10-01 18:40:00,15,10,1,18,40,750,116,A13Y,,,Plein jour,Hors agglomération,Hors intersection,Normale,Deux véhicules - frontale,,,,,,,,,,,1,1,1,1,1
201500046676,0015-10-02 07:52:00,15,10,2,7,52,780,73,N12Y,,,Plein jour,Hors agglomération,Hors intersection,Normale,Trois véhicules et plus - collisions multiples,,,,,,,,,,,1,1,1,1,5
201500046677,0015-10-02 08:38:00,15,10,2,8,38,780,418,A14,,,Plein jour,Hors agglomération,Hors intersection,Normale,Deux véhicules - côté,,,,,,,,,,,1,1,1,1,3
201500046678,0015-10-02 09:45:00,15,10,2,9,45,780,545,A12 Y,,,Plein jour,Hors agglomération,Hors intersection,Normale,Trois véhicules et plus - en chaîne,,,,,,,,,,,1,1,1,1,4
201500046679,0015-10-02 20:55:00,15,10,2,20,55,920,25,A86,,,Nuit avec éclairage allumé,Hors agglomération,Hors intersection,Normale,Deux véhicules - arrière,,,,,,,,,,,5,1,1,1,2
201500046680,0015-10-03 15:52:00,15,10,3,15,52,920,25,A86,,,Plein jour,Hors agglomération,Hors intersection,Normale,Deux véhicules - côté,,,,,,,,,,,1,1,1,1,3
201500046681,0015-10-03 17:28:00,15,10,3,17,28,780,140,A13,,,Plein jour,Hors agglomération,Hors intersection,Normale,Trois véhicules et plus - collisions multiples,,,,,,,,,,,1,1,1,1,5
201500046682,0015-10-03 18:02:00,15,10,3,18,2,780,545,A12 W,,,Plein jour,Hors agglomération,Hors intersection,Normale,Sans collision,,,,,,,,,,,1,1,1,1,7
201500046683,0015-10-03 21:00:00,15,10,3,21,0,920,50,A86,,,Nuit avec éclairage non allumé,Hors agglomération,Hors intersection,Normale,Deux véhicules - arrière,,,,,,,,,,,4,1,1,1,2
201500046684,0015-10-05 03:18:00,15,10,5,3,18,780,646,RN12,,,Nuit avec éclairage non allumé,Hors agglomération,Hors intersection,Normale,Sans collision,,,,,,,,,,,4,1,1,1,7
201500046685,0015-10-06 08:39:00,15,10,6,8,39,920,64,A13,,,Plein jour,Hors agglomération,Hors intersection,Pluie forte,Deux véhicules - arrière,,,,,,,,,,,1,1,1,3,2
201500046686,0015-10-06 10:18:00,15,10,6,10,18,920,36,A86,,,Plein jour,Hors agglomération,Hors intersection,Normale,Sans collision,,,,,,,,,,,1,1,1,1,7
201500046687,0015-10-06 10:47:00,15,10,6,10,47,780,545,A12 W,,,Plein jour,Hors agglomération,Hors intersection,Pluie légère,Deux véhicules - arrière,,,,,,,,,,,1,1,1,2,2
201500046688,0015-10-06 11:40:00,15,10,6,11,40,920,62,RN1014 W,,,Plein jour,Hors agglomération,Hors intersection,Normale,Autre collision,,,,,,,,,,,1,1,1,1,6
201500046689,0015-10-07 07:35:00,15,10,7,7,35,780,90,A13,,,Plein jour,Hors agglomération,Hors intersection,Normale,Deux véhicules - côté,,,,,,,,,,,1,1,1,1,3
201500046690,0015-10-07 07:56:00,15,10,7,7,56,780,423,A12 Y,,,Plein jour,Hors agglomération,Hors intersection,Normale,Deux véhicules - arrière,,,,,,,,,,,1,1,1,1,2
201500046691,0015-10-07 18:25:00,15,10,7,18,25,780,431,A13,,,Plein jour,Hors agglomération,Hors intersection,Normale,Deux véhicules - arrière,,,,,,,,,,,1,1,1,1,2
201500046692,0015-10-08 06:46:00,15,10,8,6,46,780,402,A13,,,Nuit sans éclairage public,Hors agglomération,Hors intersection,Normale,Autre collision,,,,,,,,,,,3,1,1,1,6
201500046693,0015-10-09 14:50:00,15,10,9,14,50,920,25,A86,,,Plein jour,Hors agglomération,Hors intersection,Normale,Trois véhicules et plus - collisions multiples,,,,,,,,,,,1,1,1,1,5
201500046694,0015-10-09 15:57:00,15,10,9,15,57,780,206,A13,,,Plein jour,Hors agglomération,Hors intersection,Normale,Deux véhicules - arrière,,,,,,,,,,,1,1,1,1,2
201500046695,0015-10-09 19:40:00,15,10,9,19,40,780,43,A12 W,,,Crépuscule ou aube,Hors agglomération,Hors intersection,Normale,Deux véhicules - côté,,,,,,,,,,,2,1,1,1,3
201500046696,0015-10-10 17:02:00,15,10,10,17,2,780,455,A13,,,Plein jour,Hors agglomération,Hors intersection,Normale,Autre collision,,,,,,,,,,,1,1,1,1,6
201500046697,0015-10-10 20:10:00,15,10,10,20,10,920,64,A13,,,Nuit avec éclairage allumé,Hors agglomération,Hors intersection,Normale,Sans collision,,,,,,,,,,,5,1,1,1,7
201500046698,0015-10-12 07:53:00,15,10,12,7,53,780,43,A12 W,,,Plein jour,Hors agglomération,Hors intersection,Normale,Deux véhicules - arrière,,,,,,,,,,,1,1,1,1,2
201500046699,0015-10-12 08:45:00,15,10,12,8,45,780,466,A13,,,Plein jour,Hors agglomération,Hors intersection,Normale,Deux véhicules - frontale,,,,,,,,,,,1,1,1,1,1
201500046700,0015-10-12 18:20:00,15,10,12,18,20,780,133,A14,,,Plein jour,Hors agglomération,Hors intersection,Normale,Autre collision,,,,,,,,,,,1,1,1,1,6
201500046701,0015-10-13 08:54:00,15,10,13,8,54,920,36,A86,,,Plein jour,Hors agglomération,Hors intersection,Normale,Deux véhicules - arrière,,,,,,,,,,,1,1,1,1,2
201500046702,0015-10-13 09:58:00,15,10,13,9,58,920,51,RN13,,,Plein jour,Hors agglomération,Hors intersection,Normale,Trois véhicules et plus - collisions multiples,,,,,,,,,,,1,1,1,1,5
201500046703,0015-10-13 10:40:00,15,10,13,10,40,780,640,A86 EXT,,,Plein jour,Hors agglomération,Hors intersection,Normale,Sans collision,,,,,,,,,,,1,1,1,1,7
201500046704,0015-10-13 18:20:00,15,10,13,18,20,780,640,N118,,,Plein jour,Hors agglomération,Hors intersection,Normale,Deux véhicules - frontale,,,,,,,,,,,1,1,1,1,1
201500046705,0015-10-14 08:30:00,15,10,14,8,30,780,431,A13,,,Plein jour,Hors agglomération,Hors intersection,Normale,Deux véhicules - côté,,,,,,,,,,,1,1,1,1,3
201500046706,0015-10-14 09:30:00,15,10,14,9,30,780,498,A13,,,Plein jour,Hors agglomération,Hors intersection,Normale,Autre collision,,,,,,,,,,,1,1,1,1,6
201500046707,0015-10-15 06:40:00,15,10,15,6,40,920,50,A86,,,Nuit avec éclairage non allumé,Hors agglomération,Hors intersection,Normale,Deux véhicules - frontale,,,,,,,,,,,4,1,1,1,1
201500046708,0015-10-15 08:25:00,15,10,15,8,25,920,26,RN192,,,Plein jour,Hors agglomération,Hors intersection,Normale,Trois véhicules et plus - en chaîne,,,,,,,,,,,1,1,1,1,4
201500046709,0015-10-15 16:45:00,15,10,15,16,45,780,455,A13,,,Plein jour,Hors agglomération,Hors intersection,Normale,Deux véhicules - côté,,,,,,,,,,,1,1,1,1,3
201500046710,0015-10-16 08:15:00,15,10,16,8,15,780,90,A13,,,Crépuscule ou aube,Hors agglomération,Hors intersection,Pluie légère,Deux véhicules - arrière,,,,,,,,,,,2,1,1,2,2
201500046711,0015-10-16 09:00:00,15,10,16,9,0,920,47,A13,,,Plein jour,Hors agglomération,Hors intersection,Pluie légère,Deux véhicules - arrière,,,,,,,,,,,1,1,1,2,2
201500046712,0015-10-16 18:05:00,15,10,16,18,5,780,640,A86 EXT,,,Plein jour,Hors agglomération,Hors intersection,Brouillard / fumée,Autre collision,,,,,,,,,,,1,1,1,5,6
201500046713,0015-10-17 03:54:00,15,10,17,3,54,780,571,A13,,,Nuit sans éclairage public,Hors agglomération,Hors intersection,Temps couvert,Autre collision,,,,,,,,,,,3,1,1,8,6
201500046714,0015-10-18 06:10:00,15,10,18,6,10,780,217,A13,,,Nuit sans éclairage public,Hors agglomération,Hors intersection,Normale,Autre collision,,,,,,,,,,,3,1,1,1,6
201500046715,0015-10-19 19:20:00,15,10,19,19,20,920,48,N118,,,Nuit sans éclairage public,Hors agglomération,Hors intersection,Normale,Trois véhicules et plus - collisions multiples,,,,,,,,,,,3,1,1,1,5
201500046716,0015-10-19 22:10:00,15,10,19,22,10,920,50,A86,,,Nuit sans éclairage public,Hors agglomération,Hors intersection,Normale,Sans collision,,,,,,,,,,,3,1,1,1,7
201500046717,0015-10-20 08:25:00,15,10,20,8,25,780,43,A12 Y,,,Plein jour,Hors agglomération,Hors intersection,Normale,Autre collision,,,,,,,,,,,1,1,1,1,6
201500046718,0015-10-20 16:47:00,15,10,20,16,47,920,64,A13,,,Plein jour,Hors agglomération,Hors intersection,Normale,Trois véhicules et plus - collisions multiples,,,,,,,,,,,1,1,1,1,5
201500046719,0015-10-20 18:47:00,15,10,20,18,47,920,47,A13,,,Nuit sans éclairage public,Hors agglomération,Hors intersection,Normale,Autre collision,,,,,,,,,,,3,1,1,1,6
201500046720,0015-10-21 09:40:00,15,10,21,9,40,780,646,RN12 INT,,,Plein jour,Hors agglomération,Hors intersection,Normale,Sans collision,,,,,,,,,,,1,1,1,1,7
201500046721,0015-10-21 13:20:00,15,10,21,13,20,780,640,A86 EXT,,,Plein jour,Hors agglomération,Hors intersection,Normale,Deux véhicules - arrière,,,,,,,,,,,1,1,1,1,2
201500046722,0015-10-22 06:57:00,15,10,22,6,57,920,25,A86,,,Nuit avec éclairage non allumé,Hors agglomération,Hors intersection,Temps couvert,Deux véhicules - arrière,,,,,,,,,,,4,1,1,8,2
201500046723,0015-10-22 08:47:00,15,10,22,8,47,780,640,N118,,,Plein jour,Hors agglomération,Autre intersection,Pluie légère,Sans collision,,,,,,,,,,,1,1,9,2,7
201500046724,0015-10-22 08:52:00,15,10,22,8,52,920,36,A86,,,Plein jour,Hors agglomération,Hors intersection,Normale,Trois véhicules et plus - collisions multiples,,,,,,,,,,,1,1,1,1,5
201500046725,0015-10-22 11:50:00,15,10,22,11,50,780,490,RN12 INT,,,Plein jour,Hors agglomération,Hors intersection,Pluie légère,Sans collision,,,,,,,,,,,1,1,1,2,7
201500046726,0015-10-22 13:30:00,15,10,22,13,30,780,498,A13,,,Plein jour,Hors agglomération,Hors intersection,Pluie légère,Deux véhicules - côté,,,,,,,,,,,1,1,1,2,3
201500046727,0015-10-23 07:27:00,15,10,23,7,27,780,640,A86 EXT,,,Nuit avec éclairage allumé,Hors agglomération,Hors intersection,Normale,Deux véhicules - frontale,,,,,,,,,,,5,1,1,1,1
201500046728,0015-10-23 15:25:00,15,10,23,15,25,920,25,A86,,,Plein jour,Hors agglomération,Hors intersection,Normale,Deux véhicules - arrière,,,,,,,,,,,1,1,1,1,2
201500046729,0015-10-23 16:20:00,15,10,23,16,20,780,362,A13,,,Plein jour,Hors agglomération,Hors intersection,Normale,Autre collision,,,,,,,,,,,1,1,1,1,6
201500046730,0015-10-24 00:01:00,15,10,24,0,1,920,36,A86,,,Nuit sans éclairage public,Hors agglomération,Hors intersection,Normale,Sans collision,,,,,,,,,,,3,1,1,1,7
201500046731,0015-10-24 07:30:00,15,10,24,7,30,780,291,A13,,,Crépuscule ou aube,Hors agglomération,Hors intersection,Normale,Autre collision,,,,,,,,,,,2,1,1,1,6
201500046732,0015-10-25 21:50:00,15,10,25,21,50,780,321,RN12 INT,,,Nuit sans éclairage public,Hors agglomération,Hors intersection,Normale,Deux véhicules - arrière,,,,,,,,,,,3,1,1,1,2
201500046733,0015-10-26 17:08:00,15,10,26,17,8,780,640,N118,,,Plein jour,Hors agglomération,Hors intersection,Normale,Deux véhicules - arrière,,,,,,,,,,,1,1,1,1,2
201500046734,0015-10-27 09:20:00,15,10,27,9,20,780,640,A86 EXT,,,Plein jour,Hors agglomération,Hors intersection,Normale,Deux véhicules - frontale,,,,,,,,,,,1,1,1,1,1
201500046735,0015-10-27 21:30:00,15,10,27,21,30,920,50,A14,,,Nuit avec éclairage allumé,Hors agglomération,Hors intersection,Pluie légère,Deux véhicules - arrière,,,,,,,,,,,5,1,1,2,2
201500046736,0015-10-28 05:38:00,15,10,28,5,38,920,36,A86,,,Nuit sans éclairage public,Hors agglomération,Hors intersection,Pluie légère,Autre collision,,,,,,,,,,,3,1,1,2,6
201500046737,0015-10-28 15:13:00,15,10,28,15,13,920,50,A14,,,Plein jour,Hors agglomération,Hors intersection,Normale,Trois véhicules et plus - collisions multiples,,,,,,,,,,,1,1,1,1,5
201500046738,0015-10-28 17:40:00,15,10,28,17,40,780,43,A12 W,,,Plein jour,Hors agglomération,Hors intersection,Normale,Deux véhicules - frontale,,,,,,,,,,,1,1,1,1,1
201500046739,0015-10-30 16:25:00,15,10,30,16,25,780,291,A13,,,Plein jour,Hors agglomération,Hors intersection,Normale,Trois véhicules et plus - en chaîne,,,,,,,,,,,1,1,1,1,4
201500046740,0015-10-30 18:00:00,15,10,30,18,0,780,217,A13,,,Nuit avec éclairage non allumé,Hors agglomération,Hors intersection,Normale,Trois véhicules et plus - collisions multiples,,,,,,,,,,,4,1,1,1,5
201500046741,0015-10-31 03:40:00,15,10,31,3,40,920,36,A86,,,Nuit sans éclairage public,Hors agglomération,Hors intersection,Normale,Sans collision,,,,,,,,,,,3,1,1,1,7