accident_id,datetime,annee,mois,jour,heure,minute,departement,commune_insee,adresse,latitude,longitude,luminosite,agglomeration,intersection,meteo,collision,nb_vehicules,nb_usagers,nb_indemnes,nb_tues,nb_blesses_hosp,nb_blesses_legers,age_cond_1,age_cond_2,veh_type_cond_1,veh_type_cond_2,lum_code,agg_code,int_code,atm_code,col_code
201500046742,0015-11-01 07:20:00,15,11,1,7,20,780,362,A13,,,Plein jour,Hors agglomération,Hors intersection,Brouillard / fumée,Deux véhicules - arrière,,,,,,,,,,,1,1,1,5,2
201500046743,0015-11-02 07:50:00,15,11,2,7,50,780,7,A13W,,,Plein jour,Hors agglomération,Hors intersection,Brouillard / fumée,Deux véhicules - arrière,,,,,,,,,,,1,1,1,5,2
201500046744,0015-11-02 08:05:00,15,11,2,8,5,780,524,A13,,,Plein jour,Hors agglomération,Hors intersection,Brouillard / fumée,Deux véhicules - côté,,,,,,,,,,,1,1,1,5,3
201500046745,0015-11-02 19:44:00,15,11,2,19,44,780,646,RN12,,,Plein jour,Hors agglomération,Hors intersection,Normale,Deux véhicules - arrière,,,,,,,,,,,1,1,1,1,2
201500046746,0015-11-03 07:50:00,15,11,3,7,50,780,423,RN12,,,Crépuscule ou aube,Hors agglomération,Hors intersection,Pluie légère,Deux véhicules - arrière,,,,,,,,,,,2,1,1,2,2
201500046747,0015-11-03 07:35:00,15,11,3,7,35,920,50,A86,,,Plein jour,Hors agglomération,Hors intersection,Temps couvert,Trois véhicules et plus - collisions multiples,,,,,,,,,,,1,1,1,8,5
201500046748,0015-11-03 18:05:00,15,11,3,18,5,780,362,A13,,,Nuit avec éclairage allumé,Hors agglomération,Hors intersection,Normale,Deux véhicules - arrière,,,,,,,,,,,5,1,1,1,2
201500046749,0015-11-04 02:22:00,15,11,4,2,22,780,322,RN12,,,Nuit sans éclairage public,Hors agglomération,Hors intersection,Temps couvert,Autre collision,,,,,,,,,,,3,1,1,8,6
201500046750,0015-11-04 16:22:00,15,11,4,16,22,780,117,RN12,,,Plein jour,Hors agglomération,Hors intersection,Temps couvert,Trois véhicules et plus - collisions multiples,,,,,,,,,,,1,1,1,8,5
201500046751,0015-11-06 15:30:00,15,11,6,15,30,920,36,A86,,,Plein jour,Hors agglomération,Hors intersection,Pluie légère,Trois véhicules et plus - en chaîne,,,,,,,,,,,1,1,1,2,4
201500046752,0015-11-07 09:15:00,15,11,7,9,15,780,238,A13,,,Plein jour,Hors agglomération,Hors intersection,Normale,Deux véhicules - arrière,,,,,,,,,,,1,1,1,1,2
201500046753,0015-11-07 19:45:00,15,11,7,19,45,780,640,N118,,,Nuit sans éclairage public,Hors agglomération,Hors intersection,Normale,Autre collision,,,,,,,,,,,3,1,1,1,6
201500046754,0015-11-08 01:55:00,15,11,8,1,55,780,545,A12 Y,,,Nuit sans éclairage public,Hors agglomération,Hors intersection,Brouillard / fumée,Deux véhicules - arrière,,,,,,,,,,,3,1,1,5,2
201500046755,0015-11-08 07:11:00,15,11,8,7,11,780,646,RN12 INT,,,Crépuscule ou aube,Hors agglomération,Hors intersection,Normale,Autre collision,,,,,,,,,,,2,1,1,1,6
201500046756,0015-11-08 18:05:00,15,11,8,18,5,780,133,A13,,,Nuit sans éclairage public,Hors agglomération,Hors intersection,Normale,Deux véhicules - frontale,,,,,,,,,,,3,1,1,1,1
201500046757,0015-11-09 10:55:00,15,11,9,10,55,920,60,RN385,,,Plein jour,Hors agglomération,Hors intersection,Normale,Deux véhicules - arrière,,,,,,,,,,,1,1,1,1,2
201500046758,0015-11-10 10:15:00,15,11,10,10,15,920,64,N118,,,Plein jour,Hors agglomération,Hors intersection,Normale,Autre collision,,,,,,,,,,,1,1,1,1,6
201500046759,0015-11-10 18:25:00,15,11,10,18,25,780,466,A13,,,Nuit avec éclairage allumé,Hors agglomération,Hors intersection,Normale,Autre collision,,,,,,,,,,,5,1,1,1,6
201500046760,0015-11-10 19:14:00,15,11,10,19,14,920,50,A86,,,Nuit sans éclairage public,Hors agglomération,Hors intersection,Normale,Trois véhicules et plus - en chaîne,,,,,,,,,,,3,1,1,1,4
201500046761,0015-11-11 01:14:00,15,11,11,1,14,920,50,A86,,,Nuit avec éclairage allumé,Hors agglomération,Hors intersection,Normale,Autre collision,,,,,,,,,,,5,1,1,1,6
201500046762,0015-11-12 08:09:00,15,11,12,8,9,920,63,A86,,,Plein jour,Hors agglomération,Hors intersection,Normale,Sans collision,,,,,,,,,,,1,1,1,1,7
201500046763,0015-11-12 09:40:00,15,11,12,9,40,920,26,RN1014 Y,,,Plein jour,Hors agglomération,Hors intersection,Normale,Deux véhicules - frontale,,,,,,,,,,,1,1,1,1,1
201500046764,0015-11-13 12:10:00,15,11,13,12,10,920,62,RN1014 W,,,Plein jour,Hors agglomération,Hors intersection,Normale,Deux véhicules - arrière,,,,,,,,,,,1,1,1,1,2
201500046765,0015-11-13 13:50:00,15,11,13,13,50,780,551,SE A14,,,Plein jour,Hors agglomération,Hors intersection,Normale,Deux véhicules - frontale,,,,,,,,,,,1,1,1,1,1
201500046766,0015-11-13 16:45:00,15,11,13,16,45,780,640,A86 EXT,,,Crépuscule ou aube,Hors agglomération,Hors intersection,Normale,Trois véhicules et plus - en chaîne,,,,,,,,,,,2,1,1,1,4
201500046767,0015-11-15 17:40:00,15,11,15,17,40,780,640,A86 EXT,,,Crépuscule ou aube,Hors agglomération,Hors intersection,Normale,Trois véhicules et plus - en chaîne,,,,,,,,,,,2,1,1,1,4
201500046768,0015-11-16 17:25:00,15,11,16,17,25,780,362,A13,,,Crépuscule ou aube,Hors agglomération,Hors intersection,Normale,Deux véhicules - frontale,,,,,,,,,,,2,1,1,1,1
201500046769,0015-11-16 18:15:00,15,11,16,18,15,920,50,A86,,,Crépuscule ou aube,Hors agglomération,Hors intersection,Normale,Trois véhicules et plus - en chaîne,,,,,,,,,,,2,1,1,1,4
201500046770,0015-11-17 07:58:00,15,11,17,7,58,920,50,A86,,,Plein jour,Hors agglomération,Hors intersection,Normale,Deux véhicules - frontale,,,,,,,,,,,1,1,1,1,1
201500046771,0015-11-17 08:08:00,15,11,17,8,8,920,47,A13,,,Plein jour,Hors agglomération,Hors intersection,Normale,Autre collision,,,,,,,,,,,1,1,1,1,6
201500046772,0015-11-17 09:19:00,15,11,17,9,19,780,208,RN12 EXT,,,Plein jour,Hors agglomération,Hors intersection,Normale,Deux véhicules - frontale,,,,,,,,,,,1,1,1,1,1
201500046773,0015-11-19 07:20:00,15,11,19,7,20,920,50,A86,,,Crépuscule ou aube,Hors agglomération,Hors intersection,Normale,Trois véhicules et plus - en chaîne,,,,,,,,,,,2,1,1,1,4
201500046774,0015-11-19 17:37:00,15,11,19,17,37,780,133,A13,,,Nuit sans éclairage public,Hors agglomération,Hors intersection,Pluie légère,Deux véhicules - arrière,,,,,,,,,,,3,1,1,2,2
201500046775,0015-11-19 18:56:00,15,11,19,18,56,780,423,RN12,,,Plein jour,Hors agglomération,Hors intersection,Normale,Deux véhicules - frontale,,,,,,,,,,,1,1,1,1,1
201500046776,0015-11-19 19:35:00,15,11,19,19,35,780,466,A13,,,Nuit avec éclairage allumé,Hors agglomération,Hors intersection,Pluie forte,Trois véhicules et plus - en chaîne,,,,,,,,,,,5,1,1,3,4
201500046777,0015-11-20 08:50:00,15,11,20,8,50,920,62,RN1014 W,,,Plein jour,Hors agglomération,Hors intersection,Pluie forte,Trois véhicules et plus - en chaîne,,,,,,,,,,,1,1,1,3,4
201500046778,0015-11-20 09:48:00,15,11,20,9,48,920,36,A86,,,Plein jour,Hors agglomération,Hors intersection,Pluie légère,Deux véhicules - frontale,,,,,,,,,,,1,1,1,2,1
201500046779,0015-11-20 16:37:00,15,11,20,16,37,920,47,A13,,,Plein jour,Hors agglomération,Hors intersection,Normale,Deux véhicules - arrière,,,,,,,,,,,1,1,1,1,2
201500046780,0015-11-20 18:35:00,15,11,20,18,35,780,402,A13,,,Crépuscule ou aube,Hors agglomération,Hors intersection,Normale,Trois véhicules et plus - en chaîne,,,,,,,,,,,2,1,1,1,4
201500046781,0015-11-20 21:10:00,15,11,20,21,10,920,12,A13,,,Nuit avec éclairage allumé,Hors agglomération,Hors intersection,Pluie légère,Sans collision,,,,,,,,,,,5,1,1,2,7
201500046782,0015-11-23 09:12:00,15,11,23,9,12,780,431,A13,,,Plein jour,Hors agglomération,Hors intersection,Normale,Trois véhicules et plus - collisions multiples,,,,,,,,,,,1,1,1,1,5
201500046783,0015-11-23 12:48:00,15,11,23,12,48,780,524,A13,,,Plein jour,Hors agglomération,Hors intersection,Normale,Autre collision,,,,,,,,,,,1,1,1,1,6
201500046784,0015-11-24 07:39:00,15,11,24,7,39,780,43,A12 W,,,Plein jour,Hors agglomération,Hors intersection,Normale,Deux véhicules - frontale,,,,,,,,,,,1,1,1,1,1
201500046785,0015-11-24 15:37:00,15,11,24,15,37,920,50,A86,,,Plein jour,Hors agglomération,Hors intersection,Normale,Deux véhicules - frontale,,,,,,,,,,,1,1,1,1,1
201500046786,0015-11-24 23:10:00,15,11,24,23,10,780,640,RN12 INT,,,Nuit sans éclairage public,Hors agglomération,Hors intersection,Pluie légère,Autre collision,,,,,,,,,,,3,1,1,2,6
201500046787,0015-11-25 09:02:00,15,11,25,9,2,780,73,A12 W,,,Plein jour,Hors agglomération,Hors intersection,Pluie légère,Deux véhicules - frontale,,,,,,,,,,,1,1,1,2,1
201500046788,0015-11-25 09:30:00,15,11,25,9,30,780,126,A13,,,Plein jour,Hors agglomération,Hors intersection,Pluie légère,Deux véhicules - côté,,,,,,,,,,,1,1,1,2,3
201500046789,0015-11-26 18:01:00,15,11,26,18,1,780,646,RN12,,,Nuit avec éclairage allumé,Hors agglomération,Hors intersection,Normale,Deux véhicules - côté,,,,,,,,,,,5,1,1,1,3
201500046790,0015-11-27 10:55:00,15,11,27,10,55,920,76,A13,,,Plein jour,Hors agglomération,Hors intersection,Normale,Deux véhicules - frontale,,,,,,,,,,,1,1,1,1,1
201500046791,0015-11-27 18:04:00,15,11,27,18,4,780,423,RN12,,,Nuit sans éclairage public,Hors agglomération,Hors intersection,Normale,Trois véhicules et plus - en chaîne,,,,,,,,,,,3,1,1,1,4
201500046792,0015-11-28 09:56:00,15,11,28,9,56,780,466,A13,,,Plein jour,Hors agglomération,Hors intersection,Normale,Autre collision,,,,,,,,,,,1,1,1,1,6
201500046793,0015-11-28 17:15:00,15,11,28,17,15,780,646,RN12,,,Nuit avec éclairage allumé,Hors agglomération,Hors intersection,Normale,Deux véhicules - côté,,,,,,,,,,,5,1,1,1,3
201500046794,0015-11-30 09:30:00,15,11,30,9,30,920,47,A13,,,Plein jour,Hors agglomération,Hors intersection,Normale,Autre collision,,,,,,,,,,,1,1,1,1,6
201500046795,0015-11-30 14:15:00,15,11,30,14,15,780,423,A12 W,,,Plein jour,Hors agglomération,Hors intersection,Normale,Autre collision,,,,,,,,,,,1,1,1,1,6
201500046796,0015-12-01 18:20:00,15,12,1,18,20,780,640,N118,,,Nuit avec éclairage allumé,Hors agglomération,Hors intersection,Normale,Deux véhicules - côté,,,,,,,,,,,5,1,1,1,3
201500046797,0015-12-02 20:00:00,15,12,2,20,0,920,50,A86,,,Nuit avec éclairage allumé,Hors agglomération,Hors intersection,Normale,Sans collision,,,,,,,,,,,5,1,1,1,7
201500046798,0015-12-03 08:44:00,15,12,3,8,44,780,640,A86 EXT,,,Crépuscule ou aube,Hors agglomération,Hors intersection,Normale,Deux véhicules - frontale,,,,,,,,,,,2,1,1,1,1
201500046799,0015-12-04 18:20:00,15,12,4,18,20,780,466,A13,,,Nuit avec éclairage allumé,Hors agglomération,Hors intersection,Normale,Deux véhicules - frontale,,,,,,,,,,,5,1,1,1,1
201500046800,0015-12-04 18:35:00,15,12,4,18,35,780,73,A12 W,,,Nuit avec éclairage allumé,Hors agglomération,Hors intersection,Normale,Autre collision,,,,,,,,,,,5,1,1,1,6
201500046801,0015-12-05 03:23:00,15,12,5,3,23,780,551,A14,,,Nuit avec éclairage non allumé,Hors agglomération,Hors intersection,Normale,Autre collision,,,,,,,,,,,4,1,1,1,6
201500046802,0015-12-05 18:35:00,15,12,5,18,35,780,73,A12 W,,,Nuit avec éclairage allumé,Hors agglomération,Hors intersection,Normale,Autre collision,,,,,,,,,,,5,1,1,1,6
201500046803,0015-12-06 17:00:00,15,12,6,17,0,780,117,RN12,,,Crépuscule ou aube,Hors agglomération,Hors intersection,Normale,Autre collision,,,,,,,,,,,2,1,1,1,6
201500046804,0015-12-06 18:40:00,15,12,6,18,40,920,50,A86,,,Crépuscule ou aube,Hors agglomération,Hors intersection,Normale,Deux véhicules - frontale,,,,,,,,,,,2,1,1,1,1
201500046805,0015-12-07 06:40:00,15,12,7,6,40,780,524,A13,,,Plein jour,Hors agglomération,Hors intersection,Normale,Deux véhicules - arrière,,,,,,,,,,,1,1,1,1,2
201500046806,0015-12-07 10:25:00,15,12,7,10,25,920,23,RN385,,,Plein jour,Hors agglomération,Hors intersection,Normale,Sans collision,,,,,,,,,,,1,1,1,1,7
201500046807,0015-12-07 12:25:00,15,12,7,12,25,780,646,RN12,,,Plein jour,Hors agglomération,Hors intersection,Normale,Deux véhicules - frontale,,,,,,,,,,,1,1,1,1,1
201500046808,0015-12-07 15:23:00,15,12,7,15,23,780,206,A13,,,Plein jour,Hors agglomération,Hors intersection,Normale,Trois véhicules et plus - en chaîne,,,,,,,,,,,1,1,1,1,4
201500046809,0015-12-07 18:10:00,15,12,7,18,10,780,29,A13Y,,,Plein jour,Hors agglomération,Hors intersection,Normale,Deux véhicules - arrière,,,,,,,,,,,1,1,1,1,2
201500046810,0015-12-08 10:00:00,15,12,8,10,0,920,51,RN13,,,Plein jour,Hors agglomération,Hors intersection,Normale,Deux véhicules - arrière,,,,,,,,,,,1,1,1,1,2
201500046811,0015-12-08 14:11:00,15,12,8,14,11,780,362,A13,,,Plein jour,Hors agglomération,Hors intersection,Pluie légère,Deux véhicules - arrière,,,,,,,,,,,1,1,1,2,2
201500046812,0015-12-08 16:05:00,15,12,8,16,5,920,48,N118,,,Plein jour,Hors agglomération,Hors intersection,Normale,Deux véhicules - frontale,,,,,,,,,,,1,1,1,1,1
201500046813,0015-12-08 16:21:00,15,12,8,16,21,920,50,A86,,,Crépuscule ou aube,Hors agglomération,Hors intersection,Pluie forte,Deux véhicules - frontale,,,,,,,,,,,2,1,1,3,1
201500046814,0015-12-08 17:15:00,15,12,8,17,15,920,50,A14,,,Nuit avec éclairage allumé,Hors agglomération,Hors intersection,Normale,Trois véhicules et plus - en chaîne,,,,,,,,,,,5,1,1,1,4
201500046815,0015-12-08 19:13:00,15,12,8,19,13,920,48,N118,,,Nuit avec éclairage allumé,Hors agglomération,Hors intersection,Temps couvert,Deux véhicules - côté,,,,,,,,,,,5,1,1,8,3
201500046816,0015-12-09 00:35:00,15,12,9,0,35,780,571,A13,,,Nuit sans éclairage public,Hors agglomération,Hors intersection,Temps couvert,Autre collision,,,,,,,,,,,3,1,1,8,6
201500046817,0015-12-08 16:10:00,15,12,8,16,10,920,51,N13,,,Plein jour,Hors agglomération,Hors intersection,Pluie légère,Deux véhicules - côté,,,,,,,,,,,1,1,1,2,3
201500046818,0015-12-09 09:06:00,15,12,9,9,6,920,50,A86,,,Plein jour,Hors agglomération,Hors intersection,Normale,Deux véhicules - côté,,,,,,,,,,,1,1,1,1,3
201500046819,0015-12-10 08:47:00,15,12,10,8,47,920,36,A86,,,Plein jour,Hors agglomération,Hors intersection,Normale,Deux véhicules - côté,,,,,,,,,,,1,1,1,1,3
201500046820,0015-12-10 18:36:00,15,12,10,18,36,780,73,RN12 INT,,,Nuit sans éclairage public,Hors agglomération,Hors intersection,Normale,Deux véhicules - arrière,,,,,,,,,,,3,1,1,1,2
201500046821,0015-12-11 00:01:00,15,12,11,0,1,920,72,N118,,,Nuit avec éclairage allumé,Hors agglomération,Hors intersection,Normale,Deux véhicules - arrière,,,,,,,,,,,5,1,1,1,2
201500046822,0015-12-11 12:20:00,15,12,11,12,20,920,50,A86,,,Plein jour,Hors agglomération,Hors intersection,Normale,Autre collision,,,,,,,,,,,1,1,1,1,6
201500046823,0015-12-11 15:50:00,15,12,11,15,50,780,118,A13,,,Plein jour,Hors agglomération,Hors intersection,Normale,Trois véhicules et plus - en chaîne,,,,,,,,,,,1,1,1,1,4
201500046824,0015-12-11 17:24:00,15,12,11,17,24,780,90,A13,,,Crépuscule ou aube,Hors agglomération,Hors intersection,Normale,Deux véhicules - arrière,,,,,,,,,,,2,1,1,1,2
201500046825,0015-12-13 07:17:00,15,12,13,7,17,780,140,A13,,,Nuit sans éclairage public,Hors agglomération,Hors intersection,Normale,Deux véhicules - arrière,,,,,,,,,,,3,1,1,1,2
201500046826,0015-12-14 06:50:00,15,12,14,6,50,780,206,A13,,,Nuit avec éclairage allumé,Hors agglomération,Hors intersection,Normale,Trois véhicules et plus - collisions multiples,,,,,,,,,,,5,1,1,1,5
201500046827,0015-12-14 08:25:00,15,12,14,8,25,780,362,A13,,,Plein jour,Hors agglomération,Hors intersection,Normale,Deux véhicules - arrière,,,,,,,,,,,1,1,1,1,2
201500046828,0015-12-15 02:03:00,15,12,15,2,3,920,72,N118,,,Nuit sans éclairage public,Hors agglomération,Hors intersection,Normale,Autre collision,,,,,,,,,,,3,1,1,1,6
201500046829,0015-12-15 13:01:00,15,12,15,13,1,920,47,A13,,,Plein jour,Hors agglomération,Hors intersection,Temps couvert,Autre collision,,,,,,,,,,,1,1,1,8,6
201500046830,0015-12-15 17:20:00,15,12,15,17,20,780,322,RN12 EXT,,,Nuit avec éclairage allumé,Hors agglomération,Hors intersection,Pluie légère,Trois véhicules et plus - collisions multiples,,,,,,,,,,,5,1,1,2,5
201500046831,0015-12-15 19:28:00,15,12,15,19,28,780,640,N118,,,Nuit avec éclairage non allumé,Hors agglomération,Hors intersection,Pluie forte,Autre collision,,,,,,,,,,,4,1,1,3,6
201500046832,0015-12-16 00:15:00,15,12,16,0,15,780,206,A13,,,Nuit sans éclairage public,Hors agglomération,Hors intersection,Pluie légère,Autre collision,,,,,,,,,,,3,1,1,2,6
201500046833,0015-12-16 07:29:00,15,12,16,7,29,780,640,A86 EXT,,,Nuit avec éclairage allumé,Hors agglomération,Hors intersection,Pluie légère,Trois véhicules et plus - en chaîne,,,,,,,,,,,5,1,1,2,4
201500046834,0015-12-16 08:20:00,15,12,16,8,20,920,48,N118,,,Plein jour,Hors agglomération,Hors intersection,Normale,Deux véhicules - côté,,,,,,,,,,,1,1,1,1,3
201500046835,0015-12-17 08:00:00,15,12,17,8,0,920,36,A86,,,Crépuscule ou aube,Hors agglomération,Hors intersection,Normale,Trois véhicules et plus - en chaîne,,,,,,,,,,,2,1,1,1,4
201500046836,0015-12-17 08:50:00,15,12,17,8,50,920,50,A86,,,Plein jour,Hors agglomération,Hors intersection,Normale,Deux véhicules - frontale,,,,,,,,,,,1,1,1,1,1
201500046837,0015-12-17 17:50:00,15,12,17,17,50,920,48,N118,,,Nuit sans éclairage public,Hors agglomération,Hors intersection,Normale,Deux véhicules - côté,,,,,,,,,,,3,1,1,1,3
201500046838,0015-12-17 22:46:00,15,12,17,22,46,920,36,RN315 Y,,,Nuit avec éclairage allumé,Hors agglomération,Hors intersection,Pluie légère,Autre collision,,,,,,,,,,,5,1,1,2,6
201500046839,0015-12-19 04:35:00,15,12,19,4,35,920,48,N118,,,Nuit avec éclairage allumé,Hors agglomération,Hors intersection,Normale,Autre collision,,,,,,,,,,,5,1,1,1,6
201500046840,0015-12-19 17:33:00,15,12,19,17,33,780,217,A13,,,Crépuscule ou aube,Hors agglomération,Hors intersection,Normale,Autre collision,,,,,,,,,,,2,1,1,1,6
201500046841,0015-12-19 17:36:00,15,12,19,17,36,780,217,A13,,,Plein jour,Hors agglomération,Hors intersection,Normale,Autre collision,,,,,,,,,,,1,1,1,1,6
201500046842,0015-12-20 07:32:00,15,12,20,7,32,780,126,A13,,,Nuit sans éclairage public,Hors agglomération,Hors intersection,Normale,Autre collision,,,,,,,,,,,3,1,1,1,6
201500046843,0015-12-21 21:43:00,15,12,21,21,43,920,36,A86,,,Nuit sans éclairage public,Hors agglomération,Hors intersection,Temps couvert,Deux véhicules - côté,,,,,,,,,,,3,1,1,8,3
201500046844,0015-12-22 16:55:00,15,12,22,16,55,920,25,A86,,,Plein jour,Hors agglomération,Hors intersection,Normale,Deux véhicules - frontale,,,,,,,,,,,1,1,1,1,1
201500046845,0015-12-22 18:22:00,15,12,22,18,22,780,73,A12 Y,,,Plein jour,Hors agglomération,Hors intersection,Normale,Trois véhicules et plus - collisions multiples,,,,,,,,,,,1,1,1,1,5
201500046846,0015-12-23 11:58:00,15,12,23,11,58,920,64,A13,,,Plein jour,Hors agglomération,Hors intersection,Normale,Deux véhicules - arrière,,,,,,,,,,,1,1,1,1,2
201500046847,0015-12-23 17:13:00,15,12,23,17,13,920,36,A86,,,Crépuscule ou aube,Hors agglomération,Hors intersection,Normale,Deux véhicules - frontale,,,,,,,,,,,2,1,1,1,1
201500046848,0015-12-23 18:45:00,15,12,23,18,45,920,72,N118,,,Nuit sans éclairage public,Hors agglomération,Hors intersection,Normale,Deux véhicules - côté,,,,,,,,,,,3,1,1,1,3
201500046849,0015-12-24 15:50:00,15,12,24,15,50,920,50,A14,,,Plein jour,Hors agglomération,Hors intersection,Normale,Deux véhicules - côté,,,,,,,,,,,1,1,1,1,3
201500046850,0015-12-24 17:45:00,15,12,24,17,45,780,455,A13,,,Nuit sans éclairage public,Hors agglomération,Hors intersection,Normale,Deux véhicules - arrière,,,,,,,,,,,3,1,1,1,2
201500046851,0015-12-25 10:35:00,15,12,25,10,35,780,640,A86 INT,,,Plein jour,Hors agglomération,Hors intersection,Normale,Autre collision,,,,,,,,,,,1,1,1,1,6
201500046852,0015-12-26 16:31:00,15,12,26,16,31,780,242,A12 W,,,Plein jour,Hors agglomération,Hors intersection,Normale,Autre collision,,,,,,,,,,,1,1,1,1,6
201500046853,0015-12-27 05:52:00,15,12,27,5,52,920,50,A14,,,Nuit avec éclairage allumé,Hors agglomération,Hors intersection,Normale,Autre collision,,,,,,,,,,,5,1,1,1,6
201500046854,0015-12-28 13:32:00,15,12,28,13,32,920,25,A86,,,Plein jour,Hors agglomération,Hors intersection,Normale,Trois véhicules et plus - en chaîne,,,,,,,,,,,1,1,1,1,4
201500046855,0015-12-28 15:54:00,15,12,28,15,54,780,43,A12 W,,,Plein jour,Hors agglomération,Hors intersection,Normale,Deux véhicules - côté,,,,,,,,,,,1,1,1,1,3
201500046856,0015-12-28 19:10:00,15,12,28,19,10,780,640,N118,,,Nuit sans éclairage public,Hors agglomération,Hors intersection,Normale,Deux véhicules - frontale,,,,,,,,,,,3,1,1,1,1
201500046857,0015-11-30 08:35:00,15,11,30,8,35,780,490,RN12 EXT,,,Plein jour,Hors agglomération,Hors intersection,Normale,Deux véhicules - arrière,,,,,,,,,,,1,1,1,1,2
201500046858,0015-12-30 18:24:00,15,12,30,18,24,780,43,A12 Y,,,Nuit sans éclairage public,Hors agglomération,Hors intersection,Normale,Deux véhicules - arrière,,,,,,,,,,,3,1,1,1,2
201500046859,0015-01-02 20:00:00,15,1,2,20,0,910,64,RN 118,,,Nuit sans éclairage public,Hors agglomération,Hors intersection,Pluie légère,Deux véhicules - arrière,,,,,,,,,,,3,1,1,2,2
201500046860,0015-01-03 17:10:00,15,1,3,17,10,940,76,AUTOROUTE A6B,48.7915,2.3446,Crépuscule ou aube,Hors agglomération,Hors intersection,Normale,Deux véhicules - arrière,,,,,,,,,,,2,1,1,1,2
201500046861,0015-01-03 22:15:00,15,1,3,22,15,910,174,RN 104,,,Nuit avec éclairage allumé,Hors agglomération,Hors intersection,Pluie légère,Deux véhicules - arrière,,,,,,,,,,,5,1,1,2,2
201500046862,0015-01-05 06:40:00,15,1,5,6,40,910,216,AUTOROUTE A6,,,Nuit sans éclairage public,Hors agglomération,Hors intersection,Normale,Deux véhicules - côté,,,,,,,,,,,3,1,1,1,3
201500046863,0015-01-05 09:00:00,15,1,5,9,0,910,471,RN 118,,,Plein jour,Hors agglomération,Hors intersection,Brouillard / fumée,Trois véhicules et plus - en chaîne,,,,,,,,,,,1,1,1,5,4
201500046864,0015-01-05 15:10:00,15,1,5,15,10,910,377,RD 188,,,Plein jour,Hors agglomération,Hors intersection,Normale,Autre collision,,,,,,,,,,,1,1,1,1,6
201500046865,0015-01-06 19:30:00,15,1,6,19,30,910,161,AUTOROUTE A6,,,Nuit sans éclairage public,Hors agglomération,Hors intersection,Normale,Deux véhicules - arrière,,,,,,,,,,,3,1,1,1,2
201500046866,0015-01-07 14:35:00,15,1,7,14,35,910,174,RN 104,,,Plein jour,Hors agglomération,Hors intersection,Normale,Deux véhicules - arrière,,,,,,,,,,,1,1,1,1,2
201500046867,0015-01-07 18:50:00,15,1,7,18,50,910,549,RN 104,,,Nuit sans éclairage public,Hors agglomération,Hors intersection,Normale,Trois véhicules et plus - collisions multiples,,,,,,,,,,,3,1,1,1,5
201500046868,0015-01-08 06:38:00,15,1,8,6,38,910,589,AUTOROUTE A6,,,Nuit sans éclairage public,Hors agglomération,Hors intersection,Normale,Trois véhicules et plus - collisions multiples,,,,,,,,,,,3,1,1,1,5
201500046869,0015-01-08 14:55:00,15,1,8,14,55,910,477,AUTOROUTE A126,,,Plein jour,Hors agglomération,Hors intersection,Pluie légère,Deux véhicules - frontale,,,,,,,,,,,1,1,1,2,1
201500046870,0015-01-08 16:42:00,15,1,8,16,42,910,377,AUTOROUTE A10,,,Plein jour,Hors agglomération,Hors intersection,Temps couvert,Trois véhicules et plus - collisions multiples,,,,,,,,,,,1,1,1,8,5
201500046871,0015-01-09 12:20:00,15,1,9,12,20,910,521,RN 449,,,Plein jour,Hors agglomération,Hors intersection,Pluie légère,Deux véhicules - côté,,,,,,,,,,,1,1,1,2,3
201500046872,0015-01-09 13:00:00,15,1,9,13,0,910,434,AUTOROUTE A6,,,Plein jour,Hors agglomération,Hors intersection,Pluie légère,Trois véhicules et plus - en chaîne,,,,,,,,,,,1,1,1,2,4
201500046873,0015-01-09 14:05:00,15,1,9,14,5,910,521,RN 104,,,Plein jour,Hors agglomération,Hors intersection,Normale,Sans collision,,,,,,,,,,,1,1,1,1,7
201500046874,0015-01-09 20:50:00,15,1,9,20,50,910,589,AUTOROUTE A6,,,Nuit sans éclairage public,Hors agglomération,Hors intersection,Normale,Sans collision,,,,,,,,,,,3,1,1,1,7
201500046875,0015-01-09 23:50:00,15,1,9,23,50,940,38,AUTOROUTE A6B,48.7888,2.34413,Nuit sans éclairage public,Hors agglomération,Hors intersection,Normale,Trois véhicules et plus - collisions multiples,,,,,,,,,,,3,1,1,1,5
201500046876,0015-01-10 00:20:00,15,1,10,0,20,920,19,RN 385,,,Nuit sans éclairage public,Hors agglomération,Hors intersection,Normale,Deux véhicules - arrière,,,,,,,,,,,3,1,1,1,2
201500046877,0015-01-11 09:45:00,15,1,11,9,45,910,617,RN 104,,,Plein jour,Hors agglomération,Hors intersection,Normale,Autre collision,,,,,,,,,,,1,1,1,1,6
201500046878,0015-01-12 08:30:00,15,1,12,8,30,940,3,AUTOROUTE A6A,48.8081,2.34045,Plein jour,Hors agglomération,Hors intersection,Normale,Deux véhicules - arrière,,,,,,,,,,,1,1,1,1,2
201500046879,0015-01-16 04:27:00,15,1,16,4,27,910,286,AUTOROUTE A6,,,Nuit sans éclairage public,Hors agglomération,Hors intersection,Temps couvert,Autre collision,,,,,,,,,,,3,1,1,8,6