accident_id,datetime,annee,mois,jour,heure,minute,departement,commune_insee,adresse,latitude,longitude,luminosite,agglomeration,intersection,meteo,collision,nb_vehicules,nb_usagers,nb_indemnes,nb_tues,nb_blesses_hosp,nb_blesses_legers,age_cond_1,age_cond_2,veh_type_cond_1,veh_type_cond_2,lum_code,agg_code,int_code,atm_code,col_code
201500046880,0015-01-13 20:30:00,15,1,13,20,30,910,64,RN 118,,,Nuit sans éclairage public,Hors agglomération,Hors intersection,Normale,Deux véhicules - arrière,,,,,,,,,,,3,1,1,1,2
201500046881,0015-01-14 08:20:00,15,1,14,8,20,910,617,RN 104,,,Crépuscule ou aube,Hors agglomération,Hors intersection,Normale,Autre collision,,,,,,,,,,,2,1,1,1,6
201500046882,0015-01-15 09:45:00,15,1,15,9,45,910,286,AUTOROUTE A6,,,Plein jour,Hors agglomération,Hors intersection,Normale,Autre collision,,,,,,,,,,,1,1,1,1,6
201500046883,0015-01-15 09:30:00,15,1,15,9,30,940,21,AUTOROUTE A106,48.7596,2.34666,Plein jour,Hors agglomération,Hors intersection,Normale,Autre collision,,,,,,,,,,,1,1,1,1,6
201500046884,0015-01-18 11:30:00,15,1,18,11,30,910,617,RN 104,,,Plein jour,Hors agglomération,Hors intersection,Normale,Autre collision,,,,,,,,,,,1,1,1,1,6
201500046885,0015-01-19 18:16:00,15,1,19,18,16,940,34,AUTOROUTE A86,48.7606,2.31928,Nuit avec éclairage allumé,Hors agglomération,Hors intersection,Temps couvert,Trois véhicules et plus - en chaîne,,,,,,,,,,,5,1,1,8,4
201500046886,0015-01-19 19:00:00,15,1,19,19,0,910,174,RN 104,,,Nuit avec éclairage allumé,Hors agglomération,Hors intersection,Normale,Trois véhicules et plus - collisions multiples,,,,,,,,,,,5,1,1,1,5
201500046887,0015-01-19 21:00:00,15,1,19,21,0,910,161,AUTOROUTE A6,,,Nuit avec éclairage non allumé,Hors agglomération,Hors intersection,Temps couvert,Deux véhicules - arrière,,,,,,,,,,,4,1,1,8,2
201500046888,0015-01-19 09:10:00,15,1,19,9,10,910,471,RN 118,,,Plein jour,Hors agglomération,Hors intersection,Pluie légère,Trois véhicules et plus - en chaîne,,,,,,,,,,,1,1,1,2,4
201500046889,0015-01-19 13:05:00,15,1,19,13,5,910,86,RN 104,,,Plein jour,Hors agglomération,Hors intersection,Pluie légère,Autre collision,,,,,,,,,,,1,1,1,2,6
201500046890,0015-01-21 19:00:00,15,1,21,19,0,910,86,RN 104,,,Nuit sans éclairage public,Hors agglomération,Hors intersection,Normale,Trois véhicules et plus - en chaîne,,,,,,,,,,,3,1,1,1,4
201500046891,0015-01-22 19:40:00,15,1,22,19,40,910,432,AUTOROUTE A6,,,Nuit sans éclairage public,Hors agglomération,Hors intersection,Normale,Deux véhicules - arrière,,,,,,,,,,,3,1,1,1,2
201500046892,0015-01-23 22:10:00,15,1,23,22,10,910,179,AUTOROUTE A6,,,Nuit sans éclairage public,Hors agglomération,Hors intersection,Normale,Autre collision,,,,,,,,,,,3,1,1,1,6
201500046893,0015-01-24 23:15:00,15,1,24,23,15,910,377,AUTOROUTE A10,,,Nuit sans éclairage public,Hors agglomération,Hors intersection,Normale,Autre collision,,,,,,,,,,,3,1,1,1,6
201500046894,0015-01-25 17:05:00,15,1,25,17,5,940,76,AUTOROUTE A6B,48.7862,2.3463,Plein jour,Hors agglomération,Hors intersection,Normale,Deux véhicules - arrière,,,,,,,,,,,1,1,1,1,2
201500046895,0015-01-23 14:40:00,15,1,23,14,40,910,689,AUTOROUTE A6B,,,Plein jour,Hors agglomération,Hors intersection,Normale,Trois véhicules et plus - collisions multiples,,,,,,,,,,,1,1,1,1,5
201500046896,0015-01-26 07:35:00,15,1,26,7,35,910,347,RN 104,,,Nuit avec éclairage allumé,Hors agglomération,Hors intersection,Pluie légère,Deux véhicules - côté,,,,,,,,,,,5,1,1,2,3
201500046897,0015-01-24 14:39:00,15,1,24,14,39,910,689,AUTOROUTE A6B,,,Plein jour,Hors agglomération,Hors intersection,Normale,Trois véhicules et plus - collisions multiples,,,,,,,,,,,1,1,1,1,5
201500046898,0015-01-24 15:15:00,15,1,24,15,15,910,174,RN 104,,,Plein jour,Hors agglomération,Hors intersection,Normale,Trois véhicules et plus - en chaîne,,,,,,,,,,,1,1,1,1,4
201500046899,0015-01-27 14:25:00,15,1,27,14,25,910,182,RN 104,,,Plein jour,Hors agglomération,Hors intersection,Normale,Autre collision,,,,,,,,,,,1,1,1,1,6
201500046900,0015-01-25 06:53:00,15,1,25,6,53,910,689,AUTOROUTE A6A,,,Nuit sans éclairage public,Hors agglomération,Hors intersection,Normale,Autre collision,,,,,,,,,,,3,1,1,1,6
201500046901,0015-01-29 08:25:00,15,1,29,8,25,910,692,RN 118,,,Plein jour,Hors agglomération,Hors intersection,Pluie légère,Deux véhicules - arrière,,,,,,,,,,,1,1,1,2,2
201500046902,0015-01-26 17:30:00,15,1,26,17,30,910,521,RN 104,,,Crépuscule ou aube,Hors agglomération,Hors intersection,Pluie légère,Autre collision,,,,,,,,,,,2,1,1,2,6
201500046903,0015-01-27 08:25:00,15,1,27,8,25,910,692,RN 118,,,Plein jour,Hors agglomération,Hors intersection,Normale,Deux véhicules - arrière,,,,,,,,,,,1,1,1,1,2
201500046904,0015-01-27 09:15:00,15,1,27,9,15,940,21,AUTOROUTE A6B,48.7707,2.34567,Plein jour,Hors agglomération,Hors intersection,Normale,Sans collision,,,,,,,,,,,1,1,1,1,7
201500046905,0015-01-28 06:20:00,15,1,28,6,20,910,161,AUTOROUTE A6,,,Nuit sans éclairage public,Hors agglomération,Hors intersection,Normale,Deux véhicules - arrière,,,,,,,,,,,3,1,1,1,2
201500046906,0015-01-29 17:58:00,15,1,29,17,58,940,34,AUTOROUTE A86,48.7568,2.33148,Nuit avec éclairage allumé,Hors agglomération,Hors intersection,Pluie légère,Deux véhicules - côté,,,,,,,,,,,5,1,1,2,3
201500046907,0015-01-28 10:10:00,15,1,28,10,10,940,65,AUTOROUTE A86,48.7553,2.34453,Plein jour,Hors agglomération,Hors intersection,Normale,Deux véhicules - arrière,,,,,,,,,,,1,1,1,1,2
201500046908,0015-01-30 08:30:00,15,1,30,8,30,910,434,AUTOROUTE A6,,,Crépuscule ou aube,Hors agglomération,Hors intersection,Normale,Deux véhicules - côté,,,,,,,,,,,2,1,1,1,3
201500046909,0015-01-31 16:10:00,15,1,31,16,10,940,38,AUTOROUTE A6A,48.773,2.34581,Plein jour,Hors agglomération,Hors intersection,Pluie légère,Deux véhicules - arrière,,,,,,,,,,,1,1,1,2,2
201500046910,0015-01-31 17:50:00,15,1,31,17,50,910,377,RD 188,,,Crépuscule ou aube,Hors agglomération,Hors intersection,Pluie légère,Autre collision,,,,,,,,,,,2,1,1,2,6
201500046911,0015-01-31 10:10:00,15,1,31,10,10,910,689,AUTOROUTE A6A,,,Plein jour,Hors agglomération,Hors intersection,Normale,Sans collision,,,,,,,,,,,1,1,1,1,7
201500046912,0015-02-01 17:35:00,15,2,1,17,35,940,43,AUTOROUTE A6B,48.8155,2.35611,Plein jour,Hors agglomération,Hors intersection,Pluie légère,Sans collision,,,,,,,,,,,1,1,1,2,7
201500046913,0015-02-01 20:30:00,15,2,1,20,30,940,34,AUTOROUTE A86,48.7562,2.34072,Nuit avec éclairage allumé,Hors agglomération,Hors intersection,Pluie légère,Deux véhicules - côté,,,,,,,,,,,5,1,1,2,3
201500046914,0015-01-30 14:11:00,15,1,30,14,11,910,434,AUTOROUTE A6,,,Plein jour,Hors agglomération,Hors intersection,Pluie légère,Autre collision,,,,,,,,,,,1,1,1,2,6
201500046915,0015-01-30 14:40:00,15,1,30,14,40,910,692,RN 118,48.67182,2.19381,Plein jour,Hors agglomération,Hors intersection,Normale,Trois véhicules et plus - en chaîne,,,,,,,,,,,1,1,1,1,4
201500046916,0015-01-30 14:50:00,15,1,30,14,50,910,692,RN 118,,,Plein jour,Hors agglomération,Hors intersection,Temps couvert,Deux véhicules - arrière,,,,,,,,,,,1,1,1,8,2
201500046917,0015-01-30 15:49:00,15,1,30,15,49,910,161,AUTOROUTE A126,,,Plein jour,Hors agglomération,Hors intersection,Pluie légère,Deux véhicules - arrière,,,,,,,,,,,1,1,1,2,2
201500046918,0015-02-02 11:00:00,15,2,2,11,0,940,65,AUTOROUTE A86,48.755,2.34448,Plein jour,Hors agglomération,Hors intersection,Pluie légère,Deux véhicules - arrière,,,,,,,,,,,1,1,1,2,2
201500046919,0015-01-31 11:45:00,15,1,31,11,45,910,432,AUTOROUTE A6,,,Plein jour,Hors agglomération,Hors intersection,Pluie légère,Autre collision,,,,,,,,,,,1,1,1,2,6
201500046920,0015-01-31 21:35:00,15,1,31,21,35,910,617,RN 104,,,Nuit sans éclairage public,Hors agglomération,Hors intersection,Pluie légère,Autre collision,,,,,,,,,,,3,1,1,2,6
201500046921,0015-02-01 06:48:00,15,2,1,6,48,910,345,A6,,,Nuit avec éclairage allumé,Hors agglomération,Hors intersection,Normale,Autre collision,,,,,,,,,,,5,1,1,1,6
201500046922,0015-02-01 09:30:00,15,2,1,9,30,940,34,AUTOROUTE A86,48.7561,2.34111,Plein jour,Hors agglomération,Hors intersection,Normale,Autre collision,,,,,,,,,,,1,1,1,1,6
201500046923,0015-02-01 23:31:00,15,2,1,23,31,910,477,A10,,,Nuit sans éclairage public,Hors agglomération,Hors intersection,Normale,Deux véhicules - côté,,,,,,,,,,,3,1,1,1,3
201500046924,0015-02-02 05:00:00,15,2,2,5,0,910,182,RN 104,,,Nuit sans éclairage public,Hors agglomération,Hors intersection,Normale,Autre collision,,,,,,,,,,,3,1,1,1,6
201500046925,0015-02-03 08:30:00,15,2,3,8,30,910,692,RN 118,,,Plein jour,Hors agglomération,Hors intersection,Normale,Deux véhicules - arrière,,,,,,,,,,,1,1,1,1,2
201500046926,0015-02-04 09:20:00,15,2,4,9,20,940,21,AUTOROUTE A6A,48.7643,2.34239,Plein jour,Hors agglomération,Hors intersection,Normale,Deux véhicules - côté,,,,,,,,,,,1,1,1,1,3
201500046927,0015-02-04 13:00:00,15,2,4,13,0,940,21,AUTOROUTE A6B,48.7709,2.34476,Plein jour,Hors agglomération,Hors intersection,Normale,Sans collision,,,,,,,,,,,1,1,1,1,7
201500046928,0015-02-04 18:42:00,15,2,4,18,42,910,377,A10,,,Nuit sans éclairage public,Hors agglomération,Hors intersection,Normale,Deux véhicules - arrière,,,,,,,,,,,3,1,1,1,2
201500046929,0015-02-05 12:00:00,15,2,5,12,0,910,228,A6,,,Plein jour,Hors agglomération,Hors intersection,Normale,Trois véhicules et plus - collisions multiples,,,,,,,,,,,1,1,1,1,5
201500046930,0015-02-05 16:54:00,15,2,5,16,54,910,645,RN 385 Extérieure,,,Plein jour,Hors agglomération,Hors intersection,Normale,Autre collision,,,,,,,,,,,1,1,1,1,6
201500046931,0015-02-07 11:05:00,15,2,7,11,5,910,174,RN 104,,,Plein jour,Hors agglomération,Hors intersection,Normale,Trois véhicules et plus - collisions multiples,,,,,,,,,,,1,1,1,1,5
201500046932,0015-02-09 09:00:00,15,2,9,9,0,910,521,A6,,,Plein jour,Hors agglomération,Hors intersection,Normale,Deux véhicules - arrière,,,,,,,,,,,1,1,1,1,2
201500046933,0015-02-09 09:15:00,15,2,9,9,15,910,161,A6,,,Plein jour,Hors agglomération,Hors intersection,Normale,Deux véhicules - arrière,,,,,,,,,,,1,1,1,1,2
201500046934,0015-02-08 22:35:00,15,2,8,22,35,910,471,RN 118,,,Nuit sans éclairage public,Hors agglomération,Hors intersection,Normale,Sans collision,,,,,,,,,,,3,1,1,1,7
201500046935,0015-02-09 12:00:00,15,2,9,12,0,940,76,AUTOROUTE A6B,48.7934,2.34505,Plein jour,Hors agglomération,Hors intersection,Normale,Deux véhicules - arrière,,,,,,,,,,,1,1,1,1,2
201500046936,0015-02-09 15:30:00,15,2,9,15,30,940,34,AUTOROUTE A6B,48.7583,2.3387,Plein jour,Hors agglomération,Hors intersection,Normale,Deux véhicules - arrière,,,,,,,,,,,1,1,1,1,2
201500046937,0015-02-12 04:00:00,15,2,12,4,0,910,340,A6,,,Nuit sans éclairage public,Hors agglomération,Hors intersection,Normale,Autre collision,,,,,,,,,,,3,1,1,1,6
201500046938,0015-02-11 18:27:00,15,2,11,18,27,910,312,RD 444,,,Nuit sans éclairage public,Hors agglomération,Hors intersection,Normale,Deux véhicules - frontale,,,,,,,,,,,3,1,1,1,1
201500046939,0015-02-11 10:08:00,15,2,11,10,8,910,174,RN 104,,,Plein jour,Hors agglomération,Hors intersection,Normale,Trois véhicules et plus - collisions multiples,,,,,,,,,,,1,1,1,1,5
201500046940,0015-02-12 16:15:00,15,2,12,16,15,910,573,RN 104,,,Plein jour,Hors agglomération,Hors intersection,Normale,Trois véhicules et plus - collisions multiples,,,,,,,,,,,1,1,1,1,5
201500046941,0015-02-12 18:40:00,15,2,12,18,40,910,182,A6,,,Nuit sans éclairage public,Hors agglomération,Hors intersection,Normale,Deux véhicules - arrière,,,,,,,,,,,3,1,1,1,2
201500046942,0015-02-12 06:24:00,15,2,12,6,24,940,21,AUTOROUTE A6B,48.7634,2.34227,Crépuscule ou aube,Hors agglomération,Hors intersection,Normale,Deux véhicules - arrière,,,,,,,,,,,2,1,1,1,2
201500046943,0015-02-12 08:37:00,15,2,12,8,37,910,645,RN 385 Extérieure,,,Plein jour,Hors agglomération,Hors intersection,Normale,Trois véhicules et plus - collisions multiples,,,,,,,,,,,1,1,1,1,5
201500046944,0015-02-12 09:26:00,15,2,12,9,26,910,689,A6B,,,Plein jour,Hors agglomération,Hors intersection,Normale,Deux véhicules - arrière,,,,,,,,,,,1,1,1,1,2
201500046945,0015-02-13 04:35:00,15,2,13,4,35,910,617,RN 104,,,Nuit sans éclairage public,Hors agglomération,Hors intersection,Normale,Deux véhicules - arrière,,,,,,,,,,,3,1,1,1,2
201500046946,0015-02-14 00:10:00,15,2,14,0,10,940,43,AUTOROUTE A6B,48.8133,2.35417,Nuit avec éclairage allumé,Hors agglomération,Hors intersection,Pluie légère,Autre collision,,,,,,,,,,,5,1,1,2,6
201500046947,0015-02-14 01:15:00,15,2,14,1,15,910,689,A6B,,,Nuit sans éclairage public,Hors agglomération,Hors intersection,Pluie légère,Trois véhicules et plus - collisions multiples,,,,,,,,,,,3,1,1,2,5
201500046948,0015-02-14 07:00:00,15,2,14,7,0,910,689,A6B,,,Nuit sans éclairage public,Hors agglomération,Hors intersection,Pluie légère,Deux véhicules - côté,,,,,,,,,,,3,1,1,2,3
201500046949,0015-02-14 11:00:00,15,2,14,11,0,910,471,RN 118,,,Plein jour,Hors agglomération,Hors intersection,Pluie légère,Autre collision,,,,,,,,,,,1,1,1,2,6
201500046950,0015-02-15 01:08:00,15,2,15,1,8,910,377,A10,,,Nuit sans éclairage public,Hors agglomération,Hors intersection,Normale,Deux véhicules - arrière,,,,,,,,,,,3,1,1,1,2
201500046951,0015-02-15 01:46:00,15,2,15,1,46,940,34,AUTOROUTE A6A,48.7568,2.33475,Nuit avec éclairage allumé,Hors agglomération,Hors intersection,Normale,Deux véhicules - arrière,,,,,,,,,,,5,1,1,1,2
201500046952,0015-02-14 17:25:00,15,2,14,17,25,910,161,A126,,,Plein jour,Hors agglomération,Hors intersection,Pluie légère,Deux véhicules - côté,,,,,,,,,,,1,1,1,2,3
201500046953,0015-02-14 17:30:00,15,2,14,17,30,910,340,RN 104,,,Plein jour,Hors agglomération,Hors intersection,Pluie légère,Autre collision,,,,,,,,,,,1,1,1,2,6
201500046954,0015-02-15 22:15:00,15,2,15,22,15,910,521,A6,,,Nuit sans éclairage public,Hors agglomération,Hors intersection,Normale,Trois véhicules et plus - en chaîne,,,,,,,,,,,3,1,1,1,4
201500046955,0015-02-15 13:05:00,15,2,15,13,5,910,617,RN 104,,,Plein jour,Hors agglomération,Hors intersection,Normale,Autre collision,,,,,,,,,,,1,1,1,1,6
201500046956,0015-02-16 08:30:00,15,2,16,8,30,910,161,A126,,,Plein jour,Hors agglomération,Hors intersection,Brouillard / fumée,Trois véhicules et plus - en chaîne,,,,,,,,,,,1,1,1,5,4
201500046957,0015-02-16 21:30:00,15,2,16,21,30,940,76,AUTOROUTE A6B,48.7929,2.34429,Nuit sans éclairage public,Hors agglomération,Hors intersection,Normale,Trois véhicules et plus - collisions multiples,,,,,,,,,,,3,1,1,1,5
201500046958,0015-02-17 21:20:00,15,2,17,21,20,910,521,RN 104,,,Nuit avec éclairage non allumé,Hors agglomération,Hors intersection,Normale,Autre collision,,,,,,,,,,,4,1,1,1,6
201500046959,0015-02-17 19:35:00,15,2,17,19,35,770,251,AUTOROUTE A5A,,,Nuit sans éclairage public,Hors agglomération,Hors intersection,Normale,Autre collision,,,,,,,,,,,3,1,1,1,6
201500046960,0015-02-19 07:22:00,15,2,19,7,22,910,521,RN 104,,,Crépuscule ou aube,Hors agglomération,Hors intersection,Normale,Autre collision,,,,,,,,,,,2,1,1,1,6
201500046961,0015-02-20 12:40:00,15,2,20,12,40,910,235,RN 104,,,Plein jour,Hors agglomération,Hors intersection,Pluie légère,Trois véhicules et plus - collisions multiples,,,,,,,,,,,1,1,1,2,5
201500046962,0015-02-20 13:00:00,15,2,20,13,0,940,34,AUTOROUTE A6B,48.7504,2.32847,Plein jour,Hors agglomération,Hors intersection,Pluie légère,Deux véhicules - arrière,,,,,,,,,,,1,1,1,2,2
201500046963,0015-02-21 12:40:00,15,2,21,12,40,910,161,AUTOROUTE A6,,,Plein jour,Hors agglomération,Hors intersection,Normale,Autre collision,,,,,,,,,,,1,1,1,1,6
201500046964,0015-02-22 04:10:00,15,2,22,4,10,910,161,A6,,,Nuit sans éclairage public,Hors agglomération,Hors intersection,Normale,Deux véhicules - arrière,,,,,,,,,,,3,1,1,1,2
201500046965,0015-02-20 21:05:00,15,2,20,21,5,940,38,AUTOROUTE A6B,48.7771,2.34597,Nuit sans éclairage public,Hors agglomération,Hors intersection,Pluie forte,Sans collision,,,,,,,,,,,3,1,1,3,7
201500046966,0015-02-21 16:39:00,15,2,21,16,39,910,434,A6,,,Plein jour,Hors agglomération,Hors intersection,Autre,Autre collision,,,,,,,,,,,1,1,1,9,6
201500046967,0015-02-22 23:25:00,15,2,22,23,25,940,34,AUTOROUTE A6B,48.7571,2.33487,Nuit sans éclairage public,Hors agglomération,Hors intersection,Normale,Autre collision,,,,,,,,,,,3,1,1,1,6
201500046968,0015-02-25 17:40:00,15,2,25,17,40,910,521,RN 104,,,Plein jour,Hors agglomération,Hors intersection,Pluie légère,Autre collision,,,,,,,,,,,1,1,1,2,6
201500046969,0015-02-26 10:40:00,15,2,26,10,40,910,521,RN 104,,,Plein jour,Hors agglomération,Hors intersection,Pluie légère,Autre collision,,,,,,,,,,,1,1,1,2,6
201500046970,0015-02-27 14:37:00,15,2,27,14,37,910,661,A10,,,Plein jour,Hors agglomération,Hors intersection,Normale,Autre collision,,,,,,,,,,,1,1,1,1,6
201500046971,0015-03-02 11:45:00,15,3,2,11,45,940,38,AUTOROUTE A6B,48.7879,2.34454,Plein jour,Hors agglomération,Hors intersection,Normale,Deux véhicules - arrière,,,,,,,,,,,1,1,1,1,2
201500046972,0015-02-28 18:10:00,15,2,28,18,10,920,2,AUTOROUTE A10,,,Nuit sans éclairage public,Hors agglomération,Hors intersection,Pluie légère,Autre collision,,,,,,,,,,,3,1,1,2,6
201500046973,0015-03-01 09:00:00,15,3,1,9,0,910,521,RN 104,,,Plein jour,Hors agglomération,Hors intersection,Normale,Autre collision,,,,,,,,,,,1,1,1,1,6
201500046974,0015-03-02 09:07:00,15,3,2,9,7,910,136,AUTOROUTE A126,,,Plein jour,Hors agglomération,Hors intersection,Normale,Deux véhicules - frontale,,,,,,,,,,,1,1,1,1,1
201500046975,0015-03-01 10:30:00,15,3,1,10,30,910,521,RN 104,,,Plein jour,Hors agglomération,Hors intersection,Normale,Autre collision,,,,,,,,,,,1,1,1,1,6
201500046976,0015-03-01 21:52:00,15,3,1,21,52,910,521,RN 104,,,Nuit sans éclairage public,Hors agglomération,Hors intersection,Normale,Sans collision,,,,,,,,,,,3,1,1,1,7
201500046977,0015-03-02 16:10:00,15,3,2,16,10,910,161,AUTOROUTE A6,,,Plein jour,Hors agglomération,Hors intersection,Normale,Trois véhicules et plus - en chaîne,,,,,,,,,,,1,1,1,1,4
201500046978,0015-03-02 15:50:00,15,3,2,15,50,910,521,RN 449,,,Plein jour,Hors agglomération,Hors intersection,Normale,Deux véhicules - arrière,,,,,,,,,,,1,1,1,1,2
201500046979,0015-03-03 19:30:00,15,3,3,19,30,910,666,AUTOROUTE A10,,,Nuit sans éclairage public,Hors agglomération,Hors intersection,Pluie légère,Autre collision,,,,,,,,,,,3,1,1,2,6
201500046980,0015-03-05 10:40:00,15,3,5,10,40,940,34,AUTOROUTE A86,48.7602,2.32048,Plein jour,Hors agglomération,Hors intersection,Normale,Trois véhicules et plus - en chaîne,,,,,,,,,,,1,1,1,1,4
201500046981,0015-03-05 12:30:00,15,3,5,12,30,940,34,AUTOROUTE A86,48.7563,2.3394,Plein jour,Hors agglomération,Hors intersection,Normale,Sans collision,,,,,,,,,,,1,1,1,1,7
201500046982,0015-03-05 17:00:00,15,3,5,17,0,910,434,AUTOROUTE A6,,,Plein jour,Hors agglomération,Hors intersection,Normale,Trois véhicules et plus - en chaîne,,,,,,,,,,,1,1,1,1,4
201500046983,0015-03-09 08:55:00,15,3,9,8,55,910,179,AUTOROUTE A6,,,Plein jour,Hors agglomération,Hors intersection,Normale,Deux véhicules - côté,,,,,,,,,,,1,1,1,1,3
201500046984,0015-03-08 20:05:00,15,3,8,20,5,910,521,AUTOROUTE A6,,,Nuit avec éclairage non allumé,Hors agglomération,Hors intersection,Normale,Deux véhicules - arrière,,,,,,,,,,,4,1,1,1,2
201500046985,0015-03-06 15:30:00,15,3,6,15,30,910,174,RN 104,,,Plein jour,Hors agglomération,Hors intersection,Normale,Deux véhicules - arrière,,,,,,,,,,,1,1,1,1,2
201500046986,0015-03-06 16:40:00,15,3,6,16,40,910,689,AUTOROUTE A6A,,,Plein jour,Hors agglomération,Hors intersection,Normale,Trois véhicules et plus - collisions multiples,,,,,,,,,,,1,1,1,1,5
201500046987,0015-03-06 17:00:00,15,3,6,17,0,940,38,AUTOROUTE A6A,48.7748,2.34591,Plein jour,Hors agglomération,Hors intersection,Normale,Deux véhicules - côté,,,,,,,,,,,1,1,1,1,3
201500046988,0015-03-07 10:50:00,15,3,7,10,50,910,161,AUTOROUTE A6,,,Plein jour,Hors agglomération,Hors intersection,Normale,Trois véhicules et plus - collisions multiples,,,,,,,,,,,1,1,1,1,5
201500046989,0015-03-09 18:30:00,15,3,9,18,30,770,251,AUTOROUTE A5A,,,Crépuscule ou aube,Hors agglomération,Hors intersection,Normale,Deux véhicules - arrière,,,,,,,,,,,2,1,1,1,2
201500046990,0015-03-10 09:45:00,15,3,10,9,45,940,43,AUTOROUTE A6B,48.8103,2.34982,Plein jour,Hors agglomération,Hors intersection,Normale,Deux véhicules - arrière,,,,,,,,,,,1,1,1,1,2
201500046991,0015-03-11 08:00:00,15,3,11,8,0,940,43,AUTOROUTE A6B,48.8151,2.35583,Plein jour,Hors agglomération,Hors intersection,Normale,Deux véhicules - arrière,,,,,,,,,,,1,1,1,1,2
201500046992,0015-03-10 17:50:00,15,3,10,17,50,910,471,RN 118,,,Plein jour,Hors agglomération,Hors intersection,Normale,Trois véhicules et plus - en chaîne,,,,,,,,,,,1,1,1,1,4
201500046993,0015-03-11 22:40:00,15,3,11,22,40,940,21,AUTOROUTE A6B,48.7627,2.34075,Nuit sans éclairage public,Hors agglomération,Hors intersection,Normale,Deux véhicules - côté,,,,,,,,,,,3,1,1,1,3
201500046994,0015-03-11 18:30:00,15,3,11,18,30,910,161,AUTOROUTE A6,,,Plein jour,Hors agglomération,Hors intersection,Normale,Deux véhicules - arrière,,,,,,,,,,,1,1,1,1,2
201500046995,0015-03-11 07:05:00,15,3,11,7,5,940,34,AUTOROUTE A6B,48.7537,2.33227,Crépuscule ou aube,Hors agglomération,Hors intersection,Normale,Trois véhicules et plus - collisions multiples,,,,,,,,,,,2,1,1,1,5
201500046996,0015-03-11 07:15:00,15,3,11,7,15,910,312,RD 444,,,Crépuscule ou aube,Hors agglomération,Hors intersection,Normale,Deux véhicules - arrière,,,,,,,,,,,2,1,1,1,2
201500046997,0015-03-12 03:40:00,15,3,12,3,40,910,286,AUTOROUTE A6,,,Nuit sans éclairage public,Hors agglomération,Hors intersection,Normale,Autre collision,,,,,,,,,,,3,1,1,1,6
201500046998,0015-03-12 14:40:00,15,3,12,14,40,910,477,AUTOROUTE A10,,,Plein jour,Hors agglomération,Hors intersection,Normale,Sans collision,,,,,,,,,,,1,1,1,1,7
201500046999,0015-03-14 15:00:00,15,3,14,15,0,910,345,AUTOROUTE A6,,,Plein jour,Hors agglomération,Hors intersection,Normale,Deux véhicules - côté,,,,,,,,,,,1,1,1,1,3
201500047000,0015-03-14 22:50:00,15,3,14,22,50,910,312,RD 444,,,Nuit sans éclairage public,Hors agglomération,Hors intersection,Normale,Deux véhicules - frontale,,,,,,,,,,,3,1,1,1,1
201500047001,0015-03-17 22:40:00,15,3,17,22,40,910,312,RD 444,,,Nuit sans éclairage public,Hors agglomération,Hors intersection,Normale,Deux véhicules - arrière,,,,,,,,,,,3,1,1,1,2
201500047002,0015-03-17 22:32:00,15,3,17,22,32,910,174,RN 104,,,Nuit sans éclairage public,Hors agglomération,Hors intersection,Normale,Deux véhicules - arrière,,,,,,,,,,,3,1,1,1,2
201500047003,0015-03-17 07:20:00,15,3,17,7,20,910,37,AUTOROUTE A6,,,Plein jour,Hors agglomération,Hors intersection,Normale,Deux véhicules - arrière,,,,,,,,,,,1,1,1,1,2
201500047004,0015-03-15 12:10:00,15,3,15,12,10,770,251,AUTOROUTE A5A,,,Plein jour,Hors agglomération,Hors intersection,Normale,Deux véhicules - arrière,,,,,,,,,,,1,1,1,1,2
201500047005,0015-03-18 15:55:00,15,3,18,15,55,940,76,AUTOROUTE A6B,48.7952,2.3452,Plein jour,Hors agglomération,Hors intersection,Normale,Deux véhicules - côté,,,,,,,,,,,1,1,1,1,3
201500047006,0015-03-19 17:50:00,15,3,19,17,50,910,477,RD 444,,,Plein jour,Hors agglomération,Hors intersection,Normale,Trois véhicules et plus - collisions multiples,,,,,,,,,,,1,1,1,1,5
201500047007,0015-03-19 21:34:00,15,3,19,21,34,940,38,AUTOROUTE A6B,48.7883,2.34432,Nuit avec éclairage allumé,Hors agglomération,Hors intersection,Normale,Deux véhicules - côté,,,,,,,,,,,5,1,1,1,3
201500047008,0015-03-19 06:20:00,15,3,19,6,20,910,549,RN 104,,,Crépuscule ou aube,Hors agglomération,Hors intersection,Normale,Trois véhicules et plus - collisions multiples,,,,,,,,,,,2,1,1,1,5
201500047009,0015-03-19 09:15:00,15,3,19,9,15,910,103,RN 104,,,Plein jour,Hors agglomération,Hors intersection,Normale,Trois véhicules et plus - en chaîne,,,,,,,,,,,1,1,1,1,4
201500047010,0015-03-19 15:01:00,15,3,19,15,1,940,43,AUTOROUTE A6B,48.8123,2.35244,Plein jour,Hors agglomération,Hors intersection,Normale,Deux véhicules - arrière,,,,,,,,,,,1,1,1,1,2
201500047011,0015-03-19 17:50:00,15,3,19,17,50,910,161,AUTOROUTE A6,,,Plein jour,Hors agglomération,Hors intersection,Normale,Trois véhicules et plus - collisions multiples,,,,,,,,,,,1,1,1,1,5