accident_id,datetime,annee,mois,jour,heure,minute,departement,commune_insee,adresse,latitude,longitude,luminosite,agglomeration,intersection,meteo,collision,nb_vehicules,nb_usagers,nb_indemnes,nb_tues,nb_blesses_hosp,nb_blesses_legers,age_cond_1,age_cond_2,veh_type_cond_1,veh_type_cond_2,lum_code,agg_code,int_code,atm_code,col_code
201500047012,0015-03-24 02:15:00,15,3,24,2,15,910,521,AUTOROUTE A6,,,Nuit sans éclairage public,Hors agglomération,Hors intersection,Normale,Deux véhicules - arrière,,,,,,,,,,,3,1,1,1,2
201500047013,0015-03-23 07:00:00,15,3,23,7,0,910,103,RN 104,,,Crépuscule ou aube,Hors agglomération,Hors intersection,Normale,Autre collision,,,,,,,,,,,2,1,1,1,6
201500047014,0015-03-23 19:45:00,15,3,23,19,45,910,174,RN 104,,,Nuit sans éclairage public,Hors agglomération,Hors intersection,Normale,Deux véhicules - arrière,,,,,,,,,,,3,1,1,1,2
201500047015,0015-03-24 08:30:00,15,3,24,8,30,940,38,AUTOROUTE A6A,48.773,2.34581,Plein jour,Hors agglomération,Hors intersection,Normale,Deux véhicules - arrière,,,,,,,,,,,1,1,1,1,2
201500047016,0015-03-25 09:22:00,15,3,25,9,22,910,179,AUTOROUTE A6,,,Plein jour,Hors agglomération,Hors intersection,Normale,Deux véhicules - arrière,,,,,,,,,,,1,1,1,1,2
201500047017,0015-03-26 16:25:00,15,3,26,16,25,920,2,AUTOROUTE A86,,,Plein jour,Hors agglomération,Hors intersection,Normale,Sans collision,,,,,,,,,,,1,1,1,1,7
201500047018,0015-04-08 08:40:00,15,4,8,8,40,910,286,AUTOROUTE A6,,,Plein jour,Hors agglomération,Hors intersection,Normale,Trois véhicules et plus - en chaîne,,,,,,,,,,,1,1,1,1,4
201500047019,0015-03-27 01:25:00,15,3,27,1,25,910,432,AUTOROUTE A6,,,Nuit sans éclairage public,Hors agglomération,Hors intersection,Normale,Trois véhicules et plus - collisions multiples,,,,,,,,,,,3,1,1,1,5
201500047020,0015-03-26 10:15:00,15,3,26,10,15,910,471,RN 118,,,Plein jour,Hors agglomération,Hors intersection,Normale,Trois véhicules et plus - en chaîne,,,,,,,,,,,1,1,1,1,4
201500047021,0015-03-27 17:22:00,15,3,27,17,22,910,377,RN20,,,Plein jour,Hors agglomération,Hors intersection,Normale,Deux véhicules - côté,,,,,,,,,,,1,1,1,1,3
201500047022,0015-04-08 10:06:00,15,4,8,10,6,910,434,AUTOROUTE A6,,,Plein jour,Hors agglomération,Hors intersection,Normale,Trois véhicules et plus - en chaîne,,,,,,,,,,,1,1,1,1,4
201500047023,0015-03-28 23:30:00,15,3,28,23,30,910,347,RN 104,,,Nuit sans éclairage public,Hors agglomération,Hors intersection,Temps couvert,Sans collision,,,,,,,,,,,3,1,1,8,7
201500047024,0015-03-29 12:45:00,15,3,29,12,45,940,34,AUTOROUTE A6B,48.7588,2.33629,Plein jour,Hors agglomération,Hors intersection,Pluie légère,Autre collision,,,,,,,,,,,1,1,1,2,6
201500047025,0015-03-29 19:05:00,15,3,29,19,5,910,521,RN 449,,,Plein jour,Hors agglomération,Hors intersection,Pluie légère,Autre collision,,,,,,,,,,,1,1,1,2,6
201500047026,0015-03-29 20:15:00,15,3,29,20,15,910,589,AUTOROUTE A6,,,Nuit sans éclairage public,Hors agglomération,Hors intersection,Pluie légère,Deux véhicules - arrière,,,,,,,,,,,3,1,1,2,2
201500047027,0015-03-29 22:45:00,15,3,29,22,45,910,161,AUTOROUTE A6,,,Nuit sans éclairage public,Hors agglomération,Hors intersection,Pluie légère,Autre collision,,,,,,,,,,,3,1,1,2,6
201500047028,0015-03-26 08:33:00,15,3,26,8,33,910,136,AUTOROUTE A10,,,Plein jour,Hors agglomération,Hors intersection,Normale,Deux véhicules - arrière,,,,,,,,,,,1,1,1,1,2
201500047029,0015-03-30 19:40:00,15,3,30,19,40,910,340,AUTOROUTE A6,,,Plein jour,Hors agglomération,Hors intersection,Normale,Trois véhicules et plus - collisions multiples,,,,,,,,,,,1,1,1,1,5
201500047030,0015-03-31 16:36:00,15,3,31,16,36,940,3,AUTOROUTE A6A,48.8073,2.34107,Plein jour,Hors agglomération,Hors intersection,Normale,Deux véhicules - arrière,,,,,,,,,,,1,1,1,1,2
201500047031,0015-04-01 19:30:00,15,4,1,19,30,910,661,RD 188 CHEVREUSE,,,Plein jour,Hors agglomération,Hors intersection,Normale,Trois véhicules et plus - collisions multiples,,,,,,,,,,,1,1,1,1,5
201500047032,0015-04-01 09:00:00,15,4,1,9,0,910,363,RN 104,,,Plein jour,Hors agglomération,Hors intersection,Pluie légère,Deux véhicules - arrière,,,,,,,,,,,1,1,1,2,2
201500047033,0015-04-02 09:15:00,15,4,2,9,15,910,661,RD 188 CHEVREUSE,,,Plein jour,Hors agglomération,Hors intersection,Pluie légère,Trois véhicules et plus - en chaîne,,,,,,,,,,,1,1,1,2,4
201500047034,0015-04-04 11:50:00,15,4,4,11,50,910,617,RN 104,,,Plein jour,Hors agglomération,Hors intersection,Pluie légère,Autre collision,,,,,,,,,,,1,1,1,2,6
201500047035,0015-04-05 15:48:00,15,4,5,15,48,910,521,RD 449,,,Plein jour,Hors agglomération,Hors intersection,Normale,Sans collision,,,,,,,,,,,1,1,1,1,7
201500047036,0015-04-03 18:00:00,15,4,3,18,0,910,161,AUTOROUTE A6,,,Plein jour,Hors agglomération,Hors intersection,Pluie légère,Deux véhicules - côté,,,,,,,,,,,1,1,1,2,3
201500047037,0015-04-03 18:15:00,15,4,3,18,15,910,521,AUTOROUTE A6,,,Plein jour,Hors agglomération,Hors intersection,Pluie légère,Trois véhicules et plus - collisions multiples,,,,,,,,,,,1,1,1,2,5
201500047038,0015-04-03 18:50:00,15,4,3,18,50,910,179,AUTOROUTE A6,,,Plein jour,Hors agglomération,Hors intersection,Pluie forte,Deux véhicules - côté,,,,,,,,,,,1,1,1,3,3
201500047039,0015-04-03 21:15:00,15,4,3,21,15,940,21,AUTOROUTE A6B,48.7631,2.34108,Nuit avec éclairage allumé,Hors agglomération,Hors intersection,Pluie légère,Sans collision,,,,,,,,,,,5,1,1,2,7
201500047040,0015-04-03 22:30:00,15,4,3,22,30,910,179,AUTOROUTE A6,,,Nuit sans éclairage public,Hors agglomération,Hors intersection,Pluie forte,Deux véhicules - arrière,,,,,,,,,,,3,1,1,3,2
201500047041,0015-04-05 18:46:00,15,4,5,18,46,940,34,AUTOROUTE A86,48.7585,2.32527,Plein jour,Hors agglomération,Hors intersection,Normale,Trois véhicules et plus - en chaîne,,,,,,,,,,,1,1,1,1,4
201500047042,0015-04-05 20:15:00,15,4,5,20,15,910,86,RN 104,,,Nuit sans éclairage public,Hors agglomération,Hors intersection,Normale,Sans collision,,,,,,,,,,,3,1,1,1,7
201500047043,0015-04-06 15:05:00,15,4,6,15,5,940,3,AUTOROUTE A6A,48.8129,2.33613,Plein jour,Hors agglomération,Hors intersection,Normale,Sans collision,,,,,,,,,,,1,1,1,1,7
201500047044,0015-04-07 16:30:00,15,4,7,16,30,910,312,RD 444,,,Plein jour,Hors agglomération,Hors intersection,Normale,Deux véhicules - arrière,,,,,,,,,,,1,1,1,1,2
201500047045,0015-04-07 18:15:00,15,4,7,18,15,910,86,RN 104,,,Plein jour,Hors agglomération,Hors intersection,Normale,Trois véhicules et plus - en chaîne,,,,,,,,,,,1,1,1,1,4
201500047046,0015-04-07 10:50:00,15,4,7,10,50,920,2,AUTOROUTE A10,,,Plein jour,Hors agglomération,Hors intersection,Normale,Trois véhicules et plus - en chaîne,,,,,,,,,,,1,1,1,1,4
201500047047,0015-04-07 12:06:00,15,4,7,12,6,910,689,AUTOROUTE A6A,,,Plein jour,Hors agglomération,Hors intersection,Normale,Deux véhicules - côté,,,,,,,,,,,1,1,1,1,3
201500047048,0015-03-31 17:17:00,15,3,31,17,17,910,216,AUTOROUTE A6,,,Plein jour,Hors agglomération,Hors intersection,Normale,Deux véhicules - arrière,,,,,,,,,,,1,1,1,1,2
201500047049,0015-04-09 08:35:00,15,4,9,8,35,910,86,RN 104,,,Plein jour,Hors agglomération,Hors intersection,Normale,Deux véhicules - arrière,,,,,,,,,,,1,1,1,1,2
201500047050,0015-04-09 20:00:00,15,4,9,20,0,910,161,AUTOROUTE A6,,,Plein jour,Hors agglomération,Hors intersection,Normale,Autre collision,,,,,,,,,,,1,1,1,1,6
201500047051,0015-04-10 08:30:00,15,4,10,8,30,940,38,AUTOROUTE A6A,48.773,2.34581,Plein jour,Hors agglomération,Hors intersection,Normale,Deux véhicules - côté,,,,,,,,,,,1,1,1,1,3
201500047052,0015-04-10 10:00:00,15,4,10,10,0,910,477,AUTOROUTE A10,,,Plein jour,Hors agglomération,Hors intersection,Normale,Deux véhicules - arrière,,,,,,,,,,,1,1,1,1,2
201500047053,0015-04-12 16:44:00,15,4,12,16,44,910,589,AUTOROUTE A6,,,Plein jour,Hors agglomération,Hors intersection,Normale,Deux véhicules - arrière,,,,,,,,,,,1,1,1,1,2
201500047054,0015-04-10 20:00:00,15,4,10,20,0,910,377,AUTOROUTE A10,,,Plein jour,Hors agglomération,Hors intersection,Normale,Deux véhicules - côté,,,,,,,,,,,1,1,1,1,3
201500047055,0015-04-11 17:10:00,15,4,11,17,10,910,617,RN 104,,,Plein jour,Hors agglomération,Hors intersection,Pluie légère,Deux véhicules - arrière,,,,,,,,,,,1,1,1,2,2
201500047056,0015-04-12 01:59:00,15,4,12,1,59,910,471,RN 118,,,Nuit sans éclairage public,Hors agglomération,Hors intersection,Normale,Deux véhicules - arrière,,,,,,,,,,,3,1,1,1,2
201500047057,0015-04-13 18:30:00,15,4,13,18,30,910,312,RD 444,,,Plein jour,Hors agglomération,Hors intersection,Normale,Deux véhicules - arrière,,,,,,,,,,,1,1,1,1,2
201500047058,0015-04-13 06:30:00,15,4,13,6,30,910,286,AUTOROUTE A6,,,Crépuscule ou aube,Hors agglomération,Hors intersection,Normale,Trois véhicules et plus - collisions multiples,,,,,,,,,,,2,1,1,1,5
201500047059,0015-04-13 08:16:00,15,4,13,8,16,910,377,AUTOROUTE A10,,,Plein jour,Hors agglomération,Hors intersection,Normale,Trois véhicules et plus - en chaîne,,,,,,,,,,,1,1,1,1,4
201500047060,0015-04-14 19:25:00,15,4,14,19,25,940,34,AUTOROUTE A86,48.7594,2.32291,Crépuscule ou aube,Hors agglomération,Hors intersection,Normale,Deux véhicules - arrière,,,,,,,,,,,2,1,1,1,2
201500047061,0015-04-14 19:30:00,15,4,14,19,30,910,64,RN 118,,,Plein jour,Hors agglomération,Hors intersection,Normale,Deux véhicules - arrière,,,,,,,,,,,1,1,1,1,2
201500047062,0015-04-15 11:20:00,15,4,15,11,20,940,76,AUTOROUTE A6A,48.7934,2.3449,Plein jour,Hors agglomération,Hors intersection,Normale,Trois véhicules et plus - collisions multiples,,,,,,,,,,,1,1,1,1,5
201500047063,0015-04-19 19:55:00,15,4,19,19,55,940,34,AUTOROUTE A86,48.7606,2.31928,Plein jour,Hors agglomération,Hors intersection,Normale,Trois véhicules et plus - en chaîne,,,,,,,,,,,1,1,1,1,4
201500047064,0015-04-17 16:44:00,15,4,17,16,44,940,34,AUTOROUTE A86,48.761,2.31808,Plein jour,Hors agglomération,Hors intersection,Normale,Trois véhicules et plus - en chaîne,,,,,,,,,,,1,1,1,1,4
201500047065,0015-04-18 12:20:00,15,4,18,12,20,910,363,RN 104,,,Plein jour,Hors agglomération,Hors intersection,Normale,Deux véhicules - côté,,,,,,,,,,,1,1,1,1,3
201500047066,0015-04-19 11:30:00,15,4,19,11,30,920,2,AUTOROUTE A10,,,Plein jour,Hors agglomération,Hors intersection,Normale,Trois véhicules et plus - collisions multiples,,,,,,,,,,,1,1,1,1,5
201500047067,0015-04-20 08:11:00,15,4,20,8,11,940,34,AUTOROUTE A86,48.7565,2.33303,Plein jour,Hors agglomération,Hors intersection,Normale,Trois véhicules et plus - collisions multiples,,,,,,,,,,,1,1,1,1,5
201500047068,0015-04-20 18:55:00,15,4,20,18,55,910,182,AUTOROUTE A6,,,Plein jour,Hors agglomération,Hors intersection,Normale,Trois véhicules et plus - en chaîne,,,,,,,,,,,1,1,1,1,4
201500047069,0015-04-21 10:05:00,15,4,21,10,5,910,363,RN 104,,,Plein jour,Hors agglomération,Hors intersection,Normale,Autre collision,,,,,,,,,,,1,1,1,1,6
201500047070,0015-04-22 18:00:00,15,4,22,18,0,910,182,RN 104,,,Plein jour,Hors agglomération,Hors intersection,Normale,Deux véhicules - côté,,,,,,,,,,,1,1,1,1,3
201500047071,0015-04-23 15:00:00,15,4,23,15,0,910,363,RN 104,,,Plein jour,Hors agglomération,Hors intersection,Normale,Deux véhicules - côté,,,,,,,,,,,1,1,1,1,3
201500047072,0015-04-23 17:35:00,15,4,23,17,35,910,340,RN 104,,,Plein jour,Hors agglomération,Hors intersection,Normale,Deux véhicules - arrière,,,,,,,,,,,1,1,1,1,2
201500047073,0015-04-23 18:50:00,15,4,23,18,50,910,161,AUTOROUTE A6,,,Plein jour,Hors agglomération,Hors intersection,Normale,Deux véhicules - côté,,,,,,,,,,,1,1,1,1,3
201500047074,0015-04-23 18:07:00,15,4,23,18,7,910,182,RN 104,,,Plein jour,Hors agglomération,Hors intersection,Normale,Deux véhicules - côté,,,,,,,,,,,1,1,1,1,3
201500047075,0015-04-25 14:35:00,15,4,25,14,35,910,468,AUTOROUTE A6,,,Plein jour,Hors agglomération,Hors intersection,Normale,Autre collision,,,,,,,,,,,1,1,1,1,6
201500047076,0015-04-25 03:31:00,15,4,25,3,31,910,689,AUTOROUTE A6B,,,Nuit sans éclairage public,Hors agglomération,Hors intersection,Normale,Deux véhicules - côté,,,,,,,,,,,3,1,1,1,3
201500047077,0015-04-26 16:00:00,15,4,26,16,0,910,216,AUTOROUTE A6,,,Plein jour,Hors agglomération,Hors intersection,Pluie forte,Deux véhicules - côté,,,,,,,,,,,1,1,1,3,3
201500047078,0015-04-26 17:50:00,15,4,26,17,50,940,34,AUTOROUTE A86,48.7577,2.33954,Plein jour,Hors agglomération,Hors intersection,Pluie forte,Autre collision,,,,,,,,,,,1,1,1,3,6
201500047079,0015-04-26 19:15:00,15,4,26,19,15,910,521,RN 104,,,Plein jour,Hors agglomération,Autre intersection,Pluie légère,Autre collision,,,,,,,,,,,1,1,9,2,6
201500047080,0015-04-26 22:17:00,15,4,26,22,17,910,521,RN 104,,,Nuit sans éclairage public,Hors agglomération,Hors intersection,Pluie légère,Autre collision,,,,,,,,,,,3,1,1,2,6
201500047081,0015-04-26 22:43:00,15,4,26,22,43,910,521,RN 104,,,Nuit avec éclairage allumé,Hors agglomération,Hors intersection,Pluie légère,Trois véhicules et plus - collisions multiples,,,,,,,,,,,5,1,1,2,5
201500047082,0015-04-24 09:00:00,15,4,24,9,0,940,34,AUTOROUTE A86,48.7563,2.3394,Plein jour,Hors agglomération,Hors intersection,Normale,Trois véhicules et plus - en chaîne,,,,,,,,,,,1,1,1,1,4
201500047083,0015-04-25 10:47:00,15,4,25,10,47,910,179,AUTOROUTE A6,,,Plein jour,Hors agglomération,Hors intersection,Normale,Trois véhicules et plus - en chaîne,,,,,,,,,,,1,1,1,1,4
201500047084,0015-04-25 09:03:00,15,4,25,9,3,910,617,RN 104,,,Plein jour,Hors agglomération,Hors intersection,Temps couvert,Autre collision,,,,,,,,,,,1,1,1,8,6
201500047085,0015-04-27 17:10:00,15,4,27,17,10,910,645,RN 385 INT,,,Plein jour,Hors agglomération,Hors intersection,Normale,Deux véhicules - arrière,,,,,,,,,,,1,1,1,1,2
201500047086,0015-04-29 12:30:00,15,4,29,12,30,910,689,AUTOROUTE A6A,,,Plein jour,Hors agglomération,Hors intersection,Normale,Trois véhicules et plus - en chaîne,,,,,,,,,,,1,1,1,1,4
201500047087,0015-04-29 18:31:00,15,4,29,18,31,910,434,AUTOROUTE A6,,,Plein jour,Hors agglomération,Hors intersection,Normale,Deux véhicules - arrière,,,,,,,,,,,1,1,1,1,2
201500047088,0015-04-29 19:15:00,15,4,29,19,15,910,161,AUTOROUTE A6,,,Plein jour,Hors agglomération,Hors intersection,Normale,Deux véhicules - arrière,,,,,,,,,,,1,1,1,1,2
201500047089,0015-05-01 14:00:00,15,5,1,14,0,910,136,AUTOROUTE A10,,,Plein jour,Hors agglomération,Hors intersection,Pluie légère,Autre collision,,,,,,,,,,,1,1,1,2,6
201500047090,0015-05-01 17:00:00,15,5,1,17,0,910,136,AUTOROUTE A10,,,Plein jour,Hors agglomération,Hors intersection,Normale,Autre collision,,,,,,,,,,,1,1,1,1,6
201500047091,0015-05-01 14:20:00,15,5,1,14,20,910,617,RN 104,,,Plein jour,Hors agglomération,Hors intersection,Pluie légère,Autre collision,,,,,,,,,,,1,1,1,2,6
201500047092,0015-05-01 15:00:00,15,5,1,15,0,910,340,RN 104,,,Plein jour,Hors agglomération,Hors intersection,Pluie légère,Sans collision,,,,,,,,,,,1,1,1,2,7
201500047093,0015-05-01 16:00:00,15,5,1,16,0,910,182,RN 104,,,Plein jour,Hors agglomération,Hors intersection,Pluie forte,Sans collision,,,,,,,,,,,1,1,1,3,7
201500047094,0015-05-01 16:30:00,15,5,1,16,30,940,34,AUTOROUTE A86,48.7558,2.33918,Plein jour,Hors agglomération,Hors intersection,Pluie légère,Autre collision,,,,,,,,,,,1,1,1,2,6
201500047095,0015-05-01 18:00:00,15,5,1,18,0,940,34,AUTOROUTE A86,48.7563,2.3394,Plein jour,Hors agglomération,Hors intersection,Pluie légère,Autre collision,,,,,,,,,,,1,1,1,2,6
201500047096,0015-05-01 17:35:00,15,5,1,17,35,910,521,RN 449,,,Plein jour,Hors agglomération,Hors intersection,Pluie forte,Autre collision,,,,,,,,,,,1,1,1,3,6
201500047097,0015-05-02 18:00:00,15,5,2,18,0,910,235,RN 104,,,Plein jour,Hors agglomération,Hors intersection,Pluie forte,Deux véhicules - côté,,,,,,,,,,,1,1,1,3,3
201500047098,0015-05-02 19:30:00,15,5,2,19,30,920,2,AUTOROUTE A10,,,Plein jour,Hors agglomération,Hors intersection,Pluie légère,Trois véhicules et plus - en chaîne,,,,,,,,,,,1,1,1,2,4
201500047099,0015-05-04 09:50:00,15,5,4,9,50,910,161,AUTOROUTE A6,,,Plein jour,Hors agglomération,Hors intersection,Normale,Trois véhicules et plus - en chaîne,,,,,,,,,,,1,1,1,1,4
201500047100,0015-04-30 08:40:00,15,4,30,8,40,940,34,AUTOROUTE A86,48.7571,2.33022,Plein jour,Hors agglomération,Hors intersection,Pluie légère,Sans collision,,,,,,,,,,,1,1,1,2,7
201500047101,0015-04-30 18:26:00,15,4,30,18,26,910,136,A10 PARIS / RD188 PARIS,,,Plein jour,Hors agglomération,Hors intersection,Pluie forte,Deux véhicules - arrière,,,,,,,,,,,1,1,1,3,2
201500047102,0015-04-30 19:47:00,15,4,30,19,47,910,434,AUTOROUTE A6,,,Plein jour,Hors agglomération,Hors intersection,Pluie légère,Sans collision,,,,,,,,,,,1,1,1,2,7
201500047103,0015-05-01 08:43:00,15,5,1,8,43,910,235,RN 104,,,Plein jour,Hors agglomération,Hors intersection,Pluie forte,Sans collision,,,,,,,,,,,1,1,1,3,7
201500047104,0015-05-01 07:25:00,15,5,1,7,25,910,645,RN 385 Extèrieure,,,Plein jour,Hors agglomération,Hors intersection,Pluie forte,Autre collision,,,,,,,,,,,1,1,1,3,6
201500047105,0015-05-02 11:35:00,15,5,2,11,35,910,477,AUTOROUTE A10,,,Plein jour,Hors agglomération,Hors intersection,Pluie forte,Sans collision,,,,,,,,,,,1,1,1,3,7
201500047106,0015-05-03 02:50:00,15,5,3,2,50,940,43,AUTOROUTE A6B,48.8131,2.35421,Nuit sans éclairage public,Hors agglomération,Hors intersection,Pluie forte,Autre collision,,,,,,,,,,,3,1,1,3,6
201500047107,0015-05-03 17:40:00,15,5,3,17,40,910,521,RN 104,,,Plein jour,Hors agglomération,Hors intersection,Pluie légère,Trois véhicules et plus - en chaîne,,,,,,,,,,,1,1,1,2,4
201500047108,0015-05-05 00:50:00,15,5,5,0,50,910,179,AUTOROUTE A6,,,Nuit sans éclairage public,Hors agglomération,Hors intersection,Temps couvert,Autre collision,,,,,,,,,,,3,1,1,8,6
201500047109,0015-05-05 00:01:00,15,5,5,0,1,940,34,AUTOROUTE A86,48.7587,2.3253,Nuit sans éclairage public,Hors agglomération,Hors intersection,Temps couvert,Trois véhicules et plus - en chaîne,,,,,,,,,,,3,1,1,8,4
201500047110,0015-05-05 11:39:00,15,5,5,11,39,940,76,AUTOROUTE A6A,48.7925,2.34467,Plein jour,Hors agglomération,Hors intersection,Normale,Trois véhicules et plus - en chaîne,,,,,,,,,,,1,1,1,1,4
201500047111,0015-05-06 18:54:00,15,5,6,18,54,910,161,AUTOROUTE A6,,,Plein jour,Hors agglomération,Hors intersection,Normale,Trois véhicules et plus - collisions multiples,,,,,,,,,,,1,1,1,1,5
201500047112,0015-05-07 18:20:00,15,5,7,18,20,910,521,RN 104,,,Plein jour,Hors agglomération,Hors intersection,Normale,Autre collision,,,,,,,,,,,1,1,1,1,6
201500047113,0015-05-07 18:40:00,15,5,7,18,40,940,76,AUTOROUTE A6B,48.7961,2.34496,Plein jour,Hors agglomération,Hors intersection,Normale,Trois véhicules et plus - collisions multiples,,,,,,,,,,,1,1,1,1,5
201500047114,0015-05-07 08:45:00,15,5,7,8,45,910,86,RN 104,,,Plein jour,Hors agglomération,Hors intersection,Normale,Deux véhicules - arrière,,,,,,,,,,,1,1,1,1,2
201500047115,0015-05-07 08:47:00,15,5,7,8,47,770,251,RN 104,,,Plein jour,Hors agglomération,Hors intersection,Normale,Deux véhicules - côté,,,,,,,,,,,1,1,1,1,3
201500047116,0015-05-08 12:14:00,15,5,8,12,14,910,468,AUTOROUTE A6,,,Plein jour,Hors agglomération,Hors intersection,Normale,Deux véhicules - arrière,,,,,,,,,,,1,1,1,1,2
201500047117,0015-05-10 19:30:00,15,5,10,19,30,910,687,AUTOROUTE A6,,,Plein jour,Hors agglomération,Hors intersection,Normale,Deux véhicules - côté,,,,,,,,,,,1,1,1,1,3
201500047118,0015-05-11 07:15:00,15,5,11,7,15,910,553,RN 104,,,Plein jour,Hors agglomération,Hors intersection,Normale,Sans collision,,,,,,,,,,,1,1,1,1,7
201500047119,0015-05-11 18:10:00,15,5,11,18,10,910,687,AUTOROUTE A6,,,Plein jour,Hors agglomération,Hors intersection,Normale,Deux véhicules - arrière,,,,,,,,,,,1,1,1,1,2
201500047120,0015-05-11 17:50:00,15,5,11,17,50,910,471,RN 118,,,Plein jour,Hors agglomération,Hors intersection,Normale,Deux véhicules - côté,,,,,,,,,,,1,1,1,1,3
201500047121,0015-05-12 09:45:00,15,5,12,9,45,910,549,RN 104,,,Plein jour,Hors agglomération,Hors intersection,Normale,Deux véhicules - arrière,,,,,,,,,,,1,1,1,1,2
201500047122,0015-05-12 14:40:00,15,5,12,14,40,910,179,AUTOROUTE A6,,,Plein jour,Hors agglomération,Hors intersection,Normale,Trois véhicules et plus - collisions multiples,,,,,,,,,,,1,1,1,1,5
201500047123,0015-05-12 19:48:00,15,5,12,19,48,910,161,AUTOROUTE A126,,,Plein jour,Hors agglomération,Hors intersection,Normale,Trois véhicules et plus - en chaîne,,,,,,,,,,,1,1,1,1,4
201500047124,0015-05-12 18:00:00,15,5,12,18,0,910,363,RN 104,,,Plein jour,Hors agglomération,Hors intersection,Normale,Deux véhicules - côté,,,,,,,,,,,1,1,1,1,3
201500047125,0015-05-13 16:00:00,15,5,13,16,0,940,38,AUTOROUTE A6A,48.7733,2.34571,Plein jour,Hors agglomération,Hors intersection,Normale,Deux véhicules - arrière,,,,,,,,,,,1,1,1,1,2
201500047126,0015-05-14 18:05:00,15,5,14,18,5,940,3,AUTOROUTE A6A,48.8081,2.34045,Plein jour,Hors agglomération,Hors intersection,Temps couvert,Autre collision,,,,,,,,,,,1,1,1,8,6
201500047127,0015-05-13 10:53:00,15,5,13,10,53,940,3,AUTOROUTE A6B,48.801,2.34354,Plein jour,Hors agglomération,Hors intersection,Normale,Deux véhicules - arrière,,,,,,,,,,,1,1,1,1,2
201500047128,0015-05-15 19:00:00,15,5,15,19,0,910,174,RN 104,,,Plein jour,Hors agglomération,Hors intersection,Normale,Trois véhicules et plus - collisions multiples,,,,,,,,,,,1,1,1,1,5
201500047129,0015-05-16 17:30:00,15,5,16,17,30,910,216,AUTOROUTE A6,,,Plein jour,Hors agglomération,Hors intersection,Normale,Trois véhicules et plus - en chaîne,,,,,,,,,,,1,1,1,1,4
201500047130,0015-05-17 22:40:00,15,5,17,22,40,910,182,RN 104,,,Nuit sans éclairage public,Hors agglomération,Hors intersection,Normale,Deux véhicules - côté,,,,,,,,,,,3,1,1,1,3
201500047131,0015-05-19 01:50:00,15,5,19,1,50,910,161,AUTOROUTE A6,,,Nuit sans éclairage public,Hors agglomération,Hors intersection,Normale,Deux véhicules - arrière,,,,,,,,,,,3,1,1,1,2
201500047132,0015-05-19 15:20:00,15,5,19,15,20,940,21,AUTOROUTE A6A,48.7627,2.34099,Plein jour,Hors agglomération,Hors intersection,Normale,Deux véhicules - arrière,,,,,,,,,,,1,1,1,1,2
201500047133,0015-05-19 18:15:00,15,5,19,18,15,940,3,AUTOROUTE A6A,48.8038,2.342,Plein jour,Hors agglomération,Hors intersection,Normale,Deux véhicules - côté,,,,,,,,,,,1,1,1,1,3
201500047134,0015-05-19 20:00:00,15,5,19,20,0,940,43,AUTOROUTE A6B,48.8135,2.35468,Plein jour,Hors agglomération,Hors intersection,Pluie forte,Deux véhicules - arrière,,,,,,,,,,,1,1,1,3,2
201500047135,0015-05-20 08:40:00,15,5,20,8,40,910,471,RN 118,,,Plein jour,Hors agglomération,Hors intersection,Normale,Trois véhicules et plus - collisions multiples,,,,,,,,,,,1,1,1,1,5
201500047136,0015-05-20 13:05:00,15,5,20,13,5,910,432,AUTOROUTE A6,,,Plein jour,Hors agglomération,Hors intersection,Normale,Deux véhicules - côté,,,,,,,,,,,1,1,1,1,3
201500047137,0015-05-25 18:10:00,15,5,25,18,10,910,661,AUTOROUTE A10,,,Plein jour,Hors agglomération,Hors intersection,Normale,Deux véhicules - frontale,,,,,,,,,,,1,1,1,1,1
201500047138,0015-05-23 08:17:00,15,5,23,8,17,910,340,AUTOROUTE A6,,,Plein jour,Hors agglomération,Hors intersection,Normale,Deux véhicules - arrière,,,,,,,,,,,1,1,1,1,2
201500047139,0015-05-23 23:40:00,15,5,23,23,40,910,434,AUTOROUTE A6,,,Nuit sans éclairage public,Hors agglomération,Hors intersection,Normale,Deux véhicules - arrière,,,,,,,,,,,3,1,1,1,2
201500047140,0015-05-24 20:35:00,15,5,24,20,35,910,179,AUTOROUTE A6,,,Plein jour,Hors agglomération,Hors intersection,Normale,Autre collision,,,,,,,,,,,1,1,1,1,6
201500047141,0015-05-26 11:45:00,15,5,26,11,45,940,16,AUTOROUTE A6A,48.7925,2.34467,Plein jour,Hors agglomération,Hors intersection,Normale,Deux véhicules - côté,,,,,,,,,,,1,1,1,1,3
201500047142,0015-05-26 12:45:00,15,5,26,12,45,910,645,RN 385 Extèrieure,,,Plein jour,Hors agglomération,Hors intersection,Normale,Sans collision,,,,,,,,,,,1,1,1,1,7
201500047143,0015-05-26 14:35:00,15,5,26,14,35,910,377,AUTOROUTE A10,,,Plein jour,Hors agglomération,Hors intersection,Normale,Deux véhicules - arrière,,,,,,,,,,,1,1,1,1,2
201500047144,0015-05-27 08:20:00,15,5,27,8,20,920,19,RN 385,,,Plein jour,Hors agglomération,Hors intersection,Normale,Deux véhicules - côté,,,,,,,,,,,1,1,1,1,3
201500047145,0015-05-27 12:00:00,15,5,27,12,0,910,377,RN20,,,Plein jour,Hors agglomération,Hors intersection,Normale,Deux véhicules - frontale,,,,,,,,,,,1,1,1,1,1
201500047146,0015-05-27 18:30:00,15,5,27,18,30,940,34,AUTOROUTE A86,48.7604,2.31988,Plein jour,Hors agglomération,Hors intersection,Normale,Trois véhicules et plus - en chaîne,,,,,,,,,,,1,1,1,1,4