accident_id,datetime,annee,mois,jour,heure,minute,departement,commune_insee,adresse,latitude,longitude,luminosite,agglomeration,intersection,meteo,collision,nb_vehicules,nb_usagers,nb_indemnes,nb_tues,nb_blesses_hosp,nb_blesses_legers,age_cond_1,age_cond_2,veh_type_cond_1,veh_type_cond_2,lum_code,agg_code,int_code,atm_code,col_code
201500047282,0015-08-03 17:06:00,15,8,3,17,6,940,3,AUTOROUTE A6B,48.8008,2.34372,Plein jour,Hors agglomération,Hors intersection,Normale,Deux véhicules - côté,,,,,,,,,,,1,1,1,1,3
201500047283,0015-08-05 00:27:00,15,8,5,0,27,940,34,AUTOROUTE A86,48.7587,2.3253,Nuit sans éclairage public,Hors agglomération,Hors intersection,Normale,Trois véhicules et plus - collisions multiples,,,,,,,,,,,3,1,1,1,5
201500047284,0015-08-08 21:10:00,15,8,8,21,10,910,64,RN 118,,,Nuit sans éclairage public,Hors agglomération,Hors intersection,Normale,Autre collision,,,,,,,,,,,3,1,1,1,6
201500047285,0015-08-07 17:18:00,15,8,7,17,18,920,2,AUTOROUTE A10,,,Plein jour,Hors agglomération,Hors intersection,Pluie légère,Deux véhicules - arrière,,,,,,,,,,,1,1,1,2,2
201500047286,0015-08-07 19:00:00,15,8,7,19,0,910,377,RD 188,,,Plein jour,Hors agglomération,Hors intersection,Normale,Sans collision,,,,,,,,,,,1,1,1,1,7
201500047287,0015-08-07 23:50:00,15,8,7,23,50,910,161,AUTOROUTE A6,,,Nuit avec éclairage allumé,Hors agglomération,Hors intersection,Normale,Sans collision,,,,,,,,,,,5,1,1,1,7
201500047288,0015-08-09 03:30:00,15,8,9,3,30,940,38,AUTOROUTE A6A,48.7712,2.34553,Nuit avec éclairage allumé,Hors agglomération,Hors intersection,Normale,Autre collision,,,,,,,,,,,5,1,1,1,6
201500047289,0015-08-10 05:09:00,15,8,10,5,9,940,34,AUTOROUTE A86,48.7598,2.3217,Nuit sans éclairage public,Hors agglomération,Hors intersection,Normale,Sans collision,,,,,,,,,,,3,1,1,1,7
201500047290,0015-08-10 05:09:00,15,8,10,5,9,940,34,AUTOROUTE A86,48.7598,2.32169,Nuit avec éclairage allumé,Hors agglomération,Hors intersection,Normale,Sans collision,,,,,,,,,,,5,1,1,1,7
201500047291,0015-08-10 12:24:00,15,8,10,12,24,940,43,AUTOROUTE A6B,48.8126,2.353,Plein jour,Hors agglomération,Hors intersection,Normale,Trois véhicules et plus - collisions multiples,,,,,,,,,,,1,1,1,1,5
201500047292,0015-08-10 14:30:00,15,8,10,14,30,910,235,RN 104,,,Plein jour,Hors agglomération,Hors intersection,Normale,Trois véhicules et plus - en chaîne,,,,,,,,,,,1,1,1,1,4
201500047293,0015-08-11 07:20:00,15,8,11,7,20,940,38,AUTOROUTE A6A,48.7801,2.34664,Plein jour,Hors agglomération,Hors intersection,Normale,Deux véhicules - arrière,,,,,,,,,,,1,1,1,1,2
201500047294,0015-08-12 17:30:00,15,8,12,17,30,920,19,RN 385,,,Plein jour,Hors agglomération,Hors intersection,Temps couvert,Autre collision,,,,,,,,,,,1,1,1,8,6
201500047295,0015-08-13 12:30:00,15,8,13,12,30,910,589,AUTOROUTE A6,,,Plein jour,Hors agglomération,Hors intersection,Normale,Trois véhicules et plus - collisions multiples,,,,,,,,,,,1,1,1,1,5
201500047296,0015-08-14 01:50:00,15,8,14,1,50,910,477,AUTOROUTE A10,,,Nuit sans éclairage public,Hors agglomération,Hors intersection,Temps couvert,Sans collision,,,,,,,,,,,3,1,1,8,7
201500047297,0015-08-14 13:15:00,15,8,14,13,15,910,179,AUTOROUTE A6,,,Plein jour,Hors agglomération,Hors intersection,Temps couvert,Deux véhicules - arrière,,,,,,,,,,,1,1,1,8,2
201500047298,0015-08-14 21:10:00,15,8,14,21,10,940,21,AUTOROUTE A6B,48.7602,2.33884,Nuit avec éclairage allumé,Hors agglomération,Hors intersection,Pluie légère,Deux véhicules - côté,,,,,,,,,,,5,1,1,2,3
201500047299,0015-08-15 03:25:00,15,8,15,3,25,910,136,AUTOROUTE A126,,,Nuit sans éclairage public,Hors agglomération,Hors intersection,Pluie forte,Autre collision,,,,,,,,,,,3,1,1,3,6
201500047300,0015-08-15 08:36:00,15,8,15,8,36,910,521,RN 104,,,Plein jour,Hors agglomération,Hors intersection,Temps couvert,Autre collision,,,,,,,,,,,1,1,1,8,6
201500047301,0015-08-15 09:18:00,15,8,15,9,18,910,174,RN 104,,,Plein jour,Hors agglomération,Hors intersection,Temps couvert,Autre collision,,,,,,,,,,,1,1,1,8,6
201500047302,0015-08-16 08:45:00,15,8,16,8,45,910,37,AUTOROUTE A6,,,Plein jour,Hors agglomération,Hors intersection,Normale,Sans collision,,,,,,,,,,,1,1,1,1,7
201500047303,0015-08-16 17:17:00,15,8,16,17,17,910,689,AUTOROUTE A6B,,,Plein jour,Hors agglomération,Hors intersection,Normale,Deux véhicules - arrière,,,,,,,,,,,1,1,1,1,2
201500047304,0015-08-17 18:00:00,15,8,17,18,0,910,86,RN 104,,,Plein jour,Hors agglomération,Hors intersection,Normale,Deux véhicules - arrière,,,,,,,,,,,1,1,1,1,2
201500047305,0015-08-19 12:00:00,15,8,19,12,0,910,434,AUTOROUTE A6,,,Plein jour,Hors agglomération,Hors intersection,Normale,Trois véhicules et plus - collisions multiples,,,,,,,,,,,1,1,1,1,5
201500047306,0015-08-21 11:30:00,15,8,21,11,30,940,3,AUTOROUTE A6B,48.8006,2.34375,Plein jour,Hors agglomération,Hors intersection,Normale,Trois véhicules et plus - en chaîne,,,,,,,,,,,1,1,1,1,4
201500047307,0015-08-20 08:45:00,15,8,20,8,45,910,521,RN 449,,,Plein jour,Hors agglomération,Hors intersection,Pluie légère,Autre collision,,,,,,,,,,,1,1,1,2,6
201500047308,0015-08-20 08:00:00,15,8,20,8,0,920,2,AUTOROUTE A6,,,Plein jour,Hors agglomération,Hors intersection,Pluie légère,Deux véhicules - arrière,,,,,,,,,,,1,1,1,2,2
201500047309,0015-08-20 08:40:00,15,8,20,8,40,910,286,AUTOROUTE A6,,,Plein jour,Hors agglomération,Hors intersection,Pluie légère,Deux véhicules - arrière,,,,,,,,,,,1,1,1,2,2
201500047310,0015-08-23 16:00:00,15,8,23,16,0,940,38,AUTOROUTE A6B,48.7888,2.34508,Plein jour,Hors agglomération,Hors intersection,Normale,Trois véhicules et plus - collisions multiples,,,,,,,,,,,1,1,1,1,5
201500047311,0015-08-21 16:10:00,15,8,21,16,10,910,179,AUTOROUTE A6,,,Plein jour,Hors agglomération,Hors intersection,Normale,Deux véhicules - arrière,,,,,,,,,,,1,1,1,1,2
201500047312,0015-08-22 12:20:00,15,8,22,12,20,910,689,AUTOROUTE A6B,,,Plein jour,Hors agglomération,Hors intersection,Normale,Trois véhicules et plus - en chaîne,,,,,,,,,,,1,1,1,1,4
201500047313,0015-08-22 21:15:00,15,8,22,21,15,910,689,AUTOROUTE A6,,,Nuit sans éclairage public,Hors agglomération,Hors intersection,Normale,Autre collision,,,,,,,,,,,3,1,1,1,6
201500047314,0015-08-22 22:15:00,15,8,22,22,15,920,19,RN 385,,,Nuit sans éclairage public,Hors agglomération,Hors intersection,Normale,Trois véhicules et plus - collisions multiples,,,,,,,,,,,3,1,1,1,5
201500047315,0015-08-23 04:15:00,15,8,23,4,15,910,687,AUTOROUTE A6,,,Nuit sans éclairage public,Hors agglomération,Hors intersection,Normale,Deux véhicules - côté,,,,,,,,,,,3,1,1,1,3
201500047316,0015-08-25 07:40:00,15,8,25,7,40,910,216,AUTOROUTE A6,,,Plein jour,Hors agglomération,Hors intersection,Normale,Deux véhicules - arrière,,,,,,,,,,,1,1,1,1,2
201500047317,0015-08-25 21:20:00,15,8,25,21,20,910,340,RN 104,,,Nuit sans éclairage public,Hors agglomération,Hors intersection,Pluie légère,Sans collision,,,,,,,,,,,3,1,1,2,7
201500047318,0015-08-26 10:45:00,15,8,26,10,45,940,76,AUTOROUTE A6B,48.7934,2.34505,Plein jour,Hors agglomération,Hors intersection,Normale,Deux véhicules - côté,,,,,,,,,,,1,1,1,1,3
201500047319,0015-08-26 12:00:00,15,8,26,12,0,940,38,AUTOROUTE A6A,48.7784,2.34647,Plein jour,Hors agglomération,Hors intersection,Normale,Trois véhicules et plus - collisions multiples,,,,,,,,,,,1,1,1,1,5
201500047320,0015-08-26 13:30:00,15,8,26,13,30,910,689,AUTOROUTE A6A,,,Plein jour,Hors agglomération,Hors intersection,Normale,Deux véhicules - arrière,,,,,,,,,,,1,1,1,1,2
201500047321,0015-08-27 05:50:00,15,8,27,5,50,910,377,RN20,,,Nuit avec éclairage allumé,Hors agglomération,Hors intersection,Pluie forte,Deux véhicules - arrière,,,,,,,,,,,5,1,1,3,2
201500047322,0015-08-27 08:20:00,15,8,27,8,20,910,689,AUTOROUTE A6A,,,Plein jour,Hors agglomération,Hors intersection,Pluie forte,Sans collision,,,,,,,,,,,1,1,1,3,7
201500047323,0015-08-27 18:15:00,15,8,27,18,15,910,182,RN 104,,,Plein jour,Hors agglomération,Hors intersection,Pluie forte,Deux véhicules - côté,,,,,,,,,,,1,1,1,3,3
201500047324,0015-08-29 17:10:00,15,8,29,17,10,910,64,RN 118,,,Plein jour,Hors agglomération,Hors intersection,Normale,Trois véhicules et plus - en chaîne,,,,,,,,,,,1,1,1,1,4
201500047325,0015-08-29 18:35:00,15,8,29,18,35,920,2,AUTOROUTE A10,,,Plein jour,Hors agglomération,Hors intersection,Normale,Trois véhicules et plus - en chaîne,,,,,,,,,,,1,1,1,1,4
201500047326,0015-08-29 23:25:00,15,8,29,23,25,910,434,AUTOROUTE A6,,,Nuit sans éclairage public,Hors agglomération,Hors intersection,Normale,Sans collision,,,,,,,,,,,3,1,1,1,7
201500047327,0015-08-30 07:10:00,15,8,30,7,10,910,434,AUTOROUTE A6,,,Plein jour,Hors agglomération,Hors intersection,Normale,Deux véhicules - côté,,,,,,,,,,,1,1,1,1,3
201500047328,0015-08-31 05:25:00,15,8,31,5,25,940,37,AUTOROUTE A6A,48.8138,2.33623,Crépuscule ou aube,Hors agglomération,Hors intersection,Normale,Autre collision,,,,,,,,,,,2,1,1,1,6
201500047329,0015-08-28 07:40:00,15,8,28,7,40,910,521,RN 104,,,Crépuscule ou aube,Hors agglomération,Hors intersection,Normale,Autre collision,,,,,,,,,,,2,1,1,1,6
201500047330,0015-08-28 18:00:00,15,8,28,18,0,910,377,AUTOROUTE A10,,,Plein jour,Hors agglomération,Hors intersection,Normale,Deux véhicules - arrière,,,,,,,,,,,1,1,1,1,2
201500047331,0015-08-28 18:05:00,15,8,28,18,5,910,174,RN 104,,,Plein jour,Hors agglomération,Hors intersection,Normale,Trois véhicules et plus - en chaîne,,,,,,,,,,,1,1,1,1,4
201500047332,0015-08-28 09:08:00,15,8,28,9,8,940,38,AUTOROUTE A6B,48.7844,2.3461,Plein jour,Hors agglomération,Hors intersection,Normale,Sans collision,,,,,,,,,,,1,1,1,1,7
201500047333,0015-08-28 08:50:00,15,8,28,8,50,910,363,RN 104,,,Plein jour,Hors agglomération,Hors intersection,Normale,Trois véhicules et plus - en chaîne,,,,,,,,,,,1,1,1,1,4
201500047334,0015-08-29 10:50:00,15,8,29,10,50,940,34,AUTOROUTE A86,48.7597,2.32167,Plein jour,Hors agglomération,Hors intersection,Normale,Deux véhicules - arrière,,,,,,,,,,,1,1,1,1,2
201500047335,0015-08-29 12:45:00,15,8,29,12,45,910,161,AUTOROUTE A6,,,Plein jour,Hors agglomération,Hors intersection,Normale,Trois véhicules et plus - en chaîne,,,,,,,,,,,1,1,1,1,4
201500047336,0015-08-29 05:32:00,15,8,29,5,32,910,689,AUTOROUTE A6,,,Nuit sans éclairage public,Hors agglomération,Hors intersection,Normale,Deux véhicules - arrière,,,,,,,,,,,3,1,1,1,2
201500047337,0015-08-31 16:25:00,15,8,31,16,25,910,161,AUTOROUTE A6,,,Plein jour,Hors agglomération,Hors intersection,Normale,Autre collision,,,,,,,,,,,1,1,1,1,6
201500047338,0015-09-01 07:45:00,15,9,1,7,45,910,521,RN 104,,,Plein jour,Hors agglomération,Hors intersection,Pluie légère,Autre collision,,,,,,,,,,,1,1,1,2,6
201500047339,0015-09-01 07:15:00,15,9,1,7,15,910,377,AUTOROUTE A10,,,Nuit sans éclairage public,Hors agglomération,Hors intersection,Pluie légère,Sans collision,,,,,,,,,,,3,1,1,2,7
201500047340,0015-09-02 12:45:00,15,9,2,12,45,910,553,RN 104,,,Plein jour,Hors agglomération,Hors intersection,Normale,Deux véhicules - arrière,,,,,,,,,,,1,1,1,1,2
201500047341,0015-09-02 12:30:00,15,9,2,12,30,910,521,RN 104,,,Plein jour,Hors agglomération,Hors intersection,Normale,Trois véhicules et plus - en chaîne,,,,,,,,,,,1,1,1,1,4
201500047342,0015-09-02 22:18:00,15,9,2,22,18,910,363,RN 104,,,Plein jour,Hors agglomération,Hors intersection,Normale,Deux véhicules - arrière,,,,,,,,,,,1,1,1,1,2
201500047343,0015-09-03 10:10:00,15,9,3,10,10,910,534,RN 118,,,Plein jour,Hors agglomération,Hors intersection,Normale,Deux véhicules - frontale,,,,,,,,,,,1,1,1,1,1
201500047344,0015-09-03 18:20:00,15,9,3,18,20,940,3,AUTOROUTE A6A,48.8104,2.33839,Plein jour,Hors agglomération,Hors intersection,Normale,Deux véhicules - arrière,,,,,,,,,,,1,1,1,1,2
201500047345,0015-09-03 18:40:00,15,9,3,18,40,910,179,AUTOROUTE A6,,,Plein jour,Hors agglomération,Hors intersection,Normale,Deux véhicules - arrière,,,,,,,,,,,1,1,1,1,2
201500047346,0015-09-03 19:53:00,15,9,3,19,53,940,38,AUTOROUTE A6B,48.778,2.34607,Plein jour,Hors agglomération,Hors intersection,Normale,Deux véhicules - côté,,,,,,,,,,,1,1,1,1,3
201500047347,0015-09-06 18:30:00,15,9,6,18,30,910,179,AUTOROUTE A6,,,Plein jour,Hors agglomération,Hors intersection,Normale,Trois véhicules et plus - en chaîne,,,,,,,,,,,1,1,1,1,4
201500047348,0015-09-04 12:00:00,15,9,4,12,0,940,21,AUTOROUTE A6A,48.7617,2.34001,Plein jour,Hors agglomération,Hors intersection,Normale,Trois véhicules et plus - collisions multiples,,,,,,,,,,,1,1,1,1,5
201500047349,0015-09-06 15:55:00,15,9,6,15,55,910,689,AUTOROUTE A6B,,,Plein jour,Hors agglomération,Hors intersection,Normale,Trois véhicules et plus - en chaîne,,,,,,,,,,,1,1,1,1,4
201500047350,0015-09-06 19:45:00,15,9,6,19,45,910,182,AUTOROUTE A6,,,Plein jour,Hors agglomération,Hors intersection,Normale,Deux véhicules - arrière,,,,,,,,,,,1,1,1,1,2
201500047351,0015-09-06 22:45:00,15,9,6,22,45,920,2,AUTOROUTE A86,,,Plein jour,Hors agglomération,Hors intersection,Normale,Autre collision,,,,,,,,,,,1,1,1,1,6
201500047352,0015-09-07 18:00:00,15,9,7,18,0,910,64,RN 118,,,Plein jour,Hors agglomération,Hors intersection,Normale,Deux véhicules - arrière,,,,,,,,,,,1,1,1,1,2
201500047353,0015-09-08 06:20:00,15,9,8,6,20,910,589,AUTOROUTE A6,,,Nuit sans éclairage public,Hors agglomération,Hors intersection,Normale,Sans collision,,,,,,,,,,,3,1,1,1,7
201500047354,0015-09-09 05:30:00,15,9,9,5,30,910,570,RN 104,,,Nuit sans éclairage public,Hors agglomération,Hors intersection,Normale,Sans collision,,,,,,,,,,,3,1,1,1,7
201500047355,0015-09-09 07:40:00,15,9,9,7,40,910,521,RN 449,,,Plein jour,Hors agglomération,Hors intersection,Normale,Autre collision,,,,,,,,,,,1,1,1,1,6
201500047356,0015-09-08 19:50:00,15,9,8,19,50,920,2,AUTOROUTE A86,,,Plein jour,Hors agglomération,Hors intersection,Normale,Deux véhicules - arrière,,,,,,,,,,,1,1,1,1,2
201500047357,0015-09-09 05:35:00,15,9,9,5,35,770,296,AUTOROUTE A5A,,,Nuit sans éclairage public,Hors agglomération,Hors intersection,Normale,Deux véhicules - frontale,,,,,,,,,,,3,1,1,1,1
201500047358,0015-09-09 10:10:00,15,9,9,10,10,910,521,RN 104,,,Plein jour,Hors agglomération,Hors intersection,Normale,Autre collision,,,,,,,,,,,1,1,1,1,6
201500047359,0015-09-10 23:28:00,15,9,10,23,28,910,340,RN 104,,,Nuit avec éclairage allumé,Hors agglomération,Hors intersection,Normale,Autre collision,,,,,,,,,,,5,1,1,1,6
201500047360,0015-09-10 07:38:00,15,9,10,7,38,910,534,RN 118,,,Plein jour,Hors agglomération,Hors intersection,Normale,Deux véhicules - arrière,,,,,,,,,,,1,1,1,1,2
201500047361,0015-09-12 19:05:00,15,9,12,19,5,940,34,AUTOROUTE A6B,48.7583,2.33722,Plein jour,Hors agglomération,Hors intersection,Pluie légère,Autre collision,,,,,,,,,,,1,1,1,2,6
201500047362,0015-09-12 20:20:00,15,9,12,20,20,910,521,RN 104,,,Nuit sans éclairage public,Hors agglomération,Hors intersection,Pluie légère,Autre collision,,,,,,,,,,,3,1,1,2,6
201500047363,0015-09-13 10:55:00,15,9,13,10,55,910,64,RN 118,,,Plein jour,Hors agglomération,Hors intersection,Pluie forte,Deux véhicules - frontale,,,,,,,,,,,1,1,1,3,1
201500047364,0015-09-13 15:00:00,15,9,13,15,0,910,363,RN 104,,,Plein jour,Hors agglomération,Hors intersection,Pluie légère,Autre collision,,,,,,,,,,,1,1,1,2,6
201500047365,0015-09-13 14:40:00,15,9,13,14,40,910,228,RN 449,,,Plein jour,Hors agglomération,Hors intersection,Pluie légère,Deux véhicules - côté,,,,,,,,,,,1,1,1,2,3
201500047366,0015-09-13 15:25:00,15,9,13,15,25,910,161,AUTOROUTE A126,,,Plein jour,Hors agglomération,Hors intersection,Normale,Autre collision,,,,,,,,,,,1,1,1,1,6
201500047367,0015-09-13 14:55:00,15,9,13,14,55,940,65,AUTOROUTE A86,48.7551,2.34576,Plein jour,Hors agglomération,Hors intersection,Pluie forte,Autre collision,,,,,,,,,,,1,1,1,3,6
201500047368,0015-09-12 22:20:00,15,9,12,22,20,910,377,AUTOROUTE A10,,,Nuit sans éclairage public,Hors agglomération,Hors intersection,Normale,Autre collision,,,,,,,,,,,3,1,1,1,6
201500047369,0015-09-13 04:35:00,15,9,13,4,35,910,377,RN20,,,Nuit avec éclairage allumé,Hors agglomération,Hors intersection,Normale,Autre collision,,,,,,,,,,,5,1,1,1,6
201500047370,0015-08-28 08:03:00,15,8,28,8,3,910,477,AUTOROUTE A10,,,Plein jour,Hors agglomération,Hors intersection,Normale,Sans collision,,,,,,,,,,,1,1,1,1,7
201500047371,0015-09-12 21:30:00,15,9,12,21,30,910,617,RN 104,,,Plein jour,Hors agglomération,Hors intersection,Pluie légère,Autre collision,,,,,,,,,,,1,1,1,2,6
201500047372,0015-09-14 18:27:00,15,9,14,18,27,910,286,AUTOROUTE A6,,,Plein jour,Hors agglomération,Hors intersection,Pluie légère,Deux véhicules - côté,,,,,,,,,,,1,1,1,2,3
201500047373,0015-09-14 16:15:00,15,9,14,16,15,910,692,RN 118,,,Plein jour,Hors agglomération,Hors intersection,Pluie légère,Autre collision,,,,,,,,,,,1,1,1,2,6
201500047374,0015-09-15 08:30:00,15,9,15,8,30,910,521,AUTOROUTE A6,,,Plein jour,Hors agglomération,Hors intersection,Pluie légère,Trois véhicules et plus - collisions multiples,,,,,,,,,,,1,1,1,2,5
201500047375,0015-09-15 07:45:00,15,9,15,7,45,940,34,AUTOROUTE A6A,48.7522,2.33068,Crépuscule ou aube,Hors agglomération,Hors intersection,Pluie forte,Trois véhicules et plus - collisions multiples,,,,,,,,,,,2,1,1,3,5
201500047376,0015-09-16 05:57:00,15,9,16,5,57,910,161,AUTOROUTE A6,,,Nuit sans éclairage public,Hors agglomération,Hors intersection,Pluie légère,Trois véhicules et plus - collisions multiples,,,,,,,,,,,3,1,1,2,5
201500047377,0015-09-16 17:35:00,15,9,16,17,35,910,521,AUTOROUTE A6,,,Plein jour,Hors agglomération,Hors intersection,Pluie légère,Deux véhicules - arrière,,,,,,,,,,,1,1,1,2,2
201500047378,0015-09-16 12:48:00,15,9,16,12,48,940,34,AUTOROUTE A86,48.7619,2.31505,Plein jour,Hors agglomération,Hors intersection,Pluie légère,Deux véhicules - arrière,,,,,,,,,,,1,1,1,2,2
201500047379,0015-09-17 17:00:00,15,9,17,17,0,910,689,AUTOROUTE A6,,,Plein jour,Hors agglomération,Hors intersection,Normale,Trois véhicules et plus - collisions multiples,,,,,,,,,,,1,1,1,1,5
201500047380,0015-09-11 06:00:00,15,9,11,6,0,940,21,AUTOROUTE A6A,48.7623,2.34063,Nuit sans éclairage public,Hors agglomération,Hors intersection,Normale,Trois véhicules et plus - collisions multiples,,,,,,,,,,,3,1,1,1,5
201500047381,0015-09-18 20:00:00,15,9,18,20,0,910,689,AUTOROUTE A6B,,,Nuit sans éclairage public,Hors agglomération,Hors intersection,Pluie forte,Sans collision,,,,,,,,,,,3,1,1,3,7
201500047382,0015-09-19 15:50:00,15,9,19,15,50,910,617,A5A/N6,,,Plein jour,Hors agglomération,Hors intersection,Normale,Trois véhicules et plus - en chaîne,,,,,,,,,,,1,1,1,1,4
201500047383,0015-09-20 17:39:00,15,9,20,17,39,910,340,RN 104,,,Plein jour,Hors agglomération,Hors intersection,Normale,Deux véhicules - arrière,,,,,,,,,,,1,1,1,1,2
201500047384,0015-09-20 23:58:00,15,9,20,23,58,910,589,AUTOROUTE A6,,,Nuit sans éclairage public,Hors agglomération,Hors intersection,Normale,Autre collision,,,,,,,,,,,3,1,1,1,6
201500047385,0015-09-21 13:52:00,15,9,21,13,52,940,3,AUTOROUTE A6A,48.8073,2.34107,Plein jour,Hors agglomération,Hors intersection,Normale,Deux véhicules - arrière,,,,,,,,,,,1,1,1,1,2
201500047386,0015-09-21 18:01:00,15,9,21,18,1,940,38,AUTOROUTE A6B,48.7753,2.34632,Plein jour,Hors agglomération,Hors intersection,Normale,Trois véhicules et plus - collisions multiples,,,,,,,,,,,1,1,1,1,5
201500047387,0015-09-21 09:00:00,15,9,21,9,0,910,161,AUTOROUTE A6,,,Plein jour,Hors agglomération,Hors intersection,Normale,Deux véhicules - arrière,,,,,,,,,,,1,1,1,1,2
201500047388,0015-09-27 17:04:00,15,9,27,17,4,910,64,RN 118,,,Plein jour,Hors agglomération,Hors intersection,Normale,Trois véhicules et plus - en chaîne,,,,,,,,,,,1,1,1,1,4
201500047389,0015-09-22 14:30:00,15,9,22,14,30,910,161,AUTOROUTE A6,,,Plein jour,Hors agglomération,Hors intersection,Normale,Trois véhicules et plus - en chaîne,,,,,,,,,,,1,1,1,1,4
201500047390,0015-09-23 15:10:00,15,9,23,15,10,940,76,AUTOROUTE A6B,48.792,2.34469,Plein jour,Hors agglomération,Hors intersection,Normale,Autre collision,,,,,,,,,,,1,1,1,1,6
201500047391,0015-09-23 21:00:00,15,9,23,21,0,910,161,AUTOROUTE A126,,,Nuit sans éclairage public,Hors agglomération,Hors intersection,Normale,Trois véhicules et plus - collisions multiples,,,,,,,,,,,3,1,1,1,5
201500047392,0015-09-24 09:45:00,15,9,24,9,45,910,136,AUTOROUTE A126,,,Plein jour,Hors agglomération,Hors intersection,Normale,Deux véhicules - arrière,,,,,,,,,,,1,1,1,1,2
201500047393,0015-09-24 18:20:00,15,9,24,18,20,910,534,RN 118,,,Plein jour,Hors agglomération,Hors intersection,Normale,Deux véhicules - côté,,,,,,,,,,,1,1,1,1,3
201500047394,0015-09-24 22:30:00,15,9,24,22,30,940,43,AUTOROUTE A6B,48.8129,2.35352,Nuit avec éclairage allumé,Hors agglomération,Hors intersection,Pluie légère,Sans collision,,,,,,,,,,,5,1,1,2,7
201500047395,0015-09-25 04:02:00,15,9,25,4,2,910,377,AUTOROUTE A10,,,Nuit sans éclairage public,Hors agglomération,Hors intersection,Temps couvert,Autre collision,,,,,,,,,,,3,1,1,8,6
201500047396,0015-09-25 08:00:00,15,9,25,8,0,910,161,AUTOROUTE A6,,,Plein jour,Hors agglomération,Hors intersection,Normale,Sans collision,,,,,,,,,,,1,1,1,1,7
201500047397,0015-09-25 07:45:00,15,9,25,7,45,910,471,RN 118,,,Crépuscule ou aube,Hors agglomération,Hors intersection,Normale,Trois véhicules et plus - en chaîne,,,,,,,,,,,2,1,1,1,4
201500047398,0015-09-25 09:25:00,15,9,25,9,25,910,64,RN 118,,,Plein jour,Hors agglomération,Hors intersection,Normale,Sans collision,,,,,,,,,,,1,1,1,1,7
201500047399,0015-09-26 11:35:00,15,9,26,11,35,940,43,AUTOROUTE A6B,48.8151,2.35582,Plein jour,Hors agglomération,Hors intersection,Normale,Trois véhicules et plus - en chaîne,,,,,,,,,,,1,1,1,1,4
201500047400,0015-09-27 03:35:00,15,9,27,3,35,910,617,AUTOROUTE A5A,,,Nuit sans éclairage public,Hors agglomération,Hors intersection,Normale,Deux véhicules - arrière,,,,,,,,,,,3,1,1,1,2
201500047401,0015-09-27 21:16:00,15,9,27,21,16,910,553,RN 104,,,Nuit avec éclairage allumé,Hors agglomération,Hors intersection,Normale,Autre collision,,,,,,,,,,,5,1,1,1,6
201500047402,0015-09-27 18:03:00,15,9,27,18,3,940,76,AUTOROUTE A6B,48.7869,2.34604,Plein jour,Hors agglomération,Hors intersection,Normale,Deux véhicules - côté,,,,,,,,,,,1,1,1,1,3
201500047403,0015-09-27 19:20:00,15,9,27,19,20,910,589,AUTOROUTE A6,,,Plein jour,Hors agglomération,Hors intersection,Normale,Autre collision,,,,,,,,,,,1,1,1,1,6
201500047404,0015-09-28 18:10:00,15,9,28,18,10,910,64,RN 118,,,Plein jour,Hors agglomération,Hors intersection,Normale,Sans collision,,,,,,,,,,,1,1,1,1,7
201500047405,0015-09-29 08:10:00,15,9,29,8,10,910,687,AUTOROUTE A6,,,Plein jour,Hors agglomération,Hors intersection,Normale,Deux véhicules - côté,,,,,,,,,,,1,1,1,1,3
201500047406,0015-09-29 09:00:00,15,9,29,9,0,940,34,AUTOROUTE A86,48.7561,2.33364,Plein jour,Hors agglomération,Hors intersection,Normale,Deux véhicules - arrière,,,,,,,,,,,1,1,1,1,2
201500047407,0015-09-29 18:10:00,15,9,29,18,10,920,2,AUTOROUTE A10,,,Plein jour,Hors agglomération,Hors intersection,Normale,Deux véhicules - arrière,,,,,,,,,,,1,1,1,1,2
201500047408,0015-09-29 18:45:00,15,9,29,18,45,910,521,RN 104,,,Crépuscule ou aube,Hors agglomération,Hors intersection,Normale,Deux véhicules - arrière,,,,,,,,,,,2,1,1,1,2
201500047409,0015-09-30 07:30:00,15,9,30,7,30,910,347,RN 104,,,Plein jour,Hors agglomération,Hors intersection,Normale,Autre collision,,,,,,,,,,,1,1,1,1,6
201500047410,0015-09-30 22:45:00,15,9,30,22,45,940,21,AUTOROUTE A6A,48.7644,2.34249,Nuit avec éclairage allumé,Hors agglomération,Hors intersection,Normale,Deux véhicules - côté,,,,,,,,,,,5,1,1,1,3
201500047411,0015-10-01 08:59:00,15,10,1,8,59,910,689,AUTOROUTE A6B,,,Plein jour,Hors agglomération,Hors intersection,Normale,Deux véhicules - côté,,,,,,,,,,,1,1,1,1,3
201500047412,0015-10-01 09:00:00,15,10,1,9,0,910,589,AUTOROUTE A6,,,Plein jour,Hors agglomération,Hors intersection,Normale,Trois véhicules et plus - collisions multiples,,,,,,,,,,,1,1,1,1,5
201500047413,0015-10-01 10:00:00,15,10,1,10,0,910,179,AUTOROUTE A6,,,Plein jour,Hors agglomération,Hors intersection,Normale,Deux véhicules - arrière,,,,,,,,,,,1,1,1,1,2
201500047414,0015-10-02 17:00:00,15,10,2,17,0,910,235,RN 104,,,Plein jour,Hors agglomération,Hors intersection,Normale,Trois véhicules et plus - en chaîne,,,,,,,,,,,1,1,1,1,4