accident_id,datetime,annee,mois,jour,heure,minute,departement,commune_insee,adresse,latitude,longitude,luminosite,agglomeration,intersection,meteo,collision,nb_vehicules,nb_usagers,nb_indemnes,nb_tues,nb_blesses_hosp,nb_blesses_legers,age_cond_1,age_cond_2,veh_type_cond_1,veh_type_cond_2,lum_code,agg_code,int_code,atm_code,col_code
201500047672,0015-04-28 20:20:00,15,4,28,20,20,202,37,TOUTES RUES,42.37427,9.25465,Crépuscule ou aube,En agglomération,Hors intersection,Normale,Autre collision,,,,,,,,,,,2,2,1,1,6
201500047673,0015-02-24 09:00:00,15,2,24,9,0,202,120,"sans, TOUTES RUES",,,Plein jour,En agglomération,Hors intersection,Pluie légère,Autre collision,,,,,,,,,,,1,2,1,2,6
201500047674,0015-05-04 11:45:00,15,5,4,11,45,202,33,"10, GAUDIN - BLD AUGUSTE",,,Plein jour,En agglomération,Hors intersection,Normale,Autre collision,,,,,,,,,,,1,2,1,1,6
201500047675,0015-02-24 13:10:00,15,2,24,13,10,202,33,"sans, ROUTE ROYALE",,,Plein jour,Hors agglomération,Hors intersection,Pluie légère,Deux véhicules - frontale,,,,,,,,,,,1,1,1,2,1
201500047676,0015-05-04 10:40:00,15,5,4,10,40,202,33,"SANS, TUNNEL",,,Plein jour,En agglomération,Hors intersection,Normale,Trois véhicules et plus - collisions multiples,,,,,,,,,,,1,2,1,1,5
201500047677,0015-02-25 13:11:00,15,2,25,13,11,202,33,TUNNEL,,,Plein jour,En agglomération,Hors intersection,Normale,Autre collision,,,,,,,,,,,1,2,1,1,6
201500047678,0015-05-05 16:30:00,15,5,5,16,30,202,120,"sans, RN 193",42.6461,9.43981,Plein jour,Hors agglomération,Intersection en T,Normale,Deux véhicules - côté,,,,,,,,,,,1,1,3,1,3
201500047679,0015-03-06 11:09:00,15,3,6,11,9,202,33,"SANS, 193 - RN",,,Plein jour,Hors agglomération,Hors intersection,Normale,Trois véhicules et plus - collisions multiples,,,,,,,,,,,1,1,1,1,5
201500047680,0015-05-08 15:00:00,15,5,8,15,0,202,33,"SANS, COL DE TEGHIME",,,Plein jour,Hors agglomération,Hors intersection,Normale,Deux véhicules - côté,,,,,,,,,,,1,1,1,1,3
201500047681,0015-03-07 10:45:00,15,3,7,10,45,202,120,"sans, TOUTES RUES",,,Plein jour,En agglomération,Intersection en T,Normale,Deux véhicules - côté,,,,,,,,,,,1,2,3,1,3
201500047682,0015-05-11 18:30:00,15,5,11,18,30,202,37,"1, TOUTES RUES",42.35452,9.26315,Plein jour,Hors agglomération,Intersection en T,Normale,Deux véhicules - côté,,,,,,,,,,,1,1,3,1,3
201500047683,0015-03-08 00:53:00,15,3,8,0,53,202,37,"sans, TOUTES RUES",,,Nuit avec éclairage allumé,Hors agglomération,Hors intersection,Normale,Autre collision,,,,,,,,,,,5,1,1,1,6
201500047684,0015-05-12 19:40:00,15,5,12,19,40,202,33,"SANS, AV DE LA LIBERATIO",,,Plein jour,En agglomération,Giratoire,Normale,Deux véhicules - côté,,,,,,,,,,,1,2,6,1,3
201500047685,0015-03-10 16:50:00,15,3,10,16,50,202,37,"sans, TOUTES RUES",,,Plein jour,En agglomération,Intersection en T,Normale,Deux véhicules - côté,,,,,,,,,,,1,2,3,1,3
201500047686,0015-05-12 21:30:00,15,5,12,21,30,202,120,"sans, IMPERIALE (Route)",,,Nuit avec éclairage allumé,En agglomération,Hors intersection,Normale,Deux véhicules - arrière,,,,,,,,,,,5,2,1,1,2
201500047687,0015-03-13 11:44:00,15,3,13,11,44,202,120,"SANS, TOUTES RUES",,,Plein jour,En agglomération,Hors intersection,Normale,Deux véhicules - frontale,,,,,,,,,,,1,2,1,1,1
201500047688,0015-05-15 16:45:00,15,5,15,16,45,202,120,"SANS, RN 193",42.402,9.2634,Plein jour,Hors agglomération,Hors intersection,Normale,Deux véhicules - arrière,,,,,,,,,,,1,1,1,1,2
201500047689,0015-03-13 13:00:00,15,3,13,13,0,202,33,"SANS, 193 - RN",,,Plein jour,En agglomération,Hors intersection,Normale,Deux véhicules - arrière,,,,,,,,,,,1,2,1,1,2
201500047690,0015-05-19 22:40:00,15,5,19,22,40,202,37,"1, TOUTES RUES",42.37131,9.2612,Nuit sans éclairage public,En agglomération,Hors intersection,Normale,Deux véhicules - côté,,,,,,,,,,,3,2,1,1,3
201500047691,0015-03-14 00:55:00,15,3,14,0,55,202,33,"sans, GAUDIN - BLD AUGUS",,,Nuit avec éclairage allumé,En agglomération,Intersection en Y,Normale,Deux véhicules - frontale,,,,,,,,,,,5,2,4,1,1
201500047692,0015-05-20 15:10:00,15,5,20,15,10,202,33,"SANS, ANDREI - ECOLE CHA",,,Plein jour,En agglomération,Hors intersection,Normale,Autre collision,,,,,,,,,,,1,2,1,1,6
201500047693,0015-03-15 19:03:00,15,3,15,19,3,202,33,"sans, COL DE TEGHIME",,,Nuit sans éclairage public,Hors agglomération,Hors intersection,Normale,Autre collision,,,,,,,,,,,3,1,1,1,6
201500047694,0015-05-20 16:30:00,15,5,20,16,30,202,120,VILLAGE (Route du) D364,42.65499,9.43761,Plein jour,En agglomération,Intersection en T,Normale,Deux véhicules - côté,,,,,,,,,,,1,2,3,1,3
201500047695,0015-05-23 16:30:00,15,5,23,16,30,202,33,ROUTE ROYALE,,,Plein jour,En agglomération,Intersection en X,Pluie légère,Deux véhicules - côté,,,,,,,,,,,1,2,2,2,3
201500047696,0015-05-24 14:45:00,15,5,24,14,45,202,33,"1, AGLIANI - CHEMIN D'",,,Plein jour,En agglomération,Hors intersection,Normale,Deux véhicules - frontale,,,,,,,,,,,1,2,1,1,1
201500047697,0015-05-28 18:05:00,15,5,28,18,5,202,37,"1, TOUTES RUES",42.37559,9.26167,Plein jour,Hors agglomération,Hors intersection,Normale,Deux véhicules - arrière,,,,,,,,,,,1,1,1,1,2
201500047698,0015-05-31 06:10:00,15,5,31,6,10,202,120,"1, RN 193",42.39124,9.26279,Crépuscule ou aube,Hors agglomération,Hors intersection,Normale,Autre collision,,,,,,,,,,,2,1,1,1,6
201500047699,0015-06-03 17:30:00,15,6,3,17,30,202,120,RN 193,42.6469,9.44017,Plein jour,Hors agglomération,Hors intersection,Normale,Trois véhicules et plus - en chaîne,,,,,,,,,,,1,1,1,1,4
201500047700,0015-06-04 00:30:00,15,6,4,0,30,202,120,"1, RN 193",42.3915,9.2629,Nuit avec éclairage allumé,En agglomération,Giratoire,Normale,Deux véhicules - côté,,,,,,,,,,,5,2,6,1,3
201500047701,0015-06-05 16:20:00,15,6,5,16,20,202,37,TOUTES RUES,42.3744,9.28016,Plein jour,Hors agglomération,Hors intersection,Normale,Deux véhicules - côté,,,,,,,,,,,1,1,1,1,3
201500047702,0015-06-06 17:45:00,15,6,6,17,45,202,37,"1, TOUTES RUES",42.3716,9.2613,Plein jour,En agglomération,Hors intersection,Normale,Deux véhicules - arrière,,,,,,,,,,,1,2,1,1,2
201500047703,0015-06-07 21:08:00,15,6,7,21,8,202,33,GAUDIN - BLD AUGUSTE,,,Crépuscule ou aube,En agglomération,Hors intersection,Normale,Sans collision,,,,,,,,,,,2,2,1,1,7
201500047704,0015-06-08 17:20:00,15,6,8,17,20,202,33,IMPERIALE - ROUTE,,,Plein jour,En agglomération,Giratoire,Normale,Deux véhicules - arrière,,,,,,,,,,,1,2,6,1,2
201500047705,0015-06-10 19:35:00,15,6,10,19,35,202,37,TOUTES RUES,,,Plein jour,En agglomération,Hors intersection,Normale,Deux véhicules - côté,,,,,,,,,,,1,2,1,1,3
201500047706,0015-06-12 19:55:00,15,6,12,19,55,202,37,TOUTES RUES,42.3755,9.2608,Plein jour,En agglomération,Intersection en T,Normale,Deux véhicules - côté,,,,,,,,,,,1,2,3,1,3
201500047707,0015-06-15 18:45:00,15,6,15,18,45,202,33,CHANOINE LESCHI - RUE,,,Plein jour,En agglomération,Autre intersection,Normale,Deux véhicules - arrière,,,,,,,,,,,1,2,9,1,2
201500047708,0015-06-16 01:05:00,15,6,16,1,5,202,33,"SANS, TOGA",,,Nuit avec éclairage allumé,En agglomération,Hors intersection,Normale,Autre collision,,,,,,,,,,,5,2,1,1,6
201500047709,0015-06-19 14:50:00,15,6,19,14,50,202,33,VEZZANI - RUE CESAR,,,Plein jour,En agglomération,Hors intersection,Normale,Deux véhicules - arrière,,,,,,,,,,,1,2,1,1,2
201500047710,0015-06-20 14:50:00,15,6,20,14,50,202,120,"000, IMPERIALE (Route) D",,,Plein jour,Hors agglomération,Hors intersection,Normale,Deux véhicules - côté,,,,,,,,,,,1,1,1,1,3
201500047711,0015-06-21 13:20:00,15,6,21,13,20,202,33,"1, FALCONAJA",,,Plein jour,Hors agglomération,Hors intersection,Normale,Deux véhicules - côté,,,,,,,,,,,1,1,1,1,3
201500047712,0015-06-22 21:55:00,15,6,22,21,55,202,120,RN 193,42.0,9.26,Nuit avec éclairage allumé,En agglomération,Hors intersection,Normale,Autre collision,,,,,,,,,,,5,2,1,1,6
201500047713,0015-06-30 19:40:00,15,6,30,19,40,202,33,FANGO - AVENUE DU,,,Plein jour,En agglomération,Giratoire,Normale,Autre collision,,,,,,,,,,,1,2,6,1,6
201500047714,0015-07-02 21:28:00,15,7,2,21,28,202,33,"12, DANESI - BLD BENOITE",,,Nuit avec éclairage allumé,En agglomération,Hors intersection,Normale,Deux véhicules - côté,,,,,,,,,,,5,2,1,1,3
201500047715,0015-07-03 12:10:00,15,7,3,12,10,202,120,RN 193,42.37256,9.26121,Plein jour,En agglomération,Hors intersection,Normale,Deux véhicules - frontale,,,,,,,,,,,1,2,1,1,1
201500047716,0015-07-03 14:01:00,15,7,3,14,1,202,33,SAINT VICTOR -SQUARE,,,Plein jour,En agglomération,Autre intersection,Normale,Autre collision,,,,,,,,,,,1,2,9,1,6
201500047717,0015-07-03 15:00:00,15,7,3,15,0,202,33,"1, CHANOINE LESCHI - RUE",,,Plein jour,En agglomération,Hors intersection,Normale,Deux véhicules - côté,,,,,,,,,,,1,2,1,1,3
201500047718,0015-07-07 15:00:00,15,7,7,15,0,202,33,"3, LUPINO",,,Plein jour,En agglomération,Hors intersection,Normale,Autre collision,,,,,,,,,,,1,2,1,1,6
201500047719,0015-07-08 13:22:00,15,7,8,13,22,202,33,FRANCOIS VITTORI,,,Plein jour,En agglomération,Hors intersection,Normale,Deux véhicules - frontale,,,,,,,,,,,1,2,1,1,1
201500047720,0015-07-10 15:58:00,15,7,10,15,58,202,120,"1, RN 193",42.39156,9.02628,Plein jour,En agglomération,Giratoire,Normale,Deux véhicules - côté,,,,,,,,,,,1,2,6,1,3
201500047721,0015-07-12 23:28:00,15,7,12,23,28,202,33,ROUTE ROYALE,,,Nuit avec éclairage allumé,En agglomération,Hors intersection,Normale,Deux véhicules - côté,,,,,,,,,,,5,2,1,1,3
201500047722,0015-07-13 00:05:00,15,7,13,0,5,202,120,IMPERIALE (Route) D464,42.385,9.2555,Nuit avec éclairage allumé,En agglomération,Giratoire,Normale,Autre collision,,,,,,,,,,,5,2,6,1,6
201500047723,0015-07-14 13:15:00,15,7,14,13,15,202,33,"SANS, FRONT DE MER - ROU",,,Plein jour,En agglomération,Hors intersection,Normale,Autre collision,,,,,,,,,,,1,2,1,1,6
201500047724,0015-07-14 13:59:00,15,7,14,13,59,202,33,"SANS, FRONT DE MER - ROU",,,Plein jour,En agglomération,Hors intersection,Normale,Autre collision,,,,,,,,,,,1,2,1,1,6
201500047725,0015-07-17 16:15:00,15,7,17,16,15,202,33,SARI - AV EMILE,,,Plein jour,En agglomération,Hors intersection,Normale,Trois véhicules et plus - collisions multiples,,,,,,,,,,,1,2,1,1,5
201500047726,0015-07-20 17:31:00,15,7,20,17,31,202,33,"SANS, NOVELTY - CARREFOU",,,Plein jour,En agglomération,Giratoire,Normale,Autre collision,,,,,,,,,,,1,2,6,1,6
201500047727,0015-07-24 11:37:00,15,7,24,11,37,202,33,FRONT DE MER - ROUTE DU,,,Plein jour,Hors agglomération,Hors intersection,Normale,Trois véhicules et plus - en chaîne,,,,,,,,,,,1,1,1,1,4
201500047728,0015-07-25 20:55:00,15,7,25,20,55,202,33,ROUTE ROYALE,,,Crépuscule ou aube,En agglomération,Hors intersection,Normale,Autre collision,,,,,,,,,,,2,2,1,1,6
201500047729,0015-07-29 13:30:00,15,7,29,13,30,202,120,TOUTES RUES,,,Plein jour,Hors agglomération,Hors intersection,Normale,Trois véhicules et plus - collisions multiples,,,,,,,,,,,1,1,1,1,5
201500047730,0015-08-02 22:57:00,15,8,2,22,57,202,120,RN 193,42.39087,9.26273,Nuit avec éclairage allumé,En agglomération,Hors intersection,Normale,Autre collision,,,,,,,,,,,5,2,1,1,6
201500047731,0015-08-05 10:15:00,15,8,5,10,15,202,33,"06, SEBASTIANI  - AVENUE",,,Plein jour,Hors agglomération,Hors intersection,Normale,Autre collision,,,,,,,,,,,1,1,1,1,6
201500047732,0015-08-07 00:12:00,15,8,7,0,12,202,33,FRONT DE MER - ROUTE DU,,,Nuit avec éclairage allumé,Hors agglomération,Hors intersection,Normale,Sans collision,,,,,,,,,,,5,1,1,1,7
201500047733,0015-08-07 15:59:00,15,8,7,15,59,202,37,TOUTES RUES,42.35523,9.23419,Plein jour,En agglomération,Hors intersection,Normale,Sans collision,,,,,,,,,,,1,2,1,1,7
201500047734,0015-08-09 03:29:00,15,8,9,3,29,202,120,RN 193,42.39,9.26,Nuit avec éclairage allumé,Hors agglomération,Hors intersection,Normale,Deux véhicules - arrière,,,,,,,,,,,5,1,1,1,2
201500047735,0015-08-09 14:55:00,15,8,9,14,55,202,33,TUNNEL,,,Plein jour,En agglomération,Hors intersection,Normale,Deux véhicules - arrière,,,,,,,,,,,1,2,1,1,2
201500047736,0015-08-10 23:40:00,15,8,10,23,40,202,120,RN 193,42.39148,9.26286,Nuit avec éclairage allumé,Hors agglomération,Giratoire,Normale,Deux véhicules - côté,,,,,,,,,,,5,1,6,1,3
201500047737,0015-08-14 17:55:00,15,8,14,17,55,202,37,"1, TOUTES RUES",42.37462,9.26151,Plein jour,Hors agglomération,Hors intersection,Normale,Deux véhicules - côté,,,,,,,,,,,1,1,1,1,3
201500047738,0015-08-22 22:00:00,15,8,22,22,0,202,33,"17, PAOLI DU NR 1 A 20 -",,,Nuit avec éclairage allumé,En agglomération,Hors intersection,Normale,Autre collision,,,,,,,,,,,5,2,1,1,6
201500047739,0015-08-23 10:25:00,15,8,23,10,25,202,33,AGLIANI - CHEMIN D',,,Plein jour,Hors agglomération,Hors intersection,Normale,Deux véhicules - arrière,,,,,,,,,,,1,1,1,1,2
201500047740,0015-08-30 01:00:00,15,8,30,1,0,202,33,FRONT DE MER - ROUTE DU,,,Nuit avec éclairage allumé,En agglomération,Hors intersection,Normale,Autre collision,,,,,,,,,,,5,2,1,1,6
201500047741,0015-08-31 16:21:00,15,8,31,16,21,202,37,"SANS, TOUTES RUES",42.3827,9.2621,Plein jour,Hors agglomération,Hors intersection,Normale,Autre collision,,,,,,,,,,,1,1,1,1,6
201500047742,0015-09-06 01:08:00,15,9,6,1,8,202,33,GIACCOBBI - AV PAUL,,,Nuit avec éclairage allumé,En agglomération,Hors intersection,Normale,Autre collision,,,,,,,,,,,5,2,1,1,6
201500047743,0015-09-06 21:09:00,15,9,6,21,9,202,120,LAGUNE (Route de la) D10,42.38471,9.27153,Nuit avec éclairage allumé,Hors agglomération,Hors intersection,Normale,Deux véhicules - arrière,,,,,,,,,,,5,1,1,1,2
201500047744,0015-09-07 11:32:00,15,9,7,11,32,202,33,193 - RN,,,Plein jour,En agglomération,Hors intersection,Normale,Trois véhicules et plus - en chaîne,,,,,,,,,,,1,2,1,1,4
201500047745,0015-09-07 12:30:00,15,9,7,12,30,202,33,CHANOINE LESCHI - RUE,,,Plein jour,En agglomération,Hors intersection,Normale,Autre collision,,,,,,,,,,,1,2,1,1,6
201500047746,0015-09-09 20:40:00,15,9,9,20,40,202,33,"204, AV DE LA LIBERATION",,,Nuit avec éclairage allumé,En agglomération,Hors intersection,Normale,Deux véhicules - frontale,,,,,,,,,,,5,2,1,1,1
201500047747,0015-09-15 06:30:00,15,9,15,6,30,202,120,"1, RN 193",42.39149,9.26286,Crépuscule ou aube,Hors agglomération,Giratoire,Normale,Deux véhicules - côté,,,,,,,,,,,2,1,6,1,3
201500047748,0015-09-19 08:00:00,15,9,19,8,0,202,33,ROUTE ROYALE,,,Plein jour,En agglomération,Hors intersection,Normale,Sans collision,,,,,,,,,,,1,2,1,1,7
201500047749,0015-09-24 14:40:00,15,9,24,14,40,202,33,GIACCOBBI - AV PAUL,,,Plein jour,En agglomération,Hors intersection,Normale,Autre collision,,,,,,,,,,,1,2,1,1,6
201500047750,0015-09-26 14:35:00,15,9,26,14,35,202,37,"1270, TOUTES RUES",42.35293,9.25393,Plein jour,Hors agglomération,Hors intersection,Normale,Deux véhicules - côté,,,,,,,,,,,1,1,1,1,3
201500047751,0015-09-26 18:27:00,15,9,26,18,27,202,33,ROUTE ROYALE,,,Crépuscule ou aube,En agglomération,Intersection en X,Normale,Deux véhicules - frontale,,,,,,,,,,,2,2,2,1,1
201500047752,0015-09-28 09:20:00,15,9,28,9,20,202,120,RN 193,42.39147,9.26279,Plein jour,En agglomération,Giratoire,Normale,Deux véhicules - côté,,,,,,,,,,,1,2,6,1,3
201500047753,0015-09-29 13:30:00,15,9,29,13,30,202,33,193 - RN,,,Plein jour,En agglomération,Hors intersection,Normale,Autre collision,,,,,,,,,,,1,2,1,1,6
201500047754,0015-10-01 16:47:00,15,10,1,16,47,202,33,ROUTE ROYALE,,,Plein jour,Hors agglomération,Hors intersection,Pluie forte,Deux véhicules - côté,,,,,,,,,,,1,1,1,3,3
201500047755,0015-10-05 22:00:00,15,10,5,22,0,202,33,"1, GAUDIN - BLD AUGUSTE",42.41401,9.2659,Nuit avec éclairage allumé,En agglomération,Hors intersection,Temps couvert,Autre collision,,,,,,,,,,,5,2,1,8,6
201500047756,0015-10-05 07:46:00,15,10,5,7,46,202,37,TOUTES RUES,42.62895,9.43754,Plein jour,En agglomération,Giratoire,Normale,Autre collision,,,,,,,,,,,1,2,6,1,6
201500047757,0015-10-07 17:00:00,15,10,7,17,0,202,37,"1, TOUTES RUES",42.35405,9.26191,Plein jour,Hors agglomération,Giratoire,Normale,Deux véhicules - arrière,,,,,,,,,,,1,1,6,1,2
201500047758,0015-10-08 14:05:00,15,10,8,14,5,202,33,DANESI - BLD BENOITE,,,Plein jour,En agglomération,Hors intersection,Normale,Deux véhicules - frontale,,,,,,,,,,,1,2,1,1,1
201500047759,0015-10-09 13:50:00,15,10,9,13,50,202,33,ROUTE ROYALE,42.67736,9.43397,Plein jour,En agglomération,Hors intersection,Normale,Deux véhicules - côté,,,,,,,,,,,1,2,1,1,3
201500047760,0015-10-09 14:23:00,15,10,9,14,23,202,120,RN 193,,,Plein jour,En agglomération,Giratoire,Normale,Deux véhicules - côté,,,,,,,,,,,1,2,6,1,3
201500047761,0015-10-10 22:45:00,15,10,10,22,45,202,37,TOUTES RUES,,,Nuit sans éclairage public,Hors agglomération,Hors intersection,Autre,Autre collision,,,,,,,,,,,3,1,1,9,6
201500047762,0015-10-13 12:07:00,15,10,13,12,7,202,33,"SANS, CAPITAINE THEN",,,Plein jour,En agglomération,Hors intersection,Normale,Autre collision,,,,,,,,,,,1,2,1,1,6
201500047763,0015-10-14 21:15:00,15,10,14,21,15,202,120,RN 193,,,Nuit avec éclairage allumé,Hors agglomération,Autre intersection,Autre,Autre collision,,,,,,,,,,,5,1,9,9,6
201500047764,0015-10-15 13:50:00,15,10,15,13,50,202,33,"14, CAP - ROUTE DU CAP",,,Plein jour,En agglomération,Hors intersection,Normale,Deux véhicules - côté,,,,,,,,,,,1,2,1,1,3
201500047765,0015-10-15 16:35:00,15,10,15,16,35,202,120,RN 193,,,Plein jour,Hors agglomération,Hors intersection,Normale,Deux véhicules - côté,,,,,,,,,,,1,1,1,1,3
201500047766,0015-10-18 18:19:00,15,10,18,18,19,202,37,"0, TOUTES RUES",42.35384,9.26139,Crépuscule ou aube,En agglomération,Intersection en X,Normale,Deux véhicules - côté,,,,,,,,,,,2,2,2,1,3
201500047767,0015-10-19 17:36:00,15,10,19,17,36,202,37,PAOLI DU NR 21 AU 45 -BL,,,Plein jour,En agglomération,Intersection en X,Normale,Autre collision,,,,,,,,,,,1,2,2,1,6
201500047768,0015-10-22 10:45:00,15,10,22,10,45,202,37,SAMPIERO CORSO - AV,,,Plein jour,Hors agglomération,Hors intersection,Normale,Autre collision,,,,,,,,,,,1,1,1,1,6
201500047769,0015-10-29 18:45:00,15,10,29,18,45,202,37,PIETRI - AV F. PIETRI,,,Nuit sans éclairage public,En agglomération,Hors intersection,Normale,Autre collision,,,,,,,,,,,3,2,1,1,6
201500047770,0015-11-03 19:20:00,15,11,3,19,20,202,33,CAP - ROUTE DU CAP,,,Nuit avec éclairage allumé,En agglomération,Hors intersection,Brouillard / fumée,Trois véhicules et plus - collisions multiples,,,,,,,,,,,5,2,1,5,5
201500047771,0015-11-06 14:01:00,15,11,6,14,1,202,33,",  PAOLI DU NR 1 A 20 -",,,Plein jour,En agglomération,Hors intersection,Pluie forte,Autre collision,,,,,,,,,,,1,2,1,3,6
201500047772,0015-11-14 17:41:00,15,11,14,17,41,202,37,TOUTES RUES,42.60077,9.43839,Nuit sans éclairage public,Hors agglomération,Hors intersection,Normale,Autre collision,,,,,,,,,,,3,1,1,1,6
201500047773,0015-11-19 08:15:00,15,11,19,8,15,202,33,FRONT DE MER - ROUTE DU,,,Plein jour,En agglomération,Hors intersection,Normale,Deux véhicules - arrière,,,,,,,,,,,1,2,1,1,2
201500047774,0015-11-22 00:40:00,15,11,22,0,40,202,120,RN 193,42.39067,9.26266,Nuit avec éclairage allumé,Hors agglomération,Hors intersection,Vent fort / tempête,Autre collision,,,,,,,,,,,5,1,1,6,6
201500047775,0015-11-25 17:05:00,15,11,25,17,5,202,33,IN - BLD AUGUSTE,,,Nuit avec éclairage allumé,En agglomération,Hors intersection,Normale,Autre collision,,,,,,,,,,,5,2,1,1,6
201500047776,0015-11-26 13:10:00,15,11,26,13,10,202,33,MONTESORO - L.E.P DE,,,Plein jour,En agglomération,Hors intersection,Normale,Autre collision,,,,,,,,,,,1,2,1,1,6
201500047777,0015-11-28 15:20:00,15,11,28,15,20,202,33,"SANS, SAMPIERO CORSO - A",,,Plein jour,En agglomération,Hors intersection,Normale,Deux véhicules - arrière,,,,,,,,,,,1,2,1,1,2
201500047778,0015-11-28 17:45:00,15,11,28,17,45,202,33,"SANS, AV DE LA LIBERATIO",,,Nuit avec éclairage allumé,En agglomération,Hors intersection,Normale,Deux véhicules - côté,,,,,,,,,,,5,2,1,1,3
201500047779,0015-11-30 14:01:00,15,11,30,14,1,202,120,RN 193,42.39268,9.26214,Plein jour,En agglomération,Hors intersection,Normale,Deux véhicules - côté,,,,,,,,,,,1,2,1,1,3
201500047780,0015-12-06 02:40:00,15,12,6,2,40,202,33,193 - RN,,,Nuit avec éclairage allumé,En agglomération,Hors intersection,Normale,Deux véhicules - frontale,,,,,,,,,,,5,2,1,1,1
201500047781,0015-12-08 15:36:00,15,12,8,15,36,202,33,AV DE LA LIBERATION,,,Plein jour,En agglomération,Giratoire,Normale,Deux véhicules - côté,,,,,,,,,,,1,2,6,1,3
201500047782,0015-12-13 17:30:00,15,12,13,17,30,202,120,RN 193,42.39215,9.2658,Nuit avec éclairage allumé,En agglomération,Hors intersection,Normale,Deux véhicules - arrière,,,,,,,,,,,5,2,1,1,2
201500047783,0015-12-13 18:30:00,15,12,13,18,30,202,37,"12, TOUTES RUES",42.37387,9.25425,Nuit avec éclairage allumé,En agglomération,Intersection en Y,Normale,Deux véhicules - côté,,,,,,,,,,,5,2,4,1,3
201500047784,0015-12-14 07:45:00,15,12,14,7,45,202,33,"1, AV DE LA LIBERATION",,,Crépuscule ou aube,En agglomération,Intersection en T,Normale,Deux véhicules - côté,,,,,,,,,,,2,2,3,1,3
201500047785,0015-12-14 17:50:00,15,12,14,17,50,202,33,SAMPIERO CORSO - AV,,,Nuit avec éclairage allumé,En agglomération,Hors intersection,Normale,Deux véhicules - arrière,,,,,,,,,,,5,2,1,1,2
201500047786,0015-12-14 11:45:00,15,12,14,11,45,202,33,DANESI - BLD BENOITE,,,Plein jour,En agglomération,Hors intersection,Normale,Deux véhicules - côté,,,,,,,,,,,1,2,1,1,3
201500047787,0015-12-15 15:15:00,15,12,15,15,15,202,37,TOUTES RUES,42.5958,9.4421,Plein jour,En agglomération,Intersection en T,Normale,Trois véhicules et plus - collisions multiples,,,,,,,,,,,1,2,3,1,5
201500047788,0015-12-08 14:10:00,15,12,8,14,10,202,33,"35, PAOLI DU NR 21 AU 45",,,Plein jour,En agglomération,Hors intersection,Normale,Autre collision,,,,,,,,,,,1,2,1,1,6
201500047789,0015-12-17 09:30:00,15,12,17,9,30,202,120,LAGUNE (Route de la) D10,42.61609,9.47803,Plein jour,Hors agglomération,Hors intersection,Normale,Deux véhicules - arrière,,,,,,,,,,,1,1,1,1,2
201500047790,0015-12-20 03:20:00,15,12,20,3,20,202,33,RN 193,42.39147,9.26278,Nuit avec éclairage allumé,Hors agglomération,Giratoire,Normale,Sans collision,,,,,,,,,,,5,1,6,1,7
201500047791,0015-12-21 17:19:00,15,12,21,17,19,202,33,ST FLORENT-ANCIENNE RT D,,,Nuit avec éclairage allumé,En agglomération,Hors intersection,Normale,Deux véhicules - frontale,,,,,,,,,,,5,2,1,1,1
201500047792,0015-12-22 10:45:00,15,12,22,10,45,202,33,TUNNEL,,,Plein jour,En agglomération,Hors intersection,Normale,Deux véhicules - arrière,,,,,,,,,,,1,2,1,1,2
201500047793,0015-12-27 16:10:00,15,12,27,16,10,202,120,VILLAGE (Route du) D364,42.65495,9.43741,Plein jour,En agglomération,Intersection en T,Normale,Deux véhicules - côté,,,,,,,,,,,1,2,3,1,3
201500047794,0015-12-31 15:20:00,15,12,31,15,20,202,120,RN 193,42.39215,9.26289,Plein jour,Hors agglomération,Hors intersection,Normale,Trois véhicules et plus - en chaîne,,,,,,,,,,,1,1,1,1,4
201500047795,0015-03-16 13:50:00,15,3,16,13,50,690,81,"19, EDOUARD AYNARD",45.7778,4.77883,Plein jour,En agglomération,Hors intersection,Normale,Trois véhicules et plus - collisions multiples,,,,,,,,,,,1,2,1,1,5
201500047796,0015-01-29 20:29:00,15,1,29,20,29,690,382,CHARLEMAGNE,45.7444,4.81984,Nuit avec éclairage allumé,En agglomération,Intersection en X,Pluie légère,Deux véhicules - côté,,,,,,,,,,,5,2,2,2,3
201500047797,0015-03-17 13:30:00,15,3,17,13,30,690,34,"27, LOUIS DUFOUR",45.8022,4.85131,Plein jour,En agglomération,Hors intersection,Normale,Autre collision,,,,,,,,,,,1,2,1,1,6
201500047798,0015-01-31 20:00:00,15,1,31,20,0,690,382,PONT ALPHONSE JUIN,,,Nuit avec éclairage allumé,En agglomération,Intersection en X,Pluie légère,Deux véhicules - côté,,,,,,,,,,,5,2,2,2,3
201500047799,0015-03-17 17:55:00,15,3,17,17,55,690,389,"63, SIDOINE APPOLINAIRE",45.7785,4.79798,Plein jour,En agglomération,Hors intersection,Normale,Deux véhicules - arrière,,,,,,,,,,,1,2,1,1,2
201500047800,0015-03-18 13:15:00,15,3,18,13,15,690,384,HENON,45.7787,4.82406,Plein jour,En agglomération,Intersection en X,Normale,Autre collision,,,,,,,,,,,1,2,2,1,6
201500047801,0015-03-04 06:00:00,15,3,4,6,0,690,382,"20, QUAI DOCTEUR GAILLET",45.752,4.83589,Nuit avec éclairage allumé,En agglomération,Hors intersection,Pluie légère,Deux véhicules - arrière,,,,,,,,,,,5,2,1,2,2
201500047802,0015-02-04 04:15:00,15,2,4,4,15,690,382,PONT LAFAYETTE,,,Nuit avec éclairage allumé,En agglomération,Hors intersection,Normale,Autre collision,,,,,,,,,,,5,2,1,1,6
201500047803,0015-03-19 01:15:00,15,3,19,1,15,690,81,"18, CHALIN (DE)",45.7775,4.78975,Nuit avec éclairage allumé,En agglomération,Hors intersection,Normale,Sans collision,,,,,,,,,,,5,2,1,1,7