accident_id,datetime,annee,mois,jour,heure,minute,departement,commune_insee,adresse,latitude,longitude,luminosite,agglomeration,intersection,meteo,collision,nb_vehicules,nb_usagers,nb_indemnes,nb_tues,nb_blesses_hosp,nb_blesses_legers,age_cond_1,age_cond_2,veh_type_cond_1,veh_type_cond_2,lum_code,agg_code,int_code,atm_code,col_code
201500047936,0015-06-05 14:30:00,15,6,5,14,30,690,34,SOLDATS (Des),45.7957,4.85793,Plein jour,En agglomération,Intersection à plus de 4 branches,Normale,Autre collision,,,,,,,,,,,1,2,5,1,6
201500047937,0015-06-05 18:20:00,15,6,5,18,20,690,382,"53, CHARLEMAGNE",,,Plein jour,En agglomération,Hors intersection,Normale,Trois véhicules et plus - collisions multiples,,,,,,,,,,,1,2,1,1,5
201500047938,0015-06-05 20:10:00,15,6,5,20,10,690,286,"83, EUROPE (DE L')",,,Plein jour,En agglomération,Hors intersection,Normale,Autre collision,,,,,,,,,,,1,2,1,1,6
201500047939,0015-06-06 17:05:00,15,6,6,17,5,690,34,"65, GENERAL LECLERC",45.8032,4.85985,Plein jour,En agglomération,Hors intersection,Normale,Deux véhicules - côté,,,,,,,,,,,1,2,1,1,3
201500047940,0015-06-08 17:45:00,15,6,8,17,45,690,389,SERGENT MICHEL BERTHET (,45.7788,4.8035,Plein jour,En agglomération,Hors intersection,Normale,Sans collision,,,,,,,,,,,1,2,1,1,7
201500047941,0015-06-06 11:20:00,15,6,6,11,20,690,384,"01, VILLENEUVE",,,Plein jour,En agglomération,Hors intersection,Normale,Autre collision,,,,,,,,,,,1,2,1,1,6
201500047942,0015-05-28 07:50:00,15,5,28,7,50,690,149,"02, EMILE ZOLA",45.7196,4.80246,Plein jour,En agglomération,Hors intersection,Normale,Autre collision,,,,,,,,,,,1,2,1,1,6
201500047943,0015-06-09 11:45:00,15,6,9,11,45,690,34,"12, GENERAL DE GAULLE",45.8037,4.85186,Plein jour,En agglomération,Hors intersection,Normale,Trois véhicules et plus - en chaîne,,,,,,,,,,,1,2,1,1,4
201500047944,0015-06-10 09:00:00,15,6,10,9,0,690,385,"1BIS, FOSSES DE TRION (D",,,Plein jour,En agglomération,Place,Normale,Deux véhicules - côté,,,,,,,,,,,1,2,7,1,3
201500047945,0015-06-10 18:45:00,15,6,10,18,45,690,384,"10, TUNNEL DE LA CROIX R",,,Plein jour,En agglomération,Hors intersection,Normale,Trois véhicules et plus - en chaîne,,,,,,,,,,,1,2,1,1,4
201500047946,0015-02-16 15:00:00,15,2,16,15,0,690,384,"67, CANUTS (DES)",,,Plein jour,En agglomération,Hors intersection,Normale,Deux véhicules - arrière,,,,,,,,,,,1,2,1,1,2
201500047947,0015-06-11 07:35:00,15,6,11,7,35,690,389,"550, ECULLY (D')",,,Plein jour,En agglomération,Intersection en T,Normale,Deux véhicules - côté,,,,,,,,,,,1,2,3,1,3
201500047948,0015-06-11 18:34:00,15,6,11,18,34,690,286,ROUTE DE STRASBOURG D 48,45.8203,4.89547,Plein jour,En agglomération,Intersection en T,Normale,Deux véhicules - côté,,,,,,,,,,,1,2,3,1,3
201500047949,0015-06-12 15:45:00,15,6,12,15,45,690,385,"5, OCTAVIO MEY",,,Plein jour,En agglomération,Hors intersection,Normale,Deux véhicules - côté,,,,,,,,,,,1,2,1,1,3
201500047950,0015-06-12 22:15:00,15,6,12,22,15,690,81,FRANKLIN ROOSEVELT,45.7667,4.77374,Nuit avec éclairage allumé,En agglomération,Intersection à plus de 4 branches,Pluie forte,Deux véhicules - côté,,,,,,,,,,,5,2,5,3,3
201500047951,0015-06-13 00:40:00,15,6,13,0,40,690,385,"153 TER, JOLIOT CURIE",,,Nuit sans éclairage public,En agglomération,Hors intersection,Normale,Deux véhicules - côté,,,,,,,,,,,3,2,1,1,3
201500047952,0015-06-13 10:00:00,15,6,13,10,0,690,149,"23, GENERAL DE GAULLE",45.7167,4.79017,Plein jour,En agglomération,Hors intersection,Normale,Deux véhicules - côté,,,,,,,,,,,1,2,1,1,3
201500047953,0015-06-10 07:30:00,15,6,10,7,30,690,34,"3, ST CLAIR (DE)",45.7862,4.84894,Plein jour,En agglomération,Hors intersection,Normale,Deux véhicules - côté,,,,,,,,,,,1,2,1,1,3
201500047954,0015-06-10 08:00:00,15,6,10,8,0,690,381,"22, ST VINCENT",45.7729,4.8308,Plein jour,En agglomération,Hors intersection,Normale,Deux véhicules - côté,,,,,,,,,,,1,2,1,1,3
201500047955,0015-06-15 11:30:00,15,6,15,11,30,690,81,CHARRIERE BLANCHE (DE),45.7783,4.776,Plein jour,En agglomération,Intersection en T,Normale,Deux véhicules - côté,,,,,,,,,,,1,2,3,1,3
201500047956,0015-06-15 17:00:00,15,6,15,17,0,690,389,ST PIERRE DE VAISE,,,Plein jour,En agglomération,Intersection en X,Normale,Deux véhicules - côté,,,,,,,,,,,1,2,2,1,3
201500047957,0015-06-16 19:30:00,15,6,16,19,30,690,34,"272, CANUTS (DES)",45.786,4.82641,Plein jour,En agglomération,Intersection en X,Normale,Deux véhicules - côté,,,,,,,,,,,1,2,2,1,3
201500047958,0015-06-13 22:15:00,15,6,13,22,15,690,381,LOUIS PRADEL,,,Nuit avec éclairage allumé,En agglomération,Place,Pluie forte,Autre collision,,,,,,,,,,,5,2,7,3,6
201500047959,0015-06-18 13:13:00,15,6,18,13,13,690,34,"10, JEAN PETIT",45.8045,4.85925,Plein jour,En agglomération,Hors intersection,Normale,Deux véhicules - côté,,,,,,,,,,,1,2,1,1,3
201500047960,0015-06-19 08:00:00,15,6,19,8,0,690,142,"66, STEPHANE DECHANT",45.7247,4.81321,Plein jour,En agglomération,Hors intersection,Normale,Deux véhicules - arrière,,,,,,,,,,,1,2,1,1,2
201500047961,0015-06-19 16:40:00,15,6,19,16,40,690,384,"9, BELFORT (DE)",45.7774,4.83651,Plein jour,En agglomération,Hors intersection,Normale,Autre collision,,,,,,,,,,,1,2,1,1,6
201500047962,0015-06-20 09:00:00,15,6,20,9,0,690,381,CROIX ROUSSE (DE LA),45.7732,4.83535,Plein jour,En agglomération,Intersection en X,Normale,Autre collision,,,,,,,,,,,1,2,2,1,6
201500047963,0015-06-20 19:15:00,15,6,20,19,15,690,381,MORAND,,,Plein jour,En agglomération,Hors intersection,Normale,Deux véhicules - frontale,,,,,,,,,,,1,2,1,1,1
201500047964,0015-06-21 12:50:00,15,6,21,12,50,690,389,GORGE DE LOUP,45.7696,4.79941,Plein jour,En agglomération,Intersection en X,Normale,Deux véhicules - côté,,,,,,,,,,,1,2,2,1,3
201500047965,0015-06-22 08:50:00,15,6,22,8,50,690,389,BOURGOGNE (DE),,,Plein jour,En agglomération,Hors intersection,Normale,Autre collision,,,,,,,,,,,1,2,1,1,6
201500047966,0015-06-22 10:10:00,15,6,22,10,10,690,385,"55, PIERRE SCIZE",,,Plein jour,En agglomération,Hors intersection,Normale,Autre collision,,,,,,,,,,,1,2,1,1,6
201500047967,0015-06-22 14:56:00,15,6,22,14,56,690,149,"52, FLEURY",45.7148,4.80864,Plein jour,En agglomération,Intersection en X,Normale,Deux véhicules - côté,,,,,,,,,,,1,2,2,1,3
201500047968,0015-06-24 11:34:00,15,6,24,11,34,690,389,RHIN ET DANUBE,,,Plein jour,En agglomération,Intersection en T,Normale,Deux véhicules - frontale,,,,,,,,,,,1,2,3,1,1
201500047969,0015-06-24 12:45:00,15,6,24,12,45,690,286,AIN (DE L'),45.8224,4.88925,Plein jour,En agglomération,Hors intersection,Normale,Trois véhicules et plus - en chaîne,,,,,,,,,,,1,2,1,1,4
201500047970,0015-06-23 19:45:00,15,6,23,19,45,690,384,CLOS SAVARON,45.7834,4.82016,Crépuscule ou aube,En agglomération,Hors intersection,Normale,Deux véhicules - frontale,,,,,,,,,,,2,2,1,1,1
201500047971,0015-06-24 17:00:00,15,6,24,17,0,690,34,"2, DOCTEUR ZAMENHOF (DU)",45.797,4.85044,Plein jour,En agglomération,Intersection en X,Normale,Autre collision,,,,,,,,,,,1,2,2,1,6
201500047972,0015-06-24 18:00:00,15,6,24,18,0,690,34,"12, FRANCOIS PEISSEL",45.7929,4.83889,Plein jour,En agglomération,Intersection en T,Normale,Autre collision,,,,,,,,,,,1,2,3,1,6
201500047973,0015-06-25 10:45:00,15,6,25,10,45,690,81,VALVERT,45.45558,4.6049,Plein jour,En agglomération,Intersection en T,Normale,Autre collision,,,,,,,,,,,1,2,3,1,6
201500047974,0015-06-25 18:15:00,15,6,25,18,15,690,382,KITCHENER MARCHAND,,,Plein jour,En agglomération,Hors intersection,Normale,Deux véhicules - côté,,,,,,,,,,,1,2,1,1,3
201500047975,0015-06-25 20:30:00,15,6,25,20,30,690,34,"37, HENRI CHEVALIER",,,Plein jour,En agglomération,Intersection en T,Normale,Deux véhicules - côté,,,,,,,,,,,1,2,3,1,3
201500047976,0015-06-26 15:15:00,15,6,26,15,15,690,385,"108, CHOULANS (DE)",45.7584,4.81691,Plein jour,En agglomération,Hors intersection,Normale,Autre collision,,,,,,,,,,,1,2,1,1,6
201500047977,0015-06-25 18:40:00,15,6,25,18,40,690,202,"41, MONTRAY (DE)",45.7321,4.79525,Plein jour,En agglomération,Hors intersection,Normale,Autre collision,,,,,,,,,,,1,2,1,1,6
201500047978,0015-06-28 02:05:00,15,6,28,2,5,690,381,"20, TERREAUX (DES)",45.7735,4.82722,Nuit avec éclairage allumé,En agglomération,Hors intersection,Normale,Autre collision,,,,,,,,,,,5,2,1,1,6
201500047979,0015-06-27 19:15:00,15,6,27,19,15,690,389,"46, LAURE DIEBOLD",,,Plein jour,En agglomération,Hors intersection,Normale,Sans collision,,,,,,,,,,,1,2,1,1,7
201500047980,0015-06-29 18:45:00,15,6,29,18,45,690,385,"5, MENIVAL (DE)",,,Plein jour,En agglomération,Hors intersection,Normale,Autre collision,,,,,,,,,,,1,2,1,1,6
201500047981,0015-06-30 21:15:00,15,6,30,21,15,690,34,Pont Raymond Poincaré,,,Nuit avec éclairage allumé,En agglomération,Hors intersection,Normale,Sans collision,,,,,,,,,,,5,2,1,1,7
201500047982,0015-07-01 17:00:00,15,7,1,17,0,690,286,CAPITAINE JULIEN (DU),,,Plein jour,En agglomération,Hors intersection,Normale,Trois véhicules et plus - en chaîne,,,,,,,,,,,1,2,1,1,4
201500047983,0015-07-02 08:56:00,15,7,2,8,56,690,286,SATHONAY A ROSAGE (DE),,,Plein jour,Hors agglomération,Hors intersection,Normale,Sans collision,,,,,,,,,,,1,1,1,1,7
201500047984,0015-07-02 13:45:00,15,7,2,13,45,690,384,BIRMINGHAM (DE),,,Plein jour,En agglomération,Hors intersection,Normale,Deux véhicules - arrière,,,,,,,,,,,1,2,1,1,2
201500047985,0015-07-02 17:45:00,15,7,2,17,45,690,384,"77, CUIRE (DE)",,,Plein jour,En agglomération,Hors intersection,Normale,Deux véhicules - côté,,,,,,,,,,,1,2,1,1,3
201500047986,0015-07-03 19:20:00,15,7,3,19,20,690,384,"117, CROIX-ROUSSE (DE LA",,,Plein jour,En agglomération,Intersection en T,Normale,Deux véhicules - côté,,,,,,,,,,,1,2,3,1,3
201500047987,0015-07-05 05:40:00,15,7,5,5,40,690,382,TREMIE N°6,,,Crépuscule ou aube,En agglomération,Hors intersection,Normale,Autre collision,,,,,,,,,,,2,2,1,1,6
201500047988,0015-07-05 15:20:00,15,7,5,15,20,690,385,"35, FULCHIRON",45.7546,4.82477,Plein jour,En agglomération,Hors intersection,Normale,Autre collision,,,,,,,,,,,1,2,1,1,6
201500047989,0015-07-06 19:15:00,15,7,6,19,15,690,81,PONTET ET CRASES (DE),45.7826,4.77542,Plein jour,En agglomération,Intersection en Y,Temps éblouissant,Deux véhicules - côté,,,,,,,,,,,1,2,4,7,3
201500047990,0015-07-06 17:20:00,15,7,6,17,20,690,149,"32, CHARTON",45.7148,4.81142,Plein jour,En agglomération,Hors intersection,Normale,Autre collision,,,,,,,,,,,1,2,1,1,6
201500047991,0015-07-08 01:10:00,15,7,8,1,10,690,34,"2, BELVEDERE (DU)",45.7835,4.84254,Nuit avec éclairage allumé,En agglomération,Hors intersection,Normale,Sans collision,,,,,,,,,,,5,2,1,1,7
201500047992,0015-07-08 10:20:00,15,7,8,10,20,690,286,"2534, ROUTE DE STRASBOUR",45.8191,4.89379,Plein jour,En agglomération,Hors intersection,Normale,Autre collision,,,,,,,,,,,1,2,1,1,6
201500047993,0015-07-08 19:30:00,15,7,8,19,30,690,152,"499, EUROPE (DE L')",45.7008,4.82265,Plein jour,En agglomération,Hors intersection,Normale,Deux véhicules - côté,,,,,,,,,,,1,2,1,1,3
201500047994,0015-07-10 01:00:00,15,7,10,1,0,690,34,"272, CANUTS (DES)",45.7846,4.83223,Nuit avec éclairage allumé,En agglomération,Intersection en X,Normale,Autre collision,,,,,,,,,,,5,2,2,1,6
201500047995,0015-07-10 07:40:00,15,7,10,7,40,690,389,BEN GOURION   (AV),45.7881,4.78969,Plein jour,En agglomération,Intersection en X,Normale,Deux véhicules - côté,,,,,,,,,,,1,2,2,1,3
201500047996,0015-07-10 16:10:00,15,7,10,16,10,690,149,"12, BUISSET (DU)",45.0,,Plein jour,En agglomération,Intersection en X,Normale,Deux véhicules - côté,,,,,,,,,,,1,2,2,1,3
201500047997,0015-07-11 21:45:00,15,7,11,21,45,690,382,DOCTEUR GAILLETON (DU),,,Crépuscule ou aube,En agglomération,Hors intersection,Normale,Autre collision,,,,,,,,,,,2,2,1,1,6
201500047998,0015-07-12 08:10:00,15,7,12,8,10,690,149,"84, EMILE ZOLA",45.7199,4.79844,Plein jour,En agglomération,Hors intersection,Normale,Deux véhicules - arrière,,,,,,,,,,,1,2,1,1,2
201500047999,0015-07-13 19:15:00,15,7,13,19,15,690,389,"77, MARIETTON",,,Plein jour,En agglomération,Hors intersection,Normale,Trois véhicules et plus - en chaîne,,,,,,,,,,,1,2,1,1,4
201500048000,0015-07-15 18:00:00,15,7,15,18,0,690,149,"21, EMILE ZOLA",,,Plein jour,En agglomération,Hors intersection,Normale,Deux véhicules - arrière,,,,,,,,,,,1,2,1,1,2
201500048001,0015-07-17 00:35:00,15,7,17,0,35,690,34,ARISTIDE BRIAND,45.7838,4.8453,Nuit avec éclairage allumé,En agglomération,Intersection à plus de 4 branches,Normale,Deux véhicules - côté,,,,,,,,,,,5,2,5,1,3
201500048002,0015-07-15 14:35:00,15,7,15,14,35,690,389,HECTOR BERLIOZ,,,Plein jour,En agglomération,Intersection en T,Normale,Deux véhicules - côté,,,,,,,,,,,1,2,3,1,3
201500048003,0015-07-18 01:05:00,15,7,18,1,5,690,34,"1, MARECHAL FOCH (DU)",45.7949,4.85071,Nuit avec éclairage allumé,En agglomération,Hors intersection,Normale,Autre collision,,,,,,,,,,,5,2,1,1,6
201500048004,0015-07-18 20:35:00,15,7,18,20,35,690,385,"19, BOMBARDE (DE LA)",,,Plein jour,En agglomération,Autre intersection,Normale,Autre collision,,,,,,,,,,,1,2,9,1,6
201500048005,0015-07-18 18:15:00,15,7,18,18,15,690,385,"20, ROGER RADISSON",45.7597,4.82638,Plein jour,En agglomération,Hors intersection,Pluie légère,Deux véhicules - côté,,,,,,,,,,,1,2,1,2,3
201500048006,0015-07-19 20:10:00,15,7,19,20,10,690,384,"2, TERRASSE (DE LA)",45.7554,4.83671,Plein jour,En agglomération,Hors intersection,Normale,Autre collision,,,,,,,,,,,1,2,1,1,6
201500048007,0015-07-19 21:29:00,15,7,19,21,29,690,389,ST CYR (DE),,,Crépuscule ou aube,En agglomération,Intersection en T,Normale,Trois véhicules et plus - en chaîne,,,,,,,,,,,2,2,3,1,4
201500048008,0015-07-20 09:15:00,15,7,20,9,15,690,389,"16, 24 MARS 1852",,,Plein jour,En agglomération,Hors intersection,Normale,Autre collision,,,,,,,,,,,1,2,1,1,6
201500048009,0015-07-17 17:10:00,15,7,17,17,10,690,382,"33, SUCHET",,,Plein jour,En agglomération,Hors intersection,Normale,Autre collision,,,,,,,,,,,1,2,1,1,6
201500048010,0015-07-19 19:13:00,15,7,19,19,13,690,34,"109, GEORGES CLEMENCEAU",45.8107,4.84528,Plein jour,En agglomération,Hors intersection,Normale,Deux véhicules - côté,,,,,,,,,,,1,2,1,1,3
201500048011,0015-07-21 08:10:00,15,7,21,8,10,690,152,"12, EUROPE (DE L')",45.7059,4.821,Plein jour,En agglomération,Hors intersection,Normale,Deux véhicules - côté,,,,,,,,,,,1,2,1,1,3
201500048012,0015-07-21 20:55:00,15,7,21,20,55,690,81,JEAN MARIE VIANNEY,45.7897,4.77935,Plein jour,En agglomération,Hors intersection,Normale,Autre collision,,,,,,,,,,,1,2,1,1,6
201500048013,0015-07-22 00:15:00,15,7,22,0,15,690,382,"1, MARECHAL JOFFRE (DU)",45.7539,4.82938,Nuit avec éclairage allumé,En agglomération,Intersection en T,Normale,Deux véhicules - côté,,,,,,,,,,,5,2,3,1,3
201500048014,0015-07-22 06:45:00,15,7,22,6,45,690,382,"70, SUCHET",,,Plein jour,En agglomération,Hors intersection,Normale,Deux véhicules - arrière,,,,,,,,,,,1,2,1,1,2
201500048015,0015-07-22 19:09:00,15,7,22,19,9,690,385,"43, DOCTEUR ALBERIC PONT",,,Plein jour,En agglomération,Hors intersection,Normale,Deux véhicules - côté,,,,,,,,,,,1,2,1,1,3
201500048016,0015-07-21 19:38:00,15,7,21,19,38,690,382,"30, DOCTEUR GAILLETON (D",,,Plein jour,En agglomération,Hors intersection,Normale,Trois véhicules et plus - en chaîne,,,,,,,,,,,1,2,1,1,4
201500048017,0015-07-23 08:40:00,15,7,23,8,40,690,149,"72, PIERRE SEMARD",45.7181,4.81683,Plein jour,En agglomération,Hors intersection,Normale,Deux véhicules - côté,,,,,,,,,,,1,2,1,1,3
201500048018,0015-07-24 19:20:00,15,7,24,19,20,690,286,"394, ROUTE DE STRASBOURG",,,Plein jour,En agglomération,Hors intersection,Normale,Deux véhicules - arrière,,,,,,,,,,,1,2,1,1,2
201500048019,0015-07-27 03:30:00,15,7,27,3,30,690,142,JEAN JACQUES ROUSSEAU,45.7433,4.81272,Nuit avec éclairage allumé,En agglomération,Hors intersection,Normale,Autre collision,,,,,,,,,,,5,2,1,1,6
201500048020,0015-07-27 04:20:00,15,7,27,4,20,690,34,"72, MARGNOLLES (DE)",45.7888,4.8449,Nuit avec éclairage allumé,En agglomération,Hors intersection,Normale,Autre collision,,,,,,,,,,,5,2,1,1,6
201500048021,0015-07-27 07:37:00,15,7,27,7,37,690,286,ROUTE DE GENEVE,,,Plein jour,En agglomération,Intersection en Y,Temps éblouissant,Deux véhicules - côté,,,,,,,,,,,1,2,4,7,3
201500048022,0015-07-27 11:55:00,15,7,27,11,55,690,385,CHOULANS (DE),45.7585,4.81839,Plein jour,En agglomération,Hors intersection,Normale,Sans collision,,,,,,,,,,,1,2,1,1,7
201500048023,0015-07-27 17:20:00,15,7,27,17,20,690,149,"01, EMILE ZOLA",45.7256,4.80956,Plein jour,En agglomération,Hors intersection,Normale,Autre collision,,,,,,,,,,,1,2,1,1,6
201500048024,0015-07-28 12:15:00,15,7,28,12,15,690,286,PIERRE DREVET,45.8136,4.86908,Plein jour,Hors agglomération,Hors intersection,Normale,Deux véhicules - côté,,,,,,,,,,,1,1,1,1,3
201500048025,0015-07-30 04:50:00,15,7,30,4,50,690,385,"101 B, CHOULANS (DE)",,,Nuit avec éclairage allumé,En agglomération,Hors intersection,Normale,Sans collision,,,,,,,,,,,5,2,1,1,7
201500048026,0015-07-30 13:23:00,15,7,30,13,23,690,149,"107, FRANCISQUE JOMARD",45.7191,4.78642,Plein jour,En agglomération,Hors intersection,Normale,Deux véhicules - frontale,,,,,,,,,,,1,2,1,1,1
201500048027,0015-07-30 19:57:00,15,7,30,19,57,690,384,"48 bis, HENON",,,Plein jour,En agglomération,Hors intersection,Normale,Deux véhicules - côté,,,,,,,,,,,1,2,1,1,3
201500048028,0015-07-31 08:00:00,15,7,31,8,0,690,81,PONTET ET CRASES (DE),45.7864,4.77253,Plein jour,En agglomération,Giratoire,Normale,Deux véhicules - côté,,,,,,,,,,,1,2,6,1,3
201500048029,0015-07-28 12:05:00,15,7,28,12,5,690,385,CHOULANS (DE),,,Plein jour,En agglomération,Intersection en X,Normale,Deux véhicules - côté,,,,,,,,,,,1,2,2,1,3
201500048030,0015-07-31 18:50:00,15,7,31,18,50,690,389,DUCHERE (DE LA),,,Plein jour,En agglomération,Hors intersection,Normale,Sans collision,,,,,,,,,,,1,2,1,1,7
201500048031,0015-07-30 19:40:00,15,7,30,19,40,690,286,"2, EUROPE (DE L')",45.8121,4.88972,Plein jour,En agglomération,Intersection en T,Normale,Deux véhicules - arrière,,,,,,,,,,,1,2,3,1,2
201500048032,0015-08-04 07:50:00,15,8,4,7,50,690,389,"60, DOCKS (DES)",,,Plein jour,En agglomération,Hors intersection,Normale,Deux véhicules - côté,,,,,,,,,,,1,2,1,1,3
201500048033,0015-08-03 19:10:00,15,8,3,19,10,690,286,"13, FLEURY SALIGNAT",45.8222,4.89592,Plein jour,En agglomération,Hors intersection,Normale,Autre collision,,,,,,,,,,,1,2,1,1,6
201500048034,0015-08-06 02:24:00,15,8,6,2,24,690,385,CHOULANS (DE),45.7792,4.79573,Nuit avec éclairage allumé,En agglomération,Hors intersection,Normale,Autre collision,,,,,,,,,,,5,2,1,1,6
201500048035,0015-08-07 09:20:00,15,8,7,9,20,690,149,EMILE ZOLA,45.7195,4.80419,Plein jour,En agglomération,Intersection en X,Normale,Deux véhicules - côté,,,,,,,,,,,1,2,2,1,3
201500048036,0015-08-08 15:15:00,15,8,8,15,15,690,382,GRENETTE,,,Plein jour,En agglomération,Intersection en X,Pluie forte,Autre collision,,,,,,,,,,,1,2,2,3,6
201500048037,0015-08-10 12:50:00,15,8,10,12,50,690,385,"2, SOEUR BOUVIER",,,Plein jour,En agglomération,Intersection en X,Normale,Deux véhicules - côté,,,,,,,,,,,1,2,2,1,3
201500048038,0015-08-10 20:30:00,15,8,10,20,30,690,384,CANUTS (DES),,,Plein jour,En agglomération,Intersection en X,Normale,Autre collision,,,,,,,,,,,1,2,2,1,6
201500048039,0015-08-10 20:14:00,15,8,10,20,14,690,389,"273, VICTOR SCHOELCHER",,,Plein jour,En agglomération,Hors intersection,Normale,Autre collision,,,,,,,,,,,1,2,1,1,6
201500048040,0015-08-11 16:20:00,15,8,11,16,20,690,382,"29, ST ANTOINE",,,Plein jour,En agglomération,Hors intersection,Normale,Autre collision,,,,,,,,,,,1,2,1,1,6
201500048041,0015-08-08 22:45:00,15,8,8,22,45,690,389,"107, ST CYR (DE)",45.7955,4.81644,Nuit avec éclairage allumé,En agglomération,Hors intersection,Temps couvert,Autre collision,,,,,,,,,,,5,2,1,8,6
201500048042,0015-08-07 09:30:00,15,8,7,9,30,690,382,PLAT (DU),,,Plein jour,En agglomération,Hors intersection,Normale,Deux véhicules - côté,,,,,,,,,,,1,2,1,1,3
201500048043,0015-08-13 04:40:00,15,8,13,4,40,690,389,GEORGES CLEMENCEAU,,,Nuit avec éclairage allumé,En agglomération,Hors intersection,Normale,Deux véhicules - arrière,,,,,,,,,,,5,2,1,1,2
201500048044,0015-08-14 08:05:00,15,8,14,8,5,690,389,"54, ALBERT FALSAN",,,Plein jour,En agglomération,Hors intersection,Normale,Autre collision,,,,,,,,,,,1,2,1,1,6
201500048045,0015-08-15 12:40:00,15,8,15,12,40,690,389,"52, PAUL SEDAILLIAN",45.78739,4.81438,Plein jour,En agglomération,Intersection en T,Normale,Autre collision,,,,,,,,,,,1,2,3,1,6
201500048046,0015-08-16 18:30:00,15,8,16,18,30,690,382,JULES COURMONT,45.7574,4.86962,Plein jour,En agglomération,Intersection en Y,Normale,Deux véhicules - côté,,,,,,,,,,,1,2,4,1,3
201500048047,0015-08-17 02:50:00,15,8,17,2,50,690,382,"6, DOCTEUR GAILLETON (DU",,,Nuit avec éclairage allumé,En agglomération,Hors intersection,Normale,Autre collision,,,,,,,,,,,5,2,1,1,6
201500048048,0015-08-17 13:30:00,15,8,17,13,30,690,382,PAUL MONTROCHET,45.7402,4.81711,Plein jour,En agglomération,Intersection en T,Normale,Deux véhicules - côté,,,,,,,,,,,1,2,3,1,3
201500048049,0015-08-17 17:25:00,15,8,17,17,25,690,149,"216, GRANDE RUE",,,Plein jour,En agglomération,Intersection en T,Temps couvert,Deux véhicules - côté,,,,,,,,,,,1,2,3,8,3
201500048050,0015-08-17 23:19:00,15,8,17,23,19,690,286,"91, EUROPE (DE L')",,,Nuit avec éclairage allumé,En agglomération,Intersection en X,Temps couvert,Deux véhicules - côté,,,,,,,,,,,5,2,2,8,3
201500048051,0015-08-20 17:45:00,15,8,20,17,45,690,81,CALABERT,45.78,4.77564,Plein jour,En agglomération,Hors intersection,Normale,Autre collision,,,,,,,,,,,1,2,1,1,6
201500048052,0015-08-23 04:15:00,15,8,23,4,15,690,382,HRANT DINK,,,Nuit avec éclairage allumé,En agglomération,Hors intersection,Normale,Autre collision,,,,,,,,,,,5,2,1,1,6
201500048053,0015-08-25 07:30:00,15,8,25,7,30,690,385,"61, PIERRE SCIZE",45.76706,4.82144,Plein jour,En agglomération,Hors intersection,Normale,Sans collision,,,,,,,,,,,1,2,1,1,7
201500048054,0015-08-25 14:20:00,15,8,25,14,20,690,149,"22, GRANDE RUE",45.7197,4.81049,Plein jour,En agglomération,Hors intersection,Normale,Deux véhicules - côté,,,,,,,,,,,1,2,1,1,3
201500048055,0015-08-24 12:10:00,15,8,24,12,10,690,384,BONAFOUS,,,Plein jour,En agglomération,Hors intersection,Autre,Deux véhicules - arrière,,,,,,,,,,,1,2,1,9,2
201500048056,0015-08-26 16:05:00,15,8,26,16,5,690,34,GEORGES CLEMENCEAU,45.79145,4.82303,Plein jour,En agglomération,Hors intersection,Normale,Autre collision,,,,,,,,,,,1,2,1,1,6
201500048057,0015-08-27 16:15:00,15,8,27,16,15,690,385,"4, ETROITS (DES)",,,Plein jour,En agglomération,Hors intersection,Normale,Autre collision,,,,,,,,,,,1,2,1,1,6
201500048058,0015-08-28 03:05:00,15,8,28,3,5,690,385,"14, BARTHELEMY BUYER",45.7652,4.79155,Nuit avec éclairage allumé,En agglomération,Intersection en X,Normale,Deux véhicules - côté,,,,,,,,,,,5,2,2,1,3
201500048059,0015-08-22 17:00:00,15,8,22,17,0,690,382,"14, VERDUN PERRACHE",45.74937,4.82757,Plein jour,Hors agglomération,Hors intersection,Normale,Autre collision,,,,,,,,,,,1,1,1,1,6
201500048060,0015-08-29 17:10:00,15,8,29,17,10,690,389,"125, SIDOINE APPOLINAIRE",45.7813,4.80092,Plein jour,En agglomération,Hors intersection,Normale,Deux véhicules - côté,,,,,,,,,,,1,2,1,1,3
201500048061,0015-08-30 21:15:00,15,8,30,21,15,690,384,"13, JOSEPH GILLET",,,Nuit avec éclairage allumé,En agglomération,Hors intersection,Normale,Deux véhicules - côté,,,,,,,,,,,5,2,1,1,3
201500048062,0015-08-30 11:30:00,15,8,30,11,30,690,202,PRES (DES),,,Plein jour,En agglomération,Giratoire,Normale,Deux véhicules - côté,,,,,,,,,,,1,2,6,1,3
201500048063,0015-09-01 13:30:00,15,9,1,13,30,690,381,"00, PRESIDENT EDOUARD HE",,,Plein jour,En agglomération,Intersection en T,Pluie légère,Autre collision,,,,,,,,,,,1,2,3,2,6
201500048064,0015-09-03 14:50:00,15,9,3,14,50,690,34,"38, GEORGES CLEMENCEAU",,,Plein jour,En agglomération,Intersection en T,Normale,Deux véhicules - côté,,,,,,,,,,,1,2,3,1,3
201500048065,0015-09-04 02:50:00,15,9,4,2,50,690,382,PERRACHE,,,Nuit avec éclairage allumé,En agglomération,Intersection en T,Normale,Trois véhicules et plus - collisions multiples,,,,,,,,,,,5,2,3,1,5
201500048066,0015-09-05 12:15:00,15,9,5,12,15,690,385,"64, POINT DU JOUR (DU)",45.75639,4.79769,Plein jour,En agglomération,Intersection en T,Normale,Deux véhicules - côté,,,,,,,,,,,1,2,3,1,3