accident_id,datetime,annee,mois,jour,heure,minute,departement,commune_insee,adresse,latitude,longitude,luminosite,agglomeration,intersection,meteo,collision,nb_vehicules,nb_usagers,nb_indemnes,nb_tues,nb_blesses_hosp,nb_blesses_legers,age_cond_1,age_cond_2,veh_type_cond_1,veh_type_cond_2,lum_code,agg_code,int_code,atm_code,col_code
201500048067,0015-09-06 10:50:00,15,9,6,10,50,690,389,ST CYR (DE),,,Plein jour,En agglomération,Intersection en X,Normale,Autre collision,,,,,,,,,,,1,2,2,1,6
201500048068,0015-09-07 17:00:00,15,9,7,17,0,690,286,"34, ROUTE DE GENEVE",45.8057,4.88564,Plein jour,En agglomération,Hors intersection,Normale,Autre collision,,,,,,,,,,,1,2,1,1,6
201500048069,0015-09-07 18:00:00,15,9,7,18,0,690,286,EUROPE (DE L'),,,Plein jour,En agglomération,Hors intersection,Normale,Autre collision,,,,,,,,,,,1,2,1,1,6
201500048070,0015-09-08 15:05:00,15,9,8,15,5,690,384,HENON,,,Plein jour,En agglomération,Intersection en X,Normale,Autre collision,,,,,,,,,,,1,2,2,1,6
201500048071,0015-09-10 13:11:00,15,9,10,13,11,690,286,CHENE (DU),45.818,4.87842,Plein jour,En agglomération,Autre intersection,Normale,Deux véhicules - côté,,,,,,,,,,,1,2,9,1,3
201500048072,0015-09-10 22:10:00,15,9,10,22,10,690,142,"80, STEPHANE DECHANT",,,Nuit avec éclairage allumé,En agglomération,Hors intersection,Normale,Deux véhicules - frontale,,,,,,,,,,,5,2,1,1,1
201500048073,0015-09-08 10:40:00,15,9,8,10,40,690,384,"3, AIME BOUSSANGE",45.77538,4.83425,Plein jour,En agglomération,Hors intersection,Normale,Autre collision,,,,,,,,,,,1,2,1,1,6
201500048074,0015-09-08 08:05:00,15,9,8,8,5,690,149,"21, AUGUSTE BLANQUI",45.7117,4.81117,Plein jour,En agglomération,Hors intersection,Normale,Autre collision,,,,,,,,,,,1,2,1,1,6
201500048075,0015-09-11 21:00:00,15,9,11,21,0,690,382,CHARITE (DE LA),,,Nuit avec éclairage allumé,En agglomération,Intersection en X,Normale,Deux véhicules - côté,,,,,,,,,,,5,2,2,1,3
201500048076,0015-09-13 02:30:00,15,9,13,2,30,690,202,"21, PLAN LOUP (DU)",45.735,4.7945,Nuit avec éclairage allumé,En agglomération,Hors intersection,Pluie forte,Deux véhicules - frontale,,,,,,,,,,,5,2,1,3,1
201500048077,0015-09-14 22:55:00,15,9,14,22,55,690,286,ROUTE DE STRASBOURG,45.8133,4.88779,Nuit avec éclairage allumé,En agglomération,Giratoire,Normale,Deux véhicules - côté,,,,,,,,,,,5,2,6,1,3
201500048078,0015-09-15 16:25:00,15,9,15,16,25,690,385,"31, CHEMIN NEUF (DU)",,,Plein jour,En agglomération,Hors intersection,Normale,Autre collision,,,,,,,,,,,1,2,1,1,6
201500048079,0015-09-18 10:50:00,15,9,18,10,50,690,389,25EME REGIMENT DE TIRAIL,,,Plein jour,Hors agglomération,Hors intersection,Normale,Deux véhicules - arrière,,,,,,,,,,,1,1,1,1,2
201500048080,0015-09-18 18:00:00,15,9,18,18,0,690,286,"12, ROUTE DE STRASBOURG",,,Crépuscule ou aube,En agglomération,Intersection en T,Normale,Deux véhicules - frontale,,,,,,,,,,,2,2,3,1,1
201500048081,0015-09-17 14:30:00,15,9,17,14,30,690,149,"14, BOTTIERES (DES)",45.7231,4.79297,Plein jour,En agglomération,Hors intersection,Pluie légère,Deux véhicules - arrière,,,,,,,,,,,1,2,1,2,2
201500048082,0015-09-19 21:40:00,15,9,19,21,40,690,34,SOLDATS (DES),,,Nuit avec éclairage allumé,En agglomération,Intersection en T,Normale,Deux véhicules - côté,,,,,,,,,,,5,2,3,1,3
201500048083,0015-09-21 10:27:00,15,9,21,10,27,690,389,MASARYK,,,Plein jour,En agglomération,Intersection en T,Normale,Autre collision,,,,,,,,,,,1,2,3,1,6
201500048084,0015-09-20 18:45:00,15,9,20,18,45,690,149,"85, CHARTON",,,Plein jour,En agglomération,Hors intersection,Normale,Deux véhicules - frontale,,,,,,,,,,,1,2,1,1,1
201500048085,0015-09-22 17:15:00,15,9,22,17,15,690,149,RHONE (DU),45.71631,4.81538,Plein jour,En agglomération,Hors intersection,Normale,Autre collision,,,,,,,,,,,1,2,1,1,6
201500048086,0015-09-23 12:38:00,15,9,23,12,38,690,384,"82, HENON",,,Plein jour,En agglomération,Hors intersection,Normale,Autre collision,,,,,,,,,,,1,2,1,1,6
201500048087,0015-09-23 10:00:00,15,9,23,10,0,690,385,"8, FAVORITE (DE LA )",45.75803,4.81229,Plein jour,En agglomération,Hors intersection,Normale,Autre collision,,,,,,,,,,,1,2,1,1,6
201500048088,0015-09-24 14:20:00,15,9,24,14,20,690,382,SUCHET,,,Plein jour,En agglomération,Hors intersection,Normale,Autre collision,,,,,,,,,,,1,2,1,1,6
201500048089,0015-09-24 13:00:00,15,9,24,13,0,690,34,"35, ARISTIDE BRIAND",45.7841,4.84542,Plein jour,En agglomération,Hors intersection,Normale,Deux véhicules - côté,,,,,,,,,,,1,2,1,1,3
201500048090,0015-09-24 20:00:00,15,9,24,20,0,690,149,"92, GRANDE RUE",45.7156,4.80878,Nuit avec éclairage allumé,En agglomération,Hors intersection,Normale,Deux véhicules - côté,,,,,,,,,,,5,2,1,1,3
201500048091,0015-09-26 01:00:00,15,9,26,1,0,690,385,"44, BARTHELEMY BUYER",45.7637,4.78842,Nuit avec éclairage allumé,En agglomération,Intersection en T,Normale,Deux véhicules - côté,,,,,,,,,,,5,2,3,1,3
201500048092,0015-09-26 21:21:00,15,9,26,21,21,690,382,"30, STELLA",,,Nuit avec éclairage allumé,En agglomération,Place,Normale,Autre collision,,,,,,,,,,,5,2,7,1,6
201500048093,0015-09-26 23:20:00,15,9,26,23,20,690,384,"31, PERNON",,,Nuit avec éclairage allumé,En agglomération,Hors intersection,Normale,Autre collision,,,,,,,,,,,5,2,1,1,6
201500048094,0015-09-15 17:45:00,15,9,15,17,45,690,149,PIERRE SEMARD,45.7173,4.80978,Plein jour,En agglomération,Intersection à plus de 4 branches,Normale,Autre collision,,,,,,,,,,,1,2,5,1,6
201500048095,0015-09-28 08:20:00,15,9,28,8,20,690,286,"196, HIPPODROME (DE L')",,,Plein jour,En agglomération,Intersection en T,Temps éblouissant,Autre collision,,,,,,,,,,,1,2,3,7,6
201500048096,0015-09-28 16:45:00,15,9,28,16,45,690,385,"13, FRANCOIS GENIN",45.75486,4.79635,Plein jour,En agglomération,Hors intersection,Normale,Autre collision,,,,,,,,,,,1,2,1,1,6
201500048097,0015-09-28 17:45:00,15,9,28,17,45,690,389,ST CYR (DE),45.7968,4.81748,Plein jour,Hors agglomération,Hors intersection,Normale,Deux véhicules - côté,,,,,,,,,,,1,1,1,1,3
201500048098,0015-09-29 13:00:00,15,9,29,13,0,690,286,EUROPE (DE L'),45.8174,4.90108,Plein jour,En agglomération,Hors intersection,Normale,Autre collision,,,,,,,,,,,1,2,1,1,6
201500048099,0015-09-30 01:30:00,15,9,30,1,30,690,381,"4, GENERAL GIRAUD (DU)",,,Nuit avec éclairage allumé,Hors agglomération,Hors intersection,Normale,Sans collision,,,,,,,,,,,5,1,1,1,7
201500048100,0015-09-29 12:00:00,15,9,29,12,0,690,389,"44, SERGENT MICHEL BERTH",,,Plein jour,En agglomération,Hors intersection,Normale,Autre collision,,,,,,,,,,,1,2,1,1,6
201500048101,0015-09-29 11:00:00,15,9,29,11,0,690,286,"645, MERCIERES (DES)",45.8157,4.87819,Plein jour,En agglomération,Autre intersection,Normale,Trois véhicules et plus - collisions multiples,,,,,,,,,,,1,2,9,1,5
201500048102,0015-09-30 08:05:00,15,9,30,8,5,690,385,"128, COMMANDANT CHARCOT",,,Plein jour,En agglomération,Intersection en T,Normale,Deux véhicules - côté,,,,,,,,,,,1,2,3,1,3
201500048103,0015-09-30 10:25:00,15,9,30,10,25,690,286,"916, VICTOR HUGO",45.8204,4.88228,Plein jour,En agglomération,Intersection en T,Normale,Deux véhicules - côté,,,,,,,,,,,1,2,3,1,3
201500048104,0015-09-29 16:20:00,15,9,29,16,20,690,34,MARC SANGNIER,45.7986,4.84914,Plein jour,Hors agglomération,Hors intersection,Normale,Autre collision,,,,,,,,,,,1,1,1,1,6
201500048105,0015-09-30 23:45:00,15,9,30,23,45,690,142,PIERRE VICTOR GALTIER,,,Nuit avec éclairage allumé,En agglomération,Hors intersection,Normale,Trois véhicules et plus - collisions multiples,,,,,,,,,,,5,2,1,1,5
201500048106,0015-10-01 06:55:00,15,10,1,6,55,690,389,"89, MARIETTON",45.7796,4.79894,Crépuscule ou aube,En agglomération,Intersection en T,Normale,Deux véhicules - côté,,,,,,,,,,,2,2,3,1,3
201500048107,0015-10-01 07:40:00,15,10,1,7,40,690,81,EDOUARD AYNARD,45.7761,4.7782,Crépuscule ou aube,En agglomération,Intersection en T,Normale,Deux véhicules - côté,,,,,,,,,,,2,2,3,1,3
201500048108,0015-09-29 20:20:00,15,9,29,20,20,690,382,GALLIENI,,,Nuit avec éclairage allumé,En agglomération,Hors intersection,Normale,Autre collision,,,,,,,,,,,5,2,1,1,6
201500048109,0015-10-01 12:10:00,15,10,1,12,10,690,385,"2, CHEMIN NEUF (DU)",45.7757,4.80412,Plein jour,En agglomération,Hors intersection,Normale,Autre collision,,,,,,,,,,,1,2,1,1,6
201500048110,0015-09-28 11:35:00,15,9,28,11,35,690,385,GENERAL EISENHOWER (DU),45.7574,4.7856,Plein jour,En agglomération,Hors intersection,Normale,Autre collision,,,,,,,,,,,1,2,1,1,6
201500048111,0015-10-01 18:20:00,15,10,1,18,20,690,389,"16, MARIETTON",,,Plein jour,En agglomération,Hors intersection,Normale,Autre collision,,,,,,,,,,,1,2,1,1,6
201500048112,0015-10-02 16:30:00,15,10,2,16,30,690,34,"06, ARISTIDE BRIAND",45.7801,4.84167,Plein jour,En agglomération,Hors intersection,Normale,Deux véhicules - côté,,,,,,,,,,,1,2,1,1,3
201500048113,0015-10-01 19:40:00,15,10,1,19,40,690,382,CHARLEMAGNE,,,Plein jour,En agglomération,Intersection en X,Normale,Deux véhicules - côté,,,,,,,,,,,1,2,2,1,3
201500048114,0015-10-03 21:15:00,15,10,3,21,15,690,382,ST ANTOINE,,,Nuit avec éclairage allumé,En agglomération,Hors intersection,Pluie légère,Autre collision,,,,,,,,,,,5,2,1,2,6
201500048115,0015-10-04 23:45:00,15,10,4,23,45,690,384,"56, JOSEPH GILLET",,,Nuit avec éclairage allumé,En agglomération,Hors intersection,Pluie légère,Sans collision,,,,,,,,,,,5,2,1,2,7
201500048116,0015-10-05 08:05:00,15,10,5,8,5,690,389,"41, PAUL SEDAILLIAN",,,Plein jour,En agglomération,Hors intersection,Normale,Deux véhicules - côté,,,,,,,,,,,1,2,1,1,3
201500048117,0015-09-30 13:35:00,15,9,30,13,35,690,384,"12, HERBOUVILLE (D')",,,Plein jour,En agglomération,Hors intersection,Normale,Deux véhicules - arrière,,,,,,,,,,,1,2,1,1,2
201500048118,0015-10-03 08:55:00,15,10,3,8,55,690,382,"106, CHARLEMAGNE",,,Plein jour,En agglomération,Hors intersection,Normale,Autre collision,,,,,,,,,,,1,2,1,1,6
201500048119,0015-09-25 10:50:00,15,9,25,10,50,690,382,"40, VICTOR HUGO",,,Plein jour,En agglomération,Hors intersection,Normale,Autre collision,,,,,,,,,,,1,2,1,1,6
201500048120,0015-10-02 17:40:00,15,10,2,17,40,690,34,"9, GENERAL DE GAULLE",45.8056,4.85393,Plein jour,En agglomération,Hors intersection,Normale,Deux véhicules - côté,,,,,,,,,,,1,2,1,1,3
201500048121,0015-10-09 12:40:00,15,10,9,12,40,690,389,"53, ST CYR (DE)",,,Plein jour,En agglomération,Hors intersection,Normale,Deux véhicules - côté,,,,,,,,,,,1,2,1,1,3
201500048122,0015-10-10 12:45:00,15,10,10,12,45,690,149,LOUIS AULAGNE,45.713,4.8152,Plein jour,En agglomération,Intersection en T,Normale,Deux véhicules - côté,,,,,,,,,,,1,2,3,1,3
201500048123,0015-10-11 05:00:00,15,10,11,5,0,690,389,BALMONT (DE),45.7886,4.80227,Crépuscule ou aube,En agglomération,Intersection en X,Normale,Autre collision,,,,,,,,,,,2,2,2,1,6
201500048124,0015-10-12 12:00:00,15,10,12,12,0,690,202,"1, HAUTS DU BOIS (DES)",45.7401,4.78944,Plein jour,En agglomération,Intersection en T,Normale,Deux véhicules - côté,,,,,,,,,,,1,2,3,1,3
201500048125,0015-10-13 12:10:00,15,10,13,12,10,690,385,"14, NOYERS (DES)",45.75242,4.78647,Plein jour,En agglomération,Hors intersection,Normale,Deux véhicules - frontale,,,,,,,,,,,1,2,1,1,1
201500048126,0015-10-10 09:10:00,15,10,10,9,10,690,384,"15, DUMONT D'URVILLE",45.781,4.82753,Plein jour,En agglomération,Intersection en T,Normale,Deux véhicules - côté,,,,,,,,,,,1,2,3,1,3
201500048127,0015-10-14 12:56:00,15,10,14,12,56,690,382,CHARLEMAGNE,,,Plein jour,En agglomération,Intersection en X,Temps couvert,Autre collision,,,,,,,,,,,1,2,2,8,6
201500048128,0015-10-15 23:50:00,15,10,15,23,50,690,381,"29, ROMARIN",,,Nuit avec éclairage allumé,En agglomération,Hors intersection,Normale,Autre collision,,,,,,,,,,,5,2,1,1,6
201500048129,0015-10-17 22:30:00,15,10,17,22,30,690,382,ANTONIN PONCET,,,Nuit avec éclairage allumé,En agglomération,Intersection en T,Normale,Autre collision,,,,,,,,,,,5,2,3,1,6
201500048130,0015-10-18 02:50:00,15,10,18,2,50,690,381,"6, ROGER VIOLI",,,Nuit avec éclairage allumé,En agglomération,Hors intersection,Normale,Autre collision,,,,,,,,,,,5,2,1,1,6
201500048131,0015-10-18 16:45:00,15,10,18,16,45,690,202,"27, GENERAL DE GAULLE (D",45.7414,4.79356,Plein jour,Hors agglomération,Hors intersection,Normale,Deux véhicules - côté,,,,,,,,,,,1,1,1,1,3
201500048132,0015-10-20 19:10:00,15,10,20,19,10,690,381,LOUIS CHAZETTE,,,Crépuscule ou aube,En agglomération,Intersection en T,Normale,Autre collision,,,,,,,,,,,2,2,3,1,6
201500048133,0015-10-23 06:25:00,15,10,23,6,25,690,34,SOLDATS (DES),45.7944,4.85916,Nuit avec éclairage allumé,En agglomération,Giratoire,Normale,Autre collision,,,,,,,,,,,5,2,6,1,6
201500048134,0015-10-23 07:50:00,15,10,23,7,50,690,286,"157, ROUTE DE STRASBOURG",,,Plein jour,En agglomération,Hors intersection,Normale,Deux véhicules - côté,,,,,,,,,,,1,2,1,1,3
201500048135,0015-10-24 18:25:00,15,10,24,18,25,690,389,"470, SAUVEGARDE (DE LA)",,,Crépuscule ou aube,En agglomération,Hors intersection,Normale,Deux véhicules - côté,,,,,,,,,,,2,2,1,1,3
201500048136,0015-10-25 03:25:00,15,10,25,3,25,690,142,PIERRE SEMARD,45.7254,4.81681,Nuit avec éclairage allumé,En agglomération,Intersection en T,Normale,Deux véhicules - côté,,,,,,,,,,,5,2,3,1,3
201500048137,0015-10-27 19:00:00,15,10,27,19,0,690,81,GUY DE COLLONGUE    AV,45.7812,4.76672,Nuit avec éclairage allumé,En agglomération,Intersection en T,Pluie forte,Deux véhicules - frontale,,,,,,,,,,,5,2,3,3,1
201500048138,0015-10-27 20:08:00,15,10,27,20,8,690,34,SOLDATS (DES),,,Nuit avec éclairage allumé,En agglomération,Hors intersection,Pluie légère,Autre collision,,,,,,,,,,,5,2,1,2,6
201500048139,0015-10-27 11:20:00,15,10,27,11,20,690,149,"16, EMILE ZOLA",45.7196,4.80439,Plein jour,En agglomération,Hors intersection,Normale,Autre collision,,,,,,,,,,,1,2,1,1,6
201500048140,0015-10-28 08:50:00,15,10,28,8,50,690,389,25EME REGIMENT DE TIRAIL,,,Plein jour,En agglomération,Hors intersection,Pluie forte,Trois véhicules et plus - en chaîne,,,,,,,,,,,1,2,1,3,4
201500048141,0015-10-29 09:30:00,15,10,29,9,30,690,382,BELLECOUR,,,Plein jour,En agglomération,Intersection en T,Normale,Autre collision,,,,,,,,,,,1,2,3,1,6
201500048142,0015-10-29 13:20:00,15,10,29,13,20,690,389,"45, MARIETTON",45.7803,4.79951,Plein jour,En agglomération,Hors intersection,Normale,Deux véhicules - côté,,,,,,,,,,,1,2,1,1,3
201500048143,0015-10-29 13:30:00,15,10,29,13,30,690,81,CHAMPAGNE (DE),45.7836,4.78098,Plein jour,En agglomération,Hors intersection,Normale,Deux véhicules - côté,,,,,,,,,,,1,2,1,1,3
201500048144,0015-10-29 11:50:00,15,10,29,11,50,690,382,"24, ST ANTOINE",45.76274,4.83213,Plein jour,En agglomération,Hors intersection,Normale,Autre collision,,,,,,,,,,,1,2,1,1,6
201500048145,0015-10-29 11:35:00,15,10,29,11,35,690,382,GALLIENI,,,Plein jour,En agglomération,Hors intersection,Normale,Deux véhicules - côté,,,,,,,,,,,1,2,1,1,3
201500048146,0015-10-30 07:25:00,15,10,30,7,25,690,389,"4, MOUILLARD",45.78515,4.80738,Plein jour,En agglomération,Hors intersection,Normale,Deux véhicules - arrière,,,,,,,,,,,1,2,1,1,2
201500048147,0015-10-30 15:45:00,15,10,30,15,45,690,384,CROIX ROUSSE (TUNNEL DE,,,Plein jour,En agglomération,Hors intersection,Normale,Deux véhicules - frontale,,,,,,,,,,,1,2,1,1,1
201500048148,0015-10-30 16:55:00,15,10,30,16,55,690,389,BOURGOGNE (DE),,,Crépuscule ou aube,En agglomération,Intersection en X,Normale,Deux véhicules - frontale,,,,,,,,,,,2,2,2,1,1
201500048149,0015-10-30 23:00:00,15,10,30,23,0,690,381,ST POLYCARPE,,,Nuit avec éclairage allumé,En agglomération,Hors intersection,Normale,Autre collision,,,,,,,,,,,5,2,1,1,6
201500048150,0015-11-03 09:10:00,15,11,3,9,10,690,384,"94, HENON",,,Plein jour,En agglomération,Intersection en X,Normale,Autre collision,,,,,,,,,,,1,2,2,1,6
201500048151,0015-11-01 17:40:00,15,11,1,17,40,690,34,"64, MARGNOLLES",45.7881,4.8524,Nuit avec éclairage allumé,En agglomération,Hors intersection,Temps couvert,Deux véhicules - côté,,,,,,,,,,,5,2,1,8,3
201500048152,0015-11-03 08:50:00,15,11,3,8,50,690,142,"35, JEAN JACQUES ROUSSEA",,,Plein jour,En agglomération,Hors intersection,Normale,Deux véhicules - côté,,,,,,,,,,,1,2,1,1,3
201500048153,0015-11-03 15:35:00,15,11,3,15,35,690,34,PERIPHERIQUE NORD,45.7891,4.85021,Plein jour,En agglomération,Hors intersection,Normale,Trois véhicules et plus - en chaîne,,,,,,,,,,,1,2,1,1,4
201500048154,0015-11-04 08:15:00,15,11,4,8,15,690,202,"145, COMMANDANT CHARCOT",45.7476,4.79176,Crépuscule ou aube,En agglomération,Intersection en T,Normale,Autre collision,,,,,,,,,,,2,2,3,1,6
201500048155,0015-11-04 12:05:00,15,11,4,12,5,690,34,"89, PIED CHARDON (DE)",45.80916,4.86408,Plein jour,En agglomération,Hors intersection,Pluie légère,Deux véhicules - frontale,,,,,,,,,,,1,2,1,2,1
201500048156,0015-11-05 08:45:00,15,11,5,8,45,690,286,"2133, ROUTE DE STRASBOUR",45.827,4.90535,Plein jour,En agglomération,Hors intersection,Normale,Deux véhicules - côté,,,,,,,,,,,1,2,1,1,3
201500048157,0015-11-05 10:10:00,15,11,5,10,10,690,202,"10, LIMBURG (DE)",45.734,4.77966,Plein jour,En agglomération,Hors intersection,Normale,Autre collision,,,,,,,,,,,1,2,1,1,6
201500048158,0015-11-05 18:51:00,15,11,5,18,51,690,389,PAUL SEDAILLIAN,,,Nuit avec éclairage allumé,En agglomération,Intersection en X,Normale,Autre collision,,,,,,,,,,,5,2,2,1,6
201500048159,0015-11-06 15:00:00,15,11,6,15,0,690,389,"15, GARE D'EAU (DE LA)",,,Plein jour,En agglomération,Hors intersection,Normale,Autre collision,,,,,,,,,,,1,2,1,1,6
201500048160,0015-11-05 21:25:00,15,11,5,21,25,690,385,FOSSES DE TRION (DES),45.45253,,Nuit avec éclairage allumé,En agglomération,Intersection en X,Normale,Deux véhicules - côté,,,,,,,,,,,5,2,2,1,3
201500048161,0015-11-07 00:30:00,15,11,7,0,30,690,384,"56, CROIX-ROUSSE (DE LA)",,,Nuit avec éclairage allumé,En agglomération,Hors intersection,Normale,Autre collision,,,,,,,,,,,5,2,1,1,6
201500048162,0015-11-06 20:00:00,15,11,6,20,0,690,389,"109, MARIETTON",,,Nuit avec éclairage allumé,En agglomération,Intersection en T,Normale,Deux véhicules - frontale,,,,,,,,,,,5,2,3,1,1
201500048163,0015-11-08 13:50:00,15,11,8,13,50,690,34,MONTESSUY (DE),45.79122,4.8408,Plein jour,En agglomération,Hors intersection,Normale,Autre collision,,,,,,,,,,,1,2,1,1,6
201500048164,0015-11-08 14:30:00,15,11,8,14,30,690,34,"2bis, GENERAL LECLERC",45.7997,4.85323,Plein jour,En agglomération,Hors intersection,Normale,Deux véhicules - côté,,,,,,,,,,,1,2,1,1,3
201500048165,0015-11-08 17:30:00,15,11,8,17,30,690,389,GEORGES CLEMENCEAU,45.7794,4.79944,Nuit avec éclairage allumé,Hors agglomération,Hors intersection,Normale,Deux véhicules - côté,,,,,,,,,,,5,1,1,1,3
201500048166,0015-11-08 07:21:00,15,11,8,7,21,690,286,"4615, ROUTE DE STRASBOUR",,,Plein jour,En agglomération,Hors intersection,Normale,Autre collision,,,,,,,,,,,1,2,1,1,6
201500048167,0015-11-09 06:50:00,15,11,9,6,50,690,286,"1, MONT BLANC (DU)",45.81308,4.89314,Crépuscule ou aube,En agglomération,Hors intersection,Normale,Autre collision,,,,,,,,,,,2,2,1,1,6
201500048168,0015-11-09 11:45:00,15,11,9,11,45,690,34,DOCTEUR ZAMENHOF (DU),45.7943,4.85633,Plein jour,En agglomération,Hors intersection,Normale,Autre collision,,,,,,,,,,,1,2,1,1,6
201500048169,0015-11-10 13:05:00,15,11,10,13,5,690,381,ALGERIE (D'),,,Plein jour,Hors agglomération,Hors intersection,Normale,Deux véhicules - côté,,,,,,,,,,,1,1,1,1,3
201500048170,0015-11-10 13:30:00,15,11,10,13,30,690,34,"6, FORTS (DES)",45.79397,4.829,Plein jour,En agglomération,Hors intersection,Normale,Autre collision,,,,,,,,,,,1,2,1,1,6
201500048171,0015-11-10 18:10:00,15,11,10,18,10,690,149,RHONE (DU),45.71705,4.81349,Nuit avec éclairage allumé,En agglomération,Hors intersection,Normale,Autre collision,,,,,,,,,,,5,2,1,1,6
201500048172,0015-11-10 18:20:00,15,11,10,18,20,690,389,"36, MARIETTON",,,Nuit avec éclairage allumé,En agglomération,Hors intersection,Normale,Autre collision,,,,,,,,,,,5,2,1,1,6
201500048173,0015-11-12 14:00:00,15,11,12,14,0,690,382,"2, MARECHAL JOFFRE (DU)",,,Plein jour,En agglomération,Hors intersection,Normale,Deux véhicules - arrière,,,,,,,,,,,1,2,1,1,2
201500048174,0015-11-13 11:40:00,15,11,13,11,40,690,202,"75, AQUEDUC DE BEAUNANT",45.728,4.79647,Plein jour,En agglomération,Hors intersection,Normale,Autre collision,,,,,,,,,,,1,2,1,1,6
201500048175,0015-11-12 15:15:00,15,11,12,15,15,690,34,BELLEVUE,45.78583,4.84916,Plein jour,En agglomération,Intersection en Y,Normale,Sans collision,,,,,,,,,,,1,2,4,1,7
201500048176,0015-11-15 10:10:00,15,11,15,10,10,690,34,"14, PAUL PAINLEVE",45.79102,4.84324,Plein jour,En agglomération,Place,Temps éblouissant,Autre collision,,,,,,,,,,,1,2,7,7,6
201500048177,0015-10-03 21:55:00,15,10,3,21,55,690,385,"199, JOLIOT CURIE",45.7521,4.77674,Nuit avec éclairage allumé,En agglomération,Hors intersection,Normale,Sans collision,,,,,,,,,,,5,2,1,1,7
201500048178,0015-11-10 12:00:00,15,11,10,12,0,690,381,PAUL CHENAVARD,,,Plein jour,En agglomération,Intersection en T,Normale,Autre collision,,,,,,,,,,,1,2,3,1,6
201500048179,0015-11-17 13:10:00,15,11,17,13,10,690,81,PROFESSEUR PAUL SANTY (D,45.76627,4.76927,Plein jour,En agglomération,Intersection en X,Normale,Deux véhicules - côté,,,,,,,,,,,1,2,2,1,3
201500048180,0015-11-16 12:40:00,15,11,16,12,40,690,384,DENFERT ROCHEREAU,,,Plein jour,En agglomération,Hors intersection,Normale,Autre collision,,,,,,,,,,,1,2,1,1,6
201500048181,0015-11-18 06:10:00,15,11,18,6,10,690,389,JAYR,,,Nuit avec éclairage allumé,En agglomération,Intersection en X,Normale,Deux véhicules - côté,,,,,,,,,,,5,2,2,1,3
201500048182,0015-11-16 17:00:00,15,11,16,17,0,690,34,GENERAL LECLERC,45.8038,4.86191,Plein jour,En agglomération,Hors intersection,Normale,Deux véhicules - côté,,,,,,,,,,,1,2,1,1,3
201500048183,0015-11-19 00:45:00,15,11,19,0,45,690,382,"60, CHARLEMAGNE",,,Nuit avec éclairage allumé,En agglomération,Hors intersection,Temps couvert,Autre collision,,,,,,,,,,,5,2,1,8,6
201500048184,0015-11-19 12:00:00,15,11,19,12,0,690,385,"21, POINT DU JOUR (DU)",45.7574,4.80095,Plein jour,En agglomération,Hors intersection,Normale,Autre collision,,,,,,,,,,,1,2,1,1,6
201500048185,0015-11-19 15:50:00,15,11,19,15,50,690,202,"28, MONTRAY (DE)",,,Plein jour,En agglomération,Hors intersection,Normale,Trois véhicules et plus - collisions multiples,,,,,,,,,,,1,2,1,1,5
201500048186,0015-11-19 20:30:00,15,11,19,20,30,690,381,"7, JARDIN DES PLANTES (D",,,Nuit avec éclairage allumé,En agglomération,Hors intersection,Normale,Deux véhicules - côté,,,,,,,,,,,5,2,1,1,3
201500048187,0015-11-22 10:10:00,15,11,22,10,10,690,385,"2, CHEMIN NEUF (DU)",,,Plein jour,En agglomération,Hors intersection,Normale,Sans collision,,,,,,,,,,,1,2,1,1,7
201500048188,0015-11-22 18:30:00,15,11,22,18,30,690,389,"5, GORGE DE LOUP",,,Nuit avec éclairage allumé,En agglomération,Intersection en X,Pluie légère,Deux véhicules - côté,,,,,,,,,,,5,2,2,2,3
201500048189,0015-11-22 16:25:00,15,11,22,16,25,690,202,"192, MARECHAL FOCH (DU)",45.73936,4.8063,Plein jour,En agglomération,Intersection en T,Pluie légère,Deux véhicules - frontale,,,,,,,,,,,1,2,3,2,1
201500048190,0015-11-22 20:40:00,15,11,22,20,40,690,385,PAUL DUQUAIRE,45.76177,4.82865,Nuit avec éclairage allumé,En agglomération,Hors intersection,Pluie légère,Sans collision,,,,,,,,,,,5,2,1,2,7
201500048191,0015-11-22 10:50:00,15,11,22,10,50,690,34,PERIPHERIQUE NORD,45.78333,4.84999,Plein jour,Hors agglomération,Hors intersection,Pluie légère,Autre collision,,,,,,,,,,,1,1,1,2,6
201500048192,0015-11-23 06:45:00,15,11,23,6,45,690,389,"33, PROFESSEUR PATEL (DU",45.765,4.7935,Nuit avec éclairage allumé,En agglomération,Intersection en T,Normale,Autre collision,,,,,,,,,,,5,2,3,1,6
201500048193,0015-11-23 11:10:00,15,11,23,11,10,690,389,"192, ST CYR (DE)",45.7983,4.819,Plein jour,Hors agglomération,Hors intersection,Normale,Deux véhicules - frontale,,,,,,,,,,,1,1,1,1,1
201500048194,0015-11-23 16:45:00,15,11,23,16,45,690,385,"22, POINT DU JOUR (DU)",45.7574,4.80095,Crépuscule ou aube,En agglomération,Hors intersection,Normale,Autre collision,,,,,,,,,,,2,2,1,1,6
201500048195,0015-11-23 23:25:00,15,11,23,23,25,690,389,VICTOR SCHOELCHER,,,Nuit avec éclairage allumé,En agglomération,Intersection en X,Normale,Deux véhicules - côté,,,,,,,,,,,5,2,2,1,3
201500048196,0015-11-24 15:30:00,15,11,24,15,30,690,389,"53, SERGENT MICHEL BERTH",,,Plein jour,En agglomération,Hors intersection,Normale,Deux véhicules - arrière,,,,,,,,,,,1,2,1,1,2