accident_id,datetime,annee,mois,jour,heure,minute,departement,commune_insee,adresse,latitude,longitude,luminosite,agglomeration,intersection,meteo,collision,nb_vehicules,nb_usagers,nb_indemnes,nb_tues,nb_blesses_hosp,nb_blesses_legers,age_cond_1,age_cond_2,veh_type_cond_1,veh_type_cond_2,lum_code,agg_code,int_code,atm_code,col_code
201500048197,0015-11-25 06:15:00,15,11,25,6,15,690,34,PERIPHERIQUE NORD,45.78863,4.86533,Nuit avec éclairage allumé,Hors agglomération,Hors intersection,Pluie légère,Autre collision,,,,,,,,,,,5,1,1,2,6
201500048198,0015-11-23 19:40:00,15,11,23,19,40,690,34,"250, JEAN MONNET",45.79022,4.84002,Nuit avec éclairage allumé,En agglomération,Hors intersection,Normale,Deux véhicules - côté,,,,,,,,,,,5,2,1,1,3
201500048199,0015-11-26 08:40:00,15,11,26,8,40,690,286,ROUTE DE GENEVE,45.8,4.88,Plein jour,En agglomération,Intersection en T,Normale,Deux véhicules - frontale,,,,,,,,,,,1,2,3,1,1
201500048200,0015-11-26 07:20:00,15,11,26,7,20,690,81,FRANKLIN ROOSEVELT,,,Plein jour,En agglomération,Intersection en T,Normale,Deux véhicules - côté,,,,,,,,,,,1,2,3,1,3
201500048201,0015-11-26 08:45:00,15,11,26,8,45,690,382,"00, PAUL MONTROCHET",,,Plein jour,En agglomération,Hors intersection,Normale,Deux véhicules - côté,,,,,,,,,,,1,2,1,1,3
201500048202,0015-11-25 13:20:00,15,11,25,13,20,690,34,"45, FORTS (DES)",45.79288,4.83433,Plein jour,En agglomération,Hors intersection,Pluie légère,Sans collision,,,,,,,,,,,1,2,1,2,7
201500048203,0015-11-27 12:21:00,15,11,27,12,21,690,142,MULATIERE (DE LA),45.73061,4.81561,Plein jour,Hors agglomération,Hors intersection,Normale,Trois véhicules et plus - en chaîne,,,,,,,,,,,1,1,1,1,4
201500048204,0015-11-27 16:10:00,15,11,27,16,10,690,382,JULES COURMONT,,,Plein jour,En agglomération,Intersection en X,Normale,Deux véhicules - côté,,,,,,,,,,,1,2,2,1,3
201500048205,0015-11-27 16:00:00,15,11,27,16,0,690,382,JULES COURMONT,,,Plein jour,En agglomération,Hors intersection,Normale,Deux véhicules - côté,,,,,,,,,,,1,2,1,1,3
201500048206,0015-11-27 18:40:00,15,11,27,18,40,690,81,"2, RAYMOND DE VEYSSIERES",45.77347,4.78286,Nuit avec éclairage allumé,En agglomération,Intersection à plus de 4 branches,Normale,Deux véhicules - frontale,,,,,,,,,,,5,2,5,1,1
201500048207,0015-11-29 18:53:00,15,11,29,18,53,690,34,GEORGES CLEMENCEAU,45.81383,4.84927,Nuit avec éclairage allumé,En agglomération,Intersection en T,Normale,Autre collision,,,,,,,,,,,5,2,3,1,6
201500048208,0015-11-30 08:30:00,15,11,30,8,30,690,149,"35, PIERRE SEMARD",45.71752,4.81274,Plein jour,En agglomération,Hors intersection,Normale,Autre collision,,,,,,,,,,,1,2,1,1,6
201500048209,0015-11-30 15:50:00,15,11,30,15,50,690,389,GARE D'EAU (DE LA),,,Plein jour,En agglomération,Intersection en T,Normale,Deux véhicules - côté,,,,,,,,,,,1,2,3,1,3
201500048210,0015-12-01 16:04:00,15,12,1,16,4,690,149,"11, VOLTAIRE",45.71391,4.80491,Plein jour,En agglomération,Hors intersection,Normale,Autre collision,,,,,,,,,,,1,2,1,1,6
201500048211,0015-12-02 08:50:00,15,12,2,8,50,690,81,VALVERT,45.7707,4.78571,Plein jour,Hors agglomération,Intersection en T,Normale,Deux véhicules - côté,,,,,,,,,,,1,1,3,1,3
201500048212,0015-12-03 08:20:00,15,12,3,8,20,690,382,VERDUN RECAMIER,,,Plein jour,En agglomération,Hors intersection,Normale,Autre collision,,,,,,,,,,,1,2,1,1,6
201500048213,0015-12-04 12:15:00,15,12,4,12,15,690,389,ANDREI SAKHAROV,45.78751,4.79975,Plein jour,En agglomération,Hors intersection,Normale,Autre collision,,,,,,,,,,,1,2,1,1,6
201500048214,0015-12-04 17:10:00,15,12,4,17,10,690,385,"14 Ter, MONTAUBAN (DE)",,,Crépuscule ou aube,En agglomération,Hors intersection,Normale,Autre collision,,,,,,,,,,,2,2,1,1,6
201500048215,0015-12-04 19:45:00,15,12,4,19,45,690,385,"25, FARGES (DES)",,,Nuit avec éclairage allumé,En agglomération,Hors intersection,Normale,Deux véhicules - arrière,,,,,,,,,,,5,2,1,1,2
201500048216,0015-12-04 19:45:00,15,12,4,19,45,690,149,"144, EMILE ZOLA",45.72138,4.79461,Nuit avec éclairage allumé,En agglomération,Hors intersection,Normale,Deux véhicules - côté,,,,,,,,,,,5,2,1,1,3
201500048217,0015-12-01 16:30:00,15,12,1,16,30,690,382,CORDELIERS (DES),,,Plein jour,En agglomération,Hors intersection,Normale,Autre collision,,,,,,,,,,,1,2,1,1,6
201500048218,0015-12-08 12:43:00,15,12,8,12,43,690,389,"109, MARIETTON",45.7893,4.81217,Plein jour,Hors agglomération,Hors intersection,Normale,Autre collision,,,,,,,,,,,1,1,1,1,6
201500048219,0015-12-08 16:35:00,15,12,8,16,35,690,389,ECULLY (D'),,,Crépuscule ou aube,En agglomération,Intersection en T,Normale,Autre collision,,,,,,,,,,,2,2,3,1,6
201500048220,0015-12-09 00:05:00,15,12,9,0,5,690,385,"25, POINT DU JOUR (DU)",45.75616,4.80536,Nuit avec éclairage allumé,En agglomération,Hors intersection,Pluie légère,Autre collision,,,,,,,,,,,5,2,1,2,6
201500048221,0015-12-10 23:50:00,15,12,10,23,50,690,389,"49, MARIETTON",,,Nuit avec éclairage allumé,En agglomération,Hors intersection,Normale,Autre collision,,,,,,,,,,,5,2,1,1,6
201500048222,0015-12-11 09:00:00,15,12,11,9,0,690,389,TISSOT,45.774,4.79675,Plein jour,En agglomération,Intersection en T,Normale,Deux véhicules - côté,,,,,,,,,,,1,2,3,1,3
201500048223,0015-12-11 15:45:00,15,12,11,15,45,690,389,"6, RAOUL CARRIE",45.8008,4.838,Plein jour,En agglomération,Hors intersection,Normale,Deux véhicules - arrière,,,,,,,,,,,1,2,1,1,2
201500048224,0015-12-11 18:30:00,15,12,11,18,30,690,149,"7, CAMILLE (DE LA)",45.71244,4.80219,Nuit avec éclairage allumé,En agglomération,Hors intersection,Normale,Deux véhicules - côté,,,,,,,,,,,5,2,1,1,3
201500048225,0015-12-12 12:50:00,15,12,12,12,50,690,385,"38-44, CASTORS (DES)",,,Plein jour,En agglomération,Hors intersection,Normale,Deux véhicules - côté,,,,,,,,,,,1,2,1,1,3
201500048226,0015-12-13 14:15:00,15,12,13,14,15,690,381,"2, JEAN MOULIN",,,Plein jour,En agglomération,Intersection en T,Normale,Deux véhicules - frontale,,,,,,,,,,,1,2,3,1,1
201500048227,0015-12-14 16:25:00,15,12,14,16,25,690,286,"3, ROUTE DE GENEVE",45.8074,4.89438,Plein jour,En agglomération,Hors intersection,Normale,Autre collision,,,,,,,,,,,1,2,1,1,6
201500048228,0015-12-14 11:00:00,15,12,14,11,0,690,149,"45, JEAN JAURES",,,Plein jour,En agglomération,Hors intersection,Normale,Autre collision,,,,,,,,,,,1,2,1,1,6
201500048229,0015-12-15 11:25:00,15,12,15,11,25,690,81,"30 BIS, JEAN MARIE VIANN",45.79265,4.77373,Plein jour,En agglomération,Hors intersection,Normale,Deux véhicules - arrière,,,,,,,,,,,1,2,1,1,2
201500048230,0015-12-15 12:45:00,15,12,15,12,45,690,152,"84, EUROPE (DE L')",45.70108,4.82232,Plein jour,En agglomération,Hors intersection,Normale,Deux véhicules - arrière,,,,,,,,,,,1,2,1,1,2
201500048231,0015-12-15 16:35:00,15,12,15,16,35,690,149,"9, CAMILLE (DE LA)",45.71251,4.80219,Plein jour,En agglomération,Hors intersection,Normale,Autre collision,,,,,,,,,,,1,2,1,1,6
201500048232,0015-12-16 13:40:00,15,12,16,13,40,690,389,"21, PAUL SEDAILLIAN",,,Plein jour,En agglomération,Hors intersection,Normale,Trois véhicules et plus - collisions multiples,,,,,,,,,,,1,2,1,1,5
201500048233,0015-12-06 11:15:00,15,12,6,11,15,690,382,DOCTEUR GAILLETON (DU),,,Plein jour,En agglomération,Hors intersection,Normale,Autre collision,,,,,,,,,,,1,2,1,1,6
201500048234,0015-12-17 13:30:00,15,12,17,13,30,690,389,"65, ST CYR (DE)",,,Plein jour,En agglomération,Hors intersection,Normale,Deux véhicules - arrière,,,,,,,,,,,1,2,1,1,2
201500048235,0015-12-15 11:50:00,15,12,15,11,50,690,382,"58, JULES COURMONT",,,Plein jour,Hors agglomération,Hors intersection,Normale,Deux véhicules - arrière,,,,,,,,,,,1,1,1,1,2
201500048236,0015-12-18 18:35:00,15,12,18,18,35,690,149,"5, COMMUNE DE PARIS (DE",45.71836,4.80621,Nuit avec éclairage allumé,En agglomération,Hors intersection,Normale,Autre collision,,,,,,,,,,,5,2,1,1,6
201500048237,0015-12-18 18:35:00,15,12,18,18,35,690,286,"60, EUROPE (DE L')",,,Nuit avec éclairage allumé,En agglomération,Hors intersection,Normale,Autre collision,,,,,,,,,,,5,2,1,1,6
201500048238,0015-12-19 15:55:00,15,12,19,15,55,690,382,"69, PRESIDENT EDOUARD HE",,,Plein jour,En agglomération,Intersection en T,Normale,Autre collision,,,,,,,,,,,1,2,3,1,6
201500048239,0015-12-19 17:30:00,15,12,19,17,30,690,34,GENERAL LECLERC,45.80322,4.85991,Crépuscule ou aube,En agglomération,Hors intersection,Normale,Autre collision,,,,,,,,,,,2,2,1,1,6
201500048240,0015-12-20 12:55:00,15,12,20,12,55,690,389,"53, ST CYR (DE)",,,Plein jour,En agglomération,Intersection en X,Normale,Deux véhicules - côté,,,,,,,,,,,1,2,2,1,3
201500048241,0015-12-20 09:40:00,15,12,20,9,40,690,152,"76, REPUBLIQUE (DE LA)",45.70318,4.82892,Plein jour,En agglomération,Hors intersection,Normale,Deux véhicules - frontale,,,,,,,,,,,1,2,1,1,1
201500048242,0015-12-21 17:52:00,15,12,21,17,52,690,286,"3, EUROPE (DE L')",45.81308,4.89316,Nuit avec éclairage allumé,En agglomération,Hors intersection,Normale,Autre collision,,,,,,,,,,,5,2,1,1,6
201500048243,0015-12-22 12:15:00,15,12,22,12,15,690,389,"28, ROGER SALENGRO",,,Plein jour,En agglomération,Intersection en T,Normale,Deux véhicules - frontale,,,,,,,,,,,1,2,3,1,1
201500048244,0015-12-23 16:35:00,15,12,23,16,35,690,81,"18, VERDUN (DE)",45.7728,4.78475,Plein jour,En agglomération,Hors intersection,Normale,Deux véhicules - frontale,,,,,,,,,,,1,2,1,1,1
201500048245,0015-12-17 19:50:00,15,12,17,19,50,690,381,JEAN MOULIN,,,Nuit avec éclairage allumé,En agglomération,Hors intersection,Normale,Autre collision,,,,,,,,,,,5,2,1,1,6
201500048246,0015-12-26 00:50:00,15,12,26,0,50,690,385,"88, PIERRE SCIZE",45.7653,4.83035,Nuit avec éclairage allumé,En agglomération,Hors intersection,Normale,Autre collision,,,,,,,,,,,5,2,1,1,6
201500048247,0015-12-27 17:50:00,15,12,27,17,50,690,286,MONT BLANC (DU),45.8,4.88333,Nuit avec éclairage allumé,En agglomération,Hors intersection,Normale,Autre collision,,,,,,,,,,,5,2,1,1,6
201500048248,0015-12-28 13:45:00,15,12,28,13,45,690,202,"08, CUZIEU (DE)",45.733,4.78089,Plein jour,En agglomération,Hors intersection,Normale,Autre collision,,,,,,,,,,,1,2,1,1,6
201500048249,0015-12-29 15:10:00,15,12,29,15,10,690,385,FAVORITE (DE LA ),,,Plein jour,En agglomération,Hors intersection,Normale,Deux véhicules - arrière,,,,,,,,,,,1,2,1,1,2
201500048250,0015-12-31 10:10:00,15,12,31,10,10,690,34,"10, JEAN PETIT",45.80372,4.85916,Plein jour,En agglomération,Hors intersection,Pluie légère,Autre collision,,,,,,,,,,,1,2,1,2,6
201500048251,0015-01-02 14:30:00,15,1,2,14,30,590,378,AUTOROUTE A22,,,Plein jour,Hors agglomération,Hors intersection,Normale,Sans collision,,,,,,,,,,,1,1,1,1,7
201500048252,0015-11-02 09:20:00,15,11,2,9,20,590,449,AUTOROUTE A23,50.4677,3.23561,Plein jour,Hors agglomération,Hors intersection,Brouillard / fumée,Trois véhicules et plus - collisions multiples,,,,,,,,,,,1,1,1,5,5
201500048253,0015-01-03 10:45:00,15,1,3,10,45,590,435,AUTOROUTE A23,,,Plein jour,Hors agglomération,Hors intersection,Normale,Deux véhicules - frontale,,,,,,,,,,,1,1,1,1,1
201500048254,0015-11-02 11:30:00,15,11,2,11,30,620,637,AUTOROUTE A1,50.47,2.97747,Plein jour,Hors agglomération,Hors intersection,Normale,Deux véhicules - arrière,,,,,,,,,,,1,1,1,1,2
201500048255,0015-01-04 10:00:00,15,1,4,10,0,590,350,AUTOROUTE A1,,,Plein jour,Hors agglomération,Hors intersection,Normale,Sans collision,,,,,,,,,,,1,1,1,1,7
201500048256,0015-11-04 20:00:00,15,11,4,20,0,590,262,AUTOROUTE A25,50.78677,2.62208,Nuit sans éclairage public,Hors agglomération,Hors intersection,Normale,Deux véhicules - arrière,,,,,,,,,,,3,1,1,1,2
201500048257,0015-01-12 07:00:00,15,1,12,7,0,620,634,AUTOROUTE A16,50.93196,2.01499,Nuit sans éclairage public,Hors agglomération,Hors intersection,Normale,Autre collision,,,,,,,,,,,3,1,1,1,6
201500048258,0015-11-06 21:55:00,15,11,6,21,55,620,748,AUTOROUTE A16,50.9515,2.11978,Nuit sans éclairage public,Hors agglomération,Hors intersection,Normale,Autre collision,,,,,,,,,,,3,1,1,1,6
201500048259,0015-01-23 01:45:00,15,1,23,1,45,620,548,AUTOROUTE A16,,,Nuit sans éclairage public,Hors agglomération,Hors intersection,Normale,Deux véhicules - arrière,,,,,,,,,,,3,1,1,1,2
201500048260,0015-11-12 18:00:00,15,11,12,18,0,590,646,ROUTE DEPARTEMENTALE 652,50.6791,3.12392,Nuit sans éclairage public,Hors agglomération,Hors intersection,Normale,Autre collision,,,,,,,,,,,3,1,1,1,6
201500048261,0015-01-24 04:45:00,15,1,24,4,45,590,328,ROUTE DEPARTEMENTALE 652,,,Nuit avec éclairage allumé,Hors agglomération,Hors intersection,Pluie forte,Sans collision,,,,,,,,,,,5,1,1,3,7
201500048262,0015-11-13 18:35:00,15,11,13,18,35,590,234,AUTOROUTE A21,50.4024,3.06253,Nuit sans éclairage public,Hors agglomération,Hors intersection,Normale,Trois véhicules et plus - collisions multiples,,,,,,,,,,,3,1,1,1,5
201500048263,0015-01-24 19:50:00,15,1,24,19,50,590,9,ROUTE NATIONALE 227,,,Nuit sans éclairage public,Hors agglomération,Hors intersection,Normale,Deux véhicules - côté,,,,,,,,,,,3,1,1,1,3
201500048264,0015-11-15 03:40:00,15,11,15,3,40,620,193,AUTOROUTE A16,50.56115,1.51272,Nuit sans éclairage public,Hors agglomération,Hors intersection,Vent fort / tempête,Autre collision,,,,,,,,,,,3,1,1,6,6
201500048265,0015-01-25 05:30:00,15,1,25,5,30,590,580,AUTOROUTE A25,50.82822,2.58235,Nuit sans éclairage public,Hors agglomération,Hors intersection,Normale,Trois véhicules et plus - en chaîne,,,,,,,,,,,3,1,1,1,4
201500048266,0015-11-17 07:15:00,15,11,17,7,15,590,9,ROUTE NATIONALE 227,50.6474,3.14656,Nuit sans éclairage public,Hors agglomération,Hors intersection,Pluie légère,Sans collision,,,,,,,,,,,3,1,1,2,7
201500048267,0015-01-25 07:20:00,15,1,25,7,20,590,386,ROUTE DEPARTEMENTALE 652,,,Nuit avec éclairage allumé,Hors agglomération,Hors intersection,Normale,Sans collision,,,,,,,,,,,5,1,1,1,7
201500048268,0015-11-21 16:20:00,15,11,21,16,20,590,9,ROUTE NATIONALE 227,50.6474,3.14656,Plein jour,Hors agglomération,Hors intersection,Pluie légère,Sans collision,,,,,,,,,,,1,1,1,2,7
201500048269,0015-01-26 14:00:00,15,1,26,14,0,590,350,AUTOROUTE A25,,,Plein jour,Hors agglomération,Hors intersection,Pluie légère,Trois véhicules et plus - en chaîne,,,,,,,,,,,1,1,1,2,4
201500048270,0015-11-22 11:45:00,15,11,22,11,45,590,343,AUTOROUTE A27,50.6013,3.127,Plein jour,Hors agglomération,Hors intersection,Temps couvert,Sans collision,,,,,,,,,,,1,1,1,8,7
201500048271,0015-01-29 16:30:00,15,1,29,16,30,620,193,AUTOROUTE A16,,,Plein jour,Hors agglomération,Hors intersection,Normale,Sans collision,,,,,,,,,,,1,1,1,1,7
201500048272,0015-11-23 01:00:00,15,11,23,1,0,590,646,ROUTE DEPARTEMENTALE 652,50.6809,3.11959,Nuit avec éclairage allumé,Hors agglomération,Hors intersection,Temps couvert,Sans collision,,,,,,,,,,,5,1,1,8,7
201500048273,0015-02-01 14:30:00,15,2,1,14,30,620,274,AUTOROUTE A1,,,Plein jour,Hors agglomération,Hors intersection,Pluie forte,Trois véhicules et plus - collisions multiples,,,,,,,,,,,1,1,1,3,5
201500048274,0015-11-23 03:30:00,15,11,23,3,30,590,378,AUTOROUTE A22,50.40284,3.06508,Nuit sans éclairage public,Hors agglomération,Hors intersection,Normale,Sans collision,,,,,,,,,,,3,1,1,1,7
201500048275,0015-02-01 15:30:00,15,2,1,15,30,590,662,AUTOROUTE A25,,,Plein jour,Hors agglomération,Hors intersection,Vent fort / tempête,Trois véhicules et plus - collisions multiples,,,,,,,,,,,1,1,1,6,5
201500048276,0015-11-23 14:00:00,15,11,23,14,0,590,343,AUTOROUTE A1,50.5898,3.09739,Plein jour,Hors agglomération,Hors intersection,Normale,Autre collision,,,,,,,,,,,1,1,1,1,6
201500048277,0015-02-03 20:10:00,15,2,3,20,10,590,234,AUTOROUTE A21,,,Nuit sans éclairage public,Hors agglomération,Hors intersection,Normale,Sans collision,,,,,,,,,,,3,1,1,1,7
201500048278,0015-11-06 06:30:00,15,11,6,6,30,590,581,AUTOROUTE A25,50.7068,2.78403,Nuit sans éclairage public,Hors agglomération,Hors intersection,Temps couvert,Trois véhicules et plus - collisions multiples,,,,,,,,,,,3,1,1,8,5
201500048279,0015-02-04 10:05:00,15,2,4,10,5,620,634,AUTOROUTE A16,,,Plein jour,Hors agglomération,Hors intersection,Neige / grêle,Autre collision,,,,,,,,,,,1,1,1,4,6
201500048280,0015-11-26 12:20:00,15,11,26,12,20,620,771,AUTOROUTE A21,50.4302,2.85156,Plein jour,Hors agglomération,Hors intersection,Pluie légère,Autre collision,,,,,,,,,,,1,1,1,2,6
201500048281,0015-02-04 09:20:00,15,2,4,9,20,590,378,AUTOROUTE A22,,,Plein jour,Hors agglomération,Hors intersection,Normale,Autre collision,,,,,,,,,,,1,1,1,1,6
201500048282,0015-11-27 18:30:00,15,11,27,18,30,590,9,ROUTE NATIONALE 227,50.606,3.13,Crépuscule ou aube,Hors agglomération,Hors intersection,Vent fort / tempête,Trois véhicules et plus - en chaîne,,,,,,,,,,,2,1,1,6,4
201500048283,0015-02-04 14:50:00,15,2,4,14,50,590,350,ROUTE NATIONALE 356,,,Plein jour,Hors agglomération,Hors intersection,Normale,Trois véhicules et plus - en chaîne,,,,,,,,,,,1,1,1,1,4
201500048284,0015-11-28 06:10:00,15,11,28,6,10,590,586,AUTOROUTE A23,50.5396,3.19711,Nuit sans éclairage public,Hors agglomération,Hors intersection,Normale,Autre collision,,,,,,,,,,,3,1,1,1,6
201500048285,0015-02-06 20:30:00,15,2,6,20,30,590,609,AUTOROUTE A1,,,Nuit avec éclairage allumé,Hors agglomération,Hors intersection,Normale,Trois véhicules et plus - en chaîne,,,,,,,,,,,5,1,1,1,4
201500048286,0015-11-23 07:20:00,15,11,23,7,20,620,624,AUTOROUTE A1,50.4192,2.98547,Nuit avec éclairage allumé,Hors agglomération,Hors intersection,Pluie légère,Deux véhicules - arrière,,,,,,,,,,,5,1,1,2,2
201500048287,0015-02-08 07:20:00,15,2,8,7,20,620,351,Autoroute A21,,,Crépuscule ou aube,Hors agglomération,Hors intersection,Normale,Sans collision,,,,,,,,,,,2,1,1,1,7
201500048288,0015-11-23 10:20:00,15,11,23,10,20,590,449,AUTOROUTE A23,50.4721,3.22561,Plein jour,Hors agglomération,Hors intersection,Pluie légère,Trois véhicules et plus - collisions multiples,,,,,,,,,,,1,1,1,2,5
201500048289,0015-02-07 11:15:00,15,2,7,11,15,590,196,AUTOROUTE A25,50.64067,2.93618,Plein jour,Hors agglomération,Hors intersection,Normale,Deux véhicules - arrière,,,,,,,,,,,1,1,1,1,2
201500048290,0015-12-25 13:10:00,15,12,25,13,10,590,378,ROUTE DEPARTEMENTALE 652,50.6843,3.10958,Plein jour,Hors agglomération,Hors intersection,Normale,Deux véhicules - côté,,,,,,,,,,,1,1,1,1,3
201500048291,0015-02-09 11:30:00,15,2,9,11,30,590,646,ROUTE NATIONALE 356,,,Plein jour,Hors agglomération,Autre intersection,Normale,Autre collision,,,,,,,,,,,1,1,9,1,6
201500048292,0015-12-12 03:00:00,15,12,12,3,0,590,378,AUTOROUTE A22,,,Nuit sans éclairage public,Hors agglomération,Hors intersection,Pluie légère,Deux véhicules - arrière,,,,,,,,,,,3,1,1,2,2
201500048293,0015-12-26 13:25:00,15,12,26,13,25,590,262,AUTOROUTE A25,50.41042,3.06233,Plein jour,Hors agglomération,Hors intersection,Normale,Autre collision,,,,,,,,,,,1,1,1,1,6
201500048294,0015-02-10 02:45:00,15,2,10,2,45,590,359,AUTOROUTE A16,,,Nuit sans éclairage public,Hors agglomération,Hors intersection,Normale,Autre collision,,,,,,,,,,,3,1,1,1,6
201500048295,0015-02-16 08:10:00,15,2,16,8,10,590,523,AUTOROUTE A27,,,Crépuscule ou aube,Hors agglomération,Hors intersection,Brouillard / fumée,Deux véhicules - côté,,,,,,,,,,,2,1,1,5,3
201500048296,0015-12-12 23:00:00,15,12,12,23,0,590,646,ROUTE DEPARTEMENTALE 652,,,Nuit avec éclairage allumé,Hors agglomération,Hors intersection,Pluie légère,Sans collision,,,,,,,,,,,5,1,1,2,7
201500048297,0015-02-21 12:15:00,15,2,21,12,15,590,189,AUTOROUTE A25,,,Plein jour,Hors agglomération,Hors intersection,Neige / grêle,Trois véhicules et plus - en chaîne,,,,,,,,,,,1,1,1,4,4
201500048298,0015-12-21 06:40:00,15,12,21,6,40,590,475,AUTOROUTE A2,50.18197,3.22178,Nuit sans éclairage public,Hors agglomération,Hors intersection,Pluie légère,Sans collision,,,,,,,,,,,3,1,1,2,7
201500048299,0015-02-15 01:30:00,15,2,15,1,30,590,350,ROUTE NATIONALE 356,,,Nuit sans éclairage public,Hors agglomération,Hors intersection,Normale,Autre collision,,,,,,,,,,,3,1,1,1,6
201500048300,0015-12-23 22:35:00,15,12,23,22,35,590,456,AUTOROUTE A 21,50.3827,3.21033,Nuit sans éclairage public,Hors agglomération,Hors intersection,Normale,Sans collision,,,,,,,,,,,3,1,1,1,7
201500048301,0015-02-22 12:30:00,15,2,22,12,30,590,350,Rocade nord Lille,,,Plein jour,Hors agglomération,Hors intersection,Normale,Autre collision,,,,,,,,,,,1,1,1,1,6
201500048302,0015-12-24 16:30:00,15,12,24,16,30,620,427,AUTOROUTE A1,,,Plein jour,Hors agglomération,Hors intersection,Normale,Sans collision,,,,,,,,,,,1,1,1,1,7
201500048303,0015-12-27 22:20:00,15,12,27,22,20,620,239,AUTOROUTE A16,,,Nuit sans éclairage public,Hors agglomération,Hors intersection,Normale,Autre collision,,,,,,,,,,,3,1,1,1,6
201500048304,0015-03-01 00:05:00,15,3,1,0,5,590,178,AUTOROUTE A21,,,Nuit sans éclairage public,Hors agglomération,Hors intersection,Pluie légère,Sans collision,,,,,,,,,,,3,1,1,2,7
201500048305,0015-03-14 15:15:00,15,3,14,15,15,620,274,AUTOROUTE A1,,,Plein jour,Hors agglomération,Hors intersection,Normale,Sans collision,,,,,,,,,,,1,1,1,1,7
201500048306,0015-03-02 04:45:00,15,3,2,4,45,590,378,AUTOROUTE A22,50.69418,3.11275,Nuit sans éclairage public,Hors agglomération,Hors intersection,Neige / grêle,Autre collision,,,,,,,,,,,3,1,1,4,6
201500048307,0015-03-12 11:15:00,15,3,12,11,15,590,350,AUTOROUTE A25,,,Plein jour,Hors agglomération,Hors intersection,Temps éblouissant,Autre collision,,,,,,,,,,,1,1,1,7,6
201500048308,0015-03-15 22:15:00,15,3,15,22,15,590,560,AUTOROUTE A1,,,Nuit sans éclairage public,Hors agglomération,Hors intersection,Normale,Trois véhicules et plus - collisions multiples,,,,,,,,,,,3,1,1,1,5
201500048309,0015-12-01 22:25:00,15,12,1,22,25,590,588,AUTOROUTE A16,,,Nuit sans éclairage public,Hors agglomération,Hors intersection,Pluie légère,Trois véhicules et plus - en chaîne,,,,,,,,,,,3,1,1,2,4
201500048310,0015-12-02 20:00:00,15,12,2,20,0,590,43,AUTOROUTE A25,50.7218,2.74378,Nuit avec éclairage non allumé,Hors agglomération,Hors intersection,Normale,Deux véhicules - arrière,,,,,,,,,,,4,1,1,1,2
201500048311,0015-03-21 20:45:00,15,3,21,20,45,620,907,AUTOROUTE A1,,,Nuit sans éclairage public,Hors agglomération,Hors intersection,Normale,Autre collision,,,,,,,,,,,3,1,1,1,6
201500048312,0015-12-02 20:45:00,15,12,2,20,45,620,193,AUTOROUTE A16,,,Nuit avec éclairage allumé,Hors agglomération,Hors intersection,Normale,Sans collision,,,,,,,,,,,5,1,1,1,7
201500048313,0015-03-22 12:30:00,15,3,22,12,30,590,183,AUTOROUTE A16,,,Plein jour,Hors agglomération,Hors intersection,Normale,Deux véhicules - côté,,,,,,,,,,,1,1,1,1,3
201500048314,0015-03-25 08:10:00,15,3,25,8,10,590,431,AUTOROUTE A25,,,Plein jour,Hors agglomération,Hors intersection,Pluie forte,Trois véhicules et plus - en chaîne,,,,,,,,,,,1,1,1,3,4
201500048315,0015-12-03 17:50:00,15,12,3,17,50,620,193,AUTOROUTE A16,,,Nuit sans éclairage public,Hors agglomération,Hors intersection,Normale,Sans collision,,,,,,,,,,,3,1,1,1,7
201500048316,0015-03-24 12:18:00,15,3,24,12,18,590,343,AUTOROUTE A1,,,Plein jour,Hors agglomération,Hors intersection,Normale,Trois véhicules et plus - en chaîne,,,,,,,,,,,1,1,1,1,4
201500048317,0015-12-04 20:20:00,15,12,4,20,20,590,350,ROUTE NATIONALE 356,,,Nuit sans éclairage public,Hors agglomération,Hors intersection,Normale,Deux véhicules - arrière,,,,,,,,,,,3,1,1,1,2
201500048318,0015-12-08 08:15:00,15,12,8,8,15,620,624,AUTOROUTE A21,,,Plein jour,Hors agglomération,Hors intersection,Normale,Trois véhicules et plus - en chaîne,,,,,,,,,,,1,1,1,1,4
201500048319,0015-03-26 09:40:00,15,3,26,9,40,590,195,ROUTE DEPARTEMENTALE 652,,,Plein jour,Hors agglomération,Hors intersection,Normale,Deux véhicules - côté,,,,,,,,,,,1,1,1,1,3
201500048320,0015-03-26 16:35:00,15,3,26,16,35,590,646,AUTOROUTE A22,,,Plein jour,Hors agglomération,Hors intersection,Normale,Autre collision,,,,,,,,,,,1,1,1,1,6
201500048321,0015-04-08 14:40:00,15,4,8,14,40,620,624,AUTOROUTE A21,,,Plein jour,Hors agglomération,Hors intersection,Normale,Deux véhicules - côté,,,,,,,,,,,1,1,1,1,3
201500048322,0015-12-24 18:15:00,15,12,24,18,15,590,532,AUTOROUTE A16,,,Nuit sans éclairage public,Hors agglomération,Hors intersection,Pluie forte,Autre collision,,,,,,,,,,,3,1,1,3,6
201500048323,0015-04-07 15:25:00,15,4,7,15,25,590,554,AUTOROUTE A23,,,Plein jour,Hors agglomération,Hors intersection,Normale,Deux véhicules - côté,,,,,,,,,,,1,1,1,1,3