accident_id,datetime,annee,mois,jour,heure,minute,departement,commune_insee,adresse,latitude,longitude,luminosite,agglomeration,intersection,meteo,collision,nb_vehicules,nb_usagers,nb_indemnes,nb_tues,nb_blesses_hosp,nb_blesses_legers,age_cond_1,age_cond_2,veh_type_cond_1,veh_type_cond_2,lum_code,agg_code,int_code,atm_code,col_code
201500048586,0015-05-18 17:16:00,15,5,18,17,16,690,388,"58, FRERES LUMIERE (DES)",,,Plein jour,En agglomération,Hors intersection,Normale,Deux véhicules - côté,,,,,,,,,,,1,2,1,1,3
201500048587,0015-05-19 11:30:00,15,5,19,11,30,690,387,"., UNIVERSITE (DE L')",45.7534,4.83678,Plein jour,En agglomération,Intersection en X,Normale,Deux véhicules - côté,,,,,,,,,,,1,2,2,1,3
201500048588,0015-05-19 05:05:00,15,5,19,5,5,690,387,"0, LECLERC",,,Nuit avec éclairage allumé,En agglomération,Intersection en X,Normale,Deux véhicules - côté,,,,,,,,,,,5,2,2,1,3
201500048589,0015-05-19 09:00:00,15,5,19,9,0,690,383,FEUILLAT,,,Plein jour,En agglomération,Intersection en T,Normale,Deux véhicules - côté,,,,,,,,,,,1,2,3,1,3
201500048590,0015-05-19 14:10:00,15,5,19,14,10,690,259,"., JULES GUESDE",45.7189,4.88725,Plein jour,En agglomération,Hors intersection,Normale,Deux véhicules - arrière,,,,,,,,,,,1,2,1,1,2
201500048591,0015-05-20 13:10:00,15,5,20,13,10,690,386,"., CREQUI (DE)",,,Plein jour,En agglomération,Intersection en X,Normale,Deux véhicules - côté,,,,,,,,,,,1,2,2,1,3
201500048592,0015-05-20 16:55:00,15,5,20,16,55,690,259,JODINO (DE),45.7151,4.8788,Plein jour,En agglomération,Intersection en X,Normale,Deux véhicules - côté,,,,,,,,,,,1,2,2,1,3
201500048593,0015-05-20 17:25:00,15,5,20,17,25,690,387,"., ST JEAN DE DIEU",,,Plein jour,En agglomération,Intersection en T,Normale,Deux véhicules - côté,,,,,,,,,,,1,2,3,1,3
201500048594,0015-05-21 09:43:00,15,5,21,9,43,690,383,"08, GAMBETTA",,,Plein jour,En agglomération,Hors intersection,Normale,Deux véhicules - arrière,,,,,,,,,,,1,2,1,1,2
201500048595,0015-05-21 17:25:00,15,5,21,17,25,690,387,"., CREQUI (DE)",,,Plein jour,En agglomération,Intersection en X,Normale,Deux véhicules - côté,,,,,,,,,,,1,2,2,1,3
201500048596,0015-05-21 20:00:00,15,5,21,20,0,690,386,"., GRANDE BRETAGNE (DE)",45.7732,4.8501,Plein jour,En agglomération,Hors intersection,Normale,Deux véhicules - côté,,,,,,,,,,,1,2,1,1,3
201500048597,0015-05-22 09:35:00,15,5,22,9,35,690,383,"., GEORGES POMPIDOU",,,Plein jour,En agglomération,Intersection en X,Normale,Deux véhicules - côté,,,,,,,,,,,1,2,2,1,3
201500048598,0015-05-22 12:30:00,15,5,22,12,30,690,386,"12, MARECHAL DE SAXE",45.7571,4.84018,Plein jour,En agglomération,Hors intersection,Normale,Autre collision,,,,,,,,,,,1,2,1,1,6
201500048599,0015-05-22 14:10:00,15,5,22,14,10,690,386,"42BIS, SEZE (DE)",,,Plein jour,En agglomération,Hors intersection,Normale,Deux véhicules - frontale,,,,,,,,,,,1,2,1,1,1
201500048600,0015-05-22 16:15:00,15,5,22,16,15,690,386,"71, BARABAN",,,Plein jour,En agglomération,Autre intersection,Normale,Deux véhicules - arrière,,,,,,,,,,,1,2,9,1,2
201500048601,0015-05-22 17:10:00,15,5,22,17,10,690,259,"402, CHARLES DE GAULLE",,,Plein jour,En agglomération,Hors intersection,Normale,Trois véhicules et plus - collisions multiples,,,,,,,,,,,1,2,1,1,5
201500048602,0015-05-23 17:35:00,15,5,23,17,35,690,383,VILLEROY,,,Plein jour,En agglomération,Hors intersection,Normale,Autre collision,,,,,,,,,,,1,2,1,1,6
201500048603,0015-05-25 19:45:00,15,5,25,19,45,690,386,"109, GARIBALDI",,,Plein jour,En agglomération,Hors intersection,Normale,Deux véhicules - arrière,,,,,,,,,,,1,2,1,1,2
201500048604,0015-05-26 15:22:00,15,5,26,15,22,690,383,"33, LAFAYETTE",,,Plein jour,Hors agglomération,Hors intersection,Normale,Autre collision,,,,,,,,,,,1,1,1,1,6
201500048605,0015-05-26 17:50:00,15,5,26,17,50,690,259,"43, INDUSTRIE (DE L')",,,Plein jour,Hors agglomération,Hors intersection,Normale,Autre collision,,,,,,,,,,,1,1,1,1,6
201500048606,0015-05-28 16:30:00,15,5,28,16,30,690,259,"102, IRENE JOLIOT CURIE",,,Plein jour,En agglomération,Hors intersection,Normale,Deux véhicules - arrière,,,,,,,,,,,1,2,1,1,2
201500048607,0015-05-29 17:55:00,15,5,29,17,55,690,383,"31, MARECHAL DE SAXE",,,Plein jour,En agglomération,Hors intersection,Normale,Deux véhicules - arrière,,,,,,,,,,,1,2,1,1,2
201500048608,0015-05-30 03:45:00,15,5,30,3,45,690,388,"., PROFESSEUR TAVERNIER",,,Nuit avec éclairage allumé,En agglomération,Hors intersection,Normale,Autre collision,,,,,,,,,,,5,2,1,1,6
201500048609,0015-05-30 16:50:00,15,5,30,16,50,690,383,"110, GENAS (DE)",,,Plein jour,En agglomération,Hors intersection,Normale,Deux véhicules - côté,,,,,,,,,,,1,2,1,1,3
201500048610,0015-05-31 01:15:00,15,5,31,1,15,690,388,"136, FRERES LUMIERE (DES",,,Nuit avec éclairage allumé,En agglomération,Intersection en X,Normale,Deux véhicules - côté,,,,,,,,,,,5,2,2,1,3
201500048611,0015-05-31 03:05:00,15,5,31,3,5,690,276,"., 312",,,Nuit avec éclairage allumé,En agglomération,Hors intersection,Normale,Deux véhicules - frontale,,,,,,,,,,,5,2,1,1,1
201500048612,0015-05-30 00:01:00,15,5,30,0,1,690,383,"19, VICTOR AUGAGNEUR",,,Nuit avec éclairage allumé,En agglomération,Hors intersection,Normale,Deux véhicules - arrière,,,,,,,,,,,5,2,1,1,2
201500048613,0015-06-01 08:45:00,15,6,1,8,45,690,383,"11, DAUPHINE (DU)",,,Plein jour,En agglomération,Hors intersection,Normale,Autre collision,,,,,,,,,,,1,2,1,1,6
201500048614,0015-06-01 15:15:00,15,6,1,15,15,690,388,"., JEAN MERMOZ",45.7339,4.87703,Plein jour,En agglomération,Place,Normale,Deux véhicules - côté,,,,,,,,,,,1,2,7,1,3
201500048615,0015-06-03 14:35:00,15,6,3,14,35,690,386,VENDOME,,,Plein jour,En agglomération,Intersection en X,Normale,Autre collision,,,,,,,,,,,1,2,2,1,6
201500048616,0015-06-03 17:00:00,15,6,3,17,0,690,388,"80, FRERES LUMIERE (DES)",,,Plein jour,En agglomération,Intersection en X,Normale,Autre collision,,,,,,,,,,,1,2,2,1,6
201500048617,0015-06-03 19:08:00,15,6,3,19,8,690,383,LAC (DU),,,Plein jour,En agglomération,Intersection en X,Normale,Deux véhicules - frontale,,,,,,,,,,,1,2,2,1,1
201500048618,0015-06-04 10:05:00,15,6,4,10,5,690,387,"45, JEAN JAURES",,,Plein jour,En agglomération,Hors intersection,Normale,Autre collision,,,,,,,,,,,1,2,1,1,6
201500048619,0015-06-04 11:25:00,15,6,4,11,25,690,386,"22, BROTTEAUX (DES)",45.7733,4.85237,Plein jour,En agglomération,Intersection en T,Normale,Deux véhicules - côté,,,,,,,,,,,1,2,3,1,3
201500048620,0015-06-04 17:10:00,15,6,4,17,10,690,383,"14, MAURICE FLANDIN",,,Plein jour,En agglomération,Intersection en X,Normale,Autre collision,,,,,,,,,,,1,2,2,1,6
201500048621,0015-06-05 16:30:00,15,6,5,16,30,690,387,"., ANVERS (D')",,,Plein jour,En agglomération,Intersection en X,Normale,Deux véhicules - côté,,,,,,,,,,,1,2,2,1,3
201500048622,0015-06-07 15:15:00,15,6,7,15,15,690,388,"143, JEAN MERMOZ",,,Plein jour,En agglomération,Hors intersection,Normale,Deux véhicules - côté,,,,,,,,,,,1,2,1,1,3
201500048623,0015-06-07 16:50:00,15,6,7,16,50,690,276,"., 312",,,Plein jour,Hors agglomération,Hors intersection,Normale,Deux véhicules - frontale,,,,,,,,,,,1,1,1,1,1
201500048624,0015-06-07 21:00:00,15,6,7,21,0,690,387,"87, GERLAND (DE)",,,Crépuscule ou aube,En agglomération,Intersection en X,Normale,Deux véhicules - frontale,,,,,,,,,,,2,2,2,1,1
201500048625,0015-06-08 09:50:00,15,6,8,9,50,690,386,"., WALDECK ROUSSEAU",,,Plein jour,En agglomération,Intersection en X,Normale,Deux véhicules - côté,,,,,,,,,,,1,2,2,1,3
201500048626,0015-06-08 15:40:00,15,6,8,15,40,690,388,"., ETATS UNIS (DES)",,,Plein jour,En agglomération,Intersection en X,Normale,Deux véhicules - côté,,,,,,,,,,,1,2,2,1,3
201500048627,0015-06-08 19:10:00,15,6,8,19,10,690,388,"40, HENRI BARBUSSE",,,Plein jour,En agglomération,Hors intersection,Normale,Deux véhicules - côté,,,,,,,,,,,1,2,1,1,3
201500048628,0015-06-09 16:40:00,15,6,9,16,40,690,388,"., VILLON (DE)",45.7265,4.87779,Plein jour,En agglomération,Hors intersection,Normale,Autre collision,,,,,,,,,,,1,2,1,1,6
201500048629,0015-06-09 17:25:00,15,6,9,17,25,690,383,"45, MARIUS VIVIER MERLE",,,Plein jour,En agglomération,Hors intersection,Normale,Deux véhicules - côté,,,,,,,,,,,1,2,1,1,3
201500048630,0015-06-09 18:30:00,15,6,9,18,30,690,383,"160, LAFAYETTE",45.7532,4.8421,Plein jour,En agglomération,Hors intersection,Normale,Deux véhicules - côté,,,,,,,,,,,1,2,1,1,3
201500048631,0015-06-10 08:25:00,15,6,10,8,25,690,386,"., KLEBER",,,Plein jour,En agglomération,Intersection en X,Normale,Autre collision,,,,,,,,,,,1,2,2,1,6
201500048632,0015-06-10 15:50:00,15,6,10,15,50,690,387,"32, RAULIN",,,Plein jour,En agglomération,Intersection en X,Normale,Deux véhicules - côté,,,,,,,,,,,1,2,2,1,3
201500048633,0015-06-11 08:45:00,15,6,11,8,45,690,387,"., TONY GARNIER",,,Plein jour,En agglomération,Hors intersection,Normale,Trois véhicules et plus - en chaîne,,,,,,,,,,,1,2,1,1,4
201500048634,0015-06-11 14:20:00,15,6,11,14,20,690,383,"., MARECHAL DE SAXE",,,Plein jour,En agglomération,Intersection en T,Normale,Deux véhicules - côté,,,,,,,,,,,1,2,3,1,3
201500048635,0015-06-11 16:45:00,15,6,11,16,45,690,383,"188, LAFAYETTE",,,Plein jour,En agglomération,Hors intersection,Normale,Deux véhicules - côté,,,,,,,,,,,1,2,1,1,3
201500048636,0015-06-12 18:25:00,15,6,12,18,25,690,386,"., DUGUESCLIN",,,Plein jour,En agglomération,Intersection en X,Pluie légère,Deux véhicules - côté,,,,,,,,,,,1,2,2,2,3
201500048637,0015-06-12 22:10:00,15,6,12,22,10,690,386,"., LAFAYETTE",,,Nuit avec éclairage allumé,En agglomération,Intersection en X,Pluie légère,Deux véhicules - côté,,,,,,,,,,,5,2,2,2,3
201500048638,0015-06-10 11:45:00,15,6,10,11,45,690,383,"299, LAFAYETTE",,,Plein jour,En agglomération,Hors intersection,Normale,Deux véhicules - arrière,,,,,,,,,,,1,2,1,1,2
201500048639,0015-06-15 15:45:00,15,6,15,15,45,690,386,"84, BELGES (DES)",,,Plein jour,En agglomération,Intersection en X,Normale,Deux véhicules - côté,,,,,,,,,,,1,2,2,1,3
201500048640,0015-06-16 09:30:00,15,6,16,9,30,690,387,"24, ANDRE BOLLIER",45.7355,4.82963,Plein jour,En agglomération,Intersection en X,Normale,Deux véhicules - côté,,,,,,,,,,,1,2,2,1,3
201500048641,0015-06-12 08:35:00,15,6,12,8,35,690,388,"., PAUL CAZENEUVE",,,Plein jour,En agglomération,Intersection en X,Normale,Deux véhicules - côté,,,,,,,,,,,1,2,2,1,3
201500048642,0015-06-15 16:50:00,15,6,15,16,50,690,387,"., GERLAND (DE)",,,Plein jour,En agglomération,Intersection en X,Normale,Autre collision,,,,,,,,,,,1,2,2,1,6
201500048643,0015-06-17 16:45:00,15,6,17,16,45,690,199,"87, JEAN JAURES",45.7092,4.85525,Plein jour,En agglomération,Hors intersection,Normale,Autre collision,,,,,,,,,,,1,2,1,1,6
201500048644,0015-06-18 21:30:00,15,6,18,21,30,690,388,"101, VIENNE (DE)",,,Nuit avec éclairage allumé,En agglomération,Hors intersection,Normale,Deux véhicules - arrière,,,,,,,,,,,5,2,1,1,2
201500048645,0015-06-19 01:20:00,15,6,19,1,20,690,387,"22, MARSEILLE (DE)",,,Nuit avec éclairage allumé,En agglomération,Hors intersection,Pluie légère,Deux véhicules - côté,,,,,,,,,,,5,2,1,2,3
201500048646,0015-06-19 12:15:00,15,6,19,12,15,690,386,"157, STALINGRAD (DE)",45.7793,4.85717,Plein jour,En agglomération,Hors intersection,Normale,Deux véhicules - côté,,,,,,,,,,,1,2,1,1,3
201500048647,0015-06-20 09:20:00,15,6,20,9,20,690,383,"., GEORGES POMPIDOU",,,Plein jour,En agglomération,Hors intersection,Normale,Deux véhicules - côté,,,,,,,,,,,1,2,1,1,3
201500048648,0015-06-21 18:30:00,15,6,21,18,30,690,199,"37, CHARLES PLASSE",,,Plein jour,En agglomération,Hors intersection,Normale,Autre collision,,,,,,,,,,,1,2,1,1,6
201500048649,0015-06-22 14:30:00,15,6,22,14,30,690,383,"17, ST ANTOINE",,,Plein jour,En agglomération,Intersection en T,Normale,Deux véhicules - côté,,,,,,,,,,,1,2,3,1,3
201500048650,0015-06-23 11:25:00,15,6,23,11,25,690,383,"79, MARIUS VIVIER MERLE",45.7594,4.85119,Plein jour,En agglomération,Hors intersection,Normale,Deux véhicules - côté,,,,,,,,,,,1,2,1,1,3
201500048651,0015-06-23 17:00:00,15,6,23,17,0,690,387,"., JEAN JAURES",45.7381,4.83021,Plein jour,Hors agglomération,Intersection en Y,Normale,Deux véhicules - côté,,,,,,,,,,,1,1,4,1,3
201500048652,0015-06-23 18:20:00,15,6,23,18,20,690,387,"10, GAMBETTA",,,Plein jour,En agglomération,Hors intersection,Normale,Deux véhicules - frontale,,,,,,,,,,,1,2,1,1,1
201500048653,0015-06-24 10:40:00,15,6,24,10,40,690,387,GAMBETTA,45.7482,4.84711,Plein jour,En agglomération,Hors intersection,Normale,Deux véhicules - côté,,,,,,,,,,,1,2,1,1,3
201500048654,0015-06-24 15:55:00,15,6,24,15,55,690,387,"14, GAMBETTA",,,Plein jour,En agglomération,Hors intersection,Normale,Deux véhicules - côté,,,,,,,,,,,1,2,1,1,3
201500048655,0015-06-24 16:43:00,15,6,24,16,43,690,199,"2, JEAN JAURES",45.7139,4.85491,Plein jour,En agglomération,Hors intersection,Normale,Autre collision,,,,,,,,,,,1,2,1,1,6
201500048656,0015-06-24 20:50:00,15,6,24,20,50,690,388,"24, HENRI BARBUSSE",,,Crépuscule ou aube,En agglomération,Hors intersection,Normale,Deux véhicules - frontale,,,,,,,,,,,2,2,1,1,1
201500048657,0015-06-26 07:15:00,15,6,26,7,15,690,387,"15, YVES FARGES",,,Plein jour,En agglomération,Hors intersection,Normale,Deux véhicules - côté,,,,,,,,,,,1,2,1,1,3
201500048658,0015-06-26 14:30:00,15,6,26,14,30,690,388,JEAN MERMOZ,,,Plein jour,En agglomération,Intersection en X,Normale,Deux véhicules - frontale,,,,,,,,,,,1,2,2,1,1
201500048659,0015-06-26 19:06:00,15,6,26,19,6,690,386,CREQUI (DE),,,Plein jour,En agglomération,Intersection en X,Normale,Autre collision,,,,,,,,,,,1,2,2,1,6
201500048660,0015-06-26 21:40:00,15,6,26,21,40,690,199,"8, PASTEUR",45.7076,4.85631,Nuit avec éclairage allumé,Hors agglomération,Intersection en X,Normale,Deux véhicules - côté,,,,,,,,,,,5,1,2,1,3
201500048661,0015-06-27 21:58:00,15,6,27,21,58,690,199,CARNOT,,,Nuit avec éclairage allumé,En agglomération,Intersection en T,Normale,Deux véhicules - côté,,,,,,,,,,,5,2,3,1,3
201500048662,0015-06-27 06:43:00,15,6,27,6,43,690,386,"., LAFAYETTE",,,Nuit avec éclairage allumé,En agglomération,Intersection en T,Normale,Deux véhicules - frontale,,,,,,,,,,,5,2,3,1,1
201500048663,0015-06-28 10:30:00,15,6,28,10,30,690,386,TETE D'OR (DE LA),,,Plein jour,En agglomération,Hors intersection,Normale,Deux véhicules - côté,,,,,,,,,,,1,2,1,1,3
201500048664,0015-06-28 20:55:00,15,6,28,20,55,690,388,"136, FRERES LUMIERE (DES",,,Crépuscule ou aube,En agglomération,Hors intersection,Normale,Deux véhicules - arrière,,,,,,,,,,,2,2,1,1,2
201500048665,0015-06-28 19:55:00,15,6,28,19,55,690,383,"156, GAMBETTA",,,Plein jour,En agglomération,Intersection en X,Normale,Autre collision,,,,,,,,,,,1,2,2,1,6
201500048666,0015-06-29 12:25:00,15,6,29,12,25,690,388,SANTOS DUMONT,45.7395,4.86221,Plein jour,En agglomération,Intersection en T,Normale,Deux véhicules - côté,,,,,,,,,,,1,2,3,1,3
201500048667,0015-06-30 09:46:00,15,6,30,9,46,690,387,"23, RAOUL SERVANT",,,Plein jour,En agglomération,Intersection en X,Normale,Deux véhicules - côté,,,,,,,,,,,1,2,2,1,3
201500048668,0015-06-30 14:55:00,15,6,30,14,55,690,388,"61, PIERRE DELORE",,,Plein jour,En agglomération,Hors intersection,Normale,Deux véhicules - côté,,,,,,,,,,,1,2,1,1,3
201500048669,0015-07-01 10:20:00,15,7,1,10,20,690,259,MARCEL PAUL,45.6997,4.88186,Plein jour,En agglomération,Hors intersection,Normale,Autre collision,,,,,,,,,,,1,2,1,1,6
201500048670,0015-07-01 21:45:00,15,7,1,21,45,690,387,"76, RACHAIS",,,Crépuscule ou aube,En agglomération,Intersection en X,Normale,Deux véhicules - côté,,,,,,,,,,,2,2,2,1,3
201500048671,0015-07-02 08:55:00,15,7,2,8,55,690,383,GEORGES POMPIDOU,,,Plein jour,En agglomération,Hors intersection,Normale,Deux véhicules - côté,,,,,,,,,,,1,2,1,1,3
201500048672,0015-07-02 10:50:00,15,7,2,10,50,690,259,"300, VIENNE (DE)",,,Plein jour,En agglomération,Hors intersection,Normale,Deux véhicules - côté,,,,,,,,,,,1,2,1,1,3
201500048673,0015-07-01 15:30:00,15,7,1,15,30,690,388,"93, VILLON (DE)",,,Plein jour,En agglomération,Hors intersection,Normale,Autre collision,,,,,,,,,,,1,2,1,1,6
201500048674,0015-07-02 11:30:00,15,7,2,11,30,690,383,"25, ALBERT THOMAS",,,Plein jour,En agglomération,Hors intersection,Normale,Deux véhicules - arrière,,,,,,,,,,,1,2,1,1,2
201500048675,0015-07-02 16:00:00,15,7,2,16,0,690,383,"., DOCTEUR BOUCHUT (DU)",,,Plein jour,En agglomération,Intersection en X,Normale,Autre collision,,,,,,,,,,,1,2,2,1,6
201500048676,0015-06-30 11:10:00,15,6,30,11,10,690,386,LAFAYETTE,,,Plein jour,En agglomération,Intersection en T,Normale,Deux véhicules - côté,,,,,,,,,,,1,2,3,1,3
201500048677,0015-07-03 12:10:00,15,7,3,12,10,690,386,"60, VAUBAN",,,Plein jour,En agglomération,Hors intersection,Normale,Autre collision,,,,,,,,,,,1,2,1,1,6
201500048678,0015-07-03 18:30:00,15,7,3,18,30,690,387,"1, CLAUDE BERNARD",,,Plein jour,En agglomération,Intersection en T,Temps éblouissant,Deux véhicules - côté,,,,,,,,,,,1,2,3,7,3
201500048679,0015-07-04 20:40:00,15,7,4,20,40,690,276,JEAN JAURES,45.6731,4.83809,Plein jour,En agglomération,Intersection en T,Normale,Deux véhicules - côté,,,,,,,,,,,1,2,3,1,3
201500048680,0015-07-04 21:35:00,15,7,4,21,35,690,383,FELIX FAURE,,,Plein jour,En agglomération,Hors intersection,Normale,Trois véhicules et plus - en chaîne,,,,,,,,,,,1,2,1,1,4
201500048681,0015-07-04 19:00:00,15,7,4,19,0,690,259,DOCTEUR GEORGES LEVY (DU,,,Plein jour,En agglomération,Intersection en X,Normale,Autre collision,,,,,,,,,,,1,2,2,1,6
201500048682,0015-07-05 10:45:00,15,7,5,10,45,690,387,"., TONY GARNIER",,,Plein jour,En agglomération,Intersection en X,Normale,Deux véhicules - côté,,,,,,,,,,,1,2,2,1,3
201500048683,0015-07-06 10:00:00,15,7,6,10,0,690,383,"66, BONNEL (DE)",,,Plein jour,En agglomération,Hors intersection,Normale,Deux véhicules - côté,,,,,,,,,,,1,2,1,1,3
201500048684,0015-07-06 16:25:00,15,7,6,16,25,690,383,"95, PINEL",,,Plein jour,En agglomération,Hors intersection,Normale,Deux véhicules - arrière,,,,,,,,,,,1,2,1,1,2
201500048685,0015-07-06 19:40:00,15,7,6,19,40,690,388,", JEAN SARRAZIN",,,Plein jour,En agglomération,Intersection en X,Normale,Deux véhicules - côté,,,,,,,,,,,1,2,2,1,3
201500048686,0015-06-26 14:20:00,15,6,26,14,20,690,383,"., MARIUS VIVIER MERLE",,,Plein jour,En agglomération,Intersection en X,Normale,Deux véhicules - côté,,,,,,,,,,,1,2,2,1,3
201500048687,0015-07-07 20:50:00,15,7,7,20,50,690,388,"82, ETATS UNIS (DES)",,,Crépuscule ou aube,En agglomération,Hors intersection,Normale,Sans collision,,,,,,,,,,,2,2,1,1,7
201500048688,0015-07-08 09:50:00,15,7,8,9,50,690,386,"16, GENERAL SARRAIL (DU)",,,Plein jour,En agglomération,Hors intersection,Normale,Deux véhicules - frontale,,,,,,,,,,,1,2,1,1,1
201500048689,0015-07-08 11:45:00,15,7,8,11,45,690,259,IRENE JOLIOT CURIE,45.709,4.88581,Plein jour,En agglomération,Hors intersection,Normale,Autre collision,,,,,,,,,,,1,2,1,1,6
201500048690,0015-07-08 12:40:00,15,7,8,12,40,690,383,"137, MARECHAL DE SAXE",,,Plein jour,En agglomération,Hors intersection,Normale,Deux véhicules - arrière,,,,,,,,,,,1,2,1,1,2
201500048691,0015-07-08 18:15:00,15,7,8,18,15,690,383,"301, LAFAYETTE",,,Plein jour,Hors agglomération,Hors intersection,Normale,Deux véhicules - frontale,,,,,,,,,,,1,1,1,1,1
201500048692,0015-07-08 18:40:00,15,7,8,18,40,690,388,"., VIVIANI",,,Plein jour,En agglomération,Hors intersection,Normale,Deux véhicules - côté,,,,,,,,,,,1,2,1,1,3
201500048693,0015-07-09 08:50:00,15,7,9,8,50,690,388,"2, PAUL SANTY",45.7266,4.8789,Plein jour,En agglomération,Intersection en X,Normale,Autre collision,,,,,,,,,,,1,2,2,1,6
201500048694,0015-07-09 11:15:00,15,7,9,11,15,690,259,IRENE JOLIOT CURIE,,,Plein jour,En agglomération,Intersection en X,Normale,Deux véhicules - côté,,,,,,,,,,,1,2,2,1,3
201500048695,0015-07-09 17:20:00,15,7,9,17,20,690,259,"116, PROFESSEUR ROUX (DU",,,Plein jour,En agglomération,Hors intersection,Normale,Autre collision,,,,,,,,,,,1,2,1,1,6
201500048696,0015-07-09 17:50:00,15,7,9,17,50,690,259,LENINE,,,Plein jour,En agglomération,Hors intersection,Normale,Autre collision,,,,,,,,,,,1,2,1,1,6
201500048697,0015-07-09 20:07:00,15,7,9,20,7,690,199,"47, ARSENAL (DE L')",,,Plein jour,Hors agglomération,Hors intersection,Normale,Autre collision,,,,,,,,,,,1,1,1,1,6
201500048698,0015-07-09 21:15:00,15,7,9,21,15,690,388,"., EPARGNE (DE L')",,,Crépuscule ou aube,En agglomération,Hors intersection,Normale,Deux véhicules - frontale,,,,,,,,,,,2,2,1,1,1
201500048699,0015-07-09 16:45:00,15,7,9,16,45,690,388,ALBERT THOMAS,45.7416,4.84916,Plein jour,En agglomération,Hors intersection,Normale,Autre collision,,,,,,,,,,,1,2,1,1,6
201500048700,0015-07-10 17:05:00,15,7,10,17,5,690,383,"80, EUGENIE",,,Plein jour,En agglomération,Intersection en X,Normale,Deux véhicules - côté,,,,,,,,,,,1,2,2,1,3
201500048701,0015-07-11 07:50:00,15,7,11,7,50,690,383,VENDOME,,,Plein jour,En agglomération,Intersection en X,Normale,Deux véhicules - côté,,,,,,,,,,,1,2,2,1,3
201500048702,0015-07-12 15:30:00,15,7,12,15,30,690,199,JEAN JAURES,45.712,4.85482,Plein jour,En agglomération,Hors intersection,Normale,Autre collision,,,,,,,,,,,1,2,1,1,6
201500048703,0015-07-15 09:05:00,15,7,15,9,5,690,383,"230, ANDRE PHILIP",,,Plein jour,En agglomération,Intersection en X,Normale,Deux véhicules - côté,,,,,,,,,,,1,2,2,1,3
201500048704,0015-07-15 23:00:00,15,7,15,23,0,690,388,"15, JACQUELINE AURIOL",,,Nuit avec éclairage allumé,En agglomération,Intersection en X,Normale,Deux véhicules - côté,,,,,,,,,,,5,2,2,1,3
201500048705,0015-07-16 16:30:00,15,7,16,16,30,690,383,GAMBETTA,,,Plein jour,En agglomération,Intersection en X,Normale,Deux véhicules - côté,,,,,,,,,,,1,2,2,1,3
201500048706,0015-07-17 01:50:00,15,7,17,1,50,690,259,"., JEAN CAGNE",45.6993,4.86108,Nuit avec éclairage allumé,En agglomération,Intersection en X,Normale,Deux véhicules - arrière,,,,,,,,,,,5,2,2,1,2
201500048707,0015-07-17 12:20:00,15,7,17,12,20,690,259,"., BALMES (DES)",,,Plein jour,En agglomération,Hors intersection,Normale,Autre collision,,,,,,,,,,,1,2,1,1,6
201500048708,0015-07-18 11:45:00,15,7,18,11,45,690,386,"13, BROTTEAUX (DES)",,,Plein jour,En agglomération,Hors intersection,Normale,Deux véhicules - frontale,,,,,,,,,,,1,2,1,1,1
201500048709,0015-07-19 03:10:00,15,7,19,3,10,690,387,"87, GUILLOTIERE (DE LA)",,,Nuit avec éclairage allumé,En agglomération,Intersection en X,Normale,Deux véhicules - frontale,,,,,,,,,,,5,2,2,1,1
201500048710,0015-07-18 19:35:00,15,7,18,19,35,690,387,"., CHAMBAUD DE LA BRUYER",,,Plein jour,En agglomération,Hors intersection,Normale,Autre collision,,,,,,,,,,,1,2,1,1,6
201500048711,0015-07-20 07:45:00,15,7,20,7,45,690,383,VICTOR AUGAGNEUR,,,Plein jour,En agglomération,Intersection en T,Normale,Deux véhicules - côté,,,,,,,,,,,1,2,3,1,3
201500048712,0015-07-04 22:45:00,15,7,4,22,45,690,386,"1, BROTTEAUX (DES)",,,Nuit avec éclairage allumé,En agglomération,Intersection en X,Normale,Deux véhicules - côté,,,,,,,,,,,5,2,2,1,3
201500048713,0015-07-20 18:55:00,15,7,20,18,55,690,199,"30, CARNOT",,,Plein jour,En agglomération,Hors intersection,Normale,Autre collision,,,,,,,,,,,1,2,1,1,6
201500048714,0015-07-21 08:18:00,15,7,21,8,18,690,383,"., BELLECOMBE (DE)",,,Plein jour,En agglomération,Intersection en X,Normale,Deux véhicules - côté,,,,,,,,,,,1,2,2,1,3
201500048715,0015-07-21 22:28:00,15,7,21,22,28,690,387,"4, GAMBETTA",,,Nuit avec éclairage allumé,En agglomération,Hors intersection,Normale,Deux véhicules - côté,,,,,,,,,,,5,2,1,1,3
201500048716,0015-07-21 16:40:00,15,7,21,16,40,690,388,"., EDMOND MICHELET",45.7342,4.87251,Plein jour,En agglomération,Hors intersection,Normale,Deux véhicules - côté,,,,,,,,,,,1,2,1,1,3
201500048717,0015-07-23 23:00:00,15,7,23,23,0,690,387,"38, GAMBETTA",,,Nuit avec éclairage allumé,En agglomération,Intersection en X,Normale,Deux véhicules - frontale,,,,,,,,,,,5,2,2,1,1
201500048718,0015-07-23 11:40:00,15,7,23,11,40,690,387,"., CHALLEMEL LACOUR",,,Plein jour,En agglomération,Intersection en X,Normale,Deux véhicules - côté,,,,,,,,,,,1,2,2,1,3
201500048719,0015-07-24 10:50:00,15,7,24,10,50,690,383,"., LAFAYETTE",,,Plein jour,En agglomération,Intersection en X,Normale,Deux véhicules - côté,,,,,,,,,,,1,2,2,1,3
201500048720,0015-07-23 18:00:00,15,7,23,18,0,690,383,"25, ROCKEFELLER",,,Plein jour,En agglomération,Hors intersection,Normale,Autre collision,,,,,,,,,,,1,2,1,1,6