accident_id,datetime,annee,mois,jour,heure,minute,departement,commune_insee,adresse,latitude,longitude,luminosite,agglomeration,intersection,meteo,collision,nb_vehicules,nb_usagers,nb_indemnes,nb_tues,nb_blesses_hosp,nb_blesses_legers,age_cond_1,age_cond_2,veh_type_cond_1,veh_type_cond_2,lum_code,agg_code,int_code,atm_code,col_code
201500048721,0015-07-25 18:00:00,15,7,25,18,0,690,387,"7, CLAUDE BERNARD",,,Plein jour,En agglomération,Intersection en X,Normale,Deux véhicules - côté,,,,,,,,,,,1,2,2,1,3
201500048722,0015-07-25 22:15:00,15,7,25,22,15,690,259,AMBROISE CROIZAT,,,Nuit sans éclairage public,En agglomération,Hors intersection,Normale,Deux véhicules - côté,,,,,,,,,,,3,2,1,1,3
201500048723,0015-07-25 11:15:00,15,7,25,11,15,690,388,CROIX BARRET (DE LA),,,Plein jour,En agglomération,Intersection en X,Normale,Trois véhicules et plus - collisions multiples,,,,,,,,,,,1,2,2,1,5
201500048724,0015-07-20 22:15:00,15,7,20,22,15,690,386,"69, VITTON",,,Nuit avec éclairage allumé,En agglomération,Hors intersection,Normale,Deux véhicules - arrière,,,,,,,,,,,5,2,1,1,2
201500048725,0015-07-28 11:00:00,15,7,28,11,0,690,387,"60, JEAN JAURES",,,Plein jour,En agglomération,Hors intersection,Normale,Autre collision,,,,,,,,,,,1,2,1,1,6
201500048726,0015-07-29 05:50:00,15,7,29,5,50,690,383,"265, CREQUI (DE)",,,Plein jour,En agglomération,Hors intersection,Normale,Autre collision,,,,,,,,,,,1,2,1,1,6
201500048727,0015-07-31 17:10:00,15,7,31,17,10,690,383,"., PAUL BERT",,,Plein jour,En agglomération,Intersection en X,Normale,Deux véhicules - côté,,,,,,,,,,,1,2,2,1,3
201500048728,0015-08-02 12:20:00,15,8,2,12,20,690,383,BELLECOMBE (DE),,,Plein jour,En agglomération,Intersection en X,Normale,Deux véhicules - côté,,,,,,,,,,,1,2,2,1,3
201500048729,0015-08-03 18:20:00,15,8,3,18,20,690,387,TOURVILLE (DE),,,Plein jour,En agglomération,Intersection en X,Normale,Deux véhicules - côté,,,,,,,,,,,1,2,2,1,3
201500048730,0015-08-04 16:30:00,15,8,4,16,30,690,276,CLAUDIUS BERRY,45.6659,4.84914,Plein jour,En agglomération,Hors intersection,Normale,Autre collision,,,,,,,,,,,1,2,1,1,6
201500048731,0015-08-05 09:50:00,15,8,5,9,50,690,259,"., LYONNAIS (DU)",,,Plein jour,En agglomération,Hors intersection,Normale,Deux véhicules - frontale,,,,,,,,,,,1,2,1,1,1
201500048732,0015-08-05 12:40:00,15,8,5,12,40,690,383,VICTOR AUGAGNEUR,,,Plein jour,En agglomération,Hors intersection,Normale,Autre collision,,,,,,,,,,,1,2,1,1,6
201500048733,0015-08-05 22:20:00,15,8,5,22,20,690,387,"16 BIS, JEAN FRANCOIS RA",,,Nuit avec éclairage allumé,En agglomération,Hors intersection,Normale,Autre collision,,,,,,,,,,,5,2,1,1,6
201500048734,0015-08-05 18:00:00,15,8,5,18,0,690,387,"361, GARIBALDI",,,Plein jour,En agglomération,Hors intersection,Normale,Deux véhicules - côté,,,,,,,,,,,1,2,1,1,3
201500048735,0015-08-06 16:25:00,15,8,6,16,25,690,259,"., ANDRE SENTUC",,,Plein jour,En agglomération,Hors intersection,Normale,Autre collision,,,,,,,,,,,1,2,1,1,6
201500048736,0015-08-07 13:25:00,15,8,7,13,25,690,387,RAOUL SERVANT,,,Plein jour,En agglomération,Intersection en X,Normale,Deux véhicules - côté,,,,,,,,,,,1,2,2,1,3
201500048737,0015-08-09 10:15:00,15,8,9,10,15,690,388,ALOUETTES,,,Plein jour,En agglomération,Intersection en X,Normale,Autre collision,,,,,,,,,,,1,2,2,1,6
201500048738,0015-08-11 16:00:00,15,8,11,16,0,690,383,LOUIS,,,Plein jour,En agglomération,Intersection en X,Normale,Deux véhicules - côté,,,,,,,,,,,1,2,2,1,3
201500048739,0015-08-02 20:00:00,15,8,2,20,0,690,383,"236, LAFAYETTE",45.7539,4.84623,Crépuscule ou aube,En agglomération,Hors intersection,Normale,Sans collision,,,,,,,,,,,2,2,1,1,7
201500048740,0015-08-12 13:15:00,15,8,12,13,15,690,259,AMBROISE CROIZAT,,,Plein jour,En agglomération,Hors intersection,Normale,Deux véhicules - frontale,,,,,,,,,,,1,2,1,1,1
201500048741,0015-08-13 16:50:00,15,8,13,16,50,690,259,FRERES LOUIS ET EMILE BE,,,Plein jour,En agglomération,Hors intersection,Pluie légère,Deux véhicules - côté,,,,,,,,,,,1,2,1,2,3
201500048742,0015-08-13 17:46:00,15,8,13,17,46,690,386,CHARLES DE GAULLE,,,Plein jour,Hors agglomération,Hors intersection,Normale,Deux véhicules - côté,,,,,,,,,,,1,1,1,1,3
201500048743,0015-08-13 18:45:00,15,8,13,18,45,690,388,JEAN MERMOZ,,,Plein jour,En agglomération,Intersection en X,Normale,Deux véhicules - côté,,,,,,,,,,,1,2,2,1,3
201500048744,0015-08-14 07:45:00,15,8,14,7,45,690,388,PAUL SANTY,45.724,4.88297,Plein jour,En agglomération,Intersection en X,Normale,Deux véhicules - côté,,,,,,,,,,,1,2,2,1,3
201500048745,0015-08-14 18:00:00,15,8,14,18,0,690,387,"6, GAMBETTA",,,Plein jour,En agglomération,Hors intersection,Normale,Deux véhicules - côté,,,,,,,,,,,1,2,1,1,3
201500048746,0015-08-15 22:05:00,15,8,15,22,5,690,386,BROTTEAUX (DES),45.7558,4.8677,Nuit avec éclairage allumé,En agglomération,Hors intersection,Normale,Trois véhicules et plus - collisions multiples,,,,,,,,,,,5,2,1,1,5
201500048747,0015-08-16 04:30:00,15,8,16,4,30,690,388,HENRI BARBUSSE,,,Nuit avec éclairage allumé,En agglomération,Intersection en X,Normale,Deux véhicules - côté,,,,,,,,,,,5,2,2,1,3
201500048748,0015-08-16 10:45:00,15,8,16,10,45,690,276,"14, VENISSIEUX (DE)",,,Plein jour,En agglomération,Intersection en T,Normale,Deux véhicules - côté,,,,,,,,,,,1,2,3,1,3
201500048749,0015-08-17 08:50:00,15,8,17,8,50,690,388,"24, ROCKEFELLER",45.7365,4.88324,Plein jour,En agglomération,Hors intersection,Normale,Sans collision,,,,,,,,,,,1,2,1,1,7
201500048750,0015-08-17 17:00:00,15,8,17,17,0,690,388,"., EPARGNE (DE L')",,,Plein jour,En agglomération,Intersection en X,Normale,Deux véhicules - côté,,,,,,,,,,,1,2,2,1,3
201500048751,0015-08-18 11:40:00,15,8,18,11,40,690,199,PAUL BERT,45.7098,4.85732,Plein jour,En agglomération,Hors intersection,Normale,Autre collision,,,,,,,,,,,1,2,1,1,6
201500048752,0015-08-20 12:50:00,15,8,20,12,50,690,386,"289, LAFAYETTE",,,Plein jour,En agglomération,Intersection en T,Normale,Autre collision,,,,,,,,,,,1,2,3,1,6
201500048753,0015-08-20 18:55:00,15,8,20,18,55,690,386,VAUBAN,,,Plein jour,En agglomération,Hors intersection,Normale,Autre collision,,,,,,,,,,,1,2,1,1,6
201500048754,0015-08-21 16:10:00,15,8,21,16,10,690,383,"89, PENSIONNAT (DU)",,,Plein jour,En agglomération,Hors intersection,Normale,Deux véhicules - frontale,,,,,,,,,,,1,2,1,1,1
201500048755,0015-08-22 16:15:00,15,8,22,16,15,690,388,HENRI BARBUSSE,45.7326,4.85649,Plein jour,En agglomération,Intersection en T,Normale,Deux véhicules - côté,,,,,,,,,,,1,2,3,1,3
201500048756,0015-08-23 15:35:00,15,8,23,15,35,690,388,JEAN XXIII,,,Plein jour,En agglomération,Intersection en X,Normale,Deux véhicules - côté,,,,,,,,,,,1,2,2,1,3
201500048757,0015-08-24 09:10:00,15,8,24,9,10,690,386,"93, VITTON",,,Plein jour,En agglomération,Hors intersection,Normale,Autre collision,,,,,,,,,,,1,2,1,1,6
201500048758,0015-08-25 10:40:00,15,8,25,10,40,690,388,VIENNE (DE),,,Plein jour,En agglomération,Intersection en X,Normale,Deux véhicules - frontale,,,,,,,,,,,1,2,2,1,1
201500048759,0015-08-25 10:50:00,15,8,25,10,50,690,387,JEAN JAURES,45.74889,4.84409,Plein jour,En agglomération,Intersection en X,Normale,Sans collision,,,,,,,,,,,1,2,2,1,7
201500048760,0015-08-25 17:45:00,15,8,25,17,45,690,383,"94, SERVIENT",,,Plein jour,En agglomération,Hors intersection,Normale,Deux véhicules - arrière,,,,,,,,,,,1,2,1,1,2
201500048761,0015-08-25 17:40:00,15,8,25,17,40,690,387,REPOS (DU),45.7379,4.86352,Plein jour,En agglomération,Intersection en X,Normale,Deux véhicules - côté,,,,,,,,,,,1,2,2,1,3
201500048762,0015-08-26 15:35:00,15,8,26,15,35,690,383,ST ANTOINE,,,Plein jour,En agglomération,Intersection en X,Normale,Deux véhicules - côté,,,,,,,,,,,1,2,2,1,3
201500048763,0015-08-27 17:15:00,15,8,27,17,15,690,387,"., TONY GARNIER",,,Plein jour,En agglomération,Intersection en X,Normale,Autre collision,,,,,,,,,,,1,2,2,1,6
201500048764,0015-08-28 08:00:00,15,8,28,8,0,690,388,PROFESSEUR CALMETTE (DU),,,Plein jour,Hors agglomération,Hors intersection,Normale,Deux véhicules - côté,,,,,,,,,,,1,1,1,1,3
201500048765,0015-08-29 11:30:00,15,8,29,11,30,690,387,"78, TCHECOSLOVAQUES (DES",45.7466,4.8709,Plein jour,En agglomération,Hors intersection,Normale,Trois véhicules et plus - en chaîne,,,,,,,,,,,1,2,1,1,4
201500048766,0015-08-31 08:25:00,15,8,31,8,25,690,388,"138, CHALLEMEL LACOUR",,,Plein jour,En agglomération,Hors intersection,Normale,Autre collision,,,,,,,,,,,1,2,1,1,6
201500048767,0015-08-31 10:55:00,15,8,31,10,55,690,383,"28, VICTOR AUGAGNEUR",,,Plein jour,En agglomération,Hors intersection,Normale,Autre collision,,,,,,,,,,,1,2,1,1,6
201500048768,0015-08-31 12:20:00,15,8,31,12,20,690,386,"., DUGUESCLIN  (R)",,,Plein jour,En agglomération,Intersection en X,Normale,Deux véhicules - côté,,,,,,,,,,,1,2,2,1,3
201500048769,0015-08-31 17:00:00,15,8,31,17,0,690,388,"117, ALBERT THOMAS",,,Plein jour,En agglomération,Hors intersection,Normale,Trois véhicules et plus - en chaîne,,,,,,,,,,,1,2,1,1,4
201500048770,0015-09-01 10:25:00,15,9,1,10,25,690,386,"47, MARECHAL DE SAXE",,,Plein jour,En agglomération,Hors intersection,Normale,Autre collision,,,,,,,,,,,1,2,1,1,6
201500048771,0015-09-01 13:40:00,15,9,1,13,40,690,387,ST MICHEL,45.7509,4.83759,Plein jour,En agglomération,Intersection en T,Pluie légère,Deux véhicules - côté,,,,,,,,,,,1,2,3,2,3
201500048772,0015-09-02 07:50:00,15,9,2,7,50,690,388,"1, EDMOND MICHELET",,,Plein jour,En agglomération,Hors intersection,Normale,Deux véhicules - côté,,,,,,,,,,,1,2,1,1,3
201500048773,0015-09-03 17:15:00,15,9,3,17,15,690,199,"10, GABRIEL PERI",,,Plein jour,En agglomération,Hors intersection,Normale,Autre collision,,,,,,,,,,,1,2,1,1,6
201500048774,0015-09-04 18:50:00,15,9,4,18,50,690,387,"., UNIVERSITE (DE L')",,,Plein jour,En agglomération,Intersection en X,Normale,Autre collision,,,,,,,,,,,1,2,2,1,6
201500048775,0015-09-06 19:10:00,15,9,6,19,10,690,388,"75, PIERRE DELORE",,,Plein jour,En agglomération,Hors intersection,Normale,Deux véhicules - côté,,,,,,,,,,,1,2,1,1,3
201500048776,0015-09-07 01:35:00,15,9,7,1,35,690,383,"67, MARIUS VIVIER MERLE",45.7559,4.84285,Nuit avec éclairage allumé,En agglomération,Hors intersection,Normale,Deux véhicules - arrière,,,,,,,,,,,5,2,1,1,2
201500048777,0015-09-07 12:20:00,15,9,7,12,20,690,259,"., AMBROISE CROIZAT",45.7065,4.88722,Plein jour,En agglomération,Hors intersection,Normale,Autre collision,,,,,,,,,,,1,2,1,1,6
201500048778,0015-09-08 14:14:00,15,9,8,14,14,690,259,"., MARCEL HOUEL",,,Plein jour,En agglomération,Intersection en X,Normale,Deux véhicules - côté,,,,,,,,,,,1,2,2,1,3
201500048779,0015-09-08 17:05:00,15,9,8,17,5,690,383,SERVIENT,,,Plein jour,En agglomération,Hors intersection,Normale,Deux véhicules - arrière,,,,,,,,,,,1,2,1,1,2
201500048780,0015-09-09 00:20:00,15,9,9,0,20,690,387,"., TONY GARNIER",45.731,4.82224,Nuit avec éclairage allumé,En agglomération,Intersection en X,Normale,Trois véhicules et plus - collisions multiples,,,,,,,,,,,5,2,2,1,5
201500048781,0015-09-09 07:45:00,15,9,9,7,45,690,388,ETATS UNIS (DES),45.7308,4.86961,Crépuscule ou aube,En agglomération,Hors intersection,Normale,Autre collision,,,,,,,,,,,2,2,1,1,6
201500048782,0015-09-09 13:55:00,15,9,9,13,55,690,383,"., PAUL BERT",45.7458,4.84768,Plein jour,En agglomération,Intersection en T,Normale,Autre collision,,,,,,,,,,,1,2,3,1,6
201500048783,0015-09-09 16:35:00,15,9,9,16,35,690,387,ANDRE BOLLIER,,,Plein jour,En agglomération,Intersection en X,Normale,Autre collision,,,,,,,,,,,1,2,2,1,6
201500048784,0015-09-11 19:50:00,15,9,11,19,50,690,388,"178, VIENNE (DE)",,,Nuit avec éclairage allumé,En agglomération,Hors intersection,Normale,Deux véhicules - frontale,,,,,,,,,,,5,2,1,1,1
201500048785,0015-09-12 16:00:00,15,9,12,16,0,690,259,"75, AMBROISE CROIZAT",,,Plein jour,En agglomération,Hors intersection,Pluie légère,Trois véhicules et plus - en chaîne,,,,,,,,,,,1,2,1,2,4
201500048786,0015-09-14 15:30:00,15,9,14,15,30,690,388,"., MARIUS BERLIET",45.7344,4.86629,Plein jour,En agglomération,Intersection en X,Normale,Deux véhicules - arrière,,,,,,,,,,,1,2,2,1,2
201500048787,0015-09-15 14:33:00,15,9,15,14,33,690,388,ANTOINE LUMIERE,,,Plein jour,En agglomération,Intersection en T,Temps couvert,Deux véhicules - côté,,,,,,,,,,,1,2,3,8,3
201500048788,0015-09-15 15:40:00,15,9,15,15,40,690,383,"., ANDRE PHILIP",,,Plein jour,En agglomération,Intersection en T,Normale,Autre collision,,,,,,,,,,,1,2,3,1,6
201500048789,0015-09-17 08:20:00,15,9,17,8,20,690,388,"10, ETATS UNIS (DES)",,,Plein jour,En agglomération,Hors intersection,Pluie forte,Deux véhicules - côté,,,,,,,,,,,1,2,1,3,3
201500048790,0015-09-16 12:10:00,15,9,16,12,10,690,386,"99, BELGES (DES)",,,Plein jour,En agglomération,Intersection en X,Vent fort / tempête,Deux véhicules - côté,,,,,,,,,,,1,2,2,6,3
201500048791,0015-09-03 21:05:00,15,9,3,21,5,690,387,"., GAMBETTA",,,Nuit avec éclairage allumé,En agglomération,Hors intersection,Normale,Autre collision,,,,,,,,,,,5,2,1,1,6
201500048792,0015-09-18 18:00:00,15,9,18,18,0,690,388,EDMOND MICHELET,,,Plein jour,En agglomération,Intersection en X,Normale,Deux véhicules - arrière,,,,,,,,,,,1,2,2,1,2
201500048793,0015-09-19 22:30:00,15,9,19,22,30,690,259,"16, JEAN CAGNE",45.691,4.87775,Nuit avec éclairage allumé,En agglomération,Hors intersection,Normale,Autre collision,,,,,,,,,,,5,2,1,1,6
201500048794,0015-09-20 03:15:00,15,9,20,3,15,690,386,"., SERBIE (DE)",,,Nuit avec éclairage allumé,En agglomération,Intersection en X,Normale,Sans collision,,,,,,,,,,,5,2,2,1,7
201500048795,0015-09-20 10:50:00,15,9,20,10,50,690,383,"179, RICHARD VITTON",,,Plein jour,En agglomération,Hors intersection,Normale,Deux véhicules - côté,,,,,,,,,,,1,2,1,1,3
201500048796,0015-09-20 20:20:00,15,9,20,20,20,690,259,"108, JULES GUESDE",,,Nuit avec éclairage allumé,En agglomération,Hors intersection,Normale,Deux véhicules - côté,,,,,,,,,,,5,2,1,1,3
201500048797,0015-09-21 17:23:00,15,9,21,17,23,690,388,"139, PINEL",,,Plein jour,En agglomération,Hors intersection,Normale,Autre collision,,,,,,,,,,,1,2,1,1,6
201500048798,0015-09-21 19:50:00,15,9,21,19,50,690,259,"., ALBERT EINSTEIN",45.69678,4.87684,Crépuscule ou aube,En agglomération,Intersection en T,Normale,Deux véhicules - frontale,,,,,,,,,,,2,2,3,1,1
201500048799,0015-09-23 15:30:00,15,9,23,15,30,690,199,JEAN JAURES,,,Plein jour,En agglomération,Hors intersection,Normale,Deux véhicules - côté,,,,,,,,,,,1,2,1,1,3
201500048800,0015-09-23 18:15:00,15,9,23,18,15,690,259,"., MAURICE RAVEL",,,Plein jour,En agglomération,Intersection en X,Normale,Autre collision,,,,,,,,,,,1,2,2,1,6
201500048801,0015-09-23 23:35:00,15,9,23,23,35,690,259,"., AMBROISE CROIZAT",,,Nuit avec éclairage allumé,En agglomération,Intersection en X,Normale,Deux véhicules - côté,,,,,,,,,,,5,2,2,1,3
201500048802,0015-09-24 09:45:00,15,9,24,9,45,690,383,FELIX FAURE,,,Plein jour,En agglomération,Intersection en T,Normale,Deux véhicules - frontale,,,,,,,,,,,1,2,3,1,1
201500048803,0015-09-23 19:00:00,15,9,23,19,0,690,388,BERTY ALBRECHT,,,Plein jour,En agglomération,Hors intersection,Temps couvert,Autre collision,,,,,,,,,,,1,2,1,8,6
201500048804,0015-09-24 18:10:00,15,9,24,18,10,690,199,"94, JEAN JAURES",,,Plein jour,En agglomération,Hors intersection,Normale,Autre collision,,,,,,,,,,,1,2,1,1,6
201500048805,0015-09-26 21:07:00,15,9,26,21,7,690,383,"43, MARIUS VIVIER MERLE",,,Nuit avec éclairage allumé,En agglomération,Hors intersection,Normale,Autre collision,,,,,,,,,,,5,2,1,1,6
201500048806,0015-09-27 22:40:00,15,9,27,22,40,690,383,"1, LAC (DU)",,,Nuit avec éclairage allumé,En agglomération,Hors intersection,Normale,Deux véhicules - côté,,,,,,,,,,,5,2,1,1,3
201500048807,0015-09-28 14:20:00,15,9,28,14,20,690,383,"., CHATEAU (DU)",,,Plein jour,En agglomération,Intersection en X,Normale,Deux véhicules - côté,,,,,,,,,,,1,2,2,1,3
201500048808,0015-09-28 18:55:00,15,9,28,18,55,690,199,NOEL DESCORMES,45.7056,4.85818,Plein jour,En agglomération,Hors intersection,Temps éblouissant,Autre collision,,,,,,,,,,,1,2,1,7,6
201500048809,0015-09-28 19:40:00,15,9,28,19,40,690,383,"116, DAUPHINE (DU)",,,Nuit sans éclairage public,En agglomération,Hors intersection,Normale,Deux véhicules - côté,,,,,,,,,,,3,2,1,1,3
201500048810,0015-09-29 16:50:00,15,9,29,16,50,690,383,"155, LACASSAGNE",,,Plein jour,En agglomération,Hors intersection,Normale,Autre collision,,,,,,,,,,,1,2,1,1,6
201500048811,0015-09-29 20:10:00,15,9,29,20,10,690,259,"103, IRENE JOLIOT CURIE",,,Nuit avec éclairage non allumé,En agglomération,Hors intersection,Normale,Deux véhicules - côté,,,,,,,,,,,4,2,1,1,3
201500048812,0015-09-30 13:30:00,15,9,30,13,30,690,259,"., LEON SUBLET",,,Plein jour,En agglomération,Hors intersection,Normale,Autre collision,,,,,,,,,,,1,2,1,1,6
201500048813,0015-09-30 19:50:00,15,9,30,19,50,690,386,"., GARIBALDI",,,Nuit avec éclairage allumé,En agglomération,Hors intersection,Normale,Deux véhicules - côté,,,,,,,,,,,5,2,1,1,3
201500048814,0015-10-01 11:54:00,15,10,1,11,54,690,383,DOCTEUR BOUCHUT (DU),,,Plein jour,En agglomération,Hors intersection,Normale,Deux véhicules - côté,,,,,,,,,,,1,2,1,1,3
201500048815,0015-10-01 13:00:00,15,10,1,13,0,690,387,"6, DEPERET",45.7523,4.83968,Plein jour,En agglomération,Hors intersection,Normale,Autre collision,,,,,,,,,,,1,2,1,1,6
201500048816,0015-10-02 13:00:00,15,10,2,13,0,690,259,"., JACQUES DUCLOS",,,Plein jour,En agglomération,Intersection en X,Normale,Deux véhicules - côté,,,,,,,,,,,1,2,2,1,3
201500048817,0015-10-02 22:25:00,15,10,2,22,25,690,387,JEAN JAURES,,,Nuit avec éclairage allumé,En agglomération,Intersection en X,Normale,Deux véhicules - côté,,,,,,,,,,,5,2,2,1,3
201500048818,0015-10-03 00:10:00,15,10,3,0,10,690,387,PERE CHEVRIER (DU),,,Nuit avec éclairage allumé,En agglomération,Intersection en X,Normale,Deux véhicules - côté,,,,,,,,,,,5,2,2,1,3
201500048819,0015-10-03 12:45:00,15,10,3,12,45,690,386,"28, JULES FAVRE",,,Plein jour,En agglomération,Hors intersection,Pluie légère,Autre collision,,,,,,,,,,,1,2,1,2,6
201500048820,0015-10-03 18:30:00,15,10,3,18,30,690,387,PRE GAUDRY,,,Plein jour,En agglomération,Intersection en T,Pluie forte,Autre collision,,,,,,,,,,,1,2,3,3,6
201500048821,0015-10-05 14:00:00,15,10,5,14,0,690,387,MARSEILLE (DE),,,Plein jour,En agglomération,Intersection en X,Normale,Trois véhicules et plus - en chaîne,,,,,,,,,,,1,2,2,1,4
201500048822,0015-10-06 09:15:00,15,10,6,9,15,690,199,"43, CARNOT",,,Plein jour,En agglomération,Intersection en T,Pluie légère,Deux véhicules - côté,,,,,,,,,,,1,2,3,2,3
201500048823,0015-10-06 20:05:00,15,10,6,20,5,690,259,"20, LENINE",,,Nuit avec éclairage allumé,En agglomération,Hors intersection,Pluie légère,Deux véhicules - arrière,,,,,,,,,,,5,2,1,2,2
201500048824,0015-10-07 08:05:00,15,10,7,8,5,690,383,"77, PROFESSEUR ROCHAIX (",,,Plein jour,En agglomération,Intersection en X,Normale,Autre collision,,,,,,,,,,,1,2,2,1,6
201500048825,0015-10-07 07:45:00,15,10,7,7,45,690,383,"., CLAUDIUS PIONCHON",,,Crépuscule ou aube,En agglomération,Intersection en X,Normale,Autre collision,,,,,,,,,,,2,2,2,1,6
201500048826,0015-10-07 08:25:00,15,10,7,8,25,690,388,"., VIVIANI",,,Plein jour,En agglomération,Intersection en X,Normale,Deux véhicules - côté,,,,,,,,,,,1,2,2,1,3
201500048827,0015-10-07 18:40:00,15,10,7,18,40,690,387,"., SEBASTIEN GRYPHE",,,Plein jour,En agglomération,Intersection en X,Normale,Deux véhicules - côté,,,,,,,,,,,1,2,2,1,3
201500048828,0015-10-07 16:15:00,15,10,7,16,15,690,387,"., TONY GARNIER",45.72784,4.82399,Plein jour,En agglomération,Intersection en T,Normale,Deux véhicules - côté,,,,,,,,,,,1,2,3,1,3
201500048829,0015-10-08 09:00:00,15,10,8,9,0,690,388,"., GENERAL FRERE (DU)",,,Plein jour,En agglomération,Intersection en Y,Normale,Deux véhicules - côté,,,,,,,,,,,1,2,4,1,3
201500048830,0015-10-07 20:20:00,15,10,7,20,20,690,388,"109, VIENNE (DE)",45.7304,4.85066,Nuit avec éclairage allumé,En agglomération,Hors intersection,Normale,Deux véhicules - côté,,,,,,,,,,,5,2,1,1,3
201500048831,0015-10-08 16:30:00,15,10,8,16,30,690,388,ST MAURICE,45.7323,4.8712,Plein jour,En agglomération,Intersection en X,Normale,Autre collision,,,,,,,,,,,1,2,2,1,6
201500048832,0015-10-06 12:25:00,15,10,6,12,25,690,386,VAUBAN,,,Plein jour,En agglomération,Giratoire,Temps couvert,Deux véhicules - frontale,,,,,,,,,,,1,2,6,8,1
201500048833,0015-10-09 12:55:00,15,10,9,12,55,690,387,"24, YVES FARGES",,,Plein jour,En agglomération,Hors intersection,Normale,Deux véhicules - arrière,,,,,,,,,,,1,2,1,1,2
201500048834,0015-10-09 14:15:00,15,10,9,14,15,690,386,"., VERGUIN",,,Plein jour,En agglomération,Intersection en X,Normale,Autre collision,,,,,,,,,,,1,2,2,1,6
201500048835,0015-10-06 11:45:00,15,10,6,11,45,690,387,JEAN JAURES,,,Plein jour,En agglomération,Intersection en X,Pluie forte,Autre collision,,,,,,,,,,,1,2,2,3,6
201500048836,0015-10-09 14:55:00,15,10,9,14,55,690,388,"., AMBROISE PARE",,,Plein jour,En agglomération,Intersection en X,Normale,Deux véhicules - côté,,,,,,,,,,,1,2,2,1,3
201500048837,0015-10-10 09:05:00,15,10,10,9,5,690,199,"85, YVES FARGE",,,Plein jour,En agglomération,Hors intersection,Normale,Deux véhicules - frontale,,,,,,,,,,,1,2,1,1,1
201500048838,0015-10-11 00:10:00,15,10,11,0,10,690,199,PARMENTIER,45.7059,4.86156,Nuit avec éclairage allumé,En agglomération,Intersection en X,Normale,Autre collision,,,,,,,,,,,5,2,2,1,6
201500048839,0015-10-11 01:12:00,15,10,11,1,12,690,383,"308, LAFAYETTE",,,Nuit avec éclairage allumé,En agglomération,Intersection en X,Normale,Deux véhicules - arrière,,,,,,,,,,,5,2,2,1,2
201500048840,0015-10-11 13:25:00,15,10,11,13,25,690,388,"1, CATHERINE FAVRE",,,Plein jour,En agglomération,Hors intersection,Normale,Deux véhicules - côté,,,,,,,,,,,1,2,1,1,3
201500048841,0015-10-11 13:58:00,15,10,11,13,58,690,387,"., MARC BLOCH",45.7355,4.84193,Plein jour,En agglomération,Intersection en X,Normale,Deux véhicules - côté,,,,,,,,,,,1,2,2,1,3
201500048842,0015-10-11 00:30:00,15,10,11,0,30,690,386,"5, GRANDE BRETAGNE (DE)",45.7756,4.8491,Nuit avec éclairage allumé,En agglomération,Hors intersection,Normale,Deux véhicules - arrière,,,,,,,,,,,5,2,1,1,2
201500048843,0015-10-11 22:30:00,15,10,11,22,30,690,388,"., SEIGNEMARTIN",,,Nuit avec éclairage allumé,En agglomération,Intersection en T,Normale,Deux véhicules - côté,,,,,,,,,,,5,2,3,1,3
201500048844,0015-10-12 09:10:00,15,10,12,9,10,690,383,"256, PAUL BERT",,,Plein jour,En agglomération,Intersection en X,Normale,Deux véhicules - côté,,,,,,,,,,,1,2,2,1,3
201500048845,0015-10-12 16:45:00,15,10,12,16,45,690,386,"., JULES FERRY",,,Plein jour,En agglomération,Hors intersection,Normale,Deux véhicules - côté,,,,,,,,,,,1,2,1,1,3
201500048846,0015-10-12 16:30:00,15,10,12,16,30,690,388,"112, ALBERT THOMAS",,,Plein jour,En agglomération,Intersection en X,Normale,Deux véhicules - côté,,,,,,,,,,,1,2,2,1,3
201500048847,0015-10-13 16:55:00,15,10,13,16,55,690,259,"., ALBERT EINSTEIN",,,Plein jour,En agglomération,Hors intersection,Temps couvert,Trois véhicules et plus - collisions multiples,,,,,,,,,,,1,2,1,8,5
201500048848,0015-10-13 18:30:00,15,10,13,18,30,690,383,"60, GAMBETTA",,,Plein jour,En agglomération,Intersection en X,Temps couvert,Autre collision,,,,,,,,,,,1,2,2,8,6
201500048849,0015-10-13 19:15:00,15,10,13,19,15,690,387,"., LOUIS DANSARD",45.75381,4.84409,Nuit avec éclairage allumé,En agglomération,Intersection en X,Normale,Deux véhicules - côté,,,,,,,,,,,5,2,2,1,3
201500048850,0015-10-14 18:35:00,15,10,14,18,35,690,383,"., CREQUI (DE)",,,Crépuscule ou aube,En agglomération,Intersection en X,Normale,Deux véhicules - côté,,,,,,,,,,,2,2,2,1,3
201500048851,0015-10-15 12:00:00,15,10,15,12,0,690,383,"., PAUL BERT",45.7479,4.84893,Plein jour,En agglomération,Hors intersection,Normale,Autre collision,,,,,,,,,,,1,2,1,1,6
201500048852,0015-10-16 15:20:00,15,10,16,15,20,690,259,"., AMBROISE CROIZAT",,,Plein jour,En agglomération,Intersection en X,Normale,Deux véhicules - côté,,,,,,,,,,,1,2,2,1,3
201500048853,0015-10-16 16:35:00,15,10,16,16,35,690,383,"45, LIBERTE (DE LA)",,,Plein jour,En agglomération,Hors intersection,Normale,Autre collision,,,,,,,,,,,1,2,1,1,6
201500048854,0015-10-16 16:30:00,15,10,16,16,30,690,388,"3, BATAILLE",,,Plein jour,En agglomération,Hors intersection,Normale,Deux véhicules - frontale,,,,,,,,,,,1,2,1,1,1