accident_id,datetime,annee,mois,jour,heure,minute,departement,commune_insee,adresse,latitude,longitude,luminosite,agglomeration,intersection,meteo,collision,nb_vehicules,nb_usagers,nb_indemnes,nb_tues,nb_blesses_hosp,nb_blesses_legers,age_cond_1,age_cond_2,veh_type_cond_1,veh_type_cond_2,lum_code,agg_code,int_code,atm_code,col_code
201500048855,0015-10-17 15:10:00,15,10,17,15,10,690,388,"358, VIENNE (DE)",,,Plein jour,En agglomération,Hors intersection,Normale,Deux véhicules - frontale,,,,,,,,,,,1,2,1,1,1
201500048856,0015-10-18 06:30:00,15,10,18,6,30,690,387,"., GALLIENI",45.7479,4.83835,Nuit avec éclairage allumé,En agglomération,Intersection en X,Normale,Autre collision,,,,,,,,,,,5,2,2,1,6
201500048857,0015-10-18 15:30:00,15,10,18,15,30,690,386,"., GARIBALDI",,,Plein jour,En agglomération,Hors intersection,Normale,Autre collision,,,,,,,,,,,1,2,1,1,6
201500048858,0015-10-18 16:55:00,15,10,18,16,55,690,386,"., VIABERT (DE LA)",,,Plein jour,En agglomération,Intersection en X,Normale,Deux véhicules - côté,,,,,,,,,,,1,2,2,1,3
201500048859,0015-10-19 12:40:00,15,10,19,12,40,690,259,"., MARCEL CACHIN",,,Plein jour,En agglomération,Intersection en X,Normale,Deux véhicules - côté,,,,,,,,,,,1,2,2,1,3
201500048860,0015-10-19 14:00:00,15,10,19,14,0,690,386,"., VENDOME",,,Plein jour,En agglomération,Intersection en X,Normale,Deux véhicules - côté,,,,,,,,,,,1,2,2,1,3
201500048861,0015-10-20 19:48:00,15,10,20,19,48,690,259,"89, FRANCIS DE PRESSENSE",,,Crépuscule ou aube,En agglomération,Hors intersection,Normale,Autre collision,,,,,,,,,,,2,2,1,1,6
201500048862,0015-10-19 19:40:00,15,10,19,19,40,690,388,"9, FRERES LUMIERE (DES)",45.7397,4.86819,Crépuscule ou aube,En agglomération,Hors intersection,Normale,Deux véhicules - arrière,,,,,,,,,,,2,2,1,1,2
201500048863,0015-10-21 08:45:00,15,10,21,8,45,690,199,"., CARNOT",,,Plein jour,En agglomération,Intersection en T,Normale,Deux véhicules - côté,,,,,,,,,,,1,2,3,1,3
201500048864,0015-10-22 16:40:00,15,10,22,16,40,690,387,"371, GARIBALDI",,,Plein jour,En agglomération,Intersection en X,Normale,Deux véhicules - arrière,,,,,,,,,,,1,2,2,1,2
201500048865,0015-10-23 08:15:00,15,10,23,8,15,690,259,"., VAILLANT COUTURIER",,,Plein jour,En agglomération,Intersection en X,Normale,Deux véhicules - côté,,,,,,,,,,,1,2,2,1,3
201500048866,0015-10-24 10:30:00,15,10,24,10,30,690,388,"., ROCHAMBEAU",,,Plein jour,En agglomération,Intersection en X,Normale,Deux véhicules - côté,,,,,,,,,,,1,2,2,1,3
201500048867,0015-10-23 19:30:00,15,10,23,19,30,690,387,"56, CHEVREUL",,,Nuit avec éclairage allumé,En agglomération,Hors intersection,Normale,Trois véhicules et plus - en chaîne,,,,,,,,,,,5,2,1,1,4
201500048868,0015-10-24 18:44:00,15,10,24,18,44,690,199,"., CARNOT",,,Crépuscule ou aube,En agglomération,Hors intersection,Normale,Deux véhicules - côté,,,,,,,,,,,2,2,1,1,3
201500048869,0015-10-25 04:10:00,15,10,25,4,10,690,387,"., TONY GARNIER",,,Nuit avec éclairage allumé,En agglomération,Hors intersection,Normale,Deux véhicules - arrière,,,,,,,,,,,5,2,1,1,2
201500048870,0015-10-28 14:58:00,15,10,28,14,58,690,387,"198, JEAN JAURES",,,Plein jour,En agglomération,Hors intersection,Pluie forte,Deux véhicules - côté,,,,,,,,,,,1,2,1,3,3
201500048871,0015-10-28 19:50:00,15,10,28,19,50,690,383,"., VICTOR AUGAGNEUR",,,Crépuscule ou aube,En agglomération,Hors intersection,Pluie légère,Deux véhicules - côté,,,,,,,,,,,2,2,1,2,3
201500048872,0015-10-29 18:15:00,15,10,29,18,15,690,383,"., MARIUS VIVIER MERLE",,,Crépuscule ou aube,En agglomération,Hors intersection,Normale,Deux véhicules - côté,,,,,,,,,,,2,2,1,1,3
201500048873,0015-10-30 13:40:00,15,10,30,13,40,690,259,"44, PARMENTIER",45.7012,4.88996,Plein jour,En agglomération,Hors intersection,Normale,Trois véhicules et plus - en chaîne,,,,,,,,,,,1,2,1,1,4
201500048874,0015-10-31 13:50:00,15,10,31,13,50,690,383,"300, PAUL BERT",,,Plein jour,En agglomération,Intersection en X,Normale,Deux véhicules - côté,,,,,,,,,,,1,2,2,1,3
201500048875,0015-11-01 07:05:00,15,11,1,7,5,690,259,"6, 19 MARS 1962 (DU)",,,Plein jour,En agglomération,Hors intersection,Brouillard / fumée,Autre collision,,,,,,,,,,,1,2,1,5,6
201500048876,0015-11-02 08:03:00,15,11,2,8,3,690,259,"20, IRENE JOLIOT CURIE",,,Plein jour,En agglomération,Hors intersection,Brouillard / fumée,Trois véhicules et plus - en chaîne,,,,,,,,,,,1,2,1,5,4
201500048877,0015-11-02 12:00:00,15,11,2,12,0,690,259,"2, ANDRE SENTUC",,,Plein jour,Hors agglomération,Hors intersection,Normale,Autre collision,,,,,,,,,,,1,1,1,1,6
201500048878,0015-11-02 13:45:00,15,11,2,13,45,690,383,"., MARTYRS DE LA RESISTA",,,Plein jour,En agglomération,Hors intersection,Normale,Deux véhicules - frontale,,,,,,,,,,,1,2,1,1,1
201500048879,0015-11-02 14:25:00,15,11,2,14,25,690,387,"33, YVES FARGES",,,Plein jour,En agglomération,Intersection en X,Normale,Deux véhicules - côté,,,,,,,,,,,1,2,2,1,3
201500048880,0015-11-02 16:15:00,15,11,2,16,15,690,383,"., LACASSAGNE",,,Plein jour,En agglomération,Intersection en X,Normale,Deux véhicules - côté,,,,,,,,,,,1,2,2,1,3
201500048881,0015-11-03 07:30:00,15,11,3,7,30,690,383,GEORGES POMPIDOU,,,Crépuscule ou aube,En agglomération,Hors intersection,Normale,Deux véhicules - frontale,,,,,,,,,,,2,2,1,1,1
201500048882,0015-11-03 10:00:00,15,11,3,10,0,690,388,"., AMBROISE COURTOIS",,,Plein jour,En agglomération,Intersection en T,Normale,Deux véhicules - frontale,,,,,,,,,,,1,2,3,1,1
201500048883,0015-11-03 13:10:00,15,11,3,13,10,690,259,"., JULES GUESDE",45.71945,4.88645,Plein jour,En agglomération,Intersection en T,Normale,Deux véhicules - côté,,,,,,,,,,,1,2,3,1,3
201500048884,0015-11-03 15:55:00,15,11,3,15,55,690,387,"52, CHEVREUL",,,Plein jour,En agglomération,Intersection en X,Normale,Autre collision,,,,,,,,,,,1,2,2,1,6
201500048885,0015-11-03 22:15:00,15,11,3,22,15,690,387,"., LECLERC",,,Nuit avec éclairage allumé,En agglomération,Hors intersection,Normale,Autre collision,,,,,,,,,,,5,2,1,1,6
201500048886,0015-11-04 09:20:00,15,11,4,9,20,690,383,GAMBETTA,,,Plein jour,En agglomération,Hors intersection,Normale,Deux véhicules - côté,,,,,,,,,,,1,2,1,1,3
201500048887,0015-11-04 16:45:00,15,11,4,16,45,690,259,"37, PAUL BERT",45.70097,4.88869,Plein jour,En agglomération,Hors intersection,Temps couvert,Trois véhicules et plus - en chaîne,,,,,,,,,,,1,2,1,8,4
201500048888,0015-11-05 10:35:00,15,11,5,10,35,690,383,"49, LACASSAGNE",,,Plein jour,En agglomération,Hors intersection,Normale,Autre collision,,,,,,,,,,,1,2,1,1,6
201500048889,0015-11-05 10:40:00,15,11,5,10,40,690,387,"65, YVES FARGES",,,Plein jour,En agglomération,Hors intersection,Normale,Autre collision,,,,,,,,,,,1,2,1,1,6
201500048890,0015-11-05 14:15:00,15,11,5,14,15,690,259,"18, GABRIEL FAURE",,,Plein jour,En agglomération,Intersection en T,Normale,Autre collision,,,,,,,,,,,1,2,3,1,6
201500048891,0015-11-05 18:20:00,15,11,5,18,20,690,383,CREQUI (DE),,,Nuit avec éclairage allumé,En agglomération,Autre intersection,Normale,Autre collision,,,,,,,,,,,5,2,9,1,6
201500048892,0015-11-06 17:30:00,15,11,6,17,30,690,388,"44, TUILIERS (DES)",,,Crépuscule ou aube,En agglomération,Hors intersection,Normale,Autre collision,,,,,,,,,,,2,2,1,1,6
201500048893,0015-11-07 05:21:00,15,11,7,5,21,690,388,JEAN XXIII,,,Nuit avec éclairage allumé,En agglomération,Intersection en X,Normale,Deux véhicules - côté,,,,,,,,,,,5,2,2,1,3
201500048894,0015-11-06 16:50:00,15,11,6,16,50,690,388,"108, PROFESSEUR BEAUVISA",45.7337,4.87852,Plein jour,En agglomération,Hors intersection,Normale,Trois véhicules et plus - en chaîne,,,,,,,,,,,1,2,1,1,4
201500048895,0015-11-07 06:40:00,15,11,7,6,40,690,387,"34, VIVIER (DU)",,,Nuit avec éclairage allumé,En agglomération,Hors intersection,Normale,Autre collision,,,,,,,,,,,5,2,1,1,6
201500048896,0015-11-07 17:15:00,15,11,7,17,15,690,388,BATAILLE,45.7476,4.88152,Crépuscule ou aube,En agglomération,Intersection en X,Normale,Autre collision,,,,,,,,,,,2,2,2,1,6
201500048897,0015-11-08 02:25:00,15,11,8,2,25,690,387,LECLERC,45.7352,4.82876,Nuit avec éclairage allumé,En agglomération,Hors intersection,Normale,Deux véhicules - arrière,,,,,,,,,,,5,2,1,1,2
201500048898,0015-11-09 16:50:00,15,11,9,16,50,690,388,"22, PROFESSEUR TAVERNIER",,,Plein jour,En agglomération,Hors intersection,Normale,Autre collision,,,,,,,,,,,1,2,1,1,6
201500048899,0015-11-04 11:40:00,15,11,4,11,40,690,259,"44, AMBROISE CROIZAT",45.7,4.88333,Plein jour,En agglomération,Hors intersection,Pluie légère,Autre collision,,,,,,,,,,,1,2,1,2,6
201500048900,0015-11-10 13:45:00,15,11,10,13,45,690,386,SEZE (DE),,,Plein jour,En agglomération,Intersection en X,Normale,Deux véhicules - côté,,,,,,,,,,,1,2,2,1,3
201500048901,0015-11-11 01:15:00,15,11,11,1,15,690,386,JULES FAVRE,,,Nuit avec éclairage allumé,En agglomération,Intersection en X,Normale,Deux véhicules - côté,,,,,,,,,,,5,2,2,1,3
201500048902,0015-11-11 21:10:00,15,11,11,21,10,690,386,"23, ANATOLE FRANCE",,,Nuit avec éclairage allumé,En agglomération,Hors intersection,Normale,Autre collision,,,,,,,,,,,5,2,1,1,6
201500048903,0015-11-12 13:30:00,15,11,12,13,30,690,388,"13, VIVIANI",,,Plein jour,En agglomération,Hors intersection,Normale,Autre collision,,,,,,,,,,,1,2,1,1,6
201500048904,0015-11-13 08:05:00,15,11,13,8,5,690,383,"294, LAFAYETTE",,,Plein jour,En agglomération,Hors intersection,Normale,Autre collision,,,,,,,,,,,1,2,1,1,6
201500048905,0015-11-13 09:55:00,15,11,13,9,55,690,388,"12, ROCKEFELLER",,,Plein jour,Hors agglomération,Hors intersection,Normale,Autre collision,,,,,,,,,,,1,1,1,1,6
201500048906,0015-11-13 20:45:00,15,11,13,20,45,690,388,ALOUETTES,,,Nuit avec éclairage allumé,En agglomération,Hors intersection,Normale,Deux véhicules - côté,,,,,,,,,,,5,2,1,1,3
201500048907,0015-11-14 11:10:00,15,11,14,11,10,690,388,"89, FRERES LUMIERE (DES)",45.739,4.86687,Plein jour,En agglomération,Hors intersection,Normale,Autre collision,,,,,,,,,,,1,2,1,1,6
201500048908,0015-11-15 07:10:00,15,11,15,7,10,690,383,ABONDANCE (DE L'),,,Crépuscule ou aube,En agglomération,Intersection en X,Normale,Trois véhicules et plus - collisions multiples,,,,,,,,,,,2,2,2,1,5
201500048909,0015-11-15 22:00:00,15,11,15,22,0,690,386,"11, NEY",,,Nuit avec éclairage allumé,En agglomération,Intersection en X,Normale,Deux véhicules - côté,,,,,,,,,,,5,2,2,1,3
201500048910,0015-11-16 09:30:00,15,11,16,9,30,690,383,"30, VICTOR AUGAGNEUR",45.7574,4.8407,Plein jour,En agglomération,Hors intersection,Normale,Deux véhicules - côté,,,,,,,,,,,1,2,1,1,3
201500048911,0015-11-16 14:00:00,15,11,16,14,0,690,388,"112, ETATS UNIS (DES)",,,Plein jour,En agglomération,Intersection en X,Normale,Deux véhicules - arrière,,,,,,,,,,,1,2,2,1,2
201500048912,0015-11-16 15:30:00,15,11,16,15,30,690,259,SAVOIES (DES),,,Plein jour,En agglomération,Hors intersection,Normale,Deux véhicules - côté,,,,,,,,,,,1,2,1,1,3
201500048913,0015-11-16 22:45:00,15,11,16,22,45,690,387,DEBOURG,,,Nuit avec éclairage allumé,En agglomération,Hors intersection,Normale,Deux véhicules - arrière,,,,,,,,,,,5,2,1,1,2
201500048914,0015-10-06 11:00:00,15,10,6,11,0,690,386,"5, SEZE (DE)",45.7715,4.8545,Plein jour,En agglomération,Intersection en X,Pluie forte,Autre collision,,,,,,,,,,,1,2,2,3,6
201500048915,0015-11-17 08:50:00,15,11,17,8,50,690,388,FRANCIS DE PRESSENSE,,,Plein jour,En agglomération,Intersection en X,Normale,Deux véhicules - côté,,,,,,,,,,,1,2,2,1,3
201500048916,0015-11-17 08:45:00,15,11,17,8,45,690,383,VILLETTE (DE LA),,,Plein jour,En agglomération,Hors intersection,Normale,Autre collision,,,,,,,,,,,1,2,1,1,6
201500048917,0015-11-18 06:35:00,15,11,18,6,35,690,383,"161, ALBERT THOMAS",,,Nuit avec éclairage allumé,En agglomération,Hors intersection,Normale,Autre collision,,,,,,,,,,,5,2,1,1,6
201500048918,0015-11-18 08:10:00,15,11,18,8,10,690,259,"2, IRENE JOLIOT CURIE",45.7222,4.87253,Plein jour,En agglomération,Hors intersection,Normale,Autre collision,,,,,,,,,,,1,2,1,1,6
201500048919,0015-11-18 09:30:00,15,11,18,9,30,690,259,"57, REPUBLIQUE (DE LA)",,,Plein jour,En agglomération,Hors intersection,Normale,Trois véhicules et plus - en chaîne,,,,,,,,,,,1,2,1,1,4
201500048920,0015-11-20 18:30:00,15,11,20,18,30,690,383,"68, GAMBETTA",,,Nuit avec éclairage allumé,En agglomération,Hors intersection,Normale,Deux véhicules - frontale,,,,,,,,,,,5,2,1,1,1
201500048921,0015-11-21 17:25:00,15,11,21,17,25,690,388,"24, PROFESSEUR TAVERNIER",,,Nuit avec éclairage allumé,En agglomération,Hors intersection,Normale,Autre collision,,,,,,,,,,,5,2,1,1,6
201500048922,0015-11-21 20:47:00,15,11,21,20,47,690,259,", IRENE JOLIOT CURIE",45.722,4.8742,Nuit avec éclairage allumé,Hors agglomération,Hors intersection,Autre,Autre collision,,,,,,,,,,,5,1,1,9,6
201500048923,0015-11-23 19:30:00,15,11,23,19,30,690,383,"58, SERVIENT",,,Nuit avec éclairage allumé,En agglomération,Hors intersection,Normale,Autre collision,,,,,,,,,,,5,2,1,1,6
201500048924,0015-11-24 19:10:00,15,11,24,19,10,690,259,JULES GRANDCLEMENT,,,Nuit avec éclairage allumé,En agglomération,Hors intersection,Normale,Autre collision,,,,,,,,,,,5,2,1,1,6
201500048925,0015-11-25 08:45:00,15,11,25,8,45,690,383,GAMBETTA,,,Plein jour,En agglomération,Hors intersection,Pluie légère,Deux véhicules - côté,,,,,,,,,,,1,2,1,2,3
201500048926,0015-11-25 09:15:00,15,11,25,9,15,690,383,", DOCTEUR LONG (DU)",,,Plein jour,En agglomération,Intersection en X,Pluie légère,Autre collision,,,,,,,,,,,1,2,2,2,6
201500048927,0015-11-26 11:45:00,15,11,26,11,45,690,259,"70, ROGER SALENGRO",,,Plein jour,En agglomération,Hors intersection,Normale,Deux véhicules - côté,,,,,,,,,,,1,2,1,1,3
201500048928,0015-11-26 14:30:00,15,11,26,14,30,690,383,SERVIENT,,,Plein jour,En agglomération,Intersection en X,Temps couvert,Deux véhicules - côté,,,,,,,,,,,1,2,2,8,3
201500048929,0015-11-26 17:50:00,15,11,26,17,50,690,383,MARIUS VIVIER MERLE,,,Nuit avec éclairage allumé,En agglomération,Hors intersection,Pluie légère,Trois véhicules et plus - collisions multiples,,,,,,,,,,,5,2,1,2,5
201500048930,0015-11-27 08:53:00,15,11,27,8,53,690,199,CHARLES PLASSE,,,Plein jour,En agglomération,Intersection en X,Normale,Autre collision,,,,,,,,,,,1,2,2,1,6
201500048931,0015-11-28 00:20:00,15,11,28,0,20,690,387,"55, TONY GARNIER",,,Nuit avec éclairage allumé,En agglomération,Hors intersection,Normale,Sans collision,,,,,,,,,,,5,2,1,1,7
201500048932,0015-11-27 18:10:00,15,11,27,18,10,690,386,"90, BELGES (DES)",,,Nuit avec éclairage allumé,En agglomération,Hors intersection,Normale,Autre collision,,,,,,,,,,,5,2,1,1,6
201500048933,0015-11-28 09:45:00,15,11,28,9,45,690,386,"70, BELLECOMBE (DE)",,,Plein jour,En agglomération,Intersection en X,Pluie légère,Deux véhicules - côté,,,,,,,,,,,1,2,2,2,3
201500048934,0015-11-29 13:18:00,15,11,29,13,18,690,383,GABRIEL PERI,,,Plein jour,Hors agglomération,Hors intersection,Temps couvert,Autre collision,,,,,,,,,,,1,1,1,8,6
201500048935,0015-11-30 07:00:00,15,11,30,7,0,690,383,"2, LACASSAGNE",,,Nuit avec éclairage allumé,En agglomération,Hors intersection,Normale,Autre collision,,,,,,,,,,,5,2,1,1,6
201500048936,0015-11-27 15:40:00,15,11,27,15,40,690,388,ANDRE LATARJET,,,Plein jour,En agglomération,Intersection en T,Normale,Deux véhicules - côté,,,,,,,,,,,1,2,3,1,3
201500048937,0015-11-30 13:10:00,15,11,30,13,10,690,386,BROTTEAUX (DES),,,Plein jour,En agglomération,Hors intersection,Normale,Autre collision,,,,,,,,,,,1,2,1,1,6
201500048938,0015-12-01 23:00:00,15,12,1,23,0,690,387,PARMENTIER,45.7373,4.84434,Nuit avec éclairage allumé,En agglomération,Intersection en X,Normale,Deux véhicules - côté,,,,,,,,,,,5,2,2,1,3
201500048939,0015-12-02 07:15:00,15,12,2,7,15,690,386,LAFAYETTE,,,Nuit avec éclairage allumé,En agglomération,Hors intersection,Normale,Autre collision,,,,,,,,,,,5,2,1,1,6
201500048940,0015-12-02 12:00:00,15,12,2,12,0,690,387,"6, CROIX BARRET (DE LA)",,,Plein jour,En agglomération,Intersection en T,Normale,Deux véhicules - côté,,,,,,,,,,,1,2,3,1,3
201500048941,0015-11-20 10:10:00,15,11,20,10,10,690,259,"0, EUGENE PELOUX",,,Plein jour,En agglomération,Intersection en X,Normale,Deux véhicules - côté,,,,,,,,,,,1,2,2,1,3
201500048942,0015-12-03 08:15:00,15,12,3,8,15,690,259,"12, IRENE JOLIOT CURIE",,,Plein jour,En agglomération,Hors intersection,Normale,Trois véhicules et plus - en chaîne,,,,,,,,,,,1,2,1,1,4
201500048943,0015-12-06 02:05:00,15,12,6,2,5,690,276,VIENNE (DE),,,Nuit sans éclairage public,En agglomération,Hors intersection,Normale,Autre collision,,,,,,,,,,,3,2,1,1,6
201500048944,0015-12-06 18:20:00,15,12,6,18,20,690,387,"94, DEBOURG",45.7285,4.83225,Nuit avec éclairage allumé,En agglomération,Hors intersection,Normale,Autre collision,,,,,,,,,,,5,2,1,1,6
201500048945,0015-12-07 13:00:00,15,12,7,13,0,690,388,"123, CHALLEMEL LACOUR",,,Plein jour,En agglomération,Hors intersection,Normale,Trois véhicules et plus - en chaîne,,,,,,,,,,,1,2,1,1,4
201500048946,0015-12-08 07:05:00,15,12,8,7,5,690,383,"161, LACASSAGNE",,,Nuit avec éclairage allumé,En agglomération,Intersection en X,Normale,Autre collision,,,,,,,,,,,5,2,2,1,6
201500048947,0015-12-08 11:30:00,15,12,8,11,30,690,259,IRENE JOLIOT CURIE,,,Plein jour,En agglomération,Autre intersection,Normale,Autre collision,,,,,,,,,,,1,2,9,1,6
201500048948,0015-12-08 18:30:00,15,12,8,18,30,690,383,DOCTEUR BOUCHUT (DU),,,Nuit avec éclairage allumé,En agglomération,Hors intersection,Normale,Deux véhicules - côté,,,,,,,,,,,5,2,1,1,3
201500048949,0015-12-09 15:25:00,15,12,9,15,25,690,388,"63, FRERES LUMIERE (DES)",,,Plein jour,En agglomération,Intersection en X,Normale,Autre collision,,,,,,,,,,,1,2,2,1,6
201500048950,0015-12-11 21:10:00,15,12,11,21,10,690,387,GERLAND (DE),,,Nuit avec éclairage allumé,En agglomération,Hors intersection,Normale,Deux véhicules - côté,,,,,,,,,,,5,2,1,1,3
201500048951,0015-12-12 07:50:00,15,12,12,7,50,690,259,MARCEL CACHIN,,,Plein jour,En agglomération,Hors intersection,Normale,Autre collision,,,,,,,,,,,1,2,1,1,6
201500048952,0015-12-12 09:30:00,15,12,12,9,30,690,259,FRANCIS DE PRESSENSE,,,Plein jour,En agglomération,Intersection en X,Normale,Deux véhicules - frontale,,,,,,,,,,,1,2,2,1,1
201500048953,0015-12-12 19:05:00,15,12,12,19,5,690,388,ETATS UNIS (DES),,,Nuit avec éclairage allumé,En agglomération,Hors intersection,Normale,Deux véhicules - côté,,,,,,,,,,,5,2,1,1,3
201500048954,0015-12-12 11:15:00,15,12,12,11,15,690,259,"233, PINEL",45.7241,4.88859,Plein jour,En agglomération,Hors intersection,Normale,Deux véhicules - arrière,,,,,,,,,,,1,2,1,1,2
201500048955,0015-12-13 15:00:00,15,12,13,15,0,690,259,FRANCIS DE PRESSENSE,,,Plein jour,En agglomération,Intersection en T,Normale,Autre collision,,,,,,,,,,,1,2,3,1,6
201500048956,0015-12-13 23:45:00,15,12,13,23,45,690,383,VILLETTE (DE LA),45.76364,4.86217,Nuit avec éclairage allumé,En agglomération,Hors intersection,Normale,Deux véhicules - côté,,,,,,,,,,,5,2,1,1,3
201500048957,0015-12-09 11:20:00,15,12,9,11,20,690,387,"102, JEAN JAURES",45.7437,4.84094,Plein jour,En agglomération,Intersection en X,Normale,Deux véhicules - côté,,,,,,,,,,,1,2,2,1,3
201500048958,0015-12-14 09:50:00,15,12,14,9,50,690,276,MAIRIE (DE LA),,,Plein jour,En agglomération,Intersection en X,Normale,Deux véhicules - côté,,,,,,,,,,,1,2,2,1,3
201500048959,0015-12-14 13:50:00,15,12,14,13,50,690,383,"125, LACASSAGNE",,,Plein jour,En agglomération,Hors intersection,Normale,Autre collision,,,,,,,,,,,1,2,1,1,6
201500048960,0015-12-16 10:30:00,15,12,16,10,30,690,383,"05, CHATEAU (DU)",,,Plein jour,En agglomération,Hors intersection,Normale,Deux véhicules - côté,,,,,,,,,,,1,2,1,1,3
201500048961,0015-12-11 09:30:00,15,12,11,9,30,690,259,"96, FRANCIS DE PRESSENSE",,,Plein jour,En agglomération,Hors intersection,Normale,Autre collision,,,,,,,,,,,1,2,1,1,6
201500048962,0015-12-16 15:30:00,15,12,16,15,30,690,386,"66, MONTGOLFIER",,,Plein jour,En agglomération,Intersection en T,Normale,Deux véhicules - côté,,,,,,,,,,,1,2,3,1,3
201500048963,0015-12-17 16:50:00,15,12,17,16,50,690,383,"47, GAMBETTA",,,Crépuscule ou aube,En agglomération,Intersection en X,Normale,Deux véhicules - arrière,,,,,,,,,,,2,2,2,1,2
201500048964,0015-12-17 20:30:00,15,12,17,20,30,690,383,LACASSAGNE,45.74837,4.87954,Nuit avec éclairage allumé,En agglomération,Hors intersection,Normale,Deux véhicules - côté,,,,,,,,,,,5,2,1,1,3
201500048965,0015-12-18 01:50:00,15,12,18,1,50,690,387,"174, GERLAND (DE)",,,Nuit avec éclairage allumé,En agglomération,Intersection en X,Normale,Deux véhicules - frontale,,,,,,,,,,,5,2,2,1,1
201500048966,0015-12-11 18:00:00,15,12,11,18,0,690,383,"162, GENAS (DE)",,,Crépuscule ou aube,En agglomération,Hors intersection,Normale,Deux véhicules - arrière,,,,,,,,,,,2,2,1,1,2
201500048967,0015-12-20 15:00:00,15,12,20,15,0,690,388,"82, JEAN SARRAZIN",,,Plein jour,Hors agglomération,Intersection en X,Normale,Autre collision,,,,,,,,,,,1,1,2,1,6
201500048968,0015-12-13 03:05:00,15,12,13,3,5,690,386,"., LOUIS BLANC",,,Nuit avec éclairage allumé,En agglomération,Intersection à plus de 4 branches,Normale,Deux véhicules - côté,,,,,,,,,,,5,2,5,1,3
201500048969,0015-12-22 12:15:00,15,12,22,12,15,690,387,"., UNIVERSITE (DE L')",,,Plein jour,En agglomération,Intersection en X,Normale,Deux véhicules - côté,,,,,,,,,,,1,2,2,1,3
201500048970,0015-12-22 13:50:00,15,12,22,13,50,690,383,"31, VICTOR AUGAGNEUR",,,Plein jour,En agglomération,Hors intersection,Normale,Autre collision,,,,,,,,,,,1,2,1,1,6
201500048971,0015-12-22 15:00:00,15,12,22,15,0,690,388,PIERRE DELORE,,,Plein jour,En agglomération,Intersection en X,Normale,Trois véhicules et plus - en chaîne,,,,,,,,,,,1,2,2,1,4
201500048972,0015-12-22 15:00:00,15,12,22,15,0,690,388,"48, ROCKEFELLER",,,Plein jour,En agglomération,Hors intersection,Normale,Trois véhicules et plus - en chaîne,,,,,,,,,,,1,2,1,1,4
201500048973,0015-12-22 17:35:00,15,12,22,17,35,690,387,"28, GIRONDINS (DES)",,,Nuit avec éclairage allumé,En agglomération,Hors intersection,Normale,Deux véhicules - frontale,,,,,,,,,,,5,2,1,1,1
201500048974,0015-12-23 11:15:00,15,12,23,11,15,690,383,DAUPHINE (DU),,,Plein jour,En agglomération,Hors intersection,Normale,Autre collision,,,,,,,,,,,1,2,1,1,6
201500048975,0015-12-22 19:00:00,15,12,22,19,0,690,259,"136, IRENE JOLIOT CURIE",45.71569,4.87811,Nuit avec éclairage allumé,En agglomération,Hors intersection,Normale,Autre collision,,,,,,,,,,,5,2,1,1,6
201500048976,0015-12-23 16:10:00,15,12,23,16,10,690,388,"26, HENRI BARBUSSE",,,Plein jour,En agglomération,Hors intersection,Normale,Autre collision,,,,,,,,,,,1,2,1,1,6
201500048977,0015-12-25 18:15:00,15,12,25,18,15,690,388,"52, EPARGNE (DE L')",,,Nuit avec éclairage allumé,En agglomération,Hors intersection,Normale,Deux véhicules - côté,,,,,,,,,,,5,2,1,1,3
201500048978,0015-12-22 11:00:00,15,12,22,11,0,690,388,"47, JEAN SARRAZIN",,,Plein jour,En agglomération,Intersection en X,Normale,Deux véhicules - côté,,,,,,,,,,,1,2,2,1,3
201500048979,0015-12-27 01:10:00,15,12,27,1,10,690,387,"18, GAMBETTA",45.7387,4.84113,Nuit avec éclairage allumé,En agglomération,Hors intersection,Normale,Autre collision,,,,,,,,,,,5,2,1,1,6
201500048980,0015-12-26 12:15:00,15,12,26,12,15,690,259,IRENE JOLIOT CURIE,,,Plein jour,En agglomération,Hors intersection,Normale,Deux véhicules - côté,,,,,,,,,,,1,2,1,1,3
201500048981,0015-12-30 15:45:00,15,12,30,15,45,690,387,", MARIE MADELEINE FOURCA",,,Plein jour,En agglomération,Intersection en X,Normale,Deux véhicules - côté,,,,,,,,,,,1,2,2,1,3
201500048982,0015-12-31 14:00:00,15,12,31,14,0,690,383,", PAUL BERT",,,Plein jour,En agglomération,Hors intersection,Normale,Deux véhicules - côté,,,,,,,,,,,1,2,1,1,3
201500048983,0015-12-31 14:30:00,15,12,31,14,30,690,259,IRENE JOLIOT CURIE,45.7096,4.88502,Plein jour,En agglomération,Hors intersection,Normale,Autre collision,,,,,,,,,,,1,2,1,1,6
201500048984,0015-02-09 19:20:00,15,2,9,19,20,690,383,"139, AVENUE MARECHAL DE",,,Nuit avec éclairage allumé,En agglomération,Intersection en X,Normale,Deux véhicules - côté,,,,,,,,,,,5,2,2,1,3
201500048985,0015-02-09 10:30:00,15,2,9,10,30,690,384,RUE CHAZIERE,,,Plein jour,En agglomération,Hors intersection,Normale,Autre collision,,,,,,,,,,,1,2,1,1,6
201500048986,0015-02-10 15:40:00,15,2,10,15,40,690,384,"14, RUE HERMANN SABRAN",,,Plein jour,En agglomération,Hors intersection,Normale,Autre collision,,,,,,,,,,,1,2,1,1,6