accident_id,datetime,annee,mois,jour,heure,minute,departement,commune_insee,adresse,latitude,longitude,luminosite,agglomeration,intersection,meteo,collision,nb_vehicules,nb_usagers,nb_indemnes,nb_tues,nb_blesses_hosp,nb_blesses_legers,age_cond_1,age_cond_2,veh_type_cond_1,veh_type_cond_2,lum_code,agg_code,int_code,atm_code,col_code
201500049114,0015-07-15 09:50:00,15,7,15,9,50,330,397,AUTOROUTE A 10,44.90998,-0.48921,Plein jour,Hors agglomération,Hors intersection,Normale,Autre collision,,,,,,,,,,,1,1,1,1,6
201500049115,0015-07-15 15:10:00,15,7,15,15,10,330,39,ROCADE A 630,44.80319,-0.53297,Plein jour,Hors agglomération,Hors intersection,Normale,Autre collision,,,,,,,,,,,1,1,1,1,6
201500049116,0015-07-18 11:05:00,15,7,18,11,5,330,122,AUTOROUTE A 63,44.75431,-0.68875,Plein jour,Hors agglomération,Hors intersection,Normale,Autre collision,,,,,,,,,,,1,1,1,1,6
201500049117,0015-07-23 14:55:00,15,7,23,14,55,330,80,AUTOROUTE A 62,44.74819,-0.54011,Plein jour,Hors agglomération,Hors intersection,Normale,Trois véhicules et plus - en chaîne,,,,,,,,,,,1,1,1,1,4
201500049118,0015-07-23 15:30:00,15,7,23,15,30,330,39,ROCADE A 630,44.7915,-0.54046,Plein jour,Hors agglomération,Hors intersection,Normale,Trois véhicules et plus - collisions multiples,,,,,,,,,,,1,1,1,1,5
201500049119,0015-07-25 10:15:00,15,7,25,10,15,330,122,AUTOROUTE A 63,44.7502,-0.69498,Plein jour,Hors agglomération,Hors intersection,Normale,Trois véhicules et plus - en chaîne,,,,,,,,,,,1,1,1,1,4
201500049120,0015-07-27 12:45:00,15,7,27,12,45,330,249,ROCADE A 630,44.8824,-0.52207,Plein jour,Hors agglomération,Hors intersection,Normale,Trois véhicules et plus - collisions multiples,,,,,,,,,,,1,1,1,1,5
201500049121,0015-07-30 19:20:00,15,7,30,19,20,330,63,ROCADE A 630,44.88156,-0.5454,Plein jour,Hors agglomération,Hors intersection,Normale,Autre collision,,,,,,,,,,,1,1,1,1,6
201500049122,0015-07-31 13:25:00,15,7,31,13,25,330,13,ROUTE NATIONALE 230,44.86789,-0.50449,Plein jour,Hors agglomération,Hors intersection,Pluie légère,Autre collision,,,,,,,,,,,1,1,1,2,6
201500049123,0015-07-31 13:05:00,15,7,31,13,5,330,13,ROUTE NATIONALE 230,44.84308,-0.50156,Plein jour,Hors agglomération,Hors intersection,Normale,Deux véhicules - côté,,,,,,,,,,,1,1,1,1,3
201500049124,0015-08-01 11:46:00,15,8,1,11,46,330,318,ROCADE A 630,44.78781,-0.63586,Plein jour,Hors agglomération,Hors intersection,Normale,Trois véhicules et plus - en chaîne,,,,,,,,,,,1,1,1,1,4
201500049125,0015-08-04 09:40:00,15,8,4,9,40,330,318,AUTOROUTE A 63,44.78718,-0.62494,Plein jour,Hors agglomération,Hors intersection,Pluie légère,Autre collision,,,,,,,,,,,1,1,1,2,6
201500049126,0015-08-04 17:40:00,15,8,4,17,40,330,96,AUTOROUTE A 10,44.88706,-0.50616,Plein jour,Hors agglomération,Hors intersection,Normale,Trois véhicules et plus - en chaîne,,,,,,,,,,,1,1,1,1,4
201500049127,0015-08-05 17:25:00,15,8,5,17,25,330,63,ROCADE A 630,44.88034,-0.54154,Plein jour,Hors agglomération,Hors intersection,Normale,Trois véhicules et plus - collisions multiples,,,,,,,,,,,1,1,1,1,5
201500049128,0015-08-06 15:15:00,15,8,6,15,15,330,397,AUTOROUTE A 10,44.91132,-0.48584,Plein jour,Hors agglomération,Hors intersection,Normale,Trois véhicules et plus - en chaîne,,,,,,,,,,,1,1,1,1,4
201500049129,0015-08-07 13:15:00,15,8,7,13,15,330,65,ROUTE NATIONALE 230,44.80883,-0.52497,Plein jour,Hors agglomération,Hors intersection,Normale,Trois véhicules et plus - collisions multiples,,,,,,,,,,,1,1,1,1,5
201500049130,0015-08-07 14:52:00,15,8,7,14,52,330,162,ROCADE A 630,44.86279,-0.65655,Plein jour,Hors agglomération,Hors intersection,Normale,Deux véhicules - côté,,,,,,,,,,,1,1,1,1,3
201500049131,0015-08-09 14:05:00,15,8,9,14,5,330,366,AUTOROUTE A 10,44.98542,-0.42758,Plein jour,Hors agglomération,Hors intersection,Pluie légère,Trois véhicules et plus - collisions multiples,,,,,,,,,,,1,1,1,2,5
201500049132,0015-08-10 01:35:00,15,8,10,1,35,330,75,ROCADE A 630,44.88963,0.60515,Nuit sans éclairage public,Hors agglomération,Hors intersection,Normale,Autre collision,,,,,,,,,,,3,1,1,1,6
201500049133,0015-08-11 16:00:00,15,8,11,16,0,330,397,AUTOROUTE A 10,44.91917,-0.47609,Plein jour,Hors agglomération,Hors intersection,Temps éblouissant,Deux véhicules - frontale,,,,,,,,,,,1,1,1,7,1
201500049134,0015-08-14 09:15:00,15,8,14,9,15,330,167,ROUTE NATIONALE 230,44.82946,-0.50212,Plein jour,Hors agglomération,Hors intersection,Pluie légère,Trois véhicules et plus - collisions multiples,,,,,,,,,,,1,1,1,2,5
201500049135,0015-08-20 12:37:00,15,8,20,12,37,330,122,AUTOROUTE A 63,44.72779,-0.72971,Plein jour,Hors agglomération,Hors intersection,Normale,Sans collision,,,,,,,,,,,1,1,1,1,7
201500049136,0015-08-23 00:20:00,15,8,23,0,20,330,550,ROCADE A 630,44.78262,-0.58616,Nuit avec éclairage allumé,Hors agglomération,Hors intersection,Normale,Autre collision,,,,,,,,,,,5,1,1,1,6
201500049137,0015-08-23 10:00:00,15,8,23,10,0,330,550,ROCADE A 630,44.77921,-0.55037,Plein jour,Hors agglomération,Hors intersection,Normale,Deux véhicules - côté,,,,,,,,,,,1,1,1,1,3
201500049138,0015-08-25 14:55:00,15,8,25,14,55,330,63,ROCADE A 630,44.88607,-0.56568,Plein jour,Hors agglomération,Hors intersection,Normale,Deux véhicules - arrière,,,,,,,,,,,1,1,1,1,2
201500049139,0015-08-26 17:15:00,15,8,26,17,15,330,397,AUTOROUTE A 10,44.92002,-0.47567,Plein jour,Hors agglomération,Hors intersection,Normale,Deux véhicules - côté,,,,,,,,,,,1,1,1,1,3
201500049140,0015-08-27 13:20:00,15,8,27,13,20,330,39,ROCADE A 631,44.80153,-0.53445,Plein jour,Hors agglomération,Hors intersection,Normale,Deux véhicules - côté,,,,,,,,,,,1,1,1,1,3
201500049141,0015-08-27 18:15:00,15,8,27,18,15,330,63,ROCADE A 630,44.88192,-0.54733,Plein jour,Hors agglomération,Hors intersection,Normale,Sans collision,,,,,,,,,,,1,1,1,1,7
201500049142,0015-09-09 11:20:00,15,9,9,11,20,330,550,ROCADE A 630,44.78365,-0.58928,Plein jour,Hors agglomération,Hors intersection,Normale,Deux véhicules - arrière,,,,,,,,,,,1,1,1,1,2
201500049143,0015-09-11 10:30:00,15,9,11,10,30,330,13,ROUTE NATIONALE 230,44.84418,-0.50165,Plein jour,Hors agglomération,Hors intersection,Normale,Sans collision,,,,,,,,,,,1,1,1,1,7
201500049144,0015-09-11 12:00:00,15,9,11,12,0,330,119,ROUTE NATIONALE 230,44.85174,-0.50473,Plein jour,Hors agglomération,Hors intersection,Normale,Autre collision,,,,,,,,,,,1,1,1,1,6
201500049145,0015-09-12 04:20:00,15,9,12,4,20,330,119,ROUTE NATIONALE 230,44.8658,-0.50404,Nuit avec éclairage allumé,Hors agglomération,Hors intersection,Pluie forte,Autre collision,,,,,,,,,,,5,1,1,3,6
201500049146,0015-09-12 23:10:00,15,9,12,23,10,330,63,ROCADE A 630,44.88293,-0.55267,Nuit sans éclairage public,Hors agglomération,Hors intersection,Normale,Sans collision,,,,,,,,,,,3,1,1,1,7
201500049147,0015-09-14 07:50:00,15,9,14,7,50,330,550,AUTOROUTE A 62,44.77127,-0.55527,Plein jour,Hors agglomération,Hors intersection,Pluie légère,Deux véhicules - côté,,,,,,,,,,,1,1,1,2,3
201500049148,0015-09-14 09:30:00,15,9,14,9,30,330,318,AUTOROUTE A 63,44.78718,-0.62494,Plein jour,Hors agglomération,Hors intersection,Pluie légère,Autre collision,,,,,,,,,,,1,1,1,2,6
201500049149,0015-09-14 09:00:00,15,9,14,9,0,330,192,AUTOROUTE A 63,44.77966,-0.63982,Plein jour,Hors agglomération,Hors intersection,Temps couvert,Autre collision,,,,,,,,,,,1,1,1,8,6
201500049150,0015-09-14 16:50:00,15,9,14,16,50,330,249,ROCADE A 630,44.88481,-0.51526,Plein jour,Hors agglomération,Hors intersection,Pluie légère,Autre collision,,,,,,,,,,,1,1,1,2,6
201500049151,0015-09-15 11:40:00,15,9,15,11,40,330,90,AUTOROUTE A 63,44.7683,-0.66643,Plein jour,Hors agglomération,Hors intersection,Pluie forte,Deux véhicules - arrière,,,,,,,,,,,1,1,1,3,2
201500049152,0015-09-16 14:20:00,15,9,16,14,20,330,281,ROCADE A 630,44.81511,-0.67283,Plein jour,Hors agglomération,Hors intersection,Temps couvert,Deux véhicules - frontale,,,,,,,,,,,1,1,1,8,1
201500049153,0015-09-17 02:55:00,15,9,17,2,55,330,487,AUTOROUTE A 10,44.93858,-0.46668,Nuit avec éclairage allumé,Hors agglomération,Hors intersection,Normale,Deux véhicules - arrière,,,,,,,,,,,5,1,1,1,2
201500049154,0015-09-17 08:25:00,15,9,17,8,25,330,63,ROCADE A 630,44.88601,-0.56544,Plein jour,Hors agglomération,Hors intersection,Pluie légère,Trois véhicules et plus - en chaîne,,,,,,,,,,,1,1,1,2,4
201500049155,0015-09-17 08:55:00,15,9,17,8,55,330,162,ROCADE A 630,44.87121,-0.64249,Plein jour,Hors agglomération,Hors intersection,Pluie légère,Deux véhicules - frontale,,,,,,,,,,,1,1,1,2,1
201500049156,0015-09-17 22:20:00,15,9,17,22,20,330,318,ROCADE A 630,44.80204,-0.65869,Nuit sans éclairage public,Hors agglomération,Hors intersection,Normale,Trois véhicules et plus - en chaîne,,,,,,,,,,,3,1,1,1,4
201500049157,0015-09-19 05:25:00,15,9,19,5,25,330,550,ROCADE A 630,44.77805,-0.55634,Nuit sans éclairage public,Hors agglomération,Hors intersection,Pluie légère,Autre collision,,,,,,,,,,,3,1,1,2,6
201500049158,0015-09-19 06:43:00,15,9,19,6,43,330,192,ROCADE A 630,44.78969,-0.6056,Nuit avec éclairage allumé,Hors agglomération,Hors intersection,Pluie légère,Autre collision,,,,,,,,,,,5,1,1,2,6
201500049159,0015-09-22 07:00:00,15,9,22,7,0,330,192,AUTOROUTE A 63,44.78155,-0.63529,Crépuscule ou aube,Hors agglomération,Hors intersection,Pluie légère,Deux véhicules - côté,,,,,,,,,,,2,1,1,2,3
201500049160,0015-09-23 20:55:00,15,9,23,20,55,330,65,ROUTE NATIONALE 230,44.8145,-0.52076,Nuit avec éclairage allumé,Hors agglomération,Hors intersection,Normale,Trois véhicules et plus - collisions multiples,,,,,,,,,,,5,1,1,1,5
201500049161,0015-09-25 16:45:00,15,9,25,16,45,330,13,ROUTE NATIONALE 230,44.84785,-0.503,Plein jour,Hors agglomération,Hors intersection,Normale,Deux véhicules - côté,,,,,,,,,,,1,1,1,1,3
201500049162,0015-09-27 16:25:00,15,9,27,16,25,330,192,ROCADE A 630,44.78963,-0.60516,Plein jour,Hors agglomération,Hors intersection,Normale,Autre collision,,,,,,,,,,,1,1,1,1,6
201500049163,0015-09-29 09:15:00,15,9,29,9,15,330,162,ROCADE A 630,44.87791,-0.6305,Plein jour,Hors agglomération,Hors intersection,Normale,Deux véhicules - arrière,,,,,,,,,,,1,1,1,1,2
201500049164,0015-09-29 11:00:00,15,9,29,11,0,330,318,ROCADE A 630,44.7881,-0.6326,Plein jour,Hors agglomération,Hors intersection,Normale,Trois véhicules et plus - collisions multiples,,,,,,,,,,,1,1,1,1,5
201500049165,0015-09-29 17:50:00,15,9,29,17,50,330,119,ROUTE NATIONALE 230,44.86547,-0.50383,Plein jour,Hors agglomération,Hors intersection,Normale,Deux véhicules - arrière,,,,,,,,,,,1,1,1,1,2
201500049166,0015-09-30 07:35:00,15,9,30,7,35,330,39,ROUTE NATIONALE 230,44.80323,-0.5332,Crépuscule ou aube,Hors agglomération,Hors intersection,Normale,Trois véhicules et plus - en chaîne,,,,,,,,,,,2,1,1,1,4
201500049167,0015-09-30 09:35:00,15,9,30,9,35,330,65,ROUTE NATIONALE 230,44.81464,-0.52075,Plein jour,Hors agglomération,Hors intersection,Normale,Deux véhicules - arrière,,,,,,,,,,,1,1,1,1,2
201500049168,0015-10-01 08:50:00,15,10,1,8,50,330,550,ROCADE A 630,44.78098,-0.58028,Plein jour,Hors agglomération,Hors intersection,Normale,Autre collision,,,,,,,,,,,1,1,1,1,6
201500049169,0015-10-01 10:00:00,15,10,1,10,0,330,90,AUTOROUTE A 63,44.77213,-0.6577,Plein jour,Hors agglomération,Hors intersection,Normale,Deux véhicules - arrière,,,,,,,,,,,1,1,1,1,2
201500049170,0015-10-02 09:40:00,15,10,2,9,40,330,318,ROCADE A 630,44.80655,-0.66599,Plein jour,Hors agglomération,Hors intersection,Normale,Deux véhicules - arrière,,,,,,,,,,,1,1,1,1,2
201500049171,0015-10-03 06:00:00,15,10,3,6,0,330,487,AUTOROUTE A 10,44.9527,-0.4587,Nuit avec éclairage allumé,Hors agglomération,Hors intersection,Pluie forte,Autre collision,,,,,,,,,,,5,1,1,3,6
201500049172,0015-10-05 07:30:00,15,10,5,7,30,330,90,AUTOROUTE A 63,44.77247,-0.65671,Nuit avec éclairage allumé,Hors agglomération,Hors intersection,Pluie légère,Autre collision,,,,,,,,,,,5,1,1,2,6
201500049173,0015-10-06 04:25:00,15,10,6,4,25,330,366,AUTOROUTE A 10,44.98612,-0.42741,Nuit avec éclairage allumé,Hors agglomération,Hors intersection,Normale,Autre collision,,,,,,,,,,,5,1,1,1,6
201500049174,0015-10-06 16:50:00,15,10,6,16,50,330,192,ROCADE A 630,44.78945,-0.61681,Plein jour,Hors agglomération,Hors intersection,Normale,Trois véhicules et plus - collisions multiples,,,,,,,,,,,1,1,1,1,5
201500049175,0015-10-07 09:04:00,15,10,7,9,4,330,63,ROCADE A 630,44.88225,-0.54895,Plein jour,Hors agglomération,Hors intersection,Pluie légère,Trois véhicules et plus - en chaîne,,,,,,,,,,,1,1,1,2,4
201500049176,0015-10-09 13:10:00,15,10,9,13,10,330,249,ROUTE NATIONALE 230,44.88043,-0.51027,Plein jour,Hors agglomération,Hors intersection,Normale,Sans collision,,,,,,,,,,,1,1,1,1,7
201500049177,0015-10-08 19:35:00,15,10,8,19,35,330,192,ROCADE A 630,44.78935,-0.61687,Crépuscule ou aube,Hors agglomération,Hors intersection,Normale,Deux véhicules - côté,,,,,,,,,,,2,1,1,1,3
201500049178,0015-10-09 21:40:00,15,10,9,21,40,330,119,ROUTE NATIONALE 230,44.85056,-0.50422,Nuit sans éclairage public,Hors agglomération,Hors intersection,Normale,Autre collision,,,,,,,,,,,3,1,1,1,6
201500049179,0015-10-12 09:35:00,15,10,12,9,35,330,318,ROCADE A 630,44.80562,-0.66447,Plein jour,Hors agglomération,Hors intersection,Normale,Trois véhicules et plus - en chaîne,,,,,,,,,,,1,1,1,1,4
201500049180,0015-10-13 09:55:00,15,10,13,9,55,330,65,ROUTE NATIONALE 230,44.80974,-0.52447,Plein jour,Hors agglomération,Hors intersection,Normale,Sans collision,,,,,,,,,,,1,1,1,1,7
201500049181,0015-10-14 07:50:00,15,10,14,7,50,330,65,ROUTE NATIONALE 230,44.80775,-0.52662,Crépuscule ou aube,Hors agglomération,Hors intersection,Normale,Trois véhicules et plus - collisions multiples,,,,,,,,,,,2,1,1,1,5
201500049182,0015-10-15 08:47:00,15,10,15,8,47,330,75,ROCADE A 630,44.88999,-0.61549,Plein jour,Hors agglomération,Hors intersection,Normale,Autre collision,,,,,,,,,,,1,1,1,1,6
201500049183,0015-10-16 17:40:00,15,10,16,17,40,330,167,ROUTE NATIONALE 230,44.83396,-0.50019,Plein jour,Hors agglomération,Hors intersection,Normale,Trois véhicules et plus - en chaîne,,,,,,,,,,,1,1,1,1,4
201500049184,0015-10-16 19:15:00,15,10,16,19,15,330,281,ROCADE A 630,44.8275,-0.6752,Plein jour,Hors agglomération,Hors intersection,Normale,Deux véhicules - côté,,,,,,,,,,,1,1,1,1,3
201500049185,0015-10-19 03:05:00,15,10,19,3,5,330,366,AUTOROUTE A 10,44.9906,-0.42721,Nuit sans éclairage public,Hors agglomération,Hors intersection,Normale,Deux véhicules - arrière,,,,,,,,,,,3,1,1,1,2
201500049186,0015-10-20 08:20:00,15,10,20,8,20,330,75,ROCADE A 630,44.88905,-0.61862,Plein jour,Hors agglomération,Hors intersection,Normale,Deux véhicules - côté,,,,,,,,,,,1,1,1,1,3
201500049187,0015-10-20 17:20:00,15,10,20,17,20,330,63,ROCADE A 630,44.88192,-0.54733,Plein jour,Hors agglomération,Hors intersection,Normale,Deux véhicules - frontale,,,,,,,,,,,1,1,1,1,1
201500049188,0015-10-22 09:20:00,15,10,22,9,20,330,65,ROUTE NATIONALE 230,44.80752,-0.52698,Plein jour,Hors agglomération,Hors intersection,Pluie légère,Autre collision,,,,,,,,,,,1,1,1,2,6
201500049189,0015-10-22 17:37:00,15,10,22,17,37,330,80,AUTOROUTE A 62,44.74624,-0.53915,Plein jour,Hors agglomération,Hors intersection,Normale,Deux véhicules - arrière,,,,,,,,,,,1,1,1,1,2
201500049190,0015-10-23 15:45:00,15,10,23,15,45,330,281,ROCADE A 630,44.84083,-0.67417,Plein jour,Hors agglomération,Hors intersection,Normale,Trois véhicules et plus - en chaîne,,,,,,,,,,,1,1,1,1,4
201500049191,0015-10-26 14:40:00,15,10,26,14,40,330,39,ROCADE A 630,44.79632,-0.53869,Plein jour,Hors agglomération,Hors intersection,Normale,Deux véhicules - côté,,,,,,,,,,,1,1,1,1,3
201500049192,0015-10-26 16:00:00,15,10,26,16,0,330,318,ROCADE A 630,44.78822,-0.63073,Plein jour,Hors agglomération,Hors intersection,Normale,Trois véhicules et plus - en chaîne,,,,,,,,,,,1,1,1,1,4
201500049193,0015-10-26 17:50:00,15,10,26,17,50,330,75,ROCADE A 630,44.88881,-0.59335,Crépuscule ou aube,Hors agglomération,Hors intersection,Normale,Trois véhicules et plus - en chaîne,,,,,,,,,,,2,1,1,1,4
201500049194,0015-10-27 08:10:00,15,10,27,8,10,330,318,ROCADE A 630,44.80167,-0.65809,Plein jour,Hors agglomération,Hors intersection,Normale,Autre collision,,,,,,,,,,,1,1,1,1,6
201500049195,0015-10-27 08:15:00,15,10,27,8,15,330,90,AUTOROUTE A 63,44.76311,-0.67519,Plein jour,Hors agglomération,Hors intersection,Normale,Deux véhicules - arrière,,,,,,,,,,,1,1,1,1,2
201500049196,0015-10-27 11:25:00,15,10,27,11,25,330,550,ROCADE A 630,44.77749,-0.56199,Plein jour,Hors agglomération,Hors intersection,Pluie légère,Trois véhicules et plus - en chaîne,,,,,,,,,,,1,1,1,2,4
201500049197,0015-10-28 18:03:00,15,10,28,18,3,330,318,AUTOROUTE A 63,44.78718,-0.62494,Nuit avec éclairage allumé,Hors agglomération,Hors intersection,Normale,Sans collision,,,,,,,,,,,5,1,1,1,7
201500049198,0015-10-28 23:15:00,15,10,28,23,15,330,63,ROCADE A 630,44.88203,-0.54792,Nuit avec éclairage allumé,Hors agglomération,Hors intersection,Normale,Autre collision,,,,,,,,,,,5,1,1,1,6
201500049199,0015-10-31 23:15:00,15,10,31,23,15,330,75,ROCADE A 630,44.88823,-0.58515,Nuit sans éclairage public,Hors agglomération,Hors intersection,Normale,Deux véhicules - arrière,,,,,,,,,,,3,1,1,1,2
201500049200,0015-10-31 23:30:00,15,10,31,23,30,330,318,ROCADE A 630,44.79557,-0.65138,Nuit avec éclairage allumé,Hors agglomération,Hors intersection,Normale,Autre collision,,,,,,,,,,,5,1,1,1,6
201500049201,0015-11-01 19:35:00,15,11,1,19,35,330,63,ROCADE A 630,44.8817,-0.54615,Nuit avec éclairage allumé,Hors agglomération,Hors intersection,Normale,Autre collision,,,,,,,,,,,5,1,1,1,6
201500049202,0015-11-02 04:55:00,15,11,2,4,55,330,122,AUTOROUTE A 63,44.74588,-0.70181,Nuit sans éclairage public,Hors agglomération,Hors intersection,Normale,Autre collision,,,,,,,,,,,3,1,1,1,6
201500049203,0015-11-02 07:00:00,15,11,2,7,0,330,487,AUTOROUTE A 10,44.95117,-0.46124,Plein jour,Hors agglomération,Hors intersection,Normale,Trois véhicules et plus - en chaîne,,,,,,,,,,,1,1,1,1,4
201500049204,0015-11-02 07:50:00,15,11,2,7,50,330,162,ROCADE A 630,44.86784,-0.64825,Plein jour,Hors agglomération,Hors intersection,Normale,Trois véhicules et plus - collisions multiples,,,,,,,,,,,1,1,1,1,5
201500049205,0015-11-04 20:30:00,15,11,4,20,30,330,90,AUTOROUTE A 63,44.76159,-0.67761,Nuit sans éclairage public,Hors agglomération,Hors intersection,Normale,Autre collision,,,,,,,,,,,3,1,1,1,6
201500049206,0015-11-06 20:00:00,15,11,6,20,0,330,249,ROUTE NATIONALE 230,44.891,-0.51014,Nuit sans éclairage public,Hors agglomération,Hors intersection,Normale,Deux véhicules - arrière,,,,,,,,,,,3,1,1,1,2
201500049207,0015-11-08 18:16:00,15,11,8,18,16,330,39,ROCADE A 631,44.80733,-0.53201,Crépuscule ou aube,Hors agglomération,Hors intersection,Normale,Trois véhicules et plus - en chaîne,,,,,,,,,,,2,1,1,1,4
201500049208,0015-11-09 02:45:00,15,11,9,2,45,330,119,ROUTE NATIONALE 230,44.86692,-0.50421,Nuit avec éclairage allumé,Hors agglomération,Hors intersection,Normale,Autre collision,,,,,,,,,,,5,1,1,1,6
201500049209,0015-11-08 20:25:00,15,11,8,20,25,330,487,AUTOROUTE A 10,44.94828,-0.46422,Nuit avec éclairage allumé,Hors agglomération,Hors intersection,Normale,Deux véhicules - côté,,,,,,,,,,,5,1,1,1,3
201500049210,0015-11-11 18:30:00,15,11,11,18,30,330,162,ROCADE A 630,44.87115,-0.64258,Nuit sans éclairage public,Hors agglomération,Hors intersection,Normale,Deux véhicules - arrière,,,,,,,,,,,3,1,1,1,2
201500049211,0015-11-12 14:00:00,15,11,12,14,0,330,550,ROCADE A 630,44.77974,-0.57471,Plein jour,Hors agglomération,Hors intersection,Normale,Trois véhicules et plus - collisions multiples,,,,,,,,,,,1,1,1,1,5
201500049212,0015-11-13 16:45:00,15,11,13,16,45,330,162,ROCADE A 630,44.87458,-0.63662,Plein jour,Hors agglomération,Hors intersection,Pluie légère,Autre collision,,,,,,,,,,,1,1,1,2,6
201500049213,0015-11-13 16:30:00,15,11,13,16,30,330,281,ROCADE A 630,44.85213,-0.66619,Plein jour,Hors agglomération,Hors intersection,Pluie légère,Autre collision,,,,,,,,,,,1,1,1,2,6
201500049214,0015-11-13 18:40:00,15,11,13,18,40,330,550,ROCADE A 630,44.78191,-0.58381,Nuit avec éclairage allumé,Hors agglomération,Hors intersection,Pluie légère,Deux véhicules - côté,,,,,,,,,,,5,1,1,2,3
201500049215,0015-11-13 21:25:00,15,11,13,21,25,330,122,AUTOROUTE A 63,44.74676,-0.70034,Nuit avec éclairage allumé,Hors agglomération,Hors intersection,Pluie légère,Deux véhicules - arrière,,,,,,,,,,,5,1,1,2,2
201500049216,0015-11-14 16:45:00,15,11,14,16,45,330,39,ROCADE A 631,44.80613,-0.53192,Plein jour,Hors agglomération,Hors intersection,Normale,Sans collision,,,,,,,,,,,1,1,1,1,7
201500049217,0015-11-16 05:30:00,15,11,16,5,30,330,90,AUTOROUTE A 63,44.76395,-0.674,Nuit sans éclairage public,Hors agglomération,Hors intersection,Normale,Autre collision,,,,,,,,,,,3,1,1,1,6
201500049218,0015-11-16 07:15:00,15,11,16,7,15,330,448,AUTOROUTE A 62,44.71327,-0.51649,Nuit sans éclairage public,Hors agglomération,Hors intersection,Normale,Sans collision,,,,,,,,,,,3,1,1,1,7
201500049219,0015-11-18 17:45:00,15,11,18,17,45,330,75,ROCADE A 630,44.88094,-0.62554,Crépuscule ou aube,Hors agglomération,Hors intersection,Pluie légère,Deux véhicules - côté,,,,,,,,,,,2,1,1,2,3
201500049220,0015-11-19 08:00:00,15,11,19,8,0,330,535,ROUTE NATIONALE 230,44.83177,-0.50076,Crépuscule ou aube,Hors agglomération,Hors intersection,Pluie légère,Deux véhicules - côté,,,,,,,,,,,2,1,1,2,3
201500049221,0015-11-19 08:25:00,15,11,19,8,25,330,550,ROCADE A 630,44.77853,-0.55374,Plein jour,Hors agglomération,Hors intersection,Pluie légère,Sans collision,,,,,,,,,,,1,1,1,2,7
201500049222,0015-11-20 15:30:00,15,11,20,15,30,330,167,ROUTE NATIONALE 230,44.83537,-0.49985,Plein jour,Hors agglomération,Hors intersection,Temps couvert,Deux véhicules - côté,,,,,,,,,,,1,1,1,8,3
201500049223,0015-11-21 10:25:00,15,11,21,10,25,330,63,ROCADE A 630,44.8834,-0.55506,Plein jour,Hors agglomération,Hors intersection,Pluie légère,Autre collision,,,,,,,,,,,1,1,1,2,6
201500049224,0015-11-25 21:15:00,15,11,25,21,15,330,39,ROCADE A 630,44.79673,-0.53841,Nuit avec éclairage allumé,Hors agglomération,Hors intersection,Pluie légère,Autre collision,,,,,,,,,,,5,1,1,2,6
201500049225,0015-11-26 05:00:00,15,11,26,5,0,330,249,ROUTE NATIONALE 230,44.8696,-0.5052,Nuit avec éclairage allumé,Hors agglomération,Hors intersection,Pluie légère,Autre collision,,,,,,,,,,,5,1,1,2,6
201500049226,0015-11-26 10:00:00,15,11,26,10,0,330,167,ROUTE NATIONALE 230,44.82152,-0.51605,Plein jour,Hors agglomération,Hors intersection,Temps couvert,Deux véhicules - frontale,,,,,,,,,,,1,1,1,8,1
201500049227,0015-11-26 17:15:00,15,11,26,17,15,330,167,ROUTE NATIONALE 230,44.84399,-0.50161,Nuit avec éclairage non allumé,Hors agglomération,Hors intersection,Normale,Trois véhicules et plus - collisions multiples,,,,,,,,,,,4,1,1,1,5
201500049228,0015-11-29 08:05:00,15,11,29,8,5,330,119,ROUTE NATIONALE 230,44.86438,-0.50394,Crépuscule ou aube,Hors agglomération,Hors intersection,Normale,Autre collision,,,,,,,,,,,2,1,1,1,6
201500049229,0015-11-29 19:40:00,15,11,29,19,40,330,3,AUTOROUTE A 10,44.92741,-0.47108,Nuit avec éclairage allumé,Hors agglomération,Hors intersection,Pluie légère,Autre collision,,,,,,,,,,,5,1,1,2,6
201500049230,0015-11-30 12:15:00,15,11,30,12,15,330,318,AUTOROUTE A 63,44.48718,-0.62494,Plein jour,Hors agglomération,Hors intersection,Normale,Deux véhicules - côté,,,,,,,,,,,1,1,1,1,3
201500049231,0015-11-30 12:50:00,15,11,30,12,50,330,39,ROCADE A 630,44.47573,-0.53841,Plein jour,Hors agglomération,Hors intersection,Normale,Deux véhicules - côté,,,,,,,,,,,1,1,1,1,3
201500049232,0015-12-01 07:28:00,15,12,1,7,28,330,75,ROCADE A 630,44.89004,-0.61124,Nuit sans éclairage public,Hors agglomération,Hors intersection,Brouillard / fumée,Deux véhicules - arrière,,,,,,,,,,,3,1,1,5,2
201500049233,0015-12-01 09:10:00,15,12,1,9,10,330,487,AUTOROUTE A 10,44.94744,-0.46467,Plein jour,Hors agglomération,Hors intersection,Brouillard / fumée,Trois véhicules et plus - collisions multiples,,,,,,,,,,,1,1,1,5,5
201500049234,0015-12-03 08:40:00,15,12,3,8,40,330,75,ROCADE A 630,44.88623,-0.62141,Plein jour,Hors agglomération,Hors intersection,Brouillard / fumée,Deux véhicules - frontale,,,,,,,,,,,1,1,1,5,1