accident_id,datetime,annee,mois,jour,heure,minute,departement,commune_insee,adresse,latitude,longitude,luminosite,agglomeration,intersection,meteo,collision,nb_vehicules,nb_usagers,nb_indemnes,nb_tues,nb_blesses_hosp,nb_blesses_legers,age_cond_1,age_cond_2,veh_type_cond_1,veh_type_cond_2,lum_code,agg_code,int_code,atm_code,col_code
201500049235,0015-12-05 15:05:00,15,12,5,15,5,330,397,AUTOROUTE A 10,44.91669,-0.47751,Plein jour,Hors agglomération,Hors intersection,Normale,Trois véhicules et plus - collisions multiples,,,,,,,,,,,1,1,1,1,5
201500049236,0015-12-07 07:25:00,15,12,7,7,25,330,487,AUTOROUTE A 10,44.95053,-0.46212,Nuit avec éclairage allumé,Hors agglomération,Hors intersection,Normale,Trois véhicules et plus - collisions multiples,,,,,,,,,,,5,1,1,1,5
201500049237,0015-12-07 08:15:00,15,12,7,8,15,330,249,ROCADE A 630,44.87988,-0.53672,Crépuscule ou aube,Hors agglomération,Hors intersection,Normale,Deux véhicules - côté,,,,,,,,,,,2,1,1,1,3
201500049238,0015-12-07 13:55:00,15,12,7,13,55,330,162,ROCADE A 630,44.87326,-0.63892,Plein jour,Hors agglomération,Hors intersection,Normale,Autre collision,,,,,,,,,,,1,1,1,1,6
201500049239,0015-12-08 18:10:00,15,12,8,18,10,330,162,ROCADE A 630,44.87231,-0.64059,Nuit sans éclairage public,Hors agglomération,Hors intersection,Normale,Autre collision,,,,,,,,,,,3,1,1,1,6
201500049240,0015-12-10 08:45:00,15,12,10,8,45,330,281,ROCADE A 630,44.85752,-0.66241,Plein jour,Hors agglomération,Hors intersection,Normale,Deux véhicules - côté,,,,,,,,,,,1,1,1,1,3
201500049241,0015-12-10 09:50:00,15,12,10,9,50,330,63,ROCADE A 630,44.88245,-0.55014,Plein jour,Hors agglomération,Hors intersection,Normale,Trois véhicules et plus - en chaîne,,,,,,,,,,,1,1,1,1,4
201500049242,0015-12-10 18:15:00,15,12,10,18,15,330,318,ROCADE A 630,44.79096,-0.64747,Nuit sans éclairage public,Hors agglomération,Hors intersection,Normale,Deux véhicules - frontale,,,,,,,,,,,3,1,1,1,1
201500049243,0015-12-10 18:20:00,15,12,10,18,20,330,397,AUTOROUTE A 10,44.90412,-0.4928,Nuit avec éclairage allumé,Hors agglomération,Hors intersection,Normale,Deux véhicules - côté,,,,,,,,,,,5,1,1,1,3
201500049244,0015-12-10 21:20:00,15,12,10,21,20,330,143,AUTOROUTE A 10,44.96422,-0.44406,Nuit sans éclairage public,Hors agglomération,Hors intersection,Normale,Sans collision,,,,,,,,,,,3,1,1,1,7
201500049245,0015-12-11 20:30:00,15,12,11,20,30,330,65,ROUTE NATIONALE 230,44.81106,-0.52215,Nuit avec éclairage allumé,Hors agglomération,Hors intersection,Normale,Deux véhicules - côté,,,,,,,,,,,5,1,1,1,3
201500049246,0015-12-12 13:50:00,15,12,12,13,50,330,63,ROCADE A 630,44.88214,-0.54848,Plein jour,Hors agglomération,Hors intersection,Normale,Trois véhicules et plus - en chaîne,,,,,,,,,,,1,1,1,1,4
201500049247,0015-12-12 17:35:00,15,12,12,17,35,330,397,AUTOROUTE A 10,44.90939,-0.4892,Crépuscule ou aube,Hors agglomération,Hors intersection,Normale,Autre collision,,,,,,,,,,,2,1,1,1,6
201500049248,0015-12-13 11:40:00,15,12,13,11,40,330,63,ROCADE A 630,44.88318,-0.55393,Plein jour,Hors agglomération,Hors intersection,Normale,Autre collision,,,,,,,,,,,1,1,1,1,6
201500049249,0015-12-14 08:30:00,15,12,14,8,30,330,550,ROCADE A 630,44.77759,-0.55969,Plein jour,Hors agglomération,Hors intersection,Normale,Deux véhicules - arrière,,,,,,,,,,,1,1,1,1,2
201500049250,0015-12-16 08:55:00,15,12,16,8,55,330,162,ROCADE A 630,44.88004,-0.62704,Plein jour,Hors agglomération,Hors intersection,Normale,Deux véhicules - arrière,,,,,,,,,,,1,1,1,1,2
201500049251,0015-12-17 06:50:00,15,12,17,6,50,330,3,AUTOROUTE A 10,44.92332,-0.47369,Nuit avec éclairage allumé,Hors agglomération,Hors intersection,Normale,Trois véhicules et plus - en chaîne,,,,,,,,,,,5,1,1,1,4
201500049252,0015-12-17 10:35:00,15,12,17,10,35,330,63,ROCADE A 630,44.88081,-0.54142,Plein jour,Hors agglomération,Hors intersection,Normale,Deux véhicules - arrière,,,,,,,,,,,1,1,1,1,2
201500049253,0015-12-17 16:00:00,15,12,17,16,0,330,65,ROUTE NATIONALE 230,44.80917,-0.52445,Plein jour,Hors agglomération,Hors intersection,Normale,Trois véhicules et plus - en chaîne,,,,,,,,,,,1,1,1,1,4
201500049254,0015-12-17 19:34:00,15,12,17,19,34,330,39,ROCADE A 630,44.79409,-0.53968,Nuit avec éclairage non allumé,Hors agglomération,Hors intersection,Normale,Deux véhicules - arrière,,,,,,,,,,,4,1,1,1,2
201500049255,0015-12-10 19:15:00,15,12,10,19,15,330,39,ROCADE A 630,44.80382,-0.53255,Nuit sans éclairage public,Hors agglomération,Hors intersection,Normale,Trois véhicules et plus - en chaîne,,,,,,,,,,,3,1,1,1,4
201500049256,0015-12-18 16:00:00,15,12,18,16,0,330,192,AUTOROUTE A 63,44.78553,-0.62814,Plein jour,Hors agglomération,Hors intersection,Normale,Deux véhicules - côté,,,,,,,,,,,1,1,1,1,3
201500049257,0015-12-18 19:30:00,15,12,18,19,30,330,39,ROCADE A 630,44.79834,-0.53726,Nuit avec éclairage allumé,Hors agglomération,Hors intersection,Normale,Deux véhicules - arrière,,,,,,,,,,,5,1,1,1,2
201500049258,0015-12-19 11:20:00,15,12,19,11,20,330,65,ROUTE NATIONALE 230,44.81003,-0.5232,Plein jour,Hors agglomération,Hors intersection,Normale,Autre collision,,,,,,,,,,,1,1,1,1,6
201500049259,0015-12-20 20:55:00,15,12,20,20,55,330,75,ROCADE A 630,44.88954,-0.60395,Nuit sans éclairage public,Hors agglomération,Hors intersection,Pluie légère,Autre collision,,,,,,,,,,,3,1,1,2,6
201500049260,0015-01-01 07:30:00,15,1,1,7,30,690,123,"65, RUE FRANCOIS GENIN",45.7564,4.79242,Crépuscule ou aube,En agglomération,Hors intersection,Normale,Autre collision,,,,,,,,,,,2,2,1,1,6
201500049261,0015-01-11 18:30:00,15,1,11,18,30,690,385,"48, RUE DE TRION",,,Nuit avec éclairage allumé,En agglomération,Hors intersection,Normale,Deux véhicules - frontale,,,,,,,,,,,5,2,1,1,1
201500049262,0015-01-13 13:25:00,15,1,13,13,25,690,385,"6, RUE DE L ANTIQUAILLE",45.7653,4.83035,Plein jour,En agglomération,Hors intersection,Normale,Deux véhicules - côté,,,,,,,,,,,1,2,1,1,3
201500049263,0015-01-16 18:15:00,15,1,16,18,15,690,385,"84, RUE COMMANDANT CHARC",45.753,4.79692,Nuit avec éclairage allumé,En agglomération,Hors intersection,Pluie forte,Autre collision,,,,,,,,,,,5,2,1,3,6
201500049264,0015-01-19 22:20:00,15,1,19,22,20,690,385,"40, RUE COMMANDANT CHARC",45.7713,4.80198,Nuit avec éclairage allumé,En agglomération,Hors intersection,Pluie légère,Deux véhicules - côté,,,,,,,,,,,5,2,1,2,3
201500049265,0015-01-22 16:43:00,15,1,22,16,43,690,385,"59, RUE DES AQUEDUCS",45.7635,4.78872,Plein jour,En agglomération,Hors intersection,Normale,Autre collision,,,,,,,,,,,1,2,1,1,6
201500049266,0015-01-27 06:40:00,15,1,27,6,40,690,385,CHEMIN DE CHOULANS,45.7526,4.81136,Nuit avec éclairage allumé,En agglomération,Hors intersection,Pluie légère,Deux véhicules - arrière,,,,,,,,,,,5,2,1,2,2
201500049267,0015-01-28 18:00:00,15,1,28,18,0,690,385,"31, RUE FRANCOIS GENIN",45.753,4.79692,Nuit avec éclairage allumé,Hors agglomération,Hors intersection,Pluie légère,Sans collision,,,,,,,,,,,5,1,1,2,7
201500049268,0015-02-02 19:20:00,15,2,2,19,20,690,385,"14, AVENUE DU POINT DU J",,,Nuit avec éclairage allumé,En agglomération,Autre intersection,Normale,Sans collision,,,,,,,,,,,5,2,9,1,7
201500049269,0015-02-04 08:25:00,15,2,4,8,25,690,385,RUE COMMANDANT CHARCOT,,,Plein jour,En agglomération,Hors intersection,Normale,Deux véhicules - côté,,,,,,,,,,,1,2,1,1,3
201500049270,0015-02-05 13:31:00,15,2,5,13,31,690,385,"12 Bis, QUAI DES ETROITS",,,Plein jour,En agglomération,Hors intersection,Neige / grêle,Deux véhicules - côté,,,,,,,,,,,1,2,1,4,3
201500049271,0015-02-13 16:35:00,15,2,13,16,35,690,385,CHEMIN DE CHOULANS,,,Plein jour,En agglomération,Hors intersection,Normale,Deux véhicules - frontale,,,,,,,,,,,1,2,1,1,1
201500049272,0015-03-02 07:25:00,15,3,2,7,25,690,385,"185, CHEMIN DE CHOULANS",,,Plein jour,En agglomération,Hors intersection,Pluie légère,Autre collision,,,,,,,,,,,1,2,1,2,6
201500049273,0015-03-06 15:00:00,15,3,6,15,0,690,385,"55, MONTEE DU CHEMIN NEU",,,Plein jour,En agglomération,Hors intersection,Normale,Autre collision,,,,,,,,,,,1,2,1,1,6
201500049274,0015-03-08 08:40:00,15,3,8,8,40,690,385,AVENUE GENERAL EISENHOWE,,,Plein jour,En agglomération,Intersection en X,Normale,Deux véhicules - côté,,,,,,,,,,,1,2,2,1,3
201500049275,0015-03-12 13:45:00,15,3,12,13,45,690,385,RUE DOCTEUR EDMOND LOCAR,,,Plein jour,En agglomération,Intersection en X,Normale,Deux véhicules - côté,,,,,,,,,,,1,2,2,1,3
201500049276,0015-01-01 04:15:00,15,1,1,4,15,670,124,Autoroute A.35,,,Nuit sans éclairage public,Hors agglomération,Hors intersection,Normale,Deux véhicules - côté,,,,,,,,,,,3,1,1,1,3
201500049277,0015-12-31 12:00:00,15,12,31,12,0,670,152,Route Nationale 83,,,Plein jour,Hors agglomération,Hors intersection,Temps couvert,Deux véhicules - côté,,,,,,,,,,,1,1,1,8,3
201500049278,0015-01-07 13:05:00,15,1,7,13,5,670,482,Autoroute A.35,,,Plein jour,Hors agglomération,Hors intersection,Normale,Deux véhicules - arrière,,,,,,,,,,,1,1,1,1,2
201500049279,0015-12-31 18:40:00,15,12,31,18,40,670,482,Autoroute A.35,,,Nuit sans éclairage public,Hors agglomération,Hors intersection,Normale,Trois véhicules et plus - en chaîne,,,,,,,,,,,3,1,1,1,4
201500049280,0015-01-12 13:40:00,15,1,12,13,40,670,389,Autoroute A.4,,,Plein jour,Hors agglomération,Hors intersection,Normale,Trois véhicules et plus - collisions multiples,,,,,,,,,,,1,1,1,1,5
201500049281,0015-12-16 18:05:00,15,12,16,18,5,670,309,Autoroute A.4,48.64396,7.73199,Nuit sans éclairage public,Hors agglomération,Hors intersection,Pluie légère,Trois véhicules et plus - en chaîne,,,,,,,,,,,3,1,1,2,4
201500049282,0015-01-15 09:00:00,15,1,15,9,0,670,482,Autoroute A.35,,,Plein jour,Hors agglomération,Hors intersection,Normale,Deux véhicules - côté,,,,,,,,,,,1,1,1,1,3
201500049283,0015-03-10 19:30:00,15,3,10,19,30,670,482,N.4 Contournement Sud,,,Nuit sans éclairage public,Hors agglomération,Hors intersection,Pluie légère,Trois véhicules et plus - en chaîne,,,,,,,,,,,3,1,1,2,4
201500049284,0015-03-15 10:45:00,15,3,15,10,45,670,43,Autoroute A.4,,,Plein jour,Hors agglomération,Hors intersection,Normale,Trois véhicules et plus - en chaîne,,,,,,,,,,,1,1,1,1,4
201500049285,0015-03-26 20:50:00,15,3,26,20,50,670,482,Autoroute A.35,,,Nuit avec éclairage non allumé,Hors agglomération,Hors intersection,Temps couvert,Deux véhicules - arrière,,,,,,,,,,,4,1,1,8,2
201500049286,0015-04-08 01:48:00,15,4,8,1,48,670,218,Autoroute A.35,,,Nuit sans éclairage public,Hors agglomération,Hors intersection,Normale,Autre collision,,,,,,,,,,,3,1,1,1,6
201500049287,0015-05-21 09:20:00,15,5,21,9,20,670,152,Autoroute A.35,,,Plein jour,Hors agglomération,Hors intersection,Normale,Trois véhicules et plus - en chaîne,,,,,,,,,,,1,1,1,1,4
201500049288,0015-05-28 08:20:00,15,5,28,8,20,670,152,Autoroute A.35,,,Plein jour,Hors agglomération,Hors intersection,Normale,Trois véhicules et plus - en chaîne,,,,,,,,,,,1,1,1,1,4
201500049289,0015-06-04 17:05:00,15,6,4,17,5,670,482,Autoroute A.351,,,Plein jour,Hors agglomération,Hors intersection,Normale,Deux véhicules - arrière,,,,,,,,,,,1,1,1,1,2
201500049290,0015-05-12 17:10:00,15,5,12,17,10,670,482,Autoroute A.35,48.5758,7.72794,Plein jour,Hors agglomération,Hors intersection,Normale,Deux véhicules - côté,,,,,,,,,,,1,1,1,1,3
201500049291,0015-06-01 07:46:00,15,6,1,7,46,670,389,Autoroute A.4,48.6488,7.73408,Plein jour,Hors agglomération,Hors intersection,Normale,Trois véhicules et plus - collisions multiples,,,,,,,,,,,1,1,1,1,5
201500049292,0015-06-11 15:40:00,15,6,11,15,40,670,482,Autoroute A.35,48.5926,7.73833,Plein jour,Hors agglomération,Hors intersection,Normale,Deux véhicules - arrière,,,,,,,,,,,1,1,1,1,2
201500049293,0015-06-18 13:10:00,15,6,18,13,10,670,482,N.4 Contournement Sud,48.5706,7.73,Plein jour,Hors agglomération,Hors intersection,Pluie légère,Autre collision,,,,,,,,,,,1,1,1,2,6
201500049294,0015-06-22 14:20:00,15,6,22,14,20,670,482,Autoroute A.35,48.5797,7.72453,Plein jour,Hors agglomération,Hors intersection,Normale,Deux véhicules - côté,,,,,,,,,,,1,1,1,1,3
201500049295,0015-07-01 08:30:00,15,7,1,8,30,670,218,Autoroute A.35,48.5484,7.72992,Plein jour,Hors agglomération,Hors intersection,Normale,Trois véhicules et plus - en chaîne,,,,,,,,,,,1,1,1,1,4
201500049296,0015-07-08 16:55:00,15,7,8,16,55,670,218,R.N. 353,,,Plein jour,Hors agglomération,Hors intersection,Normale,Trois véhicules et plus - en chaîne,,,,,,,,,,,1,1,1,1,4
201500049297,0015-07-08 19:25:00,15,7,8,19,25,670,447,Autoroute A.4,,,Plein jour,Hors agglomération,Hors intersection,Normale,Deux véhicules - côté,,,,,,,,,,,1,1,1,1,3
201500049298,0015-07-19 08:30:00,15,7,19,8,30,670,365,Autoroute A.35,,,Plein jour,Hors agglomération,Hors intersection,Normale,Autre collision,,,,,,,,,,,1,1,1,1,6
201500049299,0015-08-13 11:30:00,15,8,13,11,30,670,482,Autoroute A.35,48.5654,7.73292,Plein jour,Hors agglomération,Hors intersection,Normale,Deux véhicules - arrière,,,,,,,,,,,1,1,1,1,2
201500049300,0015-08-16 16:15:00,15,8,16,16,15,670,482,Autoroute A.35,,,Plein jour,Hors agglomération,Hors intersection,Normale,Trois véhicules et plus - en chaîne,,,,,,,,,,,1,1,1,1,4
201500049301,0015-08-18 15:00:00,15,8,18,15,0,670,482,Autoroute A.35,48.5805,7.72427,Plein jour,Hors agglomération,Hors intersection,Normale,Trois véhicules et plus - en chaîne,,,,,,,,,,,1,1,1,1,4
201500049302,0015-09-01 15:35:00,15,9,1,15,35,670,482,Autoroute A.35,,,Plein jour,Hors agglomération,Hors intersection,Pluie légère,Deux véhicules - côté,,,,,,,,,,,1,1,1,2,3
201500049303,0015-09-03 18:00:00,15,9,3,18,0,670,482,Autoroute A.35,,,Plein jour,Hors agglomération,Hors intersection,Normale,Deux véhicules - arrière,,,,,,,,,,,1,1,1,1,2
201500049304,0015-09-08 13:25:00,15,9,8,13,25,670,482,Autoroute A.35,,,Plein jour,Hors agglomération,Hors intersection,Normale,Trois véhicules et plus - collisions multiples,,,,,,,,,,,1,1,1,1,5
201500049305,0015-08-27 18:00:00,15,8,27,18,0,670,152,Autoroute A.35,,,Plein jour,Hors agglomération,Hors intersection,Normale,Deux véhicules - arrière,,,,,,,,,,,1,1,1,1,2
201500049306,0015-09-17 12:35:00,15,9,17,12,35,670,482,Route Nationale 2350,,,Plein jour,Hors agglomération,Hors intersection,Pluie forte,Sans collision,,,,,,,,,,,1,1,1,3,7
201500049307,0015-10-01 14:25:00,15,10,1,14,25,670,482,Autoroute A.35,,,Plein jour,Hors agglomération,Hors intersection,Normale,Deux véhicules - côté,,,,,,,,,,,1,1,1,1,3
201500049308,0015-10-02 10:10:00,15,10,2,10,10,670,482,Autoroute A.35,,,Plein jour,Hors agglomération,Hors intersection,Normale,Deux véhicules - arrière,,,,,,,,,,,1,1,1,1,2
201500049309,0015-10-07 17:50:00,15,10,7,17,50,670,482,Autoroute A.35,,,Plein jour,Hors agglomération,Hors intersection,Normale,Trois véhicules et plus - en chaîne,,,,,,,,,,,1,1,1,1,4
201500049310,0015-10-06 18:00:00,15,10,6,18,0,670,482,N.4 Contournement Sud,,,Crépuscule ou aube,Hors agglomération,Hors intersection,Normale,Deux véhicules - arrière,,,,,,,,,,,2,1,1,1,2
201500049311,0015-10-09 16:55:00,15,10,9,16,55,670,137,R.N. 353,,,Plein jour,Hors agglomération,Hors intersection,Normale,Autre collision,,,,,,,,,,,1,1,1,1,6
201500049312,0015-09-24 21:15:00,15,9,24,21,15,670,482,Autoroute A.35,,,Nuit sans éclairage public,Hors agglomération,Hors intersection,Normale,Deux véhicules - côté,,,,,,,,,,,3,1,1,1,3
201500049313,0015-10-13 17:40:00,15,10,13,17,40,670,152,Autoroute A.35,,,Plein jour,Hors agglomération,Hors intersection,Normale,Deux véhicules - arrière,,,,,,,,,,,1,1,1,1,2
201500049314,0015-10-19 18:30:00,15,10,19,18,30,670,482,Autoroute A.35,,,Crépuscule ou aube,Hors agglomération,Hors intersection,Normale,Trois véhicules et plus - en chaîne,,,,,,,,,,,2,1,1,1,4
201500049315,0015-10-22 06:55:00,15,10,22,6,55,670,482,Autoroute A.35,,,Nuit sans éclairage public,Hors agglomération,Hors intersection,Normale,Deux véhicules - côté,,,,,,,,,,,3,1,1,1,3
201500049316,0015-10-26 12:35:00,15,10,26,12,35,670,152,Autoroute A.35,,,Plein jour,Hors agglomération,Hors intersection,Normale,Trois véhicules et plus - en chaîne,,,,,,,,,,,1,1,1,1,4
201500049317,0015-10-29 09:10:00,15,10,29,9,10,670,482,N.4 CONTOURNEMENT-SUD,48.5706,7.72972,Plein jour,Hors agglomération,Hors intersection,Temps couvert,Autre collision,,,,,,,,,,,1,1,1,8,6
201500049318,0015-11-04 15:30:00,15,11,4,15,30,670,482,Autoroute A.35,,,Plein jour,Hors agglomération,Hors intersection,Normale,Deux véhicules - arrière,,,,,,,,,,,1,1,1,1,2
201500049319,0015-11-03 12:40:00,15,11,3,12,40,670,365,Autoroute A.35,,,Plein jour,Hors agglomération,Hors intersection,Normale,Deux véhicules - côté,,,,,,,,,,,1,1,1,1,3
201500049320,0015-11-19 08:20:00,15,11,19,8,20,670,118,Autoroute A.351,,,Plein jour,Hors agglomération,Hors intersection,Normale,Deux véhicules - arrière,,,,,,,,,,,1,1,1,1,2
201500049321,0015-11-24 18:00:00,15,11,24,18,0,670,482,Autoroute A.351,,,Nuit sans éclairage public,Hors agglomération,Hors intersection,Temps couvert,Trois véhicules et plus - en chaîne,,,,,,,,,,,3,1,1,8,4
201500049322,0015-12-03 14:28:00,15,12,3,14,28,670,447,Autoroute A.4,,,Plein jour,Hors agglomération,Hors intersection,Normale,Deux véhicules - côté,,,,,,,,,,,1,1,1,1,3
201500049323,0015-12-08 10:55:00,15,12,8,10,55,670,482,Autoroute A.35,,,Plein jour,Hors agglomération,Hors intersection,Normale,Deux véhicules - côté,,,,,,,,,,,1,1,1,1,3
201500049324,0015-12-14 17:50:00,15,12,14,17,50,670,482,Route Nationale 2350,,,Crépuscule ou aube,Hors agglomération,Hors intersection,Normale,Deux véhicules - arrière,,,,,,,,,,,2,1,1,1,2
201500049325,0015-12-12 08:35:00,15,12,12,8,35,670,482,Autoroute A.351,48.5853,7.72364,Plein jour,Hors agglomération,Hors intersection,Normale,Autre collision,,,,,,,,,,,1,1,1,1,6
201500049326,0015-12-05 17:45:00,15,12,5,17,45,670,482,Autoroute A.35,,,Nuit sans éclairage public,Hors agglomération,Hors intersection,Normale,Trois véhicules et plus - en chaîne,,,,,,,,,,,3,1,1,1,4
201500049327,0015-12-16 19:23:00,15,12,16,19,23,670,152,Route Nationale 83,,,Nuit avec éclairage non allumé,Hors agglomération,Hors intersection,Normale,Trois véhicules et plus - en chaîne,,,,,,,,,,,4,1,1,1,4
201500049328,0015-11-07 16:05:00,15,11,7,16,5,670,389,Autoroute A.4,,,Plein jour,Hors agglomération,Hors intersection,Normale,Deux véhicules - arrière,,,,,,,,,,,1,1,1,1,2
201500049329,0015-01-08 18:15:00,15,1,8,18,15,540,547,Autoroute A 330,48.65902,6.18636,Nuit avec éclairage allumé,Hors agglomération,Hors intersection,Normale,Autre collision,,,,,,,,,,,5,1,1,1,6
201500049330,0015-01-16 17:25:00,15,1,16,17,25,540,578,Autoroute A 33,48.65945,6.12571,Crépuscule ou aube,Hors agglomération,Hors intersection,Normale,Trois véhicules et plus - en chaîne,,,,,,,,,,,2,1,1,1,4
201500049331,0015-02-24 08:28:00,15,2,24,8,28,540,304,Autoroute A 33,48.67503,6.12087,Plein jour,Hors agglomération,Hors intersection,Normale,Trois véhicules et plus - en chaîne,,,,,,,,,,,1,1,1,1,4
201500049332,0015-03-07 16:20:00,15,3,7,16,20,540,123,Autoroute A 33,48.64677,6.14225,Plein jour,Hors agglomération,Hors intersection,Normale,Deux véhicules - arrière,,,,,,,,,,,1,1,1,1,2
201500049333,0015-04-16 06:55:00,15,4,16,6,55,540,123,Autoroute A 33,48.64633,6.14246,Crépuscule ou aube,Hors agglomération,Hors intersection,Normale,Autre collision,,,,,,,,,,,2,1,1,1,6
201500049334,0015-04-10 21:10:00,15,4,10,21,10,540,232,Autoroute A 31,48.68779,5.96426,Nuit sans éclairage public,Hors agglomération,Hors intersection,Normale,Deux véhicules - arrière,,,,,,,,,,,3,1,1,1,2
201500049335,0015-04-20 18:00:00,15,4,20,18,0,540,232,Autoroute A 31,48.68922,5.98157,Plein jour,Hors agglomération,Hors intersection,Normale,Deux véhicules - côté,,,,,,,,,,,1,1,1,1,3
201500049336,0015-04-14 22:50:00,15,4,14,22,50,540,320,Autoroute A 31,48.85754,6.09012,Nuit sans éclairage public,Hors agglomération,Hors intersection,Normale,Autre collision,,,,,,,,,,,3,1,1,1,6
201500049337,0015-05-07 18:20:00,15,5,7,18,20,540,547,Autoroute A 330,48.65672,6.18483,Plein jour,Hors agglomération,Hors intersection,Normale,Deux véhicules - arrière,,,,,,,,,,,1,1,1,1,2
201500049338,0015-05-14 12:56:00,15,5,14,12,56,540,304,Autoroute A 31,48.69434,6.11718,Plein jour,Hors agglomération,Hors intersection,Pluie légère,Deux véhicules - arrière,,,,,,,,,,,1,1,1,2,2
201500049339,0015-05-10 22:50:00,15,5,10,22,50,540,115,Autoroute A 31,48.72988,6.16149,Nuit sans éclairage public,Hors agglomération,Hors intersection,Normale,Trois véhicules et plus - collisions multiples,,,,,,,,,,,3,1,1,1,5
201500049340,0015-06-04 23:53:00,15,6,4,23,53,540,547,Autoroute A33,48.64671,6.13978,Nuit sans éclairage public,Hors agglomération,Hors intersection,Normale,Sans collision,,,,,,,,,,,3,1,1,1,7
201500049341,0015-05-15 18:20:00,15,5,15,18,20,540,157,Autoroute A 31,48.85529,6.08529,Plein jour,Hors agglomération,Hors intersection,Normale,Trois véhicules et plus - collisions multiples,,,,,,,,,,,1,1,1,1,5
201500049342,0015-06-26 22:35:00,15,6,26,22,35,540,483,Autoroute A 33,48.61697,6.28524,Nuit sans éclairage public,Hors agglomération,Hors intersection,Normale,Sans collision,,,,,,,,,,,3,1,1,1,7
201500049343,0015-07-01 12:03:00,15,7,1,12,3,540,528,Autoroute A 31,48.65564,5.89043,Plein jour,Hors agglomération,Hors intersection,Normale,Deux véhicules - côté,,,,,,,,,,,1,1,1,1,3
201500049344,0015-07-05 05:45:00,15,7,5,5,45,540,232,Autoroute A 31,48.68861,6.01125,Crépuscule ou aube,Hors agglomération,Hors intersection,Normale,Deux véhicules - arrière,,,,,,,,,,,2,1,1,1,2
201500049345,0015-07-15 12:15:00,15,7,15,12,15,540,232,Autoroute A 31,48.68089,5.94075,Plein jour,Hors agglomération,Hors intersection,Normale,Deux véhicules - arrière,,,,,,,,,,,1,1,1,1,2
201500049346,0015-07-30 15:10:00,15,7,30,15,10,540,345,Autoroute A33,48.61735,6.27895,Plein jour,Hors agglomération,Hors intersection,Normale,Sans collision,,,,,,,,,,,1,1,1,1,7
201500049347,0015-07-31 01:45:00,15,7,31,1,45,540,60,Autoroute A 31,48.82233,6.10366,Nuit sans éclairage public,Hors agglomération,Hors intersection,Normale,Sans collision,,,,,,,,,,,3,1,1,1,7
201500049348,0015-08-30 06:07:00,15,8,30,6,7,540,27,Autoroute A 31,48.92101,6.10972,Crépuscule ou aube,Hors agglomération,Hors intersection,Normale,Deux véhicules - arrière,,,,,,,,,,,2,1,1,1,2
201500049349,0015-08-26 14:30:00,15,8,26,14,30,540,167,Autoroute A 31,48.66175,5.91114,Plein jour,Hors agglomération,Autre intersection,Normale,Autre collision,,,,,,,,,,,1,1,9,1,6
201500049350,0015-09-16 22:20:00,15,9,16,22,20,540,459,Autoroute A 330,,,Nuit sans éclairage public,Hors agglomération,Hors intersection,Pluie forte,Autre collision,,,,,,,,,,,3,1,1,3,6
201500049351,0015-09-07 09:30:00,15,9,7,9,30,540,122,Autoroute A 31,48.6592,5.90814,Plein jour,Hors agglomération,Hors intersection,Normale,Deux véhicules - côté,,,,,,,,,,,1,1,1,1,3
201500049352,0015-09-24 09:05:00,15,9,24,9,5,540,547,Autoroute A 33,48.6483,6.13528,Plein jour,Hors agglomération,Hors intersection,Normale,Deux véhicules - arrière,,,,,,,,,,,1,1,1,1,2
201500049353,0015-09-21 08:15:00,15,9,21,8,15,540,328,Autoroute A 330,48.61722,6.17978,Plein jour,Hors agglomération,Hors intersection,Normale,Autre collision,,,,,,,,,,,1,1,1,1,6
201500049354,0015-09-14 08:25:00,15,9,14,8,25,540,115,Autoroute A 31,48.69415,6.09809,Plein jour,Hors agglomération,Hors intersection,Temps éblouissant,Deux véhicules - arrière,,,,,,,,,,,1,1,1,7,2
201500049355,0015-09-29 08:50:00,15,9,29,8,50,540,265,Autoroute A 33,48.6356,6.17256,Plein jour,Hors agglomération,Hors intersection,Normale,Trois véhicules et plus - en chaîne,,,,,,,,,,,1,1,1,1,4
201500049356,0015-10-20 05:55:00,15,10,20,5,55,540,357,Autoroute A 31,,,Nuit avec éclairage non allumé,Hors agglomération,Hors intersection,Normale,Autre collision,,,,,,,,,,,4,1,1,1,6
201500049357,0015-10-22 17:30:00,15,10,22,17,30,540,357,Autoroute A 31,,,Plein jour,Hors agglomération,Hors intersection,Pluie légère,Deux véhicules - arrière,,,,,,,,,,,1,1,1,2,2
201500049358,0015-11-23 09:00:00,15,11,23,9,0,540,150,Autoroute A 31,48.7822,6.14419,Plein jour,Hors agglomération,Hors intersection,Pluie forte,Trois véhicules et plus - en chaîne,,,,,,,,,,,1,1,1,3,4
201500049359,0015-11-23 17:51:00,15,11,23,17,51,540,90,Autoroute A 31,48.74824,6.15592,Nuit avec éclairage allumé,Hors agglomération,Hors intersection,Normale,Deux véhicules - arrière,,,,,,,,,,,5,1,1,1,2