accident_id,datetime,annee,mois,jour,heure,minute,departement,commune_insee,adresse,latitude,longitude,luminosite,agglomeration,intersection,meteo,collision,nb_vehicules,nb_usagers,nb_indemnes,nb_tues,nb_blesses_hosp,nb_blesses_legers,age_cond_1,age_cond_2,veh_type_cond_1,veh_type_cond_2,lum_code,agg_code,int_code,atm_code,col_code
201500049360,0015-12-04 18:00:00,15,12,4,18,0,540,115,Autoroute  A33,,,Plein jour,Hors agglomération,Hors intersection,Normale,Trois véhicules et plus - en chaîne,,,,,,,,,,,1,1,1,1,4
201500049361,0015-11-13 18:30:00,15,11,13,18,30,540,304,Autoroute A 33,48.64863,6.13536,Nuit sans éclairage public,Hors agglomération,Hors intersection,Normale,Trois véhicules et plus - en chaîne,,,,,,,,,,,3,1,1,1,4
201500049362,0015-12-04 19:00:00,15,12,4,19,0,540,462,Autoroute A 33,,,Nuit sans éclairage public,Hors agglomération,Hors intersection,Normale,Trois véhicules et plus - en chaîne,,,,,,,,,,,3,1,1,1,4
201500049363,0015-01-02 20:50:00,15,1,2,20,50,570,463,Autoroute A31,,,Nuit avec éclairage non allumé,Hors agglomération,Hors intersection,Pluie légère,Sans collision,,,,,,,,,,,4,1,1,2,7
201500049364,0015-12-22 10:35:00,15,12,22,10,35,570,672,Autoroute A31,,,Plein jour,Hors agglomération,Hors intersection,Normale,Deux véhicules - arrière,,,,,,,,,,,1,1,1,1,2
201500049365,0015-01-13 07:15:00,15,1,13,7,15,570,356,Autoroute A31,,,Nuit sans éclairage public,Hors agglomération,Hors intersection,Normale,Deux véhicules - côté,,,,,,,,,,,3,1,1,1,3
201500049366,0015-01-20 17:30:00,15,1,20,17,30,570,343,Autoroute A31,,,Crépuscule ou aube,Hors agglomération,Hors intersection,Normale,Trois véhicules et plus - en chaîne,,,,,,,,,,,2,1,1,1,4
201500049367,0015-02-05 03:35:00,15,2,5,3,35,570,146,Autoroute A31,,,Nuit sans éclairage public,Hors agglomération,Hors intersection,Normale,Sans collision,,,,,,,,,,,3,1,1,1,7
201500049368,0015-02-15 05:20:00,15,2,15,5,20,570,137,Autoroute A31,,,Nuit sans éclairage public,Hors agglomération,Hors intersection,Normale,Deux véhicules - frontale,,,,,,,,,,,3,1,1,1,1
201500049369,0015-02-21 11:45:00,15,2,21,11,45,570,356,Autoroute A31,,,Plein jour,Hors agglomération,Hors intersection,Normale,Deux véhicules - frontale,,,,,,,,,,,1,1,1,1,1
201500049370,0015-03-12 07:50:00,15,3,12,7,50,570,463,Autoroute A31 10 6.2,,,Crépuscule ou aube,Hors agglomération,Hors intersection,Normale,Trois véhicules et plus - en chaîne,,,,,,,,,,,2,1,1,1,4
201500049371,0015-03-27 21:00:00,15,3,27,21,0,570,751,Autoroute A31,,,Nuit sans éclairage public,Hors agglomération,Hors intersection,Normale,Deux véhicules - arrière,,,,,,,,,,,3,1,1,1,2
201500049372,0015-04-01 08:05:00,15,4,1,8,5,570,303,Autoroute A31,,,Plein jour,Hors agglomération,Hors intersection,Normale,Trois véhicules et plus - en chaîne,,,,,,,,,,,1,1,1,1,4
201500049373,0015-03-19 10:30:00,15,3,19,10,30,570,463,Autoroute A31,,,Plein jour,Hors agglomération,Hors intersection,Normale,Deux véhicules - côté,,,,,,,,,,,1,1,1,1,3
201500049374,0015-04-25 02:10:00,15,4,25,2,10,570,452,Autoroute A31,,,Nuit sans éclairage public,Hors agglomération,Hors intersection,Normale,Deux véhicules - arrière,,,,,,,,,,,3,1,1,1,2
201500049375,0015-05-03 07:05:00,15,5,3,7,5,570,672,Autoroute A31,,,Plein jour,Hors agglomération,Hors intersection,Pluie légère,Deux véhicules - arrière,,,,,,,,,,,1,1,1,2,2
201500049376,0015-05-05 15:40:00,15,5,5,15,40,570,663,Autoroute A31,49.23797,6.1808,Plein jour,Hors agglomération,Hors intersection,Normale,Trois véhicules et plus - collisions multiples,,,,,,,,,,,1,1,1,1,5
201500049377,0015-05-08 14:22:00,15,5,8,14,22,570,206,Autoroute A30,,,Plein jour,Hors agglomération,Hors intersection,Normale,Sans collision,,,,,,,,,,,1,1,1,1,7
201500049378,0015-05-07 17:40:00,15,5,7,17,40,570,663,Autoroute A31,49.23355,6.17933,Plein jour,Hors agglomération,Hors intersection,Normale,Deux véhicules - arrière,,,,,,,,,,,1,1,1,1,2
201500049379,0015-05-13 15:44:00,15,5,13,15,44,570,452,Autoroute A31,,,Plein jour,Hors agglomération,Hors intersection,Normale,Deux véhicules - côté,,,,,,,,,,,1,1,1,1,3
201500049380,0015-05-19 17:32:00,15,5,19,17,32,570,672,Autoroute A31,49.35008,6.14863,Plein jour,Hors agglomération,Hors intersection,Normale,Trois véhicules et plus - en chaîne,,,,,,,,,,,1,1,1,1,4
201500049381,0015-06-17 17:00:00,15,6,17,17,0,570,96,Autoroute A30,49.40039,5.93991,Plein jour,Hors agglomération,Hors intersection,Normale,Deux véhicules - arrière,,,,,,,,,,,1,1,1,1,2
201500049382,0015-06-19 18:50:00,15,6,19,18,50,570,303,Autoroute A31,49.20444,6.1748,Plein jour,Hors agglomération,Hors intersection,Normale,Deux véhicules - côté,,,,,,,,,,,1,1,1,1,3
201500049383,0015-06-24 07:45:00,15,6,24,7,45,570,757,Autoroute A31,,,Plein jour,Hors agglomération,Hors intersection,Normale,Trois véhicules et plus - en chaîne,,,,,,,,,,,1,1,1,1,4
201500049384,0015-06-28 23:45:00,15,6,28,23,45,570,452,Autoroute A31,49.2908,6.3015,Nuit sans éclairage public,Hors agglomération,Hors intersection,Normale,Deux véhicules - arrière,,,,,,,,,,,3,1,1,1,2
201500049385,0015-07-02 04:23:00,15,7,2,4,23,570,663,Autoroute A31,49.22765,7.1787,Nuit sans éclairage public,Hors agglomération,Hors intersection,Normale,Deux véhicules - arrière,,,,,,,,,,,3,1,1,1,2
201500049386,0015-07-05 01:05:00,15,7,5,1,5,570,487,Autoroute A31,49.08284,6.10607,Nuit sans éclairage public,Hors agglomération,Hors intersection,Normale,Deux véhicules - arrière,,,,,,,,,,,3,1,1,1,2
201500049387,0015-07-13 13:35:00,15,7,13,13,35,570,487,Autoroute A31,49.0993,6.12669,Plein jour,Hors agglomération,Hors intersection,Normale,Deux véhicules - arrière,,,,,,,,,,,1,1,1,1,2
201500049388,0015-07-11 16:15:00,15,7,11,16,15,570,672,Autoroute A31,49.39214,6.10986,Plein jour,Hors agglomération,Hors intersection,Normale,Sans collision,,,,,,,,,,,1,1,1,1,7
201500049389,0015-07-28 11:02:00,15,7,28,11,2,570,764,Autoroute A31,49.47198,6.1214,Plein jour,Hors agglomération,Hors intersection,Normale,Autre collision,,,,,,,,,,,1,1,1,1,6
201500049390,0015-07-31 16:25:00,15,7,31,16,25,570,487,Autoroute A31,49.09561,6.11741,Plein jour,Hors agglomération,Hors intersection,Normale,Deux véhicules - arrière,,,,,,,,,,,1,1,1,1,2
201500049391,0015-09-15 03:20:00,15,9,15,3,20,570,416,Autoroute A31,48.9854,6.10541,Nuit sans éclairage public,Hors agglomération,Hors intersection,Normale,Sans collision,,,,,,,,,,,3,1,1,1,7
201500049392,0015-09-22 11:30:00,15,9,22,11,30,570,445,Autoroute A31,48.99663,6.10492,Plein jour,Hors agglomération,Hors intersection,Pluie légère,Sans collision,,,,,,,,,,,1,1,1,2,7
201500049393,0015-10-04 04:00:00,15,10,4,4,0,570,663,A31 CRS 49.15 6.1,,,Nuit sans éclairage public,Hors agglomération,Hors intersection,Normale,Trois véhicules et plus - collisions multiples,,,,,,,,,,,3,1,1,1,5
201500049394,0015-10-05 00:30:00,15,10,5,0,30,570,582,Autoroute A31,49.28764,6.17208,Nuit sans éclairage public,Hors agglomération,Hors intersection,Normale,Sans collision,,,,,,,,,,,3,1,1,1,7
201500049395,0015-10-26 17:05:00,15,10,26,17,5,570,672,Autoroute A31,49.36575,6.10669,Plein jour,Hors agglomération,Hors intersection,Normale,Deux véhicules - côté,,,,,,,,,,,1,1,1,1,3
201500049396,0015-10-28 19:00:00,15,10,28,19,0,570,303,Autoroute A31,49.20013,6.17025,Crépuscule ou aube,Hors agglomération,Hors intersection,Pluie forte,Deux véhicules - arrière,,,,,,,,,,,2,1,1,3,2
201500049397,0015-11-02 21:50:00,15,11,2,21,50,570,480,"A31 CRS 49.102,6.1343",,,Nuit sans éclairage public,Hors agglomération,Hors intersection,Normale,Deux véhicules - frontale,,,,,,,,,,,3,1,1,1,1
201500049398,0015-11-04 03:30:00,15,11,4,3,30,570,303,Autoroute A31,,,Nuit sans éclairage public,Hors agglomération,Hors intersection,Brouillard / fumée,Deux véhicules - côté,,,,,,,,,,,3,1,1,5,3
201500049399,0015-11-12 09:05:00,15,11,12,9,5,570,764,Autoroute A31,49.47208,6.12163,Plein jour,Hors agglomération,Hors intersection,Normale,Deux véhicules - arrière,,,,,,,,,,,1,1,1,1,2
201500049400,0015-11-17 07:50:00,15,11,17,7,50,570,67,Autoroute A31,49.31435,6.18265,Nuit sans éclairage public,Hors agglomération,Hors intersection,Pluie forte,Deux véhicules - arrière,,,,,,,,,,,3,1,1,3,2
201500049401,0015-11-28 15:20:00,15,11,28,15,20,570,480,Autoroute A31,49.10942,6.1534,Plein jour,Hors agglomération,Hors intersection,Normale,Trois véhicules et plus - en chaîne,,,,,,,,,,,1,1,1,1,4
201500049402,0015-12-08 12:45:00,15,12,8,12,45,570,672,Autoroute A31,49.38563,6.10785,Plein jour,Hors agglomération,Hors intersection,Normale,Trois véhicules et plus - en chaîne,,,,,,,,,,,1,1,1,1,4
201500049403,0015-12-08 09:45:00,15,12,8,9,45,570,672,Autoroute A31,49.39131,6.10963,Plein jour,Hors agglomération,Hors intersection,Brouillard / fumée,Trois véhicules et plus - collisions multiples,,,,,,,,,,,1,1,1,5,5
201500049404,0015-12-12 06:00:00,15,12,12,6,0,570,343,Autoroute A31,,,Nuit sans éclairage public,Hors agglomération,Hors intersection,Pluie légère,Deux véhicules - côté,,,,,,,,,,,3,1,1,2,3
201500049405,0015-12-13 15:05:00,15,12,13,15,5,570,206,Autoroute A30,,,Plein jour,Hors agglomération,Hors intersection,Normale,Autre collision,,,,,,,,,,,1,1,1,1,6
201500049406,0015-12-29 22:00:00,15,12,29,22,0,570,447,RN 431,49.05171,6.15126,Nuit sans éclairage public,Hors agglomération,Hors intersection,Normale,Autre collision,,,,,,,,,,,3,1,1,1,6
201500049407,0015-01-09 10:15:00,15,1,9,10,15,690,387,"0, BOULEVARD JULES CARTE",45.7259,4.84868,Plein jour,En agglomération,Hors intersection,Normale,Autre collision,,,,,,,,,,,1,2,1,1,6
201500049408,0015-01-14 18:25:00,15,1,14,18,25,690,387,RUE PASTEUR,45.7387,4.84113,Nuit avec éclairage allumé,En agglomération,Intersection en X,Normale,Deux véhicules - côté,,,,,,,,,,,5,2,2,1,3
201500049409,0015-01-21 14:28:00,15,1,21,14,28,690,387,"20, RUE DE LA MADELEINE",45.7387,4.84113,Plein jour,En agglomération,Hors intersection,Pluie légère,Sans collision,,,,,,,,,,,1,2,1,2,7
201500049410,0015-01-24 20:10:00,15,1,24,20,10,690,387,"36, RUE FELIX BRUN",45.7344,4.82732,Nuit avec éclairage allumé,En agglomération,Hors intersection,Temps couvert,Deux véhicules - côté,,,,,,,,,,,5,2,1,8,3
201500049411,0015-01-24 12:55:00,15,1,24,12,55,690,387,"0, BOULEVARD CHAMBAUD DE",45.7259,4.84868,Plein jour,En agglomération,Hors intersection,Neige / grêle,Deux véhicules - arrière,,,,,,,,,,,1,2,1,4,2
201500049412,0015-01-27 21:00:00,15,1,27,21,0,690,387,"0, RUE PROFESSEUR GRIGNA",45.7387,4.84113,Nuit avec éclairage allumé,En agglomération,Intersection en X,Normale,Deux véhicules - côté,,,,,,,,,,,5,2,2,1,3
201500049413,0015-01-27 19:25:00,15,1,27,19,25,690,387,RUE SAINT MICHEL,45.7387,4.84113,Nuit avec éclairage allumé,En agglomération,Intersection en X,Normale,Deux véhicules - côté,,,,,,,,,,,5,2,2,1,3
201500049414,0015-01-31 00:30:00,15,1,31,0,30,690,387,"0, AVENUE DEBOURG",,,Nuit avec éclairage allumé,En agglomération,Intersection en X,Normale,Deux véhicules - côté,,,,,,,,,,,5,2,2,1,3
201500049415,0015-02-05 07:36:00,15,2,5,7,36,690,387,"35, AVENUE DEBOURG",,,Plein jour,En agglomération,Hors intersection,Normale,Deux véhicules - côté,,,,,,,,,,,1,2,1,1,3
201500049416,0015-02-02 14:15:00,15,2,2,14,15,690,387,PLACE JEAN MACE,,,Plein jour,En agglomération,Hors intersection,Normale,Autre collision,,,,,,,,,,,1,2,1,1,6
201500049417,0015-02-04 10:50:00,15,2,4,10,50,690,387,"0, RUE BANCEL",,,Plein jour,En agglomération,Intersection en X,Temps couvert,Deux véhicules - côté,,,,,,,,,,,1,2,2,8,3
201500049418,0015-02-06 12:35:00,15,2,6,12,35,690,387,"20, RUE PRE GAUDRY",,,Plein jour,En agglomération,Hors intersection,Normale,Deux véhicules - côté,,,,,,,,,,,1,2,1,1,3
201500049419,0015-02-11 17:05:00,15,2,11,17,5,690,387,"131 BIS, RUE SEBASTIEN G",,,Plein jour,En agglomération,Hors intersection,Normale,Autre collision,,,,,,,,,,,1,2,1,1,6
201500049420,0015-02-18 04:15:00,15,2,18,4,15,690,387,"0, AVENUE TONY GARNIER",,,Nuit avec éclairage allumé,En agglomération,Hors intersection,Normale,Autre collision,,,,,,,,,,,5,2,1,1,6
201500049421,0015-02-17 15:45:00,15,2,17,15,45,690,387,"66, BOULEVARD DES TCHECO",,,Plein jour,En agglomération,Hors intersection,Normale,Deux véhicules - arrière,,,,,,,,,,,1,2,1,1,2
201500049422,0015-02-17 19:40:00,15,2,17,19,40,690,387,"9, RUE DU BRIGADIER VOIT",,,Nuit avec éclairage allumé,En agglomération,Intersection en X,Normale,Autre collision,,,,,,,,,,,5,2,2,1,6
201500049423,0015-02-17 11:25:00,15,2,17,11,25,690,387,"0, RUE PASTEUR",,,Plein jour,En agglomération,Intersection en X,Normale,Deux véhicules - côté,,,,,,,,,,,1,2,2,1,3
201500049424,0015-02-21 21:00:00,15,2,21,21,0,690,387,"1, RUE JABOULAY",,,Nuit avec éclairage allumé,En agglomération,Intersection en X,Normale,Deux véhicules - côté,,,,,,,,,,,5,2,2,1,3
201500049425,0015-02-20 14:35:00,15,2,20,14,35,690,387,BOULEVARD CHAMBAUD DE LA,,,Plein jour,En agglomération,Hors intersection,Normale,Deux véhicules - côté,,,,,,,,,,,1,2,1,1,3
201500049426,0015-02-25 11:20:00,15,2,25,11,20,690,387,"0, AVENUE JEAN FRANCOIS",,,Plein jour,En agglomération,Intersection en Y,Normale,Deux véhicules - côté,,,,,,,,,,,1,2,4,1,3
201500049427,0015-03-01 18:45:00,15,3,1,18,45,690,387,"0, BOULEVARD CHAMBAUD DE",,,Nuit avec éclairage allumé,En agglomération,Hors intersection,Pluie légère,Trois véhicules et plus - en chaîne,,,,,,,,,,,5,2,1,2,4
201500049428,0015-03-02 13:10:00,15,3,2,13,10,690,387,"16, QUAI CLAUDE BERNARD",,,Plein jour,En agglomération,Hors intersection,Normale,Deux véhicules - côté,,,,,,,,,,,1,2,1,1,3
201500049429,0015-03-04 18:20:00,15,3,4,18,20,690,387,"0, RUE DE SURVILLE",,,Crépuscule ou aube,En agglomération,Hors intersection,Normale,Sans collision,,,,,,,,,,,2,2,1,1,7
201500049430,0015-03-06 11:40:00,15,3,6,11,40,690,387,"1, AVENUE BERTHELOT",,,Plein jour,En agglomération,Intersection en X,Normale,Deux véhicules - côté,,,,,,,,,,,1,2,2,1,3
201500049431,0015-03-12 08:45:00,15,3,12,8,45,690,387,RUE DE MARSEILLE,,,Plein jour,En agglomération,Hors intersection,Normale,Autre collision,,,,,,,,,,,1,2,1,1,6
201500049432,0015-03-02 09:45:00,15,3,2,9,45,690,387,"4, RUE CROIX BARRET",,,Plein jour,En agglomération,Hors intersection,Normale,Deux véhicules - arrière,,,,,,,,,,,1,2,1,1,2
201500049433,0015-03-06 18:30:00,15,3,6,18,30,690,387,"0, QUAI CLAUDE BERNARD",,,Nuit avec éclairage allumé,En agglomération,Intersection en X,Normale,Autre collision,,,,,,,,,,,5,2,2,1,6
201500049434,0015-03-13 12:00:00,15,3,13,12,0,690,387,RUE ELIE ROCHETTE,,,Plein jour,En agglomération,Intersection en T,Normale,Deux véhicules - côté,,,,,,,,,,,1,2,3,1,3
201500049435,0015-03-14 12:05:00,15,3,14,12,5,690,387,"0, AVENUE BERTHELOT",,,Plein jour,En agglomération,Intersection en T,Normale,Deux véhicules - côté,,,,,,,,,,,1,2,3,1,3
201500049436,0015-01-06 10:24:00,15,1,6,10,24,690,388,"103, BOULEVARD DES ETATS",45.7286,4.86769,Plein jour,En agglomération,Hors intersection,Normale,Deux véhicules - arrière,,,,,,,,,,,1,2,1,1,2
201500049437,0015-01-07 19:05:00,15,1,7,19,5,690,387,"170, RUE CHALLEMEL LACOU",45.7284,4.8509,Nuit avec éclairage allumé,En agglomération,Hors intersection,Normale,Autre collision,,,,,,,,,,,5,2,1,1,6
201500049438,0015-01-10 14:35:00,15,1,10,14,35,690,388,"0, AVENUE JEAN MERMOZ",,,Plein jour,En agglomération,Hors intersection,Normale,Autre collision,,,,,,,,,,,1,2,1,1,6
201500049439,0015-01-16 21:55:00,15,1,16,21,55,690,388,"0, RUE HENRI BARBUSSE",45.7284,4.8509,Nuit avec éclairage allumé,En agglomération,Intersection en X,Pluie légère,Deux véhicules - côté,,,,,,,,,,,5,2,2,2,3
201500049440,0015-01-18 00:20:00,15,1,18,0,20,690,388,RUE PIERRE DELORE,45.7284,4.8509,Nuit avec éclairage allumé,En agglomération,Hors intersection,Pluie légère,Deux véhicules - arrière,,,,,,,,,,,5,2,1,2,2
201500049441,0015-01-16 20:20:00,15,1,16,20,20,690,388,"87, RUE JEAN SARRAZIN",45.7286,4.86769,Nuit avec éclairage allumé,En agglomération,Hors intersection,Pluie forte,Autre collision,,,,,,,,,,,5,2,1,3,6
201500049442,0015-01-19 07:50:00,15,1,19,7,50,690,388,"0, IMPASSE DE LA BAUDETT",45.7345,4.86005,Plein jour,En agglomération,Intersection en T,Pluie légère,Autre collision,,,,,,,,,,,1,2,3,2,6
201500049443,0015-01-22 21:35:00,15,1,22,21,35,690,388,COURS ALBERT THOMAS,45.7402,4.87747,Nuit avec éclairage allumé,En agglomération,Intersection en X,Pluie légère,Deux véhicules - côté,,,,,,,,,,,5,2,2,2,3
201500049444,0015-01-21 22:10:00,15,1,21,22,10,690,388,"23, AVENUE DE PRESSENSE",45.7286,4.86769,Nuit avec éclairage allumé,En agglomération,Hors intersection,Pluie légère,Deux véhicules - côté,,,,,,,,,,,5,2,1,2,3
201500049445,0015-01-23 14:25:00,15,1,23,14,25,690,388,"14, RUE DU BOCAGE",45.7315,4.86992,Plein jour,En agglomération,Hors intersection,Normale,Autre collision,,,,,,,,,,,1,2,1,1,6
201500049446,0015-01-30 18:25:00,15,1,30,18,25,690,388,"128, AVENUE PAUL SANTY",45.7286,4.86769,Nuit avec éclairage allumé,En agglomération,Hors intersection,Normale,Deux véhicules - côté,,,,,,,,,,,5,2,1,1,3
201500049447,0015-02-01 01:50:00,15,2,1,1,50,690,388,"109, RUE MARIUS BERLIET",,,Nuit avec éclairage allumé,En agglomération,Hors intersection,Pluie légère,Trois véhicules et plus - en chaîne,,,,,,,,,,,5,2,1,2,4
201500049448,0015-02-05 07:50:00,15,2,5,7,50,690,388,"0, RUE MARIUS BERLIET",,,Plein jour,En agglomération,Hors intersection,Normale,Autre collision,,,,,,,,,,,1,2,1,1,6
201500049449,0015-01-28 17:45:00,15,1,28,17,45,690,388,"0, RUE DE L EPARGNE",,,Nuit avec éclairage allumé,En agglomération,Intersection en X,Pluie légère,Deux véhicules - côté,,,,,,,,,,,5,2,2,2,3
201500049450,0015-02-03 17:25:00,15,2,3,17,25,690,388,AVENUE DE L EUROPE,,,Plein jour,En agglomération,Hors intersection,Normale,Autre collision,,,,,,,,,,,1,2,1,1,6
201500049451,0015-02-05 13:20:00,15,2,5,13,20,690,388,"18, AVENUE ROCKEFELLER",,,Plein jour,En agglomération,Hors intersection,Normale,Deux véhicules - arrière,,,,,,,,,,,1,2,1,1,2
201500049452,0015-02-10 07:40:00,15,2,10,7,40,690,388,BOULEVARD DES ETATS UNIS,,,Crépuscule ou aube,En agglomération,Hors intersection,Normale,Deux véhicules - arrière,,,,,,,,,,,2,2,1,1,2
201500049453,0015-02-11 06:20:00,15,2,11,6,20,690,388,"87, BOULEVARD DES ETATS",,,Nuit avec éclairage allumé,En agglomération,Hors intersection,Normale,Autre collision,,,,,,,,,,,5,2,1,1,6
201500049454,0015-02-15 04:40:00,15,2,15,4,40,690,388,"105, COURS ALBERT THOMAS",,,Nuit avec éclairage allumé,En agglomération,Hors intersection,Normale,Autre collision,,,,,,,,,,,5,2,1,1,6
201500049455,0015-02-20 15:00:00,15,2,20,15,0,690,388,RUE SANTOS DUMONT,,,Plein jour,En agglomération,Intersection en X,Normale,Deux véhicules - côté,,,,,,,,,,,1,2,2,1,3
201500049456,0015-02-20 16:50:00,15,2,20,16,50,690,388,"95, AVENUE DE L EUROPE",,,Plein jour,En agglomération,Hors intersection,Normale,Autre collision,,,,,,,,,,,1,2,1,1,6
201500049457,0015-02-23 15:00:00,15,2,23,15,0,690,388,"0, RUE PIERRE DELORE",,,Plein jour,En agglomération,Intersection en X,Normale,Deux véhicules - côté,,,,,,,,,,,1,2,2,1,3
201500049458,0015-02-21 07:15:00,15,2,21,7,15,690,388,"0, RUE MARIUS BERLIET",,,Crépuscule ou aube,En agglomération,Hors intersection,Pluie légère,Trois véhicules et plus - en chaîne,,,,,,,,,,,2,2,1,2,4
201500049459,0015-02-24 12:00:00,15,2,24,12,0,690,388,"116, RUE PROFESSEUR BEAU",,,Plein jour,En agglomération,Hors intersection,Normale,Deux véhicules - arrière,,,,,,,,,,,1,2,1,1,2
201500049460,0015-02-26 11:10:00,15,2,26,11,10,690,388,"19, RUE SAINT MAURICE",,,Plein jour,En agglomération,Hors intersection,Normale,Deux véhicules - côté,,,,,,,,,,,1,2,1,1,3
201500049461,0015-02-28 19:36:00,15,2,28,19,36,690,388,"10, AVENUE PAUL SANTY",,,Nuit avec éclairage allumé,En agglomération,Hors intersection,Normale,Deux véhicules - arrière,,,,,,,,,,,5,2,1,1,2
201500049462,0015-03-04 19:15:00,15,3,4,19,15,690,388,"120, RUE HENRI BARBUSSE",,,Nuit avec éclairage allumé,En agglomération,Intersection en X,Normale,Deux véhicules - côté,,,,,,,,,,,5,2,2,1,3
201500049463,0015-03-05 11:45:00,15,3,5,11,45,690,388,"5, RUE GENERAL ANDRE",,,Plein jour,En agglomération,Hors intersection,Normale,Autre collision,,,,,,,,,,,1,2,1,1,6
201500049464,0015-03-13 09:45:00,15,3,13,9,45,690,388,"0, RUE PROFESSEUR JOSEPH",,,Plein jour,En agglomération,Hors intersection,Normale,Autre collision,,,,,,,,,,,1,2,1,1,6
201500049465,0015-03-13 13:35:00,15,3,13,13,35,690,388,BOULEVARD DES ETATS UNIS,,,Plein jour,En agglomération,Intersection en X,Normale,Autre collision,,,,,,,,,,,1,2,2,1,6
201500049466,0015-12-26 17:35:00,15,12,26,17,35,420,218,A72,45.45098,4.41896,Crépuscule ou aube,Hors agglomération,Hors intersection,Normale,Trois véhicules et plus - en chaîne,,,,,,,,,,,2,1,1,1,4
201500049467,0015-01-19 11:45:00,15,1,19,11,45,420,186,A47,45.5307,4.61526,Plein jour,Hors agglomération,Hors intersection,Pluie forte,Trois véhicules et plus - en chaîne,,,,,,,,,,,1,1,1,3,4
201500049468,0015-01-19 15:35:00,15,1,19,15,35,420,218,A72,45.45803,4.4077,Plein jour,Hors agglomération,Hors intersection,Pluie légère,Deux véhicules - frontale,,,,,,,,,,,1,1,1,2,1
201500049469,0015-01-31 15:00:00,15,1,31,15,0,420,218,RN88,45.4222,4.41274,Plein jour,Hors agglomération,Hors intersection,Temps couvert,Deux véhicules - arrière,,,,,,,,,,,1,1,1,8,2
201500049470,0015-02-12 15:45:00,15,2,12,15,45,420,110,A47,45.49401,4.55332,Plein jour,Hors agglomération,Hors intersection,Normale,Autre collision,,,,,,,,,,,1,1,1,1,6
201500049471,0015-02-15 17:15:00,15,2,15,17,15,420,44,RN88,45.39289,4.32296,Plein jour,Hors agglomération,Autre intersection,Neige / grêle,Autre collision,,,,,,,,,,,1,1,9,4,6
201500049472,0015-02-20 20:37:00,15,2,20,20,37,420,218,A72,45.45341,4.41507,Nuit sans éclairage public,Hors agglomération,Hors intersection,Normale,Deux véhicules - arrière,,,,,,,,,,,3,1,1,1,2
201500049473,0015-03-05 20:15:00,15,3,5,20,15,420,207,RN88 CROISSANT,45.46464,4.4952,Nuit sans éclairage public,Hors agglomération,Hors intersection,Normale,Deux véhicules - arrière,,,,,,,,,,,3,1,1,1,2
201500049474,0015-03-06 21:20:00,15,3,6,21,20,420,330,A72,45.47499,4.35998,Nuit sans éclairage public,Hors agglomération,Hors intersection,Normale,Deux véhicules - côté,,,,,,,,,,,3,1,1,1,3
201500049475,0015-04-06 18:40:00,15,4,6,18,40,420,218,A72,45.45114,4.41871,Plein jour,Hors agglomération,Hors intersection,Normale,Deux véhicules - arrière,,,,,,,,,,,1,1,1,1,2
201500049476,0015-04-10 17:30:00,15,4,10,17,30,420,218,RN88,45.41616,4.40544,Plein jour,Hors agglomération,Hors intersection,Normale,Trois véhicules et plus - en chaîne,,,,,,,,,,,1,1,1,1,4
201500049477,0015-04-18 03:15:00,15,4,18,3,15,420,218,RN88,45.41101,4.39815,Nuit sans éclairage public,Hors agglomération,Hors intersection,Normale,Deux véhicules - arrière,,,,,,,,,,,3,1,1,1,2
201500049478,0015-04-27 17:00:00,15,4,27,17,0,420,95,RN88,45.39112,4.28582,Plein jour,Hors agglomération,Hors intersection,Pluie légère,Deux véhicules - arrière,,,,,,,,,,,1,1,1,2,2
201500049479,0015-05-02 16:20:00,15,5,2,16,20,420,307,A47,45.54916,4.67623,Plein jour,Hors agglomération,Hors intersection,Normale,Trois véhicules et plus - en chaîne,,,,,,,,,,,1,1,1,1,4
201500049480,0015-05-09 07:45:00,15,5,9,7,45,690,91,A47,,,Plein jour,Hors agglomération,Hors intersection,Normale,Deux véhicules - côté,,,,,,,,,,,1,1,1,1,3
201500049481,0015-05-12 08:40:00,15,5,12,8,40,420,218,RN88,,,Plein jour,Hors agglomération,Hors intersection,Normale,Deux véhicules - arrière,,,,,,,,,,,1,1,1,1,2
201500049482,0015-05-14 08:35:00,15,5,14,8,35,420,44,RN88,45.39517,4.33619,Plein jour,Hors agglomération,Hors intersection,Normale,Autre collision,,,,,,,,,,,1,1,1,1,6
201500049483,0015-05-14 20:49:00,15,5,14,20,49,420,44,RN88,45.39363,4.32588,Crépuscule ou aube,Hors agglomération,Hors intersection,Pluie forte,Trois véhicules et plus - en chaîne,,,,,,,,,,,2,1,1,3,4
201500049484,0015-05-28 09:30:00,15,5,28,9,30,420,44,RN88,45.39339,4.32476,Plein jour,Hors agglomération,Hors intersection,Normale,Deux véhicules - arrière,,,,,,,,,,,1,1,1,1,2
201500049485,0015-06-08 04:35:00,15,6,8,4,35,420,95,RN88,45.39224,4.29537,Nuit sans éclairage public,Hors agglomération,Hors intersection,Normale,Autre collision,,,,,,,,,,,3,1,1,1,6
201500049486,0015-06-05 17:39:00,15,6,5,17,39,420,183,RN88,45.40229,4.37128,Plein jour,Hors agglomération,Hors intersection,Normale,Trois véhicules et plus - en chaîne,,,,,,,,,,,1,1,1,1,4