accident_id,datetime,annee,mois,jour,heure,minute,departement,commune_insee,adresse,latitude,longitude,luminosite,agglomeration,intersection,meteo,collision,nb_vehicules,nb_usagers,nb_indemnes,nb_tues,nb_blesses_hosp,nb_blesses_legers,age_cond_1,age_cond_2,veh_type_cond_1,veh_type_cond_2,lum_code,agg_code,int_code,atm_code,col_code
201500049487,0015-06-10 21:10:00,15,6,10,21,10,690,252,A47,45.54365,4.66331,Crépuscule ou aube,Hors agglomération,Hors intersection,Normale,Trois véhicules et plus - collisions multiples,,,,,,,,,,,2,1,1,1,5
201500049488,0015-06-13 06:15:00,15,6,13,6,15,420,218,A72,45.46392,4.38238,Crépuscule ou aube,Hors agglomération,Hors intersection,Normale,Autre collision,,,,,,,,,,,2,1,1,1,6
201500049489,0015-07-18 06:20:00,15,7,18,6,20,420,207,RN88 DECROISSANT,45.46358,4.49405,Crépuscule ou aube,Hors agglomération,Hors intersection,Pluie légère,Autre collision,,,,,,,,,,,2,1,1,2,6
201500049490,0015-07-25 07:40:00,15,7,25,7,40,420,183,RN88,45.39787,4.35713,Plein jour,Hors agglomération,Hors intersection,Normale,Deux véhicules - arrière,,,,,,,,,,,1,1,1,1,2
201500049491,0015-08-04 09:50:00,15,8,4,9,50,420,97,A72,45.50706,4.30292,Plein jour,Hors agglomération,Hors intersection,Normale,Autre collision,,,,,,,,,,,1,1,1,1,6
201500049492,0015-08-22 09:00:00,15,8,22,9,0,420,44,RN88,45.39664,4.34994,Plein jour,Hors agglomération,Hors intersection,Normale,Autre collision,,,,,,,,,,,1,1,1,1,6
201500049493,0015-09-02 15:30:00,15,9,2,15,30,420,97,A72,45.48318,4.33712,Plein jour,Hors agglomération,Hors intersection,Normale,Deux véhicules - arrière,,,,,,,,,,,1,1,1,1,2
201500049494,0015-09-01 16:45:00,15,9,1,16,45,420,218,RN88,45.43687,4.43786,Plein jour,Hors agglomération,Hors intersection,Normale,Deux véhicules - arrière,,,,,,,,,,,1,1,1,1,2
201500049495,0015-09-06 02:30:00,15,9,6,2,30,420,5,A72,45.52742,4.28582,Nuit sans éclairage public,Hors agglomération,Hors intersection,Normale,Autre collision,,,,,,,,,,,3,1,1,1,6
201500049496,0015-09-09 21:50:00,15,9,9,21,50,690,91,A47,45.58937,4.76353,Nuit sans éclairage public,Hors agglomération,Hors intersection,Normale,Deux véhicules - côté,,,,,,,,,,,3,1,1,1,3
201500049497,0015-10-21 18:00:00,15,10,21,18,0,420,218,A72,45.46522,4.37963,Plein jour,Hors agglomération,Hors intersection,Normale,Deux véhicules - arrière,,,,,,,,,,,1,1,1,1,2
201500049498,0015-10-30 21:30:00,15,10,30,21,30,690,91,A47,45.58385,4.74792,Nuit sans éclairage public,Hors agglomération,Hors intersection,Normale,Deux véhicules - arrière,,,,,,,,,,,3,1,1,1,2
201500049499,0015-11-03 22:45:00,15,11,3,22,45,420,218,RN88,45.43341,4.42344,Nuit avec éclairage allumé,Hors agglomération,Hors intersection,Normale,Deux véhicules - arrière,,,,,,,,,,,5,1,1,1,2
201500049500,0015-11-04 08:40:00,15,11,4,8,40,420,218,RN88,45.42007,4.41002,Plein jour,Hors agglomération,Hors intersection,Normale,Deux véhicules - arrière,,,,,,,,,,,1,1,1,1,2
201500049501,0015-11-07 14:45:00,15,11,7,14,45,420,218,RN88,45.41552,4.40461,Plein jour,Hors agglomération,Hors intersection,Normale,Trois véhicules et plus - en chaîne,,,,,,,,,,,1,1,1,1,4
201500049502,0015-11-19 13:05:00,15,11,19,13,5,420,330,A72,45.47578,4.35862,Plein jour,Hors agglomération,Hors intersection,Normale,Deux véhicules - arrière,,,,,,,,,,,1,1,1,1,2
201500049503,0015-11-25 00:40:00,15,11,25,0,40,420,237,RN88,45.442,4.46204,Nuit sans éclairage public,Hors agglomération,Hors intersection,Pluie légère,Autre collision,,,,,,,,,,,3,1,1,2,6
201500049504,0015-12-14 15:05:00,15,12,14,15,5,420,207,RN88 CROISSANT,45.46352,4.49386,Plein jour,Hors agglomération,Hors intersection,Normale,Deux véhicules - côté,,,,,,,,,,,1,1,1,1,3
201500049505,0015-11-25 22:00:00,15,11,25,22,0,420,237,RN88,45.44713,4.46853,Nuit sans éclairage public,Hors agglomération,Hors intersection,Pluie légère,Trois véhicules et plus - collisions multiples,,,,,,,,,,,3,1,1,2,5
201500049506,0015-12-18 16:45:00,15,12,18,16,45,420,218,RN88,45.43659,4.44083,Plein jour,Hors agglomération,Hors intersection,Normale,Autre collision,,,,,,,,,,,1,1,1,1,6
201500049507,0015-12-27 01:50:00,15,12,27,1,50,690,91,A47,45.58982,4.77556,Nuit sans éclairage public,Hors agglomération,Hors intersection,Normale,Deux véhicules - frontale,,,,,,,,,,,3,1,1,1,1
201500049508,0015-12-16 13:20:00,15,12,16,13,20,420,207,RN88 DECROISSANT,45.45972,4.48662,Plein jour,Hors agglomération,Hors intersection,Normale,Deux véhicules - arrière,,,,,,,,,,,1,1,1,1,2
201500049509,0015-12-27 19:45:00,15,12,27,19,45,420,207,A47,45.47956,4.50075,Nuit sans éclairage public,Hors agglomération,Hors intersection,Normale,Deux véhicules - côté,,,,,,,,,,,3,1,1,1,3
201500049510,0015-12-29 13:30:00,15,12,29,13,30,420,110,A47,45.49432,4.54566,Plein jour,Hors agglomération,Hors intersection,Normale,Autre collision,,,,,,,,,,,1,1,1,1,6
201500049511,0015-12-21 14:55:00,15,12,21,14,55,690,29,RD383   7.640 A 11.044,,,Plein jour,Hors agglomération,Hors intersection,Pluie légère,Autre collision,,,,,,,,,,,1,1,1,2,6
201500049512,0015-11-22 18:00:00,15,11,22,18,0,690,266,RD383 2.321 A 3.750,,,Nuit avec éclairage allumé,Hors agglomération,Hors intersection,Pluie forte,Trois véhicules et plus - collisions multiples,,,,,,,,,,,5,1,1,3,5
201500049513,0015-01-04 02:30:00,15,1,4,2,30,380,544,A7   25.770 A 27.460,45.54083,4.85522,Nuit sans éclairage public,Hors agglomération,Hors intersection,Pluie légère,Sans collision,,,,,,,,,,,3,1,1,2,7
201500049514,0015-01-04 18:00:00,15,1,4,18,0,10,248,A46N   14.305 A 17.210,,,Nuit avec éclairage allumé,Hors agglomération,Hors intersection,Normale,Autre collision,,,,,,,,,,,5,1,1,1,6
201500049515,0015-01-05 05:10:00,15,1,5,5,10,690,297,A7   15.770 A 20.110,45.6259,4.81579,Nuit sans éclairage public,Hors agglomération,Hors intersection,Normale,Deux véhicules - arrière,,,,,,,,,,,3,1,1,1,2
201500049516,0015-01-07 22:40:00,15,1,7,22,40,690,275,RN346   29.300 A 34.350,45.7638,4.98503,Nuit sans éclairage public,Hors agglomération,Hors intersection,Normale,Autre collision,,,,,,,,,,,3,1,1,1,6
201500049517,0015-01-07 16:30:00,15,1,7,16,30,690,72,A6   445.323 A 447.390,45.8076,4.76917,Plein jour,Hors agglomération,Hors intersection,Normale,Deux véhicules - arrière,,,,,,,,,,,1,1,1,1,2
201500049518,0015-01-08 09:30:00,15,1,8,9,30,690,290,A43   3.865 A 9.894,45.6976,4.97734,Plein jour,Hors agglomération,Hors intersection,Normale,Deux véhicules - arrière,,,,,,,,,,,1,1,1,1,2
201500049519,0015-01-11 08:45:00,15,1,11,8,45,690,235,A7   27.460 A 28.860,45.5398,4.85575,Plein jour,Hors agglomération,Hors intersection,Temps couvert,Deux véhicules - côté,,,,,,,,,,,1,1,1,8,3
201500049520,0015-01-13 12:15:00,15,1,13,12,15,690,29,A43   0.550 A 3.353,45.7278,4.90718,Plein jour,Hors agglomération,Hors intersection,Normale,Trois véhicules et plus - collisions multiples,,,,,,,,,,,1,1,1,1,5
201500049521,0015-01-14 15:00:00,15,1,14,15,0,690,290,A43   3.865 A 9.894,45.7227,4.93055,Plein jour,Hors agglomération,Hors intersection,Normale,Autre collision,,,,,,,,,,,1,1,1,1,6
201500049522,0015-01-16 14:00:00,15,1,16,14,0,690,297,A7   15.770 A 20.110,45.6055,4.80014,Plein jour,Hors agglomération,Hors intersection,Pluie forte,Deux véhicules - côté,,,,,,,,,,,1,1,1,3,3
201500049523,0015-01-14 13:19:00,15,1,14,13,19,690,152,A7   4.270 A 7.000,45.7116,4.82451,Plein jour,Hors agglomération,Hors intersection,Normale,Autre collision,,,,,,,,,,,1,1,1,1,6
201500049524,0015-01-14 15:27:00,15,1,14,15,27,690,296,A7   10.992 A 13.970,45.6539,4.83847,Plein jour,Hors agglomération,Hors intersection,Normale,Autre collision,,,,,,,,,,,1,1,1,1,6
201500049525,0015-01-19 14:00:00,15,1,19,14,0,690,29,RD383   7.640 A 11.044,45.7346,4.90151,Plein jour,Hors agglomération,Hors intersection,Pluie légère,Sans collision,,,,,,,,,,,1,1,1,2,7
201500049526,0015-01-19 20:50:00,15,1,19,20,50,690,266,RD383   3.750 A 7.640,45.7587,4.90901,Nuit sans éclairage public,Hors agglomération,Hors intersection,Pluie forte,Sans collision,,,,,,,,,,,3,1,1,3,7
201500049527,0015-01-19 18:50:00,15,1,19,18,50,690,276,BUS (RD301)   0.000 A 2.,45.6839,4.85463,Nuit avec éclairage allumé,Hors agglomération,Hors intersection,Pluie légère,Trois véhicules et plus - en chaîne,,,,,,,,,,,5,1,1,2,4
201500049528,0015-01-16 17:30:00,15,1,16,17,30,690,81,BPNL   34.000 A 34.614,45.6468,4.40285,Plein jour,Hors agglomération,Hors intersection,Pluie légère,Deux véhicules - arrière,,,,,,,,,,,1,1,1,2,2
201500049529,0015-01-22 07:00:00,15,1,22,7,0,690,276,A7   8.630 A 10.992,45.6823,4.84722,Nuit avec éclairage allumé,Hors agglomération,Hors intersection,Pluie légère,Sans collision,,,,,,,,,,,5,1,1,2,7
201500049530,0015-01-22 13:10:00,15,1,22,13,10,690,259,RD383   11.0044 A 11.460,45.7229,4.88913,Plein jour,Hors agglomération,Hors intersection,Normale,Deux véhicules - côté,,,,,,,,,,,1,1,1,1,3
201500049531,0015-01-22 14:30:00,15,1,22,14,30,10,275,A42  4.020 A 4.353   GEN,,,Plein jour,Hors agglomération,Hors intersection,Normale,Autre collision,,,,,,,,,,,1,1,1,1,6
201500049532,0015-01-21 11:10:00,15,1,21,11,10,690,40,A6   447.520 A 448.490,45.8019,4.7724,Plein jour,Hors agglomération,Hors intersection,Pluie légère,Sans collision,,,,,,,,,,,1,1,1,2,7
201500049533,0015-01-24 17:00:00,15,1,24,17,0,690,29,A43   0.550 A 3.353,45.7278,4.90718,Crépuscule ou aube,Hors agglomération,Hors intersection,Normale,Trois véhicules et plus - en chaîne,,,,,,,,,,,2,1,1,1,4
201500049534,0015-01-25 08:20:00,15,1,25,8,20,690,282,RD302   0.400 A 4.620,45.7528,5.01507,Plein jour,Hors agglomération,Hors intersection,Normale,Autre collision,,,,,,,,,,,1,1,1,1,6
201500049535,0015-01-20 18:45:00,15,1,20,18,45,690,290,A43   3.865 A 9.894,45.7056,4.96013,Nuit avec éclairage non allumé,Hors agglomération,Hors intersection,Normale,Trois véhicules et plus - collisions multiples,,,,,,,,,,,4,1,1,1,5
201500049536,0015-01-27 09:00:00,15,1,27,9,0,690,282,RD302   0.400 A 4.620,45.7609,5.03151,Plein jour,Hors agglomération,Hors intersection,Pluie légère,Sans collision,,,,,,,,,,,1,1,1,2,7
201500049537,0015-01-27 10:25:00,15,1,27,10,25,690,256,A42     0.560 A 4.020,45.8057,4.9249,Plein jour,Hors agglomération,Hors intersection,Normale,Sans collision,,,,,,,,,,,1,1,1,1,7
201500049538,0015-01-29 14:45:00,15,1,29,14,45,690,256,A42     0.560 A 4.020,45.8057,4.9249,Plein jour,Hors agglomération,Hors intersection,Pluie légère,Sans collision,,,,,,,,,,,1,1,1,2,7
201500049539,0015-01-29 13:40:00,15,1,29,13,40,690,244,A6   451.640 A 451.790,45.7715,4.79016,Plein jour,Hors agglomération,Hors intersection,Pluie forte,Sans collision,,,,,,,,,,,1,1,1,3,7
201500049540,0015-01-31 16:30:00,15,1,31,16,30,690,256,A42     0.560 A 4.020,45.8057,4.9249,Plein jour,Hors agglomération,Hors intersection,Pluie légère,Sans collision,,,,,,,,,,,1,1,1,2,7
201500049541,0015-02-02 05:25:00,15,2,2,5,25,380,184,A43   15.971 A 18.875,45.65748,5.08178,Nuit sans éclairage public,Hors agglomération,Hors intersection,Pluie légère,Autre collision,,,,,,,,,,,3,1,1,2,6
201500049542,0015-01-30 08:00:00,15,1,30,8,0,690,276,BUS (RD301)   0.000 A 2.,45.6843,4.85554,Plein jour,Hors agglomération,Hors intersection,Normale,Trois véhicules et plus - en chaîne,,,,,,,,,,,1,1,1,1,4
201500049543,0015-02-03 09:10:00,15,2,3,9,10,690,382,A7   0.000 A 2.278,,,Plein jour,Hors agglomération,Hors intersection,Normale,Deux véhicules - arrière,,,,,,,,,,,1,1,1,1,2
201500049544,0015-02-06 18:20:00,15,2,6,18,20,690,272,A46S   57.400 A 61.010,,,Nuit sans éclairage public,Hors agglomération,Hors intersection,Normale,Trois véhicules et plus - en chaîne,,,,,,,,,,,3,1,1,1,4
201500049545,0015-02-08 18:15:00,15,2,8,18,15,690,142,A7   2.278 A 3.690,,,Nuit avec éclairage allumé,Hors agglomération,Hors intersection,Normale,Autre collision,,,,,,,,,,,5,1,1,1,6
201500049546,0015-02-09 17:25:00,15,2,9,17,25,690,152,A7   4.270 A 7.000,,,Plein jour,Hors agglomération,Hors intersection,Normale,Sans collision,,,,,,,,,,,1,1,1,1,7
201500049547,0015-02-07 06:50:00,15,2,7,6,50,690,204,A450   1.740 A 5.100,,,Nuit sans éclairage public,Hors agglomération,Hors intersection,Normale,Deux véhicules - arrière,,,,,,,,,,,3,1,1,1,2
201500049548,0015-02-10 21:00:00,15,2,10,21,0,690,296,A7   10.992 A 13.970,,,Nuit sans éclairage public,Hors agglomération,Hors intersection,Normale,Sans collision,,,,,,,,,,,3,1,1,1,7
201500049549,0015-02-11 00:45:00,15,2,11,0,45,690,152,A7   4.270 A 7.000,,,Nuit avec éclairage non allumé,Hors agglomération,Hors intersection,Normale,Deux véhicules - arrière,,,,,,,,,,,4,1,1,1,2
201500049550,0015-02-07 15:10:00,15,2,7,15,10,690,29,RD383   7.640 A 11.044,,,Plein jour,Hors agglomération,Hors intersection,Normale,Deux véhicules - arrière,,,,,,,,,,,1,1,1,1,2
201500049551,0015-02-08 05:30:00,15,2,8,5,30,690,286,A46N   19.955 A 25.180,,,Nuit avec éclairage allumé,Hors agglomération,Hors intersection,Normale,Deux véhicules - arrière,,,,,,,,,,,5,1,1,1,2
201500049552,0015-02-05 07:50:00,15,2,5,7,50,690,100,A450   1.090 A 1.740,,,Plein jour,Hors agglomération,Hors intersection,Normale,Trois véhicules et plus - en chaîne,,,,,,,,,,,1,1,1,1,4
201500049553,0015-02-17 07:35:00,15,2,17,7,35,690,199,RD383   14.250 A 18.000,,,Plein jour,Hors agglomération,Hors intersection,Normale,Trois véhicules et plus - en chaîne,,,,,,,,,,,1,1,1,1,4
201500049554,0015-02-18 21:40:00,15,2,18,21,40,690,294,A7   13.970 A 15.270,,,Nuit sans éclairage public,Hors agglomération,Hors intersection,Normale,Deux véhicules - arrière,,,,,,,,,,,3,1,1,1,2
201500049555,0015-02-22 20:15:00,15,2,22,20,15,380,184,A43   15.971 A 18.875,45.65617,5.08633,Nuit sans éclairage public,Hors agglomération,Hors intersection,Normale,Trois véhicules et plus - collisions multiples,,,,,,,,,,,3,1,1,1,5
201500049556,0015-02-20 22:40:00,15,2,20,22,40,10,275,A42 4.329 A 5.760   LYON,,,Nuit sans éclairage public,Hors agglomération,Hors intersection,Normale,Deux véhicules - arrière,,,,,,,,,,,3,1,1,1,2
201500049557,0015-02-23 14:00:00,15,2,23,14,0,690,385,A6   453.400 A 455.000,,,Plein jour,Hors agglomération,Hors intersection,Normale,Deux véhicules - arrière,,,,,,,,,,,1,1,1,1,2
201500049558,0015-02-21 09:50:00,15,2,21,9,50,690,235,A7   27.460 A 28.860,,,Plein jour,Hors agglomération,Hors intersection,Pluie forte,Autre collision,,,,,,,,,,,1,1,1,3,6
201500049559,0015-02-24 18:10:00,15,2,24,18,10,690,297,A46S   61.220 A 62.000,,,Crépuscule ou aube,Hors agglomération,Hors intersection,Normale,Deux véhicules - arrière,,,,,,,,,,,2,1,1,1,2
201500049560,0015-02-23 13:50:00,15,2,23,13,50,690,256,A42     0.560 A 4.020,,,Plein jour,Hors agglomération,Hors intersection,Normale,Autre collision,,,,,,,,,,,1,1,1,1,6
201500049561,0015-02-27 10:50:00,15,2,27,10,50,690,29,RD383   7.640 A 11.044,,,Plein jour,Hors agglomération,Hors intersection,Pluie légère,Sans collision,,,,,,,,,,,1,1,1,2,7
201500049562,0015-02-20 18:30:00,15,2,20,18,30,380,449,A43   18.875 A 21.100,45.65244,5.10494,Crépuscule ou aube,Hors agglomération,Hors intersection,Normale,Trois véhicules et plus - en chaîne,,,,,,,,,,,2,1,1,1,4
201500049563,0015-03-01 14:30:00,15,3,1,14,30,690,256,A42     0.560 A 4.020,,,Plein jour,Hors agglomération,Hors intersection,Normale,Sans collision,,,,,,,,,,,1,1,1,1,7
201500049564,0015-03-01 10:45:00,15,3,1,10,45,690,256,A42     0.560 A 4.020,,,Plein jour,Hors agglomération,Hors intersection,Pluie légère,Autre collision,,,,,,,,,,,1,1,1,2,6
201500049565,0015-02-27 12:45:00,15,2,27,12,45,690,29,RD383   7.640 A 11.044,,,Plein jour,Hors agglomération,Hors intersection,Pluie légère,Deux véhicules - côté,,,,,,,,,,,1,1,1,2,3
201500049566,0015-03-02 15:30:00,15,3,2,15,30,690,297,A47   0.000  A 1.657,,,Plein jour,Hors agglomération,Hors intersection,Normale,Deux véhicules - côté,,,,,,,,,,,1,1,1,1,3
201500049567,0015-03-02 20:00:00,15,3,2,20,0,690,273,BUS (RD301)   4.470 A 7.,,,Nuit sans éclairage public,Hors agglomération,Hors intersection,Normale,Deux véhicules - arrière,,,,,,,,,,,3,1,1,1,2
201500049568,0015-03-02 17:35:00,15,3,2,17,35,690,34,BPNL   37.781 A 41.124,,,Plein jour,Hors agglomération,Hors intersection,Normale,Deux véhicules - arrière,,,,,,,,,,,1,1,1,1,2
201500049569,0015-03-03 17:05:00,15,3,3,17,5,690,388,RD383   11.460 A 11.750,,,Plein jour,Hors agglomération,Hors intersection,Normale,Trois véhicules et plus - en chaîne,,,,,,,,,,,1,1,1,1,4
201500049570,0015-03-06 08:00:00,15,3,6,8,0,690,385,Tunnel sous fourvière,,,Plein jour,Hors agglomération,Hors intersection,Normale,Trois véhicules et plus - collisions multiples,,,,,,,,,,,1,1,1,1,5
201500049571,0015-03-06 14:15:00,15,3,6,14,15,690,297,A47   0.000  A 1.657,,,Plein jour,Hors agglomération,Hors intersection,Normale,Deux véhicules - arrière,,,,,,,,,,,1,1,1,1,2
201500049572,0015-03-07 14:15:00,15,3,7,14,15,690,259,BUS (RD301)  2.800 A 4.4,,,Plein jour,Hors agglomération,Hors intersection,Normale,Deux véhicules - côté,,,,,,,,,,,1,1,1,1,3
201500049573,0015-03-07 19:30:00,15,3,7,19,30,690,72,A6   445.323 A 447.390,,,Nuit sans éclairage public,Hors agglomération,Hors intersection,Normale,Trois véhicules et plus - collisions multiples,,,,,,,,,,,3,1,1,1,5
201500049574,0015-03-07 23:00:00,15,3,7,23,0,10,376,A42   8.310 A 9.500,,,Nuit sans éclairage public,Hors agglomération,Hors intersection,Normale,Autre collision,,,,,,,,,,,3,1,1,1,6
201500049575,0015-03-08 20:40:00,15,3,8,20,40,690,271,RN346   38.000 A 38.960,,,Nuit avec éclairage allumé,Hors agglomération,Hors intersection,Normale,Sans collision,,,,,,,,,,,5,1,1,1,7
201500049576,0015-03-11 08:50:00,15,3,11,8,50,690,290,A46S   40.883 A 43.680,,,Plein jour,Hors agglomération,Hors intersection,Temps couvert,Deux véhicules - arrière,,,,,,,,,,,1,1,1,8,2
201500049577,0015-03-12 16:55:00,15,3,12,16,55,690,199,RD383   14.250 A 18.000,,,Plein jour,Hors agglomération,Hors intersection,Normale,Sans collision,,,,,,,,,,,1,1,1,1,7
201500049578,0015-03-14 15:10:00,15,3,14,15,10,690,72,A6   445.323 A 447.390,,,Plein jour,Hors agglomération,Hors intersection,Normale,Trois véhicules et plus - collisions multiples,,,,,,,,,,,1,1,1,1,5
201500049579,0015-03-14 15:10:00,15,3,14,15,10,690,297,A7   15.770 A 20.110,,,Plein jour,Hors agglomération,Hors intersection,Normale,Sans collision,,,,,,,,,,,1,1,1,1,7
201500049580,0015-03-13 19:50:00,15,3,13,19,50,690,382,A7   0.000 A 2.278,,,Nuit avec éclairage allumé,Hors agglomération,Hors intersection,Normale,Deux véhicules - arrière,,,,,,,,,,,5,1,1,1,2
201500049581,0015-03-18 12:40:00,15,3,18,12,40,690,259,BUS (RD301)  2.800 A 4.4,,,Plein jour,Hors agglomération,Hors intersection,Normale,Autre collision,,,,,,,,,,,1,1,1,1,6
201500049582,0015-03-18 08:30:00,15,3,18,8,30,690,204,A450   1.740 A 5.100,,,Plein jour,Hors agglomération,Hors intersection,Normale,Autre collision,,,,,,,,,,,1,1,1,1,6
201500049583,0015-03-10 23:50:00,15,3,10,23,50,690,276,A7   8.630 A 10.992,,,Nuit sans éclairage public,Hors agglomération,Hors intersection,Normale,Deux véhicules - arrière,,,,,,,,,,,3,1,1,1,2
201500049584,0015-03-15 05:45:00,15,3,15,5,45,690,297,A7   15.770 A 20.110,,,Nuit sans éclairage public,Hors agglomération,Hors intersection,Normale,Autre collision,,,,,,,,,,,3,1,1,1,6
201500049585,0015-03-20 14:05:00,15,3,20,14,5,690,297,A47   0.000  A 1.657,,,Plein jour,Hors agglomération,Hors intersection,Normale,Deux véhicules - côté,,,,,,,,,,,1,1,1,1,3
201500049586,0015-03-21 18:30:00,15,3,21,18,30,690,29,RD383   7.640 A 11.044,,,Nuit avec éclairage allumé,Hors agglomération,Hors intersection,Pluie légère,Sans collision,,,,,,,,,,,5,1,1,2,7
201500049587,0015-03-21 22:00:00,15,3,21,22,0,690,199,A7   7.000 A 8.630,,,Nuit sans éclairage public,Hors agglomération,Hors intersection,Normale,Trois véhicules et plus - collisions multiples,,,,,,,,,,,3,1,1,1,5
201500049588,0015-03-22 09:30:00,15,3,22,9,30,10,424,A432N 0.485 A 6.500,,,Plein jour,Hors agglomération,Hors intersection,Pluie légère,Sans collision,,,,,,,,,,,1,1,1,2,7
201500049589,0015-03-23 20:00:00,15,3,23,20,0,690,266,RD383   3.750 A 7.640,,,Nuit avec éclairage allumé,Hors agglomération,Hors intersection,Normale,Trois véhicules et plus - en chaîne,,,,,,,,,,,5,1,1,1,4
201500049590,0015-03-29 22:20:00,15,3,29,22,20,690,81,A6   448.490 A 449.450,,,Nuit sans éclairage public,Hors agglomération,Hors intersection,Pluie légère,Trois véhicules et plus - en chaîne,,,,,,,,,,,3,1,1,2,4
201500049591,0015-03-20 18:50:00,15,3,20,18,50,690,256,A42     0.560 A 4.020,,,Crépuscule ou aube,Hors agglomération,Hors intersection,Normale,Deux véhicules - arrière,,,,,,,,,,,2,1,1,1,2
201500049592,0015-03-27 07:50:00,15,3,27,7,50,690,34,BPNL   37.781 A 41.124,,,Crépuscule ou aube,Hors agglomération,Hors intersection,Temps couvert,Sans collision,,,,,,,,,,,2,1,1,8,7
201500049593,0015-03-30 16:30:00,15,3,30,16,30,690,29,RD383   7.640 A 11.044,,,Plein jour,Hors agglomération,Hors intersection,Normale,Trois véhicules et plus - collisions multiples,,,,,,,,,,,1,1,1,1,5
201500049594,0015-03-30 12:33:00,15,3,30,12,33,690,29,RD383   7.640 A 11.044,,,Plein jour,Hors agglomération,Hors intersection,Normale,Autre collision,,,,,,,,,,,1,1,1,1,6
201500049595,0015-03-30 11:20:00,15,3,30,11,20,690,5,A46N   0.000 A 2.930,,,Plein jour,Hors agglomération,Hors intersection,Pluie légère,Autre collision,,,,,,,,,,,1,1,1,2,6
201500049596,0015-03-29 19:00:00,15,3,29,19,0,690,288,A43   13.029 A 15.971,,,Plein jour,Hors agglomération,Intersection en Y,Pluie légère,Trois véhicules et plus - collisions multiples,,,,,,,,,,,1,1,4,2,5
201500049597,0015-03-18 07:15:00,15,3,18,7,15,690,199,RD383   14.250 A 18.000,,,Plein jour,Hors agglomération,Hors intersection,Normale,Autre collision,,,,,,,,,,,1,1,1,1,6
201500049598,0015-04-03 16:20:00,15,4,3,16,20,690,296,A7   10.992 A 13.970,,,Plein jour,Hors agglomération,Hors intersection,Normale,Deux véhicules - arrière,,,,,,,,,,,1,1,1,1,2
201500049599,0015-04-04 05:30:00,15,4,4,5,30,690,5,A46N   0.000 A 2.930,,,Nuit sans éclairage public,Hors agglomération,Hors intersection,Pluie légère,Sans collision,,,,,,,,,,,3,1,1,2,7
201500049600,0015-04-06 12:10:00,15,4,6,12,10,690,385,A6   453.400 A 455.000,,,Plein jour,Hors agglomération,Hors intersection,Normale,Trois véhicules et plus - en chaîne,,,,,,,,,,,1,1,1,1,4
201500049601,0015-04-07 16:20:00,15,4,7,16,20,690,256,A42     0.560 A 4.020,,,Plein jour,Hors agglomération,Hors intersection,Normale,Deux véhicules - arrière,,,,,,,,,,,1,1,1,1,2
201500049602,0015-04-07 16:30:00,15,4,7,16,30,690,72,A6   445.323 A 447.390,,,Plein jour,Hors agglomération,Hors intersection,Normale,Deux véhicules - arrière,,,,,,,,,,,1,1,1,1,2
201500049603,0015-04-07 18:20:00,15,4,7,18,20,690,199,A7   7.000 A 8.630,,,Plein jour,Hors agglomération,Hors intersection,Normale,Trois véhicules et plus - en chaîne,,,,,,,,,,,1,1,1,1,4
201500049604,0015-04-08 16:00:00,15,4,8,16,0,690,72,A6   445.323 A 447.390,,,Plein jour,Hors agglomération,Hors intersection,Normale,Deux véhicules - arrière,,,,,,,,,,,1,1,1,1,2
201500049605,0015-04-10 08:30:00,15,4,10,8,30,690,266,RD383 2.321 A 3.750,,,Plein jour,Hors agglomération,Hors intersection,Normale,Deux véhicules - arrière,,,,,,,,,,,1,1,1,1,2
201500049606,0015-04-10 18:45:00,15,4,10,18,45,690,81,BPNL   34.000 A 34.614,,,Plein jour,Hors agglomération,Hors intersection,Normale,Deux véhicules - arrière,,,,,,,,,,,1,1,1,1,2
201500049607,0015-04-15 07:30:00,15,4,15,7,30,690,199,RD383   14.250 A 18.000,,,Plein jour,Hors agglomération,Hors intersection,Normale,Deux véhicules - arrière,,,,,,,,,,,1,1,1,1,2
201500049608,0015-04-17 20:30:00,15,4,17,20,30,380,449,A43   18.875 A 21.100,45.65445,5.09567,Nuit avec éclairage allumé,Hors agglomération,Hors intersection,Pluie légère,Autre collision,,,,,,,,,,,5,1,1,2,6
201500049609,0015-04-18 06:45:00,15,4,18,6,45,690,9,A6   428.880 A 431.800,,,Crépuscule ou aube,Hors agglomération,Hors intersection,Temps couvert,Trois véhicules et plus - en chaîne,,,,,,,,,,,2,1,1,8,4
201500049610,0015-04-19 10:39:00,15,4,19,10,39,690,199,RD383   14.250 A 18.000,,,Plein jour,Hors agglomération,Hors intersection,Normale,Trois véhicules et plus - collisions multiples,,,,,,,,,,,1,1,1,1,5
201500049611,0015-04-19 00:15:00,15,4,19,0,15,690,125,A6   437.840 A 439.400,,,Nuit sans éclairage public,Hors agglomération,Hors intersection,Normale,Autre collision,,,,,,,,,,,3,1,1,1,6
201500049612,0015-04-20 06:40:00,15,4,20,6,40,10,275,A42   4.353 A 5.760   GE,,,Crépuscule ou aube,Hors agglomération,Hors intersection,Normale,Autre collision,,,,,,,,,,,2,1,1,1,6