accident_id,datetime,annee,mois,jour,heure,minute,departement,commune_insee,adresse,latitude,longitude,luminosite,agglomeration,intersection,meteo,collision,nb_vehicules,nb_usagers,nb_indemnes,nb_tues,nb_blesses_hosp,nb_blesses_legers,age_cond_1,age_cond_2,veh_type_cond_1,veh_type_cond_2,lum_code,agg_code,int_code,atm_code,col_code
201500049871,0015-04-08 15:15:00,15,4,8,15,15,130,28,A50**,,,Plein jour,Hors agglomération,Hors intersection,Normale,Autre collision,,,,,,,,,,,1,1,1,1,6
201500049872,0015-04-10 08:45:00,15,4,10,8,45,830,90,A50,43.12235,5.83002,Plein jour,Hors agglomération,Hors intersection,Normale,Deux véhicules - côté,,,,,,,,,,,1,1,1,1,3
201500049873,0015-04-15 12:50:00,15,4,15,12,50,830,35,A50,43.19632,5.76196,Plein jour,Hors agglomération,Hors intersection,Normale,Autre collision,,,,,,,,,,,1,1,1,1,6
201500049874,0015-04-18 16:56:00,15,4,18,16,56,830,137,A57,43.12261,5.95772,Plein jour,Hors agglomération,Hors intersection,Normale,Deux véhicules - arrière,,,,,,,,,,,1,1,1,1,2
201500049875,0015-04-25 11:50:00,15,4,25,11,50,830,144,A57,43.13355,5.98531,Plein jour,Hors agglomération,Hors intersection,Pluie légère,Deux véhicules - arrière,,,,,,,,,,,1,1,1,2,2
201500049876,0015-04-25 12:50:00,15,4,25,12,50,830,27,A50,43.193,5.68278,Plein jour,Hors agglomération,Hors intersection,Normale,Deux véhicules - arrière,,,,,,,,,,,1,1,1,1,2
201500049877,0015-04-25 22:05:00,15,4,25,22,5,830,69,A570,,,Nuit sans éclairage public,Hors agglomération,Hors intersection,Normale,Autre collision,,,,,,,,,,,3,1,1,1,6
201500049878,0015-05-07 13:54:00,15,5,7,13,54,830,137,A50,,,Plein jour,Hors agglomération,Hors intersection,Normale,Deux véhicules - arrière,,,,,,,,,,,1,1,1,1,2
201500049879,0015-05-09 02:57:00,15,5,9,2,57,830,144,A57,43.1405,6.00033,Nuit sans éclairage public,Hors agglomération,Hors intersection,Normale,Autre collision,,,,,,,,,,,3,1,1,1,6
201500049880,0015-05-10 05:50:00,15,5,10,5,50,130,28,A50 ***,,,Nuit sans éclairage public,Hors agglomération,Hors intersection,Normale,Sans collision,,,,,,,,,,,3,1,1,1,7
201500049881,0015-05-10 05:55:00,15,5,10,5,55,130,28,A50**,,,Nuit sans éclairage public,Hors agglomération,Hors intersection,Normale,Deux véhicules - arrière,,,,,,,,,,,3,1,1,1,2
201500049882,0015-05-15 07:25:00,15,5,15,7,25,830,137,A50,43.0736,5.53392,Plein jour,Hors agglomération,Hors intersection,Normale,Autre collision,,,,,,,,,,,1,1,1,1,6
201500049883,0015-05-21 09:20:00,15,5,21,9,20,830,129,A50,43.12039,5.84336,Plein jour,Hors agglomération,Hors intersection,Normale,Trois véhicules et plus - collisions multiples,,,,,,,,,,,1,1,1,1,5
201500049884,0015-06-04 07:30:00,15,6,4,7,30,830,144,A57,43.14113,6.00261,Plein jour,Hors agglomération,Hors intersection,Normale,Deux véhicules - arrière,,,,,,,,,,,1,1,1,1,2
201500049885,0015-06-05 19:10:00,15,6,5,19,10,830,144,A57,43.14032,5.99935,Plein jour,Hors agglomération,Hors intersection,Normale,Trois véhicules et plus - en chaîne,,,,,,,,,,,1,1,1,1,4
201500049886,0015-06-09 18:10:00,15,6,9,18,10,830,144,A57,,,Plein jour,Hors agglomération,Hors intersection,Normale,Deux véhicules - côté,,,,,,,,,,,1,1,1,1,3
201500049887,0015-06-15 13:51:00,15,6,15,13,51,830,137,avenue Mirasouléou,43.13383,5.98059,Plein jour,Hors agglomération,Hors intersection,Normale,Deux véhicules - arrière,,,,,,,,,,,1,1,1,1,2
201500049888,0015-06-17 12:10:00,15,6,17,12,10,830,137,ROUTE DE NICE/A57,,,Plein jour,Hors agglomération,Autre intersection,Normale,Deux véhicules - arrière,,,,,,,,,,,1,1,9,1,2
201500049889,0015-06-18 08:10:00,15,6,18,8,10,830,137,A57,43.12477,5.96727,Plein jour,Hors agglomération,Hors intersection,Normale,Sans collision,,,,,,,,,,,1,1,1,1,7
201500049890,0015-06-25 08:10:00,15,6,25,8,10,830,144,A57,43.14194,6.00576,Plein jour,Hors agglomération,Hors intersection,Normale,Sans collision,,,,,,,,,,,1,1,1,1,7
201500049891,0015-06-27 13:32:00,15,6,27,13,32,830,123,A50,43.14645,5.77196,Plein jour,Hors agglomération,Hors intersection,Normale,Deux véhicules - arrière,,,,,,,,,,,1,1,1,1,2
201500049892,0015-07-06 16:32:00,15,7,6,16,32,830,137,A50 Trémie Léon BOURGEOI,,,Plein jour,Hors agglomération,Hors intersection,Normale,Deux véhicules - arrière,,,,,,,,,,,1,1,1,1,2
201500049893,0015-07-18 04:06:00,15,7,18,4,6,830,137,A57,43.13027,5.979,Nuit avec éclairage allumé,Hors agglomération,Hors intersection,Normale,Deux véhicules - arrière,,,,,,,,,,,5,1,1,1,2
201500049894,0015-07-20 11:40:00,15,7,20,11,40,830,69,A570,,,Plein jour,Hors agglomération,Hors intersection,Normale,Deux véhicules - arrière,,,,,,,,,,,1,1,1,1,2
201500049895,0015-08-01 19:57:00,15,8,1,19,57,830,69,RN98,43.11427,6.11683,Plein jour,Hors agglomération,Hors intersection,Normale,Deux véhicules - arrière,,,,,,,,,,,1,1,1,1,2
201500049896,0015-08-04 17:42:00,15,8,4,17,42,830,27,A50,,,Plein jour,Hors agglomération,Hors intersection,Normale,Deux véhicules - arrière,,,,,,,,,,,1,1,1,1,2
201500049897,0015-08-16 06:02:00,15,8,16,6,2,830,137,A50 Voies d'accès au tun,,,Nuit avec éclairage allumé,Hors agglomération,Hors intersection,Normale,Deux véhicules - arrière,,,,,,,,,,,5,1,1,1,2
201500049898,0015-08-26 13:55:00,15,8,26,13,55,830,137,A57,,,Plein jour,Hors agglomération,Hors intersection,Normale,Trois véhicules et plus - en chaîne,,,,,,,,,,,1,1,1,1,4
201500049899,0015-08-28 16:05:00,15,8,28,16,5,830,137,A50,43.12582,5.8979,Plein jour,Hors agglomération,Hors intersection,Normale,Sans collision,,,,,,,,,,,1,1,1,1,7
201500049900,0015-09-04 16:40:00,15,9,4,16,40,830,137,A57,43.12725,5.97474,Plein jour,Hors agglomération,Hors intersection,Normale,Trois véhicules et plus - collisions multiples,,,,,,,,,,,1,1,1,1,5
201500049901,0015-09-17 08:45:00,15,9,17,8,45,830,137,A57,43.12219,5.95573,Plein jour,Hors agglomération,Hors intersection,Normale,Trois véhicules et plus - en chaîne,,,,,,,,,,,1,1,1,1,4
201500049902,0015-09-29 17:00:00,15,9,29,17,0,830,90,A50,43.12354,5.82815,Plein jour,Hors agglomération,Hors intersection,Normale,Autre collision,,,,,,,,,,,1,1,1,1,6
201500049903,0015-09-30 08:30:00,15,9,30,8,30,830,62,A57,43.14426,6.02727,Plein jour,Hors agglomération,Hors intersection,Normale,Sans collision,,,,,,,,,,,1,1,1,1,7
201500049904,0015-10-03 11:50:00,15,10,3,11,50,830,137,RN1050,43.12007,5.94906,Plein jour,Hors agglomération,Hors intersection,Pluie légère,Sans collision,,,,,,,,,,,1,1,1,2,7
201500049905,0015-10-07 18:40:00,15,10,7,18,40,830,62,A57,43.14376,6.02058,Crépuscule ou aube,Hors agglomération,Hors intersection,Normale,Trois véhicules et plus - en chaîne,,,,,,,,,,,2,1,1,1,4
201500049906,0015-10-07 19:42:00,15,10,7,19,42,830,137,A50 VILLEVIEILLE/MARSEIL,,,Nuit avec éclairage allumé,Hors agglomération,Hors intersection,Normale,Deux véhicules - côté,,,,,,,,,,,5,1,1,1,3
201500049907,0015-10-10 03:05:00,15,10,10,3,5,130,28,A50**,,,Nuit sans éclairage public,Hors agglomération,Hors intersection,Normale,Autre collision,,,,,,,,,,,3,1,1,1,6
201500049908,0015-10-10 07:20:00,15,10,10,7,20,830,90,A50,,,Crépuscule ou aube,Hors agglomération,Hors intersection,Normale,Deux véhicules - côté,,,,,,,,,,,2,1,1,1,3
201500049909,0015-10-19 15:40:00,15,10,19,15,40,830,137,A57,43.13294,5.98381,Plein jour,Hors agglomération,Hors intersection,Normale,Trois véhicules et plus - en chaîne,,,,,,,,,,,1,1,1,1,4
201500049910,0015-10-19 21:50:00,15,10,19,21,50,830,144,A57,43.13739,5.99447,Nuit sans éclairage public,Hors agglomération,Hors intersection,Normale,Deux véhicules - arrière,,,,,,,,,,,3,1,1,1,2
201500049911,0015-10-23 16:15:00,15,10,23,16,15,130,28,A50**,,,Plein jour,Hors agglomération,Hors intersection,Normale,Autre collision,,,,,,,,,,,1,1,1,1,6
201500049912,0015-10-24 19:30:00,15,10,24,19,30,830,144,A57,43.14264,6.00846,Nuit avec éclairage non allumé,Hors agglomération,Hors intersection,Normale,Trois véhicules et plus - collisions multiples,,,,,,,,,,,4,1,1,1,5
201500049913,0015-10-26 14:00:00,15,10,26,14,0,830,137,A57,43.12217,5.95574,Plein jour,Hors agglomération,Hors intersection,Normale,Deux véhicules - côté,,,,,,,,,,,1,1,1,1,3
201500049914,0015-11-01 02:10:00,15,11,1,2,10,830,137,A50,43.12667,5.8921,Nuit sans éclairage public,Hors agglomération,Hors intersection,Normale,Autre collision,,,,,,,,,,,3,1,1,1,6
201500049915,0015-11-06 22:30:00,15,11,6,22,30,830,144,A57,43.14252,6.00855,Nuit sans éclairage public,Hors agglomération,Hors intersection,Normale,Trois véhicules et plus - collisions multiples,,,,,,,,,,,3,1,1,1,5
201500049916,0015-11-09 18:25:00,15,11,9,18,25,830,144,A57,43.14261,6.0085,Plein jour,Hors agglomération,Hors intersection,Normale,Deux véhicules - arrière,,,,,,,,,,,1,1,1,1,2
201500049917,0015-11-17 07:40:00,15,11,17,7,40,830,144,A57,43.13853,5.99657,Crépuscule ou aube,Hors agglomération,Hors intersection,Normale,Deux véhicules - côté,,,,,,,,,,,2,1,1,1,3
201500049918,0015-11-24 07:47:00,15,11,24,7,47,830,123,A50,43.12222,5.95571,Crépuscule ou aube,Hors agglomération,Hors intersection,Normale,Sans collision,,,,,,,,,,,2,1,1,1,7
201500049919,0015-11-27 08:25:00,15,11,27,8,25,830,123,A50,,,Plein jour,Hors agglomération,Hors intersection,Normale,Trois véhicules et plus - en chaîne,,,,,,,,,,,1,1,1,1,4
201500049920,0015-12-01 08:30:00,15,12,1,8,30,830,123,A50,,,Plein jour,Hors agglomération,Hors intersection,Normale,Deux véhicules - arrière,,,,,,,,,,,1,1,1,1,2
201500049921,0015-12-02 08:30:00,15,12,2,8,30,830,123,A50,,,Plein jour,Hors agglomération,Hors intersection,Normale,Trois véhicules et plus - collisions multiples,,,,,,,,,,,1,1,1,1,5
201500049922,0015-12-02 08:34:00,15,12,2,8,34,830,123,A50,,,Plein jour,Hors agglomération,Hors intersection,Normale,Deux véhicules - arrière,,,,,,,,,,,1,1,1,1,2
201500049923,0015-12-02 15:15:00,15,12,2,15,15,830,144,A57,43.1369,5.98073,Plein jour,Hors agglomération,Hors intersection,Normale,Deux véhicules - arrière,,,,,,,,,,,1,1,1,1,2
201500049924,0015-12-07 07:50:00,15,12,7,7,50,830,137,RN1050,,,Crépuscule ou aube,Hors agglomération,Hors intersection,Normale,Deux véhicules - côté,,,,,,,,,,,2,1,1,1,3
201500049925,0015-12-07 18:20:00,15,12,7,18,20,830,62,A57,,,Nuit sans éclairage public,Hors agglomération,Hors intersection,Pluie légère,Deux véhicules - arrière,,,,,,,,,,,3,1,1,2,2
201500049926,0015-12-08 17:45:00,15,12,8,17,45,830,144,A57,,,Crépuscule ou aube,Hors agglomération,Hors intersection,Normale,Trois véhicules et plus - en chaîne,,,,,,,,,,,2,1,1,1,4
201500049927,0015-12-10 15:30:00,15,12,10,15,30,830,137,A50 Trémie Léon BOURGEOI,,,Plein jour,Hors agglomération,Hors intersection,Normale,Deux véhicules - arrière,,,,,,,,,,,1,1,1,1,2
201500049928,0015-12-11 12:06:00,15,12,11,12,6,130,55,A50 VILLEVIEILLE/MARSEIL,,,Plein jour,Hors agglomération,Hors intersection,Normale,Trois véhicules et plus - collisions multiples,,,,,,,,,,,1,1,1,1,5
201500049929,0015-12-16 07:55:00,15,12,16,7,55,830,62,A57,,,Plein jour,Hors agglomération,Hors intersection,Normale,Deux véhicules - côté,,,,,,,,,,,1,1,1,1,3
201500049930,0015-03-07 13:00:00,15,3,7,13,0,830,137,Tunnel Tube Sud,,,Plein jour,Hors agglomération,Hors intersection,Normale,Autre collision,,,,,,,,,,,1,1,1,1,6
201500049931,0015-12-19 02:20:00,15,12,19,2,20,130,55,A7-Sens Lyon vers*Marsei,,,Nuit avec éclairage allumé,Hors agglomération,Hors intersection,Normale,Deux véhicules - côté,,,,,,,,,,,5,1,1,1,3
201500049932,0015-01-02 14:15:00,15,1,2,14,15,130,71,A7-Sens Lyon vers*Marsei,,,Plein jour,Hors agglomération,Hors intersection,Normale,Deux véhicules - côté,,,,,,,,,,,1,1,1,1,3
201500049933,0015-01-03 05:20:00,15,1,3,5,20,130,55,A7-Sens Marseille vers*L,,,Nuit sans éclairage public,Hors agglomération,Hors intersection,Normale,Autre collision,,,,,,,,,,,3,1,1,1,6
201500049934,0015-01-03 22:00:00,15,1,3,22,0,130,56,A55-Sens Martigues*vers,,,Nuit sans éclairage public,Hors agglomération,Hors intersection,Normale,Autre collision,,,,,,,,,,,3,1,1,1,6
201500049935,0015-01-04 01:05:00,15,1,4,1,5,130,106,A7-Sens Marseille*vers L,,,Nuit sans éclairage public,Hors agglomération,Hors intersection,Normale,Autre collision,,,,,,,,,,,3,1,1,1,6
201500049936,0015-01-07 12:15:00,15,1,7,12,15,130,71,A55-Sens Martigues*vers,,,Plein jour,Hors agglomération,Hors intersection,Normale,Autre collision,,,,,,,,,,,1,1,1,1,6
201500049937,0015-01-06 09:30:00,15,1,6,9,30,130,55,A50-Sens Aubagne vers*Ma,,,Plein jour,Hors agglomération,Hors intersection,Normale,Autre collision,,,,,,,,,,,1,1,1,1,6
201500049938,0015-01-07 13:45:00,15,1,7,13,45,130,70,A50-Sens Aubagne vers*Ma,,,Plein jour,Hors agglomération,Hors intersection,Normale,Deux véhicules - arrière,,,,,,,,,,,1,1,1,1,2
201500049939,0015-01-12 07:40:00,15,1,12,7,40,130,55,A7-Sens Lyon vers Marsei,,,Crépuscule ou aube,Hors agglomération,Hors intersection,Normale,Deux véhicules - arrière,,,,,,,,,,,2,1,1,1,2
201500049940,0015-01-13 07:45:00,15,1,13,7,45,130,55,A50-Sens Aubagne vers*Ma,,,Nuit avec éclairage allumé,Hors agglomération,Hors intersection,Normale,Deux véhicules - côté,,,,,,,,,,,5,1,1,1,3
201500049941,0015-01-13 08:50:00,15,1,13,8,50,130,55,Sens Aubagne vers*Marsei,,,Plein jour,Hors agglomération,Hors intersection,Normale,Deux véhicules - côté,,,,,,,,,,,1,1,1,1,3
201500049942,0015-01-12 16:45:00,15,1,12,16,45,130,55,A7-Sens Marseille vers L,,,Plein jour,Hors agglomération,Hors intersection,Normale,Deux véhicules - arrière,,,,,,,,,,,1,1,1,1,2
201500049943,0015-01-15 19:33:00,15,1,15,19,33,130,55,A7-Sens Lyon vers*Marsei,,,Nuit sans éclairage public,Hors agglomération,Hors intersection,Normale,Trois véhicules et plus - en chaîne,,,,,,,,,,,3,1,1,1,4
201500049944,0015-01-16 20:50:00,15,1,16,20,50,130,55,A7-Sens Marseille vers*L,,,Nuit sans éclairage public,Hors agglomération,Hors intersection,Pluie légère,Deux véhicules - frontale,,,,,,,,,,,3,1,1,2,1
201500049945,0015-01-11 09:10:00,15,1,11,9,10,130,28,A50-Sens Aubagne vers*To,,,Plein jour,Hors agglomération,Hors intersection,Normale,Autre collision,,,,,,,,,,,1,1,1,1,6
201500049946,0015-01-17 14:55:00,15,1,17,14,55,130,15,A51-Sens Aix en*Provence,,,Plein jour,Hors agglomération,Hors intersection,Normale,Deux véhicules - arrière,,,,,,,,,,,1,1,1,1,2
201500049947,0015-01-17 07:00:00,15,1,17,7,0,130,26,A55-Sens Marseilleùvers,,,Crépuscule ou aube,Hors agglomération,Hors intersection,Normale,Autre collision,,,,,,,,,,,2,1,1,1,6
201500049948,0015-01-18 00:50:00,15,1,18,0,50,130,55,A7-Sens Lyon vers*Marsei,,,Nuit avec éclairage allumé,Hors agglomération,Hors intersection,Normale,Deux véhicules - arrière,,,,,,,,,,,5,1,1,1,2
201500049949,0015-01-17 00:35:00,15,1,17,0,35,130,22,A50-Sens Aubagne vers*To,,,Nuit sans éclairage public,Hors agglomération,Hors intersection,Temps couvert,Deux véhicules - côté,,,,,,,,,,,3,1,1,8,3
201500049950,0015-01-15 16:00:00,15,1,15,16,0,130,55,A7-Sens Marseille vers*L,,,Plein jour,Hors agglomération,Hors intersection,Normale,Deux véhicules - arrière,,,,,,,,,,,1,1,1,1,2
201500049951,0015-01-19 17:40:00,15,1,19,17,40,130,55,A55-Sens Martigues*vers,,,Nuit sans éclairage public,Hors agglomération,Hors intersection,Normale,Autre collision,,,,,,,,,,,3,1,1,1,6
201500049952,0015-01-18 19:30:00,15,1,18,19,30,130,55,A7-Sens Lyon vers*Marsei,,,Nuit sans éclairage public,Hors agglomération,Hors intersection,Normale,Deux véhicules - arrière,,,,,,,,,,,3,1,1,1,2
201500049953,0015-01-19 20:45:00,15,1,19,20,45,130,55,A55-Sens Marseille*vers,,,Nuit sans éclairage public,Hors agglomération,Hors intersection,Pluie légère,Deux véhicules - côté,,,,,,,,,,,3,1,1,2,3
201500049954,0015-01-15 19:33:00,15,1,15,19,33,130,106,A51-Sens Marseille*vers,,,Plein jour,Hors agglomération,Hors intersection,Normale,Deux véhicules - côté,,,,,,,,,,,1,1,1,1,3
201500049955,0015-01-20 11:00:00,15,1,20,11,0,130,33,A55-Sens Martigues*vers,,,Plein jour,Hors agglomération,Hors intersection,Pluie légère,Deux véhicules - arrière,,,,,,,,,,,1,1,1,2,2
201500049956,0015-01-20 07:35:00,15,1,20,7,35,130,55,A55-Sens Marseille*vers,,,Crépuscule ou aube,Hors agglomération,Hors intersection,Pluie légère,Trois véhicules et plus - en chaîne,,,,,,,,,,,2,1,1,2,4
201500049957,0015-01-21 00:05:00,15,1,21,0,5,130,85,A50-Sens Toulon vers*Aub,,,Nuit sans éclairage public,Hors agglomération,Hors intersection,Normale,Autre collision,,,,,,,,,,,3,1,1,1,6
201500049958,0015-01-21 12:45:00,15,1,21,12,45,130,55,A557-Liaison A7*Marseill,,,Plein jour,Hors agglomération,Hors intersection,Pluie forte,Autre collision,,,,,,,,,,,1,1,1,3,6
201500049959,0015-01-19 13:55:00,15,1,19,13,55,130,19,A51-Sens Marseille*vers,,,Plein jour,Hors agglomération,Hors intersection,Pluie légère,Sans collision,,,,,,,,,,,1,1,1,2,7
201500049960,0015-01-25 16:45:00,15,1,25,16,45,130,19,A51-Sens Aix en*Provence,,,Plein jour,Hors agglomération,Hors intersection,Normale,Autre collision,,,,,,,,,,,1,1,1,1,6
201500049961,0015-01-07 18:00:00,15,1,7,18,0,130,55,A55-Sens Martigues *vers,,,Crépuscule ou aube,Hors agglomération,Hors intersection,Normale,Deux véhicules - côté,,,,,,,,,,,2,1,1,1,3
201500049962,0015-01-24 20:05:00,15,1,24,20,5,130,55,A7-Sens Lyon vers*Marsei,,,Nuit sans éclairage public,Hors agglomération,Hors intersection,Normale,Trois véhicules et plus - en chaîne,,,,,,,,,,,3,1,1,1,4
201500049963,0015-01-25 12:40:00,15,1,25,12,40,130,56,A55-Sens Marseille*vers,,,Plein jour,Hors agglomération,Hors intersection,Normale,Sans collision,,,,,,,,,,,1,1,1,1,7
201500049964,0015-01-26 08:25:00,15,1,26,8,25,130,117,A7-Sens Lyon vers*Marsei,,,Plein jour,Hors agglomération,Hors intersection,Normale,Trois véhicules et plus - en chaîne,,,,,,,,,,,1,1,1,1,4
201500049965,0015-01-28 02:50:00,15,1,28,2,50,130,1,A51-Sens Marseille*vers,,,Nuit sans éclairage public,Hors agglomération,Hors intersection,Normale,Sans collision,,,,,,,,,,,3,1,1,1,7
201500049966,0015-01-28 07:00:00,15,1,28,7,0,130,1,A51-Sens Marseille*vers,,,Nuit sans éclairage public,Hors agglomération,Hors intersection,Normale,Deux véhicules - côté,,,,,,,,,,,3,1,1,1,3
201500049967,0015-01-10 17:45:00,15,1,10,17,45,130,55,A7-Sens Lyon vers*Marsei,,,Nuit avec éclairage non allumé,Hors agglomération,Hors intersection,Normale,Trois véhicules et plus - en chaîne,,,,,,,,,,,4,1,1,1,4
201500049968,0015-01-25 18:50:00,15,1,25,18,50,130,71,A51-Sens Aix en*Provence,,,Nuit sans éclairage public,Hors agglomération,Hors intersection,Normale,Trois véhicules et plus - en chaîne,,,,,,,,,,,3,1,1,1,4
201500049969,0015-01-28 06:55:00,15,1,28,6,55,130,1,A51-Sens Marseille*vers,,,Nuit sans éclairage public,Hors agglomération,Hors intersection,Normale,Trois véhicules et plus - collisions multiples,,,,,,,,,,,3,1,1,1,5
201500049970,0015-01-30 14:30:00,15,1,30,14,30,130,71,A51-Sens Marseille*vers,,,Plein jour,Hors agglomération,Hors intersection,Normale,Trois véhicules et plus - en chaîne,,,,,,,,,,,1,1,1,1,4
201500049971,0015-01-16 22:10:00,15,1,16,22,10,130,106,A51-Sens Marseille*vers,,,Nuit sans éclairage public,Hors agglomération,Hors intersection,Pluie légère,Deux véhicules - côté,,,,,,,,,,,3,1,1,2,3
201500049972,0015-12-18 04:50:00,15,12,18,4,50,130,55,A7-Sens Lyon vers*Marsei,,,Nuit sans éclairage public,Hors agglomération,Hors intersection,Normale,Autre collision,,,,,,,,,,,3,1,1,1,6
201500049973,0015-01-30 12:07:00,15,1,30,12,7,130,71,A7-Sens Marseille vers*L,,,Plein jour,Hors agglomération,Hors intersection,Normale,Trois véhicules et plus - collisions multiples,,,,,,,,,,,1,1,1,1,5
201500049974,0015-12-23 09:00:00,15,12,23,9,0,130,33,A55-Sens Martigues *ers,,,Plein jour,Hors agglomération,Hors intersection,Pluie légère,Autre collision,,,,,,,,,,,1,1,1,2,6
201500049975,0015-01-18 00:15:00,15,1,18,0,15,130,19,A51-Sens Aix en*Provence,,,Nuit sans éclairage public,Hors agglomération,Hors intersection,Normale,Trois véhicules et plus - collisions multiples,,,,,,,,,,,3,1,1,1,5
201500049976,0015-02-02 07:35:00,15,2,2,7,35,130,55,A7-Sens Marseille vers*L,,,Plein jour,Hors agglomération,Hors intersection,Normale,Trois véhicules et plus - en chaîne,,,,,,,,,,,1,1,1,1,4
201500049977,0015-01-30 13:00:00,15,1,30,13,0,130,55,A50-Sens Marseille*vers,,,Plein jour,Hors agglomération,Hors intersection,Normale,Deux véhicules - arrière,,,,,,,,,,,1,1,1,1,2
201500049978,0015-12-26 16:15:00,15,12,26,16,15,130,106,A7-Sens Marseille vers*L,,,Plein jour,Hors agglomération,Hors intersection,Normale,Deux véhicules - arrière,,,,,,,,,,,1,1,1,1,2
201500049979,0015-02-04 21:40:00,15,2,4,21,40,130,55,A55-Sens Marseille*vers,,,Nuit sans éclairage public,Hors agglomération,Hors intersection,Pluie légère,Autre collision,,,,,,,,,,,3,1,1,2,6
201500049980,0015-02-06 11:52:00,15,2,6,11,52,130,71,A7-Sens Lyon vers*Marsei,,,Plein jour,Hors agglomération,Hors intersection,Normale,Autre collision,,,,,,,,,,,1,1,1,1,6
201500049981,0015-02-06 06:19:00,15,2,6,6,19,130,56,A55-Sens Martigues*vers,,,Nuit sans éclairage public,Hors agglomération,Hors intersection,Normale,Autre collision,,,,,,,,,,,3,1,1,1,6
201500049982,0015-02-08 05:00:00,15,2,8,5,0,130,55,A50-Sens Marseille*vers,,,Nuit sans éclairage public,Hors agglomération,Hors intersection,Normale,Autre collision,,,,,,,,,,,3,1,1,1,6
201500049983,0015-02-08 04:50:00,15,2,8,4,50,130,19,A51-Sens Aix en*Provence,,,Nuit sans éclairage public,Hors agglomération,Hors intersection,Normale,Autre collision,,,,,,,,,,,3,1,1,1,6
201500049984,0015-02-08 22:00:00,15,2,8,22,0,130,55,A55-Sens Marseille*vers,,,Nuit sans éclairage public,Hors agglomération,Hors intersection,Normale,Autre collision,,,,,,,,,,,3,1,1,1,6
201500049985,0015-02-10 06:15:00,15,2,10,6,15,130,106,A7-Sens Marseille vers*L,,,Nuit sans éclairage public,Hors agglomération,Hors intersection,Normale,Deux véhicules - côté,,,,,,,,,,,3,1,1,1,3
201500049986,0015-02-05 09:20:00,15,2,5,9,20,130,55,A50-Sens Aubagne vers*Ma,,,Plein jour,Hors agglomération,Hors intersection,Pluie légère,Sans collision,,,,,,,,,,,1,1,1,2,7
201500049987,0015-02-11 11:45:00,15,2,11,11,45,130,15,A51-Sens Aix en*Provence,,,Plein jour,Hors agglomération,Hors intersection,Normale,Deux véhicules - arrière,,,,,,,,,,,1,1,1,1,2
201500049988,0015-02-11 12:30:00,15,2,11,12,30,130,5,A50-Sens Marseille.vers,,,Plein jour,Hors agglomération,Hors intersection,Normale,Deux véhicules - arrière,,,,,,,,,,,1,1,1,1,2
201500049989,0015-12-19 05:00:00,15,12,19,5,0,130,15,A51-Sens Aix en*Provence,,,Nuit avec éclairage non allumé,Hors agglomération,Hors intersection,Normale,Deux véhicules - arrière,,,,,,,,,,,4,1,1,1,2
201500049990,0015-02-12 20:15:00,15,2,12,20,15,130,55,A7-Sens Lyon vers*Marsei,,,Nuit sans éclairage public,Hors agglomération,Hors intersection,Normale,Deux véhicules - côté,,,,,,,,,,,3,1,1,1,3
201500049991,0015-02-13 20:30:00,15,2,13,20,30,130,55,A55-Sens Marseille*vers,,,Nuit sans éclairage public,Hors agglomération,Hors intersection,Pluie légère,Autre collision,,,,,,,,,,,3,1,1,2,6
201500049992,0015-02-09 09:50:00,15,2,9,9,50,130,71,A55 - Sens Marseille*ver,,,Plein jour,Hors agglomération,Hors intersection,Normale,Deux véhicules - arrière,,,,,,,,,,,1,1,1,1,2
201500049993,0015-02-14 10:35:00,15,2,14,10,35,130,26,A55-Sens Martigues*vers,,,Plein jour,Hors agglomération,Hors intersection,Neige / grêle,Trois véhicules et plus - en chaîne,,,,,,,,,,,1,1,1,4,4
201500049994,0015-02-14 15:30:00,15,2,14,15,30,130,55,A557-Liaison A7*Marseill,,,Plein jour,Hors agglomération,Hors intersection,Pluie légère,Sans collision,,,,,,,,,,,1,1,1,2,7
201500049995,0015-02-13 13:55:00,15,2,13,13,55,130,5,A50-Sens Aubagne vers*Ma,,,Plein jour,Hors agglomération,Hors intersection,Normale,Deux véhicules - arrière,,,,,,,,,,,1,1,1,1,2
201500049996,0015-02-15 15:45:00,15,2,15,15,45,130,55,A557-Liaison A7*Marseill,,,Plein jour,Hors agglomération,Hors intersection,Pluie légère,Deux véhicules - côté,,,,,,,,,,,1,1,1,2,3
201500049997,0015-02-16 19:40:00,15,2,16,19,40,130,28,A50-Sens Aubagne versùTo,,,Nuit avec éclairage allumé,Hors agglomération,Hors intersection,Normale,Trois véhicules et plus - en chaîne,,,,,,,,,,,5,1,1,1,4
201500049998,0015-02-17 09:30:00,15,2,17,9,30,130,55,A50-Sens Aubagne vers*Ma,,,Plein jour,Hors agglomération,Hors intersection,Pluie légère,Deux véhicules - arrière,,,,,,,,,,,1,1,1,2,2
201500049999,0015-02-17 09:15:00,15,2,17,9,15,130,55,A50-Sens Aubagne vers Ma,,,Plein jour,Hors agglomération,Hors intersection,Normale,Trois véhicules et plus - en chaîne,,,,,,,,,,,1,1,1,1,4