accident_id,datetime,annee,mois,jour,heure,minute,departement,commune_insee,adresse,latitude,longitude,luminosite,agglomeration,intersection,meteo,collision,nb_vehicules,nb_usagers,nb_indemnes,nb_tues,nb_blesses_hosp,nb_blesses_legers,age_cond_1,age_cond_2,veh_type_cond_1,veh_type_cond_2,lum_code,agg_code,int_code,atm_code,col_code
201500050128,0015-05-10 17:30:00,15,5,10,17,30,130,1,A51-Sens Marseille*vers,,,Plein jour,Hors agglomération,Hors intersection,Normale,Deux véhicules - côté,,,,,,,,,,,1,1,1,1,3
201500050129,0015-05-11 07:40:00,15,5,11,7,40,130,55,A50-Sens Aubagne vers*Ma,,,Plein jour,Hors agglomération,Hors intersection,Normale,Trois véhicules et plus - en chaîne,,,,,,,,,,,1,1,1,1,4
201500050130,0015-05-11 11:26:00,15,5,11,11,26,130,106,A7-Sens Marseille vers L,,,Plein jour,Hors agglomération,Hors intersection,Normale,Deux véhicules - arrière,,,,,,,,,,,1,1,1,1,2
201500050131,0015-05-11 11:46:00,15,5,11,11,46,130,55,A7-Sens Marseille vers*L,,,Plein jour,Hors agglomération,Hors intersection,Normale,Sans collision,,,,,,,,,,,1,1,1,1,7
201500050132,0015-05-13 18:25:00,15,5,13,18,25,130,1,A51-Sens Marseille*vers,,,Plein jour,Hors agglomération,Hors intersection,Normale,Deux véhicules - arrière,,,,,,,,,,,1,1,1,1,2
201500050133,0015-05-13 19:55:00,15,5,13,19,55,130,1,A51-Sens Marseille*vers,,,Plein jour,Hors agglomération,Hors intersection,Normale,Sans collision,,,,,,,,,,,1,1,1,1,7
201500050134,0015-05-14 06:15:00,15,5,14,6,15,130,26,A55-Sens Marseille*vers,,,Plein jour,Hors agglomération,Hors intersection,Normale,Sans collision,,,,,,,,,,,1,1,1,1,7
201500050135,0015-05-16 17:15:00,15,5,16,17,15,130,106,A7-Sens Lyon vers*Marsei,,,Plein jour,Hors agglomération,Hors intersection,Normale,Sans collision,,,,,,,,,,,1,1,1,1,7
201500050136,0015-05-17 05:15:00,15,5,17,5,15,130,71,A5501G-Sens Mlle Vieux P,,,Nuit sans éclairage public,Hors agglomération,Hors intersection,Normale,Autre collision,,,,,,,,,,,3,1,1,1,6
201500050137,0015-05-18 18:40:00,15,5,18,18,40,130,71,A7-Sens Lyon vers*Marsei,,,Plein jour,Hors agglomération,Hors intersection,Normale,Trois véhicules et plus - en chaîne,,,,,,,,,,,1,1,1,1,4
201500050138,0015-05-20 07:50:00,15,5,20,7,50,130,71,A7-Sens Marseille vers*L,,,Plein jour,Hors agglomération,Hors intersection,Vent fort / tempête,Deux véhicules - arrière,,,,,,,,,,,1,1,1,6,2
201500050139,0015-05-20 14:40:00,15,5,20,14,40,130,70,A50-Sens Marseille*vers,,,Plein jour,Hors agglomération,Hors intersection,Normale,Sans collision,,,,,,,,,,,1,1,1,1,7
201500050140,0015-05-21 11:30:00,15,5,21,11,30,130,71,A7-Sens Lyon vers*Marsei,,,Plein jour,Hors agglomération,Hors intersection,Normale,Sans collision,,,,,,,,,,,1,1,1,1,7
201500050141,0015-05-26 08:08:00,15,5,26,8,8,130,117,A7-Sens Lyon vers*Marsei,,,Plein jour,Hors agglomération,Hors intersection,Normale,Trois véhicules et plus - en chaîne,,,,,,,,,,,1,1,1,1,4
201500050142,0015-05-28 08:40:00,15,5,28,8,40,130,15,A51-Sens Aix en*Provence,,,Plein jour,Hors agglomération,Hors intersection,Normale,Trois véhicules et plus - en chaîne,,,,,,,,,,,1,1,1,1,4
201500050143,0015-05-30 06:30:00,15,5,30,6,30,130,71,A55 - Sens Marseille*ver,,,Crépuscule ou aube,Hors agglomération,Hors intersection,Normale,Autre collision,,,,,,,,,,,2,1,1,1,6
201500050144,0015-06-02 11:30:00,15,6,2,11,30,130,106,A51-Sens Marseille*vers,,,Plein jour,Hors agglomération,Hors intersection,Normale,Deux véhicules - arrière,,,,,,,,,,,1,1,1,1,2
201500050145,0015-06-02 09:15:00,15,6,2,9,15,130,5,A501-Sens Pont de*l'Etoi,,,Plein jour,Hors agglomération,Hors intersection,Normale,Deux véhicules - arrière,,,,,,,,,,,1,1,1,1,2
201500050146,0015-06-03 16:48:00,15,6,3,16,48,130,71,A7-Sens Marseille vers*L,,,Plein jour,Hors agglomération,Hors intersection,Normale,Deux véhicules - arrière,,,,,,,,,,,1,1,1,1,2
201500050147,0015-06-04 17:10:00,15,6,4,17,10,130,33,A55-Sens Marseille vers,,,Plein jour,Hors agglomération,Hors intersection,Normale,Deux véhicules - arrière,,,,,,,,,,,1,1,1,1,2
201500050148,0015-06-04 12:10:00,15,6,4,12,10,130,81,A7-Sens Lyon vers*Marsei,,,Plein jour,Hors agglomération,Hors intersection,Normale,Deux véhicules - arrière,,,,,,,,,,,1,1,1,1,2
201500050149,0015-06-05 07:50:00,15,6,5,7,50,130,55,A50-Sens Aubagne vers*Ma,,,Plein jour,Hors agglomération,Hors intersection,Normale,Autre collision,,,,,,,,,,,1,1,1,1,6
201500050150,0015-06-06 11:02:00,15,6,6,11,2,130,71,A55-sens Martigues*ve,,,Plein jour,Hors agglomération,Hors intersection,Normale,Sans collision,,,,,,,,,,,1,1,1,1,7
201500050151,0015-06-05 18:45:00,15,6,5,18,45,130,55,A7-Sens Lyon vers*Marsei,,,Plein jour,Hors agglomération,Hors intersection,Normale,Trois véhicules et plus - en chaîne,,,,,,,,,,,1,1,1,1,4
201500050152,0015-06-04 18:45:00,15,6,4,18,45,130,5,A50-Sens Aubagne vers*Ma,,,Plein jour,Hors agglomération,Hors intersection,Normale,Trois véhicules et plus - en chaîne,,,,,,,,,,,1,1,1,1,4
201500050153,0015-06-07 19:40:00,15,6,7,19,40,130,106,A7-Sens Lyon vers*Marsei,,,Plein jour,Hors agglomération,Hors intersection,Normale,Trois véhicules et plus - collisions multiples,,,,,,,,,,,1,1,1,1,5
201500050154,0015-06-08 11:00:00,15,6,8,11,0,130,26,A55-Sens Marseille vers,43.37975,5.16231,Plein jour,Hors agglomération,Hors intersection,Normale,Sans collision,,,,,,,,,,,1,1,1,1,7
201500050155,0015-06-08 09:10:00,15,6,8,9,10,130,106,A7-Sens Lyon vers Marsei,43.38492,5.35065,Plein jour,Hors agglomération,Hors intersection,Normale,Deux véhicules - arrière,,,,,,,,,,,1,1,1,1,2
201500050156,0015-06-08 11:20:00,15,6,8,11,20,130,5,A50 - Sens Aubagne*vers,,,Plein jour,Hors agglomération,Hors intersection,Normale,Autre collision,,,,,,,,,,,1,1,1,1,6
201500050157,0015-06-11 07:50:00,15,6,11,7,50,130,71,A7-Sens Marseille vers*L,,,Plein jour,Hors agglomération,Hors intersection,Normale,Trois véhicules et plus - en chaîne,,,,,,,,,,,1,1,1,1,4
201500050158,0015-06-12 07:40:00,15,6,12,7,40,130,55,A55-Sens Martigues*vers,,,Plein jour,Hors agglomération,Hors intersection,Pluie légère,Sans collision,,,,,,,,,,,1,1,1,2,7
201500050159,0015-06-12 12:10:00,15,6,12,12,10,130,106,A7-Sens Marseille vers*L,,,Plein jour,Hors agglomération,Hors intersection,Normale,Deux véhicules - arrière,,,,,,,,,,,1,1,1,1,2
201500050160,0015-06-11 16:00:00,15,6,11,16,0,130,15,A51-Sens Aix en*Provence,,,Plein jour,Hors agglomération,Hors intersection,Normale,Autre collision,,,,,,,,,,,1,1,1,1,6
201500050161,0015-06-12 14:55:00,15,6,12,14,55,130,5,A501-Sens Aubagne vers*P,,,Plein jour,Hors agglomération,Hors intersection,Normale,Autre collision,,,,,,,,,,,1,1,1,1,6
201500050162,0015-06-13 19:00:00,15,6,13,19,0,130,55,Axe Littoral Sens*Nord -,,,Plein jour,Hors agglomération,Hors intersection,Normale,Sans collision,,,,,,,,,,,1,1,1,1,7
201500050163,0015-06-15 16:10:00,15,6,15,16,10,130,55,A55-Sens Marseille*vers,,,Plein jour,Hors agglomération,Hors intersection,Normale,Deux véhicules - côté,,,,,,,,,,,1,1,1,1,3
201500050164,0015-06-16 18:10:00,15,6,16,18,10,130,117,A7-Sens Marseille vers*L,,,Plein jour,Hors agglomération,Hors intersection,Pluie légère,Deux véhicules - arrière,,,,,,,,,,,1,1,1,2,2
201500050165,0015-05-07 17:30:00,15,5,7,17,30,130,1,A51-Sens Marseille*vers,,,Plein jour,Hors agglomération,Hors intersection,Normale,Deux véhicules - côté,,,,,,,,,,,1,1,1,1,3
201500050166,0015-06-17 19:05:00,15,6,17,19,5,130,55,A50-Sens Aubagne vers*Ma,,,Plein jour,Hors agglomération,Hors intersection,Normale,Deux véhicules - arrière,,,,,,,,,,,1,1,1,1,2
201500050167,0015-06-18 11:25:00,15,6,18,11,25,130,55,A55-Sens Martigues*vers,,,Plein jour,Hors agglomération,Hors intersection,Normale,Deux véhicules - arrière,,,,,,,,,,,1,1,1,1,2
201500050168,0015-06-18 21:05:00,15,6,18,21,5,130,1,A51 vers AIX,,,Plein jour,Hors agglomération,Hors intersection,Normale,Deux véhicules - côté,,,,,,,,,,,1,1,1,1,3
201500050169,0015-06-19 15:00:00,15,6,19,15,0,130,1,A51-Sens Marseille*vers,,,Plein jour,Hors agglomération,Hors intersection,Normale,Sans collision,,,,,,,,,,,1,1,1,1,7
201500050170,0015-06-19 17:35:00,15,6,19,17,35,130,55,A50-Sens Aubagne vers*Ma,,,Plein jour,Hors agglomération,Hors intersection,Normale,Deux véhicules - arrière,,,,,,,,,,,1,1,1,1,2
201500050171,0015-06-21 17:25:00,15,6,21,17,25,130,19,A51-Sens Aix en*Provence,,,Plein jour,Hors agglomération,Hors intersection,Normale,Deux véhicules - côté,,,,,,,,,,,1,1,1,1,3
201500050172,0015-06-18 18:35:00,15,6,18,18,35,130,71,A7-Sens Lyon vers*Marsei,,,Plein jour,Hors agglomération,Hors intersection,Normale,Trois véhicules et plus - en chaîne,,,,,,,,,,,1,1,1,1,4
201500050173,0015-06-21 20:35:00,15,6,21,20,35,130,55,A7-Sens Lyon vers*Marsei,,,Plein jour,Hors agglomération,Hors intersection,Normale,Deux véhicules - arrière,,,,,,,,,,,1,1,1,1,2
201500050174,0015-06-22 14:15:00,15,6,22,14,15,130,71,A7-Sens Marseille vers*L,,,Plein jour,Hors agglomération,Hors intersection,Normale,Deux véhicules - arrière,,,,,,,,,,,1,1,1,1,2
201500050175,0015-06-22 12:35:00,15,6,22,12,35,130,55,Tunnel Joliette*vers A.5,,,Plein jour,Hors agglomération,Hors intersection,Normale,Deux véhicules - arrière,,,,,,,,,,,1,1,1,1,2
201500050176,0015-06-05 13:00:00,15,6,5,13,0,130,55,TVPCM-Sens Saint*Victor,,,Plein jour,Hors agglomération,Hors intersection,Normale,Trois véhicules et plus - en chaîne,,,,,,,,,,,1,1,1,1,4
201500050177,0015-06-10 09:30:00,15,6,10,9,30,130,106,A51-Sens Aix en*Provence,,,Plein jour,Hors agglomération,Hors intersection,Normale,Trois véhicules et plus - en chaîne,,,,,,,,,,,1,1,1,1,4
201500050178,0015-06-25 07:50:00,15,6,25,7,50,130,1,A51-Sens Aix en*Provence,43.51177,5.4222,Plein jour,Hors agglomération,Hors intersection,Normale,Autre collision,,,,,,,,,,,1,1,1,1,6
201500050179,0015-06-26 20:00:00,15,6,26,20,0,130,15,A51-Sens Marseille*vers,,,Plein jour,Hors agglomération,Hors intersection,Normale,Deux véhicules - côté,,,,,,,,,,,1,1,1,1,3
201500050180,0015-06-27 14:30:00,15,6,27,14,30,130,55,Sens Aubagne vers*Marsei,,,Plein jour,Hors agglomération,Hors intersection,Normale,Deux véhicules - arrière,,,,,,,,,,,1,1,1,1,2
201500050181,0015-06-27 17:05:00,15,6,27,17,5,130,5,Sens Aubagne vers*Marsei,,,Plein jour,Hors agglomération,Hors intersection,Normale,Sans collision,,,,,,,,,,,1,1,1,1,7
201500050182,0015-06-28 04:00:00,15,6,28,4,0,130,1,A51-Sens Aix en*Provence,,,Nuit sans éclairage public,Hors agglomération,Hors intersection,Normale,Deux véhicules - côté,,,,,,,,,,,3,1,1,1,3
201500050183,0015-06-28 14:30:00,15,6,28,14,30,130,55,A7-Sens Lyon vers*Marsei,,,Plein jour,Hors agglomération,Hors intersection,Normale,Deux véhicules - frontale,,,,,,,,,,,1,1,1,1,1
201500050184,0015-06-30 08:10:00,15,6,30,8,10,130,71,A7-Sens Marseille vers*L,,,Plein jour,Hors agglomération,Hors intersection,Normale,Autre collision,,,,,,,,,,,1,1,1,1,6
201500050185,0015-06-30 09:15:00,15,6,30,9,15,130,15,A51-Sens Aix en*Provence,,,Plein jour,Hors agglomération,Hors intersection,Normale,Trois véhicules et plus - en chaîne,,,,,,,,,,,1,1,1,1,4
201500050186,0015-06-24 17:30:00,15,6,24,17,30,130,55,A55-Sens Martigues*vers,,,Plein jour,Hors agglomération,Hors intersection,Normale,Deux véhicules - arrière,,,,,,,,,,,1,1,1,1,2
201500050187,0015-06-29 18:10:00,15,6,29,18,10,130,1,A51-Sens Marseille*vers,,,Plein jour,Hors agglomération,Hors intersection,Normale,Deux véhicules - arrière,,,,,,,,,,,1,1,1,1,2
201500050188,0015-06-30 12:55:00,15,6,30,12,55,130,55,A7-Sens Lyon vers Marsei,,,Plein jour,Hors agglomération,Hors intersection,Normale,Deux véhicules - arrière,,,,,,,,,,,1,1,1,1,2
201500050189,0015-07-01 18:30:00,15,7,1,18,30,130,117,A7-Sens Marseille vers L,,,Plein jour,Hors agglomération,Hors intersection,Normale,Trois véhicules et plus - en chaîne,,,,,,,,,,,1,1,1,1,4
201500050190,0015-06-27 11:00:00,15,6,27,11,0,130,1,A51-Sens Marseille*vers,,,Plein jour,Hors agglomération,Hors intersection,Normale,Sans collision,,,,,,,,,,,1,1,1,1,7
201500050191,0015-07-01 07:30:00,15,7,1,7,30,130,5,A50-Sens Marseille*vers,,,Plein jour,Hors agglomération,Hors intersection,Normale,Autre collision,,,,,,,,,,,1,1,1,1,6
201500050192,0015-07-04 02:10:00,15,7,4,2,10,130,26,A55-Sens Martigues ****,,,Nuit sans éclairage public,Hors agglomération,Hors intersection,Normale,Sans collision,,,,,,,,,,,3,1,1,1,7
201500050193,0015-07-04 09:45:00,15,7,4,9,45,130,19,A51-Sens Marseille*vers,,,Plein jour,Hors agglomération,Hors intersection,Normale,Deux véhicules - arrière,,,,,,,,,,,1,1,1,1,2
201500050194,0015-07-03 18:00:00,15,7,3,18,0,130,55,A7-Sens Lyon vers*Marsei,,,Plein jour,Hors agglomération,Hors intersection,Normale,Trois véhicules et plus - en chaîne,,,,,,,,,,,1,1,1,1,4
201500050195,0015-07-04 14:06:00,15,7,4,14,6,130,55,A7-Sens Lyon vers*Marsei,,,Plein jour,Hors agglomération,Hors intersection,Normale,Deux véhicules - arrière,,,,,,,,,,,1,1,1,1,2
201500050196,0015-07-05 09:00:00,15,7,5,9,0,130,85,A50-Sens Toulon vers*Aub,,,Plein jour,Hors agglomération,Hors intersection,Normale,Sans collision,,,,,,,,,,,1,1,1,1,7
201500050197,0015-06-30 17:30:00,15,6,30,17,30,130,81,A7-Sens Marseille vers*L,,,Plein jour,Hors agglomération,Hors intersection,Normale,Deux véhicules - côté,,,,,,,,,,,1,1,1,1,3
201500050198,0015-07-02 16:45:00,15,7,2,16,45,130,55,A7-Sens Marseille vers L,,,Plein jour,Hors agglomération,Hors intersection,Normale,Trois véhicules et plus - collisions multiples,,,,,,,,,,,1,1,1,1,5
201500050199,0015-07-06 20:15:00,15,7,6,20,15,130,55,A50-Sens Marseille*vers,,,Plein jour,Hors agglomération,Hors intersection,Normale,Deux véhicules - arrière,,,,,,,,,,,1,1,1,1,2
201500050200,0015-07-07 17:20:00,15,7,7,17,20,130,33,A55-Sens Marseille*vers,,,Plein jour,Hors agglomération,Hors intersection,Normale,Trois véhicules et plus - en chaîne,,,,,,,,,,,1,1,1,1,4
201500050201,0015-07-03 09:18:00,15,7,3,9,18,130,55,TVPCM-Sens Saint*Victor,,,Plein jour,Hors agglomération,Hors intersection,Normale,Deux véhicules - arrière,,,,,,,,,,,1,1,1,1,2
201500050202,0015-07-03 12:20:00,15,7,3,12,20,130,1,A51-Sens Marseille vers*,,,Plein jour,Hors agglomération,Hors intersection,Normale,Autre collision,,,,,,,,,,,1,1,1,1,6
201500050203,0015-07-08 11:35:00,15,7,8,11,35,130,85,A50-Sens Toulon vers*Aub,,,Plein jour,Hors agglomération,Hors intersection,Normale,Sans collision,,,,,,,,,,,1,1,1,1,7
201500050204,0015-07-08 09:40:00,15,7,8,9,40,130,55,S10CD-Sens Aubagne%vers,,,Plein jour,Hors agglomération,Hors intersection,Normale,Deux véhicules - côté,,,,,,,,,,,1,1,1,1,3
201500050205,0015-07-10 15:24:00,15,7,10,15,24,130,55,A7-Sens Marseille vers*L,,,Plein jour,Hors agglomération,Hors intersection,Normale,Deux véhicules - arrière,,,,,,,,,,,1,1,1,1,2
201500050206,0015-07-10 16:15:00,15,7,10,16,15,130,55,A55-Sens Marseille*vers,,,Plein jour,Hors agglomération,Hors intersection,Normale,Trois véhicules et plus - en chaîne,,,,,,,,,,,1,1,1,1,4
201500050207,0015-07-06 17:30:00,15,7,6,17,30,130,55,A50-Sens Marseille*vers,,,Plein jour,Hors agglomération,Hors intersection,Normale,Trois véhicules et plus - en chaîne,,,,,,,,,,,1,1,1,1,4
201500050208,0015-07-06 16:35:00,15,7,6,16,35,130,70,A50-Sens Marseille*vers,,,Plein jour,Hors agglomération,Hors intersection,Normale,Deux véhicules - arrière,,,,,,,,,,,1,1,1,1,2
201500050209,0015-07-10 20:20:00,15,7,10,20,20,130,26,A55-Sens Marseille*vers,,,Plein jour,Hors agglomération,Hors intersection,Normale,Autre collision,,,,,,,,,,,1,1,1,1,6
201500050210,0015-07-12 19:38:00,15,7,12,19,38,130,55,A7-Sens Lyon vers*Marsei,,,Plein jour,Hors agglomération,Hors intersection,Normale,Trois véhicules et plus - en chaîne,,,,,,,,,,,1,1,1,1,4
201500050211,0015-07-12 12:45:00,15,7,12,12,45,130,71,A7-Sens Lyon vers*Marsei,,,Plein jour,Hors agglomération,Hors intersection,Normale,Sans collision,,,,,,,,,,,1,1,1,1,7
201500050212,0015-07-13 16:10:00,15,7,13,16,10,130,5,A52-Sens Pont de*l'Etoil,,,Plein jour,Hors agglomération,Hors intersection,Normale,Sans collision,,,,,,,,,,,1,1,1,1,7
201500050213,0015-07-07 18:13:00,15,7,7,18,13,130,33,A55-Sens Martigues*vers,,,Plein jour,Hors agglomération,Hors intersection,Normale,Deux véhicules - arrière,,,,,,,,,,,1,1,1,1,2
201500050214,0015-07-16 18:45:00,15,7,16,18,45,130,55,A7-Sens Lyon vers*Marsei,,,Plein jour,Hors agglomération,Hors intersection,Normale,Deux véhicules - côté,,,,,,,,,,,1,1,1,1,3
201500050215,0015-07-07 09:45:00,15,7,7,9,45,130,117,A7-Sens Lyon vers*Marsei,,,Plein jour,Hors agglomération,Hors intersection,Normale,Autre collision,,,,,,,,,,,1,1,1,1,6
201500050216,0015-07-07 08:25:00,15,7,7,8,25,130,15,A51-Sens Marseille*vers,,,Plein jour,Hors agglomération,Hors intersection,Normale,Autre collision,,,,,,,,,,,1,1,1,1,6
201500050217,0015-07-16 13:00:00,15,7,16,13,0,130,15,A515CM-sortie Gardanne/B,,,Plein jour,Hors agglomération,Hors intersection,Normale,Sans collision,,,,,,,,,,,1,1,1,1,7
201500050218,0015-05-30 10:10:00,15,5,30,10,10,130,71,A55 - Sens Marseille*ver,,,Plein jour,Hors agglomération,Hors intersection,Normale,Trois véhicules et plus - collisions multiples,,,,,,,,,,,1,1,1,1,5
201500050219,0015-07-12 07:15:00,15,7,12,7,15,130,5,A501-Aubagne Pont de%l'E,,,Plein jour,Hors agglomération,Hors intersection,Normale,Autre collision,,,,,,,,,,,1,1,1,1,6
201500050220,0015-07-18 16:25:00,15,7,18,16,25,130,55,A50-Sens Marseille*vers,,,Plein jour,Hors agglomération,Hors intersection,Normale,Trois véhicules et plus - collisions multiples,,,,,,,,,,,1,1,1,1,5
201500050221,0015-07-19 06:00:00,15,7,19,6,0,130,71,A55 - Sens Marseille*ver,,,Plein jour,Hors agglomération,Hors intersection,Normale,Autre collision,,,,,,,,,,,1,1,1,1,6
201500050222,0015-07-19 05:00:00,15,7,19,5,0,130,26,A55-Sens Marseille*vers,,,Nuit sans éclairage public,Hors agglomération,Hors intersection,Normale,Deux véhicules - côté,,,,,,,,,,,3,1,1,1,3
201500050223,0015-06-16 08:50:00,15,6,16,8,50,130,70,A50-Sens Aubagne vers*Ma,,,Plein jour,Hors agglomération,Hors intersection,Normale,Deux véhicules - arrière,,,,,,,,,,,1,1,1,1,2
201500050224,0015-07-22 17:50:00,15,7,22,17,50,130,1,A51-Sens Marseille *vers,,,Plein jour,Hors agglomération,Hors intersection,Normale,Deux véhicules - arrière,,,,,,,,,,,1,1,1,1,2
201500050225,0015-07-23 08:00:00,15,7,23,8,0,130,55,A7-Sens Lyon vers*Marsei,,,Plein jour,Hors agglomération,Hors intersection,Normale,Trois véhicules et plus - en chaîne,,,,,,,,,,,1,1,1,1,4
201500050226,0015-07-23 17:15:00,15,7,23,17,15,130,15,A515-sortie Gardanne/B,,,Plein jour,Hors agglomération,Hors intersection,Normale,Deux véhicules - arrière,,,,,,,,,,,1,1,1,1,2
201500050227,0015-07-23 23:20:00,15,7,23,23,20,130,71,A55 - Sens Marseille ver,,,Nuit sans éclairage public,Hors agglomération,Hors intersection,Normale,Trois véhicules et plus - collisions multiples,,,,,,,,,,,3,1,1,1,5
201500050228,0015-07-26 01:00:00,15,7,26,1,0,130,5,A502-Sens Toulon par*R.N,,,Nuit sans éclairage public,Hors agglomération,Hors intersection,Normale,Autre collision,,,,,,,,,,,3,1,1,1,6
201500050229,0015-07-25 19:00:00,15,7,25,19,0,130,5,A50-Sens Marseille*vers,,,Plein jour,Hors agglomération,Hors intersection,Normale,Deux véhicules - arrière,,,,,,,,,,,1,1,1,1,2
201500050230,0015-07-29 09:01:00,15,7,29,9,1,130,71,A7-Sens Marseille vers*L,,,Plein jour,Hors agglomération,Hors intersection,Normale,Trois véhicules et plus - collisions multiples,,,,,,,,,,,1,1,1,1,5
201500050231,0015-07-28 20:20:00,15,7,28,20,20,130,55,A55-Sens Marseille*vers,,,Plein jour,Hors agglomération,Hors intersection,Normale,Sans collision,,,,,,,,,,,1,1,1,1,7
201500050232,0015-07-29 15:15:00,15,7,29,15,15,130,22,A50-Sens Toulon vers*Aub,,,Plein jour,Hors agglomération,Hors intersection,Normale,Deux véhicules - arrière,,,,,,,,,,,1,1,1,1,2
201500050233,0015-07-20 17:05:00,15,7,20,17,5,130,71,A7-Sens Marseille vers*L,,,Plein jour,Hors agglomération,Hors intersection,Normale,Trois véhicules et plus - en chaîne,,,,,,,,,,,1,1,1,1,4
201500050234,0015-07-20 18:15:00,15,7,20,18,15,130,55,A7-Sens Lyon vers*Marsei,,,Plein jour,Hors agglomération,Hors intersection,Normale,Trois véhicules et plus - en chaîne,,,,,,,,,,,1,1,1,1,4
201500050235,0015-07-31 21:45:00,15,7,31,21,45,130,15,A51-Sens Aix en*Provence,,,Crépuscule ou aube,Hors agglomération,Hors intersection,Normale,Deux véhicules - arrière,,,,,,,,,,,2,1,1,1,2
201500050236,0015-08-01 01:25:00,15,8,1,1,25,130,26,A55-Sens Marseille*vers,,,Nuit sans éclairage public,Hors agglomération,Hors intersection,Pluie légère,Autre collision,,,,,,,,,,,3,1,1,2,6
201500050237,0015-07-31 19:35:00,15,7,31,19,35,130,71,A51-Sens Marseille*vers,,,Plein jour,Hors agglomération,Hors intersection,Normale,Deux véhicules - arrière,,,,,,,,,,,1,1,1,1,2
201500050238,0015-08-02 19:45:00,15,8,2,19,45,130,55,A7-Sens Lyon vers*Marsei,,,Plein jour,Hors agglomération,Hors intersection,Normale,Deux véhicules - arrière,,,,,,,,,,,1,1,1,1,2
201500050239,0015-08-02 20:45:00,15,8,2,20,45,130,88,A55-Sens Marseille*vers,,,Plein jour,Hors agglomération,Hors intersection,Normale,Autre collision,,,,,,,,,,,1,1,1,1,6
201500050240,0015-08-03 08:45:00,15,8,3,8,45,130,71,A7-Sens Marseille vers*L,,,Plein jour,Hors agglomération,Hors intersection,Normale,Deux véhicules - arrière,,,,,,,,,,,1,1,1,1,2
201500050241,0015-08-05 09:53:00,15,8,5,9,53,130,55,A55-Sens Marseille vers,,,Plein jour,Hors agglomération,Hors intersection,Normale,Deux véhicules - arrière,,,,,,,,,,,1,1,1,1,2
201500050242,0015-08-07 02:50:00,15,8,7,2,50,130,55,A55-Sens Martigues*vers,,,Nuit sans éclairage public,Hors agglomération,Hors intersection,Normale,Sans collision,,,,,,,,,,,3,1,1,1,7
201500050243,0015-08-12 23:10:00,15,8,12,23,10,130,55,A55-Sens Martigues*vers,,,Nuit avec éclairage allumé,Hors agglomération,Hors intersection,Normale,Sans collision,,,,,,,,,,,5,1,1,1,7
201500050244,0015-08-12 18:45:00,15,8,12,18,45,130,88,A55-Sens Marseille*vers,,,Plein jour,Hors agglomération,Hors intersection,Normale,Trois véhicules et plus - en chaîne,,,,,,,,,,,1,1,1,1,4
201500050245,0015-08-14 02:50:00,15,8,14,2,50,130,55,A55-Sens Martigues *,,,Nuit sans éclairage public,Hors agglomération,Hors intersection,Pluie forte,Autre collision,,,,,,,,,,,3,1,1,3,6
201500050246,0015-08-14 10:00:00,15,8,14,10,0,130,55,A7-Sens Lyon vers*Marsei,,,Plein jour,Hors agglomération,Hors intersection,Normale,Sans collision,,,,,,,,,,,1,1,1,1,7
201500050247,0015-08-10 05:40:00,15,8,10,5,40,130,55,A50-Sens Marseille*vers,,,Nuit avec éclairage allumé,Hors agglomération,Hors intersection,Normale,Autre collision,,,,,,,,,,,5,1,1,1,6
201500050248,0015-08-11 17:40:00,15,8,11,17,40,130,56,A55-Sens Marseille*vers,,,Plein jour,Hors agglomération,Hors intersection,Normale,Deux véhicules - arrière,,,,,,,,,,,1,1,1,1,2
201500050249,0015-08-04 18:00:00,15,8,4,18,0,130,33,A55-Sens Marseille*vers,,,Plein jour,Hors agglomération,Hors intersection,Normale,Deux véhicules - arrière,,,,,,,,,,,1,1,1,1,2
201500050250,0015-08-20 12:30:00,15,8,20,12,30,130,55,A7-Sens Lyon vers*Marsei,,,Plein jour,Hors agglomération,Hors intersection,Normale,Deux véhicules - arrière,,,,,,,,,,,1,1,1,1,2
201500050251,0015-08-19 22:35:00,15,8,19,22,35,130,71,A7-Sens Lyon vers*Marsei,,,Nuit sans éclairage public,Hors agglomération,Hors intersection,Normale,Sans collision,,,,,,,,,,,3,1,1,1,7
201500050252,0015-08-23 23:05:00,15,8,23,23,5,130,55,A7-Sens Marseille vers*L,,,Nuit sans éclairage public,Hors agglomération,Hors intersection,Normale,Deux véhicules - arrière,,,,,,,,,,,3,1,1,1,2
201500050253,0015-08-24 10:45:00,15,8,24,10,45,130,71,A55 - Sens Marseille*ver,,,Plein jour,Hors agglomération,Hors intersection,Normale,Trois véhicules et plus - en chaîne,,,,,,,,,,,1,1,1,1,4
201500050254,0015-08-25 11:30:00,15,8,25,11,30,130,55,A55-Sens Marseille vers,43.33317,5.35432,Plein jour,Hors agglomération,Hors intersection,Normale,Deux véhicules - côté,,,,,,,,,,,1,1,1,1,3
201500050255,0015-08-24 12:00:00,15,8,24,12,0,130,56,A55-Sens Marseille*vers,,,Plein jour,Hors agglomération,Hors intersection,Pluie légère,Deux véhicules - côté,,,,,,,,,,,1,1,1,2,3
201500050256,0015-08-27 08:25:00,15,8,27,8,25,130,55,A7-Sens Lyon vers*Marsei,,,Plein jour,Hors agglomération,Hors intersection,Normale,Deux véhicules - arrière,,,,,,,,,,,1,1,1,1,2