accident_id,datetime,annee,mois,jour,heure,minute,departement,commune_insee,adresse,latitude,longitude,luminosite,agglomeration,intersection,meteo,collision,nb_vehicules,nb_usagers,nb_indemnes,nb_tues,nb_blesses_hosp,nb_blesses_legers,age_cond_1,age_cond_2,veh_type_cond_1,veh_type_cond_2,lum_code,agg_code,int_code,atm_code,col_code
201500050257,0015-08-23 18:15:00,15,8,23,18,15,130,55,A55-Sens Martigues*vers,,,Plein jour,Hors agglomération,Hors intersection,Pluie légère,Sans collision,,,,,,,,,,,1,1,1,2,7
201500050258,0015-08-20 23:40:00,15,8,20,23,40,130,1,A51-Sens Marseille*vers,,,Nuit sans éclairage public,Hors agglomération,Hors intersection,Normale,Sans collision,,,,,,,,,,,3,1,1,1,7
201500050259,0015-08-25 18:50:00,15,8,25,18,50,130,55,A7-Sens Lyon vers*Marsei,,,Plein jour,Hors agglomération,Hors intersection,Normale,Trois véhicules et plus - collisions multiples,,,,,,,,,,,1,1,1,1,5
201500050260,0015-08-27 10:05:00,15,8,27,10,5,130,106,A7-Sens Marseille vers*L,,,Plein jour,Hors agglomération,Hors intersection,Normale,Autre collision,,,,,,,,,,,1,1,1,1,6
201500050261,0015-09-01 01:30:00,15,9,1,1,30,130,15,A51-Sens Aix en*Provence,43.42793,5.38585,Nuit sans éclairage public,Hors agglomération,Hors intersection,Normale,Deux véhicules - côté,,,,,,,,,,,3,1,1,1,3
201500050262,0015-08-31 08:40:00,15,8,31,8,40,130,70,Sens Aubagne vers*Marsei,,,Plein jour,Hors agglomération,Hors intersection,Normale,Trois véhicules et plus - en chaîne,,,,,,,,,,,1,1,1,1,4
201500050263,0015-09-01 17:15:00,15,9,1,17,15,130,55,A7-Sens Marseille vers*L,,,Plein jour,Hors agglomération,Hors intersection,Normale,Trois véhicules et plus - en chaîne,,,,,,,,,,,1,1,1,1,4
201500050264,0015-09-04 08:45:00,15,9,4,8,45,130,55,A7-Sens Lyon vers*Marsei,,,Plein jour,Hors agglomération,Hors intersection,Normale,Trois véhicules et plus - en chaîne,,,,,,,,,,,1,1,1,1,4
201500050265,0015-09-03 18:10:00,15,9,3,18,10,130,15,A51-Sens Marseille vers*,,,Plein jour,Hors agglomération,Hors intersection,Normale,Deux véhicules - arrière,,,,,,,,,,,1,1,1,1,2
201500050266,0015-09-05 13:45:00,15,9,5,13,45,130,55,Tunnel Joliette Marseill,43.30239,5.36462,Plein jour,Hors agglomération,Hors intersection,Normale,Sans collision,,,,,,,,,,,1,1,1,1,7
201500050267,0015-09-05 11:25:00,15,9,5,11,25,130,117,A7-Sens Marseille vers*L,,,Plein jour,Hors agglomération,Hors intersection,Normale,Deux véhicules - côté,,,,,,,,,,,1,1,1,1,3
201500050268,0015-09-06 06:25:00,15,9,6,6,25,130,55,A7-Sens Lyon vers*Marsei,,,Crépuscule ou aube,Hors agglomération,Hors intersection,Normale,Autre collision,,,,,,,,,,,2,1,1,1,6
201500050269,0015-09-02 17:50:00,15,9,2,17,50,130,117,A7-Sens Marseille vers*L,,,Plein jour,Hors agglomération,Hors intersection,Normale,Trois véhicules et plus - en chaîne,,,,,,,,,,,1,1,1,1,4
201500050270,0015-09-07 06:15:00,15,9,7,6,15,130,15,A51-Sens Marseille*vers,,,Crépuscule ou aube,Hors agglomération,Hors intersection,Normale,Deux véhicules - arrière,,,,,,,,,,,2,1,1,1,2
201500050271,0015-09-07 08:40:00,15,9,7,8,40,130,55,Tunnel Prado Carénage,43.28682,5.37328,Plein jour,Hors agglomération,Hors intersection,Normale,Deux véhicules - côté,,,,,,,,,,,1,1,1,1,3
201500050272,0015-09-07 21:20:00,15,9,7,21,20,130,55,A50-Sens Marseille*vers,,,Nuit sans éclairage public,Hors agglomération,Hors intersection,Normale,Autre collision,,,,,,,,,,,3,1,1,1,6
201500050273,0015-09-08 09:00:00,15,9,8,9,0,130,106,A7-Sens Lyon vers*Marsei,,,Plein jour,Hors agglomération,Hors intersection,Normale,Deux véhicules - arrière,,,,,,,,,,,1,1,1,1,2
201500050274,0015-09-07 17:00:00,15,9,7,17,0,130,5,A50-Sens Marseille*vers,,,Plein jour,Hors agglomération,Hors intersection,Normale,Deux véhicules - arrière,,,,,,,,,,,1,1,1,1,2
201500050275,0015-09-07 18:25:00,15,9,7,18,25,130,55,A50-Sens Marseille*vers,,,Plein jour,Hors agglomération,Hors intersection,Normale,Deux véhicules - arrière,,,,,,,,,,,1,1,1,1,2
201500050276,0015-09-09 08:15:00,15,9,9,8,15,130,55,A50-Sens Aubagne vers*Ma,,,Plein jour,Hors agglomération,Hors intersection,Normale,Deux véhicules - côté,,,,,,,,,,,1,1,1,1,3
201500050277,0015-09-10 05:40:00,15,9,10,5,40,130,71,A7-Sens Lyon vers*Marsei,,,Nuit sans éclairage public,Hors agglomération,Hors intersection,Normale,Autre collision,,,,,,,,,,,3,1,1,1,6
201500050278,0015-09-09 18:25:00,15,9,9,18,25,130,55,A7-Sens Lyon vers*Marsei,,,Plein jour,Hors agglomération,Hors intersection,Normale,Trois véhicules et plus - en chaîne,,,,,,,,,,,1,1,1,1,4
201500050279,0015-09-10 08:00:00,15,9,10,8,0,130,55,A50-Sens Aubagne vers*Ma,,,Plein jour,Hors agglomération,Hors intersection,Normale,Deux véhicules - arrière,,,,,,,,,,,1,1,1,1,2
201500050280,0015-09-11 06:30:00,15,9,11,6,30,130,71,A7-Sens Lyon vers*Marsei,,,Plein jour,Hors agglomération,Hors intersection,Normale,Deux véhicules - côté,,,,,,,,,,,1,1,1,1,3
201500050281,0015-09-12 07:50:00,15,9,12,7,50,130,85,A50-Sens Toulon vers*Aub,,,Crépuscule ou aube,Hors agglomération,Hors intersection,Normale,Autre collision,,,,,,,,,,,2,1,1,1,6
201500050282,0015-09-12 03:20:00,15,9,12,3,20,130,55,A55-Sens Marseille v*ers,,,Nuit sans éclairage public,Hors agglomération,Hors intersection,Temps couvert,Sans collision,,,,,,,,,,,3,1,1,8,7
201500050283,0015-09-13 03:00:00,15,9,13,3,0,130,85,A50-Sens Toulon vers*Aub,,,Nuit sans éclairage public,Hors agglomération,Hors intersection,Pluie forte,Autre collision,,,,,,,,,,,3,1,1,3,6
201500050284,0015-09-07 07:15:00,15,9,7,7,15,130,28,A50-Sens Aubagne vers*To,,,Crépuscule ou aube,Hors agglomération,Autre intersection,Normale,Deux véhicules - côté,,,,,,,,,,,2,1,9,1,3
201500050285,0015-09-14 09:00:00,15,9,14,9,0,130,5,A50-Sens Marseille*vers,,,Plein jour,Hors agglomération,Hors intersection,Normale,Deux véhicules - arrière,,,,,,,,,,,1,1,1,1,2
201500050286,0015-09-13 11:15:00,15,9,13,11,15,130,55,A7-Sens Lyon vers*Marsei,,,Plein jour,Hors agglomération,Hors intersection,Normale,Deux véhicules - arrière,,,,,,,,,,,1,1,1,1,2
201500050287,0015-09-14 21:20:00,15,9,14,21,20,130,55,A7-Sens Lyon vers*Marsei,,,Nuit sans éclairage public,Hors agglomération,Hors intersection,Normale,Deux véhicules - arrière,,,,,,,,,,,3,1,1,1,2
201500050288,0015-09-02 22:40:00,15,9,2,22,40,130,117,A7-Sens Marseille vers*L,,,Nuit sans éclairage public,Hors agglomération,Hors intersection,Normale,Deux véhicules - arrière,,,,,,,,,,,3,1,1,1,2
201500050289,0015-09-11 17:30:00,15,9,11,17,30,130,55,A7-Sens Lyon vers*Marsei,,,Plein jour,Hors agglomération,Hors intersection,Normale,Trois véhicules et plus - en chaîne,,,,,,,,,,,1,1,1,1,4
201500050290,0015-09-08 19:45:00,15,9,8,19,45,130,19,A51-Sens Aix en *Provenc,,,Nuit sans éclairage public,Hors agglomération,Hors intersection,Normale,Autre collision,,,,,,,,,,,3,1,1,1,6
201500050291,0015-09-16 20:24:00,15,9,16,20,24,130,55,A7-Sens Lyon vers*Marsei,,,Nuit sans éclairage public,Hors agglomération,Hors intersection,Normale,Deux véhicules - arrière,,,,,,,,,,,3,1,1,1,2
201500050292,0015-09-17 11:30:00,15,9,17,11,30,130,55,A7-Sens Marseille*vers*L,43.33751,5.37703,Plein jour,Hors agglomération,Hors intersection,Pluie légère,Deux véhicules - arrière,,,,,,,,,,,1,1,1,2,2
201500050293,0015-09-17 16:35:00,15,9,17,16,35,130,55,Tunnel Joliette Marseill,,,Plein jour,Hors agglomération,Hors intersection,Normale,Deux véhicules - arrière,,,,,,,,,,,1,1,1,1,2
201500050294,0015-09-14 13:49:00,15,9,14,13,49,130,43,A55-Sens Martigues vers,,,Plein jour,Hors agglomération,Hors intersection,Normale,Deux véhicules - côté,,,,,,,,,,,1,1,1,1,3
201500050295,0015-09-16 08:02:00,15,9,16,8,2,130,106,A51-Sens Aix en*Provence,,,Plein jour,Hors agglomération,Hors intersection,Normale,Deux véhicules - arrière,,,,,,,,,,,1,1,1,1,2
201500050296,0015-09-19 22:15:00,15,9,19,22,15,130,55,A7-Sens Marseille vers L,,,Nuit sans éclairage public,Hors agglomération,Hors intersection,Normale,Deux véhicules - arrière,,,,,,,,,,,3,1,1,1,2
201500050297,0015-09-22 08:45:00,15,9,22,8,45,130,55,A50-Sens Aubagne vers*Ma,,,Plein jour,Hors agglomération,Hors intersection,Normale,Deux véhicules - côté,,,,,,,,,,,1,1,1,1,3
201500050298,0015-09-22 07:40:00,15,9,22,7,40,130,55,A50-Sens Aubagne vers*Ma,,,Plein jour,Hors agglomération,Hors intersection,Normale,Deux véhicules - arrière,,,,,,,,,,,1,1,1,1,2
201500050299,0015-09-23 07:35:00,15,9,23,7,35,130,81,A7-Sens Lyon vers*Marsei,,,Crépuscule ou aube,Hors agglomération,Hors intersection,Normale,Trois véhicules et plus - en chaîne,,,,,,,,,,,2,1,1,1,4
201500050300,0015-09-23 08:48:00,15,9,23,8,48,130,15,A51-Sens Aix en*Provence,,,Plein jour,Hors agglomération,Hors intersection,Normale,Trois véhicules et plus - en chaîne,,,,,,,,,,,1,1,1,1,4
201500050301,0015-09-23 07:15:00,15,9,23,7,15,130,55,A7-Sens Lyon vers*Marsei,,,Plein jour,Hors agglomération,Hors intersection,Normale,Trois véhicules et plus - en chaîne,,,,,,,,,,,1,1,1,1,4
201500050302,0015-09-23 12:15:00,15,9,23,12,15,130,1,A51-Sens Marseille*vers,,,Plein jour,Hors agglomération,Hors intersection,Normale,Deux véhicules - arrière,,,,,,,,,,,1,1,1,1,2
201500050303,0015-09-24 19:40:00,15,9,24,19,40,130,55,A55-Sens Marseille vers,,,Crépuscule ou aube,Hors agglomération,Hors intersection,Normale,Deux véhicules - frontale,,,,,,,,,,,2,1,1,1,1
201500050304,0015-09-25 15:20:00,15,9,25,15,20,130,55,A7-Sens Lyon vers Marsei,,,Plein jour,Hors agglomération,Hors intersection,Normale,Deux véhicules - arrière,,,,,,,,,,,1,1,1,1,2
201500050305,0015-09-08 21:40:00,15,9,8,21,40,130,56,A55-Sens Marseille*vers,,,Nuit avec éclairage allumé,Hors agglomération,Hors intersection,Normale,Deux véhicules - côté,,,,,,,,,,,5,1,1,1,3
201500050306,0015-09-22 17:25:00,15,9,22,17,25,130,55,Tunnel Joliette Marseill,,,Plein jour,Hors agglomération,Hors intersection,Normale,Trois véhicules et plus - en chaîne,,,,,,,,,,,1,1,1,1,4
201500050307,0015-09-25 17:45:00,15,9,25,17,45,130,71,A7-Sens Marseille vers*L,,,Plein jour,Hors agglomération,Hors intersection,Normale,Trois véhicules et plus - en chaîne,,,,,,,,,,,1,1,1,1,4
201500050308,0015-09-25 17:55:00,15,9,25,17,55,130,55,S10CM-Sens Marseille ver,,,Plein jour,Hors agglomération,Hors intersection,Normale,Trois véhicules et plus - collisions multiples,,,,,,,,,,,1,1,1,1,5
201500050309,0015-09-24 17:55:00,15,9,24,17,55,130,55,S10CM-Sens Marseille*ver,,,Plein jour,Hors agglomération,Hors intersection,Normale,Trois véhicules et plus - collisions multiples,,,,,,,,,,,1,1,1,1,5
201500050310,0015-09-25 22:30:00,15,9,25,22,30,130,55,A55-Sens Martigues vers,,,Nuit sans éclairage public,Hors agglomération,Hors intersection,Normale,Deux véhicules - arrière,,,,,,,,,,,3,1,1,1,2
201500050311,0015-09-28 14:55:00,15,9,28,14,55,130,55,A50-Sens Aubagne vers*Ma,,,Plein jour,Hors agglomération,Hors intersection,Normale,Autre collision,,,,,,,,,,,1,1,1,1,6
201500050312,0015-09-30 17:20:00,15,9,30,17,20,130,55,A55-Sens Martigues*vers,,,Plein jour,Hors agglomération,Hors intersection,Normale,Deux véhicules - arrière,,,,,,,,,,,1,1,1,1,2
201500050313,0015-09-30 23:00:00,15,9,30,23,0,130,71,A55 - Sens Marseille*ver,,,Nuit sans éclairage public,Hors agglomération,Hors intersection,Normale,Trois véhicules et plus - collisions multiples,,,,,,,,,,,3,1,1,1,5
201500050314,0015-10-01 08:50:00,15,10,1,8,50,130,71,A7-Sens Lyon vers*Marsei,,,Plein jour,Hors agglomération,Hors intersection,Normale,Deux véhicules - arrière,,,,,,,,,,,1,1,1,1,2
201500050315,0015-10-02 06:40:00,15,10,2,6,40,130,55,A7-Sens Marseille vers*L,,,Nuit sans éclairage public,Hors agglomération,Hors intersection,Normale,Deux véhicules - arrière,,,,,,,,,,,3,1,1,1,2
201500050316,0015-10-03 04:30:00,15,10,3,4,30,130,55,A50-Sens Marseille vers,43.29466,5.4646,Nuit sans éclairage public,Hors agglomération,Hors intersection,Normale,Trois véhicules et plus - collisions multiples,,,,,,,,,,,3,1,1,1,5
201500050317,0015-10-03 15:00:00,15,10,3,15,0,130,55,A55-Sens Marseille*vers,,,Plein jour,Hors agglomération,Hors intersection,Pluie légère,Deux véhicules - côté,,,,,,,,,,,1,1,1,2,3
201500050318,0015-09-28 19:35:00,15,9,28,19,35,130,85,A50-Sens Toulon vers*Aub,,,Nuit sans éclairage public,Hors agglomération,Hors intersection,Temps couvert,Autre collision,,,,,,,,,,,3,1,1,8,6
201500050319,0015-10-03 21:00:00,15,10,3,21,0,130,55,A55-Sens Martigues*vers,,,Nuit sans éclairage public,Hors agglomération,Hors intersection,Pluie légère,Deux véhicules - arrière,,,,,,,,,,,3,1,1,2,2
201500050320,0015-10-03 23:20:00,15,10,3,23,20,130,55,A55-Sens Marseille*vers,,,Nuit sans éclairage public,Hors agglomération,Hors intersection,Pluie légère,Sans collision,,,,,,,,,,,3,1,1,2,7
201500050321,0015-10-04 09:30:00,15,10,4,9,30,130,71,A51-Sens Aix en*Provence,,,Plein jour,Hors agglomération,Hors intersection,Normale,Deux véhicules - arrière,,,,,,,,,,,1,1,1,1,2
201500050322,0015-10-04 11:35:00,15,10,4,11,35,130,55,Tunnel Joliette*Marseill,,,Plein jour,Hors agglomération,Hors intersection,Normale,Autre collision,,,,,,,,,,,1,1,1,1,6
201500050323,0015-10-05 07:51:00,15,10,5,7,51,130,55,Tunnel Prado Carénage,,,Plein jour,Hors agglomération,Hors intersection,Normale,Trois véhicules et plus - en chaîne,,,,,,,,,,,1,1,1,1,4
201500050324,0015-10-03 20:20:00,15,10,3,20,20,130,55,A55-Sens Martigues vers,,,Nuit sans éclairage public,Hors agglomération,Hors intersection,Pluie légère,Autre collision,,,,,,,,,,,3,1,1,2,6
201500050325,0015-10-05 09:25:00,15,10,5,9,25,130,71,A7-Sens Lyon vers*Marsei,,,Plein jour,Hors agglomération,Hors intersection,Normale,Deux véhicules - arrière,,,,,,,,,,,1,1,1,1,2
201500050326,0015-10-06 11:00:00,15,10,6,11,0,130,85,A50-Sens Toulon vers*Aub,,,Plein jour,Hors agglomération,Hors intersection,Normale,Trois véhicules et plus - collisions multiples,,,,,,,,,,,1,1,1,1,5
201500050327,0015-10-05 18:10:00,15,10,5,18,10,130,106,A51-Sens Aix en*Provence,,,Plein jour,Hors agglomération,Hors intersection,Normale,Autre collision,,,,,,,,,,,1,1,1,1,6
201500050328,0015-10-07 08:30:00,15,10,7,8,30,130,55,A50-Sens Aubagne vers Ma,,,Plein jour,Hors agglomération,Hors intersection,Normale,Deux véhicules - côté,,,,,,,,,,,1,1,1,1,3
201500050329,0015-10-07 15:10:00,15,10,7,15,10,130,55,A55-Sens Martigues*vers,,,Plein jour,Hors agglomération,Hors intersection,Normale,Autre collision,,,,,,,,,,,1,1,1,1,6
201500050330,0015-10-08 13:30:00,15,10,8,13,30,130,33,A55-Accés Carry vers Mar,,,Plein jour,Hors agglomération,Hors intersection,Normale,Sans collision,,,,,,,,,,,1,1,1,1,7
201500050331,0015-10-07 18:30:00,15,10,7,18,30,130,19,A51-Sens Marseille vers,,,Plein jour,Hors agglomération,Hors intersection,Normale,Deux véhicules - arrière,,,,,,,,,,,1,1,1,1,2
201500050332,0015-10-08 17:45:00,15,10,8,17,45,130,55,A7-Sens Lyon vers*Marsei,,,Plein jour,Hors agglomération,Hors intersection,Normale,Deux véhicules - arrière,,,,,,,,,,,1,1,1,1,2
201500050333,0015-07-29 00:45:00,15,7,29,0,45,130,117,A7-Sens Lyon vers Marsei,,,Nuit sans éclairage public,Hors agglomération,Hors intersection,Normale,Sans collision,,,,,,,,,,,3,1,1,1,7
201500050334,0015-10-10 16:20:00,15,10,10,16,20,130,71,A55-Sens Martigues*vers,,,Plein jour,Hors agglomération,Hors intersection,Normale,Sans collision,,,,,,,,,,,1,1,1,1,7
201500050335,0015-10-11 07:20:00,15,10,11,7,20,130,88,A55-Sens Marseille vers,,,Crépuscule ou aube,Hors agglomération,Hors intersection,Normale,Sans collision,,,,,,,,,,,2,1,1,1,7
201500050336,0015-09-28 10:15:00,15,9,28,10,15,130,55,A7-Sens Lyon vers*Marsei,,,Plein jour,Hors agglomération,Hors intersection,Normale,Trois véhicules et plus - en chaîne,,,,,,,,,,,1,1,1,1,4
201500050337,0015-10-11 14:30:00,15,10,11,14,30,130,55,A557-Liaison A7*Marseill,,,Plein jour,Hors agglomération,Hors intersection,Normale,Sans collision,,,,,,,,,,,1,1,1,1,7
201500050338,0015-05-26 15:40:00,15,5,26,15,40,130,55,A55-Sens Marseille*vers,,,Plein jour,Hors agglomération,Hors intersection,Normale,Autre collision,,,,,,,,,,,1,1,1,1,6
201500050339,0015-10-13 08:30:00,15,10,13,8,30,130,55,A50-Sens Aubagne vers*Ma,,,Plein jour,Hors agglomération,Hors intersection,Temps couvert,Trois véhicules et plus - en chaîne,,,,,,,,,,,1,1,1,8,4
201500050340,0015-10-12 20:00:00,15,10,12,20,0,130,5,A50 - Sens Aubagne*vers,,,Nuit sans éclairage public,Hors agglomération,Hors intersection,Pluie légère,Sans collision,,,,,,,,,,,3,1,1,2,7
201500050341,0015-10-13 09:30:00,15,10,13,9,30,130,55,A55-Sens Martigues*vers,,,Plein jour,Hors agglomération,Hors intersection,Pluie légère,Trois véhicules et plus - en chaîne,,,,,,,,,,,1,1,1,2,4
201500050342,0015-10-14 07:15:00,15,10,14,7,15,130,19,A51-Sens*Aix*en *,43.42385,5.37417,Crépuscule ou aube,Hors agglomération,Hors intersection,Normale,Deux véhicules - frontale,,,,,,,,,,,2,1,1,1,1
201500050343,0015-10-14 14:40:00,15,10,14,14,40,130,117,A7-Sens Lyon vers*Marsei,,,Plein jour,Hors agglomération,Hors intersection,Normale,Deux véhicules - côté,,,,,,,,,,,1,1,1,1,3
201500050344,0015-09-09 15:30:00,15,9,9,15,30,130,71,A7-Sens Marseille vers*L,,,Plein jour,Hors agglomération,Hors intersection,Normale,Sans collision,,,,,,,,,,,1,1,1,1,7
201500050345,0015-10-09 09:00:00,15,10,9,9,0,130,71,A7-Sens Marseille*vers L,,,Plein jour,Hors agglomération,Hors intersection,Normale,Deux véhicules - arrière,,,,,,,,,,,1,1,1,1,2
201500050346,0015-10-16 21:58:00,15,10,16,21,58,130,15,A515CD-Gardanne vers*A51,,,Nuit sans éclairage public,Hors agglomération,Hors intersection,Normale,Deux véhicules - arrière,,,,,,,,,,,3,1,1,1,2
201500050347,0015-10-17 00:33:00,15,10,17,0,33,130,55,A7-Sens Lyon vers*Marsei,,,Nuit sans éclairage public,Hors agglomération,Hors intersection,Normale,Deux véhicules - arrière,,,,,,,,,,,3,1,1,1,2
201500050348,0015-10-17 11:10:00,15,10,17,11,10,130,22,A50-Sens Toulon*vers*Aub,,,Plein jour,Hors agglomération,Hors intersection,Normale,Deux véhicules - arrière,,,,,,,,,,,1,1,1,1,2
201500050349,0015-10-16 03:50:00,15,10,16,3,50,130,19,A51-Sens Marseille*vers,,,Nuit sans éclairage public,Hors agglomération,Hors intersection,Normale,Autre collision,,,,,,,,,,,3,1,1,1,6
201500050350,0015-10-18 03:00:00,15,10,18,3,0,130,106,A51-Sens Aix en Provence,,,Nuit sans éclairage public,Hors agglomération,Hors intersection,Normale,Deux véhicules - côté,,,,,,,,,,,3,1,1,1,3
201500050351,0015-10-17 11:04:00,15,10,17,11,4,130,22,A50-Sens Aubagne*vers To,,,Plein jour,Hors agglomération,Hors intersection,Normale,Deux véhicules - arrière,,,,,,,,,,,1,1,1,1,2
201500050352,0015-10-17 00:15:00,15,10,17,0,15,130,55,A7-Sens Lyon vers Marsei,,,Nuit avec éclairage allumé,Hors agglomération,Hors intersection,Normale,Trois véhicules et plus - en chaîne,,,,,,,,,,,5,1,1,1,4
201500050353,0015-10-19 09:20:00,15,10,19,9,20,130,117,A7-Sens Marseille vers L,,,Plein jour,Hors agglomération,Hors intersection,Temps couvert,Sans collision,,,,,,,,,,,1,1,1,8,7
201500050354,0015-10-19 08:00:00,15,10,19,8,0,130,55,A55-Sens Martigues*vers,,,Plein jour,Hors agglomération,Hors intersection,Pluie légère,Deux véhicules - arrière,,,,,,,,,,,1,1,1,2,2
201500050355,0015-10-14 11:30:00,15,10,14,11,30,130,56,A55-Sens Martigues*vers,,,Plein jour,Hors agglomération,Hors intersection,Normale,Trois véhicules et plus - en chaîne,,,,,,,,,,,1,1,1,1,4
201500050356,0015-05-17 20:10:00,15,5,17,20,10,130,55,A7-Sens Lyon vers*Marsei,,,Plein jour,Hors agglomération,Hors intersection,Normale,Deux véhicules - arrière,,,,,,,,,,,1,1,1,1,2
201500050357,0015-08-06 09:10:00,15,8,6,9,10,130,55,Tunnel Prado Carénage,,,Plein jour,Hors agglomération,Hors intersection,Normale,Autre collision,,,,,,,,,,,1,1,1,1,6
201500050358,0015-10-23 19:45:00,15,10,23,19,45,130,55,A7-Sens Lyon vers*Marsei,,,Nuit sans éclairage public,Hors agglomération,Hors intersection,Normale,Trois véhicules et plus - en chaîne,,,,,,,,,,,3,1,1,1,4
201500050359,0015-10-23 20:03:00,15,10,23,20,3,130,55,A7-Sens Lyon vers Marsei,,,Nuit avec éclairage allumé,Hors agglomération,Hors intersection,Normale,Trois véhicules et plus - en chaîne,,,,,,,,,,,5,1,1,1,4
201500050360,0015-10-23 09:00:00,15,10,23,9,0,130,71,A7-Sens Marseille vers L,,,Plein jour,Hors agglomération,Hors intersection,Normale,Deux véhicules - arrière,,,,,,,,,,,1,1,1,1,2
201500050361,0015-10-24 06:45:00,15,10,24,6,45,130,85,A50-Sens Aubagne*vers To,,,Nuit sans éclairage public,Hors agglomération,Hors intersection,Normale,Deux véhicules - arrière,,,,,,,,,,,3,1,1,1,2
201500050362,0015-10-24 04:30:00,15,10,24,4,30,130,55,A7-Sens Lyon vers Marsei,,,Nuit sans éclairage public,Hors agglomération,Hors intersection,Normale,Deux véhicules - frontale,,,,,,,,,,,3,1,1,1,1
201500050363,0015-10-24 19:35:00,15,10,24,19,35,130,55,A55-Sens Martigues*vers,,,Crépuscule ou aube,Hors agglomération,Hors intersection,Normale,Deux véhicules - arrière,,,,,,,,,,,2,1,1,1,2
201500050364,0015-08-21 07:00:00,15,8,21,7,0,130,71,A7-Sens Lyon vers*Marsei,,,Plein jour,Hors agglomération,Hors intersection,Normale,Autre collision,,,,,,,,,,,1,1,1,1,6
201500050365,0015-10-24 12:20:00,15,10,24,12,20,130,85,A50-Sens Toulon vers*Aub,,,Plein jour,Hors agglomération,Intersection en X,Normale,Deux véhicules - côté,,,,,,,,,,,1,1,2,1,3
201500050366,0015-10-22 19:00:00,15,10,22,19,0,130,1,A51-Sens Marseille*vers,,,Crépuscule ou aube,Hors agglomération,Hors intersection,Normale,Trois véhicules et plus - en chaîne,,,,,,,,,,,2,1,1,1,4
201500050367,0015-10-13 10:10:00,15,10,13,10,10,130,55,A55-Sens Marseille$*vers,,,Plein jour,Hors agglomération,Hors intersection,Pluie légère,Sans collision,,,,,,,,,,,1,1,1,2,7
201500050368,0015-10-28 12:45:00,15,10,28,12,45,130,56,A55-Sens Martigues vers,,,Plein jour,Hors agglomération,Hors intersection,Pluie forte,Deux véhicules - côté,,,,,,,,,,,1,1,1,3,3
201500050369,0015-10-30 21:55:00,15,10,30,21,55,130,55,Sens Aubagne vers*Marsei,,,Nuit sans éclairage public,Hors agglomération,Hors intersection,Normale,Autre collision,,,,,,,,,,,3,1,1,1,6
201500050370,0015-10-31 01:17:00,15,10,31,1,17,130,71,A7-Sens Lyon vers*Marsei,,,Nuit sans éclairage public,Hors agglomération,Hors intersection,Normale,Autre collision,,,,,,,,,,,3,1,1,1,6
201500050371,0015-10-31 16:00:00,15,10,31,16,0,130,28,A50-Sens Toulon vers Aub,,,Plein jour,Hors agglomération,Hors intersection,Normale,Deux véhicules - côté,,,,,,,,,,,1,1,1,1,3
201500050372,0015-10-31 17:15:00,15,10,31,17,15,130,55,S***Aubagne vers Marsei,43.29427,5.46813,Plein jour,Hors agglomération,Hors intersection,Normale,Autre collision,,,,,,,,,,,1,1,1,1,6
201500050373,0015-10-30 07:30:00,15,10,30,7,30,130,117,A7-Sens Marseille vers L,,,Plein jour,Hors agglomération,Hors intersection,Normale,Deux véhicules - arrière,,,,,,,,,,,1,1,1,1,2
201500050374,0015-11-01 08:45:00,15,11,1,8,45,130,71,A7-Sens Lyon vers*Marsei,,,Plein jour,Hors agglomération,Hors intersection,Normale,Sans collision,,,,,,,,,,,1,1,1,1,7
201500050375,0015-11-02 10:25:00,15,11,2,10,25,130,55,A7-Sens Lyon vers*Marsei,,,Plein jour,Hors agglomération,Hors intersection,Normale,Deux véhicules - arrière,,,,,,,,,,,1,1,1,1,2
201500050376,0015-10-30 18:10:00,15,10,30,18,10,130,5,A502-Sens Toulon par*R.N,,,Nuit sans éclairage public,Hors agglomération,Hors intersection,Normale,Deux véhicules - arrière,,,,,,,,,,,3,1,1,1,2
201500050377,0015-06-26 18:45:00,15,6,26,18,45,130,19,A51-Sens Aix en*Provence,,,Plein jour,Hors agglomération,Hors intersection,Normale,Deux véhicules - arrière,,,,,,,,,,,1,1,1,1,2
201500050378,0015-08-23 20:45:00,15,8,23,20,45,130,1,A51-Sens Marseille*vers,,,Nuit sans éclairage public,Hors agglomération,Hors intersection,Pluie forte,Deux véhicules - arrière,,,,,,,,,,,3,1,1,3,2
201500050379,0015-11-04 07:20:00,15,11,4,7,20,130,55,A7-Sens Marseille vers*L,,,Plein jour,Hors agglomération,Hors intersection,Pluie légère,Deux véhicules - arrière,,,,,,,,,,,1,1,1,2,2
201500050380,0015-11-04 09:15:00,15,11,4,9,15,130,106,A51-Sens Aix en*Provence,,,Plein jour,Hors agglomération,Hors intersection,Pluie légère,Trois véhicules et plus - en chaîne,,,,,,,,,,,1,1,1,2,4
201500050381,0015-11-04 03:50:00,15,11,4,3,50,130,5,A50-Sens Aubagne vers*Ma,,,Nuit sans éclairage public,Hors agglomération,Hors intersection,Normale,Deux véhicules - arrière,,,,,,,,,,,3,1,1,1,2
201500050382,0015-11-04 12:05:00,15,11,4,12,5,130,56,A55-Sens Marseille*ùvers,,,Plein jour,Hors agglomération,Hors intersection,Pluie forte,Sans collision,,,,,,,,,,,1,1,1,3,7