accident_id,datetime,annee,mois,jour,heure,minute,departement,commune_insee,adresse,latitude,longitude,luminosite,agglomeration,intersection,meteo,collision,nb_vehicules,nb_usagers,nb_indemnes,nb_tues,nb_blesses_hosp,nb_blesses_legers,age_cond_1,age_cond_2,veh_type_cond_1,veh_type_cond_2,lum_code,agg_code,int_code,atm_code,col_code
201500050383,0015-11-04 13:20:00,15,11,4,13,20,130,71,A55-Sens Martigues vers,,,Plein jour,Hors agglomération,Hors intersection,Normale,Deux véhicules - frontale,,,,,,,,,,,1,1,1,1,1
201500050384,0015-08-16 11:50:00,15,8,16,11,50,130,55,A55-Sens Marseille*vers,,,Plein jour,Hors agglomération,Hors intersection,Normale,Autre collision,,,,,,,,,,,1,1,1,1,6
201500050385,0015-11-05 17:20:00,15,11,5,17,20,130,55,A7-Sens Lyon vers Marsei,,,Crépuscule ou aube,Hors agglomération,Hors intersection,Normale,Trois véhicules et plus - en chaîne,,,,,,,,,,,2,1,1,1,4
201500050386,0015-11-06 17:50:00,15,11,6,17,50,130,15,A515CD-Gardanne vers A51,,,Nuit sans éclairage public,Hors agglomération,Hors intersection,Normale,Trois véhicules et plus - en chaîne,,,,,,,,,,,3,1,1,1,4
201500050387,0015-11-06 22:30:00,15,11,6,22,30,130,55,A7-Sens Lyon vers Marsei,,,Nuit avec éclairage non allumé,Hors agglomération,Hors intersection,Normale,Deux véhicules - arrière,,,,,,,,,,,4,1,1,1,2
201500050388,0015-11-07 14:00:00,15,11,7,14,0,130,71,A7-Sens Lyon*vers Marsei,,,Plein jour,Hors agglomération,Hors intersection,Normale,Deux véhicules - arrière,,,,,,,,,,,1,1,1,1,2
201500050389,0015-11-07 15:35:00,15,11,7,15,35,130,55,A7-Sens Marseille vers L,,,Plein jour,Hors agglomération,Hors intersection,Normale,Autre collision,,,,,,,,,,,1,1,1,1,6
201500050390,0015-11-07 17:45:00,15,11,7,17,45,130,55,A7-Sens Lyon vers Marsei,,,Nuit sans éclairage public,Hors agglomération,Hors intersection,Normale,Trois véhicules et plus - en chaîne,,,,,,,,,,,3,1,1,1,4
201500050391,0015-11-09 05:30:00,15,11,9,5,30,130,5,A50-Sens Marseille*vers,,,Nuit sans éclairage public,Hors agglomération,Hors intersection,Normale,Deux véhicules - arrière,,,,,,,,,,,3,1,1,1,2
201500050392,0015-11-10 17:30:00,15,11,10,17,30,130,5,A52-Sens Toulon vers*Pon,,,Plein jour,Hors agglomération,Hors intersection,Normale,Autre collision,,,,,,,,,,,1,1,1,1,6
201500050393,0015-11-11 10:15:00,15,11,11,10,15,130,55,A50-Sens Marseille*vers,,,Plein jour,Hors agglomération,Hors intersection,Normale,Deux véhicules - arrière,,,,,,,,,,,1,1,1,1,2
201500050394,0015-09-13 09:30:00,15,9,13,9,30,130,1,A51-Sens Marseille vers,,,Plein jour,Hors agglomération,Hors intersection,Normale,Sans collision,,,,,,,,,,,1,1,1,1,7
201500050395,0015-11-12 19:00:00,15,11,12,19,0,130,81,A7-Sens Marseille vers*L,,,Nuit sans éclairage public,Hors agglomération,Hors intersection,Normale,Trois véhicules et plus - en chaîne,,,,,,,,,,,3,1,1,1,4
201500050396,0015-11-03 17:00:00,15,11,3,17,0,130,56,A55-Sens Martigues*vers,,,Crépuscule ou aube,Hors agglomération,Hors intersection,Normale,Trois véhicules et plus - collisions multiples,,,,,,,,,,,2,1,1,1,5
201500050397,0015-11-07 00:50:00,15,11,7,0,50,130,55,A7-Sens Lyon vers*Marsei,,,Nuit sans éclairage public,Hors agglomération,Hors intersection,Normale,Sans collision,,,,,,,,,,,3,1,1,1,7
201500050398,0015-11-14 01:30:00,15,11,14,1,30,130,71,A5501DSens Lyon vers A55,,,Nuit sans éclairage public,Hors agglomération,Hors intersection,Normale,Deux véhicules - arrière,,,,,,,,,,,3,1,1,1,2
201500050399,0015-11-13 12:45:00,15,11,13,12,45,130,43,A55-Sens Martigues*vers,,,Plein jour,Hors agglomération,Hors intersection,Normale,Deux véhicules - arrière,,,,,,,,,,,1,1,1,1,2
201500050400,0015-11-14 20:10:00,15,11,14,20,10,130,55,A7-Sens Lyon vers*Marsei,,,Nuit sans éclairage public,Hors agglomération,Hors intersection,Normale,Deux véhicules - arrière,,,,,,,,,,,3,1,1,1,2
201500050401,0015-11-15 04:30:00,15,11,15,4,30,130,55,A50-Sens Aubagne vers*Ma,,,Nuit sans éclairage public,Hors agglomération,Hors intersection,Normale,Deux véhicules - arrière,,,,,,,,,,,3,1,1,1,2
201500050402,0015-11-14 18:30:00,15,11,14,18,30,130,55,A7-Sens Marseille vers*L,,,Crépuscule ou aube,Hors agglomération,Hors intersection,Normale,Autre collision,,,,,,,,,,,2,1,1,1,6
201500050403,0015-11-16 11:05:00,15,11,16,11,5,130,5,A50-Sens Marseille*vers,,,Plein jour,Hors agglomération,Hors intersection,Normale,Deux véhicules - arrière,,,,,,,,,,,1,1,1,1,2
201500050404,0015-11-17 10:20:00,15,11,17,10,20,130,55,A7-Sens Marseille vers L,,,Plein jour,Hors agglomération,Hors intersection,Normale,Deux véhicules - arrière,,,,,,,,,,,1,1,1,1,2
201500050405,0015-11-17 09:00:00,15,11,17,9,0,130,71,A7-Sens Lyon vers Marsei,,,Plein jour,Hors agglomération,Hors intersection,Normale,Deux véhicules - arrière,,,,,,,,,,,1,1,1,1,2
201500050406,0015-11-18 15:30:00,15,11,18,15,30,130,1,A51-Sens Marseille*vers,,,Plein jour,Hors agglomération,Hors intersection,Normale,Sans collision,,,,,,,,,,,1,1,1,1,7
201500050407,0015-11-18 16:15:00,15,11,18,16,15,130,55,S10CM-Sens Marseille ver,43.28262,5.39571,Plein jour,Hors agglomération,Hors intersection,Normale,Autre collision,,,,,,,,,,,1,1,1,1,6
201500050408,0015-11-19 08:00:00,15,11,19,8,0,130,56,A55-Sens Martigues vers,,,Plein jour,Hors agglomération,Hors intersection,Normale,Deux véhicules - arrière,,,,,,,,,,,1,1,1,1,2
201500050409,0015-11-21 19:20:00,15,11,21,19,20,130,55,A7-Sens Lyon vers*Marsei,,,Nuit sans éclairage public,Hors agglomération,Hors intersection,Normale,Trois véhicules et plus - en chaîne,,,,,,,,,,,3,1,1,1,4
201500050410,0015-11-18 13:40:00,15,11,18,13,40,130,1,A51-Sens Aix en*Provence,,,Plein jour,Hors agglomération,Hors intersection,Normale,Deux véhicules - côté,,,,,,,,,,,1,1,1,1,3
201500050411,0015-11-23 07:00:00,15,11,23,7,0,130,55,A55-Sens Marseille*vers,,,Plein jour,Hors agglomération,Hors intersection,Normale,Sans collision,,,,,,,,,,,1,1,1,1,7
201500050412,0015-11-23 14:25:00,15,11,23,14,25,130,71,A7-Sens Marseille vers*L,,,Plein jour,Hors agglomération,Hors intersection,Normale,Trois véhicules et plus - en chaîne,,,,,,,,,,,1,1,1,1,4
201500050413,0015-11-23 20:35:00,15,11,23,20,35,130,88,A55-Sens Martigues vers,,,Nuit sans éclairage public,Hors agglomération,Hors intersection,Normale,Autre collision,,,,,,,,,,,3,1,1,1,6
201500050414,0015-11-23 08:22:00,15,11,23,8,22,130,55,Sens Aubagne vers*Marsei,,,Plein jour,Hors agglomération,Hors intersection,Normale,Deux véhicules - côté,,,,,,,,,,,1,1,1,1,3
201500050415,0015-11-25 17:35:00,15,11,25,17,35,130,55,A7-Sens Lyon vers*Marsei,,,Nuit sans éclairage public,Hors agglomération,Hors intersection,Normale,Trois véhicules et plus - en chaîne,,,,,,,,,,,3,1,1,1,4
201500050416,0015-11-24 21:30:00,15,11,24,21,30,130,55,A557-Liaison A7 Marseill,,,Nuit avec éclairage allumé,Hors agglomération,Hors intersection,Normale,Sans collision,,,,,,,,,,,5,1,1,1,7
201500050417,0015-11-26 07:30:00,15,11,26,7,30,130,15,A51-Sens Marseille*vers,,,Plein jour,Hors agglomération,Hors intersection,Normale,Autre collision,,,,,,,,,,,1,1,1,1,6
201500050418,0015-10-26 21:25:00,15,10,26,21,25,130,55,A7-Sens Lyon vers*Marsei,,,Nuit sans éclairage public,Hors agglomération,Hors intersection,Normale,Deux véhicules - arrière,,,,,,,,,,,3,1,1,1,2
201500050419,0015-11-27 14:20:00,15,11,27,14,20,130,55,A50-Sens Marseille*vers,,,Plein jour,Hors agglomération,Hors intersection,Normale,Trois véhicules et plus - en chaîne,,,,,,,,,,,1,1,1,1,4
201500050420,0015-11-26 19:45:00,15,11,26,19,45,130,5,A50-Sens Aubagne vers*Ma,,,Nuit avec éclairage allumé,Hors agglomération,Hors intersection,Normale,Autre collision,,,,,,,,,,,5,1,1,1,6
201500050421,0015-11-27 19:30:00,15,11,27,19,30,130,55,A50-Sens Marseille*vers,,,Nuit avec éclairage allumé,Hors agglomération,Hors intersection,Normale,Trois véhicules et plus - en chaîne,,,,,,,,,,,5,1,1,1,4
201500050422,0015-11-23 15:15:00,15,11,23,15,15,130,55,Tunnel Prado Carénage,,,Plein jour,Hors agglomération,Hors intersection,Normale,Sans collision,,,,,,,,,,,1,1,1,1,7
201500050423,0015-11-28 16:50:00,15,11,28,16,50,130,106,A51-Sens Marseille vers,,,Plein jour,Hors agglomération,Hors intersection,Normale,Trois véhicules et plus - en chaîne,,,,,,,,,,,1,1,1,1,4
201500050424,0015-12-01 13:35:00,15,12,1,13,35,130,55,A55-Sens Marseille vers,,,Plein jour,Hors agglomération,Hors intersection,Normale,Deux véhicules - arrière,,,,,,,,,,,1,1,1,1,2
201500050425,0015-11-30 20:15:00,15,11,30,20,15,130,55,A55-Sens Marseille*vers,,,Nuit sans éclairage public,Hors agglomération,Hors intersection,Normale,Deux véhicules - arrière,,,,,,,,,,,3,1,1,1,2
201500050426,0015-11-20 05:40:00,15,11,20,5,40,130,22,A50-Sens Aubagne*vers To,,,Nuit sans éclairage public,Hors agglomération,Hors intersection,Normale,Autre collision,,,,,,,,,,,3,1,1,1,6
201500050427,0015-09-04 12:15:00,15,9,4,12,15,130,1,A51-Sens Aix en Provence,,,Plein jour,Hors agglomération,Hors intersection,Normale,Sans collision,,,,,,,,,,,1,1,1,1,7
201500050428,0015-11-15 18:15:00,15,11,15,18,15,130,55,A7-Sens Lyon vers*Marsei,,,Crépuscule ou aube,Hors agglomération,Hors intersection,Normale,Deux véhicules - arrière,,,,,,,,,,,2,1,1,1,2
201500050429,0015-10-03 19:15:00,15,10,3,19,15,130,55,A55-Sens Marseille*vers,,,Crépuscule ou aube,Hors agglomération,Hors intersection,Pluie légère,Autre collision,,,,,,,,,,,2,1,1,2,6
201500050430,0015-12-03 16:15:00,15,12,3,16,15,130,55,Tunnel Joliette Marseill,,,Plein jour,Hors agglomération,Hors intersection,Normale,Deux véhicules - arrière,,,,,,,,,,,1,1,1,1,2
201500050431,0015-12-01 18:10:00,15,12,1,18,10,130,5,Sens Aubagne vers*Marsei,,,Crépuscule ou aube,Hors agglomération,Hors intersection,Normale,Trois véhicules et plus - en chaîne,,,,,,,,,,,2,1,1,1,4
201500050432,0015-12-04 19:40:00,15,12,4,19,40,130,71,A7-Sens Marseille vers L,,,Nuit sans éclairage public,Hors agglomération,Hors intersection,Normale,Trois véhicules et plus - en chaîne,,,,,,,,,,,3,1,1,1,4
201500050433,0015-12-04 18:30:00,15,12,4,18,30,130,71,A7-Sens Marseille vers L,,,Nuit sans éclairage public,Hors agglomération,Hors intersection,Normale,Deux véhicules - arrière,,,,,,,,,,,3,1,1,1,2
201500050434,0015-12-06 05:30:00,15,12,6,5,30,130,55,A55-Sens Martigues vers,,,Nuit sans éclairage public,Hors agglomération,Hors intersection,Pluie légère,Trois véhicules et plus - collisions multiples,,,,,,,,,,,3,1,1,2,5
201500050435,0015-12-06 15:57:00,15,12,6,15,57,130,55,A7-Sens Marseille vers L,,,Plein jour,Hors agglomération,Hors intersection,Pluie légère,Trois véhicules et plus - en chaîne,,,,,,,,,,,1,1,1,2,4
201500050436,0015-12-06 16:50:00,15,12,6,16,50,130,55,A557-Liaison A7 Marseill,,,Crépuscule ou aube,Hors agglomération,Hors intersection,Pluie légère,Sans collision,,,,,,,,,,,2,1,1,2,7
201500050437,0015-12-06 16:40:00,15,12,6,16,40,130,71,A51-Sens Marseille vers,,,Crépuscule ou aube,Hors agglomération,Hors intersection,Pluie légère,Autre collision,,,,,,,,,,,2,1,1,2,6
201500050438,0015-12-06 18:25:00,15,12,6,18,25,130,55,A55-Sens Marseille vers,,,Crépuscule ou aube,Hors agglomération,Hors intersection,Pluie légère,Trois véhicules et plus - en chaîne,,,,,,,,,,,2,1,1,2,4
201500050439,0015-12-07 11:30:00,15,12,7,11,30,130,55,A7-Sens Marseille vers L,,,Plein jour,Hors agglomération,Hors intersection,Normale,Autre collision,,,,,,,,,,,1,1,1,1,6
201500050440,0015-09-22 17:35:00,15,9,22,17,35,130,106,A7-Sens Lyon vers Marsei,,,Plein jour,Hors agglomération,Hors intersection,Normale,Autre collision,,,,,,,,,,,1,1,1,1,6
201500050441,0015-10-30 18:15:00,15,10,30,18,15,130,106,A51-Sens Aix en *rovence,,,Nuit sans éclairage public,Hors agglomération,Hors intersection,Normale,Trois véhicules et plus - en chaîne,,,,,,,,,,,3,1,1,1,4
201500050442,0015-12-09 06:15:00,15,12,9,6,15,130,55,Sens Marseille vers Auba,,,Nuit avec éclairage non allumé,Hors agglomération,Hors intersection,Normale,Autre collision,,,,,,,,,,,4,1,1,1,6
201500050443,0015-12-08 14:50:00,15,12,8,14,50,130,71,A7-Sens Lyon vers Marsei,,,Plein jour,Hors agglomération,Hors intersection,Pluie légère,Deux véhicules - côté,,,,,,,,,,,1,1,1,2,3
201500050444,0015-12-10 09:11:00,15,12,10,9,11,130,55,Tunnel Prado Carénage,,,Plein jour,Hors agglomération,Hors intersection,Normale,Deux véhicules - arrière,,,,,,,,,,,1,1,1,1,2
201500050445,0015-12-10 09:05:00,15,12,10,9,5,130,55,A7-Sens Lyon vers Marsei,,,Plein jour,Hors agglomération,Autre intersection,Normale,Trois véhicules et plus - en chaîne,,,,,,,,,,,1,1,9,1,4
201500050446,0015-12-09 19:36:00,15,12,9,19,36,130,1,A51-Sens Marseille vers,,,Nuit sans éclairage public,Hors agglomération,Hors intersection,Normale,Trois véhicules et plus - collisions multiples,,,,,,,,,,,3,1,1,1,5
201500050447,0015-12-08 13:00:00,15,12,8,13,0,130,1,A51-Sens Aix en Provence,,,Plein jour,Hors agglomération,Hors intersection,Normale,Deux véhicules - côté,,,,,,,,,,,1,1,1,1,3
201500050448,0015-12-13 22:50:00,15,12,13,22,50,130,71,A7-Sens Lyon vers*Marsei,,,Nuit sans éclairage public,Hors agglomération,Hors intersection,Normale,Deux véhicules - arrière,,,,,,,,,,,3,1,1,1,2
201500050449,0015-12-14 21:35:00,15,12,14,21,35,130,106,A7-Sens Marseille vers L,,,Nuit sans éclairage public,Hors agglomération,Hors intersection,Normale,Deux véhicules - arrière,,,,,,,,,,,3,1,1,1,2
201500050450,0015-12-14 14:00:00,15,12,14,14,0,130,71,A7-Sens Marseille vers*L,,,Plein jour,Hors agglomération,Hors intersection,Normale,Trois véhicules et plus - en chaîne,,,,,,,,,,,1,1,1,1,4
201500050451,0015-12-16 08:00:00,15,12,16,8,0,130,55,TVPCD-Sens Les Ports ver,,,Plein jour,Hors agglomération,Hors intersection,Normale,Trois véhicules et plus - en chaîne,,,,,,,,,,,1,1,1,1,4
201500050452,0015-12-17 07:50:00,15,12,17,7,50,130,56,A55-Sens Martigues vers,,,Plein jour,Hors agglomération,Hors intersection,Normale,Deux véhicules - arrière,,,,,,,,,,,1,1,1,1,2
201500050453,0015-12-16 21:00:00,15,12,16,21,0,130,55,A50-Sens Marseille vers,,,Nuit sans éclairage public,Hors agglomération,Hors intersection,Normale,Deux véhicules - frontale,,,,,,,,,,,3,1,1,1,1
201500050454,0015-12-19 04:45:00,15,12,19,4,45,130,15,A51-Sens Marseille vers,,,Nuit sans éclairage public,Hors agglomération,Hors intersection,Normale,Autre collision,,,,,,,,,,,3,1,1,1,6
201500050455,0015-12-18 17:26:00,15,12,18,17,26,130,71,A7-Sens Marseille vers L,,,Nuit sans éclairage public,Hors agglomération,Hors intersection,Normale,Deux véhicules - arrière,,,,,,,,,,,3,1,1,1,2
201500050456,0015-12-18 18:28:00,15,12,18,18,28,130,55,A7-Sens Marseille vers L,,,Nuit sans éclairage public,Hors agglomération,Hors intersection,Normale,Trois véhicules et plus - en chaîne,,,,,,,,,,,3,1,1,1,4
201500050457,0015-12-19 04:35:00,15,12,19,4,35,130,22,A50-Sens Aubagne vers*To,,,Nuit sans éclairage public,Hors agglomération,Hors intersection,Normale,Sans collision,,,,,,,,,,,3,1,1,1,7
201500050458,0015-12-11 18:00:00,15,12,11,18,0,130,28,A50-Sens Aubagne vers To,,,Nuit avec éclairage allumé,Hors agglomération,Hors intersection,Normale,Trois véhicules et plus - en chaîne,,,,,,,,,,,5,1,1,1,4
201500050459,0015-12-17 15:30:00,15,12,17,15,30,130,71,A51-Sens Aix en Provence,,,Plein jour,Hors agglomération,Hors intersection,Normale,Deux véhicules - arrière,,,,,,,,,,,1,1,1,1,2
201500050460,0015-12-18 11:50:00,15,12,18,11,50,130,70,A50-Sens Aubagne vers*Ma,,,Plein jour,Hors agglomération,Hors intersection,Normale,Deux véhicules - arrière,,,,,,,,,,,1,1,1,1,2
201500050461,0015-12-22 05:10:00,15,12,22,5,10,130,15,A51-Sens Aix en Provence,,,Nuit sans éclairage public,Hors agglomération,Hors intersection,Normale,Autre collision,,,,,,,,,,,3,1,1,1,6
201500050462,0015-12-22 15:32:00,15,12,22,15,32,130,55,A50-Sens Marseille*vers,,,Plein jour,Hors agglomération,Hors intersection,Normale,Deux véhicules - arrière,,,,,,,,,,,1,1,1,1,2
201500050463,0015-12-23 08:25:00,15,12,23,8,25,130,55,A55-Sens Martigues vers,,,Plein jour,Hors agglomération,Hors intersection,Temps couvert,Autre collision,,,,,,,,,,,1,1,1,8,6
201500050464,0015-12-23 07:45:00,15,12,23,7,45,130,71,A5502D-Sens Marseille ve,,,Crépuscule ou aube,Hors agglomération,Hors intersection,Pluie légère,Sans collision,,,,,,,,,,,2,1,1,2,7
201500050465,0015-12-23 13:05:00,15,12,23,13,5,130,55,A55-Sens Marseille vers,,,Plein jour,Hors agglomération,Hors intersection,Normale,Autre collision,,,,,,,,,,,1,1,1,1,6
201500050466,0015-12-23 17:40:00,15,12,23,17,40,130,22,A50-Sens Aubagne vers*To,,,Crépuscule ou aube,Hors agglomération,Hors intersection,Pluie légère,Sans collision,,,,,,,,,,,2,1,1,2,7
201500050467,0015-12-23 02:50:00,15,12,23,2,50,130,1,A51-Sens Aix en Provence,,,Nuit sans éclairage public,Hors agglomération,Hors intersection,Normale,Autre collision,,,,,,,,,,,3,1,1,1,6
201500050468,0015-12-23 12:35:00,15,12,23,12,35,130,85,A50-Sens Toulon vers*Aub,,,Plein jour,Hors agglomération,Hors intersection,Pluie légère,Autre collision,,,,,,,,,,,1,1,1,2,6
201500050469,0015-12-23 12:40:00,15,12,23,12,40,130,55,A557-Liaison A7 Marseill,,,Plein jour,Hors agglomération,Hors intersection,Pluie légère,Deux véhicules - arrière,,,,,,,,,,,1,1,1,2,2
201500050470,0015-12-25 12:20:00,15,12,25,12,20,130,55,A7-Sens Lyon vers Marsei,,,Plein jour,Hors agglomération,Hors intersection,Normale,Trois véhicules et plus - en chaîne,,,,,,,,,,,1,1,1,1,4
201500050471,0015-12-27 21:10:00,15,12,27,21,10,130,71,A7-Sens Lyon vers*Marsei,,,Nuit sans éclairage public,Hors agglomération,Hors intersection,Normale,Deux véhicules - arrière,,,,,,,,,,,3,1,1,1,2
201500050472,0015-12-27 21:35:00,15,12,27,21,35,130,71,A55 - Sens Marseille*ver,,,Nuit sans éclairage public,Hors agglomération,Hors intersection,Normale,Autre collision,,,,,,,,,,,3,1,1,1,6
201500050473,0015-12-27 03:40:00,15,12,27,3,40,130,85,A50-Sens Aubagne*vers To,,,Nuit sans éclairage public,Hors agglomération,Hors intersection,Brouillard / fumée,Sans collision,,,,,,,,,,,3,1,1,5,7
201500050474,0015-12-29 03:30:00,15,12,29,3,30,130,55,A55-Sens Marseille vers,,,Nuit avec éclairage allumé,Hors agglomération,Hors intersection,Normale,Sans collision,,,,,,,,,,,5,1,1,1,7
201500050475,0015-12-29 19:38:00,15,12,29,19,38,130,55,A557-Liaison A7 Marseill,,,Nuit sans éclairage public,Hors agglomération,Hors intersection,Normale,Deux véhicules - arrière,,,,,,,,,,,3,1,1,1,2
201500050476,0015-12-30 08:40:00,15,12,30,8,40,130,70,A50-Sens Marseille*vers,,,Plein jour,Hors agglomération,Hors intersection,Normale,Deux véhicules - arrière,,,,,,,,,,,1,1,1,1,2
201500050477,0015-12-30 11:20:00,15,12,30,11,20,130,55,S10CM-Sens Marseille ver,,,Plein jour,Hors agglomération,Hors intersection,Normale,Trois véhicules et plus - en chaîne,,,,,,,,,,,1,1,1,1,4
201500050478,0015-01-03 14:20:00,15,1,3,14,20,750,101,"13, PLACE DU PONT NEUF",,,Plein jour,En agglomération,Place,Pluie légère,Sans collision,,,,,,,,,,,1,2,7,2,7
201500050479,0015-01-05 18:30:00,15,1,5,18,30,750,101,"182, RUE DE RIVOLI",,,Nuit avec éclairage allumé,En agglomération,Intersection en T,Temps couvert,Deux véhicules - côté,,,,,,,,,,,5,2,3,8,3
201500050480,0015-01-26 09:30:00,15,1,26,9,30,750,101,BOULEVARD DE SEBASTOPOL,,,Plein jour,En agglomération,Intersection en T,Pluie légère,Deux véhicules - côté,,,,,,,,,,,1,2,3,2,3
201500050481,0015-01-26 09:28:00,15,1,26,9,28,750,101,"214, RUE DE RIVOLI",,,Plein jour,En agglomération,Hors intersection,Temps couvert,Deux véhicules - arrière,,,,,,,,,,,1,2,1,8,2
201500050482,0015-01-27 19:15:00,15,1,27,19,15,750,101,"3, RUE DE CASTIGLIONE",,,Nuit avec éclairage allumé,En agglomération,Hors intersection,Normale,Deux véhicules - côté,,,,,,,,,,,5,2,1,1,3
201500050483,0015-01-23 17:00:00,15,1,23,17,0,750,101,"7, BOULEVARD DE SEBASTOP",,,Plein jour,En agglomération,Hors intersection,Normale,Deux véhicules - arrière,,,,,,,,,,,1,2,1,1,2
201500050484,0015-01-24 21:40:00,15,1,24,21,40,750,101,"128, RUE DE RIVOLI",,,Nuit avec éclairage allumé,En agglomération,Intersection en T,Normale,Deux véhicules - côté,,,,,,,,,,,5,2,3,1,3
201500050485,0015-02-02 09:45:00,15,2,2,9,45,750,101,"7, BOULEVARD DE SEBASTOP",,,Plein jour,En agglomération,Intersection à plus de 4 branches,Pluie légère,Autre collision,,,,,,,,,,,1,2,5,2,6
201500050486,0015-02-02 18:45:00,15,2,2,18,45,750,101,RUE DE RIVOLI,,,Nuit sans éclairage public,En agglomération,Hors intersection,Normale,Deux véhicules - côté,,,,,,,,,,,3,2,1,1,3
201500050487,0015-02-05 09:00:00,15,2,5,9,0,750,101,"41, RUE CAMBON",,,Plein jour,En agglomération,Intersection en X,Normale,Deux véhicules - côté,,,,,,,,,,,1,2,2,1,3
201500050488,0015-02-06 14:58:00,15,2,6,14,58,750,101,"44, RUE DU LOUVRE",,,Plein jour,En agglomération,Intersection en X,Normale,Deux véhicules - côté,,,,,,,,,,,1,2,2,1,3
201500050489,0015-02-13 15:45:00,15,2,13,15,45,750,101,48 QUAI DES TUILERIES,,,Plein jour,En agglomération,Hors intersection,Normale,Sans collision,,,,,,,,,,,1,2,1,1,7
201500050490,0015-02-14 00:45:00,15,2,14,0,45,750,101,"172, RUE DE RIVOLI",,,Nuit avec éclairage allumé,En agglomération,Intersection en T,Pluie forte,Deux véhicules - arrière,,,,,,,,,,,5,2,3,3,2
201500050491,0015-02-15 05:15:00,15,2,15,5,15,750,101,"19, AVENUE GENERAL LEMON",,,Nuit avec éclairage allumé,En agglomération,Intersection à plus de 4 branches,Normale,Deux véhicules - arrière,,,,,,,,,,,5,2,5,1,2
201500050492,0015-02-20 22:35:00,15,2,20,22,35,750,101,"I-5406, VOIE GEORGES POM",,,Nuit avec éclairage allumé,En agglomération,Hors intersection,Pluie légère,Trois véhicules et plus - en chaîne,,,,,,,,,,,5,2,1,2,4
201500050493,0015-02-23 13:55:00,15,2,23,13,55,750,101,"55bis, BOULEVARD DE SEBA",,,Plein jour,En agglomération,Intersection en T,Normale,Deux véhicules - côté,,,,,,,,,,,1,2,3,1,3
201500050494,0015-02-23 20:50:00,15,2,23,20,50,750,101,"244, RUE DE RIVOLI",,,Nuit avec éclairage allumé,En agglomération,Intersection en T,Temps couvert,Autre collision,,,,,,,,,,,5,2,3,8,6
201500050495,0015-02-26 23:20:00,15,2,26,23,20,750,101,"3, PLACE DES PYRAMIDES",,,Nuit avec éclairage allumé,En agglomération,Place,Pluie légère,Autre collision,,,,,,,,,,,5,2,7,2,6
201500050496,0015-02-24 13:30:00,15,2,24,13,30,750,101,"4, RUE JEAN JACQUES ROUS",,,Plein jour,En agglomération,Hors intersection,Normale,Autre collision,,,,,,,,,,,1,2,1,1,6
201500050497,0015-03-05 11:10:00,15,3,5,11,10,750,101,"130, RUE DE RIVOLI",,,Plein jour,En agglomération,Intersection en X,Normale,Deux véhicules - côté,,,,,,,,,,,1,2,2,1,3
201500050498,0015-03-05 15:15:00,15,3,5,15,15,750,101,"21, AVENUE DE L OPERA",,,Plein jour,En agglomération,Intersection à plus de 4 branches,Normale,Deux véhicules - côté,,,,,,,,,,,1,2,5,1,3
201500050499,0015-03-06 09:20:00,15,3,6,9,20,750,101,"33, QUAI DE L HORLOGE",,,Plein jour,En agglomération,Hors intersection,Normale,Deux véhicules - arrière,,,,,,,,,,,1,2,1,1,2
201500050500,0015-03-07 07:40:00,15,3,7,7,40,750,102,RUE REAUMUR,,,Plein jour,En agglomération,Intersection en X,Normale,Deux véhicules - arrière,,,,,,,,,,,1,2,2,1,2
201500050501,0015-03-12 01:03:00,15,3,12,1,3,750,101,"162, RUE DE RIVOLI",,,Nuit avec éclairage allumé,En agglomération,Intersection en T,Normale,Autre collision,,,,,,,,,,,5,2,3,1,6
201500050502,0015-03-24 10:18:00,15,3,24,10,18,750,101,"2, RUE CROIX DES PETITS",,,Plein jour,En agglomération,Intersection en T,Normale,Sans collision,,,,,,,,,,,1,2,3,1,7
201500050503,0015-03-26 09:30:00,15,3,26,9,30,750,101,"1, QUAI DES TUILERIES",,,Plein jour,En agglomération,Hors intersection,Normale,Sans collision,,,,,,,,,,,1,2,1,1,7
201500050504,0015-03-28 03:30:00,15,3,28,3,30,750,101,"15, RUE DU LOUVRE",,,Nuit avec éclairage allumé,En agglomération,Hors intersection,Pluie légère,Autre collision,,,,,,,,,,,5,2,1,2,6
201500050505,0015-03-30 10:10:00,15,3,30,10,10,750,101,"8, AVENUE DE L OPERA",,,Plein jour,En agglomération,Intersection en Y,Normale,Deux véhicules - côté,,,,,,,,,,,1,2,4,1,3
201500050506,0015-03-30 10:40:00,15,3,30,10,40,750,101,"13, PLACE DU MARCHE SAIN",,,Plein jour,En agglomération,Place,Normale,Autre collision,,,,,,,,,,,1,2,7,1,6
201500050507,0015-04-03 12:25:00,15,4,3,12,25,750,101,"118, RUE DE RIVOLI",,,Plein jour,En agglomération,Intersection en T,Temps couvert,Autre collision,,,,,,,,,,,1,2,3,8,6
201500050508,0015-04-03 19:30:00,15,4,3,19,30,750,101,"12, QUAI FRANCOIS MITTER",,,Crépuscule ou aube,En agglomération,Hors intersection,Pluie forte,Sans collision,,,,,,,,,,,2,2,1,3,7