accident_id,datetime,annee,mois,jour,heure,minute,departement,commune_insee,adresse,latitude,longitude,luminosite,agglomeration,intersection,meteo,collision,nb_vehicules,nb_usagers,nb_indemnes,nb_tues,nb_blesses_hosp,nb_blesses_legers,age_cond_1,age_cond_2,veh_type_cond_1,veh_type_cond_2,lum_code,agg_code,int_code,atm_code,col_code
201500050641,0015-05-08 14:55:00,15,5,8,14,55,750,102,"3, RUE DANIELLE CASANOVA",,,Plein jour,En agglomération,Intersection à plus de 4 branches,Normale,Autre collision,,,,,,,,,,,1,2,5,1,6
201500050642,0015-05-09 15:50:00,15,5,9,15,50,750,102,"62, RUE DU LOUVRE",,,Plein jour,En agglomération,Intersection en X,Normale,Deux véhicules - côté,,,,,,,,,,,1,2,2,1,3
201500050643,0015-05-10 21:10:00,15,5,10,21,10,750,102,"21, RUE DU QUATRE SEPTEM",,,Crépuscule ou aube,En agglomération,Intersection à plus de 4 branches,Normale,Deux véhicules - côté,,,,,,,,,,,2,2,5,1,3
201500050644,0015-05-15 19:35:00,15,5,15,19,35,750,102,"35, BOULEVARD DES CAPUCI",,,Plein jour,En agglomération,Intersection en X,Normale,Autre collision,,,,,,,,,,,1,2,2,1,6
201500050645,0015-05-18 21:25:00,15,5,18,21,25,750,102,AVENUE DE L OPERA,,,Nuit avec éclairage allumé,En agglomération,Place,Pluie légère,Deux véhicules - côté,,,,,,,,,,,5,2,7,2,3
201500050646,0015-05-27 12:30:00,15,5,27,12,30,750,102,"5, RUE SAINT FIACRE",,,Plein jour,En agglomération,Hors intersection,Normale,Autre collision,,,,,,,,,,,1,2,1,1,6
201500050647,0015-05-28 12:20:00,15,5,28,12,20,750,102,"2, PLACE DE L OPERA",,,Plein jour,En agglomération,Place,Normale,Trois véhicules et plus - en chaîne,,,,,,,,,,,1,2,7,1,4
201500050648,0015-05-31 10:15:00,15,5,31,10,15,750,102,"11, RUE DANIELLE CASANOV",,,Plein jour,En agglomération,Hors intersection,Temps couvert,Autre collision,,,,,,,,,,,1,2,1,8,6
201500050649,0015-06-04 13:23:00,15,6,4,13,23,750,102,"62, RUE DU LOUVRE",,,Plein jour,En agglomération,Intersection à plus de 4 branches,Normale,Deux véhicules - côté,,,,,,,,,,,1,2,5,1,3
201500050650,0015-06-07 12:10:00,15,6,7,12,10,750,102,"103, RUE DE RICHELIEU",,,Plein jour,En agglomération,Intersection en X,Normale,Autre collision,,,,,,,,,,,1,2,2,1,6
201500050651,0015-06-08 08:20:00,15,6,8,8,20,750,102,RUE DU QUATRE SEPTEMBRE,,,Plein jour,En agglomération,Intersection en X,Normale,Deux véhicules - côté,,,,,,,,,,,1,2,2,1,3
201500050652,0015-06-08 18:25:00,15,6,8,18,25,750,110,"0, BOULEVARD SAINT DENIS",,,Plein jour,En agglomération,Intersection en X,Normale,Deux véhicules - frontale,,,,,,,,,,,1,2,2,1,1
201500050653,0015-06-09 19:55:00,15,6,9,19,55,750,101,"01, QUAI FRANCOIS MITTER",,,Plein jour,En agglomération,Hors intersection,Normale,Autre collision,,,,,,,,,,,1,2,1,1,6
201500050654,0015-07-09 09:10:00,15,7,9,9,10,750,102,"15, BOULEVARD POISSONNIE",,,Plein jour,En agglomération,Hors intersection,Normale,Deux véhicules - côté,,,,,,,,,,,1,2,1,1,3
201500050655,0015-09-18 16:30:00,15,9,18,16,30,750,102,"17, RUE DU QUATRE SEPTEM",,,Plein jour,En agglomération,Intersection en X,Pluie forte,Deux véhicules - côté,,,,,,,,,,,1,2,2,3,3
201500050656,0015-06-05 17:30:00,15,6,5,17,30,750,102,RUE DE LA PAIX,,,Plein jour,En agglomération,Hors intersection,Normale,Deux véhicules - côté,,,,,,,,,,,1,2,1,1,3
201500050657,0015-06-15 17:50:00,15,6,15,17,50,750,102,"248, RUE SAINT DENIS",,,Plein jour,En agglomération,Intersection en T,Normale,Autre collision,,,,,,,,,,,1,2,3,1,6
201500050658,0015-06-16 12:25:00,15,6,16,12,25,750,103,"34, RUE DE TURBIGO",,,Plein jour,En agglomération,Hors intersection,Normale,Autre collision,,,,,,,,,,,1,2,1,1,6
201500050659,0015-06-22 09:00:00,15,6,22,9,0,750,103,BOULEVARD DE SEBASTOPOL,,,Plein jour,En agglomération,Intersection en X,Normale,Sans collision,,,,,,,,,,,1,2,2,1,7
201500050660,0015-06-25 17:30:00,15,6,25,17,30,750,102,"31, RUE VIVIENNE",,,Plein jour,En agglomération,Hors intersection,Normale,Autre collision,,,,,,,,,,,1,2,1,1,6
201500050661,0015-06-26 19:55:00,15,6,26,19,55,750,102,"11, BOULEVARD SAINT DENI",,,Plein jour,En agglomération,Intersection en X,Normale,Deux véhicules - côté,,,,,,,,,,,1,2,2,1,3
201500050662,0015-06-29 09:05:00,15,6,29,9,5,750,102,"27, RUE SAINT AUGUSTIN",,,Plein jour,En agglomération,Intersection en X,Normale,Sans collision,,,,,,,,,,,1,2,2,1,7
201500050663,0015-06-29 21:10:00,15,6,29,21,10,750,102,"54, RUE DU LOUVRE",,,Crépuscule ou aube,En agglomération,Intersection en X,Normale,Sans collision,,,,,,,,,,,2,2,2,1,7
201500050664,0015-07-01 09:25:00,15,7,1,9,25,750,102,"23, BOULEVARD DE BONNE N",,,Plein jour,En agglomération,Intersection en T,Normale,Autre collision,,,,,,,,,,,1,2,3,1,6
201500050665,0015-07-04 20:30:00,15,7,4,20,30,750,102,"94, RUE MONTMARTRE",,,Plein jour,En agglomération,Hors intersection,Normale,Autre collision,,,,,,,,,,,1,2,1,1,6
201500050666,0015-07-08 09:10:00,15,7,8,9,10,750,102,AVENUE DE L OPERA,,,Plein jour,En agglomération,Place,Normale,Deux véhicules - côté,,,,,,,,,,,1,2,7,1,3
201500050667,0015-07-08 16:05:00,15,7,8,16,5,750,109,"10, BOULEVARD MONTMARTRE",,,Plein jour,En agglomération,Intersection en X,Normale,Autre collision,,,,,,,,,,,1,2,2,1,6
201500050668,0015-07-10 09:00:00,15,7,10,9,0,750,102,"28, RUE SAINT AUGUSTIN",,,Plein jour,En agglomération,Intersection en X,Normale,Deux véhicules - côté,,,,,,,,,,,1,2,2,1,3
201500050669,0015-07-29 09:50:00,15,7,29,9,50,750,102,"29, BOULEVARD DES ITALIE",,,Plein jour,En agglomération,Intersection à plus de 4 branches,Normale,Autre collision,,,,,,,,,,,1,2,5,1,6
201500050670,0015-07-29 16:00:00,15,7,29,16,0,750,102,"27, RUE DU QUATRE SEPTEM",,,Plein jour,En agglomération,Intersection en X,Normale,Deux véhicules - côté,,,,,,,,,,,1,2,2,1,3
201500050671,0015-08-04 19:45:00,15,8,4,19,45,750,102,"23, RUE DE LA PAIX",,,Plein jour,En agglomération,Place,Normale,Deux véhicules - arrière,,,,,,,,,,,1,2,7,1,2
201500050672,0015-08-06 12:05:00,15,8,6,12,5,750,102,"75, BOULEVARD DE SEBASTO",,,Plein jour,En agglomération,Hors intersection,Normale,Deux véhicules - côté,,,,,,,,,,,1,2,1,1,3
201500050673,0015-08-10 12:35:00,15,8,10,12,35,750,102,"58, RUE DE RICHELIEU",,,Plein jour,En agglomération,Intersection en X,Normale,Sans collision,,,,,,,,,,,1,2,2,1,7
201500050674,0015-08-12 15:33:00,15,8,12,15,33,750,102,"23, RUE LOUIS LE GRAND",,,Plein jour,En agglomération,Intersection à plus de 4 branches,Normale,Autre collision,,,,,,,,,,,1,2,5,1,6
201500050675,0015-08-14 17:40:00,15,8,14,17,40,750,102,"7, BOULEVARD DES CAPUCIN",,,Plein jour,En agglomération,Hors intersection,Temps éblouissant,Sans collision,,,,,,,,,,,1,2,1,7,7
201500050676,0015-08-11 13:35:00,15,8,11,13,35,750,103,"21, RUE REAUMUR",,,Plein jour,En agglomération,Intersection en X,Normale,Deux véhicules - côté,,,,,,,,,,,1,2,2,1,3
201500050677,0015-08-19 00:55:00,15,8,19,0,55,750,102,RUE MONTMARTRE,,,Nuit avec éclairage allumé,En agglomération,Intersection en T,Normale,Sans collision,,,,,,,,,,,5,2,3,1,7
201500050678,0015-09-03 02:00:00,15,9,3,2,0,750,103,"87, RUE BEAUBOURG",,,Nuit avec éclairage allumé,En agglomération,Intersection en X,Normale,Autre collision,,,,,,,,,,,5,2,2,1,6
201500050679,0015-09-08 09:05:00,15,9,8,9,5,750,102,"62, RUE DU LOUVRE",,,Plein jour,En agglomération,Intersection à plus de 4 branches,Normale,Deux véhicules - côté,,,,,,,,,,,1,2,5,1,3
201500050680,0015-09-12 11:40:00,15,9,12,11,40,750,102,"41, AVENUE DE L OPERA",,,Plein jour,En agglomération,Intersection en T,Temps couvert,Deux véhicules - arrière,,,,,,,,,,,1,2,3,8,2
201500050681,0015-09-13 23:30:00,15,9,13,23,30,750,104,"39, RUE DE RIVOLI",,,Nuit avec éclairage allumé,En agglomération,Hors intersection,Normale,Deux véhicules - côté,,,,,,,,,,,5,2,1,1,3
201500050682,0015-09-14 16:55:00,15,9,14,16,55,750,102,"15, BOULEVARD SAINT DENI",,,Plein jour,En agglomération,Hors intersection,Normale,Autre collision,,,,,,,,,,,1,2,1,1,6
201500050683,0015-09-15 11:20:00,15,9,15,11,20,750,102,RUE DU LOUVRE,,,Plein jour,En agglomération,Intersection en X,Normale,Deux véhicules - côté,,,,,,,,,,,1,2,2,1,3
201500050684,0015-09-15 17:15:00,15,9,15,17,15,750,109,"02, RUE DE LONDRES",,,Plein jour,En agglomération,Hors intersection,Normale,Autre collision,,,,,,,,,,,1,2,1,1,6
201500050685,0015-09-16 17:50:00,15,9,16,17,50,750,102,"33, PLACE DE LA BOURSE",,,Plein jour,En agglomération,Hors intersection,Pluie légère,Deux véhicules - arrière,,,,,,,,,,,1,2,1,2,2
201500050686,0015-09-17 08:35:00,15,9,17,8,35,750,102,"29, BOULEVARD POISSONNIE",,,Plein jour,En agglomération,Intersection en X,Temps couvert,Sans collision,,,,,,,,,,,1,2,2,8,7
201500050687,0015-09-22 20:05:00,15,9,22,20,5,750,102,"76, RUE REAUMUR",,,Nuit avec éclairage allumé,En agglomération,Intersection en X,Pluie légère,Sans collision,,,,,,,,,,,5,2,2,2,7
201500050688,0015-09-23 12:45:00,15,9,23,12,45,750,102,"25, RUE LOUIS LE GRAND",,,Plein jour,En agglomération,Hors intersection,Normale,Autre collision,,,,,,,,,,,1,2,1,1,6
201500050689,0015-09-23 20:15:00,15,9,23,20,15,750,102,"40, RUE ETIENNE MARCEL",,,Nuit avec éclairage allumé,En agglomération,Hors intersection,Normale,Deux véhicules - arrière,,,,,,,,,,,5,2,1,1,2
201500050690,0015-09-24 15:15:00,15,9,24,15,15,750,102,"18, RUE DU QUATRE SEPTEM",,,Plein jour,En agglomération,Intersection en X,Normale,Deux véhicules - arrière,,,,,,,,,,,1,2,2,1,2
201500050691,0015-09-25 16:30:00,15,9,25,16,30,750,102,"1, BOULEVARD POISSONNIER",,,Plein jour,En agglomération,Intersection en X,Normale,Deux véhicules - côté,,,,,,,,,,,1,2,2,1,3
201500050692,0015-09-28 19:40:00,15,9,28,19,40,750,102,AVENUE DE L OPERA,,,Nuit avec éclairage allumé,En agglomération,Hors intersection,Normale,Sans collision,,,,,,,,,,,5,2,1,1,7
201500050693,0015-09-29 09:30:00,15,9,29,9,30,750,102,"1, BOULEVARD POISSONNIER",,,Plein jour,En agglomération,Intersection en X,Normale,Deux véhicules - côté,,,,,,,,,,,1,2,2,1,3
201500050694,0015-09-29 11:55:00,15,9,29,11,55,750,102,"250, RUE SAINT DENIS",,,Plein jour,En agglomération,Intersection en Y,Normale,Deux véhicules - côté,,,,,,,,,,,1,2,4,1,3
201500050695,0015-09-30 20:50:00,15,9,30,20,50,750,104,"29, RUE DE RIVOLI",,,Nuit avec éclairage allumé,En agglomération,Hors intersection,Normale,Autre collision,,,,,,,,,,,5,2,1,1,6
201500050696,0015-10-02 00:50:00,15,10,2,0,50,750,102,"28, RUE DU QUATRE SEPTEM",,,Nuit avec éclairage allumé,En agglomération,Intersection à plus de 4 branches,Normale,Autre collision,,,,,,,,,,,5,2,5,1,6
201500050697,0015-10-05 10:50:00,15,10,5,10,50,750,102,RUE DE LA PAIX,,,Plein jour,En agglomération,Place,Normale,Autre collision,,,,,,,,,,,1,2,7,1,6
201500050698,0015-10-07 19:20:00,15,10,7,19,20,750,102,"30, RUE BLONDEL",,,Nuit avec éclairage allumé,En agglomération,Hors intersection,Normale,Autre collision,,,,,,,,,,,5,2,1,1,6
201500050699,0015-10-08 09:45:00,15,10,8,9,45,750,102,"163, RUE MONTMARTRE",,,Plein jour,En agglomération,Hors intersection,Normale,Deux véhicules - côté,,,,,,,,,,,1,2,1,1,3
201500050700,0015-10-08 12:30:00,15,10,8,12,30,750,102,"13, BOULEVARD SAINT DENI",,,Plein jour,En agglomération,Hors intersection,Normale,Autre collision,,,,,,,,,,,1,2,1,1,6
201500050701,0015-10-15 23:50:00,15,10,15,23,50,750,102,RUE DE LA MICHODIERE,,,Nuit avec éclairage allumé,En agglomération,Intersection en X,Normale,Autre collision,,,,,,,,,,,5,2,2,1,6
201500050702,0015-10-16 07:20:00,15,10,16,7,20,750,109,"26, RUE LAFFITTE",,,Nuit avec éclairage allumé,En agglomération,Intersection en T,Pluie légère,Autre collision,,,,,,,,,,,5,2,3,2,6
201500050703,0015-10-16 13:30:00,15,10,16,13,30,750,102,"49, AVENUE DE L OPERA",,,Plein jour,En agglomération,Place,Pluie légère,Autre collision,,,,,,,,,,,1,2,7,2,6
201500050704,0015-10-17 19:30:00,15,10,17,19,30,750,109,"1, RUE BERGERE",,,Nuit avec éclairage allumé,En agglomération,Intersection en X,Normale,Deux véhicules - arrière,,,,,,,,,,,5,2,2,1,2
201500050705,0015-10-18 07:54:00,15,10,18,7,54,750,102,"15, RUE DU QUATRE SEPTEM",,,Crépuscule ou aube,En agglomération,Intersection en X,Normale,Deux véhicules - côté,,,,,,,,,,,2,2,2,1,3
201500050706,0015-10-21 21:10:00,15,10,21,21,10,750,102,"5, BOULEVARD MONTMARTRE",,,Nuit avec éclairage allumé,En agglomération,Hors intersection,Pluie légère,Sans collision,,,,,,,,,,,5,2,1,2,7
201500050707,0015-10-21 22:55:00,15,10,21,22,55,750,102,"27, RUE DU QUATRE SEPTEM",,,Nuit avec éclairage non allumé,En agglomération,Intersection en X,Pluie légère,Autre collision,,,,,,,,,,,4,2,2,2,6
201500050708,0015-10-23 05:40:00,15,10,23,5,40,750,110,"19, BOULEVARD SAINT DENI",,,Nuit avec éclairage allumé,En agglomération,Intersection en X,Normale,Deux véhicules - côté,,,,,,,,,,,5,2,2,1,3
201500050709,0015-10-26 18:30:00,15,10,26,18,30,750,102,"87, RUE REAUMUR",,,Crépuscule ou aube,En agglomération,Intersection en X,Normale,Sans collision,,,,,,,,,,,2,2,2,1,7
201500050710,0015-10-31 00:20:00,15,10,31,0,20,750,102,RUE DU QUATRE SEPTEMBRE,,,Nuit avec éclairage allumé,En agglomération,Intersection en X,Normale,Trois véhicules et plus - collisions multiples,,,,,,,,,,,5,2,2,1,5
201500050711,0015-11-01 05:40:00,15,11,1,5,40,750,102,"46, RUE ETIENNE MARCEL",,,Nuit avec éclairage allumé,En agglomération,Intersection en X,Normale,Autre collision,,,,,,,,,,,5,2,2,1,6
201500050712,0015-10-31 20:15:00,15,10,31,20,15,750,102,"07, BOULEVARD DE BONNE N",,,Nuit avec éclairage allumé,En agglomération,Intersection en Y,Normale,Deux véhicules - côté,,,,,,,,,,,5,2,4,1,3
201500050713,0015-11-01 17:45:00,15,11,1,17,45,750,101,L107536QUAI DES TUILERIE,,,Nuit avec éclairage allumé,En agglomération,Hors intersection,Normale,Autre collision,,,,,,,,,,,5,2,1,1,6
201500050714,0015-11-03 09:10:00,15,11,3,9,10,750,102,"152, RUE MONTMARTRE",,,Plein jour,En agglomération,Intersection en T,Pluie légère,Sans collision,,,,,,,,,,,1,2,3,2,7
201500050715,0015-11-04 18:05:00,15,11,4,18,5,750,102,"27, BOULEVARD POISSONNIE",,,Nuit avec éclairage allumé,En agglomération,Hors intersection,Normale,Deux véhicules - côté,,,,,,,,,,,5,2,1,1,3
201500050716,0015-11-05 17:30:00,15,11,5,17,30,750,109,"22, BOULEVARD POISSONNIE",,,Crépuscule ou aube,En agglomération,Hors intersection,Normale,Deux véhicules - côté,,,,,,,,,,,2,2,1,1,3
201500050717,0015-11-05 20:50:00,15,11,5,20,50,750,101,PLACE DU CARROUSEL,,,Nuit avec éclairage allumé,En agglomération,Place,Normale,Deux véhicules - arrière,,,,,,,,,,,5,2,7,1,2
201500050718,0015-11-06 09:45:00,15,11,6,9,45,750,102,"44, RUE ETIENNE MARCEL",,,Plein jour,En agglomération,Intersection en X,Normale,Autre collision,,,,,,,,,,,1,2,2,1,6
201500050719,0015-11-06 16:10:00,15,11,6,16,10,750,102,"9, PLACE DE LA BOURSE",,,Plein jour,En agglomération,Place,Pluie légère,Autre collision,,,,,,,,,,,1,2,7,2,6
201500050720,0015-11-10 14:35:00,15,11,10,14,35,750,101,QUAI DES TUILERIES,,,Plein jour,En agglomération,Hors intersection,Normale,Trois véhicules et plus - en chaîne,,,,,,,,,,,1,2,1,1,4
201500050721,0015-11-12 10:30:00,15,11,12,10,30,750,109,"33, RUE DE CHATEAUDUN",,,Plein jour,En agglomération,Intersection en X,Normale,Deux véhicules - côté,,,,,,,,,,,1,2,2,1,3
201500050722,0015-11-16 14:48:00,15,11,16,14,48,750,102,BOULEVARD SAINT DENIS,,,Plein jour,En agglomération,Intersection en X,Pluie légère,Deux véhicules - côté,,,,,,,,,,,1,2,2,2,3
201500050723,0015-11-19 09:55:00,15,11,19,9,55,750,102,"4, PLACE DE L OPERA",,,Plein jour,En agglomération,Place,Normale,Deux véhicules - côté,,,,,,,,,,,1,2,7,1,3
201500050724,0015-11-24 17:05:00,15,11,24,17,5,750,102,"81, BOULEVARD DE SEBASTO",,,Crépuscule ou aube,En agglomération,Intersection en X,Pluie légère,Deux véhicules - côté,,,,,,,,,,,2,2,2,2,3
201500050725,0015-11-24 23:35:00,15,11,24,23,35,750,102,RUE VIVIENNE,,,Nuit avec éclairage allumé,En agglomération,Intersection en X,Pluie légère,Deux véhicules - côté,,,,,,,,,,,5,2,2,2,3
201500050726,0015-11-28 21:40:00,15,11,28,21,40,750,102,"29, BOULEVARD DES ITALIE",,,Nuit avec éclairage allumé,En agglomération,Intersection en X,Normale,Autre collision,,,,,,,,,,,5,2,2,1,6
201500050727,0015-12-03 13:00:00,15,12,3,13,0,750,102,"125, BOULEVARD DE SEBAST",,,Plein jour,En agglomération,Hors intersection,Normale,Deux véhicules - arrière,,,,,,,,,,,1,2,1,1,2
201500050728,0015-12-04 08:45:00,15,12,4,8,45,750,101,RUE SAINT HONORE,,,Plein jour,En agglomération,Hors intersection,Normale,Autre collision,,,,,,,,,,,1,2,1,1,6
201500050729,0015-12-07 07:45:00,15,12,7,7,45,750,109,RUE DU HAVRE,,,Nuit avec éclairage allumé,En agglomération,Hors intersection,Normale,Deux véhicules - côté,,,,,,,,,,,5,2,1,1,3
201500050730,0015-12-09 21:00:00,15,12,9,21,0,750,102,"4, PLACE DE L OPERA",,,Nuit avec éclairage allumé,En agglomération,Place,Normale,Deux véhicules - côté,,,,,,,,,,,5,2,7,1,3
201500050731,0015-12-13 00:20:00,15,12,13,0,20,750,102,RUE DE GRAMONT,,,Nuit avec éclairage allumé,En agglomération,Intersection en X,Normale,Deux véhicules - côté,,,,,,,,,,,5,2,2,1,3
201500050732,0015-12-13 19:00:00,15,12,13,19,0,750,101,"1, BOULEVARD DE SEBASTOP",,,Crépuscule ou aube,En agglomération,Intersection en X,Normale,Sans collision,,,,,,,,,,,2,2,2,1,7
201500050733,0015-01-01 15:30:00,15,1,1,15,30,750,103,"77, BOULEVARD BEAUMARCHA",,,Plein jour,En agglomération,Intersection en X,Normale,Autre collision,,,,,,,,,,,1,2,2,1,6
201500050734,0015-01-13 00:22:00,15,1,13,0,22,750,109,"33, RUE DE MAUBEUGE",,,Nuit avec éclairage allumé,En agglomération,Intersection à plus de 4 branches,Normale,Autre collision,,,,,,,,,,,5,2,5,1,6
201500050735,0015-01-15 01:15:00,15,1,15,1,15,750,103,"33, RUE DES GRAVILLIERS",,,Nuit avec éclairage allumé,En agglomération,Intersection en T,Pluie légère,Autre collision,,,,,,,,,,,5,2,3,2,6
201500050736,0015-01-18 06:15:00,15,1,18,6,15,750,103,"82, BOULEVARD DE SEBASTO",,,Nuit avec éclairage allumé,En agglomération,Intersection en X,Normale,Autre collision,,,,,,,,,,,5,2,2,1,6
201500050737,0015-01-20 11:55:00,15,1,20,11,55,750,103,"78, RUE DE TURBIGO",,,Plein jour,En agglomération,Hors intersection,Normale,Deux véhicules - arrière,,,,,,,,,,,1,2,1,1,2
201500050738,0015-01-21 13:40:00,15,1,21,13,40,750,103,"2, RUE AUX OURS",,,Plein jour,En agglomération,Intersection en X,Normale,Sans collision,,,,,,,,,,,1,2,2,1,7
201500050739,0015-01-21 14:06:00,15,1,21,14,6,750,103,"21, PLACE DE LA REPUBLIQ",,,Plein jour,En agglomération,Hors intersection,Normale,Autre collision,,,,,,,,,,,1,2,1,1,6
201500050740,0015-01-23 15:10:00,15,1,23,15,10,750,103,"37, RUE REAUMUR",,,Plein jour,En agglomération,Hors intersection,Normale,Sans collision,,,,,,,,,,,1,2,1,1,7
201500050741,0015-01-24 02:40:00,15,1,24,2,40,750,103,"33, BOULEVARD DU TEMPLE",,,Nuit avec éclairage allumé,En agglomération,Intersection en T,Normale,Autre collision,,,,,,,,,,,5,2,3,1,6
201500050742,0015-01-24 13:50:00,15,1,24,13,50,750,103,"103, RUE BEAUBOURG",,,Plein jour,En agglomération,Intersection en X,Normale,Autre collision,,,,,,,,,,,1,2,2,1,6
201500050743,0015-01-24 18:50:00,15,1,24,18,50,750,103,"74, RUE DE TURENNE",,,Nuit avec éclairage allumé,En agglomération,Intersection en T,Normale,Autre collision,,,,,,,,,,,5,2,3,1,6
201500050744,0015-01-29 00:01:00,15,1,29,0,1,750,102,BOULEVARD DES CAPUCINES,,,Nuit avec éclairage allumé,En agglomération,Intersection en T,Normale,Deux véhicules - côté,,,,,,,,,,,5,2,3,1,3
201500050745,0015-01-29 10:50:00,15,1,29,10,50,750,103,"201, RUE DU TEMPLE",,,Plein jour,En agglomération,Intersection en Y,Normale,Deux véhicules - côté,,,,,,,,,,,1,2,4,1,3
201500050746,0015-01-29 18:10:00,15,1,29,18,10,750,104,"01, RUE DU FIGUIER",,,Nuit avec éclairage allumé,En agglomération,Intersection à plus de 4 branches,Normale,Autre collision,,,,,,,,,,,5,2,5,1,6
201500050747,0015-02-03 00:30:00,15,2,3,0,30,750,103,"13, PLACE DE LA REPUBLIQ",,,Nuit avec éclairage allumé,En agglomération,Place,Normale,Autre collision,,,,,,,,,,,5,2,7,1,6
201500050748,0015-02-07 21:45:00,15,2,7,21,45,750,103,"113, BOULEVARD BEAUMARCH",,,Nuit avec éclairage allumé,En agglomération,Intersection en Y,Normale,Deux véhicules - côté,,,,,,,,,,,5,2,4,1,3
201500050749,0015-02-15 00:45:00,15,2,15,0,45,750,103,"207, RUE DU TEMPLE",,,Nuit avec éclairage allumé,En agglomération,Intersection en X,Normale,Autre collision,,,,,,,,,,,5,2,2,1,6
201500050750,0015-02-17 19:15:00,15,2,17,19,15,750,103,"11, BOULEVARD SAINT MART",,,Nuit avec éclairage allumé,En agglomération,Hors intersection,Normale,Autre collision,,,,,,,,,,,5,2,1,1,6
201500050751,0015-02-18 13:55:00,15,2,18,13,55,750,103,"36, RUE DE TURBIGO",,,Plein jour,En agglomération,Intersection à plus de 4 branches,Normale,Deux véhicules - côté,,,,,,,,,,,1,2,5,1,3
201500050752,0015-02-19 07:30:00,15,2,19,7,30,750,103,"77, RUE DE TURBIGO",,,Plein jour,En agglomération,Intersection en X,Normale,Autre collision,,,,,,,,,,,1,2,2,1,6
201500050753,0015-02-22 14:10:00,15,2,22,14,10,750,103,"205, RUE DU TEMPLE",,,Plein jour,En agglomération,Intersection en X,Normale,Autre collision,,,,,,,,,,,1,2,2,1,6
201500050754,0015-02-23 09:30:00,15,2,23,9,30,750,103,"91, BOULEVARD BEAUMARCHA",,,Plein jour,En agglomération,Intersection en T,Normale,Deux véhicules - côté,,,,,,,,,,,1,2,3,1,3
201500050755,0015-02-25 18:15:00,15,2,25,18,15,750,103,"43, RUE REAUMUR",,,Nuit avec éclairage allumé,En agglomération,Intersection en X,Pluie légère,Autre collision,,,,,,,,,,,5,2,2,2,6
201500050756,0015-02-28 13:45:00,15,2,28,13,45,750,103,"43, RUE REAUMUR",,,Plein jour,En agglomération,Intersection en X,Normale,Autre collision,,,,,,,,,,,1,2,2,1,6
201500050757,0015-03-02 14:55:00,15,3,2,14,55,750,103,"4, RUE CAFFARELLI",,,Plein jour,En agglomération,Intersection en T,Normale,Autre collision,,,,,,,,,,,1,2,3,1,6
201500050758,0015-03-03 15:25:00,15,3,3,15,25,750,103,"33, RUE DEBELLEYME",,,Plein jour,En agglomération,Hors intersection,Normale,Autre collision,,,,,,,,,,,1,2,1,1,6
201500050759,0015-03-04 10:55:00,15,3,4,10,55,750,103,"12, RUE AUX OURS",,,Plein jour,En agglomération,Intersection en X,Normale,Autre collision,,,,,,,,,,,1,2,2,1,6
201500050760,0015-03-06 14:00:00,15,3,6,14,0,750,104,"20, RUE RAMBUTEAU",,,Plein jour,En agglomération,Intersection en T,Normale,Autre collision,,,,,,,,,,,1,2,3,1,6
201500050761,0015-03-09 10:00:00,15,3,9,10,0,750,103,"21, RUE BEAUBOURG",,,Plein jour,En agglomération,Intersection en X,Normale,Deux véhicules - côté,,,,,,,,,,,1,2,2,1,3
201500050762,0015-03-12 12:45:00,15,3,12,12,45,750,103,"27, RUE BEAUBOURG",,,Plein jour,En agglomération,Intersection en X,Normale,Deux véhicules - côté,,,,,,,,,,,1,2,2,1,3
201500050763,0015-03-23 10:40:00,15,3,23,10,40,750,103,"55, RUE CHARLO",,,Plein jour,En agglomération,Hors intersection,Normale,Autre collision,,,,,,,,,,,1,2,1,1,6
201500050764,0015-03-26 23:35:00,15,3,26,23,35,750,103,"251, RUE SAINT MARTIN",,,Nuit avec éclairage allumé,En agglomération,Intersection en T,Normale,Deux véhicules - arrière,,,,,,,,,,,5,2,3,1,2
201500050765,0015-03-28 19:15:00,15,3,28,19,15,750,103,"53, RUE DE TURBIGO",,,Nuit avec éclairage allumé,En agglomération,Intersection à plus de 4 branches,Normale,Sans collision,,,,,,,,,,,5,2,5,1,7
201500050766,0015-03-30 08:00:00,15,3,30,8,0,750,103,"69, RUE DU TEMPLE",,,Plein jour,En agglomération,Intersection en X,Normale,Deux véhicules - côté,,,,,,,,,,,1,2,2,1,3
201500050767,0015-03-30 14:20:00,15,3,30,14,20,750,103,"13, RUE DES QUATRE FILS",,,Plein jour,En agglomération,Intersection en X,Normale,Autre collision,,,,,,,,,,,1,2,2,1,6
201500050768,0015-04-07 12:35:00,15,4,7,12,35,750,103,"62, RUE REAUMUR",,,Plein jour,En agglomération,Intersection en X,Normale,Autre collision,,,,,,,,,,,1,2,2,1,6
201500050769,0015-04-08 08:50:00,15,4,8,8,50,750,103,"15, RUE DE BRETAGNE",,,Plein jour,En agglomération,Intersection en X,Normale,Deux véhicules - arrière,,,,,,,,,,,1,2,2,1,2
201500050770,0015-04-08 17:45:00,15,4,8,17,45,750,102,"44, RUE MONTMARTRE",,,Plein jour,En agglomération,Hors intersection,Normale,Autre collision,,,,,,,,,,,1,2,1,1,6
201500050771,0015-04-13 12:15:00,15,4,13,12,15,750,103,"13, PLACE DE LA REPUBLIQ",,,Plein jour,En agglomération,Hors intersection,Normale,Deux véhicules - arrière,,,,,,,,,,,1,2,1,1,2
201500050772,0015-04-16 01:40:00,15,4,16,1,40,750,103,"31, BOULEVARD SAINT MART",,,Nuit avec éclairage allumé,En agglomération,Hors intersection,Normale,Sans collision,,,,,,,,,,,5,2,1,1,7
201500050773,0015-04-17 09:10:00,15,4,17,9,10,750,103,"59, RUE DE TURBIGO",,,Plein jour,En agglomération,Hors intersection,Normale,Autre collision,,,,,,,,,,,1,2,1,1,6