accident_id,datetime,annee,mois,jour,heure,minute,departement,commune_insee,adresse,latitude,longitude,luminosite,agglomeration,intersection,meteo,collision,nb_vehicules,nb_usagers,nb_indemnes,nb_tues,nb_blesses_hosp,nb_blesses_legers,age_cond_1,age_cond_2,veh_type_cond_1,veh_type_cond_2,lum_code,agg_code,int_code,atm_code,col_code
201500050774,0015-04-21 12:20:00,15,4,21,12,20,750,103,"252, RUE SAINT MARTIN",,,Plein jour,En agglomération,Intersection en X,Normale,Trois véhicules et plus - en chaîne,,,,,,,,,,,1,2,2,1,4
201500050775,0015-04-22 09:45:00,15,4,22,9,45,750,103,"23, RUE BEAUBOURG",,,Plein jour,En agglomération,Hors intersection,Normale,Autre collision,,,,,,,,,,,1,2,1,1,6
201500050776,0015-04-30 06:20:00,15,4,30,6,20,750,103,"339, RUE SAINT MARTIN",,,Crépuscule ou aube,En agglomération,Intersection en X,Pluie légère,Autre collision,,,,,,,,,,,2,2,2,2,6
201500050777,0015-05-01 00:40:00,15,5,1,0,40,750,103,"359, RUE SAINT MARTIN",,,Nuit avec éclairage allumé,En agglomération,Intersection en X,Pluie légère,Deux véhicules - arrière,,,,,,,,,,,5,2,2,2,2
201500050778,0015-05-06 11:20:00,15,5,6,11,20,750,103,"207, RUE DU TEMPLE",,,Plein jour,En agglomération,Place,Normale,Deux véhicules - frontale,,,,,,,,,,,1,2,7,1,1
201500050779,0015-05-07 09:55:00,15,5,7,9,55,750,103,"13, PLACE DE LA REPUBLIQ",,,Plein jour,En agglomération,Place,Normale,Deux véhicules - côté,,,,,,,,,,,1,2,7,1,3
201500050780,0015-05-14 15:05:00,15,5,14,15,5,750,102,"93, BOULEVARD DE SEBASTO",,,Plein jour,En agglomération,Hors intersection,Pluie forte,Sans collision,,,,,,,,,,,1,2,1,3,7
201500050781,0015-05-24 22:15:00,15,5,24,22,15,750,103,"245, RUE SAINT MARTIN",,,Nuit avec éclairage allumé,En agglomération,Intersection en X,Normale,Deux véhicules - côté,,,,,,,,,,,5,2,2,1,3
201500050782,0015-05-21 21:45:00,15,5,21,21,45,750,103,"61, BOULEVARD BEAUMARCHA",,,Nuit avec éclairage non allumé,En agglomération,Hors intersection,Normale,Autre collision,,,,,,,,,,,4,2,1,1,6
201500050783,0015-05-25 16:50:00,15,5,25,16,50,750,103,"28, RUE REAUMUR",,,Plein jour,En agglomération,Hors intersection,Normale,Deux véhicules - côté,,,,,,,,,,,1,2,1,1,3
201500050784,0015-05-26 11:50:00,15,5,26,11,50,750,103,"95, RUE BEAUBOURG",,,Plein jour,En agglomération,Hors intersection,Normale,Deux véhicules - côté,,,,,,,,,,,1,2,1,1,3
201500050785,0015-05-27 10:20:00,15,5,27,10,20,750,103,"23, RUE BEAUBOURG",,,Plein jour,En agglomération,Hors intersection,Normale,Deux véhicules - arrière,,,,,,,,,,,1,2,1,1,2
201500050786,0015-05-28 16:00:00,15,5,28,16,0,750,103,"70, RUE DE TURBIGO",,,Plein jour,En agglomération,Intersection en Y,Normale,Autre collision,,,,,,,,,,,1,2,4,1,6
201500050787,0015-05-31 12:40:00,15,5,31,12,40,750,103,"22, RUE BEAUBOURG",48.51407,2.2113,Plein jour,En agglomération,Intersection en T,Pluie légère,Sans collision,,,,,,,,,,,1,2,3,2,7
201500050788,0015-06-03 19:00:00,15,6,3,19,0,750,101,"104, RUE DE RIVOLI",,,Plein jour,En agglomération,Intersection en X,Normale,Autre collision,,,,,,,,,,,1,2,2,1,6
201500050789,0015-06-05 19:20:00,15,6,5,19,20,750,103,"50, RUE DE TURBIGO",48.51561,2.21246,Plein jour,En agglomération,Intersection à plus de 4 branches,Normale,Deux véhicules - côté,,,,,,,,,,,1,2,5,1,3
201500050790,0015-06-08 15:45:00,15,6,8,15,45,750,103,"33, RUE REAUMUR",,,Plein jour,En agglomération,Hors intersection,Normale,Sans collision,,,,,,,,,,,1,2,1,1,7
201500050791,0015-06-10 17:50:00,15,6,10,17,50,750,103,"31, RUE REAUMUR",48.51556,2.21201,Plein jour,En agglomération,Hors intersection,Normale,Deux véhicules - arrière,,,,,,,,,,,1,2,1,1,2
201500050792,0015-06-11 15:05:00,15,6,11,15,5,750,103,"31, RUE BEAUBOURG",,,Plein jour,En agglomération,Intersection en T,Normale,Autre collision,,,,,,,,,,,1,2,3,1,6
201500050793,0015-06-13 17:25:00,15,6,13,17,25,750,103,"15, RUE DU GRENIER SAINT",,,Plein jour,En agglomération,Hors intersection,Normale,Autre collision,,,,,,,,,,,1,2,1,1,6
201500050794,0015-06-16 16:50:00,15,6,16,16,50,750,109,"147, RUE DU FAUBOURG POI",,,Plein jour,En agglomération,Intersection à plus de 4 branches,Normale,Autre collision,,,,,,,,,,,1,2,5,1,6
201500050795,0015-06-18 21:40:00,15,6,18,21,40,750,103,"72, RUE REAUMUR",,,Crépuscule ou aube,En agglomération,Intersection en X,Normale,Autre collision,,,,,,,,,,,2,2,2,1,6
201500050796,0015-06-22 14:45:00,15,6,22,14,45,750,103,"4, RUE SAINT GILLES",48.51277,2.22037,Plein jour,En agglomération,Intersection en X,Temps couvert,Autre collision,,,,,,,,,,,1,2,2,8,6
201500050797,0015-06-23 18:30:00,15,6,23,18,30,750,103,"13, PLACE DE LA REPUBLIQ",48.52011,2.21485,Plein jour,En agglomération,Hors intersection,Normale,Autre collision,,,,,,,,,,,1,2,1,1,6
201500050798,0015-06-28 04:30:00,15,6,28,4,30,750,103,"1, BOULEVARD SAINT DENIS",,,Nuit avec éclairage allumé,En agglomération,Intersection en X,Normale,Deux véhicules - côté,,,,,,,,,,,5,2,2,1,3
201500050799,0015-06-30 18:00:00,15,6,30,18,0,750,103,"34, RUE MICHEL LE COMTE",48.5146,2.21155,Plein jour,En agglomération,Intersection en X,Normale,Deux véhicules - côté,,,,,,,,,,,1,2,2,1,3
201500050800,0015-07-10 11:20:00,15,7,10,11,20,750,109,"67, RUE LA FAYETTE",,,Plein jour,En agglomération,Intersection en Y,Normale,Deux véhicules - côté,,,,,,,,,,,1,2,4,1,3
201500050801,0015-07-16 08:45:00,15,7,16,8,45,750,103,"58, BOULEVARD DE SEBASTO",,,Plein jour,En agglomération,Intersection en X,Normale,Deux véhicules - côté,,,,,,,,,,,1,2,2,1,3
201500050802,0015-07-18 01:10:00,15,7,18,1,10,750,103,"28, RUE BEAUBOURG",,,Nuit avec éclairage allumé,En agglomération,Intersection en T,Normale,Deux véhicules - côté,,,,,,,,,,,5,2,3,1,3
201500050803,0015-07-19 11:50:00,15,7,19,11,50,750,103,"11, PLACE DE LA REPUBLIQ",,,Plein jour,En agglomération,Hors intersection,Normale,Autre collision,,,,,,,,,,,1,2,1,1,6
201500050804,0015-07-21 17:45:00,15,7,21,17,45,750,103,"75, RUE DE TURENNE",,,Plein jour,En agglomération,Hors intersection,Normale,Sans collision,,,,,,,,,,,1,2,1,1,7
201500050805,0015-07-23 10:00:00,15,7,23,10,0,750,103,"78, RUE DES ARCHIVES",,,Plein jour,En agglomération,Intersection en X,Normale,Deux véhicules - arrière,,,,,,,,,,,1,2,2,1,2
201500050806,0015-07-24 14:05:00,15,7,24,14,5,750,103,"172, RUE DU TEMPLE",,,Plein jour,En agglomération,Intersection en Y,Normale,Sans collision,,,,,,,,,,,1,2,4,1,7
201500050807,0015-07-29 10:00:00,15,7,29,10,0,750,103,"237, RUE SAINT MARTIN",,,Plein jour,En agglomération,Hors intersection,Normale,Deux véhicules - arrière,,,,,,,,,,,1,2,1,1,2
201500050808,0015-07-31 11:50:00,15,7,31,11,50,750,103,"2, RUE DES FILLES DU CAL",,,Plein jour,En agglomération,Intersection à plus de 4 branches,Normale,Autre collision,,,,,,,,,,,1,2,5,1,6
201500050809,0015-07-31 14:35:00,15,7,31,14,35,750,109,"46, RUE PIERRE FONTAINE",,,Plein jour,En agglomération,Hors intersection,Normale,Autre collision,,,,,,,,,,,1,2,1,1,6
201500050810,0015-08-03 14:50:00,15,8,3,14,50,750,103,"33, BOULEVARD BEAUMARCHA",,,Plein jour,En agglomération,Intersection en X,Normale,Autre collision,,,,,,,,,,,1,2,2,1,6
201500050811,0015-08-12 09:25:00,15,8,12,9,25,750,103,"86, RUE VIEILLE DU TEMPL",,,Plein jour,En agglomération,Intersection en X,Normale,Autre collision,,,,,,,,,,,1,2,2,1,6
201500050812,0015-08-15 11:30:00,15,8,15,11,30,750,103,"60, RUE DES FRANCS BOURG",,,Plein jour,En agglomération,Intersection en X,Temps couvert,Autre collision,,,,,,,,,,,1,2,2,8,6
201500050813,0015-08-24 13:50:00,15,8,24,13,50,750,103,"160, RUE DU TEMPLE",,,Plein jour,En agglomération,Intersection à plus de 4 branches,Pluie légère,Sans collision,,,,,,,,,,,1,2,5,2,7
201500050814,0015-08-29 15:30:00,15,8,29,15,30,750,103,"93, BOULEVARD BEAUMARCHA",,,Plein jour,En agglomération,Intersection en T,Normale,Deux véhicules - arrière,,,,,,,,,,,1,2,3,1,2
201500050815,0015-08-31 12:10:00,15,8,31,12,10,750,103,"99, BOULEVARD BEAUMARCHA",,,Plein jour,En agglomération,Intersection en X,Normale,Deux véhicules - côté,,,,,,,,,,,1,2,2,1,3
201500050816,0015-08-31 17:45:00,15,8,31,17,45,750,103,"45, BOULEVARD BEAUMARCHA",,,Plein jour,En agglomération,Intersection en X,Normale,Autre collision,,,,,,,,,,,1,2,2,1,6
201500050817,0015-09-03 01:25:00,15,9,3,1,25,750,103,"84, RUE DES ARCHIVES",,,Nuit avec éclairage allumé,En agglomération,Hors intersection,Normale,Autre collision,,,,,,,,,,,5,2,1,1,6
201500050818,0015-09-04 17:15:00,15,9,4,17,15,750,103,"259, RUE SAINT MARTIN",,,Plein jour,En agglomération,Hors intersection,Normale,Deux véhicules - côté,,,,,,,,,,,1,2,1,1,3
201500050819,0015-09-08 15:30:00,15,9,8,15,30,750,103,"5, BOULEVARD DES FILLES",,,Plein jour,En agglomération,Intersection en T,Normale,Deux véhicules - côté,,,,,,,,,,,1,2,3,1,3
201500050820,0015-09-10 16:35:00,15,9,10,16,35,750,103,"86 BIS, RUE VIEILLE DU T",,,Plein jour,En agglomération,Intersection en X,Normale,Autre collision,,,,,,,,,,,1,2,2,1,6
201500050821,0015-09-10 18:00:00,15,9,10,18,0,750,103,"53, RUE DE TURBIGO",,,Plein jour,En agglomération,Intersection à plus de 4 branches,Normale,Deux véhicules - arrière,,,,,,,,,,,1,2,5,1,2
201500050822,0015-09-17 17:45:00,15,9,17,17,45,750,103,"115, RUE DU TEMPLE",,,Plein jour,En agglomération,Intersection en T,Normale,Autre collision,,,,,,,,,,,1,2,3,1,6
201500050823,0015-09-18 22:20:00,15,9,18,22,20,750,103,"91, BOULEVARD BEAUMARCHA",,,Nuit avec éclairage allumé,En agglomération,Intersection en T,Pluie légère,Autre collision,,,,,,,,,,,5,2,3,2,6
201500050824,0015-09-22 16:10:00,15,9,22,16,10,750,103,"180, RUE DU TEMPLE",,,Plein jour,En agglomération,Intersection en T,Pluie légère,Sans collision,,,,,,,,,,,1,2,3,2,7
201500050825,0015-09-23 17:30:00,15,9,23,17,30,750,110,"2, BOULEVARD SAINT MARTI",,,Plein jour,En agglomération,Intersection en T,Normale,Deux véhicules - arrière,,,,,,,,,,,1,2,3,1,2
201500050826,0015-09-29 09:30:00,15,9,29,9,30,750,103,"14, RUE FROISSART",,,Plein jour,En agglomération,Intersection en X,Normale,Deux véhicules - arrière,,,,,,,,,,,1,2,2,1,2
201500050827,0015-10-01 23:12:00,15,10,1,23,12,750,103,"113, BOULEVARD BEAUMARCH",,,Nuit avec éclairage allumé,En agglomération,Intersection en Y,Normale,Deux véhicules - côté,,,,,,,,,,,5,2,4,1,3
201500050828,0015-10-02 09:30:00,15,10,2,9,30,750,103,"21, PLACE DE LA REPUBLIQ",,,Plein jour,En agglomération,Place,Normale,Deux véhicules - côté,,,,,,,,,,,1,2,7,1,3
201500050829,0015-10-03 02:20:00,15,10,3,2,20,750,103,"64, BOULEVARD DE SEBASTO",,,Nuit avec éclairage allumé,En agglomération,Intersection en T,Normale,Deux véhicules - arrière,,,,,,,,,,,5,2,3,1,2
201500050830,0015-10-01 19:35:00,15,10,1,19,35,750,103,"15, RUE DE BRETAGNE",,,Crépuscule ou aube,En agglomération,Intersection en X,Normale,Deux véhicules - côté,,,,,,,,,,,2,2,2,1,3
201500050831,0015-10-05 15:55:00,15,10,5,15,55,750,103,"09, PLACE DE LA REPUBLIQ",,,Plein jour,En agglomération,Place,Pluie forte,Autre collision,,,,,,,,,,,1,2,7,3,6
201500050832,0015-10-05 18:20:00,15,10,5,18,20,750,103,"5BIS, RUE FROISSART",,,Crépuscule ou aube,En agglomération,Hors intersection,Pluie forte,Deux véhicules - côté,,,,,,,,,,,2,2,1,3,3
201500050833,0015-10-06 08:00:00,15,10,6,8,0,750,103,"7, RUE DE BEARN",,,Plein jour,En agglomération,Intersection en X,Pluie forte,Autre collision,,,,,,,,,,,1,2,2,3,6
201500050834,0015-10-09 09:25:00,15,10,9,9,25,750,103,"94, RUE DE TURENNE",,,Plein jour,En agglomération,Intersection à plus de 4 branches,Temps éblouissant,Deux véhicules - arrière,,,,,,,,,,,1,2,5,7,2
201500050835,0015-10-09 11:00:00,15,10,9,11,0,750,103,"89, RUE DE TURENNE",,,Plein jour,En agglomération,Hors intersection,Normale,Deux véhicules - côté,,,,,,,,,,,1,2,1,1,3
201500050836,0015-10-10 13:30:00,15,10,10,13,30,750,103,"16, RUE DE BEARN",,,Plein jour,En agglomération,Intersection en T,Normale,Autre collision,,,,,,,,,,,1,2,3,1,6
201500050837,0015-10-14 14:40:00,15,10,14,14,40,750,103,"43, RUE DES ARCHIVES",,,Plein jour,En agglomération,Intersection en X,Normale,Deux véhicules - côté,,,,,,,,,,,1,2,2,1,3
201500050838,0015-10-23 11:40:00,15,10,23,11,40,750,103,"110, BOULEVARD DE SEBAST",,,Plein jour,En agglomération,Intersection en X,Normale,Deux véhicules - arrière,,,,,,,,,,,1,2,2,1,2
201500050839,0015-10-26 08:28:00,15,10,26,8,28,750,103,"16, RUE DE LA PERLE",,,Plein jour,En agglomération,Hors intersection,Normale,Autre collision,,,,,,,,,,,1,2,1,1,6
201500050840,0015-10-28 09:13:00,15,10,28,9,13,750,103,"53, BOULEVARD SAINT MART",,,Plein jour,En agglomération,Hors intersection,Normale,Sans collision,,,,,,,,,,,1,2,1,1,7
201500050841,0015-10-31 18:25:00,15,10,31,18,25,750,103,"54, RUE DE TURBIGO",,,Nuit sans éclairage public,En agglomération,Intersection en T,Normale,Autre collision,,,,,,,,,,,3,2,3,1,6
201500050842,0015-11-08 23:40:00,15,11,8,23,40,750,103,"49, RUE MESLAY",,,Nuit avec éclairage allumé,En agglomération,Hors intersection,Normale,Autre collision,,,,,,,,,,,5,2,1,1,6
201500050843,0015-11-12 10:20:00,15,11,12,10,20,750,103,"5, RUE CHARLOT",,,Plein jour,En agglomération,Hors intersection,Normale,Autre collision,,,,,,,,,,,1,2,1,1,6
201500050844,0015-11-13 12:50:00,15,11,13,12,50,750,103,"99, BOULEVARD BEAUMARCHA",,,Plein jour,En agglomération,Intersection en Y,Normale,Deux véhicules - côté,,,,,,,,,,,1,2,4,1,3
201500050845,0015-11-16 14:25:00,15,11,16,14,25,750,103,"47, RUE DES FRANCS BOURG",,,Plein jour,En agglomération,Intersection en X,Temps couvert,Autre collision,,,,,,,,,,,1,2,2,8,6
201500050846,0015-11-17 23:10:00,15,11,17,23,10,750,103,"53, BOULEVARD SAINT MART",,,Nuit avec éclairage allumé,En agglomération,Intersection à plus de 4 branches,Normale,Deux véhicules - arrière,,,,,,,,,,,5,2,5,1,2
201500050847,0015-11-19 09:50:00,15,11,19,9,50,750,103,"201, RUE DU TEMPLE",,,Plein jour,En agglomération,Intersection en Y,Pluie légère,Deux véhicules - côté,,,,,,,,,,,1,2,4,2,3
201500050848,0015-11-23 20:40:00,15,11,23,20,40,750,103,"24, PLACE DES VOSGES",,,Nuit avec éclairage allumé,En agglomération,Place,Normale,Autre collision,,,,,,,,,,,5,2,7,1,6
201500050849,0015-11-27 20:15:00,15,11,27,20,15,750,101,"36, RUE ETIENNE MARCEL",,,Nuit avec éclairage allumé,En agglomération,Intersection à plus de 4 branches,Pluie légère,Autre collision,,,,,,,,,,,5,2,5,2,6
201500050850,0015-12-07 08:15:00,15,12,7,8,15,750,103,"292, RUE SAINT MARTIN",,,Plein jour,En agglomération,Hors intersection,Normale,Autre collision,,,,,,,,,,,1,2,1,1,6
201500050851,0015-12-08 15:55:00,15,12,8,15,55,750,103,"83, RUE DE TURBIGO",,,Plein jour,En agglomération,Hors intersection,Pluie légère,Deux véhicules - côté,,,,,,,,,,,1,2,1,2,3
201500050852,0015-12-10 09:10:00,15,12,10,9,10,750,103,"114, BOULEVARD DE SEBAST",,,Plein jour,En agglomération,Intersection en X,Normale,Autre collision,,,,,,,,,,,1,2,2,1,6
201500050853,0015-12-10 12:45:00,15,12,10,12,45,750,103,"11, BOULEVARD DES FILLES",,,Plein jour,En agglomération,Intersection en X,Normale,Deux véhicules - côté,,,,,,,,,,,1,2,2,1,3
201500050854,0015-12-15 15:00:00,15,12,15,15,0,750,103,"12, RUE DES HAUDRIETTES",,,Plein jour,En agglomération,Intersection en X,Temps couvert,Deux véhicules - arrière,,,,,,,,,,,1,2,2,8,2
201500050855,0015-12-15 14:15:00,15,12,15,14,15,750,103,"28, RUE SAINT GILLES",,,Plein jour,En agglomération,Intersection en X,Normale,Autre collision,,,,,,,,,,,1,2,2,1,6
201500050856,0015-12-18 16:25:00,15,12,18,16,25,750,103,"43, RUE REAUMUR",,,Plein jour,En agglomération,Intersection en X,Normale,Autre collision,,,,,,,,,,,1,2,2,1,6
201500050857,0015-12-19 12:15:00,15,12,19,12,15,750,103,"15, PLACE DE LA REPUBLIQ",,,Plein jour,En agglomération,Place,Normale,Trois véhicules et plus - en chaîne,,,,,,,,,,,1,2,7,1,4
201500050858,0015-12-27 10:05:00,15,12,27,10,5,750,102,"35, RUE DU QUATRE SEPTEM",,,Plein jour,En agglomération,Place,Normale,Autre collision,,,,,,,,,,,1,2,7,1,6
201500050859,0015-12-28 17:28:00,15,12,28,17,28,750,103,"323, RUE SAINT MARTIN",,,Nuit avec éclairage allumé,En agglomération,Intersection en T,Normale,Deux véhicules - côté,,,,,,,,,,,5,2,3,1,3
201500050860,0015-12-30 11:30:00,15,12,30,11,30,750,104,"48, RUE VIEILLE DU TEMPL",,,Plein jour,En agglomération,Intersection en X,Normale,Autre collision,,,,,,,,,,,1,2,2,1,6
201500050861,0015-01-04 19:00:00,15,1,4,19,0,750,104,PLACE DE LA BASTILLE,,,Nuit avec éclairage allumé,En agglomération,Place,Normale,Deux véhicules - arrière,,,,,,,,,,,5,2,7,1,2
201500050862,0015-01-13 11:25:00,15,1,13,11,25,750,104,"1, RUE DE BIRAGUE",,,Plein jour,En agglomération,Intersection en X,Pluie légère,Autre collision,,,,,,,,,,,1,2,2,2,6
201500050863,0015-01-14 11:45:00,15,1,14,11,45,750,104,"12, QUAI DE GESVRES",,,Plein jour,En agglomération,Intersection en X,Pluie légère,Deux véhicules - arrière,,,,,,,,,,,1,2,2,2,2
201500050864,0015-01-16 03:40:00,15,1,16,3,40,750,109,"43, RUE DE TREVISE",,,Nuit avec éclairage allumé,En agglomération,Intersection en X,Normale,Deux véhicules - côté,,,,,,,,,,,5,2,2,1,3
201500050865,0015-01-16 17:40:00,15,1,16,17,40,750,104,"96, RUE DE RIVOLI",,,Crépuscule ou aube,En agglomération,Intersection en X,Normale,Deux véhicules - côté,,,,,,,,,,,2,2,2,1,3
201500050866,0015-01-16 22:45:00,15,1,16,22,45,750,104,"12, QUAI DE GESVRES",,,Nuit avec éclairage allumé,En agglomération,Intersection en X,Normale,Autre collision,,,,,,,,,,,5,2,2,1,6
201500050867,0015-01-30 11:30:00,15,1,30,11,30,750,109,"09, RUE NOTRE DAME DE LO",,,Plein jour,En agglomération,Hors intersection,Pluie légère,Autre collision,,,,,,,,,,,1,2,1,2,6
201500050868,0015-01-30 12:00:00,15,1,30,12,0,750,104,"19, RUE BEAUBOURG",,,Plein jour,En agglomération,Intersection en T,Neige / grêle,Sans collision,,,,,,,,,,,1,2,3,4,7
201500050869,0015-01-31 15:30:00,15,1,31,15,30,750,104,RUE SAINT ANTOINE,,,Plein jour,En agglomération,Intersection en T,Normale,Deux véhicules - côté,,,,,,,,,,,1,2,3,1,3
201500050870,0015-02-02 09:30:00,15,2,2,9,30,750,102,"113, BOULEVARD DE SEBAST",,,Plein jour,En agglomération,Intersection en X,Pluie légère,Autre collision,,,,,,,,,,,1,2,2,2,6
201500050871,0015-02-09 18:50:00,15,2,9,18,50,750,104,"23, RUE DE RIVOLI",,,Nuit avec éclairage allumé,En agglomération,Hors intersection,Normale,Autre collision,,,,,,,,,,,5,2,1,1,6
201500050872,0015-02-21 12:00:00,15,2,21,12,0,750,111,"14, PLACE DE LA BASTILLE",,,Plein jour,En agglomération,Place,Pluie légère,Deux véhicules - côté,,,,,,,,,,,1,2,7,2,3
201500050873,0015-02-27 08:41:00,15,2,27,8,41,750,104,"7, RUE SAINT MARTIN",,,Plein jour,En agglomération,Intersection en X,Normale,Deux véhicules - côté,,,,,,,,,,,1,2,2,1,3
201500050874,0015-02-27 21:00:00,15,2,27,21,0,750,104,"0, PONT MARIE",,,Nuit avec éclairage allumé,En agglomération,Hors intersection,Normale,Trois véhicules et plus - en chaîne,,,,,,,,,,,5,2,1,1,4
201500050875,0015-03-02 15:00:00,15,3,2,15,0,750,104,"52, RUE DE RIVOLI",,,Plein jour,En agglomération,Intersection en X,Normale,Autre collision,,,,,,,,,,,1,2,2,1,6
201500050876,0015-03-03 16:30:00,15,3,3,16,30,750,104,"15, RUE DE RIVOLI",,,Plein jour,En agglomération,Intersection en X,Pluie légère,Autre collision,,,,,,,,,,,1,2,2,2,6
201500050877,0015-03-04 16:50:00,15,3,4,16,50,750,104,"12, BOULEVARD HENRI IV",,,Plein jour,En agglomération,Intersection en X,Normale,Autre collision,,,,,,,,,,,1,2,2,1,6
201500050878,0015-03-04 19:45:00,15,3,4,19,45,750,104,"33, RUE DE RIVOLI",,,Nuit avec éclairage allumé,En agglomération,Intersection en Y,Normale,Autre collision,,,,,,,,,,,5,2,4,1,6
201500050879,0015-03-05 08:50:00,15,3,5,8,50,750,103,"11, PLACE DE LA REPUBLIQ",,,Plein jour,En agglomération,Hors intersection,Normale,Deux véhicules - côté,,,,,,,,,,,1,2,1,1,3
201500050880,0015-03-06 09:30:00,15,3,6,9,30,750,103,"57, RUE DE TURBIGO",,,Plein jour,En agglomération,Intersection en X,Normale,Deux véhicules - côté,,,,,,,,,,,1,2,2,1,3
201500050881,0015-03-06 16:30:00,15,3,6,16,30,750,104,"11, RUE SAINT ANTOINE",,,Plein jour,En agglomération,Intersection en T,Normale,Deux véhicules - arrière,,,,,,,,,,,1,2,3,1,2
201500050882,0015-03-06 23:55:00,15,3,6,23,55,750,104,"13, BOULEVARD HENRI IV",,,Nuit avec éclairage non allumé,En agglomération,Hors intersection,Normale,Deux véhicules - côté,,,,,,,,,,,4,2,1,1,3
201500050883,0015-03-16 16:40:00,15,3,16,16,40,750,104,"51, RUE DES FRANCS BOURG",,,Plein jour,En agglomération,Hors intersection,Normale,Autre collision,,,,,,,,,,,1,2,1,1,6
201500050884,0015-03-17 20:30:00,15,3,17,20,30,750,104,"5, BOULEVARD HENRI IV",,,Nuit sans éclairage public,En agglomération,Intersection en T,Normale,Autre collision,,,,,,,,,,,3,2,3,1,6
201500050885,0015-03-24 15:10:00,15,3,24,15,10,750,104,"46, RUE VIEILLE DU TEMPL",,,Plein jour,En agglomération,Intersection en T,Pluie légère,Autre collision,,,,,,,,,,,1,2,3,2,6
201500050886,0015-03-26 10:50:00,15,3,26,10,50,750,102,"69, RUE REAUMUR",,,Plein jour,En agglomération,Hors intersection,Normale,Autre collision,,,,,,,,,,,1,2,1,1,6
201500050887,0015-03-26 11:35:00,15,3,26,11,35,750,104,"11 bis, BOULEVARD MORLAN",,,Plein jour,En agglomération,Hors intersection,Pluie légère,Sans collision,,,,,,,,,,,1,2,1,2,7
201500050888,0015-03-27 09:20:00,15,3,27,9,20,750,104,"1, RUE DE BROSSE",,,Plein jour,En agglomération,Intersection en T,Normale,Deux véhicules - côté,,,,,,,,,,,1,2,3,1,3
201500050889,0015-03-27 18:25:00,15,3,27,18,25,750,104,"02, PLACE DU CHATELET",,,Plein jour,En agglomération,Place,Normale,Deux véhicules - côté,,,,,,,,,,,1,2,7,1,3
201500050890,0015-03-31 15:45:00,15,3,31,15,45,750,104,"2, QUAI DE GESVRES",,,Plein jour,En agglomération,Intersection en X,Normale,Autre collision,,,,,,,,,,,1,2,2,1,6
201500050891,0015-04-01 18:45:00,15,4,1,18,45,750,104,"18, BOULEVARD HENRI IV",,,Plein jour,En agglomération,Intersection en T,Normale,Autre collision,,,,,,,,,,,1,2,3,1,6
201500050892,0015-04-02 12:10:00,15,4,2,12,10,750,104,"60, QUAI DE L HOTEL DE V",,,Plein jour,En agglomération,Intersection en Y,Normale,Deux véhicules - côté,,,,,,,,,,,1,2,4,1,3
201500050893,0015-04-03 13:15:00,15,4,3,13,15,750,102,"9, RUE SAINT AUGUSTIN",,,Plein jour,En agglomération,Hors intersection,Pluie légère,Autre collision,,,,,,,,,,,1,2,1,2,6
201500050894,0015-04-08 12:00:00,15,4,8,12,0,750,104,"84, QUAI DE L HOTEL DE V",,,Plein jour,En agglomération,Hors intersection,Normale,Deux véhicules - arrière,,,,,,,,,,,1,2,1,1,2
201500050895,0015-04-08 19:23:00,15,4,8,19,23,750,104,QUAI DE L HOTEL DE VILLE,,,Plein jour,En agglomération,Hors intersection,Normale,Deux véhicules - côté,,,,,,,,,,,1,2,1,1,3
201500050896,0015-04-09 00:01:00,15,4,9,0,1,750,104,"19, RUE DE TURENNE",,,Nuit avec éclairage allumé,En agglomération,Hors intersection,Normale,Autre collision,,,,,,,,,,,5,2,1,1,6
201500050897,0015-04-11 03:00:00,15,4,11,3,0,750,104,"107, RUE DE L HOTEL DE V",,,Nuit avec éclairage allumé,En agglomération,Hors intersection,Normale,Autre collision,,,,,,,,,,,5,2,1,1,6
201500050898,0015-04-12 20:20:00,15,4,12,20,20,750,111,BOULEVARD BEAUMARCHAIS,,,Nuit avec éclairage allumé,En agglomération,Place,Normale,Deux véhicules - côté,,,,,,,,,,,5,2,7,1,3
201500050899,0015-04-12 04:40:00,15,4,12,4,40,750,104,"28, RUE DE RIVOLI",,,Nuit avec éclairage allumé,En agglomération,Hors intersection,Normale,Autre collision,,,,,,,,,,,5,2,1,1,6
201500050900,0015-04-13 15:40:00,15,4,13,15,40,750,104,"2, RUE CRILLON",,,Plein jour,En agglomération,Intersection en Y,Normale,Deux véhicules - côté,,,,,,,,,,,1,2,4,1,3
201500050901,0015-04-20 14:20:00,15,4,20,14,20,750,104,"1, RUE SAINT ANTOINE",,,Plein jour,En agglomération,Hors intersection,Normale,Autre collision,,,,,,,,,,,1,2,1,1,6
201500050902,0015-04-22 18:45:00,15,4,22,18,45,750,104,"03, PLACE DE LA BASTILLE",,,Plein jour,En agglomération,Place,Normale,Deux véhicules - côté,,,,,,,,,,,1,2,7,1,3
201500050903,0015-04-25 02:55:00,15,4,25,2,55,750,104,QUAI DE LA CORSE,,,Nuit avec éclairage allumé,En agglomération,Intersection en X,Pluie légère,Deux véhicules - côté,,,,,,,,,,,5,2,2,2,3
201500050904,0015-04-29 11:28:00,15,4,29,11,28,750,104,"8, QUAI DE GESVRES",,,Plein jour,En agglomération,Intersection en X,Normale,Deux véhicules - arrière,,,,,,,,,,,1,2,2,1,2
201500050905,0015-04-30 10:20:00,15,4,30,10,20,750,104,"50, RUE DE RIVOLI",,,Plein jour,En agglomération,Intersection en X,Pluie légère,Deux véhicules - côté,,,,,,,,,,,1,2,2,2,3