accident_id,datetime,annee,mois,jour,heure,minute,departement,commune_insee,adresse,latitude,longitude,luminosite,agglomeration,intersection,meteo,collision,nb_vehicules,nb_usagers,nb_indemnes,nb_tues,nb_blesses_hosp,nb_blesses_legers,age_cond_1,age_cond_2,veh_type_cond_1,veh_type_cond_2,lum_code,agg_code,int_code,atm_code,col_code
201500051038,0015-02-27 18:45:00,15,2,27,18,45,750,105,"116, RUE MONGE",,,Nuit avec éclairage allumé,En agglomération,Intersection en Y,Normale,Deux véhicules - côté,,,,,,,,,,,5,2,4,1,3
201500051039,0015-02-28 01:30:00,15,2,28,1,30,750,105,"57, QUAI DE LA TOURNELLE",,,Nuit avec éclairage allumé,En agglomération,Intersection en X,Normale,Deux véhicules - côté,,,,,,,,,,,5,2,2,1,3
201500051040,0015-02-28 23:40:00,15,2,28,23,40,750,105,"8, AVENUE DES GOBELINS",,,Nuit avec éclairage allumé,En agglomération,Intersection en T,Pluie forte,Autre collision,,,,,,,,,,,5,2,3,3,6
201500051041,0015-03-02 18:45:00,15,3,2,18,45,750,105,"38, RUE DES FOSSES SAINT",,,Crépuscule ou aube,En agglomération,Hors intersection,Normale,Deux véhicules - côté,,,,,,,,,,,2,2,1,1,3
201500051042,0015-03-04 20:15:00,15,3,4,20,15,750,105,"14, RUE MONGE",,,Nuit avec éclairage allumé,En agglomération,Intersection en X,Normale,Autre collision,,,,,,,,,,,5,2,2,1,6
201500051043,0015-03-15 23:20:00,15,3,15,23,20,750,105,"04, BOULEVARD DE PORT RO",,,Nuit avec éclairage allumé,En agglomération,Intersection à plus de 4 branches,Normale,Deux véhicules - arrière,,,,,,,,,,,5,2,5,1,2
201500051044,0015-03-18 06:15:00,15,3,18,6,15,750,105,BOULEVARD SAINT GERMAIN,,,Crépuscule ou aube,En agglomération,Hors intersection,Normale,Autre collision,,,,,,,,,,,2,2,1,1,6
201500051045,0015-03-18 08:20:00,15,3,18,8,20,750,105,"82, BOULEVARD SAINT MARC",,,Plein jour,En agglomération,Hors intersection,Normale,Autre collision,,,,,,,,,,,1,2,1,1,6
201500051046,0015-03-18 15:20:00,15,3,18,15,20,750,105,"162, RUE SAINT JACQUES",,,Plein jour,En agglomération,Intersection en X,Normale,Deux véhicules - arrière,,,,,,,,,,,1,2,2,1,2
201500051047,0015-03-22 11:42:00,15,3,22,11,42,750,105,"78, BOULEVARD SAINT GERM",,,Plein jour,En agglomération,Intersection en T,Normale,Deux véhicules - côté,,,,,,,,,,,1,2,3,1,3
201500051048,0015-03-25 18:17:00,15,3,25,18,17,750,105,"7, QUAI SAINT BERNARD",,,Plein jour,En agglomération,Intersection en X,Normale,Autre collision,,,,,,,,,,,1,2,2,1,6
201500051049,0015-03-31 16:20:00,15,3,31,16,20,750,105,"24 bis, BOULEVARD SAINT",,,Plein jour,En agglomération,Intersection en X,Normale,Sans collision,,,,,,,,,,,1,2,2,1,7
201500051050,0015-04-01 17:12:00,15,4,1,17,12,750,105,"55, BOULEVARD SAINT GERM",,,Plein jour,En agglomération,Intersection en T,Normale,Sans collision,,,,,,,,,,,1,2,3,1,7
201500051051,0015-04-03 16:05:00,15,4,3,16,5,750,105,"72, RUE CLAUDE BERNARD",,,Plein jour,En agglomération,Intersection en X,Pluie légère,Deux véhicules - côté,,,,,,,,,,,1,2,2,2,3
201500051052,0015-04-03 18:10:00,15,4,3,18,10,750,105,"29, RUE BUFFON",,,Plein jour,En agglomération,Hors intersection,Pluie légère,Deux véhicules - côté,,,,,,,,,,,1,2,1,2,3
201500051053,0015-04-04 23:25:00,15,4,4,23,25,750,105,RUE SAINT JACQUES,,,Nuit avec éclairage allumé,En agglomération,Intersection en X,Normale,Deux véhicules - côté,,,,,,,,,,,5,2,2,1,3
201500051054,0015-04-04 19:50:00,15,4,4,19,50,750,105,"27, BOULEVARD SAINT MICH",,,Nuit avec éclairage non allumé,En agglomération,Intersection à plus de 4 branches,Temps couvert,Autre collision,,,,,,,,,,,4,2,5,8,6
201500051055,0015-04-10 11:05:00,15,4,10,11,5,750,105,"83, BOULEVARD SAINT MICH",,,Plein jour,En agglomération,Hors intersection,Normale,Autre collision,,,,,,,,,,,1,2,1,1,6
201500051056,0015-04-10 17:28:00,15,4,10,17,28,750,105,"36, RUE GAY LUSSAC",,,Plein jour,En agglomération,Intersection en X,Normale,Deux véhicules - côté,,,,,,,,,,,1,2,2,1,3
201500051057,0015-04-11 14:45:00,15,4,11,14,45,750,105,"99, RUE MONGE",,,Plein jour,En agglomération,Intersection à plus de 4 branches,Normale,Autre collision,,,,,,,,,,,1,2,5,1,6
201500051058,0015-04-14 22:20:00,15,4,14,22,20,750,105,"12, RUE DES ECOLES",,,Nuit avec éclairage allumé,En agglomération,Intersection en X,Normale,Deux véhicules - côté,,,,,,,,,,,5,2,2,1,3
201500051059,0015-04-14 16:55:00,15,4,14,16,55,750,105,"70, BOULEVARD SAINT MARC",,,Plein jour,En agglomération,Intersection en T,Normale,Autre collision,,,,,,,,,,,1,2,3,1,6
201500051060,0015-04-14 22:45:00,15,4,14,22,45,750,105,"32, RUE MONGE",,,Nuit avec éclairage allumé,En agglomération,Intersection à plus de 4 branches,Normale,Deux véhicules - arrière,,,,,,,,,,,5,2,5,1,2
201500051061,0015-04-15 11:15:00,15,4,15,11,15,750,105,"19, RUE MONGE",,,Plein jour,En agglomération,Intersection en T,Temps éblouissant,Autre collision,,,,,,,,,,,1,2,3,7,6
201500051062,0015-04-17 08:30:00,15,4,17,8,30,750,105,"9, QUAI SAINT BERNARD",,,Plein jour,En agglomération,Hors intersection,Normale,Deux véhicules - côté,,,,,,,,,,,1,2,1,1,3
201500051063,0015-04-17 10:25:00,15,4,17,10,25,750,105,"9, RUE SOUFFLOT",,,Plein jour,En agglomération,Hors intersection,Normale,Autre collision,,,,,,,,,,,1,2,1,1,6
201500051064,0015-04-17 17:20:00,15,4,17,17,20,750,105,"07, RUE SOUFFLOT",,,Plein jour,En agglomération,Intersection en X,Normale,Autre collision,,,,,,,,,,,1,2,2,1,6
201500051065,0015-04-18 02:09:00,15,4,18,2,9,750,105,"117, RUE MONGE",,,Nuit avec éclairage allumé,En agglomération,Hors intersection,Normale,Autre collision,,,,,,,,,,,5,2,1,1,6
201500051066,0015-04-20 20:40:00,15,4,20,20,40,750,105,"23, RUE DES BERNARDINS",,,Nuit avec éclairage allumé,En agglomération,Intersection à plus de 4 branches,Normale,Sans collision,,,,,,,,,,,5,2,5,1,7
201500051067,0015-04-21 12:36:00,15,4,21,12,36,750,105,"40, BOULEVARD DE L HOPIT",,,Plein jour,En agglomération,Intersection en T,Normale,Deux véhicules - arrière,,,,,,,,,,,1,2,3,1,2
201500051068,0015-04-23 18:30:00,15,4,23,18,30,750,105,"13, QUAI SAINT MICHEL",,,Plein jour,En agglomération,Intersection en T,Normale,Autre collision,,,,,,,,,,,1,2,3,1,6
201500051069,0015-04-23 20:30:00,15,4,23,20,30,750,105,"98, BOULEVARD SAINT GERM",,,Crépuscule ou aube,En agglomération,Intersection en T,Normale,Autre collision,,,,,,,,,,,2,2,3,1,6
201500051070,0015-04-23 22:15:00,15,4,23,22,15,750,105,PLACE VALHUBERT,,,Nuit avec éclairage allumé,En agglomération,Hors intersection,Normale,Autre collision,,,,,,,,,,,5,2,1,1,6
201500051071,0015-04-30 14:50:00,15,4,30,14,50,750,105,"12, RUE DES ECOLES",,,Plein jour,En agglomération,Intersection en X,Pluie légère,Autre collision,,,,,,,,,,,1,2,2,2,6
201500051072,0015-04-30 16:15:00,15,4,30,16,15,750,105,"49, RUE MONGE",,,Plein jour,En agglomération,Hors intersection,Pluie légère,Deux véhicules - côté,,,,,,,,,,,1,2,1,2,3
201500051073,0015-05-06 15:00:00,15,5,6,15,0,750,105,"01, QUAI SAINT BERNARD",,,Plein jour,En agglomération,Place,Normale,Trois véhicules et plus - en chaîne,,,,,,,,,,,1,2,7,1,4
201500051074,0015-05-06 19:35:00,15,5,6,19,35,750,105,"137, BOULEVARD SAINT MIC",,,Plein jour,En agglomération,Intersection en X,Normale,Sans collision,,,,,,,,,,,1,2,2,1,7
201500051075,0015-05-18 15:10:00,15,5,18,15,10,750,105,"75, RUE CLAUDE BERNARD",,,Plein jour,En agglomération,Place,Normale,Deux véhicules - arrière,,,,,,,,,,,1,2,7,1,2
201500051076,0015-05-26 19:30:00,15,5,26,19,30,750,105,"10bis, RUE DU SOMMERARD",,,Plein jour,En agglomération,Hors intersection,Normale,Deux véhicules - côté,,,,,,,,,,,1,2,1,1,3
201500051077,0015-05-27 12:50:00,15,5,27,12,50,750,105,"16, RUE CLAUDE BERNARD",,,Crépuscule ou aube,En agglomération,Hors intersection,Normale,Autre collision,,,,,,,,,,,2,2,1,1,6
201500051078,0015-05-27 12:55:00,15,5,27,12,55,750,105,"25, RUE CLAUDE BERNARD",,,Plein jour,En agglomération,Hors intersection,Normale,Deux véhicules - arrière,,,,,,,,,,,1,2,1,1,2
201500051079,0015-05-27 21:12:00,15,5,27,21,12,750,105,"16, RUE DE L ARBALETE",,,Crépuscule ou aube,En agglomération,Intersection en T,Normale,Deux véhicules - côté,,,,,,,,,,,2,2,3,1,3
201500051080,0015-05-28 03:10:00,15,5,28,3,10,750,105,"172, RUE SAINT JACQUES",,,Nuit avec éclairage allumé,En agglomération,Intersection en X,Pluie légère,Autre collision,,,,,,,,,,,5,2,2,2,6
201500051081,0015-05-31 16:45:00,15,5,31,16,45,750,105,"78, RUE GAY LUSSAC",,,Plein jour,En agglomération,Intersection en Y,Pluie légère,Deux véhicules - frontale,,,,,,,,,,,1,2,4,2,1
201500051082,0015-06-01 15:55:00,15,6,1,15,55,750,105,"49, RUE DU CARDINAL LEMO",,,Plein jour,En agglomération,Hors intersection,Normale,Autre collision,,,,,,,,,,,1,2,1,1,6
201500051083,0015-06-04 11:30:00,15,6,4,11,30,750,105,"26, BOULEVARD SAINT MARC",,,Plein jour,En agglomération,Hors intersection,Normale,Autre collision,,,,,,,,,,,1,2,1,1,6
201500051084,0015-06-06 02:15:00,15,6,6,2,15,750,105,"69, BOULEVARD SAINT MICH",,,Nuit avec éclairage allumé,En agglomération,Hors intersection,Normale,Autre collision,,,,,,,,,,,5,2,1,1,6
201500051085,0015-06-08 09:00:00,15,6,8,9,0,750,105,"1, PLACE VALHUBERT",,,Plein jour,En agglomération,Place,Normale,Sans collision,,,,,,,,,,,1,2,7,1,7
201500051086,0015-06-08 19:25:00,15,6,8,19,25,750,105,"11, RUE MONGE",,,Plein jour,En agglomération,Intersection en X,Normale,Autre collision,,,,,,,,,,,1,2,2,1,6
201500051087,0015-06-09 17:20:00,15,6,9,17,20,750,105,"12, RUE DU CARDINAL LEMO",,,Plein jour,En agglomération,Hors intersection,Normale,Sans collision,,,,,,,,,,,1,2,1,1,7
201500051088,0015-06-17 10:00:00,15,6,17,10,0,750,105,"17, RUE MONGE",,,Plein jour,En agglomération,Intersection en X,Normale,Autre collision,,,,,,,,,,,1,2,2,1,6
201500051089,0015-06-17 11:15:00,15,6,17,11,15,750,105,"212, RUE SAINT JACQUES",,,Plein jour,En agglomération,Hors intersection,Normale,Deux véhicules - côté,,,,,,,,,,,1,2,1,1,3
201500051090,0015-06-18 09:50:00,15,6,18,9,50,750,105,"37, BOULEVARD SAINT MICH",,,Plein jour,En agglomération,Hors intersection,Normale,Autre collision,,,,,,,,,,,1,2,1,1,6
201500051091,0015-06-19 14:25:00,15,6,19,14,25,750,105,"41, BOULEVARD SAINT GERM",,,Plein jour,En agglomération,Intersection en X,Normale,Deux véhicules - côté,,,,,,,,,,,1,2,2,1,3
201500051092,0015-06-30 11:15:00,15,6,30,11,15,750,105,"2, QUAI DE LA TOURNELLE",,,Plein jour,En agglomération,Intersection en X,Normale,Deux véhicules - côté,,,,,,,,,,,1,2,2,1,3
201500051093,0015-06-29 21:30:00,15,6,29,21,30,750,105,"2, BOULEVARD DE L HOPITA",,,Plein jour,En agglomération,Intersection à plus de 4 branches,Normale,Autre collision,,,,,,,,,,,1,2,5,1,6
201500051094,0015-06-30 19:50:00,15,6,30,19,50,750,105,"17, BOULEVARD SAINT GERM",,,Plein jour,En agglomération,Hors intersection,Normale,Deux véhicules - côté,,,,,,,,,,,1,2,1,1,3
201500051095,0015-07-01 00:55:00,15,7,1,0,55,750,105,"23, RUE JUSSIEU",,,Nuit avec éclairage allumé,En agglomération,Intersection en Y,Normale,Sans collision,,,,,,,,,,,5,2,4,1,7
201500051096,0015-07-01 19:05:00,15,7,1,19,5,750,105,"34, RUE SAINT JACQUES",,,Plein jour,En agglomération,Hors intersection,Normale,Autre collision,,,,,,,,,,,1,2,1,1,6
201500051097,0015-07-04 18:20:00,15,7,4,18,20,750,105,"16, RUE LINNE",,,Plein jour,En agglomération,Intersection en Y,Normale,Autre collision,,,,,,,,,,,1,2,4,1,6
201500051098,0015-07-09 18:05:00,15,7,9,18,5,750,105,"31, QUAI SAINT BERNARD",,,Plein jour,En agglomération,Intersection en X,Normale,Autre collision,,,,,,,,,,,1,2,2,1,6
201500051099,0015-07-10 12:45:00,15,7,10,12,45,750,105,"62, RUE MOUFFETARD",,,Plein jour,En agglomération,Intersection en X,Normale,Autre collision,,,,,,,,,,,1,2,2,1,6
201500051100,0015-07-11 18:50:00,15,7,11,18,50,750,105,"16, RUE CUJAS",,,Plein jour,En agglomération,Intersection en X,Normale,Autre collision,,,,,,,,,,,1,2,2,1,6
201500051101,0015-07-15 00:22:00,15,7,15,0,22,750,105,"67, BOULEVARD SAINT GERM",,,Nuit avec éclairage allumé,En agglomération,Intersection en X,Normale,Autre collision,,,,,,,,,,,5,2,2,1,6
201500051102,0015-07-17 06:40:00,15,7,17,6,40,750,105,"41, BOULEVARD SAINT GERM",,,Plein jour,En agglomération,Intersection en X,Normale,Deux véhicules - arrière,,,,,,,,,,,1,2,2,1,2
201500051103,0015-07-20 10:45:00,15,7,20,10,45,750,105,BOULEVARD SAINT GERMAIN,,,Plein jour,En agglomération,Intersection en T,Normale,Trois véhicules et plus - en chaîne,,,,,,,,,,,1,2,3,1,4
201500051104,0015-07-22 10:00:00,15,7,22,10,0,750,105,"39, RUE LINNE",,,Plein jour,En agglomération,Intersection en Y,Normale,Deux véhicules - arrière,,,,,,,,,,,1,2,4,1,2
201500051105,0015-07-24 12:55:00,15,7,24,12,55,750,105,"17, BOULEVARD SAINT GERM",,,Plein jour,En agglomération,Hors intersection,Temps couvert,Autre collision,,,,,,,,,,,1,2,1,8,6
201500051106,0015-07-25 20:20:00,15,7,25,20,20,750,105,"23, QUAI DE MONTEBELLO",,,Plein jour,En agglomération,Intersection en X,Normale,Autre collision,,,,,,,,,,,1,2,2,1,6
201500051107,0015-07-27 09:45:00,15,7,27,9,45,750,105,"20, AVENUE DE L OBSERVAT",,,Plein jour,En agglomération,Intersection à plus de 4 branches,Normale,Deux véhicules - côté,,,,,,,,,,,1,2,5,1,3
201500051108,0015-07-27 12:50:00,15,7,27,12,50,750,105,"14, BOULEVARD SAINT MARC",,,Plein jour,En agglomération,Hors intersection,Normale,Deux véhicules - côté,,,,,,,,,,,1,2,1,1,3
201500051109,0015-07-28 19:09:00,15,7,28,19,9,750,105,"46, RUE SAINT JACQUES",,,Plein jour,En agglomération,Intersection en X,Normale,Deux véhicules - côté,,,,,,,,,,,1,2,2,1,3
201500051110,0015-07-29 18:15:00,15,7,29,18,15,750,105,"68, BOULEVARD SAINT GERM",,,Plein jour,En agglomération,Intersection en T,Normale,Deux véhicules - arrière,,,,,,,,,,,1,2,3,1,2
201500051111,0015-07-29 23:30:00,15,7,29,23,30,750,105,"39, BOULEVARD SAINT GERM",,,Nuit avec éclairage allumé,En agglomération,Intersection en X,Normale,Deux véhicules - côté,,,,,,,,,,,5,2,2,1,3
201500051112,0015-08-04 18:45:00,15,8,4,18,45,750,105,"36, BOULEVARD SAINT MICH",,,Plein jour,En agglomération,Hors intersection,Normale,Autre collision,,,,,,,,,,,1,2,1,1,6
201500051113,0015-08-06 09:04:00,15,8,6,9,4,750,105,"27, BOULEVARD SAINT MICH",,,Plein jour,En agglomération,Intersection à plus de 4 branches,Normale,Deux véhicules - côté,,,,,,,,,,,1,2,5,1,3
201500051114,0015-08-13 17:30:00,15,8,13,17,30,750,105,"04, BOULEVARD DE L HOPIT",,,Plein jour,En agglomération,Intersection en X,Normale,Deux véhicules - côté,,,,,,,,,,,1,2,2,1,3
201500051115,0015-08-15 03:25:00,15,8,15,3,25,750,105,"1, PLACE SAINT MICHEL",,,Nuit avec éclairage allumé,En agglomération,Place,Pluie légère,Deux véhicules - côté,,,,,,,,,,,5,2,7,2,3
201500051116,0015-08-16 15:50:00,15,8,16,15,50,750,105,"15, RUE MONGE",,,Plein jour,En agglomération,Intersection en X,Normale,Deux véhicules - côté,,,,,,,,,,,1,2,2,1,3
201500051117,0015-08-19 20:40:00,15,8,19,20,40,750,105,"100, BOULEVARD SAINT GER",,,Nuit avec éclairage allumé,En agglomération,Intersection en X,Normale,Deux véhicules - côté,,,,,,,,,,,5,2,2,1,3
201500051118,0015-08-21 21:18:00,15,8,21,21,18,750,105,PONT DE SULLY,,,Nuit avec éclairage allumé,En agglomération,Intersection en X,Normale,Autre collision,,,,,,,,,,,5,2,2,1,6
201500051119,0015-08-22 23:00:00,15,8,22,23,0,750,105,"9, RUE DANTE",,,Nuit avec éclairage allumé,En agglomération,Intersection en T,Normale,Autre collision,,,,,,,,,,,5,2,3,1,6
201500051120,0015-08-28 07:30:00,15,8,28,7,30,750,105,"03, QUAI SAINT BERNARD",,,Plein jour,En agglomération,Hors intersection,Normale,Deux véhicules - arrière,,,,,,,,,,,1,2,1,1,2
201500051121,0015-08-31 12:40:00,15,8,31,12,40,750,105,"34, RUE MONGE",,,Plein jour,En agglomération,Intersection à plus de 4 branches,Pluie légère,Autre collision,,,,,,,,,,,1,2,5,2,6
201500051122,0015-09-06 01:15:00,15,9,6,1,15,750,105,"40, BOULEVARD SAINT MICH",,,Nuit avec éclairage allumé,En agglomération,Hors intersection,Normale,Deux véhicules - côté,,,,,,,,,,,5,2,1,1,3
201500051123,0015-09-08 11:30:00,15,9,8,11,30,750,105,"31, RUE MONGE",,,Plein jour,En agglomération,Intersection à plus de 4 branches,Normale,Deux véhicules - arrière,,,,,,,,,,,1,2,5,1,2
201500051124,0015-09-10 14:43:00,15,9,10,14,43,750,105,"222, RUE SAINT JACQUES",,,Plein jour,En agglomération,Intersection en X,Normale,Deux véhicules - côté,,,,,,,,,,,1,2,2,1,3
201500051125,0015-09-10 17:30:00,15,9,10,17,30,750,105,"14, RUE CENSIER",,,Plein jour,En agglomération,Intersection en T,Normale,Autre collision,,,,,,,,,,,1,2,3,1,6
201500051126,0015-09-11 09:20:00,15,9,11,9,20,750,105,PONT DE SULLY,,,Plein jour,En agglomération,Intersection en X,Normale,Deux véhicules - côté,,,,,,,,,,,1,2,2,1,3
201500051127,0015-09-12 02:35:00,15,9,12,2,35,750,105,"49, BOULEVARD SAINT GERM",,,Nuit avec éclairage allumé,En agglomération,Intersection en T,Normale,Autre collision,,,,,,,,,,,5,2,3,1,6
201500051128,0015-09-13 20:05:00,15,9,13,20,5,750,105,"9, RUE MONGE",,,Nuit sans éclairage public,En agglomération,Hors intersection,Normale,Autre collision,,,,,,,,,,,3,2,1,1,6
201500051129,0015-09-15 00:30:00,15,9,15,0,30,750,105,"1, PLACE SAINT MICHEL",,,Nuit avec éclairage allumé,En agglomération,Place,Normale,Deux véhicules - côté,,,,,,,,,,,5,2,7,1,3
201500051130,0015-09-15 11:15:00,15,9,15,11,15,750,105,"94, BOULEVARD DE PORT RO",,,Plein jour,En agglomération,Intersection en X,Normale,Autre collision,,,,,,,,,,,1,2,2,1,6
201500051131,0015-09-18 13:05:00,15,9,18,13,5,750,105,"26, RUE BERTHOLLET",,,Plein jour,En agglomération,Intersection en Y,Normale,Autre collision,,,,,,,,,,,1,2,4,1,6
201500051132,0015-09-18 19:40:00,15,9,18,19,40,750,105,"23, RUE CLAUDE BERNARD",,,Crépuscule ou aube,En agglomération,Hors intersection,Pluie forte,Deux véhicules - côté,,,,,,,,,,,2,2,1,3,3
201500051133,0015-09-25 11:00:00,15,9,25,11,0,750,105,"27, RUE LHOMOND",,,Plein jour,En agglomération,Hors intersection,Normale,Deux véhicules - côté,,,,,,,,,,,1,2,1,1,3
201500051134,0015-09-25 14:00:00,15,9,25,14,0,750,105,"11, RUE DES FOSSES SAINT",,,Plein jour,En agglomération,Hors intersection,Normale,Deux véhicules - arrière,,,,,,,,,,,1,2,1,1,2
201500051135,0015-09-26 00:50:00,15,9,26,0,50,750,105,"2, BOULEVARD SAINT GERMA",,,Nuit avec éclairage allumé,En agglomération,Intersection en T,Normale,Deux véhicules - arrière,,,,,,,,,,,5,2,3,1,2
201500051136,0015-09-27 00:30:00,15,9,27,0,30,750,105,"27, QUAI DE LA TOURNELLE",,,Nuit avec éclairage allumé,En agglomération,Hors intersection,Normale,Autre collision,,,,,,,,,,,5,2,1,1,6
201500051137,0015-10-01 18:50:00,15,10,1,18,50,750,105,"47, AVENUE DE L OBSERVAT",,,Crépuscule ou aube,En agglomération,Intersection à plus de 4 branches,Normale,Deux véhicules - côté,,,,,,,,,,,2,2,5,1,3
201500051138,0015-10-02 14:20:00,15,10,2,14,20,750,105,"01, AVENUE DES GOBELINS",,,Plein jour,En agglomération,Intersection à plus de 4 branches,Normale,Deux véhicules - côté,,,,,,,,,,,1,2,5,1,3
201500051139,0015-10-02 21:00:00,15,10,2,21,0,750,105,RUE DES ECOLES,,,Nuit avec éclairage allumé,En agglomération,Intersection en X,Vent fort / tempête,Autre collision,,,,,,,,,,,5,2,2,6,6
201500051140,0015-10-03 02:25:00,15,10,3,2,25,750,105,"4, BOULEVARD DE L HOPITA",,,Nuit avec éclairage allumé,En agglomération,Intersection en Y,Normale,Deux véhicules - arrière,,,,,,,,,,,5,2,4,1,2
201500051141,0015-10-03 05:34:00,15,10,3,5,34,750,105,"258, RUE SAINT JACQUES",,,Nuit avec éclairage allumé,En agglomération,Intersection en T,Normale,Sans collision,,,,,,,,,,,5,2,3,1,7
201500051142,0015-10-05 15:50:00,15,10,5,15,50,750,105,PONT SAINT MICHEL,,,Plein jour,En agglomération,Intersection en X,Pluie forte,Sans collision,,,,,,,,,,,1,2,2,3,7
201500051143,0015-10-05 18:05:00,15,10,5,18,5,750,105,"18, RUE MONGE",,,Plein jour,En agglomération,Intersection en X,Pluie forte,Autre collision,,,,,,,,,,,1,2,2,3,6
201500051144,0015-10-07 06:30:00,15,10,7,6,30,750,105,"14 bis, BOULEVARD DE L H",,,Nuit avec éclairage allumé,En agglomération,Intersection en X,Autre,Deux véhicules - arrière,,,,,,,,,,,5,2,2,9,2
201500051145,0015-10-07 08:50:00,15,10,7,8,50,750,105,"21, BOULEVARD SAINT MICH",,,Plein jour,En agglomération,Intersection en X,Normale,Deux véhicules - côté,,,,,,,,,,,1,2,2,1,3
201500051146,0015-10-08 12:35:00,15,10,8,12,35,750,105,"38, BOULEVARD SAINT MICH",,,Plein jour,En agglomération,Hors intersection,Normale,Autre collision,,,,,,,,,,,1,2,1,1,6
201500051147,0015-10-10 17:54:00,15,10,10,17,54,750,105,"60, RUE DES ECOLES",,,Plein jour,En agglomération,Intersection en T,Normale,Autre collision,,,,,,,,,,,1,2,3,1,6
201500051148,0015-10-12 19:05:00,15,10,12,19,5,750,105,"42, BOULEVARD SAINT MARC",,,Crépuscule ou aube,En agglomération,Intersection à plus de 4 branches,Normale,Deux véhicules - côté,,,,,,,,,,,2,2,5,1,3
201500051149,0015-10-13 08:30:00,15,10,13,8,30,750,105,"80, RUE MONGE",,,Plein jour,En agglomération,Intersection en X,Temps couvert,Deux véhicules - côté,,,,,,,,,,,1,2,2,8,3
201500051150,0015-10-13 12:00:00,15,10,13,12,0,750,105,"03, PLACE SAINT MICHEL",,,Plein jour,En agglomération,Place,Normale,Sans collision,,,,,,,,,,,1,2,7,1,7
201500051151,0015-10-13 16:00:00,15,10,13,16,0,750,105,"18, RUE DES FOSSES SAINT",,,Plein jour,En agglomération,Intersection en X,Normale,Autre collision,,,,,,,,,,,1,2,2,1,6
201500051152,0015-10-13 20:35:00,15,10,13,20,35,750,105,"1, RUE DU PETIT PONT",,,Nuit avec éclairage allumé,En agglomération,Place,Normale,Autre collision,,,,,,,,,,,5,2,7,1,6
201500051153,0015-10-16 15:15:00,15,10,16,15,15,750,105,"11, RUE CLOVIS",,,Plein jour,En agglomération,Intersection en X,Pluie légère,Autre collision,,,,,,,,,,,1,2,2,2,6
201500051154,0015-10-18 23:15:00,15,10,18,23,15,750,105,"18, RUE DE L ABBE DE L E",,,Nuit avec éclairage allumé,En agglomération,Hors intersection,Normale,Autre collision,,,,,,,,,,,5,2,1,1,6
201500051155,0015-10-19 10:00:00,15,10,19,10,0,750,105,"17, RUE MONGE",,,Plein jour,En agglomération,Hors intersection,Normale,Autre collision,,,,,,,,,,,1,2,1,1,6
201500051156,0015-10-19 13:15:00,15,10,19,13,15,750,105,"114, RUE MONGE",,,Plein jour,En agglomération,Intersection en T,Normale,Deux véhicules - côté,,,,,,,,,,,1,2,3,1,3
201500051157,0015-10-21 10:45:00,15,10,21,10,45,750,105,"93, RUE MONGE",,,Plein jour,En agglomération,Intersection en T,Normale,Deux véhicules - côté,,,,,,,,,,,1,2,3,1,3
201500051158,0015-10-22 08:55:00,15,10,22,8,55,750,105,"103, BOULEVARD SAINT MIC",,,Plein jour,En agglomération,Intersection en X,Normale,Autre collision,,,,,,,,,,,1,2,2,1,6
201500051159,0015-10-23 22:45:00,15,10,23,22,45,750,105,"32, RUE SAINT JACQUES",,,Nuit avec éclairage allumé,En agglomération,Intersection à plus de 4 branches,Normale,Deux véhicules - côté,,,,,,,,,,,5,2,5,1,3
201500051160,0015-10-24 09:50:00,15,10,24,9,50,750,105,"5, BOULEVARD SAINT MICHE",,,Plein jour,En agglomération,Intersection en T,Normale,Deux véhicules - côté,,,,,,,,,,,1,2,3,1,3
201500051161,0015-10-24 18:10:00,15,10,24,18,10,750,105,"1, BOULEVARD SAINT GERMA",,,Crépuscule ou aube,En agglomération,Intersection en T,Normale,Deux véhicules - arrière,,,,,,,,,,,2,2,3,1,2
201500051162,0015-10-28 17:17:00,15,10,28,17,17,750,105,"62, RUE DES ECOLES",,,Plein jour,En agglomération,Intersection en T,Normale,Deux véhicules - arrière,,,,,,,,,,,1,2,3,1,2
201500051163,0015-10-31 03:15:00,15,10,31,3,15,750,105,"135, BOULEVARD SAINT MIC",,,Nuit avec éclairage allumé,En agglomération,Hors intersection,Normale,Deux véhicules - côté,,,,,,,,,,,5,2,1,1,3
201500051164,0015-11-03 09:15:00,15,11,3,9,15,750,105,"19, QUAI DE LA TOURNELLE",,,Plein jour,En agglomération,Intersection en X,Pluie légère,Deux véhicules - côté,,,,,,,,,,,1,2,2,2,3
201500051165,0015-11-04 19:40:00,15,11,4,19,40,750,105,"23, QUAI SAINT BERNARD",,,Nuit avec éclairage allumé,En agglomération,Hors intersection,Normale,Autre collision,,,,,,,,,,,5,2,1,1,6
201500051166,0015-11-06 15:55:00,15,11,6,15,55,750,105,"11, RUE MONGE",,,Plein jour,En agglomération,Intersection à plus de 4 branches,Pluie légère,Autre collision,,,,,,,,,,,1,2,5,2,6
201500051167,0015-11-06 18:00:00,15,11,6,18,0,750,105,"36, BOULEVARD SAINT MARC",,,Nuit avec éclairage allumé,En agglomération,Intersection en T,Pluie légère,Autre collision,,,,,,,,,,,5,2,3,2,6
201500051168,0015-11-06 18:03:00,15,11,6,18,3,750,105,PLACE SAINT MICHEL,,,Crépuscule ou aube,En agglomération,Place,Pluie légère,Deux véhicules - côté,,,,,,,,,,,2,2,7,2,3