accident_id,datetime,annee,mois,jour,heure,minute,departement,commune_insee,adresse,latitude,longitude,luminosite,agglomeration,intersection,meteo,collision,nb_vehicules,nb_usagers,nb_indemnes,nb_tues,nb_blesses_hosp,nb_blesses_legers,age_cond_1,age_cond_2,veh_type_cond_1,veh_type_cond_2,lum_code,agg_code,int_code,atm_code,col_code
201500051169,0015-11-08 00:10:00,15,11,8,0,10,750,105,"252, RUE SAINT JACQUES",,,Nuit avec éclairage allumé,En agglomération,Intersection en X,Normale,Deux véhicules - côté,,,,,,,,,,,5,2,2,1,3
201500051170,0015-11-09 12:50:00,15,11,9,12,50,750,105,"75, RUE MONGE",,,Plein jour,En agglomération,Place,Normale,Deux véhicules - côté,,,,,,,,,,,1,2,7,1,3
201500051171,0015-11-10 15:00:00,15,11,10,15,0,750,105,"13, RUE CLOVIS",,,Plein jour,En agglomération,Intersection en X,Normale,Deux véhicules - côté,,,,,,,,,,,1,2,2,1,3
201500051172,0015-11-11 13:15:00,15,11,11,13,15,750,105,"19, RUE GEOFFROY SAINT H",,,Plein jour,En agglomération,Intersection en Y,Normale,Autre collision,,,,,,,,,,,1,2,4,1,6
201500051173,0015-11-12 13:30:00,15,11,12,13,30,750,105,"15, RUE MONGE",,,Plein jour,En agglomération,Intersection à plus de 4 branches,Normale,Deux véhicules - côté,,,,,,,,,,,1,2,5,1,3
201500051174,0015-11-15 19:30:00,15,11,15,19,30,750,105,"55, RUE GEOFFROY SAINT H",,,Nuit avec éclairage allumé,En agglomération,Hors intersection,Normale,Deux véhicules - côté,,,,,,,,,,,5,2,1,1,3
201500051175,0015-11-17 09:00:00,15,11,17,9,0,750,105,"48, BOULEVARD SAINT MICH",,,Plein jour,En agglomération,Intersection en Y,Temps couvert,Sans collision,,,,,,,,,,,1,2,4,8,7
201500051176,0015-11-19 08:05:00,15,11,19,8,5,750,105,"/, RUE MONGE",,,Plein jour,En agglomération,Intersection en X,Normale,Deux véhicules - côté,,,,,,,,,,,1,2,2,1,3
201500051177,0015-11-19 17:45:00,15,11,19,17,45,750,105,"9, QUAI SAINT BERNARD",,,Nuit avec éclairage allumé,En agglomération,Intersection à plus de 4 branches,Pluie légère,Autre collision,,,,,,,,,,,5,2,5,2,6
201500051178,0015-11-20 19:00:00,15,11,20,19,0,750,105,AVENUE DE L OBSERVATOIRE,,,Crépuscule ou aube,En agglomération,Intersection en Y,Pluie légère,Sans collision,,,,,,,,,,,2,2,4,2,7
201500051179,0015-11-22 13:40:00,15,11,22,13,40,750,105,"123, RUE MONGE",,,Plein jour,En agglomération,Intersection à plus de 4 branches,Normale,Autre collision,,,,,,,,,,,1,2,5,1,6
201500051180,0015-11-24 11:30:00,15,11,24,11,30,750,105,"65, BOULEVARD SAINT MICH",,,Plein jour,En agglomération,Intersection en X,Pluie légère,Deux véhicules - côté,,,,,,,,,,,1,2,2,2,3
201500051181,0015-11-26 13:55:00,15,11,26,13,55,750,105,"29, RUE MONGE",,,Plein jour,En agglomération,Hors intersection,Normale,Autre collision,,,,,,,,,,,1,2,1,1,6
201500051182,0015-11-29 02:55:00,15,11,29,2,55,750,105,AVENUE DES GOBELINS,,,Nuit avec éclairage allumé,En agglomération,Intersection à plus de 4 branches,Pluie légère,Deux véhicules - arrière,,,,,,,,,,,5,2,5,2,2
201500051183,0015-12-01 01:20:00,15,12,1,1,20,750,105,"8, BOULEVARD DE L HOPITA",,,Nuit avec éclairage allumé,En agglomération,Intersection en X,Normale,Autre collision,,,,,,,,,,,5,2,2,1,6
201500051184,0015-12-01 12:18:00,15,12,1,12,18,750,105,"20, AVENUE DES GOBELINS",,,Plein jour,En agglomération,Hors intersection,Normale,Autre collision,,,,,,,,,,,1,2,1,1,6
201500051185,0015-12-04 00:25:00,15,12,4,0,25,750,105,"13, RUE MONGE",,,Nuit avec éclairage allumé,En agglomération,Intersection à plus de 4 branches,Normale,Deux véhicules - côté,,,,,,,,,,,5,2,5,1,3
201500051186,0015-12-08 10:20:00,15,12,8,10,20,750,105,"41, BOULEVARD SAINT MARC",,,Plein jour,En agglomération,Intersection en X,Normale,Autre collision,,,,,,,,,,,1,2,2,1,6
201500051187,0015-12-09 17:20:00,15,12,9,17,20,750,105,"16, RUE GEOFFROY SAINT H",,,Nuit avec éclairage allumé,En agglomération,Intersection en X,Normale,Deux véhicules - côté,,,,,,,,,,,5,2,2,1,3
201500051188,0015-12-10 14:17:00,15,12,10,14,17,750,105,BOULEVARD DE PORT ROYAL,,,Plein jour,En agglomération,Intersection en X,Normale,Deux véhicules - côté,,,,,,,,,,,1,2,2,1,3
201500051189,0015-12-14 12:45:00,15,12,14,12,45,750,105,"15, PLACE DU PANTHEON",,,Plein jour,En agglomération,Hors intersection,Normale,Deux véhicules - arrière,,,,,,,,,,,1,2,1,1,2
201500051190,0015-12-18 10:20:00,15,12,18,10,20,750,105,RUE MONGE,,,Plein jour,En agglomération,Intersection en X,Normale,Autre collision,,,,,,,,,,,1,2,2,1,6
201500051191,0015-12-18 19:00:00,15,12,18,19,0,750,105,RUE DES FOSSES SAINT MAR,,,Nuit avec éclairage allumé,En agglomération,Intersection en X,Normale,Autre collision,,,,,,,,,,,5,2,2,1,6
201500051192,0015-01-02 13:50:00,15,1,2,13,50,750,106,"19, BOULEVARD DU MONTPAR",,,Plein jour,En agglomération,Intersection en X,Temps couvert,Autre collision,,,,,,,,,,,1,2,2,8,6
201500051193,0015-01-09 13:30:00,15,1,9,13,30,750,106,"74, RUE SAINT SULPICE",,,Plein jour,En agglomération,Place,Normale,Autre collision,,,,,,,,,,,1,2,7,1,6
201500051194,0015-01-13 15:15:00,15,1,13,15,15,750,106,"20, BOULEVARD SAINT MICH",,,Plein jour,En agglomération,Intersection en T,Pluie légère,Autre collision,,,,,,,,,,,1,2,3,2,6
201500051195,0015-01-21 11:40:00,15,1,21,11,40,750,106,"23, QUAI DE CONTI",,,Plein jour,En agglomération,Place,Normale,Deux véhicules - arrière,,,,,,,,,,,1,2,7,1,2
201500051196,0015-01-23 10:40:00,15,1,23,10,40,750,106,"76, RUE DE VAUGIRARD",,,Plein jour,En agglomération,Intersection en X,Temps couvert,Autre collision,,,,,,,,,,,1,2,2,8,6
201500051197,0015-01-25 02:20:00,15,1,25,2,20,750,106,BOULEVARD RASPAIL,,,Nuit avec éclairage allumé,En agglomération,Intersection en X,Normale,Trois véhicules et plus - collisions multiples,,,,,,,,,,,5,2,2,1,5
201500051198,0015-01-28 09:00:00,15,1,28,9,0,750,106,"22, BOULEVARD SAINT MICH",,,Plein jour,En agglomération,Intersection en X,Normale,Autre collision,,,,,,,,,,,1,2,2,1,6
201500051199,0015-01-29 12:56:00,15,1,29,12,56,750,106,"34, RUE SAINT SULPICE",,,Plein jour,En agglomération,Hors intersection,Pluie légère,Autre collision,,,,,,,,,,,1,2,1,2,6
201500051200,0015-01-31 12:30:00,15,1,31,12,30,750,106,"105, BOULEVARD DU MONTPA",,,Plein jour,En agglomération,Place,Temps couvert,Autre collision,,,,,,,,,,,1,2,7,8,6
201500051201,0015-02-04 09:30:00,15,2,4,9,30,750,106,"175, BOULEVARD SAINT GER",,,Plein jour,En agglomération,Intersection en X,Normale,Deux véhicules - arrière,,,,,,,,,,,1,2,2,1,2
201500051202,0015-02-06 09:50:00,15,2,6,9,50,750,106,", RUE NOTRE DAME DES CHA",,,Plein jour,En agglomération,Intersection à plus de 4 branches,Normale,Deux véhicules - côté,,,,,,,,,,,1,2,5,1,3
201500051203,0015-02-08 22:45:00,15,2,8,22,45,750,106,"58, RUE DE VAUGIRARD",,,Nuit avec éclairage allumé,En agglomération,Intersection en X,Normale,Autre collision,,,,,,,,,,,5,2,2,1,6
201500051204,0015-02-09 22:35:00,15,2,9,22,35,750,106,"23, RUE DE L ANCIENNE CO",,,Nuit avec éclairage allumé,En agglomération,Intersection en X,Normale,Autre collision,,,,,,,,,,,5,2,2,1,6
201500051205,0015-02-10 12:40:00,15,2,10,12,40,750,106,"81, RUE DE SEVRES",,,Plein jour,En agglomération,Hors intersection,Normale,Autre collision,,,,,,,,,,,1,2,1,1,6
201500051206,0015-02-10 15:25:00,15,2,10,15,25,750,106,"123, BOULEVARD SAINT GER",,,Plein jour,En agglomération,Intersection en X,Normale,Deux véhicules - arrière,,,,,,,,,,,1,2,2,1,2
201500051207,0015-02-12 13:20:00,15,2,12,13,20,750,106,"17, QUAI DE CONTI",,,Plein jour,En agglomération,Hors intersection,Normale,Autre collision,,,,,,,,,,,1,2,1,1,6
201500051208,0015-02-16 14:45:00,15,2,16,14,45,750,106,"75, RUE DE SEINE",,,Plein jour,En agglomération,Intersection en X,Normale,Autre collision,,,,,,,,,,,1,2,2,1,6
201500051209,0015-02-23 14:55:00,15,2,23,14,55,750,106,"45, RUE DE VAUGIRARD",,,Plein jour,En agglomération,Intersection en X,Normale,Autre collision,,,,,,,,,,,1,2,2,1,6
201500051210,0015-02-24 13:40:00,15,2,24,13,40,750,106,"0, BOULEVARD SAINT GERMA",,,Plein jour,En agglomération,Intersection en X,Temps couvert,Deux véhicules - arrière,,,,,,,,,,,1,2,2,8,2
201500051211,0015-02-27 06:44:00,15,2,27,6,44,750,106,"1, RUE DU CHERCHE MIDI",,,Crépuscule ou aube,En agglomération,Place,Normale,Deux véhicules - frontale,,,,,,,,,,,2,2,7,1,1
201500051212,0015-02-28 00:46:00,15,2,28,0,46,750,106,"95, RUE DE SEINE",,,Nuit avec éclairage allumé,En agglomération,Intersection en X,Normale,Deux véhicules - côté,,,,,,,,,,,5,2,2,1,3
201500051213,0015-03-04 12:55:00,15,3,4,12,55,750,106,"55, RUE DE RENNES",,,Plein jour,En agglomération,Intersection en X,Normale,Deux véhicules - côté,,,,,,,,,,,1,2,2,1,3
201500051214,0015-03-07 05:05:00,15,3,7,5,5,750,106,PLACE DU DIX HUIT JUIN 1,,,Nuit avec éclairage allumé,En agglomération,Place,Normale,Autre collision,,,,,,,,,,,5,2,7,1,6
201500051215,0015-03-14 12:05:00,15,3,14,12,5,750,106,"53, RUE DE SEVRES",,,Plein jour,En agglomération,Hors intersection,Normale,Autre collision,,,,,,,,,,,1,2,1,1,6
201500051216,0015-03-16 15:10:00,15,3,16,15,10,750,106,"4, PLACE EDMOND ROSTAND",,,Plein jour,En agglomération,Place,Normale,Autre collision,,,,,,,,,,,1,2,7,1,6
201500051217,0015-03-19 09:50:00,15,3,19,9,50,750,106,"02, PLACE SAINT MICHEL",,,Plein jour,En agglomération,Hors intersection,Temps couvert,Autre collision,,,,,,,,,,,1,2,1,8,6
201500051218,0015-03-23 22:30:00,15,3,23,22,30,750,106,"127, RUE DE RENNES",,,Nuit avec éclairage allumé,En agglomération,Intersection à plus de 4 branches,Normale,Autre collision,,,,,,,,,,,5,2,5,1,6
201500051219,0015-03-24 18:50:00,15,3,24,18,50,750,106,RUE DE MEZIERES,,,Nuit avec éclairage allumé,En agglomération,Intersection en X,Pluie légère,Autre collision,,,,,,,,,,,5,2,2,2,6
201500051220,0015-03-27 20:15:00,15,3,27,20,15,750,106,"56, RUE DU FOUR",,,Nuit avec éclairage allumé,En agglomération,Place,Normale,Autre collision,,,,,,,,,,,5,2,7,1,6
201500051221,0015-03-28 15:45:00,15,3,28,15,45,750,106,"11, RUE CASSETTE",,,Plein jour,En agglomération,Intersection en X,Normale,Deux véhicules - côté,,,,,,,,,,,1,2,2,1,3
201500051222,0015-03-29 21:40:00,15,3,29,21,40,750,106,"85, BOULEVARD SAINT GERM",,,Nuit avec éclairage allumé,En agglomération,Place,Pluie légère,Deux véhicules - arrière,,,,,,,,,,,5,2,7,2,2
201500051223,0015-03-31 11:00:00,15,3,31,11,0,750,106,"41, QUAI DES GRANDS AUGU",,,Plein jour,En agglomération,Hors intersection,Pluie légère,Deux véhicules - côté,,,,,,,,,,,1,2,1,2,3
201500051224,0015-04-02 19:40:00,15,4,2,19,40,750,106,"13, RUE DE TOURNON",,,Plein jour,En agglomération,Hors intersection,Pluie légère,Deux véhicules - côté,,,,,,,,,,,1,2,1,2,3
201500051225,0015-04-04 17:10:00,15,4,4,17,10,750,106,"37, RUE DE SEVRES",,,Plein jour,En agglomération,Hors intersection,Normale,Deux véhicules - côté,,,,,,,,,,,1,2,1,1,3
201500051226,0015-04-07 16:10:00,15,4,7,16,10,750,106,"45, RUE DE VAUGIRARD",,,Plein jour,En agglomération,Intersection en X,Normale,Autre collision,,,,,,,,,,,1,2,2,1,6
201500051227,0015-04-08 14:15:00,15,4,8,14,15,750,106,"06, PLACE EDMOND ROSTAND",,,Plein jour,En agglomération,Place,Normale,Deux véhicules - arrière,,,,,,,,,,,1,2,7,1,2
201500051228,0015-04-13 13:00:00,15,4,13,13,0,750,106,"25, BOULEVARD SAINT MICH",,,Plein jour,En agglomération,Intersection en X,Normale,Deux véhicules - arrière,,,,,,,,,,,1,2,2,1,2
201500051229,0015-04-14 15:05:00,15,4,14,15,5,750,106,"30, BOULEVARD SAINT MICH",,,Plein jour,En agglomération,Hors intersection,Normale,Autre collision,,,,,,,,,,,1,2,1,1,6
201500051230,0015-04-15 17:37:00,15,4,15,17,37,750,106,"59, BOULEVARD RASPAIL",,,Plein jour,En agglomération,Hors intersection,Normale,Deux véhicules - arrière,,,,,,,,,,,1,2,1,1,2
201500051231,0015-04-17 17:35:00,15,4,17,17,35,750,106,"76, RUE D ASSAS",,,Plein jour,En agglomération,Intersection en X,Normale,Autre collision,,,,,,,,,,,1,2,2,1,6
201500051232,0015-04-22 09:48:00,15,4,22,9,48,750,106,"7, RUE DU VIEUX COLOMBIE",,,Plein jour,En agglomération,Intersection en T,Normale,Deux véhicules - arrière,,,,,,,,,,,1,2,3,1,2
201500051233,0015-04-22 11:25:00,15,4,22,11,25,750,106,"78, RUE DE SEINE",,,Plein jour,En agglomération,Intersection en X,Normale,Deux véhicules - frontale,,,,,,,,,,,1,2,2,1,1
201500051234,0015-04-23 20:20:00,15,4,23,20,20,750,106,PLACE PAUL CLAUDEL,,,Plein jour,En agglomération,Place,Normale,Deux véhicules - côté,,,,,,,,,,,1,2,7,1,3
201500051235,0015-04-24 11:34:00,15,4,24,11,34,750,106,"95, RUE DE SEINE",,,Plein jour,En agglomération,Intersection en X,Normale,Deux véhicules - côté,,,,,,,,,,,1,2,2,1,3
201500051236,0015-05-01 02:55:00,15,5,1,2,55,750,106,"175, BOULEVARD SAINT GER",,,Nuit avec éclairage allumé,En agglomération,Intersection en X,Pluie légère,Autre collision,,,,,,,,,,,5,2,2,2,6
201500051237,0015-05-05 11:15:00,15,5,5,11,15,750,106,"72, RUE DU CHERCHE MIDI",,,Plein jour,En agglomération,Hors intersection,Pluie légère,Autre collision,,,,,,,,,,,1,2,1,2,6
201500051238,0015-05-06 16:05:00,15,5,6,16,5,750,106,"17, RUE RACINE",,,Plein jour,En agglomération,Intersection en X,Normale,Deux véhicules - côté,,,,,,,,,,,1,2,2,1,3
201500051239,0015-05-07 09:50:00,15,5,7,9,50,750,106,"95, BOULEVARD RASPAIL",,,Plein jour,En agglomération,Intersection en X,Normale,Deux véhicules - côté,,,,,,,,,,,1,2,2,1,3
201500051240,0015-05-11 16:00:00,15,5,11,16,0,750,106,"12, BOULEVARD SAINT MICH",,,Plein jour,En agglomération,Hors intersection,Normale,Autre collision,,,,,,,,,,,1,2,1,1,6
201500051241,0015-05-13 09:40:00,15,5,13,9,40,750,106,"53 bis, QUAI DES GRANDS",,,Plein jour,En agglomération,Intersection en T,Normale,Sans collision,,,,,,,,,,,1,2,3,1,7
201500051242,0015-05-16 02:00:00,15,5,16,2,0,750,106,"23, QUAI DE CONTI",,,Nuit avec éclairage allumé,En agglomération,Hors intersection,Normale,Autre collision,,,,,,,,,,,5,2,1,1,6
201500051243,0015-05-16 19:40:00,15,5,16,19,40,750,106,RUE MICHELET,,,Plein jour,En agglomération,Intersection en X,Normale,Deux véhicules - côté,,,,,,,,,,,1,2,2,1,3
201500051244,0015-05-20 10:44:00,15,5,20,10,44,750,106,"89, RUE DU CHERCHE MIDI",,,Plein jour,En agglomération,Hors intersection,Normale,Autre collision,,,,,,,,,,,1,2,1,1,6
201500051245,0015-05-21 09:40:00,15,5,21,9,40,750,106,"23, QUAI DE CONTI",,,Plein jour,En agglomération,Hors intersection,Normale,Sans collision,,,,,,,,,,,1,2,1,1,7
201500051246,0015-05-21 15:10:00,15,5,21,15,10,750,106,"79, RUE DE SEVRES",,,Plein jour,En agglomération,Hors intersection,Normale,Deux véhicules - arrière,,,,,,,,,,,1,2,1,1,2
201500051247,0015-05-22 17:09:00,15,5,22,17,9,750,106,"49, BOULEVARD RASPAIL",,,Plein jour,En agglomération,Place,Normale,Deux véhicules - côté,,,,,,,,,,,1,2,7,1,3
201500051248,0015-06-02 00:40:00,15,6,2,0,40,750,106,"91, RUE DE SEINE",,,Nuit avec éclairage allumé,En agglomération,Intersection en X,Normale,Deux véhicules - côté,,,,,,,,,,,5,2,2,1,3
201500051249,0015-06-02 16:25:00,15,6,2,16,25,750,106,"09bis, BOULEVARD DU MONT",,,Plein jour,En agglomération,Hors intersection,Normale,Autre collision,,,,,,,,,,,1,2,1,1,6
201500051250,0015-06-03 19:45:00,15,6,3,19,45,750,106,"15, RUE DE VAUGIRARD",,,Plein jour,En agglomération,Intersection en T,Normale,Deux véhicules - côté,,,,,,,,,,,1,2,3,1,3
201500051251,0015-06-07 17:55:00,15,6,7,17,55,750,106,"65, RUE DE RENNES",,,Plein jour,En agglomération,Intersection en X,Normale,Autre collision,,,,,,,,,,,1,2,2,1,6
201500051252,0015-06-08 21:15:00,15,6,8,21,15,750,106,"18, AVENUE DE L OBSERVAT",,,Crépuscule ou aube,En agglomération,Intersection en X,Normale,Deux véhicules - côté,,,,,,,,,,,2,2,2,1,3
201500051253,0015-06-10 12:10:00,15,6,10,12,10,750,106,"5, QUAI DE CONTI",,,Plein jour,En agglomération,Intersection en T,Normale,Deux véhicules - côté,,,,,,,,,,,1,2,3,1,3
201500051254,0015-06-10 13:55:00,15,6,10,13,55,750,106,"20, BOULEVARD SAINT MICH",,,Plein jour,En agglomération,Intersection en X,Normale,Autre collision,,,,,,,,,,,1,2,2,1,6
201500051255,0015-06-12 17:20:00,15,6,12,17,20,750,106,RUE D ASSAS,,,Plein jour,En agglomération,Hors intersection,Normale,Autre collision,,,,,,,,,,,1,2,1,1,6
201500051256,0015-06-15 17:28:00,15,6,15,17,28,750,106,"30, RUE SAINT SULPICE",,,Plein jour,En agglomération,Intersection en T,Normale,Deux véhicules - arrière,,,,,,,,,,,1,2,3,1,2
201500051257,0015-06-18 19:40:00,15,6,18,19,40,750,106,"23, RUE DE L ABBE GREGOI",,,Plein jour,En agglomération,Intersection en T,Normale,Autre collision,,,,,,,,,,,1,2,3,1,6
201500051258,0015-06-19 09:20:00,15,6,19,9,20,750,106,"11, QUAI DE CONTI",,,Plein jour,En agglomération,Hors intersection,Normale,Deux véhicules - arrière,,,,,,,,,,,1,2,1,1,2
201500051259,0015-06-22 11:50:00,15,6,22,11,50,750,106,"89, BOULEVARD DU MONTPAR",,,Plein jour,En agglomération,Intersection en X,Normale,Deux véhicules - côté,,,,,,,,,,,1,2,2,1,3
201500051260,0015-06-23 07:30:00,15,6,23,7,30,750,106,"22, BOULEVARD SAINT MICH",,,Plein jour,En agglomération,Intersection en T,Normale,Deux véhicules - côté,,,,,,,,,,,1,2,3,1,3
201500051261,0015-06-24 14:30:00,15,6,24,14,30,750,106,"114, RUE DU CHERCHE MIDI",,,Plein jour,En agglomération,Hors intersection,Normale,Autre collision,,,,,,,,,,,1,2,1,1,6
201500051262,0015-06-26 18:45:00,15,6,26,18,45,750,106,"156, BOULEVARD SAINT GER",,,Plein jour,En agglomération,Hors intersection,Normale,Deux véhicules - arrière,,,,,,,,,,,1,2,1,1,2
201500051263,0015-06-27 10:30:00,15,6,27,10,30,750,106,"112, RUE DE RENNES",,,Plein jour,En agglomération,Intersection en X,Normale,Deux véhicules - côté,,,,,,,,,,,1,2,2,1,3
201500051264,0015-06-28 15:10:00,15,6,28,15,10,750,106,"32, RUE MONSIEUR LE PRIN",,,Plein jour,En agglomération,Hors intersection,Normale,Autre collision,,,,,,,,,,,1,2,1,1,6
201500051265,0015-07-01 03:30:00,15,7,1,3,30,750,106,RUE DE SEINE,,,Nuit avec éclairage allumé,En agglomération,Intersection en X,Normale,Deux véhicules - côté,,,,,,,,,,,5,2,2,1,3
201500051266,0015-07-01 16:52:00,15,7,1,16,52,750,106,"71, BOULEVARD DU MONTPAR",,,Plein jour,En agglomération,Place,Normale,Autre collision,,,,,,,,,,,1,2,7,1,6
201500051267,0015-07-04 06:17:00,15,7,4,6,17,750,106,"5, QUAI DE CONTI",,,Plein jour,En agglomération,Intersection en T,Normale,Deux véhicules - arrière,,,,,,,,,,,1,2,3,1,2
201500051268,0015-07-05 02:30:00,15,7,5,2,30,750,106,"132, BOULEVARD SAINT GER",,,Nuit avec éclairage allumé,En agglomération,Intersection en X,Normale,Autre collision,,,,,,,,,,,5,2,2,1,6
201500051269,0015-07-10 01:20:00,15,7,10,1,20,750,106,"17 BIS, RUE DE VAUGIRARD",,,Nuit avec éclairage allumé,En agglomération,Intersection en T,Normale,Sans collision,,,,,,,,,,,5,2,3,1,7
201500051270,0015-07-11 20:30:00,15,7,11,20,30,750,106,"8, BOULEVARD SAINT MICHE",,,Plein jour,En agglomération,Intersection en X,Normale,Autre collision,,,,,,,,,,,1,2,2,1,6
201500051271,0015-07-13 14:40:00,15,7,13,14,40,750,106,"72, BOULEVARD SAINT MICH",,,Plein jour,En agglomération,Intersection en T,Normale,Autre collision,,,,,,,,,,,1,2,3,1,6
201500051272,0015-07-15 10:30:00,15,7,15,10,30,750,106,"09, PLACE SAINT SULPICE",,,Plein jour,En agglomération,Hors intersection,Normale,Autre collision,,,,,,,,,,,1,2,1,1,6
201500051273,0015-07-19 18:30:00,15,7,19,18,30,750,106,"93, RUE DE SEINE",,,Plein jour,En agglomération,Intersection en T,Normale,Autre collision,,,,,,,,,,,1,2,3,1,6
201500051274,0015-07-20 11:47:00,15,7,20,11,47,750,106,"122, RUE DE RENNES",,,Plein jour,En agglomération,Intersection à plus de 4 branches,Normale,Autre collision,,,,,,,,,,,1,2,5,1,6
201500051275,0015-07-21 14:00:00,15,7,21,14,0,750,106,"153, RUE DE RENNES",,,Plein jour,En agglomération,Hors intersection,Normale,Autre collision,,,,,,,,,,,1,2,1,1,6
201500051276,0015-07-24 07:55:00,15,7,24,7,55,750,106,"28, RUE SAINT PLACIDE",,,Plein jour,En agglomération,Intersection en X,Normale,Sans collision,,,,,,,,,,,1,2,2,1,7
201500051277,0015-07-24 18:50:00,15,7,24,18,50,750,106,"02, PLACE EDMOND ROSTAND",,,Plein jour,En agglomération,Place,Temps couvert,Sans collision,,,,,,,,,,,1,2,7,8,7
201500051278,0015-07-29 08:45:00,15,7,29,8,45,750,106,"29, BOULEVARD DU MONTPAR",,,Plein jour,En agglomération,Intersection à plus de 4 branches,Normale,Deux véhicules - côté,,,,,,,,,,,1,2,5,1,3
201500051279,0015-07-30 00:25:00,15,7,30,0,25,750,106,"1, PLACE DE L INSTITUT",,,Nuit avec éclairage allumé,En agglomération,Hors intersection,Normale,Autre collision,,,,,,,,,,,5,2,1,1,6
201500051280,0015-08-01 15:40:00,15,8,1,15,40,750,106,"82, BOULEVARD RASPAIL",,,Plein jour,En agglomération,Intersection en X,Normale,Deux véhicules - côté,,,,,,,,,,,1,2,2,1,3
201500051281,0015-08-02 01:45:00,15,8,2,1,45,750,106,"105, BOULEVARD DU MONTPA",,,Nuit avec éclairage allumé,En agglomération,Place,Normale,Autre collision,,,,,,,,,,,5,2,7,1,6
201500051282,0015-08-03 04:50:00,15,8,3,4,50,750,106,"122, BOULEVARD SAINT GER",,,Nuit avec éclairage allumé,En agglomération,Place,Normale,Autre collision,,,,,,,,,,,5,2,7,1,6
201500051283,0015-08-07 01:01:00,15,8,7,1,1,750,106,"55, RUE DE VAUGIRARD",,,Nuit avec éclairage allumé,En agglomération,Intersection à plus de 4 branches,Normale,Autre collision,,,,,,,,,,,5,2,5,1,6
201500051284,0015-08-17 09:20:00,15,8,17,9,20,750,106,"57, QUAI DES GRANDS AUGU",,,Plein jour,En agglomération,Intersection à plus de 4 branches,Normale,Deux véhicules - côté,,,,,,,,,,,1,2,5,1,3
201500051285,0015-08-20 11:54:00,15,8,20,11,54,750,106,RUE DE TOURNON,,,Plein jour,En agglomération,Intersection en X,Pluie légère,Autre collision,,,,,,,,,,,1,2,2,2,6
201500051286,0015-08-24 09:00:00,15,8,24,9,0,750,106,"115, RUE DE RENNES",,,Plein jour,En agglomération,Intersection en X,Pluie légère,Deux véhicules - arrière,,,,,,,,,,,1,2,2,2,2
201500051287,0015-08-24 16:45:00,15,8,24,16,45,750,106,"25, QUAI DES GRANDS AUGU",,,Plein jour,En agglomération,Intersection en T,Pluie légère,Autre collision,,,,,,,,,,,1,2,3,2,6
201500051288,0015-08-27 14:45:00,15,8,27,14,45,750,106,PLACE EDMOND ROSTAND,,,Plein jour,En agglomération,Place,Pluie forte,Sans collision,,,,,,,,,,,1,2,7,3,7
201500051289,0015-08-30 17:25:00,15,8,30,17,25,750,106,"69 bis, RUE DE VAUGIRARD",,,Plein jour,En agglomération,Intersection en T,Normale,Trois véhicules et plus - en chaîne,,,,,,,,,,,1,2,3,1,4
201500051290,0015-08-31 19:05:00,15,8,31,19,5,750,106,"85, RUE DE RENNES",,,Plein jour,En agglomération,Intersection en Y,Normale,Autre collision,,,,,,,,,,,1,2,4,1,6
201500051291,0015-09-01 16:45:00,15,9,1,16,45,750,106,"53 bis, RUE DE SEVRES",,,Plein jour,En agglomération,Intersection en X,Normale,Autre collision,,,,,,,,,,,1,2,2,1,6
201500051292,0015-09-04 15:30:00,15,9,4,15,30,750,106,"20, BOULEVARD SAINT MICH",,,Plein jour,En agglomération,Intersection en T,Normale,Autre collision,,,,,,,,,,,1,2,3,1,6
201500051293,0015-09-09 00:01:00,15,9,9,0,1,750,106,"7, PLACE LE CORBUSIER",,,Nuit avec éclairage allumé,En agglomération,Place,Normale,Deux véhicules - côté,,,,,,,,,,,5,2,7,1,3
201500051294,0015-09-09 16:30:00,15,9,9,16,30,750,106,"12, RUE DE L ECOLE DE ME",,,Plein jour,En agglomération,Hors intersection,Normale,Autre collision,,,,,,,,,,,1,2,1,1,6
201500051295,0015-09-10 13:30:00,15,9,10,13,30,750,106,"20, BOULEVARD SAINT MICH",,,Plein jour,En agglomération,Intersection en T,Normale,Autre collision,,,,,,,,,,,1,2,3,1,6
201500051296,0015-09-10 20:40:00,15,9,10,20,40,750,106,"24, BOULEVARD SAINT MICH",,,Nuit avec éclairage allumé,En agglomération,Intersection en X,Normale,Deux véhicules - côté,,,,,,,,,,,5,2,2,1,3
201500051297,0015-09-12 10:45:00,15,9,12,10,45,750,106,"125, RUE DE SEVRES",,,Plein jour,En agglomération,Hors intersection,Temps couvert,Autre collision,,,,,,,,,,,1,2,1,8,6
201500051298,0015-09-15 11:00:00,15,9,15,11,0,750,106,"108, BOULEVARD SAINT GER",,,Plein jour,En agglomération,Intersection en T,Normale,Deux véhicules - côté,,,,,,,,,,,1,2,3,1,3
201500051299,0015-09-18 09:20:00,15,9,18,9,20,750,106,"104, RUE DE RENNES",,,Plein jour,En agglomération,Intersection en X,Normale,Deux véhicules - arrière,,,,,,,,,,,1,2,2,1,2
201500051300,0015-09-23 13:30:00,15,9,23,13,30,750,106,"21, RUE VISCONTI",,,Plein jour,En agglomération,Hors intersection,Normale,Deux véhicules - arrière,,,,,,,,,,,1,2,1,1,2
201500051301,0015-09-23 16:45:00,15,9,23,16,45,750,106,"9 bis, BOULEVARD DU MONT",,,Plein jour,En agglomération,Hors intersection,Normale,Autre collision,,,,,,,,,,,1,2,1,1,6
201500051302,0015-09-24 07:45:00,15,9,24,7,45,750,106,"35, RUE BONAPARTE",,,Plein jour,En agglomération,Intersection en X,Normale,Deux véhicules - côté,,,,,,,,,,,1,2,2,1,3