accident_id,datetime,annee,mois,jour,heure,minute,departement,commune_insee,adresse,latitude,longitude,luminosite,agglomeration,intersection,meteo,collision,nb_vehicules,nb_usagers,nb_indemnes,nb_tues,nb_blesses_hosp,nb_blesses_legers,age_cond_1,age_cond_2,veh_type_cond_1,veh_type_cond_2,lum_code,agg_code,int_code,atm_code,col_code
201500051435,0015-06-12 18:05:00,15,6,12,18,5,750,107,"50, BOULEVARD DE LA TOUR",,,Plein jour,En agglomération,Intersection en X,Normale,Autre collision,,,,,,,,,,,1,2,2,1,6
201500051436,0015-06-17 11:45:00,15,6,17,11,45,750,107,"272, BOULEVARD SAINT GER",,,Plein jour,En agglomération,Intersection en X,Normale,Deux véhicules - côté,,,,,,,,,,,1,2,2,1,3
201500051437,0015-06-17 17:46:00,15,6,17,17,46,750,107,PORT DE LA BOURDONNAIS,,,Plein jour,En agglomération,Hors intersection,Normale,Autre collision,,,,,,,,,,,1,2,1,1,6
201500051438,0015-06-18 10:20:00,15,6,18,10,20,750,107,"158, RUE DE GRENELLE",,,Plein jour,En agglomération,Intersection en X,Normale,Autre collision,,,,,,,,,,,1,2,2,1,6
201500051439,0015-06-21 20:55:00,15,6,21,20,55,750,107,"87, QUAI D ORSAY",,,Crépuscule ou aube,En agglomération,Hors intersection,Normale,Deux véhicules - côté,,,,,,,,,,,2,2,1,1,3
201500051440,0015-06-25 11:00:00,15,6,25,11,0,750,107,"23, RUE DE BELLECHASSE",,,Plein jour,En agglomération,Intersection en T,Normale,Deux véhicules - côté,,,,,,,,,,,1,2,3,1,3
201500051441,0015-06-25 14:29:00,15,6,25,14,29,750,115,AVENUE EMILE ZOLA,,,Plein jour,En agglomération,Place,Normale,Deux véhicules - arrière,,,,,,,,,,,1,2,7,1,2
201500051442,0015-06-27 14:45:00,15,6,27,14,45,750,107,RUE DE L UNIVERSITE,,,Plein jour,En agglomération,Intersection en X,Normale,Autre collision,,,,,,,,,,,1,2,2,1,6
201500051443,0015-06-30 17:00:00,15,6,30,17,0,750,107,"19, AVENUE DUQUESNE",,,Plein jour,En agglomération,Hors intersection,Normale,Deux véhicules - côté,,,,,,,,,,,1,2,1,1,3
201500051444,0015-07-02 02:05:00,15,7,2,2,5,750,107,"31, AVENUE DE SUFFREN",,,Nuit avec éclairage allumé,En agglomération,Hors intersection,Normale,Autre collision,,,,,,,,,,,5,2,1,1,6
201500051445,0015-07-02 11:55:00,15,7,2,11,55,750,107,"2, RUE DU PRE AUX CLERCS",,,Plein jour,En agglomération,Intersection en T,Normale,Autre collision,,,,,,,,,,,1,2,3,1,6
201500051446,0015-07-06 07:45:00,15,7,6,7,45,750,107,QUAI BRANLY,,,Plein jour,En agglomération,Intersection à plus de 4 branches,Normale,Autre collision,,,,,,,,,,,1,2,5,1,6
201500051447,0015-07-06 15:20:00,15,7,6,15,20,750,107,"6, BOULEVARD DES INVALID",,,Plein jour,En agglomération,Hors intersection,Normale,Deux véhicules - arrière,,,,,,,,,,,1,2,1,1,2
201500051448,0015-07-07 17:25:00,15,7,7,17,25,750,107,"36, BOULEVARD DES INVALI",,,Plein jour,En agglomération,Intersection à plus de 4 branches,Normale,Deux véhicules - côté,,,,,,,,,,,1,2,5,1,3
201500051449,0015-07-08 12:55:00,15,7,8,12,55,750,107,RUE DE SEVRES,,,Plein jour,En agglomération,Intersection en X,Normale,Deux véhicules - côté,,,,,,,,,,,1,2,2,1,3
201500051450,0015-07-08 22:05:00,15,7,8,22,5,750,107,"2, BOULEVARD DE LA TOUR",,,Nuit avec éclairage allumé,En agglomération,Place,Normale,Deux véhicules - côté,,,,,,,,,,,5,2,7,1,3
201500051451,0015-07-13 08:55:00,15,7,13,8,55,750,107,"84, RUE DE GRENELLE",,,Plein jour,En agglomération,Hors intersection,Normale,Deux véhicules - côté,,,,,,,,,,,1,2,1,1,3
201500051452,0015-07-15 08:30:00,15,7,15,8,30,750,107,"18, AVENUE DE LA MOTTE P",,,Plein jour,En agglomération,Intersection en X,Normale,Autre collision,,,,,,,,,,,1,2,2,1,6
201500051453,0015-07-16 14:25:00,15,7,16,14,25,750,107,"34, RUE DU BAC",,,Plein jour,En agglomération,Hors intersection,Normale,Autre collision,,,,,,,,,,,1,2,1,1,6
201500051454,0015-07-17 07:50:00,15,7,17,7,50,750,107,PLACE DU GENERAL GOURAUD,,,Plein jour,En agglomération,Place,Normale,Sans collision,,,,,,,,,,,1,2,7,1,7
201500051455,0015-07-25 13:50:00,15,7,25,13,50,750,107,"276, BOULEVARD SAINT GER",,,Plein jour,En agglomération,Hors intersection,Normale,Autre collision,,,,,,,,,,,1,2,1,1,6
201500051456,0015-07-26 18:35:00,15,7,26,18,35,750,107,"27, QUAI VOLTAIRE",,,Plein jour,En agglomération,Intersection en T,Pluie légère,Sans collision,,,,,,,,,,,1,2,3,2,7
201500051457,0015-07-28 01:40:00,15,7,28,1,40,750,107,"/, RUE DE GRENELLE",,,Nuit avec éclairage allumé,En agglomération,Intersection en T,Normale,Sans collision,,,,,,,,,,,5,2,3,1,7
201500051458,0015-08-02 18:50:00,15,8,2,18,50,750,107,SOUTERRAIN BRANLY,,,Plein jour,En agglomération,Hors intersection,Normale,Autre collision,,,,,,,,,,,1,2,1,1,6
201500051459,0015-08-03 15:45:00,15,8,3,15,45,750,107,"15, QUAI D ORSAY",,,Plein jour,En agglomération,Place,Normale,Deux véhicules - côté,,,,,,,,,,,1,2,7,1,3
201500051460,0015-08-04 22:55:00,15,8,4,22,55,750,107,"36, BOULEVARD DES INVALI",,,Nuit avec éclairage allumé,En agglomération,Intersection en X,Normale,Autre collision,,,,,,,,,,,5,2,2,1,6
201500051461,0015-08-07 12:27:00,15,8,7,12,27,750,107,RUE DE SEVRES,,,Plein jour,En agglomération,Intersection à plus de 4 branches,Normale,Autre collision,,,,,,,,,,,1,2,5,1,6
201500051462,0015-08-09 22:25:00,15,8,9,22,25,750,107,"23, RUE VANEAU",,,Nuit avec éclairage allumé,En agglomération,Intersection en T,Normale,Deux véhicules - côté,,,,,,,,,,,5,2,3,1,3
201500051463,0015-08-11 22:55:00,15,8,11,22,55,750,107,"23, AVENUE DE LA MOTTE P",,,Nuit avec éclairage allumé,En agglomération,Place,Normale,Autre collision,,,,,,,,,,,5,2,7,1,6
201500051464,0015-08-13 20:40:00,15,8,13,20,40,750,115,QUAI BRANLY,,,Crépuscule ou aube,En agglomération,Intersection en T,Pluie légère,Deux véhicules - côté,,,,,,,,,,,2,2,3,2,3
201500051465,0015-08-16 02:27:00,15,8,16,2,27,750,107,PLACE VAUBAN,,,Nuit avec éclairage allumé,En agglomération,Place,Normale,Autre collision,,,,,,,,,,,5,2,7,1,6
201500051466,0015-08-21 09:50:00,15,8,21,9,50,750,107,"101, AVENUE DE LA BOURDO",,,Plein jour,En agglomération,Intersection en T,Normale,Autre collision,,,,,,,,,,,1,2,3,1,6
201500051467,0015-08-26 08:45:00,15,8,26,8,45,750,107,"110, AVENUE DE SUFFREN",,,Plein jour,En agglomération,Intersection en X,Normale,Deux véhicules - arrière,,,,,,,,,,,1,2,2,1,2
201500051468,0015-08-29 12:32:00,15,8,29,12,32,750,107,RUE SAINT DOMINIQUE,,,Plein jour,En agglomération,Intersection en X,Normale,Deux véhicules - côté,,,,,,,,,,,1,2,2,1,3
201500051469,0015-08-31 23:15:00,15,8,31,23,15,750,107,QUAI BRANLY,,,Nuit avec éclairage allumé,En agglomération,Hors intersection,Normale,Deux véhicules - arrière,,,,,,,,,,,5,2,1,1,2
201500051470,0015-09-02 14:30:00,15,9,2,14,30,750,107,"36, BOULEVARD DE LA TOUR",,,Plein jour,En agglomération,Intersection en X,Normale,Deux véhicules - arrière,,,,,,,,,,,1,2,2,1,2
201500051471,0015-09-04 19:45:00,15,9,4,19,45,750,107,"39, RUE DE BOURGOGNE",,,Plein jour,En agglomération,Intersection en X,Temps couvert,Deux véhicules - côté,,,,,,,,,,,1,2,2,8,3
201500051472,0015-09-05 10:35:00,15,9,5,10,35,750,107,"2, BOULEVARD RASPAIL",,,Plein jour,En agglomération,Intersection à plus de 4 branches,Normale,Autre collision,,,,,,,,,,,1,2,5,1,6
201500051473,0015-09-05 11:35:00,15,9,5,11,35,750,115,"173, RUE DE LA CROIX NIV",,,Plein jour,En agglomération,Hors intersection,Normale,Autre collision,,,,,,,,,,,1,2,1,1,6
201500051474,0015-09-07 13:40:00,15,9,7,13,40,750,107,"04, AVENUE RAPP",,,Plein jour,En agglomération,Intersection en X,Normale,Autre collision,,,,,,,,,,,1,2,2,1,6
201500051475,0015-09-09 09:01:00,15,9,9,9,1,750,107,", BOULEVARD SAINT GERMAI",,,Plein jour,En agglomération,Place,Normale,Deux véhicules - côté,,,,,,,,,,,1,2,7,1,3
201500051476,0015-09-09 22:30:00,15,9,9,22,30,750,107,QUAI D ORSAY,,,Nuit avec éclairage allumé,En agglomération,Hors intersection,Normale,Sans collision,,,,,,,,,,,5,2,1,1,7
201500051477,0015-09-10 22:10:00,15,9,10,22,10,750,107,"10, BOULEVARD DES INVALI",,,Nuit avec éclairage allumé,En agglomération,Intersection en T,Normale,Autre collision,,,,,,,,,,,5,2,3,1,6
201500051478,0015-09-11 11:30:00,15,9,11,11,30,750,107,BOULEVARD SAINT GERMAIN,,,Plein jour,En agglomération,Intersection en T,Normale,Deux véhicules - arrière,,,,,,,,,,,1,2,3,1,2
201500051479,0015-09-15 15:42:00,15,9,15,15,42,750,107,RUE DE BELLECHASSE,,,Plein jour,En agglomération,Hors intersection,Normale,Autre collision,,,,,,,,,,,1,2,1,1,6
201500051480,0015-09-16 10:22:00,15,9,16,10,22,750,107,PLACE VAUBAN,,,Plein jour,En agglomération,Place,Pluie forte,Sans collision,,,,,,,,,,,1,2,7,3,7
201500051481,0015-09-19 17:07:00,15,9,19,17,7,750,107,PLACE HENRY DE MONTHERLA,,,Plein jour,En agglomération,Hors intersection,Normale,Autre collision,,,,,,,,,,,1,2,1,1,6
201500051482,0015-09-20 09:25:00,15,9,20,9,25,750,107,"260, BOULEVARD SAINT GER",,,Plein jour,En agglomération,Intersection à plus de 4 branches,Normale,Autre collision,,,,,,,,,,,1,2,5,1,6
201500051483,0015-09-20 18:40:00,15,9,20,18,40,750,107,AVENUE GUSTAVE EIFFEL,,,Plein jour,En agglomération,Intersection en X,Normale,Autre collision,,,,,,,,,,,1,2,2,1,6
201500051484,0015-09-21 18:00:00,15,9,21,18,0,750,107,"03, PLACE HENRY DE MONTH",,,Plein jour,En agglomération,Intersection à plus de 4 branches,Normale,Sans collision,,,,,,,,,,,1,2,5,1,7
201500051485,0015-09-29 16:20:00,15,9,29,16,20,750,107,QUAI D ORSAY,,,Plein jour,En agglomération,Hors intersection,Normale,Deux véhicules - côté,,,,,,,,,,,1,2,1,1,3
201500051486,0015-10-01 11:15:00,15,10,1,11,15,750,107,"3-5, RUE DU PRE AUX CLER",,,Plein jour,En agglomération,Hors intersection,Normale,Autre collision,,,,,,,,,,,1,2,1,1,6
201500051487,0015-10-06 10:35:00,15,10,6,10,35,750,115,"29, QUAI DE GRENELLE",,,Plein jour,En agglomération,Hors intersection,Pluie légère,Deux véhicules - arrière,,,,,,,,,,,1,2,1,2,2
201500051488,0015-10-10 17:00:00,15,10,10,17,0,750,107,AVENUE JOSEPH BOUVARD,,,Plein jour,En agglomération,Hors intersection,Normale,Deux véhicules - côté,,,,,,,,,,,1,2,1,1,3
201500051489,0015-10-13 18:30:00,15,10,13,18,30,750,107,QUAI D ORSAY,,,Crépuscule ou aube,En agglomération,Intersection à plus de 4 branches,Normale,Deux véhicules - côté,,,,,,,,,,,2,2,5,1,3
201500051490,0015-10-14 09:15:00,15,10,14,9,15,750,107,QUAI D ORSAY,,,Plein jour,En agglomération,Hors intersection,Normale,Sans collision,,,,,,,,,,,1,2,1,1,7
201500051491,0015-10-15 18:55:00,15,10,15,18,55,750,107,AVENUE DUQUESNE,,,Crépuscule ou aube,En agglomération,Place,Normale,Deux véhicules - côté,,,,,,,,,,,2,2,7,1,3
201500051492,0015-10-16 23:00:00,15,10,16,23,0,750,107,AVENUE DUQUESNE,,,Nuit avec éclairage allumé,En agglomération,Hors intersection,Pluie légère,Deux véhicules - arrière,,,,,,,,,,,5,2,1,2,2
201500051493,0015-10-17 17:13:00,15,10,17,17,13,750,107,"288, BOULEVARD SAINT GER",,,Plein jour,En agglomération,Hors intersection,Pluie légère,Trois véhicules et plus - en chaîne,,,,,,,,,,,1,2,1,2,4
201500051494,0015-10-20 15:15:00,15,10,20,15,15,750,107,"37, QUAI D ORSAY",,,Plein jour,En agglomération,Intersection en T,Normale,Trois véhicules et plus - en chaîne,,,,,,,,,,,1,2,3,1,4
201500051495,0015-10-22 08:30:00,15,10,22,8,30,750,107,"40, RUE DE SEVRES",,,Plein jour,En agglomération,Hors intersection,Temps couvert,Deux véhicules - côté,,,,,,,,,,,1,2,1,8,3
201500051496,0015-10-23 10:25:00,15,10,23,10,25,750,107,RUE DE SEVRES,,,Plein jour,En agglomération,Intersection en T,Normale,Deux véhicules - côté,,,,,,,,,,,1,2,3,1,3
201500051497,0015-10-23 19:10:00,15,10,23,19,10,750,107,"27, AVENUE DE LA MOTTE P",,,Nuit avec éclairage allumé,En agglomération,Hors intersection,Normale,Deux véhicules - arrière,,,,,,,,,,,5,2,1,1,2
201500051498,0015-10-24 15:40:00,15,10,24,15,40,750,107,AVENUE BOSQUET,,,Plein jour,En agglomération,Intersection à plus de 4 branches,Normale,Deux véhicules - côté,,,,,,,,,,,1,2,5,1,3
201500051499,0015-11-01 16:35:00,15,11,1,16,35,750,107,"1, QUAI BRANLY",,,Plein jour,En agglomération,Intersection en X,Normale,Autre collision,,,,,,,,,,,1,2,2,1,6
201500051500,0015-11-02 16:45:00,15,11,2,16,45,750,107,"7, RUE MALAR",,,Plein jour,En agglomération,Intersection en T,Normale,Autre collision,,,,,,,,,,,1,2,3,1,6
201500051501,0015-11-03 23:35:00,15,11,3,23,35,750,107,RUE DE BELLECHASSE,,,Nuit avec éclairage allumé,En agglomération,Intersection en X,Pluie légère,Deux véhicules - côté,,,,,,,,,,,5,2,2,2,3
201500051502,0015-11-04 12:45:00,15,11,4,12,45,750,107,QUAI D ORSAY,,,Plein jour,En agglomération,Intersection à plus de 4 branches,Normale,Deux véhicules - côté,,,,,,,,,,,1,2,5,1,3
201500051503,0015-11-04 14:20:00,15,11,4,14,20,750,107,AVENUE DE LOWENDAL,,,Plein jour,En agglomération,Place,Normale,Deux véhicules - côté,,,,,,,,,,,1,2,7,1,3
201500051504,0015-11-06 18:08:00,15,11,6,18,8,750,107,PLACE DE L ECOLE MILITAI,,,Nuit avec éclairage allumé,En agglomération,Place,Temps couvert,Autre collision,,,,,,,,,,,5,2,7,8,6
201500051505,0015-11-08 23:00:00,15,11,8,23,0,750,107,"49, BOULEVARD DES INVALI",,,Nuit avec éclairage allumé,En agglomération,Intersection en X,Normale,Deux véhicules - côté,,,,,,,,,,,5,2,2,1,3
201500051506,0015-11-10 22:35:00,15,11,10,22,35,750,107,AVENUE DE BRETEUIL,,,Nuit avec éclairage allumé,En agglomération,Intersection en T,Normale,Sans collision,,,,,,,,,,,5,2,3,1,7
201500051507,0015-11-12 13:55:00,15,11,12,13,55,750,107,"26, AVENUE DUQUESNE",,,Plein jour,En agglomération,Hors intersection,Temps couvert,Sans collision,,,,,,,,,,,1,2,1,8,7
201500051508,0015-11-12 15:20:00,15,11,12,15,20,750,107,QUAI BRANLY,,,Plein jour,En agglomération,Intersection à plus de 4 branches,Temps couvert,Sans collision,,,,,,,,,,,1,2,5,8,7
201500051509,0015-11-17 23:20:00,15,11,17,23,20,750,107,"/, AVENUE DE LA MOTTE PI",,,Nuit avec éclairage allumé,En agglomération,Intersection en X,Pluie légère,Deux véhicules - côté,,,,,,,,,,,5,2,2,2,3
201500051510,0015-11-17 00:52:00,15,11,17,0,52,750,107,"1, PLACE JOFFRE",,,Nuit avec éclairage allumé,En agglomération,Place,Pluie légère,Deux véhicules - côté,,,,,,,,,,,5,2,7,2,3
201500051511,0015-11-17 06:30:00,15,11,17,6,30,750,107,", BOULEVARD SAINT GERMAI",,,Nuit avec éclairage allumé,En agglomération,Intersection en X,Pluie légère,Deux véhicules - côté,,,,,,,,,,,5,2,2,2,3
201500051512,0015-11-19 12:00:00,15,11,19,12,0,750,107,"18, AVENUE DE VILLARS",,,Plein jour,En agglomération,Intersection en X,Pluie légère,Deux véhicules - arrière,,,,,,,,,,,1,2,2,2,2
201500051513,0015-11-21 19:05:00,15,11,21,19,5,750,107,"34, BOULEVARD DES INVALI",,,Nuit avec éclairage allumé,En agglomération,Intersection en X,Pluie légère,Autre collision,,,,,,,,,,,5,2,2,2,6
201500051514,0015-11-24 11:25:00,15,11,24,11,25,750,107,"1, QUAI BRANLY",,,Plein jour,En agglomération,Intersection en T,Pluie forte,Deux véhicules - arrière,,,,,,,,,,,1,2,3,3,2
201500051515,0015-11-24 10:43:00,15,11,24,10,43,750,107,"67, RUE DE LILLE",,,Plein jour,En agglomération,Hors intersection,Normale,Sans collision,,,,,,,,,,,1,2,1,1,7
201500051516,0015-11-24 18:00:00,15,11,24,18,0,750,107,"01, PLACE JOFFRE",,,Nuit avec éclairage allumé,En agglomération,Place,Pluie légère,Autre collision,,,,,,,,,,,5,2,7,2,6
201500051517,0015-11-30 11:50:00,15,11,30,11,50,750,107,"1 TER, AVENUE DE LOWENDA",,,Plein jour,En agglomération,Intersection en Y,Normale,Autre collision,,,,,,,,,,,1,2,4,1,6
201500051518,0015-12-02 15:55:00,15,12,2,15,55,750,107,PLACE LEON PAUL FARGUE,,,Plein jour,En agglomération,Place,Normale,Deux véhicules - côté,,,,,,,,,,,1,2,7,1,3
201500051519,0015-12-05 12:50:00,15,12,5,12,50,750,107,PONT D IENA,,,Plein jour,En agglomération,Intersection en X,Normale,Deux véhicules - côté,,,,,,,,,,,1,2,2,1,3
201500051520,0015-12-05 14:50:00,15,12,5,14,50,750,107,QUAI BRANLY,,,Plein jour,En agglomération,Intersection en Y,Normale,Autre collision,,,,,,,,,,,1,2,4,1,6
201500051521,0015-12-12 16:35:00,15,12,12,16,35,750,107,AVENUE DE SUFFREN,,,Plein jour,En agglomération,Place,Normale,Sans collision,,,,,,,,,,,1,2,7,1,7
201500051522,0015-12-21 18:55:00,15,12,21,18,55,750,107,"5, BOULEVARD RASPAIL",,,Nuit avec éclairage allumé,En agglomération,Intersection à plus de 4 branches,Pluie légère,Deux véhicules - côté,,,,,,,,,,,5,2,5,2,3
201500051523,0015-12-23 15:35:00,15,12,23,15,35,750,107,"177, BOULEVARD SAINT GER",,,Plein jour,En agglomération,Intersection en X,Normale,Deux véhicules - arrière,,,,,,,,,,,1,2,2,1,2
201500051524,0015-12-29 09:45:00,15,12,29,9,45,750,107,"1, AVENUE DE SUFFREN",,,Plein jour,En agglomération,Intersection à plus de 4 branches,Pluie légère,Sans collision,,,,,,,,,,,1,2,5,2,7
201500051525,0015-01-05 20:15:00,15,1,5,20,15,750,108,"135, AVENUE DES CHAMPS E",,,Nuit avec éclairage allumé,En agglomération,Place,Normale,Deux véhicules - côté,,,,,,,,,,,5,2,7,1,3
201500051526,0015-01-06 07:10:00,15,1,6,7,10,750,108,"2, PLACE DE LA CONCORDE",,,Crépuscule ou aube,En agglomération,Hors intersection,Temps couvert,Autre collision,,,,,,,,,,,2,2,1,8,6
201500051527,0015-01-07 20:10:00,15,1,7,20,10,750,108,"45, RUE PIERRE CHARRON",,,Nuit avec éclairage allumé,En agglomération,Intersection en T,Normale,Deux véhicules - côté,,,,,,,,,,,5,2,3,1,3
201500051528,0015-01-08 10:35:00,15,1,8,10,35,750,108,"101, AVENUE DES CHAMPS E",,,Plein jour,En agglomération,Intersection en T,Normale,Deux véhicules - arrière,,,,,,,,,,,1,2,3,1,2
201500051529,0015-01-09 07:45:00,15,1,9,7,45,750,116,"8, QUAI SAINT EXUPERY",,,Plein jour,En agglomération,Hors intersection,Pluie légère,Autre collision,,,,,,,,,,,1,2,1,2,6
201500051530,0015-01-11 09:15:00,15,1,11,9,15,750,108,"41, RUE DU COLISEE",,,Plein jour,En agglomération,Intersection en X,Normale,Autre collision,,,,,,,,,,,1,2,2,1,6
201500051531,0015-01-14 19:50:00,15,1,14,19,50,750,108,"27, AVENUE DE MESSINE",,,Nuit avec éclairage allumé,En agglomération,Place,Normale,Autre collision,,,,,,,,,,,5,2,7,1,6
201500051532,0015-01-15 13:15:00,15,1,15,13,15,750,108,"9, PLACE SAINT AUGUSTIN",,,Plein jour,En agglomération,Intersection en T,Pluie légère,Autre collision,,,,,,,,,,,1,2,3,2,6
201500051533,0015-01-15 17:50:00,15,1,15,17,50,750,108,AVENUE GEORGE V,,,Nuit avec éclairage allumé,En agglomération,Intersection en X,Pluie légère,Sans collision,,,,,,,,,,,5,2,2,2,7
201500051534,0015-01-15 19:40:00,15,1,15,19,40,750,108,AVENUE DES CHAMPS ELYSEE,,,Nuit avec éclairage allumé,En agglomération,Intersection en X,Normale,Deux véhicules - côté,,,,,,,,,,,5,2,2,1,3
201500051535,0015-01-16 19:15:00,15,1,16,19,15,750,108,SOUTERRAIN CONCORDE,,,Nuit avec éclairage allumé,En agglomération,Intersection en T,Pluie légère,Trois véhicules et plus - en chaîne,,,,,,,,,,,5,2,3,2,4
201500051536,0015-01-17 02:15:00,15,1,17,2,15,750,108,PONT DES INVALIDES,,,Nuit avec éclairage allumé,En agglomération,Hors intersection,Normale,Deux véhicules - arrière,,,,,,,,,,,5,2,1,1,2
201500051537,0015-01-17 12:10:00,15,1,17,12,10,750,108,COURS ALBERT 1ER,,,Plein jour,En agglomération,Intersection en X,Normale,Deux véhicules - côté,,,,,,,,,,,1,2,2,1,3
201500051538,0015-01-17 05:45:00,15,1,17,5,45,750,108,COURS LA REINE,,,Nuit avec éclairage allumé,En agglomération,Hors intersection,Normale,Deux véhicules - arrière,,,,,,,,,,,5,2,1,1,2
201500051539,0015-01-18 05:00:00,15,1,18,5,0,750,108,"79, RUE LA BOETIE",,,Nuit avec éclairage allumé,En agglomération,Intersection en T,Normale,Deux véhicules - côté,,,,,,,,,,,5,2,3,1,3
201500051540,0015-01-19 18:45:00,15,1,19,18,45,750,108,"4, RUE D AGUESSEAU",,,Nuit avec éclairage allumé,En agglomération,Hors intersection,Normale,Autre collision,,,,,,,,,,,5,2,1,1,6
201500051541,0015-01-19 21:10:00,15,1,19,21,10,750,108,PLACE DE LA CONCORDE,,,Nuit avec éclairage allumé,En agglomération,Place,Normale,Deux véhicules - côté,,,,,,,,,,,5,2,7,1,3
201500051542,0015-01-20 08:20:00,15,1,20,8,20,750,108,"17, BOULEVARD MALESHERBE",,,Plein jour,En agglomération,Intersection à plus de 4 branches,Normale,Sans collision,,,,,,,,,,,1,2,5,1,7
201500051543,0015-01-20 18:00:00,15,1,20,18,0,750,108,AVENUE DES CHAMPS ELYSEE,,,Nuit avec éclairage allumé,En agglomération,Place,Normale,Autre collision,,,,,,,,,,,5,2,7,1,6
201500051544,0015-01-20 19:05:00,15,1,20,19,5,750,108,"43, AVENUE DE FRIEDLAND",,,Nuit avec éclairage allumé,En agglomération,Intersection en X,Normale,Deux véhicules - côté,,,,,,,,,,,5,2,2,1,3
201500051545,0015-01-21 12:30:00,15,1,21,12,30,750,108,"88, BOULEVARD MALESHERBE",,,Plein jour,En agglomération,Intersection en T,Normale,Autre collision,,,,,,,,,,,1,2,3,1,6
201500051546,0015-01-22 23:40:00,15,1,22,23,40,750,108,"84, AVENUE DES CHAMPS EL",,,Nuit avec éclairage allumé,En agglomération,Intersection en T,Normale,Autre collision,,,,,,,,,,,5,2,3,1,6
201500051547,0015-01-23 03:00:00,15,1,23,3,0,750,108,"128, BOULEVARD HAUSSMANN",,,Nuit avec éclairage allumé,En agglomération,Hors intersection,Normale,Sans collision,,,,,,,,,,,5,2,1,1,7
201500051548,0015-01-23 12:50:00,15,1,23,12,50,750,108,"67, RUE D AMSTERDAM",,,Plein jour,En agglomération,Hors intersection,Normale,Autre collision,,,,,,,,,,,1,2,1,1,6
201500051549,0015-01-26 23:38:00,15,1,26,23,38,750,108,PLACE CHARLES DE GAULLE,,,Nuit avec éclairage allumé,En agglomération,Place,Normale,Deux véhicules - côté,,,,,,,,,,,5,2,7,1,3
201500051550,0015-01-27 09:20:00,15,1,27,9,20,750,108,PLACE DE LA CONCORDE,,,Plein jour,En agglomération,Place,Normale,Deux véhicules - côté,,,,,,,,,,,1,2,7,1,3
201500051551,0015-01-27 10:35:00,15,1,27,10,35,750,108,PLACE DE LA CONCORDE,,,Plein jour,En agglomération,Place,Normale,Deux véhicules - arrière,,,,,,,,,,,1,2,7,1,2
201500051552,0015-01-29 21:00:00,15,1,29,21,0,750,108,PLACE CHARLES DE GAULLE,,,Nuit avec éclairage allumé,En agglomération,Place,Normale,Autre collision,,,,,,,,,,,5,2,7,1,6
201500051553,0015-01-30 14:30:00,15,1,30,14,30,750,108,"44, AVENUE DES CHAMPS EL",,,Plein jour,En agglomération,Intersection en X,Pluie légère,Autre collision,,,,,,,,,,,1,2,2,2,6
201500051554,0015-01-31 00:55:00,15,1,31,0,55,750,108,PLACE DE LA CONCORDE,,,Nuit avec éclairage allumé,En agglomération,Hors intersection,Pluie légère,Autre collision,,,,,,,,,,,5,2,1,2,6
201500051555,0015-02-03 19:25:00,15,2,3,19,25,750,109,"2bis, BOULEVARD DE LA MA",,,Nuit avec éclairage allumé,En agglomération,Intersection en Y,Normale,Autre collision,,,,,,,,,,,5,2,4,1,6
201500051556,0015-02-04 15:30:00,15,2,4,15,30,750,108,AVENUE DES CHAMPS ELYSEE,,,Plein jour,En agglomération,Intersection en T,Normale,Deux véhicules - arrière,,,,,,,,,,,1,2,3,1,2
201500051557,0015-02-05 09:00:00,15,2,5,9,0,750,108,RUE D ARTOIS,,,Plein jour,En agglomération,Intersection en X,Normale,Deux véhicules - côté,,,,,,,,,,,1,2,2,1,3
201500051558,0015-02-05 12:40:00,15,2,5,12,40,750,108,"27, RUE D AMSTERDAM",,,Plein jour,En agglomération,Hors intersection,Normale,Autre collision,,,,,,,,,,,1,2,1,1,6
201500051559,0015-02-05 20:00:00,15,2,5,20,0,750,108,"33, RUE TRONCHET",,,Nuit avec éclairage allumé,En agglomération,Intersection à plus de 4 branches,Normale,Deux véhicules - côté,,,,,,,,,,,5,2,5,1,3
201500051560,0015-02-06 00:01:00,15,2,6,0,1,750,108,"26, AVENUE GABRIEL",,,Nuit avec éclairage allumé,En agglomération,Intersection en T,Normale,Sans collision,,,,,,,,,,,5,2,3,1,7
201500051561,0015-02-06 10:30:00,15,2,6,10,30,750,108,"2, AVENUE MONTAIGNE",,,Plein jour,En agglomération,Hors intersection,Normale,Autre collision,,,,,,,,,,,1,2,1,1,6
201500051562,0015-02-06 10:55:00,15,2,6,10,55,750,108,"85, BOULEVARD MALESHERBE",,,Plein jour,En agglomération,Intersection en X,Normale,Sans collision,,,,,,,,,,,1,2,2,1,7
201500051563,0015-02-07 16:55:00,15,2,7,16,55,750,108,"18, AVENUE FRANKLIN D RO",,,Plein jour,En agglomération,Intersection en X,Normale,Sans collision,,,,,,,,,,,1,2,2,1,7
201500051564,0015-02-08 02:41:00,15,2,8,2,41,750,108,COURS LA REINE,,,Nuit avec éclairage allumé,En agglomération,Hors intersection,Pluie légère,Autre collision,,,,,,,,,,,5,2,1,2,6
201500051565,0015-02-09 08:20:00,15,2,9,8,20,750,108,"04, RUE DE SAINT PETERSB",,,Plein jour,En agglomération,Intersection en T,Normale,Sans collision,,,,,,,,,,,1,2,3,1,7
201500051566,0015-02-09 17:20:00,15,2,9,17,20,750,108,"67, RUE DE ROME",,,Plein jour,En agglomération,Intersection en T,Normale,Autre collision,,,,,,,,,,,1,2,3,1,6
201500051567,0015-02-10 21:30:00,15,2,10,21,30,750,108,"7, PLACE DE L ALMA",,,Nuit avec éclairage allumé,En agglomération,Place,Normale,Autre collision,,,,,,,,,,,5,2,7,1,6