accident_id,datetime,annee,mois,jour,heure,minute,departement,commune_insee,adresse,latitude,longitude,luminosite,agglomeration,intersection,meteo,collision,nb_vehicules,nb_usagers,nb_indemnes,nb_tues,nb_blesses_hosp,nb_blesses_legers,age_cond_1,age_cond_2,veh_type_cond_1,veh_type_cond_2,lum_code,agg_code,int_code,atm_code,col_code
201500051968,0015-05-22 09:45:00,15,5,22,9,45,750,109,"4, PLACE DE L OPERA",48.87063,2.33244,Plein jour,En agglomération,Place,Normale,Deux véhicules - côté,,,,,,,,,,,1,2,7,1,3
201500051969,0015-05-26 03:00:00,15,5,26,3,0,750,109,RUE DU FAUBOURG MONTMART,,,Nuit avec éclairage allumé,En agglomération,Intersection à plus de 4 branches,Normale,Deux véhicules - côté,,,,,,,,,,,5,2,5,1,3
201500051970,0015-05-27 12:25:00,15,5,27,12,25,750,109,"66, RUE DE LA VICTOIRE",,,Plein jour,En agglomération,Hors intersection,Normale,Sans collision,,,,,,,,,,,1,2,1,1,7
201500051971,0015-05-27 19:45:00,15,5,27,19,45,750,109,"08, PLACE DE CLICHY",,,Plein jour,En agglomération,Hors intersection,Normale,Deux véhicules - côté,,,,,,,,,,,1,2,1,1,3
201500051972,0015-05-28 23:30:00,15,5,28,23,30,750,109,"53, RUE DE DUNKERQUE",,,Nuit avec éclairage allumé,En agglomération,Intersection en X,Normale,Deux véhicules - côté,,,,,,,,,,,5,2,2,1,3
201500051973,0015-05-29 17:45:00,15,5,29,17,45,750,109,"30, RUE DE MONTHOLON",,,Plein jour,En agglomération,Intersection à plus de 4 branches,Normale,Autre collision,,,,,,,,,,,1,2,5,1,6
201500051974,0015-05-31 01:06:00,15,5,31,1,6,750,109,"9, PLACE DE L OPERA",,,Nuit avec éclairage allumé,En agglomération,Place,Normale,Deux véhicules - côté,,,,,,,,,,,5,2,7,1,3
201500051975,0015-06-01 09:05:00,15,6,1,9,5,750,109,"41, RUE TAITBOUT",,,Plein jour,En agglomération,Intersection en X,Normale,Autre collision,,,,,,,,,,,1,2,2,1,6
201500051976,0015-06-01 17:50:00,15,6,1,17,50,750,109,"21, RUE DE CHATEAUDUN",,,Plein jour,En agglomération,Intersection en T,Normale,Deux véhicules - côté,,,,,,,,,,,1,2,3,1,3
201500051977,0015-06-13 14:30:00,15,6,13,14,30,750,109,"46, RUE DE LA CHAUSSEE",,,Plein jour,En agglomération,Hors intersection,Normale,Autre collision,,,,,,,,,,,1,2,1,1,6
201500051978,0015-06-25 09:00:00,15,6,25,9,0,750,109,"51, BOULEVARD HAUSSMANN",,,Plein jour,En agglomération,Intersection en X,Normale,Trois véhicules et plus - en chaîne,,,,,,,,,,,1,2,2,1,4
201500051979,0015-06-04 10:10:00,15,6,4,10,10,750,109,"48, BOULEVARD HAUSSMANN",,,Plein jour,En agglomération,Intersection en X,Normale,Deux véhicules - côté,,,,,,,,,,,1,2,2,1,3
201500051980,0015-06-05 21:40:00,15,6,5,21,40,750,109,"1, BOULEVARD DE LA MADEL",48.52117,2.19405,Plein jour,En agglomération,Intersection à plus de 4 branches,Normale,Autre collision,,,,,,,,,,,1,2,5,1,6
201500051981,0015-06-06 13:00:00,15,6,6,13,0,750,109,"06, RUE DU FAUBOURG MONT",,,Plein jour,En agglomération,Intersection en T,Normale,Deux véhicules - côté,,,,,,,,,,,1,2,3,1,3
201500051982,0015-06-08 14:10:00,15,6,8,14,10,750,102,"15, BOULEVARD MONTMARTRE",,,Plein jour,En agglomération,Intersection en T,Normale,Autre collision,,,,,,,,,,,1,2,3,1,6
201500051983,0015-06-12 09:45:00,15,6,12,9,45,750,109,"22, RUE DE MAUBEUGE",,,Plein jour,En agglomération,Hors intersection,Normale,Deux véhicules - arrière,,,,,,,,,,,1,2,1,1,2
201500051984,0015-06-12 14:00:00,15,6,12,14,0,750,109,"44, RUE DE LA CHAUSSEE D",,,Plein jour,En agglomération,Hors intersection,Normale,Autre collision,,,,,,,,,,,1,2,1,1,6
201500051985,0015-06-17 00:10:00,15,6,17,0,10,750,109,"24, RUE BERGERE",,,Nuit avec éclairage allumé,En agglomération,Hors intersection,Normale,Autre collision,,,,,,,,,,,5,2,1,1,6
201500051986,0015-06-17 14:35:00,15,6,17,14,35,750,103,"70, BOULEVARD DE SEBASTO",,,Plein jour,En agglomération,Intersection en X,Normale,Deux véhicules - côté,,,,,,,,,,,1,2,2,1,3
201500051987,0015-06-17 15:50:00,15,6,17,15,50,750,109,"92, RUE SAINT LAZARE",,,Plein jour,En agglomération,Intersection en T,Normale,Autre collision,,,,,,,,,,,1,2,3,1,6
201500051988,0015-06-20 20:55:00,15,6,20,20,55,750,109,"38, RUE CONDORCET",,,Plein jour,En agglomération,Hors intersection,Normale,Sans collision,,,,,,,,,,,1,2,1,1,7
201500051989,0015-06-21 20:25:00,15,6,21,20,25,750,109,"42, RUE LE PELETIER",,,Plein jour,En agglomération,Hors intersection,Normale,Deux véhicules - côté,,,,,,,,,,,1,2,1,1,3
201500051990,0015-06-24 12:00:00,15,6,24,12,0,750,109,"75 BIS, BOULEVARD DE CLI",,,Plein jour,En agglomération,Hors intersection,Normale,Deux véhicules - côté,,,,,,,,,,,1,2,1,1,3
201500051991,0015-06-26 08:45:00,15,6,26,8,45,750,109,"70, BOULEVARD HAUSSMANN",,,Plein jour,En agglomération,Intersection à plus de 4 branches,Normale,Deux véhicules - côté,,,,,,,,,,,1,2,5,1,3
201500051992,0015-06-29 09:20:00,15,6,29,9,20,750,109,"60, RUE DE LA CHAUSSEE D",,,Plein jour,En agglomération,Intersection en X,Normale,Autre collision,,,,,,,,,,,1,2,2,1,6
201500051993,0015-06-29 20:30:00,15,6,29,20,30,750,109,"14, BOULEVARD MONTMARTRE",,,Plein jour,En agglomération,Intersection en X,Normale,Deux véhicules - côté,,,,,,,,,,,1,2,2,1,3
201500051994,0015-06-30 06:50:00,15,6,30,6,50,750,101,"5, RUE DE CASTIGLIONE",,,Plein jour,En agglomération,Intersection en X,Normale,Deux véhicules - côté,,,,,,,,,,,1,2,2,1,3
201500051995,0015-07-01 20:30:00,15,7,1,20,30,750,109,"30, BOULEVARD DES CAPUCI",,,Plein jour,En agglomération,Intersection à plus de 4 branches,Normale,Deux véhicules - côté,,,,,,,,,,,1,2,5,1,3
201500051996,0015-07-04 11:30:00,15,7,4,11,30,750,109,"101, RUE SAINT LAZARE",,,Plein jour,En agglomération,Intersection en T,Temps couvert,Autre collision,,,,,,,,,,,1,2,3,8,6
201500051997,0015-07-06 18:20:00,15,7,6,18,20,750,109,"75 BIS, BOULEVARD DE CLI",,,Plein jour,En agglomération,Intersection en T,Normale,Deux véhicules - côté,,,,,,,,,,,1,2,3,1,3
201500051998,0015-07-08 14:25:00,15,7,8,14,25,750,109,"20, BOULEVARD MONTMARTRE",,,Plein jour,En agglomération,Intersection à plus de 4 branches,Normale,Deux véhicules - côté,,,,,,,,,,,1,2,5,1,3
201500051999,0015-07-10 19:50:00,15,7,10,19,50,750,109,"3, RUE DE CHATEAUDUN",,,Crépuscule ou aube,En agglomération,Intersection en Y,Normale,Sans collision,,,,,,,,,,,2,2,4,1,7
201500052000,0015-07-14 12:30:00,15,7,14,12,30,750,109,"04, BOULEVARD HAUSSMANN",,,Plein jour,En agglomération,Intersection en T,Normale,Deux véhicules - côté,,,,,,,,,,,1,2,3,1,3
201500052001,0015-07-17 17:10:00,15,7,17,17,10,750,109,"32 bis, BOULEVARD HAUSSM",,,Plein jour,En agglomération,Hors intersection,Normale,Deux véhicules - côté,,,,,,,,,,,1,2,1,1,3
201500052002,0015-07-21 17:10:00,15,7,21,17,10,750,109,"16, RUE LA FAYETTE",,,Plein jour,En agglomération,Intersection en X,Normale,Deux véhicules - côté,,,,,,,,,,,1,2,2,1,3
201500052003,0015-07-23 19:30:00,15,7,23,19,30,750,109,"20, BOULEVARD DES CAPUCI",,,Plein jour,En agglomération,Hors intersection,Normale,Deux véhicules - côté,,,,,,,,,,,1,2,1,1,3
201500052004,0015-07-27 00:35:00,15,7,27,0,35,750,109,"8, PLACE DE L OPERA",,,Nuit avec éclairage allumé,En agglomération,Hors intersection,Temps couvert,Sans collision,,,,,,,,,,,5,2,1,8,7
201500052005,0015-07-28 17:00:00,15,7,28,17,0,750,109,"47, BOULEVARD HAUSSMANN",,,Plein jour,En agglomération,Hors intersection,Normale,Autre collision,,,,,,,,,,,1,2,1,1,6
201500052006,0015-08-08 03:40:00,15,8,8,3,40,750,101,"2, QUAI DU LOUVRE",,,Nuit avec éclairage allumé,En agglomération,Intersection à plus de 4 branches,Normale,Deux véhicules - arrière,,,,,,,,,,,5,2,5,1,2
201500052007,0015-08-18 17:25:00,15,8,18,17,25,750,109,"67, RUE LA FAYETTE",,,Plein jour,En agglomération,Intersection en T,Normale,Autre collision,,,,,,,,,,,1,2,3,1,6
201500052008,0015-08-24 06:15:00,15,8,24,6,15,750,102,"12, RUE DE LA PAIX",,,Nuit avec éclairage allumé,En agglomération,Hors intersection,Pluie légère,Autre collision,,,,,,,,,,,5,2,1,2,6
201500052009,0015-08-28 17:55:00,15,8,28,17,55,750,109,"20, BOULEVARD DES ITALIE",,,Plein jour,En agglomération,Intersection en T,Normale,Deux véhicules - côté,,,,,,,,,,,1,2,3,1,3
201500052010,0015-08-29 14:00:00,15,8,29,14,0,750,109,"19, RUE AUBER",,,Plein jour,En agglomération,Intersection à plus de 4 branches,Normale,Autre collision,,,,,,,,,,,1,2,5,1,6
201500052011,0015-09-01 18:15:00,15,9,1,18,15,750,109,"1, RUE DU FAUBOURG POISS",,,Plein jour,En agglomération,Intersection en X,Normale,Autre collision,,,,,,,,,,,1,2,2,1,6
201500052012,0015-09-03 07:45:00,15,9,3,7,45,750,109,"31, RUE DE LA CHAUSSEE D",,,Crépuscule ou aube,En agglomération,Intersection en X,Normale,Autre collision,,,,,,,,,,,2,2,2,1,6
201500052013,0015-09-03 18:00:00,15,9,3,18,0,750,109,"/, PLACE DE L OPERA",,,Plein jour,En agglomération,Place,Normale,Deux véhicules - arrière,,,,,,,,,,,1,2,7,1,2
201500052014,0015-09-08 12:44:00,15,9,8,12,44,750,109,"30, RUE DE MONTHOLON",,,Plein jour,En agglomération,Hors intersection,Normale,Autre collision,,,,,,,,,,,1,2,1,1,6
201500052015,0015-09-08 16:35:00,15,9,8,16,35,750,109,RUE TAITBOUT,,,Plein jour,En agglomération,Hors intersection,Temps couvert,Deux véhicules - côté,,,,,,,,,,,1,2,1,8,3
201500052016,0015-09-09 08:40:00,15,9,9,8,40,750,109,"56, RUE TAITBOUT",,,Plein jour,En agglomération,Intersection en X,Normale,Autre collision,,,,,,,,,,,1,2,2,1,6
201500052017,0015-09-09 22:45:00,15,9,9,22,45,750,109,"18, RUE LA FAYETTE",,,Nuit avec éclairage allumé,En agglomération,Intersection en X,Normale,Deux véhicules - côté,,,,,,,,,,,5,2,2,1,3
201500052018,0015-09-10 17:33:00,15,9,10,17,33,750,109,", RUE AUBER",,,Plein jour,En agglomération,Intersection à plus de 4 branches,Normale,Deux véhicules - côté,,,,,,,,,,,1,2,5,1,3
201500052019,0015-09-12 11:30:00,15,9,12,11,30,750,109,"1, RUE AUBER",,,Plein jour,En agglomération,Place,Pluie légère,Sans collision,,,,,,,,,,,1,2,7,2,7
201500052020,0015-09-14 11:15:00,15,9,14,11,15,750,109,"35, RUE LAMARTINE",,,Plein jour,En agglomération,Intersection en T,Normale,Sans collision,,,,,,,,,,,1,2,3,1,7
201500052021,0015-09-15 23:40:00,15,9,15,23,40,750,109,RUE DE ROCHECHOUART,,,Nuit avec éclairage allumé,En agglomération,Intersection en T,Normale,Autre collision,,,,,,,,,,,5,2,3,1,6
201500052022,0015-09-16 14:00:00,15,9,16,14,0,750,109,"14, RUE VICTOR MASSE",,,Plein jour,En agglomération,Hors intersection,Pluie forte,Autre collision,,,,,,,,,,,1,2,1,3,6
201500052023,0015-09-16 17:08:00,15,9,16,17,8,750,109,"80, RUE TAITBOUT",,,Plein jour,En agglomération,Intersection en T,Temps couvert,Autre collision,,,,,,,,,,,1,2,3,8,6
201500052024,0015-09-23 05:45:00,15,9,23,5,45,750,109,RUE LA FAYETTE,,,Nuit avec éclairage allumé,En agglomération,Intersection en T,Normale,Deux véhicules - arrière,,,,,,,,,,,5,2,3,1,2
201500052025,0015-09-23 16:00:00,15,9,23,16,0,750,109,"14, BOULEVARD HAUSSMANN",,,Plein jour,En agglomération,Intersection en X,Normale,Deux véhicules - côté,,,,,,,,,,,1,2,2,1,3
201500052026,0015-09-25 01:45:00,15,9,25,1,45,750,109,"54, BOULEVARD HAUSSMANN",,,Nuit avec éclairage allumé,En agglomération,Intersection en T,Normale,Autre collision,,,,,,,,,,,5,2,3,1,6
201500052027,0015-09-25 19:48:00,15,9,25,19,48,750,104,"01, RUE SAINT ANTOINE",,,Nuit avec éclairage allumé,En agglomération,Hors intersection,Normale,Autre collision,,,,,,,,,,,5,2,1,1,6
201500052028,0015-09-29 12:50:00,15,9,29,12,50,750,109,"7, BOULEVARD HAUSSMANN",,,Plein jour,En agglomération,Intersection en X,Normale,Autre collision,,,,,,,,,,,1,2,2,1,6
201500052029,0015-09-29 15:35:00,15,9,29,15,35,750,109,"53, AVENUE TRUDAINE",,,Plein jour,En agglomération,Intersection en X,Normale,Autre collision,,,,,,,,,,,1,2,2,1,6
201500052030,0015-10-02 22:15:00,15,10,2,22,15,750,109,"66, RUE LA FAYETTE",,,Nuit avec éclairage allumé,En agglomération,Intersection en X,Normale,Autre collision,,,,,,,,,,,5,2,2,1,6
201500052031,0015-10-03 18:37:00,15,10,3,18,37,750,109,"36, RUE BALLU",,,Crépuscule ou aube,En agglomération,Intersection en X,Normale,Deux véhicules - côté,,,,,,,,,,,2,2,2,1,3
201500052032,0015-10-04 00:55:00,15,10,4,0,55,750,104,BOULEVARD HENRI IV,,,Nuit avec éclairage allumé,En agglomération,Intersection en X,Normale,Deux véhicules - côté,,,,,,,,,,,5,2,2,1,3
201500052033,0015-10-02 10:00:00,15,10,2,10,0,750,109,"23, RUE CADET",,,Plein jour,En agglomération,Intersection en X,Normale,Autre collision,,,,,,,,,,,1,2,2,1,6
201500052034,0015-10-08 13:45:00,15,10,8,13,45,750,109,"8, PLACE DE CLICHY",,,Plein jour,En agglomération,Hors intersection,Normale,Autre collision,,,,,,,,,,,1,2,1,1,6
201500052035,0015-10-09 12:27:00,15,10,9,12,27,750,109,"42, RUE DE LA CHAUSSEE D",,,Plein jour,En agglomération,Intersection à plus de 4 branches,Normale,Autre collision,,,,,,,,,,,1,2,5,1,6
201500052036,0015-09-30 14:50:00,15,9,30,14,50,750,109,PLACE DE L OPERA,,,Plein jour,En agglomération,Place,Normale,Deux véhicules - côté,,,,,,,,,,,1,2,7,1,3
201500052037,0015-10-12 07:30:00,15,10,12,7,30,750,109,"43, BOULEVARD HAUSSMANN",,,Plein jour,En agglomération,Hors intersection,Normale,Deux véhicules - arrière,,,,,,,,,,,1,2,1,1,2
201500052038,0015-10-13 18:40:00,15,10,13,18,40,750,109,"64, RUE LAMARTINE",,,Crépuscule ou aube,En agglomération,Intersection à plus de 4 branches,Normale,Autre collision,,,,,,,,,,,2,2,5,1,6
201500052039,0015-10-14 19:45:00,15,10,14,19,45,750,109,"1, RUE AUBER",,,Crépuscule ou aube,En agglomération,Place,Pluie forte,Sans collision,,,,,,,,,,,2,2,7,3,7
201500052040,0015-10-16 18:30:00,15,10,16,18,30,750,109,"2, RUE GLUCK",,,Crépuscule ou aube,En agglomération,Place,Normale,Deux véhicules - côté,,,,,,,,,,,2,2,7,1,3
201500052041,0015-10-16 21:45:00,15,10,16,21,45,750,109,"84, RUE DE CLICHY",,,Nuit avec éclairage allumé,En agglomération,Hors intersection,Pluie légère,Deux véhicules - arrière,,,,,,,,,,,5,2,1,2,2
201500052042,0015-10-17 07:15:00,15,10,17,7,15,750,109,"21, RUE DE DOUAI",,,Nuit avec éclairage allumé,En agglomération,Intersection à plus de 4 branches,Pluie légère,Deux véhicules - côté,,,,,,,,,,,5,2,5,2,3
201500052043,0015-10-17 17:15:00,15,10,17,17,15,750,109,"08, RUE DE TREVISE",,,Plein jour,En agglomération,Intersection en X,Pluie légère,Autre collision,,,,,,,,,,,1,2,2,2,6
201500052044,0015-10-20 07:25:00,15,10,20,7,25,750,109,"65, RUE LA FAYETTE",,,Nuit avec éclairage allumé,En agglomération,Intersection en T,Temps couvert,Deux véhicules - côté,,,,,,,,,,,5,2,3,8,3
201500052045,0015-10-26 20:20:00,15,10,26,20,20,750,109,"31, RUE NOTRE DAME DE LO",,,Nuit avec éclairage allumé,En agglomération,Intersection en Y,Normale,Autre collision,,,,,,,,,,,5,2,4,1,6
201500052046,0015-10-30 17:20:00,15,10,30,17,20,750,109,RUE DU FAUBOURG MONTMART,,,Plein jour,En agglomération,Intersection en X,Normale,Deux véhicules - arrière,,,,,,,,,,,1,2,2,1,2
201500052047,0015-11-03 16:11:00,15,11,3,16,11,750,109,"35, RUE NOTRE DAME DE LO",,,Plein jour,En agglomération,Intersection en Y,Normale,Autre collision,,,,,,,,,,,1,2,4,1,6
201500052048,0015-11-03 22:30:00,15,11,3,22,30,750,109,"30, RUE NOTRE DAME DE LO",,,Nuit avec éclairage allumé,En agglomération,Intersection en T,Pluie légère,Sans collision,,,,,,,,,,,5,2,3,2,7
201500052049,0015-11-06 20:35:00,15,11,6,20,35,750,109,RUE DU HAVRE,,,Nuit avec éclairage allumé,En agglomération,Hors intersection,Pluie légère,Deux véhicules - arrière,,,,,,,,,,,5,2,1,2,2
201500052050,0015-11-09 09:50:00,15,11,9,9,50,750,109,"7, RUE DU FAUBOURG POISS",,,Plein jour,En agglomération,Hors intersection,Normale,Autre collision,,,,,,,,,,,1,2,1,1,6
201500052051,0015-11-09 17:10:00,15,11,9,17,10,750,109,"90, RUE SAINT LAZARE",,,Crépuscule ou aube,En agglomération,Intersection en T,Normale,Autre collision,,,,,,,,,,,2,2,3,1,6
201500052052,0015-11-09 19:50:00,15,11,9,19,50,750,109,"57, BOULEVARD DE CLICHY",,,Nuit avec éclairage allumé,En agglomération,Place,Normale,Deux véhicules - arrière,,,,,,,,,,,5,2,7,1,2
201500052053,0015-11-12 09:45:00,15,11,12,9,45,750,109,"14, BOULEVARD HAUSSMANN",,,Plein jour,En agglomération,Intersection en X,Normale,Deux véhicules - côté,,,,,,,,,,,1,2,2,1,3
201500052054,0015-11-17 14:15:00,15,11,17,14,15,750,109,RUE D AMSTERDAM,,,Plein jour,En agglomération,Intersection en T,Normale,Autre collision,,,,,,,,,,,1,2,3,1,6
201500052055,0015-11-17 17:00:00,15,11,17,17,0,750,102,"17, BOULEVARD POISSONNIE",,,Crépuscule ou aube,En agglomération,Hors intersection,Pluie légère,Deux véhicules - côté,,,,,,,,,,,2,2,1,2,3
201500052056,0015-11-18 09:05:00,15,11,18,9,5,750,109,"21, RUE DE NAVARIN",,,Plein jour,En agglomération,Intersection en T,Normale,Deux véhicules - côté,,,,,,,,,,,1,2,3,1,3
201500052057,0015-11-20 14:30:00,15,11,20,14,30,750,109,RUE NOTRE DAME DE LORETT,,,Plein jour,En agglomération,Intersection en Y,Pluie forte,Autre collision,,,,,,,,,,,1,2,4,3,6
201500052058,0015-11-22 18:30:00,15,11,22,18,30,750,109,"45, BOULEVARD HAUSSMANN",,,Nuit avec éclairage allumé,En agglomération,Intersection en T,Normale,Deux véhicules - arrière,,,,,,,,,,,5,2,3,1,2
201500052059,0015-11-24 18:50:00,15,11,24,18,50,750,109,"59, RUE DE CHATEAUDUN",,,Nuit avec éclairage allumé,En agglomération,Place,Pluie légère,Autre collision,,,,,,,,,,,5,2,7,2,6
201500052060,0015-11-26 08:49:00,15,11,26,8,49,750,103,"1, BOULEVARD SAINT DENIS",,,Plein jour,En agglomération,Intersection en X,Normale,Deux véhicules - côté,,,,,,,,,,,1,2,2,1,3
201500052061,0015-11-27 00:20:00,15,11,27,0,20,750,109,"58, RUE DE ROCHECHOUART",,,Nuit avec éclairage allumé,En agglomération,Hors intersection,Normale,Autre collision,,,,,,,,,,,5,2,1,1,6
201500052062,0015-11-27 09:15:00,15,11,27,9,15,750,109,"20, BOULEVARD POISSONNIE",,,Plein jour,En agglomération,Intersection en T,Normale,Autre collision,,,,,,,,,,,1,2,3,1,6
201500052063,0015-11-27 15:55:00,15,11,27,15,55,750,109,"48, RUE DU FAUBOURG MONT",,,Plein jour,En agglomération,Intersection à plus de 4 branches,Normale,Deux véhicules - côté,,,,,,,,,,,1,2,5,1,3
201500052064,0015-11-30 08:30:00,15,11,30,8,30,750,109,"44, RUE BLANCHE",,,Plein jour,En agglomération,Intersection en X,Normale,Autre collision,,,,,,,,,,,1,2,2,1,6
201500052065,0015-12-01 14:20:00,15,12,1,14,20,750,109,"41, BOULEVARD DE CLICHY",,,Plein jour,En agglomération,Intersection en T,Normale,Autre collision,,,,,,,,,,,1,2,3,1,6
201500052066,0015-12-01 16:15:00,15,12,1,16,15,750,109,"2, RUE D AMSTERDAM",,,Plein jour,En agglomération,Intersection en T,Normale,Deux véhicules - côté,,,,,,,,,,,1,2,3,1,3
201500052067,0015-12-01 18:05:00,15,12,1,18,5,750,109,"10, BOULEVARD HAUSSMANN",,,Nuit avec éclairage allumé,En agglomération,Intersection en X,Normale,Deux véhicules - côté,,,,,,,,,,,5,2,2,1,3
201500052068,0015-12-01 22:40:00,15,12,1,22,40,750,109,"53, RUE DE CHATEAUDUN",,,Nuit avec éclairage allumé,En agglomération,Hors intersection,Normale,Autre collision,,,,,,,,,,,5,2,1,1,6
201500052069,0015-12-03 12:15:00,15,12,3,12,15,750,109,RUE DE CHATEAUDUN,,,Plein jour,En agglomération,Intersection en X,Normale,Deux véhicules - côté,,,,,,,,,,,1,2,2,1,3
201500052070,0015-12-03 22:45:00,15,12,3,22,45,750,109,"52, RUE LA FAYETTE",,,Nuit avec éclairage allumé,En agglomération,Intersection en X,Normale,Deux véhicules - côté,,,,,,,,,,,5,2,2,1,3
201500052071,0015-12-08 23:50:00,15,12,8,23,50,750,109,RUE HALEVY,,,Nuit avec éclairage allumé,En agglomération,Place,Temps couvert,Deux véhicules - côté,,,,,,,,,,,5,2,7,8,3
201500052072,0015-12-09 09:00:00,15,12,9,9,0,750,109,"2, BOULEVARD HAUSSMANN",,,Plein jour,En agglomération,Intersection à plus de 4 branches,Normale,Deux véhicules - arrière,,,,,,,,,,,1,2,5,1,2
201500052073,0015-12-11 01:50:00,15,12,11,1,50,750,109,"101, RUE SAINT LAZARE",,,Nuit avec éclairage allumé,En agglomération,Hors intersection,Temps couvert,Autre collision,,,,,,,,,,,5,2,1,8,6
201500052074,0015-12-14 15:05:00,15,12,14,15,5,750,109,"11, RUE DE CHATEAUDUN",,,Plein jour,En agglomération,Intersection en X,Normale,Deux véhicules - côté,,,,,,,,,,,1,2,2,1,3
201500052075,0015-12-15 11:55:00,15,12,15,11,55,750,109,"56, RUE DE CLICHY",,,Plein jour,En agglomération,Intersection en X,Pluie légère,Deux véhicules - arrière,,,,,,,,,,,1,2,2,2,2
201500052076,0015-12-16 09:00:00,15,12,16,9,0,750,108,"15, RUE D AMSTERDAM",,,Plein jour,En agglomération,Hors intersection,Normale,Sans collision,,,,,,,,,,,1,2,1,1,7
201500052077,0015-12-19 11:09:00,15,12,19,11,9,750,109,"17, AVENUE TRUDAINE",,,Plein jour,En agglomération,Intersection en T,Normale,Autre collision,,,,,,,,,,,1,2,3,1,6
201500052078,0015-12-23 11:54:00,15,12,23,11,54,750,109,RUE BALLU,,,Plein jour,En agglomération,Intersection en X,Normale,Deux véhicules - côté,,,,,,,,,,,1,2,2,1,3
201500052079,0015-12-26 18:20:00,15,12,26,18,20,750,102,"12, BOULEVARD POISSONNIE",,,Nuit avec éclairage allumé,En agglomération,Hors intersection,Normale,Deux véhicules - côté,,,,,,,,,,,5,2,1,1,3
201500052080,0015-12-30 18:35:00,15,12,30,18,35,750,102,"13, RUE POISSONNIERE",,,Nuit avec éclairage allumé,En agglomération,Intersection en T,Normale,Autre collision,,,,,,,,,,,5,2,3,1,6
201500052081,0015-01-03 14:00:00,15,1,3,14,0,750,110,"92, BOULEVARD DE MAGENTA",,,Plein jour,En agglomération,Intersection en X,Pluie légère,Deux véhicules - côté,,,,,,,,,,,1,2,2,2,3
201500052082,0015-01-04 05:25:00,15,1,4,5,25,750,110,"16, PLACE DE LA REPUBLIQ",,,Nuit avec éclairage allumé,En agglomération,Place,Normale,Autre collision,,,,,,,,,,,5,2,7,1,6
201500052083,0015-01-07 15:00:00,15,1,7,15,0,750,110,"48, RUE D HAUTEVILLE",,,Plein jour,En agglomération,Hors intersection,Normale,Sans collision,,,,,,,,,,,1,2,1,1,7
201500052084,0015-01-08 15:40:00,15,1,8,15,40,750,110,"0, BOULEVARD DE MAGENTA",,,Plein jour,En agglomération,Hors intersection,Normale,Sans collision,,,,,,,,,,,1,2,1,1,7
201500052085,0015-01-12 16:30:00,15,1,12,16,30,750,110,"9, RUE DES PETITS HOTELS",,,Plein jour,En agglomération,Hors intersection,Temps couvert,Autre collision,,,,,,,,,,,1,2,1,8,6
201500052086,0015-01-15 16:05:00,15,1,15,16,5,750,110,"54, RUE DU FAUBOURG SAIN",,,Plein jour,En agglomération,Hors intersection,Normale,Autre collision,,,,,,,,,,,1,2,1,1,6
201500052087,0015-01-16 19:50:00,15,1,16,19,50,750,110,"70, QUAI DE JEMMAPES",,,Nuit avec éclairage allumé,En agglomération,Hors intersection,Pluie légère,Sans collision,,,,,,,,,,,5,2,1,2,7
201500052088,0015-01-18 21:40:00,15,1,18,21,40,750,110,"1, BOULEVARD DE STRASBOU",,,Nuit avec éclairage allumé,En agglomération,Hors intersection,Normale,Deux véhicules - côté,,,,,,,,,,,5,2,1,1,3
201500052089,0015-01-17 13:50:00,15,1,17,13,50,750,110,"60, RUE DU CHATEAU LANDO",,,Plein jour,En agglomération,Intersection en X,Temps couvert,Sans collision,,,,,,,,,,,1,2,2,8,7
201500052090,0015-01-19 18:20:00,15,1,19,18,20,750,110,"148, RUE DU FAUBOURG SAI",,,Nuit avec éclairage allumé,En agglomération,Hors intersection,Normale,Sans collision,,,,,,,,,,,5,2,1,1,7
201500052091,0015-01-20 16:45:00,15,1,20,16,45,750,110,"135, BOULEVARD DE LA VIL",,,Crépuscule ou aube,En agglomération,Hors intersection,Temps couvert,Autre collision,,,,,,,,,,,2,2,1,8,6
201500052092,0015-01-23 16:15:00,15,1,23,16,15,750,110,"125, BOULEVARD DE MAGENT",,,Plein jour,En agglomération,Intersection à plus de 4 branches,Normale,Deux véhicules - frontale,,,,,,,,,,,1,2,5,1,1
201500052093,0015-01-24 14:50:00,15,1,24,14,50,750,110,"43, QUAI DE VALMY",,,Plein jour,En agglomération,Intersection en T,Normale,Autre collision,,,,,,,,,,,1,2,3,1,6
201500052094,0015-01-26 00:30:00,15,1,26,0,30,750,110,"50, BOULEVARD DE MAGENTA",,,Nuit avec éclairage allumé,En agglomération,Hors intersection,Normale,Deux véhicules - côté,,,,,,,,,,,5,2,1,1,3
201500052095,0015-01-27 10:15:00,15,1,27,10,15,750,110,"09, BOULEVARD DE LA VILL",,,Plein jour,En agglomération,Hors intersection,Normale,Autre collision,,,,,,,,,,,1,2,1,1,6
201500052096,0015-01-27 12:00:00,15,1,27,12,0,750,110,"08, RUE YVES TOUDIC",,,Plein jour,En agglomération,Hors intersection,Normale,Autre collision,,,,,,,,,,,1,2,1,1,6
201500052097,0015-01-30 07:10:00,15,1,30,7,10,750,110,"153, RUE LA FAYETTE",,,Plein jour,En agglomération,Intersection en X,Pluie légère,Deux véhicules - frontale,,,,,,,,,,,1,2,2,2,1
201500052098,0015-02-03 21:50:00,15,2,3,21,50,750,110,"20, RUE DE DUNKERQUE",,,Nuit avec éclairage allumé,En agglomération,Intersection à plus de 4 branches,Normale,Autre collision,,,,,,,,,,,5,2,5,1,6