accident_id,datetime,annee,mois,jour,heure,minute,departement,commune_insee,adresse,latitude,longitude,luminosite,agglomeration,intersection,meteo,collision,nb_vehicules,nb_usagers,nb_indemnes,nb_tues,nb_blesses_hosp,nb_blesses_legers,age_cond_1,age_cond_2,veh_type_cond_1,veh_type_cond_2,lum_code,agg_code,int_code,atm_code,col_code
201500052229,0015-09-18 22:40:00,15,9,18,22,40,750,110,"149, AVENUE PARMENTIER",,,Nuit avec éclairage allumé,En agglomération,Intersection en X,Pluie légère,Autre collision,,,,,,,,,,,5,2,2,2,6
201500052230,0015-09-21 15:45:00,15,9,21,15,45,750,110,"25, RUE DE LA GRANGE AUX",,,Plein jour,En agglomération,Hors intersection,Normale,Deux véhicules - côté,,,,,,,,,,,1,2,1,1,3
201500052231,0015-09-24 01:40:00,15,9,24,1,40,750,110,"31, BOULEVARD DE MAGENTA",,,Nuit avec éclairage allumé,En agglomération,Intersection à plus de 4 branches,Normale,Deux véhicules - côté,,,,,,,,,,,5,2,5,1,3
201500052232,0015-09-24 22:30:00,15,9,24,22,30,750,110,"94, BOULEVARD DE MAGENTA",,,Nuit avec éclairage allumé,En agglomération,Intersection en X,Pluie légère,Autre collision,,,,,,,,,,,5,2,2,2,6
201500052233,0015-09-25 21:10:00,15,9,25,21,10,750,110,"55, BOULEVARD DE STRASBO",,,Nuit avec éclairage allumé,En agglomération,Hors intersection,Normale,Deux véhicules - côté,,,,,,,,,,,5,2,1,1,3
201500052234,0015-09-26 20:45:00,15,9,26,20,45,750,110,"147, RUE DU FAUBOURG SAI",,,Nuit avec éclairage allumé,En agglomération,Hors intersection,Normale,Deux véhicules - arrière,,,,,,,,,,,5,2,1,1,2
201500052235,0015-09-28 01:50:00,15,9,28,1,50,750,110,BOULEVARD DE MAGENTA,,,Nuit avec éclairage allumé,En agglomération,Hors intersection,Normale,Autre collision,,,,,,,,,,,5,2,1,1,6
201500052236,0015-09-28 09:10:00,15,9,28,9,10,750,110,"57, RUE DE LANCRY",,,Plein jour,En agglomération,Hors intersection,Normale,Autre collision,,,,,,,,,,,1,2,1,1,6
201500052237,0015-09-29 17:50:00,15,9,29,17,50,750,119,"44, BOULEVARD DE LA VILL",48.52257,2.22302,Plein jour,En agglomération,Intersection en X,Normale,Deux véhicules - côté,,,,,,,,,,,1,2,2,1,3
201500052238,0015-09-29 22:10:00,15,9,29,22,10,750,110,"72, BOULEVARD DE STRASBO",,,Nuit avec éclairage allumé,En agglomération,Intersection à plus de 4 branches,Normale,Deux véhicules - côté,,,,,,,,,,,5,2,5,1,3
201500052239,0015-10-03 05:45:00,15,10,3,5,45,750,110,"96, BOULEVARD DE MAGENTA",,,Nuit avec éclairage allumé,En agglomération,Intersection en Y,Normale,Autre collision,,,,,,,,,,,5,2,4,1,6
201500052240,0015-10-03 16:30:00,15,10,3,16,30,750,110,"15, RUE EUGENE VARLIN",,,Plein jour,En agglomération,Intersection en Y,Normale,Autre collision,,,,,,,,,,,1,2,4,1,6
201500052241,0015-10-06 11:20:00,15,10,6,11,20,750,110,"85, BOULEVARD DE MAGENTA",,,Plein jour,En agglomération,Hors intersection,Pluie légère,Deux véhicules - arrière,,,,,,,,,,,1,2,1,2,2
201500052242,0015-10-06 16:55:00,15,10,6,16,55,750,110,BOULEVARD DE MAGENTA,,,Plein jour,En agglomération,Hors intersection,Pluie légère,Autre collision,,,,,,,,,,,1,2,1,2,6
201500052243,0015-10-09 15:30:00,15,10,9,15,30,750,110,"19, BOULEVARD DE MAGENTA",,,Plein jour,En agglomération,Place,Normale,Deux véhicules - côté,,,,,,,,,,,1,2,7,1,3
201500052244,0015-10-09 18:45:00,15,10,9,18,45,750,110,"187, RUE DU FAUBOURG SAI",,,Crépuscule ou aube,En agglomération,Intersection en Y,Normale,Deux véhicules - côté,,,,,,,,,,,2,2,4,1,3
201500052245,0015-10-11 19:20:00,15,10,11,19,20,750,110,"2, RUE DES RECOLLETS",,,Plein jour,En agglomération,Intersection en X,Normale,Deux véhicules - côté,,,,,,,,,,,1,2,2,1,3
201500052246,0015-10-20 21:30:00,15,10,20,21,30,750,110,"02, BOULEVARD DE DENAIN",,,Nuit avec éclairage allumé,En agglomération,Intersection à plus de 4 branches,Normale,Deux véhicules - côté,,,,,,,,,,,5,2,5,1,3
201500052247,0015-10-21 15:45:00,15,10,21,15,45,750,110,"48, RUE DU CHATEAU LANDO",,,Plein jour,En agglomération,Hors intersection,Normale,Autre collision,,,,,,,,,,,1,2,1,1,6
201500052248,0015-10-21 14:00:00,15,10,21,14,0,750,110,BOULEVARD SAINT DENIS,,,Plein jour,En agglomération,Intersection en X,Normale,Deux véhicules - côté,,,,,,,,,,,1,2,2,1,3
201500052249,0015-10-23 18:30:00,15,10,23,18,30,750,110,"75, BOULEVARD DE MAGENTA",,,Crépuscule ou aube,En agglomération,Hors intersection,Normale,Autre collision,,,,,,,,,,,2,2,1,1,6
201500052250,0015-10-25 15:45:00,15,10,25,15,45,750,110,"34, RUE PHILIPPE DE GIRA",,,Plein jour,En agglomération,Intersection à plus de 4 branches,Normale,Deux véhicules - arrière,,,,,,,,,,,1,2,5,1,2
201500052251,0015-10-27 20:00:00,15,10,27,20,0,750,110,"153, QUAI DE VALMY",,,Nuit avec éclairage allumé,En agglomération,Intersection en X,Normale,Autre collision,,,,,,,,,,,5,2,2,1,6
201500052252,0015-10-28 02:20:00,15,10,28,2,20,750,110,"78, BOULEVARD DE STRASBO",,,Nuit avec éclairage allumé,En agglomération,Hors intersection,Pluie forte,Autre collision,,,,,,,,,,,5,2,1,3,6
201500052253,0015-10-31 06:05:00,15,10,31,6,5,750,110,"230 BIS, RUE DU FAUBOURG",,,Nuit avec éclairage allumé,En agglomération,Intersection en X,Normale,Autre collision,,,,,,,,,,,5,2,2,1,6
201500052254,0015-10-31 13:10:00,15,10,31,13,10,750,110,"16, BOULEVARD DE MAGENTA",,,Plein jour,En agglomération,Hors intersection,Normale,Deux véhicules - côté,,,,,,,,,,,1,2,1,1,3
201500052255,0015-10-31 19:00:00,15,10,31,19,0,750,110,"7, RUE DES ECLUSES SAINT",,,Nuit avec éclairage allumé,En agglomération,Hors intersection,Normale,Autre collision,,,,,,,,,,,5,2,1,1,6
201500052256,0015-11-02 19:00:00,15,11,2,19,0,750,110,RUE DU TERRAGE,,,Nuit avec éclairage allumé,En agglomération,Intersection en T,Normale,Autre collision,,,,,,,,,,,5,2,3,1,6
201500052257,0015-11-03 07:10:00,15,11,3,7,10,750,110,"8, BOULEVARD DE MAGENTA",,,Crépuscule ou aube,En agglomération,Hors intersection,Pluie légère,Sans collision,,,,,,,,,,,2,2,1,2,7
201500052258,0015-11-06 11:00:00,15,11,6,11,0,750,110,"175, RUE LA FAYETTE",,,Plein jour,En agglomération,Hors intersection,Normale,Deux véhicules - côté,,,,,,,,,,,1,2,1,1,3
201500052259,0015-11-07 17:55:00,15,11,7,17,55,750,110,"151, AVENUE PARMENTIER",,,Nuit avec éclairage allumé,En agglomération,Intersection en X,Normale,Autre collision,,,,,,,,,,,5,2,2,1,6
201500052260,0015-11-12 01:40:00,15,11,12,1,40,750,110,"173, QUAI DE VALMY",,,Nuit avec éclairage allumé,En agglomération,Hors intersection,Normale,Autre collision,,,,,,,,,,,5,2,1,1,6
201500052261,0015-11-13 15:15:00,15,11,13,15,15,750,110,"49, BOULEVARD DE STRASBO",,,Plein jour,En agglomération,Intersection en X,Normale,Sans collision,,,,,,,,,,,1,2,2,1,7
201500052262,0015-11-16 22:00:00,15,11,16,22,0,750,110,"29, RUE DES RECOLLETS",,,Nuit avec éclairage allumé,En agglomération,Hors intersection,Pluie légère,Autre collision,,,,,,,,,,,5,2,1,2,6
201500052263,0015-11-19 05:00:00,15,11,19,5,0,750,110,"35, BOULEVARD DE MAGENTA",,,Nuit avec éclairage allumé,En agglomération,Intersection en Y,Normale,Autre collision,,,,,,,,,,,5,2,4,1,6
201500052264,0015-11-21 06:00:00,15,11,21,6,0,750,110,"22, BOULEVARD DE BONNE N",,,Nuit avec éclairage allumé,En agglomération,Intersection en T,Pluie légère,Autre collision,,,,,,,,,,,5,2,3,2,6
201500052265,0015-11-23 07:30:00,15,11,23,7,30,750,110,"158, RUE LA FAYETTE",,,Plein jour,En agglomération,Hors intersection,Normale,Autre collision,,,,,,,,,,,1,2,1,1,6
201500052266,0015-11-24 17:30:00,15,11,24,17,30,750,110,"205, RUE LA FAYETTE",,,Plein jour,En agglomération,Hors intersection,Pluie légère,Deux véhicules - frontale,,,,,,,,,,,1,2,1,2,1
201500052267,0015-11-24 18:00:00,15,11,24,18,0,750,110,QUAI DE VALMY,,,Crépuscule ou aube,En agglomération,Hors intersection,Normale,Deux véhicules - arrière,,,,,,,,,,,2,2,1,1,2
201500052268,0015-11-27 05:40:00,15,11,27,5,40,750,110,"150, RUE LA FAYETTE",,,Plein jour,En agglomération,Intersection en X,Normale,Autre collision,,,,,,,,,,,1,2,2,1,6
201500052269,0015-11-27 08:15:00,15,11,27,8,15,750,110,"01, BOULEVARD DE STRASBO",,,Plein jour,En agglomération,Intersection en X,Normale,Deux véhicules - côté,,,,,,,,,,,1,2,2,1,3
201500052270,0015-11-27 21:00:00,15,11,27,21,0,750,110,BOULEVARD DE MAGENTA,,,Nuit avec éclairage allumé,En agglomération,Intersection à plus de 4 branches,Normale,Deux véhicules - côté,,,,,,,,,,,5,2,5,1,3
201500052271,0015-11-29 04:10:00,15,11,29,4,10,750,110,"156, RUE LA FAYETTE",,,Nuit avec éclairage allumé,En agglomération,Intersection en X,Pluie légère,Deux véhicules - côté,,,,,,,,,,,5,2,2,2,3
201500052272,0015-12-01 09:00:00,15,12,1,9,0,750,110,"131, QUAI DE VALMY",,,Plein jour,En agglomération,Hors intersection,Normale,Deux véhicules - côté,,,,,,,,,,,1,2,1,1,3
201500052273,0015-12-01 20:15:00,15,12,1,20,15,750,110,"123, BOULEVARD DE MAGENT",,,Nuit avec éclairage allumé,En agglomération,Hors intersection,Normale,Deux véhicules - côté,,,,,,,,,,,5,2,1,1,3
201500052274,0015-12-03 13:15:00,15,12,3,13,15,750,110,"117, BOULEVARD DE LA VIL",,,Plein jour,En agglomération,Intersection en Y,Normale,Deux véhicules - côté,,,,,,,,,,,1,2,4,1,3
201500052275,0015-12-04 02:18:00,15,12,4,2,18,750,110,"94, BOULEVARD DE MAGENTA",,,Nuit avec éclairage allumé,En agglomération,Intersection en X,Pluie légère,Autre collision,,,,,,,,,,,5,2,2,2,6
201500052276,0015-12-04 13:50:00,15,12,4,13,50,750,110,"133, BOULEVARD DE MAGENT",,,Plein jour,En agglomération,Hors intersection,Normale,Deux véhicules - côté,,,,,,,,,,,1,2,1,1,3
201500052277,0015-12-10 02:09:00,15,12,10,2,9,750,110,"193, RUE LA FAYETTE",,,Nuit avec éclairage allumé,En agglomération,Intersection en X,Normale,Deux véhicules - côté,,,,,,,,,,,5,2,2,1,3
201500052278,0015-12-12 08:30:00,15,12,12,8,30,750,110,"85, RUE DE MAUBEUGE",,,Plein jour,En agglomération,Hors intersection,Temps couvert,Autre collision,,,,,,,,,,,1,2,1,8,6
201500052279,0015-12-12 16:40:00,15,12,12,16,40,750,110,"150, RUE LA FAYETTE",,,Nuit avec éclairage allumé,En agglomération,Intersection en X,Normale,Deux véhicules - côté,,,,,,,,,,,5,2,2,1,3
201500052280,0015-12-13 20:30:00,15,12,13,20,30,750,110,"147, RUE DU FAUBOURG SAI",,,Nuit avec éclairage allumé,En agglomération,Hors intersection,Normale,Deux véhicules - arrière,,,,,,,,,,,5,2,1,1,2
201500052281,0015-12-16 17:00:00,15,12,16,17,0,750,110,"127, RUE DU FAUBOURG DU",,,Nuit avec éclairage non allumé,En agglomération,Hors intersection,Normale,Autre collision,,,,,,,,,,,4,2,1,1,6
201500052282,0015-12-17 18:15:00,15,12,17,18,15,750,110,"4, RUE LEON JOUHAUX",,,Nuit avec éclairage allumé,En agglomération,Intersection en X,Normale,Autre collision,,,,,,,,,,,5,2,2,1,6
201500052283,0015-12-17 18:00:00,15,12,17,18,0,750,110,"154, RUE DU FAUBOURG SAI",,,Nuit avec éclairage allumé,En agglomération,Intersection en X,Normale,Deux véhicules - côté,,,,,,,,,,,5,2,2,1,3
201500052284,0015-12-18 20:50:00,15,12,18,20,50,750,110,"121, BOULEVARD DE LA VIL",,,Nuit avec éclairage allumé,En agglomération,Hors intersection,Normale,Deux véhicules - arrière,,,,,,,,,,,5,2,1,1,2
201500052285,0015-12-19 17:15:00,15,12,19,17,15,750,110,"1, RUE DU FAUBOURG DU TE",,,Nuit avec éclairage allumé,En agglomération,Hors intersection,Normale,Autre collision,,,,,,,,,,,5,2,1,1,6
201500052286,0015-12-21 16:15:00,15,12,21,16,15,750,110,RUE DE L AQUEDUC,,,Plein jour,En agglomération,Hors intersection,Normale,Deux véhicules - arrière,,,,,,,,,,,1,2,1,1,2
201500052287,0015-12-28 20:45:00,15,12,28,20,45,750,110,"24, AVENUE CLAUDE VELLEF",,,Nuit avec éclairage allumé,En agglomération,Intersection à plus de 4 branches,Normale,Deux véhicules - frontale,,,,,,,,,,,5,2,5,1,1
201500052288,0015-01-01 01:38:00,15,1,1,1,38,750,111,"/, BOULEVARD DE BELLEVIL",,,Nuit avec éclairage allumé,En agglomération,Intersection en X,Normale,Deux véhicules - côté,,,,,,,,,,,5,2,2,1,3
201500052289,0015-01-03 17:35:00,15,1,3,17,35,750,111,"131, AVENUE LEDRU ROLLIN",,,Nuit avec éclairage allumé,En agglomération,Intersection en X,Pluie légère,Autre collision,,,,,,,,,,,5,2,2,2,6
201500052290,0015-01-05 18:50:00,15,1,5,18,50,750,111,"95, AVENUE PHILIPPE AUGU",,,Nuit sans éclairage public,En agglomération,Intersection en X,Normale,Deux véhicules - côté,,,,,,,,,,,3,2,2,1,3
201500052291,0015-01-05 05:30:00,15,1,5,5,30,750,111,"17, AVENUE PARMENTIER",,,Nuit avec éclairage allumé,En agglomération,Intersection en X,Normale,Autre collision,,,,,,,,,,,5,2,2,1,6
201500052292,0015-01-09 09:55:00,15,1,9,9,55,750,111,"39, RUE JEAN PIERRE TIMB",,,Plein jour,En agglomération,Hors intersection,Normale,Autre collision,,,,,,,,,,,1,2,1,1,6
201500052293,0015-01-14 08:30:00,15,1,14,8,30,750,111,"95, AVENUE PHILIPPE AUGU",,,Plein jour,En agglomération,Intersection en X,Normale,Sans collision,,,,,,,,,,,1,2,2,1,7
201500052294,0015-01-15 11:25:00,15,1,15,11,25,750,111,"29, RUE RICHARD LENOIR",,,Plein jour,En agglomération,Intersection en T,Pluie légère,Deux véhicules - côté,,,,,,,,,,,1,2,3,2,3
201500052295,0015-01-15 18:20:00,15,1,15,18,20,750,111,"296, BOULEVARD VOLTAIRE",,,Nuit avec éclairage allumé,En agglomération,Place,Pluie légère,Autre collision,,,,,,,,,,,5,2,7,2,6
201500052296,0015-01-16 02:30:00,15,1,16,2,30,750,111,"/, RUE DU FAUBOURG SAINT",,,Nuit avec éclairage allumé,En agglomération,Intersection à plus de 4 branches,Normale,Autre collision,,,,,,,,,,,5,2,5,1,6
201500052297,0015-01-20 12:50:00,15,1,20,12,50,750,111,"190, BOULEVARD VOLTAIRE",,,Plein jour,En agglomération,Hors intersection,Normale,Deux véhicules - côté,,,,,,,,,,,1,2,1,1,3
201500052298,0015-01-21 09:20:00,15,1,21,9,20,750,111,"101, BOULEVARD RICHARD L",,,Plein jour,En agglomération,Intersection en X,Normale,Deux véhicules - côté,,,,,,,,,,,1,2,2,1,3
201500052299,0015-01-23 23:20:00,15,1,23,23,20,750,111,"80, BOULEVARD VOLTAIRE",,,Nuit avec éclairage allumé,En agglomération,Intersection en T,Normale,Deux véhicules - côté,,,,,,,,,,,5,2,3,1,3
201500052300,0015-01-26 04:50:00,15,1,26,4,50,750,111,BOULEVARD RICHARD LENOIR,,,Nuit avec éclairage allumé,En agglomération,Hors intersection,Pluie légère,Autre collision,,,,,,,,,,,5,2,1,2,6
201500052301,0015-01-31 02:10:00,15,1,31,2,10,750,111,"113, AVENUE LEDRU ROLLIN",,,Nuit avec éclairage allumé,En agglomération,Intersection en X,Pluie forte,Autre collision,,,,,,,,,,,5,2,2,3,6
201500052302,0015-02-02 21:00:00,15,2,2,21,0,750,111,"130, BOULEVARD VOLTAIRE",,,Nuit avec éclairage allumé,En agglomération,Place,Normale,Autre collision,,,,,,,,,,,5,2,7,1,6
201500052303,0015-02-04 21:45:00,15,2,4,21,45,750,111,"2, RUE DU COMMANDANT LAM",,,Nuit avec éclairage allumé,En agglomération,Hors intersection,Normale,Autre collision,,,,,,,,,,,5,2,1,1,6
201500052304,0015-02-06 03:38:00,15,2,6,3,38,750,111,"108, AVENUE LEDRU ROLLIN",,,Nuit avec éclairage allumé,En agglomération,Intersection en X,Normale,Autre collision,,,,,,,,,,,5,2,2,1,6
201500052305,0015-02-06 20:25:00,15,2,6,20,25,750,111,"26, BOULEVARD VOLTAIRE",,,Nuit avec éclairage allumé,En agglomération,Intersection en X,Normale,Autre collision,,,,,,,,,,,5,2,2,1,6
201500052306,0015-02-07 11:25:00,15,2,7,11,25,750,111,"170, BOULEVARD VOLTAIRE",,,Plein jour,En agglomération,Intersection en X,Normale,Autre collision,,,,,,,,,,,1,2,2,1,6
201500052307,0015-02-09 16:15:00,15,2,9,16,15,750,111,"76, AVENUE PARMENTIER",,,Plein jour,En agglomération,Intersection en T,Normale,Autre collision,,,,,,,,,,,1,2,3,1,6
201500052308,0015-02-10 20:10:00,15,2,10,20,10,750,111,"3, PLACE DE LA NATION",,,Nuit avec éclairage allumé,En agglomération,Place,Normale,Sans collision,,,,,,,,,,,5,2,7,1,7
201500052309,0015-02-13 19:30:00,15,2,13,19,30,750,111,"23, BOULEVARD VOLTAIRE",,,Nuit avec éclairage allumé,En agglomération,Intersection en X,Pluie légère,Deux véhicules - côté,,,,,,,,,,,5,2,2,2,3
201500052310,0015-02-15 15:20:00,15,2,15,15,20,750,111,"45, BOULEVARD DE MENILMO",,,Plein jour,En agglomération,Intersection en T,Normale,Deux véhicules - côté,,,,,,,,,,,1,2,3,1,3
201500052311,0015-02-15 20:55:00,15,2,15,20,55,750,111,"22, AVENUE DE LA REPUBLI",,,Nuit avec éclairage allumé,En agglomération,Intersection en X,Normale,Deux véhicules - côté,,,,,,,,,,,5,2,2,1,3
201500052312,0015-02-18 23:15:00,15,2,18,23,15,750,111,"36, RUE DE L ORILLON",,,Nuit avec éclairage allumé,En agglomération,Intersection en X,Normale,Autre collision,,,,,,,,,,,5,2,2,1,6
201500052313,0015-02-19 09:30:00,15,2,19,9,30,750,111,"0, RUE DE LA ROQUETTE",,,Plein jour,En agglomération,Intersection en X,Normale,Deux véhicules - côté,,,,,,,,,,,1,2,2,1,3
201500052314,0015-02-19 16:45:00,15,2,19,16,45,750,111,"28, BOULEVARD VOLTAIRE",,,Plein jour,En agglomération,Intersection en X,Normale,Deux véhicules - côté,,,,,,,,,,,1,2,2,1,3
201500052315,0015-02-20 07:00:00,15,2,20,7,0,750,111,"4, AVENUE DE LA REPUBLIQ",,,Plein jour,En agglomération,Place,Pluie légère,Deux véhicules - arrière,,,,,,,,,,,1,2,7,2,2
201500052316,0015-02-20 17:40:00,15,2,20,17,40,750,111,"163, BOULEVARD VOLTAIRE",,,Plein jour,En agglomération,Intersection en X,Pluie légère,Autre collision,,,,,,,,,,,1,2,2,2,6
201500052317,0015-02-21 00:05:00,15,2,21,0,5,750,111,"8, BOULEVARD DES FILLES",,,Nuit avec éclairage allumé,En agglomération,Hors intersection,Pluie forte,Autre collision,,,,,,,,,,,5,2,1,3,6
201500052318,0015-02-22 18:40:00,15,2,22,18,40,750,111,"16, BOULEVARD DES FILLES",,,Nuit avec éclairage allumé,En agglomération,Intersection en T,Normale,Autre collision,,,,,,,,,,,5,2,3,1,6
201500052319,0015-02-23 16:00:00,15,2,23,16,0,750,111,"5, PLACE DE LA NATION",,,Plein jour,En agglomération,Place,Temps couvert,Deux véhicules - côté,,,,,,,,,,,1,2,7,8,3
201500052320,0015-02-25 22:20:00,15,2,25,22,20,750,111,"49, BOULEVARD VOLTAIRE",,,Nuit avec éclairage allumé,En agglomération,Intersection à plus de 4 branches,Pluie légère,Sans collision,,,,,,,,,,,5,2,5,2,7
201500052321,0015-02-26 10:30:00,15,2,26,10,30,750,111,"1, BOULEVARD DE BELLEVIL",,,Plein jour,En agglomération,Intersection en X,Pluie légère,Sans collision,,,,,,,,,,,1,2,2,2,7
201500052322,0015-02-27 01:07:00,15,2,27,1,7,750,111,"2, BOULEVARD BEAUMARCHAI",,,Nuit avec éclairage allumé,En agglomération,Hors intersection,Pluie légère,Autre collision,,,,,,,,,,,5,2,1,2,6
201500052323,0015-02-27 20:25:00,15,2,27,20,25,750,111,"34, BOULEVARD VOLTAIRE",,,Nuit avec éclairage allumé,En agglomération,Hors intersection,Normale,Autre collision,,,,,,,,,,,5,2,1,1,6
201500052324,0015-02-28 02:26:00,15,2,28,2,26,750,111,"81, AVENUE PARMENTIER",,,Nuit avec éclairage allumé,En agglomération,Intersection en X,Normale,Autre collision,,,,,,,,,,,5,2,2,1,6
201500052325,0015-02-28 03:05:00,15,2,28,3,5,750,111,"/, BOULEVARD DE MENILMON",,,Nuit avec éclairage allumé,En agglomération,Intersection en X,Normale,Deux véhicules - côté,,,,,,,,,,,5,2,2,1,3
201500052326,0015-03-02 16:15:00,15,3,2,16,15,750,111,"60, AVENUE PARMENTIER",,,Plein jour,En agglomération,Intersection en T,Normale,Deux véhicules - côté,,,,,,,,,,,1,2,3,1,3
201500052327,0015-03-04 13:00:00,15,3,4,13,0,750,111,"14, RUE LOUIS BONNET",,,Plein jour,En agglomération,Intersection en X,Temps couvert,Autre collision,,,,,,,,,,,1,2,2,8,6
201500052328,0015-03-05 20:45:00,15,3,5,20,45,750,111,"4, BOULEVARD VOLTAIRE",,,Nuit avec éclairage allumé,En agglomération,Hors intersection,Normale,Deux véhicules - côté,,,,,,,,,,,5,2,1,1,3
201500052329,0015-03-11 08:20:00,15,3,11,8,20,750,111,"41, RUE DE LA FONTAINE A",,,Plein jour,En agglomération,Hors intersection,Normale,Autre collision,,,,,,,,,,,1,2,1,1,6
201500052330,0015-03-12 00:05:00,15,3,12,0,5,750,111,"111, AVENUE PARMENTIER",,,Nuit avec éclairage allumé,En agglomération,Intersection en X,Normale,Deux véhicules - côté,,,,,,,,,,,5,2,2,1,3
201500052331,0015-03-12 15:05:00,15,3,12,15,5,750,111,"33, RUE DU FAUBOURG SAIN",,,Plein jour,En agglomération,Hors intersection,Normale,Deux véhicules - frontale,,,,,,,,,,,1,2,1,1,1
201500052332,0015-03-13 07:55:00,15,3,13,7,55,750,111,"95, RUE DU FAUBOURG SAIN",,,Plein jour,En agglomération,Intersection en T,Normale,Autre collision,,,,,,,,,,,1,2,3,1,6
201500052333,0015-03-13 22:30:00,15,3,13,22,30,750,111,"/, BOULEVARD RICHARD LEN",,,Nuit avec éclairage allumé,En agglomération,Intersection à plus de 4 branches,Normale,Deux véhicules - côté,,,,,,,,,,,5,2,5,1,3
201500052334,0015-03-17 16:25:00,15,3,17,16,25,750,111,"19, AVENUE PHILIPPE AUGU",,,Plein jour,En agglomération,Intersection en X,Normale,Autre collision,,,,,,,,,,,1,2,2,1,6
201500052335,0015-03-28 03:30:00,15,3,28,3,30,750,111,"56, AVENUE PARMENTIER",,,Nuit avec éclairage allumé,En agglomération,Hors intersection,Pluie légère,Autre collision,,,,,,,,,,,5,2,1,2,6
201500052336,0015-03-29 04:20:00,15,3,29,4,20,750,111,"38, AVENUE DE LA REPUBLI",,,Nuit avec éclairage allumé,En agglomération,Intersection en X,Normale,Autre collision,,,,,,,,,,,5,2,2,1,6
201500052337,0015-03-29 22:30:00,15,3,29,22,30,750,111,"154, BOULEVARD VOLTAIRE",,,Nuit avec éclairage allumé,En agglomération,Intersection en X,Pluie légère,Deux véhicules - arrière,,,,,,,,,,,5,2,2,2,2
201500052338,0015-03-30 11:45:00,15,3,30,11,45,750,111,"35, METRO CHEMIN VERT",,,Plein jour,En agglomération,Intersection en T,Normale,Sans collision,,,,,,,,,,,1,2,3,1,7
201500052339,0015-04-01 08:30:00,15,4,1,8,30,750,111,"134, AVENUE PARMENTIER",,,Plein jour,En agglomération,Intersection en T,Normale,Sans collision,,,,,,,,,,,1,2,3,1,7
201500052340,0015-04-01 12:15:00,15,4,1,12,15,750,112,"11, AVENUE DU TREMBLAY",,,Plein jour,En agglomération,Hors intersection,Normale,Deux véhicules - arrière,,,,,,,,,,,1,2,1,1,2
201500052341,0015-04-03 19:40:00,15,4,3,19,40,750,111,"25, AVENUE PHILIPPE AUGU",,,Crépuscule ou aube,En agglomération,Hors intersection,Pluie légère,Deux véhicules - côté,,,,,,,,,,,2,2,1,2,3
201500052342,0015-04-04 07:50:00,15,4,4,7,50,750,111,"31, BOULEVARD RICHARD LE",,,Plein jour,En agglomération,Intersection en X,Autre,Autre collision,,,,,,,,,,,1,2,2,9,6
201500052343,0015-04-06 18:10:00,15,4,6,18,10,750,111,"37, RUE OBERKAMPF",,,Plein jour,En agglomération,Intersection en X,Normale,Deux véhicules - côté,,,,,,,,,,,1,2,2,1,3
201500052344,0015-04-07 18:45:00,15,4,7,18,45,750,111,"60, BOULEVARD BEAUMARCHA",,,Plein jour,En agglomération,Intersection en X,Normale,Autre collision,,,,,,,,,,,1,2,2,1,6
201500052345,0015-04-09 09:30:00,15,4,9,9,30,750,111,"215, BOULEVARD VOLTAIRE",,,Plein jour,En agglomération,Intersection en T,Normale,Deux véhicules - arrière,,,,,,,,,,,1,2,3,1,2
201500052346,0015-04-09 18:30:00,15,4,9,18,30,750,111,"27, AVENUE PHILIPPE AUGU",,,Plein jour,En agglomération,Hors intersection,Normale,Deux véhicules - côté,,,,,,,,,,,1,2,1,1,3
201500052347,0015-04-09 20:15:00,15,4,9,20,15,750,111,"88, RUE SAINT MAUR",,,Crépuscule ou aube,En agglomération,Hors intersection,Normale,Deux véhicules - côté,,,,,,,,,,,2,2,1,1,3
201500052348,0015-04-10 19:20:00,15,4,10,19,20,750,111,"43, BOULEVARD DE MENILMO",,,Plein jour,En agglomération,Intersection en T,Normale,Deux véhicules - côté,,,,,,,,,,,1,2,3,1,3
201500052349,0015-04-11 07:22:00,15,4,11,7,22,750,111,"103, RUE DE CHARONNE",,,Plein jour,En agglomération,Intersection en T,Pluie légère,Autre collision,,,,,,,,,,,1,2,3,2,6
201500052350,0015-04-11 19:10:00,15,4,11,19,10,750,111,"104, AVENUE PARMENTIER",,,Plein jour,En agglomération,Intersection en X,Normale,Deux véhicules - côté,,,,,,,,,,,1,2,2,1,3
201500052351,0015-04-13 18:40:00,15,4,13,18,40,750,111,"133, RUE DE LA ROQUETTE",,,Plein jour,En agglomération,Intersection en T,Normale,Autre collision,,,,,,,,,,,1,2,3,1,6
201500052352,0015-04-14 16:35:00,15,4,14,16,35,750,111,"01, AVENUE DE LA REPUBLI",,,Plein jour,En agglomération,Place,Normale,Deux véhicules - côté,,,,,,,,,,,1,2,7,1,3
201500052353,0015-04-14 17:30:00,15,4,14,17,30,750,111,"152, RUE DU CHEMIN VERT",,,Plein jour,En agglomération,Place,Normale,Deux véhicules - côté,,,,,,,,,,,1,2,7,1,3
201500052354,0015-04-16 16:55:00,15,4,16,16,55,750,111,"79, BOULEVARD DE BELLEVI",,,Plein jour,En agglomération,Hors intersection,Normale,Autre collision,,,,,,,,,,,1,2,1,1,6
201500052355,0015-04-17 13:10:00,15,4,17,13,10,750,111,"44, RUE DE MONTREUIL",,,Plein jour,En agglomération,Hors intersection,Normale,Autre collision,,,,,,,,,,,1,2,1,1,6
201500052356,0015-04-18 04:15:00,15,4,18,4,15,750,111,"45, AVENUE PARMENTIER",,,Nuit avec éclairage allumé,En agglomération,Intersection en T,Normale,Deux véhicules - côté,,,,,,,,,,,5,2,3,1,3