accident_id,datetime,annee,mois,jour,heure,minute,departement,commune_insee,adresse,latitude,longitude,luminosite,agglomeration,intersection,meteo,collision,nb_vehicules,nb_usagers,nb_indemnes,nb_tues,nb_blesses_hosp,nb_blesses_legers,age_cond_1,age_cond_2,veh_type_cond_1,veh_type_cond_2,lum_code,agg_code,int_code,atm_code,col_code
201500052357,0015-04-18 13:40:00,15,4,18,13,40,750,111,"101, BOULEVARD RICHARD L",,,Plein jour,En agglomération,Intersection en X,Normale,Deux véhicules - côté,,,,,,,,,,,1,2,2,1,3
201500052358,0015-04-20 09:20:00,15,4,20,9,20,750,111,"135, BOULEVARD VOLTAIRE",,,Plein jour,En agglomération,Intersection en X,Normale,Autre collision,,,,,,,,,,,1,2,2,1,6
201500052359,0015-04-21 09:15:00,15,4,21,9,15,750,111,"31, RUE SAINT MAUR",,,Plein jour,En agglomération,Intersection en X,Normale,Deux véhicules - frontale,,,,,,,,,,,1,2,2,1,1
201500052360,0015-04-21 15:20:00,15,4,21,15,20,750,111,"52, AVENUE DE LA REPUBLI",,,Plein jour,En agglomération,Intersection en X,Normale,Deux véhicules - frontale,,,,,,,,,,,1,2,2,1,1
201500052361,0015-04-21 15:25:00,15,4,21,15,25,750,111,"19, BOULEVARD RICHARD LE",,,Plein jour,En agglomération,Hors intersection,Normale,Sans collision,,,,,,,,,,,1,2,1,1,7
201500052362,0015-04-22 15:55:00,15,4,22,15,55,750,111,"40, RUE DE L ORILLON",,,Plein jour,En agglomération,Intersection en X,Normale,Deux véhicules - côté,,,,,,,,,,,1,2,2,1,3
201500052363,0015-04-23 10:50:00,15,4,23,10,50,750,111,"60, BOULEVARD BEAUMARCHA",,,Plein jour,En agglomération,Intersection en X,Normale,Deux véhicules - arrière,,,,,,,,,,,1,2,2,1,2
201500052364,0015-04-23 23:45:00,15,4,23,23,45,750,110,"122, BOULEVARD DE MAGENT",,,Nuit avec éclairage allumé,En agglomération,Intersection en X,Normale,Deux véhicules - côté,,,,,,,,,,,5,2,2,1,3
201500052365,0015-04-24 11:05:00,15,4,24,11,5,750,111,"11, BOULEVARD VOLTAIRE",,,Plein jour,En agglomération,Intersection en T,Normale,Autre collision,,,,,,,,,,,1,2,3,1,6
201500052366,0015-04-24 18:40:00,15,4,24,18,40,750,111,"200, BOULEVARD VOLTAIRE",,,Plein jour,En agglomération,Hors intersection,Pluie légère,Autre collision,,,,,,,,,,,1,2,1,2,6
201500052367,0015-04-24 23:25:00,15,4,24,23,25,750,120,"85, RUE DE MENILMONTANT",,,Nuit avec éclairage allumé,En agglomération,Intersection en X,Normale,Sans collision,,,,,,,,,,,5,2,2,1,7
201500052368,0015-04-25 13:00:00,15,4,25,13,0,750,111,"85, AVENUE PARMENTIER",,,Plein jour,En agglomération,Intersection en X,Normale,Deux véhicules - arrière,,,,,,,,,,,1,2,2,1,2
201500052369,0015-04-27 18:34:00,15,4,27,18,34,750,111,"138, BOULEVARD VOLTAIRE",,,Plein jour,En agglomération,Hors intersection,Normale,Deux véhicules - côté,,,,,,,,,,,1,2,1,1,3
201500052370,0015-04-30 17:55:00,15,4,30,17,55,750,111,"72, RUE SAINT MAUR",,,Plein jour,En agglomération,Hors intersection,Pluie légère,Deux véhicules - côté,,,,,,,,,,,1,2,1,2,3
201500052371,0015-05-03 15:50:00,15,5,3,15,50,750,111,"2, BOULEVARD RICHARD LEN",,,Plein jour,En agglomération,Place,Temps couvert,Deux véhicules - côté,,,,,,,,,,,1,2,7,8,3
201500052372,0015-05-07 18:20:00,15,5,7,18,20,750,111,"12, PLACE LEON BLUM",,,Plein jour,En agglomération,Place,Normale,Deux véhicules - côté,,,,,,,,,,,1,2,7,1,3
201500052373,0015-05-07 18:50:00,15,5,7,18,50,750,111,"100, AVENUE PHILIPPE AUG",,,Plein jour,En agglomération,Hors intersection,Normale,Autre collision,,,,,,,,,,,1,2,1,1,6
201500052374,0015-05-08 21:45:00,15,5,8,21,45,750,111,"114, RUE OBERKAMPF",,,Nuit avec éclairage allumé,En agglomération,Intersection en T,Normale,Autre collision,,,,,,,,,,,5,2,3,1,6
201500052375,0015-05-11 13:00:00,15,5,11,13,0,750,111,"58, RUE DU CHEMIN VERT",,,Plein jour,En agglomération,Intersection en X,Normale,Autre collision,,,,,,,,,,,1,2,2,1,6
201500052376,0015-05-13 09:20:00,15,5,13,9,20,750,111,"124, AVENUE PHILIPPE AUG",,,Plein jour,En agglomération,Hors intersection,Normale,Autre collision,,,,,,,,,,,1,2,1,1,6
201500052377,0015-05-14 18:10:00,15,5,14,18,10,750,111,"12, PLACE DE LA BASTILLE",,,Plein jour,En agglomération,Place,Normale,Deux véhicules - côté,,,,,,,,,,,1,2,7,1,3
201500052378,0015-05-15 18:50:00,15,5,15,18,50,750,111,"135, RUE DU CHEMIN VERT",,,Plein jour,En agglomération,Hors intersection,Normale,Autre collision,,,,,,,,,,,1,2,1,1,6
201500052379,0015-05-16 11:05:00,15,5,16,11,5,750,111,"12, PLACE LEON BLUM",,,Plein jour,En agglomération,Place,Normale,Deux véhicules - côté,,,,,,,,,,,1,2,7,1,3
201500052380,0015-05-17 11:10:00,15,5,17,11,10,750,111,"4, PLACE LEON BLUM",,,Plein jour,En agglomération,Place,Normale,Deux véhicules - arrière,,,,,,,,,,,1,2,7,1,2
201500052381,0015-05-16 20:45:00,15,5,16,20,45,750,111,"87, RUE DE CHARONNE",,,Crépuscule ou aube,En agglomération,Intersection en T,Normale,Deux véhicules - arrière,,,,,,,,,,,2,2,3,1,2
201500052382,0015-05-18 16:00:00,15,5,18,16,0,750,111,"39, RUE LEON FROT",,,Plein jour,En agglomération,Intersection en X,Normale,Autre collision,,,,,,,,,,,1,2,2,1,6
201500052383,0015-05-18 17:45:00,15,5,18,17,45,750,111,"131, BOULEVARD DE CHARON",,,Plein jour,En agglomération,Hors intersection,Normale,Autre collision,,,,,,,,,,,1,2,1,1,6
201500052384,0015-05-20 13:10:00,15,5,20,13,10,750,111,"21, CITE BEAUHARNAIS",,,Plein jour,En agglomération,Intersection à plus de 4 branches,Normale,Autre collision,,,,,,,,,,,1,2,5,1,6
201500052385,0015-05-20 13:35:00,15,5,20,13,35,750,111,"111, AVENUE PARMENTIER",,,Plein jour,En agglomération,Intersection en X,Normale,Autre collision,,,,,,,,,,,1,2,2,1,6
201500052386,0015-05-20 19:40:00,15,5,20,19,40,750,111,"03, PLACE DE LA NATION",,,Plein jour,En agglomération,Place,Normale,Deux véhicules - côté,,,,,,,,,,,1,2,7,1,3
201500052387,0015-05-21 10:20:00,15,5,21,10,20,750,111,"41, RUE DE CHARONNE",,,Plein jour,En agglomération,Hors intersection,Normale,Deux véhicules - arrière,,,,,,,,,,,1,2,1,1,2
201500052388,0015-05-23 01:45:00,15,5,23,1,45,750,111,BOULEVARD RICHARD LENOIR,,,Nuit avec éclairage allumé,En agglomération,Intersection en X,Normale,Deux véhicules - arrière,,,,,,,,,,,5,2,2,1,2
201500052389,0015-05-23 03:20:00,15,5,23,3,20,750,111,"190, AVENUE PHILIPPE AUG",,,Nuit avec éclairage allumé,En agglomération,Intersection en X,Normale,Deux véhicules - frontale,,,,,,,,,,,5,2,2,1,1
201500052390,0015-05-23 05:40:00,15,5,23,5,40,750,111,"138, BOULEVARD RICHARD L",,,Crépuscule ou aube,En agglomération,Intersection en X,Normale,Autre collision,,,,,,,,,,,2,2,2,1,6
201500052391,0015-05-24 14:00:00,15,5,24,14,0,750,111,PLACE DE LA NATION,,,Plein jour,En agglomération,Place,Normale,Deux véhicules - arrière,,,,,,,,,,,1,2,7,1,2
201500052392,0015-05-25 17:35:00,15,5,25,17,35,750,111,"69, RUE DE CHARONNE",,,Plein jour,En agglomération,Intersection en X,Normale,Autre collision,,,,,,,,,,,1,2,2,1,6
201500052393,0015-05-25 19:45:00,15,5,25,19,45,750,111,"32, RUE BASFROI",,,Plein jour,En agglomération,Hors intersection,Normale,Deux véhicules - arrière,,,,,,,,,,,1,2,1,1,2
201500052394,0015-05-26 15:45:00,15,5,26,15,45,750,111,"12, PLACE DE LA BASTILLE",,,Plein jour,En agglomération,Place,Normale,Deux véhicules - côté,,,,,,,,,,,1,2,7,1,3
201500052395,0015-05-29 14:45:00,15,5,29,14,45,750,111,AVENUE DE LA REPUBLIQUE,,,Plein jour,En agglomération,Intersection en Y,Normale,Autre collision,,,,,,,,,,,1,2,4,1,6
201500052396,0015-05-29 20:10:00,15,5,29,20,10,750,111,"13, RUE DU GRAND PRIEURE",,,Crépuscule ou aube,En agglomération,Intersection en X,Normale,Deux véhicules - côté,,,,,,,,,,,2,2,2,1,3
201500052397,0015-05-31 00:35:00,15,5,31,0,35,750,111,"119, AVENUE PARMENTIER",,,Nuit avec éclairage allumé,En agglomération,Intersection en T,Normale,Sans collision,,,,,,,,,,,5,2,3,1,7
201500052398,0015-05-31 16:20:00,15,5,31,16,20,750,111,"38, BOULEVARD VOLTAIRE",,,Plein jour,En agglomération,Intersection en X,Normale,Deux véhicules - frontale,,,,,,,,,,,1,2,2,1,1
201500052399,0015-06-02 08:25:00,15,6,2,8,25,750,111,"138, BOULEVARD VOLTAIRE",,,Plein jour,En agglomération,Hors intersection,Normale,Autre collision,,,,,,,,,,,1,2,1,1,6
201500052400,0015-06-03 09:15:00,15,6,3,9,15,750,111,"154, RUE DU CHEMIN VERT",,,Plein jour,En agglomération,Intersection à plus de 4 branches,Normale,Sans collision,,,,,,,,,,,1,2,5,1,7
201500052401,0015-06-05 00:54:00,15,6,5,0,54,750,111,"24, AVENUE DE LA REPUBLI",,,Nuit avec éclairage allumé,En agglomération,Intersection en X,Normale,Autre collision,,,,,,,,,,,5,2,2,1,6
201500052402,0015-06-05 09:55:00,15,6,5,9,55,750,111,"77, RUE DE CHARONNE",,,Plein jour,En agglomération,Intersection en T,Normale,Autre collision,,,,,,,,,,,1,2,3,1,6
201500052403,0015-06-12 11:20:00,15,6,12,11,20,750,111,"16, RUE BREGUET",,,Plein jour,En agglomération,Intersection en X,Normale,Deux véhicules - côté,,,,,,,,,,,1,2,2,1,3
201500052404,0015-06-12 17:40:00,15,6,12,17,40,750,111,"73, BOULEVARD VOLTAIRE",,,Plein jour,En agglomération,Intersection en T,Normale,Autre collision,,,,,,,,,,,1,2,3,1,6
201500052405,0015-06-13 01:25:00,15,6,13,1,25,750,111,BOULEVARD DES FILLES DU,,,Nuit avec éclairage allumé,En agglomération,Intersection en X,Normale,Autre collision,,,,,,,,,,,5,2,2,1,6
201500052406,0015-06-13 15:05:00,15,6,13,15,5,750,111,"77, AVENUE DE LA REPUBLI",,,Plein jour,En agglomération,Intersection en T,Normale,Deux véhicules - côté,,,,,,,,,,,1,2,3,1,3
201500052407,0015-06-14 01:40:00,15,6,14,1,40,750,111,"6, BOULEVARD BEAUMARCHAI",,,Nuit avec éclairage allumé,En agglomération,Hors intersection,Normale,Autre collision,,,,,,,,,,,5,2,1,1,6
201500052408,0015-06-15 17:20:00,15,6,15,17,20,750,111,"131 bis, RUE DE LA ROQUE",,,Plein jour,En agglomération,Intersection en X,Normale,Deux véhicules - frontale,,,,,,,,,,,1,2,2,1,1
201500052409,0015-06-19 11:10:00,15,6,19,11,10,750,111,"95 bis, BOULEVARD VOLTAI",,,Plein jour,En agglomération,Intersection en Y,Normale,Deux véhicules - côté,,,,,,,,,,,1,2,4,1,3
201500052410,0015-06-20 00:20:00,15,6,20,0,20,750,111,"24, RUE DE CHARONNE",,,Nuit avec éclairage allumé,En agglomération,Intersection en T,Normale,Autre collision,,,,,,,,,,,5,2,3,1,6
201500052411,0015-06-20 01:40:00,15,6,20,1,40,750,111,RUE DE CHARONNE,,,Nuit avec éclairage allumé,En agglomération,Intersection en X,Normale,Deux véhicules - côté,,,,,,,,,,,5,2,2,1,3
201500052412,0015-06-21 01:20:00,15,6,21,1,20,750,111,"150, BOULEVARD VOLTAIRE",,,Nuit avec éclairage allumé,En agglomération,Intersection en T,Normale,Deux véhicules - arrière,,,,,,,,,,,5,2,3,1,2
201500052413,0015-06-24 17:00:00,15,6,24,17,0,750,103,"56, BOULEVARD BEAUMARCHA",,,Plein jour,En agglomération,Intersection en T,Normale,Deux véhicules - arrière,,,,,,,,,,,1,2,3,1,2
201500052414,0015-06-24 21:55:00,15,6,24,21,55,750,111,"12, RUE OBERKAMPF",,,Crépuscule ou aube,En agglomération,Hors intersection,Normale,Autre collision,,,,,,,,,,,2,2,1,1,6
201500052415,0015-06-26 16:20:00,15,6,26,16,20,750,111,"64, RUE JEAN PIERRE TIMB",,,Plein jour,En agglomération,Hors intersection,Normale,Autre collision,,,,,,,,,,,1,2,1,1,6
201500052416,0015-06-27 02:35:00,15,6,27,2,35,750,111,"24, AVENUE DE LA REPUBLI",,,Nuit avec éclairage allumé,En agglomération,Intersection en X,Normale,Deux véhicules - arrière,,,,,,,,,,,5,2,2,1,2
201500052417,0015-07-02 23:00:00,15,7,2,23,0,750,111,"28, BOULEVARD JULES FERR",,,Nuit avec éclairage allumé,En agglomération,Intersection en X,Normale,Trois véhicules et plus - en chaîne,,,,,,,,,,,5,2,2,1,4
201500052418,0015-07-06 19:25:00,15,7,6,19,25,750,111,"31, AVENUE PARMENTIER",,,Plein jour,En agglomération,Intersection en X,Normale,Deux véhicules - côté,,,,,,,,,,,1,2,2,1,3
201500052419,0015-07-07 16:10:00,15,7,7,16,10,750,111,"10, AVENUE DE LA REPUBLI",,,Plein jour,En agglomération,Place,Normale,Deux véhicules - côté,,,,,,,,,,,1,2,7,1,3
201500052420,0015-07-07 18:50:00,15,7,7,18,50,750,111,"35, BOULEVARD DE CHARONN",,,Plein jour,En agglomération,Intersection à plus de 4 branches,Normale,Autre collision,,,,,,,,,,,1,2,5,1,6
201500052421,0015-07-14 13:00:00,15,7,14,13,0,750,111,"113, RUE DU FAUBOURG SAI",,,Plein jour,En agglomération,Intersection à plus de 4 branches,Normale,Deux véhicules - côté,,,,,,,,,,,1,2,5,1,3
201500052422,0015-07-24 13:30:00,15,7,24,13,30,750,111,"14, RUE PAUL BERT",,,Plein jour,En agglomération,Hors intersection,Temps couvert,Autre collision,,,,,,,,,,,1,2,1,8,6
201500052423,0015-07-31 14:46:00,15,7,31,14,46,750,111,"5, RUE DURANTI",,,Plein jour,En agglomération,Intersection en X,Normale,Autre collision,,,,,,,,,,,1,2,2,1,6
201500052424,0015-06-03 15:40:00,15,6,3,15,40,750,111,"60, BOULEVARD BEAUMARCHA",,,Plein jour,En agglomération,Hors intersection,Normale,Deux véhicules - côté,,,,,,,,,,,1,2,1,1,3
201500052425,0015-06-08 16:25:00,15,6,8,16,25,750,111,"99, AVENUE PARMENTIER",,,Plein jour,En agglomération,Intersection en X,Temps éblouissant,Autre collision,,,,,,,,,,,1,2,2,7,6
201500052426,0015-06-08 20:25:00,15,6,8,20,25,750,119,BOULEVARD PERIPHERIQUE,,,Crépuscule ou aube,En agglomération,Hors intersection,Temps éblouissant,Sans collision,,,,,,,,,,,2,2,1,7,7
201500052427,0015-06-09 09:15:00,15,6,9,9,15,750,111,"167, RUE DU FAUBOURG SAI",,,Plein jour,En agglomération,Intersection en T,Normale,Deux véhicules - côté,,,,,,,,,,,1,2,3,1,3
201500052428,0015-06-09 20:25:00,15,6,9,20,25,750,111,"7, RUE GERBIER",,,Crépuscule ou aube,En agglomération,Intersection en X,Normale,Deux véhicules - côté,,,,,,,,,,,2,2,2,1,3
201500052429,0015-06-12 10:55:00,15,6,12,10,55,750,111,"116, BOULEVARD RICHARD L",,,Plein jour,En agglomération,Hors intersection,Normale,Autre collision,,,,,,,,,,,1,2,1,1,6
201500052430,0015-06-14 07:00:00,15,6,14,7,0,750,111,"88 bis, AVENUE PARMENTIE",,,Crépuscule ou aube,En agglomération,Hors intersection,Normale,Autre collision,,,,,,,,,,,2,2,1,1,6
201500052431,0015-06-18 20:40:00,15,6,18,20,40,750,111,"18, AVENUE JEAN AICARD",,,Plein jour,En agglomération,Hors intersection,Normale,Autre collision,,,,,,,,,,,1,2,1,1,6
201500052432,0015-06-19 17:40:00,15,6,19,17,40,750,111,"96, BOULEVARD VOLTAIRE",,,Plein jour,En agglomération,Hors intersection,Normale,Trois véhicules et plus - en chaîne,,,,,,,,,,,1,2,1,1,4
201500052433,0015-06-29 00:40:00,15,6,29,0,40,750,111,"33, BOULEVARD DE CHARONN",,,Nuit avec éclairage allumé,En agglomération,Intersection en X,Normale,Deux véhicules - côté,,,,,,,,,,,5,2,2,1,3
201500052434,0015-07-01 00:45:00,15,7,1,0,45,750,111,"94, RUE DU CHEMIN VERT",,,Nuit avec éclairage allumé,En agglomération,Intersection en X,Normale,Autre collision,,,,,,,,,,,5,2,2,1,6
201500052435,0015-07-02 19:40:00,15,7,2,19,40,750,111,"26, AVENUE DE LA REPUBLI",,,Plein jour,En agglomération,Intersection à plus de 4 branches,Normale,Deux véhicules - côté,,,,,,,,,,,1,2,5,1,3
201500052436,0015-07-03 09:00:00,15,7,3,9,0,750,111,"4, BOULEVARD DU TEMPLE",,,Plein jour,En agglomération,Intersection en T,Normale,Deux véhicules - côté,,,,,,,,,,,1,2,3,1,3
201500052437,0015-07-03 20:50:00,15,7,3,20,50,750,111,"71, BOULEVARD VOLTAIRE",,,Plein jour,En agglomération,Hors intersection,Normale,Deux véhicules - côté,,,,,,,,,,,1,2,1,1,3
201500052438,0015-07-07 09:35:00,15,7,7,9,35,750,111,"97, BOULEVARD VOLTAIRE",,,Plein jour,En agglomération,Hors intersection,Normale,Trois véhicules et plus - en chaîne,,,,,,,,,,,1,2,1,1,4
201500052439,0015-07-07 23:25:00,15,7,7,23,25,750,111,"48, AVENUE PARMENTIER",,,Nuit avec éclairage allumé,En agglomération,Intersection en X,Normale,Deux véhicules - côté,,,,,,,,,,,5,2,2,1,3
201500052440,0015-07-09 15:25:00,15,7,9,15,25,750,111,"119, BOULEVARD VOLTAIRE",,,Plein jour,En agglomération,Hors intersection,Normale,Deux véhicules - côté,,,,,,,,,,,1,2,1,1,3
201500052441,0015-07-09 19:00:00,15,7,9,19,0,750,111,"89, RUE DU FAUBOURG SAIN",,,Plein jour,En agglomération,Intersection en T,Normale,Sans collision,,,,,,,,,,,1,2,3,1,7
201500052442,0015-07-11 11:40:00,15,7,11,11,40,750,111,"71, RUE DE CHARONNE",,,Plein jour,En agglomération,Intersection en X,Normale,Autre collision,,,,,,,,,,,1,2,2,1,6
201500052443,0015-07-12 05:50:00,15,7,12,5,50,750,111,"33, RUE SAINT MAUR",,,Crépuscule ou aube,En agglomération,Intersection en X,Normale,Deux véhicules - côté,,,,,,,,,,,2,2,2,1,3
201500052444,0015-07-13 01:00:00,15,7,13,1,0,750,111,"1, RUE OBERKAMPF",,,Nuit avec éclairage allumé,En agglomération,Intersection en X,Normale,Autre collision,,,,,,,,,,,5,2,2,1,6
201500052445,0015-07-13 16:35:00,15,7,13,16,35,750,111,"21, RUE SEDAINE",,,Plein jour,En agglomération,Hors intersection,Temps couvert,Deux véhicules - côté,,,,,,,,,,,1,2,1,8,3
201500052446,0015-07-13 18:35:00,15,7,13,18,35,750,111,"12, PLACE DE LA BASTILLE",,,Plein jour,En agglomération,Place,Normale,Deux véhicules - arrière,,,,,,,,,,,1,2,7,1,2
201500052447,0015-07-14 03:55:00,15,7,14,3,55,750,111,"115, AVENUE LEDRU ROLLIN",,,Nuit avec éclairage allumé,En agglomération,Intersection en X,Normale,Deux véhicules - côté,,,,,,,,,,,5,2,2,1,3
201500052448,0015-07-15 17:15:00,15,7,15,17,15,750,111,"79, BOULEVARD DE BELLEVI",,,Plein jour,En agglomération,Intersection en Y,Normale,Autre collision,,,,,,,,,,,1,2,4,1,6
201500052449,0015-07-17 12:25:00,15,7,17,12,25,750,111,"1, AVENUE PHILIPPE AUGUS",,,Plein jour,En agglomération,Hors intersection,Normale,Deux véhicules - arrière,,,,,,,,,,,1,2,1,1,2
201500052450,0015-07-20 01:45:00,15,7,20,1,45,750,111,"126, AVENUE PARMENTIER",,,Nuit avec éclairage allumé,En agglomération,Intersection en X,Autre,Deux véhicules - côté,,,,,,,,,,,5,2,2,9,3
201500052451,0015-07-20 11:15:00,15,7,20,11,15,750,111,"107, BOULEVARD VOLTAIRE",,,Plein jour,En agglomération,Hors intersection,Normale,Deux véhicules - arrière,,,,,,,,,,,1,2,1,1,2
201500052452,0015-07-22 16:29:00,15,7,22,16,29,750,111,"4, BOULEVARD RICHARD LEN",,,Plein jour,En agglomération,Place,Normale,Deux véhicules - côté,,,,,,,,,,,1,2,7,1,3
201500052453,0015-07-24 15:25:00,15,7,24,15,25,750,111,RUE DE MONTREUIL,,,Plein jour,En agglomération,Intersection en T,Normale,Deux véhicules - côté,,,,,,,,,,,1,2,3,1,3
201500052454,0015-07-27 10:00:00,15,7,27,10,0,750,111,"9, BOULEVARD DE MENILMON",,,Plein jour,En agglomération,Intersection en X,Normale,Deux véhicules - arrière,,,,,,,,,,,1,2,2,1,2
201500052455,0015-07-29 16:45:00,15,7,29,16,45,750,110,"1, AVENUE PARMENTIER",,,Plein jour,En agglomération,Place,Normale,Autre collision,,,,,,,,,,,1,2,7,1,6
201500052456,0015-07-30 08:35:00,15,7,30,8,35,750,111,"52, AVENUE DE LA REPUBLI",,,Plein jour,En agglomération,Hors intersection,Normale,Deux véhicules - côté,,,,,,,,,,,1,2,1,1,3
201500052457,0015-08-04 07:50:00,15,8,4,7,50,750,111,"22, RUE LACHARRIERE",,,Plein jour,En agglomération,Intersection en X,Normale,Deux véhicules - côté,,,,,,,,,,,1,2,2,1,3
201500052458,0015-08-09 10:10:00,15,8,9,10,10,750,112,"40, BOULEVARD DIDEROT",,,Plein jour,En agglomération,Intersection en X,Pluie légère,Deux véhicules - côté,,,,,,,,,,,1,2,2,2,3
201500052459,0015-08-10 13:20:00,15,8,10,13,20,750,111,"24, BOULEVARD BEAUMARCHA",,,Plein jour,En agglomération,Intersection en X,Normale,Sans collision,,,,,,,,,,,1,2,2,1,7
201500052460,0015-08-12 10:45:00,15,8,12,10,45,750,111,"187, RUE DU FAUBOURG SAI",,,Plein jour,En agglomération,Hors intersection,Normale,Deux véhicules - côté,,,,,,,,,,,1,2,1,1,3
201500052461,0015-08-13 15:10:00,15,8,13,15,10,750,111,"128, AVENUE PARMENTIER",,,Plein jour,En agglomération,Intersection en T,Normale,Deux véhicules - côté,,,,,,,,,,,1,2,3,1,3
201500052462,0015-08-13 16:25:00,15,8,13,16,25,750,111,"15, PLACE DE LA NATION",,,Plein jour,En agglomération,Place,Normale,Deux véhicules - côté,,,,,,,,,,,1,2,7,1,3
201500052463,0015-08-13 18:45:00,15,8,13,18,45,750,111,"31, RUE DU FAUBOURG SAI",,,Plein jour,En agglomération,Intersection en X,Temps éblouissant,Sans collision,,,,,,,,,,,1,2,2,7,7
201500052464,0015-08-16 04:50:00,15,8,16,4,50,750,110,RUE DU FAUBOURG DU TEMPL,,,Nuit avec éclairage allumé,En agglomération,Intersection en T,Normale,Autre collision,,,,,,,,,,,5,2,3,1,6
201500052465,0015-08-19 08:20:00,15,8,19,8,20,750,111,"84, AVENUE PHILIPPE AUGU",,,Plein jour,En agglomération,Hors intersection,Normale,Deux véhicules - côté,,,,,,,,,,,1,2,1,1,3
201500052466,0015-08-21 14:40:00,15,8,21,14,40,750,111,"24, BOULEVARD RICHARD LE",,,Plein jour,En agglomération,Intersection à plus de 4 branches,Normale,Autre collision,,,,,,,,,,,1,2,5,1,6
201500052467,0015-08-24 11:35:00,15,8,24,11,35,750,111,"3, PLACE LEON BLUM",,,Plein jour,En agglomération,Place,Pluie légère,Autre collision,,,,,,,,,,,1,2,7,2,6
201500052468,0015-08-24 19:35:00,15,8,24,19,35,750,111,"93, AVENUE DE LA REPUBLI",,,Crépuscule ou aube,En agglomération,Intersection en T,Pluie légère,Deux véhicules - côté,,,,,,,,,,,2,2,3,2,3
201500052469,0015-08-25 10:50:00,15,8,25,10,50,750,111,"70, AVENUE PARMENTIER",,,Plein jour,En agglomération,Intersection en T,Normale,Deux véhicules - côté,,,,,,,,,,,1,2,3,1,3
201500052470,0015-08-25 21:55:00,15,8,25,21,55,750,111,"70, BOULEVARD RICHARD LE",,,Nuit avec éclairage allumé,En agglomération,Hors intersection,Autre,Deux véhicules - côté,,,,,,,,,,,5,2,1,9,3
201500052471,0015-08-26 10:40:00,15,8,26,10,40,750,111,"122, BOULEVARD VOLTAIRE",,,Plein jour,En agglomération,Intersection en X,Normale,Autre collision,,,,,,,,,,,1,2,2,1,6
201500052472,0015-08-26 18:35:00,15,8,26,18,35,750,111,"62, RUE DU CHEMIN VERT",,,Plein jour,En agglomération,Hors intersection,Normale,Deux véhicules - côté,,,,,,,,,,,1,2,1,1,3
201500052473,0015-08-27 05:03:00,15,8,27,5,3,750,111,"117, BOULEVARD VOLTAIRE",,,Nuit avec éclairage allumé,En agglomération,Hors intersection,Pluie légère,Autre collision,,,,,,,,,,,5,2,1,2,6
201500052474,0015-08-28 16:33:00,15,8,28,16,33,750,111,"01, RUE SAINT AMBROISE",,,Plein jour,En agglomération,Intersection en T,Normale,Deux véhicules - côté,,,,,,,,,,,1,2,3,1,3
201500052475,0015-08-28 18:26:00,15,8,28,18,26,750,111,"6, PLACE LEON BLUM",,,Plein jour,En agglomération,Place,Normale,Autre collision,,,,,,,,,,,1,2,7,1,6
201500052476,0015-09-01 09:40:00,15,9,1,9,40,750,111,"166, AVENUE LEDRU ROLLIN",,,Plein jour,En agglomération,Place,Normale,Deux véhicules - côté,,,,,,,,,,,1,2,7,1,3
201500052477,0015-09-03 01:27:00,15,9,3,1,27,750,111,"207, BOULEVARD VOLTAIRE",,,Nuit avec éclairage allumé,En agglomération,Intersection en X,Normale,Autre collision,,,,,,,,,,,5,2,2,1,6
201500052478,0015-09-03 19:15:00,15,9,3,19,15,750,111,"159, RUE DE CHARONNE",,,Plein jour,En agglomération,Intersection en T,Normale,Deux véhicules - côté,,,,,,,,,,,1,2,3,1,3
201500052479,0015-09-04 11:30:00,15,9,4,11,30,750,111,"6-8, PLACE LEON BLUM",,,Plein jour,En agglomération,Place,Normale,Deux véhicules - arrière,,,,,,,,,,,1,2,7,1,2
201500052480,0015-09-05 06:30:00,15,9,5,6,30,750,111,"20, BOULEVARD RICHARD LE",,,Crépuscule ou aube,En agglomération,Intersection en X,Normale,Autre collision,,,,,,,,,,,2,2,2,1,6
201500052481,0015-09-05 19:40:00,15,9,5,19,40,750,111,"76, AVENUE PARMENTIER",,,Crépuscule ou aube,En agglomération,Intersection en T,Pluie légère,Deux véhicules - côté,,,,,,,,,,,2,2,3,2,3
201500052482,0015-09-05 19:45:00,15,9,5,19,45,750,111,"24, BOULEVARD RICHARD LE",,,Nuit avec éclairage allumé,En agglomération,Intersection à plus de 4 branches,Pluie légère,Deux véhicules - arrière,,,,,,,,,,,5,2,5,2,2
201500052483,0015-09-06 21:15:00,15,9,6,21,15,750,111,"69, RUE LEON FROT",,,Nuit avec éclairage allumé,En agglomération,Intersection en X,Normale,Autre collision,,,,,,,,,,,5,2,2,1,6
201500052484,0015-09-08 02:30:00,15,9,8,2,30,750,111,"4, AVENUE PHILIPPE AUGUS",,,Nuit avec éclairage allumé,En agglomération,Place,Normale,Deux véhicules - côté,,,,,,,,,,,5,2,7,1,3
201500052485,0015-09-09 09:20:00,15,9,9,9,20,750,111,"132, RUE SAINT MAUR",,,Plein jour,En agglomération,Hors intersection,Normale,Autre collision,,,,,,,,,,,1,2,1,1,6
201500052486,0015-09-09 17:00:00,15,9,9,17,0,750,111,AVENUE DE LA REPUBLIQUE,,,Plein jour,En agglomération,Intersection en X,Normale,Deux véhicules - côté,,,,,,,,,,,1,2,2,1,3
201500052487,0015-09-10 10:50:00,15,9,10,10,50,750,111,"47, RUE DE LA ROQUETTE",,,Plein jour,En agglomération,Intersection en X,Normale,Autre collision,,,,,,,,,,,1,2,2,1,6
201500052488,0015-09-11 17:12:00,15,9,11,17,12,750,111,"82, BOULEVARD VOLTAIRE",,,Plein jour,En agglomération,Intersection en T,Normale,Deux véhicules - côté,,,,,,,,,,,1,2,3,1,3