accident_id,datetime,annee,mois,jour,heure,minute,departement,commune_insee,adresse,latitude,longitude,luminosite,agglomeration,intersection,meteo,collision,nb_vehicules,nb_usagers,nb_indemnes,nb_tues,nb_blesses_hosp,nb_blesses_legers,age_cond_1,age_cond_2,veh_type_cond_1,veh_type_cond_2,lum_code,agg_code,int_code,atm_code,col_code
201500052489,0015-09-11 18:20:00,15,9,11,18,20,750,120,"21, BOULEVARD DE MENILMO",,,Plein jour,En agglomération,Intersection en T,Normale,Autre collision,,,,,,,,,,,1,2,3,1,6
201500052490,0015-09-12 18:45:00,15,9,12,18,45,750,111,"116, BOULEVARD RICHARD L",,,Plein jour,En agglomération,Hors intersection,Temps couvert,Deux véhicules - côté,,,,,,,,,,,1,2,1,8,3
201500052491,0015-09-15 18:10:00,15,9,15,18,10,750,111,"113, RUE DE LA ROQUETTE",,,Plein jour,En agglomération,Place,Normale,Deux véhicules - côté,,,,,,,,,,,1,2,7,1,3
201500052492,0015-09-17 15:50:00,15,9,17,15,50,750,111,"63, BOULEVARD VOLTAIRE",,,Plein jour,En agglomération,Hors intersection,Temps couvert,Deux véhicules - côté,,,,,,,,,,,1,2,1,8,3
201500052493,0015-09-18 12:20:00,15,9,18,12,20,750,111,"19, RUE DU CHEMIN VERT",,,Plein jour,En agglomération,Intersection à plus de 4 branches,Normale,Autre collision,,,,,,,,,,,1,2,5,1,6
201500052494,0015-09-18 15:45:00,15,9,18,15,45,750,111,"160, BOULEVARD VOLTAIRE",,,Plein jour,En agglomération,Intersection en T,Pluie forte,Deux véhicules - arrière,,,,,,,,,,,1,2,3,3,2
201500052495,0015-09-19 12:50:00,15,9,19,12,50,750,111,"8, PLACE DE LA REPUBLIQU",,,Plein jour,En agglomération,Place,Normale,Deux véhicules - côté,,,,,,,,,,,1,2,7,1,3
201500052496,0015-09-19 17:40:00,15,9,19,17,40,750,111,"95, AVENUE LEDRU ROLLIN",,,Plein jour,En agglomération,Hors intersection,Normale,Deux véhicules - côté,,,,,,,,,,,1,2,1,1,3
201500052497,0015-09-19 15:45:00,15,9,19,15,45,750,111,"57, RUE SAINT MAUR",,,Plein jour,En agglomération,Intersection en T,Normale,Sans collision,,,,,,,,,,,1,2,3,1,7
201500052498,0015-09-20 15:45:00,15,9,20,15,45,750,111,"64-66-68, RUE LEON FROT",,,Plein jour,En agglomération,Intersection en X,Normale,Autre collision,,,,,,,,,,,1,2,2,1,6
201500052499,0015-09-19 04:45:00,15,9,19,4,45,750,111,PLACE DE LA NATION,,,Nuit avec éclairage allumé,En agglomération,Place,Normale,Autre collision,,,,,,,,,,,5,2,7,1,6
201500052500,0015-09-21 09:40:00,15,9,21,9,40,750,111,"103, AVENUE DE LA REPUBL",,,Plein jour,En agglomération,Intersection en T,Normale,Autre collision,,,,,,,,,,,1,2,3,1,6
201500052501,0015-09-22 00:20:00,15,9,22,0,20,750,111,"56, AVENUE DE LA REPUBLI",,,Nuit avec éclairage allumé,En agglomération,Hors intersection,Pluie légère,Deux véhicules - arrière,,,,,,,,,,,5,2,1,2,2
201500052502,0015-09-23 19:20:00,15,9,23,19,20,750,111,"154, AVENUE LEDRU ROLLIN",,,Nuit avec éclairage allumé,En agglomération,Hors intersection,Normale,Deux véhicules - côté,,,,,,,,,,,5,2,1,1,3
201500052503,0015-09-23 22:40:00,15,9,23,22,40,750,111,"55, AVENUE PARMENTIER",,,Nuit avec éclairage allumé,En agglomération,Intersection en X,Normale,Deux véhicules - côté,,,,,,,,,,,5,2,2,1,3
201500052504,0015-09-25 15:40:00,15,9,25,15,40,750,111,"10, PLACE LEON BLUM",,,Plein jour,En agglomération,Intersection en X,Normale,Autre collision,,,,,,,,,,,1,2,2,1,6
201500052505,0015-09-25 22:25:00,15,9,25,22,25,750,111,"26, BOULEVARD DES FILLES",,,Nuit avec éclairage allumé,En agglomération,Intersection en X,Normale,Deux véhicules - côté,,,,,,,,,,,5,2,2,1,3
201500052506,0015-09-28 07:50:00,15,9,28,7,50,750,111,"138, BOULEVARD RICHARD L",,,Plein jour,En agglomération,Intersection en X,Normale,Deux véhicules - côté,,,,,,,,,,,1,2,2,1,3
201500052507,0015-09-29 11:50:00,15,9,29,11,50,750,111,"101, RUE DU CHEMIN VERT",,,Plein jour,En agglomération,Intersection en X,Normale,Autre collision,,,,,,,,,,,1,2,2,1,6
201500052508,0015-09-29 18:20:00,15,9,29,18,20,750,111,"16, BOULEVARD DES FILLES",,,Plein jour,En agglomération,Intersection en T,Normale,Deux véhicules - arrière,,,,,,,,,,,1,2,3,1,2
201500052509,0015-09-29 12:40:00,15,9,29,12,40,750,111,"247, RUE DU FAUBOURG SAI",,,Plein jour,En agglomération,Hors intersection,Normale,Deux véhicules - arrière,,,,,,,,,,,1,2,1,1,2
201500052510,0015-09-30 16:20:00,15,9,30,16,20,750,111,"251, BOULEVARD VOLTAIRE",,,Plein jour,En agglomération,Intersection à plus de 4 branches,Normale,Deux véhicules - arrière,,,,,,,,,,,1,2,5,1,2
201500052511,0015-10-01 08:35:00,15,10,1,8,35,750,111,"46, RUE JEAN PIERRE TIMB",,,Crépuscule ou aube,En agglomération,Hors intersection,Normale,Autre collision,,,,,,,,,,,2,2,1,1,6
201500052512,0015-10-02 08:55:00,15,10,2,8,55,750,111,"124, AVENUE DE LA REPUBL",,,Plein jour,En agglomération,Intersection en Y,Temps éblouissant,Autre collision,,,,,,,,,,,1,2,4,7,6
201500052513,0015-10-02 17:00:00,15,10,2,17,0,750,111,"183, RUE DE CHARONNE",,,Plein jour,En agglomération,Intersection en T,Normale,Autre collision,,,,,,,,,,,1,2,3,1,6
201500052514,0015-10-03 19:50:00,15,10,3,19,50,750,111,"5, RUE DU FAUBOURG SAINT",,,Crépuscule ou aube,En agglomération,Intersection en T,Normale,Deux véhicules - côté,,,,,,,,,,,2,2,3,1,3
201500052515,0015-10-07 11:55:00,15,10,7,11,55,750,111,"21, AVENUE PARMENTIER",,,Plein jour,En agglomération,Intersection en T,Normale,Deux véhicules - arrière,,,,,,,,,,,1,2,3,1,2
201500052516,0015-10-07 19:45:00,15,10,7,19,45,750,111,"51 BIS, AVENUE DE LA REP",,,Nuit avec éclairage non allumé,En agglomération,Hors intersection,Normale,Deux véhicules - côté,,,,,,,,,,,4,2,1,1,3
201500052517,0015-10-09 10:00:00,15,10,9,10,0,750,111,"104, AVENUE PARMENTIER",,,Plein jour,En agglomération,Intersection à plus de 4 branches,Normale,Autre collision,,,,,,,,,,,1,2,5,1,6
201500052518,0015-10-06 09:15:00,15,10,6,9,15,750,111,"51 BIS, RUE DE LA ROQUET",,,Plein jour,En agglomération,Intersection en T,Pluie légère,Sans collision,,,,,,,,,,,1,2,3,2,7
201500052519,0015-10-10 16:50:00,15,10,10,16,50,750,111,"51, RUE DE LAPPE",,,Plein jour,En agglomération,Hors intersection,Normale,Autre collision,,,,,,,,,,,1,2,1,1,6
201500052520,0015-10-10 22:45:00,15,10,10,22,45,750,111,"84, AVENUE PHILIPPE AUGU",,,Nuit avec éclairage allumé,En agglomération,Hors intersection,Normale,Deux véhicules - côté,,,,,,,,,,,5,2,1,1,3
201500052521,0015-10-11 11:50:00,15,10,11,11,50,750,111,"7, AVENUE DU TRONE",,,Plein jour,En agglomération,Intersection en X,Normale,Deux véhicules - côté,,,,,,,,,,,1,2,2,1,3
201500052522,0015-10-12 16:05:00,15,10,12,16,5,750,111,"17, BOULEVARD DES FILLES",,,Plein jour,En agglomération,Place,Normale,Deux véhicules - arrière,,,,,,,,,,,1,2,7,1,2
201500052523,0015-10-13 16:50:00,15,10,13,16,50,750,111,"7 bis, RUE DES TROIS BOR",,,Plein jour,En agglomération,Intersection en X,Normale,Autre collision,,,,,,,,,,,1,2,2,1,6
201500052524,0015-10-13 17:50:00,15,10,13,17,50,750,111,"63, BOULEVARD RICHARD LE",,,Plein jour,En agglomération,Intersection en Y,Normale,Autre collision,,,,,,,,,,,1,2,4,1,6
201500052525,0015-10-14 17:45:00,15,10,14,17,45,750,111,"104, BOULEVARD RICHARD L",,,Plein jour,En agglomération,Hors intersection,Normale,Deux véhicules - côté,,,,,,,,,,,1,2,1,1,3
201500052526,0015-10-15 15:30:00,15,10,15,15,30,750,111,"81, BOULEVARD DE CHARONN",,,Plein jour,En agglomération,Intersection en X,Normale,Deux véhicules - côté,,,,,,,,,,,1,2,2,1,3
201500052527,0015-10-15 19:00:00,15,10,15,19,0,750,111,"42 bis, BOULEVARD RICHAR",,,Nuit avec éclairage allumé,En agglomération,Intersection en X,Normale,Autre collision,,,,,,,,,,,5,2,2,1,6
201500052528,0015-10-20 15:00:00,15,10,20,15,0,750,111,"23, BOULEVARD VOLTAIRE",,,Plein jour,En agglomération,Hors intersection,Normale,Deux véhicules - côté,,,,,,,,,,,1,2,1,1,3
201500052529,0015-10-22 12:25:00,15,10,22,12,25,750,111,"3, CITE DES TROIS BORNES",,,Plein jour,En agglomération,Intersection en X,Pluie légère,Autre collision,,,,,,,,,,,1,2,2,2,6
201500052530,0015-10-22 16:00:00,15,10,22,16,0,750,111,"12, RUE ALEXANDRE DUMAS",,,Plein jour,En agglomération,Hors intersection,Normale,Trois véhicules et plus - en chaîne,,,,,,,,,,,1,2,1,1,4
201500052531,0015-10-22 20:45:00,15,10,22,20,45,750,111,"2, PLACE LEON BLUM",,,Nuit avec éclairage allumé,En agglomération,Place,Pluie légère,Sans collision,,,,,,,,,,,5,2,7,2,7
201500052532,0015-10-23 12:25:00,15,10,23,12,25,750,111,"81, BOULEVARD DE MENILMO",,,Plein jour,En agglomération,Intersection en X,Normale,Deux véhicules - arrière,,,,,,,,,,,1,2,2,1,2
201500052533,0015-10-23 16:00:00,15,10,23,16,0,750,111,"93, AVENUE LEDRU ROLLIN",,,Plein jour,En agglomération,Intersection en X,Normale,Deux véhicules - arrière,,,,,,,,,,,1,2,2,1,2
201500052534,0015-10-24 21:15:00,15,10,24,21,15,750,112,"21, PLACE DE LA NATION",,,Nuit avec éclairage allumé,En agglomération,Place,Normale,Deux véhicules - côté,,,,,,,,,,,5,2,7,1,3
201500052535,0015-10-27 19:00:00,15,10,27,19,0,750,111,"1, AVENUE PHILIPPE AUGUS",,,Nuit avec éclairage non allumé,En agglomération,Place,Pluie légère,Deux véhicules - côté,,,,,,,,,,,4,2,7,2,3
201500052536,0015-10-29 07:00:00,15,10,29,7,0,750,111,"15, RUE EMILE LEPEU",,,Nuit avec éclairage non allumé,En agglomération,Hors intersection,Normale,Autre collision,,,,,,,,,,,4,2,1,1,6
201500052537,0015-10-30 07:58:00,15,10,30,7,58,750,111,BOULEVARD VOLTAIRE,,,Plein jour,En agglomération,Intersection en X,Normale,Deux véhicules - arrière,,,,,,,,,,,1,2,2,1,2
201500052538,0015-11-02 08:25:00,15,11,2,8,25,750,111,"91, AVENUE DE LA REPUBLI",,,Plein jour,En agglomération,Intersection en T,Normale,Deux véhicules - côté,,,,,,,,,,,1,2,3,1,3
201500052539,0015-11-02 08:55:00,15,11,2,8,55,750,111,"155, RUE DU FAUBOURG SAI",,,Plein jour,En agglomération,Hors intersection,Normale,Deux véhicules - côté,,,,,,,,,,,1,2,1,1,3
201500052540,0015-11-02 09:20:00,15,11,2,9,20,750,111,"303, RUE DU FAUBOURG SAI",,,Plein jour,En agglomération,Intersection à plus de 4 branches,Normale,Deux véhicules - côté,,,,,,,,,,,1,2,5,1,3
201500052541,0015-11-02 17:28:00,15,11,2,17,28,750,111,"76, RUE DE CHARONNE",,,Nuit avec éclairage allumé,En agglomération,Intersection en X,Normale,Deux véhicules - côté,,,,,,,,,,,5,2,2,1,3
201500052542,0015-11-05 01:00:00,15,11,5,1,0,750,111,"7, PLACE DE LA NATION",,,Nuit avec éclairage allumé,En agglomération,Place,Normale,Deux véhicules - arrière,,,,,,,,,,,5,2,7,1,2
201500052543,0015-11-07 08:45:00,15,11,7,8,45,750,111,"111, BOULEVARD DE MENILM",,,Plein jour,En agglomération,Intersection en T,Normale,Deux véhicules - côté,,,,,,,,,,,1,2,3,1,3
201500052544,0015-11-07 18:25:00,15,11,7,18,25,750,111,"4, AVENUE PARMENTIER",,,Nuit avec éclairage allumé,En agglomération,Hors intersection,Normale,Deux véhicules - côté,,,,,,,,,,,5,2,1,1,3
201500052545,0015-11-08 16:25:00,15,11,8,16,25,750,111,"42, RUE DE MALTE",,,Plein jour,En agglomération,Intersection en X,Normale,Deux véhicules - côté,,,,,,,,,,,1,2,2,1,3
201500052546,0015-11-11 20:50:00,15,11,11,20,50,750,111,"82, RUE DE LA FOLIE MERI",,,Nuit avec éclairage allumé,En agglomération,Intersection en X,Normale,Deux véhicules - côté,,,,,,,,,,,5,2,2,1,3
201500052547,0015-11-11 21:54:00,15,11,11,21,54,750,111,BOULEVARD BEAUMARCHAIS,,,Nuit avec éclairage allumé,En agglomération,Intersection en T,Pluie légère,Deux véhicules - côté,,,,,,,,,,,5,2,3,2,3
201500052548,0015-11-12 14:15:00,15,11,12,14,15,750,111,"237, RUE DU FAUBOURG SAI",,,Plein jour,En agglomération,Intersection à plus de 4 branches,Temps couvert,Deux véhicules - côté,,,,,,,,,,,1,2,5,8,3
201500052549,0015-11-12 15:10:00,15,11,12,15,10,750,111,"303, RUE DU FAUBOURG SAI",,,Plein jour,En agglomération,Intersection à plus de 4 branches,Normale,Deux véhicules - côté,,,,,,,,,,,1,2,5,1,3
201500052550,0015-11-13 19:50:00,15,11,13,19,50,750,111,"163, AVENUE LEDRU ROLLIN",,,Nuit avec éclairage allumé,En agglomération,Intersection à plus de 4 branches,Normale,Sans collision,,,,,,,,,,,5,2,5,1,7
201500052551,0015-11-16 02:00:00,15,11,16,2,0,750,111,"53 BIS, RUE DE LA ROQUET",,,Nuit avec éclairage allumé,En agglomération,Intersection en T,Normale,Autre collision,,,,,,,,,,,5,2,3,1,6
201500052552,0015-11-13 21:00:00,15,11,13,21,0,750,111,"19, RUE AMELOT",,,Nuit avec éclairage allumé,En agglomération,Intersection en X,Normale,Deux véhicules - côté,,,,,,,,,,,5,2,2,1,3
201500052553,0015-11-16 19:00:00,15,11,16,19,0,750,111,"2, BOULEVARD BEAUMARCHAI",,,Nuit avec éclairage allumé,En agglomération,Hors intersection,Normale,Autre collision,,,,,,,,,,,5,2,1,1,6
201500052554,0015-11-18 15:40:00,15,11,18,15,40,750,111,"166 BIS, RUE DE LA ROQUE",,,Plein jour,En agglomération,Intersection en T,Normale,Autre collision,,,,,,,,,,,1,2,3,1,6
201500052555,0015-11-18 19:30:00,15,11,18,19,30,750,111,"62, BOULEVARD RICHARD LE",,,Nuit avec éclairage non allumé,En agglomération,Intersection en T,Normale,Autre collision,,,,,,,,,,,4,2,3,1,6
201500052556,0015-11-18 12:15:00,15,11,18,12,15,750,111,"103, AVENUE DE LA REPUBL",,,Plein jour,En agglomération,Intersection en T,Normale,Deux véhicules - arrière,,,,,,,,,,,1,2,3,1,2
201500052557,0015-11-20 09:25:00,15,11,20,9,25,750,111,RUE DE CHARONNE,,,Plein jour,En agglomération,Intersection en X,Pluie forte,Sans collision,,,,,,,,,,,1,2,2,3,7
201500052558,0015-11-20 15:00:00,15,11,20,15,0,750,111,"168, RUE DE CHARONNE",,,Plein jour,En agglomération,Intersection en T,Pluie légère,Autre collision,,,,,,,,,,,1,2,3,2,6
201500052559,0015-11-21 06:10:00,15,11,21,6,10,750,111,"62, AVENUE PARMENTIER",,,Nuit avec éclairage allumé,En agglomération,Hors intersection,Normale,Autre collision,,,,,,,,,,,5,2,1,1,6
201500052560,0015-11-21 12:50:00,15,11,21,12,50,750,111,"41, AVENUE DE LA REPUBLI",,,Plein jour,En agglomération,Intersection en X,Temps couvert,Deux véhicules - côté,,,,,,,,,,,1,2,2,8,3
201500052561,0015-11-21 20:10:00,15,11,21,20,10,750,111,"174, BOULEVARD VOLTAIRE",,,Nuit avec éclairage allumé,En agglomération,Intersection en X,Normale,Deux véhicules - côté,,,,,,,,,,,5,2,2,1,3
201500052562,0015-11-22 16:45:00,15,11,22,16,45,750,111,"05, PLACE DE LA NATION",,,Plein jour,En agglomération,Intersection en X,Normale,Deux véhicules - côté,,,,,,,,,,,1,2,2,1,3
201500052563,0015-11-23 17:50:00,15,11,23,17,50,750,111,"9, PLACE DE LA NATION",,,Nuit avec éclairage allumé,En agglomération,Place,Normale,Deux véhicules - côté,,,,,,,,,,,5,2,7,1,3
201500052564,0015-11-23 22:30:00,15,11,23,22,30,750,111,"2, BOULEVARD DU TEMPLE",,,Nuit avec éclairage allumé,En agglomération,Hors intersection,Normale,Autre collision,,,,,,,,,,,5,2,1,1,6
201500052565,0015-11-24 09:35:00,15,11,24,9,35,750,111,"44, RUE JEAN PIERRE TIMB",,,Plein jour,En agglomération,Intersection en X,Normale,Deux véhicules - côté,,,,,,,,,,,1,2,2,1,3
201500052566,0015-11-24 16:55:00,15,11,24,16,55,750,111,"124, AVENUE DE LA REPUBL",,,Nuit avec éclairage allumé,En agglomération,Intersection en T,Pluie légère,Autre collision,,,,,,,,,,,5,2,3,2,6
201500052567,0015-11-24 19:00:00,15,11,24,19,0,750,111,"111, BOULEVARD DE MENILM",,,Nuit avec éclairage allumé,En agglomération,Intersection en T,Pluie légère,Deux véhicules - côté,,,,,,,,,,,5,2,3,2,3
201500052568,0015-11-25 11:10:00,15,11,25,11,10,750,111,"97, AVENUE PHILIPPE AUGU",,,Plein jour,En agglomération,Intersection en X,Pluie légère,Deux véhicules - arrière,,,,,,,,,,,1,2,2,2,2
201500052569,0015-11-26 09:50:00,15,11,26,9,50,750,111,"49, BOULEVARD VOLTAIRE",,,Plein jour,En agglomération,Intersection en X,Normale,Autre collision,,,,,,,,,,,1,2,2,1,6
201500052570,0015-11-26 23:25:00,15,11,26,23,25,750,111,RUE SAINT MAUR,,,Nuit avec éclairage allumé,En agglomération,Intersection en X,Normale,Deux véhicules - côté,,,,,,,,,,,5,2,2,1,3
201500052571,0015-11-27 08:10:00,15,11,27,8,10,750,111,"213, BOULEVARD VOLTAIRE",,,Plein jour,En agglomération,Intersection en T,Normale,Autre collision,,,,,,,,,,,1,2,3,1,6
201500052572,0015-11-27 19:55:00,15,11,27,19,55,750,111,"20, BOULEVARD VOLTAIRE",,,Nuit avec éclairage allumé,En agglomération,Intersection en X,Pluie légère,Autre collision,,,,,,,,,,,5,2,2,2,6
201500052573,0015-11-28 09:45:00,15,11,28,9,45,750,111,"10, RUE CAMILLE DESMOULI",,,Plein jour,En agglomération,Intersection en X,Normale,Deux véhicules - côté,,,,,,,,,,,1,2,2,1,3
201500052574,0015-11-28 12:20:00,15,11,28,12,20,750,111,"22, BOULEVARD BEAUMARCHA",,,Plein jour,En agglomération,Hors intersection,Normale,Deux véhicules - arrière,,,,,,,,,,,1,2,1,1,2
201500052575,0015-11-28 14:50:00,15,11,28,14,50,750,111,"139, RUE DE CHARONNE",,,Plein jour,En agglomération,Hors intersection,Normale,Deux véhicules - arrière,,,,,,,,,,,1,2,1,1,2
201500052576,0015-11-29 15:10:00,15,11,29,15,10,750,111,"42, BOULEVARD RICHARD LE",,,Plein jour,En agglomération,Intersection en X,Normale,Autre collision,,,,,,,,,,,1,2,2,1,6
201500052577,0015-12-01 13:30:00,15,12,1,13,30,750,111,"2, RUE DU FAUBOURG DU TE",,,Plein jour,En agglomération,Intersection en X,Temps couvert,Autre collision,,,,,,,,,,,1,2,2,8,6
201500052578,0015-12-03 19:40:00,15,12,3,19,40,750,111,"23, BOULEVARD DE MENILMO",,,Nuit avec éclairage allumé,En agglomération,Intersection à plus de 4 branches,Normale,Deux véhicules - côté,,,,,,,,,,,5,2,5,1,3
201500052579,0015-12-04 18:15:00,15,12,4,18,15,750,112,"133, RUE DU FAUBOURG SAI",,,Nuit avec éclairage allumé,En agglomération,Intersection en X,Normale,Autre collision,,,,,,,,,,,5,2,2,1,6
201500052580,0015-12-05 05:20:00,15,12,5,5,20,750,111,"90, BOULEVARD VOLTAIRE",,,Nuit avec éclairage allumé,En agglomération,Intersection en Y,Normale,Autre collision,,,,,,,,,,,5,2,4,1,6
201500052581,0015-12-06 20:45:00,15,12,6,20,45,750,111,"148, RUE DU CHEMIN VERT",,,Nuit avec éclairage allumé,En agglomération,Hors intersection,Normale,Autre collision,,,,,,,,,,,5,2,1,1,6
201500052582,0015-12-07 09:50:00,15,12,7,9,50,750,111,"108, AVENUE DE LA REPUBL",,,Plein jour,En agglomération,Hors intersection,Normale,Deux véhicules - côté,,,,,,,,,,,1,2,1,1,3
201500052583,0015-12-08 08:35:00,15,12,8,8,35,750,111,"25, BOULEVARD VOLTAIRE",,,Plein jour,En agglomération,Intersection en X,Normale,Deux véhicules - arrière,,,,,,,,,,,1,2,2,1,2
201500052584,0015-12-08 14:35:00,15,12,8,14,35,750,111,"21, BOULEVARD RICHARD LE",,,Plein jour,En agglomération,Hors intersection,Pluie forte,Autre collision,,,,,,,,,,,1,2,1,3,6
201500052585,0015-12-08 16:40:00,15,12,8,16,40,750,111,"114, AVENUE DE LA REPUBL",,,Crépuscule ou aube,En agglomération,Intersection en Y,Pluie légère,Autre collision,,,,,,,,,,,2,2,4,2,6
201500052586,0015-12-09 11:55:00,15,12,9,11,55,750,111,"51, RUE DE MONTREUIL",,,Plein jour,En agglomération,Hors intersection,Normale,Deux véhicules - arrière,,,,,,,,,,,1,2,1,1,2
201500052587,0015-12-10 22:00:00,15,12,10,22,0,750,111,"VISAVIS 1, BOULEVARD BEA",,,Nuit avec éclairage allumé,En agglomération,Place,Normale,Autre collision,,,,,,,,,,,5,2,7,1,6
201500052588,0015-12-11 17:55:00,15,12,11,17,55,750,111,"183, RUE DU FAUBOURG SAI",,,Nuit avec éclairage allumé,En agglomération,Intersection en T,Pluie légère,Deux véhicules - côté,,,,,,,,,,,5,2,3,2,3
201500052589,0015-12-14 17:25:00,15,12,14,17,25,750,111,"109, RUE SAINT MAUR",,,Nuit avec éclairage allumé,En agglomération,Intersection en X,Normale,Autre collision,,,,,,,,,,,5,2,2,1,6
201500052590,0015-12-15 11:25:00,15,12,15,11,25,750,111,"82, AVENUE PARMENTIER",,,Plein jour,En agglomération,Hors intersection,Pluie légère,Sans collision,,,,,,,,,,,1,2,1,2,7
201500052591,0015-12-16 10:00:00,15,12,16,10,0,750,111,"174, RUE DE CHARONNE",,,Plein jour,En agglomération,Hors intersection,Autre,Deux véhicules - frontale,,,,,,,,,,,1,2,1,9,1
201500052592,0015-12-17 03:50:00,15,12,17,3,50,750,111,"45, AVENUE PARMENTIER",,,Nuit avec éclairage allumé,En agglomération,Intersection en T,Normale,Deux véhicules - côté,,,,,,,,,,,5,2,3,1,3
201500052593,0015-12-18 10:10:00,15,12,18,10,10,750,111,"29, BOULEVARD JULES FERR",,,Plein jour,En agglomération,Intersection en X,Normale,Sans collision,,,,,,,,,,,1,2,2,1,7
201500052594,0015-12-19 12:15:00,15,12,19,12,15,750,111,"164, RUE DE LA ROQUETTE",,,Plein jour,En agglomération,Intersection en T,Normale,Autre collision,,,,,,,,,,,1,2,3,1,6
201500052595,0015-12-23 06:55:00,15,12,23,6,55,750,111,"165, BOULEVARD VOLTAIRE",,,Crépuscule ou aube,En agglomération,Intersection en X,Pluie légère,Deux véhicules - côté,,,,,,,,,,,2,2,2,2,3
201500052596,0015-12-23 10:00:00,15,12,23,10,0,750,111,"125, AVENUE PARMENTIER",,,Plein jour,En agglomération,Intersection en T,Normale,Sans collision,,,,,,,,,,,1,2,3,1,7
201500052597,0015-12-23 14:35:00,15,12,23,14,35,750,111,"56, RUE DU CHEMIN VERT",,,Plein jour,En agglomération,Hors intersection,Normale,Autre collision,,,,,,,,,,,1,2,1,1,6
201500052598,0015-12-23 15:20:00,15,12,23,15,20,750,111,"15, AVENUE DE LA REPUBLI",,,Plein jour,En agglomération,Intersection en X,Normale,Deux véhicules - côté,,,,,,,,,,,1,2,2,1,3
201500052599,0015-12-26 15:00:00,15,12,26,15,0,750,111,"17, RUE DE CHARONNE",,,Plein jour,En agglomération,Intersection en T,Normale,Autre collision,,,,,,,,,,,1,2,3,1,6
201500052600,0015-12-27 06:15:00,15,12,27,6,15,750,111,"51 bis, RUE DE LA ROQUET",,,Nuit avec éclairage allumé,En agglomération,Intersection en T,Normale,Deux véhicules - arrière,,,,,,,,,,,5,2,3,1,2
201500052601,0015-12-27 12:20:00,15,12,27,12,20,750,111,"40, BOULEVARD VOLTAIRE",,,Plein jour,En agglomération,Intersection en X,Normale,Deux véhicules - côté,,,,,,,,,,,1,2,2,1,3
201500052602,0015-12-29 15:35:00,15,12,29,15,35,750,111,"135, AVENUE PARMENTIER",,,Plein jour,En agglomération,Hors intersection,Normale,Autre collision,,,,,,,,,,,1,2,1,1,6
201500052603,0015-01-01 15:00:00,15,1,1,15,0,750,112,"74, AVENUE DE SAINT MAUR",,,Plein jour,En agglomération,Intersection en X,Normale,Deux véhicules - côté,,,,,,,,,,,1,2,2,1,3
201500052604,0015-01-02 12:35:00,15,1,2,12,35,750,112,"14, AVENUE DAUMESNIL",,,Plein jour,En agglomération,Intersection en X,Pluie légère,Deux véhicules - côté,,,,,,,,,,,1,2,2,2,3
201500052605,0015-01-03 10:30:00,15,1,3,10,30,750,112,"20, AVENUE DAUMESNIL",,,Plein jour,En agglomération,Intersection à plus de 4 branches,Pluie légère,Deux véhicules - côté,,,,,,,,,,,1,2,5,2,3
201500052606,0015-01-04 16:48:00,15,1,4,16,48,750,112,ROUTE DE LA PYRAMIDE,,,Crépuscule ou aube,En agglomération,Hors intersection,Normale,Autre collision,,,,,,,,,,,2,2,1,1,6
201500052607,0015-01-05 17:10:00,15,1,5,17,10,750,112,"15, BOULEVARD DE PICPUS",,,Plein jour,En agglomération,Hors intersection,Normale,Autre collision,,,,,,,,,,,1,2,1,1,6
201500052608,0015-01-08 13:40:00,15,1,8,13,40,750,112,"50, BOULEVARD DE LA BAST",,,Plein jour,En agglomération,Intersection en T,Pluie légère,Autre collision,,,,,,,,,,,1,2,3,2,6
201500052609,0015-01-09 11:00:00,15,1,9,11,0,750,112,"., BOULEVARD DE LA GUYAN",,,Plein jour,En agglomération,Hors intersection,Pluie légère,Deux véhicules - côté,,,,,,,,,,,1,2,1,2,3
201500052610,0015-01-11 01:40:00,15,1,11,1,40,750,112,"48, AVENUE DU GENERAL MI",,,Nuit avec éclairage allumé,En agglomération,Intersection en X,Temps couvert,Deux véhicules - frontale,,,,,,,,,,,5,2,2,8,1
201500052611,0015-01-10 19:30:00,15,1,10,19,30,750,112,AVENUE DE NOGENT,,,Nuit avec éclairage allumé,En agglomération,Hors intersection,Normale,Autre collision,,,,,,,,,,,5,2,1,1,6
201500052612,0015-01-11 19:40:00,15,1,11,19,40,750,112,"38, RUE DE REUILLY",,,Nuit avec éclairage allumé,En agglomération,Hors intersection,Normale,Autre collision,,,,,,,,,,,5,2,1,1,6
201500052613,0015-01-12 10:10:00,15,1,12,10,10,750,112,"116, COURS DE VINCENNES",,,Plein jour,En agglomération,Intersection en X,Normale,Deux véhicules - côté,,,,,,,,,,,1,2,2,1,3
201500052614,0015-01-13 13:50:00,15,1,13,13,50,750,112,"86, BOULEVARD PONIATOWSK",,,Plein jour,En agglomération,Intersection en T,Temps couvert,Deux véhicules - côté,,,,,,,,,,,1,2,3,8,3
201500052615,0015-01-13 09:25:00,15,1,13,9,25,750,111,"35, RUE SAINT MAUR",,,Plein jour,En agglomération,Intersection en T,Normale,Autre collision,,,,,,,,,,,1,2,3,1,6
201500052616,0015-01-14 13:30:00,15,1,14,13,30,750,112,"296, RUE DE CHARENTON",,,Plein jour,En agglomération,Hors intersection,Normale,Deux véhicules - côté,,,,,,,,,,,1,2,1,1,3
201500052617,0015-01-17 16:00:00,15,1,17,16,0,750,112,"100, RUE DU FAUBOURG SAI",,,Plein jour,En agglomération,Intersection en X,Normale,Autre collision,,,,,,,,,,,1,2,2,1,6
201500052618,0015-01-22 08:15:00,15,1,22,8,15,750,112,AVENUE DE NOGENT,,,Plein jour,En agglomération,Intersection à plus de 4 branches,Normale,Deux véhicules - côté,,,,,,,,,,,1,2,5,1,3