accident_id,datetime,annee,mois,jour,heure,minute,departement,commune_insee,adresse,latitude,longitude,luminosite,agglomeration,intersection,meteo,collision,nb_vehicules,nb_usagers,nb_indemnes,nb_tues,nb_blesses_hosp,nb_blesses_legers,age_cond_1,age_cond_2,veh_type_cond_1,veh_type_cond_2,lum_code,agg_code,int_code,atm_code,col_code
201500052751,0015-05-18 09:00:00,15,5,18,9,0,750,112,"61, BOULEVARD DIDEROT",,,Plein jour,En agglomération,Intersection en T,Normale,Deux véhicules - côté,,,,,,,,,,,1,2,3,1,3
201500052752,0015-05-20 07:55:00,15,5,20,7,55,750,112,"128, AVENUE DAUMESNIL",,,Plein jour,En agglomération,Intersection en X,Normale,Deux véhicules - arrière,,,,,,,,,,,1,2,2,1,2
201500052753,0015-05-20 17:30:00,15,5,20,17,30,750,112,"212, RUE DE CHARENTON",,,Plein jour,En agglomération,Intersection en T,Normale,Autre collision,,,,,,,,,,,1,2,3,1,6
201500052754,0015-05-22 16:00:00,15,5,22,16,0,750,112,QUAI DE BERCY,,,Plein jour,En agglomération,Intersection en T,Normale,Deux véhicules - arrière,,,,,,,,,,,1,2,3,1,2
201500052755,0015-05-26 10:53:00,15,5,26,10,53,750,112,QUAI DE BERCY,,,Plein jour,En agglomération,Hors intersection,Normale,Trois véhicules et plus - en chaîne,,,,,,,,,,,1,2,1,1,4
201500052756,0015-05-28 13:20:00,15,5,28,13,20,750,112,"195, RUE DE CHARENTON",,,Plein jour,En agglomération,Hors intersection,Normale,Autre collision,,,,,,,,,,,1,2,1,1,6
201500052757,0015-05-28 16:30:00,15,5,28,16,30,750,112,"205, AVENUE DAUMESNIL",,,Plein jour,En agglomération,Hors intersection,Normale,Autre collision,,,,,,,,,,,1,2,1,1,6
201500052758,0015-05-29 10:20:00,15,5,29,10,20,750,112,ROUTE DE CEINTURE DU LAC,,,Plein jour,En agglomération,Hors intersection,Normale,Autre collision,,,,,,,,,,,1,2,1,1,6
201500052759,0015-05-30 23:20:00,15,5,30,23,20,750,112,BOULEVARD DIDEROT,,,Nuit avec éclairage allumé,En agglomération,Intersection en X,Normale,Deux véhicules - arrière,,,,,,,,,,,5,2,2,1,2
201500052760,0015-06-01 21:45:00,15,6,1,21,45,750,112,"102, AVENUE DE SAINT MAN",,,Nuit avec éclairage allumé,En agglomération,Hors intersection,Normale,Autre collision,,,,,,,,,,,5,2,1,1,6
201500052761,0015-06-02 16:40:00,15,6,2,16,40,750,112,"00, QUAI DE BERCY",,,Plein jour,En agglomération,Hors intersection,Normale,Trois véhicules et plus - en chaîne,,,,,,,,,,,1,2,1,1,4
201500052762,0015-06-03 08:40:00,15,6,3,8,40,750,112,"10, RUE DE REUILLY",,,Plein jour,En agglomération,Intersection en X,Normale,Autre collision,,,,,,,,,,,1,2,2,1,6
201500052763,0015-06-03 12:10:00,15,6,3,12,10,750,112,"94, QUAI DE LA RAPEE",,,Plein jour,En agglomération,Intersection en T,Normale,Deux véhicules - arrière,,,,,,,,,,,1,2,3,1,2
201500052764,0015-06-04 08:40:00,15,6,4,8,40,750,112,AVENUE DE GRAVELLE,,,Plein jour,En agglomération,Intersection à plus de 4 branches,Normale,Deux véhicules - côté,,,,,,,,,,,1,2,5,1,3
201500052765,0015-06-06 01:10:00,15,6,6,1,10,750,112,ROUTE DE LA PYRAMIDE,,,Nuit avec éclairage allumé,En agglomération,Hors intersection,Normale,Deux véhicules - arrière,,,,,,,,,,,5,2,1,1,2
201500052766,0015-06-06 13:10:00,15,6,6,13,10,750,112,ROUTE DE LA PYRAMIDE,,,Plein jour,En agglomération,Hors intersection,Normale,Deux véhicules - frontale,,,,,,,,,,,1,2,1,1,1
201500052767,0015-06-08 17:25:00,15,6,8,17,25,750,112,BOULEVARD PONIATOWSKI,,,Plein jour,En agglomération,Intersection en T,Normale,Autre collision,,,,,,,,,,,1,2,3,1,6
201500052768,0015-06-08 17:40:00,15,6,8,17,40,750,112,"205 BIS, AVENUE DAUMESNI",,,Plein jour,En agglomération,Hors intersection,Normale,Autre collision,,,,,,,,,,,1,2,1,1,6
201500052769,0015-06-08 22:40:00,15,6,8,22,40,750,112,AVENUE DU DOCTEUR ARNOLD,,,Nuit avec éclairage allumé,En agglomération,Intersection à plus de 4 branches,Normale,Deux véhicules - frontale,,,,,,,,,,,5,2,5,1,1
201500052770,0015-06-09 10:40:00,15,6,9,10,40,750,112,BOULEVARD PONIATOWSKI,,,Plein jour,En agglomération,Intersection en X,Normale,Autre collision,,,,,,,,,,,1,2,2,1,6
201500052771,0015-06-11 13:00:00,15,6,11,13,0,750,112,"19, RUE DE PRAGUE",,,Plein jour,En agglomération,Intersection en Y,Normale,Autre collision,,,,,,,,,,,1,2,4,1,6
201500052772,0015-06-12 08:55:00,15,6,12,8,55,750,112,QUAI DE BERCY,,,Plein jour,En agglomération,Hors intersection,Normale,Autre collision,,,,,,,,,,,1,2,1,1,6
201500052773,0015-06-12 09:15:00,15,6,12,9,15,750,112,"14, RUE DE RAMBOUILLET",,,Plein jour,En agglomération,Intersection en X,Normale,Autre collision,,,,,,,,,,,1,2,2,1,6
201500052774,0015-06-13 02:25:00,15,6,13,2,25,750,112,ROUTE DE LA FERME,,,Nuit avec éclairage allumé,En agglomération,Intersection en Y,Normale,Deux véhicules - côté,,,,,,,,,,,5,2,4,1,3
201500052775,0015-06-13 14:00:00,15,6,13,14,0,750,112,"49, RUE DU SAHEL",,,Plein jour,En agglomération,Hors intersection,Normale,Autre collision,,,,,,,,,,,1,2,1,1,6
201500052776,0015-06-14 03:25:00,15,6,14,3,25,750,112,"102, BOULEVARD DIDEROT",,,Nuit avec éclairage allumé,En agglomération,Hors intersection,Normale,Autre collision,,,,,,,,,,,5,2,1,1,6
201500052777,0015-06-14 10:30:00,15,6,14,10,30,750,112,BOULEVARD DE LA GUYANE,,,Plein jour,En agglomération,Intersection en X,Normale,Sans collision,,,,,,,,,,,1,2,2,1,7
201500052778,0015-06-15 19:55:00,15,6,15,19,55,750,112,", RUE PARROT",,,Plein jour,En agglomération,Intersection en X,Normale,Deux véhicules - côté,,,,,,,,,,,1,2,2,1,3
201500052779,0015-06-16 14:45:00,15,6,16,14,45,750,112,QUAI DE BERCY,,,Plein jour,En agglomération,Intersection en X,Normale,Autre collision,,,,,,,,,,,1,2,2,1,6
201500052780,0015-06-17 15:00:00,15,6,17,15,0,750,112,"180, AVENUE DAUMESNIL",,,Plein jour,En agglomération,Intersection en T,Normale,Deux véhicules - côté,,,,,,,,,,,1,2,3,1,3
201500052781,0015-06-18 07:45:00,15,6,18,7,45,750,112,ROUTE DE LA PYRAMIDE,,,Plein jour,En agglomération,Hors intersection,Temps couvert,Autre collision,,,,,,,,,,,1,2,1,8,6
201500052782,0015-06-23 20:25:00,15,6,23,20,25,750,112,"40, AVENUE DAUMESNIL",,,Plein jour,En agglomération,Intersection en X,Normale,Autre collision,,,,,,,,,,,1,2,2,1,6
201500052783,0015-06-24 21:25:00,15,6,24,21,25,750,112,"58, BOULEVARD DE REUILLY",,,Plein jour,En agglomération,Hors intersection,Normale,Deux véhicules - arrière,,,,,,,,,,,1,2,1,1,2
201500052784,0015-06-26 13:38:00,15,6,26,13,38,750,112,"75, RUE DE LYON",,,Plein jour,En agglomération,Hors intersection,Normale,Autre collision,,,,,,,,,,,1,2,1,1,6
201500052785,0015-06-26 17:55:00,15,6,26,17,55,750,112,"82, COURS DE VINCENNES",,,Plein jour,En agglomération,Intersection en X,Normale,Deux véhicules - côté,,,,,,,,,,,1,2,2,1,3
201500052786,0015-06-27 17:10:00,15,6,27,17,10,750,112,"178, AVENUE DAUMESNIL",,,Plein jour,En agglomération,Intersection en Y,Normale,Trois véhicules et plus - en chaîne,,,,,,,,,,,1,2,4,1,4
201500052787,0015-06-28 21:50:00,15,6,28,21,50,750,112,AVENUE DE NOGENT,,,Nuit avec éclairage allumé,En agglomération,Hors intersection,Normale,Deux véhicules - frontale,,,,,,,,,,,5,2,1,1,1
201500052788,0015-06-30 09:30:00,15,6,30,9,30,750,112,"38, RUE BARON LE ROY",,,Plein jour,En agglomération,Hors intersection,Normale,Autre collision,,,,,,,,,,,1,2,1,1,6
201500052789,0015-06-30 17:26:00,15,6,30,17,26,750,112,"115, BOULEVARD SOULT",,,Plein jour,En agglomération,Intersection en T,Normale,Autre collision,,,,,,,,,,,1,2,3,1,6
201500052790,0015-06-30 21:00:00,15,6,30,21,0,750,112,AVENUE DES TERROIRS DE F,,,Plein jour,En agglomération,Hors intersection,Normale,Autre collision,,,,,,,,,,,1,2,1,1,6
201500052791,0015-06-30 22:50:00,15,6,30,22,50,750,112,SOUTERRAIN CHALON,,,Nuit avec éclairage allumé,En agglomération,Hors intersection,Normale,Autre collision,,,,,,,,,,,5,2,1,1,6
201500052792,0015-07-01 03:05:00,15,7,1,3,5,750,112,RUE DU FAUBOURG SAINT AN,,,Nuit avec éclairage allumé,En agglomération,Intersection à plus de 4 branches,Normale,Deux véhicules - côté,,,,,,,,,,,5,2,5,1,3
201500052793,0015-07-01 15:30:00,15,7,1,15,30,750,112,RUE DU GENERAL DE LANGLE,,,Plein jour,En agglomération,Intersection en Y,Normale,Autre collision,,,,,,,,,,,1,2,4,1,6
201500052794,0015-07-01 19:30:00,15,7,1,19,30,750,112,"30, AVENUE DE SAINT MAND",,,Plein jour,En agglomération,Hors intersection,Normale,Deux véhicules - côté,,,,,,,,,,,1,2,1,1,3
201500052795,0015-07-02 22:30:00,15,7,2,22,30,750,112,BOULEVARD DIDEROT,,,Nuit avec éclairage allumé,En agglomération,Intersection en X,Normale,Deux véhicules - côté,,,,,,,,,,,5,2,2,1,3
201500052796,0015-07-03 13:05:00,15,7,3,13,5,750,112,AVENUE DAUMESNIL,,,Plein jour,En agglomération,Place,Normale,Deux véhicules - arrière,,,,,,,,,,,1,2,7,1,2
201500052797,0015-07-03 18:30:00,15,7,3,18,30,750,112,"166, BOULEVARD DIDEROT",,,Plein jour,En agglomération,Hors intersection,Normale,Deux véhicules - côté,,,,,,,,,,,1,2,1,1,3
201500052798,0015-07-04 16:30:00,15,7,4,16,30,750,112,"73, RUE DE LYON",,,Plein jour,En agglomération,Intersection en T,Normale,Deux véhicules - côté,,,,,,,,,,,1,2,3,1,3
201500052799,0015-07-05 00:40:00,15,7,5,0,40,750,112,"55, RUE DE LYON",,,Nuit avec éclairage allumé,En agglomération,Hors intersection,Normale,Autre collision,,,,,,,,,,,5,2,1,1,6
201500052800,0015-07-06 15:40:00,15,7,6,15,40,750,112,"100, AVENUE DAUMESNIL",,,Plein jour,En agglomération,Intersection en T,Normale,Autre collision,,,,,,,,,,,1,2,3,1,6
201500052801,0015-07-06 18:30:00,15,7,6,18,30,750,112,AVENUE DE NOGENT,,,Plein jour,En agglomération,Intersection à plus de 4 branches,Normale,Deux véhicules - côté,,,,,,,,,,,1,2,5,1,3
201500052802,0015-07-06 20:50:00,15,7,6,20,50,750,112,BOULEVARD PONIATOWSKI,,,Plein jour,En agglomération,Intersection à plus de 4 branches,Normale,Deux véhicules - côté,,,,,,,,,,,1,2,5,1,3
201500052803,0015-07-07 11:30:00,15,7,7,11,30,750,111,"83, RUE SEDAINE",,,Plein jour,En agglomération,Hors intersection,Normale,Deux véhicules - côté,,,,,,,,,,,1,2,1,1,3
201500052804,0015-07-07 16:00:00,15,7,7,16,0,750,112,AVENUE COURTELINE,,,Plein jour,En agglomération,Hors intersection,Normale,Autre collision,,,,,,,,,,,1,2,1,1,6
201500052805,0015-07-09 18:00:00,15,7,9,18,0,750,112,AVENUE DE SAINT MAURICE,,,Plein jour,En agglomération,Intersection en Y,Normale,Deux véhicules - côté,,,,,,,,,,,1,2,4,1,3
201500052806,0015-07-12 17:15:00,15,7,12,17,15,750,112,"43, AVENUE DU GENERAL MI",,,Plein jour,En agglomération,Intersection à plus de 4 branches,Normale,Deux véhicules - côté,,,,,,,,,,,1,2,5,1,3
201500052807,0015-07-14 14:10:00,15,7,14,14,10,750,112,BOULEVARD PONIATOWSKI,,,Plein jour,En agglomération,Hors intersection,Normale,Autre collision,,,,,,,,,,,1,2,1,1,6
201500052808,0015-07-14 23:10:00,15,7,14,23,10,750,112,RUE DE CHARENTON,,,Nuit avec éclairage allumé,En agglomération,Intersection en T,Normale,Deux véhicules - côté,,,,,,,,,,,5,2,3,1,3
201500052809,0015-07-15 17:35:00,15,7,15,17,35,750,112,SQUARE COURTELINE,,,Plein jour,En agglomération,Place,Normale,Deux véhicules - côté,,,,,,,,,,,1,2,7,1,3
201500052810,0015-07-16 15:20:00,15,7,16,15,20,750,112,"212, AVENUE DAUMESNIL",,,Plein jour,En agglomération,Hors intersection,Normale,Deux véhicules - côté,,,,,,,,,,,1,2,1,1,3
201500052811,0015-07-16 13:40:00,15,7,16,13,40,750,112,"11, AVENUE DU TREMBLAY",,,Plein jour,En agglomération,Intersection en X,Normale,Autre collision,,,,,,,,,,,1,2,2,1,6
201500052812,0015-07-17 18:20:00,15,7,17,18,20,750,112,"131, BOULEVARD DIDEROT",,,Plein jour,En agglomération,Intersection en X,Normale,Deux véhicules - arrière,,,,,,,,,,,1,2,2,1,2
201500052813,0015-07-19 17:05:00,15,7,19,17,5,750,112,AVENUE DES CANADIENS,,,Plein jour,En agglomération,Intersection en X,Normale,Deux véhicules - côté,,,,,,,,,,,1,2,2,1,3
201500052814,0015-07-20 16:40:00,15,7,20,16,40,750,112,"71, AVENUE LEDRU ROLLIN",,,Plein jour,En agglomération,Intersection en X,Normale,Deux véhicules - côté,,,,,,,,,,,1,2,2,1,3
201500052815,0015-07-21 09:00:00,15,7,21,9,0,750,112,"276, AVENUE DAUMESNIL",,,Plein jour,En agglomération,Intersection en X,Normale,Deux véhicules - côté,,,,,,,,,,,1,2,2,1,3
201500052816,0015-07-23 02:30:00,15,7,23,2,30,750,112,"117, BOULEVARD SOULT",,,Nuit avec éclairage allumé,En agglomération,Intersection à plus de 4 branches,Normale,Deux véhicules - arrière,,,,,,,,,,,5,2,5,1,2
201500052817,0015-07-23 04:50:00,15,7,23,4,50,750,112,"/, QUAI DE LA RAPEE",,,Nuit avec éclairage allumé,En agglomération,Intersection à plus de 4 branches,Normale,Autre collision,,,,,,,,,,,5,2,5,1,6
201500052818,0015-07-25 06:05:00,15,7,25,6,5,750,112,ROUTE DE LA PYRAMIDE,,,Plein jour,En agglomération,Hors intersection,Normale,Autre collision,,,,,,,,,,,1,2,1,1,6
201500052819,0015-07-25 18:45:00,15,7,25,18,45,750,112,"191, RUE DE BERCY",,,Plein jour,En agglomération,Hors intersection,Normale,Autre collision,,,,,,,,,,,1,2,1,1,6
201500052820,0015-07-26 14:10:00,15,7,26,14,10,750,111,"180, RUE DU FAUBOURG SAI",,,Plein jour,En agglomération,Hors intersection,Pluie légère,Autre collision,,,,,,,,,,,1,2,1,2,6
201500052821,0015-07-28 07:45:00,15,7,28,7,45,750,112,"76, AVENUE LEDRU ROLLIN",,,Plein jour,En agglomération,Intersection en X,Temps couvert,Deux véhicules - côté,,,,,,,,,,,1,2,2,8,3
201500052822,0015-07-28 09:06:00,15,7,28,9,6,750,112,"/, BOULEVARD SOULT",,,Plein jour,En agglomération,Intersection à plus de 4 branches,Temps couvert,Deux véhicules - côté,,,,,,,,,,,1,2,5,8,3
201500052823,0015-07-28 21:00:00,15,7,28,21,0,750,112,"2, PLACE FELIX EBOUE",,,Crépuscule ou aube,En agglomération,Place,Pluie légère,Autre collision,,,,,,,,,,,2,2,7,2,6
201500052824,0015-07-29 09:50:00,15,7,29,9,50,750,112,ROUTE DE LA PYRAMIDE,,,Plein jour,En agglomération,Place,Normale,Sans collision,,,,,,,,,,,1,2,7,1,7
201500052825,0015-07-31 09:10:00,15,7,31,9,10,750,112,"120, RUE DE LYON",,,Plein jour,En agglomération,Intersection en T,Normale,Deux véhicules - côté,,,,,,,,,,,1,2,3,1,3
201500052826,0015-08-04 05:50:00,15,8,4,5,50,750,112,QUAI DE BERCY,,,Nuit avec éclairage allumé,En agglomération,Hors intersection,Pluie forte,Sans collision,,,,,,,,,,,5,2,1,3,7
201500052827,0015-08-04 09:45:00,15,8,4,9,45,750,112,"/, RUE DE CHARENTON",,,Plein jour,En agglomération,Intersection en X,Normale,Deux véhicules - côté,,,,,,,,,,,1,2,2,1,3
201500052828,0015-08-04 11:40:00,15,8,4,11,40,750,112,"341, RUE DE CHARENTON",,,Plein jour,En agglomération,Intersection à plus de 4 branches,Normale,Deux véhicules - côté,,,,,,,,,,,1,2,5,1,3
201500052829,0015-08-04 17:30:00,15,8,4,17,30,750,112,"4, RUE ERARD",,,Plein jour,En agglomération,Place,Normale,Autre collision,,,,,,,,,,,1,2,7,1,6
201500052830,0015-08-05 08:20:00,15,8,5,8,20,750,112,BOULEVARD PONIATOWSKI,,,Plein jour,En agglomération,Intersection à plus de 4 branches,Normale,Autre collision,,,,,,,,,,,1,2,5,1,6
201500052831,0015-08-06 08:25:00,15,8,6,8,25,750,112,AVENUE DES MINIMES,,,Plein jour,En agglomération,Intersection en T,Normale,Deux véhicules - côté,,,,,,,,,,,1,2,3,1,3
201500052832,0015-08-08 14:45:00,15,8,8,14,45,750,112,"15, AVENUE DAUMESNIL",,,Plein jour,En agglomération,Hors intersection,Normale,Deux véhicules - côté,,,,,,,,,,,1,2,1,1,3
201500052833,0015-08-11 14:35:00,15,8,11,14,35,750,112,BOULEVARD PONIATOWSKI,,,Plein jour,En agglomération,Intersection en T,Normale,Autre collision,,,,,,,,,,,1,2,3,1,6
201500052834,0015-08-13 13:15:00,15,8,13,13,15,750,112,"80, AVENUE DE SAINT MAND",,,Plein jour,En agglomération,Hors intersection,Normale,Autre collision,,,,,,,,,,,1,2,1,1,6
201500052835,0015-08-17 20:20:00,15,8,17,20,20,750,112,BOULEVARD PERIPHERIQUE,,,Crépuscule ou aube,En agglomération,Intersection en Y,Normale,Deux véhicules - côté,,,,,,,,,,,2,2,4,1,3
201500052836,0015-08-18 09:30:00,15,8,18,9,30,750,112,AVENUE DE NOGENT,,,Plein jour,En agglomération,Intersection en X,Temps couvert,Deux véhicules - côté,,,,,,,,,,,1,2,2,8,3
201500052837,0015-08-21 14:00:00,15,8,21,14,0,750,112,RUE DU GENERAL DE LANGLE,,,Plein jour,En agglomération,Intersection en T,Normale,Autre collision,,,,,,,,,,,1,2,3,1,6
201500052838,0015-08-22 18:40:00,15,8,22,18,40,750,112,"139, AVENUE DAUMESNIL",,,Plein jour,En agglomération,Hors intersection,Normale,Deux véhicules - côté,,,,,,,,,,,1,2,1,1,3
201500052839,0015-08-22 15:20:00,15,8,22,15,20,750,112,AVENUE DAUMESNIL,,,Plein jour,En agglomération,Intersection en X,Normale,Deux véhicules - côté,,,,,,,,,,,1,2,2,1,3
201500052840,0015-08-25 18:30:00,15,8,25,18,30,750,112,"106, BOULEVARD DIDEROT",,,Plein jour,En agglomération,Hors intersection,Temps couvert,Autre collision,,,,,,,,,,,1,2,1,8,6
201500052841,0015-08-28 04:52:00,15,8,28,4,52,750,112,PLACE DU BATAILLON DU PA,,,Plein jour,En agglomération,Intersection en X,Normale,Deux véhicules - côté,,,,,,,,,,,1,2,2,1,3
201500052842,0015-08-28 15:20:00,15,8,28,15,20,750,112,QUAI DE BERCY,,,Plein jour,En agglomération,Hors intersection,Normale,Deux véhicules - côté,,,,,,,,,,,1,2,1,1,3
201500052843,0015-08-28 19:30:00,15,8,28,19,30,750,112,QUAI DE BERCY,,,Plein jour,En agglomération,Hors intersection,Normale,Deux véhicules - arrière,,,,,,,,,,,1,2,1,1,2
201500052844,0015-08-29 04:30:00,15,8,29,4,30,750,112,BOULEVARD PONIATOWSKI,,,Nuit avec éclairage allumé,En agglomération,Hors intersection,Normale,Autre collision,,,,,,,,,,,5,2,1,1,6
201500052845,0015-08-30 03:10:00,15,8,30,3,10,750,112,AVENUE DE NOGENT,,,Nuit avec éclairage allumé,En agglomération,Hors intersection,Normale,Autre collision,,,,,,,,,,,5,2,1,1,6
201500052846,0015-08-30 10:50:00,15,8,30,10,50,750,112,"290, RUE DE CHARENTON",,,Plein jour,En agglomération,Intersection en T,Normale,Autre collision,,,,,,,,,,,1,2,3,1,6
201500052847,0015-08-30 12:45:00,15,8,30,12,45,750,112,BOULEVARD PERIPHERIQUE I,,,Plein jour,En agglomération,Hors intersection,Normale,Deux véhicules - côté,,,,,,,,,,,1,2,1,1,3
201500052848,0015-08-31 16:35:00,15,8,31,16,35,750,112,"262, AVENUE DAUMESNIL",,,Plein jour,En agglomération,Intersection en T,Normale,Deux véhicules - côté,,,,,,,,,,,1,2,3,1,3
201500052849,0015-08-31 16:20:00,15,8,31,16,20,750,112,"120, BOULEVARD DIDEROT",,,Plein jour,En agglomération,Intersection en Y,Normale,Autre collision,,,,,,,,,,,1,2,4,1,6
201500052850,0015-08-31 17:45:00,15,8,31,17,45,750,112,PLACE FELIX EBOUE,,,Plein jour,En agglomération,Place,Normale,Deux véhicules - côté,,,,,,,,,,,1,2,7,1,3
201500052851,0015-09-01 20:00:00,15,9,1,20,0,750,112,"8, RUE PAUL HENRI GRAUWI",,,Crépuscule ou aube,En agglomération,Hors intersection,Normale,Sans collision,,,,,,,,,,,2,2,1,1,7
201500052852,0015-09-02 13:25:00,15,9,2,13,25,750,112,BOULEVARD SOULT,,,Plein jour,En agglomération,Giratoire,Normale,Autre collision,,,,,,,,,,,1,2,6,1,6
201500052853,0015-09-02 19:10:00,15,9,2,19,10,750,112,PLACE D ALIGRE,,,Crépuscule ou aube,En agglomération,Place,Normale,Autre collision,,,,,,,,,,,2,2,7,1,6
201500052854,0015-09-03 11:11:00,15,9,3,11,11,750,112,"129, AVENUE DAUMESNIL",,,Plein jour,En agglomération,Intersection à plus de 4 branches,Normale,Deux véhicules - arrière,,,,,,,,,,,1,2,5,1,2
201500052855,0015-09-03 13:45:00,15,9,3,13,45,750,112,AVENUE DU TREMBLAY,,,Plein jour,En agglomération,Hors intersection,Normale,Autre collision,,,,,,,,,,,1,2,1,1,6
201500052856,0015-09-03 17:30:00,15,9,3,17,30,750,112,"66, RUE DE REUILLY",,,Plein jour,En agglomération,Intersection en X,Normale,Autre collision,,,,,,,,,,,1,2,2,1,6
201500052857,0015-09-04 01:20:00,15,9,4,1,20,750,112,AVENUE DU TREMBLAY,,,Nuit avec éclairage allumé,En agglomération,Intersection en X,Normale,Trois véhicules et plus - collisions multiples,,,,,,,,,,,5,2,2,1,5
201500052858,0015-09-04 11:00:00,15,9,4,11,0,750,112,"224, RUE DE CHARENTON",,,Plein jour,En agglomération,Hors intersection,Normale,Deux véhicules - côté,,,,,,,,,,,1,2,1,1,3
201500052859,0015-09-05 13:15:00,15,9,5,13,15,750,112,ROUTE DAUPHINE,,,Plein jour,En agglomération,Intersection à plus de 4 branches,Normale,Deux véhicules - côté,,,,,,,,,,,1,2,5,1,3
201500052860,0015-09-06 03:40:00,15,9,6,3,40,750,112,"73, AVENUE DAUMESNIL",,,Nuit avec éclairage allumé,En agglomération,Intersection en X,Normale,Deux véhicules - côté,,,,,,,,,,,5,2,2,1,3
201500052861,0015-09-06 18:20:00,15,9,6,18,20,750,112,"24, RUE DE REUILLY",,,Plein jour,En agglomération,Intersection en X,Normale,Deux véhicules - côté,,,,,,,,,,,1,2,2,1,3
201500052862,0015-09-07 22:35:00,15,9,7,22,35,750,112,"1, PLACE FELIX EBOUE",,,Nuit avec éclairage allumé,En agglomération,Place,Normale,Autre collision,,,,,,,,,,,5,2,7,1,6
201500052863,0015-09-08 09:10:00,15,9,8,9,10,750,112,"22, AVENUE LEDRU ROLLIN",,,Plein jour,En agglomération,Intersection en X,Normale,Autre collision,,,,,,,,,,,1,2,2,1,6
201500052864,0015-09-09 18:50:00,15,9,9,18,50,750,112,PLACE DE LA NATION,,,Plein jour,En agglomération,Place,Normale,Deux véhicules - arrière,,,,,,,,,,,1,2,7,1,2
201500052865,0015-09-12 11:25:00,15,9,12,11,25,750,112,"7, PLACE FELIX EBOUE",,,Plein jour,En agglomération,Place,Pluie légère,Sans collision,,,,,,,,,,,1,2,7,2,7
201500052866,0015-09-12 21:45:00,15,9,12,21,45,750,112,"50, RUE CORIOLIS",,,Nuit avec éclairage allumé,En agglomération,Hors intersection,Normale,Sans collision,,,,,,,,,,,5,2,1,1,7
201500052867,0015-09-14 11:35:00,15,9,14,11,35,750,112,AVENUE DE SAINT MANDE,,,Plein jour,En agglomération,Intersection en T,Normale,Autre collision,,,,,,,,,,,1,2,3,1,6
201500052868,0015-09-14 15:45:00,15,9,14,15,45,750,112,AVENUE DU BEL AIR,,,Plein jour,En agglomération,Place,Normale,Autre collision,,,,,,,,,,,1,2,7,1,6
201500052869,0015-09-15 16:45:00,15,9,15,16,45,750,112,"25, RUE DAGORNO",,,Plein jour,En agglomération,Hors intersection,Normale,Deux véhicules - arrière,,,,,,,,,,,1,2,1,1,2
201500052870,0015-09-16 03:20:00,15,9,16,3,20,750,112,"115, BOULEVARD SOULT",,,Nuit avec éclairage allumé,En agglomération,Intersection à plus de 4 branches,Pluie forte,Deux véhicules - côté,,,,,,,,,,,5,2,5,3,3
201500052871,0015-09-16 06:40:00,15,9,16,6,40,750,112,"32, RUE DE LYON",,,Nuit avec éclairage allumé,En agglomération,Intersection en Y,Normale,Autre collision,,,,,,,,,,,5,2,4,1,6
201500052872,0015-09-16 19:00:00,15,9,16,19,0,750,112,"54, QUAI DE LA RAPEE",,,Plein jour,En agglomération,Hors intersection,Temps couvert,Autre collision,,,,,,,,,,,1,2,1,8,6
201500052873,0015-09-17 05:45:00,15,9,17,5,45,750,112,PONT D AUSTERLITZ,,,Nuit avec éclairage allumé,En agglomération,Intersection à plus de 4 branches,Pluie légère,Autre collision,,,,,,,,,,,5,2,5,2,6
201500052874,0015-09-18 08:45:00,15,9,18,8,45,750,112,ESPLANADE SAINT LOUIS,,,Plein jour,En agglomération,Place,Normale,Deux véhicules - côté,,,,,,,,,,,1,2,7,1,3
201500052875,0015-09-18 16:50:00,15,9,18,16,50,750,112,QUAI DE BERCY,,,Plein jour,En agglomération,Hors intersection,Pluie légère,Sans collision,,,,,,,,,,,1,2,1,2,7
201500052876,0015-09-18 18:30:00,15,9,18,18,30,750,112,BOULEVARD DE BERCY,,,Plein jour,En agglomération,Place,Pluie légère,Deux véhicules - côté,,,,,,,,,,,1,2,7,2,3
201500052877,0015-09-19 01:50:00,15,9,19,1,50,750,112,"10, RUE DE PICPUS",,,Nuit avec éclairage allumé,En agglomération,Intersection en X,Normale,Deux véhicules - frontale,,,,,,,,,,,5,2,2,1,1
201500052878,0015-09-19 18:00:00,15,9,19,18,0,750,112,"47, AVENUE LEDRU ROLLIN",,,Plein jour,En agglomération,Intersection en X,Normale,Autre collision,,,,,,,,,,,1,2,2,1,6
201500052879,0015-09-22 12:00:00,15,9,22,12,0,750,112,QUAI DE LA RAPEE,,,Plein jour,En agglomération,Hors intersection,Pluie légère,Deux véhicules - côté,,,,,,,,,,,1,2,1,2,3
201500052880,0015-09-24 11:25:00,15,9,24,11,25,750,112,"182, AVENUE DAUMESNIL",,,Plein jour,En agglomération,Intersection en T,Normale,Deux véhicules - arrière,,,,,,,,,,,1,2,3,1,2
201500052881,0015-09-25 02:10:00,15,9,25,2,10,750,112,"48, BOULEVARD DE BERCY",,,Nuit avec éclairage allumé,En agglomération,Intersection en T,Normale,Autre collision,,,,,,,,,,,5,2,3,1,6
201500052882,0015-09-25 05:25:00,15,9,25,5,25,750,112,AVENUE DU GENERAL MICHEL,,,Nuit avec éclairage allumé,En agglomération,Hors intersection,Normale,Deux véhicules - côté,,,,,,,,,,,5,2,1,1,3
201500052883,0015-09-26 13:20:00,15,9,26,13,20,750,112,"101, AVENUE DE SAINT MAN",,,Plein jour,En agglomération,Intersection en T,Normale,Autre collision,,,,,,,,,,,1,2,3,1,6
201500052884,0015-09-26 15:20:00,15,9,26,15,20,750,112,BOULEVARD DIDEROT,,,Plein jour,En agglomération,Intersection en X,Normale,Deux véhicules - côté,,,,,,,,,,,1,2,2,1,3