accident_id,datetime,annee,mois,jour,heure,minute,departement,commune_insee,adresse,latitude,longitude,luminosite,agglomeration,intersection,meteo,collision,nb_vehicules,nb_usagers,nb_indemnes,nb_tues,nb_blesses_hosp,nb_blesses_legers,age_cond_1,age_cond_2,veh_type_cond_1,veh_type_cond_2,lum_code,agg_code,int_code,atm_code,col_code
201500053539,0015-08-25 06:45:00,15,8,25,6,45,750,114,"84, BOULEVARD ARAGO",,,Crépuscule ou aube,En agglomération,Intersection en X,Normale,Deux véhicules - côté,,,,,,,,,,,2,2,2,1,3
201500053540,0015-08-27 18:10:00,15,8,27,18,10,750,114,"149, AVENUE DU MAINE",,,Plein jour,En agglomération,Intersection en Y,Pluie légère,Sans collision,,,,,,,,,,,1,2,4,2,7
201500053541,0015-08-29 19:55:00,15,8,29,19,55,750,114,"6, BOULEVARD BRUNE",,,Plein jour,En agglomération,Place,Normale,Deux véhicules - côté,,,,,,,,,,,1,2,7,1,3
201500053542,0015-09-01 12:55:00,15,9,1,12,55,750,114,"44, AVENUE DU GENERAL LE",,,Plein jour,En agglomération,Intersection en T,Normale,Sans collision,,,,,,,,,,,1,2,3,1,7
201500053543,0015-09-02 14:40:00,15,9,2,14,40,750,114,"03, AVENUE DU COLONEL HE",,,Plein jour,En agglomération,Place,Normale,Deux véhicules - côté,,,,,,,,,,,1,2,7,1,3
201500053544,0015-09-03 16:40:00,15,9,3,16,40,750,114,"130, AVENUE DU MAINE",,,Plein jour,En agglomération,Intersection en Y,Normale,Deux véhicules - côté,,,,,,,,,,,1,2,4,1,3
201500053545,0015-09-05 14:45:00,15,9,5,14,45,750,114,"24, BOULEVARD JOURDAN",,,Plein jour,En agglomération,Hors intersection,Normale,Autre collision,,,,,,,,,,,1,2,1,1,6
201500053546,0015-09-05 17:25:00,15,9,5,17,25,750,114,"44, RUE D ALESIA",,,Plein jour,En agglomération,Hors intersection,Normale,Autre collision,,,,,,,,,,,1,2,1,1,6
201500053547,0015-09-07 08:20:00,15,9,7,8,20,750,114,"2, VILLA MODERNE",,,Plein jour,En agglomération,Hors intersection,Normale,Autre collision,,,,,,,,,,,1,2,1,1,6
201500053548,0015-09-07 17:45:00,15,9,7,17,45,750,114,"206, BOULEVARD RASPAIL",,,Plein jour,En agglomération,Intersection en Y,Normale,Deux véhicules - côté,,,,,,,,,,,1,2,4,1,3
201500053549,0015-09-07 18:35:00,15,9,7,18,35,750,114,BOULEVARD PERIPHERIQUE E,,,Crépuscule ou aube,En agglomération,Hors intersection,Normale,Trois véhicules et plus - en chaîne,,,,,,,,,,,2,2,1,1,4
201500053550,0015-09-08 14:00:00,15,9,8,14,0,750,114,"168, RUE D ALESIA",,,Plein jour,En agglomération,Intersection en X,Normale,Deux véhicules - côté,,,,,,,,,,,1,2,2,1,3
201500053551,0015-09-09 07:45:00,15,9,9,7,45,750,114,"132, AVENUE DU MAINE",,,Plein jour,En agglomération,Intersection en Y,Normale,Deux véhicules - arrière,,,,,,,,,,,1,2,4,1,2
201500053552,0015-09-09 12:45:00,15,9,9,12,45,750,114,"79, RUE DU FAUBOURG SAIN",,,Plein jour,En agglomération,Intersection à plus de 4 branches,Normale,Autre collision,,,,,,,,,,,1,2,5,1,6
201500053553,0015-09-09 19:15:00,15,9,9,19,15,750,114,"10, VILLA D ALESIA",,,Plein jour,En agglomération,Hors intersection,Normale,Deux véhicules - côté,,,,,,,,,,,1,2,1,1,3
201500053554,0015-09-12 05:50:00,15,9,12,5,50,750,114,"99, AVENUE DU MAINE",,,Nuit avec éclairage allumé,En agglomération,Intersection en X,Normale,Deux véhicules - côté,,,,,,,,,,,5,2,2,1,3
201500053555,0015-09-13 12:00:00,15,9,13,12,0,750,114,"132, AVENUE DU GENERAL L",,,Plein jour,En agglomération,Intersection en X,Pluie forte,Deux véhicules - arrière,,,,,,,,,,,1,2,2,3,2
201500053556,0015-09-16 09:00:00,15,9,16,9,0,750,114,"141, RUE D ALESIA",,,Plein jour,En agglomération,Intersection en T,Pluie légère,Autre collision,,,,,,,,,,,1,2,3,2,6
201500053557,0015-09-16 18:05:00,15,9,16,18,5,750,114,"23, AVENUE DU DOCTEUR LA",,,Plein jour,En agglomération,Hors intersection,Pluie légère,Deux véhicules - côté,,,,,,,,,,,1,2,1,2,3
201500053558,0015-09-18 05:14:00,15,9,18,5,14,750,114,"135, BOULEVARD BRUNE",,,Nuit avec éclairage allumé,En agglomération,Place,Normale,Autre collision,,,,,,,,,,,5,2,7,1,6
201500053559,0015-09-19 02:14:00,15,9,19,2,14,750,114,"43, RUE RAYMOND LOSSERAN",,,Nuit avec éclairage allumé,En agglomération,Intersection en X,Normale,Deux véhicules - côté,,,,,,,,,,,5,2,2,1,3
201500053560,0015-09-21 22:55:00,15,9,21,22,55,750,115,"104, RUE DE LA CONVENTIO",,,Nuit avec éclairage allumé,En agglomération,Hors intersection,Normale,Deux véhicules - arrière,,,,,,,,,,,5,2,1,1,2
201500053561,0015-09-22 16:10:00,15,9,22,16,10,750,114,"92, BOULEVARD BRUNE",,,Plein jour,En agglomération,Hors intersection,Normale,Deux véhicules - côté,,,,,,,,,,,1,2,1,1,3
201500053562,0015-09-23 08:40:00,15,9,23,8,40,750,114,"138, AVENUE DU GENERAL L",,,Plein jour,En agglomération,Hors intersection,Normale,Deux véhicules - côté,,,,,,,,,,,1,2,1,1,3
201500053563,0015-09-24 14:45:00,15,9,24,14,45,750,114,"11 BIS, RUE D ALESIA",,,Plein jour,En agglomération,Intersection en X,Normale,Deux véhicules - côté,,,,,,,,,,,1,2,2,1,3
201500053564,0015-09-26 22:19:00,15,9,26,22,19,750,114,BOULEVARD ROMAIN ROLLAND,,,Nuit avec éclairage allumé,En agglomération,Hors intersection,Normale,Deux véhicules - arrière,,,,,,,,,,,5,2,1,1,2
201500053565,0015-09-27 10:25:00,15,9,27,10,25,750,114,PLACE DENFERT ROCHEREAU,,,Plein jour,En agglomération,Place,Normale,Deux véhicules - côté,,,,,,,,,,,1,2,7,1,3
201500053566,0015-09-28 12:00:00,15,9,28,12,0,750,114,AVENUE DE LA PORTE DE CH,,,Plein jour,En agglomération,Intersection en X,Normale,Autre collision,,,,,,,,,,,1,2,2,1,6
201500053567,0015-09-28 15:20:00,15,9,28,15,20,750,114,BOULEVARD ROMAIN ROLLAND,,,Plein jour,En agglomération,Intersection en X,Normale,Deux véhicules - côté,,,,,,,,,,,1,2,2,1,3
201500053568,0015-09-28 16:00:00,15,9,28,16,0,750,114,"42, AVENUE REILLE",,,Plein jour,En agglomération,Hors intersection,Normale,Sans collision,,,,,,,,,,,1,2,1,1,7
201500053569,0015-10-01 18:40:00,15,10,1,18,40,750,114,"310, RUE DIDOT",,,Plein jour,En agglomération,Intersection en X,Pluie légère,Deux véhicules - côté,,,,,,,,,,,1,2,2,2,3
201500053570,0015-10-05 17:25:00,15,10,5,17,25,750,114,"254, BOULEVARD RASPAIL",,,Plein jour,En agglomération,Intersection en Y,Pluie légère,Autre collision,,,,,,,,,,,1,2,4,2,6
201500053571,0015-10-06 09:10:00,15,10,6,9,10,750,114,"05, RUE MAURICE BOUCHOR",,,Plein jour,En agglomération,Hors intersection,Pluie légère,Autre collision,,,,,,,,,,,1,2,1,2,6
201500053572,0015-10-05 18:45:00,15,10,5,18,45,750,114,"35, RUE DU FAUBOURG SAIN",,,Nuit avec éclairage allumé,En agglomération,Hors intersection,Pluie légère,Autre collision,,,,,,,,,,,5,2,1,2,6
201500053573,0015-10-06 14:30:00,15,10,6,14,30,750,114,"35, BOULEVARD ROMAIN ROL",,,Plein jour,En agglomération,Intersection en X,Normale,Autre collision,,,,,,,,,,,1,2,2,1,6
201500053574,0015-10-05 20:15:00,15,10,5,20,15,750,114,AVENUE DE LA PORTE DE MO,,,Nuit avec éclairage allumé,En agglomération,Intersection en X,Pluie légère,Autre collision,,,,,,,,,,,5,2,2,2,6
201500053575,0015-10-06 15:00:00,15,10,6,15,0,750,106,"71, BOULEVARD DU MONTPAR",,,Plein jour,En agglomération,Intersection en X,Pluie légère,Autre collision,,,,,,,,,,,1,2,2,2,6
201500053576,0015-10-07 13:45:00,15,10,7,13,45,750,114,"21, AVENUE DU GENERAL LE",,,Plein jour,En agglomération,Hors intersection,Normale,Deux véhicules - côté,,,,,,,,,,,1,2,1,1,3
201500053577,0015-10-08 10:05:00,15,10,8,10,5,750,114,"73, AVENUE DU MAINE",,,Plein jour,En agglomération,Intersection en Y,Normale,Sans collision,,,,,,,,,,,1,2,4,1,7
201500053578,0015-10-08 15:15:00,15,10,8,15,15,750,114,"62, RUE D ALESIA",,,Plein jour,En agglomération,Hors intersection,Normale,Autre collision,,,,,,,,,,,1,2,1,1,6
201500053579,0015-10-11 13:00:00,15,10,11,13,0,750,114,"59, BOULEVARD SAINT JACQ",,,Plein jour,En agglomération,Intersection en X,Normale,Deux véhicules - côté,,,,,,,,,,,1,2,2,1,3
201500053580,0015-10-11 13:20:00,15,10,11,13,20,750,114,"10, RUE JULIA BARTET",,,Plein jour,En agglomération,Intersection en X,Normale,Deux véhicules - arrière,,,,,,,,,,,1,2,2,1,2
201500053581,0015-10-12 11:20:00,15,10,12,11,20,750,107,"57, BOULEVARD DES INVALI",,,Plein jour,En agglomération,Intersection en T,Normale,Autre collision,,,,,,,,,,,1,2,3,1,6
201500053582,0015-10-15 08:20:00,15,10,15,8,20,750,114,"97, AVENUE DENFERT ROCHE",,,Plein jour,En agglomération,Place,Normale,Autre collision,,,,,,,,,,,1,2,7,1,6
201500053583,0015-10-16 13:20:00,15,10,16,13,20,750,115,"175, RUE DE LA CONVENTIO",,,Plein jour,En agglomération,Hors intersection,Pluie légère,Autre collision,,,,,,,,,,,1,2,1,2,6
201500053584,0015-10-16 12:00:00,15,10,16,12,0,750,114,"128, BOULEVARD BRUNE",,,Plein jour,En agglomération,Intersection en X,Pluie légère,Autre collision,,,,,,,,,,,1,2,2,2,6
201500053585,0015-10-16 16:50:00,15,10,16,16,50,750,114,"01, RUE CABANIS",,,Plein jour,En agglomération,Intersection en T,Temps couvert,Autre collision,,,,,,,,,,,1,2,3,8,6
201500053586,0015-10-19 18:05:00,15,10,19,18,5,750,114,"01, RUE FROIDEVAUX",,,Plein jour,En agglomération,Place,Normale,Deux véhicules - arrière,,,,,,,,,,,1,2,7,1,2
201500053587,0015-10-20 12:27:00,15,10,20,12,27,750,114,"117, BOULEVARD JOURDAN",,,Plein jour,En agglomération,Intersection en X,Normale,Autre collision,,,,,,,,,,,1,2,2,1,6
201500053588,0015-10-21 08:50:00,15,10,21,8,50,750,114,"207, RUE D ALESIA",,,Plein jour,En agglomération,Intersection en X,Normale,Autre collision,,,,,,,,,,,1,2,2,1,6
201500053589,0015-10-22 01:00:00,15,10,22,1,0,750,114,"235, RUE VERCINGETORIX",,,Nuit avec éclairage allumé,En agglomération,Hors intersection,Pluie légère,Autre collision,,,,,,,,,,,5,2,1,2,6
201500053590,0015-10-28 13:15:00,15,10,28,13,15,750,114,"100, BOULEVARD DU MONTPA",,,Plein jour,En agglomération,Hors intersection,Normale,Autre collision,,,,,,,,,,,1,2,1,1,6
201500053591,0015-11-03 15:20:00,15,11,3,15,20,750,114,"136, AVENUE DU MAINE",,,Plein jour,En agglomération,Intersection en Y,Temps couvert,Autre collision,,,,,,,,,,,1,2,4,8,6
201500053592,0015-11-03 18:30:00,15,11,3,18,30,750,114,"147, AVENUE DU MAINE",,,Nuit avec éclairage allumé,En agglomération,Intersection en Y,Normale,Deux véhicules - côté,,,,,,,,,,,5,2,4,1,3
201500053593,0015-11-04 10:55:00,15,11,4,10,55,750,114,"2, RUE NANSOUTY",,,Plein jour,En agglomération,Intersection à plus de 4 branches,Pluie légère,Sans collision,,,,,,,,,,,1,2,5,2,7
201500053594,0015-11-05 19:00:00,15,11,5,19,0,750,114,"40, AVENUE REILLE",,,Nuit avec éclairage allumé,En agglomération,Intersection en T,Pluie légère,Deux véhicules - côté,,,,,,,,,,,5,2,3,2,3
201500053595,0015-11-05 19:50:00,15,11,5,19,50,750,114,"57, RUE RAYMOND LOSSERAN",,,Nuit avec éclairage allumé,En agglomération,Hors intersection,Pluie légère,Autre collision,,,,,,,,,,,5,2,1,2,6
201500053596,0015-11-06 09:00:00,15,11,6,9,0,750,114,"117, BOULEVARD DE PORT R",,,Plein jour,En agglomération,Intersection en X,Normale,Deux véhicules - côté,,,,,,,,,,,1,2,2,1,3
201500053597,0015-11-10 11:15:00,15,11,10,11,15,750,114,"56, RUE DES PLANTES",,,Plein jour,En agglomération,Intersection en T,Normale,Autre collision,,,,,,,,,,,1,2,3,1,6
201500053598,0015-11-10 12:07:00,15,11,10,12,7,750,114,"23, AVENUE DU GENERAL LE",,,Plein jour,En agglomération,Intersection en X,Normale,Deux véhicules - côté,,,,,,,,,,,1,2,2,1,3
201500053599,0015-11-14 10:45:00,15,11,14,10,45,750,114,"1, AVENUE PIERRE MASSE",,,Plein jour,En agglomération,Intersection en X,Normale,Sans collision,,,,,,,,,,,1,2,2,1,7
201500053600,0015-11-15 09:30:00,15,11,15,9,30,750,114,"95, BOULEVARD ARAGO",,,Plein jour,En agglomération,Hors intersection,Normale,Autre collision,,,,,,,,,,,1,2,1,1,6
201500053601,0015-11-16 18:50:00,15,11,16,18,50,750,114,"172, AVENUE DU MAINE",,,Nuit avec éclairage allumé,En agglomération,Intersection en Y,Normale,Deux véhicules - côté,,,,,,,,,,,5,2,4,1,3
201500053602,0015-11-17 18:40:00,15,11,17,18,40,750,114,"141, RUE RAYMOND LOSSERA",,,Crépuscule ou aube,En agglomération,Hors intersection,Pluie légère,Deux véhicules - arrière,,,,,,,,,,,2,2,1,2,2
201500053603,0015-11-18 19:30:00,15,11,18,19,30,750,114,"71TER, RUE FROIDEVAUX",,,Nuit avec éclairage allumé,En agglomération,Intersection en T,Normale,Deux véhicules - arrière,,,,,,,,,,,5,2,3,1,2
201500053604,0015-11-20 16:35:00,15,11,20,16,35,750,114,"116, PLACE DENFERT ROCHE",,,Crépuscule ou aube,En agglomération,Place,Pluie forte,Sans collision,,,,,,,,,,,2,2,7,3,7
201500053605,0015-11-20 19:10:00,15,11,20,19,10,750,114,BOULEVARD BRUNE,,,Nuit avec éclairage allumé,En agglomération,Intersection en X,Temps couvert,Deux véhicules - côté,,,,,,,,,,,5,2,2,8,3
201500053606,0015-11-21 13:00:00,15,11,21,13,0,750,114,"153, RUE D ALESIA",,,Plein jour,En agglomération,Intersection en T,Pluie légère,Deux véhicules - côté,,,,,,,,,,,1,2,3,2,3
201500053607,0015-11-22 13:15:00,15,11,22,13,15,750,114,PLACE DE CATALOGNE,,,Plein jour,En agglomération,Giratoire,Temps éblouissant,Deux véhicules - côté,,,,,,,,,,,1,2,6,7,3
201500053608,0015-11-23 17:45:00,15,11,23,17,45,750,114,"47, AVENUE RENE COTY",,,Nuit avec éclairage allumé,En agglomération,Hors intersection,Normale,Autre collision,,,,,,,,,,,5,2,1,1,6
201500053609,0015-11-25 18:23:00,15,11,25,18,23,750,114,PLACE DENFERT ROCHEREAU,,,Nuit avec éclairage allumé,En agglomération,Place,Pluie légère,Sans collision,,,,,,,,,,,5,2,7,2,7
201500053610,0015-11-26 08:00:00,15,11,26,8,0,750,114,BOULEVARD ADOLPHE PINARD,,,Plein jour,En agglomération,Hors intersection,Normale,Autre collision,,,,,,,,,,,1,2,1,1,6
201500053611,0015-11-26 15:55:00,15,11,26,15,55,750,114,BOULEVARD BRUNE,,,Plein jour,En agglomération,Intersection en X,Normale,Deux véhicules - côté,,,,,,,,,,,1,2,2,1,3
201500053612,0015-11-26 18:36:00,15,11,26,18,36,750,114,"44, AVENUE RENE COTY",,,Nuit avec éclairage allumé,En agglomération,Intersection en X,Normale,Deux véhicules - arrière,,,,,,,,,,,5,2,2,1,2
201500053613,0015-11-29 18:30:00,15,11,29,18,30,750,114,"64, BOULEVARD BRUNE",,,Nuit avec éclairage allumé,En agglomération,Intersection en X,Normale,Autre collision,,,,,,,,,,,5,2,2,1,6
201500053614,0015-12-01 19:15:00,15,12,1,19,15,750,114,RUE HIPPOLYTE MAINDRON,,,Nuit avec éclairage allumé,En agglomération,Intersection en X,Normale,Autre collision,,,,,,,,,,,5,2,2,1,6
201500053615,0015-12-02 14:40:00,15,12,2,14,40,750,114,"01, PLACE DU VINGT CINQ",,,Plein jour,En agglomération,Place,Normale,Sans collision,,,,,,,,,,,1,2,7,1,7
201500053616,0015-12-02 17:00:00,15,12,2,17,0,750,114,BOULEVARD PERIPHERIQUE,,,Nuit avec éclairage allumé,En agglomération,Hors intersection,Normale,Deux véhicules - arrière,,,,,,,,,,,5,2,1,1,2
201500053617,0015-12-04 08:00:00,15,12,4,8,0,750,114,"1, AVENUE DE LA PORTE DE",,,Plein jour,En agglomération,Intersection en X,Temps couvert,Deux véhicules - côté,,,,,,,,,,,1,2,2,8,3
201500053618,0015-12-06 06:05:00,15,12,6,6,5,750,114,AVENUE DU GENERAL LECLER,,,Nuit avec éclairage allumé,En agglomération,Intersection en X,Normale,Autre collision,,,,,,,,,,,5,2,2,1,6
201500053619,0015-12-08 06:55:00,15,12,8,6,55,750,114,"71, RUE DES PLANTES",,,Nuit avec éclairage allumé,En agglomération,Hors intersection,Normale,Autre collision,,,,,,,,,,,5,2,1,1,6
201500053620,0015-12-08 17:30:00,15,12,8,17,30,750,114,"20, RUE DE LA TOMBE ISSO",,,Nuit avec éclairage allumé,En agglomération,Intersection en T,Vent fort / tempête,Autre collision,,,,,,,,,,,5,2,3,6,6
201500053621,0015-12-08 18:00:00,15,12,8,18,0,750,114,"33, RUE DE LA TOMBE ISSO",,,Crépuscule ou aube,En agglomération,Hors intersection,Pluie légère,Deux véhicules - arrière,,,,,,,,,,,2,2,1,2,2
201500053622,0015-12-08 19:30:00,15,12,8,19,30,750,114,"1, AVENUE DU GENERAL LEC",,,Nuit avec éclairage allumé,En agglomération,Place,Pluie légère,Deux véhicules - côté,,,,,,,,,,,5,2,7,2,3
201500053623,0015-12-08 12:50:00,15,12,8,12,50,750,114,RUE D ALESIA,,,Plein jour,En agglomération,Intersection en X,Normale,Deux véhicules - côté,,,,,,,,,,,1,2,2,1,3
201500053624,0015-12-09 20:40:00,15,12,9,20,40,750,114,"30, AVENUE DU GENERAL LE",,,Nuit avec éclairage allumé,En agglomération,Hors intersection,Normale,Sans collision,,,,,,,,,,,5,2,1,1,7
201500053625,0015-12-10 19:55:00,15,12,10,19,55,750,114,"21, BOULEVARD ROMAIN ROL",,,Crépuscule ou aube,En agglomération,Intersection en Y,Normale,Deux véhicules - côté,,,,,,,,,,,2,2,4,1,3
201500053626,0015-12-11 13:30:00,15,12,11,13,30,750,114,"93, RUE RAYMOND LOSSERAN",,,Plein jour,En agglomération,Intersection en X,Normale,Autre collision,,,,,,,,,,,1,2,2,1,6
201500053627,0015-12-11 16:25:00,15,12,11,16,25,750,114,"6, RUE MONTICELLI",,,Plein jour,En agglomération,Intersection en Y,Normale,Autre collision,,,,,,,,,,,1,2,4,1,6
201500053628,0015-12-15 11:45:00,15,12,15,11,45,750,114,"1, AVENUE DU DOCTEUR LAN",,,Plein jour,En agglomération,Hors intersection,Normale,Sans collision,,,,,,,,,,,1,2,1,1,7
201500053629,0015-12-16 17:00:00,15,12,16,17,0,750,115,", RUE DE LA CONVENTION",,,Nuit avec éclairage allumé,En agglomération,Intersection à plus de 4 branches,Normale,Deux véhicules - côté,,,,,,,,,,,5,2,5,1,3
201500053630,0015-12-16 21:00:00,15,12,16,21,0,750,114,PASSAGE TENAILLE,,,Nuit avec éclairage allumé,En agglomération,Intersection en X,Normale,Autre collision,,,,,,,,,,,5,2,2,1,6
201500053631,0015-12-17 18:30:00,15,12,17,18,30,750,114,PLACE DE CATALOGNE,,,Nuit avec éclairage allumé,En agglomération,Place,Normale,Deux véhicules - côté,,,,,,,,,,,5,2,7,1,3
201500053632,0015-12-18 15:00:00,15,12,18,15,0,750,115,"32, RUE CHAUVELOT",,,Plein jour,En agglomération,Intersection en T,Normale,Deux véhicules - côté,,,,,,,,,,,1,2,3,1,3
201500053633,0015-12-20 12:30:00,15,12,20,12,30,750,114,"36, BOULEVARD BRUNE",,,Plein jour,En agglomération,Intersection en Y,Normale,Autre collision,,,,,,,,,,,1,2,4,1,6
201500053634,0015-12-21 18:30:00,15,12,21,18,30,750,114,AVENUE DE LA PORTE D ORL,,,Nuit avec éclairage allumé,En agglomération,Place,Pluie légère,Sans collision,,,,,,,,,,,5,2,7,2,7
201500053635,0015-12-22 07:40:00,15,12,22,7,40,750,114,AVENUE DENFERT ROCHEREAU,,,Crépuscule ou aube,En agglomération,Intersection en X,Normale,Autre collision,,,,,,,,,,,2,2,2,1,6
201500053636,0015-12-31 23:57:00,15,12,31,23,57,750,107,", QUAI D ORSAY",,,Nuit avec éclairage allumé,En agglomération,Intersection à plus de 4 branches,Normale,Autre collision,,,,,,,,,,,5,2,5,1,6
201500053637,0015-01-08 07:30:00,15,1,8,7,30,750,115,"2, PLACE CAMBRONNE",,,Crépuscule ou aube,En agglomération,Place,Normale,Sans collision,,,,,,,,,,,2,2,7,1,7
201500053638,0015-01-08 12:00:00,15,1,8,12,0,750,115,"52, AVENUE FELIX FAURE",,,Plein jour,En agglomération,Intersection en T,Pluie légère,Autre collision,,,,,,,,,,,1,2,3,2,6
201500053639,0015-01-09 08:15:00,15,1,9,8,15,750,107,"3, AVENUE DE SUFFREN",,,Nuit avec éclairage allumé,En agglomération,Intersection en T,Pluie légère,Sans collision,,,,,,,,,,,5,2,3,2,7
201500053640,0015-01-09 12:35:00,15,1,9,12,35,750,115,RUE DE L ARRIVEE,,,Plein jour,En agglomération,Intersection en T,Pluie légère,Sans collision,,,,,,,,,,,1,2,3,2,7
201500053641,0015-01-10 18:45:00,15,1,10,18,45,750,115,"66, RUE LECOURBE",,,Nuit avec éclairage allumé,En agglomération,Intersection en T,Pluie légère,Autre collision,,,,,,,,,,,5,2,3,2,6
201500053642,0015-01-14 15:30:00,15,1,14,15,30,750,115,RUE AUGUSTE BARTHOLDI,,,Plein jour,En agglomération,Hors intersection,Normale,Autre collision,,,,,,,,,,,1,2,1,1,6
201500053643,0015-01-16 18:50:00,15,1,16,18,50,750,115,"47, RUE DE DANTZIG",,,Nuit avec éclairage allumé,En agglomération,Hors intersection,Pluie légère,Autre collision,,,,,,,,,,,5,2,1,2,6
201500053644,0015-01-16 19:40:00,15,1,16,19,40,750,115,"46 bis, BOULEVARD DU MON",,,Nuit avec éclairage allumé,En agglomération,Intersection en Y,Pluie forte,Autre collision,,,,,,,,,,,5,2,4,3,6
201500053645,0015-01-17 11:30:00,15,1,17,11,30,750,115,"86, RUE LECOURBE",,,Plein jour,En agglomération,Hors intersection,Normale,Autre collision,,,,,,,,,,,1,2,1,1,6
201500053646,0015-01-17 12:30:00,15,1,17,12,30,750,115,"43, RUE DU COLONEL PIERR",,,Plein jour,En agglomération,Hors intersection,Normale,Deux véhicules - côté,,,,,,,,,,,1,2,1,1,3
201500053647,0015-01-20 10:20:00,15,1,20,10,20,750,115,"43, RUE DES ENTREPRENEUR",,,Plein jour,En agglomération,Intersection en T,Normale,Deux véhicules - côté,,,,,,,,,,,1,2,3,1,3
201500053648,0015-01-21 07:55:00,15,1,21,7,55,750,115,PLACE CHARLES VALLIN,,,Crépuscule ou aube,En agglomération,Intersection à plus de 4 branches,Normale,Deux véhicules - côté,,,,,,,,,,,2,2,5,1,3
201500053649,0015-01-24 13:20:00,15,1,24,13,20,750,115,"83, BOULEVARD DE GRENELL",,,Plein jour,En agglomération,Intersection en X,Normale,Autre collision,,,,,,,,,,,1,2,2,1,6
201500053650,0015-01-26 23:05:00,15,1,26,23,5,750,115,"27, RUE DE LA CONVENTION",,,Nuit avec éclairage allumé,En agglomération,Intersection en X,Normale,Deux véhicules - arrière,,,,,,,,,,,5,2,2,1,2
201500053651,0015-01-27 07:35:00,15,1,27,7,35,750,115,PLACE BALARD,,,Crépuscule ou aube,En agglomération,Intersection en T,Normale,Autre collision,,,,,,,,,,,2,2,3,1,6
201500053652,0015-01-27 17:15:00,15,1,27,17,15,750,115,"54, RUE DE VOUILLE",,,Plein jour,En agglomération,Intersection en X,Normale,Autre collision,,,,,,,,,,,1,2,2,1,6
201500053653,0015-01-29 11:15:00,15,1,29,11,15,750,115,"56, AVENUE DE SUFFREN",,,Plein jour,En agglomération,Intersection en Y,Pluie légère,Deux véhicules - arrière,,,,,,,,,,,1,2,4,2,2
201500053654,0015-01-29 15:00:00,15,1,29,15,0,750,115,"55, RUE DU COMMERCE",,,Plein jour,En agglomération,Intersection en X,Pluie légère,Deux véhicules - côté,,,,,,,,,,,1,2,2,2,3
201500053655,0015-01-30 19:15:00,15,1,30,19,15,750,115,"214, RUE DE LA CONVENTIO",,,Nuit avec éclairage allumé,En agglomération,Intersection en X,Normale,Autre collision,,,,,,,,,,,5,2,2,1,6
201500053656,0015-01-31 09:00:00,15,1,31,9,0,750,115,"117, AVENUE FELIX FAURE",,,Plein jour,En agglomération,Hors intersection,Normale,Autre collision,,,,,,,,,,,1,2,1,1,6
201500053657,0015-02-01 18:40:00,15,2,1,18,40,750,115,"2, AVENUE DU MAINE",,,Nuit avec éclairage allumé,En agglomération,Intersection à plus de 4 branches,Normale,Deux véhicules - arrière,,,,,,,,,,,5,2,5,1,2
201500053658,0015-02-02 16:50:00,15,2,2,16,50,750,115,RUE LEON LHERMITTE,,,Plein jour,En agglomération,Intersection en X,Normale,Deux véhicules - côté,,,,,,,,,,,1,2,2,1,3
201500053659,0015-02-03 06:00:00,15,2,3,6,0,750,115,"64, AVENUE DE LA MOTTE P",,,Nuit avec éclairage allumé,En agglomération,Intersection en T,Normale,Deux véhicules - côté,,,,,,,,,,,5,2,3,1,3
201500053660,0015-02-04 00:45:00,15,2,4,0,45,750,115,"64, RUE DE LA PROCESSION",,,Nuit avec éclairage allumé,En agglomération,Hors intersection,Normale,Sans collision,,,,,,,,,,,5,2,1,1,7
201500053661,0015-02-04 15:15:00,15,2,4,15,15,750,115,PLACE BALARD,,,Plein jour,En agglomération,Place,Normale,Autre collision,,,,,,,,,,,1,2,7,1,6
201500053662,0015-02-06 17:00:00,15,2,6,17,0,750,115,"1, AVENUE DE LA PORTE DE",,,Plein jour,En agglomération,Place,Normale,Deux véhicules - arrière,,,,,,,,,,,1,2,7,1,2
201500053663,0015-02-06 22:20:00,15,2,6,22,20,750,115,"75, RUE DES MORILLONS",,,Nuit avec éclairage allumé,En agglomération,Intersection en X,Normale,Deux véhicules - côté,,,,,,,,,,,5,2,2,1,3
201500053664,0015-02-07 23:15:00,15,2,7,23,15,750,115,"17, RUE PAUL BARRUEL",,,Nuit avec éclairage allumé,En agglomération,Hors intersection,Normale,Autre collision,,,,,,,,,,,5,2,1,1,6
201500053665,0015-02-10 18:40:00,15,2,10,18,40,750,115,"1, RUE D OUESSANT",,,Nuit avec éclairage allumé,En agglomération,Intersection en X,Normale,Deux véhicules - côté,,,,,,,,,,,5,2,2,1,3
201500053666,0015-02-12 11:20:00,15,2,12,11,20,750,115,"1, BOULEVARD GENERAL MAR",,,Plein jour,En agglomération,Intersection en X,Normale,Deux véhicules - côté,,,,,,,,,,,1,2,2,1,3
201500053667,0015-02-12 18:30:00,15,2,12,18,30,750,115,PLACE D ALLERAY,,,Nuit avec éclairage allumé,En agglomération,Place,Normale,Autre collision,,,,,,,,,,,5,2,7,1,6
201500053668,0015-02-13 07:35:00,15,2,13,7,35,750,115,AVENUE FELIX FAURE,,,Nuit avec éclairage allumé,En agglomération,Hors intersection,Normale,Autre collision,,,,,,,,,,,5,2,1,1,6
201500053669,0015-02-13 19:50:00,15,2,13,19,50,750,115,"175, RUE DE LA CONVENTIO",,,Nuit avec éclairage allumé,En agglomération,Intersection en X,Pluie légère,Autre collision,,,,,,,,,,,5,2,2,2,6
201500053670,0015-02-16 08:15:00,15,2,16,8,15,750,115,"13, RUE CAMBRONNE",,,Plein jour,En agglomération,Intersection en T,Normale,Autre collision,,,,,,,,,,,1,2,3,1,6