accident_id,datetime,annee,mois,jour,heure,minute,departement,commune_insee,adresse,latitude,longitude,luminosite,agglomeration,intersection,meteo,collision,nb_vehicules,nb_usagers,nb_indemnes,nb_tues,nb_blesses_hosp,nb_blesses_legers,age_cond_1,age_cond_2,veh_type_cond_1,veh_type_cond_2,lum_code,agg_code,int_code,atm_code,col_code
201500053671,0015-02-16 16:20:00,15,2,16,16,20,750,115,"196, RUE DE LA CONVENTIO",,,Plein jour,En agglomération,Intersection en X,Normale,Autre collision,,,,,,,,,,,1,2,2,1,6
201500053672,0015-02-19 12:30:00,15,2,19,12,30,750,115,"58, BOULEVARD LEFEBVRE",,,Plein jour,En agglomération,Intersection à plus de 4 branches,Normale,Deux véhicules - côté,,,,,,,,,,,1,2,5,1,3
201500053673,0015-02-23 10:55:00,15,2,23,10,55,750,115,"45 bis, RUE DE VOUILLE",,,Plein jour,En agglomération,Intersection en X,Normale,Autre collision,,,,,,,,,,,1,2,2,1,6
201500053674,0015-02-23 17:00:00,15,2,23,17,0,750,115,"1, QUAI DE GRENELLE",,,Plein jour,En agglomération,Hors intersection,Normale,Deux véhicules - arrière,,,,,,,,,,,1,2,1,1,2
201500053675,0015-02-25 10:00:00,15,2,25,10,0,750,115,RUE LABROUSTE,,,Plein jour,En agglomération,Intersection en X,Pluie légère,Autre collision,,,,,,,,,,,1,2,2,2,6
201500053676,0015-02-26 11:25:00,15,2,26,11,25,750,115,"103, QUAI BRANLY",,,Plein jour,En agglomération,Hors intersection,Pluie légère,Autre collision,,,,,,,,,,,1,2,1,2,6
201500053677,0015-02-27 17:15:00,15,2,27,17,15,750,115,"44, BOULEVARD GENERAL MA",,,Plein jour,En agglomération,Intersection en X,Normale,Deux véhicules - arrière,,,,,,,,,,,1,2,2,1,2
201500053678,0015-03-01 02:55:00,15,3,1,2,55,750,115,RUE DES VOLONTAIRES,,,Nuit avec éclairage allumé,En agglomération,Intersection en X,Pluie légère,Deux véhicules - côté,,,,,,,,,,,5,2,2,2,3
201500053679,0015-03-02 11:35:00,15,3,2,11,35,750,115,"45, RUE CAMBRONNE",,,Plein jour,En agglomération,Hors intersection,Temps couvert,Sans collision,,,,,,,,,,,1,2,1,8,7
201500053680,0015-03-04 11:20:00,15,3,4,11,20,750,115,"12, RUE PECLET",,,Plein jour,En agglomération,Hors intersection,Normale,Autre collision,,,,,,,,,,,1,2,1,1,6
201500053681,0015-03-04 12:30:00,15,3,4,12,30,750,115,"68, AVENUE FELIX FAURE",,,Plein jour,En agglomération,Intersection en T,Normale,Deux véhicules - côté,,,,,,,,,,,1,2,3,1,3
201500053682,0015-03-05 01:25:00,15,3,5,1,25,750,115,"379, RUE DE VAUGIRARD",,,Nuit avec éclairage allumé,En agglomération,Place,Normale,Autre collision,,,,,,,,,,,5,2,7,1,6
201500053683,0015-03-06 14:45:00,15,3,6,14,45,750,115,"170, RUE DE LOURMEL",,,Plein jour,En agglomération,Hors intersection,Normale,Autre collision,,,,,,,,,,,1,2,1,1,6
201500053684,0015-03-06 15:35:00,15,3,6,15,35,750,115,"3, RUE CORBON",,,Plein jour,En agglomération,Hors intersection,Normale,Autre collision,,,,,,,,,,,1,2,1,1,6
201500053685,0015-03-07 19:05:00,15,3,7,19,5,750,115,"21, RUE DE VOUILLE",,,Nuit avec éclairage allumé,En agglomération,Intersection en X,Normale,Autre collision,,,,,,,,,,,5,2,2,1,6
201500053686,0015-03-08 18:05:00,15,3,8,18,5,750,115,"200, RUE DE LA CONVENTIO",,,Plein jour,En agglomération,Intersection en X,Normale,Autre collision,,,,,,,,,,,1,2,2,1,6
201500053687,0015-03-11 09:30:00,15,3,11,9,30,750,115,"10, RUE DE L ARMORIQUE",,,Plein jour,En agglomération,Intersection en Y,Normale,Deux véhicules - côté,,,,,,,,,,,1,2,4,1,3
201500053688,0015-03-11 13:15:00,15,3,11,13,15,750,115,"99, RUE OLIVIER DE SERRE",,,Plein jour,En agglomération,Hors intersection,Normale,Deux véhicules - arrière,,,,,,,,,,,1,2,1,1,2
201500053689,0015-03-11 15:00:00,15,3,11,15,0,750,115,"13, AVENUE DU MAINE",,,Plein jour,En agglomération,Hors intersection,Normale,Deux véhicules - côté,,,,,,,,,,,1,2,1,1,3
201500053690,0015-03-12 16:25:00,15,3,12,16,25,750,115,"28, RUE DU LAOS",,,Plein jour,En agglomération,Intersection en T,Normale,Deux véhicules - arrière,,,,,,,,,,,1,2,3,1,2
201500053691,0015-03-13 13:45:00,15,3,13,13,45,750,115,"47, RUE DE LA CONVENTION",,,Plein jour,En agglomération,Intersection en X,Normale,Autre collision,,,,,,,,,,,1,2,2,1,6
201500053692,0015-03-13 23:50:00,15,3,13,23,50,750,115,BOULEVARD GENERAL MARTIA,,,Nuit avec éclairage allumé,En agglomération,Hors intersection,Normale,Autre collision,,,,,,,,,,,5,2,1,1,6
201500053693,0015-03-14 13:50:00,15,3,14,13,50,750,115,"194, RUE SAINT CHARLES",,,Plein jour,En agglomération,Hors intersection,Normale,Deux véhicules - côté,,,,,,,,,,,1,2,1,1,3
201500053694,0015-03-15 01:25:00,15,3,15,1,25,750,115,"22, RUE DU DEPART",,,Nuit avec éclairage allumé,En agglomération,Hors intersection,Pluie légère,Deux véhicules - côté,,,,,,,,,,,5,2,1,2,3
201500053695,0015-03-16 14:35:00,15,3,16,14,35,750,115,"88, RUE CAMBRONNE",,,Plein jour,En agglomération,Intersection en X,Normale,Deux véhicules - côté,,,,,,,,,,,1,2,2,1,3
201500053696,0015-03-17 21:25:00,15,3,17,21,25,750,115,"84, RUE CAMBRONNE",,,Nuit avec éclairage allumé,En agglomération,Intersection à plus de 4 branches,Normale,Sans collision,,,,,,,,,,,5,2,5,1,7
201500053697,0015-03-17 23:20:00,15,3,17,23,20,750,115,"347, RUE DE VAUGIRARD",,,Nuit avec éclairage allumé,En agglomération,Intersection en X,Normale,Sans collision,,,,,,,,,,,5,2,2,1,7
201500053698,0015-03-18 20:57:00,15,3,18,20,57,750,115,"134, BOULEVARD DE GRENEL",,,Nuit avec éclairage allumé,En agglomération,Hors intersection,Normale,Autre collision,,,,,,,,,,,5,2,1,1,6
201500053699,0015-03-21 19:58:00,15,3,21,19,58,750,115,"16, AVENUE DU MAINE",,,Nuit avec éclairage allumé,En agglomération,Hors intersection,Normale,Autre collision,,,,,,,,,,,5,2,1,1,6
201500053700,0015-03-22 13:30:00,15,3,22,13,30,750,115,"6, AVENUE ALBERT BARTHOL",,,Plein jour,En agglomération,Intersection en X,Normale,Deux véhicules - arrière,,,,,,,,,,,1,2,2,1,2
201500053701,0015-03-22 14:00:00,15,3,22,14,0,750,115,"167, RUE DE LA CONVENTIO",,,Plein jour,En agglomération,Intersection en T,Normale,Deux véhicules - arrière,,,,,,,,,,,1,2,3,1,2
201500053702,0015-03-25 12:45:00,15,3,25,12,45,750,115,"268, RUE LECOURBE",,,Plein jour,En agglomération,Hors intersection,Normale,Deux véhicules - côté,,,,,,,,,,,1,2,1,1,3
201500053703,0015-03-25 21:05:00,15,3,25,21,5,750,115,"22, RUE DE VOUILLE",,,Nuit avec éclairage allumé,En agglomération,Intersection en X,Normale,Autre collision,,,,,,,,,,,5,2,2,1,6
201500053704,0015-03-25 16:55:00,15,3,25,16,55,750,115,RUE DU GENERAL GUILLAUMA,,,Plein jour,En agglomération,Intersection en X,Normale,Deux véhicules - côté,,,,,,,,,,,1,2,2,1,3
201500053705,0015-03-26 15:50:00,15,3,26,15,50,750,115,"14, AVENUE EMILE ZOLA",,,Plein jour,En agglomération,Intersection en T,Pluie légère,Deux véhicules - arrière,,,,,,,,,,,1,2,3,2,2
201500053706,0015-03-29 21:15:00,15,3,29,21,15,750,115,PLACE CHARLES VALLIN,,,Nuit avec éclairage allumé,En agglomération,Place,Pluie légère,Autre collision,,,,,,,,,,,5,2,7,2,6
201500053707,0015-03-29 23:10:00,15,3,29,23,10,750,115,"24, RUE ALAIN CHARTIER",,,Nuit avec éclairage allumé,En agglomération,Hors intersection,Pluie légère,Sans collision,,,,,,,,,,,5,2,1,2,7
201500053708,0015-03-30 10:20:00,15,3,30,10,20,750,115,"121, RUE DE VAUGIRARD",,,Plein jour,En agglomération,Intersection en T,Normale,Autre collision,,,,,,,,,,,1,2,3,1,6
201500053709,0015-04-02 04:10:00,15,4,2,4,10,750,115,BOULEVARD PASTEUR,,,Nuit avec éclairage allumé,En agglomération,Hors intersection,Pluie légère,Sans collision,,,,,,,,,,,5,2,1,2,7
201500053710,0015-04-02 15:10:00,15,4,2,15,10,750,115,"96, RUE DE LA PROCESSION",,,Plein jour,En agglomération,Intersection en X,Pluie légère,Autre collision,,,,,,,,,,,1,2,2,2,6
201500053711,0015-04-03 10:00:00,15,4,3,10,0,750,115,"11, RUE DU PROFESSEUR FL",,,Plein jour,En agglomération,Intersection en X,Normale,Deux véhicules - frontale,,,,,,,,,,,1,2,2,1,1
201500053712,0015-04-03 20:35:00,15,4,3,20,35,750,115,"51, RUE DES MORILLONS",,,Nuit avec éclairage allumé,En agglomération,Place,Pluie légère,Autre collision,,,,,,,,,,,5,2,7,2,6
201500053713,0015-04-03 22:20:00,15,4,3,22,20,750,115,"17, RUE DE VOUILLE",,,Nuit avec éclairage allumé,En agglomération,Hors intersection,Normale,Autre collision,,,,,,,,,,,5,2,1,1,6
201500053714,0015-04-06 21:15:00,15,4,6,21,15,750,115,"45, RUE DU THEATRE",,,Nuit avec éclairage allumé,En agglomération,Hors intersection,Normale,Autre collision,,,,,,,,,,,5,2,1,1,6
201500053715,0015-04-07 11:30:00,15,4,7,11,30,750,115,"49, BOULEVARD DE VAUGIRA",,,Plein jour,En agglomération,Hors intersection,Normale,Deux véhicules - côté,,,,,,,,,,,1,2,1,1,3
201500053716,0015-04-09 20:50:00,15,4,9,20,50,750,115,"151, RUE SAINT CHARLES",,,Nuit avec éclairage allumé,En agglomération,Intersection en T,Normale,Deux véhicules - côté,,,,,,,,,,,5,2,3,1,3
201500053717,0015-04-10 16:00:00,15,4,10,16,0,750,115,AVENUE FELIX FAURE,,,Plein jour,En agglomération,Intersection en X,Normale,Autre collision,,,,,,,,,,,1,2,2,1,6
201500053718,0015-04-13 12:50:00,15,4,13,12,50,750,115,"196, RUE DE LA CONVENTIO",,,Plein jour,En agglomération,Hors intersection,Normale,Autre collision,,,,,,,,,,,1,2,1,1,6
201500053719,0015-04-15 17:45:00,15,4,15,17,45,750,115,"23, RUE LECOURBE",,,Plein jour,En agglomération,Intersection en X,Normale,Autre collision,,,,,,,,,,,1,2,2,1,6
201500053720,0015-04-15 21:50:00,15,4,15,21,50,750,115,"196, RUE DE LA CONVENTIO",,,Nuit avec éclairage allumé,En agglomération,Hors intersection,Normale,Autre collision,,,,,,,,,,,5,2,1,1,6
201500053721,0015-04-16 16:35:00,15,4,16,16,35,750,115,"2, BOULEVARD GARIBALDI",,,Plein jour,En agglomération,Hors intersection,Normale,Sans collision,,,,,,,,,,,1,2,1,1,7
201500053722,0015-04-18 11:20:00,15,4,18,11,20,750,115,"4, PLACE DE LA PORTE DE",,,Plein jour,En agglomération,Hors intersection,Normale,Autre collision,,,,,,,,,,,1,2,1,1,6
201500053723,0015-04-19 11:45:00,15,4,19,11,45,750,115,"132, RUE BLOMET",,,Plein jour,En agglomération,Intersection en X,Normale,Deux véhicules - frontale,,,,,,,,,,,1,2,2,1,1
201500053724,0015-04-20 08:20:00,15,4,20,8,20,750,115,BOULEVARD LEFEBVRE,,,Plein jour,En agglomération,Intersection en T,Normale,Deux véhicules - côté,,,,,,,,,,,1,2,3,1,3
201500053725,0015-04-20 17:10:00,15,4,20,17,10,750,115,"13, QUAI ANDRE CITROEN",,,Plein jour,En agglomération,Intersection en T,Temps éblouissant,Autre collision,,,,,,,,,,,1,2,3,7,6
201500053726,0015-04-22 14:10:00,15,4,22,14,10,750,115,"65, QUAI DE GRENELLE",,,Plein jour,En agglomération,Hors intersection,Temps éblouissant,Autre collision,,,,,,,,,,,1,2,1,7,6
201500053727,0015-04-27 08:00:00,15,4,27,8,0,750,115,"34, BOULEVARD DE GRENELL",,,Plein jour,En agglomération,Hors intersection,Normale,Deux véhicules - arrière,,,,,,,,,,,1,2,1,1,2
201500053728,0015-04-30 10:25:00,15,4,30,10,25,750,115,"167, BOULEVARD LEFEBVRE",,,Plein jour,En agglomération,Intersection en X,Pluie forte,Autre collision,,,,,,,,,,,1,2,2,3,6
201500053729,0015-04-30 10:30:00,15,4,30,10,30,750,115,"167, BOULEVARD LEFEBVRE",,,Plein jour,En agglomération,Intersection en X,Pluie légère,Autre collision,,,,,,,,,,,1,2,2,2,6
201500053730,0015-05-01 02:00:00,15,5,1,2,0,750,115,PLACE CHARLES VALLIN,,,Nuit sans éclairage public,En agglomération,Place,Pluie forte,Autre collision,,,,,,,,,,,3,2,7,3,6
201500053731,0015-05-01 11:57:00,15,5,1,11,57,750,115,"12, RUE DU HAMEAU",,,Plein jour,En agglomération,Intersection en T,Normale,Autre collision,,,,,,,,,,,1,2,3,1,6
201500053732,0015-05-05 12:15:00,15,5,5,12,15,750,115,"112, RUE SAINT CHARLES",,,Plein jour,En agglomération,Intersection en X,Normale,Autre collision,,,,,,,,,,,1,2,2,1,6
201500053733,0015-05-07 17:30:00,15,5,7,17,30,750,115,"29, RUE DESAIX",,,Plein jour,En agglomération,Intersection en T,Normale,Autre collision,,,,,,,,,,,1,2,3,1,6
201500053734,0015-05-07 19:20:00,15,5,7,19,20,750,115,"103, RUE DES ENTREPRENEU",,,Crépuscule ou aube,En agglomération,Intersection en Y,Normale,Autre collision,,,,,,,,,,,2,2,4,1,6
201500053735,0015-05-08 11:00:00,15,5,8,11,0,750,115,"17, RUE DUPLEIX",,,Plein jour,En agglomération,Intersection en X,Normale,Autre collision,,,,,,,,,,,1,2,2,1,6
201500053736,0015-05-10 16:40:00,15,5,10,16,40,750,115,"52, RUE CASTAGNARY",,,Plein jour,En agglomération,Intersection en T,Normale,Trois véhicules et plus - en chaîne,,,,,,,,,,,1,2,3,1,4
201500053737,0015-05-10 20:20:00,15,5,10,20,20,750,115,"49, BOULEVARD VICTOR",,,Crépuscule ou aube,En agglomération,Hors intersection,Normale,Deux véhicules - côté,,,,,,,,,,,2,2,1,1,3
201500053738,0015-05-11 15:00:00,15,5,11,15,0,750,115,"10, PLACE DE BRETEUIL",,,Plein jour,En agglomération,Place,Normale,Autre collision,,,,,,,,,,,1,2,7,1,6
201500053739,0015-05-11 16:35:00,15,5,11,16,35,750,115,BOULEVARD PASTEUR,,,Plein jour,En agglomération,Place,Normale,Autre collision,,,,,,,,,,,1,2,7,1,6
201500053740,0015-05-11 17:50:00,15,5,11,17,50,750,115,"139, RUE DU THEATRE",,,Plein jour,En agglomération,Intersection en T,Normale,Autre collision,,,,,,,,,,,1,2,3,1,6
201500053741,0015-05-13 00:33:00,15,5,13,0,33,750,115,"1, BOULEVARD GENERAL MAR",,,Nuit avec éclairage allumé,En agglomération,Hors intersection,Normale,Deux véhicules - arrière,,,,,,,,,,,5,2,1,1,2
201500053742,0015-05-14 16:50:00,15,5,14,16,50,750,115,"1, QUAI ANDRE CITROEN",,,Plein jour,En agglomération,Intersection en X,Normale,Trois véhicules et plus - en chaîne,,,,,,,,,,,1,2,2,1,4
201500053743,0015-05-16 17:30:00,15,5,16,17,30,750,115,"3, RUE DU COMMERCE",,,Plein jour,En agglomération,Hors intersection,Normale,Autre collision,,,,,,,,,,,1,2,1,1,6
201500053744,0015-05-18 09:20:00,15,5,18,9,20,750,115,"08, RUE CLODION",,,Plein jour,En agglomération,Hors intersection,Normale,Autre collision,,,,,,,,,,,1,2,1,1,6
201500053745,0015-05-19 15:00:00,15,5,19,15,0,750,115,"114, RUE CASTAGNARY",,,Plein jour,En agglomération,Intersection en Y,Pluie légère,Sans collision,,,,,,,,,,,1,2,4,2,7
201500053746,0015-05-19 21:00:00,15,5,19,21,0,750,115,"30, BOULEVARD DE VAUGIRA",,,Crépuscule ou aube,En agglomération,Intersection en T,Temps couvert,Deux véhicules - côté,,,,,,,,,,,2,2,3,8,3
201500053747,0015-05-20 08:25:00,15,5,20,8,25,750,115,"58, RUE DE LA CONVENTION",,,Plein jour,En agglomération,Intersection en X,Normale,Autre collision,,,,,,,,,,,1,2,2,1,6
201500053748,0015-05-20 15:10:00,15,5,20,15,10,750,115,"27, QUAI DE GRENELLE",,,Plein jour,En agglomération,Intersection en T,Normale,Deux véhicules - côté,,,,,,,,,,,1,2,3,1,3
201500053749,0015-05-22 12:05:00,15,5,22,12,5,750,115,"316, RUE DE VAUGIRARD",,,Plein jour,En agglomération,Intersection en X,Normale,Autre collision,,,,,,,,,,,1,2,2,1,6
201500053750,0015-05-22 14:20:00,15,5,22,14,20,750,115,"61, RUE SAINT CHARLES",,,Plein jour,En agglomération,Hors intersection,Normale,Autre collision,,,,,,,,,,,1,2,1,1,6
201500053751,0015-05-23 15:51:00,15,5,23,15,51,750,115,"7, RUE DE VOUILLE",,,Plein jour,En agglomération,Hors intersection,Normale,Autre collision,,,,,,,,,,,1,2,1,1,6
201500053752,0015-05-26 11:00:00,15,5,26,11,0,750,115,"55, AVENUE DE SUFFREN",,,Plein jour,En agglomération,Intersection en Y,Normale,Autre collision,,,,,,,,,,,1,2,4,1,6
201500053753,0015-05-27 10:05:00,15,5,27,10,5,750,115,"86, RUE DE LA FEDERATION",,,Plein jour,En agglomération,Hors intersection,Normale,Autre collision,,,,,,,,,,,1,2,1,1,6
201500053754,0015-05-27 14:20:00,15,5,27,14,20,750,115,"34, BOULEVARD GARIBALDI",,,Plein jour,En agglomération,Hors intersection,Normale,Autre collision,,,,,,,,,,,1,2,1,1,6
201500053755,0015-05-29 08:15:00,15,5,29,8,15,750,107,"1, AVENUE DUQUESNE",,,Plein jour,En agglomération,Hors intersection,Normale,Deux véhicules - côté,,,,,,,,,,,1,2,1,1,3
201500053756,0015-05-29 18:35:00,15,5,29,18,35,750,115,"129, RUE DE VAUGIRARD",,,Plein jour,En agglomération,Intersection en T,Normale,Trois véhicules et plus - en chaîne,,,,,,,,,,,1,2,3,1,4
201500053757,0015-05-29 18:10:00,15,5,29,18,10,750,115,QUAI ANDRE CITROEN,,,Plein jour,En agglomération,Hors intersection,Normale,Sans collision,,,,,,,,,,,1,2,1,1,7
201500053758,0015-06-02 08:30:00,15,6,2,8,30,750,115,"3 bis, RUE FALLEMPIN",,,Plein jour,En agglomération,Hors intersection,Normale,Autre collision,,,,,,,,,,,1,2,1,1,6
201500053759,0015-06-03 15:35:00,15,6,3,15,35,750,115,"90, RUE CAMBRONNE",,,Plein jour,En agglomération,Place,Normale,Autre collision,,,,,,,,,,,1,2,7,1,6
201500053760,0015-06-03 19:50:00,15,6,3,19,50,750,107,"5, RUE DE BABYLONE",,,Plein jour,En agglomération,Hors intersection,Normale,Deux véhicules - arrière,,,,,,,,,,,1,2,1,1,2
201500053761,0015-06-04 11:00:00,15,6,4,11,0,750,115,"24, RUE LABROUSTE",,,Plein jour,En agglomération,Hors intersection,Temps éblouissant,Autre collision,,,,,,,,,,,1,2,1,7,6
201500053762,0015-06-11 10:25:00,15,6,11,10,25,750,115,RUE DE VAUGIRARD,,,Plein jour,En agglomération,Intersection en T,Normale,Autre collision,,,,,,,,,,,1,2,3,1,6
201500053763,0015-06-15 13:50:00,15,6,15,13,50,750,115,QUAI D ISSY LES MOULINEA,,,Plein jour,En agglomération,Intersection en X,Normale,Deux véhicules - arrière,,,,,,,,,,,1,2,2,1,2
201500053764,0015-06-19 15:45:00,15,6,19,15,45,750,115,"55, RUE DE LA CONVENTION",,,Plein jour,En agglomération,Hors intersection,Normale,Autre collision,,,,,,,,,,,1,2,1,1,6
201500053765,0015-06-20 14:25:00,15,6,20,14,25,750,115,PORTE BRANCION,,,Plein jour,En agglomération,Intersection à plus de 4 branches,Normale,Deux véhicules - côté,,,,,,,,,,,1,2,5,1,3
201500053766,0015-06-22 20:10:00,15,6,22,20,10,750,115,"64, BOULEVARD GARIBALDI",,,Plein jour,En agglomération,Hors intersection,Temps couvert,Sans collision,,,,,,,,,,,1,2,1,8,7
201500053767,0015-06-04 21:07:00,15,6,4,21,7,750,115,"71, BOULEVARD DE VAUGIRA",,,Plein jour,En agglomération,Intersection en T,Normale,Autre collision,,,,,,,,,,,1,2,3,1,6
201500053768,0015-06-06 08:40:00,15,6,6,8,40,750,115,"176, RUE DE VAUGIRARD",,,Plein jour,En agglomération,Intersection en T,Normale,Deux véhicules - arrière,,,,,,,,,,,1,2,3,1,2
201500053769,0015-06-06 14:35:00,15,6,6,14,35,750,115,"97, RUE DE LOURMEL",,,Plein jour,En agglomération,Intersection en X,Normale,Deux véhicules - côté,,,,,,,,,,,1,2,2,1,3
201500053770,0015-06-07 15:15:00,15,6,7,15,15,750,115,"68, RUE DE VOUILLE",,,Plein jour,En agglomération,Intersection en X,Normale,Autre collision,,,,,,,,,,,1,2,2,1,6
201500053771,0015-06-09 12:40:00,15,6,9,12,40,750,115,"81, AVENUE DE BRETEUIL",,,Plein jour,En agglomération,Hors intersection,Normale,Autre collision,,,,,,,,,,,1,2,1,1,6
201500053772,0015-06-11 09:50:00,15,6,11,9,50,750,115,"35, RUE VICTOR DURUY",,,Plein jour,En agglomération,Intersection à plus de 4 branches,Normale,Autre collision,,,,,,,,,,,1,2,5,1,6
201500053773,0015-06-11 16:05:00,15,6,11,16,5,750,115,QUAI ANDRE CITROEN,,,Plein jour,En agglomération,Intersection en Y,Temps éblouissant,Deux véhicules - côté,,,,,,,,,,,1,2,4,7,3
201500053774,0015-06-12 15:00:00,15,6,12,15,0,750,115,"2, RUE PETEL",,,Plein jour,En agglomération,Intersection en X,Normale,Autre collision,,,,,,,,,,,1,2,2,1,6
201500053775,0015-06-13 19:15:00,15,6,13,19,15,750,115,"94, BOULEVARD LEFEBVRE",,,Plein jour,En agglomération,Intersection en X,Normale,Deux véhicules - côté,,,,,,,,,,,1,2,2,1,3
201500053776,0015-06-15 15:00:00,15,6,15,15,0,750,115,"114, RUE SAINT CHARLES",,,Plein jour,En agglomération,Intersection en X,Normale,Deux véhicules - côté,,,,,,,,,,,1,2,2,1,3
201500053777,0015-06-18 10:30:00,15,6,18,10,30,750,106,"61, BOULEVARD DU MONTPAR",,,Plein jour,En agglomération,Intersection en X,Normale,Deux véhicules - côté,,,,,,,,,,,1,2,2,1,3
201500053778,0015-06-25 13:40:00,15,6,25,13,40,750,115,BOULEVARD LEFEBVRE,,,Plein jour,En agglomération,Intersection en X,Normale,Deux véhicules - côté,,,,,,,,,,,1,2,2,1,3
201500053779,0015-06-27 06:53:00,15,6,27,6,53,750,115,"6, PLACE BIENVENUE",,,Crépuscule ou aube,En agglomération,Hors intersection,Temps couvert,Autre collision,,,,,,,,,,,2,2,1,8,6
201500053780,0015-06-29 08:40:00,15,6,29,8,40,750,115,"29, BOULEVARD VICTOR",,,Plein jour,En agglomération,Hors intersection,Normale,Autre collision,,,,,,,,,,,1,2,1,1,6
201500053781,0015-06-29 13:10:00,15,6,29,13,10,750,115,PONT MIRABEAU,,,Plein jour,En agglomération,Intersection en T,Temps éblouissant,Deux véhicules - côté,,,,,,,,,,,1,2,3,7,3
201500053782,0015-06-29 15:50:00,15,6,29,15,50,750,115,"70, AVENUE EMILE ZOLA",,,Plein jour,En agglomération,Intersection en X,Normale,Autre collision,,,,,,,,,,,1,2,2,1,6
201500053783,0015-06-29 19:10:00,15,6,29,19,10,750,115,"68, RUE DUTOT",,,Plein jour,En agglomération,Hors intersection,Normale,Autre collision,,,,,,,,,,,1,2,1,1,6
201500053784,0015-06-29 19:45:00,15,6,29,19,45,750,115,"234, RUE DE LA CONVENTIO",,,Plein jour,En agglomération,Hors intersection,Normale,Autre collision,,,,,,,,,,,1,2,1,1,6
201500053785,0015-06-30 18:30:00,15,6,30,18,30,750,115,"35, AVENUE DE LA PORTE B",,,Plein jour,En agglomération,Intersection à plus de 4 branches,Normale,Deux véhicules - frontale,,,,,,,,,,,1,2,5,1,1
201500053786,0015-07-03 12:35:00,15,7,3,12,35,750,115,"164, AVENUE DE SUFFREN",,,Plein jour,En agglomération,Hors intersection,Normale,Autre collision,,,,,,,,,,,1,2,1,1,6
201500053787,0015-07-05 14:20:00,15,7,5,14,20,750,115,"39, QUAI DE GRENELLE",,,Plein jour,En agglomération,Hors intersection,Normale,Autre collision,,,,,,,,,,,1,2,1,1,6
201500053788,0015-07-06 11:00:00,15,7,6,11,0,750,115,"46, RUE D ORADOUR SUR GL",,,Plein jour,En agglomération,Hors intersection,Normale,Autre collision,,,,,,,,,,,1,2,1,1,6
201500053789,0015-07-09 07:45:00,15,7,9,7,45,750,115,"219, RUE DE LA CROIX NIV",,,Plein jour,En agglomération,Intersection à plus de 4 branches,Normale,Sans collision,,,,,,,,,,,1,2,5,1,7
201500053790,0015-07-10 00:15:00,15,7,10,0,15,750,115,"47, RUE DE DANTZIG",,,Nuit avec éclairage allumé,En agglomération,Hors intersection,Normale,Autre collision,,,,,,,,,,,5,2,1,1,6
201500053791,0015-07-11 14:00:00,15,7,11,14,0,750,115,PLACE BALARD,,,Plein jour,En agglomération,Place,Normale,Deux véhicules - côté,,,,,,,,,,,1,2,7,1,3
201500053792,0015-07-14 16:10:00,15,7,14,16,10,750,114,BOULEVARD DU MONTPARNASS,,,Plein jour,En agglomération,Intersection à plus de 4 branches,Normale,Deux véhicules - côté,,,,,,,,,,,1,2,5,1,3
201500053793,0015-07-17 19:30:00,15,7,17,19,30,750,115,"40, QUAI ANDRE CITROEN",,,Plein jour,En agglomération,Intersection en Y,Normale,Deux véhicules - arrière,,,,,,,,,,,1,2,4,1,2
201500053794,0015-07-19 01:50:00,15,7,19,1,50,750,115,QUAI D ISSY LES MOULINEA,,,Nuit avec éclairage allumé,En agglomération,Hors intersection,Pluie forte,Deux véhicules - arrière,,,,,,,,,,,5,2,1,3,2
201500053795,0015-07-20 12:20:00,15,7,20,12,20,750,107,"65, BOULEVARD DES INVALI",,,Plein jour,En agglomération,Intersection en T,Normale,Deux véhicules - arrière,,,,,,,,,,,1,2,3,1,2
201500053796,0015-07-26 15:25:00,15,7,26,15,25,750,115,"44, BOULEVARD VICTOR",,,Plein jour,En agglomération,Intersection en T,Pluie légère,Deux véhicules - arrière,,,,,,,,,,,1,2,3,2,2
201500053797,0015-07-29 20:00:00,15,7,29,20,0,750,115,"/, QUAI ANDRE CITROEN",,,Plein jour,En agglomération,Intersection en X,Normale,Autre collision,,,,,,,,,,,1,2,2,1,6
201500053798,0015-07-30 09:15:00,15,7,30,9,15,750,115,"30, BOULEVARD VICTOR",,,Plein jour,En agglomération,Intersection en X,Normale,Deux véhicules - arrière,,,,,,,,,,,1,2,2,1,2
201500053799,0015-08-03 14:15:00,15,8,3,14,15,750,115,QUAI D ISSY LES MOULINEA,,,Plein jour,En agglomération,Intersection en T,Normale,Deux véhicules - côté,,,,,,,,,,,1,2,3,1,3
201500053800,0015-08-05 12:30:00,15,8,5,12,30,750,115,"10, RUE D ORADOUR SUR GL",,,Plein jour,En agglomération,Intersection en X,Normale,Deux véhicules - côté,,,,,,,,,,,1,2,2,1,3
201500053801,0015-08-07 09:40:00,15,8,7,9,40,750,115,"1, PLACE FERNAND FOREST",,,Plein jour,En agglomération,Place,Normale,Deux véhicules - côté,,,,,,,,,,,1,2,7,1,3
201500053802,0015-08-07 23:25:00,15,8,7,23,25,750,115,"16, RUE PAUL BARRUEL",,,Nuit avec éclairage allumé,En agglomération,Intersection en X,Normale,Autre collision,,,,,,,,,,,5,2,2,1,6
201500053803,0015-08-11 11:20:00,15,8,11,11,20,750,115,"/, RUE DES ENTREPRENEURS",,,Plein jour,En agglomération,Place,Normale,Deux véhicules - côté,,,,,,,,,,,1,2,7,1,3
201500053804,0015-08-13 20:05:00,15,8,13,20,5,750,115,PORT DE JAVEL BAS,,,Plein jour,En agglomération,Hors intersection,Normale,Sans collision,,,,,,,,,,,1,2,1,1,7