accident_id,datetime,annee,mois,jour,heure,minute,departement,commune_insee,adresse,latitude,longitude,luminosite,agglomeration,intersection,meteo,collision,nb_vehicules,nb_usagers,nb_indemnes,nb_tues,nb_blesses_hosp,nb_blesses_legers,age_cond_1,age_cond_2,veh_type_cond_1,veh_type_cond_2,lum_code,agg_code,int_code,atm_code,col_code
201500054465,0015-03-04 17:50:00,15,3,4,17,50,750,117,"06, AVENUE DE LA PORTE D",,,Plein jour,En agglomération,Hors intersection,Normale,Autre collision,,,,,,,,,,,1,2,1,1,6
201500054466,0015-03-05 10:00:00,15,3,5,10,0,750,117,"165, RUE DE ROME",,,Plein jour,En agglomération,Intersection à plus de 4 branches,Normale,Autre collision,,,,,,,,,,,1,2,5,1,6
201500054467,0015-03-06 22:30:00,15,3,6,22,30,750,117,"228, RUE DE COURCELLES",,,Nuit avec éclairage allumé,En agglomération,Intersection en X,Normale,Deux véhicules - arrière,,,,,,,,,,,5,2,2,1,2
201500054468,0015-03-07 16:00:00,15,3,7,16,0,750,117,"18, AVENUE GOURGAUD",,,Plein jour,En agglomération,Place,Normale,Deux véhicules - côté,,,,,,,,,,,1,2,7,1,3
201500054469,0015-03-07 18:45:00,15,3,7,18,45,750,117,"52, AVENUE DE LA GRANDE",,,Nuit avec éclairage allumé,En agglomération,Intersection en X,Normale,Deux véhicules - côté,,,,,,,,,,,5,2,2,1,3
201500054470,0015-03-08 10:30:00,15,3,8,10,30,750,117,"99, RUE DE PRONY",,,Plein jour,En agglomération,Intersection en Y,Normale,Autre collision,,,,,,,,,,,1,2,4,1,6
201500054471,0015-03-11 18:00:00,15,3,11,18,0,750,117,"119, AVENUE DE VILLIERS",,,Nuit avec éclairage allumé,En agglomération,Hors intersection,Normale,Deux véhicules - côté,,,,,,,,,,,5,2,1,1,3
201500054472,0015-03-13 00:40:00,15,3,13,0,40,750,117,BOULEVARD DE LA SOMME,,,Nuit avec éclairage allumé,En agglomération,Intersection en X,Normale,Deux véhicules - côté,,,,,,,,,,,5,2,2,1,3
201500054473,0015-03-13 19:15:00,15,3,13,19,15,750,117,"27, AVENUE DE CLICHY",,,Nuit avec éclairage allumé,En agglomération,Intersection en X,Normale,Deux véhicules - côté,,,,,,,,,,,5,2,2,1,3
201500054474,0015-03-14 02:20:00,15,3,14,2,20,750,117,"20, BOULEVARD DU FORT DE",,,Nuit avec éclairage allumé,En agglomération,Hors intersection,Normale,Deux véhicules - arrière,,,,,,,,,,,5,2,1,1,2
201500054475,0015-03-14 06:00:00,15,3,14,6,0,750,117,"38, BOULEVARD DES BATIGN",,,Crépuscule ou aube,En agglomération,Intersection en X,Normale,Deux véhicules - arrière,,,,,,,,,,,2,2,2,1,2
201500054476,0015-03-15 12:00:00,15,3,15,12,0,750,117,"8, PLACE DE LA PORTE DE",,,Plein jour,En agglomération,Hors intersection,Normale,Autre collision,,,,,,,,,,,1,2,1,1,6
201500054477,0015-03-16 11:50:00,15,3,16,11,50,750,117,"139, AVENUE DE VILLIERS",,,Plein jour,En agglomération,Hors intersection,Normale,Deux véhicules - arrière,,,,,,,,,,,1,2,1,1,2
201500054478,0015-03-17 10:20:00,15,3,17,10,20,750,117,"24, AVENUE DE LA GRANDE",,,Plein jour,En agglomération,Hors intersection,Normale,Deux véhicules - côté,,,,,,,,,,,1,2,1,1,3
201500054479,0015-03-17 13:40:00,15,3,17,13,40,750,117,"163, AVENUE DE CLICHY",,,Plein jour,En agglomération,Intersection en T,Normale,Deux véhicules - côté,,,,,,,,,,,1,2,3,1,3
201500054480,0015-03-18 09:05:00,15,3,18,9,5,750,117,"0, RUE FRUCTIDOR",,,Plein jour,En agglomération,Hors intersection,Normale,Deux véhicules - côté,,,,,,,,,,,1,2,1,1,3
201500054481,0015-03-20 14:18:00,15,3,20,14,18,750,117,AVENUE DE LA PORTE D ASN,,,Plein jour,En agglomération,Intersection en X,Normale,Deux véhicules - côté,,,,,,,,,,,1,2,2,1,3
201500054482,0015-03-22 18:00:00,15,3,22,18,0,750,117,"148, BOULEVARD MALESHERB",,,Plein jour,En agglomération,Hors intersection,Normale,Autre collision,,,,,,,,,,,1,2,1,1,6
201500054483,0015-03-23 07:50:00,15,3,23,7,50,750,108,AVENUE DES CHAMPS ELYSEE,,,Plein jour,En agglomération,Hors intersection,Normale,Deux véhicules - arrière,,,,,,,,,,,1,2,1,1,2
201500054484,0015-03-23 11:40:00,15,3,23,11,40,750,117,"/, RUE CARDINET",,,Plein jour,En agglomération,Intersection en X,Normale,Autre collision,,,,,,,,,,,1,2,2,1,6
201500054485,0015-03-24 08:20:00,15,3,24,8,20,750,117,"17, AVENUE DE LA PORTE D",,,Plein jour,En agglomération,Intersection en X,Normale,Autre collision,,,,,,,,,,,1,2,2,1,6
201500054486,0015-03-25 19:20:00,15,3,25,19,20,750,117,"95, AVENUE DE CLICHY",,,Nuit avec éclairage allumé,En agglomération,Hors intersection,Normale,Deux véhicules - frontale,,,,,,,,,,,5,2,1,1,1
201500054487,0015-03-26 10:05:00,15,3,26,10,5,750,117,AVENUE DE LA GRANDE ARME,,,Plein jour,En agglomération,Place,Pluie légère,Deux véhicules - côté,,,,,,,,,,,1,2,7,2,3
201500054488,0015-03-28 03:50:00,15,3,28,3,50,750,117,"174, AVENUE DE CLICHY",,,Nuit avec éclairage allumé,En agglomération,Hors intersection,Pluie légère,Autre collision,,,,,,,,,,,5,2,1,2,6
201500054489,0015-03-28 17:40:00,15,3,28,17,40,750,117,"5, RUE NAVIER",,,Plein jour,En agglomération,Hors intersection,Normale,Autre collision,,,,,,,,,,,1,2,1,1,6
201500054490,0015-03-28 17:15:00,15,3,28,17,15,750,117,"07, AVENUE DES TERNES",,,Plein jour,En agglomération,Hors intersection,Normale,Deux véhicules - côté,,,,,,,,,,,1,2,1,1,3
201500054491,0015-03-29 05:20:00,15,3,29,5,20,750,108,"1, PLACE DE LA CONCORDE",,,Nuit avec éclairage allumé,En agglomération,Place,Pluie légère,Deux véhicules - arrière,,,,,,,,,,,5,2,7,2,2
201500054492,0015-03-30 23:45:00,15,3,30,23,45,750,117,"7, AVENUE DE CLICHY",,,Nuit avec éclairage allumé,En agglomération,Hors intersection,Normale,Deux véhicules - côté,,,,,,,,,,,5,2,1,1,3
201500054493,0015-03-31 13:30:00,15,3,31,13,30,750,117,"18, BOULEVARD DES BATIGN",,,Plein jour,En agglomération,Intersection en X,Normale,Deux véhicules - arrière,,,,,,,,,,,1,2,2,1,2
201500054494,0015-04-02 01:15:00,15,4,2,1,15,750,117,"2, PLACE DE LA REPUBLIQU",,,Nuit avec éclairage allumé,En agglomération,Place,Normale,Autre collision,,,,,,,,,,,5,2,7,1,6
201500054495,0015-04-02 08:00:00,15,4,2,8,0,750,117,"115, RUE DE ROME",,,Plein jour,En agglomération,Intersection en T,Normale,Deux véhicules - côté,,,,,,,,,,,1,2,3,1,3
201500054496,0015-04-02 11:05:00,15,4,2,11,5,750,117,"66, AVENUE DE LA GRANDE",,,Plein jour,En agglomération,Intersection en T,Pluie légère,Sans collision,,,,,,,,,,,1,2,3,2,7
201500054497,0015-04-04 23:25:00,15,4,4,23,25,750,117,"145, RUE CARDINET",,,Nuit avec éclairage allumé,En agglomération,Intersection à plus de 4 branches,Pluie légère,Autre collision,,,,,,,,,,,5,2,5,2,6
201500054498,0015-04-04 05:20:00,15,4,4,5,20,750,117,AVENUE DE LA GRANDE ARME,,,Nuit avec éclairage allumé,En agglomération,Place,Normale,Autre collision,,,,,,,,,,,5,2,7,1,6
201500054499,0015-04-04 11:00:00,15,4,4,11,0,750,117,"5, PLACE GENERAL CATROUX",,,Plein jour,En agglomération,Intersection en X,Pluie légère,Deux véhicules - côté,,,,,,,,,,,1,2,2,2,3
201500054500,0015-04-04 23:35:00,15,4,4,23,35,750,117,"34, RUE JOUFFROY D ABBAN",,,Nuit avec éclairage allumé,En agglomération,Intersection en X,Normale,Deux véhicules - côté,,,,,,,,,,,5,2,2,1,3
201500054501,0015-04-05 11:20:00,15,4,5,11,20,750,117,"11, BOULEVARD BERTHIER",,,Plein jour,En agglomération,Hors intersection,Normale,Deux véhicules - côté,,,,,,,,,,,1,2,1,1,3
201500054502,0015-04-06 19:00:00,15,4,6,19,0,750,117,"186, RUE CARDINET",,,Plein jour,En agglomération,Hors intersection,Normale,Autre collision,,,,,,,,,,,1,2,1,1,6
201500054503,0015-04-07 06:40:00,15,4,7,6,40,750,117,"201, BOULEVARD MALESHERB",,,Plein jour,En agglomération,Intersection en T,Normale,Deux véhicules - arrière,,,,,,,,,,,1,2,3,1,2
201500054504,0015-04-08 09:45:00,15,4,8,9,45,750,117,"37, AVENUE DE CLICHY",,,Plein jour,En agglomération,Hors intersection,Normale,Autre collision,,,,,,,,,,,1,2,1,1,6
201500054505,0015-04-08 22:35:00,15,4,8,22,35,750,117,"18, AVENUE GOURGAUD",,,Nuit avec éclairage allumé,En agglomération,Hors intersection,Normale,Sans collision,,,,,,,,,,,5,2,1,1,7
201500054506,0015-04-09 19:30:00,15,4,9,19,30,750,117,"13, RUE GALVANI",,,Plein jour,En agglomération,Intersection en X,Normale,Autre collision,,,,,,,,,,,1,2,2,1,6
201500054507,0015-04-10 14:55:00,15,4,10,14,55,750,116,"17, AVENUE DE LA GRANDE",,,Plein jour,En agglomération,Intersection en T,Normale,Deux véhicules - côté,,,,,,,,,,,1,2,3,1,3
201500054508,0015-04-13 18:30:00,15,4,13,18,30,750,117,"01, AVENUE DE WAGRAM",,,Plein jour,En agglomération,Place,Normale,Autre collision,,,,,,,,,,,1,2,7,1,6
201500054509,0015-04-14 12:50:00,15,4,14,12,50,750,117,"94, BOULEVARD MALESHERBE",,,Plein jour,En agglomération,Intersection en X,Normale,Deux véhicules - arrière,,,,,,,,,,,1,2,2,1,2
201500054510,0015-04-15 09:30:00,15,4,15,9,30,750,117,AVENUE DE CLICHY,,,Plein jour,En agglomération,Intersection en T,Normale,Deux véhicules - côté,,,,,,,,,,,1,2,3,1,3
201500054511,0015-04-15 13:50:00,15,4,15,13,50,750,117,"2, PLACE DE LA PORTE MAI",,,Plein jour,En agglomération,Place,Normale,Deux véhicules - côté,,,,,,,,,,,1,2,7,1,3
201500054512,0015-04-16 10:00:00,15,4,16,10,0,750,117,"51, AVENUE DE VILLIERS",,,Plein jour,En agglomération,Intersection en X,Normale,Deux véhicules - côté,,,,,,,,,,,1,2,2,1,3
201500054513,0015-04-17 14:50:00,15,4,17,14,50,750,117,"25, BOULEVARD GOUVION SA",,,Plein jour,En agglomération,Intersection en T,Normale,Deux véhicules - côté,,,,,,,,,,,1,2,3,1,3
201500054514,0015-04-18 09:30:00,15,4,18,9,30,750,117,"21, BOULEVARD DE L YSER",,,Plein jour,En agglomération,Intersection en Y,Normale,Autre collision,,,,,,,,,,,1,2,4,1,6
201500054515,0015-04-19 06:40:00,15,4,19,6,40,750,117,"22, BOULEVARD DU FORT DE",,,Plein jour,En agglomération,Intersection en X,Normale,Deux véhicules - arrière,,,,,,,,,,,1,2,2,1,2
201500054516,0015-04-19 17:05:00,15,4,19,17,5,750,117,"19, BOULEVARD PEREIRE",,,Plein jour,En agglomération,Intersection à plus de 4 branches,Normale,Autre collision,,,,,,,,,,,1,2,5,1,6
201500054517,0015-04-20 13:55:00,15,4,20,13,55,750,108,"27, RUE ROYALE",,,Plein jour,En agglomération,Intersection en T,Normale,Deux véhicules - arrière,,,,,,,,,,,1,2,3,1,2
201500054518,0015-04-21 17:30:00,15,4,21,17,30,750,117,"23, AVENUE DE CLICHY",,,Plein jour,En agglomération,Hors intersection,Normale,Autre collision,,,,,,,,,,,1,2,1,1,6
201500054519,0015-04-22 13:30:00,15,4,22,13,30,750,117,"124, AVENUE DE CLICHY",,,Plein jour,En agglomération,Intersection en X,Normale,Deux véhicules - arrière,,,,,,,,,,,1,2,2,1,2
201500054520,0015-04-22 13:35:00,15,4,22,13,35,750,117,"1, RUE LEMERCIER",,,Plein jour,En agglomération,Hors intersection,Normale,Autre collision,,,,,,,,,,,1,2,1,1,6
201500054521,0015-04-22 19:10:00,15,4,22,19,10,750,116,"109, BOULEVARD MURAT",,,Plein jour,En agglomération,Hors intersection,Normale,Autre collision,,,,,,,,,,,1,2,1,1,6
201500054522,0015-04-23 02:20:00,15,4,23,2,20,750,117,"2 - 4, PLACE DE LA PORTE",,,Nuit avec éclairage allumé,En agglomération,Intersection à plus de 4 branches,Normale,Autre collision,,,,,,,,,,,5,2,5,1,6
201500054523,0015-04-23 18:00:00,15,4,23,18,0,750,117,"3, AVENUE DE VILLIERS",,,Plein jour,En agglomération,Intersection en Y,Normale,Deux véhicules - côté,,,,,,,,,,,1,2,4,1,3
201500054524,0015-04-24 09:00:00,15,4,24,9,0,750,117,"2, PLACE DE LA PORTE MAI",,,Plein jour,En agglomération,Hors intersection,Normale,Deux véhicules - arrière,,,,,,,,,,,1,2,1,1,2
201500054525,0015-04-26 17:55:00,15,4,26,17,55,750,117,"51, AVENUE DES TERNES",,,Plein jour,En agglomération,Intersection en T,Pluie légère,Autre collision,,,,,,,,,,,1,2,3,2,6
201500054526,0015-04-26 21:30:00,15,4,26,21,30,750,117,"141, RUE DE ROME",,,Nuit avec éclairage allumé,En agglomération,Hors intersection,Pluie légère,Autre collision,,,,,,,,,,,5,2,1,2,6
201500054527,0015-04-28 01:59:00,15,4,28,1,59,750,117,"143, AVENUE DE VILLIERS",,,Nuit avec éclairage allumé,En agglomération,Intersection à plus de 4 branches,Normale,Deux véhicules - côté,,,,,,,,,,,5,2,5,1,3
201500054528,0015-04-29 15:45:00,15,4,29,15,45,750,117,"91, BOULEVARD BESSIERES",,,Plein jour,En agglomération,Intersection en T,Normale,Deux véhicules - côté,,,,,,,,,,,1,2,3,1,3
201500054529,0015-04-29 18:05:00,15,4,29,18,5,750,117,"1, PLACE DE LA PORTE MAI",,,Plein jour,En agglomération,Place,Normale,Sans collision,,,,,,,,,,,1,2,7,1,7
201500054530,0015-05-04 13:00:00,15,5,4,13,0,750,117,"11, RUE TARBE",,,Plein jour,En agglomération,Hors intersection,Normale,Autre collision,,,,,,,,,,,1,2,1,1,6
201500054531,0015-05-04 16:50:00,15,5,4,16,50,750,117,"14, PLACE GENERAL CATROU",,,Plein jour,En agglomération,Hors intersection,Pluie légère,Deux véhicules - côté,,,,,,,,,,,1,2,1,2,3
201500054532,0015-05-05 16:40:00,15,5,5,16,40,750,117,"83, RUE DE SAUSSURE",,,Plein jour,En agglomération,Intersection en X,Normale,Autre collision,,,,,,,,,,,1,2,2,1,6
201500054533,0015-05-06 12:20:00,15,5,6,12,20,750,117,"0, AVENUE DE LA PORTE DE",,,Plein jour,En agglomération,Intersection en T,Normale,Deux véhicules - côté,,,,,,,,,,,1,2,3,1,3
201500054534,0015-05-06 18:30:00,15,5,6,18,30,750,117,"06, AVENUE DE LA GRANDE",,,Plein jour,En agglomération,Place,Normale,Deux véhicules - côté,,,,,,,,,,,1,2,7,1,3
201500054535,0015-05-07 07:50:00,15,5,7,7,50,750,117,"232, RUE DE COURCELLES",,,Plein jour,En agglomération,Hors intersection,Normale,Deux véhicules - côté,,,,,,,,,,,1,2,1,1,3
201500054536,0015-05-07 14:15:00,15,5,7,14,15,750,117,"2, PLACE DU GENERAL KOEN",,,Plein jour,En agglomération,Place,Normale,Autre collision,,,,,,,,,,,1,2,7,1,6
201500054537,0015-05-08 12:30:00,15,5,8,12,30,750,117,"44, RUE BRUNEL",,,Plein jour,En agglomération,Intersection en T,Normale,Deux véhicules - côté,,,,,,,,,,,1,2,3,1,3
201500054538,0015-05-08 14:15:00,15,5,8,14,15,750,117,"131, AVENUE DE WAGRAM",,,Plein jour,En agglomération,Intersection en X,Normale,Autre collision,,,,,,,,,,,1,2,2,1,6
201500054539,0015-05-08 14:40:00,15,5,8,14,40,750,117,"26, RUE DES EPINETTES",,,Plein jour,En agglomération,Hors intersection,Normale,Deux véhicules - arrière,,,,,,,,,,,1,2,1,1,2
201500054540,0015-05-08 20:20:00,15,5,8,20,20,750,117,"08, RUE NOLLET",,,Plein jour,En agglomération,Hors intersection,Normale,Autre collision,,,,,,,,,,,1,2,1,1,6
201500054541,0015-05-09 13:00:00,15,5,9,13,0,750,117,"34, AVENUE DE LA PORTE D",,,Plein jour,En agglomération,Intersection en Y,Normale,Deux véhicules - côté,,,,,,,,,,,1,2,4,1,3
201500054542,0015-05-12 09:55:00,15,5,12,9,55,750,117,"20, BOULEVARD GOUVION SA",,,Plein jour,En agglomération,Hors intersection,Normale,Deux véhicules - côté,,,,,,,,,,,1,2,1,1,3
201500054543,0015-05-12 13:00:00,15,5,12,13,0,750,117,AVENUE DE LA PORTE DE CH,,,Plein jour,En agglomération,Intersection à plus de 4 branches,Normale,Deux véhicules - côté,,,,,,,,,,,1,2,5,1,3
201500054544,0015-05-12 13:15:00,15,5,12,13,15,750,117,"24, RUE BROCHANT",,,Plein jour,En agglomération,Hors intersection,Normale,Autre collision,,,,,,,,,,,1,2,1,1,6
201500054545,0015-05-13 15:30:00,15,5,13,15,30,750,117,RUE TORRICELLI,,,Plein jour,En agglomération,Intersection en X,Normale,Autre collision,,,,,,,,,,,1,2,2,1,6
201500054546,0015-05-13 17:45:00,15,5,13,17,45,750,117,"25, RUE GUERSANT",,,Plein jour,En agglomération,Intersection en X,Normale,Deux véhicules - côté,,,,,,,,,,,1,2,2,1,3
201500054547,0015-05-13 18:45:00,15,5,13,18,45,750,117,"7, BOULEVARD DU BOIS LE",,,Plein jour,En agglomération,Hors intersection,Normale,Deux véhicules - arrière,,,,,,,,,,,1,2,1,1,2
201500054548,0015-05-15 14:50:00,15,5,15,14,50,750,117,"01, BOULEVARD PEREIRE",,,Plein jour,En agglomération,Intersection à plus de 4 branches,Normale,Deux véhicules - arrière,,,,,,,,,,,1,2,5,1,2
201500054549,0015-05-16 10:30:00,15,5,16,10,30,750,101,"1, BOULEVARD DE LA MADEL",,,Plein jour,En agglomération,Intersection en X,Normale,Deux véhicules - côté,,,,,,,,,,,1,2,2,1,3
201500054550,0015-05-17 14:05:00,15,5,17,14,5,750,117,"29, AVENUE NIEL",,,Plein jour,En agglomération,Intersection à plus de 4 branches,Normale,Autre collision,,,,,,,,,,,1,2,5,1,6
201500054551,0015-05-18 10:55:00,15,5,18,10,55,750,117,"72, AVENUE DE VILLIERS",,,Plein jour,En agglomération,Place,Normale,Autre collision,,,,,,,,,,,1,2,7,1,6
201500054552,0015-05-18 10:20:00,15,5,18,10,20,750,117,"10, AVENUE DE LA GRANDE",,,Plein jour,En agglomération,Intersection à plus de 4 branches,Normale,Trois véhicules et plus - collisions multiples,,,,,,,,,,,1,2,5,1,5
201500054553,0015-05-18 19:05:00,15,5,18,19,5,750,117,"87, RUE DULONG",,,Plein jour,En agglomération,Intersection à plus de 4 branches,Normale,Autre collision,,,,,,,,,,,1,2,5,1,6
201500054554,0015-05-21 19:30:00,15,5,21,19,30,750,117,"2, PLACE DE LA PORTE MAI",,,Plein jour,En agglomération,Place,Normale,Deux véhicules - arrière,,,,,,,,,,,1,2,7,1,2
201500054555,0015-05-23 17:20:00,15,5,23,17,20,750,117,"11, BOULEVARD BERTHIER",,,Plein jour,En agglomération,Intersection en Y,Normale,Deux véhicules - côté,,,,,,,,,,,1,2,4,1,3
201500054556,0015-05-23 22:30:00,15,5,23,22,30,750,117,"101, RUE DE COURCELLES",,,Nuit avec éclairage allumé,En agglomération,Intersection en X,Normale,Autre collision,,,,,,,,,,,5,2,2,1,6
201500054557,0015-05-26 16:35:00,15,5,26,16,35,750,117,"56, RUE GAUTHEY",,,Plein jour,En agglomération,Hors intersection,Normale,Autre collision,,,,,,,,,,,1,2,1,1,6
201500054558,0015-05-27 09:25:00,15,5,27,9,25,750,117,"91, AVENUE DE VILLIERS",,,Plein jour,En agglomération,Intersection en T,Normale,Deux véhicules - frontale,,,,,,,,,,,1,2,3,1,1
201500054559,0015-05-27 11:50:00,15,5,27,11,50,750,117,BOULEVARD PERIPHERIQUE,,,Plein jour,En agglomération,Hors intersection,Normale,Deux véhicules - arrière,,,,,,,,,,,1,2,1,1,2
201500054560,0015-05-28 08:35:00,15,5,28,8,35,750,117,"13 ter, BOULEVARD BERTHI",,,Plein jour,En agglomération,Hors intersection,Normale,Autre collision,,,,,,,,,,,1,2,1,1,6
201500054561,0015-05-28 22:45:00,15,5,28,22,45,750,117,AVENUE DE LA PORTE DES T,,,Nuit avec éclairage allumé,En agglomération,Intersection en X,Normale,Deux véhicules - côté,,,,,,,,,,,5,2,2,1,3
201500054562,0015-05-29 08:40:00,15,5,29,8,40,750,117,"24, PLACE CHARLES FILLIO",,,Plein jour,En agglomération,Place,Normale,Autre collision,,,,,,,,,,,1,2,7,1,6
201500054563,0015-05-30 18:00:00,15,5,30,18,0,750,117,PLACE PAUL LEAUTAUD,,,Plein jour,En agglomération,Place,Normale,Deux véhicules - côté,,,,,,,,,,,1,2,7,1,3
201500054564,0015-05-30 18:45:00,15,5,30,18,45,750,117,BOULEVARD PERIPHERIQUE,,,Plein jour,En agglomération,Hors intersection,Normale,Deux véhicules - arrière,,,,,,,,,,,1,2,1,1,2
201500054565,0015-05-31 12:30:00,15,5,31,12,30,750,117,"30, BOULEVARD DE COURCEL",,,Plein jour,En agglomération,Intersection en X,Pluie forte,Autre collision,,,,,,,,,,,1,2,2,3,6
201500054566,0015-05-31 14:15:00,15,5,31,14,15,750,117,"132, AVENUE DE CLICHY",,,Plein jour,En agglomération,Intersection en X,Pluie légère,Deux véhicules - côté,,,,,,,,,,,1,2,2,2,3
201500054567,0015-06-01 08:15:00,15,6,1,8,15,750,117,"81, AVENUE DES TERNES",,,Plein jour,En agglomération,Intersection en Y,Normale,Deux véhicules - côté,,,,,,,,,,,1,2,4,1,3
201500054568,0015-06-04 15:30:00,15,6,4,15,30,750,117,"100, AVENUE DE VILLIERS",,,Plein jour,En agglomération,Hors intersection,Normale,Trois véhicules et plus - en chaîne,,,,,,,,,,,1,2,1,1,4
201500054569,0015-06-05 08:40:00,15,6,5,8,40,750,117,RUE LAUGIER,,,Plein jour,En agglomération,Intersection en T,Normale,Deux véhicules - arrière,,,,,,,,,,,1,2,3,1,2
201500054570,0015-06-05 13:50:00,15,6,5,13,50,750,117,"108, RUE DE COURCELLES",,,Plein jour,En agglomération,Intersection en T,Normale,Deux véhicules - côté,,,,,,,,,,,1,2,3,1,3
201500054571,0015-06-06 18:50:00,15,6,6,18,50,750,117,"21, RUE GUY MOQUET",,,Plein jour,En agglomération,Hors intersection,Normale,Autre collision,,,,,,,,,,,1,2,1,1,6
201500054572,0015-06-09 20:15:00,15,6,9,20,15,750,117,"81, AVENUE DE SAINT OUEN",,,Plein jour,En agglomération,Intersection en X,Normale,Deux véhicules - frontale,,,,,,,,,,,1,2,2,1,1
201500054573,0015-06-11 11:40:00,15,6,11,11,40,750,117,"11, BOULEVARD BERTHIER",,,Plein jour,En agglomération,Intersection en Y,Normale,Deux véhicules - côté,,,,,,,,,,,1,2,4,1,3
201500054574,0015-06-11 18:10:00,15,6,11,18,10,750,117,"01, AVENUE EMILE ET ARMA",,,Plein jour,En agglomération,Intersection en T,Normale,Autre collision,,,,,,,,,,,1,2,3,1,6
201500054575,0015-06-11 17:38:00,15,6,11,17,38,750,117,"35, AVENUE DES TERNES",,,Plein jour,En agglomération,Intersection en X,Normale,Deux véhicules - arrière,,,,,,,,,,,1,2,2,1,2
201500054576,0015-06-12 00:35:00,15,6,12,0,35,750,117,"56, BOULEVARD BERTHIER",,,Nuit avec éclairage allumé,En agglomération,Hors intersection,Normale,Sans collision,,,,,,,,,,,5,2,1,1,7
201500054577,0015-06-12 09:15:00,15,6,12,9,15,750,117,"79, RUE JOUFFROY D ABBAN",,,Plein jour,En agglomération,Hors intersection,Normale,Autre collision,,,,,,,,,,,1,2,1,1,6
201500054578,0015-06-13 07:55:00,15,6,13,7,55,750,117,"05, RUE CATULLE MENDES",,,Plein jour,En agglomération,Hors intersection,Normale,Deux véhicules - arrière,,,,,,,,,,,1,2,1,1,2
201500054579,0015-06-12 21:50:00,15,6,12,21,50,750,117,"80, AVENUE DE LA GRANDE",,,Plein jour,En agglomération,Place,Normale,Autre collision,,,,,,,,,,,1,2,7,1,6
201500054580,0015-06-13 13:45:00,15,6,13,13,45,750,117,"103, RUE CARDINET",,,Plein jour,En agglomération,Intersection en X,Normale,Deux véhicules - côté,,,,,,,,,,,1,2,2,1,3
201500054581,0015-06-14 13:25:00,15,6,14,13,25,750,117,"/, RUE DU CAPITAINE LAGA",,,Plein jour,En agglomération,Intersection en X,Normale,Deux véhicules - côté,,,,,,,,,,,1,2,2,1,3
201500054582,0015-06-15 17:45:00,15,6,15,17,45,750,117,"1, AVENUE DE LA PORTE D",,,Plein jour,En agglomération,Hors intersection,Normale,Autre collision,,,,,,,,,,,1,2,1,1,6
201500054583,0015-06-15 17:45:00,15,6,15,17,45,750,117,"176, AVENUE DE CLICHY",,,Plein jour,En agglomération,Intersection en T,Normale,Autre collision,,,,,,,,,,,1,2,3,1,6
201500054584,0015-06-16 09:30:00,15,6,16,9,30,750,116,"19, AVENUE D IENA",,,Plein jour,En agglomération,Hors intersection,Normale,Deux véhicules - arrière,,,,,,,,,,,1,2,1,1,2
201500054585,0015-06-16 18:35:00,15,6,16,18,35,750,117,"157, AVENUE DE CLICHY",,,Plein jour,En agglomération,Hors intersection,Normale,Autre collision,,,,,,,,,,,1,2,1,1,6
201500054586,0015-06-16 23:50:00,15,6,16,23,50,750,117,"66, AVENUE DE VILLIERS",,,Nuit avec éclairage allumé,En agglomération,Intersection en X,Normale,Deux véhicules - arrière,,,,,,,,,,,5,2,2,1,2
201500054587,0015-06-17 08:10:00,15,6,17,8,10,750,117,"16, PLACE DE VERDUN",,,Plein jour,En agglomération,Intersection en Y,Normale,Deux véhicules - côté,,,,,,,,,,,1,2,4,1,3
201500054588,0015-05-17 13:20:00,15,5,17,13,20,750,117,"190, AVENUE DE CLICHY",,,Plein jour,En agglomération,Hors intersection,Normale,Deux véhicules - côté,,,,,,,,,,,1,2,1,1,3
201500054589,0015-06-17 13:20:00,15,6,17,13,20,750,117,"190, AVENUE DE CLICHY",,,Plein jour,En agglomération,Hors intersection,Normale,Deux véhicules - côté,,,,,,,,,,,1,2,1,1,3
201500054590,0015-06-17 19:00:00,15,6,17,19,0,750,117,BOULEVARD PERIPHERIQUE I,,,Plein jour,En agglomération,Hors intersection,Normale,Deux véhicules - côté,,,,,,,,,,,1,2,1,1,3
201500054591,0015-06-18 22:50:00,15,6,18,22,50,750,117,"30, BOULEVARD DE DOUAUMO",,,Nuit avec éclairage allumé,En agglomération,Hors intersection,Normale,Autre collision,,,,,,,,,,,5,2,1,1,6
201500054592,0015-06-19 12:30:00,15,6,19,12,30,750,117,PLACE CHARLES DE GAULLE,,,Plein jour,En agglomération,Place,Normale,Deux véhicules - côté,,,,,,,,,,,1,2,7,1,3
201500054593,0015-06-21 18:30:00,15,6,21,18,30,750,117,"1, AVENUE STEPHANE MALLA",,,Plein jour,En agglomération,Intersection à plus de 4 branches,Normale,Deux véhicules - côté,,,,,,,,,,,1,2,5,1,3
201500054594,0015-06-24 01:20:00,15,6,24,1,20,750,117,RUE DE ROME,,,Nuit avec éclairage allumé,En agglomération,Intersection en X,Normale,Autre collision,,,,,,,,,,,5,2,2,1,6
201500054595,0015-06-24 08:50:00,15,6,24,8,50,750,117,"1, BOULEVARD DE LA SOMME",,,Plein jour,En agglomération,Intersection en X,Normale,Deux véhicules - côté,,,,,,,,,,,1,2,2,1,3
201500054596,0015-06-24 13:15:00,15,6,24,13,15,750,116,"01, AVENUE FOCH",,,Plein jour,En agglomération,Intersection en X,Normale,Deux véhicules - arrière,,,,,,,,,,,1,2,2,1,2
201500054597,0015-06-24 20:20:00,15,6,24,20,20,750,117,"18, AVENUE DE VILLIERS",,,Plein jour,En agglomération,Intersection en X,Normale,Deux véhicules - côté,,,,,,,,,,,1,2,2,1,3