accident_id,datetime,annee,mois,jour,heure,minute,departement,commune_insee,adresse,latitude,longitude,luminosite,agglomeration,intersection,meteo,collision,nb_vehicules,nb_usagers,nb_indemnes,nb_tues,nb_blesses_hosp,nb_blesses_legers,age_cond_1,age_cond_2,veh_type_cond_1,veh_type_cond_2,lum_code,agg_code,int_code,atm_code,col_code
201500054598,0015-06-25 10:45:00,15,6,25,10,45,750,116,"117, RUE DE LONGCHAMP",,,Plein jour,En agglomération,Hors intersection,Normale,Autre collision,,,,,,,,,,,1,2,1,1,6
201500054599,0015-06-25 15:10:00,15,6,25,15,10,750,116,AVENUE PAUL DOUMER,,,Plein jour,En agglomération,Intersection à plus de 4 branches,Normale,Deux véhicules - côté,,,,,,,,,,,1,2,5,1,3
201500054600,0015-06-27 15:20:00,15,6,27,15,20,750,117,"43, AVENUE DE WAGRAM",,,Plein jour,En agglomération,Hors intersection,Normale,Deux véhicules - côté,,,,,,,,,,,1,2,1,1,3
201500054601,0015-06-29 16:15:00,15,6,29,16,15,750,117,PLACE DE LA PORTE DE CHA,,,Plein jour,En agglomération,Intersection en X,Normale,Deux véhicules - arrière,,,,,,,,,,,1,2,2,1,2
201500054602,0015-06-29 16:30:00,15,6,29,16,30,750,117,"38, BOULEVARD BERTHIER",,,Plein jour,En agglomération,Hors intersection,Normale,Trois véhicules et plus - collisions multiples,,,,,,,,,,,1,2,1,1,5
201500054603,0015-06-30 06:45:00,15,6,30,6,45,750,117,RUE CARDINET,,,Plein jour,En agglomération,Intersection en X,Normale,Deux véhicules - côté,,,,,,,,,,,1,2,2,1,3
201500054604,0015-06-30 15:10:00,15,6,30,15,10,750,117,"01, PLACE GENERAL CATROU",,,Plein jour,En agglomération,Place,Normale,Deux véhicules - côté,,,,,,,,,,,1,2,7,1,3
201500054605,0015-07-01 20:30:00,15,7,1,20,30,750,117,"23, AVENUE BRUNETIERE",,,Plein jour,En agglomération,Intersection en T,Normale,Autre collision,,,,,,,,,,,1,2,3,1,6
201500054606,0015-07-02 14:30:00,15,7,2,14,30,750,117,"127, AVENUE DE VILLIERS",,,Plein jour,En agglomération,Hors intersection,Normale,Deux véhicules - côté,,,,,,,,,,,1,2,1,1,3
201500054607,0015-07-03 00:40:00,15,7,3,0,40,750,117,RUE LEGENDRE,,,Nuit avec éclairage allumé,En agglomération,Intersection en X,Normale,Deux véhicules - côté,,,,,,,,,,,5,2,2,1,3
201500054608,0015-07-05 17:50:00,15,7,5,17,50,750,117,"18, BOULEVARD BESSIERES",,,Plein jour,En agglomération,Hors intersection,Normale,Autre collision,,,,,,,,,,,1,2,1,1,6
201500054609,0015-07-06 00:20:00,15,7,6,0,20,750,117,AVENUE DE WAGRAM,,,Nuit avec éclairage allumé,En agglomération,Place,Normale,Deux véhicules - côté,,,,,,,,,,,5,2,7,1,3
201500054610,0015-07-06 15:30:00,15,7,6,15,30,750,117,"114, RUE DE TOCQUEVILLE",,,Plein jour,En agglomération,Intersection à plus de 4 branches,Normale,Deux véhicules - côté,,,,,,,,,,,1,2,5,1,3
201500054611,0015-07-07 16:30:00,15,7,7,16,30,750,117,"164, RUE DE SAUSSURE",,,Plein jour,En agglomération,Hors intersection,Normale,Autre collision,,,,,,,,,,,1,2,1,1,6
201500054612,0015-07-09 12:10:00,15,7,9,12,10,750,117,"2, RUE CURNONSKY",,,Plein jour,En agglomération,Hors intersection,Normale,Autre collision,,,,,,,,,,,1,2,1,1,6
201500054613,0015-07-10 09:10:00,15,7,10,9,10,750,117,"1, PLACE DE LA PORTE MAI",,,Plein jour,En agglomération,Place,Normale,Deux véhicules - côté,,,,,,,,,,,1,2,7,1,3
201500054614,0015-07-11 17:10:00,15,7,11,17,10,750,117,"67, AVENUE NIEL",,,Plein jour,En agglomération,Hors intersection,Normale,Deux véhicules - arrière,,,,,,,,,,,1,2,1,1,2
201500054615,0015-07-11 19:25:00,15,7,11,19,25,750,117,"12, BOULEVARD DES BATIGN",,,Plein jour,En agglomération,Hors intersection,Normale,Deux véhicules - arrière,,,,,,,,,,,1,2,1,1,2
201500054616,0015-07-12 15:10:00,15,7,12,15,10,750,117,"04, BOULEVARD BERTHIER",,,Plein jour,En agglomération,Intersection à plus de 4 branches,Normale,Deux véhicules - côté,,,,,,,,,,,1,2,5,1,3
201500054617,0015-07-12 16:40:00,15,7,12,16,40,750,108,"1, PLACE DE LA REPUBLIQU",,,Plein jour,En agglomération,Place,Pluie légère,Autre collision,,,,,,,,,,,1,2,7,2,6
201500054618,0015-07-13 20:15:00,15,7,13,20,15,750,117,"85, AVENUE DE WAGRAM",,,Plein jour,En agglomération,Intersection en X,Normale,Deux véhicules - côté,,,,,,,,,,,1,2,2,1,3
201500054619,0015-07-15 18:45:00,15,7,15,18,45,750,117,"24, AVENUE DE LA PORTE D",,,Plein jour,En agglomération,Intersection en X,Normale,Autre collision,,,,,,,,,,,1,2,2,1,6
201500054620,0015-07-15 21:10:00,15,7,15,21,10,750,117,"02, AVENUE DE LA GRANDE",,,Plein jour,En agglomération,Place,Temps éblouissant,Deux véhicules - arrière,,,,,,,,,,,1,2,7,7,2
201500054621,0015-07-18 06:20:00,15,7,18,6,20,750,117,"93, AVENUE NIEL",,,Crépuscule ou aube,En agglomération,Hors intersection,Normale,Deux véhicules - frontale,,,,,,,,,,,2,2,1,1,1
201500054622,0015-07-19 01:45:00,15,7,19,1,45,750,116,"19, CHAUSSEE LA MUETTE",,,Nuit avec éclairage allumé,En agglomération,Intersection à plus de 4 branches,Pluie forte,Sans collision,,,,,,,,,,,5,2,5,3,7
201500054623,0015-07-19 20:50:00,15,7,19,20,50,750,117,"7, RUE DE L ETOILE",,,Plein jour,En agglomération,Hors intersection,Normale,Autre collision,,,,,,,,,,,1,2,1,1,6
201500054624,0015-07-20 19:45:00,15,7,20,19,45,750,117,"80, AVENUE DE WAGRAM",,,Plein jour,En agglomération,Intersection à plus de 4 branches,Normale,Deux véhicules - côté,,,,,,,,,,,1,2,5,1,3
201500054625,0015-07-21 19:00:00,15,7,21,19,0,750,117,"28, RUE LEGENDRE",,,Plein jour,En agglomération,Hors intersection,Normale,Autre collision,,,,,,,,,,,1,2,1,1,6
201500054626,0015-07-23 16:00:00,15,7,23,16,0,750,117,"61, RUE DE LEVIS",,,Plein jour,En agglomération,Intersection en X,Normale,Autre collision,,,,,,,,,,,1,2,2,1,6
201500054627,0015-07-25 07:20:00,15,7,25,7,20,750,117,"16, BOULEVARD DES BATIGN",48.52597,2.19315,Plein jour,En agglomération,Intersection en X,Normale,Deux véhicules - côté,,,,,,,,,,,1,2,2,1,3
201500054628,0015-07-27 10:30:00,15,7,27,10,30,750,117,"50, PLACE DE LA REPUBLIQ",,,Plein jour,En agglomération,Place,Pluie légère,Deux véhicules - côté,,,,,,,,,,,1,2,7,2,3
201500054629,0015-07-28 09:40:00,15,7,28,9,40,750,117,"14, RUE GEORGES BERGER",,,Plein jour,En agglomération,Place,Normale,Deux véhicules - côté,,,,,,,,,,,1,2,7,1,3
201500054630,0015-07-28 15:05:00,15,7,28,15,5,750,117,"2, PLACE DE LA PORTE MAI",,,Plein jour,En agglomération,Place,Normale,Deux véhicules - côté,,,,,,,,,,,1,2,7,1,3
201500054631,0015-07-29 19:20:00,15,7,29,19,20,750,117,"4, AVENUE DE VILLIERS",,,Plein jour,En agglomération,Place,Normale,Autre collision,,,,,,,,,,,1,2,7,1,6
201500054632,0015-08-01 15:07:00,15,8,1,15,7,750,117,"5, PLACE DE LA PORTE DE",,,Plein jour,En agglomération,Hors intersection,Normale,Deux véhicules - côté,,,,,,,,,,,1,2,1,1,3
201500054633,0015-07-30 12:40:00,15,7,30,12,40,750,117,"21, RUE GUY MOQUET",,,Plein jour,En agglomération,Intersection à plus de 4 branches,Normale,Autre collision,,,,,,,,,,,1,2,5,1,6
201500054634,0015-08-02 21:00:00,15,8,2,21,0,750,117,"26, BOULEVARD BESSIERES",,,Crépuscule ou aube,En agglomération,Hors intersection,Normale,Autre collision,,,,,,,,,,,2,2,1,1,6
201500054635,0015-08-04 13:10:00,15,8,4,13,10,750,117,"39, RUE JOUFFROY D ABBAN",,,Plein jour,En agglomération,Intersection en X,Normale,Autre collision,,,,,,,,,,,1,2,2,1,6
201500054636,0015-08-03 19:00:00,15,8,3,19,0,750,117,"13, AVENUE STEPHANE MALL",,,Plein jour,En agglomération,Intersection en T,Normale,Autre collision,,,,,,,,,,,1,2,3,1,6
201500054637,0015-08-05 20:00:00,15,8,5,20,0,750,116,"39, RUE BENJAMIN FRANKLI",,,Plein jour,En agglomération,Place,Normale,Autre collision,,,,,,,,,,,1,2,7,1,6
201500054638,0015-08-06 19:30:00,15,8,6,19,30,750,117,"22, BOULEVARD BESSIERES",,,Plein jour,En agglomération,Intersection à plus de 4 branches,Normale,Autre collision,,,,,,,,,,,1,2,5,1,6
201500054639,0015-08-06 05:15:00,15,8,6,5,15,750,117,"106, AVENUE DE CLICHY",,,Nuit avec éclairage allumé,En agglomération,Intersection en T,Normale,Deux véhicules - côté,,,,,,,,,,,5,2,3,1,3
201500054640,0015-08-06 23:15:00,15,8,6,23,15,750,117,"146, RUE CARDINET",,,Nuit avec éclairage allumé,En agglomération,Place,Normale,Deux véhicules - arrière,,,,,,,,,,,5,2,7,1,2
201500054641,0015-08-10 08:25:00,15,8,10,8,25,750,108,VOIE GEORGES POMPIDOU,,,Plein jour,En agglomération,Hors intersection,Normale,Autre collision,,,,,,,,,,,1,2,1,1,6
201500054642,0015-08-13 19:35:00,15,8,13,19,35,750,117,"4, PLACE DE LA PORTE DE",,,Plein jour,En agglomération,Place,Pluie légère,Deux véhicules - côté,,,,,,,,,,,1,2,7,2,3
201500054643,0015-08-14 00:20:00,15,8,14,0,20,750,117,"2, PLACE DE LA PORTE MAI",,,Nuit avec éclairage allumé,En agglomération,Place,Pluie légère,Sans collision,,,,,,,,,,,5,2,7,2,7
201500054644,0015-08-15 02:40:00,15,8,15,2,40,750,117,"14, RUE DES BATIGNOLLES",,,Nuit avec éclairage allumé,En agglomération,Intersection en X,Pluie légère,Autre collision,,,,,,,,,,,5,2,2,2,6
201500054645,0015-08-17 15:30:00,15,8,17,15,30,750,116,"1, PLACE DE LA PORTE MAI",,,Plein jour,En agglomération,Place,Normale,Autre collision,,,,,,,,,,,1,2,7,1,6
201500054646,0015-08-19 07:30:00,15,8,19,7,30,750,117,"3, AVENUE DE LA PORTE DE",,,Plein jour,En agglomération,Intersection en X,Normale,Deux véhicules - arrière,,,,,,,,,,,1,2,2,1,2
201500054647,0015-08-23 11:30:00,15,8,23,11,30,750,117,"82, AVENUE DE CLICHY",,,Plein jour,En agglomération,Intersection en T,Normale,Autre collision,,,,,,,,,,,1,2,3,1,6
201500054648,0015-08-29 01:45:00,15,8,29,1,45,750,117,"136, AVENUE DE CLICHY",,,Nuit avec éclairage allumé,En agglomération,Intersection en X,Normale,Autre collision,,,,,,,,,,,5,2,2,1,6
201500054649,0015-08-29 04:45:00,15,8,29,4,45,750,117,AVENUE PAUL ADAM,,,Nuit avec éclairage allumé,En agglomération,Hors intersection,Normale,Autre collision,,,,,,,,,,,5,2,1,1,6
201500054650,0015-08-31 14:40:00,15,8,31,14,40,750,117,AVENUE DE LA PORTE DE CH,,,Plein jour,En agglomération,Intersection à plus de 4 branches,Normale,Deux véhicules - côté,,,,,,,,,,,1,2,5,1,3
201500054651,0015-09-02 12:55:00,15,9,2,12,55,750,117,"1, RUE CAROLINE",,,Plein jour,En agglomération,Intersection en T,Normale,Deux véhicules - côté,,,,,,,,,,,1,2,3,1,3
201500054652,0015-09-03 16:30:00,15,9,3,16,30,750,117,"31, RUE DES BATIGNOLLES",48.5306,2.19149,Plein jour,En agglomération,Intersection en X,Normale,Deux véhicules - côté,,,,,,,,,,,1,2,2,1,3
201500054653,0015-09-03 18:00:00,15,9,3,18,0,750,117,"17, RUE PIERRE DEMOURS",,,Plein jour,En agglomération,Intersection en X,Normale,Autre collision,,,,,,,,,,,1,2,2,1,6
201500054654,0015-09-04 00:55:00,15,9,4,0,55,750,117,"26, BOULEVARD BERTHIER",,,Nuit avec éclairage allumé,En agglomération,Hors intersection,Normale,Autre collision,,,,,,,,,,,5,2,1,1,6
201500054655,0015-09-04 13:45:00,15,9,4,13,45,750,117,"52, BOULEVARD DU FORT DE",,,Plein jour,En agglomération,Hors intersection,Normale,Deux véhicules - côté,,,,,,,,,,,1,2,1,1,3
201500054656,0015-09-06 18:00:00,15,9,6,18,0,750,116,AVENUE PAUL DOUMER,,,Plein jour,En agglomération,Place,Normale,Deux véhicules - arrière,,,,,,,,,,,1,2,7,1,2
201500054657,0015-09-06 20:40:00,15,9,6,20,40,750,117,RUE DU CAPORAL PEUGEOT,,,Nuit avec éclairage allumé,En agglomération,Intersection à plus de 4 branches,Normale,Trois véhicules et plus - en chaîne,,,,,,,,,,,5,2,5,1,4
201500054658,0015-09-07 09:50:00,15,9,7,9,50,750,117,BOULEVARD PERSHING,,,Plein jour,En agglomération,Intersection en Y,Normale,Deux véhicules - côté,,,,,,,,,,,1,2,4,1,3
201500054659,0015-09-07 12:15:00,15,9,7,12,15,750,117,"6, PLACE GENERAL CATROUX",,,Plein jour,En agglomération,Place,Normale,Deux véhicules - côté,,,,,,,,,,,1,2,7,1,3
201500054660,0015-09-09 18:15:00,15,9,9,18,15,750,117,"16, PLACE GENERAL CATROU",,,Plein jour,En agglomération,Place,Normale,Deux véhicules - côté,,,,,,,,,,,1,2,7,1,3
201500054661,0015-09-09 18:15:00,15,9,9,18,15,750,117,BOULEVARD PERIPHERIQUE E,,,Plein jour,En agglomération,Hors intersection,Normale,Deux véhicules - côté,,,,,,,,,,,1,2,1,1,3
201500054662,0015-09-10 00:50:00,15,9,10,0,50,750,117,"13, BOULEVARD BERTHIER",,,Nuit avec éclairage allumé,En agglomération,Hors intersection,Normale,Deux véhicules - côté,,,,,,,,,,,5,2,1,1,3
201500054663,0015-09-10 10:15:00,15,9,10,10,15,750,117,"76, AVENUE DES TERNES",,,Plein jour,En agglomération,Intersection en T,Normale,Deux véhicules - côté,,,,,,,,,,,1,2,3,1,3
201500054664,0015-09-11 10:15:00,15,9,11,10,15,750,117,"32, BOULEVARD BERTHIER",,,Plein jour,En agglomération,Hors intersection,Normale,Deux véhicules - côté,,,,,,,,,,,1,2,1,1,3
201500054665,0015-09-11 14:50:00,15,9,11,14,50,750,117,"168, BOULEVARD MALESHERB",,,Plein jour,En agglomération,Hors intersection,Normale,Deux véhicules - arrière,,,,,,,,,,,1,2,1,1,2
201500054666,0015-09-11 13:40:00,15,9,11,13,40,750,117,RUE DU CAPORAL PEUGEOT,,,Plein jour,En agglomération,Intersection en X,Normale,Deux véhicules - côté,,,,,,,,,,,1,2,2,1,3
201500054667,0015-09-10 20:30:00,15,9,10,20,30,750,116,"03, AVENUE VICTOR HUGO",,,Nuit avec éclairage allumé,En agglomération,Place,Normale,Deux véhicules - côté,,,,,,,,,,,5,2,7,1,3
201500054668,0015-09-13 15:20:00,15,9,13,15,20,750,117,"2, BOULEVARD DE COURCELL",,,Plein jour,En agglomération,Intersection en X,Pluie légère,Deux véhicules - arrière,,,,,,,,,,,1,2,2,2,2
201500054669,0015-09-14 09:40:00,15,9,14,9,40,750,117,"51, AVENUE DES TERNES",,,Plein jour,En agglomération,Hors intersection,Pluie légère,Autre collision,,,,,,,,,,,1,2,1,2,6
201500054670,0015-09-14 16:45:00,15,9,14,16,45,750,117,"02, PLACE DE LA PORTE MA",,,Plein jour,En agglomération,Place,Normale,Deux véhicules - côté,,,,,,,,,,,1,2,7,1,3
201500054671,0015-09-15 16:00:00,15,9,15,16,0,750,117,BOULEVARD PERIPHERIQUE I,,,Plein jour,En agglomération,Hors intersection,Normale,Deux véhicules - côté,,,,,,,,,,,1,2,1,1,3
201500054672,0015-09-16 13:45:00,15,9,16,13,45,750,117,"01, AVENUE MAC MAHON",,,Plein jour,En agglomération,Place,Pluie forte,Deux véhicules - côté,,,,,,,,,,,1,2,7,3,3
201500054673,0015-09-17 08:45:00,15,9,17,8,45,750,117,"26, BOULEVARD BERTHIER",,,Plein jour,En agglomération,Intersection à plus de 4 branches,Temps couvert,Deux véhicules - côté,,,,,,,,,,,1,2,5,8,3
201500054674,0015-09-17 12:45:00,15,9,17,12,45,750,117,"57, AVENUE DE SAINT OUEN",,,Plein jour,En agglomération,Intersection en Y,Pluie légère,Autre collision,,,,,,,,,,,1,2,4,2,6
201500054675,0015-09-17 14:20:00,15,9,17,14,20,750,117,"153, RUE CARDINET",,,Plein jour,En agglomération,Intersection en T,Normale,Trois véhicules et plus - collisions multiples,,,,,,,,,,,1,2,3,1,5
201500054676,0015-09-18 08:41:00,15,9,18,8,41,750,117,"5, PLACE DE CLICHY",,,Plein jour,En agglomération,Place,Normale,Deux véhicules - côté,,,,,,,,,,,1,2,7,1,3
201500054677,0015-09-20 05:13:00,15,9,20,5,13,750,117,PLACE DU GENERAL KOENIG,,,Nuit avec éclairage allumé,En agglomération,Place,Normale,Autre collision,,,,,,,,,,,5,2,7,1,6
201500054678,0015-09-20 17:45:00,15,9,20,17,45,750,117,"56, BOULEVARD BERTHIER",,,Plein jour,En agglomération,Hors intersection,Normale,Deux véhicules - côté,,,,,,,,,,,1,2,1,1,3
201500054679,0015-09-21 23:00:00,15,9,21,23,0,750,117,"72, BOULEVARD GOUVION SA",,,Nuit avec éclairage allumé,En agglomération,Intersection en Y,Normale,Deux véhicules - côté,,,,,,,,,,,5,2,4,1,3
201500054680,0015-09-22 10:35:00,15,9,22,10,35,750,117,"27 BIS, AVENUE DE VILLIE",,,Plein jour,En agglomération,Hors intersection,Pluie légère,Autre collision,,,,,,,,,,,1,2,1,2,6
201500054681,0015-09-23 10:30:00,15,9,23,10,30,750,117,"14, RUE FRUCTIDOR",48.53361,2.19053,Plein jour,En agglomération,Hors intersection,Normale,Deux véhicules - arrière,,,,,,,,,,,1,2,1,1,2
201500054682,0015-09-25 02:05:00,15,9,25,2,5,750,117,"1, PLACE PAUL LEAUTAUD",,,Nuit avec éclairage allumé,En agglomération,Giratoire,Temps couvert,Autre collision,,,,,,,,,,,5,2,6,8,6
201500054683,0015-09-25 11:20:00,15,9,25,11,20,750,117,"10, AVENUE CARNOT",,,Plein jour,En agglomération,Hors intersection,Normale,Deux véhicules - arrière,,,,,,,,,,,1,2,1,1,2
201500054684,0015-09-25 15:50:00,15,9,25,15,50,750,117,"22, AVENUE DE LA GRANDE",,,Plein jour,En agglomération,Hors intersection,Normale,Deux véhicules - côté,,,,,,,,,,,1,2,1,1,3
201500054685,0015-09-26 07:30:00,15,9,26,7,30,750,117,RUE TOULOUSE LAUTREC,,,Plein jour,En agglomération,Intersection en Y,Normale,Deux véhicules - arrière,,,,,,,,,,,1,2,4,1,2
201500054686,0015-09-26 13:40:00,15,9,26,13,40,750,117,"54, RUE DE PRONY",,,Plein jour,En agglomération,Hors intersection,Normale,Autre collision,,,,,,,,,,,1,2,1,1,6
201500054687,0015-09-29 10:30:00,15,9,29,10,30,750,117,"02, PLACE DE LA PORTE MA",,,Plein jour,En agglomération,Place,Normale,Deux véhicules - côté,,,,,,,,,,,1,2,7,1,3
201500054688,0015-09-29 09:15:00,15,9,29,9,15,750,117,"22, BOULEVARD BESSIERES",,,Plein jour,En agglomération,Hors intersection,Normale,Deux véhicules - arrière,,,,,,,,,,,1,2,1,1,2
201500054689,0015-10-02 10:50:00,15,10,2,10,50,750,117,"615, BOULEVARD PEREIRE",,,Plein jour,En agglomération,Intersection en X,Normale,Autre collision,,,,,,,,,,,1,2,2,1,6
201500054690,0015-10-03 01:10:00,15,10,3,1,10,750,108,"02, PLACE DU CANADA",,,Nuit avec éclairage allumé,En agglomération,Place,Normale,Autre collision,,,,,,,,,,,5,2,7,1,6
201500054691,0015-10-03 02:45:00,15,10,3,2,45,750,117,BOULEVARD BESSIERES,,,Nuit avec éclairage allumé,En agglomération,Intersection en X,Normale,Deux véhicules - côté,,,,,,,,,,,5,2,2,1,3
201500054692,0015-10-03 11:35:00,15,10,3,11,35,750,117,"32, BOULEVARD BERTHIER",,,Plein jour,En agglomération,Hors intersection,Normale,Autre collision,,,,,,,,,,,1,2,1,1,6
201500054693,0015-09-29 17:25:00,15,9,29,17,25,750,117,"40, AVENUE DE LA GRANDE",,,Plein jour,En agglomération,Intersection en X,Normale,Autre collision,,,,,,,,,,,1,2,2,1,6
201500054694,0015-10-06 18:30:00,15,10,6,18,30,750,117,"23, RUE ALBERT ROUSSEL",,,Plein jour,En agglomération,Hors intersection,Normale,Deux véhicules - côté,,,,,,,,,,,1,2,1,1,3
201500054695,0015-10-07 09:00:00,15,10,7,9,0,750,117,"30, BOULEVARD DE COURCEL",,,Plein jour,En agglomération,Place,Normale,Deux véhicules - côté,,,,,,,,,,,1,2,7,1,3
201500054696,0015-10-07 17:50:00,15,10,7,17,50,750,116,"34, BOULEVARD SUCHET",,,Plein jour,En agglomération,Hors intersection,Temps couvert,Deux véhicules - côté,,,,,,,,,,,1,2,1,8,3
201500054697,0015-10-03 15:10:00,15,10,3,15,10,750,117,"110, RUE JOUFFROY D ABBA",,,Plein jour,En agglomération,Hors intersection,Normale,Autre collision,,,,,,,,,,,1,2,1,1,6
201500054698,0015-10-09 04:36:00,15,10,9,4,36,750,108,AVENUE DES CHAMPS ELYSEE,,,Nuit avec éclairage allumé,En agglomération,Hors intersection,Normale,Autre collision,,,,,,,,,,,5,2,1,1,6
201500054699,0015-10-09 13:10:00,15,10,9,13,10,750,117,"38, RUE LA CONDAMINE",,,Plein jour,En agglomération,Intersection en X,Normale,Deux véhicules - côté,,,,,,,,,,,1,2,2,1,3
201500054700,0015-10-09 19:00:00,15,10,9,19,0,750,117,"88, AVENUE DE VILLIERS",,,Crépuscule ou aube,En agglomération,Intersection en Y,Normale,Deux véhicules - côté,,,,,,,,,,,2,2,4,1,3
201500054701,0015-10-09 19:55:00,15,10,9,19,55,750,117,"229, BOULEVARD PEREIRE",,,Nuit avec éclairage allumé,En agglomération,Hors intersection,Normale,Autre collision,,,,,,,,,,,5,2,1,1,6
201500054702,0015-10-10 16:30:00,15,10,10,16,30,750,117,"170, AVENUE DE CLICHY",,,Plein jour,En agglomération,Intersection en T,Normale,Deux véhicules - arrière,,,,,,,,,,,1,2,3,1,2
201500054703,0015-10-12 09:00:00,15,10,12,9,0,750,117,"61, AVENUE DE CLICHY",,,Plein jour,En agglomération,Hors intersection,Normale,Deux véhicules - côté,,,,,,,,,,,1,2,1,1,3
201500054704,0015-10-12 15:15:00,15,10,12,15,15,750,117,"02, RUE DE PHALSBOURG",,,Plein jour,En agglomération,Hors intersection,Normale,Autre collision,,,,,,,,,,,1,2,1,1,6
201500054705,0015-10-12 18:20:00,15,10,12,18,20,750,117,"43, AVENUE DE WAGRAM",,,Plein jour,En agglomération,Hors intersection,Normale,Deux véhicules - côté,,,,,,,,,,,1,2,1,1,3
201500054706,0015-10-13 08:45:00,15,10,13,8,45,750,117,"2, BOULEVARD DE REIMS",,,Plein jour,En agglomération,Intersection à plus de 4 branches,Normale,Deux véhicules - côté,,,,,,,,,,,1,2,5,1,3
201500054707,0015-10-13 15:50:00,15,10,13,15,50,750,117,"32, BOULEVARD BERTHIER",,,Plein jour,En agglomération,Hors intersection,Normale,Deux véhicules - côté,,,,,,,,,,,1,2,1,1,3
201500054708,0015-10-13 22:23:00,15,10,13,22,23,750,117,BOULEVARD DE DOUAUMONT,,,Nuit avec éclairage allumé,En agglomération,Hors intersection,Normale,Autre collision,,,,,,,,,,,5,2,1,1,6
201500054709,0015-10-14 12:00:00,15,10,14,12,0,750,117,"26, AVENUE DE LA GRANDE",,,Plein jour,En agglomération,Hors intersection,Normale,Deux véhicules - arrière,,,,,,,,,,,1,2,1,1,2
201500054710,0015-10-15 14:20:00,15,10,15,14,20,750,117,"5, RUE FARADAY",,,Plein jour,En agglomération,Intersection en X,Normale,Autre collision,,,,,,,,,,,1,2,2,1,6
201500054711,0015-10-20 08:00:00,15,10,20,8,0,750,117,"80, BOULEVARD BESSIERES",,,Plein jour,En agglomération,Hors intersection,Normale,Deux véhicules - côté,,,,,,,,,,,1,2,1,1,3
201500054712,0015-10-20 10:35:00,15,10,20,10,35,750,117,"01, RUE FERNAND PELLOUTI",,,Plein jour,En agglomération,Intersection en Y,Normale,Deux véhicules - côté,,,,,,,,,,,1,2,4,1,3
201500054713,0015-10-21 19:35:00,15,10,21,19,35,750,117,"80, BOULEVARD DES BATIGN",,,Nuit avec éclairage allumé,En agglomération,Intersection en T,Pluie légère,Deux véhicules - côté,,,,,,,,,,,5,2,3,2,3
201500054714,0015-10-22 20:00:00,15,10,22,20,0,750,117,"51 bis, BOULEVARD BERTHI",,,Nuit avec éclairage allumé,En agglomération,Place,Pluie légère,Autre collision,,,,,,,,,,,5,2,7,2,6
201500054715,0015-10-23 15:35:00,15,10,23,15,35,750,117,"154, RUE CARDINET",,,Plein jour,En agglomération,Hors intersection,Normale,Trois véhicules et plus - en chaîne,,,,,,,,,,,1,2,1,1,4
201500054716,0015-10-24 11:25:00,15,10,24,11,25,750,117,"30 bis, AVENUE NIEL",,,Plein jour,En agglomération,Intersection en X,Normale,Autre collision,,,,,,,,,,,1,2,2,1,6
201500054717,0015-10-24 15:15:00,15,10,24,15,15,750,117,AVENUE DE LA PORTE DE CL,,,Plein jour,En agglomération,Intersection en X,Normale,Autre collision,,,,,,,,,,,1,2,2,1,6
201500054718,0015-10-26 10:15:00,15,10,26,10,15,750,117,"3, RUE ANDRE BRECHET",,,Plein jour,En agglomération,Hors intersection,Normale,Deux véhicules - côté,,,,,,,,,,,1,2,1,1,3
201500054719,0015-10-27 15:00:00,15,10,27,15,0,750,117,"74, AVENUE DE VILLIERS",,,Plein jour,En agglomération,Hors intersection,Normale,Autre collision,,,,,,,,,,,1,2,1,1,6
201500054720,0015-10-28 07:15:00,15,10,28,7,15,750,117,"/, PLACE DE LA PORTE MAI",,,Crépuscule ou aube,En agglomération,Hors intersection,Pluie légère,Sans collision,,,,,,,,,,,2,2,1,2,7
201500054721,0015-10-28 13:00:00,15,10,28,13,0,750,117,"104, BOULEVARD DE COURCE",,,Plein jour,En agglomération,Intersection en T,Normale,Deux véhicules - arrière,,,,,,,,,,,1,2,3,1,2
201500054722,0015-10-28 15:30:00,15,10,28,15,30,750,117,"23, AVENUE DE LA PORTE D",,,Plein jour,En agglomération,Hors intersection,Normale,Autre collision,,,,,,,,,,,1,2,1,1,6
201500054723,0015-10-30 18:15:00,15,10,30,18,15,750,117,"12, AVENUE STEPHANE MALL",,,Crépuscule ou aube,En agglomération,Intersection en X,Normale,Deux véhicules - côté,,,,,,,,,,,2,2,2,1,3
201500054724,0015-10-31 02:15:00,15,10,31,2,15,750,117,"96, AVENUE DE CLICHY",,,Nuit avec éclairage allumé,En agglomération,Intersection en X,Normale,Deux véhicules - arrière,,,,,,,,,,,5,2,2,1,2
201500054725,0015-11-03 05:50:00,15,11,3,5,50,750,117,"36, BOULEVARD BESSIERES",,,Nuit avec éclairage allumé,En agglomération,Intersection à plus de 4 branches,Pluie légère,Autre collision,,,,,,,,,,,5,2,5,2,6
201500054726,0015-11-03 22:00:00,15,11,3,22,0,750,117,"02, AVENUE NIEL",,,Nuit avec éclairage allumé,En agglomération,Intersection en X,Pluie légère,Deux véhicules - côté,,,,,,,,,,,5,2,2,2,3
201500054727,0015-11-04 02:04:00,15,11,4,2,4,750,117,"2, PLACE DU MARECHAL JUI",,,Nuit avec éclairage allumé,En agglomération,Place,Pluie légère,Autre collision,,,,,,,,,,,5,2,7,2,6
201500054728,0015-11-07 21:15:00,15,11,7,21,15,750,117,"99, AVENUE DE SAINT OUEN",,,Nuit avec éclairage allumé,En agglomération,Intersection en T,Normale,Autre collision,,,,,,,,,,,5,2,3,1,6
201500054729,0015-11-08 04:00:00,15,11,8,4,0,750,117,"40, BOULEVARD GOUVION SA",,,Nuit avec éclairage allumé,En agglomération,Hors intersection,Normale,Deux véhicules - arrière,,,,,,,,,,,5,2,1,1,2