accident_id,datetime,annee,mois,jour,heure,minute,departement,commune_insee,adresse,latitude,longitude,luminosite,agglomeration,intersection,meteo,collision,nb_vehicules,nb_usagers,nb_indemnes,nb_tues,nb_blesses_hosp,nb_blesses_legers,age_cond_1,age_cond_2,veh_type_cond_1,veh_type_cond_2,lum_code,agg_code,int_code,atm_code,col_code
201500054859,0015-03-07 13:20:00,15,3,7,13,20,750,118,"38, RUE ORDENER",,,Plein jour,En agglomération,Hors intersection,Normale,Autre collision,,,,,,,,,,,1,2,1,1,6
201500054860,0015-03-09 18:15:00,15,3,9,18,15,750,118,"120, AVENUE DE SAINT OUE",,,Nuit avec éclairage allumé,En agglomération,Intersection en X,Normale,Deux véhicules - côté,,,,,,,,,,,5,2,2,1,3
201500054861,0015-03-10 21:30:00,15,3,10,21,30,750,118,RUE DES SAULES,,,Nuit avec éclairage allumé,En agglomération,Intersection à plus de 4 branches,Normale,Autre collision,,,,,,,,,,,5,2,5,1,6
201500054862,0015-03-11 19:00:00,15,3,11,19,0,750,118,RUE FRANCIS DE CROISSET,,,Nuit avec éclairage allumé,En agglomération,Intersection en X,Normale,Deux véhicules - côté,,,,,,,,,,,5,2,2,1,3
201500054863,0015-03-12 13:00:00,15,3,12,13,0,750,118,"56, RUE VAUVENARGUES",,,Plein jour,En agglomération,Intersection à plus de 4 branches,Normale,Deux véhicules - côté,,,,,,,,,,,1,2,5,1,3
201500054864,0015-03-12 15:55:00,15,3,12,15,55,750,118,RUE DE CLIGNANCOURT,,,Plein jour,En agglomération,Intersection à plus de 4 branches,Normale,Autre collision,,,,,,,,,,,1,2,5,1,6
201500054865,0015-03-13 00:45:00,15,3,13,0,45,750,118,"193, RUE CHAMPIONNET",,,Nuit avec éclairage allumé,En agglomération,Hors intersection,Normale,Autre collision,,,,,,,,,,,5,2,1,1,6
201500054866,0015-03-13 18:10:00,15,3,13,18,10,750,118,"63, RUE RAMEY",,,Nuit sans éclairage public,En agglomération,Intersection à plus de 4 branches,Normale,Autre collision,,,,,,,,,,,3,2,5,1,6
201500054867,0015-03-16 19:25:00,15,3,16,19,25,750,118,"84, BOULEVARD NEY",,,Nuit avec éclairage allumé,En agglomération,Hors intersection,Normale,Deux véhicules - arrière,,,,,,,,,,,5,2,1,1,2
201500054868,0015-03-17 12:04:00,15,3,17,12,4,750,118,"30, AVENUE DE LA PORTE D",,,Plein jour,En agglomération,Intersection à plus de 4 branches,Normale,Autre collision,,,,,,,,,,,1,2,5,1,6
201500054869,0015-03-17 14:25:00,15,3,17,14,25,750,118,"2, RUE EUGENE CARRIERE",,,Plein jour,En agglomération,Intersection en X,Normale,Deux véhicules - côté,,,,,,,,,,,1,2,2,1,3
201500054870,0015-03-19 20:10:00,15,3,19,20,10,750,118,"73, BOULEVARD NEY",,,Nuit avec éclairage allumé,En agglomération,Hors intersection,Normale,Autre collision,,,,,,,,,,,5,2,1,1,6
201500054871,0015-03-20 12:10:00,15,3,20,12,10,750,118,RUE RAMEY,,,Plein jour,En agglomération,Intersection à plus de 4 branches,Normale,Autre collision,,,,,,,,,,,1,2,5,1,6
201500054872,0015-03-21 01:25:00,15,3,21,1,25,750,118,"60, RUE ORDENER",,,Nuit avec éclairage allumé,En agglomération,Intersection à plus de 4 branches,Normale,Deux véhicules - arrière,,,,,,,,,,,5,2,5,1,2
201500054873,0015-03-24 08:15:00,15,3,24,8,15,750,118,"74, RUE JOSEPH DE MAISTR",,,Crépuscule ou aube,En agglomération,Hors intersection,Normale,Autre collision,,,,,,,,,,,2,2,1,1,6
201500054874,0015-03-24 17:20:00,15,3,24,17,20,750,118,"54, RUE DOUDEAUVILLE",,,Plein jour,En agglomération,Intersection en X,Pluie légère,Deux véhicules - côté,,,,,,,,,,,1,2,2,2,3
201500054875,0015-03-26 07:50:00,15,3,26,7,50,750,118,"25, RUE CUSTINE",,,Plein jour,En agglomération,Intersection à plus de 4 branches,Normale,Autre collision,,,,,,,,,,,1,2,5,1,6
201500054876,0015-03-25 22:00:00,15,3,25,22,0,750,118,"136, BOULEVARD NEY",,,Nuit avec éclairage allumé,En agglomération,Intersection en Y,Pluie légère,Autre collision,,,,,,,,,,,5,2,4,2,6
201500054877,0015-03-27 08:00:00,15,3,27,8,0,750,118,"73, BOULEVARD BARBES",,,Plein jour,En agglomération,Hors intersection,Normale,Autre collision,,,,,,,,,,,1,2,1,1,6
201500054878,0015-03-28 02:05:00,15,3,28,2,5,750,118,"50, RUE ORDENER",,,Nuit avec éclairage allumé,En agglomération,Intersection à plus de 4 branches,Normale,Autre collision,,,,,,,,,,,5,2,5,1,6
201500054879,0015-03-28 15:40:00,15,3,28,15,40,750,118,"100, BOULEVARD NEY",,,Plein jour,En agglomération,Intersection en X,Normale,Autre collision,,,,,,,,,,,1,2,2,1,6
201500054880,0015-03-29 12:45:00,15,3,29,12,45,750,118,"49, RUE CUSTINE",,,Plein jour,En agglomération,Hors intersection,Pluie légère,Autre collision,,,,,,,,,,,1,2,1,2,6
201500054881,0015-03-30 17:05:00,15,3,30,17,5,750,118,"122, RUE DES POISSONNIER",,,Plein jour,En agglomération,Intersection en Y,Normale,Autre collision,,,,,,,,,,,1,2,4,1,6
201500054882,0015-03-31 19:20:00,15,3,31,19,20,750,118,"118, BOULEVARD NEY",,,Crépuscule ou aube,En agglomération,Hors intersection,Normale,Deux véhicules - arrière,,,,,,,,,,,2,2,1,1,2
201500054883,0015-04-02 17:40:00,15,4,2,17,40,750,118,BOULEVARD NEY,,,Plein jour,En agglomération,Intersection à plus de 4 branches,Normale,Deux véhicules - côté,,,,,,,,,,,1,2,5,1,3
201500054884,0015-04-03 12:10:00,15,4,3,12,10,750,118,"50, RUE VAUVENARGUES",,,Plein jour,En agglomération,Hors intersection,Normale,Deux véhicules - frontale,,,,,,,,,,,1,2,1,1,1
201500054885,0015-04-07 01:30:00,15,4,7,1,30,750,118,"137bis, BOULEVARD NEY",,,Nuit avec éclairage allumé,En agglomération,Hors intersection,Normale,Autre collision,,,,,,,,,,,5,2,1,1,6
201500054886,0015-04-08 17:00:00,15,4,8,17,0,750,118,"70, BOULEVARD NEY",,,Plein jour,En agglomération,Hors intersection,Normale,Deux véhicules - côté,,,,,,,,,,,1,2,1,1,3
201500054887,0015-04-08 17:15:00,15,4,8,17,15,750,118,"65, BOULEVARD NEY",,,Plein jour,En agglomération,Hors intersection,Normale,Deux véhicules - côté,,,,,,,,,,,1,2,1,1,3
201500054888,0015-04-09 01:25:00,15,4,9,1,25,750,118,RUE FRANCIS DE CROISSET,,,Nuit avec éclairage allumé,En agglomération,Intersection en X,Normale,Autre collision,,,,,,,,,,,5,2,2,1,6
201500054889,0015-04-10 14:30:00,15,4,10,14,30,750,118,"13, RUE DE L EVANGILE",,,Plein jour,En agglomération,Hors intersection,Normale,Autre collision,,,,,,,,,,,1,2,1,1,6
201500054890,0015-04-12 23:20:00,15,4,12,23,20,750,118,"1, RUE MARX DORMOY",,,Nuit avec éclairage allumé,En agglomération,Intersection en X,Normale,Autre collision,,,,,,,,,,,5,2,2,1,6
201500054891,0015-04-13 11:00:00,15,4,13,11,0,750,118,"23, RUE D ORSEL",,,Plein jour,En agglomération,Hors intersection,Normale,Deux véhicules - côté,,,,,,,,,,,1,2,1,1,3
201500054892,0015-04-13 13:00:00,15,4,13,13,0,750,118,"19, RUE DUC",,,Plein jour,En agglomération,Hors intersection,Normale,Autre collision,,,,,,,,,,,1,2,1,1,6
201500054893,0015-04-14 09:15:00,15,4,14,9,15,750,118,"25, RUE CUSTINE",,,Plein jour,En agglomération,Intersection à plus de 4 branches,Temps éblouissant,Autre collision,,,,,,,,,,,1,2,5,7,6
201500054894,0015-04-15 11:30:00,15,4,15,11,30,750,118,"38, RUE LETORT",,,Plein jour,En agglomération,Intersection en X,Normale,Autre collision,,,,,,,,,,,1,2,2,1,6
201500054895,0015-04-17 22:50:00,15,4,17,22,50,750,118,"43, BOULEVARD BARBES",,,Nuit avec éclairage allumé,En agglomération,Intersection en X,Normale,Deux véhicules - côté,,,,,,,,,,,5,2,2,1,3
201500054896,0015-04-20 09:35:00,15,4,20,9,35,750,118,"177, RUE ORDENER",,,Plein jour,En agglomération,Intersection à plus de 4 branches,Normale,Deux véhicules - côté,,,,,,,,,,,1,2,5,1,3
201500054897,0015-04-21 13:15:00,15,4,21,13,15,750,118,"38, AVENUE DE LA PORTE D",,,Plein jour,En agglomération,Intersection en X,Normale,Deux véhicules - arrière,,,,,,,,,,,1,2,2,1,2
201500054898,0015-04-22 08:24:00,15,4,22,8,24,750,118,"21, RUE HERMEL",,,Plein jour,En agglomération,Intersection en X,Normale,Autre collision,,,,,,,,,,,1,2,2,1,6
201500054899,0015-04-22 19:25:00,15,4,22,19,25,750,118,"19, RUE DE JESSAINT",,,Plein jour,En agglomération,Hors intersection,Normale,Autre collision,,,,,,,,,,,1,2,1,1,6
201500054900,0015-04-22 18:30:00,15,4,22,18,30,750,118,"41, RUE DE CLIGNANCOURT",,,Plein jour,En agglomération,Intersection en T,Normale,Deux véhicules - arrière,,,,,,,,,,,1,2,3,1,2
201500054901,0015-04-28 15:30:00,15,4,28,15,30,750,118,"103, RUE LAMARCK",,,Plein jour,En agglomération,Intersection en X,Normale,Autre collision,,,,,,,,,,,1,2,2,1,6
201500054902,0015-04-29 23:00:00,15,4,29,23,0,750,118,RUE ORDENER,,,Nuit avec éclairage allumé,En agglomération,Intersection à plus de 4 branches,Pluie légère,Deux véhicules - frontale,,,,,,,,,,,5,2,5,2,1
201500054903,0015-04-30 08:45:00,15,4,30,8,45,750,118,"67, RUE DES POISSONNIERS",,,Plein jour,En agglomération,Intersection en X,Pluie légère,Autre collision,,,,,,,,,,,1,2,2,2,6
201500054904,0015-04-30 09:20:00,15,4,30,9,20,750,118,"5, RUE DANCOURT",,,Plein jour,En agglomération,Hors intersection,Pluie forte,Sans collision,,,,,,,,,,,1,2,1,3,7
201500054905,0015-04-30 22:30:00,15,4,30,22,30,750,118,"54, AVENUE DE SAINT OUEN",,,Nuit avec éclairage allumé,En agglomération,Hors intersection,Pluie légère,Autre collision,,,,,,,,,,,5,2,1,2,6
201500054906,0015-05-06 12:55:00,15,5,6,12,55,750,118,AVENUE DE LA PORTE DE CL,,,Plein jour,En agglomération,Intersection en Y,Normale,Autre collision,,,,,,,,,,,1,2,4,1,6
201500054907,0015-05-08 18:30:00,15,5,8,18,30,750,118,"112, RUE DAMREMONT",,,Plein jour,En agglomération,Intersection en T,Normale,Autre collision,,,,,,,,,,,1,2,3,1,6
201500054908,0015-05-09 04:15:00,15,5,9,4,15,750,118,RUE DUC,,,Nuit avec éclairage allumé,En agglomération,Intersection en X,Normale,Deux véhicules - côté,,,,,,,,,,,5,2,2,1,3
201500054909,0015-05-09 19:20:00,15,5,9,19,20,750,118,"93, RUE ORDENER",,,Plein jour,En agglomération,Intersection en T,Normale,Autre collision,,,,,,,,,,,1,2,3,1,6
201500054910,0015-05-11 19:15:00,15,5,11,19,15,750,118,"52, RUE LEIBNIZ",,,Plein jour,En agglomération,Intersection en X,Normale,Autre collision,,,,,,,,,,,1,2,2,1,6
201500054911,0015-05-12 18:40:00,15,5,12,18,40,750,118,"91, RUE DE LA CHAPELLE",,,Plein jour,En agglomération,Intersection à plus de 4 branches,Normale,Autre collision,,,,,,,,,,,1,2,5,1,6
201500054912,0015-05-13 14:11:00,15,5,13,14,11,750,118,"51, RUE CUSTINE",,,Plein jour,En agglomération,Intersection en T,Normale,Autre collision,,,,,,,,,,,1,2,3,1,6
201500054913,0015-05-15 12:00:00,15,5,15,12,0,750,118,"215, RUE D AUBERVILLIERS",,,Plein jour,En agglomération,Intersection en T,Normale,Deux véhicules - côté,,,,,,,,,,,1,2,3,1,3
201500054914,0015-05-16 18:50:00,15,5,16,18,50,750,118,"110, RUE ORDENER",,,Plein jour,En agglomération,Intersection en X,Normale,Autre collision,,,,,,,,,,,1,2,2,1,6
201500054915,0015-05-19 15:40:00,15,5,19,15,40,750,118,"16, BOULEVARD DE CLICHY",,,Plein jour,En agglomération,Intersection en X,Pluie légère,Deux véhicules - côté,,,,,,,,,,,1,2,2,2,3
201500054916,0015-05-21 20:15:00,15,5,21,20,15,750,118,"46, RUE ORDENER",,,Plein jour,En agglomération,Intersection à plus de 4 branches,Normale,Autre collision,,,,,,,,,,,1,2,5,1,6
201500054917,0015-05-25 14:25:00,15,5,25,14,25,750,118,"2, RUE ORDENER",,,Plein jour,En agglomération,Intersection en X,Normale,Autre collision,,,,,,,,,,,1,2,2,1,6
201500054918,0015-05-26 17:00:00,15,5,26,17,0,750,118,BOULEVARD NEY,,,Plein jour,En agglomération,Intersection en X,Normale,Autre collision,,,,,,,,,,,1,2,2,1,6
201500054919,0015-05-27 10:30:00,15,5,27,10,30,750,118,RUE CHAMPIONNET,,,Plein jour,En agglomération,Intersection en X,Normale,Autre collision,,,,,,,,,,,1,2,2,1,6
201500054920,0015-05-27 17:20:00,15,5,27,17,20,750,118,RUE CUSTINE,,,Plein jour,En agglomération,Intersection à plus de 4 branches,Normale,Deux véhicules - frontale,,,,,,,,,,,1,2,5,1,1
201500054921,0015-05-27 20:05:00,15,5,27,20,5,750,118,RUE DU PROFESSEUR GOSSET,,,Plein jour,En agglomération,Intersection à plus de 4 branches,Normale,Trois véhicules et plus - en chaîne,,,,,,,,,,,1,2,5,1,4
201500054922,0015-05-27 21:15:00,15,5,27,21,15,750,118,"99, BOULEVARD NEY",,,Crépuscule ou aube,En agglomération,Intersection en X,Normale,Trois véhicules et plus - en chaîne,,,,,,,,,,,2,2,2,1,4
201500054923,0015-05-28 14:45:00,15,5,28,14,45,750,118,"1, RUE MARX DORMOY",,,Plein jour,En agglomération,Intersection en X,Normale,Deux véhicules - côté,,,,,,,,,,,1,2,2,1,3
201500054924,0015-05-28 20:45:00,15,5,28,20,45,750,118,"244, RUE MARCADET",,,Nuit avec éclairage allumé,En agglomération,Intersection à plus de 4 branches,Normale,Autre collision,,,,,,,,,,,5,2,5,1,6
201500054925,0015-05-29 13:10:00,15,5,29,13,10,750,118,"2, RUE MARX DORMOY",,,Plein jour,En agglomération,Place,Normale,Autre collision,,,,,,,,,,,1,2,7,1,6
201500054926,0015-05-30 10:20:00,15,5,30,10,20,750,118,"29, RUE CUSTINE",,,Plein jour,En agglomération,Hors intersection,Normale,Autre collision,,,,,,,,,,,1,2,1,1,6
201500054927,0015-05-30 16:25:00,15,5,30,16,25,750,118,RUE MARCADET,,,Plein jour,En agglomération,Intersection en X,Normale,Autre collision,,,,,,,,,,,1,2,2,1,6
201500054928,0015-06-01 07:25:00,15,6,1,7,25,750,118,"73, RUE RIQUET",,,Plein jour,En agglomération,Hors intersection,Normale,Deux véhicules - côté,,,,,,,,,,,1,2,1,1,3
201500054929,0015-06-02 11:45:00,15,6,2,11,45,750,118,"/, PORTE DE LA CHAPELLE",,,Plein jour,En agglomération,Intersection en X,Normale,Deux véhicules - côté,,,,,,,,,,,1,2,2,1,3
201500054930,0015-06-04 14:15:00,15,6,4,14,15,750,118,"90, BOULEVARD DE CLICHY",,,Plein jour,En agglomération,Hors intersection,Normale,Autre collision,,,,,,,,,,,1,2,1,1,6
201500054931,0015-06-05 07:45:00,15,6,5,7,45,750,118,AVENUE DE LA PORTE DE SA,,,Plein jour,En agglomération,Intersection en Y,Temps éblouissant,Deux véhicules - côté,,,,,,,,,,,1,2,4,7,3
201500054932,0015-06-05 21:10:00,15,6,5,21,10,750,118,"2, RUE FRANCIS DE CROISS",,,Crépuscule ou aube,En agglomération,Hors intersection,Normale,Deux véhicules - côté,,,,,,,,,,,2,2,1,1,3
201500054933,0015-06-05 22:15:00,15,6,5,22,15,750,103,BOULEVARD DE SEBASTOPOL,,,Crépuscule ou aube,En agglomération,Intersection en X,Normale,Deux véhicules - arrière,,,,,,,,,,,2,2,2,1,2
201500054934,0015-06-02 17:00:00,15,6,2,17,0,750,118,BOULEVARD PERIPHERIQUE I,,,Plein jour,En agglomération,Hors intersection,Normale,Sans collision,,,,,,,,,,,1,2,1,1,7
201500054935,0015-06-06 11:05:00,15,6,6,11,5,750,118,"9, RUE POLONCEAU",,,Plein jour,En agglomération,Intersection en X,Temps éblouissant,Autre collision,,,,,,,,,,,1,2,2,7,6
201500054936,0015-06-07 18:40:00,15,6,7,18,40,750,118,"120, BOULEVARD DE CLICHY",,,Plein jour,En agglomération,Hors intersection,Normale,Deux véhicules - côté,,,,,,,,,,,1,2,1,1,3
201500054937,0015-06-08 16:55:00,15,6,8,16,55,750,118,RUE STEPHENSON,,,Plein jour,En agglomération,Intersection en T,Normale,Autre collision,,,,,,,,,,,1,2,3,1,6
201500054938,0015-06-09 17:30:00,15,6,9,17,30,750,118,"29, RUE DES AMIRAUX",,,Plein jour,En agglomération,Intersection en T,Normale,Deux véhicules - arrière,,,,,,,,,,,1,2,3,1,2
201500054939,0015-06-10 00:08:00,15,6,10,0,8,750,118,"71, BOULEVARD ORNANO",,,Nuit avec éclairage allumé,En agglomération,Hors intersection,Normale,Deux véhicules - côté,,,,,,,,,,,5,2,1,1,3
201500054940,0015-06-10 10:10:00,15,6,10,10,10,750,118,"76, BOULEVARD BARBES",,,Plein jour,En agglomération,Hors intersection,Normale,Autre collision,,,,,,,,,,,1,2,1,1,6
201500054941,0015-06-09 18:45:00,15,6,9,18,45,750,118,"72, BOULEVARD NEY",,,Plein jour,En agglomération,Hors intersection,Normale,Deux véhicules - arrière,,,,,,,,,,,1,2,1,1,2
201500054942,0015-06-10 14:35:00,15,6,10,14,35,750,118,"103, RUE DU POTEAU",,,Plein jour,En agglomération,Intersection à plus de 4 branches,Normale,Autre collision,,,,,,,,,,,1,2,5,1,6
201500054943,0015-06-11 08:45:00,15,6,11,8,45,750,118,"52, AVENUE DE SAINT OUEN",,,Plein jour,En agglomération,Intersection en X,Normale,Autre collision,,,,,,,,,,,1,2,2,1,6
201500054944,0015-06-14 22:00:00,15,6,14,22,0,750,118,"253, RUE MARCADET",,,Crépuscule ou aube,En agglomération,Hors intersection,Normale,Autre collision,,,,,,,,,,,2,2,1,1,6
201500054945,0015-06-15 08:35:00,15,6,15,8,35,750,118,"42, RUE CAULAINCOURT",,,Plein jour,En agglomération,Hors intersection,Temps couvert,Autre collision,,,,,,,,,,,1,2,1,8,6
201500054946,0015-06-02 10:00:00,15,6,2,10,0,750,118,RUE JACQUES KABLE,,,Plein jour,En agglomération,Intersection en X,Normale,Deux véhicules - côté,,,,,,,,,,,1,2,2,1,3
201500054947,0015-06-16 09:00:00,15,6,16,9,0,750,118,"82, BOULEVARD DE CLICHY",,,Plein jour,En agglomération,Intersection à plus de 4 branches,Normale,Deux véhicules - arrière,,,,,,,,,,,1,2,5,1,2
201500054948,0015-06-17 09:20:00,15,6,17,9,20,750,118,"1, AVENUE DE LA PORTE DE",,,Plein jour,En agglomération,Intersection en X,Normale,Deux véhicules - arrière,,,,,,,,,,,1,2,2,1,2
201500054949,0015-06-18 11:45:00,15,6,18,11,45,750,118,RUE VAUVENARGUES,,,Plein jour,En agglomération,Intersection à plus de 4 branches,Normale,Sans collision,,,,,,,,,,,1,2,5,1,7
201500054950,0015-06-18 17:15:00,15,6,18,17,15,750,118,"18, RUE DE CHARTRES",,,Plein jour,En agglomération,Intersection en Y,Normale,Autre collision,,,,,,,,,,,1,2,4,1,6
201500054951,0015-06-19 00:55:00,15,6,19,0,55,750,118,"152, AVENUE DE SAINT OUE",,,Nuit avec éclairage allumé,En agglomération,Hors intersection,Normale,Autre collision,,,,,,,,,,,5,2,1,1,6
201500054952,0015-06-21 03:20:00,15,6,21,3,20,750,118,"angle, RUE DE TORCY",,,Nuit avec éclairage allumé,En agglomération,Intersection en X,Normale,Deux véhicules - côté,,,,,,,,,,,5,2,2,1,3
201500054953,0015-06-22 09:40:00,15,6,22,9,40,750,118,"36, RUE CUSTINE",,,Plein jour,En agglomération,Intersection à plus de 4 branches,Normale,Autre collision,,,,,,,,,,,1,2,5,1,6
201500054954,0015-06-21 21:10:00,15,6,21,21,10,750,118,"47, RUE PAJOL",,,Crépuscule ou aube,En agglomération,Hors intersection,Normale,Autre collision,,,,,,,,,,,2,2,1,1,6
201500054955,0015-06-24 15:15:00,15,6,24,15,15,750,118,"18, RUE DU POTEAU",,,Plein jour,En agglomération,Intersection en T,Normale,Autre collision,,,,,,,,,,,1,2,3,1,6
201500054956,0015-06-24 20:10:00,15,6,24,20,10,750,118,"54, BOULEVARD NEY",,,Plein jour,En agglomération,Intersection en Y,Normale,Autre collision,,,,,,,,,,,1,2,4,1,6
201500054957,0015-06-25 18:05:00,15,6,25,18,5,750,118,"7, RUE DE LA LOUISIANE",,,Plein jour,En agglomération,Intersection en T,Normale,Autre collision,,,,,,,,,,,1,2,3,1,6
201500054958,0015-07-01 08:20:00,15,7,1,8,20,750,118,"63, RUE DU POTEAU",,,Plein jour,En agglomération,Hors intersection,Normale,Autre collision,,,,,,,,,,,1,2,1,1,6
201500054959,0015-07-02 07:50:00,15,7,2,7,50,750,118,"29, RUE DE LA CHAPELLE",,,Plein jour,En agglomération,Hors intersection,Normale,Deux véhicules - côté,,,,,,,,,,,1,2,1,1,3
201500054960,0015-07-02 12:10:00,15,7,2,12,10,750,118,BOULEVARD PERIPHERIQUE E,,,Plein jour,En agglomération,Hors intersection,Normale,Deux véhicules - arrière,,,,,,,,,,,1,2,1,1,2
201500054961,0015-07-02 23:30:00,15,7,2,23,30,750,118,"2, RUE CAULAINCOURT",,,Nuit avec éclairage allumé,En agglomération,Intersection à plus de 4 branches,Normale,Autre collision,,,,,,,,,,,5,2,5,1,6
201500054962,0015-07-03 17:15:00,15,7,3,17,15,750,118,"50, RUE DE LA CHAPELLE",,,Plein jour,En agglomération,Hors intersection,Normale,Autre collision,,,,,,,,,,,1,2,1,1,6
201500054963,0015-07-06 16:20:00,15,7,6,16,20,750,118,"51, BOULEVARD BARBES",,,Plein jour,En agglomération,Hors intersection,Normale,Trois véhicules et plus - en chaîne,,,,,,,,,,,1,2,1,1,4
201500054964,0015-07-06 16:25:00,15,7,6,16,25,750,118,"10, RUE ORDENER",,,Plein jour,En agglomération,Intersection en T,Normale,Sans collision,,,,,,,,,,,1,2,3,1,7
201500054965,0015-07-06 16:05:00,15,7,6,16,5,750,118,"05, RUE ORDENER",,,Plein jour,En agglomération,Hors intersection,Normale,Deux véhicules - arrière,,,,,,,,,,,1,2,1,1,2
201500054966,0015-07-06 16:30:00,15,7,6,16,30,750,118,"107, RUE ORDENER",,,Plein jour,En agglomération,Intersection en T,Normale,Autre collision,,,,,,,,,,,1,2,3,1,6
201500054967,0015-07-07 21:50:00,15,7,7,21,50,750,118,"2, RUE RONSARD",,,Crépuscule ou aube,En agglomération,Hors intersection,Normale,Deux véhicules - frontale,,,,,,,,,,,2,2,1,1,1
201500054968,0015-07-08 13:30:00,15,7,8,13,30,750,118,"42, BOULEVARD ORNANO",,,Plein jour,En agglomération,Intersection en X,Temps couvert,Autre collision,,,,,,,,,,,1,2,2,8,6
201500054969,0015-07-08 14:30:00,15,7,8,14,30,750,118,"62, RUE DU RUISSEAU",,,Plein jour,En agglomération,Intersection en X,Temps couvert,Autre collision,,,,,,,,,,,1,2,2,8,6
201500054970,0015-07-09 11:00:00,15,7,9,11,0,750,118,"76, BOULEVARD BARBES",,,Plein jour,En agglomération,Intersection à plus de 4 branches,Normale,Autre collision,,,,,,,,,,,1,2,5,1,6
201500054971,0015-07-10 09:05:00,15,7,10,9,5,750,118,BOULEVARD NEY,,,Plein jour,En agglomération,Intersection en X,Normale,Autre collision,,,,,,,,,,,1,2,2,1,6
201500054972,0015-07-13 17:00:00,15,7,13,17,0,750,118,BOULEVARD ORNANO,,,Plein jour,En agglomération,Intersection en X,Normale,Deux véhicules - côté,,,,,,,,,,,1,2,2,1,3
201500054973,0015-07-15 16:05:00,15,7,15,16,5,750,118,RUE DE CLIGNANCOURT,,,Plein jour,En agglomération,Intersection à plus de 4 branches,Temps éblouissant,Autre collision,,,,,,,,,,,1,2,5,7,6
201500054974,0015-07-17 11:45:00,15,7,17,11,45,750,118,BOULEVARD PERIPHERIQUE E,,,Plein jour,En agglomération,Hors intersection,Normale,Deux véhicules - côté,,,,,,,,,,,1,2,1,1,3
201500054975,0015-07-18 17:45:00,15,7,18,17,45,750,118,"10, RUE CAULAINCOURT",,,Plein jour,En agglomération,Hors intersection,Normale,Sans collision,,,,,,,,,,,1,2,1,1,7
201500054976,0015-07-21 11:15:00,15,7,21,11,15,750,118,"65, RUE DAMREMONT",,,Plein jour,En agglomération,Intersection à plus de 4 branches,Normale,Autre collision,,,,,,,,,,,1,2,5,1,6
201500054977,0015-07-24 00:55:00,15,7,24,0,55,750,118,"46, BOULEVARD DE LA CHAP",,,Nuit avec éclairage allumé,En agglomération,Place,Normale,Deux véhicules - côté,,,,,,,,,,,5,2,7,1,3
201500054978,0015-07-24 13:40:00,15,7,24,13,40,750,118,"58, RUE STEPHENSON",,,Plein jour,En agglomération,Intersection en X,Normale,Deux véhicules - côté,,,,,,,,,,,1,2,2,1,3
201500054979,0015-07-26 02:50:00,15,7,26,2,50,750,118,"34, RUE MARX DORMOY",,,Nuit avec éclairage allumé,En agglomération,Intersection en T,Normale,Deux véhicules - côté,,,,,,,,,,,5,2,3,1,3
201500054980,0015-07-28 19:45:00,15,7,28,19,45,750,118,"34, BOULEVARD DE CLICHY",,,Plein jour,En agglomération,Hors intersection,Pluie légère,Autre collision,,,,,,,,,,,1,2,1,2,6
201500054981,0015-07-29 15:33:00,15,7,29,15,33,750,118,"18, RUE LEIBNIZ",,,Plein jour,En agglomération,Hors intersection,Normale,Deux véhicules - côté,,,,,,,,,,,1,2,1,1,3
201500054982,0015-07-31 19:58:00,15,7,31,19,58,750,118,"/, BOULEVARD NEY",,,Plein jour,En agglomération,Intersection en X,Normale,Autre collision,,,,,,,,,,,1,2,2,1,6
201500054983,0015-08-02 22:00:00,15,8,2,22,0,750,118,"99, BOULEVARD NEY",,,Nuit avec éclairage allumé,En agglomération,Intersection en X,Normale,Autre collision,,,,,,,,,,,5,2,2,1,6
201500054984,0015-08-03 14:50:00,15,8,3,14,50,750,118,"53-55, RUE DE LA GOUTTE",,,Plein jour,En agglomération,Intersection en T,Normale,Autre collision,,,,,,,,,,,1,2,3,1,6
201500054985,0015-08-03 18:00:00,15,8,3,18,0,750,118,"02, RUE LAMARCK",,,Plein jour,En agglomération,Intersection en X,Normale,Autre collision,,,,,,,,,,,1,2,2,1,6
201500054986,0015-08-06 15:05:00,15,8,6,15,5,750,118,"/, RUE ORDENER",,,Plein jour,En agglomération,Intersection à plus de 4 branches,Normale,Deux véhicules - côté,,,,,,,,,,,1,2,5,1,3
201500054987,0015-08-07 02:10:00,15,8,7,2,10,750,110,"125, BOULEVARD DE MAGENT",,,Nuit avec éclairage allumé,En agglomération,Intersection à plus de 4 branches,Normale,Deux véhicules - côté,,,,,,,,,,,5,2,5,1,3
201500054988,0015-08-08 11:18:00,15,8,8,11,18,750,118,"28, RUE FEUTRIER",,,Plein jour,En agglomération,Hors intersection,Normale,Autre collision,,,,,,,,,,,1,2,1,1,6
201500054989,0015-08-08 14:30:00,15,8,8,14,30,750,118,"78, RUE DE LA CHAPELLE",,,Plein jour,En agglomération,Hors intersection,Normale,Trois véhicules et plus - en chaîne,,,,,,,,,,,1,2,1,1,4
201500054990,0015-08-09 05:08:00,15,8,9,5,8,750,118,", RUE DU CHEVALIER DE LA",,,Nuit avec éclairage allumé,En agglomération,Intersection en T,Normale,Autre collision,,,,,,,,,,,5,2,3,1,6
201500054991,0015-08-11 20:10:00,15,8,11,20,10,750,119,"64, RUE BOTZARIS",,,Crépuscule ou aube,En agglomération,Intersection en T,Normale,Autre collision,,,,,,,,,,,2,2,3,1,6