accident_id,datetime,annee,mois,jour,heure,minute,departement,commune_insee,adresse,latitude,longitude,luminosite,agglomeration,intersection,meteo,collision,nb_vehicules,nb_usagers,nb_indemnes,nb_tues,nb_blesses_hosp,nb_blesses_legers,age_cond_1,age_cond_2,veh_type_cond_1,veh_type_cond_2,lum_code,agg_code,int_code,atm_code,col_code
201500055123,0015-01-04 09:03:00,15,1,4,9,3,750,118,"1, RUE DE CLIGNANCOURT",,,Plein jour,En agglomération,Intersection à plus de 4 branches,Normale,Autre collision,,,,,,,,,,,1,2,5,1,6
201500055124,0015-01-05 13:35:00,15,1,5,13,35,750,119,PLACE AUGUSTE BARON,,,Plein jour,En agglomération,Intersection en Y,Normale,Deux véhicules - côté,,,,,,,,,,,1,2,4,1,3
201500055125,0015-01-09 07:28:00,15,1,9,7,28,750,119,"109, AVENUE SIMON BOLIVA",,,Nuit sans éclairage public,En agglomération,Hors intersection,Pluie légère,Autre collision,,,,,,,,,,,3,2,1,2,6
201500055126,0015-01-13 14:45:00,15,1,13,14,45,750,119,"185, RUE DE CRIMEE",,,Plein jour,En agglomération,Hors intersection,Pluie légère,Autre collision,,,,,,,,,,,1,2,1,2,6
201500055127,0015-01-13 16:50:00,15,1,13,16,50,750,119,"311, RUE DE BELLEVILLE",,,Crépuscule ou aube,En agglomération,Hors intersection,Pluie légère,Autre collision,,,,,,,,,,,2,2,1,2,6
201500055128,0015-01-14 19:05:00,15,1,14,19,5,750,119,"7, BOULEVARD DE LA COMMA",,,Nuit avec éclairage allumé,En agglomération,Place,Normale,Deux véhicules - arrière,,,,,,,,,,,5,2,7,1,2
201500055129,0015-01-15 16:50:00,15,1,15,16,50,750,119,"220, BOULEVARD DE LA VIL",,,Nuit avec éclairage allumé,En agglomération,Intersection en X,Pluie légère,Autre collision,,,,,,,,,,,5,2,2,2,6
201500055130,0015-01-16 06:30:00,15,1,16,6,30,750,119,"209, AVENUE JEAN JAURES",,,Nuit avec éclairage allumé,En agglomération,Hors intersection,Normale,Deux véhicules - côté,,,,,,,,,,,5,2,1,1,3
201500055131,0015-01-16 13:30:00,15,1,16,13,30,750,119,"14, AVENUE DE FLANDRE",,,Plein jour,En agglomération,Hors intersection,Normale,Autre collision,,,,,,,,,,,1,2,1,1,6
201500055132,0015-01-16 14:45:00,15,1,16,14,45,750,119,"89, RUE DE L OURCQ",,,Plein jour,En agglomération,Intersection en X,Normale,Deux véhicules - côté,,,,,,,,,,,1,2,2,1,3
201500055133,0015-01-16 16:40:00,15,1,16,16,40,750,119,"181, BOULEVARD SERURIER",,,Plein jour,En agglomération,Hors intersection,Normale,Deux véhicules - côté,,,,,,,,,,,1,2,1,1,3
201500055134,0015-01-16 23:15:00,15,1,16,23,15,750,119,BOULEVARD PERIPHERIQUE E,,,Nuit avec éclairage non allumé,En agglomération,Intersection en Y,Normale,Deux véhicules - côté,,,,,,,,,,,4,2,4,1,3
201500055135,0015-01-18 23:38:00,15,1,18,23,38,750,119,"3, RUE DE LORRAINE",,,Nuit avec éclairage allumé,En agglomération,Intersection en Y,Normale,Deux véhicules - côté,,,,,,,,,,,5,2,4,1,3
201500055136,0015-01-20 07:40:00,15,1,20,7,40,750,119,BOULEVARD MACDONALD,,,Nuit avec éclairage allumé,En agglomération,Hors intersection,Normale,Deux véhicules - frontale,,,,,,,,,,,5,2,1,1,1
201500055137,0015-01-20 09:15:00,15,1,20,9,15,750,119,PORTE DE PANTIN,,,Plein jour,En agglomération,Intersection en Y,Normale,Deux véhicules - côté,,,,,,,,,,,1,2,4,1,3
201500055138,0015-01-22 19:10:00,15,1,22,19,10,750,119,"5, PASSAGE DESGRAIS",,,Nuit avec éclairage allumé,En agglomération,Hors intersection,Normale,Autre collision,,,,,,,,,,,5,2,1,1,6
201500055139,0015-01-23 16:30:00,15,1,23,16,30,750,119,"177, AVENUE JEAN JAURES",,,Plein jour,En agglomération,Intersection en T,Normale,Autre collision,,,,,,,,,,,1,2,3,1,6
201500055140,0015-01-24 16:20:00,15,1,24,16,20,750,119,"179, RUE DE CRIMEE",,,Plein jour,En agglomération,Intersection en T,Normale,Sans collision,,,,,,,,,,,1,2,3,1,7
201500055141,0015-01-29 12:40:00,15,1,29,12,40,750,119,"43, AVENUE DE LAUMIERE",,,Plein jour,En agglomération,Intersection en T,Pluie légère,Autre collision,,,,,,,,,,,1,2,3,2,6
201500055142,0015-01-29 14:00:00,15,1,29,14,0,750,119,PLACE DE LA PORTE DE PAN,,,Plein jour,En agglomération,Hors intersection,Pluie légère,Deux véhicules - arrière,,,,,,,,,,,1,2,1,2,2
201500055143,0015-01-29 20:07:00,15,1,29,20,7,750,119,"11, RUE DE L OURCQ",,,Nuit avec éclairage allumé,En agglomération,Hors intersection,Pluie légère,Autre collision,,,,,,,,,,,5,2,1,2,6
201500055144,0015-02-01 20:55:00,15,2,1,20,55,750,119,"85, RUE DE MEAUX",,,Nuit avec éclairage allumé,En agglomération,Hors intersection,Pluie légère,Deux véhicules - côté,,,,,,,,,,,5,2,1,2,3
201500055145,0015-02-04 14:35:00,15,2,4,14,35,750,119,"13, RUE GEORGES AURIC",,,Plein jour,En agglomération,Intersection en Y,Normale,Deux véhicules - côté,,,,,,,,,,,1,2,4,1,3
201500055146,0015-02-08 16:45:00,15,2,8,16,45,750,119,"107, RUE DE L OURCQ",,,Plein jour,En agglomération,Intersection à plus de 4 branches,Normale,Deux véhicules - côté,,,,,,,,,,,1,2,5,1,3
201500055147,0015-02-10 10:15:00,15,2,10,10,15,750,119,BOULEVARD PERIPHERIQUE,,,Plein jour,En agglomération,Hors intersection,Normale,Autre collision,,,,,,,,,,,1,2,1,1,6
201500055148,0015-02-13 10:20:00,15,2,13,10,20,750,119,"73, BOULEVARD SERURIER",,,Plein jour,En agglomération,Intersection à plus de 4 branches,Normale,Deux véhicules - côté,,,,,,,,,,,1,2,5,1,3
201500055149,0015-02-14 06:55:00,15,2,14,6,55,750,110,"162, RUE LA FAYETTE",,,Nuit avec éclairage allumé,En agglomération,Hors intersection,Normale,Autre collision,,,,,,,,,,,5,2,1,1,6
201500055150,0015-02-14 16:45:00,15,2,14,16,45,750,119,"105, AVENUE JEAN JAURES",,,Plein jour,En agglomération,Hors intersection,Pluie légère,Autre collision,,,,,,,,,,,1,2,1,2,6
201500055151,0015-02-15 20:50:00,15,2,15,20,50,750,119,"27, RUE RIQUET",,,Nuit avec éclairage allumé,En agglomération,Hors intersection,Normale,Autre collision,,,,,,,,,,,5,2,1,1,6
201500055152,0015-02-17 18:50:00,15,2,17,18,50,750,119,"157, RUE DE CRIMEE",,,Nuit avec éclairage allumé,En agglomération,Intersection en T,Normale,Trois véhicules et plus - en chaîne,,,,,,,,,,,5,2,3,1,4
201500055153,0015-02-18 07:20:00,15,2,18,7,20,750,119,"21, AVENUE JEAN JAURES",,,Crépuscule ou aube,En agglomération,Intersection en T,Normale,Deux véhicules - arrière,,,,,,,,,,,2,2,3,1,2
201500055154,0015-02-18 15:10:00,15,2,18,15,10,750,119,"145, AVENUE JEAN JAURES",,,Plein jour,En agglomération,Intersection en X,Normale,Autre collision,,,,,,,,,,,1,2,2,1,6
201500055155,0015-02-22 07:40:00,15,2,22,7,40,750,119,PLACE DE LA PORTE DE PAN,,,Plein jour,En agglomération,Intersection en Y,Normale,Autre collision,,,,,,,,,,,1,2,4,1,6
201500055156,0015-02-22 10:20:00,15,2,22,10,20,750,119,"48, AVENUE SECRETAN",,,Plein jour,En agglomération,Hors intersection,Normale,Deux véhicules - côté,,,,,,,,,,,1,2,1,1,3
201500055157,0015-02-23 09:30:00,15,2,23,9,30,750,119,BOULEVARD DE LA VILLETTE,,,Plein jour,En agglomération,Intersection à plus de 4 branches,Normale,Deux véhicules - côté,,,,,,,,,,,1,2,5,1,3
201500055158,0015-02-23 09:10:00,15,2,23,9,10,750,119,RUE DE MOUZAIA,,,Plein jour,En agglomération,Intersection en X,Pluie légère,Autre collision,,,,,,,,,,,1,2,2,2,6
201500055159,0015-02-23 15:00:00,15,2,23,15,0,750,119,"55, RUE EMILE REYNAUD",,,Plein jour,En agglomération,Hors intersection,Pluie légère,Deux véhicules - côté,,,,,,,,,,,1,2,1,2,3
201500055160,0015-02-23 17:50:00,15,2,23,17,50,750,119,"210, BOULEVARD MACDONALD",,,Plein jour,En agglomération,Hors intersection,Temps couvert,Deux véhicules - arrière,,,,,,,,,,,1,2,1,8,2
201500055161,0015-02-23 13:46:00,15,2,23,13,46,750,119,"24, RUE DE L OURCQ",,,Plein jour,En agglomération,Intersection à plus de 4 branches,Normale,Deux véhicules - côté,,,,,,,,,,,1,2,5,1,3
201500055162,0015-02-24 09:29:00,15,2,24,9,29,750,119,BOULEVARD D INDOCHINE,,,Plein jour,En agglomération,Intersection à plus de 4 branches,Normale,Deux véhicules - côté,,,,,,,,,,,1,2,5,1,3
201500055163,0015-02-24 11:30:00,15,2,24,11,30,750,119,"27, AVENUE DE FLANDRE",,,Plein jour,En agglomération,Intersection en X,Pluie légère,Autre collision,,,,,,,,,,,1,2,2,2,6
201500055164,0015-02-25 22:50:00,15,2,25,22,50,750,119,"46, AVENUE SIMON BOLIVAR",,,Nuit avec éclairage allumé,En agglomération,Hors intersection,Normale,Deux véhicules - côté,,,,,,,,,,,5,2,1,1,3
201500055165,0015-02-26 08:20:00,15,2,26,8,20,750,119,"19, BOULEVARD D INDOCHIN",,,Plein jour,En agglomération,Intersection en Y,Pluie légère,Autre collision,,,,,,,,,,,1,2,4,2,6
201500055166,0015-02-28 19:20:00,15,2,28,19,20,750,119,PLACE AUGUSTE BARON,,,Nuit avec éclairage allumé,En agglomération,Intersection en Y,Normale,Deux véhicules - côté,,,,,,,,,,,5,2,4,1,3
201500055167,0015-03-02 18:40:00,15,3,2,18,40,750,119,RUE DE LA CLOTURE,,,Nuit avec éclairage allumé,En agglomération,Intersection en T,Normale,Sans collision,,,,,,,,,,,5,2,3,1,7
201500055168,0015-03-04 11:00:00,15,3,4,11,0,750,119,"5, PLACE DES FETES",,,Plein jour,En agglomération,Hors intersection,Normale,Autre collision,,,,,,,,,,,1,2,1,1,6
201500055169,0015-03-04 16:10:00,15,3,4,16,10,750,119,"3, RUE LOUISE THULIEZ",,,Plein jour,En agglomération,Hors intersection,Normale,Autre collision,,,,,,,,,,,1,2,1,1,6
201500055170,0015-03-06 14:40:00,15,3,6,14,40,750,119,"106, BOULEVARD SERURIER",,,Plein jour,En agglomération,Intersection en X,Normale,Autre collision,,,,,,,,,,,1,2,2,1,6
201500055171,0015-03-07 10:45:00,15,3,7,10,45,750,119,AVENUE SIMON BOLIVAR,,,Plein jour,En agglomération,Intersection en X,Normale,Deux véhicules - côté,,,,,,,,,,,1,2,2,1,3
201500055172,0015-03-09 14:55:00,15,3,9,14,55,750,119,"125, AVENUE SIMON BOLIVA",,,Plein jour,En agglomération,Hors intersection,Normale,Deux véhicules - arrière,,,,,,,,,,,1,2,1,1,2
201500055173,0015-03-10 09:00:00,15,3,10,9,0,750,119,"151, RUE DE CRIMEE",,,Plein jour,En agglomération,Intersection en T,Normale,Deux véhicules - côté,,,,,,,,,,,1,2,3,1,3
201500055174,0015-03-11 15:04:00,15,3,11,15,4,750,119,"48, BOULEVARD DE LA VILL",,,Plein jour,En agglomération,Intersection en X,Normale,Autre collision,,,,,,,,,,,1,2,2,1,6
201500055175,0015-03-13 16:50:00,15,3,13,16,50,750,119,"26, BOULEVARD SERURIER",,,Plein jour,En agglomération,Hors intersection,Normale,Autre collision,,,,,,,,,,,1,2,1,1,6
201500055176,0015-03-17 11:30:00,15,3,17,11,30,750,119,"1, PLACE AUGUSTE BARON",,,Plein jour,En agglomération,Place,Normale,Deux véhicules - arrière,,,,,,,,,,,1,2,7,1,2
201500055177,0015-03-20 16:15:00,15,3,20,16,15,750,119,RUE D AUBERVILLIERS,,,Plein jour,En agglomération,Intersection en X,Normale,Autre collision,,,,,,,,,,,1,2,2,1,6
201500055178,0015-03-21 16:00:00,15,3,21,16,0,750,119,"1, PLACE DE LA PORTE DE",,,Plein jour,En agglomération,Place,Normale,Deux véhicules - côté,,,,,,,,,,,1,2,7,1,3
201500055179,0015-03-24 12:30:00,15,3,24,12,30,750,119,"62, RUE CURIAL",,,Plein jour,En agglomération,Intersection en X,Normale,Deux véhicules - côté,,,,,,,,,,,1,2,2,1,3
201500055180,0015-03-25 03:15:00,15,3,25,3,15,750,110,"21, BOULEVARD DE LA CHAP",,,Nuit avec éclairage allumé,En agglomération,Intersection à plus de 4 branches,Pluie légère,Deux véhicules - arrière,,,,,,,,,,,5,2,5,2,2
201500055181,0015-03-25 09:50:00,15,3,25,9,50,750,119,"185, AVENUE JEAN JAURES",,,Plein jour,En agglomération,Intersection en X,Temps couvert,Deux véhicules - côté,,,,,,,,,,,1,2,2,8,3
201500055182,0015-03-26 12:00:00,15,3,26,12,0,750,119,"148, AVENUE JEAN JAURES",,,Plein jour,En agglomération,Intersection en T,Pluie légère,Autre collision,,,,,,,,,,,1,2,3,2,6
201500055183,0015-03-26 22:20:00,15,3,26,22,20,750,119,"6, AVENUE SIMON BOLIVAR",,,Nuit avec éclairage allumé,En agglomération,Intersection en X,Normale,Autre collision,,,,,,,,,,,5,2,2,1,6
201500055184,0015-03-28 09:33:00,15,3,28,9,33,750,119,"107, AVENUE DE FLANDRE",,,Plein jour,En agglomération,Intersection en T,Pluie légère,Autre collision,,,,,,,,,,,1,2,3,2,6
201500055185,0015-03-29 06:30:00,15,3,29,6,30,750,119,"24, AVENUE DE FLANDRE",,,Crépuscule ou aube,En agglomération,Intersection en X,Pluie légère,Deux véhicules - côté,,,,,,,,,,,2,2,2,2,3
201500055186,0015-03-31 09:30:00,15,3,31,9,30,750,119,"70, AVENUE DE FLANDRE",,,Plein jour,En agglomération,Hors intersection,Pluie légère,Sans collision,,,,,,,,,,,1,2,1,2,7
201500055187,0015-03-31 09:35:00,15,3,31,9,35,750,119,"208, AVENUE JEAN JAURES",,,Plein jour,En agglomération,Intersection en T,Pluie légère,Deux véhicules - côté,,,,,,,,,,,1,2,3,2,3
201500055188,0015-03-31 10:10:00,15,3,31,10,10,750,119,"107, RUE MANIN",,,Plein jour,En agglomération,Intersection à plus de 4 branches,Temps couvert,Deux véhicules - arrière,,,,,,,,,,,1,2,5,8,2
201500055189,0015-03-31 12:20:00,15,3,31,12,20,750,119,"2 bis, RUE DES SOLITAIRE",,,Plein jour,En agglomération,Hors intersection,Temps couvert,Autre collision,,,,,,,,,,,1,2,1,8,6
201500055190,0015-03-31 15:00:00,15,3,31,15,0,750,119,RUE DE BELLEVILLE,,,Plein jour,En agglomération,Intersection en X,Normale,Autre collision,,,,,,,,,,,1,2,2,1,6
201500055191,0015-03-31 15:30:00,15,3,31,15,30,750,119,"30, RUE DE L OURCQ",,,Plein jour,En agglomération,Hors intersection,Normale,Autre collision,,,,,,,,,,,1,2,1,1,6
201500055192,0015-03-31 18:40:00,15,3,31,18,40,750,119,RUE MANIN,,,Plein jour,En agglomération,Intersection en X,Normale,Deux véhicules - frontale,,,,,,,,,,,1,2,2,1,1
201500055193,0015-04-02 15:30:00,15,4,2,15,30,750,119,"54, AVENUE DE FLANDRE",,,Plein jour,En agglomération,Intersection en T,Pluie forte,Deux véhicules - arrière,,,,,,,,,,,1,2,3,3,2
201500055194,0015-04-07 05:20:00,15,4,7,5,20,750,119,PLACE SKANDERBEG,,,Nuit avec éclairage allumé,En agglomération,Intersection en Y,Normale,Deux véhicules - côté,,,,,,,,,,,5,2,4,1,3
201500055195,0015-04-10 06:00:00,15,4,10,6,0,750,119,"167, AVENUE JEAN JAURES",,,Nuit avec éclairage allumé,En agglomération,Hors intersection,Normale,Trois véhicules et plus - en chaîne,,,,,,,,,,,5,2,1,1,4
201500055196,0015-04-13 00:10:00,15,4,13,0,10,750,119,"6, RUE EMILE REYNAUD",,,Nuit avec éclairage allumé,En agglomération,Place,Normale,Autre collision,,,,,,,,,,,5,2,7,1,6
201500055197,0015-04-14 16:45:00,15,4,14,16,45,750,119,"2, AVENUE DE FLANDRE",,,Plein jour,En agglomération,Place,Normale,Deux véhicules - côté,,,,,,,,,,,1,2,7,1,3
201500055198,0015-04-15 07:40:00,15,4,15,7,40,750,119,"152, AVENUE DE FLANDRE",,,Plein jour,En agglomération,Hors intersection,Normale,Autre collision,,,,,,,,,,,1,2,1,1,6
201500055199,0015-04-15 17:30:00,15,4,15,17,30,750,119,"89, RUE CURIAL",,,Plein jour,En agglomération,Hors intersection,Normale,Autre collision,,,,,,,,,,,1,2,1,1,6
201500055200,0015-04-16 13:00:00,15,4,16,13,0,750,119,"166, BOULEVARD MACDONALD",,,Plein jour,En agglomération,Intersection en T,Normale,Sans collision,,,,,,,,,,,1,2,3,1,7
201500055201,0015-04-17 21:15:00,15,4,17,21,15,750,119,"49, RUE PETIT",,,Nuit avec éclairage allumé,En agglomération,Intersection en X,Normale,Autre collision,,,,,,,,,,,5,2,2,1,6
201500055202,0015-04-19 15:25:00,15,4,19,15,25,750,119,"232, RUE DE CRIMEE",,,Plein jour,En agglomération,Intersection à plus de 4 branches,Normale,Autre collision,,,,,,,,,,,1,2,5,1,6
201500055203,0015-04-23 14:15:00,15,4,23,14,15,750,119,"12, RUE DE LA MARSEILLAI",,,Plein jour,En agglomération,Intersection en Y,Normale,Deux véhicules - arrière,,,,,,,,,,,1,2,4,1,2
201500055204,0015-04-23 16:00:00,15,4,23,16,0,750,119,"57, RUE DE BELLEVILLE",,,Plein jour,En agglomération,Hors intersection,Normale,Autre collision,,,,,,,,,,,1,2,1,1,6
201500055205,0015-04-23 19:15:00,15,4,23,19,15,750,119,RUE COMPANS,,,Plein jour,En agglomération,Place,Normale,Autre collision,,,,,,,,,,,1,2,7,1,6
201500055206,0015-04-24 02:50:00,15,4,24,2,50,750,119,PLACE RHIN ET DANUBE,,,Nuit avec éclairage allumé,En agglomération,Place,Normale,Autre collision,,,,,,,,,,,5,2,7,1,6
201500055207,0015-04-26 13:50:00,15,4,26,13,50,750,119,RUE BOTZARIS,,,Plein jour,En agglomération,Intersection en T,Pluie légère,Autre collision,,,,,,,,,,,1,2,3,2,6
201500055208,0015-04-28 12:25:00,15,4,28,12,25,750,119,"47, AVENUE JEAN JAURES",,,Plein jour,En agglomération,Hors intersection,Normale,Deux véhicules - arrière,,,,,,,,,,,1,2,1,1,2
201500055209,0015-04-29 16:00:00,15,4,29,16,0,750,119,BOULEVARD MACDONALD,,,Plein jour,En agglomération,Hors intersection,Normale,Deux véhicules - arrière,,,,,,,,,,,1,2,1,1,2
201500055210,0015-04-29 19:30:00,15,4,29,19,30,750,119,BOULEVARD MACDONALD,,,Plein jour,En agglomération,Intersection en T,Normale,Autre collision,,,,,,,,,,,1,2,3,1,6
201500055211,0015-04-30 07:45:00,15,4,30,7,45,750,119,AVENUE JEAN JAURES,,,Plein jour,En agglomération,Intersection en X,Pluie forte,Autre collision,,,,,,,,,,,1,2,2,3,6
201500055212,0015-05-03 03:30:00,15,5,3,3,30,750,119,PLACE SKANDERBEG,,,Nuit avec éclairage allumé,En agglomération,Intersection en Y,Pluie légère,Autre collision,,,,,,,,,,,5,2,4,2,6
201500055213,0015-05-03 16:30:00,15,5,3,16,30,750,119,"114, AVENUE DE FLANDRE",,,Plein jour,En agglomération,Hors intersection,Pluie légère,Deux véhicules - arrière,,,,,,,,,,,1,2,1,2,2
201500055214,0015-05-03 17:20:00,15,5,3,17,20,750,119,"03, AVENUE SECRETAN",,,Plein jour,En agglomération,Intersection en Y,Normale,Deux véhicules - frontale,,,,,,,,,,,1,2,4,1,1
201500055215,0015-05-05 09:05:00,15,5,5,9,5,750,119,AVENUE JEAN JAURES,,,Plein jour,En agglomération,Place,Normale,Deux véhicules - arrière,,,,,,,,,,,1,2,7,1,2
201500055216,0015-05-05 18:30:00,15,5,5,18,30,750,119,"02, RUE D AUBERVILLIERS",,,Plein jour,En agglomération,Intersection en X,Normale,Autre collision,,,,,,,,,,,1,2,2,1,6
201500055217,0015-05-07 18:00:00,15,5,7,18,0,750,119,"236, BOULEVARD DE LA VIL",,,Plein jour,En agglomération,Intersection à plus de 4 branches,Normale,Autre collision,,,,,,,,,,,1,2,5,1,6
201500055218,0015-05-09 17:30:00,15,5,9,17,30,750,119,"171, BOULEVARD MACDONALD",,,Plein jour,En agglomération,Hors intersection,Normale,Deux véhicules - arrière,,,,,,,,,,,1,2,1,1,2
201500055219,0015-05-09 23:00:00,15,5,9,23,0,750,119,RUE SIGMUND FREUD,,,Nuit avec éclairage allumé,En agglomération,Hors intersection,Normale,Deux véhicules - arrière,,,,,,,,,,,5,2,1,1,2
201500055220,0015-05-11 08:50:00,15,5,11,8,50,750,119,"76, AVENUE JEAN JAURES",,,Plein jour,En agglomération,Intersection en T,Normale,Autre collision,,,,,,,,,,,1,2,3,1,6
201500055221,0015-05-11 14:30:00,15,5,11,14,30,750,119,"132, BOULEVARD DE LA VIL",,,Plein jour,En agglomération,Place,Normale,Deux véhicules - côté,,,,,,,,,,,1,2,7,1,3
201500055222,0015-05-12 13:30:00,15,5,12,13,30,750,119,"107, RUE MANIN",,,Plein jour,En agglomération,Intersection à plus de 4 branches,Normale,Autre collision,,,,,,,,,,,1,2,5,1,6
201500055223,0015-05-14 18:25:00,15,5,14,18,25,750,119,AVENUE CORENTIN CARIOU,,,Plein jour,En agglomération,Intersection en T,Normale,Deux véhicules - côté,,,,,,,,,,,1,2,3,1,3
201500055224,0015-05-16 17:55:00,15,5,16,17,55,750,119,"201, RUE DE BELLEVILLE",,,Plein jour,En agglomération,Hors intersection,Normale,Deux véhicules - arrière,,,,,,,,,,,1,2,1,1,2
201500055225,0015-05-19 16:55:00,15,5,19,16,55,750,119,"47, QUAI DE LA SEINE",,,Plein jour,En agglomération,Intersection en T,Normale,Deux véhicules - arrière,,,,,,,,,,,1,2,3,1,2
201500055226,0015-05-20 16:40:00,15,5,20,16,40,750,119,"9, RUE CURIAL",,,Plein jour,En agglomération,Hors intersection,Normale,Deux véhicules - côté,,,,,,,,,,,1,2,1,1,3
201500055227,0015-05-20 18:45:00,15,5,20,18,45,750,119,"8, AVENUE CORENTIN CARIO",,,Plein jour,En agglomération,Intersection en T,Normale,Autre collision,,,,,,,,,,,1,2,3,1,6
201500055228,0015-05-20 22:45:00,15,5,20,22,45,750,119,"210, AVENUE JEAN JAURES",,,Nuit avec éclairage allumé,En agglomération,Intersection en T,Normale,Deux véhicules - côté,,,,,,,,,,,5,2,3,1,3
201500055229,0015-05-22 10:00:00,15,5,22,10,0,750,119,"180, BOULEVARD SERURIER",,,Plein jour,En agglomération,Hors intersection,Normale,Sans collision,,,,,,,,,,,1,2,1,1,7
201500055230,0015-05-22 18:00:00,15,5,22,18,0,750,119,"., RUE D AUBERVILLIERS",,,Plein jour,En agglomération,Intersection en X,Normale,Deux véhicules - arrière,,,,,,,,,,,1,2,2,1,2
201500055231,0015-05-22 13:30:00,15,5,22,13,30,750,119,"104, AVENUE DE FLANDRE",,,Plein jour,En agglomération,Intersection en T,Normale,Deux véhicules - côté,,,,,,,,,,,1,2,3,1,3
201500055232,0015-05-26 14:50:00,15,5,26,14,50,750,119,"69, AVENUE JEAN JAURES",,,Plein jour,En agglomération,Intersection en T,Normale,Deux véhicules - côté,,,,,,,,,,,1,2,3,1,3
201500055233,0015-06-01 18:30:00,15,6,1,18,30,750,119,"84, RUE MANIN",,,Plein jour,En agglomération,Hors intersection,Normale,Autre collision,,,,,,,,,,,1,2,1,1,6
201500055234,0015-06-02 16:55:00,15,6,2,16,55,750,119,"22, AVENUE DE LA PORTE C",,,Plein jour,En agglomération,Intersection en X,Normale,Deux véhicules - côté,,,,,,,,,,,1,2,2,1,3
201500055235,0015-06-03 14:45:00,15,6,3,14,45,750,119,"40, RUE MANIN",,,Plein jour,En agglomération,Hors intersection,Normale,Deux véhicules - arrière,,,,,,,,,,,1,2,1,1,2
201500055236,0015-06-03 15:50:00,15,6,3,15,50,750,119,"37, RUE DAVID D ANGERS",,,Plein jour,En agglomération,Hors intersection,Normale,Autre collision,,,,,,,,,,,1,2,1,1,6
201500055237,0015-06-04 10:55:00,15,6,4,10,55,750,119,"9, RUE DE L ORME",,,Plein jour,En agglomération,Intersection en X,Normale,Autre collision,,,,,,,,,,,1,2,2,1,6
201500055238,0015-06-05 18:50:00,15,6,5,18,50,750,119,AVENUE DE FLANDRE,,,Plein jour,En agglomération,Intersection en X,Normale,Autre collision,,,,,,,,,,,1,2,2,1,6
201500055239,0015-06-05 18:15:00,15,6,5,18,15,750,119,"31, AVENUE DE LA PORTE C",,,Plein jour,En agglomération,Hors intersection,Normale,Sans collision,,,,,,,,,,,1,2,1,1,7
201500055240,0015-06-08 09:35:00,15,6,8,9,35,750,119,"90, RUE DE CRIMEE",,,Plein jour,En agglomération,Intersection en X,Normale,Deux véhicules - côté,,,,,,,,,,,1,2,2,1,3
201500055241,0015-06-08 11:35:00,15,6,8,11,35,750,119,"141, RUE MANIN",,,Plein jour,En agglomération,Intersection en Y,Normale,Autre collision,,,,,,,,,,,1,2,4,1,6
201500055242,0015-06-09 17:45:00,15,6,9,17,45,750,119,"214, AVENUE JEAN JAURES",,,Plein jour,En agglomération,Intersection en T,Temps couvert,Deux véhicules - côté,,,,,,,,,,,1,2,3,8,3
201500055243,0015-06-10 15:30:00,15,6,10,15,30,750,119,"14, ROUTE DES PETITS PON",,,Plein jour,En agglomération,Hors intersection,Normale,Trois véhicules et plus - en chaîne,,,,,,,,,,,1,2,1,1,4
201500055244,0015-06-11 17:30:00,15,6,11,17,30,750,119,"84, RUE DE CRIMEE",,,Plein jour,En agglomération,Hors intersection,Normale,Autre collision,,,,,,,,,,,1,2,1,1,6
201500055245,0015-06-12 20:10:00,15,6,12,20,10,750,119,"1, AVENUE DE LA PORTE DE",,,Plein jour,En agglomération,Place,Normale,Deux véhicules - côté,,,,,,,,,,,1,2,7,1,3
201500055246,0015-06-13 09:45:00,15,6,13,9,45,750,119,"2, AVENUE JEAN JAURES",,,Plein jour,En agglomération,Intersection en X,Normale,Deux véhicules - arrière,,,,,,,,,,,1,2,2,1,2
201500055247,0015-06-13 20:30:00,15,6,13,20,30,750,119,PLACE AUGUSTE BARON,,,Plein jour,En agglomération,Intersection en X,Normale,Deux véhicules - côté,,,,,,,,,,,1,2,2,1,3
201500055248,0015-06-23 19:40:00,15,6,23,19,40,750,119,"40, AVENUE JEAN JAURES",,,Plein jour,En agglomération,Hors intersection,Pluie légère,Autre collision,,,,,,,,,,,1,2,1,2,6
201500055249,0015-06-24 17:30:00,15,6,24,17,30,750,119,"23, RUE LEON GIRAUD",,,Plein jour,En agglomération,Hors intersection,Normale,Autre collision,,,,,,,,,,,1,2,1,1,6
201500055250,0015-06-24 21:20:00,15,6,24,21,20,750,119,"14, RUE DU MAROC",,,Plein jour,En agglomération,Hors intersection,Normale,Autre collision,,,,,,,,,,,1,2,1,1,6
201500055251,0015-07-01 17:00:00,15,7,1,17,0,750,119,"196, BOULEVARD DE LA VIL",,,Plein jour,En agglomération,Hors intersection,Normale,Deux véhicules - côté,,,,,,,,,,,1,2,1,1,3
201500055252,0015-07-01 21:45:00,15,7,1,21,45,750,119,"2, AVENUE DE FLANDRE",,,Crépuscule ou aube,En agglomération,Place,Normale,Deux véhicules - côté,,,,,,,,,,,2,2,7,1,3
201500055253,0015-07-04 20:15:00,15,7,4,20,15,750,119,"39, AVENUE SIMON BOLIVAR",,,Plein jour,En agglomération,Intersection en T,Normale,Autre collision,,,,,,,,,,,1,2,3,1,6
201500055254,0015-07-05 17:50:00,15,7,5,17,50,750,119,"6, RUE PRADIER",,,Plein jour,En agglomération,Hors intersection,Normale,Autre collision,,,,,,,,,,,1,2,1,1,6
201500055255,0015-07-24 12:15:00,15,7,24,12,15,750,119,"1, PLACE AUGUSTE BARON",,,Plein jour,En agglomération,Intersection en Y,Normale,Deux véhicules - côté,,,,,,,,,,,1,2,4,1,3