accident_id,datetime,annee,mois,jour,heure,minute,departement,commune_insee,adresse,latitude,longitude,luminosite,agglomeration,intersection,meteo,collision,nb_vehicules,nb_usagers,nb_indemnes,nb_tues,nb_blesses_hosp,nb_blesses_legers,age_cond_1,age_cond_2,veh_type_cond_1,veh_type_cond_2,lum_code,agg_code,int_code,atm_code,col_code
201500055256,0015-07-26 15:45:00,15,7,26,15,45,750,119,"86, RUE BOTZARIS",,,Plein jour,En agglomération,Intersection en X,Pluie forte,Deux véhicules - côté,,,,,,,,,,,1,2,2,3,3
201500055257,0015-07-27 20:30:00,15,7,27,20,30,750,119,"1, PLACE SKANDERBEG",,,Plein jour,En agglomération,Intersection en Y,Normale,Deux véhicules - arrière,,,,,,,,,,,1,2,4,1,2
201500055258,0015-07-28 18:20:00,15,7,28,18,20,750,119,"35, AVENUE MATHURIN MORE",,,Plein jour,En agglomération,Hors intersection,Normale,Deux véhicules - côté,,,,,,,,,,,1,2,1,1,3
201500055259,0015-07-29 11:50:00,15,7,29,11,50,750,119,"128, BOULEVARD MACDONALD",,,Plein jour,En agglomération,Hors intersection,Normale,Deux véhicules - côté,,,,,,,,,,,1,2,1,1,3
201500055260,0015-08-24 14:30:00,15,8,24,14,30,750,119,"59, BOULEVARD MACDONALD",,,Plein jour,En agglomération,Intersection en T,Pluie légère,Deux véhicules - arrière,,,,,,,,,,,1,2,3,2,2
201500055261,0015-08-24 19:50:00,15,8,24,19,50,750,119,"64, BOULEVARD DE LA VILL",,,Plein jour,En agglomération,Hors intersection,Pluie légère,Deux véhicules - côté,,,,,,,,,,,1,2,1,2,3
201500055262,0015-08-31 17:30:00,15,8,31,17,30,750,119,"1, PLACE ARMAND CARREL",,,Plein jour,En agglomération,Place,Normale,Deux véhicules - côté,,,,,,,,,,,1,2,7,1,3
201500055263,0015-09-01 14:55:00,15,9,1,14,55,750,119,"111, RUE DE BELLEVILLE",,,Plein jour,En agglomération,Intersection en T,Normale,Deux véhicules - côté,,,,,,,,,,,1,2,3,1,3
201500055264,0015-09-02 15:20:00,15,9,2,15,20,750,119,"241, RUE DE CRIMEE",,,Plein jour,En agglomération,Giratoire,Normale,Deux véhicules - frontale,,,,,,,,,,,1,2,6,1,1
201500055265,0015-09-05 09:10:00,15,9,5,9,10,750,119,"0, AVENUE DE LA PORTE DE",,,Plein jour,En agglomération,Intersection à plus de 4 branches,Temps couvert,Deux véhicules - côté,,,,,,,,,,,1,2,5,8,3
201500055266,0015-09-11 17:20:00,15,9,11,17,20,750,119,"133, AVENUE DE FLANDRE",,,Plein jour,En agglomération,Hors intersection,Normale,Sans collision,,,,,,,,,,,1,2,1,1,7
201500055267,0015-09-13 14:35:00,15,9,13,14,35,750,119,"36, AVENUE SIMON BOLIVAR",,,Plein jour,En agglomération,Intersection en T,Pluie légère,Sans collision,,,,,,,,,,,1,2,3,2,7
201500055268,0015-09-18 13:55:00,15,9,18,13,55,750,119,"13, AVENUE SECRETAN",,,Plein jour,En agglomération,Hors intersection,Normale,Deux véhicules - côté,,,,,,,,,,,1,2,1,1,3
201500055269,0015-09-19 16:35:00,15,9,19,16,35,750,119,"41, AVENUE SIMON BOLIVAR",,,Plein jour,En agglomération,Intersection à plus de 4 branches,Normale,Deux véhicules - côté,,,,,,,,,,,1,2,5,1,3
201500055270,0015-09-26 20:00:00,15,9,26,20,0,750,119,"70, QUAI DE LA LOIRE",,,Nuit avec éclairage allumé,En agglomération,Intersection en T,Normale,Deux véhicules - frontale,,,,,,,,,,,5,2,3,1,1
201500055271,0015-09-30 08:40:00,15,9,30,8,40,750,119,"145, AVENUE JEAN JAURES",,,Plein jour,En agglomération,Hors intersection,Normale,Autre collision,,,,,,,,,,,1,2,1,1,6
201500055272,0015-09-30 13:20:00,15,9,30,13,20,750,119,"60, RUE DE L OURCQ",,,Plein jour,En agglomération,Intersection en X,Normale,Deux véhicules - côté,,,,,,,,,,,1,2,2,1,3
201500055273,0015-10-05 15:25:00,15,10,5,15,25,750,119,"17, AVENUE MATHURIN MORE",,,Plein jour,En agglomération,Hors intersection,Pluie légère,Deux véhicules - frontale,,,,,,,,,,,1,2,1,2,1
201500055274,0015-10-05 16:35:00,15,10,5,16,35,750,119,"02, BOULEVARD DE LA VILL",,,Plein jour,En agglomération,Hors intersection,Pluie légère,Autre collision,,,,,,,,,,,1,2,1,2,6
201500055275,0015-10-05 17:00:00,15,10,5,17,0,750,119,"91, AVENUE DE FLANDRE",,,Plein jour,En agglomération,Hors intersection,Pluie légère,Deux véhicules - côté,,,,,,,,,,,1,2,1,2,3
201500055276,0015-10-07 20:00:00,15,10,7,20,0,750,119,"23, AVENUE CORENTIN CARI",,,Nuit avec éclairage allumé,En agglomération,Hors intersection,Normale,Deux véhicules - côté,,,,,,,,,,,5,2,1,1,3
201500055277,0015-10-07 19:55:00,15,10,7,19,55,750,119,"25, BOULEVARD MACDONALD",,,Nuit avec éclairage allumé,En agglomération,Intersection en T,Normale,Deux véhicules - arrière,,,,,,,,,,,5,2,3,1,2
201500055278,0015-10-08 13:00:00,15,10,8,13,0,750,119,"74, RUE D HAUTPOUL",,,Plein jour,En agglomération,Hors intersection,Normale,Deux véhicules - côté,,,,,,,,,,,1,2,1,1,3
201500055279,0015-10-08 17:20:00,15,10,8,17,20,750,119,"135, RUE DE CRIMEE",,,Plein jour,En agglomération,Intersection en T,Normale,Sans collision,,,,,,,,,,,1,2,3,1,7
201500055280,0015-10-11 12:50:00,15,10,11,12,50,750,119,"216, BOULEVARD DE LA VIL",,,Plein jour,En agglomération,Intersection en X,Normale,Autre collision,,,,,,,,,,,1,2,2,1,6
201500055281,0015-10-12 11:10:00,15,10,12,11,10,750,119,"107, AVENUE DE FLANDRE",,,Plein jour,En agglomération,Hors intersection,Normale,Autre collision,,,,,,,,,,,1,2,1,1,6
201500055282,0015-10-18 13:50:00,15,10,18,13,50,750,119,AVENUE DE LA PORTE CHAUM,,,Plein jour,En agglomération,Intersection à plus de 4 branches,Normale,Deux véhicules - frontale,,,,,,,,,,,1,2,5,1,1
201500055283,0015-10-20 20:42:00,15,10,20,20,42,750,119,"52, AVENUE JEAN JAURES",,,Nuit avec éclairage allumé,En agglomération,Hors intersection,Temps couvert,Autre collision,,,,,,,,,,,5,2,1,8,6
201500055284,0015-11-04 08:31:00,15,11,4,8,31,750,119,"38, RUE MANIN",,,Plein jour,En agglomération,Hors intersection,Pluie légère,Deux véhicules - côté,,,,,,,,,,,1,2,1,2,3
201500055285,0015-11-05 09:40:00,15,11,5,9,40,750,119,"140, AVENUE JEAN JAURES",,,Plein jour,En agglomération,Intersection en T,Normale,Autre collision,,,,,,,,,,,1,2,3,1,6
201500055286,0015-11-10 10:10:00,15,11,10,10,10,750,119,"35, RUE DE LA GARE",,,Plein jour,En agglomération,Intersection en Y,Normale,Deux véhicules - côté,,,,,,,,,,,1,2,4,1,3
201500055287,0015-11-10 14:55:00,15,11,10,14,55,750,119,"1, AVENUE DE FLANDRE",,,Plein jour,En agglomération,Intersection à plus de 4 branches,Normale,Autre collision,,,,,,,,,,,1,2,5,1,6
201500055288,0015-11-10 14:10:00,15,11,10,14,10,750,118,"62, BOULEVARD BARBES",,,Plein jour,En agglomération,Intersection en X,Normale,Deux véhicules - côté,,,,,,,,,,,1,2,2,1,3
201500055289,0015-12-07 19:00:00,15,12,7,19,0,750,119,"1, PLACE AUGUSTE BARON",,,Nuit avec éclairage allumé,En agglomération,Intersection en Y,Normale,Deux véhicules - arrière,,,,,,,,,,,5,2,4,1,2
201500055290,0015-12-11 11:00:00,15,12,11,11,0,750,119,"180, RUE D AUBERVILLIERS",,,Plein jour,En agglomération,Hors intersection,Normale,Deux véhicules - côté,,,,,,,,,,,1,2,1,1,3
201500055291,0015-06-06 13:55:00,15,6,6,13,55,750,119,"28, AVENUE SECRETAN",,,Plein jour,En agglomération,Hors intersection,Normale,Deux véhicules - arrière,,,,,,,,,,,1,2,1,1,2
201500055292,0015-06-06 16:55:00,15,6,6,16,55,750,119,PLACE DE LA PORTE DE PAN,,,Plein jour,En agglomération,Place,Normale,Deux véhicules - côté,,,,,,,,,,,1,2,7,1,3
201500055293,0015-06-18 23:15:00,15,6,18,23,15,750,119,RUE CURIAL,,,Nuit avec éclairage allumé,En agglomération,Intersection en T,Normale,Deux véhicules - arrière,,,,,,,,,,,5,2,3,1,2
201500055294,0015-06-25 19:30:00,15,6,25,19,30,750,119,"18, RUE DE LA MARSEILLAI",,,Plein jour,En agglomération,Hors intersection,Normale,Deux véhicules - côté,,,,,,,,,,,1,2,1,1,3
201500055295,0015-06-26 22:45:00,15,6,26,22,45,750,119,"38, AVENUE MATHURIN MORE",,,Nuit avec éclairage allumé,En agglomération,Intersection en X,Normale,Autre collision,,,,,,,,,,,5,2,2,1,6
201500055296,0015-06-27 18:20:00,15,6,27,18,20,750,119,RUE DE BELLEVILLE,,,Plein jour,En agglomération,Hors intersection,Temps éblouissant,Autre collision,,,,,,,,,,,1,2,1,7,6
201500055297,0015-06-29 16:18:00,15,6,29,16,18,750,119,"18, RUE DE CRIMEE",,,Plein jour,En agglomération,Hors intersection,Normale,Deux véhicules - frontale,,,,,,,,,,,1,2,1,1,1
201500055298,0015-06-03 22:15:00,15,6,3,22,15,750,119,"209, AVENUE JEAN JAURES",,,Nuit avec éclairage allumé,En agglomération,Hors intersection,Normale,Autre collision,,,,,,,,,,,5,2,1,1,6
201500055299,0015-07-03 13:30:00,15,7,3,13,30,750,119,"., RUE DELESSEUX",,,Plein jour,En agglomération,Intersection en X,Normale,Autre collision,,,,,,,,,,,1,2,2,1,6
201500055300,0015-07-04 07:00:00,15,7,4,7,0,750,110,"19, BOULEVARD DE MAGENTA",,,Plein jour,En agglomération,Hors intersection,Normale,Autre collision,,,,,,,,,,,1,2,1,1,6
201500055301,0015-07-05 13:10:00,15,7,5,13,10,750,119,"3, RUE DE LORRAINE",,,Plein jour,En agglomération,Intersection en Y,Temps couvert,Deux véhicules - arrière,,,,,,,,,,,1,2,4,8,2
201500055302,0015-07-06 00:49:00,15,7,6,0,49,750,119,AVENUE DE LA PORTE DE LA,,,Nuit avec éclairage allumé,En agglomération,Intersection en X,Normale,Deux véhicules - côté,,,,,,,,,,,5,2,2,1,3
201500055303,0015-07-09 09:40:00,15,7,9,9,40,750,119,"20, BOULEVARD DE LA VILL",,,Plein jour,En agglomération,Hors intersection,Normale,Autre collision,,,,,,,,,,,1,2,1,1,6
201500055304,0015-07-10 02:10:00,15,7,10,2,10,750,119,BOULEVARD SERURIER,,,Nuit avec éclairage allumé,En agglomération,Intersection à plus de 4 branches,Normale,Deux véhicules - côté,,,,,,,,,,,5,2,5,1,3
201500055305,0015-07-10 18:55:00,15,7,10,18,55,750,119,"42, BOULEVARD SERURIER",,,Plein jour,En agglomération,Hors intersection,Temps éblouissant,Autre collision,,,,,,,,,,,1,2,1,7,6
201500055306,0015-07-10 19:25:00,15,7,10,19,25,750,119,"224, BOULEVARD DE LA VIL",,,Plein jour,En agglomération,Intersection en Y,Normale,Trois véhicules et plus - en chaîne,,,,,,,,,,,1,2,4,1,4
201500055307,0015-07-11 00:45:00,15,7,11,0,45,750,119,"64, RUE DE BELLEVILLE",,,Nuit avec éclairage allumé,En agglomération,Intersection en X,Normale,Autre collision,,,,,,,,,,,5,2,2,1,6
201500055308,0015-07-10 23:00:00,15,7,10,23,0,750,119,"214, AVENUE JEAN JAURES",,,Nuit avec éclairage allumé,En agglomération,Intersection en T,Normale,Deux véhicules - côté,,,,,,,,,,,5,2,3,1,3
201500055309,0015-07-11 14:40:00,15,7,11,14,40,750,119,"161, RUE MANIN",,,Plein jour,En agglomération,Intersection en X,Normale,Autre collision,,,,,,,,,,,1,2,2,1,6
201500055310,0015-07-13 11:40:00,15,7,13,11,40,750,119,"1, RUE BENJAMIN CONSTANT",,,Plein jour,En agglomération,Hors intersection,Normale,Deux véhicules - frontale,,,,,,,,,,,1,2,1,1,1
201500055311,0015-07-14 10:20:00,15,7,14,10,20,750,119,"150, BOULEVARD DE LA VIL",,,Plein jour,En agglomération,Hors intersection,Normale,Deux véhicules - côté,,,,,,,,,,,1,2,1,1,3
201500055312,0015-07-16 17:00:00,15,7,16,17,0,750,119,"13, AVENUE DE LA PORTE D",,,Plein jour,En agglomération,Place,Temps éblouissant,Deux véhicules - côté,,,,,,,,,,,1,2,7,7,3
201500055313,0015-07-16 13:50:00,15,7,16,13,50,750,119,"56, RUE D AUBERVILLIERS",,,Plein jour,En agglomération,Intersection en X,Normale,Deux véhicules - côté,,,,,,,,,,,1,2,2,1,3
201500055314,0015-07-18 11:55:00,15,7,18,11,55,750,119,AVENUE CORENTIN CARIOU,,,Plein jour,En agglomération,Intersection en T,Normale,Deux véhicules - arrière,,,,,,,,,,,1,2,3,1,2
201500055315,0015-07-19 04:05:00,15,7,19,4,5,750,119,"147, AVENUE JEAN JAURES",,,Nuit avec éclairage allumé,En agglomération,Hors intersection,Temps couvert,Autre collision,,,,,,,,,,,5,2,1,8,6
201500055316,0015-07-22 14:30:00,15,7,22,14,30,750,119,"13, RUE DAVID D ANGERS",,,Plein jour,En agglomération,Intersection en Y,Normale,Deux véhicules - arrière,,,,,,,,,,,1,2,4,1,2
201500055317,0015-07-23 16:00:00,15,7,23,16,0,750,111,"13, BOULEVARD VOLTAIRE",,,Plein jour,En agglomération,Hors intersection,Normale,Autre collision,,,,,,,,,,,1,2,1,1,6
201500055318,0015-07-25 08:10:00,15,7,25,8,10,750,119,"2, AVENUE DE LA PORTE DE",,,Plein jour,En agglomération,Hors intersection,Pluie légère,Trois véhicules et plus - en chaîne,,,,,,,,,,,1,2,1,2,4
201500055319,0015-07-25 12:55:00,15,7,25,12,55,750,119,"1, RUE DE BELLEVILLE",,,Plein jour,En agglomération,Intersection à plus de 4 branches,Normale,Deux véhicules - côté,,,,,,,,,,,1,2,5,1,3
201500055320,0015-07-28 12:45:00,15,7,28,12,45,750,119,"146, BOULEVARD DE LA VIL",,,Plein jour,En agglomération,Hors intersection,Normale,Autre collision,,,,,,,,,,,1,2,1,1,6
201500055321,0015-07-29 09:10:00,15,7,29,9,10,750,119,BOULEVARD PERIPHERIQUE E,,,Plein jour,En agglomération,Hors intersection,Normale,Deux véhicules - côté,,,,,,,,,,,1,2,1,1,3
201500055322,0015-07-29 20:30:00,15,7,29,20,30,750,119,"31, RUE RIQUET",,,Crépuscule ou aube,En agglomération,Hors intersection,Normale,Autre collision,,,,,,,,,,,2,2,1,1,6
201500055323,0015-08-02 18:05:00,15,8,2,18,5,750,119,"., BOULEVARD PERIPHERIQU",,,Plein jour,En agglomération,Hors intersection,Normale,Autre collision,,,,,,,,,,,1,2,1,1,6
201500055324,0015-08-03 17:30:00,15,8,3,17,30,750,119,"176, BOULEVARD DE LA VIL",,,Plein jour,En agglomération,Hors intersection,Normale,Trois véhicules et plus - en chaîne,,,,,,,,,,,1,2,1,1,4
201500055325,0015-08-08 03:45:00,15,8,8,3,45,750,119,PLACE AUGUSTE BARON,,,Nuit avec éclairage allumé,En agglomération,Place,Normale,Deux véhicules - côté,,,,,,,,,,,5,2,7,1,3
201500055326,0015-08-08 16:30:00,15,8,8,16,30,750,119,"220, BOULEVARD MACDONALD",,,Plein jour,En agglomération,Intersection en X,Normale,Deux véhicules - côté,,,,,,,,,,,1,2,2,1,3
201500055327,0015-08-08 17:40:00,15,8,8,17,40,750,119,"248, RUE DE CRIMEE",,,Plein jour,En agglomération,Hors intersection,Normale,Deux véhicules - côté,,,,,,,,,,,1,2,1,1,3
201500055328,0015-08-11 10:20:00,15,8,11,10,20,750,119,AVENUE DE LA PORTE DE LA,,,Plein jour,En agglomération,Place,Normale,Deux véhicules - arrière,,,,,,,,,,,1,2,7,1,2
201500055329,0015-08-11 15:50:00,15,8,11,15,50,750,119,"72, AVENUE DE FLANDRE",,,Plein jour,En agglomération,Hors intersection,Normale,Autre collision,,,,,,,,,,,1,2,1,1,6
201500055330,0015-08-28 20:00:00,15,8,28,20,0,750,119,RUE DES MARCHAIS,,,Plein jour,En agglomération,Intersection en T,Normale,Autre collision,,,,,,,,,,,1,2,3,1,6
201500055331,0015-08-31 00:48:00,15,8,31,0,48,750,119,"00, PLACE DE LA PORTE DE",,,Nuit avec éclairage allumé,En agglomération,Place,Normale,Deux véhicules - côté,,,,,,,,,,,5,2,7,1,3
201500055332,0015-08-31 21:50:00,15,8,31,21,50,750,119,AVENUE DE FLANDRE,,,Nuit avec éclairage allumé,En agglomération,Intersection en X,Normale,Trois véhicules et plus - en chaîne,,,,,,,,,,,5,2,2,1,4
201500055333,0015-09-04 09:55:00,15,9,4,9,55,750,119,"., BOULEVARD D INDOCHINE",,,Plein jour,En agglomération,Intersection en T,Normale,Deux véhicules - côté,,,,,,,,,,,1,2,3,1,3
201500055334,0015-09-04 12:35:00,15,9,4,12,35,750,119,"63, RUE MANIN",,,Plein jour,En agglomération,Intersection en T,Normale,Deux véhicules - arrière,,,,,,,,,,,1,2,3,1,2
201500055335,0015-09-05 01:50:00,15,9,5,1,50,750,110,BOULEVARD DE LA VILLETTE,,,Nuit avec éclairage allumé,En agglomération,Place,Normale,Autre collision,,,,,,,,,,,5,2,7,1,6
201500055336,0015-09-10 12:55:00,15,9,10,12,55,750,119,"42, RUE PETIT",,,Plein jour,En agglomération,Intersection en X,Normale,Deux véhicules - côté,,,,,,,,,,,1,2,2,1,3
201500055337,0015-09-10 19:24:00,15,9,10,19,24,750,119,"177, AVENUE JEAN JAURES",,,Crépuscule ou aube,En agglomération,Intersection en T,Normale,Deux véhicules - côté,,,,,,,,,,,2,2,3,1,3
201500055338,0015-09-11 09:30:00,15,9,11,9,30,750,119,"221, RUE DE BELLEVILLE",,,Plein jour,En agglomération,Intersection en T,Normale,Deux véhicules - côté,,,,,,,,,,,1,2,3,1,3
201500055339,0015-09-13 11:01:00,15,9,13,11,1,750,119,"17/19, RUE ALPHONSE KARR",,,Plein jour,En agglomération,Hors intersection,Pluie légère,Autre collision,,,,,,,,,,,1,2,1,2,6
201500055340,0015-09-16 00:50:00,15,9,16,0,50,750,119,"36, AVENUE SIMON BOLIVAR",,,Nuit avec éclairage allumé,En agglomération,Intersection en Y,Pluie forte,Autre collision,,,,,,,,,,,5,2,4,3,6
201500055341,0015-09-19 04:50:00,15,9,19,4,50,750,110,"149, BOULEVARD DE MAGENT",,,Nuit avec éclairage allumé,En agglomération,Hors intersection,Normale,Autre collision,,,,,,,,,,,5,2,1,1,6
201500055342,0015-09-19 10:00:00,15,9,19,10,0,750,119,"34, AVENUE DE LAUMIERE",,,Plein jour,En agglomération,Intersection en X,Normale,Autre collision,,,,,,,,,,,1,2,2,1,6
201500055343,0015-09-19 15:25:00,15,9,19,15,25,750,119,"29, AVENUE JEAN JAURES",,,Plein jour,En agglomération,Hors intersection,Normale,Autre collision,,,,,,,,,,,1,2,1,1,6
201500055344,0015-09-20 06:31:00,15,9,20,6,31,750,119,AVENUE DE FLANDRE,,,Nuit avec éclairage allumé,En agglomération,Intersection à plus de 4 branches,Normale,Deux véhicules - côté,,,,,,,,,,,5,2,5,1,3
201500055345,0015-09-20 20:50:00,15,9,20,20,50,750,119,"98, AVENUE JEAN JAURES",,,Nuit avec éclairage allumé,En agglomération,Hors intersection,Normale,Deux véhicules - côté,,,,,,,,,,,5,2,1,1,3
201500055346,0015-09-23 11:53:00,15,9,23,11,53,750,119,", RUE D AUBERVILLIERS",,,Plein jour,En agglomération,Intersection en T,Normale,Autre collision,,,,,,,,,,,1,2,3,1,6
201500055347,0015-09-25 12:45:00,15,9,25,12,45,750,119,"210, AVENUE JEAN JAURES",,,Plein jour,En agglomération,Intersection en T,Normale,Autre collision,,,,,,,,,,,1,2,3,1,6
201500055348,0015-09-25 21:25:00,15,9,25,21,25,750,119,"74, RUE BOTZARIS",,,Nuit avec éclairage allumé,En agglomération,Hors intersection,Normale,Autre collision,,,,,,,,,,,5,2,1,1,6
201500055349,0015-09-27 15:35:00,15,9,27,15,35,750,119,"89bis, RUE DE L OURCQ",,,Plein jour,En agglomération,Intersection en X,Normale,Autre collision,,,,,,,,,,,1,2,2,1,6
201500055350,0015-09-30 16:40:00,15,9,30,16,40,750,119,QUAI DE LA MARNE,,,Plein jour,En agglomération,Hors intersection,Normale,Autre collision,,,,,,,,,,,1,2,1,1,6
201500055351,0015-10-01 14:15:00,15,10,1,14,15,750,119,AVENUE SIMON BOLIVAR,,,Plein jour,En agglomération,Hors intersection,Normale,Autre collision,,,,,,,,,,,1,2,1,1,6
201500055352,0015-10-02 19:57:00,15,10,2,19,57,750,119,BOULEVARD PERIPHERIQUE I,,,Nuit avec éclairage allumé,En agglomération,Hors intersection,Normale,Sans collision,,,,,,,,,,,5,2,1,1,7
201500055353,0015-10-09 03:00:00,15,10,9,3,0,750,119,"1, RUE DE BELLEVILLE",,,Nuit avec éclairage allumé,En agglomération,Intersection à plus de 4 branches,Normale,Trois véhicules et plus - en chaîne,,,,,,,,,,,5,2,5,1,4
201500055354,0015-10-10 04:30:00,15,10,10,4,30,750,119,RUE MANIN,,,Nuit avec éclairage allumé,En agglomération,Intersection à plus de 4 branches,Normale,Autre collision,,,,,,,,,,,5,2,5,1,6
201500055355,0015-10-14 21:20:00,15,10,14,21,20,750,119,"136, AVENUE DE FLANDRE",,,Nuit avec éclairage allumé,En agglomération,Hors intersection,Pluie légère,Autre collision,,,,,,,,,,,5,2,1,2,6
201500055356,0015-10-18 04:15:00,15,10,18,4,15,750,119,"148, AVENUE JEAN JAURES",,,Nuit avec éclairage allumé,En agglomération,Hors intersection,Normale,Autre collision,,,,,,,,,,,5,2,1,1,6
201500055357,0015-10-19 09:05:00,15,10,19,9,5,750,119,"242, RUE DE CRIMEE",,,Plein jour,En agglomération,Hors intersection,Temps couvert,Sans collision,,,,,,,,,,,1,2,1,8,7
201500055358,0015-10-19 15:40:00,15,10,19,15,40,750,119,"79, AVENUE DE FLANDRE",,,Plein jour,En agglomération,Hors intersection,Normale,Deux véhicules - arrière,,,,,,,,,,,1,2,1,1,2
201500055359,0015-10-21 23:00:00,15,10,21,23,0,750,119,AVENUE DE LA PORTE D AUB,,,Nuit avec éclairage allumé,En agglomération,Hors intersection,Pluie légère,Deux véhicules - arrière,,,,,,,,,,,5,2,1,2,2
201500055360,0015-10-22 06:15:00,15,10,22,6,15,750,119,AVENUE CORENTIN CARIOU,,,Nuit avec éclairage allumé,En agglomération,Intersection en T,Pluie légère,Autre collision,,,,,,,,,,,5,2,3,2,6
201500055361,0015-10-22 15:40:00,15,10,22,15,40,750,119,"159, RUE MANIN",,,Plein jour,En agglomération,Hors intersection,Temps couvert,Deux véhicules - côté,,,,,,,,,,,1,2,1,8,3
201500055362,0015-10-22 19:00:00,15,10,22,19,0,750,119,"136, BOULEVARD MACDONALD",,,Nuit avec éclairage allumé,En agglomération,Intersection en T,Pluie légère,Sans collision,,,,,,,,,,,5,2,3,2,7
201500055363,0015-10-26 18:45:00,15,10,26,18,45,750,119,"59, AVENUE DE FLANDRE",,,Nuit avec éclairage allumé,En agglomération,Intersection en X,Normale,Autre collision,,,,,,,,,,,5,2,2,1,6
201500055364,0015-10-27 03:40:00,15,10,27,3,40,750,119,"23, RUE DU HAINAUT",,,Nuit avec éclairage allumé,En agglomération,Hors intersection,Normale,Autre collision,,,,,,,,,,,5,2,1,1,6
201500055365,0015-10-27 14:25:00,15,10,27,14,25,750,119,AVENUE JEAN JAURES,,,Plein jour,En agglomération,Hors intersection,Normale,Deux véhicules - côté,,,,,,,,,,,1,2,1,1,3
201500055366,0015-10-28 18:50:00,15,10,28,18,50,750,119,QUAI DE LA SEINE,,,Nuit avec éclairage allumé,En agglomération,Intersection en T,Temps couvert,Sans collision,,,,,,,,,,,5,2,3,8,7
201500055367,0015-10-29 00:05:00,15,10,29,0,5,750,119,"337, RUE DE BELLEVILLE",,,Nuit avec éclairage allumé,En agglomération,Intersection en Y,Normale,Deux véhicules - côté,,,,,,,,,,,5,2,4,1,3
201500055368,0015-11-02 12:00:00,15,11,2,12,0,750,119,PLACE AUGUSTE BARON,,,Plein jour,En agglomération,Place,Temps couvert,Trois véhicules et plus - collisions multiples,,,,,,,,,,,1,2,7,8,5
201500055369,0015-11-03 07:50:00,15,11,3,7,50,750,119,"214, AVENUE JEAN JAURES",,,Plein jour,En agglomération,Intersection en T,Normale,Trois véhicules et plus - collisions multiples,,,,,,,,,,,1,2,3,1,5
201500055370,0015-11-03 08:50:00,15,11,3,8,50,750,119,"36, RUE ALPHONSE KARR",,,Plein jour,En agglomération,Intersection en X,Pluie légère,Autre collision,,,,,,,,,,,1,2,2,2,6
201500055371,0015-11-05 12:45:00,15,11,5,12,45,750,119,"118, BOULEVARD DE LA VIL",,,Plein jour,En agglomération,Hors intersection,Normale,Autre collision,,,,,,,,,,,1,2,1,1,6
201500055372,0015-11-05 22:30:00,15,11,5,22,30,750,119,"125, BOULEVARD SERURIER",,,Nuit avec éclairage allumé,En agglomération,Intersection en X,Pluie légère,Deux véhicules - côté,,,,,,,,,,,5,2,2,2,3
201500055373,0015-11-06 16:30:00,15,11,6,16,30,750,120,"92, RUE DE BELLEVILLE",,,Plein jour,En agglomération,Intersection à plus de 4 branches,Pluie légère,Deux véhicules - côté,,,,,,,,,,,1,2,5,2,3
201500055374,0015-11-06 17:19:00,15,11,6,17,19,750,119,RUE DE CRIMEE,,,Nuit avec éclairage allumé,En agglomération,Intersection en T,Pluie légère,Sans collision,,,,,,,,,,,5,2,3,2,7
201500055375,0015-11-06 21:30:00,15,11,6,21,30,750,119,PLACE SKANDERBEG,,,Nuit avec éclairage allumé,En agglomération,Place,Normale,Deux véhicules - arrière,,,,,,,,,,,5,2,7,1,2
201500055376,0015-11-07 03:25:00,15,11,7,3,25,750,119,"70, AVENUE JEAN JAURES",,,Nuit avec éclairage allumé,En agglomération,Intersection en T,Normale,Trois véhicules et plus - collisions multiples,,,,,,,,,,,5,2,3,1,5
201500055377,0015-11-07 18:00:00,15,11,7,18,0,750,119,BOULEVARD DE LA VILLETTE,,,Nuit avec éclairage allumé,En agglomération,Intersection en T,Normale,Autre collision,,,,,,,,,,,5,2,3,1,6
201500055378,0015-11-07 23:44:00,15,11,7,23,44,750,119,"10, AVENUE CORENTIN CARI",,,Nuit avec éclairage allumé,En agglomération,Intersection en T,Normale,Autre collision,,,,,,,,,,,5,2,3,1,6
201500055379,0015-11-08 14:30:00,15,11,8,14,30,750,119,"10, BOULEVARD DE LA VILL",,,Plein jour,En agglomération,Intersection en T,Normale,Deux véhicules - côté,,,,,,,,,,,1,2,3,1,3
201500055380,0015-11-12 09:20:00,15,11,12,9,20,750,119,RUE DE COLMAR,,,Plein jour,En agglomération,Intersection en X,Normale,Autre collision,,,,,,,,,,,1,2,2,1,6
201500055381,0015-11-12 11:40:00,15,11,12,11,40,750,119,"120, AVENUE DE FLANDRE",,,Plein jour,En agglomération,Intersection en X,Temps couvert,Autre collision,,,,,,,,,,,1,2,2,8,6
201500055382,0015-11-17 10:20:00,15,11,17,10,20,750,119,"29, BOULEVARD D ALGERIE",,,Plein jour,En agglomération,Intersection en X,Pluie légère,Sans collision,,,,,,,,,,,1,2,2,2,7
201500055383,0015-11-17 16:40:00,15,11,17,16,40,750,119,"102, AVENUE SIMON BOLIVA",,,Crépuscule ou aube,En agglomération,Intersection en X,Pluie légère,Deux véhicules - arrière,,,,,,,,,,,2,2,2,2,2
201500055384,0015-11-23 08:50:00,15,11,23,8,50,750,119,"111-113, BOULEVARD MACDO",,,Plein jour,En agglomération,Hors intersection,Normale,Deux véhicules - arrière,,,,,,,,,,,1,2,1,1,2
201500055385,0015-11-23 11:30:00,15,11,23,11,30,750,119,BOULEVARD MACDONALD,,,Plein jour,En agglomération,Intersection en X,Normale,Deux véhicules - côté,,,,,,,,,,,1,2,2,1,3