accident_id,datetime,annee,mois,jour,heure,minute,departement,commune_insee,adresse,latitude,longitude,luminosite,agglomeration,intersection,meteo,collision,nb_vehicules,nb_usagers,nb_indemnes,nb_tues,nb_blesses_hosp,nb_blesses_legers,age_cond_1,age_cond_2,veh_type_cond_1,veh_type_cond_2,lum_code,agg_code,int_code,atm_code,col_code
201500055516,0015-05-09 02:15:00,15,5,9,2,15,750,120,"62, MARCHE BELGRAND",,,Nuit avec éclairage allumé,En agglomération,Hors intersection,Normale,Deux véhicules - arrière,,,,,,,,,,,5,2,1,1,2
201500055517,0015-05-09 17:45:00,15,5,9,17,45,750,120,"S-21086, RUE SORBIER",,,Plein jour,En agglomération,Intersection à plus de 4 branches,Normale,Autre collision,,,,,,,,,,,1,2,5,1,6
201500055518,0015-05-11 16:30:00,15,5,11,16,30,750,120,"25, BOULEVARD DAVOUT",,,Plein jour,En agglomération,Intersection en X,Normale,Deux véhicules - côté,,,,,,,,,,,1,2,2,1,3
201500055519,0015-05-12 16:15:00,15,5,12,16,15,750,120,"0, COURS DE VINCENNES",,,Plein jour,En agglomération,Intersection en T,Pluie forte,Deux véhicules - côté,,,,,,,,,,,1,2,3,3,3
201500055520,0015-05-14 20:45:00,15,5,14,20,45,750,120,"0, RUE DE BAGNOLET",,,Crépuscule ou aube,En agglomération,Hors intersection,Normale,Deux véhicules - frontale,,,,,,,,,,,2,2,1,1,1
201500055521,0015-05-15 10:15:00,15,5,15,10,15,750,120,"XX-2619, RUE DES PYRENEE",,,Plein jour,En agglomération,Intersection en T,Normale,Deux véhicules - côté,,,,,,,,,,,1,2,3,1,3
201500055522,0015-05-17 14:00:00,15,5,17,14,0,750,120,"66, BOULEVARD DE CHARONN",,,Plein jour,En agglomération,Hors intersection,Normale,Autre collision,,,,,,,,,,,1,2,1,1,6
201500055523,0015-05-18 11:25:00,15,5,18,11,25,750,120,AVENUE CARTELLIER,,,Plein jour,En agglomération,Intersection à plus de 4 branches,Normale,Deux véhicules - arrière,,,,,,,,,,,1,2,5,1,2
201500055524,0015-05-19 13:25:00,15,5,19,13,25,750,120,"33, RUE DE MENILMONTANT",,,Plein jour,En agglomération,Hors intersection,Normale,Autre collision,,,,,,,,,,,1,2,1,1,6
201500055525,0015-05-23 12:00:00,15,5,23,12,0,750,120,"S51493, AVENUE IBSEN",,,Plein jour,En agglomération,Intersection en X,Normale,Deux véhicules - arrière,,,,,,,,,,,1,2,2,1,2
201500055526,0015-05-26 10:10:00,15,5,26,10,10,750,120,AVENUE DE LA PORTE DE MO,,,Plein jour,En agglomération,Intersection en T,Normale,Deux véhicules - côté,,,,,,,,,,,1,2,3,1,3
201500055527,0015-05-28 19:55:00,15,5,28,19,55,750,120,"0, RUE DES DOCTEURS DEJE",,,Plein jour,En agglomération,Intersection en X,Normale,Autre collision,,,,,,,,,,,1,2,2,1,6
201500055528,0015-05-29 02:15:00,15,5,29,2,15,750,120,"0, AVENUE GAMBETTA",,,Nuit avec éclairage allumé,En agglomération,Intersection en X,Normale,Deux véhicules - côté,,,,,,,,,,,5,2,2,1,3
201500055529,0015-05-29 08:10:00,15,5,29,8,10,750,120,"0, AVENUE IBSEN",,,Plein jour,En agglomération,Intersection en Y,Pluie légère,Deux véhicules - côté,,,,,,,,,,,1,2,4,2,3
201500055530,0015-05-31 02:00:00,15,5,31,2,0,750,120,"134, RUE DE BELLEVILLE",,,Nuit avec éclairage allumé,En agglomération,Intersection en X,Normale,Deux véhicules - frontale,,,,,,,,,,,5,2,2,1,1
201500055531,0015-06-01 00:50:00,15,6,1,0,50,750,120,"angle, RUE DES PYRENEES",,,Nuit sans éclairage public,En agglomération,Intersection en X,Pluie légère,Sans collision,,,,,,,,,,,3,2,2,2,7
201500055532,0015-05-31 02:35:00,15,5,31,2,35,750,120,"6, RUE DES PARTANTS",,,Nuit avec éclairage allumé,En agglomération,Hors intersection,Normale,Autre collision,,,,,,,,,,,5,2,1,1,6
201500055533,0015-06-02 15:40:00,15,6,2,15,40,750,120,"23, RUE HOUDART",,,Plein jour,En agglomération,Intersection en T,Normale,Autre collision,,,,,,,,,,,1,2,3,1,6
201500055534,0015-06-03 20:20:00,15,6,3,20,20,750,120,"02, RUE DES PYRENEES",,,Plein jour,En agglomération,Intersection en X,Normale,Autre collision,,,,,,,,,,,1,2,2,1,6
201500055535,0015-07-08 19:30:00,15,7,8,19,30,750,120,"S-51484, AVENUE IBSEN",,,Plein jour,En agglomération,Intersection en Y,Normale,Deux véhicules - arrière,,,,,,,,,,,1,2,4,1,2
201500055536,0015-06-04 16:50:00,15,6,4,16,50,750,120,"16, RUE DE FONTARABIE",,,Plein jour,En agglomération,Hors intersection,Normale,Autre collision,,,,,,,,,,,1,2,1,1,6
201500055537,0015-06-05 08:40:00,15,6,5,8,40,750,120,"31bis, AVENUE GAMBETTA",,,Plein jour,En agglomération,Hors intersection,Normale,Autre collision,,,,,,,,,,,1,2,1,1,6
201500055538,0015-06-05 15:55:00,15,6,5,15,55,750,120,"74, RUE BELGRAND",,,Plein jour,En agglomération,Hors intersection,Normale,Autre collision,,,,,,,,,,,1,2,1,1,6
201500055539,0015-06-09 17:05:00,15,6,9,17,5,750,120,"75, RUE DE MENILMONTANT",,,Plein jour,En agglomération,Hors intersection,Normale,Autre collision,,,,,,,,,,,1,2,1,1,6
201500055540,0015-06-09 18:35:00,15,6,9,18,35,750,120,"57, RUE SAINT BLAISE",,,Plein jour,En agglomération,Hors intersection,Normale,Autre collision,,,,,,,,,,,1,2,1,1,6
201500055541,0015-06-10 21:30:00,15,6,10,21,30,750,120,BOULEVARD PERIPHERIQUE E,,,Plein jour,En agglomération,Hors intersection,Normale,Trois véhicules et plus - collisions multiples,,,,,,,,,,,1,2,1,1,5
201500055542,0015-06-11 07:30:00,15,6,11,7,30,750,120,"36, BOULEVARD DAVOUT",,,Plein jour,En agglomération,Hors intersection,Normale,Deux véhicules - arrière,,,,,,,,,,,1,2,1,1,2
201500055543,0015-06-11 23:25:00,15,6,11,23,25,750,120,"208, RUE DE BELLEVILLE",,,Nuit avec éclairage allumé,En agglomération,Intersection en X,Normale,Autre collision,,,,,,,,,,,5,2,2,1,6
201500055544,0015-06-11 12:50:00,15,6,11,12,50,750,120,"06, AVENUE DU PROFESSEUR",,,Plein jour,En agglomération,Hors intersection,Normale,Deux véhicules - arrière,,,,,,,,,,,1,2,1,1,2
201500055545,0015-06-12 10:55:00,15,6,12,10,55,750,120,"8, RUE BELGRAND",,,Plein jour,En agglomération,Intersection en T,Normale,Deux véhicules - côté,,,,,,,,,,,1,2,3,1,3
201500055546,0015-06-15 21:05:00,15,6,15,21,5,750,120,"154, BOULEVARD DAVOUT",,,Plein jour,En agglomération,Hors intersection,Normale,Deux véhicules - côté,,,,,,,,,,,1,2,1,1,3
201500055547,0015-06-16 10:45:00,15,6,16,10,45,750,120,"102, RUE DES ORTEAUX",,,Plein jour,En agglomération,Hors intersection,Normale,Deux véhicules - côté,,,,,,,,,,,1,2,1,1,3
201500055548,0015-06-17 15:00:00,15,6,17,15,0,750,120,"145, AVENUE GAMBETTA",,,Plein jour,En agglomération,Hors intersection,Normale,Autre collision,,,,,,,,,,,1,2,1,1,6
201500055549,0015-06-17 15:20:00,15,6,17,15,20,750,120,"132, BOULEVARD DE CHARON",,,Plein jour,En agglomération,Hors intersection,Normale,Trois véhicules et plus - en chaîne,,,,,,,,,,,1,2,1,1,4
201500055550,0015-06-18 17:50:00,15,6,18,17,50,750,120,"80, BOULEVARD DE CHARONN",,,Plein jour,En agglomération,Intersection en T,Normale,Deux véhicules - côté,,,,,,,,,,,1,2,3,1,3
201500055551,0015-06-19 01:00:00,15,6,19,1,0,750,120,"137, RUE DE BAGNOLET",,,Nuit avec éclairage allumé,En agglomération,Intersection en X,Normale,Deux véhicules - côté,,,,,,,,,,,5,2,2,1,3
201500055552,0015-06-20 16:25:00,15,6,20,16,25,750,120,"0, RUE BELGRAND",,,Plein jour,En agglomération,Hors intersection,Normale,Autre collision,,,,,,,,,,,1,2,1,1,6
201500055553,0015-06-23 09:00:00,15,6,23,9,0,750,120,BOULEVARD DE BELLEVILLE,,,Plein jour,En agglomération,Hors intersection,Normale,Deux véhicules - côté,,,,,,,,,,,1,2,1,1,3
201500055554,0015-06-25 08:20:00,15,6,25,8,20,750,120,RUE DES PYRENEES,,,Plein jour,En agglomération,Intersection en X,Normale,Deux véhicules - frontale,,,,,,,,,,,1,2,2,1,1
201500055555,0015-06-25 22:10:00,15,6,25,22,10,750,119,"73, RUE DE BELLEVILLE",,,Nuit avec éclairage allumé,En agglomération,Hors intersection,Normale,Autre collision,,,,,,,,,,,5,2,1,1,6
201500055556,0015-06-29 15:00:00,15,6,29,15,0,750,120,"55, RUE DES PYRENEES",,,Plein jour,En agglomération,Hors intersection,Normale,Deux véhicules - arrière,,,,,,,,,,,1,2,1,1,2
201500055557,0015-06-29 17:00:00,15,6,29,17,0,750,120,ECHANGEUR MONTREUIL,,,Plein jour,En agglomération,Hors intersection,Normale,Deux véhicules - côté,,,,,,,,,,,1,2,1,1,3
201500055558,0015-06-29 19:30:00,15,6,29,19,30,750,119,"71, RUE DE BELLEVILLE",,,Plein jour,En agglomération,Hors intersection,Normale,Autre collision,,,,,,,,,,,1,2,1,1,6
201500055559,0015-06-30 20:45:00,15,6,30,20,45,750,120,"25, RUE HENRI CHEVREAU",,,Crépuscule ou aube,En agglomération,Hors intersection,Normale,Deux véhicules - arrière,,,,,,,,,,,2,2,1,1,2
201500055560,0015-07-01 08:50:00,15,7,1,8,50,750,120,"17, RUE BELGRAND",,,Plein jour,En agglomération,Intersection en X,Normale,Deux véhicules - côté,,,,,,,,,,,1,2,2,1,3
201500055561,0015-07-04 00:01:00,15,7,4,0,1,750,119,"23, AVENUE DE FLANDRE",,,Nuit avec éclairage allumé,En agglomération,Intersection en X,Normale,Autre collision,,,,,,,,,,,5,2,2,1,6
201500055562,0015-07-04 14:10:00,15,7,4,14,10,750,120,AVENUE IBSEN,,,Plein jour,En agglomération,Intersection en X,Normale,Deux véhicules - côté,,,,,,,,,,,1,2,2,1,3
201500055563,0015-07-04 21:15:00,15,7,4,21,15,750,120,"41, BOULEVARD DAVOUT",,,Crépuscule ou aube,En agglomération,Hors intersection,Normale,Deux véhicules - arrière,,,,,,,,,,,2,2,1,1,2
201500055564,0015-07-05 21:00:00,15,7,5,21,0,750,120,AVENUE GAMBETTA,,,Crépuscule ou aube,En agglomération,Place,Pluie forte,Deux véhicules - côté,,,,,,,,,,,2,2,7,3,3
201500055565,0015-07-07 21:30:00,15,7,7,21,30,750,120,"135, RUE DE MENILMONTANT",,,Crépuscule ou aube,En agglomération,Intersection en X,Temps couvert,Deux véhicules - côté,,,,,,,,,,,2,2,2,8,3
201500055566,0015-07-08 08:25:00,15,7,8,8,25,750,120,"17, RUE MENDELSSOHN",,,Plein jour,En agglomération,Intersection en T,Normale,Deux véhicules - côté,,,,,,,,,,,1,2,3,1,3
201500055567,0015-07-08 13:50:00,15,7,8,13,50,750,120,"1, RUE D AVRON",,,Plein jour,En agglomération,Intersection à plus de 4 branches,Normale,Trois véhicules et plus - en chaîne,,,,,,,,,,,1,2,5,1,4
201500055568,0015-07-09 00:01:00,15,7,9,0,1,750,120,"67, BOULEVARD DAVOUT",,,Nuit avec éclairage allumé,En agglomération,Intersection en X,Normale,Autre collision,,,,,,,,,,,5,2,2,1,6
201500055569,0015-07-09 16:15:00,15,7,9,16,15,750,120,"58, BOULEVARD MORTIER",,,Plein jour,En agglomération,Intersection en X,Normale,Deux véhicules - côté,,,,,,,,,,,1,2,2,1,3
201500055570,0015-07-11 16:00:00,15,7,11,16,0,750,120,BOULEVARD DAVOUT,,,Plein jour,En agglomération,Intersection en X,Normale,Trois véhicules et plus - collisions multiples,,,,,,,,,,,1,2,2,1,5
201500055571,0015-07-14 01:10:00,15,7,14,1,10,750,120,"155, RUE DES PYRENEES",,,Nuit avec éclairage allumé,En agglomération,Intersection en X,Normale,Deux véhicules - côté,,,,,,,,,,,5,2,2,1,3
201500055572,0015-07-15 11:25:00,15,7,15,11,25,750,120,BOULEVARD MORTIER,,,Plein jour,En agglomération,Intersection à plus de 4 branches,Normale,Deux véhicules - côté,,,,,,,,,,,1,2,5,1,3
201500055573,0015-07-17 15:30:00,15,7,17,15,30,750,120,"4, RUE PIXERECOURT",,,Plein jour,En agglomération,Intersection en X,Normale,Autre collision,,,,,,,,,,,1,2,2,1,6
201500055574,0015-07-22 19:55:00,15,7,22,19,55,750,120,"12, BOULEVARD DE CHARONN",,,Plein jour,En agglomération,Intersection en X,Normale,Autre collision,,,,,,,,,,,1,2,2,1,6
201500055575,0015-07-27 10:04:00,15,7,27,10,4,750,120,"24, RUE PELLEPORT",,,Plein jour,En agglomération,Intersection en T,Pluie légère,Deux véhicules - côté,,,,,,,,,,,1,2,3,2,3
201500055576,0015-07-27 21:30:00,15,7,27,21,30,750,120,"2, RUE DES PARTANTS",,,Crépuscule ou aube,En agglomération,Hors intersection,Normale,Deux véhicules - frontale,,,,,,,,,,,2,2,1,1,1
201500055577,0015-07-29 18:35:00,15,7,29,18,35,750,120,"4, RUE PAUL JEAN TOULET",,,Plein jour,En agglomération,Hors intersection,Normale,Autre collision,,,,,,,,,,,1,2,1,1,6
201500055578,0015-07-31 13:00:00,15,7,31,13,0,750,120,"58, RUE D AVRON",,,Plein jour,En agglomération,Hors intersection,Normale,Deux véhicules - côté,,,,,,,,,,,1,2,1,1,3
201500055579,0015-08-01 16:30:00,15,8,1,16,30,750,120,"145, BOULEVARD DAVOUT",,,Plein jour,En agglomération,Hors intersection,Normale,Autre collision,,,,,,,,,,,1,2,1,1,6
201500055580,0015-08-02 19:30:00,15,8,2,19,30,750,120,"/, AVENUE DE LA PORTE DE",,,Plein jour,En agglomération,Intersection en X,Normale,Deux véhicules - côté,,,,,,,,,,,1,2,2,1,3
201500055581,0015-08-06 15:20:00,15,8,6,15,20,750,120,RUE DU CAPITAINE FERBER,,,Plein jour,En agglomération,Intersection en X,Normale,Deux véhicules - côté,,,,,,,,,,,1,2,2,1,3
201500055582,0015-08-06 19:15:00,15,8,6,19,15,750,120,"178, BOULEVARD DE CHARON",,,Plein jour,En agglomération,Hors intersection,Normale,Autre collision,,,,,,,,,,,1,2,1,1,6
201500055583,0015-08-07 16:35:00,15,8,7,16,35,750,120,"75, RUE PIXERECOURT",,,Plein jour,En agglomération,Hors intersection,Pluie forte,Deux véhicules - arrière,,,,,,,,,,,1,2,1,3,2
201500055584,0015-08-08 11:40:00,15,8,8,11,40,750,120,"67, BOULEVARD DAVOUT",,,Plein jour,En agglomération,Intersection en X,Normale,Autre collision,,,,,,,,,,,1,2,2,1,6
201500055585,0015-08-12 09:15:00,15,8,12,9,15,750,120,"2, RUE BELGRAND",,,Plein jour,En agglomération,Place,Normale,Autre collision,,,,,,,,,,,1,2,7,1,6
201500055586,0015-08-20 17:50:00,15,8,20,17,50,750,120,BOULEVARD DE MENILMONTAN,,,Plein jour,En agglomération,Hors intersection,Normale,Autre collision,,,,,,,,,,,1,2,1,1,6
201500055587,0015-08-21 01:53:00,15,8,21,1,53,750,120,"383, RUE DES PYRENEES",,,Nuit avec éclairage allumé,En agglomération,Intersection en X,Normale,Deux véhicules - arrière,,,,,,,,,,,5,2,2,1,2
201500055588,0015-08-23 06:30:00,15,8,23,6,30,750,112,"152, BOULEVARD DIDEROT",,,Plein jour,En agglomération,Intersection en T,Normale,Deux véhicules - arrière,,,,,,,,,,,1,2,3,1,2
201500055589,0015-08-23 12:50:00,15,8,23,12,50,750,120,"7, RUE DU JOURDAIN",,,Plein jour,En agglomération,Intersection en X,Pluie légère,Autre collision,,,,,,,,,,,1,2,2,2,6
201500055590,0015-08-24 12:20:00,15,8,24,12,20,750,120,RUE D AVRON,,,Plein jour,En agglomération,Intersection en X,Pluie légère,Autre collision,,,,,,,,,,,1,2,2,2,6
201500055591,0015-08-25 20:45:00,15,8,25,20,45,750,120,"126, RUE D AVRON",,,Nuit avec éclairage allumé,En agglomération,Hors intersection,Pluie légère,Autre collision,,,,,,,,,,,5,2,1,2,6
201500055592,0015-08-27 10:20:00,15,8,27,10,20,750,120,RUE DE BUZENVAL,,,Plein jour,En agglomération,Intersection en X,Pluie forte,Autre collision,,,,,,,,,,,1,2,2,3,6
201500055593,0015-08-27 13:50:00,15,8,27,13,50,750,120,"92, RUE DE BELLEVILLE",,,Plein jour,En agglomération,Intersection à plus de 4 branches,Pluie légère,Autre collision,,,,,,,,,,,1,2,5,2,6
201500055594,0015-08-29 22:00:00,15,8,29,22,0,750,120,"25, RUE DES PYRENEES",,,Nuit avec éclairage allumé,En agglomération,Intersection en T,Normale,Deux véhicules - arrière,,,,,,,,,,,5,2,3,1,2
201500055595,0015-09-01 05:30:00,15,9,1,5,30,750,120,BOULEVARD PERIPHERIQUE,,,Nuit avec éclairage allumé,En agglomération,Hors intersection,Pluie légère,Deux véhicules - arrière,,,,,,,,,,,5,2,1,2,2
201500055596,0015-09-04 15:00:00,15,9,4,15,0,750,120,"2, RUE ORFILA",,,Plein jour,En agglomération,Hors intersection,Normale,Deux véhicules - arrière,,,,,,,,,,,1,2,1,1,2
201500055597,0015-09-05 19:10:00,15,9,5,19,10,750,120,"95, RUE DE MENILMONTANT",,,Plein jour,En agglomération,Hors intersection,Normale,Autre collision,,,,,,,,,,,1,2,1,1,6
201500055598,0015-09-07 10:45:00,15,9,7,10,45,750,120,"27, RUE DE LA CHINE",,,Plein jour,En agglomération,Hors intersection,Normale,Sans collision,,,,,,,,,,,1,2,1,1,7
201500055599,0015-09-04 12:15:00,15,9,4,12,15,750,120,"6, RUE ETIENNE DOLET",,,Plein jour,En agglomération,Hors intersection,Normale,Autre collision,,,,,,,,,,,1,2,1,1,6
201500055600,0015-09-09 07:10:00,15,9,9,7,10,750,120,"8 BIS, RUE BELGRAND",,,Plein jour,En agglomération,Intersection en Y,Normale,Autre collision,,,,,,,,,,,1,2,4,1,6
201500055601,0015-09-09 09:15:00,15,9,9,9,15,750,120,AVENUE CARTELLIER,,,Plein jour,En agglomération,Intersection en X,Normale,Deux véhicules - arrière,,,,,,,,,,,1,2,2,1,2
201500055602,0015-09-09 21:45:00,15,9,9,21,45,750,120,"227, BOULEVARD DAVOUT",,,Nuit avec éclairage allumé,En agglomération,Hors intersection,Normale,Deux véhicules - arrière,,,,,,,,,,,5,2,1,1,2
201500055603,0015-09-10 12:40:00,15,9,10,12,40,750,120,"02, VILLA DES PYRENEES",,,Plein jour,En agglomération,Intersection en T,Normale,Autre collision,,,,,,,,,,,1,2,3,1,6
201500055604,0015-09-12 01:23:00,15,9,12,1,23,750,120,"145, RUE D AVRON",,,Nuit avec éclairage allumé,En agglomération,Intersection en X,Normale,Autre collision,,,,,,,,,,,5,2,2,1,6
201500055605,0015-09-14 16:00:00,15,9,14,16,0,750,120,"1, AVENUE DU DOCTEUR GLE",,,Plein jour,En agglomération,Hors intersection,Normale,Deux véhicules - arrière,,,,,,,,,,,1,2,1,1,2
201500055606,0015-09-16 17:30:00,15,9,16,17,30,750,120,"7, PLACE GAMBETTA",,,Plein jour,En agglomération,Hors intersection,Pluie légère,Deux véhicules - côté,,,,,,,,,,,1,2,1,2,3
201500055607,0015-09-17 03:10:00,15,9,17,3,10,750,119,"64, AVENUE JEAN JAURES",,,Nuit avec éclairage allumé,En agglomération,Hors intersection,Normale,Deux véhicules - frontale,,,,,,,,,,,5,2,1,1,1
201500055608,0015-09-17 08:20:00,15,9,17,8,20,750,120,"69, RUE DES PYRENEES",,,Plein jour,En agglomération,Hors intersection,Normale,Autre collision,,,,,,,,,,,1,2,1,1,6
201500055609,0015-09-12 23:50:00,15,9,12,23,50,750,120,"144, RUE D AVRON",,,Nuit avec éclairage allumé,En agglomération,Hors intersection,Normale,Autre collision,,,,,,,,,,,5,2,1,1,6
201500055610,0015-09-18 11:08:00,15,9,18,11,8,750,120,"38, AVENUE GAMBETTA",,,Plein jour,En agglomération,Intersection en X,Normale,Autre collision,,,,,,,,,,,1,2,2,1,6
201500055611,0015-09-18 14:35:00,15,9,18,14,35,750,120,"224, RUE DES PYRENEES",,,Plein jour,En agglomération,Intersection en X,Normale,Deux véhicules - côté,,,,,,,,,,,1,2,2,1,3
201500055612,0015-09-18 20:20:00,15,9,18,20,20,750,120,"46, BOULEVARD DE MENILMO",,,Nuit avec éclairage allumé,En agglomération,Hors intersection,Pluie légère,Autre collision,,,,,,,,,,,5,2,1,2,6
201500055613,0015-09-18 22:40:00,15,9,18,22,40,750,120,"90, RUE PELLEPORT",,,Nuit avec éclairage allumé,En agglomération,Place,Pluie légère,Autre collision,,,,,,,,,,,5,2,7,2,6
201500055614,0015-09-21 11:15:00,15,9,21,11,15,750,120,"8, RUE BELGRAND",,,Plein jour,En agglomération,Intersection en T,Normale,Deux véhicules - côté,,,,,,,,,,,1,2,3,1,3
201500055615,0015-09-21 16:00:00,15,9,21,16,0,750,120,"348, RUE DES PYRENEES",,,Plein jour,En agglomération,Intersection en X,Normale,Autre collision,,,,,,,,,,,1,2,2,1,6
201500055616,0015-09-22 14:55:00,15,9,22,14,55,750,120,"8, AVENUE DE LA PORTE DE",,,Plein jour,En agglomération,Hors intersection,Pluie légère,Trois véhicules et plus - en chaîne,,,,,,,,,,,1,2,1,2,4
201500055617,0015-09-23 07:25:00,15,9,23,7,25,750,120,PLACE DU MAQUIS DU VERCO,,,Crépuscule ou aube,En agglomération,Place,Normale,Autre collision,,,,,,,,,,,2,2,7,1,6
201500055618,0015-09-23 14:45:00,15,9,23,14,45,750,120,"127, RUE D AVRON",,,Plein jour,En agglomération,Hors intersection,Normale,Deux véhicules - côté,,,,,,,,,,,1,2,1,1,3
201500055619,0015-09-24 23:05:00,15,9,24,23,5,750,120,"241, RUE DES PYRENEES",,,Nuit avec éclairage allumé,En agglomération,Place,Pluie légère,Autre collision,,,,,,,,,,,5,2,7,2,6
201500055620,0015-09-25 15:50:00,15,9,25,15,50,750,120,"128, RUE DE BAGNOLET",,,Plein jour,En agglomération,Hors intersection,Normale,Sans collision,,,,,,,,,,,1,2,1,1,7
201500055621,0015-09-26 08:30:00,15,9,26,8,30,750,120,BOULEVARD MORTIER,,,Plein jour,En agglomération,Intersection en X,Normale,Deux véhicules - côté,,,,,,,,,,,1,2,2,1,3
201500055622,0015-09-27 02:00:00,15,9,27,2,0,750,120,"42, RUE VITRUVE",,,Nuit avec éclairage allumé,En agglomération,Intersection en X,Normale,Deux véhicules - côté,,,,,,,,,,,5,2,2,1,3
201500055623,0015-09-28 17:15:00,15,9,28,17,15,750,120,"331, RUE DES PYRENEES",,,Plein jour,En agglomération,Intersection en Y,Normale,Deux véhicules - arrière,,,,,,,,,,,1,2,4,1,2
201500055624,0015-09-29 21:00:00,15,9,29,21,0,750,120,BOULEVARD PERIPHERIQUE I,,,Nuit avec éclairage allumé,En agglomération,Intersection en Y,Normale,Deux véhicules - arrière,,,,,,,,,,,5,2,4,1,2
201500055625,0015-09-30 15:40:00,15,9,30,15,40,750,120,"9, PLACE GAMBETTA",,,Plein jour,En agglomération,Place,Normale,Trois véhicules et plus - en chaîne,,,,,,,,,,,1,2,7,1,4
201500055626,0015-10-02 17:45:00,15,10,2,17,45,750,120,BOULEVARD PERIPHERIQUE I,,,Plein jour,En agglomération,Hors intersection,Normale,Trois véhicules et plus - en chaîne,,,,,,,,,,,1,2,1,1,4
201500055627,0015-10-06 13:00:00,15,10,6,13,0,750,120,"42, RUE BELGRAND",,,Plein jour,En agglomération,Giratoire,Pluie légère,Autre collision,,,,,,,,,,,1,2,6,2,6
201500055628,0015-10-06 17:25:00,15,10,6,17,25,750,120,"30, RUE BELGRAND",,,Plein jour,En agglomération,Intersection en X,Pluie légère,Autre collision,,,,,,,,,,,1,2,2,2,6
201500055629,0015-10-06 14:45:00,15,10,6,14,45,750,120,"1, PLACE AUGUSTE METIVIE",,,Plein jour,En agglomération,Place,Pluie légère,Sans collision,,,,,,,,,,,1,2,7,2,7
201500055630,0015-10-08 18:17:00,15,10,8,18,17,750,120,PLACE DE LA PORTE DE MON,,,Plein jour,En agglomération,Intersection en Y,Normale,Deux véhicules - arrière,,,,,,,,,,,1,2,4,1,2
201500055631,0015-10-08 20:15:00,15,10,8,20,15,750,120,"80, RUE DE BAGNOLET",,,Nuit avec éclairage allumé,En agglomération,Intersection en T,Normale,Autre collision,,,,,,,,,,,5,2,3,1,6
201500055632,0015-10-09 07:45:00,15,10,9,7,45,750,120,"95, AVENUE GAMBETTA",,,Plein jour,En agglomération,Intersection en X,Normale,Autre collision,,,,,,,,,,,1,2,2,1,6
201500055633,0015-10-09 18:00:00,15,10,9,18,0,750,120,"180, RUE DES PYRENEES",,,Plein jour,En agglomération,Hors intersection,Normale,Deux véhicules - côté,,,,,,,,,,,1,2,1,1,3
201500055634,0015-10-09 18:05:00,15,10,9,18,5,750,120,"48, RUE DE LAGNY",,,Plein jour,En agglomération,Intersection en T,Normale,Autre collision,,,,,,,,,,,1,2,3,1,6
201500055635,0015-10-10 07:08:00,15,10,10,7,8,750,120,"119, BOULEVARD MORTIER",,,Crépuscule ou aube,En agglomération,Hors intersection,Normale,Autre collision,,,,,,,,,,,2,2,1,1,6
201500055636,0015-10-10 22:30:00,15,10,10,22,30,750,120,"163, RUE DES PYRENEES",,,Nuit avec éclairage allumé,En agglomération,Hors intersection,Normale,Deux véhicules - arrière,,,,,,,,,,,5,2,1,1,2
201500055637,0015-10-13 19:05:00,15,10,13,19,5,750,120,"126, RUE DE MENILMONTANT",,,Nuit avec éclairage allumé,En agglomération,Intersection en X,Normale,Deux véhicules - côté,,,,,,,,,,,5,2,2,1,3
201500055638,0015-10-15 10:50:00,15,10,15,10,50,750,120,"117, RUE DES PYRENEES",,,Plein jour,En agglomération,Hors intersection,Temps couvert,Autre collision,,,,,,,,,,,1,2,1,8,6
201500055639,0015-10-15 19:20:00,15,10,15,19,20,750,120,"182, RUE DES PYRENEES",,,Nuit avec éclairage allumé,En agglomération,Hors intersection,Pluie légère,Deux véhicules - côté,,,,,,,,,,,5,2,1,2,3
201500055640,0015-10-15 16:00:00,15,10,15,16,0,750,120,"43, RUE BELGRAND",,,Plein jour,En agglomération,Intersection en X,Normale,Deux véhicules - côté,,,,,,,,,,,1,2,2,1,3
201500055641,0015-10-19 08:00:00,15,10,19,8,0,750,120,"365, RUE DES PYRENEES",,,Plein jour,En agglomération,Hors intersection,Normale,Autre collision,,,,,,,,,,,1,2,1,1,6
201500055642,0015-10-22 07:20:00,15,10,22,7,20,750,120,"337, RUE DES PYRENEES",,,Crépuscule ou aube,En agglomération,Hors intersection,Pluie légère,Deux véhicules - arrière,,,,,,,,,,,2,2,1,2,2
201500055643,0015-10-23 23:35:00,15,10,23,23,35,750,111,"40, BOULEVARD VOLTAIRE",,,Nuit avec éclairage allumé,En agglomération,Intersection en X,Normale,Deux véhicules - arrière,,,,,,,,,,,5,2,2,1,2
201500055644,0015-10-24 06:10:00,15,10,24,6,10,750,120,"369, RUE DES PYRENEES",,,Nuit avec éclairage allumé,En agglomération,Hors intersection,Normale,Autre collision,,,,,,,,,,,5,2,1,1,6
201500055645,0015-10-25 04:30:00,15,10,25,4,30,750,111,"1, BOULEVARD RICHARD LEN",,,Nuit avec éclairage allumé,En agglomération,Hors intersection,Normale,Autre collision,,,,,,,,,,,5,2,1,1,6
201500055646,0015-10-26 20:45:00,15,10,26,20,45,750,120,AVENUE CARTELLIER,,,Nuit avec éclairage allumé,En agglomération,Intersection en Y,Normale,Deux véhicules - côté,,,,,,,,,,,5,2,4,1,3
201500055647,0015-10-27 16:30:00,15,10,27,16,30,750,120,"118, RUE DE BAGNOLET",,,Plein jour,En agglomération,Intersection en T,Normale,Autre collision,,,,,,,,,,,1,2,3,1,6