accident_id,datetime,annee,mois,jour,heure,minute,departement,commune_insee,adresse,latitude,longitude,luminosite,agglomeration,intersection,meteo,collision,nb_vehicules,nb_usagers,nb_indemnes,nb_tues,nb_blesses_hosp,nb_blesses_legers,age_cond_1,age_cond_2,veh_type_cond_1,veh_type_cond_2,lum_code,agg_code,int_code,atm_code,col_code
201500055648,0015-10-29 01:20:00,15,10,29,1,20,750,120,RUE DE BELLEVILLE,,,Nuit avec éclairage allumé,En agglomération,Intersection à plus de 4 branches,Normale,Autre collision,,,,,,,,,,,5,2,5,1,6
201500055649,0015-10-30 17:20:00,15,10,30,17,20,750,120,"108, RUE DES PYRENEES",,,Plein jour,En agglomération,Intersection à plus de 4 branches,Normale,Autre collision,,,,,,,,,,,1,2,5,1,6
201500055650,0015-10-30 20:15:00,15,10,30,20,15,750,120,"14, BOULEVARD DE MENILMO",,,Nuit avec éclairage allumé,En agglomération,Hors intersection,Normale,Autre collision,,,,,,,,,,,5,2,1,1,6
201500055651,0015-10-31 00:25:00,15,10,31,0,25,750,120,"10, RUE LEON FRAPIE",,,Nuit avec éclairage allumé,En agglomération,Intersection en T,Normale,Deux véhicules - côté,,,,,,,,,,,5,2,3,1,3
201500055652,0015-10-31 07:20:00,15,10,31,7,20,750,120,"43, RUE BELGRAND",,,Crépuscule ou aube,En agglomération,Intersection en X,Normale,Deux véhicules - côté,,,,,,,,,,,2,2,2,1,3
201500055653,0015-11-04 07:45:00,15,11,4,7,45,750,120,"1, RUE DE MENILMONTANT",,,Crépuscule ou aube,En agglomération,Intersection en X,Pluie légère,Deux véhicules - côté,,,,,,,,,,,2,2,2,2,3
201500055654,0015-11-04 20:00:00,15,11,4,20,0,750,120,"102, BOULEVARD DE MENILM",,,Nuit avec éclairage allumé,En agglomération,Intersection en T,Pluie légère,Deux véhicules - côté,,,,,,,,,,,5,2,3,2,3
201500055655,0015-11-05 16:20:00,15,11,5,16,20,750,120,"20, AVENUE BENOIT FRACHO",,,Plein jour,En agglomération,Hors intersection,Normale,Deux véhicules - côté,,,,,,,,,,,1,2,1,1,3
201500055656,0015-11-05 05:00:00,15,11,5,5,0,750,120,RUE HAXO,,,Nuit avec éclairage allumé,En agglomération,Intersection en X,Normale,Deux véhicules - côté,,,,,,,,,,,5,2,2,1,3
201500055657,0015-11-07 23:50:00,15,11,7,23,50,750,120,"137, BOULEVARD DAVOUT",,,Nuit avec éclairage allumé,En agglomération,Hors intersection,Normale,Autre collision,,,,,,,,,,,5,2,1,1,6
201500055658,0015-11-09 11:10:00,15,11,9,11,10,750,120,"128, RUE D AVRON",,,Plein jour,En agglomération,Hors intersection,Normale,Deux véhicules - côté,,,,,,,,,,,1,2,1,1,3
201500055659,0015-11-12 17:49:00,15,11,12,17,49,750,120,"37, COURS DE VINCENNES",,,Nuit avec éclairage allumé,En agglomération,Hors intersection,Normale,Autre collision,,,,,,,,,,,5,2,1,1,6
201500055660,0015-11-13 09:00:00,15,11,13,9,0,750,120,"381, RUE DES PYRENEES",,,Plein jour,En agglomération,Hors intersection,Normale,Deux véhicules - arrière,,,,,,,,,,,1,2,1,1,2
201500055661,0015-11-14 07:35:00,15,11,14,7,35,750,120,PLACE DU MAQUIS DU VERCO,,,Plein jour,En agglomération,Place,Normale,Deux véhicules - côté,,,,,,,,,,,1,2,7,1,3
201500055662,0015-11-14 13:50:00,15,11,14,13,50,750,120,"260, RUE DE MENILMONTANT",,,Plein jour,En agglomération,Intersection en X,Normale,Autre collision,,,,,,,,,,,1,2,2,1,6
201500055663,0015-11-15 00:10:00,15,11,15,0,10,750,120,"11, RUE DE NOISY LE SEC",,,Nuit avec éclairage allumé,En agglomération,Intersection en X,Normale,Autre collision,,,,,,,,,,,5,2,2,1,6
201500055664,0015-11-17 20:00:00,15,11,17,20,0,750,120,PLACE DE LA PORTE DE MON,,,Nuit avec éclairage allumé,En agglomération,Hors intersection,Pluie légère,Sans collision,,,,,,,,,,,5,2,1,2,7
201500055665,0015-11-18 08:00:00,15,11,18,8,0,750,120,"260, RUE DES PYRENEES",,,Plein jour,En agglomération,Hors intersection,Normale,Deux véhicules - arrière,,,,,,,,,,,1,2,1,1,2
201500055666,0015-11-19 12:30:00,15,11,19,12,30,750,120,"57, RUE SAINT FARGEAU",,,Plein jour,En agglomération,Hors intersection,Pluie légère,Sans collision,,,,,,,,,,,1,2,1,2,7
201500055667,0015-11-20 20:15:00,15,11,20,20,15,750,120,"0, RUE DE BAGNOLET",,,Nuit avec éclairage allumé,En agglomération,Intersection en T,Pluie légère,Deux véhicules - côté,,,,,,,,,,,5,2,3,2,3
201500055668,0015-11-22 21:00:00,15,11,22,21,0,750,120,"51BIS, RUE DU SURMELIN",,,Nuit avec éclairage allumé,En agglomération,Hors intersection,Normale,Autre collision,,,,,,,,,,,5,2,1,1,6
201500055669,0015-11-23 10:50:00,15,11,23,10,50,750,120,"315, RUE DES PYRENEES",,,Plein jour,En agglomération,Hors intersection,Normale,Autre collision,,,,,,,,,,,1,2,1,1,6
201500055670,0015-11-28 11:15:00,15,11,28,11,15,750,120,AVENUE DE LA PORTE DE MO,,,Plein jour,En agglomération,Intersection en T,Normale,Deux véhicules - arrière,,,,,,,,,,,1,2,3,1,2
201500055671,0015-12-02 17:45:00,15,12,2,17,45,750,120,RUE DU SURMELIN,,,Nuit avec éclairage allumé,En agglomération,Place,Normale,Deux véhicules - côté,,,,,,,,,,,5,2,7,1,3
201500055672,0015-12-02 20:00:00,15,12,2,20,0,750,120,"86, RUE SAINT BLAISE",,,Nuit avec éclairage allumé,En agglomération,Intersection en Y,Normale,Deux véhicules - côté,,,,,,,,,,,5,2,4,1,3
201500055673,0015-12-05 13:25:00,15,12,5,13,25,750,120,"131, RUE D AVRON",,,Plein jour,En agglomération,Intersection en T,Normale,Deux véhicules - côté,,,,,,,,,,,1,2,3,1,3
201500055674,0015-12-07 09:55:00,15,12,7,9,55,750,120,"56, RUE DE BELLEVILLE",,,Plein jour,En agglomération,Intersection en T,Normale,Deux véhicules - frontale,,,,,,,,,,,1,2,3,1,1
201500055675,0015-12-07 23:20:00,15,12,7,23,20,750,120,PORTE DES LILAS,,,Nuit avec éclairage allumé,En agglomération,Intersection en X,Normale,Deux véhicules - côté,,,,,,,,,,,5,2,2,1,3
201500055676,0015-12-08 20:00:00,15,12,8,20,0,750,120,"54, RUE BELGRAND",,,Nuit avec éclairage allumé,En agglomération,Hors intersection,Pluie légère,Autre collision,,,,,,,,,,,5,2,1,2,6
201500055677,0015-12-09 16:50:00,15,12,9,16,50,750,120,"105, COURS DE VINCENNES",,,Crépuscule ou aube,En agglomération,Hors intersection,Normale,Autre collision,,,,,,,,,,,2,2,1,1,6
201500055678,0015-12-10 16:35:00,15,12,10,16,35,750,120,"168, RUE PELLEPORT",,,Plein jour,En agglomération,Hors intersection,Pluie légère,Autre collision,,,,,,,,,,,1,2,1,2,6
201500055679,0015-12-11 03:15:00,15,12,11,3,15,750,120,"6, AVENUE DE LA PORTE DE",,,Nuit avec éclairage allumé,En agglomération,Intersection en T,Normale,Deux véhicules - arrière,,,,,,,,,,,5,2,3,1,2
201500055680,0015-12-13 04:30:00,15,12,13,4,30,750,120,AVENUE DE LA PORTE DE BA,,,Nuit avec éclairage allumé,En agglomération,Hors intersection,Normale,Sans collision,,,,,,,,,,,5,2,1,1,7
201500055681,0015-12-18 21:40:00,15,12,18,21,40,750,120,"77, RUE DES PYRENEES",,,Nuit avec éclairage allumé,En agglomération,Intersection en T,Normale,Sans collision,,,,,,,,,,,5,2,3,1,7
201500055682,0015-12-18 23:50:00,15,12,18,23,50,750,120,"18, RUE DE BELLEVILLE",,,Nuit avec éclairage allumé,En agglomération,Hors intersection,Normale,Autre collision,,,,,,,,,,,5,2,1,1,6
201500055683,0015-12-20 14:50:00,15,12,20,14,50,750,120,"76, RUE PIERRE SOULIE",,,Plein jour,En agglomération,Hors intersection,Normale,Autre collision,,,,,,,,,,,1,2,1,1,6
201500055684,0015-12-21 12:40:00,15,12,21,12,40,750,120,"163, BOULEVARD MORTIER",,,Plein jour,En agglomération,Intersection en T,Normale,Deux véhicules - arrière,,,,,,,,,,,1,2,3,1,2
201500055685,0015-12-23 20:05:00,15,12,23,20,5,750,120,"20, RUE BELGRAND",,,Plein jour,En agglomération,Intersection en X,Normale,Deux véhicules - arrière,,,,,,,,,,,1,2,2,1,2
201500055686,0015-12-29 08:00:00,15,12,29,8,0,750,120,"118, RUE DE MENILMONTANT",,,Plein jour,En agglomération,Intersection en X,Pluie légère,Autre collision,,,,,,,,,,,1,2,2,2,6
201500055687,0015-12-31 13:45:00,15,12,31,13,45,750,120,"80, BOULEVARD DE CHARONN",,,Plein jour,En agglomération,Intersection en T,Normale,Deux véhicules - côté,,,,,,,,,,,1,2,3,1,3
201500055688,0015-12-31 16:45:00,15,12,31,16,45,750,120,"113, BOULEVARD DAVOUT",,,Plein jour,En agglomération,Hors intersection,Normale,Autre collision,,,,,,,,,,,1,2,1,1,6
201500055689,0015-12-31 22:52:00,15,12,31,22,52,750,119,"35, AVENUE MATHURIN MORE",,,Nuit avec éclairage allumé,En agglomération,Hors intersection,Normale,Autre collision,,,,,,,,,,,5,2,1,1,6
201500055690,0015-01-01 06:25:00,15,1,1,6,25,750,111,RUE OBERKAMPF,,,Nuit avec éclairage allumé,En agglomération,Intersection à plus de 4 branches,Normale,Deux véhicules - côté,,,,,,,,,,,5,2,5,1,3
201500055691,0015-01-02 11:05:00,15,1,2,11,5,750,113,"96, RUE DE TOLBIAC",,,Plein jour,En agglomération,Intersection à plus de 4 branches,Pluie légère,Autre collision,,,,,,,,,,,1,2,5,2,6
201500055692,0015-01-04 00:01:00,15,1,4,0,1,750,116,ALLEE DE LA REINE MARGUE,,,Nuit avec éclairage non allumé,En agglomération,Intersection en X,Pluie légère,Deux véhicules - côté,,,,,,,,,,,4,2,2,2,3
201500055693,0015-01-04 03:35:00,15,1,4,3,35,750,114,RUE GASSENDI,,,Nuit avec éclairage allumé,En agglomération,Intersection en X,Normale,Deux véhicules - côté,,,,,,,,,,,5,2,2,1,3
201500055694,0015-01-08 16:55:00,15,1,8,16,55,750,112,AVENUE DU TRONE,,,Crépuscule ou aube,En agglomération,Intersection à plus de 4 branches,Normale,Deux véhicules - côté,,,,,,,,,,,2,2,5,1,3
201500055695,0015-01-08 22:22:00,15,1,8,22,22,750,111,BOULEVARD VOLTAIRE,,,Nuit avec éclairage allumé,En agglomération,Intersection en X,Pluie légère,Deux véhicules - côté,,,,,,,,,,,5,2,2,2,3
201500055696,0015-01-10 23:19:00,15,1,10,23,19,750,118,"17, BOULEVARD NEY",,,Nuit avec éclairage allumé,En agglomération,Intersection en Y,Normale,Autre collision,,,,,,,,,,,5,2,4,1,6
201500055697,0015-01-11 06:20:00,15,1,11,6,20,750,113,BOULEVARD PERIPHERIQUE I,,,Crépuscule ou aube,En agglomération,Hors intersection,Normale,Autre collision,,,,,,,,,,,2,2,1,1,6
201500055698,0015-01-12 04:05:00,15,1,12,4,5,750,113,"64, AVENUE DES GOBELINS",,,Nuit avec éclairage non allumé,En agglomération,Hors intersection,Normale,Autre collision,,,,,,,,,,,4,2,1,1,6
201500055699,0015-01-12 08:40:00,15,1,12,8,40,750,114,"3, BOULEVARD EDGAR QUINE",,,Crépuscule ou aube,En agglomération,Intersection en T,Normale,Autre collision,,,,,,,,,,,2,2,3,1,6
201500055700,0015-01-13 10:10:00,15,1,13,10,10,750,111,"71, BOULEVARD VOLTAIRE",,,Plein jour,En agglomération,Intersection en T,Normale,Autre collision,,,,,,,,,,,1,2,3,1,6
201500055701,0015-01-13 15:25:00,15,1,13,15,25,750,112,"48, BOULEVARD DE LA BAST",,,Plein jour,En agglomération,Hors intersection,Normale,Autre collision,,,,,,,,,,,1,2,1,1,6
201500055702,0015-01-14 13:20:00,15,1,14,13,20,750,115,"83, RUE DE LA CONVENTION",,,Plein jour,En agglomération,Intersection en X,Normale,Autre collision,,,,,,,,,,,1,2,2,1,6
201500055703,0015-01-14 18:00:00,15,1,14,18,0,750,111,"33, RUE FAIDHERBE",,,Crépuscule ou aube,En agglomération,Hors intersection,Normale,Autre collision,,,,,,,,,,,2,2,1,1,6
201500055704,0015-01-14 19:45:00,15,1,14,19,45,750,118,BOULEVARD PERIPHERIQUE,,,Nuit avec éclairage allumé,En agglomération,Hors intersection,Normale,Autre collision,,,,,,,,,,,5,2,1,1,6
201500055705,0015-01-15 03:10:00,15,1,15,3,10,750,110,"13, BOULEVARD DE MAGENTA",,,Nuit avec éclairage allumé,En agglomération,Hors intersection,Pluie légère,Autre collision,,,,,,,,,,,5,2,1,2,6
201500055706,0015-01-16 04:50:00,15,1,16,4,50,750,112,ESPLANADE SAINT LOUIS,,,Nuit avec éclairage allumé,En agglomération,Hors intersection,Normale,Autre collision,,,,,,,,,,,5,2,1,1,6
201500055707,0015-01-16 19:45:00,15,1,16,19,45,750,111,"29, BOULEVARD DE CHARONN",,,Nuit avec éclairage allumé,En agglomération,Intersection en T,Pluie légère,Autre collision,,,,,,,,,,,5,2,3,2,6
201500055708,0015-01-17 05:54:00,15,1,17,5,54,750,118,"14, PLACE DE CLICHY",,,Nuit avec éclairage allumé,En agglomération,Place,Normale,Autre collision,,,,,,,,,,,5,2,7,1,6
201500055709,0015-01-17 16:45:00,15,1,17,16,45,750,116,AVENUE PRUDHON,,,Plein jour,En agglomération,Hors intersection,Normale,Autre collision,,,,,,,,,,,1,2,1,1,6
201500055710,0015-01-18 13:24:00,15,1,18,13,24,750,116,AVENUE DU PRESIDENT KENN,,,Plein jour,En agglomération,Intersection en Y,Normale,Deux véhicules - arrière,,,,,,,,,,,1,2,4,1,2
201500055711,0015-01-19 13:18:00,15,1,19,13,18,750,118,"140, BOULEVARD NEY",,,Plein jour,En agglomération,Intersection en T,Normale,Deux véhicules - côté,,,,,,,,,,,1,2,3,1,3
201500055712,0015-01-20 00:30:00,15,1,20,0,30,750,102,"94, BOULEVARD DE SEBASTO",,,Nuit avec éclairage allumé,En agglomération,Hors intersection,Normale,Deux véhicules - côté,,,,,,,,,,,5,2,1,1,3
201500055713,0015-01-20 09:05:00,15,1,20,9,5,750,111,"90, AVENUE DE LA REPUBLI",,,Plein jour,En agglomération,Intersection en T,Normale,Autre collision,,,,,,,,,,,1,2,3,1,6
201500055714,0015-01-20 15:45:00,15,1,20,15,45,750,115,"215, RUE DE VAUGIRARD",,,Plein jour,En agglomération,Intersection en T,Normale,Deux véhicules - côté,,,,,,,,,,,1,2,3,1,3
201500055715,0015-01-21 10:30:00,15,1,21,10,30,750,111,BOULEVARD RICHARD LENOIR,,,Plein jour,En agglomération,Intersection à plus de 4 branches,Normale,Deux véhicules - côté,,,,,,,,,,,1,2,5,1,3
201500055716,0015-01-21 13:20:00,15,1,21,13,20,750,116,"44, AVENUE FOCH",,,Plein jour,En agglomération,Intersection en T,Normale,Autre collision,,,,,,,,,,,1,2,3,1,6
201500055717,0015-01-22 08:30:00,15,1,22,8,30,750,104,"07, AVENUE VICTORIA",,,Plein jour,En agglomération,Intersection à plus de 4 branches,Normale,Autre collision,,,,,,,,,,,1,2,5,1,6
201500055718,0015-01-22 15:07:00,15,1,22,15,7,750,113,"/, QUAI D AUSTERLITZ",,,Plein jour,En agglomération,Intersection à plus de 4 branches,Normale,Deux véhicules - côté,,,,,,,,,,,1,2,5,1,3
201500055719,0015-01-23 04:10:00,15,1,23,4,10,750,110,"167, BOULEVARD DE LA VIL",,,Nuit avec éclairage allumé,En agglomération,Hors intersection,Normale,Sans collision,,,,,,,,,,,5,2,1,1,7
201500055720,0015-01-23 22:45:00,15,1,23,22,45,750,102,"04, RUE DU QUATRE SEPTEM",,,Nuit avec éclairage allumé,En agglomération,Intersection en X,Normale,Deux véhicules - côté,,,,,,,,,,,5,2,2,1,3
201500055721,0015-01-24 08:35:00,15,1,24,8,35,750,105,"28, RUE MONGE",,,Crépuscule ou aube,En agglomération,Intersection en X,Normale,Deux véhicules - côté,,,,,,,,,,,2,2,2,1,3
201500055722,0015-01-25 06:40:00,15,1,25,6,40,750,110,"1, BOULEVARD DE STRASBOU",,,Nuit avec éclairage allumé,En agglomération,Intersection en X,Normale,Trois véhicules et plus - collisions multiples,,,,,,,,,,,5,2,2,1,5
201500055723,0015-01-26 11:10:00,15,1,26,11,10,750,108,"01, AVENUE MYRON HERRICK",,,Plein jour,En agglomération,Intersection en X,Normale,Trois véhicules et plus - en chaîne,,,,,,,,,,,1,2,2,1,4
201500055724,0015-01-28 19:35:00,15,1,28,19,35,750,111,"/, PLACE DE LA REPUBLIQU",,,Nuit avec éclairage allumé,En agglomération,Place,Normale,Deux véhicules - frontale,,,,,,,,,,,5,2,7,1,1
201500055725,0015-01-29 00:35:00,15,1,29,0,35,750,119,"29, AVENUE SIMON BOLIVAR",,,Nuit avec éclairage allumé,En agglomération,Intersection en T,Autre,Autre collision,,,,,,,,,,,5,2,3,9,6
201500055726,0015-01-31 00:35:00,15,1,31,0,35,750,116,"32, AVENUE D EYLAU",,,Nuit avec éclairage allumé,En agglomération,Hors intersection,Normale,Deux véhicules - frontale,,,,,,,,,,,5,2,1,1,1
201500055727,0015-02-01 00:25:00,15,2,1,0,25,750,107,"13, AVENUE DE SUFFREN",,,Nuit avec éclairage allumé,En agglomération,Intersection à plus de 4 branches,Pluie forte,Autre collision,,,,,,,,,,,5,2,5,3,6
201500055728,0015-02-03 07:20:00,15,2,3,7,20,750,119,"/, PLACE AUGUSTE BARON",,,Nuit avec éclairage allumé,En agglomération,Intersection en Y,Normale,Deux véhicules - arrière,,,,,,,,,,,5,2,4,1,2
201500055729,0015-02-03 12:05:00,15,2,3,12,5,750,114,AVENUE REILLE,,,Plein jour,En agglomération,Place,Normale,Deux véhicules - arrière,,,,,,,,,,,1,2,7,1,2
201500055730,0015-02-03 15:40:00,15,2,3,15,40,750,115,"311, RUE DE VAUGIRARD",,,Plein jour,En agglomération,Intersection en T,Normale,Autre collision,,,,,,,,,,,1,2,3,1,6
201500055731,0015-02-03 18:34:00,15,2,3,18,34,750,112,"115, RUE DE REUILLY",,,Nuit sans éclairage public,En agglomération,Hors intersection,Normale,Deux véhicules - frontale,,,,,,,,,,,3,2,1,1,1
201500055732,0015-02-03 19:36:00,15,2,3,19,36,750,116,AVENUE DE L HIPPODROME,,,Nuit sans éclairage public,En agglomération,Intersection en X,Normale,Autre collision,,,,,,,,,,,3,2,2,1,6
201500055733,0015-02-04 07:50:00,15,2,4,7,50,750,114,BOULEVARD PERIPHERIQUE I,,,Nuit avec éclairage allumé,En agglomération,Hors intersection,Normale,Deux véhicules - côté,,,,,,,,,,,5,2,1,1,3
201500055734,0015-02-04 19:27:00,15,2,4,19,27,750,112,"7, PORT DE LA RAPEE",,,Nuit avec éclairage non allumé,En agglomération,Hors intersection,Normale,Sans collision,,,,,,,,,,,4,2,1,1,7
201500055735,0015-02-05 14:00:00,15,2,5,14,0,750,112,BOULEVARD PERIPHERIQUE I,,,Plein jour,En agglomération,Hors intersection,Normale,Deux véhicules - arrière,,,,,,,,,,,1,2,1,1,2
201500055736,0015-02-05 16:54:00,15,2,5,16,54,750,116,BOULEVARD PERIPHERIQUE,,,Plein jour,En agglomération,Hors intersection,Normale,Trois véhicules et plus - en chaîne,,,,,,,,,,,1,2,1,1,4
201500055737,0015-02-06 09:30:00,15,2,6,9,30,750,108,"53, BOULEVARD DE COURCEL",,,Plein jour,En agglomération,Intersection à plus de 4 branches,Normale,Autre collision,,,,,,,,,,,1,2,5,1,6
201500055738,0015-02-11 17:30:00,15,2,11,17,30,750,105,"18, RUE CENSIER",,,Crépuscule ou aube,En agglomération,Intersection en T,Normale,Autre collision,,,,,,,,,,,2,2,3,1,6
201500055739,0015-02-12 19:15:00,15,2,12,19,15,750,104,BOULEVARD HENRI IV,,,Nuit avec éclairage allumé,En agglomération,Intersection en X,Normale,Deux véhicules - côté,,,,,,,,,,,5,2,2,1,3
201500055740,0015-02-13 13:30:00,15,2,13,13,30,750,117,BOULEVARD PERIPHERIQUE I,,,Plein jour,En agglomération,Hors intersection,Normale,Deux véhicules - côté,,,,,,,,,,,1,2,1,1,3
201500055741,0015-02-13 20:21:00,15,2,13,20,21,750,114,"91, AVENUE DENFERT ROCHE",,,Nuit avec éclairage allumé,En agglomération,Hors intersection,Normale,Deux véhicules - arrière,,,,,,,,,,,5,2,1,1,2
201500055742,0015-02-17 08:45:00,15,2,17,8,45,750,112,"11, RUE TAINE",,,Plein jour,En agglomération,Hors intersection,Normale,Deux véhicules - côté,,,,,,,,,,,1,2,1,1,3
201500055743,0015-02-19 01:35:00,15,2,19,1,35,750,120,"/, COURS DE VINCENNES",,,Nuit avec éclairage allumé,En agglomération,Intersection à plus de 4 branches,Normale,Sans collision,,,,,,,,,,,5,2,5,1,7
201500055744,0015-02-20 07:30:00,15,2,20,7,30,750,116,"41, AVENUE FOCH",,,Crépuscule ou aube,En agglomération,Hors intersection,Normale,Autre collision,,,,,,,,,,,2,2,1,1,6
201500055745,0015-02-21 16:46:00,15,2,21,16,46,750,116,BOULEVARD MURAT,,,Plein jour,En agglomération,Intersection en T,Pluie légère,Sans collision,,,,,,,,,,,1,2,3,2,7
201500055746,0015-02-22 18:00:00,15,2,22,18,0,750,112,ESPLANADE SAINT LOUIS,,,Crépuscule ou aube,En agglomération,Intersection à plus de 4 branches,Pluie légère,Autre collision,,,,,,,,,,,2,2,5,2,6
201500055747,0015-02-24 17:10:00,15,2,24,17,10,750,115,"285, RUE DE VAUGIRARD",,,Plein jour,En agglomération,Place,Normale,Autre collision,,,,,,,,,,,1,2,7,1,6
201500055748,0015-02-25 17:20:00,15,2,25,17,20,750,114,"34, BOULEVARD SAINT JACQ",,,Nuit avec éclairage allumé,En agglomération,Hors intersection,Pluie légère,Trois véhicules et plus - en chaîne,,,,,,,,,,,5,2,1,2,4
201500055749,0015-02-26 05:06:00,15,2,26,5,6,750,119,"2, AVENUE JEAN JAURES",,,Nuit avec éclairage allumé,En agglomération,Place,Normale,Autre collision,,,,,,,,,,,5,2,7,1,6
201500055750,0015-02-26 18:19:00,15,2,26,18,19,750,117,"51 bis, BOULEVARD BERTHI",,,Crépuscule ou aube,En agglomération,Place,Pluie forte,Deux véhicules - côté,,,,,,,,,,,2,2,7,3,3
201500055751,0015-02-27 10:15:00,15,2,27,10,15,750,114,"118, AVENUE DU GENERAL L",,,Plein jour,En agglomération,Hors intersection,Normale,Autre collision,,,,,,,,,,,1,2,1,1,6
201500055752,0015-02-28 04:03:00,15,2,28,4,3,750,118,BOULEVARD PERIPHERIQUE,,,Nuit avec éclairage allumé,Hors agglomération,Hors intersection,Normale,Sans collision,,,,,,,,,,,5,1,1,1,7
201500055753,0015-02-28 20:32:00,15,2,28,20,32,750,110,"19, RUE DU HUIT MAI 1945",,,Nuit avec éclairage allumé,En agglomération,Hors intersection,Normale,Autre collision,,,,,,,,,,,5,2,1,1,6
201500055754,0015-03-03 12:30:00,15,3,3,12,30,750,102,RUE REAUMUR,,,Plein jour,En agglomération,Intersection en X,Normale,Autre collision,,,,,,,,,,,1,2,2,1,6
201500055755,0015-03-04 12:40:00,15,3,4,12,40,750,117,"8, BOULEVARD GOUVION SAI",,,Plein jour,En agglomération,Hors intersection,Normale,Autre collision,,,,,,,,,,,1,2,1,1,6
201500055756,0015-03-04 15:00:00,15,3,4,15,0,750,114,AVENUE DE LA PORTE D ORL,,,Plein jour,En agglomération,Place,Normale,Deux véhicules - arrière,,,,,,,,,,,1,2,7,1,2
201500055757,0015-03-06 00:49:00,15,3,6,0,49,750,111,"86, BOULEVARD BEAUMARCHA",,,Nuit avec éclairage allumé,En agglomération,Intersection en T,Normale,Deux véhicules - côté,,,,,,,,,,,5,2,3,1,3
201500055758,0015-03-11 12:40:00,15,3,11,12,40,750,118,"52, BOULEVARD NEY",,,Plein jour,En agglomération,Intersection en Y,Normale,Autre collision,,,,,,,,,,,1,2,4,1,6
201500055759,0015-03-11 18:08:00,15,3,11,18,8,750,120,"62, RUE DES PYRENEES",,,Plein jour,En agglomération,Hors intersection,Normale,Autre collision,,,,,,,,,,,1,2,1,1,6
201500055760,0015-03-11 19:55:00,15,3,11,19,55,750,117,"80, BOULEVARD DE COURCEL",,,Nuit avec éclairage allumé,En agglomération,Hors intersection,Normale,Deux véhicules - frontale,,,,,,,,,,,5,2,1,1,1
201500055761,0015-03-12 00:55:00,15,3,12,0,55,750,106,"160, BOULEVARD SAINT GER",,,Nuit avec éclairage allumé,En agglomération,Intersection à plus de 4 branches,Normale,Deux véhicules - côté,,,,,,,,,,,5,2,5,1,3
201500055762,0015-03-12 16:05:00,15,3,12,16,5,750,107,"6, RUE DUROC",,,Plein jour,En agglomération,Intersection en X,Normale,Deux véhicules - côté,,,,,,,,,,,1,2,2,1,3
201500055763,0015-03-13 02:50:00,15,3,13,2,50,750,118,"128, BOULEVARD DE CLICHY",,,Nuit avec éclairage allumé,En agglomération,Intersection à plus de 4 branches,Normale,Trois véhicules et plus - collisions multiples,,,,,,,,,,,5,2,5,1,5
201500055764,0015-03-14 05:34:00,15,3,14,5,34,750,112,"61, RUE DE LYON",,,Nuit avec éclairage allumé,En agglomération,Hors intersection,Normale,Deux véhicules - côté,,,,,,,,,,,5,2,1,1,3
201500055765,0015-03-14 23:55:00,15,3,14,23,55,750,116,"202, AVENUE DE VERSAILLE",,,Nuit avec éclairage allumé,En agglomération,Hors intersection,Pluie légère,Sans collision,,,,,,,,,,,5,2,1,2,7
201500055766,0015-03-17 17:10:00,15,3,17,17,10,750,110,"31, RUE DE SAMBRE ET MEU",,,Plein jour,En agglomération,Hors intersection,Normale,Autre collision,,,,,,,,,,,1,2,1,1,6
201500055767,0015-03-17 23:10:00,15,3,17,23,10,750,111,"**, RUE DE CHARONNE",,,Nuit avec éclairage allumé,En agglomération,Intersection en X,Normale,Deux véhicules - frontale,,,,,,,,,,,5,2,2,1,1
201500055768,0015-08-24 21:35:00,15,8,24,21,35,750,117,"131, RUE DE SAUSSURE",,,Nuit avec éclairage allumé,En agglomération,Hors intersection,Pluie légère,Autre collision,,,,,,,,,,,5,2,1,2,6
201500055769,0015-03-19 02:17:00,15,3,19,2,17,750,104,"6, QUAI DES CELESTINS",,,Nuit avec éclairage allumé,En agglomération,Hors intersection,Normale,Autre collision,,,,,,,,,,,5,2,1,1,6
201500055770,0015-03-19 12:20:00,15,3,19,12,20,750,116,"48, RUE D AUTEUIL",,,Plein jour,En agglomération,Intersection à plus de 4 branches,Normale,Autre collision,,,,,,,,,,,1,2,5,1,6
201500055771,0015-03-20 00:22:00,15,3,20,0,22,750,112,QUAI DE BERCY,,,Nuit avec éclairage allumé,En agglomération,Hors intersection,Normale,Autre collision,,,,,,,,,,,5,2,1,1,6
201500055772,0015-03-22 14:50:00,15,3,22,14,50,750,116,AVENUE EDOUARD VAILLANT,,,Plein jour,En agglomération,Intersection en X,Normale,Autre collision,,,,,,,,,,,1,2,2,1,6
201500055773,0015-03-26 00:10:00,15,3,26,0,10,750,113,"8, RUE BRILLAT SAVARIN",,,Nuit avec éclairage allumé,En agglomération,Hors intersection,Normale,Sans collision,,,,,,,,,,,5,2,1,1,7
201500055774,0015-03-27 14:56:00,15,3,27,14,56,750,105,RUE CLAUDE BERNARD,,,Plein jour,En agglomération,Intersection en X,Normale,Autre collision,,,,,,,,,,,1,2,2,1,6
201500055775,0015-03-27 21:15:00,15,3,27,21,15,750,113,"73, AVENUE DES GOBELINS",,,Nuit avec éclairage allumé,En agglomération,Intersection en T,Normale,Deux véhicules - côté,,,,,,,,,,,5,2,3,1,3
201500055776,0015-03-28 00:05:00,15,3,28,0,5,750,111,"11, BOULEVARD JULES FERR",,,Nuit avec éclairage allumé,En agglomération,Hors intersection,Normale,Autre collision,,,,,,,,,,,5,2,1,1,6