accident_id,datetime,annee,mois,jour,heure,minute,departement,commune_insee,adresse,latitude,longitude,luminosite,agglomeration,intersection,meteo,collision,nb_vehicules,nb_usagers,nb_indemnes,nb_tues,nb_blesses_hosp,nb_blesses_legers,age_cond_1,age_cond_2,veh_type_cond_1,veh_type_cond_2,lum_code,agg_code,int_code,atm_code,col_code
201500055777,0015-03-30 12:06:00,15,3,30,12,6,750,104,"8, RUE DE RIVOLI",,,Plein jour,En agglomération,Hors intersection,Normale,Autre collision,,,,,,,,,,,1,2,1,1,6
201500055778,0015-03-30 19:00:00,15,3,30,19,0,750,116,"13, AVENUE DU PRESIDENT",,,Nuit avec éclairage allumé,En agglomération,Intersection en T,Normale,Autre collision,,,,,,,,,,,5,2,3,1,6
201500055779,0015-03-31 05:49:00,15,3,31,5,49,750,107,"6, BOULEVARD DES INVALID",,,Nuit avec éclairage allumé,En agglomération,Hors intersection,Normale,Deux véhicules - frontale,,,,,,,,,,,5,2,1,1,1
201500055780,0015-04-01 23:40:00,15,4,1,23,40,750,108,RUE DE LA PEPINIERE,,,Nuit avec éclairage allumé,En agglomération,Intersection en T,Normale,Deux véhicules - côté,,,,,,,,,,,5,2,3,1,3
201500055781,0015-04-03 00:20:00,15,4,3,0,20,750,101,"162, RUE DE RIVOLI",,,Nuit avec éclairage allumé,En agglomération,Intersection en T,Normale,Sans collision,,,,,,,,,,,5,2,3,1,7
201500055782,0015-04-04 13:30:00,15,4,4,13,30,750,117,"2, AVENUE DE LA GRANDE A",,,Plein jour,En agglomération,Hors intersection,Normale,Deux véhicules - arrière,,,,,,,,,,,1,2,1,1,2
201500055783,0015-04-05 14:20:00,15,4,5,14,20,750,114,PLACE VICTOR BASCH,,,Plein jour,En agglomération,Place,Normale,Deux véhicules - côté,,,,,,,,,,,1,2,7,1,3
201500055784,0015-04-05 16:58:00,15,4,5,16,58,750,114,AVENUE DE LA PORTE DE CH,,,Plein jour,En agglomération,Intersection en Y,Normale,Autre collision,,,,,,,,,,,1,2,4,1,6
201500055785,0015-04-07 15:00:00,15,4,7,15,0,750,117,"4, AVENUE MAC MAHON",,,Plein jour,En agglomération,Place,Normale,Autre collision,,,,,,,,,,,1,2,7,1,6
201500055786,0015-04-07 18:03:00,15,4,7,18,3,750,116,AVENUE DE L HIPPODROME,,,Plein jour,En agglomération,Hors intersection,Normale,Autre collision,,,,,,,,,,,1,2,1,1,6
201500055787,0015-04-08 13:45:00,15,4,8,13,45,750,115,PLACE SAINT CHARLES,,,Plein jour,En agglomération,Place,Normale,Deux véhicules - côté,,,,,,,,,,,1,2,7,1,3
201500055788,0015-04-08 15:00:00,15,4,8,15,0,750,113,"/, AVENUE DES GOBELINS",,,Plein jour,En agglomération,Intersection en T,Normale,Deux véhicules - côté,,,,,,,,,,,1,2,3,1,3
201500055789,0015-04-09 17:16:00,15,4,9,17,16,750,105,"32, BOULEVARD SAINT GERM",,,Plein jour,En agglomération,Intersection en X,Normale,Autre collision,,,,,,,,,,,1,2,2,1,6
201500055790,0015-04-10 09:45:00,15,4,10,9,45,750,116,"12, RUE DE CHAILLOT",,,Plein jour,En agglomération,Hors intersection,Normale,Autre collision,,,,,,,,,,,1,2,1,1,6
201500055791,0015-04-10 14:52:00,15,4,10,14,52,750,104,"12, QUAI DE GESVRES",,,Plein jour,En agglomération,Intersection en X,Normale,Deux véhicules - côté,,,,,,,,,,,1,2,2,1,3
201500055792,0015-04-11 05:56:00,15,4,11,5,56,750,110,"1, PLACE DE LA BATAILLE",,,Nuit avec éclairage allumé,En agglomération,Place,Normale,Autre collision,,,,,,,,,,,5,2,7,1,6
201500055793,0015-04-11 18:02:00,15,4,11,18,2,750,111,RUE OBERKAMPF,,,Plein jour,En agglomération,Intersection en X,Normale,Deux véhicules - côté,,,,,,,,,,,1,2,2,1,3
201500055794,0015-04-12 05:15:00,15,4,12,5,15,750,115,RUE DE VOUILLE,,,Nuit avec éclairage allumé,En agglomération,Intersection en X,Normale,Deux véhicules - côté,,,,,,,,,,,5,2,2,1,3
201500055795,0015-04-12 10:15:00,15,4,12,10,15,750,116,"109, AVENUE HENRI MARTIN",,,Plein jour,En agglomération,Hors intersection,Normale,Autre collision,,,,,,,,,,,1,2,1,1,6
201500055796,0015-04-13 08:45:00,15,4,13,8,45,750,112,AVENUE DU TRONE,,,Plein jour,En agglomération,Intersection à plus de 4 branches,Normale,Deux véhicules - arrière,,,,,,,,,,,1,2,5,1,2
201500055797,0015-04-13 13:45:00,15,4,13,13,45,750,104,"58, RUE SAINT ANTOINE",,,Plein jour,En agglomération,Intersection en T,Normale,Deux véhicules - arrière,,,,,,,,,,,1,2,3,1,2
201500055798,0015-04-14 16:20:00,15,4,14,16,20,750,112,QUAI DE BERCY,,,Plein jour,En agglomération,Hors intersection,Normale,Trois véhicules et plus - en chaîne,,,,,,,,,,,1,2,1,1,4
201500055799,0015-04-14 17:30:00,15,4,14,17,30,750,107,"2, RUE DE BABYLONE",,,Plein jour,En agglomération,Place,Normale,Autre collision,,,,,,,,,,,1,2,7,1,6
201500055800,0015-04-14 23:41:00,15,4,14,23,41,750,114,"82, AVENUE DENFERT ROCHE",,,Nuit avec éclairage allumé,En agglomération,Hors intersection,Normale,Autre collision,,,,,,,,,,,5,2,1,1,6
201500055801,0015-04-17 07:45:00,15,4,17,7,45,750,115,"2, RUE LINOIS",,,Plein jour,En agglomération,Intersection en X,Normale,Deux véhicules - côté,,,,,,,,,,,1,2,2,1,3
201500055802,0015-04-21 13:40:00,15,4,21,13,40,750,110,"75, BOULEVARD DE LA VILL",,,Plein jour,En agglomération,Hors intersection,Normale,Autre collision,,,,,,,,,,,1,2,1,1,6
201500055803,0015-04-21 18:46:00,15,4,21,18,46,750,105,"34, BOULEVARD SAINT MARC",,,Plein jour,En agglomération,Hors intersection,Normale,Autre collision,,,,,,,,,,,1,2,1,1,6
201500055804,0015-04-22 19:37:00,15,4,22,19,37,750,110,"121, BOULEVARD DE LA VIL",,,Plein jour,En agglomération,Hors intersection,Normale,Autre collision,,,,,,,,,,,1,2,1,1,6
201500055805,0015-04-23 15:02:00,15,4,23,15,2,750,118,RUE DE CLIGNANCOURT,,,Plein jour,En agglomération,Intersection à plus de 4 branches,Normale,Deux véhicules - côté,,,,,,,,,,,1,2,5,1,3
201500055806,0015-04-23 22:15:00,15,4,23,22,15,750,113,AVENUE DE LA PORTE D IVR,,,Nuit avec éclairage allumé,En agglomération,Intersection en X,Normale,Deux véhicules - côté,,,,,,,,,,,5,2,2,1,3
201500055807,0015-04-24 12:24:00,15,4,24,12,24,750,120,BOULEVARD PERIPHERIQUE I,,,Plein jour,En agglomération,Hors intersection,Normale,Deux véhicules - côté,,,,,,,,,,,1,2,1,1,3
201500055808,0015-04-26 06:14:00,15,4,26,6,14,750,114,"31, RUE DU FAUBOURG SAIN",,,Plein jour,En agglomération,Intersection en T,Normale,Autre collision,,,,,,,,,,,1,2,3,1,6
201500055809,0015-04-26 14:20:00,15,4,26,14,20,750,116,"66, AVENUE MOZART",,,Plein jour,En agglomération,Hors intersection,Pluie légère,Deux véhicules - arrière,,,,,,,,,,,1,2,1,2,2
201500055810,0015-04-27 21:27:00,15,4,27,21,27,750,112,"1, BOULEVARD SOULT",,,Nuit avec éclairage allumé,En agglomération,Intersection en X,Normale,Autre collision,,,,,,,,,,,5,2,2,1,6
201500055811,0015-04-28 02:10:00,15,4,28,2,10,750,120,"10, BOULEVARD DAVOUT",,,Nuit avec éclairage allumé,En agglomération,Intersection en X,Normale,Deux véhicules - côté,,,,,,,,,,,5,2,2,1,3
201500055812,0015-04-28 20:02:00,15,4,28,20,2,750,114,BOULEVARD PERIPHERIQUE,,,Nuit avec éclairage allumé,En agglomération,Hors intersection,Normale,Deux véhicules - côté,,,,,,,,,,,5,2,1,1,3
201500055813,0015-04-29 19:29:00,15,4,29,19,29,750,112,BOULEVARD PERIPHERIQUE E,,,Nuit avec éclairage allumé,En agglomération,Hors intersection,Normale,Autre collision,,,,,,,,,,,5,2,1,1,6
201500055814,0015-05-02 16:45:00,15,5,2,16,45,750,117,"2, AVENUE DE LA GRANDE A",,,Plein jour,En agglomération,Place,Pluie légère,Deux véhicules - arrière,,,,,,,,,,,1,2,7,2,2
201500055815,0015-05-02 17:46:00,15,5,2,17,46,750,111,"7-11, RUE DU FAUBOURG SA",,,Plein jour,En agglomération,Hors intersection,Pluie légère,Autre collision,,,,,,,,,,,1,2,1,2,6
201500055816,0015-05-04 16:39:00,15,5,4,16,39,750,114,"205, RUE D ALESIA",,,Plein jour,En agglomération,Hors intersection,Pluie légère,Autre collision,,,,,,,,,,,1,2,1,2,6
201500055817,0015-05-04 22:55:00,15,5,4,22,55,750,112,"68, AVENUE DAUMESNIL",,,Nuit avec éclairage allumé,En agglomération,Intersection en T,Normale,Sans collision,,,,,,,,,,,5,2,3,1,7
201500055818,0015-05-10 16:37:00,15,5,10,16,37,750,116,"/, BOULEVARD SUCHET",,,Plein jour,En agglomération,Intersection en T,Normale,Sans collision,,,,,,,,,,,1,2,3,1,7
201500055819,0015-05-08 11:30:00,15,5,8,11,30,750,111,"60, BOULEVARD VOLTAIRE",,,Plein jour,En agglomération,Hors intersection,Normale,Autre collision,,,,,,,,,,,1,2,1,1,6
201500055820,0015-05-08 18:18:00,15,5,8,18,18,750,114,"95, AVENUE DU GENERAL LE",,,Plein jour,En agglomération,Hors intersection,Normale,Autre collision,,,,,,,,,,,1,2,1,1,6
201500055821,0015-05-08 19:20:00,15,5,8,19,20,750,114,BOULEVARD PERIPHERIQUE,,,Crépuscule ou aube,En agglomération,Hors intersection,Normale,Deux véhicules - côté,,,,,,,,,,,2,2,1,1,3
201500055822,0015-05-09 06:52:00,15,5,9,6,52,750,115,"36, RUE DU COMMERCE",,,Plein jour,En agglomération,Hors intersection,Normale,Autre collision,,,,,,,,,,,1,2,1,1,6
201500055823,0015-05-12 01:05:00,15,5,12,1,5,750,112,QUAI DE BERCY,,,Nuit avec éclairage allumé,En agglomération,Hors intersection,Normale,Autre collision,,,,,,,,,,,5,2,1,1,6
201500055824,0015-05-14 20:40:00,15,5,14,20,40,750,120,RUE DE BELLEVILLE,,,Nuit avec éclairage allumé,En agglomération,Hors intersection,Pluie légère,Deux véhicules - arrière,,,,,,,,,,,5,2,1,2,2
201500055825,0015-05-15 10:10:00,15,5,15,10,10,750,109,"4, BOULEVARD MONTMARTRE",,,Plein jour,En agglomération,Hors intersection,Normale,Deux véhicules - côté,,,,,,,,,,,1,2,1,1,3
201500055826,0015-05-15 12:07:00,15,5,15,12,7,750,118,"12 ter, AVENUE DE CLICHY",,,Plein jour,En agglomération,Intersection en T,Normale,Deux véhicules - côté,,,,,,,,,,,1,2,3,1,3
201500055827,0015-05-15 23:36:00,15,5,15,23,36,750,115,"13, BOULEVARD GENERAL MA",,,Nuit avec éclairage allumé,En agglomération,Intersection en T,Normale,Autre collision,,,,,,,,,,,5,2,3,1,6
201500055828,0015-05-18 22:16:00,15,5,18,22,16,750,105,QUAI SAINT MICHEL,,,Nuit avec éclairage allumé,En agglomération,Intersection en X,Pluie légère,Deux véhicules - côté,,,,,,,,,,,5,2,2,2,3
201500055829,0015-05-19 14:45:00,15,5,19,14,45,750,114,"72, AVENUE JEAN MOULIN",,,Plein jour,En agglomération,Hors intersection,Pluie légère,Deux véhicules - côté,,,,,,,,,,,1,2,1,2,3
201500055830,0015-05-19 21:07:00,15,5,19,21,7,750,115,"8, RUE MADEMOISELLE",,,Nuit avec éclairage allumé,En agglomération,Hors intersection,Autre,Autre collision,,,,,,,,,,,5,2,1,9,6
201500055831,0015-05-20 00:47:00,15,5,20,0,47,750,110,BOULEVARD DE STRASBOURG,,,Nuit avec éclairage allumé,En agglomération,Intersection en X,Autre,Deux véhicules - côté,,,,,,,,,,,5,2,2,9,3
201500055832,0015-05-21 11:15:00,15,5,21,11,15,750,116,ROUTE DES MOULINS,,,Plein jour,En agglomération,Intersection à plus de 4 branches,Normale,Deux véhicules - frontale,,,,,,,,,,,1,2,5,1,1
201500055833,0015-05-21 15:35:00,15,5,21,15,35,750,116,ALLEE DE LONGCHAMP,,,Plein jour,En agglomération,Intersection en X,Normale,Deux véhicules - arrière,,,,,,,,,,,1,2,2,1,2
201500055834,0015-05-26 19:55:00,15,5,26,19,55,750,112,"15, BOULEVARD DE PICPUS",,,Plein jour,En agglomération,Hors intersection,Normale,Autre collision,,,,,,,,,,,1,2,1,1,6
201500055835,0015-05-28 04:12:00,15,5,28,4,12,750,103,"/, BOULEVARD DE SEBASTOP",,,Nuit avec éclairage allumé,En agglomération,Intersection en X,Normale,Autre collision,,,,,,,,,,,5,2,2,1,6
201500055836,0015-05-28 13:54:00,15,5,28,13,54,750,116,BOULEVARD PERIPHERIQUE I,,,Plein jour,En agglomération,Intersection en Y,Normale,Deux véhicules - côté,,,,,,,,,,,1,2,4,1,3
201500055837,0015-05-28 17:45:00,15,5,28,17,45,750,101,"06, RUE DE L AMIRAL DE C",,,Plein jour,En agglomération,Hors intersection,Normale,Deux véhicules - côté,,,,,,,,,,,1,2,1,1,3
201500055838,0015-05-29 00:01:00,15,5,29,0,1,750,102,RUE DU QUATRE SEPTEMBRE,,,Nuit avec éclairage allumé,En agglomération,Intersection en X,Normale,Deux véhicules - côté,,,,,,,,,,,5,2,2,1,3
201500055839,0015-05-30 03:18:00,15,5,30,3,18,750,119,"24, AVENUE DE FLANDRE",,,Nuit avec éclairage allumé,En agglomération,Hors intersection,Normale,Sans collision,,,,,,,,,,,5,2,1,1,7
201500055840,0015-05-30 13:04:00,15,5,30,13,4,750,116,"24, AVENUE DU PRESIDENT",,,Plein jour,En agglomération,Intersection à plus de 4 branches,Normale,Deux véhicules - côté,,,,,,,,,,,1,2,5,1,3
201500055841,0015-05-30 15:54:00,15,5,30,15,54,750,118,"54, RUE DE CLIGNANCOURT",,,Plein jour,En agglomération,Hors intersection,Normale,Autre collision,,,,,,,,,,,1,2,1,1,6
201500055842,0015-05-31 01:16:00,15,5,31,1,16,750,116,"10, ALLEE DU BORD DE L E",,,Nuit avec éclairage allumé,En agglomération,Hors intersection,Normale,Autre collision,,,,,,,,,,,5,2,1,1,6
201500055843,0015-06-01 18:45:00,15,6,1,18,45,750,101,RUE DE RIVOLI,,,Plein jour,En agglomération,Intersection en T,Normale,Deux véhicules - côté,,,,,,,,,,,1,2,3,1,3
201500055844,0015-06-02 07:18:00,15,6,2,7,18,750,111,BOULEVARD VOLTAIRE,,,Plein jour,En agglomération,Place,Normale,Deux véhicules - côté,,,,,,,,,,,1,2,7,1,3
201500055845,0015-06-02 19:25:00,15,6,2,19,25,750,115,PONT DE GRENELLE,,,Plein jour,En agglomération,Intersection en X,Normale,Autre collision,,,,,,,,,,,1,2,2,1,6
201500055846,0015-06-03 13:05:00,15,6,3,13,5,750,107,"20, AVENUE DE LA MOTTE P",,,Plein jour,En agglomération,Intersection en T,Normale,Deux véhicules - côté,,,,,,,,,,,1,2,3,1,3
201500055847,0015-06-05 06:05:00,15,6,5,6,5,750,120,PORTE DE BAGNOLET,,,Plein jour,En agglomération,Hors intersection,Normale,Sans collision,,,,,,,,,,,1,2,1,1,7
201500055848,0015-06-05 12:30:00,15,6,5,12,30,750,116,"76, RUE D AUTEUIL",,,Plein jour,En agglomération,Intersection en X,Normale,Autre collision,,,,,,,,,,,1,2,2,1,6
201500055849,0015-06-05 17:50:00,15,6,5,17,50,750,115,PORT DE GRENELLE,,,Plein jour,En agglomération,Hors intersection,Normale,Sans collision,,,,,,,,,,,1,2,1,1,7
201500055850,0015-06-05 18:48:00,15,6,5,18,48,750,115,"90, RUE DE LA FEDERATION",,,Plein jour,En agglomération,Hors intersection,Normale,Autre collision,,,,,,,,,,,1,2,1,1,6
201500055851,0015-06-09 21:27:00,15,6,9,21,27,750,108,"16, PLACE DE LA MADELEIN",,,Nuit avec éclairage allumé,En agglomération,Hors intersection,Normale,Autre collision,,,,,,,,,,,5,2,1,1,6
201500055852,0015-06-10 00:25:00,15,6,10,0,25,750,110,"**, BOULEVARD DE STRASBO",,,Nuit avec éclairage allumé,En agglomération,Intersection en X,Normale,Deux véhicules - frontale,,,,,,,,,,,5,2,2,1,1
201500055853,0015-06-10 05:50:00,15,6,10,5,50,750,116,ALLEE DU BORD DE L EAU,,,Crépuscule ou aube,En agglomération,Intersection en T,Normale,Deux véhicules - frontale,,,,,,,,,,,2,2,3,1,1
201500055854,0015-06-10 14:20:00,15,6,10,14,20,750,101,BOULEVARD DE SEBASTOPOL,,,Plein jour,En agglomération,Intersection en X,Normale,Autre collision,,,,,,,,,,,1,2,2,1,6
201500055855,0015-11-18 06:32:00,15,11,18,6,32,750,117,"48, RUE GUY MOQUET",,,Crépuscule ou aube,En agglomération,Intersection en X,Normale,Deux véhicules - côté,,,,,,,,,,,2,2,2,1,3
201500055856,0015-05-31 21:30:00,15,5,31,21,30,750,116,BOULEVARD LANNES,,,Nuit avec éclairage allumé,En agglomération,Intersection en X,Pluie légère,Deux véhicules - frontale,,,,,,,,,,,5,2,2,2,1
201500055857,0015-06-05 04:03:00,15,6,5,4,3,750,114,"23, RUE FROIDEVAUX",,,Nuit avec éclairage allumé,En agglomération,Hors intersection,Normale,Autre collision,,,,,,,,,,,5,2,1,1,6
201500055858,0015-06-06 20:27:00,15,6,6,20,27,750,120,RUE DES ORTEAUX,,,Plein jour,En agglomération,Intersection en X,Normale,Autre collision,,,,,,,,,,,1,2,2,1,6
201500055859,0015-06-07 20:30:00,15,6,7,20,30,750,112,"106, RUE DE REUILLY",,,Plein jour,En agglomération,Hors intersection,Normale,Deux véhicules - frontale,,,,,,,,,,,1,2,1,1,1
201500055860,0015-06-08 22:15:00,15,6,8,22,15,750,118,"6, BOULEVARD DE LA CHAPE",,,Nuit avec éclairage allumé,En agglomération,Intersection en T,Normale,Deux véhicules - côté,,,,,,,,,,,5,2,3,1,3
201500055861,0015-06-12 02:29:00,15,6,12,2,29,750,114,"176, AVENUE DU MAINE",,,Nuit avec éclairage allumé,En agglomération,Hors intersection,Pluie légère,Autre collision,,,,,,,,,,,5,2,1,2,6
201500055862,0015-06-12 07:45:00,15,6,12,7,45,750,116,BOULEVARD EXELMANS,,,Plein jour,En agglomération,Intersection en X,Normale,Deux véhicules - côté,,,,,,,,,,,1,2,2,1,3
201500055863,0015-06-13 21:47:00,15,6,13,21,47,750,118,"1, RUE LEON",,,Crépuscule ou aube,En agglomération,Intersection en X,Normale,Autre collision,,,,,,,,,,,2,2,2,1,6
201500055864,0015-06-14 01:20:00,15,6,14,1,20,750,116,BOULEVARD PERIPHERIQUE E,,,Nuit avec éclairage allumé,En agglomération,Hors intersection,Normale,Autre collision,,,,,,,,,,,5,2,1,1,6
201500055865,0015-06-15 07:40:00,15,6,15,7,40,750,117,BOULEVARD PERIPHERIQUE E,,,Plein jour,En agglomération,Hors intersection,Normale,Deux véhicules - côté,,,,,,,,,,,1,2,1,1,3
201500055866,0015-06-16 09:15:00,15,6,16,9,15,750,105,QUAI SAINT MICHEL,,,Plein jour,En agglomération,Intersection en X,Normale,Deux véhicules - côté,,,,,,,,,,,1,2,2,1,3
201500055867,0015-06-16 18:54:00,15,6,16,18,54,750,115,"31-37, QUAI DE GRENELLE",,,Plein jour,En agglomération,Hors intersection,Normale,Autre collision,,,,,,,,,,,1,2,1,1,6
201500055868,0015-06-17 15:08:00,15,6,17,15,8,750,117,"99, RUE DE ROME",48.53017,2.19073,Plein jour,En agglomération,Hors intersection,Normale,Deux véhicules - arrière,,,,,,,,,,,1,2,1,1,2
201500055869,0015-06-18 02:50:00,15,6,18,2,50,750,113,BOULEVARD PERIPHERIQUE E,,,Nuit avec éclairage allumé,En agglomération,Hors intersection,Normale,Autre collision,,,,,,,,,,,5,2,1,1,6
201500055870,0015-06-18 11:22:00,15,6,18,11,22,750,115,"146, RUE DE LA CROIX NIV",,,Plein jour,En agglomération,Intersection en T,Normale,Deux véhicules - côté,,,,,,,,,,,1,2,3,1,3
201500055871,0015-06-18 14:20:00,15,6,18,14,20,750,101,SOUTERRAIN TUILERIES,48.51397,2.19474,Plein jour,En agglomération,Hors intersection,Normale,Deux véhicules - arrière,,,,,,,,,,,1,2,1,1,2
201500055872,0015-06-19 12:50:00,15,6,19,12,50,750,116,"3, RUE PAUL VALERY",,,Plein jour,En agglomération,Intersection à plus de 4 branches,Normale,Autre collision,,,,,,,,,,,1,2,5,1,6
201500055873,0015-06-16 11:35:00,15,6,16,11,35,750,116,ROUTE DE SEVRES A NEUILL,,,Plein jour,En agglomération,Hors intersection,Normale,Autre collision,,,,,,,,,,,1,2,1,1,6
201500055874,0015-06-20 02:55:00,15,6,20,2,55,750,108,PLACE DE LA CONCORDE,,,Nuit avec éclairage allumé,En agglomération,Place,Normale,Deux véhicules - côté,,,,,,,,,,,5,2,7,1,3
201500055875,0015-06-20 23:55:00,15,6,20,23,55,750,117,AVENUE DE VILLIERS,,,Nuit avec éclairage allumé,En agglomération,Place,Normale,Deux véhicules - côté,,,,,,,,,,,5,2,7,1,3
201500055876,0015-06-21 23:40:00,15,6,21,23,40,750,108,"15, BOULEVARD MALESHERBE",,,Nuit avec éclairage allumé,En agglomération,Hors intersection,Normale,Deux véhicules - côté,,,,,,,,,,,5,2,1,1,3
201500055877,0015-06-22 07:55:00,15,6,22,7,55,750,113,BOULEVARD PERIPHERIQUE E,48.49337,2.23148,Plein jour,En agglomération,Hors intersection,Normale,Trois véhicules et plus - en chaîne,,,,,,,,,,,1,2,1,1,4
201500055878,0015-06-22 08:24:00,15,6,22,8,24,750,120,"76, RUE HAXO",,,Plein jour,En agglomération,Intersection en T,Normale,Autre collision,,,,,,,,,,,1,2,3,1,6
201500055879,0015-06-21 21:10:00,15,6,21,21,10,750,113,"24, BOULEVARD DU GENERAL",,,Nuit avec éclairage allumé,En agglomération,Hors intersection,Normale,Autre collision,,,,,,,,,,,5,2,1,1,6
201500055880,0015-06-23 09:11:00,15,6,23,9,11,750,117,"11BIS, BOULEVARD BERTHIE",48.53367,2.18412,Plein jour,En agglomération,Hors intersection,Normale,Trois véhicules et plus - en chaîne,,,,,,,,,,,1,2,1,1,4
201500055881,0015-06-23 21:45:00,15,6,23,21,45,750,116,ALLEE DE LONGCHAMP,,,Plein jour,En agglomération,Hors intersection,Normale,Deux véhicules - arrière,,,,,,,,,,,1,2,1,1,2
201500055882,0015-06-24 09:48:00,15,6,24,9,48,750,117,BOULEVARD PERIPHERIQUE E,,,Plein jour,En agglomération,Hors intersection,Normale,Deux véhicules - arrière,,,,,,,,,,,1,2,1,1,2
201500055883,0015-06-25 06:10:00,15,6,25,6,10,750,108,"32, RUE TRONCHET",,,Plein jour,En agglomération,Intersection en X,Normale,Deux véhicules - côté,,,,,,,,,,,1,2,2,1,3
201500055884,0015-06-29 11:10:00,15,6,29,11,10,750,108,"55, RUE DE ROME",,,Plein jour,En agglomération,Hors intersection,Normale,Autre collision,,,,,,,,,,,1,2,1,1,6
201500055885,0015-06-27 14:20:00,15,6,27,14,20,750,118,"72, RUE DOUDEAUVILLE",48.53181,2.2107,Plein jour,En agglomération,Intersection en X,Normale,Deux véhicules - arrière,,,,,,,,,,,1,2,2,1,2
201500055886,0015-06-29 16:35:00,15,6,29,16,35,750,112,BOULEVARD PERIPHERIQUE E,48.50092,2.24441,Plein jour,En agglomération,Hors intersection,Normale,Deux véhicules - côté,,,,,,,,,,,1,2,1,1,3
201500055887,0015-06-25 21:26:00,15,6,25,21,26,750,114,"46, BOULEVARD BRUNE",,,Plein jour,En agglomération,Hors intersection,Normale,Autre collision,,,,,,,,,,,1,2,1,1,6
201500055888,0015-07-01 02:20:00,15,7,1,2,20,750,103,"01, RUE COMMINES",,,Nuit avec éclairage allumé,En agglomération,Intersection en Y,Normale,Sans collision,,,,,,,,,,,5,2,4,1,7
201500055889,0015-07-01 14:45:00,15,7,1,14,45,750,107,"60, AVENUE DE LA BOURDON",,,Plein jour,En agglomération,Intersection en Y,Normale,Autre collision,,,,,,,,,,,1,2,4,1,6
201500055890,0015-06-28 12:39:00,15,6,28,12,39,750,113,BOULEVARD SAINT MARCEL,,,Plein jour,En agglomération,Intersection en X,Normale,Deux véhicules - côté,,,,,,,,,,,1,2,2,1,3
201500055891,0015-07-01 23:51:00,15,7,1,23,51,750,120,BOULEVARD PERIPHERIQUE E,,,Nuit avec éclairage allumé,En agglomération,Hors intersection,Normale,Deux véhicules - arrière,,,,,,,,,,,5,2,1,1,2
201500055892,0015-07-02 19:55:00,15,7,2,19,55,750,105,"63, BOULEVARD SAINT MICH",,,Plein jour,En agglomération,Intersection en X,Normale,Autre collision,,,,,,,,,,,1,2,2,1,6
201500055893,0015-07-03 10:20:00,15,7,3,10,20,750,119,BOULEVARD MACDONALD,,,Plein jour,En agglomération,Hors intersection,Normale,Autre collision,,,,,,,,,,,1,2,1,1,6
201500055894,0015-07-04 03:42:00,15,7,4,3,42,750,112,BOULEVARD PERIPHERIQUE I,,,Nuit avec éclairage allumé,En agglomération,Hors intersection,Normale,Sans collision,,,,,,,,,,,5,2,1,1,7
201500055895,0015-07-05 15:10:00,15,7,5,15,10,750,113,BOULEVARD VINCENT AURIOL,,,Plein jour,En agglomération,Place,Normale,Deux véhicules - côté,,,,,,,,,,,1,2,7,1,3
201500055896,0015-07-06 17:50:00,15,7,6,17,50,750,118,AVENUE DE LA PORTE DE LA,,,Plein jour,En agglomération,Hors intersection,Normale,Autre collision,,,,,,,,,,,1,2,1,1,6
201500055897,0015-07-06 16:45:00,15,7,6,16,45,750,116,"114, AVENUE DE VERSAILLE",,,Plein jour,En agglomération,Hors intersection,Normale,Autre collision,,,,,,,,,,,1,2,1,1,6
201500055898,0015-07-07 19:40:00,15,7,7,19,40,750,117,"51, BOULEVARD BESSIERES",,,Plein jour,En agglomération,Intersection en X,Normale,Deux véhicules - côté,,,,,,,,,,,1,2,2,1,3
201500055899,0015-07-09 03:56:00,15,7,9,3,56,750,119,"/, RUE ALEXANDER FLEMING",,,Nuit avec éclairage allumé,En agglomération,Hors intersection,Normale,Autre collision,,,,,,,,,,,5,2,1,1,6
201500055900,0015-07-10 16:09:00,15,7,10,16,9,750,112,BOULEVARD PONIATOWSKI,48.82975,2.39133,Plein jour,En agglomération,Hors intersection,Normale,Deux véhicules - arrière,,,,,,,,,,,1,2,1,1,2
201500055901,0015-07-10 23:18:00,15,7,10,23,18,750,115,"13, AVENUE FELIX FAURE",,,Nuit avec éclairage allumé,En agglomération,Hors intersection,Normale,Autre collision,,,,,,,,,,,5,2,1,1,6
201500055902,0015-07-12 15:19:00,15,7,12,15,19,750,113,"130, BOULEVARD MASSENA",,,Plein jour,En agglomération,Intersection en X,Normale,Deux véhicules - côté,,,,,,,,,,,1,2,2,1,3
201500055903,0015-07-13 00:58:00,15,7,13,0,58,750,119,"32, RUE BOTZARIS",,,Nuit avec éclairage allumé,En agglomération,Intersection en T,Normale,Autre collision,,,,,,,,,,,5,2,3,1,6
201500055904,0015-07-13 06:45:00,15,7,13,6,45,750,116,RUE JEAN DE LA FONTAINE,,,Plein jour,En agglomération,Intersection en X,Normale,Autre collision,,,,,,,,,,,1,2,2,1,6
201500055905,0015-07-15 08:17:00,15,7,15,8,17,750,113,"127, RUE DE LA GLACIERE",,,Plein jour,En agglomération,Hors intersection,Normale,Autre collision,,,,,,,,,,,1,2,1,1,6
201500055906,0015-07-15 12:52:00,15,7,15,12,52,750,112,"85, AVENUE LEDRU ROLLIN",,,Plein jour,En agglomération,Intersection à plus de 4 branches,Normale,Trois véhicules et plus - collisions multiples,,,,,,,,,,,1,2,5,1,5
201500055907,0015-07-16 05:18:00,15,7,16,5,18,750,112,PLACE MAZAS,,,Crépuscule ou aube,En agglomération,Hors intersection,Normale,Sans collision,,,,,,,,,,,2,2,1,1,7
201500055908,0015-07-17 18:10:00,15,7,17,18,10,750,119,"326, RUE DE BELLEVILLE",,,Plein jour,En agglomération,Hors intersection,Normale,Autre collision,,,,,,,,,,,1,2,1,1,6