accident_id,datetime,annee,mois,jour,heure,minute,departement,commune_insee,adresse,latitude,longitude,luminosite,agglomeration,intersection,meteo,collision,nb_vehicules,nb_usagers,nb_indemnes,nb_tues,nb_blesses_hosp,nb_blesses_legers,age_cond_1,age_cond_2,veh_type_cond_1,veh_type_cond_2,lum_code,agg_code,int_code,atm_code,col_code
201500055909,0015-07-18 02:17:00,15,7,18,2,17,750,104,"/, RUE DE RIVOLI",,,Nuit avec éclairage allumé,En agglomération,Intersection en X,Normale,Deux véhicules - côté,,,,,,,,,,,5,2,2,1,3
201500055910,0015-07-19 11:40:00,15,7,19,11,40,750,115,AVENUE FELIX FAURE,,,Plein jour,En agglomération,Intersection en X,Normale,Deux véhicules - côté,,,,,,,,,,,1,2,2,1,3
201500055911,0015-07-19 16:15:00,15,7,19,16,15,750,117,"48, AVENUE DE SAINT OUEN",,,Plein jour,En agglomération,Intersection en X,Normale,Deux véhicules - côté,,,,,,,,,,,1,2,2,1,3
201500055912,0015-07-21 13:45:00,15,7,21,13,45,750,120,"211-221, AVENUE GAMBETTA",48.51519,2.23363,Plein jour,En agglomération,Hors intersection,Normale,Autre collision,,,,,,,,,,,1,2,1,1,6
201500055913,0015-07-22 07:00:00,15,7,22,7,0,750,115,"221, RUE DE LA CROIX NIV",,,Plein jour,En agglomération,Intersection à plus de 4 branches,Normale,Sans collision,,,,,,,,,,,1,2,5,1,7
201500055914,0015-07-26 04:00:00,15,7,26,4,0,750,117,BOULEVARD PERIPHERIQUE E,,,Nuit avec éclairage allumé,En agglomération,Hors intersection,Normale,Autre collision,,,,,,,,,,,5,2,1,1,6
201500055915,0015-07-26 15:03:00,15,7,26,15,3,750,101,"/, QUAI DU LOUVRE",,,Plein jour,En agglomération,Intersection à plus de 4 branches,Pluie légère,Sans collision,,,,,,,,,,,1,2,5,2,7
201500055916,0015-07-29 09:07:00,15,7,29,9,7,750,112,BOULEVARD PERIPHERIQUE I,,,Plein jour,En agglomération,Hors intersection,Normale,Trois véhicules et plus - collisions multiples,,,,,,,,,,,1,2,1,1,5
201500055917,0015-07-30 17:55:00,15,7,30,17,55,750,112,BOULEVARD PERIPHERIQUE I,,,Plein jour,En agglomération,Hors intersection,Normale,Deux véhicules - arrière,,,,,,,,,,,1,2,1,1,2
201500055918,0015-07-31 11:20:00,15,7,31,11,20,750,112,BOULEVARD PERIPHERIQUE I,,,Plein jour,En agglomération,Hors intersection,Normale,Deux véhicules - arrière,,,,,,,,,,,1,2,1,1,2
201500055919,0015-07-31 14:20:00,15,7,31,14,20,750,110,"144, BOULEVARD DE MAGENT",,,Plein jour,En agglomération,Hors intersection,Normale,Deux véhicules - côté,,,,,,,,,,,1,2,1,1,3
201500055920,0015-07-31 20:50:00,15,7,31,20,50,750,119,RUE DE L ORME,,,Plein jour,En agglomération,Intersection en T,Normale,Deux véhicules - frontale,,,,,,,,,,,1,2,3,1,1
201500055921,0015-08-01 04:10:00,15,8,1,4,10,750,113,"/, BOULEVARD MASSENA",,,Nuit avec éclairage allumé,En agglomération,Intersection à plus de 4 branches,Normale,Deux véhicules - côté,,,,,,,,,,,5,2,5,1,3
201500055922,0015-08-01 10:15:00,15,8,1,10,15,750,112,AVENUE DE LA PORTE DE CH,,,Plein jour,En agglomération,Intersection à plus de 4 branches,Normale,Deux véhicules - côté,,,,,,,,,,,1,2,5,1,3
201500055923,0015-08-01 15:15:00,15,8,1,15,15,750,112,"/, PONT D AUSTERLITZ",,,Plein jour,En agglomération,Hors intersection,Normale,Deux véhicules - frontale,,,,,,,,,,,1,2,1,1,1
201500055924,0015-08-01 21:52:00,15,8,1,21,52,750,107,QUAI ANATOLE FRANCE,,,Nuit avec éclairage allumé,En agglomération,Intersection en X,Normale,Deux véhicules - côté,,,,,,,,,,,5,2,2,1,3
201500055925,0015-08-04 14:14:00,15,8,4,14,14,750,111,"131, BOULEVARD DE MENILM",48.86639,2.38275,Plein jour,En agglomération,Hors intersection,Normale,Autre collision,,,,,,,,,,,1,2,1,1,6
201500055926,0015-08-09 15:49:00,15,8,9,15,49,750,111,BOULEVARD RICHARD LENOIR,,,Plein jour,En agglomération,Hors intersection,Normale,Deux véhicules - frontale,,,,,,,,,,,1,2,1,1,1
201500055927,0015-08-09 22:22:00,15,8,9,22,22,750,114,"06, AVENUE PAUL APPELL",,,Nuit avec éclairage allumé,En agglomération,Intersection en T,Normale,Autre collision,,,,,,,,,,,5,2,3,1,6
201500055928,0015-08-10 15:00:00,15,8,10,15,0,750,120,PORTE DE BAGNOLET,,,Plein jour,En agglomération,Hors intersection,Normale,Autre collision,,,,,,,,,,,1,2,1,1,6
201500055929,0015-08-11 18:15:00,15,8,11,18,15,750,120,AVENUE CARTELLIER,,,Plein jour,En agglomération,Intersection en Y,Normale,Autre collision,,,,,,,,,,,1,2,4,1,6
201500055930,0015-08-11 19:17:00,15,8,11,19,17,750,103,"03, RUE BLONDEL",,,Plein jour,En agglomération,Intersection en X,Normale,Autre collision,,,,,,,,,,,1,2,2,1,6
201500055931,0015-08-12 08:25:00,15,8,12,8,25,750,101,PONT ROYAL,,,Plein jour,En agglomération,Hors intersection,Normale,Autre collision,,,,,,,,,,,1,2,1,1,6
201500055932,0015-08-12 22:33:00,15,8,12,22,33,750,101,"23, AVENUE DE L OPERA",,,Nuit avec éclairage allumé,En agglomération,Intersection à plus de 4 branches,Normale,Deux véhicules - côté,,,,,,,,,,,5,2,5,1,3
201500055933,0015-08-13 13:45:00,15,8,13,13,45,750,102,"105, BOULEVARD DE SEBAST",,,Plein jour,En agglomération,Intersection en X,Normale,Autre collision,,,,,,,,,,,1,2,2,1,6
201500055934,0015-08-14 05:23:00,15,8,14,5,23,750,119,"196, BOULEVARD DE LA VIL",,,Nuit avec éclairage allumé,En agglomération,Hors intersection,Pluie légère,Autre collision,,,,,,,,,,,5,2,1,2,6
201500055935,0015-08-14 06:08:00,15,8,14,6,8,750,106,PLACE SAINT MICHEL,,,Nuit avec éclairage allumé,En agglomération,Place,Normale,Deux véhicules - côté,,,,,,,,,,,5,2,7,1,3
201500055936,0015-08-17 08:39:00,15,8,17,8,39,750,109,RUE DE BRUXELLES,,,Plein jour,En agglomération,Intersection en X,Normale,Deux véhicules - côté,,,,,,,,,,,1,2,2,1,3
201500055937,0015-08-17 10:15:00,15,8,17,10,15,750,113,PONT DE BERCY,,,Plein jour,En agglomération,Hors intersection,Normale,Autre collision,,,,,,,,,,,1,2,1,1,6
201500055938,0015-08-17 16:09:00,15,8,17,16,9,750,110,"29, RUE DU TERRAGE",48.87757,2.36186,Plein jour,En agglomération,Hors intersection,Normale,Autre collision,,,,,,,,,,,1,2,1,1,6
201500055939,0015-08-19 13:28:00,15,8,19,13,28,750,107,BOULEVARD DES INVALIDES,,,Plein jour,En agglomération,Intersection en X,Normale,Deux véhicules - côté,,,,,,,,,,,1,2,2,1,3
201500055940,0015-08-21 04:16:00,15,8,21,4,16,750,115,"55/57, BOULEVARD PASTEUR",,,Nuit avec éclairage allumé,En agglomération,Intersection en X,Normale,Deux véhicules - côté,,,,,,,,,,,5,2,2,1,3
201500055941,0015-08-21 10:10:00,15,8,21,10,10,750,116,"13, BOULEVARD MURAT",48.84667,2.25806,Plein jour,En agglomération,Hors intersection,Normale,Autre collision,,,,,,,,,,,1,2,1,1,6
201500055942,0015-08-22 18:00:00,15,8,22,18,0,750,117,"133, AVENUE DE SAINT OUE",,,Plein jour,En agglomération,Intersection en T,Normale,Autre collision,,,,,,,,,,,1,2,3,1,6
201500055943,0015-08-23 05:38:00,15,8,23,5,38,750,112,RUE DE CHARENTON,48.84233,2.38632,Crépuscule ou aube,En agglomération,Intersection en X,Normale,Autre collision,,,,,,,,,,,2,2,2,1,6
201500055944,0015-08-23 18:38:00,15,8,23,18,38,750,112,QUAI DE LA RAPEE,,,Plein jour,En agglomération,Hors intersection,Normale,Deux véhicules - côté,,,,,,,,,,,1,2,1,1,3
201500055945,0015-08-24 09:55:00,15,8,24,9,55,750,106,"17, QUAI MALAQUAIS",,,Plein jour,En agglomération,Hors intersection,Pluie légère,Deux véhicules - côté,,,,,,,,,,,1,2,1,2,3
201500055946,0015-08-29 03:29:00,15,8,29,3,29,750,104,"1, BOULEVARD MORLAND",,,Nuit avec éclairage allumé,En agglomération,Intersection en T,Normale,Autre collision,,,,,,,,,,,5,2,3,1,6
201500055947,0015-08-29 19:30:00,15,8,29,19,30,750,118,"11, RUE DE LA GOUTTE D O",,,Crépuscule ou aube,En agglomération,Hors intersection,Normale,Autre collision,,,,,,,,,,,2,2,1,1,6
201500055948,0015-08-30 21:20:00,15,8,30,21,20,750,110,"153, RUE LA FAYETTE",,,Nuit avec éclairage allumé,En agglomération,Hors intersection,Normale,Autre collision,,,,,,,,,,,5,2,1,1,6
201500055949,0015-08-31 06:00:00,15,8,31,6,0,750,118,"62, AVENUE DE CLICHY",,,Nuit avec éclairage allumé,En agglomération,Intersection en Y,Normale,Deux véhicules - arrière,,,,,,,,,,,5,2,4,1,2
201500055950,0015-08-31 19:00:00,15,8,31,19,0,750,105,PLACE VALHUBERT,,,Plein jour,En agglomération,Place,Normale,Sans collision,,,,,,,,,,,1,2,7,1,7
201500055951,0015-09-02 15:25:00,15,9,2,15,25,750,115,"196, RUE DE LA CONVENTIO",,,Plein jour,En agglomération,Hors intersection,Normale,Autre collision,,,,,,,,,,,1,2,1,1,6
201500055952,0015-09-03 00:34:00,15,9,3,0,34,750,105,"46, RUE SAINT JACQUES",,,Nuit avec éclairage allumé,En agglomération,Intersection en X,Normale,Deux véhicules - côté,,,,,,,,,,,5,2,2,1,3
201500055953,0015-09-03 23:12:00,15,9,3,23,12,750,116,AVENUE DE LA PORTE DE SA,,,Nuit avec éclairage allumé,En agglomération,Place,Normale,Deux véhicules - côté,,,,,,,,,,,5,2,7,1,3
201500055954,0015-09-04 15:37:00,15,9,4,15,37,750,109,BOULEVARD HAUSSMANN,,,Plein jour,En agglomération,Intersection en X,Normale,Deux véhicules - côté,,,,,,,,,,,1,2,2,1,3
201500055955,0015-09-07 18:30:00,15,9,7,18,30,750,107,"22, RUE DE SEVRES",,,Plein jour,En agglomération,Intersection en Y,Normale,Sans collision,,,,,,,,,,,1,2,4,1,7
201500055956,0015-09-08 09:45:00,15,9,8,9,45,750,120,BOULEVARD PERIPHERIQUE E,,,Plein jour,En agglomération,Hors intersection,Normale,Autre collision,,,,,,,,,,,1,2,1,1,6
201500055957,0015-09-09 05:28:00,15,9,9,5,28,750,116,"98, AVENUE HENRI MARTIN",,,Nuit avec éclairage allumé,En agglomération,Intersection à plus de 4 branches,Normale,Autre collision,,,,,,,,,,,5,2,5,1,6
201500055958,0015-09-09 14:45:00,15,9,9,14,45,750,114,"115, BOULEVARD BRUNE",,,Plein jour,En agglomération,Hors intersection,Normale,Deux véhicules - côté,,,,,,,,,,,1,2,1,1,3
201500055959,0015-09-10 16:00:00,15,9,10,16,0,750,116,BOULEVARD PERIPHERIQUE I,,,Plein jour,En agglomération,Hors intersection,Normale,Trois véhicules et plus - en chaîne,,,,,,,,,,,1,2,1,1,4
201500055960,0015-09-10 16:45:00,15,9,10,16,45,750,106,"5, QUAI DE CONTI",,,Plein jour,En agglomération,Intersection en T,Normale,Deux véhicules - côté,,,,,,,,,,,1,2,3,1,3
201500055961,0015-09-11 00:06:00,15,9,11,0,6,750,115,PLACE DU MOULIN DE JAVEL,,,Nuit avec éclairage allumé,En agglomération,Intersection en Y,Normale,Sans collision,,,,,,,,,,,5,2,4,1,7
201500055962,0015-09-11 13:20:00,15,9,11,13,20,750,107,"35, QUAI D ORSAY",,,Plein jour,En agglomération,Hors intersection,Normale,Deux véhicules - côté,,,,,,,,,,,1,2,1,1,3
201500055963,0015-09-11 14:53:00,15,9,11,14,53,750,114,"5 BIS, RUE D ALESIA",,,Plein jour,En agglomération,Hors intersection,Normale,Trois véhicules et plus - en chaîne,,,,,,,,,,,1,2,1,1,4
201500055964,0015-09-11 22:12:00,15,9,11,22,12,750,104,VOIE GEORGES POMPIDOU,,,Nuit avec éclairage allumé,En agglomération,Intersection en Y,Normale,Autre collision,,,,,,,,,,,5,2,4,1,6
201500055965,0015-09-12 10:35:00,15,9,12,10,35,750,117,"145, BOULEVARD MALESHERB",,,Plein jour,En agglomération,Hors intersection,Pluie forte,Autre collision,,,,,,,,,,,1,2,1,3,6
201500055966,0015-09-15 05:47:00,15,9,15,5,47,750,116,"86, BOULEVARD EXELMANS",,,Nuit avec éclairage allumé,En agglomération,Intersection en X,Normale,Deux véhicules - côté,,,,,,,,,,,5,2,2,1,3
201500055967,0015-09-15 17:23:00,15,9,15,17,23,750,116,BOULEVARD PERIPHERIQUE I,,,Plein jour,En agglomération,Hors intersection,Normale,Autre collision,,,,,,,,,,,1,2,1,1,6
201500055968,0015-09-16 06:15:00,15,9,16,6,15,750,108,PONT ALEXANDRE III,,,Nuit avec éclairage allumé,En agglomération,Intersection à plus de 4 branches,Pluie légère,Autre collision,,,,,,,,,,,5,2,5,2,6
201500055969,0015-09-17 02:10:00,15,9,17,2,10,750,119,RUE CURIAL,,,Nuit avec éclairage allumé,En agglomération,Intersection à plus de 4 branches,Normale,Deux véhicules - côté,,,,,,,,,,,5,2,5,1,3
201500055970,0015-09-18 03:43:00,15,9,18,3,43,750,112,VOIE GEORGES POMPIDOU,,,Nuit avec éclairage allumé,En agglomération,Hors intersection,Normale,Sans collision,,,,,,,,,,,5,2,1,1,7
201500055971,0015-09-19 03:18:00,15,9,19,3,18,750,114,PLACE DENFERT ROCHEREAU,,,Nuit avec éclairage allumé,En agglomération,Place,Normale,Deux véhicules - côté,,,,,,,,,,,5,2,7,1,3
201500055972,0015-09-21 06:25:00,15,9,21,6,25,750,107,"29, BOULEVARD DES INVALI",,,Nuit avec éclairage allumé,En agglomération,Hors intersection,Normale,Deux véhicules - côté,,,,,,,,,,,5,2,1,1,3
201500055973,0015-09-22 12:36:00,15,9,22,12,36,750,117,"06, AVENUE DE LA PORTE D",,,Plein jour,En agglomération,Hors intersection,Pluie forte,Autre collision,,,,,,,,,,,1,2,1,3,6
201500055974,0015-09-22 16:55:00,15,9,22,16,55,750,114,BOULEVARD BRUNE,,,Plein jour,En agglomération,Intersection en X,Normale,Deux véhicules - côté,,,,,,,,,,,1,2,2,1,3
201500055975,0015-09-23 00:10:00,15,9,23,0,10,750,108,"34, AVENUE DES CHAMPS EL",,,Nuit avec éclairage allumé,En agglomération,Hors intersection,Pluie légère,Deux véhicules - arrière,,,,,,,,,,,5,2,1,2,2
201500055976,0015-09-23 01:33:00,15,9,23,1,33,750,106,"01, BOULEVARD DU MONTPAR",,,Nuit avec éclairage allumé,En agglomération,Intersection en X,Normale,Deux véhicules - arrière,,,,,,,,,,,5,2,2,1,2
201500055977,0015-09-24 00:05:00,15,9,24,0,5,750,107,RUE DES SAINTS PERES,,,Nuit avec éclairage allumé,En agglomération,Intersection en T,Normale,Deux véhicules - arrière,,,,,,,,,,,5,2,3,1,2
201500055978,0015-09-24 09:03:00,15,9,24,9,3,750,106,QUAI DES GRANDS AUGUSTIN,,,Plein jour,En agglomération,Intersection à plus de 4 branches,Normale,Deux véhicules - côté,,,,,,,,,,,1,2,5,1,3
201500055979,0015-09-24 16:55:00,15,9,24,16,55,750,113,"05, RUE DAMESME",,,Plein jour,En agglomération,Hors intersection,Normale,Autre collision,,,,,,,,,,,1,2,1,1,6
201500055980,0015-09-24 16:54:00,15,9,24,16,54,750,112,QUAI DE LA RAPEE,,,Plein jour,En agglomération,Intersection en X,Normale,Deux véhicules - côté,,,,,,,,,,,1,2,2,1,3
201500055981,0015-09-26 03:23:00,15,9,26,3,23,750,117,"67, AVENUE DE CLICHY",,,Nuit avec éclairage allumé,En agglomération,Intersection en Y,Normale,Autre collision,,,,,,,,,,,5,2,4,1,6
201500055982,0015-09-27 06:50:00,15,9,27,6,50,750,112,BOULEVARD PERIPHERIQUE I,,,Crépuscule ou aube,En agglomération,Hors intersection,Normale,Deux véhicules - arrière,,,,,,,,,,,2,2,1,1,2
201500055983,0015-09-27 18:15:00,15,9,27,18,15,750,119,"55, RUE DE L OURCQ",,,Plein jour,En agglomération,Hors intersection,Normale,Autre collision,,,,,,,,,,,1,2,1,1,6
201500055984,0015-09-28 00:42:00,15,9,28,0,42,750,108,"116, AVENUE DES CHAMPS E",,,Nuit avec éclairage allumé,En agglomération,Intersection en X,Normale,Deux véhicules - côté,,,,,,,,,,,5,2,2,1,3
201500055985,0015-09-29 09:08:00,15,9,29,9,8,750,116,PLACE DE VARSOVIE,,,Plein jour,En agglomération,Place,Normale,Deux véhicules - côté,,,,,,,,,,,1,2,7,1,3
201500055986,0015-09-30 10:20:00,15,9,30,10,20,750,116,"111, BOULEVARD SUCHET",,,Plein jour,En agglomération,Place,Normale,Deux véhicules - côté,,,,,,,,,,,1,2,7,1,3
201500055987,0015-09-30 16:10:00,15,9,30,16,10,750,117,RUE CARDINET,,,Plein jour,En agglomération,Hors intersection,Normale,Deux véhicules - frontale,,,,,,,,,,,1,2,1,1,1
201500055988,0015-09-30 19:20:00,15,9,30,19,20,750,117,"113, AVENUE DE SAINT OUE",,,Nuit avec éclairage allumé,En agglomération,Hors intersection,Normale,Deux véhicules - côté,,,,,,,,,,,5,2,1,1,3
201500055989,0015-10-01 01:15:00,15,10,1,1,15,750,113,BOULEVARD PERIPHERIQUE I,,,Nuit avec éclairage allumé,En agglomération,Hors intersection,Normale,Autre collision,,,,,,,,,,,5,2,1,1,6
201500055990,0015-10-01 13:51:00,15,10,1,13,51,750,117,AVENUE STEPHANE MALLARME,48.88744,-2.2947,Plein jour,En agglomération,Intersection à plus de 4 branches,Normale,Deux véhicules - côté,,,,,,,,,,,1,2,5,1,3
201500055991,0015-10-06 11:45:00,15,10,6,11,45,750,103,"89, RUE DE TURBIGO",,,Plein jour,En agglomération,Intersection à plus de 4 branches,Pluie légère,Autre collision,,,,,,,,,,,1,2,5,2,6
201500055992,0015-10-07 09:32:00,15,10,7,9,32,750,113,"80, RUE DE TOLBIAC",48.827,2.36639,Plein jour,En agglomération,Hors intersection,Normale,Autre collision,,,,,,,,,,,1,2,1,1,6
201500055993,0015-10-07 18:27:00,15,10,7,18,27,750,117,"51, RUE DES EPINETTES",,,Plein jour,En agglomération,Intersection en X,Normale,Autre collision,,,,,,,,,,,1,2,2,1,6
201500055994,0015-10-08 08:40:00,15,10,8,8,40,750,117,"02, RUE DE THANN",48.88077,2.30911,Plein jour,En agglomération,Place,Normale,Deux véhicules - frontale,,,,,,,,,,,1,2,7,1,1
201500055995,0015-10-08 20:39:00,15,10,8,20,39,750,109,"36, RUE DE PROVENCE",,,Nuit avec éclairage allumé,En agglomération,Hors intersection,Normale,Autre collision,,,,,,,,,,,5,2,1,1,6
201500055996,0015-10-10 22:47:00,15,10,10,22,47,750,119,"111, RUE DE MEAUX",,,Nuit avec éclairage allumé,En agglomération,Hors intersection,Normale,Autre collision,,,,,,,,,,,5,2,1,1,6
201500055997,0015-10-12 23:09:00,15,10,12,23,9,750,116,AVENUE DU PRESIDENT KENN,,,Nuit avec éclairage allumé,En agglomération,Intersection en T,Normale,Autre collision,,,,,,,,,,,5,2,3,1,6
201500055998,0015-10-15 16:37:00,15,10,15,16,37,750,115,", AVENUE EMILE ZOLA",,,Plein jour,En agglomération,Intersection à plus de 4 branches,Normale,Deux véhicules - côté,,,,,,,,,,,1,2,5,1,3
201500055999,0015-10-15 20:28:00,15,10,15,20,28,750,116,"56, AVENUE MARCEAU",,,Nuit avec éclairage allumé,En agglomération,Intersection à plus de 4 branches,Normale,Deux véhicules - côté,,,,,,,,,,,5,2,5,1,3
201500056000,0015-10-16 23:30:00,15,10,16,23,30,750,112,"35, RUE DE LYON",,,Nuit avec éclairage allumé,En agglomération,Intersection en X,Normale,Autre collision,,,,,,,,,,,5,2,2,1,6
201500056001,0015-10-17 21:24:00,15,10,17,21,24,750,116,AVENUE DU GENERAL SARRAI,,,Nuit avec éclairage allumé,En agglomération,Hors intersection,Pluie légère,Autre collision,,,,,,,,,,,5,2,1,2,6
201500056002,0015-10-18 20:46:00,15,10,18,20,46,750,118,BOULEVARD DE LA CHAPELLE,,,Nuit avec éclairage allumé,En agglomération,Place,Normale,Deux véhicules - côté,,,,,,,,,,,5,2,7,1,3
201500056003,0015-10-19 15:39:00,15,10,19,15,39,750,103,RUE DE BRETAGNE,,,Plein jour,En agglomération,Hors intersection,Normale,Autre collision,,,,,,,,,,,1,2,1,1,6
201500056004,0015-10-21 20:30:00,15,10,21,20,30,750,117,"24, BOULEVARD BESSIERES",,,Nuit avec éclairage allumé,En agglomération,Hors intersection,Pluie légère,Autre collision,,,,,,,,,,,5,2,1,2,6
201500056005,0015-10-22 10:43:00,15,10,22,10,43,750,119,"/, PLACE SKANDERBEG",,,Plein jour,En agglomération,Place,Normale,Deux véhicules - côté,,,,,,,,,,,1,2,7,1,3
201500056006,0015-10-24 04:42:00,15,10,24,4,42,750,111,BOULEVARD VOLTAIRE,,,Nuit avec éclairage allumé,En agglomération,Intersection en T,Normale,Deux véhicules - côté,,,,,,,,,,,5,2,3,1,3
201500056007,0015-10-25 20:07:00,15,10,25,20,7,750,112,"327, RUE DE CHARENTON",,,Nuit avec éclairage allumé,En agglomération,Intersection en T,Normale,Deux véhicules - côté,,,,,,,,,,,5,2,3,1,3
201500056008,0015-10-26 17:47:00,15,10,26,17,47,750,101,VOIE GEORGES POMPIDOU,,,Plein jour,En agglomération,Hors intersection,Normale,Deux véhicules - côté,,,,,,,,,,,1,2,1,1,3
201500056009,0015-10-26 19:29:00,15,10,26,19,29,750,116,"28, AVENUE VICTOR HUGO",48.87191,2.2905,Nuit avec éclairage allumé,En agglomération,Intersection en T,Normale,Deux véhicules - arrière,,,,,,,,,,,5,2,3,1,2
201500056010,0015-10-27 15:01:00,15,10,27,15,1,750,112,BOULEVARD PERIPHERIQUE I,,,Plein jour,En agglomération,Hors intersection,Normale,Autre collision,,,,,,,,,,,1,2,1,1,6
201500056011,0015-10-28 02:53:00,15,10,28,2,53,750,110,"53, BOULEVARD DE MAGENTA",,,Nuit avec éclairage allumé,En agglomération,Hors intersection,Pluie légère,Autre collision,,,,,,,,,,,5,2,1,2,6
201500056012,0015-10-28 05:12:00,15,10,28,5,12,750,116,ALLEE DE LONGCHAMP,,,Nuit avec éclairage allumé,En agglomération,Intersection en X,Pluie légère,Deux véhicules - frontale,,,,,,,,,,,5,2,2,2,1
201500056013,0015-10-29 19:33:00,15,10,29,19,33,750,115,"72, RUE HENRY FARMAN",,,Crépuscule ou aube,En agglomération,Hors intersection,Normale,Deux véhicules - arrière,,,,,,,,,,,2,2,1,1,2
201500056014,0015-10-29 22:17:00,15,10,29,22,17,750,116,PLACE DE COLOMBIE,,,Nuit avec éclairage allumé,En agglomération,Place,Normale,Deux véhicules - côté,,,,,,,,,,,5,2,7,1,3
201500056015,0015-10-30 21:50:00,15,10,30,21,50,750,108,"43, RUE DE ROME",,,Nuit avec éclairage allumé,En agglomération,Intersection en X,Normale,Deux véhicules - côté,,,,,,,,,,,5,2,2,1,3
201500056016,0015-10-31 01:39:00,15,10,31,1,39,750,112,"48, BOULEVARD DE BERCY",,,Nuit avec éclairage non allumé,En agglomération,Intersection en Y,Normale,Autre collision,,,,,,,,,,,4,2,4,1,6
201500056017,0015-10-31 21:43:00,15,10,31,21,43,750,116,"84, AVENUE PAUL DOUMER",,,Nuit avec éclairage allumé,En agglomération,Intersection à plus de 4 branches,Normale,Autre collision,,,,,,,,,,,5,2,5,1,6
201500056018,0015-11-01 05:40:00,15,11,1,5,40,750,111,"07, RUE DE CHARONNE",,,Nuit avec éclairage allumé,En agglomération,Hors intersection,Normale,Autre collision,,,,,,,,,,,5,2,1,1,6
201500056019,0015-11-03 08:35:00,15,11,3,8,35,750,107,AVENUE DE BRETEUIL,48.85144,2.31242,Plein jour,En agglomération,Intersection à plus de 4 branches,Normale,Deux véhicules - côté,,,,,,,,,,,1,2,5,1,3
201500056020,0015-11-05 23:00:00,15,11,5,23,0,750,101,RUE DE RIVOLI,,,Nuit avec éclairage allumé,En agglomération,Intersection en X,Normale,Deux véhicules - côté,,,,,,,,,,,5,2,2,1,3
201500056021,0015-11-07 00:02:00,15,11,7,0,2,750,116,AVENUE FOCH,,,Nuit avec éclairage allumé,En agglomération,Intersection à plus de 4 branches,Normale,Deux véhicules - côté,,,,,,,,,,,5,2,5,1,3
201500056022,0015-11-07 11:45:00,15,11,7,11,45,750,113,"87, RUE DE LA SANTE",,,Plein jour,En agglomération,Hors intersection,Normale,Autre collision,,,,,,,,,,,1,2,1,1,6
201500056023,0015-11-07 17:33:00,15,11,7,17,33,750,120,"18, RUE DE MENILMONTANT",,,Crépuscule ou aube,En agglomération,Hors intersection,Normale,Autre collision,,,,,,,,,,,2,2,1,1,6
201500056024,0015-11-08 18:10:00,15,11,8,18,10,750,115,"86, AVENUE FELIX FAURE",,,Nuit avec éclairage allumé,En agglomération,Intersection en T,Normale,Autre collision,,,,,,,,,,,5,2,3,1,6
201500056025,0015-11-09 20:09:00,15,11,9,20,9,750,115,BOULEVARD PERIPHERIQUE E,,,Nuit avec éclairage allumé,En agglomération,Hors intersection,Normale,Deux véhicules - côté,,,,,,,,,,,5,2,1,1,3
201500056026,0015-11-10 01:55:00,15,11,10,1,55,750,101,"/, AVENUE DE L OPERA",,,Nuit avec éclairage allumé,En agglomération,Intersection à plus de 4 branches,Normale,Autre collision,,,,,,,,,,,5,2,5,1,6
201500056027,0015-11-10 12:50:00,15,11,10,12,50,750,120,"106, RUE DES PYRENEES",,,Plein jour,En agglomération,Intersection à plus de 4 branches,Normale,Deux véhicules - côté,,,,,,,,,,,1,2,5,1,3
201500056028,0015-11-10 20:28:00,15,11,10,20,28,750,116,BOULEVARD PERIPHERIQUE I,,,Nuit avec éclairage allumé,En agglomération,Hors intersection,Normale,Trois véhicules et plus - en chaîne,,,,,,,,,,,5,2,1,1,4
201500056029,0015-11-10 23:05:00,15,11,10,23,5,750,111,"39, AVENUE PHILIPPE AUGU",,,Nuit avec éclairage allumé,En agglomération,Intersection en T,Normale,Autre collision,,,,,,,,,,,5,2,3,1,6
201500056030,0015-11-11 16:31:00,15,11,11,16,31,750,116,RUE MOLITOR,,,Plein jour,En agglomération,Intersection en X,Pluie légère,Deux véhicules - côté,,,,,,,,,,,1,2,2,2,3
201500056031,0015-11-11 20:39:00,15,11,11,20,39,750,112,BOULEVARD PERIPHERIQUE I,,,Nuit avec éclairage allumé,En agglomération,Hors intersection,Neige / grêle,Trois véhicules et plus - collisions multiples,,,,,,,,,,,5,2,1,4,5
201500056032,0015-11-13 11:45:00,15,11,13,11,45,750,109,"73, RUE SAINT LAZARE",48.87624,2.3317,Plein jour,En agglomération,Intersection en X,Normale,Autre collision,,,,,,,,,,,1,2,2,1,6
201500056033,0015-11-13 19:59:00,15,11,13,19,59,750,103,BOULEVARD DU TEMPLE,,,Nuit avec éclairage allumé,En agglomération,Intersection en X,Normale,Deux véhicules - côté,,,,,,,,,,,5,2,2,1,3
201500056034,0015-11-14 01:15:00,15,11,14,1,15,750,118,"45, RUE DU DOCTEUR BABIN",,,Nuit avec éclairage allumé,En agglomération,Hors intersection,Normale,Autre collision,,,,,,,,,,,5,2,1,1,6
201500056035,0015-11-14 20:55:00,15,11,14,20,55,750,115,"103, RUE CAMBRONNE",,,Nuit avec éclairage allumé,En agglomération,Intersection en X,Normale,Trois véhicules et plus - collisions multiples,,,,,,,,,,,5,2,2,1,5
201500056036,0015-11-16 20:10:00,15,11,16,20,10,750,116,AVENUE HENRI MARTIN,,,Nuit avec éclairage allumé,En agglomération,Intersection en T,Pluie légère,Deux véhicules - côté,,,,,,,,,,,5,2,3,2,3
201500056037,0015-11-18 14:30:00,15,11,18,14,30,750,115,"216, RUE DE VAUGIRARD",,,Plein jour,En agglomération,Intersection en T,Normale,Autre collision,,,,,,,,,,,1,2,3,1,6