accident_id,datetime,annee,mois,jour,heure,minute,departement,commune_insee,adresse,latitude,longitude,luminosite,agglomeration,intersection,meteo,collision,nb_vehicules,nb_usagers,nb_indemnes,nb_tues,nb_blesses_hosp,nb_blesses_legers,age_cond_1,age_cond_2,veh_type_cond_1,veh_type_cond_2,lum_code,agg_code,int_code,atm_code,col_code
201500056038,0015-11-18 18:30:00,15,11,18,18,30,750,118,"130, BOULEVARD NEY",,,Nuit avec éclairage allumé,En agglomération,Intersection en T,Normale,Autre collision,,,,,,,,,,,5,2,3,1,6
201500056039,0015-11-20 02:25:00,15,11,20,2,25,750,117,BOULEVARD PERIPHERIQUE E,,,Nuit avec éclairage allumé,En agglomération,Intersection en Y,Pluie forte,Autre collision,,,,,,,,,,,5,2,4,3,6
201500056040,0015-11-20 05:00:00,15,11,20,5,0,750,114,"143, BOULEVARD BRUNE",,,Nuit avec éclairage allumé,En agglomération,Intersection en X,Pluie forte,Deux véhicules - côté,,,,,,,,,,,5,2,2,3,3
201500056041,0015-11-20 17:52:00,15,11,20,17,52,750,106,"58, BOULEVARD RASPAIL",,,Nuit avec éclairage allumé,En agglomération,Intersection en X,Pluie légère,Autre collision,,,,,,,,,,,5,2,2,2,6
201500056042,0015-11-22 14:53:00,15,11,22,14,53,750,110,"113, RUE DU FAUBOURG SAI",,,Plein jour,En agglomération,Intersection en X,Temps éblouissant,Autre collision,,,,,,,,,,,1,2,2,7,6
201500056043,0015-11-23 01:45:00,15,11,23,1,45,750,105,"59, RUE GEOFFROY SAINT H",,,Nuit avec éclairage allumé,En agglomération,Intersection en X,Normale,Autre collision,,,,,,,,,,,5,2,2,1,6
201500056044,0015-11-23 19:43:00,15,11,23,19,43,750,119,PLACE DE LA PORTE DE PAN,,,Nuit avec éclairage allumé,En agglomération,Place,Normale,Deux véhicules - côté,,,,,,,,,,,5,2,7,1,3
201500056045,0015-11-24 11:39:00,15,11,24,11,39,750,116,"53, AVENUE KLEBER",,,Plein jour,En agglomération,Intersection en Y,Normale,Autre collision,,,,,,,,,,,1,2,4,1,6
201500056046,0015-11-24 12:35:00,15,11,24,12,35,750,116,"60, AVENUE PAUL DOUMER",,,Plein jour,En agglomération,Hors intersection,Normale,Autre collision,,,,,,,,,,,1,2,1,1,6
201500056047,0015-11-24 16:48:00,15,11,24,16,48,750,108,"116-118, AVENUE DES CHAM",,,Crépuscule ou aube,En agglomération,Hors intersection,Pluie forte,Deux véhicules - arrière,,,,,,,,,,,2,2,1,3,2
201500056048,0015-11-25 00:02:00,15,11,25,0,2,750,106,"84, BOULEVARD RASPAIL",,,Nuit avec éclairage allumé,En agglomération,Intersection à plus de 4 branches,Temps couvert,Deux véhicules - côté,,,,,,,,,,,5,2,5,8,3
201500056049,0015-11-26 12:15:00,15,11,26,12,15,750,112,AVENUE DE NOGENT,,,Plein jour,En agglomération,Intersection en X,Normale,Autre collision,,,,,,,,,,,1,2,2,1,6
201500056050,0015-11-28 00:27:00,15,11,28,0,27,750,116,"30, AVENUE DU PRESIDENT",,,Nuit avec éclairage allumé,En agglomération,Intersection en T,Pluie légère,Trois véhicules et plus - en chaîne,,,,,,,,,,,5,2,3,2,4
201500056051,0015-11-30 03:05:00,15,11,30,3,5,750,112,VOIE GEORGES POMPIDOU,,,Nuit avec éclairage allumé,En agglomération,Intersection en Y,Normale,Autre collision,,,,,,,,,,,5,2,4,1,6
201500056052,0015-11-30 09:58:00,15,11,30,9,58,750,105,PONT D AUSTERLITZ,,,Plein jour,En agglomération,Hors intersection,Pluie légère,Deux véhicules - arrière,,,,,,,,,,,1,2,1,2,2
201500056053,0015-11-30 15:02:00,15,11,30,15,2,750,116,"143, AVENUE DE VERSAILLE",,,Plein jour,En agglomération,Hors intersection,Normale,Deux véhicules - côté,,,,,,,,,,,1,2,1,1,3
201500056054,0015-12-01 06:50:00,15,12,1,6,50,750,104,RUE DE LA CITE,,,Plein jour,En agglomération,Place,Normale,Deux véhicules - arrière,,,,,,,,,,,1,2,7,1,2
201500056055,0015-12-02 21:18:00,15,12,2,21,18,750,120,"168, RUE DE BELLEVILLE",,,Plein jour,En agglomération,Intersection en X,Normale,Deux véhicules - frontale,,,,,,,,,,,1,2,2,1,1
201500056056,0015-12-03 09:08:00,15,12,3,9,8,750,114,"15, BOULEVARD ROMAIN ROL",,,Plein jour,En agglomération,Intersection en X,Normale,Deux véhicules - côté,,,,,,,,,,,1,2,2,1,3
201500056057,0015-12-03 09:00:00,15,12,3,9,0,750,109,PLACE DE L OPERA,,,Plein jour,En agglomération,Hors intersection,Normale,Autre collision,,,,,,,,,,,1,2,1,1,6
201500056058,0015-12-04 00:11:00,15,12,4,0,11,750,111,"17/19, RUE DU PASTEUR WA",,,Nuit avec éclairage allumé,En agglomération,Intersection en X,Pluie légère,Deux véhicules - côté,,,,,,,,,,,5,2,2,2,3
201500056059,0015-12-05 17:53:00,15,12,5,17,53,750,120,"106, RUE DE BAGNOLET",,,Nuit avec éclairage allumé,En agglomération,Intersection en T,Normale,Autre collision,,,,,,,,,,,5,2,3,1,6
201500056060,0015-12-06 22:25:00,15,12,6,22,25,750,119,"111, RUE DE BELLEVILLE",,,Nuit avec éclairage allumé,En agglomération,Intersection en X,Normale,Deux véhicules - côté,,,,,,,,,,,5,2,2,1,3
201500056061,0015-12-07 12:30:00,15,12,7,12,30,750,116,RUE GEORGE SAND,,,Plein jour,En agglomération,Intersection en X,Normale,Deux véhicules - côté,,,,,,,,,,,1,2,2,1,3
201500056062,0015-12-07 18:09:00,15,12,7,18,9,750,108,PLACE DU HAVRE,,,Nuit avec éclairage allumé,En agglomération,Place,Normale,Deux véhicules - côté,,,,,,,,,,,5,2,7,1,3
201500056063,0015-12-08 13:19:00,15,12,8,13,19,750,119,"103, AVENUE SIMON BOLIVA",,,Plein jour,En agglomération,Intersection en X,Pluie légère,Autre collision,,,,,,,,,,,1,2,2,2,6
201500056064,0015-12-09 22:17:00,15,12,9,22,17,750,108,AVENUE DES CHAMPS ELYSEE,,,Nuit avec éclairage allumé,En agglomération,Intersection en X,Normale,Deux véhicules - côté,,,,,,,,,,,5,2,2,1,3
201500056065,0015-12-10 20:35:00,15,12,10,20,35,750,107,QUAI D ORSAY,,,Nuit avec éclairage allumé,En agglomération,Intersection en X,Normale,Autre collision,,,,,,,,,,,5,2,2,1,6
201500056066,0015-12-11 13:14:00,15,12,11,13,14,750,105,"14, RUE DES FOSSES SAINT",,,Plein jour,En agglomération,Intersection en T,Normale,Deux véhicules - côté,,,,,,,,,,,1,2,3,1,3
201500056067,0015-12-13 00:05:00,15,12,13,0,5,750,118,"43, RUE DU DEPARTEMENT",,,Nuit avec éclairage allumé,En agglomération,Intersection en Y,Normale,Deux véhicules - côté,,,,,,,,,,,5,2,4,1,3
201500056068,0015-12-13 08:52:00,15,12,13,8,52,750,110,"41, RUE DU FAUBOURG SAIN",,,Crépuscule ou aube,En agglomération,Intersection en X,Normale,Deux véhicules - côté,,,,,,,,,,,2,2,2,1,3
201500056069,0015-12-13 18:20:00,15,12,13,18,20,750,109,"03, RUE DROUOT",,,Crépuscule ou aube,En agglomération,Intersection à plus de 4 branches,Normale,Deux véhicules - arrière,,,,,,,,,,,2,2,5,1,2
201500056070,0015-12-15 08:01:00,15,12,15,8,1,750,118,"41, RUE VAUVENARGUES",,,Crépuscule ou aube,En agglomération,Hors intersection,Temps couvert,Autre collision,,,,,,,,,,,2,2,1,8,6
201500056071,0015-12-15 18:15:00,15,12,15,18,15,750,117,"196, BOULEVARD MALESHERB",48.88909,2.30425,Nuit avec éclairage allumé,En agglomération,Hors intersection,Pluie forte,Autre collision,,,,,,,,,,,5,2,1,3,6
201500056072,0015-12-17 16:50:00,15,12,17,16,50,750,115,"90, BOULEVARD DE GRENELL",,,Crépuscule ou aube,En agglomération,Hors intersection,Normale,Autre collision,,,,,,,,,,,2,2,1,1,6
201500056073,0015-12-17 17:45:00,15,12,17,17,45,750,113,RUE DE LA POTERNE DES PE,,,Nuit avec éclairage allumé,En agglomération,Intersection en X,Normale,Deux véhicules - côté,,,,,,,,,,,5,2,2,1,3
201500056074,0015-12-17 20:07:00,15,12,17,20,7,750,108,COURS ALBERT 1ER,,,Nuit avec éclairage allumé,En agglomération,Intersection en Y,Normale,Autre collision,,,,,,,,,,,5,2,4,1,6
201500056075,0015-12-18 02:07:00,15,12,18,2,7,750,116,ALLEE DE LONGCHAMP,,,Nuit avec éclairage allumé,En agglomération,Intersection en X,Normale,Deux véhicules - côté,,,,,,,,,,,5,2,2,1,3
201500056076,0015-12-18 16:00:00,15,12,18,16,0,750,115,"33 bis, RUE MADEMOISELLE",,,Plein jour,En agglomération,Intersection en T,Normale,Deux véhicules - côté,,,,,,,,,,,1,2,3,1,3
201500056077,0015-12-18 16:49:00,15,12,18,16,49,750,104,"20, RUE DE RIVOLI",,,Plein jour,En agglomération,Intersection en T,Normale,Autre collision,,,,,,,,,,,1,2,3,1,6
201500056078,0015-12-18 21:59:00,15,12,18,21,59,750,105,"26, BOULEVARD SAINT MICH",,,Nuit avec éclairage allumé,En agglomération,Intersection en X,Normale,Deux véhicules - côté,,,,,,,,,,,5,2,2,1,3
201500056079,0015-12-20 19:30:00,15,12,20,19,30,750,109,PLACE PIGALLE,,,Nuit avec éclairage allumé,En agglomération,Place,Normale,Deux véhicules - côté,,,,,,,,,,,5,2,7,1,3
201500056080,0015-12-21 10:30:00,15,12,21,10,30,750,119,BOULEVARD PERIPHERIQUE E,,,Plein jour,En agglomération,Hors intersection,Normale,Deux véhicules - côté,,,,,,,,,,,1,2,1,1,3
201500056081,0015-12-21 14:05:00,15,12,21,14,5,750,120,BOULEVARD PERIPHERIQUE I,,,Plein jour,En agglomération,Hors intersection,Normale,Trois véhicules et plus - en chaîne,,,,,,,,,,,1,2,1,1,4
201500056082,0015-12-21 20:58:00,15,12,21,20,58,750,116,BOULEVARD D AUTEUIL   BO,,,Nuit avec éclairage allumé,En agglomération,Intersection en T,Normale,Autre collision,,,,,,,,,,,5,2,3,1,6
201500056083,0015-12-22 14:56:00,15,12,22,14,56,750,106,"58, RUE DE VAUGIRARD",,,Plein jour,En agglomération,Intersection en X,Normale,Autre collision,,,,,,,,,,,1,2,2,1,6
201500056084,0015-12-23 15:00:00,15,12,23,15,0,750,115,"243, RUE DE VAUGIRARD",,,Plein jour,En agglomération,Hors intersection,Normale,Autre collision,,,,,,,,,,,1,2,1,1,6
201500056085,0015-12-24 15:15:00,15,12,24,15,15,750,113,"53, RUE DU MOULIN DES PR",,,Plein jour,En agglomération,Intersection en X,Normale,Autre collision,,,,,,,,,,,1,2,2,1,6
201500056086,0015-12-28 13:10:00,15,12,28,13,10,750,115,RUE DU THEATRE,,,Plein jour,En agglomération,Intersection en X,Normale,Deux véhicules - arrière,,,,,,,,,,,1,2,2,1,2
201500056087,0015-12-29 23:30:00,15,12,29,23,30,750,118,"73, BOULEVARD BARBES",,,Nuit avec éclairage allumé,En agglomération,Hors intersection,Normale,Autre collision,,,,,,,,,,,5,2,1,1,6
201500056088,0015-12-30 04:30:00,15,12,30,4,30,750,118,RUE DAMREMONT,,,Nuit avec éclairage allumé,En agglomération,Intersection à plus de 4 branches,Normale,Autre collision,,,,,,,,,,,5,2,5,1,6
201500056089,0015-01-01 17:45:00,15,1,1,17,45,750,114,ECHANGEUR BRANCION,,,Nuit avec éclairage allumé,En agglomération,Hors intersection,Normale,Deux véhicules - côté,,,,,,,,,,,5,2,1,1,3
201500056090,0015-01-03 11:25:00,15,1,3,11,25,750,114,PORTE DE CHATILLON,,,Plein jour,En agglomération,Hors intersection,Pluie légère,Trois véhicules et plus - en chaîne,,,,,,,,,,,1,2,1,2,4
201500056091,0015-01-03 18:55:00,15,1,3,18,55,750,120,ECHANGEUR BAGNOLET,,,Nuit avec éclairage allumé,En agglomération,Intersection en Y,Pluie légère,Autre collision,,,,,,,,,,,5,2,4,2,6
201500056092,0015-01-06 07:15:00,15,1,6,7,15,750,117,PORTE DE SAINT OUEN,,,Nuit avec éclairage allumé,En agglomération,Hors intersection,Normale,Deux véhicules - côté,,,,,,,,,,,5,2,1,1,3
201500056093,0015-01-06 08:04:00,15,1,6,8,4,750,115,PORTE DE LA PLAINE,,,Crépuscule ou aube,En agglomération,Hors intersection,Normale,Autre collision,,,,,,,,,,,2,2,1,1,6
201500056094,0015-01-06 18:15:00,15,1,6,18,15,750,117,PORTE DE SAINT OUEN,,,Nuit avec éclairage allumé,En agglomération,Hors intersection,Normale,Deux véhicules - arrière,,,,,,,,,,,5,2,1,1,2
201500056095,0015-01-08 17:15:00,15,1,8,17,15,750,117,PORTE DE CLICHY,,,Plein jour,En agglomération,Hors intersection,Normale,Trois véhicules et plus - en chaîne,,,,,,,,,,,1,2,1,1,4
201500056096,0015-01-09 00:05:00,15,1,9,0,5,750,119,BOULEVARD PERIPHERIQUE E,,,Nuit avec éclairage allumé,En agglomération,Hors intersection,Normale,Deux véhicules - arrière,,,,,,,,,,,5,2,1,1,2
201500056097,0015-01-09 04:35:00,15,1,9,4,35,750,114,BOULEVARD PERIPHERIQUE E,,,Nuit avec éclairage allumé,En agglomération,Hors intersection,Normale,Autre collision,,,,,,,,,,,5,2,1,1,6
201500056098,0015-01-09 18:30:00,15,1,9,18,30,750,114,PORTE DE CHATILLON,,,Nuit avec éclairage allumé,En agglomération,Hors intersection,Normale,Deux véhicules - côté,,,,,,,,,,,5,2,1,1,3
201500056099,0015-01-10 14:50:00,15,1,10,14,50,750,112,PORTE DE CHARENTON,,,Plein jour,En agglomération,Hors intersection,Normale,Sans collision,,,,,,,,,,,1,2,1,1,7
201500056100,0015-01-12 08:10:00,15,1,12,8,10,750,120,PORTE DE BAGNOLET,,,Crépuscule ou aube,En agglomération,Hors intersection,Normale,Deux véhicules - arrière,,,,,,,,,,,2,2,1,1,2
201500056101,0015-01-12 18:40:00,15,1,12,18,40,750,115,ECHANGEUR PLAINE,,,Nuit avec éclairage allumé,En agglomération,Hors intersection,Normale,Autre collision,,,,,,,,,,,5,2,1,1,6
201500056102,0015-01-13 07:40:00,15,1,13,7,40,750,120,PORTE DE MONTREUIL,,,Plein jour,En agglomération,Hors intersection,Normale,Trois véhicules et plus - en chaîne,,,,,,,,,,,1,2,1,1,4
201500056103,0015-01-13 13:30:00,15,1,13,13,30,750,115,QUAI D ISSY LES MOULINEA,,,Plein jour,En agglomération,Hors intersection,Pluie légère,Trois véhicules et plus - en chaîne,,,,,,,,,,,1,2,1,2,4
201500056104,0015-01-13 16:20:00,15,1,13,16,20,750,112,ECHANGEUR BERCY,,,Crépuscule ou aube,En agglomération,Intersection en Y,Pluie légère,Deux véhicules - arrière,,,,,,,,,,,2,2,4,2,2
201500056105,0015-01-14 08:30:00,15,1,14,8,30,750,112,ECHANGEUR BERCY,,,Plein jour,En agglomération,Intersection en Y,Normale,Deux véhicules - côté,,,,,,,,,,,1,2,4,1,3
201500056106,0015-01-14 10:00:00,15,1,14,10,0,750,112,ECHANGEUR BERCY,,,Plein jour,En agglomération,Hors intersection,Pluie légère,Deux véhicules - côté,,,,,,,,,,,1,2,1,2,3
201500056107,0015-01-16 12:50:00,15,1,16,12,50,750,113,PORTE D ITALIE,,,Plein jour,En agglomération,Hors intersection,Normale,Deux véhicules - côté,,,,,,,,,,,1,2,1,1,3
201500056108,0015-01-16 16:00:00,15,1,16,16,0,750,120,ECHANGEUR BAGNOLET,,,Plein jour,En agglomération,Intersection en Y,Normale,Trois véhicules et plus - en chaîne,,,,,,,,,,,1,2,4,1,4
201500056109,0015-01-18 12:35:00,15,1,18,12,35,750,120,PORTE DE BAGNOLET,,,Plein jour,En agglomération,Hors intersection,Normale,Trois véhicules et plus - en chaîne,,,,,,,,,,,1,2,1,1,4
201500056110,0015-01-20 18:10:00,15,1,20,18,10,750,113,PORTE D ITALIE,,,Nuit avec éclairage allumé,En agglomération,Hors intersection,Normale,Deux véhicules - côté,,,,,,,,,,,5,2,1,1,3
201500056111,0015-01-21 09:55:00,15,1,21,9,55,750,112,PORTE DE CHARENTON,,,Plein jour,En agglomération,Hors intersection,Normale,Sans collision,,,,,,,,,,,1,2,1,1,7
201500056112,0015-01-22 09:45:00,15,1,22,9,45,750,116,PORTE DE PASSY,,,Plein jour,En agglomération,Hors intersection,Normale,Deux véhicules - côté,,,,,,,,,,,1,2,1,1,3
201500056113,0015-01-23 07:20:00,15,1,23,7,20,750,120,PORTE DE BAGNOLET,,,Nuit avec éclairage allumé,En agglomération,Hors intersection,Normale,Trois véhicules et plus - en chaîne,,,,,,,,,,,5,2,1,1,4
201500056114,0015-01-23 18:00:00,15,1,23,18,0,750,116,PORTE DE SAINT CLOUD,,,Crépuscule ou aube,En agglomération,Intersection en Y,Normale,Autre collision,,,,,,,,,,,2,2,4,1,6
201500056115,0015-01-23 19:30:00,15,1,23,19,30,750,120,ECHANGEUR BAGNOLET,,,Nuit avec éclairage allumé,En agglomération,Hors intersection,Normale,Deux véhicules - arrière,,,,,,,,,,,5,2,1,1,2
201500056116,0015-01-26 08:20:00,15,1,26,8,20,750,119,PORTE DE PANTIN,,,Plein jour,En agglomération,Hors intersection,Normale,Sans collision,,,,,,,,,,,1,2,1,1,7
201500056117,0015-01-26 11:55:00,15,1,26,11,55,750,117,PORTE DE CLICHY,,,Plein jour,En agglomération,Hors intersection,Normale,Deux véhicules - arrière,,,,,,,,,,,1,2,1,1,2
201500056118,0015-01-27 09:00:00,15,1,27,9,0,750,116,PORTE D AUTEUIL,,,Plein jour,En agglomération,Hors intersection,Normale,Deux véhicules - arrière,,,,,,,,,,,1,2,1,1,2
201500056119,0015-01-28 09:10:00,15,1,28,9,10,750,116,PORTE DE SAINT CLOUD,,,Plein jour,En agglomération,Hors intersection,Normale,Deux véhicules - arrière,,,,,,,,,,,1,2,1,1,2
201500056120,0015-01-28 09:45:00,15,1,28,9,45,750,116,PORTE DAUPHINE,,,Plein jour,En agglomération,Hors intersection,Normale,Deux véhicules - arrière,,,,,,,,,,,1,2,1,1,2
201500056121,0015-01-29 08:25:00,15,1,29,8,25,750,119,PORTE D AUBERVILLIERS,,,Crépuscule ou aube,En agglomération,Hors intersection,Normale,Trois véhicules et plus - en chaîne,,,,,,,,,,,2,2,1,1,4
201500056122,0015-01-29 08:45:00,15,1,29,8,45,750,116,PORTE DAUPHINE,,,Plein jour,En agglomération,Intersection en Y,Normale,Deux véhicules - côté,,,,,,,,,,,1,2,4,1,3
201500056123,0015-01-30 09:15:00,15,1,30,9,15,750,113,PORTE D ITALIE,,,Plein jour,En agglomération,Hors intersection,Pluie légère,Deux véhicules - arrière,,,,,,,,,,,1,2,1,2,2
201500056124,0015-01-30 17:50:00,15,1,30,17,50,750,120,PORTE DE BAGNOLET,,,Crépuscule ou aube,En agglomération,Hors intersection,Normale,Trois véhicules et plus - en chaîne,,,,,,,,,,,2,2,1,1,4
201500056125,0015-02-01 01:30:00,15,2,1,1,30,750,117,BOULEVARD PERIPHERIQUE E,,,Nuit avec éclairage allumé,En agglomération,Hors intersection,Normale,Sans collision,,,,,,,,,,,5,2,1,1,7
201500056126,0015-02-01 07:00:00,15,2,1,7,0,750,113,QUAI D IVRY,,,Nuit avec éclairage allumé,En agglomération,Hors intersection,Normale,Autre collision,,,,,,,,,,,5,2,1,1,6
201500056127,0015-02-05 17:55:00,15,2,5,17,55,750,115,QUAI D ISSY LES MOULINEA,,,Crépuscule ou aube,En agglomération,Hors intersection,Normale,Autre collision,,,,,,,,,,,2,2,1,1,6
201500056128,0015-02-06 02:50:00,15,2,6,2,50,750,117,PORTE MAILLOT,,,Nuit avec éclairage allumé,En agglomération,Hors intersection,Normale,Autre collision,,,,,,,,,,,5,2,1,1,6
201500056129,0015-02-06 09:20:00,15,2,6,9,20,750,115,PORTE DE SEVRES,,,Plein jour,En agglomération,Hors intersection,Normale,Deux véhicules - arrière,,,,,,,,,,,1,2,1,1,2
201500056130,0015-02-06 15:55:00,15,2,6,15,55,750,117,PORTE DE SAINT OUEN,,,Plein jour,En agglomération,Hors intersection,Normale,Deux véhicules - arrière,,,,,,,,,,,1,2,1,1,2
201500056131,0015-02-06 15:30:00,15,2,6,15,30,750,119,PORTE D AUBERVILLIERS,,,Plein jour,En agglomération,Hors intersection,Normale,Deux véhicules - côté,,,,,,,,,,,1,2,1,1,3
201500056132,0015-02-07 15:30:00,15,2,7,15,30,750,116,PORTE DE PASSY,,,Plein jour,En agglomération,Hors intersection,Normale,Autre collision,,,,,,,,,,,1,2,1,1,6
201500056133,0015-02-07 21:00:00,15,2,7,21,0,750,119,PORTE D AUBERVILLIERS,,,Nuit sans éclairage public,En agglomération,Hors intersection,Normale,Trois véhicules et plus - en chaîne,,,,,,,,,,,3,2,1,1,4
201500056134,0015-02-08 15:30:00,15,2,8,15,30,750,118,PORTE DE CLIGNANCOURT,,,Plein jour,En agglomération,Hors intersection,Normale,Deux véhicules - arrière,,,,,,,,,,,1,2,1,1,2
201500056135,0015-02-10 08:30:00,15,2,10,8,30,750,116,PORT D AUTEUIL,,,Plein jour,En agglomération,Hors intersection,Normale,Deux véhicules - côté,,,,,,,,,,,1,2,1,1,3
201500056136,0015-02-10 16:00:00,15,2,10,16,0,750,117,PORTE DE SAINT OUEN,,,Plein jour,En agglomération,Hors intersection,Normale,Trois véhicules et plus - en chaîne,,,,,,,,,,,1,2,1,1,4
201500056137,0015-02-11 06:50:00,15,2,11,6,50,750,114,PORTE DE GENTILLY,,,Nuit avec éclairage allumé,En agglomération,Hors intersection,Normale,Deux véhicules - côté,,,,,,,,,,,5,2,1,1,3
201500056138,0015-02-11 08:20:00,15,2,11,8,20,750,120,PORTE DE MONTREUIL,,,Plein jour,En agglomération,Hors intersection,Normale,Deux véhicules - côté,,,,,,,,,,,1,2,1,1,3
201500056139,0015-02-12 08:15:00,15,2,12,8,15,750,114,PORTE DE CHATILLON,,,Plein jour,En agglomération,Hors intersection,Normale,Deux véhicules - arrière,,,,,,,,,,,1,2,1,1,2
201500056140,0015-02-12 14:15:00,15,2,12,14,15,750,120,PORTE DE VINCENNES,,,Plein jour,En agglomération,Hors intersection,Normale,Deux véhicules - arrière,,,,,,,,,,,1,2,1,1,2
201500056141,0015-02-14 06:45:00,15,2,14,6,45,750,116,ECHANGEUR AUTEUIL,,,Nuit avec éclairage allumé,En agglomération,Intersection en Y,Pluie légère,Autre collision,,,,,,,,,,,5,2,4,2,6
201500056142,0015-02-14 20:50:00,15,2,14,20,50,750,113,PORTE D ITALIE,,,Nuit avec éclairage allumé,En agglomération,Hors intersection,Pluie légère,Trois véhicules et plus - en chaîne,,,,,,,,,,,5,2,1,2,4
201500056143,0015-02-17 01:30:00,15,2,17,1,30,750,112,ECHANGEUR BERCY,,,Nuit avec éclairage allumé,En agglomération,Hors intersection,Normale,Deux véhicules - côté,,,,,,,,,,,5,2,1,1,3
201500056144,0015-02-17 14:40:00,15,2,17,14,40,750,118,PORTE DE CLIGNANCOURT,,,Plein jour,En agglomération,Hors intersection,Normale,Deux véhicules - arrière,,,,,,,,,,,1,2,1,1,2
201500056145,0015-02-18 10:20:00,15,2,18,10,20,750,120,PORTE DE BAGNOLET,,,Plein jour,En agglomération,Intersection en Y,Normale,Autre collision,,,,,,,,,,,1,2,4,1,6
201500056146,0015-02-18 18:30:00,15,2,18,18,30,750,114,PORTE D ORLEANS,,,Nuit avec éclairage allumé,En agglomération,Hors intersection,Normale,Trois véhicules et plus - en chaîne,,,,,,,,,,,5,2,1,1,4
201500056147,0015-02-20 17:30:00,15,2,20,17,30,750,116,ECHANGEUR MUETTE,,,Plein jour,En agglomération,Hors intersection,Pluie forte,Trois véhicules et plus - en chaîne,,,,,,,,,,,1,2,1,3,4
201500056148,0015-02-21 16:15:00,15,2,21,16,15,750,113,QUAI D IVRY,,,Plein jour,En agglomération,Hors intersection,Normale,Deux véhicules - arrière,,,,,,,,,,,1,2,1,1,2
201500056149,0015-02-21 20:45:00,15,2,21,20,45,750,112,ECHANGEUR BERCY,,,Nuit avec éclairage allumé,En agglomération,Intersection en Y,Pluie légère,Deux véhicules - côté,,,,,,,,,,,5,2,4,2,3
201500056150,0015-02-22 05:08:00,15,2,22,5,8,750,118,PORTE DE CLIGNANCOURT,,,Nuit avec éclairage allumé,En agglomération,Hors intersection,Autre,Deux véhicules - côté,,,,,,,,,,,5,2,1,9,3
201500056151,0015-02-22 11:55:00,15,2,22,11,55,750,114,PORTE DE CHATILLON,,,Plein jour,En agglomération,Hors intersection,Normale,Trois véhicules et plus - en chaîne,,,,,,,,,,,1,2,1,1,4
201500056152,0015-02-25 05:10:00,15,2,25,5,10,750,112,ECHANGEUR BERCY,,,Nuit avec éclairage allumé,En agglomération,Hors intersection,Normale,Deux véhicules - arrière,,,,,,,,,,,5,2,1,1,2
201500056153,0015-02-27 18:30:00,15,2,27,18,30,750,113,QUAI D IVRY,,,Crépuscule ou aube,En agglomération,Hors intersection,Normale,Deux véhicules - côté,,,,,,,,,,,2,2,1,1,3
201500056154,0015-03-01 02:40:00,15,3,1,2,40,750,114,PORTE D ORLEANS,,,Nuit avec éclairage allumé,En agglomération,Hors intersection,Pluie légère,Autre collision,,,,,,,,,,,5,2,1,2,6
201500056155,0015-03-01 18:15:00,15,3,1,18,15,750,113,ECHANGEUR BERCY,,,Crépuscule ou aube,En agglomération,Hors intersection,Normale,Deux véhicules - côté,,,,,,,,,,,2,2,1,1,3
201500056156,0015-03-01 19:50:00,15,3,1,19,50,750,114,ECHANGEUR ORLEANS,,,Nuit avec éclairage allumé,En agglomération,Hors intersection,Pluie légère,Deux véhicules - côté,,,,,,,,,,,5,2,1,2,3
201500056157,0015-03-02 08:45:00,15,3,2,8,45,750,120,PORTE DES LILAS,,,Plein jour,En agglomération,Hors intersection,Normale,Deux véhicules - arrière,,,,,,,,,,,1,2,1,1,2
201500056158,0015-03-02 09:05:00,15,3,2,9,5,750,115,PORTE D ISSY,,,Plein jour,En agglomération,Hors intersection,Normale,Trois véhicules et plus - en chaîne,,,,,,,,,,,1,2,1,1,4
201500056159,0015-03-02 17:20:00,15,3,2,17,20,750,118,ECHANGEUR CHAPELLE,,,Plein jour,En agglomération,Hors intersection,Normale,Autre collision,,,,,,,,,,,1,2,1,1,6
201500056160,0015-03-04 10:30:00,15,3,4,10,30,750,112,PORTE DOREE,,,Plein jour,En agglomération,Hors intersection,Normale,Autre collision,,,,,,,,,,,1,2,1,1,6
201500056161,0015-03-06 08:45:00,15,3,6,8,45,750,116,PORTE D AUTEUIL,,,Plein jour,En agglomération,Hors intersection,Normale,Autre collision,,,,,,,,,,,1,2,1,1,6
201500056162,0015-03-06 12:20:00,15,3,6,12,20,750,118,PORTE DE LA CHAPELLE,,,Plein jour,En agglomération,Hors intersection,Pluie légère,Deux véhicules - arrière,,,,,,,,,,,1,2,1,2,2
201500056163,0015-03-06 15:00:00,15,3,6,15,0,750,120,PORTE DE MONTREUIL,,,Plein jour,En agglomération,Hors intersection,Normale,Trois véhicules et plus - en chaîne,,,,,,,,,,,1,2,1,1,4
201500056164,0015-03-07 01:40:00,15,3,7,1,40,750,119,PORTE DE PANTIN,,,Nuit avec éclairage allumé,En agglomération,Hors intersection,Normale,Deux véhicules - arrière,,,,,,,,,,,5,2,1,1,2
201500056165,0015-03-07 15:30:00,15,3,7,15,30,750,114,PORTE DE GENTILLY,,,Plein jour,En agglomération,Hors intersection,Normale,Trois véhicules et plus - en chaîne,,,,,,,,,,,1,2,1,1,4
201500056166,0015-03-08 05:55:00,15,3,8,5,55,750,116,BOULEVARD PERIPHERIQUE I,,,Crépuscule ou aube,En agglomération,Hors intersection,Normale,Deux véhicules - côté,,,,,,,,,,,2,2,1,1,3
201500056167,0015-03-08 14:35:00,15,3,8,14,35,750,120,PORTE DES LILAS,,,Plein jour,En agglomération,Hors intersection,Normale,Trois véhicules et plus - en chaîne,,,,,,,,,,,1,2,1,1,4