accident_id,datetime,annee,mois,jour,heure,minute,departement,commune_insee,adresse,latitude,longitude,luminosite,agglomeration,intersection,meteo,collision,nb_vehicules,nb_usagers,nb_indemnes,nb_tues,nb_blesses_hosp,nb_blesses_legers,age_cond_1,age_cond_2,veh_type_cond_1,veh_type_cond_2,lum_code,agg_code,int_code,atm_code,col_code
201500056303,0015-06-13 14:40:00,15,6,13,14,40,750,115,PORTE DE LA PLAINE,,,Plein jour,En agglomération,Hors intersection,Normale,Autre collision,,,,,,,,,,,1,2,1,1,6
201500056304,0015-06-15 06:15:00,15,6,15,6,15,750,119,PORTE DE PANTIN,,,Plein jour,En agglomération,Hors intersection,Normale,Autre collision,,,,,,,,,,,1,2,1,1,6
201500056305,0015-06-15 23:20:00,15,6,15,23,20,750,120,ECHANGEUR BAGNOLET,,,Nuit avec éclairage allumé,En agglomération,Hors intersection,Normale,Deux véhicules - côté,,,,,,,,,,,5,2,1,1,3
201500056306,0015-06-16 08:40:00,15,6,16,8,40,750,113,ECHANGEUR IVRY,,,Plein jour,En agglomération,Intersection en Y,Normale,Deux véhicules - côté,,,,,,,,,,,1,2,4,1,3
201500056307,0015-06-16 14:45:00,15,6,16,14,45,750,116,PORTE DAUPHINE,,,Plein jour,En agglomération,Hors intersection,Normale,Deux véhicules - côté,,,,,,,,,,,1,2,1,1,3
201500056308,0015-06-17 08:15:00,15,6,17,8,15,750,120,PORTE DE BAGNOLET,,,Plein jour,En agglomération,Hors intersection,Normale,Deux véhicules - côté,,,,,,,,,,,1,2,1,1,3
201500056309,0015-06-17 09:00:00,15,6,17,9,0,750,117,PORTE MAILLOT,,,Plein jour,En agglomération,Hors intersection,Normale,Deux véhicules - arrière,,,,,,,,,,,1,2,1,1,2
201500056310,0015-06-17 14:05:00,15,6,17,14,5,750,112,PORTE DE VINCENNES,,,Plein jour,En agglomération,Hors intersection,Normale,Deux véhicules - arrière,,,,,,,,,,,1,2,1,1,2
201500056311,0015-06-17 14:16:00,15,6,17,14,16,750,116,PORTE DE PASSY,,,Plein jour,En agglomération,Hors intersection,Normale,Deux véhicules - arrière,,,,,,,,,,,1,2,1,1,2
201500056312,0015-06-17 16:30:00,15,6,17,16,30,750,120,PORTE DE BAGNOLET,,,Plein jour,En agglomération,Intersection en Y,Normale,Trois véhicules et plus - en chaîne,,,,,,,,,,,1,2,4,1,4
201500056313,0015-06-18 08:20:00,15,6,18,8,20,750,117,PORTE DE CHAMPERRET,,,Plein jour,En agglomération,Hors intersection,Normale,Deux véhicules - arrière,,,,,,,,,,,1,2,1,1,2
201500056314,0015-06-18 08:50:00,15,6,18,8,50,750,112,PORTE DOREE,,,Plein jour,En agglomération,Hors intersection,Normale,Deux véhicules - arrière,,,,,,,,,,,1,2,1,1,2
201500056315,0015-06-18 10:50:00,15,6,18,10,50,750,118,PORTE DE CLIGNANCOURT,,,Plein jour,En agglomération,Hors intersection,Normale,Trois véhicules et plus - en chaîne,,,,,,,,,,,1,2,1,1,4
201500056316,0015-06-18 16:00:00,15,6,18,16,0,750,116,PORTE MAILLOT,,,Plein jour,En agglomération,Hors intersection,Normale,Deux véhicules - côté,,,,,,,,,,,1,2,1,1,3
201500056317,0015-06-18 17:20:00,15,6,18,17,20,750,116,PORTE DAUPHINE,,,Plein jour,En agglomération,Hors intersection,Normale,Deux véhicules - arrière,,,,,,,,,,,1,2,1,1,2
201500056318,0015-06-18 14:00:00,15,6,18,14,0,750,116,PORTE D AUTEUIL,,,Plein jour,En agglomération,Hors intersection,Pluie légère,Deux véhicules - côté,,,,,,,,,,,1,2,1,2,3
201500056319,0015-06-19 16:30:00,15,6,19,16,30,750,119,PORTE DE LA VILLETTE,,,Plein jour,En agglomération,Hors intersection,Normale,Trois véhicules et plus - en chaîne,,,,,,,,,,,1,2,1,1,4
201500056320,0015-06-19 18:30:00,15,6,19,18,30,750,113,PORTE D ITALIE,,,Plein jour,En agglomération,Hors intersection,Normale,Trois véhicules et plus - en chaîne,,,,,,,,,,,1,2,1,1,4
201500056321,0015-06-20 15:20:00,15,6,20,15,20,750,113,ECHANGEUR BERCY,,,Plein jour,En agglomération,Hors intersection,Normale,Deux véhicules - côté,,,,,,,,,,,1,2,1,1,3
201500056322,0015-06-22 10:00:00,15,6,22,10,0,750,116,PORTE D AUTEUIL,,,Plein jour,En agglomération,Hors intersection,Normale,Deux véhicules - côté,,,,,,,,,,,1,2,1,1,3
201500056323,0015-06-23 10:15:00,15,6,23,10,15,750,116,ECHANGEUR MUETTE,,,Plein jour,En agglomération,Hors intersection,Normale,Deux véhicules - arrière,,,,,,,,,,,1,2,1,1,2
201500056324,0015-06-23 09:25:00,15,6,23,9,25,750,116,PORTE DAUPHINE,,,Plein jour,En agglomération,Hors intersection,Normale,Deux véhicules - côté,,,,,,,,,,,1,2,1,1,3
201500056325,0015-06-23 23:20:00,15,6,23,23,20,750,114,PORTE D ORLEANS,,,Nuit avec éclairage allumé,En agglomération,Hors intersection,Normale,Deux véhicules - arrière,,,,,,,,,,,5,2,1,1,2
201500056326,0015-06-24 08:50:00,15,6,24,8,50,750,114,PORTE D ORLEANS,,,Plein jour,En agglomération,Hors intersection,Normale,Autre collision,,,,,,,,,,,1,2,1,1,6
201500056327,0015-06-24 12:15:00,15,6,24,12,15,750,113,ECHANGEUR ITALIE,,,Plein jour,En agglomération,Hors intersection,Normale,Deux véhicules - arrière,,,,,,,,,,,1,2,1,1,2
201500056328,0015-06-25 14:00:00,15,6,25,14,0,750,115,PORTE DE LA PLAINE,,,Plein jour,En agglomération,Intersection en Y,Normale,Autre collision,,,,,,,,,,,1,2,4,1,6
201500056329,0015-06-26 10:35:00,15,6,26,10,35,750,113,PORTE D IVRY,,,Plein jour,En agglomération,Hors intersection,Normale,Deux véhicules - côté,,,,,,,,,,,1,2,1,1,3
201500056330,0015-06-26 14:25:00,15,6,26,14,25,750,116,PORTE DE SAINT CLOUD,,,Plein jour,En agglomération,Hors intersection,Normale,Deux véhicules - côté,,,,,,,,,,,1,2,1,1,3
201500056331,0015-06-27 17:00:00,15,6,27,17,0,750,112,PORTE DE CHARENTON,,,Plein jour,En agglomération,Hors intersection,Normale,Trois véhicules et plus - en chaîne,,,,,,,,,,,1,2,1,1,4
201500056332,0015-06-28 11:05:00,15,6,28,11,5,750,119,PORTE DE PANTIN,,,Plein jour,En agglomération,Hors intersection,Normale,Sans collision,,,,,,,,,,,1,2,1,1,7
201500056333,0015-06-28 17:20:00,15,6,28,17,20,750,117,ECHANGEUR MAILLOT,,,Plein jour,En agglomération,Hors intersection,Normale,Trois véhicules et plus - collisions multiples,,,,,,,,,,,1,2,1,1,5
201500056334,0015-06-29 16:20:00,15,6,29,16,20,750,119,PORTE DE LA VILLETTE,,,Plein jour,En agglomération,Hors intersection,Normale,Deux véhicules - arrière,,,,,,,,,,,1,2,1,1,2
201500056335,0015-06-29 17:50:00,15,6,29,17,50,750,116,ECHANGEUR MUETTE,,,Plein jour,En agglomération,Hors intersection,Normale,Trois véhicules et plus - en chaîne,,,,,,,,,,,1,2,1,1,4
201500056336,0015-06-29 23:40:00,15,6,29,23,40,750,119,PORTE DE PANTIN,,,Nuit avec éclairage allumé,En agglomération,Hors intersection,Normale,Trois véhicules et plus - collisions multiples,,,,,,,,,,,5,2,1,1,5
201500056337,0015-06-30 09:15:00,15,6,30,9,15,750,118,PORTE DE LA CHAPELLE,,,Plein jour,En agglomération,Hors intersection,Normale,Deux véhicules - arrière,,,,,,,,,,,1,2,1,1,2
201500056338,0015-07-17 09:35:00,15,7,17,9,35,750,120,ECHANGEUR LILAS,,,Plein jour,En agglomération,Hors intersection,Normale,Deux véhicules - côté,,,,,,,,,,,1,2,1,1,3
201500056339,0015-08-26 16:40:00,15,8,26,16,40,750,114,PORTE DE GENTILLY,,,Plein jour,En agglomération,Hors intersection,Normale,Trois véhicules et plus - en chaîne,,,,,,,,,,,1,2,1,1,4
201500056340,0015-07-01 14:20:00,15,7,1,14,20,750,118,ECHANGEUR CHAPELLE,,,Plein jour,En agglomération,Hors intersection,Normale,Autre collision,,,,,,,,,,,1,2,1,1,6
201500056341,0015-07-02 12:00:00,15,7,2,12,0,750,120,PORTE DE BAGNOLET,,,Plein jour,En agglomération,Hors intersection,Normale,Deux véhicules - arrière,,,,,,,,,,,1,2,1,1,2
201500056342,0015-07-03 09:10:00,15,7,3,9,10,750,112,PORTE DOREE,,,Plein jour,En agglomération,Hors intersection,Normale,Deux véhicules - arrière,,,,,,,,,,,1,2,1,1,2
201500056343,0015-07-03 13:30:00,15,7,3,13,30,750,112,ECHANGEUR BERCY,,,Plein jour,En agglomération,Hors intersection,Normale,Deux véhicules - arrière,,,,,,,,,,,1,2,1,1,2
201500056344,0015-07-03 19:25:00,15,7,3,19,25,750,113,PORTE D ITALIE,,,Plein jour,En agglomération,Hors intersection,Normale,Deux véhicules - côté,,,,,,,,,,,1,2,1,1,3
201500056345,0015-07-04 17:00:00,15,7,4,17,0,750,116,PORTE DE PASSY,,,Plein jour,En agglomération,Hors intersection,Normale,Trois véhicules et plus - en chaîne,,,,,,,,,,,1,2,1,1,4
201500056346,0015-07-05 06:40:00,15,7,5,6,40,750,113,QUAI D IVRY,,,Plein jour,En agglomération,Hors intersection,Normale,Autre collision,,,,,,,,,,,1,2,1,1,6
201500056347,0015-07-05 19:15:00,15,7,5,19,15,750,119,PORTE DES LILAS,,,Plein jour,En agglomération,Hors intersection,Normale,Sans collision,,,,,,,,,,,1,2,1,1,7
201500056348,0015-07-06 08:50:00,15,7,6,8,50,750,120,PORTE DE MONTREUIL,,,Plein jour,En agglomération,Hors intersection,Normale,Deux véhicules - côté,,,,,,,,,,,1,2,1,1,3
201500056349,0015-07-06 17:00:00,15,7,6,17,0,750,114,PORTE DE CHATILLON,,,Plein jour,En agglomération,Hors intersection,Normale,Deux véhicules - côté,,,,,,,,,,,1,2,1,1,3
201500056350,0015-07-06 22:55:00,15,7,6,22,55,750,113,PORTE D IVRY,,,Nuit avec éclairage allumé,En agglomération,Hors intersection,Normale,Autre collision,,,,,,,,,,,5,2,1,1,6
201500056351,0015-07-07 13:40:00,15,7,7,13,40,750,116,PORTE DE SAINT CLOUD,,,Plein jour,En agglomération,Hors intersection,Normale,Deux véhicules - côté,,,,,,,,,,,1,2,1,1,3
201500056352,0015-07-07 13:40:00,15,7,7,13,40,750,113,PORTE D IVRY,,,Plein jour,En agglomération,Hors intersection,Normale,Trois véhicules et plus - en chaîne,,,,,,,,,,,1,2,1,1,4
201500056353,0015-07-07 15:20:00,15,7,7,15,20,750,115,PORTE DE LA PLAINE,,,Plein jour,En agglomération,Hors intersection,Normale,Autre collision,,,,,,,,,,,1,2,1,1,6
201500056354,0015-07-08 08:50:00,15,7,8,8,50,750,120,PORTE DE BAGNOLET,,,Plein jour,En agglomération,Hors intersection,Normale,Deux véhicules - côté,,,,,,,,,,,1,2,1,1,3
201500056355,0015-07-08 17:10:00,15,7,8,17,10,750,116,ECHANGEUR MUETTE,,,Plein jour,En agglomération,Hors intersection,Normale,Deux véhicules - côté,,,,,,,,,,,1,2,1,1,3
201500056356,0015-07-08 18:40:00,15,7,8,18,40,750,117,PORTE DE CHAMPERRET,,,Plein jour,En agglomération,Intersection en Y,Normale,Deux véhicules - côté,,,,,,,,,,,1,2,4,1,3
201500056357,0015-07-09 16:50:00,15,7,9,16,50,750,114,PORTE D ORLEANS,,,Plein jour,En agglomération,Hors intersection,Normale,Deux véhicules - arrière,,,,,,,,,,,1,2,1,1,2
201500056358,0015-07-09 16:10:00,15,7,9,16,10,750,117,PORTE DE CHAMPERRET,,,Plein jour,En agglomération,Hors intersection,Normale,Deux véhicules - côté,,,,,,,,,,,1,2,1,1,3
201500056359,0015-07-09 12:45:00,15,7,9,12,45,750,120,PORTE DE VINCENNES,,,Plein jour,En agglomération,Hors intersection,Normale,Trois véhicules et plus - en chaîne,,,,,,,,,,,1,2,1,1,4
201500056360,0015-07-10 09:30:00,15,7,10,9,30,750,113,PORTE DE GENTILLY,,,Plein jour,En agglomération,Hors intersection,Normale,Deux véhicules - côté,,,,,,,,,,,1,2,1,1,3
201500056361,0015-07-10 18:00:00,15,7,10,18,0,750,119,PORTE DE PANTIN,,,Plein jour,En agglomération,Hors intersection,Normale,Deux véhicules - arrière,,,,,,,,,,,1,2,1,1,2
201500056362,0015-07-10 09:20:00,15,7,10,9,20,750,113,PORTE D IVRY,,,Plein jour,En agglomération,Intersection en Y,Normale,Deux véhicules - côté,,,,,,,,,,,1,2,4,1,3
201500056363,0015-07-11 15:10:00,15,7,11,15,10,750,113,PORTE D IVRY,,,Plein jour,En agglomération,Hors intersection,Normale,Deux véhicules - arrière,,,,,,,,,,,1,2,1,1,2
201500056364,0015-07-13 12:50:00,15,7,13,12,50,750,119,PORTE DE LA VILLETTE,,,Plein jour,En agglomération,Intersection en Y,Normale,Deux véhicules - arrière,,,,,,,,,,,1,2,4,1,2
201500056365,0015-07-13 18:20:00,15,7,13,18,20,750,118,PORTE DE LA CHAPELLE,,,Plein jour,En agglomération,Hors intersection,Normale,Trois véhicules et plus - en chaîne,,,,,,,,,,,1,2,1,1,4
201500056366,0015-07-14 12:45:00,15,7,14,12,45,750,114,PORTE DE VANVES,,,Plein jour,En agglomération,Hors intersection,Normale,Deux véhicules - arrière,,,,,,,,,,,1,2,1,1,2
201500056367,0015-07-15 10:30:00,15,7,15,10,30,750,113,PORTE D ITALIE,,,Plein jour,En agglomération,Hors intersection,Normale,Deux véhicules - arrière,,,,,,,,,,,1,2,1,1,2
201500056368,0015-07-15 15:50:00,15,7,15,15,50,750,117,PORTE DE CLICHY,,,Plein jour,En agglomération,Hors intersection,Normale,Deux véhicules - arrière,,,,,,,,,,,1,2,1,1,2
201500056369,0015-07-17 01:57:00,15,7,17,1,57,750,119,BOULEVARD PERIPHERIQUE E,,,Nuit avec éclairage allumé,En agglomération,Hors intersection,Normale,Deux véhicules - arrière,,,,,,,,,,,5,2,1,1,2
201500056370,0015-07-17 00:50:00,15,7,17,0,50,750,118,PORTE D AUBERVILLIERS,,,Nuit avec éclairage allumé,En agglomération,Hors intersection,Normale,Deux véhicules - arrière,,,,,,,,,,,5,2,1,1,2
201500056371,0015-07-17 18:10:00,15,7,17,18,10,750,114,PORTE DE CHATILLON,,,Plein jour,En agglomération,Hors intersection,Normale,Sans collision,,,,,,,,,,,1,2,1,1,7
201500056372,0015-07-18 07:00:00,15,7,18,7,0,750,112,PORTE DE CHARENTON,,,Plein jour,En agglomération,Hors intersection,Normale,Autre collision,,,,,,,,,,,1,2,1,1,6
201500056373,0015-07-19 09:20:00,15,7,19,9,20,750,116,PORTE DE PASSY,,,Plein jour,En agglomération,Hors intersection,Normale,Deux véhicules - côté,,,,,,,,,,,1,2,1,1,3
201500056374,0015-07-20 07:00:00,15,7,20,7,0,750,113,PORTE D IVRY,,,Plein jour,En agglomération,Hors intersection,Temps couvert,Autre collision,,,,,,,,,,,1,2,1,8,6
201500056375,0015-07-20 16:30:00,15,7,20,16,30,750,116,PORTE D AUTEUIL,,,Plein jour,En agglomération,Hors intersection,Normale,Autre collision,,,,,,,,,,,1,2,1,1,6
201500056376,0015-07-21 10:00:00,15,7,21,10,0,750,120,PORTE DES LILAS,,,Plein jour,En agglomération,Hors intersection,Normale,Deux véhicules - côté,,,,,,,,,,,1,2,1,1,3
201500056377,0015-07-21 11:55:00,15,7,21,11,55,750,116,PORTE DE PASSY,,,Plein jour,En agglomération,Hors intersection,Normale,Trois véhicules et plus - en chaîne,,,,,,,,,,,1,2,1,1,4
201500056378,0015-07-24 06:15:00,15,7,24,6,15,750,119,BOULEVARD PERIPHERIQUE I,,,Plein jour,En agglomération,Intersection en Y,Normale,Deux véhicules - côté,,,,,,,,,,,1,2,4,1,3
201500056379,0015-07-24 12:25:00,15,7,24,12,25,750,112,SOUTERRAIN BERCY,,,Plein jour,En agglomération,Hors intersection,Normale,Autre collision,,,,,,,,,,,1,2,1,1,6
201500056380,0015-07-25 15:00:00,15,7,25,15,0,750,115,PORTE BRANCION,,,Plein jour,En agglomération,Hors intersection,Normale,Trois véhicules et plus - en chaîne,,,,,,,,,,,1,2,1,1,4
201500056381,0015-07-27 08:30:00,15,7,27,8,30,750,116,PORTE DE SAINT CLOUD,,,Plein jour,En agglomération,Hors intersection,Pluie légère,Deux véhicules - côté,,,,,,,,,,,1,2,1,2,3
201500056382,0015-07-28 08:45:00,15,7,28,8,45,750,112,PORTE DE CHARENTON,,,Plein jour,En agglomération,Hors intersection,Normale,Trois véhicules et plus - en chaîne,,,,,,,,,,,1,2,1,1,4
201500056383,0015-07-29 09:00:00,15,7,29,9,0,750,118,PORTE DE CLIGNANCOURT,,,Plein jour,En agglomération,Hors intersection,Normale,Deux véhicules - arrière,,,,,,,,,,,1,2,1,1,2
201500056384,0015-07-30 08:15:00,15,7,30,8,15,750,117,PORTE D ASNIERES,,,Plein jour,En agglomération,Hors intersection,Normale,Deux véhicules - côté,,,,,,,,,,,1,2,1,1,3
201500056385,0015-07-30 11:45:00,15,7,30,11,45,750,120,PORTE DE BAGNOLET,,,Plein jour,En agglomération,Hors intersection,Normale,Autre collision,,,,,,,,,,,1,2,1,1,6
201500056386,0015-07-31 13:50:00,15,7,31,13,50,750,116,ECHANGEUR MAILLOT,,,Plein jour,En agglomération,Hors intersection,Normale,Deux véhicules - côté,,,,,,,,,,,1,2,1,1,3
201500056387,0015-07-31 15:15:00,15,7,31,15,15,750,118,PORTE DE SAINT OUEN,,,Plein jour,En agglomération,Hors intersection,Normale,Trois véhicules et plus - en chaîne,,,,,,,,,,,1,2,1,1,4
201500056388,0015-07-31 20:00:00,15,7,31,20,0,750,116,PORTE MAILLOT,,,Crépuscule ou aube,En agglomération,Hors intersection,Normale,Deux véhicules - arrière,,,,,,,,,,,2,2,1,1,2
201500056389,0015-08-01 06:55:00,15,8,1,6,55,750,116,PORTE D AUTEUIL,,,Plein jour,En agglomération,Hors intersection,Normale,Autre collision,,,,,,,,,,,1,2,1,1,6
201500056390,0015-08-02 07:45:00,15,8,2,7,45,750,115,PORTE DE LA PLAINE,,,Plein jour,En agglomération,Hors intersection,Normale,Sans collision,,,,,,,,,,,1,2,1,1,7
201500056391,0015-08-02 18:15:00,15,8,2,18,15,750,117,SOUTERRAIN CHAMPERRET,,,Plein jour,En agglomération,Hors intersection,Normale,Trois véhicules et plus - en chaîne,,,,,,,,,,,1,2,1,1,4
201500056392,0015-08-03 16:45:00,15,8,3,16,45,750,112,PORTE DE CHARENTON,,,Plein jour,En agglomération,Hors intersection,Normale,Deux véhicules - arrière,,,,,,,,,,,1,2,1,1,2
201500056393,0015-08-04 11:10:00,15,8,4,11,10,750,112,PORTE DE CHARENTON,,,Plein jour,En agglomération,Hors intersection,Normale,Autre collision,,,,,,,,,,,1,2,1,1,6
201500056394,0015-08-04 13:05:00,15,8,4,13,5,750,118,PORTE DE CLIGNANCOURT,,,Plein jour,En agglomération,Hors intersection,Normale,Sans collision,,,,,,,,,,,1,2,1,1,7
201500056395,0015-08-04 18:00:00,15,8,4,18,0,750,112,ECHANGEUR BERCY,,,Plein jour,En agglomération,Hors intersection,Normale,Sans collision,,,,,,,,,,,1,2,1,1,7
201500056396,0015-08-05 16:20:00,15,8,5,16,20,750,116,PORTE DAUPHINE,,,Plein jour,En agglomération,Hors intersection,Normale,Deux véhicules - côté,,,,,,,,,,,1,2,1,1,3
201500056397,0015-08-05 17:20:00,15,8,5,17,20,750,118,ECHANGEUR CHAPELLE,,,Plein jour,En agglomération,Intersection en Y,Normale,Autre collision,,,,,,,,,,,1,2,4,1,6
201500056398,0015-08-08 07:30:00,15,8,8,7,30,750,112,ECHANGEUR BERCY,,,Plein jour,En agglomération,Hors intersection,Normale,Autre collision,,,,,,,,,,,1,2,1,1,6
201500056399,0015-08-08 16:45:00,15,8,8,16,45,750,118,PORTE D AUBERVILLIERS,,,Plein jour,En agglomération,Hors intersection,Normale,Deux véhicules - arrière,,,,,,,,,,,1,2,1,1,2
201500056400,0015-08-10 18:00:00,15,8,10,18,0,750,112,PORTE DE CHARENTON,,,Plein jour,En agglomération,Hors intersection,Normale,Deux véhicules - côté,,,,,,,,,,,1,2,1,1,3
201500056401,0015-08-12 17:00:00,15,8,12,17,0,750,114,ECHANGEUR ORLEANS,,,Plein jour,En agglomération,Intersection en Y,Normale,Autre collision,,,,,,,,,,,1,2,4,1,6
201500056402,0015-08-14 16:20:00,15,8,14,16,20,750,120,PORTE DE BAGNOLET,,,Plein jour,En agglomération,Hors intersection,Normale,Deux véhicules - arrière,,,,,,,,,,,1,2,1,1,2
201500056403,0015-08-14 18:50:00,15,8,14,18,50,750,118,PORTE D AUBERVILLIERS,,,Crépuscule ou aube,En agglomération,Hors intersection,Pluie légère,Autre collision,,,,,,,,,,,2,2,1,2,6
201500056404,0015-08-15 00:10:00,15,8,15,0,10,750,112,ECHANGEUR BERCY,,,Nuit avec éclairage allumé,En agglomération,Intersection en Y,Pluie légère,Autre collision,,,,,,,,,,,5,2,4,2,6
201500056405,0015-08-17 17:15:00,15,8,17,17,15,750,116,ECHANGEUR MUETTE,,,Plein jour,En agglomération,Hors intersection,Normale,Trois véhicules et plus - en chaîne,,,,,,,,,,,1,2,1,1,4
201500056406,0015-08-18 10:00:00,15,8,18,10,0,750,112,PORTE DE VINCENNES,,,Plein jour,En agglomération,Hors intersection,Normale,Trois véhicules et plus - en chaîne,,,,,,,,,,,1,2,1,1,4
201500056407,0015-08-20 07:50:00,15,8,20,7,50,750,112,PORTE DOREE,,,Plein jour,En agglomération,Hors intersection,Pluie légère,Trois véhicules et plus - en chaîne,,,,,,,,,,,1,2,1,2,4
201500056408,0015-08-20 11:35:00,15,8,20,11,35,750,118,ECHANGEUR CHAPELLE,,,Plein jour,En agglomération,Intersection en Y,Pluie légère,Deux véhicules - côté,,,,,,,,,,,1,2,4,2,3
201500056409,0015-08-21 08:35:00,15,8,21,8,35,750,118,AVENUE DE LA PORTE DE SA,,,Plein jour,En agglomération,Hors intersection,Normale,Trois véhicules et plus - en chaîne,,,,,,,,,,,1,2,1,1,4
201500056410,0015-08-21 08:30:00,15,8,21,8,30,750,114,PORTE D ORLEANS,,,Plein jour,En agglomération,Hors intersection,Normale,Deux véhicules - arrière,,,,,,,,,,,1,2,1,1,2
201500056411,0015-08-22 01:25:00,15,8,22,1,25,750,112,PORTE DE VINCENNES,,,Nuit avec éclairage allumé,En agglomération,Hors intersection,Normale,Sans collision,,,,,,,,,,,5,2,1,1,7
201500056412,0015-08-22 13:35:00,15,8,22,13,35,750,112,PORTE DE CHARENTON,,,Plein jour,En agglomération,Hors intersection,Normale,Trois véhicules et plus - en chaîne,,,,,,,,,,,1,2,1,1,4
201500056413,0015-08-26 07:55:00,15,8,26,7,55,750,114,PORTE DE CHATILLON,,,Plein jour,En agglomération,Hors intersection,Normale,Trois véhicules et plus - en chaîne,,,,,,,,,,,1,2,1,1,4
201500056414,0015-08-26 06:45:00,15,8,26,6,45,750,112,PORTE DE VINCENNES,,,Nuit avec éclairage allumé,En agglomération,Intersection en Y,Normale,Trois véhicules et plus - en chaîne,,,,,,,,,,,5,2,4,1,4
201500056415,0015-08-26 11:15:00,15,8,26,11,15,750,112,ECHANGEUR BERCY,,,Plein jour,En agglomération,Hors intersection,Normale,Trois véhicules et plus - en chaîne,,,,,,,,,,,1,2,1,1,4
201500056416,0015-08-26 09:30:00,15,8,26,9,30,750,117,PORTE D ASNIERES,,,Plein jour,En agglomération,Hors intersection,Normale,Deux véhicules - arrière,,,,,,,,,,,1,2,1,1,2
201500056417,0015-08-26 15:15:00,15,8,26,15,15,750,112,ECHANGEUR BERCY,,,Plein jour,En agglomération,Intersection en Y,Normale,Autre collision,,,,,,,,,,,1,2,4,1,6
201500056418,0015-08-26 18:25:00,15,8,26,18,25,750,113,PORTE D IVRY,,,Plein jour,En agglomération,Hors intersection,Normale,Deux véhicules - côté,,,,,,,,,,,1,2,1,1,3
201500056419,0015-08-26 16:40:00,15,8,26,16,40,750,114,PORTE DE GENTILLY,,,Plein jour,En agglomération,Hors intersection,Normale,Trois véhicules et plus - en chaîne,,,,,,,,,,,1,2,1,1,4
201500056420,0015-08-27 17:45:00,15,8,27,17,45,750,113,PORTE D IVRY,,,Plein jour,En agglomération,Hors intersection,Pluie légère,Sans collision,,,,,,,,,,,1,2,1,2,7
201500056421,0015-08-28 09:25:00,15,8,28,9,25,750,113,PORTE D ITALIE,,,Plein jour,En agglomération,Hors intersection,Normale,Deux véhicules - côté,,,,,,,,,,,1,2,1,1,3
201500056422,0015-08-28 15:15:00,15,8,28,15,15,750,112,PORTE DOREE,,,Plein jour,En agglomération,Hors intersection,Normale,Autre collision,,,,,,,,,,,1,2,1,1,6
201500056423,0015-08-28 16:30:00,15,8,28,16,30,750,112,PORTE DE SAINT MANDE,,,Plein jour,En agglomération,Hors intersection,Normale,Deux véhicules - arrière,,,,,,,,,,,1,2,1,1,2
201500056424,0015-08-28 22:15:00,15,8,28,22,15,750,119,PORTE DE PANTIN,,,Nuit avec éclairage allumé,En agglomération,Hors intersection,Normale,Sans collision,,,,,,,,,,,5,2,1,1,7
201500056425,0015-08-30 21:15:00,15,8,30,21,15,750,114,PORTE D ORLEANS,,,Nuit avec éclairage allumé,En agglomération,Hors intersection,Normale,Trois véhicules et plus - en chaîne,,,,,,,,,,,5,2,1,1,4
201500056426,0015-09-01 18:20:00,15,9,1,18,20,750,114,PORTE BRANCION,,,Plein jour,En agglomération,Hors intersection,Normale,Trois véhicules et plus - en chaîne,,,,,,,,,,,1,2,1,1,4
201500056427,0015-09-03 12:50:00,15,9,3,12,50,750,115,QUAI D ISSY LES MOULINEA,,,Plein jour,En agglomération,Hors intersection,Normale,Sans collision,,,,,,,,,,,1,2,1,1,7
201500056428,0015-09-03 19:00:00,15,9,3,19,0,750,116,ECHANGEUR MAILLOT,,,Plein jour,En agglomération,Hors intersection,Normale,Sans collision,,,,,,,,,,,1,2,1,1,7
201500056429,0015-09-04 06:20:00,15,9,4,6,20,750,120,PORTE DE MONTREUIL,,,Plein jour,En agglomération,Hors intersection,Normale,Autre collision,,,,,,,,,,,1,2,1,1,6
201500056430,0015-09-04 08:40:00,15,9,4,8,40,750,115,PORTE DE SEVRES,,,Plein jour,En agglomération,Hors intersection,Normale,Autre collision,,,,,,,,,,,1,2,1,1,6
201500056431,0015-09-05 01:35:00,15,9,5,1,35,750,120,PORTE DE BAGNOLET,,,Nuit avec éclairage allumé,En agglomération,Hors intersection,Normale,Deux véhicules - arrière,,,,,,,,,,,5,2,1,1,2
201500056432,0015-09-05 23:20:00,15,9,5,23,20,750,118,PORTE DE LA CHAPELLE,,,Nuit avec éclairage allumé,En agglomération,Hors intersection,Normale,Autre collision,,,,,,,,,,,5,2,1,1,6
201500056433,0015-09-06 09:00:00,15,9,6,9,0,750,115,PORTE DE LA PLAINE,,,Plein jour,En agglomération,Hors intersection,Normale,Autre collision,,,,,,,,,,,1,2,1,1,6
201500056434,0015-09-06 20:50:00,15,9,6,20,50,750,118,PORTE DE SAINT OUEN,,,Nuit avec éclairage allumé,En agglomération,Intersection en Y,Normale,Autre collision,,,,,,,,,,,5,2,4,1,6
201500056435,0015-09-07 09:05:00,15,9,7,9,5,750,120,PORTE DE BAGNOLET,,,Plein jour,En agglomération,Hors intersection,Normale,Deux véhicules - côté,,,,,,,,,,,1,2,1,1,3
201500056436,0015-09-07 11:40:00,15,9,7,11,40,750,112,PORTE DE VINCENNES,,,Plein jour,En agglomération,Hors intersection,Normale,Trois véhicules et plus - en chaîne,,,,,,,,,,,1,2,1,1,4
201500056437,0015-09-08 17:00:00,15,9,8,17,0,750,120,PORTE DE MONTREUIL,,,Plein jour,En agglomération,Hors intersection,Normale,Trois véhicules et plus - en chaîne,,,,,,,,,,,1,2,1,1,4