accident_id,datetime,annee,mois,jour,heure,minute,departement,commune_insee,adresse,latitude,longitude,luminosite,agglomeration,intersection,meteo,collision,nb_vehicules,nb_usagers,nb_indemnes,nb_tues,nb_blesses_hosp,nb_blesses_legers,age_cond_1,age_cond_2,veh_type_cond_1,veh_type_cond_2,lum_code,agg_code,int_code,atm_code,col_code
201500056438,0015-09-09 04:08:00,15,9,9,4,8,750,114,PORTE BRANCION,,,Nuit avec éclairage allumé,En agglomération,Hors intersection,Normale,Deux véhicules - côté,,,,,,,,,,,5,2,1,1,3
201500056439,0015-09-09 08:05:00,15,9,9,8,5,750,116,ECHANGEUR MUETTE,,,Plein jour,En agglomération,Hors intersection,Normale,Deux véhicules - côté,,,,,,,,,,,1,2,1,1,3
201500056440,0015-09-09 17:30:00,15,9,9,17,30,750,112,PORTE DE CHARENTON,,,Plein jour,En agglomération,Hors intersection,Normale,Deux véhicules - côté,,,,,,,,,,,1,2,1,1,3
201500056441,0015-09-10 08:55:00,15,9,10,8,55,750,116,PORTE DE PASSY,,,Plein jour,En agglomération,Hors intersection,Normale,Autre collision,,,,,,,,,,,1,2,1,1,6
201500056442,0015-09-10 08:50:00,15,9,10,8,50,750,116,ECHANGEUR MUETTE,,,Plein jour,En agglomération,Hors intersection,Normale,Trois véhicules et plus - en chaîne,,,,,,,,,,,1,2,1,1,4
201500056443,0015-09-10 18:40:00,15,9,10,18,40,750,112,PORTE DE SAINT MANDE,,,Plein jour,En agglomération,Hors intersection,Normale,Trois véhicules et plus - en chaîne,,,,,,,,,,,1,2,1,1,4
201500056444,0015-09-11 00:50:00,15,9,11,0,50,750,119,PORTE DES LILAS,,,Nuit avec éclairage allumé,En agglomération,Intersection en Y,Normale,Sans collision,,,,,,,,,,,5,2,4,1,7
201500056445,0015-09-11 09:30:00,15,9,11,9,30,750,117,PORTE DE SAINT OUEN,,,Plein jour,En agglomération,Hors intersection,Normale,Deux véhicules - côté,,,,,,,,,,,1,2,1,1,3
201500056446,0015-09-11 19:40:00,15,9,11,19,40,750,117,PORTE DE CLICHY,,,Nuit avec éclairage allumé,En agglomération,Hors intersection,Normale,Deux véhicules - côté,,,,,,,,,,,5,2,1,1,3
201500056447,0015-09-12 20:25:00,15,9,12,20,25,750,115,ECHANGEUR ISSY,,,Nuit avec éclairage allumé,En agglomération,Hors intersection,Normale,Deux véhicules - côté,,,,,,,,,,,5,2,1,1,3
201500056448,0015-09-13 12:45:00,15,9,13,12,45,750,117,PORTE DE CLICHY,,,Plein jour,En agglomération,Hors intersection,Pluie forte,Sans collision,,,,,,,,,,,1,2,1,3,7
201500056449,0015-09-14 01:50:00,15,9,14,1,50,750,116,PORTE DE PASSY,,,Nuit avec éclairage allumé,En agglomération,Hors intersection,Normale,Deux véhicules - frontale,,,,,,,,,,,5,2,1,1,1
201500056450,0015-09-14 08:50:00,15,9,14,8,50,750,120,ECHANGEUR BAGNOLET,,,Plein jour,En agglomération,Hors intersection,Pluie légère,Deux véhicules - arrière,,,,,,,,,,,1,2,1,2,2
201500056451,0015-09-14 08:40:00,15,9,14,8,40,750,116,PORTE DE PASSY,,,Plein jour,En agglomération,Hors intersection,Pluie légère,Deux véhicules - côté,,,,,,,,,,,1,2,1,2,3
201500056452,0015-09-14 17:55:00,15,9,14,17,55,750,114,PORTE DE GENTILLY,,,Plein jour,En agglomération,Hors intersection,Normale,Trois véhicules et plus - en chaîne,,,,,,,,,,,1,2,1,1,4
201500056453,0015-09-15 16:10:00,15,9,15,16,10,750,116,PORTE DAUPHINE,,,Plein jour,En agglomération,Hors intersection,Normale,Trois véhicules et plus - en chaîne,,,,,,,,,,,1,2,1,1,4
201500056454,0015-09-15 14:36:00,15,9,15,14,36,750,120,PORTE DE VINCENNES,,,Plein jour,En agglomération,Hors intersection,Normale,Deux véhicules - côté,,,,,,,,,,,1,2,1,1,3
201500056455,0015-09-16 09:30:00,15,9,16,9,30,750,113,PONT DE BERCY,,,Plein jour,En agglomération,Hors intersection,Pluie légère,Sans collision,,,,,,,,,,,1,2,1,2,7
201500056456,0015-09-16 08:10:00,15,9,16,8,10,750,117,PORTE D ASNIERES,,,Plein jour,En agglomération,Hors intersection,Pluie légère,Sans collision,,,,,,,,,,,1,2,1,2,7
201500056457,0015-09-16 08:45:00,15,9,16,8,45,750,117,PORTE DE SAINT OUEN,,,Plein jour,En agglomération,Hors intersection,Pluie légère,Deux véhicules - côté,,,,,,,,,,,1,2,1,2,3
201500056458,0015-09-17 08:35:00,15,9,17,8,35,750,120,PORTE DE BAGNOLET,,,Plein jour,En agglomération,Hors intersection,Normale,Deux véhicules - côté,,,,,,,,,,,1,2,1,1,3
201500056459,0015-09-17 09:00:00,15,9,17,9,0,750,118,PORTE DE LA CHAPELLE,,,Plein jour,En agglomération,Intersection en Y,Temps couvert,Deux véhicules - côté,,,,,,,,,,,1,2,4,8,3
201500056460,0015-09-17 18:30:00,15,9,17,18,30,750,116,PORTE MAILLOT,,,Plein jour,En agglomération,Hors intersection,Normale,Autre collision,,,,,,,,,,,1,2,1,1,6
201500056461,0015-09-18 14:30:00,15,9,18,14,30,750,117,PORTE DE CHAMPERRET,,,Plein jour,En agglomération,Hors intersection,Normale,Deux véhicules - arrière,,,,,,,,,,,1,2,1,1,2
201500056462,0015-09-18 17:45:00,15,9,18,17,45,750,116,PORTE DE PASSY,,,Plein jour,En agglomération,Hors intersection,Temps couvert,Deux véhicules - arrière,,,,,,,,,,,1,2,1,8,2
201500056463,0015-09-18 21:30:00,15,9,18,21,30,750,119,PORTE DE LA VILLETTE,,,Nuit avec éclairage allumé,En agglomération,Hors intersection,Normale,Autre collision,,,,,,,,,,,5,2,1,1,6
201500056464,0015-09-19 17:10:00,15,9,19,17,10,750,113,PORTE DE GENTILLY,,,Plein jour,En agglomération,Hors intersection,Normale,Deux véhicules - arrière,,,,,,,,,,,1,2,1,1,2
201500056465,0015-09-19 20:20:00,15,9,19,20,20,750,112,PORTE DE CHARENTON,,,Nuit avec éclairage allumé,En agglomération,Hors intersection,Normale,Autre collision,,,,,,,,,,,5,2,1,1,6
201500056466,0015-09-19 20:20:00,15,9,19,20,20,750,112,ECHANGEUR VINCENNES,,,Nuit avec éclairage allumé,En agglomération,Intersection en Y,Normale,Autre collision,,,,,,,,,,,5,2,4,1,6
201500056467,0015-09-20 06:20:00,15,9,20,6,20,750,114,PORTE DE CHATILLON,,,Crépuscule ou aube,En agglomération,Intersection en Y,Normale,Deux véhicules - côté,,,,,,,,,,,2,2,4,1,3
201500056468,0015-09-20 19:43:00,15,9,20,19,43,750,120,PORTE DE BAGNOLET,,,Plein jour,En agglomération,Hors intersection,Normale,Sans collision,,,,,,,,,,,1,2,1,1,7
201500056469,0015-09-21 10:10:00,15,9,21,10,10,750,113,PORTE D IVRY,,,Plein jour,En agglomération,Intersection en Y,Normale,Deux véhicules - côté,,,,,,,,,,,1,2,4,1,3
201500056470,0015-09-22 09:00:00,15,9,22,9,0,750,116,ECHANGEUR AUTEUIL,,,Plein jour,En agglomération,Hors intersection,Temps couvert,Deux véhicules - arrière,,,,,,,,,,,1,2,1,8,2
201500056471,0015-09-22 12:40:00,15,9,22,12,40,750,116,PORTE DE SAINT CLOUD,,,Plein jour,En agglomération,Hors intersection,Pluie légère,Sans collision,,,,,,,,,,,1,2,1,2,7
201500056472,0015-09-22 17:50:00,15,9,22,17,50,750,113,PORTE D ITALIE,,,Plein jour,En agglomération,Hors intersection,Normale,Deux véhicules - côté,,,,,,,,,,,1,2,1,1,3
201500056473,0015-09-24 15:50:00,15,9,24,15,50,750,120,PORTE DE BAGNOLET,,,Plein jour,En agglomération,Hors intersection,Normale,Autre collision,,,,,,,,,,,1,2,1,1,6
201500056474,0015-09-25 16:00:00,15,9,25,16,0,750,116,PORTE DE PASSY,,,Plein jour,En agglomération,Hors intersection,Normale,Trois véhicules et plus - en chaîne,,,,,,,,,,,1,2,1,1,4
201500056475,0015-09-26 15:25:00,15,9,26,15,25,750,112,PORTE DE CHARENTON,,,Plein jour,En agglomération,Hors intersection,Normale,Deux véhicules - arrière,,,,,,,,,,,1,2,1,1,2
201500056476,0015-09-27 13:45:00,15,9,27,13,45,750,112,PORTE DOREE,,,Plein jour,En agglomération,Hors intersection,Normale,Trois véhicules et plus - collisions multiples,,,,,,,,,,,1,2,1,1,5
201500056477,0015-09-25 12:00:00,15,9,25,12,0,750,112,PORTE DE CHARENTON,,,Plein jour,En agglomération,Hors intersection,Normale,Deux véhicules - côté,,,,,,,,,,,1,2,1,1,3
201500056478,0015-09-29 13:50:00,15,9,29,13,50,750,117,PORTE MAILLOT,,,Plein jour,En agglomération,Hors intersection,Normale,Autre collision,,,,,,,,,,,1,2,1,1,6
201500056479,0015-09-29 15:30:00,15,9,29,15,30,750,114,PORTE D ORLEANS,,,Plein jour,En agglomération,Hors intersection,Normale,Sans collision,,,,,,,,,,,1,2,1,1,7
201500056480,0015-09-29 15:15:00,15,9,29,15,15,750,115,PORTE DE LA PLAINE,,,Plein jour,En agglomération,Hors intersection,Normale,Deux véhicules - arrière,,,,,,,,,,,1,2,1,1,2
201500056481,0015-09-29 21:15:00,15,9,29,21,15,750,120,PORTE DE BAGNOLET,,,Nuit avec éclairage allumé,En agglomération,Hors intersection,Normale,Trois véhicules et plus - en chaîne,,,,,,,,,,,5,2,1,1,4
201500056482,0015-10-01 07:20:00,15,10,1,7,20,750,113,QUAI D IVRY,,,Crépuscule ou aube,En agglomération,Hors intersection,Normale,Sans collision,,,,,,,,,,,2,2,1,1,7
201500056483,0015-10-01 13:35:00,15,10,1,13,35,750,117,PORTE DES TERNES,,,Plein jour,En agglomération,Hors intersection,Normale,Sans collision,,,,,,,,,,,1,2,1,1,7
201500056484,0015-10-01 15:35:00,15,10,1,15,35,750,114,PORTE DE GENTILLY,,,Plein jour,En agglomération,Hors intersection,Normale,Deux véhicules - arrière,,,,,,,,,,,1,2,1,1,2
201500056485,0015-10-01 16:50:00,15,10,1,16,50,750,120,PORTE DE BAGNOLET,,,Plein jour,En agglomération,Hors intersection,Normale,Deux véhicules - côté,,,,,,,,,,,1,2,1,1,3
201500056486,0015-10-01 18:10:00,15,10,1,18,10,750,115,PORTE D ISSY,,,Plein jour,En agglomération,Hors intersection,Normale,Sans collision,,,,,,,,,,,1,2,1,1,7
201500056487,0015-10-02 08:30:00,15,10,2,8,30,750,118,PORTE DE SAINT OUEN,,,Plein jour,En agglomération,Hors intersection,Normale,Trois véhicules et plus - en chaîne,,,,,,,,,,,1,2,1,1,4
201500056488,0015-10-02 17:00:00,15,10,2,17,0,750,113,PORTE DE GENTILLY,,,Plein jour,En agglomération,Intersection en Y,Normale,Autre collision,,,,,,,,,,,1,2,4,1,6
201500056489,0015-10-02 20:30:00,15,10,2,20,30,750,119,PORTE DES LILAS,,,Nuit avec éclairage allumé,En agglomération,Hors intersection,Normale,Trois véhicules et plus - en chaîne,,,,,,,,,,,5,2,1,1,4
201500056490,0015-10-02 22:30:00,15,10,2,22,30,750,119,PORTE DE PANTIN,,,Nuit avec éclairage allumé,En agglomération,Hors intersection,Normale,Deux véhicules - côté,,,,,,,,,,,5,2,1,1,3
201500056491,0015-10-03 16:10:00,15,10,3,16,10,750,113,ECHANGEUR BERCY,,,Plein jour,En agglomération,Hors intersection,Normale,Deux véhicules - arrière,,,,,,,,,,,1,2,1,1,2
201500056492,0015-10-03 23:45:00,15,10,3,23,45,750,117,PORTE DE SAINT OUEN,,,Nuit avec éclairage allumé,En agglomération,Hors intersection,Normale,Trois véhicules et plus - collisions multiples,,,,,,,,,,,5,2,1,1,5
201500056493,0015-10-05 07:20:00,15,10,5,7,20,750,118,PORTE DE CLIGNANCOURT,,,Crépuscule ou aube,En agglomération,Intersection en Y,Normale,Trois véhicules et plus - en chaîne,,,,,,,,,,,2,2,4,1,4
201500056494,0015-10-05 19:00:00,15,10,5,19,0,750,120,PORTE DE VINCENNES,,,Crépuscule ou aube,En agglomération,Hors intersection,Pluie légère,Trois véhicules et plus - en chaîne,,,,,,,,,,,2,2,1,2,4
201500056495,0015-10-06 09:50:00,15,10,6,9,50,750,117,PORTE MAILLOT,,,Plein jour,En agglomération,Hors intersection,Pluie légère,Sans collision,,,,,,,,,,,1,2,1,2,7
201500056496,0015-10-06 14:00:00,15,10,6,14,0,750,117,ECHANGEUR MAILLOT,,,Plein jour,En agglomération,Hors intersection,Pluie légère,Sans collision,,,,,,,,,,,1,2,1,2,7
201500056497,0015-10-06 18:45:00,15,10,6,18,45,750,119,PORTE DE PANTIN,,,Plein jour,En agglomération,Hors intersection,Normale,Trois véhicules et plus - en chaîne,,,,,,,,,,,1,2,1,1,4
201500056498,0015-10-08 08:25:00,15,10,8,8,25,750,114,PORTE DE CHATILLON,,,Plein jour,En agglomération,Hors intersection,Normale,Deux véhicules - arrière,,,,,,,,,,,1,2,1,1,2
201500056499,0015-10-08 08:20:00,15,10,8,8,20,750,114,PORTE DE CHATILLON,,,Plein jour,En agglomération,Hors intersection,Normale,Deux véhicules - arrière,,,,,,,,,,,1,2,1,1,2
201500056500,0015-10-08 20:10:00,15,10,8,20,10,750,119,PORTE DE PANTIN,,,Nuit avec éclairage allumé,En agglomération,Hors intersection,Normale,Trois véhicules et plus - en chaîne,,,,,,,,,,,5,2,1,1,4
201500056501,0015-10-09 17:15:00,15,10,9,17,15,750,116,ECHANGEUR MUETTE,,,Plein jour,En agglomération,Hors intersection,Normale,Deux véhicules - côté,,,,,,,,,,,1,2,1,1,3
201500056502,0015-10-10 07:30:00,15,10,10,7,30,750,112,PORTE DE VINCENNES,,,Crépuscule ou aube,En agglomération,Hors intersection,Normale,Sans collision,,,,,,,,,,,2,2,1,1,7
201500056503,0015-10-11 14:55:00,15,10,11,14,55,750,116,PORTE D AUTEUIL,,,Plein jour,En agglomération,Hors intersection,Normale,Deux véhicules - arrière,,,,,,,,,,,1,2,1,1,2
201500056504,0015-10-12 10:20:00,15,10,12,10,20,750,113,QUAI D IVRY,,,Plein jour,En agglomération,Hors intersection,Normale,Trois véhicules et plus - en chaîne,,,,,,,,,,,1,2,1,1,4
201500056505,0015-10-12 09:15:00,15,10,12,9,15,750,116,ECHANGEUR AUTEUIL,,,Plein jour,En agglomération,Hors intersection,Normale,Deux véhicules - côté,,,,,,,,,,,1,2,1,1,3
201500056506,0015-10-12 12:35:00,15,10,12,12,35,750,116,PORTE DAUPHINE,,,Plein jour,En agglomération,Hors intersection,Normale,Deux véhicules - côté,,,,,,,,,,,1,2,1,1,3
201500056507,0015-10-12 17:40:00,15,10,12,17,40,750,115,QUAI D ISSY LES MOULINEA,,,Plein jour,En agglomération,Hors intersection,Normale,Deux véhicules - arrière,,,,,,,,,,,1,2,1,1,2
201500056508,0015-10-13 06:45:00,15,10,13,6,45,750,117,PORTE D ASNIERES,,,Nuit avec éclairage allumé,En agglomération,Hors intersection,Normale,Trois véhicules et plus - en chaîne,,,,,,,,,,,5,2,1,1,4
201500056509,0015-10-13 16:40:00,15,10,13,16,40,750,120,PORTE DE MONTREUIL,,,Plein jour,En agglomération,Hors intersection,Normale,Deux véhicules - côté,,,,,,,,,,,1,2,1,1,3
201500056510,0015-10-14 17:10:00,15,10,14,17,10,750,120,PORTE DE VINCENNES,,,Plein jour,En agglomération,Hors intersection,Temps couvert,Deux véhicules - arrière,,,,,,,,,,,1,2,1,8,2
201500056511,0015-10-14 22:00:00,15,10,14,22,0,750,120,ECHANGEUR BAGNOLET,,,Nuit avec éclairage allumé,En agglomération,Hors intersection,Pluie légère,Autre collision,,,,,,,,,,,5,2,1,2,6
201500056512,0015-10-15 16:15:00,15,10,15,16,15,750,120,PORTE DE BAGNOLET,,,Plein jour,En agglomération,Hors intersection,Normale,Sans collision,,,,,,,,,,,1,2,1,1,7
201500056513,0015-10-16 09:10:00,15,10,16,9,10,750,120,PORTE DES LILAS,,,Plein jour,En agglomération,Hors intersection,Pluie légère,Trois véhicules et plus - en chaîne,,,,,,,,,,,1,2,1,2,4
201500056514,0015-10-19 22:50:00,15,10,19,22,50,750,113,PORTE DE GENTILLY,,,Nuit avec éclairage allumé,En agglomération,Intersection en Y,Normale,Trois véhicules et plus - en chaîne,,,,,,,,,,,5,2,4,1,4
201500056515,0015-10-20 06:45:00,15,10,20,6,45,750,116,ECHANGEUR MAILLOT,,,Nuit avec éclairage allumé,En agglomération,Intersection en Y,Normale,Autre collision,,,,,,,,,,,5,2,4,1,6
201500056516,0015-10-21 16:10:00,15,10,21,16,10,750,120,PORTE DE MONTREUIL,,,Plein jour,En agglomération,Hors intersection,Normale,Deux véhicules - côté,,,,,,,,,,,1,2,1,1,3
201500056517,0015-10-21 22:00:00,15,10,21,22,0,750,116,PORTE DE PASSY,,,Nuit avec éclairage allumé,En agglomération,Hors intersection,Normale,Trois véhicules et plus - en chaîne,,,,,,,,,,,5,2,1,1,4
201500056518,0015-10-22 06:10:00,15,10,22,6,10,750,119,PORTE DE PANTIN,,,Nuit avec éclairage allumé,En agglomération,Hors intersection,Pluie légère,Autre collision,,,,,,,,,,,5,2,1,2,6
201500056519,0015-10-22 08:20:00,15,10,22,8,20,750,119,PORTE DE LA VILLETTE,,,Plein jour,En agglomération,Hors intersection,Pluie légère,Trois véhicules et plus - en chaîne,,,,,,,,,,,1,2,1,2,4
201500056520,0015-10-22 11:20:00,15,10,22,11,20,750,119,PORTE DE PANTIN,,,Plein jour,En agglomération,Hors intersection,Normale,Deux véhicules - côté,,,,,,,,,,,1,2,1,1,3
201500056521,0015-10-22 18:40:00,15,10,22,18,40,750,116,PORTE MAILLOT,,,Crépuscule ou aube,En agglomération,Hors intersection,Pluie légère,Deux véhicules - arrière,,,,,,,,,,,2,2,1,2,2
201500056522,0015-10-25 20:00:00,15,10,25,20,0,750,118,PORTE DE LA CHAPELLE,,,Nuit avec éclairage allumé,En agglomération,Hors intersection,Normale,Deux véhicules - côté,,,,,,,,,,,5,2,1,1,3
201500056523,0015-10-27 15:00:00,15,10,27,15,0,750,116,BOULEVARD PERIPHERIQUE I,,,Plein jour,En agglomération,Hors intersection,Normale,Deux véhicules - côté,,,,,,,,,,,1,2,1,1,3
201500056524,0015-10-27 15:00:00,15,10,27,15,0,750,117,PORTE MAILLOT,,,Plein jour,En agglomération,Hors intersection,Normale,Deux véhicules - arrière,,,,,,,,,,,1,2,1,1,2
201500056525,0015-10-27 17:50:00,15,10,27,17,50,750,112,PORTE DE VINCENNES,,,Nuit avec éclairage allumé,En agglomération,Hors intersection,Normale,Trois véhicules et plus - en chaîne,,,,,,,,,,,5,2,1,1,4
201500056526,0015-10-30 12:40:00,15,10,30,12,40,750,116,PORTE DAUPHINE,,,Plein jour,En agglomération,Hors intersection,Normale,Deux véhicules - arrière,,,,,,,,,,,1,2,1,1,2
201500056527,0015-10-30 10:00:00,15,10,30,10,0,750,117,PORTE DE CHAMPERRET,,,Plein jour,En agglomération,Intersection en Y,Normale,Deux véhicules - côté,,,,,,,,,,,1,2,4,1,3
201500056528,0015-10-30 15:50:00,15,10,30,15,50,750,116,ECHANGEUR MUETTE,,,Plein jour,En agglomération,Hors intersection,Normale,Deux véhicules - arrière,,,,,,,,,,,1,2,1,1,2
201500056529,0015-10-31 11:50:00,15,10,31,11,50,750,116,ECHANGEUR MUETTE,,,Plein jour,En agglomération,Hors intersection,Normale,Trois véhicules et plus - en chaîne,,,,,,,,,,,1,2,1,1,4
201500056530,0015-10-31 19:10:00,15,10,31,19,10,750,117,PORTE DE CHAMPERRET,,,Plein jour,En agglomération,Hors intersection,Normale,Autre collision,,,,,,,,,,,1,2,1,1,6
201500056531,0015-11-01 04:55:00,15,11,1,4,55,750,112,PORTE DOREE,,,Nuit avec éclairage allumé,En agglomération,Hors intersection,Vent fort / tempête,Deux véhicules - arrière,,,,,,,,,,,5,2,1,6,2
201500056532,0015-11-02 08:20:00,15,11,2,8,20,750,119,PORTE DE PANTIN,,,Plein jour,En agglomération,Hors intersection,Normale,Autre collision,,,,,,,,,,,1,2,1,1,6
201500056533,0015-11-03 12:20:00,15,11,3,12,20,750,112,PORTE DE VINCENNES,,,Plein jour,En agglomération,Intersection en Y,Normale,Sans collision,,,,,,,,,,,1,2,4,1,7
201500056534,0015-11-04 08:30:00,15,11,4,8,30,750,117,PORTE DE CHAMPERRET,,,Plein jour,En agglomération,Hors intersection,Pluie légère,Deux véhicules - côté,,,,,,,,,,,1,2,1,2,3
201500056535,0015-11-05 10:20:00,15,11,5,10,20,750,112,PORTE DE CHARENTON,,,Plein jour,En agglomération,Hors intersection,Normale,Trois véhicules et plus - collisions multiples,,,,,,,,,,,1,2,1,1,5
201500056536,0015-11-05 14:50:00,15,11,5,14,50,750,117,PORTE DE CHAMPERRET,,,Plein jour,En agglomération,Hors intersection,Normale,Sans collision,,,,,,,,,,,1,2,1,1,7
201500056537,0015-11-06 08:05:00,15,11,6,8,5,750,114,PORTE D ORLEANS,,,Plein jour,En agglomération,Hors intersection,Normale,Deux véhicules - côté,,,,,,,,,,,1,2,1,1,3
201500056538,0015-11-06 13:20:00,15,11,6,13,20,750,114,PORTE D ORLEANS,,,Plein jour,En agglomération,Hors intersection,Normale,Deux véhicules - côté,,,,,,,,,,,1,2,1,1,3
201500056539,0015-11-07 01:20:00,15,11,7,1,20,750,120,BOULEVARD PERIPHERIQUE I,,,Nuit avec éclairage allumé,En agglomération,Intersection en Y,Normale,Trois véhicules et plus - en chaîne,,,,,,,,,,,5,2,4,1,4
201500056540,0015-11-09 08:15:00,15,11,9,8,15,750,112,PORTE DE CHARENTON,,,Plein jour,En agglomération,Hors intersection,Normale,Autre collision,,,,,,,,,,,1,2,1,1,6
201500056541,0015-11-10 06:35:00,15,11,10,6,35,750,117,PORTE D ASNIERES,,,Crépuscule ou aube,En agglomération,Hors intersection,Normale,Autre collision,,,,,,,,,,,2,2,1,1,6
201500056542,0015-11-13 11:30:00,15,11,13,11,30,750,117,ECHANGEUR MAILLOT,,,Plein jour,En agglomération,Hors intersection,Pluie légère,Deux véhicules - arrière,,,,,,,,,,,1,2,1,2,2
201500056543,0015-11-14 13:00:00,15,11,14,13,0,750,120,PORTE DE VINCENNES,,,Plein jour,En agglomération,Hors intersection,Normale,Trois véhicules et plus - en chaîne,,,,,,,,,,,1,2,1,1,4
201500056544,0015-11-15 16:05:00,15,11,15,16,5,750,116,ECHANGEUR MUETTE,,,Plein jour,En agglomération,Hors intersection,Normale,Trois véhicules et plus - en chaîne,,,,,,,,,,,1,2,1,1,4
201500056545,0015-11-18 23:25:00,15,11,18,23,25,750,115,PORTE BRANCION,,,Nuit avec éclairage allumé,En agglomération,Hors intersection,Normale,Autre collision,,,,,,,,,,,5,2,1,1,6
201500056546,0015-11-19 06:50:00,15,11,19,6,50,750,112,ECHANGEUR BERCY,,,Nuit avec éclairage allumé,En agglomération,Hors intersection,Normale,Trois véhicules et plus - en chaîne,,,,,,,,,,,5,2,1,1,4
201500056547,0015-11-19 11:00:00,15,11,19,11,0,750,116,BOULEVARD PERIPHERIQUE I,,,Plein jour,En agglomération,Intersection en Y,Pluie légère,Trois véhicules et plus - en chaîne,,,,,,,,,,,1,2,4,2,4
201500056548,0015-11-20 09:20:00,15,11,20,9,20,750,112,PORTE DOREE,,,Plein jour,En agglomération,Hors intersection,Pluie forte,Deux véhicules - côté,,,,,,,,,,,1,2,1,3,3
201500056549,0015-11-20 12:45:00,15,11,20,12,45,750,120,PORTE DES LILAS,,,Plein jour,En agglomération,Hors intersection,Normale,Deux véhicules - arrière,,,,,,,,,,,1,2,1,1,2
201500056550,0015-11-21 14:00:00,15,11,21,14,0,750,114,PORTE DE CHATILLON,,,Plein jour,En agglomération,Hors intersection,Pluie légère,Deux véhicules - côté,,,,,,,,,,,1,2,1,2,3
201500056551,0015-11-21 17:15:00,15,11,21,17,15,750,120,PORTE DE BAGNOLET,,,Plein jour,En agglomération,Hors intersection,Pluie légère,Sans collision,,,,,,,,,,,1,2,1,2,7
201500056552,0015-11-23 16:30:00,15,11,23,16,30,750,118,PORTE DE LA CHAPELLE,,,Plein jour,En agglomération,Hors intersection,Normale,Deux véhicules - arrière,,,,,,,,,,,1,2,1,1,2
201500056553,0015-11-23 17:45:00,15,11,23,17,45,750,112,PORTE DE CHARENTON,,,Crépuscule ou aube,En agglomération,Hors intersection,Normale,Deux véhicules - arrière,,,,,,,,,,,2,2,1,1,2
201500056554,0015-11-23 20:15:00,15,11,23,20,15,750,120,PORTE DE VINCENNES,,,Nuit avec éclairage allumé,En agglomération,Place,Normale,Autre collision,,,,,,,,,,,5,2,7,1,6
201500056555,0015-11-24 12:15:00,15,11,24,12,15,750,117,PORTE DE CHAMPERRET,,,Plein jour,En agglomération,Hors intersection,Pluie légère,Deux véhicules - arrière,,,,,,,,,,,1,2,1,2,2
201500056556,0015-11-24 18:15:00,15,11,24,18,15,750,113,PORTE D ITALIE,,,Plein jour,En agglomération,Hors intersection,Normale,Deux véhicules - côté,,,,,,,,,,,1,2,1,1,3
201500056557,0015-11-24 18:25:00,15,11,24,18,25,750,119,PORTE DE PANTIN,,,Nuit avec éclairage allumé,En agglomération,Hors intersection,Pluie légère,Deux véhicules - côté,,,,,,,,,,,5,2,1,2,3
201500056558,0015-11-25 10:15:00,15,11,25,10,15,750,113,QUAI D IVRY,,,Plein jour,En agglomération,Hors intersection,Neige / grêle,Trois véhicules et plus - collisions multiples,,,,,,,,,,,1,2,1,4,5
201500056559,0015-11-25 11:15:00,15,11,25,11,15,750,112,PORTE DE CHARENTON,,,Plein jour,En agglomération,Hors intersection,Neige / grêle,Trois véhicules et plus - en chaîne,,,,,,,,,,,1,2,1,4,4
201500056560,0015-11-26 13:00:00,15,11,26,13,0,750,112,PORTE DE VINCENNES,,,Plein jour,En agglomération,Hors intersection,Normale,Trois véhicules et plus - collisions multiples,,,,,,,,,,,1,2,1,1,5
201500056561,0015-11-26 17:40:00,15,11,26,17,40,750,118,PORTE DE SAINT OUEN,,,Crépuscule ou aube,En agglomération,Hors intersection,Normale,Deux véhicules - arrière,,,,,,,,,,,2,2,1,1,2
201500056562,0015-11-26 19:30:00,15,11,26,19,30,750,114,PORTE DE CHATILLON,,,Nuit avec éclairage allumé,En agglomération,Hors intersection,Normale,Trois véhicules et plus - en chaîne,,,,,,,,,,,5,2,1,1,4
201500056563,0015-11-26 20:50:00,15,11,26,20,50,750,117,PORTE DE SAINT OUEN,,,Nuit avec éclairage allumé,En agglomération,Hors intersection,Normale,Deux véhicules - arrière,,,,,,,,,,,5,2,1,1,2
201500056564,0015-11-27 13:00:00,15,11,27,13,0,750,117,ECHANGEUR CLICHY,,,Plein jour,En agglomération,Intersection en Y,Normale,Trois véhicules et plus - en chaîne,,,,,,,,,,,1,2,4,1,4
201500056565,0015-11-30 02:15:00,15,11,30,2,15,750,120,PORTE DES LILAS,,,Nuit avec éclairage allumé,En agglomération,Hors intersection,Normale,Autre collision,,,,,,,,,,,5,2,1,1,6
201500056566,0015-12-01 15:25:00,15,12,1,15,25,750,117,PORTE DE CLICHY,,,Plein jour,En agglomération,Hors intersection,Normale,Deux véhicules - arrière,,,,,,,,,,,1,2,1,1,2
201500056567,0015-12-02 15:50:00,15,12,2,15,50,750,118,PORTE DE CLIGNANCOURT,,,Plein jour,En agglomération,Hors intersection,Normale,Deux véhicules - côté,,,,,,,,,,,1,2,1,1,3
201500056568,0015-12-03 07:30:00,15,12,3,7,30,750,117,PORTE DE CLICHY,,,Crépuscule ou aube,En agglomération,Hors intersection,Normale,Deux véhicules - côté,,,,,,,,,,,2,2,1,1,3
201500056569,0015-12-03 18:00:00,15,12,3,18,0,750,118,PORTE DE LA CHAPELLE,,,Crépuscule ou aube,En agglomération,Hors intersection,Normale,Deux véhicules - arrière,,,,,,,,,,,2,2,1,1,2
201500056570,0015-12-04 09:45:00,15,12,4,9,45,750,118,PORTE D AUBERVILLIERS,,,Plein jour,En agglomération,Hors intersection,Normale,Deux véhicules - côté,,,,,,,,,,,1,2,1,1,3