accident_id,datetime,annee,mois,jour,heure,minute,departement,commune_insee,adresse,latitude,longitude,luminosite,agglomeration,intersection,meteo,collision,nb_vehicules,nb_usagers,nb_indemnes,nb_tues,nb_blesses_hosp,nb_blesses_legers,age_cond_1,age_cond_2,veh_type_cond_1,veh_type_cond_2,lum_code,agg_code,int_code,atm_code,col_code
201500056571,0015-12-04 14:15:00,15,12,4,14,15,750,117,PORTE DE CHAMPERRET,,,Plein jour,En agglomération,Hors intersection,Normale,Trois véhicules et plus - en chaîne,,,,,,,,,,,1,2,1,1,4
201500056572,0015-12-04 18:10:00,15,12,4,18,10,750,114,PORTE D ORLEANS,,,Crépuscule ou aube,En agglomération,Hors intersection,Normale,Deux véhicules - arrière,,,,,,,,,,,2,2,1,1,2
201500056573,0015-12-04 20:30:00,15,12,4,20,30,750,117,PORTE DE CLICHY,,,Nuit avec éclairage allumé,En agglomération,Hors intersection,Normale,Trois véhicules et plus - en chaîne,,,,,,,,,,,5,2,1,1,4
201500056574,0015-12-05 19:40:00,15,12,5,19,40,750,120,ECHANGEUR LILAS,,,Nuit avec éclairage allumé,En agglomération,Hors intersection,Normale,Trois véhicules et plus - en chaîne,,,,,,,,,,,5,2,1,1,4
201500056575,0015-12-06 08:50:00,15,12,6,8,50,750,120,PORTE DES LILAS,,,Plein jour,En agglomération,Hors intersection,Normale,Deux véhicules - arrière,,,,,,,,,,,1,2,1,1,2
201500056576,0015-12-06 11:10:00,15,12,6,11,10,750,116,PORTE DE SAINT CLOUD,,,Plein jour,En agglomération,Hors intersection,Normale,Deux véhicules - arrière,,,,,,,,,,,1,2,1,1,2
201500056577,0015-12-06 17:45:00,15,12,6,17,45,750,116,PORTE DAUPHINE,,,Nuit avec éclairage allumé,En agglomération,Hors intersection,Normale,Deux véhicules - arrière,,,,,,,,,,,5,2,1,1,2
201500056578,0015-12-10 17:20:00,15,12,10,17,20,750,115,PORTE DE LA PLAINE,,,Nuit avec éclairage allumé,En agglomération,Hors intersection,Normale,Autre collision,,,,,,,,,,,5,2,1,1,6
201500056579,0015-12-11 06:15:00,15,12,11,6,15,750,114,PORTE D ORLEANS,,,Nuit avec éclairage allumé,En agglomération,Hors intersection,Normale,Deux véhicules - côté,,,,,,,,,,,5,2,1,1,3
201500056580,0015-12-11 12:00:00,15,12,11,12,0,750,112,PORT DE BERCY,,,Plein jour,En agglomération,Hors intersection,Normale,Deux véhicules - arrière,,,,,,,,,,,1,2,1,1,2
201500056581,0015-12-11 13:45:00,15,12,11,13,45,750,112,PORTE DE SAINT MANDE,,,Plein jour,En agglomération,Hors intersection,Normale,Deux véhicules - arrière,,,,,,,,,,,1,2,1,1,2
201500056582,0015-12-11 16:30:00,15,12,11,16,30,750,116,PORT DE PASSY,,,Crépuscule ou aube,En agglomération,Hors intersection,Normale,Trois véhicules et plus - en chaîne,,,,,,,,,,,2,2,1,1,4
201500056583,0015-12-13 04:15:00,15,12,13,4,15,750,115,PORTE D ISSY,,,Nuit avec éclairage allumé,En agglomération,Hors intersection,Normale,Deux véhicules - arrière,,,,,,,,,,,5,2,1,1,2
201500056584,0015-12-14 05:50:00,15,12,14,5,50,750,119,PORTE DES LILAS,,,Nuit avec éclairage allumé,En agglomération,Hors intersection,Normale,Autre collision,,,,,,,,,,,5,2,1,1,6
201500056585,0015-12-14 07:05:00,15,12,14,7,5,750,120,PORTE DE BAGNOLET,,,Nuit avec éclairage allumé,En agglomération,Hors intersection,Normale,Deux véhicules - côté,,,,,,,,,,,5,2,1,1,3
201500056586,0015-12-14 17:30:00,15,12,14,17,30,750,112,PORTE DE VINCENNES,,,Nuit avec éclairage allumé,En agglomération,Hors intersection,Normale,Deux véhicules - côté,,,,,,,,,,,5,2,1,1,3
201500056587,0015-12-14 16:20:00,15,12,14,16,20,750,117,PORTE DE SAINT OUEN,,,Plein jour,En agglomération,Hors intersection,Normale,Deux véhicules - côté,,,,,,,,,,,1,2,1,1,3
201500056588,0015-12-14 15:10:00,15,12,14,15,10,750,116,PORTE DE SAINT CLOUD,,,Plein jour,En agglomération,Hors intersection,Normale,Deux véhicules - côté,,,,,,,,,,,1,2,1,1,3
201500056589,0015-12-17 17:50:00,15,12,17,17,50,750,116,ECHANGEUR AUTEUIL,,,Plein jour,En agglomération,Hors intersection,Normale,Autre collision,,,,,,,,,,,1,2,1,1,6
201500056590,0015-12-18 12:40:00,15,12,18,12,40,750,116,PORTE MAILLOT,,,Plein jour,En agglomération,Hors intersection,Normale,Trois véhicules et plus - en chaîne,,,,,,,,,,,1,2,1,1,4
201500056591,0015-12-18 17:55:00,15,12,18,17,55,750,117,PORTE DE SAINT OUEN,,,Plein jour,En agglomération,Hors intersection,Normale,Deux véhicules - côté,,,,,,,,,,,1,2,1,1,3
201500056592,0015-12-19 03:20:00,15,12,19,3,20,750,119,PORTE DE PANTIN,,,Nuit avec éclairage allumé,En agglomération,Hors intersection,Normale,Autre collision,,,,,,,,,,,5,2,1,1,6
201500056593,0015-12-19 10:50:00,15,12,19,10,50,750,113,PORTE D ITALIE,,,Plein jour,En agglomération,Hors intersection,Normale,Deux véhicules - arrière,,,,,,,,,,,1,2,1,1,2
201500056594,0015-12-19 20:10:00,15,12,19,20,10,750,118,PORTE DE LA CHAPELLE,,,Nuit avec éclairage allumé,En agglomération,Hors intersection,Normale,Autre collision,,,,,,,,,,,5,2,1,1,6
201500056595,0015-12-20 19:20:00,15,12,20,19,20,750,119,PORTE DE LA VILLETTE,,,Plein jour,En agglomération,Hors intersection,Normale,Trois véhicules et plus - en chaîne,,,,,,,,,,,1,2,1,1,4
201500056596,0015-12-21 12:40:00,15,12,21,12,40,750,119,PORTE DE PANTIN,,,Plein jour,En agglomération,Hors intersection,Normale,Trois véhicules et plus - en chaîne,,,,,,,,,,,1,2,1,1,4
201500056597,0015-12-25 09:51:00,15,12,25,9,51,750,116,PORTE D AUTEUIL,,,Plein jour,En agglomération,Hors intersection,Normale,Autre collision,,,,,,,,,,,1,2,1,1,6
201500056598,0015-12-26 20:30:00,15,12,26,20,30,750,117,PORTE DE SAINT OUEN,,,Nuit avec éclairage allumé,En agglomération,Hors intersection,Normale,Autre collision,,,,,,,,,,,5,2,1,1,6
201500056599,0015-12-28 16:45:00,15,12,28,16,45,750,119,PORTE D AUBERVILLIERS,,,Crépuscule ou aube,En agglomération,Intersection en Y,Normale,Deux véhicules - arrière,,,,,,,,,,,2,2,4,1,2
201500056600,0015-12-28 21:00:00,15,12,28,21,0,750,120,ECHANGEUR BAGNOLET,,,Nuit sans éclairage public,En agglomération,Hors intersection,Pluie légère,Sans collision,,,,,,,,,,,3,2,1,2,7
201500056601,0015-12-30 17:40:00,15,12,30,17,40,750,115,PORTE DE SEVRES,,,Plein jour,En agglomération,Hors intersection,Normale,Deux véhicules - côté,,,,,,,,,,,1,2,1,1,3
201500056602,0015-12-30 19:10:00,15,12,30,19,10,750,112,PORTE DE CHARENTON,,,Nuit avec éclairage allumé,En agglomération,Hors intersection,Normale,Trois véhicules et plus - en chaîne,,,,,,,,,,,5,2,1,1,4
201500056603,0015-12-31 21:30:00,15,12,31,21,30,750,113,QUAI D IVRY,,,Nuit avec éclairage allumé,En agglomération,Hors intersection,Normale,Autre collision,,,,,,,,,,,5,2,1,1,6
201500056604,0015-07-30 05:00:00,15,7,30,5,0,972,229,,,,Crépuscule ou aube,Hors agglomération,Hors intersection,Pluie légère,Autre collision,,,,,,,,,,,2,1,1,2,6
201500056605,0015-08-11 17:45:00,15,8,11,17,45,972,229,08 allée du diamant,,,Plein jour,En agglomération,Hors intersection,Normale,Autre collision,,,,,,,,,,,1,2,1,1,6
201500056606,0015-10-11 13:30:00,15,10,11,13,30,972,229,RN2 fond lahayé,,,Plein jour,En agglomération,Hors intersection,Normale,Deux véhicules - frontale,,,,,,,,,,,1,2,1,1,1
201500056607,0015-10-30 00:30:00,15,10,30,0,30,972,229,,,,Nuit sans éclairage public,Hors agglomération,Hors intersection,Pluie légère,Autre collision,,,,,,,,,,,3,1,1,2,6
201500056608,0015-11-09 01:00:00,15,11,9,1,0,972,205,,,,Nuit sans éclairage public,Hors agglomération,Hors intersection,Pluie légère,Sans collision,,,,,,,,,,,3,1,1,2,7
201500056609,0015-03-14 11:15:00,15,3,14,11,15,972,224,,,,Plein jour,Hors agglomération,Hors intersection,Normale,Autre collision,,,,,,,,,,,1,1,1,1,6
201500056610,0015-03-27 23:00:00,15,3,27,23,0,972,224,,,,Nuit avec éclairage allumé,Hors agglomération,Hors intersection,Normale,Autre collision,,,,,,,,,,,5,1,1,1,6
201500056611,0015-04-07 17:45:00,15,4,7,17,45,972,224,,,,Plein jour,Hors agglomération,Hors intersection,Normale,Deux véhicules - frontale,,,,,,,,,,,1,1,1,1,1
201500056612,0015-08-31 18:45:00,15,8,31,18,45,972,224,,,,Nuit avec éclairage non allumé,Hors agglomération,Intersection en X,Autre,Deux véhicules - côté,,,,,,,,,,,4,1,2,9,3
201500056613,0015-02-16 17:00:00,15,2,16,17,0,972,219,Bourg,,,Plein jour,En agglomération,Hors intersection,Normale,Autre collision,,,,,,,,,,,1,2,1,1,6
201500056614,0015-03-23 09:00:00,15,3,23,9,0,972,225,,,,Plein jour,Hors agglomération,Hors intersection,Normale,Autre collision,,,,,,,,,,,1,1,1,1,6
201500056615,0015-04-12 14:45:00,15,4,12,14,45,972,219,,,,Plein jour,En agglomération,Intersection en T,Normale,Deux véhicules - frontale,,,,,,,,,,,1,2,3,1,1
201500056616,0015-06-19 22:00:00,15,6,19,22,0,972,225,Rue Gabriel PERI,,,Nuit sans éclairage public,En agglomération,Hors intersection,Normale,Deux véhicules - côté,,,,,,,,,,,3,2,1,1,3
201500056617,0015-08-05 20:45:00,15,8,5,20,45,972,204,,,,Nuit sans éclairage public,Hors agglomération,Hors intersection,Normale,Deux véhicules - côté,,,,,,,,,,,3,1,1,1,3
201500056618,0015-08-14 17:30:00,15,8,14,17,30,972,225,,,,Plein jour,Hors agglomération,Hors intersection,Normale,Deux véhicules - côté,,,,,,,,,,,1,1,1,1,3
201500056619,0015-10-31 19:45:00,15,10,31,19,45,972,225,Savane du Fort,,,Nuit sans éclairage public,En agglomération,Hors intersection,Normale,Autre collision,,,,,,,,,,,3,2,1,1,6
201500056620,0015-02-01 10:30:00,15,2,1,10,30,972,210,,,,Plein jour,Hors agglomération,Hors intersection,Normale,Deux véhicules - arrière,,,,,,,,,,,1,1,1,1,2
201500056621,0015-05-25 20:30:00,15,5,25,20,30,972,210,,,,Nuit sans éclairage public,Hors agglomération,Hors intersection,Normale,Deux véhicules - frontale,,,,,,,,,,,3,1,1,1,1
201500056622,0015-05-25 18:00:00,15,5,25,18,0,972,232,,,,Plein jour,Hors agglomération,Hors intersection,Normale,Sans collision,,,,,,,,,,,1,1,1,1,7
201500056623,0015-06-03 23:30:00,15,6,3,23,30,972,232,,,,Nuit sans éclairage public,Hors agglomération,Hors intersection,Normale,Deux véhicules - frontale,,,,,,,,,,,3,1,1,1,1
201500056624,0015-07-25 05:30:00,15,7,25,5,30,972,232,,,,Crépuscule ou aube,Hors agglomération,Hors intersection,Pluie légère,Deux véhicules - frontale,,,,,,,,,,,2,1,1,2,1
201500056625,0015-08-02 09:45:00,15,8,2,9,45,972,232,ravine plate,,,Plein jour,En agglomération,Hors intersection,Normale,Autre collision,,,,,,,,,,,1,2,1,1,6
201500056626,0015-08-19 21:00:00,15,8,19,21,0,972,232,,,,Nuit sans éclairage public,Hors agglomération,Hors intersection,Normale,Deux véhicules - frontale,,,,,,,,,,,3,1,1,1,1
201500056627,0015-11-11 16:00:00,15,11,11,16,0,972,210,,,,Plein jour,Hors agglomération,Hors intersection,Normale,Trois véhicules et plus - collisions multiples,,,,,,,,,,,1,1,1,1,5
201500056628,0015-11-29 02:30:00,15,11,29,2,30,972,210,,,,Nuit avec éclairage allumé,Hors agglomération,Hors intersection,Normale,Deux véhicules - frontale,,,,,,,,,,,5,1,1,1,1
201500056629,0015-03-05 12:30:00,15,3,5,12,30,972,207,,,,Plein jour,Hors agglomération,Hors intersection,Normale,Deux véhicules - frontale,,,,,,,,,,,1,1,1,1,1
201500056630,0015-06-18 14:30:00,15,6,18,14,30,972,207,,,,Plein jour,Hors agglomération,Hors intersection,Normale,Deux véhicules - côté,,,,,,,,,,,1,1,1,1,3
201500056631,0015-11-14 04:15:00,15,11,14,4,15,972,207,,,,Nuit sans éclairage public,Hors agglomération,Hors intersection,Pluie légère,Autre collision,,,,,,,,,,,3,1,1,2,6
201500056632,0015-12-12 17:00:00,15,12,12,17,0,972,207,Quartier Bac,,,Plein jour,En agglomération,Hors intersection,Pluie légère,Autre collision,,,,,,,,,,,1,2,1,2,6
201500056633,0015-01-11 01:30:00,15,1,11,1,30,972,217,,,,Nuit sans éclairage public,Hors agglomération,Hors intersection,Normale,Deux véhicules - frontale,,,,,,,,,,,3,1,1,1,1
201500056634,0015-03-08 18:30:00,15,3,8,18,30,972,227,,,,Nuit sans éclairage public,Hors agglomération,Hors intersection,Normale,Deux véhicules - frontale,,,,,,,,,,,3,1,1,1,1
201500056635,0015-05-11 00:15:00,15,5,11,0,15,972,217,,,,Nuit sans éclairage public,Hors agglomération,Hors intersection,Normale,Deux véhicules - frontale,,,,,,,,,,,3,1,1,1,1
201500056636,0015-06-01 11:45:00,15,6,1,11,45,972,226,,,,Plein jour,Hors agglomération,Hors intersection,Normale,Sans collision,,,,,,,,,,,1,1,1,1,7
201500056637,0015-07-30 08:00:00,15,7,30,8,0,972,227,,,,Plein jour,Hors agglomération,Hors intersection,Pluie forte,Trois véhicules et plus - collisions multiples,,,,,,,,,,,1,1,1,3,5
201500056638,0015-09-30 23:30:00,15,9,30,23,30,972,217,,,,Nuit sans éclairage public,Hors agglomération,Hors intersection,Normale,Sans collision,,,,,,,,,,,3,1,1,1,7
201500056639,0015-10-18 23:15:00,15,10,18,23,15,972,227,Morne des Pères,,,Nuit sans éclairage public,En agglomération,Hors intersection,Normale,Autre collision,,,,,,,,,,,3,2,1,1,6
201500056640,0015-12-27 21:30:00,15,12,27,21,30,972,227,,,,Nuit sans éclairage public,Hors agglomération,Hors intersection,Normale,Autre collision,,,,,,,,,,,3,1,1,1,6
201500056641,0015-08-07 09:30:00,15,8,7,9,30,972,230,Tartane,,,Plein jour,En agglomération,Hors intersection,Normale,Deux véhicules - frontale,,,,,,,,,,,1,2,1,1,1
201500056642,0015-09-26 13:45:00,15,9,26,13,45,972,230,rue lagrosillière,,,Plein jour,En agglomération,Hors intersection,Normale,Deux véhicules - frontale,,,,,,,,,,,1,2,1,1,1
201500056643,0015-10-09 18:30:00,15,10,9,18,30,972,230,,,,Nuit avec éclairage non allumé,Hors agglomération,Hors intersection,Normale,Deux véhicules - côté,,,,,,,,,,,4,1,1,1,3
201500056644,0015-10-27 11:45:00,15,10,27,11,45,972,230,,,,Plein jour,Hors agglomération,Hors intersection,Pluie légère,Deux véhicules - côté,,,,,,,,,,,1,1,1,2,3
201500056645,0015-12-18 12:45:00,15,12,18,12,45,972,230,,,,Plein jour,Hors agglomération,Hors intersection,Normale,Deux véhicules - frontale,,,,,,,,,,,1,1,1,1,1
201500056646,0015-12-29 19:15:00,15,12,29,19,15,972,230,,,,Nuit avec éclairage allumé,Hors agglomération,Hors intersection,Normale,Deux véhicules - frontale,,,,,,,,,,,5,1,1,1,1
201500056647,0015-01-20 17:00:00,15,1,20,17,0,972,228,,,,Plein jour,En agglomération,Hors intersection,Normale,Deux véhicules - frontale,,,,,,,,,,,1,2,1,1,1
201500056648,0015-01-29 18:15:00,15,1,29,18,15,972,228,,,,Plein jour,Hors agglomération,Hors intersection,Normale,Deux véhicules - frontale,,,,,,,,,,,1,1,1,1,1
201500056649,0015-02-16 05:45:00,15,2,16,5,45,972,228,plaine de l'union,,,Crépuscule ou aube,En agglomération,Hors intersection,Normale,Autre collision,,,,,,,,,,,2,2,1,1,6
201500056650,0015-04-22 14:30:00,15,4,22,14,30,972,228,,,,Plein jour,Hors agglomération,Hors intersection,Normale,Sans collision,,,,,,,,,,,1,1,1,1,7
201500056651,0015-04-24 18:15:00,15,4,24,18,15,972,228,,,,Plein jour,Hors agglomération,Hors intersection,Normale,Deux véhicules - frontale,,,,,,,,,,,1,1,1,1,1
201500056652,0015-06-01 23:30:00,15,6,1,23,30,972,228,Boulevard antonin mercan,,,Nuit avec éclairage allumé,En agglomération,Hors intersection,Normale,Autre collision,,,,,,,,,,,5,2,1,1,6
201500056653,0015-06-04 10:30:00,15,6,4,10,30,972,228,,,,Plein jour,Hors agglomération,Hors intersection,Normale,Deux véhicules - frontale,,,,,,,,,,,1,1,1,1,1
201500056654,0015-07-13 19:00:00,15,7,13,19,0,972,228,,,,Nuit avec éclairage allumé,Hors agglomération,Hors intersection,Normale,Deux véhicules - côté,,,,,,,,,,,5,1,1,1,3
201500056655,0015-09-04 16:00:00,15,9,4,16,0,972,228,avenue des jeunes,,,Plein jour,En agglomération,Hors intersection,Normale,Deux véhicules - frontale,,,,,,,,,,,1,2,1,1,1
201500056656,0015-10-09 19:00:00,15,10,9,19,0,972,228,,,,Nuit sans éclairage public,Hors agglomération,Hors intersection,Normale,Deux véhicules - frontale,,,,,,,,,,,3,1,1,1,1
201500056657,0015-09-14 16:15:00,15,9,14,16,15,972,203,,,,Plein jour,Hors agglomération,Hors intersection,Pluie forte,Deux véhicules - frontale,,,,,,,,,,,1,1,1,3,1
201500056658,0015-11-15 03:15:00,15,11,15,3,15,972,216,RN1 angle rue Marie,,,Nuit avec éclairage allumé,En agglomération,Hors intersection,Temps couvert,Autre collision,,,,,,,,,,,5,2,1,8,6
201500056659,0015-03-24 15:00:00,15,3,24,15,0,971,124,Rue du camp jacob,,,Plein jour,En agglomération,Hors intersection,Normale,Deux véhicules - côté,,,,,,,,,,,1,2,1,1,3
201500056660,0015-04-02 18:45:00,15,4,2,18,45,971,124,,,,Nuit avec éclairage non allumé,Hors agglomération,Autre intersection,Temps couvert,Deux véhicules - frontale,,,,,,,,,,,4,1,9,8,1
201500056661,0015-04-29 10:30:00,15,4,29,10,30,971,104,164 rue de l'église,,,Plein jour,En agglomération,Hors intersection,Normale,Autre collision,,,,,,,,,,,1,2,1,1,6
201500056662,0015-08-15 02:00:00,15,8,15,2,0,971,104,RN2 / RD30,,,Nuit avec éclairage allumé,En agglomération,Hors intersection,Normale,Autre collision,,,,,,,,,,,5,2,1,1,6
201500056663,0015-01-27 16:45:00,15,1,27,16,45,971,134,,,,Plein jour,Hors agglomération,Hors intersection,Normale,Autre collision,,,,,,,,,,,1,1,1,1,6
201500056664,0015-03-28 21:45:00,15,3,28,21,45,971,134,,,,Nuit sans éclairage public,Hors agglomération,Hors intersection,Normale,Autre collision,,,,,,,,,,,3,1,1,1,6
201500056665,0015-05-19 13:45:00,15,5,19,13,45,971,134,,,,Plein jour,Hors agglomération,Hors intersection,Normale,Sans collision,,,,,,,,,,,1,1,1,1,7
201500056666,0015-06-22 08:00:00,15,6,22,8,0,971,134,,,,Plein jour,Hors agglomération,Hors intersection,Pluie forte,Deux véhicules - frontale,,,,,,,,,,,1,1,1,3,1
201500056667,0015-07-14 13:15:00,15,7,14,13,15,971,134,,,,Plein jour,Hors agglomération,Hors intersection,Normale,Sans collision,,,,,,,,,,,1,1,1,1,7
201500056668,0015-07-31 17:30:00,15,7,31,17,30,971,134,296 vallée de beaugendre,,,Plein jour,En agglomération,Hors intersection,Normale,Autre collision,,,,,,,,,,,1,2,1,1,6
201500056669,0015-05-22 20:15:00,15,5,22,20,15,971,106,PIGEON,,,Nuit avec éclairage allumé,En agglomération,Hors intersection,Normale,Deux véhicules - frontale,,,,,,,,,,,5,2,1,1,1
201500056670,0015-08-08 14:45:00,15,8,8,14,45,971,106,Loquet,,,Plein jour,En agglomération,Hors intersection,Normale,Deux véhicules - frontale,,,,,,,,,,,1,2,1,1,1
201500056671,0015-09-25 21:15:00,15,9,25,21,15,971,106,Gallet,,,Nuit avec éclairage non allumé,En agglomération,Hors intersection,Normale,Sans collision,,,,,,,,,,,4,2,1,1,7
201500056672,0015-05-20 19:00:00,15,5,20,19,0,971,121,,,,Nuit sans éclairage public,Hors agglomération,Hors intersection,Normale,Trois véhicules et plus - collisions multiples,,,,,,,,,,,3,1,1,1,5
201500056673,0015-11-16 17:30:00,15,11,16,17,30,971,121,,,,Plein jour,Hors agglomération,Intersection en X,Normale,Deux véhicules - frontale,,,,,,,,,,,1,1,2,1,1
201500056674,0015-12-04 16:00:00,15,12,4,16,0,971,121,mahault tacafred,,,Crépuscule ou aube,En agglomération,Hors intersection,Pluie forte,Deux véhicules - côté,,,,,,,,,,,2,2,1,3,3
201500056675,0015-12-22 17:00:00,15,12,22,17,0,971,121,carrefour RN2/CD23,,,Plein jour,En agglomération,Hors intersection,Normale,Deux véhicules - frontale,,,,,,,,,,,1,2,1,1,1
201500056676,0015-03-06 13:30:00,15,3,6,13,30,971,111,,,,Plein jour,Hors agglomération,Hors intersection,Normale,Deux véhicules - frontale,,,,,,,,,,,1,1,1,1,1
201500056677,0015-08-31 17:45:00,15,8,31,17,45,971,111,,,,Plein jour,Hors agglomération,Hors intersection,Temps couvert,Sans collision,,,,,,,,,,,1,1,1,8,7
201500056678,0015-11-11 12:15:00,15,11,11,12,15,971,111,,,,Plein jour,Hors agglomération,Hors intersection,Normale,Deux véhicules - côté,,,,,,,,,,,1,1,1,1,3
201500056679,0015-02-02 08:45:00,15,2,2,8,45,971,132,,,,Plein jour,Hors agglomération,Hors intersection,Pluie forte,Deux véhicules - frontale,,,,,,,,,,,1,1,1,3,1
201500056680,0015-03-14 18:45:00,15,3,14,18,45,971,132,La Plaine,,,Nuit sans éclairage public,En agglomération,Hors intersection,Normale,Autre collision,,,,,,,,,,,3,2,1,1,6
201500056681,0015-04-27 12:15:00,15,4,27,12,15,971,109,,,,Plein jour,Hors agglomération,Hors intersection,Normale,Autre collision,,,,,,,,,,,1,1,1,1,6
201500056682,0015-06-24 23:15:00,15,6,24,23,15,971,132,route de l'embarcadére,,,Nuit sans éclairage public,En agglomération,Hors intersection,Normale,Sans collision,,,,,,,,,,,3,2,1,1,7
201500056683,0015-10-01 12:15:00,15,10,1,12,15,971,109,,,,Plein jour,Hors agglomération,Hors intersection,Normale,Trois véhicules et plus - en chaîne,,,,,,,,,,,1,1,1,1,4
201500056684,0015-12-26 12:30:00,15,12,26,12,30,971,132,,,,Plein jour,Hors agglomération,Hors intersection,Normale,Deux véhicules - côté,,,,,,,,,,,1,1,1,1,3
201500056685,0015-01-10 16:30:00,15,1,10,16,30,971,114,,,,Plein jour,Hors agglomération,Hors intersection,Normale,Deux véhicules - côté,,,,,,,,,,,1,1,1,1,3
201500056686,0015-01-23 16:00:00,15,1,23,16,0,971,107,Route nationale 1,,,Nuit avec éclairage allumé,En agglomération,Hors intersection,Normale,Deux véhicules - côté,,,,,,,,,,,5,2,1,1,3
201500056687,0015-02-17 14:30:00,15,2,17,14,30,971,107,,,,Plein jour,Hors agglomération,Hors intersection,Normale,Autre collision,,,,,,,,,,,1,1,1,1,6
201500056688,0015-03-16 16:15:00,15,3,16,16,15,971,107,,,,Plein jour,Hors agglomération,Autre intersection,Normale,Deux véhicules - arrière,,,,,,,,,,,1,1,9,1,2
201500056689,0015-03-28 13:30:00,15,3,28,13,30,971,107,,,,Plein jour,Hors agglomération,Hors intersection,Normale,Trois véhicules et plus - en chaîne,,,,,,,,,,,1,1,1,1,4
201500056690,0015-04-09 12:45:00,15,4,9,12,45,971,107,,,,Plein jour,Hors agglomération,Autre intersection,Pluie légère,Deux véhicules - arrière,,,,,,,,,,,1,1,9,2,2
201500056691,0015-04-15 05:00:00,15,4,15,5,0,971,107,,,,Crépuscule ou aube,Hors agglomération,Autre intersection,Normale,Autre collision,,,,,,,,,,,2,1,9,1,6
201500056692,0015-05-01 04:15:00,15,5,1,4,15,971,107,ROUTE DE L HABITUEE,,,Nuit sans éclairage public,En agglomération,Hors intersection,Normale,Autre collision,,,,,,,,,,,3,2,1,1,6
201500056693,0015-05-10 22:00:00,15,5,10,22,0,971,114,,,,Nuit avec éclairage non allumé,Hors agglomération,Hors intersection,Normale,Deux véhicules - frontale,,,,,,,,,,,4,1,1,1,1
201500056694,0015-06-04 14:30:00,15,6,4,14,30,971,114,,,,Plein jour,Hors agglomération,Hors intersection,Normale,Deux véhicules - frontale,,,,,,,,,,,1,1,1,1,1
201500056695,0015-07-13 19:00:00,15,7,13,19,0,971,107,,,,Nuit sans éclairage public,Hors agglomération,Hors intersection,Normale,Deux véhicules - côté,,,,,,,,,,,3,1,1,1,3
201500056696,0015-07-13 22:15:00,15,7,13,22,15,971,107,,,,Nuit sans éclairage public,Hors agglomération,Hors intersection,Normale,Deux véhicules - frontale,,,,,,,,,,,3,1,1,1,1
201500056697,0015-07-26 09:30:00,15,7,26,9,30,971,107,,,,Plein jour,Hors agglomération,Hors intersection,Normale,Autre collision,,,,,,,,,,,1,1,1,1,6
201500056698,0015-09-12 01:15:00,15,9,12,1,15,971,114,,,,Nuit avec éclairage allumé,Hors agglomération,Hors intersection,Normale,Deux véhicules - côté,,,,,,,,,,,5,1,1,1,3
201500056699,0015-09-12 16:00:00,15,9,12,16,0,971,107,,,,Plein jour,Hors agglomération,Hors intersection,Normale,Trois véhicules et plus - collisions multiples,,,,,,,,,,,1,1,1,1,5
201500056700,0015-09-22 21:00:00,15,9,22,21,0,971,114,,,,Nuit sans éclairage public,Hors agglomération,Hors intersection,Normale,Sans collision,,,,,,,,,,,3,1,1,1,7
201500056701,0015-10-12 10:15:00,15,10,12,10,15,971,107,,,,Plein jour,Hors agglomération,Hors intersection,Normale,Deux véhicules - côté,,,,,,,,,,,1,1,1,1,3
201500056702,0015-10-16 20:15:00,15,10,16,20,15,971,107,,,,Nuit sans éclairage public,Hors agglomération,Hors intersection,Pluie forte,Deux véhicules - côté,,,,,,,,,,,3,1,1,3,3
201500056703,0015-12-12 07:45:00,15,12,12,7,45,971,114,,,,Nuit sans éclairage public,Hors agglomération,Hors intersection,Pluie légère,Trois véhicules et plus - collisions multiples,,,,,,,,,,,3,1,1,2,5
201500056704,0015-12-10 14:15:00,15,12,10,14,15,971,114,,,,Plein jour,Hors agglomération,Hors intersection,Normale,Trois véhicules et plus - collisions multiples,,,,,,,,,,,1,1,1,1,5
201500056705,0015-12-20 05:15:00,15,12,20,5,15,971,107,,,,Nuit sans éclairage public,Hors agglomération,Hors intersection,Normale,Deux véhicules - frontale,,,,,,,,,,,3,1,1,1,1
201500056706,0015-02-18 04:30:00,15,2,18,4,30,971,131,,,,Nuit sans éclairage public,Hors agglomération,Hors intersection,Normale,Sans collision,,,,,,,,,,,3,1,1,1,7
201500056707,0015-07-12 18:15:00,15,7,12,18,15,971,131,Route du Fort Napoléon,,,Plein jour,En agglomération,Hors intersection,Normale,Sans collision,,,,,,,,,,,1,2,1,1,7
201500056708,0015-07-18 17:45:00,15,7,18,17,45,971,130,,,,Plein jour,Hors agglomération,Hors intersection,Normale,Deux véhicules - frontale,,,,,,,,,,,1,1,1,1,1