accident_id,datetime,annee,mois,jour,heure,minute,departement,commune_insee,adresse,latitude,longitude,luminosite,agglomeration,intersection,meteo,collision,nb_vehicules,nb_usagers,nb_indemnes,nb_tues,nb_blesses_hosp,nb_blesses_legers,age_cond_1,age_cond_2,veh_type_cond_1,veh_type_cond_2,lum_code,agg_code,int_code,atm_code,col_code
201500056709,0015-12-28 11:00:00,15,12,28,11,0,971,131,,,,Plein jour,Hors agglomération,Hors intersection,Pluie légère,Sans collision,,,,,,,,,,,1,1,1,2,7
201500056710,0015-01-10 20:00:00,15,1,10,20,0,971,115,,,,Nuit avec éclairage allumé,Hors agglomération,Hors intersection,Normale,Sans collision,,,,,,,,,,,5,1,1,1,7
201500056711,0015-03-05 10:15:00,15,3,5,10,15,971,115,Lacroix,,,Plein jour,En agglomération,Intersection en T,Normale,Deux véhicules - côté,,,,,,,,,,,1,2,3,1,3
201500056712,0015-04-27 20:00:00,15,4,27,20,0,971,115,section la rosière,,,Nuit avec éclairage allumé,En agglomération,Hors intersection,Normale,Deux véhicules - côté,,,,,,,,,,,5,2,1,1,3
201500056713,0015-05-13 12:00:00,15,5,13,12,0,971,115,,,,Plein jour,Hors agglomération,Hors intersection,Normale,Trois véhicules et plus - en chaîne,,,,,,,,,,,1,1,1,1,4
201500056714,0015-05-14 02:00:00,15,5,14,2,0,971,115,,,,Nuit sans éclairage public,Hors agglomération,Intersection en X,Normale,Deux véhicules - côté,,,,,,,,,,,3,1,2,1,3
201500056715,0015-07-26 23:30:00,15,7,26,23,30,971,115,rd1 bagatelle,,,Nuit sans éclairage public,En agglomération,Hors intersection,Normale,Sans collision,,,,,,,,,,,3,2,1,1,7
201500056716,0015-08-21 15:45:00,15,8,21,15,45,971,115,,,,Plein jour,Hors agglomération,Hors intersection,Normale,Deux véhicules - frontale,,,,,,,,,,,1,1,1,1,1
201500056717,0015-09-15 06:45:00,15,9,15,6,45,971,115,,,,Plein jour,Hors agglomération,Autre intersection,Normale,Deux véhicules - côté,,,,,,,,,,,1,1,9,1,3
201500056718,0015-01-03 16:00:00,15,1,3,16,0,971,118,,,,Plein jour,Hors agglomération,Hors intersection,Normale,Deux véhicules - frontale,,,,,,,,,,,1,1,1,1,1
201500056719,0015-05-18 09:45:00,15,5,18,9,45,971,118,,,,Plein jour,Hors agglomération,Hors intersection,Pluie légère,Deux véhicules - côté,,,,,,,,,,,1,1,1,2,3
201500056720,0015-09-26 21:45:00,15,9,26,21,45,971,118,,,,Nuit avec éclairage allumé,Hors agglomération,Hors intersection,Normale,Deux véhicules - côté,,,,,,,,,,,5,1,1,1,3
201500056721,0015-01-12 19:00:00,15,1,12,19,0,971,129,,,,Nuit sans éclairage public,Hors agglomération,Hors intersection,Normale,Deux véhicules - arrière,,,,,,,,,,,3,1,1,1,2
201500056722,0015-01-22 17:45:00,15,1,22,17,45,971,129,,,,Plein jour,En agglomération,Hors intersection,Normale,Autre collision,,,,,,,,,,,1,2,1,1,6
201500056723,0015-02-27 17:30:00,15,2,27,17,30,971,129,la ram?e,,,Plein jour,En agglomération,Hors intersection,Normale,Deux véhicules - frontale,,,,,,,,,,,1,2,1,1,1
201500056724,0015-04-15 15:45:00,15,4,15,15,45,971,129,,16.30001,61.66701,Plein jour,Hors agglomération,Hors intersection,Pluie légère,Deux véhicules - côté,,,,,,,,,,,1,1,1,2,3
201500056725,0015-04-30 07:15:00,15,4,30,7,15,971,129,,,,Plein jour,Hors agglomération,Hors intersection,Normale,Deux véhicules - côté,,,,,,,,,,,1,1,1,1,3
201500056726,0015-05-10 04:45:00,15,5,10,4,45,971,129,D19- RN2,,,Crépuscule ou aube,En agglomération,Hors intersection,Normale,Deux véhicules - côté,,,,,,,,,,,2,2,1,1,3
201500056727,0015-05-08 05:15:00,15,5,8,5,15,971,129,,,,Crépuscule ou aube,Hors agglomération,Hors intersection,Normale,Trois véhicules et plus - collisions multiples,,,,,,,,,,,2,1,1,1,5
201500056728,0015-05-13 12:00:00,15,5,13,12,0,971,129,,16.292,61.66901,Plein jour,Hors agglomération,Hors intersection,Normale,Deux véhicules - côté,,,,,,,,,,,1,1,1,1,3
201500056729,0015-07-29 18:45:00,15,7,29,18,45,971,129,le boyer,,,Crépuscule ou aube,En agglomération,Hors intersection,Normale,Autre collision,,,,,,,,,,,2,2,1,1,6
201500056730,0015-08-22 10:00:00,15,8,22,10,0,971,129,le boyer,,,Plein jour,En agglomération,Hors intersection,Normale,Autre collision,,,,,,,,,,,1,2,1,1,6
201500056731,0015-09-29 16:15:00,15,9,29,16,15,971,129,,,,Plein jour,Hors agglomération,Intersection en X,Normale,Deux véhicules - côté,,,,,,,,,,,1,1,2,1,3
201500056732,0015-10-12 09:45:00,15,10,12,9,45,971,129,,,,Plein jour,En agglomération,Hors intersection,Normale,Deux véhicules - frontale,,,,,,,,,,,1,2,1,1,1
201500056733,0015-10-15 07:45:00,15,10,15,7,45,971,129,,,,Plein jour,Hors agglomération,Hors intersection,Normale,Autre collision,,,,,,,,,,,1,1,1,1,6
201500056734,0015-10-16 20:45:00,15,10,16,20,45,971,129,,,,Nuit avec éclairage allumé,En agglomération,Hors intersection,Normale,Autre collision,,,,,,,,,,,5,2,1,1,6
201500056735,0015-11-06 11:45:00,15,11,6,11,45,971,129,,,,Plein jour,Hors agglomération,Hors intersection,Pluie légère,Sans collision,,,,,,,,,,,1,1,1,2,7
201500056736,0015-11-16 05:45:00,15,11,16,5,45,971,129,,,,Plein jour,Hors agglomération,Hors intersection,Normale,Deux véhicules - côté,,,,,,,,,,,1,1,1,1,3
201500056737,0015-12-12 17:30:00,15,12,12,17,30,971,129,,,,Plein jour,Hors agglomération,Hors intersection,Normale,Autre collision,,,,,,,,,,,1,1,1,1,6
201500056738,0015-12-19 00:15:00,15,12,19,0,15,971,129,,,,Nuit sans éclairage public,Hors agglomération,Hors intersection,Normale,Autre collision,,,,,,,,,,,3,1,1,1,6
201500056739,0015-12-25 11:30:00,15,12,25,11,30,971,129,,,,Plein jour,Hors agglomération,Hors intersection,Normale,Deux véhicules - côté,,,,,,,,,,,1,1,1,1,3
201500056740,0015-01-20 17:15:00,15,1,20,17,15,971,108,,,,Plein jour,Hors agglomération,Intersection en X,Normale,Deux véhicules - côté,,,,,,,,,,,1,1,2,1,3
201500056741,0015-03-13 14:30:00,15,3,13,14,30,971,112,,,,Plein jour,Hors agglomération,Hors intersection,Normale,Deux véhicules - frontale,,,,,,,,,,,1,1,1,1,1
201500056742,0015-05-25 15:15:00,15,5,25,15,15,971,112,,,,Plein jour,Hors agglomération,Hors intersection,Normale,Deux véhicules - arrière,,,,,,,,,,,1,1,1,1,2
201500056743,0015-06-20 08:30:00,15,6,20,8,30,971,112,,,,Plein jour,Hors agglomération,Hors intersection,Normale,Autre collision,,,,,,,,,,,1,1,1,1,6
201500056744,0015-07-04 11:45:00,15,7,4,11,45,971,126,,,,Plein jour,Hors agglomération,Hors intersection,Normale,Deux véhicules - côté,,,,,,,,,,,1,1,1,1,3
201500056745,0015-08-15 08:00:00,15,8,15,8,0,971,108,,,,Plein jour,Hors agglomération,Hors intersection,Normale,Autre collision,,,,,,,,,,,1,1,1,1,6
201500056746,0015-11-17 18:30:00,15,11,17,18,30,971,112,,,,Nuit sans éclairage public,Hors agglomération,Hors intersection,Pluie légère,Autre collision,,,,,,,,,,,3,1,1,2,6
201500056747,0015-11-21 18:30:00,15,11,21,18,30,971,112,,,,Nuit avec éclairage allumé,Hors agglomération,Hors intersection,Normale,Deux véhicules - côté,,,,,,,,,,,5,1,1,1,3
201500056748,0015-12-23 18:30:00,15,12,23,18,30,971,112,Allée Poirier,,,Crépuscule ou aube,En agglomération,Hors intersection,Normale,Deux véhicules - frontale,,,,,,,,,,,2,2,1,1,1
201500056749,0015-03-25 15:15:00,15,3,25,15,15,971,117,,,,Plein jour,Hors agglomération,Hors intersection,Normale,Deux véhicules - côté,,,,,,,,,,,1,1,1,1,3
201500056750,0015-04-11 19:30:00,15,4,11,19,30,971,117,,,,Nuit avec éclairage non allumé,Hors agglomération,Hors intersection,Normale,Autre collision,,,,,,,,,,,4,1,1,1,6
201500056751,0015-04-30 17:15:00,15,4,30,17,15,971,117,,,,Plein jour,Hors agglomération,Hors intersection,Normale,Deux véhicules - frontale,,,,,,,,,,,1,1,1,1,1
201500056752,0015-07-12 04:15:00,15,7,12,4,15,971,117,,,,Nuit avec éclairage allumé,Hors agglomération,Hors intersection,Normale,Deux véhicules - frontale,,,,,,,,,,,5,1,1,1,1
201500056753,0015-08-11 11:30:00,15,8,11,11,30,971,117,,,,Plein jour,Hors agglomération,Hors intersection,Normale,Deux véhicules - frontale,,,,,,,,,,,1,1,1,1,1
201500056754,0015-09-10 17:00:00,15,9,10,17,0,971,117,route Saint françois,,,Plein jour,En agglomération,Hors intersection,Normale,Deux véhicules - côté,,,,,,,,,,,1,2,1,1,3
201500056755,0015-09-21 12:15:00,15,9,21,12,15,971,117,rocade sergent,,,Plein jour,En agglomération,Hors intersection,Normale,Autre collision,,,,,,,,,,,1,2,1,1,6
201500056756,0015-10-07 10:00:00,15,10,7,10,0,971,117,,,,Plein jour,Hors agglomération,Hors intersection,Normale,Autre collision,,,,,,,,,,,1,1,1,1,6
201500056757,0015-10-23 17:30:00,15,10,23,17,30,971,117,,,,Plein jour,Hors agglomération,Hors intersection,Normale,Autre collision,,,,,,,,,,,1,1,1,1,6
201500056758,0015-11-03 14:00:00,15,11,3,14,0,971,117,,,,Plein jour,Hors agglomération,Hors intersection,Normale,Autre collision,,,,,,,,,,,1,1,1,1,6
201500056759,0015-12-05 18:30:00,15,12,5,18,30,971,117,,,,Nuit sans éclairage public,Hors agglomération,Hors intersection,Normale,Sans collision,,,,,,,,,,,3,1,1,1,7
201500056760,0015-01-04 17:15:00,15,1,4,17,15,971,122,rue Gambetta,,,Plein jour,En agglomération,Hors intersection,Normale,Deux véhicules - côté,,,,,,,,,,,1,2,1,1,3
201500056761,0015-04-29 19:30:00,15,4,29,19,30,971,102,rue vital borifax,,,Nuit avec éclairage allumé,En agglomération,Intersection en T,Normale,Deux véhicules - côté,,,,,,,,,,,5,2,3,1,3
201500056762,0015-08-03 12:30:00,15,8,3,12,30,971,122,rue rodrigue,,,Plein jour,En agglomération,Hors intersection,Normale,Deux véhicules - frontale,,,,,,,,,,,1,2,1,1,1
201500056763,0015-08-08 01:15:00,15,8,8,1,15,971,102,,,,Nuit sans éclairage public,Hors agglomération,Hors intersection,Normale,Autre collision,,,,,,,,,,,3,1,1,1,6
201500056764,0015-09-06 12:00:00,15,9,6,12,0,971,119,,,,Plein jour,Hors agglomération,Hors intersection,Normale,Autre collision,,,,,,,,,,,1,1,1,1,6
201500056765,0015-09-20 11:45:00,15,9,20,11,45,971,119,,,,Plein jour,Hors agglomération,Hors intersection,Normale,Deux véhicules - côté,,,,,,,,,,,1,1,1,1,3
201500056766,0015-09-30 19:30:00,15,9,30,19,30,971,119,,,,Nuit avec éclairage allumé,Hors agglomération,Hors intersection,Normale,Deux véhicules - frontale,,,,,,,,,,,5,1,1,1,1
201500056767,0015-11-29 05:30:00,15,11,29,5,30,971,122,,,,Crépuscule ou aube,Hors agglomération,Hors intersection,Normale,Deux véhicules - arrière,,,,,,,,,,,2,1,1,1,2
201500056768,0015-12-04 21:30:00,15,12,4,21,30,971,119,rue evremont gêne,,,Nuit avec éclairage allumé,En agglomération,Hors intersection,Normale,Autre collision,,,,,,,,,,,5,2,1,1,6
201500056769,0015-12-27 17:15:00,15,12,27,17,15,971,102,6 rue Joseph Toni,,,Plein jour,En agglomération,Hors intersection,Normale,Sans collision,,,,,,,,,,,1,2,1,1,7
201500056770,0015-01-19 17:00:00,15,1,19,17,0,971,125,D 118,,,Plein jour,En agglomération,Hors intersection,Normale,Deux véhicules - frontale,,,,,,,,,,,1,2,1,1,1
201500056771,0015-02-05 23:45:00,15,2,5,23,45,971,125,,,,Nuit avec éclairage non allumé,Hors agglomération,Hors intersection,Normale,Autre collision,,,,,,,,,,,4,1,1,1,6
201500056772,0015-02-20 17:15:00,15,2,20,17,15,971,125,,,,Plein jour,Hors agglomération,Hors intersection,Normale,Deux véhicules - arrière,,,,,,,,,,,1,1,1,1,2
201500056773,0015-03-14 19:00:00,15,3,14,19,0,971,125,,,,Nuit sans éclairage public,Hors agglomération,Hors intersection,Normale,Trois véhicules et plus - collisions multiples,,,,,,,,,,,3,1,1,1,5
201500056774,0015-07-29 17:45:00,15,7,29,17,45,971,125,RN5,,,Plein jour,En agglomération,Intersection en T,Normale,Deux véhicules - côté,,,,,,,,,,,1,2,3,1,3
201500056775,0015-09-18 05:30:00,15,9,18,5,30,971,125,,,,Crépuscule ou aube,Hors agglomération,Hors intersection,Normale,Autre collision,,,,,,,,,,,2,1,1,1,6
201500056776,0015-12-03 16:15:00,15,12,3,16,15,971,125,rue de l'égalité,,,Plein jour,En agglomération,Hors intersection,Normale,Autre collision,,,,,,,,,,,1,2,1,1,6
201500056777,0015-01-05 15:30:00,15,1,5,15,30,971,126,,,,Plein jour,Hors agglomération,Hors intersection,Normale,Deux véhicules - frontale,,,,,,,,,,,1,1,1,1,1
201500056778,0015-03-31 00:01:00,15,3,31,0,1,971,128,"RN4, DURIVAGE",,,Nuit avec éclairage allumé,En agglomération,Hors intersection,Normale,Deux véhicules - côté,,,,,,,,,,,5,2,1,1,3
201500056779,0015-04-27 12:30:00,15,4,27,12,30,971,126,Castaing,,,Plein jour,En agglomération,Hors intersection,Normale,Deux véhicules - côté,,,,,,,,,,,1,2,1,1,3
201500056780,0015-05-04 05:30:00,15,5,4,5,30,971,126,,,,Crépuscule ou aube,Hors agglomération,Hors intersection,Normale,Autre collision,,,,,,,,,,,2,1,1,1,6
201500056781,0015-05-03 16:15:00,15,5,3,16,15,971,128,,,,Plein jour,Hors agglomération,Hors intersection,Normale,Deux véhicules - côté,,,,,,,,,,,1,1,1,1,3
201500056782,0015-05-17 08:45:00,15,5,17,8,45,971,126,,,,Plein jour,Hors agglomération,Hors intersection,Normale,Autre collision,,,,,,,,,,,1,1,1,1,6
201500056783,0015-06-17 10:15:00,15,6,17,10,15,971,128,,,,Plein jour,Hors agglomération,Hors intersection,Normale,Sans collision,,,,,,,,,,,1,1,1,1,7
201500056784,0015-06-20 20:45:00,15,6,20,20,45,971,126,RN4 SECTION POIRIER,,,Nuit avec éclairage allumé,En agglomération,Hors intersection,Normale,Autre collision,,,,,,,,,,,5,2,1,1,6
201500056785,0015-07-01 19:30:00,15,7,1,19,30,971,126,,,,Nuit avec éclairage allumé,Hors agglomération,Hors intersection,Normale,Deux véhicules - frontale,,,,,,,,,,,5,1,1,1,1
201500056786,0015-07-24 22:30:00,15,7,24,22,30,971,126,,,,Nuit sans éclairage public,Hors agglomération,Intersection en T,Normale,Deux véhicules - côté,,,,,,,,,,,3,1,3,1,3
201500056787,0015-08-16 19:45:00,15,8,16,19,45,971,126,,,,Nuit sans éclairage public,Hors agglomération,Hors intersection,Normale,Deux véhicules - côté,,,,,,,,,,,3,1,1,1,3
201500056788,0015-09-19 11:00:00,15,9,19,11,0,971,126,Section Galbas,,,Plein jour,En agglomération,Hors intersection,Normale,Autre collision,,,,,,,,,,,1,2,1,1,6
201500056789,0015-11-11 16:45:00,15,11,11,16,45,971,128,"RN4, GALBAS",,,Plein jour,En agglomération,Hors intersection,Normale,Deux véhicules - côté,,,,,,,,,,,1,2,1,1,3
201500056790,0015-11-11 16:45:00,15,11,11,16,45,971,128,"RN4, section GALBAS",,,Plein jour,En agglomération,Hors intersection,Normale,Autre collision,,,,,,,,,,,1,2,1,1,6
201500056791,0015-12-05 03:15:00,15,12,5,3,15,971,128,,,,Nuit sans éclairage public,Hors agglomération,Hors intersection,Normale,Deux véhicules - frontale,,,,,,,,,,,3,1,1,1,1
201500056792,0015-12-06 23:30:00,15,12,6,23,30,971,128,,,,Nuit sans éclairage public,Hors agglomération,Hors intersection,Normale,Deux véhicules - frontale,,,,,,,,,,,3,1,1,1,1
201500056793,0015-12-28 18:15:00,15,12,28,18,15,971,128,,,,Nuit sans éclairage public,Hors agglomération,Hors intersection,Normale,Autre collision,,,,,,,,,,,3,1,1,1,6
201500056794,0015-02-09 18:45:00,15,2,9,18,45,971,116,bosredon,,,Nuit avec éclairage allumé,En agglomération,Hors intersection,Normale,Autre collision,,,,,,,,,,,5,2,1,1,6
201500056795,0015-02-27 17:00:00,15,2,27,17,0,971,116,dubelloy,,,Plein jour,En agglomération,Hors intersection,Normale,Autre collision,,,,,,,,,,,1,2,1,1,6
201500056796,0015-02-27 15:30:00,15,2,27,15,30,971,116,RN5  GENSOLIN/MARIEULLE,,,Plein jour,En agglomération,Hors intersection,Normale,Autre collision,,,,,,,,,,,1,2,1,1,6
201500056797,0015-03-16 19:30:00,15,3,16,19,30,971,116,route nationale 5,,,Nuit avec éclairage allumé,En agglomération,Hors intersection,Normale,Deux véhicules - côté,,,,,,,,,,,5,2,1,1,3
201500056798,0015-04-30 14:15:00,15,4,30,14,15,971,116,,,,Plein jour,Hors agglomération,Hors intersection,Normale,Deux véhicules - côté,,,,,,,,,,,1,1,1,1,3
201500056799,0015-05-25 22:00:00,15,5,25,22,0,971,116,,,,Nuit sans éclairage public,Hors agglomération,Hors intersection,Normale,Autre collision,,,,,,,,,,,3,1,1,1,6
201500056800,0015-06-10 16:00:00,15,6,10,16,0,971,116,,,,Plein jour,Hors agglomération,Hors intersection,Normale,Deux véhicules - frontale,,,,,,,,,,,1,1,1,1,1
201500056801,0015-08-30 22:30:00,15,8,30,22,30,971,116,,,,Nuit avec éclairage allumé,Hors agglomération,Hors intersection,Normale,Deux véhicules - frontale,,,,,,,,,,,5,1,1,1,1
201500056802,0015-09-19 15:30:00,15,9,19,15,30,971,116,rue du moule,,,Plein jour,En agglomération,Hors intersection,Normale,Deux véhicules - côté,,,,,,,,,,,1,2,1,1,3
201500056803,0015-10-10 18:30:00,15,10,10,18,30,971,116,,,,Nuit sans éclairage public,Hors agglomération,Hors intersection,Normale,Deux véhicules - frontale,,,,,,,,,,,3,1,1,1,1
201500056804,0015-10-29 09:30:00,15,10,29,9,30,971,116,rue du débarcédère,,,Plein jour,En agglomération,Hors intersection,Normale,Autre collision,,,,,,,,,,,1,2,1,1,6
201500056805,0015-12-08 17:45:00,15,12,8,17,45,971,116,richeval,,,Nuit avec éclairage non allumé,En agglomération,Hors intersection,Normale,Deux véhicules - côté,,,,,,,,,,,4,2,1,1,3
201500056806,0015-12-30 16:15:00,15,12,30,16,15,971,116,,,,Plein jour,Hors agglomération,Hors intersection,Temps couvert,Deux véhicules - côté,,,,,,,,,,,1,1,1,8,3
201500056807,0015-01-18 05:00:00,15,1,18,5,0,973,305,,,,Nuit avec éclairage allumé,Hors agglomération,Hors intersection,Pluie légère,Autre collision,,,,,,,,,,,5,1,1,2,6
201500056808,0015-02-07 09:45:00,15,2,7,9,45,973,305,,,,Plein jour,Hors agglomération,Hors intersection,Normale,Trois véhicules et plus - collisions multiples,,,,,,,,,,,1,1,1,1,5
201500056809,0015-02-26 15:45:00,15,2,26,15,45,973,305,,,,Plein jour,Hors agglomération,Hors intersection,Normale,Autre collision,,,,,,,,,,,1,1,1,1,6
201500056810,0015-03-31 23:30:00,15,3,31,23,30,973,305,,,,Nuit sans éclairage public,Hors agglomération,Hors intersection,Normale,Deux véhicules - arrière,,,,,,,,,,,3,1,1,1,2
201500056811,0015-04-16 22:30:00,15,4,16,22,30,973,305,,,,Nuit sans éclairage public,Hors agglomération,Hors intersection,Normale,Deux véhicules - arrière,,,,,,,,,,,3,1,1,1,2
201500056812,0015-05-23 18:00:00,15,5,23,18,0,973,305,,,,Crépuscule ou aube,Hors agglomération,Hors intersection,Pluie légère,Deux véhicules - arrière,,,,,,,,,,,2,1,1,2,2
201500056813,0015-07-31 13:00:00,15,7,31,13,0,973,305,,,,Plein jour,Hors agglomération,Hors intersection,Normale,Deux véhicules - frontale,,,,,,,,,,,1,1,1,1,1
201500056814,0015-09-27 23:00:00,15,9,27,23,0,973,305,,,,Nuit sans éclairage public,Hors agglomération,Hors intersection,Normale,Sans collision,,,,,,,,,,,3,1,1,1,7
201500056815,0015-10-03 15:00:00,15,10,3,15,0,973,305,,,,Plein jour,Hors agglomération,Hors intersection,Normale,Autre collision,,,,,,,,,,,1,1,1,1,6
201500056816,0015-10-05 00:45:00,15,10,5,0,45,973,305,,,,Nuit sans éclairage public,Hors agglomération,Hors intersection,Normale,Deux véhicules - côté,,,,,,,,,,,3,1,1,1,3
201500056817,0015-10-26 08:15:00,15,10,26,8,15,973,305,,,,Plein jour,Hors agglomération,Hors intersection,Normale,Autre collision,,,,,,,,,,,1,1,1,1,6
201500056818,0015-11-12 19:15:00,15,11,12,19,15,973,305,ave Pripris de Soula,,,Nuit avec éclairage allumé,En agglomération,Intersection en X,Normale,Deux véhicules - côté,,,,,,,,,,,5,2,2,1,3
201500056819,0015-12-15 15:00:00,15,12,15,15,0,973,305,,,,Plein jour,Hors agglomération,Hors intersection,Normale,Deux véhicules - frontale,,,,,,,,,,,1,1,1,1,1
201500056820,0015-01-03 10:30:00,15,1,3,10,30,973,304,,,,Plein jour,Hors agglomération,Hors intersection,Normale,Deux véhicules - côté,,,,,,,,,,,1,1,1,1,3
201500056821,0015-02-08 15:30:00,15,2,8,15,30,973,304,15 AVENUE BOIS CHAUDAT,,,Plein jour,En agglomération,Hors intersection,Normale,Deux véhicules - côté,,,,,,,,,,,1,2,1,1,3
201500056822,0015-02-28 23:45:00,15,2,28,23,45,973,304,,,,Nuit sans éclairage public,Hors agglomération,Autre intersection,Pluie légère,Sans collision,,,,,,,,,,,3,1,9,2,7
201500056823,0015-05-03 14:15:00,15,5,3,14,15,973,304,,,,Plein jour,Hors agglomération,Hors intersection,Normale,Autre collision,,,,,,,,,,,1,1,1,1,6
201500056824,0015-05-20 11:00:00,15,5,20,11,0,973,304,,,,Plein jour,Hors agglomération,Hors intersection,Pluie légère,Deux véhicules - frontale,,,,,,,,,,,1,1,1,2,1
201500056825,0015-05-25 16:00:00,15,5,25,16,0,973,304,,,,Crépuscule ou aube,Hors agglomération,Hors intersection,Pluie légère,Autre collision,,,,,,,,,,,2,1,1,2,6
201500056826,0015-06-02 22:30:00,15,6,2,22,30,973,304,,,,Nuit avec éclairage allumé,En agglomération,Hors intersection,Normale,Deux véhicules - frontale,,,,,,,,,,,5,2,1,1,1
201500056827,0015-07-02 07:00:00,15,7,2,7,0,973,304,,,,Plein jour,Hors agglomération,Hors intersection,Pluie forte,Sans collision,,,,,,,,,,,1,1,1,3,7
201500056828,0015-07-27 14:00:00,15,7,27,14,0,973,304,,,,Plein jour,Hors agglomération,Hors intersection,Normale,Deux véhicules - côté,,,,,,,,,,,1,1,1,1,3
201500056829,0015-08-12 06:45:00,15,8,12,6,45,973,304,,,,Plein jour,Hors agglomération,Hors intersection,Normale,Deux véhicules - côté,,,,,,,,,,,1,1,1,1,3
201500056830,0015-09-05 14:00:00,15,9,5,14,0,973,304,rue du maroni,,,Plein jour,En agglomération,Intersection en T,Normale,Deux véhicules - côté,,,,,,,,,,,1,2,3,1,3
201500056831,0015-03-22 01:45:00,15,3,22,1,45,973,312,Cit? du stade,,,Nuit avec éclairage allumé,En agglomération,Intersection en T,Normale,Deux véhicules - côté,,,,,,,,,,,5,2,3,1,3
201500056832,0015-05-19 16:45:00,15,5,19,16,45,973,312,RN1,,,Crépuscule ou aube,En agglomération,Hors intersection,Pluie forte,Autre collision,,,,,,,,,,,2,2,1,3,6
201500056833,0015-09-13 18:15:00,15,9,13,18,15,973,312,Albert anthony,,,Crépuscule ou aube,En agglomération,Hors intersection,Normale,Deux véhicules - arrière,,,,,,,,,,,2,2,1,1,2
201500056834,0015-05-14 13:00:00,15,5,14,13,0,973,303,,,,Plein jour,Hors agglomération,Hors intersection,Normale,Sans collision,,,,,,,,,,,1,1,1,1,7
201500056835,0015-06-08 07:00:00,15,6,8,7,0,973,303,,,,Plein jour,Hors agglomération,Hors intersection,Normale,Sans collision,,,,,,,,,,,1,1,1,1,7
201500056836,0015-07-15 17:00:00,15,7,15,17,0,973,303,,,,Plein jour,Hors agglomération,Hors intersection,Normale,Sans collision,,,,,,,,,,,1,1,1,1,7
201500056837,0015-12-04 06:45:00,15,12,4,6,45,973,303,,,,Plein jour,Hors agglomération,Hors intersection,Normale,Sans collision,,,,,,,,,,,1,1,1,1,7
201500056838,0015-10-02 16:15:00,15,10,2,16,15,973,308,,,,Nuit avec éclairage allumé,Hors agglomération,Hors intersection,Normale,Deux véhicules - frontale,,,,,,,,,,,5,1,1,1,1
201500056839,0015-08-09 15:30:00,15,8,9,15,30,973,310,,,,Plein jour,Hors agglomération,Hors intersection,Pluie forte,Sans collision,,,,,,,,,,,1,1,1,3,7
201500056840,0015-11-19 20:15:00,15,11,19,20,15,973,310,Avenue Félix Eboué - RD6,,,Nuit sans éclairage public,En agglomération,Hors intersection,Normale,Autre collision,,,,,,,,,,,3,2,1,1,6
201500056841,0015-01-01 21:45:00,15,1,1,21,45,973,311,,,,Nuit sans éclairage public,Hors agglomération,Hors intersection,Normale,Autre collision,,,,,,,,,,,3,1,1,1,6
201500056842,0015-01-11 21:00:00,15,1,11,21,0,973,311,ROUTE DE ST MAURICE,,,Nuit avec éclairage allumé,En agglomération,Hors intersection,Pluie légère,Autre collision,,,,,,,,,,,5,2,1,2,6
201500056843,0015-01-21 09:45:00,15,1,21,9,45,973,311,,,,Plein jour,Hors agglomération,Hors intersection,Normale,Sans collision,,,,,,,,,,,1,1,1,1,7
201500056844,0015-02-06 08:45:00,15,2,6,8,45,973,311,RN 1 PK 1 trou cochon,,,Plein jour,En agglomération,Hors intersection,Normale,Deux véhicules - côté,,,,,,,,,,,1,2,1,1,3
201500056845,0015-03-08 09:45:00,15,3,8,9,45,973,311,,,,Plein jour,Hors agglomération,Hors intersection,Normale,Deux véhicules - côté,,,,,,,,,,,1,1,1,1,3
201500056846,0015-03-21 17:30:00,15,3,21,17,30,973,311,,5.04,54.03801,Plein jour,Hors agglomération,Hors intersection,Normale,Sans collision,,,,,,,,,,,1,1,1,1,7
201500056847,0015-04-11 19:30:00,15,4,11,19,30,973,311,rue Lt Colonel Tourtet,,,Nuit avec éclairage allumé,En agglomération,Hors intersection,Normale,Autre collision,,,,,,,,,,,5,2,1,1,6
201500056848,0015-04-12 21:45:00,15,4,12,21,45,973,311,,,,Nuit sans éclairage public,Hors agglomération,Hors intersection,Normale,Sans collision,,,,,,,,,,,3,1,1,1,7
201500056849,0015-04-18 16:45:00,15,4,18,16,45,973,311,Avenue G. Monnerville,,,Plein jour,En agglomération,Hors intersection,Normale,Deux véhicules - frontale,,,,,,,,,,,1,2,1,1,1
201500056850,0015-04-26 06:30:00,15,4,26,6,30,973,311,,,,Plein jour,Hors agglomération,Hors intersection,Normale,Autre collision,,,,,,,,,,,1,1,1,1,6
201500056851,0015-05-24 18:15:00,15,5,24,18,15,973,311,avenue Joseph Symphorien,,,Plein jour,En agglomération,Hors intersection,Normale,Deux véhicules - arrière,,,,,,,,,,,1,2,1,1,2
201500056852,0015-06-10 12:15:00,15,6,10,12,15,973,311,,,,Plein jour,Hors agglomération,Hors intersection,Normale,Deux véhicules - côté,,,,,,,,,,,1,1,1,1,3