accident_id,datetime,annee,mois,jour,heure,minute,departement,commune_insee,adresse,latitude,longitude,luminosite,agglomeration,intersection,meteo,collision,nb_vehicules,nb_usagers,nb_indemnes,nb_tues,nb_blesses_hosp,nb_blesses_legers,age_cond_1,age_cond_2,veh_type_cond_1,veh_type_cond_2,lum_code,agg_code,int_code,atm_code,col_code
201500056853,0015-06-16 19:00:00,15,6,16,19,0,973,311,avenue christophe colomb,,,Nuit avec éclairage allumé,En agglomération,Hors intersection,Autre,Deux véhicules - frontale,,,,,,,,,,,5,2,1,9,1
201500056854,0015-08-11 10:15:00,15,8,11,10,15,973,311,,,,Plein jour,Hors agglomération,Hors intersection,Normale,Deux véhicules - frontale,,,,,,,,,,,1,1,1,1,1
201500056855,0015-08-28 01:30:00,15,8,28,1,30,973,311,avenue Christophe Colomb,,,Nuit avec éclairage allumé,En agglomération,Hors intersection,Normale,Deux véhicules - côté,,,,,,,,,,,5,2,1,1,3
201500056856,0015-10-13 22:30:00,15,10,13,22,30,973,311,,,,Nuit sans éclairage public,Hors agglomération,Hors intersection,Normale,Deux véhicules - frontale,,,,,,,,,,,3,1,1,1,1
201500056857,0015-10-17 05:30:00,15,10,17,5,30,973,311,rue Jean de la Fontaine,,,Crépuscule ou aube,En agglomération,Hors intersection,Normale,Sans collision,,,,,,,,,,,2,2,1,1,7
201500056858,0015-11-14 11:45:00,15,11,14,11,45,973,311,bld du gl de gaulle,,,Plein jour,En agglomération,Hors intersection,Normale,Deux véhicules - côté,,,,,,,,,,,1,2,1,1,3
201500056859,0015-11-20 21:30:00,15,11,20,21,30,973,311,rue Lt-Colonel Tourtet,,,Nuit avec éclairage allumé,En agglomération,Hors intersection,Normale,Deux véhicules - côté,,,,,,,,,,,5,2,1,1,3
201500056860,0015-11-26 09:00:00,15,11,26,9,0,973,311,Rue Jean de la fontaine,,,Plein jour,En agglomération,Hors intersection,Normale,Sans collision,,,,,,,,,,,1,2,1,1,7
201500056861,0015-12-05 20:00:00,15,12,5,20,0,973,311,,,,Nuit sans éclairage public,Hors agglomération,Hors intersection,Normale,Deux véhicules - arrière,,,,,,,,,,,3,1,1,1,2
201500056862,0015-12-21 14:00:00,15,12,21,14,0,973,311,avenue de la marne,,,Plein jour,En agglomération,Hors intersection,Normale,Autre collision,,,,,,,,,,,1,2,1,1,6
201500056863,0015-12-25 20:00:00,15,12,25,20,0,973,311,,,,Nuit avec éclairage allumé,Hors agglomération,Hors intersection,Normale,Autre collision,,,,,,,,,,,5,1,1,1,6
201500056864,0015-02-22 16:30:00,15,2,22,16,30,973,306,,,,Plein jour,Hors agglomération,Hors intersection,Normale,Deux véhicules - arrière,,,,,,,,,,,1,1,1,1,2
201500056865,0015-05-18 16:00:00,15,5,18,16,0,973,306,,,,Plein jour,Hors agglomération,Hors intersection,Normale,Autre collision,,,,,,,,,,,1,1,1,1,6
201500056866,0015-06-25 20:30:00,15,6,25,20,30,973,306,,,,Nuit sans éclairage public,Hors agglomération,Hors intersection,Normale,Sans collision,,,,,,,,,,,3,1,1,1,7
201500056867,0015-07-05 12:00:00,15,7,5,12,0,973,361,,,,Plein jour,Hors agglomération,Hors intersection,Normale,Sans collision,,,,,,,,,,,1,1,1,1,7
201500056868,0015-01-25 02:15:00,15,1,25,2,15,974,408,rue LECONTE DELISLE,,,Nuit avec éclairage allumé,En agglomération,Hors intersection,Normale,Autre collision,,,,,,,,,,,5,2,1,1,6
201500056869,0015-01-29 07:00:00,15,1,29,7,0,974,408,Rue de La Palestine,20.96279,55.32711,Plein jour,En agglomération,Hors intersection,Temps éblouissant,Autre collision,,,,,,,,,,,1,2,1,7,6
201500056870,0015-02-07 20:00:00,15,2,7,20,0,974,408,Rue Leconte de Lisle,,,Nuit avec éclairage allumé,En agglomération,Hors intersection,Normale,Deux véhicules - côté,,,,,,,,,,,5,2,1,1,3
201500056871,0015-02-20 19:45:00,15,2,20,19,45,974,408,,,,Nuit sans éclairage public,Hors agglomération,Hors intersection,Normale,Deux véhicules - arrière,,,,,,,,,,,3,1,1,1,2
201500056872,0015-03-12 06:30:00,15,3,12,6,30,974,408,RD 41,,,Plein jour,En agglomération,Autre intersection,Normale,Deux véhicules - côté,,,,,,,,,,,1,2,9,1,3
201500056873,0015-03-20 06:00:00,15,3,20,6,0,974,408,Rue Karl Marx,20.95434,55.33959,Plein jour,En agglomération,Hors intersection,Normale,Autre collision,,,,,,,,,,,1,2,1,1,6
201500056874,0015-04-17 13:00:00,15,4,17,13,0,974,408,rue rené maillot,20.96343,55.32742,Plein jour,En agglomération,Hors intersection,Normale,Deux véhicules - frontale,,,,,,,,,,,1,2,1,1,1
201500056875,0015-06-07 13:00:00,15,6,7,13,0,974,408,Rue Jean Albany,20.96209,55.33442,Plein jour,En agglomération,Hors intersection,Normale,Deux véhicules - frontale,,,,,,,,,,,1,2,1,1,1
201500056876,0015-06-14 04:00:00,15,6,14,4,0,974,408,,,,Nuit sans éclairage public,Hors agglomération,Hors intersection,Pluie légère,Deux véhicules - frontale,,,,,,,,,,,3,1,1,2,1
201500056877,0015-07-08 19:00:00,15,7,8,19,0,974,408,,20.92746,55.33266,Nuit sans éclairage public,Hors agglomération,Autre intersection,Normale,Autre collision,,,,,,,,,,,3,1,9,1,6
201500056878,0015-07-26 18:45:00,15,7,26,18,45,974,408,,,,Nuit sans éclairage public,Hors agglomération,Hors intersection,Normale,Autre collision,,,,,,,,,,,3,1,1,1,6
201500056879,0015-08-24 07:15:00,15,8,24,7,15,974,408,avenue de la palestine,20.96142,55.32538,Plein jour,En agglomération,Hors intersection,Normale,Trois véhicules et plus - collisions multiples,,,,,,,,,,,1,2,1,1,5
201500056880,0015-10-16 16:15:00,15,10,16,16,15,974,408,,,,Plein jour,Hors agglomération,Hors intersection,Normale,Deux véhicules - côté,,,,,,,,,,,1,1,1,1,3
201500056881,0015-10-31 16:30:00,15,10,31,16,30,974,408,3 RUE MARC CHAGALL,20.9565,55.33293,Plein jour,En agglomération,Hors intersection,Normale,Autre collision,,,,,,,,,,,1,2,1,1,6
201500056882,0015-12-08 22:15:00,15,12,8,22,15,974,408,15 rue Pablo Néruda,20.94545,55.33397,Nuit avec éclairage allumé,En agglomération,Hors intersection,Normale,Deux véhicules - frontale,,,,,,,,,,,5,2,1,1,1
201500056883,0015-01-17 16:30:00,15,1,17,16,30,974,418,,,,Plein jour,Hors agglomération,Hors intersection,Pluie légère,Deux véhicules - côté,,,,,,,,,,,1,1,1,2,3
201500056884,0015-01-26 17:30:00,15,1,26,17,30,974,418,Rue Mozart,20.89714,55.56664,Plein jour,En agglomération,Intersection en T,Normale,Deux véhicules - frontale,,,,,,,,,,,1,2,3,1,1
201500056885,0015-01-27 07:00:00,15,1,27,7,0,974,418,,20.9111,55.51791,Plein jour,Hors agglomération,Giratoire,Normale,Deux véhicules - côté,,,,,,,,,,,1,1,6,1,3
201500056886,0015-02-26 20:00:00,15,2,26,20,0,974,418,9 rue de la r?publique,20.89742,55.54883,Nuit avec éclairage allumé,En agglomération,Hors intersection,Normale,Deux véhicules - arrière,,,,,,,,,,,5,2,1,1,2
201500056887,0015-04-24 21:15:00,15,4,24,21,15,974,420,,20.91309,55.61349,Nuit avec éclairage allumé,Hors agglomération,Hors intersection,Normale,Autre collision,,,,,,,,,,,5,1,1,1,6
201500056888,0015-05-16 08:00:00,15,5,16,8,0,974,418,,20.94461,55.52128,Plein jour,Hors agglomération,Hors intersection,Normale,Sans collision,,,,,,,,,,,1,1,1,1,7
201500056889,0015-05-20 11:15:00,15,5,20,11,15,974,418,117 RUE LUC DONAT,20.92638,55.51972,Plein jour,En agglomération,Hors intersection,Normale,Autre collision,,,,,,,,,,,1,2,1,1,6
201500056890,0015-05-27 22:00:00,15,5,27,22,0,974,418,,20.89915,55.52231,Nuit avec éclairage allumé,Hors agglomération,Hors intersection,Normale,Deux véhicules - frontale,,,,,,,,,,,5,1,1,1,1
201500056891,0015-05-29 07:15:00,15,5,29,7,15,974,418,rue vidot,20.922,55.51901,Plein jour,En agglomération,Hors intersection,Normale,Autre collision,,,,,,,,,,,1,2,1,1,6
201500056892,0015-05-22 14:00:00,15,5,22,14,0,974,418,,,,Plein jour,Hors agglomération,Hors intersection,Normale,Deux véhicules - frontale,,,,,,,,,,,1,1,1,1,1
201500056893,0015-05-29 07:30:00,15,5,29,7,30,974,418,rue vidot,20.922,55.51901,Plein jour,En agglomération,Hors intersection,Normale,Autre collision,,,,,,,,,,,1,2,1,1,6
201500056894,0015-06-07 23:15:00,15,6,7,23,15,974,418,,20.93794,55.5338,Nuit sans éclairage public,Hors agglomération,Hors intersection,Normale,Deux véhicules - frontale,,,,,,,,,,,3,1,1,1,1
201500056895,0015-06-12 17:30:00,15,6,12,17,30,974,418,Rue Héléne Boucher,,,Crépuscule ou aube,En agglomération,Hors intersection,Normale,Deux véhicules - frontale,,,,,,,,,,,2,2,1,1,1
201500056896,0015-06-15 18:45:00,15,6,15,18,45,974,418,,,,Plein jour,Hors agglomération,Hors intersection,Normale,Autre collision,,,,,,,,,,,1,1,1,1,6
201500056897,0015-06-22 09:00:00,15,6,22,9,0,974,418,,,,Plein jour,Hors agglomération,Hors intersection,Normale,Deux véhicules - côté,,,,,,,,,,,1,1,1,1,3
201500056898,0015-10-30 08:45:00,15,10,30,8,45,974,418,,20.92157,55.51975,Plein jour,Hors agglomération,Hors intersection,Normale,Deux véhicules - frontale,,,,,,,,,,,1,1,1,1,1
201500056899,0015-02-23 08:30:00,15,2,23,8,30,974,410,,21.03984,55.71008,Plein jour,Hors agglomération,Hors intersection,Pluie légère,Trois véhicules et plus - collisions multiples,,,,,,,,,,,1,1,1,2,5
201500056900,0015-04-25 20:30:00,15,4,25,20,30,974,410,,,,Nuit avec éclairage allumé,Hors agglomération,Hors intersection,Normale,Deux véhicules - côté,,,,,,,,,,,5,1,1,1,3
201500056901,0015-06-02 18:30:00,15,6,2,18,30,974,410,,21.04763,55.71713,Nuit avec éclairage allumé,Hors agglomération,Hors intersection,Normale,Autre collision,,,,,,,,,,,5,1,1,1,6
201500056902,0015-06-27 10:00:00,15,6,27,10,0,974,410,quartuier Bras-Fusil,,,Plein jour,En agglomération,Hors intersection,Normale,Deux véhicules - côté,,,,,,,,,,,1,2,1,1,3
201500056903,0015-06-27 19:30:00,15,6,27,19,30,974,410,quartier ste anne,,,Nuit avec éclairage allumé,En agglomération,Hors intersection,Normale,Deux véhicules - côté,,,,,,,,,,,5,2,1,1,3
201500056904,0015-07-08 14:45:00,15,7,8,14,45,974,410,,,,Plein jour,Hors agglomération,Hors intersection,Normale,Autre collision,,,,,,,,,,,1,1,1,1,6
201500056905,0015-08-02 08:00:00,15,8,2,8,0,974,410,,21.06543,55.70121,Plein jour,Hors agglomération,Hors intersection,Normale,Deux véhicules - côté,,,,,,,,,,,1,1,1,1,3
201500056906,0015-08-21 16:00:00,15,8,21,16,0,974,410,,21.03858,55.71786,Plein jour,Hors agglomération,Hors intersection,Normale,Autre collision,,,,,,,,,,,1,1,1,1,6
201500056907,0015-11-12 11:00:00,15,11,12,11,0,974,410,RN2 sainte anne,,,Plein jour,En agglomération,Hors intersection,Normale,Deux véhicules - côté,,,,,,,,,,,1,2,1,1,3
201500056908,0015-12-25 16:15:00,15,12,25,16,15,974,410,,,,Plein jour,Hors agglomération,Hors intersection,Normale,Autre collision,,,,,,,,,,,1,1,1,1,6
201500056909,0015-01-19 01:15:00,15,1,19,1,15,974,402,,,,Nuit sans éclairage public,Hors agglomération,Hors intersection,Pluie légère,Autre collision,,,,,,,,,,,3,1,1,2,6
201500056910,0015-02-21 11:00:00,15,2,21,11,0,974,402,,,,Plein jour,En agglomération,Hors intersection,Normale,Autre collision,,,,,,,,,,,1,2,1,1,6
201500056911,0015-03-23 14:15:00,15,3,23,14,15,974,402,Rue Corbeille d'Or,,,Plein jour,En agglomération,Hors intersection,Normale,Autre collision,,,,,,,,,,,1,2,1,1,6
201500056912,0015-05-08 14:30:00,15,5,8,14,30,974,402,,,,Plein jour,Hors agglomération,Hors intersection,Pluie légère,Autre collision,,,,,,,,,,,1,1,1,2,6
201500056913,0015-05-15 07:45:00,15,5,15,7,45,974,402,RN 2002 et rue de la Gie,20.99446,55.67566,Plein jour,En agglomération,Hors intersection,Normale,Deux véhicules - frontale,,,,,,,,,,,1,2,1,1,1
201500056914,0015-06-16 17:30:00,15,6,16,17,30,974,402,,,,Plein jour,En agglomération,Hors intersection,Temps éblouissant,Autre collision,,,,,,,,,,,1,2,1,7,6
201500056915,0015-08-08 18:30:00,15,8,8,18,30,974,402,RN2002 Centre Ville,20.99591,55.67861,Nuit avec éclairage allumé,En agglomération,Hors intersection,Pluie légère,Autre collision,,,,,,,,,,,5,2,1,2,6
201500056916,0015-09-16 07:30:00,15,9,16,7,30,974,402,,21.00413,55.69369,Plein jour,Hors agglomération,Hors intersection,Normale,Autre collision,,,,,,,,,,,1,1,1,1,6
201500056917,0015-05-15 17:15:00,15,5,15,17,15,974,419,,21.2,55.79999,Crépuscule ou aube,Hors agglomération,Hors intersection,Pluie légère,Deux véhicules - côté,,,,,,,,,,,2,1,1,2,3
201500056918,0015-07-11 18:30:00,15,7,11,18,30,974,419,,,,Nuit sans éclairage public,Hors agglomération,Hors intersection,Normale,Autre collision,,,,,,,,,,,3,1,1,1,6
201500056919,0015-09-19 20:00:00,15,9,19,20,0,974,421,,,,Nuit sans éclairage public,Hors agglomération,Hors intersection,Pluie légère,Autre collision,,,,,,,,,,,3,1,1,2,6
201500056920,0015-11-25 14:30:00,15,11,25,14,30,974,421,,21.025,55.51799,Plein jour,Hors agglomération,Hors intersection,Normale,Autre collision,,,,,,,,,,,1,1,1,1,6
201500056921,0015-01-02 12:00:00,15,1,2,12,0,974,406,,,,Plein jour,Hors agglomération,Hors intersection,Normale,Autre collision,,,,,,,,,,,1,1,1,1,6
201500056922,0015-11-16 16:15:00,15,11,16,16,15,974,406,,,,Plein jour,Hors agglomération,Hors intersection,Normale,Deux véhicules - frontale,,,,,,,,,,,1,1,1,1,1
201500056923,0015-02-14 17:45:00,15,2,14,17,45,974,415,,,,Nuit sans éclairage public,Hors agglomération,Hors intersection,Normale,Deux véhicules - arrière,,,,,,,,,,,3,1,1,1,2
201500056924,0015-04-01 12:15:00,15,4,1,12,15,974,415,304 rue St LOUIS,21.00171,55.28071,Plein jour,En agglomération,Hors intersection,Normale,Autre collision,,,,,,,,,,,1,2,1,1,6
201500056925,0015-04-08 17:00:00,15,4,8,17,0,974,415,RD 4 route de la Plaine,20.98803,55.29226,Plein jour,En agglomération,Hors intersection,Normale,Deux véhicules - côté,,,,,,,,,,,1,2,1,1,3
201500056926,0015-04-25 18:30:00,15,4,25,18,30,974,415,de gaulle et ch. royale,21.0093,55.27615,Nuit avec éclairage allumé,En agglomération,Hors intersection,Normale,Deux véhicules - côté,,,,,,,,,,,5,2,1,1,3
201500056927,0015-06-17 11:45:00,15,6,17,11,45,974,415,rue chaussée royale,,,Plein jour,En agglomération,Hors intersection,Normale,Autre collision,,,,,,,,,,,1,2,1,1,6
201500056928,0015-07-04 08:30:00,15,7,4,8,30,974,415,,,,Nuit sans éclairage public,Hors agglomération,Autre intersection,Normale,Deux véhicules - frontale,,,,,,,,,,,3,1,9,1,1
201500056929,0015-07-09 20:30:00,15,7,9,20,30,974,415,,,,Nuit sans éclairage public,Hors agglomération,Hors intersection,Normale,Autre collision,,,,,,,,,,,3,1,1,1,6
201500056930,0015-08-24 18:15:00,15,8,24,18,15,974,415,,,,Crépuscule ou aube,Hors agglomération,Hors intersection,Normale,Deux véhicules - côté,,,,,,,,,,,2,1,1,1,3
201500056931,0015-09-01 06:30:00,15,9,1,6,30,974,415,,20.9741,55.30317,Plein jour,Hors agglomération,Hors intersection,Normale,Deux véhicules - côté,,,,,,,,,,,1,1,1,1,3
201500056932,0015-09-13 06:15:00,15,9,13,6,15,974,415,RN 1,,,Crépuscule ou aube,En agglomération,Hors intersection,Pluie forte,Trois véhicules et plus - en chaîne,,,,,,,,,,,2,2,1,3,4
201500056933,0015-10-07 14:45:00,15,10,7,14,45,974,415,chaussée royale,,,Plein jour,En agglomération,Hors intersection,Normale,Trois véhicules et plus - collisions multiples,,,,,,,,,,,1,2,1,1,5
201500056934,0015-10-27 16:45:00,15,10,27,16,45,974,415,rue rhin et danube,21.00951,55.27112,Plein jour,En agglomération,Hors intersection,Normale,Autre collision,,,,,,,,,,,1,2,1,1,6
201500056935,0015-12-16 23:45:00,15,12,16,23,45,974,415,,21.01675,55.25474,Nuit sans éclairage public,Hors agglomération,Hors intersection,Normale,Autre collision,,,,,,,,,,,3,1,1,1,6
201500056936,0015-01-03 01:45:00,15,1,3,1,45,974,415,,,,Nuit sans éclairage public,Hors agglomération,Hors intersection,Normale,Deux véhicules - côté,,,,,,,,,,,3,1,1,1,3
201500056937,0015-03-22 00:30:00,15,3,22,0,30,974,415,,,,Nuit avec éclairage non allumé,Hors agglomération,Hors intersection,Normale,Deux véhicules - frontale,,,,,,,,,,,4,1,1,1,1
201500056938,0015-03-23 02:45:00,15,3,23,2,45,974,415,chemin BRUNIQUEL,21.08355,55.23494,Nuit sans éclairage public,En agglomération,Giratoire,Pluie légère,Sans collision,,,,,,,,,,,3,2,6,2,7
201500056939,0015-04-08 11:45:00,15,4,8,11,45,974,415,,21.05492,55.22692,Plein jour,En agglomération,Hors intersection,Normale,Deux véhicules - frontale,,,,,,,,,,,1,2,1,1,1
201500056940,0015-04-10 18:00:00,15,4,10,18,0,974,423,Rue du Général De Gaulle,21.06071,55.22327,Crépuscule ou aube,En agglomération,Hors intersection,Normale,Deux véhicules - frontale,,,,,,,,,,,2,2,1,1,1
201500056941,0015-05-06 10:00:00,15,5,6,10,0,974,415,,,,Plein jour,Hors agglomération,Autre intersection,Normale,Deux véhicules - côté,,,,,,,,,,,1,1,9,1,3
201500056942,0015-05-23 01:30:00,15,5,23,1,30,974,415,,,,Nuit sans éclairage public,Hors agglomération,Hors intersection,Normale,Deux véhicules - côté,,,,,,,,,,,3,1,1,1,3
201500056943,0015-05-31 04:15:00,15,5,31,4,15,974,415,RN1A,21.058,55.22101,Nuit sans éclairage public,En agglomération,Hors intersection,Normale,Autre collision,,,,,,,,,,,3,2,1,1,6
201500056944,0015-07-04 16:45:00,15,7,4,16,45,974,415,,,,Nuit sans éclairage public,Hors agglomération,Hors intersection,Normale,Deux véhicules - frontale,,,,,,,,,,,3,1,1,1,1
201500056945,0015-07-28 16:00:00,15,7,28,16,0,974,415,,,,Plein jour,Hors agglomération,Hors intersection,Normale,Deux véhicules - frontale,,,,,,,,,,,1,1,1,1,1
201500056946,0015-10-26 18:15:00,15,10,26,18,15,974,415,,21.02,55.22599,Crépuscule ou aube,Hors agglomération,Hors intersection,Normale,Deux véhicules - frontale,,,,,,,,,,,2,1,1,1,1
201500056947,0015-11-20 09:30:00,15,11,20,9,30,974,415,,,,Plein jour,Hors agglomération,Hors intersection,Normale,Deux véhicules - côté,,,,,,,,,,,1,1,1,1,3
201500056948,0015-11-26 22:15:00,15,11,26,22,15,974,415,,21.105,55.37199,Nuit sans éclairage public,Hors agglomération,Hors intersection,Normale,Autre collision,,,,,,,,,,,3,1,1,1,6
201500056949,0015-12-20 20:00:00,15,12,20,20,0,974,415,26 rue des espadons,21.083,55.21699,Nuit avec éclairage non allumé,En agglomération,Hors intersection,Normale,Autre collision,,,,,,,,,,,4,2,1,1,6
201500056950,0015-01-27 08:15:00,15,1,27,8,15,974,415,,21.33995,55.6283,Plein jour,Hors agglomération,Hors intersection,Normale,Deux véhicules - frontale,,,,,,,,,,,1,1,1,1,1
201500056951,0015-02-27 07:45:00,15,2,27,7,45,974,415,rue du relai,,,Plein jour,En agglomération,Hors intersection,Normale,Sans collision,,,,,,,,,,,1,2,1,1,7
201500056952,0015-04-17 19:45:00,15,4,17,19,45,974,415,,,,Nuit sans éclairage public,Hors agglomération,Hors intersection,Normale,Deux véhicules - frontale,,,,,,,,,,,3,1,1,1,1
201500056953,0015-06-08 08:00:00,15,6,8,8,0,974,415,25 chemin l'eveque,,,Plein jour,En agglomération,Hors intersection,Normale,Autre collision,,,,,,,,,,,1,2,1,1,6
201500056954,0015-06-30 19:15:00,15,6,30,19,15,974,415,Rue Néhoua,21.14,55.27899,Nuit avec éclairage allumé,En agglomération,Hors intersection,Pluie légère,Autre collision,,,,,,,,,,,5,2,1,2,6
201500056955,0015-07-08 20:00:00,15,7,8,20,0,974,415,,,,Nuit sans éclairage public,Hors agglomération,Hors intersection,Normale,Sans collision,,,,,,,,,,,3,1,1,1,7
201500056956,0015-07-14 20:15:00,15,7,14,20,15,974,415,,,,Nuit avec éclairage allumé,Hors agglomération,Hors intersection,Normale,Deux véhicules - frontale,,,,,,,,,,,5,1,1,1,1
201500056957,0015-08-13 23:45:00,15,8,13,23,45,974,415,,21.09,55.44701,Nuit sans éclairage public,Hors agglomération,Hors intersection,Normale,Deux véhicules - frontale,,,,,,,,,,,3,1,1,1,1
201500056958,0015-01-07 21:30:00,15,1,7,21,30,974,415,,,,Nuit sans éclairage public,Hors agglomération,Hors intersection,Normale,Autre collision,,,,,,,,,,,3,1,1,1,6
201500056959,0015-04-15 17:45:00,15,4,15,17,45,974,423,,21.11897,55.29756,Crépuscule ou aube,Hors agglomération,Hors intersection,Temps couvert,Deux véhicules - frontale,,,,,,,,,,,2,1,1,8,1
201500056960,0015-09-02 08:30:00,15,9,2,8,30,974,423,,21.12307,55.26402,Plein jour,Hors agglomération,Hors intersection,Normale,Sans collision,,,,,,,,,,,1,1,1,1,7
201500056961,0015-10-01 17:15:00,15,10,1,17,15,974,401,D 18 36 chemin de ligne,21.24119,55.34331,Plein jour,En agglomération,Hors intersection,Normale,Deux véhicules - frontale,,,,,,,,,,,1,2,1,1,1
201500056962,0015-03-05 08:30:00,15,3,5,8,30,974,414,36 rue leconte de lisle,21.27796,55.41396,Plein jour,En agglomération,Hors intersection,Normale,Deux véhicules - frontale,,,,,,,,,,,1,2,1,1,1
201500056963,0015-07-28 11:00:00,15,7,28,11,0,974,414,rue ravenal,,,Plein jour,En agglomération,Hors intersection,Normale,Autre collision,,,,,,,,,,,1,2,1,1,6
201500056964,0015-01-17 05:45:00,15,1,17,5,45,974,424,19 route du cap,21.16519,55.4815,Plein jour,En agglomération,Hors intersection,Normale,Autre collision,,,,,,,,,,,1,2,1,1,6
201500056965,0015-01-21 19:15:00,15,1,21,19,15,974,424,chemin terre fine,21.15583,55.43597,Nuit sans éclairage public,En agglomération,Hors intersection,Normale,Autre collision,,,,,,,,,,,3,2,1,1,6
201500056966,0015-06-14 16:15:00,15,6,14,16,15,974,424,mare sèche,,,Plein jour,En agglomération,Hors intersection,Normale,Deux véhicules - frontale,,,,,,,,,,,1,2,1,1,1
201500056967,0015-06-14 17:00:00,15,6,14,17,0,974,424,,,,Plein jour,Hors agglomération,Hors intersection,Normale,Autre collision,,,,,,,,,,,1,1,1,1,6
201500056968,0015-12-27 07:00:00,15,12,27,7,0,974,424,,,,Plein jour,Hors agglomération,Hors intersection,Normale,Deux véhicules - frontale,,,,,,,,,,,1,1,1,1,1
201500056969,0015-04-14 06:00:00,15,4,14,6,0,974,403,,21.26994,55.4637,Crépuscule ou aube,Hors agglomération,Hors intersection,Normale,Sans collision,,,,,,,,,,,2,1,1,1,7
201500056970,0015-05-24 18:15:00,15,5,24,18,15,974,403,rue bras long,,,Crépuscule ou aube,En agglomération,Hors intersection,Normale,Deux véhicules - côté,,,,,,,,,,,2,2,1,1,3
201500056971,0015-01-18 18:00:00,15,1,18,18,0,974,416,,,,Plein jour,Hors agglomération,Hors intersection,Pluie légère,Sans collision,,,,,,,,,,,1,1,1,2,7
201500056972,0015-03-29 13:45:00,15,3,29,13,45,974,416,Champs de foire,21.191,55.57401,Plein jour,En agglomération,Hors intersection,Normale,Deux véhicules - frontale,,,,,,,,,,,1,2,1,1,1
201500056973,0015-05-06 15:30:00,15,5,6,15,30,974,416,,,,Plein jour,En agglomération,Hors intersection,Normale,Deux véhicules - côté,,,,,,,,,,,1,2,1,1,3
201500056974,0015-05-27 12:00:00,15,5,27,12,0,974,422,47 rue Alfred Picard,21.20486,55.57939,Plein jour,En agglomération,Hors intersection,Normale,Autre collision,,,,,,,,,,,1,2,1,1,6
201500056975,0015-07-04 23:15:00,15,7,4,23,15,974,422,CD 36,,,Nuit sans éclairage public,En agglomération,Hors intersection,Normale,Autre collision,,,,,,,,,,,3,2,1,1,6
201500056976,0015-07-09 16:30:00,15,7,9,16,30,974,422,2 chemin mussard,21.22801,55.55151,Plein jour,En agglomération,Hors intersection,Normale,Autre collision,,,,,,,,,,,1,2,1,1,6
201500056977,0015-07-19 16:15:00,15,7,19,16,15,974,422,rue Alfred PICARD,21.20484,55.58308,Plein jour,En agglomération,Hors intersection,Normale,Deux véhicules - frontale,,,,,,,,,,,1,2,1,1,1
201500056978,0015-08-02 08:15:00,15,8,2,8,15,974,422,,21.19759,55.64502,Plein jour,Hors agglomération,Hors intersection,Temps couvert,Deux véhicules - frontale,,,,,,,,,,,1,1,1,8,1
201500056979,0015-08-01 19:00:00,15,8,1,19,0,974,422,92a rue des acacias,21.22552,55.53091,Nuit sans éclairage public,En agglomération,Hors intersection,Normale,Autre collision,,,,,,,,,,,3,2,1,1,6
201500056980,0015-08-02 08:00:00,15,8,2,8,0,974,422,,,,Plein jour,Hors agglomération,Hors intersection,Pluie forte,Autre collision,,,,,,,,,,,1,1,1,3,6
201500056981,0015-08-16 15:45:00,15,8,16,15,45,974,422,rue des améthystes,21.21954,55.55581,Plein jour,En agglomération,Hors intersection,Normale,Deux véhicules - frontale,,,,,,,,,,,1,2,1,1,1
201500056982,0015-09-01 14:30:00,15,9,1,14,30,974,422,,21.23229,55.54328,Plein jour,Hors agglomération,Hors intersection,Normale,Deux véhicules - côté,,,,,,,,,,,1,1,1,1,3
201500056983,0015-12-14 16:00:00,15,12,14,16,0,974,405,,21.33756,55.54834,Plein jour,Hors agglomération,Hors intersection,Normale,Deux véhicules - frontale,,,,,,,,,,,1,1,1,1,1
201500056984,0015-01-23 10:15:00,15,1,23,10,15,974,412,,21.3802,55.60748,Plein jour,Hors agglomération,Hors intersection,Normale,Autre collision,,,,,,,,,,,1,1,1,1,6
201500056985,0015-01-31 14:45:00,15,1,31,14,45,974,412,,21.33995,55.6283,Plein jour,Hors agglomération,Hors intersection,Normale,Deux véhicules - frontale,,,,,,,,,,,1,1,1,1,1
201500056986,0015-03-06 18:30:00,15,3,6,18,30,974,412,96 RUE LECONTE DELISLE,21.371,55.61901,Nuit avec éclairage allumé,En agglomération,Hors intersection,Normale,Deux véhicules - frontale,,,,,,,,,,,5,2,1,1,1
201500056987,0015-03-26 20:30:00,15,3,26,20,30,974,405,,21.359,55.56101,Nuit sans éclairage public,Hors agglomération,Hors intersection,Normale,Deux véhicules - côté,,,,,,,,,,,3,1,1,1,3