accident_id,datetime,annee,mois,jour,heure,minute,departement,commune_insee,adresse,latitude,longitude,luminosite,agglomeration,intersection,meteo,collision,nb_vehicules,nb_usagers,nb_indemnes,nb_tues,nb_blesses_hosp,nb_blesses_legers,age_cond_1,age_cond_2,veh_type_cond_1,veh_type_cond_2,lum_code,agg_code,int_code,atm_code,col_code
201500057389,0015-05-08 04:15:00,15,5,8,4,15,972,209,"2, MAURICE BISHOP (AVENU",14.61387,61.05124,Nuit avec éclairage allumé,En agglomération,Hors intersection,Temps couvert,Deux véhicules - frontale,,,,,,,,,,,5,2,1,8,1
201500057390,0015-05-10 00:10:00,15,5,10,0,10,972,209,"4, EDOUARD JEANNE (RUE)",14.60066,61.05611,Nuit avec éclairage allumé,En agglomération,Hors intersection,Normale,Deux véhicules - frontale,,,,,,,,,,,5,2,1,1,1
201500057391,0015-05-12 00:25:00,15,5,12,0,25,972,209,"2, SOLEIL LEVANT (BOULEV",14.62725,61.04012,Nuit avec éclairage allumé,En agglomération,Intersection en X,Normale,Deux véhicules - côté,,,,,,,,,,,5,2,2,1,3
201500057392,0015-01-23 08:10:00,15,1,23,8,10,972,209,"42, CHEVALIER DE SAINTE-",,,Plein jour,En agglomération,Hors intersection,Normale,Autre collision,,,,,,,,,,,1,2,1,1,6
201500057393,0015-05-15 21:05:00,15,5,15,21,5,972,209,"4, ANTOINE VITEZ (AVENUE",14.60811,61.04979,Nuit avec éclairage allumé,En agglomération,Intersection en X,Normale,Deux véhicules - côté,,,,,,,,,,,5,2,2,1,3
201500057394,0015-01-23 20:45:00,15,1,23,20,45,972,209,"1, AUTOROUTE (A1)",,,Nuit avec éclairage allumé,Hors agglomération,Hors intersection,Normale,Deux véhicules - côté,,,,,,,,,,,5,1,1,1,3
201500057395,0015-05-26 17:40:00,15,5,26,17,40,972,209,"2, BALATA (ROUTE DE)",,,Plein jour,Hors agglomération,Hors intersection,Normale,Deux véhicules - arrière,,,,,,,,,,,1,1,1,1,2
201500057396,0015-01-24 06:00:00,15,1,24,6,0,972,209,"1, MAURICE BISHOP (AVENU",,,Plein jour,En agglomération,Hors intersection,Normale,Autre collision,,,,,,,,,,,1,2,1,1,6
201500057397,0015-05-27 10:35:00,15,5,27,10,35,972,209,"3, VIEUX CHEMIN (RUE DU)",14.61007,61.07182,Plein jour,Hors agglomération,Hors intersection,Normale,Autre collision,,,,,,,,,,,1,1,1,1,6
201500057398,0015-01-25 07:45:00,15,1,25,7,45,972,209,"1, JEAN JAURES (AVENUE)",,,Plein jour,En agglomération,Hors intersection,Normale,Autre collision,,,,,,,,,,,1,2,1,1,6
201500057399,0015-05-28 11:35:00,15,5,28,11,35,972,209,"1, FRANCOIS MITTERAND (B",14.6034,61.06184,Plein jour,En agglomération,Hors intersection,Normale,Autre collision,,,,,,,,,,,1,2,1,1,6
201500057400,0015-06-06 04:43:00,15,6,6,4,43,972,209,"2, GENERAL DE GAULLE (BL",14.60636,61.06653,Nuit avec éclairage allumé,En agglomération,Hors intersection,Normale,Sans collision,,,,,,,,,,,5,2,1,1,7
201500057401,0015-01-26 15:30:00,15,1,26,15,30,972,209,"Comm, ROCADE (RUE DE LA)",,,Plein jour,En agglomération,Intersection en X,Normale,Deux véhicules - côté,,,,,,,,,,,1,2,2,1,3
201500057402,0015-06-06 21:15:00,15,6,6,21,15,972,209,"4, DESENCLAVEMENT (RUE D",14.60426,61.06401,Nuit avec éclairage allumé,En agglomération,Hors intersection,Normale,Autre collision,,,,,,,,,,,5,2,1,1,6
201500057403,0015-01-27 06:40:00,15,1,27,6,40,972,209,"1, GENERAL DE GAULLE (BL",,,Plein jour,En agglomération,Hors intersection,Normale,Autre collision,,,,,,,,,,,1,2,1,1,6
201500057404,0015-06-07 10:25:00,15,6,7,10,25,972,209,"2, MAURICE BISHOP (AVENU",14.6103,61.05481,Plein jour,En agglomération,Hors intersection,Normale,Autre collision,,,,,,,,,,,1,2,1,1,6
201500057405,0015-06-13 10:05:00,15,6,13,10,5,972,209,"2, GENERAL DE GAULLE (BL",14.60613,61.06575,Plein jour,En agglomération,Hors intersection,Normale,Deux véhicules - côté,,,,,,,,,,,1,2,1,1,3
201500057406,0015-01-28 07:00:00,15,1,28,7,0,972,209,"13, CHATEAUBOEUF (ROUTE",,,Plein jour,En agglomération,Hors intersection,Normale,Autre collision,,,,,,,,,,,1,2,1,1,6
201500057407,0015-06-19 12:40:00,15,6,19,12,40,972,209,"3, CHATEAUBOEUF (ROUTE D",14.61633,61.04975,Plein jour,En agglomération,Hors intersection,Normale,Autre collision,,,,,,,,,,,1,2,1,1,6
201500057408,0015-06-20 00:30:00,15,6,20,0,30,972,209,"3, RD 41 (ROCADE)",14.61177,61.07895,Nuit sans éclairage public,En agglomération,Hors intersection,Normale,Sans collision,,,,,,,,,,,3,2,1,1,7
201500057409,0015-01-30 17:40:00,15,1,30,17,40,972,209,"4, REDOUTE (ROUTE DE LA)",,,Plein jour,En agglomération,Hors intersection,Normale,Autre collision,,,,,,,,,,,1,2,1,1,6
201500057410,0015-06-20 11:55:00,15,6,20,11,55,972,209,"3, BEAUSEJOUR JAMBETTE (",14.63898,61.04099,Plein jour,En agglomération,Hors intersection,Normale,Deux véhicules - frontale,,,,,,,,,,,1,2,1,1,1
201500057411,0015-06-21 08:55:00,15,6,21,8,55,972,209,"3, YVES GOUSSARD (RUE)",14.60846,61.06851,Plein jour,En agglomération,Intersection en T,Normale,Deux véhicules - côté,,,,,,,,,,,1,2,3,1,3
201500057412,0015-06-22 12:33:00,15,6,22,12,33,972,209,"4, CORIDON (AVENUE DE)",14.6229,61.05884,Plein jour,En agglomération,Hors intersection,Normale,Autre collision,,,,,,,,,,,1,2,1,1,6
201500057413,0015-06-24 13:10:00,15,6,24,13,10,972,209,"3, RD 41 (ROCADE)",14.61347,61.07038,Plein jour,En agglomération,Hors intersection,Normale,Autre collision,,,,,,,,,,,1,2,1,1,6
201500057414,0015-02-01 21:46:00,15,2,1,21,46,972,209,"48, MOUTTE (ROUTE DE)",,,Nuit avec éclairage allumé,En agglomération,Hors intersection,Normale,Deux véhicules - frontale,,,,,,,,,,,5,2,1,1,1
201500057415,0015-06-27 19:25:00,15,6,27,19,25,972,209,"2, BALATA (ROUTE DE)",14.65572,61.08578,Nuit sans éclairage public,Hors agglomération,Hors intersection,Normale,Deux véhicules - frontale,,,,,,,,,,,3,1,1,1,1
201500057416,0015-07-05 06:20:00,15,7,5,6,20,972,209,"1, AUTOROUTE (A1)",14.61454,61.04981,Plein jour,En agglomération,Hors intersection,Normale,Trois véhicules et plus - collisions multiples,,,,,,,,,,,1,2,1,1,5
201500057417,0015-07-05 13:20:00,15,7,5,13,20,972,209,"1, AUTOROUTE (A1)",14.61798,61.03975,Plein jour,Hors agglomération,Hors intersection,Normale,Sans collision,,,,,,,,,,,1,1,1,1,7
201500057418,0015-07-05 21:45:00,15,7,5,21,45,972,209,"2, RN9",,,Nuit avec éclairage allumé,En agglomération,Hors intersection,Normale,Deux véhicules - arrière,,,,,,,,,,,5,2,1,1,2
201500057419,0015-02-06 07:40:00,15,2,6,7,40,972,209,"4, REDOUTE (ROUTE DE LA)",,,Plein jour,En agglomération,Intersection en T,Normale,Deux véhicules - côté,,,,,,,,,,,1,2,3,1,3
201500057420,0015-07-10 12:10:00,15,7,10,12,10,972,209,"3, BOUILLE (RUE)",14.60505,61.06434,Plein jour,En agglomération,Hors intersection,Normale,Autre collision,,,,,,,,,,,1,2,1,1,6
201500057421,0015-07-14 23:30:00,15,7,14,23,30,972,209,"2, MAURICE BISHOP (AVENU",14.61177,61.05365,Nuit sans éclairage public,En agglomération,Hors intersection,Normale,Deux véhicules - frontale,,,,,,,,,,,3,2,1,1,1
201500057422,0015-07-21 19:50:00,15,7,21,19,50,972,209,"2, BALATA (ROUTE DE)",14.62883,61.07226,Nuit avec éclairage allumé,Hors agglomération,Hors intersection,Normale,Autre collision,,,,,,,,,,,5,1,1,1,6
201500057423,0015-07-25 05:50:00,15,7,25,5,50,972,209,"4, SARAH BERKMAN",14.61033,61.04491,Plein jour,En agglomération,Hors intersection,Normale,Sans collision,,,,,,,,,,,1,2,1,1,7
201500057424,0015-08-01 05:55:00,15,8,1,5,55,972,209,"1, AUTOROUTE (A1)",14.61822,61.03425,Plein jour,Hors agglomération,Hors intersection,Normale,Sans collision,,,,,,,,,,,1,1,1,1,7
201500057425,0015-08-07 22:00:00,15,8,7,22,0,972,209,"1, AUTOROUTE (A1)",,,Nuit avec éclairage allumé,Hors agglomération,Hors intersection,Normale,Autre collision,,,,,,,,,,,5,1,1,1,6
201500057426,0015-08-09 09:10:00,15,8,9,9,10,972,209,"2, RN9",,,Plein jour,En agglomération,Giratoire,Normale,Deux véhicules - frontale,,,,,,,,,,,1,2,6,1,1
201500057427,0015-02-08 22:35:00,15,2,8,22,35,972,209,"Comm, ANATOLE FRANCE (RU",,,Nuit avec éclairage allumé,En agglomération,Intersection en X,Normale,Deux véhicules - côté,,,,,,,,,,,5,2,2,1,3
201500057428,0015-08-11 12:05:00,15,8,11,12,5,972,209,"1, AUTOROUTE (A1)",,,Plein jour,Hors agglomération,Hors intersection,Normale,Autre collision,,,,,,,,,,,1,1,1,1,6
201500057429,0015-02-10 16:35:00,15,2,10,16,35,972,209,"3, BALATA (ROUTE DE)",,,Plein jour,Hors agglomération,Hors intersection,Normale,Autre collision,,,,,,,,,,,1,1,1,1,6
201500057430,0015-08-14 16:15:00,15,8,14,16,15,972,209,"2, MAURICE BISHOP (AVENU",,,Plein jour,En agglomération,Intersection en T,Normale,Deux véhicules - côté,,,,,,,,,,,1,2,3,1,3
201500057431,0015-02-11 10:10:00,15,2,11,10,10,972,209,"1, GENERAL DE GAULLE (BL",,,Plein jour,En agglomération,Hors intersection,Normale,Autre collision,,,,,,,,,,,1,2,1,1,6
201500057432,0015-08-17 11:25:00,15,8,17,11,25,972,209,"2, MAURICE BISHOP (AVENU",,,Plein jour,En agglomération,Intersection en T,Normale,Deux véhicules - frontale,,,,,,,,,,,1,2,3,1,1
201500057433,0015-02-11 14:10:00,15,2,11,14,10,972,209,"48, RELIGIEUSES (ROUTE D",,,Plein jour,En agglomération,Hors intersection,Normale,Autre collision,,,,,,,,,,,1,2,1,1,6
201500057434,0015-08-21 19:05:00,15,8,21,19,5,972,209,"4, ESCALADE (RUE DE L')",,,Nuit avec éclairage allumé,En agglomération,Hors intersection,Normale,Autre collision,,,,,,,,,,,5,2,1,1,6
201500057435,0015-02-12 21:55:00,15,2,12,21,55,972,209,"1, MAURICE BISHOP (AVENU",,,Nuit avec éclairage allumé,En agglomération,Hors intersection,Normale,Autre collision,,,,,,,,,,,5,2,1,1,6
201500057436,0015-08-29 20:40:00,15,8,29,20,40,972,209,"3, ABBE LAVIGNE (AVENUE)",,,Nuit avec éclairage allumé,En agglomération,Hors intersection,Normale,Deux véhicules - côté,,,,,,,,,,,5,2,1,1,3
201500057437,0015-09-08 07:10:00,15,9,8,7,10,972,209,"2, BALATA (ROUTE DE)",14.6215,61.07157,Plein jour,Hors agglomération,Hors intersection,Normale,Autre collision,,,,,,,,,,,1,1,1,1,6
201500057438,0015-09-13 17:40:00,15,9,13,17,40,972,209,"4, TIVOLI (ROUTE DE )",14.63583,61.07139,Plein jour,Hors agglomération,Hors intersection,Normale,Autre collision,,,,,,,,,,,1,1,1,1,6
201500057439,0015-02-15 21:12:00,15,2,15,21,12,972,209,"Comm, FERNAND GABOLY (RU",,,Nuit avec éclairage allumé,Hors agglomération,Hors intersection,Normale,Autre collision,,,,,,,,,,,5,1,1,1,6
201500057440,0015-09-13 22:20:00,15,9,13,22,20,972,209,"3, RD 41 (ROCADE)",,,Nuit sans éclairage public,En agglomération,Hors intersection,Temps couvert,Sans collision,,,,,,,,,,,3,2,1,8,7
201500057441,0015-09-15 12:12:00,15,9,15,12,12,972,209,"2, ROBERT ATTULY (BOULEV",14.60359,61.07442,Plein jour,En agglomération,Hors intersection,Normale,Deux véhicules - frontale,,,,,,,,,,,1,2,1,1,1
201500057442,0015-09-16 19:35:00,15,9,16,19,35,972,209,"3, JAMBETTE (ROUTE DE)",14.63091,61.04224,Nuit avec éclairage allumé,En agglomération,Hors intersection,Normale,Autre collision,,,,,,,,,,,5,2,1,1,6
201500057443,0015-09-23 08:42:00,15,9,23,8,42,972,209,MOUTTE (ROUTE DE),14.63096,61.04807,Plein jour,Hors agglomération,Hors intersection,Normale,Autre collision,,,,,,,,,,,1,1,1,1,6
201500057444,0015-09-24 17:50:00,15,9,24,17,50,972,209,"2, GENERAL DE GAULLE (BL",,,Plein jour,En agglomération,Hors intersection,Normale,Deux véhicules - frontale,,,,,,,,,,,1,2,1,1,1
201500057445,0015-02-18 18:50:00,15,2,18,18,50,972,209,"41, RD 41",,,Nuit avec éclairage allumé,En agglomération,Hors intersection,Normale,Sans collision,,,,,,,,,,,5,2,1,1,7
201500057446,0015-09-28 15:20:00,15,9,28,15,20,972,209,"4, ISAMBERT (RUE)",,,Plein jour,En agglomération,Hors intersection,Normale,Autre collision,,,,,,,,,,,1,2,1,1,6
201500057447,0015-02-27 15:15:00,15,2,27,15,15,972,209,"1, MAURICE BISHOP (AVENU",,,Plein jour,En agglomération,Hors intersection,Normale,Autre collision,,,,,,,,,,,1,2,1,1,6
201500057448,0015-10-04 16:50:00,15,10,4,16,50,972,209,"4, GRAND CARAIBE (RUE DU",14.60227,61.07586,Plein jour,En agglomération,Hors intersection,Normale,Autre collision,,,,,,,,,,,1,2,1,1,6
201500057449,0015-10-07 12:15:00,15,10,7,12,15,972,209,"4, RAOUL FOLLEREAU (AVEN",14.61183,61.04526,Plein jour,En agglomération,Intersection en T,Normale,Autre collision,,,,,,,,,,,1,2,3,1,6
201500057450,0015-10-10 13:40:00,15,10,10,13,40,972,209,"4, ALICE OZIER-LAFONTAIN",,,Plein jour,En agglomération,Hors intersection,Normale,Autre collision,,,,,,,,,,,1,2,1,1,6
201500057451,0015-10-10 06:40:00,15,10,10,6,40,972,209,"2, MAURICE BISHOP (AVENU",,,Plein jour,En agglomération,Hors intersection,Normale,Deux véhicules - frontale,,,,,,,,,,,1,2,1,1,1
201500057452,0015-10-13 17:10:00,15,10,13,17,10,972,209,"3, PROFESSEUR RAYMOND GA",,,Plein jour,En agglomération,Intersection en T,Normale,Deux véhicules - côté,,,,,,,,,,,1,2,3,1,3
201500057453,0015-03-08 20:15:00,15,3,8,20,15,972,209,"3, BALATA (ROUTE DE)",,,Nuit avec éclairage allumé,Hors agglomération,Hors intersection,Temps couvert,Deux véhicules - frontale,,,,,,,,,,,5,1,1,8,1
201500057454,0015-10-17 16:30:00,15,10,17,16,30,972,209,"comm, LEOPOLD BISSOL (BO",14.61515,61.07242,Plein jour,En agglomération,Hors intersection,Normale,Autre collision,,,,,,,,,,,1,2,1,1,6
201500057455,0015-03-10 07:05:00,15,3,10,7,5,972,209,"Comm, POINTE SIMON (RUE",,,Plein jour,En agglomération,Hors intersection,Normale,Autre collision,,,,,,,,,,,1,2,1,1,6
201500057456,0015-10-29 07:50:00,15,10,29,7,50,972,209,"3, CHATEAUBOEUF (ROUTE D",14.61644,61.04952,Plein jour,En agglomération,Hors intersection,Normale,Autre collision,,,,,,,,,,,1,2,1,1,6
201500057457,0015-11-04 19:45:00,15,11,4,19,45,972,209,"44, CLUNY (ROUTE DE)",,,Nuit avec éclairage allumé,Hors agglomération,Hors intersection,Normale,Autre collision,,,,,,,,,,,5,1,1,1,6
201500057458,0015-03-11 11:25:00,15,3,11,11,25,972,209,"45, PROFESSEUR RAYMOND G",,,Plein jour,En agglomération,Intersection en T,Normale,Deux véhicules - côté,,,,,,,,,,,1,2,3,1,3
201500057459,0015-11-06 08:40:00,15,11,6,8,40,972,209,"4, REDOUTE (ROUTE DE LA)",14.61784,61.06155,Plein jour,Hors agglomération,Hors intersection,Normale,Deux véhicules - frontale,,,,,,,,,,,1,1,1,1,1
201500057460,0015-03-11 11:40:00,15,3,11,11,40,972,209,"1, GENERAL DE GAULLE (BL",,,Plein jour,En agglomération,Hors intersection,Normale,Autre collision,,,,,,,,,,,1,2,1,1,6
201500057461,0015-11-11 20:40:00,15,11,11,20,40,972,209,"4, JULES MONNEROT (RUE)",14.60893,61.06975,Nuit avec éclairage allumé,En agglomération,Intersection en X,Normale,Deux véhicules - côté,,,,,,,,,,,5,2,2,1,3
201500057462,0015-11-13 08:00:00,15,11,13,8,0,972,209,"3, RD 41 (ROCADE)",,,Plein jour,En agglomération,Hors intersection,Normale,Autre collision,,,,,,,,,,,1,2,1,1,6
201500057463,0015-11-16 09:00:00,15,11,16,9,0,972,209,"4, LIBERTE (RUE DE LA)",,,Plein jour,En agglomération,Hors intersection,Normale,Autre collision,,,,,,,,,,,1,2,1,1,6
201500057464,0015-11-17 21:55:00,15,11,17,21,55,972,209,"4, LOUIS DOMERGUE (AVENU",,,Nuit avec éclairage allumé,En agglomération,Hors intersection,Normale,Deux véhicules - frontale,,,,,,,,,,,5,2,1,1,1
201500057465,0015-11-27 12:20:00,15,11,27,12,20,972,209,"3, RD 41 (ROCADE)",14.60677,61.08724,Plein jour,Hors agglomération,Hors intersection,Normale,Autre collision,,,,,,,,,,,1,1,1,1,6
201500057466,0015-03-19 17:05:00,15,3,19,17,5,972,209,"2, ROBERT ATTULY (BOULEV",,,Plein jour,En agglomération,Hors intersection,Normale,Deux véhicules - frontale,,,,,,,,,,,1,2,1,1,1
201500057467,0015-03-19 18:50:00,15,3,19,18,50,972,209,"13, CHATEAUBOEUF (ROUTE",,,Nuit avec éclairage non allumé,En agglomération,Hors intersection,Normale,Autre collision,,,,,,,,,,,4,2,1,1,6
201500057468,0015-03-20 14:30:00,15,3,20,14,30,972,209,"Comm, MARIE-THERESE GERT",,,Plein jour,En agglomération,Hors intersection,Normale,Autre collision,,,,,,,,,,,1,2,1,1,6
201500057469,0015-03-23 17:10:00,15,3,23,17,10,972,209,"1, GENERAL DE GAULLE (BL",,,Plein jour,En agglomération,Hors intersection,Normale,Autre collision,,,,,,,,,,,1,2,1,1,6
201500057470,0015-03-25 12:15:00,15,3,25,12,15,972,209,"3, BALATA (ROUTE DE)",,,Plein jour,Hors agglomération,Hors intersection,Normale,Deux véhicules - frontale,,,,,,,,,,,1,1,1,1,1
201500057471,0015-01-11 11:32:00,15,1,11,11,32,972,213,AUTOROUTE A1,,,Plein jour,Hors agglomération,Hors intersection,Normale,Deux véhicules - arrière,,,,,,,,,,,1,1,1,1,2
201500057472,0015-11-01 01:06:00,15,11,1,1,6,972,213,ROUTE NATIONALE 1,,,Nuit avec éclairage allumé,Hors agglomération,Hors intersection,Normale,Deux véhicules - frontale,,,,,,,,,,,5,1,1,1,1
201500057473,0015-04-03 22:50:00,15,4,3,22,50,972,213,ROUTE NATIONALE 5,,,Nuit sans éclairage public,Hors agglomération,Hors intersection,Normale,Deux véhicules - arrière,,,,,,,,,,,3,1,1,1,2
201500057474,0015-01-14 14:46:00,15,1,14,14,46,972,213,VIEUX CHEMIN CALIFORNIE,,,Plein jour,Hors agglomération,Hors intersection,Normale,Trois véhicules et plus - en chaîne,,,,,,,,,,,1,1,1,1,4
201500057475,0015-11-07 22:36:00,15,11,7,22,36,972,213,ROUTE DEPARTEMENTALE 3,,,Nuit sans éclairage public,Hors agglomération,Hors intersection,Normale,Deux véhicules - frontale,,,,,,,,,,,3,1,1,1,1
201500057476,0015-04-07 20:35:00,15,4,7,20,35,972,213,AUTOROUTE A1,14.61875,61.02161,Nuit sans éclairage public,Hors agglomération,Hors intersection,Normale,Autre collision,,,,,,,,,,,3,1,1,1,6
201500057477,0015-01-18 18:55:00,15,1,18,18,55,972,213,PELLETIER (ROUTE DE),,,Nuit avec éclairage allumé,Hors agglomération,Hors intersection,Normale,Deux véhicules - frontale,,,,,,,,,,,5,1,1,1,1
201500057478,0015-11-07 15:17:00,15,11,7,15,17,972,213,AUTOROUTE A1,,,Plein jour,Hors agglomération,Hors intersection,Pluie forte,Autre collision,,,,,,,,,,,1,1,1,3,6
201500057479,0015-04-15 23:20:00,15,4,15,23,20,972,213,AUTOROUTE A1,14.61897,61.02174,Nuit sans éclairage public,Hors agglomération,Hors intersection,Normale,Trois véhicules et plus - en chaîne,,,,,,,,,,,3,1,1,1,4
201500057480,0015-01-20 07:06:00,15,1,20,7,6,972,213,PLAISANCE (CHEMIN),,,Plein jour,Hors agglomération,Hors intersection,Normale,Deux véhicules - frontale,,,,,,,,,,,1,1,1,1,1
201500057481,0015-11-18 16:35:00,15,11,18,16,35,972,213,Z I LA LEZARDE,,,Plein jour,Hors agglomération,Hors intersection,Normale,Autre collision,,,,,,,,,,,1,1,1,1,6
201500057482,0015-04-18 23:20:00,15,4,18,23,20,972,213,ROUTE NATIONALE 1,,,Nuit sans éclairage public,Hors agglomération,Hors intersection,Normale,Autre collision,,,,,,,,,,,3,1,1,1,6
201500057483,0015-01-30 14:40:00,15,1,30,14,40,972,213,ROUTE DEPARTEMENTALE 3,,,Plein jour,Hors agglomération,Hors intersection,Normale,Trois véhicules et plus - collisions multiples,,,,,,,,,,,1,1,1,1,5
201500057484,0015-11-19 09:20:00,15,11,19,9,20,972,213,VICTOR LAMON,,,Plein jour,Hors agglomération,Intersection en X,Normale,Deux véhicules - côté,,,,,,,,,,,1,1,2,1,3
201500057485,0015-04-24 21:30:00,15,4,24,21,30,972,213,"15, ERNEST ANDRE (RUE)",,,Nuit avec éclairage allumé,En agglomération,Hors intersection,Normale,Autre collision,,,,,,,,,,,5,2,1,1,6
201500057486,0015-02-01 23:40:00,15,2,1,23,40,972,213,AUTOROUTE A1,,,Nuit avec éclairage allumé,Hors agglomération,Hors intersection,Normale,Trois véhicules et plus - collisions multiples,,,,,,,,,,,5,1,1,1,5
201500057487,0015-04-25 00:20:00,15,4,25,0,20,972,213,ROUTE NATIONALE 5,,,Nuit sans éclairage public,Hors agglomération,Hors intersection,Normale,Trois véhicules et plus - en chaîne,,,,,,,,,,,3,1,1,1,4
201500057488,0015-11-24 17:56:00,15,11,24,17,56,972,213,ROUTE NATIONALE 1,,,Plein jour,Hors agglomération,Hors intersection,Normale,Deux véhicules - côté,,,,,,,,,,,1,1,1,1,3
201500057489,0015-02-08 02:00:00,15,2,8,2,0,972,213,ROUTE DEPARTEMENTALE 14,,,Nuit avec éclairage allumé,Hors agglomération,Hors intersection,Normale,Deux véhicules - frontale,,,,,,,,,,,5,1,1,1,1
201500057490,0015-11-27 19:15:00,15,11,27,19,15,972,213,ROUTE DEPARTEMENTALE 15,,,Nuit sans éclairage public,Hors agglomération,Intersection en T,Normale,Deux véhicules - côté,,,,,,,,,,,3,1,3,1,3
201500057491,0015-04-26 01:30:00,15,4,26,1,30,972,213,ROUTE NATIONALE 5,,,Nuit sans éclairage public,Hors agglomération,Hors intersection,Normale,Deux véhicules - arrière,,,,,,,,,,,3,1,1,1,2
201500057492,0015-02-14 03:51:00,15,2,14,3,51,972,213,AUTOROUTE A1,,,Nuit avec éclairage allumé,Hors agglomération,Hors intersection,Normale,Deux véhicules - arrière,,,,,,,,,,,5,1,1,1,2
201500057493,0015-11-28 12:20:00,15,11,28,12,20,972,213,AUTOROUTE A1,,,Plein jour,Hors agglomération,Hors intersection,Normale,Deux véhicules - arrière,,,,,,,,,,,1,1,1,1,2
201500057494,0015-04-26 17:05:00,15,4,26,17,5,972,213,ROUTE DEPARTEMENTALE 14,14.62106,61.02215,Crépuscule ou aube,En agglomération,Hors intersection,Normale,Deux véhicules - frontale,,,,,,,,,,,2,2,1,1,1
201500057495,0015-12-01 13:55:00,15,12,1,13,55,972,213,"12, ERNEST ANDRE (RUE)",,,Plein jour,En agglomération,Intersection en T,Normale,Deux véhicules - côté,,,,,,,,,,,1,2,3,1,3
201500057496,0015-02-14 08:00:00,15,2,14,8,0,972,213,ROUTE DEPARTEMENTALE 15,,,Plein jour,Hors agglomération,Intersection en T,Normale,Deux véhicules - côté,,,,,,,,,,,1,1,3,1,3
201500057497,0015-04-27 03:50:00,15,4,27,3,50,972,213,"1, PAYS MELES",14.62934,61.00851,Nuit sans éclairage public,Hors agglomération,Hors intersection,Normale,Autre collision,,,,,,,,,,,3,1,1,1,6
201500057498,0015-12-07 08:28:00,15,12,7,8,28,972,213,ROUTE NATIONALE 1,,,Plein jour,Hors agglomération,Hors intersection,Normale,Trois véhicules et plus - en chaîne,,,,,,,,,,,1,1,1,1,4
201500057499,0015-02-15 00:25:00,15,2,15,0,25,972,213,ROUTE DEPARTEMENTALE 3,,,Nuit avec éclairage allumé,Hors agglomération,Hors intersection,Normale,Deux véhicules - frontale,,,,,,,,,,,5,1,1,1,1
201500057500,0015-05-04 13:30:00,15,5,4,13,30,972,213,ROUTE DEPARTEMENTALE 14,,,Plein jour,Hors agglomération,Hors intersection,Normale,Deux véhicules - arrière,,,,,,,,,,,1,1,1,1,2
201500057501,0015-12-11 10:35:00,15,12,11,10,35,972,213,ROUTE DEPARTEMENTALE 3,,,Plein jour,Hors agglomération,Intersection en T,Normale,Deux véhicules - côté,,,,,,,,,,,1,1,3,1,3
201500057502,0015-02-19 12:50:00,15,2,19,12,50,972,213,ROUTE NATIONALE 5,,,Plein jour,Hors agglomération,Hors intersection,Normale,Deux véhicules - arrière,,,,,,,,,,,1,1,1,1,2
201500057503,0015-05-07 10:20:00,15,5,7,10,20,972,213,AUTOROUTE A1,,,Plein jour,Hors agglomération,Hors intersection,Normale,Autre collision,,,,,,,,,,,1,1,1,1,6
201500057504,0015-12-16 15:35:00,15,12,16,15,35,972,213,MORNE PITAULT (ROUTE DE),,,Plein jour,Hors agglomération,Hors intersection,Normale,Deux véhicules - frontale,,,,,,,,,,,1,1,1,1,1
201500057505,0015-02-20 21:17:00,15,2,20,21,17,972,213,ROUTE NATIONALE 1,,,Nuit sans éclairage public,En agglomération,Hors intersection,Normale,Deux véhicules - côté,,,,,,,,,,,3,2,1,1,3
201500057506,0015-05-09 13:17:00,15,5,9,13,17,972,213,ROUTE NATIONALE 1,,,Plein jour,Hors agglomération,Hors intersection,Normale,Deux véhicules - arrière,,,,,,,,,,,1,1,1,1,2
201500057507,0015-12-17 03:25:00,15,12,17,3,25,972,213,AUTOROUTE A1,,,Nuit sans éclairage public,Hors agglomération,Hors intersection,Pluie légère,Autre collision,,,,,,,,,,,3,1,1,2,6
201500057508,0015-02-21 13:05:00,15,2,21,13,5,972,213,ROUTE DEPARTEMENTALE 15,,,Plein jour,Hors agglomération,Hors intersection,Normale,Deux véhicules - frontale,,,,,,,,,,,1,1,1,1,1
201500057509,0015-05-10 22:08:00,15,5,10,22,8,972,213,ROUTE DEPARTEMENTALE 3,,,Nuit sans éclairage public,Hors agglomération,Hors intersection,Normale,Deux véhicules - frontale,,,,,,,,,,,3,1,1,1,1
201500057510,0015-12-17 08:30:00,15,12,17,8,30,972,213,PLAISANCE (CHEMIN),,,Plein jour,Hors agglomération,Hors intersection,Normale,Deux véhicules - arrière,,,,,,,,,,,1,1,1,1,2
201500057511,0015-02-25 13:19:00,15,2,25,13,19,972,213,ROUTE NATIONALE 1,,,Plein jour,Hors agglomération,Hors intersection,Normale,Deux véhicules - côté,,,,,,,,,,,1,1,1,1,3
201500057512,0015-05-13 08:16:00,15,5,13,8,16,972,213,"30, ERNEST MAUGEE (RUE)",,,Plein jour,En agglomération,Intersection en T,Normale,Deux véhicules - côté,,,,,,,,,,,1,2,3,1,3
201500057513,0015-12-20 05:20:00,15,12,20,5,20,972,213,ROUTE DEPARTEMENTALE 3,,,Plein jour,Hors agglomération,Hors intersection,Normale,Autre collision,,,,,,,,,,,1,1,1,1,6
201500057514,0015-03-03 19:40:00,15,3,3,19,40,972,213,ROUTE NATIONALE 5,,,Nuit sans éclairage public,Hors agglomération,Hors intersection,Normale,Deux véhicules - arrière,,,,,,,,,,,3,1,1,1,2
201500057515,0015-05-16 11:30:00,15,5,16,11,30,972,213,PELLETIER (ROUTE DE),,,Plein jour,Hors agglomération,Hors intersection,Normale,Deux véhicules - frontale,,,,,,,,,,,1,1,1,1,1