accident_id,datetime,annee,mois,jour,heure,minute,departement,commune_insee,adresse,latitude,longitude,luminosite,agglomeration,intersection,meteo,collision,nb_vehicules,nb_usagers,nb_indemnes,nb_tues,nb_blesses_hosp,nb_blesses_legers,age_cond_1,age_cond_2,veh_type_cond_1,veh_type_cond_2,lum_code,agg_code,int_code,atm_code,col_code
201500057516,0015-12-22 08:02:00,15,12,22,8,2,972,213,"4, BARRIERES (RUE DES)",,,Plein jour,En agglomération,Hors intersection,Normale,Autre collision,,,,,,,,,,,1,2,1,1,6
201500057517,0015-03-10 13:55:00,15,3,10,13,55,972,213,Z I CALIFORNIE,,,Plein jour,Hors agglomération,Hors intersection,Normale,Deux véhicules - arrière,,,,,,,,,,,1,1,1,1,2
201500057518,0015-05-19 22:15:00,15,5,19,22,15,972,213,ROUTE DEPARTEMENTALE 3,,,Nuit sans éclairage public,Hors agglomération,Hors intersection,Normale,Deux véhicules - frontale,,,,,,,,,,,3,1,1,1,1
201500057519,0015-12-22 21:27:00,15,12,22,21,27,972,213,ROUTE NATIONALE 1,,,Nuit avec éclairage allumé,Hors agglomération,Hors intersection,Normale,Autre collision,,,,,,,,,,,5,1,1,1,6
201500057520,0015-03-10 17:30:00,15,3,10,17,30,972,213,AUTOROUTE A1,,,Crépuscule ou aube,Hors agglomération,Hors intersection,Normale,Deux véhicules - arrière,,,,,,,,,,,2,1,1,1,2
201500057521,0015-05-22 20:45:00,15,5,22,20,45,972,213,ROUTE DEPARTEMENTALE 3,,,Nuit sans éclairage public,Hors agglomération,Hors intersection,Normale,Autre collision,,,,,,,,,,,3,1,1,1,6
201500057522,0015-12-25 12:10:00,15,12,25,12,10,972,213,AUTOROUTE A1,,,Plein jour,Hors agglomération,Hors intersection,Normale,Deux véhicules - arrière,,,,,,,,,,,1,1,1,1,2
201500057523,0015-05-24 03:20:00,15,5,24,3,20,972,213,AUTOROUTE A1,,,Nuit sans éclairage public,Hors agglomération,Hors intersection,Normale,Autre collision,,,,,,,,,,,3,1,1,1,6
201500057524,0015-12-30 20:30:00,15,12,30,20,30,972,213,LA MAUGEE (CHEMIN),,,Nuit sans éclairage public,Hors agglomération,Hors intersection,Normale,Autre collision,,,,,,,,,,,3,1,1,1,6
201500057525,0015-03-18 13:00:00,15,3,18,13,0,972,213,AMEDEE DESPOINTES (BOULE,,,Plein jour,En agglomération,Hors intersection,Normale,Autre collision,,,,,,,,,,,1,2,1,1,6
201500057526,0015-05-26 16:57:00,15,5,26,16,57,972,213,ROUTE DEPARTEMENTALE 15,,,Plein jour,Hors agglomération,Hors intersection,Normale,Autre collision,,,,,,,,,,,1,1,1,1,6
201500057527,0015-12-31 23:00:00,15,12,31,23,0,972,213,ROUTE NATIONALE 1,,,Nuit sans éclairage public,Hors agglomération,Hors intersection,Normale,Deux véhicules - arrière,,,,,,,,,,,3,1,1,1,2
201500057528,0015-03-20 13:35:00,15,3,20,13,35,972,213,MAHAULT,,,Plein jour,Hors agglomération,Hors intersection,Normale,Autre collision,,,,,,,,,,,1,1,1,1,6
201500057529,0015-05-30 09:15:00,15,5,30,9,15,972,213,ROUTE DEPARTEMENTALE 3,,,Plein jour,Hors agglomération,Intersection en T,Normale,Deux véhicules - côté,,,,,,,,,,,1,1,3,1,3
201500057530,0015-03-30 23:15:00,15,3,30,23,15,972,213,AUTOROUTE A1,,,Nuit avec éclairage non allumé,Hors agglomération,Hors intersection,Normale,Deux véhicules - arrière,,,,,,,,,,,4,1,1,1,2
201500057531,0015-06-02 23:30:00,15,6,2,23,30,972,213,AUTOROUTE A1,,,Nuit sans éclairage public,Hors agglomération,Hors intersection,Normale,Trois véhicules et plus - collisions multiples,,,,,,,,,,,3,1,1,1,5
201500057532,0015-03-30 22:45:00,15,3,30,22,45,972,213,AUTOROUTE A1,,,Nuit avec éclairage non allumé,Hors agglomération,Hors intersection,Normale,Deux véhicules - arrière,,,,,,,,,,,4,1,1,1,2
201500057533,0015-06-05 21:15:00,15,6,5,21,15,972,213,ROUTE NATIONALE 5,,,Nuit sans éclairage public,Hors agglomération,Hors intersection,Normale,Autre collision,,,,,,,,,,,3,1,1,1,6
201500057534,0015-06-06 05:45:00,15,6,6,5,45,972,213,AUTOROUTE A1,,,Crépuscule ou aube,Hors agglomération,Hors intersection,Normale,Deux véhicules - arrière,,,,,,,,,,,2,1,1,1,2
201500057535,0015-06-10 13:50:00,15,6,10,13,50,972,213,"60, LEOPOLD BISSOL (RUE)",,,Plein jour,En agglomération,Hors intersection,Normale,Deux véhicules - arrière,,,,,,,,,,,1,2,1,1,2
201500057536,0015-06-11 14:02:00,15,6,11,14,2,972,213,ROUTE DEPARTEMENTALE 3,,,Plein jour,Hors agglomération,Hors intersection,Normale,Deux véhicules - frontale,,,,,,,,,,,1,1,1,1,1
201500057537,0015-06-11 17:55:00,15,6,11,17,55,972,213,AUTOROUTE A1,,,Crépuscule ou aube,Hors agglomération,Hors intersection,Normale,Autre collision,,,,,,,,,,,2,1,1,1,6
201500057538,0015-06-13 19:50:00,15,6,13,19,50,972,213,ROUTE DEPARTEMENTALE 3,,,Nuit sans éclairage public,Hors agglomération,Hors intersection,Normale,Autre collision,,,,,,,,,,,3,1,1,1,6
201500057539,0015-06-15 08:55:00,15,6,15,8,55,972,213,"12, SCHOELCHER (RUE)",,,Plein jour,En agglomération,Hors intersection,Normale,Autre collision,,,,,,,,,,,1,2,1,1,6
201500057540,0015-06-16 20:35:00,15,6,16,20,35,972,213,SCHOELCHER (RUE),,,Nuit avec éclairage allumé,En agglomération,Hors intersection,Normale,Deux véhicules - côté,,,,,,,,,,,5,2,1,1,3
201500057541,0015-06-21 21:10:00,15,6,21,21,10,972,213,ROUTE NATIONALE 6,,,Nuit sans éclairage public,Hors agglomération,Hors intersection,Normale,Deux véhicules - frontale,,,,,,,,,,,3,1,1,1,1
201500057542,0015-06-26 19:30:00,15,6,26,19,30,972,213,AUTOROUTE A1,,,Nuit sans éclairage public,Hors agglomération,Hors intersection,Normale,Deux véhicules - arrière,,,,,,,,,,,3,1,1,1,2
201500057543,0015-06-28 02:50:00,15,6,28,2,50,972,213,AUTOROUTE A1,,,Nuit sans éclairage public,Hors agglomération,Hors intersection,Autre,Autre collision,,,,,,,,,,,3,1,1,9,6
201500057544,0015-07-03 08:30:00,15,7,3,8,30,972,213,Z I LES MANGLES,,,Plein jour,Hors agglomération,Hors intersection,Normale,Deux véhicules - arrière,,,,,,,,,,,1,1,1,1,2
201500057545,0015-07-03 16:00:00,15,7,3,16,0,972,213,TROU AU CHAT (RUE DU),,,Plein jour,En agglomération,Hors intersection,Normale,Deux véhicules - arrière,,,,,,,,,,,1,2,1,1,2
201500057546,0015-07-04 20:10:00,15,7,4,20,10,972,213,ROUTE DEPARTEMENTALE 14,,,Nuit avec éclairage allumé,Hors agglomération,Hors intersection,Normale,Deux véhicules - côté,,,,,,,,,,,5,1,1,1,3
201500057547,0015-07-15 02:35:00,15,7,15,2,35,972,213,ROUTE NATIONALE 5,,,Nuit sans éclairage public,Hors agglomération,Hors intersection,Pluie légère,Autre collision,,,,,,,,,,,3,1,1,2,6
201500057548,0015-07-15 15:50:00,15,7,15,15,50,972,213,"10, VIEUX PONT (CHEMIN D",,,Plein jour,En agglomération,Hors intersection,Normale,Autre collision,,,,,,,,,,,1,2,1,1,6
201500057549,0015-07-19 01:58:00,15,7,19,1,58,972,213,ROUTE DEPARTEMENTALE 15,,,Nuit sans éclairage public,Hors agglomération,Hors intersection,Normale,Deux véhicules - côté,,,,,,,,,,,3,1,1,1,3
201500057550,0015-07-22 16:53:00,15,7,22,16,53,972,213,ROUTE DEPARTEMENTALE 15,,,Plein jour,Hors agglomération,Hors intersection,Normale,Deux véhicules - frontale,,,,,,,,,,,1,1,1,1,1
201500057551,0015-07-23 20:03:00,15,7,23,20,3,972,213,ROUTE DEPARTEMENTALE 13,,,Nuit sans éclairage public,Hors agglomération,Hors intersection,Normale,Deux véhicules - frontale,,,,,,,,,,,3,1,1,1,1
201500057552,0015-07-27 17:30:00,15,7,27,17,30,972,213,"26, ALBERT CAMUS (RUE)",,,Plein jour,En agglomération,Hors intersection,Normale,Autre collision,,,,,,,,,,,1,2,1,1,6
201500057553,0015-06-18 17:50:00,15,6,18,17,50,972,213,ROUTE NATIONALE 1,,,Crépuscule ou aube,Hors agglomération,Hors intersection,Normale,Deux véhicules - arrière,,,,,,,,,,,2,1,1,1,2
201500057554,0015-07-08 00:37:00,15,7,8,0,37,972,213,Z I CALIFORNIE,,,Nuit avec éclairage allumé,Hors agglomération,Hors intersection,Normale,Autre collision,,,,,,,,,,,5,1,1,1,6
201500057555,0015-08-05 06:23:00,15,8,5,6,23,972,213,ROUTE DEPARTEMENTALE 14,,,Crépuscule ou aube,Hors agglomération,Hors intersection,Pluie légère,Deux véhicules - frontale,,,,,,,,,,,2,1,1,2,1
201500057556,0015-08-05 19:30:00,15,8,5,19,30,972,213,"1, 24 MARS 1961 (RUE DU)",,,Nuit avec éclairage allumé,En agglomération,Hors intersection,Normale,Sans collision,,,,,,,,,,,5,2,1,1,7
201500057557,0015-08-15 21:25:00,15,8,15,21,25,972,213,ROUTE DEPARTEMENTALE 3,,,Nuit avec éclairage non allumé,Hors agglomération,Hors intersection,Normale,Trois véhicules et plus - collisions multiples,,,,,,,,,,,4,1,1,1,5
201500057558,0015-08-12 13:38:00,15,8,12,13,38,972,213,Z I LES MANGLES,,,Plein jour,Hors agglomération,Hors intersection,Normale,Deux véhicules - côté,,,,,,,,,,,1,1,1,1,3
201500057559,0015-08-23 19:40:00,15,8,23,19,40,972,213,AUTOROUTE A1,,,Nuit avec éclairage allumé,Hors agglomération,Hors intersection,Normale,Deux véhicules - côté,,,,,,,,,,,5,1,1,1,3
201500057560,0015-08-29 06:15:00,15,8,29,6,15,972,213,AUTOROUTE A1,,,Plein jour,Hors agglomération,Hors intersection,Normale,Autre collision,,,,,,,,,,,1,1,1,1,6
201500057561,0015-08-30 23:52:00,15,8,30,23,52,972,213,AUTOROUTE A1,,,Nuit avec éclairage allumé,Hors agglomération,Hors intersection,Normale,Autre collision,,,,,,,,,,,5,1,1,1,6
201500057562,0015-09-06 04:19:00,15,9,6,4,19,972,213,PLACE D'ARMES,,,Nuit sans éclairage public,Hors agglomération,Hors intersection,Normale,Autre collision,,,,,,,,,,,3,1,1,1,6
201500057563,0015-09-06 18:23:00,15,9,6,18,23,972,213,AUTOROUTE A1,,,Crépuscule ou aube,Hors agglomération,Hors intersection,Normale,Deux véhicules - côté,,,,,,,,,,,2,1,1,1,3
201500057564,0015-09-18 13:15:00,15,9,18,13,15,972,213,AUTOROUTE A1,,,Plein jour,Hors agglomération,Hors intersection,Normale,Trois véhicules et plus - en chaîne,,,,,,,,,,,1,1,1,1,4
201500057565,0015-09-30 13:15:00,15,9,30,13,15,972,213,ROUTE DEPARTEMENTALE 14,,,Plein jour,Hors agglomération,Hors intersection,Normale,Deux véhicules - arrière,,,,,,,,,,,1,1,1,1,2
201500057566,0015-09-30 21:20:00,15,9,30,21,20,972,213,ROUTE NATIONALE 1,,,Nuit sans éclairage public,Hors agglomération,Hors intersection,Normale,Deux véhicules - arrière,,,,,,,,,,,3,1,1,1,2
201500057567,0015-10-02 21:20:00,15,10,2,21,20,972,213,ROUTE NATIONALE 6,,,Plein jour,Hors agglomération,Hors intersection,Normale,Deux véhicules - frontale,,,,,,,,,,,1,1,1,1,1
201500057568,0015-10-03 06:45:00,15,10,3,6,45,972,213,ZONE DE FRET,,,Plein jour,Hors agglomération,Hors intersection,Normale,Autre collision,,,,,,,,,,,1,1,1,1,6
201500057569,0015-10-03 09:45:00,15,10,3,9,45,972,213,LA MAUGEE (CHEMIN),,,Plein jour,Hors agglomération,Intersection en T,Normale,Deux véhicules - côté,,,,,,,,,,,1,1,3,1,3
201500057570,0015-10-03 21:18:00,15,10,3,21,18,972,213,AUTOROUTE A1,,,Nuit avec éclairage non allumé,Hors agglomération,Hors intersection,Normale,Trois véhicules et plus - en chaîne,,,,,,,,,,,4,1,1,1,4
201500057571,0015-10-06 18:50:00,15,10,6,18,50,972,213,AUTOROUTE A1,,,Nuit avec éclairage non allumé,Hors agglomération,Hors intersection,Normale,Trois véhicules et plus - en chaîne,,,,,,,,,,,4,1,1,1,4
201500057572,0015-10-08 11:10:00,15,10,8,11,10,972,213,"7, Z I LA JAMBETTE",,,Plein jour,Hors agglomération,Hors intersection,Normale,Deux véhicules - côté,,,,,,,,,,,1,1,1,1,3
201500057573,0015-10-09 13:45:00,15,10,9,13,45,972,213,MORNE PITAULT (ROUTE DE),,,Plein jour,Hors agglomération,Hors intersection,Normale,Autre collision,,,,,,,,,,,1,1,1,1,6
201500057574,0015-10-15 11:31:00,15,10,15,11,31,972,213,"70, BASSE GONDEAU (CHEMI",,,Plein jour,Hors agglomération,Hors intersection,Normale,Deux véhicules - frontale,,,,,,,,,,,1,1,1,1,1
201500057575,0015-10-19 01:07:00,15,10,19,1,7,972,213,AUTOROUTE A1,,,Nuit sans éclairage public,Hors agglomération,Hors intersection,Normale,Autre collision,,,,,,,,,,,3,1,1,1,6
201500057576,0015-10-20 18:10:00,15,10,20,18,10,972,213,ROUTE NATIONALE 1,,,Crépuscule ou aube,Hors agglomération,Hors intersection,Normale,Deux véhicules - côté,,,,,,,,,,,2,1,1,1,3
201500057577,0015-10-22 10:32:00,15,10,22,10,32,972,213,ROUTE DEPARTEMENTALE 3,,,Plein jour,Hors agglomération,Hors intersection,Normale,Autre collision,,,,,,,,,,,1,1,1,1,6
201500057578,0015-10-28 13:50:00,15,10,28,13,50,972,213,AUTOROUTE A1,,,Plein jour,Hors agglomération,Hors intersection,Normale,Deux véhicules - arrière,,,,,,,,,,,1,1,1,1,2
201500057579,0015-10-29 17:30:00,15,10,29,17,30,972,213,"4, NELSON MANDELA",,,Plein jour,En agglomération,Hors intersection,Normale,Deux véhicules - frontale,,,,,,,,,,,1,2,1,1,1
201500057580,0015-04-01 16:00:00,15,4,1,16,0,973,302,"1850, MADELEINE (ROUTE D",,,Plein jour,En agglomération,Hors intersection,Normale,Deux véhicules - côté,,,,,,,,,,,1,2,1,1,3
201500057581,0015-04-01 18:53:00,15,4,1,18,53,973,302,"0.5, MADELEINE (ROUTE DE",,,Nuit avec éclairage allumé,En agglomération,Hors intersection,Normale,Autre collision,,,,,,,,,,,5,2,1,1,6
201500057582,0015-04-02 14:30:00,15,4,2,14,30,973,302,BADUEL (ROUTE DE),4.55435,52.17553,Plein jour,Hors agglomération,Hors intersection,Normale,Deux véhicules - côté,,,,,,,,,,,1,1,1,1,3
201500057583,0015-04-03 09:04:00,15,4,3,9,4,973,302,"212, MADELEINE (ROUTE DE",,,Plein jour,En agglomération,Intersection en T,Normale,Autre collision,,,,,,,,,,,1,2,3,1,6
201500057584,0015-04-02 19:08:00,15,4,2,19,8,973,302,"51, POLYCARPE (VERMONT)",4.6302,52.19089,Nuit avec éclairage allumé,En agglomération,Hors intersection,Normale,Deux véhicules - côté,,,,,,,,,,,5,2,1,1,3
201500057585,0015-04-04 19:09:00,15,4,4,19,9,973,302,FELIX EBOUE(ROCADE),,,Nuit avec éclairage allumé,Hors agglomération,Hors intersection,Normale,Autre collision,,,,,,,,,,,5,1,1,1,6
201500057586,0015-04-05 19:20:00,15,4,5,19,20,973,302,"47, FELIX EBOUE(ROCADE)",,,Nuit avec éclairage allumé,En agglomération,Hors intersection,Normale,Autre collision,,,,,,,,,,,5,2,1,1,6
201500057587,0015-04-06 21:20:00,15,4,6,21,20,973,302,"240, MADELEINE (ROUTE DE",,,Nuit avec éclairage allumé,En agglomération,Hors intersection,Normale,Deux véhicules - frontale,,,,,,,,,,,5,2,1,1,1
201500057588,0015-04-08 08:10:00,15,4,8,8,10,973,302,"3940, MONTABO (ROUTE DE)",,,Plein jour,Hors agglomération,Hors intersection,Pluie légère,Deux véhicules - côté,,,,,,,,,,,1,1,1,2,3
201500057589,0015-04-08 15:50:00,15,4,8,15,50,973,302,MADELEINE (ROUTE DE LA),4.0,51.99999,Plein jour,Hors agglomération,Hors intersection,Normale,Deux véhicules - arrière,,,,,,,,,,,1,1,1,1,2
201500057590,0015-04-07 06:23:00,15,4,7,6,23,973,302,"1214, MADELEINE (ROUTE D",4.55193,52.19139,Plein jour,Hors agglomération,Hors intersection,Normale,Autre collision,,,,,,,,,,,1,1,1,1,6
201500057591,0015-04-10 17:12:00,15,4,10,17,12,973,302,"859, ZEPHIR (ROCADE)",,,Plein jour,Hors agglomération,Hors intersection,Normale,Deux véhicules - arrière,,,,,,,,,,,1,1,1,1,2
201500057592,0015-04-10 18:59:00,15,4,10,18,59,973,302,"1, CATAYEE (JUSTIN)",,,Nuit avec éclairage allumé,Hors agglomération,Hors intersection,Normale,Deux véhicules - frontale,,,,,,,,,,,5,1,1,1,1
201500057593,0015-04-11 18:30:00,15,4,11,18,30,973,302,"26, BRASSE (LIEUTENANT)",,,Crépuscule ou aube,En agglomération,Hors intersection,Normale,Autre collision,,,,,,,,,,,2,2,1,1,6
201500057594,0015-04-15 11:02:00,15,4,15,11,2,973,302,"1, MADELEINE (ROUTE DE L",,,Plein jour,Hors agglomération,Hors intersection,Normale,Deux véhicules - côté,,,,,,,,,,,1,1,1,1,3
201500057595,0015-04-16 09:11:00,15,4,16,9,11,973,302,"1436, BADUEL (ROUTE DE)",,,Plein jour,En agglomération,Hors intersection,Pluie légère,Deux véhicules - côté,,,,,,,,,,,1,2,1,2,3
201500057596,0015-04-19 10:05:00,15,4,19,10,5,973,302,"2570, BADUEL (ROUTE DE)",,,Plein jour,Hors agglomération,Hors intersection,Normale,Deux véhicules - côté,,,,,,,,,,,1,1,1,1,3
201500057597,0015-04-21 10:57:00,15,4,21,10,57,973,302,ROUTE NATIONALE 1,,,Plein jour,En agglomération,Hors intersection,Pluie légère,Autre collision,,,,,,,,,,,1,2,1,2,6
201500057598,0015-04-22 08:20:00,15,4,22,8,20,973,302,"26, GALMOT (AVENUE)",,,Plein jour,En agglomération,Hors intersection,Normale,Deux véhicules - arrière,,,,,,,,,,,1,2,1,1,2
201500057599,0015-04-22 16:40:00,15,4,22,16,40,973,302,"2911, MONTABO (ROUTE DE)",,,Plein jour,Hors agglomération,Hors intersection,Pluie légère,Deux véhicules - arrière,,,,,,,,,,,1,1,1,2,2
201500057600,0015-04-22 12:40:00,15,4,22,12,40,973,302,"80, MONTABO (ROUTE DE) 1",,,Plein jour,En agglomération,Hors intersection,Normale,Deux véhicules - côté,,,,,,,,,,,1,2,1,1,3
201500057601,0015-04-24 13:55:00,15,4,24,13,55,973,302,MANDELA  (BOULEVARD),,,Plein jour,En agglomération,Hors intersection,Normale,Autre collision,,,,,,,,,,,1,2,1,1,6
201500057602,0015-04-26 14:55:00,15,4,26,14,55,973,302,COLOMB (CHRISTOPHE),,,Plein jour,En agglomération,Intersection en X,Normale,Deux véhicules - côté,,,,,,,,,,,1,2,2,1,3
201500057603,0015-04-27 07:53:00,15,4,27,7,53,973,302,CRIQUE FOUILLEE (ROND PO,,,Plein jour,Hors agglomération,Hors intersection,Normale,Deux véhicules - frontale,,,,,,,,,,,1,1,1,1,1
201500057604,0015-04-27 17:50:00,15,4,27,17,50,973,302,"2480, MADELEINE (ROUTE D",,,Plein jour,Hors agglomération,Hors intersection,Normale,Deux véhicules - côté,,,,,,,,,,,1,1,1,1,3
201500057605,0015-04-29 20:00:00,15,4,29,20,0,973,302,"42, MANDELA  (BOULEVARD)",,,Plein jour,En agglomération,Hors intersection,Normale,Deux véhicules - arrière,,,,,,,,,,,1,2,1,1,2
201500057606,0015-04-30 15:35:00,15,4,30,15,35,973,302,BADUEL (ROUTE DE),,,Plein jour,En agglomération,Hors intersection,Normale,Deux véhicules - côté,,,,,,,,,,,1,2,1,1,3
201500057607,0015-12-30 12:15:00,15,12,30,12,15,973,302,"801, BADUEL (ROUTE DE)",,,Plein jour,En agglomération,Hors intersection,Normale,Deux véhicules - arrière,,,,,,,,,,,1,2,1,1,2
201500057608,0015-04-30 17:30:00,15,4,30,17,30,973,302,"1453, BADUEL (ROUTE DE)",,,Plein jour,Hors agglomération,Hors intersection,Normale,Deux véhicules - côté,,,,,,,,,,,1,1,1,1,3
201500057609,0015-04-30 09:00:00,15,4,30,9,0,973,302,"25, FELIX EBOUE (Rue)",,,Plein jour,En agglomération,Hors intersection,Normale,Autre collision,,,,,,,,,,,1,2,1,1,6
201500057610,0015-04-30 12:55:00,15,4,30,12,55,973,302,"1203, RABAN (ROUTE DE)",,,Plein jour,En agglomération,Hors intersection,Normale,Deux véhicules - côté,,,,,,,,,,,1,2,1,1,3
201500057611,0015-05-03 08:20:00,15,5,3,8,20,973,302,"3176, BADUEL (ROUTE DE)",4.92835,52.29338,Plein jour,Hors agglomération,Hors intersection,Normale,Deux véhicules - côté,,,,,,,,,,,1,1,1,1,3
201500057612,0015-05-03 19:30:00,15,5,3,19,30,973,302,CRIQUE FOUILLEE (ROND PO,4.89687,52.32872,Nuit avec éclairage allumé,Hors agglomération,Hors intersection,Normale,Autre collision,,,,,,,,,,,5,1,1,1,6
201500057613,0015-05-04 09:40:00,15,5,4,9,40,973,302,"13, PREVOT (ERNEST)",4.93381,52.33311,Plein jour,En agglomération,Intersection en X,Normale,Deux véhicules - côté,,,,,,,,,,,1,2,2,1,3
201500057614,0015-05-06 11:55:00,15,5,6,11,55,973,302,MARINGOUINS (ROND-POINT),4.90659,52.31524,Plein jour,Hors agglomération,Hors intersection,Normale,Deux véhicules - frontale,,,,,,,,,,,1,1,1,1,1
201500057615,0015-05-06 16:35:00,15,5,6,16,35,973,302,MARINGOUINS (ROND-POINT),4.90739,52.32242,Plein jour,Hors agglomération,Giratoire,Normale,Autre collision,,,,,,,,,,,1,1,6,1,6
201500057616,0015-05-06 18:50:00,15,5,6,18,50,973,302,CABASSOU (ROUTE DE),4.91718,52.31241,Nuit avec éclairage allumé,Hors agglomération,Hors intersection,Normale,Deux véhicules - arrière,,,,,,,,,,,5,1,1,1,2
201500057617,0015-05-07 10:54:00,15,5,7,10,54,973,302,"1332, MONTABO (ROUTE DE)",4.9426,52.30569,Plein jour,Hors agglomération,Hors intersection,Normale,Deux véhicules - arrière,,,,,,,,,,,1,1,1,1,2
201500057618,0015-05-06 21:00:00,15,5,6,21,0,973,302,"2059, MADELEINE (ROUTE D",4.91504,52.32112,Nuit avec éclairage allumé,En agglomération,Hors intersection,Normale,Trois véhicules et plus - collisions multiples,,,,,,,,,,,5,2,1,1,5
201500057619,0015-05-08 20:25:00,15,5,8,20,25,973,302,"182, MADELEINE (ROUTE DE",4.91503,52.32113,Crépuscule ou aube,En agglomération,Hors intersection,Normale,Deux véhicules - côté,,,,,,,,,,,2,2,1,1,3
201500057620,0015-05-04 17:48:00,15,5,4,17,48,973,302,MANGO (ROUTE),4.92997,52.31568,Plein jour,Hors agglomération,Intersection en X,Normale,Deux véhicules - côté,,,,,,,,,,,1,1,2,1,3
201500057621,0015-05-03 00:25:00,15,5,3,0,25,973,302,PREVOT (ERNEST),4.93449,52.33326,Nuit avec éclairage allumé,Hors agglomération,Intersection en T,Normale,Deux véhicules - côté,,,,,,,,,,,5,1,3,1,3
201500057622,0015-05-12 10:50:00,15,5,12,10,50,973,302,ROUTE NATIONALE 1,4.9349,52.33219,Plein jour,En agglomération,Hors intersection,Pluie légère,Autre collision,,,,,,,,,,,1,2,1,2,6
201500057623,0015-05-13 18:00:00,15,5,13,18,0,973,302,"0.5, MORTIN (CITE)",4.91513,52.32658,Plein jour,En agglomération,Hors intersection,Normale,Deux véhicules - côté,,,,,,,,,,,1,2,1,1,3
201500057624,0015-05-16 11:25:00,15,5,16,11,25,973,302,"5, AMUSANT (PAUL)",,,Plein jour,En agglomération,Hors intersection,Pluie légère,Deux véhicules - côté,,,,,,,,,,,1,2,1,2,3
201500057625,0015-05-16 03:45:00,15,5,16,3,45,973,302,MOLE,4.93872,52.33218,Nuit avec éclairage allumé,En agglomération,Intersection en T,Normale,Deux véhicules - côté,,,,,,,,,,,5,2,3,1,3
201500057626,0015-05-17 20:15:00,15,5,17,20,15,973,302,"50, FLAMBOYANTS (RUE DES",4.9232,52.32089,Crépuscule ou aube,Hors agglomération,Hors intersection,Normale,Deux véhicules - côté,,,,,,,,,,,2,1,1,1,3
201500057627,0015-05-18 19:15:00,15,5,18,19,15,973,302,MARINGOUINS (ROND-POINT),4.90659,52.31524,Nuit avec éclairage allumé,En agglomération,Hors intersection,Normale,Deux véhicules - arrière,,,,,,,,,,,5,2,1,1,2
201500057628,0015-05-19 08:27:00,15,5,19,8,27,973,302,"978, TROUBIRAN (CHEMIN D",4.92208,52.30401,Plein jour,Hors agglomération,Hors intersection,Normale,Deux véhicules - arrière,,,,,,,,,,,1,1,1,1,2
201500057629,0015-05-20 10:10:00,15,5,20,10,10,973,302,SUZINI (CARREFOUR),4.92709,52.29001,Plein jour,En agglomération,Giratoire,Pluie légère,Deux véhicules - arrière,,,,,,,,,,,1,2,6,2,2
201500057630,0015-05-21 08:10:00,15,5,21,8,10,973,302,"34, DE GAULLE (AVENUE)",4.93938,52.32949,Plein jour,En agglomération,Hors intersection,Pluie légère,Autre collision,,,,,,,,,,,1,2,1,2,6
201500057631,0015-05-21 18:06:00,15,5,21,18,6,973,302,"06, GIPPET (DOCTEUR)",4.94118,52.29663,Crépuscule ou aube,En agglomération,Hors intersection,Normale,Deux véhicules - côté,,,,,,,,,,,2,2,1,1,3
201500057632,0015-05-22 14:49:00,15,5,22,14,49,973,302,SUZINI (CARREFOUR),4.92707,52.28995,Plein jour,En agglomération,Autre intersection,Normale,Deux véhicules - côté,,,,,,,,,,,1,2,9,1,3
201500057633,0015-05-22 22:45:00,15,5,22,22,45,973,302,"2925, MONTABO (ROUTE DE)",4.9343,52.29126,Nuit avec éclairage allumé,En agglomération,Intersection en T,Normale,Deux véhicules - côté,,,,,,,,,,,5,2,3,1,3
201500057634,0015-05-22 23:30:00,15,5,22,23,30,973,302,"969, MONTABO (ROUTE DE)",4.94507,52.31296,Nuit avec éclairage allumé,En agglomération,Hors intersection,Normale,Deux véhicules - côté,,,,,,,,,,,5,2,1,1,3
201500057635,0015-05-23 06:10:00,15,5,23,6,10,973,302,"2066, TIGRE (ROUTE DU)",4.92041,52.32078,Crépuscule ou aube,En agglomération,Hors intersection,Normale,Deux véhicules - frontale,,,,,,,,,,,2,2,1,1,1
201500057636,0015-05-24 22:43:00,15,5,24,22,43,973,302,MENTEL,,,Nuit avec éclairage allumé,En agglomération,Hors intersection,Pluie légère,Autre collision,,,,,,,,,,,5,2,1,2,6
201500057637,0015-05-25 09:15:00,15,5,25,9,15,973,302,TROUBIRAN (CHEMIN DE),4.92208,52.30382,Plein jour,Hors agglomération,Hors intersection,Normale,Autre collision,,,,,,,,,,,1,1,1,1,6
201500057638,0015-05-25 21:03:00,15,5,25,21,3,973,302,CONSTANT CHLORE(RUE),4.93481,52.32149,Nuit avec éclairage allumé,En agglomération,Hors intersection,Pluie légère,Deux véhicules - côté,,,,,,,,,,,5,2,1,2,3
201500057639,0015-05-25 12:40:00,15,5,25,12,40,973,302,"2660, BADUEL (ROUTE DE)",4.9268,52.29599,Plein jour,Hors agglomération,Hors intersection,Normale,Autre collision,,,,,,,,,,,1,1,1,1,6
201500057640,0015-01-24 11:00:00,15,1,24,11,0,973,302,"21, MONNERVILLE (AVENUE",,,Plein jour,En agglomération,Hors intersection,Normale,Deux véhicules - côté,,,,,,,,,,,1,2,1,1,3
201500057641,0015-04-01 08:07:00,15,4,1,8,7,973,302,"212, MADELEINE (ROUTE DE",,,Plein jour,En agglomération,Hors intersection,Normale,Autre collision,,,,,,,,,,,1,2,1,1,6
201500057642,0015-05-28 08:45:00,15,5,28,8,45,973,302,"2, COLLERY (ZONE INDUSTR",4.90783,52.32385,Plein jour,Hors agglomération,Hors intersection,Normale,Autre collision,,,,,,,,,,,1,1,1,1,6
201500057643,0015-05-28 20:51:00,15,5,28,20,51,973,302,"1, MONTABO (ROUTE DE) 4",4.94508,52.31303,Nuit avec éclairage allumé,Hors agglomération,Intersection en T,Pluie légère,Deux véhicules - côté,,,,,,,,,,,5,1,3,2,3