accident_id,datetime,annee,mois,jour,heure,minute,departement,commune_insee,adresse,latitude,longitude,luminosite,agglomeration,intersection,meteo,collision,nb_vehicules,nb_usagers,nb_indemnes,nb_tues,nb_blesses_hosp,nb_blesses_legers,age_cond_1,age_cond_2,veh_type_cond_1,veh_type_cond_2,lum_code,agg_code,int_code,atm_code,col_code
201500057644,0015-05-30 20:35:00,15,5,30,20,35,973,302,"2710, MONTABO (ROUTE DE)",4.9426,52.30574,Nuit avec éclairage allumé,En agglomération,Hors intersection,Pluie légère,Deux véhicules - côté,,,,,,,,,,,5,2,1,2,3
201500057645,0015-05-27 20:50:00,15,5,27,20,50,973,302,"13, PREVOT (ERNEST)",4.93377,52.33308,Nuit avec éclairage allumé,Hors agglomération,Hors intersection,Normale,Deux véhicules - côté,,,,,,,,,,,5,1,1,1,3
201500057646,0015-05-31 08:55:00,15,5,31,8,55,973,302,BADUEL (ROND POINT DE),4.92724,52.29019,Plein jour,Hors agglomération,Hors intersection,Pluie légère,Deux véhicules - frontale,,,,,,,,,,,1,1,1,2,1
201500057647,0015-05-31 10:30:00,15,5,31,10,30,973,302,"2548, CABASSOU (ROUTE DE",4.91721,52.31253,Nuit avec éclairage allumé,Hors agglomération,Hors intersection,Pluie légère,Deux véhicules - arrière,,,,,,,,,,,5,1,1,2,2
201500057648,0015-05-31 14:05:00,15,5,31,14,5,973,302,"0.5, BOUDINOT (AUGUSTE)",4.93415,52.31931,Plein jour,En agglomération,Hors intersection,Normale,Deux véhicules - côté,,,,,,,,,,,1,2,1,1,3
201500057649,0015-06-02 08:55:00,15,6,2,8,55,973,302,CESAIRE (CITE),4.93217,52.32276,Plein jour,Hors agglomération,Hors intersection,Normale,Deux véhicules - côté,,,,,,,,,,,1,1,1,1,3
201500057650,0015-06-04 07:55:00,15,6,4,7,55,973,302,"34, 14 ET 22 JUIN 1962",4.93391,52.32721,Plein jour,En agglomération,Hors intersection,Normale,Deux véhicules - côté,,,,,,,,,,,1,2,1,1,3
201500057651,0015-06-05 11:45:00,15,6,5,11,45,973,302,VOLTAIRE(AVENUE),4.94209,52.32392,Plein jour,En agglomération,Intersection en X,Normale,Deux véhicules - frontale,,,,,,,,,,,1,2,2,1,1
201500057652,0015-06-05 20:40:00,15,6,5,20,40,973,302,"2548, BADUEL (ROUTE DE)",4.92876,52.29864,Nuit avec éclairage allumé,Hors agglomération,Hors intersection,Pluie légère,Deux véhicules - côté,,,,,,,,,,,5,1,1,2,3
201500057653,0015-06-06 13:30:00,15,6,6,13,30,973,302,FLAMBOYANTS (RUE DES),4.92384,52.31948,Plein jour,En agglomération,Hors intersection,Normale,Deux véhicules - frontale,,,,,,,,,,,1,2,1,1,1
201500057654,0015-06-06 16:18:00,15,6,6,16,18,973,302,BADUEL (ROUTE DE),4.92894,52.30004,Plein jour,Hors agglomération,Hors intersection,Normale,Trois véhicules et plus - en chaîne,,,,,,,,,,,1,1,1,1,4
201500057655,0015-06-10 11:05:00,15,6,10,11,5,973,302,"1198, MONTABO (ROUTE DE)",4.94506,52.31293,Plein jour,En agglomération,Intersection en T,Normale,Autre collision,,,,,,,,,,,1,2,3,1,6
201500057656,0015-06-12 14:15:00,15,6,12,14,15,973,302,"2059, MADELEINE (ROUTE D",4.91502,52.32118,Plein jour,Hors agglomération,Hors intersection,Normale,Deux véhicules - côté,,,,,,,,,,,1,1,1,1,3
201500057657,0015-06-12 19:12:00,15,6,12,19,12,973,302,FELIX EBOUE(ROCADE),4.94246,52.32924,Nuit avec éclairage allumé,Hors agglomération,Hors intersection,Normale,Deux véhicules - côté,,,,,,,,,,,5,1,1,1,3
201500057658,0015-06-13 17:40:00,15,6,13,17,40,973,302,SOURCE DE BADUEL (CHEMIN,4.92971,52.30891,Plein jour,Hors agglomération,Hors intersection,Normale,Deux véhicules - côté,,,,,,,,,,,1,1,1,1,3
201500057659,0015-06-14 12:10:00,15,6,14,12,10,973,302,"1492, NOVAPARC (RESIDENC",4.93649,52.31504,Plein jour,Hors agglomération,Hors intersection,Normale,Trois véhicules et plus - en chaîne,,,,,,,,,,,1,1,1,1,4
201500057660,0015-06-15 08:41:00,15,6,15,8,41,973,302,"3176, BADUEL (ROUTE DE)",4.92841,52.29343,Plein jour,En agglomération,Hors intersection,Normale,Autre collision,,,,,,,,,,,1,2,1,1,6
201500057661,0015-06-15 13:45:00,15,6,15,13,45,973,302,"1, TIGRE (ROUTE DU)",4.92041,52.32082,Plein jour,Hors agglomération,Hors intersection,Normale,Deux véhicules - côté,,,,,,,,,,,1,1,1,1,3
201500057662,0015-06-16 07:50:00,15,6,16,7,50,973,302,"1214, MADELEINE (ROUTE D",4.92227,52.32314,Plein jour,En agglomération,Hors intersection,Pluie forte,Deux véhicules - côté,,,,,,,,,,,1,2,1,3,3
201500057663,0015-06-16 19:20:00,15,6,16,19,20,973,302,"141, MONTABO (ROUTE DE)",4.94425,52.31814,Nuit avec éclairage allumé,En agglomération,Hors intersection,Normale,Trois véhicules et plus - collisions multiples,,,,,,,,,,,5,2,1,1,5
201500057664,0015-06-18 13:32:00,15,6,18,13,32,973,302,"0.5, RABAN (ROUTE DE)",4.93065,52.31349,Plein jour,En agglomération,Hors intersection,Normale,Deux véhicules - côté,,,,,,,,,,,1,2,1,1,3
201500057665,0015-06-23 15:12:00,15,6,23,15,12,973,302,"10, NEGRES MARONS (RUE D",4.92297,52.31954,Plein jour,Hors agglomération,Hors intersection,Normale,Deux véhicules - côté,,,,,,,,,,,1,1,1,1,3
201500057666,0015-06-23 18:35:00,15,6,23,18,35,973,302,"BAT 12, NOVAPARC (RESIDE",4.92384,52.31362,Crépuscule ou aube,Hors agglomération,Hors intersection,Normale,Deux véhicules - arrière,,,,,,,,,,,2,1,1,1,2
201500057667,0015-01-05 13:26:00,15,1,5,13,26,973,302,"2407, FELIX EBOUE(ROCADE",,,Plein jour,Hors agglomération,Hors intersection,Normale,Autre collision,,,,,,,,,,,1,1,1,1,6
201500057668,0015-06-25 14:10:00,15,6,25,14,10,973,302,BADUEL (ROND POINT DE),4.92906,52.30067,Plein jour,En agglomération,Autre intersection,Normale,Sans collision,,,,,,,,,,,1,2,9,1,7
201500057669,0015-06-26 10:00:00,15,6,26,10,0,973,302,"2545, MONTABO (ROUTE DE)",4.93763,52.29837,Plein jour,Hors agglomération,Hors intersection,Normale,Deux véhicules - côté,,,,,,,,,,,1,1,1,1,3
201500057670,0015-06-26 19:27:00,15,6,26,19,27,973,302,"25, BRASSE (LIEUTENANT)",4.93778,52.29869,Crépuscule ou aube,En agglomération,Intersection en X,Normale,Autre collision,,,,,,,,,,,2,2,2,1,6
201500057671,0015-06-27 10:35:00,15,6,27,10,35,973,302,MADELEINE (ROUTE DE LA),4.92289,52.32374,Plein jour,En agglomération,Hors intersection,Normale,Sans collision,,,,,,,,,,,1,2,1,1,7
201500057672,0015-06-28 00:55:00,15,6,28,0,55,973,302,TIGRE (ROUTE DU),4.92047,52.32086,Nuit avec éclairage non allumé,En agglomération,Hors intersection,Pluie légère,Deux véhicules - côté,,,,,,,,,,,4,2,1,2,3
201500057673,0015-06-29 08:35:00,15,6,29,8,35,973,302,"41, CESAIRE (CITE)",4.93205,52.32293,Plein jour,En agglomération,Hors intersection,Normale,Deux véhicules - côté,,,,,,,,,,,1,2,1,1,3
201500057674,0015-06-29 10:50:00,15,6,29,10,50,973,302,"01, BADUEL (ROUTE DE)",4.929,52.30061,Plein jour,En agglomération,Hors intersection,Normale,Deux véhicules - côté,,,,,,,,,,,1,2,1,1,3
201500057675,0015-06-29 11:59:00,15,6,29,11,59,973,302,"16, CESAIRE (CITE)",4.93092,52.32375,Plein jour,En agglomération,Hors intersection,Normale,Deux véhicules - côté,,,,,,,,,,,1,2,1,1,3
201500057676,0015-06-29 17:05:00,15,6,29,17,5,973,302,"1198, MONTABO (ROUTE DE)",4.56385,52.18289,Plein jour,En agglomération,Hors intersection,Normale,Deux véhicules - côté,,,,,,,,,,,1,2,1,1,3
201500057677,0015-06-30 16:10:00,15,6,30,16,10,973,302,TIGRE (ROUTE DU),4.9155,52.31121,Plein jour,Hors agglomération,Hors intersection,Normale,Deux véhicules - côté,,,,,,,,,,,1,1,1,1,3
201500057678,0015-06-30 16:45:00,15,6,30,16,45,973,302,"127, CABASSOU (ROUTE DE)",4.91749,52.31283,Plein jour,Hors agglomération,Hors intersection,Normale,Deux véhicules - côté,,,,,,,,,,,1,1,1,1,3
201500057679,0015-07-01 10:15:00,15,7,1,10,15,973,302,"3889, MONTABO (ROUTE DE)",4.93065,52.29065,Plein jour,Hors agglomération,Hors intersection,Normale,Deux véhicules - côté,,,,,,,,,,,1,1,1,1,3
201500057680,0015-07-01 21:00:00,15,7,1,21,0,973,302,"117, MANGO (ROUTE)",,,Nuit avec éclairage allumé,Hors agglomération,Hors intersection,Normale,Autre collision,,,,,,,,,,,5,1,1,1,6
201500057681,0015-07-04 01:00:00,15,7,4,1,0,973,302,DE GAULLE (AVENUE),4.93849,52.333,Nuit avec éclairage allumé,En agglomération,Intersection en X,Normale,Deux véhicules - côté,,,,,,,,,,,5,2,2,1,3
201500057682,0015-07-05 23:45:00,15,7,5,23,45,973,302,"2066, TIGRE (ROUTE DU)",4.90224,52.30544,Nuit avec éclairage non allumé,En agglomération,Hors intersection,Normale,Deux véhicules - côté,,,,,,,,,,,4,2,1,1,3
201500057683,0015-07-06 11:25:00,15,7,6,11,25,973,302,"1453, BADUEL (ROUTE DE)",4.93221,52.30782,Plein jour,En agglomération,Hors intersection,Normale,Deux véhicules - côté,,,,,,,,,,,1,2,1,1,3
201500057684,0015-07-07 07:50:00,15,7,7,7,50,973,302,EBOUE (ROCADE FELIX),4.92957,52.31507,Plein jour,Hors agglomération,Hors intersection,Normale,Deux véhicules - côté,,,,,,,,,,,1,1,1,1,3
201500057685,0015-07-07 20:15:00,15,7,7,20,15,973,302,CABASSOU (ROUTE DE),4.92031,52.31612,Nuit avec éclairage allumé,Hors agglomération,Hors intersection,Normale,Deux véhicules - côté,,,,,,,,,,,5,1,1,1,3
201500057686,0015-07-08 12:50:00,15,7,8,12,50,973,302,"1696, BADUEL (ROUTE DE)",4.55595,52.18047,Plein jour,En agglomération,Hors intersection,Normale,Deux véhicules - côté,,,,,,,,,,,1,2,1,1,3
201500057687,0015-07-10 05:50:00,15,7,10,5,50,973,302,MONTABO (ROUTE DE) 1,4.93421,52.29144,Nuit avec éclairage allumé,En agglomération,Hors intersection,Normale,Autre collision,,,,,,,,,,,5,2,1,1,6
201500057688,0015-07-13 09:40:00,15,7,13,9,40,973,302,"10, MONNERVILLE (AVENUE",,,Plein jour,En agglomération,Hors intersection,Normale,Autre collision,,,,,,,,,,,1,2,1,1,6
201500057689,0015-07-17 11:30:00,15,7,17,11,30,973,302,"544, BADUEL (ROUTE DE)",4.93663,52.31437,Plein jour,En agglomération,Hors intersection,Normale,Deux véhicules - côté,,,,,,,,,,,1,2,1,1,3
201500057690,0015-07-17 21:45:00,15,7,17,21,45,973,302,ZEPHIR (ROCADE),4.93685,52.30709,Nuit avec éclairage allumé,En agglomération,Hors intersection,Normale,Deux véhicules - côté,,,,,,,,,,,5,2,1,1,3
201500057691,0015-01-06 12:40:00,15,1,6,12,40,973,302,"338, MADELEINE (ROUTE DE",,,Plein jour,Hors agglomération,Hors intersection,Pluie légère,Deux véhicules - côté,,,,,,,,,,,1,1,1,2,3
201500057692,0015-07-22 09:45:00,15,7,22,9,45,973,302,"12, COLLERY (ZONE INDUST",4.90258,52.32681,Plein jour,Hors agglomération,Intersection en T,Normale,Deux véhicules - côté,,,,,,,,,,,1,1,3,1,3
201500057693,0015-07-22 11:05:00,15,7,22,11,5,973,302,"07, MOLE",,,Plein jour,Hors agglomération,Intersection en X,Pluie légère,Deux véhicules - côté,,,,,,,,,,,1,1,2,2,3
201500057694,0015-07-23 11:15:00,15,7,23,11,15,973,302,"54, FLAMBOYANTS (RUE DES",,,Plein jour,En agglomération,Hors intersection,Normale,Deux véhicules - frontale,,,,,,,,,,,1,2,1,1,1
201500057695,0015-07-26 05:55:00,15,7,26,5,55,973,302,"46, LALLOUETTE(RUE)",4.94042,52.32991,Crépuscule ou aube,En agglomération,Hors intersection,Normale,Autre collision,,,,,,,,,,,2,2,1,1,6
201500057696,0015-07-29 12:15:00,15,7,29,12,15,973,302,"34, DIGUE RONJON",4.93398,52.32957,Plein jour,En agglomération,Hors intersection,Normale,Deux véhicules - côté,,,,,,,,,,,1,2,1,1,3
201500057697,0015-07-29 12:38:00,15,7,29,12,38,973,302,MADELEINE (ROUTE DE LA),4.9241,52.32441,Plein jour,En agglomération,Hors intersection,Normale,Deux véhicules - arrière,,,,,,,,,,,1,2,1,1,2
201500057698,0015-07-30 14:59:00,15,7,30,14,59,973,302,ZEPHIR (ROCADE),4.93353,52.30931,Plein jour,Hors agglomération,Hors intersection,Normale,Autre collision,,,,,,,,,,,1,1,1,1,6
201500057699,0015-07-31 12:13:00,15,7,31,12,13,973,302,"01, ESTREES (AVENUE D')",4.94014,52.32609,Plein jour,Hors agglomération,Hors intersection,Normale,Autre collision,,,,,,,,,,,1,1,1,1,6
201500057700,0015-08-01 14:17:00,15,8,1,14,17,973,302,"82, MADELEINE (ROUTE DE",4.92425,52.92425,Plein jour,En agglomération,Hors intersection,Normale,Deux véhicules - arrière,,,,,,,,,,,1,2,1,1,2
201500057701,0015-08-01 05:20:00,15,8,1,5,20,973,302,HORTH (CITE),4.94263,52.31148,Nuit avec éclairage allumé,Hors agglomération,Intersection en X,Normale,Deux véhicules - côté,,,,,,,,,,,5,1,2,1,3
201500057702,0015-08-02 01:35:00,15,8,2,1,35,973,302,"1, LIBERTE (AVENUE DE LA",4.9341,52.32709,Nuit avec éclairage allumé,En agglomération,Intersection en T,Normale,Deux véhicules - côté,,,,,,,,,,,5,2,3,1,3
201500057703,0015-07-30 13:15:00,15,7,30,13,15,973,302,"1, FELIX EBOUE(ROCADE)",,,Plein jour,En agglomération,Hors intersection,Normale,Deux véhicules - côté,,,,,,,,,,,1,2,1,1,3
201500057704,0015-08-02 03:30:00,15,8,2,3,30,973,302,"1, MANDELA  (BOULEVARD)",,,Nuit avec éclairage allumé,En agglomération,Intersection en X,Normale,Deux véhicules - côté,,,,,,,,,,,5,2,2,1,3
201500057705,0015-01-07 08:00:00,15,1,7,8,0,973,302,ROUTE NATIONALE 1,,,Plein jour,Hors agglomération,Hors intersection,Pluie légère,Deux véhicules - arrière,,,,,,,,,,,1,1,1,2,2
201500057706,0015-08-03 15:38:00,15,8,3,15,38,973,302,"60, SUZINI (CARREFOUR)",4.92529,52.29019,Plein jour,Hors agglomération,Hors intersection,Normale,Deux véhicules - frontale,,,,,,,,,,,1,1,1,1,1
201500057707,0015-08-03 20:10:00,15,8,3,20,10,973,302,REPUBLIQUE (BD DE LA),4.94017,52.32643,Nuit avec éclairage allumé,En agglomération,Hors intersection,Normale,Autre collision,,,,,,,,,,,5,2,1,1,6
201500057708,0015-08-04 10:28:00,15,8,4,10,28,973,302,BADUEL (ROUTE DE),4.93607,52.31367,Plein jour,En agglomération,Hors intersection,Normale,Deux véhicules - côté,,,,,,,,,,,1,2,1,1,3
201500057709,0015-08-09 22:00:00,15,8,9,22,0,973,302,MANDELA  (BOULEVARD),4.94001,52.32657,Nuit avec éclairage allumé,En agglomération,Intersection en X,Normale,Deux véhicules - côté,,,,,,,,,,,5,2,2,1,3
201500057710,0015-08-03 21:05:00,15,8,3,21,5,973,302,"26, 14 ET 22 JUIN 1962",4.93449,52.32733,Crépuscule ou aube,En agglomération,Hors intersection,Normale,Deux véhicules - frontale,,,,,,,,,,,2,2,1,1,1
201500057711,0015-08-11 14:40:00,15,8,11,14,40,973,302,"3379, MONTABO (ROUTE DE)",4.93488,52.29209,Plein jour,En agglomération,Hors intersection,Normale,Deux véhicules - côté,,,,,,,,,,,1,2,1,1,3
201500057712,0015-08-11 13:55:00,15,8,11,13,55,973,302,MADELEINE (ROUTE DE LA),4.9221,52.32229,Plein jour,En agglomération,Hors intersection,Normale,Deux véhicules - côté,,,,,,,,,,,1,2,1,1,3
201500057713,0015-08-12 08:15:00,15,8,12,8,15,973,302,"64, FLAMBOYANTS (RUE DES",4.92823,52.32229,Plein jour,En agglomération,Hors intersection,Pluie forte,Deux véhicules - arrière,,,,,,,,,,,1,2,1,3,2
201500057714,0015-02-17 09:20:00,15,2,17,9,20,973,302,KET TAI (CARREFOUR),,,Plein jour,En agglomération,Hors intersection,Pluie légère,Deux véhicules - arrière,,,,,,,,,,,1,2,1,2,2
201500057715,0015-08-13 23:06:00,15,8,13,23,6,973,302,"2493, BADUEL (ROUTE DE)",,,Nuit avec éclairage allumé,Hors agglomération,Hors intersection,Normale,Deux véhicules - frontale,,,,,,,,,,,5,1,1,1,1
201500057716,0015-08-14 22:40:00,15,8,14,22,40,973,302,"4, BOUDINOT (AUGUSTE) CI",4.93214,52.31984,Nuit avec éclairage non allumé,En agglomération,Intersection en T,Normale,Deux véhicules - frontale,,,,,,,,,,,4,2,3,1,1
201500057717,0015-08-15 01:07:00,15,8,15,1,7,973,302,"1816, BADUEL (ROUTE DE)",4.93175,52.30729,Nuit avec éclairage allumé,Hors agglomération,Intersection en T,Normale,Autre collision,,,,,,,,,,,5,1,3,1,6
201500057718,0015-08-13 21:35:00,15,8,13,21,35,973,302,"64, FLAMBOYANTS (RUE DES",4.92687,52.32402,Nuit avec éclairage allumé,Hors agglomération,Intersection en T,Normale,Deux véhicules - arrière,,,,,,,,,,,5,1,3,1,2
201500057719,0015-08-16 07:50:00,15,8,16,7,50,973,302,"3261, BADUEL (ROUTE DE)",4.93221,52.30729,Plein jour,En agglomération,Hors intersection,Normale,Autre collision,,,,,,,,,,,1,2,1,1,6
201500057720,0015-08-18 16:20:00,15,8,18,16,20,973,302,"13, CATAYEE (JUSTIN)",4.93942,52.33129,Plein jour,En agglomération,Intersection en X,Normale,Deux véhicules - côté,,,,,,,,,,,1,2,2,1,3
201500057721,0015-08-21 10:35:00,15,8,21,10,35,973,302,"978, TROUBIRAN (CHEMIN D",,,Plein jour,Hors agglomération,Hors intersection,Normale,Autre collision,,,,,,,,,,,1,1,1,1,6
201500057722,0015-08-22 14:50:00,15,8,22,14,50,973,302,"01, ZONE COLLERY I OU II",4.90375,52.33118,Plein jour,Hors agglomération,Hors intersection,Normale,Autre collision,,,,,,,,,,,1,1,1,1,6
201500057723,0015-08-23 10:50:00,15,8,23,10,50,973,302,"126, JASMIN(LOTISSEMENT)",4.91641,52.33075,Plein jour,En agglomération,Hors intersection,Normale,Deux véhicules - frontale,,,,,,,,,,,1,2,1,1,1
201500057724,0015-02-20 13:35:00,15,2,20,13,35,973,302,"1, BRUTUS (CITE)",,,Plein jour,En agglomération,Hors intersection,Pluie légère,Trois véhicules et plus - en chaîne,,,,,,,,,,,1,2,1,2,4
201500057725,0015-08-25 10:50:00,15,8,25,10,50,973,302,ROUTE NATIONALE 1,,,Plein jour,En agglomération,Hors intersection,Normale,Autre collision,,,,,,,,,,,1,2,1,1,6
201500057726,0015-08-27 08:30:00,15,8,27,8,30,973,302,"2568, MADELEINE (ROUTE D",4.92563,52.33249,Plein jour,Hors agglomération,Hors intersection,Normale,Autre collision,,,,,,,,,,,1,1,1,1,6
201500057727,0015-08-29 02:40:00,15,8,29,2,40,973,302,FELIX EBOUE(ROCADE),4.92958,52.31512,Nuit avec éclairage allumé,En agglomération,Intersection en X,Normale,Deux véhicules - côté,,,,,,,,,,,5,2,2,1,3
201500057728,0015-08-29 17:33:00,15,8,29,17,33,973,302,"74, DE GAULLE (AVENUE)",,,Plein jour,En agglomération,Hors intersection,Normale,Sans collision,,,,,,,,,,,1,2,1,1,7
201500057729,0015-08-30 16:48:00,15,8,30,16,48,973,302,"11, ESTREES (AVENUE D')",,,Plein jour,En agglomération,Hors intersection,Normale,Deux véhicules - arrière,,,,,,,,,,,1,2,1,1,2
201500057730,0015-08-31 09:58:00,15,8,31,9,58,973,302,"1605, MADELEINE (ROUTE D",,,Plein jour,Hors agglomération,Hors intersection,Normale,Autre collision,,,,,,,,,,,1,1,1,1,6
201500057731,0015-08-31 11:45:00,15,8,31,11,45,973,302,"PK 7.5, ROUTE NATIONALE",4.90379,52.31664,Plein jour,En agglomération,Hors intersection,Normale,Deux véhicules - côté,,,,,,,,,,,1,2,1,1,3
201500057732,0015-09-01 09:10:00,15,9,1,9,10,973,302,MARINGOUINS (ROND-POINT),4.90711,52.32525,Plein jour,Hors agglomération,Hors intersection,Normale,Deux véhicules - côté,,,,,,,,,,,1,1,1,1,3
201500057733,0015-09-01 17:40:00,15,9,1,17,40,973,302,"2066, TIGRE (ROUTE DU)",4.92366,52.33184,Plein jour,En agglomération,Hors intersection,Normale,Sans collision,,,,,,,,,,,1,2,1,1,7
201500057734,0015-09-02 12:47:00,15,9,2,12,47,973,302,"431, MADELEINE (ROUTE DE",4.92659,52.33044,Plein jour,En agglomération,Hors intersection,Pluie légère,Deux véhicules - côté,,,,,,,,,,,1,2,1,2,3
201500057735,0015-09-04 14:50:00,15,9,4,14,50,973,302,"2510, MONTABO (ROUTE DE)",4.93601,52.29989,Plein jour,En agglomération,Hors intersection,Normale,Deux véhicules - côté,,,,,,,,,,,1,2,1,1,3
201500057736,0015-09-06 15:12:00,15,9,6,15,12,973,302,"13, LUBIN (SAMUEL)",4.9417,52.32396,Plein jour,En agglomération,Intersection en T,Normale,Deux véhicules - côté,,,,,,,,,,,1,2,3,1,3
201500057737,0015-09-08 18:00:00,15,9,8,18,0,973,302,"05, CABASSOU (ROUTE DE)",4.91551,52.31118,Plein jour,En agglomération,Hors intersection,Normale,Deux véhicules - côté,,,,,,,,,,,1,2,1,1,3
201500057738,0015-09-11 15:25:00,15,9,11,15,25,973,302,"59, FELIX EBOUE (Rue)",,,Plein jour,Hors agglomération,Hors intersection,Normale,Autre collision,,,,,,,,,,,1,1,1,1,6
201500057739,0015-09-15 22:23:00,15,9,15,22,23,973,302,"29, HEDER (AVENUE LEOPOL",4.94086,52.33414,Nuit avec éclairage allumé,En agglomération,Intersection en T,Normale,Sans collision,,,,,,,,,,,5,2,3,1,7
201500057740,0015-09-16 23:30:00,15,9,16,23,30,973,302,FELIX EBOUE(ROCADE),4.92906,52.31592,Nuit avec éclairage allumé,En agglomération,Hors intersection,Normale,Autre collision,,,,,,,,,,,5,2,1,1,6
201500057741,0015-09-17 07:33:00,15,9,17,7,33,973,302,"471, BADUEL (ROUTE DE)",4.56127,52.18532,Plein jour,Hors agglomération,Hors intersection,Normale,Deux véhicules - côté,,,,,,,,,,,1,1,1,1,3
201500057742,0015-09-17 12:05:00,15,9,17,12,5,973,302,"2, BASSIERE (LEON) CITE",4.93758,52.32928,Plein jour,En agglomération,Hors intersection,Normale,Autre collision,,,,,,,,,,,1,2,1,1,6
201500057743,0015-09-18 10:00:00,15,9,18,10,0,973,302,"1555, BADUEL (ROUTE DE)",4.9315,52.30659,Plein jour,En agglomération,Hors intersection,Normale,Deux véhicules - côté,,,,,,,,,,,1,2,1,1,3
201500057744,0015-09-20 09:50:00,15,9,20,9,50,973,302,"140, COULEE D'OR (CITE)",4.94491,52.31274,Plein jour,En agglomération,Hors intersection,Normale,Autre collision,,,,,,,,,,,1,2,1,1,6
201500057745,0015-09-20 11:15:00,15,9,20,11,15,973,302,"55, RABAN (ROUTE DE)",4.93572,52.81931,Plein jour,Hors agglomération,Hors intersection,Normale,Autre collision,,,,,,,,,,,1,1,1,1,6
201500057746,0015-09-20 22:15:00,15,9,20,22,15,973,302,BADUEL (ROUTE DE),4.93928,52.31839,Nuit avec éclairage allumé,En agglomération,Intersection en X,Normale,Deux véhicules - côté,,,,,,,,,,,5,2,2,1,3
201500057747,0015-09-21 19:00:00,15,9,21,19,0,973,302,"1, BRADIN (GONTRAN) CITE",4.93522,52.31898,Nuit avec éclairage allumé,En agglomération,Hors intersection,Normale,Deux véhicules - arrière,,,,,,,,,,,5,2,1,1,2
201500057748,0015-09-21 19:30:00,15,9,21,19,30,973,302,CABASSOU (ROUTE DE),4.91922,52.31759,Nuit avec éclairage allumé,En agglomération,Hors intersection,Normale,Deux véhicules - arrière,,,,,,,,,,,5,2,1,1,2
201500057749,0015-09-23 12:45:00,15,9,23,12,45,973,302,"544, BADUEL (ROUTE DE)",,,Plein jour,En agglomération,Hors intersection,Normale,Deux véhicules - côté,,,,,,,,,,,1,2,1,1,3
201500057750,0015-09-24 06:45:00,15,9,24,6,45,973,302,CRIQUE FOUILLEE (ROND PO,,,Plein jour,En agglomération,Hors intersection,Normale,Autre collision,,,,,,,,,,,1,2,1,1,6
201500057751,0015-09-25 23:45:00,15,9,25,23,45,973,302,"3707, MONTABO (ROUTE DE)",4.93616,52.29587,Nuit avec éclairage allumé,En agglomération,Hors intersection,Normale,Trois véhicules et plus - collisions multiples,,,,,,,,,,,5,2,1,1,5
201500057752,0015-09-26 12:15:00,15,9,26,12,15,973,302,"1, BADUEL (ROUTE DE)",4.93222,52.31153,Plein jour,Hors agglomération,Hors intersection,Normale,Deux véhicules - côté,,,,,,,,,,,1,1,1,1,3
201500057753,0015-09-26 16:04:00,15,9,26,16,4,973,302,"32, MANDELA  (BOULEVARD)",,,Plein jour,En agglomération,Hors intersection,Normale,Deux véhicules - côté,,,,,,,,,,,1,2,1,1,3
201500057754,0015-09-28 09:20:00,15,9,28,9,20,973,302,"2697, BADUEL (ROUTE DE)",4.92908,52.30129,Plein jour,En agglomération,Hors intersection,Normale,Trois véhicules et plus - en chaîne,,,,,,,,,,,1,2,1,1,4
201500057755,0015-09-28 10:38:00,15,9,28,10,38,973,302,"130, BRADIN (GONTRAN) CI",4.93861,52.31748,Plein jour,En agglomération,Hors intersection,Normale,Deux véhicules - côté,,,,,,,,,,,1,2,1,1,3
201500057756,0015-09-28 14:05:00,15,9,28,14,5,973,302,"2426, MONTABO (ROUTE DE)",4.93916,52.30717,Plein jour,Hors agglomération,Hors intersection,Normale,Deux véhicules - côté,,,,,,,,,,,1,1,1,1,3
201500057757,0015-09-29 12:50:00,15,9,29,12,50,973,302,AMUSANT (PAUL),4.934,52.32935,Plein jour,En agglomération,Autre intersection,Normale,Autre collision,,,,,,,,,,,1,2,9,1,6
201500057758,0015-09-30 18:25:00,15,9,30,18,25,973,302,"959, BADUEL (ROUTE DE)",4.93248,52.31229,Crépuscule ou aube,En agglomération,Hors intersection,Normale,Deux véhicules - côté,,,,,,,,,,,2,2,1,1,3
201500057759,0015-10-02 06:36:00,15,10,2,6,36,973,302,"1155, BADUEL (ROUTE DE)",,,Plein jour,Hors agglomération,Hors intersection,Normale,Autre collision,,,,,,,,,,,1,1,1,1,6
201500057760,0015-10-01 12:45:00,15,10,1,12,45,973,302,"2989, MONTABO (ROUTE DE)",,,Plein jour,Hors agglomération,Intersection en T,Normale,Autre collision,,,,,,,,,,,1,1,3,1,6
201500057761,0015-09-25 19:00:00,15,9,25,19,0,973,302,"2989, MONTABO (ROUTE DE)",4.93548,52.29509,Crépuscule ou aube,En agglomération,Intersection en T,Normale,Deux véhicules - côté,,,,,,,,,,,2,2,3,1,3
201500057762,0015-10-03 14:00:00,15,10,3,14,0,973,302,"1696, BADUEL (ROUTE DE)",,,Plein jour,En agglomération,Hors intersection,Normale,Deux véhicules - arrière,,,,,,,,,,,1,2,1,1,2
201500057763,0015-09-30 12:20:00,15,9,30,12,20,973,302,"432, CATAYEE (JUSTIN)",4.92846,52.32531,Plein jour,En agglomération,Hors intersection,Normale,Deux véhicules - côté,,,,,,,,,,,1,2,1,1,3
201500057764,0015-10-05 18:23:00,15,10,5,18,23,973,302,MONTABO (ROUTE DE) 1,4.93445,52.30343,Plein jour,Hors agglomération,Hors intersection,Normale,Deux véhicules - arrière,,,,,,,,,,,1,1,1,1,2
201500057765,0015-10-05 19:40:00,15,10,5,19,40,973,302,MARINGOUINS (ROND-POINT),4.90805,52.32129,Nuit avec éclairage allumé,En agglomération,Giratoire,Normale,Deux véhicules - côté,,,,,,,,,,,5,2,6,1,3