accident_id,datetime,annee,mois,jour,heure,minute,departement,commune_insee,adresse,latitude,longitude,luminosite,agglomeration,intersection,meteo,collision,nb_vehicules,nb_usagers,nb_indemnes,nb_tues,nb_blesses_hosp,nb_blesses_legers,age_cond_1,age_cond_2,veh_type_cond_1,veh_type_cond_2,lum_code,agg_code,int_code,atm_code,col_code
201500058146,0015-01-26 12:30:00,15,1,26,12,30,974,411,COUVENT (RUE DU),20.88937,55.45068,Plein jour,En agglomération,Intersection en T,Normale,Deux véhicules - côté,,,,,,,,,,,1,2,3,1,3
201500058147,0015-01-30 06:20:00,15,1,30,6,20,974,411,"01, RAMBAUD (LEOPOLD)",20.88564,55.47159,Plein jour,En agglomération,Hors intersection,Normale,Deux véhicules - côté,,,,,,,,,,,1,2,1,1,3
201500058148,0015-05-06 18:45:00,15,5,6,18,45,974,411,CHAUDRON  (BLD 1 DU),20.8987,55.49648,Nuit avec éclairage allumé,En agglomération,Intersection en Y,Normale,Trois véhicules et plus - en chaîne,,,,,,,,,,,5,2,4,1,4
201500058149,0015-01-30 08:55:00,15,1,30,8,55,974,411,PARIS (RUE DE),20.88214,55.44979,Plein jour,En agglomération,Intersection en X,Normale,Deux véhicules - côté,,,,,,,,,,,1,2,2,1,3
201500058150,0015-05-08 11:30:00,15,5,8,11,30,974,411,JAURES (BLD 1 JEAN),20.88977,55.46137,Plein jour,Hors agglomération,Hors intersection,Normale,Deux véhicules - arrière,,,,,,,,,,,1,1,1,1,2
201500058151,0015-02-01 21:25:00,15,2,1,21,25,974,411,LANCASTEL (BOULEVARD),,,Nuit avec éclairage allumé,En agglomération,Hors intersection,Normale,Sans collision,,,,,,,,,,,5,2,1,1,7
201500058152,0015-02-05 12:20:00,15,2,5,12,20,974,411,JAURES (BOULEVARD JEAN),,,Plein jour,En agglomération,Hors intersection,Normale,Deux véhicules - côté,,,,,,,,,,,1,2,1,1,3
201500058153,0015-05-11 18:46:00,15,5,11,18,46,974,411,JAURES (BLD 1 JEAN),20.88995,55.46183,Nuit avec éclairage non allumé,En agglomération,Hors intersection,Normale,Autre collision,,,,,,,,,,,4,2,1,1,6
201500058154,0015-02-12 03:00:00,15,2,12,3,0,974,411,LANCASTEL (BOULEVARD),20.88301,55.46478,Nuit avec éclairage allumé,En agglomération,Hors intersection,Pluie légère,Autre collision,,,,,,,,,,,5,2,1,2,6
201500058155,0015-05-14 18:20:00,15,5,14,18,20,974,411,"31, HOARAU (RUE MARCEL)",20.90193,55.49214,Nuit avec éclairage allumé,En agglomération,Autre intersection,Autre,Autre collision,,,,,,,,,,,5,2,9,9,6
201500058156,0015-02-12 23:15:00,15,2,12,23,15,974,411,TOPAZES(ALLEE DES),20.89504,55.44211,Nuit avec éclairage allumé,En agglomération,Hors intersection,Normale,Deux véhicules - frontale,,,,,,,,,,,5,2,1,1,1
201500058157,0015-04-03 08:30:00,15,4,3,8,30,974,411,MACE (ROUTE GABRIEL),20.92303,55.49483,Plein jour,En agglomération,Hors intersection,Normale,Deux véhicules - côté,,,,,,,,,,,1,2,1,1,3
201500058158,0015-02-15 16:30:00,15,2,15,16,30,974,411,JACOB,,,Plein jour,En agglomération,Intersection en X,Normale,Autre collision,,,,,,,,,,,1,2,2,1,6
201500058159,0015-05-26 11:20:00,15,5,26,11,20,974,411,"175, CHATEL (JEAN)",20.88357,55.45168,Plein jour,En agglomération,Intersection en X,Normale,Deux véhicules - côté,,,,,,,,,,,1,2,2,1,3
201500058160,0015-05-20 19:22:00,15,5,20,19,22,974,411,"2, DIGUE (ROUTE)",20.88788,55.47212,Nuit sans éclairage public,En agglomération,Hors intersection,Normale,Deux véhicules - côté,,,,,,,,,,,3,2,1,1,3
201500058161,0015-05-30 22:00:00,15,5,30,22,0,974,411,"5, VICTOIRE (AVENUE DE L",20.87484,55.44714,Nuit avec éclairage allumé,En agglomération,Intersection en X,Normale,Deux véhicules - côté,,,,,,,,,,,5,2,2,1,3
201500058162,0015-02-21 01:20:00,15,2,21,1,20,974,411,LECLERC (DU MARECHAL),20.88041,55.45738,Nuit sans éclairage public,En agglomération,Hors intersection,Normale,Deux véhicules - côté,,,,,,,,,,,3,2,1,1,3
201500058163,0015-05-31 23:40:00,15,5,31,23,40,974,411,VINH-SAN (BLD 1 DU PRINC,,,Nuit avec éclairage allumé,Hors agglomération,Hors intersection,Vent fort / tempête,Autre collision,,,,,,,,,,,5,1,1,6,6
201500058164,0015-02-24 17:15:00,15,2,24,17,15,974,411,CHATELAN (FRANCOIS),20.89452,55.48759,Plein jour,En agglomération,Hors intersection,Normale,Autre collision,,,,,,,,,,,1,2,1,1,6
201500058165,0015-05-31 20:15:00,15,5,31,20,15,974,411,JAURES (BLD 1 JEAN),20.88935,55.45102,Nuit avec éclairage allumé,En agglomération,Hors intersection,Normale,Autre collision,,,,,,,,,,,5,2,1,1,6
201500058166,0015-06-07 00:35:00,15,6,7,0,35,974,411,RN2/111,,,Nuit avec éclairage allumé,En agglomération,Hors intersection,Normale,Autre collision,,,,,,,,,,,5,2,1,1,6
201500058167,0015-03-07 10:30:00,15,3,7,10,30,974,411,"1, LYCEE (RUE DU)",20.90829,55.48492,Plein jour,En agglomération,Hors intersection,Normale,Autre collision,,,,,,,,,,,1,2,1,1,6
201500058168,0015-06-06 13:30:00,15,6,6,13,30,974,411,BOIS DE CAMPHRE (CHEMIN,20.92747,55.47799,Plein jour,Hors agglomération,Hors intersection,Normale,Autre collision,,,,,,,,,,,1,1,1,1,6
201500058169,0015-03-13 22:05:00,15,3,13,22,5,974,411,LECONTE DE LISLE (AVENUE,20.8937,55.48563,Nuit avec éclairage allumé,En agglomération,Hors intersection,Normale,Deux véhicules - frontale,,,,,,,,,,,5,2,1,1,1
201500058170,0015-06-10 20:20:00,15,6,10,20,20,974,411,CHAUDRON (BLD 2 DU),20.89456,55.49374,Nuit sans éclairage public,En agglomération,Hors intersection,Normale,Autre collision,,,,,,,,,,,3,2,1,1,6
201500058171,0015-03-14 16:35:00,15,3,14,16,35,974,411,SOURCE (RUE DE LA),,,Plein jour,En agglomération,Hors intersection,Normale,Autre collision,,,,,,,,,,,1,2,1,1,6
201500058172,0015-03-20 22:15:00,15,3,20,22,15,974,411,LECLERC (DU MARECHAL),,,Nuit avec éclairage allumé,En agglomération,Intersection en X,Normale,Deux véhicules - frontale,,,,,,,,,,,5,2,2,1,1
201500058173,0015-06-16 16:50:00,15,6,16,16,50,974,411,BOIS DE NEFLES (ROUTE DE,20.89841,55.47524,Plein jour,En agglomération,Hors intersection,Normale,Deux véhicules - côté,,,,,,,,,,,1,2,1,1,3
201500058174,0015-06-04 21:55:00,15,6,4,21,55,974,411,"216, JAURES (BLD 1 JEAN)",,,Nuit avec éclairage allumé,En agglomération,Hors intersection,Normale,Deux véhicules - côté,,,,,,,,,,,5,2,1,1,3
201500058175,0015-06-28 18:20:00,15,6,28,18,20,974,411,BERTHO (RUE JEAN),20.89224,55.48837,Plein jour,En agglomération,Intersection en T,Normale,Deux véhicules - côté,,,,,,,,,,,1,2,3,1,3
201500058176,0015-07-01 12:23:00,15,7,1,12,23,974,411,RN2/043,,,Plein jour,En agglomération,Hors intersection,Normale,Deux véhicules - arrière,,,,,,,,,,,1,2,1,1,2
201500058177,0015-07-10 05:50:00,15,7,10,5,50,974,411,"38 TER, GIBERT DES MOLIE",20.88888,55.44532,Nuit avec éclairage allumé,En agglomération,Hors intersection,Normale,Deux véhicules - côté,,,,,,,,,,,5,2,1,1,3
201500058178,0015-04-04 00:52:00,15,4,4,0,52,974,411,"1, LANCASTEL (BOULEVARD)",20.88227,55.46374,Nuit avec éclairage allumé,En agglomération,Hors intersection,Normale,Deux véhicules - arrière,,,,,,,,,,,5,2,1,1,2
201500058179,0015-07-28 15:00:00,15,7,28,15,0,974,411,SCHOELCHER (RUE VICTOR),20.89853,55.49824,Plein jour,En agglomération,Hors intersection,Normale,Deux véhicules - frontale,,,,,,,,,,,1,2,1,1,1
201500058180,0015-07-21 20:00:00,15,7,21,20,0,974,411,"39, HOARAU (RUE MARCEL)",20.89928,55.49184,Nuit avec éclairage allumé,En agglomération,Hors intersection,Normale,Trois véhicules et plus - en chaîne,,,,,,,,,,,5,2,1,1,4
201500058181,0015-08-04 09:05:00,15,8,4,9,5,974,411,MONTHYON (RUE),,,Plein jour,En agglomération,Hors intersection,Normale,Autre collision,,,,,,,,,,,1,2,1,1,6
201500058182,0015-08-01 11:20:00,15,8,1,11,20,974,411,BANCOUL (CHEMIN),20.9093,55.48027,Plein jour,En agglomération,Intersection en T,Normale,Deux véhicules - côté,,,,,,,,,,,1,2,3,1,3
201500058183,0015-08-04 10:15:00,15,8,4,10,15,974,411,RIVIERE DES PLUIES (ROUT,,,Plein jour,En agglomération,Hors intersection,Normale,Deux véhicules - arrière,,,,,,,,,,,1,2,1,1,2
201500058184,0015-08-09 09:05:00,15,8,9,9,5,974,411,"35, TOPAZES(ALLEE DES)",20.89134,55.44542,Plein jour,En agglomération,Hors intersection,Normale,Autre collision,,,,,,,,,,,1,2,1,1,6
201500058185,0015-08-10 13:50:00,15,8,10,13,50,974,411,JAURES (BOULEVARD JEAN),20.90085,55.48778,Plein jour,En agglomération,Hors intersection,Normale,Autre collision,,,,,,,,,,,1,2,1,1,6
201500058186,0015-07-30 16:45:00,15,7,30,16,45,974,411,MONDON (RUE MONSEIGNEUR),20.89265,55.46072,Plein jour,En agglomération,Hors intersection,Normale,Sans collision,,,,,,,,,,,1,2,1,1,7
201500058187,0015-08-16 13:40:00,15,8,16,13,40,974,411,JAURES (BOULEVARD JEAN),20.88863,55.44908,Plein jour,En agglomération,Hors intersection,Normale,Autre collision,,,,,,,,,,,1,2,1,1,6
201500058188,0015-08-18 09:55:00,15,8,18,9,55,974,411,"35, PROVIDENCE (BOULEVAR",20.89401,55.45726,Plein jour,En agglomération,Hors intersection,Normale,Autre collision,,,,,,,,,,,1,2,1,1,6
201500058189,0015-08-24 08:15:00,15,8,24,8,15,974,411,MAGNAN (RUELLE),20.88673,55.46783,Plein jour,En agglomération,Intersection en X,Normale,Deux véhicules - côté,,,,,,,,,,,1,2,2,1,3
201500058190,0015-09-01 10:27:00,15,9,1,10,27,974,411,MONTREUIL (RUE),20.88254,55.45751,Plein jour,En agglomération,Intersection en X,Normale,Autre collision,,,,,,,,,,,1,2,2,1,6
201500058191,0015-09-04 13:30:00,15,9,4,13,30,974,411,JAURES (BLD 1 JEAN),20.88989,55.45297,Plein jour,En agglomération,Intersection en X,Normale,Sans collision,,,,,,,,,,,1,2,2,1,7
201500058192,0015-09-23 11:00:00,15,9,23,11,0,974,411,AUBERT (RUE PIERRE),20.89182,55.49549,Plein jour,Hors agglomération,Intersection en T,Normale,Autre collision,,,,,,,,,,,1,1,3,1,6
201500058193,0015-09-22 10:30:00,15,9,22,10,30,974,411,BRASSENS (AVENUE GEORGES,20.90295,55.48806,Plein jour,En agglomération,Hors intersection,Normale,Deux véhicules - côté,,,,,,,,,,,1,2,1,1,3
201500058194,0015-09-28 10:15:00,15,9,28,10,15,974,411,BOSQUET (RUE DU),20.90574,55.48391,Plein jour,En agglomération,Hors intersection,Normale,Autre collision,,,,,,,,,,,1,2,1,1,6
201500058195,0015-10-04 07:15:00,15,10,4,7,15,974,411,LITTORAL (ROUTE 2 DU),,,Plein jour,Hors agglomération,Hors intersection,Normale,Autre collision,,,,,,,,,,,1,1,1,1,6
201500058196,0015-10-05 06:30:00,15,10,5,6,30,974,411,"1, BOIS DE NEFLES (RUE D",,,Plein jour,En agglomération,Hors intersection,Normale,Autre collision,,,,,,,,,,,1,2,1,1,6
201500058197,0015-10-04 07:30:00,15,10,4,7,30,974,411,LITTORAL (ROUTE 2 DU),,,Plein jour,Hors agglomération,Hors intersection,Normale,Trois véhicules et plus - en chaîne,,,,,,,,,,,1,1,1,1,4
201500058198,0015-10-09 06:20:00,15,10,9,6,20,974,411,WETZELL (RUE JOSEPH),20.90324,55.49997,Plein jour,En agglomération,Intersection en X,Normale,Deux véhicules - côté,,,,,,,,,,,1,2,2,1,3
201500058199,0015-10-11 20:25:00,15,10,11,20,25,974,411,OLIVIER (RUE JULES),20.8798,55.4545,Nuit avec éclairage allumé,En agglomération,Intersection en X,Normale,Deux véhicules - côté,,,,,,,,,,,5,2,2,1,3
201500058200,0015-10-14 19:30:00,15,10,14,19,30,974,411,JAURES (BOULEVARD JEAN),20.88866,55.44886,Nuit avec éclairage allumé,En agglomération,Intersection en X,Normale,Deux véhicules - côté,,,,,,,,,,,5,2,2,1,3
201500058201,0015-10-15 19:15:00,15,10,15,19,15,974,411,"17 bis, VIGIE (CHEMIN DE",20.88269,55.43248,Nuit avec éclairage allumé,En agglomération,Hors intersection,Normale,Deux véhicules - frontale,,,,,,,,,,,5,2,1,1,1
201500058202,0015-10-23 19:10:00,15,10,23,19,10,974,411,OCEAN (BOULEVARD DE L'),20.8811,55.45717,Nuit avec éclairage allumé,En agglomération,Hors intersection,Normale,Autre collision,,,,,,,,,,,5,2,1,1,6
201500058203,0015-11-19 15:25:00,15,11,19,15,25,974,411,REPUBLIQUE (RUE DE LA),20.87812,55.44576,Plein jour,En agglomération,Intersection en T,Normale,Deux véhicules - côté,,,,,,,,,,,1,2,3,1,3
201500058204,0015-11-28 11:40:00,15,11,28,11,40,974,411,JAURES (BOULEVARD JEAN),,55.47083,Plein jour,En agglomération,Hors intersection,Normale,Autre collision,,,,,,,,,,,1,2,1,1,6
201500058205,0015-11-26 23:45:00,15,11,26,23,45,974,411,"36, FURCREAS (CHEMIN DES",20.9036,55.4072,Nuit sans éclairage public,En agglomération,Hors intersection,Normale,Autre collision,,,,,,,,,,,3,2,1,1,6
201500058206,0015-12-02 09:45:00,15,12,2,9,45,974,411,RUISSEAU DES NOIRS (RUE),20.89147,55.45277,Plein jour,En agglomération,Intersection en X,Normale,Autre collision,,,,,,,,,,,1,2,2,1,6
201500058207,0015-12-11 20:20:00,15,12,11,20,20,974,411,ANANAS (ROUTE DES),20.91687,55.47804,Nuit sans éclairage public,Hors agglomération,Hors intersection,Normale,Deux véhicules - frontale,,,,,,,,,,,3,1,1,1,1
201500058208,0015-12-05 02:10:00,15,12,5,2,10,974,411,CHATEL (JEAN),,,Nuit avec éclairage allumé,En agglomération,Intersection en X,Normale,Deux véhicules - côté,,,,,,,,,,,5,2,2,1,3
201500058209,0015-12-12 14:00:00,15,12,12,14,0,974,411,WAGNER (AVENUE RICHARD),20.89764,55.48346,Plein jour,En agglomération,Intersection en T,Normale,Deux véhicules - arrière,,,,,,,,,,,1,2,3,1,2
201500058210,0015-12-14 14:55:00,15,12,14,14,55,974,411,RIVIERE DES PLUIES (ROUT,20.90235,55.50283,Plein jour,En agglomération,Intersection en T,Pluie légère,Deux véhicules - côté,,,,,,,,,,,1,2,3,2,3
201500058211,0015-01-01 02:00:00,15,1,1,2,0,974,416,"SANS, ENTRE DEUX (CHEMIN",,,Nuit sans éclairage public,Hors agglomération,Hors intersection,Normale,Sans collision,,,,,,,,,,,3,1,1,1,7
201500058212,0015-11-30 07:40:00,15,11,30,7,40,974,416,EGLISE  (RUE DE L'),21.28772,55.47117,Plein jour,En agglomération,Intersection en X,Normale,Deux véhicules - côté,,,,,,,,,,,1,2,2,1,3
201500058213,0015-04-01 17:30:00,15,4,1,17,30,974,416,VIGOUREUX(RUE VICTOR LE),,55.28235,Plein jour,En agglomération,Hors intersection,Normale,Autre collision,,,,,,,,,,,1,2,1,1,6
201500058214,0015-01-02 18:10:00,15,1,2,18,10,974,416,RN1 (ROUTE NATIONALE),,,Crépuscule ou aube,Hors agglomération,Hors intersection,Normale,Sans collision,,,,,,,,,,,2,1,1,1,7
201500058215,0015-04-02 08:10:00,15,4,2,8,10,974,416,"5, LEBLOND 1 (RUE MARIUS",21.33904,55.47936,Plein jour,En agglomération,Hors intersection,Normale,Autre collision,,,,,,,,,,,1,2,1,1,6
201500058216,0015-01-05 08:30:00,15,1,5,8,30,974,416,"SANS, ARTISANS (ALLEE DE",21.32029,55.47606,Plein jour,En agglomération,Hors intersection,Normale,Trois véhicules et plus - en chaîne,,,,,,,,,,,1,2,1,1,4
201500058217,0015-04-03 15:25:00,15,4,3,15,25,974,416,LIGNE DES BAMBOUS(ROUTE),21.3019,55.49336,Plein jour,En agglomération,Hors intersection,Normale,Deux véhicules - frontale,,,,,,,,,,,1,2,1,1,1
201500058218,0015-01-07 14:55:00,15,1,7,14,55,974,416,"SANS, LE VIGOUREUX (RUE",21.3378,55.47496,Plein jour,En agglomération,Intersection en X,Normale,Sans collision,,,,,,,,,,,1,2,2,1,7
201500058219,0015-04-08 08:30:00,15,4,8,8,30,974,416,RN1,,,Plein jour,Hors agglomération,Hors intersection,Normale,Deux véhicules - arrière,,,,,,,,,,,1,1,1,1,2
201500058220,0015-01-13 21:41:00,15,1,13,21,41,974,416,RN3 (1),,,Nuit sans éclairage public,Hors agglomération,Hors intersection,Normale,Sans collision,,,,,,,,,,,3,1,1,1,7
201500058221,0015-04-09 20:15:00,15,4,9,20,15,974,416,"37, PERE MAITRE(RUE DU)",21.28536,55.46845,Nuit avec éclairage allumé,En agglomération,Intersection en T,Normale,Deux véhicules - côté,,,,,,,,,,,5,2,3,1,3
201500058222,0015-01-16 11:30:00,15,1,16,11,30,974,416,"SANS, MITTERAND (AVENUE",21.34707,55.49091,Nuit avec éclairage allumé,En agglomération,Hors intersection,Normale,Sans collision,,,,,,,,,,,5,2,1,1,7
201500058223,0015-11-10 17:15:00,15,11,10,17,15,974,416,"260, ANTOINE PICARD(CHEM",21.19,55.31999,Plein jour,Hors agglomération,Hors intersection,Normale,Autre collision,,,,,,,,,,,1,1,1,1,6
201500058224,0015-04-09 20:20:00,15,4,9,20,20,974,416,"73, PIOR (RUE HYPOLITTE)",21.2973,55.45118,Nuit avec éclairage non allumé,En agglomération,Hors intersection,Normale,Deux véhicules - frontale,,,,,,,,,,,4,2,1,1,1
201500058225,0015-01-16 12:30:00,15,1,16,12,30,974,416,"274, KM3 (CHEMIN)",,,Plein jour,Hors agglomération,Hors intersection,Normale,Deux véhicules - frontale,,,,,,,,,,,1,1,1,1,1
201500058226,0015-04-10 16:24:00,15,4,10,16,24,974,416,"25, RECHERCHANT (RUE ADR",21.28326,55.47711,Plein jour,En agglomération,Hors intersection,Normale,Autre collision,,,,,,,,,,,1,2,1,1,6
201500058227,0015-01-17 09:50:00,15,1,17,9,50,974,416,"SANS, CHEMINEE (ALLEE  D",21.32576,55.47692,Plein jour,En agglomération,Intersection en T,Normale,Deux véhicules - côté,,,,,,,,,,,1,2,3,1,3
201500058228,0015-11-29 18:20:00,15,11,29,18,20,974,416,"100, FOUR A CHAUX 2 (RUE",21.34071,55.46908,Crépuscule ou aube,En agglomération,Intersection en X,Normale,Deux véhicules - côté,,,,,,,,,,,2,2,2,1,3
201500058229,0015-04-10 17:40:00,15,4,10,17,40,974,416,ANCIENNE RN2,21.33554,55.48781,Plein jour,Hors agglomération,Hors intersection,Normale,Deux véhicules - côté,,,,,,,,,,,1,1,1,1,3
201500058230,0015-01-19 14:18:00,15,1,19,14,18,974,416,"SANS, LEBLOND 1 (RUE MAR",21.33683,55.47161,Plein jour,En agglomération,Intersection en T,Normale,Deux véhicules - côté,,,,,,,,,,,1,2,3,1,3
201500058231,0015-04-12 15:35:00,15,4,12,15,35,974,416,", D28 LIGNE DES BAMBOUS",,,Plein jour,En agglomération,Hors intersection,Normale,Deux véhicules - côté,,,,,,,,,,,1,2,1,1,3
201500058232,0015-01-20 07:45:00,15,1,20,7,45,974,416,"SANS, DE LA ZONE(ALLEE)",21.31826,55.47331,Plein jour,En agglomération,Hors intersection,Normale,Deux véhicules - côté,,,,,,,,,,,1,2,1,1,3
201500058233,0015-04-12 18:55:00,15,4,12,18,55,974,416,"6, CHEMINEE (ALLEE  DE L",21.32511,55.47605,Crépuscule ou aube,En agglomération,Hors intersection,Normale,Autre collision,,,,,,,,,,,2,2,1,1,6
201500058234,0015-01-23 23:30:00,15,1,23,23,30,974,416,"SANS, KM3 (CHEMIN)",,,Nuit sans éclairage public,Hors agglomération,Hors intersection,Normale,Deux véhicules - frontale,,,,,,,,,,,3,1,1,1,1
201500058235,0015-04-14 17:10:00,15,4,14,17,10,974,416,"54, LIGNE PARADIS(ROUTE",21.31324,55.47544,Plein jour,En agglomération,Hors intersection,Normale,Autre collision,,,,,,,,,,,1,2,1,1,6
201500058236,0015-01-25 19:40:00,15,1,25,19,40,974,416,"SANS, FOUR A CHAUX 1 (RU",21.34173,55.47244,Nuit avec éclairage allumé,En agglomération,Intersection en X,Normale,Deux véhicules - côté,,,,,,,,,,,5,2,2,1,3
201500058237,0015-04-16 01:00:00,15,4,16,1,0,974,416,ANCIENNE RN2 (2),21.35466,55.51403,Nuit sans éclairage public,Hors agglomération,Hors intersection,Normale,Deux véhicules - arrière,,,,,,,,,,,3,1,1,1,2
201500058238,0015-01-30 21:55:00,15,1,30,21,55,974,416,"204, GENERAL DE GAULLE(A",21.29251,55.46988,Nuit avec éclairage allumé,En agglomération,Hors intersection,Normale,Sans collision,,,,,,,,,,,5,2,1,1,7
201500058239,0015-11-26 00:50:00,15,11,26,0,50,974,416,LEBLOND 1 (RUE MARIUS ET,21.3381,55.47609,Nuit avec éclairage allumé,En agglomération,Intersection en X,Normale,Deux véhicules - côté,,,,,,,,,,,5,2,2,1,3
201500058240,0015-04-16 08:00:00,15,4,16,8,0,974,416,"10, MAURICE THOREZ(CH)",21.2769,55.47026,Crépuscule ou aube,En agglomération,Intersection en T,Normale,Deux véhicules - côté,,,,,,,,,,,2,2,3,1,3
201500058241,0015-11-28 04:55:00,15,11,28,4,55,974,416,RN3 (1),,,Crépuscule ou aube,Hors agglomération,Hors intersection,Normale,Deux véhicules - arrière,,,,,,,,,,,2,1,1,1,2
201500058242,0015-01-31 14:10:00,15,1,31,14,10,974,416,RN1 (ROUTE NATIONALE),,,Plein jour,Hors agglomération,Hors intersection,Normale,Deux véhicules - côté,,,,,,,,,,,1,1,1,1,3
201500058243,0015-04-16 11:25:00,15,4,16,11,25,974,416,RN1 (ROUTE NATIONALE),21.35466,55.51403,Plein jour,Hors agglomération,Hors intersection,Normale,Sans collision,,,,,,,,,,,1,1,1,1,7
201500058244,0015-11-20 13:05:00,15,11,20,13,5,974,416,RN2 (1),21.20591,55.30139,Plein jour,Hors agglomération,Hors intersection,Normale,Deux véhicules - côté,,,,,,,,,,,1,1,1,1,3
201500058245,0015-02-01 04:10:00,15,2,1,4,10,974,416,ANCIENNE RN 1,,,Nuit sans éclairage public,Hors agglomération,Hors intersection,Normale,Sans collision,,,,,,,,,,,3,1,1,1,7
201500058246,0015-04-18 17:26:00,15,4,18,17,26,974,416,"30, FOUR A CHAUX 2 (RUE",21.34249,55.47532,Plein jour,En agglomération,Hors intersection,Normale,Autre collision,,,,,,,,,,,1,2,1,1,6
201500058247,0015-11-08 22:55:00,15,11,8,22,55,974,416,"141, BASSIN PLAT(CHEMIN)",21.34109,55.51273,Nuit sans éclairage public,Hors agglomération,Hors intersection,Normale,Sans collision,,,,,,,,,,,3,1,1,1,7
201500058248,0015-02-02 00:35:00,15,2,2,0,35,974,416,"33, DELISLES (ROUTE HUBE",21.34355,55.47089,Nuit avec éclairage allumé,En agglomération,Hors intersection,Normale,Sans collision,,,,,,,,,,,5,2,1,1,7
201500058249,0015-04-19 21:40:00,15,4,19,21,40,974,416,ANCIENNE RN2,21.33309,55.48228,Nuit sans éclairage public,En agglomération,Hors intersection,Normale,Deux véhicules - frontale,,,,,,,,,,,3,2,1,1,1
201500058250,0015-02-02 06:35:00,15,2,2,6,35,974,416,"SANS, GENERAL DE GAULLE",,,Crépuscule ou aube,En agglomération,Hors intersection,Normale,Deux véhicules - arrière,,,,,,,,,,,2,2,1,1,2
201500058251,0015-04-21 08:05:00,15,4,21,8,5,974,416,ANCIENNE RN2,,55.29038,Plein jour,En agglomération,Hors intersection,Normale,Deux véhicules - côté,,,,,,,,,,,1,2,1,1,3
201500058252,0015-02-06 21:50:00,15,2,6,21,50,974,416,"SANS, BOEUF (CHEMIN) (1)",21.2943,55.46026,Nuit sans éclairage public,Hors agglomération,Intersection en X,Normale,Deux véhicules - frontale,,,,,,,,,,,3,1,2,1,1
201500058253,0015-04-21 08:00:00,15,4,21,8,0,974,416,ARCHAMBAUD (RUE),,55.28572,Plein jour,En agglomération,Hors intersection,Normale,Deux véhicules - frontale,,,,,,,,,,,1,2,1,1,1
201500058254,0015-11-07 19:00:00,15,11,7,19,0,974,416,"27, DIAGONAL (CHEMIN) (1",,55.28162,Crépuscule ou aube,En agglomération,Hors intersection,Normale,Autre collision,,,,,,,,,,,2,2,1,1,6
201500058255,0015-02-07 06:30:00,15,2,7,6,30,974,416,RN3 (3),21.33117,55.45609,Crépuscule ou aube,Hors agglomération,Hors intersection,Normale,Sans collision,,,,,,,,,,,2,1,1,1,7
201500058256,0015-04-22 12:10:00,15,4,22,12,10,974,416,BASSIN PLAT(CHEMIN),21.32465,55.44716,Plein jour,Hors agglomération,Hors intersection,Normale,Deux véhicules - côté,,,,,,,,,,,1,1,1,1,3
201500058257,0015-09-04 17:55:00,15,9,4,17,55,974,416,"30, GENERAL DE GAULLE(AV",,55.30415,Crépuscule ou aube,En agglomération,Hors intersection,Normale,Autre collision,,,,,,,,,,,2,2,1,1,6
201500058258,0015-02-08 03:40:00,15,2,8,3,40,974,416,RN1,,,Nuit sans éclairage public,Hors agglomération,Hors intersection,Normale,Sans collision,,,,,,,,,,,3,1,1,1,7
201500058259,0015-04-22 14:10:00,15,4,22,14,10,974,416,CROIX DE JUBILE (CHEMIN,21.34323,55.48673,Plein jour,En agglomération,Intersection en T,Normale,Deux véhicules - côté,,,,,,,,,,,1,2,3,1,3
201500058260,0015-09-24 11:10:00,15,9,24,11,10,974,416,"10, BANK (BOULEVARD)",,55.28296,Plein jour,En agglomération,Hors intersection,Normale,Autre collision,,,,,,,,,,,1,2,1,1,6
201500058261,0015-02-08 23:47:00,15,2,8,23,47,974,416,RN3 (1),,,Nuit sans éclairage public,Hors agglomération,Hors intersection,Normale,Sans collision,,,,,,,,,,,3,1,1,1,7
201500058262,0015-04-22 19:00:00,15,4,22,19,0,974,416,RN1,,,Nuit sans éclairage public,Hors agglomération,Hors intersection,Normale,Deux véhicules - arrière,,,,,,,,,,,3,1,1,1,2
201500058263,0015-09-26 03:15:00,15,9,26,3,15,974,416,RN1 (ROUTE NATIONALE),,,Nuit sans éclairage public,Hors agglomération,Hors intersection,Normale,Deux véhicules - frontale,,,,,,,,,,,3,1,1,1,1
201500058264,0015-02-09 11:50:00,15,2,9,11,50,974,416,"SANS, SAINT EXPEDIT(RUE)",21.34557,55.48367,Plein jour,En agglomération,Intersection en T,Normale,Autre collision,,,,,,,,,,,1,2,3,1,6
201500058265,0015-04-23 08:05:00,15,4,23,8,5,974,416,AUGUSTIN ARCHAMBAUD(RUE),21.32419,55.48673,Plein jour,En agglomération,Hors intersection,Normale,Deux véhicules - arrière,,,,,,,,,,,1,2,1,1,2
201500058266,0015-11-11 18:10:00,15,11,11,18,10,974,416,"50, HUBERT DE LISLE(BOUL",21.34354,55.47051,Crépuscule ou aube,En agglomération,Hors intersection,Normale,Autre collision,,,,,,,,,,,2,2,1,1,6
201500058267,0015-02-09 19:45:00,15,2,9,19,45,974,416,"76, HIPPOLYTE  PIOT (RUE",21.29739,55.45206,Nuit avec éclairage allumé,En agglomération,Hors intersection,Normale,Sans collision,,,,,,,,,,,5,2,1,1,7
201500058268,0015-05-07 19:00:00,15,5,7,19,0,974,416,RN1(BRETELLE ACCES),21.32803,55.45193,Crépuscule ou aube,Hors agglomération,Hors intersection,Normale,Trois véhicules et plus - en chaîne,,,,,,,,,,,2,1,1,1,4
201500058269,0015-11-09 17:22:00,15,11,9,17,22,974,416,"81, ENTRE DEUX (CHEMIN)",21.29697,55.44049,Plein jour,Hors agglomération,Hors intersection,Normale,Deux véhicules - côté,,,,,,,,,,,1,1,1,1,3