accident_id,datetime,annee,mois,jour,heure,minute,departement,commune_insee,adresse,latitude,longitude,luminosite,agglomeration,intersection,meteo,collision,nb_vehicules,nb_usagers,nb_indemnes,nb_tues,nb_blesses_hosp,nb_blesses_legers,age_cond_1,age_cond_2,veh_type_cond_1,veh_type_cond_2,lum_code,agg_code,int_code,atm_code,col_code
201500058270,0015-02-12 08:25:00,15,2,12,8,25,974,416,"9, BENARD (CHEMIN ANACLE",21.28944,55.47834,Crépuscule ou aube,Hors agglomération,Hors intersection,Normale,Deux véhicules - arrière,,,,,,,,,,,2,1,1,1,2
201500058271,0015-05-07 18:10:00,15,5,7,18,10,974,416,RN3 (3),,55.29242,Crépuscule ou aube,Hors agglomération,Hors intersection,Normale,Trois véhicules et plus - en chaîne,,,,,,,,,,,2,1,1,1,4
201500058272,0015-02-12 08:55:00,15,2,12,8,55,974,416,"SANS, TROIS MARRE (CHEMI",21.29618,55.44764,Plein jour,Hors agglomération,Hors intersection,Normale,Deux véhicules - arrière,,,,,,,,,,,1,1,1,1,2
201500058273,0015-05-16 21:55:00,15,5,16,21,55,974,405,RN2 (1),,,Nuit sans éclairage public,Hors agglomération,Hors intersection,Normale,Deux véhicules - arrière,,,,,,,,,,,3,1,1,1,2
201500058274,0015-02-12 12:15:00,15,2,12,12,15,974,416,"SANS, DIAGONAL (CHEMIN)",21.29593,55.47191,Plein jour,Hors agglomération,Intersection en T,Normale,Deux véhicules - côté,,,,,,,,,,,1,1,3,1,3
201500058275,0015-05-08 01:55:00,15,5,8,1,55,974,416,"10, MAHY (RUE FRANCOIS D",21.33811,55.47609,Nuit avec éclairage allumé,En agglomération,Intersection en T,Normale,Deux véhicules - côté,,,,,,,,,,,5,2,3,1,3
201500058276,0015-11-10 18:00:00,15,11,10,18,0,974,416,"1, ALBANY (RUE JEAN)",21.33865,55.4651,Crépuscule ou aube,En agglomération,Hors intersection,Normale,Sans collision,,,,,,,,,,,2,2,1,1,7
201500058277,0015-02-12 13:40:00,15,2,12,13,40,974,416,"SANS, GENERAL DE GAULLE",,,Plein jour,En agglomération,Hors intersection,Normale,Sans collision,,,,,,,,,,,1,2,1,1,7
201500058278,0015-05-09 18:17:00,15,5,9,18,17,974,416,RN3 (1),21.33055,55.46861,Crépuscule ou aube,Hors agglomération,Hors intersection,Pluie légère,Deux véhicules - arrière,,,,,,,,,,,2,1,1,2,2
201500058279,0015-12-20 16:40:00,15,12,20,16,40,974,416,"40, GENERAL DE GAULLE(AV",21.35381,55.51227,Plein jour,En agglomération,Hors intersection,Normale,Autre collision,,,,,,,,,,,1,2,1,1,6
201500058280,0015-02-13 16:40:00,15,2,13,16,40,974,416,"SANS, PRESIDENT MITTERAN",,,Plein jour,En agglomération,Hors intersection,Normale,Deux véhicules - arrière,,,,,,,,,,,1,2,1,1,2
201500058281,0015-05-09 20:35:00,15,5,9,20,35,974,416,RN1,21.33126,55.45601,Nuit sans éclairage public,Hors agglomération,Hors intersection,Pluie légère,Autre collision,,,,,,,,,,,3,1,1,2,6
201500058282,0015-12-10 02:15:00,15,12,10,2,15,974,416,"49, ISAUTIER (RUE FRANCO",21.33745,55.47383,Nuit avec éclairage allumé,En agglomération,Intersection en X,Normale,Deux véhicules - côté,,,,,,,,,,,5,2,2,1,3
201500058283,0015-02-17 13:45:00,15,2,17,13,45,974,416,"SANS, DAMBREVILLE (RUE)",,,Plein jour,En agglomération,Hors intersection,Normale,Sans collision,,,,,,,,,,,1,2,1,1,7
201500058284,0015-05-11 11:00:00,15,5,11,11,0,974,416,"50, LORION(RUE LUC)",21.33608,55.47049,Plein jour,En agglomération,Hors intersection,Normale,Autre collision,,,,,,,,,,,1,2,1,1,6
201500058285,0015-02-17 23:49:00,15,2,17,23,49,974,416,RN3 (1),,,Nuit sans éclairage public,Hors agglomération,Hors intersection,Normale,Sans collision,,,,,,,,,,,3,1,1,1,7
201500058286,0015-05-13 16:20:00,15,5,13,16,20,974,416,"30, L'ENTRE DEUX(ROUTE D",21.29601,55.44407,Plein jour,En agglomération,Hors intersection,Normale,Deux véhicules - arrière,,,,,,,,,,,1,2,1,1,2
201500058287,0015-02-18 19:25:00,15,2,18,19,25,974,416,"SANS, COLARDEAU (CHEMIN",,,Nuit sans éclairage public,En agglomération,Intersection en X,Normale,Deux véhicules - frontale,,,,,,,,,,,3,2,2,1,1
201500058288,0015-05-15 18:40:00,15,5,15,18,40,974,416,"40, OCEANITES (AVENUE DE",21.32753,55.47061,Plein jour,Hors agglomération,Hors intersection,Normale,Deux véhicules - côté,,,,,,,,,,,1,1,1,1,3
201500058289,0015-11-09 00:50:00,15,11,9,0,50,974,416,RN3 (3),,55.29509,Nuit sans éclairage public,Hors agglomération,Hors intersection,Normale,Autre collision,,,,,,,,,,,3,1,1,1,6
201500058290,0015-02-20 12:10:00,15,2,20,12,10,974,416,RN2 (1),,,Plein jour,Hors agglomération,Hors intersection,Normale,Deux véhicules - arrière,,,,,,,,,,,1,1,1,1,2
201500058291,0015-05-16 14:45:00,15,5,16,14,45,974,416,"26, ROLLAND GARROS (CHEM",21.337,55.51833,Plein jour,En agglomération,Hors intersection,Normale,Deux véhicules - frontale,,,,,,,,,,,1,2,1,1,1
201500058292,0015-12-11 19:40:00,15,12,11,19,40,974,416,"12, JEAN XXIII (RUE)",21.34181,55.48201,Nuit avec éclairage allumé,En agglomération,Hors intersection,Normale,Autre collision,,,,,,,,,,,5,2,1,1,6
201500058293,0015-02-20 16:16:00,15,2,20,16,16,974,416,"SANS, BABET (RUE AUGUSTE",,,Plein jour,En agglomération,Intersection en T,Normale,Sans collision,,,,,,,,,,,1,2,3,1,7
201500058294,0015-05-18 06:20:00,15,5,18,6,20,974,416,"65, STEPHANE (CHEMIN)",21.2634,55.48394,Crépuscule ou aube,Hors agglomération,Hors intersection,Normale,Deux véhicules - frontale,,,,,,,,,,,2,1,1,1,1
201500058295,0015-02-23 18:10:00,15,2,23,18,10,974,416,RN3 (2),,,Crépuscule ou aube,En agglomération,Hors intersection,Normale,Deux véhicules - arrière,,,,,,,,,,,2,2,1,1,2
201500058296,0015-05-20 17:25:00,15,5,20,17,25,974,416,"70, LEBLOND 1 (RUE MARIU",21.3351,55.46491,Plein jour,En agglomération,Hors intersection,Normale,Autre collision,,,,,,,,,,,1,2,1,1,6
201500058297,0015-02-23 20:20:00,15,2,23,20,20,974,416,"SANS, CHATEAU D'EAU (CHE",,,Nuit avec éclairage allumé,En agglomération,Hors intersection,Normale,Deux véhicules - frontale,,,,,,,,,,,5,2,1,1,1
201500058298,0015-05-21 13:00:00,15,5,21,13,0,974,416,"30, JOSEPH HUBERT(RUE)",21.33236,55.47362,Plein jour,En agglomération,Intersection en T,Normale,Deux véhicules - côté,,,,,,,,,,,1,2,3,1,3
201500058299,0015-02-24 16:15:00,15,2,24,16,15,974,416,"SANS, DE LA ZONE(ALLEE)",,,Plein jour,Hors agglomération,Hors intersection,Normale,Deux véhicules - côté,,,,,,,,,,,1,1,1,1,3
201500058300,0015-05-22 15:30:00,15,5,22,15,30,974,416,"46, ARCHAMBAUD (RUE)",21.3303,55.47947,Plein jour,En agglomération,Intersection en T,Normale,Deux véhicules - côté,,,,,,,,,,,1,2,3,1,3
201500058301,0015-02-25 00:30:00,15,2,25,0,30,974,416,"SANS, FOUR A CHAUX 1 (RU",,,Nuit avec éclairage allumé,En agglomération,Intersection en X,Normale,Deux véhicules - côté,,,,,,,,,,,5,2,2,1,3
201500058302,0015-05-22 16:43:00,15,5,22,16,43,974,416,"22, FOUR A CHAUX(RUE DU)",21.34099,55.47025,Plein jour,En agglomération,Intersection en T,Normale,Autre collision,,,,,,,,,,,1,2,3,1,6
201500058303,0015-02-27 08:10:00,15,2,27,8,10,974,416,RN3 (1),,,Plein jour,Hors agglomération,Hors intersection,Normale,Trois véhicules et plus - en chaîne,,,,,,,,,,,1,1,1,1,4
201500058304,0015-05-22 22:00:00,15,5,22,22,0,974,416,ANCIENNE RN 1,,55.26295,Nuit sans éclairage public,Hors agglomération,Intersection en T,Normale,Deux véhicules - frontale,,,,,,,,,,,3,1,3,1,1
201500058305,0015-02-28 01:35:00,15,2,28,1,35,974,416,"37, BADAMIER (CHEMIN)",,,Nuit sans éclairage public,Hors agglomération,Hors intersection,Normale,Deux véhicules - frontale,,,,,,,,,,,3,1,1,1,1
201500058306,0015-05-30 02:45:00,15,5,30,2,45,974,416,RN1 (ROUTE NATIONALE),,,Nuit sans éclairage public,Hors agglomération,Hors intersection,Normale,Trois véhicules et plus - en chaîne,,,,,,,,,,,3,1,1,1,4
201500058307,0015-03-03 08:30:00,15,3,3,8,30,974,416,"SANS, LIGNE PARADIS(ROUT",,,Plein jour,En agglomération,Hors intersection,Normale,Sans collision,,,,,,,,,,,1,2,1,1,7
201500058308,0015-05-30 14:25:00,15,5,30,14,25,974,416,"30, SAUVEUR (CHEMIN SAIN",21.28919,55.50744,Plein jour,En agglomération,Intersection en T,Normale,Deux véhicules - côté,,,,,,,,,,,1,2,3,1,3
201500058309,0015-03-06 14:15:00,15,3,6,14,15,974,416,"SANS, BANK (BOULEVARD)",21.33146,55.47742,Plein jour,En agglomération,Hors intersection,Normale,Deux véhicules - côté,,,,,,,,,,,1,2,1,1,3
201500058310,0015-06-01 09:15:00,15,6,1,9,15,974,416,RN3 (2),21.32244,55.48711,Plein jour,Hors agglomération,Hors intersection,Normale,Deux véhicules - côté,,,,,,,,,,,1,1,1,1,3
201500058311,0015-06-01 19:45:00,15,6,1,19,45,974,416,"45, SALETTE (CHEMIN DE L",21.3295,55.47399,Crépuscule ou aube,En agglomération,Intersection en T,Normale,Deux véhicules - frontale,,,,,,,,,,,2,2,3,1,1
201500058312,0015-03-11 22:55:00,15,3,11,22,55,974,416,RN1,,,Nuit avec éclairage allumé,En agglomération,Hors intersection,Normale,Sans collision,,,,,,,,,,,5,2,1,1,7
201500058313,0015-06-02 13:30:00,15,6,2,13,30,974,416,"50, HIPPOLYTE  PIOT (RUE",21.2991,55.45455,Plein jour,En agglomération,Hors intersection,Normale,Autre collision,,,,,,,,,,,1,2,1,1,6
201500058314,0015-03-13 08:40:00,15,3,13,8,40,974,416,"404, STEPHANE (CHEMIN)",21.2817,55.48063,Plein jour,Hors agglomération,Hors intersection,Normale,Sans collision,,,,,,,,,,,1,1,1,1,7
201500058315,0015-06-03 08:08:00,15,6,3,8,8,974,416,"70, PRESIDENT MITTERAND(",21.34439,55.4833,Plein jour,En agglomération,Hors intersection,Normale,Deux véhicules - arrière,,,,,,,,,,,1,2,1,1,2
201500058316,0015-03-13 20:17:00,15,3,13,20,17,974,416,"536, STEPHANE (CHEMIN)",,,Nuit sans éclairage public,Hors agglomération,Hors intersection,Normale,Trois véhicules et plus - collisions multiples,,,,,,,,,,,3,1,1,1,5
201500058317,0015-06-05 18:50:00,15,6,5,18,50,974,416,RN3 (2),21.31256,55.49522,Crépuscule ou aube,Hors agglomération,Hors intersection,Normale,Deux véhicules - arrière,,,,,,,,,,,2,1,1,1,2
201500058318,0015-03-15 06:10:00,15,3,15,6,10,974,416,"SANS, LORION (RUE LUC)",21.33413,55.47118,Crépuscule ou aube,En agglomération,Hors intersection,Normale,Sans collision,,,,,,,,,,,2,2,1,1,7
201500058319,0015-06-07 18:30:00,15,6,7,18,30,974,416,RN1,,55.27302,Crépuscule ou aube,Hors agglomération,Hors intersection,Normale,Autre collision,,,,,,,,,,,2,1,1,1,6
201500058320,0015-03-17 12:15:00,15,3,17,12,15,974,416,"SANS, ISAUTIER (AVENUE C",21.31486,55.45469,Plein jour,En agglomération,Intersection en T,Normale,Deux véhicules - frontale,,,,,,,,,,,1,2,3,1,1
201500058321,0015-06-11 15:00:00,15,6,11,15,0,974,416,"45, CONCESSION CONDE(CHE",21.29916,55.49664,Plein jour,En agglomération,Hors intersection,Normale,Autre collision,,,,,,,,,,,1,2,1,1,6
201500058322,0015-06-14 01:30:00,15,6,14,1,30,974,416,"50, ENTRE DEUX (CHEMIN)",21.29634,55.44138,Nuit sans éclairage public,Hors agglomération,Hors intersection,Normale,Autre collision,,,,,,,,,,,3,1,1,1,6
201500058323,0015-03-18 17:35:00,15,3,18,17,35,974,416,"SANS, PRESBYTERE (RUE DU",21.33504,55.47345,Plein jour,En agglomération,Intersection en X,Normale,Sans collision,,,,,,,,,,,1,2,2,1,7
201500058324,0015-03-19 10:15:00,15,3,19,10,15,974,416,"480, BOISSY(CHEMIN)",21.31127,55.53928,Plein jour,Hors agglomération,Hors intersection,Normale,Deux véhicules - frontale,,,,,,,,,,,1,1,1,1,1
201500058325,0015-06-16 16:25:00,15,6,16,16,25,974,416,RN1 (ROUTE NATIONALE),21.29405,55.41501,Plein jour,Hors agglomération,Hors intersection,Normale,Trois véhicules et plus - en chaîne,,,,,,,,,,,1,1,1,1,4
201500058326,0015-06-18 10:40:00,15,6,18,10,40,974,416,"14, SCHOELCHER (RUE VICT",21.3323,55.47559,Plein jour,En agglomération,Hors intersection,Normale,Autre collision,,,,,,,,,,,1,2,1,1,6
201500058327,0015-03-21 12:45:00,15,3,21,12,45,974,416,RN3 (1),,,Plein jour,Hors agglomération,Hors intersection,Normale,Sans collision,,,,,,,,,,,1,1,1,1,7
201500058328,0015-03-22 00:51:00,15,3,22,0,51,974,416,"151, BADAMIER (CHEMIN)",21.3034,55.46019,Nuit sans éclairage public,En agglomération,Hors intersection,Normale,Autre collision,,,,,,,,,,,3,2,1,1,6
201500058329,0015-06-20 22:40:00,15,6,20,22,40,974,416,ANCIENNE RN 1,21.3058,55.42754,Nuit sans éclairage public,Hors agglomération,Hors intersection,Normale,Autre collision,,,,,,,,,,,3,1,1,1,6
201500058330,0015-06-23 17:20:00,15,6,23,17,20,974,416,"10, BABET (RUE AUGUSTE)",21.34111,55.47872,Plein jour,En agglomération,Hors intersection,Normale,Autre collision,,,,,,,,,,,1,2,1,1,6
201500058331,0015-03-22 18:00:00,15,3,22,18,0,974,416,"SANS, DE LA SALETTE(CHEM",,,Crépuscule ou aube,En agglomération,Hors intersection,Normale,Deux véhicules - côté,,,,,,,,,,,2,2,1,1,3
201500058332,0015-03-27 05:40:00,15,3,27,5,40,974,416,"5, HOARAU (RUE PIERRE RA",,,Nuit avec éclairage allumé,En agglomération,Hors intersection,Normale,Sans collision,,,,,,,,,,,5,2,1,1,7
201500058333,0015-06-24 08:15:00,15,6,24,8,15,974,416,"20, VILRIS(CHEMIN)",21.29811,55.45128,Plein jour,En agglomération,Hors intersection,Normale,Autre collision,,,,,,,,,,,1,2,1,1,6
201500058334,0015-06-26 04:20:00,15,6,26,4,20,974,416,RN1(BRETELLE ACCES),21.30501,55.42897,Nuit sans éclairage public,Hors agglomération,Hors intersection,Normale,Autre collision,,,,,,,,,,,3,1,1,1,6
201500058335,0015-03-27 08:15:00,15,3,27,8,15,974,416,"SANS, BABET (RUE A)",,,Crépuscule ou aube,En agglomération,Hors intersection,Normale,Trois véhicules et plus - en chaîne,,,,,,,,,,,2,2,1,1,4
201500058336,0015-03-28 16:55:00,15,3,28,16,55,974,416,"SANS, LEGROS (CHEMIN PAU",,,Plein jour,En agglomération,Hors intersection,Normale,Deux véhicules - arrière,,,,,,,,,,,1,2,1,1,2
201500058337,0015-06-26 13:35:00,15,6,26,13,35,974,416,RN3 (2),,55.29551,Plein jour,Hors agglomération,Hors intersection,Normale,Autre collision,,,,,,,,,,,1,1,1,1,6
201500058338,0015-03-29 06:00:00,15,3,29,6,0,974,416,"SANS, ENTRE DEUX (CHEMIN",,,Crépuscule ou aube,Hors agglomération,Hors intersection,Normale,Sans collision,,,,,,,,,,,2,1,1,1,7
201500058339,0015-07-01 18:55:00,15,7,1,18,55,974,416,"20, PAUL LEGROS(CHEMIN)",21.28921,55.3751,Crépuscule ou aube,En agglomération,Intersection en T,Normale,Deux véhicules - côté,,,,,,,,,,,2,2,3,1,3
201500058340,0015-03-29 14:50:00,15,3,29,14,50,974,416,"SANS, DELISLES (ROUTE HU",,,Plein jour,En agglomération,Hors intersection,Normale,Deux véhicules - côté,,,,,,,,,,,1,2,1,1,3
201500058341,0015-07-05 16:25:00,15,7,5,16,25,974,416,"30, ARAGOT (CHEMIN ANTOI",21.32812,55.47373,Plein jour,En agglomération,Intersection en T,Normale,Autre collision,,,,,,,,,,,1,2,3,1,6
201500058342,0015-06-03 17:50:00,15,6,3,17,50,974,416,"11, THEODORE THOMAS(RUE)",21.32466,55.48227,Crépuscule ou aube,En agglomération,Hors intersection,Normale,Deux véhicules - frontale,,,,,,,,,,,2,2,1,1,1
201500058343,0015-03-29 17:40:00,15,3,29,17,40,974,416,"44 BIS, CONCESSION CONDE",,,Plein jour,En agglomération,Hors intersection,Normale,Sans collision,,,,,,,,,,,1,2,1,1,7
201500058344,0015-07-07 23:20:00,15,7,7,23,20,974,416,RN1 (ROUTE NATIONALE),21.29882,55.42086,Nuit sans éclairage public,Hors agglomération,Hors intersection,Normale,Deux véhicules - frontale,,,,,,,,,,,3,1,1,1,1
201500058345,0015-03-30 07:50:00,15,3,30,7,50,974,416,"SANS, RECHERCHANT (RUE A",21.28328,55.4771,Plein jour,En agglomération,Intersection en X,Normale,Sans collision,,,,,,,,,,,1,2,2,1,7
201500058346,0015-07-30 03:11:00,15,7,30,3,11,974,416,RN1 (ROUTE NATIONALE),,,Nuit sans éclairage public,Hors agglomération,Hors intersection,Normale,Deux véhicules - arrière,,,,,,,,,,,3,1,1,1,2
201500058347,0015-03-30 09:05:00,15,3,30,9,5,974,416,RN2 (1),,,Plein jour,Hors agglomération,Hors intersection,Normale,Deux véhicules - arrière,,,,,,,,,,,1,1,1,1,2
201500058348,0015-07-05 20:40:00,15,7,5,20,40,974,416,"30, VERGES (AVENUE LAURE",21.29836,55.45733,Crépuscule ou aube,En agglomération,Hors intersection,Normale,Deux véhicules - frontale,,,,,,,,,,,2,2,1,1,1
201500058349,0015-07-06 07:20:00,15,7,6,7,20,974,416,"40, BASSIN PLAT(CHEMIN)",21.32719,55.49361,Plein jour,En agglomération,Intersection en T,Normale,Deux véhicules - côté,,,,,,,,,,,1,2,3,1,3
201500058350,0015-07-07 17:15:00,15,7,7,17,15,974,416,RN1 (ROUTE NATIONALE),21.29946,55.42216,Plein jour,Hors agglomération,Hors intersection,Normale,Autre collision,,,,,,,,,,,1,1,1,1,6
201500058351,0015-07-08 09:40:00,15,7,8,9,40,974,416,RN3 (3),,55.29528,Plein jour,Hors agglomération,Hors intersection,Normale,Autre collision,,,,,,,,,,,1,1,1,1,6
201500058352,0015-07-09 14:50:00,15,7,9,14,50,974,416,"60, MITTERAND (AVENUE DU",21.347,55.48967,Plein jour,En agglomération,Intersection en T,Normale,Autre collision,,,,,,,,,,,1,2,3,1,6
201500058353,0015-07-12 15:25:00,15,7,12,15,25,974,416,"361, GENERAL DE GAULLE(A",21.36145,55.53535,Plein jour,En agglomération,Hors intersection,Normale,Autre collision,,,,,,,,,,,1,2,1,1,6
201500058354,0015-07-13 11:00:00,15,7,13,11,0,974,416,"2, PRESBYTERE (RUE DU)",21.337,55.48013,Plein jour,En agglomération,Intersection en T,Normale,Deux véhicules - côté,,,,,,,,,,,1,2,3,1,3
201500058355,0015-07-13 23:55:00,15,7,13,23,55,974,416,RN1 (ROUTE NATIONALE),21.32146,55.44629,Nuit sans éclairage public,Hors agglomération,Hors intersection,Normale,Deux véhicules - frontale,,,,,,,,,,,3,1,1,1,1
201500058356,0015-07-14 09:30:00,15,7,14,9,30,974,416,"107, ARCHAMBAUD (RUE)",21.33019,55.4796,Plein jour,En agglomération,Hors intersection,Normale,Autre collision,,,,,,,,,,,1,2,1,1,6
201500058357,0015-07-16 15:30:00,15,7,16,15,30,974,416,"50, HIPPOLYTE  PIOT (RUE",21.2992,55.45469,Plein jour,En agglomération,Hors intersection,Normale,Autre collision,,,,,,,,,,,1,2,1,1,6
201500058358,0015-07-19 01:35:00,15,7,19,1,35,974,416,RN3 (1),,,Nuit sans éclairage public,Hors agglomération,Hors intersection,Normale,Autre collision,,,,,,,,,,,3,1,1,1,6
201500058359,0015-07-20 14:10:00,15,7,20,14,10,974,416,"131, AMIRAL LACAZE(RUE)",21.34831,55.48216,Plein jour,En agglomération,Hors intersection,Normale,Autre collision,,,,,,,,,,,1,2,1,1,6
201500058360,0015-07-21 16:10:00,15,7,21,16,10,974,416,"80, LIGNE PARADIS(ROUTE",21.3117,55.47293,Plein jour,En agglomération,Hors intersection,Normale,Deux véhicules - arrière,,,,,,,,,,,1,2,1,1,2
201500058361,0015-07-22 14:10:00,15,7,22,14,10,974,416,"235, GENERAL DE GAULLE(A",,55.31255,Plein jour,En agglomération,Hors intersection,Normale,Deux véhicules - côté,,,,,,,,,,,1,2,1,1,3
201500058362,0015-07-23 10:40:00,15,7,23,10,40,974,416,"23, HERMANN (RUE JULES)",21.32417,55.48071,Plein jour,En agglomération,Hors intersection,Normale,Deux véhicules - arrière,,,,,,,,,,,1,2,1,1,2
201500058363,0015-07-24 09:30:00,15,7,24,9,30,974,416,"25, HIPPOLYTE  PIOT (RUE",21.29761,55.45231,Plein jour,En agglomération,Hors intersection,Normale,Autre collision,,,,,,,,,,,1,2,1,1,6
201500058364,0015-07-26 09:15:00,15,7,26,9,15,974,416,"185, RECHERCHANT(RUE ADR",,55.29028,Plein jour,En agglomération,Hors intersection,Normale,Deux véhicules - frontale,,,,,,,,,,,1,2,1,1,1
201500058365,0015-07-30 18:30:00,15,7,30,18,30,974,416,", PRESBYTERE(RUE)",21.33446,55.47159,Plein jour,En agglomération,Hors intersection,Normale,Sans collision,,,,,,,,,,,1,2,1,1,7
201500058366,0015-07-31 18:50:00,15,7,31,18,50,974,416,"45, BANK (BOULEVARD)",21.33065,55.47478,Crépuscule ou aube,En agglomération,Hors intersection,Normale,Deux véhicules - arrière,,,,,,,,,,,2,2,1,1,2
201500058367,0015-08-01 07:20:00,15,8,1,7,20,974,416,RN1(BRETELLE ACCES),21.33041,55.45557,Plein jour,Hors agglomération,Hors intersection,Normale,Autre collision,,,,,,,,,,,1,1,1,1,6
201500058368,0015-08-04 05:30:00,15,8,4,5,30,974,416,"50, PERE MAITRE(RUE DU)",21.28564,55.46875,Nuit sans éclairage public,En agglomération,Hors intersection,Normale,Autre collision,,,,,,,,,,,3,2,1,1,6
201500058369,0015-08-06 09:45:00,15,8,6,9,45,974,416,RN2 (1),,,Plein jour,Hors agglomération,Hors intersection,Normale,Autre collision,,,,,,,,,,,1,1,1,1,6
201500058370,0015-08-09 19:30:00,15,8,9,19,30,974,416,"100, L'ENTRE DEUX(ROUTE",,,Crépuscule ou aube,En agglomération,Hors intersection,Normale,Deux véhicules - frontale,,,,,,,,,,,2,2,1,1,1
201500058371,0015-08-10 10:55:00,15,8,10,10,55,974,416,RN1(BRETELLE ACCES),,55.27146,Plein jour,Hors agglomération,Hors intersection,Normale,Autre collision,,,,,,,,,,,1,1,1,1,6
201500058372,0015-08-10 17:20:00,15,8,10,17,20,974,416,"20, VERGES (AVENUE LAURE",21.29869,55.45617,Plein jour,En agglomération,Hors intersection,Normale,Deux véhicules - frontale,,,,,,,,,,,1,2,1,1,1
201500058373,0015-08-12 09:10:00,15,8,12,9,10,974,416,"5, CD 26",21.30398,55.42909,Plein jour,Hors agglomération,Giratoire,Normale,Deux véhicules - arrière,,,,,,,,,,,1,1,6,1,2
201500058374,0015-08-12 16:40:00,15,8,12,16,40,974,416,RN1 (ROUTE NATIONALE),21.32538,55.44778,Plein jour,Hors agglomération,Hors intersection,Normale,Trois véhicules et plus - en chaîne,,,,,,,,,,,1,1,1,1,4
201500058375,0015-08-13 12:00:00,15,8,13,12,0,974,416,"11, ANCIENNE RN 1",,55.26421,Plein jour,En agglomération,Hors intersection,Normale,Deux véhicules - côté,,,,,,,,,,,1,2,1,1,3
201500058376,0015-08-14 18:20:00,15,8,14,18,20,974,416,"30, RECHERCHANT (RUE ADR",,,Crépuscule ou aube,En agglomération,Intersection en T,Normale,Deux véhicules - côté,,,,,,,,,,,2,2,3,1,3
201500058377,0015-08-15 09:10:00,15,8,15,9,10,974,416,RN3 (3),21.30401,55.49978,Plein jour,Hors agglomération,Hors intersection,Normale,Deux véhicules - arrière,,,,,,,,,,,1,1,1,1,2
201500058378,0015-08-15 13:15:00,15,8,15,13,15,974,416,"35, BASSIN 18 (ALLEE)",21.35261,55.50707,Plein jour,En agglomération,Hors intersection,Normale,Deux véhicules - arrière,,,,,,,,,,,1,2,1,1,2
201500058379,0015-08-16 11:12:00,15,8,16,11,12,974,416,"55, LIGNE PARADIS(ROUTE",21.31942,55.48172,Plein jour,En agglomération,Intersection en T,Normale,Deux véhicules - frontale,,,,,,,,,,,1,2,3,1,1
201500058380,0015-08-16 11:55:00,15,8,16,11,55,974,416,"364, STEPHANE (CHEMIN)",21.26997,55.49417,Plein jour,En agglomération,Hors intersection,Normale,Trois véhicules et plus - collisions multiples,,,,,,,,,,,1,2,1,1,5
201500058381,0015-08-19 08:30:00,15,8,19,8,30,974,416,"59, SAVANE (CHEMIN DE LA",21.29681,55.44934,Plein jour,En agglomération,Hors intersection,Normale,Autre collision,,,,,,,,,,,1,2,1,1,6
201500058382,0015-08-19 16:15:00,15,8,19,16,15,974,416,ANCIENNE RN2 (2),21.32789,55.47051,Plein jour,Hors agglomération,Hors intersection,Normale,Trois véhicules et plus - en chaîne,,,,,,,,,,,1,1,1,1,4
201500058383,0015-08-20 12:00:00,15,8,20,12,0,974,416,"28, LEBLOND 1 (RUE MARIU",21.33839,55.47722,Plein jour,En agglomération,Hors intersection,Normale,Autre collision,,,,,,,,,,,1,2,1,1,6
201500058384,0015-08-24 13:10:00,15,8,24,13,10,974,416,"33, AUBEPINES (CHEMINS D",21.34151,55.48475,Plein jour,En agglomération,Hors intersection,Normale,Autre collision,,,,,,,,,,,1,2,1,1,6
201500058385,0015-08-25 16:39:00,15,8,25,16,39,974,416,"20, BONS ENFANTS (RUE DE",21.34079,55.47738,Plein jour,En agglomération,Hors intersection,Normale,Autre collision,,,,,,,,,,,1,2,1,1,6
201500058386,0015-08-30 13:40:00,15,8,30,13,40,974,416,"10, ROBINET DE LA SERVE",21.33081,55.48095,Plein jour,En agglomération,Intersection en T,Normale,Deux véhicules - côté,,,,,,,,,,,1,2,3,1,3
201500058387,0015-08-31 14:05:00,15,8,31,14,5,974,416,"5, BASSIN PLAT(CHEMIN)",21.32539,55.49051,Plein jour,En agglomération,Hors intersection,Normale,Deux véhicules - côté,,,,,,,,,,,1,2,1,1,3
201500058388,0015-09-01 13:30:00,15,9,1,13,30,974,416,"144, LENORMAND(CHEMIN)",21.28115,55.47364,Plein jour,En agglomération,Hors intersection,Normale,Autre collision,,,,,,,,,,,1,2,1,1,6
201500058389,0015-09-01 17:30:00,15,9,1,17,30,974,416,RN3 (2),,55.29561,Plein jour,Hors agglomération,Hors intersection,Normale,Trois véhicules et plus - en chaîne,,,,,,,,,,,1,1,1,1,4
201500058390,0015-09-02 19:00:00,15,9,2,19,0,974,416,"202, LEBLOND 1 (RUE MARI",21.33504,55.46494,Crépuscule ou aube,En agglomération,Hors intersection,Normale,Autre collision,,,,,,,,,,,2,2,1,1,6
201500058391,0015-09-04 09:05:00,15,9,4,9,5,974,416,RN3 (3),,,Plein jour,Hors agglomération,Hors intersection,Normale,Deux véhicules - frontale,,,,,,,,,,,1,1,1,1,1
201500058392,0015-09-04 13:30:00,15,9,4,13,30,974,416,RN3 (3),,55.29202,Plein jour,Hors agglomération,Hors intersection,Normale,Autre collision,,,,,,,,,,,1,1,1,1,6
201500058393,0015-09-09 15:30:00,15,9,9,15,30,974,416,"58, BADAMIER(CHEMIN)",21.30592,55.45808,Plein jour,En agglomération,Hors intersection,Normale,Deux véhicules - frontale,,,,,,,,,,,1,2,1,1,1
201500058394,0015-09-11 00:27:00,15,9,11,0,27,974,416,"41, BABET (RUE)",21.33737,55.47995,Nuit avec éclairage allumé,En agglomération,Hors intersection,Normale,Autre collision,,,,,,,,,,,5,2,1,1,6