accident_id,datetime,annee,mois,jour,heure,minute,departement,commune_insee,adresse,latitude,longitude,luminosite,agglomeration,intersection,meteo,collision,nb_vehicules,nb_usagers,nb_indemnes,nb_tues,nb_blesses_hosp,nb_blesses_legers,age_cond_1,age_cond_2,veh_type_cond_1,veh_type_cond_2,lum_code,agg_code,int_code,atm_code,col_code
201500058395,0015-09-13 17:40:00,15,9,13,17,40,974,416,RN2 (2),,55.29038,Plein jour,Hors agglomération,Hors intersection,Normale,Deux véhicules - arrière,,,,,,,,,,,1,1,1,1,2
201500058396,0015-09-16 08:00:00,15,9,16,8,0,974,416,"151, AUBEPINES(ALLEE DES",21.32743,55.49341,Plein jour,En agglomération,Hors intersection,Normale,Deux véhicules - côté,,,,,,,,,,,1,2,1,1,3
201500058397,0015-09-17 08:20:00,15,9,17,8,20,974,416,RN1 (ROUTE NATIONALE),,55.26498,Plein jour,Hors agglomération,Hors intersection,Normale,Autre collision,,,,,,,,,,,1,1,1,1,6
201500058398,0015-09-19 16:40:00,15,9,19,16,40,974,416,"9, CYRIAQUE CADET(CHEMIN",21.31384,55.54313,Plein jour,En agglomération,Hors intersection,Normale,Autre collision,,,,,,,,,,,1,2,1,1,6
201500058399,0015-09-21 10:00:00,15,9,21,10,0,974,416,"95, LORION(RUE LUC)",21.33273,55.47164,Plein jour,En agglomération,Hors intersection,Normale,Autre collision,,,,,,,,,,,1,2,1,1,6
201500058400,0015-09-22 17:20:00,15,9,22,17,20,974,416,"15, BABET (RUE AUGUSTE)",21.34055,55.47887,Plein jour,En agglomération,Hors intersection,Normale,Autre collision,,,,,,,,,,,1,2,1,1,6
201500058401,0015-09-23 17:40:00,15,9,23,17,40,974,416,"103, RECHERCHANT(RUE ADR",21.28982,55.48478,Plein jour,En agglomération,Hors intersection,Normale,Autre collision,,,,,,,,,,,1,2,1,1,6
201500058402,0015-09-26 17:35:00,15,9,26,17,35,974,416,"79, LORION(RUE LUC)",21.33492,55.47089,Plein jour,En agglomération,Hors intersection,Normale,Autre collision,,,,,,,,,,,1,2,1,1,6
201500058403,0015-09-27 07:20:00,15,9,27,7,20,974,416,"20, BANCOULE (CHEMIN)",21.29479,55.45192,Plein jour,En agglomération,Hors intersection,Normale,Autre collision,,,,,,,,,,,1,2,1,1,6
201500058404,0015-09-27 14:10:00,15,9,27,14,10,974,416,"111, HUBERT DE LISLE(BOU",21.34358,55.46788,Plein jour,En agglomération,Hors intersection,Normale,Deux véhicules - côté,,,,,,,,,,,1,2,1,1,3
201500058405,0015-10-01 07:25:00,15,10,1,7,25,974,416,RN3 (2),,55.29535,Plein jour,Hors agglomération,Hors intersection,Normale,Deux véhicules - arrière,,,,,,,,,,,1,1,1,1,2
201500058406,0015-10-01 13:15:00,15,10,1,13,15,974,416,"8, HUBERT DE LISLE(BOULE",21.34354,55.47667,Plein jour,En agglomération,Hors intersection,Normale,Deux véhicules - côté,,,,,,,,,,,1,2,1,1,3
201500058407,0015-10-02 18:25:00,15,10,2,18,25,974,416,RN2 (1),,55.29044,Crépuscule ou aube,Hors agglomération,Hors intersection,Normale,Trois véhicules et plus - en chaîne,,,,,,,,,,,2,1,1,1,4
201500058408,0015-10-08 00:05:00,15,10,8,0,5,974,416,"44, HUBERT DE LISLE(BOUL",21.34354,55.47323,Nuit avec éclairage allumé,En agglomération,Hors intersection,Normale,Trois véhicules et plus - collisions multiples,,,,,,,,,,,5,2,1,1,5
201500058409,0015-10-08 11:35:00,15,10,8,11,35,974,416,"8, CHARLES ISAUTIER(RUE)",21.3193,55.45152,Plein jour,En agglomération,Hors intersection,Normale,Deux véhicules - frontale,,,,,,,,,,,1,2,1,1,1
201500058410,0015-10-10 02:00:00,15,10,10,2,0,974,416,"7, LORION(RUE LUC)",21.34192,55.46867,Nuit avec éclairage allumé,En agglomération,Hors intersection,Normale,Deux véhicules - frontale,,,,,,,,,,,5,2,1,1,1
201500058411,0015-11-11 01:15:00,15,11,11,1,15,974,416,RN1 (ROUTE NATIONALE),,,Nuit sans éclairage public,Hors agglomération,Hors intersection,Normale,Autre collision,,,,,,,,,,,3,1,1,1,6
201500058412,0015-11-13 06:10:00,15,11,13,6,10,974,416,RN1,,55.27219,Plein jour,Hors agglomération,Hors intersection,Normale,Deux véhicules - frontale,,,,,,,,,,,1,1,1,1,1
201500058413,0015-11-14 11:20:00,15,11,14,11,20,974,416,CHARETTE (CHEMIN),,,Plein jour,Hors agglomération,Hors intersection,Normale,Trois véhicules et plus - collisions multiples,,,,,,,,,,,1,1,1,1,5
201500058414,0015-10-11 07:20:00,15,10,11,7,20,974,416,RN1(BRETELLE ACCES),,55.27164,Plein jour,Hors agglomération,Hors intersection,Normale,Deux véhicules - arrière,,,,,,,,,,,1,1,1,1,2
201500058415,0015-10-11 21:00:00,15,10,11,21,0,974,416,RN3 (1),,55.30488,Nuit sans éclairage public,Hors agglomération,Hors intersection,Normale,Deux véhicules - arrière,,,,,,,,,,,3,1,1,1,2
201500058416,0015-10-16 01:15:00,15,10,16,1,15,974,416,RN3 (2),,55.29543,Nuit sans éclairage public,Hors agglomération,Hors intersection,Normale,Deux véhicules - frontale,,,,,,,,,,,3,1,1,1,1
201500058417,0015-10-16 09:35:00,15,10,16,9,35,974,416,"27, PASTEUR (RUE)",21.28265,55.47294,Plein jour,En agglomération,Hors intersection,Normale,Deux véhicules - côté,,,,,,,,,,,1,2,1,1,3
201500058418,0015-10-16 11:50:00,15,10,16,11,50,974,416,RN1,,55.27046,Plein jour,Hors agglomération,Hors intersection,Normale,Deux véhicules - arrière,,,,,,,,,,,1,1,1,1,2
201500058419,0015-10-16 15:00:00,15,10,16,15,0,974,416,"18, PRESIDENT MITTERAND(",21.34276,55.48066,Plein jour,En agglomération,Hors intersection,Normale,Deux véhicules - arrière,,,,,,,,,,,1,2,1,1,2
201500058420,0015-10-16 17:45:00,15,10,16,17,45,974,416,RN1 (ROUTE NATIONALE),,55.27333,Crépuscule ou aube,Hors agglomération,Hors intersection,Normale,Deux véhicules - arrière,,,,,,,,,,,2,1,1,1,2
201500058421,0015-10-18 20:10:00,15,10,18,20,10,974,416,"34, THOREZ (CHEMIN MAURI",21.27644,55.46952,Nuit sans éclairage public,En agglomération,Hors intersection,Normale,Autre collision,,,,,,,,,,,3,2,1,1,6
201500058422,0015-10-18 23:45:00,15,10,18,23,45,974,416,"19, ENTRE DEUX (CHEMIN)",21.2967,55.44079,Plein jour,Hors agglomération,Hors intersection,Normale,Deux véhicules - frontale,,,,,,,,,,,1,1,1,1,1
201500058423,0015-10-20 12:00:00,15,10,20,12,0,974,416,MAITRE (RUE DU PERE),21.28437,55.4669,Plein jour,En agglomération,Hors intersection,Normale,Deux véhicules - côté,,,,,,,,,,,1,2,1,1,3
201500058424,0015-10-22 21:25:00,15,10,22,21,25,974,416,"90, LORION(RUE LUC)",21.33524,55.47083,Plein jour,En agglomération,Hors intersection,Normale,Autre collision,,,,,,,,,,,1,2,1,1,6
201500058425,0015-10-22 22:20:00,15,10,22,22,20,974,416,"10, BADAMIER(CHEMIN)",21.32188,55.45795,Nuit sans éclairage public,En agglomération,Hors intersection,Normale,Deux véhicules - arrière,,,,,,,,,,,3,2,1,1,2
201500058426,0015-10-24 05:45:00,15,10,24,5,45,974,416,"113, HUBERT DE LISLE(BOU",21.34085,55.4614,Nuit avec éclairage allumé,En agglomération,Hors intersection,Normale,Autre collision,,,,,,,,,,,5,2,1,1,6
201500058427,0015-10-24 22:45:00,15,10,24,22,45,974,416,"18, PASTEUR (RUE)",21.28314,55.47234,Nuit sans éclairage public,En agglomération,Hors intersection,Normale,Autre collision,,,,,,,,,,,3,2,1,1,6
201500058428,0015-10-26 07:35:00,15,10,26,7,35,974,416,RN1 (ROUTE NATIONALE),,55.27108,Plein jour,Hors agglomération,Hors intersection,Normale,Deux véhicules - arrière,,,,,,,,,,,1,1,1,1,2
201500058429,0015-10-28 21:23:00,15,10,28,21,23,974,416,"859, PICARD (CHEMIN ANTO",,55.32245,Nuit sans éclairage public,En agglomération,Hors intersection,Normale,Autre collision,,,,,,,,,,,3,2,1,1,6
201500058430,0015-10-29 10:00:00,15,10,29,10,0,974,416,"23, BABET (RUE AUGUSTE)",21.33956,55.47921,Plein jour,En agglomération,Hors intersection,Normale,Autre collision,,,,,,,,,,,1,2,1,1,6
201500058431,0015-10-29 13:20:00,15,10,29,13,20,974,416,"40, ENTRE DEUX (CHEMIN)",21.29618,55.44246,Plein jour,En agglomération,Hors intersection,Normale,Deux véhicules - côté,,,,,,,,,,,1,2,1,1,3
201500058432,0015-10-29 20:35:00,15,10,29,20,35,974,416,"45, THOREZ (CHEMIN MAURI",21.27627,55.47026,Nuit sans éclairage public,En agglomération,Hors intersection,Normale,Autre collision,,,,,,,,,,,3,2,1,1,6
201500058433,0015-10-30 05:45:00,15,10,30,5,45,974,416,"20, RINGUIN (CHEMIN)",21.32706,55.49854,Nuit sans éclairage public,En agglomération,Hors intersection,Normale,Autre collision,,,,,,,,,,,3,2,1,1,6
201500058434,0015-10-30 18:40:00,15,10,30,18,40,974,416,RN3 (3),,,Crépuscule ou aube,Hors agglomération,Hors intersection,Normale,Deux véhicules - arrière,,,,,,,,,,,2,1,1,1,2
201500058435,0015-10-31 07:50:00,15,10,31,7,50,974,416,"15, JACQUOT(ALLEE)",21.31894,55.47265,Plein jour,En agglomération,Hors intersection,Normale,Trois véhicules et plus - collisions multiples,,,,,,,,,,,1,2,1,1,5
201500058436,0015-11-01 14:30:00,15,11,1,14,30,974,416,"45 BIS, DELISLES (ROUTE",21.32005,55.55053,Plein jour,En agglomération,Hors intersection,Normale,Autre collision,,,,,,,,,,,1,2,1,1,6
201500058437,0015-11-03 08:20:00,15,11,3,8,20,974,416,RN3 (2),,,Plein jour,Hors agglomération,Hors intersection,Normale,Trois véhicules et plus - en chaîne,,,,,,,,,,,1,1,1,1,4
201500058438,0015-11-08 15:00:00,15,11,8,15,0,974,416,"CD 26, L'ENTRE DEUX(ROUT",,,Plein jour,Hors agglomération,Hors intersection,Normale,Sans collision,,,,,,,,,,,1,1,1,1,7
201500058439,0015-11-12 20:35:00,15,11,12,20,35,974,416,"10, MAURICE THOREZ(CHEMI",,,Nuit sans éclairage public,En agglomération,Hors intersection,Normale,Autre collision,,,,,,,,,,,3,2,1,1,6
201500058440,0015-11-26 14:30:00,15,11,26,14,30,974,416,"15, LEBLOND 2 (RUE MARIU",21.33864,55.47789,Plein jour,En agglomération,Hors intersection,Normale,Deux véhicules - côté,,,,,,,,,,,1,2,1,1,3
201500058441,0015-11-13 18:20:00,15,11,13,18,20,974,416,"CD 26, ENTRE DEUX (CHEMI",21.29479,55.44652,Crépuscule ou aube,Hors agglomération,Intersection en Y,Normale,Deux véhicules - côté,,,,,,,,,,,2,1,4,1,3
201500058442,0015-12-02 17:20:00,15,12,2,17,20,974,416,RN02,,55.32002,Plein jour,Hors agglomération,Hors intersection,Normale,Sans collision,,,,,,,,,,,1,1,1,1,7
201500058443,0015-12-10 11:00:00,15,12,10,11,0,974,416,"10, POUDRIERE (RUE DE LA",21.33535,55.45628,Plein jour,En agglomération,Hors intersection,Normale,Autre collision,,,,,,,,,,,1,2,1,1,6
201500058444,0015-12-12 07:20:00,15,12,12,7,20,974,416,"87, STADE DE BASSE TERRE",21.32326,55.48616,Plein jour,En agglomération,Hors intersection,Normale,Autre collision,,,,,,,,,,,1,2,1,1,6
201500058445,0015-12-11 17:35:00,15,12,11,17,35,974,416,"175 TER, ARCHAMBAUD (RUE",21.32582,55.48652,Plein jour,En agglomération,Hors intersection,Normale,Deux véhicules - côté,,,,,,,,,,,1,2,1,1,3
201500058446,0015-12-05 20:10:00,15,12,5,20,10,974,416,RN1 (ROUTE NATIONALE),,,Nuit sans éclairage public,Hors agglomération,Hors intersection,Normale,Trois véhicules et plus - en chaîne,,,,,,,,,,,3,1,1,1,4
201500058447,0015-12-10 17:40:00,15,12,10,17,40,974,416,RN3 (2),,,Plein jour,Hors agglomération,Hors intersection,Normale,Trois véhicules et plus - en chaîne,,,,,,,,,,,1,1,1,1,4
201500058448,0015-10-16 17:21:00,15,10,16,17,21,974,416,RN1,,55.26254,Plein jour,Hors agglomération,Hors intersection,Normale,Deux véhicules - arrière,,,,,,,,,,,1,1,1,1,2
201500058449,0015-12-07 07:55:00,15,12,7,7,55,974,416,"36, D28 LIGNE DES BAMBOU",21.29833,55.48925,Plein jour,En agglomération,Hors intersection,Normale,Autre collision,,,,,,,,,,,1,2,1,1,6
201500058450,0015-01-01 08:16:00,15,1,1,8,16,976,611,passamanty-Tanamalaza (r,,,Plein jour,En agglomération,Giratoire,Pluie légère,Sans collision,,,,,,,,,,,1,2,6,2,7
201500058451,0015-11-12 12:19:00,15,11,12,12,19,976,611,m'tsapere-Stade (Bouleva,,,Plein jour,En agglomération,Hors intersection,Normale,Sans collision,,,,,,,,,,,1,2,1,1,7
201500058452,0015-01-10 08:25:00,15,1,10,8,25,976,611,kaweni-Kaweni nord ( Z I,,,Plein jour,En agglomération,Hors intersection,Pluie légère,Deux véhicules - arrière,,,,,,,,,,,1,2,1,2,2
201500058453,0015-11-26 16:05:00,15,11,26,16,5,976,611,mamoudzou centre-Mairie,,,Plein jour,En agglomération,Hors intersection,Normale,Autre collision,,,,,,,,,,,1,2,1,1,6
201500058454,0015-01-30 07:07:00,15,1,30,7,7,976,611,passamanty-Vahib? ( rout,,,Plein jour,En agglomération,Intersection en T,Normale,Deux véhicules - côté,,,,,,,,,,,1,2,3,1,3
201500058455,0015-11-24 10:10:00,15,11,24,10,10,976,611,mamoudzou centre-Hopital,,,Plein jour,En agglomération,Hors intersection,Normale,Deux véhicules - arrière,,,,,,,,,,,1,2,1,1,2
201500058456,0015-01-06 23:45:00,15,1,6,23,45,976,611,kaweni-Kaweni nord ( Z I,,,Nuit sans éclairage public,Hors agglomération,Hors intersection,Normale,Sans collision,,,,,,,,,,,3,1,1,1,7
201500058457,0015-11-30 11:30:00,15,11,30,11,30,976,611,passamanty-Vahibé ( rout,,,Plein jour,En agglomération,Hors intersection,Normale,Deux véhicules - côté,,,,,,,,,,,1,2,1,1,3
201500058458,0015-01-11 17:49:00,15,1,11,17,49,976,611,doujani-Carri?re ( route,,,Crépuscule ou aube,En agglomération,Giratoire,Pluie légère,Sans collision,,,,,,,,,,,2,2,6,2,7
201500058459,0015-12-17 20:15:00,15,12,17,20,15,976,611,m'tsapere-Stade (Bouleva,,,Nuit avec éclairage allumé,En agglomération,Hors intersection,Normale,Autre collision,,,,,,,,,,,5,2,1,1,6
201500058460,0015-01-15 13:00:00,15,1,15,13,0,976,611,kaweni-Kaweni sud  (Z I),,,Plein jour,En agglomération,Hors intersection,Normale,Autre collision,,,,,,,,,,,1,2,1,1,6
201500058461,0015-12-01 13:35:00,15,12,1,13,35,976,611,m'tsapere-Said Caf (rue,,,Plein jour,En agglomération,Hors intersection,Normale,Autre collision,,,,,,,,,,,1,2,1,1,6
201500058462,0015-01-18 02:00:00,15,1,18,2,0,976,611,kaweni-Kaweni nord ( Z I,,,Nuit sans éclairage public,Hors agglomération,Hors intersection,Normale,Autre collision,,,,,,,,,,,3,1,1,1,6
201500058463,0015-01-19 09:10:00,15,1,19,9,10,976,611,kaweni-Kaweni sud  (Z I),,,Plein jour,En agglomération,Giratoire,Pluie légère,Sans collision,,,,,,,,,,,1,2,6,2,7
201500058464,0015-12-02 11:50:00,15,12,2,11,50,976,611,convalescence/vetivers-V,,,Plein jour,En agglomération,Hors intersection,Normale,Autre collision,,,,,,,,,,,1,2,1,1,6
201500058465,0015-01-20 18:31:00,15,1,20,18,31,976,610,Hauts Vallons - Majicavo,,,Crépuscule ou aube,Hors agglomération,Giratoire,Pluie légère,Sans collision,,,,,,,,,,,2,1,6,2,7
201500058466,0015-12-07 20:45:00,15,12,7,20,45,976,611,kaweni-Grande Traverse (,,,Nuit sans éclairage public,En agglomération,Hors intersection,Normale,Autre collision,,,,,,,,,,,3,2,1,1,6
201500058467,0015-01-20 21:00:00,15,1,20,21,0,976,611,m'tsapere-Nationale 2 (r,,,Nuit avec éclairage allumé,En agglomération,Hors intersection,Normale,Sans collision,,,,,,,,,,,5,2,1,1,7
201500058468,0015-12-07 07:40:00,15,12,7,7,40,976,611,doujani-Mosque de douja,,,Plein jour,En agglomération,Hors intersection,Normale,Autre collision,,,,,,,,,,,1,2,1,1,6
201500058469,0015-01-19 07:37:00,15,1,19,7,37,976,611,passamanty-Tanamalaza (r,,,Plein jour,Hors agglomération,Hors intersection,Normale,Sans collision,,,,,,,,,,,1,1,1,1,7
201500058470,0015-12-08 15:35:00,15,12,8,15,35,976,611,kaweni-SPPM ( rue de la,,,Plein jour,En agglomération,Hors intersection,Normale,Autre collision,,,,,,,,,,,1,2,1,1,6
201500058471,0015-01-22 17:09:00,15,1,22,17,9,976,611,kaweni-Kaweni nord ( Z I,,,Plein jour,En agglomération,Hors intersection,Normale,Autre collision,,,,,,,,,,,1,2,1,1,6
201500058472,0015-12-09 18:20:00,15,12,9,18,20,976,611,kaweni-Pendu (Place),,,Plein jour,En agglomération,Hors intersection,Normale,Autre collision,,,,,,,,,,,1,2,1,1,6
201500058473,0015-01-22 16:30:00,15,1,22,16,30,976,611,mgombani-Baobab ( Bd ),,,Plein jour,En agglomération,Hors intersection,Normale,Deux véhicules - arrière,,,,,,,,,,,1,2,1,1,2
201500058474,0015-11-09 17:55:00,15,11,9,17,55,976,611,kaweni-Kaweni nord ( Z I,,,Crépuscule ou aube,En agglomération,Hors intersection,Normale,Trois véhicules et plus - collisions multiples,,,,,,,,,,,2,2,1,1,5
201500058475,0015-01-23 19:28:00,15,1,23,19,28,976,611,"1, m'tsapere-Nationale 2",,,Plein jour,En agglomération,Hors intersection,Normale,Autre collision,,,,,,,,,,,1,2,1,1,6
201500058476,0015-01-24 21:38:00,15,1,24,21,38,976,611,kaweni-Kaweni nord ( Z I,,,Nuit sans éclairage public,En agglomération,Hors intersection,Normale,Sans collision,,,,,,,,,,,3,2,1,1,7
201500058477,0015-01-25 18:23:00,15,1,25,18,23,976,611,mamoudzou centre-Adrian,,,Nuit sans éclairage public,En agglomération,Hors intersection,Normale,Autre collision,,,,,,,,,,,3,2,1,1,6
201500058478,0015-01-31 16:31:00,15,1,31,16,31,976,611,passamanty-Canavibe (rue,,,Plein jour,Hors agglomération,Hors intersection,Normale,Deux véhicules - frontale,,,,,,,,,,,1,1,1,1,1
201500058479,0015-02-01 11:17:00,15,2,1,11,17,976,611,kaweni-Kaweni nord ( Z I,,,Plein jour,En agglomération,Hors intersection,Normale,Autre collision,,,,,,,,,,,1,2,1,1,6
201500058480,0015-02-03 16:30:00,15,2,3,16,30,976,611,kaweni-Europe (avenue),,,Plein jour,En agglomération,Intersection en T,Normale,Autre collision,,,,,,,,,,,1,2,3,1,6
201500058481,0015-12-20 12:15:00,15,12,20,12,15,976,611,passamanty-Tanamalaza (r,,,Plein jour,En agglomération,Hors intersection,Normale,Autre collision,,,,,,,,,,,1,2,1,1,6
201500058482,0015-02-03 08:25:00,15,2,3,8,25,976,611,passamanty-Vahib? ( rout,,,Plein jour,En agglomération,Giratoire,Normale,Sans collision,,,,,,,,,,,1,2,6,1,7
201500058483,0015-12-24 20:35:00,15,12,24,20,35,976,611,mamoudzou centre-Hopital,,,Nuit avec éclairage allumé,En agglomération,Intersection en T,Normale,Deux véhicules - côté,,,,,,,,,,,5,2,3,1,3
201500058484,0015-02-03 13:27:00,15,2,3,13,27,976,611,doujani-Mosqu?e doujani,,,Plein jour,En agglomération,Hors intersection,Normale,Autre collision,,,,,,,,,,,1,2,1,1,6
201500058485,0015-12-29 17:25:00,15,12,29,17,25,976,611,doujani-Carrire ( rue d,,,Plein jour,En agglomération,Hors intersection,Normale,Deux véhicules - arrière,,,,,,,,,,,1,2,1,1,2
201500058486,0015-02-04 15:20:00,15,2,4,15,20,976,611,m'tsapere-Nationale 2 (r,,,Plein jour,En agglomération,Hors intersection,Normale,Sans collision,,,,,,,,,,,1,2,1,1,7
201500058487,0015-02-16 20:10:00,15,2,16,20,10,976,611,kaweni-Geole ( rue de la,,,Nuit avec éclairage allumé,En agglomération,Hors intersection,Normale,Deux véhicules - frontale,,,,,,,,,,,5,2,1,1,1
201500058488,0015-12-27 22:15:00,15,12,27,22,15,976,611,kaweni-Europe (avenue),,,Nuit avec éclairage allumé,En agglomération,Hors intersection,Pluie légère,Deux véhicules - arrière,,,,,,,,,,,5,2,1,2,2
201500058489,0015-02-04 05:15:00,15,2,4,5,15,976,611,kaweni-Kaweni nord ( Z I,,,Nuit sans éclairage public,En agglomération,Hors intersection,Normale,Sans collision,,,,,,,,,,,3,2,1,1,7
201500058490,0015-02-08 23:20:00,15,2,8,23,20,976,611,mamoudzou centre-Adrian,,,Nuit sans éclairage public,En agglomération,Hors intersection,Normale,Deux véhicules - frontale,,,,,,,,,,,3,2,1,1,1
201500058491,0015-02-10 10:25:00,15,2,10,10,25,976,611,m'tsapere-Ambassadeur (r,,,Plein jour,En agglomération,Hors intersection,Normale,Autre collision,,,,,,,,,,,1,2,1,1,6
201500058492,0015-02-13 11:03:00,15,2,13,11,3,976,611,kaweni-Caserne ( rue de,,,Plein jour,En agglomération,Hors intersection,Normale,Autre collision,,,,,,,,,,,1,2,1,1,6
201500058493,0015-02-13 16:10:00,15,2,13,16,10,976,611,kaweni-Grande Traverse (,,,Plein jour,En agglomération,Hors intersection,Normale,Deux véhicules - frontale,,,,,,,,,,,1,2,1,1,1
201500058494,0015-02-14 19:09:00,15,2,14,19,9,976,611,mamoudzou centre-Adrian,,,Nuit avec éclairage allumé,En agglomération,Hors intersection,Normale,Autre collision,,,,,,,,,,,5,2,1,1,6
201500058495,0015-02-16 12:35:00,15,2,16,12,35,976,611,doujani-Mosqu?e de douja,,,Plein jour,En agglomération,Hors intersection,Normale,Deux véhicules - frontale,,,,,,,,,,,1,2,1,1,1
201500058496,0015-02-19 19:30:00,15,2,19,19,30,976,611,mamoudzou centre-Mosqu?e,,,Nuit avec éclairage allumé,En agglomération,Hors intersection,Normale,Sans collision,,,,,,,,,,,5,2,1,1,7
201500058497,0015-03-09 16:15:00,15,3,9,16,15,976,611,m'tsapere-Nationale 2 (r,,,Plein jour,En agglomération,Hors intersection,Temps couvert,Deux véhicules - côté,,,,,,,,,,,1,2,1,8,3
201500058498,0015-02-22 16:50:00,15,2,22,16,50,976,611,m'tsapere-Nationale 2 (r,,,Plein jour,En agglomération,Hors intersection,Normale,Deux véhicules - côté,,,,,,,,,,,1,2,1,1,3
201500058499,0015-02-24 14:25:00,15,2,24,14,25,976,611,m'tsapere-Nationale 2 (r,,,Plein jour,En agglomération,Hors intersection,Normale,Deux véhicules - arrière,,,,,,,,,,,1,2,1,1,2
201500058500,0015-02-28 03:46:00,15,2,28,3,46,976,611,mamoudzou centre-Adrian,,,Nuit avec éclairage allumé,En agglomération,Hors intersection,Normale,Autre collision,,,,,,,,,,,5,2,1,1,6
201500058501,0015-03-20 13:45:00,15,3,20,13,45,976,611,cavani-Cavani (route de),,,Plein jour,En agglomération,Hors intersection,Normale,Deux véhicules - côté,,,,,,,,,,,1,2,1,1,3
201500058502,0015-03-09 21:23:00,15,3,9,21,23,976,611,passamanty-Sada ( rue de,,,Nuit sans éclairage public,En agglomération,Hors intersection,Normale,Deux véhicules - arrière,,,,,,,,,,,3,2,1,1,2
201500058503,0015-03-21 23:35:00,15,3,21,23,35,976,611,mamoudzou centre-Adrian,,,Nuit avec éclairage allumé,En agglomération,Hors intersection,Normale,Deux véhicules - arrière,,,,,,,,,,,5,2,1,1,2
201500058504,0015-03-15 05:30:00,15,3,15,5,30,976,611,mamoudzou centre-Nouveau,,,Nuit avec éclairage allumé,En agglomération,Hors intersection,Normale,Sans collision,,,,,,,,,,,5,2,1,1,7
201500058505,0015-03-15 10:50:00,15,3,15,10,50,976,611,m'tsapere-Nationale 2 (r,,,Plein jour,En agglomération,Intersection en T,Normale,Deux véhicules - côté,,,,,,,,,,,1,2,3,1,3
201500058506,0015-03-16 18:30:00,15,3,16,18,30,976,611,m'tsapere-Roahandra ( ru,,,Nuit avec éclairage allumé,En agglomération,Hors intersection,Normale,Deux véhicules - frontale,,,,,,,,,,,5,2,1,1,1
201500058507,0015-03-18 07:00:00,15,3,18,7,0,976,611,kaweni-Kaweni nord ( Z I,,,Plein jour,En agglomération,Hors intersection,Normale,Sans collision,,,,,,,,,,,1,2,1,1,7
201500058508,0015-03-18 15:39:00,15,3,18,15,39,976,611,m'tsapere-Nationale 2 (r,,,Plein jour,En agglomération,Hors intersection,Normale,Deux véhicules - frontale,,,,,,,,,,,1,2,1,1,1
201500058509,0015-03-18 19:58:00,15,3,18,19,58,976,611,passamanty-Tanamalaza (r,,,Nuit avec éclairage allumé,En agglomération,Hors intersection,Normale,Autre collision,,,,,,,,,,,5,2,1,1,6
201500058510,0015-03-19 17:18:00,15,3,19,17,18,976,611,kaweni-Kaweni sud  (Z I),,,Plein jour,En agglomération,Hors intersection,Normale,Autre collision,,,,,,,,,,,1,2,1,1,6
201500058511,0015-04-02 17:30:00,15,4,2,17,30,976,611,cavani-Baobab (ront poin,,,Plein jour,En agglomération,Hors intersection,Normale,Deux véhicules - côté,,,,,,,,,,,1,2,1,1,3
201500058512,0015-03-18 17:24:00,15,3,18,17,24,976,611,passamanty-Vahib? ( rout,,,Plein jour,En agglomération,Hors intersection,Normale,Deux véhicules - frontale,,,,,,,,,,,1,2,1,1,1
201500058513,0015-03-20 09:31:00,15,3,20,9,31,976,611,kaweni-Kaweni nord ( Z I,,,Plein jour,En agglomération,Hors intersection,Normale,Sans collision,,,,,,,,,,,1,2,1,1,7
201500058514,0015-03-24 07:00:00,15,3,24,7,0,976,611,vahibe-Departementale 3,,,Plein jour,Hors agglomération,Hors intersection,Normale,Deux véhicules - côté,,,,,,,,,,,1,1,1,1,3
201500058515,0015-02-16 17:27:00,15,2,16,17,27,976,611,m'tsapere-Nationale 2 (r,,,Plein jour,En agglomération,Hors intersection,Normale,Sans collision,,,,,,,,,,,1,2,1,1,7
201500058516,0015-03-26 09:14:00,15,3,26,9,14,976,610,Hauts Vallons - Majicavo,,,Plein jour,En agglomération,Hors intersection,Normale,Sans collision,,,,,,,,,,,1,2,1,1,7
201500058517,0015-03-27 13:11:00,15,3,27,13,11,976,611,tsoundzou-Kadjifouni ( r,,,Plein jour,En agglomération,Hors intersection,Normale,Autre collision,,,,,,,,,,,1,2,1,1,6
201500058518,0015-03-29 19:10:00,15,3,29,19,10,976,611,passamanty-Vahib? ( rout,,,Nuit avec éclairage allumé,Hors agglomération,Giratoire,Normale,Deux véhicules - arrière,,,,,,,,,,,5,1,6,1,2
201500058519,0015-04-07 14:23:00,15,4,7,14,23,976,611,m'tsapere-Nationale 2 (r,,,Plein jour,En agglomération,Giratoire,Normale,Autre collision,,,,,,,,,,,1,2,6,1,6
201500058520,0015-03-19 07:05:00,15,3,19,7,5,976,611,m'tsapere-Stade (Bouleva,,,Plein jour,Hors agglomération,Hors intersection,Normale,Deux véhicules - côté,,,,,,,,,,,1,1,1,1,3
201500058521,0015-03-27 11:40:00,15,3,27,11,40,976,611,kaweni-Geole ( rue de la,,,Plein jour,En agglomération,Intersection en T,Normale,Deux véhicules - arrière,,,,,,,,,,,1,2,3,1,2
201500058522,0015-04-30 12:15:00,15,4,30,12,15,976,611,passamanty-Dzia Lalbara,,,Plein jour,En agglomération,Hors intersection,Normale,Deux véhicules - côté,,,,,,,,,,,1,2,1,1,3